candidate_id,window_id,subject_id,activity_id,activity_name,value_0,value_1,value_2,value_3,value_4,value_5,value_6,value_7,value_8,value_9,value_10,value_11,value_12,value_13,value_14,value_15,value_16,value_17,value_18,value_19,value_20,value_21,value_22,value_23,value_24,value_25,value_26,value_27,value_28,value_29,value_30,value_31,value_32,value_33,value_34,value_35,value_36,value_37,value_38,value_39,value_40,value_41,value_42,value_43,value_44,value_45,value_46,value_47,value_48,value_49,value_50,value_51,value_52,value_53,value_54,value_55,value_56,value_57,value_58,value_59,value_60,value_61,value_62,value_63,value_64,value_65,value_66,value_67,value_68,value_69,value_70,value_71,value_72,value_73,value_74,value_75,value_76,value_77,value_78,value_79,value_80,value_81,value_82,value_83,value_84,value_85,value_86,value_87,value_88,value_89,value_90,value_91,value_92,value_93,value_94,value_95,value_96,value_97,value_98,value_99,value_100,value_101,value_102,value_103,value_104,value_105,value_106,value_107
0,5060,108,2,sitting,-0.0037,1.3068,-0.0104,0.0227,-0.0103,-0.0217,-0.0243,-0.9305,0.0547,-0.0552,0.4135,0.0712,0.064,0.9899,0.0004,0.0001,-0.0146,0.0067,0.0217,0.0135,-0.0038,0.0041,-0.0025,-0.0109,0.02,0.0009,0.0329,0.0062,-0.0155,0.0231,-0.0033,0.037,0.0142,0.0056,-0.0161,-0.0039,0.0505,3.7843,-0.0002,0.0186,0.001,0.0854,-0.0064,0.0058,-0.4859,0.0069,0.0051,-0.0057,0.008,2.9786,-0.0091,-0.101,0.0092,0.0093,-0.0165,-0.0222,0.0237,-0.0276,0.0221,0.0176,0.0077,0.0183,0.0189,0.0282,-0.2165,-0.0175,0.0349,0.0181,0.0073,0.0571,-0.1303,-0.0278,-0.0185,-0.6602,-0.0097,0.2484,0.0052,0.0321,0.0226,1.759,-0.0196,-0.0332,0.0087,0.0588,0.0204,-1.5595,-0.0094,0.0142,0.0203,0.0302,-0.0033,-0.0063,0.0033,0.0136,-0.0207,-0.0121,0.0228,0.0194,-0.0164,-0.0201,0.0014,,,,,,,
1,5061,108,2,sitting,-0.0038,1.5948,-0.0109,0.0219,-0.0207,0.0008,-0.0315,-1.2397,0.0739,-0.0645,0.588,0.055,-0.0435,0.2976,-0.0203,0.0044,0.0157,-0.0155,0.0232,0.0073,-0.0036,-0.0134,-0.0126,-0.0132,0.0154,0.0028,0.0289,0.0168,-0.0172,0.0265,-0.0049,0.036,0.0082,0.0062,-0.0163,0.0051,0.0509,3.0889,0.0053,0.0206,0.0194,0.0262,-0.0077,-0.0056,0.5757,0.0064,-0.0075,0.0096,0.0001,0.7085,-0.0091,0.0231,0.009,0.0192,0.0098,0.0088,0.0184,-0.0079,-0.0181,0.0267,0.0093,0.0174,0.0229,0.0195,-0.1865,-0.0259,0.0069,0.0171,0.0199,0.0256,-0.1187,-0.0323,-0.0044,-0.3015,0.0068,0.1178,-0.0105,0.0221,0.0252,-0.6786,-0.0247,-0.0183,-0.0043,0.0185,0.0055,-1.5568,0.0122,0.0242,0.0091,0.0291,-0.0064,0.0064,-0.0032,0.0233,-0.0246,-0.0132,0.0185,0.0245,-0.0189,-0.0174,-0.0039,,,,,,,
2,5062,108,2,sitting,0.0067,1.3285,-0.0117,0.034,-0.0169,0.0008,-0.0219,-0.9278,0.0559,-0.0466,0.4155,0.0579,-0.0056,0.966,-0.0051,-0.0063,-0.0085,0.0152,0.0173,0.013,-0.0041,-0.0038,0.0023,-0.0091,0.0135,0.0034,0.0276,0.0036,-0.0161,0.0284,-0.0002,0.035,0.001,0.0001,-0.0148,0.0,0.0749,0.6543,-0.0145,0.02,-0.0944,0.0846,-0.0092,-0.0064,0.5468,-0.0058,-0.0086,0.0081,0.0188,0.9099,-0.0087,0.0695,0.0194,0.0207,-0.01,-0.0074,0.0093,0.0097,-0.1302,0.0177,-0.0072,0.0182,0.0221,0.0071,-0.19,-0.0584,0.0508,0.0247,0.0226,0.0807,-0.1198,-0.0332,-0.0089,-0.7598,0.008,0.3016,-0.0105,0.0305,0.0229,-0.6788,-0.0242,-0.0183,-0.0053,0.0182,0.0044,-1.5542,0.0053,0.0073,0.0077,0.0236,-0.0039,-0.0053,-0.0038,0.0107,-0.0152,-0.0093,0.008,0.0187,-0.0191,-0.0132,0.0051,,,,,,,
3,5063,108,2,sitting,-0.0049,1.3686,-0.0104,0.0328,-0.0113,0.0058,-0.025,-0.9404,0.0559,-0.0554,0.4576,0.0472,0.0734,0.3788,-0.0047,-0.0004,-0.0142,0.0121,0.0204,0.0108,0.0002,-0.0032,-0.0023,-0.007,0.0229,0.004,0.0329,-0.0046,-0.0133,0.0265,-0.0001,0.0295,0.0082,0.0066,-0.0148,0.0038,0.0236,0.3971,0.0161,-0.016,-0.0093,-0.0084,-0.0106,0.0053,0.5664,0.0052,0.0079,-0.0051,0.001,0.8569,0.009,-0.0981,-0.0157,0.0096,-0.0055,0.018,0.0065,0.0174,-0.0083,0.0072,0.0098,0.0232,0.0247,0.0189,-0.2309,-0.0097,0.0268,0.0175,0.0256,0.0177,-0.1105,-0.0207,-0.0078,-0.2487,0.0091,0.0955,-0.01,0.0195,0.0094,0.7753,-0.0201,-0.0301,-0.0099,0.0205,0.0113,-0.9452,0.0086,0.0063,0.0095,0.0235,-0.0053,-0.0092,-0.0063,0.0122,-0.0162,-0.0129,0.0152,0.0228,-0.0226,-0.0136,0.0035,,,,,,,
4,5064,108,2,sitting,-0.0049,1.365,-0.0107,0.0375,-0.0224,0.0058,-0.0412,-0.9607,0.0569,-0.0553,0.4319,0.0616,0.0921,0.3981,-0.0005,0.0023,0.0096,-0.0154,0.0193,0.0134,0.0025,-0.0044,0.0057,-0.0133,0.0067,-0.0052,0.0276,-0.0035,-0.0108,0.0138,-0.0002,0.029,0.0077,0.001,-0.014,-0.0001,-0.0504,1.8863,-0.0226,-0.0146,-0.0089,-0.0156,-0.0148,-0.0047,0.5598,0.0051,-0.0062,0.007,-0.0059,0.9984,0.0172,0.1018,0.0085,0.0091,0.016,0.0065,0.0083,-0.0078,0.0179,-0.0332,-0.0087,0.0223,0.0247,0.0345,-0.2308,-0.0195,0.0349,0.0082,0.0176,0.018,-0.1307,-0.0222,-0.0019,-0.5454,0.0052,0.2092,-0.0086,0.0267,0.0097,1.509,-0.0209,-0.0285,0.0052,0.0594,-0.0116,-0.9558,-0.0101,0.0085,0.0233,0.0252,-0.0031,-0.0043,0.0051,0.0248,-0.0245,-0.0136,0.0095,0.0268,-0.0185,-0.0168,-0.0,,,,,,,
5,5065,108,2,sitting,-0.0049,1.5836,-0.0119,0.0322,-0.0152,-0.0069,-0.021,-0.9411,0.0413,-0.057,0.4194,0.0371,0.0007,0.8977,-0.0132,0.0055,-0.0146,0.0147,0.0232,0.0063,0.0024,-0.0035,0.0031,-0.0072,0.0242,0.0027,0.0291,0.0039,-0.0137,0.0292,0.0002,0.0294,0.0081,0.001,-0.0141,0.0042,-0.0738,0.7978,-0.0956,0.0675,-0.0845,0.0406,-0.0144,0.0051,0.536,-0.0071,-0.0148,-0.0159,-0.0503,0.7664,0.0223,0.2259,0.0184,0.0462,0.0099,0.0208,-0.0262,-0.0001,-0.101,-0.1005,0.0278,0.009,0.0193,0.0305,-0.2205,-0.0307,0.1104,-0.0882,0.039,-0.1307,-0.1196,-0.0473,-0.0096,-0.4503,0.0087,0.1888,-0.0095,0.0228,0.0204,-0.6786,-0.0235,-0.0084,-0.0108,0.0078,0.0092,-1.5591,-0.0107,0.0198,-0.0043,0.02,-0.0038,-0.0052,-0.0101,0.0152,-0.0197,-0.0089,0.0187,0.0194,-0.0245,-0.0181,0.0,,,,,,,
6,5066,108,2,sitting,-0.0104,1.3379,-0.0037,0.0319,-0.0206,-0.0105,-0.0155,-0.9355,0.0431,-0.0443,0.4413,0.0085,0.023,1.3664,-0.0007,0.0046,-0.0188,0.0067,0.0183,0.0094,0.0021,0.0059,-0.0039,-0.0072,0.0151,0.0047,0.0285,0.0035,-0.0108,0.0282,-0.0002,0.0287,0.0091,0.0001,-0.014,0.0043,0.0793,0.4958,0.0092,0.0054,-0.0697,0.0942,-0.0063,0.0045,0.537,0.0065,-0.0074,-0.0084,0.01,0.8774,-0.0186,0.119,-0.0201,0.001,0.0,-0.0087,0.0268,-0.0258,0.0502,-0.0182,0.0265,0.0176,0.0189,0.0177,-0.2164,-0.0276,0.0373,0.0169,0.0222,0.068,-0.1102,-0.0081,-0.0103,-0.4502,0.0075,0.179,-0.0199,0.0228,0.0202,-0.6795,-0.0243,-0.0198,-0.0038,0.0092,0.0054,-1.5596,0.0103,0.0168,-0.0223,0.0194,-0.0037,-0.0038,-0.0032,0.0182,-0.0248,-0.0142,0.0185,0.0208,-0.0178,-0.0141,0.0019,,,,,,,
7,5067,108,2,sitting,-0.0113,1.2845,0.0048,0.0434,-0.0154,0.0073,-0.0211,-1.2707,0.065,-0.0556,0.6075,0.0879,0.0009,0.1541,0.0103,0.001,-0.0147,0.0131,0.0136,0.0125,-0.0022,-0.0044,-0.0046,-0.0059,0.0143,-0.003,0.0329,-0.0035,-0.0151,0.0223,-0.0,0.0309,0.0089,0.0052,-0.0163,0.004,-0.0181,3.5886,-0.0066,0.0165,0.0149,-0.0088,-0.0155,0.0007,4.5795,0.0064,0.008,-0.0092,0.0228,2.0953,-0.0232,-0.0582,-0.0198,0.0185,-0.0262,0.0076,0.0184,-0.0074,-0.0506,0.039,-0.0001,0.0201,0.0172,0.0253,-0.2308,-0.0197,0.0278,0.0087,0.0194,0.0171,-0.1018,-0.0204,-0.0053,-0.2993,0.0078,0.1183,-0.0091,0.0196,0.0203,0.7669,-0.0233,-0.019,-0.0002,0.0206,-0.0066,-0.9986,0.0052,0.0194,0.0157,0.0202,-0.0036,-0.0056,0.0031,0.0168,-0.0183,-0.0091,0.0193,0.0192,-0.0189,-0.0141,-0.0036,,,,,,,
8,5068,108,2,sitting,-0.0017,1.5837,-0.0105,0.0293,-0.0112,0.0008,-0.022,-0.9795,0.0554,-0.0463,0.4364,0.0484,0.0072,0.9944,-0.0109,-0.0033,-0.006,0.007,0.0328,0.0155,0.0051,0.0056,-0.0029,-0.0089,0.0142,-0.0036,0.0291,-0.003,-0.0146,0.0295,-0.001,0.0345,0.0084,0.0035,-0.0141,-0.0002,0.0507,0.6948,-0.0247,0.0181,-0.0857,0.0695,-0.015,0.0067,0.4959,0.0047,0.0062,0.0076,-0.0177,1.5758,-0.0107,0.0585,0.0094,0.0093,0.0174,-0.0082,0.0078,0.0161,0.01,0.0465,0.0001,0.0192,0.0175,0.0302,-0.2241,-0.0282,0.1012,0.0171,0.0253,0.0406,-0.1004,-0.0303,-0.0088,-0.5478,0.009,0.2287,-0.0091,0.0248,0.0201,1.508,-0.0222,-0.0223,0.0098,0.0586,0.0153,-0.9719,0.0096,0.0208,0.0191,0.0207,0.0013,-0.011,-0.0031,0.0157,-0.0214,-0.0136,0.0256,0.0268,-0.0221,-0.0164,-0.0106,,,,,,,
9,5069,108,2,sitting,-0.0046,1.5862,-0.0109,0.0327,-0.0118,0.0067,-0.0435,-0.9307,0.0637,-0.0578,0.4538,0.0741,0.0872,0.8928,-0.0005,0.0001,-0.023,0.0229,0.0221,0.02,-0.0002,-0.0052,-0.0142,-0.0139,0.0235,-0.0006,0.0268,0.0136,-0.0144,0.0237,-0.0056,0.0295,0.0063,0.0061,-0.0157,0.0049,0.0503,0.5466,0.006,0.0241,-0.0074,-0.0195,-0.0148,-0.0075,0.537,-0.008,-0.0055,-0.0191,-0.0247,1.5068,-0.0245,0.0979,-0.01,0.0226,0.0276,-0.0176,0.0177,0.0259,0.001,-0.1308,-0.0097,0.0242,0.0285,0.0584,-0.1888,-0.0207,0.0262,0.0232,0.0332,0.0182,-0.1106,-0.0204,-0.0073,-0.4898,0.0099,0.1887,-0.0081,0.0223,0.0206,0.1294,-0.0209,-0.019,-0.0093,0.0239,-0.0085,-0.4296,0.0092,0.0203,0.0196,0.0208,-0.0102,0.0051,-0.0106,0.0143,-0.0201,-0.0084,0.0159,0.0083,-0.0248,-0.0194,0.0103,,,,,,,
10,5070,108,2,sitting,-0.0048,1.2988,-0.0113,0.0375,-0.0154,0.0009,-0.0438,-1.0737,0.0699,-0.0553,0.4505,0.0493,-0.0842,0.1736,-0.0146,0.001,-0.025,0.0002,0.0205,0.0158,-0.0044,0.0122,0.0049,-0.0226,0.0237,-0.0039,0.0284,0.0043,-0.0157,0.0248,-0.0041,0.0303,0.0135,0.0051,-0.0159,0.004,0.0001,4.4567,-0.0091,0.0207,-0.0332,-0.0222,-0.0173,-0.0068,0.5589,-0.0062,-0.008,0.0081,-0.0066,0.7985,-0.0087,0.0976,-0.0178,0.0169,-0.0238,0.0227,0.0164,-0.0065,0.0357,-0.0505,-0.0086,0.0204,0.0243,0.0292,-0.1774,-0.0193,0.0379,0.0095,0.0233,0.0308,-0.1197,-0.0196,-0.0077,-0.5491,0.0083,0.2084,-0.0088,0.0247,0.0085,1.5098,-0.0201,-0.0298,0.0097,0.0592,0.0194,-0.9607,-0.0101,0.019,0.0081,0.0295,-0.0037,-0.0042,-0.0031,0.0149,-0.0232,-0.0059,0.0186,0.0168,-0.0253,-0.0093,0.0,,,,,,,
11,5071,108,2,sitting,-0.0048,1.3736,-0.0103,0.0236,-0.0233,-0.0052,-0.0415,-0.9795,0.0577,-0.0787,0.4405,0.0508,0.0195,0.4796,-0.0132,-0.0063,-0.0169,0.0219,0.0186,0.0164,-0.0027,0.003,-0.0038,-0.0108,0.008,0.006,0.0278,0.0046,-0.0149,0.0179,-0.0003,0.031,0.0091,0.001,-0.0142,0.0002,0.0645,0.6774,-0.0058,0.02,0.0189,-0.0001,-0.0162,-0.0066,0.5768,0.0051,-0.0065,-0.009,0.0203,1.5983,-0.0201,-0.0981,-0.0161,0.0094,0.0193,0.0076,-0.0175,0.0085,-0.0073,-0.119,-0.0098,0.0178,0.0206,0.007,-0.192,-0.0229,0.0221,0.0072,0.0327,0.0317,-0.1306,-0.0231,-0.0099,-0.7504,0.0068,0.3009,-0.0088,0.0357,0.0245,1.5082,-0.0227,-0.0341,0.0097,0.0584,0.0052,-0.9642,-0.0092,0.0104,-0.0122,0.0156,-0.0044,-0.0067,-0.0049,0.0228,-0.0204,-0.0092,0.0195,0.0149,-0.0237,-0.0159,-0.0,,,,,,,
12,5072,108,2,sitting,-0.0132,1.3223,-0.0073,0.0326,-0.0208,-0.0214,-0.0164,-0.9607,0.0577,-0.0417,0.4325,0.0508,-0.0931,0.377,-0.0001,0.0158,-0.0082,0.0009,0.0233,0.0134,-0.006,-0.0046,0.0035,-0.0207,0.0157,0.004,0.0308,0.0069,-0.0078,0.0196,0.0055,0.0302,0.0071,0.0063,-0.0108,0.0036,0.065,3.889,-0.0142,0.0002,0.0745,-0.0098,-0.0154,-0.0066,0.5375,-0.0051,-0.0076,-0.0059,0.01,0.8086,-0.02,-0.1109,0.0095,0.0084,0.0067,0.0179,-0.0247,0.0091,-0.0336,-0.0809,-0.0203,0.0228,0.0399,0.0181,-0.2293,-0.0192,0.0373,0.001,0.0221,0.0189,-0.1019,-0.0229,-0.0051,-0.2494,0.0083,0.0985,-0.0103,0.0231,0.0097,0.7757,-0.0205,-0.0191,-0.0063,0.0187,0.0086,-0.4297,-0.006,0.0243,0.0146,0.0245,-0.0038,0.0038,-0.0043,0.0106,-0.0194,-0.0142,0.0179,0.0244,-0.0256,-0.0059,-0.0046,,,,,,,
13,5073,108,2,sitting,-0.0035,1.5941,-0.0105,0.0236,-0.0113,-0.0117,-0.0212,-1.2657,0.0788,-0.0695,0.5067,0.0434,-0.0323,0.4085,-0.0116,-0.0007,-0.0082,0.0056,0.0206,0.0084,-0.0051,0.0043,0.0025,-0.0064,0.0136,0.0045,0.0309,0.0038,-0.0142,0.0131,-0.0001,0.0313,0.01,0.0002,-0.0147,0.0061,0.0852,3.4472,-0.0502,-0.0953,-0.1196,0.0083,-0.0098,-0.0055,0.5466,0.0049,-0.001,0.0074,0.0399,0.9465,0.0097,-0.2208,0.02,-0.0069,-0.0058,-0.0201,0.0468,0.0204,-0.0803,0.1005,-0.1017,0.0231,0.0303,0.0975,-0.1503,-0.1304,0.1121,0.0579,-0.0176,0.1104,-0.1778,-0.0383,-0.0093,-0.2502,0.0087,0.098,-0.0091,0.0189,0.0247,-0.3108,-0.0242,-0.0086,-0.0092,0.0096,0.0094,-1.559,-0.0059,0.0188,-0.0207,0.0087,-0.0051,-0.0059,-0.0052,0.0151,-0.0226,-0.0164,0.0186,0.0188,-0.0178,-0.0222,,,,,,,,
14,5074,108,2,sitting,0.0022,1.5847,-0.011,0.0412,-0.0156,0.0007,-0.023,-0.9077,0.0554,-0.0466,0.4359,0.0395,0.0325,0.8823,0.0055,-0.0131,-0.0142,0.0094,0.0177,0.0129,-0.0046,-0.0026,-0.0024,-0.0132,0.0141,-0.0038,0.0271,0.0037,-0.0149,0.0169,-0.001,0.029,0.01,0.0002,-0.0108,0.0039,0.0209,0.7943,0.0092,0.0059,-0.0095,-0.0093,-0.0106,-0.0052,0.5364,0.0061,0.0073,-0.0091,-0.0185,0.7578,-0.0086,0.0302,-0.0072,0.0067,0.019,-0.0081,0.0157,-0.0182,0.02,0.0309,-0.0176,0.0197,0.0284,0.0294,-0.1909,-0.0204,0.0196,0.0087,0.0189,0.038,-0.1583,-0.0228,-0.0084,-0.4899,0.0063,0.1898,-0.0067,0.0278,0.0201,-0.6791,-0.0223,-0.0195,-0.0051,0.0084,-0.0069,-1.5552,0.0089,0.0093,0.0188,0.0291,-0.0053,-0.0046,-0.0046,0.0157,-0.0221,-0.009,0.0185,0.0191,-0.0242,-0.0188,-0.0,,,,,,,
15,5075,108,2,sitting,-0.0043,1.5898,-0.0104,0.0314,-0.028,0.0051,-0.0222,-0.8471,0.0582,-0.0557,0.3937,0.0619,0.0504,0.9726,-0.0009,-0.0001,0.0077,0.0141,0.0195,0.013,-0.0022,0.0047,0.0033,-0.0124,0.0164,0.0044,0.0283,0.0029,-0.0131,0.0288,-0.001,0.0292,0.0071,0.01,-0.0107,0.0002,-0.0067,3.6856,-0.006,0.0155,-0.0159,-0.0223,-0.0108,0.0007,0.4881,0.0049,0.0062,-0.0052,0.0179,0.9665,-0.0089,0.0973,0.0085,0.0186,0.0174,0.0088,0.019,-0.0191,-0.0206,-0.0063,-0.0169,0.0184,0.0229,0.0259,-0.192,-0.0205,0.0253,0.0092,0.0242,0.0308,-0.1599,-0.0247,-0.0054,-0.5481,0.0093,0.2175,-0.0094,0.0347,0.0232,-0.6783,-0.0233,-0.02,-0.0046,0.0183,0.0187,-1.5535,0.0116,0.0168,0.0082,0.0265,-0.0053,-0.0105,-0.0038,0.0146,-0.0248,-0.0091,0.0092,0.0231,-0.0193,-0.0155,-0.0034,,,,,,,
16,5076,108,2,sitting,0.0007,1.3549,-0.0103,0.0257,-0.0111,-0.0046,-0.0256,-0.9305,0.0582,-0.0584,0.4439,0.0431,0.0225,0.3372,-0.0087,0.0038,-0.0188,0.006,0.0183,0.0123,-0.0051,0.0056,-0.0042,-0.0065,0.0162,-0.0034,0.0285,-0.0064,-0.013,0.0157,0.001,0.031,0.01,0.0002,-0.0155,0.0061,-0.0059,0.7085,0.0069,0.0078,-0.0001,0.0181,-0.0108,0.0068,0.585,0.0047,-0.0063,0.008,-0.02,0.7767,-0.0094,-0.0797,-0.0196,0.0089,-0.019,0.0095,0.0175,-0.0233,-0.0699,-0.0973,-0.0093,0.0191,0.0303,0.0507,-0.2162,-0.0247,0.0586,0.0171,0.0079,0.0206,-0.1015,-0.0237,-0.0067,-0.4592,0.0051,0.1898,-0.0091,0.0207,0.0204,-0.6781,-0.0228,-0.0086,-0.0047,0.0188,0.0067,-1.0573,0.0115,0.0208,-0.0132,0.0252,-0.0038,-0.0052,0.0038,0.0181,-0.0153,-0.009,0.0191,0.0097,-0.0226,-0.0148,-0.0,,,,,,,
17,5077,108,2,sitting,-0.0044,1.3277,-0.0102,0.0308,-0.0158,0.0009,-0.0416,-0.7943,0.0549,-0.0615,0.4076,0.0447,-0.0734,0.0929,-0.0046,-0.0038,-0.0375,0.0093,0.016,0.0097,-0.0051,-0.0122,-0.0031,-0.0108,0.0228,-0.0037,0.0293,-0.0155,-0.0132,0.0195,0.0039,0.0294,0.0084,0.0041,-0.0153,0.0057,-0.0509,0.6785,-0.0202,0.0189,0.0001,0.0147,-0.0152,-0.0068,0.4859,0.007,-0.0078,-0.0091,0.0064,1.5074,-0.0206,0.1108,-0.009,0.0169,0.0205,0.0081,-0.0087,-0.0237,-0.0408,-0.1012,0.0082,0.0171,0.0222,0.0303,-0.2126,-0.0173,0.048,0.0086,0.0231,0.0499,-0.2202,-0.02,-0.0083,-0.2498,0.0088,0.0946,-0.0081,0.0194,0.0191,0.1292,-0.0207,-0.0233,-0.001,0.0229,0.0056,-0.4992,0.0112,0.0054,0.0082,0.0203,-0.0041,-0.0043,-0.0031,0.0106,-0.0221,-0.0196,0.0232,0.0141,-0.0236,-0.0063,0.0,,,,,,,
18,5078,108,2,sitting,-0.0049,0.9659,-0.0042,0.0152,-0.0134,0.0041,0.0211,0.5598,-0.0313,-0.0174,-0.2443,-0.0516,0.0008,1.4568,-0.0158,0.0057,-0.0092,0.0188,0.0207,0.0093,-0.004,0.0025,-0.0044,-0.0107,0.0095,-0.0026,0.0303,-0.0039,-0.0132,0.0223,-0.0002,0.0309,0.0071,0.0,-0.0138,0.0048,0.0908,3.0475,0.065,0.0096,0.1018,0.0082,-0.0154,0.0073,-0.538,0.0072,0.0051,0.0065,0.0502,2.0373,0.0248,0.1108,0.0086,-0.0561,-0.0169,0.0221,0.0278,0.0394,-0.1304,-0.1005,0.0089,0.0177,0.0164,0.0295,-0.2302,-0.0585,0.0567,0.0776,0.0265,0.0191,-0.1183,-0.0209,-0.01,-0.3005,0.0099,0.1294,-0.0101,0.0227,0.0184,0.129,-0.0273,-0.0229,0.0064,0.0246,0.0187,-0.4502,0.0097,0.0064,0.0051,0.0253,-0.0064,-0.0047,-0.0116,0.0206,-0.0141,-0.0102,0.0164,0.0083,-0.0228,-0.0242,0.0102,,,,,,,
19,5079,108,2,sitting,-0.0051,1.354,-0.0112,0.0229,-0.0119,-0.0067,-0.0314,-0.8981,0.0553,-0.0463,0.4549,0.0476,0.0639,0.3897,0.0008,0.022,0.0092,0.0201,0.0327,0.0207,-0.0041,-0.0024,-0.0066,-0.0056,0.0232,-0.0009,0.0273,0.0036,-0.0152,0.0235,-0.0059,0.0296,0.009,0.0047,-0.0144,0.005,0.0794,3.5584,0.0843,0.0968,0.001,0.0093,-0.0171,0.0064,-0.5746,0.0075,0.0083,0.0087,-0.01,2.5757,0.02,-0.0804,0.0505,-0.0091,0.0174,-0.0073,0.0262,-0.0238,-0.0195,-0.0385,0.0089,0.0172,0.0223,0.0292,-0.2164,-0.0208,0.0578,0.0239,0.0268,0.0309,-0.1577,-0.0253,-0.008,-0.2488,0.0081,0.0976,-0.0105,0.0199,0.0196,0.1282,-0.0224,-0.0285,0.0001,0.0376,0.0247,-0.9689,0.0112,0.0158,-0.0136,0.0202,-0.0032,0.0038,-0.0036,0.0205,-0.0237,-0.0138,0.0089,0.0252,-0.0173,-0.0089,0.0017,,,,,,,
20,5080,108,2,sitting,-0.0044,0.7941,-0.0106,0.0213,-0.0146,0.0002,-0.0232,0.2496,-0.0273,-0.0093,-0.1165,-0.0345,0.0521,1.3067,-0.0004,0.0001,-0.0434,0.0788,0.0908,0.001,0.0506,0.0279,-0.0529,-0.0042,0.0203,-0.015,0.0284,-0.0203,-0.0239,0.0253,0.0056,0.0375,0.0137,0.0049,-0.0163,0.0051,0.1109,3.5582,-0.0247,0.0189,-0.1009,0.0803,-0.01,-0.0059,-0.4748,-0.0053,0.0073,0.0069,-0.0208,2.1194,0.0195,-0.0278,-0.02,0.037,-0.0265,0.0223,-0.0185,0.0068,-0.0084,-0.1504,-0.0192,0.0204,0.0197,0.0305,-0.1899,-0.0285,0.1014,0.0202,0.0203,0.0405,-0.1794,-0.0477,-0.0074,-0.7505,0.0087,0.3009,-0.0103,0.0207,0.0251,-0.6798,-0.0257,-0.0191,-0.0054,0.0292,-0.0186,-1.059,-0.0049,0.0056,0.0221,0.0157,-0.0031,0.0013,-0.0052,0.0169,-0.0259,-0.0188,0.0147,0.0158,-0.0084,-0.0073,0.0,,,,,,,
21,5081,108,2,sitting,0.0067,1.3675,-0.0104,0.0327,-0.0111,0.0063,-0.0515,-1.2547,0.063,-0.0774,0.5742,0.0922,0.1389,-0.3721,-0.023,-0.0053,-0.0158,0.0004,0.0328,0.0154,-0.0043,-0.0045,0.0023,-0.0146,0.02,-0.006,0.0271,0.0065,-0.0168,0.0256,-0.0034,0.0287,0.0088,0.0001,-0.0151,0.0052,0.0871,4.4478,0.0141,0.0084,-0.1006,-0.01,-0.0161,0.0002,0.4948,0.0056,0.0091,0.0169,-0.0506,0.8599,-0.0083,0.1122,0.0195,-0.0804,0.1017,0.0307,-0.0894,-0.0587,-0.1102,0.1198,0.0066,0.0192,0.0291,0.0373,-0.2257,-0.0262,0.1309,0.0179,0.0302,-0.0202,-0.1509,-0.0485,-0.0076,-0.5335,0.0077,0.2297,-0.0098,0.0223,0.0096,1.5082,-0.019,-0.0351,0.0063,0.0553,0.0086,-0.4292,0.0059,0.0193,0.0081,0.0189,-0.0035,0.0018,0.0013,0.0203,-0.0221,-0.0205,0.0207,0.0228,-0.0208,-0.0168,0.0012,,,,,,,
22,5082,108,2,sitting,0.0047,1.5945,-0.0102,0.0344,-0.0162,0.0008,-0.0434,-1.2653,0.0858,-0.0774,0.5567,0.0632,0.0546,0.984,0.0043,0.0142,-0.0096,-0.008,0.0131,0.0204,0.0122,-0.0024,0.0036,-0.0064,0.0084,0.0057,0.0273,-0.0135,-0.0207,0.0232,-0.0002,0.0303,0.0148,0.0068,-0.015,-0.0041,-0.0961,3.8869,-0.0504,-0.0056,-0.1017,-0.1004,-0.0193,0.0001,0.4979,0.001,0.0073,-0.0072,-0.1192,0.6597,0.0201,-0.0223,0.0205,0.02,-0.1303,0.0202,0.0878,-0.1129,0.0332,0.0384,-0.0589,0.0063,0.0305,0.0455,-0.2202,-0.0809,-0.039,0.0095,-0.0087,-0.0751,-0.1108,-0.0383,-0.019,-0.2994,0.0092,0.1186,-0.0101,0.0271,0.0191,0.7754,-0.0229,-0.0189,-0.0085,0.0239,0.0199,-0.9692,0.0031,-0.0103,0.0052,0.0265,-0.0054,-0.0052,-0.0031,0.0256,-0.0149,-0.0168,0.0093,0.0257,-0.0262,-0.0049,0.0,,,,,,,
23,5083,108,2,sitting,-0.0018,1.3645,-0.0119,0.0364,-0.0153,0.0042,-0.0233,-0.9076,0.0584,-0.0415,0.4392,0.0568,-0.0825,0.8937,0.0109,-0.0022,-0.026,-0.0066,0.0006,0.013,0.0027,0.0056,0.014,-0.0159,0.0087,0.0039,0.0278,0.0052,-0.0092,0.0149,-0.0002,0.0308,0.0063,0.0001,-0.0158,0.0047,-0.0696,0.3885,0.0228,0.0179,-0.1004,0.0173,-0.01,-0.015,0.489,-0.0062,-0.0054,-0.0057,0.0082,0.887,-0.0178,0.0505,-0.0086,0.0095,-0.0169,0.0204,-0.0206,-0.0091,0.0206,-0.0076,0.0097,0.0193,0.0223,0.0292,-0.2143,-0.0221,0.1012,0.0203,0.048,0.0572,-0.1304,-0.0475,-0.0106,-0.3235,0.0099,0.1394,-0.0101,0.0252,0.0202,-0.6781,-0.0243,-0.009,-0.0051,0.0198,0.0154,-1.5546,0.0112,0.0157,0.0265,0.0302,-0.0059,-0.0039,-0.0066,0.0231,-0.0236,-0.0248,0.0154,0.0179,-0.0192,-0.0092,0.0,,,,,,,
24,5084,108,2,sitting,-0.0043,1.5861,-0.0105,0.0328,-0.0107,-0.0068,-0.0233,-0.8818,0.0547,-0.0552,0.4371,0.0467,0.0213,0.9962,-0.0005,0.0056,-0.0227,0.0121,0.0208,0.0096,-0.0025,0.0031,-0.0037,-0.0044,0.0089,0.0036,0.0289,0.0053,-0.0097,0.0229,-0.0002,0.0315,0.001,0.01,-0.0155,0.0057,-0.0879,3.3974,-0.0664,0.0945,0.1308,0.0803,-0.0169,0.0048,0.5475,0.005,0.0066,-0.0172,0.0001,0.8536,0.0201,-0.1105,0.0204,0.0083,0.0373,0.0092,-0.0309,-0.008,0.0362,0.1198,-0.0248,0.017,0.0303,0.0506,-0.2086,-0.036,0.1129,0.009,0.1011,0.0751,-0.1577,-0.0466,-0.0093,-0.2481,0.0082,0.0987,-0.0094,0.0198,0.0095,1.4991,-0.0207,-0.0321,0.0092,0.0543,-0.02,-0.9682,-0.0091,0.0085,0.0093,0.0223,-0.0031,0.0039,0.0012,0.0237,-0.0246,-0.0168,0.0083,0.0244,-0.0173,-0.0182,0.0118,-0.0,,,,,,
25,5085,108,2,sitting,-0.0015,0.735,-0.011,0.0155,-0.0157,-0.0053,-0.0112,-0.3956,0.0227,-0.0273,0.1872,0.0079,-0.0329,1.458,0.0054,0.0002,-0.0174,0.0245,0.0225,0.0207,-0.0031,0.0042,0.0035,-0.0033,0.0468,-0.0009,0.0534,0.0204,-0.0067,0.0765,0.0037,0.0295,0.0097,0.0059,-0.0138,0.0041,0.0693,0.4743,-0.0503,0.0988,0.0846,0.0809,-0.0186,0.0075,0.4851,0.0052,0.007,-0.006,-0.0001,1.4678,0.0191,-0.2205,0.0094,0.009,0.0302,0.0222,-0.0176,-0.0277,-0.1107,-0.1124,-0.0177,0.0228,0.0399,0.0178,-0.1929,-0.0469,-0.0343,0.0202,0.0084,0.101,-0.1192,-0.0587,-0.0092,-0.4503,0.0081,0.1896,-0.0095,0.0278,0.0198,0.7583,-0.0201,-0.0252,0.0089,0.0394,-0.0104,-0.9687,0.0044,0.0063,0.0188,0.0254,-0.0044,0.0044,-0.0036,0.0102,-0.0253,-0.0084,0.0223,0.0157,-0.0229,-0.0143,0.0102,,,,,,,
26,5086,108,2,sitting,-0.0045,1.5132,-0.0122,0.0247,-0.0227,0.0006,-0.0319,-1.0985,0.0788,-0.0523,0.5957,0.0638,0.0429,-0.3354,-0.0256,0.001,0.0146,0.023,0.0207,0.0151,0.0052,-0.0056,0.0027,-0.0134,0.0232,-0.0031,0.0288,0.0037,-0.0143,0.0226,-0.0002,0.0291,0.009,0.0001,-0.0155,-0.0061,0.0139,3.644,-0.006,0.0194,-0.01,-0.0148,-0.0144,-0.005,0.4976,-0.0066,0.0063,-0.0093,-0.0202,0.7071,-0.0191,0.0507,-0.0201,0.0074,-0.0897,-0.0,0.0598,-0.0305,-0.018,-0.0803,0.0075,0.0179,0.02,0.029,-0.2242,-0.0221,0.0499,0.0178,0.0245,0.0592,-0.1104,-0.0173,-0.0084,-0.5479,0.0089,0.2107,-0.0102,0.0209,0.0206,-0.6781,-0.0222,-0.0182,-0.0095,0.0187,-0.0196,-1.0568,0.0104,-0.0056,0.0053,0.0242,-0.0054,-0.0038,-0.0046,0.0168,-0.0161,-0.0091,0.0181,0.0189,-0.0159,-0.0081,,,,,,,,
27,5087,108,2,sitting,-0.0037,0.9762,-0.0109,0.0215,-0.0063,0.0008,0.0344,0.4627,-0.0323,-0.0107,-0.2272,-0.0431,0.0549,1.4055,0.0158,0.0052,-0.0189,0.0154,0.0185,0.0164,0.0001,-0.0053,-0.0139,-0.0106,0.0169,0.0038,0.0283,-0.0108,-0.0168,0.0179,-0.001,0.0309,0.0083,0.0067,-0.0136,0.006,0.0157,1.4741,0.0181,0.0268,-0.0202,-0.0222,-0.015,-0.0091,0.5984,0.0092,-0.009,-0.0065,-0.0221,0.767,-0.0074,0.1011,0.0201,0.0178,-0.018,0.0097,0.02,0.0062,-0.0077,-0.0505,-0.0195,0.0193,0.0223,0.0289,-0.2204,-0.0229,0.0188,0.0198,0.0204,0.0295,-0.0809,-0.0233,-0.0099,-0.2496,0.0086,0.0962,-0.0093,0.0182,0.0202,-0.3156,-0.0228,-0.0194,-0.0002,0.0174,0.0063,-1.0588,-0.0102,0.0122,0.0158,0.0172,-0.0104,-0.0047,-0.0034,0.0186,-0.0226,-0.0083,0.0208,0.0185,-0.0182,-0.0059,-0.0,,,,,,,
28,5088,108,2,sitting,-0.0018,1.5949,-0.0105,0.034,-0.0204,-0.0082,-0.041,-1.2925,0.0639,-0.0505,0.5554,0.0763,0.1541,-0.2653,-0.023,0.0009,-0.0202,0.0096,0.0228,0.0147,-0.01,-0.0146,0.0168,-0.007,0.0158,-0.0035,0.0295,0.0038,-0.0137,0.0265,-0.0032,0.0302,0.0064,0.0052,-0.0161,0.0057,0.0956,3.5085,0.0083,0.0223,0.089,0.0332,-0.0162,-0.0075,0.4874,0.0087,-0.0051,-0.0078,0.0184,0.8973,0.0091,-0.1309,-0.0095,-0.0001,-0.0176,0.0172,0.0208,-0.0094,0.1014,0.1193,0.0181,0.0165,0.0232,0.0002,-0.2202,-0.0245,0.0793,0.0197,0.0256,0.0804,-0.1399,0.0092,-0.008,-0.2479,0.0066,0.0986,-0.0107,0.0198,0.0082,0.7636,-0.02,-0.0284,0.007,0.0353,0.007,-0.9694,-0.0044,0.0104,-0.0053,0.0203,-0.0063,-0.0053,-0.0064,0.0182,-0.0222,-0.0092,0.0157,0.0233,-0.0173,-0.024,-0.0102,,,,,,,
29,5089,108,2,sitting,-0.0106,0.6564,-0.0033,0.0213,-0.0111,-0.0207,0.0314,0.8777,-0.0439,-0.0006,-0.3876,-0.0557,0.0829,1.4861,-0.0123,0.0046,-0.0092,0.0718,0.0149,0.0973,0.0507,-0.0001,-0.0202,-0.0248,-0.0085,-0.0051,0.0289,0.0128,-0.0155,-0.0002,-0.0032,0.0295,0.0087,0.0063,-0.0156,0.0006,0.0081,3.6858,-0.001,-0.0206,0.0202,0.0153,-0.0188,-0.0006,4.4791,-0.006,-0.0052,-0.0083,0.01,2.9986,-0.0195,0.101,-0.0166,-0.0178,0.0247,-0.0174,-0.0082,-0.0198,0.0594,-0.1199,-0.008,0.019,0.0204,0.0221,-0.1796,-0.017,0.0184,0.0179,0.0053,0.0222,-0.0872,-0.0231,-0.0075,-0.5481,0.0093,0.2172,-0.0106,0.0227,0.0197,0.7731,-0.0201,-0.0225,-0.0034,0.0223,-0.0111,-0.9682,0.0083,-0.0041,-0.0064,0.0157,-0.0031,-0.0064,-0.0033,0.0237,-0.0158,-0.0159,0.0164,0.0208,-0.0233,-0.0158,,,,,,,,
30,5090,108,2,sitting,-0.0052,1.3691,-0.0106,0.0426,-0.0225,0.0007,-0.032,-0.9845,0.0584,-0.0573,0.4434,0.0716,0.0946,0.2983,0.0053,0.001,-0.0122,0.0175,0.0159,0.0121,-0.0042,-0.003,0.0002,-0.0131,0.02,0.0028,0.0271,0.0041,-0.0161,0.0172,0.0035,0.0303,0.0065,0.01,-0.014,0.0,-0.0001,0.4954,-0.0063,0.0202,-0.0892,0.0206,-0.0169,0.0071,0.5762,0.0058,0.0068,-0.0166,0.0151,0.9976,-0.0093,-0.0506,-0.0182,-0.007,0.0095,0.0064,0.0085,0.0089,0.0276,-0.0285,0.0221,0.0167,0.0204,0.0188,-0.1779,-0.0207,0.0371,0.0078,0.0237,0.0187,-0.0804,-0.0177,-0.0063,-0.2481,0.0065,0.0986,-0.0094,0.0197,0.0205,-0.3127,-0.0228,-0.0196,-0.0054,0.0165,-0.0063,-1.5555,0.0059,0.0078,0.0164,0.0223,-0.0105,0.0063,-0.0013,0.0131,-0.0232,-0.0094,0.0195,0.0242,-0.0195,-0.0163,0.0047,0.0,,,,,,
31,5091,108,2,sitting,-0.0109,1.5841,-0.0046,0.0329,-0.0213,0.0006,-0.0223,-0.8827,0.0515,-0.0463,0.4155,0.0373,0.0636,0.7722,-0.0762,0.0045,-0.0505,0.0001,0.0852,0.0231,-0.001,-0.01,-0.0201,0.0226,0.0242,0.0056,0.0305,-0.0043,-0.0142,0.0235,0.0138,0.0308,0.0097,-0.0154,-0.0051,-0.0047,0.0168,0.4853,-0.0094,0.0073,-0.0084,-0.0066,-0.0157,-0.0061,0.4971,-0.0069,0.0086,-0.0064,0.0202,0.8565,-0.0067,0.1017,-0.0172,0.0189,-0.0092,-0.0204,0.0276,0.02,-0.1104,0.0384,-0.0079,0.0193,0.0247,0.0198,-0.1874,-0.0182,0.0221,0.009,0.0232,0.0236,-0.1192,-0.0233,-0.0047,-0.2508,0.0096,0.088,-0.0082,0.0183,0.0195,0.7781,-0.0227,-0.0243,-0.0002,0.0268,0.0078,-0.9952,0.0187,0.0158,0.0056,0.0253,-0.0112,-0.0066,-0.0033,0.0234,-0.0186,-0.0245,0.0182,0.0164,-0.0189,-0.0189,-0.01,,,,,,,
32,5092,108,2,sitting,0.0118,1.2694,-0.0048,0.0315,-0.0225,-0.0005,-0.0436,-0.9452,0.0549,-0.0542,0.435,0.0712,-0.0922,0.3788,0.0002,0.001,-0.0851,-0.0624,-0.0096,0.02,0.01,-0.0001,0.0127,-0.007,0.0223,-0.0129,0.0285,-0.006,-0.0169,0.0256,-0.0034,0.029,0.0065,0.0044,-0.0153,0.004,-0.0507,0.3854,-0.0047,-0.0085,0.0052,0.0145,-0.0146,-0.0073,0.5763,0.0056,0.0058,-0.0164,-0.0187,0.7877,0.0091,0.1012,-0.0184,-0.0181,-0.0221,0.0195,0.0074,-0.018,-0.1303,-0.1108,-0.0083,0.0189,0.0277,0.0579,-0.192,-0.0247,0.0265,0.0075,0.0197,0.0323,-0.1599,-0.0317,-0.0076,-0.4505,0.0082,0.189,-0.0098,0.0228,0.0193,0.1286,-0.0205,-0.0236,-0.0038,0.0234,0.0089,-0.9504,-0.0047,0.0204,0.0157,0.0237,-0.0051,-0.0051,-0.0036,0.0229,-0.0195,-0.0154,0.0185,0.0245,-0.0244,-0.0187,0.0,,,,,,,
33,5093,108,2,sitting,-0.0067,1.3697,-0.0106,0.0345,-0.0149,-0.0157,-0.0164,-0.8191,0.0546,-0.0348,0.3853,0.0434,0.0723,1.3765,0.0008,0.022,-0.0082,0.0204,0.0189,0.0168,0.0031,0.0052,-0.001,-0.01,0.0092,0.013,0.0309,0.0051,-0.0142,0.0174,-0.0035,0.0285,0.0091,0.0039,-0.0148,0.005,-0.0947,3.5561,0.0844,0.0804,0.0503,0.101,-0.0158,-0.0001,0.5963,-0.0054,0.006,-0.0242,-0.0221,0.8566,-0.02,-0.0292,-0.0278,0.0081,-0.1005,0.0586,0.0402,0.0288,-0.1102,0.1193,-0.007,0.0228,0.0229,-0.0223,-0.1795,-0.0439,0.0389,0.0884,0.0342,0.0303,-0.0798,-0.0576,-0.0083,-0.2499,0.0088,0.098,-0.0105,0.0179,0.0194,0.6751,-0.0205,-0.0226,0.0096,0.0206,0.0245,-0.979,-0.0049,0.0201,-0.0047,0.0189,-0.0056,-0.0105,0.0044,0.0188,-0.0173,-0.0103,0.0194,0.0159,-0.0186,-0.0047,0.0033,,,,,,,
34,5094,108,2,sitting,-0.0022,0.5946,-0.0105,0.0315,-0.0134,0.0006,0.028,0.4419,-0.0204,-0.0201,-0.2205,-0.0462,0.0002,1.4568,-0.001,0.0118,-0.0056,-0.0164,0.0155,0.0124,-0.0026,0.0032,0.0038,-0.0109,0.0066,0.0039,0.0328,0.0063,-0.0151,0.0232,-0.0001,0.034,0.0087,0.0043,-0.0153,0.0036,0.0637,3.509,-0.0149,0.0242,-0.0208,-0.076,-0.0158,-0.0052,-0.7083,-0.0057,-0.0077,0.0086,0.0179,2.8974,-0.0088,-0.0876,0.0191,-0.02,-0.01,0.0069,0.0072,0.0185,-0.0503,-0.0096,0.0247,0.0193,0.0171,0.0332,-0.2073,-0.0202,0.0097,0.0181,0.0265,0.0222,-0.1305,-0.0238,-0.0084,-0.2499,0.0075,0.0978,-0.0095,0.0198,0.0192,0.1282,-0.0203,-0.0191,-0.0052,0.0235,0.0117,-0.9334,0.0052,0.0146,-0.0112,0.0177,-0.0039,0.0041,-0.0031,0.0234,-0.0164,-0.0158,0.0195,0.0237,-0.0159,-0.0073,0.0012,,,,,,,
35,5095,108,2,sitting,-0.0106,1.5862,-0.0064,0.025,-0.0111,-0.0243,-0.0248,-0.9604,0.0561,-0.041,0.4316,0.076,0.0853,0.3874,-0.0328,0.0032,-0.0159,0.0009,0.0202,0.0242,0.001,0.0035,0.0204,-0.0073,0.0221,-0.0037,0.0309,0.0067,-0.0146,0.0207,-0.0033,0.03,0.014,0.0052,-0.0145,-0.0041,0.0957,0.4968,0.0148,0.0505,0.0804,-0.027,-0.0154,-0.0088,0.5587,-0.0084,-0.0063,-0.0072,-0.0182,0.8086,0.0177,0.1198,-0.0181,-0.0247,-0.0002,0.0076,0.0291,-0.0001,-0.1308,0.1504,0.0,0.0171,0.0285,0.0179,-0.1893,-0.0066,0.1107,0.0183,0.0268,0.0575,-0.1492,-0.0189,-0.0063,-0.5341,0.0085,0.229,-0.0094,0.0245,0.0209,-0.6799,-0.0273,-0.0097,-0.0091,0.0196,0.0046,-1.5598,0.0053,0.0181,0.0092,0.0187,-0.0101,-0.0031,0.0017,0.0227,-0.0185,-0.0189,0.0052,0.0228,-0.0232,-0.0081,-0.0012,,,,,,,
36,5096,108,2,sitting,-0.0046,1.5948,-0.0111,0.033,-0.0115,-0.0077,-0.0158,-0.9554,0.0435,-0.0436,0.4396,0.0181,-0.025,1.6597,-0.0069,0.0042,-0.0078,0.0089,0.0193,0.0143,-0.0053,-0.0026,-0.0047,-0.0067,0.0134,0.0033,0.0284,-0.0068,-0.0156,0.0223,-0.0002,0.0291,0.01,0.001,-0.0151,-0.0003,0.0545,0.7587,-0.0073,0.0286,-0.0791,0.0985,-0.0152,0.0079,0.546,-0.0076,0.007,-0.0072,0.0184,0.8866,-0.0163,-0.0882,-0.0174,-0.0206,-0.0692,-0.009,0.0508,0.0265,-0.1309,-0.1106,0.0245,0.0195,0.0194,0.0186,-0.2242,-0.0199,0.0583,0.0198,0.0221,0.078,-0.1509,-0.0047,-0.0101,-0.4506,0.0052,0.1752,-0.0063,0.0242,0.0114,-0.6737,-0.0207,-0.02,-0.0033,0.0185,-0.0051,-1.5535,-0.0052,0.0228,0.0202,0.0292,-0.0053,-0.0033,-0.0041,0.0152,-0.0243,-0.0104,0.0201,0.0227,-0.0232,-0.0049,,,,,,,,
37,5097,108,2,sitting,-0.0022,1.3021,-0.0106,0.0323,-0.0111,0.0043,-0.0104,-0.9475,0.0339,-0.0357,0.4488,0.0154,-0.0009,0.9984,-0.0224,-0.0066,-0.0093,0.0085,0.0204,0.0077,-0.0025,-0.0037,-0.0051,-0.0108,0.0126,0.0029,0.0268,0.0047,-0.0136,0.0256,-0.0002,0.0308,0.0074,0.0,-0.0138,0.001,0.0553,0.6473,0.0208,0.0152,0.0742,-0.0957,-0.0158,-0.0048,0.5592,0.0063,-0.0065,-0.0068,0.0226,0.9067,0.0172,0.101,0.01,0.0087,-0.0266,0.007,0.0189,0.0083,-0.0182,0.0508,-0.0228,0.0069,0.0206,0.0302,-0.2209,-0.0209,0.0186,0.0231,0.0232,0.058,-0.1505,-0.0176,-0.0098,-0.2478,0.0096,0.0981,-0.0112,0.0195,0.0179,0.1291,-0.02,-0.0186,-0.0038,0.0291,0.0088,-0.4507,0.0112,0.0122,-0.0063,0.0243,-0.0031,0.0036,-0.0037,0.0105,-0.0194,-0.0092,0.0187,0.0164,-0.0181,-0.0223,0.0037,,,,,,,
38,5098,108,2,sitting,0.0107,1.5869,-0.0056,0.0434,-0.0326,-0.028,-0.0585,-0.8838,0.061,-0.0859,0.4748,0.0554,3.3689,0.3572,-0.0928,0.2318,0.2983,0.2057,0.2297,-0.306,0.4986,-0.5066,0.4068,-0.3343,0.2551,-0.0001,0.0506,0.1193,0.1108,0.2167,-0.0003,0.0289,0.0232,0.0002,-0.0179,0.017,0.1309,0.3974,-0.0231,0.0053,0.1006,-0.1011,0.0082,-0.0052,0.5592,-0.0046,0.0064,0.01,-0.0194,0.8765,-0.0222,0.1506,0.0236,0.0238,0.0799,0.0178,-0.0223,-0.0093,-0.0804,-0.1001,-0.0091,0.0195,0.0221,0.0332,-0.2206,-0.0207,0.1127,-0.0184,0.0206,0.001,-0.1077,-0.0239,-0.0044,-0.2981,0.009,0.1154,-0.0102,0.0196,0.0093,1.4403,-0.0227,-0.0293,0.0089,0.0553,0.0245,-0.9786,0.0111,0.0122,0.0178,0.0155,0.0024,-0.0111,-0.0033,0.0243,-0.0195,-0.0084,0.0177,0.0265,-0.0234,-0.0154,-0.0051,,,,,,,
39,5099,108,2,sitting,-0.0047,0.7669,-0.0122,0.0245,-0.0223,0.0068,0.0216,0.3904,-0.0242,-0.0157,-0.1803,-0.0549,-0.0006,1.3795,-0.0055,-0.0002,-0.0094,0.0161,0.0193,0.0141,-0.0021,0.0023,0.0035,-0.0073,0.0158,-0.003,0.0294,-0.0046,-0.0159,0.0185,0.004,0.0344,0.0096,0.0069,-0.0153,0.0064,0.0788,3.7538,0.065,0.0109,0.0889,-0.1102,-0.0001,-0.0052,-0.4872,-0.001,-0.0078,-0.009,-0.0174,2.7786,0.0247,-0.0509,-0.0097,0.0253,0.02,-0.0192,-0.0165,-0.0179,-0.0809,0.0582,-0.0305,0.0183,0.0302,0.0262,-0.192,-0.0205,-0.0408,0.0204,0.0268,-0.0091,-0.1306,-0.0202,-0.0045,-0.248,0.0063,0.0987,-0.0106,0.0201,0.0181,0.1192,-0.0256,-0.0212,-0.0036,0.0234,0.0044,-0.5308,0.0117,0.0198,-0.0063,0.0239,-0.0031,-0.0042,-0.0116,0.0221,-0.0208,-0.0073,0.0195,0.0265,-0.0196,-0.0195,,,,,,,,
40,5100,108,2,sitting,0.0012,1.3067,-0.0111,0.032,-0.0215,0.0043,-0.0417,-0.8818,0.0574,-0.0635,0.4064,0.0469,0.0791,0.2398,-0.0009,-0.0207,-0.0955,0.0507,0.0825,-0.101,-0.0809,-0.0063,-0.0559,-0.1121,-0.0138,-0.0158,-0.0202,-0.0131,-0.0094,-0.0179,0.0044,0.0286,0.015,-0.0037,-0.0149,0.001,-0.0001,3.476,-0.0046,0.0141,0.0193,0.0157,-0.0182,-0.0045,0.5475,-0.0048,-0.0051,-0.0083,0.0165,0.8568,0.0195,-0.0177,-0.01,0.0089,0.0265,0.0237,0.0238,0.0295,-0.0186,-0.0336,-0.0096,0.0176,0.0228,0.0192,-0.207,-0.0221,0.0307,0.0184,0.019,0.0302,-0.1305,-0.0199,-0.0078,-0.7509,0.0105,0.3005,-0.0092,0.0347,0.0198,0.1397,-0.0206,-0.0227,0.0064,0.0351,0.0087,-0.8012,-0.0114,0.0222,0.0157,0.0236,-0.0103,-0.0101,-0.0036,0.0105,-0.0141,-0.0085,0.0203,0.0158,-0.0131,-0.0052,,,,,,,,
41,5101,108,2,sitting,-0.0067,1.5939,-0.0069,0.0345,-0.0112,0.0051,-0.0211,-0.9123,0.0584,-0.0555,0.4111,0.0573,0.0413,0.9743,-0.008,0.0003,-0.0122,-0.0077,0.0195,0.0156,-0.0021,-0.0034,0.0029,-0.0068,0.0242,0.004,0.0283,-0.0031,-0.0148,0.0227,0.0002,0.029,0.0094,0.001,-0.0136,0.0053,-0.0841,3.4974,0.0247,0.0342,-0.095,0.0787,-0.0106,0.0072,0.5466,0.007,0.0078,-0.0057,-0.01,0.7952,-0.0001,-0.0505,0.0203,-0.0204,-0.0199,-0.0206,0.0202,-0.0208,0.0804,0.0975,-0.0193,0.0182,0.0293,0.0185,-0.2169,-0.0286,-0.0303,0.0324,0.0183,0.0311,-0.1304,-0.0262,-0.0092,-0.7506,0.0086,0.3017,-0.011,0.0279,0.0198,0.7754,-0.0181,-0.0223,-0.0096,0.0357,-0.0088,-0.8968,-0.0066,0.0205,0.0053,0.019,0.0033,0.0104,-0.0049,0.0194,-0.0245,-0.0053,0.0168,0.0233,-0.0095,-0.0222,0.0017,,,,,,,
42,5102,108,2,sitting,-0.0038,1.3232,-0.0105,0.0276,-0.0113,0.0005,-0.0242,-0.9942,0.0464,-0.0347,0.4431,0.0214,0.0147,0.3772,-0.0002,0.0036,-0.0204,0.0155,0.0185,0.0223,-0.0043,0.0041,-0.0023,-0.0126,0.0168,0.004,0.0285,0.006,-0.0084,0.0187,-0.0,0.0296,0.0091,0.001,-0.0152,0.0049,0.0345,0.5906,-0.0056,0.0221,-0.0332,0.0243,-0.0146,0.0051,0.5375,0.0058,0.0061,-0.0067,0.0182,0.928,0.0165,0.0771,-0.01,0.0176,-0.0094,0.009,0.0086,-0.0198,-0.0179,-0.0981,-0.0248,0.0226,0.0329,0.0373,-0.2208,-0.0205,0.0169,0.0237,0.0268,0.0189,-0.0878,-0.0195,-0.0069,-0.2508,0.0083,0.0988,-0.0088,0.0197,0.0209,-0.3096,-0.0222,-0.0193,-0.0052,0.02,-0.0105,-1.0554,-0.0053,0.0164,0.0066,0.0311,-0.0101,-0.0068,-0.0031,0.0228,-0.0201,-0.0073,0.0195,0.0184,-0.0189,-0.0193,-0.0037,,,,,,,
43,5103,108,2,sitting,-0.0047,1.3637,-0.0116,0.0322,-0.0217,0.0052,-0.0228,-0.9134,0.0569,-0.041,0.4421,0.0086,0.0794,0.7943,-0.0007,-0.0056,-0.0188,-0.0067,0.0235,0.0096,-0.0002,-0.0066,0.0027,-0.0108,0.0132,0.0035,0.0309,0.0038,-0.0084,0.023,-0.006,0.0304,0.0097,0.0046,-0.0139,0.0053,0.0693,3.5082,0.0974,0.1009,-0.101,0.0455,-0.0001,0.0049,0.5577,0.0065,0.0057,0.0173,-0.0509,0.8568,0.0191,0.1309,-0.018,-0.027,0.0599,0.0266,-0.0307,-0.0343,-0.1104,-0.0238,-0.0089,0.017,0.0268,0.0302,-0.2156,-0.0291,0.0878,0.0975,0.0392,0.0404,-0.2167,-0.0383,-0.0192,-0.5474,0.0087,0.209,-0.0095,0.0347,0.0223,-0.6781,-0.0207,-0.0198,-0.0083,0.0086,0.0116,-1.5553,0.0229,0.0168,0.001,0.0236,-0.0032,0.004,-0.0112,0.0168,-0.0252,-0.0078,0.0083,0.0186,-0.0206,-0.0081,-0.0043,,,,,,,
44,5104,108,2,sitting,-0.0117,1.2957,0.0046,0.0437,-0.0163,-0.0006,-0.0321,-0.9228,0.0699,-0.0553,0.4419,0.0447,0.0873,0.2391,-0.0218,0.0142,-0.0245,0.001,0.0231,0.0054,-0.0126,0.0035,-0.0038,-0.0127,0.0204,-0.0047,0.0276,0.0031,-0.0169,0.0227,-0.0001,0.0294,0.0093,0.0067,-0.014,0.0041,0.0951,0.8866,-0.0068,0.0508,-0.0743,-0.1108,-0.01,-0.0049,0.489,0.006,0.0065,-0.0171,0.0223,0.7552,-0.0098,-0.1129,0.0182,-0.0096,0.0265,-0.0184,0.0083,0.0202,-0.1014,0.0385,0.0185,0.0201,0.0181,0.0576,-0.2305,-0.0323,-0.0335,-0.0174,0.0577,-0.0078,-0.1002,0.0089,-0.0094,-0.4502,0.0079,0.1787,-0.0108,0.0277,0.0197,0.7758,-0.02,-0.0195,-0.0002,0.0268,0.0092,-0.9683,0.0059,0.0221,0.0082,0.0233,-0.0064,-0.0031,-0.0037,0.0143,-0.0248,-0.0247,0.0072,0.0131,-0.0183,-0.0153,0.0019,,,,,,,
45,5105,108,2,sitting,0.0046,1.352,-0.0114,0.0326,-0.026,-0.0089,-0.0248,-1.1649,0.0655,-0.0574,0.5948,0.0788,-0.0438,0.2757,-0.0134,0.0052,0.0007,0.0202,0.0204,0.0108,0.0001,-0.0047,0.0054,-0.013,0.0207,0.0063,0.0268,-0.0039,-0.0109,0.0229,-0.0002,0.0287,0.0071,0.001,-0.0141,-0.0058,0.0206,3.447,-0.0051,0.0092,0.0194,0.0183,-0.0165,0.0072,0.5699,-0.0062,0.0067,-0.0075,-0.0182,0.6977,-0.0173,0.1199,-0.01,0.0196,-0.0068,-0.0087,0.018,0.0226,0.0184,-0.0508,0.0064,0.0203,0.0195,0.0247,-0.2204,-0.0179,0.0586,0.0205,0.0258,0.0253,-0.1178,-0.0237,-0.0076,-0.2493,0.0052,0.0985,-0.0098,0.0191,0.0181,0.129,-0.0201,-0.0228,0.0043,0.0236,0.0097,-0.3453,0.0111,0.0182,-0.0082,0.0157,-0.0102,0.0019,-0.0021,0.0152,-0.0181,-0.0157,0.0227,0.0193,-0.0187,-0.0087,0.0047,,,,,,,
46,5106,108,2,sitting,-0.0104,1.3048,-0.0049,0.0319,-0.0155,-0.0007,-0.028,-0.818,0.0579,-0.0573,0.4604,0.0788,-0.0928,0.3876,0.0143,-0.0034,-0.0001,0.0075,0.0203,0.0131,0.0026,-0.0047,0.001,-0.0074,0.0106,-0.0044,0.034,0.0066,-0.0133,0.0202,-0.0002,0.0313,0.0093,0.01,-0.0145,-0.0041,0.0854,0.776,-0.0063,0.0208,-0.0507,-0.0223,-0.0165,-0.0057,0.537,-0.0071,0.0086,-0.0087,0.0098,0.8569,-0.0183,0.1197,-0.0192,0.0072,0.0221,-0.0058,-0.0196,-0.0078,-0.0064,0.1108,0.0191,0.0162,0.0167,0.0279,-0.2163,-0.0226,0.0194,0.0242,0.0399,0.0231,-0.1506,-0.0324,-0.0047,-0.4506,0.009,0.1797,-0.0082,0.0201,0.0184,0.1281,-0.02,-0.0196,-0.0089,0.0222,0.0118,-0.4297,0.0057,-0.0039,0.0095,0.0248,-0.0102,0.0033,-0.0051,0.0206,-0.0193,-0.0066,0.0152,0.0245,-0.0255,-0.0159,-0.0,,,,,,,
47,5107,108,2,sitting,-0.0033,1.3655,-0.0103,0.0534,-0.0153,-0.0008,-0.0216,-0.9475,0.0468,-0.0353,0.4604,0.063,0.0718,0.986,-0.0002,-0.0119,-0.0092,0.0164,0.0321,0.0097,-0.0056,-0.0054,0.0048,-0.0126,0.0129,-0.0051,0.0284,0.0032,-0.0078,0.0226,-0.001,0.0292,0.0063,0.0045,-0.0108,0.0,0.0962,3.665,0.01,0.0143,0.02,-0.0503,-0.0152,-0.0049,0.5877,-0.0057,0.008,0.007,-0.0089,0.763,-0.0093,-0.1002,0.0165,0.0084,0.0001,0.0079,-0.0207,-0.0182,0.0335,-0.0088,-0.0073,0.0204,0.0202,0.0262,-0.2381,-0.0246,0.0332,0.0228,0.0233,0.0195,-0.1691,-0.0238,-0.0099,-0.7505,0.0096,0.3004,-0.0102,0.0417,0.0086,1.5083,-0.0185,-0.0354,0.0087,0.0558,-0.0112,-0.4296,-0.0032,0.0112,0.019,0.0282,-0.0053,-0.0044,-0.0038,0.0239,-0.0257,-0.0182,0.0096,0.0188,-0.0265,-0.0067,0.0011,,,,,,,
48,5108,108,2,sitting,0.0105,1.3685,-0.0077,0.043,-0.0155,-0.0328,-0.021,-0.9236,0.0509,-0.0439,0.4419,0.0615,0.1362,0.2784,-0.0007,0.0931,-0.0722,-0.085,0.0286,0.0094,-0.01,0.0049,-0.0231,0.0001,0.0146,0.0154,0.0268,-0.0159,-0.0195,0.0233,0.0034,0.029,0.0082,0.0052,-0.0138,0.0043,0.0187,1.6856,-0.0002,-0.0042,-0.0164,-0.02,-0.0157,-0.0005,0.4866,-0.0072,-0.0086,-0.0178,-0.0158,0.766,0.0083,0.1106,-0.0081,0.0222,0.0265,-0.0067,0.0253,-0.0091,0.1197,-0.1002,-0.0061,0.0252,0.0308,0.0347,-0.2166,-0.0173,0.0399,0.0189,0.0097,0.0259,-0.1089,-0.0221,-0.0096,-0.3241,0.0092,0.1398,-0.009,0.0247,0.008,1.4421,-0.0209,-0.0332,0.0088,0.0558,0.0101,-0.9451,-0.0032,0.0093,0.0131,0.0293,-0.0033,-0.0056,0.0051,0.0168,-0.0248,-0.0103,0.0146,0.0159,-0.0234,-0.0066,-0.0,,,,,,,
49,5109,108,2,sitting,-0.0042,1.5861,-0.0105,0.0236,-0.0115,-0.0056,-0.0204,-0.9458,0.0439,-0.0363,0.4103,0.0488,0.0326,0.8967,-0.0118,-0.0044,-0.0225,0.0147,0.0195,0.0122,-0.0003,0.0052,-0.0038,-0.0069,0.0233,0.0035,0.0283,0.0033,-0.0109,0.0232,-0.001,0.0345,0.0108,0.0036,-0.015,-0.0041,0.0743,3.4865,0.0181,-0.0085,-0.0078,-0.0694,-0.01,-0.0063,4.5783,-0.006,-0.0054,-0.0051,0.0097,2.7986,-0.0175,-0.0202,0.0226,0.0188,0.0247,0.0002,-0.0001,-0.0164,-0.009,0.0166,-0.0245,0.0174,0.038,0.0506,-0.2303,-0.0291,0.0568,0.0198,0.0263,0.0221,-0.1306,-0.0592,-0.0087,-0.3002,0.0077,0.1291,-0.0082,0.0193,0.0184,1.4499,-0.0196,-0.0348,0.0094,0.0516,0.0105,-0.9687,0.0111,-0.0031,0.0147,0.0293,-0.0052,0.0031,-0.0024,0.0154,-0.0181,-0.0083,0.0229,0.0181,-0.0183,-0.0158,0.0,,,,,,,
50,5110,108,2,sitting,-0.0103,1.2639,-0.0053,0.025,-0.0159,-0.0112,-0.0273,-0.9452,0.0554,-0.0557,0.4172,0.0465,0.008,0.8742,-0.0083,0.0067,-0.0092,0.0227,0.0204,0.0009,-0.0007,-0.0033,0.0029,-0.0068,0.0138,0.0047,0.0284,0.006,-0.0107,0.0149,-0.0002,0.03,0.0082,0.01,-0.014,-0.001,0.0874,3.7871,0.0043,-0.0073,-0.0958,-0.0698,-0.0164,0.0051,0.4861,0.0052,0.0062,0.0081,0.0163,0.7675,0.0056,-0.101,-0.02,-0.0188,-0.0507,-0.0185,0.0247,0.0276,-0.1306,-0.0804,-0.0186,0.0193,0.0245,0.0332,-0.2205,-0.0206,0.1006,0.019,0.0259,0.0357,-0.1172,-0.0579,-0.0097,-0.2991,0.0084,0.1177,-0.0095,0.0196,0.0189,0.1294,-0.0242,-0.0298,0.0031,0.0291,0.0085,-0.9988,0.0103,0.0239,0.0043,0.0243,-0.0036,-0.0033,-0.0104,0.0159,-0.0222,-0.0153,0.0152,0.0232,-0.0223,-0.0256,0.0047,,,,,,,
51,5111,108,2,sitting,-0.0044,1.5927,-0.0105,0.0233,-0.0119,-0.0043,-0.0364,-0.9676,0.0784,-0.0693,0.4403,0.0463,0.0054,0.8967,-0.0158,0.0009,-0.0141,-0.0078,0.0221,0.0151,-0.0046,-0.0033,0.0029,-0.0134,0.0202,-0.0045,0.0283,-0.0056,-0.0132,0.0157,-0.0002,0.0308,0.0071,0.001,-0.0155,0.0048,0.028,0.7987,0.007,0.0073,-0.0083,0.0098,-0.0161,-0.0077,0.4969,-0.0009,-0.0075,-0.009,0.0866,0.966,-0.0976,0.1109,0.0508,-0.027,-0.0568,0.0809,-0.1502,0.1017,0.1129,-0.1004,-0.0095,0.0062,0.0206,0.0294,-0.2202,-0.01,0.0592,0.0074,0.0232,0.0268,-0.1306,-0.0303,-0.0085,-0.6602,0.0099,0.2488,-0.0094,0.0412,0.0191,-0.6782,-0.02,-0.0186,-0.0097,0.0252,0.0051,-1.5585,0.0101,0.0237,0.0091,0.0236,-0.0059,0.0051,-0.0102,0.0154,-0.0143,-0.0138,0.008,0.0195,-0.0227,-0.0141,-0.0,,,,,,,
52,5112,108,2,sitting,-0.0022,0.7382,-0.0106,0.025,-0.0117,0.0006,0.0232,0.9607,-0.0466,-0.0329,-0.4189,-0.0546,0.0202,1.6423,0.0001,0.0041,-0.0067,0.0156,0.0206,0.0124,0.0047,0.0032,-0.0033,-0.0044,0.0073,0.0038,0.0284,0.0062,-0.013,0.0227,-0.001,0.0301,0.01,0.0002,-0.0149,0.0042,-0.0769,3.5952,-0.0507,0.0955,0.0897,0.1002,0.0054,0.006,4.4581,0.0068,0.009,0.008,-0.0302,2.6595,-0.0222,-0.1018,-0.0203,0.0288,0.0804,0.0307,-0.0309,-0.0774,-0.0335,-0.0384,-0.0302,0.0193,0.0184,0.0305,-0.1899,-0.0198,-0.0188,0.0202,0.1108,0.1304,-0.1196,-0.0405,-0.0086,-0.5471,0.0075,0.2196,-0.0091,0.0354,0.0241,0.7596,-0.0226,-0.0183,-0.0094,0.0239,-0.0187,-0.4356,0.0063,-0.0092,0.0164,0.0223,-0.0059,0.0017,-0.0059,0.0231,-0.0201,-0.0087,0.0205,0.0157,-0.0204,-0.0134,0.0011,,,,,,,
53,5113,108,2,sitting,-0.0052,1.5861,-0.0104,0.0245,-0.0149,-0.0063,-0.0324,-0.9607,0.0568,-0.0578,0.4318,0.0616,0.0774,0.9823,-0.0009,0.0002,-0.0225,0.0157,0.02,0.0089,-0.0042,-0.0026,-0.0035,-0.0129,0.0072,0.0055,0.0271,0.0132,-0.009,0.0295,-0.0001,0.0303,0.0081,0.004,-0.0154,0.0036,-0.0879,1.4791,0.0059,-0.0077,-0.0982,0.0807,-0.0188,-0.0153,0.5094,0.0069,0.0062,-0.0093,-0.0206,0.847,-0.0506,-0.1194,0.0185,0.0285,-0.0221,0.001,0.0336,-0.0183,-0.1012,0.1107,0.0092,0.0201,0.0075,0.0329,-0.2206,-0.0176,0.1127,0.0186,0.0226,-0.0787,-0.1306,-0.0394,-0.0199,-0.3243,0.008,0.1293,-0.0101,0.0196,0.0247,-0.6769,-0.0204,-0.0195,-0.0034,0.0073,0.0056,-1.5597,0.0089,0.0223,0.0229,0.0291,0.0063,-0.0046,-0.0066,0.0112,-0.0241,-0.0059,0.0152,0.0208,-0.0182,-0.0149,0.0,,,,,,,
54,5114,108,2,sitting,-0.0019,1.5846,-0.011,0.0323,-0.0212,0.0068,-0.0242,-1.0957,0.0791,-0.0549,0.4741,0.0664,-0.1359,0.3553,-0.0005,0.0132,-0.0436,0.0231,0.0503,0.0829,0.0056,-0.0205,0.0063,-0.0173,0.001,-0.0001,0.0276,0.0062,-0.0161,0.0179,0.0037,0.0298,0.0097,0.0067,-0.0139,0.0038,-0.0002,3.6977,0.0052,0.0189,0.0095,-0.0226,-0.0148,-0.0055,-0.546,0.0065,-0.0066,-0.0194,0.0233,2.9976,-0.0232,0.0373,-0.009,0.0185,-0.0268,-0.0182,0.0347,-0.0184,0.0083,-0.0807,-0.0186,0.0206,0.0223,0.0221,-0.2121,-0.0227,0.0475,0.0181,0.0265,0.0278,-0.1104,-0.0262,-0.0088,-0.5479,0.008,0.2156,-0.0104,0.0229,0.0093,1.5096,-0.026,-0.0285,0.0092,0.0587,0.0104,-0.9836,0.0031,0.0111,-0.0082,0.0235,-0.0102,-0.0066,-0.0051,0.0156,-0.0187,-0.0091,0.0245,0.0202,-0.0247,-0.0136,-0.0,,,,,,,
55,5115,108,2,sitting,0.0037,1.3546,-0.0118,0.0325,-0.021,0.0074,-0.0431,-0.9278,0.0582,-0.0411,0.4189,0.0492,0.0003,0.8863,-0.0001,-0.0122,-0.0117,0.0172,0.0207,0.013,-0.0047,-0.0051,0.0038,-0.0129,0.0155,0.0039,0.0309,-0.0034,-0.0143,0.0158,-0.0,0.0292,0.0106,0.0054,-0.0108,0.0005,0.0236,0.4885,-0.0057,-0.0156,0.0073,-0.078,-0.0161,0.0002,0.537,0.006,0.0068,0.0066,0.0178,0.7969,0.0183,0.0977,-0.0184,0.0093,-0.0206,0.0096,0.0194,-0.0162,-0.1018,0.0509,0.0087,0.019,0.0165,0.0221,-0.19,-0.0223,0.0095,0.0229,0.0235,0.0332,-0.1599,-0.0597,-0.0091,-0.4507,0.0075,0.1781,-0.0105,0.0243,0.0202,-0.6789,-0.0201,-0.0186,-0.0063,0.0192,-0.0198,-1.5546,-0.0053,0.0178,0.0059,0.0205,-0.0059,-0.0039,-0.0034,0.0159,-0.0149,-0.0142,0.0154,0.0185,-0.0248,-0.0073,-0.0037,,,,,,,
56,5116,108,2,sitting,-0.0049,1.5861,-0.0106,0.0323,-0.0105,-0.0219,-0.0226,-1.2543,0.0746,-0.0615,0.5975,0.0854,-0.0006,0.1666,-0.0439,0.0044,-0.0073,0.0142,0.0156,0.0141,-0.0033,-0.0035,-0.0132,-0.0082,0.0208,0.0028,0.036,-0.0047,-0.0152,0.0192,-0.0031,0.0309,0.0063,0.0067,-0.0157,-0.0002,0.0948,3.7984,0.0245,0.0181,0.0095,-0.0586,-0.0171,-0.0069,-0.689,-0.0083,-0.0091,-0.0055,-0.0502,2.9894,0.0178,-0.1015,0.0172,-0.01,-0.0201,-0.0237,0.0332,-0.0174,0.1303,-0.0807,-0.0064,0.0189,0.0221,0.0499,-0.2204,-0.0223,0.0097,0.0206,0.0247,0.048,-0.1108,-0.0196,-0.0077,-0.5476,0.0052,0.2085,-0.0103,0.0271,0.0227,-0.6788,-0.0226,-0.0087,-0.0053,0.0193,0.0087,-1.5506,0.0131,0.0147,-0.0131,0.0239,-0.0051,0.0059,-0.0047,0.0155,-0.0236,-0.0141,0.0233,0.0179,-0.0189,-0.0202,,,,,,,,
57,5117,108,2,sitting,-0.0042,1.5946,-0.0103,0.0247,-0.0135,-0.0004,-0.0213,-0.9458,0.055,-0.0561,0.4698,0.0639,0.0794,0.2773,-0.0419,-0.0168,0.0232,0.0002,0.0857,0.0202,-0.0947,-0.0508,0.1105,-0.0231,0.0469,-0.0062,0.0309,-0.0038,-0.02,0.0285,-0.0053,0.0289,0.0065,0.0036,-0.0149,0.0064,-0.0,0.7976,0.001,0.0195,0.0206,0.0097,-0.0152,0.0044,0.5886,-0.0067,0.0066,-0.0001,-0.0189,0.777,-0.0092,0.1306,0.0083,-0.0154,0.0181,-0.0078,0.0203,-0.0063,0.0075,0.006,-0.0074,0.0222,0.0223,0.0295,-0.2166,-0.0262,0.0399,0.0184,0.0233,0.0198,-0.1013,-0.0238,-0.008,-0.5491,0.0093,0.2178,-0.0101,0.0347,0.0085,1.5082,-0.019,-0.0335,0.0087,0.0591,0.0102,-0.963,0.0056,0.0056,0.0201,0.0204,-0.0031,0.0062,-0.0043,0.0243,-0.0143,-0.0134,0.0248,0.0182,-0.0245,-0.0154,0.0015,,,,,,,
58,5118,108,2,sitting,-0.0011,0.9779,-0.0117,0.0329,-0.0206,0.0008,0.0423,0.5847,-0.0241,-0.0193,-0.2852,-0.0584,-0.0639,1.6091,-0.0216,-0.0063,0.0074,0.0154,0.0233,0.0135,-0.0036,-0.0125,0.0056,-0.008,0.0223,-0.0146,0.0275,-0.013,-0.0229,0.0173,-0.0042,0.0304,0.0097,0.0037,-0.0143,-0.0005,0.0761,3.3898,-0.001,0.0957,0.0853,0.0804,-0.0167,0.0001,4.4986,0.007,0.0051,0.0069,0.0078,2.9565,-0.01,-0.1122,0.0172,0.0505,0.0332,0.0205,-0.0253,-0.0278,-0.1192,0.0971,0.0594,0.0202,0.0075,0.1015,-0.2205,-0.039,0.0307,0.0176,0.0332,0.1008,-0.1305,-0.0311,-0.0081,-0.4503,0.0096,0.1877,-0.0088,0.0189,0.0092,1.5099,-0.0182,-0.0357,0.0059,0.0555,0.0085,-0.9236,0.0087,0.009,0.0085,0.0235,-0.0112,-0.0043,-0.0059,0.0226,-0.025,-0.0078,0.0193,0.0243,-0.0259,-0.0204,-0.0052,,,,,,,
59,5119,108,2,sitting,-0.0042,1.2901,-0.0107,0.034,-0.0133,0.0008,-0.0243,-0.9992,0.0434,-0.0332,0.3905,0.025,0.0849,0.2295,0.0201,-0.0138,-0.0631,0.0955,0.0507,0.0152,-0.0807,-0.0873,0.1015,-0.1108,0.0065,-0.0001,0.0286,0.0154,-0.009,0.0292,-0.0036,0.0294,0.0159,0.0053,-0.0144,-0.0058,0.1194,3.7986,0.0046,0.0189,-0.001,0.0002,-0.0163,0.0064,0.5793,0.0051,0.0048,-0.008,0.0207,0.8871,0.0094,-0.1001,0.0074,-0.0169,-0.0062,0.0156,0.0166,0.0256,-0.02,0.1007,-0.0097,0.0098,0.0303,0.0278,-0.2207,-0.0181,0.0377,0.0208,0.0322,0.0178,-0.1506,-0.0247,-0.0083,-0.2584,0.0076,0.0977,-0.0085,0.0196,0.0182,0.1183,-0.0204,-0.0206,0.0044,0.0252,0.0187,-0.3456,0.0042,0.0188,-0.0091,0.0212,-0.0103,-0.0047,-0.0047,0.0105,-0.0226,-0.0056,0.0227,0.0093,-0.0193,-0.0187,0.0041,0.0,,,,,,
60,5120,108,2,sitting,-0.0048,1.5869,-0.0109,0.0328,-0.0111,0.0006,-0.0278,-0.9607,0.0554,-0.0462,0.4431,0.068,0.0082,0.9865,-0.0227,0.0051,-0.0194,0.0189,0.0164,0.0122,-0.0036,-0.0053,-0.0035,-0.0108,0.0147,0.0038,0.037,0.0041,-0.0159,0.026,-0.001,0.03,0.0097,0.0002,-0.0157,0.0052,0.0202,3.7871,-0.0046,-0.0043,0.0195,-0.0056,-0.0155,0.0067,4.5096,0.0063,0.0074,-0.0072,-0.0191,2.8877,-0.0185,-0.0781,-0.0192,0.0237,-0.0266,-0.0068,0.0292,0.0293,-0.0179,-0.0262,0.0161,0.0199,0.0093,0.0221,-0.2076,-0.0245,0.0508,0.0184,0.0073,0.0222,-0.1304,-0.0413,-0.0087,-0.299,0.0087,0.1186,-0.0062,0.0203,0.0085,1.4405,-0.0209,-0.0342,0.0094,0.0515,0.0243,-0.9452,0.0064,0.0253,0.0087,0.0242,-0.0113,-0.0042,-0.0064,0.0181,-0.0192,-0.0136,0.0187,0.0223,-0.0204,-0.0164,-0.0,,,,,,,
61,5121,108,2,sitting,0.0018,1.5109,-0.0112,0.0321,-0.0148,-0.022,-0.0247,-1.1513,0.0655,-0.0561,0.593,0.0552,0.0723,-0.2493,-0.0004,-0.0056,-0.0419,0.01,0.0506,0.0973,0.0874,-0.1014,0.0803,-0.2546,0.0399,-0.0036,0.0305,-0.02,-0.0226,0.0594,-0.0066,0.0344,0.0081,0.0039,-0.0147,0.0037,0.0209,0.3865,-0.0001,0.001,-0.0364,-0.0223,-0.0158,-0.0051,0.5468,-0.005,-0.0086,-0.0082,-0.0002,0.8892,0.017,-0.1504,-0.0179,0.0185,-0.0097,-0.006,0.0253,0.0221,-0.0577,-0.1105,-0.0096,0.0204,0.0245,0.0303,-0.2302,-0.0171,0.0332,0.0178,0.0263,0.009,-0.1307,-0.0468,-0.0075,-0.4503,0.0084,0.188,-0.0083,0.0228,0.0189,-0.0642,-0.0202,-0.0195,-0.0091,0.0198,0.0187,-1.0586,0.0038,0.0154,0.0094,0.0265,-0.0035,-0.0033,-0.0046,0.0185,-0.0154,-0.0155,0.0242,0.0184,-0.0179,-0.0193,,,,,,,,
62,5122,108,2,sitting,-0.0047,0.7434,-0.0112,0.0248,-0.0079,-0.0133,0.0324,0.9607,-0.0541,-0.0569,-0.4327,-0.0619,0.026,1.6583,-0.0006,0.0055,-0.0154,0.008,0.0196,0.0078,0.004,-0.0059,-0.0023,-0.0104,0.0125,-0.0032,0.0285,0.0042,-0.0073,0.0293,-0.001,0.0292,0.0082,0.0002,-0.0139,-0.0,0.0772,3.8863,-0.0851,0.0945,0.0807,0.0509,-0.0156,0.0049,4.5887,-0.0046,-0.0077,-0.0223,-0.1018,2.897,-0.0781,0.1129,-0.0868,-0.0557,-0.0893,-0.059,0.1103,0.1006,-0.0473,-0.1309,-0.0064,0.0184,0.0291,0.0375,-0.2202,-0.01,-0.0097,0.0265,0.039,0.0342,-0.1196,-0.0091,-0.0085,-0.7504,0.0092,0.3009,-0.0095,0.0343,0.0194,0.6014,-0.0186,-0.0298,0.0099,0.0442,0.0242,-0.9508,0.0051,0.0237,-0.0198,0.0097,-0.0115,-0.0106,0.0105,0.0155,-0.0247,-0.0146,0.0073,0.0228,-0.0079,-0.0189,,,,,,,,
63,5123,108,2,sitting,0.0048,1.3069,-0.0135,0.0235,-0.0217,0.0009,-0.0423,-0.8645,0.0549,-0.036,0.3851,0.0366,0.0872,0.994,-0.0946,0.0627,0.0775,0.0804,0.1129,0.1192,0.1303,0.0505,0.2656,-0.1104,0.1015,0.0134,0.01,0.0276,-0.0184,0.0335,-0.0001,0.0309,0.0158,0.0201,-0.0202,0.0002,0.001,3.5598,0.0238,0.0154,0.0221,-0.0,-0.0157,0.0063,-0.3403,0.0088,0.0064,-0.0089,0.0087,2.9098,0.0195,-0.1001,-0.0278,0.0265,-0.0566,-0.0159,0.0078,-0.0408,0.0332,0.0177,0.008,0.0193,0.0229,0.0231,-0.2251,-0.0226,0.0468,0.0222,0.0196,0.0357,-0.2208,-0.0173,-0.0076,-0.3005,0.0094,0.1279,-0.0104,0.0207,0.0227,-0.3097,-0.0204,-0.0183,-0.0062,0.019,0.0191,-1.5592,0.0109,-0.0115,0.0152,0.0051,-0.0033,-0.0041,-0.0031,0.0189,-0.0233,-0.0157,0.0191,0.0154,-0.0091,-0.0163,-0.0049,-0.0,,,,,,
64,5124,108,2,sitting,0.0103,1.2946,-0.0067,0.0231,-0.0235,-0.0245,-0.0225,-1.1708,0.0645,-0.0561,0.5727,0.0434,0.0791,-0.2492,-0.0136,0.0059,-0.0155,0.0005,0.0228,0.0122,-0.0047,-0.0033,0.0035,-0.0144,0.0168,0.0041,0.0283,0.0032,-0.0139,0.0247,-0.0002,0.0295,0.0087,0.001,-0.0152,-0.0058,0.0063,3.7551,-0.0149,0.0256,0.0985,-0.0502,-0.0089,0.005,-0.4856,0.0053,0.008,-0.0074,-0.009,2.1194,-0.0096,0.0267,-0.02,0.0165,0.0186,0.0073,-0.0221,-0.0084,-0.01,0.1309,-0.0066,0.0177,0.0293,0.0078,-0.192,-0.0181,0.0389,0.0268,0.0072,0.0302,-0.1679,-0.0229,-0.0099,-0.4506,0.0082,0.1797,-0.0095,0.0271,0.0198,0.8893,-0.0252,-0.0291,0.0094,0.0353,-0.0107,-0.4298,-0.0118,0.0243,0.0086,0.0194,0.0063,0.0038,-0.0024,0.0232,-0.0241,-0.0053,0.0205,0.0178,-0.0233,-0.0191,0.0106,,,,,,,
65,5125,108,2,sitting,0.0114,1.5883,-0.0059,0.0427,-0.0224,0.0345,-0.0236,-0.9518,0.0589,-0.0549,0.4397,0.0772,0.0633,0.8898,0.0008,-0.006,-0.0001,-0.0168,0.0207,0.01,0.0043,-0.0053,-0.0109,-0.0065,0.0227,-0.0052,0.0279,-0.0041,-0.0242,0.023,-0.0036,0.038,0.0091,0.0035,-0.0157,0.0062,-0.0879,0.7738,0.0232,0.0232,0.0503,0.0081,-0.0166,0.0046,0.5054,0.0074,0.0009,0.009,-0.0185,0.6967,-0.0203,-0.1017,-0.0245,-0.0268,0.0276,-0.0002,-0.0197,-0.001,-0.0807,0.1104,-0.0248,0.0262,0.0247,0.0277,-0.2302,-0.0184,0.0475,0.0226,0.0259,0.0302,-0.1003,-0.0332,-0.0092,-0.2982,0.0096,0.1178,-0.0087,0.0193,0.0204,-0.3094,-0.0222,-0.0186,-0.0099,0.0156,0.0111,-1.5543,0.0102,0.0206,0.0092,0.0182,-0.0053,0.0031,0.0044,0.0253,-0.0228,-0.0102,0.0154,0.0244,-0.0182,-0.0147,-0.0052,,,,,,,
66,5126,108,2,sitting,-0.0051,1.3617,-0.0115,0.033,-0.0152,-0.0056,-0.0242,-1.0886,0.0772,-0.0541,0.4831,0.0691,0.0435,0.3746,0.0121,0.0047,-0.0005,0.028,0.0205,0.0195,-0.0039,0.0064,-0.0058,-0.0143,0.0132,-0.0026,0.0375,-0.0034,-0.0109,0.0233,0.0033,0.0345,0.009,0.0057,-0.0155,0.0009,0.0208,3.7779,0.0066,0.0154,0.0001,-0.02,-0.0153,-0.0081,4.5978,-0.0087,-0.0063,0.0069,-0.0002,2.965,-0.0167,0.0509,-0.0174,-0.0082,-0.001,0.0176,0.0247,-0.0198,-0.0267,0.0332,0.0065,0.0221,0.0168,0.0189,-0.177,-0.0226,0.0258,0.0197,0.0231,0.0236,-0.1005,-0.0312,-0.0099,-0.2484,0.0094,0.0985,-0.0063,0.0188,0.0193,0.1283,-0.0201,-0.021,-0.0,0.0223,0.0106,-0.9554,0.0192,0.0043,0.0181,0.0222,-0.0033,0.0018,0.0025,0.0102,-0.0165,-0.0092,0.0154,0.0202,-0.0181,-0.0191,-0.0052,,,,,,,
67,5127,108,2,sitting,-0.0046,1.2639,-0.0112,0.034,-0.0155,0.0009,-0.0268,-0.9524,0.0411,-0.0553,0.4486,0.028,0.0788,0.7962,-0.0052,0.0056,-0.0632,0.0845,0.0928,0.0001,0.001,-0.01,-0.0002,-0.0138,0.02,-0.0151,0.027,0.0149,-0.0091,0.0248,0.0042,0.0302,0.0094,0.0054,-0.0165,-0.0043,-0.0505,3.4868,0.0804,0.119,0.1103,0.1303,-0.0204,0.0208,-0.5872,0.0164,-0.0063,0.0173,0.0175,2.7798,-0.0174,0.2207,-0.0059,0.0466,0.0461,0.0278,-0.0276,-0.0076,0.1015,0.1126,0.0285,0.0233,-0.0093,0.0308,-0.2309,-0.0221,0.0799,0.0222,0.0223,0.089,-0.1485,-0.0451,0.0097,-0.5442,0.0089,0.2084,-0.0078,0.0332,0.0082,1.5087,-0.0204,-0.0334,0.0096,0.0558,0.0047,-0.9683,-0.0107,0.0192,0.0158,0.0202,-0.0101,0.0049,0.0038,0.0151,-0.0157,-0.0207,0.0093,0.0205,-0.0159,-0.0147,-0.0116,-0.0,,,,,,
68,5128,108,2,sitting,0.0011,1.3377,-0.0106,0.0323,-0.0119,-0.0007,-0.0216,-0.9307,0.0417,-0.0584,0.4359,0.0361,0.0761,0.7846,0.0053,0.0155,-0.0245,-0.0064,0.0228,0.0109,-0.0037,-0.0026,0.0131,-0.0082,0.0135,-0.0032,0.0309,-0.0044,-0.0157,0.0169,-0.0001,0.029,0.0086,0.0034,-0.0138,-0.001,0.0002,3.0849,0.0151,0.0054,-0.0092,0.0173,-0.0156,-0.0067,0.4885,-0.0068,-0.0059,-0.0065,-0.0203,0.8972,-0.0206,-0.0806,-0.0171,0.006,-0.0088,-0.0204,0.0208,0.008,-0.1109,-0.1194,0.0063,0.017,0.0196,0.0258,-0.2257,-0.0209,0.0253,0.0094,0.0079,0.0254,-0.1176,-0.0187,-0.0067,-0.7475,0.0091,0.3098,-0.0095,0.0354,0.0243,-0.679,-0.0244,-0.0082,-0.0097,0.0094,-0.0103,-1.5593,0.0077,-0.0099,0.0156,0.02,-0.0033,-0.0043,-0.0047,0.0103,-0.0248,-0.0111,0.0205,0.0185,-0.0189,-0.0194,,,,,,,,
69,5129,108,2,sitting,-0.0045,1.3287,-0.0106,0.0438,-0.0215,0.0051,-0.0328,-0.9458,0.0569,-0.0581,0.4431,0.0178,0.0077,0.2997,-0.0232,0.0005,-0.0142,0.0094,0.0155,0.0141,-0.0024,-0.0026,-0.0036,-0.0033,0.0156,0.0039,0.0275,-0.0047,-0.0132,0.0245,-0.0002,0.0303,0.01,0.001,-0.0148,-0.0,0.0221,3.6483,0.016,0.0236,0.0242,-0.0743,-0.0161,0.0053,0.5786,0.0054,-0.0162,-0.0001,0.0863,0.8475,-0.0952,0.1005,-0.0168,0.1014,0.0394,-0.0508,0.1122,0.1191,0.2209,0.2503,0.0179,0.0093,0.0198,0.0262,-0.2251,-0.0302,0.0363,0.0207,0.0232,0.0357,-0.1185,-0.0804,-0.0074,-0.4508,0.0099,0.179,-0.0101,0.0227,0.008,1.5087,-0.02,-0.0356,0.0091,0.0592,0.0229,-0.8849,0.0031,0.0154,0.0085,0.0252,-0.0096,-0.0031,-0.0109,0.0092,-0.0233,-0.0135,0.0084,0.0253,-0.0208,-0.0084,0.0053,-0.0,,,,,,
70,5130,108,2,sitting,0.0016,1.3565,-0.0108,0.0236,-0.0224,0.0059,-0.0561,-1.0795,0.0626,-0.0411,0.5539,0.0332,0.1352,0.2789,0.0002,0.0009,0.0317,0.0142,0.0237,0.0097,0.0044,-0.0136,-0.001,-0.0063,0.0164,-0.0033,0.0276,-0.0032,-0.0141,0.0284,0.0058,0.0304,0.0082,0.0067,-0.0138,0.005,-0.0508,3.4743,0.01,0.0086,0.0083,0.0292,-0.0066,-0.007,0.4853,0.0008,-0.0073,-0.0091,0.0001,0.936,-0.0169,-0.0956,-0.0081,0.0074,-0.0221,-0.0233,0.0088,-0.0268,0.0362,0.0353,0.0078,0.0179,0.0199,0.0077,-0.1684,-0.0209,0.0568,0.0096,0.0203,0.0373,-0.1108,-0.02,-0.0094,-0.2585,0.0092,0.098,-0.009,0.0198,0.0228,-0.3137,-0.0227,-0.0187,-0.0037,0.0192,0.0104,-1.0538,0.0114,0.0153,0.0044,0.0191,-0.0059,-0.0018,-0.0038,0.0182,-0.0157,-0.0132,0.0226,0.0168,-0.0187,-0.0121,0.0032,,,,,,,
71,5131,108,2,sitting,0.0037,1.5783,-0.0119,0.0276,-0.0245,-0.0118,-0.0315,-1.2704,0.0695,-0.0584,0.6043,0.0845,-0.0794,0.367,-0.025,0.0059,-0.0009,0.0164,0.0155,0.0158,-0.0001,-0.0042,0.0054,-0.013,0.0085,0.0038,0.0284,0.0066,-0.0129,0.0188,-0.0031,0.0308,0.0072,0.001,-0.0149,-0.0052,-0.0201,3.5699,0.0087,-0.0067,-0.0079,0.009,-0.0162,-0.0086,0.4892,-0.0068,-0.0071,-0.008,-0.0507,0.9345,-0.0153,-0.0975,0.0237,0.02,0.0266,0.0091,-0.0277,-0.0163,0.1013,-0.1005,-0.0073,0.0189,0.0291,0.0178,-0.1992,-0.0262,0.0335,0.0206,0.0169,0.0332,-0.1302,-0.0196,-0.0077,-0.4502,0.0097,0.1882,-0.01,0.0228,0.0204,-0.6781,-0.0242,-0.0198,-0.0044,0.0174,0.0051,-1.5552,0.0105,-0.0066,0.0052,0.0265,-0.0063,-0.0036,-0.0033,0.0165,-0.0227,-0.0149,0.0229,0.0194,-0.0188,-0.0168,,,,,,,,
72,5132,108,2,sitting,-0.0034,0.6546,-0.0112,0.0422,-0.0225,0.0007,0.036,0.4961,-0.0584,-0.0347,-0.2347,-0.0721,0.0891,1.457,-0.0064,0.0203,-0.001,0.0073,0.02,0.0201,0.0031,-0.0032,0.0002,-0.0133,0.0067,-0.0051,0.0291,-0.0042,-0.0158,0.0143,-0.0036,0.0309,0.0106,0.0063,-0.0141,-0.004,0.0507,3.4475,-0.0001,-0.0189,-0.0972,0.0086,-0.0166,0.0003,-0.5085,0.0056,0.0074,0.009,-0.0054,2.1017,0.0095,-0.1003,0.0171,0.0169,-0.0223,-0.0183,0.0222,0.01,0.1303,-0.1191,-0.008,0.0192,0.0168,0.0289,-0.2308,-0.0286,0.0593,0.0182,0.0236,0.0576,-0.1187,-0.0221,-0.0098,-0.6278,0.0097,0.2481,-0.0099,0.0275,0.0094,1.5096,-0.0201,-0.0357,0.0089,0.0611,0.0082,-0.8849,0.0059,0.0188,-0.0052,0.0242,-0.0056,0.0053,0.0049,0.0152,-0.0248,-0.0091,0.0189,0.0204,-0.0208,-0.0148,-0.0049,,,,,,,
73,5133,108,2,sitting,-0.0104,0.9777,-0.0048,0.0317,-0.025,0.0007,0.0059,0.3837,-0.0242,-0.0105,-0.1847,-0.0697,0.0835,1.4953,0.0051,0.0134,-0.0077,0.0208,0.0721,0.0504,0.0207,-0.0223,0.0962,-0.1018,0.0161,-0.01,0.033,-0.0129,-0.0172,0.0082,-0.0063,0.0292,0.0084,0.0065,-0.0174,0.0009,0.0002,3.579,0.0237,0.0203,0.0208,-0.0222,-0.0152,-0.006,-0.7596,0.0067,-0.0066,-0.0081,-0.0089,2.7879,-0.0191,0.1194,-0.0068,0.0202,-0.02,-0.0194,0.0228,-0.0001,0.0199,0.1009,-0.0095,0.0268,0.0233,0.0343,-0.2398,-0.0073,0.0357,0.0204,0.0187,0.0356,-0.1509,-0.0278,-0.0011,-0.6143,0.0107,0.2492,-0.0107,0.0273,0.0226,-0.6788,-0.0235,-0.0085,-0.0064,0.0193,0.0086,-1.5556,0.0052,0.0188,0.0143,0.0163,-0.0104,-0.0102,-0.0053,0.0201,-0.0097,-0.0144,0.0152,0.0245,-0.0253,-0.0091,-0.0,,,,,,,
74,5134,108,2,sitting,-0.0053,0.9772,-0.0106,0.0314,-0.0142,0.0007,0.028,0.455,-0.0221,-0.023,-0.2279,-0.0543,0.0734,1.3908,-0.01,0.0002,-0.0169,0.0435,0.0202,0.0506,-0.0947,0.0033,0.0001,-0.0247,0.0196,-0.0038,0.0329,-0.0037,-0.0151,0.0189,-0.0032,0.0315,0.0149,-0.0036,-0.0154,0.006,-0.0157,3.7846,-0.0095,0.0236,0.0177,0.0091,-0.0159,0.0055,-0.4856,0.001,-0.0062,-0.0065,-0.0268,2.8567,-0.0163,-0.0082,0.0098,0.0226,0.0166,-0.009,-0.0183,0.0278,-0.1106,0.0803,0.0186,0.0193,0.0164,0.0199,-0.192,-0.0209,0.0394,0.0094,0.0239,0.0343,-0.1772,-0.0237,-0.0097,-0.2487,0.0073,0.0984,-0.0109,0.0181,0.0188,0.1292,-0.0206,-0.0198,-0.0,0.0229,-0.0063,-0.3453,0.0106,0.0082,0.0054,0.0205,-0.0066,-0.0052,-0.0035,0.0168,-0.0153,-0.0084,0.0233,0.0228,-0.0164,-0.0201,-0.0,,,,,,,
75,5135,108,2,sitting,0.0112,1.3155,-0.0072,0.0307,-0.0219,0.0152,-0.0268,-0.9604,0.0426,-0.0394,0.4437,0.0328,0.063,0.7916,-0.0007,0.0233,-0.0568,0.0265,0.0922,0.0845,-0.0746,0.0202,0.0049,-0.0227,0.01,-0.0047,0.0309,-0.0069,-0.0229,0.0151,-0.0053,0.0302,0.0094,0.0039,-0.0154,-0.0041,-0.0203,3.4885,-0.0001,-0.0245,0.0002,0.0189,-0.017,0.0056,0.5584,0.0062,-0.0058,-0.008,0.0508,0.766,0.0161,-0.1108,-0.0248,0.0278,-0.0581,-0.001,0.0693,-0.0362,0.1003,0.1129,-0.0091,0.0173,0.0303,0.0586,-0.2309,-0.0175,0.039,-0.0083,0.0302,0.0199,-0.1188,-0.0262,-0.0074,-0.7505,0.0078,0.3009,-0.0092,0.0479,0.0251,-0.6787,-0.0235,-0.0196,-0.0098,0.0291,0.009,-1.5597,0.0117,0.0095,0.0087,0.0226,-0.0107,-0.0051,-0.0106,0.0201,-0.0149,-0.009,0.0239,0.0188,-0.0189,-0.0205,-0.0,,,,,,,
76,5136,108,2,sitting,0.0045,1.4359,-0.0102,0.0327,-0.0143,0.0078,-0.0236,-1.0869,0.0737,-0.0694,0.5849,0.0548,0.1319,-0.3581,0.001,0.0142,-0.0104,0.0089,0.0182,0.0091,-0.0044,-0.0031,-0.0052,-0.0141,0.02,0.0053,0.0279,-0.0008,-0.0147,0.0208,-0.0002,0.0308,0.0133,0.0039,-0.0157,-0.006,-0.0231,0.6479,-0.0067,-0.0055,-0.0154,-0.0506,-0.0168,-0.0065,0.499,-0.0051,0.0071,-0.0066,0.0203,0.867,-0.0195,0.0985,-0.0173,0.01,0.0077,-0.0175,0.0201,-0.0083,-0.0001,-0.1019,-0.0193,0.0176,0.0232,0.008,-0.2204,-0.0229,0.0294,0.009,0.0187,0.0262,-0.1108,-0.0243,-0.0099,-0.6118,0.0108,0.2588,-0.0098,0.0354,0.0084,1.6792,-0.0197,-0.0379,0.0073,0.0556,0.0202,-0.9676,0.0105,0.0245,0.0096,0.0291,-0.0041,-0.0049,-0.0052,0.0239,-0.0152,-0.0093,0.0233,0.0189,-0.0227,-0.0146,0.0,,,,,,,
77,5137,108,2,sitting,-0.0067,1.3765,-0.0103,0.0243,-0.0117,-0.0078,-0.0219,-0.9228,0.0468,-0.055,0.4361,0.0383,-0.0761,0.9976,-0.0005,0.0233,-0.0083,0.0169,0.0147,0.0143,0.0131,0.0063,-0.0128,-0.0089,0.0256,0.0039,0.0295,0.0036,-0.0141,0.0265,-0.0062,0.0303,0.0108,0.0044,-0.0148,-0.0038,0.0698,0.4064,0.0182,-0.0248,-0.0159,-0.0981,-0.0074,-0.001,0.5466,-0.0053,-0.007,-0.0058,0.01,0.878,-0.0056,0.0806,-0.0203,-0.0002,-0.0503,0.0096,0.0221,0.0188,0.0277,0.1198,0.0195,0.0194,0.0268,0.0186,-0.2209,-0.0097,0.0179,0.019,0.0177,0.0232,-0.1102,-0.0475,-0.0073,-0.2493,0.0085,0.0984,-0.0081,0.0192,0.0204,-0.3282,-0.0201,-0.0191,-0.0047,0.0191,0.0113,-1.5539,0.0234,0.0238,0.0194,0.0063,-0.0066,-0.0038,0.0039,0.0111,-0.0153,-0.0077,0.0195,0.0223,-0.0227,-0.0089,-0.0,,,,,,,
78,5138,108,2,sitting,-0.0017,1.3537,-0.0109,0.033,-0.0214,-0.0053,-0.0253,-1.1051,0.0546,-0.0463,0.4723,0.0632,-0.0873,-0.2987,-0.0141,-0.0169,-0.0007,0.0195,0.0072,0.0134,-0.0131,-0.0025,-0.014,-0.0107,0.0138,-0.0036,0.0291,-0.0064,-0.0157,0.0182,-0.0,0.0294,0.0093,0.0043,-0.0167,-0.001,-0.0045,3.6068,0.007,0.0189,0.0092,0.02,-0.0162,0.0066,-0.5578,0.0076,0.0075,-0.0049,-0.0001,2.7779,-0.0152,-0.0507,0.0081,0.0194,-0.01,0.0158,0.0096,-0.0059,-0.0265,-0.1105,0.0174,0.0184,0.028,0.0223,-0.2207,-0.0242,0.0221,0.0097,0.0236,0.0229,-0.1014,-0.0499,-0.0083,-0.4506,0.0088,0.1885,-0.0091,0.0268,0.0203,-0.6786,-0.0207,-0.0181,-0.0098,0.019,0.0114,-1.5586,-0.0056,0.0245,0.0056,0.0195,-0.0114,-0.0057,-0.0051,0.0154,-0.0227,-0.0059,0.0164,0.0164,-0.0208,-0.0067,,,,,,,,
79,5139,108,2,sitting,-0.0019,1.5772,-0.0115,0.0243,-0.0157,0.0009,-0.0317,-0.819,0.0585,-0.043,0.3909,0.069,0.0225,1.2821,0.0036,-0.0059,-0.0094,0.0096,0.0195,0.0063,0.0058,-0.0027,0.0043,-0.0107,0.0073,-0.0034,0.0296,0.0138,-0.0084,0.0168,-0.001,0.029,0.0091,0.0,-0.0144,0.0002,0.0507,0.7048,-0.0045,-0.0041,-0.02,-0.0164,-0.0074,-0.006,0.535,-0.0066,-0.0049,-0.0065,-0.0181,0.8769,-0.0093,0.0886,-0.0161,0.0222,-0.0232,0.0067,0.0188,-0.0221,-0.0077,0.0475,-0.0198,0.0182,0.0226,0.0247,-0.2305,-0.0223,0.0245,0.0099,0.0078,0.0236,-0.1307,-0.0244,-0.0097,-0.3005,0.0083,0.128,-0.0083,0.0252,0.0205,-0.3489,-0.0208,-0.0192,-0.0038,0.0156,0.0104,-1.5536,0.0122,0.0073,0.0089,0.0207,-0.0034,0.0017,-0.0024,0.0187,-0.0206,-0.0204,0.0131,0.0233,-0.0189,-0.0163,-0.0,,,,,,,
80,5140,108,2,sitting,-0.0019,1.3639,-0.0113,0.0232,-0.0152,0.0006,-0.031,-0.9849,0.0581,-0.0435,0.4567,0.0471,-0.0217,0.2976,-0.0089,0.0062,-0.0188,0.006,0.0193,0.0164,0.0047,-0.0033,0.0037,-0.0126,0.0151,0.003,0.0271,-0.0068,-0.0106,0.0156,-0.001,0.029,0.0091,0.0002,-0.0146,0.0048,0.0907,0.6987,-0.0241,-0.0157,0.089,0.0502,-0.0054,-0.0059,0.5375,-0.0065,-0.0061,0.0086,0.0001,0.8095,0.0084,-0.1104,0.0171,-0.0085,0.0073,0.007,-0.0177,0.0082,-0.1017,0.0807,-0.0078,0.0166,0.0204,0.0223,-0.2167,-0.0074,0.0572,0.0183,0.0192,0.0774,-0.1193,-0.02,-0.0067,-0.3235,0.0079,0.1397,-0.0063,0.0226,0.0199,0.1294,-0.0202,-0.0217,-0.0096,0.0212,0.0245,-0.9504,0.0089,0.0059,0.0222,0.0314,-0.0063,-0.0059,-0.0044,0.0103,-0.0148,-0.0136,0.0159,0.0256,-0.0255,-0.0095,0.0043,,,,,,,
81,5141,108,2,sitting,-0.0019,1.3667,-0.0114,0.0438,-0.0111,-0.0002,-0.0581,-0.9645,0.0694,-0.0488,0.4077,0.0326,-0.0783,0.2859,0.0006,-0.0117,-0.001,0.022,0.0205,0.0095,-0.0001,-0.0025,-0.0033,-0.0065,0.0158,-0.0052,0.0276,0.0039,-0.0141,0.0185,-0.0043,0.0314,0.0084,0.0046,-0.0109,0.0051,0.0847,3.6061,-0.0086,0.0056,-0.0505,-0.01,-0.0148,0.0053,4.5789,0.0054,0.0073,-0.0164,0.0228,2.5587,-0.0092,-0.0806,-0.0093,0.0163,0.0242,-0.0168,-0.0099,0.02,0.0373,-0.1102,-0.017,0.0171,0.0221,0.0343,-0.2376,-0.0191,0.0349,0.0079,0.0232,0.0294,-0.1194,-0.0197,-0.0075,-0.249,0.008,0.0978,-0.0098,0.0182,0.0227,1.4507,-0.0233,-0.0268,0.0094,0.0544,0.0063,-0.8898,0.0064,0.0053,-0.0094,0.0252,-0.0063,-0.0111,-0.0023,0.0234,-0.0247,-0.0085,0.0245,0.0236,-0.0193,-0.0159,-0.0,,,,,,,
82,5142,108,2,sitting,-0.0019,1.327,-0.0109,0.0215,-0.0111,0.0006,-0.0154,-0.9568,0.0426,-0.0357,0.4427,0.0354,0.0113,0.9986,-0.0132,-0.0134,-0.0174,0.006,0.0196,0.0232,-0.0043,-0.0059,0.0047,-0.0139,0.009,0.0042,0.0375,0.0031,-0.013,0.025,-0.0002,0.0345,0.0084,0.001,-0.0136,0.0038,0.0585,0.5579,0.0073,0.0286,-0.0791,-0.0846,-0.0188,-0.0051,0.5789,-0.0006,-0.0058,0.0067,0.0698,1.5664,-0.0166,-0.1302,-0.0207,0.01,0.0503,0.0581,0.0455,-0.1015,-0.078,-0.1193,-0.0065,0.0268,0.0292,0.0177,-0.192,-0.0197,0.0335,0.0222,0.037,0.0412,-0.1587,-0.0314,-0.0083,-0.2593,0.0076,0.0978,-0.0082,0.0192,0.0193,0.1294,-0.02,-0.0234,-0.0001,0.0241,0.0122,-0.3451,0.0057,0.0143,0.0056,0.0235,-0.0051,0.0056,0.0035,0.0105,-0.0155,-0.0121,0.0146,0.0229,-0.0223,-0.0226,-0.0044,,,,,,,
83,5143,108,2,sitting,-0.0047,0.7282,-0.0073,0.0106,-0.0095,-0.0104,0.0111,0.4427,-0.0213,-0.0182,-0.2058,-0.034,0.0531,1.4562,-0.0074,0.0109,-0.0125,0.0094,0.0223,0.0121,0.0005,0.0037,0.0054,-0.007,0.0133,-0.003,0.0289,0.0069,-0.0161,0.0284,-0.0002,0.029,0.01,0.001,-0.0149,0.006,0.0153,3.7579,-0.0001,-0.0155,0.0065,-0.0091,-0.0108,0.0052,-0.4851,0.0063,0.0068,0.0072,-0.0226,2.6783,0.0093,-0.0798,0.0078,-0.0059,-0.008,-0.0096,0.0176,-0.0177,0.0188,0.0505,-0.0184,0.0192,0.0186,0.02,-0.2303,-0.0197,0.0347,0.0233,0.0071,0.0308,-0.1302,-0.0399,-0.0085,-0.3006,0.0053,0.1287,-0.009,0.0229,0.0201,0.1281,-0.0235,-0.0189,-0.0052,0.0191,-0.0122,-0.9506,0.0203,0.0221,0.0265,0.0182,-0.0039,-0.0046,0.0017,0.0111,-0.0195,-0.0141,0.0177,0.0228,-0.024,-0.0206,-0.0046,,,,,,,
84,5144,108,2,sitting,-0.0046,1.3293,-0.0112,0.0324,-0.0113,-0.0043,-0.042,-1.3057,0.0797,-0.0584,0.5834,0.0639,0.0004,0.2521,-0.026,0.0059,-0.0242,0.0149,0.0155,0.0109,0.0041,-0.0038,-0.0037,-0.0108,0.0204,0.0031,0.0308,0.0047,-0.0144,0.0223,-0.001,0.0302,0.0063,0.0002,-0.0156,-0.0,0.0503,0.4578,0.0181,-0.01,-0.02,0.0206,-0.0165,0.0069,0.4872,0.0052,0.0051,-0.0064,-0.0207,0.7954,-0.0086,-0.027,0.0096,-0.0083,0.0073,-0.0185,0.0227,0.0089,-0.0222,-0.0357,0.018,0.0188,0.0195,0.0303,-0.2202,-0.0236,0.0259,0.0229,0.0228,0.0256,-0.1108,-0.0233,-0.0098,-0.5374,0.0091,0.209,-0.0092,0.0278,0.0182,-0.6799,-0.0209,-0.0193,-0.0018,0.0187,0.0043,-1.5594,0.0054,0.0245,-0.0182,0.0243,-0.0033,-0.0053,-0.0053,0.0202,-0.0181,-0.0133,0.0158,0.0192,-0.0221,-0.0194,0.0036,,,,,,,
85,5145,108,2,sitting,0.0015,1.5939,-0.0105,0.0324,-0.0154,0.0009,-0.042,-0.7865,0.0348,-0.0354,0.3879,0.0384,0.0851,0.8877,0.026,-0.0134,-0.0621,-0.0067,0.0791,0.0925,0.0503,-0.0231,-0.0168,0.0221,0.0248,0.0205,0.0304,-0.0002,-0.0233,0.0176,0.0133,0.0305,0.0066,0.0147,-0.0155,0.0158,0.001,3.874,0.0063,-0.0,-0.0201,-0.0189,-0.0092,0.0062,-0.467,0.0061,-0.0048,0.0082,-0.0069,2.1019,0.0223,0.1509,0.0156,-0.0171,-0.02,0.0164,0.0099,-0.0001,-0.0181,0.0804,-0.0094,0.018,0.0303,0.0343,-0.2205,-0.0175,0.0309,0.0174,0.0258,0.0309,-0.1498,-0.0204,-0.0052,-0.2485,0.0086,0.0983,-0.0097,0.0184,0.019,0.1296,-0.0222,-0.0227,0.0031,0.0242,-0.0193,-0.429,0.0054,0.0158,0.0089,0.0206,-0.0033,-0.0044,-0.0051,0.0243,-0.0195,-0.0159,0.0091,0.0194,-0.0235,-0.0182,0.0017,,,,,,,
86,5146,108,2,sitting,0.0103,1.3235,-0.0048,0.0421,-0.023,0.0058,-0.0172,-0.8982,0.0569,-0.0508,0.3954,0.0761,0.0908,1.3837,-0.0617,0.0001,0.0002,-0.0223,0.0078,0.0004,-0.0064,-0.0023,-0.001,-0.0142,0.0204,-0.0035,0.0308,-0.0062,-0.0168,0.0185,-0.0031,0.0302,0.0063,0.0046,-0.015,0.0045,-0.0194,0.5587,-0.0144,0.0247,0.0188,0.0,-0.0159,-0.0074,0.5338,0.0079,-0.0067,-0.0073,-0.0152,0.8065,0.0084,-0.1508,-0.0189,0.0239,-0.0278,-0.0066,0.0258,-0.0077,0.0804,-0.1015,-0.0232,0.017,0.0268,0.0277,-0.2242,-0.0182,0.0394,0.0186,0.0221,0.0253,-0.1008,-0.0252,-0.0075,-0.2496,0.0076,0.0981,-0.0091,0.0193,0.02,-0.3127,-0.0205,-0.019,-0.0031,0.0197,0.0044,-1.5599,-0.0042,0.0192,0.0092,0.0242,-0.0044,-0.0038,-0.0024,0.0141,-0.0195,-0.0147,0.0185,0.0208,-0.0192,-0.0149,,,,,,,,
87,5147,108,2,sitting,-0.0115,1.373,-0.0051,0.0326,-0.0158,0.0006,-0.021,-0.8974,0.0582,-0.0468,0.4183,0.0632,-0.1634,0.9962,0.0155,0.0157,-0.0986,0.0731,0.0856,-0.2225,0.1304,0.0509,-0.1012,-0.0809,-0.0053,-0.001,0.0292,-0.0065,-0.0129,0.0208,-0.0036,0.0296,0.0094,0.0043,-0.0163,0.0064,-0.0001,0.4769,0.0045,0.0146,-0.0002,0.0152,-0.0166,-0.0044,0.5475,-0.008,0.006,-0.0067,0.0091,0.8878,-0.0202,0.1505,-0.0204,0.0193,-0.0198,-0.0205,0.0179,0.0196,0.0332,-0.1197,0.0285,0.0177,0.0305,0.0084,-0.2307,-0.0221,0.0176,0.0172,0.0207,0.0223,-0.1585,-0.0192,-0.009,-0.4506,0.0087,0.1895,-0.0087,0.0197,0.0181,0.7754,-0.0226,-0.0242,-0.01,0.0229,-0.0201,-0.9502,-0.0112,0.0155,-0.0131,0.0186,-0.0051,-0.0053,-0.0047,0.0187,-0.0243,-0.0134,0.0195,0.009,-0.0227,-0.0181,0.0,,,,,,,
88,5148,108,2,sitting,0.0052,1.2863,-0.0116,0.0439,-0.0224,0.0318,-0.0172,-0.9236,0.0584,-0.0508,0.4604,0.068,-0.0723,0.9645,-0.0009,-0.0002,-0.0143,0.0064,0.0073,0.0122,-0.0001,-0.0059,0.0051,-0.0131,0.0226,-0.0053,0.0283,0.0034,-0.0135,0.0194,-0.0054,0.032,0.0074,0.0041,-0.0108,0.0057,0.001,3.5549,-0.0046,0.0056,-0.0202,-0.0222,-0.0168,0.0067,0.5869,0.0061,-0.0086,-0.0166,-0.0181,0.925,0.0062,0.0971,-0.0237,0.0078,-0.01,0.0223,0.0079,-0.0265,0.0,0.0182,0.0199,0.0204,0.0247,0.0347,-0.2206,-0.0253,0.0379,0.0188,0.0239,0.0089,-0.1307,-0.0183,-0.0091,-0.2504,0.0095,0.0977,-0.0093,0.0185,0.0208,-0.3097,-0.0209,-0.009,-0.0087,0.0198,-0.0054,-1.0588,0.0053,0.0154,0.0158,0.0191,-0.0053,-0.0059,-0.0041,0.0233,-0.0165,-0.0094,0.0083,0.0242,-0.0185,-0.0252,-0.0017,,,,,,,
89,5149,108,2,sitting,-0.0011,1.3686,-0.0104,0.025,-0.0113,-0.0009,-0.0375,-1.1554,0.0791,-0.0584,0.5906,0.0553,0.2061,0.2295,-0.0149,0.0001,-0.0846,0.0918,0.0509,0.0807,0.01,-0.0163,0.02,0.0093,0.0094,0.0131,0.0279,0.0158,-0.0065,0.0176,-0.0055,0.0291,0.0134,-0.0045,-0.0144,0.0057,0.0096,4.3987,0.0148,0.0182,0.0042,0.0221,-0.0143,-0.0069,0.567,0.0067,-0.0052,-0.0072,-0.0064,0.8568,-0.009,-0.1197,0.006,-0.0079,0.0062,0.0074,0.0066,0.0083,0.0326,-0.1015,0.0098,0.0188,0.0189,0.0071,-0.2504,-0.0099,0.034,0.0078,0.0197,0.0343,-0.1104,-0.0262,-0.0012,-0.6118,0.0077,0.2481,-0.0107,0.0276,0.0245,-0.6792,-0.0227,-0.0082,-0.0025,0.0191,0.0111,-1.5568,0.0043,0.0195,0.0087,0.0293,-0.0044,-0.0041,-0.0039,0.0153,-0.0143,-0.0143,0.0191,0.0206,-0.0237,-0.0149,0.0018,,,,,,,
90,5150,108,2,sitting,0.0014,1.3674,-0.0117,0.0375,-0.0112,0.0043,-0.0216,-0.8891,0.0468,-0.0345,0.4194,0.0447,-0.0737,0.3556,-0.0007,0.0123,-0.0232,0.0063,0.0185,0.0051,-0.0025,0.0052,0.001,-0.0108,0.0236,-0.0038,0.033,-0.0106,-0.0149,0.028,-0.0032,0.0297,0.0072,0.0002,-0.0158,0.0044,-0.0539,0.6567,0.01,0.0232,0.0507,0.0962,-0.0086,0.007,0.5464,0.0148,0.0073,0.0089,-0.0237,1.4409,0.0153,-0.0296,0.0087,0.0278,0.0057,0.0203,-0.0258,-0.0159,-0.1011,-0.0766,-0.0061,0.0183,0.0262,0.0291,-0.1879,-0.0206,0.0343,0.0196,0.0265,0.0595,-0.1129,-0.0379,-0.0093,-0.6276,0.0107,0.2584,-0.0092,0.0271,0.0199,1.6782,-0.0204,-0.0347,0.0094,0.0515,0.0098,-0.9701,0.009,0.0207,0.0052,0.0182,-0.0024,-0.0041,-0.0017,0.0168,-0.0256,-0.0136,0.0226,0.0202,-0.0193,-0.0248,0.0017,,,,,,,
91,5151,108,2,sitting,0.0003,1.2963,-0.0053,0.0231,-0.0146,-0.0059,-0.0431,-0.9949,0.0577,-0.0615,0.4473,0.0314,0.0216,0.0941,-0.0241,0.001,-0.0186,0.0047,0.0192,0.0087,0.0024,-0.0036,0.0033,-0.0068,0.0154,0.0028,0.0289,0.0037,-0.0138,0.0284,-0.0,0.0292,0.009,0.0002,-0.0145,0.0001,-0.0507,0.644,-0.0202,-0.0091,0.0796,-0.0871,-0.0143,0.0052,0.5885,-0.0051,0.006,-0.017,0.0093,0.8879,-0.0178,-0.1102,-0.0223,0.0239,0.0268,-0.0194,0.0098,-0.0302,0.1191,0.101,0.0245,0.018,0.0227,0.0347,-0.2309,-0.0262,0.0175,-0.0195,0.0206,0.0294,-0.1484,-0.0207,-0.0082,-0.7504,0.0083,0.3002,-0.0092,0.0278,0.0084,1.5081,-0.0197,-0.0357,0.0089,0.0547,0.0052,-0.9508,0.0082,0.0143,0.0201,0.0237,-0.0056,-0.0049,-0.0052,0.0233,-0.0193,-0.0089,0.0232,0.0226,-0.0265,-0.0187,-0.0037,,,,,,,
92,5152,108,2,sitting,-0.0035,1.2861,-0.0115,0.0325,-0.0152,0.0006,-0.0155,-0.8348,0.0553,-0.0355,0.3854,0.0462,0.0107,0.8847,-0.0064,0.0056,-0.0083,0.0214,0.0177,0.0059,0.0021,-0.0041,-0.0037,-0.0069,0.0157,0.0044,0.0278,0.0066,-0.0129,0.016,-0.0,0.031,0.01,0.001,-0.0149,0.0001,0.0696,0.7543,-0.0051,0.0507,0.0948,-0.0881,-0.0163,-0.0086,0.5892,-0.0065,-0.008,-0.0068,-0.0002,0.8799,0.0208,-0.1508,0.0085,0.0265,-0.02,-0.0073,0.0253,-0.0171,-0.0278,-0.0307,0.0245,0.0097,0.0202,0.0308,-0.2205,-0.0247,0.0078,0.009,0.0226,0.0089,-0.1198,-0.0207,-0.0084,-0.7507,0.0094,0.3017,-0.0191,0.0374,0.0206,-0.6793,-0.0227,-0.0195,-0.0046,0.0242,0.0087,-1.5598,0.0046,0.0189,0.0087,0.0192,-0.0113,-0.0041,0.0033,0.0233,-0.0191,-0.0073,0.0179,0.0238,-0.0259,-0.0047,-0.0024,,,,,,,
93,5153,108,2,sitting,-0.0132,1.5365,-0.0059,0.0253,-0.0143,0.0009,-0.0232,-0.8484,0.055,-0.0523,0.4477,0.0488,0.0319,0.9722,-0.0107,-0.0126,-0.026,0.0182,0.0207,0.0181,-0.0024,0.0031,-0.0025,-0.0067,0.0235,-0.003,0.0297,-0.004,-0.0206,0.0189,-0.0002,0.0308,0.01,0.001,-0.0106,-0.0001,0.0438,3.0942,-0.0222,-0.0149,-0.0508,0.0852,-0.0158,0.0063,4.4547,0.0062,-0.008,-0.0074,0.0554,2.7851,-0.0179,0.0956,0.0183,0.0221,-0.0157,-0.0265,0.0094,-0.007,-0.1012,0.0277,-0.0208,0.0164,0.0293,0.0176,-0.2166,-0.0593,0.0339,0.0069,0.0205,0.0394,-0.1305,-0.0278,-0.0088,-0.7598,0.009,0.3019,-0.0091,0.0378,0.0082,1.5086,-0.0227,-0.0347,0.0099,0.0585,0.0187,-0.9683,0.0095,0.0196,-0.0233,0.0238,-0.0102,-0.0052,-0.0105,0.0164,-0.0174,-0.0154,0.0237,0.0203,-0.0191,-0.0229,0.0,,,,,,,
94,5154,108,2,sitting,0.0103,1.327,-0.0046,0.0431,-0.0162,0.0007,-0.0215,-0.9238,0.0554,-0.0549,0.4155,0.0395,0.0851,0.7875,0.0202,0.0066,-0.0764,0.0925,0.0628,0.0509,0.0542,0.0809,-0.0305,-0.0557,0.0143,0.0129,0.02,-0.0242,-0.0221,0.0226,-0.0136,0.029,0.0147,0.0039,-0.0087,0.006,-0.1011,3.4573,0.0059,0.0083,-0.0262,-0.0308,-0.01,0.0001,0.535,0.0065,-0.0052,0.0072,-0.0089,0.9212,-0.0086,0.119,0.0077,0.0158,0.0002,-0.0176,0.0174,0.0095,-0.0309,0.0385,0.0179,0.0091,0.0198,0.0289,-0.2243,-0.0568,0.0588,0.0094,0.0203,0.0303,-0.1106,-0.0302,-0.0051,-0.2496,0.008,0.0981,-0.0064,0.019,0.0193,0.1285,-0.0184,-0.0294,-0.0097,0.0293,0.0109,-0.9987,0.0042,0.0205,0.0059,0.0216,-0.0116,0.0052,-0.0051,0.0155,-0.0204,-0.0053,0.0189,0.0181,-0.0174,-0.0046,0.0033,-0.0,,,,,,
95,5155,108,2,sitting,-0.0044,1.3049,-0.0104,0.034,-0.0223,-0.0001,-0.0554,-0.9764,0.0615,-0.0773,0.4541,0.0473,0.1321,0.906,-0.0217,-0.0006,-0.0879,-0.0918,-0.1014,-0.2329,-0.2768,-0.2457,-0.3577,-0.2659,0.001,-0.0042,0.0507,0.0146,-0.0158,0.0245,0.0031,0.0294,-0.0063,0.007,-0.0161,0.0051,0.0207,3.7865,-0.0067,-0.0086,0.0201,-0.0206,-0.0162,0.008,0.5556,-0.0081,-0.0048,-0.0082,-0.0094,0.8871,-0.0169,-0.0804,-0.0189,0.0093,0.0191,0.0076,-0.0095,0.0199,-0.0166,-0.0,-0.0087,0.0233,0.0229,0.0097,-0.1875,-0.0198,0.0303,0.0084,0.0221,0.0202,-0.1106,-0.0241,-0.0083,-0.6173,0.0063,0.2485,-0.0081,0.0314,0.0232,-0.6792,-0.0227,-0.0195,-0.0054,0.02,-0.0196,-1.5554,-0.0041,0.0204,0.0089,0.0235,-0.0049,0.0033,0.0043,0.0146,-0.0152,-0.0149,0.0089,0.0208,-0.0228,-0.0164,,,,,,,,
96,5156,108,2,sitting,-0.0136,1.3287,0.0053,0.0423,-0.0318,-0.0211,-0.0594,-1.0955,0.0746,-0.0698,0.5835,0.0851,0.1374,-0.3856,-0.0004,-0.0,-0.0188,-0.001,0.01,0.0202,0.0002,0.0024,-0.0001,-0.0093,0.0157,-0.0054,0.0286,-0.0129,-0.0139,0.0183,-0.0031,0.0288,0.0141,0.0059,-0.0143,-0.005,0.0178,0.7782,0.0045,0.0195,0.0204,0.0191,-0.0162,0.006,0.4986,0.0065,0.0047,0.0163,-0.0203,0.8766,-0.017,0.0804,-0.0089,-0.0068,-0.0506,0.0171,0.0257,-0.0072,0.1122,-0.1004,0.0207,0.0199,0.0247,0.0303,-0.192,-0.0185,0.0179,0.0239,0.038,0.0332,-0.1192,-0.0206,-0.0092,-0.4875,0.009,0.1881,-0.0096,0.0223,0.0084,1.505,-0.0205,-0.0348,0.0056,0.0555,-0.0119,-0.9735,0.0056,0.0252,0.0208,0.0152,-0.0046,-0.0101,0.0041,0.0234,-0.0136,-0.0136,0.0154,0.0164,-0.0195,-0.0141,-0.0051,,,,,,,
97,5157,108,2,sitting,-0.0037,1.5849,-0.0107,0.0323,-0.0131,-0.0052,-0.0271,-0.9355,0.0586,-0.0578,0.417,0.0353,0.025,0.7962,-0.0106,0.0036,-0.0156,0.0177,0.0201,0.008,0.0041,0.0039,-0.0035,-0.0043,0.0168,0.0006,0.0294,-0.0042,-0.0138,0.0187,-0.0002,0.0285,0.0065,0.001,-0.014,0.0001,0.047,0.5548,0.02,0.0154,0.0084,-0.0857,-0.0188,0.0064,0.536,0.0046,0.0072,-0.0073,0.0191,0.9985,-0.0174,0.0971,-0.0166,0.0096,-0.0504,0.0206,0.0373,0.0238,-0.0804,-0.1504,-0.0063,0.0194,0.0203,0.0278,-0.192,-0.0286,0.0335,0.0081,0.0242,0.0189,-0.1304,-0.0209,-0.0011,-0.2983,0.0082,0.1188,-0.0091,0.0248,0.0095,1.4498,-0.0192,-0.0348,0.0056,0.059,0.0197,-0.8551,0.0093,0.0169,0.0185,0.0188,-0.0045,0.0014,-0.0017,0.0268,-0.0194,-0.0256,0.0092,0.0178,-0.0195,-0.0192,-0.0118,0.0,,,,,,
98,5158,108,2,sitting,-0.0012,1.5943,-0.0106,0.0306,-0.0117,0.0008,-0.0247,-0.9404,0.0574,-0.0411,0.4294,0.0321,0.028,0.9514,-0.0047,0.004,-0.0206,0.0186,0.0193,0.0109,-0.0053,-0.003,-0.0027,-0.0134,0.0194,-0.0031,0.035,0.0035,-0.0189,0.016,-0.0001,0.0291,0.0081,0.001,-0.0107,0.0002,0.0142,0.6651,0.0067,0.0085,-0.0091,-0.0097,-0.0148,-0.0058,0.5573,-0.0052,-0.0049,-0.0062,-0.0256,0.7982,-0.0228,-0.0887,-0.0096,0.009,-0.0177,0.0169,0.0268,0.0192,-0.0362,-0.02,-0.0068,0.0178,0.0259,0.0347,-0.19,-0.0204,0.0262,0.0175,0.0176,0.0308,-0.1384,-0.0243,-0.0099,-0.4508,0.0098,0.1888,-0.0101,0.0277,0.0203,-0.6783,-0.0208,-0.0168,-0.0041,0.0252,0.0054,-1.5536,0.0056,0.0186,0.0152,0.0293,-0.0112,-0.0039,-0.0039,0.0158,-0.0173,-0.0094,0.0052,0.0248,-0.0253,-0.0136,,,,,,,,
99,5159,108,2,sitting,0.0108,1.3077,-0.0051,0.0324,-0.0162,0.0006,-0.0213,-0.9404,0.055,-0.0574,0.4381,0.0475,-0.0621,0.3736,-0.0058,0.006,0.0231,-0.0086,0.0185,0.0087,-0.0043,0.0025,-0.0107,-0.0147,0.0154,-0.0029,0.0308,0.0041,-0.0164,0.0184,-0.0031,0.0295,0.0138,0.0045,-0.0146,0.0006,0.0955,3.5961,0.0096,0.0083,0.0507,-0.101,-0.0002,-0.001,0.5788,0.0052,-0.0066,-0.0067,-0.0169,0.737,-0.0089,-0.1122,0.0232,0.0095,-0.0063,0.0202,0.009,-0.0199,0.0405,-0.0362,-0.0072,0.0207,0.0171,0.02,-0.1921,-0.0194,0.039,0.0242,0.0268,0.0302,-0.1507,-0.0238,-0.008,-0.3275,0.0078,0.1292,-0.0081,0.0201,0.0221,-0.6797,-0.0233,-0.0193,-0.0091,0.0198,0.0064,-1.5568,-0.0101,0.0085,0.0154,0.0222,-0.0062,-0.0065,-0.0036,0.0168,-0.0141,-0.0155,0.0185,0.0204,-0.0208,-0.0191,0.0,,,,,,,
100,5160,108,2,sitting,-0.0053,1.3293,-0.0123,0.0322,-0.0154,0.0007,-0.0439,-0.9554,0.0582,-0.0574,0.4362,0.0332,-0.0943,0.9515,-0.028,0.0066,-0.0737,-0.0619,0.0872,-0.001,-0.0505,0.0809,-0.0002,0.0097,0.1015,-0.0231,0.0408,-0.0038,-0.0471,0.0946,-0.0041,0.0292,0.0133,-0.0069,-0.0149,0.0064,0.0209,3.4463,-0.0222,-0.0186,-0.0001,-0.0078,-0.0162,0.0058,-0.5084,0.0055,0.0068,0.0188,-0.0073,2.1191,-0.0092,0.1103,-0.02,0.0221,-0.0206,-0.0067,0.009,0.0165,0.1004,0.1303,-0.0079,0.0175,0.0203,0.0343,-0.2207,-0.0081,0.0589,0.0185,0.0183,0.0308,-0.1505,-0.0202,-0.0076,-0.2494,0.0098,0.0987,-0.0101,0.0193,0.0199,0.7791,-0.0201,-0.0196,-0.01,0.0223,0.0208,-0.5454,0.0232,0.0043,0.0169,0.0207,-0.0115,-0.0038,0.0037,0.0245,-0.0252,-0.0136,0.0265,0.0248,-0.0196,-0.0158,-0.0,,,,,,,
101,5161,108,2,sitting,-0.0045,1.5937,-0.0117,0.0344,-0.0133,-0.0005,-0.026,-0.8182,0.0585,-0.0491,0.3907,0.0468,-0.0248,0.7849,-0.0122,0.0041,-0.0143,0.0126,0.0157,0.0093,0.0056,-0.0038,0.0023,-0.0067,0.0065,0.0034,0.0328,-0.0047,-0.0155,0.0208,-0.0001,0.0309,0.0084,0.001,-0.0151,0.0002,0.0664,0.6942,0.0092,0.0097,-0.0848,-0.0976,-0.0074,0.0054,0.5894,0.005,0.0082,0.0073,0.0077,0.8863,0.017,-0.1009,-0.0072,-0.0203,0.01,-0.0098,-0.02,-0.0083,-0.0507,-0.1198,-0.0247,0.0196,0.0293,0.0091,-0.2202,-0.0187,0.0675,0.0195,0.0301,0.068,-0.1379,0.0081,-0.009,-0.2503,0.0099,0.0986,-0.0063,0.0189,0.0227,-0.3137,-0.0234,-0.0094,-0.0103,0.019,0.0113,-1.0559,0.0046,0.0146,-0.0243,0.0155,-0.0116,0.0114,0.0037,0.0159,-0.0236,-0.0134,0.0193,0.0168,-0.0206,-0.0233,-0.0049,,,,,,,
102,5162,108,2,sitting,-0.0046,0.7953,0.0113,0.0219,-0.0158,-0.0002,0.0344,0.2547,-0.0235,-0.0169,-0.1161,-0.0468,-0.0908,1.3977,0.0007,0.0142,0.0538,-0.0091,0.0721,0.0508,0.0628,0.0023,-0.0049,0.0556,0.0001,0.0037,0.0345,0.0152,0.0093,0.0232,0.0066,0.0284,0.0097,0.0067,-0.0165,0.0051,-0.0089,3.5054,0.0094,0.001,0.0078,-0.0204,-0.017,0.0087,-0.5581,0.0048,0.006,0.0088,-0.0063,2.8575,0.0157,-0.0599,-0.0086,0.02,-0.01,-0.0095,0.0208,-0.0073,0.0807,0.0064,-0.0096,0.0162,0.0221,0.0182,-0.1927,-0.0209,0.0583,0.0172,0.0184,0.0262,-0.129,-0.0174,-0.008,-0.2508,0.0051,0.0892,-0.0108,0.0198,0.0202,0.121,-0.0205,-0.0174,-0.0062,0.0183,0.0229,-0.9681,0.0078,0.0153,0.0089,0.0252,-0.0114,-0.0111,0.0043,0.0077,-0.0233,-0.0159,0.0158,0.0192,-0.0222,-0.0161,0.0013,0.0,,,,,,
103,5163,108,2,sitting,-0.0046,0.6898,-0.0105,0.0323,-0.0217,-0.0006,0.0415,0.2572,-0.0246,-0.0089,-0.1257,-0.0476,0.0856,1.4561,-0.0632,0.0973,-0.0722,0.0505,0.1926,0.2442,0.3347,0.2949,0.2781,0.3852,0.0249,0.0139,0.0305,-0.01,-0.02,0.0807,-0.0155,0.0286,0.0091,0.0035,-0.0143,0.006,-0.0248,3.7582,-0.001,0.054,-0.0278,-0.1105,-0.0002,-0.0088,-0.647,-0.0059,-0.0065,-0.0076,-0.0553,2.6978,-0.0186,0.5475,-0.101,0.069,0.1505,0.0205,-0.1004,0.1304,0.2254,-0.1124,0.0001,0.0077,0.0085,0.0288,-0.2506,-0.0276,0.0339,0.0184,0.0222,0.0308,-0.1193,-0.0221,-0.008,-0.4608,0.0094,0.1797,-0.0112,0.0201,0.0232,-0.0477,-0.0253,-0.0199,-0.0083,0.0054,-0.0196,-1.5593,-0.0087,0.0239,0.0158,0.0185,-0.0043,-0.0092,-0.0056,0.0168,-0.0195,-0.0078,0.0265,0.0262,-0.0273,-0.0046,,,,,,,,
104,5164,108,2,sitting,0.0106,1.2662,-0.0047,0.0324,-0.0117,0.0006,-0.0436,-1.256,0.0774,-0.0585,0.4846,0.0504,0.0213,0.3744,-0.0078,0.0067,-0.0155,0.0168,0.0177,0.0123,0.0038,0.0053,0.0029,-0.0143,0.0073,0.0034,0.034,0.0035,-0.0142,0.0195,-0.001,0.031,0.0087,0.0002,-0.0151,-0.0,0.0854,3.6579,0.0001,0.0232,0.0941,-0.0556,-0.0045,-0.0066,-0.6484,-0.0057,0.0071,0.0089,-0.007,2.9861,0.0081,-0.101,0.0194,0.0196,0.0201,0.0221,-0.0186,-0.0188,0.1102,-0.1126,-0.018,0.019,0.0207,0.0175,-0.2163,-0.0499,0.0395,0.0091,0.0223,0.0342,-0.1303,-0.0343,-0.0097,-0.2476,0.0093,0.0982,-0.0083,0.0247,0.0251,-0.3406,-0.0235,-0.0181,-0.0054,0.0194,-0.0117,-1.5546,0.0192,0.0059,0.0181,0.0245,-0.0041,-0.0044,-0.0031,0.0094,-0.0243,-0.0168,0.0173,0.0186,-0.0265,-0.0051,-0.0052,,,,,,,
105,5165,108,2,sitting,-0.0048,1.3041,-0.0102,0.0245,-0.0117,0.0008,-0.0277,-0.9415,0.0577,-0.0518,0.4463,0.034,0.0845,0.9737,-0.0046,0.0064,-0.0228,0.0155,0.0235,0.0083,-0.0025,-0.006,-0.0131,-0.0136,0.0427,-0.0032,0.0271,0.0038,-0.0168,0.0274,-0.0043,0.0285,0.0092,0.0067,-0.0159,-0.0052,0.0639,3.6957,0.001,0.02,-0.0781,0.0806,-0.01,-0.0072,0.4956,-0.0074,0.0086,0.0173,-0.0503,0.8861,0.0242,0.0962,-0.0001,0.0193,-0.1102,-0.0204,0.0332,-0.0384,-0.1018,0.1126,0.0065,0.008,0.0166,0.0002,-0.2509,-0.0221,-0.0579,0.017,0.0171,-0.0582,-0.1305,-0.0209,-0.0075,-0.3294,0.0087,0.129,-0.0085,0.0247,0.0099,1.4496,-0.0207,-0.0335,0.0093,0.0584,0.0189,-0.9534,0.0091,-0.0116,-0.0198,0.0181,-0.0106,-0.0104,-0.0031,0.0187,-0.0201,-0.0133,0.0179,0.0182,-0.0265,-0.0131,0.0,,,,,,,
106,5166,108,2,sitting,-0.0116,1.3223,0.0068,0.0319,-0.0152,0.0073,-0.023,-0.9721,0.0343,-0.0431,0.4537,0.0087,-0.0554,0.8918,-0.0008,0.0207,-0.0002,0.0165,0.0166,0.0081,-0.0032,-0.0059,0.0133,-0.0126,0.0136,0.0051,0.0328,-0.0043,-0.0141,0.0253,0.0039,0.0364,0.0093,0.0056,-0.0142,0.0053,-0.0095,0.7858,-0.0046,-0.0163,-0.067,-0.0885,-0.0149,-0.0074,0.5338,-0.0069,-0.001,-0.0107,-0.0055,0.7699,-0.0001,0.098,0.0075,0.0192,0.0191,-0.0201,-0.019,0.0239,0.0503,-0.1104,0.024,0.0182,0.0245,0.0177,-0.2503,-0.0079,0.0335,0.0084,0.0265,0.0804,-0.1196,-0.0247,-0.0011,-0.4502,0.0063,0.1783,-0.0105,0.0226,0.0088,1.5098,-0.0201,-0.0298,0.0096,0.0586,-0.0194,-0.9502,0.0063,0.0092,0.0158,0.0254,-0.0045,-0.0047,-0.0051,0.0182,-0.0206,-0.0136,0.0073,0.0208,-0.0229,-0.0164,-0.0,,,,,,,
107,5167,108,2,sitting,0.0108,1.3073,-0.0082,0.0345,-0.0224,-0.0062,-0.0414,-1.1611,0.0712,-0.0581,0.6054,0.0693,-0.1321,-0.2631,-0.0005,-0.0507,-0.0152,0.0955,0.2053,0.2263,0.2364,0.1124,0.1505,0.2557,0.001,-0.0158,0.02,-0.0201,-0.0439,0.0434,0.0032,0.0293,0.0066,0.0056,-0.0094,-0.0036,0.0,3.4846,-0.0207,0.0001,-0.0086,0.0159,-0.0149,-0.0061,4.4796,-0.0078,-0.009,0.0051,-0.0169,2.8977,-0.0247,0.1109,-0.0187,0.0278,-0.0175,-0.0179,0.0184,0.0278,0.0408,-0.1303,0.0242,0.0221,0.0172,0.01,-0.2309,-0.0095,0.0307,0.0222,0.0268,0.0192,-0.1015,-0.0223,-0.008,-0.2985,0.0088,0.1176,-0.0098,0.0253,0.0199,1.4506,-0.0227,-0.0233,0.0053,0.0591,0.0197,-0.8759,0.0054,0.0182,0.0178,0.0321,-0.0114,-0.0066,-0.0041,0.0182,-0.0185,-0.0157,0.0204,0.0232,-0.0245,-0.0132,-0.0033,,,,,,,
108,5168,108,2,sitting,-0.0037,1.5949,-0.0105,0.0237,-0.0106,0.0052,-0.0324,-0.9954,0.0461,-0.0347,0.4034,0.0332,-0.0718,1.2395,-0.023,0.0003,-0.0196,0.008,0.0147,0.0109,0.001,-0.0042,-0.0001,-0.0204,0.0145,0.0036,0.0329,-0.0041,-0.0162,0.0221,-0.0056,0.036,0.0093,0.0068,-0.0138,0.0065,0.0507,3.4846,-0.01,0.0089,-0.0053,-0.0242,-0.0163,-0.007,0.5769,0.0071,0.0078,-0.0167,0.0088,0.765,-0.0207,-0.0886,-0.0092,-0.0094,-0.0202,-0.0081,0.0375,-0.0183,-0.1018,-0.0807,-0.0097,0.0173,0.0205,0.0184,-0.2208,-0.0223,0.0262,0.0228,0.0231,0.0198,-0.1307,-0.0301,-0.0085,-0.4791,0.0087,0.1911,-0.0082,0.0278,0.019,0.7756,-0.0243,-0.0222,-0.0002,0.0244,-0.0043,-0.9684,-0.0053,0.0134,-0.0203,0.0168,-0.0052,-0.0021,0.0014,0.0152,-0.0155,-0.0102,0.0086,0.0195,-0.0193,-0.0189,,,,,,,,
109,5169,108,2,sitting,-0.0047,1.5337,-0.0103,0.0259,-0.0155,-0.0067,-0.042,-1.2389,0.0697,-0.0553,0.5902,0.0579,0.0957,0.1643,-0.0134,0.0005,-0.02,0.0207,0.0506,0.0202,-0.0001,0.0064,-0.0033,0.0084,0.0072,-0.004,0.0278,-0.0028,-0.0139,0.0232,-0.001,0.0292,0.0107,0.0063,-0.0137,0.0038,0.0878,3.456,-0.0095,-0.0161,-0.01,-0.0281,-0.0169,0.0073,4.6593,0.0056,-0.0087,-0.0068,-0.0166,2.7799,0.0188,-0.0277,0.0186,0.0181,-0.0058,0.0162,0.0096,-0.0092,-0.0803,-0.1002,-0.0171,0.019,0.0284,0.0286,-0.2208,-0.0205,0.0332,0.0176,0.0098,0.0221,-0.128,-0.0204,-0.0083,-0.2474,0.0081,0.0985,-0.0094,0.0191,0.0172,0.7585,-0.0201,-0.0222,0.0002,0.0239,0.0102,-0.9043,0.0038,0.0203,0.0063,0.0235,-0.0051,-0.0063,-0.0035,0.0223,-0.0245,-0.0104,0.0206,0.0228,-0.0195,-0.0121,-0.0,,,,,,,
110,5170,108,2,sitting,-0.0047,1.3667,-0.0107,0.028,-0.0133,0.0006,-0.0324,-0.9437,0.0577,-0.0414,0.4564,0.0568,0.0504,0.2787,-0.0078,-0.0157,-0.0089,-0.0054,0.0158,0.0169,0.0001,-0.0052,0.0055,-0.013,0.0126,0.0041,0.0279,-0.0029,-0.0063,0.0282,-0.0002,0.0292,0.0083,0.001,-0.0106,0.01,-0.0242,0.3849,-0.0151,0.0086,-0.0872,-0.0979,-0.0161,0.0075,0.536,0.0066,-0.0059,-0.0065,-0.0081,0.8874,-0.0192,0.1018,0.0082,0.0162,-0.0184,0.0256,0.0288,0.0309,-0.0193,0.1197,-0.0176,0.0191,0.019,0.0173,-0.2254,-0.02,0.0332,0.0226,0.0185,0.0097,-0.1506,-0.0221,-0.0069,-0.5373,0.0098,0.2175,-0.0095,0.0248,0.0206,-0.6799,-0.0205,-0.019,-0.0031,0.0196,0.0118,-1.0541,0.0044,0.0234,0.0086,0.03,-0.0051,-0.0039,-0.0053,0.0136,-0.0165,-0.0148,0.0188,0.0164,-0.0243,-0.0192,-0.0,,,,,,,
111,5171,108,2,sitting,-0.0047,0.7619,-0.0004,0.0326,-0.0149,-0.0141,0.023,0.5942,-0.0233,-0.0194,-0.2674,-0.0431,0.0761,1.5584,-0.0562,-0.0624,0.0957,0.0853,0.0504,-0.1019,0.0809,0.1108,0.2551,0.2948,0.01,0.0032,0.0355,0.0139,-0.0065,0.0208,-0.0052,0.0296,0.0091,0.0056,-0.0158,0.0044,0.0179,3.546,-0.0201,0.0203,-0.0096,-0.0086,-0.0145,-0.0064,-0.3756,-0.001,-0.0067,-0.007,0.0001,2.1192,-0.018,-0.1005,-0.0193,-0.0098,0.0078,0.0087,-0.0207,0.0171,0.0305,-0.0475,0.0069,0.0204,0.0073,0.0183,-0.2295,-0.0247,0.0085,0.0202,0.0221,0.019,-0.1177,-0.0189,-0.0097,-0.3009,0.0082,0.1292,-0.0081,0.0252,0.0108,0.1188,-0.02,-0.0278,0.0002,0.0223,0.0099,-0.3454,0.0068,0.0104,-0.0066,0.0205,-0.0036,0.0017,-0.0101,0.0243,-0.0241,-0.0107,0.0087,0.0226,-0.0234,-0.0102,-0.0037,,,,,,,
112,5172,108,2,sitting,-0.0046,1.3555,-0.0109,0.0436,-0.0215,0.0009,-0.0328,-1.1257,0.0777,-0.0697,0.4792,0.0581,0.0858,0.2786,-0.0207,-0.0001,-0.01,-0.0198,0.0233,0.02,0.001,0.0059,-0.0038,-0.007,0.0151,0.0037,0.0271,0.0041,-0.0142,0.0274,0.0002,0.0285,0.0095,0.0056,-0.0153,0.004,0.0503,3.6885,-0.0093,0.0242,-0.0222,0.0548,-0.0143,0.0065,0.4969,0.0066,0.0061,0.0063,0.0172,0.7852,0.0206,-0.1509,-0.0091,0.0265,-0.0187,0.0171,-0.009,0.0084,-0.0096,-0.1012,0.0167,0.0205,0.0248,0.0073,-0.2257,-0.038,0.0347,0.0088,0.0074,0.0357,-0.1104,-0.0238,-0.0089,-0.7504,0.0075,0.3009,-0.0094,0.0479,0.0202,-0.6783,-0.0204,-0.0087,-0.0053,0.0199,0.0054,-1.5555,0.0064,0.0245,0.0052,0.0189,-0.0036,0.0047,-0.0049,0.0143,-0.0235,-0.0168,0.0178,0.0253,-0.0247,-0.0191,-0.0052,,,,,,,
113,5173,108,2,sitting,0.0107,1.4368,-0.0067,0.0329,-0.0112,0.0006,-0.0431,-1.0539,0.064,-0.0455,0.4851,0.0542,0.0953,0.2655,-0.0219,0.001,-0.0146,-0.007,0.02,0.0229,0.0068,0.0027,-0.0043,-0.0154,0.0227,0.0033,0.0289,0.0066,-0.0073,0.0221,-0.0044,0.0317,0.0094,0.0002,-0.0156,-0.0037,0.0838,3.4763,0.009,0.0,-0.0195,0.0508,-0.0164,-0.0061,0.4962,0.0076,0.0072,-0.0181,0.0001,0.888,0.0092,-0.1018,-0.0196,-0.0098,-0.0193,0.01,0.0186,-0.0182,-0.0277,0.0335,0.0097,0.0183,0.0228,0.0169,-0.2202,-0.0077,0.0338,0.0226,0.0259,0.0078,-0.1308,-0.0179,-0.0074,-0.2507,0.0085,0.0984,-0.0099,0.0187,0.0189,0.7758,-0.0205,-0.0236,0.0053,0.0291,0.0054,-0.9687,0.0091,0.0078,0.0056,0.0161,-0.0033,-0.0051,0.0039,0.0152,-0.0173,-0.0084,0.0191,0.0204,-0.019,-0.0131,0.0122,0.0,,,,,,
114,5174,108,2,sitting,0.0019,1.3746,-0.0103,0.028,-0.0112,0.0009,-0.0158,-0.8255,0.0273,-0.0354,0.3898,0.0468,0.0547,1.4936,-0.0118,0.0052,0.0075,0.0053,0.0223,0.0093,-0.0043,-0.0044,-0.0025,-0.0092,0.0242,-0.0028,0.029,-0.0062,-0.013,0.0228,-0.0002,0.0303,0.0081,0.0001,-0.0141,0.006,0.069,0.5796,-0.0073,-0.0059,-0.0872,-0.0764,-0.0109,0.0045,0.5467,0.0063,-0.0069,-0.0094,0.0189,0.8874,0.0078,0.1304,-0.0191,0.007,-0.0095,0.0097,0.0066,0.0077,0.0176,0.0309,-0.0,0.0182,0.0277,0.0503,-0.2387,-0.0282,0.0807,0.0171,0.0265,0.0308,-0.1583,-0.027,-0.0079,-0.5374,0.0084,0.2195,-0.0099,0.0317,0.0186,0.7577,-0.02,-0.0185,-0.001,0.0207,0.0111,-0.9676,-0.0103,0.0111,-0.0133,0.0229,-0.0023,0.0044,-0.0031,0.0136,-0.0143,-0.0138,0.0096,0.0235,-0.0244,-0.0091,-0.0017,,,,,,,
115,5175,108,2,sitting,-0.0035,1.3223,-0.0105,0.0257,-0.0153,0.0064,-0.0213,-0.9554,0.055,-0.0431,0.4365,0.0315,0.0007,0.964,0.0142,-0.0036,-0.0158,0.0083,0.0192,0.0107,-0.0041,-0.003,-0.0025,-0.0128,0.0143,0.0029,0.0303,0.0067,-0.0106,0.0195,-0.001,0.0308,0.0085,0.0002,-0.0146,-0.0001,0.0087,0.6599,0.0091,0.0108,0.0181,0.0163,-0.0144,-0.0047,0.4968,0.0052,-0.0061,-0.0082,-0.0089,1.5475,-0.0073,0.0971,-0.018,-0.0206,-0.0243,0.0157,0.0277,-0.0162,-0.0343,0.0509,-0.0074,0.0166,0.0285,0.0289,-0.2094,-0.0204,0.0268,0.0179,0.0178,0.0294,-0.1303,-0.0237,-0.0076,-0.3002,0.0088,0.1277,-0.0097,0.0226,0.0086,1.4498,-0.0201,-0.0292,0.0084,0.059,0.0193,-0.8695,0.0053,0.0088,0.0194,0.0233,-0.0108,-0.0046,-0.0052,0.0221,-0.0234,-0.0141,0.0202,0.0187,-0.0247,-0.0194,0.0013,,,,,,,
116,5176,108,2,sitting,-0.0053,0.7353,-0.0003,0.0117,-0.0157,-0.0067,0.0192,0.2448,-0.01,-0.0173,-0.1206,-0.0218,-0.0089,1.4539,-0.0042,0.006,-0.0194,0.0074,0.0204,0.0121,0.0025,-0.0028,-0.0043,-0.0108,0.0109,0.0047,0.0399,-0.004,-0.0105,0.0227,-0.001,0.0304,0.0104,0.0002,-0.0158,-0.0046,-0.0168,3.447,-0.0001,0.0228,-0.0508,-0.0786,-0.0155,0.0052,-0.7949,0.0069,-0.0062,0.0056,-0.009,2.5752,-0.0072,0.1104,0.0201,0.0087,0.0257,-0.0084,-0.0166,-0.0206,-0.1122,-0.1506,0.0085,0.0221,0.008,0.0278,-0.1875,-0.0205,0.0357,0.0171,0.0232,0.0182,-0.1198,-0.0093,-0.0088,-0.6242,0.0078,0.2498,-0.0081,0.0273,0.0253,-0.6791,-0.0238,-0.0196,-0.0083,0.0195,0.0117,-1.5597,0.0044,0.0153,0.0091,0.0236,-0.0102,-0.0051,-0.0018,0.0231,-0.0136,-0.0111,0.0191,0.0094,-0.0265,-0.0073,,,,,,,,
117,5177,108,2,sitting,-0.0019,1.5936,-0.0104,0.0293,-0.0134,-0.0082,-0.0315,-0.8381,0.0579,-0.0549,0.3964,0.0696,0.0108,0.7723,-0.0008,0.0047,-0.0154,0.0089,0.0157,0.006,-0.0038,-0.0046,-0.0032,-0.0094,0.0085,0.0026,0.0297,-0.0031,-0.0151,0.0295,-0.0002,0.0294,0.0001,0.001,-0.0143,0.0,0.0202,0.5845,0.0042,0.015,-0.028,-0.0087,-0.0155,-0.0052,0.5399,0.0063,-0.0056,-0.0148,-0.0206,0.7675,-0.0228,-0.0784,-0.0172,0.0183,-0.0978,0.0181,0.0505,-0.0405,0.0307,0.1305,-0.0095,0.0229,0.0303,0.0191,-0.2069,-0.0207,0.0305,0.007,0.0173,0.0088,-0.1103,-0.0223,-0.0106,-0.3278,0.0097,0.1286,-0.0098,0.0192,0.0193,0.7756,-0.0222,-0.0285,0.0052,0.0292,0.0204,-0.9682,0.0043,0.0226,0.0159,0.0203,-0.0046,0.0051,-0.0035,0.0194,-0.0164,-0.0155,0.0185,0.0236,-0.0243,-0.0132,0.0106,,,,,,,
118,5178,108,2,sitting,-0.0045,1.2959,-0.0115,0.0276,-0.0213,-0.0054,-0.0324,-1.0856,0.069,-0.0542,0.4931,0.0417,0.0918,0.2897,-0.0005,0.0141,-0.0146,0.0242,0.0229,0.0151,-0.0055,-0.0023,-0.001,-0.0077,0.0078,-0.0037,0.0327,0.0107,-0.0068,0.0174,-0.0032,0.0291,0.0089,0.0036,-0.0135,0.0038,-0.0507,0.4079,0.0002,0.0098,0.0091,-0.0087,-0.0069,-0.0044,0.537,-0.0063,-0.0067,-0.0064,0.0052,0.8566,-0.0195,0.1102,-0.0094,0.0165,0.0223,0.0088,-0.0172,-0.0073,-0.0001,-0.0206,-0.008,0.0181,0.0257,0.0275,-0.2207,-0.0192,0.0285,0.0083,0.0256,0.0295,-0.1075,-0.0321,-0.0086,-0.5373,0.0076,0.2296,-0.0093,0.0354,0.0247,-0.6784,-0.0222,-0.0182,-0.0099,0.0183,-0.0046,-1.5549,0.0103,0.0234,0.0205,0.0204,0.002,-0.0032,-0.0021,0.0153,-0.0233,-0.0182,0.0164,0.0188,-0.0195,-0.0164,,,,,,,,
119,5179,108,2,sitting,-0.0051,1.3073,-0.0108,0.0317,-0.0142,0.0056,-0.0152,-0.9439,0.0371,-0.0561,0.4361,0.026,0.0008,0.7731,-0.0106,-0.0037,-0.0143,0.0091,0.0205,0.0124,-0.0044,0.0026,-0.0046,-0.0107,0.0125,-0.0034,0.0327,-0.0038,-0.0168,0.0253,-0.0002,0.0345,0.009,0.0041,-0.0158,0.004,0.0503,0.6564,-0.0155,0.0054,0.0463,0.0193,-0.0159,-0.0062,0.4976,0.0071,-0.0066,-0.0074,-0.0089,0.8867,0.0081,0.0987,-0.0082,0.0237,-0.0092,0.0157,0.0097,-0.0185,-0.0362,-0.0001,0.0083,0.0226,0.017,0.0277,-0.1917,-0.0221,0.0349,0.0198,0.0095,0.0353,-0.1108,-0.0084,-0.0078,-0.4503,0.0099,0.1796,-0.0086,0.0207,0.008,1.505,-0.02,-0.0335,0.0087,0.0511,-0.0043,-0.9452,-0.0031,0.0056,0.0051,0.0206,-0.0035,0.0031,-0.0041,0.0228,-0.0134,-0.0068,0.0154,0.0182,-0.0158,-0.0159,0.0,,,,,,,
120,5180,108,2,sitting,-0.0044,0.968,-0.0108,0.0328,-0.0133,-0.0009,0.0431,0.4919,-0.0242,-0.0568,-0.266,-0.0699,0.173,1.4787,-0.0215,0.001,-0.0918,0.0721,0.0504,0.0803,-0.0002,-0.1103,-0.1305,0.1017,0.1003,-0.0155,0.0675,0.0332,0.0437,0.1126,0.0042,0.02,0.0135,0.0038,-0.0146,-0.0148,-0.0056,0.784,0.0158,-0.0001,-0.0256,-0.0223,-0.0167,0.0065,0.5963,-0.007,-0.0051,-0.0052,-0.0089,0.7957,0.0202,0.1198,-0.0091,0.0238,-0.0174,-0.0194,0.0183,0.0086,0.0307,0.0588,-0.0098,0.0227,0.0203,0.0291,-0.2205,-0.0195,0.0343,0.0181,0.0231,0.0313,-0.0776,-0.0344,-0.0097,-0.2482,0.0077,0.0984,-0.009,0.0193,0.0087,1.4492,-0.0191,-0.0351,0.0082,0.0585,0.006,-0.9681,0.0054,0.0195,0.0164,0.0245,-0.0108,-0.0038,-0.0036,0.0253,-0.0247,-0.0147,0.0228,0.0184,-0.0164,-0.0054,-0.0,,,,,,,
121,5181,108,2,sitting,0.0014,1.5157,-0.0111,0.0236,-0.0115,0.0042,-0.022,-0.9182,0.0546,-0.0549,0.4363,0.035,0.0104,0.9923,-0.006,0.0047,-0.0164,-0.0009,0.0227,0.013,0.004,0.0041,-0.0029,-0.0052,0.0155,0.0038,0.0283,0.0033,-0.0156,0.0192,0.0001,0.0292,0.01,0.0002,-0.0135,0.001,-0.0066,0.4854,-0.007,-0.0078,-0.0189,0.0082,-0.0107,-0.0044,0.538,-0.0071,-0.0059,-0.0051,0.0094,0.8877,0.0174,0.069,-0.0065,0.0157,0.0193,-0.0069,-0.0184,0.0186,-0.0979,0.0873,0.0097,0.0303,0.0183,0.0195,-0.1992,-0.0247,0.0343,0.0096,0.0263,0.0295,-0.1102,-0.0243,-0.0076,-0.4505,0.0075,0.1891,-0.0111,0.0248,0.0202,-0.6798,-0.0204,-0.0185,-0.0035,0.0187,-0.0105,-1.5546,0.0106,0.0154,0.0073,0.0252,-0.0033,-0.0102,-0.0039,0.0082,-0.0253,-0.0086,0.0194,0.0208,-0.0206,-0.0149,-0.0105,,,,,,,
122,5182,108,2,sitting,-0.0048,1.373,-0.0104,0.0268,-0.022,-0.0009,-0.0322,-0.9527,0.0555,-0.0347,0.4469,0.0773,0.0063,0.7877,-0.0243,-0.0017,-0.0157,0.0093,0.0188,0.0075,0.006,0.0051,0.0054,-0.0108,0.0194,0.0038,0.0329,0.0036,-0.0135,0.0247,-0.0002,0.0304,0.0109,0.0046,-0.0158,0.0039,0.065,0.4968,0.0085,0.0153,0.0202,0.0507,-0.0152,0.0074,0.4789,0.0086,-0.0072,-0.0181,-0.0206,0.7064,0.01,-0.1019,0.0191,0.0226,-0.0803,0.0182,0.0221,0.009,-0.0335,-0.0385,-0.0079,0.0204,0.0265,0.0399,-0.2204,-0.0266,0.0584,0.0235,0.0176,0.0258,-0.1309,-0.048,-0.0083,-0.2587,0.0051,0.0955,-0.0096,0.0198,0.0197,0.6751,-0.02,-0.0192,-0.0062,0.0178,0.0059,-0.4406,0.0052,0.0245,-0.0063,0.0242,-0.0053,0.0056,-0.0031,0.0157,-0.0228,-0.0082,0.0168,0.0178,-0.0233,-0.0187,-0.0043,,,,,,,
123,5183,108,2,sitting,0.0018,1.2906,-0.0107,0.0276,-0.0115,0.0006,-0.0268,-0.9865,0.0546,-0.0339,0.4326,0.0475,0.0091,0.9516,-0.026,0.001,-0.0202,0.0066,0.0323,0.0073,-0.0031,0.0037,-0.0042,-0.0132,0.013,0.0035,0.034,-0.0054,-0.0153,0.0245,-0.0002,0.0305,0.0063,0.0,-0.0148,-0.0044,-0.0878,0.7738,-0.0205,0.0001,0.0947,-0.0203,-0.01,-0.0064,0.5792,-0.0068,-0.0049,-0.0169,0.0188,0.7655,-0.0174,-0.1302,-0.0156,0.009,0.0067,-0.0089,-0.0194,-0.0172,0.0275,-0.1004,-0.0087,0.0232,0.0207,0.0184,-0.2162,-0.0509,0.1108,-0.0193,0.0196,0.0981,-0.1196,-0.0223,-0.0079,-0.4502,0.0083,0.1886,-0.0082,0.0229,0.0201,-0.678,-0.0208,-0.0185,-0.0044,0.0185,0.0099,-1.0547,0.0104,0.0197,-0.0156,0.0063,-0.0034,-0.0056,-0.0036,0.0097,-0.0226,-0.0085,0.0157,0.0265,-0.0089,-0.0159,,,,,,,,
124,5184,108,2,sitting,-0.0042,0.9777,-0.0118,0.023,-0.0053,-0.0143,0.0203,0.4494,-0.0206,-0.0185,-0.1772,-0.0421,0.0561,1.6057,-0.0006,0.0047,-0.0092,-0.0087,0.0209,0.0106,0.004,0.0007,-0.0054,-0.0125,0.0328,-0.0003,0.0303,0.0232,-0.0063,0.0295,-0.0001,0.0308,0.0071,0.0002,-0.0109,0.0039,-0.0786,3.4538,-0.0504,0.0286,0.0867,-0.0809,-0.01,0.0068,4.5898,0.0046,0.0056,0.0174,0.0208,2.8891,-0.0,0.1193,-0.0177,0.0195,-0.001,0.0065,0.0196,-0.0189,-0.1124,0.1305,0.0202,0.0162,0.0175,0.0578,-0.2303,-0.027,0.1102,-0.0579,0.0413,0.0404,-0.1006,-0.039,-0.008,-0.5307,0.0099,0.2178,-0.0082,0.0245,0.019,0.1284,-0.0204,-0.0247,0.0083,0.0357,-0.0054,-0.9778,0.0197,-0.0109,-0.0153,0.0248,-0.0093,-0.0033,-0.0047,0.0085,-0.0237,-0.0153,0.0159,0.024,-0.0244,-0.0085,0.0031,,,,,,,
125,5185,108,2,sitting,-0.0038,0.7281,-0.0008,0.0141,-0.0134,-0.0089,0.0327,0.6043,-0.041,-0.0172,-0.2891,-0.0557,0.023,1.6851,-0.0093,0.0046,-0.0174,0.0092,0.0227,0.0109,0.0036,0.0022,-0.0032,-0.0054,0.0235,0.0047,0.0298,0.0039,-0.0142,0.0253,-0.0001,0.0291,0.0082,0.001,-0.0106,0.0002,0.0873,3.4549,0.0085,0.0159,-0.0786,0.0203,-0.015,0.007,-0.6598,0.0069,0.0062,0.0084,-0.02,2.8876,-0.0066,0.101,0.0179,0.0156,0.0509,-0.0081,0.0258,0.009,-0.058,-0.1194,-0.0163,0.0175,0.0226,0.0399,-0.2303,-0.0202,0.0094,0.0196,0.0207,0.0309,-0.1126,-0.0243,-0.0077,-0.4504,0.0078,0.1883,-0.0097,0.0304,0.0252,-0.0662,-0.0253,-0.019,-0.01,0.0195,0.0087,-1.0516,0.0044,0.0229,0.0087,0.019,-0.0051,0.0011,-0.0017,0.0242,-0.0248,-0.0089,0.0159,0.0087,-0.0221,-0.0093,0.0011,,,,,,,
126,5186,108,2,sitting,-0.0051,0.764,-0.0118,0.0213,-0.0112,0.0008,0.0195,0.4537,-0.0316,-0.0231,-0.2271,-0.0414,0.0941,1.348,-0.0523,0.0125,-0.0843,-0.0631,0.0784,-0.0508,0.001,-0.1194,0.02,-0.1122,0.0157,0.0147,0.0285,0.0154,-0.0207,0.0248,-0.0044,0.0298,0.0083,0.0066,-0.0163,-0.0039,0.0249,4.5948,0.0,0.0202,-0.0223,-0.0164,-0.0165,-0.0056,0.589,-0.0007,-0.0061,0.0069,-0.0001,0.7779,0.0168,0.1013,-0.0089,0.0185,0.0002,-0.0093,0.0198,-0.0097,-0.1003,0.0809,-0.0078,0.0196,0.0188,0.0182,-0.1873,-0.0209,0.0253,0.0205,0.0268,0.0277,-0.0981,-0.0199,-0.0074,-0.2491,0.0054,0.0987,-0.0118,0.0194,0.0192,0.7586,-0.0206,-0.0252,0.0059,0.0362,-0.0108,-0.4291,-0.0046,0.0113,0.0082,0.0291,-0.0053,-0.0067,0.0052,0.0189,-0.0195,-0.0093,0.0233,0.0204,-0.0189,-0.0073,-0.0,,,,,,,
127,5187,108,2,sitting,-0.0048,1.5849,-0.0117,0.026,-0.0133,-0.0005,-0.0326,-0.9574,0.0579,-0.0411,0.4559,0.0495,0.0242,0.3776,-0.0077,0.0055,-0.0084,0.0083,0.0206,0.008,-0.0036,0.0035,-0.0042,-0.0128,0.0067,0.0027,0.034,0.0064,-0.0144,0.0235,0.0002,0.0285,0.0081,0.001,-0.0141,0.0,0.0506,3.3982,0.0168,-0.0047,-0.0791,-0.0866,-0.0153,-0.0062,0.5789,0.0087,-0.0063,0.0092,-0.0698,0.7586,-0.0001,-0.0988,-0.0205,0.0809,-0.101,-0.0094,0.0772,-0.0874,-0.0093,-0.1005,0.0208,0.0196,0.0199,0.0178,-0.214,-0.0228,0.039,0.0207,0.0231,0.039,-0.2165,-0.0278,-0.0097,-0.4502,0.0053,0.179,-0.0085,0.0245,0.0195,0.1207,-0.0226,-0.0229,0.0041,0.0343,0.0088,-0.4293,-0.0105,0.0113,-0.0111,0.0081,-0.0031,-0.0033,-0.0039,0.0111,-0.0234,-0.0122,0.0181,0.0223,-0.0179,-0.0189,-0.0,,,,,,,
128,5188,108,2,sitting,-0.0047,1.2987,-0.0115,0.0321,-0.0134,0.0054,-0.0228,-0.9604,0.0581,-0.0463,0.4294,0.023,-0.0009,0.962,-0.0107,0.0052,-0.0201,0.0073,0.0203,0.0124,-0.0043,0.0026,-0.0041,-0.0068,0.0083,-0.0039,0.0278,-0.0005,-0.0156,0.0155,0.0002,0.0292,0.01,0.001,-0.0144,0.0001,0.064,3.5861,-0.0094,-0.0159,-0.0505,-0.0845,-0.0171,0.0067,4.4974,0.0046,0.0089,0.0078,-0.017,2.9985,-0.0164,-0.0957,-0.0153,0.006,-0.0202,-0.0086,0.0206,-0.0066,-0.0335,0.0309,-0.0065,0.0231,0.0239,0.0184,-0.1872,-0.0245,0.0338,0.0095,0.028,0.0339,-0.1196,-0.0091,-0.0092,-0.2504,0.0088,0.0976,-0.0101,0.0233,0.0182,0.1293,-0.026,-0.02,-0.009,0.0268,0.0111,-0.9897,0.0051,0.0114,0.0136,0.0237,-0.0039,-0.0118,-0.0113,0.0223,-0.0191,-0.0121,0.0229,0.0186,-0.0259,-0.0132,0.0,,,,,,,
129,5189,108,2,sitting,-0.0106,1.3287,-0.0043,0.022,-0.0173,0.0038,-0.0271,-1.0907,0.0568,-0.0547,0.5952,0.0464,-0.0323,0.3357,-0.0002,0.0007,-0.0182,0.0175,0.016,0.0054,-0.0035,-0.0042,-0.0041,-0.0139,0.0085,-0.0051,0.0294,0.0128,-0.0129,0.0293,-0.001,0.0296,0.0066,0.004,-0.0144,-0.0036,-0.0506,0.0887,-0.0089,-0.0205,-0.0001,0.0084,-0.0188,-0.0062,0.5094,0.0049,-0.0053,0.0069,0.0095,0.8093,-0.0167,-0.1107,-0.0056,0.0232,0.0268,0.0063,-0.0192,-0.0058,0.0262,-0.0174,0.0083,0.0303,0.0186,0.02,-0.19,-0.0247,0.0181,0.017,0.0207,0.0295,-0.1279,-0.0191,-0.0097,-0.5373,0.0077,0.2147,-0.0098,0.0245,0.019,0.1178,-0.0206,-0.0204,-0.01,0.0223,-0.0052,-0.9987,0.0116,0.0182,-0.0196,0.021,-0.0011,-0.0063,-0.0039,0.0203,-0.0243,-0.0159,0.0172,0.0252,-0.0178,-0.0091,0.0,,,,,,,
130,5190,108,2,sitting,-0.0109,1.3277,0.0038,0.0229,-0.0214,-0.0006,-0.0323,-0.9574,0.0568,-0.0413,0.437,0.0506,0.089,0.3587,-0.0121,-0.0001,-0.0054,0.0155,0.0235,0.0081,0.0041,-0.0044,0.0142,-0.0074,0.0256,0.0056,0.0308,0.0034,-0.0158,0.0193,-0.0045,0.0291,0.0106,0.0053,-0.0136,0.0005,0.01,0.4797,0.0065,0.0073,-0.0778,0.0002,-0.0163,0.0006,0.5046,0.0062,-0.0005,-0.0052,-0.0149,0.6483,0.0157,0.1302,-0.0188,0.0095,-0.0242,0.0079,0.0241,-0.0177,-0.0191,0.0807,-0.0192,0.0221,0.038,0.0278,-0.2243,-0.0207,0.0698,0.0171,0.0332,0.0094,-0.1509,-0.0238,-0.0089,-0.5373,0.0082,0.2296,-0.001,0.0253,0.0097,1.5084,-0.0186,-0.0351,0.0084,0.0585,0.0113,-0.9953,-0.0115,0.0239,0.0233,0.0226,-0.0116,-0.0051,-0.0037,0.0181,-0.0186,-0.0136,0.0159,0.0203,-0.0186,-0.0189,0.0049,,,,,,,
131,5191,108,2,sitting,-0.0045,1.5936,-0.0116,0.0323,-0.0169,-0.0043,-0.0204,-0.9837,0.0579,-0.0546,0.4488,0.0461,-0.0906,0.3357,-0.0038,0.0052,-0.0194,0.025,0.0206,0.0208,0.0003,-0.0056,-0.0064,-0.0147,0.013,-0.0034,0.0275,-0.004,-0.0132,0.0182,-0.0035,0.0295,0.0091,0.0002,-0.0155,0.0006,0.0778,3.0877,-0.0065,-0.0001,0.0509,0.1102,-0.0168,-0.0054,0.4974,0.0051,-0.0053,0.0181,-0.02,0.9562,-0.0203,-0.101,0.008,0.0066,-0.0073,0.006,0.0058,0.0087,0.0262,0.1003,0.0189,0.0186,0.0196,0.0285,-0.1767,-0.0282,0.0379,0.0172,0.0221,0.0302,-0.1199,-0.0303,-0.0092,-0.4504,0.0099,0.1885,-0.0052,0.0245,0.0093,0.7583,-0.0233,-0.03,0.0053,0.0392,0.0063,-0.9687,0.0097,0.0104,-0.0202,0.0201,-0.0113,-0.0118,-0.0046,0.0159,-0.0237,-0.0159,0.0252,0.0194,-0.0238,-0.0089,0.0013,,,,,,,
132,5192,108,2,sitting,-0.0033,1.5946,-0.0108,0.0345,-0.0131,-0.0002,-0.0426,-0.934,0.0549,-0.061,0.4327,0.026,0.0913,0.3747,-0.0004,-0.0247,-0.0186,0.0204,0.0083,0.0082,0.0025,0.0024,0.0135,0.0155,0.0245,-0.0032,0.0295,0.0036,-0.0226,0.0192,-0.0062,0.035,0.0096,0.0052,-0.0144,0.0057,0.0741,0.3964,0.0241,0.0165,-0.0505,0.0342,-0.0156,-0.001,0.5868,-0.0089,-0.008,-0.0072,-0.0235,1.4405,-0.0201,0.1306,0.0208,-0.01,-0.0063,0.0091,0.0179,0.0259,0.1015,0.1103,0.0187,0.0081,0.0194,0.02,-0.2208,-0.0265,0.0349,0.0231,0.0332,0.0338,-0.119,-0.0575,-0.0097,-0.5453,0.0078,0.2299,-0.0108,0.0278,0.0184,0.7585,-0.0201,-0.0222,-0.0034,0.0244,-0.0188,-0.8759,-0.009,0.0207,-0.0188,0.0344,0.0051,0.0095,-0.0039,0.0198,-0.0243,-0.0111,0.0191,0.0168,-0.0195,-0.0043,0.0051,,,,,,,
133,5193,108,2,sitting,-0.0022,1.5936,-0.0114,0.023,-0.0315,0.0042,-0.0233,-0.8255,0.0584,-0.0461,0.3877,0.0556,0.0186,0.9869,0.0089,0.0126,-0.0007,0.0182,0.0201,0.0132,-0.0025,0.0027,-0.0024,-0.0108,0.0147,-0.0033,0.0308,0.0054,-0.0129,0.0185,-0.001,0.0309,0.0107,0.0002,-0.0152,0.0051,-0.016,0.4473,0.0066,0.0095,0.0168,-0.0235,-0.0109,0.0064,0.5788,0.0067,0.0053,0.0063,0.0083,0.9992,-0.0096,0.0694,0.0087,0.0181,0.019,0.0058,0.0076,-0.0191,-0.0174,0.0335,0.0193,0.0302,0.017,0.0278,-0.1872,-0.0286,0.018,0.0179,0.0178,0.0221,-0.1013,-0.0206,-0.0067,-0.4575,0.0067,0.1875,-0.0091,0.0207,0.0181,-0.0389,-0.02,-0.0183,-0.0046,0.0197,0.0094,-1.5585,0.0103,0.0143,0.0257,0.0293,-0.0053,-0.0031,-0.0024,0.0105,-0.0244,-0.0085,0.0183,0.0204,-0.0226,-0.0181,-0.0046,,,,,,,
134,5194,108,2,sitting,-0.0043,1.3598,-0.0117,0.0424,-0.0201,0.0215,-0.0328,-0.839,0.0553,-0.0718,0.3913,0.0626,0.085,0.3696,-0.0073,-0.0146,0.0152,-0.0009,0.0202,0.0141,-0.0133,0.0129,-0.0044,-0.0137,0.0247,0.0066,0.0276,-0.0062,-0.0147,0.0233,0.0034,0.037,0.0095,0.0063,-0.0164,0.0042,0.0959,3.4854,-0.0002,-0.0183,-0.0184,-0.0502,-0.0181,0.0056,0.588,0.0075,0.0074,-0.0068,0.0094,0.936,-0.0186,-0.1192,-0.0199,0.009,0.01,0.0087,-0.0001,0.0082,-0.0078,0.001,0.0076,0.0167,0.0179,0.0097,-0.1905,-0.0189,0.0275,0.0207,0.0203,0.0294,-0.1302,-0.0262,-0.0091,-0.4504,0.0092,0.1788,-0.0106,0.0271,0.0089,1.5067,-0.0185,-0.0382,0.0054,0.0554,-0.0107,-0.9502,0.0093,0.0229,0.0094,0.0411,-0.0046,-0.0112,-0.0052,0.0223,-0.0234,-0.0103,0.0164,0.0245,-0.0255,-0.0081,0.0059,,,,,,,
135,5195,108,2,sitting,0.0107,1.3186,-0.0083,0.028,-0.0136,-0.0002,-0.0415,-0.9355,0.0581,-0.0639,0.4418,0.0441,0.0345,0.9941,-0.0009,0.0032,-0.0146,0.0074,0.0208,0.0075,-0.0047,-0.0027,-0.0028,-0.0064,0.0137,0.0054,0.0329,0.0063,-0.0158,0.0157,0.004,0.0315,0.0087,0.0042,-0.0148,0.0069,0.0953,0.3856,0.0152,-0.0247,0.0308,0.0878,-0.0151,-0.0007,0.4976,-0.0072,-0.0091,-0.006,0.01,0.9567,0.0186,0.1103,-0.001,-0.0089,-0.0196,0.0061,0.0192,-0.0242,-0.02,-0.0276,0.019,0.0202,0.0201,0.0188,-0.2202,-0.0204,0.0505,0.0203,0.0077,0.0332,-0.1124,-0.0598,-0.0084,-0.2594,0.0079,0.1097,-0.0082,0.0207,0.0193,0.1285,-0.0243,-0.0206,0.0083,0.0246,0.0094,-0.4291,0.0047,0.0154,-0.024,0.0194,-0.0111,0.0051,-0.0025,0.0191,-0.0133,-0.0102,0.0252,0.0256,-0.0089,-0.0087,0.0011,,,,,,,
136,5196,108,2,sitting,-0.0052,0.9762,-0.0051,0.0319,-0.0111,0.0008,0.0194,0.5565,-0.02,-0.0235,-0.2496,-0.0515,0.0214,1.4572,-0.0118,0.0073,-0.0154,0.006,0.0195,0.0142,-0.0031,-0.0027,0.0035,-0.0109,0.0125,0.0039,0.0309,-0.0041,-0.013,0.0229,-0.001,0.0303,0.01,0.0002,-0.0107,-0.0,0.0462,3.0867,0.0078,0.0188,0.067,0.0308,-0.0159,0.0007,-0.6849,0.0061,0.0047,-0.0089,0.0176,2.1196,-0.0228,-0.1019,-0.0191,0.0186,-0.0507,0.0201,0.0557,-0.0305,0.1108,0.1124,0.0182,0.0204,0.018,0.0192,-0.2303,-0.0574,0.0379,0.0207,0.0236,0.0077,-0.1009,-0.0231,-0.0081,-0.5479,0.0099,0.2172,-0.0102,0.0203,0.019,0.1293,-0.0201,-0.0226,0.0087,0.0291,0.0245,-0.9734,0.0064,0.0154,0.0233,0.0251,-0.0033,-0.0038,-0.0039,0.0252,-0.0237,-0.0138,0.0198,0.0265,-0.0206,-0.0189,0.002,,,,,,,
137,5197,108,2,sitting,-0.0011,1.5766,-0.0106,0.0276,-0.021,-0.0155,-0.0328,-0.839,0.0577,-0.0434,0.4155,0.0787,-0.0925,0.9821,-0.0006,-0.001,-0.01,0.0142,0.0164,0.0136,0.0041,-0.0051,-0.0001,-0.0149,0.0143,-0.0031,0.0285,0.0054,-0.0156,0.0172,-0.0002,0.0308,0.0137,0.0044,-0.0158,0.0061,0.0045,3.0881,0.0221,0.0189,0.0208,0.0241,-0.0148,0.0047,0.536,0.0068,0.005,-0.0073,-0.0184,0.7859,0.0085,0.1104,0.0195,-0.0093,0.0086,-0.0092,0.0076,0.0162,0.0347,0.1019,-0.0199,0.0228,0.0222,0.0502,-0.2258,-0.02,0.0373,0.0227,0.0237,0.0343,-0.1304,-0.0238,-0.008,-0.5453,0.009,0.2079,-0.0097,0.0248,0.0196,0.1294,-0.0214,-0.0298,-0.0091,0.0348,-0.0063,-0.8861,0.0058,0.0155,-0.0066,0.0239,-0.0055,0.0059,-0.0036,0.0159,-0.0257,-0.0142,0.0191,0.0191,-0.0233,-0.0081,-0.0032,,,,,,,
138,5198,108,2,sitting,-0.0038,0.9795,-0.0005,0.0221,-0.0117,-0.0122,0.0323,0.6094,-0.0348,-0.0348,-0.2709,-0.0558,-0.001,1.6836,-0.0107,0.0055,-0.0218,0.0169,0.0188,0.0078,0.0046,-0.0054,-0.0051,-0.0106,0.0092,0.0041,0.0283,-0.0044,-0.0134,0.0285,-0.0,0.0303,0.01,0.0002,-0.0139,0.0001,0.0462,3.4552,-0.0207,0.0204,0.0208,-0.0056,-0.0149,0.0079,-0.0889,0.0048,-0.0047,-0.0159,0.0163,2.1102,0.0057,-0.0508,-0.0074,0.0067,0.0176,-0.0166,0.0164,0.018,-0.0262,0.0096,-0.0193,0.0183,0.0284,0.0073,-0.2304,-0.0206,0.0475,0.0205,0.0203,0.0295,-0.149,-0.0202,-0.0097,-0.6309,0.0087,0.2481,-0.0099,0.0353,0.0182,0.7757,-0.025,-0.0293,0.0091,0.0359,0.0243,-0.9567,0.0106,0.0088,-0.0089,0.0226,-0.0053,-0.0056,-0.0098,0.0105,-0.0154,-0.0094,0.0181,0.0229,-0.0232,-0.0189,0.0033,,,,,,,
139,5199,108,2,sitting,-0.0043,0.5015,-0.0104,0.022,-0.0134,-0.0002,0.0328,0.959,-0.0579,-0.0339,-0.4296,-0.0693,0.0931,1.6898,-0.0001,0.0056,-0.0009,0.0067,0.0192,0.0075,-0.0064,-0.0063,-0.0047,-0.0124,0.0169,-0.0035,0.0329,-0.0046,-0.0159,0.0066,-0.001,0.0304,0.0108,0.0038,-0.0142,0.0053,0.0202,3.4845,0.0085,-0.0226,-0.0797,-0.0302,-0.0149,0.0074,4.5873,0.007,-0.0051,-0.008,0.01,2.6589,-0.0183,-0.1102,0.0178,-0.0207,0.0505,-0.0182,-0.02,0.0238,-0.0807,-0.0406,-0.0256,0.0071,0.0399,0.0087,-0.1786,-0.0176,0.0084,0.0196,0.0089,0.0305,-0.1595,-0.03,-0.0091,-0.7502,0.0094,0.3008,-0.0073,0.0479,0.0251,-0.6728,-0.0233,-0.019,-0.0031,0.0088,0.0054,-1.5553,0.0047,-0.0044,0.0143,0.0254,-0.0107,0.0039,-0.0034,0.0186,-0.0149,-0.0189,0.0186,0.0242,-0.0236,-0.0141,,,,,,,,
140,5200,108,2,sitting,0.0046,1.2654,-0.0115,0.0375,-0.0159,0.0009,-0.0189,-0.9855,0.0433,-0.0305,0.4359,0.0356,-0.025,1.589,-0.01,0.0053,-0.0226,-0.0121,0.0205,0.0093,-0.0047,-0.0064,-0.0023,-0.0063,0.0065,0.0044,0.033,0.0036,-0.0135,0.0162,-0.0002,0.0316,0.0094,0.001,-0.0106,-0.0,-0.0945,0.7973,-0.0539,-0.0872,-0.0796,-0.0506,-0.0149,0.0091,0.5769,0.0051,-0.0067,-0.0001,-0.0082,0.8086,-0.0232,0.1509,-0.0248,0.0221,0.0166,-0.0078,0.02,-0.0241,0.1129,0.1305,-0.0803,0.0171,0.0792,0.1001,-0.1883,-0.0455,-0.0395,0.0238,0.0406,-0.0188,-0.2203,-0.0095,-0.0085,-0.7505,0.0077,0.3001,-0.0105,0.0304,0.0084,1.5081,-0.0199,-0.0373,0.0082,0.0587,0.0097,-0.9508,0.0106,0.0043,-0.0155,0.0252,-0.0101,-0.0112,-0.0056,0.0204,-0.0235,-0.0102,0.0192,0.0186,-0.0181,-0.0085,0.0,,,,,,,
141,5201,108,2,sitting,-0.0048,1.2957,-0.0103,0.0253,-0.0158,0.0007,-0.0212,-0.9627,0.0417,-0.0568,0.4578,0.0347,0.0055,0.9799,-0.0246,0.0042,-0.0094,0.0091,0.0204,0.0085,0.0004,0.0025,-0.004,-0.0144,0.0136,0.0035,0.0305,0.0064,-0.0154,0.0189,-0.0002,0.03,0.01,0.001,-0.0108,0.0041,0.0639,3.0973,-0.0146,-0.0507,0.0784,-0.02,-0.0056,0.0051,0.537,0.0052,-0.0069,0.008,0.0187,0.8866,-0.0077,0.1303,-0.0183,0.0179,0.1017,-0.0242,-0.1108,-0.0961,-0.1122,-0.0455,0.0162,0.0252,0.0195,0.0302,-0.1693,-0.0245,0.1009,0.0319,0.0586,0.0806,-0.1503,-0.0572,-0.0075,-0.5358,0.009,0.2195,-0.0091,0.0248,0.0085,1.5092,-0.0181,-0.0382,0.0086,0.0598,0.0102,-0.9554,0.0107,0.0202,0.0146,0.0292,-0.0036,-0.0042,0.0021,0.0222,-0.0237,-0.0093,0.0073,0.0093,-0.0229,-0.0206,-0.0036,,,,,,,
142,5202,108,2,sitting,0.0015,1.2857,-0.0113,0.0318,-0.0141,0.0072,-0.0212,-0.9738,0.0434,-0.0373,0.4251,0.0332,0.0546,0.3582,-0.0237,-0.0051,-0.0008,0.0077,0.0191,0.0094,0.0054,-0.0026,0.0033,-0.0147,0.0229,0.0055,0.0309,0.0062,-0.0081,0.0228,-0.0032,0.0308,0.0085,0.0002,-0.0145,0.0042,-0.0907,0.4879,0.0698,0.088,0.1012,-0.1197,-0.02,-0.0159,0.5865,-0.0069,-0.007,-0.0174,0.0509,0.8664,0.0001,-0.0267,0.0265,0.01,0.0221,-0.0078,0.0806,0.0302,-0.016,-0.1006,0.0286,0.009,0.0087,0.0192,-0.2067,-0.0475,-0.001,0.0239,0.0693,-0.1302,-0.1129,-0.0394,-0.0089,-0.5479,0.0088,0.2113,-0.0063,0.0274,0.0183,0.8786,-0.0196,-0.0284,0.0084,0.0431,0.0195,-0.5194,0.0046,0.0064,0.0054,0.0207,-0.0199,-0.0062,-0.0011,0.0204,-0.0133,-0.0245,0.0056,0.0252,-0.0191,-0.0082,0.0031,,,,,,,
143,5203,108,2,sitting,-0.0122,1.4459,-0.0072,0.0213,-0.0314,0.0006,-0.0546,-1.1598,0.0774,-0.0694,0.5839,0.0877,-0.0431,0.1626,-0.0084,0.0002,-0.093,0.0205,0.0207,0.0001,-0.001,0.0025,-0.0048,-0.0138,0.0221,0.0027,0.0286,0.0032,-0.0091,0.0233,0.0037,0.0304,0.0064,0.0056,-0.0142,0.0059,0.0503,4.6944,-0.0092,-0.02,-0.0052,-0.0195,-0.0155,-0.0057,0.5375,-0.005,-0.0061,0.0051,0.0189,0.966,-0.0183,0.1106,-0.01,-0.0228,0.0268,0.0073,0.0285,-0.0062,0.0579,0.101,-0.0266,0.0187,0.0278,0.0467,-0.2506,-0.0204,0.0357,0.0186,0.0081,0.0362,-0.1009,-0.0097,-0.0085,-0.2988,0.008,0.1293,-0.0082,0.0226,0.019,0.6143,-0.0201,-0.0235,0.0068,0.0236,-0.0099,-0.4662,0.006,0.0245,0.0081,0.0265,-0.0063,-0.0039,-0.0111,0.0146,-0.0155,-0.0086,0.0182,0.0208,-0.0238,-0.0082,0.0122,,,,,,,
144,5204,108,2,sitting,0.0014,1.374,-0.0106,0.0219,-0.0136,-0.0054,-0.0364,-0.9452,0.0574,-0.0569,0.4172,0.0461,-0.0005,0.789,-0.0109,0.0044,-0.0158,0.0077,0.0205,0.0135,0.0032,-0.0027,0.0043,-0.013,0.0232,0.0026,0.0294,0.0041,-0.0073,0.0256,-0.001,0.029,0.0091,0.0002,-0.0152,-0.0001,0.0503,0.6746,0.0059,0.0228,-0.0765,0.0876,-0.0149,0.0056,0.5789,-0.0047,0.0053,0.0068,-0.0183,0.8766,-0.0195,0.039,0.0193,0.0082,-0.0081,0.0085,0.0092,-0.0163,0.0,-0.0588,-0.0194,0.0221,0.0242,0.0197,-0.2275,-0.0226,0.0332,0.0247,0.0199,0.017,-0.101,-0.048,-0.0051,-0.4504,0.0086,0.1879,-0.0096,0.0223,0.0092,1.506,-0.0227,-0.0341,0.0098,0.0546,0.0117,-0.9502,0.0063,0.0083,0.0064,0.0207,-0.0059,-0.0063,-0.0112,0.0237,-0.0248,-0.0157,0.0081,0.0202,-0.0089,-0.0187,0.0047,,,,,,,
145,5205,108,2,sitting,0.0046,1.2983,-0.0115,0.0277,-0.0149,0.0006,-0.026,-0.9554,0.0547,-0.0461,0.4475,0.0355,0.0059,0.9722,0.0073,0.0067,-0.0201,0.0082,0.0204,0.0077,-0.0024,-0.003,-0.0038,-0.0056,0.0326,-0.0041,0.0399,0.0033,-0.0168,0.0432,-0.0002,0.0289,0.0095,0.0039,-0.0145,0.004,0.0942,0.6479,0.0231,0.0655,-0.0778,0.0848,-0.0189,-0.0057,0.5318,-0.005,0.0074,-0.0063,0.0206,0.888,-0.02,-0.0278,-0.01,0.0506,-0.0001,-0.0192,0.0221,0.0084,0.0275,-0.0305,0.0,0.0165,0.0066,0.0172,-0.192,-0.0222,0.0343,0.0229,0.0576,0.0343,-0.1195,-0.0332,-0.0091,-0.4662,0.0086,0.1896,-0.0098,0.0297,0.0233,-0.6785,-0.0228,-0.0193,-0.0087,0.0088,0.0044,-1.559,0.0115,-0.0046,0.0226,0.0236,-0.0031,-0.0038,0.0033,0.0194,-0.0148,-0.0157,0.0177,0.0227,-0.024,-0.0066,-0.0035,,,,,,,
146,5206,108,2,sitting,-0.0053,1.2849,-0.0106,0.0321,-0.0157,0.0009,-0.023,-0.8941,0.0542,-0.0469,0.3909,0.0508,0.0237,0.9951,-0.0143,0.0046,-0.0096,0.0122,0.0152,0.0126,0.0031,-0.0032,-0.0038,-0.0124,0.0129,0.0047,0.0295,0.0059,-0.0134,0.026,-0.0,0.0345,0.0065,0.0062,-0.0108,0.001,0.0064,3.6766,0.0205,0.0231,0.0774,0.0204,-0.0148,-0.0061,4.5856,-0.0055,-0.0081,-0.0084,-0.0226,2.8871,0.0082,-0.1192,0.0094,0.0198,-0.0203,0.0093,0.009,-0.0091,0.1005,-0.018,0.0001,0.0192,0.0187,0.0186,-0.2202,-0.0222,0.0309,0.017,0.0265,0.0094,-0.1277,-0.0172,-0.0078,-0.2583,0.0062,0.1015,-0.0095,0.0242,0.0204,1.5752,-0.0207,-0.0233,0.0073,0.0585,0.0208,-0.9897,-0.0101,0.0117,0.0095,0.0314,0.0045,-0.0107,-0.0051,0.0146,-0.0158,-0.0136,0.0185,0.0245,-0.0248,-0.0136,-0.0033,,,,,,,
147,5207,108,2,sitting,0.0014,1.5838,-0.0104,0.0327,-0.0154,0.0008,-0.021,-0.9278,0.0589,-0.0405,0.4654,0.0353,-0.065,0.907,0.0006,-0.0035,0.0232,-0.0169,0.0195,0.0136,-0.001,-0.0044,0.0024,-0.0133,0.0081,0.0039,0.0303,0.0056,-0.0132,0.0204,-0.0031,0.0285,0.01,0.0002,-0.0109,0.004,0.0847,0.6041,-0.0107,0.0292,0.0,0.0332,-0.0145,-0.0066,0.5399,0.0059,-0.0055,-0.0082,0.0173,0.8867,0.0201,0.0509,-0.0084,0.0202,0.02,0.0187,0.0097,0.0239,0.008,-0.1199,-0.0093,0.0252,0.0273,0.0282,-0.2202,-0.0265,0.0375,0.0245,0.0258,0.0315,-0.1107,-0.0221,-0.0077,-0.2496,0.0051,0.0983,-0.0001,0.0178,0.0192,0.1298,-0.0205,-0.0191,-0.0085,0.0206,0.0086,-0.9683,-0.0053,0.0158,0.0092,0.0194,-0.0025,-0.0033,-0.0041,0.0234,-0.0248,-0.0132,0.0223,0.0178,-0.0255,-0.0131,0.0036,0.0,,,,,,
148,5208,108,2,sitting,-0.0107,1.3467,-0.0046,0.032,-0.0162,0.0007,-0.0213,-0.8181,0.0439,-0.0415,0.3852,0.0553,0.0892,0.8831,-0.0002,0.0043,-0.0085,0.0158,0.0191,0.006,-0.0047,0.0041,0.0128,-0.0064,0.0227,-0.0051,0.0329,0.0037,-0.0135,0.0233,-0.001,0.032,0.0084,0.0036,-0.0157,0.0048,0.0976,0.7072,0.065,0.0508,-0.1192,-0.1129,-0.0181,0.0155,0.5445,0.0149,0.0068,0.0001,0.0156,0.9769,-0.0207,0.3009,0.0073,0.0265,0.1105,0.0806,0.1005,-0.1308,-0.101,-0.2246,-0.0087,0.0194,0.0163,0.02,-0.188,-0.0499,0.039,0.0182,0.0339,0.039,-0.1509,-0.0598,-0.0195,-0.5374,0.009,0.2293,-0.0096,0.0278,0.0189,0.7583,-0.0223,-0.0186,-0.0069,0.0246,0.0055,-0.4297,0.0104,-0.0038,-0.0228,0.0226,-0.0052,-0.0117,0.0039,0.0155,-0.0243,-0.0168,0.0189,0.0179,-0.0244,-0.0143,-0.0046,,,,,,,
149,5209,108,2,sitting,-0.0067,1.5941,-0.0108,0.0328,-0.0153,-0.0042,-0.0215,-0.8255,0.0462,-0.0546,0.3929,0.069,0.0794,0.984,-0.0149,0.0043,-0.0006,0.001,0.0206,0.0131,0.0051,-0.0044,-0.0055,-0.0126,0.0242,0.0063,0.0285,0.0109,-0.0152,0.0247,-0.006,0.0291,0.0071,0.0064,-0.0168,0.0036,0.0208,0.8877,0.0174,0.0147,-0.0201,-0.0154,-0.0087,-0.0048,0.5307,-0.0056,-0.0075,-0.0084,0.0073,0.8082,-0.0158,-0.0091,-0.0069,0.0205,0.02,0.0186,0.0078,-0.0081,-0.0207,0.0507,-0.0096,0.0176,0.0278,0.0189,-0.192,-0.0204,0.0233,0.0097,0.0228,0.0245,-0.1507,-0.0253,-0.0085,-0.2505,0.0079,0.0942,-0.0083,0.0192,0.0202,-0.3495,-0.0221,-0.0195,-0.0002,0.0193,0.0199,-1.5555,0.0052,-0.0056,0.0229,0.0252,-0.0108,-0.0044,-0.0053,0.0189,-0.0234,-0.0053,0.0158,0.0258,-0.0174,-0.0141,0.0,,,,,,,
150,5210,108,2,sitting,-0.0045,1.5838,-0.0109,0.0257,-0.0113,-0.0052,-0.0217,-0.9537,0.0436,-0.0379,0.4547,0.0318,0.0093,0.7899,-0.0008,0.0155,-0.0154,0.0077,0.0207,0.0084,-0.0046,0.0043,-0.0034,-0.0064,0.0168,0.003,0.0279,0.0065,-0.0085,0.0198,-0.001,0.0298,0.01,0.0002,-0.0105,0.0001,0.089,3.7549,-0.064,0.0773,0.1104,-0.0508,-0.0162,-0.0067,-0.5092,-0.0086,-0.0088,-0.0182,-0.0569,2.6081,0.0806,-0.1005,-0.0278,0.0583,0.1309,-0.0408,0.1017,0.1126,0.2258,0.1505,-0.0196,0.0176,0.0273,0.0277,-0.1927,-0.0302,0.0071,0.0231,0.0774,0.0079,-0.1291,-0.0455,-0.0046,-0.4506,0.0089,0.1894,-0.0087,0.0252,0.0087,1.5082,-0.0229,-0.0357,0.0077,0.0531,0.0228,-1.0697,0.0088,0.0223,0.0164,0.0245,-0.0041,-0.0044,-0.0049,0.0159,-0.0248,-0.0157,0.0192,0.0226,-0.0206,-0.0205,0.0036,,,,,,,
151,5211,108,2,sitting,-0.0105,0.7372,-0.0052,0.0429,-0.0214,0.0006,-0.0316,0.9762,-0.0509,-0.0624,-0.4473,-0.0761,-0.0953,1.3463,0.0136,-0.01,0.0843,-0.0001,0.1003,0.001,-0.1012,0.0049,-0.1104,0.02,0.0196,0.0037,0.0291,-0.0146,-0.0156,0.0174,0.0055,0.0295,0.0138,0.0058,-0.0139,0.0002,-0.0166,3.6583,-0.0159,0.0475,-0.0542,-0.0382,-0.0189,-0.005,4.489,0.0081,-0.0067,-0.017,-0.0082,2.6085,-0.0226,0.1127,-0.0222,-0.0078,-0.0195,0.0086,0.0198,0.0168,-0.0809,0.1199,0.0064,0.0184,0.0229,0.0077,-0.2252,-0.0597,0.0079,-0.0171,0.0338,0.0262,-0.0872,-0.0193,-0.0011,-0.248,0.0099,0.0976,-0.0092,0.0191,0.0195,0.7753,-0.0228,-0.0207,0.0088,0.0351,0.0242,-0.9439,0.0109,0.0122,0.0056,0.0237,-0.0052,-0.0118,-0.0039,0.0234,-0.0247,-0.0135,0.0256,0.0092,-0.0257,-0.0147,0.0,,,,,,,
152,5212,108,2,sitting,-0.0017,1.264,-0.0102,0.033,-0.0134,0.0009,-0.042,-1.256,0.0737,-0.0553,0.4824,0.068,0.0002,0.2332,-0.0158,0.0116,-0.0141,0.0072,0.0202,0.0109,0.0042,-0.0027,-0.0064,-0.0052,0.0206,0.0055,0.0268,-0.0031,-0.0138,0.0256,-0.001,0.029,0.01,0.0001,-0.0145,0.0066,0.0856,0.3976,0.0228,0.0095,-0.0508,-0.02,-0.0165,-0.0059,0.5763,-0.0049,-0.0051,-0.0162,0.0092,0.7078,0.0194,0.0337,0.0086,-0.0174,0.0278,-0.0221,0.0308,-0.0237,-0.1129,-0.0277,-0.0175,0.0173,0.0207,0.0087,-0.2307,-0.0236,0.0373,0.0188,0.0196,0.0185,-0.1014,-0.019,-0.0081,-0.2989,0.0093,0.1179,-0.0077,0.0252,0.0198,0.7709,-0.0209,-0.0285,0.0044,0.0362,0.0204,-0.9682,0.0097,0.0191,0.0199,0.0243,-0.0039,-0.0044,-0.0039,0.0233,-0.0223,-0.0101,0.0189,0.0265,-0.0238,-0.0182,-0.0038,,,,,,,
153,5213,108,2,sitting,0.0011,1.2655,-0.0118,0.0375,-0.0157,0.0005,-0.026,-0.9865,0.0435,-0.0357,0.4365,0.0516,-0.0874,0.9962,-0.0134,-0.0203,-0.0002,0.0229,0.0222,0.0109,0.0023,-0.0106,-0.0137,-0.0054,0.0226,-0.0036,0.0291,0.0032,-0.0082,0.0223,-0.0058,0.0345,0.0089,0.0043,-0.0107,0.005,0.01,3.6683,0.0087,0.0096,0.0506,0.0203,-0.0167,-0.0063,0.538,-0.0051,-0.0059,-0.0179,-0.0228,0.6478,0.0073,-0.101,-0.0193,0.0177,-0.0061,0.0256,-0.0068,0.0285,0.02,-0.0085,-0.017,0.0204,0.0247,0.0294,-0.1676,-0.0205,0.0302,0.0169,0.0263,0.0295,-0.1003,-0.0262,-0.0081,-0.7504,0.0088,0.3018,-0.0086,0.0374,0.0245,-0.6791,-0.0234,-0.0195,-0.0097,0.0192,0.0202,-1.559,-0.0111,0.0194,0.0201,0.0187,-0.0041,0.0019,-0.0044,0.0141,-0.0141,-0.0066,0.0233,0.0242,-0.0187,-0.0067,0.0,,,,,,,
154,5214,108,2,sitting,0.011,1.374,-0.0072,0.0345,-0.0212,0.0008,-0.0431,-1.0556,0.0773,-0.0698,0.4846,0.0485,0.1724,0.1557,-0.01,0.0942,0.2055,0.2263,0.2694,0.2554,0.0877,-0.2744,0.2962,-0.2867,-0.0509,-0.001,0.0355,0.0807,-0.0471,-0.0441,0.0168,0.029,0.0082,0.0043,-0.0158,0.0069,0.1308,3.6483,-0.1108,-0.1017,-0.1192,0.1121,-0.0001,0.0088,0.5059,0.0151,-0.0002,0.0176,0.0052,0.8499,-0.0206,0.2302,-0.0,0.0092,-0.0189,-0.0202,0.0093,0.0095,-0.0362,0.0078,0.0165,0.02,0.0179,0.0081,-0.2208,-0.0262,0.0458,-0.0268,0.0413,0.1003,-0.079,-0.0197,-0.0091,-0.2475,0.0085,0.0986,-0.0062,0.0196,0.018,0.1159,-0.0222,-0.0221,-0.0046,0.0252,0.0078,-0.9554,0.0087,0.0122,0.0207,0.0168,-0.0108,-0.0049,-0.0046,0.0106,-0.0193,-0.0133,0.0164,0.0204,-0.0233,-0.0059,0.0031,,,,,,,
155,5215,108,2,sitting,-0.0043,1.3277,-0.0104,0.0228,-0.025,-0.0007,-0.0324,-0.959,0.0582,-0.0579,0.4604,0.0488,-0.0638,0.9723,-0.01,-0.0203,-0.0232,-0.0204,0.0164,0.0125,-0.006,-0.0056,-0.0134,-0.0147,0.0194,-0.0041,0.0292,0.0068,-0.0159,0.0157,-0.0046,0.0375,0.009,0.0069,-0.0145,-0.0051,0.0742,0.7739,-0.0205,0.0854,-0.0976,0.1109,-0.0065,0.001,0.5885,0.0049,0.0061,0.0155,0.0505,1.4506,-0.0201,0.1193,0.0191,0.0001,-0.0807,-0.1006,0.1506,0.1015,0.0362,-0.1298,0.0166,0.0233,0.0178,0.0303,-0.2396,-0.0002,0.0089,-0.0088,0.0183,0.0573,-0.1303,-0.0202,-0.0074,-0.2486,0.0081,0.0987,-0.0093,0.0195,0.0184,0.128,-0.02,-0.0199,-0.0066,0.0192,0.0117,-0.4605,-0.0046,0.0053,0.0092,0.0252,-0.0051,-0.0106,-0.0047,0.0153,-0.0164,-0.0112,0.0222,0.0097,-0.0186,-0.0141,0.0,,,,,,,
156,5216,108,2,sitting,-0.0022,1.5865,-0.0103,0.0257,-0.0162,-0.0078,-0.0263,-1.0553,0.0761,-0.0694,0.5468,0.0421,0.023,0.2074,-0.0155,0.0067,-0.0156,0.0005,0.0152,0.0126,-0.0008,-0.0044,0.0005,-0.0137,0.0157,-0.0032,0.0283,0.0051,-0.0129,0.0195,-0.0,0.0287,0.0146,0.004,-0.0135,0.0049,0.0908,3.7942,0.0206,0.0292,-0.0505,0.0295,-0.0163,-0.007,0.4592,0.001,-0.0089,-0.0048,0.0001,0.8085,0.0002,0.0305,0.009,0.0087,0.0072,0.0059,0.0188,0.0183,0.0166,0.0295,0.0181,0.0201,0.0196,0.0464,-0.2502,-0.0599,0.0097,0.0176,0.0203,0.0098,-0.1126,-0.0086,-0.0075,-0.2491,0.0093,0.0984,-0.0077,0.0182,0.02,0.1196,-0.0204,-0.0252,-0.0046,0.0293,0.0087,-0.9508,-0.0104,0.0103,0.0182,0.0225,-0.0052,-0.0046,-0.0024,0.0107,-0.0221,-0.0111,0.0207,0.0143,-0.0248,-0.0193,0.0039,0.0,,,,,,
157,5217,108,2,sitting,-0.0067,0.9596,0.0005,0.0103,-0.0096,-0.0108,0.0213,0.438,-0.0216,-0.0168,-0.2091,-0.0555,0.0056,1.5064,-0.0104,0.0122,-0.0245,-0.0062,0.0228,0.0097,-0.0035,-0.0036,-0.0038,-0.0128,0.0154,-0.0006,0.0268,-0.0029,-0.0087,0.0185,-0.0001,0.0309,0.0094,0.0002,-0.0109,-0.001,0.074,3.7598,0.0699,0.0506,0.0149,-0.1005,-0.0163,-0.0,-0.4789,-0.017,-0.0059,0.0166,-0.0182,2.8873,0.02,0.1126,0.0195,-0.0265,-0.0308,-0.0081,0.0335,0.0408,-0.01,0.0405,-0.0186,0.0183,0.0223,0.0221,-0.1917,-0.0242,0.0803,0.0239,0.0291,0.0171,-0.2209,-0.0313,-0.0074,-0.4506,0.0084,0.1778,-0.0092,0.0278,0.0097,1.505,-0.0201,-0.0293,0.0093,0.0546,-0.0104,-0.9236,-0.0112,0.0204,-0.009,0.0248,-0.0059,0.0056,-0.0106,0.0203,-0.0186,-0.0247,0.0107,0.0091,-0.0189,-0.0159,,,,,,,,
158,5218,108,2,sitting,0.0049,1.529,-0.0116,0.0364,-0.0204,-0.0213,-0.0419,-0.9537,0.0546,-0.0478,0.456,0.068,0.0715,0.0953,-0.0059,-0.0108,-0.0147,-0.0203,0.0189,0.0051,-0.0044,-0.0125,-0.0031,-0.0126,0.0228,-0.0038,0.0286,-0.0063,-0.0143,0.0208,-0.0009,0.0292,0.0087,0.0035,-0.0139,0.0036,-0.0002,0.4057,-0.0072,0.0231,-0.0082,-0.0207,-0.015,-0.007,0.4886,-0.0074,0.0068,-0.0055,-0.0152,0.8854,0.0083,0.1006,-0.01,-0.0092,-0.0194,-0.0001,0.0179,0.0226,-0.0167,0.0503,0.0078,0.0227,0.0169,0.0221,-0.179,-0.0262,0.0268,0.0077,0.0263,0.0475,-0.1399,-0.0184,-0.0097,-0.4785,0.0081,0.1891,-0.0098,0.0271,0.0251,-0.6718,-0.0253,-0.0193,-0.001,0.009,0.0086,-1.0596,0.0067,-0.0046,-0.0081,0.02,-0.0047,0.0024,-0.0018,0.0168,-0.0206,-0.0138,0.0232,0.0182,-0.0164,-0.0087,,,,,,,,
159,5219,108,2,sitting,0.0012,1.5942,-0.0106,0.0247,-0.0143,0.0051,-0.0375,-0.9452,0.0582,-0.0554,0.4453,0.0495,0.0436,0.7949,-0.028,-0.0002,0.0003,0.0091,0.0203,0.0074,-0.006,-0.0047,0.0044,-0.0131,0.0164,-0.0026,0.0291,-0.0032,-0.0109,0.0233,-0.0001,0.0285,0.0086,0.0045,-0.014,0.0038,0.089,3.5856,-0.0139,-0.0798,-0.1121,-0.1005,-0.0155,-0.001,4.4871,-0.0,-0.0061,-0.01,-0.0302,2.6983,-0.0067,0.0506,0.0189,0.0207,0.0309,-0.0238,-0.0192,0.0184,-0.1011,-0.1105,-0.0222,0.02,0.0223,0.0181,-0.2505,-0.007,0.1198,0.0223,0.0587,0.1306,-0.1173,-0.0223,-0.0076,-0.301,0.0088,0.1178,-0.0091,0.0275,0.0199,1.4753,-0.0185,-0.0434,0.0096,0.0593,0.0194,-0.9762,0.0195,-0.0197,-0.0102,0.0418,-0.0059,0.0047,0.0044,0.0191,-0.0253,-0.0228,0.0073,0.0151,-0.0181,-0.0164,0.0037,,,,,,,
160,5220,108,2,sitting,-0.0015,1.3235,-0.0113,0.0322,-0.0152,0.0007,-0.0245,-0.9639,0.0546,-0.0581,0.4568,0.0461,-0.0619,0.1632,0.0025,0.023,-0.0067,0.0174,0.0158,0.0109,-0.0038,-0.0044,0.0066,-0.0073,0.0247,-0.0035,0.0278,0.0059,-0.0147,0.0187,-0.0031,0.0296,0.0108,0.0036,-0.0137,-0.0057,0.0204,0.6482,0.0051,0.0213,-0.0155,0.0156,-0.0171,-0.0006,0.5475,-0.0063,-0.0048,-0.0069,-0.01,1.509,-0.007,-0.0293,-0.0193,0.0107,0.0065,0.0002,0.0094,-0.0162,-0.0208,0.0343,-0.0098,0.0201,0.0202,0.0262,-0.1783,-0.0206,0.0277,0.0177,0.0185,0.0258,-0.1303,-0.0228,-0.0099,-0.5453,0.0091,0.217,-0.0079,0.0275,0.0184,0.758,-0.0207,-0.0285,0.0089,0.0368,0.0188,-0.9731,0.0088,0.0195,0.0093,0.0265,-0.0104,0.0051,-0.0053,0.0175,-0.0194,-0.0073,0.0182,0.0194,-0.0192,-0.0146,-0.0,,,,,,,
161,5221,108,2,sitting,-0.0044,0.7353,-0.0111,0.0314,-0.0117,0.0003,-0.0189,-0.3573,0.0222,-0.0243,0.1258,0.0042,0.025,1.3747,-0.0002,0.0067,-0.0084,0.0182,0.0201,0.0095,0.0038,-0.0046,-0.0051,-0.0132,0.013,0.0039,0.0283,0.0052,-0.0108,0.0185,-0.001,0.0299,0.0071,0.0001,-0.0153,0.004,-0.0561,3.8877,0.0655,-0.0772,0.048,-0.0963,-0.0043,0.0064,-0.4886,0.0059,0.0062,-0.0149,0.0092,2.9775,-0.0081,0.1009,-0.0165,-0.0187,0.0505,-0.016,0.01,-0.0285,-0.101,-0.1307,0.047,0.0176,-0.0194,0.0191,-0.2093,-0.0169,-0.039,0.0807,-0.009,0.0452,-0.1102,-0.0098,-0.0053,-0.2483,0.0079,0.0978,-0.0096,0.0199,0.0223,0.7754,-0.0204,-0.0089,-0.0031,0.0188,0.0203,-0.9604,0.0108,0.0252,0.0195,0.0191,-0.0051,-0.0038,-0.0066,0.0169,-0.0193,-0.0164,0.0191,0.0164,-0.009,-0.0089,-0.0,,,,,,,
162,5222,108,2,sitting,-0.0113,1.3769,-0.0083,0.033,-0.0158,0.0009,-0.0233,-0.8829,0.0417,-0.0353,0.4394,0.0213,0.0772,0.9636,-0.001,-0.0001,-0.0143,-0.0084,0.0174,0.0206,0.0046,0.0038,-0.0109,-0.0105,0.0134,0.0052,0.0279,0.0142,-0.009,0.0223,-0.0035,0.0298,0.0089,0.0066,-0.0145,0.005,0.0855,3.0698,-0.0092,0.0232,0.0508,0.01,-0.0168,0.006,-0.4854,0.0063,0.0056,0.0059,-0.0181,2.7578,-0.0082,-0.1013,-0.0087,0.0179,-0.0266,-0.0095,0.0288,-0.0199,0.1306,0.0867,0.0091,0.0201,0.0186,0.0177,-0.1865,-0.048,0.0349,0.0073,0.017,0.0332,-0.1121,-0.0247,-0.0076,-0.2506,0.0085,0.0994,-0.0097,0.0193,0.0092,1.5086,-0.0195,-0.0343,0.0053,0.0548,0.0111,-0.9687,-0.0044,0.0094,0.0053,0.0265,-0.0064,0.0064,-0.0011,0.0243,-0.0189,-0.0089,0.0226,0.0227,-0.0198,-0.0082,-0.0108,,,,,,,
163,5223,108,2,sitting,-0.0053,1.5937,-0.0112,0.0324,-0.0173,0.0063,-0.0439,-0.9869,0.0558,-0.0347,0.4479,0.0717,0.0009,0.8965,-0.022,0.0119,-0.0202,0.0094,0.0245,0.0054,0.0043,-0.0033,-0.0034,-0.0141,0.0078,0.0056,0.0364,0.0074,-0.0082,0.0282,-0.0002,0.0308,0.0072,0.001,-0.0108,0.0047,0.0976,0.8067,0.065,0.01,-0.0803,0.0507,-0.0162,-0.0045,0.579,-0.0052,-0.0049,-0.0001,-0.0,0.8568,-0.0088,-0.101,-0.0066,0.0096,-0.02,-0.016,0.0237,0.0207,-0.007,-0.0485,-0.0091,0.0177,0.0262,0.0187,-0.2242,-0.0093,0.0181,0.0204,0.0236,0.0171,-0.0884,-0.0086,-0.0083,-0.5474,0.0068,0.2092,-0.0067,0.0374,0.0095,1.5097,-0.0257,-0.0297,0.0099,0.0558,0.0112,-0.8952,-0.0101,0.0068,0.0154,0.0216,-0.0066,-0.0111,-0.0024,0.0221,-0.0181,-0.0136,0.0154,0.0233,-0.0185,-0.0188,0.0049,,,,,,,
164,5224,108,2,sitting,-0.0035,0.7283,-0.0052,0.0107,-0.0112,-0.0054,0.0189,0.4969,-0.0234,-0.0223,-0.229,-0.0439,-0.0009,1.3815,0.0073,0.004,-0.0158,0.0123,0.0165,0.0084,-0.0029,-0.0027,-0.0028,-0.0103,0.0227,0.0044,0.037,0.0067,-0.0137,0.028,-0.001,0.031,0.01,0.0002,-0.0145,0.0041,0.0574,3.7953,0.0232,0.0693,-0.0983,0.085,-0.0143,-0.0062,-0.4863,-0.0059,0.0088,-0.0151,-0.0098,2.9096,0.0066,-0.1508,-0.0208,0.0509,0.0408,0.046,-0.0357,-0.0374,0.1011,0.0786,-0.0064,0.0182,0.0303,0.0343,-0.192,-0.0199,0.1002,0.0268,0.0691,0.1104,-0.1192,-0.0485,-0.0081,-0.4506,0.0094,0.1778,-0.0087,0.0249,0.0185,0.7709,-0.0204,-0.0273,0.0097,0.0368,-0.0245,-0.9655,-0.0092,0.0202,0.0195,0.0293,-0.0044,-0.0109,-0.0013,0.0089,-0.0153,-0.0134,0.0242,0.0191,-0.0237,-0.0094,0.0,,,,,,,
165,5225,108,2,sitting,-0.0015,1.327,0.0113,0.0229,-0.0117,0.0063,-0.028,-0.9475,0.0546,-0.043,0.417,0.045,-0.001,0.9627,0.0008,-0.0066,-0.0142,-0.0158,0.0231,0.0103,0.0047,-0.0044,0.0041,-0.0138,0.0109,0.0028,0.034,0.006,-0.0156,0.0178,-0.0002,0.0308,0.0093,0.0,-0.0152,0.0037,0.0854,3.6561,0.0698,0.0773,0.1008,-0.1103,-0.0155,0.0083,0.5786,0.0064,0.0048,0.0072,0.0591,0.9981,-0.0162,0.1012,0.0223,-0.0001,0.0505,-0.01,-0.02,-0.0467,0.1192,-0.0597,0.0074,0.0092,0.0202,0.0169,-0.2241,-0.0208,0.0889,0.0332,0.039,0.1126,-0.1509,-0.0082,-0.0085,-0.6103,0.0079,0.2584,-0.009,0.0248,0.0242,-0.6787,-0.0207,-0.0195,-0.0031,0.0088,0.0252,-1.5556,0.0206,0.0094,-0.0189,0.0265,0.0023,-0.0036,-0.0036,0.0156,-0.0154,-0.0203,0.0195,0.0098,-0.0205,-0.0187,-0.0034,,,,,,,
166,5226,108,2,sitting,-0.0012,0.7699,-0.0046,0.0158,-0.0215,-0.0155,0.0424,0.9458,-0.0569,-0.032,-0.4439,-0.0778,0.093,1.3393,-0.001,0.0006,-0.01,0.0134,0.0177,0.0082,-0.0023,-0.0032,-0.0036,-0.0242,0.0233,0.0052,0.0309,0.0067,-0.0138,0.0239,-0.0002,0.0287,0.0091,0.0063,-0.0135,0.004,0.0696,3.6474,-0.0108,0.0173,-0.0245,-0.0086,-0.0154,-0.0048,4.4568,0.0053,-0.0056,-0.0051,-0.0503,2.5957,-0.0221,-0.1303,-0.0189,0.0166,0.0294,0.0161,0.0095,-0.0085,0.1109,-0.0262,0.009,0.0202,0.0183,0.0293,-0.2195,-0.0203,0.0349,0.0081,0.008,0.0475,-0.1012,-0.0414,-0.0087,-0.2504,0.0084,0.0892,-0.0098,0.0229,0.0204,0.9744,-0.0243,-0.0088,-0.0043,0.0078,0.0194,-0.4698,-0.0068,0.0207,0.0066,0.0248,-0.0033,-0.0052,-0.0043,0.0106,-0.0141,-0.0155,0.0147,0.0205,-0.0189,-0.0209,,,,,,,,
167,5227,108,2,sitting,-0.0122,1.5837,-0.0093,0.0327,-0.0157,0.0046,-0.0212,-0.9458,0.0571,-0.0498,0.4355,0.0415,-0.0009,0.3878,-0.0119,-0.0116,-0.0142,0.0047,0.0227,0.0131,-0.0025,-0.0026,-0.0033,-0.0135,0.016,0.0004,0.0286,0.0065,-0.0168,0.028,-0.001,0.0289,0.0096,0.0002,-0.0139,0.0036,0.064,3.4843,-0.01,-0.0151,0.0972,0.0854,-0.0159,-0.0062,4.5549,-0.0153,-0.0001,0.0182,-0.0247,2.7986,-0.007,0.0775,-0.0169,0.0506,0.0809,-0.02,-0.0692,0.0384,0.1014,0.0455,0.0094,0.0183,0.0181,0.0199,-0.1789,-0.0187,0.1108,0.0095,0.0185,0.0698,-0.1503,0.0197,-0.0076,-0.4808,0.0091,0.1888,-0.0077,0.0268,0.0093,1.509,-0.0184,-0.0357,0.0087,0.0546,0.0056,-0.9683,0.0054,0.0059,0.0078,0.0203,-0.0047,-0.0107,-0.0056,0.0232,-0.0233,-0.009,0.0082,0.0188,-0.0181,-0.0222,0.0037,,,,,,,
168,5228,108,2,sitting,-0.0118,1.5146,-0.0051,0.0317,-0.0163,-0.0054,-0.0252,-0.8013,0.0552,-0.0462,0.4361,0.0639,0.0925,0.8847,-0.0091,0.0216,-0.0008,0.0095,0.0177,0.0168,-0.0036,-0.0049,0.0108,-0.007,0.0134,-0.0041,0.0291,-0.0032,-0.0072,0.0285,-0.001,0.0305,0.01,0.0001,-0.0159,0.0002,0.0503,0.3865,-0.009,0.02,-0.0248,-0.0262,-0.0069,-0.0044,0.5782,-0.008,-0.0056,-0.0086,-0.0207,0.7867,0.0085,-0.0776,-0.0097,0.0066,0.0175,-0.0164,-0.0081,-0.0061,-0.0198,0.0466,0.0083,0.0232,0.0227,0.0292,-0.2205,-0.0196,0.0593,0.0173,0.0205,0.0187,-0.1371,-0.0247,-0.0084,-0.4779,0.0082,0.1902,-0.0067,0.0223,0.0092,1.5099,-0.0201,-0.0347,0.0089,0.0594,-0.0131,-0.9748,0.0066,0.0229,0.0092,0.0202,-0.0066,-0.0103,-0.0046,0.0154,-0.0158,-0.0063,0.0189,0.0188,-0.0189,-0.0192,,,,,,,,
169,5229,108,2,sitting,0.0049,1.5939,-0.0104,0.0236,-0.0242,0.0042,-0.0315,-0.8273,0.0581,-0.0554,0.4396,0.0212,-0.0925,0.6877,-0.0131,0.0032,-0.0202,0.0074,0.0172,0.0157,-0.0036,0.0038,-0.0033,-0.0134,0.0084,0.0009,0.0283,0.0046,-0.0078,0.0274,0.0051,0.0285,0.01,0.001,-0.0145,0.0044,0.0743,3.4741,-0.069,0.0001,-0.0848,0.0508,-0.0247,-0.0002,0.5891,0.006,-0.0064,-0.0207,-0.0189,0.9892,0.0194,-0.1127,-0.0587,-0.0803,0.1106,0.1018,-0.119,0.1505,0.1303,0.1265,-0.0278,0.008,0.0223,0.0097,-0.2209,-0.0203,0.0583,0.0776,0.0343,0.0357,-0.0896,-0.0379,-0.0047,-0.7506,0.0093,0.3013,-0.0095,0.0399,0.0093,1.5085,-0.0188,-0.0346,0.0084,0.0639,0.0153,-0.863,0.006,0.0146,0.0094,0.0184,-0.0033,0.0102,0.0035,0.0169,-0.0143,-0.0143,0.0182,0.0222,-0.0182,-0.0188,0.0022,,,,,,,
170,5230,108,2,sitting,-0.0112,1.3265,-0.0093,0.0257,-0.0155,-0.0217,-0.0325,-0.8898,0.0371,-0.0413,0.4359,0.0085,0.0528,0.9969,-0.0107,0.0041,0.0009,0.0143,0.0189,0.0106,-0.0001,0.0026,-0.0051,-0.0068,0.0134,-0.0033,0.0289,0.0056,-0.0154,0.0232,-0.0002,0.029,0.01,0.001,-0.0148,-0.0,0.0064,3.679,0.0201,0.0084,-0.0208,0.0182,-0.0147,0.0061,0.5886,-0.0046,-0.0063,0.0108,-0.0508,0.7976,-0.0562,-0.0953,-0.0559,0.0166,-0.1199,0.0192,0.1015,0.0795,0.1108,-0.1305,0.0194,0.0204,0.0221,0.0187,-0.2302,-0.0262,0.0362,0.0236,0.0081,0.0405,-0.1009,-0.0332,-0.0074,-0.2491,0.008,0.0983,-0.0073,0.0178,0.0203,-0.3496,-0.0209,-0.0197,-0.0041,0.02,0.0073,-1.5539,0.0082,-0.0054,0.0147,0.0206,-0.0043,-0.0056,-0.0024,0.0237,-0.0245,-0.0107,0.0193,0.0164,-0.0164,-0.0187,0.0044,,,,,,,
171,5231,108,2,sitting,-0.0048,1.3155,-0.0118,0.034,-0.0169,0.0008,-0.0213,-0.9475,0.0549,-0.0465,0.448,0.0479,0.01,0.9823,-0.0043,0.0002,-0.0161,0.006,0.0172,0.0156,0.0038,0.0059,-0.0027,-0.0107,0.0092,0.0039,0.0295,-0.0035,-0.0106,0.0275,-0.0001,0.029,0.0064,0.001,-0.0146,0.0,-0.0066,0.4774,-0.0058,-0.0041,-0.0054,-0.0223,-0.0157,-0.0051,0.537,-0.0055,-0.0052,0.0088,-0.009,1.4406,-0.0163,0.0977,-0.0187,0.0162,-0.0181,0.0178,-0.0076,0.0173,0.0896,0.0408,-0.0071,0.0168,0.0303,0.02,-0.2385,-0.0206,0.0221,0.0084,0.0183,0.0199,-0.0897,-0.0182,-0.0053,-0.7505,0.0095,0.3015,-0.0079,0.0308,0.0203,1.514,-0.0205,-0.0234,0.0086,0.0589,0.0241,-0.9993,0.0063,0.0092,0.0091,0.0237,-0.0047,-0.0108,-0.0031,0.0191,-0.0138,-0.0134,0.0229,0.0186,-0.0235,-0.0132,-0.0046,,,,,,,
172,5232,108,2,sitting,-0.0117,1.3346,0.0048,0.0375,-0.0213,0.0001,-0.0549,-0.9678,0.0771,-0.0412,0.4406,0.0694,0.0973,0.3947,-0.0874,0.0116,-0.0004,0.0508,0.0809,0.2056,-0.1004,0.1126,-0.269,0.1198,0.0151,-0.0248,0.0305,0.0062,-0.0186,0.0295,0.001,0.0308,0.0077,0.0137,-0.0163,0.0043,0.0164,3.5838,0.01,-0.0083,0.0204,0.0152,-0.0091,0.0044,-0.5579,-0.0067,-0.0008,-0.0082,0.015,2.7857,-0.0069,0.1309,-0.0087,0.02,-0.0084,-0.0088,0.0195,0.0198,0.0002,0.0337,-0.0168,0.0252,0.0284,0.0066,-0.2502,-0.0242,0.0099,0.0189,0.0265,0.0223,-0.1104,-0.0317,-0.0093,-0.2481,0.008,0.0976,-0.0113,0.0192,0.0194,0.1285,-0.0222,-0.0253,-0.0033,0.0233,-0.006,-0.9507,0.0052,0.0097,0.0085,0.0245,-0.0103,0.0064,-0.0111,0.0196,-0.0186,-0.0158,0.0257,0.0268,-0.0235,-0.0131,0.0045,0.0,,,,,,
173,5233,108,2,sitting,-0.0047,1.5868,-0.0102,0.0253,-0.0162,0.0064,-0.0434,-1.0836,0.0784,-0.0581,0.4842,0.0586,0.037,0.1641,-0.0007,0.0119,-0.0123,0.0065,0.0195,0.0124,0.0031,-0.0051,0.0044,-0.0106,0.0137,0.0038,0.0268,-0.0029,-0.0153,0.0089,0.0002,0.0316,0.0093,0.001,-0.0135,0.004,0.0956,3.7943,0.0001,0.0154,0.0503,0.0806,-0.0159,0.0046,0.4973,0.0052,-0.0087,-0.006,0.0077,0.8098,-0.0091,0.1303,-0.0092,0.0163,0.0266,-0.0066,0.0263,-0.0182,-0.0161,-0.0413,-0.0067,0.0185,0.0204,0.0247,-0.1894,-0.0078,0.0307,0.0203,0.0232,0.0285,-0.1017,-0.0202,-0.0097,-0.2476,0.0099,0.0988,-0.0083,0.0196,0.009,0.8986,-0.0274,-0.0273,0.0052,0.0357,0.0114,-0.9507,0.0059,0.0188,0.0208,0.0293,-0.0034,-0.0056,0.0035,0.0102,-0.0223,-0.0122,0.0248,0.0227,-0.0221,-0.0182,-0.0032,,,,,,,
174,5234,108,2,sitting,-0.0046,1.5867,-0.0117,0.0434,-0.0111,0.0006,-0.0204,-0.8139,0.0582,-0.0474,0.4698,0.0561,0.0224,0.9747,-0.0093,-0.0051,-0.0206,0.0242,0.0196,0.0078,0.0059,-0.0022,-0.0037,-0.0131,0.0136,0.0035,0.0275,0.0033,-0.0103,0.0138,0.004,0.037,0.0095,0.0042,-0.0144,0.0041,0.0791,3.8845,-0.0,0.0509,-0.0881,0.0675,-0.015,0.0054,-0.5364,-0.0048,0.0073,0.0094,0.0001,2.9871,-0.0057,-0.0984,-0.0245,-0.0063,-0.0278,-0.0205,0.0166,-0.0362,-0.101,-0.1192,-0.0069,0.0192,0.0268,0.0089,-0.2208,-0.0183,0.0379,0.018,0.0263,0.0378,-0.1785,-0.0468,-0.0087,-0.5478,0.0077,0.229,-0.0103,0.0332,0.0226,1.4586,-0.0207,-0.0348,0.0052,0.0488,0.0047,-0.9984,0.0066,0.0082,0.0183,0.0294,-0.0043,-0.0105,-0.0044,0.0154,-0.0248,-0.0095,0.0232,0.0227,-0.0229,-0.0191,0.0,,,,,,,
175,5235,108,2,sitting,-0.0038,0.7281,-0.0116,0.0323,-0.0113,0.0068,0.0273,0.576,-0.0277,-0.0092,-0.2699,-0.0553,0.0718,1.4083,-0.0007,0.0213,0.0086,0.043,0.0636,0.0879,0.0928,-0.0201,0.0046,0.0231,0.0084,0.0066,0.0288,-0.0002,-0.0078,0.0161,0.0031,0.0295,0.0091,0.0059,-0.0141,0.0064,-0.0187,3.4447,0.0001,0.0045,-0.0,-0.001,-0.0152,0.0058,-0.4954,0.005,0.0072,-0.0094,-0.0063,2.988,0.0208,0.0555,0.0167,0.0056,-0.0506,-0.0162,0.0408,-0.0089,0.0188,-0.0405,0.0085,0.0174,0.0205,0.0096,-0.2075,-0.047,0.0082,0.0222,0.0236,0.0253,-0.1199,-0.045,-0.0081,-0.3294,0.0097,0.129,-0.0077,0.0212,0.02,0.7753,-0.0209,-0.0204,-0.0093,0.0227,0.0195,-0.9604,0.0107,0.0082,0.0181,0.0242,-0.0064,-0.0063,-0.0011,0.0181,-0.0157,-0.0083,0.0191,0.0265,-0.0233,-0.0189,-0.0035,,,,,,,
176,5236,108,2,sitting,0.0112,1.3598,-0.0051,0.0432,-0.0214,0.0006,-0.0328,-0.8919,0.0585,-0.0626,0.4437,0.0741,-0.0871,0.347,-0.0136,0.0002,-0.0931,0.0505,0.1303,0.2496,-0.1009,-0.2273,-0.2742,-0.3348,0.0253,-0.0143,0.0286,0.01,-0.0179,0.0294,-0.0059,0.0289,0.015,-0.0068,-0.0174,-0.0064,-0.0806,0.4563,-0.1109,-0.1127,0.1013,-0.0097,-0.0202,0.0001,0.5761,0.001,0.0081,-0.0058,0.02,0.8067,0.0152,-0.1193,0.0082,0.0195,-0.0156,0.0223,-0.0165,0.0238,-0.1027,-0.0408,-0.1506,-0.0778,0.0751,3.6691,-0.2202,-0.7586,-0.2163,-0.2309,0.1016,0.2257,-0.3603,-0.3005,-0.0087,-0.3015,0.0088,0.1177,-0.0093,0.0201,0.0204,-0.3143,-0.0247,-0.0229,-0.0056,0.0082,-0.0194,-1.0474,0.009,0.0199,-0.0051,0.0248,-0.0044,0.0092,0.0105,0.0146,-0.0089,-0.0206,0.0164,0.0194,-0.024,-0.0228,0.0,,,,,,,
177,5237,108,3,standing,0.0013,-0.7353,0.0111,0.0415,0.0006,0.0158,0.0224,0.4483,-0.0273,-0.0077,-0.2095,-0.063,-0.0852,-0.3856,-0.036,0.0245,0.055,0.0788,0.1015,-0.0807,0.0959,-0.0507,-0.1192,-0.1122,0.01,0.0126,0.0363,0.0174,-0.0,0.0065,-0.0041,0.0309,0.0098,0.0036,-0.0146,-0.0051,-0.0191,1.689,0.0001,-0.0087,0.001,0.0084,-0.0163,0.0055,0.5364,0.0067,-0.0047,-0.007,-0.0203,0.9675,0.0181,-0.1306,-0.0179,0.0265,-0.0272,-0.0166,0.0182,0.0285,-0.1001,0.0292,0.02,0.008,0.0206,0.0597,-0.2203,-0.0207,0.0394,0.0094,0.0221,0.0356,-0.0899,-0.0247,-0.0092,-0.3207,0.0078,0.1276,-0.0093,0.0186,0.0228,0.4508,-0.0226,-0.0225,-0.0002,0.0227,-0.0089,-0.4291,-0.0053,0.0102,0.0146,0.0231,-0.0053,-0.0105,-0.0052,0.0202,-0.0164,-0.0182,0.0159,0.0178,-0.0222,-0.0161,0.0053,,,,,,,
178,5238,108,3,standing,0.0107,-0.7903,-0.0003,0.0078,0.0059,-0.0558,0.022,0.9604,-0.0462,-0.0146,-0.4363,-0.0698,-0.1642,0.3551,0.0915,-0.0857,-0.1719,-0.1852,0.2984,-0.2286,0.2863,-0.2694,-0.4483,-0.2593,0.0506,0.001,0.101,-0.1506,-0.1009,0.1194,-0.01,0.1129,-0.1302,0.1103,0.0001,0.02,-0.0806,2.4955,0.2244,0.2252,0.6843,-0.2206,-0.0241,0.0054,0.5664,0.016,0.0002,0.0202,-0.0202,0.9992,-0.0205,1.6782,0.0588,-0.0302,-0.0262,0.0065,0.0307,0.0097,0.0264,0.8069,0.2308,-0.0096,0.0866,6.8974,8.7572,4.3005,0.7781,-0.3408,0.2602,-0.7036,-0.8544,-0.8731,0.0022,-0.2017,0.0091,0.0702,-0.0051,0.0195,0.019,0.4682,-0.0248,-0.0243,-0.0054,0.0204,-0.0155,-0.4368,-0.0103,-0.0051,-0.0161,0.0252,-0.0134,-0.0242,0.0043,0.0053,-0.0253,-0.0221,0.0249,0.0208,-0.0087,0.0019,-0.0102,,,,,,,
179,5239,108,3,standing,0.0067,-0.6604,0.0107,0.0008,0.0065,-0.0194,0.0214,0.579,-0.0273,-0.0354,-0.2772,-0.0569,-0.1806,0.0931,-0.0842,-0.034,0.0423,-0.2456,0.1937,0.2291,0.2851,0.265,-0.3973,-0.2593,0.1309,0.1002,0.1013,0.0507,0.1111,0.0332,0.0135,0.039,0.001,-0.007,-0.0053,0.0002,0.0278,2.5868,-0.1103,-0.0054,-0.1197,0.0339,-0.0148,-0.0001,0.4961,-0.006,-0.0066,-0.0082,0.01,0.9799,-0.0179,0.0804,-0.0096,0.0089,0.0078,-0.0247,-0.0186,0.0063,-0.0208,-0.0265,-0.1127,-0.0085,0.1505,-0.7795,-0.7598,0.0974,0.2163,-0.0083,0.0264,0.2506,-0.3706,-0.0485,-0.0087,-0.2241,0.0084,0.098,-0.0066,0.0181,0.0207,0.4516,-0.0243,-0.0188,-0.0031,0.0233,-0.0053,-0.4292,-0.0056,0.02,0.0143,0.0232,0.0123,0.0017,0.0043,0.0206,-0.0091,-0.0073,0.0181,0.0164,-0.0244,-0.0054,0.0132,,,,,,,
180,5240,108,3,standing,-0.0014,2.4954,0.0103,0.023,-0.0107,0.0008,-0.042,-1.2515,0.0695,-0.0558,0.5744,0.0879,0.2759,1.2982,-0.0922,0.0046,0.0504,0.1836,0.2639,0.2362,0.3868,0.1192,-0.2852,-0.1503,0.1002,-0.1109,0.0751,-0.0807,0.1129,0.1011,-0.0001,0.02,-0.0083,-0.0002,-0.0189,-0.01,0.1309,-0.6781,0.027,-0.0262,-0.0155,0.001,-0.0161,-0.008,0.536,-0.0064,-0.005,-0.0169,-0.0091,0.9675,-0.0066,0.0193,0.009,-0.0184,-0.0077,0.0221,0.0208,-0.0207,-0.0332,0.1001,-0.0,0.0194,0.0285,0.0343,-0.2298,-0.0348,0.0373,0.0228,0.0074,0.0406,-0.1271,-0.0205,-0.0087,-0.2171,0.0078,0.0792,-0.0199,0.0229,0.0233,0.4689,-0.0206,-0.0188,-0.0086,0.0242,-0.0097,0.5489,0.0043,0.0241,-0.0141,0.0178,0.0105,-0.0063,-0.0023,0.0232,-0.0136,-0.0164,0.0256,0.0183,-0.0223,-0.0245,-0.0122,,,,,,,
181,5241,108,3,standing,-0.0019,0.9062,-0.0105,0.0326,0.0056,-0.0225,0.0203,-0.6083,0.0194,-0.0347,0.2463,0.0042,0.0423,1.3568,-0.0007,0.0149,-0.001,-0.0082,0.0229,0.0002,-0.0136,-0.0047,0.0051,-0.0127,0.0155,-0.0034,0.0308,0.0053,-0.0148,0.0186,-0.0033,0.0302,0.0072,0.0046,-0.014,0.0043,0.0939,2.6664,-0.0879,0.0791,0.1124,-0.0509,-0.0161,0.0054,0.5795,0.0069,0.0078,-0.0167,0.0001,0.7598,-0.0206,0.2304,-0.0074,0.0223,-0.0092,-0.0187,0.01,-0.0208,-0.1003,-0.0278,-0.0203,0.0204,0.0207,0.0171,-0.2504,-0.0221,0.1015,0.0807,0.078,0.0989,-0.1198,-0.1303,-0.0093,-0.2017,0.0099,0.0781,-0.0108,0.0197,0.0088,1.4485,-0.0222,-0.0357,0.0044,0.0584,-0.009,-1.0896,0.0143,0.02,0.0092,0.0291,-0.0041,0.0053,0.0112,0.0247,-0.0157,-0.0073,0.0072,0.0242,-0.0183,-0.0163,0.0013,,,,,,,
182,5242,108,3,standing,-0.0035,2.3116,0.0007,0.0431,-0.0158,0.0073,-0.0327,-1.2053,0.0851,-0.0559,0.6413,0.0765,1.0915,0.3872,-0.0224,0.0043,0.0634,-0.02,0.0202,0.0204,-0.0001,0.0002,-0.0223,0.0145,-0.0196,-0.0044,0.0247,0.0066,-0.0142,-0.0169,-0.0046,0.0308,0.0081,0.0037,-0.0156,-0.0055,0.0235,1.4948,0.0188,0.0194,0.0208,0.0085,-0.0154,0.006,0.5795,-0.007,-0.008,-0.0168,-0.0259,0.8976,-0.0097,-0.1194,-0.0086,0.0171,-0.0078,0.009,0.0226,0.0192,-0.1013,-0.0505,0.0187,0.0193,0.0091,0.0174,-0.2506,-0.0579,0.0408,0.0199,0.0047,0.0577,-0.1008,-0.0413,-0.0084,-0.3018,0.0087,0.1183,-0.0098,0.0192,0.0256,0.4804,-0.0258,-0.019,-0.0017,0.0168,0.0114,-0.3451,0.0058,0.0051,-0.0195,0.0228,0.0025,-0.0107,-0.0106,0.0239,-0.0143,-0.0051,0.0195,0.0154,-0.0187,-0.0143,-0.0036,,,,,,,
183,5243,108,3,standing,0.0016,-0.7734,0.011,-0.0005,-0.0317,-0.022,0.0078,0.4564,-0.02,-0.0193,-0.2275,-0.0619,-0.0413,0.159,-0.0554,0.0146,-0.0843,-0.0737,0.0979,0.1124,0.0509,-0.1194,-0.1303,-0.1006,0.0001,0.0002,0.0283,0.0276,0.0189,0.0184,-0.0242,0.0309,0.0157,0.006,-0.0085,0.0206,0.001,1.4794,-0.0142,-0.0053,0.0155,-0.0182,-0.0159,-0.0068,0.4971,0.0063,0.0052,0.007,0.0205,0.9659,0.0066,0.0221,-0.0081,0.0191,0.0237,-0.0067,-0.0069,-0.0174,-0.0176,0.0097,-0.0195,0.0086,0.0192,0.0277,-0.2288,-0.0199,0.0267,0.0265,0.0198,0.0259,-0.0803,-0.0222,-0.008,-0.2305,0.0087,0.0983,-0.011,0.0194,0.0196,0.4688,-0.022,-0.0278,0.0025,0.0291,0.0103,-0.4503,-0.0121,0.0105,0.0056,0.0233,-0.0035,0.0058,-0.0035,0.0191,-0.0228,-0.0102,0.0179,0.0207,-0.0235,-0.0179,-0.0031,,,,,,,
184,5244,108,3,standing,-0.0116,0.7445,-0.0082,0.0375,-0.0213,0.0003,0.0276,-0.0462,0.0184,-0.0091,0.0542,0.0096,0.0928,1.347,-0.0829,0.0626,-0.0718,-0.0505,0.0804,0.2446,-0.229,0.1003,0.2554,-0.3078,0.1308,-0.01,0.1015,0.3352,0.1129,0.3964,-0.001,0.02,-0.0136,-0.0037,-0.0001,0.0166,-0.0063,0.7769,0.0,0.0245,0.0002,-0.0086,-0.015,0.0067,0.5861,0.0049,-0.0059,-0.0155,-0.0072,0.9765,-0.0181,-0.1108,-0.0153,0.0076,0.0206,-0.0085,-0.0093,0.0202,0.0087,0.0168,0.0079,0.0233,0.018,0.0083,-0.2603,-0.0222,0.0315,0.0095,0.0205,0.0268,-0.1186,-0.0415,-0.0088,-0.3206,0.0094,0.1299,-0.0067,0.0221,0.0098,1.5089,-0.0192,-0.0357,0.0052,0.0544,0.0153,0.9341,0.0238,0.0155,0.0059,0.0322,-0.0041,-0.0101,0.0038,0.0187,-0.0131,-0.0087,0.008,0.0086,-0.0164,-0.0121,0.0012,0.0,,,,,,
185,5245,108,3,standing,0.0104,-0.5941,0.0046,-0.0515,-0.0632,-0.0961,0.0874,0.5543,-0.1256,0.0009,-0.268,-0.0773,1.2981,-0.3954,0.1869,-0.035,-0.3068,-0.2335,0.3638,0.3424,-0.2231,-0.2783,0.4791,-0.2599,0.2886,-0.023,-0.0803,0.4053,-0.4433,-0.3766,-0.0505,0.1308,0.1012,0.1009,0.1194,0.001,0.0264,2.7042,0.2203,0.2603,0.6496,-0.1507,-0.0202,-0.0238,0.5759,-0.0247,-0.0208,0.01,-0.0001,0.946,-0.0222,0.7962,0.0265,-0.0002,-0.0675,-0.0557,0.0558,0.1122,0.3405,0.8765,-0.632,-0.2806,0.6792,7.8512,4.7897,-0.8876,-0.7789,0.1107,0.0343,0.3018,-0.9893,0.4297,0.0019,-0.2306,0.0043,0.0895,-0.0184,0.0204,0.0182,0.4682,-0.0247,-0.0094,-0.0047,0.0223,0.0239,-0.5276,-0.0229,0.0181,0.0226,0.019,-0.0342,-0.0038,-0.0229,0.0308,-0.0339,0.0042,0.0085,0.0248,-0.0243,-0.02,-0.0143,,,,,,,
186,5246,108,3,standing,-0.0045,-0.6651,0.0115,0.0073,0.0006,-0.0318,0.0053,0.4494,-0.0107,-0.028,-0.2068,-0.0276,-0.0547,0.0972,-0.01,-0.0116,0.0002,0.0149,0.0229,-0.0435,0.0233,0.0155,0.0221,-0.0636,0.0179,-0.0034,0.0268,0.0001,-0.0063,0.0186,0.0033,0.036,0.0157,0.0054,-0.0084,-0.0043,0.0248,1.785,0.0871,-0.0558,-0.0506,-0.02,-0.0056,-0.017,0.5502,-0.0046,-0.0062,-0.0077,-0.0223,0.8885,0.0164,-0.1304,0.0235,0.0236,-0.1012,0.0195,0.1102,0.0093,-0.0804,-0.0082,-0.001,0.0092,0.0245,0.0446,-0.2171,-0.0067,0.0455,0.0174,-0.0069,0.0475,-0.1189,-0.0485,-0.0047,-0.2481,0.0098,0.0983,-0.0087,0.019,0.0091,1.4673,-0.0196,-0.0347,0.0052,0.0599,0.0109,0.974,0.0063,0.0085,0.0146,0.0192,-0.0064,-0.0117,0.0035,0.0151,-0.0164,-0.0092,0.0192,0.0194,-0.0159,-0.0093,0.0023,,,,,,,
187,5247,108,3,standing,0.0111,-0.6017,0.0082,0.0417,0.0005,-0.0219,0.0561,0.5584,-0.0636,-0.0851,-0.2872,-0.0769,-0.2448,0.3898,0.035,-0.0506,-0.2042,-0.0946,-0.2352,0.3373,0.2639,-0.2786,0.2962,-0.3059,-0.1193,0.0205,-0.0807,-0.4034,-0.3568,-0.4463,0.0043,0.0363,-0.0001,0.0174,0.0179,0.0002,0.02,1.7581,-0.001,-0.0203,0.1122,0.1502,-0.01,0.0189,0.5467,0.0204,0.0156,0.006,0.0164,0.8866,0.0239,-0.589,0.0592,-0.0183,-0.0202,-0.0223,0.0384,-0.1014,-0.1003,-0.8085,-0.0249,-0.0197,0.0499,0.2303,-0.2167,-0.0571,-0.0253,0.027,0.0302,0.0454,-0.2203,-0.0078,-0.0077,-0.3017,0.0052,0.1187,-0.0103,0.0201,0.0193,0.4408,-0.0191,-0.0256,-0.0096,0.0238,0.0194,0.8482,-0.0063,0.006,-0.0195,0.0254,-0.0052,-0.0113,0.0053,0.0242,-0.0237,-0.0164,0.0252,0.0258,-0.0259,-0.0241,0.0,,,,,,,
188,5248,108,3,standing,-0.0104,1.5946,0.0523,-0.0772,-0.0626,-0.0073,-0.034,-1.2558,0.0942,-0.0854,0.5794,0.0508,2.1395,-1.1856,0.2489,0.1622,0.4535,-0.2982,-0.2899,-0.4881,0.3941,0.5534,0.2737,-0.5075,-0.3385,-0.1305,0.0211,0.3868,-0.3097,-0.3677,-0.1015,0.0807,0.01,-0.1009,-0.1104,0.0004,-0.0184,0.6567,-0.0053,0.0001,-0.0247,0.027,-0.017,-0.0169,0.4974,0.0187,-0.0176,0.0152,0.0201,0.8561,-0.0586,-0.2167,-0.0078,0.0202,-0.086,-0.02,0.0098,0.0305,-0.1126,-0.2259,-0.2205,-0.0064,0.1506,0.7971,-0.809,-0.3456,0.1192,0.0193,0.0788,0.2602,-0.3642,0.0196,-0.0051,-0.2392,0.0049,0.0891,-0.0063,0.0186,0.0091,0.8301,-0.0189,-0.0298,0.011,0.0294,0.0206,0.8592,-0.0002,0.0203,-0.0031,0.0253,-0.0059,-0.0046,-0.0017,0.0223,-0.0236,0.0045,0.0228,0.0191,-0.0222,-0.0064,,,,,,,,
189,5249,108,3,standing,-0.0067,1.589,-0.0113,0.0437,-0.0169,0.021,-0.0317,-1.0942,0.0584,-0.0693,0.5041,0.0543,0.1586,0.2976,-0.0853,0.0782,-0.2631,-0.1954,0.2546,-0.3073,0.2757,0.2859,-0.4055,0.247,0.1303,-0.0005,0.1108,0.0507,-0.0807,0.1129,0.0052,0.1192,-0.01,0.02,-0.001,0.0038,0.0745,0.8868,-0.0002,0.0589,0.1017,0.0187,-0.0171,-0.0066,0.5505,-0.0081,0.0075,0.0063,-0.0098,0.8564,-0.0195,0.1509,-0.0245,0.0177,-0.0238,0.0062,0.0268,0.0194,-0.0465,-0.056,0.0097,0.0178,-0.018,-0.0307,-0.2374,-0.0572,0.1004,-0.0001,0.0265,0.1111,-0.1683,-0.0879,-0.0019,-0.2302,0.0092,0.0942,-0.0091,0.0196,0.0199,0.5335,-0.0207,-0.0182,-0.0033,0.0201,-0.0115,0.4291,0.0062,0.0221,-0.0043,0.0243,-0.0113,-0.0109,-0.0044,0.0094,-0.0164,-0.0091,0.0202,0.0228,-0.0226,-0.0206,0.0103,,,,,,,
190,5250,108,3,standing,-0.002,2.0845,0.0107,0.0212,-0.0092,-0.033,0.0226,-1.0918,0.0552,-0.0636,0.5824,0.0415,1.2959,-0.3486,0.0009,0.0202,-0.0094,0.0001,0.0083,0.001,-0.0051,-0.0038,0.0143,-0.0087,0.0131,0.0002,0.0304,0.0042,-0.0095,0.0181,-0.0033,0.0302,0.0071,0.0056,-0.0161,0.0049,-0.0169,0.5585,-0.0041,0.0204,0.0157,-0.0179,-0.0147,-0.0072,0.537,0.0054,-0.006,-0.0091,-0.0064,1.0565,0.0078,0.0503,0.0166,0.0173,-0.0208,-0.0082,0.0196,-0.01,-0.1012,-0.0963,-0.0176,0.0193,0.0245,0.0294,-0.1899,-0.0262,0.0467,0.0184,0.0203,0.0305,-0.1199,-0.0174,-0.0077,-0.3018,0.009,0.118,-0.0073,0.0198,0.0189,0.4803,-0.0242,-0.0275,0.0066,0.0373,0.0052,-0.4993,0.0088,0.0138,0.0082,0.02,-0.0101,-0.0056,0.0097,0.0159,-0.0186,-0.0164,0.0083,0.0181,-0.0179,-0.0042,-0.0038,,,,,,,
191,5251,108,3,standing,-0.0033,0.6309,-0.0135,0.0076,0.0078,-0.0217,0.0328,-0.0636,0.0072,-0.0237,0.0546,-0.0434,0.0186,1.4562,0.0009,-0.0154,-0.0193,0.0094,0.0232,0.0131,0.0063,-0.0041,0.0053,-0.0124,0.0155,0.0027,0.0276,0.0108,-0.0068,0.0223,-0.0058,0.0285,0.0077,0.006,-0.0109,-0.0066,0.0091,0.4067,0.0157,-0.0179,0.0798,-0.02,-0.015,-0.001,0.5101,0.0049,0.0048,-0.0175,-0.0208,0.9769,-0.0203,-0.0804,0.0171,0.0089,-0.0247,0.0065,-0.0085,-0.0095,0.0307,0.0164,0.0507,0.0229,-0.0087,0.0455,-0.1782,-0.0245,0.1019,0.0081,0.0205,0.1191,-0.1292,0.0184,-0.0073,-0.2383,0.009,0.0988,-0.0051,0.0196,0.018,0.7753,-0.0204,-0.0199,-0.0019,0.0291,0.0221,0.4586,0.0107,0.0113,-0.0047,0.0236,-0.0035,-0.0062,-0.0108,0.0226,-0.0092,-0.0227,0.0192,0.0201,-0.0202,-0.0047,-0.0036,,,,,,,
192,5252,108,3,standing,-0.0042,-0.5377,0.0106,0.0049,0.0012,-0.0135,0.0326,0.4486,-0.0219,-0.0173,-0.1859,-0.0469,-0.0531,0.1555,-0.0003,-0.001,-0.0201,0.0136,0.0195,0.0134,-0.0122,-0.0038,0.0127,-0.0233,0.0065,0.0002,0.0271,0.0107,-0.0157,0.0094,-0.0033,0.034,0.009,0.0047,-0.0151,0.0063,0.0879,1.5464,0.0174,0.0092,-0.095,0.0078,-0.0168,0.0066,0.5877,0.0087,0.0085,0.0084,-0.0152,0.9238,0.0201,0.1103,0.0001,0.0198,-0.0062,0.0183,0.0097,0.0223,-0.0505,0.0804,0.0196,0.0221,0.007,0.0285,-0.1681,-0.1018,-0.0408,0.0203,0.0265,-0.039,-0.1304,-0.0575,-0.0099,-0.1891,0.0076,0.0996,-0.0082,0.0189,0.0085,1.4759,-0.0195,-0.0332,0.0088,0.0593,0.0205,0.4718,0.0054,0.0059,-0.0131,0.0187,-0.0121,0.0051,-0.0043,0.0179,-0.0227,-0.0159,0.0154,0.0228,-0.0189,-0.0141,-0.0122,,,,,,,
193,5253,108,3,standing,-0.0048,0.7949,-0.0106,0.0219,-0.0009,-0.0141,0.034,0.5868,-0.0415,-0.0223,-0.2893,-0.0554,0.006,1.4794,-0.01,-0.0044,-0.0232,0.0077,0.0191,0.008,-0.0064,-0.0023,-0.0037,-0.0153,0.0169,0.0056,0.0345,-0.0059,-0.0189,0.0173,-0.0032,0.0287,0.0081,0.001,-0.0151,-0.0063,0.0508,2.0986,0.0222,0.0142,-0.0196,-0.0785,-0.017,-0.0001,0.5546,-0.0061,-0.0062,-0.0083,0.0057,0.9604,0.0065,0.0898,-0.0174,0.0166,0.009,0.0067,0.0192,-0.0097,0.0277,0.0278,0.0208,0.0187,0.0207,0.0343,-0.2208,-0.0265,0.0394,0.0202,0.0294,0.0332,-0.1482,-0.0357,-0.0052,-0.2976,0.0075,0.1188,-0.0078,0.0206,0.0199,0.5143,-0.0221,-0.0195,-0.0002,0.0233,-0.0119,-0.4505,0.0102,0.0131,-0.0136,0.006,-0.0056,0.0051,-0.0041,0.0154,-0.0201,-0.0077,0.0228,0.0157,-0.0259,-0.0049,-0.0,,,,,,,
194,5254,108,3,standing,0.0117,-0.6945,0.0082,-0.041,0.0006,-0.0796,0.0316,0.385,-0.0542,0.0215,-0.2449,-0.0879,1.2985,-0.3359,-0.0955,-0.068,-0.2552,0.2897,-0.3981,-0.2275,0.3483,-0.3067,0.2763,0.2698,0.3631,-0.3789,0.1019,0.4462,-0.4792,0.6074,0.001,0.1193,0.1102,0.0506,-0.02,0.0809,-0.1124,0.7841,-0.0002,0.0338,-0.4868,-0.1307,-0.0161,0.0001,0.5464,0.0146,0.0166,0.0187,0.0176,0.7056,0.0208,-0.9991,0.0077,-0.0188,-0.1506,0.0165,0.0558,-0.0305,-0.3014,0.3703,-0.2305,0.1004,0.2202,2.8635,4.8445,0.7301,0.2258,0.0751,0.0332,0.9516,-0.9278,-0.3642,-0.0018,-0.2505,0.009,0.0953,-0.011,0.0189,0.0194,0.4296,-0.0253,-0.0228,-0.0046,0.0247,0.0093,0.4507,0.0082,0.0204,0.01,0.0252,-0.0201,-0.0143,0.0059,0.0185,-0.0321,-0.0222,0.008,0.0233,-0.0235,-0.0187,0.0038,0.0,,,,,,
195,5255,108,3,standing,-0.0016,2.5138,0.0115,0.0212,-0.0135,0.0051,-0.0268,-0.9969,0.0547,-0.0468,0.3945,0.037,1.2681,-0.2275,-0.0698,0.0953,0.0849,-0.2542,-0.0774,-0.2361,-0.3655,0.3078,0.2824,-0.2773,0.0009,-0.0138,0.0504,0.1005,0.02,0.1191,-0.0203,0.0292,0.0284,0.0059,-0.0143,-0.0164,-0.0087,0.6057,0.0046,0.0085,0.0253,0.0063,-0.0171,0.008,0.545,0.0002,-0.0056,0.0088,-0.0191,0.8965,-0.0066,-0.0804,-0.0195,0.0172,0.0184,-0.0079,0.0086,0.0256,-0.1015,-0.1104,-0.0202,0.0094,0.0329,0.0176,-0.2205,-0.0183,0.0408,0.0001,0.0231,0.009,-0.1307,-0.0414,-0.0056,-0.2304,0.0092,0.0893,-0.0077,0.0196,0.0182,0.5132,-0.0204,-0.0252,0.0055,0.0306,0.0116,0.4684,-0.0032,0.0129,0.0157,0.0226,-0.0064,-0.0197,-0.0111,0.0157,-0.0091,-0.0205,0.0233,0.0131,-0.0186,-0.0051,0.0047,,,,,,,
196,5256,108,3,standing,-0.0054,2.4106,-0.0108,0.0329,-0.0211,0.001,-0.055,-1.0941,0.0764,-0.069,0.5827,0.0436,1.1344,-1.2275,0.0009,0.0017,0.01,-0.0091,0.0231,0.0155,-0.0245,-0.0001,-0.0168,-0.0153,0.0507,-0.0059,0.0433,-0.0137,-0.02,0.0181,-0.0039,0.0295,0.016,0.0051,-0.0148,-0.0046,0.0202,4.7977,0.0195,0.0203,-0.0082,-0.0204,-0.017,0.008,0.4947,0.0062,0.0093,-0.0063,-0.0078,0.8972,-0.0156,-0.0066,0.0067,-0.0088,-0.0247,-0.0221,0.0223,0.0194,-0.0253,0.0807,-0.0248,0.0186,0.0314,0.0196,-0.2085,-0.0697,0.1106,0.0084,0.0787,0.0199,-0.1308,-0.0093,-0.0011,-0.2505,0.0067,0.0983,-0.0098,0.0198,0.0082,0.7792,-0.0209,-0.0198,-0.0002,0.0252,0.0113,-0.4991,0.0106,0.0156,0.0158,0.0155,-0.0054,0.0017,-0.0112,0.0157,-0.0228,-0.0051,0.0232,0.0226,-0.0265,-0.0158,-0.0013,,,,,,,
197,5257,108,3,standing,-0.0012,-0.7308,0.0115,0.0009,0.0062,-0.0135,0.0236,0.4469,-0.0233,-0.0194,-0.2205,-0.0416,0.0699,-0.2296,0.0154,0.0043,-0.0214,0.0318,0.0581,0.0504,-0.0721,0.0923,0.0804,0.0855,0.0531,0.0207,0.0305,-0.0066,0.0153,0.0307,0.0136,0.0332,0.0092,0.0047,-0.01,0.001,0.1003,1.5949,0.0557,-0.0145,-0.1192,0.0408,-0.0164,-0.0072,0.5846,-0.0002,-0.0056,-0.0052,-0.0151,0.938,-0.0073,0.1122,0.0086,0.0168,0.0189,0.0077,-0.0188,-0.0242,-0.101,-0.1105,-0.0262,0.0231,0.0265,0.0384,-0.2303,-0.1303,-0.0001,0.0237,-0.0198,-0.0455,-0.1295,-0.0477,-0.0079,-0.3208,0.0097,0.1283,-0.0187,0.0223,0.0182,0.7143,-0.0184,-0.0228,-0.0013,0.0235,0.0091,0.449,0.0089,0.0094,-0.0082,0.0203,-0.0103,0.0047,0.0033,0.0229,-0.0186,-0.0181,0.0248,0.0192,-0.0245,-0.0049,0.0105,,,,,,,
198,5258,108,3,standing,0.0012,-0.6018,0.0105,0.0093,0.001,-0.0225,0.0324,0.4727,-0.0183,-0.0191,-0.2298,-0.0223,0.0699,0.0785,0.0052,-0.0001,-0.0439,0.0195,0.0007,0.0232,0.0159,0.0064,-0.0002,0.0229,0.02,0.0141,0.0231,0.0063,-0.0138,0.0078,-0.0136,0.0287,0.0135,-0.0043,-0.0145,0.0046,-0.0937,1.7949,0.0851,0.0505,0.1508,0.0807,-0.0189,0.0066,0.5794,0.0154,-0.0088,-0.007,-0.01,0.6962,-0.0204,0.1002,-0.0097,-0.0201,-0.0207,0.0192,0.0336,-0.009,-0.1303,0.1106,0.0285,0.0181,-0.0082,0.1127,-0.2258,-0.0262,0.1012,0.0408,0.0573,0.1197,-0.1024,-0.0184,-0.0096,-0.2202,0.008,0.0876,-0.0087,0.0186,0.0083,1.4509,-0.0203,-0.0348,0.0052,0.0548,-0.0047,0.9056,0.0105,0.0164,-0.0089,0.0248,-0.0044,-0.0054,0.0053,0.0179,-0.0181,-0.0181,0.0158,0.0053,-0.0245,-0.0054,-0.0019,,,,,,,
199,5259,108,3,standing,-0.0052,1.4357,-0.0111,0.0321,-0.0089,-0.0059,-0.0213,-1.0943,0.0546,-0.0477,0.5778,0.0737,-0.1723,0.088,-0.043,0.0041,-0.0196,-0.0007,0.0209,0.0242,-0.0042,0.0054,0.0084,-0.007,0.0158,-0.0002,0.0329,-0.0056,-0.0174,0.0256,-0.0035,0.0305,0.0073,0.0044,-0.0168,0.0003,0.0645,2.6983,0.001,0.0302,0.02,-0.0097,-0.0063,-0.0057,0.5587,0.0066,-0.0064,-0.0091,-0.0268,0.9475,0.0226,0.0508,-0.0092,0.01,0.0167,0.0081,0.016,0.0076,0.0332,-0.0095,-0.0099,0.0221,0.0243,0.0278,-0.2308,-0.0262,0.0349,0.0206,0.0172,0.0294,-0.1102,-0.0202,-0.0082,-0.3205,0.0098,0.1285,-0.0078,0.019,0.0188,0.6108,-0.0207,-0.0195,-0.0053,0.0205,0.0093,-0.4604,-0.0013,0.0102,0.0052,0.0083,-0.0052,0.0018,0.0025,0.0228,-0.0247,-0.0222,0.0131,0.0204,-0.0223,-0.0143,-0.0035,,,,,,,
200,5260,108,3,standing,0.0118,-0.751,0.0046,0.0007,0.0049,-0.0212,0.0321,0.5891,-0.0347,-0.0073,-0.2656,-0.043,0.0559,0.2277,-0.0847,0.0226,-0.0955,0.0503,0.2361,0.2434,-0.0788,-0.2553,0.3567,-0.2743,-0.0629,-0.001,0.1017,-0.1008,-0.1108,-0.1307,-0.0205,0.0804,-0.119,-0.0194,-0.0463,0.0141,0.0002,1.6544,0.0001,0.02,0.0796,0.0189,-0.0086,0.0048,0.5762,-0.0066,0.0051,-0.015,-0.007,0.7699,-0.0164,-0.2305,-0.0222,0.01,0.0201,0.0185,0.0087,-0.008,0.1509,0.0778,0.0205,0.0168,-0.0198,0.0192,-0.1669,-0.0303,-0.0184,0.0193,0.0206,-0.0582,-0.1127,-0.0202,-0.0011,-0.2206,0.0081,0.0879,-0.0095,0.0183,0.019,0.4403,-0.0248,-0.0221,-0.0097,0.0223,0.0041,-0.5309,-0.0102,0.0103,0.0182,0.0181,-0.0047,0.0104,0.0038,0.0234,-0.0235,-0.0136,0.0204,0.0182,-0.0164,-0.0045,-0.0,,,,,,,
201,5261,108,3,standing,-0.0105,-0.5109,0.0052,0.0327,-0.0001,-0.0009,0.0414,0.4082,-0.0348,-0.025,-0.1659,-0.0503,-0.0893,0.2572,-0.0623,0.0973,-0.0788,0.1003,-0.1102,0.2984,-0.3677,0.2655,-0.3485,0.3728,0.0409,-0.1197,0.0441,-0.3861,0.4486,0.3083,0.01,0.0809,-0.0065,0.0035,-0.0091,-0.0041,0.0267,1.4842,0.0195,0.101,0.0002,-0.0278,-0.0163,0.0051,0.5856,0.0076,0.0053,0.0054,-0.0206,0.8766,-0.0062,-0.608,-0.0057,0.0081,0.0201,-0.0064,-0.0204,-0.0221,-0.0338,0.1121,-0.0307,0.0199,0.0375,0.02,-0.2165,0.059,0.1001,0.001,0.0265,0.0394,-0.1189,0.0178,-0.0098,-0.3003,0.0062,0.1307,-0.0094,0.0197,0.0196,0.4805,-0.0228,-0.0234,-0.0054,0.0293,0.0112,0.4297,0.0047,0.0192,-0.0256,0.0237,-0.0046,-0.0047,-0.0113,0.0181,-0.0245,-0.0085,0.0243,0.024,-0.0186,-0.0223,-0.0111,,,,,,,
202,5262,108,3,standing,-0.0052,-0.7694,0.0107,0.0224,0.0009,-0.0087,0.0345,0.4794,-0.0232,-0.0141,-0.2291,-0.0557,-0.0908,-0.1658,0.0002,-0.0421,-0.0253,-0.0639,-0.0335,-0.0355,-0.0053,0.0505,0.0073,-0.0237,0.0221,-0.0042,0.0289,-0.0146,-0.0248,0.0291,-0.0031,0.029,0.0063,0.0155,-0.0189,-0.0066,-0.001,1.3856,-0.0001,0.0172,-0.1199,0.0278,-0.0062,0.0069,0.4974,0.005,0.0082,-0.0054,0.0181,0.936,-0.0179,-0.2166,-0.0208,0.0065,0.0206,-0.0098,0.0276,-0.0183,-0.1108,-0.1017,-0.1307,0.0077,0.077,-0.2809,-0.2257,-0.1002,0.039,0.0176,0.0223,0.0806,-0.1129,0.01,-0.009,-0.2306,0.0092,0.098,-0.0085,0.0188,0.0199,0.6103,-0.0233,-0.0273,0.0086,0.0347,-0.0038,0.4991,0.0057,0.0222,0.0095,0.0189,-0.0046,-0.0116,0.0097,0.0196,-0.0149,-0.0156,0.0089,0.0182,-0.0201,-0.0121,,,,,,,,
203,5263,108,3,standing,-0.0003,-0.6501,0.0035,-0.0212,0.0083,-0.0143,0.031,0.4468,-0.0431,-0.0141,-0.2053,-0.0655,0.1794,0.0957,-0.0516,-0.001,0.0867,0.0774,0.1105,0.2862,0.0502,0.1015,0.2359,-0.2786,-0.1009,0.0136,0.0542,0.1303,0.0804,0.1027,-0.0032,0.0087,0.0138,-0.0056,-0.0064,0.0073,0.0169,1.8877,-0.0171,-0.02,-0.1509,-0.0751,-0.0145,0.0047,0.5893,0.0051,-0.0061,0.0054,0.0096,0.7576,-0.009,0.2303,0.01,0.0195,0.0172,0.0097,-0.0181,-0.006,0.1191,-0.0979,-0.0084,0.0192,0.0223,0.0385,-0.2205,-0.0066,-0.0002,0.0078,0.0226,-0.0799,-0.1024,-0.0332,-0.008,-0.2491,0.0063,0.0989,-0.0085,0.0182,0.0207,0.5752,-0.0247,-0.0235,0.0064,0.0392,0.0233,-0.4998,0.0198,0.0094,0.0169,0.0236,-0.0059,-0.0056,0.0015,0.0228,-0.0158,-0.0144,0.0204,0.0234,-0.0239,-0.0243,-0.0131,,,,,,,
204,5264,108,3,standing,-0.0035,-0.7942,0.0103,0.0089,0.0006,-0.0162,0.028,0.4824,-0.0222,-0.0063,-0.2281,-0.0626,0.0415,0.0854,-0.01,0.0001,-0.0518,-0.0731,0.0955,0.0002,-0.0509,0.0203,-0.0809,-0.089,0.1017,-0.0201,0.1008,-0.0248,-0.1102,0.0549,-0.0145,0.0291,0.0143,0.0228,-0.0195,-0.0052,0.0253,1.385,0.1193,0.0202,-0.1305,0.001,-0.0158,-0.0053,0.5761,0.0066,-0.0047,-0.0156,-0.0221,0.9465,-0.0236,0.6086,0.0092,-0.0205,-0.02,0.0084,0.0187,0.0176,-0.0183,-0.1509,-0.0202,0.0292,0.0223,-0.0196,-0.2509,-0.0871,0.0193,0.0335,0.0379,0.0099,-0.1182,0.027,-0.0077,-0.1875,0.0097,0.0785,-0.0091,0.0178,0.0098,0.8861,-0.0204,-0.0207,0.0063,0.0366,0.0052,0.4994,0.0104,0.0252,-0.0131,0.0229,0.0112,-0.0108,-0.0052,0.0268,-0.0194,-0.0152,0.0181,0.0232,-0.0238,-0.0189,0.002,,,,,,,
205,5265,108,3,standing,-0.0045,0.7961,0.0113,0.0008,-0.0103,-0.0089,0.0217,-0.0778,0.0084,-0.0233,0.0547,0.0186,-0.0414,1.3796,-0.0221,-0.0026,-0.0155,0.0087,0.0077,0.001,-0.0002,-0.0043,-0.0001,-0.0141,0.0226,0.0063,0.0284,0.0069,-0.0132,0.0232,-0.0033,0.0286,0.0144,0.0036,-0.0154,-0.0046,0.0052,2.0839,0.0056,0.0173,-0.0207,-0.0193,-0.0162,0.0072,0.4951,0.0065,-0.0067,-0.0068,0.0195,0.836,-0.0242,-0.0697,0.0174,-0.0204,-0.0194,0.0075,-0.0091,0.0185,-0.0976,0.1503,-0.0064,0.0202,0.0277,0.1014,-0.2242,-0.0307,0.0098,0.0088,0.0503,0.039,-0.1107,-0.02,-0.008,-0.3014,0.0082,0.1181,-0.0099,0.0192,0.009,0.9607,-0.0207,-0.0229,0.0062,0.0353,0.0206,-1.0741,-0.0027,0.0223,0.0056,0.0152,-0.0066,0.0106,-0.0049,0.0239,-0.0157,-0.0155,0.0168,0.0182,-0.0195,-0.0189,-0.0023,,,,,,,
206,5266,108,3,standing,-0.0108,-0.5946,0.0048,0.0077,0.0008,-0.0326,0.0279,0.4961,-0.0514,-0.0107,-0.2303,-0.0415,-0.1393,-0.2757,0.023,-0.0506,-0.1855,0.2074,-0.0928,0.2482,0.0636,-0.229,0.348,-0.2543,-0.1191,0.0001,0.055,-0.1019,-0.1122,-0.1307,0.0231,0.0189,-0.0092,0.0095,-0.0204,-0.0156,0.0051,1.4087,-0.001,-0.0044,-0.1004,-0.0804,-0.0168,-0.0053,0.5866,-0.0078,0.0052,-0.0073,0.0162,0.756,0.01,-0.1109,-0.0002,0.0223,0.0179,-0.0072,0.0257,-0.0063,-0.0196,-0.1507,-0.0205,0.0202,0.0206,0.0335,-0.1992,-0.0588,-0.0409,0.0084,0.0265,-0.0083,-0.2202,-0.0081,-0.0086,-0.3014,0.0085,0.1188,-0.0107,0.0203,0.0228,0.9941,-0.0227,-0.0191,-0.0097,0.0253,0.0098,-1.3209,0.0053,0.0194,0.0158,0.0235,-0.0023,-0.0043,0.0046,0.0186,-0.0193,-0.0181,0.0222,0.0158,-0.0158,-0.0131,,,,,,,,
207,5267,108,3,standing,-0.0116,-0.7619,0.0053,-0.0008,0.0003,-0.023,0.0233,0.5948,-0.0241,-0.0152,-0.2694,-0.0515,0.0429,0.3349,0.0345,-0.0142,0.0203,-0.0624,0.0235,0.0507,-0.0943,-0.0772,-0.0868,-0.1009,0.0196,-0.0132,0.0268,0.006,-0.01,0.0284,0.0001,0.0305,0.0082,0.0047,-0.0144,0.0063,0.1198,1.6675,-0.0078,0.0156,-0.1018,0.0484,-0.0181,0.001,0.5854,0.0046,0.0067,0.0155,0.0209,0.8864,0.0002,0.0809,-0.02,0.0187,-0.0065,0.0248,-0.0077,-0.0191,0.018,-0.1104,0.0245,0.0062,0.0171,0.1509,-0.2303,0.007,0.0751,0.0205,0.009,0.0362,-0.1121,-0.0405,-0.0085,-0.2379,0.0098,0.0892,-0.0106,0.0197,0.0202,0.4486,-0.0208,-0.0095,-0.0093,0.0223,-0.0199,0.9043,-0.0041,0.0059,-0.0059,0.0206,-0.0044,0.0051,0.0052,0.0152,-0.0221,-0.0147,0.0238,0.0222,-0.0194,-0.0141,0.0059,0.0,,,,,,
208,5268,108,3,standing,-0.0033,0.774,-0.0105,0.0135,-0.0063,0.0006,0.0323,0.4418,-0.025,-0.0157,-0.209,-0.0419,-0.0908,1.4821,0.0067,-0.0055,-0.0226,0.001,0.0093,0.0001,-0.0047,-0.0058,0.0136,-0.0229,0.0085,0.0053,0.0294,0.0032,-0.0146,0.0196,-0.0041,0.036,0.0084,0.0056,-0.0107,0.0037,0.0692,0.4943,0.0051,0.02,-0.0222,-0.0206,-0.017,0.0074,0.5468,-0.0087,-0.0059,-0.0081,-0.0183,0.8872,-0.0094,0.0809,-0.0062,0.0182,0.0065,-0.0002,0.0164,0.01,-0.0223,0.0508,-0.0221,0.0205,0.0227,0.0373,-0.1695,-0.0303,0.0349,0.0099,0.0236,0.0356,-0.0989,-0.048,-0.0075,-0.2478,0.0086,0.1017,-0.0105,0.0198,0.0093,1.4509,-0.0197,-0.0347,0.0092,0.0557,0.0201,0.4754,-0.0115,0.0256,-0.006,0.0257,-0.0091,-0.0066,0.0041,0.0158,-0.0174,-0.0243,0.0265,0.0181,-0.0082,-0.0189,0.0108,,,,,,,
209,5269,108,3,standing,0.0019,-0.6807,0.011,0.0008,0.0065,-0.0315,0.0077,0.4974,-0.022,-0.0241,-0.2651,-0.055,0.0867,0.3741,-0.0464,0.001,0.0955,0.0798,-0.1108,0.2235,-0.0691,-0.2447,0.1196,-0.1017,-0.0161,0.01,0.0504,0.0001,0.0146,-0.0002,-0.0052,0.0309,0.0081,0.0142,-0.0083,-0.0066,0.1001,1.3968,-0.1006,0.0573,-0.0339,-0.0803,-0.0169,0.0089,0.546,0.0088,0.0078,0.0096,0.0185,0.7675,0.02,-0.1503,0.0,0.0092,-0.0187,-0.0097,0.0059,0.0172,-0.018,-0.019,0.0248,0.0063,0.0247,-0.0305,-0.2093,-0.1124,-0.0335,-0.0221,0.0595,-0.039,-0.1309,-0.0455,-0.0094,-0.3274,0.0059,0.1379,-0.0084,0.0186,0.0229,0.4488,-0.0204,-0.0087,-0.0054,0.0239,0.0199,0.4297,-0.0042,0.0123,-0.0188,0.0237,-0.0041,0.0051,-0.0111,0.0136,-0.0245,-0.0091,0.0059,0.0202,-0.0208,-0.0232,0.0011,,,,,,,
210,5270,108,3,standing,-0.0014,1.6087,-0.0116,0.0421,-0.021,-0.0056,-0.0581,-1.1857,0.0737,-0.0623,0.5969,0.0852,-0.1373,0.3586,-0.0005,-0.0344,-0.0202,0.0002,-0.0504,-0.0961,0.0332,0.0463,0.0804,0.0337,0.0553,0.0047,0.0309,0.0036,0.0082,0.0245,-0.0042,0.0285,0.0096,0.0064,-0.0143,0.0001,0.0097,2.3974,0.001,0.0145,-0.1013,-0.01,-0.015,-0.0079,0.5475,-0.0049,-0.0071,0.0051,-0.0162,0.937,0.0189,-0.1108,-0.0072,0.0201,-0.0094,0.0091,-0.0198,0.0084,0.0277,-0.0265,-0.1193,0.02,0.0792,0.0446,-0.2162,0.1127,0.0394,0.0168,0.0222,-0.0342,-0.1003,-0.041,-0.009,-0.2508,0.0099,0.0883,-0.0082,0.0195,0.0082,1.4751,-0.0205,-0.0373,0.0088,0.0585,0.0113,-0.301,-0.0054,0.0089,0.0051,0.0195,-0.0105,0.0101,-0.0116,0.0165,-0.0204,-0.0056,0.0155,0.0157,-0.0234,-0.0054,-0.0113,,,,,,,
211,5271,108,3,standing,-0.0016,-0.6677,0.0113,0.0004,0.0158,-0.0218,0.0327,0.2949,-0.0191,-0.0086,-0.1157,-0.0462,0.0547,-0.3067,-0.0863,-0.0737,-0.0941,0.0508,0.0655,-0.2298,0.2544,0.2654,0.2328,-0.2445,0.1129,-0.1014,0.0642,-0.0807,-0.1194,0.1504,-0.001,0.0286,0.008,0.0059,-0.0096,-0.007,-0.0195,1.5638,0.0146,-0.0001,0.0188,0.0245,-0.016,-0.0061,0.5364,-0.0052,0.0087,0.0093,0.0079,0.8575,-0.0202,0.1102,0.0083,0.0259,-0.0089,0.0002,0.0303,0.0221,-0.0597,-0.0169,0.0078,0.0182,0.0226,0.0184,-0.2205,-0.0302,0.0309,0.0094,0.0268,0.0093,-0.1305,-0.0172,-0.0073,-0.229,0.0081,0.0892,-0.0099,0.0197,0.0208,-0.3407,-0.0205,-0.0097,-0.0052,0.0149,0.0069,0.4991,0.0044,0.0189,-0.0044,0.0156,-0.0035,-0.0112,0.0063,0.0152,-0.0223,-0.0242,0.0085,0.0265,-0.0248,-0.0159,-0.0,,,,,,,
212,5272,108,3,standing,0.0135,-0.5164,0.0048,0.0047,0.0007,-0.0212,0.0082,0.3944,-0.0319,-0.0085,-0.1869,-0.0415,0.0549,0.0761,0.0057,0.0073,-0.0223,0.0152,0.0207,0.0093,0.0001,-0.0043,-0.0127,-0.0002,0.0146,0.001,0.0275,0.0054,-0.0156,0.0179,-0.0037,0.0288,0.0096,0.0041,-0.014,0.0051,0.0645,2.385,0.0984,0.0866,0.1197,0.039,-0.0168,-0.0065,0.5578,0.0053,-0.0087,-0.0064,0.01,0.9762,-0.0506,0.1012,-0.0278,0.0191,-0.0167,0.02,0.0259,-0.0583,-0.0562,0.0484,-0.1126,0.0273,0.0302,-0.1308,-0.2202,0.0455,0.1008,0.0781,0.1503,0.1104,-0.1276,-0.0406,-0.0097,-0.1875,0.0098,0.0788,-0.018,0.0199,0.0192,0.5122,-0.0222,-0.019,0.0086,0.0291,0.0094,-0.4654,0.0106,0.0228,-0.0195,0.0226,-0.0105,-0.0031,0.0027,0.0168,-0.0186,-0.0186,0.0158,0.0089,-0.0095,-0.0248,0.0049,0.01,,,,,,
213,5273,108,3,standing,0.0045,-0.5943,0.0103,0.028,0.0094,-0.0625,0.0584,0.3873,-0.041,-0.0007,-0.1756,-0.0712,-0.1315,-0.2829,-0.0957,0.0851,0.2742,-0.3421,-0.3081,-0.207,-0.2239,-0.4067,0.3389,0.2479,-0.2654,0.1011,0.1302,-0.3598,0.3211,-0.3786,0.1192,0.1129,-0.1004,0.1103,-0.0508,-0.1001,0.001,1.4791,-0.0803,0.0001,0.4468,0.0276,-0.01,0.0046,0.5548,0.006,0.0053,-0.0169,-0.0085,0.8872,0.0187,-0.7763,-0.0182,0.009,0.02,0.0075,0.0061,0.0278,-0.0193,0.1505,0.3453,0.0797,-0.3207,-0.7437,2.6683,-0.3015,0.9946,-0.0203,0.0439,0.3754,0.9539,-0.3006,-0.0011,-0.2162,0.0176,0.0978,-0.0092,0.0196,0.0204,0.4277,-0.0191,-0.0084,-0.0033,0.0182,-0.0046,-0.4408,-0.0051,0.0155,0.0237,0.0314,-0.0002,0.0131,0.0068,0.0091,-0.0221,-0.0242,0.0201,0.0183,-0.0226,-0.0235,0.0038,,,,,,,
214,5274,108,3,standing,-0.0048,0.7946,-0.0103,0.0094,-0.0112,-0.0007,0.0236,0.6562,-0.0106,-0.0235,-0.2752,-0.0553,0.0415,1.4086,-0.028,-0.0057,0.0074,0.0182,0.0247,0.0091,-0.0036,-0.0043,-0.0069,-0.0242,0.013,0.0041,0.0268,0.0031,-0.0087,0.0138,0.0039,0.0308,0.0073,0.0068,-0.0158,0.005,-0.0144,-0.5499,0.0203,0.0145,0.0788,-0.0851,-0.0171,-0.0072,0.5549,0.0077,0.0059,0.0092,0.0097,0.8967,-0.0093,0.096,-0.007,-0.0207,0.01,-0.0001,0.0185,-0.0002,-0.0064,0.0098,0.0204,0.0248,0.0181,0.0509,-0.2309,-0.0184,0.0804,0.02,0.0175,0.0196,-0.1102,-0.0253,-0.0053,-0.2395,0.0076,0.0953,-0.0078,0.019,0.0192,0.4759,-0.0183,-0.029,-0.001,0.0227,0.0059,0.4363,0.0054,0.0223,-0.0044,0.0208,-0.0031,-0.0108,0.0023,0.0079,-0.0201,-0.0141,0.0078,0.0206,-0.0205,-0.0161,0.0017,,,,,,,
215,5275,108,3,standing,0.0032,-0.6379,0.0103,-0.0628,0.0417,-0.026,0.055,0.464,-0.0355,0.0502,-0.2056,-0.0737,-0.2698,0.3681,0.089,-0.0942,0.1952,0.2278,0.3374,-0.3877,-0.2447,0.2582,0.3572,-0.2959,0.4499,-0.0004,0.3971,-0.1196,-0.4976,0.4843,0.1122,0.1005,0.1012,-0.0803,-0.001,-0.1307,-0.02,1.6858,-0.0002,0.01,0.0339,-0.0089,-0.0087,-0.0145,0.5579,0.0061,-0.0054,-0.0157,-0.0207,0.9675,0.0001,0.6692,-0.0193,0.0203,0.0063,-0.0062,-0.0191,0.0167,-0.1506,-0.2604,0.0202,0.0194,0.0226,0.0304,-0.2165,-0.0406,-0.0195,0.0084,0.0185,0.0053,-0.118,-0.0206,-0.0097,-0.2502,0.0086,0.0988,-0.0089,0.0186,0.0188,0.6014,-0.0209,-0.0228,0.0038,0.0293,-0.0044,0.4298,-0.0017,0.0248,-0.0154,0.0222,-0.0059,0.0056,-0.0116,0.0252,-0.0183,-0.0256,0.0193,0.0265,-0.0187,-0.0146,0.0,,,,,,,
216,5276,108,3,standing,-0.0033,1.6142,-0.0107,0.033,-0.0082,-0.0247,0.041,0.9452,-0.0558,-0.0163,-0.4439,-0.0626,0.0224,1.3823,-0.0087,0.0004,-0.0086,0.0146,0.0097,0.0157,0.0001,-0.0035,-0.0042,-0.0147,0.0095,-0.0031,0.0304,-0.001,-0.0174,0.0136,-0.0041,0.0302,0.0108,0.0053,-0.0155,0.0059,0.0185,2.4578,0.0164,0.0092,-0.0052,-0.0096,-0.01,-0.006,0.545,0.0056,-0.0068,-0.0061,0.0073,0.9894,-0.0165,-0.0971,0.008,0.0202,-0.0067,0.0069,0.0201,-0.0162,0.0809,-0.0506,-0.02,0.019,0.031,0.0189,-0.2303,-0.0226,0.0176,0.0193,0.0242,0.0206,-0.1126,-0.0222,-0.0083,-0.2381,0.0079,0.0962,-0.0088,0.0184,0.0191,0.6001,-0.0203,-0.0236,-0.0002,0.0223,0.0052,-1.0406,0.0114,0.0054,-0.0052,0.0204,-0.0059,-0.0199,0.0039,0.0248,-0.0233,-0.0131,0.0208,0.0227,-0.0092,-0.0189,-0.0,,,,,,,
217,5277,108,3,standing,-0.0047,1.5891,0.011,0.0434,-0.0204,-0.0078,0.0798,-1.0693,0.0554,-0.0476,0.4823,0.0857,-0.0214,0.2639,0.0315,-0.0007,-0.0052,-0.01,0.0955,0.001,0.0232,0.0065,-0.0027,-0.0168,0.0056,-0.0036,0.0294,0.0073,-0.0133,0.0172,0.0041,0.0344,0.0096,0.0037,-0.0161,0.006,0.0509,2.649,-0.0095,-0.0169,0.0809,-0.0201,-0.0085,-0.008,0.5489,0.0074,0.0053,0.007,0.0081,0.9767,0.0192,-0.0563,-0.0176,0.0001,0.0088,-0.0242,0.0291,-0.0175,-0.1018,-0.0473,-0.0002,0.0166,0.0326,0.0307,-0.2307,-0.0265,0.1307,-0.0183,0.0292,0.039,-0.1687,0.0238,-0.0051,-0.2399,0.0062,0.0884,-0.0094,0.0182,0.0206,0.4172,-0.0209,-0.0228,-0.0038,0.0247,0.0226,-0.8902,-0.0039,-0.0103,0.0059,0.0233,0.0011,-0.0041,0.0051,0.0083,-0.0147,-0.0135,0.0154,0.0229,-0.0231,-0.0087,-0.0031,,,,,,,
218,5278,108,3,standing,-0.0042,1.5936,-0.0106,0.0245,-0.0158,-0.0052,-0.032,-1.0514,0.0761,-0.0495,0.5778,0.0412,0.0224,0.2782,-0.0063,0.0041,0.0146,-0.0004,0.0232,0.0095,-0.0035,0.0025,-0.0051,-0.0074,0.0156,-0.0034,0.0283,-0.0147,-0.0072,0.0229,-0.0039,0.034,0.0096,0.007,-0.0162,0.0065,0.0867,2.6879,-0.0001,0.001,-0.0092,-0.0985,-0.0089,0.0057,0.5466,0.0006,0.006,-0.0073,0.0069,0.8764,0.0097,-0.1011,0.0093,-0.0071,-0.0099,-0.0256,0.0257,-0.0184,-0.0509,0.0408,0.0194,0.018,0.0183,0.0285,-0.2388,-0.0181,0.0302,0.0178,0.02,0.0304,-0.1106,-0.0253,-0.0013,-0.3017,0.0086,0.1176,-0.0091,0.019,0.0198,0.4406,-0.0227,-0.0204,0.0052,0.0206,0.0056,-0.429,0.0114,0.0052,0.0082,0.0208,-0.0023,-0.0059,0.0059,0.0221,-0.0247,-0.0106,0.0094,0.0248,-0.0228,-0.0059,0.0051,,,,,,,
219,5279,108,3,standing,-0.0012,2.5155,-0.0105,0.0227,-0.0008,-0.0323,-0.026,-1.069,0.0765,-0.0435,0.5543,0.0586,0.1459,-0.2474,0.0046,-0.0083,-0.0928,-0.0836,-0.2053,-0.2621,-0.2972,-0.3891,0.3054,0.3498,0.0505,0.0001,0.0548,-0.1006,-0.1308,0.1503,-0.0247,0.0181,0.0195,-0.0056,-0.0235,-0.001,-0.0169,1.4499,0.0242,-0.0002,-0.0248,0.0152,-0.0085,-0.0047,0.4979,0.0062,-0.008,-0.0061,-0.0163,0.6478,0.0204,-0.2303,0.0193,-0.0187,-0.0089,0.0097,-0.0157,-0.0171,0.0092,0.01,0.0594,0.0239,0.0807,0.1012,-0.2205,-0.0485,0.0188,0.0226,0.0576,0.0267,-0.1282,-0.0406,-0.0052,-0.2251,0.0075,0.0896,-0.0104,0.0184,0.0052,1.4753,-0.0201,-0.0273,0.0055,0.0552,-0.0123,0.9098,-0.0023,0.0063,0.0233,0.0207,-0.0053,0.0027,-0.0059,0.008,-0.0181,-0.0158,0.0181,0.0208,-0.0206,-0.0158,,,,,,,,
220,5280,108,3,standing,0.0014,-0.7794,0.0104,-0.0051,0.0057,-0.0213,0.0324,0.4436,-0.034,-0.0109,-0.1747,-0.0555,-0.0008,0.2843,0.0002,-0.0056,-0.0134,-0.0149,0.0223,0.013,-0.0021,-0.0029,-0.0135,-0.0072,0.0085,0.0108,0.0291,0.0064,-0.0098,0.0248,-0.0058,0.0286,0.0097,0.0063,-0.0145,-0.0041,-0.0052,1.656,-0.0166,0.0202,-0.0781,0.01,-0.0153,-0.0073,0.5395,-0.0046,-0.0061,0.0074,-0.0206,0.8906,0.0221,-0.0508,0.0062,0.0168,-0.0195,-0.0091,0.0192,0.007,0.0278,0.0332,0.0288,0.0229,0.0247,0.0277,-0.2304,-0.0178,0.0309,0.0188,0.0222,0.0268,-0.1197,-0.0186,-0.0076,-0.2987,0.0083,0.1184,-0.009,0.0204,0.0182,0.9993,-0.0257,-0.0196,-0.0017,0.0242,0.0078,-1.0608,0.0111,-0.0052,-0.0111,0.0232,-0.0021,-0.0031,-0.0047,0.0111,-0.0149,-0.0121,0.0189,0.0205,-0.0245,-0.0203,,,,,,,,
221,5281,108,3,standing,0.0108,-0.6737,0.0073,0.0419,0.0103,-0.0556,0.0225,0.4843,-0.0183,-0.0007,-0.2058,-0.069,1.0741,0.336,-0.0946,-0.1638,-0.1762,0.1855,-0.2463,0.3622,0.2981,0.2744,-0.2332,-0.4787,-0.2688,0.0505,0.1106,-0.2854,0.3582,-0.3931,0.1308,-0.3469,-0.5096,0.0804,-0.101,0.1505,0.1199,2.7568,0.0001,-0.1124,-0.7898,0.2506,-0.01,0.0077,0.4953,-0.0061,-0.0059,-0.0074,-0.0209,0.8964,0.0094,0.7976,-0.0195,0.0002,-0.0223,0.0192,0.0408,0.02,-0.3012,-0.667,0.9997,0.2243,-0.6593,4.8086,0.2164,-1.8422,0.8531,0.001,0.0343,0.2308,-0.2258,0.3997,-0.0091,-0.2209,0.0069,0.0871,-0.0073,0.0182,0.0253,0.5751,0.0253,-0.0238,-0.0034,0.0186,-0.0104,-0.3207,0.0203,0.0233,0.0237,0.0296,-0.0254,0.0245,0.0047,0.0195,-0.0349,-0.0206,0.0208,0.0252,-0.0302,-0.0063,0.0111,,,,,,,
222,5282,108,3,standing,-0.0012,-0.5944,0.0117,-0.0064,0.0007,-0.0323,0.0246,0.6074,-0.0224,-0.0182,-0.2753,-0.0548,-0.0645,0.0871,0.0001,-0.001,-0.0734,-0.0904,-0.0247,-0.0806,-0.0508,-0.101,0.0002,0.1121,0.02,-0.0129,0.0275,0.0161,-0.0223,0.0237,-0.0052,0.0284,0.0141,0.0051,-0.0142,-0.0046,0.038,1.3897,0.0158,-0.0163,-0.0098,0.0157,-0.0068,-0.007,0.5475,-0.0073,-0.0069,0.0176,-0.0056,0.9466,0.0189,-0.1102,-0.0162,0.0055,0.0078,0.01,-0.0191,-0.0201,-0.0565,-0.119,-0.0206,0.0193,0.0332,0.0322,-0.2205,0.0221,-0.0268,0.0087,-0.019,-0.0196,-0.1302,-0.0204,-0.0084,-0.2166,0.0088,0.0983,-0.0077,0.0179,0.0199,0.4505,-0.0222,-0.019,-0.0051,0.0236,-0.0043,0.4998,0.0051,0.0253,-0.0195,0.0207,-0.0031,-0.0105,0.0056,0.0168,-0.0252,-0.0102,0.0257,0.0191,-0.0255,-0.0143,,,,,,,,
223,5283,108,3,standing,-0.0015,1.7907,0.0114,0.0328,-0.0136,0.0008,0.0271,0.5718,-0.0262,-0.0225,-0.2674,-0.0573,-0.0856,1.4942,-0.0093,-0.0032,-0.043,-0.0002,0.0937,0.064,0.001,-0.0059,-0.0509,-0.0169,0.0232,-0.0133,0.0276,0.0031,-0.0168,0.0095,-0.0034,0.0284,0.0096,0.0052,-0.0144,0.0062,0.02,2.4841,0.01,0.0087,-0.0205,0.0063,-0.0167,0.0051,0.587,-0.0066,-0.0075,-0.0065,-0.0094,0.888,-0.016,0.1005,-0.0154,-0.0078,0.0098,-0.0222,0.0185,0.0084,-0.1104,-0.1129,-0.0086,0.0202,0.0364,0.0177,-0.2303,-0.0097,0.059,0.0099,0.0203,0.0172,-0.1281,-0.0082,-0.0083,-0.2205,0.0052,0.0892,-0.0091,0.0192,0.0191,0.4854,-0.0226,-0.0235,0.0021,0.0206,0.0105,-1.119,0.0051,0.0204,0.0089,0.0237,0.0023,-0.0031,-0.0103,0.0221,-0.0193,-0.0144,0.0228,0.0239,-0.0265,-0.0049,-0.0,,,,,,,
224,5284,108,3,standing,0.0115,-0.6685,0.0053,-0.0561,-0.0417,-0.0006,0.021,0.3943,-0.0692,-0.0339,-0.2049,-0.0979,1.1856,-0.2772,-0.0877,0.0774,0.2859,0.2957,-0.2597,-0.3555,0.2454,-0.0399,0.447,0.4589,0.3675,-0.3771,-0.1304,0.3391,-0.3064,0.344,0.001,0.0505,0.0002,0.0,-0.0205,0.0001,0.1124,2.8895,0.1005,-0.1013,-0.301,0.2309,-0.01,-0.015,0.5882,0.0068,-0.0052,-0.0087,0.0163,0.6965,-0.008,0.986,-0.0245,-0.019,0.0419,0.0201,-0.0201,-0.0083,0.1109,-0.1192,-0.2207,0.0305,0.2173,-0.3704,-0.2257,-0.2162,-0.1508,0.0804,-0.0886,-0.0184,-0.1001,-0.0176,-0.0051,-0.3205,0.0081,0.1221,-0.0096,0.0194,0.0221,0.4298,-0.0239,-0.0238,-0.0011,0.0253,-0.0093,-0.3451,0.0204,0.02,-0.0141,0.0185,0.0038,0.0031,-0.0111,0.0172,-0.0152,-0.0073,0.0226,0.0194,-0.0158,-0.0233,0.0,,,,,,,
225,5285,108,3,standing,0.051,-0.7382,0.0157,-0.0731,-0.0462,-0.0077,0.0917,0.4986,-0.0315,-0.0645,-0.2074,-0.0846,1.2827,-0.406,-0.2553,-0.2378,0.3424,-0.4463,-0.4726,0.388,-0.5885,-0.2268,-0.5076,-0.3959,-0.2943,0.0804,0.1305,0.3799,0.3051,-0.6979,0.1017,0.3556,-0.3393,0.0213,-0.1122,-0.0007,0.1505,2.6572,0.001,0.0505,-0.5464,-0.1198,-0.0001,-0.009,0.5594,-0.0152,0.0187,-0.0092,0.0207,0.9896,-0.0195,-0.2166,-0.0237,-0.0091,-0.0208,0.01,0.0339,-0.0307,-0.0002,-0.2246,0.2806,0.1102,-0.1002,-0.8973,4.4502,-0.6684,-0.3459,0.1007,0.0265,-0.7083,0.7588,-0.3409,0.002,-0.2306,0.0062,0.0922,-0.0103,0.0181,0.0093,0.4809,-0.0243,-0.0206,0.0041,0.0223,-0.0131,-0.4297,-0.0202,-0.0203,0.02,0.0237,0.0031,0.0097,0.0108,0.0156,-0.0235,-0.0097,0.0191,0.0186,-0.0262,-0.0228,,,,,,,,
226,5286,108,3,standing,-0.0017,-0.6416,0.0105,-0.0115,-0.0008,-0.023,0.0077,0.2674,-0.02,-0.0152,-0.1167,-0.0468,0.0775,0.256,-0.0319,-0.0047,-0.0089,0.0063,0.0233,-0.0627,0.0002,-0.0503,-0.0857,0.0235,0.0242,-0.0139,0.0279,0.0136,-0.0093,0.0239,-0.0054,0.0292,0.0084,-0.0058,-0.0149,0.0038,0.0959,1.5582,0.0087,0.0581,0.0202,-0.1109,-0.0153,-0.0048,0.5119,-0.008,-0.0078,-0.0094,0.0185,0.905,0.0172,0.1195,-0.0198,0.0061,0.0099,0.0165,0.0169,0.0086,0.1308,0.1011,0.1004,0.0076,0.0071,-0.1121,-0.1504,-0.1001,0.0751,0.0179,0.0302,0.0191,-0.0806,0.0205,-0.001,-0.2302,0.0092,0.0983,-0.0097,0.0188,0.0195,0.4396,-0.0203,-0.0196,-0.0044,0.0204,0.0092,-0.493,-0.0119,0.0113,0.0154,0.0056,-0.0038,0.0064,-0.0052,0.0237,-0.0182,-0.0226,0.0152,0.0206,-0.0191,-0.0245,0.0047,,,,,,,
227,5287,108,3,standing,-0.0067,2.5157,-0.0113,0.0528,-0.0324,0.0419,0.0214,-1.1051,0.0784,-0.0693,0.5868,0.0878,1.3499,-0.3546,0.001,-0.0957,-0.2361,0.2759,-0.0503,0.2073,0.2286,0.256,-0.2655,-0.2953,0.3677,-0.0001,0.0806,0.3876,0.3744,0.3962,0.0009,0.0097,-0.009,-0.014,-0.0142,0.0064,0.0002,-0.6541,0.0,0.02,0.0205,0.0095,-0.0069,-0.0074,0.545,-0.008,0.0088,-0.0082,-0.0063,0.8966,-0.0222,0.1303,0.0187,-0.0075,-0.0081,0.0079,0.0091,-0.0204,-0.0275,0.057,-0.101,-0.0223,0.0183,-0.1005,-0.1507,-0.1103,-0.1194,0.0194,0.0206,0.0771,-0.1124,0.0596,-0.0098,-0.2303,0.0054,0.0985,-0.0112,0.0192,0.0102,0.4998,-0.0227,-0.0229,0.0053,0.0252,-0.0108,0.8888,0.0059,0.0234,-0.0164,0.0181,-0.0035,-0.0054,-0.0111,0.0187,-0.0233,0.0013,0.0195,0.0191,-0.0243,-0.0136,-0.0047,,,,,,,
228,5288,108,3,standing,0.042,-0.5949,0.0112,-0.0954,0.0042,-0.0898,0.0539,0.3881,-0.035,-0.0626,-0.1746,-0.0741,1.1516,-0.2457,-0.2756,-0.1802,-0.3073,0.2584,0.3536,0.4082,-0.4858,-0.3744,0.3475,-0.296,0.5585,-0.1502,0.3351,-0.6979,0.6876,0.6563,0.0505,0.4587,0.1196,-0.2259,-0.2209,-0.1307,-0.01,2.6692,-0.477,0.0004,-0.948,-0.2302,-0.02,-0.001,0.521,-0.0001,0.0162,0.0228,0.0203,0.7767,0.0074,0.6471,0.0285,0.0078,0.0097,0.0095,-0.0188,-0.019,-0.2805,-0.8961,-0.3457,0.0443,0.3001,-0.9983,4.3759,-0.3018,0.4751,0.4671,0.0807,0.7218,0.4404,0.3649,-0.0093,-0.3209,0.0112,0.1165,-0.0091,0.0196,0.0186,0.4997,-0.0242,-0.0245,0.0059,0.0548,0.0054,-0.4507,0.0089,0.0106,0.0023,0.0177,-0.1011,-0.0746,0.1122,0.1102,-0.0187,0.0834,0.0,0.0202,-0.0208,-0.0094,-0.0226,,,,,,,
229,5289,108,3,standing,0.0012,-0.7796,0.0106,-0.0052,-0.0064,-0.0518,0.0248,0.5969,-0.0316,-0.0053,-0.2762,-0.0717,0.0215,0.3343,0.0435,0.0923,-0.0355,0.0003,0.0285,0.0131,0.0024,0.0002,-0.0847,-0.0803,0.0276,0.0206,0.0176,0.0038,0.0179,0.0275,-0.0041,0.0345,0.0089,0.0226,-0.0223,-0.01,0.0507,1.3954,-0.101,0.0194,0.0202,-0.1191,-0.0144,0.0072,0.4951,0.0066,0.0057,0.0171,-0.0001,0.8868,-0.0247,0.1009,0.0278,0.02,0.0399,0.0092,-0.0073,0.0158,0.0797,0.1102,-0.001,-0.0245,0.0291,0.0467,-0.2202,-0.0286,0.1503,-0.0475,0.0404,0.0394,-0.0783,0.0302,-0.0086,-0.2278,0.0087,0.0885,-0.0195,0.0181,0.018,0.6602,-0.0193,-0.0233,-0.0091,0.0253,0.0115,0.4598,0.0201,-0.0054,-0.0202,0.019,-0.0033,-0.0107,-0.0056,0.0159,-0.0189,-0.0141,0.0168,0.0243,-0.0259,-0.0182,-0.0046,0.0,,,,,,
230,5290,108,3,standing,0.0016,-0.5942,0.0105,-0.023,0.0009,-0.0375,0.0439,0.5064,-0.0437,-0.0156,-0.2849,-0.0774,0.0825,0.1552,0.0629,-0.0917,0.0086,-0.1885,0.2381,0.2268,0.3689,0.2473,-0.4035,0.3872,0.2754,0.1306,0.1005,-0.3363,-0.4832,0.1194,-0.0066,0.0509,0.0,0.02,0.001,-0.0248,0.1505,2.4769,-0.0182,-0.0194,0.1104,0.1018,-0.0083,0.0087,0.579,0.0001,0.0084,-0.0053,-0.0226,0.9992,0.0208,1.5597,0.006,0.0095,-0.0558,0.0302,0.0571,-0.0277,0.0658,-0.2305,0.0806,0.0196,0.0202,0.0976,-0.2504,-0.0394,0.2259,-0.0231,-0.0317,0.1124,-0.1001,0.0553,-0.0013,-0.2398,0.0078,0.0977,-0.008,0.0191,0.0206,0.8849,-0.0189,-0.0201,-0.0046,0.0192,-0.0064,-0.4298,0.0031,0.0193,0.0157,0.0207,0.0031,-0.01,-0.0121,0.0173,-0.0157,-0.0063,0.0168,0.0185,-0.0192,-0.0195,-0.0013,0.0,,,,,,
231,5291,108,3,standing,-0.0018,0.7283,-0.0123,0.0004,-0.0163,-0.0215,0.0314,-0.0578,0.0077,-0.0161,0.0411,-0.0183,-0.0053,1.4486,-0.0204,-0.001,-0.0073,0.0082,0.0207,0.0181,0.0001,-0.0106,0.013,-0.0235,0.0221,-0.0051,0.0288,-0.0029,-0.0132,0.0232,0.0034,0.035,0.0075,0.0058,-0.0149,-0.0046,-0.0892,0.6789,-0.0739,0.0971,0.009,0.1017,-0.0091,0.0055,0.548,0.0052,0.0088,0.0066,-0.0002,0.9765,-0.0168,0.0505,-0.0064,0.006,-0.02,0.0159,-0.0095,0.0174,0.0803,0.1122,-0.1004,0.0176,0.0285,0.1309,-0.2503,-0.0879,0.1104,-0.0206,0.0362,0.1196,-0.1487,-0.0455,-0.0084,-0.2171,0.0094,0.0898,-0.0108,0.0201,0.0203,0.4608,-0.0202,-0.0256,-0.0038,0.0238,0.0099,0.4408,0.0093,0.0196,-0.006,0.0239,-0.0044,-0.0101,-0.0059,0.0247,-0.0161,-0.0168,0.0157,0.0054,-0.0187,-0.0158,-0.0011,,,,,,,
232,5292,108,3,standing,0.0145,-0.6686,0.0059,0.0548,0.0219,-0.0981,0.0422,0.4491,-0.0823,-0.0009,-0.1752,-0.065,1.2899,0.3696,-0.0769,0.0325,-0.2621,-0.1864,-0.2762,-0.3463,0.2454,0.2972,0.3077,0.5542,0.3547,0.0332,-0.01,0.3788,-0.1102,0.5865,-0.0223,0.0507,0.0183,-0.0002,-0.0584,-0.0149,-0.1019,2.384,-0.02,-0.119,0.1305,0.0807,-0.0082,0.001,0.5792,0.009,0.007,-0.0001,-0.0205,0.8567,-0.0087,0.6098,-0.0161,0.0268,0.0195,-0.0056,-0.0194,0.0238,0.2805,0.7574,-0.1005,0.0193,0.0578,-0.1121,-0.8089,-0.1508,-0.0404,-0.0779,-0.0071,0.076,-0.2604,0.0052,-0.0014,-0.2504,0.0076,0.0929,-0.0043,0.0197,0.019,0.4272,-0.0208,-0.0242,0.0033,0.0293,0.0202,-0.3451,0.0031,0.0188,0.0047,0.0187,0.0101,0.0053,-0.0043,0.0229,-0.0143,-0.0189,0.0091,0.0181,-0.0239,-0.0227,0.0036,,,,,,,
233,5293,108,3,standing,0.0011,-0.6685,0.0119,0.0042,-0.0009,-0.0412,0.026,0.4927,-0.0325,-0.0153,-0.2286,-0.0515,0.0746,-0.2856,-0.0638,0.0051,-0.0941,0.0847,0.2691,0.2357,-0.3493,-0.3532,-0.1015,-0.2443,0.1127,-0.0001,0.0509,0.001,-0.1003,0.0807,-0.02,0.0548,0.0077,0.0098,-0.0203,-0.0058,0.0,1.3952,0.0205,-0.0084,0.0182,0.0464,-0.0088,-0.0002,0.5062,-0.008,-0.0067,-0.017,-0.009,0.9971,0.0181,0.5989,-0.01,-0.0069,-0.0183,0.0168,0.0096,-0.0174,0.0173,0.6561,0.0286,0.0244,0.0078,-0.1304,-0.3457,0.0276,0.0335,0.0094,0.0223,0.0343,-0.1504,-0.0087,-0.0075,-0.2397,0.0095,0.0979,-0.0102,0.0204,0.0229,0.4998,-0.0253,-0.0192,-0.0044,0.0153,-0.0043,0.5134,-0.0031,0.0031,-0.0063,0.006,-0.0066,0.006,-0.0107,0.0152,-0.0259,-0.0149,0.0154,0.0193,-0.0192,-0.0081,0.0104,,,,,,,
234,5294,108,3,standing,-0.0045,-0.651,0.0115,0.0009,0.0009,-0.0155,0.025,0.4841,-0.0314,-0.0173,-0.2091,-0.0557,0.1606,0.0723,-0.0962,0.0002,0.173,-0.229,0.0853,0.1104,-0.0428,0.2654,-0.2982,-0.2787,0.0504,0.0047,0.0556,-0.0202,0.0067,0.1127,0.0001,0.0305,0.0077,-0.0064,-0.0139,-0.0051,0.1194,1.467,-0.0247,0.1006,-0.0806,0.0484,-0.0188,-0.0052,0.5974,-0.0169,-0.0068,-0.0163,0.0195,0.9986,0.0189,-0.2507,-0.0248,0.0203,-0.0302,-0.0192,0.02,-0.0196,-0.1018,-0.2309,0.0278,0.0178,0.01,0.0975,-0.2169,0.0794,0.1507,-0.0176,0.0785,0.0953,-0.1309,0.0332,-0.001,-0.3016,0.0083,0.1293,-0.0098,0.0181,0.0052,1.4508,-0.0197,-0.0334,0.0084,0.0554,0.0085,0.9507,-0.0038,0.0188,-0.0038,0.0245,-0.0111,-0.0047,0.0056,0.0082,-0.0256,-0.0206,0.0223,0.0193,-0.0226,-0.0235,0.0015,,,,,,,
235,5295,108,3,standing,-0.0111,-0.6355,0.0056,0.0058,0.0046,-0.0217,0.0312,0.593,-0.0221,-0.0087,-0.2763,-0.0554,0.044,0.2277,-0.0007,0.0223,-0.0631,0.0155,0.0791,0.0845,-0.0933,0.0804,0.0505,-0.1011,0.01,-0.0161,0.0196,-0.0002,-0.0202,0.0151,0.0203,0.035,0.0085,0.0035,-0.0093,-0.0148,-0.1198,1.4483,0.0231,0.001,0.0267,-0.0543,-0.0168,-0.0001,0.4979,0.0069,-0.0047,0.0157,-0.0195,0.978,0.0207,0.1508,0.0084,-0.007,0.0188,0.0086,0.0172,-0.0166,-0.0262,-0.1106,-0.027,0.0204,0.0277,-0.0292,-0.2308,-0.0092,-0.0171,0.0089,0.0173,0.0174,-0.1306,-0.02,-0.0081,-0.2171,0.0082,0.0878,-0.009,0.0194,0.0198,0.4916,-0.0205,-0.0196,-0.0031,0.0233,0.0042,-1.0799,0.0109,0.0152,-0.0091,0.0194,-0.0112,-0.0053,-0.0054,0.0206,-0.0154,-0.0097,0.0159,0.0232,-0.0087,-0.0132,-0.0,,,,,,,
236,5296,108,3,standing,-0.0013,-0.6518,0.0105,0.0006,0.0002,-0.0107,0.0103,0.5839,-0.0212,-0.0111,-0.2972,-0.0223,-0.0638,0.2459,-0.0854,-0.0151,-0.043,-0.0085,0.0245,0.0231,0.0001,0.0023,-0.0942,-0.0235,0.0253,0.0156,0.045,0.0163,0.0093,0.0198,0.0134,0.0345,0.0155,0.0057,-0.0153,0.0144,-0.0809,1.4952,-0.0077,0.0508,0.1124,0.0276,-0.0091,-0.0073,0.5506,-0.0061,-0.0062,-0.0088,-0.01,0.8764,-0.0171,-0.1009,-0.0268,0.0168,-0.0282,0.0082,0.0196,0.008,0.1014,0.1305,0.0095,0.0181,0.0259,0.1192,-0.2304,0.0067,0.1105,0.0239,0.0174,0.067,-0.1675,0.0394,-0.009,-0.2486,0.0089,0.0983,-0.0089,0.0179,0.0194,0.4368,-0.0197,-0.0234,-0.0017,0.0229,-0.001,0.9992,-0.0059,0.0242,0.0168,0.0228,0.0059,-0.0044,0.0107,0.0222,-0.0156,-0.0131,0.0248,0.0265,-0.0256,-0.0159,-0.0103,,,,,,,
237,5297,108,3,standing,0.0108,-0.6983,0.0053,0.041,0.0009,-0.0324,0.0247,0.2854,-0.0632,-0.028,-0.1348,-0.0559,0.1939,0.2373,-0.0788,-0.0956,-0.309,0.2546,0.3477,-0.2068,-0.2747,0.2631,-0.3764,0.5865,0.2944,0.0505,0.1102,0.3855,0.4563,0.3681,-0.1005,-0.1018,0.4071,0.1129,0.3582,0.1505,0.2208,1.6743,0.1304,0.3019,0.7587,-0.1194,-0.0205,0.005,0.5761,0.01,0.0203,0.0089,-0.0001,0.966,-0.0072,-0.7986,0.02,0.0302,-0.0092,-0.0074,0.0303,-0.0302,0.0806,0.857,-0.9962,-0.2602,0.9878,2.93,4.9591,-0.5759,-0.3005,0.2259,0.2164,0.3504,0.7266,-0.3994,-0.0094,-0.2308,0.0054,0.0884,-0.0054,0.0198,0.0228,0.5133,-0.0245,-0.0273,-0.001,0.0357,0.0168,0.4359,-0.0049,0.0254,-0.0002,0.0197,0.0251,0.0059,-0.0401,0.0151,-0.0158,-0.0154,0.0179,0.0242,-0.0187,-0.0179,-0.0,0.0,,,,,,
238,5298,108,3,standing,0.0145,-0.6795,-0.0076,-0.0528,-0.042,-0.0635,0.0772,0.385,-0.0214,0.0953,-0.1257,-0.0325,-0.0858,0.2774,-0.1578,0.1836,-0.2952,0.2385,-0.3368,-0.2265,-0.4421,-0.4764,0.3039,-0.596,0.4931,-0.0502,-0.1109,-0.4083,-0.547,0.7741,0.1504,0.3475,-0.3788,-0.0004,0.1191,0.1006,0.1011,2.5584,0.2162,0.1306,1.438,-0.1129,-0.0169,-0.0001,0.4892,-0.0051,0.0002,0.0187,0.0056,0.9499,0.0209,-0.7989,-0.0186,-0.0193,0.0205,0.0171,-0.001,0.01,0.0203,-0.4015,-0.2509,-0.1001,0.2251,-1.6691,4.734,0.905,-0.9897,0.0807,0.0751,0.9626,0.4006,-0.3752,0.0081,-0.3206,0.0105,0.1469,-0.0052,0.0196,0.0228,0.4604,-0.0582,-0.0239,-0.0052,0.0446,0.0226,-0.4508,0.0237,0.0043,0.0254,0.0093,-0.02,-0.0143,-0.0245,0.0077,-0.0241,-0.0094,0.0085,0.0259,-0.0207,0.0022,-0.0206,,,,,,,
239,5299,108,3,standing,-0.0053,-0.5946,0.0003,-0.0143,0.0051,-0.0213,0.0203,0.8571,-0.0433,-0.0072,-0.3947,-0.0561,-0.0319,0.2632,-0.0069,0.001,-0.0774,0.0631,-0.0829,0.0505,-0.0956,-0.0245,0.1102,-0.1308,0.0455,-0.0001,0.0332,0.0136,-0.0223,0.101,-0.0222,0.0303,0.0073,-0.0063,-0.0191,0.0044,0.01,1.6795,-0.0087,0.0182,0.0204,0.0292,-0.0171,0.0052,0.5445,0.0048,0.0068,-0.0081,-0.0064,0.9375,-0.0089,-0.2208,0.0243,0.019,0.0192,-0.0083,0.0196,0.0242,0.1002,-0.1198,0.0199,0.0188,0.008,0.0084,-0.2241,0.0247,0.047,-0.0002,0.0054,0.0178,-0.0985,-0.0209,-0.0098,-0.2305,0.0079,0.0886,-0.0101,0.0194,0.0256,0.4408,-0.0235,-0.0193,-0.0033,0.0196,0.0238,-0.4991,-0.0066,0.0102,0.0097,0.0059,-0.0044,-0.0054,-0.0121,0.0227,-0.0232,-0.0093,0.0189,0.0172,-0.02,-0.0038,-0.0033,,,,,,,
240,5300,108,3,standing,0.0018,-0.5262,0.0046,0.0143,0.0054,-0.0312,0.0077,0.4891,-0.0225,-0.0113,-0.2824,-0.0437,0.0581,0.2674,0.0006,0.0059,-0.0731,0.0921,-0.0857,-0.0699,0.0002,0.101,0.0505,0.1005,-0.1102,0.0206,0.01,-0.0248,-0.0238,-0.0608,-0.0134,0.037,0.0001,0.0247,-0.0246,-0.0204,0.0221,1.3958,0.0208,0.0375,0.0307,0.0189,-0.0151,-0.0053,0.5584,0.0068,-0.0047,-0.006,0.001,0.9767,0.0066,-0.1193,-0.0195,0.0235,-0.0062,0.0188,0.0065,-0.0179,-0.0259,0.1304,-0.0192,0.0193,0.0293,0.0564,-0.2508,-0.0203,0.0569,0.0082,0.0236,0.0578,-0.1121,-0.02,-0.0096,-0.1894,0.0087,0.078,-0.0098,0.0186,0.019,0.4983,-0.0205,-0.0185,-0.0017,0.0201,0.0066,-0.4757,0.0106,0.0154,0.0085,0.0181,-0.0051,-0.0109,-0.0023,0.0234,-0.0189,-0.0082,0.0232,0.0154,-0.0207,-0.0082,0.0052,,,,,,,
241,5301,108,3,standing,-0.0044,0.9236,-0.0007,0.0218,-0.0076,-0.0155,0.0233,0.4841,-0.0204,-0.0077,-0.2271,-0.0464,-0.0523,1.3661,0.001,-0.0047,-0.0142,-0.0046,0.0326,0.0092,0.0002,-0.0132,0.0063,-0.0091,0.0135,0.0039,0.0375,0.006,-0.0149,0.0078,-0.0045,0.0297,0.0106,0.0056,-0.0108,0.0054,0.0774,2.6983,0.0223,0.009,0.0957,-0.0094,-0.0067,-0.0062,0.5868,-0.0086,-0.0065,-0.0159,-0.0193,0.975,-0.0247,0.0267,-0.0187,0.0265,0.018,0.0166,0.0084,-0.0196,0.1129,0.0455,-0.0508,0.0231,0.02,0.1004,-0.2508,-0.0188,0.1017,0.0182,0.0221,0.0451,-0.1105,-0.0053,-0.0089,-0.1881,0.0085,0.0799,-0.0079,0.0195,0.0198,0.4546,-0.0226,-0.0244,0.0054,0.0357,0.0093,-0.4297,0.0058,0.0206,0.0131,0.0235,-0.0033,0.0018,0.0024,0.0203,-0.0181,-0.0232,0.0179,0.0222,-0.0229,-0.0049,-0.0034,,,,,,,
242,5302,108,3,standing,-0.0114,-0.7385,0.0056,0.001,-0.0112,-0.0095,0.023,0.5423,-0.0217,-0.0173,-0.2857,-0.0465,-0.0664,0.2531,0.0001,0.0006,-0.0585,-0.0322,0.0942,0.0734,0.0878,-0.1122,-0.0505,-0.1017,-0.0809,0.0051,0.0089,0.0035,-0.0437,-0.0281,-0.0039,0.035,0.008,-0.0052,-0.0153,-0.0041,0.0188,1.6858,0.0149,-0.0047,-0.0206,-0.0081,-0.0146,-0.0079,0.5593,0.0069,-0.0074,-0.0067,0.0002,0.9058,0.0187,-0.0582,-0.0177,0.0161,0.0083,0.0084,0.0163,0.0192,-0.0098,-0.0405,-0.0248,0.0176,0.0343,0.0373,-0.2207,-0.0278,0.0086,0.0094,0.0268,0.02,-0.1491,-0.0204,-0.0096,-0.3207,0.009,0.1299,-0.0097,0.0233,0.0117,0.4806,-0.0242,-0.0226,-0.0027,0.0251,0.0051,0.4298,0.0128,0.0221,-0.0053,0.0202,-0.0056,-0.0103,0.0014,0.0232,-0.0136,-0.0181,0.0203,0.0244,-0.0247,-0.0208,0.0,,,,,,,
243,5303,108,3,standing,-0.0018,0.7316,-0.0102,0.0233,-0.0115,-0.0006,-0.0221,0.9458,-0.0426,-0.0407,-0.4375,-0.0788,-0.0947,1.4072,0.0057,-0.001,-0.035,0.0158,0.0192,0.0204,0.0042,-0.0136,0.0154,0.0001,0.01,0.0035,0.0268,0.0053,-0.0148,0.0256,-0.0063,0.0308,0.0074,0.0034,-0.0152,0.0055,0.0561,2.6068,0.0085,0.0082,-0.0691,-0.0846,-0.0145,0.0003,0.5751,0.0087,-0.0069,-0.0166,-0.0206,0.7965,0.0059,-0.0507,-0.0238,0.0195,-0.02,-0.0089,0.0164,0.009,0.0596,-0.119,-0.0002,0.0197,0.037,-0.1011,-0.1981,-0.0981,-0.0332,0.0193,0.0223,-0.1004,-0.0884,-0.1107,-0.0077,-0.1883,0.0053,0.0694,-0.0086,0.0199,0.0228,0.4272,-0.0226,-0.0229,-0.0035,0.0232,-0.0049,-0.4991,-0.0039,-0.0198,0.0136,0.0202,-0.0113,0.0056,0.0023,0.0185,-0.0234,-0.0141,0.0184,0.0185,-0.0235,-0.0182,-0.0,,,,,,,
244,5304,108,3,standing,0.0114,-0.7943,0.0089,0.0328,-0.0423,-0.0954,0.0794,0.5615,-0.0557,0.0003,-0.2558,-0.0635,0.1342,0.0867,-0.1772,-0.1631,0.1852,0.1934,0.2702,-0.207,0.3655,0.3781,-0.4083,-0.2962,0.3039,-0.1009,0.2208,-0.3873,-0.6064,0.479,0.101,-0.1306,0.4578,-0.1502,0.1121,-0.0507,-0.1198,2.6677,-0.0809,0.1109,-0.2251,0.2244,-0.0001,0.0092,0.5068,0.001,0.008,0.0096,0.01,0.8675,-0.0093,0.7636,-0.0249,-0.02,0.0276,-0.0002,0.0285,0.0188,0.2604,-0.6399,-0.3001,0.108,0.2302,1.9869,4.8765,-0.4016,0.3403,-0.0404,-0.0184,0.2165,-0.9516,0.0197,-0.0091,-0.3458,0.0049,0.1493,-0.0059,0.0196,0.0199,0.4684,-0.019,-0.0233,0.0085,0.0351,0.0252,-1.3012,0.0082,0.0248,0.0201,0.0206,0.0123,-0.0053,-0.0051,0.0159,-0.0222,0.0136,0.0237,0.0158,-0.0194,-0.0186,-0.0035,0.0,,,,,,
245,5305,108,3,standing,-0.0047,2.4288,-0.0104,0.0322,-0.0072,0.0007,-0.0268,-1.0838,0.063,-0.0573,0.5948,0.0765,1.1769,-0.2743,0.0225,0.0002,-0.0245,0.0001,0.0231,0.0084,-0.0023,-0.0044,0.0045,-0.0131,0.0083,-0.0041,0.0375,0.0133,-0.009,0.0226,-0.0052,0.0285,0.0081,0.0046,-0.0155,0.0051,-0.0248,0.6788,0.001,-0.0191,0.0956,-0.0098,-0.0054,0.0068,0.5795,0.0078,-0.0071,-0.0053,-0.0064,0.8958,0.0085,0.1305,0.008,-0.0087,0.0062,-0.0076,-0.0079,-0.0077,0.0503,0.0199,-0.02,0.0228,0.0193,-0.0276,-0.2166,-0.0206,0.0182,0.0236,0.0262,0.0319,-0.1019,-0.0302,-0.0092,-0.2374,0.0097,0.0943,-0.0104,0.0186,0.0077,1.5109,-0.0233,-0.0308,0.0094,0.0596,0.0101,0.4749,0.0082,0.0207,0.0146,0.0253,0.0023,-0.0024,-0.0024,0.0181,-0.0157,-0.0135,0.0221,0.0187,-0.0242,-0.0202,0.0036,,,,,,,
246,5306,108,3,standing,0.0013,-0.635,0.0109,0.0214,0.0072,-0.031,0.0149,0.2953,-0.0232,-0.0226,-0.1761,-0.043,0.0615,0.0773,-0.0006,-0.0134,0.0586,0.0842,0.1018,-0.2238,-0.2532,0.2652,-0.2451,-0.2787,0.1191,0.0002,0.0503,0.0804,0.1105,0.0276,0.0001,0.0286,-0.0083,0.0069,-0.0156,0.0,-0.0209,1.3957,-0.001,0.0079,0.0205,0.01,-0.0159,0.0046,0.5466,0.0068,0.0082,0.008,0.0091,0.9975,0.0058,0.1003,0.0195,0.0188,0.0206,-0.0096,0.0184,-0.0204,-0.1306,-0.0278,0.0067,0.0171,0.0176,-0.0221,-0.2204,-0.0266,0.0797,0.0237,0.0222,0.0455,-0.1182,0.0093,-0.0074,-0.3011,0.009,0.1181,-0.0077,0.0194,0.0202,0.4993,-0.0247,-0.0198,-0.0085,0.0228,0.0092,-1.0589,0.0106,0.0259,-0.0059,0.02,0.0038,0.0063,-0.0068,0.0149,-0.0227,-0.0081,0.0182,0.0242,-0.0198,-0.0194,-0.0046,0.0044,,,,,,
247,5307,108,3,standing,0.0047,-0.7369,0.0123,0.001,0.0078,-0.0212,0.0328,0.4941,-0.0242,-0.0143,-0.2554,-0.0439,0.0797,-0.3091,-0.0063,-0.0105,-0.0009,0.0204,0.0694,0.0845,-0.0962,-0.1011,-0.0332,0.0507,0.0235,0.01,0.0304,0.02,0.0038,0.0247,-0.0146,0.0293,0.0159,0.0052,-0.0135,0.0064,0.0002,1.5593,0.0001,0.0242,0.1129,-0.0238,-0.0158,0.0066,0.5781,0.0067,0.0051,-0.015,0.0095,0.8775,-0.0089,0.1505,-0.0222,0.0268,0.0082,-0.0073,-0.008,0.0065,-0.0373,0.1304,0.0186,0.019,0.0177,-0.0076,-0.2502,-0.1105,-0.0874,0.0328,0.0332,-0.0072,-0.1196,-0.0973,-0.0088,-0.2202,0.0083,0.0885,-0.0092,0.0198,0.0226,0.4806,-0.0227,-0.0184,-0.0096,0.0183,0.0089,-1.0599,0.0031,0.0195,-0.0047,0.0265,-0.0063,-0.0082,-0.0031,0.0202,-0.0168,-0.0243,0.0193,0.0206,-0.0234,-0.0154,0.0102,,,,,,,
248,5308,108,3,standing,-0.0016,-0.5902,0.0104,0.0054,0.0052,-0.0315,0.0206,0.5549,-0.0241,-0.0089,-0.2574,-0.0543,0.1424,0.2794,-0.0867,-0.0009,-0.0947,0.0509,0.0791,0.065,0.0035,-0.001,-0.0001,-0.0203,-0.0095,0.0002,0.0307,-0.02,-0.0208,-0.0222,-0.0158,0.0314,0.0139,0.0056,-0.0085,-0.0141,-0.0053,2.3878,-0.0248,0.0203,0.0165,0.0182,-0.0169,-0.0068,0.5763,-0.0086,-0.0051,-0.007,0.0162,0.8872,-0.0064,0.2164,-0.0081,0.0171,0.0061,0.0096,-0.019,-0.0201,-0.0208,-0.0093,0.0238,0.018,0.0227,0.0499,-0.2307,-0.0475,-0.0176,0.01,0.0265,0.0221,-0.1305,0.0179,-0.0019,-0.2398,0.0077,0.0892,-0.0097,0.0183,0.0184,0.4787,-0.0204,-0.0233,0.0052,0.0223,-0.0068,-0.4506,0.0088,0.0094,0.0131,0.0193,-0.0054,0.0051,-0.0013,0.0154,-0.0143,-0.0136,0.0194,0.0181,-0.0185,-0.0089,0.0,,,,,,,
249,5309,108,3,standing,0.0531,-0.6493,0.0718,-0.033,-0.0078,-0.0173,0.0632,0.5883,-0.0463,0.0508,-0.2349,-0.0953,0.2036,0.2859,0.0879,0.1746,-0.2235,-0.2402,0.2541,-0.2787,0.4547,0.2638,0.4439,0.6984,0.2968,0.0008,0.1015,-0.5589,0.4052,0.6061,0.119,-0.1121,-0.0807,0.1006,0.1505,0.1108,-0.3743,1.679,0.2808,0.2203,0.9866,0.4842,-0.0001,0.001,0.5795,0.0099,0.0062,-0.0091,-0.0,0.967,0.0238,-0.7582,-0.0585,-0.0172,-0.01,0.0202,0.0308,-0.0278,-0.2607,0.2258,-0.6597,0.3015,0.748,2.8892,4.7786,-0.5164,-0.7625,-0.3609,0.3702,-0.9413,0.8117,-0.4015,-0.0002,-0.3452,0.0081,0.1307,-0.0081,0.0169,0.0233,0.4508,-0.0847,-0.0357,-0.0102,0.0196,0.0302,-0.3996,-0.0154,0.0152,0.0231,0.0265,0.0221,0.0332,-0.0239,0.0359,0.0049,-0.0059,0.0093,0.0201,0.0193,0.0221,-0.0031,0.0,,,,,,
250,5310,108,3,standing,-0.002,1.9666,-0.0119,0.0211,-0.0134,-0.0002,-0.0345,-1.055,0.0632,-0.0581,0.4914,0.0721,0.0858,0.3856,-0.0423,-0.0007,0.001,0.01,0.0229,0.0091,-0.0154,0.0059,-0.0001,-0.0077,0.0228,-0.0066,0.0283,-0.0044,-0.0148,0.0234,0.0063,0.0298,0.0072,0.0036,-0.0137,-0.006,0.0151,2.6853,0.0,0.0097,0.0084,-0.0508,-0.0171,-0.0052,0.5567,-0.008,-0.007,-0.0093,-0.0207,0.8973,-0.0188,0.0969,0.0195,0.0185,0.0276,0.0083,0.0174,0.0206,-0.1103,0.1002,0.0092,0.0232,0.0268,0.0307,-0.2508,-0.0291,0.0347,0.0076,0.0199,0.0427,-0.0807,-0.0075,-0.0078,-0.2302,0.0087,0.0896,-0.0089,0.019,0.0186,0.4947,-0.0205,-0.0227,-0.0022,0.0233,-0.0098,-0.4993,0.0057,0.0094,-0.0043,0.0223,-0.006,0.0107,0.0013,0.0121,-0.0243,-0.0153,0.0181,0.0204,-0.0158,-0.0182,0.0012,,,,,,,
251,5311,108,3,standing,-0.0103,1.5772,-0.0077,0.0518,-0.0113,-0.061,0.0872,-1.1555,0.0737,-0.0219,0.5834,0.0957,2.2496,-0.2979,0.1752,-0.2584,0.0436,0.2381,-0.2062,0.3968,-0.4064,-0.2787,-0.2891,0.2654,0.1017,-0.0003,0.0509,-0.0441,-0.1308,0.1129,-0.0047,0.0295,-0.001,0.015,-0.0144,0.0206,0.0001,0.5951,-0.0002,0.0049,0.0145,-0.0292,-0.0153,-0.016,0.5479,-0.0189,-0.0176,-0.0067,0.0085,0.9777,0.0082,0.0807,-0.0078,0.0169,-0.01,0.0199,0.0208,-0.0265,0.0,0.0406,0.1106,0.0222,-0.0594,0.0586,-0.2205,0.1197,0.0264,-0.0092,0.02,0.0309,-0.1693,-0.0485,-0.0073,-0.2505,0.0083,0.0988,-0.019,0.018,0.0197,0.5015,-0.0205,-0.0204,-0.0024,0.0226,0.0198,0.4993,0.0241,0.0158,-0.0052,0.0229,-0.0107,-0.0066,-0.0052,0.0195,-0.0194,-0.0168,0.0059,0.0158,-0.0227,-0.0201,0.0051,,,,,,,
252,5312,108,3,standing,-0.0015,2.4396,0.0105,-0.0317,-0.023,-0.0189,0.041,-0.8952,0.0874,-0.0693,0.4053,0.0746,1.2521,0.1858,0.0142,0.0008,-0.0923,0.1106,0.2457,0.2943,-0.2863,-0.2766,0.3555,0.3969,-0.348,0.001,-0.0806,-0.1006,-0.1198,0.3837,0.0001,0.0507,-0.0207,0.0098,-0.0099,-0.01,-0.0002,0.6562,0.0087,-0.02,-0.0262,-0.0084,-0.0144,0.0051,0.5445,-0.0047,0.0052,-0.0083,0.0195,0.8564,0.0094,0.1305,-0.0059,0.0182,-0.0096,0.0088,0.0061,-0.0192,-0.0265,-0.101,-0.0086,0.0181,0.0179,0.037,-0.2302,-0.0204,0.039,0.0172,0.0203,0.0173,-0.1505,-0.019,-0.0038,-0.2204,0.0075,0.0977,-0.0063,0.0197,0.0093,1.4458,-0.0191,-0.0354,0.0082,0.0518,0.0153,0.9558,0.0116,0.0223,0.0164,0.0212,-0.0046,-0.0047,-0.0035,0.0191,-0.0227,-0.0155,0.0164,0.0181,-0.009,-0.0195,0.0123,,,,,,,
253,5313,108,3,standing,-0.0047,2.9141,-0.0105,0.025,-0.0119,-0.0221,0.0324,-0.8952,0.0462,-0.0639,0.4054,0.0473,1.1445,-0.3591,0.0051,0.0007,-0.0933,-0.0761,0.2032,0.0878,0.0205,0.0507,0.0202,-0.0143,0.1006,-0.02,0.0286,-0.1011,-0.0347,0.0807,-0.0131,0.0289,0.0248,-0.0052,-0.0146,-0.0038,-0.0153,0.6463,-0.0041,-0.0253,-0.0332,-0.0208,-0.0157,0.0008,0.5849,0.0072,0.0059,0.0056,-0.0092,0.9659,0.0187,0.2302,0.008,0.0189,0.0001,-0.0247,-0.0302,0.001,0.1307,0.1108,0.0179,0.0228,0.0237,0.01,-0.2506,-0.007,0.1197,0.0226,0.0571,0.089,-0.1504,-0.0574,-0.0076,-0.3014,0.0093,0.1181,-0.0097,0.0203,0.0084,1.4506,-0.0195,-0.0349,0.0083,0.0585,-0.0094,0.8898,0.0055,-0.0099,0.0096,0.0242,-0.0118,-0.0119,0.0046,0.0156,-0.0229,-0.0201,0.0181,0.0204,-0.0196,-0.0194,0.0033,,,,,,,
254,5314,108,3,standing,-0.0103,2.0908,0.0216,0.0059,-0.0005,-0.0434,0.0549,-1.1517,0.0772,-0.0696,0.509,0.0568,1.3067,-1.2832,0.0001,0.1836,0.2391,-0.3343,0.2462,-0.2053,0.3977,0.2989,0.4552,-0.2558,0.2769,-0.1198,0.1018,-0.3881,-0.1103,0.2164,-0.0505,0.0806,-0.0455,-0.01,-0.02,-0.0202,-0.0,0.5565,0.0002,-0.0221,-0.001,0.0561,-0.0151,0.0079,0.548,0.0048,-0.0066,-0.0093,-0.0237,0.9799,-0.006,-0.1309,-0.0187,0.0082,0.0088,0.0192,-0.0076,-0.0198,0.0203,0.0975,-0.1129,0.0332,0.0751,-0.2251,-0.1002,0.0339,0.0771,0.0174,0.0093,-0.0886,-0.0606,0.0194,-0.0095,-0.2202,0.0084,0.0851,-0.0103,0.0185,0.0181,0.4759,-0.0229,-0.0207,-0.0035,0.0204,0.0113,0.5695,0.0053,-0.0122,-0.0168,0.0233,-0.0116,-0.0051,-0.0044,0.0236,-0.0234,-0.0134,0.0054,0.0235,-0.0228,-0.0047,-0.0,,,,,,,
255,5315,108,3,standing,0.0018,-0.6693,0.0108,-0.023,0.0005,-0.0426,0.0235,0.5744,-0.0313,-0.0079,-0.2843,-0.0559,0.1954,1.3716,-0.0786,-0.0929,-0.2368,-0.1011,-0.2036,0.2271,-0.0627,-0.3372,-0.3974,0.3573,0.256,-0.1009,0.0508,0.0804,-0.1305,0.3461,0.027,0.0556,-0.0305,0.0094,-0.0001,-0.0202,-0.055,2.5846,-0.0205,0.01,-0.1124,-0.0249,-0.0148,-0.0045,0.5569,-0.0051,-0.0062,-0.0164,-0.0176,0.8898,-0.009,0.1105,-0.0192,0.0228,-0.0195,0.0203,0.0303,-0.0165,0.1193,0.0307,0.1001,0.0077,-0.02,0.0881,-0.1506,-0.0199,0.0591,0.0087,0.0343,0.0078,-0.2202,0.0054,-0.0089,-0.1884,0.0085,0.0782,-0.0053,0.018,0.0183,0.5143,-0.0204,-0.0199,-0.0097,0.0223,0.0054,-0.4992,-0.0096,0.0242,-0.0054,0.0201,-0.0112,-0.0038,-0.0059,0.0186,-0.0233,-0.0181,0.0056,0.0253,-0.0164,-0.0131,,,,,,,,
256,5316,108,3,standing,-0.0044,-0.5947,0.0104,0.0009,0.001,-0.0136,0.0232,0.564,-0.0201,-0.0181,-0.269,-0.0721,0.037,0.2854,-0.0002,-0.0052,-0.0218,0.0205,0.0561,0.0231,0.0055,0.0024,-0.0025,-0.0141,0.02,-0.0045,0.0289,-0.0034,-0.0148,0.0248,0.0049,0.0309,0.0074,0.0058,-0.015,0.0004,0.0664,1.7939,-0.0091,0.0986,0.0883,0.1105,-0.0162,0.0069,0.5375,0.0089,0.0051,0.0071,-0.0001,0.9767,0.0084,-0.0505,0.0082,0.0187,-0.0163,0.0093,0.0238,-0.0166,-0.0807,-0.1124,0.1009,0.0185,0.01,-0.1197,-0.2205,-0.0099,-0.0078,0.0223,0.1305,-0.1015,-0.2162,0.0072,-0.008,-0.2251,0.0095,0.0877,-0.0098,0.0196,0.0085,1.4509,-0.0192,-0.0347,0.0087,0.0594,-0.0088,0.4406,0.0252,0.0228,-0.0207,0.0151,-0.0123,-0.0059,0.0038,0.0176,-0.0239,0.0046,0.0092,0.0229,-0.0204,-0.0227,0.0032,0.0,,,,,,
257,5317,108,3,standing,0.0529,-0.6091,0.0111,0.0052,-0.0761,-0.0893,0.0435,0.4042,-0.0505,-0.0325,-0.1875,-0.1254,2.3832,0.0928,-0.2768,0.2056,1.2366,0.5565,0.4884,0.5953,0.4422,0.3467,-0.2457,-0.2633,-0.4639,0.0696,-0.3082,0.437,0.5885,0.479,0.0212,-0.4589,0.3762,0.0804,0.1122,0.2254,-0.0004,-0.745,-0.1306,0.1505,-0.8071,0.3013,-0.0235,-0.001,0.4964,0.01,-0.0183,-0.0002,-0.0207,0.9527,-0.0173,0.1198,-0.0207,-0.0092,-0.0169,-0.0179,0.0077,0.0572,-0.1014,-0.2167,0.4002,-0.1106,-0.2208,5.9894,-3.2502,0.8899,0.4403,-0.1004,0.0001,-0.9744,-0.7876,-0.3751,-0.0019,-0.2304,0.0054,0.0987,-0.0047,0.0186,0.0087,1.4751,-0.0209,-0.0348,0.0066,0.0558,0.02,0.5007,-0.0044,0.0146,-0.0149,0.0182,0.0208,0.0054,0.0157,0.0328,-0.0253,0.0158,0.0179,0.0245,-0.0431,-0.0239,-0.0144,,,,,,,
258,5318,108,3,standing,0.0045,-0.6684,0.0114,-0.022,-0.001,-0.033,0.0005,0.4425,-0.0002,-0.0245,-0.1952,-0.0549,0.0622,0.3747,-0.0421,-0.0032,0.0086,-0.0843,0.0962,-0.0741,0.0502,0.0221,-0.0561,-0.0276,0.0305,-0.0033,0.0154,0.0265,-0.0189,0.0092,-0.0135,0.0332,0.0158,-0.015,-0.0203,0.0001,0.1302,1.6057,-0.0163,0.0046,0.0202,0.1008,-0.0181,-0.0064,0.5655,0.0069,-0.0071,0.0085,-0.0206,0.8586,-0.0097,0.1127,-0.01,-0.0207,0.0068,-0.0179,-0.0222,0.0159,-0.1017,0.0575,0.0208,0.0235,-0.0228,-0.0303,-0.2204,-0.0286,-0.0247,0.0093,0.0268,-0.0073,-0.1576,-0.0588,-0.0077,-0.3282,0.0099,0.1295,-0.0182,0.0183,0.0094,1.4487,-0.0198,-0.0334,0.009,0.0596,0.0091,0.4488,0.0121,0.0089,0.0059,0.0312,-0.0051,-0.0049,-0.0053,0.0155,-0.0201,-0.0248,0.0051,0.0237,-0.0196,-0.0033,,,,,,,,
259,5319,108,3,standing,0.0116,-0.7746,0.0054,0.032,-0.0155,-0.0229,0.0414,0.4911,-0.0213,-0.0515,-0.2271,-0.0632,-0.0791,0.2772,0.0008,0.0221,-0.0857,0.0947,0.0505,-0.1012,-0.0471,-0.0553,0.02,0.1005,0.0063,0.0159,0.0291,0.0168,0.0256,0.0344,0.0002,0.0289,-0.0089,0.0095,-0.0093,0.006,-0.0222,1.3987,0.0158,-0.0045,-0.0203,-0.0202,-0.0148,-0.0051,0.5347,-0.0065,0.007,-0.0082,0.0073,0.9767,0.0052,-0.1509,0.0081,-0.0162,0.0223,0.0184,-0.0259,-0.0085,0.0499,-0.0961,0.01,0.0088,0.0176,0.0186,-0.2209,-0.0278,0.0262,0.0079,0.0074,0.019,-0.1196,-0.0204,-0.0092,-0.2306,0.0096,0.088,-0.0183,0.0198,0.0194,0.4682,-0.0201,-0.0247,0.001,0.0208,0.0104,-0.4294,-0.0011,0.0024,0.0082,0.0232,0.0041,-0.0051,-0.0021,0.0112,-0.0158,-0.0103,0.0087,0.0206,-0.0183,-0.0059,-0.0017,,,,,,,
260,5320,108,3,standing,0.0052,-0.6563,0.0117,0.0211,0.0009,-0.0432,0.0201,0.4916,-0.0312,-0.0222,-0.2743,-0.0553,-0.0639,0.088,-0.0226,-0.0002,-0.0788,-0.0505,0.0922,0.2358,-0.2441,0.2655,0.2872,-0.3582,-0.1105,0.119,-0.1306,0.3357,0.347,0.3768,-0.0131,0.0001,0.0145,0.0073,-0.02,-0.001,0.0209,1.4087,-0.0242,-0.0238,0.0803,0.0469,-0.0154,-0.0051,0.5506,0.0171,0.0048,-0.0061,-0.0164,0.9566,0.0091,-0.6092,0.0237,-0.0084,0.0239,-0.0208,-0.0307,-0.0581,0.0473,-0.2606,-0.1505,0.0249,0.0874,-0.3014,-0.6796,-0.1004,0.2202,-0.0205,0.1011,0.1127,-0.2163,-0.0575,-0.0098,-0.1899,0.0094,0.0793,-0.0102,0.0186,0.0197,0.8569,-0.0245,-0.0252,-0.0053,0.0233,0.0229,-0.4608,0.0189,0.0054,-0.0038,0.0248,0.0243,-0.0123,0.0101,0.0169,-0.01,0.0045,0.0207,0.0193,-0.0181,-0.0259,0.0,,,,,,,
261,5321,108,3,standing,0.0114,-0.6694,0.0042,-0.0224,-0.0162,-0.0417,0.0322,0.3586,-0.0549,-0.0655,-0.1243,-0.0858,1.3898,-0.2341,-0.0773,0.0947,-0.3081,-0.2082,0.2953,0.2844,0.3772,-0.269,0.3489,-0.2746,0.3364,0.0503,0.1108,0.3974,0.2209,0.4861,-0.0008,0.101,0.1509,0.0563,-0.01,0.0809,0.1003,2.7788,-0.1198,0.0002,0.5083,-0.2307,-0.0206,0.0052,0.5797,0.0187,0.0156,0.0204,0.001,0.7969,0.0267,0.686,0.0307,0.0099,0.0408,0.0302,-0.0448,0.0443,-0.3005,0.677,0.3508,0.0885,-0.1306,0.2259,-0.2169,0.2808,-0.4003,-0.0176,0.0362,-0.3014,-0.1126,0.2608,-0.008,-0.2171,0.0093,0.0884,-0.0105,0.0191,0.0095,0.9676,-0.02,-0.0196,-0.0024,0.0221,0.0051,-0.5506,0.0113,0.0042,0.0092,0.0052,-0.0208,0.0102,-0.0102,0.0223,-0.0193,0.0038,0.0194,0.0245,-0.0092,-0.0035,-0.0106,-0.0,,,,,,
262,5322,108,3,standing,-0.0016,0.9334,-0.0113,0.0321,0.0073,-0.0008,0.0215,0.5986,-0.0417,-0.0072,-0.2651,-0.0546,0.0928,1.3536,0.002,-0.0131,-0.0247,0.0096,0.0849,0.0743,0.0505,0.0237,0.01,-0.0625,0.001,0.0002,0.0308,0.0056,-0.0093,0.02,-0.004,0.0293,0.0084,0.0054,-0.0157,-0.0006,0.0253,0.3968,0.0164,0.0201,-0.0222,0.0144,-0.0169,0.0052,0.536,0.0055,0.0065,-0.008,0.0194,0.9567,-0.0081,-0.1103,-0.0171,0.0082,-0.0178,0.0066,0.019,0.0177,0.0085,0.0001,0.0199,0.0088,0.0242,0.0074,-0.2508,-0.0276,0.0183,0.017,0.0259,0.0175,-0.1198,-0.0434,-0.0017,-0.3208,0.0092,0.1298,-0.0189,0.0201,0.0097,1.4506,-0.0187,-0.0357,0.0053,0.0591,0.0056,0.4292,0.0044,0.0248,-0.0054,0.0233,-0.0116,-0.0054,-0.0038,0.0095,-0.0244,-0.0143,0.0206,0.0256,-0.0091,-0.0146,0.0051,-0.0047,,,,,,
263,5323,108,3,standing,-0.0019,2.5854,-0.0114,0.0229,-0.0224,0.0007,-0.0344,-1.0838,0.0782,-0.0559,0.4852,0.0436,-0.1398,0.2296,-0.0228,0.0237,-0.065,-0.0942,-0.0506,-0.0001,0.0433,-0.001,-0.1197,-0.1307,0.0002,-0.0132,0.0289,-0.0135,-0.02,0.0235,0.0039,0.0285,-0.0064,0.0068,-0.0149,0.0061,-0.0083,1.5547,-0.0053,0.0232,-0.0,-0.0084,-0.0166,-0.0051,0.5786,-0.0046,-0.0088,-0.0178,0.0093,0.7771,0.0065,-0.101,-0.0092,-0.009,0.0189,-0.0056,0.0268,-0.0072,0.0338,0.1124,-0.0247,0.0063,0.0233,0.0347,-0.2202,-0.0475,0.0807,0.0231,0.0294,0.0099,-0.1108,-0.0174,-0.008,-0.2257,0.0097,0.0885,-0.0087,0.0194,0.0179,0.9537,-0.0203,-0.0191,-0.01,0.0223,0.0105,0.8015,-0.0038,0.0055,-0.0146,0.0204,-0.0109,-0.0104,0.002,0.0221,-0.0256,-0.0157,0.0083,0.024,-0.0158,-0.0052,,,,,,,,
264,5324,108,3,standing,-0.0016,1.7367,-0.0118,0.0421,-0.0189,-0.0328,-0.0584,-1.0797,0.0632,-0.0477,0.5834,0.0217,0.1486,0.2743,-0.0007,0.001,-0.0947,-0.0873,0.2275,0.2372,0.3044,-0.1104,0.3962,0.0508,0.2968,0.1018,0.1127,-0.1005,0.3354,0.1502,-0.0136,0.0806,0.0182,0.0164,-0.0056,0.0188,0.0096,2.5541,-0.01,0.0001,-0.1198,-0.0098,-0.0148,0.007,0.4983,-0.005,-0.0051,-0.0052,-0.0191,0.926,-0.0153,-0.1308,-0.0166,0.0165,-0.0061,0.0002,-0.0208,0.0206,-0.0195,-0.0484,-0.0167,0.0177,0.0285,0.0292,-0.2503,-0.0187,0.02,0.0074,0.0236,0.0404,-0.1676,-0.0207,-0.008,-0.2303,0.0079,0.0899,-0.0093,0.0185,0.0194,0.5307,-0.0182,-0.0268,0.0059,0.0357,0.019,-0.5194,0.0055,0.0082,0.0052,0.0194,-0.0052,-0.0031,0.0023,0.0298,-0.0233,-0.0091,0.0151,0.0203,-0.0164,-0.0148,-0.0044,,,,,,,
265,5325,108,3,standing,0.0117,-0.7367,0.0052,-0.0581,-0.0314,-0.063,0.0362,0.4437,-0.0462,0.0005,-0.2269,-0.0764,0.2691,-0.3527,0.207,-0.1868,0.0959,0.2863,0.0211,0.3947,-0.3341,-0.0846,-0.2458,-0.5056,0.0506,-0.0002,0.1509,-0.2973,-0.3861,0.326,-0.1009,0.1307,0.0406,0.02,-0.1017,-0.1109,-0.1193,1.548,-0.2202,0.2257,0.4885,-0.4543,-0.0089,0.0172,0.5598,0.0087,0.0067,-0.0001,-0.027,0.9465,0.0206,2.7788,0.0201,0.0265,0.0592,0.0083,-0.0307,-0.0807,0.7986,-0.6684,0.4001,0.1121,-0.2805,4.7597,5.9699,0.9021,-0.7895,0.3641,0.4016,-0.7475,0.5285,-0.2603,-0.001,-0.2306,0.0093,0.0876,-0.0082,0.0182,0.0195,0.5131,-0.0247,-0.0286,0.0023,0.0401,-0.01,-0.3454,0.0237,0.0248,-0.0245,0.0085,0.0107,-0.0243,0.0208,0.0154,0.0159,0.0052,-0.0129,0.0188,-0.0278,-0.0223,0.0014,,,,,,,
266,5326,108,3,standing,0.0116,-0.7907,0.0046,0.0319,-0.0259,-0.0436,0.0845,0.5795,-0.0638,0.0006,-0.2968,-0.0586,-0.1744,-0.3492,0.0507,0.0955,0.1852,0.2366,-0.2851,0.2072,0.2461,-0.2782,0.1199,-0.5062,-0.0217,-0.001,-0.01,-0.3374,-0.1105,-0.3985,0.1012,0.0441,-0.0803,0.1005,-0.1124,-0.0249,0.0093,2.7542,-0.0201,-0.0,-0.0303,-0.0554,-0.0153,-0.0001,0.589,-0.0002,0.0088,-0.0063,-0.0149,0.7798,0.0084,1.598,-0.0178,0.0164,0.0253,0.0089,-0.0247,-0.0069,0.1508,-0.3405,0.1305,-0.0199,-0.0065,-0.2251,-0.6783,0.2607,0.0093,-0.0237,-0.0194,0.1027,-0.2164,0.0791,-0.0017,-0.3011,0.0087,0.1176,-0.0096,0.0204,0.0203,0.4368,-0.0233,-0.0097,-0.0052,0.0194,0.0043,-0.4299,-0.0046,0.0056,0.0091,0.0223,-0.0023,0.0064,-0.0105,0.0087,-0.0242,-0.0066,0.0227,0.0083,-0.0096,-0.0143,,,,,,,,
267,5327,108,3,standing,-0.0103,-0.7297,0.0033,0.0006,-0.023,-0.0134,0.0173,0.4486,-0.02,-0.0107,-0.2071,-0.0335,0.0853,0.2957,-0.0568,-0.0418,-0.0941,0.0631,0.1105,0.1124,-0.1014,0.2343,-0.1509,-0.1199,-0.0002,0.0248,-0.0286,0.0221,-0.0505,-0.0305,0.006,0.0439,0.0094,-0.0035,-0.0147,0.0069,0.0267,2.6677,-0.0248,0.01,0.0308,-0.0164,-0.015,-0.0001,0.5856,-0.0063,0.0055,-0.008,0.0182,0.9573,-0.0059,0.2163,-0.0167,0.0226,-0.0092,0.0228,0.0062,-0.0161,-0.0765,-0.0187,0.0247,0.0189,0.0179,0.0084,-0.2257,-0.0204,0.0199,0.009,0.0237,0.007,-0.0804,-0.0081,-0.0078,-0.1898,0.0075,0.099,-0.0091,0.0183,0.0188,0.4682,-0.0207,-0.0222,0.0097,0.0357,-0.0112,-0.9519,-0.0056,0.0193,0.0196,0.0227,-0.0118,-0.0053,0.0052,0.0186,-0.0089,-0.0089,0.0131,0.0202,-0.0223,-0.0038,0.0,,,,,,,
268,5328,108,3,standing,-0.0048,0.7905,-0.0103,0.0136,-0.0077,-0.0008,0.0426,-0.9074,0.0552,-0.0215,0.4396,0.0143,0.0051,1.6567,0.0002,0.0131,-0.0078,-0.0121,0.0203,0.0082,-0.0058,0.0022,0.0004,-0.0124,0.0053,0.0046,0.0279,0.0037,-0.0132,0.0278,0.0042,0.0298,0.0108,0.0068,-0.0156,0.0059,0.0001,2.4584,0.0041,0.0149,-0.0655,0.016,-0.0147,0.0069,0.548,0.005,-0.0066,-0.0074,-0.0093,0.9989,-0.0085,-0.0963,-0.0194,0.0206,-0.0073,0.0086,0.0201,-0.0081,0.0307,0.0508,0.0223,0.0268,0.0196,0.0164,-0.2098,-0.0221,0.0092,0.0071,0.0239,0.0305,-0.1308,-0.0205,-0.0183,-0.2506,0.0095,0.0988,-0.009,0.0187,0.0197,0.5121,-0.0242,-0.0191,-0.001,0.0195,0.0222,-1.1105,0.0112,0.0063,0.0158,0.0202,-0.0026,0.0011,0.0033,0.0136,-0.0227,-0.0158,0.0182,0.0158,-0.0237,-0.0121,0.0019,-0.0,,,,,,
269,5329,108,3,standing,-0.0048,0.6563,-0.0117,0.0419,0.0068,-0.025,0.0326,0.3885,-0.0235,-0.0107,-0.1646,-0.0559,0.0633,1.3681,0.0004,0.0237,-0.0245,-0.0842,0.0509,0.0202,-0.0203,0.0956,-0.1009,-0.0231,0.01,-0.0052,0.0276,0.0202,-0.0227,0.0186,-0.0143,0.0288,0.0091,0.0058,-0.0147,-0.0055,-0.001,2.7939,-0.0002,-0.0093,-0.0221,0.0208,-0.0145,0.0057,0.547,0.0066,0.006,0.0072,0.0096,0.8775,0.0067,0.1018,-0.0169,0.0204,-0.0183,0.0164,0.02,-0.0001,0.0276,-0.0362,0.0094,0.0171,0.0257,0.0262,-0.2202,-0.0321,0.0408,0.0242,0.0332,0.0089,-0.1198,-0.0399,-0.0088,-0.2374,0.0076,0.089,-0.0097,0.0198,0.0195,0.4409,-0.0273,-0.0292,-0.0017,0.0236,-0.0103,-0.4689,0.0192,0.0156,0.0086,0.0183,-0.0116,-0.0031,-0.0103,0.007,-0.0247,-0.0226,0.0153,0.0136,-0.0207,-0.0146,0.0036,,,,,,,
270,5330,108,3,standing,-0.0017,2.8192,-0.0107,0.0364,-0.0216,0.0007,-0.0411,-1.2393,0.061,-0.0543,0.5549,0.0853,1.1858,-0.2554,0.0002,0.0931,-0.0506,-0.2075,0.2898,0.2286,-0.2429,0.1307,0.3879,0.3627,-0.1003,-0.02,-0.01,-0.1015,-0.0804,-0.1502,-0.001,0.0309,-0.0207,0.0134,-0.0146,-0.0056,0.0278,0.7085,-0.0001,0.0221,-0.1109,0.0051,-0.0145,-0.0069,0.579,0.0068,0.0063,-0.0074,0.0159,0.8876,-0.008,0.2162,0.0245,0.0192,0.0239,-0.0208,0.0199,-0.0238,0.0694,-0.1287,-0.0307,0.0231,0.038,0.1122,-0.2505,-0.0796,0.1197,-0.0038,0.0265,0.0784,-0.1981,-0.0332,-0.0051,-0.2291,0.0089,0.0882,-0.0103,0.0195,0.0232,0.9767,-0.0253,-0.0183,-0.0024,0.0168,0.0047,0.8695,0.0042,0.0111,-0.0143,0.0185,-0.0106,-0.0103,-0.0102,0.0194,-0.0226,0.0023,0.0243,0.0235,-0.0179,-0.0054,-0.0032,,,,,,,
271,5331,108,3,standing,-0.0053,0.5402,-0.0106,0.023,0.0008,-0.0318,0.0431,-0.0574,0.0001,-0.0097,0.0436,0.0204,-0.1343,1.2482,0.0042,-0.0954,-0.0846,-0.0722,0.1927,0.269,-0.1005,-0.0807,0.0509,-0.2952,0.1015,0.001,0.0409,-0.1192,-0.0473,0.0879,0.0158,0.0309,0.0186,0.0169,-0.0038,0.0002,0.0231,2.4445,0.1306,0.0159,-0.0203,-0.0557,-0.0064,0.0,0.5587,0.0063,0.0049,0.0093,-0.0091,0.7585,0.0067,-0.2259,-0.0268,0.01,0.0065,0.0184,-0.0181,-0.0062,-0.1102,-0.0073,-0.0095,0.02,0.0199,0.0094,-0.2308,0.0178,0.0192,0.0088,0.027,0.0098,-0.1509,-0.0202,-0.0089,-0.3276,0.0083,0.1296,-0.008,0.0229,0.0206,0.6011,-0.0247,-0.0233,0.0063,0.0357,0.0063,-0.4753,0.006,0.0053,0.0191,0.0082,-0.0111,0.0019,0.0018,0.0201,-0.0245,-0.0094,0.0168,0.0184,-0.0239,-0.0147,0.0032,-0.01,,,,,,
272,5332,108,3,standing,0.0015,-0.7367,0.0117,0.0065,0.0046,-0.0159,0.034,0.5841,-0.0436,-0.0151,-0.2763,-0.0552,0.0731,0.0942,-0.0007,-0.0077,-0.026,0.0002,0.063,0.0856,-0.001,0.0507,0.0231,-0.0226,0.0276,0.0032,0.0247,-0.0001,-0.0087,0.0083,0.0148,0.029,0.0093,0.0037,-0.015,0.0047,-0.01,2.5789,0.0049,-0.0145,-0.1002,0.0,-0.0154,-0.0069,0.5594,0.0079,-0.0066,0.0061,-0.0186,0.8891,-0.009,0.02,-0.0208,0.0081,0.0201,-0.0162,-0.008,-0.0222,0.0309,0.0568,-0.047,0.0167,0.0464,0.1104,-0.1981,-0.1197,0.0575,0.0099,0.0222,0.0809,-0.1017,0.0196,-0.0084,-0.2374,0.0095,0.0978,-0.0092,0.0198,0.0185,0.4991,-0.0221,-0.0223,0.0054,0.0291,-0.0044,-0.3456,0.0063,0.0094,0.0194,0.0233,-0.0111,-0.0101,0.0023,0.0203,-0.0197,-0.0052,0.0207,0.0191,-0.0242,-0.0081,-0.0038,,,,,,,
273,5333,108,3,standing,0.0117,-0.6327,0.0059,0.041,-0.0005,-0.036,0.0216,0.4791,-0.0105,-0.0241,-0.209,-0.0622,0.0734,-0.2832,-0.0845,-0.0953,0.1929,-0.2555,-0.2454,0.3572,-0.3638,-0.3356,-0.3083,0.2669,0.0755,0.1005,-0.1193,0.1011,0.2303,0.445,0.0205,0.0502,-0.001,0.01,-0.0193,0.0248,0.02,1.7943,-0.0001,0.0002,0.0467,0.0804,-0.0171,0.0149,0.5794,0.0051,0.0062,-0.0087,-0.0158,0.9788,-0.0095,-0.2167,-0.0168,0.0089,-0.0161,-0.0066,0.0078,-0.0238,0.0264,0.0277,0.0164,0.0185,0.017,0.0404,-0.1684,-0.0455,0.1306,-0.0038,0.0231,0.0186,-0.1481,-0.0577,-0.008,-0.1874,0.0082,0.0709,-0.0105,0.0199,0.0192,0.4598,-0.0201,-0.0223,0.0031,0.0246,0.0096,-0.4682,-0.0011,0.0108,-0.0132,0.0226,-0.0059,0.0113,0.0038,0.0239,-0.0168,-0.0168,0.0157,0.0203,-0.0202,-0.0056,-0.0116,,,,,,,
274,5334,108,3,standing,0.0014,-0.6713,-0.0103,-0.0415,0.0077,-0.0568,0.025,0.3655,-0.0245,-0.062,-0.2459,-0.0718,0.266,0.2554,-0.0957,-0.0823,-0.1746,-0.1198,0.3481,-0.3062,0.4558,-0.2231,-0.3547,-0.289,0.0509,0.0007,0.0285,-0.1126,0.0484,0.1018,-0.0207,0.0293,0.0,0.0174,-0.0204,0.01,0.0807,1.3987,0.0766,0.0383,0.1509,0.1009,-0.0143,-0.0084,0.549,0.0088,0.008,-0.0053,0.001,0.9569,0.0052,0.3406,0.0171,-0.0191,0.0278,0.0221,-0.0194,-0.0002,-0.0267,0.0309,0.1106,0.0305,0.0247,-0.2162,-0.2205,-0.2304,-0.0202,0.0237,-0.0193,-0.1309,-0.0983,0.0399,-0.0082,-0.2177,0.0075,0.0892,-0.0078,0.0251,0.0097,1.4674,-0.0186,-0.0376,0.0096,0.0598,0.0087,0.4994,0.0054,0.0188,-0.0189,0.0291,-0.0035,0.0051,-0.0123,0.0236,-0.0083,-0.0239,0.0183,0.0252,-0.0233,-0.0143,-0.0032,,,,,,,
275,5335,108,3,standing,0.0011,-0.6306,0.0104,0.0009,-0.0103,-0.0143,0.0206,0.5635,-0.0305,-0.0174,-0.2692,-0.0568,0.0225,0.2984,-0.0616,-0.0507,0.0741,0.0851,0.0931,0.0281,-0.2277,0.2469,-0.3483,-0.2857,-0.0809,-0.1014,0.01,0.1129,0.1194,-0.1002,0.0207,0.0406,-0.0094,0.0221,-0.0164,-0.001,0.1302,1.5861,-0.0203,-0.0383,0.0095,-0.1505,-0.0053,-0.0052,0.4855,-0.0065,-0.0047,-0.0073,-0.0226,0.9997,-0.0201,0.0267,-0.0182,0.0002,0.0179,0.0093,-0.0186,0.0185,-0.0081,0.1001,0.017,0.0196,0.019,-0.0091,-0.2166,-0.02,0.0379,0.0205,-0.0087,0.0404,-0.1104,0.0209,-0.0088,-0.3017,0.0068,0.128,-0.0059,0.0198,0.0095,1.4677,-0.0189,-0.0357,0.0089,0.0581,-0.0089,0.4991,-0.0054,0.0231,0.0155,0.0179,-0.0119,0.0014,-0.0038,0.0223,-0.0235,-0.0135,0.0158,0.0242,-0.0092,-0.0146,0.0,,,,,,,
276,5336,108,3,standing,-0.0017,-0.6017,0.0106,0.043,0.0052,-0.0321,0.0211,0.5856,-0.0233,-0.0151,-0.2695,-0.0584,-0.0947,-0.3671,-0.001,0.0002,0.0093,0.0007,0.0231,0.0772,0.0046,-0.0157,0.0124,-0.01,0.0082,-0.0032,0.0278,-0.0138,-0.0063,0.0282,-0.0143,0.0309,0.0155,0.0065,-0.0149,-0.0037,0.0854,1.6061,0.008,0.0186,0.0302,0.0506,-0.0153,0.007,0.5096,-0.0066,-0.0087,-0.0162,-0.0174,0.9099,0.0067,0.1011,0.0188,0.0098,0.0221,0.0185,-0.0202,0.0237,0.1302,0.1108,0.0077,0.0194,0.0183,-0.0173,-0.2012,-0.0069,0.0097,0.0207,0.02,0.0308,-0.1194,-0.0579,-0.0054,-0.2089,0.0092,0.0881,-0.0178,0.0192,0.0191,0.4407,-0.0208,-0.0209,0.0055,0.0223,0.0051,0.4766,-0.0035,0.0053,-0.0087,0.0242,-0.0103,-0.0107,-0.0051,0.0203,-0.0201,-0.0066,0.0222,0.0229,-0.0244,-0.0158,-0.0102,,,,,,,
277,5337,108,3,standing,0.0112,-0.7096,0.0042,0.022,-0.0189,-0.0006,0.031,0.4548,-0.0247,-0.0092,-0.2271,-0.0553,0.0424,0.1463,0.0619,0.027,0.0734,-0.0928,-0.0874,-0.256,-0.2751,0.1011,0.2943,-0.2633,0.1008,0.0047,0.0508,0.0359,-0.01,0.3094,-0.0154,0.0804,-0.0155,-0.0002,-0.0207,0.0159,-0.119,1.5087,-0.02,0.0001,-0.001,-0.1121,-0.0152,-0.0067,0.5791,-0.0066,-0.0069,0.0183,-0.0193,0.8875,-0.0156,-0.1109,-0.0201,0.0184,-0.0464,0.0172,0.0253,0.0162,0.0181,0.1303,-0.1001,0.0579,0.0573,0.1508,-0.3641,0.0968,0.2208,-0.0178,0.0435,0.0751,-0.2504,-0.0198,-0.0077,-0.2252,0.0095,0.098,-0.0086,0.0197,0.0227,0.4998,-0.0208,-0.0242,0.0105,0.0206,-0.0085,0.4803,-0.0228,-0.0031,-0.009,0.0252,-0.0056,0.0056,0.0044,0.0243,-0.0222,-0.0059,0.0089,0.0204,-0.0199,-0.0087,0.0033,,,,,,,
278,5338,108,3,standing,-0.0115,-0.5941,0.0045,-0.0222,0.0008,-0.0411,0.031,0.5578,-0.0183,-0.0517,-0.2574,-0.0693,-0.0829,-0.3067,-0.0215,-0.0786,-0.0942,0.0803,0.1012,0.2275,0.1106,-0.2856,-0.119,-0.1307,0.0507,0.0147,0.0336,-0.0245,0.0087,0.0337,-0.0223,0.0342,0.0182,0.0149,-0.0089,0.0146,0.0092,1.3872,0.0002,0.0293,0.1008,-0.0307,-0.01,0.0044,0.5857,0.0062,0.0054,-0.0161,0.02,0.798,-0.0188,0.6053,0.001,0.0063,0.0202,0.0196,-0.0169,0.007,-0.0077,-0.6891,0.0184,0.0253,-0.0181,-0.1502,-0.2205,-0.0202,0.2169,0.0197,0.0221,0.1001,-0.1126,-0.0773,-0.0001,-0.2306,0.0076,0.0899,-0.0094,0.0195,0.0092,1.5098,-0.0233,-0.0348,0.0092,0.0585,-0.0201,0.8015,0.0044,0.019,0.0174,0.0235,0.0103,0.0013,-0.0053,0.0206,-0.0154,-0.0168,0.0252,0.0192,-0.0226,-0.0087,0.0036,0.0,,,,,,
279,5339,108,3,standing,-0.0135,-0.6715,0.0046,0.0005,0.0078,-0.0328,0.0248,0.5054,-0.0086,-0.0218,-0.2697,-0.0655,0.0788,-0.1636,-0.0417,0.0558,0.0834,0.0925,0.2277,0.3379,0.2345,-0.3747,0.2463,-0.3082,0.296,0.101,0.0509,0.0267,0.0755,0.1196,0.02,0.0199,-0.0002,0.0206,-0.0206,0.0068,-0.1103,1.4065,0.0804,0.0556,0.0406,0.1502,-0.0153,0.0091,0.5766,0.0087,0.0048,-0.009,-0.0174,0.8544,0.0096,-0.6489,-0.01,0.0195,0.0469,-0.0204,-0.0194,0.0221,-0.0384,-0.1006,0.1124,-0.007,0.0001,0.0404,-0.2258,0.0362,-0.039,0.0205,0.0202,-0.0092,-0.1306,-0.0484,-0.001,-0.1884,0.0062,0.0776,-0.0098,0.0222,0.0077,1.4507,-0.0223,-0.0356,0.0093,0.0365,0.0253,0.4298,0.0108,-0.006,-0.0092,0.0252,0.0035,0.0102,0.0044,0.0243,-0.0256,-0.0236,0.0168,0.0239,-0.0247,-0.0234,0.0017,0.0,,,,,,
280,5340,108,3,standing,-0.0117,1.5164,0.0059,0.0434,-0.0259,0.0319,-0.025,-1.2065,0.069,-0.0558,0.6036,0.0764,0.2944,-0.2285,-0.0825,0.1824,0.3067,-0.0962,-0.2347,-0.2897,-0.3821,-0.3356,0.4631,0.3587,-0.0505,0.0005,0.0809,0.1003,0.1199,-0.3766,-0.0002,-0.101,0.1109,0.02,-0.0,-0.0205,0.1509,0.4849,0.2169,-0.1302,-0.4399,0.2506,-0.0094,0.0092,0.5345,-0.0068,0.0069,-0.0095,0.0161,0.7978,-0.0098,0.5577,0.0207,0.01,0.0305,0.0174,-0.0276,-0.0414,-0.2302,0.7075,-0.3014,-0.1027,0.2202,2.8873,4.938,0.8972,0.3458,0.1122,-0.0661,0.4003,-0.7627,-0.2241,0.001,-0.3004,0.0044,0.1186,-0.0182,0.0196,0.0226,0.7269,-0.0245,0.0256,-0.0052,0.0191,0.0063,0.9052,0.0144,0.0239,-0.0204,0.0091,-0.0054,-0.0103,0.0228,0.0143,-0.0222,-0.0238,0.0168,0.0168,-0.0262,-0.0081,-0.0132,,,,,,,
281,5341,108,3,standing,0.0067,-0.6364,0.0114,0.0345,0.0008,-0.026,0.0245,0.6517,-0.0434,-0.0062,-0.2753,-0.0555,-0.0766,0.1519,0.0156,-0.0616,0.0851,0.0959,0.1109,0.2231,0.0504,0.1308,0.265,-0.2543,0.1003,0.01,0.0807,-0.101,0.0542,-0.1192,-0.0001,0.0332,0.0,0.0092,-0.0148,-0.0002,0.0202,1.4944,0.0203,0.02,-0.0084,0.0292,-0.007,-0.0087,0.5788,-0.0052,0.0086,-0.0058,-0.0161,0.7768,-0.0247,-0.2303,-0.008,0.0178,-0.0268,0.0094,0.027,-0.0179,0.0455,-0.1126,-0.0206,0.0243,0.0499,-0.001,-0.2207,-0.0208,-0.0193,0.0176,0.0085,-0.0223,-0.2253,-0.0583,-0.0082,-0.2506,0.0089,0.0981,-0.0106,0.0196,0.0052,1.4497,-0.019,-0.0357,0.0098,0.0581,-0.0205,0.4342,0.0046,0.0232,-0.0091,0.0195,-0.0118,-0.0107,0.0059,0.0207,-0.0228,-0.0159,0.0235,0.0201,-0.0091,-0.0132,-0.0038,,,,,,,
282,5342,108,3,standing,-0.0109,-0.5262,0.0051,0.025,0.0009,-0.0418,0.0327,0.5475,-0.0241,-0.0089,-0.2849,-0.0514,-0.0764,0.2643,0.0002,0.063,0.0848,0.1004,0.0505,-0.1307,0.1011,-0.2396,0.1108,0.1194,-0.2531,-0.01,0.0803,0.1129,-0.2963,-0.2307,-0.0136,0.1506,-0.0157,-0.02,0.0001,-0.0041,-0.001,1.6065,0.0,0.0221,-0.0191,0.0785,-0.0162,-0.0067,0.5845,-0.0061,0.0047,-0.0053,0.0173,0.9897,-0.0084,-0.3003,0.0186,-0.0056,-0.0238,-0.0202,0.0181,0.0074,0.0264,-0.0877,0.0305,0.0239,0.0303,0.0083,-0.2164,-0.008,0.0069,0.0195,0.0194,-0.0099,-0.1288,-0.0439,-0.0051,-0.2207,0.0087,0.0982,-0.0093,0.0192,0.0179,0.4757,-0.0242,-0.0243,0.0031,0.0292,0.0043,0.5015,0.0114,0.019,-0.0247,0.0252,-0.0112,-0.0043,0.0052,0.0203,-0.0089,-0.0102,0.0191,0.0182,-0.0259,-0.0092,0.0041,,,,,,,
283,5343,108,3,standing,-0.0014,2.3287,0.0108,0.0329,-0.021,-0.0007,-0.043,-1.2396,0.0637,-0.0774,0.5865,0.0569,0.1757,-0.2041,0.0237,0.001,0.0508,0.0002,-0.0933,0.1103,-0.2447,0.2236,-0.1015,0.2552,0.1308,0.0207,0.0394,-0.0803,0.1004,-0.1122,0.0034,0.055,0.0223,0.0155,-0.0098,0.0142,0.1001,1.6792,0.02,-0.0204,-0.0189,0.1194,-0.0148,-0.0056,0.5464,-0.0001,-0.0049,-0.0159,-0.0082,0.888,0.0205,-0.2303,-0.0153,0.0203,0.0262,0.0179,0.0097,-0.0181,-0.0,-0.2254,-0.0162,0.0091,0.0245,0.0404,-0.2209,0.0405,0.0408,0.019,0.0195,0.0408,-0.1773,-0.0785,-0.0093,-0.2386,0.0078,0.0976,-0.0094,0.0183,0.0082,1.4997,-0.0187,-0.0357,0.0087,0.0599,-0.0038,0.6604,-0.0113,0.0201,-0.0163,0.0091,-0.0047,-0.0103,-0.0042,0.0235,-0.0183,-0.0161,0.0256,0.0226,-0.0247,-0.0087,0.0019,,,,,,,
284,5344,108,3,standing,-0.0035,-0.5942,0.011,-0.0004,0.0017,-0.0067,0.0325,0.5794,-0.0201,-0.0154,-0.2893,-0.0574,0.0871,0.3349,0.0038,-0.0427,-0.064,0.0922,-0.0786,-0.0224,-0.001,-0.0136,-0.0153,-0.0002,-0.0256,-0.0206,-0.0095,-0.0248,-0.0238,-0.0097,-0.0141,0.0345,0.0164,0.0152,-0.0073,-0.0037,0.0223,1.5543,-0.01,-0.0208,0.0001,0.0,-0.0065,-0.0066,0.5508,-0.0063,-0.007,0.016,-0.02,0.905,-0.0091,0.1199,0.0089,0.0172,0.0061,-0.0088,-0.0183,0.0085,-0.1104,-0.1005,-0.0198,0.0207,0.0303,0.0504,-0.2209,-0.0347,-0.1013,-0.0196,0.0343,0.039,-0.2169,-0.0431,-0.0075,-0.2476,0.0087,0.0984,-0.0179,0.0181,0.0202,0.5131,-0.0221,-0.0182,-0.0099,0.0194,-0.0043,0.4892,0.0112,-0.0035,0.0182,0.0226,-0.0035,-0.0052,-0.0106,0.0234,-0.0243,-0.0143,0.0233,0.0265,-0.0253,-0.0,,,,,,,,
285,5345,108,3,standing,-0.0047,-0.6562,0.0115,0.0429,-0.0005,-0.0556,0.0314,0.9604,-0.0443,-0.0638,-0.4321,-0.0786,-0.1378,0.2035,0.0219,0.0851,-0.2523,-0.0955,0.1014,-0.2281,-0.2772,-0.3041,-0.3396,-0.447,0.2654,0.0504,0.289,-0.4831,0.3974,0.5936,-0.0052,0.0339,0.0001,0.0002,-0.0142,0.01,-0.0207,1.6887,0.0206,-0.0063,-0.0188,-0.001,-0.0191,0.0069,0.536,0.0077,-0.0083,-0.0067,0.0194,0.8599,-0.0192,-0.1001,0.018,-0.0058,-0.0202,-0.0247,0.0305,-0.0182,-0.1305,-0.1127,-0.0173,0.0189,0.0245,0.1002,-0.2309,-0.0332,0.0771,0.0223,0.0179,0.0309,-0.2163,-0.0475,-0.0098,-0.2202,0.0047,0.0795,-0.0084,0.0197,0.0181,0.4684,-0.02,-0.0193,-0.0042,0.0234,0.0031,-0.4806,0.0128,0.0053,-0.0222,0.0237,-0.0118,-0.0054,0.0013,0.0156,-0.0143,-0.0182,0.0208,0.0227,-0.0049,-0.0232,,,,,,,,
286,5346,108,3,standing,-0.0067,-0.7764,0.0116,0.0043,0.0006,-0.0245,0.0237,0.9471,-0.0468,-0.0053,-0.4359,-0.0737,0.0324,0.2656,-0.0108,-0.0218,-0.0534,-0.0142,0.0503,0.0931,0.0625,-0.0001,-0.1003,-0.1018,0.0806,-0.0226,0.0336,-0.0141,-0.0189,0.0848,-0.01,0.0308,0.0233,0.0063,-0.0161,-0.0044,0.0159,1.5795,0.0155,-0.0222,0.0475,-0.0173,-0.0087,-0.0052,0.5442,0.007,-0.0074,-0.0149,-0.0088,0.986,-0.0194,0.1001,-0.0086,0.02,0.0206,-0.0082,0.0193,0.0092,0.001,0.1198,-0.0002,0.0179,0.0303,0.0347,-0.2381,0.0286,0.0426,0.0199,0.0204,0.0221,-0.1105,-0.0323,-0.0078,-0.1876,0.009,0.0784,-0.0083,0.0227,0.0185,0.978,-0.0253,-0.0192,-0.0096,0.0191,0.0063,-1.0867,0.0107,0.0051,0.0053,0.0254,-0.0047,-0.0031,-0.0063,0.0232,-0.0242,-0.0102,0.0265,0.0087,-0.0191,-0.0035,-0.0032,,,,,,,
287,5347,108,3,standing,-0.0035,-0.6519,0.0117,-0.0008,0.0082,-0.0212,0.0326,0.4842,-0.0154,-0.0173,-0.2278,-0.0223,-0.0867,0.0928,0.0516,-0.0764,-0.0639,0.0429,0.0503,0.0809,0.0152,0.0032,-0.0205,0.0087,0.0097,-0.001,0.0271,0.01,-0.0093,0.0256,-0.0063,0.0305,0.014,0.0045,-0.0149,0.0041,-0.0001,1.5074,-0.006,0.0092,-0.1103,-0.1015,-0.0089,-0.0069,0.5761,-0.0088,-0.0062,-0.0168,-0.0085,0.7977,0.0066,0.1005,-0.008,-0.0245,0.0075,-0.0191,0.0238,-0.0002,0.0571,0.0336,-0.0083,0.0202,0.0203,0.0594,-0.2208,-0.0285,0.1127,-0.0181,0.0072,0.1306,-0.1192,-0.0795,-0.0053,-0.2506,0.0084,0.0976,-0.0086,0.0198,0.0199,0.4408,-0.0242,-0.0226,-0.009,0.0236,0.0196,-0.4654,-0.0059,0.0111,0.0094,0.0235,-0.0121,-0.0051,0.0014,0.0243,-0.0158,-0.0121,0.0208,0.0204,-0.0207,-0.0038,0.0,,,,,,,
288,5348,108,3,standing,-0.0053,2.0183,-0.0439,0.0523,-0.023,0.0326,0.027,1.5856,-0.0871,-0.0712,-0.6698,-0.1452,0.1955,0.1757,0.152,-0.0625,0.2429,0.0973,0.2832,-0.2231,0.2782,0.1104,-0.3363,0.4849,0.3496,-0.0504,-0.0008,-0.0806,-0.1011,0.3586,-0.0561,-0.1009,-0.1302,0.0305,-0.0286,0.0159,-0.0204,-0.6567,-0.0247,0.0189,0.4474,0.2304,-0.0062,-0.0002,0.545,-0.006,0.001,-0.0088,0.0001,0.6497,-0.0169,-0.3005,0.01,0.0081,-0.0176,-0.008,0.0242,-0.0175,-0.0593,-0.1198,0.2203,-0.0072,0.1024,-0.7084,-0.3641,-0.1503,0.2167,-0.0222,0.0077,-0.3015,-0.3756,-0.2505,-0.0017,-0.2251,0.0091,0.089,-0.0092,0.0195,0.0093,1.4502,-0.022,-0.0356,0.0085,0.0594,0.0195,0.4684,0.0199,0.0158,-0.0,0.02,-0.0052,0.0123,-0.0136,0.0207,-0.0235,-0.0186,0.0194,0.0232,-0.0236,-0.0221,0.0,,,,,,,
289,5349,108,3,standing,-0.0047,1.518,-0.0116,0.0317,-0.0162,-0.0002,-0.0243,-1.1298,0.0746,-0.0574,0.5949,0.0636,-0.0464,0.2376,-0.0219,0.0054,0.0094,0.0195,0.0205,0.0156,0.0006,-0.0001,0.0037,-0.0129,0.0169,-0.0045,0.0286,-0.0035,-0.0172,0.0187,0.0058,0.0303,0.0085,0.0057,-0.0144,0.0051,0.0893,2.0986,-0.0092,-0.001,0.0509,0.0189,-0.0171,-0.007,0.5375,0.0052,-0.0063,-0.006,-0.01,0.8855,0.0061,0.0809,-0.0096,0.019,-0.0221,0.0078,0.0206,0.0179,0.0566,0.0173,-0.0068,0.0167,0.0223,0.0181,-0.1783,-0.0191,0.0597,0.0084,0.0222,0.0292,-0.1002,-0.027,-0.008,-0.2502,0.0077,0.0947,-0.0086,0.0182,0.0199,0.4404,-0.0207,-0.0204,0.0062,0.0246,0.0117,-0.3015,0.0106,0.0082,0.0081,0.0226,-0.0041,0.0013,-0.0041,0.0109,-0.0229,-0.0208,0.0248,0.0233,-0.0184,-0.0041,-0.0037,,,,,,,
290,5350,108,3,standing,-0.0111,1.6209,0.0049,0.0309,-0.0218,0.0324,-0.0143,-1.1638,0.0695,-0.0546,0.4864,0.0431,-0.229,0.4036,-0.0872,0.0004,-0.0782,0.0947,0.2396,-0.2639,0.2555,0.2863,-0.2958,0.4486,0.2789,0.1129,0.3053,0.1304,-0.0807,0.3216,0.0037,0.0507,0.001,0.0226,-0.0097,0.01,-0.0001,2.7959,-0.0042,0.0231,-0.0302,0.0308,-0.0162,-0.0052,0.5766,-0.0056,-0.0092,-0.0087,-0.0098,0.938,0.0085,-0.2303,-0.0161,-0.0084,0.0206,-0.0167,0.0175,-0.0002,0.0568,-0.1002,-0.047,0.0191,0.0347,0.1109,-0.2605,0.0169,0.0177,-0.0078,0.0222,0.0,-0.119,-0.0221,-0.0088,-0.2171,0.0094,0.0976,-0.0117,0.0183,0.0181,0.6163,-0.0243,-0.0252,-0.0031,0.0292,0.0054,-0.9952,0.0112,-0.0032,0.0143,0.022,0.0047,-0.0062,-0.0106,0.0201,-0.0207,-0.0051,0.0248,0.0082,-0.0233,-0.0092,-0.0046,,,,,,,
291,5351,108,3,standing,-0.0067,-0.5307,0.0118,0.0216,0.0003,-0.031,0.0089,0.4986,-0.009,-0.0143,-0.2459,-0.0513,-0.0772,0.2981,0.0109,0.0052,-0.0203,-0.0428,0.0228,0.0235,-0.0063,0.0002,-0.0154,-0.063,0.0169,-0.0221,0.0237,0.0195,-0.0136,0.0236,-0.0147,0.0344,0.0082,0.0038,-0.0151,-0.0065,-0.0045,1.4053,0.0093,0.0202,0.0885,0.01,-0.0066,0.0046,0.5558,-0.006,-0.0074,-0.0001,-0.015,0.8799,-0.0083,-0.0804,-0.02,0.018,0.0192,-0.0084,0.0161,-0.0088,0.1105,0.1015,0.0202,0.0245,0.0178,0.0509,-0.1192,-0.0455,0.1126,0.0194,0.0202,0.1009,-0.1473,-0.0223,-0.0096,-0.2171,0.0098,0.0779,-0.0097,0.0191,0.0158,0.4979,-0.0247,-0.0186,-0.0035,0.0206,-0.0107,0.9141,-0.0033,0.0243,0.0153,0.0253,-0.0054,-0.0058,-0.0117,0.0208,-0.0192,-0.0154,0.0222,0.0233,-0.0244,-0.0063,-0.0,,,,,,,
292,5352,108,3,standing,-0.0046,-0.6681,0.0112,0.0009,-0.0214,-0.0417,0.0325,0.5765,-0.0561,-0.0173,-0.2356,-0.063,0.1558,0.2844,-0.0867,0.0933,0.1019,0.2296,0.2035,0.2631,0.2432,0.0742,0.2762,0.1196,-0.2979,-0.0806,-0.0002,-0.3885,-0.3975,-0.0504,-0.01,0.1009,-0.0276,0.0203,-0.0208,-0.0208,0.0238,1.4743,-0.0221,0.0186,-0.1509,0.0063,-0.0174,-0.0068,0.546,-0.0087,-0.007,0.0084,-0.0188,0.649,0.0093,0.0337,-0.0245,0.0059,-0.0089,0.0256,0.0171,-0.0183,0.1126,0.058,-0.02,0.0226,0.0572,-0.1106,-0.2257,-0.1001,0.1306,-0.0182,0.0231,0.2164,-0.1494,-0.0394,-0.0077,-0.2398,0.0078,0.0897,-0.0108,0.0192,0.0087,1.0199,-0.0199,-0.0286,0.0059,0.0363,0.0164,0.9568,0.0205,0.0089,-0.0044,0.0252,-0.0091,-0.0046,0.0052,0.0235,-0.0253,-0.0053,0.0237,0.0265,-0.0187,-0.0093,-0.0,,,,,,,
293,5353,108,3,standing,0.0563,-0.7407,0.0107,-0.0054,-0.0224,-0.0415,0.0004,0.6043,-0.0327,-0.0506,-0.2531,-0.0853,0.1865,0.3586,-0.1949,0.1632,-0.0937,0.2357,0.3067,0.3359,0.2291,0.4064,0.367,0.2989,0.4577,0.0694,0.2899,-0.1014,0.3856,0.4482,-0.1121,0.3461,0.1509,0.3978,0.3018,-0.2251,0.4846,1.8862,0.2507,0.2207,0.6675,-0.4792,-0.01,0.0181,0.5852,0.001,-0.0079,0.0001,-0.1105,0.975,0.119,-0.8769,-0.1005,0.089,0.1307,0.0596,-0.0441,-0.0803,0.688,-1.9872,-0.4001,0.1001,0.3209,4.9527,2.844,-0.7617,0.9326,-0.2163,0.3451,1.7312,0.8568,0.7475,-0.0002,-0.2303,0.0021,0.0854,-0.0063,0.0091,0.0183,0.6554,-0.0222,-0.0229,0.0042,0.0363,0.0042,-0.4997,0.0241,0.0155,0.0024,0.0154,0.0202,0.0223,-0.0063,0.0203,-0.02,0.0201,0.0239,0.0081,-0.0182,-0.0161,-0.0228,-0.0235,,,,,,
294,5354,108,3,standing,-0.0053,-0.6095,0.0115,-0.0323,0.0054,-0.043,0.0087,0.3945,-0.0223,-0.0149,-0.1865,-0.0556,-0.1374,0.0947,-0.0622,-0.0843,-0.0799,-0.0005,-0.0215,-0.2075,0.2873,0.2782,-0.1308,0.3368,0.2979,0.1017,-0.0507,0.1003,0.1109,0.3217,-0.0245,0.1198,-0.0176,-0.0221,-0.0207,-0.0064,0.1127,1.4862,-0.0249,0.0455,-0.1509,0.2206,-0.0205,0.0091,0.5793,0.0072,0.0051,-0.0189,-0.0268,0.6692,0.0159,0.2305,-0.0239,0.0277,0.001,0.01,0.008,0.02,0.0267,0.2606,0.2505,0.0806,-0.2254,0.9067,0.847,-0.3641,0.2243,-0.0256,0.0001,0.3751,-0.7794,0.4014,-0.0047,-0.2171,0.0052,0.0781,-0.0188,0.0198,0.0186,0.4406,-0.0208,-0.0197,-0.0096,0.0291,0.0229,-1.0093,-0.0042,0.0238,0.0186,0.0189,-0.0206,-0.0226,-0.0157,0.0237,-0.0156,-0.0248,0.0242,0.0203,-0.0179,-0.0265,0.0036,,,,,,,
295,5355,108,3,standing,0.0562,-0.7715,-0.0928,-0.069,0.0113,-0.0854,0.0056,0.4911,-0.0417,-0.0712,-0.2346,-0.1643,1.307,0.2631,0.3538,-0.2052,-0.4586,-0.2987,0.4082,-0.2521,0.5864,-0.4468,0.6693,0.5584,-0.4791,0.336,-0.1309,-0.3497,-0.3902,-0.3675,0.035,-0.1502,0.1005,-0.1105,0.0505,0.0009,-0.0804,2.6563,-0.1194,-0.0671,0.0203,-0.2303,-0.0204,-0.0205,0.488,-0.0061,-0.0081,0.0001,0.02,0.6974,-0.0221,-0.8899,-0.0467,0.0576,-0.1014,-0.027,0.0454,0.0288,0.2607,0.8567,-0.3403,-0.1122,0.2259,0.9615,0.8973,-0.9878,-0.0455,-0.0971,0.0278,-0.2207,-0.2808,-0.2246,-0.0015,-0.3012,0.0083,0.1179,-0.0095,0.0192,0.0179,0.4403,-0.0194,-0.0056,-0.0054,0.0206,0.0042,-0.3454,0.0046,-0.0117,0.0039,0.0201,0.0002,0.0044,-0.01,0.0222,-0.0143,-0.0147,0.0242,0.0253,-0.0241,-0.0181,,,,,,,,
296,5356,108,3,standing,-0.0052,-0.5942,0.0102,0.0345,0.0008,-0.0201,0.0424,0.609,-0.0555,-0.0002,-0.2891,-0.0712,0.0846,0.3568,-0.0143,0.0118,-0.0937,-0.064,0.2295,-0.2077,0.3386,-0.0505,-0.2332,0.2572,-0.0001,0.0051,0.0469,-0.0809,-0.1126,-0.101,0.0222,0.0189,-0.0147,0.0058,-0.0223,0.0061,-0.01,1.6538,-0.001,-0.0375,-0.0184,0.0093,-0.0063,-0.005,0.4983,-0.0056,-0.0054,-0.0179,-0.0085,0.8873,-0.0097,-0.1006,-0.0166,-0.0247,-0.0194,0.0074,0.0208,0.0196,-0.1306,-0.1197,0.088,0.0181,-0.0176,0.2309,-0.1981,-0.1109,0.1506,-0.0113,-0.0278,0.0699,-0.1959,-0.02,-0.0087,-0.2204,0.0078,0.0898,-0.0088,0.0182,0.0192,0.5018,-0.0196,-0.0236,0.0044,0.0246,0.0121,-0.4294,0.0106,0.0147,0.0207,0.0237,-0.0119,-0.0043,-0.0109,0.0066,-0.0221,-0.0103,0.0185,0.0159,-0.0187,-0.0194,,,,,,,,
297,5357,108,3,standing,-0.0019,1.539,-0.0109,0.0228,-0.025,-0.0006,0.033,0.5907,-0.042,-0.0211,-0.2856,-0.0546,0.0622,1.4942,-0.0002,0.0035,-0.0199,0.0155,0.0203,0.0158,-0.001,0.0044,-0.0125,-0.0131,0.0072,-0.0039,0.0283,0.0043,-0.0161,0.0232,-0.0052,0.0298,0.0094,0.0038,-0.0136,0.0065,0.02,2.0873,0.0174,-0.0045,0.0507,0.0097,-0.0147,-0.0051,0.5792,-0.0048,-0.0068,-0.0082,-0.0153,0.9375,-0.0189,-0.1009,-0.0164,0.0237,-0.0205,0.0078,0.0177,-0.0166,-0.009,-0.0063,-0.0206,0.0191,0.0467,0.0332,-0.2307,-0.0806,0.1015,0.0223,0.0294,0.1309,-0.1576,-0.0383,-0.0106,-0.2202,0.0087,0.0885,-0.008,0.0198,0.0079,1.5138,-0.0227,-0.0292,0.0083,0.0584,0.0196,-1.0586,-0.0039,0.0195,0.0222,0.0177,-0.0112,0.0013,-0.0047,0.0192,-0.0187,-0.0186,0.0184,0.0248,-0.009,-0.0191,0.0,,,,,,,
298,5358,108,3,standing,0.055,-0.6737,-0.0049,-0.0111,0.0325,-0.0717,0.0438,0.9084,-0.0505,-0.0215,-0.4319,-0.0632,1.1462,0.3357,0.3074,-0.2946,0.1851,0.3558,-0.2894,-0.2472,-0.3954,0.4096,-0.2693,0.0956,0.3481,0.4476,-0.4587,-0.7959,0.4882,-0.6871,-0.2207,0.3685,-0.607,-0.4799,-0.428,-0.6988,0.119,2.7592,-0.1121,-0.1309,0.5589,0.2165,-0.0003,0.0001,0.4997,0.0002,-0.0064,0.0153,-0.01,0.9766,0.001,-0.9865,-0.0563,0.009,0.0027,-0.0084,-0.0208,-0.0417,0.0804,0.1018,-0.2603,-0.1002,0.1102,0.7891,-0.3641,-0.2259,0.0641,0.0231,-0.0036,0.3994,-0.3704,0.3002,0.0073,-0.2306,0.0083,0.0895,-0.0077,0.0186,0.0043,0.4751,-0.02,-0.0236,0.0031,0.041,0.0103,-0.4689,0.0117,0.0031,-0.0245,0.0204,-0.0106,-0.0043,-0.0035,0.0149,-0.0081,-0.0247,0.0084,0.0158,-0.0207,-0.0157,0.0,,,,,,,
299,5359,108,3,standing,-0.0019,-0.6908,0.0107,-0.021,-0.0327,-0.0568,0.0417,0.4548,-0.0509,-0.0635,-0.2202,-0.0928,1.1557,0.1424,0.1642,0.1836,-0.2372,-0.2061,-0.2659,-0.3346,0.4025,-0.3747,-0.2984,-0.586,0.1192,-0.0804,0.1127,0.1505,-0.3099,0.5034,0.1002,0.1305,-0.0009,-0.02,0.0063,0.001,-0.1108,2.6564,0.0155,0.1015,0.0755,-0.0182,-0.0166,-0.0001,0.567,0.0002,-0.0051,-0.0093,-0.0095,0.8675,0.0248,0.8877,-0.0206,0.0201,-0.01,-0.0091,0.0221,0.0187,0.0277,-0.0405,-0.3011,0.1024,0.3006,0.8973,-0.988,-0.2608,-0.1001,0.0202,0.0785,0.0484,-0.2806,0.0979,-0.0052,-0.2161,0.0096,0.0776,-0.0192,0.0197,0.0183,0.5131,-0.0247,-0.0234,0.0052,0.0252,0.0049,-0.3451,0.0207,0.0055,0.0194,0.0203,-0.0047,-0.0223,-0.0052,0.0222,-0.0238,-0.0226,0.0243,0.0089,-0.0229,-0.0141,0.0052,,,,,,,
300,5360,108,3,standing,0.0105,-0.5946,0.0049,-0.0007,-0.0084,-0.0204,0.0217,0.4436,-0.0219,-0.0104,-0.2209,-0.0343,-0.0699,0.3042,0.0315,0.01,0.0853,0.0791,0.0508,0.0347,0.0929,-0.1011,-0.0332,-0.0168,0.0002,0.0205,0.0349,0.0221,-0.0237,0.0355,0.001,0.0307,0.0223,0.0038,-0.0158,0.0063,-0.0001,1.4064,-0.0806,-0.0151,0.1306,-0.0174,-0.0147,-0.0066,0.5793,-0.0154,-0.0073,-0.0188,0.0256,0.9573,-0.0156,-0.7579,-0.0061,-0.0082,0.0181,0.0069,0.007,-0.0077,0.1199,-0.2162,0.1009,0.0305,0.0078,-0.1509,-0.3013,0.0455,0.1127,-0.0183,-0.0259,0.1108,-0.1594,-0.0709,-0.0076,-0.2017,0.0096,0.0887,-0.0106,0.0195,0.0092,1.4757,-0.019,-0.0292,0.0086,0.0598,0.0046,0.8964,0.0107,0.0056,-0.0197,0.0252,-0.0121,0.0027,-0.0112,0.0228,-0.0243,-0.0239,0.0156,0.0136,-0.0233,-0.0242,0.0049,,,,,,,
301,5361,108,3,standing,0.0035,-0.6209,0.0108,0.022,0.0008,-0.0195,0.0325,0.4547,-0.0231,-0.0347,-0.2292,-0.0514,0.1586,-0.3077,-0.0436,0.065,-0.0773,0.1852,-0.0942,0.2894,0.2681,0.2348,-0.2757,0.2472,0.1018,-0.0502,0.1194,-0.3493,-0.3356,0.388,0.02,0.1102,0.0165,0.0164,-0.0001,-0.0002,0.0807,1.7598,0.0066,0.1009,0.5567,0.1122,-0.0188,0.0091,0.589,0.0059,-0.007,-0.0168,0.0085,0.8769,-0.0151,0.6084,0.0221,-0.0236,-0.0189,-0.01,0.0083,-0.0203,-0.2503,0.7974,-0.2166,0.0178,0.2246,0.7675,-0.1302,-0.4013,-0.2203,0.1007,-0.1506,0.0756,-0.3005,-0.0897,-0.0099,-0.2017,0.0082,0.0795,-0.0092,0.0182,0.0106,0.4508,-0.0228,-0.0204,-0.0035,0.0292,0.0222,0.4296,-0.0096,0.0117,-0.0044,0.0242,0.0033,0.0101,0.0103,0.0085,-0.0158,-0.0082,0.0077,0.0265,-0.0226,-0.0091,0.0053,,,,,,,
302,5362,108,3,standing,0.0035,-0.6093,0.0107,0.0046,0.0057,-0.031,0.0423,0.4917,-0.0225,-0.0519,-0.2298,-0.0616,0.2072,0.0885,0.093,0.0008,-0.1865,0.2474,0.2953,-0.2863,0.2621,-0.3467,-0.2768,-0.3351,-0.0806,-0.02,-0.101,0.3743,0.1002,-0.1308,0.01,0.1102,-0.0002,0.0503,0.0,0.001,0.0001,1.3964,0.0245,0.0561,0.0744,0.1126,-0.0073,0.0087,0.5475,0.0076,0.0088,0.0056,0.0189,0.8699,-0.0158,0.3002,-0.007,0.0206,-0.0221,0.0095,0.0181,-0.0077,-0.0578,-0.2258,-0.1509,0.0062,0.0966,-0.698,2.9065,0.3995,0.3018,0.027,0.1192,0.3643,-0.4293,-0.3208,-0.0082,-0.2171,0.0084,0.0894,-0.0109,0.0183,0.0054,1.4502,-0.0196,-0.0339,0.0082,0.0597,0.0253,0.3457,-0.0051,0.0226,-0.0093,0.0056,0.0092,-0.0108,0.0114,0.0228,-0.0207,-0.0242,0.0256,0.0223,-0.0097,-0.0204,0.0039,0.0159,,,,,,
303,5363,108,3,standing,-0.0109,-0.6716,0.0068,0.0321,0.0008,-0.0217,0.041,0.4986,-0.0509,-0.0574,-0.2979,-0.0615,0.0845,0.2056,0.0773,-0.1018,-0.2285,0.0809,-0.2557,0.2653,-0.2463,-0.3964,-0.3552,-0.4431,0.2869,-0.1196,-0.1003,0.3092,0.3347,0.348,-0.0001,0.0359,-0.0094,-0.001,-0.0203,-0.0065,0.0254,1.589,-0.01,0.0202,0.0305,-0.0002,-0.0161,-0.0181,0.5578,0.0,-0.017,0.016,-0.0207,0.9766,0.0184,-0.2253,0.0223,-0.0054,-0.0093,0.0159,0.0071,-0.0205,0.1304,0.2207,0.0221,0.0204,0.0253,-0.0191,-0.2165,-0.0286,0.0199,0.0077,0.0195,0.0182,-0.1505,-0.0475,-0.0076,-0.1898,0.0062,0.0796,-0.0107,0.0247,0.0187,0.5505,-0.0208,-0.0189,-0.0052,0.0226,0.0064,0.8838,0.0107,0.0204,-0.0201,0.0233,-0.0059,-0.0046,-0.0043,0.0157,-0.0243,-0.0156,0.0259,0.0258,-0.0236,-0.0136,-0.0,,,,,,,
304,5364,108,3,standing,-0.0015,-0.7385,0.0118,-0.0063,0.0076,-0.0092,0.0237,0.4774,-0.0317,-0.0186,-0.2203,-0.0514,0.0857,0.2391,-0.0428,0.0005,-0.026,0.0059,0.0632,0.0944,-0.0746,0.0029,0.0507,-0.0136,0.0002,0.0134,0.0292,0.0154,-0.0182,0.0098,-0.0042,0.0295,0.0149,0.0151,-0.0233,0.0045,-0.0207,1.6971,-0.0041,0.0208,0.0,-0.0194,-0.017,-0.008,0.5862,0.0087,-0.009,0.0081,-0.0155,0.9236,0.0153,-0.1191,0.001,0.0221,0.0302,0.0172,0.0193,-0.0189,-0.1124,-0.101,-0.0166,0.0085,0.0222,0.0332,-0.2258,-0.0202,0.0389,-0.0001,0.02,0.0807,-0.1109,-0.0209,-0.0077,-0.2305,0.0078,0.0897,-0.0095,0.0196,0.0184,0.8863,-0.0183,-0.0229,-0.0099,0.0251,0.0104,0.4991,0.0052,0.0043,-0.0117,0.0243,-0.0116,-0.0112,-0.0025,0.0204,-0.0159,-0.0046,0.0247,0.0093,-0.0173,-0.0228,0.0023,,,,,,,
305,5365,108,3,standing,0.0145,-0.6344,0.0077,-0.0637,0.0008,-0.1162,0.043,0.4056,-0.0581,-0.0225,-0.2619,-0.0857,1.1758,-0.1552,-0.0786,0.035,-0.0955,-0.1197,0.2442,0.2053,0.3582,0.2368,0.2973,0.2788,-0.1509,-0.0809,0.3343,-0.3674,-0.1104,-0.3876,-0.0002,0.1126,0.0503,-0.0205,-0.01,-0.027,0.0262,2.3979,-0.001,0.1002,0.2169,-0.2202,-0.016,-0.0069,0.5466,-0.0001,0.0089,-0.007,-0.0187,0.7584,-0.0159,-0.8067,0.0178,-0.0226,-0.0193,0.0223,0.02,-0.0083,-0.1018,-0.3018,-0.1307,0.0268,0.0596,-0.6564,-0.3457,0.2246,-0.1027,-0.0267,0.1111,-0.1001,-0.2608,-0.2305,-0.0051,-0.2505,0.0098,0.0962,-0.0091,0.0195,0.0099,1.4508,-0.0197,-0.0369,0.0051,0.0353,0.0106,-0.4392,0.0192,-0.0194,-0.0206,0.0207,-0.0243,-0.0107,-0.0222,0.0168,-0.0235,-0.0158,0.0187,0.0229,-0.0092,-0.0228,,,,,,,,
306,5366,108,3,standing,0.0016,-0.6684,0.0108,0.0005,0.0035,-0.0083,0.0103,0.442,-0.0219,-0.0105,-0.2271,-0.0221,0.0632,0.1557,-0.0417,-0.0123,-0.0737,0.0156,0.0962,-0.0509,0.0248,-0.0226,0.0155,0.0239,0.0189,-0.0041,0.0268,0.0046,-0.02,0.0265,-0.0065,0.0309,0.0093,0.0038,-0.0168,-0.0039,0.0205,2.4791,0.0158,0.0063,-0.0308,0.0293,-0.0164,0.0072,0.548,0.0052,0.0078,0.0051,-0.0088,0.9969,0.0153,-0.1108,-0.0192,0.0159,0.0077,0.016,-0.0175,-0.0278,0.0807,0.0335,0.0167,0.0081,0.0095,0.047,-0.1797,0.0207,0.0001,0.0185,0.0204,0.0582,-0.1308,-0.0222,-0.0073,-0.2208,0.0094,0.0886,-0.0096,0.0187,0.0179,0.989,-0.0201,-0.0227,-0.0031,0.0206,0.0059,-0.4299,0.0113,0.0063,-0.0063,0.0154,-0.0017,-0.0046,0.0015,0.0156,-0.0143,-0.0237,0.0235,0.0192,-0.0244,-0.0182,-0.0031,,,,,,,
307,5367,108,3,standing,0.0005,-0.7308,0.0035,-0.0157,-0.0141,-0.025,0.0417,0.8571,-0.0559,-0.0094,-0.398,-0.0655,-0.0742,0.3074,0.01,-0.0245,-0.0226,0.0198,0.0328,0.0843,0.001,-0.0958,-0.0278,0.0001,0.0237,-0.0237,0.0355,0.0507,-0.0206,0.0291,-0.0032,0.0285,0.0133,0.0045,-0.0154,0.0065,-0.0002,1.4962,-0.0077,0.0222,0.0084,-0.0091,-0.0144,-0.0061,0.5334,-0.0066,0.0064,0.0063,0.0086,0.7982,-0.0092,0.0309,-0.0193,-0.0183,-0.0189,0.0056,0.0169,-0.0097,-0.0085,-0.0405,-0.0807,0.02,0.0795,-0.1105,-0.1124,0.1507,0.0394,0.019,0.0076,0.1012,-0.1198,0.0572,-0.0081,-0.2205,0.0063,0.0987,-0.0063,0.0178,0.0191,0.6604,-0.0229,-0.0268,0.0062,0.0373,0.0242,0.8834,0.0096,0.0094,0.0089,0.0199,-0.0101,0.0014,0.0038,0.0087,-0.0227,-0.0085,0.0096,0.0207,-0.0182,-0.0203,-0.0035,,,,,,,
308,5368,108,3,standing,-0.0012,1.5907,-0.0123,0.0237,-0.0183,0.0155,-0.031,-1.0514,0.0694,-0.0552,0.4843,0.0469,0.0854,0.1672,0.0006,0.0216,-0.0002,0.0192,0.0229,-0.0081,0.0056,-0.0027,-0.0053,-0.0141,0.0142,-0.0062,0.034,-0.0036,-0.0242,0.009,0.0038,0.037,0.0086,0.0034,-0.016,-0.0046,0.0937,2.4489,-0.01,0.0203,-0.0503,0.0151,-0.0158,-0.0057,0.5753,0.001,-0.0047,-0.0175,0.0093,0.8564,0.0195,-0.1126,0.0247,0.0201,-0.0191,-0.0061,0.0259,0.0177,0.0073,0.1302,-0.1015,0.0178,0.0394,0.0384,-0.2502,0.1004,0.0579,0.0001,0.0202,0.0088,-0.1503,-0.0499,-0.0087,-0.3002,0.0098,0.1276,-0.0102,0.0227,0.0096,1.5134,-0.0184,-0.0348,0.0081,0.0357,0.0094,-0.4392,0.0081,0.0197,0.0158,0.0236,-0.0063,-0.0111,0.0053,0.0233,-0.0222,-0.0206,0.0094,0.0207,-0.0192,-0.0205,-0.0044,,,,,,,
309,5369,108,3,standing,-0.0112,1.518,-0.0083,0.032,-0.0427,0.0004,-0.0561,-1.1546,0.0858,-0.0787,0.5723,0.0645,-0.1651,0.2448,0.0503,0.0953,0.0218,0.1008,0.1936,0.2638,0.2559,-0.1304,-0.1106,0.3389,0.2952,-0.0002,0.3056,-0.2862,-0.3437,0.321,-0.02,0.1011,0.0409,0.001,0.0001,-0.0139,-0.0077,2.6543,-0.0205,0.0807,-0.0176,-0.0791,-0.017,-0.006,0.5582,-0.0069,-0.0073,0.0066,-0.0232,0.9981,-0.0068,-0.6493,-0.0098,-0.01,-0.038,0.0,0.0184,0.0178,0.0586,0.7592,-0.1509,0.027,0.1194,-0.6797,-0.7419,-0.3005,-0.2207,0.0258,-0.0771,-0.2604,-0.8896,-0.1126,-0.0095,-0.3207,0.0094,0.1279,-0.009,0.0222,0.0052,1.4673,-0.0243,-0.0343,0.0052,0.0552,0.0053,-0.3644,0.0101,0.0265,0.0056,0.0238,-0.0121,0.0113,0.0102,0.0182,-0.0276,-0.0082,0.009,0.0158,-0.0262,-0.0143,-0.0101,,,,,,,
310,5370,108,3,standing,0.0103,-0.5941,0.0048,-0.0005,0.0002,-0.0412,0.021,0.432,-0.0204,-0.0073,-0.1905,-0.0616,-0.0933,1.3468,-0.0855,0.0798,-0.101,0.0202,0.0505,0.0488,0.0226,0.0152,0.1005,-0.1108,0.0238,0.0064,0.0355,0.0001,-0.02,0.009,-0.01,0.0308,0.0094,0.0069,-0.0093,0.0047,0.1191,2.455,-0.001,-0.0089,-0.0083,0.0806,-0.0156,-0.0172,0.4962,-0.0054,-0.0051,-0.0181,0.0201,0.7585,-0.0095,0.1305,-0.008,0.0187,0.0268,0.0057,-0.0161,-0.0066,-0.0275,-0.0078,0.0245,0.0186,0.0179,0.0305,-0.2208,-0.0311,-0.0349,-0.0182,0.0256,0.0188,-0.1127,-0.0247,-0.0097,-0.2308,0.0077,0.0942,-0.0051,0.0196,0.0191,0.4459,-0.0207,-0.0223,0.0044,0.0244,0.0192,-0.4961,0.0064,0.0199,-0.0157,0.0179,0.0016,-0.0116,-0.0103,0.0237,-0.0195,-0.0082,0.0192,0.0188,-0.0253,-0.0087,0.0053,,,,,,,
311,5371,108,3,standing,-0.0049,0.7406,0.0115,-0.0072,-0.0223,-0.0009,0.0375,0.5579,-0.0228,-0.0087,-0.2452,-0.0548,0.0616,1.4417,-0.0095,0.0218,-0.0001,0.0074,0.0422,0.0196,0.0045,0.0057,0.0056,-0.0222,0.0242,0.0054,0.0308,0.0134,-0.0159,0.0237,0.0037,0.034,0.0085,0.0065,-0.0135,0.006,-0.0843,2.0953,-0.0086,0.0184,-0.101,0.0793,-0.01,0.001,0.5883,0.0047,0.0063,-0.0073,0.0098,0.8964,-0.0203,0.1003,0.0097,0.0062,-0.0168,0.0208,0.02,-0.0178,-0.1001,-0.0169,-0.0161,0.0226,0.0245,-0.0305,-0.2163,-0.0221,0.0339,0.0231,0.0258,0.0309,-0.1305,-0.0503,-0.0191,-0.2302,0.0076,0.098,-0.0081,0.0192,0.0092,0.8212,-0.0204,-0.0244,0.0088,0.0499,-0.0066,-0.9415,0.0038,-0.0107,0.0066,0.0243,-0.0114,-0.0051,0.0027,0.0111,-0.0248,-0.0054,0.0201,0.0206,-0.0265,-0.0154,-0.0011,,,,,,,
312,5372,108,3,standing,0.0047,-0.6497,0.0116,0.0225,0.0048,-0.0556,0.0319,0.9458,-0.0772,-0.0469,-0.4543,-0.0981,-0.1536,0.2698,0.0623,0.0879,0.1742,0.1851,0.2984,-0.2075,-0.3482,0.2454,-0.3353,-0.2768,-0.3963,0.2844,0.3835,-0.6057,-0.3783,0.5066,0.0007,0.0809,0.1122,-0.0506,0.0001,-0.101,-0.0248,2.8877,0.0092,0.1005,0.1191,-0.0159,-0.0193,-0.0091,0.5567,-0.0061,0.0062,0.0073,-0.0065,0.9599,0.0222,1.5889,-0.0202,-0.019,0.0205,0.0204,-0.0087,0.001,0.1306,-0.7894,-0.2509,0.02,0.1505,0.7096,-0.3002,0.2608,0.3451,0.1105,0.01,0.2808,-0.3704,-0.2257,-0.0085,-0.2205,0.0054,0.088,-0.0056,0.0199,0.0207,0.8629,-0.0253,-0.0201,-0.0043,0.0153,0.0146,-0.5756,-0.0053,-0.0131,0.0054,0.0223,0.0002,0.0111,-0.0228,0.0087,-0.0226,-0.0161,0.0221,0.0206,-0.0229,-0.0032,0.0049,,,,,,,
313,5373,108,3,standing,-0.0017,-0.7953,0.0118,0.0007,0.0057,-0.0134,0.0271,0.5594,-0.0189,-0.0174,-0.266,-0.0421,0.0581,-0.3348,-0.0123,-0.0225,-0.035,-0.0253,0.0083,0.0908,0.0722,0.0205,0.0645,-0.0285,0.0002,0.0037,0.0278,0.0141,-0.0152,0.0233,-0.0056,0.0292,0.009,0.0064,-0.0139,0.0044,0.0001,1.3846,0.0154,-0.0206,-0.0086,0.0149,-0.0188,0.0062,0.5885,0.0051,-0.0059,-0.0087,-0.0202,0.7872,-0.0091,0.0509,0.0077,0.0084,-0.0167,0.0198,0.0247,0.0073,-0.0468,-0.0405,0.0203,0.0196,0.0163,0.0193,-0.2099,-0.0262,0.0569,0.0192,0.018,0.0265,-0.0806,-0.0303,-0.0075,-0.2304,0.0076,0.0974,-0.0082,0.0195,0.0204,0.5307,-0.0208,-0.0207,-0.0013,0.0197,0.0043,-1.0561,0.0117,-0.0066,0.0082,0.0235,-0.0053,-0.0064,-0.0031,0.0243,-0.0226,-0.0133,0.0085,0.0227,-0.0252,-0.0153,0.0015,,,,,,,
314,5374,108,3,standing,-0.0016,-0.7905,0.0113,-0.0146,0.0006,-0.0214,0.0437,0.5741,-0.0324,-0.0163,-0.2898,-0.076,0.0619,0.2981,-0.0506,-0.01,-0.0942,0.0845,0.1127,0.1003,0.0806,0.101,-0.1303,-0.2656,-0.2531,0.0002,0.02,-0.1103,-0.2205,-0.3039,-0.0221,0.0292,0.0308,0.0206,-0.0158,-0.0201,0.1503,1.5969,-0.0049,0.0203,-0.1197,0.0151,-0.0188,0.0047,0.5468,0.0087,0.0089,-0.0048,0.0073,0.7675,-0.0064,-0.2246,-0.0092,0.0195,-0.0226,-0.0174,0.0291,-0.0196,0.0591,0.2304,-0.0245,0.0242,0.0434,0.0784,-0.1886,0.0185,-0.0099,0.0223,0.0247,0.0077,-0.1497,-0.0183,-0.0045,-0.2171,0.0054,0.0893,-0.0091,0.0182,0.0194,0.4756,-0.0205,-0.019,-0.0035,0.0193,-0.001,0.4992,-0.0059,0.0164,0.0046,0.0248,-0.0056,-0.0116,0.0059,0.0235,-0.0204,-0.0085,0.0191,0.0208,-0.0227,-0.0187,0.0,,,,,,,
315,5375,108,3,standing,0.0035,-0.6757,0.0118,-0.0345,0.0009,-0.0415,0.0195,0.3908,-0.026,-0.0233,-0.1766,-0.0546,0.0722,0.2786,-0.0626,-0.0929,-0.2551,-0.3463,0.2854,-0.3077,-0.0505,0.3344,-0.2453,-0.3685,0.1108,-0.001,0.1012,-0.0809,-0.1302,-0.1124,-0.0156,0.1198,0.0001,0.0207,0.01,0.0064,0.0191,1.4962,0.0207,0.0342,-0.1502,0.0769,-0.0082,-0.0061,0.5567,0.0002,-0.0047,-0.0073,-0.0092,0.8768,0.0094,0.5881,0.0178,-0.0189,0.0165,-0.0176,-0.02,0.0084,0.017,0.2508,0.1001,0.0096,-0.0574,-0.2258,-0.2304,0.0193,-0.1004,0.0198,0.0079,0.1007,-0.1283,-0.0404,-0.0047,-0.2202,0.008,0.0897,-0.0088,0.0199,0.0089,1.4504,-0.019,-0.0346,0.0052,0.0474,0.0059,0.429,0.0113,0.0158,-0.0052,0.0202,-0.0087,-0.0117,0.0107,0.0228,-0.0222,-0.0248,0.0221,0.0097,-0.0235,-0.0227,-0.0039,,,,,,,
316,5376,108,3,standing,-0.0052,2.5883,0.0109,0.065,-0.0326,-0.0594,0.026,1.2091,-0.0781,0.0004,-0.6418,-0.0468,0.2557,1.3689,0.1584,-0.0846,-0.1747,0.2859,0.3054,0.2956,0.2355,-0.2774,0.2496,0.3348,0.3861,-0.1199,0.1509,-0.3543,0.3785,0.3465,-0.0002,0.1002,-0.0809,0.0508,-0.01,0.1106,-0.1019,0.6739,0.1302,-0.02,0.0686,-0.0751,-0.0162,-0.0144,0.5399,0.0072,0.001,0.017,-0.0204,0.7577,-0.027,-0.6687,0.0285,-0.0179,-0.1124,-0.0186,0.0001,-0.058,-0.2202,-0.6982,0.0563,-0.0273,0.0446,0.3406,-0.2806,0.0195,0.2259,0.0797,0.0876,0.3014,-0.2162,-0.2509,-0.0044,-0.2302,0.0098,0.089,-0.0101,0.0178,0.0192,0.886,-0.0196,-0.0221,0.0066,0.0332,0.0056,-0.3997,0.0063,0.0202,0.0085,0.0082,-0.0193,0.0062,-0.0044,0.0235,-0.0227,-0.0181,0.0143,0.0248,-0.0181,-0.0243,0.0014,,,,,,,
317,5377,108,3,standing,-0.0018,2.4849,0.0114,-0.0528,-0.0323,-0.0638,0.0854,1.2657,-0.0788,0.0915,-0.6797,-0.1258,-0.2071,1.1652,-0.1704,-0.0213,-0.1944,0.3482,0.2484,0.3359,-0.3577,0.2753,-0.2531,-0.3787,0.2968,-0.0005,0.0509,0.3056,-0.1194,0.4095,0.01,0.02,0.0076,0.0141,-0.0093,0.0001,0.1015,1.559,0.0807,-0.001,0.1307,0.0307,-0.0092,-0.0062,0.5075,-0.0047,-0.008,-0.0089,0.0169,0.9873,0.0166,0.1509,-0.0226,0.0078,0.0065,0.0086,0.0191,-0.016,-0.1003,0.2169,-0.0774,-0.0,0.0779,-0.7064,-0.1103,-0.0453,0.1127,-0.0259,0.0221,0.0343,-0.0641,-0.0002,-0.0083,-0.2302,0.0081,0.0985,-0.0096,0.0199,0.0194,0.4806,-0.0245,-0.0232,0.0033,0.0252,0.0223,-0.3209,-0.0064,0.0087,-0.0051,0.0202,-0.0121,-0.0102,0.0043,0.0231,-0.0234,-0.0121,0.0178,0.0158,-0.0179,-0.0203,-0.0017,,,,,,,
318,5378,108,3,standing,-0.0016,1.5941,-0.0114,0.033,-0.0117,-0.0113,-0.0183,-0.5895,0.0276,-0.0463,0.2897,0.0373,-0.0553,0.9839,-0.0087,0.0001,-0.0655,0.026,0.0742,0.0504,-0.0009,-0.001,-0.085,-0.0925,0.0157,-0.0064,0.0279,-0.0054,-0.0176,0.0194,-0.0038,0.0308,0.009,0.0148,-0.0149,-0.0062,0.1017,0.4574,-0.02,0.0002,-0.1104,-0.0249,-0.0166,-0.0067,0.5505,0.0056,0.0051,-0.0182,0.0093,0.8968,0.01,0.1197,0.0221,0.0086,-0.0242,-0.0173,0.0239,-0.0171,-0.1129,-0.1303,-0.017,0.0222,0.0273,0.1006,-0.2206,-0.0577,0.0891,0.0084,0.0236,0.0807,-0.0979,0.0406,-0.0085,-0.2252,0.008,0.0988,-0.0062,0.0196,0.0199,0.7266,-0.0205,-0.0223,0.0056,0.0207,-0.0051,0.6103,0.0056,0.0102,-0.0081,0.0206,-0.0092,-0.0105,-0.0053,0.0186,-0.0131,-0.0233,0.0131,0.0184,-0.0253,-0.0149,0.01,,,,,,,
319,5379,108,3,standing,-0.0015,1.8182,-0.0102,0.0328,-0.0118,0.0059,-0.0259,-1.0878,0.0698,-0.0417,0.4841,0.0569,0.0281,0.3068,-0.0142,-0.0006,-0.0193,-0.0085,0.0188,0.0077,-0.0002,-0.0054,0.0035,-0.0074,0.0253,0.0146,0.035,-0.0063,-0.0143,0.0291,0.0044,0.0297,0.0087,0.0047,-0.0158,0.0006,-0.0001,0.7082,0.001,0.0109,-0.0504,0.0181,-0.016,0.0009,0.4953,0.0065,-0.0062,-0.0055,-0.0052,0.8972,-0.0071,0.0783,0.0095,0.0084,-0.0176,-0.0056,0.0257,-0.0179,-0.0067,-0.008,0.0192,0.0268,0.0173,0.0343,-0.2506,-0.0247,0.0373,0.0096,0.0262,0.0575,-0.1191,-0.0222,-0.009,-0.2204,0.0086,0.0891,-0.0091,0.0197,0.0229,0.7799,-0.0201,-0.0194,-0.0041,0.0193,0.0105,0.4917,0.0111,0.0159,-0.0143,0.0232,-0.0046,-0.0051,0.0021,0.0157,-0.0245,-0.0204,0.0085,0.0159,-0.0183,-0.0132,0.0014,,,,,,,
320,5380,108,3,standing,-0.0034,2.839,0.0102,0.0619,-0.0414,-0.0772,-0.0589,-1.2225,0.0323,-0.0848,0.6428,0.0503,1.2986,-0.2062,-0.1658,0.1875,0.2631,0.3573,-0.2484,0.0941,-0.3979,-0.4954,0.3655,0.2757,0.4547,0.1106,0.3077,-0.3878,-0.4067,0.4483,-0.0002,-0.1506,-0.0006,0.1015,-0.1197,0.0098,-0.0248,0.6946,0.0202,-0.0332,0.0302,-0.1009,-0.01,-0.0159,0.5289,0.0001,-0.0053,-0.0066,-0.0221,0.7699,-0.0091,0.6092,0.0245,0.0187,-0.0302,-0.007,0.0303,0.0305,0.1302,-0.6563,-0.0803,0.0268,0.027,-0.3003,-0.3408,0.0394,-0.0455,0.0264,-0.0,0.0094,-0.1129,-0.02,-0.0011,-0.2393,0.0081,0.0988,-0.0097,0.019,0.0195,0.4496,-0.0228,-0.0252,0.0051,0.0223,0.0204,0.4356,0.006,0.0203,-0.0117,0.0186,0.0064,-0.0103,0.0051,0.0051,-0.0236,-0.0052,0.0081,0.0186,-0.0253,-0.0032,-0.0132,,,,,,,
321,5381,108,3,standing,-0.0011,1.5738,-0.0103,0.0422,-0.0123,0.0008,-0.0216,-1.0554,0.0791,-0.0635,0.4821,0.0546,0.0825,0.2783,-0.0131,0.0162,-0.02,-0.0196,0.0202,0.0198,0.0221,0.0132,-0.0159,-0.0001,0.0065,0.0134,0.038,0.0066,-0.0169,0.0187,-0.006,0.0298,0.0094,0.0064,-0.0109,0.0042,0.01,2.6789,-0.0247,0.0185,-0.1011,0.0086,-0.0144,0.0061,0.5699,0.0068,0.0051,-0.0052,0.0209,0.9795,-0.0063,-0.1104,-0.0195,0.0058,-0.009,-0.0193,0.0172,0.0092,-0.0806,-0.0581,0.0508,0.0176,0.0291,0.0002,-0.2608,-0.1005,0.0408,-0.0184,0.0265,0.0575,-0.1309,0.0405,-0.0077,-0.3236,0.0078,0.1279,-0.0081,0.0182,0.0243,0.8862,-0.0207,-0.0226,-0.0033,0.0223,0.0109,-0.4758,0.0059,-0.0042,0.0157,0.0237,-0.0043,0.0014,-0.0197,0.0181,-0.0164,-0.0141,0.0228,0.0179,-0.0174,-0.0091,-0.0041,,,,,,,
322,5382,108,3,standing,-0.0105,2.0983,-0.0077,0.0224,-0.0078,0.0006,0.031,-0.8471,0.0695,-0.0434,0.4056,0.0742,0.0845,1.4869,-0.0155,-0.0147,0.0186,0.0208,0.0233,0.0136,-0.0152,0.0131,-0.0043,-0.0237,0.0093,0.0002,0.0284,0.0059,-0.02,0.0198,-0.006,0.0309,0.0146,-0.0041,-0.0163,-0.0049,-0.001,0.649,-0.0001,0.0201,-0.0803,0.0082,-0.0162,0.005,0.5868,0.008,0.0081,-0.0085,-0.0209,0.8499,0.0054,0.1001,0.0076,0.0097,0.0074,0.0094,0.0072,0.0092,0.0206,0.0507,-0.0202,0.0179,0.0221,0.0175,-0.2505,-0.0207,0.0091,0.0171,0.0303,0.0357,-0.1303,-0.0787,-0.0073,-0.1852,0.0088,0.0993,-0.0073,0.0242,0.0089,1.5506,-0.0196,-0.0348,0.0044,0.0547,0.0089,0.4546,0.0064,0.0084,0.0094,0.0253,-0.0112,0.0031,0.0043,0.0165,-0.0256,-0.0164,0.0172,0.0204,-0.0182,-0.0047,-0.0023,-0.0049,,,,,,
323,5383,108,3,standing,-0.0118,1.6262,-0.0078,0.0327,-0.0225,0.001,-0.0411,-1.2312,0.0772,-0.0553,0.5832,0.0693,0.1642,-0.3081,0.0001,0.0007,-0.0509,-0.0956,-0.0851,0.0806,-0.2431,-0.1509,-0.265,-0.3429,-0.2859,-0.1109,-0.0238,0.1015,-0.2253,-0.377,0.0276,0.0364,-0.0203,0.0002,-0.0096,0.0,0.1005,2.4488,-0.01,0.0155,0.1309,0.0568,-0.016,0.0087,0.5469,0.0049,-0.0082,-0.0092,0.0077,0.858,0.0163,-0.1126,-0.0062,0.009,0.0061,-0.0176,-0.0066,-0.0089,-0.0884,-0.2162,0.0074,0.0195,-0.0086,0.1001,-0.1981,-0.0202,-0.0285,0.027,0.0583,-0.0515,-0.1398,-0.0404,-0.0053,-0.3013,0.0099,0.1179,-0.0197,0.0194,0.0194,0.4809,-0.0209,-0.0204,0.0062,0.0223,-0.0091,-0.4997,0.0047,-0.0036,0.0205,0.0237,-0.0023,0.011,0.0031,0.0186,-0.0243,-0.0073,0.0072,0.0232,-0.0227,-0.0093,-0.0,,,,,,,
324,5384,108,3,standing,-0.0035,-0.7794,0.0115,-0.023,0.0003,-0.0233,0.0423,0.6587,-0.0314,-0.0152,-0.2741,-0.0645,-0.089,0.3676,0.0557,-0.0788,0.0933,0.2659,-0.1958,0.2062,-0.2824,0.2554,-0.2984,0.3967,-0.1306,0.0406,-0.0504,0.3861,0.4096,-0.4946,0.1109,0.1013,-0.01,0.0441,0.0455,-0.0001,-0.1197,1.447,-0.1127,0.1505,0.4856,0.5598,-0.0164,-0.0172,0.5074,-0.001,-0.0002,0.0151,0.0205,0.9968,-0.0797,-0.896,0.0803,0.0981,-0.0302,-0.02,0.0751,-0.058,0.6693,0.2162,0.6971,0.1001,-0.7963,2.8213,4.7592,0.8311,-0.862,-0.3001,0.2251,0.7325,-0.7867,0.2503,-0.0091,-0.2385,0.0053,0.0979,-0.0069,0.0252,0.0095,0.6554,-0.0222,-0.0247,-0.0049,0.0292,0.0206,-0.3506,-0.0106,0.0201,-0.0152,0.0204,-0.0209,-0.0091,0.0232,0.0208,-0.0259,0.0059,0.0228,0.0202,-0.0245,-0.0231,-0.0226,,,,,,,
325,5385,108,3,standing,0.0047,-0.6684,0.0106,0.0008,0.0094,-0.041,0.0328,0.5623,-0.0212,-0.0511,-0.2759,-0.0774,0.0981,0.3586,0.001,0.006,0.0505,0.0849,-0.0305,-0.0342,-0.01,0.0046,0.0064,-0.0141,-0.0532,-0.0087,0.0431,-0.0002,-0.0276,0.0336,0.0044,0.0345,0.0096,0.0158,-0.0162,0.0001,0.1002,1.7985,0.0208,0.1012,-0.1305,-0.1191,-0.0163,-0.0065,0.5467,-0.0169,-0.0073,0.0089,-0.0191,0.9561,-0.0809,0.7092,0.0239,0.0302,0.1109,-0.0088,-0.0394,-0.0077,0.2605,-0.0663,0.1124,0.0083,-0.0078,0.689,-0.2163,-0.2207,-0.0893,0.0203,0.0339,-0.0343,-0.1503,-0.0097,-0.0075,-0.2171,0.008,0.0876,-0.0064,0.0182,0.0199,0.4405,-0.0201,-0.0223,0.0063,0.0221,-0.0098,-0.4991,-0.0034,-0.0032,0.0051,0.0187,-0.0121,-0.0122,-0.0117,0.02,-0.0085,-0.0053,0.0089,0.0187,-0.0193,-0.0158,0.0,,,,,,,
326,5386,108,3,standing,0.0048,-0.5194,0.0009,0.0143,0.0053,-0.0226,0.0216,0.4076,-0.0235,-0.0141,-0.1706,-0.0429,-0.0573,0.3584,0.0169,0.0107,-0.0168,0.0178,0.0327,-0.0001,0.0124,0.0031,0.0059,-0.013,0.0002,0.0038,0.0345,0.0037,-0.009,0.0185,-0.0042,0.0311,0.0091,0.0056,-0.0164,-0.0054,0.0109,1.4487,0.0172,-0.001,0.0242,-0.0244,-0.0108,-0.0058,0.5783,0.007,0.0049,0.0052,-0.0155,0.9675,0.0161,0.0508,-0.0065,0.0093,0.0063,0.0077,-0.008,0.0089,-0.0803,-0.0408,0.0199,0.0188,0.0167,0.0293,-0.2074,-0.0247,0.0439,0.0081,0.0221,0.0308,-0.1108,-0.0434,-0.0095,-0.2205,0.0092,0.0894,-0.011,0.0186,0.0202,0.5143,-0.0205,-0.0233,-0.0046,0.0243,0.0097,-0.4291,0.0051,0.0198,0.0063,0.0245,-0.0114,0.0031,0.0031,0.0229,-0.0232,-0.0155,0.0085,0.0189,-0.0228,-0.0252,-0.0038,,,,,,,
327,5387,108,3,standing,-0.0054,-0.669,0.0102,-0.0002,0.0089,-0.0414,0.0315,0.5894,-0.0546,-0.0153,-0.2697,-0.0619,-0.1392,0.2295,-0.0509,-0.0761,-0.0973,0.0872,0.1308,0.2547,-0.2448,-0.1196,0.1505,0.2898,-0.0003,0.1011,0.01,0.1104,0.0606,0.1003,0.0201,0.001,0.0204,0.0142,-0.0205,0.0247,0.0248,1.6956,0.0151,-0.0584,0.0544,0.0302,-0.0157,0.0152,0.5596,0.0162,0.0065,-0.0164,0.0186,0.8874,-0.0178,-0.2162,0.0205,-0.0068,-0.0803,-0.0085,0.027,-0.0278,-0.1001,0.301,0.1121,0.0245,-0.0,-0.2509,-0.6781,0.0286,0.2203,0.0001,-0.0267,-0.1024,-0.2257,-0.0477,-0.0091,-0.2124,0.0062,0.088,-0.0112,0.0199,0.0193,0.5109,-0.0201,-0.0227,-0.0087,0.0206,-0.0044,0.4369,0.0117,0.0149,0.0051,0.0207,-0.0114,-0.0122,0.0049,0.0208,-0.02,-0.0232,0.0155,0.0159,-0.0233,-0.0192,-0.0121,,,,,,,
328,5388,108,3,standing,0.0014,-0.7367,0.0107,0.0434,-0.0002,-0.0219,0.0157,0.4829,-0.0223,-0.0322,-0.2447,-0.0586,0.0943,-0.2851,-0.0063,0.0001,0.0005,-0.0201,0.0232,0.0077,-0.0052,0.0041,0.0042,-0.0153,0.0082,0.0054,0.0253,0.0059,-0.0091,0.023,0.0055,0.0298,0.0106,0.0056,-0.0138,0.006,-0.0893,1.4585,-0.0081,0.0242,0.0332,-0.0405,-0.0074,0.0046,0.5861,0.007,0.0073,-0.0078,0.0237,0.7988,-0.02,0.1012,-0.01,0.0205,-0.008,-0.0083,0.0094,-0.0196,-0.0309,-0.1103,-0.0507,0.0222,0.0262,0.0804,-0.2167,-0.0247,-0.0,0.0198,0.0226,0.0268,-0.1304,-0.0357,-0.0087,-0.3236,0.009,0.1276,-0.0101,0.021,0.0189,0.8989,-0.0209,-0.0265,0.0052,0.03,0.0241,-0.4991,0.0197,0.0192,0.0094,0.0235,-0.0054,0.0099,-0.0011,0.0195,-0.0233,-0.0135,0.0229,0.0186,-0.0191,-0.0208,-0.0033,,,,,,,
329,5389,108,3,standing,0.0113,-0.6686,0.0079,0.0438,-0.0117,-0.021,0.0345,0.4469,-0.0235,-0.0106,-0.2277,-0.0788,-0.093,0.2554,0.0004,-0.0552,0.0226,0.0855,0.1105,0.1122,-0.0503,-0.1196,-0.2763,-0.2431,0.02,-0.0248,0.0332,-0.0002,-0.0807,0.0308,0.0001,0.0309,0.0081,0.0148,-0.009,-0.0062,0.1011,1.4947,0.0236,0.0202,0.1001,-0.1004,-0.0168,-0.0067,0.5958,-0.0074,-0.006,-0.0187,-0.0193,0.9762,-0.0051,-0.1503,0.0198,0.0178,-0.001,-0.0221,0.0335,-0.0253,-0.0336,-0.2303,0.0083,0.0243,0.0072,0.1304,-0.2169,-0.0278,0.078,0.0231,0.0194,0.0791,-0.12,0.0206,-0.0097,-0.2202,0.0076,0.0884,-0.0105,0.0185,0.0201,0.4299,-0.0245,-0.0199,-0.0044,0.0222,-0.0089,-0.4757,0.0196,0.0194,-0.0195,0.0191,-0.0054,0.0105,-0.0053,0.0059,-0.0198,-0.0134,0.0223,0.0204,-0.0193,-0.0087,-0.0,,,,,,,
330,5390,108,3,standing,-0.0012,-0.7385,0.0106,0.0002,0.0067,-0.022,0.0247,0.509,-0.0238,-0.0073,-0.2948,-0.0515,0.0326,-0.3586,-0.0009,-0.0001,-0.0085,0.0063,0.0437,0.0109,0.0146,0.001,-0.0023,-0.0054,0.0147,0.0158,0.0259,-0.006,-0.0223,0.0226,-0.0062,0.0293,0.0107,0.0065,-0.0142,0.0061,0.0156,1.5543,0.0,-0.0151,-0.0189,0.0182,-0.017,-0.008,0.5764,0.0074,0.0075,-0.0091,-0.0092,0.8788,0.0168,-0.0852,0.0094,-0.0195,-0.0081,0.0177,0.0169,-0.0176,-0.0078,0.1018,0.0079,0.0197,0.0084,0.0305,-0.2506,-0.0466,0.0335,0.0171,0.0232,0.0373,-0.1198,-0.0596,-0.0053,-0.1899,0.0083,0.0995,-0.0105,0.0198,0.0193,0.4998,-0.02,-0.0273,-0.0019,0.0292,0.0089,0.9507,0.0057,0.0054,-0.0134,0.0265,-0.0103,-0.0052,0.0025,0.0203,-0.0141,-0.0087,0.0179,0.0202,-0.0181,-0.0191,0.0014,,,,,,,
331,5391,108,3,standing,0.0015,-0.6209,0.0009,0.0135,0.0009,-0.021,0.0439,0.4905,-0.0506,-0.0317,-0.2297,-0.0621,0.0852,0.3885,-0.0161,-0.001,-0.0928,-0.0718,0.0221,0.0001,-0.0002,0.01,-0.0093,-0.0072,0.0432,0.0047,0.0276,-0.0248,-0.0207,0.0284,-0.0033,0.0295,0.0089,0.0056,-0.0155,0.0051,-0.0205,1.4563,-0.0042,0.0208,0.0,-0.0301,-0.0157,-0.0068,0.588,0.0048,-0.007,-0.0092,-0.006,0.9895,-0.0201,-0.1102,-0.0191,0.0066,0.0194,0.0069,-0.0073,0.0084,0.0343,-0.1122,0.0079,0.0228,0.0178,0.0267,-0.2202,0.0083,0.0307,0.0186,0.0204,0.0342,-0.1396,-0.0087,-0.0074,-0.1888,0.0075,0.0777,-0.0099,0.0226,0.0056,1.4751,-0.0182,-0.0308,0.009,0.0515,0.0111,0.9558,0.0063,0.0241,0.0059,0.0252,-0.0041,-0.0054,0.0053,0.0191,-0.0211,-0.0072,0.0194,0.0235,-0.0198,-0.0193,-0.0038,,,,,,,
332,5392,108,3,standing,-0.0106,-0.7633,0.0045,0.0319,0.0003,-0.0461,0.0584,0.4612,-0.0508,0.021,-0.2762,-0.0773,0.0835,0.3092,0.0956,-0.1636,-0.1894,-0.2968,0.2693,0.3423,0.2852,0.2572,-0.3959,0.5077,-0.1196,-0.1302,0.1011,-0.4432,0.1002,-0.3837,-0.001,0.0803,0.1122,0.016,-0.0201,-0.0221,0.0238,1.7096,0.0,-0.0065,-0.0332,0.01,-0.0051,-0.0002,0.5747,-0.0058,0.0055,-0.0066,-0.0153,0.7983,0.0064,0.2164,0.0086,-0.0178,0.0163,0.0188,-0.0182,-0.0001,0.1108,-0.1509,-0.0169,0.0197,0.0171,0.0292,-0.2304,0.0045,0.02,0.0175,0.0223,0.0399,-0.1287,-0.0247,-0.0089,-0.3016,0.0085,0.118,-0.0081,0.0275,0.0083,1.5095,-0.0195,-0.0354,0.0098,0.0591,0.0119,0.4506,0.0057,0.019,0.006,0.0265,-0.0052,0.0017,-0.0033,0.0155,-0.0252,-0.0087,0.0268,0.0206,-0.0174,-0.0132,-0.0039,,,,,,,
333,5393,108,3,standing,-0.0018,0.7942,-0.0104,0.0259,-0.0087,-0.0073,0.031,0.4577,-0.0276,-0.0168,-0.2289,-0.0574,0.0008,1.6543,-0.0216,-0.0001,-0.0233,-0.006,0.0232,0.0159,-0.001,-0.0041,0.0036,-0.0125,0.0161,0.0038,0.0309,0.0034,-0.0163,0.0221,-0.0039,0.0305,0.0082,0.0002,-0.0135,-0.0044,-0.0203,2.6651,0.0047,0.0222,0.0885,-0.0154,-0.0157,0.0048,0.4907,0.0071,0.0053,-0.009,0.0205,0.9976,0.007,-0.0664,-0.0056,-0.0084,0.02,-0.0093,-0.0169,-0.0083,-0.0981,-0.1017,-0.0096,0.0201,0.0265,0.01,-0.1506,-0.0505,0.119,0.008,0.0198,0.0878,-0.1305,-0.0426,-0.0097,-0.2506,0.0095,0.0986,-0.0088,0.0191,0.0082,0.7478,-0.0202,-0.0252,0.0046,0.0357,-0.0194,-0.4503,-0.0092,0.0157,-0.0063,0.0189,-0.0117,-0.0053,0.0013,0.0256,-0.0183,-0.0228,0.0102,0.0159,-0.0235,-0.0159,,,,,,,,
334,5394,108,3,standing,0.0014,-0.7948,0.0113,0.0438,0.0007,-0.0523,0.025,0.6095,-0.0328,-0.0001,-0.3354,-0.0741,0.2555,0.3429,-0.0503,-0.0626,0.0973,-0.1852,-0.3046,0.2759,0.2235,0.0866,-0.2463,-0.3776,0.1015,0.1507,0.1307,-0.4475,0.1002,0.3631,0.0231,-0.1105,-0.02,-0.0267,-0.01,-0.0238,0.0804,1.8968,-0.0556,0.0581,0.001,0.0202,-0.0158,0.0065,0.5783,0.0082,-0.0051,-0.0062,0.0205,0.7788,-0.0232,0.1122,-0.038,0.0086,0.0,-0.0222,-0.007,0.0193,-0.0187,-0.1111,-0.019,0.0265,0.0332,0.0067,-0.2305,-0.0196,0.0094,0.0584,0.0172,0.0091,-0.2167,-0.0092,-0.0085,-0.3282,0.0099,0.1278,-0.0053,0.0198,0.019,0.5135,-0.0208,-0.0227,-0.0031,0.0228,0.0102,0.4299,0.0054,0.0197,-0.0059,0.021,-0.0039,0.0107,0.0023,0.0194,-0.0182,-0.0078,0.0164,0.0229,-0.0196,-0.0194,0.0051,,,,,,,
335,5395,108,3,standing,0.0114,-0.6981,0.0072,0.0426,-0.0316,0.001,0.0009,0.2556,-0.0213,-0.0226,-0.0941,-0.076,0.1532,0.3346,-0.0561,0.0852,-0.1857,-0.0631,-0.3064,-0.2386,0.2968,-0.2789,-0.4067,-0.2462,0.3974,-0.0507,0.1307,0.1015,-0.3598,0.3766,-0.0001,0.1106,0.3465,0.2165,-0.2257,0.2206,0.1199,1.7978,-0.2505,-0.3008,-0.4483,-0.4858,-0.0173,0.0002,0.5445,-0.0053,-0.0151,-0.0171,-0.0207,0.9475,-0.0249,0.7791,0.048,-0.0463,-0.0307,-0.1006,0.0809,0.1122,0.2608,-0.3458,-0.3015,-0.0231,0.1505,2.937,4.9099,-0.4007,0.5758,-0.2808,-0.4018,-0.8895,-0.7614,0.0477,-0.0087,-0.2242,0.0108,0.0897,-0.0096,0.0192,0.0093,0.9554,-0.0252,-0.0285,0.0084,0.0292,0.0044,0.4672,-0.0063,-0.0023,0.0043,0.0291,0.01,-0.0093,-0.0134,0.02,-0.0239,0.0118,0.0191,0.0159,-0.0195,-0.0221,0.0,,,,,,,
336,5396,108,3,standing,-0.0107,-0.7635,0.0047,0.0004,0.0008,-0.021,0.0329,0.4431,-0.0226,-0.0073,-0.2302,-0.0469,-0.1434,-0.2061,-0.0632,0.055,0.0933,-0.0825,0.2782,-0.3043,-0.2372,-0.2659,0.2899,-0.1303,0.1192,0.0506,0.0362,-0.0568,0.1009,0.1015,-0.0221,0.0406,0.0285,-0.0154,0.01,0.0002,-0.0001,1.5883,0.0806,0.1103,0.0249,-0.1503,-0.007,-0.0064,0.5566,0.0046,-0.0063,-0.0052,-0.0206,0.9562,-0.0091,0.2162,-0.0245,0.0157,0.0206,-0.0189,0.0097,-0.001,-0.0208,-0.1394,0.0967,0.0203,-0.02,0.2205,-0.1126,0.0265,0.1001,0.0455,0.0342,0.0186,-0.0681,-0.0478,-0.0092,-0.2505,0.0087,0.0978,-0.0093,0.018,0.0198,0.4996,-0.0201,-0.0222,0.0096,0.0353,0.0085,0.889,0.0046,0.0077,0.0085,0.0202,-0.0053,-0.0058,-0.0108,0.0239,-0.0244,-0.0143,0.0238,0.0093,-0.0205,-0.0149,-0.0059,,,,,,,
337,5397,108,3,standing,0.0048,-0.6681,0.0106,0.0328,0.0007,-0.0852,0.0217,0.9471,-0.0463,-0.0113,-0.4486,-0.0516,0.1422,0.3954,-0.0793,-0.0953,0.256,0.1947,0.2943,0.2068,0.2349,0.2697,0.2783,-0.3391,0.1103,-0.0508,0.0806,-0.1194,-0.3062,0.101,0.01,0.1505,0.1305,-0.02,0.0002,-0.1004,0.001,1.454,-0.0557,0.0,0.0001,-0.0205,-0.0161,0.0069,0.5546,0.0051,-0.0056,0.0087,-0.0179,0.8567,-0.0206,0.6465,-0.0078,-0.0082,0.0074,0.0158,-0.0094,-0.0092,-0.0584,0.807,-0.2257,-0.0475,0.12,0.2207,-0.2607,-0.0709,-0.0598,-0.0266,0.0399,0.0776,-0.1122,-0.0746,-0.0073,-0.249,0.0088,0.0953,-0.0089,0.0195,0.0089,1.4994,-0.0227,-0.0339,0.0093,0.0596,0.0044,0.4759,0.0204,0.0164,-0.0078,0.0094,-0.0104,-0.0113,-0.0121,0.0235,-0.0238,-0.0095,0.0155,0.0221,-0.0239,-0.0247,0.0015,,,,,,,
338,5398,108,3,standing,-0.0035,1.6039,-0.0123,0.0364,-0.0142,0.0006,-0.0427,-1.0788,0.0549,-0.0696,0.5947,0.0584,0.0846,0.1776,-0.023,-0.0119,-0.0208,-0.0158,0.0203,0.0193,-0.0002,-0.0034,-0.0065,-0.0157,0.0092,-0.0001,0.0271,-0.0041,-0.0189,0.0226,-0.0043,0.032,0.0077,0.0054,-0.0163,0.0061,0.0955,0.5085,-0.0248,0.0095,-0.0249,-0.0507,-0.0162,-0.0071,0.5399,-0.0048,-0.0068,-0.0069,-0.007,0.7956,0.0074,0.1191,-0.0172,-0.0066,0.0091,-0.008,-0.0241,0.0178,-0.0182,0.0277,-0.0253,0.0247,0.0293,0.0575,-0.2394,-0.0097,0.0083,-0.0181,0.0207,0.0259,-0.1108,-0.0231,-0.009,-0.2251,0.0086,0.0887,-0.0094,0.0198,0.0077,1.5018,-0.0195,-0.0347,0.0083,0.0546,0.0102,0.8471,-0.0059,0.0089,0.0186,0.0187,-0.0031,-0.0046,0.0031,0.0221,-0.0131,-0.0164,0.0181,0.0268,-0.0265,-0.0023,,,,,,,,
339,5399,108,3,standing,-0.0022,-0.6154,0.0113,0.0214,-0.0087,-0.0233,0.0271,0.5839,-0.0328,-0.009,-0.2698,-0.0419,0.0633,0.2447,-0.0518,0.0001,0.0005,0.0879,-0.0723,0.093,-0.0508,0.0279,0.0803,0.1017,-0.01,-0.0042,0.0308,0.0002,-0.0156,-0.0237,-0.0066,0.0289,0.0143,0.0038,-0.0153,-0.0044,0.0149,1.6852,0.0182,0.0221,0.1105,-0.0305,-0.0159,0.001,0.5764,0.005,0.0071,-0.0067,-0.0185,0.9795,0.0165,0.6093,-0.0091,0.0095,0.0083,-0.0096,-0.008,0.0226,0.1303,0.2302,-0.0194,0.0184,0.0245,0.1508,-0.2203,-0.1002,0.1124,0.0202,0.0203,0.1191,-0.1377,-0.0477,-0.0088,-0.1886,0.0068,0.0781,-0.0103,0.0197,0.0191,0.4296,-0.0204,-0.0207,0.0052,0.0357,-0.0089,-0.3205,0.0229,0.0092,-0.02,0.0168,-0.0051,-0.0038,0.0049,0.0195,-0.0149,-0.0094,0.0235,0.0192,-0.0259,-0.0194,-0.0035,,,,,,,
340,5400,108,3,standing,-0.0118,-0.661,0.0042,0.0225,-0.0007,-0.0415,0.0247,0.559,-0.035,-0.0082,-0.2372,-0.0552,-0.1426,-0.2296,0.0933,0.0775,-0.0638,0.0508,-0.0848,0.119,0.1006,0.2443,0.1011,-0.0804,0.1309,0.0205,-0.0556,0.1102,0.02,-0.0307,-0.027,0.0332,0.0203,0.0087,-0.0206,-0.0001,0.0286,1.3959,-0.0364,0.001,-0.0186,-0.0342,-0.0146,0.0065,0.546,0.0057,0.0089,0.0171,-0.0177,0.8898,-0.0053,0.2259,-0.0181,0.0245,0.0221,-0.01,0.0191,0.0192,0.1509,0.2208,-0.0249,0.008,0.0399,0.0453,-0.2307,-0.0874,-0.0408,0.0002,0.0239,-0.0394,-0.1283,0.0576,-0.0019,-0.3017,0.0097,0.1178,-0.0079,0.0184,0.0185,0.946,-0.0195,-0.0292,0.0093,0.0392,0.0158,-0.4997,0.0226,0.0159,-0.0154,0.0202,-0.0033,-0.0111,-0.0049,0.0177,-0.0089,-0.0133,0.0237,0.0248,-0.0051,-0.0222,-0.0044,,,,,,,
341,5401,108,3,standing,-0.002,-0.6492,0.0051,0.0008,-0.023,-0.0103,0.0169,0.256,-0.0002,-0.0182,-0.1258,-0.0434,0.0631,0.239,0.055,0.0843,-0.0228,0.0784,0.0954,0.0455,0.1014,0.01,0.0229,-0.0072,0.0265,-0.0502,0.0097,-0.0093,0.0329,0.0275,-0.0065,0.0305,0.0161,0.0146,-0.0067,0.0052,0.0809,1.5541,-0.0223,0.0291,-0.0249,-0.001,-0.007,-0.0066,0.4962,0.0147,-0.0068,-0.0089,-0.0186,0.7573,-0.0001,-0.1305,-0.0098,0.0238,-0.0177,-0.0059,0.0185,-0.0076,-0.0579,-0.1126,-0.0248,0.0174,0.0588,-0.1103,-0.1191,-0.0199,0.02,0.0094,0.0205,0.0259,-0.1071,-0.0596,-0.0095,-0.2171,0.0087,0.0891,-0.0081,0.0183,0.018,0.5442,-0.0201,-0.0226,0.0044,0.0357,0.006,0.4868,0.0042,0.0054,0.0157,0.0233,-0.0117,-0.0031,-0.0035,0.0234,-0.0135,-0.0154,0.0158,0.0073,-0.0073,-0.0054,-0.0,,,,,,,
342,5402,108,3,standing,-0.0011,1.5289,-0.0112,0.0243,-0.0115,0.0044,-0.021,-1.0547,0.0645,-0.0549,0.5091,0.0414,-0.0852,-0.2743,-0.0328,-0.0007,0.0925,0.0761,0.0509,0.0231,0.0205,-0.0168,-0.0035,-0.01,0.0253,0.001,0.0292,-0.0051,-0.0133,0.0265,-0.0039,0.0298,0.0083,0.0042,-0.0155,0.0046,0.0053,0.7779,0.0002,-0.0078,-0.0201,-0.0092,-0.0156,0.0058,0.5464,0.0062,0.0066,-0.0087,-0.0082,0.9465,-0.0093,0.1106,-0.0245,0.0185,-0.0081,0.0063,0.0088,0.016,-0.1012,-0.0309,-0.017,0.0202,0.0207,0.0575,-0.2252,-0.0226,0.0072,0.0169,0.0206,0.0089,-0.1274,-0.019,-0.0084,-0.3207,0.0076,0.1286,-0.0099,0.018,0.0198,0.9547,-0.0203,-0.0182,-0.0001,0.0252,0.0097,0.4796,0.0088,0.0054,-0.0081,0.0211,-0.0044,-0.0017,-0.0031,0.0188,-0.0227,-0.0136,0.0257,0.0204,-0.0239,-0.0136,0.0015,,,,,,,
343,5403,108,3,standing,0.0115,-0.7407,0.0003,-0.0072,0.0077,-0.025,0.0329,0.4946,-0.0332,-0.0276,-0.2271,-0.0568,-0.0728,-0.3847,-0.0439,0.0616,0.0923,0.0845,0.2493,0.2655,0.3674,-0.2558,-0.2784,-0.0507,-0.1193,-0.1306,0.1509,-0.1122,-0.3582,-0.3357,0.0286,-0.0406,0.0065,0.0237,-0.0002,-0.0205,-0.1104,1.6461,0.1009,-0.0807,0.2202,0.039,-0.0151,0.0053,0.546,0.001,0.0059,-0.0091,-0.0221,0.868,-0.01,2.9962,-0.0178,-0.0196,-0.101,0.02,-0.0201,-0.0198,-0.6967,-1.7966,-0.3015,0.0001,0.2259,0.8522,-0.7588,-0.2505,-0.3402,0.1001,0.2162,0.4016,-0.2809,0.2305,-0.0083,-0.2242,0.0087,0.089,-0.0081,0.0192,0.0189,0.4672,-0.0243,-0.0236,0.0017,0.0392,-0.0094,0.4998,0.0063,0.0054,0.0047,0.0202,0.0023,-0.0097,-0.0112,0.0195,-0.0194,-0.0158,0.0235,0.0203,-0.0183,-0.0186,-0.0,,,,,,,
344,5404,108,3,standing,-0.0048,-0.6064,0.0102,-0.0105,-0.0053,-0.0092,0.0426,0.8586,-0.0509,-0.0004,-0.3898,-0.0761,-0.0345,0.2271,-0.0256,0.0242,0.0625,-0.0928,0.0854,0.1011,-0.1004,0.001,0.0804,-0.0556,0.0286,-0.0237,0.0363,0.0146,-0.0208,0.0295,-0.0134,0.0308,0.0089,0.0095,-0.0163,0.0141,-0.0002,1.3967,-0.0001,-0.0,-0.0201,0.02,-0.0149,-0.0065,0.5793,0.0072,-0.0062,0.0058,-0.0069,0.9788,-0.0181,0.1109,-0.0187,0.0202,0.007,0.0059,0.0094,-0.0083,-0.0475,-0.0082,0.0086,0.0253,0.0257,0.0466,-0.2303,0.0266,0.008,-0.0078,0.0085,0.0173,-0.1195,-0.0191,-0.0074,-0.3605,0.0076,0.1577,-0.0079,0.0226,0.0207,0.9962,-0.0204,-0.0222,-0.009,0.0233,0.0096,0.8695,-0.0044,0.0047,-0.0243,0.0103,-0.0109,-0.0053,0.0017,0.0172,-0.0234,-0.0121,0.0186,0.0239,-0.0087,-0.0181,-0.0,,,,,,,
345,5405,108,3,standing,-0.0011,1.5288,-0.0115,0.0248,-0.022,0.0066,-0.0328,-1.0547,0.0787,-0.0586,0.4846,0.069,-0.0871,0.2751,-0.0008,0.0053,0.0193,-0.0423,0.0204,-0.001,0.0002,-0.0161,-0.0158,-0.0126,0.0083,-0.0044,0.0276,0.0067,-0.0168,0.0237,-0.0041,0.0293,0.0081,0.0052,-0.014,0.0038,0.0206,2.0963,0.0064,0.0232,0.008,-0.0085,-0.0156,-0.0065,0.5445,-0.006,-0.0088,-0.0059,-0.0001,0.9775,0.0072,0.0292,-0.0189,0.0174,0.0178,-0.0092,0.0228,-0.0177,0.0265,0.02,0.0223,0.0198,0.0182,0.0295,-0.2396,-0.0203,0.0084,0.0226,0.0222,0.0259,-0.1306,-0.0303,-0.0073,-0.2991,0.0095,0.1179,-0.0052,0.0199,0.0194,0.4682,-0.0182,-0.0285,-0.0019,0.0233,0.0112,-0.4993,-0.0064,0.0042,0.0082,0.0182,-0.0035,-0.0107,0.0023,0.0202,-0.0242,-0.0056,0.0182,0.0186,-0.0201,-0.0121,-0.0019,,,,,,,
346,5406,108,3,standing,0.0104,-0.6583,-0.0073,0.0004,-0.0115,-0.0325,0.023,0.5942,-0.0222,-0.0087,-0.2754,-0.0514,-0.0852,0.3557,0.0506,0.0044,0.0929,0.0774,0.0621,0.2281,0.2443,-0.1197,-0.3482,-0.1126,0.0189,-0.0002,0.0307,0.0194,-0.0085,0.001,-0.006,0.0302,0.0146,0.0232,-0.0148,-0.0066,0.0806,1.8863,-0.1005,0.1104,-0.1505,-0.0493,-0.017,-0.0162,0.5893,-0.0064,-0.0047,0.0179,0.0199,0.9568,0.0,0.1308,-0.01,-0.0247,0.0268,-0.0596,-0.1015,-0.0384,0.0797,0.1267,0.2509,-0.0305,-0.009,-0.7578,2.4012,0.2808,0.2253,0.0184,0.0458,0.2205,0.301,-0.1272,-0.0001,-0.2307,0.0053,0.0892,-0.0186,0.0206,0.0229,0.8098,-0.0233,-0.02,0.0106,0.0253,0.0228,-0.4684,0.0238,0.0089,-0.0245,0.006,0.0052,0.0011,-0.0116,0.0051,-0.0081,-0.0134,0.0181,0.0056,-0.0221,-0.0059,-0.0121,,,,,,,
347,5407,108,3,standing,-0.0052,1.714,-0.0108,0.0233,-0.0134,0.0094,-0.0328,-1.2074,0.0626,-0.0569,0.5655,0.0746,-0.145,-0.2472,0.0006,0.0092,-0.0432,-0.001,0.0213,0.0123,-0.0001,-0.0129,-0.0201,-0.0159,0.0242,-0.0039,0.0303,0.0064,-0.009,0.0221,-0.0041,0.0309,0.0087,0.0045,-0.0149,-0.0063,0.0157,2.0943,0.0166,0.0202,0.0468,0.0293,-0.0182,-0.0054,0.5307,-0.0053,-0.0067,-0.0051,0.0205,0.9562,-0.0178,0.1015,0.0198,0.01,0.0186,-0.0073,0.0093,0.0207,0.0503,0.0335,0.0196,0.0188,0.0199,0.0081,-0.2253,-0.038,0.0571,0.0175,0.0091,0.0202,-0.1304,-0.0302,-0.0085,-0.2205,0.0076,0.0877,-0.0083,0.0194,0.0189,0.4803,-0.02,-0.0193,-0.0002,0.0234,-0.0102,-0.4683,0.0054,0.0087,-0.0081,0.0203,-0.0031,0.0041,-0.0017,0.0197,-0.0181,-0.0093,0.0204,0.0158,-0.0191,-0.0243,-0.0132,,,,,,,
348,5408,108,3,standing,-0.0114,1.5594,-0.0045,0.0224,-0.0142,-0.0319,-0.041,-1.2364,0.0569,-0.0636,0.5868,0.0484,0.0874,-0.3041,-0.0798,0.0925,-0.1194,0.0006,0.2062,-0.0508,0.1109,0.1303,0.2957,-0.2784,0.02,-0.0151,0.0337,-0.0286,0.0,0.0349,-0.0146,0.0295,0.0077,-0.0001,-0.0092,-0.01,-0.001,2.6595,-0.0222,0.0163,-0.0093,0.0221,-0.0143,-0.005,0.546,-0.0048,-0.0053,-0.0166,-0.0059,0.977,0.0187,0.1005,0.0203,-0.0002,0.0265,0.018,-0.009,-0.0076,-0.0699,0.0981,-0.0208,0.0178,0.0223,0.1017,-0.2164,-0.0691,0.0409,-0.0189,0.0075,0.0343,-0.1121,-0.0086,-0.0088,-0.3002,0.0085,0.1179,-0.0087,0.0228,0.0196,0.4407,-0.0183,-0.0182,-0.0044,0.0252,0.0117,-0.301,0.0047,0.0182,0.0086,0.0233,-0.0038,-0.0043,-0.0033,0.0187,-0.0193,-0.0063,0.0178,0.0253,-0.0268,-0.0063,0.0,,,,,,,
349,5409,108,3,standing,-0.0014,2.9062,0.0111,-0.0236,-0.0046,-0.0119,0.0584,-0.8153,0.0764,-0.0315,0.3955,0.0506,1.2997,0.3685,-0.0437,0.0005,-0.0973,-0.0859,-0.0225,-0.101,-0.01,0.001,-0.1122,0.0096,0.0469,-0.02,0.0337,0.0156,-0.0089,0.0295,-0.0043,0.0309,0.0077,-0.0051,-0.0153,-0.0054,-0.0002,0.4872,-0.0168,0.0001,-0.0174,0.0087,-0.0158,-0.0057,0.4962,-0.0065,-0.0063,0.009,-0.0078,0.7582,0.0061,0.1308,-0.0186,0.0193,-0.0242,0.0094,0.0091,-0.0183,0.0803,0.0336,-0.0079,0.0192,0.037,0.0176,-0.1508,-0.0598,0.0067,0.0195,0.018,0.0221,-0.1191,-0.0081,-0.0013,-0.2302,0.0099,0.0888,-0.0072,0.0192,0.0081,1.4532,-0.0184,-0.0353,0.0057,0.0547,0.0226,0.4931,0.0121,0.0056,0.0081,0.0253,-0.0064,-0.0106,-0.0056,0.0232,-0.0207,-0.0141,0.009,0.0248,-0.0206,-0.0146,-0.0,,,,,,,
350,5410,108,3,standing,-0.0114,-0.6715,0.0073,-0.0068,-0.0002,-0.0556,0.0328,0.4546,-0.043,-0.0225,-0.2203,-0.0723,0.2443,0.0871,-0.0941,-0.0631,-0.1747,0.2276,0.2654,0.3878,-0.3977,-0.3463,-0.2781,0.3548,-0.0806,-0.0007,0.0505,-0.1002,-0.1104,-0.1198,-0.01,0.0183,0.008,0.0159,-0.0001,0.016,-0.001,1.4086,-0.0161,0.0469,0.0221,0.0464,-0.0093,0.0049,0.5594,0.007,-0.0088,0.0162,0.0151,0.959,0.02,0.1309,0.0058,0.0165,-0.0082,-0.0228,0.0172,0.0084,0.0339,0.0175,0.0247,0.0074,0.0308,-0.0195,-0.2302,-0.1012,0.0343,-0.0043,0.0332,0.0189,-0.1179,-0.0099,-0.0011,-0.3002,0.0092,0.129,-0.0101,0.0207,0.0091,1.4503,-0.0198,-0.0347,0.0044,0.0585,-0.0187,0.4994,-0.0042,0.0197,0.0153,0.0215,-0.0121,-0.0101,-0.0049,0.0196,-0.0182,-0.0121,0.0182,0.0168,-0.0223,-0.0039,-0.0,,,,,,,
351,5411,108,3,standing,-0.0049,1.5746,-0.0105,0.0226,-0.0214,-0.0316,-0.042,-1.2361,0.0781,-0.0694,0.5834,0.0879,0.177,-0.3632,-0.0204,-0.0007,-0.0507,-0.001,0.093,0.0806,0.02,0.0001,-0.01,-0.0096,0.0097,0.0053,0.0271,0.0128,-0.0135,0.0242,0.0031,0.0298,0.0063,0.0038,-0.0139,0.0068,0.0344,2.5585,0.0002,0.0169,0.0332,-0.0183,-0.016,0.0004,0.5092,-0.0047,0.0056,0.0051,-0.0171,0.9067,0.0174,0.1104,0.0166,-0.0087,-0.0188,0.0065,0.0268,-0.0198,0.0095,-0.0572,-0.008,0.0193,0.0176,0.0276,-0.1784,-0.0089,0.0173,0.0182,0.0178,0.0202,-0.1196,-0.0207,-0.0075,-0.3016,0.0091,0.1177,-0.0051,0.0199,0.0186,0.5818,-0.0253,-0.0285,-0.0031,0.0251,-0.0101,-0.4407,0.0038,0.0103,0.0206,0.0182,-0.0041,-0.0105,0.0041,0.0141,-0.0247,-0.0062,0.0131,0.0136,-0.0194,-0.0201,-0.0044,,,,,,,
352,5412,108,3,standing,-0.0117,-0.6955,0.0032,0.0087,0.0059,-0.0318,0.0005,0.0797,-0.0043,-0.0104,-0.0547,-0.0247,0.0622,0.2362,-0.0509,0.0216,0.0925,0.0856,-0.2053,0.2893,-0.2489,0.2968,0.306,-0.3675,0.2773,-0.0455,0.0406,0.1013,-0.119,0.2302,-0.0205,0.0182,0.0286,0.0291,0.0157,0.0291,-0.0098,1.4549,-0.0001,0.0,0.0806,-0.0151,-0.0158,0.0088,0.5077,0.001,0.008,0.0179,-0.0054,0.9464,0.0206,0.2502,0.0002,-0.0161,0.0067,0.0074,0.0253,-0.0166,0.0275,0.1122,0.0203,0.0184,0.0091,0.0165,-0.2169,-0.1105,-0.1308,0.0231,0.0071,-0.0394,-0.0886,0.0332,-0.009,-0.2202,0.0081,0.0899,-0.0096,0.0185,0.0195,0.4392,-0.0242,-0.0221,0.0054,0.0223,-0.0041,0.4298,0.0059,0.0111,-0.0138,0.0222,-0.0102,0.0062,-0.0063,0.0158,-0.0234,-0.0132,0.0245,0.0265,-0.0182,-0.0154,-0.0035,0.0,,,,,,
353,5413,108,3,standing,-0.0012,1.5289,-0.0119,0.0326,-0.0052,-0.0211,-0.0245,-1.0878,0.0746,-0.0556,0.4845,0.0414,0.1716,-0.3073,-0.0006,0.01,-0.0203,0.0655,0.0264,0.0507,0.0207,-0.0001,0.02,0.0203,-0.0002,-0.0135,0.036,0.0161,-0.0189,0.0193,0.0044,0.0284,0.0063,0.0092,-0.0151,0.0039,0.0803,2.5072,-0.0168,-0.0059,-0.0154,-0.0962,-0.0149,-0.007,0.5869,-0.0067,-0.008,-0.0087,0.001,0.8675,0.0082,0.1199,-0.0066,0.0201,0.0074,-0.0165,-0.0194,0.0081,0.0276,0.0977,-0.0176,0.0229,0.0247,0.0319,-0.2303,-0.0204,0.1012,0.0195,0.0202,0.1109,-0.1005,-0.0394,-0.0085,-0.2166,0.0088,0.0783,-0.0079,0.0196,0.0191,0.5018,-0.0199,-0.0184,-0.0031,0.0206,0.0098,-0.9737,0.0064,0.0226,0.019,0.0156,0.0019,0.0015,-0.0107,0.0141,-0.0236,-0.0131,0.0187,0.0227,-0.0248,-0.0092,-0.0123,,,,,,,
354,5414,108,3,standing,-0.0022,1.5382,-0.0102,0.0257,-0.0119,0.0007,-0.0375,-1.076,0.0559,-0.0413,0.4852,0.064,-0.1531,-0.2893,-0.0946,0.0854,-0.2082,0.2621,-0.2553,0.2757,-0.2445,0.2364,-0.3832,-0.3747,0.1018,-0.01,0.0505,-0.1006,0.1122,-0.1307,-0.0001,0.0433,-0.0139,-0.001,-0.008,0.0042,0.0086,2.5655,0.0063,0.0203,0.0065,-0.0187,-0.0151,0.0062,0.5068,0.0066,0.0069,-0.0072,-0.0183,0.9699,0.0079,0.2208,-0.0073,0.0189,-0.0222,-0.0192,0.0238,-0.0067,0.0594,0.1194,0.0171,0.0198,0.0248,0.047,-0.2509,-0.0332,0.0176,0.0207,0.0223,0.02,-0.0343,-0.0247,-0.0053,-0.2381,0.0085,0.0888,-0.0052,0.0191,0.019,0.5014,-0.0226,-0.0228,0.0084,0.0347,0.0064,-0.9567,0.0105,0.0242,0.0051,0.0094,-0.0047,0.0039,0.0015,0.0201,-0.0141,-0.0158,0.0197,0.0064,-0.0182,-0.0033,-0.0037,,,,,,,
355,5415,108,3,standing,-0.0014,2.0712,-0.0008,0.034,-0.0153,0.0059,-0.0424,-1.2543,0.0585,-0.0637,0.588,0.0453,-0.0922,0.1691,-0.023,0.0132,-0.001,-0.0001,0.0232,0.0094,-0.0231,0.0002,-0.0204,-0.0227,0.0507,0.0206,0.0309,0.0221,-0.0223,0.0151,-0.0044,0.0286,0.0082,0.0047,-0.0138,-0.0039,0.0248,1.4883,-0.0168,-0.0087,-0.0871,-0.0293,-0.0161,-0.0057,0.5584,0.0052,-0.0074,-0.0149,-0.0064,0.9775,-0.0166,-0.0806,0.0205,-0.0169,0.0067,-0.0238,0.0294,-0.0239,0.1192,0.1122,0.0077,0.0096,0.02,0.1014,-0.1981,0.0099,0.0373,-0.0089,0.0098,-0.1002,-0.2204,0.01,-0.0088,-0.2251,0.0086,0.0881,-0.0078,0.0192,0.0242,0.5335,-0.0207,-0.019,-0.0095,0.0253,0.0193,0.4885,0.0038,0.0121,-0.0046,0.0202,-0.0063,-0.0117,0.0118,0.0236,-0.0189,-0.0222,0.0233,0.0159,-0.0174,-0.0035,0.002,,,,,,,
356,5416,108,3,standing,-0.0011,-0.6513,0.0105,0.0012,0.0006,-0.021,0.0329,0.5841,-0.0414,-0.0276,-0.2844,-0.0568,0.0664,0.3885,-0.0143,-0.0001,-0.0857,0.0723,0.0508,0.0959,-0.0047,-0.0201,-0.1019,-0.1199,-0.0156,0.0161,0.0193,-0.01,-0.02,-0.0223,0.0033,0.029,0.0073,0.0035,-0.0189,0.0048,0.0236,1.6945,-0.0092,0.0179,0.0154,0.0078,-0.0153,0.0006,0.5591,0.0087,0.007,-0.006,-0.009,0.9775,0.0095,-0.0806,0.0194,0.0167,-0.0002,0.0096,0.0066,0.0072,-0.0278,-0.0098,-0.001,0.0227,0.0242,-0.0183,-0.1981,0.0171,0.018,0.0086,0.0206,0.0268,-0.1308,-0.0229,-0.0011,-0.2274,0.0084,0.0876,-0.0082,0.0188,0.0233,0.8657,-0.0221,-0.0253,0.0066,0.0243,0.0099,-0.4991,-0.0035,0.0238,0.0141,0.0254,-0.0051,-0.0064,0.0018,0.0248,-0.0168,-0.0158,0.0204,0.0094,-0.0189,-0.0203,0.0012,,,,,,,
357,5417,108,3,standing,-0.0012,0.7406,0.0122,0.0004,-0.0089,-0.0118,0.028,-0.0584,0.0082,-0.032,0.043,-0.0192,0.0624,1.4561,0.0052,-0.0116,0.0201,0.01,0.0741,0.0929,-0.0155,0.0851,0.0226,-0.0553,0.0237,0.0032,0.0375,0.0065,-0.0147,0.0282,0.0137,0.0304,0.0091,0.0157,-0.0054,0.0144,-0.0508,0.5967,0.0581,-0.0146,0.0807,0.0168,-0.0087,-0.0088,0.567,0.001,-0.0069,-0.0083,-0.0158,0.8664,0.016,-0.1017,-0.02,-0.0196,-0.0001,0.0078,0.0063,-0.0071,0.0278,-0.1001,0.027,0.0066,0.0275,-0.0,-0.2602,-0.0697,-0.0307,0.0222,-0.0259,-0.059,-0.1102,0.0305,-0.0095,-0.2203,0.0093,0.0953,-0.0085,0.0198,0.0227,0.4299,-0.0229,-0.0199,-0.0094,0.0228,0.0053,0.4792,0.0041,0.0235,0.0081,0.0179,-0.0106,-0.0119,-0.0023,0.0191,-0.0248,-0.0052,0.0187,0.0244,-0.0221,-0.0158,-0.0117,,,,,,,
358,5418,108,3,standing,-0.0012,1.5583,0.0122,0.025,-0.0153,-0.0315,-0.0411,-1.2067,0.0777,-0.0542,0.4844,0.0636,0.1732,0.3354,-0.0005,0.0159,-0.0858,0.0957,0.1939,0.2445,0.2527,-0.2329,0.2681,-0.3428,0.0002,-0.0146,0.0305,0.0205,0.0066,0.0332,-0.0138,0.0461,0.0092,0.0162,-0.0001,0.001,-0.0506,2.9986,0.02,0.0051,-0.101,-0.0804,-0.0163,0.0088,0.4979,0.0052,-0.0047,-0.0064,0.008,0.7895,0.0207,0.1302,-0.0208,0.0201,0.0276,-0.0165,-0.0247,0.0084,-0.1122,0.1109,-0.0221,0.0189,0.0307,0.1194,-0.2303,-0.0175,0.0185,0.019,0.0094,-0.1009,-0.1506,-0.0173,-0.0074,-0.3206,0.0087,0.1291,-0.0073,0.0252,0.0096,1.4751,-0.0243,-0.0347,0.0093,0.0597,0.0222,-0.9855,0.0056,0.0204,0.0055,0.0195,-0.0242,-0.0059,-0.0119,0.0194,-0.0185,-0.0164,0.0184,0.0087,-0.0173,-0.0209,0.0051,,,,,,,
359,5419,108,3,standing,0.0108,-0.7943,0.0073,0.0315,-0.0006,-0.0549,0.0225,0.4726,-0.0414,0.0013,-0.2042,-0.076,-0.1766,0.3568,-0.0002,0.0922,-0.0664,0.1191,0.0806,0.2762,-0.0507,0.2956,0.3491,-0.3054,0.1308,-0.0332,0.1015,-0.1107,-0.0441,-0.1124,0.02,0.0359,0.0097,0.0051,-0.0145,-0.0001,0.1001,1.8867,-0.01,-0.0052,-0.1505,-0.0187,-0.0046,0.0171,0.5761,0.0063,0.0078,0.0089,0.0159,0.767,-0.0198,-0.2502,-0.0083,0.0205,-0.048,-0.0237,0.0363,0.0074,0.2304,-0.3009,-0.0081,0.0092,0.0247,-0.0584,-0.198,-0.0177,0.2205,0.0172,0.0206,0.2164,-0.0671,-0.0195,-0.0086,-0.249,0.0075,0.0982,-0.0085,0.0199,0.0194,0.4506,-0.0221,-0.0196,-0.0046,0.0229,0.0204,0.4297,0.0203,0.0093,-0.0235,0.0159,-0.0038,-0.0053,-0.0111,0.0252,-0.0227,-0.0248,0.0195,0.0228,-0.0234,-0.0131,-0.0017,,,,,,,
360,5420,108,3,standing,-0.0033,2.3236,-0.0109,0.0364,-0.0242,0.0009,-0.0434,-1.1068,0.0774,-0.0556,0.5077,0.0695,-0.1431,0.0848,-0.0203,-0.0216,-0.0509,0.1836,0.2372,0.2521,-0.228,0.2426,0.2784,0.2947,-0.0002,-0.0807,-0.027,-0.1009,-0.1018,0.1502,-0.0051,0.02,0.0207,0.001,-0.01,-0.0038,0.1192,1.5785,-0.0163,-0.0202,0.0196,0.1121,-0.007,-0.0053,0.5475,0.0049,-0.0069,-0.0181,-0.0233,0.866,0.0001,0.0473,-0.0097,0.0092,-0.0158,0.0093,0.0079,0.0162,-0.0305,-0.1302,0.0067,0.0204,0.0091,0.0187,-0.2505,-0.0098,-0.0247,-0.0178,0.0173,0.0202,-0.1106,-0.0253,-0.0088,-0.3282,0.0052,0.129,-0.0052,0.0189,0.0083,1.4494,-0.0206,-0.0285,0.0087,0.0362,-0.0099,0.9505,0.0053,0.0054,0.0085,0.0243,-0.0118,-0.0119,-0.0035,0.0248,-0.0159,-0.0155,0.0091,0.0265,-0.0223,-0.0147,0.0,,,,,,,
361,5421,108,4,walking,-0.0918,-1.2485,0.1154,-0.1245,-0.0699,-0.1638,0.0852,0.5787,0.0429,0.0035,-0.2531,-0.0744,1.0105,-0.9827,-0.1758,-0.2826,2.8823,3.2263,-0.3664,5.6091,-0.398,6.479,1.6693,7.3046,-0.3494,0.3353,-0.5943,-0.6902,1.4861,-3.567,-0.3765,-2.8632,3.5577,-0.685,-0.7976,-0.4072,-0.7874,0.7592,0.4984,-0.2163,1.0322,1.9542,-0.119,0.0509,0.6762,0.1122,-0.1308,1.8973,0.1509,0.4406,-1.962,0.2806,1.5404,-0.2509,0.1105,0.0804,0.2207,-0.2309,-0.8311,-0.3454,-0.6163,-0.0007,0.4002,-0.3012,-0.3403,-0.3997,-0.2606,0.1015,-0.2242,0.9727,0.0002,-0.4507,-1.0477,1.1005,0.5648,0.5508,-3.9153,0.5753,0.0001,0.2017,-1.5194,-2.5249,0.001,-0.4751,-1.9443,-0.4993,-0.3641,-0.3758,-1.4013,-0.7408,-0.3706,-0.9659,0.3503,-1.3236,-0.5005,-0.4299,-0.7751,-0.3209,-0.7387,-0.0,,,,,,,,
362,5422,108,4,walking,-0.2559,-1.3183,0.0582,0.2402,0.1706,0.2954,-0.0375,0.4561,-0.0092,-0.1162,-0.1346,-0.0143,-0.1858,-0.9949,0.2867,0.1934,1.7941,2.2638,3.3074,-0.4035,-0.0857,1.3768,1.3696,-1.4897,-0.336,0.0953,0.447,2.5566,1.7898,5.6965,0.565,-2.398,-1.0742,-0.8851,-0.6487,-0.4783,-1.0463,0.4011,0.0509,-0.119,-1.8972,0.839,0.0007,-0.0205,0.7005,0.1017,0.1006,-0.9301,0.0671,0.5689,-1.9591,-0.7785,-0.8196,-0.2259,0.2507,0.2209,0.3452,-0.0803,-0.7699,-0.2604,-0.73,-0.0001,0.4408,-0.9029,-0.3642,-1.866,-0.9417,-0.1108,-0.2308,-0.4508,-0.1507,-0.8419,0.4992,0.9093,-1.5358,-0.1129,-0.6146,-0.3504,0.2167,-0.1306,-2.6103,-0.8182,0.2173,-0.7407,-0.4759,-0.3002,-0.3996,-0.5758,0.3706,0.3402,-0.5107,-1.3753,-0.5506,-0.5109,-0.5247,0.5009,-1.3806,-0.4683,-1.2805,,,,,,,,,
363,5423,108,4,walking,-0.1744,0.8333,-0.1648,0.5146,-0.2407,1.0539,0.093,-0.3554,-0.0176,0.0072,0.0421,0.0851,0.1445,-0.2659,0.2789,-0.2984,-0.5849,-1.3483,2.2567,3.6082,-0.6957,0.6422,0.4055,0.3347,0.3685,-0.3746,-0.5699,-1.7941,-0.7553,-0.8863,-0.3897,-0.6594,2.8742,-1.0215,0.669,0.7074,-0.8062,0.865,-0.0326,-0.0692,2.9568,-1.7791,-0.3018,0.0509,0.521,0.2162,-0.2808,-1.9893,0.2252,0.4509,-0.7861,0.7301,-1.968,0.0007,-0.2303,-0.1002,0.2606,0.2209,-0.5753,0.1306,-0.3992,-0.2502,0.1199,0.3751,-0.3606,-1.4005,-0.8122,-0.1011,-0.3457,1.4013,-0.0702,-1.5384,-1.8139,0.6209,-0.8751,-0.5002,-3.1505,0.4298,0.0806,0.1103,-1.3642,-1.3006,0.1126,-0.6001,0.5505,-0.3203,-0.3804,0.0822,-0.3704,0.4991,-0.5109,-0.7382,0.3403,-2.6306,-0.3505,-3.4757,-1.7509,0.4117,-1.3113,,,,,,,,,
364,5424,108,4,walking,0.189,-1.1903,0.0011,-0.0561,-0.0946,-0.1236,-0.1301,0.4542,0.1021,0.0852,-0.2523,0.0429,0.0734,-0.9538,0.1537,-0.0622,1.4849,-1.657,2.2857,3.4068,-0.3956,-0.4489,-1.7931,5.2654,0.6696,0.3058,0.3351,-2.4791,0.6955,0.9862,0.506,-0.5981,2.3567,0.8764,0.948,0.7772,-0.9978,0.8853,0.1309,-0.0225,3.8541,-0.863,-0.1199,-0.3013,0.6375,0.2259,-0.1015,-1.8445,-0.2608,0.4403,-0.9326,0.0506,-1.7319,0.1105,-0.0663,-0.1121,0.0803,0.1005,0.7433,-0.3646,-1.7645,-0.2305,0.9716,-0.5759,-0.1508,1.836,-0.3994,-0.2802,0.2208,1.8216,-0.1027,0.3457,-1.5408,0.6602,-0.2162,-0.3708,-2.4291,-0.4993,-0.3205,-0.0003,2.4015,-0.4003,0.3505,-0.2508,-0.3757,-0.4805,-0.3409,0.3002,-0.0684,0.6104,0.4752,-1.4506,0.0702,-0.4143,-0.3806,-3.0034,-0.9055,-0.3609,-0.416,-0.0,,,,,,,,
365,5425,108,4,walking,0.0943,-1.0796,0.0858,0.1555,0.0411,0.0054,-0.0546,0.4577,-0.0153,-0.1039,-0.2275,-0.0623,0.2702,-0.9319,0.2064,0.2651,1.6968,2.3357,0.3086,3.8862,0.3637,0.6581,0.3849,5.346,-0.5091,-0.479,0.2989,-0.9867,-0.8041,-0.9742,-0.4852,-1.9435,6.9985,-0.4495,0.7638,-0.597,-1.564,0.7879,0.0009,0.036,1.6663,-0.8711,-0.2169,-0.2302,0.6553,0.2259,-0.0503,-0.8212,-0.2806,0.5109,-0.7316,0.0232,-0.8757,-0.1126,0.3008,0.0809,-0.2503,-0.1199,-0.301,0.841,-0.4183,0.1302,0.1102,-0.3403,-0.8319,-1.4012,-0.747,-0.1015,0.1506,1.6118,-0.3993,-0.4758,-0.5158,0.5756,0.5134,-0.4504,-1.8192,-0.5264,-0.0001,0.1963,-1.799,-0.8013,0.1004,-2.2205,-0.7406,-0.4408,0.3456,-0.3609,-0.4292,-1.3641,0.2602,-2.7407,-0.4678,-1.6004,-1.4003,-1.0663,0.9446,0.3207,-0.7653,-0.0,,,,,,,,
366,5426,108,4,walking,-0.1748,-1.2091,0.1337,0.1659,0.1083,0.0106,-0.0581,0.4638,-0.1254,-0.0774,-0.1579,0.1431,-0.3075,-0.9525,-0.2276,0.0063,1.3356,2.1857,3.0941,5.4973,0.2447,8.2987,6.0898,0.9955,0.6792,-0.357,-0.2702,7.0328,9.6978,4.898,0.6561,2.584,11.3968,0.6664,-0.846,-0.7742,-1.9745,0.7219,-0.047,0.0507,2.889,-2.4486,-0.5094,0.1122,0.5218,0.3007,-0.2307,-2.3014,-0.1302,0.4006,-1.964,0.2252,-0.8519,0.1504,0.3993,0.2162,-0.0009,0.3703,-0.5505,0.628,1.4402,-0.1196,-0.822,-0.2809,0.4995,1.5008,-0.914,-0.2607,0.1003,2.8376,-0.101,0.2209,-1.0477,1.1102,-0.4503,-0.9319,-3.4015,0.7369,0.0261,-0.0807,3.5163,-0.4758,-0.1027,-2.4252,-1.5489,-0.3441,0.3642,0.5011,-1.9242,-1.0495,0.0753,-0.8578,-0.3805,-0.3404,-2.5756,1.0606,-1.3277,0.4117,-0.8759,0.3456,,,,,,,,
367,5427,108,4,walking,0.0034,-1.354,0.1346,0.0111,0.0973,0.1297,0.0539,0.5577,-0.0693,0.1657,-0.1542,-0.1454,0.2953,-0.8521,0.2551,-0.0466,1.2465,2.3068,0.6919,3.3684,-0.2861,5.4437,0.3343,6.3847,1.0859,-0.5067,0.0741,2.8974,0.8864,7.5881,0.4576,-1.6082,3.9963,0.4886,0.7562,-0.789,0.4972,0.037,0.0215,0.0505,3.878,1.7971,0.3003,-0.1303,0.56,0.1103,0.3207,3.5759,-0.2808,0.4504,0.8756,0.5212,1.9895,-0.2605,-0.3014,0.0009,0.3403,0.1194,0.2162,0.4299,-0.9645,0.1012,0.2307,-0.3459,-0.2202,1.8312,-1.9424,-0.1509,0.0809,1.839,-0.2258,0.0406,0.5015,1.1005,2.4004,0.3506,1.6004,0.7408,0.0409,0.0973,1.5504,-0.4753,0.0229,-2.4019,1.9558,-0.2508,0.4408,-0.0394,-0.3704,-1.8131,-0.4709,-1.4113,-0.3755,2.5249,-3.9086,-1.0201,-0.3641,0.0136,-1.3997,0.2242,0.0455,0.3162,,,,,,
368,5428,108,4,walking,-0.2539,-1.4262,0.0135,-0.7384,-0.1805,-0.3354,-0.0937,0.5794,-0.1584,0.1057,-0.0764,-0.0017,-0.2959,-0.2446,-0.3497,0.229,1.3092,2.9988,-0.2631,3.7948,0.5067,0.8977,0.4782,6.0636,5.684,-0.586,-0.6661,0.3849,1.6573,7.447,-0.7583,-0.0855,2.8742,-0.7845,-0.8567,-0.968,-1.6962,0.4312,-0.0503,-0.1503,0.862,1.7217,-0.2258,-0.0463,0.561,-0.037,-0.101,-0.531,0.0672,0.4098,-1.9551,-0.7499,-0.5757,-0.0216,0.1192,-0.0006,0.0803,-0.2246,0.768,-0.0277,0.3753,-0.1303,-0.3406,-0.3017,-0.2202,1.4252,0.3996,-0.0201,-0.1105,-0.2506,-0.2307,-1.7372,-0.4408,1.3451,-2.0473,-0.2164,0.9236,-1.9318,0.3207,0.1122,1.027,-0.4506,-0.0477,-1.3609,0.7143,-0.3503,-0.4757,-0.2606,-0.0681,-0.3644,0.3804,-0.5509,0.3007,-3.0603,-0.9093,1.4117,-1.4114,0.4994,1.9062,,,,,,,,,
369,5429,108,4,walking,0.3152,-0.8086,0.1732,1.0736,0.0892,1.2056,0.1243,0.4842,-0.0078,-0.1354,-0.354,-0.1621,-0.2438,-0.2853,-0.3379,-0.0561,2.3957,-0.6747,1.0182,-1.6589,-0.2544,3.2234,-0.3787,-1.2631,-0.6983,-0.6693,-0.045,-0.9545,-0.886,-1.5975,0.0946,-2.4941,-2.0699,0.3018,-0.5584,0.5862,1.6468,0.767,-0.1196,-0.0399,-0.9716,-0.7774,0.1019,-0.0505,0.6502,0.1104,0.0803,-2.9164,0.2604,0.4403,-0.8518,-0.9426,-1.9624,-0.3995,-0.1127,-0.1503,-0.0211,-0.3757,-0.9026,0.9881,0.7364,0.1307,-0.4012,-0.2162,-0.2506,0.5757,-0.4007,-0.2307,-0.0009,-0.3803,-0.0704,1.8644,1.3641,0.7369,-2.9574,-0.1004,1.6193,1.4758,0.2209,-0.2017,-0.5506,2.5184,0.2251,-0.5004,-1.4106,-0.3008,0.2803,0.3606,-1.4292,1.8391,0.4805,2.3451,-0.3251,-0.8751,0.4992,0.9059,-1.6009,0.4508,-0.7504,,,,,,,,,
370,5430,108,4,walking,-0.0116,-0.8411,0.0077,0.1403,0.0512,0.1519,0.0634,0.4438,0.0436,-0.0503,-0.269,0.0852,-0.2297,-0.2968,-0.2886,0.3349,1.0723,0.5864,-0.3941,3.4861,-0.0931,2.456,0.3553,6.7962,0.2788,0.3783,-0.1505,5.4787,-0.5567,-0.988,-0.6582,0.4095,2.6669,0.5475,0.5972,-0.5794,-2.765,0.567,0.0225,-0.1199,1.6315,-0.7499,-0.4612,-0.2254,0.6508,-0.3012,-0.3458,1.6146,0.0662,0.4589,-0.7891,-0.3007,1.8522,-0.2303,-0.1105,0.1305,0.1012,-0.2808,-0.4673,0.4003,0.5164,-0.0006,-0.2504,0.93,0.1124,1.7317,0.4403,-0.1002,0.0547,0.9214,-0.0001,0.3809,-0.9057,0.8182,-1.4118,-0.3709,0.3759,-3.4752,-0.2018,-0.1001,1.968,0.4117,0.2017,-0.9076,-1.4666,-0.2605,-0.3207,0.3994,-1.8015,-1.5695,-0.2205,-0.4995,0.4297,-0.7391,1.3649,0.5506,1.749,-0.3137,0.4018,-0.4709,0.0,,,,,,,
371,5431,108,4,walking,-0.1248,-0.8492,0.0103,0.0734,0.0582,0.1445,0.1519,0.4418,-0.0825,0.0463,-0.2638,0.0928,0.3397,-0.3973,0.0699,0.2077,1.2486,0.2291,2.4053,3.4792,0.0049,5.5965,-0.7536,6.3787,-0.6083,0.3072,0.2985,-0.6793,-0.8869,0.6696,0.5584,1.8057,4.5068,-0.7842,0.5864,-0.9852,0.4615,0.567,-0.0809,0.1129,2.5436,1.9561,0.2205,-0.0504,0.6005,0.1012,0.2509,2.7422,-0.0277,0.4648,1.301,0.0219,2.7962,0.2257,0.1309,-0.1006,-0.1198,0.1505,-0.7614,0.2167,1.2603,-0.1102,-0.3207,0.8971,-0.2805,1.9426,-0.9067,-0.0007,-0.0001,1.3998,-0.2241,-0.5502,-1.4293,0.8759,0.8644,-0.3452,2.4757,-0.3005,0.1027,-0.2015,2.5759,-0.3641,0.0442,1.4502,0.2307,-0.3606,0.3503,-0.0879,1.9554,1.4994,-0.3757,2.8594,0.3707,1.0477,0.3409,-0.6193,0.7508,-0.3441,-1.9242,-0.4674,0.5002,1.4106,,,,,,
372,5432,108,4,walking,0.1445,-1.0903,0.0853,0.1534,0.1152,0.2459,0.0584,0.3897,-0.0791,-0.0462,-0.1877,0.0056,0.1674,-0.905,-0.2366,0.2071,1.4469,2.4826,3.3776,5.2741,0.3668,0.336,2.2557,6.7547,0.0185,0.3079,0.2829,0.4063,1.9988,1.5539,-0.5898,-2.8046,3.6494,-0.7851,-0.3565,-0.4982,0.8612,0.437,-0.0696,0.1005,2.8316,0.5401,0.3403,-0.1509,0.6557,-0.0007,0.1307,1.8767,-0.2259,0.4061,-0.9481,-0.0215,1.1196,-0.2163,0.2803,0.2505,-0.2203,0.1126,0.8972,0.3759,0.3005,0.0809,-0.3019,0.9567,-0.4006,-0.731,-0.4994,-0.0503,0.1012,1.4291,-0.1981,-0.5756,-1.5002,0.9684,-1.5506,-0.2602,0.3505,-1.4503,0.0181,0.2015,-2.2304,-0.8986,-0.0002,-1.0202,-0.4672,-0.3806,-0.3205,0.3707,-0.3609,-1.0292,0.3453,-0.9212,-0.4017,-3.4183,0.6163,-1.6208,-0.8672,0.3994,-1.6505,0.0278,0.4164,,,,,,,
373,5433,108,4,walking,0.0107,-0.8486,0.0038,0.0421,0.0324,0.0928,0.1061,0.4577,-0.0655,-0.0211,-0.2075,-0.0559,-0.2984,-0.3968,0.1636,-0.2219,-0.1763,0.3497,0.0854,1.4864,-0.2327,0.4489,0.6686,2.583,0.4769,-0.3572,-0.2251,0.609,-0.4078,0.7056,0.1194,3.7937,0.9949,0.508,-0.4617,0.7301,0.9892,0.4312,-0.0803,-0.2603,2.7617,-0.5781,-0.0009,0.0505,0.6588,0.1505,0.1004,3.9562,-0.1309,0.4053,-0.7467,0.9426,1.8517,-0.1017,-0.1107,0.3208,-0.0661,0.2809,-0.4292,0.3002,0.3017,-0.1124,-0.2505,0.932,0.8715,-0.4997,-1.2307,-0.3402,-0.2246,1.3459,-0.1963,-0.8216,-0.9635,0.9101,-2.3991,-0.4406,0.8756,-3.4505,0.2205,0.02,-0.8323,-2.3646,-0.0134,0.9552,-1.8482,-0.3503,-0.3756,0.5695,-1.539,-0.6135,0.0755,1.0682,-0.5758,-1.0473,-1.5508,-0.9452,5.4368,-0.3808,-0.8495,0.0753,,,,,,,,
374,5434,108,4,walking,-0.1768,-1.1469,0.0012,0.2548,0.0426,0.1658,0.0746,0.5902,-0.0543,0.1067,-0.2741,0.0156,-0.3332,-0.9528,0.2277,-0.2953,1.2454,3.6035,2.4794,-0.3878,0.5742,0.8844,2.9839,0.453,-0.6481,-0.0697,0.0973,0.4074,1.7965,6.0887,-0.3689,-0.8566,-3.4976,-0.3796,0.037,-0.5072,-1.5591,0.8437,-0.0508,-0.1017,-2.9375,-1.6319,-0.0005,-0.1192,0.6503,-0.1122,-0.2302,2.4189,0.2603,0.4082,-1.8052,0.9971,1.6214,-0.1002,0.2204,-0.1107,-0.0362,-0.0807,-0.8629,0.3752,-1.5756,-0.1509,0.3019,-0.9037,-0.3454,0.4294,-0.8319,-0.2246,-0.3608,-1.926,0.0473,-0.4006,-0.7751,0.9404,-2.5134,-0.3408,-1.2802,-0.5015,-0.1305,0.2011,0.399,-0.5276,0.2166,-1.7386,-0.6163,-0.3706,0.4678,-0.3001,-1.0201,-0.4402,-0.3503,-1.6104,-0.2258,-3.3806,-1.4252,0.6173,-0.5681,0.2505,-2.617,,,,,,,,,
375,5435,108,4,walking,-0.1146,-1.0734,0.0112,-0.0845,-0.0953,-0.1344,0.0549,0.5738,-0.1439,-0.1552,-0.2366,-0.2551,0.1603,-0.7767,0.063,0.1822,1.3661,-0.5827,2.3788,3.2679,-0.4084,0.2904,0.5559,5.7083,-0.6964,-0.4885,-0.2899,-0.6898,-0.4793,0.5086,-0.0041,1.906,6.7843,0.7596,0.658,0.5627,-0.0219,0.7218,0.1122,-0.2162,3.7318,-0.8742,0.0007,-0.1109,0.6506,-0.0502,-0.0441,3.9723,0.2603,0.5475,-0.8981,0.9562,2.746,-0.1199,0.1013,0.1002,-0.3014,-0.0804,0.3402,-0.9414,0.7617,0.1504,-0.2509,-0.3643,-0.3752,0.2205,-0.5014,-0.2251,-0.0473,2.8755,-0.2303,-0.4291,-1.8013,0.9141,-2.3993,-0.3504,-2.0477,0.3805,-0.0052,-0.2017,0.9446,-0.3005,0.1305,0.4751,-2.2803,-0.3205,0.3606,-0.3452,-0.4013,-0.5503,-0.4673,-0.5752,0.2243,-3.4503,0.4992,-0.7757,-0.0455,-0.4687,-3.7502,,,,,,,,,
376,5436,108,4,walking,0.1894,-1.0535,0.0112,0.1581,0.1329,0.0955,0.0034,0.4462,0.0439,0.1057,-0.0837,0.1438,-0.1672,-0.9075,-0.2786,-0.2541,1.6922,3.6058,2.2349,-0.9831,-0.4884,0.8832,-2.4028,-1.0793,5.6826,-0.597,-0.3064,-0.4791,-1.7778,6.3353,-0.438,-2.7952,-0.5699,0.5083,0.8946,0.6765,-1.038,0.5466,0.0695,0.1195,-1.7445,-1.8519,-0.0505,0.0009,0.6509,-0.022,-0.1003,1.2169,-0.0477,0.4396,-0.7624,-0.823,0.9624,0.0759,-0.2604,0.0809,-0.2809,0.2508,0.8731,0.9723,0.4013,0.3009,-0.2254,0.3403,-0.3993,-0.4002,0.3458,0.1504,0.1018,-0.7382,-0.1108,-1.5758,-0.9215,0.8757,-2.8113,-0.4991,-0.0606,-0.4751,-0.1126,-0.2016,0.3754,-0.2303,-0.0441,-2.4136,-0.3012,-0.3508,-0.4674,0.3709,-0.3644,-1.0267,-0.4138,0.1305,-0.2203,-2.4117,-0.5008,-0.7143,-1.9558,-0.4689,0.7657,,,,,,,,,
377,5437,108,4,walking,0.1655,-1.1291,-0.1346,1.1403,0.1165,0.7382,0.0501,0.5869,-0.0084,0.1041,-0.2559,-0.2386,-0.1842,-0.3876,0.2054,-0.2421,2.0977,3.3079,5.0461,-0.2968,-0.3967,1.4953,7.3327,-0.4434,-1.7848,0.2651,0.0881,-2.2873,2.4052,6.5035,0.0743,-2.6696,-0.6489,0.4536,-0.5783,0.8056,-2.0694,0.7085,0.0803,0.0212,-0.9563,1.6088,0.2304,0.1197,0.4793,0.2605,0.3458,-1.9075,0.1018,0.4502,-0.8747,-0.2207,-1.9962,0.2809,0.0007,-0.1303,0.1508,-0.0506,-0.9874,0.1109,0.5695,0.3207,-0.3759,-0.5754,-0.3993,1.3015,0.9767,-0.0264,-0.1008,-0.5109,-0.2165,0.8216,2.5276,0.9215,0.4757,-0.4684,0.4698,-1.9164,0.1024,0.2252,1.5003,0.4298,0.1111,-2.4993,0.3505,-0.4805,-0.4019,-0.0672,0.7408,-0.5184,0.3647,0.3008,0.4679,-3.3709,0.7653,-0.7676,-0.9236,0.4165,1.9558,0.7138,0.3232,,,,,,,
378,5438,108,4,walking,-0.1349,-1.1423,0.0559,-0.0962,0.1604,0.1165,-0.0169,0.3903,-0.0042,0.0212,-0.2772,0.0851,0.1747,-0.8931,0.2446,-0.0718,1.2056,3.2637,2.2855,6.3073,-0.4429,5.6879,0.7598,9.4584,7.2591,-0.3354,0.0635,8.5066,15.6743,0.587,-0.3497,1.8874,3.8636,-0.4096,0.9993,-0.5748,-1.6476,0.6095,-0.0506,0.2605,2.7852,-0.5384,-0.3009,0.2208,0.538,0.2307,0.3013,1.71,0.0809,0.5132,-1.7785,-0.871,1.9427,-0.1194,0.1304,0.2162,-0.1014,-0.1127,-0.3644,0.1104,0.619,0.0009,-0.2803,-0.4292,-0.3205,-0.9065,0.4405,-0.02,0.0473,1.6332,-0.2508,-0.9666,-1.9452,0.9228,-0.3997,-0.3804,-0.8213,-2.8117,-0.2252,-0.1507,-0.8315,-0.8443,-0.0001,-1.3756,-1.4016,-0.3457,0.4502,0.4009,-1.5164,-1.5508,-0.4687,0.5109,-0.3702,-0.7753,-3.5002,1.4998,-0.8482,-0.3403,-0.8753,-0.4674,,,,,,,,
379,5439,108,4,walking,-0.0104,-0.8486,0.1373,-0.0849,-0.0568,-0.0712,0.0215,0.4763,-0.0032,-0.0928,-0.2452,-0.0697,-0.3374,-0.3723,0.276,0.1936,-0.2541,1.2218,2.4085,3.2681,0.3058,0.7579,-0.7731,0.5053,-0.598,-0.2984,0.4854,1.4565,-0.3461,0.5743,0.3835,-1.4469,5.5699,-0.7083,-0.5578,0.6789,-0.6672,0.6498,-0.1005,0.038,1.9547,-2.8788,0.4624,0.0008,0.7636,0.3403,0.5504,0.862,0.0809,0.4409,2.1102,-0.2167,1.964,0.2305,-0.3993,-0.0507,0.3757,0.1126,-0.1503,0.2209,1.1191,-0.2505,0.2251,0.3013,-0.1308,-0.9436,-0.7382,-0.3457,-0.2807,1.4106,0.0277,0.4751,-0.915,0.6135,-3.9152,-0.2604,1.8473,-0.9099,0.0262,-0.2011,-1.0477,-0.3503,-0.3209,-2.9314,-0.4138,-0.3606,0.4679,-0.4504,-1.5249,-1.3184,-0.4008,-0.5194,-0.3001,-4.3806,-0.5014,-0.4017,-2.5107,-0.3703,-1.1012,-0.0,,,,,,,,
380,5440,108,4,walking,0.0963,-1.2891,-0.0439,-0.4187,0.1056,-0.1437,0.1344,0.4745,-0.1555,0.0016,-0.1765,-0.0718,0.3524,-0.9831,0.0179,0.0554,1.4829,3.2368,2.5827,-1.8846,0.3357,0.6051,0.3689,-0.4959,-0.6797,0.0638,0.0841,-2.3078,5.4364,1.6962,-0.7596,-1.9902,-3.5081,0.7084,-0.8716,0.8082,-0.7466,0.7792,-0.2253,0.1003,-2.9542,-0.8542,0.2209,-0.0329,0.7638,-0.1103,0.0809,-2.9439,-0.3018,0.4405,-0.5328,0.1303,-1.8576,0.1129,-0.2165,-0.0006,0.3208,-0.0503,0.5752,0.3703,-0.904,-0.3001,0.4013,-0.7322,-0.1505,1.427,0.3997,-0.2246,0.0404,-0.7753,0.2307,-1.8645,2.4292,0.9053,-0.3751,-0.9329,0.833,-2.9134,0.1013,-0.0001,2.3643,-0.3508,0.1194,-0.5004,-0.4007,-0.4991,-0.2604,0.0168,0.5015,-0.3406,-0.3459,-0.414,0.3603,-3.4502,-0.2807,-0.5681,-1.799,0.4689,-0.7706,-0.25,,,,,,,,
381,5441,108,4,walking,-0.1091,-1.2053,0.0142,0.1602,0.1348,0.1822,-0.1469,0.5549,-0.0735,-0.0054,-0.2547,0.0417,0.0962,-0.8819,-0.2659,0.3327,1.6051,2.2457,3.0697,-1.6887,0.2873,0.5081,0.0538,-1.7943,-0.4544,-0.3499,-0.0866,-1.3964,1.6778,-2.5883,-0.467,-3.7585,0.8636,0.9861,0.8063,0.6582,0.9537,0.5622,-0.037,-0.0508,-1.7433,-0.5212,0.1191,-0.0473,0.4409,-0.1122,0.1309,-1.9415,0.1012,0.449,-0.7792,0.7645,-1.9645,-0.3012,0.3648,0.2604,0.2303,0.1105,-0.8966,-0.4008,0.8427,-0.1509,-0.4015,0.2251,-0.3993,1.749,-0.4994,-0.0006,-0.3004,-0.5754,-0.2205,-1.3509,-0.914,0.9687,0.4753,-1.2164,-0.3751,1.3456,0.0406,-0.0001,2.5648,-0.3209,0.0804,-0.3708,-0.2806,-0.3441,0.3257,0.1003,-0.5002,-0.3104,0.2505,-0.4671,0.0702,-2.3232,-0.5689,0.5014,-1.0995,0.0267,1.7382,-0.3802,,,,,,,,
382,5442,108,4,walking,-0.1093,-1.0907,0.1392,0.5146,0.2597,1.1435,0.0877,0.5941,0.0149,0.163,-0.1555,0.0043,0.0523,-0.8965,-0.2078,-0.2863,2.2454,3.3686,0.5883,6.2772,0.2652,0.229,1.3968,7.4799,2.4034,0.0437,0.0213,2.0694,1.6631,3.5085,-0.3896,-0.7056,3.8053,-1.7903,0.7475,0.4469,-1.4548,0.6071,0.0007,0.1303,2.8437,-0.6761,0.1195,-0.2209,0.5746,0.2802,0.1503,2.6462,-0.0505,0.4502,1.4012,-0.3001,0.763,-0.2505,0.1106,0.1015,-0.2606,0.3408,0.9873,-0.2169,-1.8701,0.2246,0.821,0.3454,-0.4007,-1.9567,0.4753,0.1122,0.0292,1.8881,0.1006,-0.549,-0.911,0.8753,0.0663,-0.2251,2.0332,-0.3759,0.0169,0.0804,-3.3809,-0.7189,0.0238,-1.3646,-0.2302,-0.3605,-0.3207,0.0199,-0.3017,-0.5757,0.5506,0.9059,0.3508,-0.0682,0.5002,-2.4294,-1.9795,-0.416,0.8492,0.4303,-0.4708,0.0,,,,,,
383,5443,108,4,walking,-0.1162,-1.1246,0.1358,1.2634,0.055,2.0104,-0.0877,0.4554,0.0093,0.1436,-0.2898,0.0769,-0.2056,-0.3397,0.2486,0.1744,1.7978,-0.8906,3.406,-1.5948,0.5585,0.6468,1.2352,-2.377,-1.2757,0.3581,0.3976,-3.3872,1.6691,0.0375,0.4963,-1.8467,-1.8892,0.8741,1.8082,0.0965,-1.9953,0.4018,-0.1197,-0.0508,-1.4795,-0.5184,-0.2807,0.1014,0.7433,0.0803,-0.1307,-2.3996,0.2251,0.4408,-0.9619,-0.025,-1.8344,-0.3008,0.1508,-0.2606,-0.3404,-0.3606,-0.9437,0.2169,1.73,-0.1129,-0.3644,0.9028,-0.3456,1.4807,-0.4298,-0.1102,-0.2242,-1.4756,-0.2307,-1.4993,-1.5009,0.8752,-2.4503,-0.4679,-2.3805,0.3751,0.0009,-0.2017,0.3019,-0.5509,-0.3207,-1.3702,-1.8356,-0.3441,0.2504,0.4689,0.5494,-0.0332,0.1004,-0.8492,-0.0752,-2.7706,-0.5758,0.4003,-2.5134,0.5015,-0.4247,-0.0,,,,,,,,
384,5444,108,4,walking,0.1172,-1.2885,0.0908,0.6247,0.0546,0.3944,-0.079,0.3581,-0.0601,0.1757,-0.2432,-0.1254,1.1556,-0.3791,0.226,0.048,3.2542,2.5902,-0.4827,-2.9955,-0.3379,-2.3665,0.2973,-1.8849,-0.8966,-0.684,0.4558,-0.7871,-3.7096,6.5077,-0.0098,-1.6734,-3.6497,0.7469,-0.7638,-0.5375,-1.4795,0.4002,0.0399,-0.1017,-1.4399,-2.9509,0.3018,0.0008,0.5264,0.4013,0.1109,1.8717,0.2169,0.5121,1.9437,0.0503,1.835,-0.0809,-0.1303,0.1005,0.1129,0.1195,0.7291,0.846,-1.8273,0.2205,0.638,-1.419,-0.2603,1.0404,-0.2309,0.0606,-0.2806,-1.8617,0.0027,0.3756,1.8586,0.6602,-1.9552,-1.3995,2.8759,0.8391,0.2253,-0.001,3.8225,-0.3403,-0.3707,-2.5001,-1.4297,-0.2242,-0.1505,0.3007,-0.0642,-0.9312,0.3641,-0.923,-0.4993,-3.8488,0.8473,-0.5014,-0.8578,0.0257,-0.9607,-0.4403,,,,,,,,
385,5445,108,4,walking,0.0976,-1.1803,0.0535,0.2329,0.0873,0.0165,-0.1606,0.5577,-0.1253,0.1757,-0.2784,-0.1379,1.0799,-0.8832,-0.209,-0.2558,2.2651,0.3489,3.4721,-0.2852,-0.4956,-1.0063,5.3795,-2.6424,-2.6836,0.0469,0.3986,-1.5062,2.596,-0.4087,-0.7081,-0.3872,-2.3374,-1.4893,0.8575,-1.4492,0.8091,0.9466,0.1303,0.4638,-1.9843,-0.7897,0.1006,-0.0219,0.6506,0.0008,-0.1194,1.3018,0.0804,0.5467,1.4294,-0.0503,1.3995,0.1104,-0.1018,-0.2802,0.3409,-0.2303,-0.3758,0.3506,1.8318,-0.1509,-0.3644,-0.5754,0.0606,-1.4506,0.3003,-0.0262,0.2254,-0.2163,-0.2607,1.839,-1.4118,1.2209,-0.822,-0.9617,0.6146,-0.3606,-0.0145,0.0642,-1.719,2.3802,0.1129,-0.4011,0.4152,-0.3102,0.4006,-0.4689,0.5502,-0.4408,-0.2241,-0.6138,0.4807,-1.4994,1.5007,-0.5276,-0.4143,0.3709,1.4188,0.6559,,,,,,,,
386,5446,108,4,walking,-0.1567,-1.1346,0.1056,0.1162,-0.0893,-0.0955,0.0423,0.4861,-0.0731,0.0052,-0.2743,-0.0559,1.0177,-0.2891,0.2275,0.0345,0.6986,2.5818,3.3389,-0.2942,-0.3621,-0.4496,6.0697,-0.244,-0.9863,0.479,0.3881,1.3041,0.9972,7.3957,0.3551,1.8049,-1.3485,-0.6076,-0.3764,0.685,-1.6694,0.787,0.1129,0.1305,-1.7344,-0.7902,0.0809,-0.2253,0.6592,-0.2309,0.1108,-2.5435,0.1018,0.5505,-0.8711,0.1506,-1.9666,0.2506,0.1003,-0.0505,0.2243,-0.3408,0.4299,0.8311,1.7143,-0.3009,-0.9523,0.8884,0.2603,-1.7427,1.2167,0.2802,0.1199,-0.8117,-0.3203,-1.7385,1.8391,0.6257,-0.4252,-0.3754,2.5758,-0.5165,-0.2204,-0.2016,-2.0332,-0.7189,0.2173,-0.5489,-1.539,-0.3642,0.3807,-0.3609,-0.5695,0.3997,0.3013,-0.9676,0.4396,1.4506,-0.0661,-3.5007,-0.3509,-0.0003,2.4008,-0.4123,,,,,,,,
387,5447,108,4,walking,0.1394,-1.0112,-0.1727,0.1409,0.0079,-0.2572,0.1167,0.4846,-0.0834,-0.0426,-0.2452,-0.0553,-0.1807,-0.974,-0.1645,0.037,1.5864,2.3622,3.2969,-0.4943,-0.3341,0.3977,3.7538,-0.7868,-1.5583,-0.3087,0.068,-2.9835,-1.856,2.3742,-0.5092,-1.6581,-1.9959,0.4463,-0.4795,-1.8966,-0.9067,0.6559,0.1109,0.1198,-0.5784,-0.9637,-0.3014,0.0006,0.5617,0.2606,-0.3641,-1.6215,0.2505,0.4405,-1.8873,-0.5419,-1.7625,0.1126,-0.2203,0.1015,-0.1006,-0.2169,0.021,-0.3704,1.8217,-0.2243,-0.3991,-0.7437,0.8628,-1.4291,0.2808,0.1309,0.0507,-0.5505,-0.1508,-1.8376,0.5154,0.8493,-1.9325,-0.3408,-2.0477,-0.8139,-0.2302,0.001,-0.3458,-1.3754,-0.0807,-2.5008,-0.3504,-0.3606,0.2253,-0.3007,-0.4014,-0.3803,-0.3209,-0.0752,0.4752,-0.8751,-2.4608,0.6138,-0.4508,-0.4672,1.0102,,,,,,,,,
388,5448,108,4,walking,0.0885,-1.2547,-0.1531,-0.1852,-0.047,-0.271,0.1209,0.5901,-0.0741,-0.1354,-0.2951,-0.1906,1.0558,-0.7916,-0.3891,0.036,2.0062,-0.6523,3.2036,-0.3581,-0.4076,-0.8877,2.2673,-2.4939,-0.2897,0.4868,-0.3499,1.5543,1.8944,-0.6496,-0.022,-1.5793,-2.9861,-0.678,0.745,-0.7537,-0.8469,0.7871,-0.1306,0.0003,-0.4645,2.5601,0.5317,0.0504,0.6672,0.3019,0.4997,-1.8376,0.2259,0.4152,-2.8701,0.9411,-0.9519,-0.3454,0.2303,-0.1009,-0.1503,-0.3006,-0.8216,0.1104,-1.4298,-0.3642,0.8344,-0.3993,-0.3808,-0.4405,0.8614,0.2202,0.1122,-0.4008,-0.2165,1.3508,2.1193,0.9558,0.9021,-0.4505,0.9212,-2.8757,0.3408,-0.2804,-0.9666,2.9795,-0.2171,-1.5507,1.5109,-0.4019,-0.2608,-0.4682,1.3757,-0.9236,0.5758,-1.4138,-0.1012,-3.2505,2.8489,1.3606,-0.5663,-0.3702,1.9607,,,,,,,,,
389,5449,108,4,walking,0.0735,-1.2552,0.0601,-0.1608,0.0059,-0.159,0.1234,0.3945,-0.1469,-0.0422,-0.2853,-0.1872,0.0549,-0.7917,0.2942,-0.035,1.2361,-1.7855,2.2784,3.3344,0.6858,-0.886,-1.2632,6.9985,-0.4881,0.5466,0.3686,0.374,1.3867,-0.5794,0.097,-2.8743,2.9846,0.7597,0.6541,0.6489,-0.7771,0.4015,-0.478,0.2165,2.7639,1.8219,-0.1505,0.1104,0.5699,0.1308,-0.2309,1.7499,0.2609,0.4406,-0.7301,0.9568,1.6345,-0.2508,0.0503,-0.0212,0.101,-0.3001,-0.0007,0.4298,-0.9631,-0.0807,0.3805,-0.2808,-0.3995,-1.3751,0.4993,-0.3012,-0.2253,0.5751,-0.2203,1.836,0.0238,0.9056,2.5184,-0.4006,-2.9322,0.3508,0.1004,0.2017,-1.5505,2.9236,0.2243,-0.1124,0.5015,-0.4681,0.1194,0.4187,1.0495,-0.4103,0.3409,0.9097,0.4805,2.6006,2.6163,0.0752,-0.4165,0.3705,-0.9607,-0.416,-0.4504,,,,,,,
390,5450,108,4,walking,0.1836,-1.1255,-0.0045,0.0198,-0.1551,0.1356,0.1604,0.3558,-0.0846,-0.0922,-0.0773,-0.1926,1.2861,-0.2986,0.063,-0.1744,-1.4963,2.2559,3.5799,-0.6937,-0.2443,-0.2348,2.8977,-2.6793,-0.397,0.4734,0.0552,-2.038,-0.8897,-1.7583,0.6038,-0.4071,-3.5466,0.7974,-0.0216,-0.9568,0.6492,0.8541,0.0505,0.0003,-2.722,-1.6584,0.1005,-0.1506,0.6503,-0.1197,0.0286,-2.7853,-0.1302,0.4395,-1.7617,0.2252,-1.823,0.2166,-0.3759,-0.3997,0.2605,0.3505,0.6213,0.1018,-0.8121,0.2305,0.3017,-0.4993,0.3008,1.9619,0.4753,0.02,0.2202,-1.9428,0.009,-0.8716,1.0384,0.8758,-0.9666,-0.5757,3.1104,0.9762,0.0332,-0.0001,2.5002,0.5194,0.0809,-0.5165,-0.3406,-0.3208,0.2509,0.3457,-1.429,0.4015,-0.2805,-1.9094,0.4007,-0.7687,0.4368,2.9079,-1.4502,-0.3649,2.3808,-0.4702,,,,,,,,
391,5451,108,4,walking,0.0872,-1.0536,0.0107,0.2348,-0.0943,0.1429,0.0059,0.5499,-0.0416,0.1256,-0.3547,-0.063,0.176,-0.902,0.1942,-0.1885,1.5534,-0.7875,2.6979,3.4582,-0.3381,0.3883,2.2753,-0.8863,-0.3928,-0.2694,0.3746,-1.6786,-0.5066,-0.5884,-0.4474,-1.5792,2.6541,-0.9768,-0.4096,-0.8964,0.9517,0.4977,-0.0329,0.1005,3.7319,1.877,-0.0806,-0.028,0.6502,-0.1507,-0.1196,3.1012,-0.2505,0.5494,0.9329,-0.2209,1.9236,-0.2609,-0.1108,0.0477,0.1306,-0.0503,0.7618,0.3708,-0.4006,0.0293,0.2259,-0.3015,0.3451,-1.3994,0.9898,-0.1129,-0.001,0.4402,0.0453,-1.4252,0.6602,0.9405,6.3008,-0.4298,-2.5184,1.3754,0.02,0.2014,-1.4994,-0.0455,0.3205,-0.4502,-0.3641,-0.3603,0.0003,0.2309,-0.4103,-0.3504,-0.0995,0.7752,-0.5753,7.7018,-0.2807,1.4648,2.9554,-0.2165,-0.979,0.6006,,,,,,,,
392,5452,108,4,walking,-0.0534,0.8333,0.1646,0.0169,-0.0463,0.0843,-0.1422,-0.4549,0.0038,0.1244,0.135,0.0632,1.0797,-0.2842,-0.267,0.1936,-0.2373,-1.4852,0.2459,2.3054,0.3567,3.6855,0.7929,-0.9862,-0.7725,-0.3361,0.0364,-0.6053,-0.7572,-0.4794,0.5766,2.5639,0.409,0.8858,-0.848,0.9981,-1.8937,0.0978,0.0225,0.0003,2.6585,-1.743,0.2803,-0.1124,0.5508,-0.1107,-0.0509,1.8716,0.1017,0.3693,1.5495,0.8326,0.823,-0.1305,0.0473,0.0804,0.1503,0.1006,0.2251,-0.2308,-0.862,0.301,0.3757,-0.3606,-0.2205,-1.4014,-1.7382,0.1191,0.0661,-0.9519,0.001,-0.7675,0.3993,0.5121,-1.539,-0.4507,2.4005,-0.968,-0.2506,-0.201,-1.2606,-0.8182,0.0332,2.4409,-0.4994,-0.5751,0.3642,-0.4682,-0.3004,-1.4187,-0.2163,6.3459,-0.3405,-1.6001,-1.4754,-0.9689,-1.719,0.5005,-0.4807,0.3804,0.0,,,,,,,
393,5453,108,4,walking,0.0148,-1.145,-0.0872,0.0953,0.0582,0.1612,0.1722,0.4577,-0.1093,-0.0778,-0.2342,0.0049,1.3346,-0.3532,0.207,0.1869,-0.5957,2.6829,0.3883,3.2655,-0.3087,-0.9827,-1.7976,-0.3741,6.2594,-0.036,0.3492,1.8928,1.6462,7.4731,-0.4484,0.7581,4.9985,0.5839,0.4067,0.669,0.748,0.8635,-0.0215,0.0505,3.8843,0.6597,0.0696,0.042,0.5699,-0.1505,0.0005,3.9517,-0.2505,0.4502,-1.5445,0.4017,1.419,-0.2253,-0.2305,-0.2242,0.2167,0.3458,-0.4004,0.734,-0.6143,0.1121,0.1103,-0.0443,-0.2207,-1.1307,-1.4752,-0.0807,0.0406,1.9355,0.0002,-0.3009,-1.4299,0.6014,-0.8695,-0.1192,1.6163,-0.4995,-0.0332,0.0702,-2.9164,-0.4408,0.0191,-0.6108,0.3752,-0.1013,-0.3207,-0.4674,0.5751,-0.3502,-0.2602,-0.8757,0.3646,0.9446,0.5502,-3.1009,2.3019,-0.0879,-1.2803,0.3609,0.01,,,,,,,
394,5454,108,4,walking,-0.1462,-1.0839,0.1704,1.0947,-0.1082,-0.3343,0.079,0.4469,-0.0089,-0.055,-0.1853,0.1259,0.2698,-0.2742,0.1535,0.0155,3.2054,2.2393,-0.3485,-1.8897,-0.2557,-1.6486,-1.2887,-0.9941,-2.6561,-0.033,-0.4858,-0.4577,1.7851,-2.6879,0.6791,-0.9532,-3.4636,0.0692,-0.3852,0.3775,-0.4981,0.607,-0.2164,0.4072,-1.6694,-1.8056,-0.2803,-0.1507,0.6312,-0.1196,-0.0006,1.022,-0.1126,0.4679,-1.734,0.7617,0.9622,0.1304,0.3015,0.2304,-0.0504,-0.0277,0.7424,0.3808,0.3995,0.0803,-0.2607,-0.8401,-0.5758,-1.4993,-0.2202,-0.1014,-0.2246,-0.3509,0.0663,1.0332,2.0207,0.8344,-0.3457,-1.2505,-1.3757,-0.3006,-0.0001,0.0002,-2.7136,1.4138,-0.0302,-0.5504,0.8122,-0.3205,-0.4297,0.4759,0.4128,-0.7018,0.0681,-1.9458,-0.4407,-0.3702,2.1106,-0.2251,-0.4504,0.1009,-1.7347,,,,,,,,,
395,5455,108,4,walking,-0.1063,-1.0903,0.0123,-0.1344,-0.0558,-0.1421,0.073,0.5411,-0.1518,-0.0051,-0.2527,-0.0696,0.2091,-0.3736,-0.2235,-0.2986,1.3861,2.4885,-0.3979,3.2895,-0.5742,-0.5534,-0.6776,-0.658,0.5066,-0.3353,0.4645,1.5984,2.6831,1.7562,0.4049,-0.8743,3.9989,0.0856,0.696,0.9873,-1.7464,0.8847,0.1303,0.0213,3.947,-0.7872,0.2603,-0.044,0.5759,0.1197,-0.2307,2.9745,0.101,0.4403,-0.9762,-0.1102,2.903,0.0804,0.3405,0.0663,-0.1504,-0.1002,0.7781,0.3993,0.7266,-0.0009,-0.2258,-0.8216,-0.2166,-0.4297,0.9317,-0.0238,0.1127,1.499,0.0387,-1.3017,-0.9215,0.8325,-2.0257,-0.3006,0.4015,-2.4007,-0.0506,-0.2017,-2.3704,0.3508,-0.3206,-2.4754,-1.4382,-0.3251,-0.0995,0.2803,0.5494,-1.7184,-0.2204,-0.6156,-0.4682,-0.7759,-2.4808,0.719,-0.0473,0.0292,1.7509,-0.345,,,,,,,,
396,5456,108,4,walking,-0.1802,0.8146,-0.1434,0.5121,0.2907,1.1772,-0.0145,-0.3928,0.0098,-0.0419,0.1251,-0.1343,0.2535,-0.2346,0.2078,-0.0962,0.4955,-0.0589,2.5983,-0.2463,-0.4893,-0.6568,3.5887,-0.3764,0.3681,-0.267,-0.4482,0.5799,-0.3854,1.0885,0.5053,-0.746,-1.0697,0.4779,-0.7675,0.6769,-0.8088,0.6652,-0.1306,0.0008,-0.7742,2.5617,0.0328,0.1192,0.6101,0.0506,0.2302,-0.8422,0.1004,0.449,2.9567,-0.3992,-0.866,0.3019,0.2259,-0.2243,0.0807,0.3704,-0.5758,-0.3403,0.9638,0.101,-0.3454,-0.3804,-0.1508,-0.9475,-0.4751,-0.2503,0.01,-0.2207,-0.1959,-1.5165,-1.4299,0.4394,2.0661,-0.0708,-0.9236,-0.8751,0.3205,-0.1126,0.9238,-0.8489,-0.3251,-2.9446,2.9552,-0.3507,0.2806,0.3008,1.7459,0.7143,-0.4406,-0.7382,0.1102,2.4503,-3.4009,1.9444,-0.9084,-0.3751,-1.0702,-0.4674,,,,,,,,
397,5457,108,4,walking,0.145,-1.0515,0.1097,-0.2983,-0.0981,-0.2056,-0.1608,0.3572,-0.1353,-0.1167,-0.2893,-0.1706,-0.0079,-0.8842,0.0765,0.2225,1.0155,2.4939,-0.2458,3.2362,-0.4473,0.3631,0.2768,6.3077,1.4794,-0.2675,0.3878,-0.8902,-0.4576,0.6695,0.5974,2.6985,1.409,0.487,-0.5786,0.0437,-1.9861,0.468,0.036,0.1129,1.8717,0.8464,-0.1102,0.0505,0.5439,0.0806,-0.1015,1.3018,-0.2246,0.4504,-1.9963,-0.3994,1.9219,-0.1191,0.0307,0.2205,-0.1302,0.2507,-0.2164,-0.2309,1.5489,-0.0332,-0.3404,-0.8218,0.5753,1.4291,-0.3751,0.2602,0.1027,1.9618,-0.3806,-0.5013,-0.4118,0.9058,-2.719,-0.1008,0.5009,-1.4165,0.2251,0.0009,0.9783,-0.3454,0.1503,-2.9141,-0.4752,-0.3707,-0.0995,0.3002,0.5015,-1.0295,-0.4017,-2.4009,-0.4117,-0.8001,0.9236,-0.9607,1.3509,0.5508,-0.4106,0.318,,,,,,,,
398,5458,108,4,walking,0.1648,-1.1438,-0.0739,-0.1236,-0.0098,-0.135,0.0873,0.6074,-0.0557,0.0615,-0.3354,-0.1758,0.3064,-0.2821,0.2697,0.1804,1.4956,2.0186,0.5584,3.5931,0.4034,-1.2362,-0.2737,0.2541,-0.7947,0.3551,0.0985,-0.7569,0.6592,0.4572,-0.037,2.9946,2.6787,-0.428,0.4489,-0.8877,-1.7863,0.6691,-0.1303,0.1004,1.6883,-0.5157,-0.4314,-0.1506,0.6553,-0.1198,-0.3002,1.9635,-0.0505,0.5015,-1.9561,-0.768,0.9035,-0.0606,-0.1015,0.3019,0.0212,0.0005,0.5759,0.9419,0.3996,-0.1102,-0.2808,-0.4012,-0.1126,0.4407,0.4299,-0.2203,0.0232,0.932,-0.0709,-0.6154,-0.8215,0.9058,-2.6163,-0.3405,-0.799,-0.8182,-0.2251,0.0002,0.6104,-2.4007,-0.0806,-0.0671,-0.7706,-0.3609,0.2241,0.4687,-0.3754,-1.9043,0.2605,-0.7308,0.0756,-0.3451,-3.2165,0.7687,2.8759,0.0408,0.8492,0.4754,,,,,,,,
399,5459,108,4,walking,0.1792,-1.4186,0.1853,1.1382,0.0954,1.0561,0.0072,0.595,-0.0843,-0.1115,-0.2933,0.0214,-0.1632,-0.7835,-0.388,0.0697,2.5585,3.4794,-0.2356,-0.2787,-0.2422,0.3074,-1.4864,-1.0152,-0.5877,0.4573,0.3976,-0.8944,2.6793,6.9846,0.6686,-2.6884,-2.6588,0.0742,-0.9936,0.6962,-1.7037,0.6081,0.0463,0.1104,-1.5796,-0.7975,0.3014,0.0806,0.4983,0.0328,0.1508,-0.5648,-0.1127,0.4172,1.6004,-0.3759,-0.3996,0.1191,0.2603,-0.0507,0.1004,0.0007,-0.4993,0.3704,-1.4007,0.1018,0.429,0.5756,0.4014,0.9065,-0.2807,0.2304,0.0683,-1.8376,0.0277,1.2504,-1.9518,1.1306,-0.3802,0.4403,1.9458,-0.2254,0.2205,0.2017,1.5015,0.3003,-0.3453,-2.4504,0.3503,-0.4681,0.0292,0.0591,-0.3641,-0.3104,0.3442,0.0453,0.3402,-2.5663,2.839,1.3208,-1.4759,-0.0149,1.0608,0.5005,-0.0136,,,,,,,
400,5460,108,4,walking,-0.1445,0.7299,0.0582,-0.0196,-0.1279,-0.0655,0.1141,-0.2651,0.0438,0.0325,0.0973,0.0718,-0.1702,-0.3497,0.1657,0.2746,1.4486,-0.6856,2.2489,3.2035,0.0093,-1.5884,1.2852,0.7849,-0.4054,-0.2987,-0.0853,-0.3664,-0.8898,-1.3776,0.3392,-1.3974,1.4795,0.5081,-0.9971,-0.6685,-0.5977,0.628,0.1192,-0.2162,0.6963,2.7567,-0.2505,0.1306,0.7036,0.3402,-0.2307,-1.9417,-0.0004,0.4509,-1.9065,-0.4015,-1.728,-0.0508,-0.3502,0.1008,0.1019,-0.3705,0.2808,0.4005,0.5184,0.0443,-0.2607,-0.833,-0.4297,0.4994,-0.3014,0.1503,-0.1124,0.3757,-0.1001,-1.9444,-0.3993,0.7408,5.4679,-0.1103,-0.9092,-1.8376,-0.0199,0.0642,-2.9153,-0.3005,0.2257,-1.6003,7.6118,-0.3808,0.0663,0.0829,-0.4405,6.0363,0.5384,-0.8149,0.4702,1.8005,-3.6242,8.3453,-2.7177,0.0581,-2.5004,-0.4682,,,,,,,,
401,5461,108,4,walking,-0.1252,0.9086,-0.0042,1.1517,0.163,2.1398,0.0436,-0.4546,0.0737,-0.1155,0.0953,0.0568,-0.0165,-0.2899,0.2234,-0.1827,0.3358,1.3557,-0.2631,0.6959,-0.2954,-0.7973,-0.3864,-0.4976,0.4825,-0.0691,-0.5084,-0.8839,-1.6783,-1.4482,-0.436,-1.568,-0.8974,-0.8541,0.7778,-0.7586,3.4092,0.4771,0.1196,0.0399,-0.907,0.6663,-0.2602,0.025,0.7003,0.2257,0.3004,-2.9716,-0.2802,0.3509,1.8719,0.9413,-1.9621,-0.1503,0.2205,-0.3453,-0.2505,0.0007,0.9325,0.4016,0.3757,0.1108,-0.1006,-0.3993,-0.1307,1.9512,-1.7218,0.0504,0.0804,-0.3011,-0.1967,-1.4298,-2.6607,0.8759,-0.4003,-0.3642,-0.4409,1.5508,0.2165,-0.2303,0.4672,-0.4508,-0.1015,-2.7408,-1.4758,-1.201,0.2241,-0.3205,-1.1121,-1.5006,-0.3809,-0.6506,-0.5751,-3.0603,0.8338,-0.6006,-0.3403,0.0473,-1.8273,,,,,,,,,
402,5462,108,4,walking,-0.0946,-1.0523,0.1204,-0.4127,-0.223,0.1868,0.0877,0.4064,-0.0106,0.1716,-0.2986,0.1349,0.2693,-0.7534,0.3862,-0.0328,1.3572,2.7941,3.3676,0.8948,0.5869,0.577,0.4559,-0.7827,-0.4463,-0.3337,0.0774,-2.5594,1.3987,1.6092,-0.0065,2.5083,1.9942,0.8871,0.9567,-0.438,-2.4766,0.3012,0.0215,0.1109,0.974,1.8569,0.1194,0.1509,0.5636,0.2309,0.0505,-0.9626,0.1303,0.547,-1.9891,0.0006,-0.903,0.2606,0.2509,-0.3456,0.3997,-0.3646,0.2164,0.0642,0.8212,0.2244,-0.2203,0.8421,0.4757,-0.7316,-0.4805,0.0806,-0.0002,0.5015,-0.3704,1.5759,2.8759,0.6559,1.2258,-0.3757,-0.3007,-3.5007,0.0001,0.2016,-0.4296,1.4164,0.0264,0.0753,1.9558,-0.3206,-0.1127,-0.3508,0.7504,-0.5148,-0.0682,-1.0332,0.4681,0.9784,2.5138,1.4648,0.9676,-0.0663,-1.4994,-0.4703,0.0257,-0.0,,,,,,
403,5463,108,4,walking,0.1491,-1.07,-0.0533,-0.1379,0.1659,-0.2656,-0.0345,0.5578,0.041,0.0176,-0.207,0.064,0.3477,-0.9436,-0.2762,-0.1754,2.2552,1.8819,3.4423,0.5868,-0.2484,0.6957,2.4787,-0.3572,-1.4842,0.3771,-0.0963,-2.7582,3.306,0.5085,-0.3965,-1.4938,-2.0893,0.8974,-0.4399,-1.0214,-0.9866,0.679,0.0505,0.1194,-0.8051,-2.5364,-0.4295,0.1505,0.4409,0.4601,0.101,0.7364,0.0006,0.4504,-2.9561,-0.835,-0.4993,-0.2309,-0.3405,-0.2506,0.1104,0.2162,0.9739,-0.2802,1.3993,-0.1121,-0.3647,-0.1309,0.2251,-2.9636,-0.3506,0.0257,-0.1002,-0.868,-0.1001,-1.3706,2.9218,0.9644,-0.8122,-0.4681,-2.3017,-0.5757,0.2607,0.2011,-1.5504,-0.3454,0.2202,-2.4252,-1.4757,-0.0608,0.0993,-0.0184,-1.7184,-0.3602,-0.3209,-2.7367,-0.0663,-0.6003,-0.9152,0.7369,-0.3803,-0.4703,-0.8157,,,,,,,,,
404,5464,108,4,walking,0.1832,-1.0786,-0.0941,1.2639,0.0103,0.8604,0.1422,0.4437,-0.0849,0.1605,-0.256,-0.1953,0.1745,-0.8838,0.2898,0.2743,2.2352,3.0042,1.2979,-0.4769,-0.593,0.4846,-1.5789,-0.3634,-1.7831,0.3584,-0.0475,-3.3397,6.5091,5.6856,0.5587,-1.4073,-2.5883,0.8076,0.6785,0.9521,0.6581,0.747,-0.0009,-0.1307,-1.9699,1.7219,0.1197,0.0215,0.6693,0.0503,0.069,-0.7771,-0.2506,0.5418,-1.9412,-0.6344,-1.6217,0.0803,0.2805,-0.1005,0.2162,0.1129,-0.8217,0.0292,0.4992,0.1013,-0.301,-0.3647,-0.3505,-2.9236,0.5404,0.3006,-0.1107,-0.7233,-0.2253,-1.3751,0.5695,0.9644,2.5408,-0.3991,0.5003,0.4187,-0.01,0.02,-3.4294,-0.5754,0.2303,-0.6002,1.9607,-0.2607,0.3406,0.4017,0.7178,1.6138,0.4408,1.4008,-0.3209,-0.3804,-2.1505,1.0145,-1.4751,0.0702,1.8117,0.4502,0.2208,,,,,,,
405,5465,108,4,walking,-0.0017,-1.1911,0.0104,0.1806,-0.0846,-0.2742,0.1203,0.5732,-0.0559,-0.0737,-0.3548,0.0973,0.2283,-0.3368,-0.2434,0.2986,1.2894,2.7949,-0.752,3.5893,-0.2547,1.4082,-0.3931,5.6766,0.9854,-0.3063,0.3852,2.5569,-0.649,1.7088,0.438,2.4541,3.7736,0.9984,-0.566,-0.4497,-0.7892,0.745,0.2308,0.2162,2.5689,-0.7627,0.2254,-0.1002,0.5109,-0.101,0.021,2.8971,-0.119,0.3962,0.4294,-0.2203,1.8701,-0.1129,-0.1509,0.0509,0.0807,-0.1307,0.9561,-0.0606,-0.8501,0.0006,0.3607,0.5443,-0.0404,-1.9627,-0.8754,0.2802,0.2246,1.3991,-0.1108,-0.7216,-1.4503,0.9236,-0.7609,-0.4992,-2.3018,-0.5015,0.0001,0.02,-1.9278,-1.0473,0.0226,0.0642,0.3642,-0.3704,-0.2505,0.0442,0.3751,-0.5008,0.4809,-0.9153,0.4674,0.5758,-3.4005,-1.0455,1.6559,-0.0456,-0.9458,-0.2603,0.0,,,,,,,
406,5466,108,4,walking,-0.1248,0.8191,-0.0149,-0.2698,0.085,-0.2976,-0.1146,-0.2756,-0.0693,-0.1409,0.1638,0.1353,1.0715,-0.4086,0.2373,0.0042,-0.4422,-1.2405,0.4577,-1.2551,0.368,2.689,1.3957,3.0437,-0.7843,-0.0375,-0.2831,-0.7035,-0.5594,-0.6981,0.6595,-0.8499,-2.8764,0.8541,0.5954,0.6072,1.636,0.6771,0.0006,-0.1106,-1.7464,-1.4782,0.2258,0.0506,0.5896,0.1017,0.1307,1.7989,-0.0212,0.4292,-0.8892,0.1509,1.9719,-0.3019,0.0332,0.2605,0.2507,-0.1193,0.4002,0.0804,0.0683,0.2305,-0.01,-0.3995,-0.2164,-1.1129,-0.3754,0.2203,-0.3003,-0.836,-0.0002,-0.4753,-0.3647,0.911,-2.2806,-0.3508,1.8398,1.5002,-0.0441,0.0979,-1.8376,-0.8757,0.1006,-0.4013,-2.3456,-0.3203,-0.0262,-0.3607,-0.4507,0.5648,-0.5754,0.9687,-0.4403,-1.8004,-2.5509,-1.6138,-0.8505,0.4671,-0.7497,0.344,,,,,,,,
407,5467,108,4,walking,0.0103,-0.8255,0.0056,0.0741,0.0215,0.1426,-0.0953,0.4064,-0.0655,-0.0848,-0.2591,-0.0546,-0.2361,-0.479,0.1734,-0.2281,-0.2949,1.3679,0.4586,2.3795,-0.2844,-0.6987,0.2458,0.5938,3.8865,0.2783,-0.3552,-0.9872,-0.546,0.3957,0.045,0.6697,2.6851,-0.7742,-0.847,0.7862,0.8973,0.638,-0.0455,0.1197,2.8547,-1.9475,0.2603,-0.1307,0.6504,-0.0505,-0.2253,2.9699,0.301,0.4506,-0.7435,0.1012,1.9301,0.1122,-0.0005,-0.1507,0.2309,-0.3402,0.7624,-0.1005,0.5752,-0.1109,-0.3649,-0.4672,-0.0709,0.5505,-1.3751,-0.2203,-0.2169,0.3708,-0.02,-1.5463,-0.4117,0.799,-2.0202,-0.2502,1.4138,-0.4298,-0.2808,0.0804,-0.9096,-2.0267,0.001,0.619,-1.4998,-0.3805,0.2241,0.3005,-0.8759,0.9509,0.3603,-0.3993,0.4702,1.3453,-3.0196,1.6242,-1.839,0.4806,-1.5109,-0.4009,,,,,,,,
408,5468,108,4,walking,-0.1344,1.2043,0.1249,-0.5132,0.1803,-0.4884,0.0179,-1.0737,-0.0586,-0.1655,0.457,0.0946,-0.2827,-0.946,0.2225,0.0695,-0.4791,0.583,-0.2632,2.0838,-0.4057,3.2352,-0.2429,6.3487,-1.7733,0.0465,-0.3553,-0.0066,-0.9969,-0.8067,-0.3675,5.3974,1.5956,-0.6462,-0.635,-0.7898,-2.5184,0.7211,-0.2602,0.3015,1.5499,0.9788,-0.1302,-0.0218,0.6112,-0.1005,0.1019,1.8971,0.1126,0.5109,-0.9645,0.764,1.4143,0.1196,0.2309,0.0009,-0.1108,0.2803,-0.828,-0.2167,-1.9326,0.2502,0.7364,-0.8131,0.8567,-1.7386,0.8315,-0.1509,-0.001,0.2251,0.0508,-1.6103,-0.5004,1.0473,0.903,0.3758,-2.5114,-0.5663,0.1027,0.0001,-1.8576,-0.4293,0.0809,3.3994,0.3403,-0.4992,-0.4679,-0.3708,-0.3643,-1.619,-0.0753,-0.0996,0.4757,0.9458,-0.7367,-0.5751,2.6559,-0.4111,-0.8757,-0.5689,,,,,,,,
409,5469,108,4,walking,-0.1541,0.9795,-0.0735,0.1436,0.0017,-0.2555,0.1181,0.377,0.0157,0.023,-0.2285,-0.1256,-0.2988,-0.4096,-0.2327,0.1654,1.0908,0.4919,2.2694,-0.786,-0.2446,3.5864,1.3334,0.4789,-0.5906,0.0568,-0.0465,0.2893,0.7597,0.7953,-0.3971,0.4873,-0.6776,0.4562,0.3898,0.4443,-0.6686,0.8063,-0.0375,-0.1309,0.9099,0.9561,-0.1017,-0.0005,0.5212,-0.0509,-0.1505,0.7783,0.1199,0.4402,-1.4508,-0.7436,-0.7217,0.2304,-0.1121,0.0809,-0.3409,0.2169,0.3642,-0.4015,1.4005,-0.1009,-0.3751,0.8755,-0.1109,1.2607,-0.3452,-0.2507,0.2241,0.8731,-0.1963,0.8419,-0.4991,0.7654,0.4608,-0.5002,-0.9214,-2.3996,-0.0262,-0.2013,2.8214,0.2208,0.3208,0.6005,-0.0362,-0.301,-0.3606,-0.3004,-0.3504,-1.0332,0.3702,0.7671,-0.0606,-1.9236,1.0473,0.4673,1.5502,-0.4809,-1.9098,0.4682,,,,,,,,
410,5470,108,4,walking,-0.1606,-1.2315,0.1708,0.2402,0.0105,0.1463,-0.0788,0.3885,0.0059,-0.1872,-0.2619,-0.1349,1.2754,-0.7521,0.3722,0.2055,2.0982,-1.9943,-1.7866,3.5887,-0.2851,0.6869,0.2541,5.6095,-0.4886,-0.3462,0.0461,6.033,1.5733,-1.3589,0.6539,-2.4436,0.9445,-0.6742,-0.4797,-1.509,-0.968,0.7976,0.1304,0.101,-1.6493,1.9877,-0.119,-0.0004,0.468,-0.0803,-0.1004,0.5614,-0.301,0.536,1.812,-0.8411,0.7318,0.2209,-0.0505,-0.3001,0.1502,0.2309,-0.2603,-0.3704,0.4998,0.2242,-0.3755,-0.8319,-0.1105,-0.4297,1.3642,0.1122,0.2505,-0.3454,-0.0404,0.4015,-1.5758,0.9215,-0.0759,-1.2253,0.9094,-2.5276,0.3207,0.2018,-1.5002,-0.4008,0.0262,-2.4368,0.2807,-0.3507,-0.3403,0.2169,-0.8752,0.6003,0.3143,0.7673,0.4807,-0.8594,0.7656,-0.5663,-1.3991,-0.3251,1.4396,0.3809,,,,,,,,
411,5471,108,4,walking,0.1499,-1.3186,0.1706,1.0778,0.1204,0.6602,-0.159,0.5052,-0.0857,-0.1023,-0.2432,-0.0364,0.0584,-0.3581,0.2854,-0.0082,2.5593,1.684,3.3697,-1.0165,0.388,-2.3077,3.4827,-0.9845,-3.3433,0.0941,0.3746,-3.6902,1.5856,1.7962,-0.4973,-0.8766,-2.3967,-0.9575,0.446,0.5974,0.4761,0.5318,0.0508,0.2258,-0.767,1.8963,0.3646,0.2165,0.6558,0.1122,0.1198,-1.921,0.1505,0.5689,1.3997,0.0278,-0.8891,0.1015,-0.1309,0.1108,0.0006,0.2608,0.8633,0.2808,1.8518,0.2209,-0.5503,1.0441,-0.3505,0.838,0.4503,0.3207,0.0332,-0.8015,-0.02,-0.4008,-1.5184,0.9096,0.9423,-0.964,-1.6118,-0.749,-0.3009,0.0001,-2.619,-0.799,0.0262,-0.2305,0.4015,-0.3458,0.3755,-0.4679,-0.5107,0.3013,-0.3609,-0.6154,0.4406,-0.7463,0.4759,-3.1009,-1.5158,0.4298,1.7406,0.0804,0.3803,,,,,,,
412,5472,108,4,walking,0.1558,-1.2326,0.171,0.0111,0.0837,0.2898,0.0973,0.4439,0.0433,0.0655,-0.2742,0.1256,-0.1646,-0.863,0.1857,0.0051,1.4869,2.6747,0.0789,3.657,0.3463,0.7824,1.4943,7.0584,2.7932,0.2952,0.5903,2.454,6.8861,1.3882,0.6835,2.9953,3.8712,0.9566,0.3696,1.7776,1.7475,0.5072,-0.2253,0.2308,1.648,0.546,-0.0007,0.023,0.628,0.1018,-0.1006,1.9035,-0.1129,0.4407,-1.9712,0.4294,1.0332,-0.0809,0.0473,-0.2203,0.1197,-0.2802,0.1103,0.3806,0.933,-0.1506,-0.2507,-0.9412,-0.3755,-1.0504,0.8516,-0.3207,-0.0002,1.5752,-0.3456,-0.3707,0.3993,1.4752,-0.5408,0.3506,-0.8318,1.5508,0.0001,0.1304,-2.3409,-1.5015,0.0027,-0.5138,-0.0709,-0.3604,-0.2242,0.055,0.2603,-0.5002,0.3015,-0.3008,0.2164,-3.6503,-0.3641,-1.799,0.7117,0.0455,-1.9236,-0.3441,0.4805,-0.468,,,,,,
413,5473,108,4,walking,-0.1048,-1.2344,0.0908,0.1406,0.0416,0.1546,0.0589,0.493,-0.0737,0.0143,-0.1842,-0.0054,-0.3883,-0.7732,-0.2052,0.2979,1.2655,-1.3356,2.6987,3.4036,0.5034,0.579,0.887,0.2598,6.6747,0.2863,0.0399,1.3553,1.8475,7.4558,0.6865,2.7634,1.3981,0.5941,-0.6485,0.9766,-0.9513,0.6086,-0.1129,0.0803,1.968,0.9435,-0.0505,0.0214,0.6211,0.0006,0.0002,-0.9329,0.3014,0.4403,-0.7872,0.1105,-0.3994,0.2166,-0.1019,-0.1005,0.1508,0.2608,-0.2805,-0.3758,-1.7426,-0.2305,0.736,1.3408,-0.3003,-0.8216,-0.4014,-0.2209,-0.1302,0.926,-0.1194,0.7408,0.4507,0.6005,-0.4991,-1.3452,-0.7117,-0.8391,0.0752,-0.001,-0.7808,-2.3649,-0.2504,-1.4297,1.4756,-0.4689,-0.3809,0.5008,0.0709,-0.3505,0.2251,-1.5114,-0.0603,0.6193,-1.5138,1.3709,-1.7503,-0.0023,-1.4648,0.4128,-0.0,,,,,,,
414,5474,108,4,walking,0.0861,-1.2651,-0.0937,0.1048,-0.0189,-0.1638,0.0727,0.5799,-0.0552,0.1347,-0.2841,-0.1744,-0.3572,-0.9818,0.0615,-0.3064,1.2356,2.3422,3.509,-1.5886,-0.3376,-1.3671,1.2987,-2.3903,-0.8863,-0.4979,0.434,-3.6569,-0.6675,1.597,0.53,-1.846,-3.6783,0.8074,0.0468,-0.5542,-0.9445,0.6216,-0.2604,-0.1004,-1.5499,-1.7797,-0.1302,-0.1122,0.4292,0.46,-0.0509,0.8568,-0.101,0.4405,-1.7891,-0.2309,-0.9558,0.1191,0.2251,0.1109,-0.3409,0.0213,0.5502,-0.3504,-1.0332,-0.2507,-0.9323,-0.8214,-0.3015,1.0007,0.963,0.1504,0.1027,-1.9547,-0.0807,-1.7312,-1.4993,0.8755,-0.3991,-0.2166,-1.4602,-1.9216,-0.0026,0.2017,1.0264,-0.5013,-0.0238,-2.3451,-0.4756,-0.4015,-0.3646,-0.4673,-1.9452,-0.9676,0.5752,-0.9762,-0.5695,-1.3184,-0.6014,-0.4648,-0.5809,-0.3008,-1.0,,,,,,,,,
415,5475,108,4,walking,0.289,-1.1934,0.0735,0.2962,0.2344,0.1555,0.0014,0.4957,-0.0867,-0.1874,-0.1364,0.0176,-0.0931,-0.2742,0.3063,-0.2572,1.682,2.3797,0.4581,3.4065,-0.397,-0.2638,-1.5866,5.4798,0.0583,-0.6988,0.046,0.5432,-1.7961,1.5948,-0.0696,2.3633,3.8543,-0.025,-0.9952,0.8092,-0.8941,0.734,-0.1304,0.1193,2.0327,-0.9413,-0.1102,0.0505,0.561,0.1126,0.1017,1.7771,-0.3004,0.5311,-1.7895,-0.8431,1.9141,0.2259,0.3403,-0.0247,-0.1508,0.2163,-0.3642,-0.2505,-0.9312,0.0809,0.4292,-0.3502,-0.3709,-0.863,0.5505,-0.0003,0.301,1.6154,-0.2803,-1.8715,-0.4679,0.8759,-3.5757,-0.4012,-1.8214,-0.3458,0.01,0.0001,-2.3991,-0.4406,0.3207,0.5443,-0.4123,-0.2307,0.2204,0.0591,0.5695,-2.9236,-0.5148,-0.7184,-0.5015,0.0755,-3.4757,1.0682,1.5114,0.4303,0.4165,0.3804,-0.0,,,,,,,
416,5476,108,4,walking,-0.1259,0.9614,-0.1638,1.0907,0.0552,2.0011,-0.2373,-0.9236,0.0851,0.0146,0.4568,0.0344,0.2742,-0.3553,-0.0694,-0.3358,-0.3681,-0.2557,-0.348,0.2989,0.4056,-1.3963,0.5543,3.4782,-1.6486,-0.2887,0.7941,-0.5077,-1.4861,0.9954,-0.6904,0.4962,-0.7437,0.9765,-1.666,0.7867,-0.8895,0.7583,0.0214,-0.1193,-0.7084,-1.4396,0.1104,0.0507,0.6504,0.0003,0.0809,-0.8984,0.2169,0.5571,1.7463,-0.2304,-0.9153,0.1126,-0.1009,0.1018,0.2251,-0.1303,0.766,-0.3505,0.8531,0.1506,-0.3805,-0.9067,0.4005,-1.4295,1.3012,0.3708,-0.001,0.3004,-0.2805,1.3406,-1.3758,0.7508,-0.5005,-0.3991,-1.9458,-0.9324,0.005,0.0001,-1.5503,2.2607,-0.01,0.4504,-1.2208,-0.4689,0.2508,0.0168,-0.4995,-0.3459,0.4402,-0.9684,0.4807,1.6014,1.0661,1.0238,-0.6003,0.4759,-1.3114,0.7406,-0.0,,,,,,,
417,5477,108,4,walking,-0.1349,0.5165,-0.0426,-0.0947,-0.0196,-0.1146,0.0561,0.4486,-0.0624,-0.0345,-0.1848,0.0084,0.2279,-0.3498,-0.1662,0.2572,-0.2041,1.2364,0.5054,2.5978,0.3788,3.4077,0.658,-0.3638,-0.5583,0.2733,0.0869,1.5799,0.6058,-0.6789,0.3581,0.6851,2.7091,-0.5375,-0.6685,-0.9539,-0.9401,0.0774,-0.3014,0.0215,2.8742,-0.719,0.1509,-0.0506,0.56,-0.2206,0.1006,1.7312,-0.0804,0.4508,-1.7177,0.1126,1.9065,-0.1011,-0.3001,0.2802,0.1199,-0.0009,-0.6375,0.3453,-0.4299,0.1106,0.2167,-0.9721,-0.4001,-0.3754,-0.8751,-0.1302,0.2304,1.714,-0.2602,-0.5753,0.922,0.7609,-2.7617,-0.3206,-0.9558,-2.3406,-0.0201,0.2018,0.4753,-1.0249,-0.2173,-0.5109,-1.0455,-0.3609,-0.3995,-0.3506,-1.4016,0.9659,-0.3649,1.0408,-0.4403,-2.2252,-1.5508,-1.4993,-1.9238,-0.4679,-1.7504,,,,,,,,,
418,5478,108,4,walking,0.1871,-1.1445,0.0582,1.0198,0.1258,0.6208,-0.1052,0.4811,-0.0773,0.0043,-0.2337,0.1353,-0.2421,-0.8919,0.1754,0.036,-0.9942,2.2584,3.2655,-0.7534,0.2827,-0.6839,1.0856,-1.4083,-0.3376,0.2987,0.4962,-1.8895,2.445,-3.6959,0.6467,-2.8077,0.6541,0.5796,0.3851,0.9746,-2.0904,0.7093,-0.069,0.0225,-1.7972,0.7866,-0.1102,-0.0008,0.4794,-0.1192,0.0807,-1.8627,0.2809,0.4292,0.746,0.5018,-1.8515,0.2607,-0.3997,-0.1006,0.3609,0.0507,0.3706,-0.2259,1.3403,0.0257,-0.4002,-0.4753,-0.1126,-1.2305,1.0404,-0.2202,-0.1505,-0.4995,-0.2162,1.9242,1.4118,0.6306,0.5276,-0.3004,-2.4172,-0.0758,-0.1305,0.2017,-3.4509,1.7308,0.1015,-0.416,0.5509,-0.4016,-0.2241,0.0663,0.8013,-0.4149,0.3206,-0.3759,0.3646,-2.6003,1.9238,0.4409,-0.4103,0.2506,1.5003,0.3454,-0.0,,,,,,,
419,5479,108,4,walking,0.1794,-1.2486,-0.0833,0.0535,-0.1141,0.1255,0.1042,0.4861,-0.0157,-0.1858,-0.256,-0.0746,-0.2752,-0.3784,0.2968,0.347,1.2073,2.0906,3.0032,-0.7587,-0.388,0.4074,1.2853,0.4797,-0.3681,-0.3059,-0.101,-1.4985,-0.9863,-0.3944,-0.0329,-0.7854,2.9567,-0.6691,-0.885,0.6956,-0.0465,0.6492,-0.0211,-0.0006,0.9982,-1.9099,0.4345,0.0505,0.6553,0.3407,0.3759,-0.7793,0.1198,0.4292,2.8976,0.7962,-0.8317,-0.301,0.3002,-0.2505,0.1503,0.1004,0.3649,0.4758,0.7463,-0.0809,-0.2803,-1.5695,-0.1107,-0.3454,-0.2604,-0.01,0.0001,-0.5753,0.0584,1.4016,-1.5648,0.9604,-0.9615,-0.2164,2.3505,-0.3805,-0.1307,0.2018,-1.3997,-2.3706,-0.1129,-0.5506,-0.5014,-0.4679,-0.5002,-0.4506,0.7308,0.3113,0.2203,-0.2258,-0.4689,-2.6163,1.3138,-0.6153,-1.714,-0.0753,-1.6002,-0.0,,,,,,,,
420,5480,108,4,walking,-0.1652,-1.1349,0.1204,1.0765,0.5194,2.0856,-0.0584,0.4088,-0.1062,0.1915,-0.1402,0.2039,-0.2782,-0.7943,-0.2372,-0.1734,-0.4824,-1.7586,-1.2664,3.6897,0.3577,5.0983,0.7869,6.0161,-1.447,-0.3638,0.5832,-0.5794,0.8767,-0.0655,-0.3396,2.4766,1.3798,-0.006,0.595,-0.7316,1.6345,0.0399,-0.1197,0.1124,1.9542,-0.902,-0.0804,0.0503,0.4655,0.0007,-0.0002,-2.7437,0.3008,0.5499,0.8971,-0.1506,-2.8192,-0.1107,-0.0332,0.1304,0.2307,-0.2169,0.0343,0.2202,1.1013,0.2246,0.3452,-0.9322,0.4016,-1.8471,-0.8548,-0.2259,-0.2602,0.6559,-0.3203,-1.7382,0.9079,0.9056,-2.619,-0.2502,-0.0643,-0.9134,0.1024,0.02,-1.9213,-0.4997,-0.1005,-1.0455,0.9666,-0.3996,-0.4751,-0.0993,-0.3751,-0.8019,-0.5751,-2.7406,-0.3646,0.749,-1.5109,-0.4406,1.3012,-0.3602,-1.4298,0.0,,,,,,,,
421,5481,108,4,walking,-0.149,0.8182,0.0561,0.1744,0.1606,0.0189,0.1234,-0.3598,0.0082,0.0746,0.2342,0.0413,0.1832,-0.8092,-0.2981,0.2856,1.3959,2.2621,3.2073,-0.456,0.4822,-0.2543,2.2402,-0.3368,-1.5052,-0.0879,0.4064,-1.0985,-2.5594,2.6763,-0.3638,-1.5847,-2.7083,0.7853,-0.6669,-1.3765,-1.9549,0.9957,0.0324,0.0503,-1.7597,-2.8728,-0.3409,0.2808,0.5411,0.3991,-0.3759,0.7788,-0.3001,0.4009,-2.844,-0.7618,-0.9443,0.119,-0.1009,-0.0606,0.2509,-0.1109,-0.6212,0.3704,1.8492,0.1507,-0.9554,1.747,-0.9636,0.5648,-1.9317,0.2241,-0.1018,-0.864,-0.0804,1.5494,-0.4402,1.2258,-2.749,-0.2166,-0.4294,-1.1309,0.0009,0.2014,0.9236,0.5695,0.2307,-0.5757,-1.5184,-0.3457,-0.1122,0.3606,-0.0753,-0.3649,-0.3209,0.4113,0.3013,-2.4508,0.8333,0.5015,-1.8952,-0.2208,-1.5009,-0.4702,,,,,,,,
422,5482,108,4,walking,-0.161,-1.3155,0.0036,-0.1772,-0.0794,-0.1154,0.0561,0.5565,-0.0466,-0.0152,-0.2619,-0.0838,0.1439,-0.7845,0.1847,0.0902,1.2532,2.2956,3.4979,-1.8827,-0.6828,0.406,2.3463,-0.508,-1.6489,-0.3051,0.0699,-1.5975,-1.5733,7.3585,-0.4873,-2.467,-1.3743,0.5876,-0.6987,-0.9892,-0.8467,0.4497,-0.0328,-0.1102,-0.7433,-0.7793,0.0006,0.0505,0.5505,0.1011,0.1303,0.8311,-0.2205,0.5689,-1.5759,0.1509,-0.9513,-0.2163,0.2609,-0.1197,-0.1003,0.2304,1.5165,0.3002,0.9622,-0.2241,-0.3458,-0.9065,-0.3803,-0.4753,0.3758,-0.1121,-0.3207,-0.3506,0.0404,-0.5004,-1.3998,0.4995,-2.6143,-0.3017,0.8214,-0.9443,0.0339,-0.0001,-0.4138,-1.7184,0.0264,-0.4113,-0.9141,-0.5341,0.3407,-0.0606,-0.8192,-0.8755,0.4405,-0.9093,0.4687,-2.6308,-1.7384,-0.7369,-1.8356,-0.3149,-0.2254,,,,,,,,,
423,5483,108,4,walking,-0.0113,-0.844,0.0435,0.055,0.0045,0.1261,0.1181,0.3917,0.0375,-0.0693,-0.2052,0.0872,0.0774,-0.3723,0.0973,-0.2469,0.3418,0.3344,0.4738,1.5827,-0.2698,2.2889,-0.3677,3.5732,-0.296,0.0215,0.4963,0.8897,0.5582,-0.4851,-0.5464,1.7841,3.809,0.9996,-0.6743,-1.5979,-0.8768,0.467,0.2202,0.101,1.9435,-2.7627,-0.3759,0.1309,0.6685,-0.537,-0.5699,-1.6224,0.0502,0.4407,-1.8756,0.119,-1.9565,-0.1009,0.0363,-0.2165,-0.2603,0.0007,-0.3013,0.3809,0.8317,0.0807,-0.3503,0.8635,-0.1129,-0.3403,0.4016,0.3205,-0.1108,0.4757,-0.2508,1.8586,-0.9503,0.5652,-3.1505,-0.3456,0.9058,-2.5143,0.001,0.0199,-0.8695,2.4293,0.0001,-0.5503,-0.7759,-0.3608,0.3005,-0.2808,-0.914,-2.9554,0.3644,2.619,-0.4994,0.8148,0.4502,-3.2258,1.7386,0.1245,-1.4009,-0.9085,-0.0,,,,,,,
424,5484,108,4,walking,-0.3116,-1.2691,0.1056,1.1581,0.1609,2.2997,-0.1742,0.3546,0.0851,-0.0737,-0.3332,0.1354,-0.1469,-0.7968,-0.0149,-0.0558,0.9836,-0.7865,-1.2389,3.4567,0.2422,1.409,-0.6696,-0.4439,6.6047,-0.4861,-0.3477,1.7559,1.9938,1.4364,-0.0695,0.848,2.8741,-0.045,0.0082,0.5763,-1.867,0.8519,-0.0311,0.2259,3.5573,0.6225,0.0211,-0.0278,0.5508,-0.0505,0.1199,2.3019,0.1014,0.4593,0.9415,-0.0477,1.532,-0.1122,0.3646,0.1304,-0.1106,0.2242,-0.8871,0.3009,0.7437,0.1009,-0.2163,-0.7634,-0.2209,-0.7211,-0.8326,-0.0804,0.0455,2.2604,0.1505,0.4753,-0.5006,0.7233,0.4106,-0.4994,2.6185,0.0394,0.0006,-0.2013,-0.9452,0.3995,-0.3206,1.4103,1.4291,-0.3456,0.5757,0.0993,-0.8492,-0.9162,0.5124,2.4005,-0.4018,-0.8754,-0.2302,0.7757,2.799,-0.0332,-1.0267,-0.3808,0.6,,,,,,,
425,5485,108,4,walking,-0.1167,0.6382,-0.0634,0.2405,-0.1041,0.2789,0.0981,-0.2664,0.0046,0.0773,0.2268,0.0157,1.3344,-0.2953,0.2852,0.1654,-0.2347,0.1804,-0.1948,2.5549,-0.3059,-0.0885,-0.6043,3.5898,-0.3782,0.0375,0.3586,-0.6672,-0.8032,0.4074,-0.0215,0.8445,1.8893,0.3638,0.3963,-0.6979,0.5056,0.6542,-0.119,-0.1302,1.8744,0.9719,0.0809,-0.1129,0.7071,-0.1015,0.0507,2.7795,0.1003,0.3809,-1.7894,0.9962,1.838,0.2603,-0.3454,-0.2241,0.2257,-0.2803,-0.3707,-0.3757,-0.499,0.0495,0.3006,-0.9067,-0.1509,-0.7645,-1.0441,-0.1108,-0.0343,0.9552,-0.0002,-1.2502,0.911,0.9675,0.3502,-0.4293,2.5509,-0.2303,0.0001,0.2017,-1.719,-0.4152,0.0104,1.3608,0.4012,-0.3209,-0.0004,0.0455,0.5124,-0.5756,-0.0672,1.4006,-0.4648,0.3996,-1.0702,0.9666,0.799,-0.2205,-1.4406,-0.2162,0.34,,,,,,,
426,5486,108,4,walking,0.1467,-1.3146,0.0697,0.0584,-0.0043,0.0885,0.0157,0.3553,-0.0345,0.1251,-0.1849,-0.1513,0.2638,-0.9839,-0.0789,-0.2231,1.4486,2.2952,3.2761,-1.5832,-0.2441,-0.7877,1.4856,-1.5569,-0.6879,-0.3063,-0.3483,-0.5036,-0.6473,-1.0981,0.4047,-3.3788,-0.5902,0.7542,-0.0466,0.7082,1.8746,0.6054,0.1197,0.1005,-0.628,-1.6595,0.1303,-0.0504,0.4689,-0.1503,0.1011,-0.9399,0.2202,0.4688,-2.7629,-0.4015,-0.4994,0.3402,-0.2308,0.2251,0.2805,-0.399,-0.0006,-0.3004,-0.9437,0.0807,0.3012,0.7436,-0.2508,1.5008,0.2603,0.0002,-0.1107,-0.516,-0.0643,1.8753,-0.904,0.9458,-2.5109,-0.1127,1.0404,1.9627,0.1027,-0.2018,1.6252,0.4754,-0.0442,-2.7143,-0.9054,-0.3806,-0.5757,-0.2163,-1.4666,1.3103,-0.3209,-1.5015,0.3756,-0.9355,0.4004,1.4292,-1.5489,-0.3709,1.3644,-0.7184,,,,,,,,
427,5487,108,4,walking,0.1243,-1.2335,0.093,-0.1874,-0.1161,-0.2283,0.0834,0.5564,-0.0038,-0.1348,-0.1403,0.076,-0.1582,-0.8901,0.2852,-0.2068,2.8865,1.584,3.2969,-1.4499,-0.4585,1.5047,3.3681,-1.5902,-1.7825,0.2656,-0.0475,-3.6798,2.5742,-0.7931,0.0587,-0.667,-2.9549,0.7633,0.3971,-1.3763,-0.868,0.6554,-0.0697,-0.1003,-1.9216,-0.9639,0.2162,0.0809,0.547,0.1122,0.0009,-1.536,-0.1011,0.4508,-0.9412,-0.7319,-1.5758,-0.2207,0.1103,-0.1503,-0.0509,0.0332,0.935,-0.4013,-1.779,0.3008,0.8426,-0.3506,0.399,-1.726,-0.4803,-0.1307,0.2806,-1.3756,-0.1963,1.3406,1.4754,0.9607,-1.4007,-0.2508,-1.4118,-0.7407,0.2259,0.001,-1.499,0.7117,0.3013,-0.6363,-0.2307,-0.4689,0.3644,0.3453,0.8551,0.5194,0.3808,1.4114,-0.3709,-1.8492,1.2605,0.5509,-0.5014,-0.0996,-1.619,-0.467,,,,,,,,
428,5488,108,4,walking,0.1142,-1.1555,0.0852,1.0957,0.0548,0.6138,0.0149,0.593,-0.032,0.0632,-0.1877,-0.0466,-0.1469,-0.7923,0.2407,0.2546,2.336,0.394,3.357,0.658,0.2286,-0.3872,2.269,-0.2853,-1.5851,0.2973,0.4598,-2.6864,1.8971,-2.3794,0.3631,-1.6784,-3.9744,0.76,0.4782,0.835,0.7862,0.8863,0.2162,0.1102,-1.8541,-2.7593,0.3011,-0.0504,0.7499,0.5427,-0.022,1.5601,-0.2808,0.4595,1.0202,0.0003,0.719,-0.1509,0.101,-0.3409,0.0809,0.3643,-0.4297,-0.0455,1.4303,0.1307,0.8749,0.7407,-0.2253,0.4604,-0.4406,0.2242,0.1193,-0.539,-0.1005,1.9444,2.4994,0.9097,-0.3991,-0.4017,1.7369,1.7018,0.2309,-0.0002,0.3506,1.3452,0.2505,-0.3705,-1.5005,-0.4508,-0.4751,-0.3804,-1.923,-0.962,-0.4687,-2.7408,-0.4003,-1.1121,1.6008,1.799,-0.6156,-0.4103,-1.7391,-0.3207,0.3756,,,,,,,
429,5489,108,4,walking,0.2557,-1.4365,-0.093,-0.8117,-0.1295,0.3572,-0.1748,0.3883,-0.1429,0.1373,-0.0179,-0.1555,0.2463,-0.8727,0.2276,-0.342,1.3323,2.0784,3.4488,-0.7858,-0.2861,-1.0054,2.4939,-0.9836,-0.4746,-0.0589,-0.0364,-1.4053,-2.4593,1.7586,0.506,-0.7466,-2.597,-1.0851,-0.9968,0.8062,1.6541,0.6743,-0.0697,-0.0469,-1.9436,1.8218,-0.025,0.0207,0.5635,0.1011,0.1109,1.964,-0.2164,0.4188,-0.8512,0.9023,1.1197,0.2504,-0.3017,0.1308,0.2307,0.2253,-0.4297,-0.0663,0.7781,-0.0809,-0.3508,-0.3459,-0.3802,1.739,-0.2203,-0.1009,0.0004,-1.719,0.0509,-1.5507,0.8109,0.4753,0.926,-0.4004,0.5752,0.6245,-0.3006,0.2015,1.8356,0.4996,0.0227,-0.3704,-0.9509,-0.3403,0.2608,-0.3752,-0.7505,-0.0681,-0.2806,-1.9558,-0.1502,-0.3991,0.6005,-0.7754,-1.5005,-0.4709,-0.4408,,,,,,,,,
430,5490,108,4,walking,0.1552,-1.2639,0.0108,0.1613,0.2362,-0.2268,0.0904,0.5718,-0.102,-0.0727,-0.1743,-0.1206,-0.1953,-0.3379,-0.2982,0.3854,1.2897,2.4572,3.3555,0.8969,0.6588,-1.4761,2.3634,0.405,1.0581,0.0066,-0.4851,2.6785,1.7783,6.5946,-0.6478,2.9856,1.607,-0.448,-0.4902,0.9995,-0.589,0.9475,0.0375,-0.1307,2.6315,-0.861,0.2505,-0.1012,0.5505,-0.1103,0.2259,2.873,0.1197,0.4183,-1.766,-0.3709,1.9319,-0.0005,-0.1506,-0.1002,0.2602,0.2305,0.7364,-0.7439,-1.8412,0.0332,0.8192,-0.5754,-0.3456,1.2802,-1.4807,0.3003,0.1122,1.4164,0.0807,-0.2167,-0.9153,0.9675,0.923,-0.4294,1.3018,-2.9644,-0.0001,0.0504,2.3505,-0.2205,-0.1027,-0.4011,-0.399,-0.4007,-0.3752,0.0886,-1.0477,0.6556,0.4708,-0.619,0.3209,-2.6308,-0.7367,-0.7407,-0.5109,0.3406,-0.4404,0.6001,0.0,,,,,,,
431,5491,108,4,walking,-0.1848,0.8117,0.1256,1.5134,0.0111,3.0846,0.1428,-0.2273,-0.093,0.0542,0.1362,0.0053,0.1604,-0.4035,0.3426,-0.1952,-1.0774,2.4933,-0.7921,-0.5937,0.2358,-0.3664,-1.4761,-0.2763,-0.9925,-0.0698,-0.038,-0.506,-0.4466,-0.7872,0.3885,-0.3955,-0.7586,0.6977,0.8745,-0.4301,-0.547,0.6568,0.0211,-0.0803,-0.8467,-0.8851,0.1196,0.2259,0.5793,0.1121,0.1308,0.9767,-0.0006,0.4172,-1.946,0.1503,-1.8982,0.0606,-0.1105,0.2241,0.1002,0.3018,-0.3997,0.4012,0.3453,0.2309,-0.2205,1.2608,0.4001,-1.5754,-0.3647,0.2506,-0.1001,-0.2167,-0.0509,1.8301,0.7614,0.8571,-0.9545,-0.4293,1.719,-1.8122,-0.02,-0.1015,-1.3002,3.6138,-0.0879,-0.3752,-1.5692,-0.3505,-0.4674,-0.4995,0.9552,-1.8181,-0.4805,-1.4407,-0.2808,-1.5509,2.9152,-0.3702,0.6247,-0.5154,-1.4165,-0.0,,,,,,,,
432,5492,108,4,walking,0.1536,-1.1398,-0.0072,-0.0773,-0.1186,-0.2458,0.0169,0.4947,-0.0554,-0.1706,-0.1631,-0.0879,0.2064,-0.8568,-0.0475,-0.2757,1.2946,2.5976,3.289,-1.3944,-0.3578,-0.8822,2.488,-0.3055,-1.2593,0.3465,0.025,-2.3789,2.6074,0.9992,0.3882,-2.4096,-2.9767,0.4561,0.5628,0.877,-0.6694,0.0942,-0.033,-0.0004,-1.8421,-0.7791,0.1015,-0.2202,0.6318,-0.3019,0.2169,-0.8317,-0.1308,0.4405,-1.9562,-0.2502,-0.1194,-0.0804,-0.2309,0.0505,0.1506,0.3641,-0.2605,-0.1009,-0.7407,-0.0441,0.3206,0.3504,-0.5005,1.4017,0.4754,-0.2258,-0.1126,-0.5506,-0.1102,1.549,0.9666,0.5759,-1.0682,-0.4679,-1.499,-0.0998,-0.0002,0.0001,2.3756,0.3451,-0.3704,-2.0473,-1.5164,-0.4806,-0.3997,0.0643,-0.4143,-0.0663,-0.4648,-0.7754,0.3407,-0.4505,1.5148,1.0702,-0.0603,0.0539,1.6011,,,,,,,,,
433,5493,108,4,walking,-0.1391,-1.1245,0.1636,1.0835,0.2362,2.0793,0.0189,0.4969,-0.0517,-0.0639,-0.2548,-0.1434,0.0973,-0.809,0.2783,0.207,-0.5885,1.6519,-1.2697,3.0099,0.3343,-0.405,0.5944,-0.2479,0.6898,-0.4772,0.3776,-0.6788,-0.5577,1.0327,-0.3884,2.866,2.5746,-0.6694,0.0464,-0.53,-1.7571,0.5612,0.022,-0.2169,2.5445,-0.7874,0.1126,0.0003,0.6153,0.1197,0.1102,2.8728,-0.2205,0.4405,-0.9563,0.3995,1.6014,0.3404,-0.0505,0.2304,0.1309,0.2253,0.3014,-0.1015,-0.9509,0.1004,0.4004,-0.5408,0.5005,-0.4995,-1.4508,-0.02,0.1509,1.8343,-0.2602,-1.5756,-0.5772,0.4252,-2.6108,-0.4299,0.8212,-2.7177,0.0806,-0.0001,-2.8753,-1.5148,-0.001,-0.3704,-0.9238,-0.4368,-0.3606,0.2246,0.749,-0.8122,-0.3509,-0.9621,-0.3454,1.9573,-3.7117,0.5695,-0.9452,0.3756,-0.8797,0.3646,,,,,,,,
434,5494,108,4,walking,0.0037,-1.3197,0.1157,1.1865,0.1254,2.6193,0.2332,0.5943,-0.0328,0.0738,-0.3356,-0.1519,0.0961,-0.4842,0.1655,-0.266,-1.3581,3.0105,-0.0877,0.682,0.2752,0.4584,-0.367,-1.3976,-1.2582,0.4766,0.6958,1.2963,3.7931,6.7549,0.3485,-0.9567,2.508,-0.044,0.7499,-0.4488,0.8716,0.5328,0.0696,0.2166,1.9864,0.9746,0.0225,-0.0005,0.621,-0.0507,0.1009,1.7872,0.1122,0.5276,1.738,-0.0201,1.4294,-0.1307,0.1191,0.2604,-0.2241,-0.1015,0.9427,0.3996,-0.9026,0.1109,0.8971,-0.4013,0.0642,-2.8253,1.3757,0.2254,0.301,1.5013,0.0803,0.5752,0.0643,1.1505,0.7308,-0.93,1.4358,-0.9164,0.2208,0.0586,-3.8695,1.5184,0.0231,0.3004,0.2809,-0.3403,-0.4677,-0.4004,0.0753,-0.0455,0.4992,-0.5015,-0.3804,-1.5402,1.3114,0.5341,-0.0661,0.2303,-1.7143,-0.4409,-0.3649,0.0,,,,,,
435,5495,108,4,walking,-0.0518,0.7297,0.0131,-0.1373,-0.0897,-0.0017,0.0364,0.362,-0.0415,0.063,-0.2443,-0.0712,0.2639,-0.2851,0.0946,-0.1659,1.4053,-1.5586,-1.2789,-0.4941,-0.3379,3.3587,2.5865,-0.2956,0.3463,0.3742,0.4432,-0.9985,-0.9866,-0.4854,0.455,-0.946,-0.748,-0.8868,0.1197,-0.6983,0.4791,0.7638,0.0803,-0.0005,-0.5782,-0.8475,-0.2202,-0.2169,0.6777,-0.2808,-0.023,-0.7061,0.1011,0.4508,-1.7852,0.4016,-0.9521,0.3005,-0.0663,-0.1103,0.3995,0.1503,0.622,0.1309,1.0267,0.1003,-0.3453,0.5014,-0.3603,-0.9218,0.5754,0.0504,0.3011,-0.9329,-0.2505,-1.7117,1.9617,0.4609,-0.5504,-0.906,-1.719,-0.2603,-0.0002,0.2258,-0.4006,-1.4148,-0.0528,-0.5165,0.3641,-0.4299,0.3806,0.2242,0.0672,-0.0661,0.4406,2.3402,-0.4649,-0.8482,-0.7407,0.4751,-1.6103,-0.4803,0.7687,0.0,,,,,,,,
436,5496,108,4,walking,-0.1179,-1.1463,0.0053,0.2052,0.0774,0.0854,0.1362,0.5864,0.0973,0.0157,-0.1659,0.1205,-0.2281,-0.8869,0.1872,0.0655,1.3987,2.3068,3.2534,-0.2948,0.456,-2.3776,2.3323,-1.3682,-1.6691,0.2741,0.5056,-2.4796,1.7851,2.407,0.0328,-0.8567,-3.6584,0.3544,0.9599,0.9894,0.778,0.0438,0.2257,-0.4601,-0.9749,-2.7592,0.1011,0.0217,0.5443,0.1194,0.2608,-0.8312,-0.0606,0.409,2.8971,0.0505,-1.2803,-0.0807,-0.2167,0.3454,0.0006,-0.3649,0.4008,0.863,1.0277,-0.2208,-0.3703,-0.1308,-0.1509,0.9238,-0.5005,0.3209,-0.1108,-0.8755,-0.1959,1.3759,1.6553,0.93,-2.7407,-0.1124,0.5997,0.4189,0.2506,0.1963,0.4994,2.3007,0.0002,-0.0755,-1.4117,-0.2242,0.3993,-0.429,-0.301,0.4017,0.4751,-1.0455,-0.4406,-1.5757,2.6008,1.3403,-0.2308,0.1002,-0.3506,-0.4188,-0.0848,,,,,,,
437,5497,108,4,walking,-0.1489,0.9062,0.1255,0.5109,0.1752,0.2556,-0.093,-0.2332,0.0534,-0.0077,0.1578,0.0153,0.1872,-0.3343,0.0797,-0.207,-0.2981,-0.4538,1.0835,-0.3982,0.2657,2.5944,0.3791,-0.4793,3.0475,0.4974,-0.0327,0.7967,-0.6885,0.8036,0.6696,-1.409,-1.4863,-0.6488,0.5069,0.9599,0.6058,0.6598,0.1105,-0.2607,-1.8312,0.9411,0.1012,-0.0003,0.54,-0.0213,0.1502,0.921,-0.2507,0.5377,-1.7406,-0.8411,-0.86,-0.1193,-0.2805,-0.2254,0.3991,-0.0446,-0.3759,0.736,1.4294,0.0806,-0.3643,0.8748,-0.2302,-0.9795,-0.7636,0.1129,0.0258,-0.4138,-0.0995,-1.7382,1.4674,0.5751,-1.0756,-0.3706,-0.4103,-0.6245,-0.1307,-0.2167,-1.0504,-1.5009,0.2209,-0.9666,-0.3017,-0.3206,0.1002,-0.4006,0.3806,0.3607,0.4751,0.6154,-0.4681,-2.839,-1.3454,-1.7407,-1.499,0.3405,1.3004,0.47,,,,,,,,
438,5498,108,4,walking,-0.1245,-0.9554,0.0829,0.0798,0.1573,0.0062,-0.1855,0.3872,0.0417,-0.0613,-0.1643,0.1463,1.228,-0.3783,0.3675,-0.2071,2.2759,-0.266,-0.2844,-1.6985,-0.2346,0.3386,-0.2496,-0.7905,3.6461,0.479,0.3976,-0.5056,-1.5893,2.6682,-0.4053,-0.8902,-1.9942,0.0954,0.4857,-0.7792,-0.9501,0.4967,0.1129,0.1304,-0.7087,0.6597,-0.101,-0.032,0.6508,-0.0504,-0.1005,-0.6874,-0.2251,0.4551,-0.3009,0.9413,-0.7888,0.2242,0.2505,-0.1505,0.2204,0.2602,-0.5757,0.3803,-1.4993,-0.1107,0.5504,0.2302,-0.3647,1.4014,-0.2165,0.3205,0.1194,-0.3708,-0.0704,-0.3502,-0.5009,-0.4293,0.841,-0.4805,-0.4676,-0.7125,0.2805,0.0003,-0.7266,-0.3452,0.0002,-0.3015,-0.4758,-0.3994,-0.0804,0.1256,0.4703,-0.3759,0.3605,-1.4004,0.4698,-0.7505,-1.5489,1.3403,-0.9607,0.4506,1.5249,-0.0,,,,,,,,
439,5499,108,4,walking,-0.0736,0.8146,-0.0981,-0.0848,-0.1142,-0.1054,-0.1586,-0.3353,0.0063,0.0145,0.2272,-0.0547,-0.2952,-0.6859,0.266,0.1817,-0.209,-0.3532,1.2456,2.5064,-0.2749,0.444,-0.5788,3.657,-0.2851,-0.3483,-0.0461,-0.5566,0.7741,-0.0631,-0.3876,-1.5891,1.9537,-0.7902,-0.8082,-0.7874,-0.7589,0.4639,0.036,0.0509,0.6797,2.8438,0.1308,-0.0307,0.6552,-0.1506,0.101,0.6973,0.1192,0.5689,-1.8717,-0.1104,-0.9894,0.2307,-0.1129,0.3004,0.2164,0.0804,0.3409,0.3452,-0.6214,0.2602,0.4007,-0.2203,0.4293,-1.9345,0.3806,0.2503,0.0006,0.8515,-0.1004,-1.9212,1.3992,0.9053,3.4752,-0.3508,-0.3753,-2.9636,-0.0002,0.0001,-1.8343,-0.7018,0.2244,-2.8443,1.0339,-0.3707,0.0292,0.2259,5.7161,-1.4115,0.2807,0.5754,-0.4806,2.8463,-3.3016,6.8013,-1.6009,0.3149,-0.5003,-0.5165,,,,,,,,
440,5500,108,4,walking,-0.0135,-1.1536,0.1349,1.1478,0.2689,0.7382,0.1209,0.5085,-0.1653,0.1865,-0.2364,0.0419,-0.3398,-0.8848,0.0695,0.2291,2.682,3.5832,0.0845,-0.7572,0.2983,-0.5547,-1.7969,0.2838,-1.2787,0.3796,0.0054,0.6059,2.5741,3.3067,0.4486,-2.0734,0.3982,-0.0584,0.8092,0.9499,-0.567,0.4077,0.1105,0.2169,-0.9066,-2.741,0.4601,0.0004,0.4682,0.6212,0.301,-1.0399,0.2254,0.5134,-1.6345,-0.0219,-0.9748,-0.0508,0.2205,-0.1124,-0.1015,-0.2607,-0.2305,0.0806,1.5014,0.1193,-0.3641,-0.3509,-0.3996,0.9326,-0.7635,0.1004,0.1307,-0.7344,-0.1963,-1.1507,1.6289,0.8695,-0.7408,-0.4758,-3.5756,-0.8122,-0.0442,-0.2013,1.7406,0.0702,0.2241,-2.4007,-0.8157,-0.3458,0.4506,0.3008,-1.8117,-1.0441,0.4809,-0.8757,-0.3705,-3.5121,-0.3407,1.0337,-0.619,0.2505,0.3757,0.0753,-0.0,,,,,,,
441,5501,108,4,walking,0.1552,-1.0042,-0.0632,-0.2551,-0.1289,-0.1646,0.1405,0.5554,-0.0438,0.0741,-0.3584,0.135,0.2053,-0.9417,-0.0933,0.2761,1.0898,-0.7026,3.2481,2.2972,-0.2277,-0.2858,1.6543,-1.6897,-1.4034,0.3631,0.4486,-2.7559,1.3795,-1.8082,-0.0364,-2.7956,3.6748,-0.6987,-0.4593,-0.3983,-1.4749,0.4006,0.0214,-0.1309,2.6092,-0.7857,-0.2205,0.1102,0.6691,0.0809,-0.1126,-2.9985,0.2167,0.5508,-0.6327,0.73,-1.8759,-0.3009,-0.2603,-0.2243,0.1199,0.2809,-0.889,-0.7645,-0.9236,-0.0009,0.3997,-0.3014,0.4503,-0.3457,0.7401,0.1003,-0.0508,1.3702,-0.1509,0.9631,1.9452,0.9053,-0.9762,-0.3648,-2.3402,-0.539,0.1019,-0.2013,-0.4756,0.6014,0.2509,-2.0603,-0.3758,-0.4679,-0.2307,0.5751,-0.8695,-0.8122,-0.3505,0.9079,0.4407,-2.8495,-0.2252,-0.9079,-1.6001,-0.055,0.5648,,,,,,,,,
442,5502,108,4,walking,-0.141,0.9823,-0.0549,0.0836,-0.1878,0.2493,-0.0772,0.3917,-0.1552,-0.0179,-0.2759,0.0426,1.352,-0.8032,0.1634,0.2867,-0.8947,2.1922,0.0931,3.0063,-0.3721,0.6977,0.7556,-0.296,-1.7088,-0.034,-0.4491,-1.6483,-1.0695,0.8541,0.3392,-2.845,3.5745,-0.6873,0.4611,0.6653,0.5548,0.3851,-0.1014,0.0212,2.9699,-0.7465,-0.5418,0.1304,0.5871,0.3015,-0.621,2.9021,-0.2809,0.4502,-0.8224,0.3402,1.9744,-0.2309,0.2609,-0.2251,0.0006,0.0809,0.119,-0.4012,0.3997,0.1122,-0.0502,0.8613,0.3753,-0.4294,-0.4993,-0.1009,0.2503,1.5164,-0.1507,-0.8735,-0.9475,1.4756,-1.6556,0.7636,0.9059,5.5504,-0.0002,0.001,-1.4006,-0.8759,0.0136,-0.3606,-0.4405,-0.3003,0.2204,0.2241,-2.0249,-0.5001,-0.3802,0.4608,-0.3443,-3.1103,-0.5751,-1.839,-1.9443,-0.4678,-0.8492,0.2163,,,,,,,,
443,5503,108,4,walking,-0.1349,0.7292,0.1542,-0.1207,-0.1605,-0.2406,0.1704,-0.2851,-0.0845,0.0052,0.0179,-0.0957,1.2985,-0.3746,0.2639,0.3497,0.388,0.306,-0.3347,-0.2368,0.2276,-0.2541,-0.6686,0.3655,-0.5891,0.4832,-0.0508,-0.7094,0.4488,-0.6567,-0.3587,0.0345,-0.3013,0.119,0.026,0.0804,2.4081,0.5982,-0.1018,-0.2258,-0.847,-0.7464,0.1009,0.1129,0.5069,0.1102,0.1302,3.7375,-0.3407,0.5499,0.9861,-0.6311,2.7892,0.5617,-0.3451,0.0008,-0.2802,0.2503,0.7796,0.8962,-0.2608,-0.108,0.3508,0.3803,-0.1504,0.4409,1.2163,0.3207,-0.2014,-0.3751,0.2202,-0.8323,-1.9035,0.9527,-0.5648,-0.9329,3.6138,0.5013,0.3009,-0.2016,2.4006,-0.4757,0.0002,0.2307,-0.6247,-0.3608,-0.4016,-0.4172,-0.499,0.8756,-0.3994,1.6001,0.3649,0.4508,-0.9079,-3.4674,-0.4187,-0.0561,1.9644,0.4297,-0.0,,,,,,,
444,5504,108,4,walking,-0.2555,0.7882,-0.0014,1.2315,-0.2675,2.2862,0.1157,0.3582,0.0837,0.0103,-0.2278,0.0905,-0.3913,-0.2953,-0.1954,-0.2761,-0.2456,-1.0438,-0.5867,-0.3664,-0.4869,0.4784,-0.3096,-0.8859,-1.4946,-0.4572,0.0694,0.4052,-1.7095,-0.4492,-0.5083,-0.6686,-0.9941,0.0765,-0.8063,-0.6871,3.7976,0.7781,-0.2169,-0.026,-0.9318,1.9843,-0.2607,0.1506,0.5005,0.1012,-0.1009,-1.74,0.1309,0.4164,-2.8718,0.4298,-1.8973,0.2806,-0.3757,0.3402,-0.2302,0.3015,-0.399,0.0505,-0.4991,-0.0008,0.4409,-0.3505,-0.4506,-1.8569,0.1193,-0.2254,0.0809,-0.9716,0.0001,-1.4016,-1.8756,0.7407,-1.5508,-0.5759,-3.9037,0.9062,0.0002,0.1122,-0.6001,-2.2507,-0.2205,-1.0709,1.4009,-0.3806,0.3208,-0.4674,1.3452,1.4758,0.4704,0.3005,0.2244,-2.4118,-0.8491,-0.9059,-2.4648,0.3606,0.9084,,,,,,,,,
445,5505,108,4,walking,-0.2532,-1.2654,0.0858,0.2904,0.1289,0.2082,0.0038,0.456,-0.1159,-0.1421,-0.0742,0.0568,0.0179,-0.9748,-0.2385,0.2853,1.1769,2.4057,3.5076,-0.9824,0.2291,0.6527,-2.3539,-1.3362,-2.0631,0.3799,0.3672,1.0903,0.4486,-3.7064,0.4655,-1.8434,-0.6681,0.4787,-0.948,0.43,-1.7852,0.9549,-0.1191,0.0212,-0.759,0.7317,0.1103,0.0804,0.6763,0.2165,0.1129,0.3453,0.1509,0.56,0.8851,0.2257,-0.7419,0.2202,-0.2603,0.3406,-0.0503,0.2305,-0.1306,-0.4002,0.9619,-0.101,-0.3005,0.7771,-0.3647,1.0299,0.9318,-0.0247,-0.0008,-0.2808,-0.3018,0.8324,-0.3803,0.9174,0.5404,-0.4677,0.749,-1.4991,-0.0002,0.1963,3.0702,-0.4759,0.0892,-1.4128,-0.4508,-0.3704,0.0441,-0.2507,0.8121,-0.5009,0.1003,0.3759,0.4681,-1.4017,0.5754,0.6002,-1.8759,0.4403,2.3996,0.5505,-0.4704,,,,,,,
446,5506,108,4,walking,0.0548,-1.1606,-0.1203,0.1379,0.1407,0.241,-0.0461,0.4782,0.0177,0.0957,-0.2342,0.0835,0.2784,-0.3352,-0.1878,-0.1734,1.4962,3.2238,2.368,5.4095,-0.4554,1.0059,0.3983,6.5593,1.6488,0.2956,-0.0212,7.5832,8.3774,9.3099,-0.6051,-0.6986,-2.6589,0.6344,-0.6743,0.7568,-0.467,0.9438,0.0292,-0.1126,-0.6691,-1.5092,0.1008,0.0503,0.536,0.1109,0.1011,0.9873,-0.1306,0.4409,-1.9719,-0.3997,-0.8569,-0.2163,0.2609,0.0009,0.1504,0.2305,-0.2205,-0.8712,0.8759,0.0809,-0.3402,-0.4671,0.3707,0.5759,0.4298,0.1196,-0.001,0.4753,-0.3504,1.721,1.4001,0.8139,-1.9021,-0.4017,-0.8798,-2.4505,-0.2506,0.1001,1.6118,0.0264,0.2251,-1.963,-0.0642,-0.3456,-0.0661,-0.2803,-1.3802,0.9458,-0.4681,1.4991,-0.3013,-0.5508,0.5689,0.5609,-1.3009,0.4103,-0.9452,-0.3609,0.0262,,,,,,,
447,5507,108,4,walking,-0.1567,-1.1445,0.0842,-0.0741,0.209,-0.2752,0.1748,0.3904,-0.0584,0.0046,-0.1362,0.1254,1.2483,-0.8922,0.2951,0.1802,2.447,5.0638,3.2581,-1.3791,0.6828,-0.3323,0.9943,-0.8834,-0.3063,-0.5976,-0.0903,-0.4053,6.0161,-2.6947,0.7865,-2.7586,-1.5898,0.566,-0.5074,-0.5764,-1.5577,0.8049,0.0807,0.1505,-0.7982,-1.9466,-0.0003,-0.1103,0.6554,0.2802,-0.1305,0.7184,0.2205,0.4298,0.722,0.871,0.9568,-0.2308,-0.2257,0.0508,0.3409,0.1006,-0.9723,0.1194,1.399,0.2243,-0.3707,-0.8522,-0.3752,1.3458,0.2164,0.3203,0.1012,-0.9622,-0.2506,0.7326,-0.9327,0.928,-1.799,-0.4673,-3.3009,0.7018,-0.3011,-0.2017,4.0702,0.1122,-0.0195,-1.3143,-2.5663,-0.4408,0.3605,-0.5009,-0.9238,0.7808,0.4991,-0.5757,0.4751,-0.8952,-1.4008,0.7407,-1.3506,0.4505,1.8754,-0.6146,,,,,,,,
448,5508,108,4,walking,0.1249,-1.289,0.0906,0.4138,0.1579,0.2064,-0.0738,0.5953,-0.1162,0.0072,-0.0873,0.0557,1.2381,-0.7851,-0.1703,0.1643,3.2783,2.3584,-0.5567,-0.6598,0.2956,0.2654,0.2582,-1.4787,-0.6693,-0.3775,-0.4542,-2.5074,-1.3931,-1.0168,-0.336,-0.8977,-3.0499,0.3491,-0.6944,0.8846,-0.9548,0.6552,-0.4085,0.026,-1.868,-1.7094,-0.1191,0.2252,0.5871,-0.2808,-0.1305,1.9745,0.0507,0.5263,-2.4507,-0.6316,1.417,0.1105,-0.2204,-0.0332,0.3402,0.3015,-0.2603,-0.1509,0.3995,0.1005,-0.2163,-0.4003,-0.1124,0.7613,-0.3002,0.0807,0.1015,-0.4995,-0.0007,1.4294,2.9655,0.922,-0.9059,-0.3708,-0.3758,-2.5751,0.0002,0.0001,1.3452,-0.2303,-0.001,-0.0661,-0.5003,-0.3605,0.4018,-0.4406,-1.027,0.6193,-0.4689,0.3502,0.4703,-3.6503,1.9458,-1.9449,-1.749,-0.2502,-1.5148,-0.344,,,,,,,,
449,5509,108,4,walking,-0.3139,-0.9636,0.0141,-0.4143,-0.0962,-0.6154,0.1559,0.4023,0.1422,0.0017,-0.1852,-0.0557,-0.0897,-0.4424,0.1654,-0.3063,1.2898,-0.3974,-0.3748,3.4904,-0.3547,2.3491,-0.4564,0.5832,0.688,-0.2969,-0.2743,5.3372,-0.5583,0.509,-0.025,2.0784,3.567,-0.5399,-0.6789,-0.9538,-1.9411,0.7551,-0.1305,-0.0692,2.6687,1.6078,-0.034,0.0003,0.7785,0.2166,-0.3013,2.737,-0.119,0.4593,-0.6108,-0.2251,1.8886,0.1018,-0.6561,-0.0682,0.7982,0.0505,-0.2209,-0.4013,0.9795,-0.2503,-0.3405,-0.3457,-0.7636,-0.4993,0.4508,-0.1104,-0.0002,1.3997,-0.1506,-0.2808,-1.7117,0.7808,-1.6559,-0.4677,-1.9071,-2.5009,0.1122,-0.1002,-1.4757,-0.2604,-0.3506,-0.3002,0.5752,-0.3607,0.3206,-0.4002,0.8576,-2.5502,0.3759,-0.0473,0.3646,1.799,-1.7161,-3.4106,1.5408,0.0753,-1.5455,,,,,,,,,
450,5510,108,4,walking,0.0973,-1.2655,0.1154,0.1352,0.0791,0.1865,-0.0584,0.538,-0.0874,0.0062,-0.3482,0.0469,1.0179,-0.8877,0.1927,-0.3347,2.2389,-0.6824,3.3672,5.3797,0.4467,0.5941,1.9987,1.405,-0.7856,-0.2886,-0.2951,-0.7542,-1.6439,-1.4645,-0.576,-0.9435,6.4863,1.3849,0.7076,-0.9317,-1.989,0.6681,0.021,0.1002,2.0695,-0.5885,-0.032,0.0004,0.5757,-0.1303,0.1102,2.0267,0.1121,0.5276,0.836,-0.1019,1.8751,0.0503,0.1197,-0.2243,-0.3017,-0.0394,-0.9635,0.2164,-0.7752,-0.1503,0.3451,0.4018,-0.3994,1.0264,-0.8182,0.0807,0.001,1.5508,-0.2505,-0.3646,-1.2606,0.926,-1.8122,-0.3806,-0.5013,-0.4165,0.0441,-0.2016,3.4188,0.2253,-0.1963,-0.4991,-0.3709,-0.4806,-0.3405,-0.2209,0.4005,-0.4409,-0.5015,-0.9458,-0.4757,-2.7177,-0.4296,0.4106,-1.3753,0.2809,-2.5143,0.4674,,,,,,,,
451,5511,108,4,walking,0.1867,-1.0907,0.1347,-0.5307,-0.1597,-0.3591,-0.0105,0.4986,-0.089,-0.1934,-0.1638,-0.1431,-0.2825,-0.8969,-0.2272,-0.2763,1.5857,2.2406,0.4423,3.3059,0.4587,0.3904,-0.2956,5.2679,-0.6568,0.0077,-0.036,6.704,1.8848,2.8092,-0.7553,3.3664,-0.465,0.5583,-0.3743,0.8475,-1.7854,0.5215,0.2167,0.1108,0.9976,-0.6685,0.0211,0.2257,0.6003,-0.2503,0.1015,0.9433,-0.1303,0.5495,-0.9895,-0.9634,-0.8219,0.2307,-0.1509,0.0008,0.0807,0.2605,0.3992,-0.7316,-0.7427,0.2246,0.3453,-0.3606,-0.1193,0.9328,-0.2808,0.0506,-0.3009,-0.4754,-0.2209,0.4011,-0.3646,0.7658,-2.0679,-0.4298,-0.9236,-1.9152,0.2014,0.1008,-0.3013,-2.4992,0.1126,-0.5408,0.5756,-0.3705,0.4679,0.5503,-1.5695,-0.5003,-0.4001,-0.3758,0.5138,-2.5489,-1.6163,-0.4509,-0.8488,0.416,-1.0249,-0.34,,,,,,,,
452,5512,108,4,walking,0.1467,-1.1803,0.1086,0.2788,0.2553,0.0738,-0.0052,1.2693,-0.1173,-0.0179,-0.6543,-0.1632,-0.0847,-0.8937,0.2057,0.0631,2.3064,3.4423,-0.286,5.6869,-0.0933,-0.4082,1.5074,-0.2948,-0.9949,0.0584,0.4562,6.7736,8.567,7.5842,0.5578,1.7596,1.6683,0.5434,0.0463,-0.809,-0.5902,0.3985,0.0809,0.0505,1.9236,-1.7699,-0.1018,0.1307,0.4612,0.2207,-0.1009,-2.9892,-0.1122,0.416,-0.3993,-0.9411,-1.9717,-0.1505,-0.2802,-0.0009,0.2309,0.0362,0.3456,0.429,0.8746,0.001,-0.4015,-0.4753,0.4508,1.8122,-0.2608,0.2163,0.0002,0.7219,-0.3012,-1.9536,-1.9123,0.8757,-0.1194,-0.2257,-3.3503,-0.3406,-0.1109,0.2012,1.4408,-0.3803,-0.0001,0.3754,-1.4608,-0.4994,0.0394,-0.3606,-1.4008,-1.5114,0.5751,0.6138,0.2509,0.914,-1.7506,0.3646,-2.4804,-0.0663,-0.6009,0.5384,0.468,,,,,,,
453,5513,108,4,walking,0.2396,-1.0786,0.1429,-0.0589,-0.1746,-0.0158,0.0043,0.4941,-0.0411,0.1609,-0.2448,-0.1206,-0.0834,-0.8847,0.2219,-0.2553,1.2037,2.6793,3.3877,5.2784,-0.5552,-0.6981,6.2862,-1.5931,1.5036,-0.0344,0.547,2.3387,0.993,0.8568,-0.4535,1.6075,8.3971,-0.578,-0.794,0.7465,-1.563,0.6691,0.1109,0.0508,7.8344,-0.6364,0.0219,0.119,0.4408,0.2302,0.3018,10.7851,-0.3009,0.416,-1.9215,-0.9023,9.7328,0.1509,-0.2607,0.1014,0.0363,0.1121,-0.764,0.039,-1.9745,0.2502,0.9872,-0.9501,-0.2257,0.3457,-0.8213,0.1303,-0.0804,1.4297,-0.1969,0.499,-1.3407,0.9417,-2.5114,-0.3643,1.9558,-0.0643,0.2204,-0.2011,-0.7653,-1.3502,-0.0007,-0.3994,-1.4393,-0.1006,0.4006,-0.4678,0.8759,-2.4507,-0.5165,-1.6138,0.3608,-3.3758,-0.3804,-1.0661,1.7407,0.4128,-0.8122,0.5003,,,,,,,,
454,5514,108,4,walking,-0.0134,-0.8426,0.0545,-0.0054,-0.1159,0.1724,0.023,0.3957,-0.0693,-0.0469,-0.1541,-0.0925,0.2221,-0.3876,-0.0731,0.0828,1.4885,-0.7918,-0.3786,2.3552,0.4796,0.609,0.6782,-0.9955,3.4973,-0.0364,0.5094,5.3353,0.888,-0.6851,0.4375,0.6698,2.3672,0.461,-0.5622,0.7077,1.8942,0.4058,-0.2259,0.1013,1.6592,-1.9744,-0.2304,0.0307,0.6558,-0.1009,0.1109,1.8326,0.0508,0.4874,1.3014,-0.1504,1.7891,-0.3009,0.3706,-0.0007,0.1199,-0.2209,0.8712,-0.1306,-0.9561,0.2241,0.4294,-0.5443,-0.2604,1.3991,-0.3646,0.2164,0.1027,0.3457,-0.02,0.4018,0.2808,0.7369,-3.4677,-0.4505,-0.6138,-0.9446,-0.0001,0.2505,1.4752,-0.5494,0.0554,0.5504,-1.5005,-0.3509,-0.3447,-0.4803,-1.0702,-0.4009,0.4992,-0.8986,-0.0803,-3.8016,0.0455,0.749,-0.6108,-0.3203,-1.8376,0.5648,0.0,,,,,,,
455,5515,108,4,walking,0.2963,-1.075,0.2548,0.5146,0.1858,0.0985,0.1433,0.3979,-0.0638,0.0155,-0.2346,0.0877,1.1953,-0.288,-0.2268,0.1652,2.4569,0.3786,3.2788,-1.3597,0.3073,-0.6726,3.4074,-1.3482,0.7054,0.4436,0.0093,-1.6095,2.5699,0.0322,0.0561,-1.7857,-3.4766,0.4964,-0.7625,-1.9859,-2.9675,0.6583,0.0437,0.025,-2.8972,-0.9422,-0.0503,-0.1197,0.5443,0.2308,0.1005,2.8464,-0.1505,0.4361,-1.4293,0.3003,1.9025,-0.2602,0.2241,0.2506,-0.1122,0.1104,-0.3405,0.6216,1.812,0.1305,-0.8716,0.3709,-0.1014,-1.4666,1.5463,-0.0257,-0.0004,-1.7233,-0.0002,-0.8755,-1.9214,1.3013,-2.5757,0.4003,-3.0663,0.3994,0.0804,0.2014,-0.9097,-2.7169,0.2254,-0.4992,-1.7372,-0.3504,-0.4502,-0.3604,-1.5109,0.5505,-0.2164,-1.4113,0.3457,-0.7508,-3.4803,-0.4604,-0.3759,-0.4751,0.7382,0.4138,,,,,,,,
456,5516,108,4,walking,0.002,-1.1541,-0.1405,0.0837,0.1206,0.2572,0.1389,0.4546,-0.1142,-0.0154,-0.1929,-0.0923,0.2763,-0.8849,-0.2298,-0.3536,1.1759,0.7918,2.2853,-0.3343,-0.4844,3.3984,1.4795,-0.5782,-0.6964,0.0438,0.583,-0.9931,0.7587,-0.6855,-0.567,-2.6686,-0.348,-0.0767,-0.5096,0.6077,0.7326,0.7876,0.034,-0.028,-0.9726,-2.749,0.659,-0.2253,0.5502,-0.3505,0.6211,0.838,-0.1106,0.4395,2.9422,0.0504,1.3991,-0.2502,0.2603,-0.1506,0.2309,0.3018,-0.3641,0.1309,-1.9452,0.1005,0.7424,-0.5751,-0.3403,-0.4293,-0.4994,0.3454,-0.1199,0.8517,-0.0002,-0.9212,3.3005,0.6118,-1.1124,-0.4689,0.9325,2.4009,-0.0806,-0.0004,-1.9242,0.6006,-0.0339,-2.4138,-0.0753,-0.4806,-0.2209,0.4677,-0.9451,1.7139,-0.0709,5.0704,-0.3703,-1.7143,-0.4508,0.5004,-1.0262,-0.5648,-1.5341,-0.0,,,,,,,,
457,5517,108,4,walking,-0.1245,-1.2039,0.085,-0.0542,-0.0983,-0.2278,0.0738,0.6059,0.1062,0.0152,-0.2346,-0.0219,-0.1532,-0.8567,0.0063,0.2747,2.6975,1.5536,-1.5797,3.4868,-0.0637,0.3349,0.2899,5.4095,-0.6635,-0.3053,0.0434,-0.6581,-0.8029,0.8976,-0.4493,1.5874,4.6491,-0.947,0.7941,-0.5421,1.8843,0.3603,-0.0301,0.0505,1.7773,-0.9861,-0.2808,0.1197,0.5615,0.1015,0.2307,1.3993,0.3402,0.5165,1.8727,0.8468,0.5753,0.3013,0.3453,-0.2609,-0.1509,0.2243,0.3644,-0.2253,-0.4014,-0.1009,0.0008,-0.3704,0.0684,0.9405,-1.1107,0.0663,0.0363,0.8615,-0.1122,0.9025,-0.9162,1.3803,-1.6553,0.4996,-2.1305,0.3759,0.0001,0.0582,1.5008,-0.2207,-0.0807,-0.4679,0.6163,-0.2508,0.4704,0.3209,-0.8492,0.0661,-0.0606,-0.5384,0.4751,1.4296,-3.0277,1.0455,1.0249,0.2162,-1.8348,-0.3441,0.0332,,,,,,,
458,5518,108,4,walking,0.1068,-1.2652,0.0928,0.1353,0.1156,0.1429,0.0108,0.452,-0.034,-0.0439,-0.3354,0.0579,0.2457,-0.9744,0.2235,0.3067,1.5984,2.3499,3.0698,5.5883,-1.2702,0.4893,6.0023,0.7877,-0.3851,-0.465,-0.0773,0.6931,0.8843,2.8947,-0.5537,2.366,3.8042,0.6594,0.4986,0.6681,-1.8541,0.7092,-0.0006,-0.1505,1.6375,0.7636,-0.1009,0.1124,0.6496,0.1309,-0.2163,0.902,0.0504,0.4782,-1.9562,0.2305,-0.7216,-0.2258,-0.1103,0.3008,0.1194,-0.0443,-0.7464,-0.3756,-0.4994,-0.3206,0.3015,-0.5404,-0.8715,0.5648,0.2809,-0.001,-0.0803,1.9458,-0.2505,0.1018,-0.9683,0.8752,-1.539,-0.3997,-0.5109,-0.0603,0.2242,-0.2203,1.4019,-0.0455,-0.0111,1.0408,-0.5754,-0.3504,0.4681,0.3408,0.4007,-0.4506,-0.4709,0.3646,0.4758,1.8009,-1.7367,-0.7658,0.8576,0.4673,0.9061,0.5003,-0.37,,,,,,,
459,5519,108,4,walking,-0.1329,-1.0501,0.1556,0.1162,0.2068,0.0846,0.0345,0.355,-0.0773,-0.0052,-0.1248,-0.1474,0.3351,-0.3417,0.2636,-0.0437,1.2482,2.8877,0.3881,3.4927,-0.588,-0.3944,-0.8931,-1.2887,5.4794,0.6567,0.0953,0.7864,0.6957,0.9954,-0.434,6.5566,2.6059,-0.7986,-0.9863,0.8531,0.0214,0.7092,0.1503,0.0693,2.9075,-0.9717,0.1004,-0.119,0.6138,-0.1303,0.1018,2.8437,-0.0804,0.4407,0.9238,-0.2803,1.7386,-0.0473,-0.2164,0.3017,0.2205,0.3644,-0.3505,-0.0504,0.9567,0.2258,-0.4296,-0.3001,-0.3802,-1.3451,-0.4015,0.2307,0.0005,2.833,0.0751,-0.4001,0.9623,0.9097,-2.4118,-0.5009,-0.5015,0.9552,-0.1126,0.0549,-2.5109,-0.3755,0.1109,-0.3993,-1.3406,-0.4503,-0.2603,-0.0181,0.6136,0.7139,-0.4194,0.7754,0.3704,-2.0682,-0.839,-1.4242,-0.5223,-0.4758,-2.0257,-0.4679,,,,,,,,
460,5520,108,4,walking,-0.2385,-1.2406,0.0712,0.1703,-0.1349,0.0553,-0.0077,0.5083,0.0142,0.0867,-0.2972,0.1614,-0.0957,-0.7534,0.0433,0.0212,2.5538,1.3665,-0.7846,3.3558,0.4486,-0.2781,-0.267,-0.2582,5.2887,0.4837,0.4084,-1.8062,-0.8852,-1.3956,-0.6489,-0.6095,6.9991,0.4561,0.7974,0.6847,0.9436,0.6976,-0.1004,-0.0008,7.3991,-0.9069,0.2303,-0.1017,0.5959,0.1102,0.3006,9.0508,0.1307,0.5466,-0.9896,-0.9023,8.4297,-0.2808,0.1503,0.2259,0.2241,0.2167,-0.9718,0.7364,0.9446,0.0804,-0.2605,-0.3405,0.4504,-0.7299,-0.1191,-0.0262,0.2505,-1.6557,-0.1127,0.5756,-1.0603,0.9328,-0.3752,-0.4994,-0.6103,-0.4754,0.0261,0.3015,-4.7204,0.0441,-0.1245,-0.2205,-0.6163,-0.3708,-0.3454,0.3505,-0.9458,-0.4001,0.5165,-1.5341,-0.4113,-0.6106,-0.8756,1.0108,0.5504,-0.4679,-0.4247,0.4703,,,,,,,,
461,5521,108,4,walking,-0.0109,-1.2402,0.0734,0.5194,0.1248,1.1638,0.2362,0.6075,-0.1167,0.0558,-0.2986,-0.1832,-0.3057,-0.8849,0.252,0.2654,-1.5936,2.3768,3.2856,-0.6953,0.3572,-0.9989,5.2782,-0.5546,-0.7766,-0.0842,0.0087,-0.4563,-1.3347,-3.3974,0.068,-2.7873,-0.844,-0.5083,-0.4495,0.657,-1.9028,0.4364,-0.0323,-0.0415,-0.7622,-0.7985,-0.2205,-0.2308,0.6104,0.1017,0.1106,-0.9717,0.3009,0.4403,-1.9851,0.0003,-0.9414,-0.0509,-0.1309,0.1129,-0.2505,-0.1197,-0.5756,0.2602,-0.968,0.0809,0.3207,0.3505,-0.3993,-2.3014,-0.3407,-0.2808,-0.0001,-0.2254,0.0002,-0.5504,-0.932,0.8753,-1.0202,-0.3641,-2.3751,-1.9236,0.2242,-0.2017,-1.6509,-0.3453,0.1005,-1.5663,0.6103,-0.4681,0.2169,-0.3604,-0.3806,0.8122,-0.4991,0.0753,-0.3441,-3.4113,-1.7709,-0.8492,-0.4754,-0.0995,-1.7706,,,,,,,,,
462,5522,108,4,walking,-0.1742,0.8657,0.0928,-0.5132,-0.1612,-0.2968,0.0515,-0.0159,-0.0219,-0.1067,0.0038,-0.0469,0.3655,-0.3491,-0.0878,-0.1852,-0.2753,0.486,1.2654,-0.4584,0.4925,2.2358,0.3976,3.883,0.574,0.4794,0.3381,-0.0741,0.3598,0.6531,0.069,-0.468,-2.3793,0.7543,0.5066,-0.6462,-0.8512,0.7072,0.0505,0.0399,-2.4473,-0.9722,0.2303,0.1121,0.5636,0.2508,0.1502,2.7787,0.0806,0.4403,-1.3018,0.7421,1.8979,0.2208,-0.2806,0.3451,0.1103,0.1303,-0.3993,0.3752,0.9501,0.1019,-0.3203,0.5121,-0.2164,-0.429,-0.8655,0.2251,0.2603,-1.838,0.1002,-0.9622,-1.0404,0.9056,-0.5502,-0.1194,3.7408,0.3005,0.01,0.0001,-0.8015,-1.7369,0.0003,-0.4013,-1.6014,-0.4757,-0.3808,0.5013,-0.3505,-2.5757,-0.4681,2.8495,-0.0753,-0.3407,-0.4503,-0.3704,-1.0249,0.3643,-2.4252,-0.8753,,,,,,,,
463,5523,108,4,walking,0.0545,-1.32,0.1603,1.0739,0.2906,0.8192,-0.1056,0.3881,-0.0973,-0.1357,-0.2058,0.1255,0.3314,-0.9862,0.1868,-0.3546,2.2784,3.4952,0.794,-1.0185,-0.3631,1.0834,1.5944,-0.9963,-3.3066,0.028,-0.3743,-2.7787,3.4854,5.5064,-0.8841,-0.7067,-2.6971,-0.4796,-0.7594,-1.0423,0.74,0.9542,-0.2259,0.6591,-0.7872,-2.866,0.2603,0.2209,0.4402,0.1006,0.5322,-0.7169,0.1109,0.4689,-1.7645,0.8961,0.821,0.1308,-0.3017,0.3002,0.1503,0.2242,0.831,0.2305,1.4117,-0.0502,-0.9067,-0.974,-0.119,-1.1019,-0.3703,0.1122,0.3647,-0.3752,-0.02,0.8986,-2.3505,1.3205,0.749,0.2803,-0.922,0.2165,-0.0005,0.0709,-1.5015,-1.4293,0.0804,-0.4505,-0.5754,-0.4005,0.3454,-0.4754,0.8576,-0.8578,-0.3992,0.9325,-0.4019,-0.8759,-1.3407,-1.499,-0.6003,-0.1789,-1.3806,-0.2505,,,,,,,,
464,5524,108,4,walking,-0.0138,-1.2548,0.0774,-0.1803,-0.2061,-0.1554,0.0573,0.5699,0.0077,0.0849,-0.1639,0.1479,0.2772,-0.2996,-0.0428,0.1732,1.6788,-0.8919,2.5866,3.3463,0.3744,1.5947,-0.6036,5.6465,1.6826,0.0946,0.3043,-0.0633,-0.3552,0.9545,0.4055,-0.9746,4.5057,0.6975,-0.8528,-0.908,-1.767,0.8375,-0.0211,-0.0804,2.9853,-0.4218,-0.0009,-0.1012,0.6502,-0.1124,0.0509,2.4294,-0.1193,0.4677,0.936,0.9436,2.7892,-0.2605,-0.3002,0.2208,-0.1003,-0.2259,0.8613,0.039,0.3997,-0.2808,-0.2166,-0.5756,-0.1304,-0.5494,0.7169,-0.001,-0.0184,1.4504,0.1504,0.3454,-0.8192,1.3407,-3.8719,0.3643,0.5684,-1.6557,0.0339,0.2504,-2.8214,-0.5134,0.0002,-1.3754,-1.8757,-0.3805,0.3253,0.0477,0.8489,0.4993,-0.0643,-2.1109,0.2244,0.7609,-0.8471,-1.9238,1.0441,-0.3502,-0.9236,0.4009,0.0,,,,,,,
465,5525,108,4,walking,-0.0534,-1.3186,0.0012,-0.0788,-0.1051,0.1536,0.0986,0.4919,-0.0102,0.0645,-0.3041,-0.0829,-0.1374,-0.3883,0.0423,-0.2275,2.2827,1.6979,3.6054,-0.7746,-0.588,0.3544,2.9824,-0.6837,5.0399,-0.2631,-0.3348,-1.5763,-3.4052,1.5982,0.6697,-1.7091,-2.3984,-0.6794,0.5592,-0.4776,-0.8519,0.437,-0.1109,0.5095,-1.6481,-2.8973,0.119,-0.101,0.5627,0.0503,0.3017,0.7224,-0.2258,0.5312,1.8765,-0.7862,-0.9301,0.2205,0.1126,-0.1005,0.2167,0.3605,0.3406,-0.3757,0.6163,-0.3001,-0.3457,-0.3802,-0.4015,1.0007,0.8343,0.1304,0.2808,-1.964,-0.1508,-0.8117,1.6557,0.5759,-0.7408,-0.3641,2.839,-0.4759,0.2606,-0.0803,2.8759,-0.0608,0.1027,-1.2303,-1.8471,-0.3177,0.4406,-0.5109,-0.5005,-0.2504,-0.0753,0.8484,0.0663,-2.5503,0.7754,-0.4508,-1.8584,-0.3505,0.4006,0.6,,,,,,,,
466,5526,108,4,walking,-0.2373,-1.1536,0.1859,1.1609,0.6146,2.8177,0.0561,0.4883,0.1244,0.0849,-0.2553,0.2707,-0.1364,-0.8931,0.3568,-0.0195,-0.6937,3.5552,-0.2988,-1.3397,0.3057,0.7954,-2.4085,-2.607,0.3846,0.0696,0.0439,5.9872,2.669,6.0091,0.5847,-1.3486,-2.7542,0.995,1.7778,1.4593,-2.7632,0.6581,0.0323,0.101,-1.6774,-0.438,-0.3018,0.023,0.6313,0.0508,0.1505,-0.8701,-0.1103,0.539,1.8436,0.5625,-0.9423,-0.2302,0.2508,0.3405,-0.3646,0.0307,-0.3457,0.2164,1.4143,0.2241,-0.5193,-0.2259,-0.3993,-0.5753,-0.3509,0.2803,0.0809,-1.7018,-0.1304,1.5509,-1.8182,0.7308,-0.823,-0.3003,-3.0473,-0.4503,0.2605,0.2014,-1.8576,-1.9574,-0.0009,-0.4164,-1.7384,-0.3441,0.0442,-0.4678,-1.8148,-0.3756,0.4014,1.8157,-0.4008,-2.429,1.549,-0.6247,-0.619,0.1194,1.0227,-0.4804,,,,,,,,
467,5527,108,4,walking,0.0023,-1.053,0.1246,0.2943,0.1556,0.2693,0.0645,0.5864,-0.0942,-0.0149,-0.2853,-0.1703,-0.135,-0.752,0.2271,-0.1931,1.3696,2.3359,-0.3878,3.5565,0.0466,0.2432,-0.6068,0.2537,-1.0867,0.0797,0.3579,5.547,1.6977,0.4847,0.4498,-2.8072,-0.9962,-0.3491,0.4086,-0.8839,-1.8963,0.5785,0.028,0.0455,-0.9437,1.8737,-0.0005,0.119,0.5509,0.0502,-0.0302,-1.7619,-0.2308,0.3682,0.9026,-0.7344,-1.8445,-0.1126,0.3402,0.0277,-0.2203,0.1011,-0.3707,-0.7475,1.9527,0.1109,-0.838,-0.3009,-0.1305,-1.499,-0.4299,0.0264,-0.2603,-0.3641,-0.2259,1.4396,-1.9141,0.6257,-0.8694,-0.1503,0.9509,-1.0473,0.0001,0.0962,-1.9558,-0.5384,0.0806,-1.2169,0.0456,-0.3997,-0.2244,0.1003,0.7184,0.5011,-0.3606,-0.3011,-0.4001,-1.7408,1.0995,-0.2805,-1.8753,0.4757,-0.4012,0.0753,,,,,,,,
468,5528,108,4,walking,-0.1772,0.4183,0.1531,0.0955,-0.1258,0.0032,-0.0142,0.4941,0.0579,-0.0716,-0.1454,-0.0845,1.1852,-0.2337,0.2278,-0.0319,-0.4074,0.2957,-0.2582,2.3064,-0.3351,-0.3944,0.4794,3.3627,-0.5981,-0.026,-0.0638,1.9953,-0.688,-0.4869,0.6734,2.8861,1.6695,-0.6592,-0.3584,-0.7563,1.9897,0.5601,0.0466,-0.1014,1.9043,0.8746,-0.1197,-0.1105,0.7077,0.2202,-0.0509,1.5096,-0.2506,0.4503,-0.7636,0.3402,1.4993,0.2304,-0.2808,-0.1129,0.3014,-0.3704,-0.8515,-0.8973,0.0007,0.0809,-0.0026,0.2165,-0.3603,0.5503,-1.0477,0.1506,0.1308,0.4294,-0.2254,1.9345,-1.5276,0.911,-1.5753,-0.8633,-3.4757,0.3802,0.2242,-0.2018,-0.8318,0.3003,0.0001,1.4604,0.7408,-0.3441,-0.3502,0.0643,-0.4017,1.6103,-0.4807,-0.5663,0.3758,1.9762,0.8356,-1.9061,-1.3998,0.4684,-0.7502,0.6505,,,,,,,,
469,5529,108,4,walking,-0.1284,-1.1807,0.1434,-0.0838,0.0585,0.0499,0.0182,0.5742,-0.0696,0.0024,-0.2852,0.0955,1.3039,-0.7731,-0.3536,-0.1943,2.2366,3.4095,-0.4822,-1.6902,-0.2556,0.4746,-1.6787,-0.2762,-0.5864,0.6061,0.3351,-2.4568,2.7972,6.4463,-0.7837,-0.7054,-2.9475,-0.538,-0.5083,-0.8988,-1.9897,0.037,-0.2605,0.0809,-0.4986,-0.6573,-0.2205,-0.1106,0.5969,-0.1305,-0.3009,-1.9035,0.2257,0.4298,-1.5505,0.7464,-0.9313,-0.2803,-0.2302,0.0508,0.2163,0.0008,-0.3996,-0.1509,0.4003,0.1005,-0.3802,-0.3013,-0.3702,1.7627,-0.1015,-0.1191,0.0001,-0.5759,-0.198,-1.5003,-0.9689,0.7757,-3.3509,-0.3758,-0.8798,0.7709,0.2241,0.0523,5.4014,-0.4754,0.2505,-0.6003,-1.7117,-0.1126,0.3207,-0.4704,-0.3407,0.5695,0.4502,-0.8139,0.0755,-2.5109,-0.0661,0.5249,-1.4997,-0.0794,-1.6011,,,,,,,,,
470,5530,108,4,walking,0.1558,-1.3186,0.0401,0.0835,-0.142,0.1255,0.1706,0.5738,0.0041,-0.0787,-0.2664,-0.0577,1.2436,-0.6859,0.0344,-0.2963,2.4827,3.6534,-0.8867,5.2389,-0.2556,6.2893,1.4052,7.3332,8.0931,-0.5083,-0.4969,9.4792,2.5475,10.4585,-0.7853,1.3776,3.9961,-0.8466,0.7942,-0.9846,-1.7073,0.628,0.0213,0.1017,2.432,-0.866,0.0504,0.2303,0.5758,-0.1127,0.2502,1.9417,-0.1107,0.5015,-0.7233,0.1195,1.747,-0.2809,0.3006,0.2603,-0.0005,0.3609,-0.3753,-0.3706,-0.3994,0.2257,0.2169,-0.823,-0.2202,-1.7216,-0.3405,-0.1003,0.1308,1.9722,-0.0002,-0.9615,-1.3015,0.9028,-0.6152,-1.2015,0.4118,-2.3453,0.1506,0.0001,-2.9146,-0.4103,-0.0804,-0.3807,-1.956,-0.4808,0.4689,-0.0332,-1.0702,-0.7382,-0.3642,-0.0996,-0.4128,-3.4015,-0.5695,-0.5276,-0.6001,0.4293,-1.0606,-0.4751,,,,,,,,
471,5531,108,4,walking,-0.0136,-1.1902,0.0548,0.1206,0.1703,-0.0893,0.0797,0.5439,0.041,0.1343,-0.2337,0.0051,1.1427,-0.9075,0.1546,0.0947,-0.7867,2.347,1.2461,-1.6829,0.3077,3.2862,-0.5549,-1.3344,-1.4035,0.5626,0.5945,-0.8094,0.7941,5.6489,-0.6072,-1.8852,-2.5782,0.6987,0.5092,0.956,-0.3899,0.5853,0.0809,0.2302,-1.7638,-0.8665,0.0003,0.101,0.7466,-0.1102,0.2203,-1.8426,0.2802,0.4392,0.8519,0.9873,-1.6138,-0.3993,0.1306,-0.2246,-0.2608,0.1008,-0.2162,0.6326,0.3015,0.119,-0.2507,0.4997,0.8344,1.964,-0.5756,0.0503,-0.1505,-1.6262,-0.4296,-1.5506,-1.3757,0.7184,-0.9607,-0.3506,-2.5009,-0.4002,-0.0001,0.001,6.4674,-0.3009,-0.1122,-2.3706,-0.3806,-0.3253,-0.3647,0.0292,-0.2252,0.4681,-0.0681,1.6103,-0.0182,-0.6009,-1.9452,-0.4408,-0.0477,0.3209,0.799,0.3403,,,,,,,,
472,5532,108,4,walking,-0.1531,1.2049,0.1042,0.2903,0.093,0.1347,-0.0417,-1.2552,0.0785,-0.1243,0.5746,0.0835,-0.1401,-1.0692,-0.2384,0.2754,-1.3368,3.0561,2.4883,-0.8824,0.3855,0.6426,-1.0098,-0.6939,-1.5059,-0.4486,-0.2845,-3.8097,-0.8967,5.4072,-0.5837,-1.3677,-0.7895,0.3499,0.6563,-0.6076,-2.7466,0.7593,0.1305,-0.1011,-0.9433,-1.7956,0.2167,0.2309,0.6559,0.0215,0.2505,-0.967,0.1199,0.4674,-1.823,0.533,-0.7326,0.0443,0.3452,-0.0505,-0.2251,-0.3005,-0.5757,-0.1122,-0.874,-0.1003,0.4012,-0.9037,0.0803,0.3407,0.4406,0.0004,-0.2807,0.3996,-0.3206,0.6002,-1.7184,0.7504,-2.3015,-0.4009,0.3644,-2.4508,-0.02,0.1102,-1.719,-0.2603,-0.1509,-1.0642,-1.7372,-0.3503,0.4689,0.3756,-0.416,0.6504,-0.3803,-0.7683,0.0752,-3.2203,1.6306,0.7308,-1.8007,0.1245,0.5009,-0.475,,,,,,,,
473,5533,108,4,walking,-0.3235,-1.2555,0.0036,-0.5164,-0.1689,-0.2409,0.0145,0.5423,0.0552,-0.1574,-0.2703,0.063,-0.2659,-0.9035,0.0787,-0.2968,1.4863,-0.6743,2.4761,3.3984,0.2822,0.6932,-1.385,5.0872,-0.6056,0.4482,-0.7077,-0.6694,0.7549,-0.7941,0.5862,-2.3498,2.7851,0.9993,0.464,-1.3742,-0.8892,0.768,0.0411,0.2163,0.5791,-1.6571,-0.6481,0.2254,0.5318,0.3456,-0.025,-2.8493,-0.0005,0.5015,1.9636,0.8567,-2.8122,-0.1103,0.2307,-0.1307,0.3403,-0.1509,-0.731,0.8316,-1.3011,0.0503,0.3003,-0.8627,-0.4298,0.9727,0.9516,0.1198,0.0473,0.3508,0.0663,1.3994,-1.8471,1.2805,-2.8751,0.1129,-2.6397,-0.2207,0.0804,-0.201,0.3806,2.3759,-0.1004,-0.0477,-1.6552,-0.2606,0.4402,-0.4002,-0.416,-1.4506,0.0995,-0.4758,-0.4673,-3.5341,1.5509,-0.6106,-1.9552,0.3704,-0.4991,-0.3157,,,,,,,,
474,5534,108,4,walking,0.0016,-1.2048,0.0739,-0.5165,-0.1875,-0.377,0.0176,0.5594,-0.0853,-0.063,-0.2352,-0.0556,0.1469,-0.8095,0.1789,0.2759,2.4798,1.2638,-0.3664,3.6857,0.2858,0.7841,-0.7746,5.0344,-0.8531,0.2979,0.4973,0.746,2.3567,-0.4562,0.5432,6.5066,3.8893,0.874,-0.0951,-0.6597,-0.0463,0.8426,0.0219,0.0504,2.9638,-0.9986,0.1004,0.1198,0.5495,0.1103,0.101,1.7143,-0.1303,0.4358,-1.8148,-0.1122,1.8952,0.2605,-0.3457,0.3409,0.2809,0.2169,0.3014,0.3995,-0.8217,0.0807,0.2305,-0.8489,0.1504,-1.4991,-0.539,0.2246,0.2202,1.833,-0.3605,0.3804,-0.7706,0.9065,-0.2251,-1.2018,-1.5753,-0.922,0.2502,0.02,-1.8192,-0.3751,-0.0277,0.6247,0.0332,-0.4014,-0.3509,-0.4297,-0.5107,-0.3709,0.4752,0.4005,-0.4678,-0.7502,0.4681,-0.3005,-1.0257,0.4114,-1.7406,-0.0146,0.0008,,,,,,,
475,5535,108,4,walking,0.0849,-1.0017,0.0636,0.1272,0.0134,-0.0946,0.1657,0.3898,-0.0548,0.041,-0.0773,-0.1378,0.2279,-0.9628,-0.207,-0.1874,1.6884,2.2593,3.5085,-0.5864,-1.2432,0.2654,5.3323,-0.3788,-0.596,0.0344,-0.2956,-3.3051,-0.6686,-2.3977,-0.4742,-1.5563,-2.754,-0.4582,-0.9599,0.6583,-0.7614,0.8741,0.0505,0.1505,-0.809,2.6794,-0.3751,-0.0213,0.6981,-0.3003,-0.4017,-1.3018,-0.1121,0.5364,2.8962,-0.4292,-1.6382,0.0007,0.2805,0.2202,-0.3649,-0.2259,-0.3402,0.1011,-1.0455,0.0809,0.4005,-0.1196,-0.1307,1.4803,0.9735,0.0286,0.2503,-1.1103,-0.1006,1.5754,1.839,0.914,1.0663,-1.0709,-2.0332,0.4676,-0.0247,-0.2015,1.4759,0.0363,-0.0257,-1.3995,3.4506,-0.2305,-0.416,0.2608,-0.7758,-1.0473,-0.3806,-0.3703,0.5003,-3.2165,2.6163,0.0606,-0.8009,-0.3197,1.3458,-0.0,,,,,,,,
476,5536,108,4,walking,-0.1329,0.8255,-0.1255,0.4648,-0.0177,0.1582,0.0411,-0.0046,0.1051,-0.0878,0.0554,0.0788,0.1742,-0.3853,-0.2857,0.2361,1.2071,2.2521,0.4886,-1.2298,-0.2756,0.2409,-0.7949,0.3468,-0.6526,0.4539,0.4794,3.6067,1.3337,-0.6493,-0.448,-1.4095,-2.7587,0.5952,-0.5899,0.8566,-0.8974,0.5084,0.037,0.2253,-1.023,0.9099,0.0697,0.1196,0.6973,0.0008,0.1122,-0.7625,0.1103,0.4506,-2.628,-0.2805,-0.963,-0.2608,0.1305,0.1508,-0.0807,-0.2208,-0.3505,-0.3402,-0.6311,0.2509,0.3994,-0.3641,0.3704,1.0504,0.4405,0.2243,0.1008,-1.2161,-0.0591,-1.5752,1.4751,0.83,-0.5503,-0.3206,0.4117,-1.4007,0.1015,0.0548,2.3007,0.3013,0.0299,-0.4298,-0.0455,-0.3805,0.5001,-0.0681,-0.4806,-0.6508,-0.4673,1.3757,0.3457,-2.0063,-0.7657,0.4654,-0.619,0.4103,1.4017,0.1601,0.0,,,,,,,
477,5537,108,4,walking,-0.1832,-1.1301,0.0415,-0.5158,-0.3597,-0.2706,0.0091,0.4578,-0.038,-0.1743,-0.2619,-0.0946,1.0783,-0.7539,-0.1634,0.0553,2.2221,1.4852,3.5885,6.2962,-0.3854,5.0869,0.6567,7.4763,-0.4493,-0.3057,0.2859,2.4933,-2.9855,-0.3686,-0.8868,-1.667,9.9961,-0.896,-0.5064,0.7772,-2.744,0.5635,0.1015,-0.0216,0.959,8.8224,-0.7984,-0.119,0.6556,0.3995,-0.4994,-0.9666,0.1509,0.4405,-1.9411,-0.1121,-0.732,-0.0509,-0.1009,-0.1305,0.3008,-0.2253,0.3018,0.2805,-0.7635,0.2164,0.2205,0.9645,-0.8701,0.9554,-0.4503,-0.0005,-0.2502,-0.2308,-0.3649,-0.5752,-0.8753,0.9053,4.9214,-0.4751,-0.5503,-1.3503,0.0803,0.1104,1.416,-0.3604,-0.0201,-2.3405,-2.3754,-0.3206,-0.4681,0.5341,-0.6247,0.5138,-0.3709,2.7143,-0.0477,1.8594,-1.9095,-4.4674,-1.8148,0.0606,-1.3262,,,,,,,,,
478,5538,108,4,walking,0.1288,-1.1486,0.1051,-0.0843,-0.1536,-0.0557,0.0034,0.5565,-0.0461,0.0942,-0.1659,0.0739,-0.3075,-0.9526,0.2825,-0.2448,1.688,3.4418,2.6983,5.456,0.0632,0.3747,0.7829,0.3398,8.6677,-0.2772,-0.0182,7.3552,6.8902,0.6791,0.4081,1.9499,3.4962,0.767,0.5058,0.6485,1.564,0.7953,0.1309,0.0006,3.036,1.547,-0.2302,0.1197,0.636,0.1103,-0.1002,2.7318,-0.2602,0.4506,0.8711,-0.3753,1.7463,-0.3018,0.3705,0.1015,-0.1505,0.2244,-0.3453,0.4294,-1.9345,0.0002,0.9027,0.3991,-0.0505,0.974,0.8411,0.2165,-0.0804,1.9627,-0.2504,-0.8757,-0.9458,0.746,-0.4991,-1.2015,-1.9217,-0.0642,-0.0033,0.2257,2.5002,-0.027,-0.01,-1.1121,0.4406,-0.4681,0.3003,0.3407,0.5753,0.3644,0.2807,-1.9162,-0.3441,-0.6003,-1.5164,-0.8797,-0.8009,0.4017,1.4006,-0.0992,0.3508,0.0,,,,,,
479,5539,108,4,walking,-0.0836,-1.1603,0.0738,0.1343,0.0431,0.0157,-0.0548,0.5435,-0.116,-0.022,-0.2832,-0.1734,-0.0946,-0.875,0.3056,0.0072,1.2985,3.2261,2.4565,-1.6824,0.5979,0.5825,1.6478,-1.4973,-2.5567,-0.2786,0.064,-0.9944,1.7066,5.9475,0.9869,-0.3784,-3.8053,0.7782,1.0508,0.8862,0.9547,0.4403,0.2602,0.1198,-2.7637,0.7438,-0.2204,-0.0009,0.634,-0.2258,-0.3015,2.9617,-0.1127,0.5109,-0.8315,-0.0292,1.8971,0.2506,0.1003,-0.0446,0.2309,-0.3005,-1.4018,-0.9345,-0.4651,0.1302,0.2244,-0.5757,-0.2162,-2.9444,-1.0277,0.0807,-0.1504,-1.4995,0.1017,-1.6014,-2.9764,0.907,-0.4299,-0.4803,-1.7308,-0.6118,-0.001,0.0191,-2.0267,-0.5003,0.1102,-0.3708,0.3452,-0.3506,0.4005,-0.3403,-0.3757,-0.2807,-0.3123,-0.4508,-0.4679,-1.719,-0.416,-3.0307,-0.3998,-0.4759,-1.3113,,,,,,,,,
480,5540,108,4,walking,-0.189,-1.0811,0.0012,0.2448,0.2709,0.135,-0.1431,0.4957,-0.0619,-0.0552,-0.2989,-0.0746,-0.1541,-0.3979,-0.0163,0.2364,2.6817,1.3862,3.3582,-0.598,-0.3493,-0.6955,1.4428,-0.457,-1.6084,-0.3356,-0.3765,0.663,1.9954,-0.9567,0.3676,-2.4761,-1.5843,0.8521,0.8898,-0.0426,-2.7592,0.3609,-0.032,0.022,-0.7742,-0.7873,-0.0505,0.101,0.7005,0.0806,0.1006,-0.8717,0.3001,0.4687,-2.7433,-0.1309,-0.5384,0.0004,-0.2259,0.3018,0.2309,-0.2805,-0.863,0.2503,0.5408,0.1121,-0.3755,-0.9626,-0.3454,-1.9401,0.429,0.1027,0.1503,-0.721,0.2208,1.6108,-1.7184,0.7372,-2.8322,-0.1105,-0.9766,-2.0257,0.1111,0.0584,-1.8182,0.9554,-0.119,-1.0709,-1.4013,-0.3806,0.3508,-0.4679,-1.749,-0.2167,0.3705,-1.5138,-0.4992,-3.0661,1.3403,-0.5752,-0.7509,-0.3648,1.8192,,,,,,,,,
481,5541,108,4,walking,-0.1294,0.8492,0.0791,-0.0169,0.0872,-0.069,0.0035,-0.4918,0.116,-0.0517,0.1652,0.1521,0.1358,-0.3854,0.0437,0.038,0.2557,0.2036,-0.2953,1.2297,-0.2361,-0.4796,0.4563,2.4832,-0.2783,-0.3044,0.0955,0.2862,-0.4064,0.3956,0.0213,3.6633,0.5074,-0.4211,-0.6865,0.7585,-0.6788,0.8943,0.0807,0.1505,2.957,1.7798,-0.1126,0.1197,0.5979,-0.2605,-0.0503,-1.732,0.2169,0.3686,-0.8799,-0.931,-1.7881,0.1106,-0.2251,-0.0443,0.101,-0.3007,-0.841,-0.763,-0.3505,0.0009,0.2305,0.3809,0.3013,0.3402,-0.4991,0.2805,-0.0002,0.3997,-0.3704,1.4003,-1.5756,0.9236,-1.8756,-0.1303,-2.9458,-0.8218,-0.0278,0.2014,-0.2507,1.3759,-0.2208,5.4291,0.8576,-0.4508,-0.3649,-0.5184,0.5505,-2.3604,-0.0332,-2.0753,-0.1003,1.6011,0.6004,-0.7683,-0.7382,0.0842,-1.7406,0.4682,,,,,,,,
482,5542,108,4,walking,0.0018,-1.2043,0.1405,0.1706,-0.0102,0.2653,0.1352,0.5744,-0.1099,-0.1258,-0.2438,-0.1659,0.0877,-0.9028,0.3095,-0.2356,1.6898,-1.0786,2.2985,3.4764,0.2271,1.2562,1.3961,5.5084,6.3475,-0.2703,-0.0936,1.676,-0.7831,7.377,0.0433,2.5532,2.8972,-0.5469,0.3573,-0.8846,-1.744,0.4563,-0.1106,0.0803,2.488,-0.8749,0.0505,-0.1193,0.6697,-0.1015,0.0009,2.9465,0.3003,0.4683,-0.7463,-0.2205,0.7982,-0.2607,0.3996,0.1303,0.2302,-0.301,0.7617,-0.3755,-0.4006,0.2244,0.2802,0.9325,0.3403,-0.4292,-0.831,-0.1002,0.1509,0.4402,0.0002,0.0332,-0.9635,0.5757,0.2259,-1.2162,0.9682,-2.1126,-0.0247,-0.201,-2.6168,-0.2505,0.0001,0.4648,-0.4698,-0.3253,-0.3809,-0.0661,-1.3603,-0.3641,0.3705,-0.5506,-0.3206,1.5161,-0.8751,-0.6004,2.4996,-0.4805,0.3451,0.4758,-0.07,,,,,,,
483,5543,108,4,walking,-0.0107,-1.2536,0.0837,-0.1063,-0.0962,-0.1147,-0.1345,0.5867,0.0546,-0.0024,-0.2702,0.1416,1.1922,-0.4877,-0.2851,0.1733,2.2366,-1.2952,-0.6857,3.3832,0.069,-1.4959,0.6488,6.3581,5.5056,-0.0426,-0.3931,-0.7941,-0.7834,0.998,-0.4487,-1.6971,2.8955,0.4072,0.7591,0.6086,-2.5465,0.837,-0.0328,0.1304,0.7316,-1.8542,-0.1194,0.1127,0.7439,0.1014,0.2305,1.9411,-0.0502,0.4409,-0.9892,0.3995,1.9622,0.1505,-0.3017,0.2169,0.0683,0.2203,-0.3759,-0.3409,0.7614,-0.0807,-0.3703,-0.2806,-0.2252,1.4002,-0.3009,-0.0006,0.1102,-0.974,-0.198,-1.9568,-0.4189,1.5509,-3.5276,0.1005,-1.8225,-1.2608,0.0001,0.2011,2.8426,-0.4997,-0.2503,-2.0277,-1.3503,-0.3606,-0.3803,0.4648,-1.3453,-2.3641,-0.4011,0.9375,-0.4681,-2.4505,0.4294,-0.5754,-1.6108,-0.4709,-0.7753,0.0,,,,,,,,
484,5544,108,4,walking,-0.1203,0.8181,0.0568,-0.1743,-0.0152,-0.1638,0.0933,-0.9236,0.1161,-0.1362,0.468,0.0693,1.2392,-0.3071,-0.2881,0.2758,-1.2556,-1.2695,0.3482,2.2296,-0.0797,0.0032,0.3548,3.0872,-0.596,0.3664,0.3957,-0.6904,0.4986,-0.4785,0.5577,-1.6563,2.7967,0.7837,-0.4053,0.8973,-0.7088,0.5087,-0.2205,0.4541,1.7591,-1.9998,0.1008,-0.0502,0.6674,-0.2309,0.1308,-1.8344,-0.1129,0.547,-1.9412,-0.0212,-1.8192,0.2808,0.1192,0.1014,-0.0606,-0.1103,-0.764,-0.3018,-1.0223,-0.1503,0.3647,-0.3805,-0.2505,0.8148,-1.2604,-0.2252,0.3208,0.8428,0.0005,-1.4018,0.9067,0.7508,-2.3752,-0.4678,1.5008,-0.7808,0.0002,-0.0806,-0.8759,-3.4751,0.3251,-0.5648,-1.0455,-0.3403,0.3708,-0.4006,-1.799,-0.8153,0.3996,-0.3508,0.0995,-0.4994,-2.6108,-0.719,-0.4291,-0.416,-1.4509,,,,,,,,,
485,5545,108,4,walking,-0.1344,1.0873,0.1836,-0.2902,-0.0512,-0.2768,-0.1054,-0.8381,0.0639,-0.0741,0.3577,0.0957,0.1634,-0.3872,0.0063,-0.1748,-0.2455,-0.0422,-0.2893,2.508,0.609,3.374,0.2553,5.7546,0.9947,0.2659,-0.0152,0.7978,0.6591,0.3083,0.6956,2.3386,2.4982,-0.5864,0.6688,-0.8971,0.877,0.6742,0.0375,-0.1012,1.9743,-2.7422,-0.3012,0.2165,0.4998,0.1105,0.0508,1.9213,0.2802,0.4368,-0.9631,0.9417,1.8547,-0.0661,-0.1009,0.1126,-0.1303,0.2303,-0.1194,0.9561,-0.9884,-0.1509,0.3703,-0.4006,-0.3409,-1.4299,-0.3504,0.3006,-0.0809,0.4018,-0.0009,1.4403,-1.5276,0.8754,-2.3991,-0.2602,-2.9452,-0.0609,0.2509,0.2018,-0.416,1.9236,0.3209,0.4503,-0.5753,-0.3453,0.0642,-0.3251,-0.3757,-2.5505,-0.3804,2.9153,0.3646,0.7757,0.9681,-0.619,1.7406,-0.4673,-1.4808,0.4689,-0.0,,,,,,,
486,5546,108,4,walking,0.2989,-1.3183,0.0798,1.0655,0.2852,0.586,0.159,0.5413,-0.1405,0.0157,-0.3839,0.0325,0.1802,-0.3341,0.1744,0.2091,2.0908,-1.9963,-0.7826,3.4724,-0.0023,0.507,-1.593,-0.494,0.3664,-0.2743,-0.6904,-0.8831,-1.4881,-0.7537,-0.6673,5.6777,1.848,0.7634,0.6594,0.8742,-0.9568,0.7986,0.4561,0.0502,1.8522,-1.9746,-0.1305,-0.1502,0.7009,-0.2607,-0.101,1.7427,0.1003,0.5636,-1.723,-0.1194,1.9327,0.3406,-0.3754,0.0008,0.2805,0.1105,-0.4016,-0.1121,-0.9617,0.2251,0.3805,0.4002,-0.3008,0.833,-0.5489,0.2246,-0.0663,0.5754,-0.2505,-1.4602,-1.7406,0.9219,-0.4299,-0.4993,-0.617,-0.3011,-0.2166,0.0455,0.9095,-0.7273,0.3641,-2.7808,0.4758,-0.3997,-0.2209,0.3704,-0.7509,-0.3509,-0.2304,-0.4505,-0.3253,1.3609,-1.6001,-0.8755,-0.3459,-0.0845,-0.7684,0.5001,,,,,,,,
487,5547,108,4,walking,-0.414,-1.1689,0.1557,0.6173,0.5161,0.1872,0.1204,1.2655,-0.0186,0.0695,-0.5843,-0.2277,0.3544,-0.4853,0.2746,0.2075,2.6859,-0.3876,3.3381,5.2562,-1.3421,6.4064,3.0763,-0.363,-0.796,0.3931,0.6982,7.289,-1.2988,-1.6783,0.4952,-3.055,-1.0908,1.3791,0.0056,0.948,-0.4551,0.7096,0.0809,-0.0504,-0.6598,1.8742,0.2257,0.0325,0.6654,-0.1302,0.0217,-0.8522,0.1009,0.4507,-1.7897,0.8499,-0.7435,-0.3008,0.3409,0.1105,-0.1012,-0.1122,0.933,0.7326,-0.8757,0.1505,0.3014,-0.2302,-0.3451,-0.7018,-0.1196,0.0663,-0.2165,-0.2203,-0.0008,-1.4294,1.928,0.9152,0.5508,-0.4008,2.3757,-0.4014,-0.1027,0.1963,-2.3992,-0.9153,-0.2244,-2.4753,1.8356,-0.3209,-0.3802,-0.2602,0.799,-1.0168,0.4679,1.7382,-0.2805,-2.3506,-0.5647,-1.8117,-0.0753,-0.0998,-1.5207,0.0643,,,,,,,,
488,5548,108,4,walking,0.1391,-1.2554,0.0557,0.1479,-0.2327,0.2404,0.0632,0.456,-0.0316,-0.0112,-0.2849,-0.0933,0.0787,-0.8522,0.2947,-0.0063,1.4077,2.2061,0.3868,3.3074,0.2651,5.0855,-0.3582,8.598,6.3465,-0.6956,0.589,9.9862,7.6495,0.7036,0.025,2.4475,3.3988,-0.4301,0.3766,-0.4615,-0.9419,0.7873,0.1198,0.0505,3.9323,0.721,-0.2207,0.1309,0.6771,0.3004,0.1126,2.9141,-0.2603,0.4403,-0.9699,-0.8613,1.5328,-0.3014,0.2169,0.2243,0.0008,-0.1003,-0.1105,-0.2252,0.8488,-0.1504,0.3993,0.1014,-0.3649,-1.8983,-0.5508,0.3207,0.2302,1.6193,0.0042,0.9716,0.8426,0.922,-2.6103,-0.4295,-2.6138,-0.2808,-0.0002,0.2017,-0.3406,-2.5184,0.2506,-0.3452,-1.9666,-0.3603,0.4507,0.4753,1.5148,-0.617,-0.0759,-0.3506,0.4014,-3.4002,0.8754,0.4648,0.4172,-0.0247,0.5002,-0.3262,0.4991,,,,,,,
489,5549,108,4,walking,-0.1654,-1.1143,0.1853,1.1058,0.5134,2.7182,-0.2378,0.8153,-0.0698,-0.2697,-0.3093,-0.2535,0.004,-0.2768,-0.0786,0.2272,1.2861,3.3883,1.5976,-1.3689,0.0973,-0.6563,0.8824,0.0557,-0.4429,-0.0845,0.0194,-0.7069,-0.6734,-1.4885,0.0431,-2.6491,-2.8096,-0.5546,-0.6681,0.3974,1.6084,0.7782,-0.1012,0.036,-1.6214,-1.7947,-0.1302,0.1505,0.5056,-0.0509,-0.2207,1.1197,-0.0008,0.4502,-1.5219,0.7571,1.8799,-0.0214,0.3997,0.3008,0.2257,-0.3704,-0.3504,-0.5753,1.6146,-0.0803,0.4997,0.8552,0.4405,0.9527,-0.9023,0.3209,-0.1129,-0.7308,-0.1004,-0.3454,-1.8015,0.8381,-2.5013,-0.4293,-0.3019,0.9509,0.2302,-0.2017,-1.799,-2.7018,-0.0441,-1.2606,0.9215,-0.2241,-0.3649,0.4104,-0.9554,-0.7117,-0.3402,-2.6152,-0.3606,-0.2804,-1.7347,-0.8486,-0.5504,0.4678,-1.7395,,,,,,,,,
490,5550,108,4,walking,-0.1294,-1.1417,0.0738,0.1159,0.1558,0.2356,-0.0947,0.3548,-0.069,0.0103,-0.1857,-0.1378,0.0429,-0.8968,0.0825,0.0036,1.2443,2.2754,-0.3481,3.2085,-0.4473,-0.6639,-0.7791,-0.2886,-1.7084,0.3783,0.3046,5.0572,0.4963,-0.6497,-0.3379,-0.654,3.5542,0.9998,-0.6976,-0.886,-1.7571,0.748,-0.1126,0.2251,1.4593,-0.9667,-0.0219,0.0008,0.537,0.0806,-0.0502,1.8719,-0.1018,0.4402,-1.9551,0.0477,1.4994,-0.1103,0.2602,0.0683,-0.1302,0.1006,0.5758,0.3993,1.2204,-0.2308,-0.3804,-0.4001,-0.1509,-0.4015,-0.3503,-0.2173,-0.1198,0.8757,-0.3006,1.429,0.3754,0.9684,-1.2808,-0.3407,-1.9224,-2.0702,0.2166,0.0404,-1.4759,-0.9153,-0.1027,-2.3608,-0.8594,-0.3641,0.3209,0.3017,-0.5124,-1.318,0.4704,-1.6006,-0.4687,-0.5164,1.8952,-0.3708,-0.8015,0.4118,-1.9444,0.55,,,,,,,,
491,5551,108,4,walking,-0.1609,-1.074,0.065,0.0554,-0.0171,0.2077,0.0052,0.5764,-0.0856,0.1251,-0.2699,0.1855,0.177,-0.3776,0.2329,0.2479,1.2893,-1.3382,2.3944,3.2295,0.6846,1.6547,0.343,0.2704,6.4897,-0.3853,0.5843,9.6045,7.9869,8.3581,0.3687,2.8894,3.8567,-0.7583,0.738,-0.4941,1.6672,0.0328,0.0506,-0.0215,3.9021,-0.7463,-0.1194,0.0004,0.5986,0.0803,-0.1302,1.7892,-0.2253,0.4408,-1.8961,0.6216,1.9635,-0.2509,0.101,0.2304,-0.1503,-0.0658,0.3457,0.3995,-0.841,0.1027,0.2604,-0.3503,-0.4299,1.5489,0.8759,0.1122,-0.0338,1.9404,0.0191,-0.3754,-0.5005,1.3641,0.5757,0.1005,-1.0702,-1.3006,-0.2162,0.301,3.4753,-0.3803,0.0179,0.9446,0.2807,-0.3405,-0.1108,-0.4011,0.4681,-1.0897,-0.0473,-0.4001,0.4806,2.5134,-0.7656,-0.4679,0.5505,-0.0292,1.5184,0.6003,-0.5107,,,,,,,
492,5552,108,4,walking,-0.1609,-1.2405,0.0726,0.1408,0.1354,0.2797,0.0439,0.535,-0.0056,-0.1148,-0.367,0.0692,0.2283,-0.8861,0.0375,0.0217,1.2963,2.3438,3.2873,-1.4493,-0.689,0.6595,1.3764,-0.0184,-1.5549,0.3051,0.3347,-0.6041,0.6681,-1.9869,0.5977,-0.5874,-1.7891,-0.3586,-0.6785,0.408,-0.9445,0.7217,-0.1006,0.1305,-2.8946,-1.5799,0.0277,-0.0507,0.6003,0.1017,0.2254,-2.7982,-0.0806,0.5165,1.8717,0.4015,-2.7618,-0.1105,0.0456,0.0009,-0.1505,-0.2803,-0.3506,-0.1192,0.4296,-0.2202,-0.2508,0.9645,0.4752,1.9238,0.3459,-0.0002,-0.001,-1.3991,-0.0477,-1.8551,2.5109,0.8576,-0.4997,-0.3403,-2.5504,-0.4127,0.02,-0.2017,2.5759,-0.4002,0.3008,-0.3758,-1.914,-0.3803,0.3017,0.2165,0.9458,0.5148,-0.2602,0.9059,0.3209,-0.4503,-3.5006,0.3641,-1.8492,0.4681,1.6309,-0.0997,,,,,,,,
493,5553,108,4,walking,-0.0107,-0.8492,0.0035,0.0523,0.0862,0.1048,0.043,0.4483,-0.1179,-0.0957,-0.1674,-0.0664,1.2036,-0.2541,-0.2694,0.3821,-0.1868,0.4055,-0.3788,-0.3928,0.3389,2.3465,0.4558,3.6747,-1.0399,-0.2786,-0.025,-0.467,-0.6972,-0.7851,-0.4987,-1.9832,-1.8566,-0.596,-0.7581,0.8052,-2.7796,0.561,-0.2307,0.1197,-1.8216,-0.7624,-0.1104,-0.0809,0.5415,-0.1006,-0.1302,-3.9561,0.0503,0.4591,-1.9301,-0.2162,-2.9722,0.3008,-0.2202,0.2258,0.1505,0.1011,-0.6345,0.3703,0.3458,0.1126,-0.2505,-0.9026,1.0477,-0.749,0.4759,0.0005,0.1001,-0.4297,0.001,2.517,5.7327,0.7369,-0.3408,-0.4677,0.8411,-3.5509,-0.0339,0.2016,-0.6193,-1.9444,0.0592,-0.4993,0.3608,-0.4365,0.4507,0.3646,-2.5134,-0.6118,-0.5008,3.4164,-0.5758,0.7706,0.3755,0.4013,-2.3991,-0.2607,1.0641,-0.4001,,,,,,,,
494,5554,108,4,walking,0.1482,-1.051,-0.1603,0.4152,-0.0842,0.0038,-0.0181,0.458,0.0412,-0.0761,-0.2747,0.0622,1.1569,-0.977,0.0941,-0.1702,2.3928,3.2553,0.6794,-0.5877,-0.406,-0.4831,-0.5937,0.753,-2.5787,-0.3674,-0.3466,0.4962,6.9865,-2.6856,-0.5072,1.8899,-2.3383,-0.559,-0.5435,-0.7946,-0.9312,0.8437,-0.0201,0.0507,-0.8543,1.9564,-0.2202,0.2504,0.5506,-0.1505,0.119,0.8978,-0.0804,0.4396,-1.7317,0.0003,-0.636,0.2166,-0.3706,0.2309,-0.1003,0.3752,0.763,0.3408,0.4993,0.3014,-0.4673,-0.2259,0.4508,2.963,0.8614,-0.1304,0.1027,-0.4017,0.1121,1.8656,-0.8759,0.9213,0.4117,-0.3458,-0.7478,-2.619,0.0001,0.1015,7.4298,0.3006,0.0042,1.3603,1.2802,-0.3803,0.3209,-0.5752,0.5009,-0.6176,0.4006,-1.0138,0.3997,1.3137,1.7368,-0.4757,0.8561,0.0292,1.5138,0.2606,-0.3123,,,,,,,
495,5555,108,4,walking,0.1768,-1.0941,0.1554,1.0735,0.2358,2.8131,-0.0897,0.5539,-0.0089,0.0411,-0.3312,-0.068,-0.3078,-0.3786,-0.1921,0.1802,-1.7522,3.2062,-1.3893,1.4577,-0.2405,-1.3485,-0.4842,-0.2679,-0.5946,0.4076,0.0156,-1.6428,6.9983,2.5067,0.6691,-0.9861,2.4473,-0.4765,-0.6984,-0.4957,-2.609,0.7212,0.0323,0.2252,0.4322,-1.8273,-0.7053,0.1011,0.6557,0.8852,0.7464,1.9411,-0.1102,0.3681,1.4006,-0.3015,1.6316,-0.2605,-0.3405,0.1193,-0.0007,-0.1302,0.826,-0.1505,1.5164,0.1006,-0.4298,-0.4018,0.8748,-0.3452,-0.3647,0.2809,0.0507,-0.9523,0.2166,1.4991,-0.5134,0.966,-2.3502,-0.2505,-0.5756,-0.922,0.1127,-0.2015,-2.8163,0.6108,-0.2207,-0.8013,-1.4106,-0.2309,-0.3709,-0.3002,-1.9558,-1.6154,-0.5001,-0.3757,0.3807,-2.4186,0.7752,0.4806,-1.4506,-0.3993,1.9079,0.0,,,,,,,,
496,5556,108,4,walking,-0.1632,-1.2042,0.0727,0.1252,-0.0857,0.1141,-0.0149,0.5082,-0.0329,-0.0053,-0.2295,-0.0655,-0.3587,-0.8317,0.2556,-0.1847,1.6567,2.4463,3.0566,0.984,-0.3078,0.266,1.3628,-1.4584,-0.5831,0.377,0.5979,1.0961,2.5469,6.8946,-0.3971,-2.3843,-0.6876,-0.3472,-0.998,-0.4894,-0.7593,0.8851,-0.0464,0.0508,-0.9065,-0.9236,0.1006,0.0217,0.6009,-0.2162,0.1505,-0.7328,-0.1308,0.4962,-0.9735,-0.1105,-0.1192,0.2258,-0.2308,0.0807,0.2209,-0.2508,-0.7785,0.964,1.3756,-0.0332,-0.7475,-0.3503,-0.1122,1.3993,-0.4757,0.3208,-0.0002,-0.4003,-0.0663,1.3014,0.8632,0.7757,-1.5757,-0.4297,1.5454,-0.4508,0.3005,0.2016,2.5003,-0.4995,-0.1012,-2.617,-1.0003,-0.3459,0.4016,-0.2246,-0.0702,-1.0238,-0.4188,1.3407,-0.4687,-1.2805,1.6138,-0.5695,-0.7509,-0.4672,-1.4392,,,,,,,,,
497,5557,108,4,walking,-0.1234,-1.2391,0.142,0.5276,-0.187,0.6011,-0.0837,0.5701,0.0577,-0.1354,-0.0778,-0.0079,1.2402,-0.2841,-0.159,0.2986,3.2653,2.5898,-1.6585,-0.456,0.0699,-0.6846,-1.3967,-1.4904,-0.4825,0.3062,0.2763,-0.4064,1.7593,-0.3547,-0.5974,-1.4483,-2.3684,-0.438,0.6951,0.0955,-1.8738,0.5066,-0.0345,-0.2204,-1.8972,-0.5628,-0.2303,-0.0332,0.5509,0.1129,-0.0508,-1.8871,-0.2806,0.4881,-2.1192,-0.1102,-1.9212,0.0307,-0.1302,-0.2607,0.3405,-0.1019,-0.3996,0.2254,-1.9746,-0.0806,0.7329,-0.2166,-0.3646,-2.9509,-0.7699,-0.3454,0.2014,-0.6143,0.0404,1.9428,2.4503,0.9058,-0.9762,-0.3015,-2.0603,0.9513,0.3008,-0.0003,-1.9452,0.3755,-0.3251,-2.4298,-0.4757,-0.4017,0.1002,-0.3504,-1.7406,0.4002,0.2507,-0.5008,0.5753,-0.9795,1.966,0.9092,-1.8443,-0.4681,-0.9789,,,,,,,,,
498,5558,108,4,walking,-0.1392,-1.2554,0.0698,-0.1172,-0.0415,-0.0077,0.1707,0.4056,-0.0186,-0.1421,-0.2452,0.1612,0.2071,-0.8867,0.0922,-0.0897,1.288,2.4583,-0.2768,-0.4431,0.2658,3.3546,-0.6564,-1.3362,-0.3973,-0.3682,0.2951,-1.4938,-1.6985,0.055,-0.607,-2.9953,-0.8766,0.7903,0.6375,-0.5902,-1.4794,0.7464,0.0003,0.2254,-0.8957,0.9548,-0.1106,-0.1011,0.5576,-0.2209,-0.3018,0.9619,0.1122,0.3505,-1.7861,0.3402,-0.8421,-0.3991,-0.2502,-0.1305,0.3647,0.0503,-0.4292,0.9029,0.5758,-0.1193,-0.3703,1.2163,1.4403,1.714,0.3456,0.2309,-0.0804,-0.2806,-0.3751,1.4017,-1.6118,0.9238,-0.5009,-0.4993,-1.0606,-0.4004,0.1502,-0.0002,1.3802,-0.4751,0.2608,-2.0663,0.4608,-0.3008,-0.3114,-0.0473,-0.3156,-1.5506,-0.3205,1.8578,-0.4692,-0.1002,1.9152,0.8757,-1.0169,0.3605,1.8005,,,,,,,,,
499,5559,108,4,walking,0.0018,-1.3587,-0.0117,0.0512,0.0422,0.0933,0.0645,0.442,-0.1384,0.0214,-0.0829,0.0742,1.3074,-0.7858,-0.2862,0.3857,0.6797,2.6931,3.2349,0.9864,-0.2694,0.2572,2.2753,0.596,-0.3475,0.4765,0.5081,-0.4076,0.6677,1.568,-0.3671,2.3741,-1.557,-0.6852,0.4846,0.4301,0.7399,0.8567,-0.0803,0.035,-2.9588,-0.8645,0.0006,0.0002,0.545,0.0504,0.1015,2.7982,-0.2506,0.4503,0.8319,0.3005,1.9622,-0.1103,-0.1309,-0.1122,0.3014,-0.1509,-0.3452,0.8963,1.8586,-0.2243,-0.9141,-0.8757,1.5753,-1.1192,0.8952,-0.2014,-0.2202,-0.9067,-0.2602,-0.9236,-0.9319,0.7689,-2.0641,-0.2803,1.7184,-0.5164,0.1002,-0.2018,-0.8986,-3.4303,-0.2169,-0.4016,-0.5508,-0.3409,-0.3996,-0.2259,0.6108,-1.8139,0.3502,0.9211,-0.3208,0.9076,-1.3759,-0.4758,2.5132,-0.3641,-0.2303,-0.4006,,,,,,,,
500,5560,108,4,walking,-0.0791,-1.1256,0.2096,0.1809,-0.0043,-0.1762,0.0885,0.4884,-0.1344,-0.0559,-0.2553,-0.0182,0.2397,-0.8966,0.2698,0.0435,1.2452,2.493,3.3728,5.2902,-1.2265,7.5827,-1.6864,6.3354,-0.7977,0.4587,-0.5546,-2.3686,3.3947,1.5076,-0.7069,-0.7594,3.4042,0.888,-0.7499,-0.8344,-1.6793,0.389,-0.0324,0.2254,1.7344,1.5772,0.0692,-0.1105,0.5443,0.1015,0.0804,-1.7851,0.1193,0.5109,-1.7117,0.1129,-1.5509,0.1508,-0.0507,-0.0009,0.2167,0.1305,0.9534,0.2603,1.4187,0.2202,-0.4406,-0.3508,0.4006,-0.3648,0.2308,-0.2246,-0.2504,1.4993,0.0704,-1.3006,-1.7184,1.3993,1.4113,0.4293,1.3759,-0.5689,0.1003,0.2012,-1.8182,-1.8952,0.0823,-0.4677,0.5124,-0.3441,0.5751,-0.5663,1.9236,-0.8391,-0.3709,1.0643,-0.4651,-0.8493,-1.9281,-0.0993,-1.6003,0.4804,-1.4508,-0.3011,,,,,,,,
501,5561,108,4,walking,-0.135,-1.1294,0.0903,-0.5193,-0.1445,-0.6104,0.1083,0.559,-0.0106,0.0774,-0.2071,0.0017,1.2405,-0.2763,-0.1652,0.2946,3.3962,2.2898,0.5856,-0.3787,0.0848,-0.3854,0.5744,0.8877,-0.8931,-0.4053,-0.3634,-0.7597,3.3386,-2.6895,-0.6972,1.6061,-0.498,0.0499,0.437,-0.6651,-1.9622,0.4773,0.0506,0.2205,-0.6593,-1.6778,-0.0218,-0.0009,0.5982,0.2605,-0.3011,-0.6476,-0.1307,0.4819,-1.7962,0.3005,-0.8527,0.1015,-0.1122,-0.2165,0.1005,0.0307,-0.3503,-0.3706,-0.4118,0.2259,0.1197,-0.5753,0.4005,1.4408,-0.3644,0.1505,-0.001,-0.0343,-0.2306,1.4293,-1.847,0.7508,-2.5504,-0.4752,-0.616,-0.3756,0.1109,0.2013,3.4676,-0.5648,0.0804,0.6247,-1.9552,-0.3804,0.4502,-0.0455,-0.9153,-1.3452,-0.2802,-0.9607,0.3992,1.3232,-3.2505,-1.0682,0.8751,-0.4994,1.5309,-0.0,,,,,,,,
502,5562,108,4,walking,-0.0882,-1.0745,0.2077,-0.4165,-0.2554,-0.719,0.1606,0.4844,-0.0947,0.1256,-0.2741,0.0152,-0.2951,-0.3772,-0.0589,0.0042,1.9988,2.6858,3.3397,0.3573,0.2698,-0.2446,1.5586,0.6981,-1.7592,-0.3985,0.5766,-0.5094,-1.7949,-0.7867,-0.387,-1.6474,1.4091,0.368,-0.6095,0.6211,-0.0411,0.5327,-0.0329,0.1129,0.9322,-1.8743,0.0505,0.0217,0.5961,-0.0008,0.0201,0.5109,0.2205,0.4164,-1.9281,0.5184,0.6312,0.0363,0.1197,0.2605,-0.1508,0.1009,0.6584,0.9645,-0.8798,-0.2802,0.2258,-1.1015,-0.766,-0.836,-0.3009,-0.0807,0.0002,-0.3991,-0.0606,0.902,0.5124,0.9682,-1.6154,-0.3018,1.4118,-0.5013,0.1303,-0.2506,-0.3641,1.7382,-0.2166,-1.0663,-1.4648,-0.3456,0.3409,-0.3606,-0.749,-1.3149,-0.1104,-0.839,0.4299,-0.0473,1.3752,-0.8016,-0.0455,0.4014,-0.4403,0.5341,,,,,,,,
503,5563,108,4,walking,0.0104,-1.1551,-0.0712,0.1854,0.1408,0.2058,0.0059,1.0553,-0.1772,0.1037,-0.6769,-0.2342,0.2693,-0.3344,0.3075,-0.2279,2.9836,3.3952,-0.2943,-0.3546,0.5068,1.5763,0.2445,-2.4073,-0.2547,0.0981,-0.2856,-1.6562,2.7734,6.3895,-0.607,-1.8061,-3.8549,0.4866,0.7894,0.8427,-0.559,0.0691,-0.1507,0.0212,-1.8871,-0.8344,-0.0003,0.034,0.5689,-0.0807,0.0302,-1.7464,0.0503,0.3687,-1.8699,-0.1124,-0.7636,0.1017,0.2208,-0.1102,-0.2802,-0.3011,0.8904,0.3994,1.9717,0.2505,-0.8751,0.3402,-0.4014,1.4117,0.7189,-0.3207,0.1194,-0.8211,-0.3009,-1.5505,1.5134,0.6118,-2.9627,-0.2606,0.5489,-0.3648,0.1009,-0.2304,3.5008,-0.3705,0.1305,-2.4648,-1.8148,-0.4407,-0.0262,-0.3508,-1.4252,-0.4294,-0.4757,0.839,-0.3803,-2.719,-0.3751,-3.6009,-1.617,0.0606,1.8182,-0.0,,,,,,,,
504,5564,108,4,walking,0.141,-1.2685,0.0853,0.1807,0.1249,0.2362,-0.1173,0.5869,-0.1547,-0.0903,-0.0557,0.1646,0.2534,-0.8043,-0.2944,0.0631,1.4861,2.3638,-1.3554,3.3787,0.2786,-0.2402,-0.7955,-0.3332,-0.9928,0.5904,0.394,5.6577,1.7597,-0.6856,-0.705,-2.7872,2.6682,-0.946,-0.6789,0.7645,-0.832,0.84,0.0188,0.0809,1.989,-2.9313,0.1197,0.0502,0.6559,0.1129,0.3994,1.9574,-0.2803,0.4505,-1.5215,0.1104,1.6012,-0.1012,0.2254,0.1005,-0.0003,0.2604,-0.6318,-0.0658,-0.966,0.1509,0.3015,0.4016,-0.0453,-0.7709,-1.1307,-0.3001,0.2202,0.3506,-0.2162,-1.4997,1.4758,0.9058,-1.4004,-0.4408,0.9093,-2.8015,-0.006,-0.2509,-1.5751,-1.5013,0.01,-0.3456,-1.9076,-0.4298,0.3409,0.3604,-1.6106,0.7406,-0.2305,-2.5002,-0.4709,0.3644,-0.8753,-0.3802,-0.0682,0.4673,-1.6504,-0.3705,,,,,,,,
505,5565,108,4,walking,0.0548,-1.0904,0.0745,-0.1206,-0.1636,-0.1423,-0.0196,0.5594,-0.1546,0.1319,-0.2756,-0.2271,1.2984,-0.4032,-0.0038,0.026,2.207,3.595,-0.3364,-0.3788,0.4941,0.9968,-0.3586,-0.8972,-0.2897,-0.3463,0.0874,5.3082,6.5793,-0.6931,-0.6687,-1.4483,-2.8547,-0.3954,0.7851,0.6777,-0.7976,0.0326,0.2604,0.119,-0.7552,-0.588,-0.1309,-0.0507,0.6552,-0.1126,-0.1011,0.5322,-0.1106,0.4396,-1.622,-0.733,-0.989,-0.3007,0.3993,-0.1509,-0.3457,0.2203,0.3017,-0.4014,-1.5509,0.0809,0.4505,0.4405,-0.2166,-1.2808,-0.3806,0.3703,-0.2171,-0.9516,-0.2505,1.3751,-0.9452,0.7009,0.8653,-0.3404,-2.0603,0.6247,-0.0009,0.2011,-1.8148,1.4992,-0.2243,-2.4188,-0.2253,-0.4809,-0.0642,0.3609,-0.0663,0.4006,-0.4751,0.5004,0.2303,-2.8578,2.4679,0.7689,-1.4292,0.0995,-0.619,,,,,,,,,
506,5566,108,4,walking,-0.0035,-1.2685,0.0858,-0.1143,-0.0937,-0.1459,0.0542,0.5744,-0.0622,-0.1204,-0.3023,-0.0186,-0.1802,-0.8031,0.2067,0.0325,1.2954,-1.0787,2.3634,3.4538,0.6056,0.785,-2.8869,-0.3352,-0.2863,0.4748,0.1305,-0.9941,0.8971,0.7792,0.4968,-1.744,5.9546,0.7976,0.7584,0.7097,-2.9864,0.3981,-0.0502,-0.0008,1.9655,-0.6591,0.2806,0.1197,0.6101,-0.1126,0.3007,1.5318,0.1505,0.4407,1.9023,-0.4291,1.5758,-0.1109,-0.0456,0.2508,0.2167,0.2202,0.9435,0.3803,-0.3018,-0.0355,0.2302,0.8217,-0.0704,1.7319,-0.8312,-0.2253,0.101,0.9323,-0.1959,0.8756,0.4679,0.7002,-3.5114,-0.5503,1.0455,-2.2602,-0.0232,0.2015,1.0264,0.3454,0.0267,-0.6008,-1.4505,-0.4995,0.3708,0.3753,-0.5648,-2.3647,0.0292,-0.416,-0.0804,-3.4117,-0.6245,0.5007,-0.5692,0.059,-1.8473,0.4123,-0.0,,,,,,,
507,5567,108,4,walking,0.1539,-1.318,-0.1159,0.1426,0.2453,-0.173,0.0036,0.3882,-0.0323,0.0746,-0.0548,-0.0469,1.1858,-0.904,0.2557,-0.0195,2.2232,3.2952,-0.0947,0.688,0.3527,0.7851,-1.3387,-0.6581,-1.5083,0.2893,-0.4956,-3.3744,0.7554,5.0872,0.607,-1.8861,-0.6684,-0.9897,-0.8541,0.7645,-2.0691,0.7464,-0.0009,0.1199,-0.5589,0.9413,0.0505,0.1122,0.6399,0.1302,0.0211,-0.733,-0.1506,0.4892,1.4293,0.7771,0.7931,-0.0686,0.3002,0.1011,-0.1002,-0.0807,0.3759,-0.3509,0.5013,-0.1102,-0.4004,-0.3703,0.3805,0.4277,0.3997,-0.2302,0.2508,0.9622,-0.2205,-1.4011,0.9094,0.866,0.4674,-1.2605,-3.6146,0.2806,0.001,0.1963,1.6118,-0.4992,0.2164,-2.5004,-1.4308,-0.5758,-0.4503,0.2252,-0.5124,-0.0662,0.4756,-0.3454,-0.3408,-3.8604,0.7408,0.5223,-1.4409,0.0672,1.8343,0.7012,0.468,,,,,,,
508,5568,108,4,walking,0.0539,-1.0863,0.1155,-0.1392,0.1401,-0.1536,0.0982,0.4416,-0.0438,0.0017,-0.2432,0.0788,1.2834,-0.7746,-0.2327,-0.1869,2.352,-0.4578,3.2981,5.0697,-0.266,7.2271,6.3799,15.3393,8.4947,-0.4043,0.597,1.8972,9.4857,11.6695,-0.7551,3.6491,2.8742,-1.0225,-0.5852,-0.5076,1.8467,0.7961,0.0375,0.1503,0.659,0.548,0.1197,0.1002,0.7327,-0.0507,0.1305,0.6213,-0.3012,0.534,-0.9619,0.3758,-0.7475,-0.1104,0.1014,0.2309,-0.0006,0.2204,-0.3403,-0.9412,-0.499,0.0809,0.3649,0.868,-0.8311,0.9863,-0.2605,-0.1129,0.0584,-0.4758,0.0033,-1.3503,-0.3005,1.4504,-0.8517,-0.4297,0.4008,-3.9458,-0.2242,0.2014,-0.8757,-2.6009,0.2507,-0.2808,0.2252,-0.3993,-0.2169,0.3604,0.4673,1.8594,-0.5752,-0.4016,-0.0702,-3.3452,-0.9098,-0.9666,0.3806,-0.4152,0.5503,0.5146,-0.0,,,,,,,
509,5569,108,4,walking,-0.1546,0.8192,0.0584,-0.0738,-0.1154,-0.0049,0.0157,0.456,-0.0429,0.0312,-0.1624,-0.0873,1.1393,-0.3721,-0.0953,0.0698,0.1875,0.352,-0.3358,2.2272,0.2627,3.6655,-1.2556,-0.897,-0.3087,0.3639,-0.2852,1.5059,0.4482,0.8068,-0.0213,3.9764,1.7865,-0.4885,0.7986,-0.9542,-1.8863,0.6747,0.1104,0.2202,0.9499,-1.7783,0.3646,-0.0508,0.622,0.4019,0.1302,-0.903,0.2604,0.3951,-2.7499,-0.3003,-0.7645,0.2506,0.1192,-0.2309,-0.1017,0.1502,0.3758,-0.2259,-0.3805,0.1003,0.3209,0.3015,0.2803,1.3707,0.4406,0.0809,0.0232,0.8759,-0.1126,1.5489,1.8117,0.9639,-0.4252,-0.4003,5.4294,-0.9236,-0.01,-0.0009,1.2161,-0.5009,-0.3456,3.5015,-0.3502,-0.3991,0.3402,-0.5502,-1.4754,-0.0993,-0.2241,6.6004,0.3137,-0.3609,-1.5161,1.8952,2.9079,-0.7124,2.4994,-0.4502,,,,,,,,
510,5570,108,4,walking,-0.0018,-0.7406,0.1404,-0.2743,-0.1178,0.2386,-0.0399,0.5552,0.1057,0.1359,-0.3582,-0.0142,0.1558,-0.2619,-0.0902,0.1756,1.0691,0.0739,2.3868,0.2854,-0.4761,-0.6977,3.4072,-0.2462,-0.2985,0.0846,0.3379,-0.3481,0.4863,-0.3041,0.0544,-1.6045,-1.5076,-0.3736,0.6797,0.8851,-1.6492,0.4984,0.1192,0.3012,-2.8765,1.7364,0.2305,-0.0509,0.5752,0.3009,0.1006,-1.9475,-0.1506,0.5319,-0.938,-0.2167,-1.6695,-0.0004,0.3997,0.1106,-0.3506,0.1017,-0.9635,-0.7401,0.5489,0.2505,-0.4007,-0.3756,1.9827,0.4991,1.8971,0.0232,-0.1309,-1.5663,0.0807,0.8319,3.6556,0.7504,-0.5184,-0.1126,1.3459,-0.7372,0.3207,0.0606,1.904,0.2209,-0.2802,-2.8182,1.6146,-0.4015,-0.3643,-0.2252,1.8391,0.9081,-0.4128,-0.3404,-0.4704,-3.8704,0.9076,0.8571,-0.8482,0.4409,1.8009,-0.619,,,,,,,,
511,5571,108,4,walking,0.1869,-1.0538,-0.1358,0.1407,0.0176,-0.0942,-0.0217,0.5598,0.0072,0.0411,-0.2754,0.1234,-0.0629,-0.8093,0.1552,0.1659,1.0853,-0.8968,3.3981,2.4421,-0.2286,-1.479,6.2841,-0.3748,0.3584,0.3682,0.5732,-0.7543,0.4565,0.4056,0.7095,-2.9464,3.9992,-0.6667,0.7949,0.5077,-0.976,0.4615,0.1503,0.1014,2.6215,-0.8313,0.1002,-0.0375,0.5505,0.0009,0.1198,2.8851,-0.2809,0.4689,0.9458,-0.1126,2.7891,0.1109,-0.301,0.2207,0.2605,0.2304,-0.6322,-0.3703,1.0503,-0.1304,-0.7499,-0.3753,-0.2162,1.7318,0.8569,0.2508,-0.0034,1.5015,-0.3003,-0.4299,0.9635,0.7659,-2.0477,-0.2253,-0.8759,-2.8719,-0.0339,0.02,1.3505,-0.4007,0.0165,-2.3998,-0.4365,-0.2243,-0.4805,-0.4757,-0.9238,-0.4508,-0.3459,0.4992,0.4017,-2.9781,0.7508,-0.8012,-1.4608,0.3606,1.9405,-0.4406,,,,,,,,
512,5572,108,4,walking,0.317,-1.1489,-0.0077,1.1538,0.0712,0.6103,-0.0152,0.456,0.022,-0.1866,-0.1349,0.1609,-0.0436,-0.8527,0.3775,0.3074,2.2543,-1.8831,3.597,-0.2905,0.3586,-2.229,3.0823,-2.4828,-0.2655,0.3491,0.7956,-0.3957,6.6569,-0.6463,0.998,-0.9862,-1.954,-0.6778,-0.8468,0.445,-2.5894,0.4613,0.2165,0.0692,-0.4783,-2.8148,-0.0327,-0.0505,0.7009,-0.1303,-0.1005,0.8701,0.1505,0.5422,-2.9744,0.101,0.5319,0.0803,0.1106,0.2254,-0.3009,-0.1121,0.9622,0.3709,1.9236,0.2805,-0.3646,-0.9326,0.2603,1.7619,0.3019,0.0006,-0.2202,-0.4753,0.0002,0.3996,-1.823,0.7757,-3.3509,-0.119,-0.9076,-2.5648,-0.2014,-0.2016,2.8753,-0.2507,0.3458,-1.8594,-0.5505,-0.4298,-0.3751,0.3402,-0.7372,-2.4183,0.3603,-0.6001,-0.4002,-3.2309,-0.5754,-1.7408,-2.3804,-0.3208,1.9405,0.4995,,,,,,,,
513,5573,108,4,walking,-0.1872,-1.1934,0.0543,-0.1235,0.1555,0.2271,-0.0797,0.57,-0.0846,0.0154,-0.3677,-0.068,1.2447,-0.2942,0.3059,-0.1753,-1.7904,2.3898,0.2368,3.4881,-0.3393,-0.4567,-0.0944,-0.9941,0.8965,-0.3776,0.5869,-1.8839,-0.7862,1.6487,-0.0225,0.4982,6.4095,0.7592,0.636,0.7074,-0.865,0.4017,-0.1107,0.0327,7.9466,-1.8542,-0.2507,0.0663,0.4689,0.2602,-0.1199,8.4297,-0.1124,0.5556,-0.8435,-0.1508,9.3759,0.2304,0.3454,-0.0005,0.301,0.3708,0.3503,-0.0502,0.0759,-0.01,-0.0002,0.3004,-0.1012,-0.9037,-1.4991,-0.0807,0.1304,10.3404,-0.2807,-1.5109,-0.8752,0.8656,-3.4002,-0.3997,-2.5506,-0.8324,0.0001,0.0409,-2.8695,-0.9622,-0.1027,-0.4408,-0.2162,-0.3441,0.4672,0.0488,-0.6118,-2.5751,-0.4504,-0.9076,0.4702,-3.2203,-1.6005,-1.4666,-0.9509,0.3209,-1.0477,-0.0,,,,,,,,
514,5574,108,4,walking,-0.1539,0.8482,0.1748,1.0933,-0.1857,2.0558,-0.0103,-0.4931,0.1272,-0.1406,0.2489,0.1344,-0.3552,-0.4763,-0.0838,-0.207,-1.2655,0.2968,1.0774,-0.7546,0.2897,0.6593,0.7843,0.2737,-1.256,0.0461,-0.3485,3.0098,-0.5964,-0.4062,0.5091,-0.3677,-0.4596,-0.0509,-0.5469,-0.668,0.679,0.7951,0.1307,0.2258,-0.7618,1.537,-0.1194,0.0217,0.5699,0.1505,0.2307,0.836,0.2806,0.4406,-0.9401,0.8884,-0.828,0.3018,0.1104,0.1014,0.2246,-0.0809,0.2208,-0.2169,-0.9567,0.0005,0.4806,-0.3992,-0.1009,-1.868,-0.3752,0.3003,0.3604,-0.5751,-0.0498,0.8182,-0.874,0.8754,2.4671,-0.4003,-0.7372,2.8443,0.2604,-0.1121,-0.5001,2.3457,-0.02,-0.3505,0.5505,-0.3707,-0.3207,0.6004,0.499,1.812,-0.4759,-0.4016,0.4687,0.914,0.8594,0.7659,-1.3232,0.3251,-1.7384,-0.4292,,,,,,,,
515,5575,108,4,walking,0.1146,-1.0104,-0.1581,1.0986,0.1612,0.7177,0.0523,0.4937,0.0635,-0.1403,-0.2453,-0.0854,0.2291,-0.3496,-0.2552,0.3059,1.2857,2.2963,-0.2041,3.4499,-0.2788,5.4547,0.0087,0.7907,-0.4073,-0.3971,0.3638,0.6095,-0.6856,-1.6582,-0.6951,2.6743,1.4889,-0.0214,-0.6693,0.5894,-1.841,0.7097,-0.3013,0.1012,2.8072,1.5062,0.2254,-0.0009,0.5577,0.1507,0.2205,2.9876,-0.1129,0.4509,0.8311,0.649,2.4295,0.2162,-0.2807,-0.0504,0.1008,0.0807,-0.7475,0.0455,0.7892,-0.1192,-0.1102,0.8529,-0.3408,-1.8117,-0.8343,0.2506,0.1304,1.4118,0.001,-0.9236,-0.7652,0.9152,2.3997,-0.3454,0.4408,-2.7139,-0.2242,-0.2017,-1.9644,-1.5494,0.2309,0.0608,1.5006,-0.3441,-0.3754,0.3003,-0.3509,-0.2607,0.4803,0.8192,0.0752,3.0473,-0.8754,1.3809,3.4186,0.3603,-1.4007,-0.4252,-0.4683,,,,,,,
516,5576,108,4,walking,0.0023,-1.3638,0.0812,0.0904,-0.0741,0.1153,0.1057,0.5418,-0.063,-0.1402,-0.1658,-0.0569,1.3356,-0.8096,-0.1546,-0.2291,0.6595,2.0183,0.3532,3.4572,0.3721,-0.6697,0.2442,6.6434,-0.5968,-0.2627,-0.035,-1.6063,0.7851,-2.6777,0.709,-2.4955,1.7943,-0.4484,-0.7552,-0.7619,-0.3982,0.4787,-0.1017,-0.0507,0.8599,-2.8637,0.1006,0.1502,0.6552,0.1124,0.3015,-0.9874,0.1197,0.4505,-1.9327,0.8962,-0.8753,-0.0009,-0.1306,0.2309,-0.3993,0.3456,0.8894,0.3008,-1.8122,-0.001,0.7326,-0.4016,0.3404,1.0473,0.4992,-0.0455,0.0453,0.4293,0.0809,-1.3502,1.5756,0.8594,-0.5003,-0.2506,3.6185,-0.3704,-0.1103,-0.2018,2.5184,-0.4753,0.0264,-2.4678,-0.7382,-0.3607,0.3206,0.2803,-0.2257,-1.0441,-0.2164,-0.7652,-0.3644,-3.7386,-0.5502,-1.0249,-0.8797,0.4406,1.6506,-0.4007,,,,,,,,
517,5577,108,4,walking,0.0117,-1.4373,0.144,-0.2902,-0.1257,-0.2873,0.1153,0.4572,-0.0089,0.1654,-0.2447,-0.0556,1.3059,-0.2364,-0.1838,0.0782,2.3552,-1.2637,3.5085,-1.3962,-0.5827,1.0622,2.4933,-0.4855,-0.7542,-0.0931,0.0867,-1.6884,-0.7987,0.9534,0.4466,-3.367,-1.6976,0.8046,-0.9951,0.8841,-2.036,0.6593,0.0437,-0.1198,-0.7411,-0.7871,-0.2252,-0.0806,0.5506,-0.1305,-0.2603,-2.964,0.0003,0.4409,1.0506,-0.9722,-1.9894,0.3452,0.3011,0.101,-0.3007,-0.3644,-0.2205,-0.2808,-1.8612,0.027,0.4004,-0.9029,-0.8319,0.4754,0.2167,0.1004,0.0277,-0.5489,-0.2509,1.0477,-1.923,0.7273,-1.8672,-0.3505,-2.5009,0.0661,0.1503,-0.0001,-0.3806,2.812,-0.001,-1.4293,-0.4993,-0.2305,0.4015,0.4678,-1.5138,-0.8139,0.1129,-1.0682,-0.4684,-3.3606,1.3759,1.5758,-0.8505,-0.0539,-0.7248,,,,,,,,,
518,5578,108,4,walking,-0.0718,-1.0542,0.0053,0.0635,0.0159,-0.0933,0.0323,0.4784,-0.043,-0.0217,-0.2532,-0.0867,-0.2897,-0.3854,0.2062,0.3622,1.347,-0.4564,2.6056,3.2972,-0.4821,-0.2437,0.584,-0.8969,0.6541,0.4699,0.1194,-1.4957,-0.9855,1.3971,0.0007,2.8892,1.7552,-0.3015,-0.7968,-0.7863,-1.5085,0.4311,-0.0505,-0.2254,0.8093,-2.8617,-0.4476,-0.2209,0.7766,-0.2603,-0.4013,0.8117,-0.3457,0.4881,-1.9567,0.3753,0.7319,0.1102,0.101,0.2162,-0.3402,0.2505,-0.9638,-0.0332,1.4994,-0.3207,-0.8211,0.8701,-0.9433,1.4164,-0.7427,0.1003,-0.1302,0.4503,-0.1126,-1.8316,-0.719,0.8752,-3.5509,-0.4291,1.0408,-2.3993,0.2303,-0.2014,1.4753,-0.8986,-0.1024,-0.8182,-1.7656,-0.3441,0.3703,0.1505,-0.5124,-2.914,0.4009,-0.6138,0.4671,1.8019,-2.0702,0.7686,1.9238,0.3804,-1.3007,-0.7146,,,,,,,,
519,5579,108,4,walking,0.1469,-1.0873,-0.1342,-0.5154,-0.1041,-0.7233,0.0584,0.5427,0.0077,-0.0417,-0.3347,0.0159,1.2493,-0.4819,0.3552,0.3057,0.7944,2.4928,3.4581,-0.7583,0.507,0.4036,2.3486,0.5567,0.0797,-0.3731,0.0903,-3.8829,-2.3943,6.3898,0.8072,-0.7499,-2.8968,-0.6087,0.6582,-0.7664,0.6663,0.4636,-0.025,0.0695,-1.7851,-0.9413,-0.0507,-0.0441,0.5871,-0.1309,-0.0007,1.561,-0.2205,0.4973,-1.531,-0.8569,1.963,-0.1103,-0.3403,0.1017,0.3005,-0.119,0.5285,-0.9066,1.0232,-0.0803,0.3609,0.2167,-0.1126,-0.8755,0.2808,-0.2307,0.2602,-1.3993,-0.1009,-0.3646,-1.2254,0.9449,-0.3804,-0.4015,-2.4106,-0.3706,0.1505,-0.0606,-0.429,-2.3457,-0.0249,0.4128,-0.3208,-0.4805,0.2508,0.2241,-0.617,0.4679,0.4006,-0.8578,0.3751,-1.9607,-0.4506,-0.4408,-0.5509,0.3253,1.8004,0.0,,,,,,,,
520,5580,108,4,walking,-0.0849,-1.2406,0.1279,0.5109,0.0584,0.3344,0.0902,0.4547,-0.0315,-0.0437,-0.2056,-0.1713,1.2897,-0.3059,-0.2698,0.3558,2.0054,-1.6521,-0.8862,3.3661,-0.3877,5.2532,-0.4082,-1.607,-2.0195,0.0763,0.2773,6.3931,7.2968,-0.4853,-0.6689,2.3467,1.7864,-0.5585,-0.765,0.6941,-2.7551,0.5787,-0.2205,0.1103,0.932,-2.7475,0.1302,0.1012,0.6553,-0.1005,0.2806,0.9971,0.2302,0.4406,-0.9645,0.2253,-0.838,-0.2169,-0.2506,0.1192,-0.1506,0.0686,-0.9022,0.3012,1.0441,0.0803,-0.4014,-0.4296,-0.0505,-0.6309,0.4507,-0.0277,-0.0001,0.4991,-0.0005,-0.5164,-1.9573,0.9417,-0.5692,-0.3402,1.3003,-0.9224,-0.001,0.1126,-1.2602,-2.4003,0.0002,-0.8617,-0.5509,-0.3705,-0.3993,0.3509,-0.4176,-1.5753,0.0643,0.7757,-0.5005,-0.6146,-3.6002,0.6509,1.9786,0.2241,-1.4753,-0.3754,,,,,,,,
521,5581,108,4,walking,-0.0528,0.9985,0.1555,0.0189,0.1426,-0.0765,0.1658,-0.2459,0.0017,-0.0953,0.1903,0.1372,1.0835,-0.2091,0.2744,0.2534,-0.4543,-1.3977,-0.2286,3.2957,-0.064,2.3093,-0.6981,1.5092,-1.4883,0.3854,0.3776,1.3632,-0.6463,-1.7546,-0.4933,2.7867,1.9856,0.4762,0.6682,0.6074,-1.7941,0.0217,-0.0461,-0.1302,0.8768,-0.967,0.1108,-0.119,0.4408,0.1504,0.1012,-0.848,-0.0005,0.5508,-1.9788,-0.9521,-0.9435,0.0503,0.3019,-0.1008,-0.3402,-0.0362,0.3508,0.2209,-0.5138,0.0806,0.2605,-1.5443,-0.2162,-1.9064,0.7323,-0.2303,-0.1127,0.3004,0.2506,-0.8139,-1.3703,0.7754,-1.3997,-0.4683,0.3758,-0.0702,0.3208,-0.2018,-2.5249,-0.2257,-0.2241,0.6004,-0.8019,-0.4608,-0.3458,-0.3647,-1.9762,0.4007,-0.3808,0.7502,0.5009,-3.0643,-0.4993,0.4506,0.6118,-0.4114,-1.8759,-0.4297,,,,,,,,
522,5582,108,4,walking,0.1053,-1.1658,0.0549,0.0738,0.0693,0.0401,-0.0937,0.5539,0.0218,-0.035,-0.2345,-0.1259,0.1319,-0.7947,0.0873,0.3075,1.2982,2.2636,3.2769,-0.3344,-0.3467,-0.2235,1.2457,-1.4095,-1.7085,0.1197,0.4854,-1.0046,1.7742,0.9865,-0.0505,-2.6071,-1.6843,-0.568,-0.6499,0.6686,-1.8972,0.7891,-0.1109,0.0804,-0.8861,-2.9718,0.2259,0.0009,0.6215,-0.2242,0.2602,-1.741,0.1302,0.5504,1.9445,0.1122,-1.8715,-0.1506,0.2164,0.1019,-0.1008,-0.2308,-0.6327,-0.2203,0.3993,-0.3208,-0.3251,0.3005,-0.2508,-0.3018,0.9219,-0.01,-0.2014,-0.768,-0.0002,1.4297,2.4506,0.9092,0.4994,-0.9645,-0.8759,-2.8427,0.1027,-0.0001,-0.5753,3.9027,-0.3457,-0.5107,-1.6262,-0.3405,0.4672,0.4407,-1.8492,-2.0441,0.2807,-0.4759,-0.3646,-3.4114,1.4018,2.3756,-1.5002,0.0522,0.799,-0.539,,,,,,,,
523,5583,108,4,walking,-0.0112,-1.4288,0.0534,0.0954,0.0326,0.0892,0.1167,0.3891,-0.0433,0.0014,-0.2077,0.0504,1.2762,-0.8048,-0.1655,0.0217,2.2221,3.4483,-0.2407,0.3558,-0.3941,-0.2959,0.9968,-0.8847,-0.4957,0.4645,0.0636,-2.3071,0.5064,-3.7873,-0.436,1.9737,-1.8766,-0.7563,-0.6979,-0.747,-1.6593,0.4096,-0.3017,-0.1505,-1.4215,-0.8972,0.0003,-0.0809,0.5636,-0.2169,0.1302,-1.5312,0.1009,0.4407,0.9099,0.2803,-1.9894,0.1124,0.3649,-0.399,0.3452,0.2205,-1.9561,0.5757,-1.8645,0.1108,0.8225,-0.1192,-0.429,-1.7625,0.9236,-0.2303,-0.2173,-1.9458,-0.3004,1.4007,1.0477,0.9452,-0.8986,-0.2504,-0.8475,-0.7382,0.3209,0.0584,-2.617,0.8515,0.0001,-0.1011,-0.3709,-0.4753,0.4677,-0.5509,0.3408,-1.0332,-0.5006,-1.0603,-0.4017,-2.0663,1.8489,-1.7367,0.3756,-0.0986,-1.6309,0.6,,,,,,,,
524,5584,108,4,walking,-0.1146,-1.2558,0.0941,0.0848,0.1257,0.1584,0.0773,0.5578,-0.0577,0.0063,-0.1847,0.1479,1.0639,-0.8731,0.2462,0.2271,3.6898,2.2823,-0.6953,-2.2661,0.0136,-1.3386,-2.3554,-2.4537,-3.5902,0.036,-0.274,-0.493,3.7544,-1.9982,-0.3864,-1.6789,-1.567,0.8872,-0.7465,0.508,-0.9412,0.6691,0.0411,0.0503,-1.9065,-0.8531,-0.1502,-0.1129,0.6552,-0.1306,0.1019,1.923,-0.0003,0.5194,-1.5219,0.2205,1.9745,-0.2603,0.2309,0.3209,-0.1192,0.3407,-0.9501,-0.3505,0.9301,0.2242,-0.3458,-0.8319,-0.2165,0.7627,-0.5503,0.1009,-0.0804,-0.8757,-0.1027,-1.963,-1.3704,0.9092,0.3756,-0.3003,-2.3641,-0.4018,0.0001,-0.2014,2.0404,-0.2509,0.01,-0.5758,0.2259,-0.4296,0.4753,0.4508,-0.9236,-1.0186,-0.1104,-0.4407,0.5007,-3.4991,-0.2806,-0.9452,-1.5138,0.3015,-0.4806,0.3113,,,,,,,,
525,5585,108,4,walking,-0.0018,-0.8255,0.083,-0.1422,0.1535,0.0645,0.0986,0.5864,0.0169,0.0788,-0.2404,-0.1374,0.2703,-0.2034,0.1621,-0.3679,1.1925,0.2983,0.4937,2.4884,0.2694,3.2887,0.6682,-0.4462,1.0557,0.3943,0.3381,0.3876,0.7847,0.7589,0.023,2.6851,2.5972,0.4042,0.6091,0.9953,-2.9555,0.465,0.0004,-0.3013,1.8097,-0.637,-0.5224,-0.0503,0.6567,0.1002,0.2204,0.932,-0.2802,0.4654,-2.9892,-0.3009,-1.5617,0.1502,0.0803,-0.1307,-0.3408,-0.3457,0.3998,-0.4013,-0.2259,0.2163,0.3641,-0.3704,0.7773,1.3752,-0.9022,-0.2307,-0.1001,1.4503,-0.2246,0.4403,-0.8139,1.1104,-2.8544,-0.4674,-1.9242,-0.4995,0.02,0.052,1.9655,-0.2605,-0.1192,2.4753,-0.6604,-0.3504,0.2509,-0.1015,-0.6118,-0.7506,0.4803,3.0702,-0.5001,-0.5758,-0.9458,0.8491,1.6552,-0.4002,-1.3143,0.3809,-0.4681,,,,,,,
526,5586,108,4,walking,-0.0116,-1.1804,0.1398,0.2532,-0.0586,0.0845,0.0733,0.3849,0.1051,-0.0947,-0.1758,0.0212,-0.2272,-0.9344,0.0023,-0.296,1.6568,0.8861,2.5984,3.3067,0.3581,0.4846,-2.2462,6.2863,0.6983,0.037,-0.3485,-2.5066,1.7554,0.559,0.3682,-1.7741,2.794,0.0699,0.6476,0.3795,-0.9739,0.788,-0.1121,0.1503,2.8942,1.536,0.431,0.2252,0.567,0.5796,0.399,2.7326,0.2205,0.4687,0.747,-0.8701,2.539,-0.1302,0.1015,0.3402,-0.0502,0.0658,0.3704,-0.2604,1.3759,0.1104,-0.3805,-0.4007,-0.1004,-0.429,-1.1194,-0.2302,-0.2806,1.9436,-0.0009,-0.5006,-0.9666,0.8571,-0.9217,-0.5754,-3.4014,-0.9238,-0.001,0.0751,-2.8471,-1.4403,0.3002,-0.2162,0.9458,-0.3457,-0.3505,0.5503,0.7018,-0.7382,0.0755,-1.7502,-0.3609,-0.4759,-3.9072,0.8756,-0.301,-0.4997,-1.9236,-0.3123,,,,,,,,
527,5587,108,4,walking,-0.1634,-1.0112,0.0848,0.0773,0.0552,0.1714,0.0436,0.456,-0.0046,-0.1021,-0.2659,-0.0953,0.1922,-0.2963,-0.2532,-0.2462,1.6791,2.4793,3.2785,-1.2382,-0.6864,-1.493,0.7589,-0.8869,6.2897,0.0219,0.0699,0.3843,0.394,1.8077,0.3386,-0.3783,-3.9541,-0.4479,-0.5076,-0.6584,0.7851,0.9466,0.1198,-0.0326,-2.5856,0.5429,-0.1006,-0.0504,0.709,-0.1124,-0.1104,-2.9655,-0.0006,0.3751,-0.9509,-0.0292,-1.8719,-0.2205,0.1302,0.0809,-0.1015,-0.2608,0.3643,-0.3407,-0.9892,-0.1508,0.3609,-0.7424,-0.3995,1.4654,-0.7214,0.2171,0.3002,-1.4011,-0.2309,1.2802,1.5689,0.8757,-0.5009,-1.4003,-3.3017,-0.5184,0.2502,0.0001,2.4505,-0.4103,0.0226,-0.4997,-0.3123,-0.3504,-0.4759,-0.3708,0.5505,-0.8192,0.4407,-0.616,-0.5109,-2.2252,0.8148,-0.6106,-0.7158,0.2165,1.6558,0.0,,,,,,,,
528,5588,108,4,walking,0.1429,-1.1394,-0.0142,0.2553,-0.1067,0.2856,0.0038,0.5064,-0.0693,-0.0323,-0.2679,-0.1659,0.0957,-0.9515,-0.0854,0.0534,2.2496,1.9988,3.3685,-0.2784,-0.4955,-0.694,2.3363,-1.0761,-0.9845,0.3982,0.433,-2.6562,1.4748,1.0466,0.3558,-1.3768,-2.4492,0.468,-0.7891,0.7645,-0.7781,0.896,-0.0213,0.0509,-0.7071,-2.9075,-0.119,0.1109,0.5506,0.1505,-0.1012,-0.741,0.1306,0.5109,-1.875,-0.5214,0.9748,0.2257,-0.3409,0.0803,0.0003,-0.2209,0.3505,0.8645,1.2603,0.1121,-0.2162,-0.734,0.4012,1.8312,0.2309,-0.1009,0.1007,0.2805,0.0387,1.7218,1.3993,0.8753,-2.8163,-0.3757,-0.616,-0.3648,-0.0116,-0.0642,2.3451,-0.4672,-0.02,-2.4292,-0.7758,-0.499,-0.3019,-0.4757,-2.539,-0.3009,0.4007,0.4687,0.4117,-1.8594,3.5008,0.5648,-1.5143,0.089,0.4406,-0.4809,,,,,,,,
529,5589,108,4,walking,-0.0946,0.7931,-0.0534,-0.2082,-0.0165,-0.2474,0.1742,0.5543,-0.1244,-0.0323,-0.1607,0.0636,0.2558,-0.2951,-0.0854,-0.1857,1.3587,-0.3359,2.2783,-0.893,-0.229,-0.9928,-1.7598,-0.0078,3.0439,0.4063,0.4952,-0.6786,0.5077,0.4538,-0.6468,0.8891,-0.4884,0.478,-0.7085,0.6902,-0.9319,1.6061,-0.0007,0.2167,-0.6681,-0.9722,0.0804,-0.1506,0.5321,-0.1197,-0.1006,-0.9418,0.2508,0.4771,-1.429,-0.3993,-0.5615,-0.2207,-0.2308,0.2605,-0.0508,0.3603,-0.733,-0.2805,0.2259,0.3002,-0.1108,1.1308,-0.3456,0.4014,-0.9568,0.2171,0.001,-0.3647,-0.1013,0.7629,0.4406,-0.4503,-0.3405,-0.3759,1.1129,0.9552,-0.01,0.0606,1.4751,-0.4008,0.1024,-0.3013,-0.3802,-0.3442,0.3208,-0.2246,0.5754,-0.4682,0.0755,-0.9224,0.4679,-0.3704,-1.7382,-1.0196,1.6502,-0.4802,-1.6602,0.0,,,,,,,,
530,5590,108,4,walking,-0.0103,0.4277,-0.0053,0.0718,-0.0528,0.1165,-0.0219,-0.2521,0.0152,-0.061,0.1436,0.0417,0.1638,-0.2946,0.2235,0.0937,-0.2082,0.0872,0.447,1.3039,0.2743,-0.269,0.5554,-0.8942,-0.4783,-0.4956,0.4577,2.4891,-0.4079,-0.7586,-0.6059,0.6741,3.9768,0.8876,0.6485,0.6966,-0.5762,0.7499,-0.2307,-0.2206,3.9318,-0.5051,0.2253,0.0809,0.5861,0.1198,0.0009,2.8096,-0.1127,0.5495,-1.8717,0.2169,2.9521,0.1012,0.1107,-0.0509,0.1304,-0.3995,0.734,0.3012,0.9419,0.1505,-0.3649,0.7169,-0.3452,-0.8426,-0.7871,0.0002,0.0292,0.6602,-0.1983,0.3757,-1.0365,0.9855,-2.5758,-0.2807,0.5663,-2.0606,-0.0267,-0.2014,-2.2607,-0.4013,0.1002,-1.3505,-0.4252,-0.4689,0.3009,-0.4507,-1.4001,0.7136,-0.4296,-3.6104,-0.4405,0.6005,0.7609,-0.7387,-2.3162,0.3403,-0.3804,0.0682,0.0,,,,,,,
531,5591,108,4,walking,0.1094,-1.2337,0.0538,-0.0052,0.1289,-0.0461,-0.1393,0.4854,-0.0902,-0.1157,-0.2463,-0.1445,-0.0744,-0.886,-0.1606,0.0849,1.5534,3.1869,2.2068,-1.2943,0.288,-0.0164,0.4053,-0.7933,-0.9942,0.2787,0.3947,-0.6691,2.3098,2.8436,-0.3567,-1.5981,-2.8541,-0.7862,0.7046,-0.7344,-0.6592,0.7576,-0.035,-0.0504,-2.7782,-0.5896,-0.1305,0.0803,0.5617,-0.1109,0.2202,-2.4293,0.2502,0.4409,-1.9717,-0.7422,-1.9583,-0.1129,0.2303,-0.2604,0.1006,-0.3014,-0.1017,-0.3709,1.5003,0.001,-0.3757,-0.4002,-0.3643,-0.8617,0.9065,-0.1509,-0.2254,-0.7211,0.2162,1.4369,2.9604,0.9095,0.3402,-0.2806,-0.5648,-1.8117,0.1194,-0.0009,-1.4991,2.4753,-0.0933,-1.3605,0.3006,-0.3504,-0.3991,0.2246,-0.9666,0.3804,-0.4683,-0.0998,0.4019,-2.5757,2.8338,0.4679,-1.8753,0.4503,-0.8952,,,,,,,,,
532,5592,108,4,walking,-0.1548,0.9242,0.1147,0.1245,-0.0328,0.0142,0.1634,-0.3784,0.0043,0.0556,0.1424,0.0469,1.0778,-0.8967,-0.1718,0.2362,-1.0898,2.0933,0.394,-1.252,0.0693,3.297,0.3655,-0.3077,-1.3585,0.3854,-0.4979,-0.7553,0.6568,2.878,0.465,-0.4492,-3.6074,0.9799,0.5973,0.8627,-2.6364,0.6691,0.1104,-0.0212,-1.8857,-0.9537,0.1194,0.1009,0.5881,0.1303,0.0508,1.7645,0.0009,0.4188,2.8326,0.5216,1.4299,-0.0806,0.2808,-0.3017,-0.1504,-0.1015,0.722,-0.2205,-1.8482,-0.1126,0.9427,-0.3458,-0.3406,1.902,-0.5757,0.2241,0.001,-1.7367,0.0002,1.2606,2.9238,0.8753,-0.3993,-0.2504,1.7459,-2.4106,0.0001,-0.1981,1.3759,0.3008,-0.0045,-0.4017,0.2163,-0.2302,-0.0203,-0.0442,0.5504,-0.3803,-0.4756,1.0603,-0.4165,-0.4408,1.6552,0.9645,-1.6012,0.0408,-1.416,0.3641,0.0163,,,,,,,
533,5593,108,4,walking,-0.1391,-1.0186,0.1431,0.1142,0.0461,0.1757,0.1578,0.4423,-0.0737,0.0981,-0.1853,-0.0695,0.2472,-0.8922,0.0856,0.2984,1.4035,2.5898,-0.6985,3.3677,0.3851,-1.2539,0.4854,-0.886,-2.457,0.0034,0.2855,-2.5902,1.493,-0.9992,0.6768,-0.3387,2.6543,0.6496,0.5062,-0.6375,-0.0597,0.6673,0.038,0.1304,2.9428,-1.4633,0.2202,-0.0509,0.4774,0.2303,0.2605,2.7169,0.0809,0.459,-0.838,-0.7931,1.5494,-0.2808,-0.3452,0.2169,0.0005,-0.2251,0.7613,-0.4007,0.5756,0.1505,-0.1109,-0.3508,-0.3708,1.1193,-0.3001,0.0332,0.1015,2.3643,-0.2503,-0.5013,-1.93,0.7508,-0.9574,-0.8211,-3.5134,-0.4164,0.01,0.0874,1.799,-0.3993,0.0002,-0.3015,-0.4293,-0.4015,0.3406,-0.1122,-0.4402,-0.3608,0.1004,-2.3138,-0.3207,-0.5508,-0.4114,0.4117,-1.8001,0.4806,-1.6001,-0.4678,0.0,,,,,,,
534,5594,108,4,walking,0.1391,-1.2987,0.0962,0.1186,0.1052,0.1427,0.069,0.5439,-0.0548,-0.1203,-0.2631,0.0017,1.1875,-0.8093,-0.0797,-0.2851,0.7967,2.5968,-0.0834,3.4724,0.2345,0.3661,-1.6063,-0.0156,-0.5582,-0.3883,0.0503,-0.4088,-0.6932,-0.3072,0.0433,-0.7042,6.5895,0.3785,-0.4935,-0.6599,-0.6698,0.7774,0.4344,0.463,7.025,-2.8426,0.57,-0.0009,0.6476,0.3015,-0.8917,9.7892,-0.2208,0.533,0.399,0.3759,8.4997,-0.3603,0.2162,-0.1198,-0.2505,0.2605,-0.1309,0.5754,-0.9436,0.3458,0.5194,-0.1015,-0.1105,-0.6103,-0.9153,0.4297,0.1509,-1.9622,-0.2308,-0.5109,-0.7751,0.8759,-2.4502,-0.4757,0.5013,-0.9676,0.1027,0.2015,-3.5506,0.5002,-0.2806,-2.3007,-1.4666,-0.3806,0.2251,-0.3403,-0.9452,-0.4152,0.3209,-0.8782,-0.3707,-5.4003,-1.9552,-0.7808,-0.7266,-0.3509,-0.4015,-0.0,,,,,,,,
535,5595,108,4,walking,-0.0535,-1.1446,0.063,-0.1857,-0.2327,-0.1707,0.0072,0.5856,-0.1229,0.0866,-0.3661,-0.0163,1.1584,-0.9834,-0.2586,0.3955,3.4837,2.4095,-1.4952,-0.2843,-0.3877,-0.2632,0.7597,-0.4589,-0.4494,0.0364,-0.3385,-3.6588,0.595,0.7954,-0.4741,-1.6967,-0.748,-0.0942,0.609,-0.537,-2.0462,0.8319,0.0504,-0.2606,-0.6887,-1.9238,0.026,0.1102,0.7003,-0.1197,0.1302,-2.7636,-0.2252,0.3655,-0.9574,0.9399,-2.7344,0.1508,-0.7891,0.3409,-0.1011,0.0009,0.3456,0.3015,0.9623,0.3008,-0.3206,-0.4017,-0.4297,2.5004,0.3993,0.2803,-0.2014,-0.9795,0.2506,1.9558,3.4757,0.9682,-1.8215,-0.4003,0.4152,-1.539,-0.0257,-0.2012,2.9215,0.3505,-0.2302,-1.6138,-0.2169,-0.3609,-0.3752,-0.2209,-0.9552,-1.3648,-0.4805,-0.516,0.4681,-3.4992,1.7681,1.0249,-0.7408,-0.5758,1.9452,0.0,,,,,,,,
536,5596,108,4,walking,-0.1367,-0.8544,0.0561,-0.4245,-0.1256,-0.2699,0.0739,0.5428,0.0879,0.0077,-0.1541,-0.0918,0.1927,-0.2946,-0.2386,0.1702,1.3788,2.229,0.4881,0.7868,0.2443,3.5964,1.4955,0.3552,-1.6947,-0.0693,0.5838,-2.6587,-1.366,3.458,-0.0174,-0.7034,-1.4084,-0.5082,0.7675,0.5322,-2.9863,0.0345,-0.0436,0.0504,-1.8301,-0.9766,-0.5795,-0.0003,0.7005,0.429,-0.3993,-0.8908,-0.2603,0.4096,-1.8576,0.1509,-0.9043,0.1006,0.1198,-0.3005,0.101,0.2208,-0.3012,0.3804,1.9411,0.1102,-0.4994,-0.2257,1.3757,0.5508,0.7344,-0.2244,0.1309,-1.9225,-0.0809,-1.4358,-1.4508,0.8759,-1.7372,-0.1121,-2.9644,-0.3642,0.0247,-0.2011,1.4002,-0.5148,-0.02,-1.2506,-0.9782,-0.2305,0.2808,-0.3407,-0.716,-2.5003,-0.4672,1.5751,-0.4753,-2.8695,-1.9795,-3.3705,-1.8582,-0.3447,1.8009,0.0,,,,,,,,
537,5597,108,4,walking,0.0512,-1.0902,-0.064,-0.1636,-0.1855,0.0154,0.0475,0.5723,0.0765,-0.1372,-0.2633,0.085,1.003,-0.3898,0.2095,0.2973,-0.5947,2.2786,-1.6819,3.2269,0.6048,0.6489,-1.5843,0.3956,-0.6742,-0.037,0.3463,0.4937,-0.8831,1.7844,-0.534,0.8546,6.8091,-1.4582,-0.8499,0.7976,-1.669,0.4014,0.0502,0.101,1.8741,-0.9618,0.1108,0.2205,0.5757,0.1506,0.2606,-1.5214,0.1307,0.4506,-0.9721,-0.7424,-0.9419,0.2259,-0.0759,0.1004,0.2164,-0.1193,0.429,-0.3505,0.9762,0.0804,-0.7793,-0.3457,-0.2802,-1.8318,-0.8754,-0.3607,-0.2502,0.7759,-0.2244,0.6143,-0.9058,0.7233,-2.9152,-0.1122,1.5384,-0.0455,0.3006,-0.2017,-2.8148,-0.3758,0.3408,0.4111,-1.719,-0.3708,-0.4994,-0.4403,-0.3993,-0.5132,-0.4756,-2.3808,-0.5001,0.5506,-0.8471,-0.6108,-0.9093,-0.2304,1.0277,-0.0,,,,,,,,
538,5598,108,4,walking,-0.0016,-1.2551,0.0117,-0.1063,-0.1154,-0.1257,0.0877,0.5546,-0.0738,0.0318,-0.2269,-0.0468,0.2329,-0.3398,-0.026,0.0532,1.489,2.372,-1.2861,3.4491,0.3481,-0.365,1.5883,1.593,-0.7865,-0.0627,-0.1192,-2.407,-1.4956,-1.8862,-0.0943,-3.8547,0.8093,0.4552,-0.5364,0.7967,-2.3982,0.6696,-0.0506,-0.1012,-1.7629,-0.9519,0.1305,0.1109,0.6556,0.0006,0.0803,0.8973,-0.3017,0.3758,-0.7572,-0.1121,0.7499,0.1509,-0.3402,-0.1002,0.3454,-0.2808,0.3009,0.841,-0.7372,-0.2252,0.4016,-0.3603,0.4293,-1.8745,0.2163,0.2207,0.001,-0.9744,0.2303,-0.9436,-1.0702,0.5114,-2.4993,-0.4005,0.8952,-0.0606,-0.02,0.0001,-2.5002,-0.3996,0.1027,-0.0394,-1.3504,-0.3206,0.3805,-0.0473,-0.4506,-0.9446,-0.4188,-1.3705,-0.3649,-1.9242,0.7682,-3.0201,-0.6002,0.4805,1.619,-0.0,,,,,,,,
539,5599,108,4,walking,0.141,-1.0536,0.0417,1.0965,0.1329,0.2701,-0.1249,0.3945,0.1542,-0.0696,-0.2269,0.0038,-0.0774,-0.8964,0.2457,-0.2618,2.4463,0.2851,3.5835,-0.2034,0.7823,-1.4886,5.3353,-1.6077,-2.7593,0.5532,-0.0881,-0.4073,2.6854,-1.5059,-0.7972,-1.8092,-0.3798,0.8544,0.6688,0.437,-2.7645,0.4767,0.1105,0.0806,-1.8475,-0.8328,0.032,-0.2204,0.5759,-0.2251,0.025,-1.5617,0.1121,0.4506,1.8489,-0.0504,-1.9445,-0.1004,0.2607,-0.0004,-0.1015,-0.2508,-0.9025,0.3005,1.8701,0.0355,-0.3457,0.9539,0.1194,0.8343,1.0473,-0.2162,-0.2244,-0.6247,-0.1505,1.3019,2.8751,0.7369,-0.3755,-0.9701,1.9238,-2.516,0.1024,0.0455,2.8395,0.4991,0.3209,-0.3402,-1.3648,-0.1304,0.4684,-0.4673,-0.9644,-1.8952,-0.4187,-0.7751,0.3606,-2.5114,2.8695,1.5008,-1.7184,0.3505,0.7406,-0.8117,,,,,,,,
540,5600,108,4,walking,-0.0735,-1.1942,0.0553,-0.1182,-0.1203,0.1541,0.0632,0.563,0.0866,-0.1379,-0.3825,0.0154,1.2326,-0.3347,-0.1734,0.1622,2.2489,3.4827,0.3721,-1.7846,-0.5539,-0.5968,-1.3674,-0.6064,-0.584,-0.4957,0.0428,-2.9976,5.5092,6.4585,0.6375,-1.8744,-2.8073,-0.6577,-0.0943,-0.6788,0.907,0.3605,0.1191,0.0217,-0.8629,2.9569,0.1102,-0.0803,0.615,-0.2162,0.1507,-1.9872,-0.2202,0.4403,0.5212,0.974,-1.5648,0.0506,-0.2803,0.1305,0.0006,-0.2509,0.8325,0.2309,0.5276,0.3014,-0.2607,0.9622,-0.3642,-1.4995,-0.9317,0.101,-0.2242,-0.5753,-0.1001,-0.4017,1.4299,0.842,3.5503,-0.4804,-0.914,-0.3995,0.0441,-0.0751,-3.947,-0.5695,-0.0962,-2.5121,1.616,-0.3402,0.4673,-0.3503,-0.7143,-1.3177,-0.5015,-0.9059,-0.1005,1.9238,-0.4506,-2.3751,-1.5004,-0.5014,1.3804,0.0,,,,,,,,
541,5601,108,4,walking,-0.161,-1.1139,0.1346,0.1598,0.2225,0.1259,0.064,0.3864,0.0042,0.0514,-0.2848,0.0837,0.078,-0.8976,0.1875,0.3354,1.2757,2.2979,0.2381,3.5834,0.2693,-0.6695,0.3051,6.2486,1.0956,-0.6831,-0.3632,5.3572,2.9992,0.7085,-0.4463,3.8743,-0.6741,-0.7855,-0.036,-0.845,-1.4549,0.5364,-0.0462,-0.0804,1.9469,-0.7796,0.1012,-0.1193,0.5753,-0.1505,0.1109,1.6582,-0.2303,0.4406,-0.7475,0.0225,1.8883,-0.1308,-0.0505,0.2163,-0.1008,-0.3409,-0.9068,-0.3456,0.3994,-0.0002,-0.3014,-0.3509,-0.4292,0.7319,0.4752,0.3606,-0.2254,0.9715,0.0007,1.5384,-0.3646,0.5648,-0.4997,-0.5005,-2.3752,-0.6154,-0.2603,-0.001,0.9644,0.5015,0.2209,-2.4015,-0.6118,-0.3253,-0.1126,0.0477,-0.4672,-0.0663,-0.3206,-0.3806,-0.0455,-3.7178,1.4004,1.3706,0.9055,-0.2805,-0.9084,0.0292,,,,,,,,
542,5602,108,4,walking,0.1782,-1.2558,0.0581,0.4123,0.1557,0.0011,0.1091,0.4416,0.0149,-0.0851,-0.0954,0.0664,0.1438,-0.9035,0.1852,0.2989,1.5534,-0.7569,3.3947,2.377,-0.0772,-0.6563,3.3676,-0.2496,-1.6743,0.4068,0.306,-0.6686,1.0445,-0.7432,-0.3362,-1.4846,3.8419,0.8087,-0.7879,0.5699,-0.945,0.4211,0.1306,0.0322,3.9541,-0.9322,0.1106,-0.1122,0.5961,-0.1506,0.2805,3.0509,-0.2202,0.4506,-0.7797,-0.8873,2.9853,-0.3459,-0.1012,0.2257,0.0214,0.2246,-0.4299,-0.0663,-0.2162,-0.2307,0.301,-0.3752,-0.3808,-0.8519,-1.8463,0.0807,0.0009,1.7406,-0.3008,-1.3644,0.9217,0.9097,-0.4242,-0.1198,2.5408,0.3403,-0.001,0.0001,-1.0404,-1.5013,-0.0277,-0.3505,-0.4012,-0.4006,-0.3605,0.2603,-0.9552,-1.9236,-0.1005,-1.4186,0.4809,-0.7609,-3.5341,1.4409,-0.6002,0.5752,-1.5504,0.5009,,,,,,,,
543,5603,108,4,walking,-0.1332,0.9558,0.1084,0.2697,0.1894,-0.0581,-0.0792,-0.3795,0.0082,-0.0953,0.1202,0.0147,1.2834,-0.3346,-0.2596,0.0852,-0.2951,-1.2071,-0.6854,2.3876,-0.2406,3.0422,1.2386,1.4927,-0.7569,-0.4589,-0.5835,-0.4493,-1.3685,-0.7088,0.5783,2.9977,2.6479,0.3955,-0.6667,-0.658,-1.7841,0.6091,-0.036,-0.1002,2.9848,1.5059,-0.3011,0.1193,0.6312,-0.2808,-0.2302,1.8744,-0.0503,0.5635,-1.9025,0.1505,0.8576,-0.1121,-0.2503,-0.2251,0.2607,0.2207,-0.3009,-0.2163,-0.5184,-0.1011,0.1303,0.3453,-0.0007,-1.4277,0.539,-0.1106,-0.0363,1.7428,-0.0001,-0.3755,-0.4013,0.9689,2.8473,-0.3509,-2.0202,0.4118,0.0807,0.2011,-1.617,-1.4294,0.0264,2.4506,1.6604,-0.4303,0.0829,0.5753,0.7177,-0.399,-0.3405,-2.8145,-0.4682,0.5005,-0.3803,-0.4409,2.9072,0.6006,-1.6154,0.4188,,,,,,,,
544,5604,108,4,walking,-0.0035,-0.8902,0.0546,-0.0854,-0.0943,-0.1141,0.0401,0.489,-0.0788,-0.037,-0.2052,-0.068,1.2968,-0.3786,-0.1631,0.1928,-0.2458,0.2772,0.2638,-0.2581,-0.3684,-0.3323,0.3055,0.6951,-0.4074,-0.3957,-0.3461,-0.4462,-0.4579,0.6491,-0.0003,-0.4971,-0.7847,-0.2309,0.1009,-0.2202,2.6563,-0.5085,-0.1015,-0.2169,-2.6683,3.6076,0.1306,0.0508,0.5953,0.1507,-0.3019,-2.6792,-0.0809,0.4508,1.9896,0.8775,-2.7322,-0.3605,-0.1108,0.1122,0.3993,0.1193,0.7799,0.2602,0.4991,0.108,-0.3454,0.8215,0.9715,-0.4014,1.0457,-0.0238,0.0001,-0.9519,0.3808,-1.4143,1.9423,0.932,6.3646,-0.2504,-0.4758,9.4689,0.2241,-0.2018,-1.0495,-0.5505,-0.2809,1.6163,8.3503,-0.2259,0.0477,-0.0473,7.0996,2.6108,-0.4673,1.0606,-0.4297,10.4006,-3.0603,1.8757,-0.3403,-0.4704,1.6006,-0.4406,,,,,,,,
545,5605,108,4,walking,0.149,-1.1942,0.0585,0.0849,0.2407,0.1245,0.1546,0.5428,0.0316,-0.1848,-0.2337,0.0986,0.0189,-0.8847,0.2984,-0.252,1.3352,3.5094,2.5975,-0.583,-0.3582,-0.366,-1.4462,-0.3493,0.7826,0.0217,-0.0092,-2.9864,3.6973,6.4083,0.0697,1.8095,-1.0439,0.7765,0.6651,0.7096,-0.7968,0.8743,-0.1303,-0.1103,-0.5699,-0.7627,0.3018,-0.1198,0.6772,0.5734,0.3644,-0.8015,-0.1122,0.5327,-1.5591,-0.1503,-0.7436,-0.2253,-0.2608,-0.0005,0.2505,-0.3706,-0.2808,0.3803,-1.6327,0.0293,0.6502,-0.4406,-0.2305,1.5138,0.539,0.0509,0.2163,0.9554,-0.0806,0.7299,-0.4396,0.7506,-2.4997,-0.3758,0.3454,-2.5006,0.2209,-0.2013,3.4299,0.4757,0.1019,-0.3505,-1.8139,-0.3405,0.4508,0.5505,0.7756,-0.9152,-0.0993,-1.6146,0.3608,-0.7609,1.4143,0.4242,-0.4018,0.5772,0.6173,0.5132,-0.0,,,,,,,
546,5606,108,4,walking,-0.0038,-1.1948,0.0701,-0.0904,0.1746,-0.2295,0.1142,0.5866,0.0835,0.055,-0.2349,0.1431,-0.1552,-0.9737,-0.2526,0.1624,1.3957,2.4561,-0.2832,3.2986,-0.038,-0.883,-0.3679,0.3499,-0.5973,-0.0655,-0.0212,-1.7853,-0.4792,-1.4482,0.6587,-1.8519,3.7071,-0.8977,-0.646,-0.6875,-0.8469,0.6774,0.0508,-0.1109,1.4319,1.9893,-0.3018,-0.0008,0.541,-0.1121,-0.3646,-2.5624,-0.0809,0.4505,-0.9438,-0.3007,-1.8757,0.2169,-0.2603,-0.1015,0.6312,0.0684,-0.9021,-0.4004,-1.7629,-0.0002,0.7217,-0.3402,-0.1305,-1.9635,-0.8319,-0.001,0.1198,-0.4165,-0.2207,1.5408,2.7367,0.9676,-1.3451,-0.429,-0.9238,-1.7369,-0.0023,0.0001,-1.6252,1.9762,0.2505,-0.9552,0.4368,-0.3808,0.2246,0.3505,-0.4673,-0.0332,-0.3995,0.4991,-0.0672,-1.5495,2.5506,0.2253,-1.3753,0.2302,-1.6508,,,,,,,,,
547,5607,108,4,walking,-0.145,-1.1716,0.0142,-0.0943,-0.1153,-0.1598,0.0829,0.5564,0.0345,-0.0547,-0.2449,0.069,-0.0761,-0.8922,0.0052,0.1804,1.3891,-0.6976,3.2368,2.2032,0.3083,-1.3344,6.6074,0.2772,0.5902,-0.4034,0.3671,-0.7585,-0.6777,-0.7931,0.4887,-1.9973,-2.9737,0.5435,-0.8095,0.5851,-0.6592,0.667,0.0809,-0.1003,-1.8426,-0.5794,0.0503,0.0003,0.6327,0.101,0.0581,-2.8878,0.1505,0.5619,1.5759,0.861,-1.8225,-0.2606,0.1103,0.2203,-0.2307,-0.2505,0.3002,0.4003,0.9635,0.3207,-0.3759,-0.3705,-0.1122,1.3993,-1.4806,0.1302,0.1198,-0.3648,-0.1963,1.0455,2.3019,0.7751,-0.7808,-0.2165,-0.9344,-1.9558,-0.001,-0.0704,2.9444,-0.3503,-0.2253,-2.3452,-0.7143,-0.4407,-0.3806,0.4993,0.0642,-1.3407,0.4752,-0.4681,0.4019,-3.7408,1.4152,-0.9355,-1.8443,0.1321,1.539,-0.6003,,,,,,,,
548,5608,108,4,walking,-0.1634,-1.1904,0.0032,-0.2707,-0.0195,-0.0845,0.035,0.5439,-0.0542,-0.0922,-0.2337,-0.0694,0.1885,-0.9821,-0.3359,-0.2657,1.3677,-0.2851,-1.4883,2.2461,-0.3068,3.2956,0.3853,0.4072,0.4435,-0.5863,0.437,2.7586,-0.6741,-0.8091,0.6476,1.4979,2.8878,-0.6966,-0.8799,-1.6065,-0.4781,0.4639,0.1124,-0.2167,1.9037,1.932,-0.1504,-0.0009,0.5562,-0.1012,-0.0803,1.7317,-0.0505,0.4474,-0.8015,-0.3993,1.8971,0.1102,0.0217,-0.1009,-0.2207,0.2308,0.1198,0.4299,0.3459,0.3205,-0.2606,-0.9701,-0.3803,-1.3013,-0.7407,-0.1308,0.2242,1.9509,-0.0002,-0.9215,-0.4991,0.7382,0.8182,-0.5758,-1.749,-2.8157,-0.0663,-0.2805,-2.4143,-1.5692,-0.2253,0.9238,1.3757,-0.3406,0.4117,0.4681,0.4003,-0.5809,-0.3506,2.3007,-0.2504,0.9558,-1.0332,0.4187,1.6006,0.3706,-1.4242,,,,,,,,,
549,5609,108,4,walking,-0.1549,-1.1257,0.0825,-0.0154,-0.0017,-0.0728,0.033,0.5086,-0.0695,0.0545,-0.1379,-0.0475,0.1638,-0.8867,-0.1936,-0.229,1.6518,2.2972,0.3556,3.2787,-0.2693,1.3785,0.3976,6.9944,-0.5881,0.6898,0.0973,-0.6953,1.4791,-1.5578,-0.6694,2.4864,3.847,0.3463,0.608,-0.744,0.7762,0.5961,-0.1011,0.2259,1.8902,-0.9743,0.2502,0.1194,0.5752,0.3007,0.1102,1.4991,-0.2807,0.4689,-0.8211,-0.3758,1.8318,-0.3017,0.1307,-0.2307,-0.3205,-0.2243,-0.3804,0.1122,1.8443,-0.0247,-0.3643,0.3406,-0.4752,0.9619,-1.5505,0.0455,0.0005,0.8117,-0.0504,0.3709,0.3996,0.7503,0.4294,-1.3606,3.2164,1.4143,-0.1002,-0.2016,-0.8182,0.3508,0.1509,2.4002,-1.7382,-0.4503,0.4018,-0.3253,-1.4137,0.6006,0.5009,1.9795,-0.0709,0.8009,1.2605,-1.5663,1.8016,-0.3453,-0.9687,-0.0759,,,,,,,,
550,5610,108,4,walking,-0.1878,-1.2557,0.0835,-0.1397,-0.1434,-0.2637,-0.0322,0.4577,-0.0179,-0.0954,-0.159,-0.0568,1.1689,-0.2832,-0.3343,0.0765,2.5919,3.2772,-0.662,5.0049,0.4055,-0.2352,-2.3681,-0.4798,-0.397,0.0463,0.3076,0.506,0.4494,0.5883,-0.0631,-2.9984,3.3882,-0.7586,-0.6467,-0.4893,1.8546,0.028,0.1198,-0.0005,1.9617,-1.9569,0.1019,-0.1306,0.56,0.2169,0.2253,0.8818,0.3408,0.4403,2.7437,-0.0506,1.8712,-0.1002,-0.1506,0.3209,0.1122,0.1105,-0.3642,0.3708,0.6212,0.2803,-0.301,-0.5759,0.4296,-1.7322,0.8758,0.2605,0.0277,0.9217,0.0806,-0.9096,-0.6554,1.2508,-2.8672,-0.3508,-0.3453,0.5009,0.0264,0.0514,-1.7382,-1.4143,0.2209,-0.7018,-1.3759,-0.2243,-0.3997,0.4994,0.7504,-1.4003,0.0473,0.7406,0.4702,-3.7408,-0.8492,-0.5384,-0.9481,0.0544,-1.0297,,,,,,,,,
551,5611,108,6,cycling,0.0982,-0.7046,-0.0066,0.0434,0.0169,0.0556,0.0797,1.3679,-0.0851,0.1354,-0.6429,-0.1259,-0.2763,1.1838,0.3386,0.1722,0.1903,0.2373,-0.3543,0.3928,-0.3057,-0.3768,0.4044,-0.2526,0.0692,0.0216,-0.101,-0.4831,0.323,0.4791,-0.0004,0.0505,0.1129,-0.0803,0.119,0.1105,0.1308,-0.4984,-0.1003,0.001,0.4585,-0.2258,0.0204,-0.0002,-1.886,-0.0153,0.02,0.2508,0.1502,-1.659,-0.2803,2.5572,0.2607,-0.3001,0.5878,0.2309,-0.3758,0.3998,4.8096,3.6787,-0.2203,-0.2162,0.3642,0.8399,5.9874,-0.7795,-0.9475,0.0394,0.3012,0.8976,8.9318,0.5264,-0.4012,-0.8755,-0.3209,1.0992,-0.0702,0.3409,0.0404,-0.9094,-0.3251,0.1201,-0.0001,-0.2246,0.0879,0.6563,0.0154,0.1279,-0.0455,-0.0937,0.01,0.3458,-0.108,0.5009,0.4687,0.3702,0.3502,0.1024,-0.4809,-0.039,0.0129,0.0,,,,,,
552,5612,108,6,cycling,-0.0762,0.6048,-0.0067,0.0111,-0.0552,-0.0325,-0.0217,0.2853,-0.0416,-0.1347,-0.0946,-0.0699,-0.1858,1.4077,-0.0833,0.2268,0.3898,-0.1942,-0.2441,-0.2056,0.2959,-0.2332,-0.3055,0.0508,0.3772,0.1198,0.3684,0.3461,0.3964,-0.4491,-0.01,0.0803,0.1122,-0.0166,-0.1507,0.0004,0.5088,-1.4951,-0.1104,0.3017,-0.8979,0.5793,0.1002,-0.1001,-1.7475,0.1308,0.1018,-0.3402,0.2169,-1.6582,0.2606,3.977,0.3704,-0.788,0.7326,-0.2207,-0.3805,0.6326,2.6985,4.3009,-0.9037,0.2505,0.2305,1.9437,5.4996,0.8614,-0.9622,-0.4005,0.2246,-1.8799,7.6554,1.9517,0.4015,-0.766,0.3506,-0.7753,0.4507,-0.838,0.0661,-1.3758,-0.3451,-0.4299,0.0362,0.4409,0.1292,0.7184,0.3209,-0.0684,0.2802,0.2251,0.3604,0.399,0.3644,0.4706,0.4803,-0.3441,-0.5504,-0.0663,-0.5756,-0.4751,,,,,,,,
553,5613,108,6,cycling,0.0117,-0.7386,0.0694,-0.055,0.1056,-0.1258,-0.0072,1.3083,-0.0769,0.0326,-0.5721,-0.0851,-0.0922,1.1633,0.2359,0.2454,-0.2752,-0.252,-0.4434,-0.3661,0.0216,-0.0437,0.2989,-0.3587,-0.2838,0.1192,0.0504,0.4947,0.1303,-0.437,-0.1017,-0.2259,0.3971,0.1027,-0.1106,0.0804,-0.4067,-1.8095,0.0004,-0.0267,2.9893,0.4884,0.01,0.1122,-1.6864,-0.1503,0.2309,0.6597,0.2806,-1.7586,-0.2163,0.2603,0.0307,0.3008,0.9962,0.3019,-0.7976,-0.6082,3.8891,0.6322,-0.3402,0.2507,0.3646,4.7364,5.4008,-0.789,8.7785,-0.3708,-0.7422,7.8755,11.749,1.5007,0.4505,-0.3607,0.3451,-0.3752,-0.4681,0.4674,0.0753,-0.9624,-0.2207,-0.3503,0.0262,0.5015,-0.0488,0.6809,-0.0043,-0.3205,-0.4294,-0.3993,-0.4012,0.1005,-0.0606,-0.0671,0.5751,0.4405,-0.4188,0.4758,0.6557,-0.1743,,,,,,,,
554,5614,108,6,cycling,-0.0325,0.3749,0.0782,-0.0968,0.0558,-0.0189,-0.0693,1.455,-0.0417,-0.1352,-0.7943,-0.2235,-0.0077,1.2057,0.2859,0.2453,-0.0844,-0.2348,0.2762,0.3372,-0.1018,0.1191,0.3632,-0.2947,0.306,0.0219,0.1107,0.4041,0.3974,0.3431,0.0807,0.2253,0.0505,0.1009,0.0003,-0.1509,-0.5675,-1.8086,0.3014,0.4218,-0.6697,-0.6495,0.2202,0.2162,-1.7083,0.2243,-0.1302,0.6787,-0.5499,-1.6588,0.2505,0.7315,0.2608,-0.4014,0.6976,-0.3805,-0.7898,0.5752,-0.9411,2.6301,-0.3457,0.2802,0.3608,3.1126,4.4299,-0.3997,-1.4506,-0.3409,0.0642,-1.9025,5.3004,0.9452,-0.8547,-0.8468,-0.9624,0.4995,-0.8192,0.4678,0.0002,-0.8148,0.3754,-0.3648,0.0056,0.4403,0.4006,0.6592,0.3505,0.3207,0.4703,0.3708,-0.2309,-0.5008,-0.3447,0.7753,-0.4805,-0.8751,-0.5648,0.4128,-0.5663,0.4752,,,,,,,,
555,5615,108,6,cycling,-0.0872,0.5157,0.0739,0.0136,-0.0532,0.1253,0.0416,1.4893,-0.1422,0.0052,-0.7047,-0.1342,0.256,1.2854,0.0933,-0.2421,-0.2756,-0.354,0.0695,0.2077,0.0007,0.3075,-0.2957,0.3837,0.5069,0.1018,-0.0508,-0.4487,-0.3482,0.4546,-0.022,-0.1302,0.0375,-0.1103,-0.119,-0.001,0.1509,0.4962,-0.2241,-0.2169,2.7851,-0.8874,-0.4364,0.5868,-1.6681,0.5583,0.3994,-0.9891,-0.2602,-1.738,0.2802,-0.6776,0.5961,-0.4292,-0.9499,-0.3014,0.6301,-0.8465,0.7986,-0.3002,-0.1126,-0.1009,0.2207,-0.3406,4.9744,-0.3451,3.5404,-0.8985,-0.2303,5.3704,7.9635,-0.904,-0.0455,-0.3758,0.4508,0.8602,0.0477,-0.4019,-0.0804,-1.3503,0.3809,-0.5006,0.0892,0.4005,0.0946,0.5505,-0.0606,-0.2258,0.2503,-0.0986,0.0332,-0.6502,-0.0702,0.4408,-0.4994,-0.3205,0.4679,0.0473,0.5648,-0.0,,,,,,,,
556,5616,108,6,cycling,0.0811,-0.6053,0.0902,0.1236,0.0041,0.1379,0.069,1.457,-0.1705,-0.1049,-0.5947,-0.1457,-0.2551,1.2986,0.1552,-0.3355,-0.3077,-0.0401,-0.0793,0.2656,0.2442,0.2327,0.0399,0.0509,0.1012,-0.0008,0.1109,-0.2832,-0.0809,0.3948,0.3772,0.4071,0.3858,0.1198,0.2305,0.465,-0.4466,-1.6885,0.437,-0.2603,3.6954,0.7563,0.3013,0.3459,-1.8083,-0.6592,0.3709,0.9567,-0.8737,-1.6482,0.3758,-0.1303,0.2258,0.6214,-0.7319,-0.7421,0.8419,0.5757,2.8897,-0.3402,0.1507,0.1129,-0.1001,-0.2507,4.9634,-0.4293,5.9878,-0.4408,0.2207,0.8976,7.5007,-0.9435,-0.2806,-0.3646,0.3504,-0.2167,-0.3998,1.0441,-0.001,-1.4003,0.4808,-0.3102,0.2243,-0.4684,-0.1008,0.6586,0.3206,-0.3604,0.3251,-0.4673,0.0755,0.4993,0.3137,-0.5015,0.3005,0.4709,-0.4018,0.4751,-1.0169,-0.0992,0.0,,,,,,,
557,5617,108,6,cycling,0.0049,-0.6736,0.0224,-0.0856,-0.1061,-0.0793,0.0168,1.3554,-0.0962,-0.1227,-0.6043,-0.1553,-0.2221,1.384,-0.0555,0.2684,0.0399,-0.2042,0.0639,0.3391,-0.0431,-0.3023,-0.2852,-0.3747,-0.4834,0.1106,-0.1126,0.0504,-0.2989,-0.1302,-0.0003,0.101,0.1003,0.1509,0.0302,0.0804,-0.5085,-1.5741,-0.3015,-0.2803,2.4597,-0.7581,-0.2165,0.1191,-2.589,-0.0203,0.2208,-0.6966,-0.6598,-1.788,-0.4013,0.6364,0.887,0.5986,0.7636,0.3608,-0.3403,0.7421,3.7977,-1.7212,0.3002,-0.0001,-0.3208,0.7364,-0.2605,0.8745,5.8314,-0.4296,-0.2251,4.0343,-0.8211,-1.4991,-0.3756,-0.4503,-0.0663,0.9645,-0.2307,1.3709,-0.01,-1.2244,0.5757,-0.3997,-0.0594,0.2502,0.3508,0.6792,-0.0442,-0.0332,-0.0181,-0.1395,-0.5003,-0.3802,-0.4001,-0.4687,0.4753,-0.0702,0.4703,-0.1349,0.7759,,,,,,,,,
558,5618,108,6,cycling,-0.0719,0.3236,-0.0146,0.0523,-0.0038,-0.0411,0.1236,1.2698,-0.0942,0.0829,-0.6053,-0.1469,-0.2521,1.4841,0.3054,0.0695,-0.3359,0.2822,-0.2055,-0.4462,-0.3572,-0.035,0.0219,-0.1196,-0.2789,-0.4052,0.4584,0.4731,0.6876,0.4974,-0.0807,-0.101,-0.2169,-0.0509,-0.0007,0.1106,-0.2802,-0.5664,0.2244,-0.2209,0.6785,-0.3403,-0.1302,-0.001,-1.7087,-0.1006,-0.1505,-0.3705,-0.5796,-1.669,-0.1124,-0.7788,-0.2302,0.8081,-0.6593,0.5894,0.9961,0.7875,3.7973,2.4991,-0.3993,0.2505,0.3809,-0.9745,5.4014,0.4293,-0.862,0.2604,-0.3606,0.821,4.9215,-1.4679,-0.3018,-0.4759,-0.4008,0.5753,-0.3641,-0.7204,0.0891,-0.8318,0.4682,0.0548,0.02,-0.4408,0.3452,0.5509,-0.2251,0.1346,-0.0584,0.0105,0.4803,-0.3203,0.3137,-0.3754,0.4703,-0.3001,-0.5134,0.3509,-0.4503,,,,,,,,,
559,5619,108,6,cycling,-0.0626,0.678,0.0035,0.0788,0.0133,0.0954,0.0878,1.3049,-0.0325,-0.0505,-0.5957,-0.0469,0.2468,1.2787,0.1872,0.1652,-0.0589,0.2285,0.3973,-0.3851,-0.2963,-0.237,0.3479,-0.4483,0.556,-0.364,-0.2846,-0.649,0.4765,0.7562,0.101,0.4853,-0.4556,0.0006,-0.0214,0.1192,0.3799,-1.7466,0.1302,-0.1003,3.9894,-0.965,-0.1503,-0.1129,-1.9317,0.1104,-0.3208,-0.3001,-0.0803,-1.7686,0.3013,2.7792,0.3407,-0.2604,0.2309,0.2246,-0.4015,-0.5886,-2.974,4.7614,-0.5759,0.2208,0.3705,-0.399,0.9567,-0.0642,5.8214,0.4505,-0.4004,7.2259,-0.3644,-1.8433,-0.2803,-0.6505,0.0643,0.2169,-0.4754,0.4292,0.2509,-0.6552,0.4678,-0.3504,0.0973,0.0661,0.0442,0.5647,-0.1027,-0.0546,0.1445,-0.0002,-0.4406,-0.3447,-0.3751,0.0606,-0.4991,0.0123,-0.4681,0.0446,-0.6003,0.0761,,,,,,,,
560,5620,108,6,cycling,-0.0852,0.5289,-0.1086,-0.1634,-0.0375,0.0168,-0.1272,1.3765,-0.0787,0.0467,-0.6445,-0.0549,-0.2742,1.3557,-0.2554,-0.3682,0.2698,-0.0631,-0.2859,-0.2448,0.0941,0.0022,-0.2946,0.3855,0.3947,-0.1109,0.3373,-0.4399,-0.3051,0.7869,-0.0216,0.4488,0.4091,-0.0506,-0.0394,-0.0809,-0.2604,-1.8962,-0.1005,0.1509,2.669,0.565,0.1192,-0.0307,-1.6084,-0.1018,0.1305,0.3019,0.7097,-1.8092,-0.5329,3.9568,0.5863,-0.7983,-0.9345,0.2803,0.3509,-0.3005,4.741,5.7761,-0.2207,-0.2251,0.3207,-0.963,0.2163,-0.8568,7.4807,0.4015,-0.3708,9.4757,-0.3648,-0.3993,-0.4296,-0.764,-0.499,0.3804,0.0005,-1.3408,-0.0002,-1.3605,0.4508,0.5757,-0.0194,0.3751,0.2308,0.7233,-0.0332,-0.1126,0.2246,-0.0123,0.0477,0.4006,-0.0753,0.4127,0.8757,0.2502,-0.6014,-0.0568,1.4402,,,,,,,,,
561,5621,108,6,cycling,-0.0942,0.539,0.0531,-0.0761,0.0601,-0.0032,0.0852,1.4469,-0.1173,0.1557,-0.5835,-0.1226,0.2284,1.3368,-0.3682,0.1947,-0.2354,0.3741,0.4543,0.2925,0.2403,-0.3877,-0.2787,0.4028,0.3463,0.3053,-0.3904,-0.4962,0.7948,0.7059,-0.1004,-0.1303,0.1191,-0.0225,0.0507,-0.0307,-0.5572,-1.8092,0.2303,0.0663,2.6594,-0.6697,-0.1017,0.1503,-1.7871,0.1102,-0.2162,0.6475,0.6096,-1.765,0.3003,-1.8885,-0.3754,0.6783,0.9599,0.1129,0.8974,0.3409,4.3014,5.4296,-0.4003,0.0006,0.2202,3.2602,-1.2808,0.8617,-2.9323,-0.4751,-0.4013,7.9891,-0.8656,-0.3506,0.3995,-0.7508,0.3646,-0.4506,-0.2254,0.4679,0.0753,-0.7759,0.3704,0.2508,-0.0264,-0.4404,-0.2242,0.6006,-0.3457,-0.0856,0.1254,-0.0157,0.0809,-0.3443,0.0682,0.5004,-0.4807,0.4992,0.6108,-0.3609,-0.0473,-0.189,,,,,,,,
562,5622,108,6,cycling,-0.0519,0.7407,-0.1067,0.0942,-0.0134,0.0049,0.0645,1.4718,-0.1274,0.047,-0.6917,-0.0829,-0.2899,1.4462,0.034,0.3357,0.0746,-0.365,0.2432,0.266,-0.2748,-0.2543,0.2368,-0.3772,0.3054,0.0213,0.1008,0.3551,0.0804,0.3963,-0.1508,0.1306,0.0507,-0.1015,-0.0009,-0.1195,0.1108,0.8941,0.1129,0.1001,2.589,-0.5988,0.301,0.3003,-0.7977,0.5598,0.2167,-0.6696,-0.8093,-1.2608,-0.3406,4.8765,0.3757,-0.2307,-0.7861,0.4002,0.7375,0.2806,3.8213,5.3991,-0.3646,0.2207,0.2508,0.8664,-0.3705,-0.8512,-2.4012,0.4405,0.2257,0.8436,0.3451,-1.9526,-0.4294,-1.3608,-0.8318,0.9727,-0.9411,0.5757,0.3505,-2.6504,0.4508,0.2246,0.0002,-0.3257,0.5509,-0.5654,0.4996,0.0892,-0.4703,0.5004,-0.0606,-0.8757,-0.0996,-0.0702,-0.4808,-0.8443,-0.7204,0.4673,-0.5206,0.0332,0.0,,,,,,,
563,5623,108,6,cycling,-0.0047,0.6681,-0.0696,0.0169,-0.1207,-0.0872,0.0436,1.4043,-0.1549,0.0322,-0.7738,-0.0544,-0.1742,1.3584,-0.0933,-0.1652,0.2459,0.2554,0.2757,0.3799,-0.2861,0.3973,0.3055,-0.5056,-0.347,-0.1504,-0.0004,0.586,-0.6495,-0.3019,0.0212,0.119,-0.1129,-0.0509,-0.0302,0.0807,0.4863,-1.8768,0.1303,0.2307,2.6594,0.4675,0.2205,0.001,-1.4589,0.1002,-0.1014,-0.809,0.3402,-1.6793,-0.5311,-0.8885,0.3709,0.3649,-0.1102,0.2246,0.3756,-0.7871,-0.3459,-0.7976,0.3003,0.1001,-0.0002,3.9891,4.4299,0.7433,5.8622,-0.3608,0.2258,1.9716,7.4005,-1.8211,-0.5754,-0.2509,0.2806,-0.8755,-0.3207,1.3504,0.0753,-0.8004,0.4673,-0.8322,0.0001,0.0755,-0.3253,0.6892,-0.0188,-0.0982,0.2602,-0.2165,-0.3997,-0.0682,0.3443,0.4016,0.5505,0.4396,0.4506,0.1291,-0.5247,0.0149,,,,,,,,
564,5624,108,6,cycling,-0.0107,0.5839,-0.0556,0.0426,-0.0066,0.1438,0.0637,1.4063,-0.1634,-0.1089,-0.7542,-0.0849,0.2536,1.2821,-0.0962,-0.1722,-0.2077,0.3043,-0.2391,-0.036,-0.3372,0.2751,-0.1005,-0.2952,0.4761,0.1108,0.0509,0.1193,0.025,0.4645,-0.0006,0.2305,-0.1302,0.1012,-0.0441,-0.1129,0.5564,-1.4493,-0.2205,0.1509,2.9865,0.538,0.0059,0.0208,-1.7867,-0.0584,0.01,0.2169,-0.3406,-1.7987,0.0809,0.7082,-0.3008,0.3646,0.3456,-0.3014,-0.3209,0.3809,0.9499,-0.6896,-0.3757,0.0473,0.2803,-0.2258,3.8874,0.3506,4.4992,-0.9569,-0.4297,5.8615,8.7636,-1.9746,-0.4004,-0.4406,-0.0455,0.7752,0.3708,0.8013,0.001,-0.8676,0.3992,0.5508,0.0983,-0.8522,-0.4751,0.6551,-0.3603,0.0264,0.4508,0.059,0.2503,-0.4017,0.5004,0.4678,-0.6505,0.6002,-0.4117,0.2241,-0.7808,-0.0247,,,,,,,,
565,5625,108,6,cycling,-0.0549,0.651,-0.0056,0.1391,-0.0719,0.0867,0.0622,1.4421,-0.0434,0.033,-0.6428,-0.0177,0.2402,1.2694,0.1885,-0.2746,0.3379,0.3958,0.4847,0.3897,0.5081,-0.5568,0.2957,-0.3741,0.6054,-0.3551,-0.0936,0.4559,0.4078,-0.8031,-0.1506,0.101,-0.2207,-0.0003,-0.0473,0.0804,0.1193,-0.8743,-0.0286,0.1124,2.9893,-0.9986,0.1008,0.0221,-1.6961,0.1104,0.1309,0.0508,-0.2806,-1.637,-0.0184,3.7553,0.3994,-0.0332,-0.2169,-0.2307,0.6682,0.2506,5.7427,4.9065,0.838,-0.02,-0.4014,-1.3704,0.9627,-0.7364,2.8976,0.2607,0.3454,1.8892,0.4994,-1.9519,-0.3759,-0.2254,0.3641,-0.5007,-0.0394,0.4298,0.1111,-0.8757,-0.3403,0.3805,-0.3209,0.0529,-0.0546,0.6589,0.0661,-0.0264,-0.0262,0.3609,-0.0702,0.4689,-0.3503,-0.4503,0.3003,-0.3441,0.4249,-0.001,0.4143,-0.0238,,,,,,,,
566,5626,108,6,cycling,0.0149,-0.6563,0.1206,-0.093,-0.0741,-0.0573,0.1404,1.2864,-0.0086,0.0852,-0.7058,-0.0317,0.1654,1.3795,0.3655,-0.1872,0.4076,-0.2082,-0.2748,-0.2277,0.3483,-0.3543,-0.3961,-0.3391,-0.6957,0.4788,0.605,-0.468,-0.6799,0.5975,0.0807,-0.1105,0.1506,0.0505,0.0225,0.1002,-0.2608,-1.8968,0.0007,0.2504,-0.6697,-0.4562,0.1017,0.1192,-1.534,0.1305,0.1016,-0.2803,-0.2259,-1.6332,-0.2164,2.841,0.3644,-0.3606,0.7987,0.5622,-0.3508,0.3708,4.9427,3.7893,-0.9885,-0.0262,0.5752,-0.7464,5.9023,0.4004,-0.8753,0.4299,0.0642,-0.4995,7.9212,0.3005,0.2306,-1.4506,0.3403,0.9638,-0.3452,0.6163,-0.0261,-2.5005,0.1258,0.1258,0.1124,-0.039,0.2208,0.8592,-0.399,0.3759,-0.4751,0.0546,-0.4679,0.3019,-0.5609,0.6502,-0.4681,-0.4809,0.3803,-0.2243,0.5502,0.0514,,,,,,,,
567,5627,108,6,cycling,0.0582,-0.6519,0.0141,0.085,0.0063,-0.1261,0.0738,1.3053,-0.0913,0.1558,-0.6829,-0.0375,-0.1857,1.1604,0.2834,0.2469,-0.2373,0.207,0.2295,0.3672,0.2556,0.2694,0.0633,-0.0504,-0.3983,0.026,-0.119,0.4986,-0.3748,-0.4796,-0.1105,0.0007,0.3567,0.1018,0.0809,0.1506,0.4487,-1.8092,0.1002,0.4577,-0.9876,0.301,0.2605,-0.1305,-1.5951,-0.3008,0.2807,-0.8964,0.6654,-1.7499,0.2203,3.7952,-0.8897,-0.5585,0.847,0.3648,-0.4012,-0.7871,2.9065,4.3706,-0.2257,-0.2302,0.3456,5.4003,0.5007,0.2169,-0.4995,0.1127,0.4508,0.3502,7.6559,-0.4408,-0.3991,-0.4671,0.4291,0.9317,-0.2242,0.3607,0.2505,-0.7509,0.0753,-0.0189,-0.3209,-0.3803,-0.3405,0.5936,-0.1221,0.0822,-0.3758,-0.0362,-0.0752,0.4681,0.5758,-0.0661,-0.4808,-0.3197,-0.0142,-0.3257,0.4756,-0.0453,,,,,,,,
568,5628,108,6,cycling,-0.0116,0.7367,0.0323,0.0536,0.0735,0.0466,0.1051,1.5538,-0.0879,-0.0957,-0.5834,-0.1245,-0.2989,1.4054,-0.2773,0.0664,-0.2291,0.0084,-0.2441,-0.3099,-0.2661,-0.4492,-0.4787,-0.5083,0.2559,0.026,0.0505,0.3946,0.3368,0.3748,0.1105,0.0804,0.1003,0.1195,-0.1508,0.1122,0.2259,-0.7675,0.0286,-0.0002,-0.4972,-0.0007,-0.1305,-0.1027,-1.8852,-0.1018,0.0383,0.2607,0.3011,-1.6586,0.2503,2.568,0.2209,0.3993,0.3405,0.2167,-0.2303,-0.7063,4.8567,3.6978,0.3708,-0.01,-0.001,0.7798,-0.3643,0.3506,1.5506,0.7436,-0.2806,0.9035,-0.4299,1.932,0.0182,-0.3003,-0.0001,-0.4017,0.0205,0.3603,-0.0594,-1.4408,-0.3805,-0.2171,0.0195,0.2246,0.0299,0.7009,0.0408,-0.0953,0.0606,0.0751,0.1202,-0.0096,-0.108,-0.3452,-0.3203,0.1397,-0.093,0.0446,-0.3753,-0.0332,0.1111,,,,,,,
569,5629,108,6,cycling,-0.0068,0.3639,-0.0104,-0.0523,-0.0321,-0.0849,0.026,1.5554,-0.0774,0.1061,-0.5909,-0.1353,0.1428,1.1858,-0.1941,0.0616,-0.1727,-0.2277,0.1015,0.2656,-0.2537,0.3044,0.1302,0.2446,0.3342,-0.1006,0.1197,-0.1504,-0.1129,-0.0509,0.001,-0.0007,-0.01,0.0189,0.0248,-0.0093,0.3015,-1.6792,0.0803,0.1104,0.4364,-0.4785,-0.0173,0.0062,-1.6684,0.0078,-0.0204,0.4851,-0.2805,-1.6563,0.0684,0.8094,0.3704,0.2605,0.3456,0.5783,0.3008,-0.2163,2.6987,3.7582,0.7081,0.0394,0.2207,4.9699,5.9539,0.989,-1.8879,0.3997,0.2305,0.8629,7.723,1.2258,0.4013,-0.7624,0.3503,-0.4298,0.3405,-1.3649,0.0002,-1.3753,0.0702,-0.3807,-0.0223,-0.4673,-0.3205,0.5689,-0.0053,-0.0023,-0.3606,0.1321,0.5004,0.4751,0.0157,0.9716,-0.4993,-0.5509,-0.8759,-0.0136,-0.4252,0.4408,0.0,,,,,,,
570,5630,108,6,cycling,0.0729,-0.6061,0.1052,-0.0169,0.0327,-0.0554,-0.0046,1.2674,-0.0872,-0.1353,-0.6519,-0.1543,-0.1857,1.3785,0.2456,0.0955,0.3548,-0.2277,0.3638,-0.2049,-0.047,-0.064,0.1109,-0.2544,0.026,0.1006,0.2832,0.3931,0.3342,0.5075,0.0508,0.1011,0.0803,0.0005,-0.1192,0.0203,-0.5868,-0.9962,0.4547,0.5978,2.6793,0.988,0.2205,-0.2257,-1.6692,-0.3013,0.2502,0.3402,0.6328,-1.7989,-0.2167,3.7344,-0.1306,0.3458,-0.6497,-0.4013,0.8437,0.8896,4.3752,5.862,-0.9513,0.1503,0.3703,0.768,-0.2302,-0.4402,-2.8214,0.8746,-0.4299,7.8317,0.904,0.9417,-0.3642,-0.3005,0.2602,0.6005,-0.2241,-0.3808,0.1129,-0.7757,-0.3604,-0.5752,-0.2807,-0.3251,0.0854,0.5408,0.4991,-0.0995,0.0904,-0.0702,-0.3993,0.4808,0.4756,0.5506,-0.5006,-0.4691,0.9061,-0.4681,0.4503,0.4005,,,,,,,,
571,5631,108,6,cycling,-0.0591,0.3732,0.0109,0.0328,0.0435,-0.0041,0.0736,1.457,-0.0852,-0.1099,-0.6954,-0.1253,0.1342,1.3093,0.1523,0.1716,-0.2296,-0.2634,0.2486,-0.2981,0.2597,0.2758,0.0664,-0.3968,-0.479,0.1105,0.0219,-0.6084,-0.6587,0.4488,0.1003,0.0803,-0.3873,0.0005,-0.101,-0.1196,0.2162,-0.5975,0.4857,0.4049,0.5589,-0.5095,0.2308,0.1309,-1.638,-0.2208,0.1129,0.6662,0.3017,-1.6798,0.3405,2.7782,0.3644,-0.2603,-0.0503,0.3993,0.4295,-0.1509,3.7974,5.4994,-0.7892,-0.2803,0.2251,-0.5757,4.4504,0.9417,1.7627,-0.4408,0.4014,-1.4138,8.8301,-0.7753,-0.4002,-0.8527,-0.3459,1.0441,0.5003,-1.0455,0.001,-0.7652,0.5688,0.0755,-0.0946,0.3808,0.0922,0.7018,0.4751,0.3757,-0.3707,-0.3206,0.3008,0.0752,0.4681,0.6174,0.3604,-0.4809,0.8578,-0.2508,-0.9097,-0.0753,-0.0,,,,,,,
572,5632,108,6,cycling,0.0328,-0.681,0.0858,0.0774,-0.0186,0.0581,0.0434,1.3315,-0.1323,0.0077,-0.6563,-0.0937,0.064,1.4421,0.1631,-0.2469,-0.1872,-0.229,-0.2638,-0.207,0.3967,-0.119,0.2749,0.296,-0.2542,0.3552,0.0507,0.3064,0.028,-0.1014,0.0009,0.1503,0.0803,0.01,0.1105,0.1306,-0.5975,-0.7853,0.4547,0.5546,-0.9856,0.545,0.2505,0.2165,-1.5793,0.3409,0.3014,-0.2302,0.7962,-1.6661,0.4004,0.7636,-0.2258,0.2607,-0.8799,-0.3451,-0.3008,0.7318,2.2802,3.833,0.9627,0.0343,-0.4015,-0.8531,4.9438,-0.9788,0.4991,0.8971,0.8215,-0.3756,5.8445,-1.4408,-0.4507,-0.3605,-0.1126,0.4679,0.9527,0.923,0.1008,-0.6552,0.3508,-0.4164,0.2204,-0.5505,-0.4297,0.5756,0.3251,-0.3705,-0.3207,0.3806,-0.4751,-0.4106,0.0995,0.6508,-0.5681,-0.6003,0.3994,0.3282,0.0759,-0.0996,-0.0,,,,,,,
573,5633,108,6,cycling,0.0364,-0.7347,-0.0169,-0.1206,-0.0436,-0.055,0.1357,1.4056,-0.1173,-0.0744,-0.7847,-0.2052,0.2949,1.2827,0.0942,0.269,0.177,-0.0054,-0.2366,-0.0898,0.2472,0.2231,-0.2593,-0.3941,-0.3479,-0.026,0.3099,-0.3783,-0.326,-0.4655,-0.0507,0.4886,0.0009,0.0803,0.1106,-0.1012,0.3881,-1.7562,0.1122,0.4558,0.8988,-0.5961,0.1306,0.2305,-1.6785,0.1197,0.0455,0.6874,-0.3457,-1.6563,0.1509,0.5321,0.3804,0.2204,0.3406,-0.2807,-0.3603,-0.3018,2.1008,3.3005,-0.878,-0.2258,0.7797,4.9521,5.7618,-0.5204,-0.3991,0.2508,0.2163,1.9213,7.4994,-0.9419,-0.4297,-0.4672,-0.5757,0.847,0.5509,-0.9636,-0.3503,-0.7504,0.4187,0.4506,-0.0394,-0.4403,0.3642,0.6014,0.5009,-0.4004,-0.4804,0.0606,0.3754,0.4143,0.2607,-0.3209,0.4019,-0.6002,0.3123,-0.2243,-0.8756,-0.4127,,,,,,,,
574,5634,108,6,cycling,-0.0538,0.539,-0.0116,-0.0694,0.0051,-0.0953,-0.0866,1.5069,-0.1202,0.1165,-0.6857,-0.1532,-0.3077,1.2067,-0.2752,0.2541,-0.0435,0.1807,-0.2459,0.2362,0.2681,-0.037,-0.3349,-0.3973,-0.2986,-0.1121,0.2861,-0.4793,-0.459,0.5475,0.0006,0.1303,0.0508,0.1015,-0.0579,0.1194,0.1009,-1.5585,-0.444,-0.2604,-0.8891,-0.4897,0.1503,0.3018,-1.878,-0.2257,0.2803,-0.2209,0.5872,-1.7687,0.6476,3.6056,0.3407,0.7499,2.9563,0.3995,-0.8906,-0.5754,5.9882,7.8315,0.7892,-0.2304,-0.0807,-1.3005,4.4003,0.2163,-0.9675,-0.3703,-0.3754,-0.7758,8.6242,-0.8428,-0.3209,-0.5007,0.1103,-0.4751,-0.2506,0.3807,-0.2244,-0.8751,-0.4114,-0.0516,0.1959,0.4294,-0.1381,0.7006,0.3456,0.4014,0.3508,0.2171,0.4113,0.4995,-0.4703,0.0473,0.4681,-0.0606,0.0523,0.0195,-0.0584,0.17,,,,,,,,
575,5635,108,6,cycling,-0.0146,0.5161,0.0532,-0.0837,-0.0041,-0.1658,-0.1352,1.3359,-0.0734,-0.1203,-0.6799,-0.1521,0.2075,1.4056,-0.0902,-0.1962,0.2463,0.2951,0.3043,0.2753,0.2593,-0.0469,-0.2639,0.2838,-0.5074,0.3654,0.457,-0.579,-0.6061,-0.4885,-0.0698,-0.1104,0.1198,0.0807,-0.1018,0.0004,0.4765,-0.7986,-0.0502,0.4491,2.6664,0.6873,0.0332,0.1005,-1.4977,0.2204,0.2803,0.3002,-0.2169,-1.8855,0.1509,3.9767,0.3649,0.2254,0.1122,0.0702,-0.3803,-0.8972,4.8092,-0.9426,-0.3452,-0.2507,0.3406,5.8417,-0.8313,0.5757,7.9618,-0.7895,-0.7627,1.4015,-0.4751,-0.8216,-0.3998,-0.1304,0.2246,-0.6552,-0.2605,-0.3013,0.2303,-0.9095,0.3752,0.5004,0.1027,-0.3702,0.3251,0.7408,-0.3441,0.4679,0.0995,-0.1655,-0.4682,-0.3137,-0.3503,0.3602,-0.0473,-0.0684,-0.0835,0.1793,-0.4992,-0.0,,,,,,,,
576,5636,108,6,cycling,-0.0164,0.3265,0.0632,0.0546,0.034,-0.0052,-0.1358,1.4427,-0.0928,0.076,-0.5675,-0.1674,0.2053,1.1547,-0.0854,0.2402,-0.2688,-0.3523,-0.3731,0.0499,0.2551,-0.3497,-0.3043,-0.2963,0.5961,0.4973,0.4877,-0.3381,-0.4582,0.5598,0.1009,0.1193,0.1303,0.1015,0.1103,0.0505,-0.3979,-0.658,0.2205,0.0005,-0.8568,0.1506,-0.2309,0.2605,-1.709,0.0803,-0.3009,0.5071,-0.2807,-1.6957,-0.2169,2.6792,0.3209,0.4015,0.7895,-0.3647,0.6683,0.3452,3.8475,4.7629,0.3991,0.0002,-0.3018,-0.8972,5.4298,-0.3753,-1.4502,-0.2257,-0.1124,-1.4459,8.9438,-1.9319,0.3406,-0.9635,0.3505,0.8764,-0.4406,-0.3706,0.2503,-1.4683,0.4678,0.2241,0.1027,0.4128,-0.3604,0.5663,0.5003,0.0642,-0.0591,0.1407,-0.5502,-0.4993,-0.4703,-0.3441,-0.4751,-0.7759,0.8148,-0.4803,-0.6509,0.0755,,,,,,,,
577,5637,108,6,cycling,-0.0562,0.7308,0.0981,-0.0734,-0.0182,-0.0695,-0.0049,1.5083,-0.1142,-0.0856,-0.6468,-0.1604,-0.2536,1.1855,0.1547,0.1772,0.2629,0.1928,0.2743,-0.2059,-0.306,-0.2269,0.0344,0.2452,0.3386,0.0505,-0.1003,-0.1191,-0.2207,0.3541,0.028,-0.1506,0.3851,0.0006,0.1106,0.0804,0.3957,-1.5475,-0.3019,0.467,0.4585,-0.6766,-0.1011,-0.2246,-1.4894,-0.2303,-0.1024,0.3403,0.5863,-1.7976,-0.1305,-0.6561,0.2166,0.7792,-0.9799,0.2505,0.8974,0.7898,3.2802,2.8737,-0.3808,0.108,0.2604,5.9635,4.8411,0.9021,1.7322,-0.3709,-0.0681,-1.8891,7.4291,-1.7406,0.5004,-0.3991,0.4753,-0.9318,0.3506,0.4503,0.01,-0.9644,-0.5508,0.3008,-0.1129,-0.4994,-0.0606,0.6655,0.3209,0.4002,-0.3641,0.0791,0.4681,-0.4138,-0.4011,0.4113,-0.5756,-0.6504,-0.3251,-0.3758,-0.3451,-0.0753,,,,,,,,
578,5638,108,6,cycling,-0.0971,0.371,0.0214,0.0845,0.0729,0.0632,0.0157,1.2635,-0.0554,0.0434,-0.5948,-0.1553,-0.2075,1.2494,0.1856,-0.1622,-0.1755,-0.2544,0.0052,-0.2891,0.0364,-0.2789,0.2379,-0.3043,0.3339,0.1002,0.0809,-0.4077,-0.4973,-0.467,0.0007,-0.1108,0.1508,-0.1305,-0.1027,-0.1191,0.2808,-1.6595,-0.2257,0.5862,2.6876,0.479,-0.0508,-0.2606,-1.6951,-0.1121,-0.2207,-0.9987,-0.5072,-1.6074,-0.8886,3.6766,0.301,0.2162,-0.3991,0.4014,0.3643,0.3757,5.9897,4.6322,0.968,-0.0002,-0.3007,8.847,7.8316,-0.7893,-2.1017,-0.2502,0.4993,3.5505,9.4508,-1.8544,0.4408,-0.3451,0.4009,0.3806,-0.3406,0.9213,0.2244,-0.9505,-0.6001,-0.3604,0.02,-0.2304,-0.3443,0.6103,0.0642,0.0681,-0.3509,0.0523,0.3205,0.4805,0.4702,0.7758,0.0753,-0.3705,0.5688,0.4674,0.0663,0.1391,0.0,,,,,,,
579,5639,108,6,cycling,-0.0868,0.4277,-0.0102,-0.0695,-0.0788,0.1081,-0.0983,0.9238,-0.0431,-0.0325,-0.4549,-0.1551,1.2759,1.2962,0.2853,0.3043,0.2493,-0.2385,-0.0072,-0.0558,0.2221,0.2638,0.4886,-0.3556,0.4055,0.3637,-0.3357,-0.6082,-0.4634,0.6663,-0.0505,0.4792,-0.1108,0.0007,0.0806,0.1306,-0.448,-1.7069,0.1011,0.1197,2.7879,-0.5077,0.1126,-0.1509,-1.7599,-0.0455,0.2164,0.6561,-0.6491,-1.7467,-0.3406,3.5423,-0.3451,-0.2603,0.8728,0.2251,0.3997,-0.8973,4.8465,-0.9897,0.9022,-0.2209,-0.1002,-0.7629,5.9421,0.9639,7.8492,-0.3754,0.2808,9.3804,8.6143,-1.3014,-0.0753,-0.8751,0.2305,-0.5753,0.3649,0.9607,-0.3208,-1.2012,0.4006,0.0661,-0.2243,-0.3003,0.4753,0.5681,-0.3708,-0.4018,-0.3506,-0.2505,0.4805,-0.4503,0.4994,-0.3441,0.7505,0.6004,-0.0642,0.5506,-0.4671,0.3,,,,,,,,
580,5640,108,6,cycling,0.0036,-0.6789,0.0322,-0.0554,0.0117,0.0746,0.0426,1.5542,-0.0851,-0.0508,-0.5839,-0.1474,0.1578,1.2523,-0.1638,0.0943,0.2456,0.1875,0.2787,-0.2035,0.0632,-0.377,-0.2949,0.3397,0.3461,0.2847,0.025,0.1105,-0.1015,0.3068,-0.0001,-0.1306,0.1193,0.0807,-0.0165,0.1505,0.2259,-0.8841,0.2243,0.4883,-0.5982,0.4499,-0.2608,0.001,-1.738,0.2803,0.2509,0.6953,-0.2304,-1.6216,0.3751,0.1122,-0.5781,-0.7795,-0.6466,0.3649,0.3709,0.6096,2.2162,3.0008,0.9893,0.2209,-0.4406,-0.847,4.9029,0.3013,0.8612,0.4298,-0.7985,1.9423,5.4502,-1.3407,0.4995,-0.7505,0.3991,1.4003,-0.3506,0.4756,-0.0523,-1.3206,0.1005,0.0788,-0.1027,-0.0546,0.3805,0.6014,0.3005,0.0552,0.0002,0.1292,-0.4679,-0.4709,-0.6009,0.0672,0.7759,0.5759,-0.7266,-0.1221,0.4014,0.3452,0.0548,,,,,,,
581,5641,108,6,cycling,-0.0149,0.3791,0.1258,-0.1373,0.0552,-0.0963,0.1614,1.3861,-0.0778,0.0043,-0.563,-0.1551,2.1769,1.2042,-0.0426,-0.0829,0.2271,0.4418,0.0375,-0.3341,-0.277,-0.2434,0.4577,0.0631,0.2557,-0.025,-0.101,0.2847,-0.1106,0.4885,0.1505,0.3674,0.3568,-0.0806,-0.0506,0.0004,0.4084,-1.8086,0.2505,0.1197,0.8967,0.7972,-0.5596,0.2258,-1.6093,0.1307,-0.1006,0.5426,-0.5988,-1.649,0.3015,-0.2807,0.3004,-0.3705,-0.9899,0.1129,0.6695,0.6594,3.8325,4.8712,0.2169,0.2243,0.3402,-0.2607,-0.3453,0.4403,-1.9713,0.4757,0.2204,1.7117,-0.3649,-2.7625,0.4299,-0.4002,0.4995,0.6005,-0.5164,-0.3502,-0.001,-0.9789,0.4017,0.5009,0.02,0.4505,0.0845,0.6104,0.3755,-0.3441,-0.0709,0.3991,-0.3808,-0.4187,0.4678,-0.5503,-0.2309,0.4803,-0.4689,-0.3251,0.0643,0.0142,-0.0,,,,,,,
582,5642,108,6,cycling,0.0825,-0.5948,0.0035,-0.0157,-0.0326,-0.0638,0.0954,1.4056,-0.0778,-0.1061,-0.5558,-0.157,-0.2843,0.2041,0.1934,-0.0573,0.2382,-0.3618,-0.2949,0.4568,0.2753,0.2479,0.0508,-0.0464,0.3091,-0.1003,0.3346,0.4766,-0.1306,0.8032,-0.025,-0.0009,0.3951,0.1197,-0.1018,-0.0806,-0.2602,-1.4488,0.0363,-0.0355,0.7785,-0.7598,-0.01,0.1122,-1.6599,0.1106,0.1027,0.6963,0.6094,-1.7117,0.2803,2.2257,0.6786,0.3804,0.9717,0.3018,-0.3409,-0.7628,3.8712,4.8962,0.0277,0.1503,-0.2303,0.9512,7.4993,0.4753,-1.7445,-0.3708,-0.3206,-1.9215,9.833,-0.9627,0.842,-0.3008,-0.9099,1.4003,-0.4672,-0.9323,0.2207,-0.9504,0.5754,-0.3451,0.1959,-0.5689,0.4684,0.6734,-0.2161,-0.3509,-0.4294,-0.3643,0.399,0.3759,-0.0753,0.5004,0.6011,0.4018,0.5384,0.4704,0.9236,0.4408,0.0,,,,,,,
583,5643,108,6,cycling,-0.0589,0.669,0.1297,-0.0878,0.0043,-0.0739,-0.0104,0.2706,-0.0328,0.0003,-0.1358,-0.0509,1.1885,1.2459,0.2983,-0.1646,-0.3082,0.0941,0.1925,-0.2364,-0.3586,-0.2654,-0.347,0.4552,2.6563,-0.3857,-0.1308,0.6875,-0.4796,3.6036,-0.0211,0.3788,-0.4494,0.1504,0.2164,0.3012,0.5572,-0.774,-0.1195,0.2246,-1.4861,-0.568,0.2602,0.1006,-1.7628,0.0473,0.1105,0.735,-0.1012,-1.6795,-0.2259,0.8716,-0.3648,-0.3409,0.8499,-0.2207,0.3754,-0.2309,4.7475,-0.3707,0.2808,0.0453,-0.108,0.6908,-0.7981,0.4005,7.4293,-0.3206,0.4014,2.3996,-0.9892,-0.3458,0.0456,-0.3003,0.4992,-0.9323,0.3608,-0.5005,-0.1127,-1.001,-0.4505,0.3133,0.2503,-0.4252,0.0663,0.6104,0.4758,0.0806,0.0922,0.0195,-0.0163,0.4804,0.3504,0.3809,-0.4123,-0.5013,0.5681,-0.0363,0.5689,0.0332,,,,,,,,
584,5644,108,6,cycling,-0.0601,0.5013,-0.0077,-0.0328,-0.0531,0.0746,-0.0215,1.3069,-0.1279,-0.1426,-0.6041,-0.0922,0.1643,1.3527,-0.2061,0.2486,-0.0466,0.0872,-0.0505,0.2989,0.237,0.3498,-0.2558,-0.1015,0.1199,0.1005,0.1027,-0.1308,0.2209,0.3671,-0.001,0.385,-0.1122,0.0804,0.0009,-0.0002,0.2304,-1.5956,-0.1105,0.2165,2.4799,-0.4595,0.2509,0.4968,-2.7588,0.4862,0.6467,-0.5581,-0.2251,-1.748,0.0682,0.579,-0.2805,0.3458,-0.8765,0.3755,0.7613,-0.3995,0.8421,3.7897,-0.4296,0.1508,0.2602,-0.9324,4.8311,-0.4997,-1.5695,0.4673,0.3005,2.9635,7.9281,1.8523,0.4016,-0.9499,-0.3504,0.749,0.3405,0.4127,0.3015,-0.7689,-0.5504,-0.5005,0.2171,-0.0473,-0.3805,0.6556,0.2244,0.3649,-0.4504,-0.4008,0.0477,0.4687,0.3208,-0.3149,-0.4123,-0.5249,0.8754,0.0515,0.619,-0.1436,0.0,,,,,,,
585,5645,108,6,cycling,0.0103,-0.5015,0.0033,-0.0553,0.1093,-0.063,0.0437,1.5062,-0.1378,0.0767,-0.7464,-0.0852,-0.1743,1.2639,-0.0941,-0.2584,0.2858,-0.2489,-0.3857,-0.2359,0.3621,0.2748,0.2956,0.3546,0.4954,0.021,-0.0506,0.3479,0.407,0.4731,0.1018,-0.1305,-0.4494,0.2165,-0.0442,0.1193,0.5587,-1.7598,-0.3012,0.0809,-0.9561,-0.3405,0.1005,0.2507,-1.6096,0.2807,0.0006,-0.2304,0.2603,-1.6591,0.2243,2.6988,0.2259,0.1506,0.768,-0.0709,0.3709,-0.6692,3.7772,5.8601,-0.9971,-0.1106,0.3508,4.8212,8.4991,-0.2209,-1.831,0.3606,-0.5754,1.0408,7.7301,-1.4012,0.1121,-0.8547,-0.4298,0.8751,0.3808,-0.0753,0.1024,-1.3006,-0.3205,-0.0643,0.02,-0.0642,-0.3646,0.6018,-0.001,0.4006,0.4504,0.1746,-0.0158,0.3996,0.3442,-0.5107,-0.0477,0.5007,0.7266,0.0684,0.739,0.3459,-0.0,,,,,,,
586,5646,108,6,cycling,-0.0589,0.6944,-0.1294,-0.0946,-0.0186,0.0415,-0.0043,0.2652,0.034,0.0632,-0.1658,-0.076,1.2053,2.3655,-0.0857,0.2584,-0.1772,-0.3856,-0.2482,-0.3721,-0.3374,-0.2822,0.3551,-0.4879,0.4734,-0.3971,0.2783,-0.4959,-0.7066,0.7845,-0.1102,-0.1198,0.1018,-0.0502,-0.0441,0.1127,0.6865,-1.8092,-0.0004,0.0606,1.7595,0.9985,0.1502,-0.1308,-1.545,-0.022,0.1002,-0.2506,0.2808,-1.6212,0.2253,3.6463,-0.3458,0.2244,0.3508,-0.4011,-0.7797,-0.8887,4.6776,7.9891,-0.3996,0.0803,0.3013,0.9027,-0.2205,0.3755,1.4998,-0.3708,-0.0498,1.9636,-0.2607,-1.7364,-0.3606,-0.4408,0.3649,-0.9325,-0.3403,1.0753,0.001,-1.2017,0.0663,-0.3004,-0.0002,0.2309,0.0661,0.8473,-0.0038,0.0291,0.0937,0.2167,0.0001,-0.3803,-0.108,-0.0408,-0.4005,-0.5504,0.5006,-0.0292,0.0453,0.039,,,,,,,,
587,5647,108,6,cycling,-0.0145,0.3262,0.0052,0.1061,0.0515,-0.1291,-0.1182,0.2554,0.0432,-0.1359,-0.0902,-0.0846,1.3577,1.2619,0.1858,-0.2067,-0.2768,0.3421,0.2347,0.2943,-0.2493,-0.0664,0.0749,-0.3348,0.5074,0.284,0.033,0.3862,0.397,-0.3687,-0.1019,0.1009,-0.1194,0.1106,0.0809,0.1129,-0.4437,0.8869,0.2208,-0.3009,0.8963,-0.7851,-0.2808,0.0505,-1.5783,0.0247,-0.1302,-0.6573,-0.3453,-1.6685,-0.2509,2.5699,0.2309,-0.0455,-0.7971,-0.2162,-0.3017,-0.3704,4.8097,-0.986,0.1509,0.2257,-0.0003,-0.4005,3.7586,0.4997,1.9622,-0.2602,0.4296,-1.7408,8.3752,1.7215,-0.9514,-0.3806,-0.4408,0.7617,0.3508,0.3994,0.0523,-0.9093,0.3206,0.3137,0.0286,0.4679,-0.0332,0.6004,-0.1206,0.3609,-0.2243,-0.4752,0.4015,-0.6503,-0.3403,0.6309,0.0995,-0.4505,0.4188,0.3441,0.5756,-0.5005,,,,,,,,
588,5648,108,6,cycling,0.0145,-0.7406,0.0552,0.1353,0.085,0.0928,0.0784,1.2667,-0.1062,-0.047,-0.6541,-0.0655,0.1742,1.1857,-0.2788,-0.1668,0.2381,-0.2039,0.0324,0.3799,0.0033,0.223,-0.256,0.2986,-0.021,-0.1105,0.1012,-0.3677,-0.4075,-0.3556,0.0506,-0.1191,-0.1126,0.0009,-0.1006,0.0404,0.2252,-1.4869,0.0809,0.2246,2.588,0.6693,-0.1305,-0.3017,-1.5978,-0.2304,-0.2203,0.4976,0.2506,-1.7983,0.3457,3.7464,0.3641,-0.3005,-0.8971,0.3754,0.3409,-0.6399,0.8501,4.9561,-0.4294,0.01,0.3503,-0.9896,-0.8745,0.9067,8.9217,0.2802,-0.3703,7.3991,0.4992,2.9718,0.9411,-0.8752,-0.4003,-1.821,-0.2162,1.8463,0.1027,-0.7671,0.4805,0.1509,0.0791,-0.4689,0.4506,0.6612,0.3809,-0.4016,0.2602,-0.0114,-0.4756,0.3207,0.5506,0.5759,0.6103,0.4409,-0.4704,0.4677,-1.0261,-0.3441,-0.0,,,,,,,
589,5649,108,6,cycling,0.0323,-0.7459,-0.0773,0.0155,0.0626,0.1162,0.0586,1.5857,-0.0842,0.0435,-0.5902,-0.1232,0.2546,1.3091,-0.1536,-0.0056,0.1838,-0.3428,-0.3783,0.229,0.2461,0.0941,-0.4953,0.4798,-0.4884,-0.0806,0.2778,0.3968,-0.6463,-0.6081,0.1005,0.457,-0.1304,-0.1106,0.0009,0.1011,-0.4493,-1.7977,0.1191,0.2308,2.8974,-0.7576,-0.0247,0.0508,-1.6595,0.0441,-0.01,0.8097,0.3409,-1.6788,0.2806,3.6952,0.5466,-0.4013,0.9996,-0.1509,0.3453,-0.2202,4.8567,7.9475,0.3641,0.1127,-0.3709,-0.2251,8.3004,-0.429,-1.5463,0.3503,0.3203,1.5494,9.8749,-0.5015,0.5004,-0.4504,0.2162,0.4671,0.5264,-0.617,0.2243,-0.619,-0.4803,-0.3758,-0.2507,0.3804,-0.3014,0.7009,-0.0943,-0.2608,-0.0672,0.0671,-0.3609,0.4001,-0.0606,-0.0661,-0.0681,0.6003,0.7502,-0.0953,0.8752,0.0761,,,,,,,,
590,5650,108,6,cycling,0.0145,-0.651,0.0056,-0.0534,0.0324,-0.0738,0.0637,1.4946,-0.1153,0.0462,-0.6821,-0.0844,-0.1654,1.1858,0.2782,0.0933,-0.3078,0.2557,-0.2948,0.284,0.2286,0.2355,0.1194,0.1003,0.3677,0.2698,0.3971,0.4795,-0.5931,0.6083,0.1309,-0.0004,-0.0225,0.1121,-0.1505,0.101,0.6661,-0.9969,-0.2259,-0.3008,2.679,0.847,-0.1102,0.2304,-1.7464,0.2209,0.0363,0.7588,0.0477,-1.638,-0.2803,0.3014,0.0505,-0.2608,0.3998,0.3454,-0.3407,0.2162,3.7987,5.8544,0.733,0.2244,-0.3643,4.3804,-0.8976,0.5757,7.9722,-0.3606,-0.3708,0.963,-0.3758,1.9411,0.2505,-0.7751,-0.0804,0.9216,-0.4508,-0.4295,-0.4019,-0.9318,0.4994,0.5509,0.1963,-0.6008,0.3206,0.6691,-0.4402,0.4165,-0.5003,-0.3253,-0.0759,0.4005,0.6505,-0.5384,-0.8356,0.4681,0.4118,-0.4751,0.4704,-0.3502,-0.0,,,,,,,
591,5651,108,6,cycling,0.0986,-0.7839,-0.0589,0.0375,0.063,-0.0846,0.028,1.5069,-0.0737,0.0158,-0.6411,-0.1479,-0.1555,1.209,0.3372,0.1766,-0.3468,-0.0053,-0.2787,-0.2557,-0.2404,0.2847,0.2656,0.4538,-0.1198,-0.0507,0.1109,-0.4074,-0.2307,-0.4311,-0.0803,0.0007,0.2163,0.1309,-0.1018,0.1009,0.1122,-1.7795,0.4492,-0.2203,0.9767,-0.4883,0.2806,0.5949,-1.9993,0.636,0.2605,0.7081,-0.3017,-1.6591,0.5418,2.8568,-0.9419,-0.3454,-0.732,-0.3005,0.4018,0.7635,3.8861,4.3403,0.9862,-0.1506,-0.3804,-0.4002,-0.8423,-0.966,2.4997,-0.3998,-0.4753,0.2251,-0.8211,-1.3502,0.5757,-0.5002,0.4408,0.4504,0.2243,0.9666,0.001,-0.7689,-0.4252,-0.6505,0.2506,0.3603,0.0332,0.6163,0.3646,-0.4292,0.0182,-0.3754,-0.3708,0.4806,-0.7506,-0.9676,0.5663,-0.6005,-0.6556,0.3205,0.7752,0.0753,,,,,,,,
592,5652,108,6,cycling,-0.0791,0.355,-0.1297,-0.1636,-0.0848,0.0933,-0.0699,0.1353,-0.0103,0.0068,-0.1843,-0.1521,1.2749,1.2859,-0.2062,-0.377,0.2694,-0.229,-0.3482,-0.2557,-0.2988,0.2373,-0.3066,0.0589,-0.3852,-0.0807,-0.0504,0.0431,-0.1012,-0.0219,0.3979,0.1507,-0.1002,0.0008,0.1102,0.4493,0.4581,-1.5464,-0.2205,-0.4741,2.7872,-0.5586,-0.1198,0.1122,-1.6587,-0.2254,-0.0759,-0.6983,0.2603,-1.6375,-0.568,0.9858,-0.846,-0.4012,-0.7467,0.1303,0.3648,-0.7785,0.3002,-0.3993,0.7634,0.2165,-0.3457,-0.4757,3.9568,0.3406,4.5507,-0.4679,-0.4299,0.9632,7.3608,0.4403,-0.3754,-0.4007,0.4689,0.2808,0.3807,0.6242,-0.039,-1.2508,0.0453,-0.3013,-0.0117,-0.1792,0.2304,0.7687,-0.3506,-0.2244,0.0158,0.0846,0.3441,-0.4506,0.0155,0.3113,0.0455,-0.4994,-0.5164,0.3205,-0.0332,,,,,,,,,
593,5653,108,6,cycling,-0.1362,0.7233,0.0048,0.1259,0.0157,0.0986,-0.0315,1.3099,-0.0784,0.0549,-0.5834,-0.0435,-0.1655,1.2988,-0.1852,-0.2275,0.209,-0.0845,-0.2556,-0.2482,-0.3376,0.3947,-0.064,0.3787,0.2854,0.2638,-0.0508,0.1015,0.1121,-0.0225,0.0404,0.119,0.1005,0.0003,0.1306,0.0202,0.6465,-1.7842,-0.5077,0.437,2.8966,3.9895,-0.2207,0.2802,-1.731,-0.2169,0.3209,0.8061,0.6791,-1.6092,-0.6853,-0.8569,-0.1106,0.7428,-0.2603,0.3402,0.3804,0.4009,-0.3007,-0.3457,-0.7981,0.2254,0.3997,-0.7216,-0.9639,0.429,4.838,0.3704,-0.1509,1.5758,0.9415,-1.4992,-0.9317,-0.8753,7.3605,1.9719,-0.5003,11.5489,-0.0807,-0.7184,1.4759,-0.4509,-0.3759,0.2505,9.3017,0.6506,0.5681,-0.0661,8.9141,1.3647,0.3502,3.4113,0.0473,-0.2303,-0.6005,-0.7706,3.6554,-0.4018,-0.8122,0.0672,,,,,,,,
594,5654,108,6,cycling,0.0401,-0.6209,0.0849,-0.1293,-0.1373,-0.1722,0.0986,1.4839,-0.0098,-0.055,-0.5799,-0.207,0.2744,1.2982,0.2346,0.2407,0.3747,0.0318,0.2659,-0.0625,-0.2851,-0.028,-0.3096,-0.3538,-0.336,-0.1108,-0.0505,0.3655,-0.3462,-0.0009,-0.101,0.434,0.1305,0.119,-0.0807,0.1002,0.1124,-1.6489,-0.2505,-0.3011,2.4558,-0.5475,0.2807,-0.2205,-1.6867,0.3703,0.3644,-0.8877,-0.6566,-1.7469,0.2166,3.5212,-0.789,0.561,-0.3995,0.7963,-0.4298,-0.3456,7.8319,4.8723,-0.4001,-0.1001,0.3209,-0.7212,-0.2602,0.9417,-3.8443,-0.3405,-0.4679,0.8411,-0.4403,-2.9744,0.2302,-0.8544,0.1503,0.7652,-0.4991,1.0642,-0.2251,-0.9539,0.8695,-0.4172,-0.3802,-0.4013,0.4757,0.6891,0.3251,0.3508,0.4809,0.0473,0.3001,0.5508,-0.6502,0.7502,-0.4502,0.3441,-1.7177,0.4702,-2.839,,,,,,,,,
595,5655,108,6,cycling,-0.0561,0.5937,0.0052,0.0141,0.1249,0.1634,0.0867,1.4726,-0.0645,0.0009,-0.7542,-0.1536,-0.2854,1.2484,0.2743,0.1803,-0.0798,0.2291,-0.2981,0.3823,-0.3039,0.0956,-0.2574,0.0469,-0.4076,0.3582,0.0212,0.4462,0.3332,-0.5066,0.0809,0.1105,-0.1308,-0.0171,-0.1192,0.1009,0.5877,-1.4853,-0.1503,-0.3017,-0.8889,0.6483,0.2302,-0.0506,-1.7057,-0.2259,0.3002,0.7973,0.3992,-1.638,-0.2605,2.6597,-0.6893,-0.6085,-0.7899,0.2503,0.3452,0.1129,3.9045,4.722,0.9516,-0.101,-0.4003,-0.8711,-1.4808,-0.2164,-1.9622,-0.4678,0.3804,-1.914,-0.865,0.4291,-0.4408,-0.8755,0.3405,0.9439,-0.5756,1.0663,0.3206,-0.7674,0.2808,-0.4152,-0.0117,-0.0603,0.0442,0.6692,0.4503,0.4753,-0.3702,0.3644,0.5003,0.7509,0.5506,0.4702,0.4161,-0.2244,0.8482,0.0394,0.3757,0.4016,,,,,,,,
596,5656,108,6,cycling,0.0943,-0.6103,-0.0531,-0.0149,0.0637,0.0023,0.0852,1.4838,-0.1354,0.0772,-0.7851,-0.1914,0.1645,1.269,-0.2957,-0.1759,-0.3582,-0.2453,-0.442,-0.2786,-0.2821,-0.3655,-0.3391,0.306,-0.405,-0.037,-0.1012,0.0464,-0.0212,-0.1307,-0.119,0.0504,0.0007,-0.1503,0.1027,-0.1006,0.5699,-1.3979,0.0807,-0.468,0.8875,0.6887,0.1129,0.2165,-1.6966,0.3004,0.2602,0.9893,-0.5861,-1.6781,0.4016,0.7774,0.636,-0.6583,0.8515,-0.1109,0.3405,-0.8976,2.9562,3.2205,-0.3753,0.2243,0.3646,4.8475,7.9722,0.2258,-0.8492,0.733,-0.3014,0.3459,8.4997,-0.9423,-0.3998,-0.3803,-0.5509,1.4298,-0.3604,-1.5757,0.2506,-0.8759,0.0606,-0.4506,0.2806,-0.0709,0.3207,0.6602,0.2304,-0.3704,0.3509,0.4756,-0.4682,0.6005,0.4008,0.5014,-1.4406,-0.6153,1.5009,-0.1207,-1.6503,-0.4674,,,,,,,,
597,5657,108,6,cycling,0.0532,-0.8142,0.0103,-0.1154,-0.041,-0.157,0.0082,1.3686,-0.0981,-0.0613,-0.6669,-0.0852,-0.3064,1.209,0.0718,-0.2748,-0.2899,0.2542,-0.1937,-0.2231,0.3467,0.2656,0.2983,-0.4063,-0.028,0.1105,0.1308,0.1017,0.0507,-0.4546,-0.0806,0.3855,-0.3953,-0.1192,0.2302,0.1129,0.4976,-1.5947,-0.5084,0.5789,2.8544,0.7958,-0.6093,0.3457,-1.6877,0.3644,-0.0005,0.6595,0.2162,-1.7573,-0.3756,3.3002,-0.2608,-0.2806,0.9788,-0.2202,-0.7898,-0.3704,4.0404,0.8733,0.6211,-0.1504,-0.2241,-0.7427,8.7213,-0.3508,7.9437,-0.9623,0.2254,2.8753,13.4014,-0.7204,0.3993,-0.4671,0.0332,-0.9214,0.4648,0.3408,0.2506,-0.9452,-0.3808,0.4297,-0.3209,0.0591,-0.0455,0.7504,0.1002,-0.0606,-0.3251,-0.0973,0.3604,-0.4608,-0.5506,0.301,-0.4809,-0.0477,-0.8013,0.0702,0.4751,0.0,,,,,,,,
598,5658,108,6,cycling,0.1352,-0.7733,0.0554,-0.0432,-0.0325,-0.1073,0.0169,1.4567,-0.0858,0.0035,-0.689,-0.1257,-0.2653,1.1461,0.1607,0.2949,0.1742,-0.0655,0.3878,-0.2421,0.3039,-0.2872,-0.094,0.4831,0.3482,0.0506,0.367,0.0216,0.461,0.4737,0.0006,0.1013,0.1109,0.1194,0.1129,0.0809,0.5044,-1.6689,0.1305,0.2302,-0.598,0.3018,0.2209,-0.2803,-1.6488,-0.2244,0.2253,0.3002,-0.6084,-1.6599,0.1006,2.2162,0.4006,-0.7593,-0.9727,-0.2509,-0.626,-0.3998,3.7629,4.2605,-0.3402,0.1503,0.0473,-0.9896,0.7987,0.8567,-0.8318,0.3753,0.3457,-0.7419,7.9499,0.7752,-0.3508,-0.9527,-0.3643,0.6002,0.4752,0.7266,-0.0051,-1.4502,0.3251,0.4994,0.0056,0.0672,0.3608,0.5663,-0.0852,0.3206,0.0682,-0.0662,0.3804,-0.5754,0.4408,0.7406,-0.4689,0.0709,-0.3708,0.4806,0.7382,-0.3443,-0.1617,,,,,,,
599,5659,108,6,cycling,-0.0109,0.7266,0.0089,0.0512,-0.0696,0.0854,0.0773,1.3314,-0.0329,-0.026,-0.5869,-0.1374,-0.1546,1.3428,0.1866,0.1619,-0.1753,-0.3068,0.269,-0.0475,0.1014,0.2559,0.2742,-0.2457,-0.3744,0.1109,-0.0008,-0.4861,-0.4765,-0.3985,0.1122,0.1308,0.3635,0.1193,-0.0509,0.1003,-0.494,-1.887,-0.1506,0.2808,-0.8467,-0.5591,-0.2252,-0.2246,-1.5052,-0.3011,-0.3007,-0.7797,0.6476,-1.8093,0.2303,2.5601,-0.7898,-0.3996,0.6399,-0.7982,-0.9427,-0.4018,3.8317,4.9562,0.874,-0.1024,-0.3805,-1.3709,7.726,-0.8628,1.7808,0.2169,-0.3751,-0.5757,8.4164,1.5009,0.3642,-0.7509,-0.3509,-0.3606,-0.4294,0.5264,-0.0406,-0.8753,-0.0473,0.4757,0.0892,0.4503,-0.2602,0.6554,-0.4408,0.2207,-0.3406,-0.3251,0.4709,0.4003,-0.3453,0.4165,0.3441,-0.5506,0.4689,-0.0477,0.3207,,,,,,,,,
600,5660,108,6,cycling,-0.0106,0.7367,-0.0432,0.0552,0.0046,-0.1255,-0.032,1.3953,-0.1093,-0.0942,-0.6563,-0.1454,-0.0783,1.4561,-0.0859,-0.1716,-0.3041,0.2489,-0.3481,-0.2787,-0.2347,0.3672,-0.3885,0.2988,0.2695,0.0211,0.1105,-0.5067,0.3769,0.4958,0.1018,0.3556,0.0803,-0.0502,0.1194,-0.1009,0.444,-1.7851,-0.0495,0.2241,2.7096,0.5791,-0.2505,0.0007,-2.7984,0.1303,-0.1129,-0.4882,-0.2202,-1.6477,0.2302,3.9475,0.2602,0.6862,-0.3459,-0.3708,0.2167,0.2257,4.9099,-0.6697,-0.8086,-0.2807,0.4807,5.7311,8.0684,0.7699,7.4757,-0.3403,0.3802,2.9892,9.3648,0.8122,-0.4677,-0.6556,0.3006,-0.5692,-0.4272,0.5695,0.0702,-0.7689,-0.4293,0.1508,-0.3206,-0.5276,0.0641,0.6068,-0.3991,-0.1744,0.3752,-0.1291,0.0755,-0.4002,-0.3605,0.3506,0.6509,0.5004,-0.3282,-0.4013,-0.4996,-0.08,,,,,,,,
601,5661,108,6,cycling,0.1361,-0.7382,-0.0327,0.1744,0.1051,-0.0063,-0.0853,1.2067,-0.0791,-0.0146,-0.5856,-0.1235,0.2632,1.2496,0.2915,-0.1948,-0.1899,-0.0905,-0.2825,0.4537,0.0623,-0.1194,-0.045,-0.023,-0.3634,-0.1122,-0.1015,-0.5589,0.3359,0.4742,-0.4077,0.4984,-0.3898,0.2205,0.0003,-0.1002,-0.6492,-1.7875,-0.1303,0.2257,2.579,0.6972,0.0804,0.0507,-2.666,0.0606,0.1027,0.6887,0.2603,-1.8052,0.3991,0.767,-0.7954,-0.3454,0.3808,-0.0682,-0.3759,-0.6588,3.4016,4.3007,0.8325,-0.1506,-0.7422,1.2161,-0.8547,0.4993,7.2803,-0.3708,0.4297,8.9401,0.7364,-1.9726,-0.5008,-0.8636,-0.0477,-1.9518,0.3405,-0.8213,0.1103,-0.9506,-0.5503,-0.4007,-0.3209,0.6003,0.3019,0.7509,-0.4758,-0.3503,-0.2502,-0.0186,-0.5757,0.4807,0.2305,-0.4702,0.739,-0.2244,-0.4402,0.0723,-1.0455,,,,,,,,,
602,5662,108,6,cycling,-0.0763,0.6634,0.0052,0.1089,0.0179,-0.1656,-0.1272,0.8117,-0.0626,0.0823,-0.3853,0.0429,1.0517,1.4796,-0.0315,0.2458,0.274,0.2593,0.3628,0.2071,0.0941,-0.3055,0.3397,0.3212,-0.4973,-0.3562,-0.3768,0.4492,0.4583,0.6587,-0.0215,-0.2259,0.3982,0.1192,0.1309,0.1015,0.6795,-0.7764,-0.0509,-0.1106,0.5981,0.4699,0.0008,0.1006,-1.545,0.2167,0.2808,-0.4885,-0.2202,-1.6986,0.3704,3.704,-0.8075,-0.2504,-0.3018,0.3609,0.3998,0.8878,4.5759,2.7675,0.3459,-0.0806,-0.1508,-1.9884,-2.3756,0.4753,-2.7421,-0.3802,-0.3508,-0.7709,-2.5002,-0.9436,0.3207,-0.3004,0.5503,0.3643,-0.3143,-1.1127,0.02,-1.2607,0.0702,-0.4007,0.2244,-0.4406,-0.3408,0.7459,0.059,0.3251,-0.0157,-0.2307,-0.4504,-0.4187,0.4991,-0.4702,-0.8348,0.0993,-0.4299,0.2173,-1.4808,-0.0944,,,,,,,,
603,5663,108,6,cycling,-0.1461,0.7161,0.0043,-0.1773,0.0584,-0.0415,-0.0783,1.2749,-0.0846,0.0168,-0.5733,-0.0326,0.0619,1.4569,0.2082,-0.1632,-0.0928,0.2456,0.2548,0.3077,-0.0215,-0.2322,-0.3986,-0.3638,0.0508,0.1193,0.2972,0.595,0.3547,0.6799,-0.1009,0.0003,-0.3781,-0.0807,-0.0201,-0.1017,0.5558,-0.6598,-0.4085,-0.649,-0.4463,0.5475,0.1307,0.2203,-1.8966,-0.2167,0.1105,0.8852,0.1129,-1.6091,-0.2807,3.538,-0.3001,0.7093,0.8717,-0.3643,0.3606,-0.7974,2.7871,4.9799,0.626,-0.1506,-0.4004,-1.3454,2.9645,-0.7636,-0.4408,0.4018,-0.2607,-0.9416,8.4998,1.0495,-0.3757,-0.9568,0.3408,0.9604,0.3017,-0.5759,0.02,-0.8757,-0.3708,0.4683,0.2303,0.4504,-0.2251,0.5689,0.0642,0.4296,-0.2502,0.3992,-0.3206,0.5005,0.3251,0.5506,0.0995,-0.0606,-0.3803,0.4679,0.8486,0.3504,,,,,,,,
604,5664,108,6,cycling,0.0538,-0.6262,-0.1061,0.0692,0.0168,0.0465,0.0782,1.3549,-0.1257,-0.0023,-0.6053,-0.1346,-0.2484,1.2754,-0.1934,-0.2829,0.2599,0.3967,0.0903,0.2656,0.3689,-0.0851,0.1303,-0.3078,0.584,0.1126,0.3355,-0.6975,0.5083,-0.4863,-0.1103,0.4544,0.0215,0.1012,-0.0509,0.1192,0.3788,-1.9872,-0.4773,0.5941,2.768,0.7742,-0.0004,0.2243,-1.7986,0.2302,0.2251,0.8531,0.6693,-1.6118,-0.0803,3.521,0.7081,0.4299,0.5757,-0.2163,0.4679,-0.2603,-0.3015,4.4012,-0.2802,-0.2205,0.3503,0.9726,5.3705,0.7475,-2.9627,0.9021,0.4005,7.8735,8.4994,9.4503,-0.1502,-0.9591,0.3402,-0.9499,-0.3751,0.3454,-0.0441,-0.7672,0.3606,0.2506,-0.1002,-0.3441,0.0332,0.7008,-0.3804,-0.0829,0.0764,0.3991,0.3203,-0.4403,0.3007,-0.4687,-0.3649,0.4691,-0.5689,0.1659,-0.7308,0.4648,0.0,,,,,,,
605,5665,108,6,cycling,0.0415,-0.7282,0.035,-0.0891,-0.1259,-0.1423,0.1372,1.5865,-0.1147,0.0169,-0.7825,-0.0742,-0.0986,1.3676,0.0631,-0.2056,-0.1752,0.2657,0.0553,0.229,0.0054,-0.2855,0.3543,-0.3787,0.296,-0.0212,0.2789,0.3941,0.4967,0.4638,-0.1126,-0.3351,0.347,-0.0007,0.1306,-0.0509,-0.1109,-0.4594,0.4082,0.1015,2.4498,0.8468,0.2208,0.1194,-1.6485,0.4896,0.3009,0.798,0.1509,-1.7593,0.1003,-0.8877,-0.3704,-0.3403,0.6399,0.0809,-0.7466,-0.3649,0.9562,0.2309,-0.0684,0.2608,0.2251,3.9727,4.4298,0.4012,7.3603,-0.7325,0.2164,-2.923,8.8319,-1.4007,0.3015,-0.8757,0.5014,0.7689,-0.3805,1.2807,-0.0002,-1.3206,0.3994,0.5503,-0.0001,0.3502,-0.2241,0.6154,-0.3758,0.0661,-0.4758,-0.3251,-0.4809,-0.6505,0.4402,0.4673,-0.4997,0.2505,-0.4502,-0.3443,0.5008,-0.4682,,,,,,,,
606,5666,108,6,cycling,0.0043,-0.5134,-0.0873,0.0399,0.0189,-0.1716,0.0552,1.3568,-0.1147,-0.0721,-0.7077,-0.0937,-0.0432,0.2286,-0.1546,-0.2659,-0.0695,0.1851,-0.2442,0.2531,0.2861,0.2963,0.2754,-0.3957,-0.3491,-0.0214,0.3379,-0.4067,-0.3049,-0.6462,-0.1108,-0.3874,0.0509,-0.0007,-0.1027,0.3684,0.4844,-0.6956,-0.1197,0.1303,0.6087,0.655,-0.1502,0.0804,-1.5598,-0.1018,-0.2254,0.7558,0.8092,-1.6682,-0.3407,2.533,0.789,0.2603,0.2805,0.3013,-0.3642,-0.3703,3.8876,4.9655,-0.0343,-0.1129,0.2305,-0.3502,0.3452,-0.4993,0.9737,-0.4759,0.3757,0.8529,0.3008,-0.5759,-0.3807,-1.3996,0.9326,0.9762,-0.9433,0.2166,0.2202,-2.1004,-0.5502,0.5008,0.1959,0.0996,-0.2508,0.7505,-0.0544,0.0146,-0.0182,0.0946,-0.0441,0.4679,-0.3251,0.4503,0.0672,0.4004,-0.0661,0.0536,0.4709,-0.2243,,,,,,,,
607,5667,108,6,cycling,-0.0871,0.5017,0.0141,0.0549,0.0437,-0.0072,0.0797,1.2658,-0.142,-0.0962,-0.5743,-0.038,-0.2968,1.3469,0.2535,0.2373,0.1854,0.2461,-0.4428,-0.3348,0.0639,0.2763,0.4742,0.4538,-0.4056,0.119,0.3059,0.6077,-0.537,-0.028,0.1304,0.1013,-0.1102,-0.1003,0.0804,0.0006,0.6695,-0.5565,-0.0238,0.1509,2.8467,-0.8946,0.2209,-0.2508,-1.7593,-0.3207,0.5074,0.7634,-0.2259,-1.6486,-0.2302,3.8399,0.7988,-0.4017,-0.9099,0.2169,0.9891,0.2607,4.7894,-1.3014,-0.3007,-0.0507,0.2242,-0.3458,0.4505,-0.4759,-2.8719,-0.4294,0.2808,1.8501,0.4404,0.966,-0.3646,-0.4671,-0.4002,0.3804,0.5504,-0.3503,0.1024,-1.1122,-0.3756,-0.4117,-0.3402,0.0603,-0.4687,0.6104,-0.3705,-0.0886,-0.0953,-0.3447,0.3603,0.7752,-0.0993,-0.5752,-0.7706,-0.6001,-0.5695,-0.5006,-0.3998,-0.0,,,,,,,,
608,5668,108,6,cycling,0.0549,-0.7382,0.1089,0.0195,0.0056,0.0962,0.0697,1.4814,-0.1382,0.1203,-0.5546,-0.0842,-0.2972,1.3832,0.2898,0.0726,0.1725,-0.3073,0.229,-0.2391,0.0217,-0.3341,-0.344,0.0461,0.6047,-0.2786,0.3674,-0.3983,0.3768,0.455,-0.1129,0.2309,-0.3554,-0.0505,-0.1105,-0.0003,-0.4316,-0.6675,-0.1308,0.5859,0.878,-0.7867,0.1197,-0.4488,-1.7063,0.0809,0.2209,0.1015,0.2163,-1.6581,0.2809,2.7764,0.1508,-0.2257,0.5796,0.6985,0.8426,-0.7699,3.935,-0.7971,0.9427,-0.108,-0.2605,4.4291,9.3993,-0.3403,-1.9216,0.3458,0.3605,0.4406,7.8757,-1.5508,0.1003,-0.4804,0.4679,0.3004,0.3012,-0.3758,0.2506,-1.4012,-0.0663,-0.3508,0.0238,0.0854,0.2243,0.6661,0.3203,-0.0538,-0.0056,0.0145,-0.0495,-0.5757,-0.3647,-0.3705,0.4757,-0.4994,0.1234,-0.3257,-0.8122,0.0996,,,,,,,,
609,5669,108,6,cycling,-0.0149,0.5944,-0.0738,0.055,0.0321,-0.0845,0.0437,1.2094,-0.1354,-0.0639,-0.6677,-0.1541,-0.2786,1.3671,0.1864,0.0961,0.0082,0.2551,0.1943,0.2462,-0.2357,-0.3475,-0.296,0.3083,0.2698,0.0503,0.2855,-0.4073,0.3587,-0.1011,0.022,-0.1505,-0.1196,0.0548,0.0809,-0.0009,0.1102,-0.7084,0.1306,-0.1009,0.5847,-0.2606,0.1121,0.1111,-1.688,0.001,0.1024,0.7963,-0.3015,-1.6793,-0.3206,0.2257,-0.6956,0.3405,-0.6581,-0.2507,0.9989,0.8569,2.8896,4.789,0.3649,0.108,-0.2242,3.9514,-1.2807,-0.3708,-1.7475,0.3502,-0.2169,-1.4459,-0.9744,1.7675,0.2309,-0.922,-0.2202,0.3991,0.3454,-1.3136,-0.0001,-1.2018,0.4808,0.5757,-0.2014,-0.3001,-0.3606,0.6104,-0.1963,-0.0606,-0.3809,0.4502,0.0002,-0.4672,-0.4007,-0.4992,0.6002,-0.4012,-1.0249,0.3759,-0.8506,0.0148,-0.0,,,,,,,
610,5670,108,6,cycling,-0.0963,0.588,-0.0054,0.1252,0.1598,0.0102,-0.0589,1.2407,-0.1165,-0.033,-0.5548,-0.0879,-0.1426,1.2956,-0.0691,0.3349,-0.2821,-0.1927,-0.4483,-0.2067,-0.045,-0.2542,0.3785,-0.3673,0.4538,-0.1014,0.4095,-0.3492,0.3551,0.4799,0.0406,0.1191,-0.0504,-0.1127,-0.1106,0.0809,-0.649,-1.6697,0.1009,0.2603,-0.8468,-0.6972,0.0209,-0.1308,-1.5953,-0.2257,0.001,0.6093,-0.3707,-1.621,0.2169,2.5796,0.7877,0.7571,-0.399,0.3456,0.3004,-0.3406,3.7645,4.8886,-0.7424,0.0343,0.2303,-1.2503,5.8735,0.2209,-2.2806,-0.301,0.3808,-1.499,7.9438,-0.8213,0.4012,-0.4009,0.3752,0.4753,0.3503,-0.3641,0.0003,-1.1508,-0.3608,-0.4803,-0.1,-0.5005,0.4502,0.7018,0.0606,-0.0002,0.0546,-0.0856,-0.5752,-0.8756,-0.3205,-0.4679,-0.5695,0.5647,0.9451,0.0536,0.3247,0.3251,,,,,,,,
611,5671,108,6,cycling,0.0045,-0.7417,0.0553,0.0135,-0.0957,0.0734,0.1056,1.5564,-0.0475,-0.0508,-0.6513,-0.0632,0.1802,1.3772,0.2758,0.1642,-0.0851,-0.2959,0.2547,-0.2463,0.4023,-0.2661,-0.2891,-0.3067,-0.3876,-0.1502,0.035,-0.3633,-0.4893,-0.4439,-0.0004,0.1108,0.1198,0.1122,-0.101,-0.1305,-0.437,-1.5499,0.3015,0.3209,2.4977,0.6081,-0.2508,-0.1006,-2.7846,-0.3609,-0.2259,-0.6887,0.3457,-1.988,0.3005,0.6985,-0.3803,0.3647,-0.831,0.2603,0.2163,0.6682,-0.8467,4.889,-0.0477,0.2303,0.0804,3.8973,-0.7946,-0.9526,7.9439,-0.2807,-0.4503,1.9745,-1.8664,-0.4404,-0.2207,-0.9636,-0.5004,0.9213,0.4679,0.5663,0.0002,-0.8509,0.3997,-0.3133,0.02,-0.4252,-0.2244,0.719,0.0606,-0.0702,-0.1422,-0.0643,-0.4754,0.4016,0.5754,0.4702,-0.0756,-0.4298,0.5503,-0.0791,0.3751,-0.0,,,,,,,,
612,5672,108,6,cycling,0.0437,-0.6048,0.0189,0.1051,0.0954,-0.0856,0.069,1.3583,-0.1202,0.0553,-0.5846,-0.1662,-0.2432,1.3082,-0.1772,0.0723,0.2547,-0.384,0.2286,-0.2681,0.0504,0.2987,0.2763,0.2843,0.3391,0.0055,0.0399,-0.3677,-0.2803,-0.3979,0.0006,-0.3492,0.1006,0.1017,0.1195,-0.0002,0.4598,-1.4496,0.1106,0.0671,0.5974,0.4971,0.3015,0.1121,-1.7069,0.1303,0.2208,0.6476,-0.6852,-1.668,-0.6585,-0.8867,0.5793,-0.1503,-0.3458,0.3755,0.7895,0.3805,2.7573,3.2602,0.3007,0.0803,-0.2307,-0.2164,4.8423,0.3993,-1.6154,0.2505,0.4295,0.9428,8.9744,-0.9574,0.4403,-0.7005,-0.5004,1.5509,0.6504,-1.3503,-0.0406,-0.8004,-0.4751,0.4013,-0.0001,-0.2246,-0.3402,0.6014,-0.0102,-0.3203,-0.2259,0.4672,0.3257,0.8752,0.0663,-0.8482,0.4007,-0.4807,0.6005,0.4689,-1.4991,0.4505,0.3706,,,,,,,
613,5673,108,6,cycling,0.0515,-0.7308,0.145,0.0632,0.093,0.0052,-0.037,1.5561,-0.1172,0.0765,-0.6851,-0.1346,2.0199,1.4096,0.2458,0.2854,-0.2594,-0.2327,-0.3937,-0.2988,0.3553,-0.4583,0.0866,0.269,0.4491,0.3363,-0.0009,0.3638,0.5948,0.3481,-0.0217,-0.1191,0.046,-0.1012,0.1006,0.0507,-0.2307,-0.7743,0.4786,0.5764,0.9749,0.7469,-0.2205,0.2805,-1.7562,-0.1106,0.1129,0.7973,-0.3012,-1.6798,-0.5614,3.4005,-0.1505,0.2259,-0.2607,0.2243,0.3607,-0.3453,-0.878,4.9592,-0.8976,0.1302,0.7893,-0.8216,-0.8569,-0.5184,-1.6146,0.3709,0.4297,-0.3994,-0.3006,7.8552,-0.2504,-0.3753,0.4994,0.8499,0.3647,-0.2163,-0.0102,-0.9508,-0.4806,0.416,-0.0203,-0.4143,0.0684,0.5276,0.0829,0.0056,0.0152,0.0394,0.4508,-0.5154,-0.3402,-0.3508,0.8338,0.0704,-0.0803,0.4672,-0.6004,0.3253,,,,,,,,
614,5674,108,6,cycling,-0.0023,0.5937,0.021,-0.0146,0.0005,-0.0554,0.0625,1.4548,-0.0942,0.085,-0.6375,-0.0712,-0.0499,1.2949,-0.1617,0.2218,0.2068,0.036,-0.2456,-0.2658,0.2761,-0.3077,0.1197,0.0505,-0.2852,0.0352,0.1027,-0.3964,-0.3832,-0.3492,-0.0002,-0.1017,-0.1009,0.1505,-0.0157,-0.0188,0.1105,-0.4796,-0.0286,0.4479,2.7071,0.5594,0.0807,-0.1306,-1.8567,-0.0891,0.2162,0.7851,0.6672,-1.6587,-0.3454,0.3994,-0.2502,0.3753,0.8074,0.3503,-0.3708,0.3011,0.8976,-0.8419,-0.2259,0.1124,0.1024,-0.6981,3.9324,-0.8315,4.906,-0.3606,0.4008,7.8655,2.738,1.9897,0.3009,-0.4807,-0.0477,-0.9521,-0.2208,-0.2809,-0.0182,-0.7689,0.3643,0.4752,0.0114,-0.2242,-0.1253,0.6554,0.0552,-0.0558,0.0157,0.2308,0.039,0.3407,0.3443,-0.4681,-0.6003,-0.0642,0.0262,-0.0264,0.5015,0.0035,,,,,,,,
615,5675,108,6,cycling,0.1391,-0.7372,0.0032,-0.0414,0.0152,-0.0619,0.0737,1.3567,-0.0586,-0.1054,-0.5948,-0.1258,0.0834,1.2881,-0.034,0.2069,-0.1825,-0.3346,0.2456,-0.3064,0.2989,-0.3682,0.2361,0.2693,0.096,0.0216,0.0806,-0.1193,-0.2303,0.3949,-0.0509,0.2209,-0.1124,-0.0001,-0.1005,-0.1015,0.2164,-1.5538,0.2802,0.4479,2.4742,-0.9972,0.438,0.3015,-1.4563,0.1109,0.5792,-0.7083,0.5076,-1.6694,-0.3409,0.7468,-0.3451,-0.3705,0.7788,-0.3503,-0.7865,-0.8527,-0.9622,4.9897,-0.7316,0.2506,0.4297,-0.8727,3.3758,0.9568,5.2607,0.0709,0.3207,7.846,10.4017,-1.3993,-0.4004,-0.7509,-0.5006,-1.5134,-0.4759,0.0004,-0.2252,-0.7682,-0.5014,-0.9099,0.1307,-0.3139,0.1506,0.6717,0.3003,0.3648,0.4991,-0.0518,-0.3805,0.5757,-0.4807,-0.4252,0.5506,0.4505,-0.4143,-0.2246,-0.7754,-0.0,,,,,,,,
616,5676,108,6,cycling,0.0145,-0.7233,-0.0589,0.0461,-0.0063,0.0917,-0.1459,1.3356,-0.0783,-0.1323,-0.5847,-0.1531,0.1634,0.3094,-0.1869,-0.0878,0.2555,-0.2852,0.2693,-0.352,0.2979,0.0664,-0.2788,-0.2457,-0.0375,0.1192,0.1018,-0.1127,0.0656,-0.4036,0.025,-0.0509,-0.0004,-0.0231,0.0176,-0.007,-0.3872,-1.669,-0.3946,0.2304,0.8767,0.4484,0.1002,-0.1303,-1.6568,0.0606,0.1027,-0.4981,0.2608,-1.776,0.2242,-0.548,-0.2507,0.3751,-0.8699,-0.0804,-0.4007,0.3706,2.3005,3.9799,-0.1506,0.2204,0.2251,-0.8531,4.9635,-0.7401,-1.9895,-0.7323,0.3603,0.923,7.4993,0.7754,0.2163,-0.6556,-0.1106,-0.3012,0.0191,-0.3641,-0.2807,-0.7689,-0.0262,-0.4297,0.0001,-0.3504,0.3806,0.5121,-0.0846,-0.0184,0.2173,-0.4014,0.3443,-0.5003,0.5758,-0.4117,0.3402,0.3253,0.0264,-0.0846,0.4403,-0.0,,,,,,,,
617,5677,108,6,cycling,-0.0561,0.6549,0.0904,-0.1071,0.1203,-0.0695,0.0073,1.2077,-0.1558,-0.1154,-0.6437,-0.1802,0.2956,1.2627,0.1722,0.2386,0.0857,-0.0774,0.2459,-0.3343,-0.3536,0.2838,-0.2555,-0.0153,-0.4893,-0.1009,-0.1127,0.5082,-0.3078,-0.4067,0.1014,0.1191,0.0003,0.0809,-0.02,0.0509,0.2162,0.6891,-0.4579,0.1108,0.6663,0.2205,-0.4476,0.4797,-1.6099,0.3708,-0.1305,0.7551,-0.9869,-1.7084,0.2309,3.8096,0.8788,0.8981,2.8566,0.3403,4.2806,0.4992,0.3758,7.3009,0.4506,-0.3205,-0.301,-0.833,0.2505,0.4408,0.5757,-0.9027,-0.4018,-1.2603,-0.4298,-0.9437,0.2252,-0.6009,0.3998,0.8755,-0.3156,0.3505,0.2242,-0.7687,0.3456,-0.0606,-0.0856,0.1772,0.4006,0.6851,0.5001,0.4803,0.1508,-0.0477,0.3806,0.5505,-0.4759,-0.617,0.6503,-0.4671,0.3644,-0.0597,-0.6247,-0.0944,0.0,,,,,,,
618,5678,108,6,cycling,-0.0102,0.7385,0.0788,-0.0558,0.0697,-0.0941,0.0417,1.4063,-0.0868,0.0035,-0.6546,-0.1543,0.2556,1.3638,0.2055,-0.1827,-0.2859,0.0345,0.2484,-0.2693,-0.2954,-0.2361,-0.3976,0.3795,0.3496,-0.0008,0.1305,-0.4486,-0.3057,0.6049,0.1109,-0.479,0.1017,-0.001,-0.0803,-0.1122,-0.4891,-0.6972,0.2803,-0.5073,3.9851,-0.7081,-0.301,-0.1197,-1.538,0.2307,-0.2202,0.6499,-0.7475,-1.6783,-0.7879,2.0508,0.1508,-0.3649,0.6692,0.2253,-0.8977,-0.3007,4.623,-0.5757,-0.3506,-0.3605,0.3708,0.4013,-0.1009,0.4299,-2.9558,0.3454,-0.0709,0.9421,-0.2604,8.8717,-0.3409,-0.8567,0.5507,0.828,-0.4006,1.0603,-0.0528,-1.2012,0.3994,-0.2503,-0.2164,-0.5134,0.3752,0.719,0.3809,0.4407,0.4502,-0.3206,0.3253,0.5165,0.2244,-0.6505,0.5207,-0.0753,0.5647,0.0523,-0.4245,-0.0,,,,,,,,
619,5679,108,6,cycling,-0.0584,0.6416,-0.0146,0.0042,0.0726,0.0324,0.0645,1.4077,-0.1257,-0.0973,-0.5947,-0.0867,-0.1349,1.442,0.2343,0.2219,-0.2536,0.3578,0.277,-0.2968,0.2862,0.3352,-0.3854,-0.0465,0.3971,0.3475,0.4856,0.3785,0.3063,0.5591,0.0009,0.1005,-0.1103,0.028,-0.1014,0.1193,0.6094,-1.5895,-0.0804,0.0505,2.6961,0.5096,-0.2167,0.2246,-1.8976,0.2603,0.3019,0.8788,0.5399,-1.669,-0.2506,0.7499,-0.3756,0.4018,0.862,0.2305,-0.3509,0.1307,3.0291,0.3708,0.9722,-0.1503,-0.3453,4.3991,0.8319,-0.4298,7.7982,-0.3003,-0.9872,-0.5754,0.2253,-0.4403,0.4007,-0.1122,0.4753,-0.6009,0.4683,0.932,-0.0181,-0.7689,0.2209,0.1257,0.1959,-0.4679,0.5003,0.5648,-0.3403,0.4507,-0.5509,0.3137,0.3644,-0.8756,0.3209,-0.0709,-0.6502,0.3114,-1.2806,0.4709,0.8505,-0.4803,-0.0035,,,,,,,
620,5680,108,6,cycling,-0.0111,0.4368,-0.0735,-0.0068,0.0549,-0.0851,-0.0933,0.9292,-0.1254,-0.1062,-0.5092,-0.0619,1.2956,1.2752,0.2225,0.1721,0.3953,-0.2373,0.2857,-0.2693,-0.2403,0.3697,-0.3467,-0.4555,-0.3078,-0.0004,-0.0431,0.4032,-0.0211,-0.1309,0.0455,-0.0507,0.1506,-0.0803,0.1193,0.1126,0.4375,-1.5838,-0.4488,0.3018,-0.6694,0.479,0.1003,0.1012,-1.6583,0.1111,0.1027,0.0681,0.6059,-1.9986,0.2803,2.8769,0.3996,0.2304,0.1109,0.2205,-0.6471,-0.637,5.7776,4.74,0.8972,-0.2253,-0.2502,3.5752,7.9891,-0.7982,-0.8417,-0.4296,0.3803,-1.9623,9.9547,-1.3756,-0.3642,-0.4806,-0.3008,0.4995,0.3407,0.5276,-0.2606,-0.8547,-0.4674,-0.3209,0.3606,0.0702,0.0584,0.6103,0.4751,-0.0663,0.0856,0.3457,-0.4007,0.4508,0.4409,0.0753,-0.2162,-0.2242,-0.6502,-0.0682,0.3505,0.0684,,,,,,,,
621,5681,108,6,cycling,-0.1248,0.6355,-0.0561,0.1062,0.1159,-0.0699,0.0179,1.5077,-0.0943,-0.0073,-0.6849,-0.0764,-0.2854,1.3638,0.3057,-0.1652,0.1744,0.2271,0.2558,-0.0423,0.037,-0.0847,-0.2632,0.2769,0.1014,-0.0007,0.1109,-0.028,-0.1509,0.3541,0.0806,-0.3734,0.1197,-0.1308,-0.0504,-0.1122,-0.4546,-1.5675,0.4084,0.5598,2.679,-0.9566,-0.3405,-0.3208,-1.6063,-0.3804,-0.3709,-0.2608,-0.7634,-1.6592,0.3018,0.2259,-0.3752,0.8788,0.9634,0.7881,-0.8972,-0.3997,3.5757,4.2506,0.4017,0.1001,-0.2803,-0.835,7.9739,0.4407,3.4997,0.8635,-0.7475,1.9436,8.8567,-0.936,-0.2304,-0.8755,0.0755,-0.6552,0.4758,-0.4008,-0.0168,-0.7759,0.5506,-0.3646,-0.2161,-0.4803,0.0332,0.6103,-0.2244,-0.1003,0.0473,0.3452,0.5003,-0.3506,-0.4506,-0.3606,-0.0661,0.429,-0.0523,-0.2209,0.4671,,,,,,,,,
622,5682,108,6,cycling,-0.1092,0.6012,-0.0542,-0.0601,-0.0773,-0.0032,-0.0499,1.3897,-0.1549,0.1602,-0.7547,-0.1474,0.2681,1.2989,0.1825,-0.3058,0.1744,0.2035,-0.2754,-0.2343,-0.0941,0.2452,-0.0891,-0.0345,0.286,0.101,0.0009,0.3731,-0.3372,0.3463,-0.0508,0.3957,-0.1196,0.0806,0.1122,-0.1103,0.535,-1.6478,0.1506,0.1304,-0.889,0.4868,-0.1009,0.0586,-1.8095,-0.3015,-0.2208,-0.6667,-0.5961,-1.6598,0.2257,2.5583,-0.7071,0.7794,0.8567,0.2304,-0.7969,-0.8426,3.2167,4.3005,0.768,0.039,-0.3603,1.2802,-0.3703,-0.3508,2.963,0.2607,0.4294,-0.8213,-0.3643,0.9301,0.4018,-0.8717,0.0759,-0.3454,-0.4507,0.3404,0.01,-0.8757,-0.4992,-0.4005,0.0986,-0.3752,0.0549,0.6604,-0.0102,-0.3209,0.2504,0.0501,0.4705,0.5752,0.5005,0.4681,-0.3267,-0.4673,0.2241,-0.3441,0.5503,-0.0523,,,,,,,,
623,5683,108,6,cycling,0.0149,-0.5161,-0.0773,0.1397,0.159,0.0041,0.1093,1.442,-0.0414,0.0955,-0.7553,-0.0847,-0.1622,1.2986,0.173,0.1803,0.2346,-0.0558,-0.2463,-0.3977,0.2759,0.0219,0.2572,-0.0628,0.4542,0.3369,-0.1107,0.4856,0.3852,-0.3731,0.0506,-0.1129,0.1191,-0.101,-0.0006,0.0804,0.6885,-1.4081,0.1504,-0.3006,2.6065,-0.7976,0.3012,0.1004,-1.6782,0.2203,0.2164,-0.6491,0.5762,-1.7466,-0.3995,3.8087,-0.8971,0.3756,-0.7096,0.4008,0.4294,-0.2304,4.8898,8.4016,0.2509,0.2243,-0.2253,0.2806,9.7894,0.9516,7.3409,0.3206,0.1302,0.9963,10.3705,1.8422,-0.4409,-1.0477,-0.3508,-0.926,0.3641,0.4995,0.0002,-2.5006,-0.4751,0.5753,-0.1111,-0.0663,0.0642,0.7233,0.0052,0.2606,0.0854,0.3441,0.3604,0.4671,-0.4689,0.0332,0.6554,0.0759,-0.3457,0.0753,-0.619,0.0944,0.0853,,,,,,,
624,5684,108,6,cycling,-0.0052,0.7384,0.0141,-0.0556,-0.0431,-0.1048,0.085,1.2635,-0.038,0.0774,-0.6568,-0.0957,-0.1872,1.3475,-0.0696,0.2389,0.2558,-0.1929,-0.209,-0.3386,0.2463,-0.3878,-0.3681,-0.4976,0.0504,0.101,-0.0211,-0.1122,-0.3744,-0.3969,-0.0005,0.1196,0.1008,-0.1305,-0.001,-0.1107,0.4797,-1.9962,-0.0809,0.2307,2.4345,0.5598,0.2502,-0.1508,-1.6482,0.2163,0.3205,-0.536,0.5987,-1.737,-0.0473,-0.7954,-0.2204,0.2252,-0.8566,0.3004,-0.2805,-0.7761,3.6792,4.3015,0.3708,0.2603,-0.3505,-0.8312,0.8895,0.4017,7.4992,-0.3802,0.3458,0.3404,0.4409,-2.9436,-0.4677,-0.6006,-0.8421,-0.5009,0.3649,-0.9324,-0.0332,-0.7681,0.416,0.4752,-0.0002,0.4681,0.3605,0.8011,-0.0591,0.3253,-0.4292,0.4002,0.0515,0.5757,-0.0682,-0.399,0.5184,-0.5143,-0.5504,0.2244,-0.8753,0.0,,,,,,,,
625,5685,108,6,cycling,-0.0791,0.5695,0.0059,-0.0161,-0.0512,-0.0943,-0.0889,1.3937,-0.0435,0.1023,-0.5846,-0.1613,-0.2763,1.3073,0.1766,0.2656,0.2968,0.2071,0.2857,0.3421,-0.0655,-0.0508,0.2441,0.2599,0.038,-0.025,-0.1308,0.444,-0.4548,0.6064,-0.1012,-0.0809,0.2208,0.01,0.0004,0.1196,0.3898,0.8862,0.1106,0.2258,-0.4784,-0.6975,0.1005,0.1505,-0.547,-0.1122,0.2246,-0.6567,0.3751,-1.3013,-0.789,-0.5311,0.2808,0.3451,-0.3503,0.7977,-0.7638,0.2163,2.5751,4.8633,0.8569,0.2307,-0.3993,3.9745,7.9423,0.9568,0.7415,0.3003,0.4008,-0.4505,8.838,0.8737,0.9624,-0.8216,-0.4291,-0.4018,0.3808,0.4679,-0.2603,-0.8015,0.0996,-0.3703,-0.3644,0.0753,0.2504,0.7002,0.3406,0.0146,0.0332,-0.1551,0.4403,-0.6503,-0.5504,0.3606,-0.4702,-0.4803,0.4684,0.1406,0.0343,0.003,0.0292,,,,,,,
626,5686,108,6,cycling,-0.0886,0.5014,-0.0103,-0.0734,-0.0581,-0.0946,0.0466,1.4515,-0.1253,0.1352,-0.6568,-0.1406,-0.2491,1.2657,-0.1758,0.028,0.0049,0.2551,0.2832,-0.207,-0.2748,-0.2982,0.405,0.3879,0.309,-0.1013,0.1509,0.4798,-0.3393,0.3799,-0.0509,-0.1121,0.0804,0.1102,0.0008,-0.0789,0.1009,-1.4439,0.2258,-0.1194,2.566,-0.7869,0.3013,0.0363,-2.6483,0.2802,0.1308,-0.5977,0.0264,-1.7627,0.3402,0.5475,-0.5587,-0.6774,-0.3998,0.2207,0.2162,-0.3606,3.6328,-0.5756,-0.8894,0.2607,0.4403,1.3456,4.3759,0.4011,7.9715,-0.2507,-0.3208,2.3009,8.7224,1.8528,0.4004,-0.9527,-0.3709,0.7757,0.4165,-0.9404,0.2302,-0.9624,-0.3804,-0.846,-0.02,-0.4293,-0.0332,0.6892,0.4753,0.1466,0.0854,0.1404,0.0105,0.4677,-0.5509,-0.8139,0.6004,-0.4809,-0.4682,-0.0753,0.0608,0.0811,,,,,,,,
627,5687,108,6,cycling,-0.0933,0.3685,0.1332,0.0322,0.0792,-0.1758,-0.0854,0.9141,-0.0582,0.0157,-0.4546,-0.1251,1.3897,1.3553,-0.2844,0.1659,-0.2986,0.0073,-0.1941,-0.2789,0.2631,-0.3056,0.0224,-0.5579,0.6877,0.0499,0.0696,-0.3795,0.647,0.4791,0.1121,0.1006,-0.1305,-0.1012,-0.1104,0.0503,0.4963,-1.6783,0.119,-0.1507,2.8466,0.4843,-0.0008,-0.0205,-2.805,-0.0807,-0.0772,0.3405,-0.2508,-1.8887,-0.2167,0.7861,0.6071,-0.2258,0.6581,0.0759,-0.3646,0.6962,4.7627,3.9875,0.4002,-0.2202,-0.2603,-0.2304,-0.3991,-0.7435,9.3011,0.3603,-0.9022,7.4991,-0.3703,8.4292,0.5005,-0.2806,0.3754,0.8004,0.5124,0.7018,0.1024,-0.93,-0.3005,0.3208,0.0943,-0.5506,0.0594,0.6553,-0.2246,0.0408,0.4503,0.0756,0.3504,-0.0603,0.4677,-0.5138,-0.4754,-0.6504,-0.4016,0.4409,-0.4803,-0.0473,,,,,,,,
628,5688,108,6,cycling,0.1581,-0.7262,0.0761,0.0548,0.0891,0.1162,0.139,1.3068,-0.0439,0.0103,-0.5827,-0.0946,0.2486,1.2943,-0.1632,-0.1789,0.1806,0.3788,-0.3879,-0.3572,-0.2265,0.0082,0.4577,0.3685,0.4731,0.5066,0.348,-0.4074,0.4957,-0.9951,-0.4484,0.1003,-0.1197,-0.1102,-0.0503,0.0215,0.1122,-0.6797,-0.1507,-0.0008,2.6053,-0.6973,0.0809,0.2807,-1.7098,0.3018,0.2605,-0.5583,0.7554,-1.6364,-0.2308,4.8744,0.0661,0.5971,-0.5625,0.7893,0.4753,0.9531,3.2258,-3.9411,0.2209,-0.1011,-0.2162,-0.7675,-1.4502,0.9624,-2.6247,-0.3606,-0.3647,0.4406,-0.6161,-1.8578,-0.1307,-0.4672,0.2507,-0.3509,-0.3997,0.3756,-0.0001,-0.8008,0.3006,0.3457,0.1027,-0.3408,-0.0981,0.5752,-0.108,-0.0558,-0.0788,0.0928,-0.0642,-0.4002,-0.3441,0.4392,0.3705,-0.5648,0.4293,0.0995,-0.8759,0.3803,,,,,,,,
629,5689,108,6,cycling,0.0944,-0.6018,0.065,0.044,0.0534,0.0189,-0.0213,1.3552,-0.0043,-0.0505,-0.6857,-0.0845,-0.1521,1.3354,0.0399,0.2277,0.0746,-0.2551,-0.2773,-0.2959,-0.2362,0.4863,0.2436,0.3832,0.4928,-0.3039,0.2163,-0.4796,-0.6956,0.5895,-0.1305,-0.2205,0.3785,-0.0807,-0.1198,-0.1015,-0.6564,-0.6797,0.2309,0.2257,2.5591,-0.7972,-0.1104,-0.2504,-1.8092,0.301,-0.2802,0.6076,-0.537,-1.6687,0.3502,3.9475,0.2606,-0.7874,0.8893,0.4013,-0.3646,0.3998,4.3009,-1.8986,-0.5751,0.1027,0.4402,7.3757,8.831,0.4504,-2.9884,0.4297,-0.0759,-0.905,9.8754,-0.864,-0.3808,-0.5007,-0.1006,0.6005,-0.0004,0.5508,-0.02,-0.7684,0.0264,-0.3403,-0.0002,0.3447,0.1129,0.6631,0.2246,-0.1502,-0.3251,0.1206,-0.0606,-0.4674,-0.0672,-0.0642,-0.4805,-0.0752,0.4687,0.3203,-0.3451,-0.0,,,,,,,,
630,5690,108,6,cycling,0.0035,-0.7382,0.0142,-0.141,0.0225,-0.036,0.0848,1.4463,-0.0552,0.0957,-0.5955,-0.0717,-0.2873,1.1646,0.2694,0.2743,0.0623,0.2458,0.2986,-0.3075,0.0505,-0.2279,0.0468,0.3788,0.4962,0.4766,0.3951,0.7767,0.3854,0.6498,0.0007,0.119,0.3661,0.0001,-0.1014,-0.1004,0.4074,-0.5069,0.4541,-0.1102,3.7699,2.8965,0.2251,-0.3007,-1.8056,0.3648,0.3451,-0.3014,-0.2202,-1.7053,-0.2162,-0.835,0.3207,-0.3505,-0.3803,0.3605,0.3758,0.3708,-0.9739,-0.2309,0.959,0.0803,-0.4807,-1.4007,4.8522,-0.878,-3.4016,0.4293,-0.4991,-0.7893,9.8157,-2.7215,0.4175,-0.968,-0.9217,0.914,0.4677,-0.5249,-0.1509,-0.8751,-0.1306,-0.5753,-0.2246,0.8426,1.0384,0.5506,-0.2507,-0.0149,1.0264,-0.3404,-0.2602,-0.0752,-0.4684,0.0663,-0.8491,-0.3998,-0.4502,0.1129,0.5207,0.0036,,,,,,,,
631,5691,108,6,cycling,-0.0549,0.6855,-0.0054,-0.0694,0.0104,-0.0746,0.036,1.507,-0.1172,0.1323,-0.7719,-0.0879,-0.1864,1.3417,0.1558,0.023,-0.2753,-0.0928,0.2265,-0.2948,-0.2697,0.2436,0.3925,-0.3581,0.3786,-0.0503,0.1196,-0.3332,-0.3843,0.4563,0.0006,0.1009,0.1102,-0.1014,0.1305,-0.0798,0.4071,-0.5799,-0.2205,0.2259,0.668,-0.4467,-0.1121,-0.01,-1.5982,-0.0807,-0.0493,0.6975,0.2163,-1.5655,0.2309,0.8893,0.7873,-0.3995,-0.8976,-0.1509,-0.4005,0.3754,0.3458,3.9622,-0.7426,-0.108,0.3402,2.9035,4.8737,0.4013,1.833,-0.2244,0.4406,1.4297,7.3009,1.8751,-0.8512,-0.9519,-0.5751,0.9062,0.2504,-0.4187,0.2608,-0.7684,-0.3017,-0.419,-0.02,-0.3207,0.0642,0.7459,-0.3808,0.3251,-0.0942,0.0529,-0.2807,0.5695,0.0756,-0.4751,0.3603,0.3509,-0.8013,-0.0363,-0.617,-0.0973,,,,,,,,
632,5692,108,6,cycling,-0.0531,0.6083,0.0169,0.0762,0.0049,0.0615,-0.0955,1.3043,-0.0853,0.0344,-0.5902,-0.047,0.1661,1.2448,0.2391,0.1832,0.2754,-0.2225,-0.384,-0.2873,0.3952,-0.4798,0.3676,-0.348,0.4537,-0.2658,0.0508,0.3357,-0.1505,0.5635,0.1015,0.2606,-0.2505,0.1124,0.1198,-0.1008,0.6597,-0.6484,0.0003,-0.1306,2.6846,-0.7499,0.0001,-0.01,-1.6795,0.0,0.0002,0.8975,-0.3011,-1.722,-0.3758,-0.7986,0.6671,-0.2166,-0.6311,-0.0807,0.2305,0.2253,0.7785,0.3454,0.2209,0.1027,-0.1001,3.3002,4.8887,-0.4018,2.9639,-0.0247,-0.3647,3.7894,7.8756,1.5408,-0.4008,-0.1104,0.2809,0.3998,0.9301,-1.3804,0.2246,-1.3206,-0.4991,-0.3403,0.0892,0.5134,-0.3609,0.8551,-0.4408,-0.5005,-0.4293,-0.4189,0.6001,0.5695,-0.4802,-0.5509,-0.839,-0.4106,-0.4504,-0.3509,0.7757,0.3706,0.47,,,,,,,
633,5693,108,6,cycling,0.061,-0.5161,0.1391,0.1541,0.0586,0.1855,0.0872,1.4035,-0.032,0.0107,-0.706,-0.1254,2.3498,0.1659,0.2442,-0.2853,0.1744,0.2268,0.3351,0.3983,0.2632,-0.3075,0.0961,0.5058,-0.2702,-0.2946,-0.3789,-0.3856,-0.0063,-0.0436,0.1017,0.1003,0.1124,-0.0508,0.0008,0.1196,0.4399,-0.6482,0.4985,0.5793,0.8869,0.6681,0.2302,-0.1302,-1.6594,-0.4847,0.2207,0.3403,-0.768,-1.6777,-0.3754,4.747,0.7873,-0.7907,0.3805,-0.2163,-0.3005,0.1509,3.8712,7.4019,-0.4008,0.3019,0.2508,-0.5223,-0.847,-0.3994,-2.904,0.9617,0.3452,-2.3708,-0.3208,-0.839,-0.4409,-0.8754,0.3508,0.6558,-0.3641,1.5754,0.1109,-0.8656,-0.9514,-0.0608,0.2807,0.0804,0.3605,0.5164,-0.5004,-0.2241,0.0983,-0.2251,0.6002,0.9718,0.5507,-0.6506,-0.2608,0.0606,-0.7808,0.4118,-0.5276,0.4991,,,,,,,,
634,5694,108,6,cycling,-0.0534,0.3277,-0.0103,-0.0772,-0.0635,-0.0051,-0.0946,1.3389,-0.0845,0.0417,-0.6856,-0.1821,-0.365,1.394,-0.2853,-0.2552,-0.2295,0.2354,0.2479,0.3788,0.2927,0.3075,-0.2638,0.4484,0.4786,0.1129,0.4957,0.4399,-0.6542,0.7794,0.0211,0.1306,0.119,-0.1012,0.0008,-0.1009,0.0505,-1.7848,0.0809,0.2603,0.5982,0.559,0.01,0.0292,-1.6064,0.1103,-0.02,0.2243,-0.6798,-1.587,0.3403,2.8517,0.3014,0.638,0.7466,-0.3452,-0.6971,0.5759,3.8715,4.768,0.2803,-0.2251,-0.2166,7.1506,8.9319,0.733,1.5663,0.3607,0.2302,-0.9458,9.3994,1.8489,-0.3707,-0.7759,0.3003,-0.9722,0.0455,-0.2506,-0.2205,-0.9635,0.3808,0.3506,-0.2171,0.4502,0.0854,0.7117,0.3649,0.4751,-0.1421,-0.0608,0.3447,0.4674,0.4408,0.0332,-0.4687,0.0477,0.4188,0.3752,0.4994,0.4005,0.1417,,,,,,,
635,5695,108,6,cycling,-0.0052,0.6501,-0.0746,0.0694,0.0569,0.034,0.093,1.5534,-0.1572,-0.1479,-0.6056,-0.1329,-0.1857,1.3736,-0.2402,0.0858,-0.2068,0.2278,-0.2761,-0.0499,-0.2364,0.2526,0.4548,-0.4489,0.2893,0.1102,0.3862,0.1126,0.3975,0.4953,-0.01,-0.2205,-0.1009,-0.119,-0.1014,-0.0505,0.597,-1.9891,0.438,0.2166,2.6663,-0.8747,-0.0803,0.2806,-1.7773,0.2308,0.1509,-0.6782,-0.5429,-1.745,-0.399,0.5758,0.3454,-0.4002,0.2606,0.3506,-0.3647,-0.3015,3.9027,0.8413,-0.1307,0.0003,0.3203,-0.8567,4.8876,-0.8326,7.4298,0.4671,0.9539,8.8622,11.9633,1.9666,-0.3706,-0.8753,-0.0753,1.9723,0.4508,-1.2508,0.2259,-1.0262,-0.4017,-0.3603,-0.0002,0.3807,-0.0744,0.7506,-0.0473,-0.0332,0.0202,-0.1792,-0.0052,0.5341,0.3403,0.4703,-0.0608,0.3755,-0.0704,-0.1379,0.3002,0.0027,,,,,,,,
636,5696,108,6,cycling,-0.0788,0.588,-0.0562,0.0942,-0.0154,0.041,-0.1141,0.4463,-0.0033,-0.0328,-0.1434,0.0479,0.177,1.4036,0.2286,0.0851,-0.1857,-0.0629,-0.3927,-0.2346,-0.3785,0.4573,0.3556,0.5083,-0.2526,-0.0504,-0.0007,-0.3087,-0.3891,-0.1109,-0.0225,0.4961,0.4789,-0.1018,0.1309,0.0807,-0.4864,-1.6972,0.3017,-0.2607,2.9868,-0.6684,0.1002,0.3009,-1.5953,0.2309,0.2207,-0.5552,-0.3452,-1.6782,-0.7596,0.2252,0.6099,0.7779,0.9465,0.1126,-0.3993,0.4014,0.7624,0.7436,0.5752,-0.1505,-0.2241,-1.7897,4.8754,-0.9029,3.9328,-0.3643,0.3408,1.5505,8.3708,-0.9514,0.3606,-0.4805,-0.4408,0.1193,0.5688,-0.0477,-0.0359,-0.8504,-0.3754,0.0661,0.0002,0.2161,-0.0682,0.7682,0.2509,0.3209,-0.3253,-0.1692,-0.2806,-0.499,0.4001,-0.4298,0.6508,0.3442,0.3282,-0.3809,0.4123,0.0712,,,,,,,,
637,5697,108,6,cycling,0.0112,-0.7391,0.0046,-0.1491,-0.1057,-0.0853,-0.044,1.5554,-0.1352,0.0638,-0.6679,-0.0783,0.3589,1.1623,-0.2082,0.2405,0.365,0.1922,-0.0973,0.2597,-0.0345,-0.3068,0.2841,0.3467,0.4727,0.2631,0.4437,0.5969,0.8839,0.4832,0.1305,0.3343,0.1106,-0.0214,-0.039,-0.0506,-0.1197,-0.5887,-0.1503,0.0004,0.7475,0.7098,-0.1127,-0.001,-1.4972,0.02,-0.1111,-0.3003,-0.1018,-1.6095,0.2602,2.8516,-0.3012,0.2243,0.7892,0.3459,0.8061,-0.6584,3.6499,4.7793,-0.9439,0.0804,0.4992,1.3408,0.3753,-0.5758,-0.7619,-0.3709,-0.3994,0.3508,-0.3643,-1.865,-0.4006,-0.2253,0.3806,0.5505,-0.2808,0.2203,0.0002,-0.9639,0.4706,0.4753,-0.2303,0.1004,0.2503,0.7005,0.0455,-0.0986,0.0477,-0.2167,-0.0663,0.5164,0.3257,0.3609,-0.4689,-0.4807,-0.4011,-0.1654,-0.4293,0.1393,,,,,,,,
638,5698,108,6,cycling,-0.1048,0.65,0.0774,-0.0849,-0.0105,0.1156,0.035,1.4055,-0.1706,-0.1245,-0.6047,-0.1554,-0.2872,1.2983,-0.2653,0.1643,-0.3552,-0.2284,0.1927,-0.2091,0.028,0.0904,-0.2389,0.3976,-0.3342,0.367,-0.0004,-0.5941,-0.5861,-0.3466,-0.0505,-0.3846,0.1198,-0.1305,0.1103,0.0806,0.3782,-1.7551,0.4486,0.1012,2.9871,-0.5788,0.0278,-0.2606,-1.7796,-0.2509,0.0363,-0.6964,0.6863,-1.7985,0.2254,3.9599,0.2165,-0.2208,0.679,0.3002,-0.3459,0.3509,0.7873,4.1124,-0.3014,-0.1002,0.1503,-1.9439,1.878,0.4296,7.9716,0.0456,0.4005,3.3706,9.9326,8.3647,-0.2302,-0.4408,-0.3759,-0.7679,-0.2806,-0.9446,0.0996,-0.8506,0.3408,-0.0547,-0.3207,0.0892,-0.0986,0.5194,0.3606,-0.0851,-0.4671,0.3806,0.499,0.5005,-0.3994,-0.0603,-0.4753,-0.4702,-0.9604,0.5754,0.7653,-0.0,,,,,,,,
639,5699,108,6,cycling,0.0519,-0.6885,0.063,0.0173,0.0218,-0.091,0.0052,1.3567,-0.0845,-0.1403,-0.7523,-0.1643,-0.2278,1.3788,0.3357,0.2077,0.0764,0.2856,0.3853,-0.0427,-0.3679,-0.2659,0.4824,0.119,-0.405,0.0007,-0.3955,0.2987,0.4469,-0.3482,0.1008,-0.1012,-0.2309,0.0505,-0.1027,0.1127,-0.5466,-1.4794,0.4963,-0.6095,2.9746,-0.3013,0.0441,0.1109,-1.837,-0.1302,0.0176,-0.2253,-0.8086,-1.7684,-0.5872,3.6571,-0.399,0.1506,0.2805,0.4005,-0.2209,-0.2607,4.8974,5.844,-0.3752,0.2169,0.3452,0.9892,8.3604,0.4508,-3.4804,0.4017,0.3008,7.4296,9.9301,1.4994,0.3209,-0.2506,0.0759,-0.4406,-0.0596,-0.3156,0.039,-0.8004,-0.0804,-0.3707,0.02,-0.0591,0.4677,0.5751,0.0477,0.2244,-0.3409,-0.059,0.4751,-0.3138,0.3647,-0.0672,-0.3803,0.0961,-0.3504,-0.0002,-0.7754,-0.0548,,,,,,,,
640,5700,108,6,cycling,-0.0818,0.7369,0.0941,-0.0143,-0.0431,-0.0584,0.0345,1.3053,-0.0734,-0.1378,-0.5438,-0.1422,-0.2091,1.2861,0.2948,-0.1617,0.3786,-0.3664,-0.2327,-0.2655,-0.0632,-0.3968,0.0506,-0.2599,-0.4962,-0.0804,0.3582,-0.587,-0.5794,-0.4493,0.1307,-0.4088,-0.1011,-0.119,0.0214,-0.0004,0.2253,-1.7985,-0.0495,0.465,2.6795,-0.6956,-0.2503,0.1503,-2.4763,0.2202,-0.1006,0.3018,-0.5951,-1.876,-0.3648,3.838,0.1109,-0.7475,-0.6598,0.1122,0.6692,-0.3454,4.7781,5.5754,0.8971,-0.2608,-0.3756,-0.4293,8.7344,-0.7618,7.4992,-0.3509,0.5014,2.9737,9.3808,-0.3996,0.3709,-0.9639,0.4754,-0.2164,-0.4008,0.0394,0.001,-0.9607,0.3009,-0.2807,0.2246,0.3606,-0.2309,0.6619,0.0753,-0.0299,-0.0728,-0.0661,0.3402,-0.4672,0.3441,0.5503,-0.6559,-0.3206,-0.5015,-0.0247,-0.4507,,,,,,,,,
641,5701,108,6,cycling,-0.0619,0.7386,-0.0329,0.0712,0.0549,-0.0986,-0.0211,1.2758,-0.1689,-0.0052,-0.6855,-0.0834,0.1832,1.157,0.2454,0.3057,-0.0436,-0.2062,-0.2277,-0.3856,0.4439,-0.3587,0.269,0.3746,0.2841,-0.1103,0.0807,-0.4794,-0.3385,0.4064,-0.1019,0.2259,-0.0009,-0.001,0.0504,0.1122,0.2303,-0.6093,0.2604,-0.2203,-0.5979,-0.2808,-0.1193,-0.1509,-1.785,-0.1309,-0.1005,0.3004,-0.3458,-1.6775,-0.0307,3.6682,-0.3642,-0.2164,-0.3992,-0.3203,-0.3406,0.8099,2.9892,4.8873,-0.6591,0.2241,0.3804,-0.9569,5.848,0.0755,0.9727,0.4011,-0.4758,-0.9617,7.7215,-0.8311,-0.4297,-1.0608,-0.3014,0.8752,-0.0473,-1.0384,0.2509,-2.4506,-0.3502,-0.6004,-0.0017,-0.3756,0.0117,0.7508,0.0442,-0.0264,-0.3609,0.0846,-0.4682,0.4007,0.4113,0.5002,-0.4402,-0.3702,0.6152,0.0736,0.5754,,,,,,,,,
642,5702,108,6,cycling,-0.1329,0.6011,0.0432,0.0879,-0.0554,0.0962,0.0103,1.3597,-0.0761,0.0042,-0.6523,-0.0639,-0.1668,1.3846,0.2041,-0.367,-0.1922,0.4056,-0.2521,-0.3463,0.4858,0.2402,0.2747,-0.3372,0.4486,0.4559,-0.1197,-0.6075,0.5749,0.3799,-0.1505,0.0508,-0.0005,0.2205,0.0809,0.1009,-0.1018,-1.5066,0.0404,0.1103,-0.7867,-0.5364,-0.0209,0.0173,-1.5552,0.001,0.01,0.1124,0.3006,-1.7795,-0.2309,3.9869,0.1309,0.3018,-0.8081,0.2805,0.3503,0.8893,4.9619,2.4008,-0.8419,-0.3409,0.3806,0.7439,7.8718,-0.4293,0.8971,0.3706,0.2508,-1.9022,8.8546,-0.8212,0.3208,-0.2604,-0.3609,-0.3757,-0.0455,-0.4505,0.1007,-0.9058,0.3991,0.4409,0.2243,0.4014,-0.3643,0.6692,-0.0681,0.3456,-0.0794,0.2162,0.5754,0.6509,-0.2252,0.4709,-0.5184,-0.4674,-0.5695,-0.5006,-0.6006,-0.0734,-0.0,,,,,,,
643,5703,108,6,cycling,-0.0845,0.6418,0.1206,0.0589,0.0041,0.1662,0.0146,1.3873,-0.1165,-0.1407,-0.6877,-0.0928,-0.2757,1.3567,-0.2619,-0.0439,0.022,0.035,0.2281,0.2521,0.2951,0.234,-0.3063,0.2436,-0.4893,-0.3486,-0.0009,-0.4792,-0.4375,-0.4931,-0.0504,0.3354,-0.0804,-0.1015,-0.1104,0.1002,0.6052,-1.5976,-0.2605,0.1122,0.5856,0.6985,0.2251,0.1303,-1.6698,0.2307,0.1509,0.2205,0.3003,-1.5584,-0.4014,2.8895,-0.7099,0.8097,-0.4006,-0.1191,0.2805,0.7872,3.7428,4.7983,-0.3808,-0.0332,0.2166,7.873,-1.4997,-0.9411,-2.7408,-0.3998,0.4292,8.3751,-0.9639,0.7756,-0.3453,-1.9064,-0.3018,-0.5751,0.5689,-0.6108,0.2506,-2.6502,-0.3608,0.5164,0.2243,-0.0996,0.0791,0.5276,-0.0455,0.1301,-0.0681,0.0295,0.0661,-0.3506,0.0759,-0.4505,0.3406,-0.318,0.4672,0.3709,-0.7269,-0.0872,,,,,,,,
644,5704,108,6,cycling,0.0946,-0.6482,-0.0056,0.1378,0.0423,-0.1051,0.0102,1.5549,-0.1257,0.1622,-0.6777,-0.0838,-0.3386,0.2952,-0.2542,0.0697,-0.1865,-0.3485,-0.0553,0.4548,-0.2781,-0.3072,0.364,-0.2443,-0.0399,0.0789,0.2854,-0.3769,0.3214,0.398,0.1102,0.356,0.5083,0.1006,-0.1015,0.0003,0.477,-1.5941,-0.1509,0.4479,-1.669,-0.7573,-0.0506,-0.0001,-1.9568,-0.02,-0.0806,0.2252,-0.2606,-1.5891,-0.3409,3.8715,-0.3751,0.1309,0.3451,0.2205,-0.1129,-0.3708,2.9894,4.3998,-0.4015,-0.2509,0.3002,-0.8874,-0.932,0.3809,-2.617,-0.2246,0.2302,-0.4299,-0.8438,0.4406,-0.4508,-0.7613,0.3649,1.0992,0.4172,-0.3017,0.1027,-0.8754,0.5648,0.4188,-0.2161,-0.4751,0.119,0.6592,0.4991,-0.2802,-0.0684,0.3257,0.4703,-0.4113,0.4681,-0.3508,0.4008,0.3602,0.0643,-0.4677,0.5754,0.3139,,,,,,,,
645,5705,108,6,cycling,-0.0401,0.6967,0.0077,0.1422,0.0942,-0.0873,-0.1394,1.2859,-0.0746,0.0548,-0.5839,-0.0699,-0.207,1.3584,0.1643,0.1903,0.2337,-0.2452,0.3876,0.3053,-0.2557,0.3372,0.3629,-0.025,-0.3475,-0.1102,-0.0507,0.2164,-0.1012,-0.2259,-0.0009,0.4064,0.1194,0.1509,-0.1309,0.1002,0.5586,-0.6593,0.3003,-0.2308,0.4563,-0.5468,0.2807,0.4489,-1.7466,-0.4988,0.3644,-0.6061,-0.3508,-1.5601,-0.3755,2.8092,0.789,-0.4017,-0.3403,0.3207,0.3017,-0.4402,4.8719,3.3993,0.3809,-0.2209,-0.3453,8.9895,9.8519,-1.2504,-1.4506,-0.4677,-0.4003,-0.4291,10.7983,1.5015,0.0803,-0.1126,-0.3707,0.9767,-0.414,0.5276,-0.2244,-1.2017,-0.5003,0.0995,0.01,0.0755,-0.3604,0.6143,0.4687,-0.0332,-0.0515,0.0946,-0.499,-0.9622,0.2605,0.0663,0.0681,-0.0993,-0.6001,0.3447,0.6503,0.0983,,,,,,,,
646,5706,108,6,cycling,-0.0619,0.5772,-0.0059,-0.0853,0.0154,-0.0938,0.1154,1.4986,-0.0783,0.1226,-0.6905,-0.1364,-0.048,1.3343,-0.0399,0.2346,0.2772,0.2035,0.3429,-0.2279,0.2856,-0.2581,-0.363,-0.374,0.4561,0.3968,0.1503,-0.5567,0.7832,0.4484,0.0215,0.1102,-0.0506,-0.1019,0.0007,0.1122,-0.6052,-1.4893,-0.0804,0.2253,0.6673,-0.4797,0.1196,-0.0205,-1.5892,-0.001,0.1009,-0.3012,0.2309,-1.7798,0.2203,3.6571,0.2603,-0.2507,0.897,-0.0606,0.8875,0.2808,2.7422,4.8737,0.8545,0.1307,-0.4017,8.4995,7.9621,-0.766,1.6108,-0.3706,-0.2163,-0.9401,9.3805,1.7386,0.3457,-1.3993,-0.3609,0.9537,0.9065,-0.4009,-0.0002,-2.6554,0.2243,-0.4679,-0.3409,0.4502,-0.3005,0.7003,0.0641,0.4291,0.5008,0.5757,0.3649,0.3442,0.3758,0.4688,-0.5276,-0.4682,-0.6503,-0.0231,0.7653,0.0264,0.0,,,,,,,
647,5707,108,6,cycling,-0.1399,0.5947,0.0073,0.0169,0.0955,0.0853,-0.0582,0.4849,0.0784,0.1154,-0.1776,0.0616,1.2218,1.3979,-0.2332,-0.2651,-0.1931,-0.3677,-0.2743,-0.2968,0.2834,0.044,0.3097,0.3764,0.4587,0.0504,-0.3358,0.3598,-0.447,0.6095,-0.0807,0.1122,0.035,-0.0213,0.1017,-0.1106,0.2163,0.7871,-0.1198,0.4612,0.8074,-0.2259,-0.0205,-0.0072,-1.8966,-0.0006,-0.1009,0.3018,-0.6592,-1.5796,-0.2305,2.6781,0.3757,-0.1308,0.3996,0.4012,-0.7563,-0.3603,4.8301,3.8613,0.9401,0.2807,-0.3505,7.0704,9.4996,-1.4299,2.8891,-0.3451,0.3707,-1.8521,8.9315,-0.4402,-0.4502,-0.3802,0.9067,-0.1505,-0.5689,-0.5681,-0.2204,-0.8148,0.0996,0.0661,0.2606,-0.3103,0.5003,0.6009,-0.5757,-0.3403,-0.3207,-0.4008,-0.4117,-0.6138,0.3641,0.5109,0.4751,-0.3282,0.7184,0.3006,-0.2509,-0.0516,,,,,,,,
648,5708,108,6,cycling,0.0941,-0.684,0.0089,-0.1062,-0.1379,-0.1257,0.0786,1.3697,-0.0553,-0.1578,-0.7056,-0.0154,-0.2898,1.3573,0.2055,-0.0465,0.1851,0.0696,-0.306,-0.2458,-0.0829,0.2743,0.0215,-0.2693,0.3931,-0.0345,0.1196,0.3463,0.5059,0.6937,0.1127,0.1106,-0.3874,-0.0503,0.0809,0.0394,-0.4799,-1.4985,-0.4887,-0.4675,-0.8877,-0.4482,-0.2208,0.0009,-1.768,0.2509,-0.2607,0.6683,-0.1308,-1.679,0.2809,2.5214,0.3704,0.1018,-0.6471,-0.3757,0.3403,0.8468,3.5408,4.9561,-0.9401,0.3015,0.4018,-0.3509,7.6553,0.2166,-0.5757,-0.4297,-0.3458,-0.2252,8.3646,1.8148,0.2307,-0.4992,0.2242,-0.3609,-0.1004,0.3806,-0.0002,-0.7502,0.3008,0.5002,-0.108,0.1508,-0.0591,0.7006,0.4506,0.3996,-0.4009,-0.3441,0.6502,-0.4708,0.4402,0.4752,-0.5109,0.4684,-0.0184,0.0661,0.6006,0.4808,,,,,,,,
649,5709,108,6,cycling,0.0727,-0.6534,0.0518,0.0323,0.0468,-0.0141,0.0051,1.2656,-0.0696,0.1157,-0.595,-0.0853,0.2591,1.2897,-0.0955,-0.2035,-0.1702,0.2231,-0.3086,0.4054,0.3389,0.3679,0.2452,0.3944,0.1015,0.2942,0.0009,0.3846,-0.328,0.3787,-0.1104,0.4883,0.1197,-0.0441,0.0505,-0.1307,0.5864,-1.7872,0.457,0.4793,2.8499,0.6766,0.1509,0.2205,-1.8575,0.2307,-0.3018,-0.4963,-0.6981,-1.6071,0.8876,0.7795,0.3705,-0.3002,0.3649,0.1005,-0.2809,0.4005,-0.7437,-0.2169,-0.9411,0.108,0.3991,3.3802,4.5505,0.3451,7.989,-0.734,0.4294,0.4402,10.5384,-0.828,0.4751,-0.4994,0.5276,-0.7753,-0.2608,1.3506,-0.2254,-1.3603,-0.3404,-0.4188,0.0855,0.4018,0.5753,0.7687,0.0804,0.1257,-0.0684,-0.4679,-0.0473,0.7184,-0.0681,-0.4682,0.8753,0.5007,0.0672,0.2241,0.6503,0.3441,-0.1122,,,,,,,
650,5710,108,6,cycling,-0.0116,0.3536,0.0549,-0.038,-0.0931,-0.0073,-0.0638,0.9077,-0.0855,-0.0008,-0.4423,-0.0461,1.1382,1.2758,-0.2269,-0.2072,-0.3986,0.2459,-0.3062,-0.2656,0.2857,0.3354,0.4625,0.296,0.4375,0.025,0.1015,-0.4547,-0.3493,0.4851,0.1106,-0.3732,0.0681,-0.0504,0.1008,-0.0142,0.677,-0.984,0.0804,-0.1191,0.8866,0.7877,-0.2167,-0.2307,-1.6485,-0.2808,-0.2206,0.6399,0.6889,-1.7625,-0.3756,2.7984,-0.6574,-0.3997,-0.4017,-0.1302,-0.2502,0.4009,3.4993,5.9597,0.3647,0.0408,-0.2257,-1.3453,4.0453,0.8744,1.8756,0.3009,-0.4292,0.9029,7.1124,-0.9428,-0.3707,-0.9655,0.4751,-1.922,-0.4272,0.8471,0.0581,-1.3014,0.2242,-0.3209,-0.0359,-0.4403,0.0786,0.6691,-0.1297,-0.2604,0.0557,0.3502,0.4678,-0.617,-0.3806,-0.4118,0.4808,-0.5754,-0.3603,0.0961,-0.5502,,,,,,,,,
651,5711,108,6,cycling,0.0038,-0.7384,0.0126,-0.0762,0.0615,-0.0439,0.0957,1.3058,-0.0561,0.0317,-0.6036,-0.1255,-0.1343,1.2364,-0.1932,-0.2473,-0.2559,-0.3584,0.0846,-0.2948,0.2787,0.284,0.4979,0.3345,-0.0508,0.1306,-0.1015,-0.4742,-0.2807,-0.0009,0.0212,0.1002,0.1129,0.119,-0.01,0.1107,0.2164,-1.6789,0.2259,0.0406,0.8893,0.3013,0.0002,-0.1503,-1.6891,0.0299,-0.0766,0.6572,0.6981,-1.7897,0.0683,2.7675,-0.2606,-0.5699,-0.7774,0.3004,0.2508,0.9895,4.638,3.709,0.4007,0.001,-0.3408,-0.4408,5.4505,-0.2309,-0.9219,-0.3453,0.3502,-0.8613,7.3757,-0.8213,-0.429,-0.968,0.9417,-0.3991,0.3807,-0.3708,-0.0001,-0.831,0.3208,0.3139,0.0809,-0.2242,0.4673,0.6558,0.3251,-0.4758,0.4018,0.2208,0.4128,-0.4684,0.3608,-0.0663,-0.5341,0.3441,0.3642,0.0944,-0.0473,0.0264,0.1027,,,,,,,
652,5712,108,6,cycling,-0.0329,0.6641,0.0189,-0.0584,-0.0043,-0.0731,0.1081,1.3856,-0.0928,-0.0468,-0.6908,-0.1632,-0.2541,1.309,0.2461,-0.1744,0.3491,0.0699,0.2283,0.2362,0.276,0.3351,-0.368,-0.2659,0.4549,-0.1307,-0.025,-0.3964,0.5766,-0.377,-0.0005,-0.1015,0.0506,0.1006,-0.1502,0.0803,0.5877,-1.4786,0.2605,-0.4071,-0.8767,0.5565,-0.2259,0.1198,-1.5475,0.1122,0.0606,-0.3018,0.4015,-1.636,-0.3001,2.8852,-0.3407,0.2302,-0.7619,-0.2509,-0.7499,0.7894,3.7973,4.8522,0.3707,-0.0232,-0.2164,5.9727,-1.4299,-0.9872,-1.9527,0.4007,-0.2806,-2.932,-0.8757,1.0404,-0.2202,-0.5754,0.1104,0.7753,-0.4409,0.4751,0.0002,-1.3206,-0.0262,0.3758,0.01,-0.4504,0.3605,0.6011,0.3997,0.4804,0.0477,0.3451,0.0996,0.5494,0.3641,-0.3503,-0.6108,-0.5003,0.4704,0.4991,0.7503,0.0594,,,,,,,,
653,5713,108,6,cycling,0.0539,-0.6735,0.0046,0.0189,0.1023,0.043,-0.1469,1.2706,-0.0922,0.1161,-0.6562,-0.0772,-0.1586,1.4085,0.2954,-0.1718,-0.2832,0.2459,0.0833,0.4842,0.2553,-0.0214,-0.0344,-0.3638,-0.438,-0.119,-0.1012,-0.6077,-0.3481,-0.5884,-0.0507,0.4798,-0.1106,-0.0238,-0.0809,0.1122,-0.0006,-1.7593,0.4552,0.5068,-0.7857,-0.7976,0.1307,0.2803,-1.5596,0.2207,0.1002,0.3005,0.2308,-1.6482,-0.3018,3.637,0.2259,0.6671,0.7316,0.2164,0.3402,0.4004,2.8799,4.7436,0.8891,-0.001,-0.3808,-1.2607,5.9099,-0.9428,0.9719,0.3457,0.4677,-0.922,7.833,-0.9515,-0.4503,-0.3504,0.4757,0.6553,-0.4998,-0.3754,-0.3994,-0.8757,-0.3707,-0.4681,0.0362,0.0642,-0.4018,0.6518,0.5507,-0.3206,-0.0982,-0.1508,0.3604,0.4292,0.3102,-0.4803,-0.6003,-0.3441,0.6146,-0.4402,0.2509,0.5009,,,,,,,,
654,5714,108,6,cycling,-0.0861,0.5161,-0.0904,-0.1145,0.0556,-0.0063,-0.0184,1.4486,-0.0735,-0.1021,-0.7857,-0.0637,0.1655,1.2552,0.2988,-0.276,0.0375,0.2332,-0.2899,0.3374,0.2694,0.365,0.407,0.3064,0.3467,-0.0509,-0.0005,0.4842,-0.4979,0.3882,-0.026,-0.1121,0.1307,0.1017,-0.1507,0.1002,-0.1109,-1.6941,-0.3019,0.588,2.434,-0.5364,0.1192,-0.0002,-1.5989,-0.1001,-0.0477,-0.0809,0.3996,-1.6597,0.0387,3.9571,0.3005,-0.3756,0.7785,-0.2202,-0.2302,-0.7625,5.8766,4.9891,-0.2162,-0.2602,0.3403,0.726,-0.6873,-0.935,-3.9035,0.2506,0.3707,7.4013,-0.2802,-1.5006,-0.4403,-0.6005,0.3457,0.5759,0.4509,-0.5134,0.0641,-1.4001,0.3208,0.0643,0.0264,-0.0548,0.0442,0.6193,-0.0663,-0.0473,0.4297,0.0753,0.0026,-0.4143,-0.2257,-0.4807,0.0752,-0.3251,-0.2246,-0.0262,0.3602,0.1708,,,,,,,,
655,5715,108,6,cycling,-0.1093,0.5667,0.0046,-0.0853,0.0426,0.1255,-0.0107,0.1378,-0.0579,-0.1116,-0.0696,-0.1469,1.2952,1.2856,0.0947,0.1719,0.3638,-0.1868,-0.4483,-0.2442,0.3786,-0.2275,0.349,-0.4925,2.3343,-0.3941,0.306,-0.5861,-0.6577,0.4887,0.0329,0.1104,-0.1302,-0.0215,0.1008,-0.1017,-0.4572,-1.8973,0.2167,0.3012,0.7085,0.1505,0.0007,0.0002,-1.5094,0.001,0.0509,0.2806,0.6467,-1.5984,0.2257,4.8062,-0.6692,0.5791,-0.3454,-0.2208,0.3506,0.1194,5.9876,3.7499,0.429,0.2608,-0.3009,-0.4996,1.5758,-0.8897,-1.5504,0.3608,-0.3404,-1.9571,7.8139,0.5009,-0.1129,-0.3756,0.3209,-0.3808,-0.4406,-0.7408,0.2506,-1.2016,-0.0809,0.0488,0.0522,0.0743,0.2305,0.8489,0.1291,-0.0332,-0.3704,0.3642,-0.4752,0.0477,0.3997,0.4689,-0.4002,0.0753,-0.0515,0.1001,0.2244,0.0249,0.0203,,,,,,,
656,5716,108,6,cycling,0.0943,-0.6949,-0.0878,0.0326,0.0052,0.0798,-0.1146,1.3876,-0.0417,0.0557,-0.5839,-0.157,-0.1344,1.2953,0.0155,0.2231,-0.3728,-0.3389,0.3661,-0.2345,-0.0213,-0.3073,0.4054,-0.4884,0.069,-0.1004,0.0003,0.3483,-0.1197,0.0806,0.0506,0.1102,-0.2307,0.001,0.1124,0.02,-0.3013,-0.4794,0.2505,-0.1018,2.7542,0.6567,0.2162,-0.2205,-1.6082,0.5086,0.3001,0.5951,0.6881,-1.6671,0.6399,-0.748,0.8788,0.6496,-0.7962,0.2608,-0.3457,0.4678,3.4995,-1.8544,0.0299,-0.1305,-0.1001,5.9745,4.8759,0.3995,7.9577,0.3604,-0.2257,9.3644,3.5109,0.9328,0.2807,-0.9225,0.5752,0.7689,-0.4502,0.4272,-0.0002,-0.8001,-0.3759,-0.3806,0.3209,0.3403,0.1234,0.5689,0.4758,-0.4408,0.1502,0.3704,-0.0663,-0.5003,-0.4681,0.7509,0.3508,-0.6001,-0.3257,-0.0184,-0.7754,0.4009,0.0332,,,,,,,
657,5717,108,6,cycling,-0.0113,0.5337,-0.0626,-0.0586,-0.0415,-0.037,0.0933,1.4769,-0.0772,-0.026,-0.5554,-0.1466,-0.1653,1.0846,0.0065,-0.2457,-0.3499,0.2744,0.3676,-0.3873,-0.3968,-0.2352,0.2556,0.4564,0.2988,-0.3567,-0.1011,-0.5083,0.4837,-0.4399,-0.0007,-0.1121,0.0508,-0.1192,0.0803,-0.1106,-0.4987,-0.7941,0.5963,0.5884,-0.7597,0.4215,0.1306,-0.1508,-1.4018,0.2165,0.3002,0.7891,-0.2204,-1.628,0.1002,4.7499,0.0495,-0.7781,-0.9633,-0.3403,0.2605,0.9895,2.9412,3.2302,-0.8971,0.0663,0.3991,-0.8522,5.3456,0.4293,0.8757,0.5758,-0.3606,-1.934,8.3649,-0.9028,-0.2802,-0.6003,0.3016,0.4673,-0.3706,0.2259,-0.2506,-0.8215,-0.5005,0.2246,0.3251,0.4407,0.0145,0.6792,0.3809,-0.3506,-0.1793,0.0986,-0.4807,0.4991,-0.3751,-0.4004,-0.4506,-0.6502,-0.3207,-0.1421,-0.0759,,,,,,,,,
658,5718,108,6,cycling,-0.0149,0.6536,0.0042,-0.0431,-0.0555,-0.0774,0.0858,1.507,-0.1167,0.1099,-0.8092,-0.0922,-0.2481,1.1691,0.1553,-0.2746,-0.2859,0.023,0.2072,-0.3554,0.0698,0.2523,0.2668,0.0329,-0.0004,-0.1018,0.0508,0.1309,-0.0332,-0.1106,-0.0302,0.119,0.0189,-0.0238,0.0264,0.0286,0.4548,-0.6685,-0.2203,-0.4364,0.5788,0.4494,0.0203,0.0002,-1.4786,0.1004,0.01,-0.2305,-0.3453,-1.6075,0.2805,-0.1504,0.1122,0.0681,-0.7856,-0.0606,0.7796,-0.4018,-0.847,-0.6987,0.3646,-0.0807,-0.4005,2.9323,3.3005,0.7976,1.8325,0.4298,-0.3408,4.0457,7.9719,0.9021,-0.0227,-0.2259,0.3015,0.9527,-0.3138,0.0661,-0.2242,-0.8217,0.5751,0.3759,-0.2169,-0.0446,0.0837,0.5408,-0.2502,0.3708,-0.3604,0.0834,0.4805,-0.4754,0.4671,0.4506,-0.5509,-0.4708,0.1229,-0.3205,-0.5206,0.003,,,,,,,,
659,5719,108,6,cycling,0.0561,-0.7347,0.0858,-0.0046,0.0429,-0.0163,-0.0773,1.3665,-0.1154,0.0323,-0.7538,-0.0632,-0.176,1.2756,0.2455,0.1852,0.4537,0.0941,0.3482,0.2586,0.223,0.4748,-0.4095,-0.288,0.3381,0.1003,-0.1018,0.0216,0.0505,0.5042,0.1509,0.4951,0.3583,0.1106,-0.119,-0.1309,0.7853,-0.6966,0.3984,-0.0008,2.7743,-0.5957,0.2209,0.2258,-1.6894,-0.2303,0.1122,-0.6471,0.3454,-1.7988,0.7091,4.2602,0.6798,0.7499,0.3008,0.2162,-0.768,-0.3995,3.9023,0.9328,-0.3504,0.3604,0.0806,5.8987,7.9723,-0.5759,-1.963,0.4015,-0.2802,8.3649,9.7216,0.6154,-0.4994,-0.922,-0.5505,0.8521,0.4756,0.4502,0.0539,-0.7752,-0.4672,-0.3014,0.3209,-0.4292,0.4806,0.6505,-0.3404,-0.3442,-0.2506,-0.4408,0.3253,-0.0752,-0.3758,0.7509,0.2243,-0.4009,-0.3808,-0.3705,0.7659,0.4689,-0.0,,,,,,,
660,5720,108,6,cycling,-0.1256,0.539,0.0573,-0.0052,-0.0149,-0.1429,0.0217,1.5584,-0.0791,-0.0639,-0.6061,-0.1644,0.0851,1.3347,-0.3521,-0.0922,-0.3041,-0.3468,-0.0464,-0.2546,0.3782,0.2459,0.3881,0.0327,0.3679,-0.1192,0.2203,-0.458,-0.3225,0.574,-0.1103,-0.1014,0.0508,0.1129,0.0446,-0.0809,-0.4893,-1.6985,0.1506,0.1306,0.8898,-0.3018,-0.0001,0.0441,-1.7553,0.0002,0.0005,0.2254,0.3402,-1.6577,0.2608,2.6794,0.3648,0.2507,-0.5895,0.2305,-0.2241,-0.3805,3.7874,4.877,-0.4297,-0.1005,0.2808,5.4016,0.8971,0.6683,2.9976,-0.3007,-0.3454,0.9723,7.3708,-0.963,-0.3752,-0.2167,0.4505,0.4683,-0.3609,0.3505,0.0746,-1.4008,-0.3251,0.0855,-0.0851,0.3997,0.1786,0.5508,0.0053,0.3209,0.1392,0.3447,-0.0528,0.0663,0.4704,-0.0552,0.5757,-0.5264,0.4143,-0.0488,0.8752,0.4751,0.0,,,,,,,
661,5721,108,6,cycling,0.0867,-0.6018,0.1257,-0.0169,0.1555,-0.0038,0.145,1.3639,-0.0695,-0.1347,-0.6051,-0.2062,2.3583,1.2703,-0.2858,0.2668,0.2459,0.4861,0.0742,-0.0464,-0.0986,0.4543,-0.0589,0.3363,0.3041,-0.0506,0.1109,0.3466,-0.4476,0.026,0.1192,0.1507,0.0441,-0.1015,-0.0807,0.1127,-0.407,-1.8897,0.0008,-0.1004,1.7598,-0.4946,-0.1308,-0.2204,-1.8093,0.3006,0.2508,-0.3014,0.5465,-1.7684,0.3405,3.7499,0.7796,0.3605,0.7972,-0.2802,0.3641,0.4009,4.9027,1.8799,0.2257,-0.0084,-0.2162,-1.3755,5.7873,-0.8544,-0.9427,0.4299,-0.2241,-2.8753,7.5753,-0.5165,-0.4508,-0.3804,0.5004,-0.4751,0.2607,-0.3991,-0.1027,-1.3503,0.6509,0.4012,0.3203,-0.4991,-0.2309,0.6604,0.3453,0.0933,0.0752,0.0702,0.0592,-0.3703,-0.0141,-0.3447,0.6557,-0.4709,0.9552,-0.3232,0.4187,0.0549,,,,,,,,
662,5722,108,6,cycling,-0.0037,0.6519,0.0103,0.0973,-0.0853,-0.0523,0.1156,1.5552,-0.0695,0.0749,-0.6738,-0.1246,0.2042,1.2702,-0.2635,0.0499,-0.2458,-0.394,-0.3064,-0.5976,-0.3429,-0.0509,-0.3675,-0.3368,-0.2532,-0.2862,0.1124,0.1192,-0.2604,-0.4844,-0.02,0.4585,-0.1003,0.101,0.0004,0.0201,-0.0286,-0.8094,-0.0809,0.0292,-0.5743,-0.2259,0.1103,-0.1506,-1.6693,-0.2509,0.1024,0.5063,0.3012,-1.6084,0.2163,3.7096,-0.7792,-0.4016,-0.2807,-0.6983,-0.8988,0.7861,2.7974,4.429,0.3451,0.001,-0.3609,0.8701,-1.989,0.8633,0.9726,-0.3649,0.3205,-0.7211,-1.8757,5.2303,-0.3406,-0.7004,0.0209,0.7681,0.3991,0.4674,-0.0001,-1.1306,0.0661,0.4756,-0.01,-0.3505,0.0761,0.7161,0.1402,0.0734,0.0002,-0.0033,0.2204,-0.4001,0.3808,-0.3001,0.5752,-0.3759,0.5505,-0.0722,-0.4508,-0.1793,,,,,,,,
663,5723,108,6,cycling,0.0548,-0.7669,-0.0878,-0.0066,0.1445,-0.065,0.047,1.5567,-0.1094,-0.0943,-0.6957,-0.0168,0.1721,1.2827,0.1854,-0.0772,0.034,-0.3059,-0.3493,-0.3344,0.3936,0.3898,-0.2979,-0.2684,0.5886,0.4762,0.3746,0.6077,0.568,0.8568,0.0212,-0.3532,-0.0406,0.0504,-0.1011,0.1005,-0.5399,-1.8742,-0.2303,0.1199,-0.4961,0.6364,0.2162,0.3015,-1.6574,0.1104,0.2807,-0.2209,-0.3994,-1.6642,-0.3405,2.1122,-0.3643,0.3004,-0.3508,-0.3806,0.3451,0.3703,4.5758,3.8876,0.9675,0.0806,-0.1505,5.7319,7.8218,0.9523,-1.9737,0.2253,-0.4298,-1.903,8.8971,1.4665,0.0005,-0.838,-0.0477,0.7681,-0.0781,-0.4503,-0.2242,-0.9059,0.5004,-0.4995,0.2503,0.0608,0.1308,0.7459,0.2604,0.4006,0.4017,-0.4674,0.3753,0.4703,0.3209,0.5506,-0.0752,0.0996,-0.0833,0.4687,-0.4751,-0.0606,,,,,,,,
664,5724,108,6,cycling,0.1344,-0.6975,0.0581,-0.1774,-0.1054,0.0727,0.0136,1.2656,-0.0846,0.1165,-0.4853,-0.0616,-0.3582,1.3094,0.0077,0.0903,-0.0467,0.2286,-0.2345,0.3857,-0.3358,0.3499,-0.4798,0.286,-0.2989,-0.1126,-0.4055,-0.3784,-0.685,0.438,-0.022,0.4962,-0.2302,-0.2254,0.1004,-0.0806,-0.1017,-1.7087,0.2607,0.2803,2.7973,-0.3015,0.1505,-0.0505,-1.7851,-0.2508,0.1194,0.2162,-0.6676,-1.6364,0.0332,-0.5961,-0.3646,0.1303,-0.3802,0.0007,0.4758,0.3003,3.8897,5.4002,0.8542,0.2203,-0.3756,4.9037,-0.3709,-0.9517,-3.4996,0.4408,-0.3454,1.5463,-0.5753,7.8317,-0.3991,-0.9313,0.9638,-0.7754,0.3209,0.3102,0.1024,-0.7681,0.3508,-0.4505,0.1109,-0.0603,0.3603,0.7505,-0.1201,0.0737,-0.4679,0.3402,-0.5507,0.4012,-0.3253,-0.617,-0.0755,0.3152,-0.4804,0.1659,0.3243,0.1617,,,,,,,,
665,5725,108,6,cycling,-0.0109,0.2989,-0.0062,0.0418,0.0321,0.0584,0.0788,1.4056,-0.1236,-0.0852,-0.7624,-0.1602,0.0632,1.4839,0.1757,0.2358,0.0505,0.2863,-0.2272,0.3783,-0.3059,-0.2741,-0.2681,-0.3346,0.3864,-0.1124,0.0807,0.3475,0.1109,0.3543,-0.01,-0.1302,-0.1012,-0.0006,0.0001,-0.001,-0.4973,-1.5569,0.2309,0.4587,0.4496,0.688,0.1196,-0.2808,-1.7094,-0.2207,0.2246,0.6051,0.2259,-1.6598,-0.1504,2.6791,-0.6654,0.7874,-0.7792,-0.7985,0.9599,-0.3759,3.8214,7.5757,-0.2606,0.108,0.2162,0.4997,4.9326,0.4757,-0.862,0.3013,0.3703,-0.9153,5.9726,-0.9023,0.2505,-0.3504,-0.3803,0.3649,-0.4018,-1.4295,0.1027,-0.9236,0.5504,-0.3993,0.0944,0.3122,-0.0362,0.6561,-0.3206,-0.0473,0.3606,0.3454,-0.0455,0.3008,-0.4503,0.4807,-0.4006,0.4702,0.8338,0.3441,-0.0662,-0.3403,-0.0,,,,,,,
666,5726,108,6,cycling,-0.0561,0.4459,0.0108,-0.1398,-0.0464,-0.1631,-0.0043,0.9604,0.0933,0.1159,-0.5081,-0.0786,1.1555,1.3776,-0.1746,0.1856,0.3058,-0.2541,-0.1934,0.3854,0.2827,-0.2342,0.2957,0.3639,-0.037,-0.0699,-0.0215,0.1124,-0.1105,0.1505,-0.0005,-0.3548,0.4068,-0.1012,-0.0804,-0.01,-0.4783,-0.6977,-0.0507,0.4972,2.4494,0.7552,0.459,-0.1304,-1.6788,-0.2209,0.1005,0.8966,-0.8095,-1.6584,0.3456,-0.876,-0.9638,0.2304,-0.7436,-0.301,0.6326,-0.7982,3.7897,5.622,0.0684,0.108,-0.0446,-0.399,4.8545,0.0332,1.5504,0.3803,-0.2603,7.2251,8.4015,-1.922,-0.4671,-0.5758,-0.3404,0.9375,-0.4991,-0.2162,-0.0441,-1.3708,0.3649,-0.5648,-0.3007,0.1191,0.4758,0.7681,0.2503,-0.3758,0.0191,-0.3509,0.4138,-0.4806,0.2807,-0.7233,-0.6153,-0.4003,0.8695,0.3609,-0.0681,0.0,,,,,,,,
667,5727,108,6,cycling,-0.063,0.5376,0.0102,0.1391,0.0735,0.129,0.0054,1.4796,-0.0558,-0.0852,-0.768,-0.1543,0.207,1.4568,-0.1732,0.0475,-0.3357,0.0318,-0.2982,0.2225,0.2326,-0.0937,0.3631,-0.3861,0.1011,0.1194,0.0009,0.2851,-0.3493,0.1302,-0.1105,0.4841,-0.4973,-0.2251,-0.0509,-0.1502,-0.5944,-0.5084,-0.3956,0.5566,2.9567,-0.6087,-0.2808,0.2202,-1.4699,0.2302,0.1121,0.3992,-0.6979,-1.6216,0.5364,3.9765,0.7794,0.3755,0.3014,0.3002,0.7422,0.9863,5.8892,4.7871,-0.3705,-0.0806,0.3451,7.8519,8.7212,0.4292,-2.7459,0.4995,0.8611,1.8131,9.3809,-0.8576,-0.3643,-0.2603,-0.4679,-0.4402,0.4506,-0.8981,0.4006,-1.2503,0.0755,0.5759,0.1963,-0.1002,0.5503,0.7509,-0.3504,0.5004,0.4687,-0.0681,-0.4753,-0.6551,0.3609,-0.6014,0.6001,0.6505,0.0684,-0.3441,-0.3205,0.0473,0.0,,,,,,,
668,5728,108,6,cycling,-0.0035,0.6686,-0.0737,-0.0558,0.041,-0.0931,-0.0106,0.2481,-0.0859,-0.1115,-0.1869,-0.0219,0.1438,1.3664,0.2349,-0.036,0.2543,-0.2988,-0.3051,0.2271,-0.2782,-0.4577,-0.2657,0.4473,0.3334,-0.1122,-0.1504,-0.4841,-0.405,0.3956,-0.1308,0.323,0.0807,-0.0008,0.1192,-0.1009,-0.0502,-1.6791,0.1011,0.2603,2.6547,-0.8072,-0.1108,-0.2808,-1.6885,-0.2258,-0.2508,0.5475,-0.3456,-1.7699,-0.7079,3.5553,-0.3708,0.7893,0.9862,0.3993,-0.636,0.841,4.4014,5.947,-0.8316,0.2303,0.2166,-1.3751,-1.4507,0.8966,-3.9592,-0.4291,0.2207,0.9026,-1.4404,7.3503,-0.2244,-0.9745,0.5506,-1.9638,-0.874,1.8157,-0.0149,-1.2016,-0.5008,0.4165,-0.3015,0.3004,-0.4006,0.5341,0.0168,0.0947,0.0455,0.3149,-0.4991,-0.8751,0.4751,-0.0661,-0.6509,-0.3402,1.3809,-0.4651,-2.7367,,,,,,,,,
669,5729,108,6,cycling,-0.1382,0.6382,0.0549,-0.0436,-0.0698,-0.1552,0.0784,1.377,-0.0046,0.0108,-0.6416,-0.0506,0.2521,1.3931,-0.264,0.2386,-0.1763,-0.3066,-0.2402,0.0957,0.2756,-0.3358,0.2899,-0.036,-0.3555,-0.3468,0.101,-0.4789,-0.4345,0.3854,0.0806,-0.2308,-0.2202,0.1503,0.1194,-0.0007,-0.2802,-0.4861,-0.3008,-0.4488,-0.7983,-0.6953,0.027,0.2503,-1.7585,-0.2169,0.1004,-0.1309,0.1127,-1.748,-0.3505,3.659,0.2252,0.4017,-0.5987,0.3647,0.3018,-0.429,2.6792,4.7877,0.9513,0.1024,-0.768,-0.4406,7.721,0.9413,5.7316,0.0661,-0.4505,-0.9719,9.3751,0.6602,-0.3451,-0.9634,0.0756,0.0997,0.3607,0.3403,-0.1106,-1.2246,0.2607,0.0606,-0.0441,0.4759,0.3806,0.5751,-0.3447,0.0891,0.0663,0.0943,-0.5002,0.3705,0.4993,-0.0993,0.4002,-0.3235,0.4651,-0.3253,0.5647,-0.3232,,,,,,,,
670,5730,108,6,cycling,-0.0842,0.5834,0.0933,-0.1165,-0.1406,0.0735,-0.0432,0.4884,-0.0054,0.1049,-0.2071,0.0102,1.0568,1.3973,-0.2693,-0.1776,0.2277,0.4462,-0.2389,-0.2987,0.4553,-0.3655,-0.3857,0.2859,0.2556,-0.3743,0.0008,-0.4081,-0.6047,0.7591,-0.1307,0.035,0.0332,0.1193,0.1507,-0.0803,0.6497,-1.6788,0.1006,0.0507,2.7095,0.7951,0.2252,0.3011,-1.7469,0.4699,0.1103,0.8072,0.6685,-1.6315,0.2164,4.0387,-0.9896,0.3606,-0.4011,0.1129,0.4298,0.2809,3.4006,5.832,0.3996,0.2209,-0.2503,-1.7892,7.6554,-0.3009,3.1012,-0.3708,0.2307,0.6103,9.5483,-0.9067,-0.4754,-0.4672,0.4403,0.9436,-0.3451,-1.868,0.1111,-0.8752,0.3805,-0.5508,-0.2607,-0.3646,0.3508,0.499,0.0755,-0.2241,0.4809,0.0136,0.3102,0.3402,0.4689,-0.5009,0.3752,-0.3257,-1.0182,0.0155,0.7753,0.4508,0.001,,,,,,,
671,5731,108,6,cycling,-0.0562,0.6519,-0.0871,-0.0169,-0.0953,-0.1206,0.1033,1.3957,-0.007,0.0774,-0.7849,-0.1347,-0.043,1.3634,-0.152,-0.1666,-0.1802,-0.0375,0.2521,-0.2432,-0.2373,0.2638,0.0509,-0.4052,0.2861,0.1195,0.1102,-0.1017,0.2963,0.4555,0.0006,-0.2307,0.1306,0.1002,-0.1504,-0.0803,-0.5056,-1.6884,-0.436,0.5846,-0.4494,-0.4842,0.0002,0.2509,-1.7989,0.2605,0.2169,0.7795,0.2209,-1.679,0.5988,2.1122,0.9891,0.6492,-0.3409,-0.3008,0.4012,0.3997,3.8087,4.4996,-0.3757,-0.2252,0.3013,-0.9993,5.9718,0.766,1.8319,-0.4677,-0.8547,0.5753,8.5503,2.4505,-0.0456,-0.3704,0.0181,0.4406,-0.3459,-0.5109,0.2243,-0.9636,0.8218,-0.4005,0.1027,-0.3609,0.2805,0.6686,0.3508,0.3447,-0.0941,0.5005,0.3207,0.7752,-0.4693,0.3649,-0.4752,-0.6006,0.4294,0.0606,0.7689,-0.3804,,,,,,,,
672,5732,108,6,cycling,-0.0584,0.7384,0.0059,-0.0142,-0.091,-0.1611,-0.1315,1.2635,-0.1208,0.0744,-0.6077,-0.0429,0.1418,1.2782,0.2396,0.0655,-0.1917,0.2469,0.2275,-0.405,-0.3485,0.4793,0.3391,0.4567,0.2572,-0.2857,0.028,-0.0345,-0.3743,0.1307,-0.0503,0.3846,0.3981,0.0008,-0.1027,-0.1002,0.4976,-1.6499,-0.1019,-0.1122,2.5863,-0.5636,-0.1191,0.001,-1.6562,0.2259,-0.1102,-0.6674,0.2207,-1.6895,-0.2308,0.537,-0.0804,0.1507,0.3648,-0.3402,-0.2803,0.2504,-0.8978,-0.3757,0.3991,-0.2242,-0.4299,4.7986,3.3012,0.9439,5.9873,0.4408,-0.2166,0.928,7.889,-1.4503,-0.2605,-0.8319,0.3454,-0.8495,-0.4995,1.9799,0.0002,-0.8719,0.3506,-0.3806,0.108,0.5007,0.4679,0.6185,0.1252,0.3606,0.0662,0.4017,-0.3209,0.4007,0.4809,-0.0663,-0.4188,0.0157,0.8755,0.0641,0.7382,0.1379,-0.0,,,,,,,
673,5733,108,6,cycling,0.0515,-0.6262,0.0168,-0.0761,0.0046,-0.1289,0.0853,1.4917,-0.145,-0.047,-0.7558,-0.1864,0.1323,1.2054,-0.2638,0.3095,-0.2456,0.0941,0.0329,0.2867,-0.0632,-0.0215,-0.1014,0.1106,0.1197,-0.0009,0.0509,-0.1008,0.1122,0.1309,0.0203,0.1507,0.4081,0.0803,0.0739,-0.0593,0.5543,-1.658,0.4476,0.4794,-0.6972,-0.986,0.4579,0.3015,-1.9962,0.5984,0.2808,-0.4882,-0.6315,-1.5791,0.2607,3.6673,-0.3403,0.4015,-0.9035,0.3459,0.9777,-0.741,2.7888,5.8547,0.2165,0.3003,-0.3809,4.9635,-1.0287,0.8319,-0.6247,0.5509,-0.3208,-1.8799,-0.862,-0.4997,0.0753,-0.4298,-0.3753,1.2252,-0.3642,1.3994,-0.2304,-0.9506,0.4808,0.0755,0.2208,-0.2505,0.4752,0.6996,0.4406,0.1407,-0.3505,-0.0681,0.3705,-0.4709,0.3253,0.4502,-0.3442,-0.5005,-0.9762,0.1373,-0.4396,-0.0992,,,,,,,,
674,5734,108,6,cycling,-0.037,0.6493,0.0867,-0.0038,-0.1289,-0.0798,-0.0143,1.2757,-0.1374,0.0635,-0.6697,-0.1646,-0.3344,1.1852,0.1722,0.0561,0.2358,0.3628,-0.3075,-0.392,0.2972,-0.2653,0.0983,0.2524,-0.0432,0.0804,-0.0506,0.1106,0.1129,0.1307,0.1015,0.2164,0.1197,0.1003,-0.0215,0.0007,0.3791,-0.4548,0.4955,-0.479,2.8851,0.5984,0.3008,0.2305,-1.7982,0.3756,0.2603,0.5081,-0.7854,-1.6585,0.566,3.778,-0.8799,0.0681,0.6971,-0.6886,0.6324,-0.4007,-0.9426,4.766,-0.3017,0.2258,0.2503,-0.2806,5.4297,0.7344,7.5015,-0.3644,-0.1506,8.5751,9.9637,-0.7266,-0.4015,-0.4671,-0.4758,0.6003,-0.2203,0.3996,0.0753,-1.2241,-0.3504,-0.0755,0.3206,0.499,0.3606,0.619,-0.3456,-0.3805,0.5506,0.3447,-0.4704,-0.9523,-0.4408,-0.4504,-0.4808,0.0477,0.6504,0.3408,0.9452,0.0735,0.0,,,,,,,
675,5735,108,6,cycling,-0.0029,0.5859,-0.0501,0.0922,0.0645,0.1469,0.0326,1.3039,-0.0721,0.0849,-0.6851,-0.1234,0.1582,1.3716,-0.044,-0.0219,-0.3346,-0.2593,0.2452,-0.2348,0.2856,-0.0506,0.2773,-0.388,0.4761,-0.1012,0.1196,0.3631,0.4494,0.6541,-0.1003,0.2259,-0.2603,-0.0006,-0.1104,-0.1306,0.5081,-1.7853,0.0663,-0.1122,2.877,-0.6797,-0.001,-0.1503,-1.7963,0.0883,-0.0804,-0.7791,0.6071,-1.5799,0.3997,0.7475,-0.8895,0.2506,-0.8966,0.2307,0.3009,0.3708,4.8664,5.989,-0.3647,0.2207,0.2808,-0.7638,3.3014,-0.8426,7.3408,-0.3754,-0.2164,8.4408,9.8756,-0.8527,-0.3606,-0.5003,-0.4681,-0.4014,0.4993,-0.4679,0.2246,-1.3454,0.4005,0.3108,-0.1027,-0.6003,-0.3805,0.6556,-0.3207,0.3509,-0.4503,-0.093,0.4128,0.6503,0.4298,-0.7505,-0.9626,0.0473,0.9666,0.0516,-0.9689,-0.3447,,,,,,,,
676,5736,108,6,cycling,-0.0112,0.7283,-0.0051,-0.0215,-0.0434,-0.0581,0.0323,1.4762,-0.0942,0.0874,-0.6595,-0.0761,0.1459,1.3582,-0.1657,-0.2584,-0.2706,-0.1869,-0.2489,0.2273,0.3067,-0.3356,-0.3868,-0.4979,0.2688,-0.2958,-0.0509,-0.2891,-0.4572,-0.4483,-0.0007,0.119,-0.1012,0.1305,-0.0362,-0.0286,-0.1121,-1.6687,0.1105,-0.1505,-0.9893,-0.5475,-0.2205,-0.2254,-1.6064,-0.2309,-0.2805,0.4855,-0.5097,-1.709,-0.5399,2.3009,-0.2162,0.3709,-0.7892,0.4013,0.4294,-0.301,4.8071,3.0332,0.3994,0.0803,-0.1959,-0.7619,5.9627,0.3752,1.8527,0.3209,-0.3409,-1.9458,8.8655,-0.9413,-0.2504,-0.2602,-0.1003,0.3453,0.4405,-0.3804,0.0834,-1.2014,0.4679,-0.4507,-0.1001,0.4684,0.3506,0.5489,0.3609,0.0996,0.2173,-0.4754,0.3649,-0.4704,0.2241,0.3253,0.7752,-0.8751,-0.3447,0.4004,0.5508,,,,,,,,,
677,5737,108,6,cycling,-0.1483,0.6548,0.0012,0.0419,0.0161,0.0325,0.0629,1.4494,-0.1087,0.0553,-0.6035,-0.0859,0.2326,1.1633,0.0218,-0.1732,0.2443,0.0958,0.3955,-0.2827,-0.0785,0.4976,0.3486,0.3689,0.3099,0.1109,0.1015,0.4054,0.3851,0.459,-0.0005,0.1504,-0.0507,0.0064,0.1006,0.0803,-0.1308,-0.6867,-0.2242,0.2303,0.6974,0.665,-0.1197,-0.0002,-1.7082,-0.1127,-0.1111,0.7775,-0.2163,-1.638,0.3018,3.5798,0.2603,-0.4011,-0.5625,0.2207,-0.2805,0.3458,2.8862,4.8428,0.9539,-0.02,-0.7972,1.2251,5.7897,-0.9322,1.7364,0.3641,-0.2508,-0.3406,7.8754,-1.4992,-0.0409,-0.3009,-0.4505,1.9645,-0.4405,0.4296,-0.0943,-0.8509,-0.4188,0.0702,-0.001,0.3704,-0.3251,0.5489,-0.0247,-0.0249,-0.1389,0.3504,0.3994,-0.4751,-0.3206,-0.3758,-0.5004,0.0186,-0.4678,-0.1389,0.5504,0.3609,0.0,,,,,,,
678,5738,108,6,cycling,0.0561,-0.5164,0.0108,-0.0049,0.1041,-0.1206,0.0902,1.3547,-0.0439,-0.033,-0.588,-0.1546,-0.2556,1.1463,-0.266,0.1943,0.2832,-0.3618,-0.0788,0.2472,-0.2768,0.2355,-0.3499,-0.4831,-0.2953,-0.1308,-0.101,0.0506,0.1126,-0.445,0.3376,0.2308,-0.2807,0.1109,-0.0004,0.3019,-0.4071,-1.6651,-0.1193,-0.2241,3.5796,-0.7842,0.4586,0.2254,-2.747,-0.3756,0.2606,-0.6982,-0.5979,-1.6775,-0.2506,2.7795,-0.3405,0.649,-0.3002,-0.2169,0.6583,0.2202,5.8962,4.9893,-0.7319,0.0804,0.3993,0.8411,8.4295,0.5757,-2.8511,-0.4995,-0.9417,9.3641,7.8759,1.9236,-0.9715,-0.3708,-0.8721,0.4015,0.8139,-0.5685,0.0105,-0.8482,-0.3205,-0.9077,-0.1009,-0.4138,0.1502,0.609,0.4508,0.3452,0.0684,0.3809,0.3505,0.5154,-0.0753,0.4188,-0.4406,0.5508,0.6108,0.0755,-0.9458,0.0,,,,,,,,
679,5739,108,6,cycling,0.0052,-0.7731,0.0114,0.0745,0.0698,0.0936,0.1394,1.5064,-0.0585,0.1517,-0.6746,-0.1649,-0.0499,1.3062,0.0822,-0.207,0.0326,-0.2789,0.2519,0.2963,0.3788,-0.2443,0.2373,-0.4438,0.3528,0.336,0.0219,-0.6851,-0.5958,0.5532,0.1106,-0.4072,0.3497,0.2205,-0.119,0.1009,0.5469,-1.6691,0.0455,-0.4786,0.4895,0.4213,0.1015,-0.0004,-1.7578,-0.0506,-0.1111,0.2259,0.3009,-1.6587,-0.3207,2.748,0.2243,0.3758,0.3454,0.3992,-0.1506,0.4014,4.7981,3.1129,-0.8417,0.2607,0.4004,5.2164,-2.8316,-0.4299,-0.9638,0.2304,-0.3705,1.6118,-1.8215,-0.928,-0.1304,-0.5751,0.2808,0.9375,-0.4679,-0.5165,0.001,-1.3253,-0.4752,-0.3406,-0.0001,0.2507,0.3015,0.7386,0.0807,0.0848,-0.0044,0.0663,0.0035,0.3503,-0.5009,0.6509,-0.5681,0.6001,0.4993,-0.3606,-0.539,-0.2173,0.3805,,,,,,,
680,5740,108,6,cycling,-0.0928,0.3681,0.0073,0.0327,-0.0631,0.0107,-0.1071,0.2054,0.0426,-0.0867,-0.0552,-0.0507,0.1746,1.2397,0.1539,0.3386,0.2463,0.3851,0.2968,-0.3053,-0.0219,0.3558,-0.3741,0.2584,0.437,0.1018,0.4476,0.5961,0.6987,0.609,0.0201,-0.1108,0.0007,0.0807,0.001,0.0556,0.4957,-1.5091,0.0257,0.1197,2.4792,0.5582,0.0441,0.1129,-1.6594,0.2202,0.0455,0.6479,0.3751,-1.6688,-0.3012,0.778,-0.7589,-0.7862,0.7499,0.1008,-0.3641,0.2602,3.2259,-0.5753,-0.9593,0.108,0.3402,4.4993,5.8523,0.9859,-2.833,-0.3804,0.2304,-1.7211,9.9617,1.4012,-0.0394,-0.2161,0.2809,0.1307,0.3452,-1.1504,0.0983,-1.1963,0.4294,-0.4678,0.0383,-0.5508,0.3991,0.6557,0.3704,0.4009,0.4509,0.3208,0.0672,0.5008,-0.4751,-0.3502,-0.4407,-0.3607,-0.9238,-0.3441,-0.749,-0.4808,0.3002,0.0,,,,,,
681,5741,108,6,cycling,-0.0318,0.5772,0.0133,0.0045,0.0719,0.0431,-0.0698,1.4814,-0.0852,-0.1049,-0.6857,-0.0942,-0.2372,1.2082,0.2655,0.2486,0.3483,-0.2556,-0.3681,-0.0558,-0.2859,-0.3879,-0.3787,0.2951,0.3984,0.1505,-0.0213,-0.0508,-0.1122,0.4675,0.101,-0.2165,-0.3573,0.1003,0.0003,0.02,0.5054,-1.4499,-0.2602,-0.0806,1.479,-0.6588,-0.119,-0.1102,-1.6953,0.1111,-0.3018,-0.6763,0.2302,-1.6496,-0.2259,2.8974,0.6061,-0.3704,-0.3007,-0.2202,-0.2803,0.3608,3.7092,5.6215,-0.768,-0.1302,0.4299,4.6695,-0.7891,0.8512,8.3803,0.5757,-0.9411,7.7771,-0.4017,-0.4408,-0.3207,-0.3641,-0.3406,-1.3994,-0.3504,-0.4165,-0.2506,-0.9717,-0.4003,-0.5509,0.2171,-0.0709,-0.4673,0.6185,0.3454,0.4752,-0.1362,0.0933,0.4505,0.0473,0.2244,0.4807,0.5681,0.0663,0.7382,0.0941,0.6011,0.0,,,,,,,,
682,5742,108,6,cycling,0.1461,-0.6849,-0.1086,-0.0585,-0.0107,-0.0063,-0.1553,1.2943,-0.0697,-0.0904,-0.593,-0.1389,2.2787,0.2345,-0.2419,0.2852,-0.229,-0.3796,0.0838,-0.2035,-0.0301,-0.3955,0.5784,-0.6977,-0.3466,0.2636,0.4475,-0.4064,-0.4782,-0.4872,-0.0508,0.1108,0.1017,0.0212,0.0806,-0.1003,-0.1196,0.7071,-0.2808,0.2506,3.5893,-0.6051,0.1302,0.2209,-1.5499,0.2164,0.2251,0.7467,0.5073,-1.6562,0.2302,4.7856,-0.888,-0.3706,-0.836,-0.1508,0.5756,-0.7619,1.3012,5.7981,-0.4015,0.0292,0.3758,0.3452,7.9547,-0.3803,3.0227,-0.3209,-0.3009,1.9894,8.4293,-1.6503,0.0007,-0.3646,0.2602,0.4674,0.1121,-0.5276,0.0192,-0.9097,0.3409,0.4994,-0.0001,0.1491,-0.0441,0.7003,-0.0488,0.0661,0.0546,-0.1204,0.4405,-0.0663,-0.0702,-0.2241,0.4807,-0.0554,0.0546,-0.0408,-0.3502,-0.0,,,,,,,,
683,5743,108,6,cycling,-0.0963,0.6407,-0.1096,0.0589,-0.0012,-0.1445,0.0734,1.5547,-0.0179,0.0322,-0.6846,-0.0436,-0.2786,1.289,-0.1753,0.1657,-0.2075,0.2372,0.2698,0.2437,-0.0664,0.0829,0.1005,0.1014,0.385,0.0214,0.3332,0.3049,0.4431,0.3551,-0.1122,0.1196,-0.1508,0.0505,0.0387,-0.0001,0.4852,-0.4074,-0.2253,0.1109,2.6573,-0.9985,0.0299,0.0003,-1.6082,0.0221,0.0,-0.7787,0.2169,-1.5976,0.0394,0.567,0.2307,0.1302,-0.588,-0.3003,0.3608,0.6797,3.7891,5.6669,0.2603,-0.0803,-0.3402,4.9315,7.4293,0.9513,-2.8301,0.3017,-0.2209,9.3459,8.6602,2.8894,-0.0663,-0.8435,-0.4015,0.3758,0.3502,-0.4008,0.3209,-0.928,0.3804,0.3704,-0.0201,-0.2809,-0.3996,0.7269,0.2502,-0.0249,-0.1393,0.4674,-0.3644,0.7754,0.5006,0.4407,-0.749,-0.3137,-0.4504,0.0848,0.4807,0.0292,-0.3447,,,,,,,
684,5744,108,6,cycling,-0.0548,0.7282,-0.1054,0.0855,0.1273,0.0699,-0.1349,1.2757,-0.0163,-0.0772,-0.5834,-0.0464,-0.2829,1.3786,0.1546,-0.007,-0.0922,0.3051,-0.2053,-0.268,-0.2332,0.4082,0.3677,0.3874,0.0345,-0.1105,0.0211,-0.1508,0.0807,0.3591,0.0503,0.1302,-0.1197,0.101,0.1122,0.0189,0.6967,-1.6839,-0.2806,0.5075,0.6595,-0.4785,-0.0005,0.0584,-1.6056,0.1005,0.001,0.5988,-0.2202,-1.6219,-0.3751,2.7866,-0.3641,0.3005,0.9896,-0.3014,-0.2304,0.4296,3.7632,4.9065,-0.4013,-0.2161,0.2504,0.3454,1.4403,-0.4993,1.7908,-0.3506,-0.5753,5.9301,3.8727,0.9421,-0.3994,-0.3402,-0.3704,0.8319,0.9722,-0.0642,0.2251,-0.9056,0.4753,-0.4008,0.2603,0.0752,0.3808,0.5494,-0.2244,-0.4672,0.1255,0.3209,-0.5149,-0.7758,-0.4704,0.0755,-0.9666,-0.4806,-0.5509,-0.3442,0.0681,0.0995,,,,,,,,
685,5745,108,6,cycling,-0.0891,0.7382,-0.0552,-0.0182,-0.041,-0.0931,-0.0073,1.2068,-0.1553,0.0723,-0.4854,-0.1417,0.2843,1.3797,-0.163,0.2572,-0.3483,0.3879,-0.1947,-0.2758,0.2265,-0.0696,-0.3349,0.2432,0.034,-0.1303,-0.0507,0.0809,0.0217,-0.1109,0.101,0.4489,-0.2207,0.3974,-0.3536,0.1006,-0.5742,-0.7746,-0.5067,0.2302,3.6694,2.7855,-0.2604,-0.0662,-1.6064,-0.0007,0.3013,0.8427,0.6959,-1.628,0.3991,-0.9895,-0.3751,-0.8856,0.9963,-0.1197,-0.877,-0.8575,0.3709,0.1503,-0.3806,0.2162,0.3648,-0.2251,4.4019,-0.4504,5.0602,-0.3457,0.2508,7.9029,8.9225,-0.8757,-0.4402,-0.7633,0.3405,0.3002,-0.5752,-1.3507,-0.0343,-1.2017,0.4004,0.4165,-0.3206,0.0477,-1.4993,0.6118,0.5681,0.4187,1.5663,0.8482,-0.3609,-0.8695,-0.4703,1.1122,-0.8672,-0.2807,0.5276,0.0682,3.0446,-0.0,,,,,,,,
686,5746,108,6,cycling,0.0549,-0.7202,-0.0062,-0.0154,-0.0794,-0.0933,0.0853,1.4569,-0.1632,0.0318,-0.6468,-0.1378,0.1438,1.3617,0.2279,0.0699,-0.2542,0.2329,-0.266,-0.0428,-0.2489,-0.2748,-0.3072,-0.0215,-0.3582,0.1196,-0.0505,0.3486,-0.3785,-0.4466,-0.101,-0.0006,0.1105,0.0158,0.01,-0.0804,-0.3018,-0.4798,-0.1308,-0.2603,2.8093,0.5795,0.0332,-0.1009,-1.6573,-0.1016,0.1124,0.5963,-0.2169,-1.6792,0.1506,0.8874,0.5576,0.7597,0.7781,-0.3405,-0.3458,0.7071,5.9025,4.2252,0.2806,0.2305,-0.0002,0.3751,3.8728,-0.399,-2.4802,0.3004,-0.3649,1.3703,8.8751,1.9638,0.4013,-0.846,-0.4272,0.8471,-0.3504,-0.9404,0.2244,-0.7681,-0.3207,-0.3805,0.2507,-0.3108,0.0394,0.6561,0.0362,-0.1791,0.0189,0.1586,0.3605,-0.4291,0.4008,-0.4993,0.4677,0.4406,0.5753,-0.0262,0.0642,0.3447,,,,,,,,
687,5747,108,6,cycling,0.0718,-0.7407,-0.0562,-0.0694,-0.0117,-0.0414,0.0941,1.5053,-0.0878,0.0042,-0.5744,-0.1674,0.3386,1.4073,-0.0323,-0.2271,-0.3551,0.2082,-0.2555,-0.4568,-0.398,-0.3091,0.2446,0.3731,0.2689,-0.2738,0.2834,0.2954,-0.4952,0.6064,-0.022,0.0806,-0.0506,-0.1011,-0.1005,0.0007,-0.4883,-0.8843,-0.1102,0.1509,0.7097,-0.1308,-0.0001,0.1027,-1.5856,-0.1122,0.1199,0.3009,0.2304,-1.6596,-0.001,3.6399,-0.2602,-0.5976,-0.7985,0.3641,0.7772,0.6775,2.8766,5.6981,-0.8475,-0.108,0.3606,4.4296,-0.2202,-0.9539,-0.9327,-0.3704,0.3206,0.5384,-0.9862,-1.749,-0.3459,-0.5753,0.3995,1.2806,0.4505,-1.3018,0.0002,-1.4015,-0.3408,-0.5109,0.0113,0.2508,0.0983,0.6892,0.2162,-0.0962,-0.0473,0.3502,-0.2252,0.4007,0.4806,-0.6003,0.3809,0.0753,-1.5494,0.2242,-0.3753,0.4709,,,,,,,,
688,5748,108,6,cycling,0.0012,-0.7347,-0.0749,0.0165,0.0323,0.0866,0.0529,1.3797,-0.1155,0.0434,-0.6769,-0.1357,0.1786,1.3344,-0.1859,-0.069,-0.256,0.2442,0.2821,0.384,0.0943,-0.3072,-0.2658,0.2763,-0.355,-0.0803,0.1197,0.3902,-0.3671,-0.1005,-0.1505,0.4561,-0.2259,0.0004,-0.1122,-0.1102,-0.4794,-1.7584,0.2165,0.3005,2.6853,-0.568,-0.1307,-0.0506,-1.5464,0.1018,-0.3011,0.857,-0.2803,-1.7977,0.0702,-0.7852,-0.7699,0.3502,-0.3402,0.2307,0.3805,0.7426,-0.9329,-0.9892,0.3704,-0.2205,-0.2171,3.3754,4.8873,0.8315,5.4408,0.8746,-0.3208,-2.8981,7.9636,-1.4296,-0.3608,-0.9516,0.2607,0.8224,-0.5758,-0.4505,0.2502,-1.3992,0.4808,0.0704,-0.1007,0.0394,0.4015,0.7687,0.4679,-0.0661,0.5004,-0.4002,-0.3123,-0.3459,0.2241,0.5647,0.4752,0.3649,-0.3137,-0.1423,0.6557,-0.3157,,,,,,,,
689,5749,108,6,cycling,-0.0034,0.6498,0.0113,0.0515,0.043,-0.1089,0.0788,1.4055,-0.0868,-0.0923,-0.6547,-0.1431,-0.1903,1.2985,0.1622,-0.1702,-0.2035,0.1858,-0.2746,0.0636,-0.2544,-0.2639,-0.1194,0.3342,0.2857,0.1104,-0.1307,0.3776,0.1008,0.4573,0.0507,0.2803,0.1012,0.0005,0.0231,-0.0276,0.1126,0.7959,-0.2207,0.0387,-0.7748,-0.567,-0.0803,-0.1508,-1.5091,-0.079,-0.1111,-0.0606,0.2251,-1.6683,-0.058,0.6761,-0.6074,-0.3015,0.6375,-0.2508,0.7895,-0.4005,0.5753,2.6972,0.0755,0.0001,-0.0286,3.8615,4.9799,0.4014,0.8745,-0.3804,0.3001,-0.8211,5.9638,-0.8148,-0.2307,-0.3607,0.0441,0.4297,0.2243,-0.2603,0.0292,-0.7681,-0.3646,-0.4759,-0.2163,-0.0394,-0.3706,0.7372,-0.3505,0.3995,-0.0753,-0.0794,0.4679,0.3403,0.4994,0.3456,0.4702,-0.5502,0.4509,0.1706,0.4692,-0.0247,,,,,,,,
690,5750,108,6,cycling,0.0145,-0.6516,0.0042,0.0526,0.0213,0.1053,0.0375,1.2866,-0.0695,-0.0717,-0.6047,-0.093,-0.0427,1.4424,0.2315,-0.1941,-0.2954,0.3352,0.2062,-0.2296,0.0856,0.1194,-0.2546,0.3435,-0.4869,0.0509,-0.1122,-0.5838,0.3679,-0.4082,0.0005,-0.1002,0.1109,0.1509,0.1015,0.1307,0.4937,-1.6891,-0.3943,-0.0804,2.8874,-0.7793,-0.3019,0.2259,-1.6778,0.2606,0.3646,-0.7061,0.6497,-1.5973,-0.2505,-0.8955,0.3709,-0.5786,-0.2803,0.2203,-0.2309,0.3997,3.9872,4.858,0.3756,-0.0258,-0.4003,-0.9987,5.8439,0.763,-2.8315,-0.3803,-0.0684,7.8755,8.4402,-2.4996,0.5756,-0.3006,-0.4677,0.3454,-0.4505,-0.0606,0.001,-0.7018,-0.4752,-0.4293,-0.2161,0.4806,0.4015,0.6604,0.3403,-0.1494,0.3209,0.5004,0.0477,-0.3137,0.5014,0.7509,0.6559,0.3609,0.2246,0.0394,-0.6002,0.0937,,,,,,,,
691,5751,108,6,cycling,0.0399,-0.6837,0.0586,-0.0955,-0.144,0.0049,0.0765,1.4547,-0.1143,-0.0148,-0.6741,-0.1704,-0.2452,1.362,-0.1651,0.2893,0.277,-0.3898,-0.0621,-0.0844,0.3489,-0.265,-0.2379,0.3059,-0.2587,0.028,0.1308,-0.3582,0.2956,-0.2808,-0.0504,-0.3381,0.1194,0.0809,-0.1122,0.0009,-0.3946,-1.7675,-0.5885,0.5469,2.536,-0.6478,0.2506,0.2169,-3.5794,-0.2204,0.2259,-0.7436,-0.637,-2.1104,0.4016,0.3705,-0.7792,0.2603,0.6697,0.1014,-0.1505,0.2305,-0.9513,-0.3015,0.8344,0.1008,-0.3757,3.889,4.4292,0.9617,7.3456,0.5754,0.4001,0.8422,9.4503,-1.5408,0.0753,-0.3644,0.3608,0.8753,-0.4648,0.4672,0.0001,-0.6006,0.3008,-0.3138,-0.0477,-0.4143,0.3208,1.5507,0.2246,-0.3509,-0.3997,0.5009,-0.4758,0.4666,-0.3108,0.4188,0.5455,0.0661,-0.4689,0.1323,0.3406,-0.3257,,,,,,,,
692,5752,108,6,cycling,-0.0739,0.6858,0.0114,-0.0046,-0.0523,-0.1352,0.025,1.4083,-0.1057,-0.0853,-0.6047,-0.1244,0.1821,1.2943,0.163,-0.1756,0.047,-0.0932,-0.2759,-0.2551,-0.0328,0.2275,-0.3364,-0.2654,0.0697,0.0504,0.1106,-0.3548,0.0807,0.3879,0.0005,0.1003,-0.1012,-0.001,-0.1303,0.1192,-0.5589,-1.6769,0.1506,0.459,2.7798,-0.9976,0.0453,0.2807,-1.8096,0.2162,0.1126,0.8892,-0.7861,-1.6687,-0.3406,0.6582,-0.7319,0.3457,-0.7419,0.2303,0.3993,0.6375,0.8427,-0.4007,-0.3013,-0.2504,0.3008,0.9591,3.2603,0.8521,4.5685,0.2252,-0.5751,2.4299,7.726,-0.3751,-0.3808,-0.866,0.3604,-0.8757,-0.4998,0.3507,0.0515,-1.4681,0.2204,-0.2246,-0.3251,0.5004,-0.0642,0.6809,-0.3139,-0.3203,-0.4703,0.4806,0.3644,-0.4757,0.4679,-0.0662,-0.4017,-0.0606,-0.5663,-0.1797,0.6556,-0.45,,,,,,,,
693,5753,108,6,cycling,-0.1532,0.5341,0.0105,0.0761,0.1062,0.0986,0.1206,1.2546,-0.044,0.0033,-0.5949,-0.1754,-0.3463,1.1875,0.2422,-0.0878,-0.2968,0.2348,0.1942,0.3903,-0.2752,-0.023,0.2873,-0.3743,0.2653,0.1012,0.3681,0.4493,0.3874,-0.585,-0.0508,0.4585,0.1505,-0.0004,-0.1305,0.1005,0.6594,0.7955,-0.2809,-0.1122,2.6677,0.6799,-0.3006,0.0804,-0.8082,-0.2303,-0.4776,0.5792,0.5664,-1.1111,0.1105,0.6984,0.887,-0.6071,-0.3453,-0.2259,0.3015,0.3609,-0.9721,0.2167,-0.871,-0.1197,0.8972,3.3708,4.902,0.4403,-3.9513,-0.3994,-0.3648,-1.7386,7.9635,0.9891,0.2604,-1.5008,-0.3755,0.7406,0.3406,-0.0477,-0.2202,-2.7684,0.3802,-0.4005,-0.0183,0.3208,0.4995,-0.4803,-0.089,0.2506,0.0157,0.4689,0.4672,0.6008,-0.2241,-0.4752,-0.4704,0.3509,0.7508,-0.4012,-0.4299,0.0852,,,,,,,,
694,5754,108,6,cycling,-0.0103,0.5013,0.0035,-0.0415,-0.0849,-0.0917,0.0214,1.3865,-0.0737,0.1159,-0.7763,-0.1362,0.0568,1.5561,-0.1821,0.1642,-0.2951,0.365,0.2789,0.452,-0.347,0.2448,-0.0631,-0.2633,0.3066,0.1018,0.1303,0.1194,0.1104,-0.2607,-0.0507,0.1509,-0.1003,0.0804,-0.0009,0.1129,0.2303,-0.3979,0.4399,0.5794,0.8871,-0.468,0.0203,-0.0067,-1.5852,-0.0267,0.0,-0.2257,0.6476,-1.6056,0.5311,0.5469,-0.3705,-0.2805,0.7582,-0.2508,0.3506,-0.4003,0.7301,-0.7895,0.4298,0.301,-0.3649,2.9635,3.93,-0.989,4.5109,0.8319,-0.8744,9.9744,8.9558,0.8437,-0.7435,-0.8544,0.3459,0.5184,-0.3803,0.3994,0.0515,-1.4402,-0.3203,-0.4013,-0.2209,0.8629,-0.0522,0.6591,0.2162,0.3006,0.2242,-0.0792,0.0672,0.4992,0.4143,0.4106,0.0189,0.4757,0.0682,0.0394,-0.9236,-0.3402,-0.0,,,,,,,
695,5755,108,6,cycling,0.1581,-0.6693,0.0854,0.0733,-0.0963,-0.1265,0.007,1.2057,-0.0645,-0.0401,-0.4864,-0.1431,0.0547,1.3868,0.3637,0.2962,-0.2886,-0.1851,0.1944,-0.2449,0.2759,0.3487,-0.2373,-0.033,0.2655,0.0005,-0.1005,0.3979,-0.2309,0.3591,-0.1122,0.1196,0.0606,-0.0509,-0.1106,0.0217,0.6074,-1.8095,0.4097,-0.1011,2.7869,0.8542,0.3015,-0.5846,-1.8882,0.509,-0.3994,0.9956,0.7792,-1.6784,0.2257,0.3753,0.9675,-0.4292,0.8301,-0.2209,0.9433,0.3641,3.0227,-0.9861,0.8972,0.0806,-0.3606,-0.4994,4.764,-0.1505,3.5504,-0.3502,-0.4007,7.4017,8.4757,0.5008,0.0702,-0.2508,0.0404,0.5753,0.4673,-0.5015,-0.2243,-0.9056,0.3452,0.1306,0.3009,-0.3406,-0.3207,0.6554,0.3282,-0.2805,-0.2165,0.3709,0.4807,0.3803,-0.3139,0.5109,0.4687,0.4691,-0.4502,-0.2606,0.4708,-0.0753,0.0,,,,,,,
696,5756,108,6,cycling,0.0327,-0.6546,0.0116,-0.0845,-0.0986,-0.0568,-0.0215,1.2598,-0.0655,0.0054,-0.6791,-0.0743,-0.1853,1.3787,-0.3356,0.2326,-0.1958,-0.2897,-0.2239,0.3059,0.044,0.3475,-0.3529,-0.4882,0.3847,0.1509,0.0508,0.607,0.3671,0.7962,-0.1013,0.1306,0.1002,0.0009,0.0807,0.0542,-0.5785,-1.8878,0.1104,0.4469,2.4984,0.7364,-0.1194,0.2803,-2.8976,-0.2609,-0.2241,0.6399,-0.5072,-1.7792,0.0455,-0.838,0.6695,0.2302,-0.3508,0.2162,0.3997,0.3802,3.4992,4.1126,-0.3013,0.2253,0.4406,-0.964,7.7436,0.3759,2.9035,-0.3607,-0.3005,9.5505,8.9445,-2.5009,0.4012,-0.9057,-0.2508,-0.3648,-0.3404,1.4298,-0.2208,-0.933,0.0689,-0.6008,-0.0002,0.3452,0.1204,0.7503,-0.0661,0.1657,0.0038,-0.1436,0.0606,-0.4751,-0.3208,-0.0569,-0.7751,-0.3705,0.5758,0.4005,-0.8576,-0.0545,,,,,,,,
697,5757,108,6,cycling,-0.0104,0.6486,0.0548,0.0955,-0.1289,-0.0054,0.1438,1.3908,-0.0787,0.156,-0.5799,-0.2073,0.3532,1.2821,0.0626,0.2403,-0.2291,-0.3066,-0.2784,-0.2949,-0.2346,0.4095,-0.2572,0.5868,-0.3634,0.4559,-0.3744,-0.658,-0.7096,-0.4781,0.0804,0.3394,0.5085,-0.0225,0.1506,-0.1307,-0.1015,-1.6971,0.1199,0.4375,2.9863,-0.7467,-0.2603,0.0509,-1.7783,0.2505,-0.2165,0.7853,0.3007,-1.7956,-0.3758,-0.0005,0.0753,0.1129,0.3809,0.3705,-0.3503,-0.1103,0.9319,3.0684,0.4294,0.2307,-0.3404,4.8892,0.3451,0.3014,-2.8492,-0.3604,-0.2207,2.763,7.4004,0.6163,-0.2806,-0.3641,-0.9721,-0.4677,0.4405,-0.8213,0.059,-0.9607,-0.4993,0.4754,-0.2241,-0.3994,0.4015,0.7459,0.0681,-0.2254,0.4506,0.0104,-0.1003,0.4681,0.1963,0.4703,-0.3209,-0.6002,0.5648,0.1602,-0.8576,-0.3441,,,,,,,,
698,5758,108,6,cycling,0.0103,-0.6518,0.0628,0.0933,-0.0772,0.0825,0.1155,1.3046,-0.1254,0.0047,-0.6438,-0.0557,-0.1402,1.2979,-0.1926,0.1631,0.2067,-0.048,0.2268,0.2448,-0.0008,0.2784,-0.3676,-0.3963,0.3582,0.0509,0.2259,-0.3791,0.1303,0.4959,0.119,0.1017,0.0803,-0.02,0.1509,0.0002,-0.585,-1.9842,-0.4083,-0.1006,2.7895,-0.4594,0.4489,-0.2163,-1.6056,0.3017,0.3751,0.8874,-0.2303,-1.7888,-0.2807,-0.6677,0.6961,0.1126,-0.1102,-0.2602,0.7585,0.7071,0.9986,-0.8737,0.7316,-0.1001,-0.3605,0.4004,3.9727,-0.9627,4.4996,-0.4011,-0.5008,0.936,9.8117,-0.9065,0.5154,-0.3708,0.3993,0.3459,-0.2207,-1.0384,0.2507,-1.0278,-0.4137,-0.0681,0.0286,0.3139,0.5264,0.6159,-0.0753,-0.3649,0.3503,-0.0663,-0.4409,-0.0606,0.0702,-0.4299,0.4672,-0.6001,0.5014,-0.0739,1.3146,0.4753,,,,,,,,
699,5759,108,6,cycling,-0.0767,0.5778,0.0148,0.142,-0.0944,0.0568,-0.028,0.2489,-0.0053,-0.1221,-0.0323,0.0637,1.3547,1.4908,-0.3359,-0.2772,0.3064,0.4096,-0.0429,0.3625,-0.2893,0.385,-0.3461,0.4655,2.6051,0.5877,0.3952,0.7062,0.8876,3.579,0.0005,0.5499,0.2257,0.1004,-0.1306,0.1015,0.5611,-1.7591,-0.2805,0.4542,0.7973,0.7866,-0.0507,-0.2304,-1.6982,-0.1192,0.2204,0.6595,-0.1103,-1.6557,-0.9874,-0.8749,0.5752,-0.3013,0.8645,0.3648,-0.3405,-0.3506,4.3756,0.846,-0.3456,0.027,0.4007,-0.8323,8.3808,0.4997,-1.8501,-0.2241,-0.4679,7.9723,9.3004,-2.9433,0.2602,-0.1505,-0.3704,0.3605,0.4113,0.4505,0.0606,-1.2167,0.2508,0.4015,0.0823,0.0661,0.0453,0.7372,0.3998,0.0292,0.5001,0.0682,-0.4759,0.1121,0.0332,-0.3203,-0.8756,0.4808,0.0642,0.0152,-0.4293,-0.0753,0.0002,,,,,,,
700,5760,108,6,cycling,0.0149,-0.5377,0.0853,0.1252,0.0033,-0.0962,0.1354,1.3689,-0.1604,0.1186,-0.6941,-0.0584,-0.1551,1.207,0.2519,0.0737,0.3876,-0.2957,-0.2639,-0.2432,0.0692,-0.2379,0.2773,0.2844,0.3487,0.0345,-0.1307,0.309,0.4842,-0.3568,0.1198,0.4088,-0.0217,-0.0009,0.0406,-0.1005,0.3018,-1.7855,0.435,-0.4675,0.9961,0.5958,0.0002,-0.0809,-1.7764,-0.0509,0.0572,0.2205,0.3403,-1.6681,0.3458,2.9767,0.101,0.2508,-0.3995,0.1104,0.3758,-0.6595,5.748,3.3706,0.9639,0.2253,-0.2807,-0.8547,4.9871,0.4012,0.9428,0.3006,-0.3206,0.9238,7.8319,-1.8756,-0.1129,-0.3504,0.0663,0.5758,-0.4009,0.2605,0.2308,-1.1507,0.0996,-0.3257,0.2241,-0.5009,0.0755,0.749,-0.3608,0.2169,-0.4506,0.3643,-0.3443,-0.0704,0.5507,0.4402,-0.4706,-0.7751,-0.1245,0.3804,-0.4758,0.1256,-0.0,,,,,,,
701,5761,108,6,cycling,-0.1384,0.694,0.0761,0.0931,-0.0077,-0.0872,0.0141,1.3083,-0.0655,0.0008,-0.6562,-0.048,0.1774,1.2634,0.2035,0.2443,0.2364,0.2856,0.0548,0.2291,0.3621,-0.3868,0.4789,-0.0327,-0.1015,0.2982,0.1126,-0.5088,0.4537,-0.3381,-0.0211,0.1191,-0.2162,0.2203,-0.2806,-0.2259,-0.0506,-1.7951,0.3946,-0.1503,0.7592,0.4467,-0.2242,-0.0809,-1.537,-0.1105,0.1306,-0.4954,-0.5957,-1.6399,0.1003,2.5852,-0.3754,-0.3018,0.7871,0.4006,-0.6086,0.3804,4.8701,3.6685,0.9719,-0.3641,-0.3458,-2.3705,7.7327,0.9633,0.9895,0.4294,-0.4016,-0.9427,8.5756,-0.4997,0.2602,-0.9319,-0.3609,0.5648,0.3405,0.0682,0.0002,-0.7808,0.4751,-0.5008,-0.2505,-0.0753,0.3993,0.5264,0.4674,-0.2308,-0.3257,0.1715,-0.3209,-0.4684,0.3009,-0.4807,0.0473,0.4505,0.3504,-0.1654,0.6556,-0.0143,,,,,,,,
702,5762,108,6,cycling,0.0719,-0.7202,0.0586,-0.1279,-0.1167,0.1559,-0.0955,1.2657,-0.0601,-0.0475,-0.6068,-0.0866,0.1642,1.2535,0.2702,0.177,0.2061,-0.0054,-0.2271,-0.2951,-0.4072,-0.3981,-0.2441,0.3697,0.4849,0.0508,0.3491,0.4345,-0.5074,-0.3837,0.0008,-0.0344,0.1108,-0.1122,0.0387,0.1012,0.1302,-0.7664,0.0809,0.1002,-0.5895,-0.1191,-0.0259,-0.0001,-1.6583,-0.0198,-0.01,-0.2509,-0.538,-1.7161,0.0606,-0.2257,-0.2305,0.2165,-0.2807,-0.3018,0.1505,0.3406,-0.8499,0.7794,0.3644,0.2209,-0.3257,2.8885,4.8769,-0.789,0.928,-0.2608,-0.4008,-0.8973,3.6163,0.9621,-0.4014,-0.3609,-0.4296,0.3708,0.3508,0.8139,0.001,-0.8759,-0.3206,-0.0857,0.0203,0.3454,0.0362,0.7117,0.0552,0.0002,-0.3759,-0.0933,0.0753,-0.3808,0.0477,0.3005,0.4805,-0.3441,0.5752,-0.0231,-0.4684,-0.0957,,,,,,,,
703,5763,108,6,cycling,0.141,-0.7277,0.0781,-0.1554,0.0189,-0.0082,-0.0364,1.2886,-0.0845,-0.1705,-0.5635,-0.1259,0.2694,1.493,0.367,0.2443,0.2283,0.3846,0.3765,-0.3463,0.0904,0.4476,-0.2742,-0.3357,2.3953,0.0699,0.2987,0.4073,0.585,0.7598,0.026,0.2602,0.1304,-0.0286,0.0004,-0.1005,-0.5566,-1.679,0.2259,0.1508,3.8535,-0.8469,0.4796,0.0663,-2.6851,0.2305,0.2803,-0.7971,-0.0504,-1.8892,0.7772,-0.7895,-0.8097,-0.7422,-0.3649,0.1193,-0.3014,0.1122,4.3996,-1.6212,-0.1106,0.1014,0.2242,-0.3452,0.2503,0.4296,-3.5759,-0.3402,0.3608,1.5505,-0.4014,1.8759,-0.0755,-0.9344,-0.3703,0.7459,0.4408,-0.9238,0.001,-1.3209,-0.4006,0.4128,-0.3009,-0.3504,0.4803,0.6014,0.3755,-0.2203,-0.0684,0.171,0.2161,0.4993,0.4752,-0.5013,0.0806,0.4702,0.4164,-0.0881,-0.7395,-0.0721,,,,,,,,
704,5764,108,6,cycling,-0.0148,0.5262,-0.0561,-0.0052,-0.0345,-0.1234,0.0437,1.4963,-0.0733,0.0925,-0.5832,-0.0853,-0.1655,1.157,-0.0619,-0.2462,0.2702,0.2359,-0.2281,0.309,-0.2857,-0.4068,-0.365,-0.3554,-0.266,0.0807,0.1304,-0.2947,-0.3944,0.301,-0.1108,-0.388,0.1004,-0.1126,0.0441,0.0506,0.1018,-1.6791,-0.1509,0.119,-0.7895,0.0003,0.0002,0.0231,-1.732,0.0001,0.0169,-0.3002,0.2207,-1.6696,0.2246,-0.8856,-0.2163,-0.3997,0.7579,-0.2806,-0.6582,0.7772,-1.7499,2.4004,-0.9871,-0.2308,0.3644,5.9715,3.8976,0.3757,4.9324,-0.0709,0.4757,-1.9437,8.8747,0.8625,0.2608,-0.8315,0.4505,-0.3707,-0.3457,0.4014,-0.001,-1.2012,-0.3253,0.2506,-0.0986,0.2258,0.3508,0.7185,0.0192,0.0442,-0.0853,-0.1772,-0.01,0.5504,0.3205,-0.3808,0.4682,0.4297,-0.0455,0.3609,0.3447,-0.1466,,,,,,,,
705,5765,108,6,cycling,0.0761,-0.7391,0.0581,-0.0063,-0.1096,-0.0868,0.0111,1.4849,-0.0691,-0.1254,-0.6437,-0.0947,0.2329,1.2789,-0.1619,-0.2283,-0.2077,-0.034,-0.398,-0.3587,-0.2452,0.4572,0.0499,0.3857,0.3078,0.2669,0.1306,-0.445,-0.5542,0.4631,-0.028,0.119,-0.1009,-0.101,-0.0008,-0.0441,0.1505,-1.9843,0.0503,-0.1126,0.5623,0.3016,-0.2308,0.0166,-1.6094,0.2207,0.2242,0.5988,-0.1105,-1.5893,-0.3009,-0.2258,0.677,-0.0606,-0.7375,0.0804,0.3457,0.2808,-0.868,-0.2163,0.7499,0.02,-0.4016,3.7906,2.5138,-0.4292,4.9022,0.3751,-0.2502,-0.5648,5.9527,-0.8519,-0.3647,-0.4408,0.3502,0.9727,-0.4993,0.0755,0.0554,-0.9452,-0.3207,-0.4751,-0.3404,0.3605,0.3441,0.6604,-0.3703,0.0155,-0.4803,-0.1392,0.5753,0.0473,0.4001,-0.4503,-0.3802,-0.0752,-0.0477,0.3994,-0.5247,,,,,,,,,
706,5766,108,6,cycling,0.0418,-0.7736,0.0102,-0.1063,0.0957,-0.1345,0.0049,1.2555,-0.0781,0.1424,-0.5903,-0.0852,0.1558,1.3931,-0.2742,0.1716,-0.2856,0.2346,0.069,0.3047,0.0554,0.2969,-0.2651,-0.3344,0.3489,-0.0009,0.101,0.4083,-0.3785,0.3871,-0.3543,0.2257,0.0509,-0.1003,-0.0332,0.0809,-0.1103,-0.6462,0.2507,0.2302,0.6567,-0.7084,0.1124,0.1193,-1.686,0.1502,0.1306,0.8074,0.7986,-1.7578,0.5399,2.9412,0.7323,-0.2163,-0.3649,-0.2207,0.3708,-0.3004,3.8896,5.7645,-0.4996,-0.0473,0.4003,0.9726,4.3012,0.8701,0.9513,-0.3751,0.4012,-0.8212,7.9319,-0.7759,-0.5002,-0.3408,-0.3606,-0.5757,-0.4296,0.6505,-0.0001,-0.9449,0.4509,0.4679,0.0973,-0.2806,-0.3806,0.5681,0.4702,-0.0191,0.3453,0.3994,-0.6003,-0.7509,-0.4751,0.4405,-0.9855,-0.619,-0.0473,0.3203,-0.0642,-0.3441,,,,,,,,
707,5767,108,6,cycling,-0.0035,0.6405,-0.0861,0.0399,0.0698,0.0973,-0.0113,1.4417,-0.1254,0.0553,-0.588,-0.1531,-0.1934,1.3977,0.2432,0.2989,0.2827,0.3351,0.0741,-0.2291,0.3846,0.0212,0.407,0.2556,0.5068,0.2643,0.3075,0.3697,0.3787,0.6462,0.0007,0.0469,-0.0509,0.0092,-0.0209,-0.0001,-0.1018,-0.4765,0.1509,0.1129,0.8871,-0.0809,-0.01,0.1005,-1.4859,0.1194,-0.1308,0.5583,0.4957,-1.6681,0.1103,-0.7613,0.3018,0.2243,0.6085,-0.2303,-0.3502,-0.3607,-0.8437,-0.7978,0.3644,0.2802,-0.2164,2.2604,3.4296,-0.747,4.9617,-0.2203,0.3458,5.3992,7.9519,-1.8629,-0.0194,-0.2257,0.0226,0.9327,0.0229,-0.3403,0.001,-1.3808,0.3004,0.4015,-0.0002,-0.3209,-0.0455,0.8482,-0.1111,0.0254,-0.108,0.169,0.2509,-0.3705,0.0143,-0.3251,-0.4505,-0.4405,0.5109,-0.0342,-0.4991,0.0249,0.1344,,,,,,,
708,5768,108,6,cycling,-0.1082,0.3716,-0.0043,0.1712,0.0142,-0.0734,-0.0585,1.3397,-0.1459,0.0852,-0.506,-0.1557,0.2693,1.3832,-0.1848,-0.0439,0.0218,0.1958,-0.034,-0.093,-0.0645,-0.2354,-0.0006,0.0508,0.3555,-0.1108,-0.1014,-0.1005,-0.1196,0.1308,-0.1509,0.4798,-0.4486,-0.3671,0.2204,-0.0803,-0.6972,-0.4976,0.3018,0.1124,2.9946,0.679,0.2162,0.1027,-1.538,0.2308,0.2805,0.6691,-0.3757,-1.6463,-0.7074,0.7877,-0.6587,-0.2603,0.7584,0.7989,-0.3647,-0.9562,4.732,3.2258,0.4294,-0.0186,-0.3995,-0.3002,0.8883,0.5002,5.4805,0.3709,0.2244,0.968,0.4406,-0.4008,-0.3404,-0.2505,0.3804,0.9419,0.0643,-0.4013,-0.3205,-0.8482,0.4996,0.0332,-0.2171,0.3139,-0.3502,0.7184,0.3251,0.4753,-0.3604,0.5754,0.5503,0.4504,0.4674,-0.0752,-0.4165,-0.4689,-0.0995,-0.0408,0.9236,-0.1788,,,,,,,,
709,5769,108,6,cycling,0.0561,-0.6655,-0.1244,0.1172,0.1357,-0.0107,-0.0436,1.454,-0.0879,0.0023,-0.6743,-0.0947,0.2656,2.1878,-0.209,-0.1658,-0.2559,0.3846,0.3721,-0.2463,0.0639,0.2948,-0.3341,0.3552,-0.037,0.0507,-0.023,0.1308,-0.3496,0.0007,-0.1014,-0.0803,0.119,-0.1005,-0.001,0.02,-0.1508,-1.6498,-0.1127,0.5082,0.7799,-0.6865,0.2253,0.0307,-1.8892,0.1109,-0.2207,0.3011,0.7553,-1.628,-0.2802,3.976,0.2167,0.3505,0.3452,0.3707,-0.2503,0.7619,5.9413,4.8516,-0.7315,-0.0292,0.3409,-1.3008,-0.8974,-0.4015,-1.9322,0.4405,0.4299,7.86,-0.3998,-0.8731,0.3641,-0.8324,0.4995,0.9521,-0.2308,-1.8421,0.0001,-0.7757,-0.3754,0.5502,-0.027,-0.7408,-0.5759,0.7386,0.2604,0.2243,-0.4806,0.3205,-0.4754,-0.6146,0.3114,0.7406,-0.7407,-0.4681,0.4008,-0.0846,0.0455,0.0722,,,,,,,,
710,5770,108,6,cycling,-0.0584,0.5289,0.0737,0.0073,-0.0698,-0.0112,-0.1403,1.3941,-0.1171,0.0822,-0.7527,-0.2332,-0.2067,1.4036,0.2694,0.1653,0.3054,0.0435,-0.1957,0.2548,0.0955,-0.2944,0.028,-0.3481,-0.385,-0.119,-0.1109,-0.2893,-0.3358,-0.1304,0.0506,-0.1003,-0.2302,0.001,-0.101,-0.0807,0.3019,-1.4962,0.0007,0.2251,-0.6045,-0.6586,-0.0302,-0.2162,-1.6859,-0.1509,-0.1027,0.2805,-0.3005,-1.6364,0.2207,2.8969,-0.6672,-0.7792,-0.7956,0.4017,0.3451,-0.8891,4.838,5.8566,0.1121,-0.1001,-0.15,3.7899,0.4995,-0.2603,0.8735,0.3502,0.2509,-0.9719,8.9622,-0.9539,-0.4751,-0.3708,-0.3994,0.9027,0.3605,0.4117,0.02,-1.3253,0.4002,0.4505,-0.0001,-0.419,0.0299,0.7684,0.4403,0.0394,0.4681,0.2246,0.3759,0.5002,-0.4672,-0.5751,-0.4805,-0.3406,0.7759,0.0684,-0.5695,0.0606,,,,,,,,
711,5771,108,6,cycling,0.0104,-0.6944,-0.0073,0.0849,0.1203,0.0546,0.1557,1.3617,-0.0955,-0.1164,-0.5083,-0.1374,0.229,1.2962,-0.2061,0.0631,-0.1852,-0.3054,0.1902,0.3743,0.267,0.3824,0.2556,0.4832,-0.4567,-0.0766,-0.3391,0.2886,-0.4787,-0.6084,0.0807,-0.3481,0.4085,-0.119,-0.1104,0.2162,-0.0507,-1.7778,-0.1015,-0.0004,2.9775,0.8096,-0.2202,-0.2257,-2.9863,0.2506,-0.2807,-0.8865,-0.3007,-1.7968,0.3011,3.9317,-0.5953,-0.1302,-0.9599,-0.5894,0.7634,0.8972,4.5509,7.0477,0.1122,-0.1004,-0.1508,-0.3405,-0.3506,0.3997,8.9552,-0.2606,-0.3751,10.3456,-0.5002,9.5751,0.4018,-0.8759,0.3257,0.4406,-0.4507,0.4297,0.001,-0.926,0.4001,0.4143,-0.1027,-0.3706,0.3208,0.7002,-0.4679,-0.4754,0.3803,-0.0332,-0.2303,-0.4992,0.2242,-0.5134,0.3441,0.3646,-0.6001,-0.1672,0.4809,0.13,,,,,,,,
712,5772,108,6,cycling,-0.0581,0.5837,-0.0319,0.1294,0.0946,0.0856,0.0698,1.4568,-0.1642,-0.1021,-0.7733,-0.1364,0.2984,1.348,0.2827,-0.0073,-0.0791,-0.2659,0.2401,0.209,0.045,0.3553,0.397,0.2554,-0.026,-0.3066,-0.0005,-0.1308,-0.4076,-0.3861,-0.1013,0.2253,0.2503,0.0806,-0.0238,0.0503,-0.1102,-0.4947,0.2302,0.1129,0.4487,0.1508,0.0052,0.1027,-1.6982,0.1192,0.1006,0.4012,0.7563,-1.5797,-0.3457,-0.6579,-0.6788,0.3649,-0.8531,-0.2244,0.8699,0.7892,3.5756,2.8312,-0.4299,-0.1001,0.2165,0.3408,4.9527,0.2203,-0.539,0.4753,0.3608,0.8971,7.7215,0.9615,-0.3993,-0.748,0.3003,-0.7758,-0.3508,-1.4994,-0.3016,-0.8757,0.9325,0.3751,0.02,-0.3809,0.0332,0.7009,-0.3206,0.4009,0.4409,0.3447,0.4703,0.4806,-0.0993,0.2604,-0.4671,-0.5249,0.4509,-0.0035,0.9458,-0.3709,0.5004,,,,,,,
713,5773,108,6,cycling,-0.0963,0.5015,0.1143,0.0536,0.0735,-0.0054,-0.0182,1.4053,-0.0866,0.0322,-0.6477,-0.1332,-0.0431,1.2988,0.2421,0.1744,-0.1827,-0.2067,-0.3072,-0.0699,0.266,0.3485,0.1017,-0.388,-0.2825,-0.023,0.0504,-0.5076,-0.3379,-0.4549,0.1105,0.119,0.1003,0.0264,0.1303,0.0003,0.5869,-0.4783,0.2203,-0.1505,2.5594,0.4861,-0.0806,-0.2605,-1.7068,0.0477,0.1024,0.5762,0.7873,-1.7581,0.2166,3.5984,0.3001,0.1129,0.8974,0.6586,-0.301,-0.3707,4.9627,0.4297,-0.2302,0.1001,0.4005,0.9726,-0.3806,0.3993,8.9871,-0.4017,0.3608,7.8719,-0.9567,0.3503,-0.3451,-0.8754,0.5692,1.0663,-0.2502,0.2258,0.001,-0.9027,0.3203,-0.2809,0.0855,0.0854,0.1493,0.7506,-0.3646,0.039,0.4407,-0.0661,-0.0455,0.5384,0.3447,0.4507,-0.3402,-0.3758,0.7753,0.0446,0.9236,0.4684,0.0261,,,,,,,
714,5774,108,6,cycling,0.055,-0.7282,-0.0108,-0.0054,-0.0761,-0.0218,0.037,1.3958,-0.1289,0.1067,-0.5584,-0.1653,0.0693,1.3578,0.2062,0.043,0.1722,0.0929,-0.2543,-0.2447,-0.2656,-0.2357,-0.3746,-0.4432,0.2849,-0.2786,-0.1307,0.4541,0.3368,-0.1507,0.1102,-0.3685,0.1197,0.3481,-0.1011,0.0004,-0.6499,-0.4877,0.4071,-0.2253,0.7583,0.638,0.2806,0.1121,-1.6679,0.1005,0.3007,-0.6582,0.3458,-1.6094,0.0804,2.8769,0.5974,-0.3605,0.7613,0.2505,-0.8898,-0.4002,3.9022,7.4994,0.968,-0.0343,-0.0504,4.4013,-0.7316,0.2602,1.9567,-0.2302,-0.2204,-0.2167,-0.3757,1.9717,0.4406,-0.9219,0.3648,-0.4677,-0.3991,-0.3508,-0.1027,-0.7503,-0.3404,0.0709,0.3014,0.0922,0.3705,0.6719,-0.0848,0.429,-0.0873,0.0791,-0.3253,0.4503,-0.0753,0.2244,0.6503,-0.3205,-0.5757,0.1207,0.0759,-0.2171,,,,,,,,
715,5775,108,6,cycling,0.081,-0.7233,0.0048,0.1329,0.1255,0.1558,0.0636,1.3346,-0.0579,0.0774,-0.5721,-0.0142,0.2704,1.4083,-0.0328,0.0217,-0.2061,0.3824,-0.0959,-0.4549,-0.2698,0.2554,0.3523,-0.3467,-0.1191,0.3091,-0.1503,-0.4473,-0.3776,0.6986,0.1011,0.397,-0.4794,-0.0804,0.0387,-0.0509,-0.436,-0.6851,0.1002,0.5063,2.9953,0.6695,-0.0004,0.2204,-1.7864,0.2304,-0.1309,-0.5615,0.6589,-1.8093,-0.2253,3.8897,0.2508,-0.3995,-0.8566,0.3708,-0.628,0.7787,7.7215,5.4997,0.9636,0.0292,-0.2604,4.1103,9.3603,-0.4504,-2.9099,-0.301,0.4011,-3.3758,8.4806,-1.8117,0.2166,-0.922,-0.3008,0.8427,0.0394,0.0606,0.1121,-0.826,-0.2246,-0.0847,0.0002,-0.4005,0.0845,0.7459,0.0123,0.3646,-0.0933,-0.3806,-0.4702,-0.3206,-0.3406,0.4753,0.5759,-0.3452,-0.0702,0.0661,-0.6556,-0.0549,,,,,,,,
716,5776,108,6,cycling,-0.0867,0.6434,0.0619,-0.1356,-0.1186,-0.1765,-0.0327,1.3094,-0.0973,0.0783,-0.5847,-0.0584,0.1532,1.2639,0.0153,0.0042,-0.2372,-0.2581,-0.2035,0.2943,-0.3675,-0.0461,0.2469,-0.388,0.2898,0.0807,-0.0219,-0.3744,-0.1019,0.4548,0.3357,0.4962,-0.5591,0.1003,0.0006,0.1106,0.466,-1.4082,-0.1307,-0.2258,2.6695,-0.7951,-0.597,-0.1122,-2.8788,0.5074,-0.5499,-0.8978,-0.3403,-1.6852,0.3009,-0.7785,-0.3508,-0.0505,0.905,-0.3754,0.3017,-0.6329,3.7618,4.9767,0.3993,-0.2503,-0.3209,-0.1196,-0.2606,0.2806,9.4994,-0.4017,-0.4295,0.9636,-0.8757,-0.2164,0.3708,-0.4805,-0.4679,0.7759,-0.0752,0.3456,0.1505,-0.9052,-0.5754,0.5005,0.2204,-0.4757,-0.0702,0.5489,-0.3808,0.0642,-0.3644,-0.2309,-0.4006,0.7506,0.6008,-0.8122,-0.4502,0.4709,0.0332,0.3441,-0.7609,,,,,,,,,
717,5777,108,6,cycling,0.0105,-0.5142,-0.0033,-0.0216,0.0323,-0.1204,0.0846,1.4719,-0.1436,-0.0764,-0.658,-0.1521,0.1743,1.4083,-0.2055,-0.0957,0.2459,0.1822,-0.2681,0.0625,0.2856,-0.273,0.0508,-0.2944,0.1012,0.1305,0.1107,-0.3498,-0.3786,0.3979,-0.0009,0.0299,0.1191,-0.1005,-0.0806,0.1126,0.3885,-1.6871,-0.1502,0.3007,0.8841,0.536,-0.4969,-0.4893,-1.7872,-0.5882,-0.675,0.3013,-0.5475,-1.7613,-0.2166,2.5225,0.3402,-0.7766,-0.8799,-0.3502,0.7073,-0.3994,3.9561,4.7464,0.6316,-0.2805,-0.2308,1.9722,8.9022,-0.4003,-1.8947,0.3803,0.3609,-1.9415,14.8437,-0.9636,-0.5753,-0.9059,0.4992,0.7756,0.3649,-0.3709,0.2608,-0.9141,-0.2504,0.0755,-0.0192,0.2241,0.0339,0.799,-0.4408,-0.0473,-0.0332,-0.4503,0.2252,-0.5004,-0.2202,0.5504,-0.4113,-0.4759,0.7269,-0.4019,-0.4687,,,,,,,,,
718,5778,108,6,cycling,0.0762,-0.6738,-0.1048,0.1489,0.0829,-0.0154,0.0426,1.4419,-0.0568,0.0053,-0.7718,-0.0906,0.1657,1.3041,-0.2456,-0.2523,0.2298,-0.035,0.026,-0.3372,0.2852,0.3427,-0.119,0.3731,-0.4542,-0.1104,-0.1129,-0.4791,-0.398,-0.6951,-0.1017,0.3546,0.1308,0.1505,-0.01,-0.0502,0.5587,-0.5895,0.0003,-0.1005,3.7543,-0.6483,-0.0286,-0.301,-1.6399,-0.4986,-0.0804,-0.5974,0.6692,-1.6594,-0.2203,2.0267,-0.7319,0.2308,0.7093,0.4004,0.8897,-0.8413,4.7976,-0.7881,0.3805,-0.2502,-0.3001,-0.8531,7.3606,-0.2257,-4.821,-0.0456,0.2604,-2.0473,9.3758,-2.9242,0.3409,-0.3504,-0.4504,-0.902,0.3456,0.2806,0.0852,-1.3993,-0.4293,-0.5004,-0.1027,0.0603,0.3209,0.7009,-0.0477,-0.2164,-0.3642,0.0596,0.4406,-0.6002,-0.2241,-0.4994,-0.0682,-0.4012,0.0606,-0.0247,0.4709,,,,,,,,,
719,5779,108,6,cycling,0.0534,-0.7084,0.0149,0.0738,-0.0851,0.0463,0.0073,1.5062,-0.1043,0.0693,-0.7903,-0.1613,-0.2557,1.1865,0.1954,0.1772,-0.2332,0.2989,0.3956,0.2702,0.2637,0.2448,0.3066,-0.0931,0.3677,0.0003,0.1015,0.5955,0.5845,0.4468,-0.1196,-0.3353,-0.0684,-0.1107,-0.0502,0.1505,-0.6797,-1.7675,0.0408,-0.2259,2.6495,-0.4782,-0.2603,-0.1121,-1.9869,-0.1004,0.2505,0.3014,0.7891,-1.6099,0.2304,4.8081,0.8885,-0.3703,0.3408,0.3005,-0.3504,0.3996,3.862,7.3806,0.8711,0.2241,-0.1305,-0.9415,-0.4991,0.9638,8.9025,0.3757,-0.4017,9.4298,-0.7464,-1.9212,0.4408,-0.3648,-0.3206,-0.8344,0.4758,-1.3609,0.2164,-1.0807,-0.4702,0.4681,0.0442,-0.0704,-0.4673,0.6118,0.2809,0.0552,-0.0781,-0.2203,0.0534,0.4007,0.0954,-0.6553,0.0752,0.5505,-0.0993,-0.0723,0.4648,0.1423,0.0,,,,,,,
720,5780,108,6,cycling,-0.0149,0.6018,0.0045,0.0854,0.0439,0.0559,0.0638,1.5044,-0.0783,-0.1251,-0.6902,-0.1553,-0.1374,1.3072,-0.2276,0.276,-0.2346,0.3362,0.2421,-0.094,0.3785,0.2543,-0.0509,0.2955,0.2697,-0.0399,0.1109,-0.3628,-0.101,0.1303,-0.0005,0.2206,0.1504,-0.1121,0.0809,-0.1009,0.5863,-0.7957,-0.4868,0.4765,2.9475,-0.7867,0.1197,0.0001,-1.669,0.001,-0.1024,0.7088,-0.2163,-1.7793,0.5664,0.0606,-0.9861,-0.3709,0.8986,0.3505,-0.3808,-0.3405,0.4017,-0.732,-0.3998,-0.108,0.3755,-0.4006,3.5759,-0.8417,4.8716,0.0661,-0.0671,0.4506,5.968,-1.956,0.2257,-0.4299,-0.3603,0.9458,-0.5124,0.9762,-0.3648,-0.8218,-0.5001,0.5494,-0.2603,-0.2506,0.2241,0.6108,0.3006,0.3019,0.3103,-0.3208,0.4709,0.3453,0.4673,-0.4759,-0.5508,0.3447,-0.5184,-0.3253,0.8672,-0.4118,,,,,,,,
721,5781,108,6,cycling,0.1249,-0.7266,-0.0056,-0.1489,-0.1352,-0.1643,0.0145,1.5558,-0.0694,0.0411,-0.7519,-0.0867,0.1853,1.388,0.1559,-0.0746,-0.0962,0.0329,0.0528,0.2402,-0.2744,-0.263,-0.2547,-0.3791,-0.3557,-0.101,0.3984,-0.3385,-0.5076,0.4073,0.1198,0.1309,-0.3497,-0.0456,-0.1002,0.1027,-0.1103,-0.6569,-0.3013,0.1121,2.9895,0.4868,0.0008,-0.2509,-1.637,-0.0506,0.2808,0.0809,-0.2205,-1.7772,-0.1509,0.7981,-0.3458,-0.3703,0.669,-0.3993,-0.3406,-0.6493,-0.8892,-0.4002,0.3643,-0.0238,-0.3253,-0.3754,3.9978,-0.3002,4.839,-0.7435,0.8701,7.9645,8.4114,0.4292,-0.2169,-0.863,-0.8313,1.8217,-0.2608,-1.3809,-0.2242,-0.9093,0.5004,0.4406,-0.0568,-0.0996,-0.3502,0.6845,-0.2307,-0.4759,0.4991,-0.4677,-0.2257,-0.5695,0.3609,0.8672,-0.4015,0.4368,-0.4152,-0.0857,0.9,,,,,,,,,
722,5782,108,6,cycling,-0.0102,0.6563,-0.0035,0.0633,-0.0554,-0.1332,0.0851,1.4419,-0.1089,0.0734,-0.6716,-0.1236,-0.1479,1.1546,-0.2268,-0.1856,-0.3043,0.0438,0.2357,-0.0329,0.2764,0.4049,0.2496,-0.0972,-0.4825,-0.2659,0.1122,-0.5847,0.1015,-0.3787,-0.0004,-0.0809,0.01,0.0505,-0.0203,-0.0181,-0.5574,-1.846,0.5094,0.3019,-0.7871,-0.4217,-0.2252,0.2507,-1.7086,0.1109,0.1506,-0.1192,0.2603,-1.6682,0.2166,3.8569,0.1005,-0.3603,0.1302,-0.2303,-0.2208,-0.7793,2.8892,4.4292,0.7562,0.0443,-0.3007,-1.7327,0.7699,-0.8319,0.5759,0.958,-0.3457,0.974,7.9865,-1.4018,-0.3403,-0.9067,0.3704,0.7686,-0.0661,0.4006,0.3207,-1.3644,0.4672,-0.3751,-0.02,-0.2802,-0.3441,0.5015,0.3998,0.4403,0.3804,0.0544,-0.4689,-0.2241,-0.5005,-0.3503,0.6001,-0.4503,-0.4756,0.0721,-0.4806,-0.0,,,,,,,,
723,5783,108,6,cycling,-0.0861,0.6173,-0.0105,0.0059,-0.1152,0.1057,-0.0439,1.3849,-0.1406,0.0772,-0.6979,-0.0903,0.2384,1.3053,0.3578,-0.1955,0.2733,0.2829,0.2694,-0.3746,-0.2263,0.4554,0.2586,0.4851,0.4095,-0.1011,0.2165,-0.028,0.3489,0.1196,0.0506,0.3632,0.1106,-0.0001,0.0006,-0.1505,-0.585,-1.6788,0.2258,0.2308,2.9873,0.7747,-0.0807,-0.1302,-1.6496,0.0387,-0.1009,-0.6871,-0.567,-1.7675,0.6092,3.6591,-0.3644,0.4016,0.6681,0.2603,-0.3997,-0.7499,4.8544,7.8315,-0.3011,0.3003,0.3606,0.9301,1.8715,-0.4298,-2.5009,0.4003,0.2207,-1.974,8.3757,-0.9026,0.2502,-0.8752,-0.3457,-0.7671,0.3405,-0.3503,0.1122,-0.9097,-0.8224,0.3809,-0.0249,-0.0852,-0.4753,0.6118,0.3708,-0.3251,-0.2809,0.4402,-0.0514,0.3209,-0.0473,0.499,0.6002,0.4703,0.4681,0.1392,0.6146,-0.0682,,,,,,,,
724,5784,108,6,cycling,0.0047,-0.7882,-0.0104,0.1245,0.0548,0.061,0.036,1.5049,-0.1162,-0.0873,-0.593,-0.0774,0.2521,1.3581,-0.2841,-0.2277,-0.342,0.0944,-0.398,0.3772,0.0212,-0.2386,0.2976,0.3868,0.2655,0.119,-0.0007,-0.1018,-0.3354,0.4364,-0.0201,-0.1305,-0.0807,-0.1005,-0.0509,-0.0302,0.1103,-1.7584,-0.2207,-0.2164,0.567,0.6788,-0.2806,-0.1126,-1.6599,0.2602,-0.2504,-0.6979,-0.5883,-1.6316,-0.5318,2.8727,0.2253,0.3609,-0.9897,0.2302,0.5794,0.3646,3.669,4.0332,-0.0702,-0.0446,0.1502,-0.7891,-0.93,-0.8567,-0.966,-0.4018,0.3705,-0.9513,0.8971,0.4291,-0.3011,-0.3803,0.4757,0.3991,-0.3759,0.8213,0.0001,-0.9056,-0.4004,-0.5007,-0.3002,0.5508,0.0581,0.7505,0.3251,0.0606,0.0822,0.4508,0.4674,0.7757,-0.3407,0.5751,0.6509,-0.4998,0.7407,0.4689,-0.7659,-0.01,,,,,,,,
725,5785,108,6,cycling,0.0861,-0.7406,0.0626,-0.149,0.0765,-0.1878,0.1087,1.5077,-0.1256,0.0111,-0.7675,-0.1613,0.2225,1.3671,-0.0946,-0.0043,0.234,0.0581,0.3321,0.4483,0.3073,-0.2968,0.2451,-0.3764,0.3904,0.0506,0.038,0.3538,0.0809,0.5793,0.026,0.1018,-0.1105,-0.1005,-0.1509,-0.1027,-0.5466,-1.5955,0.1122,0.4984,2.5845,0.7088,0.2208,0.0009,-2.8947,0.1303,-0.1192,-0.6985,0.6786,-1.9872,-0.2165,3.5399,-0.3705,0.3456,-0.7963,0.2305,0.3802,0.429,4.977,7.74,0.623,-0.2807,-0.2508,0.3993,-0.9627,-0.4508,-4.5505,-0.4003,0.2259,1.6459,-0.5489,-2.9236,0.3008,-0.9217,-0.2603,0.7758,0.9513,0.7308,0.4017,-0.9427,-0.4673,-0.4751,-0.3508,0.2246,-0.3757,0.6006,0.4408,0.3641,0.3014,0.0681,-0.4995,0.4703,-0.4807,-0.4143,0.5757,0.0473,-0.0332,-0.3408,0.3609,-0.3253,0.0,,,,,,,
726,5786,108,6,cycling,-0.0145,0.4369,0.0546,0.0712,0.0059,0.0857,0.1162,0.1341,-0.0466,0.0324,-0.1426,-0.1517,0.2951,1.3091,0.2789,0.1633,-0.0922,-0.2055,-0.3552,0.026,0.2858,-0.347,-0.3937,-0.2542,0.0696,0.1126,-0.0009,-0.3881,-0.3685,0.1108,0.0505,0.1194,0.1507,-0.1009,-0.1303,0.1015,0.5086,-1.6469,0.4475,0.548,2.4843,-0.6897,-0.4783,-0.2502,-1.6344,-0.2259,-0.2305,-0.7699,-0.4961,-1.6798,-0.0804,3.7788,0.3704,-0.7465,0.7856,0.4013,-0.3991,0.7972,4.902,7.8716,0.8428,0.2806,-0.2606,0.3757,-0.9322,0.5759,9.9475,0.3015,-0.3802,8.5505,-0.7329,-2.8757,-0.9521,-0.3006,0.4407,-0.7459,0.5154,-0.3404,0.2166,-1.3649,-0.3454,0.4004,0.2242,-0.4681,0.4759,0.6559,-0.0663,0.3207,-0.5489,0.0477,0.4805,-0.4187,0.3508,-0.8672,-0.4502,-0.6009,0.8015,-0.0544,-0.8192,0.4674,,,,,,,,
727,5787,108,6,cycling,-0.0562,0.3223,0.0955,-0.1258,0.0186,-0.0411,0.0052,1.4067,-0.0694,-0.0375,-0.7026,-0.0856,0.2053,1.3543,-0.1542,0.0723,0.3346,0.2279,-0.3074,-0.2781,0.2447,0.026,0.2829,-0.4463,0.5969,0.0807,0.4557,-0.3764,-0.4976,0.6836,0.0508,0.3934,0.2507,-0.101,0.1109,0.1195,0.6695,-1.8841,0.1005,0.2308,0.9872,-0.4854,0.0005,0.0001,-1.898,0.01,0.0,-0.6591,0.1305,-1.6108,-0.2169,2.7861,-0.2607,-0.3452,0.3509,-0.2254,-0.2208,-0.3647,4.8799,-0.8217,-0.4004,-0.3013,0.3206,3.8544,1.9021,0.3997,7.9701,0.7792,0.1127,2.7311,8.9639,-1.4503,0.3757,-0.8344,-0.3403,0.7751,0.3005,0.839,-0.0584,-0.9607,0.2808,-0.0606,-0.0029,0.0199,0.0867,0.6793,-0.3803,0.1505,0.0362,0.0488,-0.4679,0.3709,0.4402,0.5005,0.5505,-0.4143,-0.3253,-0.4011,-0.5663,0.3606,-0.1656,,,,,,,
728,5788,108,6,cycling,0.0634,-0.7202,0.0437,-0.0961,-0.0549,0.0738,-0.0043,1.2635,-0.0878,0.0179,-0.598,-0.1466,0.1832,1.3315,0.1656,0.0399,-0.2346,0.2419,0.3929,-0.2295,-0.2744,0.3655,-0.4577,-0.4792,-0.2841,0.0212,0.0506,-0.101,-0.3075,-0.5081,0.1109,0.2209,0.1192,0.0804,-0.0007,0.1009,0.4873,-1.4057,-0.1509,-0.5882,-0.8764,-0.6974,-0.0002,-0.2507,-1.8972,0.2162,-0.2303,-0.1126,0.2254,-1.6865,-0.546,-0.9467,0.1307,-0.7063,0.7614,0.3608,-0.4402,-0.9719,3.3998,4.8428,0.964,0.3458,-0.2805,2.9029,5.9891,0.4996,-2.8512,-0.3011,-0.833,-1.9328,7.3757,1.86,0.4014,-0.4806,-0.3709,0.3402,0.3005,0.0603,-0.2607,-0.7686,-0.4689,0.0198,-0.2014,0.3505,-0.4004,0.5502,-0.2241,-0.0554,0.3809,0.2173,0.3205,0.5008,0.4757,-0.0672,0.4152,0.5134,-0.3643,-0.0593,-0.4703,0.001,,,,,,,,
729,5789,108,6,cycling,0.0581,-0.5109,0.0746,-0.1654,-0.0889,-0.1023,0.0145,1.4794,-0.1521,0.0413,-0.766,-0.1206,0.1774,1.3059,0.2479,0.2618,-0.2782,0.2988,-0.3898,-0.3956,-0.3487,-0.2584,-0.3391,-0.3652,-0.5083,0.0065,-0.0212,0.4969,-0.3775,-0.0329,0.0986,-0.354,0.1003,0.1303,0.0008,0.0807,0.5542,-1.4485,0.2163,0.1504,2.7063,0.6851,-0.1199,-0.0506,-1.6799,0.1121,-0.1102,0.6662,0.5873,-1.648,-0.3018,3.7871,-0.2253,-0.2503,-0.2808,-0.2307,0.5761,-0.7793,4.0387,8.7212,-0.2208,-0.0001,0.3003,-0.9518,-1.3709,-0.5757,7.3759,-0.2246,-0.4004,2.1011,-1.6242,-1.9099,-0.4299,-0.9638,-0.3808,0.9799,-0.3453,-0.3991,0.1024,-0.7681,0.4406,-0.4018,-0.01,-0.2602,0.3407,0.5647,0.3609,0.3644,0.4671,0.1206,0.5505,0.9217,-0.0752,-0.5276,-0.4759,-0.3442,0.4503,0.0408,-0.0682,0.0,,,,,,,,
730,5790,108,6,cycling,-0.0143,0.3677,0.0033,-0.1057,0.0696,-0.0434,0.1182,1.4969,-0.0773,-0.0962,-0.7539,-0.1638,-0.2447,1.377,-0.2391,-0.1856,0.2593,0.022,0.0879,-0.2271,0.0558,0.0329,-0.0507,0.2851,0.2759,0.0009,0.0809,0.444,0.3584,0.455,-0.101,-0.1105,0.1009,-0.1309,-0.1194,-0.0186,-0.5566,-1.8898,-0.1121,0.3005,2.786,-0.8965,-0.2805,-0.2302,-1.6495,0.1507,-0.2169,-0.6863,-0.6772,-1.7499,0.3452,0.5429,-0.3991,-0.3014,0.4759,-0.3706,0.2605,0.8076,0.8566,0.0299,0.3757,0.0592,0.0755,-0.2252,3.3804,0.9718,4.8489,0.9436,-0.3648,1.9236,7.9644,0.4404,0.8731,-0.8756,-0.4502,0.3506,0.8317,-0.4298,-0.001,-0.7654,0.5758,0.2242,-0.0126,-0.2506,0.3406,0.5184,0.1256,0.2205,-0.4809,-0.019,0.4019,-0.9795,0.3207,0.7143,-0.3609,0.5109,-1.0891,0.3443,1.5509,-0.0247,,,,,,,,
731,5791,108,6,cycling,0.0837,-0.8191,-0.0784,-0.1051,0.1357,-0.1459,0.0082,1.2669,-0.0632,0.0917,-0.6581,-0.1541,-0.2597,1.2485,0.2356,-0.2072,0.3619,-0.3463,0.0528,-0.0152,0.3954,-0.2987,0.3868,0.3049,0.2748,-0.044,-0.021,0.3398,-0.1102,-0.0345,-0.0505,0.1017,0.1009,0.1192,-0.0007,0.1508,-0.4475,-0.5895,-0.2806,0.466,-0.8099,0.4793,0.1126,-0.2302,-1.5561,-0.2259,0.0684,-0.5364,0.2605,-1.6673,0.301,-0.7794,0.2509,-0.6778,-0.8862,0.2169,0.7096,0.3009,2.2209,3.3809,0.3991,-0.0002,-0.3457,-0.3709,4.7439,0.8971,1.868,0.3503,-0.4408,1.5689,8.4994,-1.9449,-0.4006,-0.764,0.1304,-0.4503,-0.5003,-0.3644,0.2246,-0.9093,0.4803,-0.4758,-0.0806,-0.3441,0.1491,0.6163,0.3609,0.0663,0.4297,-0.3205,-0.4014,-0.6006,0.3113,-0.3759,-0.3123,-0.3251,0.5753,-0.1689,0.4684,0.0,,,,,,,,
732,5792,108,6,cycling,-0.0719,0.5772,-0.0131,0.135,-0.0515,0.0063,0.0981,1.4516,-0.1236,-0.0873,-0.5902,-0.2532,0.2639,1.3077,-0.038,-0.0695,-0.1872,-0.047,0.206,-0.4056,-0.2422,0.2789,-0.3353,-0.2897,0.3882,-0.1103,0.2969,0.3475,-0.4483,0.5554,-0.0506,0.119,0.1015,-0.1305,-0.0804,-0.01,0.489,-1.5794,0.1121,0.5868,2.7951,0.6491,-0.4796,-0.1509,-2.4961,-0.4615,-0.3606,0.0008,-0.8865,-1.7871,0.3402,0.7699,0.1002,0.8766,0.5757,-0.4016,0.6774,-0.8548,-0.2169,0.8635,0.6213,-0.001,-0.2505,3.84,4.3994,0.3646,-1.9311,0.3457,-0.4673,7.9892,9.3803,-0.3754,0.0455,-0.8757,-0.4408,-0.6558,0.0752,0.2607,0.2808,-1.3503,-0.2203,-0.4508,0.3008,0.4807,0.4751,0.6529,0.3015,0.3443,-0.0561,0.2305,-0.4294,0.3209,-0.4008,0.7751,0.2251,0.6005,-0.3709,-0.1744,-0.0332,-0.0247,,,,,,,,
733,5793,108,6,cycling,0.0561,-0.6014,0.1041,0.0639,0.0049,0.1352,-0.0962,1.5547,-0.0178,0.1168,-0.7524,-0.0445,-0.1407,1.2881,0.2357,-0.207,-0.1951,-0.2632,-0.0893,-0.2521,-0.3631,0.036,-0.2986,-0.3067,-0.3463,0.1197,-0.101,-0.025,0.3397,-0.3743,-0.0008,0.2305,0.4479,0.0804,0.1009,-0.1103,0.6692,-1.464,0.2165,-0.1302,0.7795,-0.5882,0.0505,0.1505,-1.5985,-0.0663,0.0002,0.5464,-0.6972,-1.6588,-0.2805,2.7399,-0.748,0.3454,0.8971,-0.4019,0.2254,-0.3992,3.9636,4.8717,-0.7675,-0.3017,0.4296,0.989,9.3808,-0.9412,-0.8301,0.4756,0.3609,-1.2509,7.3008,1.8759,0.1129,-0.6002,-0.2205,0.8435,-0.3207,0.3703,-0.0191,-0.8695,0.3759,-0.4006,0.0408,-0.4992,0.4671,0.7688,-0.2242,-0.0553,0.3646,0.2607,-0.5753,0.4506,0.5006,-0.0672,0.5509,0.4648,-0.079,0.3253,0.4702,-0.002,,,,,,,,
734,5794,108,6,cycling,-0.0946,0.7233,0.0143,-0.055,-0.0214,-0.1186,0.0067,1.3316,-0.0877,0.0728,-0.5549,-0.0417,-0.1582,1.3832,0.2391,0.266,-0.068,0.2552,0.2963,-0.0327,-0.2468,0.3559,0.3057,0.3475,0.0507,0.1304,-0.01,-0.0806,-0.1004,0.2167,0.1193,0.3795,0.2208,0.1129,-0.0009,-0.0441,-0.4081,-1.4485,0.2803,-0.4851,2.5897,-0.4569,0.1015,0.2246,-1.5464,0.3649,0.4762,0.989,-0.657,-1.6696,0.2254,-0.7972,0.8873,-0.4011,0.56,-0.3403,0.2305,-0.3757,4.8499,3.7893,-0.1104,0.1507,0.3207,-0.835,1.7438,-0.8976,-4.8712,0.3994,-0.9437,-2.4291,7.4409,-1.2505,0.3608,-0.4004,-0.4993,0.3014,0.3706,-0.9213,-0.1963,-0.9059,-0.4809,-0.5009,0.0107,0.5013,0.3457,0.7681,-0.3442,-0.3805,0.4752,0.3251,-0.2608,0.5758,0.3502,0.3007,0.6559,0.0477,-0.7387,0.0187,-0.6008,-0.0753,,,,,,,,
735,5795,108,6,cycling,0.0416,-0.7391,-0.0142,0.0559,0.0038,0.0846,0.0325,1.4056,-0.0787,0.023,-0.6677,-0.1578,0.3589,1.2893,-0.1853,-0.0937,0.0634,-0.2784,0.2368,-0.2652,0.1015,0.2439,-0.1506,0.2962,-0.0009,-0.1127,-0.3357,-0.4731,-0.5075,-0.5854,0.0505,-0.4483,-0.367,-0.459,-0.1005,0.2303,0.4869,-0.4979,-0.1304,-0.1105,2.6582,-0.5543,0.2259,0.2805,-1.6463,0.2607,0.1191,0.6791,-0.0807,-1.7882,-0.2207,4.8531,0.6096,0.4015,0.7499,0.3457,-0.7634,0.3708,3.8617,0.738,-0.9428,-0.0446,0.301,-0.9597,-0.3006,-0.9888,-2.9644,-0.4297,-0.3406,1.6553,-0.4006,-0.6108,0.3642,-0.2169,-0.4753,-0.3758,-0.0473,0.8182,0.01,-1.1963,0.2241,-0.0488,0.0442,-0.3991,0.1789,0.5109,-0.0995,0.3604,0.0998,0.3803,0.0753,0.4128,0.3123,-0.3157,-0.4681,-0.4702,-0.3506,0.1875,-0.6509,0.05,,,,,,,,
736,5796,108,6,cycling,0.1544,-0.8142,-0.0326,0.0852,0.0012,0.1421,0.0154,1.3062,-0.0561,0.0723,-0.5789,-0.0986,0.2496,1.3941,-0.2953,0.177,0.1927,0.2832,-0.2534,0.3347,-0.0655,-0.2231,0.3781,-0.0469,-0.4572,-0.1195,0.3846,-0.3587,0.588,-0.4973,-0.028,-0.4399,0.1129,0.1104,0.0509,0.1019,0.1308,-0.6488,0.3012,0.0606,2.566,0.6768,0.0807,-0.4893,-1.7959,-0.1505,0.2202,0.6675,0.7851,-1.6584,-0.3452,4.6316,0.3708,-0.3402,0.2605,0.3005,0.1004,-0.3508,-1.7797,3.7437,-0.9882,0.2246,0.4012,-1.0003,7.3992,0.7615,-1.9405,0.4296,0.4673,8.4509,9.9035,2.4997,0.956,-0.3641,-0.9411,0.8549,-0.2503,-1.8391,0.0191,-0.9236,-0.4806,0.4759,0.0529,-0.3756,0.2169,0.7504,-0.0192,0.3203,-0.4403,-0.2802,-0.5001,-0.2251,0.4689,0.4004,-0.3809,0.3605,0.4648,0.3253,-1.7117,0.5689,0.0,,,,,,,
737,5797,108,6,cycling,-0.1049,0.7386,-0.1297,0.0933,0.1353,0.0548,0.0858,1.2598,-0.0087,0.0152,-0.598,-0.0619,2.3675,1.4064,0.1707,-0.1803,-0.4544,-0.2654,0.2704,0.3055,-0.3979,0.2234,0.2899,0.3557,-0.3881,-0.2972,-0.1198,-0.609,-0.6776,0.685,-0.1009,-0.0504,0.1504,-0.0219,0.0806,-0.0005,0.4786,-1.4664,0.1015,-0.1307,0.6962,0.4301,0.02,0.0561,-1.8973,0.1027,0.1126,0.5627,0.1109,-1.6577,-0.2257,3.7874,-0.2205,-0.7085,-0.2608,-0.3603,-0.3806,0.8892,4.2806,9.93,0.8327,0.2303,-0.2508,7.6694,10.3705,-0.9521,-2.749,-0.3015,-0.4756,1.84,8.5404,-0.9633,-0.2162,-0.7754,-0.4406,0.3998,0.3405,0.4299,-0.0001,-1.2244,0.4803,0.3006,-0.1007,-0.3502,0.3752,0.6004,-0.0661,0.3642,0.4679,-0.0191,0.4507,-0.4991,0.3207,-0.6011,-0.3457,-0.4002,-0.4202,-0.0292,0.3143,-0.0897,,,,,,,,
738,5798,108,6,cycling,-0.1368,0.7384,-0.1051,0.0143,0.0695,-0.0961,0.0515,1.3389,-0.0773,0.1164,-0.5083,-0.1478,-0.1658,1.2326,-0.0499,0.0879,0.0375,-0.3063,0.2555,0.2746,-0.3628,-0.2947,-0.3872,-0.3557,-0.3791,0.0059,-0.0214,0.3954,-0.4548,-0.3494,0.1307,0.4085,-0.1198,0.0509,0.1004,0.1027,0.6069,-1.4967,0.2607,-0.2203,2.747,-0.4492,-0.1505,0.2165,-2.568,0.3209,-0.1015,0.6562,-0.7796,-1.8882,0.3004,0.2257,-0.8766,0.3458,0.3709,0.3755,-0.1122,0.3408,4.4295,3.9767,0.2506,-0.1102,-0.0809,-0.9035,-0.2302,-0.3644,-2.7615,0.4004,-0.8421,8.864,-0.9313,-0.4997,-0.4017,-0.9897,0.3508,-0.7674,0.3604,-0.4504,0.3018,-0.6554,-0.2808,-0.5758,-0.02,0.4683,-0.3441,0.7609,0.4754,-0.0973,-0.0332,0.2244,0.3806,0.0006,-0.3257,0.5154,0.3152,-0.3991,0.4113,0.0473,-0.6001,0.0799,,,,,,,,
739,5799,108,6,cycling,0.0942,-0.6154,-0.1067,0.0089,0.055,0.1157,0.0438,1.2827,-0.1434,-0.0158,-0.6043,-0.1256,0.2459,1.2074,-0.0329,-0.023,-0.2553,-0.1852,-0.0782,0.2354,-0.0664,0.269,0.0009,0.3686,-0.0839,-0.1509,-0.1015,-0.2207,0.3391,-0.0506,0.119,-0.4769,-0.2169,0.1122,0.1006,0.0809,0.3746,-1.6685,0.4473,0.2505,2.8851,-0.4883,0.0203,0.498,-1.557,0.3649,-0.1305,0.3458,-0.7568,-1.6594,0.4019,3.847,0.7972,0.2302,-0.8746,0.2802,0.3705,-0.7771,4.3002,-0.7862,0.2602,0.2257,-0.1027,1.7618,-0.9895,-0.3991,5.9329,0.4004,0.1102,0.3406,-0.3806,0.9215,0.4504,-1.3018,-0.0202,0.5751,0.5134,-1.0477,0.0394,-2.6002,-0.2242,-0.3757,0.0947,-0.4294,0.3208,0.5264,0.0941,0.0442,-0.0606,-0.0473,0.4702,0.3604,-0.0995,-0.3235,0.4682,-0.5002,-0.4993,0.0702,-1.6553,0.0027,,,,,,,,
740,5800,108,6,cycling,0.0049,-0.5936,0.0761,-0.1251,0.0538,-0.0152,0.0925,1.3499,-0.0692,0.1089,-0.7542,-0.1479,-0.1843,1.2758,-0.0315,-0.0847,-0.209,0.1921,-0.2354,0.2697,-0.2472,-0.2277,-0.2987,-0.3332,0.0214,0.0468,0.1303,0.3746,0.0807,0.3074,0.0165,0.3963,0.0004,0.1002,-0.1105,-0.0503,-0.4845,-1.8895,0.4085,0.2304,2.6681,0.5364,0.119,0.0002,-1.8091,-0.01,0.1012,-0.6798,-0.5794,-1.6093,-0.567,-0.5573,0.3013,-0.2806,-0.8411,0.2259,0.3003,0.4013,-0.6978,-0.0663,-0.2607,0.2163,0.2205,-0.7635,3.3994,0.3802,4.3403,0.4993,0.8328,7.6559,9.4295,-0.7407,-0.2243,-0.8655,-0.3608,0.8216,0.4004,-1.3648,-0.2173,-1.2015,-0.5753,0.2505,-0.1509,-0.3704,0.3752,0.7509,0.5001,-0.4677,0.5507,-0.3441,-0.4113,-0.4503,-0.3458,-0.0672,0.5689,0.3504,0.0292,-0.4703,0.4758,0.1347,,,,,,,,
741,5801,108,6,cycling,-0.0941,0.3306,-0.142,0.0846,0.043,-0.0794,0.1255,1.3567,-0.1356,0.0065,-0.7551,-0.157,2.3428,1.2697,-0.2757,0.2552,0.406,-0.4849,-0.0586,0.2984,-0.4432,-0.2447,-0.2372,0.0664,0.434,0.0003,-0.3968,0.4577,0.6979,0.3871,-0.0809,-0.025,0.0399,-0.0506,0.0441,-0.1011,0.1503,-1.7859,0.2509,-0.2243,-0.7638,-0.2805,0.1194,-0.1008,-1.5883,-0.2169,0.1105,-0.2251,0.1305,-1.6693,-0.2205,3.9514,-0.3648,0.5422,-0.638,0.4015,0.3018,-0.7318,5.8988,4.8531,0.8747,0.3408,-0.3703,7.7438,8.4295,0.3509,-1.9896,0.3997,-0.3803,-0.8754,9.9067,-0.9219,-0.2303,-0.7009,-0.3006,0.4004,0.4508,-0.5007,-0.0182,-0.9095,-0.1129,0.3603,0.02,-0.2603,0.3759,0.5157,-0.0053,0.1027,0.3257,-0.0663,0.3207,0.4118,0.5751,-0.6003,-0.7757,-0.4757,0.4114,0.1001,0.4991,0.0681,,,,,,,,
742,5802,108,5,running,-3.0791,0.0586,1.6355,2.5161,4.719,3.9558,7.8489,-0.2989,6.2482,8.1417,9.1659,10.2655,0.3775,-1.3664,-1.3584,-25.0034,0.0849,-1.4096,1.0106,0.2068,2.2704,-0.0983,0.4423,0.3846,-0.5732,1.7058,3.6741,-0.6694,-0.3069,-0.8043,3.6572,0.5439,0.4577,-2.5081,-2.9992,-3.8863,-0.9742,0.8737,3.7873,3.7952,-0.4761,0.746,0.9067,0.8461,0.4853,11.037,-6.5138,-0.0215,-2.628,0.0008,-0.1506,0.2259,0.1002,1.8527,1.6602,0.56,13.3708,4.7617,-0.2167,0.1304,1.7117,2.3751,3.9443,-0.3993,-0.9898,-0.3451,-0.1194,2.9795,2.9515,-0.4504,-0.0507,-0.2302,0.9329,2.5753,-1.7391,3.4003,-1.0441,1.8182,3.4016,-1.3406,-0.1109,-0.4997,1.3015,-0.6001,-0.3503,-1.7754,1.6176,-4.3008,-1.5013,-1.6108,3.5648,-0.4408,2.0661,-0.9458,0.5109,-1.4143,-0.2603,-1.2806,0.2509,-1.4186,,,,,,,,
743,5803,108,5,running,1.2551,0.5778,-4.6163,3.8361,6.0098,2.9081,4.2402,-2.2391,8.2659,7.0103,9.1374,-12.1807,-0.2042,-2.0581,15.368,10.4537,-0.1722,-0.6858,1.2955,0.2846,-2.2769,0.3553,-1.5738,-0.4831,0.0475,-5.6567,12.7841,0.7962,0.3944,-0.4963,-4.0976,0.3372,0.6486,-2.4077,14.4743,-5.885,-0.836,0.0697,-3.6689,16.8499,0.0509,0.7085,1.542,-0.5617,0.5008,11.4803,13.9411,0.2503,-2.5213,-0.1506,-0.1106,0.3991,0.1197,2.8716,3.3757,22.9318,-2.9218,37.4015,0.7319,-0.0803,-0.9561,-4.8489,28.4993,-0.4293,-0.1127,0.5648,-0.0394,-2.5157,21.4008,-0.1307,0.2205,0.3012,-0.9636,3.6552,1.902,2.5689,1.9405,1.7018,17.6143,-1.4408,0.2605,0.2252,-5.5663,-0.3709,-1.4138,-1.8016,2.5276,-0.4117,1.4188,1.5754,2.0752,0.416,-3.7236,0.4392,0.8333,-0.5011,0.2162,-2.7169,0.2309,-2.6014,-2.0,,,,,,,
744,5804,108,5,running,-3.9076,0.351,1.8927,2.7143,4.1245,3.2443,-1.5886,-0.1672,-2.3776,-0.3353,7.2985,6.5582,-0.158,-2.0168,9.3857,8.0694,-0.2067,0.0856,1.0098,0.2864,2.657,-0.0954,2.3466,-0.0581,0.2693,1.4088,2.7552,-0.4849,0.5947,-0.0432,2.9963,-0.605,-0.3946,-3.8744,11.7984,10.9561,-0.9769,0.4216,2.779,3.6146,-0.0344,-1.8344,13.3019,-6.736,0.6003,0.7424,14.9635,-0.1105,-2.2807,-0.2165,0.028,0.1198,-0.0404,-0.7871,-3.6214,2.8757,-0.3402,5.4016,-1.0009,-0.3994,2.6247,1.619,3.5184,0.0455,-0.0508,0.3808,0.1303,2.6103,3.5503,-0.3707,-0.0643,0.2302,-1.3647,2.5006,-1.2252,1.8443,-1.9452,-0.5264,4.3003,-1.4115,0.2502,-0.1012,0.6113,-0.4506,-1.6382,-1.8005,-3.926,-0.8139,0.8122,0.4138,5.1502,-0.6154,1.3752,-0.4991,0.0446,0.2207,0.4677,-2.0297,0.1121,1.8182,,,,,,,,
745,5805,108,5,running,-4.9069,0.0112,1.7184,2.8981,-5.0043,4.2555,3.2694,-2.1445,6.3577,7.2902,-0.3787,9.1362,-0.2458,-2.0846,8.0786,-2.394,0.2857,0.0982,-0.3081,0.2789,1.6879,-0.3853,1.3359,-0.0431,0.4491,1.8095,-4.7849,0.3675,0.6492,0.6788,1.5076,0.0569,-0.6061,-4.547,-1.4793,-3.6583,-0.0399,0.6697,1.9624,-4.5617,-0.4872,-1.9042,10.5214,16.632,0.4016,14.7475,-2.0505,0.1505,0.8527,0.4679,-0.2803,0.2257,-0.3009,-0.7233,-4.3013,-0.3991,-0.8437,0.1194,0.0683,-0.1011,-0.3457,0.1002,-4.7403,0.3406,-0.3808,0.2505,-0.2305,0.4991,-2.9763,-0.3703,0.0003,0.4003,-0.5751,1.4363,-0.7407,-0.4608,0.5008,0.0672,-4.7408,-1.4403,0.1306,0.3758,1.8797,0.2204,-0.799,-1.9697,-0.8013,-0.8153,-0.9236,-0.6106,-4.0663,0.8754,0.7751,-0.5276,0.0661,0.7012,-0.3642,-0.5121,0.0702,-0.0,,,,,,,,
746,5806,108,5,running,-1.7386,0.0518,3.9452,1.1736,2.1589,6.2639,4.0908,-1.1423,0.0783,-2.2897,7.1337,-0.4849,-0.2784,-1.2553,8.1657,9.5559,1.0438,0.0635,0.6621,-0.3344,3.7543,-0.0063,0.2403,0.0199,0.3431,10.709,2.6947,0.4567,0.2942,-0.7873,2.9532,-0.5877,-0.468,-3.946,13.5468,11.6541,-1.7664,0.7987,3.9874,2.5056,0.1192,0.5194,-1.8861,-4.6215,0.5489,15.3016,-0.4992,0.023,-2.7219,0.3007,-0.1019,0.2259,-0.2169,-2.4187,1.914,-0.619,-5.5757,-0.5503,-0.8519,0.1507,-0.5009,3.9639,1.862,-0.4002,0.0502,-0.2809,0.0455,3.4016,1.9313,-0.3757,0.1004,-0.2208,-1.5663,0.6004,-1.4404,-5.0004,0.4297,-1.9238,3.6138,-1.4365,-0.4753,-0.3804,1.3146,0.8182,-0.3405,-1.9097,-4.6136,0.3506,1.2305,-1.1105,2.5494,0.6014,3.6143,-0.3114,0.1303,-0.1126,0.2605,0.9451,0.2504,-0.3709,,,,,,,,
747,5807,108,5,running,-1.5778,0.0112,2.32,1.9141,-2.0797,4.0979,6.2594,-3.1315,3.2645,7.3977,-0.4499,8.2456,0.1634,-1.3598,-1.5883,0.0823,-0.3855,-1.223,-1.7543,0.0428,3.0548,-0.594,1.678,0.2949,0.006,4.5788,9.3676,0.6692,-0.6946,-0.6832,3.6473,0.0399,0.0693,-1.3791,-1.847,10.895,-0.4772,-0.7854,3.8615,12.903,-0.6562,-0.8742,-4.5322,2.0332,0.4997,0.4307,-0.638,0.3996,-2.1012,0.0007,-0.021,0.2302,-0.1102,0.9561,0.9634,2.8565,-6.1509,0.4012,0.7427,-0.3451,0.4202,3.8224,14.0508,0.0756,-0.2808,-0.3017,-0.1308,2.3404,13.3803,-0.5754,-0.2203,-0.1194,1.8148,2.6143,1.5003,2.7369,-0.0759,0.8751,15.3752,-1.5157,0.4009,-0.0807,-3.3146,0.2167,-1.0264,-0.4505,-0.8004,-4.0258,-0.979,1.8492,-2.9509,-0.4291,3.5184,-0.5194,0.5506,-0.6153,0.2509,-3.1006,-0.4757,-1.5681,,,,,,,,
748,5808,108,5,running,-1.3734,0.5014,1.0189,2.8157,3.1657,-1.7184,4.2483,-1.2697,6.0569,7.2554,8.4819,9.0764,-0.2749,-2.2953,-2.5542,15.0046,-0.3043,-0.2391,1.3547,-0.2231,2.6898,-0.5886,0.4428,0.4536,0.0439,1.3895,4.7792,0.0933,-0.709,-0.5062,1.6084,0.8079,-0.0873,-2.8861,10.7867,-1.6693,-0.9963,0.6594,3.9675,4.594,-0.0635,0.3013,13.5212,-6.0506,0.561,-0.8767,-2.1015,0.1502,-1.0327,0.0007,0.025,-0.7419,-0.2251,-1.9795,-2.8516,1.5281,5.1303,-0.5693,-0.2167,-0.1103,2.7627,3.8952,3.6154,-0.3703,-0.4007,0.2204,0.2606,2.3997,4.6602,-0.4759,-0.1122,-0.4014,-0.4409,1.6009,-0.1192,-2.9666,1.6604,-0.9153,4.5009,-1.4997,-0.3453,-0.3008,-0.2808,-0.4808,0.7124,-1.616,-1.8139,-3.2305,0.5689,-0.4113,2.7169,-0.3405,2.5107,0.4103,0.7018,0.1009,0.3606,-4.8145,-0.0473,-0.6,,,,,,,,
749,5809,108,5,running,-4.7173,0.1748,3.9073,2.6355,1.5681,4.8986,6.1245,-1.0089,8.3897,7.0873,9.2442,14.2395,-0.1374,-1.157,11.0158,12.4792,-0.336,0.2825,-0.0581,-0.3791,3.8826,-0.2963,-0.0903,-0.2746,0.3955,10.3057,-2.6698,0.3469,0.7949,0.0435,6.7872,-0.6744,-0.0664,-6.9986,-3.6859,-1.4085,1.6584,0.5087,3.938,-3.623,0.9636,1.9475,4.528,-2.5463,0.4684,-0.561,0.028,-0.5499,-0.5157,0.1308,0.0509,-0.0337,-0.1106,-1.4368,0.4348,2.7782,1.833,1.5494,-0.1015,0.0405,-0.0477,3.619,-1.9037,-0.3991,-0.1191,0.0307,-0.0003,1.9773,-2.9681,0.7635,-0.2259,0.0804,-0.7369,1.9607,-0.3754,-4.4998,0.7994,-0.4753,-3.4003,-1.3203,0.0643,0.1504,-3.8695,0.3409,0.9659,-1.7684,-2.9552,4.6252,-1.8117,1.5134,-4.4505,-0.3503,1.8578,0.5753,0.2302,0.3458,0.4011,1.0227,0.0682,-0.6011,,,,,,,,
750,5810,108,5,running,-1.6154,0.4453,3.5157,1.0578,2.0199,4.8488,8.9077,-0.4539,6.1393,7.256,9.2949,15.1758,0.1803,-2.362,-2.0838,-1.5947,-0.3786,1.3074,0.0953,0.4824,2.684,-0.0632,1.2346,-0.0042,0.2735,3.7543,10.6589,-0.0431,-0.8834,-0.5585,1.9892,-0.0215,0.6461,-1.5784,11.449,14.6956,-1.9766,0.5082,3.7054,16.8767,-0.3015,0.738,13.9563,4.7976,0.4297,-2.6224,-3.833,0.1199,-2.5758,0.0504,-0.0683,0.0238,0.0267,-2.7796,-1.9499,-1.9153,3.4759,-4.5382,-0.3706,0.2308,-0.7225,2.5164,12.3757,-0.1308,0.2605,-0.3804,-0.1004,2.7177,21.799,0.1122,0.0709,-0.3408,-1.2251,28.5005,-0.5609,27.4127,0.6108,0.9405,22.719,-1.4016,0.3997,-0.4996,-4.8753,0.5663,37.3502,-1.7408,-4.5509,-3.0009,-0.5013,-1.3232,3.0404,-0.8122,3.5121,-0.4103,0.4006,0.2166,0.2509,-2.6146,0.1102,-2.6006,,,,,,,,
751,5811,108,5,running,-3.145,0.2088,2.5491,1.8443,4.1776,6.2779,3.2551,7.0737,-0.7538,-2.0884,8.1236,9.1316,-0.306,-2.2989,10.1539,1.1865,0.0933,-1.0554,-1.234,0.0195,2.5582,0.2272,-2.6468,-0.0042,-0.3556,14.7871,-3.0645,0.4841,-0.5749,-0.349,13.6931,0.437,0.0329,-3.7796,11.5866,15.4467,-2.9799,0.5364,2.8747,-3.8046,-0.0505,-0.0461,5.9874,-1.6316,0.4007,-1.9417,0.7326,-0.2608,-0.5952,0.3457,0.0005,0.1019,0.023,-2.8319,-1.8544,0.5758,5.623,1.1308,-0.931,-0.1002,-0.3407,2.8758,-3.7407,-0.868,-0.0807,-0.1102,-0.2807,2.9074,-2.7184,-0.2205,0.0473,0.0387,-0.7656,12.6554,-0.3643,-3.4505,0.4991,-0.1192,-3.9058,-1.4805,0.3018,-0.1129,-1.3751,-0.3505,-1.4015,-1.9405,-5.2252,-0.5002,-0.9554,-0.3993,4.2167,-0.6006,1.7509,-0.8015,0.0756,-0.4409,0.3809,-3.9552,-0.4673,,,,,,,,,
752,5812,108,5,running,1.317,-0.0836,4.1495,2.9238,0.6634,3.1693,6.079,-0.9853,7.1789,8.1578,9.0559,10.2746,-0.0138,-2.0981,-0.4547,-0.3537,0.4425,-1.2857,1.4819,0.0697,3.6541,0.3342,2.6977,0.0079,0.021,4.2662,11.9968,-0.7585,-0.4954,-0.7467,5.7094,0.5532,0.0344,-0.5891,-2.8852,-4.845,1.0461,0.3982,3.8743,14.6056,0.3015,-0.7364,-4.0505,2.5489,0.6003,-0.638,0.9215,0.7613,0.2806,-0.2241,0.101,-0.3001,-0.2253,3.4106,-0.723,3.4123,-5.2603,-0.6193,-0.8312,-0.1002,0.4651,3.6363,15.1194,-0.3509,-0.2207,0.966,0.0008,2.5504,13.8628,0.3457,0.0001,-0.2502,-0.9134,2.3751,0.5648,1.8594,0.5013,1.3998,12.3113,-1.4505,0.1309,-0.3208,-3.9138,0.3641,0.9666,-1.8471,1.4407,-3.4299,0.3408,1.6103,3.9236,0.4015,3.5454,0.5809,-0.4303,-0.4993,-0.2304,-2.5402,0.1124,-1.0257,-2.0455,,,,,,,
753,5813,108,5,running,2.1782,-0.1803,0.9076,1.8471,3.2481,4.2797,6.2552,-1.5865,7.2637,9.1201,8.0985,10.4844,0.1463,-1.2059,-2.3908,0.2386,0.296,-0.0054,0.6941,0.3677,1.4064,-0.0499,0.2898,-0.5067,0.3873,0.0561,0.7071,-0.7542,0.4934,-0.8868,-3.7857,-0.5584,0.3546,3.568,12.7983,11.8743,1.9545,-0.0694,-2.622,3.0219,-0.6696,-1.9099,-1.4792,16.5364,0.4505,15.1194,36.7428,0.1012,2.8976,-0.1107,-0.3019,-0.2303,0.1509,-3.7407,1.3754,-3.4992,0.4005,5.7216,-0.0506,-0.3406,-1.0404,-3.3994,2.9319,-0.2805,-0.2252,-0.4754,-0.2605,-1.8463,3.5506,-0.3608,0.1121,-0.1308,0.0003,-0.5751,-0.2508,-2.8016,0.4018,0.5276,4.7406,-1.5695,0.3709,-0.2207,-2.3008,0.4677,-1.8482,-0.3456,-4.4117,1.4405,-0.9093,-0.0603,14.3113,-0.7408,-3.3138,0.9061,0.0804,-0.5015,-0.0606,-0.4299,-0.4805,-3.0,,,,,,,,
754,5814,108,5,running,0.4194,-0.1542,2.317,1.5837,3.7117,4.2968,7.1701,-1.8797,6.1695,0.7579,9.0546,8.2669,0.0744,-1.3493,-0.0845,10.1855,0.3903,-1.0087,-0.2349,0.3631,2.8828,-0.2532,0.3078,-0.2454,-0.5077,3.064,11.4762,-0.3873,-2.5741,0.0464,2.6743,0.0971,0.3598,-0.4859,-3.9499,12.6076,-2.6584,0.838,3.536,15.5699,0.0503,-1.7097,-3.6652,14.8633,0.4298,13.3752,-2.9028,0.0227,-1.8211,-0.0008,0.1304,-0.747,-0.0806,-3.0443,-0.7217,22.5489,5.6327,16.8902,0.8515,0.1105,-2.8757,2.9615,17.719,0.5491,1.3005,-0.4504,-0.2303,3.3997,23.4991,-0.4016,0.3012,-0.1506,0.9123,1.922,-0.4006,-1.4361,-0.4245,-2.6163,26.8695,-1.6552,0.0709,-0.3505,-4.5164,-0.5223,1.6602,-1.7184,1.5009,-4.5692,-1.9446,-2.4172,3.5114,0.979,3.2259,-0.5752,-0.8481,-0.2507,0.3648,-3.0293,0.1008,-0.7687,,,,,,,,
755,5815,108,5,running,1.7368,-0.1857,0.9558,3.0069,4.5134,2.6193,7.8984,-1.0799,9.2332,8.0577,6.2859,11.2453,-0.4537,-2.1758,-2.6526,10.0104,-1.229,0.3944,2.0883,-0.4821,1.3638,0.3075,2.3462,-0.064,0.2749,1.6046,-3.8043,0.3587,-0.7909,-0.6478,4.5631,-0.4792,-0.6685,-1.5552,-2.8896,-0.5464,0.7628,-0.6793,2.9768,-3.8963,-0.5081,-2.847,-6.7499,-1.8612,0.3995,-0.036,-1.9435,-0.3409,-0.2803,-0.2164,-0.0506,-0.0009,0.0214,-5.7169,1.9666,0.4297,7.5689,14.2251,-1.9561,-0.1508,-3.1197,3.7312,-2.828,0.2304,-0.2209,-0.4017,0.3804,1.5463,-2.726,-0.3014,-0.0807,-0.3001,0.9607,2.4359,-0.799,2.4007,0.3648,0.4677,-3.8751,-1.3704,-0.5751,-0.1122,-3.9458,-0.2507,1.5507,-0.1015,0.9082,-2.8131,-1.0477,-0.9238,4.7408,0.3751,2.7706,0.6004,-0.0752,-0.1303,0.2605,-4.4407,0.4803,,,,,,,,,
756,5816,108,5,running,0.3223,-0.0149,1.6604,2.5132,3.8333,6.2915,4.7963,-0.1757,8.1255,9.0033,7.2759,11.3853,-0.1348,-2.3787,15.3547,-23.2519,-0.1852,-1.0928,1.4064,-0.455,2.4422,-0.6941,-0.0577,-0.2406,-0.5885,-1.3682,-3.0788,0.7872,-0.3056,-0.6583,3.7071,0.0461,0.3951,-0.0873,4.8468,10.9897,-0.6694,0.4675,3.8974,-2.9995,0.026,-1.938,-2.8627,2.679,0.4004,0.9636,-6.0345,0.1307,-2.7618,-0.3207,0.1015,-0.1508,-0.0504,-3.3008,-0.621,-1.8015,-6.3752,-0.4998,-0.2305,-0.2254,-0.914,4.301,-3.6103,-0.1198,-0.4015,0.4648,0.1009,2.3998,-2.5121,-0.3706,0.2809,0.3403,-0.4292,0.7459,-0.5753,-3.4804,-0.4752,0.4505,-2.9219,-1.4262,0.2208,0.5003,-5.8757,0.5138,-1.9574,-1.7791,-0.9056,-0.7308,-0.9607,-0.6001,4.3806,-0.0709,3.4409,-0.6153,0.1121,-0.3458,-0.0009,-3.5503,0.2602,,,,,,,,,
757,5817,108,5,running,0.0102,-0.5347,1.0549,2.1296,4.7116,3.9073,7.1672,-2.1379,6.2658,0.2908,-1.5567,9.3682,0.4824,-2.2783,8.1866,-2.2551,-0.4032,-0.3059,0.3731,-0.3538,1.7542,-0.0946,0.6561,0.0093,0.4463,1.4562,-5.047,0.6853,-0.8933,0.3956,3.8852,0.035,-0.068,-1.9434,10.5785,3.9987,0.9769,0.7774,1.6071,-5.4764,-0.5475,1.9023,-4.0643,11.7873,0.5505,0.8467,0.9876,0.0508,-0.3402,-0.2505,0.0003,0.2259,0.1006,-1.8015,3.3753,2.8617,0.9567,3.3006,-0.2302,-0.2162,-0.4408,1.7139,-5.5121,0.3992,-0.4006,0.1014,-0.1194,-0.9509,-4.3013,-1.5454,0.0001,-0.2243,-0.8694,1.4991,0.2808,-0.3459,0.416,0.1107,-5.7706,-1.4809,-0.1505,-0.3207,-0.5007,0.2202,-1.0606,-0.3707,-0.8016,-3.0442,-0.5648,0.7143,4.9079,-0.4298,1.4106,-0.2606,-0.4679,-0.6002,0.3805,-4.799,-0.4016,0.3502,,,,,,,,
758,5818,108,5,running,2.4698,-0.0582,0.7539,1.9062,-7.8117,3.2787,4.1701,7.2546,6.3569,8.4954,9.0774,10.1536,-0.3332,-2.0097,14.4737,15.2365,-0.2055,-1.0845,1.2295,0.2972,1.4462,0.0426,-1.6467,-0.3856,-0.5091,0.2857,-2.306,-0.7848,0.8566,-1.5834,-5.0399,-0.7081,-0.4068,-3.638,-4.9411,-4.4327,-1.841,0.5973,2.7986,-3.903,-0.0952,-1.8871,13.9853,-4.8902,0.4689,2.9618,17.3707,-0.1012,-1.3011,0.0502,-0.1193,-0.764,0.1506,1.8317,-2.8356,-1.4991,-3.7793,-0.9773,-0.2809,0.3453,-0.7266,2.6285,-3.9574,0.3009,0.0663,0.2257,0.0006,1.9236,-2.6363,-0.4293,-0.2166,0.1102,-0.4172,0.7372,-0.399,-0.3409,-0.3641,-0.4011,-2.4005,-1.4803,0.5489,0.0332,-2.5276,-0.4128,-0.9059,-1.7681,-0.5408,0.9444,-0.5506,1.8952,-4.5759,-0.3756,1.3507,-0.1306,0.4406,-0.0752,-0.2605,-1.8146,0.4503,,,,,,,,,
759,5819,108,5,running,-1.5281,0.073,2.4307,3.9666,1.1882,6.8489,7.2555,-1.1654,4.7943,8.1394,10.0829,9.2401,-0.3357,-1.1748,-0.7869,-6.0586,1.3676,-0.2756,-0.34,-0.4426,2.4906,-0.6422,-1.5947,0.465,0.4561,3.588,16.6693,-0.604,-1.6791,-1.6881,4.047,0.0935,-0.3985,-0.9837,-3.7499,11.6538,-1.8941,-0.7795,3.8742,14.535,-0.0328,-0.8317,-4.732,0.8851,0.3706,0.7563,-0.5218,-0.3019,-3.9027,-0.2602,-0.1305,0.9623,-0.2802,-1.4377,-2.9727,12.5404,15.7217,17.1013,0.8428,-0.0217,1.0287,3.6217,28.1193,0.0503,-0.0009,0.3804,-0.1102,2.9644,22.3649,0.0406,0.0809,0.3993,-1.9236,1.5759,1.5689,-2.4991,0.9218,-1.2162,13.6269,-1.6002,-0.4002,-0.5008,-3.0441,-0.3757,-1.9552,-0.4506,-2.0661,-4.4296,1.6173,-0.4118,0.4406,-1.2208,3.8952,-0.2257,-0.1505,0.0755,0.4751,-3.5695,0.3004,0.75,,,,,,,,
760,5820,108,5,running,-3.1283,0.0547,2.7117,1.1645,3.1478,4.619,-1.9666,-2.0879,6.0109,7.2404,-2.3787,8.3877,-0.3532,-2.348,-0.1546,-0.2823,0.4931,1.2558,-2.0769,0.3621,1.4884,-0.3064,-3.4026,-0.2968,-0.0099,1.5939,-0.6588,-0.4491,1.676,-1.7093,2.9541,-0.0375,-0.5466,-2.8627,9.746,-2.9742,0.4316,0.5057,2.8973,-2.9871,0.5655,-0.069,-4.6328,-4.537,0.3702,0.826,0.9422,0.0213,-0.8521,-0.3208,-0.1193,0.4299,0.0502,1.4012,6.2802,-2.8492,-0.6215,-0.7614,-0.4991,-0.2308,-1.0202,3.5109,-1.966,-0.5443,-0.1302,-0.4165,0.2259,2.7216,-1.9095,0.1015,-0.2608,-0.1503,-0.3003,2.3994,0.3013,1.0702,0.2161,0.3753,-2.9225,-1.71,-0.2506,-0.1106,-4.8488,-0.5003,0.9451,-0.4507,-2.5507,-2.6009,-1.9452,1.8122,3.4409,-0.4756,1.7506,0.3649,-0.4002,-0.8019,0.2208,-4.9153,-0.0009,,,,,,,,,
761,5821,108,5,running,1.4999,-0.2291,0.7178,2.6118,4.8348,3.1776,6.9236,-1.3316,8.1243,7.3837,9.2909,12.2452,0.0728,-1.1851,15.2555,-2.3905,1.3062,0.2361,-0.4908,0.5947,-2.3573,-0.0466,-3.4554,-0.0085,0.0664,-0.7988,10.6057,-0.7095,-0.5053,-0.3686,1.0184,0.348,-0.464,-1.4483,14.5848,3.5617,1.6968,0.8727,-2.9996,11.6311,-0.0212,-0.9742,4.7572,16.0326,0.6794,0.6598,-2.3012,0.0006,1.7874,0.1505,0.2259,-0.8977,-0.3997,1.931,1.5184,-4.5757,2.9215,0.5508,-0.3405,0.1306,0.0455,-2.6103,13.4995,0.904,0.4008,-0.4292,0.2303,-1.7386,20.9607,0.1122,0.1018,-0.0508,-0.2809,1.0608,0.4403,-4.8212,0.3452,0.5408,23.8751,-1.3208,-0.3753,-0.2506,4.1194,0.5009,-1.7459,-1.7757,-5.0473,-1.9762,1.7406,1.4106,3.7018,-0.4648,-1.6014,0.6208,-0.3502,-0.3704,-0.6001,-5.7407,0.3001,-1.0262,5.0,,,,,,,
762,5822,108,5,running,-3.0011,0.054,3.7171,1.385,2.0103,4.6193,7.2878,-9.3579,6.4845,9.2657,8.3349,-12.1582,-1.2959,-2.3677,-0.6855,14.3964,-1.2352,0.1827,-1.6981,-0.4431,2.9865,-0.5885,-0.2543,-0.0872,0.3787,10.8904,-6.069,0.0783,-0.566,0.747,4.9992,0.7554,0.0942,-5.468,2.8896,-3.9467,0.7315,0.4791,2.9326,-3.8466,-0.2165,-2.5408,11.862,-3.9716,0.4684,12.022,1.635,-0.1197,-1.9561,0.0009,-0.2602,-0.0684,-0.0606,-1.719,2.5164,1.714,5.3402,2.8139,-0.2304,0.2257,1.0277,3.7617,-5.2803,0.4018,-0.2503,-0.0507,0.1505,1.4298,-3.4504,-0.3604,0.1106,-0.1304,-1.8754,2.5506,1.4365,2.3018,0.6247,-1.4407,-3.6108,-1.4804,-0.499,0.3759,-2.71,0.6009,1.8656,-1.7682,-4.0661,-1.5002,-0.4165,1.616,4.3705,0.0332,1.7395,-0.6138,-0.839,0.1015,0.4006,-2.3996,0.0549,-2.9784,,,,,,,,
763,5823,108,5,running,0.0539,-0.2552,2.1382,1.1686,3.6106,4.7183,6.8492,-1.9153,8.4849,9.1254,7.1572,15.1757,-0.3053,-2.0845,13.0136,11.3776,1.267,0.2898,0.3463,0.3341,2.7747,-0.3587,-1.006,-0.0344,0.5558,3.0788,10.6959,-0.7581,0.0632,-0.7943,1.5091,-0.6671,0.028,-3.8546,-4.4096,-3.9564,-1.7468,0.3873,3.9717,14.932,-0.9499,0.789,-3.6583,-2.8904,0.566,-4.6761,12.0985,0.1013,-2.5756,-0.0008,0.0201,-0.0508,-0.2165,0.8411,-0.5507,-5.6224,-0.3503,1.2602,-0.3993,0.0807,1.4005,3.1194,28.4016,-0.2209,-0.3019,-0.4503,-0.3409,2.7184,16.2302,-0.1505,-0.2509,0.1005,-1.2808,2.3708,-0.4673,2.5005,-0.4997,0.4296,17.923,-1.7687,0.3203,-0.3753,2.4114,0.5408,-1.4608,-1.799,-4.7709,-0.8122,0.416,-1.9458,3.6306,0.0404,3.3452,-0.1304,-0.3008,0.4138,-0.4408,-4.0663,0.1102,-1.4368,,,,,,,,
764,5824,108,5,running,-1.6363,0.1554,3.5184,1.0797,2.9558,6.0102,4.1783,7.8131,0.9837,-0.2838,8.1474,9.1362,-0.1857,-2.3904,-3.0906,-0.264,1.2748,-0.5547,-1.5856,0.0063,3.7942,-0.3499,-1.2905,-0.6931,-0.458,10.6632,2.8977,-0.3587,-1.0893,-0.7871,4.6852,-0.4494,0.4986,-4.466,-3.7581,-1.6791,0.659,0.4399,3.7096,1.8885,-0.5364,0.035,-0.7317,13.4293,0.5002,-2.3998,14.763,-0.3405,0.8695,0.0009,0.1015,0.5961,-0.1103,2.9514,2.8419,1.5132,3.4504,1.1199,-0.5756,-0.1308,0.9762,3.7463,1.8215,0.4014,0.0508,-0.3503,-0.3018,1.9607,1.3752,0.2504,-0.2166,-0.3004,-0.5109,1.7407,0.4752,-0.3802,-0.2254,0.2806,2.6242,-1.4403,-0.4007,-0.4128,-2.5015,0.4996,-2.3451,-1.7459,4.8757,0.2205,0.4677,-0.9217,3.0704,0.3197,3.5693,0.5164,-0.4152,0.0993,-0.3648,-4.9552,0.0034,-2.1126,,,,,,,,
765,5825,108,5,running,-4.9665,0.0512,3.8604,1.5142,6.7178,2.362,4.1374,7.0782,-4.1489,8.0158,9.0049,-5.2737,0.0986,-1.2338,22.5968,12.1852,-0.2406,1.3953,-0.4583,0.2957,4.7722,0.2862,-1.348,-0.2651,0.4064,2.6681,10.0843,0.3055,-1.3379,0.7899,14.036,0.6976,0.5091,-4.9567,11.3573,15.047,0.4892,0.4765,3.5664,20.8542,0.5423,-0.9897,1.8746,-4.0215,0.4002,-0.7571,-0.9236,-0.0008,-0.9319,0.0509,0.1008,0.8831,0.0807,1.0457,0.963,2.6103,4.7382,1.6138,-0.2259,-0.3017,-0.619,3.7216,13.3757,-0.3009,-0.1124,0.4164,0.3641,2.9027,21.8419,0.3703,-0.1304,-0.3408,-1.8694,27.4997,-0.9435,26.3504,1.5809,0.7184,16.0709,-1.4808,-0.2509,-0.119,-3.6004,0.5506,28.3997,-1.8755,-6.4758,0.5663,-0.9334,0.2802,33.5758,0.5495,3.2605,-1.9458,-0.2307,0.3453,-0.0643,0.4128,0.4671,-3.9558,35.8497,,,,,,,
766,5826,108,5,running,-1.2746,0.1706,3.0985,1.6146,6.8387,2.7117,4.2823,-0.3354,7.1843,8.0837,9.3876,14.1486,-0.1605,-2.3577,13.2598,11.3967,-1.0089,1.0157,-0.598,0.206,3.6531,-0.0763,-0.2902,-0.3058,-0.5091,3.4953,10.3679,0.6968,-1.4482,-1.4884,2.4547,0.3496,0.0475,-3.6495,4.5578,-2.6671,1.4088,0.037,3.9458,15.9322,-0.8799,-0.9742,-3.7422,12.7219,0.5479,-2.3017,2.9509,0.1197,-0.731,0.0502,0.0809,0.1303,0.1014,1.903,1.9777,0.8316,16.622,36.3704,-0.2602,0.3755,-0.0753,2.9687,17.9218,-0.2208,-0.3806,-0.3454,0.2506,3.7459,20.5109,-0.2307,0.0009,0.0181,0.4998,1.9475,-1.0682,-3.3002,1.4308,0.3402,22.7706,-1.3209,-0.3509,0.4754,-5.5663,0.1508,-0.7406,-1.7386,-0.5134,-0.8122,1.6158,1.5004,4.4648,0.6138,3.8495,0.6005,0.9079,0.4296,-0.0643,-3.4187,-0.5753,-0.7408,-0.9666,,,,,,,
767,5827,108,5,running,-3.8984,0.1251,2.9558,3.5143,1.0557,4.7463,7.1745,-2.2496,8.0111,6.3582,9.3348,13.0839,-1.1438,-2.2654,-15.0052,22.2862,-0.6879,0.0773,-1.5586,0.2536,3.6921,-0.377,-1.7832,-0.309,-0.0691,2.7563,14.2987,-0.048,-0.4095,-0.0902,2.4977,0.5842,-0.4797,-2.8965,-2.665,11.4484,-0.4664,-0.5943,2.7699,16.726,0.5325,-2.7177,10.8892,17.9467,0.5615,28.0328,-2.7406,0.1109,-3.0506,-0.2805,0.2164,0.4014,-0.2309,36.5758,15.4296,27.836,5.4006,2.741,-0.1302,0.2608,-1.8528,2.7687,20.9573,0.3809,-0.1199,0.0257,0.0809,2.9324,12.2202,0.3706,-0.1505,0.2504,-0.3994,3.4806,1.0008,3.3012,0.4679,-0.3505,23.3008,-1.7408,-0.0709,0.3207,-4.9141,0.9242,-1.6176,-0.3402,-4.4409,-1.6005,-0.8755,0.4991,3.7367,-0.5008,1.9509,0.2252,0.0752,-0.5184,0.3757,-3.9452,0.0332,-0.5194,,,,,,,,
768,5828,108,5,running,-3.0188,0.0052,1.9141,3.0979,4.8495,2.1593,6.1746,-0.3883,7.3776,9.2704,8.2332,15.1439,0.2463,-2.3077,13.2041,-6.2265,-0.2542,1.5944,-2.3587,0.3497,2.4769,0.3349,-2.7555,0.0782,-0.296,3.6486,14.4543,0.068,-0.0553,-0.0872,3.4081,-0.6795,0.4889,-4.9856,10.3684,-4.9957,0.6851,0.025,2.789,12.5873,-0.2169,-1.7466,4.8568,22.7094,0.5419,-3.0505,0.4103,0.3019,-2.037,-0.2209,0.3996,-0.3453,-0.1102,-4.5503,1.9043,2.4202,-0.6213,-0.7758,-0.4991,0.1307,-0.9645,2.9446,11.3605,-0.2505,-0.1504,0.3808,0.1015,1.749,16.1191,-0.3646,-0.1004,0.2808,0.8752,3.4505,-2.5396,3.4648,0.5693,1.5341,17.2607,-1.4806,-0.3005,0.2305,-4.5121,-0.4007,2.9644,-1.8011,-0.9552,-1.799,-2.8131,-2.4172,1.719,-0.0006,3.4297,0.4018,-0.1122,0.5005,-0.3759,-4.9451,-0.4403,-0.7658,,,,,,,,
769,5829,108,5,running,-3.7391,0.0549,1.5146,2.8488,3.089,4.0034,7.3689,-1.0106,6.1695,8.0783,9.1519,-0.6859,-0.1344,-2.2486,-4.1856,10.2541,1.2271,1.4839,-2.2773,-0.2858,3.8869,-0.3397,0.2691,-0.5067,0.5532,1.0953,-2.6638,-0.358,-0.7794,1.4082,1.8799,0.4675,-0.3742,-5.4598,12.4762,14.6581,0.6054,0.7978,3.9622,-1.9364,-0.747,0.432,-1.8419,1.7627,0.5792,15.3757,11.5218,-0.0414,-3.1305,-0.3452,-0.3014,-0.025,0.034,-0.8568,-1.0405,-0.4123,13.6316,4.5507,0.0502,-0.2305,0.8486,2.7217,-3.5752,-0.3997,-0.2602,0.4293,0.2161,3.4019,-1.8463,0.3009,0.0007,0.0803,-1.8561,3600.6209,-0.0755,3700.4405,-0.0702,0.9666,-2.2809,-1.5263,0.3506,-0.3708,-4.4118,-0.5003,-0.9449,-0.2503,-2.2252,-0.3403,1.4007,0.3809,4.8757,0.9452,3.6007,0.2207,0.4997,0.9153,-0.3644,-0.8493,-0.4679,-0.9059,,,,,,,,
770,5830,108,5,running,-3.9584,0.4365,3.5491,2.619,1.714,4.2982,6.0578,-1.1806,8.0052,7.1421,9.3672,10.4859,-0.2381,-2.0943,2.1656,15.2271,1.4549,1.3557,-1.2655,0.0774,3.4783,0.2537,0.6904,-0.3301,0.0846,14.8866,-5.6497,0.2854,0.3467,0.7042,11.7939,-0.034,0.7544,-3.946,3.6884,12.8095,-0.5877,0.5076,3.534,-2.9865,-0.9993,-1.8902,16.8719,4.5489,0.5263,-0.9627,-0.399,-0.0009,-0.8537,0.0504,0.2167,0.733,0.1303,1.6216,-1.9037,-0.6344,5.8758,0.8655,-0.3453,-0.3806,1.5006,4.4998,-5.4506,-0.2803,-0.0807,-0.5756,0.1122,3.4754,-1.4017,0.3018,0.2602,-0.1015,-0.2251,22.4671,0.3644,21.5689,0.3006,-0.3409,-1.9093,-1.4804,0.027,0.4165,-4.9458,-0.0442,37.5505,-1.9683,13.9552,1.3754,-1.3508,-0.2309,-3.839,-0.4403,3.6236,-0.1005,0.4117,0.4303,0.3607,0.6506,0.2504,0.4689,5.0201,,,,,,,
771,5831,108,5,running,1.4396,-0.1499,0.7184,2.9666,6.0043,4.0104,3.1598,-1.2973,-1.2559,7.1782,9.1607,8.1888,-0.2457,-2.306,10.0544,-9.2823,-0.4822,-2.7963,-0.384,-0.3786,2.3546,0.2752,-0.6968,-0.0345,0.4902,11.0884,-5.3475,-0.3674,0.3332,0.7855,-0.6742,-0.568,-0.6539,-1.8906,14.6494,13.0962,-1.8319,0.5077,1.5422,-5.5847,-0.857,-1.5317,3.9764,15.6661,0.4004,16.5508,-3.9636,0.0507,-2.5758,-0.3206,0.0307,0.399,-0.0809,12.5695,-3.9592,5.3012,0.763,-0.8139,-0.8719,0.1105,-0.904,1.9509,-5.6103,0.3504,0.2605,-0.2808,0.2169,1.5663,-3.7219,-0.3454,0.0008,0.1196,0.9153,1.0753,-0.5692,-0.3009,0.9301,-1.9558,-3.8443,-1.6081,-0.4018,0.1014,1.5408,0.0363,-0.5109,-1.7756,-0.9552,-2.9236,-0.0702,-0.3143,3.8752,0.4296,1.4994,0.9452,0.4505,0.1302,-0.1509,-3.4152,0.2209,1.5402,,,,,,,,
772,5832,108,5,running,-3.9069,0.051,1.5341,4.6355,2.8443,3.2852,6.1295,-0.3346,7.1598,9.1417,8.4858,10.1345,-0.3043,-2.2338,-4.7869,-16.0957,1.2219,-0.1827,-1.0188,0.0773,3.6566,-0.3583,-2.3668,-0.2454,0.4976,1.7959,0.7081,0.3744,0.5547,0.0092,1.8031,-0.0461,-0.0867,-3.8962,-2.6074,4.994,0.965,-0.7591,3.8542,-1.8764,-0.3402,-0.9401,-1.8437,-1.9715,0.429,-6.0364,11.5611,0.535,-1.7386,0.0503,0.119,0.8617,-0.6322,-0.8122,1.7772,-1.935,3.819,1.3013,-0.0212,-0.2164,-0.2259,3.4014,-0.8216,0.3997,-0.3642,-0.1303,0.1503,3.8153,-0.1014,0.2303,0.0009,-0.2241,-0.9025,1.5754,-0.3759,-2.3453,-0.3502,-0.5503,-1.6554,-1.3205,-0.0804,-0.4503,-3.4758,-0.4992,0.3005,-0.4807,-0.9053,-3.2808,0.8757,-2.1106,3.6289,-0.7117,3.2506,-0.2209,-0.5008,-0.5109,-0.4004,-3.2603,0.0278,,,,,,,,,
773,5833,108,5,running,-3.7382,0.0501,2.5491,3.6163,1.8551,4.2891,-1.5548,-2.1357,6.9076,7.0829,8.2406,10.1279,0.2346,-1.1536,14.4737,13.1652,-0.3074,-2.595,-1.6719,0.008,2.9834,0.3873,-1.3581,0.0345,-0.6056,9.4058,-2.9942,-0.7064,-0.0968,-0.4984,5.8844,0.6951,0.3902,-3.0475,-5.7794,-0.6672,1.7862,0.5418,3.9741,-3.6543,-0.1306,1.8569,5.9563,11.8727,0.5321,0.835,-0.968,0.0663,-1.714,0.0001,-0.2605,0.862,-0.0806,1.7635,2.935,-0.8182,3.9028,2.8971,0.4003,0.1196,-0.5002,2.8754,-3.5184,-0.4018,-0.3018,0.3458,-0.1129,2.7372,-2.9452,0.429,-0.2505,0.1012,0.6602,3.3758,-0.3005,2.5502,1.6003,1.9446,-4.5997,-1.4115,0.2252,-0.2303,-0.31,-0.3403,0.9215,-1.9558,-0.9071,-0.4406,0.2802,0.0363,-2.7395,-1.3803,3.4805,-0.4759,-0.3704,-0.5134,-0.3206,-1.617,0.1505,-2.8797,,,,,,,,
774,5834,108,5,running,-4.7106,0.0846,1.5402,4.9452,3.2694,2.1555,7.1636,-2.8584,6.2369,9.0052,8.3799,1.1343,-0.2833,-2.3582,-5.0109,-1927.0,-0.0584,-1.3862,-3.0783,0.2286,1.5949,0.5787,1.3064,0.5832,0.4579,1.6573,-6.4463,0.0429,0.7585,0.3967,2.5068,-0.6689,-0.069,-4.9547,10.4881,-3.7098,-2.747,0.4096,2.8877,-4.536,0.0216,0.8072,-2.9767,-6.7893,0.399,-0.5601,0.7645,-0.1504,-0.7372,0.0329,-0.0506,0.0009,-0.2202,0.5428,1.5109,1.3003,3.4008,11.3758,-0.2163,0.1194,-0.9236,2.0277,-5.4404,0.3707,-0.4293,0.3458,-0.1121,1.4017,-4.5004,-0.2504,0.0001,0.0387,-0.8757,0.6604,0.4991,-4.4808,0.9574,-2.8594,-5.4303,-1.3012,0.6138,-0.3403,1.0753,-0.2308,-2.5756,-1.8016,1.9059,-3.926,1.8356,-0.0443,2.9789,0.3505,3.4751,-0.8012,0.2254,-0.7117,-0.2608,0.9238,0.4689,-1.4503,0.0,,,,,,,
775,5835,108,5,running,-1.3265,0.1657,2.4178,1.714,3.2997,4.6348,7.1492,-2.5893,6.3867,8.1572,-0.5948,9.1378,-0.2068,-1.3323,14.4577,15.368,-0.3075,1.3944,0.2832,0.0561,3.9856,0.2404,1.0852,-0.016,-0.0906,1.8826,11.5083,-0.0399,0.4034,-0.6582,3.5537,0.4741,-0.0063,-1.8973,10.4979,5.4311,-1.7464,-0.7091,2.7636,16.9669,-0.5426,-0.904,2.8622,1.9466,0.4638,3.0785,-2.3997,0.0004,-1.8711,0.0213,0.1305,0.0508,-0.1106,-0.9562,-1.8986,-0.8436,-4.5754,2.3752,-1.4995,-0.2259,0.1197,2.5693,12.0663,-0.4757,-0.1017,-0.0404,0.0807,1.5692,13.4673,0.4008,-0.1505,0.2508,1.3647,0.3706,0.8391,-3.4805,1.6008,-1.5508,20.5109,-1.3207,-0.2804,0.3018,-4.6602,-0.4013,-1.5138,-1.7687,-0.5489,-5.3505,0.4406,-0.4294,5.2605,0.3003,2.9043,-0.7204,0.4505,0.2162,-0.5143,-4.8578,0.0247,-4.8139,,,,,,,,
776,5836,108,5,running,-3.517,0.0117,1.8391,4.9552,6.1395,2.1257,3.2402,-3.0941,-1.1439,7.2753,-0.2905,9.3852,0.2546,-2.0854,8.2858,-0.5949,-0.2655,1.0077,-2.4847,-0.3497,3.3744,0.2372,-0.5069,-0.0788,-0.0693,10.407,-5.0431,-0.0364,-0.6798,-0.6074,1.3384,-0.7986,-0.6562,-4.8092,15.4542,-4.5699,-2.4319,0.7863,2.8568,-4.7589,-0.8766,-1.0277,14.4295,-4.3013,0.5377,-1.4004,-0.0606,-0.0006,-0.4358,0.0505,0.1302,0.9475,-0.2164,-0.7645,-0.2803,1.9763,5.1198,11.539,-0.7312,0.1108,-0.4666,1.8344,-5.9099,0.0663,0.2253,-0.2205,0.0343,1.6382,-3.4998,-0.1508,0.1004,0.4014,-0.5184,1.3991,0.8213,-4.4406,1.0181,-0.3003,-4.9762,-1.3457,0.5004,-0.3505,1.4164,-0.3709,-1.966,-1.7372,0.7136,-1.9443,-1.3756,-1.6118,4.9236,-0.6135,3.0753,-0.5506,-0.3407,0.2308,0.5753,-2.7502,0.0682,,,,,,,,,
777,5837,108,5,running,-1.3236,0.0045,4.5142,1.7143,3.8484,6.9458,2.1552,-2.2859,1.1286,8.0822,-1.2943,7.1378,-0.2344,-1.2653,9.2572,0.1758,-0.3824,1.2077,-0.0555,-0.2784,3.4904,0.0769,-1.398,-0.4036,0.0182,10.4791,0.679,-0.3063,-0.9868,0.0971,11.6564,0.3376,-0.0693,-3.7594,-4.6635,1.6087,1.4862,0.745,3.9989,2.967,-0.563,-1.8542,-4.7902,-0.8857,0.4008,0.4617,0.922,0.1103,-1.838,0.0344,0.0006,-0.5428,0.1197,2.9715,2.9512,0.4019,3.4992,0.4187,0.2604,-0.3007,-0.2258,3.4146,1.5504,-0.7323,-0.1504,-0.2504,0.0507,3.4807,0.8656,-0.3994,-0.2806,-0.0804,-1.71,0.5003,-1.8756,-4.4757,-1.2167,0.7408,2.9452,-1.5109,-0.1019,0.5692,-3.7116,0.3509,-2.5689,-1.6264,0.0332,-4.5121,-1.3232,0.5489,4.9444,-1.1305,3.3403,-0.2305,-0.5752,0.8013,-0.5647,-4.3752,0.0267,-0.0277,,,,,,,,
778,5838,108,5,running,-1.4369,0.0052,2.6171,1.1581,-1.7182,3.1245,4.8443,-1.9079,0.2789,6.1877,8.3672,7.4869,0.2949,-2.2493,9.3067,-2.2653,0.2035,-0.3973,1.5585,-0.3354,2.0184,-0.2298,-0.2356,0.286,-0.5941,1.0565,10.0878,-0.3791,0.0664,0.4796,2.5734,0.0462,-0.094,-1.9744,-3.9946,4.638,-0.5874,0.7079,3.6887,14.025,0.0375,-0.6695,-4.8675,-0.5194,0.4505,2.8871,-0.9065,0.1192,-1.8318,0.0005,0.0506,0.2307,0.2164,-0.9439,-1.921,0.5505,-5.7645,-0.828,-0.1506,0.2259,-1.2607,2.5778,15.7408,0.3402,0.0453,-0.0332,0.0277,2.8756,16.4183,-0.3019,0.1019,-0.1304,1.6001,3.5289,1.4002,3.4756,-1.6242,-0.3458,13.5757,-1.4405,0.3206,0.0606,-3.4993,0.3505,-2.3993,-1.8356,-4.3004,-1.4114,1.0682,1.2809,-3.0278,0.4103,3.799,-0.0394,-0.4017,0.4671,-0.3603,-2.5809,-0.0803,-2.6397,,,,,,,,
779,5839,108,5,running,-1.5604,0.1636,3.7184,2.9458,1.6355,-8.2782,4.2993,6.1743,-0.7788,7.3572,8.0189,9.3786,1.0559,-1.2408,-2.0054,-8.0983,0.2657,1.3397,-2.4766,-0.2555,4.5834,-0.306,0.2844,-0.0364,-0.5084,4.6931,10.4979,0.6775,-0.4078,-0.0632,5.9853,-0.8068,0.3856,-1.4587,-0.4846,-4.0742,0.9531,0.7076,4.904,12.636,-0.6562,0.5495,1.023,-1.8517,0.5276,-1.7499,11.3705,-0.0445,-2.979,-0.2241,-0.3018,0.1124,-0.2259,13.7319,-3.7406,14.1194,-1.5757,16.3007,-1.9411,0.2304,-0.2165,5.3993,15.3757,-0.4011,0.0004,-0.1505,-0.4995,4.4103,22.2603,-0.3508,0.1307,0.0709,-0.5009,3.9218,1.9655,3.6143,-1.8752,0.7018,17.8561,-1.4803,-0.1018,-0.2805,-4.5372,-0.4008,1.8443,-0.3102,3.716,0.0292,0.0505,1.9554,-0.3457,0.0477,3.4502,0.5011,0.4753,0.0663,0.3405,-1.6009,0.0014,-2.1002,,,,,,,,
780,5840,108,5,running,2.1383,-0.2286,4.9134,0.6011,1.5384,3.7706,8.2346,-1.0552,6.1659,7.0077,2.1434,9.2969,-0.0843,-1.177,-3.4585,15.2593,1.0941,0.5864,-2.2857,-0.013,2.3572,0.2404,-2.6581,-0.4499,-0.3837,4.3627,12.6655,-0.4882,-0.3976,0.6898,10.548,-0.3356,-0.035,-5.4792,-0.847,-0.6053,-2.8875,0.0742,3.7978,16.0694,0.7413,-0.9749,-4.0214,11.3753,0.621,1.6773,0.9639,-0.0505,-0.63,-0.3606,-0.0009,-0.2608,0.1506,-2.904,2.876,14.8969,-2.4291,-0.7386,-0.3452,0.2803,-0.9539,2.5006,13.4508,0.5759,0.2257,-0.4007,-0.2162,1.9558,22.3997,0.3015,-0.3009,0.119,0.8695,3.8757,-0.0759,2.4015,-0.8986,1.8443,17.9236,-1.4406,0.1126,0.2304,-5.1305,-0.4994,-2.7372,-1.8952,-0.7408,-3.0202,-1.0702,-0.5109,0.7143,0.9043,3.8006,-0.5494,0.3649,0.3503,-0.0804,-2.0293,0.4689,-0.7297,,,,,,,,
781,5841,108,5,running,-1.3184,0.0585,3.1579,1.719,2.9404,6.0793,4.0904,-1.0058,7.2756,8.1206,-1.3616,9.3968,0.0846,-2.3391,-4.3765,-0.2361,0.3552,-1.5954,-1.4877,0.3075,3.7843,0.2969,0.3832,0.0163,0.2628,11.5047,0.444,0.6045,0.6655,0.4983,4.347,-0.9897,0.8699,-4.578,-2.9664,-2.8874,0.5321,0.6781,2.7699,-0.8962,0.0504,-0.9567,-5.1014,14.8422,0.4405,0.8711,-0.0345,-0.2503,-1.8471,-0.0006,0.026,0.1122,-0.2602,2.5121,13.9022,10.1192,-2.7219,1.4293,-0.2163,-0.3017,-0.9417,2.8117,0.5006,-0.4002,-0.7312,0.2258,0.2208,1.9444,-2.3991,-0.1509,-0.3759,0.2241,0.3646,1.8224,-0.4997,-2.2806,-0.3703,1.4752,-1.2308,-1.5757,-0.3206,0.3458,-4.8695,-0.9574,-0.7992,-0.3609,-1.4012,1.6003,-2.6106,-1.3508,1.9795,-0.1309,2.5506,-0.5648,0.0709,-0.3802,-0.3002,-2.8797,-0.4681,-0.839,,,,,,,,
782,5842,108,5,running,-3.9062,0.2091,4.5402,1.8333,2.1495,6.2494,3.0093,-2.0782,7.0185,9.0954,8.4977,-2.1743,-0.2552,-1.388,-2.2361,-3.2987,-0.5941,-0.286,-3.4563,0.0556,4.794,-0.2688,1.6939,-0.3058,-0.6478,4.3473,14.5068,-0.4762,-0.3335,-0.6681,3.9946,-0.0872,-0.0436,-4.3776,-2.9874,15.5783,1.5319,0.7544,4.5567,13.4889,-0.038,-1.967,-5.3008,-2.6592,0.5479,-0.7177,0.9717,0.3014,-0.023,0.2162,-0.1503,-0.0277,-0.2506,2.7169,1.8428,-2.4295,0.9094,2.5757,-0.1303,-0.2803,0.8664,4.4015,12.4992,0.9027,0.0804,-0.3991,0.1197,3.9795,11.0505,-0.3402,0.0009,-0.3207,-1.6154,0.6003,1.8759,-5.4002,0.9236,-0.4674,16.5502,-1.3649,-0.1126,-0.2307,-4.4114,-0.5015,1.9446,-1.8009,0.3294,-2.4406,1.9666,-1.3282,4.5148,0.2253,3.4507,-0.1015,-0.1109,-0.6103,-0.7308,-4.3456,-0.3805,,,,,,,,,
783,5843,108,5,running,-1.9452,0.1651,3.1295,1.1398,2.2968,4.8488,7.0059,-1.0838,6.0102,9.2854,8.0723,12.1872,1.3356,-1.1422,-0.4845,-0.585,-0.1727,0.5582,0.3496,-0.0946,3.4476,0.2442,0.7967,-0.3937,0.2697,5.479,-2.5761,-0.6964,-1.0583,-0.3635,4.607,-0.0694,-0.0466,-2.8568,-3.7875,11.7773,-2.894,0.8699,2.8849,-2.748,-0.0329,-0.6315,2.6592,10.8428,0.5494,-1.4298,-1.9322,0.2169,0.8721,0.0503,0.1193,0.5218,-0.2303,2.3018,0.4453,3.621,-2.3003,0.1012,-0.3454,-0.3996,-0.2805,2.913,-2.9053,0.1305,-0.1129,-0.4002,0.3405,2.5005,-2.719,-0.4677,0.1108,-0.2502,-1.2607,1.4995,-0.8398,-2.71,0.6247,-0.4503,-1.5507,-1.3203,0.2251,0.1504,-3.6554,-0.4408,0.9371,-1.7948,3.3805,-4.4805,-1.8551,-1.0473,2.9081,0.5753,2.6106,-0.6156,0.2209,-0.3502,-0.0008,-2.8757,-0.4164,-3.0,,,,,,,,
784,5844,108,5,running,-1.3156,0.0109,1.5839,2.7382,3.1881,4.2763,6.1378,-1.3516,-1.1704,7.2091,8.3769,13.0038,-0.2985,-2.3354,0.7957,-4.4824,-1.0586,0.5547,0.3023,-0.0842,2.6721,0.2859,0.4096,-0.2698,0.2552,9.7077,16.3466,-0.065,-0.6589,-0.689,10.978,0.0788,-0.0364,-2.4675,-3.4982,11.3695,-1.9419,0.7499,1.6045,14.8741,0.1193,-0.021,-2.7322,22.537,0.5633,15.3757,-6.7634,-0.0003,-2.8422,-0.2502,0.1509,0.931,-0.0803,-3.3003,2.626,0.5758,-2.6247,0.6012,0.3993,-0.1309,1.8344,0.5776,12.0502,-0.3409,-0.2253,-0.429,0.2167,1.3018,20.4991,-0.3643,-0.1129,0.2304,-0.6163,1.6554,-0.5001,-3.3606,0.922,-1.3505,17.3152,-1.4006,0.3452,-0.2603,2.5184,-0.2808,0.8759,-1.8005,1.4408,-1.4143,-0.7158,-2.8157,3.3136,0.5503,2.5109,-0.4103,0.4508,-0.8806,0.4015,-0.8182,-0.3805,-1.4106,,,,,,,,
785,5845,108,5,running,-3.0811,0.2335,2.9074,1.1878,4.6154,3.1793,6.8489,-2.2277,7.1349,8.4885,-2.2406,-2.0559,0.2551,-1.2857,9.1658,-5.3638,1.3788,-1.3083,-2.2062,0.0943,3.2944,-0.0431,-1.4054,-0.0092,-0.3479,2.2772,-1.9863,0.0141,0.3369,0.6846,4.8067,0.535,0.3975,-3.4797,10.5565,-3.7082,0.876,-0.9464,3.9991,-0.8902,-0.7364,-1.6686,4.7629,-1.8435,0.5633,-3.9634,-0.3995,0.1191,0.5341,-0.1507,0.2259,0.2163,0.7422,3.038,0.9513,2.7382,4.5157,11.2605,-0.3641,0.1103,-0.4007,3.9035,0.7689,-0.2505,-0.0008,0.4504,-0.2802,3.3013,-0.4404,-0.3759,0.0201,-0.4015,-0.5754,1.0506,0.3503,-4.3402,1.9076,-0.4297,-0.2303,-1.6554,0.4756,-0.4117,4.9153,0.1308,0.7808,-0.4991,-1.6193,-0.9059,1.8122,-1.3115,4.6163,-1.799,2.7386,0.0332,0.6001,-0.3004,-0.0292,-5.0408,-0.3452,-1.1018,,,,,,,,
786,5846,108,5,running,0.0881,-0.3184,2.8236,3.7117,1.9076,6.271,4.1701,-1.2896,-1.5565,7.0043,8.2405,10.1877,-0.3614,-1.2658,-0.3787,0.3825,1.3072,-0.2034,-1.456,0.0941,2.3568,-0.6903,0.5042,0.4739,-0.2988,9.6667,-3.4494,-0.0693,-0.598,-0.4983,3.8933,-0.9861,-0.4082,-4.7556,-0.5762,-0.7853,-0.7954,0.737,2.8664,-4.7617,-0.0212,-1.9548,-3.9607,-3.635,0.5214,15.1198,11.0499,0.1005,-0.9722,-0.1503,0.0809,0.0505,0.1129,-2.9552,-0.7475,-0.9026,-5.7709,1.0473,0.2252,0.3759,2.8429,1.6011,-4.8522,-0.4002,-0.3012,-0.2209,-0.2502,2.0663,-4.923,0.3403,-0.1304,-0.2606,0.4165,1.9574,-0.4297,-1.3643,-0.9405,-1.5756,-4.9558,-1.6146,-0.3452,0.3008,1.3993,0.5506,-1.5008,-1.7018,4.0404,0.2807,-0.0362,0.8578,1.3808,0.2308,3.4403,-0.539,-0.1105,-0.4252,-0.4994,-4.5452,-0.2162,,,,,,,,,
787,5847,108,5,running,-4.1297,0.0011,4.8191,1.2655,3.6348,2.1869,6.1572,-2.0549,7.1643,9.4859,8.2989,10.2838,1.5893,-1.0107,13.2486,11.3979,-0.3064,-2.3556,-1.0877,0.234,2.9868,-0.3357,1.7867,-0.2582,-0.3683,4.0976,1.669,0.6051,-0.467,-0.4552,6.7534,-0.4496,-0.0699,-3.848,14.3741,-5.035,-0.7422,0.5465,3.5399,1.8871,-0.1306,-1.9542,-3.9604,-6.8701,0.4299,0.6319,0.0461,0.1108,-0.922,0.3705,-0.025,-0.2808,-0.2253,-1.9433,1.1196,1.8501,3.734,4.0503,-0.2162,-0.1129,-1.4007,2.626,0.7671,-0.3603,-0.1508,-0.3806,0.0007,1.3751,2.3014,-0.3003,0.1002,-0.3509,-1.4995,3.5503,1.3641,3.4503,1.4113,1.3403,2.5408,-1.4406,-0.4013,0.1013,-4.5693,-0.2205,-0.5695,-1.6809,-4.8759,-2.5015,-0.3197,-0.2302,3.5648,0.3997,1.6103,0.5489,0.0343,-0.4673,0.5005,-0.5754,-0.2241,-2.7372,,,,,,,,
788,5848,108,5,running,2.7191,-0.2286,0.8333,3.1656,1.5836,6.0515,4.2695,-0.9278,-0.1742,-0.2988,7.3873,8.4549,-0.1347,-1.1885,-5.2801,11.5955,-0.4493,0.3775,2.2554,0.2757,-0.244,-0.605,1.6478,0.0691,-0.0765,-3.0852,9.0035,-0.6832,-2.0962,-0.7066,-0.8046,-0.0499,-0.3483,-0.8939,-3.6982,15.8467,1.874,0.0323,-1.7792,10.4301,0.021,-2.9636,5.3993,-3.5323,0.3708,14.3752,-0.9735,-0.3014,-0.7963,-0.0508,0.101,0.9413,-0.7419,0.4991,-3.9067,2.1197,-1.4297,0.9871,-0.2163,-0.1309,2.7628,-2.5695,12.5692,-0.3803,-0.0803,0.3452,0.2606,-0.4018,13.3609,-0.1503,-0.3405,-0.0006,-0.7658,-0.5134,-0.3644,-3.5757,0.3505,-1.3008,16.8757,-1.4677,0.4406,-0.4008,3.5003,-0.1106,-0.7505,-0.4809,1.5015,2.9684,-0.2257,-1.8986,-1.4143,0.6106,-1.5164,-1.0455,0.0702,-1.5489,-0.2309,2.9509,0.2505,,,,,,,,,
789,5849,108,5,running,0.6383,-0.1489,3.1584,1.8492,6.9334,2.1659,4.7962,-0.6899,7.1743,9.2653,8.4548,11.1374,-0.2744,-2.3577,14.3881,13.2397,-0.4721,-0.2404,1.0536,-0.0906,4.3746,-0.2982,-0.2557,0.0156,0.0042,4.6763,12.3058,-0.0873,-0.6631,0.4076,4.7039,-0.3378,-0.556,-1.6591,15.8093,-3.8869,-1.9541,0.5475,3.6471,10.0785,0.9896,-1.8746,0.945,-3.0364,0.5219,16.1199,-6.2804,-0.0507,-1.8617,-0.1302,0.0225,0.039,0.0809,5.9099,1.4299,0.3993,-3.0404,1.1017,-0.836,-0.3009,-1.0008,2.5005,36.0709,0.4508,-0.2205,0.4808,-0.2505,3.4754,17.2308,-0.3647,-0.3013,-0.1126,-0.7367,0.5758,0.0455,-3.2603,1.8495,0.5684,22.6556,-1.4672,0.1106,0.2253,-3.3751,-0.4011,1.6143,-1.8986,-3.617,27.9212,1.5341,1.5506,26.5647,-0.2165,4.8695,0.8759,-0.4247,-0.9451,-0.1508,20.1004,-0.2244,-2.4405,,,,,,,,
790,5850,108,5,running,-1.8492,0.1809,2.9146,1.6018,3.5184,4.1255,7.1577,-0.3799,6.0198,8.0557,9.3343,10.3976,-0.4822,-2.3073,-5.0794,13.2621,-0.2496,0.2358,1.3684,0.3547,2.2959,-0.694,0.0846,0.0628,-0.6832,2.8841,0.6478,-0.4493,0.7952,0.0061,2.6087,-0.7538,0.6585,-2.0462,-0.709,6.6682,-2.4963,0.868,1.8972,3.4581,-0.837,-0.5318,-5.0509,-0.6795,0.5633,-0.5421,0.9718,-0.2302,-1.7463,-0.0312,-0.1012,-0.1192,-0.3997,-1.5695,3.7436,-2.021,-0.9219,-0.8758,-0.2808,-0.2508,-0.3459,1.9795,3.4016,-0.4001,-0.1106,-0.3802,0.4995,1.9123,3.3757,-0.3009,0.0806,-0.1122,0.8471,3.4504,-0.5648,4.5402,0.2162,-1.619,2.9406,-1.5508,-0.3646,0.1506,-4.1302,-0.3703,-1.9452,-1.799,3.3019,-2.3504,-1.6104,-1.2603,3.5109,-0.7308,2.0606,-0.2254,0.5014,-0.416,-0.0004,-2.4143,0.4689,,,,,,,,,
791,5851,108,5,running,-1.2744,0.1657,3.7183,1.9762,2.1762,4.2479,6.1555,-1.2373,7.2652,8.0801,9.3772,-12.2984,-0.3558,-2.3664,12.3868,16.348,0.3954,-1.4907,-0.2856,0.2593,4.609,0.0582,-0.4586,-0.037,-0.043,1.3398,-4.0977,0.0059,-0.7869,0.6542,11.5053,0.0699,-0.464,-4.6787,-0.9547,-4.8375,-0.4894,-0.8897,3.6692,-4.8527,0.8976,-0.1196,10.636,2.8757,0.4297,-0.5752,-0.74,-0.2508,-3.6143,-0.2209,0.2259,-0.1309,-0.1108,2.9638,1.0508,5.4991,-0.3458,1.5509,-0.0455,0.023,-0.4806,3.9164,-4.3406,-0.101,-0.1503,-0.3005,-0.3505,2.5689,-3.4403,0.2167,-0.1002,0.0446,-0.4186,2.8009,-0.4503,2.5004,0.3137,-1.4128,-5.4004,-1.5182,-0.1124,-0.0442,-0.5134,-0.2309,-2.7508,-0.4013,-3.5014,1.3017,-1.7178,-2.8013,2.9558,0.5489,3.6009,0.9236,-0.0302,0.3804,-0.0643,1.3997,0.3708,,,,,,,,,
792,5852,108,5,running,-3.5406,0.4202,2.9086,1.8148,3.0065,4.2781,6.2811,-3.2356,7.0169,8.1402,10.3619,9.3398,-0.0568,-1.3074,12.3879,16.4561,-0.3547,0.2432,-0.8822,0.348,3.7743,0.5962,0.0953,-0.4857,-0.2654,11.7844,15.7072,0.394,0.0793,0.6058,1.8521,0.5092,0.0664,-1.8967,14.5542,13.4971,-0.8399,-0.6651,3.8746,22.8675,0.043,-0.037,-1.3017,3.7629,0.4672,-2.9417,-0.9035,0.0508,1.9745,-0.2202,-0.0006,0.0295,-0.3003,2.9539,-0.7408,5.637,-0.9645,0.736,-0.3706,-0.2164,-0.8437,3.4997,21.8273,0.0299,-0.2503,-0.5752,-0.1503,2.5997,20.9236,0.1197,0.0002,-0.2305,-0.9574,1.5454,0.3403,-0.8211,-0.0473,0.2604,26.6193,-1.6011,0.2808,-0.4019,-4.9795,0.5008,0.7452,-0.3458,1.3503,-2.4143,-0.8016,1.9153,4.7117,-0.9676,3.1306,-0.8571,-0.7018,-0.1102,0.0755,-4.8794,-0.3809,-4.3753,,,,,,,,
793,5853,108,5,running,-1.8382,0.1244,2.1695,1.4356,4.5134,3.0986,7.9607,-1.0555,8.0108,6.3618,9.3748,-13.3072,-0.1732,-3.2897,13.0098,-6.0788,-0.4976,-1.4073,-1.3485,0.267,3.3523,-0.4567,0.2927,0.0465,-0.6039,3.7962,11.7851,0.3391,-0.7541,0.8059,2.3857,-0.4746,-0.0693,-2.6684,-5.7464,10.5843,0.9942,-0.5096,3.9468,16.6903,-0.5418,-1.5615,14.026,-6.9037,0.6558,0.8731,-0.8982,-0.7763,15.523,0.0007,0.0362,-0.119,0.2809,-1.9458,2.3015,-4.8344,-0.9217,-0.4015,-0.1107,0.1306,-0.5408,2.9763,12.3992,-0.5007,0.0504,0.3009,0.2258,2.5689,22.7459,-0.1506,0.1006,-0.3752,-0.7659,1.4806,-0.3805,-1.4294,-0.5677,0.4172,20.0709,-1.3205,-0.4758,0.3505,-3.3103,-0.5165,-1.0473,-0.5223,0.8192,-2.0663,-0.5757,1.4164,4.7396,0.5011,3.7386,-0.2606,-0.4503,-0.2305,-0.1126,-4.839,0.0179,-2.01,,,,,,,,
794,5854,108,5,running,-3.4236,0.5385,4.7968,1.1652,3.9069,2.8193,7.0104,-0.4923,6.2997,8.0867,9.3877,15.3681,-0.2637,-2.1734,-0.3078,14.1858,1.0986,0.2064,-2.0557,-0.4463,3.8947,0.0043,-1.5565,-0.0735,-0.397,4.7533,11.2748,0.6932,-1.5084,-0.9866,13.8871,-0.034,-0.0509,-2.878,4.4593,10.7499,-1.826,0.5614,3.4628,16.8516,-0.0215,0.7634,-2.5962,17.3756,0.5311,20.4298,-5.4014,0.1017,-2.9517,-0.1196,-0.2508,-0.2252,-0.0247,-1.6602,1.9635,-0.539,-3.734,4.8312,-1.9022,-0.2207,0.9475,2.9552,12.5404,-0.5757,0.4005,-0.2165,-0.3408,2.5184,22.2803,0.0005,0.02,-0.1306,-0.0209,0.5276,-0.3006,-4.3648,1.9666,-0.6188,34.9509,-1.5663,-0.2307,0.5109,-3.6306,-0.2603,1.0608,-0.3503,0.8952,-5.4183,-1.8443,-1.0201,3.6336,-0.9225,1.4368,-0.5194,0.3809,-0.7018,0.3011,-4.4504,0.3208,-1.0,,,,,,,,
795,5855,108,5,running,-3.6152,0.055,3.9087,2.5134,1.8984,4.3776,7.1486,-2.3852,6.2789,9.2402,-4.0773,8.2357,-1.3482,-2.3346,-0.2981,11.3068,0.3553,1.3964,1.2856,0.2054,3.7921,-0.5931,1.0061,-0.0962,-0.0626,3.4088,10.4769,-0.7532,-0.4904,-0.6684,4.6792,-0.3687,0.4872,-5.4499,-3.7077,-0.4594,-0.0151,0.7858,2.8542,13.656,0.2259,-1.8117,-2.6317,0.9737,0.4402,4.0323,-0.8091,0.3009,1.9655,0.1502,-0.0005,0.1019,-0.0508,-1.9028,-0.3457,-1.836,-6.9527,-0.7401,0.3754,-0.1127,1.3015,2.4106,12.3406,-0.3993,0.3707,-0.2603,-0.2309,1.9574,14.2809,-0.4002,-0.119,0.1105,-0.749,3.4992,1.5508,3.9324,-0.5008,0.3506,15.4293,-1.5165,0.2506,-0.4509,-3.7136,-0.2208,-2.7503,-1.8012,3.4757,-2.3607,-1.9552,-0.2164,-0.839,0.4016,3.4113,-0.1308,0.3208,0.3649,0.4677,-2.9452,0.6009,-0.0,,,,,,,,
796,5856,108,5,running,1.0515,-0.3344,3.7184,0.4106,2.9444,4.6309,-0.9912,-0.8849,6.3736,8.1643,7.0072,9.1362,-0.2654,-1.0106,-0.6976,-4.1786,-0.4863,-0.7968,-2.0823,-0.278,3.4792,0.2422,1.0973,-0.4567,-0.0439,1.6681,10.5564,0.3882,-0.9859,-0.0774,3.5077,0.344,0.0328,4.8971,11.9475,-2.836,1.967,0.6591,4.4637,22.5795,0.5887,-0.9042,-4.7861,1.8544,0.499,13.3754,-0.1015,0.1002,0.0663,-0.0503,-0.1506,-0.2259,0.2209,2.9764,2.2606,-3.8806,1.4358,14.5757,-0.8412,0.119,-1.3015,4.9554,12.4293,0.4013,0.0215,-0.9317,-0.0009,3.4247,17.3457,-0.2302,-0.3404,0.1127,-0.6607,2.8117,0.7406,3.1305,-0.6146,1.6103,15.7408,-1.4679,-0.3802,0.3703,-3.9452,-0.0477,-1.9558,-1.8004,-3.9236,-1.8492,-1.3262,0.2804,4.8757,0.0643,2.9278,0.5681,-0.3505,-0.5194,0.5809,-4.6143,0.1102,-2.9509,,,,,,,,
797,5857,108,5,running,-1.5695,0.0942,2.6382,1.1552,4.9236,3.1255,7.2582,-0.377,8.1387,9.1659,6.3697,12.3864,-0.3314,-1.0099,13.2851,10.0772,-0.1723,-1.0867,-0.2458,0.4844,2.689,-0.2627,-1.0177,0.0345,0.0549,3.5076,11.6941,0.2953,-0.7846,-0.3985,3.6562,0.3554,-0.4081,-2.9871,-4.0695,-4.6094,0.7904,0.7475,1.8966,16.936,-0.4743,-0.8318,-4.563,14.1198,0.4672,-0.8061,-0.8886,-0.1502,-1.9225,-0.2509,0.1305,0.3757,0.2254,15.8437,-3.023,-0.8759,3.0441,17.3706,0.4294,0.3454,-0.3998,1.2608,20.638,0.4757,-0.3005,0.0509,-0.1006,0.5759,22.5509,-0.4015,0.1104,-0.3014,-1.7319,3.2808,2.6003,4.4802,1.9094,-1.9666,27.4681,-1.4691,0.0007,0.1015,-4.8489,0.3405,-0.6146,-1.9692,3.3503,-6.9628,-2.6503,1.4406,4.8492,-0.2309,1.6557,-0.3642,0.0453,0.6208,0.5008,-5.3205,0.2209,-4.0455,1.0,,,,,,,
798,5858,108,5,running,-3.9077,0.4355,4.1795,1.8376,2.6998,3.0852,-3.2701,-1.2897,7.2661,8.3655,6.0559,9.1878,0.3577,-1.2962,13.3791,14.4422,-1.3839,0.2419,-1.4923,0.3479,4.6546,-0.04,1.6967,0.068,-0.6631,4.0902,10.4841,0.4586,0.4743,-0.0375,7.5057,-0.6885,-0.6064,-3.8499,1.7427,-0.4056,1.8942,0.7082,3.9622,11.9344,0.3403,0.9509,6.9028,12.8887,0.5418,-0.7364,-1.9872,-0.766,-0.5396,-0.2802,0.0507,-0.3997,0.2163,4.9427,0.638,-2.6193,4.0473,-0.835,0.3754,-0.1013,-0.1197,2.5443,5.5489,-0.0343,-0.1305,-0.4007,0.2506,3.2603,16.3004,-0.4297,0.1004,0.4013,-0.9093,1.3018,-0.3642,-6.4994,0.8608,1.5689,15.8986,-1.5663,0.5005,-0.3606,0.9552,-0.0709,-1.4509,-0.3457,-5.7706,1.8584,-0.9281,1.1505,4.5382,-0.7406,3.3709,0.6143,-0.0752,-0.3803,0.1102,-1.0262,0.3209,-1.4187,,,,,,,,
799,5859,108,5,running,-3.4288,0.174,1.8356,3.9076,2.1589,4.4854,6.0523,-1.2693,7.1665,8.4901,9.1427,13.0845,0.2852,-1.2437,15.3878,14.1872,0.4434,-0.7946,1.2286,0.309,1.4797,0.2943,-1.5053,0.036,0.0983,10.0036,2.3976,-0.3558,0.3368,0.6432,-2.6731,-0.0699,-0.048,-3.5541,12.8516,4.5675,-0.7762,0.7071,1.6696,3.7435,-0.0213,0.5792,-2.9851,16.6963,0.5758,-3.1198,-4.8891,-0.2165,-0.8426,-0.2258,0.2808,-0.0684,0.2302,2.8721,2.9561,-0.9475,5.2602,1.731,-0.8211,0.0508,2.8757,0.6154,1.7406,-0.3015,-0.1302,0.4995,-0.0007,0.7689,3.4292,-0.1104,-0.1005,0.1507,1.4018,2.9558,-1.3646,2.4654,0.0759,0.4402,3.6602,-1.5114,-0.3007,0.3451,-3.3758,-0.0403,1.7408,-1.9236,-1.9242,-3.7184,0.6002,-0.3402,3.4506,0.3809,-1.0993,0.0803,-0.3209,0.0606,0.3504,-3.6118,-0.4671,-0.0643,-1.0,,,,,,,
800,5860,108,5,running,-3.8488,0.1807,4.7182,2.6103,1.5281,3.489,6.9404,-1.0549,7.3577,8.3868,9.3957,10.2759,1.2053,-1.1542,13.0954,11.0858,-0.4486,-0.3722,-2.3698,0.2973,4.0188,-0.5584,-1.2379,0.0631,-0.2633,4.7562,2.6478,0.6687,-0.3091,0.3499,5.568,-0.4095,-0.0065,-3.6345,-1.8543,-3.745,-2.047,0.463,3.6967,1.8947,0.1015,-1.8391,-5.9437,0.837,0.6558,-0.968,-0.5215,-0.0375,-1.9722,-0.2205,-0.022,0.3004,0.2302,3.4993,-1.3998,4.2602,-2.7636,0.3458,-0.7213,0.2164,-1.9123,2.9319,1.6108,0.5491,-0.1306,0.4017,-0.1104,1.0238,0.8752,-0.0009,-0.1508,-0.3403,-0.7382,1.5006,0.4143,-4.8217,-1.5681,-0.2253,0.2809,-1.4803,-0.3805,-0.4505,4.0509,-0.4292,0.9552,-0.5264,-0.7184,15.5752,-0.5164,1.4117,3.3759,0.923,2.5504,-0.0663,-0.2503,-0.4403,-0.0603,22.1199,0.0045,-3.301,,,,,,,,
801,5861,108,5,running,-3.0165,0.1852,1.6146,2.0536,3.1556,4.9558,8.8495,-0.3538,7.2959,9.2844,6.1607,13.1772,-0.4793,-2.1496,12.007,14.2658,-1.4882,-0.392,-2.2483,0.0885,1.5537,0.2225,-1.9953,0.0698,-0.0469,3.093,10.8862,0.7957,0.6463,-0.4987,4.6791,0.4532,0.4034,-3.7861,-1.7597,-2.8466,1.686,0.548,2.035,15.9568,0.1505,-0.7776,-4.4633,-5.4004,0.4299,0.9433,-0.3994,-0.8973,-0.7437,-0.0502,-0.3015,0.9028,-0.0661,1.0212,4.7408,1.1199,-3.4012,5.3505,-0.0606,0.1015,-0.2254,1.5165,11.3459,-0.2505,-0.3704,-0.2603,0.2165,2.4993,16.2302,-0.3404,0.0277,-0.3649,1.4406,1.6009,-1.5509,-4.3006,-1.3139,0.1307,22.3808,-1.5164,-0.2202,0.1102,-4.0005,0.1004,-1.0404,-0.4806,-1.5758,-1.9236,-0.0292,-0.9278,3.6558,-0.5015,1.8759,-0.5494,-0.4651,0.2807,-0.0753,-1.9405,0.4679,-0.6158,,,,,,,,
802,5862,108,5,running,0.5281,-0.0154,3.0761,1.1763,2.7382,4.2781,7.9554,-1.0556,6.3772,9.4916,8.3573,1.2393,0.384,-3.3343,-4.2959,16.4821,-1.0955,-0.3497,-0.4589,-0.2599,2.5898,0.2432,-0.7928,-0.0052,-0.4488,4.5769,10.6878,-0.0884,-1.507,0.7782,2.6071,0.398,0.0664,4.4675,-2.6566,-0.4794,-0.8569,0.0323,3.0426,12.4217,0.8316,-0.8767,-2.902,-5.9562,0.5004,0.0215,-0.9219,0.0007,-0.979,0.0508,0.2509,0.533,0.3402,1.4666,-0.5754,1.9655,11.2809,13.3994,-1.7436,0.3709,-0.7613,3.4503,14.3603,-0.3457,0.0807,-0.3002,-0.1306,2.7443,15.4008,-0.2259,0.0002,0.1503,-0.8751,1.4369,0.5505,-1.9449,-0.3751,0.3505,17.9236,-1.4409,-0.3643,0.1192,-3.799,-0.6001,-0.8798,-1.7791,-1.0441,-1.9558,-1.4991,0.6118,3.0477,-0.3803,2.0292,0.0606,0.4807,-0.2607,-0.2167,-4.616,0.1012,-1.5148,,,,,,,,
803,5863,108,5,running,-1.5341,0.142,2.6146,1.9236,3.0961,4.0794,7.8492,-1.2362,6.2639,9.4865,8.3798,12.2979,-0.2832,-1.2773,1.2442,-18.0152,0.4421,1.458,-0.7849,0.4763,3.5867,0.3668,-2.3384,0.5908,0.0634,3.4053,-3.9943,-0.0087,-0.8866,-1.4638,1.7795,-0.0535,-0.026,-2.5072,-5.7092,0.8969,0.6474,0.9655,2.9775,-2.8521,-0.0326,0.0438,-1.5783,10.3705,0.5415,-0.9326,14.822,-0.563,-3.4808,-0.2204,-0.0683,-0.4016,-0.1102,3.0502,-2.767,13.5109,0.5121,2.5508,-0.3015,0.2169,-3.9099,1.9405,-2.7684,-0.4006,-0.1502,-0.3452,0.0007,1.4991,-1.7759,0.3207,-0.2503,-0.1011,-0.7385,3.3998,1.8594,3.3002,1.5759,1.8986,-2.3759,-1.7382,0.2304,0.2253,-3.8759,-0.0663,2.5008,-1.7969,-5.4103,-0.7177,1.8015,-2.5148,3.3644,-0.0292,3.4118,0.3409,0.0302,-1.4408,0.5648,-1.5408,-0.0809,-3.5,,,,,,,,
804,5864,108,5,running,-3.7452,0.0106,2.8181,1.2911,4.0955,3.9153,7.0515,-2.1282,6.3689,9.2061,10.4049,8.2469,-0.3313,-1.2225,-0.2659,13.1752,-1.1804,-2.0077,-1.0772,-0.3558,3.4885,-0.3883,-1.6793,0.4631,-0.038,2.7554,1.3743,0.3074,-0.9968,-0.456,3.5744,0.3953,-0.0897,-4.8862,11.6684,-3.8747,-1.637,0.7614,3.965,0.7841,-0.1122,0.6573,1.9435,1.7986,0.567,15.5759,14.989,-0.021,1.7372,0.0504,-0.2803,-0.2302,-0.1509,-1.6382,-2.9212,0.3018,2.8986,-4.8486,-0.9521,-0.1014,-0.3459,2.4292,0.3805,-0.1196,-0.2207,0.0003,0.2246,2.4114,1.2258,0.2164,0.0002,0.0403,-0.8139,1.8571,0.4409,-0.3403,0.3505,-0.3706,-0.1104,-1.4751,-0.2503,-0.1308,4.8492,-0.3644,-0.7386,-1.7757,-4.9236,-3.8757,-2.3997,-0.2608,1.0603,-1.5695,3.0672,-0.4505,-0.4001,0.0292,0.4242,2.9558,0.3009,-1.4252,,,,,,,,
805,5865,108,5,running,-4.7385,0.085,2.0985,1.3799,4.6363,3.9444,6.2781,7.8495,8.0106,9.0069,10.3672,14.1421,0.3323,-3.1541,13.0773,12.4854,-0.5818,1.2555,-1.2271,-0.347,4.2484,-0.4726,1.609,-0.4628,0.3582,3.3974,11.4463,-0.5794,-2.0568,-0.3849,3.5942,-0.5632,-0.4077,-2.8092,-0.7553,-5.4579,0.6786,-0.044,3.8852,15.9851,-0.8903,0.7843,5.6496,16.6661,0.5508,-0.8317,0.93,-0.0009,-3.9742,-0.3205,0.2607,-0.1012,0.1103,22.6123,17.8737,-2.9562,21.7618,28.4297,-0.4993,-0.3004,-1.0443,3.8755,20.4505,0.3409,0.1197,-0.5013,0.026,1.6557,27.4118,-0.3991,0.0504,0.1302,-0.6602,3.6009,-0.3012,1.4757,0.8672,-2.5757,23.3756,-1.4004,0.3453,0.2258,-3.8488,-0.9236,-0.4403,-0.3608,-0.8695,-1.5692,-0.2803,-1.416,2.9081,-0.8986,3.1121,-0.4172,-0.2302,-0.2509,-0.4672,-3.3803,0.1509,-0.7682,,,,,,,,
806,5866,108,5,running,-1.8181,0.1748,3.4188,2.5184,1.0149,4.6348,8.9458,-0.1636,7.0737,6.0585,9.3356,14.0843,-1.2632,-2.3855,-0.2335,-3.093,-1.2542,0.586,-1.2071,0.2893,3.7783,-0.2953,-1.6482,0.0065,-0.4496,3.9895,12.7946,0.5799,-1.4084,-0.457,2.8788,-0.0694,-0.0461,-2.5968,-4.6792,-0.8054,-1.035,-0.7639,2.8947,13.9775,0.0504,-1.7469,-4.7851,10.8617,0.4405,-0.4292,-0.3009,-0.0215,-0.731,0.0008,-0.2169,-0.3993,0.1197,1.7386,4.5382,3.905,-0.3757,1.3019,-0.2259,-0.3458,-0.6217,3.6315,11.1013,-0.3409,-0.2809,0.2604,-0.1105,1.4118,16.5663,-0.1506,0.0002,0.1305,0.0755,2.4993,-0.4003,2.4103,-0.0757,-0.9164,15.5015,-1.3206,0.4673,0.5005,-4.617,-0.9242,0.9153,-0.3704,0.9666,-2.8006,-0.5695,-0.0753,1.9509,-0.7308,2.0603,-0.9077,-0.1005,-0.2509,0.3504,-2.4013,-0.0809,,,,,,,,,
807,5867,108,5,running,-3.0054,0.4356,4.9077,3.5142,1.2895,2.8982,7.0169,-3.1357,6.3617,8.0559,-0.4908,9.1879,-0.268,-2.1429,-4.3962,14.0986,-0.2753,-1.3791,-1.6819,0.3072,4.3352,-0.3499,-0.4432,0.4535,0.4074,3.5885,11.649,-0.7038,-0.8966,0.4846,10.0461,-0.6597,-0.5581,-3.4778,-3.0693,13.6082,0.9475,-0.7796,4.437,15.565,-0.847,-0.8742,-3.0329,5.637,0.4995,-1.7634,-0.0509,-0.2164,0.8755,-0.2608,0.025,-0.831,-0.2803,2.923,12.119,16.5504,-1.8871,5.5648,-0.3453,-0.3709,1.0006,3.5109,26.73,-0.5695,-0.2303,-0.4291,-0.3019,2.7382,17.3758,0.2258,0.1017,-0.3503,-1.8192,0.8551,-1.7407,-3.839,-0.9069,0.4138,20.0709,-1.4252,-0.2506,-0.4018,-4.8148,-0.0603,-1.9458,-0.3407,-1.5758,3.7372,-0.4001,0.7117,-3.4756,0.0663,2.9444,-0.5143,-0.3008,0.5008,-0.4508,1.7161,0.3209,,,,,,,,,
808,5868,108,5,running,-4.616,0.069,1.9381,3.1378,6.2984,4.8495,2.1405,-0.2401,7.1638,8.0069,9.3389,-3.3557,-0.3782,-2.2572,13.1852,-17.3421,1.2349,0.0983,-1.9944,-0.0426,2.2759,-0.367,-0.4746,-0.0855,0.6661,3.3039,10.4881,-0.4086,-0.6563,0.6476,1.5085,-0.5851,0.026,-4.7579,12.5645,-2.6743,0.8841,0.748,3.9892,14.0795,-0.7762,-1.736,2.536,-6.03,0.5004,-0.4017,0.9419,-0.1509,2.5428,0.0001,-0.0502,-0.8715,0.2505,-1.9635,2.9446,-0.931,3.3403,1.9737,-0.3992,-0.1102,0.8755,3.3004,22.914,-0.1011,0.2207,0.039,0.2166,2.6554,11.5759,-0.2259,-0.1124,0.2304,-0.0007,1.1194,0.4679,-2.4991,-0.2803,0.9152,15.3708,-1.4809,0.3019,0.4751,-4.4508,-0.3808,-1.8015,-1.7931,-0.5506,-4.2603,-1.5489,0.6003,3.4292,-1.4143,2.9558,0.619,-0.3641,-0.0806,0.4396,-2.9552,-0.2241,-2.0752,,,,,,,,
809,5869,108,5,running,-1.8982,0.0059,3.3303,1.7186,2.2988,6.6309,4.9085,-1.3537,7.2555,9.2458,8.4841,14.3312,-0.1704,-2.0774,22.0579,-20.0165,-0.2763,-1.4518,-1.3082,-0.4792,1.2697,0.4438,-0.405,-0.366,-0.7832,3.7572,10.6849,-0.0329,-0.8042,-0.0981,3.5734,0.5664,-0.6696,-2.7062,13.7783,15.0699,-0.9439,0.6776,3.4323,11.8971,-0.3015,-0.736,-4.5435,16.5215,0.465,-4.5399,-0.8428,-0.0503,1.9561,0.0006,0.1302,-0.1198,-0.2604,1.9022,3.5509,1.8746,4.0216,1.8517,0.3704,0.1018,-0.9607,2.7106,12.3997,-0.3452,0.4299,0.3406,-0.1508,2.9763,17.2169,-0.1104,0.3005,0.0804,-0.8664,0.7756,-0.71,-3.4406,0.2254,0.8751,20.2809,-1.3206,-0.4013,-0.5756,-3.7367,-0.6003,1.0663,-1.799,4.9301,-0.4508,-0.5002,-0.7169,1.4008,-0.3754,4.0752,0.5109,-0.3646,-0.2202,0.5013,-3.0603,-0.3505,-4.8,,,,,,,,
810,5870,108,5,running,-3.4236,0.5384,1.7136,2.8192,6.1398,3.1637,4.1858,-2.0882,7.9777,-11.0105,-0.4762,8.2788,0.2551,-1.3483,-3.3639,-4.2332,0.3355,1.2631,-0.2407,-0.2275,2.7953,0.3077,-2.4849,0.5052,-0.0985,9.2887,-2.9941,-0.384,-0.6786,-0.7857,10.5635,0.4463,0.0059,-6.6473,11.459,-4.6971,0.946,0.6568,2.9546,-4.6681,0.0693,0.9742,-3.768,13.5419,0.4292,-0.8904,-3.8753,0.033,-1.7161,-0.3208,0.023,-0.2602,-0.1014,-0.9238,-3.5754,1.923,-1.1198,16.7435,-0.3001,0.1108,1.5007,4.0507,-2.9554,-0.3995,0.1309,-0.2505,0.1002,1.9636,-3.7215,0.0008,0.0143,-0.0332,-1.914,1.6003,1.0455,-3.4505,-0.5015,0.5264,-4.8437,-1.7683,-0.0709,0.0453,1.8592,-0.5014,1.9141,-0.5109,-3.4138,-3.3017,0.8333,-1.3454,5.8122,-0.3504,0.4118,0.7297,0.2304,-0.4015,0.2163,-4.6146,0.3643,0.7382,,,,,,,,
811,5871,108,5,running,-1.8192,0.0014,3.9452,2.0581,1.1757,6.7183,4.3572,-1.1636,7.256,8.3854,-1.0111,9.0744,-0.2046,-2.229,-3.2352,-2.5582,-0.3386,0.2426,-0.2956,-0.0427,3.2859,-0.0853,-0.0942,0.4543,0.3064,3.6737,12.4791,0.7974,0.7849,-0.8841,10.4858,-0.3987,-0.0698,-2.8569,-5.038,16.9965,-1.8475,0.6877,3.634,15.765,-0.0215,0.8966,-3.0509,2.947,0.4006,-0.9561,-3.3015,-0.0005,0.833,-0.2252,0.1004,-0.3007,0.2807,-3.5753,-2.9326,3.9717,1.1011,1.966,-0.621,0.1302,-0.3457,2.9782,14.4296,-0.3803,-0.3403,-0.4017,-0.3997,2.8376,22.5663,-0.1122,0.1505,-0.3609,1.0202,3.5506,-0.8016,3.4803,-0.8594,0.5005,13.2162,-1.4404,-0.2603,0.3206,-4.0453,-0.3503,-0.4358,-1.7681,-1.5109,-3.9446,-2.8131,-0.6001,2.4992,0.4753,3.5489,0.5695,0.5809,-0.5681,-0.8011,-2.8754,0.2202,-1.0,,,,,,,,
812,5872,108,5,running,-3.0054,0.0738,4.7408,1.4358,2.8157,3.9444,7.0878,-1.1459,6.2493,8.4884,9.2702,-4.2362,0.3786,-1.3057,15.2699,13.3977,-0.2989,0.3379,-3.0963,-0.0598,3.2532,0.4543,1.6897,0.4769,0.3685,4.4483,10.4067,0.5556,-0.5801,0.6696,3.955,-0.7071,0.649,-3.068,11.7475,12.4619,-2.8861,0.536,3.5215,20.4903,0.734,0.6581,4.0467,-6.8727,0.5002,0.823,-0.9422,-0.2608,1.0495,0.1506,-0.0006,0.2259,0.0809,1.7625,2.1305,0.5506,5.1103,1.4992,0.2809,-0.3708,-0.8493,2.9554,27.0473,-0.0332,0.0509,0.2305,-0.119,2.8192,14.923,0.3458,0.0022,-0.3756,0.8986,35.3994,37.4172,36.4252,33.3015,42.4297,16.0201,-1.3603,-0.2209,0.1002,-3.5014,0.4006,29.0404,-1.7673,-3.4758,-1.3009,-0.979,1.5494,1.6004,-0.4503,4.4143,-0.2504,-0.7347,0.4016,-0.5138,-4.6118,0.416,-4.8754,28.5452,-0.0,,,,,,
813,5873,108,5,running,0.8261,-0.4165,2.1495,1.5838,4.5134,3.0549,7.2951,-2.2701,6.9552,8.2403,-2.3523,9.1744,-1.1822,-2.2853,-0.0986,10.347,-1.0098,-0.2621,-0.5567,-0.0743,2.0846,0.0639,1.5792,-0.4579,-0.3637,3.6056,14.5931,-0.3384,0.3077,-0.4891,2.8902,-0.6952,0.6693,-1.6599,-4.0475,3.4761,0.638,0.8862,3.6894,15.4064,-0.5054,-0.8742,-2.7872,11.1197,0.4406,-0.9726,-1.7421,0.0809,13.8319,0.2502,-0.2257,-0.9645,0.0509,-2.7613,2.1011,0.0682,-6.5757,-1.9022,0.8521,0.3758,-0.8482,3.5132,16.3019,0.2169,-0.2305,-0.4996,-0.3453,1.7184,12.3804,-0.2606,-0.1305,-0.0005,-1.5004,1.6011,-0.8182,-4.3998,-0.821,-0.2803,22.8192,-1.4671,0.1509,-0.3408,-4.4505,-0.4005,1.4016,-1.799,-0.5013,-0.0995,0.0332,-0.9355,4.3509,0.3004,2.5276,-0.4252,0.9153,-0.8759,0.4293,-0.8007,0.0362,-2.0,,,,,,,,
814,5874,108,5,running,2.6152,-0.1636,3.5182,0.0835,1.5941,6.7183,4.297,-0.688,7.1282,8.2704,9.0158,10.2448,-0.2315,-3.2619,11.3872,14.2854,-0.4796,-1.0086,1.6979,0.3499,2.9867,-0.0731,-0.7551,-0.3346,0.4976,6.8891,-1.6081,-0.0973,-0.053,0.0664,3.4462,0.4539,-0.0329,13.5595,15.5053,0.9743,1.8971,-0.4066,2.9509,-0.7852,-0.7793,-0.6301,12.3014,-2.9037,0.6556,3.5223,-4.3998,0.0292,16.7143,-0.0508,-0.0606,0.2165,0.0337,-1.8411,-0.8567,3.5787,-5.8318,-0.9437,-0.1506,0.2257,-0.5006,3.1197,-1.1309,0.0213,0.3451,-0.2305,0.2504,1.7459,-2.3008,0.4001,-0.0806,0.1012,-0.9153,0.7369,-0.4118,-7.9094,0.5689,-0.5164,-0.7012,-1.2803,-0.5648,-0.4992,-3.0661,0.0663,-0.9224,-0.3708,0.6005,-5.4508,-0.7808,-0.3232,3.3644,0.0756,3.4759,-0.7299,-0.3756,0.4405,0.4019,-4.2607,0.0006,-1.5495,,,,,,,,
815,5875,108,5,running,0.7396,-0.3155,2.1479,3.4138,1.8376,4.1258,6.1345,-2.2484,7.4849,8.2788,9.0844,15.1759,-1.3837,-2.1556,12.5569,-3.3685,-0.0582,-1.0786,-1.264,0.3357,2.2532,0.0063,-0.2987,-0.0693,0.356,2.4772,10.3074,0.038,0.0189,0.3468,1.789,0.0467,0.6681,2.7799,-1.6462,11.9839,-0.465,0.734,3.437,13.0953,0.0504,-0.9621,-1.5428,-3.9765,0.5006,3.3997,14.4299,0.3019,16.3409,-0.0213,0.1012,-0.2307,-0.0804,4.0473,3.8328,-3.1309,3.7629,1.0384,-0.3004,-0.2807,0.1196,2.9439,27.5754,0.4008,-0.0009,0.2507,0.3755,2.2253,21.4993,0.2208,-0.0455,-0.1002,0.7408,1.9567,-0.3648,-1.4252,0.4143,-0.8576,22.4019,-1.5132,-0.2603,-0.4508,-4.9574,-0.3452,1.6009,-0.3807,1.3606,-1.5695,0.7177,1.6103,4.0661,0.7204,1.7117,-0.3703,0.4754,-0.3114,-0.0995,-3.5508,0.1124,-3.1102,-2.8758,,,,,,,
816,5876,108,5,running,-3.9146,0.1649,2.1858,1.7382,3.6106,4.1581,8.8111,-2.2543,7.2654,6.2369,-2.6857,9.4863,-0.2062,-2.384,13.3553,10.0108,0.0737,1.79,-1.5946,-0.2834,3.4552,0.2291,-2.4764,-0.5532,-0.0904,1.9839,-2.6787,0.3385,1.0582,-0.8092,3.9599,-0.0344,0.6072,-3.0696,-2.7436,14.789,-0.897,0.735,2.6561,-1.8675,-0.5614,-0.9742,-3.8871,15.0211,0.6683,12.7794,-4.4013,0.0406,-0.4407,0.0008,0.1008,0.1013,-0.2509,-0.7689,-0.5223,-1.8756,-5.0508,1.8552,-0.1109,-0.0804,0.9326,2.8463,-0.839,-0.3007,-0.3018,-0.1192,-0.1303,2.4292,-1.3646,-0.0709,-0.2246,-0.2253,-1.6554,-0.3406,0.0663,-3.3453,-0.4995,-0.2164,-2.3758,-1.5138,0.2205,-0.1506,-4.8421,-0.4503,0.2807,-1.9054,-0.9238,-3.0449,-0.7759,-0.5109,3.0753,-0.3504,2.5489,0.8594,0.8443,0.416,0.0755,-4.3709,0.4684,,,,,,,,,
817,5877,108,5,running,-3.9076,0.5384,1.5838,3.417,2.8182,4.1478,6.0961,-2.8823,7.1294,8.3572,9.3973,-0.2959,-0.2832,-2.3041,-15.2757,-0.2484,1.3664,1.2037,1.3385,0.4082,1.7943,-0.0546,-0.3467,-0.0199,0.0093,3.2662,10.6869,0.4781,0.6531,0.4842,2.5592,0.456,-0.4983,-1.7089,-4.768,-4.9852,-0.8675,0.5071,1.9518,11.0464,0.0863,-0.4474,15.8766,22.069,0.5423,-0.0212,13.0504,-0.1198,-2.4007,-0.0313,0.0003,0.2163,0.1302,-2.966,2.3008,14.5601,12.3409,-4.9764,1.2254,0.3806,-0.5754,3.2808,16.3011,0.3454,-0.1126,0.4754,-0.1004,1.5109,20.4992,0.1102,0.2507,-0.1506,-0.3757,3.5005,-0.7266,3.9604,0.3991,0.6108,27.0641,-1.6551,0.3505,0.1012,-3.5164,-0.4017,1.9644,-1.7791,0.7386,-4.4803,-0.7117,-0.2302,3.5408,-0.4114,1.4654,0.4297,0.3641,-0.4673,0.4689,-2.979,0.2209,-2.6001,-2.5,,,,,,,
818,5878,108,5,running,-3.1356,0.0015,2.8142,1.1669,4.7386,3.619,6.0867,-0.1874,8.3347,9.3764,7.2901,14.3686,-0.2432,-2.1766,-2.2862,-5.4907,1.3038,0.4548,0.3555,-0.0941,4.8877,0.274,0.0696,0.3491,-0.0584,5.3957,1.7959,0.4631,-0.5854,-1.6882,4.9895,-0.7093,-0.6053,-5.038,10.5087,-0.4494,0.9099,0.4318,2.7561,2.9236,-0.0464,-1.6581,-2.8542,4.7327,0.549,0.7639,-1.8902,-0.2302,1.6103,-0.2204,0.0804,-0.1124,-0.3003,-0.8311,1.9722,5.0702,-1.3018,1.8757,0.1199,-0.0506,0.4297,2.9225,2.5138,-0.3758,-0.2607,0.1018,0.0606,2.5003,2.9644,0.0755,-0.2169,0.1009,-0.6156,0.6163,0.6012,-4.4757,-0.3649,0.2254,3.4992,-1.5509,-0.3803,-0.3453,0.5164,-0.9458,-2.9795,-1.7177,-5.3997,-0.8148,-0.3402,1.3139,4.0003,-0.4134,1.0495,-0.6005,0.1308,0.3708,-0.6269,0.3505,0.1103,-0.9061,,,,,,,,
819,5879,108,5,running,-3.8191,0.074,2.7386,4.9444,1.1744,3.1672,7.0985,-0.269,6.2489,-4.0854,8.1459,9.3501,-0.3482,-1.2757,-2.5558,10.3839,1.0631,1.1868,-2.4523,0.2902,3.2887,0.506,-2.7846,0.4743,0.0033,2.4904,1.7799,-0.6737,-0.4832,0.6936,3.7475,-0.0598,-0.5364,-3.6597,-2.637,3.0301,0.8466,-0.3456,2.9574,2.564,-0.868,-1.9428,13.835,11.8876,0.6556,-0.9319,-3.9615,-0.1109,-3.4991,-0.2305,-0.1012,0.6216,0.1008,-1.9224,15.9527,14.4293,12.3403,3.7382,1.7364,0.1303,1.3997,1.4187,2.5006,0.2608,-0.2162,-0.0505,-0.2504,1.4759,1.3753,-0.1199,-0.2241,-0.2258,-1.5509,1.5751,1.9238,-4.1503,0.8757,0.5276,2.8376,-1.2804,-0.3704,0.0394,-4.9458,-0.8333,-1.5443,-0.3505,-1.6009,-0.5143,1.0004,-0.3012,2.5134,-0.9084,2.7505,-0.4242,0.0804,0.4009,0.3804,-0.914,-0.1129,-3.6252,,,,,,,,
820,5880,108,5,running,-1.6354,0.1283,3.4117,1.8489,4.0774,2.2899,6.1579,-1.3516,7.0942,8.1401,9.2988,10.3952,-0.0877,-2.3772,-18.2695,15.226,-0.4564,-0.2332,0.4884,0.3846,2.0581,-0.3485,1.2541,0.0696,-0.6982,5.3063,12.5565,-0.0073,-0.5068,-0.5866,0.9867,-0.5775,-0.5636,-3.8743,-0.4986,11.4097,-0.047,0.4761,3.5423,13.0327,-0.1017,-0.9439,-3.7621,0.4471,0.5953,14.8902,-0.902,-0.2304,16.4188,-0.2502,0.1009,-0.7891,0.0507,20.4995,36.0009,21.7161,28.7266,22.3405,-0.2258,-0.4006,-2.3019,2.812,17.1199,0.2805,0.4403,0.4293,0.1122,3.0257,101.4012,-0.0709,0.3209,0.3451,-0.9225,2.9325,0.8798,2.6004,0.8986,0.5015,26.4146,-1.6163,-0.3006,-0.3751,3.9141,0.9071,-1.9446,-1.6979,1.7808,-4.7406,-0.7184,1.719,1.5007,-0.3803,2.7382,-0.0404,0.2202,0.8122,0.2604,-3.1506,0.1303,-4.3503,1.0,,,,,,,
821,5881,108,5,running,-5.8984,0.0105,1.7177,4.1682,3.6173,2.9452,6.1743,-0.4049,7.3578,9.1822,8.2947,15.2654,-1.2085,-2.3744,11.0886,13.2768,0.4853,0.6983,-2.3697,0.0784,1.3387,0.0957,1.507,-0.3864,-0.3962,4.6534,14.5581,-0.3075,-0.8971,-0.0631,1.9466,-0.009,0.0499,-5.8042,10.7467,-0.4552,-0.564,0.0344,1.5851,16.966,0.5976,-0.7902,-2.4633,2.9567,0.5404,-0.7772,-2.719,0.1192,-2.936,-0.2505,-0.2258,-0.634,-0.0503,-2.9458,2.8489,0.9073,3.3508,2.0332,1.3457,-0.3758,-0.4997,0.4295,17.8122,0.3007,-0.3705,-0.2209,0.1003,2.7706,22.8153,-0.3018,0.1304,-0.1017,1.7382,0.9644,-0.5753,-3.4806,-0.8578,0.4502,21.7408,-1.6557,0.0756,0.0009,-3.5146,-1.5505,-0.5667,-0.5341,1.3997,12.5004,-0.0995,-1.1505,4.6143,-0.2302,1.4009,-0.0993,0.4409,-0.1109,0.0702,-4.0278,0.1122,-1.7372,,,,,,,,
822,5882,108,5,running,2.9868,-0.0893,0.7136,4.8148,3.1769,1.9153,6.1289,-1.0715,-2.1323,7.1405,8.2552,9.3664,-0.2844,-2.1659,10.3354,0.4946,-1.0156,-0.182,-0.3537,-0.3067,0.5827,0.007,-1.4555,0.4734,-0.0971,1.4095,1.8831,-0.065,-1.658,0.3982,-3.7843,-0.3877,0.9976,-5.846,11.5375,-0.8614,1.4881,0.7942,2.0462,3.6651,-0.9023,-0.9436,-1.8315,14.026,0.4405,-4.0323,0.9716,0.7421,-2.5791,0.0507,0.2503,0.2602,0.6345,-0.9617,-0.9212,1.8712,5.8531,-1.0495,0.5755,0.2258,-0.3005,2.8751,3.3015,0.3453,0.1102,-0.7344,-0.0332,1.4018,3.9762,-0.4005,0.0004,-0.1191,-1.0663,1.5184,-0.9678,-0.5264,-0.2166,1.4993,3.9458,-1.4674,-0.2209,0.4298,-3.7372,-0.6006,-0.3754,-1.8376,4.8551,-1.3138,0.3403,-0.1308,3.8013,0.3995,2.0753,0.2803,0.4508,-0.5164,0.4188,-4.1014,-0.1508,-2.1122,,,,,,,,
823,5883,108,5,running,-4.5285,0.1257,1.9604,2.1855,6.8492,3.2638,4.3796,-2.2452,9.1766,7.1581,8.0169,10.4932,0.2948,-3.1463,15.2385,16.0846,0.365,1.0553,-0.7942,-0.206,3.6884,0.3074,-2.4793,0.069,0.0962,3.9867,12.3394,0.0765,0.3977,0.0344,1.9992,0.437,-0.3551,-2.8904,11.6487,14.5976,-2.4558,-0.8086,3.754,13.54,-0.5623,-0.9531,28.4012,-5.8871,0.4403,-0.7891,20.9737,0.2165,-1.8311,0.0509,0.1305,-0.3708,-0.2505,-3.4996,1.7319,-0.3993,-6.0212,-0.119,0.3509,0.0006,-0.7218,3.3009,21.3016,0.8214,-0.3609,0.2258,-0.0804,3.4003,22.3758,-0.2303,-0.1121,0.2603,-0.6143,42.8495,-0.5013,34.7393,0.8755,-0.3136,17.4152,-1.5753,0.1508,-0.5006,26.5648,-0.4291,-1.5276,-0.5663,36.3406,2.8148,0.7506,-0.9162,29.9644,-0.3453,4.8488,-0.1009,0.4674,0.6002,-0.4172,23.9123,0.2209,-0.5692,27.3804,,,,,,,
824,5884,108,5,running,-3.5191,0.4604,1.8146,3.2546,2.2705,4.1255,6.1435,-1.0908,-3.1707,9.1315,8.2851,7.2349,-0.456,-2.2072,11.5801,14.343,-0.187,0.2406,-1.3393,0.4068,2.5952,0.4843,1.7984,0.4795,0.038,2.7899,10.6691,-0.3873,-3.2957,0.6797,1.8931,0.0461,0.0092,-1.7588,-4.6541,15.8744,0.5053,0.6982,2.7439,13.8664,0.0505,-0.5464,0.9067,1.564,0.5759,5.7763,0.9862,0.1199,-3.2805,-0.2209,0.1503,0.0212,-0.2259,-1.8519,0.7633,-1.9635,5.7406,1.8752,0.4019,-0.2607,-0.835,3.5693,12.3402,-0.3013,-0.1129,-0.9413,0.2164,2.9552,22.0009,0.0756,0.0002,0.0223,0.5384,2.5408,-0.4994,1.9452,0.3757,-1.5508,16.3643,-1.6509,-0.3452,-0.2304,-3.4138,-0.4756,-0.0702,-1.7754,-0.5134,-0.6014,-1.9666,-1.1003,3.3002,0.0998,1.9058,-0.8013,-0.3709,0.1012,0.4117,-0.799,0.1306,-0.7266,1.9404,,,,,,,
825,5885,108,5,running,-3.8146,0.1557,4.0103,1.0738,2.6163,3.3748,7.1284,-1.2943,6.9558,9.2811,8.3686,10.0541,0.1763,-1.254,-16.3073,14.3379,0.4547,-0.0082,-2.4499,0.2239,2.8974,-0.2762,-3.0946,-0.0695,0.6055,4.7532,11.6483,-0.0435,-0.9868,0.3481,3.655,0.5888,0.0876,-2.9769,-1.9466,-0.5499,-1.7792,-0.567,3.7867,12.4951,0.858,0.9035,-1.525,1.9645,0.5953,0.5695,13.4993,-0.0211,-1.8721,0.3458,0.1199,0.0504,0.2162,3.3018,1.4408,3.723,1.5751,-0.8576,-0.4008,-0.2203,-0.3009,2.7136,15.3603,-0.3756,0.2309,0.0004,0.2506,2.2257,16.3641,-0.1002,0.0453,-0.2809,-1.932,3.6557,-0.3805,2.5689,-1.0702,1.4143,28.1122,-1.6208,-0.1012,0.4753,0.6138,0.3409,1.5341,-1.7386,-3.0238,0.6103,-0.5495,-0.9071,4.5005,-0.4017,2.8757,-0.6106,-0.6003,-0.0608,-0.0804,-1.9405,0.1102,-0.9055,,,,,,,,
826,5886,108,5,running,-3.4869,0.0745,2.0584,1.2397,3.0878,-6.8333,4.2653,-1.2762,6.9644,7.0986,8.2947,11.1255,-0.3379,-2.1581,-3.0177,9.5866,-0.0042,1.3876,-0.406,0.393,3.3787,-0.3428,-0.5931,0.4943,-0.0435,4.7563,13.8867,0.6498,0.6568,-0.565,2.5761,-0.0696,-0.0345,-1.4499,-6.9546,-0.367,-1.8528,0.738,3.8211,14.8971,-0.0219,-0.5428,0.8321,10.7438,0.4504,0.528,-6.1305,0.0278,-0.5341,0.0506,-0.1198,-0.2205,-0.2608,-3.9475,-1.935,3.4298,-1.8192,1.839,0.4006,-0.0009,-1.5002,3.3005,15.8117,0.3453,0.2809,-0.2259,0.2504,2.8015,16.9219,-0.3502,0.1504,0.0804,-0.905,2.3994,0.4013,2.4183,-0.3014,-1.8391,12.8704,-1.3604,-0.4991,-0.5752,1.0188,0.3406,1.1014,-1.7752,1.5138,-2.5509,-2.2164,0.5408,4.9607,-0.6163,2.3758,-0.3641,-0.2302,0.4809,-0.4165,-4.4753,-0.1104,-0.979,,,,,,,,
827,5887,108,5,running,-1.1569,0.1707,3.9604,1.8356,4.5184,2.6607,6.0059,-2.3586,8.0856,9.1604,7.3313,10.0165,-0.2391,-2.2954,-3.794,14.2639,0.2231,-1.348,-0.0552,0.2073,3.7768,0.0695,-1.3664,-0.2443,0.0985,4.4794,11.2858,-0.5066,-0.373,-0.4584,2.4962,0.5567,0.026,-1.7096,13.4638,-0.8961,-0.8344,-0.7475,4.9871,3.9799,-0.4878,-1.0318,16.8788,-2.6328,0.5344,-0.826,-6.5793,0.0804,-2.3993,0.4677,-0.0509,0.4016,0.2259,-2.7143,-2.914,2.905,-1.5494,1.0477,-0.2602,-0.3456,0.9153,4.8571,4.8236,-0.766,0.2304,-0.0277,0.3014,2.9404,1.9278,-0.2165,0.119,-0.3647,-1.0755,15.6009,-0.7808,17.3403,0.4103,0.5014,3.8122,-1.3502,0.5008,-0.3003,-2.9213,0.429,0.3755,-0.3703,-4.1503,-0.5508,-0.8576,-0.0682,3.8797,-0.799,3.1015,0.7266,0.0008,-0.0643,0.4992,-2.9152,0.4405,-4.619,,,,,,,,
828,5888,108,5,running,-3.9146,0.1637,1.0867,4.516,3.6306,2.7117,6.0798,-1.1539,7.1259,8.1857,9.3554,12.2391,-0.1352,-1.2942,10.2082,-2.2458,-0.3676,0.3327,-1.7941,0.0569,2.7734,0.4883,0.2893,0.4463,0.0943,-3.4555,-2.6447,0.0053,-0.9946,-1.6685,1.7895,0.6597,0.0106,-1.5072,14.3849,-4.564,-2.7092,0.048,1.746,-4.6884,0.8727,-2.8962,2.889,13.9675,0.399,11.1196,-0.8759,-0.028,-2.035,-0.3456,-0.2602,-0.8629,-0.2508,-2.3009,-1.1015,-2.1305,-2.9436,1.6005,-0.3757,0.4006,1.732,2.5121,-4.4123,0.0292,-0.2202,0.4993,0.0504,1.5014,-4.2806,0.4752,0.1106,0.4016,-0.4252,1.5759,0.6607,-2.6242,0.8986,-1.3642,-5.0702,-1.8482,-0.0661,0.4164,-0.9573,-0.2302,1.5695,-0.5011,-0.4654,-1.5184,-1.8019,-0.4409,3.3019,0.7012,-1.5005,-0.2161,-0.4187,-0.0009,0.3407,-2.8006,-0.4806,-2.0,,,,,,,,
829,5889,108,5,running,0.6306,-0.3513,2.4648,1.9604,3.2698,4.0014,8.0199,-8.2956,6.4578,7.0557,9.3859,14.377,-1.5866,-9.2276,-16.4861,-18.2782,-0.2353,-2.4963,-1.3677,-0.3907,2.0886,-0.6885,-0.5534,0.2443,-0.2584,1.4792,11.4489,-0.4052,-0.6783,-1.7596,1.7981,-0.6902,-0.0964,-3.886,-4.5465,3.5095,-2.938,0.4629,3.748,10.0499,-0.0504,-0.8746,-0.9411,-5.733,0.4009,-0.0691,-0.7217,-0.0345,-3.903,-0.2253,0.1509,-0.9723,-0.2163,-1.4117,-0.6247,-4.3009,12.2807,2.4165,-0.5193,0.2608,-0.3994,3.7463,13.3808,-0.5404,-0.3458,-1.2302,0.119,2.4997,15.4507,0.0406,-0.2205,0.1122,-0.4403,2.3752,-0.8756,1.3019,0.9236,-0.3604,16.5752,-1.7459,-0.1306,-0.0755,-4.7386,0.5009,1.0661,-0.4143,1.3508,-0.8443,-0.8015,-0.5014,3.5138,0.8122,1.9073,0.4754,-0.0682,-0.3407,0.1106,-1.6505,-0.0455,,,,,,,,,
830,5890,108,5,running,2.2745,-0.2234,0.9901,3.617,1.1297,4.0977,7.8495,-0.9404,6.3655,8.2367,9.142,10.3859,-0.1864,-3.3788,-4.0857,0.2863,1.3324,-1.3982,1.2631,0.0791,0.5083,0.3552,-0.2979,0.0065,-0.4073,-0.3078,-2.9869,-0.6875,-3.6692,-0.0541,-3.4732,-0.4853,0.4496,-3.8519,-2.066,4.4958,1.847,-0.548,3.7699,-2.8904,-0.0216,-1.8635,-0.9437,4.5601,0.4636,-0.5157,-1.9666,-0.0327,15.3991,0.3456,0.2164,0.9517,0.2305,0.874,2.4991,-3.7475,1.539,2.0504,-0.721,-0.1122,-0.9325,3.749,-0.7674,0.2253,-0.1197,-2.7139,-0.0008,2.4103,-1.5003,-1.8952,0.0201,0.1014,-0.9607,2.8672,-0.9238,3.7382,-1.5015,1.4358,-1.3759,-1.5148,-0.2604,0.3703,3.3007,0.4003,-0.4294,-1.6502,1.9558,-5.1307,-1.5502,-1.8016,-3.5754,1.5454,3.5689,-0.5276,-0.4757,-0.619,0.0292,-3.6252,0.3506,,,,,,,,,
831,5891,108,5,running,-4.8191,0.5262,2.7116,3.2691,1.9762,4.1485,6.1782,-1.0558,7.0772,9.3397,8.4943,14.3795,-1.1859,-2.1666,-1.5564,2.0884,1.2988,-0.3056,-2.0042,0.0106,1.9845,-0.3674,-1.4034,0.2552,0.038,5.4854,16.6977,0.3844,0.6563,-0.0439,5.0971,-0.6075,0.5068,-4.7867,-2.8399,-3.7076,1.7902,0.5316,3.463,15.7318,0.9437,-1.6213,4.8746,1.3015,0.5005,-1.4793,0.3405,-0.1103,-2.0507,-0.2604,-0.1304,-0.5761,0.2204,10.1194,-0.964,1.7189,11.1019,3.9067,-0.3001,0.3707,-1.8617,3.9554,13.2305,-0.0446,-0.3451,-0.3994,0.2505,1.4358,22.2163,-0.4015,-0.0003,-0.2253,-1.4408,0.8551,0.8757,-3.7706,1.4293,-0.4997,17.0292,-1.2806,-0.3751,-0.0606,-4.4803,0.3605,2.7382,-0.3206,-0.3505,-0.7177,-1.4507,-2.9795,3.4674,0.5165,2.9607,0.8486,0.6003,-1.3642,-0.3803,-5.1122,-0.0661,-0.5695,,,,,,,,
832,5892,108,5,running,2.3236,-0.1581,4.5648,0.8492,1.3798,3.1756,6.2493,-1.0546,7.9087,8.2957,9.0907,12.2614,-0.2521,-1.2853,-1.3382,-18.2772,-0.309,-1.234,-0.2055,0.3499,2.0184,-0.4843,-0.4973,-0.3685,-0.4463,10.6845,11.0035,-0.3947,-0.5038,-1.6664,3.7042,-0.5475,-0.0691,-3.5861,14.6967,13.5987,-0.7904,0.748,3.886,16.7852,-0.037,-0.7617,-4.6595,15.3759,0.4408,20.623,-1.9722,0.0211,0.7783,-0.2509,0.0683,-0.2163,-0.0804,17.8635,1.5752,22.9415,4.7808,5.1194,-0.4006,0.0503,-0.9509,3.7706,27.5663,-0.3508,-0.1002,-0.5341,0.1106,3.3016,35.5404,-0.1126,-0.3205,0.4018,1.9622,37.2254,-0.2602,33.3992,0.3641,-1.0249,29.9644,-1.3604,-0.1505,-0.1304,-4.7369,0.4291,0.3007,-1.7654,-5.2807,28.5004,-1.8952,-0.1011,2.4751,0.3452,3.0661,0.4114,0.0704,-0.3705,0.8986,1.3143,-0.3406,0.719,,,,,,,,
833,5893,108,5,running,-1.7182,0.1401,2.9236,1.1283,4.1679,3.2693,7.0038,-2.2597,6.2327,8.3976,9.3652,-0.5957,-0.4861,-2.2085,-15.4584,-0.0843,-0.1786,0.5534,-2.0788,0.3741,2.7851,0.2862,-1.6853,0.4742,0.0699,1.6794,10.6965,0.0431,0.6492,0.5046,4.3571,-0.336,0.0582,-1.7749,-7.5866,-4.0344,-0.7056,0.4098,1.7554,15.8902,-0.958,-1.0974,-2.9627,-3.8718,0.6559,2.1194,-0.9607,0.2251,-2.0509,0.3708,-0.1508,0.7319,0.2609,0.903,2.6399,1.4293,2.6108,5.7217,0.1011,0.3758,-1.7202,2.5753,13.4004,-0.3003,-0.3996,0.4505,0.2807,1.8015,14.4018,0.1109,-0.3013,-0.1126,-0.8694,2.7459,1.8578,1.3402,-0.3453,-1.9552,16.3646,-1.4759,-0.4671,0.2166,-2.4117,-0.1306,-2.3508,-1.7308,4.4804,-2.0238,-1.0477,-2.4991,4.2504,0.8492,2.7463,0.2308,-0.8491,-0.6003,0.5503,-3.6252,-0.0009,-3.6163,,,,,,,,
834,5894,108,5,running,-3.9186,0.5011,2.6604,1.7384,-1.0867,3.0077,4.5919,-1.8163,7.0104,6.2345,8.1757,9.1856,0.0907,-1.2547,-0.3051,-16.3742,-1.2422,-0.2653,-2.7974,0.4952,1.887,-0.0582,1.348,-0.3372,0.3628,3.7835,2.6068,-0.3864,0.9955,-0.5843,4.6694,0.4475,0.6583,-3.5469,-3.489,1.5096,-1.0698,0.4073,2.9739,3.4628,-0.0344,-0.0212,-1.8436,0.93,0.4292,10.6212,14.8719,-0.2603,2.0509,-0.2166,-0.1006,-0.3992,-0.2252,-1.922,-3.7632,-0.6327,-2.9521,-3.3757,-0.4008,0.0008,-0.8512,3.7177,2.9404,-0.4992,-0.1018,-0.2505,0.1197,2.8797,3.8633,0.1105,0.1303,0.2807,-1.3008,0.6262,-1.7382,-4.5506,0.5997,0.0702,2.9781,-1.5131,0.3206,0.3409,-3.6103,-0.1504,1.5014,-1.7189,-3.4128,-5.3805,-0.8952,-2.6003,-3.3451,0.3642,2.4117,0.0455,0.2304,0.3509,-0.4803,-0.5109,0.1126,-1.4,,,,,,,,
835,5895,108,5,running,2.1885,-0.085,1.7949,0.7384,3.9062,4.8489,6.0107,-2.2957,9.1294,7.3787,8.0046,11.5547,-0.2693,-1.2832,15.2454,10.096,-0.2298,-1.3638,-2.5868,0.0561,1.7562,0.3064,0.2523,-0.3952,0.2789,1.3553,0.4869,0.0463,1.3345,0.4073,0.7788,0.4465,-0.567,-2.3466,12.6791,4.5982,-2.7899,0.8427,2.7617,2.8041,0.3403,-1.835,-5.0502,-2.9718,0.6559,-1.962,0.0328,0.0212,-0.7219,0.1308,0.1105,-0.2251,-0.2806,-4.5754,0.7419,-1.4017,1.9026,4.8604,-1.2167,-0.3003,0.8561,2.866,1.6146,-0.4008,0.2309,0.3502,0.2603,1.7689,2.71,0.4505,-0.3703,0.1012,-0.8753,3.5007,-0.3452,4.9607,1.3991,0.5454,3.5692,-1.499,0.5502,-0.3642,-3.6003,0.2207,2.4753,-1.9093,-3.9554,-3.4165,-1.8376,-0.0682,3.4114,-0.0003,1.8952,-0.3017,0.3806,0.1509,-0.0292,-2.7018,-0.4671,1.7658,-4.0,,,,,,,
836,5896,108,5,running,2.7117,-0.4355,1.3161,0.6382,3.5648,4.1582,7.1688,-1.9128,6.2769,9.0778,8.1766,13.3721,0.2551,-2.2841,-1.3586,-0.6855,-0.2447,-1.0556,1.4829,0.2291,2.6577,0.0904,1.3379,0.0636,-0.4431,1.0897,10.3042,0.3499,0.7553,-2.384,2.596,-0.0157,-0.548,3.6776,-2.8745,-5.0301,-2.4939,0.7093,2.0085,12.9437,0.745,-0.9064,-2.8972,-0.0214,0.5881,11.3759,-5.9895,-0.1509,2.5109,-0.2503,0.2808,-0.1121,-0.2608,-3.7311,-0.8316,-0.9636,16.1191,15.4363,-0.6327,0.4017,-0.3018,1.7177,14.3706,-1.0004,0.2257,-0.8475,-0.3004,3.3996,22.4291,-0.1303,0.1014,-0.3503,-0.9219,0.7003,0.4408,-5.2162,0.4005,-0.0502,17.3809,-1.5752,-0.2308,-0.4506,-3.8488,-0.3403,-0.6247,-0.5505,-0.7018,3.7169,0.9141,-1.5107,3.8754,-0.5164,2.9405,-0.5194,0.6145,0.9236,-0.6009,3.8009,-0.3452,-2.8,,,,,,,,
837,5897,108,5,running,-3.1467,0.1296,1.4356,3.1781,4.8477,2.2697,6.0883,-1.1659,7.3891,8.3343,3.0069,-3.1586,-0.0962,-1.3037,9.0547,10.1858,-0.3655,-0.4935,-1.8868,0.3422,1.2832,0.3929,-1.6561,-0.4573,-0.0176,1.574,-2.7866,0.4844,2.6482,-1.7742,3.8079,-0.4675,-0.5072,-2.709,-4.076,-0.9499,-2.9541,0.5416,2.9871,-3.036,0.0216,-0.7401,2.0692,-3.561,0.4674,1.534,0.8717,0.0804,-2.5463,-0.046,0.2169,0.8436,0.2304,-1.9319,1.9552,4.8489,0.637,1.4297,-0.0509,0.1012,-0.5223,1.4118,-3.4997,-0.0277,-0.1505,0.1194,-0.0007,2.8515,-2.3008,0.4502,-0.1304,-0.2205,0.7117,3.4403,-1.7386,3.9444,0.5454,-0.3506,-3.8759,-1.4128,-0.1108,0.4359,-4.6006,-0.4165,-2.5506,-1.799,-3.5341,2.0257,-0.0227,1.0278,2.9043,-0.2602,2.2806,-0.2503,-0.4017,0.5154,0.2257,1.3018,-0.3408,-1.0,,,,,,,,
838,5898,108,5,running,-3.8261,0.0645,4.5138,1.7382,2.1255,3.9762,6.1769,7.3354,9.0879,8.0552,10.2863,12.1459,0.2947,-2.3499,14.0723,20.0961,1.0182,-0.2426,-0.3072,0.3664,3.3983,0.0053,-0.4903,-0.4032,0.2758,2.6074,15.4895,-0.5067,0.7768,-0.3788,5.5638,0.3543,-0.5742,-4.657,-2.8904,1.6692,1.0216,-0.3017,4.4485,16.848,-0.9775,0.8746,-2.8463,11.3993,0.4681,-1.864,-0.7871,-0.0505,2.7675,-0.3709,0.1126,0.0005,-0.2259,-2.9236,0.6215,0.9417,-4.4993,1.1199,-0.9329,0.0682,-0.9022,3.9645,13.4503,-0.2607,0.1015,0.5754,0.1103,3.9574,22.4291,-0.7364,0.0807,-0.4004,0.8695,2.3644,-1.5003,1.4608,0.2169,1.6002,36.3752,-1.4403,0.3457,-0.2302,-4.9452,0.3004,-2.7117,-0.4808,-2.8004,-4.4114,1.1306,1.2502,1.7504,0.8952,4.3803,0.5506,0.3209,0.7407,-0.4011,-0.9666,0.2807,-4.7702,-0.9081,,,,,,,
839,5899,108,5,running,-3.7184,0.4254,2.5382,1.1784,3.0962,4.8348,7.2694,-1.9371,6.0077,8.0847,9.3618,-5.3787,0.3397,-2.2372,-2.0763,11.4538,0.2979,-1.442,1.0188,-0.2841,1.6922,0.394,0.5868,0.0475,0.0546,1.5064,10.7082,0.0632,-0.6035,0.6634,4.5983,-0.568,-0.5567,-4.7865,-4.4854,-0.5761,0.7636,0.5375,2.9026,14.8518,-0.4212,-0.9892,0.4951,15.0503,0.4687,12.9636,1.8973,0.1196,22.528,-0.2506,-0.0455,-0.3013,-0.1103,13.9141,17.0218,16.0477,29.8601,27.8806,-0.2308,-0.1306,0.5752,1.4293,21.036,-0.4003,-0.1013,-0.748,0.2208,2.5157,28.8139,-0.3456,-0.1503,0.3209,-0.9123,2.5006,0.9795,1.9444,-1.0202,1.0404,36.4146,-1.6138,-0.3009,0.3997,-3.4759,-0.932,-1.9519,-1.7679,20.4406,0.0362,-0.5648,-0.6143,4.0663,0.4503,3.8584,0.2603,0.6001,-0.9334,0.5503,-0.5148,0.1126,-1.4368,-3.8,,,,,,,
840,5900,108,5,running,-1.2906,0.4308,4.6138,1.0518,2.1586,3.7143,6.9236,-1.2481,8.3768,7.367,10.5832,9.0188,-0.0739,-2.2285,15.3359,16.4493,-0.2053,0.0842,-0.7923,0.2556,1.8977,-0.3057,-0.0946,-0.3554,0.0431,3.9872,-1.2863,-0.4055,-1.6982,-0.349,5.8049,-0.0375,-0.6438,-2.6047,-2.9996,12.875,-0.7466,0.431,3.7645,-2.6794,-0.301,-0.4871,4.8465,11.7851,0.4406,-0.6009,0.9539,0.0509,-2.1305,0.0001,-0.0005,0.831,-0.028,-1.7316,1.3995,1.6382,5.9745,-0.4008,-0.2809,-0.2304,-0.7117,3.3755,-0.839,-0.2209,-0.2606,-0.1192,0.1012,2.6154,-1.922,0.3706,-0.1109,-0.3454,-0.5408,1.8007,0.7706,-0.5752,1.0404,-0.2254,-2.4106,-1.4805,-0.2163,0.1505,-3.8122,-0.3809,-0.5008,-1.7406,1.5809,-2.4128,-0.8181,-0.3001,1.8492,-1.3505,3.4751,0.4012,0.0809,-0.4187,0.4118,-4.8495,0.0292,,,,,,,,,
841,5901,108,5,running,2.816,-0.1655,1.9061,3.0585,0.7283,6.6193,7.0877,-0.384,4.2862,8.2546,9.3679,11.3764,-0.1459,-1.1857,-4.2694,15.2749,-0.0783,0.2453,0.2271,-0.392,2.3578,0.0056,-0.3074,-0.0475,-0.6976,10.8866,22.5086,0.2903,-0.6748,0.6534,-1.8941,0.6043,-0.4498,5.7072,-2.4796,-0.8095,-0.0954,0.6891,2.9312,14.428,0.9984,1.5851,3.974,-1.4582,0.6375,16.732,-2.9212,0.1194,-2.8695,-0.1014,-0.1503,0.871,0.2807,-2.0507,0.4997,13.3753,6.3006,-0.3457,-0.1306,0.3808,0.0257,3.3015,17.0218,-0.9027,0.2308,-0.2251,-0.1127,1.4011,12.3709,-0.5009,0.3996,-0.1102,-1.8757,1.6552,1.6113,-1.5759,0.8672,-0.9077,20.5124,-1.4277,-0.4756,0.4679,3.4503,0.0603,-0.4291,-1.7768,-2.5504,-0.4001,-0.9781,-0.2605,-0.7652,0.5164,3.3647,-0.8986,0.5666,0.4809,-0.3603,-0.9446,0.0008,-0.9056,,,,,,,,
842,5902,108,5,running,-3.4567,0.0797,4.9458,1.0109,6.8492,2.7117,3.1315,7.2389,3.0547,9.1804,8.3676,12.1642,-0.2706,-1.2271,-5.3059,11.2521,-0.2656,-0.2962,-2.2895,-0.3344,3.8824,-0.5083,-1.5584,-0.034,-0.3785,2.5839,10.6935,-0.3481,0.7079,0.6691,5.0852,-0.6057,0.4364,-3.8048,-2.3868,-1.5475,0.7794,0.493,3.6316,14.0061,-0.9993,-0.7851,-3.9872,13.53,0.462,-3.7465,-3.8601,0.1104,-2.9637,-0.1307,-0.1198,0.2808,-0.1006,-2.4995,-2.9025,15.8742,16.4292,0.4005,-0.2251,-0.2503,-0.823,3.8753,27.7406,-0.2163,-0.3404,-0.3013,-0.3458,2.9219,22.3997,-0.0663,0.0505,-0.2246,-0.9684,0.7004,-0.4406,-3.3004,-0.5505,-0.617,26.7382,-1.8656,-0.1503,0.4014,3.4753,-0.6005,-1.6118,-1.7502,-0.7759,-4.9076,-1.6193,-0.4152,3.0606,0.5001,2.3507,-0.5015,-0.5757,0.4809,0.5689,-4.0258,0.0004,,,,,,,,,
843,5903,108,5,running,-3.1279,0.2032,1.8391,3.1397,2.6382,4.0014,7.2398,-1.9777,6.2784,9.0764,8.0158,16.2981,0.354,-1.377,13.0562,22.3861,1.3344,-0.598,-0.6975,0.2543,1.6563,0.0953,-0.2842,-0.043,0.0846,3.7847,10.3471,0.0691,0.8831,-0.5066,0.4849,-0.3955,0.1307,-2.866,-3.7736,5.6772,0.8902,0.5445,1.9068,14.8527,-0.7499,-1.3018,-1.7318,-3.8721,0.5623,12.3706,-0.5789,-0.1011,-2.979,-0.2164,0.1106,-0.835,-0.0504,2.822,3.763,3.9622,1.3757,4.9518,0.3454,0.2506,-1.4998,1.7117,15.6143,-0.3991,-0.4005,0.5689,0.4015,-1.6136,11.9554,0.0394,-0.1126,0.1505,-0.3647,2.6008,-0.9428,2.7408,0.3406,-0.4297,20.799,-1.5132,0.9319,-0.3004,-3.5004,-0.4508,0.6156,-1.7792,-3.2808,-0.716,-0.4128,-1.6146,-1.7395,-1.0295,2.7686,-0.4405,0.5509,0.0005,0.2308,-3.0663,0.1006,-1.5013,1.0,,,,,,,
844,5904,108,5,running,-4.7236,0.1557,1.9084,2.0735,6.3793,4.2997,3.5879,-2.8656,7.1762,8.5905,9.4568,13.0947,0.1865,-2.3352,10.2738,15.2042,1.3928,-1.5543,-2.0199,-0.347,2.0049,0.065,-1.6053,-0.6694,0.3681,2.8869,14.0344,0.4886,-0.3075,0.7854,2.774,0.8073,-0.7464,-4.9637,11.6776,-1.8547,-1.7219,0.637,2.904,16.9892,-0.3991,0.8312,12.539,20.8746,0.4294,1.8411,-2.5114,-0.1194,-1.5384,-0.0502,-0.0225,-0.9514,-0.0806,1.8971,3.5699,22.2606,17.2306,26.1303,-0.3405,0.3015,0.4651,3.5503,27.3003,-0.5002,-0.4017,-0.3452,0.4672,1.8139,21.0337,-0.1109,0.0002,-0.1006,-0.5753,2.979,0.8752,3.5402,-0.617,1.7808,28.4991,-1.7372,0.4005,0.3752,-5.6556,1.4408,-2.3186,-1.7759,0.4252,-0.2251,2.914,-2.1505,5.2804,0.7408,1.1011,0.4106,0.4758,-0.0003,0.3804,-3.9452,0.3504,5.799,-2.5184,,,,,,,
845,5905,108,5,running,-4.5406,0.094,4.8604,2.0878,1.7161,3.6306,6.1881,7.9061,8.0154,-10.2404,,9.4846,1.3977,-1.3685,15.3389,12.0079,-0.3776,1.2059,-1.2523,0.3853,2.2968,0.0742,0.3082,-0.3487,-0.2827,3.4463,10.7551,-0.5584,-0.666,-0.4795,4.8092,0.5632,0.7064,-4.6971,-2.8645,11.5041,0.9467,-0.4983,4.9902,14.8862,-0.0312,0.6598,-4.5347,22.5896,0.4504,-3.5791,-2.9022,-0.0201,-0.8759,-0.2806,0.2506,0.0684,-0.0003,13.741,3.9322,16.4298,3.0502,-0.3759,-0.2606,-0.3993,0.9715,3.0247,27.4004,-0.7322,-0.3014,-0.2208,-0.2303,4.6276,33.5008,-0.1508,0.0803,0.1014,0.4994,1.6006,-0.3456,-2.9405,0.3409,0.5663,26.4113,-1.5223,0.3003,-0.3203,-3.4188,0.4759,-0.7502,-0.3508,-0.5809,-3.6154,-0.9055,-0.5124,3.3808,-0.6145,3.1191,-0.4103,-0.2162,0.1106,0.1124,-4.4805,0.5754,-0.8952,-1.9558,,,,,,,
846,5906,108,5,running,2.816,-0.0014,1.5276,0.7721,-6.0515,4.0781,6.3882,-0.9182,3.1394,7.3784,8.3546,-12.2553,-0.1657,-1.1855,9.2486,14.0908,-1.3354,1.3465,-2.2962,0.0176,2.7942,0.4096,-2.2343,-0.4947,-0.3631,-0.5866,-1.6864,0.0467,-2.4475,0.886,10.6971,-0.0399,0.3973,4.7072,-2.7863,-0.5948,0.4556,0.748,3.9722,-1.5225,-0.5085,-0.9319,-2.8727,15.3502,0.4759,-2.9895,11.3703,-0.1198,-1.9024,-0.0212,0.2803,0.8961,0.1005,0.3013,-4.0509,-4.1109,1.8328,0.2163,-0.2254,0.1013,0.7408,3.8578,-0.5009,-0.3806,-0.4293,-0.3647,0.2207,3.9554,-0.3757,-0.3457,0.0004,-0.1507,0.928,1.4003,-0.0603,-0.3409,-0.7372,-0.4164,-1.4995,-1.4019,0.0709,-0.2607,3.1308,0.2508,-1.7992,-1.6262,1.8356,-3.8488,0.8492,1.4503,-3.6006,0.5506,1.8797,-0.5757,0.4405,0.5489,0.749,-2.8146,-0.0809,-1.4,,,,,,,,
847,5907,108,5,running,-1.327,0.0645,3.9381,1.5839,2.0953,4.0185,-2.271,-0.8982,6.2963,8.0559,7.2654,9.1655,0.207,-2.0866,0.6902,-0.4861,-0.2432,-1.6838,1.6022,-0.0435,2.8846,0.5783,-0.6434,-0.4936,0.0077,5.6581,-0.4071,-0.2841,-0.3775,0.5633,2.945,0.7903,-0.4474,-2.4784,10.9567,-6.9986,-0.8224,0.528,2.8987,-2.7897,-0.7638,1.4399,-4.9328,-4.1104,0.4508,0.622,-1.7301,0.0455,-0.9067,-0.0009,0.0503,-0.2802,-0.399,-0.9458,-4.101,2.9622,0.5692,-0.7219,-0.3002,-0.3458,-0.5164,3.9574,-2.8751,-0.4014,-0.1305,0.3402,0.2603,2.1194,-1.928,0.0641,0.0806,-0.2306,-0.9056,0.4294,0.9079,-3.3015,-1.3143,-2.4128,-2.5754,-1.4806,0.1006,-0.3506,-4.7395,0.3649,0.4651,-1.914,-1.5648,-0.8492,-1.6009,-1.4002,2.979,-0.1506,3.4363,-0.5121,0.1122,0.0606,0.3806,-0.5008,0.3608,,,,,,,,,
848,5908,108,5,running,-3.1845,0.0953,2.9552,1.0561,4.1397,3.1417,7.8117,-1.1642,6.3788,8.0169,9.2556,-0.595,-0.298,-2.2055,10.1548,-27.2239,-0.3885,-1.0052,-2.7941,-0.3463,2.9976,0.0746,-2.493,-0.3582,-0.266,3.5865,11.6843,0.4428,0.649,0.6686,1.9536,0.3389,-0.5798,-1.7467,-5.947,3.0691,-1.874,0.7851,2.0475,13.7319,-0.119,0.4784,-1.8139,-4.7211,0.5427,-0.9631,-0.7762,0.026,14.0375,-0.3458,-0.2607,0.399,-0.3005,1.8318,16.2807,15.0201,-0.7233,22.8356,0.3013,-0.1102,0.4252,2.0297,20.8121,-0.1508,-0.0007,-0.2508,-0.0804,1.7706,26.4015,-0.3757,-0.1303,0.1004,0.4001,2.9762,-0.3808,2.5164,-0.8182,-1.9319,12.5443,-1.6081,-0.4752,-0.4152,-4.9371,0.2303,-0.5276,-1.8005,1.8759,-5.1013,-2.5109,1.0505,4.6005,-0.9217,3.4106,-0.3402,0.2208,0.4294,0.5692,-2.5402,0.2243,-2.5384,,,,,,,,
849,5909,108,5,running,-3.7406,0.142,1.9604,3.5142,2.2999,6.1715,4.6879,7.0103,-2.2706,-10.3957,,-3.3677,-0.3074,8.3873,9.4792,1.0553,-0.244,-1.1869,-0.4954,0.0094,2.6541,0.2886,0.3783,0.0852,-0.2633,5.3558,-0.5585,-0.6681,-1.4491,-0.4831,3.6042,0.4632,-0.5902,-2.7578,-2.8876,-2.0797,0.6493,0.455,2.6772,-2.847,-0.8071,-0.8904,-4.6322,10.9861,0.5619,-0.8711,-0.1012,0.2508,-0.621,-0.2259,-0.2166,0.1306,-0.0504,-3.3997,-2.9635,1.959,3.3015,2.5758,0.3705,-0.2309,-1.4293,2.8578,-2.8754,-0.5998,-0.3004,0.2602,-0.2802,2.6113,-1.6559,-0.0709,-0.1196,0.1005,0.0008,2.4757,-0.3756,3.3406,0.5506,-1.616,-2.4648,-1.4003,0.3804,0.1503,-4.799,0.5014,-1.4506,-1.8001,-0.8695,-1.7184,-0.4111,1.3108,3.9086,0.1103,2.4164,-0.5006,-0.3646,0.7408,-0.4803,-2.9554,0.2202,-3.5402,,,,,,,,
850,5910,108,5,running,-1.5497,0.3103,2.6138,3.8391,1.0065,6.1879,4.1597,-1.9141,7.0739,-1.1405,8.2327,-4.0954,-0.0867,-1.3346,9.2989,15.4861,-1.5582,-0.2035,-0.3638,0.2271,2.4558,-0.2601,-1.3786,0.0464,0.2531,11.5943,-2.6976,0.3074,0.4742,-0.0694,4.4956,0.348,0.035,-1.6672,-2.7873,10.9852,0.9993,0.537,2.9541,-3.6044,0.8868,1.6375,-0.833,14.7791,0.579,13.8543,-5.8464,-0.2309,-1.9446,-0.3207,0.0504,0.2606,0.2169,-0.9219,-0.968,-2.4143,-4.6213,2.8744,-0.4995,-0.0225,-0.9762,3.5751,-1.7674,-0.3402,-0.119,0.0004,0.2806,1.4018,-3.4002,0.2253,0.1503,0.0806,1.3993,12.0702,-0.3758,22.4608,-0.0473,-0.3017,-3.6003,-1.6557,-0.5008,-0.2209,-0.5408,-0.8016,-1.5648,-0.3008,-3.7386,2.7164,-2.5502,2.3647,4.8395,-0.2509,1.5663,0.4506,0.4113,-0.4759,0.1015,1.5184,-0.3703,-0.4128,,,,,,,,
851,5911,108,5,running,-3.5406,0.0515,2.8117,1.0109,3.9458,4.6607,6.2555,-2.1356,7.4861,-0.1852,9.2953,8.0793,-0.142,-1.2891,-5.6569,15.5838,-0.3066,-1.0084,-3.2385,0.4434,3.7521,0.3586,1.6782,0.4795,0.0873,5.2639,-5.0432,0.038,-0.5742,0.4546,2.3696,0.3359,-0.5043,-2.7851,10.7779,-3.547,1.746,-0.0211,3.9971,-3.8892,-0.0697,-1.6849,13.6498,1.7629,0.4995,-3.9099,11.7216,0.1302,-4.8962,-0.2607,-0.2163,0.1191,-0.1008,-4.3409,-4.4297,14.6364,-2.9439,1.8721,0.8326,0.101,-0.3508,3.8695,-4.3755,-0.2508,-0.0509,-0.3994,-0.1107,2.8757,-1.5506,-0.1124,-0.0806,-0.3709,-0.4014,1.0005,-0.4752,-0.6008,-0.5772,-0.3459,-2.617,-1.6309,-0.3803,-0.2203,-4.6152,0.0643,-0.5341,-0.3443,-2.0663,-0.4503,0.9795,-0.719,4.0404,-0.3009,1.6559,0.6135,0.4403,0.4004,-0.4245,-4.1502,-0.0307,,,,,,,,,
852,5912,108,5,running,-3.9604,0.0108,1.7018,2.5809,3.6146,4.2493,7.0973,-1.1742,6.1598,8.1386,9.056,14.3582,-0.388,-1.0087,-2.2397,10.3748,0.2854,-1.5546,-2.4936,-0.4579,1.5944,-0.2627,-1.6884,-0.253,-0.0696,2.0788,-4.5843,-0.044,-0.4799,-0.7867,0.6462,-0.0375,-0.0006,-2.5076,4.747,15.7766,-2.5623,0.3963,1.9415,-5.8569,0.6541,0.8902,-4.5791,12.533,0.5495,0.835,-1.9123,-0.1012,0.3997,-0.2802,-0.1196,0.4018,0.1309,-3.4007,-4.9561,1.4293,-1.5014,1.8753,-0.1509,0.0503,-1.8463,-0.728,-4.7408,0.0363,-0.0807,-0.3007,0.1109,1.8273,-2.3757,-0.2164,0.2603,0.3453,-0.8182,2.4507,-1.3018,2.539,-0.3644,-1.4183,-5.4118,-1.5752,-0.5505,0.5006,0.5695,0.2209,0.8131,-0.5134,-1.4113,0.905,-0.3508,0.9079,4.4106,0.5341,-0.7653,-0.3708,-0.0704,0.5648,0.2258,1.9558,0.4671,3.0,,,,,,,,
853,5913,108,5,running,-3.416,0.0836,4.9077,3.5191,1.1289,2.1486,6.0558,7.8571,10.2347,9.3776,8.3567,16.2962,0.2556,-1.3301,22.3073,11.3904,-0.1702,-2.4583,-2.6879,-0.0084,3.8846,-0.2271,1.388,0.2657,0.0961,6.4432,14.3482,-0.2853,-0.649,-0.4941,13.7772,-0.4859,-0.067,-3.5091,12.7597,-4.7893,-1.554,0.5499,3.856,15.6951,-0.9896,-0.8743,1.747,-4.5218,0.5489,-1.6681,-2.6592,-0.038,-1.6364,-0.1193,-0.2608,0.0007,0.2302,-0.4994,2.417,-2.7177,1.8443,6.1307,-0.3018,0.1108,-0.9509,2.9554,17.3008,-0.9419,-0.3709,0.0759,-0.0503,2.4111,26.3453,-0.3754,0.0332,0.1008,0.6397,27.7471,-0.2251,28.5165,0.5809,0.2803,20.5164,-1.7372,0.3991,0.1509,4.9521,-0.2503,1.7808,-1.7189,21.4648,-0.6138,-0.8578,0.4504,3.4298,-0.0756,2.5004,-0.5508,0.5154,-0.8148,0.2162,-3.9074,0.0809,2.4018,,,,,,,,
854,5914,108,5,running,0.0545,-0.3223,1.4396,3.0876,2.2901,6.2891,4.0783,-1.3885,-1.1772,9.1349,7.3552,8.2769,-0.2541,-1.1879,-1.0042,-7.3362,1.5958,-0.4763,-1.3039,0.0324,-0.3795,-0.234,-2.489,-0.2655,0.0956,-1.7582,13.6568,0.605,15.5764,0.3487,1.3631,-0.328,-0.067,-0.9981,-4.8897,11.5419,-0.6794,0.4399,0.4474,12.6677,0.0422,-0.7871,-0.468,0.847,0.6009,10.5756,-0.5311,-0.1191,-0.8627,0.022,0.2209,-0.1505,-0.2603,0.8973,0.9644,-0.966,2.5015,3.9861,1.0008,-0.0508,0.8695,0.3018,14.1302,-0.3452,-0.4294,0.9329,0.1109,0.3995,20.5276,-0.3709,0.1018,-0.4003,-0.4991,0.9762,-0.0755,-2.5005,0.8986,0.2252,22.4679,-1.5503,-0.2304,-0.4165,-1.0023,-0.3402,-1.2807,-1.8001,-2.4117,-5.4505,-0.5341,1.7184,2.9558,-1.9219,1.3009,-1.6106,-0.3805,-0.6135,0.3751,-3.4019,0.0804,-1.0,,,,,,,,
855,5915,108,5,running,-3.8604,0.1379,1.7386,2.3749,4.5121,3.1289,6.2655,-2.9073,8.2445,7.3876,9.274,12.1603,0.0014,-1.4842,-17.3582,14.2271,0.016,-0.2398,-0.9986,0.2556,2.7554,0.3391,-0.6834,0.4484,0.4731,2.0943,10.0578,0.2906,0.3973,0.5077,0.7067,-0.0874,-0.6561,-2.8892,-4.669,-5.6987,-1.938,0.5941,2.5881,13.5321,-0.5211,-0.9764,15.9631,20.8512,0.5783,0.9501,-0.9411,0.0463,-3.9452,-0.2803,0.1105,-0.6213,0.2209,-2.8489,1.6007,0.5002,4.5382,16.722,0.3997,0.2607,1.7266,3.1197,11.3408,0.2257,0.0502,0.3753,-0.3007,2.5753,22.3016,-0.2309,0.1018,-0.0213,0.8759,1.5506,-0.0008,-4.4994,0.1307,-0.4252,17.5654,-1.4406,0.3457,-0.3703,-4.716,0.4018,-0.4504,-0.2161,-1.9558,-2.1509,1.0441,-0.9202,-3.5143,0.7308,2.8122,0.1005,-0.2508,0.3509,-0.4752,-3.4806,0.0594,1.6554,-2.3183,,,,,,,
856,5916,108,5,running,-3.4869,0.0189,3.6356,1.0515,4.5648,2.0012,7.1387,6.2891,8.2485,9.171,14.2743,15.0773,-1.2318,-1.3897,-0.3532,12.4794,1.2231,-1.452,-1.0983,-0.296,3.2654,-0.443,0.4942,-0.0837,-0.5567,2.8862,16.064,-0.0433,-1.7941,-0.9961,4.3952,-0.368,-0.465,-3.5734,10.6877,-3.5903,1.5872,0.657,3.5635,13.8464,-0.2162,-0.5375,-3.7466,11.6312,0.4508,-0.7876,-3.9567,0.1305,1.9893,0.0004,0.0225,0.3007,0.2808,0.868,3.823,1.4991,4.2605,-0.9022,0.3708,-0.1009,-0.5008,2.3757,20.719,0.5754,-0.2205,-0.3454,-0.4003,3.0503,36.4012,-0.1509,0.1105,-0.1122,1.968,0.8759,-1.617,-3.5503,0.4403,-2.7406,17.3012,-1.3508,-0.3808,0.3404,-4.6276,-0.2504,-0.6001,-1.8148,-0.8131,-1.8578,0.0663,-2.9552,4.0441,-0.9795,3.3997,0.5408,0.1197,0.2309,-0.9607,-0.9458,0.4297,-0.7686,,,,,,,,
