candidate_id,window_id,subject_id,activity_id,activity_name,value_0,value_1,value_2,value_3,value_4,value_5,value_6,value_7,value_8,value_9,value_10,value_11,value_12,value_13,value_14,value_15,value_16,value_17,value_18,value_19,value_20,value_21,value_22,value_23,value_24,value_25,value_26,value_27,value_28,value_29,value_30,value_31,value_32,value_33,value_34,value_35
0,5060,108,2,sitting,-0.0035,1.3281,-0.0098,0.0114,-0.0101,-0.0073,0.0194,-0.4638,0.0283,-0.0216,0.199,-0.0346,0.0116,0.9918,-0.0222,0.0009,-0.0027,0.0107,0.0017,0.0026,0.0012,0.0071,-0.0045,0.0,-0.008,0.0046,0.0104,0.0026,-0.0102,0.003,0.0021,0.026,0.0011,0.0013,-0.0,
1,5061,108,2,sitting,-0.0149,1.2787,-0.0204,0.0409,-0.0058,0.023,-0.0279,-0.9344,0.0297,-0.0395,0.4524,0.0269,0.0682,1.1363,-0.0185,-0.0134,-0.01,-0.0024,0.0336,0.0073,-0.0118,0.0247,0.0115,-0.002,0.0047,0.0017,-0.0019,-0.0005,-0.0057,-0.002,0.0015,0.0262,0.0061,0.0013,0.0035,0.0013
2,5062,108,2,sitting,-0.0039,1.2963,-0.0043,0.0304,-0.016,0.0043,-0.0014,-0.8997,0.0396,-0.0244,0.4513,0.0141,0.0084,1.1243,-0.0102,-0.0051,-0.0004,0.0016,0.0199,0.0072,-0.0037,0.0021,0.0178,-0.0052,0.0141,0.0027,0.0022,0.0047,-0.0106,0.03,0.0072,0.0021,0.0012,0.0012,0.0,
3,5063,108,2,sitting,-0.0009,1.4397,-0.0083,0.0044,-0.0033,-0.0036,-0.0003,-0.9485,0.0487,-0.0282,0.4596,0.0366,0.0224,0.7666,-0.0082,0.0066,-0.0256,0.0213,0.0286,0.0194,-0.01,-0.0173,-0.0089,0.0029,-0.0041,0.0131,0.0029,-0.013,0.0144,0.0074,-0.0055,0.0136,0.0023,0.0059,0.0,
4,5064,108,2,sitting,0.0136,-0.0006,0.0036,0.0113,-0.0026,0.0077,0.0152,0.0008,0.0074,-0.0042,-0.0007,-0.0016,0.0066,-0.0016,0.0,0.005,-0.0007,0.0042,0.0041,0.0011,0.0013,0.0001,0.0007,-0.0012,-0.0018,0.0022,0.0005,0.0114,0.0,-0.0015,-0.0004,0.003,-0.0023,0.0007,0.0,
5,5065,108,2,sitting,-0.0083,1.4573,-0.0076,0.0144,-0.0124,0.0053,-0.0023,-0.9247,0.0425,-0.03,0.459,-0.0145,0.0012,1.0868,0.004,0.0032,0.0047,-0.0009,0.0115,0.0063,0.0034,0.0022,0.0013,0.0048,0.0023,0.0006,0.0032,0.0048,0.005,0.0065,0.0066,0.0037,0.0046,0.0033,0.0,
6,5066,108,2,sitting,-0.0058,1.0111,-0.0044,0.0082,0.0032,0.0014,0.0016,0.001,0.0112,0.0033,0.008,0.0025,0.0045,0.0024,-0.0014,-0.0004,-0.0001,0.0007,-0.0026,0.0034,-0.0006,0.0023,0.001,0.0022,0.0022,-0.0009,0.0114,-0.0018,0.0075,-0.0031,0.0012,0.0026,0.0028,0.001,0.0,
7,5067,108,2,sitting,-0.0048,0.4926,0.0015,0.0124,0.0082,-0.0151,0.03,0.3629,-0.0136,0.0145,-0.1643,-0.0514,0.0652,1.5103,-0.01,0.0043,0.0182,0.0016,0.0151,0.0079,-0.0052,-0.0025,0.0115,0.0138,0.0013,-0.0041,-0.0022,0.0022,0.0011,0.0126,-0.0006,0.0296,0.0026,0.003,0.0,
8,5068,108,2,sitting,-0.006,1.2934,-0.0011,0.0342,0.0027,-0.003,-0.0111,-0.9573,0.0555,-0.0227,0.4686,0.0328,0.0004,0.4922,-0.0133,0.013,-0.0032,0.0009,0.0035,0.0002,0.0007,0.0024,-0.0008,0.0203,0.0114,0.0027,0.0054,-0.0007,0.0229,-0.0002,-0.0051,0.006,0.0023,-0.0032,0.0,
9,5069,108,2,sitting,-0.002,0.781,-0.0016,0.0193,-0.0048,-0.0136,0.019,0.4857,-0.0183,-0.0274,-0.1947,-0.0495,-0.0239,1.1919,-0.0255,0.0102,-0.0053,0.0081,0.0026,0.008,-0.0052,0.0047,-0.0054,0.0,0.0065,-0.0005,0.0056,-0.0001,-0.0018,0.0012,0.0002,-0.003,0.0017,0.0037,0.0001,-0.0033
10,5070,108,2,sitting,-0.0094,1.1303,-0.022,0.0113,-0.0096,-0.0112,-0.0377,-0.8927,0.0283,-0.0391,0.4113,0.0045,0.0023,0.4248,-0.0138,-0.0035,-0.0068,0.0034,0.0064,0.0047,-0.0105,0.0077,0.0077,-0.0049,0.0041,-0.0024,0.0115,0.0106,0.0003,0.0177,-0.0048,0.0051,0.01,0.001,0.0012,0.0006
11,5071,108,2,sitting,-0.0049,1.2542,-0.0092,0.0191,-0.0036,-0.0009,-0.0011,-0.8827,0.0455,-0.0323,0.4368,0.0126,-0.0228,0.1243,-0.0017,-0.0034,0.0047,0.0115,0.002,-0.0081,0.0165,-0.001,0.0032,0.0063,0.0043,-0.0005,,,,,,,,,,
12,5072,108,2,sitting,-0.0103,0.8684,-0.0055,0.0152,-0.0066,0.0155,-0.0036,-0.2527,0.0383,-0.0163,0.1728,-0.0144,-0.0185,0.9952,0.0236,0.0058,0.0066,-0.0044,0.0102,0.0078,0.0063,-0.003,-0.0051,0.0014,0.0086,-0.0023,-0.0043,0.0064,0.0044,0.0003,-0.0015,-0.0101,0.005,0.0008,-0.0057,0.0022
13,5073,108,2,sitting,0.0115,1.3024,-0.0076,0.0062,0.0077,0.004,0.0174,-0.6143,0.0473,-0.0209,0.3612,0.016,0.014,1.1331,-0.0151,0.0092,0.0015,0.0057,-0.0025,-0.0002,-0.0024,0.0252,0.0045,-0.0017,-0.0012,0.0044,0.0092,0.0038,-0.0032,0.0186,-0.0023,-0.0007,0.0023,-0.0025,0.0,
14,5074,108,2,sitting,-0.0032,0.0052,-0.0023,0.0066,0.0018,0.0056,-0.003,0.0066,0.001,0.0003,-0.0051,0.0051,-0.003,0.0145,0.0014,0.0035,0.0006,0.0033,0.0022,-0.0003,0.0003,0.0007,0.0035,0.0001,0.0031,-0.0008,0.0047,0.0013,0.0005,0.0031,0.0023,-0.0005,0.0021,0.0011,-0.0,
15,5075,108,2,sitting,-0.0041,1.3349,-0.0093,0.0156,-0.0161,-0.0019,0.0148,-0.9658,0.0429,-0.0379,0.4535,0.0226,0.0019,0.4607,-0.0098,-0.0125,-0.0075,0.0023,0.0074,0.0009,-0.0033,0.0017,0.0003,0.0123,-0.007,0.0007,0.0146,0.0044,-0.0022,0.0181,-0.0016,0.015,0.0064,0.0027,-0.0,
16,5076,108,2,sitting,-0.0069,1.1231,-0.0107,0.0163,-0.0063,-0.012,-0.0176,-0.9477,0.0363,-0.0275,0.4788,0.0219,0.011,1.4421,-0.0128,0.0004,-0.0004,0.0062,0.0012,0.0013,-0.0054,-0.0018,0.0005,0.0137,0.0074,-0.0023,0.0086,-0.006,0.0015,0.0141,0.0033,0.0026,0.0063,-0.0006,0.0137,-0.0037
17,5077,108,2,sitting,-0.0086,1.3361,-0.0135,0.0257,-0.0054,0.0077,-0.0115,-0.9725,0.0339,-0.0254,0.4548,0.022,0.0178,0.9167,-0.008,-0.0095,-0.0094,-0.0012,0.0137,0.0131,0.0052,-0.0025,0.0276,0.0049,0.0166,-0.0004,0.0161,0.0146,0.0168,-0.0022,0.0034,0.0083,0.0126,0.0009,-0.0,
18,5078,108,2,sitting,-0.0052,0.9942,-0.0028,0.0286,-0.0253,0.0069,0.014,0.9954,-0.0329,-0.0097,-0.4633,-0.0539,-0.0212,-0.0448,0.0272,-0.0009,-0.0114,-0.0067,0.024,0.0029,-0.0075,0.0135,0.0007,0.0118,-0.0054,0.012,0.0063,-0.014,0.0224,0.0077,-0.0038,0.0175,0.0024,-0.0012,-0.0033,-0.0011
19,5079,108,2,sitting,-0.0046,1.3218,-0.0235,0.0375,-0.0087,0.0007,-0.0367,-1.0457,0.0443,-0.0245,0.4814,0.0147,0.0024,1.2403,-0.0082,-0.0043,0.008,0.0004,0.0042,0.0,0.0041,0.0024,0.0053,0.0067,0.0016,-0.0078,0.0128,0.0028,0.0019,0.0116,-0.0006,0.0185,0.0002,-0.0076,0.0052,0.0001
20,5080,108,2,sitting,-0.0067,0.9705,-0.0042,0.0216,-0.0065,-0.0041,-0.0023,-0.2191,-0.0226,-0.0235,0.0517,0.0055,0.0068,0.5577,0.0165,-0.0042,0.0039,0.0008,0.0018,0.0,-0.0001,0.0014,0.0003,0.0002,0.0038,0.0008,0.0031,0.0012,-0.004,0.0015,0.0033,-0.0011,-0.0028,-0.0,0.0017,0.0001
21,5081,108,2,sitting,-0.0004,1.4177,-0.0104,0.0191,0.0005,-0.0066,-0.0078,-0.7025,0.0436,-0.0212,0.3376,-0.0238,0.0115,1.0076,0.0018,0.0077,0.0017,0.011,-0.0045,0.0301,0.0058,0.0134,0.0072,0.001,-0.002,0.021,0.0029,0.0251,0.0014,-0.0015,0.0027,0.023,0.0013,-0.0003,-0.0,
22,5082,108,2,sitting,-0.0029,1.4745,-0.0044,0.0225,-0.0185,-0.0148,0.0035,0.5511,-0.0317,-0.0275,-0.2729,-0.0424,0.0403,0.942,-0.0082,0.0002,-0.0032,0.0211,0.0043,0.0083,-0.0016,0.0002,-0.0066,0.0011,0.0063,0.0028,0.0038,0.0016,-0.0041,0.0026,-0.0037,0.005,0.0016,0.0012,-0.0035,0.0018
23,5083,108,2,sitting,-0.0112,1.2477,-0.0114,0.0308,-0.0032,0.0174,0.0004,-0.2534,0.0295,-0.0453,0.1048,-0.029,0.0576,0.8146,-0.0247,0.0247,-0.0026,0.0036,0.0005,0.0024,-0.0051,0.008,-0.0002,-0.01,-0.0019,-0.0002,0.0152,0.0039,0.0007,-0.0119,0.0003,0.0246,0.0018,0.0002,-0.0054,0.0
24,5084,108,2,sitting,-0.0079,1.3082,-0.0047,0.0186,-0.0042,-0.0183,-0.0145,-0.9379,0.0369,-0.0328,0.4801,0.0356,0.0405,0.3901,-0.0221,0.0128,-0.0102,0.0053,0.0228,0.0008,-0.0172,-0.0072,0.0037,0.0087,0.0012,0.008,0.0155,0.0043,0.0148,-0.002,0.0006,0.0051,0.003,0.0053,0.0051,0.0023
25,5085,108,2,sitting,-0.0017,1.2369,0.0146,0.025,0.0002,0.0014,0.0033,-0.4468,0.0184,-0.0227,0.2231,0.0137,-0.0081,0.6305,-0.0097,-0.0063,-0.0024,0.0108,0.0047,0.0014,-0.002,-0.0048,-0.0012,0.014,0.0047,0.0033,0.0062,0.004,0.0053,-0.0004,-0.0,,,,,
26,5086,108,2,sitting,0.0106,1.3588,0.0003,-0.0016,-0.0053,-0.0008,0.0073,-0.9546,0.0233,0.0038,0.5527,0.0162,0.0121,0.1908,-0.0111,-0.0027,-0.0046,0.0012,0.0078,0.0057,0.0,0.0052,-0.0028,0.0016,0.0001,0.0,0.0063,0.0024,0.0048,0.0018,0.0013,0.0003,0.0015,0.0006,0.0,
27,5087,108,2,sitting,0.0061,1.2324,-0.0002,0.009,-0.0024,-0.0062,0.0156,-0.764,0.0434,-0.0473,0.3536,-0.032,-0.0182,1.4136,-0.005,0.0203,-0.0029,0.0043,0.0082,0.0008,-0.0032,0.001,0.0107,0.0004,0.0212,0.0002,0.0157,0.0002,-0.0059,0.0014,-0.0031,0.0064,0.002,0.0004,-0.0,
28,5088,108,2,sitting,-0.0004,1.2749,0.0023,0.0212,0.0043,-0.0021,0.0116,-0.9357,0.044,-0.0177,0.5021,0.0439,0.0007,0.6961,-0.0086,0.0024,0.0041,-0.0031,0.0009,0.0091,-0.0011,0.0036,0.0098,0.0011,0.0024,0.0001,0.0006,0.005,0.0011,-0.0002,0.0031,0.0013,0.0011,0.0004,-0.0,
29,5089,108,2,sitting,-0.0047,1.3056,-0.0186,0.0286,-0.0099,0.0164,-0.0297,-0.971,0.0449,-0.0475,0.4765,0.0269,0.0355,0.3239,-0.0185,-0.0006,-0.0066,-0.0005,0.0022,0.0033,0.0002,0.0145,0.0136,-0.0034,-0.0031,-0.0006,-0.0006,0.0237,-0.004,0.0245,-0.0052,0.0076,-0.0004,0.0034,-0.001,0.0051
30,5090,108,2,sitting,-0.0051,1.3624,-0.0007,0.0052,0.0071,-0.0024,0.0051,-0.7583,0.0394,-0.0161,0.3844,0.0195,-0.0021,1.0045,-0.0124,0.0034,-0.0017,0.0067,0.0025,0.0013,-0.0016,0.0225,-0.0006,0.0018,0.0033,0.0002,-0.0015,0.0033,0.0041,-0.0001,0.0007,0.0111,-0.0007,0.0033,0.0,
31,5091,108,2,sitting,0.0044,0.9962,-0.0091,0.0073,-0.0016,0.0057,-0.0027,-0.0138,0.0087,0.0011,-0.0036,-0.004,0.0023,-0.0186,0.0074,0.003,0.0016,0.0012,0.0023,-0.0025,-0.0037,-0.0014,0.0014,-0.0004,0.0004,0.0006,0.0026,0.0038,-0.0003,0.012,0.0038,0.0041,0.0001,0.0017,0.005,0.0021
32,5092,108,2,sitting,-0.0142,1.2589,-0.0127,0.0179,-0.007,-0.0186,-0.005,-1.0498,0.0182,-0.0346,0.4958,-0.0136,-0.0107,0.3903,-0.0022,0.0067,-0.0016,-0.0073,0.0048,0.0018,-0.0118,-0.0015,0.0174,0.0033,-0.006,-0.015,0.0006,0.0036,-0.0006,0.0341,-0.0042,0.0105,0.0028,,,
33,5093,108,2,sitting,-0.0076,1.3248,-0.0115,0.0232,-0.0142,-0.0051,-0.0098,-0.9393,0.0487,-0.0456,0.4636,0.0364,0.0,0.3148,-0.0173,-0.0017,-0.0056,-0.0057,0.0208,0.0004,-0.0017,0.0054,0.0062,0.0021,-0.0027,0.0012,-0.0116,0.0174,0.011,0.0002,-0.0064,0.0137,0.0028,-0.0002,0.0026,0.0027
34,5094,108,2,sitting,-0.0031,1.1773,-0.0061,0.0291,-0.0029,0.0105,-0.0303,-0.8544,0.0483,-0.0446,0.366,0.0453,-0.0252,0.4593,-0.013,0.0061,-0.0097,-0.0051,0.0177,0.0048,-0.0148,0.0125,0.0039,-0.0083,0.021,0.0009,0.0312,0.0057,0.0204,0.0045,,,,,,
35,5095,108,2,sitting,-0.0034,1.2773,-0.0121,0.0215,-0.0114,-0.0076,-0.0228,-0.34,0.0409,-0.0437,0.1765,0.0281,0.0283,0.2372,-0.0164,0.0063,-0.0037,0.027,0.0084,0.0229,-0.0059,-0.0036,-0.011,-0.0007,0.023,0.0031,-0.0143,-0.0041,-0.0155,0.0127,-0.0,,,,,
36,5096,108,2,sitting,-0.0046,0.7314,-0.0008,0.0099,-0.0084,0.016,-0.0224,-0.1179,0.0242,-0.0477,0.05,0.016,-0.0027,0.9795,-0.0137,0.0042,-0.0069,-0.01,0.0268,0.014,-0.0008,0.0047,-0.0068,0.0032,0.0147,-0.0004,-0.0064,-0.0001,0.0217,-0.005,0.0138,0.0002,0.0145,-0.0015,-0.0,
37,5097,108,2,sitting,-0.0067,0.0141,-0.0012,0.0059,0.0046,0.0008,0.0002,0.0177,0.0021,-0.0027,0.0254,-0.0037,0.0082,0.0123,-0.0006,-0.0011,-0.0006,0.0106,0.006,-0.0014,-0.0016,0.0032,0.0,0.0011,0.0034,0.0041,0.0008,-0.0033,-0.0011,-0.0021,0.001,0.0001,0.0002,-0.0016,-0.0003,0.003
38,5098,108,2,sitting,-0.0047,1.2572,-0.0057,0.0144,-0.0162,0.0165,-0.0316,-0.9157,0.0349,-0.0298,0.4509,0.009,0.0455,0.7555,-0.0135,-0.0021,-0.0045,-0.0017,0.0222,0.0059,-0.0128,-0.0054,-0.0024,-0.0126,0.0258,-0.0021,0.0324,0.0054,0.025,0.0084,-0.0061,-0.0103,-0.0034,0.0009,0.0056,0.0024
39,5099,108,2,sitting,-0.0042,1.3183,-0.0072,0.0275,-0.0166,0.012,0.0097,-0.2439,0.034,-0.0353,0.1057,0.0287,-0.0249,0.6568,-0.0084,0.0003,0.0134,0.0083,0.0043,0.0125,-0.0036,-0.0034,-0.0009,0.0254,0.0022,-0.0118,0.0037,0.0027,-0.0021,0.0277,0.0002,0.0074,0.0048,0.0053,-0.0,
40,5100,108,2,sitting,-0.001,1.3923,-0.0077,0.0228,-0.0067,0.022,0.008,-0.9389,0.0413,-0.01,0.4938,0.0071,0.0144,0.4871,-0.0013,-0.0092,-0.0006,-0.0013,0.0123,0.0,0.0136,-0.0024,-0.0036,-0.0045,0.0028,0.0031,0.0018,0.0001,0.0084,0.0035,0.0028,-0.0005,-0.0021,0.0017,0.0,
41,5101,108,2,sitting,-0.0032,1.3475,-0.0318,0.0563,-0.0187,-0.0102,-12.0,-0.8514,0.0603,-0.0403,0.4637,0.0206,0.051,1.2682,-0.0201,-0.0034,-0.0081,-0.0017,0.023,0.0162,0.0091,-0.0042,0.0014,-0.006,-0.0101,-0.0023,0.0023,0.0193,-0.0034,-0.0122,0.002,0.007,-0.0041,-0.0009,-0.005,0.0021
42,5102,108,2,sitting,-0.0041,0.0168,-0.0035,0.0073,0.0076,0.0024,-0.0067,0.0081,0.0008,0.0045,-0.0002,-0.0037,0.0022,0.0121,-0.0001,-0.0037,0.0037,-0.0054,-0.0006,0.0023,0.0016,0.0007,0.0018,-0.0021,0.0028,-0.0007,-0.0006,0.0016,0.0037,0.0036,0.002,0.0055,0.0015,-0.0012,0.0,
43,5103,108,2,sitting,0.0138,0.9672,0.0041,0.0235,-0.0002,-0.0031,-0.0009,-0.0724,0.0126,-0.0146,0.0268,-0.0066,0.0261,0.7619,-0.008,0.0083,0.0018,0.0136,0.0003,0.0042,-0.0017,0.0042,0.0085,0.0007,0.002,0.0,0.0004,-0.0041,0.0061,0.0047,-0.0004,0.0022,0.0017,-0.0024,-0.0,
44,5104,108,2,sitting,-0.0026,1.3179,-0.0022,0.0212,-0.0106,0.0027,0.002,0.239,-0.0299,-0.0047,-0.1145,-0.0243,0.0115,0.8588,-0.0083,-0.0041,-0.0064,-0.0063,0.0157,0.0012,-0.0023,0.011,0.0012,-0.0056,-0.0011,0.0222,0.0076,-0.0017,-0.0004,0.0214,0.0005,0.018,0.0014,0.0027,0.0005,0.0012
45,5105,108,2,sitting,-0.0003,0.0052,-0.0003,-0.0012,-0.0012,-0.0006,-0.004,-0.007,-0.0027,0.0048,-0.0002,0.0041,0.0025,-0.0107,-0.003,0.0017,-0.0006,-0.0004,-0.0015,0.0038,-0.0016,-0.0013,0.0033,-0.0001,0.0035,0.0014,0.0015,0.0012,-0.0003,-0.0031,0.0,,,,,
46,5106,108,2,sitting,-0.0092,1.4503,-0.0028,0.0274,-0.0145,-0.0063,-0.0302,-0.7654,0.0787,-0.0574,0.3855,-0.0298,-0.0278,0.7998,-0.0211,0.0043,0.0084,0.0066,0.012,0.0013,-0.0002,0.022,0.0113,0.0098,0.0013,0.0075,0.0018,0.0,0.002,0.0028,-0.0,,,,,
47,5107,108,2,sitting,-0.0034,1.3254,-0.0047,0.0051,-0.0002,0.0019,-0.0141,-0.8785,0.0403,-0.0498,0.4101,0.0346,0.0333,0.4451,-0.0182,-0.0118,-0.0057,-0.0102,0.0232,0.003,-0.01,0.01,0.0024,-0.0041,-0.0046,-0.0029,0.0127,0.0033,-0.0119,0.0244,-0.0013,0.0179,0.0039,0.0002,-0.0,
48,5108,108,2,sitting,0.005,0.9998,-0.0003,-0.0004,-0.0038,0.0025,-0.0009,0.0034,0.0052,0.004,0.0044,0.005,0.0021,0.0053,-0.0012,0.0,0.0021,0.0017,0.0031,0.0002,-0.0015,0.0027,0.0013,0.0022,0.0001,0.0023,0.0016,0.0002,0.0026,0.0003,0.0012,0.0001,0.0026,0.0003,0.0,
49,5109,108,2,sitting,-0.0029,1.3108,-0.0046,0.0121,-0.0026,0.0086,-0.0092,-0.4878,0.043,-0.0356,0.1949,0.0273,0.0243,0.9181,-0.0045,-0.0021,-0.0028,0.0013,0.0013,0.0002,-0.0015,0.0004,0.0009,0.0007,0.0,0.0022,-0.0002,-0.0041,0.0041,0.001,0.0,0.0175,0.0016,0.0004,-0.0,
50,5110,108,2,sitting,0.0138,0.0126,-0.0107,-0.0063,0.0014,-0.0042,0.0031,-0.0111,0.0055,-0.0053,0.0029,-0.0006,0.0048,0.0123,0.0012,0.0007,0.0013,0.0002,0.0004,0.0012,0.0,0.0003,0.0007,-0.0035,0.0008,0.0037,0.0002,0.0011,0.0046,-0.0037,0.0025,0.0012,-0.0025,-0.0006,-0.0,
51,5111,108,2,sitting,-0.0034,1.2792,-0.0099,0.0163,-0.011,0.0152,-0.0186,-0.9356,0.0356,-0.0332,0.4821,0.0368,0.0124,0.4723,-0.0038,-0.0063,-0.0073,0.0289,0.008,-0.0073,0.008,-0.0041,0.0245,0.0006,0.0185,0.0035,0.0147,0.0033,0.0112,0.004,-0.001,0.0238,0.001,0.0047,-0.0,
52,5112,108,2,sitting,-0.0062,0.023,-0.0041,0.0106,-0.0075,-0.0125,-0.0037,0.038,0.0137,-0.005,0.0157,0.0003,0.0124,-0.0233,-0.0024,-0.0037,-0.0047,0.0107,0.0021,0.0026,0.0052,0.0013,-0.002,-0.0016,0.0054,0.0058,0.0027,0.0053,0.0063,0.0024,-0.0047,-0.0005,0.0102,-0.0016,0.0032,
53,5113,108,2,sitting,-0.0014,1.293,-0.0047,0.0225,-0.0163,0.0083,,,,,,,,,,,,,,,,,,,,,,,,,,,,,,
54,5114,108,2,sitting,-0.0005,1.327,-0.0134,0.0392,-0.0197,-0.016,-0.0336,-1.0733,0.0585,-0.0426,0.4432,-0.0238,-0.036,0.396,-0.0035,0.005,-0.0074,-0.007,0.0138,0.0011,0.0051,0.0046,0.0102,0.0012,-0.008,-0.001,0.0147,0.0024,0.012,0.0035,-0.0002,0.006,0.0031,-0.0014,0.0057,0.0007
55,5115,108,2,sitting,1.0,-1.2106,1.2106,0.0061,-0.0049,0.7293,-0.0019,0.0303,-0.0136,-0.0027,0.0218,0.7739,-0.0441,-0.0127,-0.3452,-0.0598,-0.0181,1.4448,-0.0067,0.013,-0.0011,-0.008,0.0232,0.0007,0.0114,-0.0066,0.0,,,,,,,,,
56,5116,108,2,sitting,-0.007,0.4914,-0.0023,0.0253,-0.0102,0.0026,0.0122,0.3558,-0.028,-0.0121,-0.1887,-0.0571,0.0111,1.3034,-0.0208,-0.0103,-0.0132,0.004,0.0101,0.0013,0.0063,-0.0087,0.0116,0.0015,0.0045,-0.005,0.0135,0.0061,0.0008,0.0132,0.0037,0.0005,-0.0019,0.0043,-0.0,
57,5117,108,2,sitting,-0.0051,1.275,0.0013,0.0059,0.0063,0.0027,-0.0271,-0.833,0.0623,-0.0387,0.4341,0.0272,-0.0391,1.3316,-0.009,-0.0012,-0.0047,-0.0022,0.0208,0.0141,0.0111,-0.0004,-0.0054,0.0095,-0.0011,0.0088,-0.0026,0.0333,0.0056,0.0114,-0.0008,-0.0017,0.0298,0.0042,0.0,
58,5118,108,2,sitting,-0.0047,1.1497,-0.0079,0.0022,-0.0031,-0.0016,-0.0095,-0.7548,0.0343,-0.0285,0.3924,0.0239,-0.0438,1.1248,-0.006,0.0076,-0.0077,-0.0034,0.012,0.0049,-0.005,0.0156,0.003,0.01,0.0054,0.0107,0.0041,0.0163,0.0054,-0.0108,0.0105,0.0073,0.011,0.0004,-0.0,
59,5119,108,2,sitting,-0.0047,1.3054,-0.0018,0.026,-0.0064,-0.0107,-0.0072,-0.8524,0.0339,-0.0469,0.4446,0.0253,0.0,0.4379,-0.0014,-0.0036,0.0156,0.0017,0.002,0.0164,-0.0055,-0.0054,0.0022,-0.0053,0.0022,0.0008,0.0186,0.0068,0.0018,0.0,-0.0016,0.022,0.0031,0.0005,0.0071,0.0013
60,5120,108,2,sitting,-0.0079,0.8135,-0.0048,0.0195,-0.0186,-0.0054,-0.0352,-0.9362,0.0433,-0.0328,0.455,0.0488,-0.0488,1.1194,-0.0137,0.0185,-0.0258,0.013,0.019,0.007,-0.0039,-0.0069,0.0014,-0.0053,0.0055,-0.002,0.0058,0.0037,0.0204,0.0113,-0.005,0.007,0.0033,0.0104,0.0,-0.0005
61,5121,108,2,sitting,-0.0014,0.8436,-0.0013,0.0202,0.0055,-0.0086,0.0049,0.3102,-0.0295,-0.0013,-0.1624,-0.0471,0.004,1.2598,0.0028,0.0074,-0.0073,0.0166,0.0062,0.0053,0.0017,0.0023,0.0026,0.0047,-0.001,0.0015,0.0165,0.0024,0.0017,-0.0019,-0.0005,0.0231,-0.0006,0.0133,0.0,
62,5122,108,2,sitting,-0.0047,1.0,,,,,,,,,,,,,,,,,,,,,,,,,,,,,,,,,,
63,5123,108,2,sitting,-0.0049,1.2877,-0.0037,0.0168,-0.0075,0.0104,-0.0346,-0.7424,0.0483,-0.0366,0.3934,0.023,0.0175,1.2572,-0.0185,0.0112,-0.0085,0.0127,0.006,0.0128,-0.0006,0.0064,-0.0003,0.0027,0.0002,0.0002,-0.0175,0.0278,-0.0068,0.0153,-0.0051,0.0104,0.0042,0.003,-0.0,
64,5124,108,2,sitting,0.0065,0.0066,0.0057,0.0101,-0.002,0.0057,0.0022,-0.0004,0.0138,0.003,0.0121,0.0011,0.0044,0.002,0.0001,0.0123,-0.0015,-0.0031,0.0002,0.0045,0.004,-0.0008,0.0034,0.006,-0.001,0.0142,0.0037,0.0043,-0.0028,0.008,0.0028,0.0028,0.0004,0.0115,-0.0,
65,5125,108,2,sitting,-0.0048,1.2945,-0.01,0.0192,0.0021,0.0075,-0.0034,-0.924,0.044,-0.0445,0.5087,0.0375,0.0348,0.3836,-0.0079,-0.0063,0.0083,-0.0123,-0.0137,0.0008,0.0134,0.0211,-0.0092,0.0,0.0003,0.03,0.0013,0.0204,-0.0032,0.0034,-0.0065,0.0147,0.0015,0.0117,-0.0,
66,5126,108,2,sitting,-0.0092,1.1542,-0.0065,0.0105,-0.0045,-0.013,0.0094,-0.7644,0.0306,-0.0363,0.3896,0.0216,0.033,0.9207,-0.0172,-0.0028,0.0006,0.0039,0.0035,0.013,0.0067,0.0013,0.0074,-0.009,0.0126,0.0021,0.0167,0.0155,0.0084,0.002,0.0051,0.0107,0.0053,0.0066,-0.0,
67,5127,108,2,sitting,-0.0049,1.4786,-0.0135,0.0318,-0.0225,-0.0211,0.0255,-0.3676,0.0385,-0.0215,0.1557,-0.0544,-0.0344,1.1475,-0.021,0.0244,-0.0019,0.0045,-0.0088,0.0039,-0.0007,0.0161,0.0037,-0.0136,0.0285,0.0041,0.0072,0.0077,0.0052,0.0226,-0.0008,0.0103,0.0047,0.0026,0.0003,0.0021
68,5128,108,2,sitting,-0.0041,1.2744,-0.0044,0.0058,0.002,0.0117,-0.0032,-0.8676,0.0352,0.0037,0.4224,0.0241,0.014,0.4567,-0.0092,0.0159,-0.001,0.0013,0.0,-0.0025,0.0052,0.0044,0.0005,0.0031,-0.001,0.0104,0.0103,-0.003,0.0208,0.0043,-0.0018,0.0077,0.0007,-0.0032,0.0,
69,5129,108,2,sitting,-0.0047,1.224,-0.0006,0.0157,-0.0002,-0.0112,0.0002,-0.2676,0.0228,-0.0194,0.1547,-0.0107,-0.0094,0.2657,-0.0074,0.0023,-0.0034,-0.0032,0.0053,0.0046,-0.0028,0.0056,0.0021,0.001,0.001,-0.0043,0.0026,0.0028,-0.0011,-0.0006,-0.0035,0.0018,0.0003,0.0006,-0.0,
70,5130,108,2,sitting,-0.0074,0.7399,-0.0005,0.026,-0.0055,0.0061,0.0043,0.4508,-0.0389,-0.0105,-0.222,-0.0218,0.0291,1.3004,-0.0095,0.0177,-0.0121,-0.0042,0.0268,0.0036,-0.0089,0.0126,0.0033,-0.004,0.0028,0.0011,-0.0017,-0.0002,0.02,0.0144,-0.0007,0.0204,0.0006,0.0024,0.0,
71,5131,108,2,sitting,-0.0017,0.7025,-0.0023,0.0146,-0.0042,0.0022,-0.0078,-0.5366,0.0385,0.0237,0.2704,0.0328,0.0135,0.5378,-0.0156,-0.0024,0.0011,-0.0005,0.0157,0.0107,0.0035,-0.0012,-0.0003,-0.0015,0.0217,-0.0012,0.0216,0.0003,0.0177,0.0048,-0.002,0.0051,0.0035,0.0007,-0.0,
72,5132,108,2,sitting,-0.0047,1.1319,-0.0021,0.0064,-0.0174,-0.0022,-0.0285,-0.7727,0.0383,-0.0455,0.3736,0.0445,-0.025,1.2606,-0.0241,-0.0046,-0.0053,-0.0036,0.0136,0.0054,0.0187,0.0,0.0214,0.0054,0.0008,-0.0056,0.0242,-0.0023,0.0007,-0.0073,0.0011,0.0117,0.0066,0.0127,,
73,5133,108,2,sitting,0.0005,-0.0017,0.0,-0.0014,0.0002,0.0,0.0016,0.0028,0.0014,0.0016,-0.0005,-0.0005,0.0003,-0.0011,0.001,0.0002,0.0,0.0,0.0003,0.0,0.0004,0.0004,0.0015,0.0004,0.0008,0.0002,0.0012,0.0006,0.001,0.0003,0.0003,0.0,0.0,0.0,0.0,
74,5134,108,2,sitting,-0.0008,1.2819,-0.0013,0.0274,-0.0117,-0.005,0.0283,-0.9212,0.0524,-0.037,0.4913,0.0417,-0.0453,0.1756,-0.003,0.0055,-0.0064,0.0262,0.0144,0.0002,-0.0087,0.003,-0.0011,0.0007,0.0038,0.0007,0.0075,0.0042,0.002,0.0062,-0.0006,0.0115,0.0028,0.002,-0.001,0.0033
75,5135,108,2,sitting,0.0011,0.9937,0.0146,0.0306,-0.0154,0.0172,0.0095,0.8934,0.037,-0.0205,-0.4904,0.034,-0.0247,1.0026,-0.0117,-0.0047,-0.008,-0.0095,0.007,-0.0007,-0.0098,-0.0038,0.012,-0.002,-0.0008,-0.0047,0.0154,0.0073,-0.0086,0.0027,-0.0014,-0.0018,0.002,-0.0105,-0.0018,-0.0022
76,5136,108,2,sitting,0.0046,1.33,-0.0002,0.012,-0.0013,-0.0012,-0.0156,-0.9345,0.0365,-0.0185,0.5043,0.026,0.0292,0.4072,-0.0237,0.0086,-0.0096,0.0211,0.0101,0.0086,-0.0028,0.0131,-0.0017,0.0007,0.0134,0.0011,0.0203,0.0013,0.0011,0.0013,-0.0049,0.0023,0.0001,-0.0031,0.0,
77,5137,108,2,sitting,-0.0049,1.3267,-0.0078,0.0288,-0.0112,-0.0042,-0.0277,-0.9739,0.043,-0.0445,0.4674,0.0461,0.0385,0.4141,-0.0048,0.0054,-0.0176,0.0067,0.0121,0.0043,-0.0015,-0.0012,-0.0055,-0.0006,-0.0034,-0.0035,0.002,0.0286,0.0117,0.003,-0.012,0.0034,0.001,0.0003,-0.0,
78,5138,108,2,sitting,-0.0091,1.2754,-0.0029,0.0233,,,,,,,,,,,,,,,,,,,,,,,,,,,,,,,,
79,5139,108,2,sitting,-0.0009,0.048,-0.0133,0.0199,-0.0001,0.0079,0.0108,-0.0172,0.0224,-0.0044,-0.0025,-0.0055,-0.0013,-0.0014,-0.0158,-0.0033,-0.0155,0.0144,0.0088,-0.0106,0.0009,-0.0112,-0.0046,0.0138,0.0023,-0.0027,-0.0042,0.0154,0.0023,0.0271,0.0037,-0.0151,0.004,-0.0035,-0.002,
80,5140,108,2,sitting,0.0082,2.0,18.0,256.0,36.0,0.0,-0.0092,1.0,1.2755,2.0,-0.0049,3.0,0.0188,4.0,-0.0055,5.0,0.0116,6.0,-0.0169,7.0,-0.508,8.0,0.0407,9.0,-0.0372,10.0,0.2772,11.0,0.0187,12.0,0.0186,13.0,0.9258,14.0,-0.0117,15.0
81,5141,108,2,sitting,-0.0094,1.2757,-0.0134,0.029,-0.017,-0.0207,-0.0154,-0.9586,0.0452,-0.045,0.485,0.026,-0.0024,1.5322,-0.0029,0.003,0.0023,-0.0055,0.0187,0.0057,-0.0037,0.0143,0.0027,0.0208,0.0065,-0.0018,0.0166,0.0031,-0.0027,0.0002,0.0017,0.0004,0.0127,0.0003,-0.0033,-0.0022
82,5142,108,2,sitting,-0.0039,0.7242,-0.0056,0.0027,-0.0097,-0.0086,0.0182,0.507,-0.0375,-0.0033,-0.2555,-0.0444,-0.0168,1.1755,-0.0282,0.0018,-0.01,0.0172,0.0078,0.0233,-0.0073,0.0274,0.0023,-0.0016,-0.0122,0.0037,0.0132,-0.0015,0.0073,-0.0037,0.0084,0.0078,0.0023,0.0022,0.0,
83,5143,108,2,sitting,-0.007,1.2968,-0.0114,0.0255,-0.0035,0.0092,-0.019,-0.9916,0.039,-0.0461,0.488,0.0339,0.0088,1.3284,-0.0095,-0.01,-0.0013,0.0193,0.0023,0.0052,-0.0165,-0.0018,0.0241,-0.0049,0.0173,-0.0032,0.0243,0.0173,0.0035,-0.0028,0.0002,,,,,
84,5144,108,2,sitting,-0.0097,1.3485,-0.0266,0.0049,-0.0037,-0.0087,0.0247,-0.91,0.0365,-0.0249,0.4561,-0.0362,-0.0106,0.3756,-0.0093,0.017,0.0058,0.0169,0.0088,-0.0045,-0.0037,0.0253,0.0154,0.0162,0.0039,0.0161,0.0043,-0.0006,-0.0105,0.0207,-0.0035,0.0037,0.0002,0.0037,-0.0,
85,5145,108,2,sitting,-0.0079,1.2631,-0.0253,0.037,-0.0037,0.0127,-0.0298,-0.9489,0.0495,-0.037,0.477,0.0322,-0.0314,0.3403,-0.0141,0.0018,-0.0105,0.0014,0.0017,0.0088,-0.0076,0.0038,-0.0014,0.0183,0.0066,0.0103,-0.0051,0.0112,0.0003,-0.0075,0.0118,0.0,0.0062,0.0103,-0.0041,0.0023
86,5146,108,2,sitting,-0.0033,1.4814,-0.0111,0.003,0.0016,0.0015,-0.0246,-0.9456,0.0445,-0.0295,0.4865,0.0353,0.0285,0.9628,-0.0117,-0.0025,-0.0148,-0.0024,0.0185,0.0064,0.0158,0.0045,0.0029,-0.0117,0.001,-0.0014,0.0024,0.0177,0.0008,0.0021,-0.0036,0.0098,0.0035,0.0025,-0.0,
87,5147,108,2,sitting,-0.0085,1.3053,-0.0096,0.0235,-0.0171,0.0131,0.0136,-0.8688,0.0537,-0.0271,0.4846,0.0376,0.0426,0.2732,-0.0159,0.0036,-0.0086,0.0161,0.0095,0.0044,0.0023,0.002,0.0113,0.0054,0.0006,0.0018,0.005,0.0031,0.0246,-0.0061,-0.0028,0.0048,0.0033,0.0114,0.0,
88,5148,108,2,sitting,-0.0019,1.3073,-0.0007,0.0253,-0.0186,-0.0017,-0.025,-1.0362,0.0537,-0.0447,0.4703,-0.0415,0.0328,0.7693,-0.0084,-0.0024,-0.0104,-0.0028,0.0226,0.0142,-0.0007,-0.0087,0.0072,-0.0101,0.0143,0.0063,0.0203,0.0133,-0.0007,0.0283,-0.0018,0.014,0.0003,0.001,-0.0,
89,5149,108,2,sitting,-0.0017,1.284,-0.0022,0.0242,-0.011,0.0132,-0.015,-0.4242,0.0504,-0.0301,0.2084,0.0256,-0.0173,0.9048,-0.0064,-0.0043,-0.0092,0.0052,0.0317,0.0033,0.0031,-0.0014,-0.0133,0.0093,0.0046,0.0024,-0.0008,0.0019,0.0167,-0.0009,0.0024,0.0086,-0.0007,0.0006,-0.0,
90,5150,108,2,sitting,-0.0004,1.2779,-0.0166,0.015,-0.0082,0.0058,0.0155,0.4933,-0.0335,-0.0114,-0.2428,-0.043,0.0433,0.3733,0.0094,-0.025,0.0008,-0.0208,0.0354,0.006,-0.004,0.0065,-0.0026,0.0175,-0.0035,0.0007,0.0063,0.0008,-0.0163,0.0086,0.0003,-0.0031,0.0046,0.0022,-0.0,
91,5151,108,2,sitting,0.0003,1.0005,0.0,-0.0008,0.0015,0.0001,-0.0005,0.0005,0.0007,-0.0024,0.0043,0.0002,0.001,0.0008,-0.0006,0.0023,0.0006,0.0005,-0.001,0.0008,-0.0013,0.0018,-0.0017,-0.0025,0.0032,0.0008,0.0003,0.0015,-0.0011,0.0005,0.0016,-0.0015,0.0013,0.0012,0.0,
92,5152,108,2,sitting,-0.0039,1.4422,-0.0067,0.0229,-0.0182,-0.0012,-0.0294,-0.9282,0.0483,-0.0312,0.4765,0.0427,-0.0058,0.3682,-0.0098,-0.008,0.0034,0.0088,0.0132,0.0029,0.0057,-0.007,0.0112,0.0134,-0.0008,0.0045,0.017,0.0161,0.016,0.0041,-0.0041,0.0244,0.0006,-0.0025,0.0044,0.0003
93,5153,108,2,sitting,-0.0134,1.2262,0.001,0.017,-0.0005,0.0123,-0.0132,-0.9237,0.0505,-0.0327,0.4444,0.0155,-0.0,,,,,,,,,,,,,,,,,,,,,,,
94,5154,108,2,sitting,-0.0014,0.9943,-0.006,0.0146,-0.0058,0.0077,0.0112,0.9563,-0.0535,-0.0167,-0.4875,-0.0518,0.0651,1.597,-0.0208,0.0027,0.016,0.0106,0.0062,0.0105,-0.0051,-0.0021,0.0042,0.0042,0.0036,0.0142,0.0037,-0.0008,0.031,-0.003,-0.0111,0.0104,-0.0015,0.0213,-0.0,
95,5155,108,2,sitting,-0.0032,1.2746,,,,,,,,,,,,,,,,,,,,,,,,,,,,,,,,,,
96,5156,108,2,sitting,0.008,0.0003,-0.0023,-0.0035,0.0043,-0.0026,0.0021,-0.0137,0.0107,-0.0008,0.0075,0.0023,0.0021,-0.0038,-0.0004,-0.0026,0.0001,0.0026,-0.0044,-0.0004,0.0133,-0.0025,0.0033,0.003,0.0032,-0.0011,0.0064,0.0012,0.0016,-0.0014,-0.0021,0.0107,-0.0036,0.0015,0.0012,0.0001
97,5157,108,2,sitting,-0.0049,1.3423,-0.0177,0.019,-0.0153,-0.0086,0.0298,-0.3034,0.0317,-0.0328,0.1406,-0.052,-0.0409,1.2013,-0.0135,0.0105,-0.0133,0.0114,0.0022,0.0054,-0.0012,0.0024,0.0006,-0.0066,0.0023,0.0051,0.008,-0.0041,-0.0078,0.0222,-0.0063,0.0024,0.0063,-0.001,-0.0036,-0.0006
98,5158,108,2,sitting,0.0028,-0.0043,0.0007,-0.0017,0.0015,0.0037,0.0014,0.006,0.0056,0.0028,0.0038,0.0026,0.0045,0.0024,0.0008,0.0032,0.0013,0.0002,-0.0014,0.0053,0.0006,-0.0032,-0.0006,0.0052,-16.0,0.0028,0.003,0.0015,0.0013,0.0035,0.002,0.0004,0.003,0.0001,0.0,
99,5159,108,2,sitting,-0.0042,1.3379,-0.0066,0.0286,-0.0107,0.0003,-0.0212,-0.8354,0.0488,-0.0327,0.4047,0.0449,-0.0062,0.5801,-0.0089,0.0006,-0.007,0.0274,0.0058,0.0244,-0.0088,-0.0055,0.0131,0.0154,0.0103,0.0025,0.0024,0.001,0.0106,0.0072,-0.0033,0.0167,0.0007,0.0,0.0021,-0.0033
100,5160,108,2,sitting,-0.0086,1.2802,0.0026,0.0198,0.0006,0.0008,0.0072,-0.9969,0.0362,-0.0187,0.485,0.0232,0.0126,1.4025,-0.0231,0.006,0.0013,0.0005,0.0224,0.0277,0.0018,0.0062,0.0024,0.0093,0.0025,-0.012,0.0046,0.0158,-0.0023,0.0069,-0.0001,0.0074,0.0043,0.0034,0.0,
101,5161,108,2,sitting,-0.0023,1.2747,-0.0048,0.0264,-0.0148,-0.0037,-0.027,-0.7345,0.0463,-0.0374,0.3812,0.0096,0.0353,0.4132,-0.0218,0.0017,0.0262,-0.0033,0.0161,-0.0078,0.002,-0.0053,0.02,-0.0039,-0.0035,-0.0121,-0.0016,0.0035,0.0028,0.0254,-0.0021,0.0035,0.0029,0.0062,-0.0,
102,5162,108,2,sitting,0.0068,1.2556,-0.0126,0.0092,-0.0023,0.0074,-0.0034,-0.9745,0.0463,-0.015,0.4602,0.0244,0.0109,0.3923,-0.0096,0.0004,0.012,0.0023,0.0247,0.0092,-0.0042,0.0115,-0.0032,0.0008,0.0083,0.0017,-0.0035,-0.0051,0.0022,0.0003,0.0035,0.0013,0.0044,0.0015,-0.0,
103,5163,108,2,sitting,0.0039,1.1796,-0.0029,0.0087,-0.0,-0.0177,0.0156,-0.9242,0.0577,-0.0332,0.4786,0.0424,0.0175,0.4947,-0.0119,0.0152,-0.0235,-0.0012,0.0288,0.0067,0.0039,0.0057,0.0031,-0.0041,-0.0078,-0.0026,0.0186,0.0284,0.0053,0.0124,-0.0037,0.0082,0.0034,-0.003,-0.001,-0.0009
104,5164,108,2,sitting,-0.007,1.3012,-0.0195,0.0305,-0.0221,0.0174,-0.0157,-0.8319,0.0542,-0.0335,0.4512,0.0382,-0.0105,0.992,-0.0128,-0.0029,-0.0004,-0.0005,0.0132,0.0002,0.0148,-0.0004,0.0212,0.0036,-0.0071,-0.0052,0.0001,-0.0089,-0.0027,0.0378,0.0012,0.0125,0.0024,0.0057,-0.0075,0.0035
105,5165,108,2,sitting,-0.0074,0.9833,-0.0025,0.0054,-0.0033,0.0102,-0.021,0.9527,-0.04,-0.0155,-0.4985,-0.0353,-0.0459,1.178,-0.0152,0.0027,0.0139,0.0057,0.0198,0.0164,-0.0045,-0.0074,-0.0082,0.0022,0.0068,-0.0022,-0.0065,0.0085,-0.0035,0.0189,-0.0008,0.0162,0.0013,-0.0045,-0.0,
106,5166,108,2,sitting,0.0108,-0.0089,0.0057,-0.0152,0.0057,-0.0032,0.0076,0.9368,0.0322,0.0389,-0.4917,-0.0284,0.0234,-0.7097,0.0032,-0.0108,-0.0034,0.0152,0.0207,0.0171,-0.0077,0.02,0.0076,-0.006,-0.0057,-0.0044,0.0084,0.0034,-0.0111,-0.0034,-0.001,0.0035,0.0033,-0.0057,0.0045,0.0046
107,5167,108,2,sitting,-0.0146,0.0264,-0.0114,0.0157,-0.0141,-0.0045,-0.006,-0.0038,0.0062,-0.0137,-0.0017,0.0,-0.0048,0.0112,-0.0051,-0.0038,,,,,,,,,,,,,,,,,,,,
108,5168,108,2,sitting,-0.0149,1.3272,-0.0074,0.0308,-0.0233,0.0203,-0.0164,-0.9212,0.0324,-0.0511,0.4457,0.003,0.0139,1.1086,-0.0255,0.0166,-0.0035,0.0054,0.011,0.0042,-0.011,0.004,0.0055,0.0132,-0.0026,0.0016,0.003,0.0048,0.0053,0.0011,-0.0027,0.0112,0.0036,0.0003,-0.0054,0.0032
109,5169,108,2,sitting,-0.0042,0.007,-0.0001,-0.0016,-0.0024,-0.0004,-0.0061,0.002,0.0012,-0.0016,-0.0035,-0.0031,0.0047,0.0004,0.0011,0.0015,0.0023,0.0012,0.0003,0.0028,0.0007,0.0012,0.0005,0.0006,0.0011,0.0025,0.0014,0.0013,0.0001,0.0005,0.0024,0.0024,0.0006,0.0002,0.0,
110,5170,108,2,sitting,-0.0091,0.7348,-0.0096,0.0299,-0.0142,0.0158,-0.0015,-0.2243,0.0117,-0.0396,0.103,0.0128,-0.0033,1.0572,-0.0038,0.0052,-0.0104,-0.0003,0.0147,0.0074,0.005,0.0062,0.007,-0.0118,0.0047,0.0044,0.0008,0.0157,0.0006,0.0178,-0.0042,0.0128,-0.0004,0.0188,-0.0034,-0.0046
111,5171,108,2,sitting,-0.0092,0.7447,-0.0133,0.0265,-0.014,-0.0143,0.0334,-0.3561,0.0254,-0.0494,0.1709,-0.0217,0.0066,1.3234,-0.0021,0.0002,0.0169,-0.0108,0.0234,0.0171,-0.0032,-0.007,0.025,0.0037,-0.0009,0.0007,-0.0061,0.0162,-0.0115,0.0183,-0.0024,0.0187,0.004,0.0036,0.0048,0.0045
112,5172,108,2,sitting,0.0013,0.0157,-0.0001,-0.0034,-0.0001,0.0076,0.014,-0.0139,0.0016,-0.0046,0.0128,0.0,0.0068,0.0151,0.0,0.0011,-0.0031,0.0077,0.0003,0.0052,0.0007,-0.0003,0.0005,0.0018,0.0007,0.003,0.004,0.0071,-0.0013,0.0023,0.0013,0.0042,0.0014,0.0066,0.0023,0.0016
113,5173,108,2,sitting,-0.0027,1.3473,-0.0012,0.0387,-0.0079,-0.0049,-0.0208,-0.7933,0.0396,-0.0523,0.3663,-0.0515,0.0051,0.9438,-0.0132,0.0035,0.012,0.0013,0.0062,0.0032,-0.0006,0.0111,0.0019,-0.0082,0.0115,0.0033,0.0074,0.0047,0.0061,-0.0055,0.0013,0.0273,0.0061,0.0064,-0.0,
114,5174,108,2,sitting,0.0289,-0.0151,0.0245,-0.0103,0.0205,0.0108,-0.0259,0.0365,-0.0092,-0.0053,-0.0115,-0.0282,0.0237,-0.0017,-0.0102,0.0086,0.0166,0.0065,-0.0135,0.0004,0.0075,0.0141,-0.0007,0.0188,-0.0052,0.0123,0.007,-0.0011,0.0069,-0.0115,0.0006,0.0254,0.0148,-0.0054,-0.0058,0.0
115,5175,108,2,sitting,-0.0009,1.3457,-0.0011,0.0178,-0.0072,-0.0031,-0.0205,-0.7,0.0534,-0.0251,0.3445,-0.0478,0.0101,0.9599,-0.0115,-0.0038,-0.0061,-0.0053,-0.0043,-0.0051,-0.0052,0.0095,0.0017,0.0146,-0.0009,-0.0067,0.0287,0.0066,-0.0151,0.0121,0.0036,-0.0146,0.0097,-0.0028,-0.0062,0.0
116,5176,108,2,sitting,-0.0038,0.9922,-0.0021,0.0105,0.0014,0.0008,0.001,0.9763,-0.0311,0.0003,-0.3557,0.0103,-0.0026,0.9966,-0.001,-0.0008,0.0011,0.0021,0.0005,0.0015,-0.0003,0.0016,0.0008,0.0005,0.0013,0.0015,0.0011,0.0033,0.0021,0.0036,-0.0018,0.0245,0.0007,-0.002,0.0,
117,5177,108,2,sitting,0.006,1.2253,-0.0092,0.0136,-0.0015,-0.0011,-0.0062,-1.0067,0.0404,0.0188,0.358,-0.0171,0.0262,0.7177,-0.0238,-0.0127,-0.022,0.0045,0.0231,0.0106,0.0018,0.0256,0.0007,0.0261,0.0031,-0.0052,-0.0009,-0.0115,-0.0006,0.0102,0.0011,0.0051,0.0002,-0.0013,0.0,
118,5178,108,2,sitting,-0.0049,1.1912,-0.0036,0.0114,-0.0063,0.0141,-0.0212,-0.8953,0.039,-0.0347,0.4118,0.0295,-0.0067,1.2633,-0.0172,0.0016,-0.0065,0.0044,0.0073,0.0124,-0.0077,-0.001,-0.0051,-0.0105,-0.0044,-0.0127,0.0116,-0.0052,-0.0088,-0.0142,-0.0063,0.0114,0.0041,0.012,-0.0024,0.0034
119,5179,108,2,sitting,0.0027,-0.0035,-0.0006,-0.002,-0.001,-0.0027,0.0018,0.016,0.0007,-0.0072,0.0004,0.0053,0.0042,0.0174,-0.0031,-0.0037,-0.0033,-0.0037,-0.0024,-0.0012,0.0014,0.0018,0.0011,0.0007,-0.0014,-0.0016,0.0016,0.0022,0.0031,-0.0011,-0.0014,-0.0014,-0.0021,0.0026,0.0,
120,5180,108,2,sitting,-0.017,0.0013,-0.0106,-0.0104,-0.0058,-0.0133,-0.005,-0.0377,-0.003,-0.0188,-0.0082,0.0148,-0.0136,-0.0152,0.0005,-0.0004,0.007,0.0116,-0.0008,0.0064,-0.0048,0.0003,0.0008,0.0016,-0.0006,0.0032,0.0002,-0.0006,-0.006,0.0017,0.0024,0.0,,,,
121,5181,108,2,sitting,-0.0073,1.3457,-0.0099,0.0199,-0.0035,-0.0009,-0.0177,-1.0431,0.0224,-0.0251,0.4831,0.0062,0.0029,0.2954,-0.0131,0.0178,0.0058,0.0085,0.0045,0.0147,0.0017,0.0002,-0.0041,-0.0103,-0.0054,-0.0007,0.0176,0.0052,-0.0001,0.0252,-0.0038,0.025,0.0063,0.002,-0.0,
122,5182,108,2,sitting,-0.0142,1.4097,-0.0052,0.0057,-0.0019,-0.0043,-0.025,-0.9397,0.044,-0.035,0.4207,0.0478,-0.0304,0.8074,-0.0042,0.0082,-0.0039,-0.0053,0.0148,-0.0144,-0.0077,0.0105,-0.0036,-0.0008,0.0023,0.004,0.0108,-0.002,0.0117,0.0141,-0.006,0.0146,0.0022,0.0032,-0.0,
123,5183,108,2,sitting,0.0062,1.4159,-0.0099,0.0095,-0.0116,-0.0074,0.026,0.8446,-0.0442,-0.0141,-0.4566,-0.0591,0.0292,1.1475,-0.0104,0.0019,-0.0116,-0.0022,0.0125,0.0147,-0.0067,-0.0062,-0.014,0.0204,0.0005,-0.0003,-0.0013,0.0112,0.0077,0.0142,0.0008,0.001,0.0013,0.0038,0.0043,0.0036
124,5184,108,2,sitting,-0.0017,1.3932,-0.0045,0.008,-0.0126,0.0008,-0.0299,-0.8654,0.0422,-0.0464,0.4186,0.0474,0.0212,1.0481,-0.018,-0.004,-0.0008,0.0085,0.0245,-0.0043,0.0146,-0.0038,0.0228,-0.0001,0.0037,-0.0042,0.0009,0.0071,0.0027,0.0207,-0.0002,0.0064,0.0055,-0.0044,-0.0,
125,5185,108,2,sitting,-0.0009,1.3305,-0.001,0.0335,-0.0159,0.0034,0.0198,1.0342,-0.047,-0.0154,-0.4827,-0.0515,-0.0275,1.0635,-0.0165,0.0123,0.001,0.0145,0.0025,0.0015,-0.0033,0.0027,0.0016,0.001,0.0018,0.0005,0.0035,0.0017,0.0015,0.0034,-0.0007,0.0202,0.0015,0.0041,-0.0,
126,5186,108,2,sitting,-0.0017,1.3349,-0.0075,0.0082,-0.0031,0.004,0.0168,0.475,-0.0263,-0.0142,-0.2381,-0.0509,0.0195,1.2066,-0.0073,0.0044,-0.0172,0.0026,0.021,0.0015,-0.0091,-0.004,0.0161,-0.0062,0.0032,0.0008,0.0066,0.0035,0.0036,-0.0041,0.0016,0.001,0.005,0.0004,-0.005,0.0026
127,5187,108,2,sitting,-0.0014,0.9954,-0.0046,0.0002,-0.0032,0.0022,0.0023,0.9535,-0.0377,-0.0061,-0.461,-0.039,-0.0146,0.2909,-0.0057,-0.0011,-0.0055,0.0048,0.0042,0.0015,-0.0076,-0.003,-0.0009,-0.0026,0.0074,0.0043,0.0012,0.0027,0.0127,0.0005,0.0014,0.0028,0.0018,-0.0003,0.0,
128,5188,108,2,sitting,-0.0006,1.4702,-0.0068,0.0097,0.0028,-0.0115,-0.0043,-0.9342,0.0226,-0.0301,0.4656,0.0211,-0.0354,-0.5344,-0.0112,0.0096,-0.0024,-0.0057,0.0012,0.0051,0.0008,-0.0041,-0.0033,-0.005,-0.001,0.0022,0.0018,0.0031,-0.0023,0.0102,0.0005,0.0211,0.0041,0.0066,0.0036,0.0016
129,5189,108,2,sitting,0.0202,0.0236,-0.0053,0.0004,-0.0143,-0.007,-0.0124,-0.0112,0.0261,-0.0162,0.0176,-0.0107,-0.0258,0.0275,-0.0089,0.015,-0.0053,-0.0124,-0.0022,-0.0128,-0.0022,0.0216,-0.0027,-0.0015,-0.0085,-0.0033,0.0055,0.0156,0.0023,-0.0046,0.0184,0.0003,0.0003,-0.0145,-0.0021,-0.0114
130,5190,108,2,sitting,-0.0125,0.0134,-0.0105,0.013,-0.0035,0.0107,-0.006,0.1158,-0.0074,-0.0048,0.0104,-0.0044,-0.0083,-0.0014,-0.0147,-0.0001,-0.0025,0.012,0.0055,0.0011,-0.0031,0.0025,0.0072,0.0041,-0.0025,0.0124,0.0118,0.0073,0.0063,0.0065,-0.0042,0.0025,0.004,0.0018,-0.0004,0.0072
131,5191,108,2,sitting,-0.0148,1.2469,0.0034,0.0264,-0.0077,-0.0148,0.0034,-0.834,-0.0487,-0.0218,0.5504,-0.0028,-0.0026,1.288,-0.0096,0.0035,-0.004,0.0048,-0.0055,0.0016,-0.0017,0.0041,0.0009,0.0031,0.0027,0.001,0.0036,-0.0022,0.0155,-0.0023,-0.0043,0.0072,0.003,-0.0051,0.0,
132,5192,108,2,sitting,,,,,,,,,,,,,,,,,,,,,,,,,,,,,,,,,,,,
133,5193,108,2,sitting,-0.0143,0.7163,-0.0011,0.0198,0.0002,-0.0267,0.0173,-0.1214,0.0097,-0.0351,0.0494,-0.0032,-0.013,1.1888,-0.0203,0.001,-0.0129,0.0287,0.0135,0.0219,-0.0023,0.0216,0.0105,-0.01,0.0042,-0.0057,-0.0032,0.0076,-0.0048,0.0332,-0.0053,0.007,0.0012,-0.0138,0.0,
134,5194,108,2,sitting,-0.0115,0.0103,0.001,-0.0107,0.0058,0.0009,0.0127,0.0155,0.003,0.0002,0.0087,0.0011,-0.0055,-0.0024,0.0047,0.0005,0.0045,0.0014,0.0042,0.0015,0.0032,0.0026,0.0013,0.0027,-0.0003,0.0053,0.0,-0.0025,0.0005,0.0,-0.0025,0.0026,0.0003,0.0011,-0.0013,0.0
135,5195,108,2,sitting,-0.0113,1.2479,-0.0156,0.0199,-0.008,0.0179,-0.0238,-0.7994,0.0426,-0.0351,0.3804,0.0177,-0.0516,0.6476,0.0055,-0.0042,0.0035,0.0016,-0.0016,-0.0031,0.0008,-0.0032,0.0154,0.0014,-0.01,-0.0003,0.0022,0.0067,0.0002,0.0143,-0.0025,0.0032,-0.0015,0.0117,-0.003,0.0011
136,5196,108,2,sitting,-0.004,1.264,-0.0096,-0.0145,-0.0005,0.004,0.0002,-0.3725,0.0173,-0.0312,0.1348,0.0024,-0.01,1.1017,-0.0025,-0.0057,0.0108,0.0001,0.004,0.0021,0.0024,-0.0017,-0.0,0.0153,-0.0021,0.002,0.0057,-0.0035,0.0027,0.001,0.0014,-0.0018,-0.0017,-0.0008,0.0,
137,5197,108,2,sitting,-0.0047,0.9869,0.0021,0.019,-0.0074,-0.0089,-0.0296,0.6944,-0.0428,-0.0076,-0.3476,-0.0482,0.0136,1.1454,-0.0155,-0.0004,-0.0033,0.0058,0.0105,0.0165,-0.0045,0.0048,-0.0078,-0.006,0.0045,0.0021,0.0008,-0.0026,0.0152,0.0025,-0.0058,0.007,0.0022,0.0056,-0.0026,0.0037
138,5198,108,2,sitting,-0.0031,0.7709,0.0043,0.0096,0.0046,-0.0017,-0.0265,-0.464,0.0345,-0.0218,0.1955,0.023,-0.0348,0.8413,-0.0097,0.0128,-0.0082,0.0141,0.0088,0.0064,-0.0004,0.0013,0.0005,-0.0063,0.0111,0.0007,0.0056,0.0031,0.0016,0.0045,-0.0002,0.0052,0.0016,0.0012,-0.0,
139,5199,108,2,sitting,-0.0005,1.0084,-0.0034,-0.0066,-0.0006,,,,,,,,,,,,,,,,,,,,,,,,,,,,,,,
140,5200,108,2,sitting,-0.0042,0.7285,-0.0092,0.0295,-0.0214,-0.0004,0.0112,0.5211,,,,,,,,,,,,,,,,,,,,,,,,,,,,
141,5201,108,2,sitting,-0.0097,1.4051,-0.009,0.0373,-0.0207,0.016,-0.0436,-1.0837,0.056,-0.0358,0.4832,-0.0353,-0.0074,1.4479,-0.0206,0.0145,-0.0119,0.0069,0.0224,0.0024,-0.0042,0.0007,-0.0125,-0.004,0.0087,0.0068,0.0269,0.0156,0.0079,0.0022,-0.0024,0.0209,-0.0045,0.0022,0.0012,0.0031
142,5202,108,2,sitting,-0.0045,1.3761,-0.0037,-0.0027,-0.0027,0.0045,-0.0041,0.502,-0.0265,-0.0056,-0.1633,-0.0283,0.0062,0.206,-0.0055,0.0048,0.001,-0.0012,0.0222,-0.003,0.0035,-0.0091,0.0017,0.0021,0.0006,0.0008,0.0005,0.0162,0.0033,0.0043,0.002,0.0294,-0.0008,0.0016,0.0,
143,5203,108,2,sitting,-0.0039,1.2947,-0.0075,0.0257,-0.0175,0.0016,-0.0318,-0.8412,0.0459,-0.0385,0.432,0.0475,0.0093,0.3235,-0.0232,0.0102,0.0016,-0.0023,0.0274,0.0062,-0.004,0.0256,0.0042,-0.0136,0.0029,0.0011,0.0026,0.0117,0.0167,0.0107,-0.0039,0.006,0.0011,-0.0033,0.0,
144,5204,108,2,sitting,-0.0147,1.2965,-0.0123,0.0269,-0.0082,-0.0124,-0.0236,-0.915,0.0362,-0.0449,0.4255,0.0369,0.0582,0.3679,-0.0138,-0.0014,-0.0116,0.0189,0.0188,-0.0086,-0.015,-0.0018,0.0166,0.0158,-0.0101,-0.007,-0.0046,0.0138,0.0055,0.0164,-0.0045,-0.0018,-0.0086,-0.0041,0.0037,-0.0008
145,5205,108,2,sitting,-0.0093,1.4176,-0.0228,0.0342,-0.0114,-0.0092,0.0278,-0.9026,0.0507,-0.0277,0.4674,0.0473,-0.0178,1.0876,-0.0223,-0.0009,-0.0054,0.0106,0.0175,0.008,-0.0084,-0.0058,0.0089,0.0039,0.0115,0.0037,0.0257,-0.0027,0.0153,0.0115,-0.0036,0.0342,0.0103,0.0054,-0.0004,-0.0006
146,5206,108,2,sitting,0.015,1.2345,-0.0043,0.0202,0.004,0.0041,-0.0037,0.4776,0.0049,0.0043,-0.176,-0.0534,0.0336,0.9594,0.0243,0.0034,0.0,0.0107,-0.0014,-0.0044,-0.0057,0.0004,-0.0018,0.0238,0.0,0.001,0.0025,0.0022,-0.0008,0.0047,0.0,0.0004,0.0011,0.0002,0.0,
147,5207,108,2,sitting,-0.0082,1.3516,-0.0084,0.0116,0.0123,-0.0025,-0.014,-1.0645,0.023,-0.0086,0.4605,0.0035,-0.0053,1.1514,0.0051,0.0045,0.0043,0.0035,-0.0015,0.0058,0.0007,-0.0015,0.001,0.0016,0.0082,0.0016,,,,,,,,,,
148,5208,108,2,sitting,-0.0037,1.216,-0.0125,0.0216,-0.0135,-0.0135,0.0189,0.5415,-0.0417,-0.0186,-0.2621,-0.0497,0.0007,1.0545,-0.0347,-0.0104,0.0101,-0.0118,0.0155,0.0042,0.0235,0.0006,0.0236,-0.0032,0.0243,-0.0074,0.0099,-0.0143,-0.0042,0.0143,0.003,0.0098,0.0054,-0.0028,-0.0057,
149,5209,108,2,sitting,0.0004,1.3277,-0.0092,0.0363,-0.0049,-0.0043,-0.0139,-0.7285,0.0414,-0.0266,0.3731,0.036,0.0045,0.5261,-0.0017,-0.0024,-0.0059,0.0078,0.0043,0.0002,-0.0014,-0.0047,0.0164,0.0041,-0.005,0.0011,0.0134,0.0108,0.0064,-0.007,-0.0016,0.0025,0.0036,0.0055,-0.0,
150,5210,108,2,sitting,-0.0063,0.9335,-0.0029,0.0304,0.0015,-0.0161,-0.0045,-0.1027,-0.0165,-0.0033,-0.0008,0.0356,0.0131,1.2736,-0.0124,0.004,0.0003,-0.0054,0.0031,0.0012,0.0041,-0.0004,0.0144,-0.0015,-0.0035,-0.0008,-0.0056,-0.006,0.0023,-0.0013,0.0041,0.0043,-0.0001,-0.0008,-0.0,
151,5211,108,2,sitting,36.0,0.0,-0.0074,1.0,1.2535,2.0,-0.0163,3.0,0.0175,4.0,-0.005,5.0,0.0004,6.0,-0.0195,7.0,-0.956,8.0,0.0367,9.0,-0.0325,10.0,0.4826,11.0,0.0182,12.0,0.0349,13.0,0.3587,14.0,-0.0229,15.0,-0.007,16.0,-0.0153,17.0
152,5212,108,2,sitting,0.0144,0.9534,-0.005,0.0025,0.0004,0.0087,-0.0051,-0.1298,0.0189,0.0022,-0.0077,-0.008,-0.0103,-0.0038,-0.0051,-0.0048,-0.0037,0.0133,-0.0012,-0.0063,0.0005,0.0033,0.0072,0.0154,0.0034,0.0019,0.0005,0.0074,0.007,0.0047,0.0005,0.0037,0.0015,0.0041,-0.0,
153,5213,108,2,sitting,-0.0025,1.4631,-0.0034,0.0356,-0.0158,0.0006,-0.0234,0.6198,-0.0296,-0.0225,-0.3031,-0.0581,-0.0,,,,,,,,,,,,,,,,,,,,,,,
154,5214,108,2,sitting,-0.0061,0.7726,-0.0001,0.0032,-0.0078,0.0011,0.002,0.9911,-0.0245,0.0042,-0.4611,-0.0326,0.0147,1.2956,-0.015,0.0019,-0.0055,0.0052,0.0023,0.004,0.002,0.0021,-0.0018,0.0087,0.0022,0.0044,0.0008,0.0023,-0.0022,0.0058,-0.001,0.0096,0.0008,0.0053,0.0,
155,5215,108,2,sitting,-0.0047,1.297,-0.0166,0.0227,-0.0028,-0.0188,-0.0116,-0.9046,0.0482,-0.0429,0.4771,0.048,-0.0459,0.3474,-0.0026,-0.0001,-0.0136,0.0244,0.0064,0.0075,-0.0122,0.0075,-0.0015,-0.017,0.0153,0.0031,0.0217,0.001,-0.0144,0.0129,-0.0034,0.0123,0.0045,0.0036,-0.0,
156,5216,108,2,sitting,-0.0043,1.3479,-0.0095,0.006,-0.0178,-0.0004,0.0135,-0.2683,0.0345,-0.0279,0.1046,-0.0317,-0.0449,0.9197,-0.0116,-0.0036,-0.0046,-0.0033,0.0284,0.0077,-0.0073,0.01,0.0078,-0.0042,0.0064,0.0106,0.0021,-0.0022,-0.0056,0.0105,-0.0016,0.0186,0.0033,0.0007,-0.0005,-0.0045
157,5217,108,2,sitting,-0.0049,1.3363,,,,,,,,,,,,,,,,,,,,,,,,,,,,,,,,,,
158,5218,108,2,sitting,-0.0003,0.4726,-0.0076,0.0076,-0.0027,-0.0038,0.0288,0.597,-0.0405,-0.0023,-0.2941,-0.0457,0.0067,1.3191,-0.0156,-0.0071,0.0042,-0.005,0.0331,0.0098,-0.0007,0.0057,0.003,0.0093,0.0048,0.0014,0.0123,0.0083,0.0163,0.0015,0.0036,0.0132,0.0001,0.0078,-0.0,
159,5219,108,2,sitting,-0.0067,1.245,-0.0061,0.0099,-0.0243,-0.0015,-0.0186,-0.8255,0.0356,-0.035,0.4146,0.0388,0.0112,0.9874,-0.0256,-0.0053,-0.0033,0.0045,0.0114,0.0017,-0.0072,0.0071,0.0121,0.0104,0.0077,0.0035,0.0143,0.0014,0.0053,0.0025,-0.0046,0.0066,0.0061,0.0014,0.0005,0.0035
160,5220,108,2,sitting,-0.0072,1.317,-0.0019,0.0362,-0.0093,-0.006,0.0165,0.5752,-0.0424,-0.0088,-0.2835,-0.051,0.0369,1.3281,0.0149,0.0128,-0.0124,-0.0075,0.0013,0.0009,-0.0037,-0.0064,0.0105,0.0063,-0.004,-45.0,-0.0041,-0.0066,0.012,0.0007,0.0006,0.0047,-0.0048,0.0043,0.0025,0.0043
161,5221,108,2,sitting,-0.0094,1.2714,-0.0062,0.0172,-0.0024,0.0037,-0.0335,-0.9876,0.0435,-0.0349,0.4947,0.0118,-0.0045,1.3272,-0.0095,0.0138,-0.0059,0.0043,0.0155,0.0117,-0.0077,-0.0063,-0.0017,-0.0053,0.0064,0.0054,0.0237,-0.0163,0.0075,0.0128,-0.0012,0.017,-0.0041,0.0004,0.0068,-0.0004
162,5222,108,2,sitting,0.0101,1.238,0.0008,-0.0013,-0.0004,-0.0005,-0.0012,-0.6745,0.001,0.0177,0.4438,0.0271,0.001,0.2959,-0.0111,-0.002,-0.0006,0.0014,0.0036,0.0013,-0.0021,0.0011,0.0002,0.0001,0.0021,0.0006,0.0002,-0.0034,0.0241,0.001,-0.0017,-0.0016,0.0041,-0.0024,0.0,
163,5223,108,2,sitting,-0.0047,0.9913,-0.0078,0.0148,-0.0076,-0.0101,-0.0074,-0.2572,0.0197,-0.0342,0.103,-0.0198,0.0,,,,,,,,,,,,,,,,,,,,,,,
164,5224,108,2,sitting,-0.009,1.1742,-0.0095,0.0155,-0.0123,-0.0,0.0116,0.4927,-0.0338,-0.0257,-0.2573,-0.0667,-0.0249,0.9629,-0.0112,-0.0017,0.0089,0.0064,0.0008,-0.0055,0.0108,-0.0019,0.0147,0.0031,0.0126,0.004,-0.0089,0.0016,-0.0036,0.0058,0.0013,0.0032,0.0017,0.0008,0.0001,0.0021
165,5225,108,2,sitting,-0.004,1.4063,-0.0038,0.0316,-0.0145,0.0122,0.0107,-0.5862,0.06,-0.0538,0.2795,-0.0156,0.0117,0.0002,-0.0183,0.0125,0.0013,0.0106,0.0021,-0.0005,-0.0059,-0.0032,0.0166,-0.0127,0.0222,0.0054,,,,,,,,,,
166,5226,108,2,sitting,0.0015,0.9936,0.0035,0.0334,-0.0165,0.0097,-0.0277,0.9756,-0.0395,-0.0155,-0.4829,-0.0434,0.0107,1.3865,-0.0112,-0.0061,-0.0035,-0.0005,0.0257,0.0038,0.0088,-0.002,-0.0009,-0.0158,-0.0038,0.0157,0.0013,-0.0007,0.0214,0.0025,0.0004,-0.0063,0.0037,0.0042,,
167,5227,108,2,sitting,-0.0042,1.291,-0.0034,0.0023,-0.0045,,,,,,,,,,,,,,,,,,,,,,,,,,,,,,,
168,5228,108,2,sitting,-0.0049,1.278,-0.0168,0.0285,-0.0115,0.015,-0.0341,-0.9398,0.0469,-0.0381,0.4507,0.0149,-0.0571,0.1648,-0.0036,0.0222,-0.0032,-0.0052,0.0099,0.0066,-0.0025,0.0063,0.0112,-0.0077,0.022,-0.0009,0.0274,-0.0008,0.0029,0.0124,0.0023,-0.0088,-0.0018,0.0154,0.0004,0.0078
169,5229,108,2,sitting,-0.0047,1.3147,-0.0115,0.0378,-0.0226,-0.0047,-0.0263,-0.917,0.0553,-0.036,0.4823,0.0438,0.044,0.2996,-0.0217,-0.0078,-0.0027,-0.0137,0.0114,0.0025,0.0151,-0.0033,-0.0073,-0.0163,0.0123,0.0007,0.0308,0.0028,0.0119,-0.0035,0.0077,0.0112,0.0115,0.0028,-0.0042,-0.0037
170,5230,108,2,sitting,-0.0079,1.4168,-0.0171,0.0373,-0.0155,0.0109,-0.0195,-1.024,0.026,-0.0383,0.4721,0.023,0.0322,0.7554,-0.0028,-0.018,-0.0023,-0.0046,0.0175,0.0089,0.0127,0.0044,0.012,-0.0073,0.0106,0.0045,0.0112,0.0046,0.0002,-0.0261,0.0028,0.015,0.0032,0.0047,-0.0064,0.0032
171,5231,108,2,sitting,-0.0121,1.3476,-0.0093,0.0132,-0.0093,0.0005,-0.0295,-0.9199,0.0538,-0.0292,0.4813,0.031,0.0455,0.3621,-0.0073,-0.001,-0.0026,-0.0043,0.0155,0.0007,-0.0088,-0.0024,-0.0157,-0.0057,-0.0056,0.0021,0.0276,0.0017,-0.001,0.0233,-0.0007,0.0051,0.0132,0.0032,-0.0044,0.0
172,5232,108,2,sitting,0.0228,0.0104,-0.0041,-0.0037,-0.0026,0.0112,0.0107,-0.0166,-0.0073,-0.0002,-0.028,-0.0132,0.0132,-0.0442,0.0158,-0.0131,-0.0087,-0.0055,-0.0055,-0.0106,-0.0047,0.0066,0.0038,0.0007,0.0002,0.0123,-0.002,0.008,0.0106,0.0065,-0.0017,0.0036,0.0053,0.0035,0.0,
173,5233,108,2,sitting,-0.0097,1.3016,-0.0032,0.0242,-0.001,-0.0062,-0.0366,-0.8733,0.0455,-0.027,0.4068,0.0142,-0.0095,0.0,,,,,,,,,,,,,,,,,,,,,,
174,5234,108,2,sitting,-0.0009,1.2943,-0.0006,0.0265,-0.0013,-0.0047,-0.0135,-0.7736,0.0424,-0.035,0.3551,0.0083,-0.0334,1.0591,-0.0062,-0.0116,0.0119,0.0122,0.004,0.0071,-0.0026,0.0075,-0.0007,0.0073,-0.0035,0.017,0.0045,0.009,0.0087,-0.0032,0.0007,0.0222,0.0019,0.0048,0.0,
175,5235,108,2,sitting,-0.007,1.419,-0.0056,0.0158,-0.0031,0.0125,-0.0165,-1.2592,0.0428,-0.0256,0.6157,0.0404,-0.0,,,,,,,,,,,,,,,,,,,,,,,
176,5236,108,2,sitting,-0.0041,1.2978,-0.0097,0.0151,-0.0092,-0.0045,-0.0308,-1.1874,0.025,-0.0286,0.5858,-0.0509,-0.0129,0.5678,-0.0098,0.0254,-0.0073,0.0003,0.005,0.0171,-0.0057,0.0125,0.0068,0.0138,0.0115,0.0106,0.0075,-0.0009,0.0237,0.0064,0.0027,0.012,0.0021,0.0024,0.0026,0.0056
177,5237,108,3,standing,-0.0049,-0.7365,0.002,-0.0141,0.0037,0.0047,-0.0186,0.5675,-0.0254,-0.0167,-0.2836,-0.0225,0.023,-0.2888,-0.0147,-0.0121,-0.0102,0.0061,0.002,-0.0039,0.0,0.0043,-0.0057,-0.0024,0.0051,0.0011,0.0029,0.0043,0.0028,0.0043,-0.0008,-0.001,0.0043,0.0028,0.0018,0.0001
178,5238,108,3,standing,-0.0021,-0.7352,0.0049,-0.0143,0.0078,0.002,-0.0036,0.3774,-0.025,-0.0062,-0.1705,-0.0148,-0.0322,-0.3887,-0.0148,-0.0143,-0.0317,0.0116,0.0156,-0.0023,-0.0022,0.0131,0.0079,-0.0037,0.002,0.0007,0.0049,0.0003,-0.0003,0.005,0.0041,-0.0038,0.0,,,
179,5239,108,3,standing,0.0048,-0.596,-0.011,-0.0101,-0.0062,0.0156,-0.0029,-0.0058,-0.0006,-0.0118,-0.008,0.0076,-0.0073,-0.0047,-0.0066,0.0067,0.0131,0.0045,-0.0085,-0.002,-0.0022,0.0135,0.0023,-0.0041,0.0038,-0.0021,0.0075,0.0006,-0.0088,-0.0035,0.0002,0.0071,-0.0008,-0.0018,-0.0,
180,5240,108,3,standing,-0.0034,-0.7248,0.0002,0.0027,0.0077,-0.0267,-0.0146,0.6834,-0.0427,-0.0062,-0.3488,-0.0425,-0.0456,-0.4303,-0.0184,0.0035,-0.02,0.0118,0.01,0.0019,-0.0152,0.0003,-0.0034,-0.0036,0.017,-0.0096,0.0099,0.007,0.004,0.0017,-0.007,0.0063,0.0007,0.0037,-0.0,
181,5241,108,3,standing,-0.0179,-0.0172,-0.0017,-0.0028,-0.002,0.0025,0.0075,0.0111,-0.0047,-0.0028,0.0018,-0.0088,0.0107,-0.0014,0.0241,-0.0062,-0.0014,0.0145,-0.0,0.0165,0.0063,-0.003,0.0018,0.0106,0.0082,0.0004,-0.0057,0.0079,-0.0013,0.0331,-0.0023,0.0066,0.0136,0.0011,-0.0032,0.0028
182,5242,108,3,standing,-0.0137,0.0067,0.0005,-0.0023,0.0008,0.0111,-0.0027,0.0045,0.0057,0.0043,-0.0027,-0.0014,0.0027,0.0118,-0.002,0.0163,-0.0056,0.0018,-0.0024,-0.0012,-0.0002,-0.0009,0.0013,-0.0041,0.0006,0.0015,-0.0,0.0023,-0.0028,-0.0017,0.0011,-0.0038,0.0036,0.0027,0.0,
183,5243,108,3,standing,,,,,,,,,,,,,,,,,,,,,,,,,,,,,,,,,,,,
184,5244,108,3,standing,-0.0102,-0.7655,-0.0058,-0.0129,-0.0152,-0.0231,-0.0182,0.5117,0.0323,-0.0146,-0.2747,-0.0473,0.0609,-0.2326,-0.0282,-0.0238,0.0285,-0.0235,0.0057,0.0056,-0.0012,-0.0115,0.0273,0.0176,0.0204,-0.0156,0.0131,-0.014,0.0264,0.0004,-0.0155,0.0012,-0.007,0.003,-0.0071,0.0037
185,5245,108,3,standing,-0.0029,-0.7413,0.0074,0.0165,0.0145,-0.0147,0.0057,0.5474,-0.0412,-0.0094,-0.2631,-0.0315,0.0236,-0.2307,-0.0059,-0.0072,0.0059,0.0245,-0.0158,0.0125,0.0057,-0.007,0.0122,-0.0065,0.0033,0.0128,0.0076,0.0135,-0.0161,-0.0015,-0.0088,0.0002,-0.0049,0.0019,0.01,
186,5246,108,3,standing,0.021,-0.0022,0.0122,0.0047,0.0024,-0.0001,0.0055,-0.0266,0.0016,0.0006,0.0177,0.0057,0.0161,-0.0107,0.0167,0.0011,0.0047,-0.0038,0.002,0.0046,0.0036,0.0046,0.0005,-0.0073,-0.0006,0.012,0.0012,0.0023,0.0002,-0.0052,-0.0011,0.0013,0.0007,0.0172,0.0,
187,5247,108,3,standing,0.0015,-0.7724,0.0014,0.0074,-0.0115,0.0164,0.0018,0.6186,-0.0315,0.0003,-0.3413,-0.0515,0.0176,-0.3904,0.0073,0.0011,0.004,-0.003,0.0328,0.0072,-0.0042,-0.0102,-0.0185,-0.0056,-0.0066,0.0145,0.0028,-0.0009,0.0,-0.0035,0.0058,0.0011,0.0018,0.0008,0.01,
188,5248,108,3,standing,-0.0038,-0.001,0.001,-0.0011,-0.005,-0.0001,0.0051,-0.0105,-0.0044,-0.0013,0.0025,-0.0051,-0.0007,0.0011,-0.0001,0.0015,0.0004,-0.0037,-0.0016,-0.0006,-0.0001,0.0013,0.0021,0.0008,0.0017,0.0002,0.0011,0.0008,0.0001,0.0047,0.0021,-0.003,-0.0012,0.0,-0.0,
189,5249,108,3,standing,-0.0171,-0.7555,0.018,0.0006,0.0004,-0.0177,0.0162,0.5578,-0.0366,-0.0211,-0.2717,-0.037,-0.0608,-0.2804,-0.0122,-0.0162,-0.0159,-0.0134,0.0179,-0.014,0.0073,0.0125,-0.0123,0.0048,-0.0141,-0.0027,0.0042,0.006,0.0174,0.0017,-0.0037,0.0255,0.0037,0.0176,0.01,
190,5250,108,3,standing,0.0063,0.002,-0.0044,0.0186,0.0108,0.006,0.0017,0.023,-0.0064,0.0041,-0.0132,0.0064,-0.0052,-0.0054,0.0028,0.001,0.0074,0.007,0.0035,-0.0071,0.0134,0.0044,0.0061,-0.0117,0.006,0.0024,0.0068,0.0078,-0.0067,0.0008,-0.0054,-0.0044,0.0003,0.0009,0.0005,0.0003
191,5251,108,3,standing,-0.0067,-0.7539,-0.0042,-0.0144,,,,,,,,,,,,,,,,,,,,,,,,,,,,,,,,
192,5252,108,3,standing,-0.0097,-0.6624,0.0038,0.0048,0.0122,-0.0107,0.0,,,,,,,,,,,,,,,,,,,,,,,,,,,,,
193,5253,108,3,standing,-0.0047,-0.7794,-0.0028,0.0115,-0.0036,-0.0145,0.0254,0.5707,-0.0295,-0.0058,-0.2644,-0.0472,-0.0268,-0.2945,-0.0029,0.0187,0.0146,-0.0167,0.0119,0.01,-0.0056,-0.005,-0.0017,-0.0107,-0.0054,-0.0013,-0.0009,0.0236,0.0131,-0.0075,0.0028,0.0118,-0.0014,-0.0043,0.0018,-0.0045
194,5254,108,3,standing,-0.0331,-0.7265,0.0212,-0.0084,0.0208,-0.0124,-0.0325,0.7528,0.0428,-0.0063,-0.3614,-0.0626,0.061,-0.2846,0.0041,-0.0035,0.0157,0.0133,0.0013,-0.0073,-0.0028,0.0007,0.0019,-0.0001,-0.0028,0.0105,0.007,0.0144,-0.0057,0.0076,-0.0032,0.0013,-0.0063,-0.0014,-0.0,
195,5255,108,3,standing,-0.0045,-0.0061,-0.0023,0.0024,0.0055,0.001,0.0002,0.0044,-0.0013,0.0002,-0.0016,0.0004,0.0036,-0.0015,0.0045,0.0002,-0.0032,0.0022,-0.0024,0.0016,0.0005,0.0043,0.0005,0.0008,0.0014,0.002,0.0001,-0.0014,0.0001,0.0016,-0.001,-0.0002,0.0005,-0.0022,0.0,
196,5256,108,3,standing,-0.0072,-0.7493,0.0089,0.0116,0.0014,-0.0168,0.0264,0.3722,-0.0217,-0.0142,-0.1697,-0.0474,-0.044,-0.4857,0.0245,-0.0046,0.0334,-0.0136,0.0038,-0.0017,0.0089,0.0117,-0.0147,0.0256,-0.006,-0.0007,-0.0078,-0.0243,-0.0222,0.0327,0.0118,-0.0045,-0.0015,-0.0112,0.02,
197,5257,108,3,standing,-0.0049,0.7659,-0.001,0.0229,0.0021,-0.018,0.0125,0.5559,-0.0313,-0.0048,-0.2625,-0.0455,-0.0082,1.3201,-0.0087,-0.0006,-0.0089,0.0162,0.0046,0.005,0.0113,0.0072,-0.0002,0.0285,0.006,0.0127,-0.0044,0.0025,0.0041,0.0141,-0.0028,-0.0032,-0.0021,-0.0027,0.01,
198,5258,108,3,standing,0.0107,-0.0388,0.0055,-0.006,-0.0087,0.0072,0.0002,0.0003,0.0001,0.0003,-0.0013,0.0063,0.0002,0.0008,-0.007,0.0076,-0.0028,-0.0037,-0.0002,-0.0011,0.0022,0.0045,0.0025,-0.006,0.002,-0.0052,0.0032,0.0022,0.0042,0.0048,0.0055,0.0058,-0.0012,0.0015,-0.0,
199,5259,108,3,standing,-0.0067,-0.6449,0.0102,-0.0039,0.0085,-0.0165,0.037,0.4203,-0.027,-0.0186,-0.1955,-0.0428,-0.0144,-0.2333,-0.0028,0.0007,0.0018,0.0034,-0.014,0.005,-0.0083,0.02,0.006,-0.0058,0.0136,-0.0008,-0.0067,-0.0152,0.0248,-0.0053,0.0013,-0.0018,0.0008,0.0007,,
200,5260,108,3,standing,-0.0072,0.7309,0.0012,-0.0246,-0.0028,-0.0055,0.0157,0.7776,0.0015,0.0002,-0.3531,-0.047,0.0001,1.4536,-0.0006,-0.0025,-0.0022,0.0122,0.0059,0.0009,0.007,0.0022,0.0,0.0023,0.002,0.0026,0.0034,0.006,0.0014,0.0186,0.0007,-0.0002,0.0044,0.0001,0.0,
201,5261,108,3,standing,-0.0026,-0.719,-0.0008,-0.0104,-0.0031,-0.0048,0.0025,0.5417,-0.0097,-0.003,-0.258,0.0076,0.0015,0.0192,-0.0013,0.0053,0.0013,0.0083,-0.0021,0.0006,-0.0046,-0.0034,0.0007,0.002,0.0026,0.0001,0.0047,-0.0008,0.0038,0.0,0.0027,0.0042,0.0005,-0.0044,0.0,
202,5262,108,3,standing,-0.0013,-0.0006,-0.0028,0.0121,-0.0051,0.0054,0.002,-0.0077,-0.0017,0.0085,-0.0076,-0.0062,0.0017,-0.0111,-0.0033,0.0025,-0.0022,0.0012,-0.0066,-0.0008,-0.0057,0.0004,0.0033,0.0011,-0.0006,0.0015,-0.0012,-0.0001,0.0052,-0.0006,0.0,0.0027,0.0026,0.0025,0.0,
203,5263,108,3,standing,-0.0047,-0.7393,0.0057,-0.0053,-0.0143,-0.0056,0.0016,0.4628,-0.0318,-0.0137,-0.2302,-0.039,-0.0467,-0.2586,-0.009,-0.0108,-0.0078,-0.0025,0.0177,0.0074,0.0063,-0.0063,-0.0027,-0.0106,-0.0026,-0.0045,-0.0016,-0.0028,-0.0054,-0.0047,0.0021,0.0053,-0.0026,-0.0001,0.0,
204,5264,108,3,standing,0.0105,-0.0076,0.0107,0.0089,0.0058,0.0144,0.0111,-0.0205,-0.0063,0.0033,0.0077,0.0074,0.0023,-0.0284,0.0045,0.0066,0.0003,0.003,0.0044,0.0,0.0003,0.0027,-0.0066,0.0005,0.002,0.011,-0.0047,0.014,0.0006,0.0013,0.0026,0.0031,0.0043,0.0068,0.003,-0.003
205,5265,108,3,standing,0.0005,0.0028,0.0003,-0.0016,0.001,0.0025,0.0013,-0.0071,0.002,0.0026,-0.0005,0.0017,-0.0016,0.0124,-0.003,0.0005,0.0015,-0.0007,0.0015,-0.0021,0.0021,0.0002,-0.001,0.001,0.0004,-0.0012,0.001,0.0018,0.0011,0.0004,-0.0023,0.0004,0.0013,0.0012,-0.0,
206,5266,108,3,standing,0.0065,-0.7107,0.0048,0.0085,0.0025,0.0037,0.0028,0.531,0.0132,-0.0176,-0.226,0.0177,0.0022,-0.0077,-0.0078,0.0338,0.0226,0.0006,0.005,0.0,0.011,0.0018,-0.0017,0.0013,0.0165,0.0,0.0105,0.0181,0.0004,0.0142,-0.0021,0.0031,-0.0024,-0.0065,0.0121,
207,5267,108,3,standing,-0.0055,-0.7323,0.0087,-0.0131,-0.0057,-0.0076,0.0078,0.6448,-0.018,-0.0105,-0.2838,-0.058,-0.0006,-0.3007,-0.0053,-0.0175,-0.0014,0.0164,0.0103,-0.0018,-0.0002,-0.0048,0.002,0.0004,0.0086,0.0024,-0.0124,0.0126,-0.0016,-0.0017,0.0014,-0.0121,0.0034,-0.0052,0.01,
208,5268,108,3,standing,0.0115,-0.7477,-0.0047,0.0182,0.0018,0.0032,-0.0144,0.3858,-0.0192,-0.0028,-0.1777,-0.0262,-0.0218,-1.0435,0.0,-0.0048,0.0223,-0.0012,0.0067,0.0162,-0.0004,0.0141,-0.0075,-0.003,0.0213,-0.0002,0.0046,0.0151,0.0171,0.003,-0.0009,0.0243,-0.0004,0.0006,-0.0,
209,5269,108,3,standing,-0.0047,-0.7238,0.012,0.0105,-0.0042,0.012,0.029,0.9705,-0.034,-0.0153,-0.4612,-0.0575,-0.057,-0.2449,0.0131,-0.0028,-0.0072,0.0023,-0.0206,0.027,-0.0162,0.0076,0.0233,0.0114,-0.0054,0.005,0.0025,0.0166,0.0108,-0.0064,-0.0016,0.0221,0.0035,0.001,0.0118,0.001
210,5270,108,3,standing,0.0062,0.0073,0.0041,0.003,0.0088,0.002,0.0078,0.0041,0.0002,0.0066,0.0013,0.0041,0.0068,0.0025,0.0004,-0.0001,-0.0005,-0.0016,0.005,0.0027,-0.0025,0.0066,0.0017,0.0063,0.002,0.0008,0.0003,0.004,0.0024,0.0007,-0.0017,-0.0011,0.0005,0.005,-0.0,
211,5271,108,3,standing,-0.0139,-0.7404,0.0104,-0.0112,0.0114,-0.0032,0.0083,0.7291,-0.0384,-0.0111,-0.3565,-0.0416,-0.0482,-0.2623,-0.0013,-0.0007,0.0308,0.0042,-0.0227,0.0052,-0.0052,-0.0036,-0.0072,0.0143,-0.002,0.0045,0.0107,0.0224,-0.0029,0.015,-0.0028,0.0023,0.0052,0.001,0.0,
212,5272,108,3,standing,-0.0069,-0.7434,0.012,0.0172,0.0037,-0.0183,0.0298,0.7768,-0.0393,-0.0247,-0.3295,-0.0518,-0.0429,-0.2673,-0.0017,0.0202,-0.0093,-0.0049,-0.0079,0.0048,0.0183,-0.0042,-0.0168,0.0059,-0.0187,-0.0001,0.0043,0.0102,-0.0026,-0.0002,0.0044,-0.0025,0.0234,0.0015,0.0028,0.0032
213,5273,108,3,standing,0.0022,-0.7413,0.0014,-0.0002,-0.0034,0.0131,-0.002,0.9331,-0.0287,-0.0044,-0.4624,-0.0371,-0.0233,-0.2755,-0.01,0.0034,0.017,0.0016,0.0074,-0.0036,0.0001,-0.0002,0.0061,0.0023,-0.0009,-0.0147,0.0035,0.0027,0.0075,-0.0038,0.0118,0.0007,0.0006,0.0022,-0.0,
214,5274,108,3,standing,-0.0009,-0.681,0.0085,0.0136,0.0063,-0.0171,0.0175,0.8364,-0.0337,-0.0235,-0.4034,-0.0588,0.0139,-0.1908,-0.0111,-0.0157,-0.0047,0.0095,0.0253,0.0124,-0.0004,-0.0129,-0.0046,-0.0012,0.0134,-0.0026,0.0215,0.0057,0.0039,0.0107,-0.0035,-0.002,-0.0006,0.0006,-0.0062,0.0043
215,5275,108,3,standing,0.0243,-0.6665,0.0068,0.0147,0.0178,0.006,-0.0087,0.6647,0.0035,-0.0051,-0.1387,-0.0122,0.0025,-0.2645,0.0057,-0.0003,0.0151,0.0114,0.0017,-0.0056,0.0114,-0.0024,0.0084,0.0022,-0.0053,-0.0034,-0.0041,-0.0008,0.0148,0.0016,0.006,0.002,-0.0008,0.0033,-0.0,
216,5276,108,3,standing,0.0045,0.01,0.0006,-0.0082,-0.0046,-0.0009,-0.0134,0.0073,-0.006,-0.0167,-0.0068,-0.0047,0.0165,0.0107,-0.0013,0.004,-0.0017,0.0007,0.0116,0.0025,-0.0058,0.0024,-0.0034,0.0048,0.0022,0.0043,0.0022,-0.0023,0.006,0.0015,0.001,-0.0048,-0.0034,0.0132,-0.0,
217,5277,108,3,standing,0.0085,-0.7538,-0.0127,0.0047,0.0087,-0.0298,0.0126,0.489,-0.026,-0.0072,-0.1663,-0.0374,0.0195,-0.2725,-0.011,0.0077,0.0182,0.0194,-0.0047,-0.0027,-0.0107,0.0082,0.0005,0.0027,0.0131,0.0008,0.0142,0.0016,0.0015,0.0155,-0.0005,0.0055,0.0061,0.0017,-0.0,
218,5278,108,3,standing,-0.0046,-0.7229,-0.0036,0.0272,-0.0058,-0.0156,-0.0037,0.6384,-0.0371,-0.0076,-0.2637,-0.0288,-0.0125,-0.2382,-0.0039,-0.0025,0.0246,-0.0111,-0.0118,-0.0074,0.0123,0.003,0.0155,-0.0133,-0.0036,-0.0108,0.0148,0.0241,0.0046,0.0204,0.0032,0.0013,-0.0022,0.0172,-0.0,
219,5279,108,3,standing,-0.0046,-0.7369,0.0093,0.0108,0.0031,0.0168,0.0176,,,,,,,,,,,,,,,,,,,,,,,,,,,,,
220,5280,108,3,standing,-0.0009,-0.7402,0.0058,0.002,0.0057,-0.0158,0.0016,0.4931,-0.0274,-0.0187,-0.1911,-0.0352,-0.0323,-0.4794,0.0345,-0.0009,-0.0085,0.0125,0.0054,0.0235,-0.0032,0.0035,0.0043,0.0126,0.0034,0.0018,-0.001,0.0257,0.0076,0.0041,-0.004,0.023,0.0045,0.0023,-0.0,
221,5281,108,3,standing,-0.0084,0.007,0.0105,-0.006,0.0032,0.017,0.0107,0.0069,-0.005,0.0008,0.0017,-0.0028,0.006,0.0133,-0.0066,0.0125,0.0073,-0.0148,0.0045,0.0018,-0.0066,0.0103,0.0035,0.0014,0.0015,0.0066,0.0017,0.0031,0.0055,0.0044,0.0007,0.0029,0.0021,0.0046,0.0,
222,5282,108,3,standing,-0.0076,-0.0107,0.0112,0.0166,-0.0041,0.0124,-0.0115,-0.0158,0.0103,0.0068,-0.0008,0.0151,-0.0013,0.0226,0.0002,0.0021,0.0017,-0.0042,-0.0046,0.0026,0.0058,-0.0007,0.0002,0.0144,0.0025,0.0021,0.0037,-0.0047,0.0068,0.0002,0.0075,0.004,0.002,0.0036,0.0,
223,5283,108,3,standing,0.017,0.0234,0.0,,,,,,,,,,,,,,,,,,,,,,,,,,,,,,,,,
224,5284,108,3,standing,-0.0071,-0.6794,0.0168,-0.0223,-0.0002,0.0243,-0.0121,0.316,-0.0309,-0.0227,-0.1735,-0.0333,0.0383,-0.2642,0.0244,-0.0001,-0.0022,-0.0261,0.0236,0.0208,0.0186,0.0047,-0.0138,0.0216,0.0026,0.0265,0.0216,0.0224,-0.0185,0.0325,-0.0036,0.0324,0.0056,-0.0127,0.0059,0.0074
225,5285,108,3,standing,-0.0074,-0.7566,0.002,-0.0199,0.0056,-0.0263,-0.0243,0.7372,-0.039,-0.025,-0.3294,-0.0396,0.0233,-0.2904,-0.002,-0.0053,-0.0043,-0.0036,-0.0009,0.0095,0.0024,-0.011,-0.0064,-0.0124,0.0214,0.0007,-0.0057,-0.0041,-0.0258,-0.0046,-0.0085,-0.0045,-0.0007,-0.0048,0.0034,0.0055
226,5286,108,3,standing,0.0073,-0.678,0.0023,0.0034,-0.0084,0.0074,0.0043,0.9319,-0.0131,0.0004,-0.4816,0.014,-0.0013,-0.3548,-0.0012,-0.0065,0.006,0.005,-0.0031,0.0009,-0.0015,-0.0021,-0.0014,0.0064,0.0008,-0.0001,0.0191,0.0007,-0.0002,0.012,-0.0001,0.0014,0.0007,0.004,0.0,
227,5287,108,3,standing,0.0033,-0.0089,-0.0013,-0.0104,0.005,0.0124,0.0066,0.0005,0.0078,-0.0057,0.0089,0.0052,0.0116,-0.0101,-0.0007,-0.0025,0.002,0.0014,0.0101,-0.0044,0.0009,0.0012,0.003,0.0103,0.004,0.0037,0.0053,-0.0041,0.0054,-0.0058,0.0038,-0.0008,-0.0044,-0.0025,-0.0,
228,5288,108,3,standing,-0.0047,-0.7592,0.01,-0.0013,-0.0005,-0.0005,-0.0072,0.1706,-0.0255,-0.0092,-0.058,-0.0033,-0.0359,-0.2929,0.0161,-0.0053,0.0078,0.0,0.0038,-0.0015,-0.0134,0.0012,-0.0004,0.0134,0.0052,-0.0028,0.0117,-0.0,-0.0218,-0.0002,0.0144,-0.0012,0.0175,-0.0017,0.0053,-0.0041
229,5289,108,3,standing,-0.0041,-0.7468,0.0088,0.0082,0.0003,0.0017,-0.0013,0.2327,-0.0151,-0.0106,-0.1056,-0.0355,-0.0278,-0.4655,0.0277,0.0083,-0.0024,-0.004,0.0177,0.0016,0.0151,0.0052,0.0275,0.0082,0.0034,0.0054,0.007,0.0205,0.0028,0.002,-0.0122,0.0071,-0.0003,0.0115,0.003,0.0033
230,5290,108,3,standing,0.0017,-0.0227,0.0001,-0.0003,0.0024,0.0013,-0.0009,0.016,0.0004,-0.0004,-0.0024,0.0012,0.0045,-0.0221,0.0071,-0.0033,0.0053,0.0046,-0.0035,-0.0001,0.0041,0.0026,0.001,0.0036,-0.0024,-0.0013,0.003,-0.0034,-0.0016,0.0131,0.0025,-0.0009,0.0018,0.0008,0.0,
231,5291,108,3,standing,-0.0005,0.0008,0.002,0.0,0.0014,0.001,-0.0032,-0.0022,0.0003,0.0012,-0.0008,-0.0015,-0.0014,-0.0018,0.0003,0.0013,-0.0012,-0.0017,-0.0003,0.0022,-0.0011,0.0002,0.0003,0.0024,-0.0009,0.0012,0.0014,-0.0017,-0.0015,0.0013,-0.001,0.0011,-0.0021,0.0015,-0.0002,0.0021
232,5292,108,3,standing,-0.0024,-0.7781,-0.0004,0.0279,-0.008,-0.0224,0.0083,0.5977,-0.0457,-0.0232,-0.2932,-0.0548,-0.0021,-0.2952,-0.0009,-0.0133,-0.0008,-0.0013,-0.0018,-0.0025,-0.0007,-0.0055,-0.0004,-0.0001,0.0034,0.0006,0.004,0.0013,-0.0011,-0.0013,0.004,0.0011,-0.0002,-0.0033,0.0026,0.0001
233,5293,108,3,standing,0.0031,-0.6995,0.0007,0.0104,0.0011,-0.0011,0.02,0.6166,-0.0283,0.0011,0.2511,-0.0112,0.0235,-0.2341,-0.0042,0.0004,-0.0074,0.0043,0.0018,0.0056,-0.0009,0.0063,-0.0027,0.0034,0.0008,0.0009,-0.0011,0.0035,0.0045,0.0,0.0037,0.0028,0.0036,0.0038,-0.0,
234,5294,108,3,standing,-0.0047,-0.7562,-0.0034,-0.008,-0.0075,-0.001,0.0263,0.6873,-0.0279,-0.0185,-0.3293,-0.0515,0.0456,1.2715,-0.0246,-0.0026,0.0002,-0.0044,0.0227,0.0063,0.0003,0.016,-0.0051,0.022,0.0145,-0.0032,0.0147,-0.002,-0.0028,-0.0051,0.0015,0.0234,0.0006,-0.0124,-0.0034,-0.0034
235,5295,108,3,standing,-0.0064,0.7158,-0.0158,-0.0082,-0.0007,-0.0282,-0.0166,0.0167,-0.0025,-0.0162,-0.0564,-0.0059,0.0425,0.8351,-0.0253,0.0105,-0.0038,0.0019,0.0023,0.0063,0.0006,0.0044,0.0171,0.0168,-0.0038,-0.0074,0.017,0.0276,-0.0107,0.023,-0.0012,-0.0164,0.0045,0.0046,-0.0012,0.0016
236,5296,108,3,standing,0.0013,-0.0076,-0.0006,0.0073,0.0032,0.0051,0.0003,0.0244,0.0005,0.0021,0.0026,0.0028,0.0035,-0.002,0.0008,0.0041,0.001,0.0044,-0.0021,0.0028,0.0036,0.0041,0.0017,0.0011,0.0044,0.001,0.0016,0.0001,0.0025,0.0022,-0.002,0.0024,0.003,0.0011,-0.0,
237,5297,108,3,standing,-0.0018,0.0148,-0.0012,0.0031,0.0024,-0.0006,-0.0025,-0.0121,0.0053,-0.002,0.0143,0.0017,-0.0018,-0.001,-0.0001,-0.0031,0.0005,0.0015,-0.0024,0.0014,-0.0036,-0.0025,0.0043,0.0024,-0.0013,0.0031,-0.0031,0.0035,0.0028,0.0004,-0.001,0.0002,0.0018,0.0022,0.0,
238,5298,108,3,standing,-0.0175,1.3004,-0.0256,-0.0436,-0.0212,-0.0115,-0.0104,-0.6772,0.0057,-0.0146,0.3156,-0.0128,0.013,0.4441,-0.0155,0.0077,-0.0152,0.0249,0.0228,0.0045,-0.0148,0.0228,-0.0223,0.0109,0.0118,0.0116,-0.0173,0.0124,0.0146,0.0162,0.0165,0.0066,-0.0088,0.0074,0.0014,0.0066
239,5299,108,3,standing,-0.0064,0.7447,-0.0033,0.0197,-0.004,-0.007,-0.0061,-0.2958,0.0243,-0.0188,0.126,0.026,-0.0234,1.423,-0.0033,0.017,-0.0083,-0.0112,-0.0004,0.0258,-0.01,0.0224,-0.0061,0.0273,0.0084,-0.0034,-0.0075,-0.0005,-0.0014,0.0126,0.0005,0.0111,0.0015,0.0043,-0.0004,0.0002
240,5300,108,3,standing,-0.0077,-0.7419,0.0062,0.0008,0.0028,-0.0141,0.0284,0.7837,-0.0307,-0.0131,-0.3377,-0.0582,0.0535,-0.2574,0.0138,0.0009,0.0066,0.0176,-0.0027,0.0146,-0.0069,-0.0031,0.0166,-0.0084,-0.0024,0.0177,0.01,0.0012,-0.0131,0.0029,0.0022,0.0068,-0.0077,0.0038,0.0,
241,5301,108,3,standing,-0.0049,1.3277,-0.0043,0.0259,-0.0145,-0.0238,0.0055,-0.6834,0.0389,-0.0335,0.3675,0.0145,-0.0172,0.2821,-0.0146,0.0055,-0.0042,0.0067,0.0062,0.0036,-0.0012,0.007,-0.0074,0.0111,-0.003,0.0057,0.0166,0.0108,0.0124,0.0153,-0.0073,-0.001,-0.0062,0.0151,-0.0044,-0.0016
242,5302,108,3,standing,-0.0112,-0.7572,0.0212,-0.0192,-0.0025,0.0164,0.0108,0.6913,-0.0381,-0.0134,-0.33,-0.0557,0.0193,-0.2714,0.0142,-0.0039,0.0022,-0.003,0.0114,0.0062,0.0004,-0.0162,-0.002,-0.0085,0.0002,-0.007,0.0135,-0.0027,0.018,-0.004,0.0042,0.0038,-0.0023,-0.006,-0.0,
243,5303,108,3,standing,-0.0047,-0.7924,0.0064,-0.0298,0.0028,-0.0155,0.0352,0.5319,-0.0389,-0.0267,-0.271,-0.0574,-0.0143,-0.3326,-0.0154,-0.0188,0.0039,0.0238,0.004,-0.0032,-0.0055,0.0074,0.002,0.0138,-0.0148,-0.0013,-0.0001,0.0227,0.0213,-0.0045,-0.0021,0.0226,0.0035,-0.004,-0.0,
244,5304,108,3,standing,-0.0085,0.7565,-0.002,0.0173,-0.0093,-0.0069,-0.0088,-0.2126,0.0289,-0.0267,0.1128,0.0312,-0.0261,0.4536,-0.0232,0.0117,-0.0251,0.019,-0.0081,0.0302,-0.0024,0.0009,0.0232,-0.003,-0.0016,0.0,0.0131,0.0038,-0.0104,0.012,0.004,0.0173,0.0055,0.0013,-0.0,
245,5305,108,3,standing,0.0056,-0.7598,0.0117,-0.0024,0.0041,0.0034,0.0032,0.478,0.0238,-0.0107,-0.1997,0.0004,0.028,-0.2436,-0.0046,0.0023,-0.0025,0.0025,0.0038,0.0027,0.0004,0.0001,0.0012,-0.0054,-0.0016,0.0007,0.0,-0.0007,0.0058,0.0005,-0.0025,-0.0023,0.0014,0.0025,0.0,
246,5306,108,3,standing,-0.0047,-0.7796,0.0114,0.0016,0.0026,-0.0051,0.0167,0.5258,-0.0343,-0.0023,-0.2677,-0.0448,-0.0346,-0.276,0.0025,0.0036,0.0038,0.0024,0.0067,0.001,-0.0015,-0.0003,-0.002,-0.0004,0.0016,-0.0023,0.0138,0.0147,0.0116,0.0006,-0.0061,-0.0056,0.0033,-0.0016,0.0,
247,5307,108,3,standing,-0.0054,1.3,-0.0082,0.022,-0.0082,-0.0113,0.0053,-0.4275,0.0369,-0.0407,0.2018,-0.0326,0.0189,0.9432,-0.0147,-0.0103,-0.0003,-0.0143,0.0249,-0.0078,-0.0028,-0.0025,-0.0027,0.0021,0.0158,-0.0035,-0.0044,0.0046,-0.0021,-0.0034,0.0105,0.0001,-0.005,0.0021,0.0013,0.0044
248,5308,108,3,standing,0.0011,-0.0254,-0.0055,-0.01,-0.0035,0.0028,0.0,-0.0048,0.0018,-0.0162,-0.0024,-0.0002,-0.0123,-0.0218,-0.0034,0.0066,0.0031,0.0132,0.0022,0.0068,0.0026,-0.0068,0.0084,0.0058,-0.014,0.0041,-0.0055,-0.0075,0.0215,0.008,0.0021,0.0028,0.0014,0.0022,0.0015,0.005
249,5309,108,3,standing,-0.0098,0.6531,-0.0147,0.0242,-0.0084,0.0204,-0.0202,-0.2473,0.0452,-0.0468,0.1173,-0.0506,0.0084,1.3698,-0.0107,0.012,-0.0233,-0.0046,0.0135,0.0111,-0.006,-0.0073,-0.01,-0.0034,0.0171,0.0006,0.0084,0.0008,0.0019,0.0015,-0.0135,0.0102,-0.0006,-0.0,,
250,5310,108,3,standing,0.0003,0.0007,-0.0024,0.0033,-0.0012,-0.0034,-0.0022,0.0027,0.0015,-0.0011,0.0011,0.0017,0.0001,0.0003,-0.0025,0.0026,-0.0015,-0.0002,-0.0004,-0.0013,0.001,-0.0002,-0.001,0.0017,0.0002,0.0006,0.0024,0.0015,-0.0008,0.0011,-0.0027,-0.0012,0.0012,0.0028,0.0,
251,5311,108,3,standing,-0.0179,-0.7648,0.0062,0.0025,-0.0178,0.0184,0.009,0.8766,-0.0246,-0.005,-0.4039,-0.0463,-0.01,-0.2572,-0.0017,-0.0037,-0.0177,0.0144,0.0138,0.002,0.0083,-0.008,0.0366,-0.0078,0.0076,-0.0054,0.02,0.0,-0.0122,0.0012,-0.0145,0.0049,0.0077,0.0036,0.0086,-0.0036
252,5312,108,3,standing,-0.0103,-0.6844,-0.0017,-0.0111,0.0021,0.0138,0.0224,0.7822,-0.0003,-0.0035,-0.3372,-0.0352,0.0336,-0.3051,0.0104,-0.0053,-0.0087,0.0008,0.015,-0.0012,0.0032,-0.0016,0.0104,-0.0025,0.0007,-0.0007,0.0167,0.0114,0.0157,0.0027,-0.0002,0.001,-0.0013,0.005,0.0,
253,5313,108,3,standing,-0.0046,1.2053,-0.0003,0.0042,0.0026,-0.0,0.0063,0.9782,0.0085,0.0032,0.4666,-0.0343,-0.0038,0.0008,0.012,0.0008,0.0026,-0.001,0.0064,-0.0024,-0.0003,0.0018,0.006,0.001,0.0001,-0.0021,0.0023,0.0021,0.0101,0.0,-0.0036,0.0016,-0.0012,0.0017,-0.0,
254,5314,108,3,standing,0.002,-0.0074,0.0001,0.0157,0.0035,-0.0045,-0.0066,0.0073,0.0013,0.0027,0.0037,0.0023,-0.0061,-0.005,-0.0067,0.0065,0.0076,0.0013,0.006,0.0038,0.0016,-0.0002,0.0025,0.0042,0.0043,0.0034,0.0065,0.0032,0.0046,-0.0024,0.0005,0.0002,0.0004,0.0051,-0.0026,0.0028
255,5315,108,3,standing,-0.0012,-0.771,-0.0008,0.0085,0.0048,-0.0049,-0.0185,0.9903,-0.0415,0.0252,-0.4998,-0.0586,0.049,-0.3312,-0.0252,0.0027,0.0286,0.0088,-0.018,-0.0111,0.0004,-0.0012,-0.0028,0.0004,-0.0005,-0.0132,0.0024,0.0145,0.0169,0.0057,-0.003,0.004,0.0038,0.0,,
256,5316,108,3,standing,-0.0094,-0.1084,-0.0074,0.0137,-0.0085,-0.0128,0.0051,0.0153,-0.0087,0.0104,-0.008,-0.0066,0.0037,0.0206,0.002,0.0063,0.0102,0.0026,0.0064,0.0038,-0.0076,-0.0107,-0.0036,0.0077,-0.0035,-0.0003,0.0008,-0.0151,-0.0035,-0.0112,-0.0013,0.0,-0.005,-0.0066,0.0061,0.0064
257,5317,108,3,standing,-0.0097,-0.7446,0.0066,-0.0259,-0.0016,-0.0127,0.0178,0.4444,-0.0331,-0.0046,-0.2036,-0.0545,0.0427,-0.1473,-0.014,-0.0003,0.0237,-0.0138,0.0154,-0.0035,-0.0084,-0.0138,-0.0045,-0.0012,-0.0224,-0.0016,0.0171,0.0328,0.0264,0.0143,0.0038,0.0187,-0.001,-0.0007,-0.0038,-0.0047
258,5318,108,3,standing,-0.0007,-0.7439,-0.0061,,,,,,,,,,,,,,,,,,,,,,,,,,,,,,,,,
259,5319,108,3,standing,-0.0046,-0.7156,0.0125,0.0057,-0.0155,0.0023,0.0012,0.9762,-0.0389,-0.0187,-0.4728,-0.0484,-0.0288,-0.2891,-0.0247,-0.0011,0.0269,0.0126,0.015,0.0288,-0.0004,-0.0012,-0.0174,0.0054,-0.0051,0.0061,0.0023,0.0342,0.0203,0.0167,-0.005,0.0255,0.0022,0.0084,-0.0025,0.0106
260,5320,108,3,standing,-0.0009,-0.7604,0.0057,0.0014,-0.0178,-0.0152,0.0176,0.4782,-0.0297,-0.0224,-0.1933,-0.0334,-0.0264,-0.3272,-0.0055,-0.0011,0.0375,-0.0164,0.0275,-0.0079,-0.0028,-0.0033,0.0279,-0.0003,0.0075,0.0034,0.0041,0.013,0.0047,0.0147,-0.0036,0.0137,0.0024,0.0108,-0.0032,0.0041
261,5321,108,3,standing,0.0167,0.0006,0.0001,-0.0038,,,,,,,,,,,,,,,,,,,,,,,,,,,,,,,,
262,5322,108,3,standing,0.0083,-0.0355,0.002,-0.0056,0.0046,-0.0061,-0.0021,0.0124,-0.0038,-0.0058,-0.0051,-0.004,0.004,0.0038,0.001,0.0047,-0.0042,-0.0053,-0.0065,-0.0023,0.0034,-0.0011,-0.0006,-0.0057,0.0032,-0.002,-0.0037,0.0015,0.0072,0.005,-0.0008,0.0107,-0.0009,0.012,-26.0,
263,5323,108,3,standing,-0.0047,-0.7445,0.0009,0.0106,-0.0017,-0.0077,0.0314,0.5973,-0.0363,-0.0138,-0.2742,-0.0537,-0.0183,-0.2933,-0.0095,0.0184,-0.0207,-0.0087,0.0229,0.0061,0.0144,0.0104,-0.0107,-0.0009,-0.0109,0.012,0.0066,-0.004,0.0227,-0.0043,0.0038,0.0134,0.0031,0.0122,0.0045,0.0025
264,5324,108,3,standing,-0.0079,0.8465,-0.0001,0.0299,-0.0036,-0.0127,-0.0016,-0.3637,0.0378,-0.0466,0.1717,-0.0267,-0.0249,1.2313,-0.0233,-0.0005,-0.0085,0.0206,0.013,0.0043,-0.0089,-0.0136,0.0008,-0.001,0.0176,0.0058,0.0077,0.01,0.0135,0.0021,-0.0075,0.02,0.0052,0.0053,-0.0103,0.0013
265,5325,108,3,standing,-0.0043,-0.7988,0.0084,-0.0192,-0.0056,0.0241,0.0195,0.6588,-0.0288,-0.0152,-0.3048,-0.0499,-0.0121,-0.2765,-0.0106,-0.0065,0.0224,-0.0151,-0.0012,0.0307,-0.0046,-0.0069,-0.0131,-0.0079,-0.0024,-0.0172,-0.0025,0.0175,-0.0039,0.01,-0.0004,-0.0073,-0.0041,0.0232,0.0016,-0.0007
266,5326,108,3,standing,-0.0094,-0.7748,0.0058,-0.0146,0.0076,-0.0065,0.0119,0.4622,-0.0337,-0.013,-0.191,-0.0437,-0.0246,1.1462,-0.0039,-0.0002,-0.0085,-0.0128,0.0062,0.0086,0.0016,-0.0137,-0.0035,-0.0056,-0.006,-0.0017,-0.0081,0.01,0.0018,-0.0054,-0.0014,0.0041,0.005,0.0002,0.0015,0.0001
267,5327,108,3,standing,-0.031,-0.4035,-0.0039,-0.046,0.0018,0.0085,-0.0057,-0.0703,0.0056,0.0057,-0.0482,0.0046,-0.0079,0.1035,0.0133,-0.001,0.0008,-0.0012,-0.0038,0.0018,-0.0078,0.0114,0.0007,,,,,,,,,,,,,
268,5328,108,3,standing,-0.0051,-0.0058,-0.0036,-0.0006,0.0108,0.0026,0.0147,-0.0042,0.0051,0.0001,-0.0032,0.0064,-0.005,-0.0027,-0.0027,0.005,0.0003,0.0126,0.0043,0.0,,,,,,,,,,,,,,,,
269,5329,108,3,standing,-0.0074,-0.7319,0.0108,0.0146,0.0011,0.0054,0.008,0.4547,-0.0255,-0.0034,-0.1977,-0.0224,0.0363,-0.2374,-0.0044,0.0114,0.0067,-0.0117,-0.0052,0.0046,0.0042,0.0087,0.0073,0.0036,-0.0047,0.0024,0.0055,0.0035,0.0024,0.0017,0.0025,0.0005,0.0023,-0.004,-0.0023,-0.0038
270,5330,108,3,standing,-0.0049,0.7558,-0.0063,-0.0036,-0.0102,-0.0052,-0.0083,0.3627,-0.0188,-0.0153,-0.18,-0.0308,-0.0461,1.3459,-0.0152,0.0136,-0.0155,0.0026,-0.0125,0.0151,0.0086,-0.0054,-0.0087,0.0211,-0.0107,-0.0004,-0.0088,-0.0032,-0.0001,0.0285,-0.0058,0.0109,0.0103,0.001,-0.0107,-0.0023
271,5331,108,3,standing,-0.0047,-0.6968,-0.0109,-0.0086,-0.0006,0.0145,0.019,0.7885,-0.0341,-0.0148,-0.3766,-0.0385,-0.0253,-0.426,-0.0187,-0.0023,-0.0033,-0.0067,0.0045,-0.0089,0.008,0.0174,0.0057,-0.0143,-0.0171,-0.0018,0.0327,-0.0174,-0.0221,-0.0112,0.0142,0.022,0.0044,-0.0062,0.0,
272,5332,108,3,standing,0.0015,-0.7399,0.0036,0.0007,-0.0055,0.0,0.0062,0.4182,-0.0101,-0.0192,-0.1961,-0.0437,0.0096,-0.2576,-0.0117,-0.0073,0.0054,0.0103,0.0093,0.0221,0.0053,-0.003,0.0025,0.0127,0.0038,0.0003,0.0108,0.008,0.0045,0.0236,-0.0015,0.0038,0.0045,0.0002,0.0,
273,5333,108,3,standing,-0.016,-0.7545,0.0104,-0.0026,0.0163,0.0021,-0.013,0.5348,0.0044,-0.0086,-0.2602,0.0083,-0.0141,-0.2635,0.0009,0.0007,0.0048,-0.0066,0.0185,-0.0111,-0.0023,-0.0016,0.0028,0.0013,0.011,-0.0014,-0.0038,0.0051,-0.0066,0.0131,0.0,0.0067,0.0009,0.0032,0.0118,0.002
274,5334,108,3,standing,-0.0041,-0.7695,0.0123,-0.0024,0.0053,-0.0136,-0.0115,0.9409,-0.0436,-0.0134,-0.4418,-0.0575,-0.0183,-0.3195,-0.0168,0.0122,0.0014,0.0147,0.0073,0.0185,-0.0007,-0.0052,0.0033,-0.0047,0.0078,-0.0058,0.0151,0.0245,-0.0089,-0.0046,0.0061,0.0008,0.0103,0.0028,0.0,
275,5335,108,3,standing,0.0085,-0.6266,0.0053,-0.0073,-0.0022,-0.0021,-0.0054,0.6652,-0.0104,0.004,-0.2163,-0.0044,-0.0127,-0.2715,-0.0008,0.0042,0.0017,0.0034,-0.0041,0.0053,0.001,0.0073,0.002,0.004,0.0031,-0.0004,0.0031,-0.0035,0.003,0.0006,0.0044,-0.0002,0.0008,-0.0001,0.0,
276,5336,108,3,standing,-0.0029,-0.7413,0.0022,0.0045,-0.0066,0.0086,0.023,0.4549,-0.0194,-0.0186,-0.2275,-0.0468,-0.0237,-0.3365,-0.0022,0.0228,0.0115,-0.0089,0.0089,-0.003,0.0073,0.0048,-0.0054,-0.0024,0.0037,0.0023,-0.0005,-0.004,0.0138,-0.0006,0.0145,0.0012,0.0006,0.0013,0.0037,0.002
277,5337,108,3,standing,36.0,-0.0038,2.0,18.0,256.0,-0.0038,,,,,,,,,,,,,,,,,,,,,,,,,,,,,,
278,5338,108,3,standing,-0.0002,0.0033,-0.0021,0.002,0.003,0.0041,0.0018,0.0011,0.0033,-0.0012,-0.0001,0.0001,0.0013,0.0065,0.0047,-0.0022,0.0025,0.0004,0.0008,0.0013,0.001,0.0007,0.0004,0.0042,-0.001,0.0004,0.0014,0.0012,0.0005,-0.0022,0.0012,0.0007,-0.0024,-0.0012,0.0,
279,5339,108,3,standing,0.0057,-0.7057,0.0024,0.0183,-0.0044,0.0079,0.005,0.6041,-0.0345,-0.018,-0.2495,-0.0366,-0.0143,-0.3975,0.0116,0.0068,-0.0034,0.0059,-0.0018,-0.0005,-0.004,-0.0023,0.005,0.0042,0.0153,0.0027,0.0007,0.0241,0.0056,0.002,0.0009,0.009,-0.0001,0.0065,-0.002,0.0015
280,5340,108,3,standing,0.0058,0.0027,-0.0038,0.0013,-0.0026,0.0021,0.0016,0.0154,0.0047,0.0015,0.011,0.0038,-0.0024,-0.001,-0.0064,-0.0043,0.0115,0.0018,0.0006,-0.0137,0.0042,-0.0025,0.0075,0.0005,-0.0002,0.0021,-0.001,-0.0058,0.0033,-0.0005,-0.0043,0.001,0.0033,-0.0006,0.0002,0.0014
281,5341,108,3,standing,0.0032,-0.656,-0.0019,0.0166,-0.0006,-0.0038,-0.0041,0.5137,-0.0187,-0.0004,-0.305,0.0114,-0.0105,-0.1832,0.0019,0.0021,0.0057,0.0053,-0.0076,0.0133,0.0045,0.0061,0.0007,-0.0005,-0.0014,-0.0002,0.0005,-0.0042,0.0048,-0.0014,0.0027,0.0001,0.0014,0.0021,-0.0,
282,5342,108,3,standing,0.0068,0.009,-0.0031,-0.004,0.0012,0.0011,0.0128,-0.0023,0.0057,0.0,-0.0066,0.0006,0.0004,-0.0113,-0.0038,0.0042,-0.0033,0.0027,0.0031,0.0032,0.0008,0.0021,0.0027,-0.0018,-0.0006,-0.0008,0.0,0.0006,0.0005,0.0034,-0.0024,-0.0008,0.0052,0.0008,0.0,
283,5343,108,3,standing,0.0049,0.0048,0.0049,0.0016,0.0031,0.0062,0.0061,-0.0009,0.0013,0.0036,0.0016,0.0066,0.0042,0.007,0.0026,-0.0008,0.0017,0.0041,0.0009,0.0008,0.0047,0.0024,0.0008,0.0016,0.0042,0.003,0.0,0.0057,0.0008,0.0016,0.0013,0.0001,-0.0007,0.0035,-0.0,
284,5344,108,3,standing,-0.0029,-0.7556,0.0001,0.0077,0.0066,0.0035,0.0057,0.3588,-0.015,-0.0099,-0.1706,-0.0149,0.0028,-0.2619,0.0122,-0.0073,-0.001,-0.0021,-0.0111,-0.0062,-0.0089,-0.0036,-0.0062,0.0047,-0.0056,0.0049,0.0038,0.0099,-0.0137,0.0142,0.0024,-0.0013,0.0003,0.0024,-0.0,
285,5345,108,3,standing,-0.0097,1.0174,-0.006,0.0122,-0.0089,0.0222,0.0176,0.4354,-0.0367,-0.012,-0.1912,-0.0475,-0.0256,-0.2703,-0.0182,-0.0031,-0.0238,-0.0126,0.0366,0.018,-0.0074,-0.0166,-0.0087,-0.0143,-0.0111,0.0014,0.0183,0.0234,-0.0262,-0.0077,-0.0126,0.0151,0.0073,0.0004,-0.0127,-0.0017
286,5346,108,3,standing,-0.0029,-0.7374,-0.0043,-0.0041,-0.0016,-0.0019,-0.0027,0.8958,-0.0387,-0.0118,-0.4466,-0.0471,-0.0013,-0.2974,-0.0051,-0.0118,-0.0278,-0.0061,-0.0255,0.0157,0.0075,-0.0005,-0.0087,-0.012,0.003,0.0031,0.0042,-0.0057,0.0148,0.0114,-0.0002,0.002,-0.0026,0.0035,0.0,
287,5347,108,3,standing,-0.0009,-0.7174,0.0009,0.0015,-0.0011,-0.0043,0.0235,0.7719,-0.035,-0.0111,-0.3393,-0.0586,-0.0458,-0.2547,0.0083,0.0147,-0.0134,-0.005,-0.0074,0.012,0.0128,0.0007,0.0148,0.0058,-0.0078,-0.004,0.0185,0.0117,0.0067,0.0012,0.0052,-0.0043,0.0037,-0.0005,0.0028,0.0002
288,5348,108,3,standing,-0.0049,-0.7521,0.0004,0.0017,-0.0128,-0.0158,0.0267,0.4479,-0.0289,-0.0257,-0.1934,-0.0375,-0.0476,-0.2458,0.0225,0.0052,0.0028,0.014,0.0286,0.0004,-0.0104,-0.0014,-0.0028,0.0,0.0014,0.0028,0.0047,0.0013,0.0115,-0.0042,0.0032,0.0156,0.0042,0.0017,-0.0078,0.0038
289,5349,108,3,standing,0.0072,-0.021,0.0025,-0.0027,0.0055,0.01,0.0002,0.036,-0.0011,-0.0033,-0.0015,-0.0004,0.005,-0.0033,0.0037,0.0013,0.0028,0.0038,0.0053,-0.0038,0.0015,0.003,0.0041,0.004,-0.0002,0.0012,-0.0011,0.0003,-0.0023,0.0034,-0.0024,-0.003,0.0012,-0.0027,0.0,
290,5350,108,3,standing,-0.0147,-0.7589,0.0,0.0087,0.002,-0.0286,0.0337,0.3245,-0.0346,-0.0056,-0.1555,-0.0315,-0.0145,-0.4221,0.0302,-0.0122,-0.0228,0.0074,-0.0263,0.0038,0.0029,0.0252,0.0073,0.004,-0.001,-0.0107,-0.0118,0.0231,-0.0211,-0.0005,0.0247,0.0037,0.0174,0.0127,0.0036,0.0023
291,5351,108,3,standing,-0.0191,-0.7413,0.0122,0.0018,0.0067,0.0042,0.0157,0.7821,0.0334,-0.0266,-0.2867,-0.0328,-0.0473,-0.2554,0.0173,-0.0003,0.0223,0.0221,0.0172,-0.0089,0.0014,-0.01,0.0224,-0.0019,0.0203,0.011,-0.007,0.0122,0.0246,-0.0075,-0.0066,-0.0043,-0.0055,0.0016,0.0019,0.0001
292,5352,108,3,standing,-0.0094,0.7708,0.0085,0.0163,-0.002,0.0124,-0.013,0.9827,-0.0354,-0.008,-0.4734,-0.0493,0.0126,-0.2797,0.0047,-0.0026,0.0025,-0.0071,0.0133,0.0033,0.006,-0.0038,0.0005,0.0007,0.0166,0.0043,0.003,-0.0068,0.0076,0.0172,0.0051,0.0155,-0.0002,0.0137,-0.0066,0.0022
293,5353,108,3,standing,0.0026,-0.0346,0.0448,0.001,0.0187,,,,,,,,,,,,,,,,,,,,,,,,,,,,,,,
294,5354,108,3,standing,-0.0077,-0.7902,0.0154,-0.0147,0.0105,-0.0193,0.0165,0.8703,-0.0319,-0.0177,-0.4631,-0.0549,-0.0288,-0.2832,-0.0082,0.0075,-0.0089,-0.012,-0.002,0.0246,0.0055,0.0047,0.0215,0.0106,-0.0024,0.0153,0.0182,0.0003,-0.0078,0.0365,-0.0007,0.0134,0.015,0.0023,-0.0,
295,5355,108,3,standing,-0.0074,-0.7939,0.0035,-0.0379,0.0179,-0.0119,-0.009,0.6337,-0.0419,-0.0253,-0.3277,-0.0517,0.0572,-0.2847,0.012,0.0044,0.004,0.0205,0.0052,0.0034,0.003,-0.0168,-0.0143,0.0163,0.0253,-0.0035,0.0066,0.0187,-0.0085,0.0104,0.004,0.0086,-0.0008,-0.0083,0.0,
296,5356,108,3,standing,-0.0076,0.0029,-0.0067,-0.005,-0.0025,0.0063,0.0105,0.0057,-0.0007,-0.0001,-0.0005,0.0107,-0.0008,0.0018,0.0026,0.0004,-0.0014,-0.0037,-0.003,-0.0021,0.0057,-0.0037,0.002,-0.0003,-5.0,-0.0023,0.0026,-0.003,0.0028,-0.0043,0.0025,0.0017,-0.0004,0.0052,0.0012,
297,5357,108,3,standing,-0.0088,0.0084,0.0101,-0.0056,0.004,0.0031,0.006,-0.0038,0.0134,0.0014,0.0003,-0.0003,-0.0062,0.0049,0.003,0.0103,0.0023,-0.0001,0.0032,0.0023,-0.0025,0.0066,-0.0002,0.005,-0.0009,-0.003,0.0028,0.0061,0.0032,0.0004,0.0057,-0.0014,0.0065,0.0033,0.0,
298,5358,108,3,standing,0.0046,-0.2734,0.0127,0.0164,-0.011,0.0116,0.016,-0.0106,0.0073,0.0122,-0.0052,0.0085,-0.0001,-0.0033,0.011,0.0022,0.0007,0.0048,-0.0018,0.0043,-0.011,0.0016,0.0106,-0.0054,0.0015,0.0072,0.0034,-0.0056,0.0135,0.0003,0.0177,0.0146,-0.0026,-0.0128,0.0015,0.0043
299,5359,108,3,standing,-0.0044,-0.7687,0.0077,-0.0249,0.0001,,,,,,,,,,,,,,,,,,,,,,,,,,,,,,,
300,5360,108,3,standing,-0.0049,-0.7663,-0.0043,-0.0037,-0.0017,-0.0043,-0.017,0.9634,-0.0186,-0.0054,-0.4158,-0.0333,-0.0458,-0.2645,-0.0138,-0.0112,0.0036,-0.003,-0.0018,0.0231,0.007,0.0065,-0.001,-0.0006,-0.0036,0.0017,0.0087,-0.002,0.0068,0.0014,0.0044,0.0034,0.0,0.0006,0.0023,0.0018
301,5361,108,3,standing,0.0057,-0.0433,0.0133,-0.0046,-0.0254,-0.0003,0.0039,0.0068,-0.0033,0.0045,0.0035,-0.0072,-0.0061,-0.0032,-0.0042,0.002,-0.0021,0.0033,-0.0012,0.002,0.0014,-0.0018,0.0025,0.0041,0.0006,0.0007,-0.002,0.0016,0.0035,0.0015,0.0004,0.0017,0.0018,-0.0004,0.0,
302,5362,108,3,standing,0.0001,-0.7251,0.0049,0.0007,0.006,-0.0021,0.0102,0.671,-0.0143,-0.0003,-0.2969,0.0146,-0.0055,-0.318,0.0112,-0.0005,0.001,0.0012,0.0011,-0.0032,0.0032,0.0025,0.0018,0.0014,0.0001,-0.0016,-0.0002,0.0137,-0.0012,0.0026,0.0027,0.0012,0.0027,-0.0017,0.0,
303,5363,108,3,standing,0.0004,-0.7003,0.0035,0.0025,-0.0103,-0.0086,-0.0105,-0.2639,0.011,-0.0107,0.1855,0.0288,-0.0075,-0.208,-0.0016,-0.002,-0.0056,0.003,0.0048,-0.0021,0.0005,0.0044,-0.0014,0.0036,-0.0017,-0.0018,0.0133,-0.0014,0.0127,0.0011,-0.0008,0.0005,0.0017,0.0008,0.0,
304,5364,108,3,standing,-0.0021,-0.6986,0.0198,0.0035,-0.0113,-0.0034,0.0211,0.4844,-0.0371,-0.0036,-0.2448,-0.0423,0.0265,-0.274,-0.0148,-0.0166,-0.0048,0.0099,0.008,0.0047,-0.0025,0.0114,-0.0071,0.0043,0.0112,-0.0019,0.0068,0.0031,0.0231,0.0081,-0.0018,0.0016,0.0106,0.0069,0.0,
305,5365,108,3,standing,-0.0049,0.747,0.0042,-0.0145,-0.0108,,,,,,,,,,,,,,,,,,,,,,,,,,,,,,,
306,5366,108,3,standing,-0.0049,-0.7703,0.0062,0.0012,0.0021,-0.0124,0.0183,0.847,-0.0418,-0.0181,-0.3667,-0.0479,-0.0306,-0.3299,-0.0027,-0.0003,-0.0086,-0.0131,-0.0016,-0.0063,0.0005,0.0118,0.0003,0.0135,0.0146,0.0013,-0.0008,0.0227,-0.0003,0.0276,-0.0037,0.016,-0.0058,-0.0012,0.0,
307,5367,108,3,standing,0.0206,0.0123,0.0009,-0.0144,-0.0016,0.0177,0.0065,-0.0064,-0.0114,0.0015,0.0173,-0.0005,0.0069,-0.0006,-0.0035,0.0016,0.0076,-0.0017,0.0063,0.0008,0.0127,0.002,0.0101,0.005,-0.0022,-0.0002,0.0047,0.0168,0.0017,0.0022,-0.0009,-0.0071,0.0005,-0.0166,-0.0065,0.0054
308,5368,108,3,standing,-0.005,0.0142,0.0102,0.01,0.0057,0.002,0.0069,0.0019,-0.0004,-0.0034,-0.011,0.0019,0.0009,-0.0086,0.0004,0.0073,-0.0015,-0.0057,0.0018,0.0026,0.0016,0.0001,0.0055,0.001,-0.0046,-0.0005,0.0002,0.0104,0.0024,0.0034,0.0005,0.0037,0.002,0.0064,-0.0,
309,5369,108,3,standing,0.0335,-0.0546,-0.0118,0.0049,0.0059,0.0113,-0.0049,0.0349,0.0238,-0.0132,0.0148,-0.0162,0.0236,0.0084,0.0037,0.0047,0.0033,0.0064,0.0036,0.0161,0.0064,0.0062,0.0113,0.0074,0.0036,0.0041,0.0054,0.003,0.0039,0.0031,-0.0076,-0.0048,0.0074,-0.0043,0.0,
310,5370,108,3,standing,0.0123,0.0057,-0.0032,0.0131,0.0121,0.0036,0.0024,-0.0079,0.0044,0.0116,-0.0011,-0.0033,0.0062,0.0012,0.0018,0.001,0.0141,0.0006,-0.0014,0.0012,0.0031,0.006,0.0064,0.0024,0.0006,0.0041,0.0046,-0.0034,0.0138,-0.0005,0.0105,0.0006,0.0065,0.0036,0.0,
311,5371,108,3,standing,-0.0094,-0.7545,0.0122,-0.0072,0.004,-0.0123,-0.0174,0.517,-0.0469,-0.0141,-0.2683,-0.0289,0.0516,-0.248,-0.0042,-0.0004,-0.0079,-0.0035,0.0315,0.0143,0.0038,-0.002,0.0068,0.0017,0.0022,-0.0023,0.0088,0.0089,0.0106,0.0168,-0.0008,0.0044,0.0122,0.003,-0.0024,0.0024
312,5372,108,3,standing,-0.0049,0.7217,0.0031,0.013,0.0033,0.0101,-0.0112,0.1763,-0.0104,0.0042,-0.0588,-0.0186,0.0,1.3479,-0.0016,0.0014,0.002,0.0001,-0.0023,0.0014,-0.0031,0.0035,0.0011,0.0008,-0.0016,0.0027,0.0022,-0.0023,0.0007,-0.0001,0.0011,0.0016,0.0004,-0.0016,0.0,
313,5373,108,3,standing,-0.0131,-0.7494,0.024,0.0024,-0.0128,0.0201,0.0069,0.624,-0.0322,-0.0215,-0.2924,-0.0423,0.0079,-0.2994,0.0034,-0.0086,0.0115,0.0178,0.0022,0.0172,0.0043,-0.0035,0.0238,0.0022,-0.0109,0.0126,0.001,0.0044,0.0047,0.0129,-0.003,0.0087,0.001,0.0064,-0.01,
314,5374,108,3,standing,0.0047,0.7625,-0.0032,0.0131,0.0011,0.0033,0.0156,-0.235,0.0224,0.0,0.1052,0.0016,-0.0053,1.1946,-0.0206,-0.0029,-0.0009,0.0044,0.008,0.002,0.0052,0.002,0.012,0.0046,-0.0008,0.0017,0.003,0.002,0.0011,0.017,0.0008,0.0018,0.0001,0.0015,0.0,
315,5375,108,3,standing,-0.0092,-0.7564,0.0171,0.0044,-0.0154,0.0146,-0.0383,0.5709,-0.0468,-0.0208,-0.2721,-0.048,-0.0468,-0.5466,0.0173,-0.0142,-0.0034,0.0058,0.0002,-0.0041,-0.0067,-0.0111,-0.003,-0.0043,0.0216,-0.0045,-0.0115,-0.0022,-0.0079,0.0147,0.0006,-0.0074,0.0215,0.0063,0.0,
316,5376,108,3,standing,-0.0139,1.2827,-0.0102,0.0234,0.0036,-0.019,-0.0346,-0.7632,0.0169,-0.0414,0.3615,-0.0247,0.0443,1.1965,0.0256,-0.0108,-0.0114,-0.005,-0.0035,0.0115,0.0071,0.0063,-0.0044,-0.0174,-0.0131,-0.0091,0.0065,0.0018,0.0127,0.0018,0.0231,0.0048,0.0074,0.0052,-0.0,
317,5377,108,3,standing,-0.0043,0.0103,0.0023,0.0023,-0.0008,-0.0046,0.0038,0.0044,-0.0035,-0.0005,-0.0006,-0.0028,0.0028,-0.0001,0.0031,-0.0038,0.0021,-0.005,0.0045,0.0015,0.001,0.0027,0.0004,0.0032,-0.0001,0.0035,-0.0021,0.0011,-0.0002,0.0006,-0.0036,0.0027,0.0001,0.0011,0.0,
318,5378,108,3,standing,,,,,,,,,,,,,,,,,,,,,,,,,,,,,,,,,,,,
319,5379,108,3,standing,-0.0119,-0.7725,0.034,0.0106,-0.0065,-0.0024,0.0127,0.5555,-0.0522,-0.0251,-0.2867,0.0029,0.0258,-0.2765,0.0143,-0.0124,0.0172,0.0017,0.0188,0.0007,-0.0102,0.0105,0.0003,0.0137,-0.0004,-0.0002,0.0257,0.0297,0.0017,0.0219,-0.0053,0.014,-0.0004,0.0178,0.0011,0.0002
320,5380,108,3,standing,0.0238,-0.0156,0.0057,0.0074,-0.0008,0.0137,0.0011,0.0168,-0.0024,0.0056,-0.0057,-0.0008,0.0151,0.0026,-0.0061,0.0016,0.0001,0.0148,0.0033,0.0003,0.0026,-0.0002,-0.0016,0.018,-0.0026,0.0061,0.0023,-0.0009,0.012,-0.0023,-0.0023,0.0134,0.0017,-0.002,-0.0,
321,5381,108,3,standing,-0.0047,-0.7365,0.0091,0.0,0.005,0.0025,-0.0294,0.4926,-0.0292,-0.0132,-0.1727,-0.0324,0.0294,-0.2819,0.0067,0.0103,-0.0202,0.0054,0.0017,0.0243,-0.0066,-0.0013,0.0036,-0.005,0.0012,0.0054,0.0031,-0.0132,0.0176,0.0041,-0.0056,0.0108,-0.0009,0.0148,-0.0012,0.003
322,5382,108,3,standing,-0.0097,-0.7496,-0.0012,0.0032,0.0023,-0.0247,0.0058,0.4934,-0.0427,-0.0155,-0.2484,-0.0486,0.0248,-0.1243,0.0045,0.0008,-0.0038,0.0125,-0.0032,0.0044,-0.0156,0.0028,0.0126,0.0067,0.0156,0.0056,-0.0065,0.0142,0.0028,-0.005,-0.0017,0.0226,-0.0009,0.0148,0.0,
323,5383,108,3,standing,-0.0094,-0.7435,0.0123,0.016,-0.0123,0.0014,-0.0364,0.5918,-0.0327,-0.0049,-0.2844,-0.034,-0.055,-0.2992,0.0091,-0.0053,-0.0018,-0.0003,0.0036,-0.0043,-0.0036,0.014,0.0143,-0.0017,-0.0037,0.0117,0.0108,0.0014,0.0086,0.0021,0.0011,-0.0021,-0.0056,0.003,-0.0006,-0.002
324,5384,108,3,standing,-0.0028,1.197,-0.0012,-0.0102,-0.0011,-0.0021,-0.0047,-0.9871,0.0534,-0.033,0.5333,0.012,0.0146,-0.2978,0.0112,0.0016,0.0008,-0.0009,0.0015,0.0011,0.0,-0.0022,0.0004,0.0003,0.0027,0.002,0.0057,-0.0022,0.001,0.0023,0.0011,-0.0025,0.0013,0.0003,-0.0,
325,5385,108,3,standing,0.0222,-0.0134,-0.0082,-0.0071,-0.0009,-0.0067,0.0002,0.0002,0.0003,0.002,-0.0043,-0.0014,-0.0027,-0.0053,-0.0023,-0.0126,-0.0012,-0.0018,-0.0006,-0.0056,0.0046,0.0044,-0.0032,-0.0044,0.0038,0.0047,-0.0016,0.0042,0.0048,-0.0007,-0.0006,-0.0054,0.0026,0.0022,-0.0,
326,5386,108,3,standing,-0.0043,-0.7709,0.0015,0.002,0.0024,0.0016,-0.0125,0.2574,-0.0175,-0.0043,-0.1041,-0.0355,-0.0106,-0.2336,-0.0025,-0.0028,0.0054,0.0027,0.0027,0.0047,-0.0015,-0.001,0.0002,0.0181,0.0031,0.0003,0.0188,0.0005,0.0122,0.0015,-0.0032,0.0087,0.0004,-0.0015,-0.0,
327,5387,108,3,standing,0.0124,0.0004,-0.0013,-0.006,-0.0072,0.012,-0.0101,0.0172,0.005,0.0077,0.013,-0.0022,-0.0053,0.0014,-0.0031,-0.0025,-0.0031,0.0017,-0.0003,0.0062,-0.0043,0.0124,-0.0038,0.0022,-0.0005,0.0053,-0.0027,0.0055,0.0009,0.0019,0.0035,0.0022,0.004,0.0014,-0.0004,0.0051
328,5388,108,3,standing,-0.0104,-0.7694,0.0141,-0.0328,0.0162,0.0019,-0.0357,0.2442,0.0163,0.0065,-0.1025,-0.0238,0.0449,-0.9439,-0.0163,-0.0137,-0.0009,-0.0156,0.0032,-0.0025,0.0061,0.0003,-0.022,-0.0037,-0.0027,-0.0034,0.0164,0.013,-0.0057,0.0318,-0.0004,-0.0138,0.0242,,,
329,5389,108,3,standing,-0.0074,-0.738,-0.0004,0.0179,-0.0131,0.0084,0.0094,0.7744,-0.0392,-0.0177,-0.3195,-0.0486,-0.0365,-0.2827,-0.0094,-0.0078,0.0102,-0.0054,0.0112,0.0122,0.0048,-0.0046,-0.0056,0.0024,0.0105,-0.0032,-0.0065,-0.0013,-0.0284,0.0128,0.0037,0.0156,0.0014,0.0015,-0.0011,0.0011
330,5390,108,3,standing,0.0004,0.0121,0.0003,0.0036,0.001,-0.0008,0.0026,0.0143,-0.0017,0.0022,-0.0002,0.0053,0.0011,-0.0073,-0.0008,0.001,0.002,0.0003,-0.0006,0.0008,0.0004,0.0008,0.0014,0.0021,0.001,0.0008,-0.0013,0.0008,0.0017,-0.0014,-0.0001,0.0035,0.001,-0.0001,-0.0,
331,5391,108,3,standing,-0.0073,-0.74,0.0181,-0.005,0.0131,-0.0086,-0.0241,0.3233,-0.0329,-0.0161,-0.1503,-0.0155,0.0496,-0.2679,-0.0154,-0.0064,-0.0175,0.0126,-0.0107,0.0088,-0.0059,0.0284,0.002,-0.0244,0.006,-0.0037,0.0284,0.0123,-0.0039,0.0016,-0.0078,-0.0001,0.0052,0.0047,0.0033,0.0062
332,5392,108,3,standing,-0.0074,-0.7453,0.0132,0.0089,0.0133,0.0027,-0.0265,0.3819,0.0305,-0.0376,-0.1677,-0.0329,0.0022,-0.2902,-0.005,0.0177,0.0014,-0.0106,0.0227,0.0134,-0.0135,0.0228,0.0054,-0.014,0.0049,0.002,0.0016,0.0014,0.0036,0.0007,0.0135,0.0023,0.0052,0.0052,0.0112,0.0037
333,5393,108,3,standing,-0.0016,-0.0021,-0.0006,0.0016,0.0003,-0.0014,0.0018,-0.0006,0.0014,0.0036,-0.0025,0.0022,-0.0036,-0.0016,0.0,-0.002,0.0023,0.0001,0.0034,-0.0014,-0.0028,-0.0001,-0.0023,0.0017,0.0016,0.0032,0.0016,-0.0005,0.0044,-0.0016,0.0034,-0.0007,-0.0003,0.0028,-0.0,
334,5394,108,3,standing,-0.0074,-0.7734,0.0162,0.0064,0.0114,-0.0263,0.0194,0.56,-0.039,-0.0043,-0.2824,-0.037,-0.0294,-0.2911,-0.0089,-0.0046,-0.0072,0.0068,0.026,0.012,-0.0009,0.0162,0.0067,-0.0042,0.0044,-0.0032,0.0051,0.0105,0.0055,0.0,0.0166,0.0,,,,
335,5395,108,3,standing,0.0025,0.7222,0.0032,-0.0046,-0.0068,0.0085,0.0001,0.255,0.011,-0.0224,-0.0446,0.0046,0.0011,-0.0181,0.0114,0.0027,0.0002,0.0005,0.0009,0.0022,-0.002,-0.0003,0.0004,0.0012,0.0001,0.0027,0.0035,0.0008,-0.0007,0.0043,0.0013,0.0024,0.0004,0.0017,0.0,
336,5396,108,3,standing,-0.0004,-0.7561,0.0061,0.0034,0.0016,0.003,0.0029,0.6212,-0.0252,-0.0074,-0.3301,-0.0342,0.0315,-0.1724,0.0036,0.0005,-0.0161,-0.0061,-0.0011,0.0168,0.0024,0.0063,0.007,0.005,-0.0006,-0.0003,0.0103,0.0022,0.0043,0.0054,0.0028,0.0007,0.0005,0.0002,-0.0006,0.0002
337,5397,108,3,standing,-0.0134,-0.7353,0.0258,0.0033,0.0061,-0.0062,0.0357,0.5639,-0.031,-0.0236,-0.2973,-0.0549,0.0112,-0.3223,0.0046,0.0152,-0.0044,0.0128,-0.0139,0.0038,-0.0025,0.0036,0.0012,0.0127,-0.016,0.0071,-0.0071,0.0146,-0.0084,0.0008,-0.0,0.0068,0.0004,0.005,-0.0031,0.0017
338,5398,108,3,standing,-0.0047,1.4176,0.0066,0.0021,-0.0032,-0.0077,-0.0143,-0.8488,0.0318,-0.0394,0.4125,0.0442,-0.0461,0.3182,-0.0108,-0.0053,0.0243,0.0185,-0.0115,0.0049,0.0048,-0.0051,0.025,0.0105,-0.0166,0.003,0.0127,-0.003,0.0187,-0.002,-0.012,-0.0066,-0.0003,0.0037,0.0,
339,5399,108,3,standing,-0.0078,-0.7559,0.01,-0.0055,0.0009,-0.0147,-0.0164,0.7129,-0.0404,-0.0177,-0.3035,-0.0355,-0.043,-0.2749,0.0059,-0.014,0.0084,-0.015,0.0202,0.0024,-0.0007,0.0076,0.0023,0.0002,0.0014,-0.0005,0.0011,0.002,0.0025,0.0005,0.001,0.0017,-0.0008,0.015,0.0,0.0046
340,5400,108,3,standing,-0.0156,-0.7112,0.0089,-0.0223,0.0004,0.0088,0.0076,0.471,-0.0136,-0.0022,-0.1869,-0.0298,0.0137,-0.1362,0.0002,0.0185,0.0035,0.0021,0.0215,0.0054,-0.0087,-0.0028,0.0046,-0.0008,-0.0153,0.0025,0.002,0.0203,0.0011,0.0,0.0,0.0146,-0.0023,0.0288,0.0,
341,5401,108,3,standing,-0.0093,-0.7648,0.0076,-0.0224,0.0056,-0.0227,0.0226,0.9656,-0.0415,-0.0014,-0.4626,-0.0486,-0.0394,-0.2486,-0.0117,0.0089,-0.0122,0.0243,0.0085,0.0022,-0.0008,0.0238,-0.0044,-0.0027,0.0251,0.0054,-0.021,0.0036,-0.0034,-0.008,-0.003,0.0087,0.0011,0.0145,0.0,
342,5402,108,3,standing,-0.0072,-0.7969,0.0023,-0.0177,0.0036,0.0117,0.0079,0.8858,-0.0406,0.0147,-0.4235,-0.0502,-0.0368,-0.3329,0.0201,-0.0116,0.0158,-0.0082,0.0122,-0.0001,-0.0088,0.0123,0.0047,0.0038,0.0019,0.0012,-0.0086,0.0272,-0.0101,0.0267,0.002,0.0043,0.0009,0.0022,0.006,0.0005
343,5403,108,3,standing,-0.025,-0.7657,0.0235,0.0063,0.0265,-0.0136,0.0046,0.617,-0.038,-0.0052,-0.2792,-0.0486,-0.043,-0.28,-0.0088,0.0189,0.0054,0.0206,0.0013,0.0183,0.0017,-0.0019,-0.0072,0.0133,-0.0012,-0.001,0.0215,0.011,0.0034,-0.0023,0.0012,0.0137,0.0004,0.018,,
344,5404,108,3,standing,-0.0078,-0.0027,-0.0025,-0.0043,-0.0045,0.0061,0.0133,-0.0085,0.0013,0.0045,-0.0053,-0.0038,-0.0071,0.0012,0.0023,0.0008,0.0047,-0.0044,0.0108,0.0035,0.0076,0.0027,0.0045,0.0001,0.01,0.0011,-0.0043,0.0061,0.0033,0.0018,0.0038,0.0035,0.0014,0.0043,0.0,
345,5405,108,3,standing,0.0071,0.001,-0.0032,0.0054,-0.0022,0.0005,0.0117,-0.0001,-0.002,0.003,-0.001,0.0035,-0.0024,0.0077,-0.0006,0.0028,-0.0003,0.0054,0.0002,-0.0015,0.0025,0.0024,0.0045,-0.0006,0.0021,0.0002,0.0008,0.005,0.0006,0.0,-0.004,0.0011,0.0,0.0025,0.0,
346,5406,108,3,standing,0.002,-0.0016,0.0031,-0.0023,0.0017,-0.0018,0.0017,0.003,0.0012,0.0013,0.0022,0.0021,0.002,0.0013,0.0037,0.0023,0.0018,-0.0002,0.0032,0.0033,0.0008,0.0011,0.0021,0.0033,0.0,0.0008,-0.0008,-0.0012,0.0035,0.002,0.0,0.0021,0.0023,-0.0018,-0.0,
347,5407,108,3,standing,-0.0034,0.0145,0.0013,0.0043,-0.0014,-0.0051,0.015,-0.0073,0.005,0.0052,0.0025,-0.0008,0.0101,0.0011,-0.0001,0.0184,0.002,-0.0052,0.0103,-0.0063,0.005,0.0044,-0.0004,-0.0065,0.0112,0.0005,0.0037,0.0028,-0.0073,0.0085,0.0033,0.0036,0.0031,0.0076,0.0,
348,5408,108,3,standing,0.011,-0.0184,0.0061,-0.0132,0.0112,-0.0007,0.0014,-0.0057,0.0025,0.0013,-0.0043,-0.0002,0.0065,0.0028,0.001,-0.0002,0.0027,0.0054,-0.0032,0.0165,0.0065,0.002,0.0017,-0.0027,0.0057,0.0,-0.0101,-0.0012,0.0163,0.002,-0.0024,0.0045,0.0031,0.0063,0.0,
349,5409,108,3,standing,-0.0067,-0.7589,-0.0027,0.0016,-0.0058,-0.004,0.001,0.3499,-0.0297,-0.0018,-0.1673,-0.029,-0.0159,-0.2835,-0.0039,-0.0061,0.025,0.0117,-0.0056,-0.0175,-0.0027,-0.0127,0.0102,0.0217,-0.0023,0.0164,0.0025,-0.0023,0.0033,-0.0013,-0.0056,0.0025,0.0033,0.0053,-0.0068,0.0063
350,5410,108,3,standing,0.0052,0.0068,-0.0147,0.0025,0.005,0.0013,0.0024,-0.0033,0.0035,-0.0065,0.0009,0.0024,-0.0027,0.0121,-0.0035,0.0002,-0.0065,0.0112,0.0034,0.0005,0.0005,0.0046,0.0047,-0.0013,0.0031,-0.004,-0.0068,0.0056,0.0112,0.0045,0.0032,-0.0045,0.0073,0.0006,-0.0,
351,5411,108,3,standing,-0.0078,-0.7257,0.0121,-0.0031,-0.0005,-0.0111,0.0264,0.5318,-0.0362,-0.0071,-0.2577,-0.0495,-0.0034,-0.2867,0.012,0.0008,0.0158,0.0099,0.0043,-0.0097,0.0026,-0.0047,0.0131,0.0031,-0.0021,0.0177,0.0068,0.0225,0.0085,0.0104,0.0003,0.0158,0.0026,0.0008,0.0,
352,5412,108,3,standing,-0.0058,0.7535,-0.0082,0.0134,-0.0016,0.0025,-0.0018,0.3142,0.0155,-0.006,-0.0936,-0.0548,0.0535,-0.3145,0.0235,0.0048,0.006,-0.0025,0.0235,0.0076,-0.0003,0.0021,0.0012,0.0001,0.0073,0.0037,-0.0002,0.0004,0.0171,0.0034,0.0012,-0.0044,0.0007,0.0017,0.0,
353,5413,108,3,standing,-0.0111,0.8217,-0.0001,0.0241,-0.0108,0.0102,-0.0092,-0.4885,0.0223,-0.0152,0.1774,-0.0186,0.0131,1.2502,-0.0025,0.0018,0.0011,0.0122,0.0073,0.0105,0.001,-0.005,0.0053,0.0131,0.0011,0.0027,-0.0028,0.0242,0.0078,0.0004,-0.0021,0.0036,0.0005,-0.0,,
354,5414,108,3,standing,-0.0012,0.667,0.0188,0.0179,-0.0183,-0.0009,0.0163,-0.4069,0.0322,-0.0273,0.2152,0.0042,-0.0346,0.1529,-0.0156,-0.0073,-0.0056,0.0162,0.0072,0.0111,-0.0057,0.0085,-0.0041,0.0122,0.0067,0.0008,0.0166,0.0168,0.0021,-0.0056,0.0004,0.0143,0.006,0.0022,-0.0,
355,5415,108,3,standing,-0.0096,0.7252,-0.0067,0.03,-0.0136,-0.0167,0.0253,0.559,-0.0342,-0.0204,-0.2502,-0.043,0.0006,1.4052,-0.0274,-0.0022,-0.002,0.0166,0.0185,0.0004,-0.0006,-0.0007,-0.0062,0.0122,0.0053,-0.0103,-0.004,-0.0036,0.0134,-0.0086,-0.005,0.0071,0.0058,0.0008,-0.0077,-0.0026
356,5416,108,3,standing,-0.0079,-0.761,0.0049,-0.0069,-0.0005,0.0062,0.022,0.6646,-0.0248,-0.0094,-0.307,-0.0482,-0.023,-0.2472,-0.0069,-0.0021,0.0035,-0.0031,0.0165,-0.012,-0.0005,0.0284,-0.0048,0.0055,-0.0174,0.0038,-0.017,-0.0029,-0.0113,0.0174,0.0017,0.0085,0.0051,0.0062,-0.0075,0.0044
357,5417,108,3,standing,-0.0069,-0.7119,0.0054,-0.0234,0.0004,-0.0089,0.0065,0.5693,-0.038,-0.0184,-0.2876,-0.0453,-0.0375,-0.2445,-0.0018,-0.0102,-0.0028,-0.011,0.027,0.0154,-0.0076,-0.001,-0.0022,-0.018,0.0242,0.0103,0.0028,-0.02,-0.0034,0.0175,0.0008,0.0018,0.002,-0.002,-0.0105,0.0054
358,5418,108,3,standing,-0.0043,-0.751,0.0026,-0.0034,-0.0043,0.0122,0.0017,0.656,-0.0128,-0.0005,-0.3142,-0.0436,-0.0181,-0.4688,0.0114,0.0057,-0.0008,0.006,0.001,0.0157,-0.0007,0.0089,0.0006,0.0025,0.0038,-0.0017,0.0023,0.0095,0.0009,-0.0146,0.008,-0.0002,-0.0173,0.0074,-0.0,
359,5419,108,3,standing,-0.0081,-0.6656,0.011,-0.0163,0.0101,0.0136,-0.0269,0.3966,-0.0212,0.0113,-0.1673,-0.0441,0.0013,-0.328,-0.0033,0.0008,0.0185,0.016,-0.0017,-0.0205,0.0076,-0.0056,-0.0228,0.0029,0.02,0.0032,-0.0001,-0.0152,0.0119,-0.0013,0.0014,0.0123,-0.0009,0.0142,-0.0054,-0.0004
360,5420,108,3,standing,-0.0019,-0.7825,-0.0104,-0.0061,-0.0005,0.019,0.0223,0.7902,-0.0346,-0.01,-0.3313,-0.0538,0.0382,-0.2501,-0.0032,-0.0122,-0.0014,0.0184,0.0125,0.0015,-0.0042,0.0164,-0.0035,0.0252,0.0027,0.0125,0.0064,0.024,-0.012,0.0056,-0.0047,0.0266,0.0038,-0.0035,-0.0,
361,5421,108,4,walking,0.3266,-0.1975,0.0382,-0.0861,-0.14,-0.1002,0.0864,0.038,0.0716,0.0187,-0.0863,-0.037,-0.0118,-0.0339,-0.0364,-0.0737,-0.0341,0.0327,0.1616,-0.0731,0.1751,0.0152,-0.0851,-0.0176,0.0067,0.0284,0.0163,0.1282,0.0164,0.0622,-0.0748,0.04,-0.0776,-0.0079,-0.0178,-0.0202
362,5422,108,4,walking,-0.0794,-1.2235,-0.016,0.3339,0.0488,-0.0523,0.1062,0.564,-0.0509,-0.0604,-0.365,-0.1323,0.123,-0.5889,0.0164,0.0249,0.3841,0.2777,-0.4243,0.0512,-0.1831,0.3434,0.0805,0.3375,0.1312,0.0385,-0.079,0.2006,0.0896,0.1133,-0.0872,0.0803,-0.1331,-0.0488,0.0329,0.0217
363,5423,108,4,walking,-0.1417,-0.8079,0.079,-0.1075,-0.0444,-0.0453,-0.0434,0.5335,0.0032,0.0292,-0.2888,0.0278,-0.1109,-0.5658,0.02,-0.2214,-0.163,-0.2141,-0.3323,-0.3021,-0.0262,-0.0283,-0.0082,-0.2235,0.1411,-0.114,0.0086,-0.266,0.129,0.0054,-0.0663,0.2303,-0.1337,0.0563,-0.0784,0.065
364,5424,108,4,walking,-0.2795,-1.4391,0.2067,0.2656,0.1694,0.2122,0.1274,0.6467,0.0272,-0.1568,-0.4258,-0.0199,0.262,-0.5973,-0.2431,0.3846,0.4622,-0.5881,1.0234,0.6073,-0.6782,-0.7214,-0.4614,-0.1238,-0.0823,0.3023,-0.3068,-0.2588,-0.0435,0.3741,0.0753,0.5675,0.4018,-0.2172,-0.4248,0.0576
365,5425,108,4,walking,0.0441,-0.56,,,,,,,,,,,,,,,,,,,,,,,,,,,,,,,,,,
366,5426,108,4,walking,-0.1644,-0.8367,0.1678,0.2714,0.0136,0.2561,-0.0419,0.5919,0.0016,-0.0233,-0.313,-0.0134,-0.0086,-0.3802,0.0042,0.1518,-0.4143,-0.242,0.1844,-0.2146,0.0684,0.4411,0.2538,-0.2383,0.2862,0.0284,0.1383,0.5245,0.3325,0.4285,-0.3249,-0.0936,-0.2777,-0.2344,0.0749,-0.0272
367,5427,108,4,walking,0.0043,0.3681,-0.0613,0.0677,-0.0238,-0.0537,-0.0464,-0.002,-0.0375,-0.012,-0.0204,0.028,-0.0096,0.1247,0.0644,0.0045,-0.0294,0.0118,-0.0183,0.0136,0.016,0.0169,0.0276,0.0276,0.0049,-0.0224,0.0277,0.0185,0.0462,0.0115,-0.0068,-0.0014,0.0142,0.0143,-0.0012,
368,5428,108,4,walking,-0.1007,-0.9654,-0.1047,-0.2347,0.125,-0.1631,-0.0336,0.7267,0.0443,-0.0727,-0.4093,0.0388,-0.3125,-0.4589,-0.1224,-0.0623,-0.5666,-0.4203,-0.2692,0.0545,-0.0092,-0.3172,-0.1515,0.5728,-0.004,-0.2439,-0.2896,0.3655,-0.4474,0.1176,-0.3486,0.4876,-0.0707,0.3177,-0.0721,-0.0241
369,5429,108,4,walking,-0.1783,-1.1449,0.0488,-0.1768,0.1137,0.2169,-0.0504,0.8584,-0.0851,-0.0224,-0.3485,0.1415,0.3789,-0.1039,0.2034,-0.152,-0.2666,-0.102,0.5049,-0.2065,0.2252,0.059,-0.0085,0.2537,-0.1259,-0.1186,-0.0227,0.2018,0.0691,0.055,0.0298,0.1069,-0.0147,-0.0752,0.1735,0.0023
370,5430,108,4,walking,-0.2078,-1.293,-0.116,-0.0805,-0.0899,-0.0404,-0.0344,0.507,-0.1002,-0.0287,-0.3466,0.0054,-0.0644,-0.6794,0.0052,-0.1062,0.5463,0.0258,-0.2761,-0.2883,-0.1341,-0.2682,-0.1328,-0.0549,-0.2424,0.1728,-0.152,-0.1153,-0.2043,-0.0003,-0.1523,0.1792,0.0453,-0.1454,-0.048,-0.0146
371,5431,108,4,walking,-0.0102,-0.0359,-0.0027,-0.0069,-0.0053,0.002,0.0118,-0.0124,-0.0157,0.018,0.008,0.0275,-0.0118,0.0214,-0.0106,-0.0131,-0.0063,0.0109,-0.0042,0.0008,-0.005,-0.0033,0.0018,0.0035,-0.0121,0.0065,0.0025,0.0253,0.0066,-0.0043,0.0062,0.0066,0.0022,0.0,,
372,5432,108,4,walking,0.0028,0.0022,0.0014,0.0035,-0.0006,0.0028,-0.0043,0.0002,0.0032,-0.0025,-0.0021,-0.0012,0.0152,-0.0004,-0.0004,-0.0017,0.012,-0.0014,0.0053,0.0064,0.0014,-0.0035,0.0032,-0.0003,0.0011,0.0004,0.0053,0.0028,0.0034,0.0034,0.0053,0.0002,0.0021,0.0016,0.0,
373,5433,108,4,walking,-0.1729,-0.6181,-0.0022,-0.1777,-0.2507,-0.1366,0.0037,0.5262,0.0372,-0.0676,-0.2406,-0.0263,0.0187,-0.3285,0.0603,-0.0129,-0.3268,-0.2875,-0.2155,0.3593,-0.1232,-0.2779,0.3734,-0.0568,-0.1732,-0.076,-0.1168,0.1641,-0.1011,-0.0887,-0.0756,-0.2665,-0.0068,0.0618,0.0331,0.0249
374,5434,108,4,walking,-0.0339,0.0369,0.0065,-0.0244,-0.0345,0.0176,-0.0169,0.014,0.0084,0.0043,-0.0128,0.027,-0.0166,-0.0603,-0.0166,0.004,0.0255,-0.0002,0.0543,-0.0114,-0.0062,-0.0104,0.0075,-0.0156,-0.0037,-0.0003,-0.0127,0.0151,-0.0082,-0.0042,0.0123,-0.0015,-0.0014,0.0006,0.0047,
375,5435,108,4,walking,-0.0409,-0.0974,-0.0501,-0.1551,-0.0107,-0.0236,-0.1067,-0.1352,-0.1358,-0.0034,-0.0601,-0.0241,-0.0546,-0.0207,-0.044,-0.0469,0.0214,-0.0434,-0.0221,-0.0026,0.0028,0.0058,0.0242,0.0367,-0.0183,0.0102,-0.0231,0.0129,0.0221,-0.0045,-0.0475,-0.0105,-0.0003,-0.0267,-0.0068,0.0061
376,5436,108,4,walking,0.2864,-0.1277,-0.0463,-0.0589,-0.066,0.0382,0.0249,0.1368,-0.0082,0.0234,-0.0123,-0.0178,0.0023,0.1302,-0.0333,0.0356,0.0112,0.0484,0.0164,0.0279,0.0033,-0.0009,0.0116,0.0044,0.0182,0.0111,-0.0059,0.0251,0.0086,-0.0251,0.0061,-0.0079,0.0015,-0.0037,-0.0154,
377,5437,108,4,walking,-0.0449,-1.1205,0.0555,-0.0574,0.0055,-0.1461,0.0289,0.7829,-0.0354,-0.0198,-0.3773,-0.1361,-0.2286,-0.4708,-0.0023,-0.2316,-0.3387,-0.134,-0.2643,-0.1362,-0.0509,-0.0241,-0.166,-0.0746,-0.1583,0.1235,0.0332,-0.0192,0.073,-0.0037,-0.0255,-0.0557,0.0666,-0.148,0.0214,-0.023
378,5438,108,4,walking,-0.0679,-1.1207,0.0079,0.1484,0.0507,0.032,0.0109,0.8886,-0.031,-0.0345,-0.4684,-0.16,-0.1294,-0.4562,-0.0753,-0.0222,0.1833,-0.2862,-0.1335,-0.0149,-0.1706,0.1822,-0.1169,-0.3584,0.0273,-0.0438,0.0357,0.2808,0.1636,-0.0104,-0.0107,0.2058,0.1084,0.118,0.1252,0.0358
379,5439,108,4,walking,-0.0208,-0.7529,-0.0453,0.2613,-0.1533,-0.0463,-0.111,0.1573,-0.0678,0.1075,-0.2512,0.0805,-0.0272,-0.1057,-0.2175,-0.1031,-0.0007,0.0844,0.2668,-0.2408,-0.0733,0.0438,-0.1302,-0.2109,-0.1002,0.0786,-0.0748,-0.1585,-0.028,-0.1535,-0.0057,0.0838,-0.144,0.0451,0.1048,-0.0863
380,5440,108,4,walking,-0.0015,0.0037,-0.0108,0.0007,-0.0014,0.0016,-0.0005,0.0208,-0.0026,-0.0006,-0.005,-0.0015,-0.0038,0.0058,-0.005,-0.0027,0.0042,-0.0021,0.0114,-0.0035,0.0018,0.0022,0.0006,0.0176,-0.0034,0.0061,-0.0009,-0.0062,0.0008,0.0042,-0.0013,0.0013,0.0047,0.0032,0.0,
381,5441,108,4,walking,-0.0759,0.0049,-0.0113,-0.0364,-0.0224,-0.0042,0.01,-0.0144,-0.0124,-0.0022,0.0263,0.0047,0.0348,-0.0132,0.0145,-0.0206,-0.0101,0.0235,-0.0066,-0.023,-0.0014,-0.0017,-0.0158,-0.0232,-0.0178,-0.0148,0.0062,-0.0018,0.0303,-0.0115,0.016,0.011,0.018,-0.0,0.0135,-0.0084
382,5442,108,4,walking,-0.0073,-0.0125,0.0076,-0.0013,-0.0115,0.0036,-0.001,0.023,0.0008,0.0035,-0.0102,0.0014,-0.0157,-0.0002,0.0029,-0.0046,0.0265,-0.0062,-0.0072,0.01,0.0062,0.0015,0.0042,0.0052,0.0108,0.0005,-0.0042,0.0145,0.004,0.016,0.0051,-0.002,0.0055,0.0008,-0.0027,0.0007
383,5443,108,4,walking,-0.001,0.0013,0.001,0.0014,-0.0012,0.0025,0.0006,-0.0062,-0.0004,-0.0032,0.0045,0.0024,-0.0012,0.0035,-0.0026,-0.0003,0.0054,0.0026,0.0043,-0.0006,-0.0008,-0.0021,0.0032,0.0006,-0.0012,0.001,-0.0012,0.0056,0.0012,0.0032,0.0002,0.0024,0.0025,-0.0022,0.0,
384,5444,108,4,walking,0.0601,-0.5875,0.1845,0.0249,-0.0238,0.008,-0.0372,0.3442,0.0465,0.011,-0.036,0.0424,-0.1058,-0.04,-0.0574,-0.0355,-0.123,-0.0873,-0.0506,-0.058,-0.1308,0.0587,-0.0146,0.0374,-0.0735,0.0403,0.063,0.0147,0.085,-0.0201,-0.1206,0.1087,0.0228,-0.0009,-0.0424,
385,5445,108,4,walking,-0.019,-1.2851,-0.0554,-0.0624,-0.0283,0.0238,-0.0275,0.855,-0.0526,0.0011,-0.4298,0.0475,-0.0267,-0.2422,0.0178,-0.022,-0.1055,0.2267,0.2237,0.3867,-0.0255,0.0573,-0.0308,-0.011,0.0177,0.0134,0.1128,-0.029,0.0253,0.0526,-0.0024,0.0315,0.0426,,,
386,5446,108,4,walking,-0.0675,-0.2083,-0.0735,-0.1781,-0.0054,-0.0358,0.033,0.0498,0.0313,0.0536,0.0336,0.046,0.0169,-0.0176,-0.0069,-0.0084,-0.1239,0.0528,-0.1161,-0.153,-0.004,-0.1026,0.0103,0.0122,0.004,0.0057,-0.0002,-0.1322,-0.01,0.0057,-0.0174,0.0201,0.0059,0.0246,-0.0035,0.0255
387,5447,108,4,walking,-0.2198,-0.6717,0.0466,0.4444,-0.0468,-0.3713,0.0592,0.4855,0.0158,-0.1254,-0.261,-0.0923,-0.1435,-0.5964,-0.0199,-0.1213,-0.386,-0.1587,0.0735,0.1497,0.2117,-0.0221,-0.2408,-0.1032,-0.0028,0.0733,0.0694,0.2179,0.0231,-0.1879,-0.166,-0.0845,0.2067,-0.0508,-0.2165,0.0602
388,5448,108,4,walking,-0.0128,0.0003,-0.0046,-0.0002,0.023,-0.0028,0.0043,0.0177,0.0145,0.0103,-0.0015,-0.0064,0.0108,-0.0265,-0.0148,0.0087,0.0137,-0.0043,0.0088,0.0118,-0.0016,0.0254,0.0078,-0.0063,0.0047,0.0088,0.0077,0.0101,0.0158,0.0043,-0.0026,0.0053,0.0009,-0.0066,-0.0018,
389,5449,108,4,walking,-0.0042,-0.1649,0.0057,0.0306,-0.0076,-0.0327,0.0042,0.0651,0.003,0.0147,-0.037,-0.008,0.0312,0.2447,0.0062,-0.0036,-0.0162,0.0058,-0.0089,0.0273,0.0018,0.0084,0.0202,0.004,-0.015,0.0053,0.0245,-0.0047,-0.0018,0.0046,0.0108,-0.0025,-0.0034,0.0116,0.0028,0.0013
390,5450,108,4,walking,-0.1977,-1.2712,0.0626,0.1048,-0.0555,-0.0338,-0.0802,0.4785,-0.0496,-0.0056,-0.3743,-0.0307,-0.1675,-0.7723,0.1588,0.0619,0.5183,1.4582,-0.4641,-1.2007,-0.043,0.773,-0.1458,0.2644,-0.3273,0.0151,0.0232,-0.2176,-0.0326,0.0507,-0.1018,0.0376,-0.1178,0.1068,-0.0189,0.0814
391,5451,108,4,walking,-0.0914,-1.27,-0.0363,0.3633,-0.0646,0.3644,0.0833,0.7768,-0.1113,-0.0835,-0.4357,-0.1384,-0.2077,-0.3747,-0.1297,-0.3347,0.4894,-0.4443,0.428,0.224,0.3621,-0.0781,-0.015,-0.0709,-0.1338,-0.2814,0.1031,0.4029,-0.3701,-0.0748,0.3224,-0.1642,0.1142,0.0488,0.152,-0.0684
392,5452,108,4,walking,-0.038,-0.0303,0.0033,-0.0109,-0.003,,,,,,,,,,,,,,,,,,,,,,,,,,,,,,,
393,5453,108,4,walking,0.0173,-0.9159,0.0306,0.1082,0.0762,-0.1074,0.0049,0.4125,0.0144,-0.0257,-0.2553,-0.0526,-0.2335,-0.847,0.045,0.0268,0.4038,-0.1686,0.1748,-0.1839,0.183,0.1243,-0.0782,0.0447,-0.0385,-0.124,0.01,0.2081,-0.0724,-0.0084,-0.154,-0.0354,0.0344,-0.0075,0.0631,-0.0152
394,5454,108,4,walking,-0.0726,-0.0244,0.0487,-0.0518,0.0,-0.005,-0.003,-0.0132,-0.0131,-0.0072,0.0004,0.0132,-0.0027,-0.0243,-0.0013,0.036,0.0157,0.1272,-0.0305,0.0055,-0.0072,-0.0448,-0.1003,0.122,0.1448,-0.1501,-0.1071,-0.2833,-0.1284,-0.0293,0.0717,0.1225,-0.0099,-0.0621,-0.0262,0.1387
395,5455,108,4,walking,-0.0348,-0.6443,-0.0285,-0.0448,-0.0092,-0.147,-0.0432,0.4676,-0.0268,-0.0052,-0.2533,-0.0316,-0.0129,-0.6453,0.1455,0.0632,0.2212,0.3089,0.1984,-0.0365,-0.0146,-0.2783,0.152,0.2672,-0.1279,-0.0652,-0.0067,0.1316,-0.0119,-0.0518,-0.1273,0.0999,-0.0554,-0.1062,0.0096,0.0547
396,5456,108,4,walking,0.0262,0.0053,-0.01,-0.0005,-0.0114,0.0064,-0.0026,0.0144,-0.0045,-0.0022,-0.0005,0.0218,0.0047,-0.0171,-0.0012,0.0154,-0.0003,-0.0072,-0.0016,0.0063,0.0017,0.0027,0.0028,-0.0031,-0.0011,-0.001,0.0111,0.0078,0.0112,-0.0061,0.0031,0.0012,-0.0015,0.0138,0.0,
397,5457,108,4,walking,0.0062,0.0288,0.0023,0.0125,-0.0136,-0.0068,0.0213,0.0126,-0.0045,0.0151,-0.0053,0.0107,-0.0047,0.0047,-0.0053,-0.0014,-0.0035,0.007,0.0022,0.0035,0.0006,-0.014,0.0021,0.0024,0.0036,0.0001,-0.0045,0.0017,0.0033,0.0002,-0.0007,0.0063,0.0004,0.0013,0.005,0.0003
398,5458,108,4,walking,0.2791,-0.8797,-0.1799,0.0999,-0.2147,-0.1425,-0.0129,0.4956,-0.058,-0.1236,-0.282,-0.0962,-0.1879,-0.7996,0.0836,0.0509,0.6151,-0.2887,0.2546,-0.6088,-0.264,0.0295,0.4008,-0.0615,-0.0451,0.0271,0.2713,-0.0716,0.1823,-0.0136,-0.167,-0.0612,-0.305,-0.0534,-0.0174,0.1821
399,5459,108,4,walking,-0.0708,-1.2775,-0.0104,-0.3081,-0.2233,-0.3559,-0.064,0.7688,-0.04,-0.0459,-0.3633,-0.1146,-0.1208,-0.4535,-0.2776,-0.0042,-0.0726,-0.1766,-0.055,-0.3474,-0.068,-0.0841,-0.2572,-0.1756,0.0202,-0.0183,0.0852,0.2393,0.0414,0.1084,-0.0037,0.0236,-0.102,0.0289,-0.145,0.0621
400,5460,108,4,walking,-0.0138,-0.0222,-0.0085,-0.0162,-0.0007,-0.0034,0.0006,-0.0106,0.0111,-0.0016,0.0211,0.0032,-0.0115,0.032,-0.0113,0.0155,-0.0003,-0.0006,0.0113,0.0138,0.0084,0.0025,0.0002,0.0077,0.0043,0.0081,0.0032,0.0065,-0.0146,0.0019,-0.0177,-0.0042,0.0117,0.0,,
401,5461,108,4,walking,0.0899,0.0388,0.1726,0.0377,0.1014,-0.0117,0.021,0.0637,-0.0543,0.0567,0.0073,-0.0376,0.022,0.0286,-0.0373,-0.0217,-0.0851,0.0755,0.027,0.1083,-0.0152,-0.0342,-0.0262,0.1234,-0.0139,0.0336,-0.0613,0.0453,-0.0243,0.0378,0.041,,,,,
402,5462,108,4,walking,-0.0695,-1.187,0.0279,-0.1798,-0.1514,-0.0538,-0.1106,0.6799,-0.1015,0.0467,-0.3675,-0.064,-0.1226,-0.4668,-0.0152,-0.2314,0.2217,0.0824,0.0065,-0.0547,-0.1737,0.0042,-0.2034,-0.0401,-0.0837,-0.1242,-0.0008,-0.2823,-0.103,-0.1892,-0.1787,0.2044,0.0125,0.0498,0.0308,0.108
403,5463,108,4,walking,-0.0131,-0.0068,0.0012,0.0043,-0.0066,0.0042,-0.0014,0.0131,0.0056,-0.0036,-0.0058,-0.0005,-0.0041,-0.0014,0.0006,-0.0042,0.0118,-0.007,-0.0014,-0.003,-0.0024,-0.0071,-0.0001,-0.0088,-0.0036,0.0018,0.0032,-0.0001,0.0025,0.0028,0.002,0.0051,0.0032,0.0026,0.0,
404,5464,108,4,walking,-0.1112,-0.0532,-0.0252,0.0104,-0.0297,-0.0113,0.0139,0.1463,-0.0033,0.0072,-0.0113,0.0048,0.0223,0.0366,0.0284,-0.0065,0.0179,0.0183,0.0217,0.0053,-0.0142,-0.0126,0.0043,0.0103,0.0058,0.0017,0.0173,-0.0055,0.0057,0.0049,-0.016,0.0153,0.0039,0.0022,0.0008,0.0036
405,5465,108,4,walking,0.0125,-0.0015,-0.0038,-0.0124,0.0047,-0.0013,0.0075,-0.0049,-0.0005,0.0015,-0.0003,0.0135,0.0022,0.013,0.0015,0.0004,0.0011,0.0048,0.0014,0.0053,0.006,0.0045,0.001,0.0037,0.0011,0.0031,0.0032,0.003,0.0004,0.0007,0.0054,0.0007,0.0045,0.0034,0.0,
406,5466,108,4,walking,0.018,0.0122,-0.0137,0.0282,-0.0009,0.021,0.0067,-0.0109,-0.0126,0.0104,-0.004,-0.0152,0.0213,0.0144,0.0002,0.0144,-0.0019,-0.0127,-0.0117,0.003,-0.0013,-0.0166,-0.0057,-0.0124,-0.0027,-0.0003,-0.0037,0.0146,0.002,0.0126,-0.0037,0.0241,0.0051,-0.0006,0.0128,-0.0028
407,5467,108,4,walking,-0.1096,-1.2971,-0.0012,-0.281,-0.0397,0.1153,-0.0346,0.3146,-0.0276,0.0334,-0.1634,0.0326,-0.1736,-0.6709,0.057,0.0245,0.4079,-0.1692,0.0655,-0.2729,-0.1047,0.1061,0.1572,0.0286,0.0105,0.1462,-0.0264,0.089,-0.0346,-0.032,-0.1484,-0.0143,0.0351,0.0269,-0.0159,-0.0161
408,5468,108,4,walking,-0.0792,-1.1533,0.0327,0.0925,0.1037,-0.1728,0.0336,0.4938,0.0063,-0.0443,-0.2193,-0.0326,-0.1187,-0.6728,-0.0628,-0.17,-0.2687,0.2747,0.455,0.5373,-0.089,0.3089,0.1171,0.006,0.2131,0.0808,0.1435,0.0866,-0.0856,0.002,0.1005,0.1173,0.1119,0.2108,0.01,-0.0549
409,5469,108,4,walking,-0.0707,-1.0572,0.0144,-0.0,-0.0196,-0.1682,-0.0116,0.4754,-0.0604,-0.033,-0.2548,-0.0604,0.0237,-0.5455,-0.1102,-0.0557,0.1006,0.2176,0.226,0.0302,0.1447,-0.1131,0.1124,-0.0843,0.073,-0.1452,-0.029,0.127,0.1238,0.0043,0.1625,0.1344,-0.1378,-0.1283,-0.036,0.0293
410,5470,108,4,walking,0.0914,-0.7447,0.0628,0.1563,0.0358,-0.1103,0.054,0.7152,-0.058,0.0175,-0.4888,-0.0445,-0.2638,-0.7138,-0.0538,-0.1424,-0.3282,-0.3321,-0.3752,-0.2756,-0.2248,-0.1823,0.2674,-0.458,0.0256,-0.0427,0.1027,0.2121,-0.0285,0.2436,-0.0184,-0.1306,0.0543,0.0544,0.0147,0.0055
411,5471,108,4,walking,-0.0286,-0.0064,-0.0046,-0.0017,0.0203,-0.0075,-0.0103,0.0095,0.0057,0.0044,-0.0036,0.0048,0.0103,0.0068,0.0024,-0.0071,0.0007,-0.0008,0.0024,-0.0025,-0.0168,-0.007,0.0104,0.003,0.0045,0.0031,0.0047,-0.0027,0.001,0.0007,-0.0007,0.0005,0.0075,-0.0012,-0.0,
412,5472,108,4,walking,-0.0939,-0.8746,-0.0275,-0.1073,-0.0459,-0.0574,0.0404,0.5288,-0.0776,-0.0222,-0.2865,-0.0895,-0.0161,-0.423,-0.0298,-0.1176,-0.102,-0.0883,0.0701,0.2146,-0.012,-0.2263,0.1301,-0.2778,-0.0424,0.0053,-0.1636,-0.1452,-0.0074,0.1131,-0.112,0.1365,-0.1034,-0.005,-0.0882,0.0466
413,5473,108,4,walking,-0.3543,-0.7663,-0.2745,-0.1627,0.07,-0.28,-0.1113,0.3823,-0.019,0.0522,-0.0,0.0164,0.1665,-0.0116,-0.0265,-0.0023,-0.0376,0.0242,-0.0353,-0.0332,-0.1767,0.0484,0.0127,-0.0834,0.0183,-0.0132,-0.1054,0.0507,0.1628,0.0321,0.0258,0.0175,0.0056,-0.1152,-0.002,-0.0262
414,5474,108,4,walking,-0.1207,-0.1236,0.0434,-0.05,0.0574,0.0323,-0.0505,0.067,-0.0347,0.0385,0.0553,0.0102,0.0118,0.0679,-0.0386,-0.0,,,,,,,,,,,,,,,,,,,,
415,5475,108,4,walking,0.0143,-0.0037,-0.006,0.0052,-0.0048,0.0028,0.0043,0.0036,0.0007,-0.0035,-0.0038,-0.0058,-0.0035,-0.0113,-0.0026,-0.0066,-0.0067,-0.0022,-0.0131,0.0045,0.005,-0.0017,0.0075,-0.0017,-0.0023,0.0002,0.0102,0.0044,0.0058,-0.003,0.0035,0.0012,0.0007,-0.0,,
416,5476,108,4,walking,0.0024,-0.0002,0.0063,0.0043,-0.0056,0.0005,-0.0142,0.0046,0.0028,-0.0004,0.0112,0.0026,-0.0155,0.0103,-0.0031,0.008,0.0017,0.0151,0.0053,-0.0024,0.0103,0.0,-0.005,0.0101,0.0005,0.0017,0.0018,0.002,0.0124,0.0045,0.0005,0.013,0.0058,-0.0006,-0.0,
417,5477,108,4,walking,-0.096,-1.2214,-0.0345,-0.0044,-0.134,0.06,0.0359,0.5856,-0.0644,-0.0469,-0.3165,-0.1134,-0.073,-0.7105,-0.0699,-0.0841,-0.5636,-0.3121,0.092,-0.0052,0.3546,0.1825,-0.1762,-0.4838,0.0562,0.0084,-0.1387,0.4426,0.0395,0.0358,0.0238,0.0587,0.114,-0.0056,-0.0746,-0.0278
418,5478,108,4,walking,-0.0912,-0.2126,0.0723,-0.1607,0.1602,-0.1107,0.0208,0.0244,-0.1229,-0.0199,-0.078,-0.1003,0.0694,-0.372,-0.0027,-0.0724,-0.0335,-0.0487,-0.1209,-0.0497,-0.0226,0.0102,-0.1732,0.0203,0.0057,0.042,-0.0267,-0.0208,0.0329,0.0224,0.0184,-0.0235,0.0213,-0.0045,0.0466,-0.0335
419,5479,108,4,walking,-0.0389,-1.0794,-0.0707,0.2532,0.2547,0.3844,0.0347,0.4291,-0.0603,-0.0016,-0.1674,0.045,0.3865,-0.6105,-0.1643,-0.3763,0.235,0.6237,-0.3419,0.2843,-0.0474,-0.0067,-0.0454,-0.16,-0.0423,-0.0562,-0.2411,0.4727,0.0427,-0.2088,0.0673,0.0092,-0.1491,-0.1873,0.1185,0.2017
420,5480,108,4,walking,0.0478,,,,,,,,,,,,,,,,,,,,,,,,,,,,,,,,,,,
421,5481,108,4,walking,-0.0791,-1.2535,0.0647,-0.135,0.1033,-0.2651,-0.0605,0.8373,0.0724,-0.0129,-0.4947,0.0664,-0.4672,-0.3183,-0.0524,-0.2581,0.5366,0.3348,-0.5242,-0.5641,-0.2848,-0.4237,0.2528,-0.2401,0.322,0.0626,0.0281,0.6275,0.2835,0.3228,0.032,0.1071,-0.0534,-0.0728,0.0155,0.0865
422,5482,108,4,walking,-0.0745,-0.7286,0.1066,0.0147,-0.0376,-0.0333,0.0872,0.5673,0.0575,0.0177,-0.3287,-0.1182,0.0272,-0.3822,0.0667,0.0974,0.0173,0.1575,0.0255,0.0257,0.1194,0.0562,-0.0146,-0.1936,-0.1882,-0.1375,0.0261,0.043,-0.0363,0.1337,-0.0213,0.0528,0.0654,-0.0263,0.0228,-0.0137
423,5483,108,4,walking,-0.0079,-0.6478,0.0239,0.0354,0.0237,-0.0173,0.0083,0.4164,0.0286,-0.032,-0.2117,-0.0679,-0.0165,-0.2912,0.024,-0.0302,0.0554,0.0065,0.0404,-0.0036,-0.0017,-0.0147,0.0072,-0.034,-0.008,-0.0108,-0.0257,-0.0163,0.0435,0.0243,-0.0161,0.0172,-0.0043,0.0029,-0.0207,0.0106
424,5484,108,4,walking,0.027,-0.0165,-0.0022,-0.0175,0.0107,0.0008,0.0,0.0005,-0.0008,-0.001,0.0106,0.0001,0.0142,-0.0152,0.0075,0.0038,-0.0106,0.0033,0.0248,0.0027,-0.003,0.0068,0.0005,0.0135,0.0004,0.0074,0.0137,0.0018,-0.0027,0.01,0.0105,-0.0048,0.0047,0.0044,0.0,
425,5485,108,4,walking,-0.0372,-0.9696,0.0328,0.0657,-0.019,0.0652,0.0164,0.532,-0.0384,0.0058,-0.3265,-0.0708,-0.1532,-0.3288,0.0187,-0.0304,-0.0675,-0.1118,-0.0625,0.1669,-0.1141,0.0106,-0.151,-0.1635,-0.0816,-0.0173,-0.151,0.1762,0.0155,0.0412,-0.057,-0.0447,-0.0367,-0.1456,0.0167,0.0133
426,5486,108,4,walking,-0.0055,-0.0476,-0.0136,-0.01,,,,,,,,,,,,,,,,,,,,,,,,,,,,,,,,
427,5487,108,4,walking,0.0936,-0.8198,-0.1521,-0.1388,-0.1331,-0.379,0.0243,0.5737,-0.0192,-0.1231,-0.2837,-0.0805,0.2661,-0.4541,0.1809,0.1771,0.5368,0.3322,0.3866,-0.1657,-0.4061,-0.3415,0.1333,0.1351,-0.1382,0.0169,0.1188,-0.0426,-0.046,-0.0286,0.1039,0.0739,0.0573,-0.1287,0.064,0.0045
428,5488,108,4,walking,-0.0382,-0.0418,0.0007,-0.0036,-0.0152,-0.013,-0.0142,0.0137,-0.0252,-0.0145,-0.0088,-0.0119,-0.0143,0.013,-0.0066,-0.0271,-0.0028,-0.0112,0.0103,-0.0079,-0.0006,0.016,0.0121,0.0126,-0.0106,0.028,-0.0178,0.0087,-0.0017,-0.02,-0.0082,-0.0248,-0.0058,-0.0231,,
429,5489,108,4,walking,-0.0736,-1.0365,-0.075,-0.2615,-0.037,-0.1421,-0.0782,0.67,-0.0508,-0.0237,-0.3253,-0.046,-0.3196,-0.6724,-0.0663,0.0411,0.338,-0.2656,-0.4244,0.317,-0.1477,-0.1767,-0.2003,0.1866,-0.1307,-0.1878,-0.1096,-0.0079,0.1835,0.1366,-0.1247,-0.2684,0.2221,0.1756,0.0725,0.046
430,5490,108,4,walking,-0.0527,-1.2546,0.0384,0.1217,0.063,0.0213,-0.0068,0.3668,-0.007,0.0075,-0.2273,-0.0813,0.0162,-0.5542,0.0156,0.0265,-0.1753,0.0289,0.0862,0.2723,0.0602,0.0508,0.0141,-0.0823,0.0319,0.0308,-0.0076,-0.114,0.0148,-0.0083,0.0601,0.0032,0.0266,-0.0107,0.0362,
431,5491,108,4,walking,0.1384,0.0554,0.013,-0.0813,0.1316,0.0014,0.0517,0.1704,0.014,-0.0265,-0.0287,0.0053,0.0335,0.1113,-0.004,0.0388,0.0077,-0.0163,0.1453,0.0143,-0.0515,-0.0452,-0.0314,0.0707,-0.1455,0.0004,0.0347,0.0036,0.0176,0.0112,-0.0282,0.0171,0.0236,-0.0254,-0.0056,
432,5492,108,4,walking,-0.0748,-1.3505,0.0779,-0.1455,0.0367,-0.0596,0.0187,0.8832,0.0255,-0.0584,-0.4692,-0.145,-0.1539,1.0697,-0.0038,-0.0328,-0.5048,0.0814,0.2712,-0.034,0.047,0.0554,0.2871,0.0571,-0.0454,-0.0627,-0.0061,-0.0437,0.0618,-0.0631,0.0746,-0.0229,-0.1375,-0.078,-0.1748,0.0316
433,5493,108,4,walking,-0.0254,-0.7225,-0.0164,0.1161,0.0003,0.1113,-0.0062,0.3727,-0.0413,-0.0329,-0.1879,-0.0287,0.0686,-0.2854,0.0036,0.0075,0.0804,0.1148,0.083,-0.0755,0.0436,0.1468,0.0276,0.1143,0.0354,-0.0486,0.0461,0.003,-0.0296,-0.0155,0.0071,0.153,-0.0203,0.06,-0.0039,0.0127
434,5494,108,4,walking,0.0045,0.0053,-0.0022,0.0051,0.0024,-0.0028,0.0044,0.0018,-0.004,0.0027,-0.0038,-0.0002,0.0055,-0.0022,0.0037,0.0021,0.0046,-0.0012,0.0025,0.0052,0.0006,0.0017,0.0007,0.0,0.002,0.0004,0.0014,-0.0018,0.0011,0.0047,0.0025,0.0043,0.0026,-0.0003,0.0,
435,5495,108,4,walking,-0.1373,-1.044,0.0554,0.238,0.1513,-0.1655,0.0505,0.4854,-0.0838,0.0125,-0.2628,-0.0722,0.1281,-0.8455,0.057,-0.1422,0.2353,0.0434,-0.0702,0.0793,-0.2052,0.0588,-0.0042,0.1308,0.077,-0.0675,0.0192,0.3525,0.1057,0.0759,-0.0273,0.0342,0.0206,0.1424,-0.05,0.0262
436,5496,108,4,walking,0.2648,-0.0621,-0.0075,0.1189,0.0511,-0.0789,0.1115,0.4224,0.0573,-0.0208,0.0433,0.0459,-0.0292,-0.019,-0.0526,0.0533,0.1637,0.0767,0.1375,-0.0753,-0.0236,-0.1356,0.1235,-0.1478,-0.0447,-0.0056,0.0636,0.1013,-0.0356,0.0892,-0.0216,-0.0256,0.0452,-0.0036,-0.0172,
437,5497,108,4,walking,-0.0101,0.001,-0.0068,0.0102,0.0023,-0.0033,0.0122,-0.008,-0.0123,-0.0005,-0.0083,0.0141,-0.0048,-0.0108,-0.0026,-0.0027,0.0104,0.0006,0.0104,-0.0024,0.0077,-0.0061,0.001,0.0028,-0.0001,-0.0021,-0.0007,0.0054,-0.0053,0.0036,0.0024,0.0033,0.0043,-0.0015,-0.0,
438,5498,108,4,walking,-0.2135,-0.4946,-0.0426,0.0302,0.0534,0.0722,-0.0808,-0.4193,-0.0188,-0.1308,0.1378,0.0617,-0.1569,-0.1981,-0.2136,0.0073,0.006,-0.0073,0.0184,0.0547,0.0127,0.0462,-0.0164,-0.0587,0.0115,-0.0379,0.0236,0.024,-0.0072,0.0453,-0.0035,0.0485,0.0173,-0.0122,0.0351,0.0042
439,5499,108,4,walking,-0.1479,-1.1739,-0.0314,0.2456,-0.1258,-0.0608,0.1284,0.7456,-0.016,-0.1018,-0.3732,-0.2498,-0.0306,-0.9125,0.0174,0.0249,-0.015,0.2302,-0.1407,0.1742,0.057,-0.0132,0.2148,0.0846,0.0147,-0.0716,0.1117,0.0207,0.0859,-0.1536,-0.0062,0.0443,0.0136,-0.0157,-0.157,
440,5500,108,4,walking,0.026,-0.1344,0.261,-0.1213,0.0724,-0.02,0.2386,0.2283,-0.0755,-0.2004,-0.0394,0.1704,-0.0697,-0.2517,-0.1052,-0.0048,0.1641,-0.0409,0.1434,-0.0864,0.1071,0.1461,0.0316,0.0646,-0.0826,0.0438,0.2252,0.1193,0.346,-0.0528,0.0609,0.14,0.2131,-0.2462,-0.0073,-0.128
441,5501,108,4,walking,-0.1787,-1.2927,0.0447,0.2347,-0.108,0.3238,0.0674,0.6852,-0.0883,0.0082,-0.2618,-0.0964,-0.224,-0.4159,0.0625,0.2017,1.0873,-0.3727,0.6145,-0.5404,-0.0055,-0.2756,0.0084,0.1281,-0.1783,0.0712,-0.0631,-0.0873,-0.2786,-0.1456,-0.2504,0.0477,-0.3287,-0.0065,-0.1667,-0.2613
442,5502,108,4,walking,-0.2573,-0.9285,-0.0297,-0.4287,-0.3485,0.0553,-0.0565,0.7202,-0.0477,-0.0403,-0.4516,-0.0924,-0.0049,-0.7326,0.0671,-0.1225,0.2548,-0.1327,0.2263,-0.0121,-0.0651,-0.1325,0.066,0.0784,-0.0164,0.0351,0.0415,0.1364,0.0721,-0.1454,-0.0785,-0.1637,-0.2774,0.2742,-0.1253,
443,5503,108,4,walking,-0.0177,-0.924,-0.0076,-0.0246,-0.0278,0.0024,-0.0057,0.0103,0.0126,0.0067,-0.0348,-0.0187,-0.0088,0.0189,-0.0014,0.014,-0.0228,-0.0034,0.0171,0.0,0.0242,0.0146,-0.0005,0.0306,0.0136,-0.0023,-0.0077,-0.0111,0.0152,-0.0158,0.0051,0.027,0.0111,0.0163,-0.0048,0.0027
444,5504,108,4,walking,0.0719,-1.0181,-0.0845,0.1814,0.1258,0.2135,0.1642,0.7766,-0.131,0.0685,-0.4154,-0.029,0.3844,-0.597,0.0881,-0.1838,-0.0485,0.211,-0.1582,0.014,-0.1457,-0.0068,0.1348,-0.0489,0.1849,0.023,-0.006,0.2788,-0.0887,-0.1804,-0.0458,-0.1895,0.0665,-0.0589,0.0614,0.0348
445,5505,108,4,walking,0.0283,-0.0765,0.024,,,,,,,,,,,,,,,,,,,,,,,,,,,,,,,,,
446,5506,108,4,walking,-0.0972,-0.8044,0.0594,0.169,0.2035,0.0924,0.0307,0.4774,-0.0822,-0.0802,-0.2733,-0.0896,0.1558,-0.2969,0.1587,-0.0818,-0.243,0.0409,-0.1183,0.1353,-0.0265,0.0496,-0.1055,0.0823,0.1058,-0.0424,-0.0237,0.2252,-0.0659,-0.1654,-0.1022,-0.2712,0.0182,-0.0621,-0.1046,-0.0338
447,5507,108,4,walking,0.0,-0.0058,0.0035,0.0042,0.0157,-0.0014,-0.0123,0.0207,-0.0066,0.0072,-0.0143,0.0018,0.0063,-0.0004,-0.0038,0.0117,0.0116,0.0064,0.0284,-0.0053,0.0023,0.0013,0.0071,0.0048,0.0085,0.0026,-0.0036,0.0103,0.0039,-0.0062,0.0074,0.0048,0.0044,0.0016,0.0157,
448,5508,108,4,walking,0.1319,-0.1209,-0.082,-0.0482,0.0066,0.0343,0.1145,0.2345,0.0607,0.0191,-0.0457,-0.038,-0.0245,0.1564,0.0219,-0.0417,0.0034,-0.117,0.1652,-0.1446,0.0362,0.0645,-0.0665,0.1363,0.0379,-0.0077,0.0052,0.0706,0.085,-0.0207,0.0152,0.0153,-0.1185,-0.0084,-0.0076,0.0234
449,5509,108,4,walking,0.0067,-0.007,0.0232,0.0012,-0.0037,-0.003,0.0027,0.0217,-0.0024,0.0018,-0.0068,-0.0018,0.0152,-0.011,-0.0056,-0.0023,0.0047,0.0115,-0.0047,0.0203,-0.0017,0.0028,-0.0027,0.0172,-0.0008,0.0003,-0.0014,0.005,-0.0013,0.0041,-0.0005,0.0142,0.0012,0.0057,0.0043,0.0028
450,5510,108,4,walking,-0.0844,-0.4074,0.0339,-0.108,0.0722,0.0142,-0.0156,0.3851,-0.0129,0.0458,0.0063,0.0408,0.035,0.2347,0.0512,0.0026,0.552,0.0089,0.1424,-0.0224,-0.0361,-0.0087,0.018,-0.0057,-0.0255,-0.0063,0.0248,-0.0148,0.0284,0.0005,-0.0158,0.0156,-0.0201,0.0073,-0.0026,
451,5511,108,4,walking,-0.0106,-0.0104,0.0033,0.001,-0.0088,0.0163,0.0075,0.0018,-0.0112,0.0041,0.0103,-0.003,0.0106,0.0012,-0.0062,-0.0018,0.006,0.0053,-0.0084,0.0027,0.0002,0.0157,-0.0011,-0.0056,-0.0062,0.01,0.0037,-0.0009,-0.0023,0.0017,0.0029,0.0136,0.0016,0.0065,-0.0,
452,5512,108,4,walking,-0.0345,0.0514,0.0467,-0.108,-0.0449,0.0046,-0.0237,-0.1235,-0.0686,0.0347,0.007,0.041,0.0164,0.2619,-0.0788,-0.0212,0.0675,0.0126,0.0295,0.0,,,,,,,,,,,,,,,,
453,5513,108,4,walking,-0.0075,-0.0029,-0.0025,0.0133,-0.0052,-0.0053,-0.0078,-0.0107,-0.004,0.0013,-0.0003,-0.0016,-0.004,-0.0007,0.0056,-0.0016,0.0115,-0.0107,0.0026,-0.0037,-0.002,0.0025,0.0014,0.0066,-0.0017,0.0167,-0.0056,0.0114,0.0076,0.0016,0.0083,-0.0004,-0.0111,0.015,0.0,
454,5514,108,4,walking,-0.0967,-1.0575,0.0823,-0.0088,0.1714,0.0374,0.0735,0.3198,-0.1282,-0.0761,-0.1536,-0.0102,-0.0517,-0.5973,0.0742,0.0059,-0.1586,-0.1404,0.3161,0.2553,-0.2267,-0.0244,-0.0387,-0.1503,-0.0486,-0.1867,0.0173,0.3183,0.1651,-0.0366,-0.0546,0.1502,0.0335,0.1263,0.0136,-0.0666
455,5515,108,4,walking,-0.0,,,,,,,,,,,,,,,,,,,,,,,,,,,,,,,,,,,
456,5516,108,4,walking,-0.0246,-0.0443,-0.0103,0.0258,0.0018,0.0136,0.0044,-0.0018,0.0145,-0.0153,-0.0135,-0.0255,0.0057,0.0069,0.0158,0.0104,0.0023,0.0219,-0.0205,-0.0148,0.0146,0.0156,0.0138,-0.0033,0.0208,0.0045,0.0212,0.012,0.0282,0.0065,-0.0009,-0.0157,-0.006,0.0238,0.0084,0.0072
457,5517,108,4,walking,-0.0694,-0.7526,0.0234,-0.048,0.004,-0.0477,0.0551,0.4651,-0.038,-0.0452,-0.2924,-0.1557,-0.1522,-0.7993,-0.0058,0.0371,0.139,0.2023,0.2158,0.0726,-0.0533,-0.0767,-0.0169,-0.1036,-0.0388,0.0157,0.0555,0.0089,0.1341,0.002,0.0424,-0.0142,-0.0065,0.0044,-0.0389,0.0129
458,5518,108,4,walking,0.1706,-0.2339,-0.0624,0.1681,0.0588,0.1651,-0.0375,0.1153,-0.0056,-0.0108,-0.0566,0.0103,0.0248,-0.0176,-0.018,0.0402,0.0477,0.0128,-0.0433,0.1364,0.0483,0.1207,-0.005,0.102,0.0213,0.002,0.0352,0.0556,-0.03,,,,,,,
459,5519,108,4,walking,0.0618,0.0884,-0.0369,0.0452,-0.0501,-0.0261,-0.0489,0.1208,0.0452,-0.0462,0.0462,-0.0342,0.0563,0.0534,-0.0424,0.0571,0.0308,0.1088,0.0127,0.0252,-0.004,-0.0207,-0.0152,-0.0122,-0.0219,-0.0119,0.0023,-0.0188,0.0266,-0.01,-0.0018,0.0207,0.0264,0.0137,-0.0135,
460,5520,108,4,walking,-0.0105,-0.725,-0.0099,-0.0023,-0.0038,-0.0448,0.0112,0.4731,-0.0072,-0.0185,-0.2425,-0.0558,-0.0169,-0.2892,0.0114,0.0047,-0.009,-0.0142,0.0136,-0.006,-0.022,0.0111,0.0024,-0.0005,-0.0289,0.0041,0.0033,-0.0052,0.0164,-0.0048,-0.0122,0.0053,-0.005,0.0215,-0.004,
461,5521,108,4,walking,0.0054,0.0044,-0.0038,-0.0052,0.0014,0.0058,-0.0052,-0.0004,0.0125,0.0044,-0.0124,0.0065,-0.002,-0.0022,0.0042,0.0033,-0.0075,-0.0038,0.0254,0.0001,-0.0014,0.0038,0.0053,0.0002,0.0016,0.0008,0.0057,0.0064,0.0041,0.0043,0.0005,-0.0003,0.0025,0.0032,0.0008,-0.0002
462,5522,108,4,walking,-0.1179,-1.1464,0.1016,0.1003,0.0047,0.1587,-0.0045,0.7237,-0.0332,-0.0513,-0.3766,-0.0825,-0.2629,-0.7922,-0.0243,-0.0171,0.2271,0.0751,-0.1832,-0.3314,0.01,0.217,-0.2141,-0.1259,0.0106,0.0153,0.0702,0.2121,0.0032,0.0504,0.0278,0.0457,-0.0708,-0.1451,0.0577,0.0024
463,5523,108,4,walking,0.017,0.0063,-0.0067,0.0163,-0.0007,0.0205,0.0,0.0126,-0.0024,0.0003,0.005,0.0035,0.0033,0.0183,0.0043,0.0005,0.0121,0.0057,0.0012,0.0055,0.0012,0.0072,0.0034,0.0012,-0.0028,0.0035,0.0036,-0.0047,-0.0036,0.0082,0.0003,0.0201,0.0008,-0.0117,0.0,
464,5524,108,4,walking,-0.0155,-0.0066,0.0024,0.0053,-0.0038,0.0175,-0.0107,0.0147,-0.0065,0.0125,-0.0071,-0.0068,-0.0086,0.0174,0.0032,-0.0123,0.01,-0.0053,0.0235,-0.0009,0.0028,0.0004,0.0024,0.0256,0.0009,0.0054,0.0162,-0.0073,0.0067,0.0043,0.0121,0.0113,0.0065,-0.0054,0.0,
465,5525,108,4,walking,0.0652,-0.6117,0.0027,0.0656,-0.0134,0.0105,0.0044,-0.2553,-0.015,0.0184,0.0029,0.0318,-0.0,,,,,,,,,,,,,,,,,,,,,,,
466,5526,108,4,walking,-0.0526,0.1025,,,,,,,,,,,,,,,,,,,,,,,,,,,,,,,,,,
467,5527,108,4,walking,-0.0175,-0.0015,0.01,-0.0127,-0.0031,-0.0046,-0.0025,0.0054,-0.002,-0.0143,0.0054,0.0081,-0.0185,-0.0052,-0.0027,-0.0023,0.0015,0.0102,0.0016,0.0033,0.0027,-0.0013,-0.0017,-0.0004,-0.0106,-0.0151,-0.0062,-0.0062,0.0118,0.0032,0.0124,-0.0046,-0.0035,0.0128,-0.0,
468,5528,108,4,walking,,-1.3364,-0.1583,-0.363,-0.1366,-0.3043,0.0575,0.708,0.0073,-0.0136,-0.4526,-0.0756,-0.003,-0.8505,0.1898,-0.2843,-0.6363,0.1654,-1.1481,-0.037,-0.6509,0.3705,-0.0648,0.5264,-0.2165,-0.0556,-0.3246,-0.1037,-0.0299,-0.2461,0.1524,0.0513,-0.2106,-0.0624,-0.0492,-0.222
469,5529,108,4,walking,-0.2237,-1.2929,0.0323,-0.4289,-0.2867,-0.2422,0.0617,0.8567,-0.0369,-0.1096,-0.4982,-0.018,0.2327,-0.3894,-0.2501,-0.0512,-0.043,0.2568,0.1512,-0.2056,-0.0276,-0.3645,0.0584,0.0252,-0.2262,-0.0408,-0.1722,0.0819,0.1834,0.0065,-0.1041,0.1786,0.0703,0.088,-0.0129,-0.0477
470,5530,108,4,walking,-0.0687,0.2453,0.027,-0.0346,0.0732,0.0153,-0.0427,-0.3222,0.0092,0.0156,0.1014,0.0638,-0.0179,-0.0891,0.0284,0.0015,0.0518,0.1071,0.0193,0.0069,0.0365,-0.0055,0.0167,0.0309,0.0023,0.0173,0.0167,0.0423,0.0463,-0.0111,-0.0034,0.0325,0.0007,0.0016,-0.01,
471,5531,108,4,walking,-0.0197,-1.0866,-0.0258,-0.0199,-0.0285,-0.0005,-0.0056,0.4761,-0.0443,-0.0374,-0.294,-0.082,-0.1672,-0.6572,-0.0339,-0.0604,-0.1153,-0.126,0.172,0.0492,-0.1033,-0.1335,-0.2356,-0.2655,0.1106,-0.1105,-0.1876,-0.1045,0.1292,0.0138,-0.0675,0.0717,-0.0774,-0.0035,0.0583,0.0022
472,5532,108,4,walking,0.2427,-0.3324,-0.074,-0.005,-0.0154,-0.0076,0.0153,0.182,0.0128,-0.0425,0.0828,-0.0288,-0.0488,0.0164,-0.0427,-0.033,-0.0372,-0.0395,-0.006,-0.0009,-0.0743,-0.1345,-0.0324,0.0231,0.0262,0.0039,-0.0087,-0.0247,0.0268,0.0402,-0.0068,-0.0447,0.0287,0.0209,0.0082,
473,5533,108,4,walking,-0.0576,0.0213,0.0233,0.0124,-0.043,-0.0075,-0.0176,0.007,-0.0044,-0.0208,-0.0126,-0.0067,-0.0552,0.0459,0.0347,0.0228,0.0302,-0.0105,-0.0143,-0.0017,0.0267,0.0028,-0.0127,0.0208,0.02,0.0014,0.0263,0.014,-0.0009,0.0118,0.0133,0.0047,0.0046,,,
474,5534,108,4,walking,-0.0518,-0.1073,-0.013,-0.0243,0.0024,0.0046,-0.0224,0.022,-0.032,-0.0038,-0.0258,-0.0028,-0.0052,-0.0516,0.005,0.0212,0.0032,0.0326,0.0022,0.004,-0.0105,-0.002,0.0142,0.0042,0.0258,0.003,0.0129,0.0122,0.0055,0.0208,0.0074,0.0043,0.0075,0.0232,0.0,
475,5535,108,4,walking,0.0971,-1.0331,0.0108,0.3512,0.258,0.1293,0.0407,0.51,0.0055,0.0285,-0.3253,-0.0588,-0.063,-0.8628,0.1874,0.2573,0.7822,0.6468,-0.6533,0.0574,-0.567,0.0184,-0.683,0.0558,0.2485,-0.1082,0.1101,0.2247,0.0287,0.3003,-0.0879,0.0291,-0.2718,-0.0247,-0.1806,-0.1588
476,5536,108,4,walking,-0.0978,-0.7891,0.0566,0.2818,-0.0658,0.1467,-0.1245,0.5153,-0.0279,-0.0754,-0.3239,-0.1279,0.0656,-0.4205,-0.0148,-0.1519,0.1932,-0.0777,0.1272,-0.2196,-0.1506,0.0792,0.2185,-0.0288,-0.0353,-0.0371,0.0579,0.0827,0.0194,0.1605,-0.0586,0.066,-0.0245,0.0728,0.0007,0.0451
477,5537,108,4,walking,-0.0053,0.0347,-0.0182,-0.0037,-0.0145,0.0089,0.0215,0.0436,0.0002,0.0076,-0.0022,0.0257,0.013,-0.0186,0.0202,-0.0054,-0.0034,0.0025,-0.0045,-0.0026,0.0207,0.0058,-0.0024,0.0136,0.0044,0.0127,-0.0007,-0.0083,0.0077,0.0173,0.005,0.0018,0.021,0.0004,-0.0158,
478,5538,108,4,walking,-0.0067,-0.2171,0.0179,0.0508,-0.016,-0.0286,0.0124,0.0866,0.0168,0.0034,-0.0488,0.0247,-0.027,-0.2606,-0.0044,0.031,0.0039,0.0054,0.0048,-0.0127,-0.0025,0.0065,0.0057,-0.0012,-0.0233,0.0007,-0.0012,-0.0025,0.0126,0.0065,0.0148,0.0162,0.0047,-0.0008,0.0017,-0.0102
479,5539,108,4,walking,-0.013,0.0182,0.0053,-0.0009,0.0134,-0.0009,0.002,0.0032,0.0005,0.0138,0.0032,-0.0057,0.0,-0.0082,-0.0058,0.0065,0.0152,-0.0066,0.0072,0.0042,0.0081,0.006,-0.0031,0.0162,0.0062,-0.0037,-0.0022,-0.0065,0.0251,0.0134,0.0038,-0.0022,0.0018,-0.0004,0.0,
480,5540,108,4,walking,-0.0051,0.002,0.0005,-0.001,0.0122,0.0118,-0.0024,0.0044,0.0041,-0.0001,-0.0005,0.0065,-0.0006,0.0187,-0.0021,0.0033,0.0,0.0074,0.0028,0.0011,0.0007,0.0156,0.0034,0.0031,-0.0004,-0.0028,-0.0022,-0.0044,-0.0007,0.0144,0.0027,0.0112,-0.0054,0.007,-0.0,
481,5541,108,4,walking,-0.0116,-0.0267,-0.0072,0.0007,-0.0064,-0.0032,-0.0104,0.0287,-0.0104,-0.0038,-0.0257,-0.0057,0.0083,0.0223,0.0003,0.013,0.0063,-0.0029,0.0181,0.0007,0.002,0.0117,0.0032,0.0103,0.0163,0.0018,0.0055,0.0078,0.0077,0.003,-0.0017,-0.0063,0.0126,0.0042,0.0027,0.0
482,5542,108,4,walking,-0.0318,-0.7042,0.0633,-0.1609,0.1231,-0.0096,-0.0307,0.5137,-0.068,-0.0004,-0.264,-0.103,0.0027,-0.7815,-0.0131,0.2352,0.6446,-0.0236,-0.1339,-0.4496,0.2853,-0.097,0.0629,-0.2145,-0.1572,0.0756,0.1311,,,,,,,,,
483,5543,108,4,walking,0.0216,-0.0467,0.0214,-0.0316,-0.0128,-0.0115,-0.0028,0.1,-0.0305,0.0142,0.0104,-0.0033,0.0035,0.0222,0.0267,0.0084,-0.0176,0.0236,-0.0111,-0.0141,0.0111,0.0107,0.0046,0.0037,-0.0074,-0.0075,0.0055,0.0244,-0.0156,0.0167,-0.015,0.0029,0.0115,-0.007,-0.0128,0.0042
484,5544,108,4,walking,-0.2379,-1.2602,-0.0347,0.0925,0.3607,-0.1008,-0.0,0.3458,-0.0136,-0.0252,-0.3622,-0.0645,-0.2329,-0.6798,0.0529,0.2317,-0.2655,-0.3278,-0.2284,-0.5116,-0.108,0.1181,0.1346,-0.0857,0.2222,0.0483,-0.0453,0.1409,0.2204,0.1043,0.0471,-0.2608,0.1127,0.0785,-0.0008,0.0356
485,5545,108,4,walking,-0.1947,-1.0426,0.0412,-0.3712,-0.1025,-0.0504,0.0707,0.5755,-0.0537,-0.1408,-0.2844,-0.0598,0.121,-0.3974,0.0587,0.1449,0.5507,1.0654,0.231,0.7171,-0.1375,-0.5036,-0.5375,-0.1248,-0.3214,-0.1658,0.2308,-0.574,-0.3178,-0.5146,-0.0893,0.1078,-0.2351,0.0862,0.2506,-0.0646
486,5546,108,4,walking,-0.1794,-0.8267,-0.0154,0.3451,0.203,0.2872,0.1255,0.878,-0.138,0.032,-0.5344,-0.067,-0.2646,-0.6395,0.2531,0.2068,-0.1383,1.0309,0.6015,0.2883,-0.4285,-0.2412,-0.0163,0.3674,0.3268,0.1386,0.0783,-0.2603,0.3453,0.2563,0.0504,0.4659,-0.1606,-0.1095,0.0656,0.1542
487,5547,108,4,walking,-0.0987,-1.121,0.0144,0.0275,0.0555,0.1185,0.0606,0.5675,-0.0222,-0.0175,-0.3388,-0.1555,-0.2337,-0.3885,-0.0252,0.0287,-0.0446,0.066,0.1084,-0.0667,-0.0032,0.0282,-0.006,-0.0115,-0.1046,0.0468,-0.0117,0.1231,-0.1038,-0.0094,0.0135,0.0359,0.0122,-0.0007,0.0353,0.0132
488,5548,108,4,walking,-0.0026,-0.015,-0.0021,-0.0022,0.0006,0.0054,0.0012,0.0156,0.0024,0.0007,0.0047,0.003,-0.0015,0.017,0.0003,-0.002,-0.0008,0.014,-0.0008,0.0057,0.0014,-0.0038,0.0108,-0.0055,-0.0064,0.002,-0.0026,0.0126,-0.0053,0.004,0.0008,-0.0047,-0.0004,-0.0072,0.0,
489,5549,108,4,walking,1.0,-0.0174,-1.2925,-0.0268,-0.0122,0.0066,0.0316,0.0038,0.7349,-0.0447,-0.0069,-0.459,-0.071,0.0485,-0.5188,0.0098,0.0335,0.1236,0.1385,0.086,-0.2295,0.0408,0.0065,0.0708,-0.0286,-0.0615,-0.0088,-0.0278,-0.1332,-0.0375,-0.0667,-0.0285,-0.0063,0.0133,0.0134,0.0066
490,5550,108,4,walking,36.0,0.0,-0.0779,1.0,-0.7449,2.0,-0.024,3.0,-0.0369,4.0,0.056,5.0,-0.1222,6.0,0.0473,7.0,0.3376,8.0,0.0353,9.0,-0.0411,10.0,-0.182,11.0,-0.0228,12.0,0.0794,13.0,-0.428,14.0,0.012,15.0,-0.122,16.0,0.2332,17.0
491,5551,108,4,walking,-0.0319,0.163,-0.0728,-0.1122,0.0642,-0.0833,0.0082,-0.0793,0.0227,-0.0707,-0.0672,-0.1307,-0.2381,0.0285,-0.0097,0.0265,-0.1323,-0.0259,0.0505,0.0326,0.014,0.0144,0.0237,0.0423,0.012,-0.0207,0.0256,0.0015,-0.0479,0.0165,0.0045,0.0352,0.0008,0.0345,0.0032,
492,5552,108,4,walking,-0.1176,-0.7655,-0.0134,-0.098,-0.0464,-0.0289,-0.0607,0.3536,0.0322,-0.0367,0.1422,0.0507,-0.0678,-0.1132,0.0084,0.041,-0.0327,-0.0032,0.0304,-0.0026,-0.0155,-0.0245,-0.0038,0.0349,0.0051,0.0147,0.0078,0.0284,0.0337,0.0034,0.0182,0.0037,-0.0075,-0.004,0.0057,
493,5553,108,4,walking,-0.0244,-0.8414,-0.0538,0.2757,-0.3263,-0.0853,0.06,0.5907,-0.1029,-0.0616,-0.3024,-0.0848,-0.1638,-0.9186,0.063,-0.2281,-0.0701,-0.0277,0.327,0.3486,-0.284,-0.217,-0.3128,0.257,-0.0167,-0.0496,-0.0853,0.251,-0.2316,-0.0894,-0.2504,0.2766,0.061,-0.2601,-0.0616,-0.0785
494,5554,108,4,walking,0.0405,-0.0483,0.0063,-0.0003,-0.0286,0.0073,-0.0206,0.0518,-0.0069,0.013,-0.0111,-0.0087,-0.0282,0.0176,0.0005,-0.0118,0.0144,-0.0008,-0.0144,0.0034,-0.0108,0.0106,0.0016,0.0256,0.0065,0.0004,0.0173,0.0134,-0.0047,-0.0114,0.0157,-0.0046,0.0082,-0.0014,0.02,
495,5555,108,4,walking,-0.0107,-1.0153,0.0339,-0.0589,-0.1327,-0.032,0.0352,0.5178,-0.0726,-0.023,,,,,,,,,,,,,,,,,,,,,,,,,,
496,5556,108,4,walking,-0.1197,-0.8229,0.0718,0.161,0.1382,0.0258,-0.0203,0.5547,0.0067,-0.0232,-0.2945,-0.0236,0.1147,-0.3384,-0.0781,-0.265,0.7727,-0.3697,1.1568,-0.1542,-0.2385,0.2313,0.2747,0.6779,-0.2237,-0.26,-0.1888,-0.2471,0.1007,-0.3139,-0.0803,0.262,0.1479,0.0488,-0.1008,0.1375
497,5557,108,4,walking,-0.0495,-0.9657,0.0992,-0.0536,-0.1031,-0.0868,-0.1006,0.5253,-0.1285,0.0053,-0.3415,0.1245,0.1655,-0.4903,0.046,-0.0358,-0.2908,0.274,0.0564,-0.1569,0.1457,-0.0136,0.0222,-0.0746,-0.1635,0.0042,0.2166,0.1387,0.0105,0.0364,0.01,0.0258,-0.0356,0.0478,-0.0075,0.0135
498,5558,108,4,walking,0.0055,-0.0062,-0.0021,-0.0015,0.0028,0.0013,-0.0023,0.0254,-0.0004,0.0065,-0.0116,0.0017,-0.0144,0.0045,-0.0018,0.0032,-0.0063,-0.0002,-0.0028,-0.002,-0.0008,0.0127,0.0016,0.0057,0.0005,-0.0046,0.0004,-0.0018,0.0037,0.0023,0.0011,-0.0037,-0.0018,-0.0005,-0.0,
499,5559,108,4,walking,-0.005,-0.0018,-0.0141,0.0007,0.0002,0.0015,-0.0071,-0.0172,0.0035,-0.0019,-0.0042,0.0175,,,,,,,,,,,,,,,,,,,,,,,,
500,5560,108,4,walking,-0.1079,-0.7448,-0.1018,-0.1044,-0.0933,-0.1424,-0.0615,0.2401,-0.0084,-0.0522,-0.1571,-0.0774,-0.004,-0.8377,-0.0082,0.0188,0.0674,-0.1464,-0.0769,0.2182,-0.2085,-0.2641,0.1608,-0.0082,0.0352,-0.0447,0.0581,0.114,-0.0407,0.0099,-0.0753,-0.003,-0.0362,-0.0048,-0.018,
501,5561,108,4,walking,-0.0715,-1.3679,-0.1232,-0.0894,-0.035,-0.1877,0.0027,0.5127,-0.0274,-0.0589,-0.3031,-0.0756,-0.0435,,,,,,,,,,,,,,,,,,,,,,,
502,5562,108,4,walking,0.0304,-0.687,0.1174,0.0199,-0.0378,0.0048,0.0109,0.3373,-0.0076,-0.0116,-0.174,-0.0659,0.0118,-0.2826,-0.0905,0.0131,0.405,0.5276,-0.2583,0.9702,-0.0722,0.0049,0.016,0.3856,0.0705,0.0133,0.0682,0.0156,-0.0144,0.2487,0.0933,0.0487,0.0151,-0.1078,0.043,
503,5563,108,4,walking,-0.0452,-0.0372,0.0025,-0.0073,-0.0128,0.013,0.0045,0.1662,-0.0026,0.0205,-0.0124,-0.013,0.0367,-0.0033,0.0323,0.0008,-0.0113,0.0004,-0.0024,-0.0038,-0.0125,0.0037,0.0021,0.0,0.0124,-0.0015,0.0031,0.0141,0.0113,0.0007,0.002,-0.001,0.004,0.0014,0.0,
504,5564,108,4,walking,-0.0794,-1.332,-0.0417,0.3503,0.2801,-0.0369,-0.0336,0.6042,0.0642,-0.0457,-0.4184,-0.1488,-0.1859,-0.7504,-0.0408,0.0451,0.46,-0.1657,0.1444,-0.0572,-0.0056,-0.1592,-0.0354,0.2013,0.1886,-0.0741,-0.1154,0.3203,-0.0532,-0.0346,-0.1056,0.0097,-0.0527,-0.1278,0.065,0.0327
505,5565,108,4,walking,0.0204,-0.0109,-0.0212,-0.0155,0.0016,-0.0273,0.0257,0.007,0.0022,-0.0125,-0.0012,0.0118,-0.0016,0.0217,0.0014,-0.0055,0.0036,-0.0171,-0.0241,0.0022,0.0076,0.0242,0.0026,0.0036,-0.008,-0.0037,-0.0065,0.0108,-0.0024,-0.0163,-0.002,0.0152,-0.0012,0.0126,0.0126,-0.0053
506,5566,108,4,walking,-0.0052,-0.002,0.0041,0.0018,0.0,0.0003,-0.0011,-0.0025,-0.0033,-0.0014,-0.005,-0.0011,0.0025,-0.003,0.0007,0.0012,0.0036,-0.0024,-0.0,0.0017,-0.0022,0.0047,0.0011,0.0061,0.0023,0.0014,0.0004,0.0033,0.0012,0.0036,-0.0006,-0.003,0.0031,-0.0007,0.0,
507,5567,108,4,walking,-0.0025,0.0043,0.0016,0.001,-0.0022,0.0007,0.0007,-0.006,0.0005,-0.0031,0.0028,0.0,0.0057,0.0,-0.0054,-0.0008,0.0006,0.0002,0.0077,0.003,-0.0013,0.001,0.0031,0.0002,-0.0003,-0.0,0.0008,0.0003,0.0005,-0.0001,-0.0,-0.0002,0.0018,0.0007,0.0,
508,5568,108,4,walking,-0.1883,0.051,-0.131,0.0876,-0.0042,0.0377,-0.0374,0.2452,-0.1216,-0.025,-0.0587,0.0408,-0.0033,-0.0147,-0.1772,-0.0784,0.1176,0.0644,-0.0488,0.0883,0.0403,0.1103,0.0178,0.0851,-0.0653,0.0641,-0.0102,-0.0479,-0.0723,-0.082,0.0156,-0.0353,-0.0384,0.009,0.0007,-0.0056
509,5569,108,4,walking,-0.0455,-0.3583,-0.0229,-0.0424,0.1041,-0.1294,0.03,0.4527,-0.0277,-0.0376,-0.2526,-0.0553,-0.0502,-0.3773,0.0521,0.0787,-0.0287,0.1648,-0.0126,0.1086,0.0371,0.1061,0.0352,-0.0275,0.0096,-0.0073,-0.0588,-0.1048,0.0077,-0.0088,-0.0257,0.0141,-0.0087,0.0253,0.0075,0.0236
510,5570,108,4,walking,0.2095,-1.0719,0.0521,-0.3144,0.1233,0.0236,0.0515,0.3286,-0.0566,-0.0243,-0.1827,0.0702,0.0581,-0.5549,-0.1177,-0.1133,0.7826,0.7664,-0.0284,-0.4158,0.03,-0.025,0.1213,-0.3274,0.0003,-0.0079,-0.0102,0.0774,0.1044,-0.1342,0.1047,0.1045,-0.0195,-0.217,0.1873,-0.0433
511,5571,108,4,walking,0.014,-0.0236,0.0071,-0.0019,0.002,0.0058,-0.004,0.0572,0.0148,0.0132,0.0037,0.0038,0.012,-0.0026,0.0167,-0.0018,-0.0003,-0.0125,0.0228,0.0085,0.0041,-0.0138,0.0019,-0.013,0.0004,0.0066,-0.002,0.0265,-0.0082,-0.013,0.0064,0.0143,0.0105,0.0083,0.002,
512,5572,108,4,walking,-0.0549,-0.7376,-0.015,-0.0136,0.016,0.0227,0.005,0.7122,-0.0423,-0.0029,-0.4102,-0.0579,-0.0105,-0.3184,-0.0216,-0.0087,0.0226,0.0268,0.0235,0.0514,-0.0087,-0.0128,0.0026,0.0142,-0.0151,-0.0132,-0.013,0.0137,0.0076,-0.0009,-0.0078,-0.0265,0.0147,0.0115,0.0047,0.0262
513,5573,108,4,walking,-0.027,0.0237,-0.0534,0.0006,-0.124,0.1321,0.0034,-0.012,0.024,0.0204,-0.0035,-0.057,0.0258,0.1345,0.0235,-0.0158,0.0456,0.115,0.1007,0.0467,0.0057,-0.0023,0.0507,0.0158,-0.0013,-0.0532,-0.0146,0.0079,0.0418,0.0477,0.0033,-0.0284,-0.0377,0.0085,-0.0053,
514,5574,108,4,walking,-0.01,0.0982,0.0053,-0.0255,0.0014,-0.0024,-0.0054,-0.0029,-0.0236,-0.0042,-0.0055,0.011,-0.0007,0.0133,0.0024,0.0127,0.0066,-0.0028,0.0165,0.0113,0.003,0.0012,0.0054,0.0066,0.0063,0.0004,0.0207,-0.0046,0.002,0.0037,-0.0053,0.0004,0.0001,,,
515,5575,108,4,walking,0.4035,-0.0296,-0.1026,-0.2,-0.0836,-0.1818,0.0497,-0.0383,0.146,-0.1206,-0.0382,-0.0066,0.0482,-0.2888,0.0792,-0.1233,-0.0856,-0.0406,-0.2272,0.0558,0.1425,0.0023,0.037,0.0606,-0.025,-0.1605,0.0728,0.0244,0.0421,0.0628,-0.0087,0.1566,0.0337,-0.0355,-0.0049,0.0224
516,5576,108,4,walking,-0.0068,-0.0267,-0.0078,0.017,-0.0053,-0.0063,0.0141,0.0224,0.0013,-0.0056,-0.0178,,,,,,,,,,,,,,,,,,,,,,,,,
517,5577,108,4,walking,0.0947,-1.0886,-0.0101,-0.3132,0.2369,0.2507,-0.0405,0.4879,0.0705,0.0394,-0.2808,0.1359,-0.1158,-0.8401,0.033,-0.0423,0.1516,0.1133,0.3474,0.2232,0.0884,0.0884,-0.0814,-0.0381,0.1217,-0.0605,-0.0039,-0.0677,0.0096,0.0633,-0.0151,0.0049,0.0152,-0.1344,-0.0066,-0.0147
518,5578,108,4,walking,0.0129,-0.7541,0.12,0.0338,0.0102,-0.0216,0.0112,0.6122,-0.0338,-0.012,0.024,0.0108,0.2618,-0.3503,-0.0419,0.0117,0.2758,-0.0946,-0.4004,0.165,0.0614,-0.0141,-0.1367,-0.092,0.0197,0.0005,0.0198,0.2036,-0.0153,0.1449,0.0023,0.0113,-0.0654,0.015,0.013,
519,5579,108,4,walking,-0.0358,-1.1734,0.1171,-0.2431,-0.1687,0.2142,0.0465,0.6787,-0.0196,-0.0628,-0.4512,-0.08,-0.108,-0.7769,-0.2436,0.0772,0.5787,0.0899,-0.4012,0.3243,-0.2417,-0.1396,-0.2264,0.0146,0.2249,0.2562,-0.0731,0.4188,0.0393,0.0263,-0.1103,0.1165,0.2155,0.222,0.0244,-0.0839
520,5580,108,4,walking,-0.0157,-0.0026,0.0151,-0.0243,0.0174,0.0022,-0.0042,0.0438,0.0167,0.0033,-0.0033,0.0039,0.0274,-0.0059,0.0049,0.0227,0.0253,0.0034,-0.0141,0.014,0.0004,-0.0106,0.0236,0.012,0.0062,0.0232,0.0014,0.0047,0.0078,0.0125,0.0136,-0.0047,0.0076,0.0,,
521,5581,108,4,walking,-0.0794,-0.9283,0.0385,-0.0199,-0.0322,-0.0532,0.0188,0.779,-0.0546,-0.044,-0.4054,-0.2077,0.3446,-0.2945,0.1346,0.0582,-0.1242,-0.2248,-0.06,-0.2362,-0.0653,0.032,0.0555,-0.1731,0.0125,-0.0517,-0.1705,0.1523,0.1672,0.0502,-0.0872,0.1752,0.0395,0.0657,-0.0246,0.0445
522,5582,108,4,walking,0.0764,,,,,,,,,,,,,,,,,,,,,,,,,,,,,,,,,,,
523,5583,108,4,walking,36.0,-0.0139,1.3273,0.0002,0.1145,0.031,0.0547,-0.0265,0.4534,-0.0355,-0.0158,-0.2532,-0.0504,0.0661,-0.3042,-0.0135,0.0302,0.1569,0.1774,0.0768,-0.224,-0.1071,-0.0098,-0.0198,-0.038,0.0617,-0.062,-0.0524,0.0274,-0.0556,0.1105,0.0222,-0.002,-0.0014,-0.0409,0.0558
524,5584,108,4,walking,-0.0062,0.0132,-0.0006,-0.0161,-0.0077,0.0113,-0.0135,0.0064,-0.0042,0.0009,0.0034,-0.0088,-0.003,0.0286,-0.0087,0.002,0.0034,0.0135,0.0078,-0.0036,-0.0112,0.0114,0.0011,0.0264,0.0055,0.0043,0.0136,0.0015,-0.0005,-0.0007,0.0105,0.0022,0.0011,0.0025,-0.0,
525,5585,108,4,walking,0.164,0.1804,0.0104,0.1645,-0.0454,-0.0406,-0.0009,-0.0443,0.0062,0.0327,-0.0534,-0.0355,-0.0255,0.0612,-0.0227,0.0527,-0.0358,-0.0035,-0.156,0.0155,0.0178,-0.0412,0.0003,0.0333,0.0016,-0.0425,0.0234,0.0208,-0.0223,0.0374,-0.0024,0.0052,-0.0087,-0.0303,0.003,
526,5586,108,4,walking,-0.2271,-1.4235,-0.0179,-0.3172,-0.26,-0.2073,-0.0346,0.5769,-0.0458,-0.0575,-0.3078,-0.0654,0.2608,-0.3446,-0.0534,0.2102,-0.3228,0.1405,-0.4702,0.3132,0.0869,0.3359,0.1414,-0.4309,0.2011,-0.0649,0.1285,0.1163,0.0195,0.1192,-0.2068,-0.1544,-0.1514,-0.2206,-0.0604,-0.0734
527,5587,108,4,walking,-0.0937,-0.6473,-0.0656,0.1815,-0.1161,-0.0867,0.0057,0.4756,0.008,-0.0013,-0.2325,-0.0655,-0.1668,-0.7338,-0.0148,0.2746,0.1835,0.3551,0.0796,0.0076,-0.1557,-0.0707,-0.0264,0.1186,-0.0335,-0.051,-0.0787,-0.035,-0.0759,0.0159,0.07,-0.1181,-0.0323,-0.0135,-0.0884,-0.0534
528,5588,108,4,walking,-0.0086,0.0326,0.0017,0.0219,-0.0125,-0.0202,-0.0059,-0.0087,0.0125,-0.0002,-0.0203,0.014,0.0088,-0.0174,0.0201,-0.0013,-0.0034,-0.0029,-0.0232,0.0248,-0.014,0.0123,0.0027,0.0078,0.0034,-0.0145,0.0038,-0.0104,0.001,0.023,0.0028,-0.0009,-0.0058,0.0115,0.001,
529,5589,108,4,walking,-0.0177,-0.6633,0.0444,0.016,0.0448,0.0085,-0.0376,0.3725,-0.0232,-0.0233,-0.2258,-0.0432,-0.0086,-0.5205,0.0129,0.0317,-0.1337,0.0503,-0.0153,-0.0525,-0.031,0.0223,-0.1133,0.104,0.0193,0.0207,0.0362,0.1307,-0.0744,0.1107,-0.0007,0.0169,0.0504,-0.0016,-0.0088,0.002
530,5590,108,4,walking,-0.0078,-0.757,0.0382,0.0027,0.0372,-0.0284,0.003,0.4602,0.0139,-0.0363,-0.2438,-0.036,-0.0762,-0.8777,0.0157,0.0023,-0.2607,-0.0172,-0.2388,-0.038,0.0006,-0.0563,-0.0122,-0.0048,-0.034,-0.0324,-0.0362,-0.0203,0.005,-0.0008,-0.0253,0.0247,-0.0126,-0.031,0.0066,-0.0033
531,5591,108,4,walking,-0.0786,-0.8221,0.0038,0.0523,0.1347,0.0739,-0.0341,0.4258,0.021,-0.0176,-0.2545,-0.0832,0.0189,-0.4326,0.0647,0.038,0.3277,0.2006,-0.0121,-0.0009,-0.0374,-0.0842,0.2028,0.1125,-0.2355,-0.0104,0.0431,0.3017,0.0646,0.119,-0.0268,0.04,0.0425,0.0005,0.143,0.0483
532,5592,108,4,walking,-0.0569,-0.0762,0.0337,0.0481,-0.076,-0.0451,0.0415,0.848,-0.0423,0.0116,0.1757,0.0119,0.0003,0.1143,0.0004,0.0325,0.0724,0.0334,0.1046,-0.0363,0.0404,-0.0372,0.0574,0.0062,-0.0573,0.0122,-0.0047,-0.0148,0.0133,0.0005,-0.0205,0.0182,0.0055,0.0206,-0.0177,0.0124
533,5593,108,4,walking,-0.0117,-0.728,-0.0163,-0.0512,-0.048,-0.1547,-0.0533,0.2228,-0.0457,-0.0512,-0.1969,-0.0525,-0.2541,-0.4518,0.0636,-0.101,-0.1357,0.3241,-0.2468,-0.2284,-0.1459,0.0763,-0.2606,-0.1054,0.1586,-0.0357,-0.0235,0.1149,0.0615,-0.0053,-0.0213,0.1346,-0.0227,0.1345,-0.0777,0.0325
534,5594,108,4,walking,-0.0103,0.0035,0.0024,-0.0024,-0.0077,-0.007,0.001,-0.016,0.0043,0.0031,0.0067,-0.0102,-0.0072,0.0162,0.0024,0.0125,-0.003,-0.0025,0.0145,0.0154,0.0,0.004,0.0028,0.0153,0.0074,0.0,0.0007,0.0148,-0.0006,-0.0053,-0.0006,-0.0104,0.0012,0.0041,-0.0,
535,5595,108,4,walking,-0.0058,-0.7972,0.0266,-0.0211,0.0348,-0.0195,0.0132,0.3383,-0.0446,-0.0111,-0.2524,-0.077,-0.035,-0.5367,0.0632,-0.0191,-0.1445,-0.1696,-0.0099,-0.038,-0.0104,0.0215,0.0636,-0.004,-0.0266,-0.016,0.0104,-0.1245,-0.0495,-0.0554,-0.0292,-0.0116,-0.0373,-0.0046,-0.0105,0.0021
536,5596,108,4,walking,-0.0762,-0.7586,-0.0197,-0.1029,-0.0275,-0.1002,-0.0174,0.3864,-0.0499,-0.0222,-0.2386,-0.0831,-0.148,-0.4368,-0.0812,-0.0072,-0.3569,0.0925,-0.0839,-0.1726,0.1245,-0.2566,-0.0034,-0.1456,-0.035,-0.0847,-0.0092,0.2166,0.0408,-0.0192,-0.1024,-0.1226,0.1028,-0.0073,-0.0221,0.002
537,5597,108,4,walking,-0.0626,0.0178,0.0052,0.1062,0.0122,0.0055,-0.02,-0.1485,0.0168,0.0023,0.0284,0.0068,-0.0363,0.038,-0.021,-0.0008,0.0044,0.0062,0.0271,-0.0345,-0.0056,-0.0123,0.0055,-0.0022,0.0128,-0.0018,-0.0046,0.0145,0.0103,0.0106,0.0114,-0.0083,0.0235,-0.0046,-0.012,
538,5598,108,4,walking,-0.0787,-1.0432,-0.0649,-0.1745,-0.0672,-0.2288,0.085,0.7393,0.0512,-0.0045,-0.4401,-0.1118,0.0798,-0.3967,-0.082,-0.0637,1.0418,-0.3344,-0.0578,-0.412,0.0811,0.1149,0.0787,0.0425,0.0355,-0.1767,0.0546,-0.2353,-0.0304,-0.1581,0.0083,-0.0721,0.0765,-0.0758,0.0588,0.0287
539,5599,108,4,walking,-0.0761,-1.2997,0.174,0.1551,0.153,-0.2334,0.0884,0.4248,-0.0158,0.0117,-0.1855,-0.0951,-0.0128,-0.6251,0.029,-0.0331,0.1808,-0.0105,0.4682,-0.3536,0.0105,-0.041,0.3599,0.1086,0.0598,0.0072,-0.1686,-0.1332,0.3665,-0.2523,0.0545,-0.138,0.1302,0.0211,0.0432,
540,5600,108,4,walking,-0.0631,-0.4393,0.0223,-0.0607,-0.011,-0.0532,0.0158,-0.1369,-0.0536,-0.005,-0.1168,0.0555,0.0309,0.0236,-0.1015,0.0134,0.0373,0.0053,-0.0741,-0.0053,0.0279,-0.0106,0.0108,-0.0531,0.033,-0.0203,-0.0242,0.0212,-0.032,0.0244,0.0152,-0.0505,-0.03,0.0307,0.0022,-0.0123
541,5601,108,4,walking,0.0136,-0.0389,-0.0059,0.0313,-0.0053,0.022,0.0006,-0.0048,-0.0107,0.0105,-0.0057,-0.0123,0.0032,-0.0013,-0.0106,-0.006,,,,,,,,,,,,,,,,,,,,
542,5602,108,4,walking,0.007,-0.9547,0.0189,0.0788,0.036,-0.0327,0.0283,0.6763,-0.0289,0.024,-0.327,-0.0754,0.018,-0.4066,-0.0481,0.0225,0.1583,-0.2088,0.02,0.2265,-0.0443,-0.0508,-0.1753,0.0164,0.1644,-0.044,0.0515,0.0638,-0.0467,0.1358,-0.0138,0.0362,-0.0177,0.0307,-0.0244,0.0341
543,5603,108,4,walking,-0.0914,-0.7469,0.0369,0.1149,0.0678,-0.094,-0.0102,0.6277,-0.0268,-0.0106,-0.3654,-0.0468,0.1659,-0.4601,0.0472,0.0521,-0.0361,-0.0689,-0.0434,-0.1073,0.1253,-0.2137,0.009,-0.0686,0.0386,0.0251,0.1261,0.0733,0.0193,-0.1741,-0.0143,0.0865,-0.088,0.0331,0.0588,0.0583
544,5604,108,4,walking,-0.0713,-0.0345,-0.0686,-0.0384,0.0314,0.0053,0.0044,0.0876,-0.0117,-0.0122,-0.0357,0.036,0.0586,0.1739,0.0101,-0.0106,-0.1065,0.0476,0.0778,-0.071,0.1288,0.0388,-0.0357,0.0307,-0.0125,0.05,0.043,-0.0386,0.0382,0.0114,0.0183,-0.0023,0.0114,-0.0117,0.0148,0.0025
545,5605,108,4,walking,-0.0957,-0.7627,0.0298,-0.205,0.0453,-0.0653,0.0479,0.6307,-0.0734,-0.0462,-0.3967,-0.098,-0.2127,-0.44,0.0326,0.012,0.3747,-0.0535,-0.4848,-0.0222,-0.064,0.2834,0.149,0.2576,-0.1008,0.0001,0.1049,0.0447,0.0828,0.0202,0.1127,-0.0401,-0.1582,0.0284,-0.0104,0.0084
546,5606,108,4,walking,-0.1955,-0.7793,-0.1344,-0.4148,-0.2141,-0.4723,-0.1266,0.4426,-0.1136,-0.0499,-0.2286,-0.1,-0.0127,-0.2639,-0.0565,-0.0534,0.1069,-0.1314,-0.1035,-0.0771,-0.0107,0.1306,-0.0335,-0.0293,0.0787,-0.0565,0.0213,0.0065,0.0068,0.1034,0.0574,0.011,-0.0205,-0.018,0.0256,0.0204
547,5607,108,4,walking,-0.0316,-0.7951,-0.0324,0.2546,-0.0747,-0.2001,-0.1328,0.6204,-0.0167,-0.1224,-0.378,-0.1385,0.3179,-0.2353,-0.2787,-0.0627,-0.6878,0.1422,-0.1564,0.4284,-0.0546,-0.2025,-0.0772,-0.2827,0.2176,0.1213,-0.0778,-0.4119,0.0284,0.0207,-0.1358,0.0261,-0.1306,-0.0128,-0.0728,-0.0109
548,5608,108,4,walking,-0.1792,-0.6734,-0.1139,-0.4435,-0.1143,-0.0134,0.0708,0.6025,-0.044,-0.0339,-0.3521,-0.0653,0.1711,-0.5531,-0.0008,-0.2585,-0.0207,0.4583,0.1016,-0.5203,0.0576,0.0774,-0.3175,-0.4112,-0.163,0.0323,-0.1343,-0.2111,0.3082,-0.2321,0.204,0.1396,0.0076,-0.0344,-0.0138,0.0019
549,5609,108,4,walking,0.1166,0.025,0.0069,0.0049,-0.0012,-0.0129,0.0006,0.0433,-0.0012,0.0144,-0.0042,0.0103,0.0122,-0.0514,0.0156,-0.0126,-0.0132,0.0033,0.0062,-0.0138,0.0028,0.0144,-0.0056,0.0127,0.0108,0.0161,0.0125,0.0049,-0.0035,0.0013,-0.0031,-0.0032,-0.0032,0.0036,0.01,
550,5610,108,4,walking,-0.0974,-1.134,-0.0002,-0.0545,-0.0179,0.1687,-0.0182,0.8856,0.0411,-0.0399,-0.5074,-0.1828,-0.0825,-0.5175,-0.1344,0.1107,0.5442,-0.2161,-0.2389,-0.449,-0.0827,0.104,0.154,0.2669,0.2026,-0.1024,-0.11,0.0426,0.0558,-0.1802,-0.0236,-0.0676,-0.2482,-0.0122,-0.1562,-0.0217
551,5611,108,6,cycling,-0.008,0.0204,-0.0055,0.0342,-0.004,-0.0118,0.0033,0.0416,-0.022,0.0029,0.0214,0.0087,0.0146,0.0386,0.004,0.0156,0.0126,-0.0028,-0.0078,-0.0245,-0.0004,-0.014,0.0,0.0108,0.0023,0.0056,0.001,0.007,0.0052,0.0188,0.0023,-0.0022,0.0238,,,
552,5612,108,6,cycling,-0.0749,0.2507,-0.031,-0.0666,-0.0155,-0.0103,0.0058,1.1001,-0.0436,-0.0302,-0.4532,-0.0648,-0.0066,1.2518,-0.072,0.0015,-0.0536,-0.0362,-0.046,0.0308,0.0102,-0.0212,0.0088,0.0036,-0.0029,0.0151,0.0353,-0.0027,-0.0146,0.0031,-0.0164,0.0037,0.032,0.0083,-0.0342,0.0024
553,5613,108,6,cycling,0.0022,-0.0234,-0.0133,0.0006,-0.0112,-0.0017,0.0033,-0.0048,0.0031,-0.0054,0.004,0.0044,0.0103,0.008,-0.0022,-0.0012,0.0188,0.0044,0.003,0.0026,0.0004,-0.0105,-0.0001,-0.0014,0.0118,0.002,0.0005,-0.0027,0.0036,0.0118,-0.0009,-0.0021,0.0075,0.0046,0.0136,0.0001
554,5614,108,6,cycling,-0.0195,-0.7451,-0.0368,0.056,-0.0107,-0.037,0.0235,1.3333,-0.0733,-0.0471,-0.4627,-0.098,-0.0043,1.1729,-0.0386,-0.0058,-0.0255,-0.0186,-0.0103,0.0005,0.0019,0.0054,0.0115,0.0372,-0.0059,-0.0123,0.0002,0.0137,0.0141,0.0206,0.0007,0.0306,-0.0145,-0.01,-0.0084,0.0038
555,5615,108,6,cycling,0.0103,0.001,-0.0005,0.0138,0.006,-0.0014,0.0001,0.0277,0.0038,0.0003,0.0064,0.0077,0.0132,0.0513,0.0075,-0.0042,0.0036,-0.0048,-0.0005,0.0031,0.0114,0.0004,-0.0062,0.0051,0.001,0.0073,0.0058,-0.0042,-0.0115,-0.0056,0.006,0.0011,0.0005,0.0132,0.0,
556,5616,108,6,cycling,0.0338,0.1148,-0.0256,-0.038,0.0052,-0.0085,0.0177,0.1468,0.0024,-0.0427,-0.0334,0.0368,-0.0576,-0.1058,0.0214,0.0038,-0.03,-0.0173,0.0328,-0.0089,0.0127,0.0358,0.0012,-0.0257,-0.0158,-0.0001,-0.0032,0.0106,0.0053,0.0072,0.0277,0.0102,-0.0062,-0.0122,-0.004,-0.0038
557,5617,108,6,cycling,0.0071,0.0103,-0.0064,0.0028,0.0024,0.0015,0.0022,-0.0026,0.0072,0.0,0.0033,0.0045,0.0075,0.0034,-0.0127,0.0046,-0.0015,-0.0002,0.0,0.0011,0.0021,0.0002,0.0116,0.0078,-0.0008,0.002,0.0043,0.0004,0.01,-0.0025,-0.0032,0.0005,0.0114,0.0018,,
558,5618,108,6,cycling,0.0051,0.0017,-0.0101,-0.0041,-0.005,-0.0015,0.0028,-0.0004,-0.0058,0.0044,-0.0005,-0.0011,-0.0026,-0.0043,-0.0044,-0.0,-0.0011,0.0024,0.0015,-0.0022,-0.0023,0.0007,0.0004,0.004,-0.0031,0.0024,0.0013,0.0063,0.0031,0.0022,0.0013,0.003,0.0027,0.0022,0.0,
559,5619,108,6,cycling,-0.0458,0.1475,-0.0632,-0.0623,-0.0119,-0.0007,0.0344,1.3409,-0.0225,-0.0152,-0.4854,0.0371,-0.1077,0.9589,-0.0496,-0.0342,-0.0784,-0.0317,0.0612,-0.0155,-0.0113,-0.0025,0.0238,-0.0069,-0.0433,0.0121,0.023,0.0188,-0.006,-0.0324,-0.0253,-0.0178,-0.0044,-0.0274,0.0122,0.0114
560,5620,108,6,cycling,0.0158,0.0118,-0.0084,0.0035,0.0038,0.0025,0.0006,0.0333,-0.002,-0.0027,0.0216,-0.007,0.0204,-0.0106,0.0111,0.002,-0.0048,0.0008,0.0153,0.0074,-0.0044,0.0003,0.0107,0.0037,0.0028,0.01,0.0066,-0.0012,0.0224,0.0058,0.001,0.0167,0.0008,0.0108,,
561,5621,108,6,cycling,-0.0017,-0.0016,0.0156,0.0106,0.0116,0.0144,-0.0022,0.0019,-0.0102,0.0002,0.0075,0.01,-0.0016,-0.0051,-0.0017,-0.0067,-0.0046,-0.0052,0.0164,0.0018,-0.0023,0.0166,0.0036,0.0165,-0.0005,0.0065,0.0012,-0.0023,-0.0044,0.0031,0.002,-0.0026,0.0024,0.0034,,
562,5622,108,6,cycling,-0.0759,-0.4775,-0.0045,0.0054,-0.029,0.0053,0.0046,0.6587,0.0482,-0.0557,-0.2839,-0.0737,-0.0646,1.371,-0.0644,0.0169,0.0034,0.0,0.0075,0.0,0.0053,-0.0053,0.0025,0.002,-0.0183,0.0128,0.0258,0.0127,-0.0305,-0.0054,0.0256,0.0222,0.0032,0.0283,,
563,5623,108,6,cycling,-0.0206,-0.0143,-0.0028,0.006,0.0103,0.0022,0.0036,-0.0377,0.0023,-0.0011,0.0012,-0.0015,0.0113,0.0162,-0.0047,0.0115,0.0018,0.0032,-0.002,0.0001,0.0015,0.0002,-0.0005,0.001,-0.0032,-0.0035,-0.0008,0.0014,-0.002,-0.0041,0.0015,0.0046,-0.0026,-0.0045,0.0,
564,5624,108,6,cycling,1.0,-1.0063,1.0063,-1.0063,1.0063,1.0,18.0,256.0,0.0,-0.0004,1.0,0.769,2.0,0.0107,3.0,-0.0125,4.0,0.0086,5.0,0.006,6.0,0.0275,7.0,0.4736,8.0,0.0039,9.0,-0.0288,10.0,-0.1315,11.0,-0.0426,12.0,-0.0568,13.0,1.1133
565,5625,108,6,cycling,-0.074,-0.5924,0.1243,-0.2322,-0.1273,0.009,0.0762,0.8142,0.0852,-0.1773,-0.4373,-0.1042,0.1125,1.4482,0.0155,0.0563,-0.0872,0.2381,0.2724,0.2185,-0.1473,0.0158,-0.1829,0.1222,-0.026,-0.0093,0.0576,0.0247,-0.1159,0.1022,0.0237,0.0372,0.0349,0.0322,0.0268,-0.0306
566,5626,108,6,cycling,1.0,-1.0012,1.0012,2.0,18.0,256.0,0.0,-0.0447,1.0,-0.0092,2.0,-0.0314,3.0,-0.0036,4.0,-0.0438,5.0,0.0312,6.0,0.0465,7.0,0.3736,8.0,-0.0449,9.0,-0.0069,10.0,-0.2128,11.0,-0.0665,12.0,0.2602,13.0,1.2876,14.0,-0.0847
567,5627,108,6,cycling,0.0244,0.1059,-0.0408,-0.01,0.0005,0.0364,0.0208,0.7798,0.037,0.0195,-0.2865,-0.0586,-0.0841,1.225,-0.113,0.1344,-0.0856,0.0684,0.0262,0.0257,0.0238,0.0488,0.0508,0.0037,-0.0488,0.0471,0.006,-0.0038,-0.014,0.0363,-0.0172,-0.0065,0.0013,0.0112,0.001,-0.0205
568,5628,108,6,cycling,1.0,-1.0001,1.0001,2.0,18.0,256.0,0.0,-0.0793,1.0,0.4724,2.0,0.0156,3.0,0.0648,4.0,0.0169,5.0,0.063,6.0,-0.0477,7.0,0.306,8.0,0.0254,9.0,-0.0544,10.0,-0.174,11.0,0.0644,12.0,-0.1163,13.0,1.1234,14.0,0.1566
569,5629,108,6,cycling,0.0472,0.3244,-0.0439,0.047,0.0183,-0.0124,0.0311,0.9707,-0.0408,-0.0034,0.0217,0.014,-0.0016,-0.0057,-0.0022,0.0172,0.022,-0.0066,0.0206,0.0074,-0.0048,-0.004,-0.0124,-0.0004,0.0089,0.0134,0.0116,-0.0007,0.0182,0.0114,0.0067,0.012,0.0005,0.0111,,
570,5630,108,6,cycling,0.0224,-0.0346,-0.017,-0.0213,-0.0254,0.0207,0.0136,0.0009,0.0205,-0.0157,0.0204,0.0002,-0.0176,-0.0459,0.0129,-0.0035,-0.0187,0.0113,-0.0143,-0.0035,0.018,-0.0172,0.0167,0.0208,0.0067,-0.0072,-0.0013,0.017,0.0059,0.0106,0.0008,0.0273,-0.0057,0.0206,,
571,5631,108,6,cycling,-0.0172,0.0013,-0.0056,0.0022,0.0057,0.0055,-0.0054,0.0046,-0.0021,-0.0025,0.0168,-0.0002,0.0138,0.0003,-0.0145,0.015,-0.0044,0.0157,0.0035,0.0005,-0.0046,0.0,-0.0009,-0.0015,0.0047,-0.001,0.0018,0.0,,,,,,,,
572,5632,108,6,cycling,-0.0749,0.5364,-0.1474,0.0774,-0.0083,-0.0756,-0.0242,0.0089,-0.0655,-0.003,-0.0222,-0.0365,0.1413,1.1544,0.0335,0.0177,0.0559,-0.1837,0.0105,-0.0416,0.1428,-0.009,0.024,-0.1006,0.0085,0.0183,-0.0289,-0.0305,0.0871,0.0026,-0.0029,-0.0124,0.0304,0.0324,0.0024,-0.0335
573,5633,108,6,cycling,-0.017,-0.013,,,,,,,,,,,,,,,,,,,,,,,,,,,,,,,,,,
574,5634,108,6,cycling,-0.0262,0.0403,-0.0428,-0.04,0.0371,0.0478,0.0483,0.004,-0.0254,0.0102,-0.026,-0.0056,0.0438,0.0739,-0.0342,-0.0117,0.0227,0.0159,0.0185,0.0229,0.0016,0.0077,-0.014,-0.0127,0.0054,0.0226,-0.0108,-0.0106,-0.0368,-0.0053,0.0453,-0.0255,-0.0005,0.0335,,
575,5635,108,6,cycling,0.0081,0.2627,0.0106,-0.0049,-0.0179,-0.0257,0.0037,0.1461,-0.0308,-0.0226,0.0155,-0.0308,-0.0484,-0.036,-0.0103,-0.0114,-0.0446,-0.0126,0.0038,0.0326,0.0304,0.0055,-0.0214,-0.006,0.0321,0.0223,0.0025,-0.0047,0.0204,0.0182,0.0284,-0.0048,0.0018,0.0201,0.0111,0.0085
576,5636,108,6,cycling,-0.0186,0.0063,0.0034,0.0185,-0.0022,-0.0081,-0.0038,-0.0053,-0.0043,-0.0023,0.0003,0.0006,-0.0017,-0.0042,0.0033,0.003,0.0033,0.0023,0.0125,-0.0012,0.007,0.0,0.0032,-0.0033,0.0122,-0.0012,0.0067,0.0022,-0.0106,0.0035,0.0045,0.007,0.0055,0.0022,,
577,5637,108,6,cycling,0.0554,-0.5326,0.0128,0.0168,0.0217,-0.0015,0.0052,1.0145,0.0106,-0.002,-0.3084,-0.0353,-0.1526,1.0586,0.0145,0.0026,-0.015,-0.0093,0.0041,-0.0093,0.0014,0.0284,-0.0024,0.0195,0.0031,0.0057,0.0013,0.0068,0.0004,0.0062,0.0141,0.0024,0.0072,0.0046,,
578,5638,108,6,cycling,0.0283,0.0375,-0.0125,-0.0085,-0.0004,0.0479,0.0068,0.0463,0.0055,-0.0156,0.0318,0.0246,0.0337,0.1054,0.002,0.0049,-0.0275,,,,,,,,,,,,,,,,,,,
579,5639,108,6,cycling,0.003,0.0076,-0.0028,0.0029,-0.0006,0.0061,,,,,,,,,,,,,,,,,,,,,,,,,,,,,,
580,5640,108,6,cycling,1.0,-1.0145,1.0145,2.0,18.0,256.0,0.0,-0.0007,1.0,-0.3159,2.0,-0.0076,3.0,0.0077,4.0,0.0044,5.0,-0.0028,6.0,0.0293,7.0,0.9388,8.0,0.0358,9.0,-0.044,10.0,-0.4043,11.0,-0.0435,12.0,0.0632,13.0,1.4608,14.0,-0.0259
581,5641,108,6,cycling,0.0556,-0.0144,0.0082,0.0508,-0.0021,-0.0037,0.0113,0.0784,-0.0187,0.0341,0.005,-0.0285,-0.0023,-0.0523,0.0485,0.0064,-0.0483,0.0458,0.013,0.0336,0.0231,-0.0123,0.0335,0.0125,-0.0146,0.0258,-0.002,-0.0117,-0.0123,-0.0247,0.0005,0.0138,0.0009,0.0219,,
582,5642,108,6,cycling,-0.0972,-0.5889,0.015,-0.1362,0.1118,0.0337,0.0806,1.0401,0.0483,0.0405,-0.4538,0.0623,0.3158,1.3258,0.0104,0.0145,-0.1028,0.0413,0.0878,0.0392,-0.0582,-0.1306,-0.0545,-0.1205,0.0064,-0.0659,-0.1775,0.0143,-0.1026,0.0846,0.0236,0.0076,-0.0035,0.0378,-0.0249,0.0331
583,5643,108,6,cycling,-0.039,0.7034,-0.0332,0.1647,-0.048,0.0339,-0.0669,1.1614,-0.0384,-0.0395,-0.4711,0.0063,-0.2731,1.3072,-0.0285,0.0571,-0.0108,0.1464,0.1315,0.1621,-0.1386,0.167,0.0432,-0.003,-0.0244,0.0053,0.0275,-0.0166,0.0318,0.0,,,,,,
584,5644,108,6,cycling,0.0097,-0.692,0.0089,-0.045,-0.0053,-0.0027,0.0098,0.514,-0.0384,0.0125,-0.1781,-0.0289,-0.0405,1.1558,-0.0354,-0.01,-0.0229,0.0326,0.0039,-0.0219,0.0053,-0.0025,-0.0029,0.0043,0.0087,0.0051,-0.0019,-0.0114,0.0208,0.0079,-0.0007,0.0374,0.0002,0.0144,0.008,-0.0013
585,5645,108,6,cycling,0.0018,0.0012,-0.0044,0.0102,-0.0063,-0.0027,0.0068,0.0081,0.0034,0.005,0.0016,,,,,,,,,,,,,,,,,,,,,,,,,
586,5646,108,6,cycling,-0.0111,-0.0077,-0.0008,0.0107,0.0054,0.0007,-0.005,0.0009,-0.0135,-0.0025,-0.0055,0.0126,0.0013,0.0234,0.0015,-0.0007,,,,,,,,,,,,,,,,,,,,
587,5647,108,6,cycling,-0.0025,0.0009,-0.0002,-0.0014,-0.0,-0.0035,0.0008,0.0015,-0.0005,0.0124,0.0011,-0.0014,-0.0018,0.0222,-0.0021,0.004,0.0017,0.0024,0.0001,-0.0044,-0.0005,-0.0036,0.001,0.0006,0.001,-0.0014,0.0013,-0.0037,0.0031,0.0008,-0.001,0.0018,0.0004,0.0007,,
588,5648,108,6,cycling,1.0,-1.0056,1.0056,2.0,18.0,256.0,0.0,-0.0792,1.0,0.0761,2.0,-0.0086,3.0,0.0782,4.0,-0.0082,5.0,-0.0308,6.0,0.0078,7.0,0.5163,8.0,0.0174,9.0,-0.0257,10.0,-0.2035,11.0,-0.0734,12.0,-0.0277,13.0,1.1067,14.0,0.0202
589,5649,108,6,cycling,-0.0145,0.7801,0.0314,0.0386,-0.0323,-0.0253,-0.0255,1.2517,-0.0119,-0.0152,-0.412,-0.0374,0.126,1.2625,0.0046,-0.0321,0.0115,-0.0224,0.046,0.0232,0.0134,-0.0117,0.007,0.0141,-0.0,0.0074,0.0067,-0.0012,-0.007,-0.0004,0.0223,-0.0034,-0.0273,-0.0122,0.0045,-0.0067
590,5650,108,6,cycling,-0.0074,0.9425,-0.0095,0.0024,-0.0046,-0.0368,1.2778,-0.0372,0.0287,-0.4738,-0.0672,-0.0194,1.354,0.0404,0.0007,0.019,0.014,0.023,-0.0012,-0.0105,0.0127,-0.0032,0.0044,-0.0153,-0.0004,0.0107,-0.0124,-0.0068,-0.0067,0.0072,0.0146,0.002,-0.0107,0.0016,0.0007,6.0
591,5651,108,6,cycling,-0.0147,0.9263,0.0218,-0.0336,-0.0229,0.0138,-0.0316,0.2236,-0.0419,0.0104,-0.1338,-0.0387,0.0515,1.259,-0.0658,-0.036,-0.042,0.0424,0.0035,-0.0029,-0.0412,-0.0008,0.015,0.0035,-0.0072,-0.0028,-0.0024,-0.0035,-0.0083,-0.0078,-0.0043,-0.0114,-0.0107,0.0171,-0.0165,0.0024
592,5652,108,6,cycling,1.0,-1.0014,1.0014,36.0,-1.0014,1.0014,2.0,18.0,256.0,256.0,1.0,1.0,1.0,2.0,-1.0014,1.0014,0.0,-0.0014,1.0,0.6675,2.0,-0.0191,3.0,0.0073,4.0,0.014,5.0,0.002,6.0,0.0098,7.0,0.9269,8.0,-0.0469,9.0,-0.0154
593,5653,108,6,cycling,-0.073,-0.094,0.0548,0.0429,-0.0127,-0.051,0.0638,0.6324,-0.0066,0.0246,-0.2721,0.0056,0.0063,1.3127,-0.0734,0.0622,-0.0417,-0.0407,-0.0177,0.0864,-0.0248,-0.0154,0.017,-0.0636,-0.0239,-0.0015,-0.0285,-0.0075,-0.0313,0.034,0.0333,-0.0006,-0.0266,-0.0068,0.011,0.0387
594,5654,108,6,cycling,1.0,-1.0023,1.0023,2.0,18.0,256.0,0.0,-0.0079,1.0,-0.7317,2.0,0.0306,3.0,-0.0139,4.0,-0.0024,5.0,-0.0128,6.0,-0.0363,7.0,0.2781,8.0,-0.0237,9.0,0.0282,10.0,-0.1058,11.0,0.0092,12.0,0.052,13.0,1.3885,14.0,-0.0175
595,5655,108,6,cycling,0.0495,-0.6277,-0.0473,-0.012,-0.0721,-0.065,0.0343,0.7279,0.0774,0.0446,-0.3601,0.0258,-0.0653,1.3643,-0.067,-0.0807,0.2454,-0.1358,-0.0682,0.3064,0.1378,-0.0228,-0.1038,0.0672,-0.0096,-0.0275,-0.036,-0.0215,-0.1292,-0.0027,-0.0123,0.1132,-0.0179,0.0037,0.0374,0.0321
596,5656,108,6,cycling,0.0203,-0.0047,0.0083,0.0231,-0.0003,0.0142,0.0067,0.0655,0.0006,0.0004,-0.0236,-0.0113,-0.0136,0.0045,0.0223,-0.0008,0.0228,-0.0151,0.0065,0.0116,0.0025,0.0054,-0.0137,0.0089,-0.0151,-0.0018,0.0017,0.0006,0.0067,0.0051,0.0031,-0.0001,0.0033,0.0011,0.0,
597,5657,108,6,cycling,-0.0019,-0.4406,0.0038,-0.0057,-0.0013,-0.005,-0.0036,0.0255,0.0054,-0.012,-0.0031,-0.0076,-0.0344,1.3033,-0.0311,0.0104,-0.0116,0.0003,-0.0019,0.0145,-0.0012,0.0023,0.0163,-0.005,-0.0054,0.0144,-0.0057,-0.0047,0.0235,-0.0001,-0.0064,-0.0035,0.0041,0.0001,,
598,5658,108,6,cycling,-0.0974,-0.2072,-0.1574,-0.054,-0.0424,-0.0388,-0.0536,0.3482,-0.072,-0.0633,-0.1853,-0.0386,-0.2344,1.268,-0.2287,0.0185,0.1053,0.0557,0.0158,-0.025,-0.0277,-0.0472,0.0049,-0.0298,0.0163,0.0102,0.0137,-0.004,0.1278,0.0036,-0.0424,0.0125,0.0334,0.001,-0.0283,0.0168
599,5659,108,6,cycling,-0.0055,0.0146,0.0014,-0.0105,0.0102,-0.001,-0.0028,-0.0057,0.0083,-0.0008,-0.0033,-0.0042,0.0127,0.0087,-0.0057,0.0066,-0.0027,-0.0062,0.013,0.0153,0.0073,0.0101,0.0008,0.0015,-0.0002,0.0128,0.003,0.0078,0.0016,-0.0027,0.0056,0.0122,-0.0048,-0.0001,,
600,5660,108,6,cycling,-0.0347,0.1936,0.0243,-0.1116,-0.0609,-0.035,0.0225,0.9725,-0.0555,-0.0486,-0.4702,0.0738,-0.0709,1.3338,-0.0048,-0.0611,0.1474,0.0324,0.1633,0.2328,0.0735,0.0631,0.0505,-0.0203,0.0107,-0.0114,-0.0102,0.0407,-0.0278,0.0222,0.011,0.0124,0.0242,0.0153,0.0611,6.0
601,5661,108,6,cycling,1.0,1.0,6.0,108.0,5661.0,2.0,18.0,256.0,36.0,-1.1225,1.1225,4.0,2.0,18.0,256.0,-0.0974,0.7847,0.0377,0.1177,-0.0157,0.0436,0.015,0.4367,0.0328,-0.0255,-0.1652,,,,,,,,,,
602,5662,108,6,cycling,0.0128,-0.0025,-0.0042,-0.0001,-0.0075,-0.0018,-0.0225,0.0158,0.0044,-0.0076,0.0236,0.0026,0.002,0.2742,0.0003,0.0032,-0.0012,0.0128,-0.0026,-0.0065,0.0007,0.0002,0.0038,0.0053,0.0015,0.0064,0.0012,0.0131,0.0,0.0057,0.0002,-0.0067,0.0042,0.0033,,
603,5663,108,6,cycling,0.0097,-0.008,0.002,0.0055,0.0233,0.0,-0.0046,0.0355,-0.0053,0.0068,0.0166,0.0017,-0.0002,0.0352,0.0037,0.0017,-0.0053,-0.0068,-0.0061,-0.0078,-0.0134,0.0029,-0.0142,-0.0002,-0.0146,-0.0006,-0.0004,0.01,0.0021,0.0066,0.0035,-0.0063,0.0126,0.003,,
604,5664,108,6,cycling,-0.0497,-0.635,-0.0118,-0.0238,0.0218,-0.0447,-0.0085,0.5574,0.0052,-0.045,-0.1749,0.0075,0.0458,1.1373,-0.0056,0.0168,0.021,-0.0061,0.0266,0.0046,0.0014,0.016,-0.0118,-0.0166,0.035,0.0101,0.014,-0.0179,0.0112,0.0163,0.0222,0.0018,-0.0103,-0.0006,-0.0045,-0.0024
605,5665,108,6,cycling,0.0112,0.0022,-0.0033,-0.011,-0.003,0.0031,0.0131,-0.0105,0.0036,-0.0037,-0.0043,0.0126,0.0003,-0.0065,0.0028,0.0044,-0.0003,0.0074,0.0058,0.0113,0.0016,0.014,0.0008,-0.0075,0.0003,-0.0058,-0.0036,0.0012,-0.0042,0.0068,0.0011,-0.0057,-0.0036,,,
606,5666,108,6,cycling,0.0366,-0.0826,-0.0137,0.01,-0.0056,0.0182,0.0075,0.0875,-0.0194,0.0051,0.0255,-0.0182,0.0049,0.0465,0.012,0.0107,0.0007,0.0023,-0.0003,-0.0051,0.0076,0.0034,-0.0127,-0.0013,-0.0052,0.0143,0.0041,-0.0057,-0.0036,0.0221,0.0024,-0.0054,-0.0037,-0.0009,0.0043,
607,5667,108,6,cycling,0.0942,-0.0444,0.0367,0.1421,-0.0718,0.0206,0.024,0.7869,-0.0636,0.0688,-0.2572,-0.0385,-0.1031,1.3173,0.0024,-0.0512,0.0099,-0.0674,0.0401,-0.0557,-0.0741,-0.0141,0.0348,0.0339,0.0356,0.0267,0.0048,0.0358,-0.0214,-0.001,-0.0285,0.0423,-0.0052,0.0017,0.0338,0.0077
608,5668,108,6,cycling,-0.0194,-0.0194,2.0,18.0,256.0,1.0,0.0075,0.05,-0.0063,-0.0185,0.013,-0.0082,0.0324,-0.0,,,,,,,,,,,,,,,,,,,,,,
609,5669,108,6,cycling,-0.0471,-0.7294,-0.0193,0.0424,-0.0036,0.0456,0.0286,0.3406,-0.0355,0.0204,-0.1658,0.0203,-0.0862,1.2747,-0.0079,0.0234,0.0406,0.0642,0.0644,0.018,-0.0329,-0.0129,0.0251,-0.0015,0.0147,0.0078,0.0023,-0.0245,-0.0283,0.0235,-0.0065,0.0084,-0.0072,0.0165,,
610,5670,108,6,cycling,0.0491,0.0133,-0.006,0.0401,0.0118,0.0072,0.0189,0.0085,0.0235,0.0023,-0.0232,-0.0023,0.0672,1.1244,-0.0098,0.0027,0.0108,0.008,0.0007,0.0038,-0.008,0.0225,0.0163,0.0024,0.0072,-0.0077,0.002,0.005,-0.0013,-0.007,0.0043,0.0232,0.0088,0.0031,0.0025,0.0037
611,5671,108,6,cycling,0.0106,-0.0058,0.0156,-0.0166,-0.0207,-0.0068,-0.0003,0.0173,0.0122,0.002,0.0275,-0.0132,-0.0005,0.0135,0.0077,-0.0026,0.0085,-0.0135,-0.0067,0.0004,-0.0134,-0.0067,-0.0036,-0.0087,-0.0004,-0.0003,-0.002,0.0026,0.0017,-0.0061,-0.0027,-0.0015,-0.0057,0.0008,,
612,5672,108,6,cycling,-0.0598,0.0364,-0.0026,0.0306,-0.0049,0.0467,-0.0238,0.1127,-0.0132,0.013,-0.0623,-0.0524,0.0526,1.1757,-0.0526,-0.016,0.0205,0.0043,-0.0182,0.038,-0.0075,0.0165,-0.0181,0.0083,0.018,0.002,0.0162,0.011,0.0114,0.0102,0.0029,-0.0087,-0.0035,0.0136,0.0063,0.0132
613,5673,108,6,cycling,-0.0347,-0.0967,0.0645,-0.0339,-0.0253,0.0233,-0.0279,0.053,-0.0269,0.0259,-0.0489,0.0377,-0.173,1.0624,-0.0038,-0.0606,0.014,0.0358,-0.0035,0.052,0.0343,-0.0277,-0.0087,-0.0485,-0.0419,0.0516,-0.0243,0.0488,-0.0532,0.0354,-0.0169,-0.0262,0.0142,0.0346,-0.0133,-0.0125
614,5674,108,6,cycling,-0.0596,0.2874,-0.0207,-0.0533,0.0361,-0.0258,-0.0258,0.312,0.036,-0.0421,-0.1457,-0.0228,-0.1551,1.3438,-0.0385,0.0132,-0.0787,0.0074,0.0358,0.1146,-0.0025,0.0264,-0.0107,0.01,-0.0475,0.0336,0.0518,0.0356,0.1058,-0.0124,0.0289,0.0441,0.0,-0.0267,0.0054,-0.0144
615,5675,108,6,cycling,0.0321,0.0119,-0.0051,0.0177,0.0162,-0.0012,0.0056,0.5282,0.0002,-0.0074,0.0366,-0.0018,-0.0214,0.5597,-0.0043,0.0037,-0.0022,-0.0157,-0.0218,0.0144,0.0034,0.0106,-0.0068,0.0048,0.0104,0.0018,-0.0117,0.0141,0.0127,-0.0001,-0.0172,0.0021,0.0044,0.0034,,
616,5676,108,6,cycling,-0.0433,0.9812,-0.0165,-0.0153,0.0224,0.0151,-0.006,1.1007,-0.0352,0.0063,-0.3186,-0.0439,0.1807,1.5376,-0.0687,-0.0367,-0.0172,0.0361,0.0102,0.0167,0.0107,0.0022,0.0052,-0.0203,-0.0173,0.0094,0.016,-0.0136,-0.0058,0.0166,-0.0029,0.0098,0.0027,-0.0014,-0.0045,
617,5677,108,6,cycling,0.0189,0.0268,0.0008,0.0121,-0.0035,0.0126,0.0071,0.0249,-0.0017,0.0058,-0.0105,0.0128,-0.0066,0.0125,0.0033,0.0007,-0.0116,0.0043,0.0005,-0.006,-0.0032,-0.0026,0.0134,-0.0043,-0.0114,-0.0036,0.0004,-0.0045,0.0053,0.0056,0.0014,-0.004,0.0012,0.0,,
618,5678,108,6,cycling,-0.0041,0.0003,0.0,0.002,-0.0062,-0.0001,-0.0012,-0.013,0.0002,-0.0001,-0.0056,0.0008,0.0031,0.0062,0.0032,0.003,-0.0001,0.001,0.0018,0.0006,-0.0034,-0.0011,-0.0028,-0.0006,0.0031,0.0014,0.0014,-0.0041,-0.0044,0.0031,-0.0014,0.0001,0.0022,,,
619,5679,108,6,cycling,-0.0142,0.0,,,,,,,,,,,,,,,,,,,,,,,,,,,,,,,,,,
620,5680,108,6,cycling,0.0182,-0.0013,0.0167,-0.0017,0.017,0.004,0.0014,-0.0159,0.0105,-0.0017,0.0008,-0.0045,0.0049,0.0172,-0.0009,0.0016,0.0016,0.0117,0.0041,0.0004,-0.0118,0.0051,0.0057,0.0048,0.0033,0.0012,0.005,0.0028,-0.0008,0.0042,0.0027,0.0158,-0.0009,-0.0004,0.0152,0.0024
621,5681,108,6,cycling,0.0247,-0.7107,-0.0198,0.0264,-0.0564,0.0045,0.0139,0.6296,-0.017,-0.0307,-0.2818,-0.021,0.0665,1.3785,-0.0403,0.0433,-0.0507,-0.1244,0.0623,0.175,-0.0145,-0.0451,-0.0253,-0.0368,0.0082,0.017,0.0185,0.0283,0.0323,0.0059,0.0064,-0.0236,0.0184,-0.0055,0.003,0.0101
622,5682,108,6,cycling,-0.0022,-0.0065,0.016,0.0047,-0.0016,-0.0022,-0.0046,-0.0127,0.0126,-0.0009,-0.0257,-0.0044,-0.011,0.0315,0.0075,-0.0125,0.0168,-0.0042,-0.0024,0.0073,0.0075,-0.0075,-0.0027,0.0146,0.0047,0.0026,0.0035,0.0038,0.0177,0.0009,0.0049,0.0033,0.0035,-0.0022,,
623,5683,108,6,cycling,0.0014,0.0166,-0.0116,0.0027,-0.0083,-0.003,0.0144,-0.0387,-0.0134,0.0272,-0.005,-0.0051,0.027,0.0064,-0.0042,-0.0011,0.0015,-0.0035,0.0,0.002,0.0018,0.0004,0.0047,-0.0013,0.0075,-0.0037,0.0108,-0.0011,-0.003,0.0017,-0.0026,-0.0005,0.0104,0.0014,0.0023,0.0055
624,5684,108,6,cycling,-0.0971,-0.0168,0.0574,-0.0324,-0.0024,-0.14,-0.056,0.3434,-0.0359,-0.0344,-0.2334,0.0341,0.107,1.0182,-0.0095,-0.0538,0.0723,-0.0299,0.1123,0.0353,-0.0553,0.0485,-0.0734,0.0738,-0.0239,-0.0106,0.0777,0.0506,0.0558,-0.0238,0.0242,0.0147,0.0262,-0.0217,-0.007,-0.0278
625,5685,108,6,cycling,-0.01,0.0,0.0,0.0,0.0,0.0,0.0,-0.0002,0.0022,0.001,0.0034,,,,,,,,,,,,,,,,,,,,,,,,,
626,5686,108,6,cycling,0.0042,0.2464,-0.0076,0.0088,0.0076,-0.0002,0.0241,0.8472,-0.0279,-0.0137,-0.375,-0.0728,0.0057,1.3283,-0.0164,-0.0094,-0.0016,0.0108,-0.011,0.0141,-0.0038,-0.0102,-0.0072,0.0052,-0.0044,-0.009,0.0222,-0.0127,-0.0026,0.0023,-0.0033,-0.0014,-0.0012,0.0076,-0.0023,0.0016
627,5687,108,6,cycling,0.0317,0.0286,0.0069,-0.0043,-0.002,0.0123,-0.0123,0.0679,-0.002,0.0047,-0.0184,-0.0014,0.0018,-0.013,0.005,-0.0075,0.0077,-0.003,0.0187,0.0016,0.003,0.0074,-0.0051,-0.0006,0.0009,0.0068,0.0041,0.003,0.0014,0.014,0.0106,-0.0002,0.0046,-0.0014,,
628,5688,108,6,cycling,0.0974,-0.6623,0.0107,-0.0169,0.0177,0.1115,0.05,,,,,,,,,,,,,,,,,,,,,,,,,,,,,
629,5689,108,6,cycling,0.0025,0.0106,0.0187,-0.0036,-0.0016,-0.0064,0.0131,0.2402,-0.0207,0.0211,-0.0565,0.0277,-0.0128,0.0833,0.0173,0.0007,0.0014,0.014,0.0018,-0.0081,-0.0048,-0.0102,-0.005,0.0135,0.0134,-0.0025,0.0057,0.0002,0.0006,0.0056,0.0048,-0.0125,0.0065,0.0014,0.013,0.0037
630,5690,108,6,cycling,-0.0154,-0.2051,0.0,-0.0374,0.0115,0.0078,0.0163,0.0552,0.0034,0.0203,-0.0152,0.0133,0.0117,0.0344,0.0108,0.0222,-0.0014,-0.0043,0.0085,-0.0164,0.0116,0.0116,-0.0144,-0.0111,0.0235,-0.0121,-0.003,0.0034,0.0215,0.0078,-0.0073,-0.0127,0.0108,-0.006,0.0047,0.0174
631,5691,108,6,cycling,-0.0142,0.3776,0.0064,0.0204,0.0272,-0.0006,0.0034,0.5036,-0.0238,0.0131,-0.176,-0.0063,0.0189,1.0786,0.0141,0.0111,-0.0152,0.0036,-0.0252,-0.0116,-0.008,0.0026,0.0143,0.0171,-0.0077,0.0029,0.0116,-0.0039,0.001,0.0164,0.0008,0.0066,0.006,-0.0026,,
632,5692,108,6,cycling,-0.0142,0.0328,-0.036,-0.0036,0.0055,-0.0064,-0.0078,-0.042,-0.0047,0.0148,-0.0009,0.0147,-0.0272,-0.0241,-0.0046,-0.0063,,,,,,,,,,,,,,,,,,,,
633,5693,108,6,cycling,0.0281,0.0042,0.0146,0.0073,-0.0083,0.0082,-0.0007,,,,,,,,,,,,,,,,,,,,,,,,,,,,,
634,5694,108,6,cycling,-0.0463,-0.6271,0.052,0.0752,0.024,-0.0325,-0.0208,0.3581,-0.0167,-0.016,-0.1232,-0.0178,0.022,1.4286,0.0202,-0.0149,-0.0459,0.0504,-0.0022,0.0248,0.0125,0.0149,0.0214,0.0165,-0.0138,0.003,0.0127,0.0225,0.0005,-0.0458,-0.0058,0.0128,-0.0225,0.0019,-0.0026,-0.0014
635,5695,108,6,cycling,-0.0746,0.3525,0.0357,0.2563,0.0747,-0.1549,0.1335,0.8562,0.0609,-0.107,-0.3285,-0.1189,-0.1124,1.3717,-0.2656,0.1481,0.3017,-0.0355,0.0354,0.0097,0.0269,-0.0018,-0.005,0.0066,0.0117,-0.0024,0.0124,-0.0332,-0.0106,0.153,-0.02,0.1024,-0.0611,0.138,0.0262,0.0161
636,5696,108,6,cycling,-0.0046,-0.0107,-0.0166,0.0046,0.0265,-0.0021,-0.0089,0.0088,-0.0053,-0.0027,-0.0023,0.0047,0.0061,-0.011,0.0013,0.0024,0.0087,0.0026,-0.0063,0.0237,-0.0035,0.0171,0.0015,-0.0084,-0.0027,-0.0004,0.0014,0.0155,0.0034,-0.0026,0.0024,0.0102,0.004,0.0048,,
637,5697,108,6,cycling,-0.0417,-0.7027,-0.0782,0.013,-0.044,-0.0808,0.0525,1.0439,0.0769,-0.0737,-0.5602,-0.1522,-0.0292,1.2068,-0.1038,-0.0352,0.0487,0.0572,0.0353,-0.034,-0.1661,-0.0232,-0.036,0.0454,0.0304,-0.0143,-0.1064,0.0458,0.0548,-0.0424,-0.0008,-0.0337,0.0365,0.0342,-0.0185,
638,5698,108,6,cycling,-0.0454,0.7226,0.0022,-0.007,-0.042,-0.0053,-0.0356,1.0263,0.0567,-0.0409,-0.441,0.0532,-0.0329,1.158,0.0528,-0.0345,0.1184,-0.1482,-0.127,-0.067,0.0309,0.0472,-0.034,-0.054,-0.0458,0.0578,0.01,0.1136,-0.0049,-0.0124,-0.0186,0.0067,0.0155,0.0153,0.0042,0.0034
639,5699,108,6,cycling,-0.0745,0.1074,-0.0029,0.0092,-0.0057,-0.06,0.0245,0.4083,-0.0316,-0.0247,-0.1388,-0.0602,0.0362,1.0233,0.0275,-0.0123,0.0117,-0.0262,0.0377,-0.018,-0.0032,0.0055,-0.0144,0.0248,0.0133,-0.007,0.0055,0.0205,-0.0068,-0.0106,0.0156,0.0182,0.0117,0.0045,0.0052,
640,5700,108,6,cycling,-0.0492,0.3738,-0.0384,0.0135,-0.0511,0.028,0.0332,1.123,-0.048,-0.0327,-0.4942,-0.0817,-0.0464,1.3481,0.1636,-0.0377,-0.0177,0.1201,-0.0625,-0.0612,-0.1024,0.0285,0.0654,0.0355,0.0215,-0.0474,0.0533,0.0242,0.0413,0.0267,0.0456,0.0255,0.0489,0.0179,0.0036,0.0062
641,5701,108,6,cycling,1.0,0.016,0.0,-0.0419,1.0,0.6925,2.0,0.025,3.0,0.0544,4.0,-0.0356,5.0,0.0356,6.0,0.0008,7.0,0.4063,8.0,-0.0566,9.0,-0.0282,10.0,-0.1772,11.0,0.0532,12.0,0.0139,13.0,1.1025,14.0,-0.1007,15.0,0.0203,16.0,-0.0257
642,5702,108,6,cycling,-0.0202,-0.0115,-0.0,-0.0008,0.0064,0.0028,-0.0132,-0.0018,0.0043,0.0002,0.0106,0.0038,0.0176,0.0037,0.0165,0.0041,0.0072,-0.0045,0.0055,-0.0075,0.0042,0.0018,0.002,0.0127,0.0077,0.005,0.0047,0.0007,0.0067,0.0005,0.0073,0.0013,-0.0021,0.0113,0.002,0.0066
643,5703,108,6,cycling,-0.0392,0.1407,0.0148,0.0235,0.0016,0.0282,0.0331,1.1471,-0.0631,0.0134,-0.5081,-0.0458,-0.1253,1.3241,0.0299,0.0608,0.0219,-0.0268,-0.1169,0.0538,0.0341,-0.043,0.0506,-0.0723,-0.0256,0.0135,0.055,0.0353,-0.0023,-0.076,0.0045,0.0362,-0.0045,0.0102,0.023,0.0136
644,5704,108,6,cycling,0.0273,0.5289,-0.0201,0.0182,-0.0206,-0.0098,-0.0045,0.2447,-0.0172,0.0215,-0.088,-0.0124,0.1504,0.9799,-0.0168,-0.0042,0.0194,-0.043,0.0425,0.0162,-0.0037,0.0138,0.0186,-0.008,-0.0132,0.0234,0.0646,-0.0064,0.0687,-0.0018,0.0386,0.0048,-0.0117,0.0083,-0.027,-0.0161
645,5705,108,6,cycling,0.0203,-0.002,-0.0284,0.0277,0.0105,0.0045,-0.0027,0.0263,-0.0134,0.006,-0.0174,-0.0036,0.0239,-0.0249,0.0227,-0.0124,0.0123,0.0122,0.0311,-0.0125,-0.0079,0.0116,0.0051,0.0043,0.0163,0.015,-0.007,0.0263,0.0017,0.0244,0.0054,-0.0043,0.0004,-0.0088,0.0031,0.0084
646,5706,108,6,cycling,0.0026,0.0889,0.0095,-0.0087,-0.0028,-0.0038,0.0009,0.9485,0.0358,-0.0076,0.355,0.0255,-0.015,1.31,-0.0045,0.002,0.0006,0.0113,0.0038,0.0116,0.0154,-0.0013,-0.0009,0.0144,0.0015,0.0003,0.0058,-0.0013,-0.0013,-0.0084,-0.0048,-0.0033,0.0023,0.0033,,
647,5707,108,6,cycling,-0.0526,0.8547,0.0021,0.0543,-0.0088,-0.0164,0.0159,0.6047,-0.0095,-0.0106,-0.2323,-0.065,-0.1222,1.333,0.0524,0.0278,-0.0165,-0.0013,0.0626,-0.0132,0.0136,-0.0077,0.0262,0.0078,0.0032,0.0144,-0.0013,0.0168,0.0,,,,,,,
648,5708,108,6,cycling,-0.0007,0.0074,0.0166,-0.0033,0.0114,0.0004,-0.0066,-0.0024,-0.004,0.0114,-0.008,-0.0106,0.005,-0.0318,0.0106,0.0046,-0.01,0.0114,0.0005,0.002,-0.0078,0.0015,-0.001,0.0114,-0.006,-0.0038,0.0011,0.0022,-0.002,0.0071,0.0026,0.0006,0.0063,0.0027,,
649,5709,108,6,cycling,-0.0154,0.7073,-0.0187,0.0437,0.0162,-0.0202,-0.0055,0.0442,0.0004,0.0096,-0.029,0.001,-0.0448,1.3252,0.0233,-0.0086,-0.0072,-0.01,0.0265,0.0318,-0.0042,-0.025,-0.0034,0.0316,-0.0145,0.0019,-0.0133,0.0281,-0.0165,0.0124,-0.0143,-0.0067,-0.0244,-0.0016,0.0009,0.0024
650,5710,108,6,cycling,0.0264,-0.0012,-0.0472,0.0166,0.0124,-0.0087,0.0134,0.0004,0.0102,0.0014,-0.0126,-0.0017,-0.02,0.0275,0.0042,0.0102,0.0067,0.0022,-0.0145,-0.0115,-0.0088,-0.001,-0.0018,0.0213,-0.0028,0.0238,0.0133,0.0181,-0.017,0.0006,-0.0023,0.0226,0.0018,0.0147,,
651,5711,108,6,cycling,0.0495,-0.0228,-0.007,-0.0342,-0.0044,-0.0264,-0.031,0.1712,-0.0357,-0.0283,-0.0725,-0.0159,0.2133,1.1546,0.1163,-0.0046,0.0785,-0.0872,0.1227,-0.0208,0.0553,-0.0206,-0.0267,-0.0257,0.0085,0.0202,0.0124,0.0348,0.0066,-0.0088,-0.0013,-0.0115,0.006,-0.0057,0.0063,0.0037
652,5712,108,6,cycling,-0.0149,0.5515,0.0014,0.0247,0.0051,0.0089,-0.0033,0.013,0.0051,0.0005,-0.005,-0.0034,-0.0137,1.0756,0.008,0.0245,0.0247,0.0009,0.0234,0.0116,-0.0082,0.0008,0.0048,-0.0,-0.001,0.0014,0.001,0.0135,0.0124,0.0032,-0.0044,0.0156,0.0033,0.0048,0.013,0.0017
653,5713,108,6,cycling,0.0007,-0.0086,0.0148,-0.0161,0.0055,0.0051,0.0031,-0.0244,-0.0029,-0.0077,0.0105,-0.0016,,,,,,,,,,,,,,,,,,,,,,,,
654,5714,108,6,cycling,-0.0179,0.1088,-0.0288,0.0538,0.0276,-0.0134,0.0588,0.3513,0.0516,0.0301,-0.13,-0.0971,0.0187,1.1533,0.008,0.0441,-0.0107,0.0029,-0.0001,-0.0079,-0.0108,-0.0118,0.0003,0.01,,,,,,,,,,,,
655,5715,108,6,cycling,-0.0256,-0.496,0.0003,-0.0048,0.0026,0.0153,-0.0125,0.3774,0.0002,0.0194,-0.1016,-0.045,-0.0053,1.053,0.0186,-0.0034,-0.0227,0.0182,0.0058,0.0273,-0.0172,-0.0022,-0.0205,0.0305,-0.0006,-0.0173,0.0138,-0.0161,-0.0201,0.0075,0.0182,0.0033,0.0077,0.0074,-0.0003,-0.0007
656,5716,108,6,cycling,0.0459,-0.0872,0.0037,0.0019,0.0287,0.042,-0.0356,0.0498,0.0049,0.046,-0.0332,-0.0388,0.0383,1.3532,0.0402,-0.0168,0.058,-0.0217,0.051,0.0022,-0.01,-0.0205,-0.0025,0.0357,-0.0066,0.0067,0.0115,-0.0005,-0.0026,-0.0144,0.0027,0.0215,0.0007,0.0018,0.0085,0.0011
657,5717,108,6,cycling,-0.0942,-0.2711,-0.0838,0.0809,0.0189,-0.0389,-0.1452,0.0827,-0.083,-0.0027,-0.0388,-0.04,0.3083,1.304,0.1073,0.1844,-0.1361,-0.1476,0.1575,0.0209,0.2186,0.0791,0.0522,0.0482,-0.0275,0.0558,-0.0043,-0.0549,0.0565,-0.0658,0.0537,-0.0045,-0.0328,0.0177,0.0302,0.0113
658,5718,108,6,cycling,-0.0617,0.0063,0.0042,0.0671,0.0321,-0.0015,0.0032,0.0484,-0.0284,-0.002,0.017,-0.013,-0.002,-0.0485,-0.0078,0.0126,0.0046,-0.0025,-0.0075,-0.013,0.0124,-0.0025,-0.0022,-0.007,0.0034,-0.0102,-0.0047,0.0251,0.0058,0.0216,-0.0053,-0.0052,-0.0052,0.0107,,
659,5719,108,6,cycling,-0.0134,-0.5878,-0.0064,0.0404,0.0145,0.012,-0.0237,0.5688,0.0376,-0.0478,-0.2176,-0.0146,0.0176,1.0737,-0.0136,-0.0086,-0.0243,0.0114,-0.0075,0.0019,-0.0036,0.0311,0.0102,0.022,0.0163,0.0082,-0.0047,0.0217,-0.0072,0.0338,0.0058,0.002,0.0022,0.0087,,
660,5720,108,6,cycling,-0.0988,-0.4332,-0.0267,0.1154,-0.0178,-0.1602,-0.1223,0.9527,-0.0848,-0.1322,-0.4257,-0.0757,0.1317,1.3506,0.0479,-0.1556,-0.0159,-0.077,-0.0158,0.0828,0.0329,0.0608,-0.0251,-0.0724,0.0232,-0.0001,0.0473,-0.0375,-0.0059,0.1176,-0.0385,-0.0098,0.0068,0.0256,-0.0041,-0.0255
661,5721,108,6,cycling,0.0429,-0.5651,0.0171,0.0085,0.0202,-0.0434,0.0007,0.6085,-0.0215,-0.032,-0.3466,-0.0494,0.0631,1.2369,0.0461,0.0041,0.0701,0.008,0.0002,-0.0336,0.03,0.046,-0.0315,0.0076,0.0008,0.0325,0.0176,0.0103,0.0158,0.0388,-0.0138,0.0172,0.0183,0.0123,-0.0036,
662,5722,108,6,cycling,-0.0039,0.4278,0.0028,0.018,-0.0085,-0.0008,0.0156,0.8577,-0.0356,0.0234,-0.3714,-0.0546,-0.0014,1.3788,-0.0135,0.0076,-0.0284,-0.008,0.0,-0.0179,-0.0036,-0.0074,-0.0132,0.0035,0.0151,-0.0026,0.004,-0.007,0.0127,0.0022,-0.0111,0.0256,-0.0001,-0.0072,-0.0027,0.0044
663,5723,108,6,cycling,-0.0475,-0.0932,0.1308,0.0775,0.0876,0.0209,0.0377,0.4206,-0.083,0.076,-0.1564,-0.056,0.1112,1.1917,-0.0669,0.1087,-0.0183,0.1023,0.0077,0.0003,-0.1572,0.0305,-0.0291,0.017,0.0244,-0.0203,0.003,-0.1281,0.0366,0.1537,0.01,0.0161,-0.0109,0.0516,0.0401,0.0566
664,5724,108,6,cycling,-0.0968,-0.6687,0.0245,0.045,0.0093,0.0573,0.0602,0.9206,0.0195,-0.0356,-0.3413,-0.0905,-0.1072,1.4425,0.0088,-0.0445,-0.0286,0.1236,0.0273,0.0209,-0.0536,0.0129,-0.0109,0.0146,0.0151,-0.0321,-0.0107,0.0204,-0.0029,0.0483,0.0113,-0.0275,0.015,-0.0024,,
665,5725,108,6,cycling,-0.0721,0.0102,-0.0252,0.0164,0.002,-0.02,-0.0019,0.0068,0.0153,0.0187,-0.0132,0.0048,-0.0222,0.0144,-0.0106,-0.0012,-0.0125,0.0078,-0.0005,0.0112,-0.0004,0.0175,-0.002,0.0273,-0.0038,0.0161,0.0147,0.0008,0.0326,-0.003,0.012,-0.0042,-0.0022,0.0201,,
666,5726,108,6,cycling,-0.0094,-0.231,0.005,-0.026,0.0228,-0.0225,0.0073,0.8829,-0.0428,0.0313,-0.3406,-0.0626,0.0245,1.3006,-0.0284,-0.0083,-0.0004,-0.0007,-0.0029,-0.0211,0.0101,0.0228,0.0045,0.0061,0.0086,-0.0014,-0.0027,0.013,0.0084,0.0063,-0.0124,-0.0016,0.013,0.0075,0.0005,-0.0052
667,5727,108,6,cycling,,,,,,,,,,,,,,,,,,,,,,,,,,,,,,,,,,,,
668,5728,108,6,cycling,-0.0024,-0.3947,0.0026,-0.0383,-0.0045,0.0054,0.0004,0.9857,-0.0388,-0.0096,-0.4034,-0.0428,-0.0317,1.4654,0.0038,-0.032,0.0135,0.0182,-0.0085,0.0222,0.0034,0.0014,0.0234,0.0026,-0.0041,0.0073,0.0152,0.0111,0.0107,0.0114,-0.011,0.0226,0.0167,0.0089,,
669,5729,108,6,cycling,1.0,-1.001,1.001,5.0,108.0,5729.0,0.041,-0.0014,-0.0166,0.0058,0.0087,-0.0088,-0.0273,-0.0107,0.0276,0.0161,-0.0246,-0.0032,0.0167,0.0386,1.1945,-0.0228,0.0167,0.0183,-0.0141,0.0,,,,,,,,,,
670,5730,108,6,cycling,0.0545,0.014,0.0032,0.0069,-0.0124,-0.0116,0.0013,0.0135,0.0,,,,,,,,,,,,,,,,,,,,,,,,,,,
671,5731,108,6,cycling,-0.0034,-0.6643,0.0193,-0.033,-0.0378,-0.0028,-0.0404,0.6431,-0.0479,-0.035,-0.2925,0.0139,-0.0619,1.2524,0.0276,-0.0286,-0.0226,0.0524,-0.0428,0.0127,0.0318,-0.0304,0.0179,0.0365,-0.0066,-0.0024,0.0012,-0.0105,0.0261,-0.0028,0.0036,0.0043,0.0024,0.0001,-0.0064,0.0018
672,5732,108,6,cycling,-0.1081,-0.5825,0.0025,-0.0468,-0.0079,0.0258,-0.0378,0.4509,0.0362,0.011,-0.0182,-0.0214,-0.0663,0.6475,0.0233,-0.021,-0.0324,-0.0066,-0.0078,0.0277,-0.0017,-0.0156,-0.0104,-0.0206,0.0224,0.012,0.0201,-0.012,-0.025,-0.0164,0.0318,-0.0015,-0.0322,0.0278,,
673,5733,108,6,cycling,0.0314,0.0302,0.0062,0.0073,0.0033,0.0277,-0.0156,0.0037,-0.0002,0.0211,0.0047,-0.0016,-0.0127,-0.0213,-0.015,0.0003,-0.0067,-0.0081,0.0178,-0.0028,0.0104,-0.0127,0.0143,0.0047,0.0052,-0.0061,0.0034,-0.0082,-0.0106,0.0145,0.0005,0.0018,-0.0104,0.0103,-0.0,
674,5734,108,6,cycling,-0.0252,-0.0211,0.0224,0.0125,0.0066,0.0052,-0.0054,0.0356,-0.0049,0.0004,0.0244,0.0163,0.0037,0.106,0.004,-0.0204,-0.0064,-0.0001,0.0133,0.0005,-0.0123,0.0037,-0.0041,-0.0011,0.0213,-0.0031,0.0082,0.0035,0.0032,0.0007,0.0111,0.0054,0.0038,,,
675,5735,108,6,cycling,-0.0394,0.5418,-0.0403,0.1011,0.0672,-0.0564,0.0173,0.9237,0.0279,0.0522,-0.4143,-0.0837,0.1142,1.2537,0.0468,-0.0278,-0.0588,-0.0188,0.0356,0.133,-0.0218,0.0663,-0.0307,-0.0664,0.0202,0.0158,-0.023,0.0311,0.0077,0.0343,-0.0283,0.0284,-0.004,0.0052,0.0287,-0.0057
676,5736,108,6,cycling,-0.0294,-0.087,0.0283,-0.022,-0.0545,-0.0264,0.0007,0.415,0.0055,-0.0322,-0.1825,-0.0476,0.175,1.1617,-0.0033,0.0216,0.0306,0.0678,0.1151,0.1528,-0.0372,-0.0337,-0.0326,0.0635,0.1004,0.0006,0.0511,0.0266,-0.0077,0.0524,0.0068,0.0264,0.0146,-0.034,-0.001,-0.0066
677,5737,108,6,cycling,0.0114,-0.0037,-0.0006,0.0065,-0.0138,-0.004,0.0184,-0.0078,0.0107,0.0014,-0.0017,0.0028,0.0058,0.0028,-0.0048,-0.0047,-0.0024,-0.0033,-0.0066,0.0038,0.0126,0.0,0.0062,-0.0005,-0.0035,-0.0031,0.0036,0.0105,0.004,-0.0002,0.0002,0.0005,0.0062,0.0016,,
678,5738,108,6,cycling,-0.0057,0.0131,-0.0015,-0.0234,-0.0047,-0.011,0.0066,0.0403,0.0105,-0.0153,-0.0331,0.0087,0.0086,0.0371,-0.0071,0.0014,-0.0116,-0.0135,-0.005,-0.0038,0.0121,0.0144,-0.0004,0.0187,0.0047,-0.0081,0.0087,-0.0033,0.0106,-0.0033,-0.0065,0.0131,-0.005,,,
679,5739,108,6,cycling,0.0481,0.5741,0.0315,0.1462,-0.0294,0.0258,0.003,0.8153,-0.0516,-0.0176,-0.3356,-0.0914,0.1728,1.3375,-0.0848,-0.1442,-0.1228,0.0731,0.1058,-0.0546,0.0022,-0.0602,-0.0267,-0.0344,0.0441,0.0059,0.0104,0.0466,0.0547,0.0143,0.0014,-0.0226,-0.007,0.0415,0.0278,0.0181
680,5740,108,6,cycling,-0.0167,0.0119,-0.0212,0.0225,0.025,0.0026,0.0084,-0.041,-0.0022,0.0163,-0.0224,0.0141,-0.0023,0.0313,-0.0088,0.0022,-0.0035,0.0188,0.0034,0.007,0.0052,-0.0035,-0.0013,0.0221,0.0037,-0.0007,0.0006,-0.0077,0.0052,0.0005,0.0078,0.0114,0.0014,0.0123,0.001,0.0003
681,5741,108,6,cycling,0.0479,-0.0674,0.0622,0.0305,0.0662,-0.0687,-0.1365,0.2035,0.0093,-0.028,-0.0228,-0.0173,0.0535,1.2073,-0.1053,0.0168,0.061,0.0416,0.1312,-0.0119,-0.0724,0.0847,0.0561,-0.054,-0.0068,-0.0032,-0.0285,0.0321,0.0462,0.0205,0.0503,0.0104,0.0067,-0.0143,0.0464,0.0016
682,5742,108,6,cycling,0.0179,-0.103,0.0048,0.0253,-0.0435,0.0302,0.0388,0.8915,-0.0398,-0.021,-0.3767,-0.0756,0.1425,1.3884,0.0009,0.0178,0.0364,0.0146,0.0074,0.0089,0.0123,-0.0038,0.0305,0.0103,-0.0107,-0.0053,0.0347,-0.0015,0.0315,0.0106,0.007,0.0277,0.0232,-0.024,0.0245,0.0184
683,5743,108,6,cycling,-0.0291,-0.4076,-0.0037,0.0529,-0.0487,0.0063,0.0638,0.8786,-0.0393,0.0175,-0.4442,-0.0958,-0.0548,1.2102,-0.0036,-0.0302,-0.0082,-0.0249,0.0244,0.0083,-0.0178,-0.022,-0.0212,-0.0261,-0.0123,-0.0287,-0.0114,0.0153,-0.0087,0.0281,-0.0036,0.0077,0.0257,-0.0124,-0.0039,0.0175
684,5744,108,6,cycling,1.0,6.0,108.0,5744.0,2.0,18.0,256.0,36.0,1.0,5744.0,2.0,18.0,256.0,18.0,2.0,18.0,256.0,256.0,2.0,18.0,256.0,256.0,,,,,,,,,,,,,,
685,5745,108,6,cycling,-0.0016,-0.0473,-0.0031,-0.0126,-0.0056,-0.0072,0.0119,0.8426,-0.0125,0.0102,-0.2126,-0.0318,0.0204,1.3628,-0.0428,0.0174,0.0102,-0.0099,0.0165,0.0047,0.0003,0.0033,0.0077,0.007,0.0024,-0.0007,0.0243,-0.0007,-0.0053,0.0119,0.0106,0.0011,0.0077,0.0151,0.0013,0.002
686,5746,108,6,cycling,0.0041,-0.0252,0.0013,-0.0038,-0.0073,0.0017,0.0082,-0.042,0.0018,0.0156,-0.0107,0.0027,-0.0042,-0.0375,-0.0063,0.0018,-0.0008,-0.0118,0.0073,-0.0042,-0.0075,-0.0113,0.001,-0.0066,-0.0054,-0.0005,-0.0101,-0.0033,-0.0051,-0.0106,-0.0008,-0.0157,-0.0026,0.0105,,
687,5747,108,6,cycling,-0.0142,0.0017,0.0028,0.0185,-0.0017,0.0135,-0.0004,-0.0211,-0.0003,0.0082,0.0031,-0.0061,0.0048,0.0214,-0.0007,0.0029,-0.0074,-0.0014,-0.0052,-0.0012,0.0021,-0.0043,0.0061,0.0001,-0.0016,0.0021,0.0,0.0083,0.0068,0.0038,0.0013,0.0012,-0.0024,-0.0,,
688,5748,108,6,cycling,-0.012,0.2454,-0.005,0.0276,-0.0029,0.0106,0.0074,0.1034,0.003,0.0136,0.0261,0.015,-0.0255,0.1427,-0.0135,-0.0045,0.018,-0.0053,0.0028,0.0101,0.0145,-0.0043,0.003,0.0015,-0.0122,-0.0013,-0.0028,0.001,0.0031,0.0123,0.0008,0.0068,-0.0064,-0.0024,0.0,
689,5749,108,6,cycling,0.0052,0.0363,0.0128,-0.0104,-0.0112,-0.0114,-0.0074,-0.0082,0.0053,0.0057,0.0178,0.0048,0.0131,0.0084,0.0028,0.0248,0.0006,0.0083,0.0012,0.0005,0.0037,0.0013,0.0058,0.0145,0.0046,0.0133,0.0017,0.0112,0.0051,0.0019,0.0029,0.0123,0.0,0.0137,,
690,5750,108,6,cycling,-0.0452,-0.6693,-0.0652,-0.1048,0.1006,0.0187,-0.0886,0.4687,-0.0078,-0.0396,-0.2167,-0.0094,0.0045,1.1099,-0.0157,-0.0447,-0.0415,-0.0267,-0.0625,0.0135,0.0044,0.0705,0.005,-0.0173,-0.066,-0.0258,-0.0108,-0.0358,-0.1062,0.04,0.0245,-0.037,0.0112,-0.0387,,
691,5751,108,6,cycling,-0.0482,-0.5043,-0.0226,-0.0628,-0.0063,0.0075,0.0094,0.2575,-0.0503,-0.027,-0.099,-0.0511,0.002,1.3004,-0.0058,0.0054,-0.0151,0.0024,-0.0053,0.0208,-0.0071,0.0034,0.0015,-0.0053,-0.004,0.0047,0.0074,0.0016,0.0133,-0.0024,-0.0148,-0.0066,0.034,0.0033,,
692,5752,108,6,cycling,-0.0007,-0.0034,-0.0071,0.0043,0.0168,0.0,-0.0006,-0.0326,-0.0002,-0.0044,-0.0062,0.0017,-0.0047,0.0344,-0.0048,-0.0014,-0.0028,0.003,-0.0038,0.0058,0.0021,0.0036,-0.0008,0.0154,0.0036,0.0027,0.0051,0.0062,0.0035,0.0157,0.001,0.0064,0.0047,0.0105,0.0009,0.0038
693,5753,108,6,cycling,-0.0455,-0.696,0.0015,-0.0876,0.044,0.0123,-0.0147,0.3155,-0.0272,0.0378,-0.1767,-0.053,0.0849,1.1538,-0.103,0.0503,0.0103,0.072,0.0195,0.0189,-0.0438,0.0331,0.0135,0.0488,0.0205,-0.0208,0.0065,0.0083,0.0007,-0.0224,-0.0057,0.0472,-0.0122,0.0151,-0.0049,0.0276
694,5754,108,6,cycling,-0.0134,0.0034,0.0167,-0.0103,-0.0035,-0.0002,-0.0138,0.0082,-0.0022,0.0029,-0.0147,0.0074,0.0174,-0.0004,-0.0118,0.0006,,,,,,,,,,,,,,,,,,,,
695,5755,108,6,cycling,0.0466,-0.2428,-0.0528,-0.019,0.0463,0.0441,-0.141,-0.1336,-0.0003,-0.0843,-0.0534,0.0748,0.0279,-0.1383,0.1335,0.0663,0.005,0.1104,0.0821,0.1216,-0.0448,0.0449,0.0544,-0.0088,0.0268,-0.0463,0.0066,-0.0845,-0.0106,-0.111,-0.0434,0.0187,-0.0063,0.0033,,
696,5756,108,6,cycling,-0.0973,0.7613,-0.0433,-0.0172,-0.0656,-0.0643,-0.053,0.0106,0.0318,-0.0093,-0.0676,-0.0297,0.2675,1.2845,-0.0536,-0.1682,-0.025,-0.026,0.0248,0.0233,-0.0636,0.0425,0.0029,0.0676,0.0379,0.0207,0.0007,0.0154,-0.003,-0.0222,0.0274,0.0323,-0.0202,0.0117,,
697,5757,108,6,cycling,-0.0189,0.0466,0.0286,-0.0185,-0.0024,-0.015,0.0007,-0.0004,0.006,0.0042,-0.0161,-0.0062,0.0061,0.0137,-0.0123,0.0107,-0.0167,0.0009,0.0034,-0.0033,-0.0042,0.01,0.004,0.0007,0.0037,-0.0011,0.0008,0.0127,-0.0021,0.0053,0.0018,0.0006,-0.0073,0.0145,,
698,5758,108,6,cycling,0.0286,-0.0818,0.0312,0.0228,0.0302,0.0007,-0.0267,-0.0187,-0.0147,-0.0126,-0.0304,0.0115,0.0123,-0.0623,-0.0022,0.0015,0.0075,-0.0037,0.0102,0.0268,0.0126,0.0076,0.0037,0.0161,0.0045,-0.0064,0.0215,-0.0085,-0.0063,-0.0042,-0.0102,-0.0019,0.0182,0.008,0.0114,-0.007
699,5759,108,6,cycling,-0.0074,-0.0064,-0.0011,0.0029,0.0074,0.0224,-0.0022,-0.0101,-0.0024,-0.005,-0.0243,0.0016,-0.0064,0.0235,0.0063,0.0012,0.016,0.001,0.0056,0.0007,-0.005,0.0003,-0.0046,0.0152,-0.0037,0.0013,-0.0017,-0.0003,0.017,-0.0034,0.004,0.0032,-0.0044,0.0111,,
700,5760,108,6,cycling,-0.0346,0.2291,-0.0286,0.0479,-0.0085,0.0056,0.038,1.0879,-0.0746,0.0178,-0.4643,0.0493,0.0527,1.4667,-0.0774,0.0644,0.0092,-0.0148,0.0034,0.0023,-0.0153,0.0105,0.0004,0.0144,0.0074,0.0144,-0.0215,-0.0031,0.0062,0.0217,0.0187,-0.012,0.0233,-0.0184,0.0019,0.0011
701,5761,108,6,cycling,0.0056,0.4928,0.0087,-0.0353,0.0212,0.014,0.0314,1.1533,-0.027,0.0332,-0.5741,-0.0903,-0.0522,0.7939,-0.0347,0.0167,0.0206,0.0113,0.0322,0.0027,-0.0043,-0.0231,-0.0118,0.0022,0.0144,-0.0063,-0.0237,0.0032,-0.0028,0.0282,0.0156,-0.015,0.0203,-0.0101,0.0113,0.0044
702,5762,108,6,cycling,1.0,-0.0242,0.5095,0.0057,-0.0277,-0.0432,-0.0034,0.0583,0.1866,0.0028,-0.0434,-0.1087,-0.0317,-0.02,1.1043,-0.0333,0.0281,-0.0633,0.051,0.0252,0.0773,0.0147,0.0176,,,,,,,,,,,,,
703,5763,108,6,cycling,0.1615,0.0661,-0.0555,-0.0759,0.054,-0.1279,0.0208,0.1066,-0.0479,0.0632,-0.0389,0.0237,0.009,-0.0374,0.0222,0.0019,0.0333,-0.0327,0.0373,-0.028,-0.0214,0.0166,0.0042,-0.0006,-0.017,0.0002,0.0108,0.0118,0.0115,0.0359,0.0066,,,,,
704,5764,108,6,cycling,-0.0196,0.1887,0.0209,0.1144,0.0076,-0.0182,0.0109,0.2383,0.0252,-0.0349,-0.0978,-0.0306,-0.1754,1.2608,-0.0107,0.0116,-0.0055,0.0231,0.0165,-0.0261,0.0034,0.0126,-0.0023,0.0189,0.0016,-0.0022,0.0271,0.0114,0.0365,0.0111,-0.0022,-0.0283,-0.0016,0.0005,-0.0245,
705,5765,108,6,cycling,-0.0346,0.0006,-0.023,-0.0186,0.0142,-0.0024,-0.0114,-0.0058,0.0123,0.0055,-0.0113,0.0005,0.0257,-0.0106,-0.0051,-0.0035,-0.0058,-0.0007,-0.0072,0.002,-0.0027,-0.0007,-0.0044,-0.0074,0.0075,-0.0041,-0.003,-0.0006,0.0167,0.0003,0.0034,-0.0043,0.0024,,,
706,5766,108,6,cycling,-0.0243,0.5695,-0.0424,-0.0302,-0.0748,0.0038,-0.0768,0.6098,-0.1035,0.0119,-0.3262,-0.0632,-0.1065,1.1651,0.0641,0.0131,0.0783,0.0307,-0.127,0.0587,0.0167,-0.0589,-0.0415,-0.0667,0.015,0.0222,-0.032,0.0265,0.0177,-0.078,-0.0124,0.0227,0.0245,0.003,-0.0365,-0.0274
707,5767,108,6,cycling,0.0067,0.0032,0.0056,0.0138,-0.0018,-0.0025,0.0151,0.0073,0.0002,0.0133,-0.0054,0.0036,0.0087,-0.0012,,,,,,,,,,,,,,,,,,,,,,
708,5768,108,6,cycling,1.0,-1.0017,1.0017,2.0,18.0,256.0,0.0,-0.0143,1.0,0.7972,2.0,-0.0183,3.0,0.0457,4.0,-0.0159,5.0,0.0268,6.0,0.0289,7.0,0.7647,8.0,-0.0556,9.0,-0.0334,10.0,-0.3672,11.0,-0.0635,12.0,0.0469,13.0,1.2393,14.0,0.0316
709,5769,108,6,cycling,0.0308,0.0165,-0.0034,0.0263,-0.0058,-0.0233,0.0079,-0.0057,-0.0101,0.0018,0.0059,0.015,-0.002,0.0183,-0.014,0.0035,0.0228,0.0062,0.0114,-0.0051,0.0134,-0.0009,-0.0121,0.0144,0.0045,0.0051,-0.0066,0.013,-0.003,0.002,0.0071,-0.0012,0.0233,0.0051,,
710,5770,108,6,cycling,-0.0366,-0.0182,0.0152,-0.0072,0.0149,-0.0104,-0.0027,0.0036,0.0176,-0.0019,0.0333,-0.006,-0.0155,-0.0234,0.0072,0.0235,0.0027,-0.0066,-0.0263,-0.0141,-0.0052,0.0022,0.0232,0.0105,0.0068,0.0142,-0.0046,0.0018,0.0252,0.0141,0.0113,0.003,0.0157,0.0075,,
711,5771,108,6,cycling,-0.0016,-0.0305,0.0125,-0.0145,0.007,0.0126,-0.0045,0.1032,0.0113,-0.0024,-0.0264,0.0024,-0.0064,-0.0546,0.0108,0.0027,-0.0016,0.0103,0.0005,0.022,0.0015,0.0128,0.004,0.0163,0.0015,0.0006,0.0066,0.0042,0.0027,0.0013,-0.0028,-0.0006,0.0068,-0.0001,,
712,5772,108,6,cycling,-0.0035,0.9785,0.0056,-0.0294,0.0144,0.0005,0.0143,1.2143,-0.0476,0.0118,-0.4714,-0.0622,0.0481,1.327,-0.0241,0.0225,-0.0188,0.0025,0.0433,-0.0111,-0.0211,0.0351,-0.0148,-0.0055,0.0031,0.016,-0.0013,-0.0098,0.0066,0.004,0.0031,-0.0006,0.0059,-0.0084,-0.0063,-0.0061
713,5773,108,6,cycling,0.012,-0.005,0.0175,0.0062,0.0064,0.0085,0.0027,-0.0121,0.0104,-0.0012,0.003,-0.0007,0.008,0.011,0.0027,0.0016,0.0078,0.0037,0.0009,-0.0057,0.0131,-0.0042,0.0034,-0.0028,-0.0045,0.0072,0.0,0.0035,0.0004,0.0017,0.0004,-0.0027,-0.0011,,,
714,5774,108,6,cycling,-0.0339,0.6589,-0.0535,0.0689,-0.0267,-0.0299,0.0047,0.7879,-0.0549,-0.0688,-0.3178,-0.0222,-0.053,1.2055,-0.0849,-0.1457,-0.1486,0.0326,0.042,0.1036,0.0034,-0.1084,0.0663,0.023,-0.1532,-0.0308,0.1128,-0.0218,-0.0152,-0.0307,0.0166,-0.0148,-0.0145,-0.0131,0.0016,0.0031
715,5775,108,6,cycling,1.0,-1.0216,1.0216,2.0,18.0,256.0,0.0,-0.0259,1.0,-0.4153,2.0,0.0089,3.0,0.03,4.0,-0.0189,5.0,0.0255,6.0,0.0353,7.0,0.6707,8.0,-0.0455,9.0,-0.0175,10.0,-0.2784,11.0,-0.0648,12.0,-0.0884,13.0,1.2182,14.0,0.0344
716,5776,108,6,cycling,1.0,-1.0016,1.0016,5.0,2.0,18.0,256.0,36.0,-1.0016,1.0016,0.0618,0.0495,0.1108,0.0211,0.0127,-0.033,-0.0224,0.0,,,,,,,,,,,,,,,,,,
717,5777,108,6,cycling,-0.0072,-0.0277,0.0049,0.0007,-0.0173,0.0084,-0.0012,-0.0088,-0.0071,-0.0005,-0.0042,-0.0157,0.0013,0.0053,0.01,-0.0055,-0.0023,0.0024,-0.0128,0.0009,0.0145,0.0047,0.0111,0.0062,0.0089,0.0045,-0.0047,-0.0133,0.0036,-0.0049,0.015,0.0024,-0.001,0.021,0.0005,0.0
718,5778,108,6,cycling,-0.0063,0.0342,-0.0062,-0.0033,-0.011,-0.0015,0.0054,0.0487,0.0061,-0.007,-0.0222,-0.011,0.004,0.1511,0.0115,0.0007,-0.0007,0.001,0.0055,0.0031,0.0044,0.0021,0.0036,0.0014,-0.0004,-0.002,-0.0033,0.0053,0.0073,-0.003,0.0213,0.0002,-0.0,-0.0161,-0.0012,0.0065
719,5779,108,6,cycling,1.0,-1.0021,1.0153,4.0,4096.0,3.0,2.0,18.0,256.0,-0.0148,0.0544,-0.0065,0.0288,-0.0235,-0.0078,0.0044,0.1863,0.0254,-0.0217,-0.0217,-0.0105,0.0124,0.6598,-0.0237,0.001,-0.0027,,,,,,,,,,
720,5780,108,6,cycling,0.0034,0.011,0.0031,0.0106,0.006,0.0043,0.0018,0.0025,0.0022,0.0008,-0.003,0.0017,0.0004,0.0034,-0.0031,0.0027,-0.0014,0.0043,-0.0,0.0065,-0.0003,0.0022,0.0011,0.0032,-0.0017,-0.0021,-0.0015,0.0014,-0.001,0.0017,-0.0024,0.0,-0.0034,,,
721,5781,108,6,cycling,-0.0041,0.9367,-0.0047,0.0484,-0.0119,0.0108,0.022,0.9837,0.034,-0.0365,-0.4543,-0.0426,-0.0303,1.1162,0.0142,-0.0178,0.0269,-0.006,0.038,-0.0119,-0.0153,-0.0065,0.0279,0.0085,0.0044,0.0073,0.002,0.0172,0.0059,0.0026,0.0008,0.0045,0.0107,-0.0028,-0.0003,-0.0124
722,5782,108,6,cycling,0.025,-0.086,0.0108,0.0068,0.0054,-0.0044,-0.0015,-0.1073,-0.0157,0.0023,-0.0603,-0.0105,-0.0214,0.1065,0.0336,0.0178,-0.0058,0.0337,0.0181,0.0019,0.0009,0.0173,0.0001,0.0125,0.0221,0.0031,0.0057,0.0248,0.0005,0.0008,-0.01,-0.0012,0.0108,0.013,,
723,5783,108,6,cycling,0.0143,-0.0056,0.0423,-0.0001,-0.0286,0.0183,-0.0285,0.0564,-0.0333,-0.0275,-0.012,-0.0235,0.0085,0.0387,-0.0069,-0.0058,0.0105,-0.001,0.033,0.0028,-0.0073,-0.0005,0.0307,-0.011,0.0065,-0.0056,0.002,-0.0038,-0.0017,-0.0122,0.0061,-0.0032,0.0029,-0.0041,0.0055,0.002
724,5784,108,6,cycling,-0.0491,0.2225,0.0173,-0.0583,-0.0651,-0.0375,0.0324,0.3655,0.0637,-0.0042,-0.2552,0.0131,0.138,1.0234,-0.1431,0.1678,-0.0683,0.0861,0.1371,0.0368,-0.0821,-0.0569,-0.0579,0.1422,-0.004,0.0133,-0.0072,0.0374,0.031,0.0228,0.0358,0.0312,-0.013,0.0001,36.0,-0.0491
725,5785,108,6,cycling,-0.0014,-0.0066,-0.0018,0.001,-0.0007,0.0043,0.0009,0.0086,-0.0001,-0.0035,-0.0048,-0.0014,0.0063,-0.0025,-0.0012,0.0041,-0.0005,0.004,0.0003,0.0054,0.0003,0.0067,0.002,0.004,0.0025,0.0021,-0.0003,0.0066,0.0018,0.0033,-0.0027,0.0005,0.0007,0.0003,0.0,
726,5786,108,6,cycling,0.0381,0.1386,0.0002,-0.0105,0.0041,-0.0063,-0.0054,0.0319,0.0121,0.0115,-0.003,0.0121,0.0005,0.1189,0.0043,0.0032,0.0082,0.0066,0.0038,0.0036,-0.0022,0.0077,0.005,-0.0024,0.0264,0.0003,0.0014,0.0046,0.0006,0.0055,0.0014,0.0067,0.0056,0.0028,,
727,5787,108,6,cycling,0.0498,-0.0269,0.0088,0.0335,0.0147,0.0049,0.027,0.6537,-0.0335,-0.0056,-0.2632,-0.028,0.023,1.2178,-0.0148,-0.0003,-0.0256,-0.0047,-0.0324,0.0268,-0.0072,-0.0236,-0.0351,0.024,-0.0069,-0.0141,0.0008,-0.0183,0.0174,0.0304,-0.0089,0.0034,-0.0113,0.0089,0.0073,-0.0007
728,5788,108,6,cycling,1.0,-1.001,1.001,,,,,,,,,,,,,,,,,,,,,,,,,,,,,,,,,
729,5789,108,6,cycling,-0.0146,-0.031,0.0287,-0.0147,0.0204,0.0039,0.017,0.9691,0.0173,-0.0135,-0.3858,-0.0666,-0.0413,1.3414,0.0617,0.0212,0.0109,0.037,0.0134,0.013,0.0005,0.0037,0.0162,0.0056,0.014,-0.0033,-0.0008,-0.006,-0.0031,0.0078,0.0138,-0.0047,0.0059,-0.0142,0.0256,-0.0043
730,5790,108,6,cycling,0.05,0.1222,0.0329,-0.009,-0.0286,-0.0126,0.0483,-0.0366,0.03,-0.017,0.0113,0.012,-0.0388,0.1005,0.0313,0.0114,-0.013,-0.0216,0.0006,0.0058,-0.0362,-0.0336,-0.0543,-0.0135,-0.0003,0.0425,0.0016,-0.0073,0.031,-0.0314,0.0228,0.0211,-0.0144,0.0416,0.0256,-0.0045
731,5791,108,6,cycling,-0.03,0.0159,0.0064,0.023,0.003,0.0027,0.0199,0.1654,0.0024,0.0128,-0.0087,0.003,0.0009,0.0383,0.0038,0.0163,0.0005,0.0115,-0.0031,0.0116,0.0255,-0.0034,0.0177,0.0043,0.0023,0.0103,0.0248,0.0031,0.001,0.0153,-0.0115,0.0147,-0.0022,0.0138,,
732,5792,108,6,cycling,-0.0214,0.0819,-0.0087,0.0045,0.0013,-0.0049,0.0245,0.1705,-0.0013,-0.007,-0.0035,-0.0281,0.0059,-0.0374,0.0202,0.0043,0.0029,-0.0047,0.0013,-0.0038,0.0,,,,,,,,,,,,,,,
733,5793,108,6,cycling,0.013,0.4989,0.0134,-0.0138,0.0048,-0.0034,-0.0233,0.0487,-0.0053,-0.0066,0.0102,-0.0125,0.0628,1.231,-0.0173,-0.0073,0.0072,0.0014,-0.0141,0.0122,0.001,,,,,,,,,,,,,,,
734,5794,108,6,cycling,0.0224,0.0075,-0.0002,-0.008,-0.0038,-0.0017,-0.004,0.0044,-0.006,0.0014,-0.003,-0.002,-0.0057,-0.0013,0.0018,0.0,0.0133,-0.004,0.0107,0.0004,0.0055,-0.0062,0.0088,-0.0062,0.0056,-0.0026,-0.0024,0.0006,-0.0014,0.0064,0.0037,-0.0025,0.0177,-0.0036,,
735,5795,108,6,cycling,-0.0346,0.2027,-0.0643,0.0431,-0.0541,-0.0228,0.0001,0.6645,0.0012,-0.0086,-0.2265,-0.047,-0.0645,1.0385,0.0764,-0.0168,-0.0503,0.0304,0.0358,0.0607,-0.0042,-0.0341,-0.0035,-0.0158,-0.0008,0.0405,-0.0168,0.0436,-0.0222,0.0304,0.0112,0.011,-0.0111,0.0112,0.0265,0.0048
736,5796,108,6,cycling,-0.0046,-0.0047,0.0041,0.0034,-0.0041,0.0026,0.003,0.0043,0.0004,0.0009,0.001,0.0037,-0.0044,0.0054,0.0042,0.005,0.0024,-0.0001,-0.0055,0.0013,0.006,0.0034,0.0005,0.0053,0.0018,0.0054,0.0003,0.0032,0.0013,0.003,0.0033,0.0032,0.0046,0.0026,0.0,
737,5797,108,6,cycling,-0.028,0.0363,-0.0065,0.0089,0.0003,0.0047,0.0054,0.0058,0.001,-0.0062,-0.0168,-0.004,-0.0065,0.0026,0.0036,0.0023,0.0115,0.002,0.0085,0.0054,0.0126,-0.0018,0.0037,0.007,0.0161,0.0007,0.0016,0.0028,0.0073,0.0056,0.005,0.0056,0.0041,-0.0035,,
738,5798,108,6,cycling,-0.0466,0.4477,-0.0487,-0.0466,-0.0671,0.0629,-0.0757,0.7186,-0.0257,-0.0312,-0.2553,-0.1064,-0.2628,1.3047,0.1246,0.0473,0.1631,-0.1368,0.0756,0.2415,-0.0521,0.1061,-0.0383,-0.0084,0.0243,-0.0524,0.0022,0.1245,0.0577,-0.0507,0.1277,-0.0285,0.0154,0.0125,0.0415,0.0017
739,5799,108,6,cycling,-0.0545,-0.0461,0.0379,0.0669,0.0136,0.0075,0.0346,0.849,-0.0254,-0.01,-0.2928,-0.051,0.0183,1.3737,0.0079,0.0364,0.0249,0.0274,0.0182,0.0282,0.0017,-0.0128,0.0157,-0.005,0.0265,-0.0134,-0.028,0.0376,0.0033,0.0234,0.0024,0.0056,-0.0086,0.0215,0.0046,0.0248
740,5800,108,6,cycling,-0.0419,0.7195,0.0122,-0.0166,-0.0037,-0.0002,0.005,0.368,-0.0306,-0.0315,-0.1755,-0.0184,-0.0651,1.2047,0.0092,-0.0138,0.0214,-0.0102,-0.0032,0.0086,0.0251,0.0124,0.0087,0.0126,0.016,0.0027,0.0381,0.0145,0.008,0.0284,-0.0025,0.0223,0.0115,-0.0101,0.0104,0.0085
741,5801,108,6,cycling,0.0024,-0.0033,-0.0011,-0.0106,-0.0041,0.0011,-0.0103,0.0232,0.006,0.0123,-0.0072,0.0145,-0.0037,0.1056,0.0224,-0.0023,0.0061,-0.0026,0.0016,0.0102,-0.0012,-0.0011,0.0023,-0.001,0.0042,0.0003,0.0133,-0.004,0.0127,-0.0124,-0.0014,-0.014,0.0018,0.0036,-0.0074,0.0015
742,5802,108,5,running,0.0043,-0.0051,0.0036,0.0002,0.0,0.0034,0.0014,0.0035,0.0013,0.0001,0.0004,-0.0009,0.0045,0.0016,0.0066,0.0038,-0.0011,0.002,-0.0035,-0.0024,0.0002,0.0013,0.0007,0.0004,0.0017,0.0012,0.0017,0.0008,0.0008,0.0,0.0018,0.0015,0.0008,0.0004,0.0,
743,5803,108,5,running,-0.0075,0.0201,-0.0011,0.0046,0.0018,-0.0117,0.0003,-0.0006,0.0085,-0.0016,0.0031,0.0047,-0.0032,0.0223,-0.0008,0.0044,0.0027,0.0038,-0.0068,-0.0032,0.0032,-0.002,0.0,-0.0034,0.0014,0.0014,-0.0017,0.0044,0.0024,0.0132,0.0005,-0.0006,0.0153,0.003,0.0057,
744,5804,108,5,running,0.0015,-0.0154,0.0043,-0.0078,-0.0028,0.014,0.0062,0.02,-0.0011,0.0025,-0.0058,0.0013,-0.0051,-0.0041,0.006,0.0046,0.001,0.0116,0.0015,0.0037,-0.0045,-0.0017,-0.0031,-0.0026,0.0068,-0.0048,0.0038,0.0036,-0.006,0.0067,0.0027,0.003,0.0014,-0.0063,0.0,
745,5805,108,5,running,-0.353,0.3108,-0.1443,-0.1409,0.1142,-0.1784,-0.2309,0.0635,0.0363,-0.1185,0.1119,-0.0828,0.1127,0.0079,0.1177,-0.1435,-0.2374,0.0592,0.0267,0.1732,0.0509,0.0025,-0.0257,0.0372,0.0289,0.0012,-0.0327,0.115,0.0634,0.0289,-0.0133,0.0089,,,,
746,5806,108,5,running,0.0801,-0.0254,-0.0218,0.0554,0.0665,-0.0224,-0.03,0.0079,-0.0233,-0.0174,0.0102,0.013,,,,,,,,,,,,,,,,,,,,,,,,
747,5807,108,5,running,,,,,,,,,,,,,,,,,,,,,,,,,,,,,,,,,,,,
748,5808,108,5,running,-0.3497,-0.6612,0.1584,0.1195,2.0014,0.7711,0.4258,0.8728,-0.111,-1.4218,-0.5302,-0.0903,0.035,-0.4966,-0.655,-0.6533,0.1637,0.2336,0.2382,-0.1323,-0.1215,0.1542,-0.2889,-0.4208,0.0053,0.1528,0.1302,-0.3182,-0.2204,0.2174,-0.2224,0.0227,0.2622,0.1664,-0.2035,-0.0575
749,5809,108,5,running,-0.008,-0.0004,0.0061,0.0032,-0.0101,0.0032,-0.0008,-0.0114,0.0076,0.0004,-0.0107,-0.0051,-0.0044,0.0,,,,,,,,,,,,,,,,,,,,,,
750,5810,108,5,running,0.0108,-0.0151,0.0111,0.0002,0.0011,-0.0057,0.0012,0.0042,-0.0025,-0.005,0.0014,-0.0041,-0.006,-0.0024,-0.0052,-0.0016,-0.0016,0.004,-0.0045,0.0106,0.0036,-0.0026,-0.003,0.0053,0.0032,-0.0021,0.002,0.0054,-0.0027,0.0083,0.0013,0.0036,0.0022,0.0073,0.0004,0.0016
751,5811,108,5,running,-0.4759,-0.0591,-0.6273,0.4215,1.1575,-0.5199,0.2798,1.1087,-0.4524,-0.0125,-0.2422,-0.1984,-0.2547,-0.176,0.1751,0.0885,0.07,0.2569,-0.1802,0.1806,-0.0252,-0.3084,0.0822,0.3469,0.3387,-0.0375,-0.0192,-0.2516,0.0886,0.5337,0.0773,0.2711,-0.3741,0.1414,,
752,5812,108,5,running,-0.0106,-0.0088,-0.0074,-0.0059,0.0142,-0.0072,-0.0111,-0.0066,-0.0125,-0.0116,-0.0118,-0.0075,-0.0013,0.0028,0.0124,0.0002,0.0131,0.006,-0.0043,-0.0058,-0.0108,-0.0031,0.0116,-0.0112,0.0102,0.0045,0.0123,-0.0011,-0.0105,-0.0013,-0.0057,-0.0001,-0.0151,0.0082,-0.0004,-0.0024
753,5813,108,5,running,-0.7761,0.3504,-0.7148,0.8123,-0.5373,-0.4289,0.0895,0.3783,-0.2878,-0.4947,-0.2616,0.3347,0.187,0.1185,0.0354,-0.3716,0.0576,-1.1178,-0.037,0.0079,-0.1555,-0.6674,-0.0066,-1.0034,0.5565,-0.246,-0.0235,1.5337,-0.6159,-0.4751,0.3649,-0.4313,-0.0876,-0.1977,-0.566,0.57
754,5814,108,5,running,0.0036,0.01,-0.0441,-0.0163,0.0014,0.0006,-0.0022,0.0247,-0.0038,-0.0012,-0.0171,-0.0233,0.0343,-0.0145,-0.0152,-0.0108,0.0028,-0.023,-0.0055,-0.0208,0.0003,0.0058,0.013,0.0054,-0.0035,-0.0008,-0.0137,0.0033,0.0036,-0.0041,-0.0017,-0.0008,0.0022,-0.0033,-0.0114,-0.0045
755,5815,108,5,running,-0.0083,-0.0003,-0.0006,-0.0017,-0.0031,0.002,-0.0074,0.0032,-0.0014,0.0103,0.0067,-0.0007,-0.0143,-0.0037,-0.0014,0.0053,0.0061,0.0009,0.0168,0.0022,-0.0004,-0.0014,-0.0008,-0.004,0.0003,-0.0077,0.0007,-0.0011,0.0044,0.0035,0.0017,0.0002,0.0,0.0026,0.0,
756,5816,108,5,running,-0.2977,-0.0469,0.2199,0.2675,0.3583,0.5563,-0.0863,0.3839,-0.0742,-0.1826,-0.1667,-0.3488,-0.0076,-0.2788,-0.3365,0.4818,-0.3071,1.0012,-0.1706,-0.209,0.1524,-0.3321,-0.1624,-0.3383,-0.1532,0.4285,-0.4176,0.3506,-0.1452,0.2419,-0.1645,-0.085,-0.4124,0.0604,0.0356,0.0387
757,5817,108,5,running,-0.0031,0.0216,0.005,0.0002,-0.0101,-0.0066,0.0082,0.0165,-0.004,-0.0009,0.0019,0.0043,0.0,0.0062,0.0017,0.0013,0.0128,0.002,0.0132,0.0055,0.0074,-0.0004,-0.0056,0.0064,0.0035,-0.0037,0.0048,0.0056,0.0045,0.0041,0.0033,0.0026,0.0076,0.0008,0.0,
758,5818,108,5,running,-4.7935,-0.1185,-0.0088,-3.0451,4.1258,-0.1156,0.138,1.5144,-0.7431,-0.1645,-0.4787,-0.5691,-3.1563,0.4007,-1.128,0.7776,1.617,-0.5828,0.2803,-0.3034,-1.7412,1.0175,0.5834,1.0305,-0.2142,0.2295,-0.61,-0.0675,1.0562,0.2259,0.0455,0.0222,0.5331,-0.2453,0.6212,0.0091
759,5819,108,5,running,-0.4697,-0.494,-1.3878,0.274,0.0385,0.311,-0.1016,0.484,-0.4255,0.6038,-0.4483,-0.143,-0.1854,-0.3944,-0.0856,0.0776,-0.1508,0.019,0.4104,0.1065,0.4854,0.1515,-0.0497,0.0832,0.0062,-0.1559,-0.331,0.1105,-0.1403,-0.3495,-0.0657,-0.4567,-0.0525,-0.1142,0.2818,-0.0135
760,5820,108,5,running,-1.1947,-0.4299,0.1341,3.2717,1.0561,1.8621,-0.3577,0.2642,1.2875,-0.0347,-0.0072,0.5127,1.2313,-0.1836,-0.3162,1.8024,1.4381,0.6979,0.5019,1.1823,-0.417,-0.6085,0.5636,1.4832,-0.2609,0.2855,0.5812,-0.5544,-0.3896,0.4005,-0.0855,0.2544,0.6343,0.0873,-0.756,-0.1326
761,5821,108,5,running,0.0007,-0.0022,0.0123,-0.0006,0.0021,0.0021,-0.0017,-0.0171,0.0064,0.0061,-0.0018,0.0003,0.0167,-0.0062,0.0071,0.0037,0.0004,0.0237,0.0066,0.0058,-0.0031,0.0114,0.0012,-0.0024,0.0034,-0.0001,0.0036,0.0058,0.0051,-0.0038,0.0128,-0.0038,0.0015,0.0007,-0.0,
762,5822,108,5,running,0.1014,-0.218,0.1266,-0.1364,-0.1058,-0.0462,0.0235,-0.1652,-0.0575,0.0096,-0.1413,0.0106,-0.0504,-0.1377,0.0107,-0.0503,-0.0102,0.0544,-0.05,0.0025,0.0333,0.0066,0.0112,0.0483,0.0141,-0.0245,0.0176,-0.0078,0.0234,-0.0143,-0.013,-0.0158,-0.028,0.0008,-0.044,
763,5823,108,5,running,-0.0377,0.0044,0.0135,0.0117,0.0156,-0.0052,0.0204,-0.0028,0.0023,0.0064,-0.0049,-0.0062,-0.0027,0.0127,-0.01,0.0012,0.0217,0.0075,-0.0103,0.0164,0.0031,0.0054,0.0118,0.011,0.0136,0.0026,0.0141,0.0052,0.0128,0.002,0.0218,0.0038,0.003,0.0065,0.0,
764,5824,108,5,running,0.0025,0.0112,0.0061,-0.0056,-0.0005,0.0001,-0.0001,0.0112,0.0075,0.011,0.0,-0.0043,-0.0051,-0.0011,-0.0066,,,,,,,,,,,,,,,,,,,,,
765,5825,108,5,running,-4.0918,-1.7719,-4.1831,-3.6211,-1.0816,-1.1935,-0.323,-0.787,1.3498,-0.4389,0.1002,1.0736,0.1845,0.8343,0.7722,1.0807,-1.8648,2.2229,0.7475,-0.6931,2.6666,-0.1426,-1.8766,-0.3133,-0.4742,-0.2563,-0.3174,-1.2331,1.3585,-0.7531,-1.3247,1.3149,-0.4068,-0.447,-0.2226,-2.4491
766,5826,108,5,running,0.0162,-0.0276,-0.0032,0.0083,0.0116,-0.01,0.0072,0.0066,0.0147,-0.0101,0.0083,-0.0047,0.0148,0.0067,0.0037,0.008,0.0088,0.0257,0.0048,0.0,0.0069,0.0003,-0.0035,0.0135,0.0014,0.0182,-0.0057,0.0032,0.005,-0.0068,0.0137,-0.006,-0.0003,0.0044,0.0,
767,5827,108,5,running,0.0032,0.002,0.0027,0.0052,0.0063,0.0002,0.0105,0.0066,0.0075,-0.0065,0.0016,-0.0024,0.0017,0.0003,0.006,0.0031,0.011,0.0012,0.0142,-0.003,-0.0012,0.0035,0.0015,-0.0013,0.0038,0.0012,0.0011,0.0,0.0023,-0.0003,0.0016,0.0015,0.0022,0.0024,0.0,
768,5828,108,5,running,-0.7964,-0.1632,-0.2817,-0.3879,0.2356,-0.4418,0.3081,0.8433,0.3888,0.5733,-0.0832,0.023,-0.1726,0.1417,-0.0736,-0.2413,-1.2289,-0.4651,0.2831,-0.5262,0.4688,-0.0307,0.7887,-0.2471,0.6274,-0.5315,0.1557,0.0476,-0.11,-0.2981,0.2012,-0.0494,0.1858,-0.2368,0.2708,-0.3024
769,5829,108,5,running,-0.0101,-0.0131,-0.0236,-0.0039,0.0014,0.0041,-0.0167,0.0222,-0.0137,0.0064,-0.0048,-0.0231,0.0127,0.011,0.0105,0.0155,0.0061,0.0231,0.0084,-0.0087,0.0063,-0.0024,0.0143,-0.0007,0.0227,-0.0044,-0.0054,-0.0043,-0.0068,-0.0079,-0.0143,0.0135,0.0013,0.0188,0.0022,0.0037
770,5830,108,5,running,0.7594,-1.3753,0.1564,1.4883,0.2613,0.2695,-0.4608,0.1302,-0.5422,-0.0126,-0.1552,0.6144,-0.2714,1.1036,0.6996,-1.6806,-0.6615,-1.0404,1.4101,0.5048,-0.5144,-0.2483,0.4259,0.6545,0.0247,0.5569,-0.0785,-0.0359,-1.0125,0.4269,-0.4586,0.0292,0.2068,1.0461,0.0741,-0.5812
771,5831,108,5,running,-0.2207,-0.41,-0.5798,-0.3025,-0.4745,-0.3843,-0.4743,0.5602,-0.2723,-0.1351,-0.3009,0.0351,-0.1556,-0.1567,-0.0235,-0.039,0.5414,0.0553,-0.5346,-0.0869,-0.0085,0.0093,0.4313,0.3549,-0.1303,-0.2611,0.4104,-0.1095,-0.4088,0.0002,-0.3046,0.0305,0.2818,0.226,-0.1414,0.3872
772,5832,108,5,running,-0.0722,0.2516,-0.3543,-0.473,0.0754,0.0535,0.1468,0.0629,-0.0698,0.07,-0.2018,0.1077,0.1832,-0.2471,0.1743,0.381,0.0367,0.0656,-0.555,-0.3024,0.1117,-0.4586,-0.1269,-0.1283,-0.1661,-0.3747,0.021,-0.2143,-0.0278,-0.248,0.0357,-0.3635,0.2462,0.1372,0.1754,-0.1485
773,5833,108,5,running,36.0,0.0,-0.4975,1.0,-0.5261,2.0,-1.1455,3.0,1.3025,4.0,-1.7339,5.0,1.3791,6.0,0.0146,7.0,0.2748,8.0,0.0163,9.0,0.0333,10.0,0.0446,11.0,0.1482,12.0,-0.2672,13.0,-0.5535,14.0,0.0521,15.0,-0.499,16.0,-0.1549,17.0
774,5834,108,5,running,0.0151,0.0247,-0.0124,0.0272,0.012,0.0134,-0.0032,-0.0014,-0.0137,0.0167,-0.0042,,,,,,,,,,,,,,,,,,,,,,,,,
775,5835,108,5,running,0.2872,0.1018,-0.3829,0.1045,0.212,0.0522,-0.1128,-0.0104,-0.222,-0.2354,-0.1666,-0.248,-0.3786,-0.009,-0.3854,-0.1066,0.4869,-0.1807,0.0554,-0.2297,-0.0747,-0.0233,0.0047,0.1672,-0.0736,0.1175,0.0858,0.3108,0.0486,0.0575,0.2775,0.0749,-0.0268,,,
776,5836,108,5,running,-0.0287,0.007,0.02,-0.0084,0.0254,-0.0224,0.0043,0.0268,0.0128,0.0019,-0.0238,0.0025,0.0207,0.0182,-0.0204,-0.003,-0.0115,-0.0121,-0.014,0.0062,0.0227,0.0065,-0.004,0.0218,-0.0123,0.0127,-0.0177,0.0067,-0.012,0.0026,0.0114,0.0032,0.0034,0.0023,,
777,5837,108,5,running,0.3088,-0.4625,-0.2638,-0.1666,-0.2428,-0.0197,0.0216,-0.0767,-0.0339,-0.0321,-0.0162,0.004,0.0007,-0.0585,0.0112,0.0242,-0.0127,0.1637,-0.0386,-0.0312,-0.0236,-0.0582,0.0357,-0.0024,-0.0087,-0.0018,-0.003,-0.0316,-0.0341,-0.0006,0.0176,-0.0384,-0.0028,0.0274,0.0006,0.0082
778,5838,108,5,running,-0.0103,-0.0079,-0.0049,0.0131,,,,,,,,,,,,,,,,,,,,,,,,,,,,,,,,
779,5839,108,5,running,0.342,0.1104,-0.2397,0.063,0.013,0.0432,-0.0374,0.0827,-0.0523,0.015,0.0134,-0.0254,0.2651,0.0772,0.0656,0.0103,0.0065,0.0047,0.0039,-0.0167,-0.0144,0.0125,0.0058,0.0184,0.0146,0.0316,-0.0225,0.0119,0.0054,0.0424,0.0288,0.0235,0.0241,-0.0048,-0.0,
780,5840,108,5,running,-0.0003,0.0024,0.0001,0.011,0.0007,0.011,-0.0006,-0.0005,0.0002,0.0025,0.0013,-0.0021,0.0023,0.0051,0.0034,0.0011,-0.0024,-0.0015,0.0034,0.002,0.0024,0.0011,0.0035,0.0004,0.0024,0.0003,0.0001,-0.0014,0.0008,0.0035,0.0024,0.0033,0.0004,0.003,0.0,
781,5841,108,5,running,-0.0133,-0.0245,0.0103,-0.035,0.0043,-0.0247,-0.0025,0.0088,0.0014,-0.0155,0.0121,-0.0143,0.0278,0.0206,0.0102,0.013,0.0055,0.0077,0.0313,0.0005,0.0218,0.0013,0.0026,-0.0225,-0.0038,0.0264,0.0038,0.0039,0.0108,0.0036,-0.0121,0.0029,-0.0003,0.0247,-0.0,
782,5842,108,5,running,-0.1044,-0.9748,-0.2562,-0.0376,0.137,-0.1418,0.1462,0.8549,-0.0058,0.1179,-0.4427,-0.1335,0.0089,-0.1972,-0.0349,0.0509,0.036,-0.1755,-0.0029,-0.1678,0.0245,0.1337,-0.0189,-0.2141,-0.0775,0.0804,-0.1548,-0.072,-0.2104,-0.2118,0.2622,-0.0098,0.2426,-0.0037,0.122,0.025
783,5843,108,5,running,-0.0086,0.0044,-0.0023,0.006,0.0116,0.0006,-0.0085,-0.002,0.0103,0.001,0.0058,0.0026,0.002,0.0127,0.004,-0.0022,0.0082,-0.004,-0.0013,0.0082,-0.0021,0.0024,-0.0041,-0.0,0.0076,0.0003,0.0044,0.0045,0.0068,0.0035,0.0,-0.0028,-0.0032,0.0038,0.0032,0.0041
784,5844,108,5,running,-0.0107,-0.0025,0.0042,0.0084,0.0031,0.0006,-0.0027,0.003,-0.0005,0.0015,-0.0003,0.0047,0.001,0.0136,-0.0005,,,,,,,,,,,,,,,,,,,,,
785,5845,108,5,running,0.0244,-0.0082,-0.0107,-0.0024,-0.0125,-0.0014,0.002,-0.0023,0.0126,-0.0034,-0.0031,-0.0086,0.0008,0.0009,0.0026,0.0055,0.01,-0.0016,-0.0029,0.0018,-0.0007,-0.0006,-0.006,0.0008,0.0,-0.0026,0.0078,-0.0012,0.0173,0.0065,0.0031,0.0,0.0037,-0.002,-0.0,
786,5846,108,5,running,0.0064,-0.0111,-0.0142,-0.0003,0.005,0.0115,-0.0064,-0.0141,0.0102,-0.0033,0.0028,0.0083,0.011,-0.0013,0.0051,0.0021,-0.0042,-0.0053,0.0071,0.0081,-0.0008,-0.0038,-0.0033,0.0048,0.0016,0.0077,0.0072,0.0004,0.0007,0.0003,0.0168,0.0002,0.0027,-0.0023,0.0,
787,5847,108,5,running,-0.0038,0.0074,-0.0009,0.0102,-0.0064,0.007,0.0005,-0.0146,-0.0023,0.0086,0.0044,0.013,0.0003,-0.0,,,,,,,,,,,,,,,,,,,,,,
788,5848,108,5,running,0.0014,0.0024,0.0011,0.0012,0.0005,0.0003,-0.0022,-0.0042,0.0031,0.0008,-0.001,0.006,0.0102,-0.0021,-0.0041,0.0042,0.0008,-0.0045,0.0078,-0.0058,0.0067,-0.0014,0.0121,0.0006,0.0047,0.0045,-0.0001,-0.0013,0.0052,0.0005,0.0023,-0.0022,0.0001,-0.0037,,
789,5849,108,5,running,-0.7386,-0.5411,0.109,-0.6195,0.2636,0.7802,0.2712,-0.4402,-0.1691,-0.3243,-0.3062,0.0654,0.3578,0.192,-1.6426,0.1017,-0.0135,-0.1819,-0.2706,0.7011,0.0245,-0.1182,0.6353,-0.1767,0.0127,0.2224,0.2024,0.561,0.035,-0.2546,0.3428,-0.5084,-0.2226,0.0609,0.1534,0.3875
790,5850,108,5,running,0.0054,-0.0157,0.0087,-0.0127,-0.0003,0.0044,0.0085,0.0183,0.0035,-0.0018,0.008,0.0075,0.0023,0.002,-0.004,0.0116,0.0111,0.0137,0.0071,-0.0127,0.0062,0.0066,-0.004,-0.0068,-0.0031,-0.0024,0.0013,0.0057,0.0025,-0.0051,-0.0014,0.003,-0.0027,-0.0016,0.0125,0.0022
791,5851,108,5,running,36.0,36.0,,,,,,,,,,,,,,,,,,,,,,,,,,,,,,,,,,
792,5852,108,5,running,-0.9788,-0.185,-0.2764,-0.4538,-1.1433,-0.1096,0.5563,0.0534,0.0475,-0.074,-0.1371,0.1454,0.3658,-0.31,-0.4302,0.0055,-0.0044,-0.0617,-0.0207,0.2443,0.0336,-0.0508,-0.2222,-0.0577,0.0264,0.1206,0.0543,0.0807,-0.2086,0.0042,0.135,-0.0293,-0.0466,0.012,0.0825,-0.1588
793,5853,108,5,running,4.7291,-1.6684,3.2242,2.6531,0.6962,-2.6268,0.0354,0.2217,-1.3616,4.0985,-0.6237,0.5006,0.0072,0.3213,-0.0477,-0.0159,-0.14,-1.3011,0.1183,-0.6284,1.597,-1.2315,-0.112,-2.1276,-1.2255,-2.4397,-1.1018,0.1017,0.5109,2.4753,1.1007,-0.5332,1.7259,-0.1388,-0.7856,-1.0678
794,5854,108,5,running,-0.2679,-1.3622,-0.2494,0.6688,1.0469,0.7741,-0.4794,0.4439,-0.1861,0.6214,-0.0982,-0.2576,0.623,-0.0461,-0.0344,0.1787,-1.1772,0.2168,0.174,-0.1624,-0.1139,0.0445,0.5312,0.3655,0.2775,0.2672,-0.1814,-0.2307,-0.1146,-0.0359,0.1148,0.1642,-0.2191,0.151,0.3136,-0.1009
795,5855,108,5,running,-0.0183,-0.2218,-0.0439,-0.3617,-0.1857,0.0039,0.0858,0.0667,-0.0675,-0.0753,-0.061,0.0532,0.0207,0.2643,-0.0785,0.0285,-0.0179,0.0315,-0.0782,-0.0119,-0.0508,-0.0764,0.1212,-0.0208,0.0257,0.0554,-0.0323,-0.1233,-0.0164,-0.0284,0.0357,0.0333,-0.008,0.0224,0.04,
796,5856,108,5,running,0.6163,0.2228,-0.1528,0.0377,0.3085,-0.0408,-0.2583,0.4788,-0.2143,-0.2661,0.327,-0.4288,0.3822,-0.3868,0.0261,-0.0366,0.3503,-0.0526,-0.1437,0.0186,-0.0272,-0.1225,-0.027,-0.1545,0.2877,-0.014,-0.3402,0.0531,0.3165,0.2177,-0.0532,0.0731,0.0444,0.0545,0.2493,-0.22
797,5857,108,5,running,0.0049,-0.0031,0.0063,-0.0138,-0.012,0.0049,-0.0004,0.0036,0.007,0.0168,0.0101,0.0102,0.0043,0.0175,-0.0032,,,,,,,,,,,,,,,,,,,,,
798,5858,108,5,running,0.4171,-0.6375,0.697,-0.3155,1.0175,0.6326,0.669,-0.7656,0.0209,-0.2551,0.1301,-0.1837,-0.4132,0.1285,-0.2741,-0.1089,1.1715,-0.6872,0.3805,0.2955,0.5189,0.1384,0.5275,0.571,-0.2436,-0.3005,-0.5365,-0.6728,-0.2171,-0.5723,-0.3514,-0.0639,0.6832,0.4447,0.0561,0.0181
799,5859,108,5,running,-4.2287,-0.4744,-0.0035,3.2372,-0.0463,-1.1489,0.2742,0.0366,-0.0066,0.0658,-0.0758,-0.0401,-0.6139,0.0211,-0.0266,0.0036,-1.3663,-0.0067,-0.1559,0.0139,0.136,-0.104,-0.3343,0.3109,-1.7727,0.364,-0.4275,-0.1437,0.0,-0.1018,-0.3522,-0.2265,-0.0455,-0.0259,-0.0731,-0.0222
800,5860,108,5,running,-0.9759,-0.4578,0.7024,-0.3049,2.7745,-0.5255,-0.0728,-1.7514,2.0109,0.0779,0.2115,0.1306,1.5255,1.0536,0.5406,-0.2871,-0.0027,0.0137,0.1541,0.2753,-0.1121,-0.3414,0.4265,-0.2003,0.1728,0.0396,0.5667,-0.2172,0.1198,-0.2684,0.1035,0.2436,0.006,0.0477,-0.4032,-0.0531
801,5861,108,5,running,0.3752,-0.0437,0.006,0.0045,-0.0158,0.3069,-0.2005,0.2401,0.0305,-0.1691,0.1782,0.0236,-0.1261,-0.0792,0.1613,-0.0548,0.1401,-0.0433,-0.0379,0.2545,0.1203,-0.0614,-0.1145,-0.059,-0.0238,-0.0061,0.023,0.166,0.02,-0.0168,0.0132,0.1201,0.0019,-0.0761,-0.0147,0.1452
802,5862,108,5,running,0.0405,-0.151,-0.0477,0.2419,0.3267,0.2064,0.0762,0.0147,-0.1384,0.0847,0.0587,0.1668,0.2141,-0.1137,-0.4114,0.4097,-0.2054,-0.4883,-0.1522,0.4586,-0.0137,-0.1122,0.2008,0.0655,0.0536,-0.0207,0.0337,-0.4032,0.1528,0.2313,-0.1453,-0.2188,0.15,-0.2059,0.0751,-0.1205
803,5863,108,5,running,0.0002,0.0054,0.002,0.0041,0.0025,0.0055,0.0021,0.0056,0.0023,0.0,0.0035,0.0008,-0.0068,0.0035,0.0102,0.0016,0.0007,0.0038,0.0021,0.0043,0.0024,0.0004,0.0,0.0017,0.0004,0.0001,0.0026,0.0011,0.0037,0.0014,0.0001,0.0005,0.0001,0.0005,0.0004,0.0003
804,5864,108,5,running,-0.0241,-0.0052,0.0016,-0.0125,-0.006,0.0201,0.0072,-0.006,-0.006,-0.0114,-0.0018,0.023,0.0157,0.0035,-0.0121,-0.0011,-0.0003,0.008,0.008,0.0011,0.0038,0.0125,-0.003,0.0085,-0.0036,0.0003,0.0,-0.005,0.0067,0.0037,0.0037,-0.003,0.0013,0.003,0.0,
805,5865,108,5,running,0.0024,-0.0125,0.0014,-0.0002,0.0007,0.0002,-0.0015,0.0114,0.0007,-0.0047,0.0005,0.0047,-0.0006,0.006,0.0001,0.0005,-0.0012,0.0031,0.0022,0.004,0.0012,0.0016,0.0002,0.0057,-0.0014,0.0023,0.0003,0.0055,0.001,0.0017,-0.0005,0.0053,0.0014,0.0046,0.0,
806,5866,108,5,running,-4.373,0.0078,0.0002,-0.0145,-0.004,-0.0005,0.0132,-0.0111,0.0041,0.0054,-0.0008,0.0038,0.0152,-0.0031,-0.0005,0.0025,-0.0052,-0.0013,-0.002,0.0071,0.0056,0.0031,0.004,0.0132,0.0025,0.0024,-0.0105,0.017,0.004,0.0035,-0.0047,0.0016,-0.003,0.0005,-0.0065,-0.3332
807,5867,108,5,running,-0.9431,-0.0011,0.0321,0.029,-0.3026,-0.2705,-0.4152,0.4561,0.0521,-0.134,-0.2,-0.156,-0.0812,0.3141,0.0306,0.5568,-0.4681,-1.1177,-0.661,1.6292,1.0092,-1.1413,1.5093,0.1037,0.0208,-0.117,0.1527,-0.3798,-0.52,0.6755,0.51,-0.5511,-0.3147,-0.1076,-0.2072,-0.264
808,5868,108,5,running,0.479,-0.8879,-0.3118,-1.1303,-1.0314,0.2322,-0.3448,1.1618,-0.4022,-1.0826,0.3919,-0.6185,0.2027,-0.0588,-0.0785,-0.0215,-0.5083,0.0139,0.312,-0.0362,-0.387,-0.262,-0.3346,0.562,-0.2115,-0.2433,0.372,0.1162,0.5198,-0.0493,-0.184,-0.132,-0.0799,0.4679,0.2084,-0.0383
809,5869,108,5,running,0.0719,0.061,-0.0012,-0.0462,-0.0459,0.0218,0.0108,-0.0284,-0.0218,-0.0284,-0.0119,0.006,0.0075,0.0645,0.1031,0.0122,0.0387,0.027,-0.0108,-0.0116,0.0001,0.0272,0.0082,-0.0062,-0.0145,0.008,-0.0218,-0.0345,0.0063,-0.0109,0.0271,0.014,0.0012,0.001,0.0,
810,5870,108,5,running,-0.0414,-0.006,0.0118,0.0017,0.0245,0.0019,0.0012,-0.0044,-0.0044,0.0033,-0.0047,0.0,0.0044,0.0014,0.0064,0.0033,-0.0018,0.0272,-0.0022,-0.0016,-0.0135,-0.0026,-0.0063,0.0155,0.0077,0.0053,0.0071,0.0004,0.0065,0.0032,0.0056,-0.0061,0.0047,-0.0108,0.01,
811,5871,108,5,running,-0.1044,-0.0032,0.0,,,,,,,,,,,,,,,,,,,,,,,,,,,,,,,,,
812,5872,108,5,running,-0.2499,-0.6476,0.3511,1.0626,-0.02,0.2661,-0.5787,0.588,-0.0733,0.3555,-0.3355,-0.0709,-0.1463,-0.2893,-0.4028,-0.3831,-0.0829,0.2416,-0.303,0.0299,-0.0123,-0.2396,0.2356,0.0674,0.1326,-0.0454,-0.3257,0.2303,-0.4355,0.138,-0.0539,-0.1517,0.0283,-0.1429,0.1331,-0.2061
813,5873,108,5,running,-0.0007,0.0,,,,,,,,,,,,,,,,,,,,,,,,,,,,,,,,,,
814,5874,108,5,running,-0.0002,-0.0031,0.002,0.0055,0.0,0.0004,0.001,-0.0043,0.0017,0.015,0.0002,0.0056,0.0054,0.0046,-0.0016,0.0006,0.0013,0.0026,-0.0006,0.0007,0.0017,0.0013,0.0008,0.0021,0.0014,0.003,0.0,0.0001,0.0031,0.0033,0.0017,0.0044,0.001,0.0015,,
815,5875,108,5,running,4.5917,-1.2739,2.4879,6.5678,-0.0066,2.2851,2.1329,0.5378,4.8108,0.2336,-0.7472,-1.1485,-2.2268,-0.5322,0.2711,0.2584,2.0228,-2.5502,0.8872,0.6504,-0.324,0.2337,0.4907,-0.0231,0.6679,-0.5871,-0.3218,-1.4165,-2.6602,0.3902,-2.3208,0.4626,1.5696,-0.5534,,
816,5876,108,5,running,0.247,-0.6938,0.1082,-0.3424,-0.3363,0.1483,-0.0095,-0.0305,-0.1235,0.2364,-0.2893,-0.0562,-0.0751,-0.027,0.016,-0.01,-0.0017,0.2716,-0.4659,0.0075,0.1446,0.1592,-0.2401,-0.1643,0.0007,0.2858,0.0707,0.1703,-0.2557,0.1679,0.0425,-0.1615,-0.041,-0.0877,-0.1077,-0.2072
817,5877,108,5,running,-0.4924,-0.0007,-0.3838,0.139,-0.1475,-0.4811,-0.0152,-0.6667,0.0576,-0.0705,-0.3267,-0.3673,-0.1014,1.3004,-0.1618,-0.3646,0.5549,-0.4565,-0.434,0.0086,0.1222,0.222,-0.2683,0.0288,0.0802,-0.0186,0.336,-0.0225,0.5156,0.1062,-0.1831,0.4484,-0.4089,-0.0484,-0.0004,-0.32
818,5878,108,5,running,-0.038,-0.0728,-0.0165,0.036,-0.0262,0.0304,0.0055,-0.0094,-0.0074,-0.0057,-0.0175,-0.0258,-0.0258,0.0416,-0.0065,-0.0113,0.0088,0.0142,-0.0014,0.0134,0.0106,-0.004,0.0304,0.0016,-0.0183,0.0131,0.0186,0.0124,-0.0035,0.0115,0.0008,0.0188,0.0075,0.0112,0.0,
819,5879,108,5,running,-0.415,-0.2483,-0.0096,0.0467,-0.1327,-0.0552,-0.0317,-0.1157,0.078,-0.0153,-0.017,-0.0055,0.1063,0.0307,0.1316,0.0724,0.043,-0.0539,-0.1669,0.0108,-0.1449,0.0267,-0.0779,-0.0469,-0.0065,-0.0189,-0.048,-0.0366,-0.0544,-0.002,0.0108,-0.0447,0.0062,0.0055,-0.001,0.0065
820,5880,108,5,running,-0.0462,0.1448,0.0611,0.0108,-0.03,0.011,-0.0057,-0.0008,-0.0179,-0.0071,-0.0005,0.0182,0.0336,0.0054,-0.0038,0.0016,0.0117,0.0472,0.1454,0.0241,0.024,0.0076,0.0014,-0.0105,-0.0136,0.0042,0.0315,0.0105,-0.0039,0.0018,-0.0054,-0.0107,0.0037,-0.012,,
821,5881,108,5,running,-0.0294,-0.2224,0.0338,0.348,-0.0084,-0.1076,-0.016,0.2202,-0.0163,-0.0046,0.1111,0.0239,0.0116,0.1256,0.0066,0.1884,0.0414,-0.0275,-0.07,-0.0703,0.0841,-0.0001,-0.0205,0.0549,0.0106,0.0168,0.0155,-0.0188,0.0074,-0.011,0.0219,-0.0056,-0.0274,-0.0572,,
822,5882,108,5,running,-0.4796,-0.1673,-0.4884,-0.4016,-0.5749,-0.3235,-0.1563,0.2661,0.3279,-0.4782,0.0622,-0.1039,-0.0074,0.3393,-0.42,-0.4128,0.1256,-0.0154,0.0677,-0.2428,-0.2131,-0.055,0.2408,-0.1335,0.4258,0.1517,-0.0655,-0.3524,-0.281,-0.1755,0.2268,0.3002,0.0401,-0.2214,-0.3312,0.0072
823,5883,108,5,running,36.0,36.0,,,,,,,,,,,,,,,,,,,,,,,,,,,,,,,,,,
824,5884,108,5,running,-0.021,-0.0013,-0.0158,-0.012,-0.0002,0.0027,0.016,-0.023,-0.0041,0.0043,0.0013,0.0055,0.0043,-0.0082,0.0013,0.0034,0.0043,0.0051,0.0005,0.0101,-0.001,0.0057,-0.003,0.0124,0.0008,-0.006,0.0006,0.016,0.0053,0.0005,0.0031,-0.0001,0.0,0.003,0.0,
825,5885,108,5,running,,0.4034,-0.0514,-0.0191,1.1484,-0.1719,-0.1566,-1.0188,1.2913,-0.3793,0.8486,-0.3691,-0.3588,-0.364,-0.0141,0.084,0.0184,0.4621,-0.1775,-0.3826,-0.0746,-0.1046,-0.1102,0.1505,-0.1303,0.0622,-0.1701,0.1587,0.2076,0.1099,0.1159,-0.0265,-0.0823,-0.1516,0.1718,-0.0066
826,5886,108,5,running,0.0064,-0.0056,-0.0005,-0.0035,0.0127,0.0004,0.0017,-0.0008,0.0124,-0.0063,0.0043,0.0005,-0.0001,0.0235,-0.0134,0.0027,0.0002,0.0225,-0.0031,0.0063,0.0015,-0.003,0.0022,0.0138,0.0041,0.0034,0.0061,0.0008,-0.0044,-0.004,0.0046,0.0015,0.0032,0.0066,0.0,
827,5887,108,5,running,-0.0055,-0.0222,0.0085,0.0173,-0.0223,0.0001,-0.0053,-0.0055,0.0128,0.0148,0.0032,-0.0047,-0.001,-0.0268,-0.0054,-0.0048,0.0036,-0.007,-0.0318,-0.0115,-0.022,-0.0014,0.0041,0.012,-0.0026,0.0133,0.012,0.006,0.0212,0.01,0.0017,0.0154,-0.0009,0.014,-0.0,
828,5888,108,5,running,-0.4793,-0.7639,-0.1177,-0.3348,-0.0334,-0.4565,-0.484,0.5726,-0.0867,0.1876,-0.129,-0.3025,-0.0627,-0.699,0.1026,-0.0441,0.6145,0.432,0.0591,0.1117,0.0254,0.076,-0.0152,0.0682,-0.0751,0.1183,-0.008,0.0363,0.0,0.1455,-0.2343,0.3221,-0.0477,-0.1175,-0.1636,-0.118
829,5889,108,5,running,-0.0527,-0.0867,0.0112,0.03,0.1074,-0.0584,0.0581,-0.0037,0.0138,-0.0657,0.0402,0.0439,0.0786,-0.0734,-0.1317,0.0376,-0.0543,0.0078,-0.0235,-0.114,-0.166,0.0578,0.0458,-0.0294,0.0747,0.1361,0.1007,0.0187,0.037,0.0612,0.0683,0.0425,-0.0364,0.0313,-0.0156,0.005
830,5890,108,5,running,0.0735,-0.6443,0.3291,0.3268,0.0563,0.0352,0.0764,-0.0424,-0.0252,0.057,-0.1004,-0.0605,0.0317,1.4668,0.2878,-0.1376,0.331,-0.0878,-0.0521,-0.3075,0.0664,-0.3007,0.3025,0.0718,0.2433,0.1394,0.1283,0.2677,0.3345,-0.0767,0.2183,-0.0164,-0.1057,0.0714,-0.077,-0.2221
831,5891,108,5,running,0.0408,-0.0356,0.0722,0.0866,-0.3244,-0.0806,0.1542,0.0102,-0.2279,0.071,-0.1276,-0.0143,-0.4051,-0.0084,-0.3184,0.1055,-0.1002,-0.0115,0.0757,0.0687,0.0067,0.0188,0.0318,-0.0807,-0.221,-0.0776,-0.3062,-1.252,-0.0465,-0.3811,0.0031,1.0222,0.4736,-0.1065,0.3749,0.2497
832,5892,108,5,running,0.0001,-0.2186,0.0812,-0.0663,-0.261,-0.0343,0.1218,0.0766,-0.0746,0.0133,0.0702,-0.0331,0.3146,0.0427,-0.0591,-0.0578,0.101,0.023,-0.1044,0.2346,-0.1658,-0.1186,0.0275,0.04,-0.0324,-0.0353,-0.0158,0.0855,-0.0531,0.1683,-0.1665,0.03,-0.037,0.0336,0.0682,0.0238
833,5893,108,5,running,0.1437,-0.2287,0.1668,0.5529,0.3313,0.0628,-0.1641,0.0485,-0.1094,-0.2723,-0.0474,-0.2098,0.1524,-0.0595,0.1176,0.0481,0.0178,-0.1144,-0.1477,-0.1032,-0.2433,-0.1573,-0.2304,-0.3318,-0.1856,-0.0321,-0.107,0.1844,-0.061,0.3222,0.0883,0.2003,0.2477,-0.1525,,
834,5894,108,5,running,-0.0124,-0.0041,-0.0012,0.0102,0.0022,-0.0021,0.0102,0.0041,0.0008,-0.003,0.0024,-0.0006,0.0015,0.001,0.0002,0.0013,-0.0044,-0.0015,0.0026,-0.0017,0.0007,0.0006,0.0015,0.0023,0.0022,0.0026,0.0002,0.002,0.0002,0.0001,-0.0015,0.0007,-0.0016,-0.0034,-0.001,0.0011
835,5895,108,5,running,0.033,-0.0574,-0.2258,0.3447,-0.1428,-0.1529,-0.004,-0.4245,-0.1469,-0.0024,0.0046,-0.0526,-0.2718,-0.1761,0.3674,-0.2138,-0.0461,-0.1273,-0.3169,0.0087,-0.1498,-0.1067,-0.3771,0.261,-0.0287,-0.0822,-0.0184,0.0151,0.04,0.102,-0.1153,-0.1036,-0.0459,0.1588,-0.1635,-0.1443
836,5896,108,5,running,-0.066,-0.0683,-0.0047,-0.1105,-0.2433,-0.0474,0.112,-0.3737,-0.2471,-0.0408,-0.1536,0.0487,-0.1106,-0.0172,-0.2815,-0.0169,-0.2214,-0.1342,-0.1454,0.3374,-0.1185,0.0864,0.0201,-0.1137,-0.0744,-0.3037,-0.0007,0.0827,-0.0253,0.0455,-0.0884,,,,,
837,5897,108,5,running,0.0123,-0.008,0.0046,-0.0035,-0.0085,0.0055,-0.0104,-0.0018,0.0017,-0.0022,-0.0052,0.0038,0.0003,-0.0026,-0.0006,-0.0046,0.0141,0.0106,0.0107,0.0131,0.0134,0.0024,0.0122,-0.0047,0.0077,-0.007,0.0085,0.0023,-0.0078,-0.0145,0.0113,0.0,0.0035,0.0067,0.0,
838,5898,108,5,running,0.0253,0.1177,-0.004,0.0664,-0.0156,0.0073,0.0053,0.0158,-0.0383,-0.024,0.002,0.0012,0.0118,0.0082,0.0214,0.0112,0.0102,0.0228,0.0128,0.0036,0.0067,0.0135,0.0108,0.0177,0.0143,0.0083,-0.0066,0.0207,-0.0038,0.0072,0.0121,0.0037,0.0113,-0.0115,-0.0,
839,5899,108,5,running,-0.0734,0.3541,0.4245,0.0624,-0.1477,0.1281,-0.2708,-0.1998,-0.0031,0.089,-0.0399,-0.0111,-0.1211,0.3573,-0.1099,-0.3033,0.0441,-0.0386,-0.1167,0.0633,-0.0276,0.0289,-0.0715,-0.1511,0.0369,-0.1658,0.1416,0.012,0.0,,,,,,,
840,5900,108,5,running,-0.0118,0.0017,0.0032,-0.0027,0.0057,0.0,-0.005,0.0057,0.0013,-0.0076,-0.0014,0.0036,0.0054,-0.0131,0.001,0.0076,-0.0047,0.011,-0.0008,0.0025,0.0044,0.0023,0.0015,-0.0045,-0.0007,0.0022,0.0013,0.0014,0.0028,0.0018,0.0016,0.0038,0.0022,0.0011,0.0018,0.0001
841,5901,108,5,running,-0.2007,-0.147,0.2146,0.3167,-0.2178,-0.018,-0.0185,-0.1583,0.0675,-0.0087,0.0426,0.0526,-0.0265,-0.1008,-0.0656,0.0782,0.0868,0.2871,-0.3013,-0.0737,-0.1691,-0.0384,-0.0244,0.0014,-0.1374,0.0171,0.0371,-0.124,0.0237,-0.0737,-0.0257,-0.011,0.0647,-0.0144,0.0562,0.0144
842,5902,108,5,running,-0.7434,-0.2985,-0.5767,-2.0074,-2.5654,-2.6506,-2.1126,0.5136,0.5355,-1.2843,-0.2504,-0.2287,0.87,-0.6999,0.302,0.0202,0.8385,-0.7744,1.1087,-1.4752,-0.24,-0.3215,1.17,-0.0975,0.4424,0.3362,-0.2641,-0.2294,1.2001,-1.4428,-0.0215,0.0558,-0.2176,-0.1365,-0.6653,0.174
843,5903,108,5,running,-0.4629,-0.7021,-0.2371,-0.7064,0.1117,0.3542,0.5334,0.1227,0.4312,0.0198,-0.072,0.06,-0.3244,-0.0496,-0.1295,-0.0593,-0.6227,0.1727,0.0689,-0.4499,-0.4555,0.1759,0.0214,-0.0122,-0.2123,0.2347,-0.1622,-0.5533,-0.1698,0.4526,-0.418,0.154,0.1283,-0.2453,-0.0737,0.014
844,5904,108,5,running,-0.0745,-0.0425,-0.1112,0.137,0.4652,-0.0016,0.2089,0.105,0.1184,0.2123,-0.1655,-0.1144,-0.0663,-0.4389,0.1731,-0.0771,-0.0474,0.2261,0.0798,0.1482,-0.0302,0.0454,0.166,0.0817,-0.0689,0.1357,0.022,0.0139,0.0848,-0.0461,-0.0032,0.0862,-0.0588,0.0189,-0.0073,0.0085
845,5905,108,5,running,0.0048,-0.0038,-0.0153,0.0158,-0.0013,-0.0027,0.0022,-0.0076,0.0032,0.0127,0.0037,0.0003,-0.0034,-0.008,0.0032,0.0035,-0.0016,-0.0024,-0.0002,-0.0041,-0.0025,0.0002,-0.0014,-0.0,0.0041,0.0,0.0001,0.0037,0.0015,0.0122,0.0004,-0.0038,-0.0044,-0.0006,0.0,
846,5906,108,5,running,0.317,-0.1449,-0.0637,0.066,0.0636,0.1141,0.0004,0.1049,-0.0103,0.0586,0.0273,0.1543,-0.0435,-0.1819,-0.004,0.1847,-0.1035,-0.1641,0.133,-0.1259,0.1014,-0.1372,0.1401,0.1006,-0.0802,0.0075,0.1637,0.012,0.0615,-0.0675,0.007,-0.1778,0.0558,-0.0484,0.0077,0.062
847,5907,108,5,running,0.0183,-0.0158,-0.0032,0.0005,0.0147,0.0054,0.0174,-0.0044,0.0049,-0.0033,0.0151,-0.0007,-0.0127,-0.005,-0.0042,0.0007,-0.0007,-0.0008,-0.0038,-0.0,0.0028,0.0015,-0.0017,0.0003,-0.0022,-0.0024,-0.0035,-0.0025,-0.007,0.0104,0.0014,0.0018,-0.0002,-0.0055,-0.0,
848,5908,108,5,running,-0.0071,-0.0048,-0.0044,0.0116,-0.002,0.0101,-0.0033,-0.0023,0.0025,-0.0043,-0.007,-0.002,-0.0088,0.0017,-0.0024,0.0014,0.0,0.0077,0.0012,0.003,0.0073,0.0018,0.0002,-0.0028,0.0005,-0.006,0.002,0.0031,-0.002,0.0048,-0.0023,-0.0001,0.0121,0.0012,-0.0,
849,5909,108,5,running,-0.0005,0.0052,0.0051,0.0103,0.0065,-0.0043,-0.0061,-0.017,0.0068,-0.0004,0.0088,0.002,0.0143,0.0076,0.0058,0.0037,0.0034,0.0009,0.0101,0.0074,0.0048,0.0033,0.0007,0.003,-0.0001,-0.0023,0.0015,0.0062,-0.0014,-0.0042,0.0017,0.002,-0.0023,0.0053,0.0,
850,5910,108,5,running,-1.4377,-0.6219,0.1161,0.1212,-0.3168,-0.1154,-0.0581,-0.5105,0.0536,0.4217,-0.1869,0.2879,-0.154,-0.4133,-0.4311,-0.6445,-0.7789,-0.6398,0.4048,-0.6079,-0.286,-0.3036,0.2717,0.0121,0.5688,0.3385,-0.1424,-0.0778,0.0034,-0.4852,-0.2712,0.0407,-0.0055,0.3579,-0.4724,0.3524
851,5911,108,5,running,-0.0012,-0.0022,0.0017,0.0,-0.0034,0.0005,0.0026,0.0041,0.002,-0.0007,0.0023,0.0042,0.004,0.0006,0.0014,0.001,-0.0,0.0001,0.0032,0.0025,-0.0014,0.001,0.0028,0.0015,0.0015,0.0014,0.0021,0.0024,0.0001,-0.0033,0.002,0.0031,0.0031,0.0033,0.0005,0.0017
852,5912,108,5,running,-0.7475,0.0494,-0.2535,-0.1274,-0.3588,-0.2117,-0.2547,-1.4269,-0.0424,-0.1627,-0.0252,-0.261,0.1345,-0.1368,0.5015,-0.3416,0.147,0.2805,-0.4183,-0.1951,-0.2379,0.5135,-0.66,-0.233,-0.2633,-0.2052,-0.3355,-0.6224,0.7483,-0.4935,-0.2447,-0.0353,-0.1583,-0.0586,0.2564,-0.1309
853,5913,108,5,running,-0.3764,-0.4235,0.2195,0.465,-0.5843,0.6162,0.3581,0.6733,0.4764,-0.0525,-0.4467,-0.0989,-0.1873,-0.4699,0.1776,0.1338,-0.3003,-0.3066,0.2298,-0.2762,-0.2356,-0.063,0.1725,0.2453,0.2416,0.2748,-0.4389,0.2506,0.0446,-0.0008,0.0288,-0.0526,-0.0378,0.1218,0.3508,0.2458
854,5914,108,5,running,-1.1867,-1.2559,0.4733,-0.6778,2.4869,0.3856,0.0649,-0.4913,0.0195,0.2883,-0.0369,-0.117,-0.0484,0.3366,-0.3106,-0.7734,0.0025,-1.613,0.0142,0.2382,0.3733,-0.0142,-1.0574,1.0741,-1.2278,-0.2803,-0.4657,-1.0527,1.2392,0.3757,-0.2693,,,,,
855,5915,108,5,running,-1.7042,-0.4408,0.1768,-0.4176,0.5525,-0.3693,0.2642,1.6044,0.478,-0.7182,-0.8999,-0.0175,-2.0748,-0.2095,0.5352,0.6331,-0.241,-0.1127,-0.2077,1.4694,-0.4235,-0.1261,-1.0426,-1.3258,0.7467,-0.6437,-0.0249,-0.5603,0.4528,-0.5408,-0.0408,0.1654,-0.4041,-0.1316,-0.6783,-0.3186
856,5916,108,5,running,-0.1114,-0.0059,-0.0503,-0.0863,-0.2152,0.0852,-0.0575,-0.0145,-0.0779,-0.0169,0.0218,-0.0346,-0.042,-0.0437,-0.0348,0.0215,0.1072,-0.0532,0.2124,0.0802,0.1653,-0.004,0.0255,-0.0458,0.0213,-0.0302,0.0033,0.0255,-0.0646,0.0282,0.0239,-0.0014,-0.0132,-0.005,,
