candidate_id,window_id,subject_id,activity_id,activity_name,value_0,value_1,value_2,value_3,value_4,value_5,value_6,value_7,value_8,value_9,value_10,value_11,value_12,value_13,value_14,value_15,value_16,value_17,value_18,value_19,value_20,value_21,value_22,value_23,value_24,value_25,value_26,value_27,value_28,value_29,value_30,value_31,value_32,value_33,value_34,value_35,value_36,value_37,value_38,value_39,value_40,value_41,value_42,value_43,value_44,value_45,value_46,value_47,value_48,value_49,value_50,value_51,value_52,value_53,value_54,value_55,value_56,value_57,value_58,value_59,value_60,value_61,value_62,value_63,value_64,value_65,value_66,value_67,value_68,value_69,value_70,value_71
0,5060,108,2,sitting,-0.0013,1.3186,-0.0134,0.0295,-0.0237,0.0051,-0.0,-0.9279,0.0559,-0.0454,0.4327,0.0435,0.0215,0.3748,-0.0004,-0.0072,-0.0083,-0.0006,0.0165,0.0069,-0.01,-0.0026,-0.0033,-0.0062,0.019,0.0005,0.0352,0.0041,-0.0118,0.0264,0.0002,0.0309,0.0091,0.0043,-0.0131,0.0035,-0.0159,0.2696,0.0078,0.0203,-0.022,-0.0178,-0.012,-0.0015,0.5308,0.0011,-0.0058,-0.0146,0.0084,0.8806,-0.0123,0.0473,0.0031,0.0242,-0.0186,0.0004,0.0289,0.0052,0.0375,-0.0416,0.0258,0.0216,0.015,0.0396,-0.1967,-0.0332,0.0348,0.0076,0.0195,0.0326,-0.1426,-0.0205
1,5061,108,2,sitting,-0.0055,1.3098,-0.0077,0.0393,-0.0209,0.0069,-0.0259,-0.9394,0.053,-0.0448,0.4343,0.0474,0.021,0.3079,-0.0047,0.0007,-0.0024,0.0131,0.0193,0.012,-0.0046,0.0034,0.0017,-0.011,0.018,0.005,0.0318,0.0009,-0.0082,0.026,-0.0031,0.0287,0.0095,0.0011,-0.0142,-0.0012,0.0156,0.2939,0.0171,0.0223,-0.0043,-0.0302,-0.0101,-0.0016,0.5302,-0.002,-0.0065,-0.0009,-0.0238,0.8724,-0.0103,-0.0411,-0.01,0.027,-0.0245,-0.0002,0.0402,-0.0163,0.035,0.0294,0.0074,0.023,0.01,0.0368,-0.1929,-0.0322,0.0338,0.019,0.0307,0.0484,-0.1406,-0.0466
2,5062,108,2,sitting,-0.0049,-0.5617,0.0098,0.0025,-0.0011,-0.0276,0.0126,0.3048,-0.017,-0.0153,-0.1432,-0.0384,0.0203,0.0964,-0.0104,0.005,0.0058,0.0147,0.0305,0.0075,0.0089,-0.0031,0.0001,-0.0136,0.0221,-0.0016,0.0332,-0.0076,-0.0193,0.0317,-0.0049,0.0287,0.011,0.006,-0.0114,-0.0008,-0.0215,1.1972,-0.0129,0.0181,-0.0456,-0.0326,-0.0095,-0.0023,0.5348,-0.0038,0.0018,0.0033,-0.0366,0.7106,0.0084,-0.0409,0.0245,0.0342,-0.0294,0.0046,0.0199,0.025,0.0581,0.0531,0.0069,0.0206,0.0239,0.0498,-0.1775,-0.0372,0.0555,0.0184,0.0289,0.0427,-0.1314,-0.0237
3,5063,108,2,sitting,-0.0111,1.3137,-0.0016,0.0304,-0.0155,-0.0053,-0.0218,-0.5809,0.0359,-0.0414,0.2682,0.0209,0.0084,0.932,-0.0072,-0.0046,-0.0121,0.0161,0.0135,0.0062,-0.0032,-0.0003,-0.0026,-0.0096,0.0232,-0.0008,0.0273,0.0101,-0.014,0.0242,-0.001,0.031,0.0071,0.0037,-0.0116,-0.0017,0.0252,0.2588,0.013,-0.004,-0.0281,0.0077,-0.0126,-0.0018,0.4954,-0.0051,-0.0059,-0.0082,0.0184,1.0985,-0.0096,-0.0195,-0.0162,0.0324,-0.017,0.0099,0.0199,0.0135,0.0434,0.026,-0.003,0.0132,0.0202,0.0422,-0.1913,-0.0376,0.0496,0.0159,0.0207,0.0365,-0.1437,-0.0343
4,5064,108,2,sitting,-0.0019,-0.5388,0.0035,0.0127,-0.0029,-0.0216,0.0283,0.228,-0.0141,-0.0165,-0.1138,-0.0392,0.0186,0.0943,-0.0104,0.0089,-0.0006,0.0044,0.0208,0.0133,0.0065,-0.0056,0.0016,-0.0147,0.0233,0.0015,0.0299,0.0061,-0.0153,0.0273,-0.0029,0.0313,0.0077,0.0054,-0.0117,0.0001,0.0266,1.2236,0.0091,0.0066,-0.022,0.0251,-0.013,-0.0017,0.5296,0.0042,-0.0029,-0.001,-0.0194,0.837,-0.0072,0.0457,0.0031,-0.0016,0.0328,-0.0156,0.0123,-0.0407,-0.0495,0.0336,-0.0119,0.0136,0.0309,0.0356,-0.1834,-0.0344,0.0484,0.017,0.0212,0.0418,-0.1404,-0.038
5,5065,108,2,sitting,-0.0028,1.3186,-0.0123,0.0319,-0.0217,-0.0002,-0.0224,-0.9453,0.0544,-0.0514,0.4392,0.0423,0.0066,0.3748,-0.0049,0.0036,-0.0099,0.0015,0.0234,0.0052,-0.0071,0.0026,-0.0043,-0.0155,0.0181,-0.0028,0.0335,-0.0035,-0.0248,0.0227,-0.0047,0.0293,0.008,0.0039,-0.0131,0.0001,0.0148,0.3018,0.0048,0.0283,0.0106,0.0305,-0.0132,-0.003,0.5328,-0.0026,-0.0015,-0.003,-0.0264,0.864,0.0106,0.0162,-0.0113,0.035,0.0193,0.0203,-0.0174,0.0273,-0.0255,-0.0497,-0.0072,0.011,0.023,0.0466,-0.1942,-0.0366,0.0432,0.0146,0.0342,0.0508,-0.15,-0.0322
6,5066,108,2,sitting,-0.0124,0.2963,0.0053,0.0099,-0.0156,-0.0078,0.0187,0.5635,-0.028,-0.0112,-0.2689,-0.0571,-0.0036,1.4525,0.0003,0.0238,-0.0026,0.0196,0.0179,0.0144,-0.0083,-0.0017,-0.0004,-0.0068,0.0091,-0.0043,0.0278,-0.0009,-0.0217,0.0217,-0.0065,0.0293,0.0102,0.0075,-0.0116,-0.0031,-0.0053,1.1598,0.0116,-0.004,-0.0436,0.022,-0.0097,0.0002,-0.3227,0.0009,0.0013,-0.0018,0.003,0.1541,-0.0062,-0.0365,0.0018,0.0169,0.0136,0.0249,-0.0325,-0.03,-0.0422,-0.0446,0.0035,0.018,0.0263,0.0259,-0.1873,-0.0359,0.0543,0.0189,0.0205,0.0413,-0.1263,-0.038
7,5067,108,2,sitting,-0.0135,1.2929,-0.0076,0.027,-0.0176,0.0058,-0.0328,-1.0208,0.0649,-0.0466,0.4626,0.0565,0.0046,0.1144,-0.0115,-0.0129,-0.002,0.0083,0.0166,0.009,-0.0003,-0.0013,-0.0063,-0.0149,0.0101,0.0031,0.0275,0.0041,-0.0149,0.0207,-0.0004,0.0317,0.0088,0.0011,-0.0167,0.0011,0.0353,0.2163,0.0082,-0.0083,0.0014,-0.0362,-0.0138,0.0044,0.5337,0.0051,-0.0016,-0.0003,0.0228,0.8776,-0.0036,-0.0375,-0.0081,-0.0049,0.0414,0.0109,-0.0097,-0.0293,0.026,-0.0381,-0.0071,0.0193,0.0215,0.0482,-0.1922,-0.0348,0.0472,0.0132,0.0217,0.0499,-0.1319,-0.0308
8,5068,108,2,sitting,-0.0017,-0.5812,0.0116,0.0079,0.0003,-0.0252,0.0158,0.2694,-0.013,-0.0162,-0.1304,-0.031,0.0178,0.096,0.0054,0.0089,-0.0022,0.0125,0.0222,0.003,-0.0005,-0.0047,-0.002,-0.0124,0.0236,-0.001,0.0347,-0.0009,-0.0184,0.0276,-0.0069,0.0324,0.0104,0.003,-0.0092,0.0034,0.0447,1.1887,0.014,0.0209,-0.0296,0.0269,-0.0163,-0.0043,0.5264,0.0066,-0.0016,0.001,-0.0333,0.7282,-0.0082,0.0458,0.0014,0.0302,-0.0199,0.0151,-0.0214,-0.0241,-0.0556,0.0387,-0.0165,0.0138,0.0413,0.0375,-0.1907,-0.036,0.0518,0.0353,0.0471,0.0499,-0.144,-0.0398
9,5069,108,2,sitting,-0.0134,1.3047,-0.0065,0.0311,-0.0218,0.0037,-0.0308,-0.9441,0.0561,-0.0429,0.4348,0.0461,0.0235,0.3182,-0.0059,0.0147,-0.0017,0.0169,0.0177,0.0126,-0.002,-0.0049,-0.0002,-0.0104,0.0189,0.0003,0.0278,0.0094,-0.0081,0.0248,-0.0006,0.0296,0.0072,0.0033,-0.0151,0.0002,0.0222,0.2736,-0.0016,-0.0012,-0.0252,-0.0207,-0.0161,0.011,0.5334,0.0024,0.0092,-0.0049,0.036,0.8723,-0.0095,-0.0447,-0.0182,0.0409,0.0267,0.038,-0.0287,-0.0324,0.0435,-0.0516,0.0076,0.0149,0.0099,0.0344,-0.1806,-0.0371,0.0502,0.0141,0.0255,0.0546,-0.1205,-0.0199
10,5070,108,2,sitting,-0.0078,1.3184,-0.0091,0.0339,-0.016,0.0036,-0.0216,-0.5849,0.0389,-0.0444,0.2611,0.0293,0.0309,0.925,-0.0006,0.0132,-0.0044,0.015,0.0127,0.0176,-0.0012,0.0022,0.0062,-0.0084,0.0125,-0.0032,0.0284,-0.0059,-0.014,0.0229,-0.0021,0.0277,0.0077,0.0034,-0.0126,-0.0009,-0.0208,0.274,0.0111,0.0236,0.0184,0.0354,-0.0105,0.0001,0.4954,-0.0004,-0.002,-0.0093,0.0193,1.1098,0.0149,-0.0473,-0.0256,0.0115,0.0219,0.0311,-0.0083,0.0015,-0.0502,-0.0673,-0.0066,0.0123,0.0324,0.0515,-0.1806,-0.0494,0.0248,0.0127,0.026,0.0398,-0.134,-0.034
11,5071,108,2,sitting,-0.0146,1.3195,-0.0154,0.0245,-0.0308,-0.0087,-0.0255,-0.928,0.0529,-0.0501,0.4332,0.0446,0.0238,0.386,-0.0028,0.0116,-0.0207,-0.0064,0.0189,0.0163,-0.0014,0.0031,0.005,-0.0041,0.0223,0.0008,0.0286,-0.0103,-0.0175,0.0278,-0.0051,0.0293,0.0092,0.007,-0.0121,0.0022,0.0387,-0.0675,0.0077,0.0188,0.0338,0.0077,-0.0194,-0.0031,0.5672,0.0052,-0.0136,-0.0025,-0.0348,0.7283,0.0216,0.031,0.0136,0.0425,0.0408,0.0465,-0.0328,0.045,-0.0515,-0.0265,-0.0156,0.0194,0.03,0.0578,-0.1947,-0.0393,-0.0009,0.0223,0.0305,0.0282,-0.137,-0.0376
12,5072,108,2,sitting,-0.0036,1.2954,-0.0048,0.0237,-0.0163,-0.0072,-0.0184,-0.5919,0.0354,-0.044,0.2703,0.0227,0.02,0.8764,-0.0119,0.0013,-0.008,0.0176,0.0135,0.0109,-0.0023,-0.0004,-0.0008,-0.0123,0.0062,0.0056,0.0246,0.005,-0.0099,0.0183,-0.0034,0.0284,0.0072,0.004,-0.0112,-0.0016,0.0329,0.258,0.014,0.0199,0.0211,-0.008,-0.011,-0.0017,0.534,0.0056,-0.0018,-0.0039,-0.0145,0.8546,-0.0151,0.034,-0.0054,0.0065,-0.0089,-0.0052,-0.0124,-0.0155,-0.05,0.0277,-0.0112,0.0236,0.0277,0.042,-0.1874,-0.0294,0.0374,0.0181,0.0306,0.0518,-0.1367,-0.0332
13,5073,108,2,sitting,-0.0006,0.3004,-0.0095,0.0167,-0.019,-0.0038,0.0139,-0.5596,0.0342,-0.0375,0.2555,0.0239,0.0085,0.3886,-0.0046,0.0112,-0.005,0.0066,0.0176,0.0105,-0.0008,-0.0021,-0.0019,-0.0125,0.0139,-0.0023,0.0312,0.007,-0.0155,0.0247,-0.0031,0.0285,0.0063,0.0033,-0.0143,-0.002,0.044,1.1397,-0.0046,-0.007,-0.0363,0.02,-0.0153,-0.0057,0.4986,-0.0058,-0.0088,0.0033,0.0013,0.8703,-0.026,0.0501,0.0189,0.0327,0.0352,0.0198,-0.0083,-0.027,0.0407,-0.0339,0.0219,0.0214,0.0106,0.0226,-0.1893,-0.0395,0.0536,-0.0069,-0.0054,0.0568,-0.1423,-0.03
14,5074,108,2,sitting,-0.0097,0.3068,-0.0038,0.0205,-0.0171,-0.0087,0.0052,-0.109,0.0043,-0.0306,0.0501,-0.012,-0.0024,1.3168,-0.013,0.0142,-0.0181,0.0225,0.0218,0.0193,-0.0012,-0.0013,-0.0061,-0.0066,0.0077,0.0002,0.0313,0.0052,-0.0109,0.0232,-0.0016,0.0276,0.0111,-0.0005,-0.0125,-0.0007,-0.0042,0.3135,-0.0162,0.0066,0.0281,-0.0266,-0.0074,-0.0017,0.4928,0.001,-0.0006,0.0045,-0.0329,0.0854,-0.0064,-0.0366,-0.0025,0.0253,0.0076,0.0129,0.0159,0.0027,-0.0559,-0.0385,0.0118,0.0082,0.0296,0.0376,-0.1863,-0.0455,0.0498,0.0094,0.0244,0.0466,-0.1197,-0.0344
15,5075,108,2,sitting,-0.0049,1.3113,-0.0153,0.0246,-0.0283,0.0068,-0.0271,-0.9289,0.0563,-0.0479,0.4368,0.0449,0.0145,0.3216,0.0022,-0.0022,-0.0128,0.0207,0.0117,0.0108,-0.0099,-0.0032,-0.0021,-0.0057,0.0123,-0.0077,0.0296,0.003,-0.0173,0.0252,-0.0018,0.0306,0.0082,0.0009,-0.0162,-0.0008,0.021,0.3172,0.0086,0.0075,-0.0065,0.0196,-0.0137,0.0014,0.5287,0.0041,-0.0015,-0.0102,-0.0313,0.8841,0.0069,-0.039,0.0009,0.0182,0.0336,0.0181,-0.0354,-0.0095,-0.023,0.0408,0.0138,0.0225,0.0092,0.0212,-0.1843,-0.0347,0.0323,0.0156,0.0222,0.0284,-0.1391,-0.0264
16,5076,108,2,sitting,-0.0001,1.3184,-0.0078,0.0265,-0.0167,0.003,-0.0283,-0.9356,0.056,-0.0463,0.4412,0.0475,0.0204,0.3211,-0.0049,0.002,-0.017,0.0095,0.0189,0.008,0.0017,-0.0055,-0.0043,-0.0146,0.0115,0.0003,0.0293,-0.0013,-0.0152,0.0203,-0.0012,0.0305,0.0074,0.0062,-0.0104,0.003,0.0121,0.2636,0.0229,0.0236,0.006,-0.0061,-0.0128,0.0046,0.5324,0.0028,0.0023,-0.0105,0.0324,0.8738,-0.037,-0.0393,-0.0214,-0.0246,-0.0381,0.0452,-0.031,0.0496,-0.0604,0.0412,-0.0098,0.0136,0.0257,0.0358,-0.2015,-0.0424,0.0489,0.0229,0.0259,0.0405,-0.1465,-0.0366
17,5077,108,2,sitting,-0.0046,0.3133,-0.0034,0.0184,-0.0139,-0.0148,0.0056,-0.1344,0.0021,-0.0316,0.0613,-0.0166,-0.0159,1.1374,-0.0093,-0.0005,-0.0062,0.0119,0.0172,0.0219,0.0017,-0.0027,-0.0013,-0.0101,0.0129,-0.004,0.0276,0.0054,-0.0102,0.0263,-0.0072,0.0303,0.0081,0.0005,-0.0149,-0.0005,0.0233,1.0591,-0.0198,0.0029,-0.0224,-0.0209,-0.0122,0.0043,0.5324,0.0082,-0.0044,0.0001,0.0017,0.8609,0.004,-0.0445,0.0008,0.0256,0.0358,0.0321,-0.0384,-0.0017,0.037,-0.024,-0.0042,0.0146,0.0193,0.0487,-0.1906,-0.0423,0.0509,0.0062,0.0346,0.0417,-0.1576,-0.0498
18,5078,108,2,sitting,-0.0039,-0.5354,0.0087,0.0096,-0.0063,-0.0219,0.0301,0.2289,-0.0169,-0.0112,-0.1095,-0.0389,0.0233,0.0943,0.0071,0.0139,-0.022,0.0206,0.0267,0.0102,0.0009,0.0056,-0.002,-0.015,0.0174,0.0044,0.0315,0.0029,-0.0144,0.0245,-0.0036,0.0288,0.0073,0.0015,-0.0124,0.0008,0.0193,1.2024,0.0181,-0.0271,-0.0409,-0.0512,-0.0135,0.0002,0.5402,0.0033,0.0005,0.0003,-0.0053,0.7244,-0.014,0.0256,0.0133,0.0323,0.0058,-0.0093,0.0144,-0.0154,-0.0545,0.0298,-0.0022,0.0153,0.0203,0.0496,-0.1865,-0.0356,0.05,0.0149,0.0346,0.0462,-0.1378,-0.043
19,5079,108,2,sitting,-0.0115,0.3218,0.0027,0.0264,-0.0076,-0.0043,0.006,-0.1064,0.0035,-0.0304,0.0521,-0.0082,-0.0136,1.1808,-0.02,0.0191,0.0004,0.0105,0.0175,0.0186,-0.002,0.001,-0.0065,-0.0131,0.0053,0.0016,0.0296,-0.0002,-0.0117,0.0155,-0.0065,0.0286,0.0058,0.0021,-0.0126,-0.0006,0.0356,0.3038,0.0095,0.0222,-0.0046,0.0401,-0.0116,-0.0005,0.5296,-0.0032,-0.0016,-0.0038,0.0212,0.8486,-0.0095,-0.0236,-0.0241,0.0163,0.0372,0.0085,-0.0143,-0.0312,-0.0511,0.0385,-0.0141,0.01,0.0253,0.0334,-0.1955,-0.036,0.0392,0.02,0.0273,0.0472,-0.1385,-0.0446
20,5080,108,2,sitting,-0.0014,0.2906,-0.0007,0.0118,-0.0189,-0.0095,0.0176,0.1034,-0.0064,-0.0198,-0.0498,-0.0323,-0.0127,1.3669,-0.0089,0.0027,-0.0215,0.004,0.0239,0.0062,-0.0072,-0.0057,-0.0032,-0.0131,0.0156,-0.0033,0.0262,-0.0061,-0.0181,0.0285,-0.004,0.0313,0.0075,0.0024,-0.014,-0.001,-0.0277,1.2036,-0.0055,-0.012,-0.044,0.0168,-0.0159,-0.005,-0.3378,-0.0006,-0.0082,-0.0038,0.0351,-0.2082,0.0333,0.0714,-0.0014,0.0206,0.0252,0.0387,-0.0223,-0.0039,-0.0106,-0.0565,0.0055,0.0157,0.0198,0.0376,-0.1755,-0.0303,0.0487,0.0083,0.0104,0.0435,-0.1328,-0.0278
21,5081,108,2,sitting,-0.0023,1.3009,-0.0116,0.0362,-0.0232,0.0081,-0.025,-0.9274,0.0532,-0.0498,0.435,0.0476,0.0276,0.3678,-0.013,0.0019,-0.0108,0.0153,0.0172,0.0044,-0.0055,0.0007,0.0035,-0.0066,0.0195,-0.0065,0.0326,-0.0084,-0.0225,0.0243,-0.0091,0.0313,0.0078,0.0012,-0.011,-0.0021,0.0162,-0.2958,-0.0092,0.0335,0.0425,-0.0056,-0.0163,-0.0023,0.5819,-0.0031,-0.0005,0.0047,-0.0015,0.6832,-0.018,-0.0386,-0.0209,0.0302,0.0445,0.028,-0.039,-0.0128,0.0414,-0.0215,0.0141,0.0146,0.0266,0.045,-0.2052,-0.0504,0.0227,0.0175,0.0293,0.0529,-0.131,-0.029
22,5082,108,2,sitting,-0.0156,1.3189,-0.0047,0.0253,-0.0274,-0.0096,-0.0267,-0.9429,0.057,-0.0525,0.434,0.0448,0.0143,0.3143,-0.0119,0.0013,-0.0178,0.0067,0.0231,0.0109,-0.0007,-0.0037,-0.002,-0.0135,0.0186,-0.0008,0.0327,0.0083,-0.0125,0.0214,-0.005,0.0308,0.007,0.0026,-0.0156,-0.0011,-0.002,0.2649,0.0039,0.0212,-0.0191,-0.0286,-0.0151,0.0002,0.5339,-0.0004,-0.0015,-0.002,0.0204,0.879,0.0032,-0.0296,-0.0115,0.0003,0.0314,0.0034,-0.0165,0.0009,-0.0363,-0.0355,0.0045,0.0212,0.0223,0.0416,-0.2017,-0.0461,0.0472,0.0146,0.0259,0.048,-0.128,-0.0348
23,5083,108,2,sitting,-0.0067,1.3185,-0.0146,0.0318,-0.0173,0.0049,-0.0254,-0.9308,0.0569,-0.0495,0.4341,0.0481,0.0226,0.3659,-0.0153,-0.0025,-0.0052,0.0107,0.0235,0.0161,-0.0005,0.0021,0.0023,-0.0115,0.0127,0.0018,0.0275,-0.0084,-0.0138,0.0192,-0.0075,0.0281,0.0093,0.0059,-0.0139,-0.0009,0.0349,0.262,0.0088,-0.0009,0.0004,-0.0182,-0.0065,-0.0008,0.5203,-0.0023,-0.0032,-0.0034,0.013,0.9528,-0.021,0.0538,0.0001,0.0244,-0.012,-0.0079,0.0303,0.0057,0.0208,-0.0371,0.0062,0.0152,0.0086,0.0409,-0.2017,-0.0321,0.0263,0.011,0.0126,0.0292,-0.1316,-0.0339
24,5084,108,2,sitting,-0.0023,1.3007,-0.0045,0.0304,-0.0176,-0.0004,-0.0238,-0.9359,0.0556,-0.052,0.4302,0.0482,0.0126,0.3179,-0.0034,-0.0011,-0.0221,0.0052,0.0202,0.0102,-0.0083,-0.003,-0.006,-0.0099,0.0149,0.0013,0.0264,0.0114,-0.0164,0.0292,-0.0028,0.0278,0.0067,0.0037,-0.0131,0.0003,-0.0073,0.3074,0.01,0.0188,0.0151,0.032,-0.0134,0.0017,0.533,0.0047,-0.0042,-0.0033,-0.0245,0.8766,-0.0064,-0.0419,0.0036,0.0199,-0.0063,0.0212,-0.0131,0.0129,-0.0253,-0.0445,-0.0056,0.0215,0.0189,0.0474,-0.1853,-0.0466,0.0367,0.0168,0.0338,0.0354,-0.1324,-0.0406
25,5085,108,2,sitting,-0.0029,1.2966,-0.0039,0.0388,-0.0153,0.009,-0.032,-0.9357,0.0551,-0.0498,0.4323,0.0461,0.0112,0.3721,-0.0004,0.0067,-0.012,0.0213,0.0283,0.0084,-0.0014,-0.0018,-0.0052,-0.0079,0.0141,0.0047,0.0267,0.0085,-0.0102,0.0189,-0.0047,0.0299,0.0066,0.0032,-0.013,0.0009,0.0233,0.2695,0.0128,-0.0008,-0.0276,-0.0177,-0.0138,0.0003,0.5343,0.0047,-0.0004,-0.0053,0.0255,0.8802,-0.0037,0.0225,0.0056,0.0374,0.0167,0.0081,0.0052,0.0006,0.036,0.0415,-0.019,0.0158,0.0204,0.0358,-0.2019,-0.0406,0.0446,0.0215,0.0154,0.0305,-0.1395,-0.0244
26,5086,108,2,sitting,-0.0021,0.3135,-0.0004,0.0219,-0.0107,-0.0016,0.0084,-0.1038,0.0056,-0.031,0.0528,-0.0095,0.0129,1.3175,-0.0044,0.0079,-0.0239,0.0199,0.0174,0.0139,-0.0035,-0.0066,0.0005,-0.0081,0.018,-0.0004,0.0285,-0.0006,-0.0165,0.0212,-0.0052,0.0303,0.0084,0.0027,-0.0142,0.0008,-0.0203,1.1347,-0.0089,-0.0032,-0.0361,0.0151,-0.0115,-0.001,-0.3033,0.0012,-0.0026,0.002,-0.0136,-0.3552,-0.0065,-0.029,0.022,-0.024,0.0373,0.0156,-0.027,-0.0343,-0.0552,0.0507,0.0128,0.0251,0.0085,0.0329,-0.1754,-0.0414,0.039,0.005,0.0197,0.0402,-0.1209,-0.0274
27,5087,108,2,sitting,-0.0074,0.3106,-0.0053,0.0209,-0.0192,-0.0128,0.0018,0.113,-0.0104,-0.0243,-0.0525,-0.0325,-0.0026,1.3737,-0.025,0.0131,-0.0061,0.0092,0.0172,0.0125,-0.0084,0.0027,0.003,-0.0183,0.0089,-0.0029,0.0263,0.0009,-0.0209,0.0169,-0.0047,0.0312,0.0115,0.0044,-0.0144,0.0013,0.0301,1.1382,-0.0134,-0.0062,-0.0405,-0.0429,-0.0158,-0.0013,-0.2972,0.0003,-0.0028,0.0025,0.0336,-0.3926,-0.011,-0.0286,0.0274,0.0234,-0.0349,0.0227,0.0359,0.0214,0.048,0.0547,0.005,0.0193,0.0193,0.0378,-0.1897,-0.027,0.0412,0.0085,0.0207,0.044,-0.1195,-0.0463
28,5088,108,2,sitting,-0.0012,0.9762,-0.0006,0.0287,-0.019,0.0003,-0.0366,-0.4694,0.047,-0.0373,0.2146,0.0007,0.0214,0.0681,-0.0011,-0.0011,-0.0099,-0.0009,0.027,0.0216,0.0015,-0.0045,-0.0033,-0.0115,0.0155,-0.0009,0.0282,-0.0058,-0.0185,0.0169,-0.0065,0.0296,0.009,0.0043,-0.0132,-0.0015,-0.0273,0.3185,0.0259,0.0222,0.0241,-0.0193,-0.013,0.0048,0.5324,0.0048,0.0032,-0.0039,-0.0214,0.8645,-0.001,-0.0321,0.0025,0.0263,-0.0103,0.0336,-0.0317,0.0425,0.0448,0.0307,0.0035,0.034,0.0193,0.0213,-0.2049,-0.0499,0.038,0.0223,0.0187,0.0519,-0.1312,-0.0392
29,5089,108,2,sitting,-0.0016,1.3205,-0.0078,0.0237,-0.0181,0.0024,-0.0205,-0.5605,0.0355,-0.0424,0.2546,0.026,0.016,0.963,-0.0052,0.0125,-0.0082,0.0093,0.0215,0.0065,-0.0019,-0.0003,-0.003,-0.0109,0.019,-0.0026,0.029,0.0027,-0.0184,0.0247,-0.0013,0.0304,0.0046,0.0059,-0.013,0.0005,0.0259,0.2791,-0.0049,0.0228,0.0368,-0.0004,-0.0142,-0.0038,0.4952,-0.0031,-0.0012,0.0031,0.0156,1.0924,0.0032,-0.0115,-0.014,0.0273,0.033,0.0176,-0.031,0.0013,0.0286,0.008,-0.0128,0.0158,0.0322,0.0309,-0.1926,-0.0343,0.0444,0.0099,0.0375,0.0575,-0.1289,-0.0401
30,5090,108,2,sitting,-0.0089,1.3013,-0.0106,0.0264,-0.0272,-0.0027,-0.0198,-0.5808,0.0382,-0.0429,0.2661,0.0215,0.0142,0.9255,-0.0092,0.0068,0.0059,0.0116,0.0254,0.0131,-0.0071,-0.0011,0.0008,-0.0094,0.0189,-0.0024,0.0307,0.002,-0.0233,0.0299,-0.0033,0.0323,0.0046,0.0009,-0.0161,-0.0038,0.0333,0.3004,-0.0123,0.0081,0.0349,0.0407,-0.0113,0.0009,0.4936,0.0016,-0.0004,-0.0008,-0.0171,1.1073,0.0004,0.0397,-0.0162,-0.0096,-0.0073,0.0081,-0.0156,0.0096,0.036,0.0459,-0.024,0.0208,0.0318,0.0373,-0.2029,-0.035,-0.0013,0.0142,0.0269,-0.0088,-0.1254,-0.0514
31,5091,108,2,sitting,-0.0105,1.3198,-0.0029,0.0286,-0.02,0.004,-0.0197,-0.5588,0.0339,-0.0381,0.2595,0.0182,0.0114,0.9704,-0.0073,0.0025,-0.0081,0.0062,0.0154,0.0161,0.0006,-0.0019,0.0031,-0.0095,0.0131,0.0005,0.0294,0.0047,-0.0125,0.0222,-0.0003,0.0305,0.0084,0.0034,-0.0145,0.0014,0.0344,0.2746,0.0109,0.0258,-0.005,0.0212,-0.0098,0.0007,0.4958,-0.0023,-0.0021,0.0024,-0.0233,1.0881,-0.0081,-0.0495,0.0031,-0.0096,0.0278,-0.007,-0.0107,-0.0147,0.0328,-0.0394,0.0115,0.0179,0.0199,0.041,-0.1914,-0.0318,0.0483,0.0121,0.0254,0.0262,-0.1316,-0.0235
32,5092,108,2,sitting,-0.0085,1.3023,-0.0108,0.0327,-0.0214,0.0049,-0.0208,-0.5604,0.0361,-0.0445,0.2552,0.0294,0.0246,0.9634,-0.0062,0.0021,-0.0199,0.0079,0.0236,0.0117,0.0014,0.0008,-0.0033,-0.0112,0.0102,0.004,0.0302,0.0053,-0.0085,0.0157,-0.0025,0.0281,0.0092,0.0035,-0.0134,-0.0009,0.027,0.2799,-0.0037,0.0131,0.0066,-0.0167,-0.0121,-0.0002,0.5289,0.0004,-0.0026,-0.0008,0.0079,0.8847,-0.0092,0.0508,-0.0135,0.026,0.0142,0.0253,-0.0133,0.0022,0.0319,-0.0226,-0.0182,0.0185,0.0305,0.0355,-0.1904,-0.0345,0.037,0.0098,0.0199,0.0394,-0.1435,-0.033
33,5093,108,2,sitting,-0.0101,0.3294,-0.0058,0.0186,-0.0085,-0.0199,-0.0117,-0.5846,0.0349,-0.0391,0.2688,0.0134,0.0223,0.7297,-0.0124,0.0016,-0.0068,0.0231,0.0145,0.0132,-0.0043,-0.002,-0.003,-0.0051,0.0209,-0.0021,0.0326,0.0003,-0.0174,0.0282,-0.0004,0.0305,0.0091,0.0003,-0.0157,-0.001,0.0319,1.1669,-0.0078,0.0141,0.0168,0.0246,-0.0113,-0.0016,0.486,0.0042,-0.0031,-0.0092,-0.0256,0.8577,0.0012,0.0362,-0.0091,0.0213,0.0072,0.0262,0.0143,0.0072,-0.0481,0.0352,-0.005,0.0163,0.0279,0.0407,-0.1983,-0.0385,0.0332,0.0153,0.0292,0.0465,-0.1384,-0.0432
34,5094,108,2,sitting,-0.0137,1.3155,-0.0091,0.0366,-0.008,-0.0076,-0.0381,-0.5806,0.036,-0.0405,0.2526,0.0071,0.0158,0.9081,-0.0058,-0.0069,-0.0159,0.0136,0.0273,0.0148,-0.0019,-0.01,-0.0103,-0.0103,0.0184,0.0035,0.0227,-0.0129,-0.0222,0.0085,-0.0019,0.0296,0.0094,0.0004,-0.0146,0.0002,0.0423,0.2396,0.0111,0.0142,0.02,-0.0055,-0.0171,0.0006,0.4779,-0.0052,-0.01,-0.0121,0.0066,1.2757,-0.0156,0.0105,-0.0336,0.0354,0.0032,0.0603,0.0301,0.0586,0.0258,-0.0085,0.0103,0.0274,0.0247,0.0295,-0.1854,-0.0513,,,,,,
35,5095,108,2,sitting,-0.0033,-0.5248,0.0072,0.0126,-0.0115,-0.0159,0.0172,0.247,-0.016,-0.0146,-0.1186,-0.0389,-0.0058,0.9327,0.0009,-0.0089,-0.0067,0.0043,0.024,0.0192,0.0014,-0.0029,-0.0094,-0.0072,0.0184,-0.0001,0.0316,-0.0055,-0.0152,0.0259,-0.0033,0.0299,0.0071,0.0013,-0.0132,0.0026,0.0379,1.2039,0.0225,0.0106,-0.0364,-0.0333,-0.0118,0.0048,0.4923,0.0051,-0.0045,-0.0038,-0.0091,0.3561,-0.0263,0.0496,-0.0202,0.0359,0.0216,0.042,-0.0345,0.0443,0.0485,0.03,-0.0131,0.0282,0.0213,0.0504,-0.1881,-0.0456,0.0559,0.0234,0.032,0.0404,-0.1384,-0.0185
36,5096,108,2,sitting,-0.0029,1.2923,-0.0101,0.0384,-0.0185,0.0038,-0.0327,-0.9307,0.056,-0.0466,0.4316,0.0449,0.022,0.3878,-0.012,0.0006,-0.0133,0.0146,0.0152,0.0133,-0.0069,0.0017,-0.004,-0.0062,0.0077,0.0028,0.0294,0.0086,-0.0116,0.0205,-0.0023,0.0306,0.0091,0.0037,-0.0162,0.0033,0.0283,0.2739,-0.005,-0.0005,-0.0179,0.027,-0.014,0.0025,0.5428,0.0024,-0.0018,-0.0118,0.0239,0.8578,0.0092,0.0486,-0.0266,-0.0008,0.0401,0.0257,-0.0246,-0.0374,0.0347,0.0554,-0.008,0.0194,0.0211,0.0217,-0.2025,-0.0426,0.0319,0.0183,0.0216,0.0417,-0.1428,-0.0298
37,5097,108,2,sitting,-0.0011,0.3083,-0.0062,0.0134,-0.0086,-0.0201,-0.0176,-0.5658,0.0349,-0.0381,0.2612,0.0183,-0.0156,0.7721,0.0023,0.0101,-0.0072,0.0191,0.0222,0.0044,-0.0094,-0.0007,-0.0039,-0.0067,0.0099,0.005,0.0256,-0.0051,-0.0111,0.0231,-0.0053,0.0294,0.0044,0.0046,-0.0123,0.0004,-0.0027,1.2056,-0.0216,0.0095,-0.03,0.0046,-0.0141,0.0028,0.4983,0.0058,0.0018,-0.0109,-0.0315,0.856,-0.0034,-0.0377,0.0162,-0.0004,0.0363,-0.0244,-0.0333,-0.0418,-0.049,0.0273,0.0052,0.0284,0.0165,0.0325,-0.2016,-0.0484,0.0263,0.0085,0.035,-0.0034,-0.1626,-0.0425
38,5098,108,2,sitting,-0.0034,0.2973,-0.0067,0.0263,-0.0079,-0.0098,0.0083,0.151,-0.0089,-0.0143,-0.0664,-0.0332,0.0168,1.3675,-0.0027,0.0042,-0.0191,0.0255,0.0242,0.0203,0.0013,0.0069,0.0006,-0.0082,0.0139,-0.0037,0.0295,-0.0052,-0.0234,0.0217,-0.0015,0.0289,0.0065,0.0054,-0.0114,0.002,0.0459,1.2053,-0.0107,0.0046,-0.0349,0.0015,-0.0115,0.0014,-0.2963,0.0071,0.0011,0.0124,-0.0356,-0.8601,0.0435,0.0508,0.0382,0.0223,0.0188,-0.0275,0.0365,-0.0326,-0.03,-0.064,0.0132,0.0162,0.0179,0.0374,-0.1955,-0.0413,0.0484,0.0036,0.0317,0.0409,-0.1499,-0.0476
39,5099,108,2,sitting,-0.0108,1.3095,-0.0135,0.033,-0.0179,0.0015,-0.0364,-0.9603,0.0556,-0.0459,0.4462,0.0443,0.0205,0.2614,-0.0096,0.0045,-0.0193,0.0182,0.0273,0.0156,-0.002,0.0012,-0.0055,-0.0122,0.0072,-0.0006,0.029,-0.0013,-0.0238,0.0244,-0.0086,0.0309,0.0065,0.003,-0.0113,-0.0036,0.0224,-0.294,0.0144,-0.0113,0.026,-0.037,-0.016,-0.0016,0.5437,0.0021,-0.0027,-0.0111,0.0154,0.8722,0.0025,-0.0508,-0.0163,0.0193,-0.0097,-0.0002,0.0353,0.0219,0.0582,0.0258,-0.0059,0.0222,0.0234,0.0406,-0.1897,-0.051,0.0328,0.0102,0.0315,0.0462,-0.1346,-0.0417
40,5100,108,2,sitting,-0.0015,1.3136,-0.0103,0.0237,-0.0179,-0.0036,-0.0264,-0.9283,0.0567,-0.0454,0.4342,0.0433,0.0126,0.359,-0.0028,0.0146,-0.0206,0.0056,0.0185,0.0104,-0.0069,0.0002,-0.0089,-0.0074,0.0159,-0.0018,0.0313,0.0066,-0.0133,0.0193,-0.0094,0.0287,0.0057,0.0047,-0.0161,-0.0003,-0.0309,0.2957,0.0218,0.0361,0.0423,0.033,-0.0125,-0.0012,0.5224,0.0043,-0.0082,-0.0109,-0.0246,0.9078,0.0005,0.047,0.0053,0.0345,-0.0327,0.0092,0.0253,0.0113,-0.0383,-0.0496,-0.0104,0.0229,0.0358,0.0578,-0.1968,-0.0303,0.0397,0.0373,0.027,0.0543,-0.144,-0.0214
41,5101,108,2,sitting,-0.0077,0.3114,0.0039,0.0215,-0.0178,-0.0025,0.0069,0.1035,-0.0044,-0.023,-0.0582,-0.0208,-0.0184,1.3598,-0.0163,0.0052,-0.0152,0.011,0.0248,0.01,-0.0014,-0.0096,-0.0001,-0.0085,0.0229,0.0013,0.03,0.0044,-0.0052,0.0257,-0.0011,0.0284,0.0135,0.0007,-0.0141,0.0027,0.0274,1.204,0.005,-0.0043,-0.0269,-0.0452,-0.012,-0.0052,-0.2944,0.0013,-0.0049,0.0021,0.033,-0.55,-0.019,0.0485,-0.0121,0.0315,0.0448,0.0346,-0.0397,0.0295,0.0526,-0.0575,0.0036,0.0185,0.0104,0.0388,-0.1748,-0.0415,0.0363,0.0096,0.0108,0.046,-0.136,-0.0421
42,5102,108,2,sitting,0.0091,0.5966,-0.0055,0.0279,-0.0178,-0.0062,-0.0037,-0.3928,0.0269,-0.0373,0.1731,0.0112,0.0224,0.9787,-0.0144,0.0046,-0.0159,0.023,0.0185,0.0142,0.002,0.0004,-0.0086,-0.0067,0.0102,0.0032,0.0325,-0.002,-0.0159,0.0178,-0.0015,0.0292,0.0073,0.0045,-0.0131,0.0023,0.0252,1.0168,0.0207,0.0125,-0.0194,0.0288,-0.0125,-0.0026,0.4876,0.0052,-0.0025,-0.0088,-0.0029,0.0827,-0.0099,0.0549,-0.016,-0.0019,0.0339,0.0341,-0.0397,0.0085,0.0355,0.0441,0.0068,0.0301,0.0139,0.0315,-0.1909,-0.0419,0.0369,0.0309,0.021,0.0308,-0.1373,-0.0245
43,5103,108,2,sitting,-0.0081,1.3119,-0.0098,0.0276,-0.0183,-0.0017,-0.0252,-0.9288,0.0564,-0.0532,0.4314,0.0466,0.0192,0.3747,-0.0173,-0.0031,-0.0075,0.0055,0.0146,0.0103,-0.0047,-0.0023,-0.0009,-0.0139,0.0235,-0.0012,0.0282,-0.0123,-0.0218,0.0263,-0.0012,0.0312,0.0062,0.0029,-0.0153,-0.0012,-0.02,0.3155,-0.0022,0.0329,0.0296,0.0301,-0.0111,0.0007,0.5312,-0.001,-0.0001,-0.0079,0.0224,0.8796,0.002,0.0405,-0.016,-0.0001,0.0339,0.0097,-0.0246,-0.0364,-0.044,0.0545,-0.0021,0.0216,0.0158,0.0482,-0.2024,-0.039,0.037,0.0178,0.0202,0.0519,-0.134,-0.022
44,5104,108,2,sitting,-0.0027,0.2972,0.0038,0.0243,-0.0055,-0.0099,0.0153,0.5793,-0.0284,-0.0082,-0.2741,-0.054,0.0138,1.4649,-0.0185,0.0073,-0.0013,0.0251,0.0214,0.0102,-0.0009,-0.0019,-0.0049,-0.0115,0.0223,0.0067,0.0272,-0.0008,-0.017,0.0195,-0.005,0.03,0.008,0.0051,-0.0161,-0.0005,0.0322,1.2056,-0.0007,0.0295,-0.0369,0.0125,-0.0157,-0.0011,-0.3065,-0.001,-0.0049,-0.0038,0.0062,2.048,0.0106,-0.0262,-0.0233,0.014,0.005,-0.0091,-0.0012,-0.0134,0.0385,-0.0499,-0.0074,0.0201,0.0213,0.0407,-0.1911,-0.0343,0.0454,0.0175,0.0356,0.0475,-0.16,-0.0414
45,5105,108,2,sitting,-0.0009,0.3014,-0.0027,0.0096,-0.0148,-0.0184,-0.0102,-0.134,0.0063,-0.0316,0.0556,-0.0075,0.0126,1.1387,-0.0179,0.024,0.0016,0.0132,0.0269,0.0154,-0.008,0.0031,0.0054,-0.0075,0.0222,0.0046,0.028,0.0042,-0.0203,0.0276,-0.0025,0.0298,0.0105,0.0027,-0.0162,-0.0023,0.0326,1.0544,0.0028,-0.019,-0.037,-0.025,-0.0113,0.0018,-0.314,0.0057,-0.0025,-0.0096,0.002,-0.3743,0.0089,-0.0217,-0.0058,0.0346,0.0426,0.0157,0.0117,-0.048,0.0364,0.0413,0.0076,0.0233,0.0188,0.0496,-0.2005,-0.0447,0.0406,0.0208,0.0115,0.0526,-0.1407,-0.0468
46,5106,108,2,sitting,-0.0019,1.2948,-0.0037,0.0342,-0.0144,0.0062,-0.0251,-0.9323,0.0557,-0.0502,0.4333,0.0451,0.007,0.367,-0.0104,0.0159,-0.0185,0.0096,0.0204,0.0088,-0.004,0.0002,0.0056,-0.0052,0.0107,-0.0028,0.03,-0.0027,-0.017,0.0166,-0.0012,0.0299,0.0074,0.0035,-0.0123,0.0018,0.0286,0.2798,0.0213,0.0229,0.0084,0.019,-0.0082,-0.0005,0.5425,0.002,-0.0035,-0.0119,0.0114,0.8603,-0.0098,0.0337,-0.0103,0.0275,-0.0026,0.0133,-0.0039,0.0083,0.032,0.0393,-0.0135,0.0236,0.0315,0.0264,-0.1986,-0.0246,0.0277,0.0211,0.0196,0.0384,-0.1308,-0.0427
47,5107,108,2,sitting,-0.0108,0.3105,-0.0043,0.0274,-0.0074,-0.0055,0.0016,0.1379,-0.0118,-0.0178,-0.0625,-0.0305,0.0244,1.3701,-0.0215,0.0126,-0.0208,0.014,0.025,0.0155,0.0009,-0.0063,-0.0053,-0.0081,0.0122,-0.0023,0.0347,0.0036,-0.0165,0.0262,-0.0028,0.0289,0.0071,0.0024,-0.0157,0.0027,-0.0062,1.2233,-0.0194,0.0113,-0.0133,-0.0295,-0.0099,-0.0013,-0.3254,-0.0016,0.0026,0.0095,-0.015,-0.9158,0.0081,0.0543,0.0123,0.0123,-0.0379,0.0023,0.0324,0.0138,0.0233,0.0506,-0.0055,0.0099,0.0253,0.0434,-0.1887,-0.0335,0.031,0.0033,0.0227,0.0189,-0.135,-0.0423
48,5108,108,2,sitting,-0.0117,0.2996,-0.0053,0.0135,-0.0229,-0.0161,-0.0094,-0.5559,0.0356,-0.0375,0.2612,0.0158,0.0279,0.7923,0.0017,0.0039,-0.0124,0.0063,0.0293,0.0179,-0.0044,-0.0033,0.0023,-0.0104,0.0152,0.0009,0.029,-0.0089,-0.0123,0.0218,-0.0051,0.0326,0.0092,0.0046,-0.0145,-0.0005,-0.0236,1.2034,-0.0196,0.0203,-0.025,-0.0363,-0.013,0.0002,0.5008,0.0007,-0.0019,-0.0032,-0.0189,0.8686,-0.0012,0.0426,-0.0072,-0.0123,-0.0267,0.0141,0.0067,0.0316,-0.034,0.0498,-0.0285,0.0096,0.0436,0.0455,-0.1809,-0.0533,0.0522,0.0242,0.0409,0.0548,-0.1367,-0.0207
49,5109,108,2,sitting,-0.0021,1.3195,-0.0074,0.0317,-0.0183,0.0018,-0.0253,-0.9397,0.0578,-0.0474,0.4345,0.0454,0.0102,0.3748,-0.0082,0.0065,-0.0111,-0.0007,0.0239,0.0169,-0.0008,0.0007,-0.0004,-0.0039,0.0131,0.0037,0.0302,0.0048,-0.0145,0.0214,-0.0034,0.0285,0.0094,0.0059,-0.013,0.0021,0.0223,-0.1832,-0.0123,0.0244,0.04,-0.0176,-0.014,0.0035,0.5417,0.0046,-0.0035,-0.0044,-0.0138,0.8738,-0.0015,-0.0263,-0.0092,0.0155,0.0158,-0.0015,-0.0141,0.0105,0.0324,0.0331,-0.0111,0.0186,0.0203,0.0386,-0.1922,-0.0294,0.0442,0.0164,0.0393,0.0536,-0.1347,-0.0196
50,5110,108,2,sitting,-0.0139,0.3028,-0.0053,0.0224,-0.0117,-0.0096,0.0029,0.1372,-0.0125,-0.0154,-0.057,-0.034,0.0167,1.3713,-0.0233,-0.0086,-0.0033,0.0149,0.028,0.0115,0.0006,-0.0013,-0.0045,-0.0121,0.02,0.0037,0.0307,0.0063,-0.0076,0.0197,-0.0018,0.0311,0.0105,0.0056,-0.0105,-0.0004,0.033,1.1388,0.0053,0.0123,0.0039,-0.0361,-0.0119,-0.0044,-0.2977,-0.0024,-0.0011,-0.0135,-0.0261,-0.8624,0.0215,0.0458,0.0071,0.0137,0.0244,-0.0132,-0.0032,-0.0186,0.0406,-0.0544,-0.0004,0.0202,0.0159,0.0442,-0.1873,-0.017,0.0422,0.0152,0.0237,0.0255,-0.1469,-0.016
51,5111,108,2,sitting,-0.0127,0.7344,-0.0128,0.0218,-0.0279,-0.0163,-0.0379,-0.3787,0.0491,-0.0533,0.1447,-0.0086,0.0147,-0.0263,0.0081,-0.012,-0.0126,0.0063,0.0133,0.0098,-0.0036,-0.0032,-0.0031,-0.0083,-0.0142,-0.0248,-0.0099,-0.0093,-0.027,-0.0233,-0.0103,0.019,0.0071,0.004,-0.01,-0.0026,0.0344,-1.0547,0.021,-0.023,0.035,0.04,-0.0113,-0.0046,0.5887,0.0036,-0.0059,-0.0118,-0.0329,0.6584,0.0256,0.0385,0.0096,0.0296,0.0208,0.013,-0.0128,-0.0032,-0.0581,-0.0449,0.0136,0.0241,0.0096,0.0339,-0.1899,-0.0276,0.0517,0.0144,0.0087,0.0397,-0.1307,-0.0304
52,5112,108,2,sitting,-0.0061,1.3116,-0.0113,0.0347,-0.0238,0.0039,-0.0243,-0.585,0.0373,-0.0498,0.2699,0.0227,0.0179,0.9276,-0.0028,0.0158,0.0057,0.0198,0.0182,0.016,-0.0003,-0.001,-0.0046,-0.0129,0.0104,-0.0087,0.0294,-0.0099,-0.0205,0.022,-0.0032,0.0286,0.0072,0.0047,-0.0145,0.0005,0.0383,-0.1849,-0.0026,0.0137,0.0216,0.0253,-0.0155,-0.001,0.4927,0.0052,-0.0026,-0.0065,-0.0027,1.1109,-0.012,-0.03,-0.0074,0.0279,-0.0085,0.0107,0.0168,-0.0082,-0.05,-0.0418,-0.0111,0.0171,0.0237,0.0334,-0.1967,-0.0302,0.0352,0.0128,0.0242,0.0363,-0.1429,-0.0312
53,5113,108,2,sitting,0.0001,0.3035,-0.0042,0.0239,-0.0097,-0.0066,0.0155,0.9548,-0.0561,0.0103,-0.4356,-0.0851,0.0205,1.4708,0.0038,-0.0089,0.0011,-0.0211,0.0146,0.0181,-0.0056,-0.0113,-0.0037,-0.0088,0.0258,-0.0006,0.0272,-0.0035,-0.0227,0.0266,-0.0026,0.0304,0.0077,0.0069,-0.0132,0.0006,0.0337,1.1347,0.0074,-0.0163,-0.0415,-0.0242,-0.0147,-0.0015,-0.322,0.0003,-0.0062,-0.0038,-0.0294,2.0863,-0.0134,-0.0373,-0.0325,0.02,0.0082,0.0068,-0.0197,-0.0003,0.0386,0.0437,0.0116,0.0191,0.0128,0.0512,-0.1909,-0.0284,0.0509,0.0139,0.0198,0.0409,-0.1382,-0.0391
54,5114,108,2,sitting,-0.0038,0.3067,0.0066,0.0239,-0.0185,-0.0099,0.0156,-0.1152,0.004,-0.0295,0.0543,-0.0125,0.0072,1.2048,-0.008,0.0131,-0.0108,0.0255,0.0215,0.0155,-0.0011,-0.0056,-0.002,-0.0119,0.0145,0.0031,0.0317,0.0006,-0.0106,0.0224,-0.003,0.0309,0.0087,0.0042,-0.0135,-0.001,-0.0205,1.2033,0.0083,-0.0085,-0.0179,0.0002,-0.0098,0.0011,-0.3172,0.0051,0.001,-0.0022,0.0371,-0.3774,-0.0054,-0.0284,0.027,0.0325,0.0388,0.0349,-0.019,-0.0243,0.0166,-0.0432,0.0039,0.0264,0.0166,0.0472,-0.1859,-0.0486,0.0365,0.0198,0.0222,0.0503,-0.0985,-0.044
55,5115,108,2,sitting,-0.0094,1.2966,-0.0058,0.0239,-0.0251,-0.0027,-0.0273,-0.9333,0.0548,-0.0453,0.4361,0.0444,0.0174,0.3089,-0.0005,-0.0079,-0.0117,0.0063,0.0167,0.0083,-0.0012,0.0011,-0.0002,-0.0071,0.0123,0.0017,0.0282,0.0061,-0.0039,0.0217,-0.0032,0.0303,0.0102,0.0044,-0.0132,0.0007,0.0373,0.2625,-0.0005,0.0182,0.0245,0.0086,-0.0149,-0.0014,0.5365,0.0044,-0.0028,-0.0159,0.0086,0.8547,0.0007,-0.0427,-0.0195,0.0293,-0.0093,-0.0006,0.0341,-0.0145,0.0496,0.0022,-0.0132,0.0129,0.0206,0.0432,-0.1903,-0.0225,0.0226,0.0129,0.0163,0.039,-0.1257,-0.0203
56,5116,108,2,sitting,-0.0028,0.2964,-0.0055,0.0248,-0.0109,-0.0117,0.0176,0.1542,-0.0043,-0.0191,-0.0696,-0.0307,0.0139,1.3702,-0.0039,0.0213,-0.0018,0.0236,0.0208,0.0083,-0.0093,-0.0071,0.0004,-0.0115,0.016,0.0065,0.0307,-0.0051,-0.0113,0.028,-0.0014,0.0316,0.0087,0.0044,-0.0151,0.0003,-0.0062,1.2248,-0.0125,0.0292,-0.018,-0.0328,-0.011,-0.003,-0.3245,-0.0017,-0.0032,-0.0016,0.0146,-0.9143,0.0022,-0.058,0.0229,0.0126,0.0117,0.0272,-0.0168,0.008,0.0262,-0.0515,0.0041,0.02,0.0124,0.0394,-0.2017,-0.0407,0.0502,0.0093,0.0446,0.0362,-0.16,-0.045
57,5117,108,2,sitting,-0.0048,0.3124,-0.0075,0.0166,-0.0191,-0.0034,-0.0019,-0.1553,0.0066,-0.0235,0.067,-0.0095,-0.0083,1.3182,-0.015,0.002,-0.0105,0.0123,0.0281,0.0117,-0.0007,-0.0014,-0.0065,-0.0056,0.0131,-0.0021,0.0328,-0.0017,-0.0191,0.0222,-0.0065,0.0292,0.0076,0.0032,-0.0143,0.0017,0.0243,0.2948,-0.0062,0.0206,-0.0072,0.0179,-0.0129,-0.0009,0.5269,-0.001,-0.0004,0.0004,-0.0094,0.8578,0.004,-0.0447,-0.0266,0.0113,-0.0215,0.0251,0.0054,0.0341,0.0485,-0.0367,-0.0091,0.0139,0.0333,0.0308,-0.172,-0.0475,0.0458,0.0124,0.0206,0.0402,-0.1349,-0.0422
58,5118,108,2,sitting,-0.0155,1.3137,-0.0034,0.0269,-0.0256,0.0055,-0.0216,-0.5917,0.0394,-0.0463,0.2628,0.0197,0.006,0.9267,-0.0018,-0.0006,-0.0129,0.0131,0.0174,0.0106,-0.0082,-0.002,-0.0092,-0.0096,0.0148,0.0046,0.0272,-0.0012,-0.0095,0.0188,-0.003,0.0294,0.0071,0.0031,-0.0111,-0.0012,-0.0227,0.2665,-0.006,0.0286,0.0305,-0.0081,-0.0156,-0.0026,0.4897,0.0057,-0.0062,0.0036,-0.0165,1.1206,0.0046,0.0547,0.012,-0.0044,0.0242,-0.0231,0.0115,-0.0383,-0.0419,0.0589,-0.014,0.0109,0.0342,0.0332,-0.1935,-0.0373,-0.0029,0.0117,0.026,0.0367,-0.1396,-0.0359
59,5119,108,2,sitting,-0.0117,1.318,-0.0095,0.0278,-0.016,-0.0046,-0.0267,-0.9308,0.0548,-0.0525,0.4363,0.0405,0.0176,0.3732,-0.0029,-0.0065,-0.013,0.0102,0.0192,0.0058,-0.0006,-0.0031,-0.0014,-0.0107,0.0224,0.0002,0.0325,0.0078,-0.0089,0.0255,-0.0036,0.0286,0.0067,0.0038,-0.0144,0.0009,0.0454,0.2673,0.0213,-0.0001,-0.0236,0.0203,-0.012,0.0004,0.5439,0.0051,-0.0025,-0.0043,-0.0158,0.8723,0.0061,0.0399,-0.0057,0.0137,-0.0185,0.0025,0.0152,-0.0055,-0.0297,-0.0376,0.0023,0.0163,0.0183,0.0246,-0.1881,-0.0429,0.0499,0.0303,0.0156,0.0502,-0.1367,-0.0443
60,5120,108,2,sitting,0.0123,0.7354,-0.0069,0.0207,-0.0152,-0.0056,-0.0027,-0.4228,0.0239,-0.035,0.1956,0.0113,0.0084,0.9694,-0.0098,0.0009,-0.0172,0.0105,0.0215,0.0133,-0.003,-0.0019,-0.0045,-0.0102,0.0062,0.0072,0.028,-0.0006,-0.0104,0.0229,-0.0039,0.0322,0.0077,0.0015,-0.0125,-0.0016,0.018,0.6822,0.0073,0.0169,0.006,-0.0074,-0.0095,-0.0001,0.5275,-0.0011,-0.002,-0.0091,-0.0293,0.1778,-0.0251,-0.0313,-0.0267,0.0306,-0.0389,0.0245,0.0342,0.0481,-0.0586,0.0445,-0.014,0.0218,0.0265,0.042,-0.2013,-0.0392,0.0377,0.0165,0.0338,0.0409,-0.1434,-0.02
61,5121,108,2,sitting,-0.0026,1.3114,-0.0131,0.0347,-0.0199,0.0046,-0.0285,-0.942,0.0558,-0.0491,0.435,0.0471,0.0115,0.2967,-0.0072,0.0098,-0.0087,0.0001,0.0278,0.0154,-0.0053,0.0017,0.001,-0.0143,0.0222,-0.0035,0.0352,0.0069,-0.0142,0.03,-0.0003,0.0294,0.0103,0.0045,-0.0152,-0.0018,-0.0007,0.2639,-0.0161,0.0239,0.0209,0.033,-0.0112,-0.0026,0.5416,0.0017,-0.0009,-0.0009,0.0248,0.8794,0.0022,0.0534,-0.0251,0.0158,0.0212,0.0152,0.0091,-0.0175,0.0446,-0.0486,-0.0078,0.012,0.0268,0.018,-0.201,-0.0393,0.0458,0.0073,0.0235,0.0414,-0.1627,-0.0436
62,5122,108,2,sitting,0.0079,1.3077,-0.0143,0.0255,-0.0186,0.0049,-0.0225,-0.9271,0.0551,-0.0505,0.4336,0.0471,0.021,0.3667,-0.0009,0.0037,-0.0029,0.016,0.0157,0.0105,0.0054,0.0062,-0.0003,-0.0113,0.0131,-0.0022,0.0283,-0.0016,-0.0175,0.0246,-0.0011,0.0293,0.0091,0.0012,-0.0113,0.0032,0.0277,0.2953,-0.0127,-0.0081,-0.0029,-0.0193,-0.0098,0.0011,0.5367,0.0009,0.0018,0.0035,-0.02,0.8648,0.0105,-0.0376,0.0099,0.0237,0.0024,0.0309,-0.0314,0.0217,0.0268,-0.0335,0.003,0.0241,0.0114,0.0322,-0.1757,-0.0345,0.0275,0.0162,0.0105,0.021,-0.1387,-0.0433
63,5123,108,2,sitting,0.0089,1.2957,-0.0125,0.0348,-0.0116,0.0033,-0.0239,-0.9376,0.0551,-0.0422,0.4372,0.0449,0.0212,0.3788,-0.0176,0.0016,-0.0076,0.0103,0.0207,0.0145,-0.0064,-0.0052,-0.0026,-0.0091,0.014,-0.0037,0.0275,0.0006,-0.0166,0.0241,-0.0008,0.0299,0.0092,0.0041,-0.015,-0.0007,-0.0048,0.2643,-0.0134,0.0138,0.0283,0.019,-0.0182,0.0025,0.5344,0.0041,-0.0027,-0.0106,-0.0091,0.8673,0.008,0.0484,-0.026,0.0304,0.0355,0.0207,-0.0384,-0.0335,-0.025,0.0405,-0.0085,0.0225,0.0229,0.0468,-0.1978,-0.0392,0.0303,0.0139,0.0192,0.0367,-0.1376,-0.0226
64,5124,108,2,sitting,-0.0039,-0.7345,0.0101,-0.0064,0.0017,-0.0248,0.0275,0.5781,-0.0355,-0.0079,-0.2776,-0.0516,-0.0145,-0.2228,-0.0082,-0.0003,0.0124,-0.0199,0.0206,0.0132,-0.0095,-0.0054,0.0041,-0.0103,0.0156,0.0029,0.0298,-0.0009,-0.0182,0.0227,-0.0011,0.0304,0.0087,0.0053,-0.0104,0.0011,-0.0169,1.1892,0.0239,0.0211,-0.0455,0.0266,-0.011,-0.0024,0.5305,0.0033,-0.0035,-0.0112,0.0028,0.8727,0.001,-0.0548,-0.0206,0.0184,0.0028,0.0286,-0.0228,0.0173,-0.0311,0.05,0.0098,0.0176,0.0162,0.046,-0.1918,-0.032,0.039,0.0168,0.03,0.0413,-0.1353,-0.0347
65,5125,108,2,sitting,-0.0137,0.2958,-0.0026,0.0159,-0.022,-0.0189,0.0058,0.1323,-0.0068,-0.0295,-0.0666,-0.0365,0.0195,1.3176,-0.0039,0.0122,-0.0112,0.0043,0.025,0.0104,0.0019,0.008,-0.0001,-0.0204,0.0142,-0.0052,0.0315,-0.0073,-0.0249,0.023,-0.0091,0.0279,0.008,0.0043,-0.0144,-0.0036,0.0162,1.2014,-0.0265,0.0079,0.0172,-0.0371,-0.0132,-0.0008,-0.2999,0.002,-0.0015,-0.0071,-0.0064,-0.8809,0.009,-0.0401,0.0284,0.0026,-0.0063,0.0332,-0.038,0.046,-0.0423,-0.0475,-0.0103,0.0076,0.0415,0.0484,-0.1847,-0.0397,0.0436,-0.0048,0.0344,0.0564,-0.1206,-0.018
66,5126,108,2,sitting,-0.0004,0.3015,0.0079,0.0208,-0.0101,-0.0132,0.0087,0.104,-0.0127,-0.0309,-0.0529,-0.034,0.0163,1.318,-0.0065,0.0214,-0.0059,0.0037,0.0157,0.023,0.0119,0.0039,0.0025,-0.0093,0.0225,0.0012,0.0352,0.0043,-0.0147,0.0272,-0.0023,0.0325,0.0077,0.0029,-0.0177,0.0001,0.0414,1.1245,0.0268,0.0244,-0.0452,-0.0255,-0.0136,0.0012,-0.337,0.0031,0.0035,0.0089,0.0379,-0.2105,0.0284,0.0554,0.0184,0.0491,-0.0435,0.0384,0.0196,0.0337,-0.0481,0.0566,0.0054,0.0316,0.0242,0.06,-0.1872,-0.0572,0.0449,0.0226,0.0398,0.0037,-0.1387,-0.0593
67,5127,108,2,sitting,-0.0004,1.3089,-0.0035,0.0366,-0.0178,0.0116,-0.031,-0.9401,0.0566,-0.0463,0.4342,0.0476,0.0062,0.3159,0.0053,0.0168,-0.0026,0.0089,0.027,0.012,0.0017,-0.0075,-0.0063,-0.0106,0.025,-0.0012,0.0294,0.0003,-0.0221,0.0283,-0.004,0.0305,0.0093,0.0022,-0.0131,0.0002,0.019,0.2854,0.0028,0.0214,0.0326,0.0148,-0.011,-0.0013,0.538,0.0032,-0.0007,-0.0072,-0.0025,0.8719,0.0152,-0.0448,-0.0161,0.0359,-0.0019,0.0238,0.02,0.0268,-0.024,-0.0344,-0.0026,0.0209,0.0189,0.051,-0.1955,-0.0507,0.0459,0.0113,0.0385,0.0529,-0.1374,-0.027
68,5128,108,2,sitting,-0.0103,1.3186,-0.0075,0.0332,-0.0189,0.0067,-0.0199,-0.5765,0.0303,-0.0398,0.2596,0.0212,0.0292,0.9624,-0.0044,0.0092,-0.0146,0.0025,0.0236,0.0099,-0.0087,-0.0005,0.0053,-0.0094,0.0179,-0.0009,0.0322,0.0045,-0.0143,0.0272,-0.0011,0.0284,0.0113,0.0044,-0.012,0.0037,0.0154,0.2799,0.0225,0.0269,0.0318,0.0131,-0.0092,-0.0026,0.4691,-0.0044,-0.0003,-0.0012,-0.0201,1.1474,-0.0084,0.0488,-0.0081,0.0119,0.016,0.0103,-0.0067,0.0064,0.0245,-0.0385,-0.0064,0.0179,0.0239,0.0518,-0.1835,-0.0307,0.042,0.0255,0.0265,0.0409,-0.1384,-0.0377
69,5129,108,2,sitting,-0.0141,1.3016,-0.0073,0.0238,-0.0187,-0.0002,-0.0376,-0.964,0.0573,-0.0513,0.4455,0.0464,-0.01,0.2293,-0.0126,-0.0043,-0.0099,0.0215,0.0138,0.0139,-0.0054,0.0027,-0.001,-0.0066,0.0085,0.003,0.0274,-0.0029,-0.0121,0.0245,-0.0012,0.0299,0.0065,0.005,-0.0161,0.0012,0.0116,-0.2392,0.0176,0.025,0.0158,0.0057,-0.0117,0.001,0.5328,-0.0009,0.0051,-0.0019,-0.0195,0.8712,0.0048,0.045,0.0137,0.0203,-0.032,0.0135,0.0356,0.0303,0.0263,0.0338,-0.0225,0.0216,0.042,0.0403,-0.2053,-0.0483,0.0213,0.0315,0.0273,0.0397,-0.1597,-0.0552
70,5130,108,2,sitting,0.0049,1.3005,-0.0104,0.0347,-0.0208,0.0055,-0.0264,-0.944,0.0553,-0.0484,0.4361,0.0427,-0.002,0.3698,-0.0192,0.0002,-0.0155,0.0119,0.0214,0.0082,0.003,0.0043,0.0075,-0.0096,0.0245,0.0045,0.03,0.0126,-0.0018,0.0183,-0.006,0.0289,0.011,-0.0002,-0.0141,-0.0015,0.0162,0.2555,0.0134,0.0175,-0.003,0.0374,-0.0144,0.0022,0.5415,0.0076,-0.0043,-0.0133,-0.0229,0.87,0.0085,0.0387,-0.0322,0.0255,-0.0235,0.0197,0.0027,0.033,-0.0582,0.0293,0.0051,0.0189,0.0147,0.0363,-0.1898,-0.0395,0.0463,0.0098,0.028,0.0478,-0.1437,-0.0273
71,5131,108,2,sitting,-0.0095,1.3026,-0.0138,0.027,-0.0224,-0.0037,-0.0344,-0.9392,0.0569,-0.0478,0.4366,0.0442,0.017,0.3071,-0.002,0.0008,-0.0108,0.0123,0.0153,0.0111,-0.005,-0.001,-0.0061,-0.0034,0.0248,-0.0083,0.0305,0.0006,-0.0168,0.0203,-0.0041,0.0296,0.0081,0.0009,-0.0145,0.0012,-0.0213,0.2959,-0.0181,0.0194,0.0333,0.0355,-0.0151,0.0018,0.5349,0.0075,-0.0032,-0.0096,-0.0131,0.8706,-0.0117,-0.0452,-0.0235,-0.0002,0.0364,0.0283,-0.0254,-0.0379,0.0528,0.0056,0.0073,0.026,0.0154,0.0423,-0.1922,-0.0404,0.0302,0.0204,0.027,0.048,-0.1312,-0.0383
72,5132,108,2,sitting,-0.0119,1.3118,-0.0136,0.0315,-0.0257,0.0022,-0.0241,-0.5675,0.0427,-0.0499,0.2579,0.0335,0.0302,0.9748,-0.0064,0.0046,-0.0191,0.0105,0.0203,0.0096,-0.0057,0.0011,-0.0001,-0.0034,0.0155,0.0006,0.0324,0.0071,-0.0127,0.0229,-0.0011,0.0295,0.0083,0.0021,-0.0161,0.0023,0.0237,0.2639,0.0131,0.0135,0.0268,-0.0213,-0.017,0.0002,0.4924,0.0017,-0.0014,-0.0072,-0.0072,1.1174,0.0145,-0.0582,-0.028,-0.0102,0.034,0.0211,-0.0383,-0.0095,-0.0459,0.035,-0.0081,0.022,0.0185,0.0419,-0.1964,-0.0392,0.0229,0.0085,0.0279,0.051,-0.1379,-0.0435
73,5133,108,2,sitting,-0.0011,1.3134,-0.0095,0.0369,-0.0135,0.0087,-0.0294,-0.9543,0.0552,-0.0534,0.4383,0.0463,0.0216,0.2363,-0.0003,0.0025,-0.0121,0.014,0.0198,0.0107,-0.0071,-0.0034,0.0007,-0.0115,0.015,-0.002,0.03,0.0064,-0.0168,0.0207,-0.0045,0.0313,0.007,0.0055,-0.0139,0.0018,0.0286,-0.1774,-0.0039,0.0195,-0.0013,0.0253,-0.0113,-0.0053,0.586,-0.0028,-0.0067,-0.0134,-0.0334,0.6498,-0.0182,0.0322,-0.0135,0.0232,0.022,0.024,-0.0142,0.0093,-0.0372,0.026,0.0071,0.0116,0.0169,0.0358,-0.1842,-0.0305,0.034,0.0159,0.0187,0.0433,-0.1264,-0.0186
74,5134,108,2,sitting,-0.026,0.729,0.0016,0.0284,-0.0278,-0.0076,0.001,-0.3679,0.02,-0.0446,0.1638,-0.0072,0.0137,0.0941,-0.0141,0.0027,-0.0099,0.0002,0.0368,-0.0051,-0.0095,-0.0062,-0.0044,-0.0083,0.0215,0.0037,0.0323,0.0125,-0.011,0.0258,-0.0021,0.0305,0.0084,0.0031,-0.0137,0.001,0.0458,0.2698,-0.0036,-0.005,-0.0294,-0.0225,-0.0093,-0.0022,0.5329,0.0032,-0.0012,0.0105,0.0074,0.8798,-0.0189,0.0479,0.0064,-0.0172,0.0106,0.0198,-0.033,0.0065,0.0241,0.0497,0.0058,0.0137,0.0201,0.0239,-0.1777,-0.0359,0.0315,0.0119,0.0189,0.0376,-0.119,-0.0423
75,5135,108,2,sitting,-0.0004,1.3189,-0.0078,0.0317,-0.0185,0.0083,-0.0248,-0.9362,0.0575,-0.0512,0.4385,0.0441,0.0094,0.3149,-0.0193,0.0044,-0.0054,0.0105,0.0201,0.0119,-0.003,0.0015,-0.0023,-0.0063,0.0211,-0.0005,0.0282,-0.0016,-0.0152,0.0256,-0.0034,0.0321,0.008,0.0047,-0.0146,0.0024,0.0173,0.3034,0.0066,0.0273,0.0308,0.0419,-0.0107,0.0004,0.5303,0.0013,-0.0013,0.0002,0.0091,0.8716,-0.013,-0.0225,0.0165,0.0336,-0.0035,0.0123,0.0237,-0.0193,-0.0385,-0.0407,-0.0033,0.0158,0.0256,0.0494,-0.1836,-0.0399,0.0353,0.0165,0.0363,0.0439,-0.1364,-0.0488
76,5136,108,2,sitting,-0.0054,1.3077,-0.0073,0.0305,-0.0194,0.0004,-0.0291,-1.0224,0.0654,-0.0518,0.468,0.055,0.0126,0.1468,-0.0171,0.0106,-0.0095,0.0081,0.0148,0.013,-0.0027,-0.0013,-0.0024,-0.0072,0.0048,0.0067,0.0285,0.0074,-0.011,0.0256,-0.0006,0.0312,0.0078,0.0058,-0.0131,-0.003,0.0386,0.2935,0.0184,0.0271,0.0209,-0.0157,-0.0085,-0.0015,0.5357,-0.0021,-0.0064,-0.0045,-0.026,0.8621,0.0212,-0.0161,-0.0122,0.0325,-0.0045,0.0112,0.0054,0.0047,0.0434,0.0361,-0.0231,0.0245,0.0359,0.0337,-0.1875,-0.0308,0.0415,0.0086,0.021,0.0453,-0.1394,-0.0427
77,5137,108,2,sitting,-0.0046,1.2983,-0.0078,0.0335,-0.0169,0.0035,-0.0229,-0.9335,0.0546,-0.0497,0.4332,0.0471,0.0158,0.3727,-0.0179,0.0097,-0.0135,-0.0023,0.024,0.0125,-0.0018,-0.0008,0.0001,-0.0105,0.0142,0.005,0.0273,0.0062,-0.0013,0.019,-0.0044,0.031,0.0085,0.0064,-0.0116,-0.0019,0.03,0.3076,0.02,0.0182,0.0004,0.0026,-0.012,0.0044,0.5277,0.0048,-0.0039,-0.0121,0.0083,0.8921,0.0102,0.0457,-0.032,0.013,0.0369,-0.0052,0.0005,-0.0463,-0.0269,0.0216,0.0232,0.0281,0.0251,0.0345,-0.1906,-0.0436,0.0355,0.0207,0.0299,0.0533,-0.1204,-0.0409
78,5138,108,2,sitting,-0.0009,1.2594,-0.0103,0.0356,-0.0187,0.0042,-0.0301,-0.9447,0.0575,-0.0479,0.4414,0.0417,0.0133,0.3648,-0.0084,-0.0122,-0.002,0.0054,0.019,0.009,-0.0027,0.0019,0.003,-0.0074,0.0252,0.005,0.0343,0.0069,-0.011,0.0243,-0.0014,0.0299,0.0073,0.0049,-0.0164,-0.0011,-0.0219,0.295,0.0085,0.0316,0.0179,-0.0059,-0.0151,-0.0016,0.5328,-0.0031,-0.0027,-0.0142,-0.0051,0.869,0.0089,-0.0222,0.0208,0.0088,0.0276,0.0263,-0.0382,-0.0004,0.045,-0.0324,-0.023,0.0176,0.0395,0.0554,-0.1982,-0.044,0.0289,0.0369,0.0422,0.0529,-0.1463,-0.04
79,5139,108,2,sitting,0.0036,0.2975,-0.0053,0.0248,-0.0113,0.0017,0.0175,0.584,-0.0328,-0.0084,-0.2755,-0.0562,0.0168,1.4558,-0.0026,0.0121,-0.0099,-0.0019,0.021,0.0043,-0.0002,-0.0072,0.0019,-0.0062,0.0156,-0.0022,0.0237,-0.0106,-0.0192,0.0146,-0.0059,0.0291,0.0065,0.0049,-0.0104,-0.0004,0.0353,1.1557,0.0136,0.0075,-0.0347,0.0276,-0.009,0.0008,-0.2998,0.0027,-0.0019,-0.0002,0.011,2.0694,-0.0161,0.0309,-0.0042,0.0135,-0.0225,-0.0024,0.0336,-0.0123,0.0251,-0.0412,0.0025,0.0242,0.0203,0.0402,-0.1739,-0.0394,0.0423,0.0281,0.0237,0.0488,-0.1397,-0.0372
80,5140,108,2,sitting,-0.0006,0.3138,-0.004,0.0159,-0.0117,-0.0099,0.0129,0.1462,-0.0073,-0.0244,-0.0637,-0.0332,0.022,1.3727,-0.002,0.0166,-0.0186,0.0236,0.0173,0.0058,-0.0082,-0.0069,0.0014,-0.0125,0.0135,-0.0009,0.0323,-0.0033,-0.0106,0.0263,-0.0013,0.0284,0.0074,0.0024,-0.014,-0.0002,0.03,1.2046,-0.002,0.0198,-0.0278,-0.0313,-0.0119,0.0006,-0.3111,0.0025,-0.0027,-0.0055,-0.0201,-0.9028,0.0095,0.0423,0.0259,0.0345,0.0072,-0.003,-0.0112,-0.0219,-0.0404,0.0445,-0.0006,0.0202,0.0199,0.0373,-0.1965,-0.036,0.0489,0.0093,0.0439,0.0535,-0.1425,-0.0357
81,5141,108,2,sitting,0.0018,1.3009,-0.0096,0.0354,-0.025,0.0087,-0.036,-0.9328,0.0566,-0.0472,0.4353,0.0466,0.0232,0.3099,-0.0028,-0.0078,-0.0132,-0.0052,0.0143,0.0117,-0.0009,-0.0033,0.0045,-0.0109,0.0152,0.0061,0.0282,0.0046,-0.0174,0.0198,-0.0038,0.0296,0.0076,0.0042,-0.0123,0.0024,0.0204,0.2558,0.0164,-0.0019,0.0279,-0.031,-0.0154,-0.0018,0.5354,-0.0018,-0.0045,-0.0054,0.0268,0.8809,-0.0072,0.0347,-0.0093,0.0184,-0.0243,0.006,0.0165,-0.0087,0.0323,-0.0399,-0.0086,0.0193,0.0228,0.04,-0.1934,-0.0379,0.0253,0.0215,0.0303,0.0416,-0.1429,-0.0386
82,5142,108,2,sitting,-0.0071,1.3023,-0.0118,0.0234,-0.0206,-0.006,-0.03,-0.9349,0.0556,-0.0456,0.437,0.0466,0.0045,0.3787,0.0008,0.0157,-0.0141,0.0015,0.0185,0.0023,0.0057,-0.0039,0.0057,-0.0105,0.015,0.0037,0.0311,-0.0011,-0.0161,0.0228,-0.0021,0.0289,0.0095,0.0032,-0.0174,-0.0023,0.0137,0.2943,0.008,-0.0052,0.0122,-0.0321,-0.0112,0.0006,0.5308,0.0066,0.0043,0.0013,0.0211,0.8769,0.0093,-0.0514,-0.0291,0.0331,0.0257,0.0191,0.0273,-0.0401,-0.0417,0.0499,-0.0136,0.0162,0.0266,0.0362,-0.1954,-0.0385,0.035,0.0244,0.019,0.0484,-0.1257,-0.0239
83,5143,108,2,sitting,-0.051,0.754,0.0424,-0.0466,-0.0508,0.0133,-0.0569,-0.3877,0.0616,-0.0541,0.1797,-0.0148,0.0224,0.0751,-0.0065,0.0176,-0.0143,-0.0069,0.0395,0.0238,0.0083,-0.0059,0.016,-0.0113,0.0314,-0.0013,0.0284,-0.0007,-0.016,0.022,0.0002,0.0321,0.0048,-0.0063,-0.009,-0.0009,0.028,-0.0579,0.0088,0.0198,0.0151,0.0224,-0.0194,0.0028,0.5383,0.002,-0.016,0.0116,-0.0013,0.8546,0.0042,-0.0533,-0.0175,0.0141,0.0308,0.0189,-0.021,-0.0078,0.0373,-0.0471,-0.0029,0.0222,0.0222,0.0381,-0.1509,-0.0526,0.0376,0.0129,0.0258,0.0322,-0.0691,-0.0277
84,5144,108,2,sitting,-0.0033,1.2948,-0.0099,0.0376,-0.0233,0.0084,-0.0281,-0.9342,0.0557,-0.0513,0.4372,0.0434,0.019,0.3644,-0.0105,0.0002,-0.0112,0.004,0.0227,0.0147,-0.0071,-0.0022,0.0061,-0.0051,0.0136,0.0008,0.0338,0.0003,-0.012,0.0268,-0.0027,0.0317,0.0088,0.0019,-0.0152,-0.0018,0.027,0.2736,-0.011,0.0205,0.0324,-0.0303,-0.016,-0.0015,0.5366,0.0031,-0.001,-0.0047,-0.0214,0.8716,0.0065,0.0538,0.0095,0.0345,0.0187,0.025,-0.0246,0.0094,-0.0411,0.0451,-0.0093,0.0219,0.02,0.0308,-0.1853,-0.0479,0.0087,0.0178,0.0238,0.029,-0.1184,-0.0366
85,5145,108,2,sitting,-0.0121,1.3097,-0.0045,0.0336,-0.0132,-0.0028,-0.0248,-0.595,0.0369,-0.045,0.2717,0.0189,0.0195,0.9181,-0.0095,0.0012,-0.0102,0.0113,0.0272,0.0058,-0.003,0.0033,-0.0003,-0.0079,0.0213,0.0001,0.0325,-0.004,-0.0096,0.0243,-0.0025,0.0301,0.0082,0.0021,-0.0167,0.0002,0.0409,0.2309,0.0226,-0.0062,-0.0379,-0.0208,-0.0152,-0.005,0.5027,-0.0058,-0.0017,-0.0125,0.0172,1.0972,0.0056,-0.0341,-0.0285,-0.0042,0.0295,0.021,-0.022,0.0086,-0.0501,-0.023,0.0096,0.0211,0.0151,0.0515,-0.2026,-0.041,0.0423,0.0154,0.0194,0.0064,-0.1603,-0.0317
86,5146,108,2,sitting,0.0045,1.3187,-0.0109,0.0328,-0.0259,0.0059,-0.0363,-0.9607,0.0611,-0.0493,0.4415,0.046,-0.0094,0.3741,-0.0011,0.0024,-0.0082,0.0068,0.023,0.0136,-0.0007,0.0026,-0.003,-0.0135,0.0204,-0.0024,0.0316,-0.0043,-0.0166,0.0244,-0.0029,0.0298,0.008,0.0077,-0.0141,0.0005,0.0185,-0.2236,0.0221,0.0118,0.0412,-0.0305,-0.0176,0.0018,0.5284,0.0033,-0.0033,0.0028,-0.0265,0.9268,-0.0101,-0.0124,0.0276,0.038,0.0157,0.0288,-0.0193,-0.0123,-0.0486,-0.0437,-0.0213,0.0249,0.0376,0.0556,-0.1979,-0.0336,0.0424,0.023,0.0263,0.0456,-0.1503,-0.0287
87,5147,108,2,sitting,-0.0044,0.3043,-0.0038,0.0185,-0.0136,-0.0119,0.0214,0.5757,-0.0371,-0.0122,-0.2715,-0.0606,0.0088,1.4604,-0.0098,0.0155,0.0014,0.0268,0.0206,0.0175,-0.0076,-0.0057,-0.0007,-0.0024,0.0091,-0.0065,0.0326,0.0041,-0.0167,0.0273,-0.0067,0.0305,0.0076,0.0064,-0.0103,-0.0018,0.045,1.1637,0.0233,0.0113,-0.0146,0.0223,-0.0143,-0.0018,-0.2955,-0.0067,-0.0042,-0.0052,-0.0241,2.0346,-0.003,0.0389,-0.0097,0.0193,-0.0119,0.025,-0.005,0.0355,-0.0296,0.0481,-0.01,0.0149,0.0225,0.021,-0.1909,-0.0316,0.046,0.0199,0.0205,0.0502,-0.139,-0.0205
88,5148,108,2,sitting,-0.0013,0.3049,0.0041,0.0213,-0.01,-0.0026,0.0207,0.5671,-0.0351,-0.0083,-0.2668,-0.0604,0.0132,1.4633,-0.0034,0.0118,-0.0091,0.0243,0.0184,0.0068,-0.0027,-0.0055,0.0059,-0.0122,0.0105,0.0009,0.0311,0.0053,-0.0143,0.0223,-0.005,0.0281,0.0073,0.0035,-0.0145,-0.0013,0.0233,1.2033,0.0156,0.0058,-0.0365,-0.0076,-0.0153,0.0056,-0.3243,0.0082,-0.0032,-0.0195,-0.0276,-0.937,-0.0006,-0.0426,-0.0295,0.016,0.0436,0.017,-0.0263,-0.0443,-0.0583,-0.067,-0.0096,0.0159,0.0226,0.0302,-0.195,-0.0411,0.0468,0.009,0.0253,0.0492,-0.1313,-0.0227
89,5149,108,2,sitting,-0.0073,1.3086,-0.0128,0.0274,-0.0186,0.0047,-0.0196,-0.559,0.032,-0.045,0.2534,0.0206,0.0088,0.9763,-0.01,0.0063,0.0012,0.0169,0.0211,0.009,-0.0031,0.0006,0.0012,-0.0107,0.0135,0.0021,0.0335,0.0055,-0.008,0.0264,-0.0022,0.031,0.0083,0.0004,-0.0147,0.0008,0.0305,0.2588,0.0231,0.013,0.0248,0.0152,-0.017,-0.0013,0.5026,0.0036,-0.0039,-0.0101,0.0221,0.9352,0.0132,-0.0388,-0.0203,0.0362,0.0415,0.035,-0.0373,-0.0393,0.0257,-0.0579,-0.0074,0.0298,0.02,0.0429,-0.2026,-0.0469,0.0286,0.0276,0.0229,0.0538,-0.1555,-0.0516
90,5150,108,2,sitting,0.0076,1.3078,-0.0065,0.0349,-0.0202,0.0043,-0.0197,-0.5663,0.0325,-0.0399,0.2602,0.0213,0.0108,0.9378,-0.0083,0.0159,0.0051,0.0122,0.0181,0.0162,-0.0002,0.0017,-0.002,-0.0029,0.0142,0.0037,0.0308,0.0071,-0.011,0.0212,-0.005,0.0294,0.0077,0.0067,-0.0133,-0.0022,0.0278,0.2686,0.0094,0.024,0.0052,-0.0235,-0.0131,0.0037,0.4818,0.0056,-0.0017,-0.0063,-0.0314,1.1246,-0.0176,0.0485,0.0044,-0.008,0.028,0.0012,0.004,-0.0229,-0.0469,-0.0561,-0.0048,0.0268,0.0217,0.0448,-0.1845,-0.0307,0.0439,0.0136,0.0223,0.0475,-0.0989,-0.0335
91,5151,108,2,sitting,0.0036,1.3049,-0.0069,0.0308,-0.0186,0.0097,-0.0225,-0.9354,0.052,-0.0475,0.441,0.0402,0.0133,0.3599,-0.0104,0.0164,-0.007,0.002,0.02,0.0086,-0.0007,0.0055,-0.0012,-0.0142,0.0049,0.0005,0.0292,0.0029,-0.0106,0.0126,-0.0036,0.0315,0.007,0.0044,-0.0111,-0.0002,-0.0193,0.2828,-0.0153,0.0175,0.0261,0.0285,-0.009,-0.0035,0.537,0.0013,-0.0018,-0.0027,0.0009,0.862,-0.0052,-0.0507,-0.0152,0.0332,0.0116,0.0157,-0.0213,0.01,-0.0411,0.0278,0.0011,0.0245,0.0129,0.0239,-0.1759,-0.0497,0.0325,0.0062,0.0277,0.0486,-0.1414,-0.0388
92,5152,108,2,sitting,-0.0131,1.3154,-0.0147,0.0308,-0.0203,0.0066,-0.0319,-0.9448,0.0552,-0.047,0.4374,0.0452,-0.0167,0.3744,0.0087,0.0109,-0.018,0.003,0.019,0.0078,-0.005,0.0022,0.0015,-0.011,0.0098,-0.0021,0.0287,0.0042,-0.0172,0.0159,-0.0042,0.0312,0.0076,0.0056,-0.011,-0.0008,-0.0057,0.2674,-0.0043,0.0168,0.036,0.0128,-0.0146,-0.0012,0.5245,0.0046,-0.0061,-0.0055,0.0074,0.9284,-0.0233,-0.0293,0.0246,0.025,-0.0131,0.0215,-0.0144,-0.0105,-0.0331,-0.0428,-0.0133,0.0092,0.0263,0.0437,-0.1877,-0.0329,-0.0107,0.023,0.015,-0.0092,-0.1376,-0.0358
93,5153,108,2,sitting,-0.0005,1.2957,-0.0074,0.029,-0.0148,0.0039,-0.0215,-0.9346,0.0556,-0.0499,0.4328,0.0464,0.0173,0.2614,-0.0111,0.0085,-0.0132,0.0065,0.0192,0.0105,-0.0015,0.0027,-0.0013,-0.0092,0.0224,0.0054,0.0345,0.0031,-0.0086,0.0256,-0.0026,0.0287,0.0045,0.0023,-0.0151,-0.001,-0.0023,-1.0502,0.0108,0.0203,0.0125,-0.0081,-0.0149,-0.0011,0.5874,-0.0041,-0.0044,-0.0088,0.026,0.6842,-0.0235,-0.0385,-0.0115,0.0334,0.0319,0.0157,-0.0186,-0.0002,-0.0246,-0.03,0.0073,0.0184,0.0103,0.0327,-0.174,-0.0372,0.027,0.016,0.0268,0.0453,-0.1323,-0.039
94,5154,108,2,sitting,-0.0123,0.2948,0.0027,0.0276,-0.0055,-0.0099,-0.0032,-0.109,0.0049,-0.0247,0.0543,-0.0132,0.0232,1.1533,-0.0115,0.0075,-0.015,0.0063,0.0293,0.0103,-0.0019,-0.0002,-0.0025,-0.0089,0.0159,0.0033,0.0257,0.0037,-0.0086,0.0223,-0.0017,0.0284,0.0052,0.002,-0.0151,0.0005,0.0197,1.0558,0.0148,0.0216,-0.0204,-0.0386,-0.016,0.0045,-0.3381,0.0064,-0.0008,0.0025,-0.0267,-0.9149,0.0113,-0.0374,0.0136,0.017,-0.0032,0.0115,-0.009,0.0083,0.0489,-0.033,0.0154,0.0188,0.0129,0.0432,-0.2016,-0.0346,0.0408,0.0136,0.0399,0.0452,-0.1556,-0.03
95,5155,108,2,sitting,-0.0081,1.2997,-0.0043,0.0328,-0.0228,0.0079,-0.0277,-0.9364,0.0562,-0.0504,0.4388,0.0455,0.0119,0.3646,-0.0163,0.0023,0.0051,0.0033,0.0213,0.015,-0.0013,0.0001,-0.0092,-0.0141,0.0138,0.0043,0.0293,-0.0016,-0.0063,0.0241,-0.0006,0.0305,0.0102,0.003,-0.0126,0.002,0.0198,-0.184,-0.0127,0.0208,0.0174,-0.0028,-0.0127,-0.0014,0.5837,-0.0017,-0.0012,-0.0022,0.0254,0.7286,-0.018,-0.0543,-0.011,0.0239,-0.0067,-0.0024,0.028,-0.0109,0.031,0.047,0.0084,0.0174,0.0211,0.0268,-0.1773,-0.0372,0.0353,0.0162,0.0195,0.0493,-0.1242,-0.0364
96,5156,108,2,sitting,-0.0107,0.3188,0.0005,0.0219,-0.0153,-0.0036,0.0121,-0.1302,0.0088,-0.0316,0.0578,-0.0047,0.0222,1.3047,-0.0198,0.0059,-0.0246,0.0099,0.0162,0.0069,-0.0012,-0.0069,0.0022,-0.0142,0.0162,0.0065,0.0331,0.007,-0.0136,0.0291,-0.0019,0.0309,0.009,0.0018,-0.0119,0.0016,0.0486,0.3174,-0.0189,0.0234,0.0279,0.0202,-0.009,-0.0023,0.5206,-0.0031,-0.0066,-0.0089,-0.0254,0.1848,-0.0034,0.0532,0.001,-0.0115,0.0286,0.0102,0.003,0.006,0.045,0.051,-0.0344,0.0162,0.0365,0.0268,-0.1951,-0.0353,0.0214,0.0086,0.0307,0.0373,-0.1436,-0.0417
97,5157,108,2,sitting,-0.0049,0.302,0.0008,0.0158,-0.0136,-0.0084,0.0092,-0.1133,0.0032,-0.0279,0.048,-0.011,-0.0077,1.315,-0.0027,0.014,-0.0102,0.0242,0.0254,0.0162,0.0015,0.0066,-0.0029,-0.0147,0.0124,-0.0001,0.0262,-0.0055,-0.0198,0.0219,-0.0031,0.0301,0.0085,0.0042,-0.0135,0.0013,0.0205,0.2953,0.0144,0.0221,-0.0233,-0.0171,-0.0126,-0.0015,0.5095,0.0047,-0.005,-0.0006,0.0296,0.9349,0.0054,0.0388,0.006,0.0182,0.0318,0.0281,-0.0277,-0.0336,-0.0437,-0.0343,0.0092,0.0202,0.0146,0.0445,-0.1966,-0.0327,0.0375,0.0158,0.0265,0.0395,-0.1502,-0.03
98,5158,108,2,sitting,0.0101,-0.7283,0.0179,-0.0076,-0.0029,-0.0217,0.0301,0.5505,-0.0323,-0.0092,-0.2693,-0.0495,0.0377,-0.2056,0.0116,-0.022,-0.0192,0.0009,0.0135,0.0125,0.0059,-0.0036,-0.0043,-0.0069,0.0163,-0.0012,0.0282,-0.0053,-0.0144,0.0248,-0.008,0.0295,0.0111,0.0059,-0.0125,0.0029,-0.0332,0.6984,0.0279,0.02,0.0236,0.0365,-0.0103,0.0006,0.528,0.0027,0.0001,-0.009,-0.0032,0.2042,0.0269,-0.058,-0.0058,0.0404,0.0357,0.0443,0.0153,0.0087,0.0459,-0.0606,0.0186,0.025,0.0194,0.0466,-0.2009,-0.0433,0.0473,0.0208,0.027,0.0484,-0.1185,-0.0108
99,5159,108,2,sitting,-0.0127,1.3028,-0.0063,0.038,-0.0136,0.004,-0.0355,-0.9628,0.0588,-0.052,0.4443,0.0472,0.0056,0.207,0.0083,-0.003,-0.0215,-0.0162,0.0282,0.0154,-0.0002,-0.002,-0.0016,-0.009,0.0195,-0.0033,0.0245,0.0077,-0.0204,0.017,-0.011,0.0307,0.0076,0.0032,-0.0143,-0.0017,0.0329,0.3152,-0.0048,-0.0014,0.0186,0.0102,-0.0143,0.0065,0.5416,0.0071,-0.0055,-0.0089,-0.0271,0.8726,0.0259,-0.0345,-0.0054,0.029,0.0445,0.0158,-0.0226,-0.0367,-0.0423,-0.0458,-0.0163,0.0132,0.0236,0.0397,-0.1887,-0.0344,0.0312,0.0072,0.0109,0.04,-0.142,-0.0467
100,5160,108,2,sitting,-0.0066,1.2983,-0.0047,0.0235,-0.0289,-0.0058,-0.0191,-0.584,0.0363,-0.0443,0.2679,0.026,-0.0081,0.9244,-0.016,0.007,-0.0099,0.0036,0.0205,0.0136,-0.0004,0.0017,-0.004,-0.0157,0.0122,-0.0021,0.0316,-0.0034,-0.018,0.0236,-0.0015,0.0304,0.0081,0.0063,-0.0115,0.0014,0.0219,0.2163,0.0143,0.0273,0.0221,0.0376,-0.0144,0.0026,0.4953,0.0018,-0.0035,-0.0102,-0.025,1.0937,0.0145,0.0492,-0.0327,-0.0173,-0.0106,0.0408,-0.0395,0.0505,-0.0556,0.045,-0.0022,0.025,0.0202,0.0471,-0.1976,-0.0436,0.0337,0.0245,0.0269,0.0466,-0.1315,-0.0389
101,5161,108,2,sitting,-0.0116,1.2957,-0.0028,0.0279,-0.0193,-0.005,-0.0296,-1.0331,0.0662,-0.0552,0.477,0.0521,0.0167,0.086,-0.013,0.0085,-0.0235,0.0096,0.0263,0.0138,0.0003,0.0044,-0.0032,-0.0068,0.0103,0.001,0.0289,-0.0036,-0.022,0.0148,-0.0064,0.0307,0.007,0.0023,-0.0126,0.0005,0.0213,0.2698,0.0183,-0.0058,-0.0089,-0.0153,-0.0073,0.0005,0.5355,-0.0021,0.0025,-0.0026,-0.0203,0.8796,0.0254,0.053,-0.0177,-0.0125,0.0324,-0.0087,-0.0113,-0.0355,-0.0374,0.0475,-0.0156,0.0222,0.0289,0.0402,-0.1849,-0.0452,0.024,0.0153,0.0194,0.0394,-0.1246,-0.0304
102,5162,108,2,sitting,0.0672,1.312,-0.0158,0.0247,-0.0137,-0.009,0.013,-0.9165,0.0475,-0.0368,0.42,0.0087,-0.0022,0.1365,-0.0132,-0.0013,0.001,0.0123,-0.003,0.019,-0.0085,0.0071,0.0106,-0.015,0.0115,-0.0036,0.0206,-0.0026,-0.0178,0.0229,0.0034,0.0329,0.0064,-0.0004,-0.0151,-0.0024,0.015,0.2019,-0.0173,0.0162,0.0258,0.0307,-0.0118,-0.0064,0.5497,0.0029,0.0,-0.0113,0.0254,0.8769,0.0181,-0.0516,-0.0384,0.0335,-0.007,0.0262,0.0006,0.0137,0.041,-0.0444,-0.008,0.0198,0.0155,0.0422,-0.1898,-0.0396,0.0326,0.0192,0.0305,0.0373,-0.1426,-0.0404
103,5163,108,2,sitting,-0.0007,0.3005,-0.0076,0.0233,-0.0149,0.0017,0.0099,0.1348,-0.0089,-0.0169,-0.0668,-0.0296,0.0159,1.36,-0.0202,0.0241,-0.011,0.0281,0.0214,0.0124,-0.003,0.0013,-0.002,-0.0052,0.0186,0.0034,0.0266,0.0037,-0.0098,0.025,-0.0066,0.031,0.0092,0.0047,-0.0132,0.0031,0.0308,1.1564,0.0022,-0.0229,-0.0479,-0.0452,-0.0157,-0.0019,-0.3074,-0.0022,-0.0074,-0.0093,0.0083,-0.9636,0.0278,0.0339,-0.0122,0.0102,0.0436,0.0344,-0.0356,-0.0387,0.0507,0.0587,0.0092,0.0221,0.0153,0.0364,-0.1982,-0.0194,0.0532,0.0158,0.0108,0.0398,-0.1256,-0.0371
104,5164,108,2,sitting,-0.0049,0.3138,0.0013,0.0227,-0.0135,0.0026,0.0064,-0.1032,-0.003,-0.0233,0.0599,-0.011,-0.0009,1.3075,0.0073,-0.0056,-0.0093,0.0204,0.0256,0.0124,0.0029,0.0087,-0.0079,-0.0193,0.0184,0.0102,0.0344,0.0039,-0.0097,0.0276,-0.0063,0.0283,0.0147,0.0083,-0.0101,-0.0007,-0.0009,1.1341,0.0172,-0.0006,-0.021,0.0308,-0.0119,0.001,0.5275,0.0003,-0.0019,-0.0022,0.0092,0.2148,-0.006,-0.0535,-0.0243,0.0126,-0.0049,-0.0066,0.0334,-0.032,0.0355,0.0375,-0.015,0.0266,0.018,0.0474,-0.174,-0.0454,0.0499,0.0199,0.0145,0.046,-0.1314,-0.0507
105,5165,108,2,sitting,-0.0087,0.3124,0.0026,0.0204,-0.0135,-0.0012,0.0058,-0.1009,-0.0042,-0.0285,0.0511,-0.0099,-0.0076,1.3042,-0.0036,0.0166,-0.0223,-0.0001,0.0298,0.0105,-0.0063,-0.005,-0.0056,-0.0142,0.026,-0.0014,0.0355,-0.0038,-0.0177,0.03,-0.0003,0.0333,0.0097,0.0037,-0.0125,0.0003,0.0315,1.0373,0.0235,-0.0001,-0.0342,0.0218,-0.0119,0.0012,-0.3224,0.0043,0.0024,-0.0199,0.0326,-0.3782,-0.0029,0.0446,-0.0193,0.0249,0.0389,0.0406,-0.0258,-0.0461,-0.0535,0.0509,-0.0128,0.0212,0.0188,0.0412,-0.1867,-0.0345,0.0573,0.0305,0.0218,0.0394,-0.1396,-0.0473
106,5166,108,2,sitting,0.0137,0.1777,-0.0115,0.045,-0.0163,0.002,0.0171,-0.0609,-0.0058,-0.0379,0.0053,-0.0198,0.0175,0.0351,-0.0201,0.0068,-0.0068,-0.0051,-0.013,-0.0154,-0.009,-0.0,,,,,,,,,,,,,,,,,,,,,,,,,,,,,,,,,,,,,,,,,,,,,,,,,,
107,5167,108,2,sitting,-0.0035,0.2963,0.0093,0.0199,-0.0206,-0.0027,0.0178,0.5644,-0.0319,-0.005,-0.2661,-0.0581,0.0087,1.442,-0.0115,-0.0008,-0.0131,0.0163,0.0144,0.0211,0.0009,0.0035,-0.0018,-0.011,0.0154,0.0003,0.0296,0.0044,-0.0101,0.025,-0.0063,0.0287,0.0074,0.0039,-0.0122,-0.0027,0.0222,1.1888,0.0083,-0.0052,-0.0236,-0.0243,-0.0155,-0.0021,-0.3067,0.0053,-0.0023,-0.0067,0.0068,2.0443,-0.019,-0.051,-0.0119,-0.0042,-0.0083,0.0373,-0.0408,0.03,0.0333,-0.0368,0.0029,0.0155,0.0183,0.0456,-0.172,-0.0239,0.0322,0.014,0.0133,0.035,-0.1282,-0.0382
108,5168,108,2,sitting,-0.0037,1.3135,-0.0144,0.0262,-0.0246,-0.0019,-0.0387,-0.9763,0.0573,-0.0498,0.4499,0.0482,0.0163,0.2293,-0.0047,0.0068,-0.0181,0.0078,0.0174,0.0083,-0.0023,-0.0002,0.0022,-0.0125,0.0132,-0.0043,0.029,-0.0009,-0.0229,0.0194,-0.0017,0.032,0.0091,0.002,-0.0156,-0.0018,-0.0255,0.2643,0.0059,0.0209,0.023,-0.0106,-0.0083,-0.0058,0.5173,-0.007,-0.0007,-0.0115,-0.006,0.9688,-0.0282,0.0476,0.0013,-0.0303,-0.0061,-0.0124,0.0314,-0.0134,0.0274,-0.0361,-0.009,0.013,0.0232,0.0348,-0.1923,-0.0377,0.0445,0.0145,0.0303,0.0354,-0.1307,-0.0282
109,5169,108,2,sitting,-0.0014,0.2995,-0.005,0.0126,-0.0158,-0.0173,0.0087,0.1544,-0.006,-0.0269,-0.0757,-0.0283,0.0145,1.3389,-0.0194,0.0206,-0.0038,0.0105,0.0211,0.0131,0.0004,-0.004,-0.0021,-0.0095,0.0119,0.0001,0.0296,0.0025,-0.0077,0.0279,-0.0013,0.03,0.0085,0.0014,-0.0186,0.0021,0.0348,1.1189,0.005,0.0235,-0.0254,0.0337,-0.0109,-0.002,-0.307,0.0034,-0.0044,0.001,-0.0246,-0.9004,0.0221,-0.04,-0.0065,0.0319,0.0114,0.0162,0.0099,0.0087,-0.0509,0.0465,0.003,0.0163,0.0146,0.032,-0.1745,-0.0413,0.0427,0.0184,0.038,0.0369,-0.1259,-0.0305
110,5170,108,2,sitting,-0.0081,0.9629,-0.0086,0.0314,-0.0241,-0.0063,-0.023,-0.469,0.033,-0.0402,0.2056,-0.0022,0.0119,0.0786,-0.0096,-0.0057,0.0049,0.015,0.0348,0.0188,0.0055,0.001,-0.0065,-0.0115,0.0232,-0.0009,0.0244,0.0093,-0.0143,0.0164,-0.003,0.0289,0.0019,-0.0044,-0.0144,-0.0025,0.0005,0.0588,0.0025,0.0324,-0.0084,0.0062,-0.0156,0.0056,0.5819,-0.001,-0.0012,-0.0056,-0.0115,0.9522,-0.0095,0.0136,-0.0137,0.0137,0.0163,-0.0122,0.0308,0.0092,0.0468,0.0397,0.0008,0.0239,0.0179,0.034,-0.1651,-0.0413,0.0478,0.0111,0.0366,0.0197,-0.071,-0.0284
111,5171,108,2,sitting,-0.0073,1.3136,-0.0107,0.0364,-0.0202,0.0069,-0.0333,-1.0348,0.0657,-0.0475,0.4781,0.0566,0.026,0.224,-0.0018,-0.0001,-0.004,0.0165,0.0289,0.0137,-0.0026,0.0031,-0.0015,-0.0083,0.0121,0.0001,0.0304,-0.0037,-0.0146,0.0218,-0.0055,0.031,0.0073,0.0047,-0.011,0.0007,-0.0009,0.293,0.0096,0.0225,-0.0272,-0.015,-0.0116,0.0004,0.5307,0.0022,-0.0006,-0.0068,-0.0014,0.8797,0.0171,-0.023,-0.0182,-0.009,-0.0041,0.0002,-0.0014,-0.0245,0.0494,-0.0324,0.0122,0.0293,0.0196,0.0378,-0.2023,-0.0443,0.0413,0.0194,0.0257,0.0459,-0.1495,-0.0402
112,5172,108,2,sitting,-0.0065,0.3117,0.0003,0.0139,-0.0125,-0.0116,-0.0208,-0.5686,0.0365,-0.0389,0.2634,0.0224,0.0171,0.3644,-0.0151,0.0162,-0.0095,0.0077,0.0246,0.0134,0.001,-0.0034,-0.0029,-0.0065,0.0105,-0.0017,0.028,-0.005,-0.0211,0.0183,-0.0011,0.0301,0.0094,0.0047,-0.0127,0.0035,0.045,1.1563,-0.0086,-0.0149,-0.0374,-0.0268,-0.0105,-0.005,0.4957,-0.0038,-0.0046,-0.0136,-0.0271,0.8636,-0.0116,-0.0255,-0.0189,0.0392,0.0342,0.0185,-0.0239,-0.0022,0.0316,0.0195,-0.016,0.0196,0.0222,0.0448,-0.2013,-0.0437,0.0494,0.013,0.0193,0.0338,-0.1414,-0.0422
113,5173,108,2,sitting,-0.0025,1.2929,-0.0116,0.0249,-0.0216,-0.0057,-0.0193,-0.5688,0.036,-0.0506,0.2552,0.022,0.0235,0.9179,-0.0016,0.0131,-0.0093,0.0126,0.015,0.0102,-0.0063,0.0003,0.0033,-0.0075,0.0162,-0.0034,0.0282,-0.0048,-0.0211,0.0252,-0.0002,0.0306,0.0085,0.0036,-0.0143,-0.0008,0.0326,0.2747,0.0114,0.0186,0.0029,0.0052,-0.0109,-0.0028,0.5272,-0.0021,-0.0018,-0.0063,0.0032,0.8776,0.0091,-0.0265,-0.0171,0.0208,0.0091,0.0155,-0.0007,-0.0031,-0.0375,0.0276,0.002,0.0192,0.012,0.039,-0.1832,-0.0387,0.0413,0.0158,0.0343,0.0299,-0.1313,-0.0284
114,5174,108,2,sitting,-0.0018,1.3094,-0.0069,0.0366,-0.0239,0.005,-0.0314,-1.0401,0.0629,-0.0508,0.4824,0.0545,0.0085,0.1602,-0.0028,0.0117,-0.0186,0.0154,0.0266,0.019,-0.0019,-0.0044,-0.003,-0.0079,0.0092,-0.0034,0.0245,-0.0047,-0.0256,0.0148,-0.0036,0.0306,0.0068,0.0007,-0.0174,-0.0002,0.0132,0.2934,0.0166,0.0285,0.0123,0.0298,-0.0131,0.0004,0.5375,0.0007,-0.0006,-0.0106,0.01,0.864,0.0089,0.0454,-0.0229,0.0134,-0.0019,0.021,0.0142,-0.02,-0.0385,0.035,0.007,0.027,0.0198,0.0374,-0.2013,-0.0464,0.0322,0.019,0.0345,0.0492,-0.1469,-0.0442
115,5175,108,2,sitting,-0.0031,1.3138,-0.0126,0.0378,-0.018,0.0097,-0.0319,-0.9358,0.056,-0.0523,0.4303,0.0457,0.0155,0.304,0.013,0.0054,-0.0101,0.0047,0.0253,0.0119,-0.0062,-0.0016,-0.0015,-0.0117,0.0173,-0.0023,0.0304,0.0009,-0.015,0.0276,-0.0028,0.0294,0.0084,0.0014,-0.0162,0.0016,0.0199,-0.208,-0.0088,0.0326,0.0244,0.0073,-0.0147,-0.0028,0.5405,-0.0017,-0.0007,-0.0037,0.0209,0.8568,0.0069,-0.0234,-0.0217,0.0289,0.0185,-0.0042,0.0033,-0.0155,0.0496,-0.0386,0.0229,0.0204,0.0212,0.036,-0.1888,-0.034,0.0328,0.0141,0.0216,0.0306,-0.1293,-0.035
116,5176,108,2,sitting,-0.0148,1.3177,-0.0073,0.0382,-0.0185,0.0112,-0.0216,-0.5919,0.0357,-0.0443,0.2681,0.0242,0.0105,0.9197,-0.0099,0.0127,-0.0026,0.0052,0.0196,0.016,-0.0003,-0.0005,-0.0015,-0.0094,0.0049,0.003,0.0334,0.0062,-0.0099,0.025,-0.0013,0.0299,0.0072,0.0065,-0.017,-0.001,-0.02,0.2583,0.0039,0.0272,0.0086,-0.0344,-0.0169,-0.0031,0.499,0.007,-0.0084,0.0069,0.0286,0.9682,0.0101,0.0499,0.0059,0.036,0.0139,0.0122,0.015,-0.0195,-0.0262,-0.0409,0.0029,0.0174,0.0237,0.0329,-0.1803,-0.048,0.0303,0.0211,0.0203,0.0452,-0.1274,-0.0397
117,5177,108,2,sitting,-0.0036,-0.5342,0.0069,0.0119,-0.0029,-0.018,0.0193,0.2327,-0.0175,-0.0097,-0.1174,-0.0267,0.0136,0.9646,-0.0023,0.006,0.0041,0.0095,0.0139,0.0082,0.0031,-0.0065,-0.0019,-0.0109,0.0237,0.003,0.0303,0.0053,-0.0194,0.0233,-0.0079,0.0266,0.0066,0.0016,-0.0171,-0.0022,0.0279,1.1971,-0.006,0.0109,-0.0318,-0.0364,-0.0132,-0.0058,0.4866,0.0054,-0.0096,0.0006,0.013,0.3559,0.0045,0.0588,0.021,0.0096,-0.0103,0.0325,-0.0306,0.0406,-0.0319,-0.0447,-0.0131,0.0257,0.0246,0.0459,-0.1787,-0.047,0.0498,0.024,0.0246,0.0511,-0.1359,-0.0435
118,5178,108,2,sitting,-0.0001,-0.5294,0.0035,0.0049,-0.0167,-0.0229,0.0308,0.2343,-0.0195,-0.017,-0.1215,-0.0382,-0.006,1.1504,-0.0115,0.0203,-0.0088,0.0058,0.0311,0.0154,-0.0062,0.0021,0.0011,-0.0094,0.0136,0.0034,0.0325,0.0016,-0.0072,0.022,-0.0005,0.0286,0.0065,0.0011,-0.0186,0.0011,0.0129,1.1778,0.0108,0.0215,-0.0267,0.0411,-0.012,0.0006,-0.5169,0.0032,-0.0037,0.008,0.008,-0.7149,-0.0061,0.051,0.034,-0.0074,-0.014,0.0233,-0.0242,0.0093,0.0494,-0.0257,0.0149,0.0134,0.0203,0.027,-0.205,-0.0335,0.0554,0.011,0.0431,0.052,-0.1373,-0.0456
119,5179,108,2,sitting,-0.0005,1.3188,-0.0094,0.0354,-0.0216,0.0034,-0.0327,-0.9427,0.0575,-0.0495,0.433,0.048,0.011,0.3741,-0.0084,0.0072,-0.0126,0.0142,0.0274,0.0134,-0.0019,-0.0023,0.0015,-0.0133,0.0154,-0.0054,0.0341,-0.0009,-0.0251,0.0205,-0.0041,0.0289,0.01,0.0007,-0.0153,0.003,0.0164,0.2633,-0.0064,0.0229,0.0338,0.0387,-0.011,-0.0009,0.5348,-0.0031,-0.0033,-0.017,0.0181,0.8604,-0.0231,-0.054,-0.0182,0.036,0.0243,0.0371,-0.0262,-0.0191,-0.0555,-0.0308,-0.0122,0.0169,0.0345,0.0407,-0.1801,-0.0433,0.0227,0.02,0.0197,0.0444,-0.1343,-0.0297
120,5180,108,2,sitting,-0.0036,0.2975,0.0083,0.0214,-0.0079,-0.0149,0.0067,-0.1048,0.0111,-0.0306,0.0561,-0.0136,0.0192,1.1578,-0.0236,0.0099,-0.0252,0.0166,0.0268,0.0102,0.0004,-0.0043,-0.0085,-0.018,0.0283,0.0053,0.0358,-0.0026,-0.0177,0.0247,-0.0015,0.0276,0.0085,0.005,-0.0156,0.002,0.0313,0.3152,-0.0038,0.0053,-0.0068,0.034,-0.0096,-0.0006,0.5309,-0.0003,-0.0005,-0.012,0.0045,0.8668,-0.0202,0.0334,0.0022,0.0181,-0.0194,0.0159,0.0065,-0.0067,-0.0434,0.05,-0.0025,0.0203,0.0195,0.0384,-0.1919,-0.0491,0.0297,0.0149,0.02,0.0377,-0.1309,-0.0363
121,5181,108,2,sitting,-0.0074,1.0009,-0.0025,0.0286,-0.0133,0.0018,-0.0237,-0.5858,0.0393,-0.0406,0.2697,0.0249,0.0164,0.8561,-0.0123,0.0143,-0.0085,0.0094,0.0222,0.0102,-0.0046,-0.0021,-0.0056,-0.0082,0.0155,-0.0027,0.0293,-0.0028,-0.0209,0.0197,-0.0031,0.03,0.0071,0.0062,-0.0115,0.0003,0.0176,0.3185,-0.021,0.0151,0.0255,-0.0009,-0.015,0.0006,0.3349,0.005,-0.0056,-0.009,0.0338,1.45,0.0065,-0.0493,-0.0266,-0.0092,0.0429,0.0389,-0.0433,-0.0372,-0.0323,0.0341,-0.0037,0.0185,0.0237,0.0216,-0.1839,-0.0414,0.0459,0.0044,0.0273,0.0606,-0.0988,-0.0187
122,5182,108,2,sitting,0.0037,1.309,-0.0119,0.0315,-0.0185,0.0048,-0.0265,-0.9423,0.0567,-0.0495,0.4393,0.0482,0.0092,0.3083,-0.0055,0.0002,-0.007,0.0012,0.0273,0.0095,0.0062,0.0014,-0.0015,-0.0142,0.0161,0.0066,0.0252,0.0029,-0.008,0.019,-0.0019,0.0287,0.01,0.0044,-0.0126,0.0007,0.023,0.3155,-0.0136,-0.001,0.0019,0.0308,-0.0097,-0.0011,0.5309,-0.0031,-0.0018,-0.0029,-0.017,0.8694,0.0204,-0.0506,-0.009,-0.0087,0.0098,0.0246,-0.0335,-0.0097,0.0359,0.0405,0.01,0.0219,0.022,0.0153,-0.1996,-0.043,0.0389,0.0138,0.0252,0.0293,-0.1302,-0.0345
123,5183,108,2,sitting,-0.0051,1.3207,-0.0149,0.0316,-0.0265,0.0108,-0.0322,-0.9713,0.0578,-0.0479,0.4535,0.05,-0.0155,0.2244,-0.0182,-0.0083,0.0078,-0.0046,0.0225,0.0117,-0.0009,-0.0014,-0.003,-0.0124,0.0091,0.0043,0.0298,-0.0004,-0.0105,0.0169,-0.0063,0.0284,0.007,0.0022,-0.0135,-0.0009,0.0252,-1.1346,0.0212,0.0234,0.0358,-0.0333,-0.0102,-0.0018,0.5355,-0.0009,-0.0016,-0.0034,0.0066,0.8678,0.0012,-0.0384,-0.017,0.0106,-0.0104,-0.0004,-0.0089,-0.003,0.0413,-0.0206,-0.0039,0.0209,0.018,0.0199,-0.1893,-0.03,0.049,0.024,0.0376,0.0467,-0.1424,-0.0448
124,5184,108,2,sitting,-0.0011,0.2967,-0.0046,0.0248,-0.01,-0.0029,0.0062,-0.1002,0.0052,-0.0254,0.048,-0.0116,0.0139,1.3086,-0.014,0.0095,-0.0096,0.0082,0.0224,0.0083,-0.0007,0.0011,0.0074,-0.018,0.0151,0.0019,0.0304,-0.002,-0.0092,0.0193,-0.0033,0.0272,0.0075,0.0012,-0.0146,0.0001,0.0339,1.1262,-0.0212,0.0201,-0.0326,0.0173,-0.0121,-0.0042,-0.3352,0.0029,-0.0055,0.0049,0.0094,-0.9246,0.0295,-0.0546,0.0069,0.0354,0.0344,-0.0094,-0.0234,-0.0412,-0.0492,0.043,0.0058,0.016,0.0263,0.0407,-0.1859,-0.0272,0.0392,-0.0003,0.0247,0.0056,-0.1295,-0.0307
125,5185,108,2,sitting,-0.0009,1.2963,-0.0074,0.0358,-0.0194,0.0037,-0.0341,-1.0407,0.0645,-0.0531,0.484,0.0493,0.0095,0.112,-0.0126,-0.0069,-0.0186,0.0153,0.0176,0.0148,-0.0013,-0.0006,-0.0004,-0.0093,0.016,-0.0021,0.0305,-0.004,-0.0213,0.0275,-0.0053,0.0287,0.0101,0.0089,-0.0131,0.0021,0.0379,0.2523,0.0116,0.0234,0.0024,-0.0228,-0.0126,0.0012,0.5424,0.0017,-0.0002,0.0007,-0.02,0.8725,-0.0013,0.0315,-0.0002,-0.0085,-0.0034,0.0089,-0.0025,0.0102,0.0024,0.0252,0.003,0.0211,0.0135,0.0269,-0.1917,-0.0469,0.0332,0.0136,0.0296,0.0478,-0.1335,-0.038
126,5186,108,2,sitting,-0.0083,0.3119,0.0048,0.0104,-0.0147,-0.0201,-0.0162,-0.5681,0.039,-0.0494,0.2604,0.0274,0.0174,0.3749,-0.0113,0.0065,-0.0002,0.0194,0.0212,0.0023,0.0037,0.0014,0.0079,-0.0182,0.009,0.0054,0.0303,0.0035,-0.0085,0.0156,0.0034,0.0298,0.0083,0.0033,-0.0146,0.0033,-0.0345,1.1776,0.0269,0.0139,-0.0363,-0.0127,-0.0115,-0.006,0.4899,0.0021,-0.0042,-0.0091,-0.0322,0.8698,-0.0037,-0.0285,0.0105,0.033,-0.0246,-0.0066,0.0315,-0.0136,-0.0454,-0.0224,0.0039,0.0239,0.0254,0.0378,-0.18,-0.0388,0.0438,0.0129,0.0246,0.0407,-0.1438,-0.023
127,5187,108,2,sitting,-0.0143,1.2929,-0.0035,0.0396,-0.015,0.0014,-0.0378,-1.0653,0.0679,-0.0494,0.4892,0.0576,0.0072,0.0866,-0.0046,0.0175,-0.0007,-0.0081,0.0212,0.0103,-0.0134,-0.006,-0.0053,-0.0023,0.0131,-0.0124,0.0324,-0.0092,-0.0196,0.0166,0.0007,0.0307,0.0068,0.0033,-0.0181,0.0063,0.0222,0.3173,0.0112,0.0201,-0.0251,-0.034,-0.008,-0.0011,0.5337,-0.0038,-0.0008,-0.0061,-0.0128,0.8719,0.0105,-0.0265,0.0104,-0.0069,0.0282,0.01,-0.0235,-0.0162,-0.0462,-0.0485,0.0084,0.0194,0.0183,0.0416,-0.1962,-0.0272,0.0503,0.021,0.0293,0.0402,-0.1293,-0.0471
128,5188,108,2,sitting,0.0065,0.7299,-0.0093,0.0194,-0.0118,0.0008,-0.0147,-0.4219,0.0267,-0.0337,0.1972,0.0103,0.0212,1.067,-0.0081,0.0125,-0.0044,0.0134,0.0242,0.0073,-0.0016,-0.0023,-0.0033,-0.0166,0.0051,0.0001,0.029,0.0065,-0.0151,0.0177,-0.0043,0.0305,0.008,0.0015,-0.0163,0.0001,0.0236,0.2696,0.0185,0.0271,0.0049,0.0283,-0.0085,-0.0016,0.5353,-0.0007,-0.0009,-0.0042,-0.0209,0.8598,-0.0001,0.038,-0.0004,-0.0086,0.0257,-0.0003,0.0002,-0.0207,0.0009,-0.0329,-0.0063,0.0114,0.0312,0.0473,-0.1758,-0.0445,0.0222,0.0172,0.0361,0.0457,-0.1362,-0.0208
129,5189,108,2,sitting,-0.0096,1.3005,-0.0113,0.0344,-0.0148,0.0031,-0.0317,-0.9429,0.0558,-0.0525,0.4367,0.0454,0.0159,0.3066,-0.0101,0.0047,-0.0229,0.0166,0.0295,0.0195,0.0007,0.0056,0.0036,-0.0084,0.02,-0.0015,0.0278,0.0027,-0.0162,0.024,-0.0072,0.0307,0.0067,0.0069,-0.0117,-0.0016,-0.0219,0.2854,-0.0039,0.0261,0.0171,-0.0236,-0.0139,-0.0007,0.5423,0.0043,-0.0124,-0.0035,0.0395,0.848,0.0026,0.0373,-0.0323,0.0416,0.0435,0.025,-0.0383,0.0023,-0.0483,0.0477,-0.0032,0.0189,0.0189,0.0363,-0.1878,-0.0425,0.0494,0.0085,0.0353,0.0585,-0.1436,-0.0441
130,5190,108,2,sitting,-0.0024,1.3209,-0.0085,0.0366,-0.0137,0.0002,-0.0324,-0.9549,0.0571,-0.0446,0.4434,0.049,0.0183,0.2251,0.002,-0.0032,-0.0047,0.0069,0.0268,0.0105,0.0016,-0.0021,0.0034,-0.0059,0.0091,0.0001,0.033,0.0067,-0.0126,0.0236,-0.0017,0.0293,0.0073,0.0037,-0.014,0.0007,0.0162,-1.0986,-0.0111,0.0218,0.0288,-0.0155,-0.0131,-0.0009,0.5763,-0.0016,-0.0006,-0.0044,0.0252,0.7109,0.0016,0.0228,0.0001,0.0199,-0.0009,0.0093,0.0004,0.0055,-0.0024,0.0241,0.0038,0.0179,0.0154,0.0387,-0.1878,-0.0318,0.0415,0.0142,0.0218,0.0279,-0.1551,-0.0344
131,5191,108,2,sitting,-0.0147,0.3213,0.0068,0.0219,-0.0133,0.0042,-0.0164,-0.1506,0.0103,-0.034,0.0662,-0.0021,0.0209,1.1717,-0.0113,-0.0072,-0.0124,0.0188,0.0158,0.0075,-0.008,-0.0008,-0.0065,-0.0082,0.0238,0.0053,0.0308,0.0036,-0.0095,0.0277,-0.001,0.0294,0.0069,0.0032,-0.0145,0.0014,0.0378,1.1028,-0.0036,0.0199,-0.0323,0.0383,-0.013,0.0008,-0.2944,0.003,0.0018,-0.0038,-0.0333,-0.709,0.0253,-0.0175,-0.0088,0.0263,-0.0005,0.0246,-0.0357,0.0278,-0.0423,-0.049,0.0282,0.0172,0.0133,0.0446,-0.2,-0.0463,0.0319,0.0224,0.0275,-0.0002,-0.157,-0.0397
132,5192,108,2,sitting,-0.0103,0.3214,-0.0026,0.0227,-0.0085,-0.0096,0.0158,-0.1131,0.0066,-0.0265,0.0578,-0.011,0.02,1.1875,0.0039,0.0213,0.0071,0.0185,0.013,0.01,-0.0044,-0.0003,-0.0045,-0.0056,0.0122,0.0016,0.0296,0.0023,-0.0146,0.0167,-0.0035,0.0299,0.0067,0.0034,-0.0147,-0.0003,0.0309,0.3137,0.0092,-0.0171,-0.0321,-0.0273,-0.0097,-0.0038,0.5093,-0.0016,-0.0026,-0.0046,-0.0115,0.9252,0.007,-0.0239,-0.0189,0.0136,-0.0079,0.0133,0.0081,-0.002,0.034,-0.0397,0.0002,0.0238,0.0199,0.0414,-0.1834,-0.0353,0.0498,0.0165,0.0094,0.0382,-0.1309,-0.0365
133,5193,108,2,sitting,-0.0019,-0.5334,0.0028,0.0106,-0.0083,-0.0193,0.0257,0.2328,-0.0165,-0.0189,-0.1166,-0.0316,0.0363,0.9421,0.0159,0.005,-0.0111,0.0094,0.0227,0.0037,-0.0008,-0.0042,-0.0026,-0.0209,0.0139,-0.001,0.0333,-0.0056,-0.0186,0.0292,-0.0043,0.0324,0.007,0.0039,-0.0145,0.0009,0.0376,1.189,0.006,-0.0122,-0.0286,0.0266,-0.0183,0.0025,0.5166,0.0086,-0.0016,0.0013,-0.0002,0.8603,-0.021,0.0483,0.0027,0.0401,-0.0249,-0.0084,0.0236,-0.0143,0.0418,0.0583,-0.0078,0.0156,0.0386,0.0304,-0.2002,-0.0343,0.0508,0.0167,0.0153,0.0438,-0.1322,-0.035
134,5194,108,2,sitting,-0.0128,0.3064,0.0012,0.0266,-0.0169,-0.0057,-0.0083,-0.1519,0.007,-0.0296,0.063,-0.0031,0.0217,1.1541,-0.0131,0.014,-0.025,0.0109,0.0184,0.0067,-0.0025,-0.0047,-0.0112,-0.0132,0.0152,0.0023,0.0306,0.0002,-0.0172,0.018,-0.0015,0.0307,0.008,0.0032,-0.0154,0.0016,0.0225,1.0204,0.0067,0.0123,0.0049,-0.0275,-0.0132,0.0003,0.516,0.007,-0.0005,-0.0098,-0.0056,0.8546,-0.01,0.0391,-0.0235,0.0114,-0.0192,-0.0004,0.0381,-0.0313,-0.0519,0.0435,-0.0133,0.0169,0.0246,0.0475,-0.1942,-0.0374,0.0508,0.0199,0.0366,0.0444,-0.1584,-0.0419
135,5195,108,2,sitting,-0.0093,0.2979,0.0028,0.0126,-0.0147,-0.0185,0.0213,0.5632,-0.0361,-0.0116,-0.2746,-0.0551,0.0062,1.4604,-0.0235,0.0176,0.0169,0.001,0.0226,0.0007,-0.0101,-0.0045,0.0065,-0.0078,0.0083,0.0002,0.0299,-0.0059,-0.0125,0.0159,-0.0044,0.0284,0.0063,0.0032,-0.0134,-0.0022,-0.0309,1.1881,0.0135,-0.0199,-0.0423,0.0272,-0.0154,-0.0055,-0.3098,-0.0051,-0.0054,-0.0142,0.032,2.0487,-0.0335,0.0504,-0.0416,-0.0133,-0.0345,0.046,-0.0453,0.0572,0.0537,0.0513,0.0059,0.0262,0.02,0.0494,-0.1853,-0.044,0.0584,0.018,0.025,0.0475,-0.1399,0.005
136,5196,108,2,sitting,-0.0041,0.2997,-0.0015,0.0119,-0.0101,-0.0175,0.0138,-0.1032,0.0032,-0.0312,0.0519,-0.0169,-0.0195,1.3157,0.0032,0.0002,-0.0126,0.0219,0.0144,0.0098,-0.0066,-0.0084,-0.0021,-0.0056,0.0261,-0.0045,0.0283,0.0073,-0.0252,0.0235,-0.0029,0.0297,0.0068,0.0021,-0.0133,0.0005,-0.0049,0.2936,0.0042,0.0153,-0.0226,-0.0074,-0.0206,0.0003,0.5175,0.0056,-0.0048,-0.018,-0.0063,0.9375,0.0105,0.0242,-0.0361,0.0386,0.041,0.0308,-0.0498,0.0349,0.0403,0.0275,0.0061,0.0165,0.0173,0.0337,-0.1749,-0.0357,0.0445,0.0181,0.0327,0.0452,-0.1304,-0.0207
137,5197,108,2,sitting,0.0041,-0.5339,0.0136,0.0175,-0.0088,-0.0054,0.0339,0.232,-0.0151,-0.0197,-0.1222,-0.0423,-0.028,1.0751,-0.0207,0.023,0.0031,0.021,0.0349,0.0064,-0.0105,-0.0075,-0.001,-0.0229,0.012,0.0025,0.0243,-0.0002,-0.0161,0.0194,0.0033,0.0286,0.0096,0.0007,-0.018,0.002,-0.0316,1.1843,-0.004,-0.0053,-0.0408,-0.0499,-0.0053,0.0067,0.5103,0.011,-0.0027,-0.0094,-0.0309,0.8572,0.0091,-0.0327,0.0055,0.0266,0.006,-0.0059,-0.0107,-0.0276,-0.0486,0.0363,-0.0293,0.0109,0.0505,0.044,-0.1833,-0.046,0.0582,0.014,0.016,0.0523,-0.1386,-0.0259
138,5198,108,2,sitting,-0.0102,0.5939,-0.0072,0.024,-0.016,-0.0153,0.0005,0.0686,-0.004,-0.0424,-0.0399,-0.0256,0.0119,0.0224,0.0038,0.0078,-0.0002,-0.0002,0.0137,-0.0167,-0.0089,-0.0013,-0.0073,-0.0104,0.0219,-0.0035,0.0326,0.0061,-0.0209,0.0287,-0.0052,0.0313,0.0116,0.0011,-0.0126,-0.0009,0.013,0.2733,-0.0064,0.025,0.0386,-0.0023,-0.0117,0.0088,0.5672,0.0078,0.0044,0.0065,0.003,0.753,0.0036,-0.0583,-0.0152,0.0371,0.0309,0.0187,0.022,-0.0419,0.0483,-0.064,0.0012,0.0159,0.0347,0.0462,-0.1902,-0.0293,0.035,0.0117,0.0337,0.0477,-0.1426,-0.0435
139,5199,108,2,sitting,-0.0016,0.3088,-0.0106,0.0232,-0.0135,0.0037,0.0089,0.1358,-0.0058,-0.0176,-0.0615,-0.0262,-0.0042,1.3782,-0.0023,0.0095,-0.0112,0.0144,0.024,0.0075,-0.0069,-0.0008,-0.0022,-0.0084,0.0166,0.0004,0.0315,0.0022,-0.0151,0.0272,-0.0009,0.0305,0.0052,0.0012,-0.015,0.0005,0.0197,1.1186,-0.0183,0.0084,-0.0368,0.0356,-0.0098,0.0005,-0.3385,0.0067,-0.0003,-0.0073,0.0349,-0.9152,-0.0127,-0.0298,-0.0086,0.0425,0.04,0.0327,-0.0228,-0.0333,-0.0435,-0.0646,0.002,0.0083,0.0258,0.0475,-0.1947,-0.0465,0.0502,0.0166,0.0214,0.048,-0.1298,-0.0446
140,5200,108,2,sitting,-0.0008,-0.7274,0.0046,0.0083,-0.0057,-0.0195,0.0379,0.5329,-0.0332,-0.0098,-0.2541,-0.0526,-0.0184,-0.2082,-0.0037,0.0025,0.0031,-0.0077,0.0149,0.0151,0.0037,-0.0019,0.0015,-0.0108,0.0112,0.0004,0.0265,0.0064,-0.0127,0.027,-0.0002,0.0282,0.0052,0.0014,-0.0114,0.0009,0.0135,0.6988,0.0115,0.0164,-0.0082,-0.0229,-0.0098,0.0025,0.5414,0.0002,-0.0006,-0.0109,0.0211,0.8548,-0.0123,0.0494,0.0237,0.0291,-0.0341,0.0081,-0.0173,0.0163,0.0451,-0.0415,0.0001,0.0133,0.0305,0.0328,-0.1736,-0.0207,0.0481,0.0153,0.0244,0.0508,-0.1195,-0.0186
141,5201,108,2,sitting,-0.0076,1.3187,-0.0083,0.0358,-0.0205,0.0059,-0.0376,-0.942,0.0569,-0.0437,0.4412,0.0486,0.013,0.3258,-0.0155,0.0029,-0.0225,0.0065,0.028,0.0177,-0.0109,0.0011,-0.0002,-0.0145,0.0104,-0.0041,0.0314,0.0032,-0.0127,0.0224,-0.0025,0.0296,0.0061,0.0041,-0.0161,0.0012,0.0347,-0.1219,-0.0186,0.0115,0.0251,0.0097,-0.0143,0.0036,0.5593,0.0076,-0.0036,-0.0038,0.0069,0.8536,0.0216,0.0322,-0.0077,0.0165,0.0213,-0.0097,0.0195,-0.0334,-0.0516,0.0236,0.0111,0.0124,0.0273,0.0423,-0.1942,-0.0388,0.0267,-0.009,0.0405,0.0523,-0.1438,-0.0474
142,5202,108,2,sitting,-0.0021,0.3048,0.0005,0.0106,-0.0137,-0.0119,-0.009,-0.586,0.0342,-0.0402,0.2701,0.0167,-0.0177,0.3003,-0.0089,0.0019,-0.006,-0.0076,0.014,0.0116,-0.005,-0.0024,0.0042,-0.0038,0.0185,0.0037,0.03,-0.0027,-0.008,0.0226,-0.0019,0.0284,0.0064,0.0025,-0.0152,0.0011,-0.0034,2.0218,0.0192,0.0059,-0.026,-0.0458,-0.0081,-0.0054,-0.2796,0.0013,-0.0123,-0.0205,-0.0233,-0.9294,0.0359,0.0273,0.0246,0.0411,-0.0311,0.0325,-0.0445,0.037,0.0426,-0.0465,-0.0098,0.0154,0.0284,0.0554,-0.1745,-0.0433,0.0486,0.0333,0.0252,0.0329,-0.1287,-0.0292
143,5203,108,2,sitting,-0.0158,1.3187,-0.0058,0.0274,-0.0236,-0.0012,-0.032,-0.9549,0.0578,-0.0439,0.441,0.0448,0.0176,0.3171,-0.0082,0.009,-0.0112,0.0043,0.0189,0.0069,0.0004,0.0022,-0.0023,-0.0031,0.013,0.0044,0.0282,0.0101,-0.0071,0.0226,-0.0034,0.0291,0.0074,0.0029,-0.0125,-0.0021,0.0312,0.2638,-0.0032,0.0146,0.0203,0.0305,-0.0106,-0.0016,0.5316,-0.0035,-0.0019,-0.0165,-0.0196,0.8607,0.01,0.0539,-0.0331,0.0212,-0.0082,0.0248,-0.0269,-0.0165,0.0398,0.0497,-0.0072,0.0144,0.0224,0.037,-0.195,-0.04,0.0423,0.0136,0.0272,0.0362,-0.142,-0.0353
144,5204,108,2,sitting,-0.0079,0.3189,0.0157,0.0433,-0.0229,0.0237,0.0178,0.1598,0.0099,-0.0396,-0.0735,-0.0278,0.035,1.2075,-0.0105,0.0019,-0.0118,-0.0106,0.0008,-0.01,-0.0139,0.0069,-0.0096,-0.0217,0.0086,0.0036,0.0158,0.0018,-0.0273,-0.0015,0.0127,0.0385,0.008,0.0094,-0.0018,0.0006,0.0255,0.3159,0.0114,0.019,-0.0041,0.0138,-0.0161,0.0043,0.528,0.0043,-0.0012,-0.0053,0.0022,0.8738,0.0224,-0.0299,-0.0109,0.0402,-0.018,0.021,0.0347,0.0264,-0.0244,0.0031,-0.0108,0.0168,0.0375,0.0369,-0.1919,-0.0386,0.0428,0.01,0.023,0.0323,-0.1403,-0.0245
145,5205,108,2,sitting,0.0079,-0.5844,0.0147,0.0161,-0.0068,-0.018,0.0319,0.4744,-0.0324,-0.012,-0.2218,-0.0548,-0.0002,0.1043,0.0204,0.0237,0.0035,0.0052,0.0256,0.0022,-0.0089,-0.0103,0.0018,-0.0092,0.027,-0.0046,0.0288,0.0132,-0.0152,0.026,-0.0047,0.0301,0.0075,-0.0017,-0.0169,-0.004,0.0448,1.2196,-0.0015,0.017,0.0104,-0.0218,-0.0142,0.0058,0.5034,0.0035,-0.0058,-0.0119,0.0198,0.8677,0.0061,0.0491,-0.0139,0.0299,0.0388,0.0342,-0.0353,-0.0419,-0.0409,0.055,-0.012,0.0193,0.0223,0.0457,-0.2024,-0.0395,0.0535,0.013,0.0284,0.0562,-0.1397,0.0043
146,5206,108,2,sitting,-0.0096,1.3159,0.0028,0.0315,-0.0263,0.007,-0.031,-0.9206,0.046,-0.0575,0.4185,0.0055,-0.0042,0.2545,0.0033,-0.0052,-0.0219,0.0006,0.021,-0.0025,-0.0171,-0.0007,-0.0165,-0.022,0.0241,-0.0114,0.0247,-0.0077,-0.0279,0.0231,-0.0092,0.027,0.004,0.0034,-0.0119,-0.0057,0.0391,0.1883,0.0119,-0.0069,0.0179,-0.0229,-0.0119,0.0075,0.5088,0.0001,-0.0056,,,,,,,,,,,,,,,,,,,,,,,,,
147,5207,108,2,sitting,0.0113,-0.5375,-0.0014,0.021,0.0028,-0.0099,0.0156,0.2289,-0.0145,-0.0181,-0.1152,-0.0377,0.0134,0.0935,-0.0068,0.0169,-0.0047,0.0072,0.0253,0.0103,-0.0051,-0.0039,-0.012,-0.0131,0.0193,0.0001,0.0308,-0.0006,-0.008,0.0276,-0.0041,0.0283,0.0102,0.0009,-0.0172,-0.0009,-0.0051,1.2343,-0.012,0.0056,-0.0342,-0.029,-0.01,0.0015,0.5259,0.0035,0.0022,0.0085,0.0235,0.8478,-0.0249,0.0481,0.0019,-0.0266,-0.0327,0.0054,0.008,0.0351,0.0335,0.0509,0.0006,0.0124,0.0236,0.0468,-0.1757,-0.0302,0.0415,0.0128,0.0383,-0.0205,-0.1188,-0.0523
148,5208,108,2,sitting,-0.034,-0.4416,0.0496,0.0028,0.0414,0.0004,0.0293,0.2746,-0.0388,-0.0202,-0.1216,-0.031,-0.0277,-0.1692,-0.0137,-0.003,0.0032,0.0015,-0.0029,0.0241,-0.0105,-0.0005,-0.006,-0.0156,0.0168,-0.0027,0.0293,0.0025,-0.0193,0.0184,-0.0046,0.0283,0.0105,0.0007,-0.0037,-0.0022,0.0249,0.2064,-0.0021,-0.0013,-0.0608,-0.017,-0.0019,-0.0003,0.5608,0.006,-0.0007,-0.017,0.0213,0.8866,-0.0161,0.0567,-0.0083,-0.0017,0.0183,0.0008,-0.0038,-0.0217,-0.0548,0.0395,0.0125,0.0276,0.0172,0.0276,-0.1572,-0.0394,0.039,0.0122,0.0309,0.0451,-0.0743,-0.007
149,5209,108,2,sitting,-0.0125,1.2953,-0.0049,0.0277,-0.0203,0.0032,-0.0363,-0.968,0.0552,-0.0481,0.4473,0.0475,0.0106,0.2297,0.014,0.0028,0.0008,0.0092,0.0242,0.0152,0.0014,-0.0016,-0.0082,-0.0068,0.0052,0.0014,0.025,0.0053,-0.013,0.0182,-0.0035,0.0314,0.0078,0.0018,-0.0121,-0.0002,0.0371,0.3043,0.002,0.0046,0.0082,0.0217,-0.0173,0.0009,0.5272,0.0056,-0.0029,-0.0099,0.0169,0.8845,-0.0191,0.0326,-0.0191,0.0203,0.0236,0.0226,-0.0083,-0.0212,0.0393,0.041,-0.0119,0.0155,0.0355,0.0455,-0.1937,-0.0383,0.0342,0.0196,0.0244,0.0299,-0.1377,-0.0288
150,5210,108,2,sitting,-0.0057,1.0008,-0.0013,0.0321,-0.0149,0.0088,-0.0194,-0.58,0.0359,-0.0451,0.2602,0.0206,0.022,0.8606,-0.0188,0.0097,-0.0073,0.0155,0.0167,0.0123,-0.0042,-0.0025,-0.002,-0.0102,0.0111,-0.0034,0.0334,-0.006,-0.0196,0.0217,-0.0037,0.0301,0.0075,0.0016,-0.013,0.0014,0.0342,0.2688,0.0094,0.026,0.0319,-0.0247,-0.0095,-0.0023,0.5137,0.0045,-0.0048,-0.0069,-0.0112,0.9364,-0.0016,-0.0273,-0.0175,0.0202,-0.0112,0.0157,0.0155,0.0233,0.0361,-0.0446,-0.0092,0.0222,0.0282,0.0257,-0.1778,-0.0384,0.0529,0.0123,0.0293,0.0547,-0.1185,-0.0189
151,5211,108,2,sitting,-0.0006,0.3038,-0.0135,0.0103,-0.0149,-0.021,0.0055,-0.1122,0.0035,-0.0312,0.0531,-0.009,0.0085,1.2241,-0.0178,0.0079,-0.0028,0.024,0.0199,0.0167,-0.0156,0.0063,-0.0012,-0.0112,0.0049,0.0002,0.0308,0.0026,-0.012,0.026,-0.0053,0.0292,0.0097,0.0035,-0.012,0.0002,-0.0328,0.2783,0.0001,-0.0059,0.0184,0.0366,-0.0067,-0.0031,0.4979,-0.0026,0.0023,-0.0038,0.0342,0.9357,0.0253,-0.0379,0.0203,0.0228,-0.0449,0.0391,0.0276,0.0494,0.0358,-0.0381,0.0045,0.0162,0.0191,0.033,-0.1836,-0.047,0.0304,0.016,0.0283,0.0402,-0.1263,-0.0486
152,5212,108,2,sitting,-0.0124,1.3087,-0.0079,0.0413,-0.0206,0.0048,-0.0246,-0.5846,0.0367,-0.0406,0.2632,0.0198,0.025,0.9789,-0.006,0.011,0.0036,0.016,0.0174,0.0159,-0.0059,0.0004,-0.0016,-0.0093,0.0228,0.0033,0.0306,0.0021,-0.0144,0.0294,-0.0004,0.0314,0.0084,0.0038,-0.0136,-0.0003,0.0184,0.2177,-0.0239,0.0159,-0.0083,-0.0343,-0.0134,0.0056,0.5102,0.0086,-0.0037,-0.0048,0.0274,0.9547,-0.0125,-0.049,-0.0109,0.0262,-0.0282,0.0152,0.0388,0.0335,-0.0472,0.045,-0.0114,0.0106,0.0216,0.032,-0.2013,-0.0337,0.0446,0.0033,0.0226,0.0326,-0.1417,-0.0374
153,5213,108,2,sitting,-0.0035,1.2997,-0.0074,0.0318,-0.0159,0.0096,-0.0252,-0.9301,0.0556,-0.0522,0.436,0.041,0.0212,0.3342,-0.0081,0.0006,-0.0181,0.0019,0.0147,0.0132,-0.0004,-0.0055,-0.0017,-0.0067,0.0229,0.0044,0.0285,0.0035,-0.0175,0.0247,-0.0037,0.0308,0.0072,0.0021,-0.0136,0.0005,0.0121,0.3003,-0.0091,0.0166,-0.011,0.0274,-0.0127,-0.0003,0.5419,0.0028,-0.0006,0.0017,0.0205,0.8583,-0.0138,-0.0404,-0.0193,0.0108,0.0263,0.0092,0.0057,-0.0158,-0.0381,-0.0298,-0.0074,0.0232,0.0323,0.034,-0.2015,-0.0433,0.0517,0.0137,0.0274,0.0357,-0.1297,-0.0497
154,5214,108,2,sitting,0.012,0.9719,-0.0115,0.0344,-0.0097,-0.0113,-0.0186,-0.2348,0.0199,-0.0511,0.0851,-0.0171,0.0003,0.9649,-0.0038,0.0108,-0.0088,-0.0039,0.0271,0.0115,-0.0093,0.0055,0.0066,-0.0098,0.0441,-0.002,0.0313,0.0165,-0.0176,0.0283,0.0018,0.0302,0.0074,0.0043,-0.0125,0.0005,-0.0137,0.2793,0.0083,0.0203,0.0165,0.0401,-0.0182,-0.0023,0.4905,0.0016,-0.0066,-0.0059,0.0081,1.1144,-0.0034,-0.042,-0.0252,0.0111,0.0364,0.0179,-0.0278,-0.035,-0.0477,-0.0312,-0.0285,0.0213,0.0386,0.0434,-0.1953,-0.0463,0.0329,0.0265,0.0148,0.0379,-0.1553,-0.0496
155,5215,108,2,sitting,0.0138,-0.5645,0.0099,0.0171,0.0026,-0.011,0.0335,0.4011,-0.0218,-0.012,-0.2029,-0.0458,0.0325,0.1252,-0.0189,0.003,-0.0163,-0.008,0.0156,0.0057,-0.0071,-0.0067,-0.0054,-0.0141,0.0116,-0.0007,0.0288,-0.0101,-0.0236,0.0222,-0.0014,0.0299,0.0072,0.0046,-0.0121,0.002,0.0389,1.334,0.005,0.0259,-0.0249,0.0399,-0.0108,0.004,0.4958,0.0023,-0.0019,-0.0027,0.0363,0.8472,-0.0203,0.0484,0.0014,0.0273,-0.0083,0.0265,-0.0013,0.0147,0.03,-0.031,-0.002,0.0158,0.0301,0.0439,-0.1889,-0.0465,0.0543,0.0153,0.0195,0.0579,-0.1509,-0.0094
156,5216,108,2,sitting,-0.0093,1.2955,-0.0078,0.0331,-0.0189,-0.0017,-0.0376,-1.0519,0.0673,-0.0499,0.4868,0.0556,-0.0045,-0.0834,0.0138,0.0147,-0.0112,-0.0199,0.0237,0.0059,-0.0165,-0.0005,0.0016,-0.0021,0.0151,-0.0018,0.03,0.0054,-0.0136,0.0222,-0.0019,0.0299,0.0076,0.0037,-0.0106,0.0021,0.0368,0.2169,0.0089,0.012,-0.0034,-0.032,-0.0066,0.0013,0.5437,-0.001,-0.0052,-0.0029,-0.0201,0.86,0.0048,0.0426,-0.025,0.0065,-0.0264,0.0282,-0.0214,0.0353,-0.0561,-0.024,0.0035,0.0145,0.0219,0.05,-0.1854,-0.038,0.0473,0.0191,0.0275,0.0402,-0.1364,-0.0399
157,5217,108,2,sitting,0.0078,0.3066,-0.0069,0.014,-0.0093,0.0034,0.0082,0.1347,-0.0091,-0.021,-0.0669,-0.0334,0.0194,1.4423,-0.0123,0.0136,-0.0187,0.0027,0.0106,0.0095,-0.0095,0.0009,-0.0029,-0.0167,0.0282,-0.0056,0.0292,-0.0023,-0.0239,0.0249,-0.0045,0.0289,0.0065,0.0018,-0.0116,0.0027,0.0329,1.156,-0.0055,0.0154,-0.025,0.0318,-0.0095,0.0031,-0.3188,0.0041,-0.0029,-0.0023,0.03,-0.3782,-0.0103,-0.0204,-0.0227,0.0172,-0.026,0.0276,0.005,0.0245,-0.0555,0.0365,0.0062,0.018,0.0145,0.0477,-0.1908,-0.0387,0.0447,0.0198,0.0286,0.0287,-0.1417,-0.0354
158,5218,108,2,sitting,-0.0097,-0.7299,0.0033,0.0136,0.0105,-0.0203,0.0264,0.5614,-0.0357,-0.0066,-0.2671,-0.057,-0.0004,-0.1677,-0.0155,0.0082,-0.0122,0.0018,0.0271,0.0189,-0.0013,-0.0048,0.0025,-0.011,0.0055,0.0047,0.034,0.007,-0.0165,0.019,-0.0021,0.0284,0.0061,0.0024,-0.0141,0.0016,-0.0248,1.2038,0.0037,0.0294,-0.0339,-0.0239,-0.0143,-0.0043,0.5362,0.0028,-0.0009,-0.0085,-0.0173,0.8466,0.0125,0.0217,-0.0124,-0.0034,-0.0307,0.0088,-0.0259,0.0223,-0.0312,-0.0554,0.014,0.0232,0.0213,0.0412,-0.1878,-0.0421,0.0473,0.009,0.0378,0.0383,-0.1432,-0.0324
159,5219,108,2,sitting,-0.0026,1.3138,-0.0094,0.0372,-0.0187,0.0055,-0.0345,-1.0608,0.0652,-0.0535,0.4898,0.0575,0.02,-0.0679,-0.0064,0.0191,-0.0147,0.0177,0.022,0.0159,-0.0038,0.0006,0.0018,-0.0081,0.0154,0.0009,0.03,-0.0043,-0.0235,0.0275,-0.0025,0.0294,0.0082,0.0002,-0.0136,0.0008,0.0165,0.2736,-0.0103,0.0129,0.0252,0.0084,-0.0152,-0.0016,0.5437,0.0071,-0.0058,-0.0068,-0.0244,0.8461,0.0093,-0.048,-0.0109,0.0284,0.0456,0.0311,-0.0334,-0.0368,0.0216,0.0553,-0.0112,0.0182,0.0209,0.0398,-0.1938,-0.0415,0.0431,0.0118,0.0269,0.0404,-0.1316,-0.0383
160,5220,108,2,sitting,-0.0038,0.2933,-0.0067,0.0214,-0.0133,-0.0078,0.0206,0.9609,-0.0524,0.0018,-0.45,-0.0729,0.037,1.4618,0.0051,0.0163,-0.0185,0.0198,0.014,0.0084,0.0007,-0.0006,0.0009,-0.0153,0.0108,0.0027,0.0334,-0.0046,-0.0175,0.0257,-0.0011,0.0298,0.0092,0.0031,-0.012,0.0013,0.0264,2.0798,0.0248,0.0328,-0.0229,0.0032,-0.009,-0.0025,-0.3147,0.004,-0.0061,0.004,-0.0301,2.0853,0.0091,-0.0272,-0.0118,0.0346,-0.0094,-0.0012,0.0391,-0.0288,0.0416,-0.0564,0.0044,0.0234,0.0311,0.0558,-0.1893,-0.0385,0.0427,0.0365,0.04,0.0359,-0.169,-0.048
161,5221,108,2,sitting,-0.0048,1.2954,-0.0059,0.038,-0.0207,0.0085,-0.0364,-1.0501,0.0643,-0.048,0.489,0.0529,0.0277,-0.0098,-0.0018,0.0028,-0.0065,0.0139,0.0123,0.017,-0.0071,-0.0027,-0.0006,-0.0115,0.0109,-0.0057,0.0336,0.0039,-0.0206,0.0242,-0.0032,0.0308,0.0086,0.0036,-0.014,0.0017,0.0344,0.3012,0.007,-0.0002,-0.0235,-0.0078,-0.0161,0.0023,0.5295,0.0015,-0.003,-0.0135,0.0229,0.8697,-0.0286,0.0252,-0.0264,0.0205,0.0415,0.0152,0.0198,-0.0292,-0.06,0.0494,-0.0016,0.0223,0.0214,0.0429,-0.1905,-0.0374,0.0328,0.0186,0.0187,0.0197,-0.1207,-0.0279
162,5222,108,2,sitting,-0.0096,0.3088,0.0063,0.024,-0.0159,0.0087,0.0119,-0.1608,0.0133,-0.0342,0.0699,-0.0109,0.0149,1.1591,-0.0206,0.0032,0.0026,0.0291,0.0212,0.0126,-0.0166,-0.0014,-0.0003,-0.0048,0.0194,0.0062,0.0304,-0.0032,-0.011,0.0266,-0.0056,0.0279,0.0074,0.0023,-0.0183,0.0025,0.0289,1.0384,0.014,0.005,-0.0446,0.0326,-0.0161,-0.0035,-0.3188,-0.0024,-0.0061,0.0049,-0.0361,-0.9238,-0.0232,0.0583,-0.0052,0.0424,-0.0173,0.0256,0.0035,0.031,0.0434,0.0498,0.0151,0.016,0.0223,0.0459,-0.2008,-0.0333,0.052,0.0175,0.0374,0.0058,-0.1697,-0.0403
163,5223,108,2,sitting,-0.0141,1.3015,-0.0036,0.0417,-0.0168,0.0009,-0.0272,-0.9421,0.0566,-0.0458,0.4377,0.0469,0.0064,0.3142,-0.0123,0.005,0.0067,0.009,0.0288,0.0074,-0.0082,-0.004,-0.0014,-0.0029,0.0204,0.0003,0.0303,0.0115,-0.0107,0.0249,-0.0005,0.0312,0.0071,0.0022,-0.0134,0.0034,0.0256,0.3009,0.006,0.0236,0.0172,-0.0221,-0.0076,-0.0016,0.5326,-0.0021,-0.0045,-0.0116,0.0151,0.8778,-0.0294,-0.0409,-0.0345,0.0159,0.018,0.0269,0.019,0.0216,-0.0511,0.0375,-0.0148,0.0203,0.0353,0.0526,-0.2018,-0.0432,0.0365,0.0089,0.0276,0.0325,-0.1297,-0.0441
164,5224,108,2,sitting,-0.0041,0.2933,0.0029,0.0124,-0.0148,-0.0105,-0.0057,-0.16,0.0092,-0.0285,0.0678,-0.0032,0.0164,1.1551,-0.0183,-0.0002,-0.0202,0.013,0.0119,0.0173,-0.0046,0.0016,0.007,-0.0087,0.0166,0.006,0.0296,0.0079,-0.0046,0.0213,-0.0041,0.031,0.0087,0.0046,-0.0153,-0.0025,0.0306,1.0558,0.027,0.0198,-0.0242,-0.0221,-0.01,-0.0037,-0.3181,0.0035,-0.0036,0.0025,-0.0366,-0.9207,0.0268,-0.044,0.0091,0.0405,0.0253,-0.0067,-0.009,-0.0233,0.0564,0.0334,0.0045,0.025,0.0235,0.0491,-0.1953,-0.0345,0.051,0.025,0.0419,0.0389,-0.1572,-0.0484
165,5225,108,2,sitting,-0.0034,1.3178,-0.0075,0.0289,-0.0166,0.0053,-0.0184,-0.5911,0.0338,-0.0428,0.2671,0.0214,0.0222,0.9252,-0.0008,0.0068,0.0026,0.0119,0.0206,0.0141,-0.0049,-0.0019,-0.0044,-0.0084,0.0114,0.0009,0.0307,0.0092,-0.012,0.0234,-0.0034,0.0279,0.008,0.0027,-0.0136,0.001,0.0106,0.244,-0.0084,-0.0049,-0.0199,0.0155,-0.0122,0.0028,0.4978,0.0052,0.0021,-0.0054,-0.0255,1.0939,0.0128,-0.0514,-0.0264,-0.0027,0.0441,0.0351,-0.0468,0.0013,0.0313,-0.057,-0.003,0.0213,0.0224,0.0364,-0.1894,-0.0396,0.0386,0.0156,0.009,0.0303,-0.1356,-0.0371
166,5226,108,2,sitting,-0.0084,0.3183,-0.0045,0.0233,-0.0123,-0.0096,-0.0019,-0.1549,0.0061,-0.0325,0.0695,-0.0034,0.0075,1.3172,-0.0028,0.0133,-0.0223,0.0147,0.0244,0.0217,-0.005,0.0001,-0.0029,-0.0112,0.0193,-0.0024,0.0267,0.0036,-0.015,0.0243,-0.003,0.0302,0.0103,0.0023,-0.0132,-0.0014,0.0331,0.2813,0.0167,0.0179,0.0273,-0.0089,-0.0116,0.0012,0.5414,0.0012,-0.0033,-0.0022,-0.028,0.772,0.0075,-0.0372,-0.0257,0.0209,-0.0005,0.0137,-0.0117,-0.0071,0.0184,-0.0445,-0.0096,0.0146,0.0293,0.0317,-0.1955,-0.0348,0.0388,0.0222,0.0368,0.053,-0.1378,-0.0471
167,5227,108,2,sitting,-0.0039,1.3008,-0.0073,0.0353,-0.0195,0.0016,-0.0247,-0.939,0.0539,-0.0498,0.4346,0.0459,0.0121,0.3078,-0.0047,0.0008,-0.015,0.0217,0.0148,0.0056,0.0027,-0.0006,0.0004,-0.0116,0.0068,-0.0005,0.0306,0.0062,-0.0184,0.0224,-0.003,0.0285,0.0097,0.0031,-0.0117,-0.0003,0.0178,0.2745,0.0169,0.0238,-0.003,-0.027,-0.0088,0.0001,0.5364,-0.0001,0.0012,-0.0034,-0.0139,0.8797,0.0103,0.0413,-0.0045,0.0004,-0.0259,0.0081,0.0203,0.0086,0.0336,0.0326,-0.0151,0.0168,0.031,0.043,-0.2023,-0.0384,0.034,0.0063,0.0245,0.0398,-0.1305,-0.0448
168,5228,108,2,sitting,-0.0079,1.0006,-0.0034,0.0315,-0.0157,-0.0052,-0.0263,-0.5834,0.0375,-0.0412,0.2647,0.0223,0.0083,0.7885,0.0069,0.0142,-0.0181,0.0203,0.0129,0.0138,-0.0101,0.0013,-0.0099,-0.0049,0.0178,-0.0024,0.0323,0.0013,-0.0166,0.0254,-0.0027,0.0296,0.0112,0.0022,-0.0122,-0.0009,0.0212,0.273,0.0068,-0.0125,0.0015,-0.035,-0.0152,-0.0022,0.5276,0.0076,-0.0069,-0.0076,-0.0361,0.8602,0.0044,-0.0427,0.0007,0.0308,0.047,0.028,-0.0276,-0.0249,-0.0541,-0.0559,0.0094,0.023,0.0196,0.0467,-0.1902,-0.0449,0.0528,0.0336,0.034,0.0642,-0.1314,-0.0008
169,5229,108,2,sitting,-0.0096,-0.5834,0.0055,0.0107,-0.0003,-0.0189,0.0333,0.4298,-0.0281,-0.0034,-0.2053,-0.0492,-0.0047,0.104,-0.0073,0.0149,-0.001,0.002,0.0163,0.0132,0.008,0.0064,0.0011,-0.0154,0.0176,0.0057,0.0309,0.0027,-0.0124,0.025,-0.0015,0.0312,0.0072,0.0004,-0.0164,0.0013,0.0328,1.2135,-0.0028,0.0231,-0.0386,-0.0245,-0.014,0.0022,0.5423,0.0053,-0.0007,-0.0072,-0.0226,0.7348,-0.0074,-0.0444,0.011,0.008,-0.0205,0.0133,0.0083,0.0192,-0.0279,0.045,-0.0015,0.0225,0.0261,0.048,-0.1859,-0.0379,0.051,0.0126,0.0205,0.0369,-0.1355,-0.0345
170,5230,108,2,sitting,-0.0083,1.2959,-0.0047,0.0314,-0.0165,-0.0016,-0.0252,-0.9418,0.0548,-0.049,0.4363,0.0457,0.0238,0.3212,0.0025,0.0009,-0.0137,0.0053,0.0223,0.0077,0.0062,0.003,-0.0025,-0.0123,0.01,0.0008,0.0285,-0.0026,-0.0158,0.0198,-0.0011,0.032,0.0069,0.0046,-0.0146,0.0005,0.0278,0.2947,-0.0092,0.0294,0.0419,0.0242,-0.0111,-0.0011,0.5428,0.0012,-0.0036,-0.0112,-0.0219,0.8488,-0.0086,0.034,-0.0364,0.0378,0.0269,0.0062,0.0002,-0.0083,-0.0512,0.0208,-0.0304,0.0191,0.0454,0.0336,-0.2004,-0.0487,0.003,0.017,0.0289,0.0462,-0.1317,-0.0403
171,5231,108,2,sitting,0.0045,1.3174,-0.0053,0.0248,-0.0234,0.0066,-0.0223,-0.9301,0.0556,-0.05,0.4355,0.0441,0.0079,0.3644,-0.0019,0.0066,-0.011,0.0152,0.0183,0.017,-0.0003,0.0027,0.0049,-0.0071,0.0033,-0.0013,0.0277,0.0007,-0.0103,0.0141,-0.0038,0.0301,0.0087,0.0031,-0.0129,0.0009,-0.0064,-0.2958,-0.0083,0.0205,0.013,0.0211,-0.0143,0.0016,0.5813,0.0018,-0.0038,-0.0078,0.0166,0.6784,-0.0092,-0.0582,-0.0181,0.0127,-0.0047,0.0263,-0.0283,0.0363,0.04,0.041,-0.0054,0.0126,0.0228,0.0393,-0.1736,-0.0297,0.0372,0.0186,0.0197,0.0475,-0.131,-0.0258
172,5232,108,2,sitting,-0.0073,0.3107,-0.0018,0.023,-0.0136,-0.0039,-0.011,-0.5688,0.0354,-0.0347,0.2587,0.0186,0.0206,0.3724,-0.0152,0.0063,-0.0103,0.0085,0.0226,0.0095,-0.0024,-0.0005,-0.0033,-0.0041,0.0109,0.001,0.025,-0.0054,-0.0167,0.0197,-0.0002,0.03,0.0097,0.0024,-0.014,-0.0015,-0.0121,2.0321,-0.0213,0.0086,0.0009,0.0387,-0.0158,-0.0042,-0.2649,-0.0012,-0.0049,-0.0079,-0.0312,-1.0956,0.0332,0.0296,-0.008,0.0178,-0.0066,0.0265,-0.0245,0.0192,0.0276,0.0452,-0.0048,0.0192,0.0164,0.0235,-0.1955,-0.028,0.0424,-0.0095,0.0214,0.0468,-0.1254,0.0112
173,5233,108,2,sitting,-0.0078,0.2945,-0.0057,0.0242,-0.0136,-0.0069,0.0084,0.1546,-0.0129,-0.0229,-0.0717,-0.0333,-0.0019,1.3709,0.0025,0.0104,0.0046,0.0191,0.0256,0.021,0.0003,0.0039,-0.0114,-0.0098,0.0115,-0.0054,0.0317,-0.0103,-0.027,0.0158,-0.006,0.0289,0.008,0.0049,-0.0147,-0.002,-0.0202,1.1861,0.0067,0.0184,-0.0294,0.0384,-0.0069,0.0015,-0.3049,0.0057,0.006,0.0039,-0.0302,-0.9052,0.0261,0.0167,-0.0064,-0.001,0.0453,0.0177,-0.0405,-0.0328,-0.0505,-0.0465,0.0052,0.0203,0.0218,0.0556,-0.1964,-0.0394,0.037,0.0132,0.0342,0.0279,-0.1299,-0.022
174,5234,108,2,sitting,-0.0088,1.2595,-0.0092,0.0351,-0.0176,0.0048,-0.024,-0.5862,0.038,-0.0449,0.2692,0.0224,0.0075,0.9024,-0.0062,0.0056,-0.01,0.02,0.0186,0.0147,-0.001,-0.0027,0.0039,-0.0068,0.0191,0.0022,0.03,0.0006,-0.012,0.0232,-0.0026,0.0285,0.0068,0.0001,-0.0117,-0.0036,0.0258,0.2614,-0.0054,0.013,0.0273,0.0219,-0.0159,0.0027,0.5433,0.0043,-0.0037,-0.0055,-0.003,0.865,-0.0264,0.0324,0.0033,0.0437,0.0364,0.0298,-0.0192,-0.0168,-0.0459,0.0483,-0.0129,0.0164,0.0334,0.041,-0.1914,-0.0374,0.0424,0.0212,0.0392,0.0349,-0.1317,-0.0327
175,5235,108,2,sitting,-0.0026,-0.5379,0.0014,0.0111,-0.0002,-0.0215,0.0172,0.2938,-0.0146,-0.0165,-0.1353,-0.0433,0.0222,0.1063,-0.0094,0.0109,-0.0205,-0.0051,0.0274,0.0136,-0.0012,0.0041,-0.0072,-0.0089,0.0161,0.0027,0.0317,-0.0025,-0.0039,0.0189,-0.0047,0.0309,0.0061,0.0056,-0.0135,0.0013,0.0283,1.2132,0.0085,0.0158,-0.0466,0.0344,-0.0074,0.0006,0.5318,0.0025,0.0014,-0.0053,0.0049,0.8526,0.0032,0.0402,-0.0167,0.012,-0.0117,-0.0065,0.0265,-0.0073,-0.0194,0.0253,-0.0118,0.0292,0.0243,0.047,-0.1872,-0.036,0.0534,0.0105,0.0235,0.045,-0.1362,-0.0186
176,5236,108,2,sitting,-0.0117,-0.5645,0.0138,-0.0062,0.0013,-0.0219,0.0206,0.372,-0.0226,-0.0169,-0.1637,-0.0511,-0.0004,0.1092,-0.0142,0.0185,-0.027,-0.0044,0.0194,0.009,0.001,0.0073,-0.0051,-0.0023,0.0099,0.0085,0.0283,0.0101,-0.0002,0.0196,-0.0035,0.0314,0.0081,0.0065,-0.0123,0.0003,-0.0159,1.2033,0.0176,0.0083,-0.0424,0.0305,-0.0102,-0.0052,0.5283,0.0046,-0.0063,0.0062,-0.0235,0.8142,-0.013,0.0508,-0.0291,0.0258,0.0379,0.0342,-0.0329,-0.0354,-0.0437,0.0263,0.0094,0.0206,0.0133,0.0303,-0.1958,-0.0475,0.0458,0.0215,0.023,0.0387,-0.1398,-0.0276
177,5237,108,3,standing,-0.0106,-0.561,0.0052,-0.0048,0.0035,-0.0238,0.0189,0.2797,-0.0081,-0.0221,-0.1328,-0.0347,0.0336,0.2173,-0.0151,0.0063,-0.0147,0.0028,0.0278,0.0094,0.0076,0.0049,-0.0169,-0.021,0.0243,-0.0114,0.0195,-0.0172,-0.0295,0.026,-0.0044,0.0303,0.0074,0.0003,-0.0125,-0.0019,-0.0034,0.7237,-0.0139,0.0329,0.0492,0.0386,-0.0179,-0.0003,0.5455,-0.0024,-0.0016,-0.0104,-0.0145,0.8148,-0.0074,-0.0465,0.0029,-0.0281,0.0102,-0.02,0.0195,-0.0256,-0.0503,0.0439,-0.057,0.0056,0.0551,0.0423,-0.2265,-0.0641,0.0519,0.0127,0.0314,0.0479,-0.1094,-0.0364
178,5238,108,3,standing,-0.0029,-0.6496,0.0112,-0.0098,-0.0065,-0.0237,0.017,0.4255,-0.0223,-0.0133,-0.1975,-0.0455,0.0073,-0.1621,0.0142,-0.0107,-0.0129,-0.0083,0.0212,0.0182,-0.0013,-0.006,-0.0032,-0.0154,0.026,0.0085,0.0252,0.0004,-0.0075,0.029,-0.0048,0.0328,0.0052,0.0018,-0.0169,-0.0015,0.0342,0.2958,0.0311,0.0098,0.0275,-0.0241,-0.0187,0.0024,0.5745,0.0061,-0.0062,-0.0104,0.0155,0.7156,-0.0199,0.0609,-0.0204,-0.0016,0.0285,0.02,-0.0203,0.0033,-0.0411,-0.0331,-0.0393,0.0401,0.036,0.0508,-0.2044,-0.0548,0.0476,0.0445,0.0147,0.0382,-0.1313,0.0015
179,5239,108,3,standing,-0.0068,-0.5926,0.0036,0.0157,-0.007,-0.0202,0.0225,0.3903,-0.0239,-0.0091,-0.1849,-0.0435,0.0324,0.0886,0.0029,0.0175,0.0106,0.0168,0.0134,0.0193,-0.0017,-0.0129,-0.0117,-0.0089,0.0181,0.0054,0.0275,-0.0008,-0.0043,0.02,-0.0026,0.0299,0.0094,0.0021,-0.0145,0.0005,0.0365,0.3139,0.0108,0.0332,0.0359,0.0441,-0.0091,-0.0034,0.581,-0.0051,-0.0009,-0.0052,-0.019,0.6666,-0.0246,0.0219,-0.0304,0.0283,-0.0346,0.0198,0.0427,0.0383,0.0451,0.0374,-0.0413,0.0147,0.0494,-0.0483,-0.2014,-0.0405,0.0048,0.0254,0.0184,0.0473,-0.0939,0.0012
180,5240,108,3,standing,-0.0038,-0.6335,0.0064,0.0146,0.0007,-0.0179,0.0235,0.4409,-0.026,-0.01,-0.2144,-0.0514,-0.0276,0.0598,-0.0046,-0.012,-0.009,0.0161,0.0322,0.0307,-0.0139,0.0017,0.008,-0.0225,0.0194,-0.0056,0.0285,-0.0064,-0.0205,0.0348,-0.0063,0.0311,0.0083,0.002,-0.0118,0.0001,0.015,0.329,0.0125,0.0213,-0.0061,0.0292,-0.0072,0.0016,0.5716,-0.0001,0.0021,-0.0023,-0.0124,0.7086,0.0069,-0.0425,-0.0185,0.0103,0.0081,0.015,-0.0257,0.0096,0.0466,-0.0483,0.037,0.0242,0.0125,0.0496,-0.2057,-0.0584,0.0605,0.0223,0.0365,0.0556,-0.0954,-0.0447
181,5241,108,3,standing,-0.0165,-0.5904,0.0097,-0.0035,0.0013,-0.0358,0.0209,0.4118,-0.0256,-0.0174,-0.1975,-0.0445,0.0047,0.0925,0.0111,-0.0002,0.0271,-0.0022,0.0325,-0.0087,0.0194,-0.0234,-0.0039,-0.0212,0.0243,-0.0059,0.0282,-0.015,-0.0144,0.0372,0.0021,0.0275,0.0071,0.0043,-0.0129,0.0062,0.0318,-0.2636,0.0188,0.0133,0.0395,-0.03,-0.0109,0.0016,0.5798,0.0051,0.001,0.0066,-0.0086,0.7076,-0.0196,0.0425,-0.0187,0.0225,0.0383,0.0331,-0.0222,0.0043,0.0453,-0.0467,0.0293,0.0262,0.0195,0.0478,-0.189,0.0001,0.0485,0.0342,0.0094,0.0572,-0.12,0.0133
182,5242,108,3,standing,-0.0114,-0.5605,0.0016,-0.0186,0.0028,-0.0307,0.0243,0.3549,-0.0235,-0.0165,-0.1694,-0.0403,-0.0074,0.2192,0.004,0.0066,-0.0086,-0.0193,-0.0031,-0.0276,-0.0177,0.0104,-0.0136,0.0061,0.0125,0.0049,0.0346,0.0045,-0.0096,0.0333,-0.0033,0.0267,0.0062,0.0063,-0.0095,0.0004,-0.0032,1.2044,0.0059,0.0284,-0.0454,0.0153,-0.0202,-0.0093,0.5406,0.0077,-0.0109,-0.0081,-0.0225,0.7284,-0.01,0.0465,0.025,0.0213,-0.0355,0.029,0.0159,0.0384,-0.0565,-0.0543,-0.0399,-0.0056,0.0439,-0.0323,-0.1966,0.055,0.0505,-0.0146,-0.0316,0.0413,-0.1329,0.0137
183,5243,108,3,standing,-0.0055,-0.5674,0.0036,-0.0086,-0.0077,-0.0308,0.0199,0.3873,-0.0266,-0.0135,-0.1811,-0.0491,-0.016,0.1305,-0.0231,0.0172,-0.0102,0.0201,0.0348,0.0253,-0.0044,-0.0036,0.0118,-0.0221,0.0123,0.009,0.0361,-0.0026,-0.0136,0.0351,-0.0033,0.0325,0.0144,0.0063,-0.0125,0.0014,0.0383,0.3542,0.0287,-0.021,0.0332,0.0425,-0.0152,-0.0005,0.5718,-0.0016,-0.0032,-0.0136,0.0089,0.699,0.0243,0.0538,-0.027,-0.0072,0.0187,0.0391,-0.0226,0.0216,-0.0602,-0.0559,0.0294,0.0375,0.0035,0.0417,-0.2238,-0.0549,0.0434,0.0279,0.0157,0.0638,-0.1383,-0.0318
184,5244,108,3,standing,-0.01,-0.5806,0.0119,0.0013,-0.0159,-0.0237,0.0247,0.39,-0.0232,-0.0149,-0.1754,-0.0427,0.0138,0.134,-0.0072,0.0256,0.0064,0.0044,0.0083,0.0223,-0.005,0.0035,-0.0029,-0.0214,0.0189,-0.0023,0.0294,-0.0104,-0.0309,0.0266,-0.0021,0.0346,0.0035,0.0005,-0.0161,0.0001,-0.0279,0.3425,0.0193,0.028,0.0124,-0.0203,-0.0178,0.0023,0.5823,0.0009,-0.007,0.0002,0.009,0.6773,0.0031,-0.0369,0.0027,0.0352,-0.0132,0.0321,0.0074,0.041,0.0481,0.0507,-0.0392,0.0134,0.0338,0.0476,-0.1913,-0.0604,0.0387,0.0373,0.0315,0.0628,-0.1323,-0.0565
185,5245,108,3,standing,-0.0006,-0.6518,0.0104,-0.0054,0.0065,-0.0259,0.0227,0.3949,-0.0192,-0.0163,-0.1821,-0.0474,-0.0177,-0.13,-0.0039,-0.0132,-0.0154,0.0028,0.0273,0.0214,-0.0014,0.0072,-0.011,-0.0184,0.0142,0.0043,0.0292,-0.0081,-0.0126,0.0206,-0.0093,0.0302,0.0086,0.0047,-0.0133,-0.0021,0.0286,0.2687,0.0065,0.0192,-0.0246,-0.0007,-0.0151,0.0058,0.572,0.0024,-0.0042,-0.0088,0.0116,0.717,-0.0118,0.0233,0.0041,0.0085,-0.0139,0.0128,0.0162,-0.0015,-0.0377,0.0401,0.0315,0.0182,0.0165,0.0522,-0.1877,-0.0435,0.0266,-0.0053,0.0248,0.0456,-0.1144,-0.0382
186,5246,108,3,standing,-0.0029,-0.6516,0.0003,-0.0085,0.0018,-0.0278,0.0237,0.393,-0.0204,-0.0135,-0.1773,-0.0442,-0.0215,-0.1624,-0.0229,0.0093,-0.0198,0.025,0.0249,0.0144,0.0053,-0.0075,-0.0165,-0.0113,0.0138,0.0086,0.0286,-0.0039,-0.0189,0.034,-0.002,0.0306,0.0068,0.0009,-0.0123,0.0014,0.04,0.2631,-0.0175,0.0315,0.0,,,,,,,,,,,,,,,,,,,,,,,,,,,,,,,
187,5247,108,3,standing,-0.0026,-0.5809,0.0007,-0.0083,0.0016,-0.0296,0.0118,0.3022,-0.0183,-0.0163,-0.1369,-0.0465,-0.0205,0.1504,-0.0096,0.0068,-0.0075,0.0036,0.015,0.0275,-0.0059,-0.0043,-0.0103,-0.0115,0.0099,-0.0024,0.0247,-0.0133,-0.0268,0.0235,-0.0035,0.0292,0.012,0.0046,-0.011,0.0013,-0.0216,1.3344,-0.022,0.0302,-0.045,0.0172,-0.0196,0.0031,0.5316,0.0034,-0.0081,-0.0093,0.0289,0.729,-0.009,0.0576,0.0255,0.031,-0.0115,0.0149,-0.015,-0.0003,-0.0383,-0.0326,0.0373,0.0356,0.0044,0.0432,-0.2045,-0.0642,0.0556,-0.0168,0.0429,0.0348,-0.1286,-0.0532
188,5248,108,3,standing,-0.0121,-0.5615,0.0078,-0.0084,-0.0191,-0.0359,0.0177,0.3409,-0.0166,-0.014,-0.1634,-0.0415,-0.028,0.1505,-0.0003,0.0136,-0.0093,0.0033,0.0218,0.005,-0.0183,-0.0021,-0.0052,-0.0105,0.0205,0.0025,0.034,0.0002,-0.0229,0.0259,0.001,0.0335,0.0043,0.0013,-0.0148,0.0062,0.0446,1.8419,-0.0043,-0.0002,-0.0456,-0.0277,-0.015,0.002,0.534,0.0056,-0.0065,-0.0008,0.0119,0.7129,-0.0105,-0.0306,-0.0137,0.0006,0.0407,-0.0085,-0.0232,-0.0209,0.0561,-0.0395,0.05,0.0294,-0.0244,-0.0375,-0.2019,-0.0591,0.0547,0.0139,0.0324,0.0552,-0.0938,-0.0384
189,5249,108,3,standing,-0.0015,-0.6495,0.0067,-0.0058,0.0046,-0.0232,0.0144,0.3926,-0.0226,-0.01,-0.1806,-0.047,-0.0087,-0.134,-0.0174,0.0093,-0.0139,0.0263,0.0324,-0.0079,-0.0186,-0.0029,-0.0114,-0.0204,0.0191,0.0012,0.0334,0.0038,-0.0163,0.0227,-0.0025,0.0288,0.0093,0.0074,-0.0155,0.0015,0.0455,0.3177,0.0303,-0.0128,0.0279,0.0366,-0.0079,-0.003,0.5787,0.0004,0.0038,-0.0111,-0.0316,0.6844,0.0052,0.038,-0.0212,0.0117,0.01,-0.0049,-0.0093,-0.0257,-0.0379,0.0356,-0.0342,0.0403,0.0295,0.0468,-0.2167,-0.0513,-0.0446,0.0246,0.0017,-0.0556,-0.0953,-0.0394
190,5250,108,3,standing,0.0008,-0.5615,0.0116,0.0089,-0.0077,-0.0232,0.0131,0.309,-0.015,-0.0199,-0.1528,-0.0347,0.003,0.135,0.0102,0.0015,-0.0044,-0.0054,0.0164,0.022,0.001,-0.006,-0.0033,-0.0091,0.02,0.0074,0.0366,-0.0066,-0.0085,0.0269,-0.0024,0.0313,0.0124,0.0057,-0.0114,0.0018,0.0274,1.2043,0.0252,0.0089,-0.0213,-0.0286,-0.0148,0.0026,0.549,0.0055,-0.0012,0.0042,0.0052,0.7158,0.024,0.0451,-0.0303,0.0089,0.0392,0.0209,0.0084,-0.0415,-0.0506,-0.0376,-0.0583,0.043,0.057,0.0328,-0.2023,-0.0385,0.0516,0.0187,0.0465,0.0565,-0.0882,-0.0641
191,5251,108,3,standing,-0.0054,0.0277,-0.0043,-0.0009,-0.0088,-0.0161,0.0038,0.0151,-0.005,-0.0185,-0.009,-0.0303,0.0121,0.977,-0.0027,0.0229,-0.0061,-0.0116,0.0281,0.0243,0.0147,0.001,0.0008,-0.0132,0.0072,-0.0005,0.023,-0.0126,-0.0198,0.0172,-0.0109,0.0315,0.0062,-0.0004,-0.0176,0.0032,-0.0048,1.3725,0.009,0.021,0.0025,-0.0253,-0.015,0.0026,0.497,0.009,-0.0081,-0.0079,-0.0024,0.8697,-0.0013,0.0348,0.0022,0.0116,0.036,-0.0054,-0.0359,-0.0416,0.0405,0.0385,-0.0436,0.0186,0.0295,0.0485,-0.1977,-0.0612,0.0499,0.01,0.0395,0.0467,-0.1294,-0.0424
192,5252,108,3,standing,-0.0172,-0.0029,0.0141,0.0162,0.0113,-0.0002,0.0293,0.0152,-0.0089,-0.0132,-0.0145,-0.0199,0.0148,0.0009,0.0108,0.0055,-0.0217,-0.0078,0.0379,-0.0112,0.0168,-0.0097,0.003,-0.0204,0.0089,-0.0048,0.0323,-0.0124,-0.0076,0.0164,-0.0086,0.0289,0.0106,0.0031,-0.0119,0.0014,0.0381,1.3421,-0.0132,0.0279,0.0353,0.0557,-0.0108,-0.0021,0.4955,0.0008,-0.0065,-0.0108,0.0295,0.8702,-0.0312,0.0366,-0.0081,0.0391,0.008,0.0448,-0.041,0.0535,-0.0404,0.0425,-0.0572,0.003,0.0542,0.0466,-0.225,-0.0613,0.0473,0.007,0.0203,0.0623,-0.0973,-0.0457
193,5253,108,3,standing,0.0149,-0.5817,-0.0064,0.0136,0.0008,-0.0213,0.0109,0.3018,-0.0076,-0.0194,-0.1499,-0.0313,0.0205,0.0923,0.0176,-0.012,0.0024,0.0164,0.0256,0.0299,0.0057,0.0113,-0.0096,-0.0042,-0.0034,0.0058,0.0284,-0.006,-0.0246,0.002,-0.0113,0.0263,0.0031,0.0094,-0.0088,-0.0024,0.0346,1.4209,0.0225,-0.0012,-0.0492,0.0277,-0.0136,0.0007,0.5293,0.0038,0.0015,-0.0128,-0.0091,0.7167,0.0233,-0.0584,-0.0137,0.0368,0.0401,0.0271,-0.0433,0.0329,0.0183,-0.039,0.0153,0.0213,0.0303,0.0356,-0.1843,-0.0489,0.0503,0.0428,0.0217,0.0373,-0.088,-0.0526
194,5254,108,3,standing,-0.0021,-0.648,0.0089,-0.0005,-0.0017,-0.032,0.0093,0.3519,-0.0172,-0.0119,-0.1696,-0.0425,-0.0214,-0.1625,0.01,-0.018,-0.0145,-0.0056,0.0127,0.0132,0.0039,0.0062,0.0044,-0.0139,0.0076,-0.0064,0.0346,-0.0094,-0.0152,0.022,-0.004,0.0314,0.0055,0.0056,-0.0166,0.0027,0.0264,0.3554,-0.0203,-0.0236,-0.0454,0.0354,-0.0148,-0.0022,0.5708,0.0033,-0.0051,-0.0062,-0.0245,0.7287,-0.008,0.0523,0.0076,0.0385,0.0139,0.0363,-0.0434,0.0419,-0.029,0.0406,0.0332,0.0273,0.0023,0.0259,-0.1985,-0.0495,0.0585,0.0286,0.0122,0.0484,-0.0944,-0.0549
195,5255,108,3,standing,-0.0121,-0.648,-0.0039,0.0117,0.0025,-0.0204,0.0168,0.3919,-0.0199,-0.0096,-0.1861,-0.0364,-0.0276,-0.084,-0.0013,0.0101,-0.0071,0.0239,0.0228,0.0216,0.0159,0.0082,-0.0073,-0.0044,0.0295,0.0058,0.0332,-0.0132,-0.014,0.035,-0.0062,0.0289,0.0022,0.0007,-0.0176,-0.003,0.0349,0.3354,0.0131,0.0245,0.0391,-0.0052,-0.0101,-0.0004,0.5739,-0.0032,-0.0021,-0.0181,0.0013,0.7159,-0.0264,-0.0484,-0.0252,0.0311,-0.03,-0.0074,0.032,0.0063,-0.0589,-0.0478,0.0402,0.0257,0.0123,-0.0439,-0.1902,-0.0554,-0.0387,-0.0079,0.0256,-0.0532,-0.1326,-0.0429
196,5256,108,3,standing,0.0168,-0.5804,0.0056,-0.0157,-0.0035,-0.0389,0.0272,0.3726,-0.0256,-0.0128,-0.1752,-0.0488,0.0307,0.1061,-0.0114,-0.0198,-0.0104,0.006,0.0189,0.0209,-0.0044,-0.0149,-0.0071,-0.0116,0.0014,-0.0025,0.0311,-0.0004,-0.0163,0.024,-0.0099,0.0281,0.0026,0.0005,-0.0134,-0.0082,-0.0048,0.4941,0.0172,-0.0049,-0.0221,0.0412,-0.0119,-0.005,0.5818,0.0002,-0.0024,0.0002,0.0214,0.6836,-0.008,0.0293,-0.0075,-0.0026,0.0344,0.0127,-0.0379,-0.0147,0.0366,0.0558,0.0072,0.0359,0.0204,0.0499,-0.1976,-0.0539,0.0428,0.0182,0.0206,0.0336,-0.0972,-0.0451
197,5257,108,3,standing,-0.0419,-0.4696,-0.008,-0.0066,-0.0203,-0.0525,0.0085,0.401,-0.0235,-0.0144,-0.1879,-0.0425,-0.0279,0.0831,0.0094,0.0224,-0.0179,0.0213,0.029,0.0209,0.003,0.0079,0.006,-0.0162,0.0159,0.0062,0.0358,0.0104,-0.0131,0.031,-0.0018,0.0286,0.0052,0.0116,-0.0104,-0.0008,0.026,0.2936,-0.0093,0.024,0.0385,0.0376,-0.0172,-0.0003,0.5712,0.0018,-0.0082,-0.0042,0.0186,0.7088,-0.0038,0.0495,-0.0052,-0.0094,0.0341,0.0203,0.001,-0.0259,-0.0562,0.0334,-0.0329,0.0159,0.0367,0.0588,-0.2013,-0.0481,0.0397,0.0072,0.028,0.0548,-0.1389,0.0013
198,5258,108,3,standing,-0.0034,-0.5815,0.0005,0.002,0.0047,-0.0188,0.0079,0.2902,-0.0144,-0.0156,-0.1322,-0.043,0.0238,0.1162,-0.0068,-0.0116,-0.0246,-0.0164,0.01,0.021,-0.0193,-0.0089,-0.0007,-0.0174,0.0228,0.0013,0.0355,-0.005,-0.0099,0.0279,0.0047,0.0309,0.0055,0.006,-0.0125,0.0019,0.0253,1.3878,-0.0139,-0.0025,-0.0369,0.0331,-0.0137,0.0036,0.5374,0.0046,-0.0005,0.0027,-0.0291,0.7332,-0.0005,-0.0488,-0.0131,0.026,0.0289,-0.0061,0.0146,-0.0388,-0.0516,0.0559,-0.0532,0.0064,0.0392,0.0322,-0.1986,-0.0647,0.0459,-0.0034,0.0373,0.0427,-0.1188,-0.0449
199,5259,108,3,standing,-0.0077,-0.5866,0.0068,-0.0007,-0.004,-0.0248,0.0219,0.3355,-0.0166,-0.0133,-0.1618,-0.0385,0.003,0.1154,0.0016,0.01,0.0128,0.022,0.0325,0.027,0.0089,-0.0024,-0.0072,-0.0169,0.0203,-0.0053,0.0288,-0.015,-0.0178,0.0312,-0.0115,0.0359,0.0098,0.0053,-0.018,0.0024,0.0346,1.4029,-0.0038,0.0362,-0.0257,-0.0141,-0.0111,-0.0013,0.5262,0.0063,-0.0028,-0.0051,-0.0141,0.7173,-0.0064,0.0524,0.0069,0.0235,0.0268,0.0309,-0.0393,0.0116,-0.046,0.0444,0.0292,0.0193,0.0146,0.0337,-0.2047,-0.0488,0.0458,0.0154,0.0184,0.0534,-0.1383,-0.0403
200,5260,108,3,standing,-0.0164,-0.5906,0.0091,-0.0068,-0.0051,-0.0279,0.0121,0.3766,-0.0244,-0.013,-0.1798,-0.0448,0.0234,0.1184,0.0035,-0.0191,-0.017,-0.0009,0.014,0.0113,0.0088,0.0107,-0.0053,-0.0068,0.0214,-0.0022,0.0378,-0.0019,-0.0239,0.029,0.0043,0.0289,0.0056,0.0031,-0.0205,0.0015,-0.026,0.3174,-0.0255,0.0308,-0.038,0.0324,-0.0129,-0.0025,0.5685,-0.0011,-0.0058,-0.0017,-0.0155,0.7118,-0.0185,-0.0458,-0.0188,0.0146,0.034,-0.0076,0.0077,-0.0315,-0.0515,0.0436,0.022,0.0122,0.028,-0.0023,-0.201,-0.0532,0.0607,-0.008,0.0309,-0.0037,-0.0985,-0.0359
201,5261,108,3,standing,-0.0079,-0.5946,0.0097,0.011,-0.0138,-0.0179,0.008,0.318,-0.0193,-0.0122,-0.1484,-0.0385,-0.0042,0.0939,0.0106,-0.0014,-0.0026,0.023,0.0167,0.0149,-0.0054,-0.0035,0.0071,-0.0108,0.0215,-0.0011,0.0255,-0.0033,-0.0245,0.0283,-0.0002,0.0267,0.0087,0.006,-0.0152,0.0058,0.0368,0.2741,0.0095,0.0295,0.0186,0.0376,-0.0149,-0.0023,0.574,0.0003,-0.0017,-0.0135,0.03,0.7157,-0.0338,-0.0225,-0.0451,0.0313,0.0341,-0.0053,0.012,-0.0272,-0.0496,-0.0506,-0.0205,0.0225,0.046,0.0403,-0.1842,-0.056,0.0394,0.0224,0.0426,0.052,-0.0886,-0.0552
202,5262,108,3,standing,-0.0084,0.0368,0.0006,0.0027,-0.0075,-0.0139,0.0098,-0.0018,-0.0036,-0.0273,0.0071,-0.0284,0.0062,0.9653,-0.0172,0.0192,-0.0155,0.016,0.0203,-0.0121,-0.0049,0.001,-0.0018,-0.0105,-0.0056,0.0013,0.0263,-0.0034,-0.0181,0.0116,-0.0073,0.0256,0.0148,0.004,-0.0149,-0.0002,0.0401,1.1549,-0.0072,0.0078,-0.0302,0.0352,-0.012,-0.0062,0.5384,-0.0038,-0.0039,-0.0017,-0.021,0.7178,-0.0074,0.0315,-0.0055,0.0222,0.024,-0.0003,-0.001,-0.0239,-0.0471,-0.0506,-0.0344,0.0095,0.0374,0.0448,-0.2014,-0.0467,0.052,-0.0009,0.0329,0.0297,-0.1266,-0.0586
203,5263,108,3,standing,-0.0105,-0.6519,0.0027,0.0054,-0.0072,-0.0199,0.0308,0.42,-0.0253,-0.0064,-0.2044,-0.0496,0.0335,-0.1317,-0.011,0.0048,-0.0126,-0.0037,0.0285,0.0235,-0.0082,-0.0018,0.0088,-0.0246,0.0168,0.0142,0.0267,0.0059,-0.015,0.0325,-0.0004,0.0292,0.0098,0.0081,-0.013,0.0001,-0.0203,0.3357,0.0219,0.0228,0.0442,-0.0049,-0.0174,-0.0051,0.5738,0.0036,-0.0093,-0.0098,0.014,0.7252,0.0036,-0.0374,-0.0095,0.0185,0.0389,0.0409,-0.046,-0.0311,-0.0504,0.0355,0.0276,0.0303,0.021,0.0412,-0.1987,-0.0584,-0.0363,0.042,0.0223,0.0393,-0.0932,-0.0563
204,5264,108,3,standing,-0.0091,-0.6484,0.0078,-0.0039,-0.0065,-0.0316,0.0227,0.4284,-0.0259,-0.0139,-0.2048,-0.0457,0.0285,-0.1171,0.0026,-0.018,0.0112,-0.0236,0.0108,0.0146,-0.0059,-0.0083,-0.0032,-0.0172,0.0248,0.0042,0.0323,0.0007,-0.0199,0.0206,-0.0019,0.0311,0.0101,0.0001,-0.0154,0.0024,0.0271,0.2624,0.0102,0.0068,-0.0296,-0.0126,-0.0128,-0.0036,0.584,-0.0024,-0.0018,-0.0038,-0.0088,0.6845,-0.015,0.0587,0.0163,0.0118,-0.0028,-0.0033,-0.0216,-0.0087,0.0509,-0.0355,0.0265,0.03,0.0231,-0.044,-0.184,-0.0566,0.0476,0.0365,0.0378,0.0339,-0.0843,-0.0514
205,5265,108,3,standing,0.0041,-0.5807,0.0074,-0.0018,-0.0009,-0.03,0.0221,0.304,-0.0183,-0.0203,-0.1466,-0.0426,0.0027,0.1346,-0.0133,0.0234,0.0113,-0.0141,0.0095,0.028,0.0068,-0.008,-0.0065,-0.0154,0.0214,0.0056,0.0269,0.0089,-0.012,0.0226,0.0034,0.0346,0.0092,0.0073,-0.0163,0.0042,0.0377,0.749,0.0108,0.0331,-0.0434,-0.0323,-0.0153,-0.0051,0.5765,0.0032,-0.0033,0.0012,0.017,0.6627,-0.0271,-0.0508,0.0066,0.0193,-0.0364,0.0403,-0.0104,0.0319,0.0484,-0.0559,0.0466,0.0273,-0.0038,0.0297,-0.1956,-0.0671,0.0616,0.0354,0.0446,0.0417,-0.0958,-0.0387
206,5266,108,3,standing,-0.0064,-0.5935,0.0157,-0.0106,-0.0009,-0.0349,0.0164,0.3295,-0.0206,-0.0171,-0.1564,-0.0374,-0.0091,0.111,-0.0191,-0.0058,0.0143,-0.012,0.0286,0.0263,-0.0113,0.0044,-0.0028,0.0076,-0.0058,-0.0022,0.0309,-0.0099,-0.0229,0.0135,-0.0034,0.0305,0.0055,0.008,-0.0064,-0.0019,0.0245,0.2934,0.0273,0.0336,0.0389,0.0553,-0.0105,-0.0032,0.5752,-0.0005,-0.0063,-0.0125,0.0043,0.6627,-0.01,-0.0422,-0.0111,0.0296,0.0354,0.0232,-0.021,0.0095,-0.0184,-0.0589,-0.0545,0.0133,0.0466,0.0486,-0.2347,-0.0702,-0.0419,0.0408,0.0316,0.0056,-0.1433,-0.0537
207,5267,108,3,standing,-0.0148,-0.5976,0.0068,0.0014,0.0009,-0.0226,0.0116,0.391,-0.0202,-0.0102,-0.1865,-0.0458,-0.03,0.1147,-0.0023,0.0252,-0.0031,0.0194,0.0137,0.0085,0.0094,0.0019,-0.0074,-0.0159,0.0052,0.0042,0.0311,0.0073,-0.0165,0.0125,-0.0019,0.0302,0.006,0.007,-0.0187,0.0022,0.027,0.329,0.0171,0.0359,0.0348,0.024,-0.0115,0.0051,0.5757,0.0017,0.0037,-0.0064,0.0266,0.6616,-0.0126,0.0589,-0.021,0.0372,-0.01,-0.0237,0.0328,-0.0409,-0.0443,0.0576,-0.0539,0.0292,0.0413,0.0482,-0.2164,-0.0386,0.0284,0.0204,0.0423,0.0473,-0.1295,-0.0505
208,5268,108,3,standing,-0.0016,-0.5784,0.0134,0.016,-0.0001,-0.0219,0.0007,0.2797,-0.0178,-0.0149,-0.1276,-0.0327,0.003,0.1365,0.0024,-0.0119,-0.0186,0.0221,0.0134,0.0209,0.007,0.0024,-0.0122,-0.0074,0.0216,0.0039,0.0337,0.0024,-0.0179,0.0289,-0.005,0.0312,0.0081,0.0024,-0.0133,0.0031,0.0198,1.453,0.0139,0.0233,0.0093,0.023,-0.0199,-0.0063,0.0,-0.0018,-0.001,-0.0134,0.029,0.7166,0.0032,0.0501,-0.0277,0.0269,0.0386,0.028,-0.0308,-0.027,0.0455,-0.0375,-0.0446,0.0162,0.0415,0.0609,-0.1949,0.0033,0.0345,0.0163,0.0212,0.0524,-0.1267,-0.0482
209,5269,108,3,standing,-0.0031,-0.5937,0.0088,-0.0056,-0.0022,-0.032,0.0276,0.3678,-0.0186,-0.0191,-0.1707,-0.0485,0.0289,0.1065,-0.0049,-0.0062,0.0001,0.0243,0.03,0.0078,0.0132,-0.0161,-0.0093,-0.0071,0.0011,-0.003,0.034,-0.015,-0.0207,0.0245,-0.0064,0.0291,0.0127,0.0013,-0.0121,-0.0008,-0.0079,0.3556,0.0258,0.0369,-0.0026,0.0115,-0.0095,-0.0023,0.5713,-0.0007,-0.0026,0.0032,-0.0149,0.7296,-0.009,0.0525,0.0234,0.0102,0.0216,0.0081,-0.0166,-0.0159,-0.0454,0.049,-0.0416,0.0269,0.0511,-0.0376,-0.2233,-0.057,0.0352,0.033,0.0207,0.0438,-0.1383,-0.0229
210,5270,108,3,standing,-0.0076,-0.5807,0.0024,0.0095,-0.0034,-0.0232,0.0188,0.3173,-0.0249,-0.0124,-0.1502,-0.0443,-0.0089,0.1142,-0.0214,0.0222,0.0134,-0.0054,0.0149,-0.0041,-0.0002,0.0013,-0.0166,-0.0207,0.0339,0.0001,0.0294,-0.0061,-0.026,0.0364,-0.0012,0.0272,0.0103,0.0045,-0.015,0.0031,0.011,0.3362,0.0195,0.0061,-0.0257,-0.0287,-0.0123,-0.0036,0.5737,-0.0061,-0.0018,0.0012,-0.0038,0.6617,-0.01,-0.0542,-0.0175,0.0042,-0.0314,0.0321,-0.0027,0.0303,-0.0462,-0.0519,0.0495,0.0252,-0.009,-0.0372,-0.2014,0.0061,0.0422,0.0413,0.0208,-0.0012,-0.1023,-0.0347
211,5271,108,3,standing,-0.0038,-0.5869,0.0004,0.0015,-0.0087,-0.0222,0.0201,0.3071,-0.016,-0.0189,-0.1422,-0.0362,-0.0274,0.1154,-0.0042,-0.0057,0.0154,0.0252,0.0288,0.0213,0.0034,-0.0094,0.0122,-0.0068,0.0303,-0.0023,0.0376,-0.0073,-0.0316,0.0268,-0.0067,0.0329,0.0145,0.0033,-0.0132,0.0017,-0.0056,0.7739,0.0102,0.0201,0.0421,0.0441,-0.0116,-0.0016,0.5616,0.0009,-0.0004,-0.004,0.0194,0.6839,-0.014,-0.0579,-0.0082,0.0029,0.0241,0.0143,-0.0235,-0.0078,0.0387,0.0177,-0.0409,0.0219,0.0459,0.034,-0.2228,-0.0657,-0.0358,0.0331,0.0293,0.0465,-0.0978,-0.0491
212,5272,108,3,standing,-0.0164,1.6008,-0.0217,-0.0109,-0.0265,-0.0342,-0.0095,-0.9774,0.0565,-0.0512,0.46,0.0491,0.0049,0.1832,-0.0058,0.0027,0.018,-0.0084,-0.0003,0.02,-0.007,0.0113,0.0016,-0.0066,0.0276,-0.0122,0.0249,0.0033,-0.0154,0.0234,-0.0134,0.0228,0.0032,0.0001,-0.0198,0.0046,0.0304,0.2018,0.0055,0.0135,-0.0325,-0.0176,-0.0076,0.004,0.582,0.0035,0.0038,-0.0064,-0.0146,0.6668,0.0064,0.04,-0.0333,-0.0005,0.0132,0.0037,0.0155,0.0094,0.0508,0.0483,0.0439,-0.0087,0.0055,0.0522,-0.2077,0.0446,0.0296,0.0356,-0.0255,-0.0392,-0.1204,-0.038
213,5273,108,3,standing,-0.0106,2.0208,-0.0177,0.0448,-0.0309,0.0121,0.0234,0.7698,-0.0475,-0.0042,-0.3618,-0.0666,-0.0227,1.7088,-0.0062,-0.0027,0.013,-0.0149,-0.0018,0.011,-0.0039,0.0005,-0.0051,-0.0078,0.0213,0.0006,0.0364,0.0089,-0.0055,0.0194,-0.0058,0.0324,0.0098,0.0026,-0.0127,-0.0021,0.0266,-0.3771,-0.0165,0.0271,0.0466,-0.015,-0.0186,-0.0024,0.5673,0.0046,-0.0057,-0.0134,-0.0241,0.7337,0.0065,0.0286,0.0027,-0.014,0.0349,0.0252,-0.0335,-0.0036,-0.0488,-0.058,-0.0431,0.0031,0.0379,0.0414,-0.2375,-0.0566,-0.0035,0.0134,0.0354,0.0319,-0.1251,-0.0383
214,5274,108,3,standing,-0.0167,-0.5945,0.0136,-0.0038,0.0024,-0.0309,0.0253,0.4016,-0.017,-0.0126,-0.1876,-0.0489,0.0349,0.1141,-0.004,-0.0062,-0.0211,-0.022,0.0188,0.015,-0.0195,0.0076,-0.0022,-0.0093,0.0054,-0.0103,0.0322,-0.0081,-0.0278,0.0266,-0.001,0.0292,0.0008,0.0116,-0.014,0.0034,0.04,0.2686,0.0109,0.0233,0.0379,-0.035,-0.0176,0.0048,0.5817,0.001,-0.0039,0.0085,-0.024,0.677,-0.0089,-0.0506,-0.0165,0.0067,0.0395,0.0185,-0.0245,0.0008,-0.0494,-0.0454,-0.0286,0.0155,0.0463,0.0389,-0.2016,-0.0647,0.0012,0.0166,0.0336,0.0204,-0.1077,-0.0449
215,5275,108,3,standing,-0.004,-0.0249,-0.0041,-0.0082,-0.0242,-0.0283,0.0151,-0.0506,-0.0079,-0.0282,0.0158,-0.0075,0.0091,0.9405,-0.0254,0.0063,-0.0208,-0.0098,0.0208,0.0122,-0.0023,-0.0054,-0.0056,-0.0234,0.0172,-0.0042,0.0175,0.0045,-0.0205,0.0191,0.0007,0.0315,0.0055,-0.0044,-0.0,-0.0013,0.0373,1.3404,-0.0185,-0.0278,-0.0447,-0.0347,-0.0109,-0.0029,0.4864,0.0034,-0.0049,0.0014,0.0292,0.8488,-0.0318,0.0421,0.0016,0.0389,-0.0252,0.0353,-0.0403,0.0516,-0.0434,-0.0459,-0.0286,0.0045,0.023,0.0522,-0.2042,-0.0392,0.0419,0.0214,0.0369,-0.0023,-0.1196,-0.0497
216,5276,108,3,standing,-0.0045,0.0008,0.0007,0.0088,-0.0079,-0.0161,0.0181,0.0027,-0.0052,-0.0263,-0.0145,-0.0197,-0.0118,0.93,0.0212,-0.0015,-0.0033,-0.0102,0.0315,0.017,-0.0124,-0.015,-0.009,-0.0285,0.0061,0.0041,0.0339,-0.0063,-0.0256,0.0291,-0.0071,0.0306,0.0126,0.0044,-0.0134,0.0029,0.0206,3.1538,-0.0247,0.0239,-0.071,-0.0495,-0.0088,-0.003,0.4859,-0.0014,0.0024,-0.0012,-0.0226,0.8469,0.0124,0.0535,0.0276,0.0327,-0.0197,0.0067,-0.0006,0.012,0.0415,-0.0387,0.0401,0.0342,0.0164,0.0506,-0.2127,-0.0513,0.0704,-0.0075,0.055,-0.0455,-0.0948,-0.035
217,5277,108,3,standing,-0.0111,-0.5934,-0.0009,0.0067,0.0145,-0.0158,0.016,0.3728,-0.0228,-0.0098,-0.1793,-0.0395,-0.0124,0.1137,0.0194,-0.0137,0.0053,-0.0034,0.0216,0.0256,-0.0081,-0.0023,-0.0048,-0.0078,0.0081,0.0023,0.0286,-0.0063,-0.0166,0.0209,-0.0019,0.0279,0.0046,0.005,-0.0133,0.0005,-0.0036,0.3403,-0.0185,0.0305,0.0248,0.0426,-0.0172,0.0065,0.5743,0.0073,0.002,-0.0102,-0.0293,0.7095,0.0059,0.0323,-0.0405,-0.0056,0.0488,0.0233,-0.0448,-0.0352,0.0338,0.0455,-0.0366,0.0007,0.0266,0.0577,-0.1908,-0.0553,-0.0044,0.0047,0.0305,-0.0036,-0.0881,-0.05
218,5278,108,3,standing,-0.0017,-0.5825,0.0036,0.0149,-0.0098,-0.0242,0.0108,0.3129,-0.0166,-0.0111,-0.1456,-0.0438,0.0056,0.1064,-0.0065,0.0048,-0.0025,0.0156,0.0299,0.0073,-0.021,0.0063,-0.0015,-0.008,0.0235,-0.0008,0.0324,0.0009,-0.0267,0.0229,-0.0052,0.0313,0.0049,0.0033,-0.0139,0.0021,0.0257,0.3409,0.028,0.0359,0.0411,0.0205,-0.012,-0.003,0.5699,0.003,-0.0071,-0.0066,0.017,0.726,-0.0106,-0.0527,-0.0184,0.0169,0.0378,0.0199,-0.0277,-0.0192,-0.0341,0.0548,0.0366,0.0154,0.0136,-0.0516,-0.1972,-0.057,-0.0454,0.0402,0.0335,-0.0496,-0.1269,-0.0475
219,5279,108,3,standing,-0.0017,-0.5961,0.0064,0.0108,0.0035,-0.0228,0.017,0.3079,-0.0203,-0.0138,-0.1416,-0.0462,-0.0025,0.0823,-0.0092,-0.0181,0.0055,-0.0283,0.015,-0.016,-0.0243,-0.0058,-0.0191,-0.0121,0.0073,-0.0066,0.03,-0.0081,-0.0251,0.0212,-0.0029,0.0315,0.0041,0.0007,-0.0142,-0.0022,0.029,0.344,0.0273,0.0067,0.003,-0.0265,-0.0115,-0.0021,0.5696,0.0001,-0.0043,-0.0003,-0.0111,0.7497,0.0037,-0.0526,-0.0236,-0.0062,0.0365,0.0349,-0.038,-0.0162,-0.0399,-0.0606,-0.0541,0.0404,0.0472,0.0566,-0.1969,-0.068,0.0423,0.0351,0.0324,0.0446,-0.1253,-0.053
220,5280,108,3,standing,-0.0026,-0.5605,0.0064,0.0121,-0.0037,-0.0221,0.0219,-0.0014,-0.0048,-0.0293,0.0097,-0.0373,-0.0156,-0.438,-0.0183,-0.0236,-0.0134,0.0118,0.0346,0.008,-0.0103,0.0004,-0.0204,-0.0279,0.0269,-0.017,0.0287,-0.0244,-0.0306,0.0257,-0.0162,0.0358,0.006,-0.0057,-0.0116,-0.0056,0.0408,1.4027,-0.0118,0.0199,-0.0314,-0.0076,-0.0081,0.0015,0.5346,0.0039,0.0008,-0.0026,-0.0211,0.8462,-0.005,0.0428,-0.0042,-0.0092,-0.007,0.0001,-0.0124,0.0156,-0.0431,-0.049,0.055,0.033,0.0028,-0.0524,-0.1966,-0.0626,-0.0323,0.0383,0.0143,-0.0462,-0.0948,-0.0396
221,5281,108,3,standing,-0.0054,-0.5938,0.0067,0.0049,-0.0096,-0.0161,0.0256,0.3724,-0.024,-0.0181,-0.1716,-0.0446,0.0028,0.109,0.0121,0.0135,-0.0009,0.0269,0.0293,0.011,0.0062,-0.0038,-0.0026,-0.0203,0.0302,-0.0051,0.037,-0.008,-0.0273,0.0413,-0.0073,0.0288,0.0067,0.0042,-0.0157,0.0014,0.0455,1.1264,0.0146,0.0211,-0.0338,0.04,-0.0139,-0.0056,0.5453,-0.0106,-0.0063,-0.0176,0.0195,0.7344,-0.0089,-0.0506,-0.0118,0.0216,0.0384,0.0326,-0.0312,-0.0152,0.0491,-0.054,0.0346,0.0352,0.0167,0.0603,-0.1947,-0.0478,0.0484,-0.0018,0.0235,-0.0064,-0.1345,-0.0516
222,5282,108,3,standing,0.0139,-0.649,0.0164,-0.0176,0.0038,-0.0316,0.0157,0.3909,-0.0283,-0.0118,-0.1854,-0.0423,0.0227,-0.1191,-0.0194,-0.006,0.0084,-0.0205,0.029,0.0186,0.0144,-0.005,-0.004,-0.0244,0.026,0.0098,0.0275,-0.0018,-0.0116,0.0237,-0.0025,0.0304,0.0007,0.0063,-0.0127,0.0006,0.0321,0.3293,0.0376,0.0102,-0.007,0.0256,-0.0068,0.0003,0.5868,0.0051,0.0041,0.0003,-0.0338,0.6831,-0.0219,-0.0511,-0.0118,-0.0077,0.0436,0.0131,-0.0355,-0.04,-0.0502,-0.0659,-0.0589,0.0415,0.0482,0.0493,-0.2169,-0.0673,0.0475,0.0389,0.0369,0.0537,-0.1183,-0.0641
223,5283,108,3,standing,-0.0167,-0.5825,0.0004,-0.0038,-0.0132,-0.0349,0.0146,0.3187,-0.0221,-0.0131,-0.1519,-0.0402,0.0365,0.1133,-0.0101,-0.0018,-0.0194,0.0184,0.0172,0.0043,-0.0045,-0.0046,-0.006,-0.0102,0.0153,-0.0099,0.0353,0.0115,-0.005,0.0243,-0.0086,0.0309,0.012,0.0023,-0.0124,0.0021,-0.0016,0.3787,0.0056,0.0206,0.0389,0.0287,-0.0108,-0.0013,0.5776,-0.0021,-0.0073,0.0071,0.0005,0.6615,-0.0272,-0.0572,0.0118,0.0312,0.0217,-0.0004,0.0298,0.0007,0.0545,-0.0425,-0.0238,0.0262,0.0375,-0.0414,-0.2166,-0.0462,-0.0257,-0.0076,0.0338,-0.0399,-0.1303,-0.0488
224,5284,108,3,standing,-0.0091,-0.5603,0.0085,-0.0157,0.0008,-0.0346,0.0131,0.2534,-0.0176,-0.0162,-0.125,-0.0293,0.003,0.2273,0.0055,-0.0066,-0.0258,0.0202,0.0193,0.014,-0.0016,0.0016,-0.0033,0.0129,-0.004,-0.0022,0.0245,-0.0009,-0.0235,0.0184,-0.0075,0.0339,0.004,0.0041,-0.011,0.0007,0.0364,1.4593,-0.0016,-0.0015,-0.0402,-0.0275,-0.0166,0.0034,0.5324,0.0102,0.0002,0.0086,-0.0105,0.8479,0.0309,-0.0489,-0.0216,0.0228,0.0357,0.039,-0.0312,0.0013,0.0608,-0.028,0.0267,0.0115,0.0074,0.0413,-0.1772,-0.0544,0.038,0.0162,0.0187,-0.0075,-0.0871,-0.0434
225,5285,108,3,standing,-0.0084,-0.5617,0.0122,0.0066,-0.0058,-0.0168,-0.0032,0.247,-0.0048,-0.0239,-0.1256,-0.0268,-0.0386,0.1353,0.0102,0.0246,-0.021,-0.0009,0.0115,0.0015,0.0147,-0.0193,-0.0159,-0.007,0.025,0.0026,0.0326,-0.013,-0.0189,0.0286,-0.003,0.0276,0.0097,-0.0023,-0.0175,0.0003,0.0307,1.4385,0.0225,0.0079,-0.0498,-0.0206,-0.011,0.0022,0.5103,0.0052,-0.0013,-0.011,0.0155,0.8472,-0.0295,-0.0583,-0.0396,0.0406,-0.0084,0.0348,0.0157,0.0464,-0.0503,-0.0604,0.0451,0.0304,0.0054,0.0538,-0.1867,-0.054,0.0524,0.0312,0.0377,0.0639,-0.1204,-0.0356
226,5286,108,3,standing,-0.0049,0.0034,0.0009,-0.0075,-0.0108,-0.0266,-0.0122,-0.6006,0.0399,-0.0453,0.2763,0.025,-0.0146,0.4252,-0.0206,0.0064,0.018,0.0225,0.0234,0.0014,0.0131,0.0051,-0.0023,-0.0118,-0.0026,0.0098,0.029,-0.0034,-0.0081,0.0192,0.0045,0.0284,0.0079,0.0025,-0.0156,0.0075,-0.0004,2.0385,0.0212,0.033,-0.032,-0.042,-0.0172,0.006,0.4978,0.0025,-0.0009,0.0028,-0.027,0.8658,-0.0102,-0.0448,-0.01,0.0245,0.0344,0.0064,-0.0163,0.0119,0.0539,-0.0493,0.0368,0.0402,0.0017,-0.0519,-0.1887,-0.0552,0.0375,0.0461,0.0478,0.0636,-0.1193,-0.0588
227,5287,108,3,standing,-0.0148,-0.5605,0.0086,0.0019,-0.0166,-0.0201,0.0184,0.3043,-0.0139,-0.0098,-0.1446,-0.0362,-0.0009,0.139,-0.0057,0.0042,-0.0039,-0.0129,0.0158,0.0251,-0.0023,0.0066,-0.0101,-0.0116,0.0071,0.0002,0.0296,-0.0007,-0.0184,0.0213,-0.0081,0.0276,0.0083,0.006,-0.0115,0.0042,0.0354,1.3773,0.0049,0.0193,-0.0343,-0.0261,-0.0141,0.0058,0.5371,0.011,0.0013,0.0025,0.0065,0.8357,0.0089,-0.0547,0.0066,0.0387,0.0179,-0.0232,0.0329,-0.0301,-0.0395,-0.0583,-0.0285,0.0331,0.0277,0.0508,-0.1832,-0.0554,0.0497,0.0314,0.0228,0.0473,-0.097,-0.0448
228,5288,108,3,standing,-0.0104,-0.5862,-0.0026,-0.0079,-0.0126,-0.0228,0.0067,0.3874,-0.0242,-0.0124,-0.1768,-0.0515,0.0134,0.1357,0.0033,-0.0112,0.0092,-0.0144,0.0289,0.0014,0.004,-0.0182,-0.0053,-0.0156,0.026,-0.0063,0.0294,-0.0026,-0.0199,0.0232,-0.0095,0.0271,0.0101,0.0008,-0.0165,-0.008,0.0415,1.5077,-0.0252,0.0309,-0.0426,-0.0436,-0.0168,-0.0068,0.5339,-0.0057,-0.0064,-0.0091,-0.0204,0.7236,-0.017,0.04,-0.0132,0.034,0.0385,-0.0012,-0.009,-0.0196,-0.0457,0.0465,0.0369,0.0064,-0.0095,-0.0216,-0.1879,-0.0536,0.0374,-0.0057,0.0227,0.0324,-0.0888,-0.0314
229,5289,108,3,standing,-0.0067,-0.581,0.0076,0.01,0.0018,-0.0248,0.0143,0.2932,-0.0163,-0.0119,-0.1308,-0.0434,-0.0237,0.1425,-0.0184,0.009,-0.0057,-0.0172,0.0229,0.0122,0.0032,-0.0008,-0.0041,-0.011,0.0131,0.0029,0.029,-0.0049,-0.025,0.0208,-0.0029,0.0305,0.0056,0.0008,-0.0156,-0.0035,0.0085,1.4287,-0.0099,0.0194,-0.0465,-0.0266,-0.0096,-0.0022,0.5436,0.0035,-0.0042,-0.005,-0.021,0.7237,0.0058,0.0537,-0.0118,0.0037,-0.0068,0.003,0.0054,-0.0099,-0.042,0.0515,-0.0319,0.0322,0.0352,0.027,-0.1872,-0.0382,0.0502,-0.0058,0.0453,0.0365,-0.1189,-0.0573
230,5290,108,3,standing,0.0004,-0.5899,0.014,0.0278,0.0145,-0.0046,0.0094,0.5274,-0.0203,-0.0111,-0.2444,-0.0454,0.0157,0.058,0.0026,-0.0123,-0.0223,0.029,0.0247,0.0237,0.0085,-0.0079,-0.0038,-0.0333,0.0283,-0.0025,0.0266,-0.0105,-0.0205,0.0239,-0.0029,0.03,0.0065,0.0015,-0.0121,0.0045,0.0209,1.3152,-0.008,-0.0171,-0.0523,-0.0309,-0.0099,0.0071,0.5412,0.0101,0.0021,-0.0107,0.0245,0.7149,-0.0203,-0.0489,-0.0198,0.0303,0.04,-0.0132,0.0053,-0.0377,-0.0634,-0.0719,-0.0558,0.0218,0.0363,0.0589,-0.1852,-0.05,0.043,0.0235,0.0219,0.0449,-0.0867,0.0079
231,5291,108,3,standing,-0.0009,-0.5807,0.0125,0.008,0.0056,-0.0251,0.0205,0.3047,-0.0096,-0.0216,-0.135,-0.04,-0.0388,0.1422,0.0078,0.0112,-0.0016,-0.006,0.0307,0.0147,-0.0195,0.0185,0.0044,-0.0133,0.0152,0.0031,0.0347,-0.0089,-0.0236,0.022,0.0009,0.0322,0.0107,0.0025,-0.0164,0.0027,0.0317,2.1021,-0.0172,0.0426,-0.0249,-0.0332,-0.0152,-0.0016,0.5288,-0.0022,-0.0027,-0.0064,-0.0263,0.7122,0.0008,-0.0506,-0.0272,0.0366,-0.0355,0.0395,0.0036,0.0296,-0.0285,-0.051,0.0569,0.0456,0.0141,-0.0446,-0.189,-0.0492,0.0375,0.011,0.0418,0.0549,-0.1252,-0.0461
232,5292,108,3,standing,0.0144,-0.6589,-0.0007,0.015,0.0136,-0.0228,-0.0021,0.3291,-0.019,-0.0201,-0.1533,-0.0368,0.0063,-0.1605,-0.0095,0.0232,-0.0084,-0.011,-0.0106,-0.001,0.0032,0.0216,-0.0066,0.0179,0.0306,0.0073,0.0286,0.0126,-0.0032,0.0316,-0.0064,0.0259,0.0103,0.0044,-0.0182,0.0014,-0.0292,1.2055,-0.0163,0.035,0.0389,-0.0403,-0.0055,0.002,0.5413,-0.0025,-0.0027,0.0029,0.0068,0.7496,0.0116,-0.026,0.0054,-0.0124,0.002,0.0133,-0.013,0.0279,-0.0586,-0.06,0.0372,0.0069,0.0058,0.0333,-0.1985,0.0324,0.054,-0.0196,0.024,0.0599,-0.1383,-0.0445
233,5293,108,3,standing,-0.0019,-0.6586,0.0077,0.0064,0.0008,-0.0198,0.0169,0.4245,-0.0215,-0.01,-0.2014,-0.0423,-0.0287,-0.0943,-0.0088,-0.0029,0.0115,-0.0235,0.0255,0.0036,0.0095,-0.0065,-0.0013,-0.0184,0.0221,0.0048,0.0317,0.012,-0.0131,0.0247,-0.0018,0.0302,0.0059,0.0041,-0.0149,0.0015,0.0178,-0.1916,0.0169,0.0382,0.032,0.0434,-0.0102,-0.005,0.5837,0.0004,-0.0034,-0.0019,-0.0186,0.728,0.0032,0.0273,0.0033,-0.0126,-0.0078,-0.0149,0.0082,-0.0147,0.0349,-0.0364,-0.0456,0.016,0.035,0.0397,-0.2023,-0.0497,0.0207,0.0298,0.0256,0.037,-0.1099,-0.0269
234,5294,108,3,standing,-0.0091,-0.6589,0.0161,-0.0086,-0.005,-0.0326,0.0137,0.3948,-0.0128,-0.0154,-0.1868,-0.0458,0.028,-0.1203,-0.0146,0.0217,-0.0048,0.0012,0.026,0.0208,-0.0112,0.0082,-0.0064,-0.019,0.0178,0.0003,0.0361,-0.0078,-0.011,0.027,-0.0028,0.0309,0.0065,-0.0034,-0.0186,-0.0018,0.0352,0.3548,0.0298,0.0391,0.0342,-0.0405,-0.0162,-0.0042,0.5784,0.0105,-0.0062,-0.0009,0.0101,0.707,-0.0098,0.0603,-0.0226,-0.0009,0.0384,0.0316,-0.0488,-0.0004,-0.0246,0.0567,0.0238,0.0228,0.021,-0.0522,-0.1846,-0.0621,0.0432,0.0257,0.0374,0.0507,-0.0976,-0.0467
235,5295,108,3,standing,-0.0121,0.5807,0.0044,-0.0098,-0.0244,-0.0262,-0.0005,-0.9245,0.0601,-0.045,0.4329,0.0485,0.0033,-0.2599,-0.0088,0.0178,0.022,-0.0211,0.0146,0.0016,-0.0066,0.0029,0.0106,-0.005,0.0251,0.0195,0.0274,0.0291,-0.0026,0.0303,-0.0063,0.0324,0.0162,-0.0076,-0.017,-0.0012,0.033,2.0239,0.008,0.0036,-0.0562,0.0289,-0.0156,0.001,0.5306,0.0086,-0.0023,-0.0014,0.0135,0.735,0.0106,0.0186,-0.0134,0.0312,-0.0101,0.0349,-0.0157,-0.0096,-0.0401,-0.0425,0.02,0.025,0.0116,0.0509,-0.1914,0.0379,0.0653,-0.0084,0.0478,-0.0009,-0.1093,-0.0493
236,5296,108,3,standing,-0.0024,-0.5948,0.0072,-0.0055,-0.0019,-0.0264,0.0125,0.3509,-0.022,-0.0145,-0.1595,-0.042,0.0164,0.0796,-0.0139,-0.0094,-0.0116,0.0007,0.0248,0.0194,-0.0101,-0.0069,-0.0041,-0.0179,0.0082,0.0031,0.0276,-0.0063,-0.0212,0.0205,-0.004,0.0305,0.0088,0.0047,-0.0163,0.0011,0.0298,0.2816,0.0089,-0.0123,-0.0334,0.031,-0.0093,0.0014,0.5805,0.0043,0.0022,-0.0035,-0.0086,0.6637,-0.0089,-0.0512,-0.0252,-0.0235,0.0155,-0.0129,-0.0083,-0.0354,0.044,-0.0329,0.0283,0.0233,0.0141,0.049,-0.1852,-0.0472,0.0379,0.0385,0.0103,0.0413,-0.1312,-0.0457
237,5297,108,3,standing,0.0138,-0.6516,-0.0065,-0.0119,-0.0145,-0.0361,0.0106,0.3875,-0.0276,-0.0085,-0.1848,-0.0457,0.0238,-0.1314,-0.0022,0.0037,-0.0002,0.0076,0.0219,0.0046,-0.0053,-0.0077,-0.0011,-0.0094,0.0249,0.0123,0.0422,0.02,0.0198,0.0437,-0.0104,0.034,0.0071,0.0009,-0.0161,-0.0009,-0.0033,0.3185,-0.0045,-0.0076,0.018,0.0359,-0.0156,-0.0034,0.5798,0.0028,-0.0049,-0.009,0.026,0.6678,-0.0174,0.0287,-0.0102,0.011,-0.0254,0.0085,0.0103,-0.0058,-0.0371,0.031,-0.03,0.0053,0.0445,0.029,-0.1967,-0.0537,-0.0222,-0.0085,-0.0003,-0.0337,-0.1293,-0.0563
238,5298,108,3,standing,0.0346,0.0602,-0.0057,-0.0088,-0.0389,-0.0277,0.0072,-0.0473,-0.0189,-0.046,0.0309,-0.0147,-0.0096,0.0009,-0.009,0.0091,-0.0071,0.0121,0.013,0.01,-0.006,-0.012,0.007,0.0047,0.0184,-0.0025,0.0249,0.0078,-0.0219,0.0171,-0.0028,0.0399,0.0115,0.0035,-0.0077,0.0043,0.0236,-0.0036,-0.0125,0.0187,-0.0272,-0.022,-0.005,-0.0066,0.1583,-0.0089,0.0066,0.0142,0.0005,0.1353,-0.0111,-0.0204,-0.0153,-0.0154,-0.0066,-0.003,0.0197,-0.0026,0.0411,0.0537,-0.0405,0.0352,0.0435,0.048,-0.2347,-0.061,0.0518,0.0092,0.026,0.0332,-0.1378,-0.0581
239,5299,108,3,standing,-0.0145,-0.593,0.0168,-0.0017,-0.0098,-0.0342,0.033,0.4229,-0.0232,-0.008,-0.1953,-0.0502,0.0328,0.0984,-0.0159,-0.0106,0.0061,-0.0047,0.0265,0.003,0.0076,-0.0174,-0.0021,-0.0189,0.0118,0.0005,0.0279,-0.0059,-0.0195,0.0229,-0.003,0.0295,0.0041,0.0031,-0.012,-0.0011,0.0314,0.2683,0.0204,0.0245,0.021,-0.0386,-0.0151,-0.0019,0.5739,0.0048,-0.0034,-0.0101,0.0303,0.7249,-0.0135,-0.0607,-0.0219,0.0116,-0.0289,0.0258,0.0156,0.0458,0.0411,-0.0436,-0.0499,0.0445,0.0359,0.0472,-0.2169,-0.0553,0.0362,0.0401,0.0377,0.0392,-0.1342,-0.0467
240,5300,108,3,standing,-0.0084,-0.6495,0.0106,-0.004,-0.0079,-0.0378,0.0208,0.4115,-0.0264,-0.0142,-0.1922,-0.0486,0.0233,-0.1372,0.0003,0.021,-0.0169,0.0134,0.0325,0.0188,0.003,-0.0015,-0.0054,-0.0119,0.019,0.0066,0.03,0.0096,-0.0126,0.0273,-0.002,0.0334,0.0078,0.0007,-0.0156,-0.0035,-0.0176,0.2743,0.0128,0.0094,0.0255,-0.0319,-0.0091,-0.0025,0.581,0.0041,-0.0007,-0.007,0.0048,0.6614,-0.0016,0.0404,0.0072,0.0285,0.0004,0.0132,-0.0053,0.0226,-0.0366,-0.0571,-0.0347,0.0192,0.0302,0.0429,-0.1957,-0.0392,0.038,0.0299,0.0223,0.0536,-0.0958,-0.0458
241,5301,108,3,standing,-0.0024,-0.5608,0.0142,0.0083,0.0045,-0.0266,0.0137,0.2349,-0.0114,-0.0155,-0.1052,-0.0374,-0.0298,0.2372,0.0079,0.0065,-0.0276,0.0214,0.0198,0.0052,-0.0002,-0.0101,0.0065,-0.0173,0.0165,0.0036,0.0319,-0.0091,-0.0137,0.0207,-0.003,0.0331,0.0053,0.0031,-0.0114,-0.001,0.022,0.6984,-0.0126,0.039,-0.0183,0.0504,-0.0123,-0.005,0.5446,-0.0015,-0.0032,-0.0091,-0.0308,0.852,-0.0283,0.0541,-0.0095,0.0244,0.0209,0.0098,0.013,0.002,-0.0489,-0.043,0.0356,0.0256,0.0251,0.0554,-0.185,-0.0416,0.0492,0.0048,0.0473,0.046,-0.0988,-0.0424
242,5302,108,3,standing,-0.0011,0.0266,0.0099,-0.0005,-0.0168,-0.0203,0.0125,0.1537,-0.0062,-0.0276,-0.0735,-0.0319,0.0131,1.4304,-0.0107,0.0213,-0.0052,0.0072,0.0242,0.0114,0.0041,0.0142,-0.015,-0.008,0.0175,-0.003,0.0336,-0.0182,-0.03,0.0287,-0.0027,0.0315,0.0071,0.0037,-0.0132,0.0001,0.0225,1.1541,0.0084,0.021,-0.0259,-0.0462,-0.019,0.0005,0.5416,0.0084,-0.0045,-0.0002,0.0055,0.7299,-0.0082,-0.0453,-0.0101,0.0235,0.0216,0.0341,-0.0152,-0.0035,0.0499,0.0377,-0.0423,0.0324,0.0367,-0.0549,-0.1857,-0.0689,0.0388,0.014,0.0398,0.0512,-0.0918,-0.0562
243,5303,108,3,standing,-0.0151,-0.5834,0.0145,0.0116,-0.0071,-0.0219,0.0107,0.3949,-0.0185,-0.0205,-0.1944,-0.0441,0.0053,0.1064,-0.0063,-0.0167,-0.0005,-0.0134,0.0255,0.0292,0.0041,-0.0039,-0.0013,-0.0175,0.0099,0.0031,0.0289,-0.005,-0.0241,0.0193,-0.0023,0.0277,0.0099,0.0082,-0.0129,0.0004,0.022,0.3294,-0.005,0.0363,0.0388,0.0316,-0.0175,-0.0027,0.5759,0.006,-0.0054,-0.0124,0.0024,0.6999,0.0015,0.0341,0.0302,0.0231,-0.0087,-0.0072,0.0124,-0.0329,-0.0466,0.0404,-0.0375,0.018,0.0483,0.0423,-0.1842,-0.0493,-0.0088,0.0262,0.0205,0.0333,-0.1312,-0.0456
244,5304,108,3,standing,0.0085,-0.5967,0.0156,0.0053,0.0039,-0.018,0.0169,0.2698,-0.014,-0.0093,-0.1318,-0.0352,0.0385,0.0769,-0.0025,0.0049,-0.0068,-0.0289,0.0073,0.021,-0.0173,-0.0009,-0.0123,-0.0139,0.0017,0.0101,0.0334,0.0058,0.0031,0.029,0.0027,0.0321,0.0071,0.0022,-0.0113,0.0044,-0.0245,0.5077,-0.0206,-0.0229,-0.05,-0.0559,-0.0195,0.0003,0.5824,0.0065,-0.0076,-0.0009,-0.0311,0.6513,-0.0113,-0.0308,-0.037,-0.0022,0.0407,0.0266,-0.0278,-0.0341,0.0535,-0.0451,0.0419,0.0236,-0.0252,-0.0464,-0.1968,-0.0513,0.0487,0.0017,0.007,0.036,-0.1072,-0.0432
245,5305,108,3,standing,-0.0154,2.0138,0.0009,-0.0209,-0.0377,-0.0384,0.0337,0.7264,-0.0366,-0.0019,-0.3496,-0.0616,0.0056,1.7126,-0.0119,0.0259,0.0098,-0.0066,0.0279,-0.0166,0.0182,-0.0086,-0.0172,-0.0232,0.0192,-0.0039,0.0358,-0.0126,-0.0268,0.0401,-0.0044,0.0287,0.0111,0.0023,-0.0141,0.0052,0.042,-0.3424,0.0248,0.0291,0.0453,0.0511,-0.0101,-0.0051,0.5346,0.0012,-0.0077,-0.0048,0.0214,0.8712,-0.0102,-0.0649,-0.0193,0.0309,0.0226,0.0209,-0.0123,-0.0031,0.0329,-0.041,0.0035,0.0309,0.028,0.0569,-0.1949,-0.0473,0.0499,0.0205,0.0315,0.0653,-0.0935,-0.0306
246,5306,108,3,standing,-0.0154,-0.5847,-0.0045,-0.018,0.0031,-0.0408,0.0113,0.3427,-0.02,-0.0145,-0.158,-0.0445,-0.0066,0.1563,0.0132,-0.0222,0.0285,-0.021,0.0336,0.0277,-0.0171,-0.009,-0.0045,-0.0306,0.0165,0.0056,0.0385,0.0025,-0.0066,0.0349,-0.0048,0.0295,0.0089,0.0028,-0.0159,0.0009,0.024,0.2934,0.0029,0.026,0.019,0.0128,-0.0119,0.0011,0.5743,0.0104,-0.0015,0.0029,0.0326,0.7107,-0.0251,-0.0488,0.0076,0.046,0.0238,0.0204,-0.0084,-0.0356,-0.0556,-0.0435,0.0428,0.036,0.0069,-0.0524,-0.2236,-0.0625,-0.0059,0.0278,0.0457,0.0312,-0.1252,-0.0377
247,5307,108,3,standing,-0.0389,0.1449,-0.0418,0.003,-0.0394,-0.0509,0.021,-0.0682,-0.0035,-0.0308,-0.0426,0.0104,0.0101,0.0613,-0.0021,-0.0022,-0.0052,0.0006,0.0163,0.0138,-0.0071,0.0053,0.009,-0.0115,0.0173,0.0055,0.0322,-0.0066,-0.0272,0.0145,0.0038,0.0274,-0.002,0.0081,-0.0109,-0.0014,0.034,0.085,-0.0331,0.0319,0.0223,-0.0435,-0.0132,0.0018,0.6016,0.0068,-0.0065,-0.0045,0.0019,0.7186,-0.0089,-0.0539,0.006,0.0058,0.0272,0.0166,0.0005,-0.0224,-0.066,-0.0659,-0.0139,-0.0126,0.0086,0.021,-0.1075,-0.047,0.0054,-0.026,0.0405,-0.0213,-0.0987,-0.0444
248,5308,108,3,standing,-0.0139,-0.5615,0.0004,-0.0187,-0.0048,-0.0406,0.0068,0.2542,-0.021,-0.0124,-0.1146,-0.0456,0.0116,0.2342,0.0013,0.0199,-0.0022,0.0073,0.024,0.0154,-0.0056,0.0032,0.0036,-0.0234,-0.022,-0.008,0.0322,-0.0172,-0.0317,0.0279,0.0024,0.0308,0.0094,0.0077,-0.0096,0.0087,0.0288,2.0922,-0.0144,0.0393,-0.0161,0.0345,-0.0203,0.0015,0.5104,0.0102,-0.0083,-0.0112,-0.0294,0.7287,0.0031,0.0264,-0.0048,0.0432,-0.0013,0.0355,-0.033,0.042,0.0445,-0.057,-0.0516,0.0065,0.0465,-0.0549,-0.1853,-0.0644,0.049,-0.0126,0.025,0.0607,-0.1308,0.0053
249,5309,108,3,standing,-0.0095,-0.56,0.0052,0.0137,0.0043,-0.0163,0.0209,0.3361,-0.0214,-0.01,-0.1592,-0.0433,-0.0014,0.1359,-0.0088,0.0157,-0.0242,0.0238,0.0194,0.0149,-0.0177,0.011,0.0042,-0.0184,0.0293,0.003,0.0306,0.0006,-0.0254,0.0285,0.0027,0.0303,0.0075,0.0073,-0.012,0.0048,0.0441,1.7497,0.0024,0.0071,-0.0553,0.0318,-0.0173,0.0066,0.5147,0.003,-0.0018,-0.0093,-0.0139,0.8479,0.0025,-0.0454,-0.0071,0.0342,-0.0107,-0.0275,0.0226,-0.0197,0.0481,-0.0517,0.0393,0.0255,0.0032,0.0587,-0.1918,-0.049,0.0428,0.0334,0.0087,0.0509,-0.0992,-0.0465
250,5310,108,3,standing,-0.0075,-0.5817,0.0052,-0.0098,0.0066,-0.0324,0.0129,0.3293,-0.0153,-0.0183,-0.1466,-0.0416,0.0346,0.116,0.0084,-0.0192,-0.0049,-0.0202,0.0163,0.0301,0.0037,-0.0029,0.0009,-0.0112,0.0223,-0.0015,0.0279,-0.005,-0.0263,0.036,-0.0029,0.0335,0.0045,0.0062,-0.0106,0.0033,0.0359,1.402,0.017,-0.001,-0.0643,-0.0378,-0.0106,-0.0035,0.5275,-0.004,-0.006,-0.0136,-0.0243,0.7277,-0.0088,-0.0383,-0.0313,0.0096,0.0295,0.0198,-0.0143,0.0153,0.0454,-0.0489,-0.0259,0.0408,0.0462,-0.0444,-0.1876,-0.0716,0.082,0.0285,0.0192,0.0605,-0.093,-0.0232
251,5311,108,3,standing,-0.0045,-0.5844,-0.0066,0.0077,-0.011,-0.0218,-0.0178,0.3014,-0.0139,-0.0145,-0.1357,-0.0433,0.0052,0.0948,-0.0121,0.0222,0.0038,0.0106,0.0249,0.0169,-0.0088,0.0098,-0.0025,-0.0146,-0.0012,-0.009,0.0359,-0.0006,-0.0267,0.0254,-0.0092,0.0321,0.0063,0.0032,-0.0123,0.0035,0.033,0.3258,0.0273,0.0282,0.015,0.0447,-0.0135,0.0003,0.5766,0.0064,-0.0033,-0.0122,-0.0194,0.6449,-0.0182,-0.0309,-0.0163,0.0341,-0.0233,0.0194,0.0395,0.0183,0.0519,-0.0576,-0.0456,0.0205,0.0476,-0.0388,-0.1904,-0.0616,0.0608,0.0413,0.0209,0.0369,-0.0779,-0.0292
252,5312,108,3,standing,-0.0017,-0.5939,0.0075,-0.0004,-0.0154,-0.0266,0.0204,0.3778,-0.0236,-0.0126,-0.1804,-0.0444,0.0254,0.1159,-0.0172,0.0219,-0.0048,-0.014,0.0324,0.0245,0.0089,-0.0051,-0.01,-0.0079,0.0195,-0.0026,0.0278,-0.0033,-0.0224,0.023,-0.0055,0.0283,0.0068,0.0051,-0.0111,0.0025,-0.0318,0.2919,0.0099,-0.0022,0.0181,-0.0138,-0.0079,-0.0025,0.5704,-0.003,-0.001,-0.0165,-0.0308,0.7072,0.0136,-0.0348,0.0025,0.0368,-0.038,-0.005,0.0299,0.0438,-0.0415,0.0493,-0.0501,0.0156,0.0394,0.0402,-0.2213,-0.0426,0.0466,0.0353,0.0189,0.0609,-0.1385,-0.0307
253,5313,108,3,standing,-0.0016,1.6009,-0.0158,0.0385,-0.0241,-0.0027,-0.0251,-0.9542,0.0589,-0.0482,0.4445,0.0514,0.003,-0.0301,-0.0056,-0.0167,0.0065,0.0095,0.0129,0.0043,-0.0071,-0.0097,0.0101,-0.0174,-0.02,-0.0136,0.0216,0.0028,-0.0198,-0.0298,-0.0065,0.0378,0.0081,0.0055,-0.0148,-0.0003,-0.0275,-2.0965,0.0266,0.0223,0.0232,0.0425,-0.0132,0.0033,0.5802,0.0042,-0.0031,-0.0111,-0.0185,0.6936,0.0006,-0.0497,-0.031,-0.0079,-0.0137,0.0127,0.007,-0.0168,-0.0288,-0.0334,-0.0452,0.0406,0.0471,0.0546,-0.2065,-0.0652,0.0365,0.027,0.0119,0.0396,-0.1204,-0.0467
254,5314,108,3,standing,0.0128,-0.6336,0.0183,-0.0049,-0.0157,-0.0378,0.0139,0.4258,-0.0261,-0.0086,-0.1966,-0.0515,0.0335,0.0712,0.009,0.0147,0.0058,0.0012,0.007,0.0191,-0.0105,0.0061,-0.0161,-0.0238,0.011,-0.0061,0.0312,0.0057,-0.0303,0.0217,-0.0029,0.0296,0.0111,-0.003,-0.0119,-0.0032,0.0241,0.2933,-0.0286,0.032,-0.0272,0.0254,-0.0089,-0.0002,0.5815,0.0012,-0.0037,-0.0039,-0.009,0.6794,-0.0025,0.0589,-0.017,0.01,-0.0222,-0.0102,0.0381,-0.006,-0.0349,0.0443,0.0434,-0.0051,-0.0103,-0.0209,-0.1954,-0.0354,0.0419,-0.0272,0.0234,0.0545,-0.1324,-0.0493
255,5315,108,3,standing,-0.0039,-0.5768,0.0164,0.0125,-0.0085,-0.0202,0.0136,0.3177,-0.0199,-0.0097,-0.1478,-0.0413,0.0022,0.1562,-0.0001,-0.005,0.0144,0.0066,0.0266,0.022,0.0042,0.0077,-0.0005,-0.0114,0.0111,0.0013,0.0295,0.0022,-0.0099,0.0186,-0.0039,0.0309,0.0074,0.0055,-0.0153,0.0021,0.0259,1.7096,0.0105,-0.0048,-0.056,0.0323,-0.01,-0.0051,0.51,-0.0019,-0.0028,-0.0129,-0.0179,0.7279,-0.0135,-0.053,0.0082,-0.006,0.0119,0.0331,-0.0349,0.02,0.0274,-0.044,0.0401,0.0288,-0.0117,0.0369,-0.2054,-0.0511,0.0585,0.0159,0.0216,0.0452,-0.1323,-0.0523
256,5316,108,3,standing,0.0029,-0.6414,-0.0077,0.0106,-0.0156,-0.0208,0.019,0.386,-0.0178,-0.0066,-0.1825,-0.0414,-0.0002,0.0731,0.0058,0.0243,-0.0094,0.0183,0.012,0.008,-0.011,0.0056,0.0039,-0.0169,0.013,0.0075,0.0333,0.0066,-0.0007,0.0255,-0.0004,0.0294,0.0047,0.003,-0.0162,0.0022,0.0288,1.2016,-0.0226,-0.0018,-0.0405,-0.0449,-0.0126,-0.0075,0.5426,0.0065,-0.0064,0.005,0.0366,0.7494,-0.0145,-0.0267,-0.0303,0.0232,0.021,0.0323,-0.0458,0.0384,-0.0609,0.0399,0.034,0.0219,-0.0032,-0.0462,-0.1738,-0.0475,0.031,0.0099,0.0277,0.0046,-0.0974,-0.049
257,5317,108,3,standing,-0.0091,-0.5976,0.0059,0.0078,0.001,-0.0289,0.0273,0.4276,-0.0243,-0.0166,-0.2096,-0.0477,0.0089,0.1144,-0.0104,0.003,-0.0221,0.0048,0.0156,0.0118,-0.002,-0.0063,-0.0121,-0.0174,0.0094,-0.0039,0.0355,0.0006,-0.013,0.0334,-0.0008,0.0298,0.0105,0.0079,-0.014,0.004,0.0184,0.2235,-0.0089,0.036,0.0421,-0.0217,-0.0101,0.0022,0.5786,0.0016,-0.0019,-0.001,-0.0191,0.6445,0.0039,0.0517,-0.0074,0.0047,-0.0036,-0.0236,0.0192,-0.0308,0.0205,-0.0397,0.0456,0.0098,0.0324,-0.0343,-0.2275,-0.0534,0.001,0.0258,0.046,0.0547,-0.129,0.0064
258,5318,108,3,standing,0.0015,-0.5846,0.0159,0.0084,-0.0039,-0.0187,0.0143,0.3184,-0.0198,-0.0073,-0.151,-0.0476,0.0386,0.0984,-0.0164,0.0204,0.0271,0.021,0.0318,0.0247,0.0227,-0.0025,0.0043,-0.0127,0.0064,0.0091,0.0252,-0.0044,-0.028,0.0135,-0.0056,0.0308,0.0106,0.0005,-0.0113,-0.0023,-0.0014,0.3873,0.0186,0.0401,-0.0424,-0.0371,-0.0138,-0.0026,0.5778,-0.004,-0.0054,-0.0102,-0.0109,0.6864,-0.0064,0.0589,0.0295,-0.0092,0.0172,0.0237,-0.0279,0.0207,0.0489,-0.0516,-0.0035,0.0258,0.0362,0.0578,-0.19,-0.05,0.0639,0.0342,0.032,0.0356,-0.0889,-0.0268
259,5319,108,3,standing,-0.0065,2.0674,-0.0217,0.0588,-0.0209,0.0106,0.0313,-0.0603,-0.0033,-0.025,0.0244,-0.0191,0.023,0.968,-0.0225,0.0087,-0.0095,-0.0112,0.0383,0.0043,0.0013,-0.0029,0.0002,-0.0144,0.0132,0.0053,0.033,0.0015,-0.0056,0.0189,-0.0154,0.03,0.007,0.0037,-0.0171,-0.0031,0.0274,0.1639,0.0122,0.0362,-0.037,-0.007,-0.0172,-0.0026,0.5776,-0.0041,-0.0083,-0.0063,-0.0328,0.6838,0.0074,0.042,-0.0265,0.0152,0.0287,0.0109,-0.006,0.0009,-0.0577,0.0519,0.0161,0.0344,0.0274,0.0453,-0.1979,-0.0492,0.0467,0.0114,0.025,0.0025,-0.1387,-0.0442
260,5320,108,3,standing,-0.0055,0.0238,-0.0046,0.0169,-0.0088,-0.0077,0.0131,-0.0191,-0.0031,-0.0234,0.0141,-0.0249,0.015,0.9289,-0.0112,0.0189,-0.0171,0.0022,0.0271,0.0228,-0.0018,-0.0008,0.001,-0.0078,0.0062,0.0044,0.0275,0.0095,-0.0092,0.0158,-0.0071,0.0311,0.0118,0.003,-0.0109,0.0034,-0.0045,0.1542,-0.0124,0.0324,-0.001,0.0368,-0.0142,-0.0026,0.5387,0.0037,-0.0047,-0.0206,0.0111,0.8648,-0.026,-0.0589,-0.0213,-0.01,0.0448,-0.0011,0.008,-0.0338,-0.0396,-0.0425,-0.0375,0.0091,0.0307,0.0515,-0.2012,-0.0384,0.0342,0.0086,0.0212,0.0292,-0.0942,-0.0556
261,5321,108,3,standing,-0.0084,-0.6487,-0.0091,-0.0196,0.0059,-0.0311,0.0225,0.4261,-0.0252,-0.0106,-0.1965,-0.0482,-0.0282,-0.16,-0.0184,-0.0025,0.0178,0.0205,0.0263,0.0032,-0.0006,-0.0163,-0.0014,-0.0114,-0.0138,-0.0041,0.0341,0.0072,-0.0122,0.0248,-0.0068,0.0324,0.012,-0.0026,-0.0163,-0.0041,0.038,0.3188,0.0151,0.0399,0.0215,-0.0143,-0.0162,0.0046,0.5792,0.0042,-0.0043,-0.009,0.0039,0.6865,-0.0274,0.057,0.0231,0.018,0.0296,0.0369,-0.0225,0.0003,-0.0425,-0.0508,0.0555,0.0375,0.0138,-0.0472,-0.2302,-0.0458,-0.0536,0.0415,0.0357,-0.0563,-0.0912,-0.0681
262,5322,108,3,standing,-0.0106,-0.6484,-0.0018,0.0039,-0.0142,-0.0267,0.0277,0.4238,-0.028,-0.0178,-0.2016,-0.051,-0.011,-0.1313,-0.0044,-0.0192,-0.0216,0.0169,0.012,-0.0025,-0.0081,0.0055,-0.02,-0.009,-0.0232,-0.0139,0.0322,-0.0253,-0.0181,0.022,-0.0009,0.0342,0.0065,0.0012,-0.018,-0.0036,0.0298,0.2697,0.0153,0.0316,-0.0076,0.0247,-0.0143,-0.0021,0.5792,-0.005,-0.0079,-0.0105,0.0012,0.6614,-0.0135,0.0494,-0.0305,0.0148,0.0423,0.0333,-0.0477,0.003,0.0418,0.0508,-0.0451,-0.0026,0.0445,0.0487,-0.1889,-0.0641,0.0369,-0.0052,0.0355,0.0609,-0.0931,-0.0531
263,5323,108,3,standing,-0.0027,-0.5844,0.0138,0.0052,-0.0033,-0.0189,0.0088,0.304,-0.0094,-0.0201,-0.1464,-0.0305,0.0289,0.1077,-0.0063,-0.0175,-0.0106,0.0046,0.0321,0.0199,-0.0114,-0.0062,-0.014,-0.0129,0.013,0.0019,0.0345,-0.0001,-0.0122,0.0294,-0.0067,0.0298,0.0037,0.0027,-0.0156,0.0016,-0.0076,0.7491,0.0224,0.0215,-0.031,0.0397,-0.0163,0.0026,0.5538,0.0048,-0.0053,-0.0026,-0.0265,0.7243,-0.0113,0.0274,-0.0053,0.0137,0.0217,0.0376,-0.0336,0.0434,-0.0443,0.0387,0.0368,0.0286,0.0253,0.042,-0.2025,-0.051,0.0608,0.0463,0.0233,0.047,-0.1387,-0.055
264,5324,108,3,standing,-0.0068,0.0006,-0.0029,-0.0211,-0.0097,-0.0276,0.0018,0.0397,-0.0134,-0.0178,-0.0169,-0.029,-0.0145,0.9204,0.0073,-0.0122,-0.0251,0.0104,0.0326,0.0059,0.0034,-0.0024,0.0198,0.0088,0.0224,-0.0115,0.0375,-0.0081,-0.0262,0.0188,-0.0013,0.0328,0.0139,-0.0029,-0.0147,-0.0041,0.0436,2.0547,-0.0381,-0.0283,-0.0645,-0.0342,-0.0142,-0.0045,0.3938,0.0015,-0.0105,-0.0002,0.0232,-0.2232,0.0361,0.0635,-0.0011,0.0202,0.0469,-0.0159,-0.0144,-0.0477,-0.0659,-0.0528,-0.0308,0.0245,0.0459,-0.0489,-0.1968,-0.0736,0.0618,0.0108,0.0339,0.0352,-0.1205,-0.0557
265,5325,108,3,standing,-0.0047,0.0018,0.0172,0.0144,-0.0116,0.0065,0.0079,-0.034,-0.0058,-0.0218,0.0037,-0.0253,-0.0152,-0.0276,-0.0106,-0.0207,-0.0183,-0.0084,0.0224,0.0196,0.0072,0.0022,-0.0099,-0.0161,0.0138,0.0005,0.0303,-0.0021,-0.0126,0.0238,-0.0043,0.032,0.012,-0.0022,-0.0106,-0.0041,0.0293,1.3186,-0.0122,0.0366,0.0264,-0.0023,-0.0086,0.002,0.5008,0.0064,-0.0028,-0.0095,0.0078,0.8657,-0.0172,-0.038,-0.0244,-0.015,0.0282,0.0066,-0.0202,-0.0153,-0.0393,0.044,-0.0488,0.006,0.0479,0.0507,-0.184,-0.0406,-0.0067,0.035,0.0465,0.0439,-0.1188,0.0034
266,5326,108,3,standing,0.0039,-0.614,0.0007,0.0065,-0.0088,-0.0221,0.0145,0.3901,-0.0195,-0.0078,-0.1886,-0.0378,-0.0285,0.0887,-0.0231,0.0186,-0.0215,0.0128,0.0259,0.0268,-0.0094,0.0003,-0.0105,-0.0013,0.0246,-0.0022,0.0414,-0.0078,-0.0135,0.0275,0.0051,0.0323,0.0041,0.0034,-0.0131,0.005,-0.0162,0.2634,0.0049,0.0304,-0.0339,-0.0115,-0.0107,-0.001,0.5808,0.0035,-0.0038,0.0013,0.0072,0.6572,-0.0103,-0.0486,-0.0204,0.007,0.0175,0.0203,-0.0153,-0.0105,-0.038,0.0459,-0.0346,0.0218,0.051,0.0537,-0.2163,-0.064,0.0623,0.0318,0.0445,0.0464,-0.0858,-0.0524
267,5327,108,3,standing,-0.0049,-0.641,0.0095,-0.0076,0.0081,-0.0295,0.0183,0.3785,-0.0218,-0.0163,-0.1776,-0.0417,0.0111,-0.1508,-0.0027,0.0062,-0.0209,-0.0015,0.0109,0.0007,-0.0156,-0.0143,-0.0032,0.0054,0.0246,-0.0051,0.028,-0.0136,-0.0279,0.0224,-0.0005,0.0276,0.0022,0.0074,-0.0121,-0.0023,0.0407,0.3645,-0.0099,0.0178,0.0313,0.0198,-0.0119,-0.0047,0.5731,-0.0017,-0.0039,-0.0026,0.0252,0.7087,-0.0099,0.045,-0.0329,0.0078,-0.0231,0.0265,0.01,0.0396,-0.0435,0.0307,-0.0444,0.0066,0.033,0.0529,-0.2238,-0.058,-0.0058,-0.0026,0.0362,0.0374,-0.1377,0.0112
268,5328,108,3,standing,-0.0157,-0.5806,0.0054,0.0145,-0.0119,-0.0093,0.0179,0.3018,-0.0131,-0.0232,-0.1494,-0.0388,0.0084,0.1511,-0.0023,0.0003,-0.0079,-0.016,0.0214,-0.0255,-0.0062,0.0102,-0.0018,0.0032,0.0049,0.0127,0.0277,0.0241,0.002,0.0337,0.0031,0.0301,0.008,0.0007,-0.0181,0.002,0.0428,1.4213,-0.0265,-0.0363,0.0196,-0.0375,-0.0083,-0.0037,0.5296,-0.0073,-0.0053,-0.0075,-0.0402,0.7428,-0.0032,-0.053,-0.0202,0.0459,0.0312,0.0228,-0.0284,0.0009,-0.0544,0.0346,0.0467,0.0149,-0.0391,-0.0442,-0.1885,0.0565,0.0435,0.0035,0.0291,0.0518,-0.1319,0.0103
269,5329,108,3,standing,-0.0055,-0.6517,-0.0064,0.0174,-0.0088,-0.0263,0.0115,0.4214,-0.0186,-0.013,-0.1962,-0.0502,0.038,-0.1094,-0.0163,0.0042,0.0221,-0.0035,0.0318,0.0209,-0.0141,0.0155,-0.0029,-0.0241,0.0329,-0.0093,0.0302,0.0018,-0.0219,0.0357,-0.0074,0.0284,0.0136,-0.0009,-0.0184,-0.0031,0.0109,-0.1886,0.0124,0.037,0.0446,0.025,-0.0136,0.0021,0.5679,0.0042,-0.0009,0.0053,0.0045,0.7392,-0.0272,-0.0605,0.0291,0.0131,-0.0195,-0.0002,-0.0123,0.0339,-0.0563,-0.0717,-0.0366,0.023,0.0416,0.034,-0.2376,-0.0522,-0.0032,0.0184,0.0225,0.0059,-0.1327,-0.0392
270,5330,108,3,standing,-0.0018,-0.5824,0.0139,0.0117,-0.0026,-0.0225,0.0144,0.3359,-0.0198,-0.0156,-0.1611,-0.0413,0.03,0.1116,-0.0067,0.0166,0.0179,-0.01,0.0325,0.0059,0.0124,-0.0007,-0.0035,-0.0108,0.0259,0.0046,0.026,0.0096,-0.018,0.0207,-0.0005,0.0356,0.0071,0.0038,-0.0147,0.002,0.0451,0.3297,0.029,0.033,0.0368,-0.0002,-0.013,0.0004,0.5819,0.002,-0.0032,-0.0069,0.0103,0.6815,0.0111,0.0539,-0.0076,0.0108,0.0084,0.0109,-0.0119,0.0093,-0.0373,0.0319,0.0445,0.0404,0.0193,0.0527,-0.1987,-0.0549,-0.0434,0.0425,0.0219,-0.0344,-0.1264,-0.048
271,5331,108,3,standing,-0.0085,-0.5614,0.0023,0.0058,0.0016,-0.0219,0.017,0.3042,-0.0125,-0.0192,-0.1414,-0.037,0.0385,0.2197,-0.0062,0.0224,-0.0263,-0.009,0.0296,0.0134,0.0003,0.0142,0.0104,-0.0119,0.0276,-0.0043,0.033,0.0032,-0.0157,0.0249,-0.0065,0.0306,0.0095,0.0076,-0.0084,0.0012,0.016,1.3765,0.0115,-0.0084,-0.0363,-0.0284,-0.0115,-0.0013,0.5206,0.0035,-0.0026,0.0023,-0.0236,0.7494,0.0042,-0.051,-0.01,0.0155,0.034,0.0109,-0.0204,-0.0107,-0.0407,-0.0185,0.0434,0.0393,-0.0003,0.0416,-0.1975,-0.0578,0.0425,0.0135,0.0352,0.0322,-0.1293,-0.052
272,5332,108,3,standing,-0.0117,-0.5825,0.0074,0.0002,-0.0049,-0.023,0.0068,0.3109,-0.0143,-0.017,-0.1476,-0.0404,-0.0131,0.1097,-0.0108,0.0058,-0.0029,0.0255,0.0307,0.0082,0.0189,-0.0019,-0.0125,-0.0163,0.009,0.0015,0.0282,-0.0025,-0.0136,0.0265,-0.0033,0.0275,0.0031,0.0057,-0.011,0.0037,0.0203,1.5074,-0.015,-0.0059,-0.0499,-0.0357,-0.0115,-0.0025,0.5098,-0.0023,-0.0019,-0.0072,0.0025,0.8642,-0.0059,0.0503,-0.0191,0.021,-0.005,0.0291,0.0249,0.0228,-0.0589,-0.0428,0.0383,0.0223,0.0127,-0.044,-0.2055,-0.0641,0.0556,0.0349,0.0339,0.0526,-0.0978,-0.0542
273,5333,108,3,standing,0.0085,-0.6484,0.0103,-0.009,-0.0048,-0.0326,0.0141,0.3924,-0.0235,-0.0161,-0.1774,-0.0433,0.0383,-0.1313,-0.0054,-0.0004,0.0135,-0.0113,0.0262,0.0203,0.0019,0.0076,-0.006,-0.0037,0.0111,0.0093,0.0356,0.0172,-0.0125,0.033,0.0057,0.0308,0.011,-0.0027,-0.0143,0.0032,-0.0279,0.3252,-0.0002,0.0213,-0.0298,-0.0423,-0.0077,-0.0066,0.58,0.0008,-0.0101,-0.0059,0.0188,0.6542,-0.0139,-0.0404,0.0089,-0.0151,0.0195,0.0318,-0.0364,0.0344,-0.0507,-0.0689,0.0585,0.0132,-0.0022,-0.0372,-0.1839,-0.0562,0.028,-0.0001,0.0248,-0.0104,-0.1057,-0.047
274,5334,108,3,standing,-0.0086,-0.5828,0.0122,0.0049,-0.0075,-0.0296,0.0195,0.3649,-0.0172,-0.0161,-0.171,-0.0462,-0.0278,0.1063,0.0068,-0.0035,-0.0251,0.002,0.0222,0.0134,-0.0091,-0.0027,-0.0005,-0.014,0.0095,0.0012,0.0334,0.0008,-0.0159,0.0244,0.0055,0.0305,0.0029,0.0015,-0.0144,0.0033,-0.0004,1.2046,0.02,0.032,-0.0446,-0.0386,-0.0181,-0.001,0.5431,0.0022,-0.0058,-0.0126,-0.0219,0.7146,-0.0085,0.0509,0.0118,-0.0233,-0.0112,-0.0144,0.0284,-0.0103,-0.0365,-0.0394,0.0539,0.04,0.0021,-0.0424,-0.2058,-0.055,0.0569,0.03,0.0359,0.031,-0.1292,-0.0591
275,5335,108,3,standing,-0.0021,-0.5939,0.0106,0.0048,0.0007,-0.0193,0.0181,0.3885,-0.0243,-0.0154,-0.1854,-0.0399,0.0178,0.1123,-0.0225,0.0209,0.006,-0.0076,0.023,0.026,-0.0049,-0.0053,0.009,-0.0132,0.0084,0.0046,0.0252,0.0123,-0.0033,0.0116,0.0018,0.0291,0.0067,0.0051,-0.016,0.0056,0.0374,1.3644,-0.0027,0.0282,-0.0216,-0.0366,-0.0092,0.0025,0.5415,0.004,0.0024,-0.0093,-0.01,0.7296,-0.0114,-0.0466,-0.0117,0.0141,0.0276,-0.0029,0.0099,-0.0344,0.0448,0.0563,0.0018,0.0163,0.0332,0.0452,-0.1944,-0.0573,0.043,0.0304,0.021,0.0523,-0.0935,-0.0491
276,5336,108,3,standing,-0.0011,-0.5844,0.008,0.0145,-0.0077,-0.0129,0.0052,0.2989,-0.0199,-0.0162,-0.1391,-0.0424,0.0138,0.1164,-0.0184,0.0116,-0.0175,-0.009,0.0233,0.0033,-0.0003,-0.0063,0.0086,-0.0042,0.0206,0.0064,0.028,-0.0024,-0.0103,0.0224,-0.005,0.0301,0.0061,0.0087,-0.0067,0.0022,0.0278,0.3773,0.006,0.0158,0.0006,0.0325,-0.0142,-0.002,0.5736,-0.0033,-0.006,0.0014,-0.0255,0.7089,-0.021,-0.0534,-0.0311,0.037,-0.0026,0.0195,-0.026,0.0409,0.0528,-0.0296,0.0413,0.024,0.0059,0.0485,-0.1953,0.0331,0.0349,0.0149,0.0142,0.0368,-0.0949,0.0071
277,5337,108,3,standing,-0.0068,1.5706,-0.0084,0.0325,-0.0232,-0.0049,0.0091,-0.1074,0.0006,-0.0202,0.0495,-0.0134,-0.0128,1.1386,-0.0105,0.0166,-0.0196,0.0051,0.0282,0.0015,-0.0073,-0.0018,0.0029,-0.0172,0.0269,-0.0115,0.0277,-0.0156,-0.0303,0.0334,-0.0073,0.0321,0.0055,0.0074,-0.0132,0.0035,0.0213,-1.3189,-0.01,0.0361,0.031,0.0385,-0.0181,-0.0012,0.586,0.0013,-0.0101,-0.0098,-0.0252,0.6634,0.0051,0.0376,-0.0038,0.0099,-0.0296,0.022,0.0133,0.0147,-0.0342,0.0551,-0.0444,0.0036,0.0575,0.0459,-0.2027,-0.0403,0.042,0.0354,0.0412,0.047,-0.1192,-0.0517
278,5338,108,3,standing,-0.0061,-0.5805,0.0027,0.0159,-0.0116,-0.0086,0.0107,0.3405,-0.0176,-0.009,-0.1578,-0.034,-0.0052,0.1182,0.0079,0.0037,-0.0201,0.0043,0.018,0.0139,0.0009,-0.007,-0.0121,-0.0144,0.0239,0.0001,0.0269,0.001,-0.0213,0.024,0.0001,0.0308,0.0066,0.007,-0.0111,0.0016,0.0449,0.7739,-0.027,0.0162,-0.0364,0.0199,-0.0173,-0.003,0.5736,0.0013,-0.0018,-0.0079,0.0122,0.7079,-0.0283,0.0401,-0.0103,-0.0038,0.0194,0.0141,-0.0111,0.0044,-0.0427,0.0494,0.0354,0.0223,0.015,0.0486,-0.2055,-0.0323,0.0334,0.0008,0.0257,0.0412,-0.125,-0.0454
279,5339,108,3,standing,-0.0531,0.0734,-0.064,0.0457,-0.054,-0.0484,-0.0369,0.1133,-0.0508,-0.062,-0.0637,-0.071,-0.0605,-0.067,-0.0653,0.0478,-0.0225,-0.0615,-0.0583,0.085,-0.0751,0.0669,-0.046,-0.0409,,,,,,,,,,,,,,,,,,,,,,,,,,,,,,,,,,,,,,,,,,,,,,,,
280,5340,108,3,standing,-0.0117,-0.6513,0.0004,-0.0012,-0.0055,-0.0246,0.0158,0.3295,-0.022,-0.0173,-0.1595,-0.04,0.0032,-0.1625,-0.0101,-0.0131,0.0045,-0.0186,0.0144,0.0166,-0.0099,-0.0211,0.0191,0.0046,0.0073,-0.0022,0.0258,-0.0103,-0.032,0.0271,-0.0087,0.0348,0.0063,-0.0027,-0.0162,-0.0026,0.037,0.3362,0.0022,-0.0013,0.012,-0.0207,-0.0072,-0.0005,0.5789,-0.0003,-0.0017,-0.0126,-0.0135,0.71,-0.0125,-0.0586,-0.0071,0.0053,-0.0315,-0.0043,0.0269,-0.005,0.0367,0.0499,-0.0501,0.028,0.039,0.0514,-0.2129,-0.0307,0.0435,0.0166,0.0292,0.0442,-0.1187,-0.0233
281,5341,108,3,standing,-0.0016,1.5899,-0.0175,0.0284,-0.0239,-0.0006,-0.0371,-0.983,0.0553,-0.0476,0.4533,0.0464,0.0216,-0.0084,0.0116,-0.0067,-0.0071,0.0144,0.0256,0.0138,-0.0094,0.004,0.0055,-0.0121,0.0209,0.0026,0.0336,-0.0038,-0.0186,0.0228,-0.0017,0.0345,0.0063,0.0066,-0.0101,0.0009,0.0296,-0.0944,0.0244,0.0192,-0.0263,0.0158,-0.0172,-0.0018,0.5803,0.0025,-0.0024,0.0009,0.0081,0.7157,0.003,-0.0395,-0.0107,-0.0069,-0.0112,0.0326,-0.0161,0.0313,-0.0511,-0.0309,0.0419,0.0455,0.002,-0.0581,-0.1848,-0.0577,0.0406,0.0278,0.0274,-0.0365,-0.0863,-0.0389
282,5342,108,3,standing,-0.0169,-0.5596,0.0007,0.0018,-0.0058,-0.0189,0.0104,0.2556,-0.0145,-0.0208,-0.1173,-0.0411,-0.0049,0.1476,-0.0256,-0.009,-0.0075,-0.0133,0.0176,0.0238,-0.022,-0.0033,0.0028,-0.0125,0.0089,-0.0067,0.0272,0.011,-0.0159,0.019,-0.0111,0.0302,0.006,0.0037,-0.0143,-0.0052,-0.0211,1.405,-0.0264,0.0319,-0.0381,0.0331,-0.0156,-0.0046,0.5267,0.0017,-0.0034,0.0007,-0.0243,0.715,0.0005,-0.0287,-0.0029,0.0086,-0.0065,0.0296,-0.022,0.04,-0.0353,-0.0363,0.0375,0.0349,0.0047,0.05,-0.1953,-0.0322,0.0585,-0.0146,0.0445,0.0614,-0.1092,-0.0399
283,5343,108,3,standing,-0.0045,-0.5974,0.0076,0.0053,-0.0081,-0.0238,0.0139,0.334,-0.0204,-0.0141,-0.1578,-0.0408,0.0111,0.0803,-0.0036,-0.0017,0.0068,0.0164,0.0215,0.0098,0.0085,-0.0013,-0.0101,-0.0085,0.0193,0.0023,0.0339,-0.0125,-0.0157,0.0254,0.0001,0.0298,0.01,0.0018,-0.0141,0.0023,0.0326,1.4555,-0.0069,0.0171,-0.0499,-0.03,-0.0127,0.0038,0.5303,0.0069,0.0012,-0.0092,-0.0182,0.7163,0.0002,0.0277,-0.0244,-0.0124,0.0214,0.0224,-0.0312,0.0093,0.0441,0.0398,-0.0368,0.0163,0.0287,-0.0472,-0.1847,-0.0563,0.0482,0.0072,0.0224,-0.0386,-0.103,-0.0357
284,5344,108,3,standing,-0.0079,0.1548,0.0085,0.0007,-0.0196,0.0046,0.0018,-0.0707,0.0045,-0.0291,0.037,-0.0203,-0.0229,0.9567,-0.0102,0.0189,-0.0211,-0.005,0.0231,0.0126,0.0139,0.0036,0.0009,-0.0169,0.025,0.002,0.0333,-0.0064,-0.0142,0.0178,-0.0035,0.0318,0.0061,0.0005,-0.0117,-0.0005,0.0422,2.0506,0.0055,-0.0118,-0.0498,-0.0388,-0.0118,-0.0035,0.5021,0.0042,-0.003,-0.0094,-0.0249,0.8603,0.0064,0.0364,-0.0303,0.0279,-0.0045,0.0152,-0.0283,0.0152,-0.0585,0.0458,-0.0022,0.0392,0.0218,0.0343,-0.1832,-0.0653,0.0413,0.0323,0.026,0.0405,-0.0983,-0.0536
285,5345,108,3,standing,-0.0034,-0.5769,0.0078,-0.0069,0.0001,-0.0197,0.0125,0.3227,-0.0214,-0.0112,-0.1576,-0.038,0.0304,0.1506,-0.0013,0.0046,-0.0246,-0.0226,0.0252,0.0168,-0.0151,0.0029,0.0132,-0.0142,0.0209,-0.0054,0.0318,-0.0098,-0.0321,0.0271,-0.0106,0.0358,0.0085,0.0064,-0.0089,-0.0027,-0.0059,1.3545,0.0239,0.0289,-0.0444,0.0404,-0.0113,-0.0025,0.5284,-0.0006,-0.0035,-0.0078,-0.0295,0.729,0.0099,-0.0647,-0.0152,-0.0039,-0.0101,0.0194,-0.0094,0.034,0.0478,-0.0378,-0.0429,0.0213,0.0456,0.0413,-0.202,-0.0463,0.0564,0.0363,0.0434,0.0173,-0.1309,-0.0497
286,5346,108,3,standing,-0.0027,1.0009,0.0038,0.0375,-0.0102,-0.006,0.0051,-0.537,0.0291,-0.0409,0.2492,0.0136,0.0084,0.974,0.001,0.0213,-0.0099,-0.011,0.0284,0.0193,0.0049,-0.0166,-0.0042,-0.0233,0.0229,0.0034,0.0307,0.0032,-0.0141,0.0274,0.0073,0.031,0.0044,0.0122,-0.0101,0.0022,0.0355,1.1379,0.0058,0.006,-0.0263,-0.0177,-0.0089,0.0025,0.53,0.0075,0.0023,-0.0065,-0.0024,0.8622,-0.0105,0.052,-0.011,-0.0031,0.0386,-0.0005,-0.0153,-0.0433,0.0202,0.0441,-0.0323,0.0242,0.041,0.0578,-0.1855,-0.0582,0.0478,0.033,0.0277,0.0569,-0.1187,0.002
287,5347,108,3,standing,-0.0121,-0.5884,0.016,-0.0152,-0.0115,-0.0303,0.0188,0.3939,-0.0228,-0.0131,-0.1888,-0.0496,0.0279,0.1156,-0.0219,0.0087,0.0012,0.0174,0.0347,0.0052,-0.0033,-0.0038,0.0053,-0.0202,0.0143,0.0064,0.0317,-0.0024,-0.0233,0.0293,-0.0049,0.0323,0.0101,0.0001,-0.0195,0.0006,0.028,1.7389,-0.0034,-0.0056,-0.0549,-0.0465,-0.009,-0.0022,0.4947,-0.0028,-0.0038,-0.0037,0.0241,0.8593,0.0032,0.0485,0.0036,0.0269,0.0332,0.0259,-0.0403,-0.0379,0.0589,-0.036,0.0476,0.0152,-0.0072,0.0514,-0.1846,0.0029,0.0603,0.007,0.0277,0.0417,-0.1302,-0.0102
288,5348,108,3,standing,-0.006,-0.5935,0.0149,-0.0057,0.0013,-0.0293,0.0134,0.3187,-0.0179,-0.0112,-0.1476,-0.0417,-0.0373,0.1201,0.0156,-0.0073,-0.0183,-0.0221,0.016,0.0094,0.0027,-0.0121,-0.0089,-0.0247,0.0231,-0.0036,0.0365,-0.0043,-0.0217,0.0397,0.0036,0.03,0.0064,0.0003,-0.0162,0.0044,0.0106,1.4284,0.0115,0.028,-0.0192,0.0333,-0.011,0.0058,0.5203,0.0048,0.0036,0.0007,-0.0262,0.7156,0.0048,0.0451,-0.0087,-0.025,0.0199,0.0189,-0.027,-0.0039,-0.0496,0.0205,0.0316,0.0401,0.032,-0.0503,-0.1754,-0.0633,0.0543,0.035,0.0383,0.0588,-0.1389,-0.0535
289,5349,108,3,standing,-0.0077,-0.5808,0.009,0.0085,-0.0053,-0.0232,0.0193,0.3297,-0.0201,-0.0104,-0.1584,-0.0456,0.0278,0.1161,-0.0029,-0.0167,-0.0015,0.0044,0.0142,0.0262,-0.0185,-0.0032,0.0025,-0.0091,0.0066,-0.0008,0.025,-0.0115,-0.024,0.0217,-0.0059,0.0296,0.0094,0.004,-0.0132,-0.0006,0.017,0.2946,-0.0016,0.015,-0.0283,-0.0059,-0.0156,-0.0009,0.5795,-0.0017,-0.0062,-0.0106,-0.0084,0.6442,-0.0023,0.0386,-0.0126,0.0334,-0.0226,0.0188,0.0091,0.0419,0.0373,0.0585,-0.034,0.0216,0.0404,-0.0503,-0.1987,-0.0606,0.0548,0.0206,0.023,0.0558,-0.1095,-0.035
290,5350,108,3,standing,-0.0007,-0.5699,0.004,0.0165,0.0076,-0.0138,0.0244,0.3763,-0.0186,-0.0111,-0.1789,-0.0416,0.0383,0.1364,-0.0099,0.0141,-0.0232,0.005,0.0206,0.0289,0.0037,0.0104,0.0129,-0.0099,0.0172,0.0062,0.0343,0.0092,-0.0153,0.0262,-0.0023,0.0333,0.0078,0.0057,-0.016,0.001,0.0459,1.4051,0.0104,0.0132,0.0324,0.0301,-0.0097,0.0017,0.5349,0.0037,0.0007,0.004,0.0017,0.8361,-0.0225,0.029,0.013,0.0368,-0.0314,-0.0213,0.0473,-0.0087,-0.056,0.0276,-0.0401,0.0252,0.0533,0.0395,-0.2123,-0.0559,0.019,0.0256,0.0248,0.0425,-0.1605,-0.0597
291,5351,108,3,standing,-0.0024,-0.6543,0.0056,0.0159,0.0101,-0.0148,0.0187,0.3934,-0.0163,-0.0115,-0.1893,-0.0376,0.0073,-0.1441,-0.0043,-0.0086,-0.0261,0.0246,0.0224,0.0304,-0.0134,-0.0011,-0.0098,0.0008,0.0063,-0.0092,0.0334,0.0014,-0.0226,0.0283,-0.0008,0.0294,0.0059,0.0035,-0.0125,-0.0032,0.0179,-0.0707,-0.0136,0.0388,0.0259,0.041,-0.0091,-0.003,0.5864,-0.0062,-0.0056,-0.0068,0.0098,0.6626,-0.0122,0.0208,-0.0272,-0.0196,-0.0361,0.0342,0.0235,0.0458,-0.0493,0.0473,-0.0217,-0.0079,0.0353,0.0518,-0.202,-0.0529,0.032,0.0133,0.042,0.05,-0.0984,-0.0573
292,5352,108,3,standing,-0.0108,-0.5816,0.0149,0.0067,0.005,-0.0294,0.0175,0.3179,-0.0212,-0.0131,-0.1554,-0.0404,-0.0387,0.1422,-0.0129,-0.0163,-0.0045,0.0119,0.0151,0.024,0.0007,-0.0023,0.0035,-0.0193,0.0091,-0.004,0.0326,-0.0002,-0.0209,0.026,-0.0089,0.0284,0.0096,0.0019,-0.0154,-0.0015,0.018,0.3134,-0.0075,0.0333,-0.0074,0.0347,-0.0091,0.0031,0.5844,0.0031,0.0018,0.0024,-0.0313,0.6566,0.0256,0.051,0.0224,-0.0273,-0.0145,-0.0307,0.0487,-0.0457,0.0239,-0.0361,0.0523,0.0124,0.0025,0.0504,-0.1747,-0.0378,0.0464,-0.0138,0.0215,0.041,-0.0869,-0.0396
293,5353,108,3,standing,-0.0001,-0.5818,0.0137,0.005,-0.0035,-0.0204,0.0122,0.3079,-0.0143,-0.0102,-0.1449,-0.0337,0.0218,0.1154,-0.0093,0.0249,-0.0065,0.0023,0.0117,0.0074,0.015,-0.0085,0.0067,-0.0239,0.0229,0.0045,0.0323,0.0005,-0.0102,0.03,-0.0014,0.0296,0.0081,0.004,-0.0173,0.0007,0.0405,1.4384,-0.0164,0.0258,-0.0506,-0.0364,-0.0141,0.0015,0.5324,0.0063,-0.002,0.0045,-0.0271,0.7521,-0.0286,0.0588,-0.0315,-0.0127,-0.0026,-0.0003,0.0343,-0.0168,-0.0519,0.0389,0.0268,0.0196,0.022,0.0378,-0.194,-0.0476,0.0605,-0.0182,0.0499,0.0543,-0.0888,0.0044
294,5354,108,3,standing,-0.0137,1.5609,-0.0105,0.038,-0.0246,0.0142,-0.0334,-1.2218,0.0802,-0.0544,0.5596,0.0655,-0.0173,-0.9155,-0.0164,-0.0222,-0.0034,0.0124,0.0259,0.0192,-0.0068,0.0043,-0.0036,-0.0115,-0.0007,0.008,0.0279,-0.0098,-0.0152,0.0025,-0.007,0.0323,0.0064,0.0041,-0.011,0.0015,-0.0036,0.2275,0.0205,0.0294,0.0055,-0.0308,-0.0151,-0.0054,0.5726,0.002,-0.0078,-0.0044,-0.0126,0.6778,-0.0108,-0.04,-0.0286,0.0342,0.042,0.0232,-0.0367,0.0029,-0.0312,0.0553,-0.0352,0.0212,0.0522,0.043,-0.2059,-0.0444,0.026,0.021,0.0189,0.0565,-0.1313,-0.0416
295,5355,108,3,standing,-0.0006,-0.5827,0.0059,0.0018,-0.0094,-0.0174,0.0086,0.3228,-0.0185,-0.019,-0.1518,-0.0432,-0.0137,0.1145,0.0022,0.0125,-0.0264,0.0046,0.021,0.0113,-0.0169,0.0049,-0.0079,-0.0224,0.0065,-0.0016,0.0348,-0.0095,-0.0299,0.0324,-0.0033,0.0285,0.0105,0.0082,-0.0153,0.0031,-0.0025,0.3185,-0.0253,0.0274,0.0365,-0.0242,-0.0109,0.0008,0.5783,0.0044,0.0012,0.001,0.014,0.6818,-0.0043,-0.0377,0.0085,0.0124,-0.0202,0.0125,0.0309,0.0107,-0.0454,0.0429,-0.0537,-0.023,0.0548,-0.0556,-0.1844,-0.0495,-0.0415,-0.0332,0.0098,-0.0588,-0.1257,-0.0441
296,5356,108,3,standing,-0.0015,-0.5677,0.0003,0.0102,-0.0123,-0.0098,0.02,0.3945,-0.0264,-0.0118,-0.1874,-0.0478,0.0043,0.1169,-0.0176,-0.0079,-0.0257,0.0068,0.0191,0.0275,0.0055,-0.002,0.0085,-0.0091,0.0286,0.0009,0.0347,0.0033,-0.016,0.0326,-0.0076,0.0327,0.0091,0.008,-0.0107,-0.0048,-0.0149,0.2942,-0.0092,0.0182,0.0303,-0.0019,-0.0177,-0.0047,0.5769,-0.0007,-0.0059,-0.0112,-0.0079,0.6673,0.0032,0.0534,-0.0155,0.0006,0.035,0.0229,-0.024,-0.0027,0.044,0.023,-0.049,0.0139,0.039,0.0608,-0.2042,-0.0374,0.0363,0.0079,0.0195,0.0318,-0.0943,-0.0381
297,5357,108,3,standing,-0.0036,-0.6519,0.0155,0.01,-0.0005,-0.0258,0.0238,0.4116,-0.0272,-0.0163,-0.1989,-0.0479,0.0328,-0.1146,-0.0136,0.0204,-0.0173,-0.0048,0.0245,0.0055,0.0073,-0.0015,-0.0111,-0.0092,0.0025,0.0085,0.0269,-0.0064,-0.0122,0.0188,0.0064,0.0288,0.0083,0.0009,-0.0195,0.003,0.0391,0.274,0.0212,0.007,-0.0305,-0.0366,-0.0106,0.0004,0.5813,0.003,-0.0008,-0.0061,0.0222,0.6497,-0.0134,-0.0386,-0.0319,-0.0146,0.0465,0.0183,-0.0348,-0.0485,0.0547,-0.0373,0.055,0.0421,0.0089,-0.0519,-0.2047,-0.0582,0.0492,0.0412,0.027,0.0298,-0.1254,-0.0279
298,5358,108,3,standing,-0.0139,-0.5824,0.0097,-0.003,-0.0065,-0.0216,0.0249,0.4,-0.0198,-0.014,-0.1888,-0.0456,-0.0289,0.1136,-0.0163,-0.0059,-0.0086,0.0262,0.0127,0.0276,-0.0029,-0.0106,-0.0151,-0.0173,0.0111,0.0009,0.0389,-0.0049,-0.0183,0.0341,-0.0024,0.0291,0.0092,0.0079,-0.0116,0.0026,0.0313,0.3257,0.0112,0.0236,-0.0016,-0.004,-0.0118,-0.0005,0.5709,0.0045,-0.0064,-0.0084,-0.0065,0.7166,-0.0257,-0.0322,-0.0095,-0.0207,-0.0376,0.0222,0.0089,0.0438,0.0418,-0.044,-0.0404,0.0396,0.047,-0.0584,-0.1952,-0.0693,0.054,0.0189,0.0426,0.0483,-0.0916,-0.0303
299,5359,108,3,standing,-0.0058,-0.5907,0.0154,-0.0091,0.0026,-0.0384,0.0176,0.3929,-0.0233,-0.0186,-0.1807,-0.047,-0.01,0.1037,0.0145,-0.0049,0.0072,0.027,0.0199,-0.0063,-0.0039,-0.007,0.0011,-0.0076,0.0248,0.001,0.0363,-0.0082,-0.0205,0.0343,-0.0007,0.033,0.0121,0.0063,-0.0164,0.005,0.0214,0.3179,0.0118,0.0256,-0.0378,-0.0399,-0.0153,-0.0008,0.573,-0.002,-0.0066,-0.0003,-0.0131,0.7108,-0.0265,-0.0532,-0.0221,-0.0137,0.0413,-0.0018,-0.0208,-0.042,-0.0451,-0.0328,0.0293,0.0209,0.0271,0.0312,-0.1879,-0.0443,0.0584,-0.0056,0.0501,0.06,-0.0988,-0.0544
300,5360,108,3,standing,-0.0027,-0.6486,0.0043,0.0004,0.0019,-0.0218,0.0134,0.3923,-0.0151,-0.0124,-0.1795,-0.0374,-0.009,-0.1189,-0.0182,-0.0077,0.0172,0.0055,0.0275,0.0065,-0.0006,0.0083,0.0043,-0.0202,-0.0103,0.0032,0.0313,0.0149,-0.0068,0.0163,-0.0113,0.0346,0.0063,0.008,-0.0104,0.0007,0.0322,0.2941,0.0196,0.009,0.028,-0.0229,-0.0181,-0.0054,0.5773,-0.0011,-0.0071,-0.0149,0.0234,0.7007,0.0084,0.0441,0.0302,0.025,-0.0366,0.0356,-0.004,0.0421,0.0269,-0.0487,0.0455,0.0336,0.0012,0.0403,-0.1872,-0.0386,-0.046,0.0411,0.0224,-0.0437,-0.0994,-0.05
301,5361,108,3,standing,-0.0037,-0.5941,0.0128,-0.0014,0.0089,-0.0206,0.0215,0.4208,-0.0316,-0.0098,-0.2065,-0.0516,0.0118,0.1043,-0.0005,0.0062,-0.0132,-0.0028,0.0304,0.0266,0.0075,0.0052,-0.0143,-0.0184,0.0043,0.0091,0.0369,0.0074,-0.0105,0.0329,-0.0014,0.0276,0.0065,0.0007,-0.0165,0.0008,0.0249,0.2693,-0.0151,0.0195,-0.0094,0.0389,-0.0111,-0.002,0.581,-0.001,-0.0061,-0.0059,0.0032,0.6574,-0.0221,0.0589,-0.0351,0.0236,0.0332,0.028,-0.0172,-0.0391,-0.0254,0.0409,-0.052,0.0186,0.0415,0.0466,-0.1984,-0.0487,0.0429,0.0038,0.0349,0.0595,-0.1256,0.0021
302,5362,108,3,standing,-0.0118,-0.5806,0.0135,-0.0009,0.002,-0.0223,0.0173,0.3583,-0.0234,-0.0109,-0.1728,-0.046,-0.037,0.1385,-0.0121,-0.0191,-0.0303,0.0268,0.0206,-0.0214,-0.0019,0.0053,0.0063,-0.0074,0.0158,0.0035,0.0332,-0.0085,-0.016,0.0274,-0.0041,0.035,0.0083,0.0039,-0.014,-0.0011,0.0296,0.3185,0.0099,0.018,-0.0049,-0.0256,-0.0064,0.0007,0.5769,0.0038,0.0008,0.0019,-0.018,0.6846,0.0029,-0.0584,0.01,0.0028,-0.0069,0.0054,-0.0053,-0.0063,0.0366,-0.0555,-0.0022,0.016,0.0419,0.0504,-0.2017,-0.0427,0.0408,0.0196,0.0288,0.0525,-0.1189,-0.0443
303,5363,108,3,standing,-0.0034,-0.5766,0.0095,-0.0128,-0.0167,-0.031,0.0149,0.3519,-0.0202,-0.0152,-0.1592,-0.0438,0.007,0.1517,-0.0254,0.0192,-0.005,-0.0064,0.0306,0.0223,0.0002,-0.0036,-0.0132,-0.0219,0.0339,-0.0045,0.0329,-0.0029,-0.0114,0.0367,-0.0051,0.0285,0.0105,0.0003,-0.0175,0.0017,-0.0003,1.4023,-0.0088,-0.0044,-0.0505,0.0245,-0.0127,0.0012,0.5343,0.0048,0.0021,-0.0094,0.0043,0.8269,-0.0099,0.0235,-0.0156,-0.0016,0.0206,-0.0018,0.0188,-0.0183,0.0278,0.0384,-0.0424,0.0092,0.0419,0.0555,-0.2125,-0.0473,0.0483,0.0293,0.0086,-0.007,-0.0973,-0.0393
304,5364,108,3,standing,-0.0089,-0.5825,0.0007,0.0033,-0.0128,-0.0179,0.0191,0.3012,-0.0094,-0.01,-0.1469,-0.0308,0.0138,0.1509,0.0202,0.0112,0.0071,-0.0056,0.0249,0.0149,0.0213,0.0017,-0.0038,-0.0254,0.0268,-0.002,0.029,0.0062,-0.0129,0.0233,0.0003,0.0316,0.015,0.0042,-0.0108,0.0053,-0.0286,2.034,0.0182,-0.0273,-0.0685,-0.0556,-0.0162,0.005,0.4986,0.0113,-0.0028,0.007,0.0335,0.8594,-0.0408,-0.0583,-0.039,0.0368,0.0484,-0.0377,-0.0454,-0.0447,0.0543,-0.0517,0.0531,0.0209,-0.0119,-0.0676,-0.1976,-0.0609,0.0573,0.0351,0.0224,0.0626,-0.0883,0.0032
305,5365,108,3,standing,0.0176,-0.594,0.0023,0.0147,0.0005,-0.0269,0.0208,0.4018,-0.0245,-0.0112,-0.192,-0.0425,0.0214,0.0826,-0.0186,0.0195,0.0122,0.0057,0.0156,0.0283,0.0056,-0.0046,-0.0024,-0.0098,-0.0073,-0.004,0.0233,-0.0035,-0.0277,0.0128,-0.0064,0.0314,0.0042,0.0067,-0.0105,0.0012,0.0166,0.2784,0.0081,0.0088,0.0038,-0.0032,-0.0099,0.0007,0.5687,0.0002,-0.0035,-0.008,-0.0036,0.7107,0.0104,0.0257,-0.0027,0.0335,0.0303,0.0215,0.0133,-0.0098,0.0446,-0.0291,-0.0325,0.0149,0.0386,0.0486,-0.1977,-0.0403,0.0228,0.0214,0.0234,0.0439,-0.1318,-0.034
306,5366,108,3,standing,-0.0034,-0.5769,0.0095,-0.0073,0.0041,-0.0223,0.0207,0.3363,-0.0268,-0.0184,-0.1625,-0.0455,0.0214,0.1301,-0.0063,-0.0135,-0.0054,-0.0243,0.015,0.017,0.001,-0.0024,-0.0116,-0.0192,0.0101,0.0082,0.0344,-0.006,-0.0236,0.0276,-0.0008,0.0284,0.0053,0.0041,-0.0145,0.0057,0.0414,2.0978,-0.0039,0.0371,-0.05,0.0367,-0.012,-0.0023,0.4975,-0.0026,-0.0052,-0.0162,-0.0065,0.8367,-0.0096,-0.0489,-0.009,0.0296,-0.0038,0.0254,0.0118,0.0326,-0.0463,-0.0601,-0.031,0.0225,0.042,0.0432,-0.184,-0.0548,0.0719,0.0356,0.0382,0.0526,-0.1384,-0.0057
307,5367,108,3,standing,-0.0086,0.0334,0.0158,0.0051,-0.0048,-0.011,0.0134,0.0238,-0.0068,-0.022,-0.017,-0.0263,-0.0094,1.3045,-0.0014,0.0183,-0.0191,-0.0035,0.02,0.0219,-0.0043,0.0029,-0.0005,-0.0075,0.0109,0.0008,0.0296,0.0006,-0.0113,0.0167,0.0002,0.0284,0.0092,0.0058,-0.0124,0.0038,0.0392,3.0949,-0.0317,0.0254,-0.0719,-0.0498,-0.0146,-0.0057,-0.2927,-0.0035,-0.0033,-0.0017,-0.0274,-0.5847,0.0056,0.038,0.0088,0.0183,-0.0114,0.0194,-0.0117,0.0325,-0.0429,0.0377,0.0541,-0.0012,-0.0364,-0.0674,-0.1853,-0.0615,0.0533,0.0308,0.0439,0.0597,-0.1099,0.0053
308,5368,108,3,standing,0.003,-0.5964,0.0157,0.0066,-0.0013,-0.0229,0.0258,0.3274,-0.0178,-0.013,-0.1496,-0.0465,-0.0072,0.079,-0.009,0.0147,-0.0289,-0.0025,0.0321,0.0214,0.018,0.0053,0.0048,-0.0242,0.0119,0.0036,0.026,-0.0001,-0.0231,0.0194,-0.0066,0.0276,0.0062,0.0001,-0.0121,0.0012,0.0441,0.3182,0.0137,0.0082,-0.0303,-0.0379,-0.0102,0.0048,0.577,0.0051,-0.0017,-0.0091,0.0064,0.7018,0.0146,-0.036,-0.0161,0.0204,0.0391,-0.0056,-0.0132,-0.0354,0.05,-0.0576,0.042,0.0208,0.0027,0.0478,-0.1877,-0.0588,0.0293,0.0226,0.0345,0.0407,-0.1206,-0.0514
309,5369,108,3,standing,-0.0028,-0.5816,0.0117,-0.0134,0.0003,-0.0304,0.0251,0.301,-0.0102,-0.0192,-0.1377,-0.0353,-0.0066,0.1344,-0.0224,0.0144,-0.0078,0.0094,0.0159,0.004,-0.0069,-0.0032,-0.0127,-0.011,0.0084,-0.0045,0.0334,-0.0053,-0.0326,0.0246,-0.0016,0.0314,0.01,0.0044,-0.0114,-0.0011,0.038,1.3877,-0.0107,-0.0202,-0.042,0.0453,-0.0125,-0.0025,0.5468,-0.001,-0.0071,-0.0016,-0.0174,0.7251,0.001,-0.0238,-0.0147,0.0281,-0.0056,0.0265,-0.0277,0.0415,-0.0163,-0.0464,0.0213,0.0215,-0.0034,-0.0436,-0.197,-0.0446,0.0405,0.0154,0.0298,0.0368,-0.0955,-0.0371
310,5370,108,3,standing,0.0029,-0.5906,0.0155,0.0108,-0.0117,-0.0184,0.0145,0.3425,-0.0175,-0.013,-0.155,-0.0482,-0.0071,0.0806,-0.0086,0.02,0.019,0.0009,0.0233,0.0167,0.0045,-0.0036,-0.0045,-0.0126,0.0286,-0.0097,0.0329,-0.012,-0.0295,0.0218,-0.0014,0.0298,0.0058,0.0005,-0.0173,0.0068,-0.0002,0.2631,-0.0007,0.022,0.0438,-0.0316,-0.012,0.0038,0.5773,0.0086,0.0036,-0.0028,0.0066,0.6845,0.0268,-0.0534,-0.0352,-0.0058,0.0407,0.0391,-0.0348,0.0063,-0.0373,0.0366,-0.0495,0.0274,0.041,0.024,-0.1945,-0.051,0.0023,0.0054,0.0332,0.0598,-0.129,-0.0302
311,5371,108,3,standing,-0.0086,1.5955,0.0108,-0.0019,-0.0301,-0.0217,0.0034,-0.926,0.0559,-0.0449,0.4392,0.039,-0.0042,0.2064,0.0205,-0.0069,-0.0222,0.011,0.0239,0.027,0.0073,0.009,0.0009,-0.0156,0.0126,0.0093,0.0312,0.0006,-0.0139,0.0188,-0.016,0.0252,0.0052,-0.0066,-0.0149,-0.0116,-0.0191,-0.0415,-0.0075,0.0289,0.0348,-0.0005,-0.0053,0.0026,0.5902,0.0035,-0.0025,-0.0026,-0.0073,0.6997,-0.0046,0.0508,-0.0294,0.0116,-0.0019,-0.0174,0.0378,-0.0434,0.0565,0.0404,-0.0478,0.0155,0.0385,0.045,-0.2259,-0.0542,-0.0085,0.0248,0.0264,-0.0009,-0.1204,-0.033
312,5372,108,3,standing,-0.0084,-0.5946,0.0027,0.0008,-0.0095,-0.0301,0.0101,0.3589,-0.0203,-0.0119,-0.1724,-0.0425,0.038,0.0759,-0.0155,0.0065,0.0052,0.0075,0.0123,0.0195,-0.0039,0.0049,-0.0045,-0.0176,0.0082,0.0035,0.0235,0.004,-0.0116,0.0171,0.0018,0.0293,0.0084,0.0015,-0.0145,0.0033,-0.0139,0.3178,-0.0188,0.0256,0.0164,0.0365,-0.0063,-0.0048,0.5806,0.0056,-0.0043,-0.0124,-0.0244,0.6583,0.0274,0.045,0.0226,0.0213,0.0374,0.0195,-0.0339,-0.0317,0.0503,0.0404,-0.044,-0.0025,0.0531,0.0573,-0.2266,-0.0497,-0.0287,0.0013,0.0185,-0.047,-0.1196,-0.0357
313,5373,108,3,standing,-0.0021,-0.5936,0.0094,-0.0107,-0.0049,-0.0288,0.0133,0.3648,-0.0245,-0.0194,-0.1652,-0.0468,0.0297,0.1135,0.0017,-0.0069,-0.0168,-0.0033,0.0082,0.0203,-0.012,0.0076,0.0072,-0.0059,0.0154,-0.0002,0.0304,-0.0112,-0.0278,0.0148,-0.0051,0.0315,0.0101,0.0035,-0.0181,-0.0017,-0.0033,1.3728,0.0238,0.0211,-0.0374,0.0413,-0.0136,0.0013,0.5263,0.0041,-0.0031,0.0031,-0.0227,0.7498,-0.013,-0.0517,-0.0265,0.032,-0.0101,0.0259,0.0062,0.0427,-0.0345,0.0529,0.0391,0.0218,0.0102,0.049,-0.1959,-0.0575,0.0585,0.0331,0.0383,0.0505,-0.097,-0.0551
314,5374,108,3,standing,-0.0029,-0.5886,0.0165,-0.0067,-0.003,-0.0283,0.0136,0.3509,-0.019,-0.0146,-0.1598,-0.043,-0.0009,0.1056,-0.0052,-0.0109,-0.011,0.0018,0.0328,0.0228,-0.0044,-0.0125,-0.0084,-0.0213,0.0115,-0.006,0.0306,-0.0061,-0.0182,0.0278,-0.002,0.0338,0.0095,0.0039,-0.0159,-0.0009,-0.0073,1.203,0.0201,0.0087,-0.029,0.0319,-0.0131,0.0008,0.5511,0.0041,-0.0033,-0.0126,-0.0092,0.7246,-0.0065,-0.0516,-0.0146,0.0173,-0.0232,-0.0046,0.0189,0.0246,0.0429,-0.0444,0.0371,0.0381,0.0038,-0.0603,-0.1847,-0.0668,0.0522,0.0343,0.0255,0.0589,-0.093,-0.0466
315,5375,108,3,standing,-0.0041,0.1559,0.0036,0.0088,-0.0097,-0.0183,0.0158,0.1037,-0.0075,-0.0168,-0.0495,-0.0303,0.0007,1.371,-0.02,0.0013,0.0114,0.0068,0.0233,0.0059,-0.0105,-0.002,0.0018,-0.0121,0.0139,0.0055,0.0326,0.0054,-0.0104,0.0147,-0.0036,0.0343,0.0016,0.0016,-0.0144,0.0034,0.0279,1.341,0.0036,-0.0084,-0.0241,-0.0194,-0.0079,-0.0026,0.5173,-0.0031,-0.0009,0.0016,0.0269,0.8392,-0.0032,0.0454,0.0299,0.0095,-0.0334,0.0114,0.0358,0.0093,0.0405,0.0396,-0.0317,0.0226,0.0284,0.0443,-0.2025,-0.0416,0.0577,0.0163,0.0217,0.0545,-0.1306,-0.0252
316,5376,108,3,standing,-0.0105,-0.6489,0.0154,0.007,-0.0148,-0.0117,0.0259,0.4253,-0.0292,-0.0189,-0.1997,-0.0475,0.0138,-0.0845,0.0213,0.0047,-0.0083,0.0063,0.0227,0.0201,-0.0033,-0.0009,0.0029,-0.0129,0.0085,0.0065,0.0287,0.0024,-0.0096,0.0192,-0.0054,0.0338,0.0049,0.0014,-0.0162,-0.0016,0.0381,0.2684,-0.0032,0.0244,-0.0051,-0.0396,-0.017,-0.0051,0.5784,0.0028,-0.0107,-0.0098,-0.0265,0.7108,-0.0236,0.0533,-0.0275,0.0117,0.0425,0.032,-0.0366,0.0356,-0.0301,-0.0517,0.0372,0.0143,0.0318,0.0435,-0.2057,-0.0444,0.0595,-0.0048,0.0233,0.0488,-0.1329,0.0136
317,5377,108,3,standing,-0.0088,-0.5926,0.0019,-0.0056,-0.0095,-0.0274,0.0153,0.3938,-0.0224,-0.0134,-0.1786,-0.045,-0.0043,0.1162,-0.0033,-0.0007,-0.0204,0.0071,0.0198,-0.0181,0.0106,-0.0125,-0.0112,-0.006,0.03,-0.0014,0.0314,0.0022,-0.0216,0.0245,-0.0077,0.0374,0.0021,0.0054,-0.014,-0.0008,-0.0299,0.2632,-0.0175,-0.0009,0.0385,0.0441,-0.0183,-0.0057,0.574,0.0026,-0.0024,-0.0102,0.025,0.7106,0.0046,0.0508,0.007,-0.0163,0.0208,0.0344,-0.0424,0.0153,0.0337,0.0361,0.0534,0.006,-0.0355,-0.0495,-0.2055,0.0326,-0.0511,-0.0094,0.0009,-0.028,-0.098,0.0115
318,5378,108,3,standing,-0.0446,0.1317,-0.013,-0.0336,-0.0438,-0.0595,0.0101,0.0931,0.0068,-0.0305,-0.0453,-0.0115,0.0086,0.062,0.0022,-0.018,0.0021,-0.0092,0.0103,-0.0393,0.0001,-0.0204,-0.0076,-0.0164,0.0194,0.0015,0.0363,-0.0033,-0.004,0.0354,-0.0005,0.0263,0.0061,0.0022,-0.0154,-0.0024,0.0235,-0.1144,0.0292,0.0252,-0.0006,0.0346,-0.0139,-0.0031,0.5695,0.0031,-0.0033,0.0001,-0.011,0.7249,0.0081,-0.0588,-0.0303,0.0069,0.0375,0.0089,-0.0167,-0.0387,0.0498,-0.0479,-0.046,0.0419,0.0531,0.0687,-0.1942,-0.0611,0.0489,0.0216,0.0266,0.0322,-0.1204,-0.0521
319,5379,108,3,standing,-0.0096,0.0011,0.0034,-0.0125,-0.0185,-0.0237,0.0168,0.372,-0.0248,-0.0123,-0.1713,-0.0464,0.0001,1.4528,-0.0118,0.0065,-0.0145,0.0051,0.027,0.0264,-0.0038,0.0052,-0.0046,-0.0132,0.008,0.0018,0.0255,0.0002,-0.0176,0.0215,-0.0022,0.0311,0.0091,0.0104,-0.0112,0.0056,0.0341,1.0335,0.0044,0.0086,0.0007,-0.0157,-0.0139,-0.0036,0.486,0.0038,-0.0042,-0.0101,0.0204,0.8609,0.0031,-0.0494,-0.0196,0.0203,0.0368,0.04,-0.0079,-0.0294,-0.0376,-0.0553,-0.0384,0.0218,0.0223,0.0606,-0.1877,-0.0532,0.051,0.0201,0.0282,0.0573,-0.095,-0.0325
320,5380,108,3,standing,-0.0044,-0.5813,0.0079,-0.0055,-0.0101,-0.0307,0.0119,0.3128,-0.0182,-0.0138,-0.1496,-0.0353,0.0035,0.1474,0.0028,-0.0227,0.0124,0.0019,0.0192,0.0276,-0.0091,-0.0176,-0.0006,-0.0158,0.0142,-0.0053,0.0322,-0.0073,-0.0224,0.0246,-0.0066,0.0295,0.0058,0.0056,-0.0125,-0.0002,-0.0093,0.7131,-0.0233,0.0261,-0.0033,0.0285,-0.0082,-0.0006,0.5426,0.0046,-0.0045,-0.0029,-0.0338,0.8385,0.0004,-0.0376,-0.021,-0.0087,-0.031,-0.0026,0.038,-0.0206,0.0446,-0.0554,0.0072,0.0256,0.0205,0.0455,-0.2054,-0.0605,0.0399,0.0145,0.027,0.052,-0.1203,-0.0166
321,5381,108,3,standing,0.0486,0.071,0.0085,0.0072,-0.0227,0.007,-0.0056,0.0507,-0.0165,-0.0178,-0.0339,-0.0239,0.0072,0.013,0.013,0.0122,-0.0034,0.0049,0.0226,-0.0132,-0.0146,-0.0162,-0.0071,-0.0212,0.0172,-0.0027,0.0341,-0.0016,-0.0273,0.0055,0.0043,0.0301,0.0063,0.0042,-0.0113,0.0055,0.0298,0.1343,0.0173,0.0165,-0.0471,-0.0194,-0.0033,-0.0101,0.3588,-0.0048,-0.0049,-0.0132,-0.02,1.1623,-0.0006,0.0101,-0.0308,-0.0113,0.0437,-0.0155,-0.0273,-0.023,-0.0652,0.0001,0.0253,0.0264,0.0195,0.0017,-0.1505,-0.0426,0.0389,0.0328,0.0255,0.0375,-0.0795,-0.0605
322,5382,108,3,standing,-0.0084,-0.5908,0.0047,-0.0139,-0.0124,-0.0316,0.0236,0.421,-0.0209,-0.0111,-0.2008,-0.0454,0.0327,0.107,-0.0025,0.0074,-0.0093,0.0055,0.0066,0.0148,-0.0177,-0.0008,-0.003,-0.0143,0.0245,-0.0029,0.0334,-0.0099,-0.0223,0.0262,-0.003,0.0306,0.0058,0.0054,-0.0101,0.0018,0.0191,0.2634,0.0254,0.034,0.016,0.0439,-0.0151,0.0002,0.5815,0.0037,-0.0041,-0.003,0.0189,0.662,-0.0036,0.048,-0.0097,-0.0273,0.0183,0.0216,0.004,-0.0135,-0.057,-0.0445,0.0414,0.0379,0.0298,0.0387,-0.1889,-0.0527,-0.0392,0.0359,0.0405,0.0365,-0.132,-0.0642
323,5383,108,3,standing,-0.0111,-0.5944,0.0036,-0.0067,-0.0092,-0.0333,0.0109,0.3944,-0.0253,-0.0171,-0.1928,-0.047,-0.0148,0.0798,0.0088,0.0025,-0.0152,0.0223,0.0188,0.026,0.0009,0.0085,-0.0072,-0.0164,0.0291,-0.0046,0.0327,-0.0054,-0.021,0.0204,-0.0009,0.0317,0.0036,0.0005,-0.0135,0.0016,-0.002,2.0416,-0.0307,0.0384,-0.0191,-0.0426,-0.012,0.0023,0.4912,0.0041,-0.0008,-0.0032,-0.0281,0.8428,0.0118,-0.0367,0.0023,0.0378,0.035,0.0271,-0.0094,-0.0059,-0.045,-0.0504,0.0599,0.0246,-0.0042,0.0544,-0.1896,-0.0345,0.0553,-0.0196,0.04,0.0589,-0.0888,-0.051
324,5384,108,3,standing,0.0096,-0.5847,-0.0152,-0.0105,0.013,-0.0336,0.0228,0.3407,-0.0208,-0.0199,-0.1618,-0.0426,0.0387,0.1144,0.0078,-0.0008,-0.0115,0.0238,-0.0148,-0.0089,-0.0052,0.0006,-0.0032,-0.0092,0.0176,0.002,0.0371,0.012,0.001,0.0307,0.0042,0.0321,0.009,0.0063,-0.0167,0.0026,0.0259,1.3297,-0.0298,-0.0361,-0.0288,-0.0391,-0.0142,0.0015,0.5461,0.0018,-0.001,0.0071,-0.0343,0.7234,0.005,0.0186,-0.006,0.0136,0.0247,0.0271,-0.0262,0.0212,0.0499,-0.0517,-0.0459,0.0018,0.0477,0.0707,-0.188,0.0046,0.0487,-0.0089,-0.0016,-0.0089,-0.0995,-0.0504
325,5385,108,3,standing,0.0077,0.0593,-0.0008,0.015,-0.0063,-0.0211,0.0199,0.0736,-0.0116,-0.0215,-0.0324,-0.0229,-0.0003,-0.0023,-0.0105,-0.0038,-0.0032,-0.0039,0.024,0.009,-0.0062,-0.014,0.0013,-0.0146,0.0145,-0.0032,0.0223,-0.0061,-0.0208,0.016,0.0031,0.029,0.0096,0.0063,-0.0073,-0.0002,0.0337,0.0471,0.0171,0.0264,-0.0071,0.0225,0.0097,-0.0068,0.5809,0.0062,-0.0066,-0.0118,-0.0201,0.755,-0.0104,0.054,0.018,0.0278,0.027,0.033,-0.0449,-0.0049,-0.0554,-0.0588,-0.0654,0.0265,0.0401,0.0539,-0.1499,-0.0396,0.0313,0.0229,0.0289,0.0214,-0.0486,-0.0526
326,5386,108,3,standing,0.0045,-0.6337,0.015,-0.0144,-0.0068,-0.0396,0.0185,0.426,-0.0177,-0.0037,-0.2049,-0.041,-0.01,0.0732,-0.0165,0.0128,-0.0131,0.0094,0.033,0.028,0.0078,0.0001,-0.0085,-0.0212,0.0304,0.0014,0.025,-0.0059,-0.0191,0.0265,-0.0053,0.0364,0.0025,0.0015,-0.0119,-0.0019,0.02,0.2746,0.0062,0.0276,-0.0314,-0.0222,-0.0142,0.0066,0.5792,0.0047,-0.0058,0.002,0.0118,0.7079,-0.0249,0.0421,-0.0167,0.0353,0.0118,0.0189,-0.0236,0.0102,0.0489,0.0371,0.0516,0.03,0.0004,0.0406,-0.196,-0.0455,-0.0007,0.0094,0.0324,-0.0343,-0.1322,-0.0493
327,5387,108,3,standing,-0.0045,-0.5839,0.0036,-0.0108,0.0012,-0.0275,0.0089,0.3586,-0.02,-0.0162,-0.1628,-0.0489,0.029,0.1303,0.0095,0.0003,-0.0055,0.0025,0.0259,0.0116,-0.0032,0.0073,-0.0064,-0.0191,0.0263,-0.0022,0.0308,-0.0084,-0.0246,0.0157,-0.0085,0.0348,0.0077,0.002,-0.0188,-0.0015,0.028,1.4246,-0.0064,0.0124,-0.0232,-0.037,-0.0156,-0.0031,0.5406,-0.0006,-0.0047,-0.0002,-0.0179,0.7231,0.0225,-0.0404,-0.0046,0.0331,0.021,0.0203,-0.0132,0.0204,0.031,0.0421,-0.0386,0.0139,0.0543,-0.0453,-0.1896,-0.0631,0.0519,0.0117,0.0277,0.057,-0.1189,-0.0509
328,5388,108,3,standing,0.0111,-0.5825,-0.0057,0.0164,0.0049,-0.0196,0.0084,0.3546,-0.0132,-0.0092,-0.1738,-0.0414,0.0213,0.114,0.0035,-0.0074,-0.0274,0.0246,0.0318,0.0064,0.0012,0.006,-0.0083,-0.0188,0.0105,-0.0006,0.0254,-0.0032,-0.014,0.0199,-0.0017,0.029,0.0029,0.0008,-0.0152,0.0011,0.0377,1.3766,-0.0129,0.033,0.0262,-0.028,-0.0171,-0.0037,0.5321,0.0061,-0.0085,-0.0025,-0.038,0.7262,0.0209,0.0544,-0.0081,-0.0234,-0.0091,0.032,-0.0436,0.0494,-0.0554,-0.0307,-0.0473,-0.0018,0.0469,0.0229,-0.2252,-0.0647,0.04,0.0209,0.0264,0.0487,-0.1606,-0.0367
329,5389,108,3,standing,0.0126,-0.5847,-0.013,0.0211,-0.0095,-0.0076,-0.0044,-0.0174,0.0063,-0.0252,0.0166,-0.0104,0.0142,-0.58,-0.0026,0.0088,-0.0194,-0.0239,0.0118,0.033,-0.0038,0.0021,-0.0006,0.0016,0.0248,0.0059,0.0314,-0.0021,-0.0181,0.0309,-0.0044,0.0363,0.0053,0.0011,-0.0125,-0.0002,0.026,0.7296,-0.0201,-0.0155,-0.0499,0.0272,-0.0132,-0.001,0.5735,0.0031,-0.005,-0.0135,-0.0221,0.7129,0.0292,-0.0341,0.0371,-0.0109,-0.0088,0.043,-0.0395,0.0468,0.0421,-0.0589,0.0518,0.016,-0.028,-0.0528,-0.1906,-0.0686,0.0478,-0.035,0.0124,0.04,-0.114,-0.0481
330,5390,108,3,standing,-0.0158,-0.5905,0.0026,0.0169,-0.0062,-0.0091,0.0227,0.4287,-0.0326,-0.0124,-0.2074,-0.0454,0.0075,0.1094,-0.0101,0.0038,0.0042,-0.005,0.0286,0.0273,-0.0059,-0.0176,-0.0048,0.0006,0.0233,0.0014,0.0381,0.0084,-0.0182,0.0219,-0.0012,0.0298,0.013,0.002,-0.0143,-0.0012,-0.026,-0.2634,-0.0043,0.0195,0.0115,-0.0031,-0.0112,0.0004,0.5772,0.0018,-0.0016,0.0093,0.0256,0.717,-0.0318,0.0444,-0.0029,0.0189,-0.0096,0.0214,-0.0026,0.0215,-0.058,-0.0543,0.042,0.0199,0.0242,0.0506,-0.1985,-0.0414,-0.0048,-0.0133,0.0349,-0.0106,-0.0943,-0.02
331,5391,108,3,standing,-0.0038,0.0315,0.0119,-0.0004,-0.0157,-0.0186,0.0021,-0.0017,0.0065,-0.0211,-0.0045,-0.0206,0.0249,0.9633,-0.0136,-0.0083,-0.0059,0.0072,0.0269,0.014,-0.016,-0.0109,-0.0122,-0.0175,0.0279,0.0093,0.0235,-0.0193,-0.0226,0.0324,-0.0009,0.0355,0.0028,0.0016,-0.0156,-0.003,0.0345,0.1342,-0.0063,0.0099,0.0035,-0.0045,-0.0159,-0.0006,0.5498,-0.0003,-0.0074,0.0017,0.004,0.823,0.0073,-0.0404,-0.0299,0.0251,0.0469,0.0451,-0.0287,-0.0102,-0.0397,-0.0585,-0.0307,-0.0006,0.0441,-0.0486,-0.1913,-0.0667,0.0528,0.0331,0.0413,0.0505,-0.1066,-0.0607
332,5392,108,3,standing,-0.0096,2.0138,-0.0167,0.0476,-0.0191,0.0049,0.0337,0.7946,-0.0433,-0.0018,-0.3892,-0.0613,-0.0065,1.7518,0.0073,0.0054,-0.0127,0.0024,0.0228,0.0146,0.0004,-0.0036,0.0076,-0.0244,-0.0004,0.0106,0.0274,-0.0112,-0.0088,-0.0026,0.0032,0.0326,0.008,0.0038,-0.0154,0.0023,0.0176,-1.0687,0.0264,-0.007,0.0319,0.0414,-0.009,-0.0035,0.5466,-0.0051,-0.001,-0.0089,-0.0235,0.8328,-0.0203,0.0389,-0.0066,0.0145,0.018,0.0054,-0.0006,-0.0114,-0.0466,-0.0287,-0.0301,0.0215,0.0369,-0.0459,-0.1959,-0.0654,0.0539,0.0408,-0.0024,0.0597,-0.1183,0.0008
333,5393,108,3,standing,-0.0089,-0.5604,0.0097,0.0041,-0.0055,-0.0258,0.0152,0.2356,-0.0139,-0.0213,-0.1133,-0.035,0.033,0.2171,-0.0147,0.0016,-0.0178,0.0034,0.0284,0.0293,0.0127,0.0075,-0.0063,-0.0107,0.0232,0.0066,0.0386,0.0064,-0.016,0.0276,-0.0006,0.037,0.0115,0.0028,-0.0209,0.0013,0.0315,1.4254,0.019,0.0183,-0.0507,0.0423,-0.013,-0.0026,0.5421,0.002,-0.0028,-0.0003,0.002,0.7178,-0.0242,0.0518,0.0304,0.0052,0.0408,0.0256,-0.0419,-0.0309,-0.0533,0.0226,0.0656,0.0479,-0.0167,0.0344,-0.1898,-0.0565,0.0677,0.0267,0.0434,0.0445,-0.0977,-0.0556
334,5394,108,3,standing,-0.0021,1.5806,-0.0137,0.0277,-0.0299,-0.0074,-0.0374,-0.975,0.0559,-0.0568,0.4524,0.0453,0.01,0.2294,-0.0182,-0.0062,0.0012,0.0199,0.0249,0.0221,-0.0059,-0.0043,-0.0004,-0.0169,0.0238,-0.0129,0.0401,0.0012,-0.0097,0.0426,-0.0061,0.0314,0.0042,0.0014,-0.0116,-0.0033,0.0081,-1.0665,0.0283,0.033,0.0217,0.0328,-0.0146,0.0022,0.5852,0.0056,-0.0008,-0.0023,-0.0174,0.66,-0.0064,-0.0362,0.0251,0.0073,0.0082,-0.0021,-0.0039,0.0006,0.044,-0.0416,0.0204,0.0228,0.0347,-0.0042,-0.2019,-0.0611,-0.0464,0.026,0.0154,-0.0477,-0.0942,-0.0385
335,5395,108,3,standing,-0.0121,-0.5935,0.0027,0.0044,0.0003,-0.0174,0.018,0.4119,-0.0254,-0.0111,-0.198,-0.0496,-0.005,0.0924,0.0075,0.0105,-0.0143,0.0269,0.0133,-0.021,0.0032,0.0065,-0.0014,-0.0168,0.0303,0.0043,0.0276,0.0052,-0.008,0.0285,-0.002,0.0312,0.0027,0.0016,-0.0151,-0.0001,0.0336,-0.259,-0.0098,0.0225,0.0207,0.0347,-0.0116,0.0013,0.5869,0.0036,0.0031,-0.001,0.0024,0.6614,-0.0243,0.0508,-0.0145,0.0192,-0.0028,0.0292,0.0143,-0.013,-0.0582,0.0566,0.0534,0.0094,0.0058,0.0427,-0.2309,0.0549,-0.0323,0.0114,0.0188,-0.0437,-0.1327,-0.0475
336,5396,108,3,standing,-0.0021,-0.6489,0.0054,-0.0127,0.0036,-0.0279,0.0243,0.4228,-0.023,-0.0045,-0.2056,-0.0445,0.0254,-0.1057,-0.0085,0.0115,-0.0075,-0.0009,0.0172,0.019,-0.0095,0.0107,-0.0062,-0.0169,0.0152,0.0016,0.0328,0.0034,-0.0132,0.0262,-0.0009,0.0308,0.0081,0.0019,-0.0149,-0.0021,-0.0212,-0.1346,0.0066,0.0181,0.0466,0.0225,-0.016,0.0018,0.5727,0.0055,-0.0037,-0.0081,-0.0086,0.7137,-0.008,0.0526,-0.0334,-0.0202,0.04,0.0378,-0.0396,-0.0097,-0.0282,-0.0564,-0.0496,0.0134,0.047,0.0547,-0.2269,-0.0313,-0.0355,0.016,0.021,0.0056,-0.1297,-0.041
337,5397,108,3,standing,-0.0061,-0.5866,0.0025,-0.0073,-0.0129,-0.0214,0.0158,0.3076,-0.0176,-0.0111,-0.1493,-0.0372,-0.0084,0.1254,-0.0208,0.018,0.0233,0.0057,0.03,0.0095,-0.0063,-0.0075,-0.0012,-0.0106,0.0003,-0.0035,0.0354,0.0042,-0.0145,0.0193,0.0043,0.0344,0.0062,0.0027,-0.0167,0.002,0.0274,1.4205,0.0095,0.0251,-0.0283,0.0407,-0.014,0.0046,0.534,0.0043,-0.0019,-0.0033,0.0132,0.7347,-0.0075,0.0368,0.0138,-0.0003,-0.0084,0.0196,-0.0223,0.0084,-0.0438,0.0318,0.0473,0.0248,0.002,-0.0506,-0.1857,-0.038,0.0456,0.0263,0.022,0.032,-0.0881,-0.0524
338,5398,108,3,standing,-0.0044,-0.5605,0.0087,0.0116,-0.0146,-0.018,0.024,0.2609,-0.0163,-0.0126,-0.1275,-0.0368,0.0038,0.163,-0.0133,-0.0006,0.0061,0.0205,0.0315,0.028,-0.0018,0.0078,-0.0094,-0.0172,0.0158,0.0054,0.0298,0.0027,-0.0232,0.0229,-0.0021,0.03,0.0067,0.0074,-0.0149,0.0045,0.0325,1.2048,0.0048,0.0075,-0.0406,0.0414,-0.0119,0.0004,0.5376,0.0077,0.0054,-0.0198,-0.0255,0.7332,-0.0102,-0.0384,-0.0441,0.0355,0.0439,0.034,-0.0469,-0.0024,0.049,-0.0546,0.0422,0.037,0.021,0.0266,-0.197,-0.0685,0.0279,0.0159,0.033,-0.0104,-0.1305,-0.0529
339,5399,108,3,standing,-0.0026,-0.5968,0.0145,0.0104,0.007,-0.0189,0.0137,0.3107,-0.0219,-0.0123,-0.1425,-0.0446,0.0317,0.1061,-0.0053,0.0226,-0.0155,0.0255,0.0304,0.0246,0.0069,-0.0085,0.0048,-0.0168,0.0099,0.0039,0.0363,0.0176,-0.0072,0.0279,-0.0021,0.0285,0.0112,0.0019,-0.0145,0.0009,-0.0083,0.3442,0.0189,0.0082,-0.0207,-0.0323,-0.0139,-0.0003,0.5794,0.0032,-0.007,-0.003,0.0042,0.6448,-0.0196,-0.0263,-0.0349,-0.0023,0.0451,0.0392,-0.0299,0.0461,-0.0333,-0.0426,0.0416,0.0289,0.0075,-0.0374,-0.1756,-0.0387,0.0238,0.0402,0.018,-0.004,-0.1031,-0.0433
340,5400,108,3,standing,-0.0019,-0.5565,0.0131,-0.0112,0.0053,-0.0346,0.0228,0.269,-0.0134,-0.0183,-0.1257,-0.036,-0.0049,0.1623,0.006,-0.0011,0.0141,-0.0174,0.0294,0.0233,-0.0084,-0.0025,0.0003,-0.0155,0.009,0.0041,0.0311,0.0051,-0.0035,0.0261,-0.002,0.0298,0.0055,0.0053,-0.0117,-0.0008,0.025,1.3729,0.0192,0.0214,-0.0386,-0.0305,-0.0063,0.0035,0.5425,0.003,0.002,-0.0019,0.0161,0.7231,-0.0104,-0.0543,-0.0283,-0.02,0.0214,-0.0004,0.0092,-0.0275,-0.0506,-0.0324,0.0123,0.0375,0.0205,0.0497,-0.1889,-0.0464,0.0515,0.0207,0.0398,0.0583,-0.1074,-0.0554
341,5401,108,3,standing,-0.0067,1.5848,-0.0123,0.041,-0.0254,0.0008,0.018,0.5609,-0.0351,-0.0092,-0.2608,-0.0574,0.0304,1.72,-0.0194,0.0137,0.0032,0.008,0.0284,0.0167,0.0011,-0.0023,0.0048,-0.0123,0.0156,-0.0114,0.0335,-0.0059,-0.026,0.0205,-0.0044,0.0296,0.0102,0.0021,-0.0143,-0.0023,0.0318,-1.4183,-0.0108,0.0431,0.0213,0.0389,-0.0123,0.0009,0.5495,0.0075,0.0007,-0.0008,-0.0243,0.7353,0.0111,0.0549,-0.0231,0.012,0.0341,0.0005,0.0176,-0.0227,0.0554,-0.0374,-0.0441,0.005,0.0502,-0.0481,-0.1966,-0.0586,-0.0064,0.0153,0.026,0.0364,-0.0864,-0.0421
342,5402,108,3,standing,0.0096,-0.6484,0.0115,0.0009,-0.0041,-0.0158,0.0164,0.3295,-0.0184,-0.02,-0.1558,-0.0416,0.0238,-0.1143,0.0081,0.0124,-0.0036,0.0076,0.0192,0.0132,-0.0065,0.0053,-0.003,-0.0219,0.0104,0.0028,0.0335,0.0056,-0.0229,0.0265,0.0019,0.0272,0.0073,0.0019,-0.0173,0.0057,0.0258,0.336,0.0282,0.0315,0.0399,0.0455,-0.0096,-0.0037,0.5763,0.004,-0.007,0.009,0.0323,0.715,-0.0148,-0.0544,-0.0183,0.0118,-0.0243,0.0359,0.0309,0.0309,-0.051,0.0388,0.0346,0.0362,0.0374,-0.0295,-0.2307,-0.0608,-0.0536,0.0472,0.0272,-0.0407,-0.1345,-0.0588
343,5403,108,3,standing,-0.0091,2.0347,-0.0189,0.0498,-0.0278,-0.0016,0.0381,0.7907,-0.0466,0.008,-0.3718,-0.066,0.0138,1.7286,0.0044,0.0107,-0.0239,0.0125,0.0307,0.0179,-0.0007,0.0036,-0.0071,-0.0142,0.0054,0.0054,0.0248,-0.0095,-0.0216,0.0066,0.0015,0.0298,0.0094,0.0117,-0.0102,0.0045,-0.0257,0.1841,0.0194,0.0366,0.0162,0.0311,-0.0152,0.0042,0.5302,0.0026,-0.002,-0.002,-0.0132,0.8522,0.0018,-0.0446,-0.0225,0.0219,-0.0005,0.021,0.0151,0.0194,-0.0555,0.0376,-0.0335,0.0134,0.0459,0.0326,-0.2049,-0.0422,0.0438,0.0396,0.028,0.0264,-0.1605,-0.0406
344,5404,108,3,standing,0.0055,-0.6495,0.0079,-0.0038,0.0004,-0.0315,0.0237,0.3915,-0.0211,-0.0145,-0.1806,-0.0433,-0.0015,-0.0933,0.0046,-0.0194,0.0029,0.0208,0.018,0.0082,-0.0018,0.011,-0.0061,-0.0065,0.0303,-0.008,0.0255,-0.0159,-0.0338,0.0241,0.0054,0.0371,0.0134,0.0014,-0.014,0.0022,-0.0106,0.2935,-0.0088,-0.0062,-0.036,-0.0291,-0.0092,0.0032,0.573,0.0055,-0.002,0.0038,0.0008,0.7232,-0.0123,-0.0228,-0.0188,0.026,0.0165,-0.0104,-0.0132,0.0143,0.0281,-0.0465,0.0574,0.0187,-0.017,0.0479,-0.1912,-0.0353,0.0418,0.013,-0.0147,-0.0275,-0.1309,-0.0496
345,5405,108,3,standing,-0.0121,-0.5607,0.0089,0.0044,-0.0108,-0.0179,0.0161,0.2556,-0.0134,-0.0218,-0.1309,-0.0324,0.0317,0.2053,0.0011,0.0099,-0.0206,0.027,0.0344,0.0067,-0.018,-0.0052,0.0008,-0.0194,0.0243,0.0024,0.038,0.0079,-0.0022,0.0298,-0.003,0.0286,0.0111,0.0025,-0.0141,-0.0031,0.0411,1.4842,0.0093,0.0268,0.0151,-0.0224,-0.0153,-0.0012,0.5324,0.002,-0.0057,-0.0026,-0.0235,0.7105,-0.009,-0.0586,0.012,-0.0094,-0.0369,0.0355,0.0101,0.0513,0.0444,-0.0376,0.0435,0.0164,0.0071,-0.0543,-0.2013,-0.045,-0.0403,-0.0014,0.0224,-0.042,-0.1256,-0.0502
346,5406,108,3,standing,-0.007,-0.584,0.0094,-0.0057,0.003,-0.0314,0.0199,0.3225,-0.0204,-0.0119,-0.1464,-0.0419,0.0379,0.1478,0.0163,0.0048,-0.0024,0.0177,0.0187,0.0266,-0.0017,0.0006,-0.0066,-0.0131,0.0122,-0.0031,0.0284,-0.0151,-0.0219,0.0228,-0.008,0.0294,0.0105,-0.0023,-0.0149,0.0005,0.0243,1.3765,-0.0067,-0.0103,-0.0658,-0.0403,-0.0127,-0.0032,0.5438,0.0026,-0.0052,-0.0073,0.0154,0.7104,0.0013,0.0533,0.012,0.0256,-0.0331,0.0238,-0.0323,0.0356,-0.0583,0.0272,-0.0369,0.0104,0.0342,0.0606,-0.201,-0.0452,0.0495,0.0122,0.0129,0.044,-0.0985,-0.0488
347,5407,108,3,standing,-0.0018,1.5944,-0.0089,0.0285,-0.0306,-0.0024,-0.0319,-0.9604,0.0559,-0.0463,0.4474,0.0454,-0.0057,0.2308,-0.0164,0.0152,0.0008,0.0229,0.0235,0.0064,-0.0071,-0.0103,0.0032,-0.0126,0.021,0.0049,0.026,-0.0092,-0.0195,0.0338,-0.0016,0.0287,0.0092,0.0054,-0.0145,0.0004,-0.0171,-1.0699,0.0138,-0.0005,0.0348,-0.039,-0.0112,-0.0016,0.5829,-0.0047,-0.002,-0.0034,-0.0258,0.7105,-0.0209,0.0516,0.001,0.0272,-0.0095,0.0149,0.0054,0.0083,-0.0353,-0.0249,0.0405,0.018,-0.0048,0.0606,-0.2346,-0.0377,-0.032,0.0181,0.0102,-0.0419,-0.1292,-0.029
348,5408,108,3,standing,-0.0059,-0.5837,0.0078,0.0124,-0.0046,-0.0169,0.0134,0.3044,-0.0093,-0.0145,-0.1505,-0.0334,-0.0001,0.0945,-0.0234,0.008,-0.0115,0.0063,0.024,0.0159,-0.0056,-0.0008,-0.0029,-0.0096,0.0229,-0.0032,0.0325,0.0005,-0.0193,0.0269,-0.0018,0.034,0.0088,0.01,-0.0078,0.0034,-0.0183,1.4241,-0.011,0.0208,-0.0366,-0.0215,-0.008,-0.0012,0.5284,-0.003,-0.0016,-0.0114,0.0013,0.709,0.0048,-0.0607,-0.0181,0.0284,0.0252,0.0219,-0.0095,-0.0064,0.0351,0.0179,-0.0002,0.0107,0.0338,0.0303,-0.2078,-0.0493,0.0585,0.0128,0.0292,0.0384,-0.1203,-0.0481
349,5409,108,3,standing,-0.0068,1.7346,-0.0206,0.0364,-0.0297,0.0049,-0.0288,-0.9563,0.058,-0.0425,0.4412,0.051,0.0121,0.169,0.005,0.0097,-0.0006,-0.0114,0.0158,0.0138,0.0056,-0.0036,-0.0025,-0.0162,0.0234,-0.0017,0.0326,-0.0056,-0.0277,0.0196,-0.0099,0.0298,0.0102,0.0086,-0.0142,0.0007,0.0074,-0.0694,0.006,0.03,0.0315,-0.0042,-0.0165,-0.0021,0.59,0.0001,-0.0055,-0.0062,-0.0075,0.6771,0.0068,0.021,-0.0064,0.0154,0.0203,0.0265,-0.0226,0.0177,-0.046,-0.0334,0.0345,0.0205,0.0251,-0.0479,-0.1879,-0.0375,-0.0185,0.0356,0.022,-0.0244,-0.0853,-0.0392
350,5410,108,3,standing,-0.0005,1.5609,-0.0096,0.0375,-0.0278,0.0083,-0.0208,-0.9229,0.0582,-0.0402,0.4303,0.0463,-0.0049,0.2249,0.0012,-0.0133,-0.0225,0.0166,0.0252,0.0117,-0.0129,-0.0028,0.0044,-0.0095,-0.003,0.0032,0.0358,-0.0065,-0.0172,0.0146,-0.0103,0.0312,0.0077,0.004,-0.0131,-0.0058,0.0293,0.1846,-0.0027,0.019,-0.0244,-0.0323,-0.0138,0.0014,0.579,0.0086,-0.0013,-0.0038,0.0184,0.6868,-0.0064,-0.0446,-0.0158,0.0135,0.0213,0.0234,-0.0105,0.0044,0.055,-0.043,0.0335,0.0125,0.0136,-0.0053,-0.2029,-0.0343,0.0383,0.0188,0.0283,0.0309,-0.1192,-0.0267
351,5411,108,3,standing,0.0125,-0.6006,0.0149,-0.0117,-0.0048,-0.0251,0.0216,0.3676,-0.0173,-0.0204,-0.1708,-0.0457,-0.0151,0.0694,0.0015,-0.0133,-0.0306,0.0262,0.0315,0.0069,0.0088,0.0095,0.0056,-0.0185,-0.0039,0.0023,0.0344,0.0112,0.0003,0.0247,0.0052,0.0285,0.01,-0.0009,-0.019,0.0031,0.0446,0.3401,-0.0023,0.0334,-0.0237,0.0324,-0.0077,0.0022,0.5865,0.0058,0.0031,-0.007,-0.0105,0.6627,-0.0003,0.0399,0.007,-0.0113,0.008,0.0356,-0.0408,0.0373,0.0293,0.0275,0.0544,0.0132,0.0035,0.0605,-0.1839,0.0056,0.0168,0.0196,0.0193,0.0386,-0.1059,-0.0307
352,5412,108,3,standing,-0.0008,-0.6543,0.0101,0.0069,-0.0055,-0.0295,0.0276,0.4238,-0.028,-0.0119,-0.2028,-0.0493,0.0023,-0.0989,0.0158,0.0014,-0.0122,0.0222,0.0239,0.0147,-0.0072,0.0047,0.0139,-0.016,0.0106,0.0084,0.0307,-0.0079,-0.026,0.0196,-0.0034,0.0362,0.0044,0.0053,-0.0166,-0.0016,-0.0099,0.2626,0.0312,0.0254,0.038,-0.0247,-0.009,0.0009,0.5814,0.0056,0.0011,-0.0017,0.0324,0.6995,-0.0139,0.0575,-0.0178,0.0208,0.039,0.0331,-0.0452,-0.0118,-0.0601,0.0466,0.0346,0.0476,0.0432,0.056,-0.2082,-0.0504,-0.0406,0.0308,0.0226,-0.0252,-0.1239,
353,5413,108,3,standing,-0.0134,-0.5883,0.0159,-0.0059,0.007,-0.0277,0.0236,0.3937,-0.0232,-0.0063,-0.1809,-0.0464,0.032,0.1168,0.0104,-0.0006,-0.0191,0.0015,0.008,0.0092,-0.0038,-0.0021,-0.0043,-0.0171,0.0118,-0.0015,0.0262,-0.0127,-0.0224,0.0256,-0.0107,0.0294,0.0042,0.0005,-0.0141,-0.0036,-0.0011,1.205,0.0055,0.0305,-0.016,-0.0343,-0.0063,-0.0048,0.5517,0.0028,-0.0063,-0.0064,0.0204,0.729,0.018,-0.0516,-0.0113,0.0312,0.0283,0.019,0.0087,-0.0217,-0.0501,-0.0499,-0.0377,0.0332,0.0356,0.0419,-0.201,-0.0434,0.0403,0.0124,0.0258,0.0576,-0.1209,-0.0473
354,5414,108,3,standing,-0.0037,-0.5945,0.0062,0.0109,-0.0095,-0.0251,0.0121,0.5279,-0.0141,-0.0145,-0.2496,-0.0366,0.0301,-0.1259,0.0026,-0.005,-0.0051,0.0273,0.0224,0.0054,-0.0007,0.0012,-0.0066,-0.0164,-0.009,-0.0082,0.0307,0.0023,-0.0191,0.0272,-0.0084,0.0386,0.0111,0.0035,-0.0085,-0.005,0.0259,-0.0708,0.0306,0.0186,-0.0199,0.0569,-0.0149,0.0063,0.5774,0.0039,-0.0023,-0.0105,0.0271,0.6673,0.0082,0.0465,-0.0315,0.0101,0.0414,0.026,-0.0304,0.0024,0.0571,-0.0471,0.0252,0.0284,0.0151,-0.0275,-0.1698,-0.0448,0.0419,0.0239,0.0216,0.0193,-0.0741,-0.039
355,5415,108,3,standing,-0.0081,-0.6517,0.0009,-0.0056,0.0018,-0.0257,0.02,0.3867,-0.0231,-0.0102,-0.18,-0.0437,0.0164,-0.0828,-0.0146,0.0177,-0.0114,0.0026,0.0156,-0.0049,0.0036,0.0123,0.0044,-0.0191,0.0294,0.008,0.0304,0.0031,-0.0108,0.0227,-0.0094,0.0312,0.0068,0.0015,-0.0111,0.0006,-0.004,0.3172,0.0143,-0.0271,-0.0242,0.0327,-0.016,-0.004,0.5758,-0.0063,-0.007,-0.0083,-0.0284,0.7246,0.0266,0.0649,-0.0133,-0.0022,-0.0182,0.0388,-0.0334,0.044,-0.0346,-0.0563,0.021,0.0403,-0.0065,-0.0549,-0.1987,-0.053,0.0506,0.0376,0.0072,0.0578,-0.0943,-0.0055
356,5416,108,3,standing,-0.0149,-0.5675,0.0068,0.0024,0.0008,-0.0257,0.0184,0.3887,-0.0155,-0.0122,-0.1831,-0.0386,0.0361,0.1313,-0.0055,0.0074,0.0035,0.0266,0.008,0.0169,-0.0047,-0.003,-0.0061,-0.0231,0.009,-0.013,0.0379,0.0116,-0.0291,0.0275,-0.0051,0.0282,0.0084,0.0019,-0.0127,-0.0007,0.0349,0.3743,-0.0043,0.0212,0.0242,0.0357,-0.0175,0.0053,0.5816,0.0105,-0.0075,0.0016,0.0022,0.6779,-0.0086,-0.0643,-0.0302,0.0139,0.0453,-0.0224,0.0018,-0.0419,-0.0395,-0.0191,-0.0325,0.0055,0.0502,0.0484,-0.205,-0.0555,-0.0012,-0.0028,0.025,-0.0204,-0.1039,-0.0333
357,5417,108,3,standing,-0.0081,-0.5764,0.0098,0.0076,0.0022,-0.0153,0.0223,0.309,-0.0194,-0.0186,-0.1454,-0.0449,0.0135,0.1182,-0.0068,0.0046,-0.0116,-0.0285,0.0169,0.0275,0.0003,0.0037,0.0019,-0.0177,0.0134,0.0055,0.0305,-0.0107,-0.0125,0.0246,-0.0041,0.0327,0.0029,0.0055,-0.014,0.0031,0.0424,1.3766,-0.0012,-0.02,-0.049,-0.0341,-0.0062,0.0024,0.5308,0.0027,-0.0024,-0.0129,0.0018,0.7344,-0.0102,0.04,-0.0098,0.0082,-0.0115,-0.0073,0.0232,-0.0119,-0.0419,-0.0514,0.0299,0.0353,0.0129,-0.0369,-0.1904,-0.0485,0.0555,0.0164,0.0132,0.0268,-0.0938,0.0004
358,5418,108,3,standing,-0.0041,-0.6537,0.01,-0.0035,-0.0057,-0.0326,0.0249,0.3923,-0.0185,-0.0153,-0.1755,-0.049,0.0284,-0.1303,-0.0083,-0.0008,-0.0259,0.0065,0.0136,0.0215,0.003,0.0075,-0.0036,-0.0011,0.0029,0.0039,0.0313,-0.0127,-0.0111,0.0164,-0.0009,0.0297,0.0108,0.0031,-0.014,0.0022,0.0373,0.295,0.0267,0.0228,0.0273,0.0454,-0.011,0.001,0.5779,0.0032,-0.0007,-0.0112,0.0204,0.7104,-0.0099,0.0407,-0.0149,0.0118,0.0234,0.016,0.0073,-0.034,0.0479,-0.0199,-0.0412,0.0173,0.0523,0.048,-0.2058,-0.0553,0.046,0.018,0.0302,0.0594,-0.1317,-0.0396
359,5419,108,3,standing,-0.0014,-0.5905,0.0006,0.0027,-0.0168,-0.0182,0.0232,0.4206,-0.0252,-0.0075,-0.2095,-0.0463,-0.0179,0.1122,-0.0039,0.0098,-0.0135,0.0043,0.03,0.0088,-0.0142,0.0067,-0.0032,-0.0165,0.011,0.0007,0.0295,-0.0058,-0.0274,0.0224,-0.0085,0.0308,0.0071,0.0039,-0.0124,0.0002,-0.026,1.1778,0.0284,0.0104,-0.0377,0.0353,-0.0153,-0.0004,0.5477,0.0048,-0.0022,-0.0001,-0.0069,0.7381,-0.02,-0.0326,-0.0039,0.0211,0.0113,0.008,-0.0004,-0.0096,-0.0432,0.0497,-0.0394,0.0195,0.0333,0.0534,-0.1856,-0.0605,0.0408,0.0388,0.0143,0.044,-0.1143,-0.0243
360,5420,108,3,standing,0.0001,-0.5933,0.0027,0.0114,0.0043,-0.0219,0.0253,0.4274,-0.0223,-0.0131,-0.198,-0.053,-0.0059,0.1245,-0.0073,-0.0063,-0.009,0.0019,0.008,0.0183,0.0036,0.0092,0.0006,-0.0112,0.0141,0.0051,0.0299,0.0161,-0.0173,0.0268,-0.0079,0.0314,0.0123,0.0007,-0.0133,-0.0046,0.0386,0.3189,0.0079,-0.0028,-0.0198,0.0232,-0.0123,-0.0041,0.5773,-0.0045,-0.0067,-0.0055,0.0158,0.7104,-0.0274,-0.0506,0.0043,0.0346,0.0331,0.0196,0.0086,-0.0105,-0.0377,-0.0448,0.043,0.0359,-0.0055,0.024,-0.225,-0.0586,0.0497,0.0206,0.0083,0.0394,-0.0978,-0.032
361,5421,108,4,walking,-0.002,0.7086,-0.0125,0.0318,0.0097,-0.0153,0.0035,-0.1068,-0.0272,-0.0416,-0.058,0.0059,0.0069,-0.0569,-0.0052,0.0022,0.0066,0.0015,0.0254,0.0236,0.0142,0.0028,-0.0081,-0.0238,-0.0083,-0.0066,0.0284,0.0063,-0.0224,0.0227,0.0074,0.0359,0.009,-0.0023,-0.0195,-0.0027,0.0226,0.1635,0.0087,0.0274,0.0239,0.0,-0.009,-0.0083,0.5859,0.0045,-0.0103,-0.024,-0.007,0.505,0.0032,-0.0643,-0.0323,0.0291,-0.0123,0.0157,-0.0037,0.0194,0.0488,0.0374,0.043,0.0089,0.0156,-0.0368,-0.1955,-0.0445,0.034,-0.0107,0.0338,0.0396,-0.097,-0.0036
362,5422,108,4,walking,-0.0048,-1.0137,-0.0055,-0.0062,-0.0116,-0.0329,0.0346,0.5246,-0.0234,-0.0094,-0.2528,-0.046,-0.0148,-0.8014,-0.0022,-0.0304,-0.0003,0.0164,0.0214,-0.0157,0.0221,0.0033,-0.0204,-0.0188,0.0088,0.0016,0.0293,0.0174,-0.009,0.0256,-0.001,0.0378,0.0131,0.003,-0.0126,0.0012,0.01,0.4696,-0.0076,-0.0262,-0.0334,0.0288,-0.0139,0.0041,0.6175,0.0129,-0.0025,-0.0053,-0.0192,0.4447,-0.0046,-0.0692,0.0062,0.0246,0.0007,0.014,0.0037,-0.0099,0.0038,0.0437,-0.0073,0.0271,0.0208,0.036,-0.2059,-0.0392,0.041,0.0068,0.0229,0.0536,-0.0942,-0.0143
363,5423,108,4,walking,-0.0091,-0.8165,0.0189,0.0006,0.0148,-0.0163,0.0017,0.4092,-0.019,-0.0125,-0.1979,-0.0374,0.0534,-0.3548,0.0236,-0.0089,0.026,-0.0037,0.0113,-0.0077,0.0041,-0.0063,0.0079,-0.0157,0.0202,0.0102,0.0325,-0.0044,-0.005,0.029,-0.017,0.03,0.0137,-0.0054,-0.0216,-0.0021,0.0363,1.5077,-0.0078,0.0222,-0.0257,-0.0065,-0.0096,0.0153,0.5358,0.0126,0.0019,-0.0072,-0.0241,0.4544,-0.0065,0.056,0.0054,0.0075,-0.009,-0.0038,0.0083,-0.0003,0.0335,0.0388,-0.0356,0.0123,0.0405,0.0547,-0.2124,-0.0457,0.0518,-0.0068,0.0311,-0.0438,-0.1423,-0.0135
364,5424,108,4,walking,-0.0045,-0.8199,0.0008,0.0016,0.0147,-0.0292,0.0114,0.4227,-0.0246,-0.0219,-0.2061,-0.0456,-0.0577,-0.4073,0.0036,-0.0207,-0.0061,0.016,0.0158,0.0078,-0.0096,0.0058,-0.0084,-0.0106,-0.0022,-0.0124,0.0282,0.0185,-0.0091,0.0311,0.0054,0.0359,0.0193,0.0075,-0.0108,0.0021,0.0361,1.0349,-0.002,0.0234,-0.0039,-0.0177,-0.0081,-0.0098,0.5497,0.0095,-0.0139,0.01,0.0135,0.6375,0.032,0.0535,0.0271,0.0305,0.0256,0.0227,-0.0395,-0.0016,-0.0477,-0.0512,0.0086,-0.0083,0.0266,0.0416,-0.2218,0.0432,0.0374,-0.0085,0.0301,0.0384,-0.0999,-0.007
365,5425,108,4,walking,-0.0667,-0.8619,-0.0008,-0.0646,-0.0569,-0.1296,-0.0179,0.4206,0.0163,-0.0303,-0.232,-0.0389,0.1023,-0.3385,-0.0075,-0.0012,0.8489,-0.3792,-0.3776,-1.0375,-0.2623,-0.6416,-0.0098,1.0681,0.2936,-0.0533,0.0402,-1.008,-0.3875,0.0608,-0.0216,-0.969,0.7203,0.0288,0.1327,0.0062,0.0059,0.9407,-0.0199,0.0152,-0.4429,1.0273,-0.0222,0.0346,0.6017,0.0025,0.0045,-1.9672,-0.0107,0.4272,-0.0331,-0.0236,-1.794,-0.036,0.0033,-0.0392,-0.0137,-0.0496,0.0481,-0.0512,-0.4681,-0.0945,0.2053,-0.2193,-0.269,-0.0442,0.1452,0.0553,-0.046,-0.2134,-0.1093,1.266
366,5426,108,4,walking,-0.0097,-0.8312,0.0079,-0.0031,-0.0063,-0.0248,0.0229,0.3877,-0.0274,-0.0117,-0.1824,-0.0494,0.0582,-0.4028,-0.0057,0.0102,0.012,0.0041,0.0017,-0.0023,-0.0072,0.0177,0.0143,-0.0154,-0.021,0.016,0.0238,-0.007,0.0133,0.0081,-0.0075,0.0288,-0.0003,-0.004,-0.0156,-0.0002,0.0384,1.5016,0.0108,0.019,-0.0443,0.0324,-0.008,0.0021,0.5939,-0.0016,-0.0097,-0.0026,-0.015,0.486,0.0006,-0.0642,0.0065,0.0253,-0.0057,0.0006,0.0202,-0.0183,0.0266,-0.0361,0.0332,0.0235,0.0038,0.0414,-0.1963,-0.0375,0.0439,0.01,0.0188,0.0034,-0.1319,-0.0294
367,5427,108,4,walking,-0.0666,-1.0208,0.0003,-0.0074,0.0604,-0.0429,-0.018,0.559,-0.0193,-0.0084,-0.2589,-0.0526,-0.0486,-0.7095,-0.0023,-0.0045,-0.0104,-1.023,-0.0409,1.0054,-0.0278,-0.0224,0.0379,0.0119,2.3736,0.0285,-0.0295,0.0346,0.0065,0.0557,-0.0332,-0.0015,0.9867,0.0259,-0.0361,-0.0156,-0.0125,0.9779,0.0213,-0.0438,0.0133,0.0312,-0.0063,0.024,0.6542,-0.0162,-0.014,-0.0031,-0.0171,0.401,-0.0005,0.0646,-0.0099,0.035,-0.0085,-0.0066,0.0114,0.0023,-0.0383,-0.0502,-0.0516,-0.0167,-0.0137,-0.0473,-0.1897,-0.0693,-0.0617,0.0392,-0.0268,0.0415,-0.0883,0.0323
368,5428,108,4,walking,-0.0089,-0.7904,0.0076,-0.0167,-0.0174,-0.0224,0.0051,0.3298,-0.0238,-0.0121,-0.1555,-0.0427,-0.0706,-0.3911,0.0112,-0.0035,-0.0043,-0.026,0.0304,0.024,-0.0016,-0.006,0.0009,-0.0212,-0.0144,-0.0192,0.0136,0.0086,-0.0286,0.0026,0.0105,0.0409,0.0171,0.0156,-0.0183,0.003,-0.0094,2.0521,-0.0083,-0.0338,0.0324,0.0349,-0.0253,0.0033,0.5999,0.0276,-0.0201,-0.0043,0.0312,0.5336,-0.0383,-0.068,0.012,-0.0033,0.0463,-0.0068,-0.0446,-0.0569,-0.0392,0.0375,0.0297,-0.0123,-0.0218,-0.036,-0.2233,-0.0516,-0.0036,0.0078,0.0078,0.0357,-0.0952,-0.0109
369,5429,108,4,walking,0.0835,-0.8193,0.0087,-0.0643,0.0058,-0.207,-0.0235,0.3737,-0.0202,0.0067,-0.2001,-0.0402,0.0702,-0.4148,-0.0184,0.0029,-0.021,0.007,0.0192,0.0019,0.0094,-0.0272,-0.0005,-0.0242,0.0176,-0.0036,0.0134,0.0313,-0.0269,0.0167,-0.0286,0.0353,0.0127,-0.0144,-0.0117,-0.0157,0.038,0.7494,0.0303,-0.0228,-0.0006,-0.0106,-0.0038,-0.0009,0.5546,-0.0091,-0.0107,-0.0053,-0.0369,0.4112,0.0029,-0.0489,-0.008,0.0292,-0.0038,0.0045,0.006,-0.0154,0.0519,-0.0571,0.0436,0.0223,-0.0375,-0.0478,-0.223,0.0343,0.0469,0.0441,0.0164,0.0253,-0.1307,-0.0024
370,5430,108,4,walking,0.0857,-0.9768,-0.0445,-0.0973,-0.0948,0.0085,0.0216,0.3272,-0.0059,-0.0297,-0.1737,-0.0547,0.1346,-0.4893,-0.03,-0.0094,1.0881,0.7099,-0.3879,-1.1648,-0.2629,0.9415,0.3558,1.8417,-0.603,0.102,-0.0107,-2.0363,0.3616,-0.2259,0.0079,-1.5078,-0.9183,-0.1594,0.2123,-0.0041,0.0347,0.4193,0.0407,0.018,-1.2698,-2.0024,0.0118,0.0194,0.7172,0.0163,-0.0031,-2.9403,-0.0132,0.4044,-0.0152,-0.0699,-2.4692,0.0173,-0.0376,0.0011,0.0122,0.0208,-0.0237,0.0268,-0.3077,-0.0452,0.1454,-0.0601,-0.2046,0.7183,0.3598,0.0555,0.0412,-1.1405,-0.0982,1.0142
371,5431,108,4,walking,-0.0117,-0.9409,0.0026,-0.0125,0.0068,-0.0312,0.0103,0.4116,-0.0235,-0.0189,-0.2064,-0.0471,0.0685,-0.354,-0.0009,-0.0097,0.0178,1.0333,-0.0054,-0.0214,-0.0241,0.0275,0.013,0.0039,-0.0326,-0.0147,0.0254,-0.0089,-0.0262,0.0301,-0.0201,0.0374,-0.0043,-0.0113,-0.0191,-0.0061,0.0421,0.7737,0.0098,-0.0009,-0.0345,-0.0075,-0.0012,0.0057,0.5894,0.0003,0.0087,-0.008,0.005,0.512,-0.0156,-0.0821,-0.029,0.0063,-0.0035,-0.0085,0.016,0.0052,0.0539,-0.0544,-0.0507,-0.0006,0.043,-0.0606,-0.1893,-0.0481,0.0447,0.0388,0.0289,-0.0495,-0.0974,-0.0353
372,5432,108,4,walking,0.0709,-0.9703,-0.0418,-0.0365,-0.0616,-0.0697,0.0181,0.4283,-0.0158,-0.0389,-0.2232,-0.0442,0.0586,-0.309,-0.0082,-0.0166,0.9987,0.973,-0.379,-1.0507,-0.2072,0.9722,0.3734,1.313,-0.4964,0.1563,0.0058,-0.3595,0.7087,0.1615,-0.0014,-1.3295,-0.9742,-0.3422,0.0682,-0.1599,2.4396,1.0405,0.0072,0.0005,-1.5062,-1.131,-0.0022,0.02,0.6566,-0.0125,0.0277,-1.9963,0.0066,0.5057,0.7814,0.0035,-1.8093,0.0225,-0.0245,0.0097,0.0107,-0.0233,0.0143,-0.0323,-0.47,0.0252,0.2132,-0.1323,-0.189,0.696,0.6314,0.0136,0.0423,-0.8213,-0.085,0.0549
373,5433,108,4,walking,-0.0049,-0.9768,0.0151,0.0015,0.0074,-0.0176,0.0227,0.4428,-0.02,-0.012,-0.2057,-0.0418,0.0775,-0.3426,0.0168,0.0022,0.9957,0.0287,-0.0214,-0.0091,-0.0191,0.0067,-0.0254,0.0306,0.0059,0.011,0.0316,-0.0293,0.0006,0.0377,0.0006,-0.0322,0.0072,0.0141,-0.0137,0.0009,-0.0359,1.0684,0.0024,0.0366,-0.0184,-0.0085,-0.0104,0.0076,0.5994,0.0034,-0.0006,-0.0033,-0.0271,0.4355,0.01,-0.0528,-0.0236,0.0074,0.0059,-0.0086,0.0113,-0.0245,-0.0341,0.0568,-0.0397,-0.013,0.0445,0.0488,-0.2633,0.0465,0.0519,0.0339,0.0267,-0.0503,-0.0936,0.0083
374,5434,108,4,walking,-0.0541,-1.0087,0.0508,-0.0166,-0.0616,-0.0423,-0.0135,0.5187,-0.0346,0.0153,-0.2515,-0.0517,-0.082,-0.8609,-0.0174,-0.0214,0.0277,1.0095,0.0185,-0.6039,-0.0193,1.4419,0.0118,-0.3304,-1.3776,0.0536,0.0029,0.0432,0.0632,0.0102,0.0048,1.04,-1.3554,0.0369,-0.0229,0.0001,0.0059,0.5075,0.0149,-0.0376,-0.048,-2.4609,0.02,-0.0246,0.7262,0.0079,-0.0128,-2.7097,0.0355,0.4956,0.0385,0.0667,-2.0972,-0.0265,0.0459,0.0396,-0.0255,-0.0285,0.0574,0.0641,0.6446,-0.0605,-0.3172,-0.055,0.0296,0.7036,0.3768,0.0626,0.0442,0.0802,-0.0582,-1.5307
375,5435,108,4,walking,-0.0675,-0.9704,-0.0005,0.0075,0.0451,-0.0412,0.0235,0.8463,-0.0179,-0.023,-0.4104,-0.0475,-0.0113,-0.706,-0.0042,-0.0047,-0.0086,0.0096,0.0164,0.0053,-0.0092,0.0098,-0.0122,-0.0089,-0.0277,-0.0069,0.0243,0.0283,0.011,0.0259,-0.0008,0.0223,0.0041,0.0048,-0.0122,0.0127,-0.0305,0.7185,-0.0134,-0.0226,-0.0206,-0.0248,-0.0197,0.0214,0.5545,0.0055,-0.0159,-0.005,-0.0009,0.4202,-0.0196,-0.0607,-0.0187,0.0348,0.0416,0.01,-0.0493,0.0227,0.0631,0.0696,-0.0621,0.0083,0.0539,0.032,-0.2025,-0.0572,0.0542,0.0006,0.0316,0.044,-0.098,0.002
376,5436,108,4,walking,-0.0117,-0.9068,0.0129,-0.0238,-0.0085,-0.0368,0.0265,0.3771,-0.019,-0.0169,-0.1814,-0.0427,0.0522,-0.3932,0.0029,0.0153,-0.0005,0.0074,0.0139,0.0093,-0.0002,-0.0015,-0.0001,-0.0035,0.0176,-0.0057,0.0254,0.0066,-0.0214,0.0105,-0.0041,0.0355,0.0132,0.0054,-0.0151,0.0004,0.0379,0.9183,-0.0078,-0.02,0.0145,0.0275,0.0138,-0.0133,0.5843,-0.0132,0.0072,-0.013,-0.008,0.518,0.0087,-0.0684,0.0046,0.031,-0.0339,0.0072,0.0244,0.0224,-0.0455,0.0288,0.0345,0.0185,-0.0138,0.0329,-0.258,-0.0414,0.0436,0.0059,0.0304,0.0487,-0.098,0.0064
377,5437,108,4,walking,-0.0076,-0.9165,-0.0158,-0.0048,-0.0017,-0.0184,0.0262,0.4144,-0.0253,-0.0054,-0.2045,-0.0506,0.0689,-0.3158,0.0003,0.0024,0.0236,1.0936,-0.0163,-0.0228,0.0035,0.0116,0.0241,0.0135,-0.0332,0.0205,0.0273,0.0304,0.0295,0.0328,0.01,0.0425,-0.0067,0.0083,-0.0117,0.0012,-0.0122,1.4051,-0.0372,-0.0049,-0.0492,-0.0146,-0.005,0.009,0.5927,-0.0033,-0.0121,-0.0105,-0.0152,0.507,-0.0041,0.102,-0.0284,-0.0173,-0.0039,0.0083,-0.0111,0.0191,0.0515,0.0396,-0.0577,-0.0362,0.0359,0.0413,-0.24,0.0385,0.0463,-0.0139,0.0342,0.0218,-0.1251,-0.0039
378,5438,108,4,walking,-0.0391,-0.9613,-0.0005,-0.0169,-0.0026,0.0017,0.0307,0.3765,-0.0105,-0.0186,-0.169,-0.0486,-0.0664,-0.3292,-0.0153,-0.0062,-0.0049,0.0237,0.0072,0.0176,-0.0089,0.0058,0.0039,-0.0146,0.0224,0.0132,0.0206,0.0365,0.0125,0.0341,0.0099,0.0247,0.0022,0.0216,0.0026,-0.0011,0.0423,0.9184,0.0313,-0.0192,-0.0117,-0.0266,0.0251,-0.0068,0.5957,-0.0197,-0.0019,0.0289,-0.0322,0.4732,-0.0413,0.0689,-0.0018,-0.0036,0.0405,0.0389,-0.0518,0.0451,-0.0431,0.0373,0.0336,0.0256,0.0145,-0.0587,-0.2277,0.006,-0.0497,-0.0067,0.0294,0.0472,-0.0846,-0.0447
379,5439,108,4,walking,-0.0073,-0.8614,0.0095,-0.0027,-0.0136,-0.0318,0.0238,0.4296,-0.0264,-0.0169,-0.2042,-0.0535,-0.0545,-0.326,-0.0052,-0.0082,-0.0227,0.0287,0.0212,0.0259,0.0043,0.0141,0.0033,0.0114,0.0208,-0.0067,0.0249,0.0107,-0.0148,0.022,-0.0017,0.0306,0.015,0.0002,-0.0173,0.0004,0.033,0.9408,0.0275,0.0182,0.0382,0.0369,-0.0127,0.0021,0.5785,0.0036,-0.0192,-0.0034,-0.0213,0.5498,0.012,-0.0514,-0.0123,0.0061,0.0348,0.0058,0.014,-0.0356,0.0583,-0.0477,0.0424,0.0375,0.0062,0.0596,-0.2278,-0.0523,-0.0573,0.0294,0.0192,-0.0164,-0.0923,-0.0488
380,5440,108,4,walking,0.0505,-0.9649,-0.0018,0.0007,-0.0176,0.0215,0.0086,0.3835,-0.0152,-0.0134,-0.1709,-0.0425,-0.0775,-0.3428,0.0196,-0.0039,-0.0143,-0.0045,0.0223,0.0237,0.0187,-0.0128,-0.0205,-0.0097,-0.0162,0.0245,0.0026,-0.0106,0.0025,-0.0067,0.0106,0.0272,0.0088,0.0115,-0.0141,-0.0054,0.0349,1.3311,-0.031,-0.028,0.0373,-0.0387,-0.004,-0.0107,0.5783,0.0067,-0.0062,-0.0062,-0.0265,0.4519,-0.0044,0.0324,-0.0023,-0.03,-0.0137,0.0072,0.0033,-0.0117,-0.0419,0.0553,0.0537,-0.0006,-0.045,0.0448,-0.2255,0.048,0.0477,-0.035,-0.0255,0.0585,-0.1512,-0.0467
381,5441,108,4,walking,-0.0038,-0.9267,-0.0003,-0.0239,-0.013,-0.0364,0.0216,0.3765,-0.0111,-0.0222,-0.1737,-0.045,-0.0667,-0.4277,-0.0188,-0.0055,-0.004,0.0203,0.0123,0.0174,0.0062,-0.009,-0.007,-0.0018,0.0166,0.008,0.0283,-0.0021,0.0008,0.0305,-0.0109,0.0315,0.014,0.0005,-0.0154,-0.0086,0.0253,1.34,0.0291,-0.0198,0.0428,0.0434,-0.0153,0.0131,0.5824,0.012,-0.0004,-0.0001,0.0002,0.5169,-0.0276,0.0573,-0.0109,0.0384,0.0266,0.0271,-0.0063,-0.0109,0.0538,-0.0594,0.0557,0.0258,-0.0299,0.0408,-0.1892,-0.0274,-0.0409,0.0302,0.0108,0.0445,-0.0758,-0.0
382,5442,108,4,walking,-0.0663,-0.9427,0.0019,-0.0101,-0.0086,-0.0383,0.0032,0.3938,-0.0189,-0.0151,-0.1874,-0.0456,0.1098,-0.3306,-0.0225,0.0165,1.0935,1.0564,-0.3114,-1.0697,-0.0112,0.8605,0.4015,1.0683,-1.0444,0.052,0.004,-2.0417,0.4207,0.3071,0.0466,-1.4135,-1.468,-0.269,-0.198,-0.0232,-1.0409,0.5253,0.0078,-0.0098,-2.2239,-0.3796,0.0135,0.0002,0.7084,0.0197,0.0175,0.973,-0.0314,0.4249,0.0329,0.0064,1.1555,-0.0302,0.021,-0.0051,0.0142,-0.0397,-0.0589,-0.0271,-0.494,0.0203,0.2017,0.0507,-0.1867,1.0554,0.5948,-0.0429,-0.028,-0.9564,-0.0821,-0.0703
383,5443,108,4,walking,-0.0595,-0.9764,-0.0166,0.0058,0.0613,0.0154,0.0079,0.3738,-0.0235,-0.0192,-0.1744,-0.0354,-0.1019,-0.3349,0.0039,0.0133,-0.9583,-0.0444,0.7239,1.0507,0.0682,0.0512,-0.2199,-0.2225,-0.7265,0.0009,-0.0226,0.9994,0.0217,-0.4578,0.0087,1.3799,0.5043,-0.0024,-0.0869,0.029,0.0207,0.6583,0.0255,-0.0279,1.0108,0.0347,-0.0129,-0.0018,0.5994,0.0012,-0.0042,0.0147,0.009,0.4301,0.0082,-0.0403,0.0322,-0.0171,-0.011,-0.002,0.0247,0.0185,-0.0396,-0.0436,0.0577,0.0384,-0.0091,0.0489,-0.2079,-0.098,-0.3009,0.046,0.0086,0.5599,-0.075,-0.0478
384,5444,108,4,walking,-0.0696,-1.0093,0.0079,-0.0089,-0.053,0.0148,-0.0019,0.586,0.0116,-0.0173,-0.2731,-0.046,0.1877,-0.799,-0.0274,-0.0226,0.9649,0.4403,-0.3774,-0.9027,-0.0164,1.3797,0.3111,1.1429,-0.6715,0.0406,0.0025,-0.2949,0.442,0.0553,-0.004,-1.0384,-0.4579,-0.0453,0.003,-0.0438,-1.0063,0.4254,0.0058,-0.0204,-1.0707,-0.012,-0.0152,0.0053,0.6566,-0.0133,-0.0244,-1.9547,0.0263,0.4355,-0.0199,0.0361,-1.7188,-0.0009,-0.0396,-0.0331,0.0256,0.0108,-0.1447,0.0326,0.0583,0.03,-0.0424,-0.0525,-0.1779,0.4012,0.2524,0.0214,-0.0237,-0.4025,-0.06,1.3016
385,5445,108,4,walking,-0.0666,-0.9719,0.0087,0.0128,-0.0183,-0.0044,0.0175,0.327,-0.0213,-0.0304,-0.1476,-0.042,-0.0544,-0.3339,0.0095,0.0061,-0.002,-1.0284,-0.0103,0.9729,0.0202,-0.0275,-0.0293,-0.0163,0.3102,-0.0002,0.005,-0.0197,0.0223,0.041,-0.0246,-0.0264,1.2663,-0.0403,-0.0384,-0.0152,-0.0116,0.7986,0.014,0.0012,0.0556,1.2631,0.0235,-0.0023,0.7543,0.0098,0.0112,-0.0066,0.0078,0.4353,1.0586,0.0139,-0.0072,-0.0038,-0.0099,-0.0063,-0.007,-0.0036,-0.049,0.0485,-0.1039,0.0352,0.06,-0.0449,-0.203,-0.0575,-0.251,0.0322,-0.0344,-0.0512,-0.1099,0.0775
386,5446,108,4,walking,-0.0598,-1.0077,-0.0239,-0.0065,0.0018,-0.0412,0.0112,0.5546,-0.0224,-0.0133,-0.2672,-0.0481,-0.0127,-0.7998,-0.0173,0.0102,0.0317,0.9947,0.0276,-1.0144,-0.044,0.9249,-0.0203,0.4215,-0.9234,0.0407,0.0055,0.0559,0.0431,-0.068,-0.0043,0.9441,-1.3077,0.0087,-0.0568,0.0027,0.0091,0.3877,0.025,0.0384,-0.0307,-2.0526,-0.0195,-0.0325,0.6232,0.0242,-0.0168,-1.9733,-0.0361,0.3744,0.003,-0.0607,-1.7608,0.0181,0.026,0.0002,-0.0346,-0.0353,0.0463,-0.0581,0.3733,0.0375,-0.2093,0.0631,-0.2685,0.445,0.1865,0.0541,0.0398,-0.2047,-0.0574,-1.428
387,5447,108,4,walking,-0.0689,-0.8609,0.0075,-0.0506,-0.0408,-0.1264,0.0082,0.428,-0.0224,-0.0258,-0.2135,-0.0579,0.0975,-0.3253,0.0485,0.0002,1.0828,-0.0129,-0.3724,-0.9247,-0.051,0.307,0.312,1.1693,0.0419,0.0499,-0.0028,-0.7062,-0.3649,-0.0166,-0.004,-1.341,-0.02,-0.164,0.0459,-0.062,0.058,1.2024,-0.0109,0.0065,-0.0174,-0.018,0.0219,0.032,0.5855,-0.0271,0.0365,-0.0117,0.0058,0.5164,0.0238,-0.0133,0.0039,-0.0002,-0.0293,0.0098,0.0155,0.0242,-0.042,0.038,-0.0373,-0.0133,0.0316,-0.0015,-0.1889,0.0534,0.0192,0.0144,-0.0076,-0.0604,-0.0806,0.0565
388,5448,108,4,walking,-0.0697,-0.9649,-0.0085,-0.0362,-0.0517,-0.0586,0.0177,0.3449,-0.0116,-0.0289,-0.1596,-0.037,-0.3101,-0.4278,0.0058,-0.04,0.0308,-1.0682,-0.5082,1.0392,-0.0417,-0.5608,0.4017,0.0442,0.9242,-0.0824,-0.0271,-0.798,-0.7886,-0.3645,-0.0038,-1.3403,1.2632,-0.0388,0.009,-0.0603,-1.0638,1.0505,-0.0107,-0.0074,0.4405,0.4024,-0.0163,-0.0157,0.594,0.0048,0.012,-3.3745,0.0025,0.4743,0.0295,-0.0594,-2.4485,0.0238,0.0257,-0.0337,-0.0003,-0.0344,-0.0264,0.048,-0.71,-0.097,0.2608,0.0194,0.0323,-0.3765,-0.3424,0.0432,0.0188,0.163,-0.1022,1.4706
389,5449,108,4,walking,-0.0147,-0.7108,0.0125,0.0073,0.0369,-0.0016,0.0227,0.421,-0.0234,-0.0338,-0.198,-0.0566,0.0073,-0.0824,,,,,,,,,,,,,,,,,,,,,,,,,,,,,,,,,,,,,,,,,,,,,,,,,,,,,,,,,,
390,5450,108,4,walking,0.0583,-0.9755,0.0533,0.0126,0.0548,-0.0077,0.0142,0.3613,-0.0169,-0.0239,-0.1822,-0.0472,-0.066,-0.3099,-0.0064,-0.0279,-1.01,-0.8013,0.6562,0.8825,0.0513,-0.373,-0.466,-0.2938,1.003,0.0522,0.0014,0.9795,-0.0635,-0.0606,-0.0488,0.1732,1.1535,-0.0051,-0.0387,-0.0213,-0.0444,0.7496,-0.0204,0.0222,0.9549,-0.0283,0.026,-0.0112,0.5906,0.0034,-0.0152,-0.0048,-0.0175,0.4298,0.0094,0.0496,0.0002,0.0132,-0.0185,0.0046,-0.0058,0.0085,0.0029,-0.0312,-0.3791,0.0402,0.1868,-0.1377,-0.2257,-0.3069,-0.2635,-0.0414,0.0296,0.4402,-0.0679,0.0593
391,5451,108,4,walking,-0.0166,-0.8397,-0.0148,0.0057,0.0069,-0.0176,0.0045,0.3876,-0.0233,-0.0186,-0.1839,-0.0474,-0.0924,-0.4294,-0.0107,-0.0153,0.003,-0.0191,0.0077,0.0303,0.0091,-0.0087,0.0202,0.0112,-0.0029,0.0017,0.0262,0.0051,-0.0032,-0.0137,-0.0033,0.0258,0.0245,0.0018,-0.0219,0.0038,0.0277,0.8216,-0.0121,0.0354,0.0402,0.0429,0.0154,0.006,0.6178,-0.0098,0.0043,-0.0015,-0.0073,0.5115,-0.0021,0.0483,-0.022,0.0003,0.0017,-0.0063,0.0155,-0.0147,-0.0314,-0.0375,-0.0392,-0.0024,0.043,0.052,-0.2124,-0.0365,0.0495,0.0048,0.0331,0.0556,-0.1323,0.0292
392,5452,108,4,walking,-0.0105,-0.7918,0.0076,0.0015,0.0059,-0.011,-0.004,0.3876,-0.0251,-0.015,-0.1712,-0.0479,0.0642,-0.3297,-0.0082,0.0165,-0.0006,-0.0193,-0.0272,0.0209,0.009,-0.0033,-0.0024,-0.0099,0.0133,-0.0006,0.0299,0.0124,-0.0086,0.0288,0.0091,0.0376,0.0063,0.0046,-0.0185,0.0143,-0.0303,1.4199,0.0044,-0.039,-0.0267,-0.0222,-0.0236,0.001,0.5907,0.011,-0.0096,-0.001,0.0312,0.509,-0.0424,-0.102,-0.0026,-0.0007,-0.0334,0.0173,0.0072,0.035,0.0483,-0.0491,-0.0211,0.0201,0.0169,0.0382,-0.1964,0.009,0.0457,0.0166,0.007,0.0509,-0.0874,-0.0343
393,5453,108,4,walking,-0.0599,-0.9745,0.0566,-0.0054,0.0518,-0.1317,-0.001,0.3816,0.0022,-0.0211,-0.2165,-0.0378,-0.3289,-0.3099,0.0163,-0.0123,-0.9422,-1.0604,0.5185,0.8821,-0.0409,-0.5209,-0.5601,-0.7106,1.1425,-0.1309,-0.008,0.5073,-0.6703,-0.0689,-0.0453,-1.0793,1.1698,-0.0489,-0.0553,-0.0435,-0.006,1.024,-0.0184,-0.0116,0.2698,-0.0042,0.032,0.0135,0.5883,-0.0193,-0.0232,-0.0148,-0.0179,0.4405,-0.01,-0.0033,0.0004,0.0258,0.0265,-0.0152,0.0075,-0.0204,-0.0346,-0.0582,-0.4681,0.0097,0.1594,-0.1255,-0.3019,-0.2035,-0.1647,-0.022,-0.0306,0.0709,-0.1096,0.0492
394,5454,108,4,walking,-0.0689,-0.9625,-0.0407,-0.1259,-0.1018,-0.1297,-0.0072,0.3183,-0.0162,-0.0533,-0.2056,-0.0658,-0.2493,-0.3311,-0.0386,-0.0049,-0.8616,-0.7705,0.4218,0.9721,-0.0508,-0.4027,-0.3445,-1.0938,0.9247,-0.2129,-0.0291,0.012,-0.5202,-0.054,0.0175,-0.9817,1.141,-0.0489,-0.0089,-0.0454,0.0137,1.0246,-0.0148,0.0152,1.0585,1.0103,0.0302,0.0184,0.7149,-0.019,0.0232,0.0258,-0.0362,0.509,0.0068,0.0348,0.0277,0.0029,0.0013,-0.003,-0.0219,-0.0337,-0.0429,0.0203,-0.7045,0.0007,0.3404,0.06,-0.1776,-0.4922,-0.56,-0.0442,-0.0098,0.4209,-0.0889,0.6145
395,5455,108,4,walking,-0.0086,-0.7608,0.0143,-0.0231,0.0111,-0.0287,-0.0018,0.5562,-0.0205,-0.0336,-0.2552,-0.0417,0.0274,-0.2511,-0.0089,0.0101,-0.0036,-0.0133,0.0227,0.0504,0.0106,-0.0236,-0.0013,-0.0145,0.0262,-0.0026,0.0324,0.0085,-0.0122,0.042,-0.0098,0.0226,0.0004,-0.0077,-0.0166,-0.0046,0.0483,0.8543,0.0173,-0.0103,0.0473,0.0383,-0.0123,0.0106,0.5608,0.01,-0.0143,-0.0056,-0.0176,0.53,-0.027,0.0085,-0.0129,-0.0046,-0.0085,0.0089,0.0046,-0.0128,0.0143,0.0217,0.0267,0.023,0.0168,0.0303,-0.2255,-0.0359,-0.0,0.0363,0.0343,0.0194,-0.0983,-0.0108
396,5456,108,4,walking,-0.0111,-0.8605,0.0153,-0.0011,-0.0128,0.0099,0.0109,0.4745,-0.0312,-0.0133,-0.225,-0.0534,0.0605,-0.3374,0.0177,0.0206,0.0276,-0.0049,0.0238,0.0035,0.0001,-0.0038,-0.0066,-0.0025,0.0073,0.0109,0.0306,-0.0162,-0.0081,0.0215,-0.0104,0.0366,0.0145,0.0054,-0.0191,0.0032,0.022,1.0501,-0.0073,0.039,0.0428,0.0359,-0.0078,-0.0115,0.5879,-0.0009,-0.0079,-0.0139,-0.0252,0.51,0.0007,-0.0517,-0.0127,-0.0047,0.0086,-0.0063,0.0289,0.0009,0.0493,-0.0407,0.0489,0.0342,-0.029,-0.0334,-0.24,-0.0325,0.0445,0.0134,0.0388,0.0249,-0.0843,-0.0162
397,5457,108,4,walking,0.0699,-0.9716,0.0011,0.0059,0.0108,-0.0044,-0.0075,0.3763,-0.0151,-0.024,-0.1796,-0.0387,0.0704,-0.4357,-0.019,0.017,0.0027,1.0231,0.009,-0.0213,0.0069,0.0204,0.0082,0.0133,-0.0269,0.0286,0.003,0.036,0.0229,0.0001,-0.0066,0.0111,-0.006,0.0127,-0.0012,0.0043,0.0302,0.819,-0.029,0.0253,-0.0372,-0.0027,-0.0145,-0.0073,0.5906,0.008,-0.0084,-0.0137,-0.011,0.4297,-0.0274,0.0447,-0.0326,0.0165,-0.0125,0.009,-0.0116,0.007,-0.046,0.0339,0.0316,-0.0138,0.013,-0.0422,-0.2024,0.0507,0.043,-0.0346,0.0082,0.0523,-0.0943,-0.0029
398,5458,108,4,walking,-0.0038,-0.8147,0.0005,-0.0129,0.0016,-0.0247,-0.007,0.3296,-0.0172,-0.0183,-0.1577,-0.0388,-0.0662,-0.428,-0.0208,-0.0255,-0.0166,0.0064,0.023,0.0133,-0.0081,-0.01,-0.011,-0.0063,0.0199,-0.003,0.0363,0.0299,-0.0027,0.0275,-0.0016,0.028,0.0084,0.0085,-0.0159,0.0042,-0.0056,2.05,-0.0095,-0.021,0.0229,-0.0059,-0.0144,0.0149,0.5835,0.0078,-0.0002,-0.0041,-0.04,0.5107,-0.0064,0.0424,-0.0262,0.0038,-0.0311,0.0057,0.0097,0.0399,-0.0516,0.0601,0.0379,-0.0005,-0.0348,0.0528,-0.2237,0.0357,-0.0058,-0.0335,-0.0229,0.0546,-0.1257,-0.0445
399,5459,108,4,walking,-0.0671,-1.0338,-0.0105,-0.0036,-0.0008,0.0058,0.0086,0.4896,-0.0239,0.0078,-0.2306,-0.0514,0.1344,-0.8037,0.0277,0.0013,0.9769,1.0099,-0.51,-1.0124,0.0061,1.4939,0.3293,1.0583,-1.0709,0.0179,0.037,-0.0158,0.2943,0.0506,-0.0219,-0.0597,-1.307,0.0115,-0.029,-0.0408,0.0133,1.0185,-0.022,-0.028,-2.0207,-1.026,0.0028,-0.0008,0.7144,0.0024,0.0137,1.7402,0.0345,0.4256,0.0429,-0.054,1.7181,0.0143,-0.0454,0.0198,0.0492,-0.0258,-0.094,-0.0483,0.0302,-0.0474,-0.0466,-0.0602,-0.1834,0.3427,0.4413,0.0316,-0.0327,-0.5806,-0.075,-0.0166
400,5460,108,4,walking,-0.0033,-0.8595,0.0049,0.0117,0.0016,-0.0141,-0.0008,0.4299,-0.0175,-0.0131,-0.2119,-0.0486,-0.0544,-0.3423,-0.0061,-0.0108,0.0023,-0.007,0.0088,0.0128,0.005,-0.0226,0.0094,-0.0075,0.0324,0.0195,0.0306,-0.0186,-0.0205,0.0274,0.0153,0.0342,0.009,0.0104,-0.0165,0.0032,-0.0269,1.4058,0.0286,0.0394,0.0244,-0.0216,-0.0154,-0.0022,0.542,0.0027,-0.0052,-0.0034,-0.0299,0.4748,-0.0069,-0.071,-0.0192,-0.0112,-0.025,-0.0057,0.0405,-0.0025,-0.0461,-0.0385,-0.0525,0.0237,0.053,-0.0313,-0.2274,-0.0375,0.0332,0.0212,0.026,0.0514,-0.1095,-0.0414
401,5461,108,4,walking,-0.0009,-0.8268,0.0125,-0.0139,0.0236,-0.0433,-0.0034,0.4195,-0.016,-0.0117,-0.198,-0.038,0.0608,-0.3739,-0.0029,0.0174,0.0065,0.0219,-0.0264,0.0047,0.0191,0.0012,0.0106,-0.0281,0.0051,0.009,0.0246,0.0083,-0.0078,0.0159,-0.0229,0.0278,-0.0077,0.0189,-0.0037,-0.0003,0.032,0.7207,-0.0012,0.0254,-0.0347,0.0299,-0.0146,0.0002,0.5818,0.0054,-0.012,-0.006,0.011,0.4926,-0.0203,0.0595,0.0045,-0.0106,0.0314,-0.0033,-0.0083,-0.0192,-0.0501,0.0475,-0.0459,0.0133,0.033,0.042,-0.2409,0.0445,0.0352,0.0135,0.0366,-0.0468,-0.1519,-0.0397
402,5462,108,4,walking,-0.0161,-0.8459,-0.0058,0.0114,0.0073,-0.0125,0.0247,0.4196,-0.0186,-0.0134,-0.2028,-0.0376,-0.0649,-0.4226,-0.0067,-0.0021,-0.026,-0.0152,0.0191,0.0297,-0.027,-0.0213,-0.003,-0.0086,-0.0042,-0.0007,0.0222,0.0141,-0.009,0.0237,-0.0055,0.0203,0.017,0.0022,-0.0103,-0.0022,0.0412,1.4426,0.0101,0.0018,0.0383,0.0428,0.0097,0.0049,0.5841,-0.0069,0.0092,-0.0054,-0.0135,0.505,0.0094,-0.04,0.0042,-0.0009,-0.0039,-0.0019,0.0147,-0.0194,-0.0321,-0.0307,0.0075,0.0114,0.028,0.0465,-0.197,-0.0256,0.0362,0.016,0.0104,0.0432,-0.0872,-0.0332
403,5463,108,4,walking,-0.0187,-0.9628,0.0159,0.0036,0.0161,-0.0296,-0.0068,0.3778,-0.0144,-0.0175,-0.1797,-0.0496,0.0919,-0.3288,-0.0112,-0.0136,0.0195,0.0055,-0.0095,-0.0075,0.0016,0.0044,-0.001,0.0081,0.0222,0.0007,0.0246,0.0064,-0.0125,0.027,-0.0021,0.0269,0.0079,0.0101,-0.0141,0.0059,0.0343,0.8822,-0.0089,-0.0031,0.0256,0.0216,-0.0096,0.0025,0.5877,0.0117,-0.0082,-0.0096,-0.0095,0.4112,-0.0206,0.0383,-0.0284,-0.0104,0.023,-0.0038,-0.007,-0.032,-0.0308,0.0391,0.0367,0.0112,-0.0143,0.0437,-0.2016,0.0205,-0.0134,-0.0182,0.0027,0.0377,-0.1094,-0.0159
404,5464,108,4,walking,-0.0669,-1.0357,0.0501,0.0538,-0.0005,-0.013,0.0449,0.9185,-0.0008,-0.0377,-0.4295,-0.034,0.0519,-0.3161,0.0002,-0.0095,-0.9587,-0.0162,0.0481,0.0978,0.0566,-0.0491,-0.0685,-0.0477,0.0461,-0.003,0.0207,-0.0055,-0.0308,-0.0109,0.002,0.9875,-0.0109,0.0136,-0.0236,-0.0047,0.0132,0.7813,0.0172,-0.0198,0.0256,0.0011,-0.0167,-0.0005,0.5945,0.0043,0.0021,-0.0138,-0.0138,0.8711,0.0025,0.0593,-0.0109,0.0036,-0.0007,0.0092,0.0173,-0.0117,-0.015,-0.0523,0.02,0.0378,0.0083,-0.0574,-0.1894,-0.0544,-0.0424,0.0151,0.0082,0.0456,-0.0755,-0.0084
405,5465,108,4,walking,-0.0087,-0.7828,0.0066,-0.0036,0.0169,-0.0257,-0.0098,0.3543,-0.012,-0.0204,-0.1575,-0.0393,0.1029,-0.4148,0.0013,0.0117,-0.0048,-0.0184,0.0158,0.0287,-0.0023,-0.0224,-0.0059,-0.0146,0.0191,-0.0073,0.0313,0.0062,-0.0141,0.0138,-0.0109,0.0379,0.0108,0.0002,-0.0159,-0.0021,0.0245,0.8489,-0.0214,-0.0361,0.0293,0.0268,-0.015,-0.0133,0.5959,0.003,-0.0135,-0.0095,0.0091,0.5188,-0.0349,-0.0276,-0.0333,0.0157,-0.0309,0.0034,0.0172,0.013,0.0426,-0.049,-0.0325,-0.0055,0.0294,0.054,-0.2449,-0.0387,0.0466,0.013,-0.0237,0.0514,-0.1348,-0.0139
406,5466,108,4,walking,0.0591,-1.0098,0.0563,-0.0035,0.07,-0.0517,0.0218,0.5167,-0.0318,-0.0153,-0.257,-0.0571,-0.0136,-0.8327,-0.0294,0.0086,0.0119,0.0067,0.0007,-0.0043,-0.0026,0.0244,0.0076,0.0012,0.0323,-0.0175,0.0306,0.0209,-0.0101,0.0194,-0.0128,0.0279,-0.0009,0.0023,-0.0228,-0.0099,0.0188,0.716,0.0404,-0.0384,-0.0284,0.0375,-0.0063,0.0081,0.6019,0.0164,-0.0135,-0.026,-0.0056,0.3783,0.001,0.0548,-0.0234,0.033,0.0098,0.0145,0.0052,-0.0192,0.0414,0.0493,-0.0253,0.0341,0.0086,-0.0443,-0.1986,-0.0584,0.0354,0.0525,-0.0395,0.0437,-0.0921,-0.0037
407,5467,108,4,walking,0.0036,-0.7823,0.0159,-0.0058,0.0099,-0.0373,-0.0076,0.4038,-0.011,-0.0253,-0.2072,-0.0441,0.0422,-0.3729,-0.0009,0.0135,-0.0046,0.0226,0.0145,0.0082,0.0024,0.0011,-0.0085,-0.0061,-0.0102,0.0122,0.0245,0.0163,0.0115,0.0173,0.0002,0.0231,0.0125,-0.0003,-0.0151,-0.0043,0.0364,1.8412,-0.0033,0.0218,-0.0205,0.0417,-0.0191,-0.0095,0.5906,0.0005,-0.0319,-0.0162,-0.0285,0.4353,-0.0324,0.0526,-0.0399,-0.0056,0.0187,0.0025,0.0009,-0.0277,-0.0334,-0.0482,0.0462,0.0203,0.0261,-0.0454,-0.2026,-0.0402,0.0532,0.0063,0.038,-0.034,-0.0872,-0.0085
408,5468,108,4,walking,-0.0005,-0.8396,0.0033,-0.011,0.0215,-0.0377,0.0129,0.4254,-0.0262,-0.0105,-0.2066,-0.0467,0.0666,-0.3726,-0.0166,0.0233,0.0068,0.0058,-0.0028,-0.0175,-0.0133,0.0045,-0.0091,0.009,0.0141,-0.0012,0.0309,0.0078,-0.0199,0.0313,-0.0086,0.0299,0.0156,0.003,-0.0156,-0.0011,0.0402,0.8168,-0.0057,-0.0051,0.0365,-0.0038,0.0189,-0.0113,0.5927,-0.0111,0.006,-0.0023,-0.0277,0.5144,0.0062,-0.0504,-0.0032,-0.0221,0.0109,0.0013,-0.0109,-0.0201,-0.0357,-0.0282,0.0078,0.0056,0.0204,0.047,-0.2212,-0.0247,0.0382,0.018,-0.0123,0.0257,-0.0984,-0.0345
409,5469,108,4,walking,-0.0671,-0.9178,0.0105,0.0166,0.0565,-0.0187,-0.0178,0.372,-0.0088,-0.0323,-0.2053,-0.0413,-0.0867,-0.3304,-0.0052,-0.0041,0.011,0.001,0.0264,-0.0098,0.0193,0.0214,0.0074,-0.0201,-0.0244,-0.0135,0.0311,-0.0023,-0.0382,0.015,-0.0056,0.0292,0.0064,0.0141,-0.0005,0.0027,-0.0343,0.8918,0.0333,0.0239,-0.0363,-0.004,0.0093,0.0222,0.5917,0.003,0.0133,-0.0089,-0.0304,0.4207,-0.0026,0.0587,-0.012,0.0404,-0.0034,0.01,0.0259,-0.011,0.0506,-0.0275,-0.0371,0.0155,0.0474,-0.0539,-0.202,-0.064,0.0527,0.0396,0.0469,0.0459,-0.0978,-0.0354
410,5470,108,4,walking,-0.0597,-1.0419,0.0388,-0.0433,-0.0515,-0.0581,-0.0058,0.5184,-0.0189,-0.0113,-0.2579,-0.0541,0.1642,-0.8035,0.0005,-0.021,1.0688,0.0176,-0.0107,-1.0698,0.0081,0.6284,-0.0038,0.8937,-0.4022,0.0473,-0.0141,-1.4696,0.0501,-0.2196,0.0165,-0.971,-0.7186,-0.0454,0.0604,-0.0427,0.0233,1.056,-0.027,0.0281,-1.044,-1.0932,-0.0329,-0.0199,0.5909,0.0027,0.0229,-2.6153,0.0408,0.4098,0.0136,-0.0537,-2.097,-0.0092,-0.0041,0.0396,0.0255,0.02,0.063,0.0068,-0.2637,-0.0304,0.1478,0.0555,0.0577,0.1557,0.3876,-0.0295,0.0494,-0.5929,-0.0702,1.3401
411,5471,108,4,walking,0.0545,-0.8317,0.0138,-0.0069,0.0566,-0.0524,0.0127,0.4285,-0.0225,-0.0264,-0.2199,-0.0513,-0.058,-0.372,-0.017,-0.0038,-0.0096,0.0053,0.0102,0.0012,-0.0001,-0.0021,-0.003,-0.0189,-0.0199,-0.0043,-0.0213,-0.0149,-0.0255,-0.0238,-0.0151,0.0284,0.0119,0.0169,0.0039,0.0089,-0.044,1.1535,0.0275,0.0071,-0.024,0.0365,-0.008,0.0304,0.5908,-0.0056,-0.0001,-0.0086,-0.042,0.5103,0.0299,-0.0483,0.0064,0.0433,-0.0006,0.0035,-0.0377,0.0326,0.0204,-0.047,0.0345,-0.0162,-0.0128,0.0313,-0.1947,-0.0403,0.0498,0.0399,0.0354,0.0509,-0.0849,-0.0462
412,5472,108,4,walking,-0.0743,-0.9969,-0.0637,-0.0346,0.0008,0.0366,0.0235,0.3615,0.0081,0.0021,-0.1775,0.0104,-0.0828,-0.8714,0.0297,-0.0172,0.0219,-0.0249,0.0114,0.0018,-0.0033,-0.0121,-0.0158,0.0051,0.0135,-0.0194,-0.0078,-0.0251,-0.0203,0.0183,-0.0021,-0.0082,0.0047,0.0033,-0.0066,0.004,-0.0336,0.6704,-0.0393,-0.0143,-0.0323,-0.0412,-0.0179,0.0095,0.5781,0.0091,-0.0071,-0.0079,-0.0062,0.4198,-0.0161,0.0684,-0.0227,-0.0017,-0.011,0.0286,-0.0302,0.0316,0.0483,0.0506,-0.0525,-0.0376,0.0169,0.0475,-0.2048,0.0532,0.0494,-0.056,-0.0239,0.038,-0.159,-0.0083
413,5473,108,4,walking,0.0638,-0.9165,0.0583,0.0368,0.0977,-0.0099,-0.011,0.3814,-0.0203,0.0002,-0.2073,-0.0417,-0.1041,-0.3253,-0.0686,0.0172,-0.0088,0.0044,0.0051,0.0103,0.0161,0.0034,-0.0029,-0.019,0.0181,0.0238,0.0064,0.0276,0.0131,-0.0073,0.0146,0.0347,0.0066,0.0215,-0.0014,0.0246,-0.0266,0.8542,0.0374,0.0287,0.0315,0.0429,0.0138,-0.011,0.5789,-0.013,-0.001,0.0075,-0.0335,0.4683,0.0092,-0.0645,0.0122,-0.0119,-0.0387,-0.0137,0.0305,-0.0158,-0.0406,-0.0566,-0.0455,-0.008,0.0228,-0.0542,-0.269,0.0076,0.053,0.0326,0.0064,0.0476,-0.1257,-0.0026
414,5474,108,4,walking,-0.0596,-0.9947,-0.0135,0.0369,-0.0152,0.0008,-0.0143,0.3615,-0.0106,-0.0205,-0.1736,-0.0312,-0.0774,-0.8472,-0.0168,-0.0057,-0.0064,-0.0222,0.0277,0.0292,-0.0215,-0.0085,0.0184,-0.0112,0.0013,-0.0072,0.0241,0.0259,-0.026,-0.003,0.0024,0.032,0.0195,0.0049,-0.0098,0.0125,-0.0308,0.6584,-0.0238,0.0175,0.0408,-0.041,-0.0017,-0.0035,0.5956,-0.0022,0.0082,-0.0074,0.0128,0.4447,-0.0282,0.0441,-0.0022,0.0081,-0.0029,0.0035,0.0137,0.016,-0.0073,-0.0374,-0.0451,-0.0046,0.0528,0.0544,-0.2639,-0.0428,-0.0395,-0.0382,0.0097,-0.0577,-0.1303,-0.0468
415,5475,108,4,walking,-0.0697,-0.9163,-0.0168,-0.0079,-0.0136,-0.0055,0.0239,0.3775,0.0018,-0.0341,-0.178,-0.0454,-0.103,-0.3494,0.0202,-0.0032,0.0021,-1.0546,-0.4024,1.0185,-0.0605,-0.2949,0.3588,0.3074,0.7208,-0.0532,-0.022,-0.3547,-0.4292,-0.2691,0.0303,-0.5542,1.253,-0.0065,0.0384,0.0513,-0.019,1.2035,-0.0009,0.0123,-0.0042,1.0558,0.0107,0.027,0.714,0.029,-0.0083,-0.0284,-0.0396,0.5099,-0.0146,-0.036,0.0319,0.0409,-0.0111,-0.0093,-0.0242,0.0322,-0.0375,0.0525,-1.0669,-0.0885,0.4681,-1.0434,-0.0756,-0.5202,-0.3502,0.0471,-0.0154,0.0506,-0.0485,0.5946
416,5476,108,4,walking,-0.0678,-0.9757,0.0605,-0.0081,-0.0529,-0.0411,-0.0031,0.3797,-0.0156,-0.0253,-0.2128,-0.0327,-0.2027,-0.2882,0.0028,0.0188,-0.9559,1.0682,0.5617,-1.051,0.2527,-0.2947,-0.4214,-0.7602,-1.0702,-0.0553,0.0278,1.0202,-0.6147,0.656,0.0733,1.4024,-0.8935,-0.0218,-0.0389,0.0292,-0.0444,0.5247,0.0044,0.0141,0.0583,-1.0669,0.0178,-0.022,0.6121,-0.0138,0.0002,-2.9024,-0.0119,0.4354,1.0332,-0.0752,-2.0944,-0.0061,-0.016,-0.0361,0.0305,0.0234,-0.0697,-0.0108,0.52,0.0373,-0.2052,-0.1257,-0.2137,0.3544,0.3405,0.0532,0.0099,0.0827,-0.0809,-1.4798
417,5477,108,4,walking,-0.0078,-0.8345,-0.0186,-0.0179,0.0007,-0.044,0.0114,0.4293,-0.0302,-0.0127,-0.2112,-0.0573,0.068,-0.4256,-0.0066,0.0136,0.0107,0.0142,0.0158,-0.0087,0.0041,0.0222,-0.0029,-0.0162,-0.0286,-0.0093,0.0193,-0.0056,-0.0342,0.0253,0.0048,0.0303,0.0074,0.003,-0.0183,0.0003,0.0278,2.0664,0.0039,0.0235,0.0338,0.0243,-0.0122,-0.0085,0.5904,0.0056,-0.0151,-0.0121,-0.0214,0.5102,-0.0049,0.0366,-0.0016,-0.0074,-0.0269,0.0051,0.0104,0.0322,-0.0423,-0.0472,0.0526,0.0207,-0.006,-0.0547,-0.2237,-0.05,-0.0056,0.0279,0.0209,0.0436,-0.1259,-0.0072
418,5478,108,4,walking,-0.0025,-0.8263,0.0017,-0.0116,0.0216,-0.0359,0.0195,0.4045,-0.0154,-0.0136,-0.1871,-0.0414,-0.056,-0.4187,0.0189,-0.0043,-0.0074,0.0083,0.0036,0.0144,-0.0101,-0.0004,-0.0062,0.0055,0.0286,-0.0179,0.02,0.0076,-0.0236,0.022,-0.016,0.0325,0.0168,0.0104,-0.0091,0.0044,0.0272,1.5073,0.0059,0.0001,0.0292,0.0437,-0.0122,-0.0052,0.5671,0.0063,-0.0009,0.0243,-0.0259,0.516,-0.026,0.0585,0.0256,0.0305,-0.0093,0.0057,-0.0097,-0.0019,-0.0342,0.0365,-0.049,0.0097,0.0477,0.0538,-0.2239,-0.0513,-0.0048,0.0312,0.0376,-0.0426,-0.0932,-0.0052
419,5479,108,4,walking,-0.0026,-0.7823,0.0185,0.0177,-0.0018,-0.0078,0.013,0.3673,-0.0111,-0.0143,-0.1579,-0.049,0.0684,-0.3545,-0.0032,0.0222,0.0006,0.0161,0.0065,-0.0093,-0.005,-0.0054,-0.0011,-0.0082,0.0216,0.0244,0.0278,0.0154,-0.0069,0.0283,-0.0022,0.0202,0.0122,-0.0086,-0.0156,-0.0103,0.0342,0.9772,0.0334,-0.0049,-0.0194,-0.0313,-0.0239,0.0107,0.5921,0.0148,-0.0127,-0.0168,-0.0405,0.5165,-0.0253,-0.0608,-0.0267,-0.0047,0.0381,0.0367,-0.0379,-0.0324,0.0679,0.0307,0.0549,-0.003,-0.0303,0.0354,-0.2059,-0.009,0.0396,0.0411,0.0003,-0.0082,-0.0945,-0.0516
420,5480,108,4,walking,-0.0073,-1.0505,-0.0007,-0.0199,-0.0323,-0.0426,0.0108,0.4747,-0.0292,-0.0168,-0.2228,-0.0554,-0.0157,-0.799,-0.0145,0.018,-1.0032,0.0307,0.7548,-0.2699,-0.0054,-0.0485,-0.2942,-0.3723,-0.4188,-0.0134,-0.001,0.3731,-0.3176,-0.0586,-0.0023,0.9403,-0.0405,0.0371,-0.0398,-0.0246,-0.0288,0.9424,0.0271,-0.0172,0.0575,0.0092,-0.0044,-0.0048,0.5858,-0.0061,-0.0204,-0.0213,-0.0222,0.3879,-0.0122,-0.0119,-0.0341,0.0005,0.002,0.0055,0.0251,-0.008,-0.0431,-0.0446,0.0604,0.0267,-0.0365,0.045,-0.301,-0.0335,0.0388,0.0358,-0.0154,0.064,-0.1256,-0.0139
421,5481,108,4,walking,-0.0699,-0.9827,0.0076,-0.0058,-0.0037,-0.022,0.0096,0.3733,-0.0208,-0.0164,-0.1741,-0.0478,0.0608,-0.3257,-0.0183,0.0019,1.0294,1.0332,-0.3069,-1.0444,-0.0705,1.3173,0.4189,0.5618,-0.7166,0.1325,-0.0027,-0.6447,0.429,-0.0529,-0.0136,-0.9067,-1.5044,-0.0044,-0.038,0.0085,-0.0192,0.5104,-0.0103,0.0255,-1.269,-0.0417,0.0245,-0.0041,0.6698,0.0066,-0.0151,-1.9433,-0.0173,0.4659,-0.0282,0.027,-1.715,0.0125,-0.011,0.0306,-0.0402,-0.0084,0.0588,0.0149,-0.0736,-0.0347,0.0364,-0.0214,-0.1888,0.3872,0.3599,0.0312,-0.0088,-0.6143,-0.0979,0.0554
422,5482,108,4,walking,-0.0189,-1.0403,-0.0238,-0.0437,-0.0075,-0.0557,0.0209,0.5274,-0.0174,-0.0048,-0.2576,-0.0489,-0.0589,-0.7144,-0.0053,0.0031,-0.9986,-0.0013,1.0022,0.6449,0.2035,0.2077,-0.3727,-0.0641,-0.8718,0.008,0.0225,1.0504,0.2013,-0.0567,0.0115,1.0686,-0.0142,0.01,-0.0279,-0.0165,0.0154,0.6588,0.0003,-0.0284,-0.0367,-1.0247,-0.0132,-0.0014,0.5993,-0.0022,-0.0127,-1.7986,-0.0191,0.4285,-0.0067,-0.0576,-1.6709,-0.0253,-0.0411,-0.0016,0.0099,0.0323,-0.0428,-0.0294,0.0477,0.006,-0.0445,-0.0356,-0.202,-0.0373,0.1631,0.0093,-0.0213,-0.0599,-0.0974,-1.1557
423,5483,108,4,walking,-0.0697,-1.0078,0.0069,0.0085,0.0346,-0.0274,-0.0096,0.4868,-0.0168,-0.0181,-0.2306,-0.0506,0.1566,-0.8475,-0.0131,-0.0303,0.997,-0.0048,-0.4392,-1.0445,0.0157,-0.023,0.217,1.2692,-0.0123,0.0026,0.0102,-1.0286,0.0417,-0.0051,-0.0201,-1.0482,-0.022,-0.0542,0.0149,-0.0388,0.0031,0.5255,-0.0247,0.0018,-0.055,-1.0219,0.0003,0.0015,0.7257,0.0115,-0.0131,-1.8038,-0.0292,0.4041,-0.0264,0.0683,-1.7183,0.042,0.0173,-0.0197,0.0565,-0.0402,0.0495,-0.0537,-0.0609,-0.0469,0.0368,-0.0944,-0.1847,0.1553,0.0339,-0.0132,0.0326,-0.0633,-0.0801,0.963
424,5484,108,4,walking,-0.0113,-1.0074,0.0088,-0.0226,-0.0017,-0.0349,0.0255,0.5491,-0.0291,-0.0043,-0.2639,-0.054,0.0138,-0.8048,0.02,-0.0055,-0.0109,0.0216,0.0186,0.0306,0.0035,0.002,0.0004,-0.0169,0.0047,-0.0152,0.0272,0.0093,-0.0121,0.0178,-0.0062,0.0281,0.0124,0.0043,-0.0157,-0.0011,0.0404,0.7927,0.0233,-0.0249,-0.0012,-0.0324,-0.0101,-0.0099,0.6015,0.007,-0.0057,-0.0022,-0.0123,0.4249,-0.019,0.0605,0.0017,0.0096,-0.0084,0.0073,-0.0135,0.0129,-0.0417,-0.0149,-0.033,0.0362,0.037,0.0489,-0.2139,-0.0426,0.0268,0.0438,0.0275,-0.0008,-0.0983,-0.0048
425,5485,108,4,walking,-0.0017,-0.8198,-0.0129,-0.0146,-0.0066,-0.0323,0.0184,0.4407,-0.0234,-0.0112,-0.2129,-0.0473,0.0445,-0.3634,0.0078,0.0048,0.0196,-0.0174,-0.0089,0.0091,-0.0039,0.0036,-0.0169,0.0026,0.0226,-0.0139,0.0275,0.0259,-0.0135,0.0339,-0.0044,0.0355,0.0143,0.0003,-0.0156,-0.0057,0.0211,1.3728,-0.0084,0.0102,0.0206,-0.0049,-0.016,-0.0016,0.5269,0.0044,-0.0077,-0.0029,-0.0065,0.4425,-0.002,0.0564,0.001,0.0244,0.0109,-0.0015,-0.0144,-0.0288,-0.0266,-0.0392,0.0302,0.0133,0.0067,-0.0407,-0.25,-0.0551,0.0492,0.008,0.0214,0.0373,-0.1304,-0.0059
426,5486,108,4,walking,-0.0011,-0.8269,0.0078,0.0043,-0.0177,-0.0153,-0.0126,0.4048,-0.0291,-0.0169,-0.1926,-0.0495,0.06,-0.3721,0.0009,0.003,-0.0119,-0.0024,0.0231,0.0196,0.0087,0.0025,-0.0102,-0.0132,0.0066,0.0098,0.0342,0.0201,0.0013,0.0223,-0.002,0.0262,0.0063,0.0086,-0.015,0.0054,-0.0029,1.3876,-0.0279,0.0301,0.0335,-0.0327,-0.0101,0.0188,0.5843,0.014,0.0021,-0.0051,-0.0251,0.5354,0.0137,-0.0529,-0.0123,0.0246,0.0217,-0.0109,-0.0091,-0.0212,-0.0505,-0.0489,-0.0447,0.0128,0.0395,0.0316,-0.2409,0.0056,-0.0404,0.013,0.0309,0.041,-0.1253,-0.006
427,5487,108,4,walking,-0.0039,-1.0395,0.0132,0.0148,-0.0206,0.0211,0.0268,0.5844,-0.031,-0.015,-0.2716,-0.058,0.0092,-0.4267,0.0117,-0.0107,0.0188,0.001,-0.008,0.0171,0.0007,-0.0081,-0.0069,0.0029,0.029,0.0226,0.0235,0.0253,0.0371,0.0303,-0.004,0.024,0.0059,0.0106,-0.0125,0.0025,-0.0063,0.841,0.0274,0.0092,0.0443,0.0328,-0.0134,-0.0118,0.5946,-0.0043,-0.0063,-0.0167,0.0089,0.4276,-0.0337,0.0601,0.0194,0.0094,-0.0033,0.0283,0.0053,0.0105,0.0404,0.0487,-0.0073,0.0263,0.0259,0.038,-0.2632,-0.05,-0.0369,0.0352,0.0206,0.0538,-0.1189,-0.045
428,5488,108,4,walking,-0.0166,-0.9166,0.0213,-0.0118,-0.02,-0.0319,0.01,0.3544,-0.0138,-0.0265,-0.1506,-0.0476,0.0523,-0.3019,0.0074,-0.0225,-0.0097,-0.0156,0.0346,0.0303,0.0006,0.0041,-0.0236,-0.0244,-0.0082,0.0068,0.018,-0.0276,-0.032,-0.0091,-0.0019,0.0393,0.0148,0.0079,-0.0121,-0.0009,-0.0035,0.8702,-0.0022,0.0094,0.029,-0.0012,0.0059,-0.0059,0.5883,-0.0171,-0.0101,-0.0046,0.0102,0.511,-0.0191,0.053,0.0114,-0.0091,-0.0253,0.0153,0.0154,0.0145,-0.0465,-0.0352,0.033,0.0066,0.0192,-0.057,-0.244,-0.0417,-0.0056,-0.0096,-0.0282,-0.0093,-0.1034,-0.0409
429,5489,108,4,walking,-0.0661,-1.0093,-0.0587,0.0025,0.0398,0.0156,-0.0105,0.4743,-0.0196,-0.0326,-0.2321,-0.0549,-0.0407,-0.8228,0.0213,-0.0089,-0.0183,-1.0048,-0.0131,1.048,-0.0077,0.0125,-0.0055,-0.0038,2.0414,0.0113,-0.0286,0.0249,0.0168,0.045,-0.0229,-0.0015,1.514,0.0178,-0.0448,0.0067,-1.0599,0.8164,-0.0346,0.0299,1.3555,0.9706,-0.0258,-0.0271,0.5838,-0.0333,-0.0273,2.3026,0.0516,0.4685,-0.0522,0.0463,2.0857,-0.0001,-0.0565,0.0475,-0.026,-0.0204,0.0431,-0.0679,-0.53,-0.0374,0.2178,-0.0684,-0.1347,-0.4462,-0.5603,-0.0534,-0.0389,0.5086,-0.0802,1.2241
430,5490,108,4,walking,-0.0096,-0.9629,0.0088,0.0013,0.0065,-0.0187,0.0108,0.3834,-0.0244,-0.0146,-0.1672,-0.0464,-0.058,-0.354,-0.0041,-0.0234,-0.007,-0.02,0.0302,0.0218,-0.0059,-0.0002,0.0033,-0.0026,-0.0159,-0.009,0.0221,-0.0094,-0.0338,0.006,-0.0069,0.0392,0.016,0.0008,-0.0139,0.0069,0.0361,0.8491,0.0064,0.0193,0.0328,-0.0172,-0.0126,-0.0101,0.5928,0.0045,-0.0262,-0.0255,-0.0353,0.4308,-0.0039,0.0298,-0.0274,-0.0117,0.003,0.0116,-0.0282,-0.0034,0.0495,-0.0573,0.04,0.0209,0.0065,-0.0436,-0.2449,-0.0548,0.051,0.0373,0.0152,0.0412,-0.0866,-0.0077
431,5491,108,4,walking,-0.0398,-1.0107,-0.0499,-0.0038,-0.0675,0.0099,-0.0139,0.4226,-0.0001,-0.0283,-0.2447,-0.0401,0.1492,-0.9025,0.0082,-0.0177,1.0294,0.0432,-0.0222,-0.6032,-0.0077,0.7732,0.0043,0.79,0.0235,0.0568,-0.0013,-0.963,0.442,0.0147,0.0058,-1.0693,-0.1647,-0.0307,0.0023,-0.015,0.0165,1.0526,-0.0192,-0.0262,-0.3144,-2.0185,0.0385,-0.0412,0.7344,-0.0118,0.0274,-3.092,0.0452,0.4405,1.103,-0.0543,-2.3176,-0.0427,-0.0649,-0.0463,0.0654,0.0504,0.0258,-0.0443,-0.3018,-0.0474,0.0807,-0.2074,0.0584,0.2629,0.2253,-0.0335,0.0129,-0.2197,-0.0689,1.3745
432,5492,108,4,walking,-0.0507,-0.956,-0.0235,0.0039,0.0565,-0.0386,0.0398,0.4198,-0.0096,-0.0366,-0.2172,-0.0404,-0.1347,-0.313,-0.0059,-0.0041,-0.0122,1.0688,0.4185,-0.4427,0.0559,0.631,0.0072,-0.2235,-0.5603,-0.0216,0.0158,0.216,0.0531,0.0584,0.0298,1.0975,-1.0517,-0.0119,-0.0956,-0.0327,-2.0695,0.4681,0.0086,0.0284,0.1551,-2.0484,0.0026,0.0275,0.7279,0.0138,0.0268,-3.5791,0.017,0.5095,-0.02,-0.0757,-2.4452,-0.0258,-0.0445,-0.037,0.0184,0.041,-0.0763,0.0433,0.4926,-0.0192,-0.2292,0.207,-0.1254,0.2032,0.5205,0.0004,0.0065,-0.0645,-0.0893,-1.3796
433,5493,108,4,walking,0.0508,-0.9635,0.0545,-0.0011,0.0939,-0.0037,0.0077,0.387,-0.0182,-0.0243,-0.1797,-0.0382,-0.1475,-0.2989,-0.0047,-0.0023,-1.0345,-0.3125,0.6718,0.9412,0.0169,-0.3775,-0.3258,-0.2372,-0.2695,-0.0274,-0.0216,0.6037,-0.457,-0.0408,0.0298,1.0921,0.7407,0.0053,0.0517,0.0556,-0.0145,0.7986,0.02,-0.03,1.0449,1.0524,0.0095,-0.0067,0.5955,0.0108,0.0198,0.0132,-0.0089,0.4307,-0.011,0.0225,-0.0262,-0.0233,-0.0329,0.0042,0.0178,0.0153,-0.0392,0.0466,-0.0598,0.035,0.0335,-0.0538,-0.1963,-0.268,-0.3302,0.0363,-0.0579,0.5308,-0.0848,-0.0688
434,5494,108,4,walking,-0.0393,-0.9407,0.0039,-0.0156,-0.0021,-0.0167,-0.0018,0.3974,-0.0214,-0.0136,-0.1886,-0.049,-0.0645,-0.3294,-0.0126,0.0066,-1.0334,0.0412,0.5801,0.3079,0.1022,-0.0698,-0.219,-0.3015,-0.3736,-0.0228,-0.0103,0.0345,-0.2955,-0.0434,-0.0294,0.9724,0.027,0.0261,-0.0183,0.017,0.0387,2.0928,0.0057,0.025,0.0092,0.0286,-0.0087,-0.0002,0.5899,0.0097,-0.0062,-0.0143,0.0065,0.4689,-0.0045,0.0114,-0.0209,-0.0045,-0.0307,0.0001,0.0137,0.0245,0.0073,-0.0451,0.0446,0.0075,-0.012,0.0586,-0.2219,-0.0429,0.0569,0.0318,-0.0017,0.0516,-0.095,-0.0523
435,5495,108,4,walking,0.0638,-0.9186,-0.0683,0.0348,0.1608,0.0169,-0.0098,0.4426,-0.0128,-0.0177,-0.212,-0.0368,0.1428,-0.374,-0.0207,-0.0329,1.0826,0.3777,-0.0608,-0.6715,-0.0379,0.7432,0.164,1.0943,-0.3872,0.0408,0.0518,-0.841,0.5948,-0.0499,0.0039,-1.0043,-0.4397,-0.1626,0.0065,-0.0557,0.0279,1.2039,0.0254,-0.0051,-0.6443,-2.0523,-0.0011,0.0135,0.5841,0.0233,-0.002,-0.0076,-0.0264,0.5073,-0.0008,-0.0764,-0.0112,-0.0026,0.0197,-0.0083,0.0044,-0.0227,0.041,0.0486,-0.028,-0.015,0.0216,0.0461,-0.2044,0.0435,0.2532,0.035,-0.0292,-0.2697,-0.0998,0.0565
436,5496,108,4,walking,-0.0503,-0.926,0.0557,0.0068,-0.0165,-0.0129,0.0085,0.3227,-0.0151,-0.0293,-0.1544,-0.0515,0.1036,-0.3285,0.0059,0.0074,0.9548,1.0288,-0.2402,-0.8549,-0.0015,0.9408,0.4425,0.7031,-0.4197,0.1022,0.0238,-0.0639,0.566,0.0491,0.0541,-0.9038,-1.3402,-0.1599,-0.1758,-0.0453,0.0023,1.1538,0.0183,-0.0204,-2.0733,-0.0041,0.0113,0.0095,0.5926,-0.0005,0.0052,0.0052,0.0229,0.4284,0.0199,0.013,-0.0326,0.0175,-0.0109,-0.007,0.0265,0.0031,-0.0143,-0.0485,-0.0572,-0.025,-0.0388,0.0336,-0.1634,0.4012,0.3732,0.0438,-0.0394,-0.8233,-0.0773,-0.0469
437,5497,108,4,walking,-0.0693,-1.0388,-0.0089,-0.0689,-0.075,-0.0876,0.0108,0.5698,0.002,-0.029,-0.2548,-0.055,0.2516,-0.7095,-0.0174,-0.013,1.0335,0.4402,-0.2234,-0.7826,0.0036,1.3132,0.3251,1.1646,-1.036,0.2036,-0.0116,-2.3794,0.52,-0.4397,0.0274,-1.5142,-1.07,-0.2609,-0.1326,-0.0523,0.7427,0.6562,0.0007,-0.0452,-1.2685,-1.1566,-0.0073,0.0154,0.5471,0.0061,-0.014,0.9839,0.016,0.3652,-0.0307,-0.0129,1.0549,0.022,-0.0181,0.0193,-0.0202,0.0239,0.0099,0.0405,-0.0444,0.0248,0.0058,-0.0601,-0.163,0.205,0.4024,-0.0045,0.0329,-0.6293,-0.0932,-0.0738
438,5498,108,4,walking,0.0349,-0.9162,-0.0233,0.0103,0.0685,-0.0158,0.0083,0.3722,-0.0066,-0.0174,-0.2044,-0.0291,0.0447,-0.3726,0.0035,0.018,0.9403,-0.0141,-0.3033,-1.0128,-0.2374,-0.0221,0.3255,0.9345,-0.201,-0.0195,0.027,-0.5169,-0.3289,-0.0538,0.0091,-0.9289,0.008,-0.0387,0.0513,-0.0405,-0.0159,1.1764,-0.0221,0.0079,-0.0106,0.0397,-0.0023,0.0006,0.5944,0.0035,-0.0113,-0.0092,0.008,0.5128,-0.0328,0.0129,0.0274,-0.0206,-0.0287,-0.0062,0.0124,-0.0077,0.007,-0.0454,-0.0229,-0.0413,0.0254,-0.0178,-0.1838,0.0282,0.0057,0.0012,0.0325,-0.027,-0.0485,0.056
439,5499,108,4,walking,-0.0118,-1.0083,0.0141,-0.0027,0.0386,-0.0351,0.0166,0.5206,-0.0258,-0.0073,-0.2399,-0.0519,0.0539,-0.8476,-0.0052,0.0152,-0.0041,1.0187,0.022,-0.5186,0.0272,0.3096,0.0061,-0.0408,-0.4029,0.0011,-0.013,0.0544,0.0091,-0.1659,-0.0101,0.0483,-0.0344,0.0122,0.0008,0.0047,-0.024,0.773,0.0306,-0.0177,-0.0336,-0.0286,-0.0032,-0.0113,0.5955,-0.0216,0.001,-0.0292,-0.0081,0.4273,0.0054,-0.0239,-0.0197,0.0103,0.0202,-0.0135,0.005,-0.0328,-0.042,-0.0573,0.0689,0.0237,-0.0493,0.0507,-0.2256,0.0456,0.0372,0.0524,0.0414,-0.0315,-0.1383,-0.0369
440,5500,108,4,walking,-0.0088,-1.0009,-0.0105,0.0166,0.0136,-0.0177,-0.0066,0.5077,-0.0226,-0.0192,-0.2344,-0.0478,0.0586,-0.8134,0.007,0.0252,0.0094,-0.0015,0.015,0.0186,-0.0055,0.0204,-0.0033,0.0006,0.0128,0.0115,0.0378,-0.002,0.0006,0.0368,-0.0042,0.0295,0.009,0.0008,-0.0194,-0.0001,-0.0077,0.721,-0.0269,0.023,-0.0337,-0.0343,0.0073,0.001,0.5926,0.0011,0.0008,-0.0141,-0.0134,0.4292,0.0282,0.0417,-0.0389,0.0215,0.0003,-0.0119,0.0306,-0.0185,0.0445,-0.0275,0.0313,0.01,0.0139,-0.0459,-0.1957,-0.0432,0.0499,-0.0095,0.0406,-0.0422,-0.1324,-0.0093
441,5501,108,4,walking,0.0105,-0.7906,0.0069,0.0022,0.0218,-0.0076,0.0231,0.4229,-0.0314,-0.0044,-0.2096,-0.0539,0.0565,-0.307,0.0038,-0.0186,0.0112,-0.0097,0.0055,0.0279,-0.0124,-0.0135,0.0081,-0.0151,0.014,0.0006,0.0179,0.0045,-0.0114,0.0228,-0.0011,0.0361,0.02,0.008,-0.0123,0.0054,0.0332,0.7738,0.0285,-0.0295,-0.0329,-0.0377,-0.0125,-0.0018,0.585,0.019,-0.0035,-0.0113,0.0245,0.5538,-0.0086,0.044,-0.003,0.0006,0.0085,-0.0044,-0.0066,-0.0109,-0.042,-0.0255,-0.0383,0.0138,0.03,-0.0508,-0.2379,-0.0553,0.0516,0.041,0.0077,-0.0263,-0.0859,-0.052
442,5502,108,4,walking,-0.0663,-0.9569,-0.0008,0.0035,0.0136,0.0235,0.0303,0.3348,-0.0119,-0.0281,-0.158,-0.0365,0.0588,-0.3953,0.0052,0.0019,-0.0159,0.0174,0.0095,0.0085,0.002,-0.0109,0.0066,0.0077,0.0192,-0.0214,0.0378,-0.0243,-0.0314,0.0264,0.0141,0.0226,0.0082,0.0203,-0.0126,0.0048,-0.0397,1.2021,-0.0414,0.0388,0.0443,-0.035,-0.0047,-0.0165,0.5593,-0.0021,0.004,-0.0012,0.0054,0.4278,-0.0347,-0.0825,-0.029,0.0008,-0.0323,-0.0052,0.0148,0.0136,-0.0276,-0.0339,-0.045,0.0184,0.0498,-0.056,-0.1884,-0.0559,0.0685,-0.0502,0.0488,0.0647,-0.0939,-0.0405
443,5503,108,4,walking,-0.0105,-0.9169,-0.0118,0.0097,0.0018,-0.0186,0.0249,0.4197,-0.0281,-0.0199,-0.2095,-0.0463,-0.0675,-0.3357,-0.0131,0.0009,-0.0141,-0.0047,0.0267,0.0129,-0.0054,-0.0053,-0.0068,-0.0257,-0.0024,0.0015,0.0151,-0.0162,-0.0207,-0.0071,0.0021,0.0298,0.0091,-0.0089,-0.0159,-0.0035,0.0401,2.0926,-0.0308,-0.0174,0.0236,0.0329,0.0149,0.001,0.5907,-0.0089,-0.0008,-0.0093,-0.0227,0.4252,0.0279,0.1027,-0.0003,0.0376,0.0109,-0.0109,0.01,-0.0334,-0.0347,-0.0477,-0.0316,0.0028,0.0365,-0.0214,-0.1943,-0.0433,0.0519,-0.0095,0.0105,0.0386,-0.0948,-0.0106
444,5504,108,4,walking,-0.0115,-0.9268,-0.0187,-0.0136,-0.0049,-0.0279,0.0229,0.3545,-0.0191,-0.0165,-0.1698,-0.0382,0.0547,-0.3289,0.0208,0.0091,1.04,1.0505,-0.3672,-1.0682,-0.2376,0.7589,0.5046,1.2053,-0.4397,0.0447,0.002,-0.9719,0.7526,0.2635,0.0513,-1.3186,-1.2995,-0.3098,-0.1608,-0.0011,1.0412,0.8412,0.0233,-0.0213,-1.5809,-0.3796,0.0108,-0.0006,0.7349,-0.0257,-0.008,0.9972,-0.0062,0.4019,0.0056,-0.0244,1.3587,-0.0341,-0.0321,-0.0022,-0.0267,-0.0028,0.0366,0.0396,-0.0178,-0.0079,0.0372,0.052,-0.2259,0.5189,0.5204,0.0036,0.0072,-0.7027,-0.0979,0.0283
445,5505,108,4,walking,-0.0677,-0.9616,0.0089,-0.0134,-0.0005,-0.0327,-0.0073,0.3316,-0.0183,-0.0169,-0.1411,-0.0382,0.1348,-0.4454,0.0194,-0.03,0.9429,0.9402,-0.4402,-1.0103,-0.0506,0.9743,0.3763,1.4421,-0.4188,0.0815,0.014,-0.3735,0.5945,0.0547,0.0429,-0.7408,-1.4698,0.0031,-0.0017,0.045,0.0152,0.9549,0.02,-0.0263,-2.0855,0.0413,0.0215,0.0125,0.5935,-0.029,0.0021,2.0945,-0.0227,0.4608,-0.0286,-0.0649,1.8231,0.0253,-0.0054,0.0067,0.0277,-0.0117,0.0684,-0.0235,-0.3018,-0.0446,0.0885,0.0405,-0.188,0.5804,0.42,-0.0049,-0.0312,-0.8064,-0.0878,0.0526
446,5506,108,4,walking,-0.0011,-0.9163,-0.0148,-0.0238,0.0067,-0.0428,0.0184,0.3724,-0.0259,-0.0127,-0.1763,-0.0415,-0.0684,-0.3093,-0.0118,-0.0201,-0.0004,-0.0245,0.0327,0.0277,0.01,-0.0025,0.0153,-0.005,-0.008,0.0044,0.0262,-0.0032,-0.0139,0.0169,-0.0224,0.0291,0.0163,0.0066,-0.009,-0.0065,-0.0052,0.9184,0.0072,0.0358,-0.0284,0.0179,0.021,-0.0194,0.5905,-0.0119,0.0035,-0.0016,0.0139,0.4923,-0.0045,-0.052,0.0057,-0.036,-0.0048,0.013,-0.03,0.0136,0.008,0.051,-0.048,0.0159,0.0348,0.053,-0.2699,-0.058,0.0472,0.04,0.0305,0.0454,-0.0983,-0.0499
447,5507,108,4,walking,-0.0548,-0.9186,0.0503,-0.0021,0.0132,-0.0159,-0.0082,0.3541,-0.0116,-0.0309,-0.1735,-0.0468,-0.1633,-0.3348,-0.0103,0.017,-0.0063,-1.04,-0.0485,0.8219,-0.0077,-0.0164,0.0011,-0.2693,0.4183,-0.003,0.0007,0.0282,-0.0219,-0.0554,0.0094,0.0455,1.1026,0.0322,-0.0125,0.0043,0.038,1.4027,-0.0237,0.0193,0.0227,1.0606,0.0293,0.0312,0.6124,-0.0253,-0.0247,-0.0052,-0.0276,0.4204,-0.0399,0.018,0.0002,0.0373,0.0434,0.0004,-0.0517,-0.0364,0.0441,-0.0532,-0.064,0.0208,0.0565,-0.0705,-0.1878,-0.0931,-0.1829,-0.0083,-0.0136,-0.0417,-0.109,0.0651
448,5508,108,4,walking,-0.0136,-0.9705,-0.0237,-0.0174,-0.0002,-0.0445,0.0243,0.4197,-0.0126,-0.0225,-0.203,-0.0398,0.1344,-0.3093,-0.0012,-0.021,1.0083,-0.0369,-0.0385,-0.0287,0.003,0.0483,-0.002,0.0043,0.0058,-0.0115,0.0103,-0.0209,-0.0165,-0.0005,-0.0302,-0.0062,0.0012,-0.0072,-0.0146,-0.0052,-0.0199,0.7446,-0.04,0.0158,-0.0189,-0.0099,-0.0047,0.0071,0.5678,0.0072,0.0023,-0.0102,0.0345,0.4423,0.0064,-0.0607,-0.005,-0.0077,0.0277,-0.0045,-0.0106,-0.0425,0.0257,-0.047,-0.0458,-0.0277,0.0358,-0.0525,-0.2258,0.0379,-0.0492,-0.0555,0.003,0.0053,-0.1329,-0.0022
449,5509,108,4,walking,-0.0019,-0.8607,0.0142,-0.0025,-0.0198,-0.0316,0.03,0.5098,-0.0269,-0.0124,-0.2429,-0.0518,0.0928,-0.32,0.0182,-0.0209,-0.0093,-0.0069,0.0241,0.017,0.0072,0.0034,-0.0002,-0.0101,0.0255,0.0042,0.0339,0.0057,-0.0159,0.0286,-0.0163,0.0326,0.0138,0.0089,-0.0103,0.0002,0.0412,1.3769,-0.0087,-0.0234,0.0119,-0.0396,-0.0104,0.0113,0.5898,-0.0001,0.0023,-0.021,0.0032,0.427,-0.0023,-0.0634,-0.0222,0.008,-0.004,0.0056,0.0273,-0.0068,0.0033,-0.0368,0.0297,0.0198,-0.0112,-0.0373,-0.2216,-0.0521,0.0403,-0.0144,0.0094,0.0554,-0.095,0.0105
450,5510,108,4,walking,-0.0395,-0.9166,0.0163,0.0108,-0.0046,0.0137,-0.0005,0.4141,-0.0174,-0.0091,-0.2063,-0.0453,-0.0602,-0.3095,0.0022,0.0275,-0.0239,0.0061,0.0228,0.015,0.0205,-0.0144,-0.0215,-0.0011,-0.0198,0.0309,0.0083,-0.0075,0.0282,-0.025,-0.0116,0.0264,0.0037,0.0122,-0.0057,0.0015,0.0439,1.504,-0.0335,-0.024,-0.0313,-0.0421,-0.0013,0.0037,0.5938,0.0023,0.008,-0.0065,-0.0169,0.5099,0.0001,0.0408,-0.0094,0.0102,0.0114,0.0092,0.0053,-0.0072,-0.0081,0.029,0.0483,-0.0122,-0.0266,0.0363,-0.2014,0.0527,-0.0386,0.0418,0.0374,0.0517,-0.0859,0.0326
451,5511,108,4,walking,-0.0698,-0.9566,0.0635,-0.0079,-0.0608,0.0066,0.0157,0.3272,-0.0104,-0.0278,-0.1519,-0.0391,-0.0942,-0.3727,0.0032,-0.0178,-0.0203,-1.0445,-0.2927,0.8013,-0.0467,-0.314,0.2946,-0.2697,1.0363,-0.0527,0.0041,-0.0129,-0.1643,0.631,-0.0545,-0.5822,1.3735,-0.0518,-0.0682,0.0583,2.0677,0.8483,-0.0014,-0.016,0.0309,0.5802,-0.0138,0.0054,0.595,-0.0215,0.0074,-3.3556,0.0224,0.4595,0.0082,0.0294,-2.3745,0.0408,-0.0286,0.023,0.0319,-0.0096,0.0499,0.014,-0.7705,0.0417,0.325,-0.203,0.0255,-0.5599,-0.4252,-0.0388,-0.0435,-0.0579,-0.101,1.3863
452,5512,108,4,walking,-0.0037,-0.9766,-0.0163,0.0025,0.0128,-0.0341,-0.0142,0.3804,-0.0151,-0.0189,-0.1761,-0.0405,0.0632,-0.3745,-0.0194,0.0205,-0.0008,0.0062,-0.0097,0.0236,-0.0054,0.0001,-0.0024,-0.0117,0.0084,-0.001,0.0273,-0.0136,-0.0217,0.022,0.0039,0.0269,0.0241,0.0041,-0.0106,-0.0043,-0.0077,0.8708,-0.0299,-0.0088,-0.0451,-0.0309,-0.016,0.017,0.6013,0.0053,-0.0159,-0.003,-0.0324,0.4148,-0.0365,-0.0596,-0.0427,0.0119,-0.0054,0.0113,-0.0287,-0.0137,-0.0609,0.0317,0.0359,-0.0059,-0.0374,-0.0555,-0.2634,0.0522,0.0385,0.033,-0.0254,0.044,-0.1517,0.0435
453,5513,108,4,walking,-0.0111,-1.0045,-0.0139,-0.0218,0.0236,-0.0416,-0.0033,0.5185,-0.019,-0.0158,-0.255,-0.0466,0.0518,-0.8115,-0.0106,-0.0148,-0.0061,-0.0176,0.029,0.0123,-0.0278,-0.0014,-0.0166,-0.006,0.0096,-0.0186,0.0341,-0.0088,-0.0259,0.0317,0.0053,0.028,0.0145,0.0036,-0.0116,0.0026,-0.0225,0.7986,-0.0087,0.0215,-0.0009,0.0395,0.0003,-0.0203,0.5921,-0.0089,-0.0043,-0.0071,-0.0073,0.4274,0.0005,0.0428,-0.007,-0.0004,-0.0099,0.0325,-0.0089,0.0389,0.0403,0.0573,0.0241,-0.016,0.0305,-0.058,-0.2373,0.008,-0.0047,0.0354,0.0267,0.0474,-0.0752,-0.0147
454,5514,108,4,walking,-0.0466,0.0731,0.0435,0.0349,0.0339,0.0484,0.0509,0.6839,-0.0241,-0.0001,-0.2128,-0.049,0.0664,0.0588,-0.0601,-0.0085,0.0001,0.008,0.0611,-0.0525,-0.0106,-0.0004,-0.031,0.0025,0.0558,0.011,0.0328,0.0136,-0.0174,0.0399,0.0114,0.0316,0.0046,-0.0002,-0.0126,-0.0126,0.053,0.9548,0.0139,0.0189,-0.0653,-0.0025,-0.0082,-0.0025,0.4655,-0.008,,,,,,,,,,,,,,,,,,,,,,,,,,
455,5515,108,4,walking,-0.0591,-0.9997,-0.0569,-0.0167,-0.0458,-0.0078,0.0301,0.3546,0.0089,-0.0259,-0.1728,-0.0335,0.009,-0.3453,-0.0058,0.0293,-0.0033,-1.0544,0.0029,0.9542,-0.012,-0.0069,-0.0004,-0.0158,0.0233,-0.0183,-0.0147,-0.0223,-0.0278,-0.0115,-0.0364,0.0045,0.9835,0.0314,0.0172,-0.0101,0.0408,1.0377,0.0514,0.0202,0.034,0.0424,-0.0132,0.0261,0.5945,0.0073,0.0061,-0.0049,0.0079,0.465,-0.0246,-0.0384,0.0119,0.019,-0.0019,0.0392,-0.0475,-0.0106,0.0412,-0.0532,-0.0505,0.0324,0.0449,-0.0483,-0.2219,-0.0576,-0.0218,0.0461,0.0496,0.0587,-0.0875,0.0071
456,5516,108,4,walking,-0.0081,-0.837,0.0055,0.0163,-0.0139,-0.0068,0.0227,0.423,-0.0199,-0.018,-0.2097,-0.0429,0.0704,-0.4287,0.009,-0.0106,0.0007,0.0342,-0.015,0.0174,-0.007,0.0033,-0.0024,0.0065,0.027,0.0003,0.0358,0.0118,-0.0094,0.0332,0.0042,0.0302,0.0123,0.0002,-0.0205,0.0067,0.0282,1.0976,0.0244,-0.0142,0.0257,-0.0006,-0.0126,-0.001,0.583,0.014,-0.0062,-0.0103,-0.0231,0.5076,0.0013,0.0483,-0.0137,-0.0021,-0.0317,0.0005,0.0157,-0.0015,-0.0295,-0.0514,0.0383,0.0208,-0.0215,-0.0544,-0.2254,-0.0438,0.0417,0.0328,0.0127,0.0263,-0.0869,-0.0052
457,5517,108,4,walking,-0.0133,-0.9426,0.0034,0.0088,0.0072,-0.0184,0.0177,0.3739,-0.0259,-0.0111,-0.1732,-0.0515,0.0676,-0.3292,-0.0236,-0.0191,-0.0061,-0.0024,0.0245,0.0124,0.0021,0.0085,-0.0009,-0.0092,0.022,0.0074,0.0348,0.0143,0.0062,0.0218,-0.0073,0.0301,0.0103,0.0046,-0.0149,0.0013,0.0152,0.7984,-0.0104,0.0269,0.0284,0.0206,-0.0059,0.0051,0.5834,0.016,-0.0066,-0.0106,0.0336,0.4514,-0.0164,0.0523,-0.0117,0.0119,0.0318,0.0293,0.0135,-0.0459,-0.046,-0.0387,0.0033,-0.0125,0.0433,-0.047,-0.2692,0.004,0.0442,-0.0322,0.0372,0.0358,-0.1317,0.0017
458,5518,108,4,walking,-0.0393,-0.9067,0.0076,-0.0039,0.0045,-0.0168,-0.0016,0.3815,-0.0126,-0.0188,-0.1709,-0.0374,-0.0827,-0.3931,-0.0068,-0.0133,-1.0442,0.0417,0.6032,0.0309,-0.0009,-0.0173,-0.0155,-0.0503,-0.0609,-0.0241,0.0292,0.0339,-0.0426,0.0431,0.0058,0.9429,0.0094,0.0088,-0.0238,0.0023,0.0268,0.9547,0.0106,-0.0116,0.0283,-0.0316,0.0201,0.014,0.5946,-0.0213,0.022,-0.0327,-0.0193,0.4656,0.0012,-0.0692,-0.004,0.0346,-0.0254,-0.0047,0.0487,-0.0389,-0.0407,-0.0574,-0.0569,-0.0092,0.054,0.0598,-0.2017,-0.046,0.068,-0.0011,0.0275,0.0457,-0.134,0.0354
459,5519,108,4,walking,-0.0083,-0.8228,0.0142,0.0058,0.0067,-0.0105,0.023,0.4197,-0.026,-0.0185,-0.2036,-0.0458,0.0649,-0.3231,-0.0009,-0.0093,0.0044,-0.0135,-0.0212,0.0192,0.0171,0.0032,-0.0209,0.011,0.0124,0.0094,0.0298,0.0017,-0.0076,0.0247,-0.0034,0.0224,0.0068,0.0029,-0.0161,-0.0053,0.0256,0.7183,-0.001,-0.0151,0.0281,-0.0054,0.0134,0.0054,0.582,-0.0041,0.0058,0.0075,-0.031,0.4926,0.0061,0.0514,0.0041,-0.0072,-0.0334,0.0076,0.0345,-0.0155,-0.0355,-0.0367,-0.0387,-0.0163,0.0246,0.0448,-0.2219,0.0462,0.0429,0.0323,0.0097,0.0528,-0.1302,-0.0022
460,5520,108,4,walking,0.0539,0.7169,-0.0386,0.0608,0.052,0.0396,-0.0036,0.1168,-0.0437,-0.0489,-0.1478,-0.0559,0.0637,-0.0719,-0.0007,0.009,-0.0148,0.0014,0.0084,-0.0039,-0.0053,-0.002,-0.0044,0.0172,0.028,-0.0113,0.0221,0.0241,-0.0236,0.0126,0.0017,0.0198,0.0096,0.0101,-0.0066,0.0037,0.0378,1.0546,-0.0053,-0.0094,-0.0307,0.0367,-0.0174,0.0112,0.5944,0.0092,-0.0063,-0.0101,-0.0113,0.4246,-0.0195,-0.0276,-0.0265,0.0062,0.005,0.0047,0.0028,0.012,-0.0353,-0.0333,-0.041,-0.0259,0.0449,-0.0347,-0.2552,0.0563,0.0583,0.0102,0.0315,0.0329,-0.1386,-0.0144
461,5521,108,4,walking,-0.0099,-0.8166,-0.0197,-0.0015,-0.0188,-0.0162,0.0214,0.3934,-0.013,-0.0154,-0.1825,-0.0389,-0.0638,-0.3744,0.0057,-0.0048,-0.0221,-0.0033,0.0121,0.0324,-0.0252,0.0101,-0.0111,0.0145,-0.0057,-0.0269,0.0065,-0.009,-0.0335,0.0072,-0.002,0.04,0.0166,0.0001,-0.0158,-0.007,0.0375,1.405,0.004,-0.0171,0.0457,0.0393,0.0073,-0.0234,0.5789,-0.0203,-0.0307,-0.008,-0.029,0.4689,-0.0357,0.0499,-0.0061,-0.0003,-0.0346,0.0049,0.027,0.0288,-0.0519,0.0481,-0.0313,0.0039,0.0362,-0.0447,-0.2036,-0.042,-0.0247,0.0096,0.0112,-0.0139,-0.0973,-0.0414
462,5522,108,4,walking,-0.0119,-0.8343,0.0236,-0.0127,0.0095,-0.0375,0.0038,0.4143,-0.0164,-0.0199,-0.2131,-0.0454,-0.06,-0.4293,0.0026,0.0304,-0.0139,0.018,0.0279,0.0218,-0.0141,-0.0009,-0.0045,0.0069,-0.0288,-0.006,0.0322,0.0072,-0.0081,0.0364,-0.0159,0.0298,0.0056,0.0019,-0.0177,-0.0079,0.0353,1.3543,-0.0103,-0.0208,-0.0253,0.0388,-0.0072,0.0049,0.5548,0.0006,-0.0014,-0.0069,0.0138,0.46,-0.0269,0.0444,-0.0112,0.0136,0.0069,0.01,-0.0103,-0.0142,-0.0413,-0.0467,0.0409,0.0246,-0.0222,-0.0583,-0.2178,0.0391,-0.0136,0.0068,-0.0076,-0.0428,-0.0892,-0.0167
463,5523,108,4,walking,-0.0685,-0.9618,-0.0066,-0.0073,-0.0549,-0.0084,-0.0189,0.3761,0.0039,-0.0256,-0.2043,-0.0365,0.1378,-0.4398,0.0164,0.0097,0.9997,-0.0015,-0.3293,-0.9248,-0.04,0.3737,0.253,1.0709,0.0043,0.0024,0.0221,-0.0051,0.0008,-0.0176,-0.0196,-0.93,0.0203,-0.0266,0.024,-0.0237,-0.0324,1.1547,-0.0516,0.0335,-0.0489,-0.0393,0.0148,-0.0088,0.5549,0.0087,-0.0041,-0.0042,-0.0139,0.4278,-0.01,0.0522,-0.0305,0.013,0.0002,0.0002,0.0002,0.0089,-0.0381,-0.0373,-0.0114,-0.0492,0.043,-0.0128,-0.187,0.0582,-0.0153,0.0001,0.0271,-0.0428,-0.0855,0.0045
464,5524,108,4,walking,-0.0389,-0.9988,0.0105,-0.0151,0.0022,-0.033,0.0127,0.377,-0.0139,-0.022,-0.1726,-0.0392,0.058,-0.3099,0.0033,0.006,1.008,0.0175,-0.0297,-0.018,-0.0003,0.0192,0.0058,0.0233,-0.0265,-0.0001,0.014,-0.0073,-0.0097,0.0309,-0.0011,-0.0163,-0.0116,-0.0206,-0.0219,-0.0071,-0.001,0.4217,0.0312,0.0287,-0.0402,-0.0048,-0.0126,-0.0008,0.5936,0.0132,-0.0057,-0.0027,-0.0259,0.4303,0.0082,-0.0516,-0.0007,-0.0125,-0.0131,0.0127,-0.0003,-0.0006,-0.0467,-0.048,-0.0353,0.0235,0.037,0.0436,-0.2044,0.0247,0.042,0.0252,0.0163,-0.0272,-0.0955,-0.0024
465,5525,108,4,walking,-0.0138,-0.9186,-0.0011,0.0027,-0.0041,-0.0069,0.0306,0.3738,-0.0178,-0.0174,-0.1608,-0.0504,0.062,-0.387,0.0138,-0.0006,-0.0057,0.0141,0.005,0.021,-0.0072,0.0063,-0.0209,-0.0169,0.0175,-0.0276,0.0277,0.0101,-0.0245,0.025,0.0089,0.0217,0.0037,-0.0021,-0.0155,0.0006,-0.029,0.9616,-0.0149,0.0021,0.0435,0.0288,-0.0159,-0.0212,0.5835,0.0046,-0.028,0.0105,-0.0185,0.5167,0.0007,-0.0412,0.0037,0.0036,0.0298,-0.0049,0.001,-0.0277,-0.0357,-0.0395,0.046,-0.0156,-0.0315,0.0475,-0.2642,0.0298,-0.0388,-0.0448,-0.0373,0.0612,-0.1862,0.0005
466,5526,108,4,walking,-0.0349,-0.9522,0.0035,-0.0011,0.0178,-0.029,-0.0077,0.4256,-0.0168,-0.0139,-0.2078,-0.037,-0.0948,-0.308,0.0309,0.0069,-0.0049,-0.0058,0.008,0.0118,0.0029,-0.0027,-0.0027,0.0066,0.0108,-0.0159,0.026,0.0009,-0.0217,0.0328,0.0025,0.0309,0.0095,0.0013,-0.0182,0.0045,0.0224,2.0336,-0.0202,0.0238,-0.031,0.0125,0.0094,-0.0007,0.5969,-0.0047,0.003,-0.0039,-0.0195,0.4443,0.024,-0.0699,0.0142,-0.005,0.0275,0.0082,-0.0134,-0.036,-0.0402,0.0499,-0.047,-0.0156,0.0482,-0.0455,-0.2549,0.0052,0.0566,-0.0385,0.0285,0.0546,-0.156,-0.0066
467,5527,108,4,walking,-0.0686,-0.8601,0.0089,-0.0188,-0.0061,-0.043,-0.0119,0.4201,-0.0144,-0.0209,-0.2031,-0.0477,0.0645,-0.3343,0.0045,0.0035,1.0921,-0.0139,-0.0579,-0.7182,-0.0483,0.6444,0.3078,0.7011,-0.0542,0.038,0.0158,-0.402,-0.0584,-0.04,0.029,-1.0513,-0.3328,-0.0305,0.0282,0.005,-1.0163,0.8011,0.0109,-0.0213,-0.4686,-0.0349,-0.0024,0.0016,0.5904,-0.0001,0.0071,-3.0614,-0.0251,0.4907,0.012,-0.0591,-2.0942,0.0375,0.0364,0.0232,0.009,0.0263,-0.0221,0.0459,0.0443,-0.0274,-0.0413,-0.0335,0.0325,0.1452,0.0565,0.0313,-0.024,-0.2046,-0.0503,1.085
468,5528,108,4,walking,-0.0075,-1.0363,0.023,-0.0069,0.0456,-0.0445,0.0217,0.4425,-0.0264,-0.0178,-0.2059,-0.0488,0.0823,-0.7095,-0.0149,-0.0038,-0.001,1.0189,0.0026,-0.5163,-0.0041,0.504,0.0229,0.0163,-0.2943,-0.0191,-0.0081,0.0549,-0.0298,0.0283,0.0306,0.0434,-0.0123,0.0158,-0.0138,0.0044,-0.0002,0.849,0.0321,-0.0278,0.005,0.0424,0.0242,-0.0031,0.6704,0.0108,0.0113,-0.0138,0.0091,0.4195,0.0002,-0.0203,-0.0075,0.0312,0.0033,0.0042,-0.0152,-0.016,0.0372,-0.0355,0.0566,0.0222,-0.0217,0.0514,-0.2072,0.058,0.0685,0.0339,-0.0388,0.0525,-0.0972,-0.039
469,5529,108,4,walking,-0.0697,-1.0208,-0.0081,0.0075,-0.0108,-0.0154,0.0059,0.4823,-0.0311,-0.025,-0.2367,-0.0445,0.2123,-0.7954,-0.0137,0.0117,1.0066,-0.0273,-0.018,-0.5805,-0.041,0.5168,-0.0307,1.0505,0.2164,0.0569,0.0175,-0.3282,0.0604,0.0531,0.0266,-1.0675,-0.0484,-0.0229,-0.0234,0.032,0.058,0.8211,-0.0407,0.0019,-0.3064,-0.021,0.0002,0.0059,0.6699,0.004,0.0129,-0.005,-0.0092,0.427,0.0246,0.0635,-0.0144,0.0192,0.0085,-0.0035,0.0033,-0.0066,0.0024,0.0364,-0.0737,-0.0347,0.0456,-0.0573,-0.2237,0.1422,0.0542,-0.0133,-0.0049,-0.2217,-0.0945,0.0357
470,5530,108,4,walking,-0.0661,-0.9643,0.0555,-0.0407,-0.0639,0.0098,-0.0073,0.3787,-0.0219,-0.0259,-0.2057,-0.0469,-0.2494,-0.3303,0.0387,0.0183,-1.0648,-1.0229,0.5614,1.1633,0.1321,-0.4395,-0.5522,-0.2613,0.3255,0.0326,0.0017,0.2233,-0.1026,-0.0416,0.0129,0.9735,1.0687,-0.0299,-0.0604,0.0044,1.0506,1.1343,-0.0177,-0.0161,1.0698,2.0519,0.0892,-0.0055,0.7286,-0.0302,0.0533,0.9708,-0.0193,0.4558,1.7182,-0.0107,0.9289,-0.0089,0.0278,0.0263,0.0203,-0.0131,-0.0487,0.0064,0.0447,0.0452,0.0158,-0.0399,-0.1844,-0.2636,-0.5169,-0.0374,0.0426,0.5049,-0.0581,0.6141
471,5531,108,4,walking,-0.0693,-0.9569,0.0556,-0.0381,0.0567,-0.2168,-0.0167,0.3286,-0.0072,-0.0348,-0.205,-0.0515,-0.2233,-0.3548,-0.0426,0.0125,-1.0854,-0.3737,0.6966,0.8648,0.0412,-0.4015,-0.5086,-0.5529,-0.3776,-0.0582,0.0047,0.8936,-0.3797,-0.0607,-0.0309,0.941,0.9701,0.0544,0.0054,-0.0503,0.017,0.7181,-0.0031,-0.0236,1.1376,0.7403,-0.0086,0.0193,0.6627,-0.0106,-0.0203,-0.011,-0.0141,0.4193,0.0283,0.0066,0.029,0.0215,0.0013,-0.0093,0.0029,0.0137,-0.0261,-0.0259,-0.0272,-0.0003,0.0365,0.0466,-0.2036,-0.0674,-0.295,-0.0334,-0.0358,0.7108,-0.0926,-0.0526
472,5532,108,4,walking,-0.0085,-0.8378,0.0056,-0.0038,-0.0191,-0.0227,0.0273,0.4683,-0.0209,-0.0185,-0.2225,-0.0414,0.0705,-0.4022,0.0155,-0.0012,0.0238,0.0023,0.0095,-0.0179,0.0039,-0.0007,-0.0072,-0.0082,0.0139,0.0029,0.0302,-0.0105,-0.0243,0.0323,-0.0116,0.0345,-0.0044,-0.0005,-0.0175,-0.0069,-0.0122,0.7922,-0.0051,0.039,0.0368,-0.0027,-0.0154,-0.0168,0.585,0.0146,-0.026,-0.0252,0.0095,0.5352,-0.0315,-0.0502,-0.0212,0.0283,0.0132,0.0039,-0.0137,0.0128,-0.0374,-0.0487,-0.0077,0.0152,0.0408,0.0548,-0.2408,-0.0521,0.0297,-0.0087,0.0385,0.0467,-0.1375,-0.0027
473,5533,108,4,walking,-0.0078,-1.0054,-0.0007,-0.0236,-0.0178,-0.0279,0.0269,0.4421,-0.0245,-0.0213,-0.2128,-0.0401,-0.0063,-0.8601,-0.0086,-0.0124,-0.0181,1.0042,0.0035,-0.0228,-0.0032,0.0103,-0.0065,-0.0156,-0.0145,-0.0021,0.0295,0.0251,-0.0111,0.0321,-0.0051,0.0356,-0.0169,0.0205,-0.0193,0.0001,0.0136,0.7926,-0.0019,0.0306,-0.0344,-0.0074,0.0008,0.0094,0.6585,0.0083,0.0094,-0.0123,-0.0164,0.4205,-0.0057,-0.0386,-0.005,0.0075,-0.0056,-0.0002,-0.0095,-0.0128,-0.0423,-0.057,-0.0524,0.0023,0.0459,0.0369,-0.2698,-0.0339,0.0439,0.0315,0.0234,-0.0036,-0.0866,-0.0169
474,5534,108,4,walking,0.0677,-0.9719,-0.0006,0.0024,0.0568,0.0085,-0.0052,0.387,-0.0193,-0.028,-0.1834,-0.0462,-0.068,-0.3066,0.0212,0.0139,-0.0185,0.0032,0.0094,0.0105,-0.0013,-0.0024,0.0036,-0.0074,0.0222,-0.017,0.0251,0.0304,-0.0166,0.0275,0.0043,0.0292,0.003,0.0005,-0.0114,0.006,0.0204,1.4897,0.0264,-0.0336,0.0383,0.0415,0.0134,-0.0235,0.5678,-0.0126,-0.0048,-0.014,-0.0247,0.4112,-0.0033,-0.1036,0.0029,0.0318,0.0329,0.0406,-0.0443,0.0347,-0.0491,-0.0481,0.0504,0.0103,-0.0371,-0.0452,-0.1942,0.0475,0.0542,0.0398,0.0153,0.0539,-0.0945,-0.0366
475,5535,108,4,walking,0.0103,-0.7827,-0.0072,-0.0188,0.0135,-0.0306,0.014,0.3279,-0.0191,-0.0264,-0.1577,-0.051,-0.0486,-0.4143,-0.0115,0.0213,-0.0025,0.003,0.0125,0.0201,-0.0084,-0.0075,0.0048,-0.0063,-0.0163,-0.0009,0.0155,-0.0056,-0.0221,0.0099,-0.0134,0.0284,0.0081,0.0014,-0.0133,-0.0035,0.0409,0.7733,-0.0274,0.0291,0.0345,0.036,-0.0104,0.0082,0.5942,0.0081,-0.0068,-0.0091,-0.0177,0.52,-0.0255,-0.0505,-0.0031,0.0135,0.023,-0.0104,-0.0045,-0.0197,0.0418,-0.044,0.0316,-0.0154,-0.0045,-0.0339,-0.2442,-0.0039,0.0399,0.0373,0.0434,0.0387,-0.0859,-0.0033
476,5536,108,4,walking,-0.0011,-0.8317,-0.0149,-0.0041,0.0275,-0.0362,0.0328,0.4296,-0.0239,-0.0183,-0.2062,-0.0514,-0.0534,-0.3342,-0.0126,0.0066,-0.005,0.0214,0.0228,-0.0052,0.0071,0.0003,0.0032,-0.0036,0.0255,0.0085,0.0316,0.0168,-0.0008,0.0174,-0.0105,0.0273,-0.005,-0.0023,-0.0151,-0.0076,0.0263,2.0509,-0.009,-0.0135,-0.039,0.0294,-0.0145,0.0205,0.5998,0.01,-0.0194,-0.0027,-0.0283,0.5127,0.0013,0.0302,-0.024,0.0137,-0.0042,0.0053,-0.0167,-0.0106,-0.0346,-0.0116,0.044,-0.0049,-0.0255,0.0414,-0.2374,0.0543,0.0479,0.0077,-0.0033,-0.0044,-0.0946,-0.007
477,5537,108,4,walking,-0.0722,-0.9774,0.0717,-0.0042,0.0363,0.0083,0.0179,0.7178,-0.0349,0.0165,-0.3265,-0.0378,0.0661,-0.0825,0.0008,0.0088,0.9634,-0.0082,-0.0618,-0.0,-0.0088,-1.0554,0.3187,1.3075,-0.0098,-0.0136,-0.0304,-1.3132,-0.7408,-0.1826,0.0416,-1.3428,0.0508,-0.0814,0.0388,0.0218,0.0233,0.7187,-0.022,-0.0396,-0.0549,-0.0053,-0.0126,0.0243,0.5806,-0.0022,-0.0009,-0.0025,0.0189,0.4048,-0.0262,0.0457,-0.0274,0.0159,0.0061,0.0069,0.0015,-0.0135,-0.032,-0.0256,-0.0688,-0.0498,0.0315,0.0426,-0.2665,0.0433,0.014,-0.0193,-0.028,-0.0538,-0.0953,0.0298
478,5538,108,4,walking,-0.0593,-1.0066,-0.0094,-0.0145,-0.0619,-0.0389,0.0128,0.4676,-0.0294,-0.0113,-0.2305,-0.0552,-0.0674,-0.8616,0.0174,0.0212,1.022,0.0071,-0.0405,-0.7707,-0.0345,0.7532,0.0609,1.1637,-0.4393,0.0587,0.0083,-0.891,0.516,-0.0483,0.0014,-1.3645,-1.0512,-0.3077,0.0163,-0.0236,-0.0187,0.8483,-0.0391,-0.0132,-2.1552,-2.049,-0.004,0.0198,0.7296,0.0279,-0.0003,0.9845,-0.0265,0.4283,-0.0032,0.0698,1.3095,0.0311,0.0309,-0.0253,-0.0101,-0.0057,0.024,0.0438,-0.0704,-0.0029,0.052,0.0533,-0.2076,0.142,0.5184,-0.0207,0.0366,-0.7187,-0.1304,0.4202
479,5539,108,4,walking,-0.0585,-0.9528,0.041,0.0157,0.0839,-0.0131,0.0231,0.3834,-0.0229,-0.0219,-0.1835,-0.0363,0.1441,-0.3172,-0.0087,-0.0323,0.9645,1.0547,-0.3876,-1.1325,-0.0649,1.4678,0.507,1.0372,-1.05,0.1861,0.0047,-0.402,0.7491,0.2511,-0.0169,-0.9147,-1.3423,0.0469,-0.0454,-0.0824,0.044,0.6583,0.0189,-0.0007,-1.3735,-1.055,0.0011,-0.007,0.7196,0.002,-0.0203,-0.981,-0.0277,0.4235,-0.0104,0.0095,-0.9707,0.0296,-0.0119,-0.0126,0.0396,0.0063,-0.0426,-0.0265,-0.0526,-0.0253,-0.0179,0.033,-0.1635,0.4216,0.418,-0.019,-0.0344,-0.5189,-0.1099,-0.0032
480,5540,108,4,walking,0.0835,-0.9766,0.0515,0.0409,0.0985,-0.003,-0.0078,0.3736,-0.0212,-0.0414,-0.2083,-0.0534,0.0582,-0.3615,-0.0682,-0.0163,1.0262,-0.0109,-0.05,-0.6965,-0.0326,0.7497,0.3428,1.0551,-0.4664,0.2632,-0.0209,-0.8214,0.0609,-0.372,-0.0156,-1.2995,-1.0383,0.0019,0.262,-0.0226,-0.0275,0.8416,0.0002,-0.0123,-1.0928,-2.0136,0.0454,0.0254,0.7285,0.0088,0.0297,-2.7943,-0.0062,0.4209,1.4687,-0.0549,-1.8189,0.044,-0.0027,-0.0195,-0.0009,-0.0249,-0.0146,-0.0646,-0.1562,0.0305,0.056,0.0098,-0.1804,0.4694,0.3548,-0.0115,-0.0055,-0.65,-0.08,1.1628
481,5541,108,4,walking,-0.0038,-0.9263,0.0026,0.0177,0.0075,-0.0008,-0.0068,0.4189,-0.025,-0.0164,-0.2059,-0.0495,-0.0674,-0.3097,-0.0226,-0.0189,-0.0057,-0.0119,0.0085,0.0048,0.0014,-0.0193,0.0152,-0.0116,0.0296,0.023,0.0378,-0.0127,-0.0091,0.031,0.0097,0.0244,0.0062,0.0056,-0.0141,0.0063,0.0332,0.8823,0.0134,0.0264,0.034,-0.0201,0.0104,-0.002,0.5819,-0.0034,0.0013,-0.0027,-0.0142,0.5168,0.0283,-0.0309,0.0124,-0.0211,-0.0324,-0.0079,0.0228,-0.0112,-0.0387,-0.0482,-0.0272,0.0226,0.0418,0.0522,-0.2167,-0.0422,0.0537,0.0136,0.0402,-0.0131,-0.1557,-0.0468
482,5542,108,4,walking,-0.0109,-1.0281,0.0035,-0.0016,0.0043,-0.0297,0.0122,0.5534,-0.0318,-0.0173,-0.2754,-0.0421,-0.0027,-0.631,-0.0205,-0.0076,-0.0192,-0.0227,0.0115,0.0134,-0.0059,0.0031,-0.0086,-0.006,0.0166,0.0095,0.0271,0.0268,0.0056,0.0256,-0.0052,0.0342,0.0213,-0.0062,-0.0186,-0.004,0.0306,0.7468,-0.0144,0.0361,0.0244,0.0154,-0.0025,0.0027,0.5953,0.0051,0.0004,-0.0049,-0.0071,0.4283,-0.0195,0.0489,-0.0084,-0.0324,-0.0153,0.0137,-0.0239,0.037,-0.0414,0.0395,-0.0515,0.009,0.0531,0.0502,-0.227,0.0074,-0.0059,-0.006,0.0228,-0.0332,-0.0958,0.0052
483,5543,108,4,walking,-0.0088,-0.9629,-0.0032,-0.0127,-0.013,-0.0366,0.022,0.4425,-0.0246,-0.0159,-0.2206,-0.0454,0.063,-0.3035,0.0075,-0.002,1.0709,0.0419,-0.0406,-0.0446,-0.037,0.2948,0.0187,0.3106,-0.0046,-0.0059,0.0091,-0.027,-0.0398,-0.0309,-0.014,-0.0169,-0.0105,-0.0005,-0.0177,0.0048,-0.0064,0.8216,-0.0001,0.0202,-0.0261,-0.0113,-0.0123,0.001,0.5904,0.0042,-0.0119,-0.0089,0.0191,0.486,-0.0299,-0.0647,-0.0235,0.0281,0.0326,0.0001,-0.0104,-0.0111,-0.0253,-0.0217,-0.0521,-0.0174,0.0475,0.0317,-0.244,0.0547,0.0429,0.0143,0.0386,-0.0347,-0.1326,-0.0436
484,5544,108,4,walking,-0.0075,-0.9743,0.0169,-0.0178,-0.0066,-0.0404,0.0213,0.3349,-0.013,-0.0204,-0.1539,-0.0373,-0.0869,-0.4473,-0.0143,-0.0277,-1.0342,-0.0233,0.561,0.7092,0.0703,0.0041,-0.2697,0.0158,-0.293,-0.0038,0.0253,0.3735,-0.2191,0.0493,0.0053,1.058,0.0022,-0.0185,-0.0266,-0.0293,0.0334,0.8478,-0.0001,-0.0308,0.0415,0.0489,-0.0096,0.0042,0.584,0.0084,-0.0062,-0.0195,-0.0247,0.4285,0.0103,-0.05,0.0026,0.0286,-0.0322,-0.0062,0.0422,0.0126,-0.0017,-0.0579,-0.0549,0.0119,0.0447,-0.0395,-0.2169,-0.0476,0.0514,0.0151,0.0218,0.0386,-0.0753,-0.0312
485,5545,108,4,walking,-0.0037,-0.9624,0.0106,-0.0239,-0.0082,-0.0418,0.0308,0.435,-0.0178,-0.0076,-0.2093,-0.0376,0.0647,-0.3295,-0.0007,0.0117,-0.005,0.0161,0.0242,0.0215,0.0132,0.0127,-0.006,-0.0158,-0.0023,-0.0141,0.022,-0.0007,-0.0095,0.0136,-0.0053,0.0259,0.0198,0.0024,-0.0189,-0.0011,0.0353,1.5093,0.0272,-0.0337,-0.0514,0.031,0.0046,-0.0149,0.56,-0.0085,0.0105,-0.0023,0.0066,0.4866,0.0061,0.0407,-0.0043,0.0286,-0.0022,-0.0123,0.0097,-0.0293,-0.036,0.0428,-0.0074,0.026,0.0206,-0.0342,-0.237,-0.0525,0.0397,0.0462,0.021,0.0389,-0.1302,-0.0328
486,5546,108,4,walking,-0.0071,-0.9428,0.0037,-0.0169,0.0101,-0.0323,0.0178,0.3296,-0.011,-0.0123,-0.1439,-0.0382,-0.0822,-0.3544,-0.0068,0.008,-0.0049,1.0506,0.0449,-0.3649,-0.0001,0.0528,0.0054,-0.0026,-0.0485,0.0198,0.0145,0.0098,0.0222,0.0286,-0.0079,0.0235,-0.0206,-0.009,-0.0263,-0.0029,0.0393,0.8546,0.0243,-0.0401,-0.0256,0.0139,0.0024,0.0158,0.5926,0.0015,-0.007,-0.0108,-0.0294,0.4274,0.0184,-0.027,-0.0055,0.0419,-0.0029,-0.0081,-0.0095,-0.0343,-0.033,-0.0211,0.0318,0.0357,-0.0365,0.0534,-0.2229,0.0455,0.0606,0.0378,0.0147,-0.0544,-0.0942,-0.0499
487,5547,108,4,walking,-0.0513,-0.9619,0.0016,-0.0078,-0.0021,0.0231,-0.0146,0.3808,-0.0193,-0.0158,-0.1597,-0.0555,-0.0868,-0.3817,-0.0278,0.0101,-0.0137,0.0068,0.0172,1.0377,0.0003,0.0227,-0.0083,-0.009,-0.2036,0.0344,-0.0035,-0.021,0.0242,-0.0911,-0.0164,0.0288,0.0054,-0.0209,-0.0165,-0.0117,0.0428,1.3876,0.0318,0.0049,-0.033,0.0305,-0.0063,-0.0023,0.599,0.0124,0.0011,-0.0254,0.0361,0.4354,0.004,0.0265,0.0013,0.0084,-0.0076,-0.0026,0.0299,0.0003,0.0381,0.0567,-0.0443,0.0432,0.0393,-0.0477,-0.2236,-0.0646,-0.048,0.0408,0.0496,-0.0628,-0.0937,-0.0533
488,5548,108,4,walking,-0.0163,-0.9265,0.0107,0.0125,-0.0116,-0.0179,-0.0063,0.373,-0.0194,-0.0218,-0.1715,-0.0486,0.0678,-0.3257,0.0018,-0.0009,1.0927,0.034,-0.004,-0.0365,-0.0079,-0.0236,-0.0138,0.0254,0.0426,0.0154,0.0188,-0.0038,-0.0021,0.0301,-0.0081,0.031,-0.0098,-0.0036,-0.0125,-0.0037,0.0054,0.8497,-0.0292,0.0284,-0.0221,-0.007,0.0056,0.0027,0.5933,-0.0137,0.0149,-0.0135,-0.0337,0.4248,-0.0241,0.0466,0.0275,0.0353,-0.0206,-0.0072,0.0267,-0.0047,-0.0494,-0.0476,0.0535,-0.002,-0.0325,-0.052,-0.2129,-0.0395,0.0517,-0.0213,0.0434,0.0544,-0.1347,-0.0134
489,5549,108,4,walking,0.0271,0.9063,-0.0033,0.0458,-0.0142,0.0151,0.0127,0.3228,-0.0204,-0.0191,-0.1739,-0.0283,0.0215,0.951,-0.0089,0.0338,0.0124,-0.0122,-0.0381,-0.0136,-0.0505,0.0022,0.0135,-0.0115,-0.0019,-0.0187,0.024,0.0126,-0.0209,0.0254,0.004,0.0301,0.0065,0.0033,-0.0099,0.0033,0.028,0.205,0.0132,0.0206,0.0231,0.0177,-0.0115,-0.0026,0.5307,0.0088,-0.0069,0.0086,-0.0065,0.9219,-0.0001,0.0004,0.016,0.0204,0.008,0.0047,-0.0242,-0.0136,0.0154,-0.0236,-0.0526,0.0091,0.032,0.0294,-0.1465,-0.0249,0.0097,0.0009,0.028,0.0385,-0.0942,-0.0
490,5550,108,4,walking,-0.0686,-0.9715,-0.0607,-0.0748,-0.085,-0.0636,0.0344,0.4289,-0.0239,-0.0268,-0.2258,-0.0487,0.2539,-0.3499,0.0534,-0.0139,1.021,1.0548,-0.3423,-0.8916,-0.2994,0.9568,0.5169,1.3138,-1.0507,0.0583,0.0047,-1.044,0.7189,0.3267,0.0189,-1.3305,-1.5088,-0.2695,-0.294,0.0293,2.4694,0.3724,-0.0094,-0.0202,-1.4408,-1.4024,-0.0089,0.0304,0.6617,-0.006,-0.0175,-2.8195,-0.0103,0.4044,-0.0424,-0.0118,-2.3769,0.0229,0.0128,0.0168,-0.0004,-0.0274,-0.024,-0.055,-0.2402,-0.0017,0.1382,-0.1256,0.0499,0.7425,0.5012,0.0258,0.0328,-0.9405,-0.0974,-1.3013
491,5551,108,4,walking,-0.007,-0.9563,0.017,-0.0066,0.0025,-0.0257,-0.0018,0.3838,-0.0192,-0.0166,-0.1821,-0.0428,0.1026,-0.3725,-0.0216,0.0182,0.9964,-0.028,-0.0133,-0.0209,-0.008,0.9704,-0.0054,0.718,-0.0102,0.0268,-0.0037,-0.027,0.0301,-0.0323,-0.0124,-0.0153,-0.009,-0.0109,-0.0088,-0.0141,0.0311,1.4381,-0.004,-0.0331,-0.0404,0.0223,0.0001,0.0035,0.6005,0.0036,-0.0106,-0.0249,-0.0114,0.419,-0.0042,-0.1045,-0.0239,0.0029,-0.013,-0.0008,-0.0151,0.0046,0.0454,-0.0604,-0.0534,-0.0295,0.021,-0.0475,-0.2549,0.0557,0.0494,0.0126,0.0045,0.0384,-0.1188,-0.0075
492,5552,108,4,walking,-0.0598,-0.9774,0.0386,0.0121,-0.0037,0.0181,0.0059,0.3444,-0.015,-0.0202,-0.1731,-0.029,-0.0866,-0.3722,0.0109,-0.0307,-0.0137,-1.0606,-0.2934,1.0705,-0.0448,-0.2037,0.3255,-0.0047,1.0263,0.0282,0.0093,-0.0212,0.0085,0.0574,0.0271,-0.4216,1.809,-0.0011,-0.0534,0.017,0.0328,0.7986,-0.0404,0.0194,-0.022,2.0529,-0.0118,-0.0241,0.7079,0.0235,-0.0163,-0.014,-0.0029,0.4599,-0.0339,-0.0694,0.007,-0.0317,0.0378,-0.0037,-0.0259,0.0135,0.0502,0.0065,-0.3778,-0.0434,0.1557,-0.0413,0.0485,-0.354,-0.2991,-0.0355,0.058,0.0778,-0.0674,0.1778
493,5553,108,4,walking,-0.0078,-1.0099,-0.0177,0.0186,-0.0053,0.0027,0.0219,0.5066,-0.027,-0.0114,-0.2448,-0.0556,0.0089,-0.7975,-0.0006,-0.0202,-0.0041,-0.0032,0.0249,0.0239,-0.0154,-0.0071,-0.0162,0.0137,-0.0122,0.0015,0.0265,0.0102,-0.0059,0.0099,-0.0062,0.0327,0.0096,0.0005,-0.0182,-0.0002,0.0299,0.7603,0.0046,0.014,0.0386,0.0289,-0.0091,-0.0016,0.5811,0.0004,-0.009,-0.0054,-0.005,0.392,-0.0131,-0.0533,-0.0115,-0.0063,-0.0043,0.0084,0.0196,0.0037,-0.0369,-0.0349,-0.0379,0.0258,0.031,0.0452,-0.2618,-0.0429,-0.0409,0.0358,0.0227,0.0442,-0.1322,-0.0339
494,5554,108,4,walking,-0.0037,-0.9765,0.0106,-0.0122,0.0239,-0.0308,0.0071,0.3318,-0.0169,-0.0132,-0.1552,-0.037,-0.0625,-0.7261,-0.0273,-0.0049,-0.021,-0.015,0.0096,0.0202,-0.0002,-0.0116,-0.001,0.0029,0.008,0.0069,0.0243,0.0186,-0.0021,0.0199,0.0057,0.0262,0.0091,0.0042,-0.012,0.0005,0.0349,1.379,-0.0149,-0.0324,-0.0387,-0.002,-0.0177,0.0057,0.5926,0.0053,-0.0047,-0.0226,-0.0041,0.4298,0.0115,-0.0607,-0.0336,0.0084,0.0129,-0.0116,0.0044,-0.0256,-0.0402,-0.0577,-0.0317,0.0026,0.0307,0.0399,-0.1962,0.0015,0.0494,-0.0096,0.0182,0.0415,-0.1304,0.0283
495,5555,108,4,walking,-0.0397,-0.9758,-0.0159,-0.0235,0.0188,-0.0516,-0.0041,0.3294,0.0073,-0.0218,-0.1755,-0.0167,0.0834,-0.4895,0.0308,-0.0056,0.987,0.8646,-0.5046,-1.1555,-0.3428,1.4421,0.421,1.2692,-0.4994,0.0561,0.0131,0.9561,0.7407,0.1626,-0.0543,0.9068,-1.6582,0.2191,0.0499,0.0089,-0.0226,0.5073,-0.0067,-0.0009,0.0173,-0.028,-0.0017,-0.0024,0.58,0.002,0.0011,-0.003,-0.0261,0.4299,-0.0253,0.0104,-0.0091,0.0045,-0.0247,0.0072,-0.019,0.014,0.0368,0.0424,0.0508,0.0048,-0.0409,-0.0274,-0.1975,0.2136,0.0533,-0.0127,-0.0384,-0.0378,-0.0992,-0.0316
496,5556,108,4,walking,0.0665,-0.9717,0.0519,0.0321,0.0978,0.0051,-0.0235,0.3545,-0.0131,-0.0287,-0.1985,-0.0381,-0.1027,-0.3107,-0.0066,0.0014,0.0112,-0.9568,-0.3778,0.7097,0.0038,-0.311,0.2193,0.3253,1.1329,-0.0085,-0.0419,-0.2016,-0.5042,0.0565,-0.0076,-1.0484,0.9303,0.0021,-0.0425,0.0006,0.0107,1.0175,-0.0098,0.0168,-0.0272,0.0316,-0.0214,0.0158,0.5923,0.018,-0.0292,-0.0253,-0.0343,0.4352,-0.0223,-0.0696,-0.0249,0.0049,-0.014,0.0051,-0.0074,0.0038,-0.04,-0.0209,-0.7047,-0.0556,0.3095,-0.204,-0.2638,0.0362,-0.052,0.0432,0.0308,0.0457,-0.0949,0.0687
497,5557,108,4,walking,-0.0101,-1.0065,-0.0018,-0.0021,0.0089,-0.0216,0.0265,0.5161,-0.0312,-0.0053,-0.2461,-0.0485,-0.0111,-0.8016,0.0004,0.0168,0.0137,0.027,0.0039,0.0189,0.0097,0.012,-0.0043,0.0083,0.0113,0.007,0.0156,0.0249,0.0174,0.0112,-0.0016,0.0343,0.0084,0.0053,-0.0148,0.0009,-0.0194,1.0234,-0.0065,0.0304,0.0438,0.0408,-0.007,0.0061,0.6125,-0.0021,-0.0001,-0.0087,-0.025,0.4146,0.0002,-0.0607,0.0016,0.0007,0.0084,0.0115,0.0081,0.0014,0.0323,0.038,-0.0072,0.012,0.0233,-0.0397,-0.2266,-0.0226,-0.0357,0.0096,0.023,0.0445,-0.0919,0.0037
498,5558,108,4,walking,-0.0003,-0.9429,-0.0083,0.0305,-0.0016,-0.019,0.0095,0.3749,-0.0118,-0.0109,-0.1774,-0.0413,0.0456,-0.3345,-0.0273,0.0039,0.0205,-0.0029,0.0261,0.0176,-0.0222,-0.0045,-0.0009,0.0149,0.0055,-0.0131,0.024,0.0066,-0.0168,0.0087,-0.0125,0.0219,0.0253,-0.0157,-0.0071,-0.0052,-0.0235,0.9548,0.0114,0.0338,0.0378,0.0407,0.018,-0.001,0.5963,-0.013,0.0139,-0.0107,-0.0324,0.4659,-0.0125,0.0387,-0.0037,0.0096,-0.0092,0.0058,-0.0295,0.01,0.0524,-0.0363,-0.0572,0.0138,0.0497,-0.0474,-0.2589,-0.0345,0.0489,0.0148,0.0443,0.0624,-0.0857,-0.0397
499,5559,108,4,walking,0.0733,-0.9402,0.0525,0.0117,0.0828,-0.0048,-0.0163,0.3443,0.0005,-0.0364,-0.1883,-0.0349,-0.0675,-0.3303,0.038,-0.0216,-1.0074,-1.0084,0.6037,1.373,0.0417,-0.3073,-0.5617,-0.2015,0.3407,0.0299,0.0171,0.3874,0.0535,-0.0443,-0.051,1.0135,1.2631,0.1021,0.0549,-0.0561,-2.1558,0.7988,0.0017,0.0148,2.1549,1.0129,-0.0327,0.0274,0.717,0.0288,0.0187,3.0799,-0.0372,0.4893,0.0059,-0.04,2.2239,-0.0437,-0.0062,-0.02,0.0193,-0.03,-0.0684,-0.0484,-0.1399,0.0336,0.0956,-0.0943,-0.184,-0.3765,-0.7184,-0.0245,-0.0102,0.7096,-0.0814,0.055
500,5560,108,4,walking,-0.0346,-1.0092,0.0088,-0.0165,-0.0254,-0.0389,0.0109,0.4263,-0.0125,-0.0132,-0.2304,-0.0314,0.1564,-0.8567,0.0189,-0.0072,0.9991,-0.0209,-0.5603,-0.9037,-0.3014,-0.2935,0.2633,1.3728,0.418,0.0234,0.0058,-0.8546,-0.055,0.0416,-0.0278,-1.0406,0.1643,-0.0043,0.0505,-0.0217,-0.0113,0.6719,-0.0332,-0.0284,-0.0445,-0.0017,0.0148,-0.0035,0.6231,-0.0154,-0.0001,-0.0051,-0.0305,0.4114,0.0191,-0.0267,0.0045,-0.002,0.0228,-0.0061,0.005,-0.0246,0.0491,-0.0321,-0.3421,-0.043,0.0603,-0.0642,0.0393,0.2691,-0.0454,0.0489,-0.0367,-0.0943,0.0293,0.0578
501,5561,108,4,walking,-0.0049,-1.0192,0.0068,0.0005,0.0274,-0.0106,0.0085,0.5143,-0.0286,-0.0115,-0.2419,-0.0562,0.0022,-0.6832,-0.0156,0.0037,0.0266,1.0407,-0.0233,-0.5609,0.0386,0.7046,0.0559,0.2032,-0.7737,-0.0013,0.0091,-0.0171,0.0342,0.0514,0.0124,0.0133,-0.0203,0.0053,0.0063,0.0009,0.0254,0.9771,-0.0074,-0.0164,-0.0372,-0.0293,-0.0148,-0.0087,0.5961,0.0057,-0.0108,-0.0109,0.0181,0.435,0.0085,0.0309,-0.0137,0.0228,-0.0116,0.0003,-0.0074,-0.0114,0.0314,-0.0411,0.0247,-0.0173,-0.0324,-0.033,-0.2069,0.0213,0.0572,0.0135,-0.0363,-0.0442,-0.0935,-0.0103
502,5562,108,4,walking,-0.0138,-0.9163,-0.0115,-0.0191,-0.0207,-0.0261,-0.0002,0.3427,-0.0159,-0.0093,-0.1596,-0.0412,0.0503,-0.352,0.0041,-0.0056,-0.0163,0.0015,0.0307,0.0107,-0.002,0.0083,-0.0068,-0.0228,0.0249,-0.0081,0.0345,-0.0175,-0.0275,0.0361,-0.0052,0.0314,0.0235,0.0053,-0.0125,0.0034,-0.0077,0.9403,-0.0106,-0.0255,-0.0336,-0.0351,-0.0161,-0.0143,0.5493,0.0141,-0.0064,0.0016,-0.0085,0.6585,-0.0043,0.0486,-0.0074,0.0136,0.005,0.0218,-0.0117,-0.0137,0.0465,-0.0545,0.0472,0.0105,-0.0325,-0.0293,-0.1976,0.0401,0.0388,-0.0283,-0.0188,0.0459,-0.1317,0.0032
503,5563,108,4,walking,0.0696,-0.9755,0.0537,0.0029,0.0588,-0.0127,0.0115,0.3296,0.0054,-0.0343,-0.1583,-0.0372,-0.0738,-0.374,0.0017,0.0043,0.0175,-0.0247,-0.0107,0.0096,0.0235,-0.0151,-0.0193,0.0258,-0.0071,0.0162,0.0266,0.0149,-0.0133,0.0063,-0.0032,0.0279,0.011,-0.0036,-0.0162,0.0004,-0.0294,0.7497,-0.0385,-0.0227,0.044,0.0084,0.0019,0.0009,0.5929,0.0004,0.0061,-0.0014,-0.0183,0.4205,0.0203,0.0425,0.0085,-0.0121,0.0334,-0.0281,-0.0027,-0.0479,-0.0417,-0.0505,0.043,-0.0315,-0.036,-0.0216,-0.2232,0.0463,-0.0521,-0.0407,-0.0309,0.0597,-0.0989,0.0074
504,5564,108,4,walking,-0.0136,-0.9169,-0.0113,-0.0083,-0.0107,-0.0345,0.0058,0.3426,-0.0169,-0.0238,-0.1697,-0.0412,-0.0775,-0.3684,0.0226,0.0123,-0.0028,0.0019,0.0203,0.026,-0.0043,0.0084,0.0142,0.0174,-0.0078,-0.0042,0.0309,0.0253,-0.0061,0.0091,-0.0038,0.0151,0.0213,-0.0031,-0.0183,-0.0033,0.0366,1.5066,0.0276,-0.0074,-0.0331,0.0313,-0.0004,0.0241,0.5997,0.0134,0.0097,-0.0013,-0.0329,0.4354,-0.0047,0.0489,-0.0191,-0.0069,-0.0085,0.0025,0.0394,-0.007,0.0519,0.0446,-0.0296,0.0083,0.0464,0.0378,-0.2015,-0.0494,0.0454,0.0276,0.0072,0.0404,-0.0949,-0.0085
505,5565,108,4,walking,-0.0696,-0.9409,0.0214,0.0022,0.0007,-0.0135,-0.0045,0.3768,-0.0141,-0.0303,-0.1808,-0.0483,-0.1021,-0.3746,-0.0079,-0.0059,-0.9999,0.0033,0.7092,1.0608,0.2196,-0.0443,-0.263,-0.3076,-0.223,-0.0178,-0.0106,0.9704,-0.2643,-0.0539,0.0272,1.405,0.0204,-0.011,-0.0706,-0.025,-0.0242,1.1772,-0.0064,0.0372,0.0182,0.0228,0.0159,-0.0128,0.5935,-0.0199,0.0095,-0.0166,-0.0327,0.4654,-0.0032,0.0233,-0.0105,-0.0296,-0.039,-0.0081,0.036,0.028,-0.033,-0.0684,0.0436,-0.0017,0.009,0.0355,-0.2036,-0.0266,-0.0457,-0.0097,0.0385,0.0524,-0.0984,-0.0093
506,5566,108,4,walking,-0.0681,-1.0387,-0.0516,-0.1531,-0.0608,-0.1719,-0.0099,0.4831,0.0215,-0.0168,-0.2956,-0.0471,0.1915,-0.726,-0.0026,-0.0013,1.0398,0.3256,-0.3119,-0.9408,-0.0444,1.5166,0.2948,0.8896,-1.0973,0.1554,0.0545,-1.3676,1.0586,-0.0822,-0.0041,-1.442,-1.04,-0.2615,-0.0504,0.0036,1.3139,0.6616,-0.0057,-0.0206,-1.2632,-1.0709,-0.0109,-0.0089,0.5927,0.0302,-0.019,0.9987,0.0171,0.4406,-0.0245,-0.0661,1.3426,-0.011,-0.0276,-0.0369,0.0338,0.0263,-0.0146,-0.0553,-0.015,-0.0255,-0.0076,0.0379,0.0414,0.4587,0.3767,0.0183,0.0007,-0.3792,0.0454,-0.0135
507,5567,108,4,walking,-0.0048,-1.0136,0.0055,-0.0039,-0.0114,-0.0376,0.0218,0.5198,-0.0349,-0.0102,-0.2479,-0.0566,-0.0144,-0.8059,0.009,0.0082,-0.0067,0.002,0.0153,0.017,0.0129,-0.0013,-0.005,-0.0078,0.0162,-0.0105,0.0254,0.022,-0.026,0.0234,-0.0031,0.0295,0.0091,0.0095,-0.0133,0.0002,-0.0025,0.743,0.0053,-0.0002,0.0395,-0.009,0.0116,-0.0031,0.5785,-0.0077,0.0046,0.0076,-0.0278,0.4516,0.0205,-0.0543,-0.01,0.0336,0.0015,0.0033,0.0193,-0.0188,0.0467,-0.0446,0.0078,0.0188,0.0095,0.0384,-0.2395,-0.0288,0.0362,0.0123,0.0184,0.0352,-0.0883,-0.03
508,5568,108,4,walking,-0.0113,-0.8167,0.0236,-0.0139,0.0277,-0.032,0.0033,0.4169,-0.0261,-0.0165,-0.2108,-0.0446,-0.0573,-0.3287,-0.0088,-0.0214,-0.004,-0.0178,0.03,0.0142,0.0191,-0.0066,-0.0108,-0.0078,-0.0223,0.0012,0.0248,-0.0095,-0.0008,0.0149,-0.0021,0.0333,0.0059,0.0035,-0.0151,-0.0032,0.0351,1.3545,0.0291,0.0289,-0.0385,-0.0344,-0.0109,0.0015,0.5455,0.0066,0.0003,-0.0065,-0.0207,0.7289,0.0075,0.0188,-0.0049,0.0028,-0.0139,0.0009,0.0371,-0.009,-0.049,-0.0399,-0.0315,0.0361,0.0428,-0.0475,-0.188,-0.0518,0.048,0.0126,0.0438,-0.0038,-0.0892,-0.0055
509,5569,108,4,walking,-0.0033,-1.015,0.0088,-0.0115,-0.0066,-0.0279,0.0259,0.507,-0.0338,-0.0136,-0.239,-0.0552,0.0383,-0.725,0.0121,-0.0225,-0.0207,0.0172,0.014,1.0216,0.009,0.023,-0.005,-0.0007,-0.0293,0.0072,0.0283,0.0405,0.0027,-0.0019,-0.0166,0.0354,0.007,0.0049,-0.0141,-0.0052,0.0453,0.8617,-0.0102,0.0062,-0.0349,0.05,-0.0024,0.006,0.654,0.0083,-0.0085,-0.0088,0.0048,0.4289,-0.0269,0.0464,-0.0323,0.0194,0.0181,0.0047,-0.0068,-0.0361,0.0242,0.0303,-0.0536,0.0137,0.0415,-0.0579,-0.2258,-0.0604,-0.0517,0.0092,0.0273,0.0319,-0.0957,-0.009
510,5570,108,4,walking,-0.0667,-0.9423,-0.0165,-0.0496,-0.0515,-0.0836,-0.006,0.3819,-0.018,-0.0255,-0.2235,-0.0433,-0.1327,-0.298,0.0035,-0.0566,-1.0548,-0.8015,0.3733,1.0707,-0.0202,-0.4024,-0.203,0.0134,0.377,-0.0105,-0.005,0.9445,-0.2613,-0.1641,-0.0382,0.9149,0.9566,0.037,0.0096,-0.0071,-0.0581,1.0009,-0.004,-0.0028,2.0506,0.0158,0.0273,0.0001,0.7273,-0.0123,0.0033,0.0023,0.0081,0.427,-0.0324,0.059,-0.0145,0.0196,0.0214,-0.0284,0.0014,-0.0426,-0.0399,-0.033,0.0531,0.0245,0.022,0.0638,-0.2164,-0.3074,-0.4424,-0.0173,-0.0307,1.0822,-0.1639,-0.0449
511,5571,108,4,walking,0.0545,-0.8419,0.0006,-0.0113,0.0168,-0.0296,0.0038,0.4095,-0.0125,-0.0199,-0.1964,-0.0404,-0.066,-0.3219,-0.0219,-0.0042,-0.0131,0.0065,0.0149,0.0232,-0.003,0.0066,-0.0025,-0.0201,-0.0278,0.0174,0.03,-0.0036,0.0014,0.0094,0.0052,0.0386,0.0081,0.0079,-0.0095,0.0055,0.0449,1.3737,0.0155,-0.0339,0.0327,0.0375,0.0241,0.0045,0.5945,0.0186,0.022,-0.0125,0.0289,0.518,0.0358,-0.0486,-0.0054,-0.0005,-0.0461,-0.0052,0.0368,0.0313,0.0253,-0.0426,-0.0267,0.01,0.0348,-0.0525,-0.2306,-0.0607,-0.0057,-0.0105,-0.0228,0.0569,-0.0925,-0.0048
512,5572,108,4,walking,0.0676,-1.0003,-0.0075,0.0366,0.0387,-0.0219,-0.0021,0.4868,-0.027,-0.0118,-0.2296,-0.0445,0.0564,-0.8117,-0.0011,0.0232,0.02,0.0067,-0.0032,-0.004,-0.0147,0.01,-0.0098,0.0129,0.0241,0.0155,0.0374,0.0257,-0.0055,0.0168,-0.017,0.0295,-0.0007,0.0088,0.0003,-0.0019,-0.0391,0.6519,-0.0075,0.0134,0.033,0.0302,0.0225,-0.0139,0.594,-0.0099,-0.0098,-0.0064,-0.0185,0.4356,-0.0194,0.0428,-0.0015,0.0051,-0.0402,0.0091,-0.002,0.0498,-0.0284,-0.0461,0.0576,0.0322,-0.007,0.0486,-0.2402,-0.0352,0.0452,0.0343,0.0202,0.0522,-0.1037,-0.0072
513,5573,108,4,walking,-0.0139,-0.9626,0.0183,-0.0127,0.0077,-0.0338,0.0174,0.4148,-0.0271,-0.0229,-0.2087,-0.0479,0.0933,-0.3177,-0.0034,0.0168,1.0707,0.0045,-0.0213,-0.0064,0.0003,0.0082,0.015,0.0101,-0.0304,0.0208,0.0344,-0.0055,0.0028,0.001,-0.011,-0.0323,-0.0144,-0.0061,0.0074,-0.0003,-0.0194,0.6587,0.0246,-0.0259,-0.0392,-0.0364,-0.0072,0.0041,0.583,0.0104,0.0004,-0.0111,0.006,0.5098,-0.0086,0.0099,-0.0139,0.0085,-0.0109,0.0233,-0.0093,-0.0289,0.0503,0.0465,0.0355,0.0448,-0.0261,-0.04,-0.2039,-0.0531,-0.0547,0.0295,-0.0076,-0.0373,-0.088,0.0059
514,5574,108,4,walking,-0.0677,-0.998,0.0443,-0.0388,-0.0404,-0.0496,0.0123,0.3748,0.0134,-0.0164,-0.162,-0.0415,0.1319,-0.3281,0.0066,0.0324,1.0227,-1.0087,-0.5149,-0.9767,-0.0484,-0.306,0.468,0.7553,0.8643,0.0032,0.0102,-1.0502,-0.5073,0.0468,-0.0275,-1.4579,1.0559,0.0114,0.1646,0.0523,0.0202,1.0363,-0.0185,0.0055,-0.2232,0.4396,0.0267,-0.0301,0.6238,-0.0285,0.0002,-0.0047,-0.0214,0.4246,0.0019,0.0176,-0.029,0.0259,-0.0145,0.0313,-0.0022,0.0335,-0.0077,-0.0157,-0.5093,-0.0429,0.1973,0.0635,0.0096,0.2166,0.0565,-0.0245,-0.0375,-0.0517,-0.0532,0.0598
515,5575,108,4,walking,-0.0077,-0.9718,0.0103,0.0037,0.0216,-0.0139,0.022,0.3938,-0.0129,-0.0195,-0.1903,-0.0425,-0.0482,-0.2982,0.0144,0.0004,-0.0177,0.0184,0.0154,0.0166,-0.0113,0.0053,-0.0086,0.0044,-0.0069,0.0071,0.0268,0.027,-0.0017,-0.0061,-0.0091,0.0365,0.0023,0.0099,-0.0173,0.0115,-0.031,0.8616,-0.0025,0.03,0.0497,-0.0292,0.0209,-0.0013,0.6173,-0.0166,0.0077,-0.0082,-0.0235,0.4427,0.0052,0.0595,0.0036,0.0042,0.0338,0.0101,0.0116,-0.015,0.0446,-0.028,-0.0351,0.0108,0.0407,-0.0249,-0.2014,-0.0538,0.0526,-0.0098,0.0229,0.0516,-0.13,-0.0387
516,5576,108,4,walking,-0.0345,-0.976,-0.0093,-0.0181,-0.0038,-0.0297,-0.0121,0.3212,-0.0009,-0.0162,-0.1599,-0.0423,0.0686,-0.4923,0.0058,-0.0047,0.9988,-0.01,-0.402,-1.0942,-0.2523,0.0401,0.3255,0.9391,0.0016,0.0065,-0.0077,-0.0177,-0.0116,-0.0279,-0.0304,-1.3132,0.0529,-0.0337,0.0371,-0.0212,-0.0263,0.821,0.0026,-0.0388,-0.0239,-0.0325,0.004,-0.0033,0.583,-0.0142,-0.0076,-0.0123,-0.0196,0.4696,-0.0254,0.0224,-0.0086,-0.0114,-0.02,0.0155,-0.0139,0.0248,0.045,-0.0288,-0.0599,-0.0365,-0.0277,-0.0601,-0.203,0.0701,0.0437,0.041,-0.0102,-0.0505,-0.1098,0.0469
517,5577,108,4,walking,-0.0569,0.6588,-0.0348,-0.0641,-0.0423,-0.0418,-0.0009,-0.146,-0.0089,-0.0471,-0.0559,-0.0111,0.0666,0.2062,0.0126,0.007,-0.0378,0.0076,0.0296,0.0608,0.016,0.0536,-0.009,-0.0041,-0.0406,-0.0223,-0.0277,-0.0614,-0.0298,-0.0219,-0.0028,-0.0404,-0.0142,-0.0032,-0.0017,0.0101,0.0264,0.1266,-0.0042,-0.0071,-0.0243,-0.0189,0.0043,-0.0097,0.4404,-0.0118,0.006,-1.7706,-0.0176,0.1949,0.0036,0.0297,-1.9065,-0.0088,0.021,-0.0195,0.023,-0.0161,0.0713,0.0788,0.0463,0.0086,0.0068,0.0028,-0.1141,-0.0035,0.0166,-0.0138,0.019,,,
518,5578,108,4,walking,0.0039,-0.8161,-0.0097,-0.0135,0.0171,-0.0374,-0.0044,0.4258,0.0112,-0.0233,-0.2095,-0.0348,0.0387,-0.3866,-0.0004,0.027,-0.0189,-0.0059,0.01,0.0284,-0.0141,0.0004,-0.0063,0.0073,0.032,-0.0126,0.0264,-0.0151,-0.0352,0.024,-0.0086,0.0362,0.0166,-0.0011,-0.0145,-0.0111,-0.0191,0.9703,-0.0025,0.0293,0.044,0.0257,-0.0067,-0.0129,0.5956,-0.0122,-0.0153,-0.0169,-0.0161,0.4669,0.0015,0.0489,-0.002,0.0312,-0.007,0.0028,0.0073,0.0076,-0.0337,-0.0408,-0.0532,-0.0212,0.0563,0.0496,-0.2409,-0.0223,0.054,-0.0089,0.0393,0.046,-0.1599,-0.0106
519,5579,108,4,walking,0.0673,-1.0046,0.0521,0.0345,0.0657,0.0411,0.0007,0.4678,-0.0093,-0.0296,-0.2976,-0.0449,0.1377,-0.8044,0.0029,-0.0309,-0.0104,0.9988,-0.0209,-0.7606,-0.014,1.377,-0.0484,0.3127,-0.8507,0.0559,0.007,1.0088,0.2194,0.06,-0.0271,0.7184,-1.0599,-0.0035,-0.0426,-0.018,0.0019,0.4355,0.0215,-0.0066,0.0225,-2.0634,-0.005,0.0158,0.6547,0.0235,-0.0246,-2.5828,-0.0254,0.4283,0.0383,0.0408,-2.2696,-0.0459,0.0567,-0.0171,0.0265,-0.049,0.0505,0.0588,0.6417,0.0132,-0.3278,0.177,0.0544,1.016,0.3554,0.036,-0.0356,-0.0642,0.0324,-1.4715
520,5580,108,4,walking,-0.0023,-0.9996,0.0102,-0.0115,-0.0179,-0.0236,0.0091,0.4476,-0.0332,-0.0184,-0.2144,-0.0468,0.0274,-0.3069,-0.0169,0.0145,0.004,1.0205,-0.0123,-0.0059,0.0033,0.0303,0.0152,-0.013,-0.0212,0.0017,0.0355,0.0364,0.022,0.0286,0.0021,0.0383,-0.0259,-0.0007,-0.0157,-0.0083,0.0064,0.8414,-0.0006,-0.0079,-0.0317,-0.0292,-0.0073,0.0013,0.5908,0.0093,-0.0038,-0.0027,0.005,0.5115,0.0037,-0.0543,0.0005,-0.0199,0.0008,-0.012,0.0242,-0.0208,0.0326,-0.0408,-0.034,-0.0072,0.043,0.0509,-0.1953,0.0484,0.0397,-0.0058,0.0203,-0.0449,-0.1324,-0.016
521,5581,108,4,walking,-0.0598,-1.0003,0.0497,-0.0033,-0.0201,-0.0419,-0.0184,0.4663,-0.0229,-0.0196,-0.2355,-0.0467,-0.0603,-0.8232,-0.0047,-0.0278,-0.9643,-0.9706,0.4398,1.01,0.0527,-0.4198,-0.3777,-1.0474,2.083,-0.0213,-0.0379,1.063,-0.5517,0.0737,-0.0448,0.0173,2.0116,-0.0285,-0.0157,-0.0296,-0.0062,0.3735,-0.0255,0.0023,1.1536,-0.0016,-0.0148,-0.0052,0.5927,-0.0082,0.016,0.9949,-0.0301,0.423,0.0311,-0.0124,1.1634,0.0241,-0.0484,0.0079,0.045,0.0369,0.0132,0.0584,-0.3427,0.0357,0.2295,-0.204,-0.1778,-0.3762,-0.4406,0.0098,0.0399,0.6006,0.0506,1.097
522,5582,108,4,walking,-0.0748,-1.0005,-0.0386,0.0018,-0.0056,-0.0159,0.011,0.4896,-0.0241,-0.021,-0.2402,-0.0416,0.1717,-0.8607,-0.0228,0.0073,0.9956,-1.0236,-0.4029,0.0049,-0.0184,-0.975,-0.0141,-1.0034,3.0606,-0.052,0.0285,-0.7203,-0.5603,0.2639,-0.0201,-0.9718,1.6583,-0.0277,-0.0169,0.029,-0.0088,0.5073,-0.0193,-0.0371,-0.0067,2.0975,0.0336,-0.0304,0.7173,-0.0258,0.0175,-1.9438,0.0326,0.413,1.4145,-0.069,-1.7099,0.013,0.0686,-0.0409,-0.0536,-0.0458,0.0104,0.0024,-1.1634,-0.0495,0.4395,-0.5043,0.0553,-0.6569,-0.3445,0.0126,0.034,-0.0502,-0.0934,1.3742
523,5583,108,4,walking,0.0046,-0.8317,0.0061,0.0008,0.0016,-0.0259,0.005,0.4185,-0.0276,-0.0174,-0.2048,-0.0473,0.0865,-0.4253,-0.0155,0.0073,0.0219,-0.0085,-0.002,0.0222,0.0137,-0.0104,-0.012,-0.0091,0.0296,0.0234,0.0322,0.0244,0.0037,0.0209,-0.014,0.0283,0.0085,-0.0056,-0.018,-0.0196,-0.0113,0.8203,0.0163,0.0314,0.0397,0.0359,-0.0028,-0.012,0.5955,0.0091,-0.0105,-0.0039,-0.0267,0.5099,0.0104,-0.0719,-0.008,-0.002,-0.0098,0.009,-0.0023,0.0106,-0.0491,0.041,-0.0483,0.0139,0.045,-0.053,-0.2054,-0.0345,0.0552,0.0231,0.0444,0.043,-0.0844,-0.0384
524,5584,108,4,walking,-0.0167,-0.8372,-0.0098,0.0066,-0.007,0.0006,0.0107,0.4149,-0.0303,-0.0188,-0.2096,-0.0434,0.0686,-0.4183,-0.0172,0.014,0.0239,0.0011,-0.0151,-0.0135,-0.0058,-0.0035,-0.002,-0.0082,0.0334,-0.022,0.0361,0.0202,-0.0049,0.0268,-0.0054,0.0275,0.011,0.007,-0.0073,-0.0006,0.0128,2.0328,-0.0342,-0.0285,-0.0543,-0.0259,0.011,-0.0108,0.5497,-0.0038,0.006,-0.0052,-0.037,0.5115,0.0103,0.0513,-0.0243,0.0196,-0.0204,0.0012,0.0142,0.0036,0.0443,-0.0422,-0.04,-0.0385,-0.0295,-0.0458,-0.2589,0.0594,0.0556,-0.0419,-0.0496,0.0523,-0.1372,0.0317
525,5585,108,4,walking,0.0681,-0.9828,0.0523,-0.0065,-0.0131,0.0078,0.0099,0.4203,-0.0171,-0.0123,-0.2089,-0.0408,0.0585,-0.3165,-0.0036,-0.0029,0.9973,0.9189,-0.3775,-1.0504,-0.0413,1.4713,0.325,1.4393,-0.7402,0.1629,0.038,0.9397,0.9403,0.2167,0.0052,1.0517,-0.9756,0.0546,-0.0165,0.0107,-1.031,0.4023,0.0006,0.0282,-1.1559,-1.0768,0.0014,-0.0219,0.7142,-0.0085,-0.0043,-1.8612,-0.0206,0.4073,-0.0186,0.023,-1.8092,0.0258,-0.0141,-0.033,0.0323,-0.0399,-0.0371,0.0467,0.4693,-0.0426,-0.2112,0.1865,-0.1835,1.0945,0.6318,0.0262,0.0192,-0.4446,-0.0802,-0.8763
526,5586,108,4,walking,-0.0035,-1.0419,0.0112,-0.0177,0.0308,-0.0405,0.013,0.3767,-0.01,-0.0243,-0.1754,-0.0425,0.0606,-0.801,-0.0082,-0.0056,-0.0156,1.0264,0.0042,-0.6033,-0.0123,0.7037,-0.0188,-0.3073,-0.7604,0.0396,0.0023,0.3135,0.053,0.0581,-0.0281,1.0474,-1.0509,0.0546,-0.027,-0.0198,0.0209,1.0367,-0.0374,0.0253,1.0386,-1.1036,-0.0062,0.0161,0.5924,0.0222,-0.0073,-2.4184,-0.0328,0.4077,0.0017,-0.0093,-2.0975,-0.0037,0.0148,-0.0356,-0.0219,-0.0526,0.031,0.0483,0.4928,-0.0434,-0.2258,0.2235,-0.0692,0.5549,-0.0462,-0.0639,0.0007,0.5207,-0.1024,-1.5075
527,5587,108,4,walking,-0.0008,-0.8199,0.0026,0.0101,-0.0176,0.0123,0.0181,0.4195,-0.0293,-0.0226,-0.2022,-0.0479,0.0454,-0.3746,-0.0015,-0.0139,0.0089,-0.007,0.0209,0.0236,-0.0063,-0.0214,-0.004,-0.0145,0.031,-0.0033,0.0331,0.0258,-0.005,0.0384,0.0092,0.0288,0.0274,0.0109,-0.0093,-0.0037,0.011,2.0906,0.0106,-0.0323,-0.0393,-0.0266,0.0006,0.0014,0.5598,0.0048,0.0154,-0.0061,-0.0164,0.5076,-0.0309,0.0635,-0.0379,-0.0101,0.0113,-0.003,-0.0036,0.0198,-0.0343,-0.0409,-0.046,0.0206,0.0503,-0.0513,-0.1947,-0.0587,0.0556,0.0139,0.0422,0.0444,-0.0843,-0.0077
528,5588,108,4,walking,-0.0073,-0.9637,0.0189,0.0159,0.0065,-0.0095,0.0164,0.4213,-0.026,-0.0053,-0.2129,-0.0488,-0.0676,-0.3107,-0.0215,0.0147,0.0309,0.0009,0.0129,0.0088,-0.0075,-0.0105,0.0031,-0.0221,0.0203,-0.0028,0.0244,0.0276,-0.0112,0.033,-0.0028,0.0312,0.0046,0.0014,-0.0135,0.0008,0.0321,0.82,0.0132,0.0151,-0.0288,-0.0295,-0.0133,-0.0018,0.5844,-0.008,-0.0075,-0.0055,-0.0173,0.4508,0.0049,-0.0231,-0.0193,0.011,-0.0133,-0.0081,0.0166,0.0119,-0.0447,0.0377,0.0353,0.0192,0.009,-0.05,-0.2409,-0.0407,0.0368,0.0303,0.0183,0.0343,-0.0847,-0.042
529,5589,108,4,walking,1.0143,-1.0046,-0.0124,0.7097,0.4185,0.4198,0.0039,0.3794,-0.0064,-0.0546,-0.2525,-0.0383,-0.0111,-0.9264,-0.0092,-0.0274,1.0078,-0.0696,-0.2232,-1.0368,0.0239,0.4403,-0.0194,1.0222,1.01,-0.0133,-0.0289,0.0179,-0.0204,0.0417,0.0162,-0.0214,-1.0156,0.055,0.263,0.0264,-0.0687,0.3732,-0.0393,0.0348,-0.7194,-2.4396,-0.0403,0.0024,0.7266,-0.0057,-0.0447,-2.5203,-0.0336,0.4698,0.0495,0.0484,-2.0925,0.0185,-0.0426,0.0456,0.0503,0.0293,0.0311,-0.0605,-0.0576,-0.0249,0.0645,0.0476,-0.1049,0.0631,0.2697,0.0323,0.0006,-0.2038,-0.0868,1.3021
530,5590,108,4,walking,-0.0397,-1.0175,-0.0108,-0.0169,-0.0068,-0.02,0.0324,0.5064,-0.0334,-0.0076,-0.2405,-0.0562,-0.0156,-0.8532,-0.0099,-0.0306,-0.013,0.004,0.027,0.0186,0.0009,-0.012,-0.011,-0.0211,0.0194,-0.0235,0.0312,0.0142,-0.0039,0.0346,0.0025,0.0256,0.008,0.0058,-0.009,-0.0012,-0.0229,0.7984,0.0242,-0.0004,0.0403,-0.0016,0.0108,-0.0149,0.617,-0.0074,0.0073,0.0047,0.029,0.4282,-0.005,0.0383,0.0003,0.0033,-0.0461,0.0355,0.0057,0.0557,-0.0439,0.0448,0.0473,0.0371,-0.0265,0.0517,-0.2169,-0.0411,-0.0363,-0.009,0.0209,0.0586,-0.087,0.0012
531,5591,108,4,walking,0.0506,-1.0093,0.0535,0.0089,0.0859,-0.0002,-0.0075,0.4868,-0.0234,-0.0167,-0.2269,-0.0416,0.0172,-0.7996,-0.0023,-0.0038,-0.0134,0.0197,-0.0061,0.0221,0.004,0.0033,-0.0149,-0.0126,0.0051,0.0378,0.028,0.0015,0.0106,0.0092,-0.0028,0.0246,0.01,0.0021,-0.0098,0.0004,0.0156,1.0392,0.0352,0.0381,0.0422,0.0314,0.0081,0.007,0.5958,-0.0114,0.0181,0.0078,0.0272,0.4247,0.004,0.0409,0.0322,-0.0265,-0.0202,0.0001,0.0153,-0.01,-0.0307,0.034,0.0556,0.0256,0.0038,0.0548,-0.2074,0.0299,0.0463,0.051,0.0275,0.0608,-0.0849,0.005
532,5592,108,4,walking,-0.0111,-0.9404,-0.0107,-0.0326,0.0046,-0.0563,-0.0051,0.3786,-0.0009,-0.016,-0.1862,-0.0366,-0.103,-0.3429,0.0064,-0.0089,-0.0141,-1.0679,-0.2162,1.069,-0.049,-0.0502,0.2175,-0.0482,0.4391,-0.027,0.0077,0.0335,0.0027,0.0216,-0.0153,-0.044,1.082,-0.0039,-0.0286,0.0132,0.012,0.8212,0.0382,-0.031,0.0346,0.0188,0.0095,0.0003,0.5993,-0.0002,-0.0003,-0.0087,-0.0309,0.4246,-0.0201,-0.0195,-0.0069,0.0176,0.0006,-0.0012,0.0226,-0.0008,-0.0243,-0.0571,-0.0689,-0.0004,0.0425,-0.0253,-0.2631,-0.0468,-0.0267,0.0419,-0.0089,0.0589,-0.0926,-0.0235
533,5593,108,4,walking,0.0597,-0.9614,-0.0569,0.0155,0.0978,-0.0126,0.0171,0.3814,-0.0081,-0.0215,-0.2196,-0.0359,0.1441,-0.3493,0.0103,-0.0132,-0.0049,-1.0063,-0.402,0.89,-0.0707,-0.3013,0.3285,0.1633,1.0524,-0.0412,-0.0038,-0.0162,-0.058,0.0543,-0.0073,-0.4687,1.3137,-0.02,-0.06,-0.0096,0.0012,0.8209,0.0293,0.0002,-0.027,2.0922,0.044,0.0188,0.7346,-0.0303,0.0116,-3.5075,-0.0263,0.5097,1.3799,-0.1022,-2.0851,0.0369,-0.0053,-0.023,0.0256,-0.0196,-0.0228,-0.0385,-0.4252,-0.0454,0.2085,-0.1255,0.0486,-0.1644,-0.4185,0.0247,-0.051,0.0494,-0.109,1.3171
534,5594,108,4,walking,-0.0189,-1.0086,-0.0097,-0.0194,-0.0305,-0.0178,0.0116,0.5044,-0.0231,-0.0041,-0.2509,-0.0434,-0.0476,-0.8616,0.0208,-0.0038,0.0066,-0.0059,0.0227,0.0135,-0.0032,0.0076,-0.0029,0.0075,0.0169,-0.0031,0.0218,0.0155,-0.006,0.0251,-0.0093,0.0277,0.0101,-0.0034,-0.0141,0.0013,0.0342,1.1269,-0.0329,0.0004,0.0395,0.0457,0.0248,-0.0011,0.6126,-0.0065,0.0069,-0.0021,-0.0336,0.4075,0.0315,0.0126,0.0263,0.0001,0.0056,-0.0079,0.003,-0.0357,0.038,-0.0504,-0.0406,0.0041,0.0513,0.0376,-0.2547,-0.0599,0.0297,-0.0426,0.0054,-0.0363,-0.1752,0.0416
535,5595,108,4,walking,0.0241,1.0441,0.0411,-0.0606,-0.0551,-0.0564,0.0254,-0.0454,-0.0039,-0.0391,-0.0373,-0.0301,0.0127,-0.3099,0.011,0.0057,0.0118,0.0035,0.0113,0.005,-0.0038,0.0004,-0.0071,-0.0105,-0.016,0.0063,0.0159,0.002,-0.0113,-0.0365,0.0102,0.0304,0.0013,-0.003,-0.0106,-0.0036,0.0347,0.2231,0.0029,0.0309,-0.0325,-0.0547,0.0015,0.0022,0.5524,0.0043,-0.0178,-0.0063,0.0152,0.3926,0.0052,-0.0539,-0.0122,-0.0223,0.0335,-0.0002,0.0038,-0.0236,0.047,0.0469,0.0524,0.0358,0.0105,0.0329,-0.2555,0.0023,-0.0283,-0.0511,0.0313,-0.0496,-0.1584,0.0023
536,5596,108,4,walking,-0.0001,-1.0075,-0.0093,-0.0169,-0.0042,-0.0308,0.0124,0.4667,-0.0222,-0.0119,-0.2223,-0.0395,-0.0608,-0.839,-0.0033,-0.0197,-0.0105,0.0239,0.0255,-0.0033,-0.0057,0.0135,-0.0018,-0.0092,0.006,0.0171,0.0362,0.0266,0.0151,0.0278,0.0022,0.0323,0.0086,0.0113,-0.0105,0.0145,0.0218,0.6588,-0.0241,-0.038,-0.0001,0.0349,-0.0104,-0.0057,0.5859,0.0067,-0.013,0.0184,-0.0208,0.4608,-0.0162,0.0374,0.0066,-0.0137,-0.0334,0.0152,0.0284,0.0223,0.0488,0.049,0.0519,-0.01,-0.0357,-0.0294,-0.202,0.0571,0.0096,0.042,0.0123,0.0473,-0.0934,-0.0107
537,5597,108,4,walking,-0.0673,-1.0176,0.0039,-0.0028,0.0365,-0.0542,-0.0155,0.4683,-0.0191,-0.0258,-0.2318,-0.0376,0.1342,-0.7995,0.0083,0.0094,-0.0221,0.9944,0.0214,-0.7019,0.0528,1.0473,-0.0203,-0.3764,-1.4558,0.0238,0.0105,0.2031,0.0533,0.0583,0.0129,1.0162,-1.3079,0.055,0.0274,0.0041,0.0066,0.4692,0.0013,0.0241,-0.0689,-0.0317,-0.0057,-0.0041,0.5897,-0.0013,0.0075,-1.9245,-0.0137,0.4355,0.0382,0.0187,-1.8064,-0.0287,-0.0147,0.0305,-0.0448,0.0405,-0.0975,0.0458,0.5207,0.0509,-0.2348,0.0482,-0.263,0.4017,0.2125,0.0429,-0.0115,-0.0809,-0.0948,-1.4272
538,5598,108,4,walking,-0.0136,-1.0007,0.0123,-0.0116,0.0036,-0.0333,0.0082,0.5201,-0.0315,-0.0109,-0.2459,-0.0573,0.0526,-0.7993,0.0199,0.0091,0.0023,-1.0168,-0.0238,0.962,-0.0063,-0.0072,0.0053,0.0018,0.0253,0.0049,0.0148,0.0247,0.0071,0.0278,-0.0039,-0.0021,0.0168,0.0203,-0.0073,-0.0009,0.0384,0.8473,-0.0031,0.0291,0.0301,-0.0284,-0.0152,-0.0018,0.6179,0.0092,-0.0261,-0.0029,-0.0223,0.4359,-0.0057,0.0503,0.0005,0.0181,-0.0117,-0.0091,0.0407,0.0003,-0.0426,0.0327,-0.0452,0.0171,0.0372,-0.0559,-0.2012,-0.0607,-0.0484,0.0067,0.0431,0.0594,-0.0948,-0.0081
539,5599,108,4,walking,-0.0741,-1.0205,0.0457,-0.0076,-0.0164,0.0048,0.0139,0.5544,-0.0353,-0.0278,-0.266,-0.0476,0.2615,-0.8045,0.0057,0.0177,-0.0238,-0.9943,-0.3258,0.7498,-0.0488,-1.0709,0.3772,-0.2767,2.4393,-0.0213,0.022,0.0506,-0.0636,0.6361,-0.0028,-1.08,1.3878,0.0551,-0.008,0.0016,-0.0693,0.4681,-0.0039,-0.0099,-0.0064,0.9668,0.0107,-0.0004,0.7039,-0.0156,-0.0102,-1.9265,-0.0144,0.4256,0.0387,0.0585,-1.8182,0.0286,0.0196,0.0112,0.0258,-0.0312,0.0306,-0.0572,-1.1613,-0.0517,0.4723,-0.342,-0.2214,-0.6411,-0.5143,-0.0469,-0.033,-0.0537,-0.1259,1.374
540,5600,108,4,walking,-0.0017,-0.9839,-0.0099,-0.0077,-0.0138,-0.0226,-0.003,0.4658,-0.0216,-0.0121,-0.2207,-0.0472,0.0579,-0.3287,-0.0162,0.0194,-0.0102,0.0025,0.0266,0.0069,0.0083,-0.0159,-0.004,-0.0103,-0.0081,-0.017,0.0245,0.005,-0.0188,0.015,0.0008,0.0304,0.0111,0.0035,-0.0143,0.004,0.0288,0.821,0.0107,0.0342,0.0201,0.0323,-0.0142,-0.006,0.5945,0.0013,-0.0138,-0.0106,-0.027,0.4546,-0.0239,0.0543,0.0134,-0.0127,0.0032,0.0024,-0.0298,0.0254,-0.0339,-0.0425,0.0432,0.036,0.0088,0.0395,-0.2403,-0.0372,0.0389,-0.014,0.0205,0.0498,-0.0977,-0.0166
541,5601,108,4,walking,-0.0077,-1.0105,0.0156,0.0044,0.0218,-0.0032,-0.0169,0.5245,-0.0322,-0.0122,-0.2395,-0.0559,0.0535,-0.7047,-0.02,-0.0135,0.0054,-0.0278,-0.022,0.0084,0.0023,-0.009,-0.0039,-0.0009,0.0304,-0.0016,0.0331,-0.0149,-0.0244,0.0192,-0.0085,0.0311,0.0176,0.006,-0.0077,-0.0005,0.0391,0.6904,0.0077,-0.0088,-0.0388,-0.0116,0.0057,0.0143,0.592,-0.0023,-0.0065,-0.0098,-0.0193,0.3735,0.0026,0.0361,-0.0097,0.0266,-0.0024,-0.0235,-0.0282,-0.0002,-0.0376,-0.0412,-0.025,0.0201,0.0401,0.0466,-0.2228,-0.0493,0.0449,0.0194,0.0184,0.0433,-0.0975,-0.0029
542,5602,108,4,walking,-0.0588,-1.0003,-0.0539,-0.0037,0.0453,0.001,-0.0157,0.5148,-0.0273,-0.0139,-0.2518,-0.0549,0.1633,-0.8478,-0.0302,-0.0108,0.9638,-0.9963,-0.6103,-1.155,-0.2992,-1.0238,0.4214,0.8416,1.7183,-0.0165,-0.0056,-1.556,-0.5185,0.0605,-0.0029,-1.5262,1.0447,0.0119,0.196,0.0518,0.0348,0.5109,0.0285,0.0216,-0.0226,1.0686,-0.0042,0.0087,0.6618,0.0121,0.0101,-2.5199,0.0076,0.4255,0.0241,-0.1027,-2.0924,0.0398,-0.0258,0.0141,0.0328,-0.0099,-0.0559,-0.0571,-0.7204,-0.048,0.2573,-0.1773,0.0176,0.205,-0.0643,0.038,0.0436,-0.2044,-0.084,1.3868
543,5603,108,4,walking,-0.0109,-0.9746,0.0207,-0.0078,0.0032,-0.022,0.0218,0.3344,-0.0179,-0.0149,-0.1474,-0.0405,0.086,-0.4477,-0.0027,-0.0125,0.0263,0.0006,-0.0068,-0.0194,-0.0254,0.0083,0.0236,0.0099,-0.0299,0.0117,0.0312,0.0134,-0.0167,0.0286,-0.0014,0.0244,-0.0114,-0.0189,-0.0106,-0.0054,0.032,1.4024,0.0004,-0.0018,-0.0152,0.0363,-0.0028,-0.0005,0.5923,0.004,-0.0082,0.0074,0.0308,0.5353,0.0031,-0.0502,-0.0004,0.0108,-0.0005,-0.0087,0.0276,-0.0109,0.0463,0.0343,0.0499,-0.0065,-0.0232,-0.0601,-0.2053,0.0566,-0.0049,0.0143,-0.0149,0.006,-0.098,-0.0039
544,5604,108,4,walking,-0.0033,-1.0169,-0.0178,-0.0116,0.0137,-0.0388,0.0236,0.4266,-0.0224,-0.0062,-0.2036,-0.0372,0.0332,-0.7985,-0.0151,0.0258,-0.0274,1.0209,0.0122,-0.5614,0.0045,0.3187,-0.0402,-0.0109,-0.8213,0.0084,-0.0015,-0.0199,-0.0249,-0.3265,-0.0036,0.0421,-0.0181,0.0071,-0.0094,-0.0072,-0.0286,0.6901,-0.0298,0.0446,0.0052,0.0268,0.0104,0.014,0.7299,-0.0057,0.0028,-0.0136,-0.0066,0.4351,0.0303,-0.0509,-0.0367,-0.0326,-0.0087,0.0311,-0.0099,0.0213,-0.0582,0.0008,0.059,-0.0087,-0.0045,-0.047,-0.2074,0.0681,0.0453,-0.0344,-0.0062,-0.0563,-0.0894,-0.0083
545,5605,108,4,walking,-0.0349,-1.0098,0.0497,-0.0134,0.0506,-0.0613,0.0109,0.5263,-0.0403,-0.0166,-0.2558,-0.058,-0.0089,-0.821,-0.0125,0.0209,-0.0117,-0.0221,0.0213,0.0074,-0.0152,0.0018,0.0026,0.0196,-0.0188,-0.0051,0.0149,0.0038,-0.0173,0.0049,-0.0269,0.0231,0.0259,-0.0003,-0.0355,-0.0093,0.0371,0.841,-0.0458,-0.0387,0.0287,-0.0272,-0.006,-0.0061,0.5817,0.009,0.0053,-0.0027,0.0332,0.429,-0.0053,0.0598,0.0067,0.0006,-0.024,0.0361,-0.0305,0.0576,0.0485,-0.0293,0.0438,0.0074,-0.0465,-0.0687,-0.2584,0.0311,0.0641,0.0411,0.0324,0.0536,-0.0946,-0.0395
546,5606,108,4,walking,0.0689,-0.9631,-0.0498,-0.0697,-0.0732,-0.1372,-0.0163,0.3428,0.0179,-0.0271,-0.2072,-0.0451,-0.3096,-0.3287,-0.0133,-0.0518,-1.0378,-0.7185,0.5188,0.9028,0.0083,-0.4416,-0.3873,0.0448,-0.0362,-0.0417,-0.0225,0.0826,-0.3258,-0.2603,-0.0521,0.0202,1.1551,-0.0067,-0.0381,-0.0407,0.0504,1.3407,0.0153,-0.0102,0.1565,0.0269,-0.0015,0.007,0.5854,0.0041,-0.025,-0.0021,-0.0039,0.429,-0.0147,0.0119,-0.0054,0.0298,0.0288,-0.0093,-0.0305,-0.0349,-0.0232,-0.039,-0.0433,0.0072,0.0339,-0.0474,-0.204,-0.0776,-0.0555,0.0128,-0.0249,0.0586,-0.0752,0.0008
547,5607,108,4,walking,-0.0075,-0.9756,0.0186,-0.0109,-0.0019,-0.0255,0.0158,0.4216,-0.0168,-0.014,-0.1998,-0.0386,0.0683,-0.3033,-0.0126,-0.0082,0.0223,-0.0066,0.024,0.0236,-0.0048,-0.0139,-0.0196,-0.0077,0.0334,-0.0179,0.0323,-0.005,-0.021,0.0303,-0.0046,0.039,0.0138,-0.0005,-0.0178,-0.0023,0.0448,2.1537,-0.003,-0.0095,0.0267,-0.0298,-0.0058,-0.008,0.5937,0.0057,-0.011,-0.0059,-0.0153,0.4197,-0.002,-0.0515,-0.0209,0.0068,-0.0039,0.028,-0.0146,0.0352,-0.0477,-0.0462,-0.0451,0.0104,0.0424,-0.0345,-0.2614,-0.0565,0.0369,0.0164,0.0134,0.0419,-0.0998,-0.0084
548,5608,108,4,walking,0.0043,-0.8165,0.0027,0.0096,0.0068,0.013,0.0018,0.4716,-0.0263,-0.0128,-0.2298,-0.0496,-0.0476,-0.3238,-0.0196,0.0185,-0.0175,-0.0219,0.0322,0.0379,-0.0001,-0.0104,0.0075,-0.0035,0.0143,0.0084,0.0286,0.0158,0.0203,0.0113,-0.0048,0.0316,0.0192,-0.0026,-0.0106,-0.0082,0.0445,1.3801,-0.0298,0.0241,0.0058,0.039,-0.0028,-0.0087,0.5819,0.0026,-0.0163,-0.0104,0.003,0.5084,-0.0224,-0.1031,-0.0344,-0.0094,-0.0302,0.0096,-0.0099,0.0238,-0.0387,-0.052,0.007,-0.0004,0.027,0.0257,-0.2236,-0.0573,0.0554,-0.0332,-0.0001,0.0634,-0.1309,-0.0418
549,5609,108,4,walking,-0.0688,-0.9646,0.0453,0.0004,0.0705,-0.0088,-0.0147,0.4217,-0.0127,-0.0306,-0.213,-0.0395,-0.2495,-0.3359,-0.038,-0.0139,-0.9993,0.0037,0.9429,0.4418,0.2373,0.0582,-0.34,0.0065,-0.5613,-0.0042,-0.0209,0.9716,-0.0564,-0.3172,-0.0518,1.4831,0.0541,0.0506,-0.0224,-0.0344,-0.0163,0.4196,0.0172,0.0184,0.0576,0.0018,-0.0051,0.0117,0.5939,0.0237,-0.0139,-0.0269,-0.002,0.4398,-0.0329,0.0483,0.0092,-0.0286,0.0259,0.0242,-0.0154,-0.0101,-0.0079,0.042,-0.0448,0.0215,0.0417,-0.0409,-0.189,-0.0523,0.0633,-0.0273,0.0296,0.0439,-0.075,-0.0198
550,5610,108,4,walking,-0.0656,-0.8603,-0.0329,-0.041,0.0088,-0.0604,0.0211,0.4686,-0.0181,-0.0369,-0.2228,-0.0446,0.0331,-0.2997,-0.0047,-0.0023,-0.001,0.0137,-0.0004,0.0065,0.0223,-0.0246,0.0111,-0.0142,0.0201,0.0253,0.0278,0.0306,0.0167,0.0281,0.0053,0.0396,0.0098,-0.0009,-0.0108,-0.0057,-0.0453,0.7742,0.0353,-0.0153,0.0318,0.0518,-0.0032,0.0128,0.5875,-0.006,0.0009,-0.0072,-0.026,0.5354,0.0013,0.0532,-0.0071,0.0233,0.0064,0.002,-0.0175,-0.0298,0.046,-0.0196,0.0672,0.03,-0.0258,-0.0348,-0.2018,-0.0543,-0.0641,0.0506,0.0064,0.0635,-0.093,-0.0482
551,5611,108,6,cycling,-0.0007,0.3746,0.003,0.0259,0.0055,-0.0065,0.0291,0.9248,-0.0553,0.006,-0.4307,-0.0695,-0.0184,1.3656,0.0018,0.0087,0.0025,0.0223,-0.0141,0.0076,0.0052,-0.0131,0.0076,-0.0175,0.0103,0.0158,0.0324,-0.009,0.0045,0.0309,-0.0077,0.0339,0.003,0.0023,-0.0161,0.0027,-0.0128,-1.0482,0.0096,0.0344,0.0688,-0.0014,0.0216,0.0126,-1.379,-0.0088,0.0096,0.0005,0.0083,-1.6107,0.0241,0.0269,0.0083,-0.0206,0.0236,-0.0022,0.038,0.0086,0.011,0.05,-0.0496,0.0143,0.0465,0.0279,-0.2348,-0.0379,-0.0515,0.0284,0.0404,-0.0582,-0.1755,0.0199
552,5612,108,6,cycling,-0.0028,0.3023,0.0065,-0.0124,-0.0009,-0.0356,0.0137,0.8018,-0.0434,-0.011,-0.3916,-0.0602,0.0045,1.4136,-0.0075,-0.0179,-0.0153,0.0276,-0.0255,0.0262,-0.0038,-0.0058,-0.018,0.0102,-0.0082,0.0053,0.0364,-0.0095,-0.0019,0.0328,0.0025,0.0288,0.0034,0.0012,-0.0163,0.0058,0.0374,-1.1034,-0.0295,-0.0213,0.0686,0.0314,-0.0005,0.0004,-0.4547,0.0007,0.0027,0.0206,0.0034,-1.0932,0.0003,0.0399,-0.0099,-0.0007,0.006,0.0224,-0.0408,-0.0142,-0.0305,0.0551,0.0471,-0.0195,-0.0332,-0.0545,-0.2214,0.0514,-0.0583,-0.0499,-0.0598,0.0657,-0.1375,0.0626
553,5613,108,6,cycling,-0.0137,0.2034,-0.0018,-0.0009,-0.0055,-0.0221,0.0348,1.0381,-0.0513,-0.0085,-0.4828,-0.0701,0.0208,1.3991,-0.0042,0.0027,-0.0199,0.0141,-0.0163,0.0181,-0.003,-0.0105,-0.0079,-0.0121,-0.0068,-0.0151,0.0328,-0.0113,-0.0333,0.0257,0.0056,0.0265,0.0054,0.0076,-0.0076,-0.0008,0.03,-0.7734,-0.0048,0.0401,0.0604,0.0094,-0.0214,-0.0099,-0.5453,0.0047,-0.0052,0.0004,-0.004,-1.1207,0.0296,-0.0312,0.0049,-0.0273,0.0423,0.0019,-0.0234,-0.045,0.028,-0.0247,-0.0539,-0.037,0.0419,0.056,-0.2352,0.0507,0.0543,-0.0175,0.0552,0.069,-0.1593,0.0352
554,5614,108,6,cycling,0.0039,0.2405,-0.0171,0.012,-0.0005,0.0168,0.0323,0.9582,-0.0554,-0.006,-0.4449,-0.0852,0.007,1.4102,-0.0054,-0.0086,0.0134,-0.0269,-0.0106,0.0209,-0.0159,0.0031,-0.023,0.0221,-0.018,0.0026,0.036,-0.0011,-0.0196,0.0334,0.0048,0.0394,0.009,0.0051,-0.0146,0.0045,0.0259,-0.2042,0.0042,0.0352,0.0562,0.0457,-0.0275,0.0114,-0.3319,0.0039,-0.0004,-0.0131,0.0383,-1.0375,-0.0215,0.0467,-0.0025,-0.0039,0.0479,0.0096,-0.0343,-0.0083,-0.0513,0.0522,-0.0315,0.008,0.0423,-0.0308,-0.2347,-0.0292,-0.0498,0.0481,0.0407,0.0417,0.0005,0.0286
555,5615,108,6,cycling,-0.0137,0.2404,0.0153,0.0329,-0.0169,-0.0068,-0.0022,0.5575,-0.0375,-0.0095,-0.2726,-0.0554,-0.0057,1.3736,-0.0126,0.0046,0.0194,-0.0213,0.0239,0.0146,0.0252,-0.018,-0.0221,-0.017,0.0114,-0.007,0.0345,-0.0006,-0.0364,0.0406,-0.0016,0.0246,-0.0107,0.0061,-0.0084,0.0052,0.033,-0.7186,0.0033,-0.0054,0.0587,0.0357,0.0095,0.0051,-0.3359,0.001,0.0086,-0.0092,-0.0203,-1.0423,-0.0003,0.0287,-0.0109,-0.0262,-0.029,-0.03,0.0069,-0.0272,-0.051,-0.0465,0.0456,0.0393,-0.0029,-0.0477,-0.1954,-0.0623,-0.0676,0.0507,0.0385,0.0316,-0.0974,-0.0667
556,5616,108,6,cycling,-0.0189,0.2405,-0.0233,0.0097,-0.0202,0.0085,-0.0028,0.8237,-0.0362,0.0061,-0.4034,-0.0565,0.0148,1.4103,0.0012,-0.0055,0.0005,-0.0042,0.003,0.0135,0.0176,0.015,-0.01,-0.0116,-0.0079,-0.0047,0.026,0.0161,-0.0223,0.0246,0.0066,0.0334,0.0047,-0.0006,-0.0129,0.0051,-0.0348,-1.1015,0.0068,0.031,0.0623,0.0492,-0.0029,-0.007,-0.7357,0.0093,0.008,-0.0211,0.0359,-1.2614,0.039,0.0484,-0.0276,0.0447,-0.0474,0.0192,0.0428,0.0324,-0.0431,0.0549,-0.057,-0.0012,0.0523,-0.0255,-0.2179,-0.0609,-0.0511,0.0068,0.046,0.063,-0.0982,0.0389
557,5617,108,6,cycling,-0.0039,0.2035,-0.0088,0.0181,-0.0124,0.0009,0.0263,1.0048,-0.0561,0.0168,-0.4468,-0.0666,-0.0011,1.4351,-0.0196,0.0028,-0.0236,0.0243,0.0229,0.0108,-0.0091,0.0111,-0.0074,-0.0059,0.0204,-0.0061,0.0309,-0.0072,-0.0146,0.0217,0.0027,0.0412,0.0152,0.0022,-0.0179,0.0056,-0.034,-0.7195,0.0284,-0.0074,0.0722,0.0292,-0.0116,-0.0048,-0.5096,-0.0063,-0.0043,-0.0082,0.0256,-1.1182,0.0002,-0.013,0.0005,0.042,0.0083,0.0019,0.0018,-0.0029,-0.0336,0.0397,-0.0473,-0.0153,0.0494,-0.0329,-0.1968,0.0036,-0.0319,0.0503,0.0274,-0.0446,0.037,0.0517
558,5618,108,6,cycling,-0.0038,0.2545,-0.02,0.0069,-0.0307,-0.0171,0.0283,1.0081,-0.0599,-0.0028,-0.465,-0.081,0.0072,1.4043,-0.0272,0.0009,0.009,0.011,0.015,-0.0236,-0.0164,0.0054,0.0048,-0.0228,0.0126,0.0015,0.021,-0.0096,-0.0145,0.0241,0.0043,0.0354,0.0099,0.0099,-0.0157,0.0013,-0.0295,-1.0688,-0.0136,0.0405,0.0546,0.0392,-0.0108,-0.0251,-0.7606,-0.0188,-0.0334,0.0021,0.0192,-1.3443,-0.0384,0.058,-0.0311,0.0432,0.0361,0.0023,-0.0479,-0.0372,0.0464,0.0671,0.0267,-0.0076,0.0137,-0.0557,-0.2036,0.0323,-0.0429,-0.062,0.0534,-0.0663,-0.1459,-0.0416
559,5619,108,6,cycling,-0.0115,0.3097,0.0004,-0.0078,-0.0184,-0.0296,-0.0085,0.689,-0.0388,-0.0164,-0.3284,-0.0619,0.0029,1.4113,-0.0058,0.0204,0.0068,-0.0095,0.0101,0.0034,-0.0125,-0.0133,-0.0158,-0.0179,0.0019,-0.0044,0.0268,-0.0239,-0.0217,0.0281,-0.0006,0.022,-0.0002,0.0082,-0.0068,-0.0002,-0.0306,-0.7496,-0.0322,0.043,0.0493,-0.019,-0.0141,-0.006,-0.3765,0.0037,-0.0121,0.0035,0.035,-1.0345,-0.0251,0.033,-0.0063,-0.0071,0.0316,-0.0074,-0.042,-0.0148,0.0516,0.036,-0.0582,-0.0247,0.0488,0.0605,-0.1949,0.0377,-0.0526,-0.0562,0.0577,0.0407,-0.1562,0.0411
560,5620,108,6,cycling,-0.0069,0.2035,-0.0018,-0.0054,-0.0088,-0.0307,-0.0106,0.5894,-0.0294,-0.0094,-0.2793,-0.0546,0.0209,1.3713,0.0044,0.0129,-0.0228,0.0166,-0.0188,0.0283,0.0032,-0.0113,-0.0055,-0.0004,0.0023,-0.0146,0.0273,-0.0171,-0.0368,0.0138,0.0067,0.035,0.0074,0.0045,-0.0124,0.0025,-0.0314,-1.0935,-0.0261,0.0388,0.0759,-0.0219,-0.0199,0.0059,-0.731,0.0087,-0.009,0.0034,0.015,-1.2695,-0.0059,0.0405,0.0031,0.023,0.0253,0.0118,0.0159,-0.0376,0.0437,0.0465,-0.0538,-0.0168,0.0473,0.0446,-0.2347,-0.045,0.0057,-0.0628,0.0416,0.0523,-0.186,-0.039
561,5621,108,6,cycling,-0.0139,0.2444,0.0114,0.0307,0.0205,-0.006,0.0268,1.034,-0.0564,-0.0074,-0.49,-0.0859,0.0337,1.3877,0.0128,0.0175,0.0001,0.0233,-0.008,0.0096,0.0045,-0.0143,-0.0039,-0.0216,0.0059,0.0082,0.0294,0.019,-0.0182,0.016,-0.0009,0.0316,-0.0024,0.0117,-0.0103,0.0017,0.0487,-0.8235,-0.0323,0.0362,0.0628,0.0655,-0.0137,-0.0084,-0.7198,0.0113,-0.0081,0.0228,0.039,-1.2407,-0.0435,0.0545,-0.028,0.0426,-0.038,-0.0374,0.027,0.0023,0.0449,0.0153,0.0413,0.0159,0.0033,0.0604,-0.2122,0.0062,0.0476,-0.0638,0.0352,0.0572,-0.1652,0.0497
562,5622,108,6,cycling,0.0041,0.2024,-0.0139,-0.0075,-0.0092,-0.0143,0.021,0.9778,-0.0452,-0.0114,-0.4614,-0.0671,-0.0003,1.3662,0.0035,0.0173,0.0083,-0.01,0.0199,-0.0068,0.0033,0.0058,-0.0056,-0.0012,0.018,0.0042,0.0299,-0.0078,-0.0232,0.0284,-0.0026,0.0246,0.0124,0.0059,-0.0167,-0.0042,0.0158,-0.3542,-0.0042,0.0278,0.064,0.0209,-0.0038,0.0131,-0.3346,0.008,0.0018,0.0036,-0.0361,-1.0353,0.0016,-0.0484,-0.0312,0.0396,0.0385,-0.0004,-0.0257,-0.0408,0.051,-0.0541,-0.0343,0.0141,0.032,0.0474,-0.2175,0.007,0.0042,-0.0224,0.0416,0.0683,-0.1379,0.0029
563,5623,108,6,cycling,-0.0029,0.2745,-0.0044,-0.0008,-0.0118,-0.017,-0.0097,0.749,-0.041,-0.0165,-0.3613,-0.0627,-0.022,1.3738,0.0128,0.0182,-0.0063,-0.0056,0.008,0.0143,-0.0199,-0.0132,-0.0035,-0.0153,-0.0238,-0.0038,0.0244,-0.0205,-0.0307,0.0073,0.0108,0.033,0.0106,0.0019,-0.0128,0.0007,0.036,-0.3914,-0.0266,-0.0023,0.071,0.0499,-0.0092,-0.0254,-0.3384,-0.0066,-0.0131,-0.0001,-0.0093,-1.0474,-0.0078,-0.0453,0.0065,0.0282,-0.038,0.0296,0.0373,0.0327,0.021,-0.0605,-0.0276,0.0082,0.0461,0.0562,-0.1968,-0.0536,0.0486,0.0318,-0.0125,0.0798,-0.0935,0.052
564,5624,108,6,cycling,-0.0005,0.3839,-0.01,-0.0178,-0.0063,-0.0329,0.0258,1.007,-0.0552,0.0015,-0.4853,-0.0713,0.0133,1.4042,-0.0035,0.0214,0.0051,0.0162,0.0121,-0.0302,0.0084,0.004,-0.0206,-0.0098,-0.0274,0.0008,0.028,-0.005,-0.0184,0.0143,-0.0021,0.0436,0.008,-0.0042,-0.0226,0.0005,-0.0407,0.1573,0.0008,0.0294,0.0584,0.0117,-0.0241,0.0008,-0.3411,0.0012,-0.0239,0.0005,-0.0031,-1.0916,0.036,0.0459,-0.0002,0.0156,-0.031,-0.0026,0.0508,-0.0267,0.0447,-0.041,-0.0333,0.0123,0.038,0.0463,-0.1882,-0.0342,0.0599,0.0482,0.0378,0.082,-0.1324,0.0358
565,5625,108,6,cycling,-0.0041,0.1574,-0.0007,-0.0264,-0.0303,-0.0617,-0.0119,0.8608,-0.0483,-0.0202,-0.3979,0.0001,-0.0015,1.4511,-0.0086,0.0049,0.0001,-0.0026,-0.0028,-0.0138,-0.0216,0.0043,-0.0091,0.0043,0.0226,-0.0121,0.026,-0.0028,-0.0328,0.0188,0.0065,0.0384,0.0102,-0.0065,-0.0211,-0.0069,0.0473,-1.0945,-0.0148,0.0328,0.0734,-0.0439,0.0042,0.0083,-1.3547,-0.0018,0.0119,-0.0049,-0.033,-1.6017,0.0028,0.0427,0.0057,0.0285,0.0413,-0.0015,-0.0347,-0.0272,0.0445,-0.0604,0.0215,-0.0139,0.0122,0.0553,-0.2232,-0.0095,0.0568,-0.0233,0.0358,0.0599,-0.1583,0.0584
566,5626,108,6,cycling,-0.0008,0.3029,-0.0024,0.0045,-0.0037,-0.0186,0.0253,0.8829,-0.045,-0.0081,-0.4205,-0.0585,0.0052,1.4131,-0.0133,-0.0018,-0.0169,0.0277,0.0116,-0.0203,-0.0038,-0.0063,0.0076,-0.015,0.014,-0.0031,0.0299,-0.0031,-0.0095,0.0219,0.005,0.0408,0.0076,0.0024,-0.0165,0.0043,-0.01,-1.102,-0.012,0.035,0.055,0.0377,0.0075,-0.0008,-0.7183,-0.0004,-0.0006,0.0094,-0.023,-1.3179,0.0009,0.0425,-0.0195,-0.0059,-0.0171,-0.0226,0.0327,-0.0396,0.0448,0.0487,0.0436,0.0089,-0.0125,0.034,-0.1984,0.0095,-0.0364,-0.0305,0.0416,0.0315,-0.1595,0.0465
567,5627,108,6,cycling,0.0133,0.1549,-0.0044,-0.0172,-0.0067,-0.0218,0.0119,0.9188,-0.047,-0.0097,-0.4357,-0.075,-0.0144,1.372,0.0086,0.0269,0.0165,-0.0192,-0.0055,0.027,-0.0105,-0.0071,0.0023,-0.0024,0.0224,-0.005,0.0311,-0.0014,-0.0234,0.0276,-0.0004,0.0249,0.0035,0.0068,-0.015,0.0121,0.0207,-1.0587,-0.0185,0.0384,0.0497,0.0483,-0.0018,-0.01,-0.7351,-0.007,-0.0106,-0.0026,0.0251,-1.2737,0.0041,-0.0405,-0.0289,0.0325,0.0101,-0.0047,0.0076,0.0091,0.0467,-0.0504,-0.0352,-0.0294,0.0515,0.0364,-0.2223,0.064,-0.041,-0.0455,0.0302,0.0535,-0.1343,0.0046
568,5628,108,6,cycling,-0.0167,0.3094,0.0139,-0.0072,-0.0005,-0.0301,0.0269,0.8541,-0.0485,-0.0025,-0.415,-0.0715,-0.0018,1.3654,-0.0099,0.0058,-0.0221,0.0087,0.0118,-0.0036,-0.0142,-0.0002,-0.0184,-0.0214,0.0123,-0.0009,0.0286,-0.0046,-0.0195,0.0231,-0.0154,0.0416,0.0104,-0.0065,-0.0243,0.0086,0.027,-1.1018,0.0326,-0.0353,0.0735,0.0423,0.0023,-0.017,-0.3346,-0.0072,0.0022,-0.0001,-0.0404,-1.0587,-0.0336,0.0549,0.0031,-0.0037,-0.0382,0.003,-0.008,-0.0007,-0.034,0.0295,0.0443,0.02,-0.0364,-0.0433,-0.2022,0.006,-0.0671,0.0653,-0.0397,-0.0512,-0.0868,-0.0068
569,5629,108,6,cycling,0.0057,0.1943,-0.0105,0.0274,0.0074,-0.0068,0.0303,1.0048,-0.0409,0.0146,-0.4654,-0.0655,0.0183,1.4356,0.0222,0.0217,0.0006,-0.0096,0.0084,0.0116,-0.0039,0.0021,0.0046,-0.0125,0.0154,-0.0136,0.0237,-0.0263,-0.0379,0.0179,-0.0033,0.0258,0.0111,0.0034,-0.0119,-0.0035,0.0191,0.0012,-0.0383,0.0395,0.0545,-0.0167,-0.0286,0.0037,-0.3359,0.0135,-0.0162,0.0096,0.0418,-1.0603,-0.0026,0.0206,0.0245,0.0364,0.043,0.0047,0.0139,0.0137,-0.0477,0.0523,-0.0427,-0.0356,0.0553,0.0575,-0.1894,-0.0451,-0.048,-0.0502,-0.006,-0.0582,-0.0953,-0.0532
570,5630,108,6,cycling,0.0098,-0.0343,-0.0039,-0.0075,-0.0212,-0.0142,-0.0109,1.0954,-0.0422,0.0155,-0.5254,-0.0603,-0.0087,1.3673,0.0183,0.0259,-0.0069,-0.0201,0.0264,-0.0279,0.0117,0.0016,-0.0122,-0.0029,0.0166,-0.0054,0.0321,0.0104,-0.0246,0.0377,-0.0068,0.0355,0.0117,0.0034,-0.0174,0.0043,-0.0004,-1.42,-0.0083,0.0133,0.054,-0.0237,-0.0047,0.0063,-1.4686,0.0015,0.0195,-0.0054,0.0435,-1.6108,0.0314,0.0399,-0.0229,0.044,0.0286,0.0339,0.002,-0.0088,-0.0589,0.0505,0.0293,0.0196,0.0144,-0.0384,-0.2129,0.03,-0.0477,0.0412,0.057,-0.0559,-0.1302,-0.068
571,5631,108,6,cycling,-0.0017,0.3348,-0.0024,-0.0149,-0.0095,-0.0367,0.0031,0.718,-0.0374,-0.0041,-0.354,-0.0566,0.0069,1.3653,-0.0003,0.0113,0.0008,-0.0198,0.0228,-0.0073,0.0106,-0.0059,-0.018,-0.0133,0.0201,-0.0098,0.0262,-0.0088,-0.0254,0.0296,-0.0073,0.0453,0.0128,0.0099,-0.0159,0.0027,-0.0035,-0.3643,-0.0216,0.0309,0.0752,-0.016,-0.0236,-0.0105,-0.3413,0.0054,-0.0126,-0.0273,0.0037,-1.0334,0.0017,0.0408,-0.034,0.0243,0.0288,-0.0327,0.0173,-0.0517,-0.0387,0.0523,-0.0424,-0.013,0.0447,-0.0034,-0.2256,-0.057,-0.0414,0.0022,0.0493,0.064,-0.0976,-0.0485
572,5632,108,6,cycling,-0.0008,0.3804,0.0111,-0.0017,0.0038,0.0024,0.0301,1.0586,-0.0439,-0.0127,-0.4981,-0.0664,0.0184,1.3876,0.0054,-0.0067,-0.0152,-0.0205,0.0212,-0.0263,-0.0079,-0.0043,-0.0139,-0.0113,0.028,-0.0162,0.0229,-0.0178,-0.0403,0.0254,-0.0083,0.0386,0.0052,0.0103,-0.0092,0.0043,-0.003,-0.3649,0.0084,0.0295,0.0542,-0.0039,-0.0139,0.0055,-0.5189,-0.0086,-0.0003,-0.0136,-0.0236,-1.0971,0.0243,0.0497,0.0088,0.0369,-0.0442,0.007,0.0273,0.0089,0.0501,0.0143,0.0489,0.0095,-0.0353,-0.0195,-0.1838,-0.0424,-0.0325,-0.0066,-0.0083,0.0624,-0.0671,-0.0465
573,5633,108,6,cycling,-0.0178,0.2444,-0.0209,0.0105,0.0188,-0.0159,0.0234,1.0409,-0.0533,0.0191,-0.4774,-0.0701,-0.0075,1.4174,-0.0033,-0.0053,-0.0145,0.006,-0.0021,0.0092,-0.0049,0.0002,-0.0021,-0.0128,0.0289,-0.0083,0.0363,0.0228,-0.0168,0.0417,-0.003,0.027,-0.0076,-0.0019,-0.0161,-0.0032,-0.0214,-1.0948,-0.0325,-0.0113,0.058,-0.0384,0.0308,-0.0139,-1.4684,-0.0067,-0.0052,-0.0048,-0.0314,-1.6239,0.004,0.0508,-0.0335,0.0264,-0.0253,-0.0424,0.0487,0.0062,0.0242,-0.0572,0.0435,-0.0156,-0.0196,0.0452,-0.2016,0.0569,0.0512,-0.0376,0.0018,0.0642,-0.1429,0.054
574,5634,108,6,cycling,-0.0123,0.2009,-0.0035,0.0154,0.0077,-0.0066,0.0188,0.9423,-0.0454,-0.0015,-0.4348,-0.0654,0.0166,1.4083,-0.0084,0.0051,-0.0171,0.0111,0.004,-0.0226,-0.0045,-0.0002,-0.0047,-0.0106,0.0134,-0.0042,0.0324,-0.0017,-0.0215,0.0259,0.0026,0.0408,0.0085,0.005,-0.0196,0.0044,-0.0236,-1.0929,0.0096,-0.0293,0.071,0.027,-0.0149,0.0035,-1.3557,0.0033,-0.0102,0.0007,0.0071,-1.6073,-0.0364,0.0288,-0.0047,-0.0077,-0.038,0.0264,0.0006,0.0373,-0.0419,0.0319,-0.0209,-0.0029,0.0434,0.0429,-0.1984,-0.0484,0.0247,0.0333,-0.009,0.0648,-0.0983,0.0548
575,5635,108,6,cycling,0.0009,0.2022,-0.0202,-0.0114,-0.0098,-0.0305,0.0339,1.0792,-0.0498,0.008,-0.5041,-0.0664,0.0145,1.404,-0.0011,-0.0021,-0.0161,-0.0175,0.004,0.0126,-0.0101,-0.002,0.0076,-0.0054,-0.0221,0.0193,0.0328,-0.0081,-0.0033,0.0158,-0.0131,-0.0266,0.0014,-0.0021,-0.0057,-0.0051,-0.0062,-1.1026,0.0294,-0.0286,-0.0706,-0.04,0.0248,0.0032,-1.3786,0.0033,0.0236,0.0102,0.0213,-1.6122,-0.0365,0.0343,0.0386,0.0446,0.0417,0.009,-0.0372,0.0105,0.0186,-0.027,0.0392,-0.0061,-0.0434,-0.0564,-0.2056,0.0455,0.0484,0.0523,-0.009,0.0515,-0.085,-0.0552
576,5636,108,6,cycling,0.0111,-0.1038,0.0133,0.0187,0.0096,-0.0129,0.0403,1.3796,-0.0676,-0.0175,-0.6534,-0.0887,-0.0058,1.2125,-0.0154,-0.0036,0.0104,-0.0049,0.0027,0.0062,0.0059,-0.0196,0.021,0.0093,-0.0013,-0.0083,0.0169,-0.0236,-0.0306,0.0005,-0.0007,0.0221,-0.0065,0.0074,0.0009,0.0037,0.0264,-1.2037,0.014,0.0241,0.0383,0.0276,-0.0254,-0.0037,-1.3789,0.0202,-0.0365,-0.013,-0.0446,-1.6087,0.0296,0.049,0.0066,-0.0507,-0.0486,-0.0459,0.0582,0.0317,0.0555,-0.0643,0.0415,0.0345,0.013,0.0282,-0.186,-0.0519,-0.0331,0.0522,0.0624,-0.0475,-0.0973,-0.0695
577,5637,108,6,cycling,0.0008,0.1833,-0.0034,-0.0025,0.0064,-0.013,0.0049,1.0896,-0.0475,-0.0188,-0.5175,-0.066,-0.0239,1.3726,0.0075,-0.0212,-0.0152,0.0241,0.027,0.02,0.0142,-0.0094,-0.0073,-0.0088,0.011,-0.0176,0.0257,-0.009,-0.0296,0.0307,-0.0013,0.0346,0.0096,0.0054,-0.0122,0.0012,-0.0022,-1.0921,0.0039,0.0319,0.0642,0.0269,-0.0162,-0.0119,-1.3545,-0.0047,-0.0085,-0.0026,0.0106,-1.5902,-0.0221,-0.0396,0.0072,-0.019,-0.032,0.0022,0.0124,0.0092,-0.0371,-0.0462,-0.0521,-0.0039,0.0408,-0.0412,-0.1946,0.0107,-0.049,0.0446,0.0483,-0.0385,0.028,0.0536
578,5638,108,6,cycling,-0.0133,0.2007,-0.007,-0.02,-0.0234,-0.037,-0.0024,0.5826,-0.0296,-0.0031,-0.2824,-0.0541,0.0176,1.3706,0.0099,-0.0063,-0.0279,-0.0052,0.0219,0.0188,0.0048,-0.0105,-0.0076,-0.0078,0.0193,-0.0019,0.0249,0.0082,-0.028,0.03,-0.0164,0.0408,0.0026,-0.0119,-0.0115,-0.0089,0.0394,-1.0926,-0.014,0.0368,0.0769,0.0652,0.0125,-0.0069,-0.7354,0.0001,0.0066,0.0007,0.0229,-1.2631,0.0261,-0.0322,-0.0319,0.0159,-0.0028,-0.0259,0.0095,-0.045,0.0513,0.0449,-0.0474,-0.0083,0.0581,0.0343,-0.2076,-0.0641,0.0053,-0.0437,0.0558,0.0853,-0.1739,0.0609
579,5639,108,6,cycling,-0.0194,-0.1343,0.0053,0.0037,0.0389,-0.0195,0.0495,0.1638,-0.0177,-0.0417,-0.0739,-0.0408,0.0156,-0.0467,-0.0137,0.0137,-0.0376,0.0033,0.0588,0.0025,0.0171,0.0115,0.0142,-0.0237,0.0058,-0.0039,0.0298,-0.0091,-0.0269,0.0212,-0.0069,0.0282,-0.0083,0.0083,-0.0045,0.0004,0.0118,-0.4187,0.0028,0.024,0.0602,-0.0016,-0.0144,0.01,-0.3296,0.0116,-0.0019,-0.0011,-0.0166,-1.0398,0.0185,-0.0449,-0.0025,-0.0069,0.0358,-0.0037,-0.0082,-0.0363,0.0436,-0.0511,-0.0316,0.0082,0.0278,0.0508,-0.195,-0.0328,0.0483,0.0346,0.0225,0.0526,-0.1319,-0.0334
580,5640,108,6,cycling,-0.0171,0.2088,0.0005,-0.0067,0.0145,-0.0259,0.0058,0.9626,-0.0612,0.009,-0.4516,-0.0754,0.0047,1.4069,-0.0074,-0.0015,-0.0029,0.0134,-0.0196,0.0082,-0.0034,-0.0189,0.015,0.0103,0.0262,-0.0225,0.03,0.0203,-0.0356,0.0419,0.0044,0.0283,0.0088,0.0018,-0.013,-0.0022,0.0243,-0.3877,-0.0372,0.0238,0.0599,0.0386,0.0219,-0.0166,-0.3259,-0.0109,-0.0128,0.0029,-0.0445,-1.0295,-0.0092,0.0567,-0.0271,0.0347,0.0437,0.0043,-0.0362,-0.0096,0.0453,0.0513,0.0503,-0.0106,-0.0338,-0.042,-0.2043,0.0586,0.0602,-0.0674,-0.0538,0.0828,-0.1623,0.0406
581,5641,108,6,cycling,-0.0134,0.2038,-0.0182,-0.0077,-0.0063,-0.0215,-0.0179,0.5908,-0.0301,-0.0108,-0.2836,-0.0495,0.0159,1.366,-0.005,0.0226,-0.011,0.0089,0.0004,-0.0041,0.008,0.0062,0.0121,-0.006,-0.0026,0.0202,0.037,0.0325,0.0168,-0.0082,-0.0043,0.0294,0.0195,0.0032,-0.0082,0.0014,0.0269,-0.771,-0.0234,-0.0244,0.0385,-0.0314,-0.0084,0.0131,-0.4428,0.0098,-0.0145,0.0034,-0.0452,-1.0766,0.0045,-0.047,-0.0251,-0.0395,0.0443,0.009,-0.0423,-0.0369,0.0283,-0.0641,-0.0574,-0.0335,0.0461,0.027,-0.2294,0.0622,0.0683,-0.0342,-0.0095,0.0613,-0.1608,0.0418
582,5642,108,6,cycling,-0.0174,0.2027,-0.0115,-0.0346,-0.0098,-0.0569,-0.0052,0.5947,-0.0274,-0.0192,-0.2813,-0.0543,0.0084,1.3676,-0.0132,-0.0008,-0.0043,0.0181,0.0264,-0.0256,-0.0247,-0.0035,0.0164,-0.0309,0.0144,-0.0239,0.0418,0.0066,-0.0109,0.0312,-0.0013,0.0332,0.0122,0.0031,-0.0027,0.0052,-0.0072,-0.7385,-0.0216,-0.0043,0.0622,0.0386,-0.0011,0.0029,-0.4185,0.0055,0.0007,-0.0031,0.0066,-1.0875,-0.0067,0.037,0.0298,0.0329,-0.0076,0.0283,-0.035,0.0468,0.0153,-0.0574,-0.0426,-0.0124,0.0364,0.0223,-0.2372,0.0554,-0.0403,0.0201,-0.0069,0.0618,-0.0929,0.0648
583,5643,108,6,cycling,-0.0184,0.3839,0.0005,-0.0047,0.0038,-0.0265,0.0069,1.0174,-0.0524,0.0081,-0.4808,-0.0646,0.013,1.4305,-0.0125,0.0029,-0.0272,0.0225,-0.0105,-0.0239,-0.0155,-0.014,-0.0164,0.0098,0.0286,0.0066,0.0219,0.0255,-0.0073,0.0244,0.0005,0.0386,0.0206,0.0042,-0.0053,0.0014,0.0375,-1.1397,-0.0394,-0.0405,0.0563,0.0319,0.0117,-0.0002,-0.7961,-0.0098,0.0152,-0.0334,-0.036,-1.3305,-0.0058,-0.0416,-0.0516,0.0356,-0.0453,-0.0029,0.0484,-0.0039,-0.0421,-0.0302,-0.0466,-0.0344,-0.0168,0.053,-0.1965,0.0506,-0.0579,-0.0475,-0.069,-0.0547,-0.1623,0.0654
584,5644,108,6,cycling,-0.0071,0.3095,0.0123,0.0035,0.0068,-0.0307,0.0208,0.7948,-0.0509,0.0144,-0.3844,-0.073,-0.0005,1.4633,0.0228,-0.017,-0.0189,-0.0256,-0.0082,-0.0053,-0.0245,0.0159,-0.0109,0.013,-0.002,0.0161,0.0367,-0.0115,-0.0042,0.0284,0.001,-0.0273,-0.0092,0.0094,0.0086,0.0096,0.0379,-0.376,0.0219,-0.0459,-0.0656,-0.0649,0.0019,0.0081,-0.3285,-0.0129,0.0006,-0.031,0.0001,-1.0409,0.0395,0.0192,0.0007,0.0335,0.0353,0.0012,-0.0099,-0.0428,-0.0499,0.0529,-0.046,0.0103,0.0475,0.0554,-0.203,-0.0577,0.0329,0.0446,-0.0412,-0.0676,-0.1253,-0.026
585,5645,108,6,cycling,-0.0008,0.3807,0.0164,-0.0082,0.0099,-0.029,0.0205,0.9183,-0.0524,0.0034,-0.429,-0.072,0.0105,1.4085,-0.0066,0.0045,0.0015,0.0079,-0.0276,-0.0303,0.0023,0.0115,0.0125,-0.0014,0.0219,0.0141,0.0184,-0.0052,0.0035,0.0233,-0.0043,0.0343,-0.0066,-0.0035,-0.0172,-0.0069,-0.0394,-1.0417,0.0088,-0.0192,0.0515,0.0424,0.0224,-0.0048,-0.7303,0.0082,0.0062,0.0262,0.0131,-1.2717,0.0151,-0.0388,0.0289,0.0248,-0.0257,-0.0143,0.0473,0.0117,0.0335,0.0315,0.0433,-0.0103,-0.035,-0.0548,-0.1867,0.0373,-0.0681,0.0364,-0.0454,-0.0677,-0.0845,0.0643
586,5646,108,6,cycling,-0.0167,0.1845,-0.0183,0.0098,-0.0082,-0.0199,0.0211,0.9777,-0.0534,0.0025,-0.4636,-0.0776,0.0037,1.4053,-0.0133,0.0204,0.0126,-0.0119,-0.0059,-0.0041,-0.028,-0.0152,0.0022,0.006,0.0299,-0.0252,0.041,0.0014,-0.0324,0.0347,-0.0074,0.0279,-0.0005,0.0093,-0.0143,0.008,0.0338,-1.0747,-0.0404,0.0441,0.056,0.0514,-0.0316,0.0265,-0.808,0.0233,0.0084,0.0102,0.0528,-1.3157,-0.0221,0.0543,0.0073,0.03,0.0464,0.0425,-0.0359,-0.0649,0.0373,0.0172,-0.057,-0.0505,0.0489,-0.0636,0.0497,0.0477,-0.0388,-0.0759,0.0608,0.0364,-0.0705,-0.0829
587,5647,108,6,cycling,-0.0098,0.1833,-0.0004,-0.0196,-0.0069,-0.045,0.0306,1.0164,-0.0584,-0.0186,-0.475,-0.0757,0.0325,1.373,-0.0122,0.0206,0.0024,-0.0105,0.0159,0.0071,0.001,0.0082,-0.0032,-0.0086,0.0135,0.0041,0.0314,-0.017,-0.0264,0.0258,0.0033,0.0246,-0.008,-0.0055,-0.0112,0.0033,-0.022,-1.1342,0.014,0.0239,0.0503,0.027,0.0042,0.0214,-1.4397,-0.0138,0.0288,0.0098,-0.0366,-1.6329,-0.0292,0.0538,-0.033,0.0402,0.0423,0.0381,-0.0573,0.0358,-0.0513,0.0392,0.0418,0.0064,-0.0114,-0.0448,-0.1606,-0.0466,-0.0707,-0.0436,0.055,-0.0598,-0.1312,-0.0622
588,5648,108,6,cycling,-0.0117,0.2694,-0.0082,0.0168,0.0066,-0.0099,-0.0215,0.5845,-0.032,-0.0203,-0.2777,-0.0559,0.0273,1.4151,0.0034,0.0006,-0.0106,-0.0133,0.0075,-0.001,-0.005,-0.0149,-0.0029,-0.0126,0.026,0.006,0.0225,0.0044,-0.0157,0.0243,-0.0021,0.0363,0.0058,-0.0003,-0.017,-0.0019,0.0428,-1.2042,-0.0189,0.0338,0.0715,0.0483,0.019,0.0023,-0.395,0.009,0.0235,0.0035,0.0092,-1.0443,0.0378,0.0299,0.0022,0.038,0.045,0.0056,-0.0438,-0.0472,0.0516,-0.0306,-0.0318,-0.0059,0.0418,0.0356,-0.2059,0.0251,0.0586,-0.0499,0.0342,0.0622,-0.1372,-0.0396
589,5649,108,6,cycling,-0.0043,0.3726,-0.0018,-0.0146,0.0165,-0.0337,0.0251,0.8822,-0.0501,0.0032,-0.4116,-0.0653,0.0088,1.4131,0.002,-0.0056,-0.0064,-0.0222,0.0279,-0.0188,-0.021,-0.0122,-0.0071,-0.029,0.0324,-0.0088,0.0374,-0.0092,-0.0282,0.0247,0.0006,0.031,0.0076,0.0115,-0.0113,-0.0017,-0.0239,-0.34,-0.0303,0.0159,0.0729,-0.0176,-0.0025,-0.0039,-0.3645,0.0052,-0.0073,0.0073,-0.0397,-1.0402,0.0266,0.0417,0.0382,-0.0425,-0.0205,-0.0047,0.0038,-0.0111,-0.0464,0.0524,-0.0533,-0.0107,0.0596,-0.0349,-0.2258,0.0023,0.0577,0.0037,0.0493,0.069,0.045,-0.0193
590,5650,108,6,cycling,-0.0217,0.2945,-0.0384,-0.0162,0.0109,0.0018,0.0262,0.8732,-0.0514,-0.009,-0.4158,-0.0781,-0.0204,1.4162,-0.008,-0.0052,-0.0305,0.0159,0.002,0.0271,-0.0002,-0.017,-0.0004,-0.0035,0.0142,-0.0065,0.0222,-0.0195,-0.0344,0.018,0.0074,0.0377,0.0133,0.004,-0.0122,-0.0004,-0.0394,-1.075,-0.0363,0.0494,0.0542,0.0409,0.0254,-0.0285,-1.4997,-0.0325,0.0053,0.0042,0.0114,-1.6459,0.0012,0.0455,0.0355,0.029,-0.0474,-0.0462,0.05,-0.0334,-0.0539,0.067,0.0319,0.0099,0.0194,0.0489,-0.1842,-0.0593,0.056,0.0076,0.052,0.062,-0.093,0.0449
591,5651,108,6,cycling,-0.0148,0.2495,0.0113,-0.0024,0.0219,0.0037,0.0181,1.0008,-0.0519,-0.0043,-0.4715,-0.0774,-0.0236,1.415,-0.0325,0.0104,-0.0011,0.0082,0.0156,-0.0246,-0.0061,0.0091,-0.0078,0.0055,0.0269,0.0049,0.0176,0.0164,-0.0073,0.0284,-0.0006,0.0392,0.0136,0.0054,-0.0088,0.0035,0.0335,-1.3422,0.0403,0.0205,-0.025,0.0574,-0.0073,-0.0105,-0.8087,0.004,-0.0122,0.0106,-0.0359,-1.3441,0.0229,-0.0312,0.0091,-0.0299,-0.0445,-0.0302,0.0373,-0.0277,0.0564,-0.0422,0.0555,0.0184,-0.0103,0.0347,-0.1608,-0.0383,0.0542,0.0612,0.0505,-0.0437,-0.102,-0.0483
592,5652,108,6,cycling,-0.0095,0.2744,0.0134,-0.0069,-0.0197,-0.0118,0.0086,1.0694,-0.039,0.0156,-0.5186,-0.0563,-0.0033,1.4148,0.014,0.02,-0.0044,0.0059,-0.0015,-0.0181,0.0173,0.0004,-0.0029,0.0126,0.0229,0.0161,0.0316,0.0248,0.0238,0.0292,-0.0022,0.0258,0.0074,0.0035,-0.0116,0.0052,0.0349,-1.3878,0.0326,-0.0212,0.0516,0.0505,-0.0098,-0.0029,-0.7886,-0.0056,-0.0012,0.0034,0.0271,-1.3285,-0.0282,-0.0364,-0.0099,0.0331,-0.0102,-0.0115,0.0304,-0.0159,-0.0376,-0.0422,-0.0443,0.0166,0.0266,-0.0549,-0.2178,-0.0354,0.0454,0.0473,-0.0086,0.0632,0.0575,-0.0659
593,5653,108,6,cycling,-0.0006,0.2034,-0.0185,0.0134,0.0022,0.0107,-0.025,0.7792,-0.0489,0.0084,-0.381,-0.057,-0.0164,1.4124,0.0155,0.0235,-0.0092,0.0035,-0.0222,-0.005,-0.0213,0.0128,0.0171,0.0066,0.027,-0.0148,0.0291,0.0193,-0.0316,0.0357,-0.0018,0.0285,0.0071,0.0046,-0.0126,0.0022,0.0373,-0.4184,0.0095,0.0205,0.0518,0.033,-0.0052,0.0017,-0.3493,-0.0055,0.0116,0.0002,0.0384,-1.044,0.0084,-0.047,0.0001,-0.036,-0.0347,-0.0008,0.0244,-0.0034,-0.0451,-0.0686,-0.0606,0.0063,0.0423,-0.0437,-0.2018,-0.0265,0.0417,0.02,0.0404,0.0545,-0.1322,0.0565
594,5654,108,6,cycling,-0.0175,0.1548,0.0213,-0.0345,0.0004,-0.0609,0.0209,1.0048,-0.0537,0.0038,-0.4604,-0.0665,-0.0073,1.406,0.0165,0.0144,0.006,0.0013,0.0238,0.0264,0.0055,0.0022,0.0124,0.0183,0.013,-0.0119,0.0312,-0.0156,-0.0244,0.0282,-0.0039,0.0369,0.0086,-0.0023,-0.0144,-0.0004,0.0098,-1.4421,0.0273,-0.01,0.0683,0.0383,0.0051,-0.0298,-1.5048,-0.0259,-0.0322,0.0091,0.04,-1.6515,0.0306,0.0544,-0.0006,0.0466,0.0005,-0.0443,0.0479,-0.049,0.0559,-0.0371,0.0586,0.0225,-0.041,-0.0518,-0.1964,-0.0197,0.0576,-0.0019,0.0089,0.0768,-0.0886,0.0456
595,5655,108,6,cycling,-0.0585,1.1846,-0.0479,0.0122,-0.0695,-0.0515,0.0451,0.2161,-0.0484,-0.0164,-0.5282,-0.0725,-0.0006,1.3695,-0.0218,-0.0279,0.0194,0.0145,-0.008,-0.0264,0.0226,-0.0174,-0.0137,0.0158,0.0018,0.0102,0.0391,0.0055,-0.0063,0.0294,-0.003,0.0246,-0.0027,0.0053,-0.0179,-0.0093,0.0401,-1.354,-0.0323,-0.0284,0.0521,0.0385,-0.0305,-0.0005,-1.3983,0.0017,-0.0234,-0.0065,0.0333,-1.6103,-0.0015,-0.0346,0.0021,0.0416,-0.0042,0.0018,0.0318,0.0022,0.049,0.0436,-0.0607,-0.0103,0.0449,0.0119,-0.2024,0.0507,-0.0423,0.0364,-0.0466,-0.0536,-0.0932,-0.063
596,5656,108,6,cycling,-0.0183,0.2408,-0.0109,-0.0117,-0.0075,-0.0268,-0.0219,0.5903,-0.0255,-0.0054,-0.2862,-0.0457,-0.0129,1.371,0.0163,0.0087,-0.0309,0.0288,0.003,0.0093,0.014,-0.0036,-0.0007,0.0065,0.0014,-0.0153,0.0233,-0.0193,-0.0179,0.0027,-0.0133,0.0337,0.0102,-0.0042,-0.0201,-0.0111,0.0351,-0.7707,0.0311,-0.0088,0.0649,-0.0342,-0.0009,-0.0051,-0.5183,-0.0067,0.0016,0.0061,-0.0422,-1.0998,0.0374,0.0524,0.0326,-0.0079,0.0407,0.003,-0.0362,-0.0296,0.0388,0.0576,-0.0493,0.0148,0.047,0.0414,-0.2176,-0.0222,-0.0485,0.044,-0.0274,-0.0393,-0.1317,0.0509
597,5657,108,6,cycling,-0.0035,0.3409,-0.0074,-0.0098,0.0136,-0.0248,0.0229,0.8341,-0.0451,0.0084,-0.392,-0.0655,0.0323,1.4366,0.0047,0.0127,0.0153,0.0057,-0.0164,-0.0192,-0.0105,0.0071,-0.0084,-0.0146,0.0278,-0.0026,0.0304,0.0111,-0.017,0.0202,-0.0005,0.0399,-0.0064,0.0031,-0.0217,-0.0016,0.0233,0.1642,-0.0358,0.0421,0.063,0.0558,-0.0031,-0.0117,-0.3414,-0.0023,-0.0182,-0.0042,-0.026,-1.0777,-0.0088,0.0339,0.0002,0.0375,-0.0512,0.0027,-0.0046,0.0365,0.0285,-0.0292,0.0407,-0.0344,-0.0236,0.0549,-0.2264,0.0525,-0.0586,-0.0509,0.0252,0.0494,-0.156,0.0578
598,5658,108,6,cycling,-0.0027,0.2407,-0.0134,0.0081,-0.0009,-0.0118,-0.0065,0.2405,-0.0398,-0.0235,-0.1165,-0.0458,0.0345,1.4053,-0.0039,0.0356,-0.0255,-0.0125,-0.0116,0.0567,-0.0154,-0.0111,0.0125,0.0205,0.0513,-0.0225,0.0287,-0.0094,-0.0239,0.0474,0.0049,0.0459,0.0126,0.0051,-0.0212,0.0092,0.0401,-0.7638,-0.0171,0.0657,0.0671,0.0614,-0.0132,0.021,-0.3252,0.0147,0.0034,0.0037,0.0286,-1.5107,-0.0112,0.0279,-0.0357,0.0384,0.0486,-0.0018,-0.0077,-0.0629,-0.0636,0.078,-0.0264,-0.0361,0.0553,0.0459,-0.0,0.0034,0.037,0.0055,0.05,0.0732,-0.1637,0.054
599,5659,108,6,cycling,-0.0064,0.2035,-0.0107,-0.0148,0.0134,-0.0304,0.0338,1.008,-0.0553,0.0073,-0.4658,-0.0778,-0.0034,1.405,-0.0114,0.0005,-0.0129,0.0227,-0.0189,0.0019,-0.0191,0.0049,0.0053,0.0099,-0.0203,0.006,-0.0028,0.0215,-0.0151,-0.0244,-0.0232,0.0318,0.0174,0.0042,-0.016,0.0018,0.0378,-1.3422,-0.0276,-0.043,0.0494,0.0565,-0.0089,0.0004,-1.4797,-0.0025,-0.0019,0.0055,0.036,-1.6284,-0.0035,0.0284,-0.009,0.0326,-0.0023,-0.0025,0.034,-0.0262,-0.0536,-0.0397,-0.045,-0.0411,0.0386,0.0525,-0.1834,0.0407,0.0293,-0.0576,0.0082,0.0624,-0.0689,-0.0078
600,5660,108,6,cycling,-0.0147,0.2003,-0.0034,0.0108,0.0042,-0.0099,0.0051,0.7496,-0.0357,-0.0099,-0.362,-0.0615,0.012,1.4064,-0.0183,-0.0004,0.0195,0.0132,0.02,-0.0226,-0.0023,0.0043,0.0083,-0.0065,0.0304,-0.0092,0.0362,0.0169,-0.0243,0.0315,-0.0012,0.0444,0.0153,0.0112,-0.0077,-0.0066,0.0273,-1.0688,0.0049,0.0324,0.0737,0.0643,-0.003,-0.0052,-0.7734,0.0047,0.0015,0.0036,0.0298,-1.3164,0.0334,0.0401,-0.0035,-0.0069,-0.0093,0.003,0.0028,-0.0172,-0.0397,-0.0234,-0.0344,0.0074,0.0287,0.0484,-0.2048,-0.0432,0.0389,0.0265,0.0253,0.0674,-0.1592,0.054
601,5661,108,6,cycling,-0.0115,0.2529,-0.0067,-0.0185,0.0085,-0.0403,0.0208,0.7164,-0.0309,-0.0133,-0.3525,-0.0549,-0.0158,1.3657,-0.0031,0.0073,0.0168,-0.0051,0.026,-0.0141,0.0005,-0.0194,0.0094,-0.0226,-0.0025,0.0213,0.0177,-0.0128,-0.0011,-0.0281,-0.0078,0.0317,0.0128,0.0106,-0.0078,-0.0049,-0.0323,-0.8063,0.0258,-0.0381,0.0723,-0.0493,-0.0068,0.0291,-0.5265,0.0054,-0.0006,-0.0029,-0.0379,-1.1463,-0.0272,-0.0444,-0.0062,0.0358,-0.0362,0.0007,0.0244,0.0036,0.055,-0.0459,0.0487,0.0398,-0.0198,-0.0348,-0.2255,-0.0575,0.0461,0.0239,-0.0472,0.0756,-0.1376,-0.053
602,5662,108,6,cycling,-0.0009,0.1843,-0.0054,-0.0063,-0.0025,-0.0349,0.0307,0.968,-0.0474,-0.0074,-0.4554,-0.0676,0.0178,1.4153,0.0019,0.0095,0.0088,-0.0211,0.0208,-0.0266,-0.0131,-0.0027,-0.011,0.006,0.0188,0.0039,0.0235,0.0049,-0.015,0.0222,-0.0091,0.0451,0.0061,0.0053,-0.0113,0.0057,0.0318,0.1092,-0.0325,0.0198,-0.0129,-0.0254,-0.0281,0.024,-0.3185,0.01,0.0293,0.0056,0.0416,-1.0147,0.0025,-0.0167,0.0072,0.0373,0.0588,0.0335,-0.0553,-0.0508,-0.049,0.0274,-0.046,-0.0195,0.0406,0.0383,-0.2028,0.0641,0.0399,-0.0632,0.0162,-0.0591,-0.1633,-0.0422
603,5663,108,6,cycling,-0.0118,0.3024,-0.0072,0.0167,-0.02,0.0049,0.0376,0.8479,-0.0562,0.0122,-0.3964,-0.0673,0.006,1.4043,0.0025,-0.0033,0.0001,0.0094,0.0261,-0.0083,0.0055,0.0029,-0.0156,-0.0193,0.0135,-0.01,0.0274,0.0074,-0.0187,0.0296,-0.0007,0.0354,0.0102,0.0053,-0.0143,0.0016,0.0331,0.1314,0.0214,0.0301,0.0634,0.0454,0.0073,-0.0027,-0.3415,-0.0008,0.0043,-0.022,0.0243,-1.0328,-0.0285,-0.0402,-0.0257,-0.0089,-0.0314,-0.0232,0.0446,-0.021,-0.058,-0.0539,0.0391,0.0185,0.0033,0.0574,-0.2293,0.0087,-0.0172,-0.0017,0.0545,0.0425,-0.1323,0.0512
604,5664,108,6,cycling,-0.0115,0.1847,0.0101,-0.0189,-0.025,-0.0371,-0.0168,0.7498,0.0017,0.0027,-0.353,-0.0414,-0.0038,1.3727,-0.0218,-0.0302,0.0228,0.0003,0.0089,-0.0261,-0.0143,0.007,0.0051,-0.0139,0.0246,0.0045,0.0423,0.0055,-0.0072,0.0355,-0.0034,0.0335,0.0151,-0.0052,-0.0204,-0.0085,0.0388,-0.781,0.0125,-0.0368,0.0686,-0.0237,-0.0277,-0.0095,-0.5353,0.004,-0.0343,0.0069,0.0514,-1.1197,-0.04,-0.0481,-0.0173,-0.0444,-0.019,-0.0459,0.0463,0.0023,0.0678,0.0527,0.0538,0.0398,-0.028,-0.043,-0.197,-0.0505,0.0319,0.0292,-0.0149,0.0705,-0.125,0.0597
605,5665,108,6,cycling,-0.0093,0.1849,0.006,-0.0109,-0.0011,-0.0253,-0.0207,0.7428,-0.0398,-0.0036,-0.3621,-0.0635,0.0076,1.4151,-0.0171,-0.0051,-0.0006,0.0135,-0.0265,-0.0083,0.004,-0.0168,-0.0025,-0.0089,0.0125,-0.0219,0.0348,-0.0055,-0.0325,0.0309,-0.0058,0.0359,-0.0026,0.0096,-0.0083,-0.0023,-0.0239,-1.0948,-0.0155,0.0406,0.0775,0.0117,-0.0006,0.0069,-0.7183,0.0111,-0.0143,0.0056,-0.0365,-1.3176,-0.0193,-0.0495,-0.0414,-0.024,0.0519,-0.0272,-0.0444,-0.0506,-0.0481,0.0386,0.0284,-0.0114,0.0299,0.0535,-0.1962,-0.0186,0.0582,-0.0373,0.052,0.0648,-0.159,0.0433
606,5666,108,6,cycling,-0.0171,0.1834,-0.0167,-0.0219,0.0045,-0.0338,-0.0054,0.7963,-0.0386,-0.0079,-0.3892,-0.0679,0.0134,1.416,-0.0006,0.0021,0.011,0.0254,-0.0202,0.0091,-0.0199,-0.01,0.0081,0.0073,0.0183,0.0031,0.0276,-0.0007,-0.0154,0.0246,-0.0149,0.0327,0.0093,0.0034,-0.0181,-0.0048,0.0234,-0.7732,0.0227,-0.0286,0.0703,0.035,-0.0126,0.012,-0.3283,0.0028,0.008,0.0062,-0.0058,-1.0534,0.0106,-0.0262,0.0015,0.0342,-0.0019,0.0079,0.0128,-0.007,0.0494,-0.046,-0.0379,0.0135,0.0426,-0.0047,-0.2256,-0.0292,0.044,0.0451,0.0308,0.0752,-0.1421,0.0528
607,5667,108,6,cycling,-0.0131,0.1849,-0.017,-0.0217,-0.0082,-0.0451,0.0336,0.9717,-0.0558,0.0032,-0.4553,-0.0771,-0.0005,1.4104,-0.0128,0.0253,-0.0143,0.0046,0.0221,-0.0194,-0.0118,-0.0063,-0.0024,0.0086,0.0152,-0.0053,0.0305,-0.0084,-0.029,0.0249,-0.0052,0.0353,0.008,0.0026,-0.0079,0.003,0.0483,-1.1028,-0.0097,-0.0054,0.0678,0.0412,0.0261,-0.0086,-1.4796,-0.0015,-0.0107,-0.0139,-0.0314,-1.636,-0.0276,-0.0347,0.0167,0.0329,0.0368,-0.0235,-0.028,-0.0515,0.0201,0.0394,-0.0408,-0.0189,0.0508,0.0605,-0.2232,0.0646,-0.0682,-0.062,-0.0098,0.0526,-0.1307,0.065
608,5668,108,6,cycling,-0.0161,0.2444,0.0053,0.0046,0.0149,-0.0207,0.0099,0.9246,-0.0442,-0.0072,-0.4312,-0.0757,0.001,1.3657,0.003,0.0086,-0.0186,0.0173,0.0118,-0.0258,-0.0226,-0.0021,-0.015,0.0126,0.0211,-0.0249,0.0102,-0.0002,-0.0369,0.0303,-0.0012,0.0312,0.0068,-0.0014,-0.0131,-0.0044,0.0341,-1.2044,-0.04,0.0287,0.0574,0.0266,0.0198,0.0136,-0.7521,0.0144,0.0292,0.0038,-0.0387,-1.2583,0.042,0.0489,-0.0372,-0.0232,-0.0559,-0.039,0.0325,-0.0649,0.0516,-0.0633,-0.0464,-0.0334,0.053,-0.0277,-0.1803,0.0548,-0.0597,-0.0739,0.0057,0.0498,0.0502,-0.0656
609,5669,108,6,cycling,0.0348,-0.1257,-0.0155,0.0015,0.0389,0.0092,0.0217,1.354,-0.0653,0.0168,-0.6473,-0.0863,-0.0328,1.3667,0.0113,-0.0183,-0.0034,0.0062,-0.0129,0.0178,-0.0131,0.0271,-0.0041,-0.0055,-0.0025,-0.0259,-0.0079,-0.0223,-0.0488,-0.0142,-0.008,0.0247,0.0044,0.0003,-0.008,-0.0029,0.0103,-1.1346,-0.0204,0.0428,0.0643,-0.0194,-0.0265,0.0332,-1.3403,0.0375,-0.0287,-0.001,-0.0292,-1.5908,-0.001,-0.0515,-0.0096,-0.0559,0.0449,0.04,-0.0572,0.0307,0.0528,-0.0464,0.0549,0.003,0.0239,-0.0367,-0.2032,-0.067,-0.0534,-0.0397,0.0352,-0.0312,-0.1031,-0.069
610,5670,108,6,cycling,-0.0014,0.2497,-0.0079,0.0212,0.0002,-0.0108,0.0158,0.7716,-0.0406,-0.0037,-0.3685,-0.0633,0.0068,1.4601,-0.0145,-0.0097,-0.0161,-0.0055,0.0047,0.0205,-0.0199,0.0024,0.0136,-0.011,0.0223,0.0008,0.033,-0.002,-0.0088,0.0245,-0.0045,0.0313,0.0121,0.0007,-0.0136,-0.0019,-0.005,0.1631,-0.0302,0.0275,0.0644,0.0397,0.0089,0.0037,-0.3427,-0.0058,0.0121,-0.0007,0.0184,-1.06,-0.0252,0.0499,-0.0265,-0.0097,-0.0067,-0.0287,0.0329,-0.044,-0.0344,0.0564,0.0234,-0.0132,0.0197,-0.041,-0.198,-0.0473,-0.0592,-0.0513,0.0383,-0.0545,-0.169,-0.0658
611,5671,108,6,cycling,-0.0027,0.2989,0.0173,0.0134,0.0008,-0.0343,0.004,0.9272,-0.0588,-0.0089,-0.4463,-0.0776,-0.0204,1.4156,-0.0014,-0.0157,0.0109,0.012,-0.0198,0.0119,-0.0063,0.0146,0.0019,-0.0032,0.0184,0.0071,0.0256,0.0219,0.0098,0.0233,0.0036,0.0425,-0.0055,0.0114,-0.0065,0.0089,-0.033,0.1357,-0.0164,0.0389,0.0662,0.0579,0.0273,-0.0241,-0.3325,-0.0286,-0.0268,-0.0037,0.0322,-1.0443,0.0081,-0.0461,-0.0046,0.005,-0.0312,-0.0492,0.0228,-0.0418,0.0363,-0.0404,-0.0625,-0.012,0.0554,0.0595,-0.207,0.0641,-0.0506,-0.0568,0.0393,0.063,-0.1422,0.0544
612,5672,108,6,cycling,-0.0149,0.1545,-0.0098,-0.0027,-0.003,-0.0118,0.0109,0.9169,-0.048,0.0081,-0.4424,-0.0659,0.0009,1.3655,-0.0166,0.021,-0.0181,0.0236,0.0228,-0.0198,0.0063,-0.0014,0.0046,-0.0136,-0.0095,-0.0059,0.0255,-0.0038,-0.0289,0.0129,-0.0066,0.0391,0.0158,0.0034,-0.0082,0.0042,0.0329,-1.0938,0.0106,-0.0068,0.0718,-0.026,0.0208,-0.0071,-1.4693,0.0045,0.0039,-0.0138,0.0354,-1.6326,-0.0025,-0.0337,0.0314,-0.0029,-0.0343,0.0172,0.0461,0.0362,-0.0449,-0.0273,0.024,0.0067,-0.0078,-0.0472,-0.2217,-0.0553,0.04,0.0426,0.0377,0.0729,-0.1305,0.0562
613,5673,108,6,cycling,-0.0178,0.3409,0.0005,0.0167,-0.0058,0.0096,0.0326,0.8346,-0.0463,0.0018,-0.4007,-0.0667,0.0102,1.425,0.0125,-0.0212,-0.0209,-0.0222,0.014,0.0066,0.013,-0.0033,-0.0079,-0.0182,0.0111,-0.0044,0.0243,-0.0086,-0.0152,0.0267,-0.0083,0.0345,0.008,0.007,-0.0191,-0.0046,-0.037,-0.3541,-0.0396,0.0254,0.0654,0.0584,0.0027,-0.0067,-0.3267,-0.0038,-0.0006,-0.004,-0.031,-1.0443,-0.0041,-0.0362,-0.0024,-0.0003,0.0293,-0.0135,-0.0235,-0.0137,0.0402,-0.0435,-0.0485,-0.0305,0.0423,-0.0384,-0.1985,0.0333,0.0498,-0.0534,0.0457,0.0692,-0.138,0.0528
614,5674,108,6,cycling,-0.0177,0.2392,-0.0055,-0.0088,-0.0135,-0.0349,-0.0153,0.5578,-0.0352,-0.0218,-0.2749,-0.0595,-0.0098,1.4153,-0.0113,-0.0068,-0.0018,-0.0259,0.022,-0.0125,-0.0108,-0.007,-0.0094,-0.0034,-0.0166,-0.0081,0.0271,-0.0238,-0.0335,0.0315,-0.0048,0.0398,0.0008,-0.0027,-0.0181,-0.0042,-0.0414,-1.4427,-0.0193,0.0149,0.0752,0.045,-0.0089,-0.0026,-0.7319,-0.0111,-0.0098,-0.0283,-0.0366,-1.2619,0.0374,-0.0386,-0.006,-0.0402,0.0065,-0.0041,0.0018,-0.026,0.0476,-0.0642,-0.0523,0.0085,0.0586,-0.0329,-0.2059,-0.0628,-0.0491,0.0505,0.0209,0.067,-0.0934,-0.0603
615,5675,108,6,cycling,-0.0008,0.2984,0.0057,0.0016,-0.0169,-0.0216,-0.0093,0.726,-0.0409,-0.0175,-0.3541,-0.0676,-0.0062,1.3666,-0.0116,-0.0202,-0.01,0.0144,-0.0131,-0.0282,0.0007,0.0029,0.0043,-0.0034,0.0125,-0.0101,0.0321,0.0075,-0.0158,0.0232,0.0046,0.0399,0.008,0.0092,-0.0192,0.0037,0.0336,0.2059,-0.0227,0.0272,0.072,0.0658,0.0251,-0.0075,-0.3264,-0.0118,0.0183,-0.0059,0.0366,-1.0427,-0.0295,-0.0417,0.0082,-0.0457,-0.0496,-0.0088,-0.0384,0.0465,-0.0317,-0.0554,-0.0307,-0.0097,0.0345,-0.0265,-0.1833,0.0439,-0.0585,-0.0576,0.0108,0.0614,-0.1343,0.0683
616,5676,108,6,cycling,-0.0019,0.2393,-0.0182,-0.0134,-0.0008,-0.0387,-0.0216,0.6713,-0.031,0.0161,-0.3251,-0.0498,-0.0159,1.4156,0.0224,-0.0257,-0.0119,0.004,0.0146,0.0023,0.0176,0.0052,-0.0104,-0.0085,0.0292,-0.0001,0.0264,0.0021,-0.0035,0.0285,-0.007,0.0356,0.0129,0.0073,-0.009,-0.0011,-0.0304,-1.103,-0.0343,0.0435,0.0564,0.0364,0.0201,-0.0057,-0.5443,-0.0106,-0.0055,-0.0092,-0.0279,-1.1254,-0.0116,-0.0576,0.005,0.019,0.0035,-0.0052,0.044,-0.0067,0.0234,-0.0419,0.0248,0.0089,0.0398,0.0468,-0.2024,-0.0325,0.0543,0.0488,0.0404,0.0616,-0.1553,-0.0644
617,5677,108,6,cycling,-0.0115,0.2398,0.0173,-0.0182,-0.0079,-0.0407,0.0217,0.9392,-0.0514,0.0141,-0.4499,-0.0687,0.0058,1.4146,0.02,0.022,0.019,0.0019,-0.0245,0.0306,0.0069,0.0169,-0.0046,0.0121,0.0022,-0.0153,0.0331,0.0035,-0.0137,0.0263,-0.0076,0.0399,-0.0001,0.0089,-0.0098,0.0099,0.0421,-0.7468,0.0325,-0.0277,0.0727,0.0319,-0.0342,-0.008,-0.7547,0.0083,-0.0108,0.0292,0.0507,-1.3174,-0.038,0.057,0.0239,0.0358,0.0376,-0.0002,-0.0467,-0.0413,0.0479,0.0533,0.0608,0.0098,-0.0379,-0.0567,-0.1603,0.0483,-0.0699,0.0658,-0.0452,-0.0614,-0.0886,0.0285
618,5678,108,6,cycling,-0.0064,0.2985,-0.0037,-0.0072,-0.0029,-0.0288,-0.0164,0.5695,-0.0246,-0.0091,-0.2666,-0.0582,-0.0215,1.3676,-0.0253,-0.0158,0.0015,-0.0273,-0.0035,0.0102,-0.0126,-0.0035,-0.0007,-0.0113,0.0086,-0.005,0.022,0.0045,-0.0161,0.0239,-0.0097,0.0309,0.0031,-0.0052,-0.0144,-0.0091,0.0181,-0.7717,0.006,0.0136,0.0624,0.0193,0.0003,-0.0179,-0.5189,-0.0019,-0.0078,-0.0265,-0.0401,-1.0927,0.0093,-0.0397,-0.0209,0.0298,0.0368,-0.0332,0.0376,-0.0464,0.06,0.038,0.0324,-0.004,-0.0122,-0.0496,-0.212,0.0571,-0.0525,0.0152,0.0455,0.0553,-0.1345,-0.0084
619,5679,108,6,cycling,-0.0168,0.2043,0.0135,0.0066,0.0087,-0.0378,-0.0058,0.7422,-0.0428,-0.0105,-0.3501,-0.0621,0.0277,1.4056,-0.0028,0.0099,-0.0019,0.0035,0.0048,0.0007,-0.0177,0.0185,-0.0236,-0.0323,0.0076,-0.0266,0.035,-0.015,-0.039,0.0245,-0.0111,0.0317,0.0086,0.0065,-0.0209,-0.0121,0.0411,-0.7854,0.0143,0.0389,0.0667,0.0298,0.0305,-0.0214,-0.3353,-0.0085,-0.0188,-0.0062,0.0375,-1.0554,0.0121,0.0466,0.0005,0.0278,-0.0508,-0.0227,0.0487,-0.0296,-0.047,0.0549,-0.0682,-0.0119,0.0453,-0.0499,-0.2238,0.002,-0.0589,-0.0342,0.0654,0.0697,-0.1601,-0.051
620,5680,108,6,cycling,-0.0422,0.3003,-0.0434,-0.0036,-0.0678,-0.0347,0.0159,0.821,0.0058,-0.0585,-0.3644,-0.064,-0.052,1.4185,-0.0627,-0.0058,-0.0543,0.0366,0.0692,-0.0826,0.045,0.0066,0.0405,-0.0598,0.0778,0.01,0.0613,-0.0022,-0.0533,0.0496,0.0115,0.048,0.0032,-0.0012,-0.0111,0.0021,-0.0377,-0.3186,-0.0228,0.026,0.0507,-0.0194,-0.016,-0.0063,-0.3413,-0.0004,-0.0102,-0.0054,0.0083,-1.0852,-0.0102,-0.0337,0.0135,-0.0233,-0.008,0.0173,-0.027,0.0196,0.0319,0.0491,-0.0292,-0.0133,0.0395,0.0385,-0.2059,0.055,-0.0288,-0.0417,0.0133,0.0575,-0.0945,-0.0514
621,5681,108,6,cycling,-0.0059,0.2027,-0.0155,0.0117,0.0088,0.0108,0.0322,0.9171,-0.0541,0.0125,-0.4323,-0.0675,0.0173,1.4118,0.0021,-0.0091,-0.0063,0.0182,0.0219,0.0049,0.0017,0.0017,0.0079,0.0036,0.0166,0.0093,0.02,0.01,0.0009,0.0312,0.0052,0.0347,0.0102,0.0145,-0.0032,0.0014,0.0334,-0.2042,0.013,0.0289,0.0683,-0.0232,-0.0055,0.0245,-0.3216,0.0025,-0.0057,0.0033,-0.0371,-1.0429,-0.0362,0.0292,0.0272,0.0356,-0.0406,0.0052,0.0476,-0.0197,0.0223,-0.0494,0.0555,0.0263,0.0308,0.0536,-0.1948,0.0067,0.0457,0.0462,0.05,0.0587,-0.13,0.0709
622,5682,108,6,cycling,-0.0325,0.2943,0.0154,-0.0017,0.0069,-0.016,0.0097,0.963,-0.0613,0.0111,-0.4516,-0.0641,0.0277,1.4091,-0.0001,0.0127,0.01,0.003,0.0209,0.0082,-0.0055,-0.0173,-0.0226,-0.0137,0.0025,0.0002,0.0339,-0.0075,-0.0216,0.0288,0.0028,0.026,0.0038,0.0022,-0.013,0.0003,0.045,-0.3763,-0.0144,0.0247,0.0586,0.0303,-0.0185,-0.0092,-0.3267,-0.0019,-0.0192,-0.0123,0.0239,-1.044,-0.0253,-0.0481,-0.0056,0.0384,-0.0352,-0.0112,0.0371,0.0393,0.0468,0.0367,-0.0528,-0.0035,0.041,0.0315,-0.198,0.0031,0.0042,-0.0307,0.0206,0.0676,-0.1067,0.051
623,5683,108,6,cycling,-0.0141,0.3088,0.0045,-0.0119,-0.0258,-0.0357,0.0074,0.9189,-0.0453,-0.0092,-0.4392,-0.0726,0.0308,1.404,-0.0033,0.0088,0.0194,-0.0056,-0.0241,0.002,-0.01,-0.0068,-0.0122,0.0035,0.0135,0.0064,0.02,-0.0184,-0.0168,0.0262,0.0004,0.0227,-0.0171,0.003,-0.0115,-0.0035,0.038,-0.7854,0.0276,-0.0433,0.0558,0.0283,-0.033,0.0076,-0.5328,0.0062,-0.0095,0.0041,-0.0376,-1.1262,-0.0329,0.052,-0.0158,-0.0443,-0.0504,0.0237,0.005,-0.034,0.0492,0.0421,-0.0484,0.0062,0.0413,0.054,-0.2376,-0.0532,0.0646,0.0518,-0.0313,0.0683,-0.1599,-0.0676
624,5684,108,6,cycling,-0.0139,0.2987,0.0018,-0.0035,-0.018,-0.0194,-0.016,0.526,-0.0288,-0.0121,-0.244,-0.055,0.0212,1.3691,-0.0104,0.0145,0.0256,-0.0075,0.0248,-0.0178,0.0088,-0.0094,-0.02,-0.006,-0.0069,0.0028,0.0292,-0.0005,-0.0129,0.0117,-0.0096,0.0328,0.0053,0.0005,-0.0143,-0.0052,0.0269,-0.7036,0.0083,-0.0043,0.057,-0.0272,-0.0236,-0.0128,-0.3325,-0.0036,-0.0126,-0.0154,0.0355,-1.044,0.0388,0.0379,0.0033,-0.0307,0.0406,0.007,-0.0342,-0.0137,-0.046,0.0424,-0.0458,-0.0139,0.0535,-0.0314,-0.1603,0.0515,-0.0367,0.0334,0.0392,0.059,-0.086,0.0487
625,5685,108,6,cycling,-0.0164,0.3098,0.0007,0.0065,0.007,-0.025,0.0231,1.033,-0.0481,-0.0108,-0.4874,-0.0673,0.0177,1.458,0.0028,0.0226,0.0083,-0.0142,-0.0186,0.0265,0.0018,0.0044,0.0035,-0.0123,0.0151,0.0096,0.0366,0.0054,0.0048,0.0285,-0.0078,0.0354,0.0038,0.0139,-0.0054,-0.009,-0.0196,-0.7015,-0.0214,0.011,0.0778,0.0517,-0.0321,0.0102,-0.537,0.0092,-0.0096,0.0014,0.0423,-1.1149,-0.0019,0.0205,-0.0087,0.0399,0.0507,-0.0096,-0.0303,0.029,-0.0475,-0.0442,0.0578,0.01,-0.0208,-0.0547,-0.1985,-0.0646,-0.0759,-0.0419,0.0279,0.0636,-0.159,-0.0569
626,5686,108,6,cycling,0.0051,-0.1254,0.0079,0.0003,0.0047,0.0012,0.0218,1.0946,-0.0484,-0.0166,-0.5108,-0.0725,0.0145,1.3651,0.0023,0.0139,-0.0095,0.0106,-0.0031,-0.0283,0.0067,-0.0157,-0.011,0.0226,0.0334,0.0082,0.0259,0.0173,-0.018,0.0262,-0.0081,0.0272,0.0067,0.003,-0.0206,0.0026,0.0389,-1.3878,-0.0059,-0.0296,-0.0247,0.036,0.0119,0.0075,-1.3255,0.0024,-0.0034,0.0046,0.0236,-1.5097,-0.0311,0.0378,-0.0193,0.0328,0.0302,0.0085,0.0134,-0.0407,-0.0393,0.0467,-0.0475,0.0062,0.0344,-0.0548,-0.2016,0.0431,-0.0126,-0.05,-0.0529,-0.0683,-0.1632,-0.044
627,5687,108,6,cycling,-0.0069,0.2408,-0.0146,0.0038,-0.0219,-0.0084,-0.0077,0.5941,-0.0285,-0.0165,-0.2837,-0.0552,0.0178,1.3738,0.0206,0.0198,0.0091,0.0137,0.0273,0.0113,-0.0019,-0.0151,-0.0003,-0.0123,0.026,-0.0221,0.0345,-0.0033,-0.025,0.043,0.0021,0.0334,0.0047,0.0046,-0.0143,-0.0025,-0.0232,-1.1025,0.0108,0.035,0.0702,0.0374,-0.0058,0.0099,-0.3243,-0.018,-0.0083,-0.0133,-0.0445,-1.0538,-0.0328,-0.0569,-0.0303,0.0461,-0.0406,0.0085,0.0424,0.0548,-0.0475,-0.0514,-0.0589,-0.0144,0.0594,0.0648,-0.1988,-0.0616,-0.0483,-0.0458,0.029,0.0654,-0.1634,-0.0509
628,5688,108,6,cycling,-0.0064,0.2984,0.0173,-0.0077,-0.0203,-0.0329,0.0036,1.026,-0.0542,-0.0163,-0.4854,-0.0805,-0.0098,1.3876,-0.008,0.0109,-0.0043,0.0153,0.0114,-0.005,0.0023,-0.0182,-0.0052,-0.0098,-0.0043,-0.0042,0.0219,-0.005,-0.0145,0.0192,-0.0008,0.0346,0.0109,0.0019,-0.0125,-0.0089,0.0133,-1.0683,-0.0243,0.0255,0.0626,0.0496,-0.0221,-0.0272,-0.7337,-0.0065,-0.0303,0.0056,-0.041,-1.3177,-0.0084,-0.0533,0.0299,0.0377,-0.0505,-0.0331,0.0426,0.046,-0.0565,-0.0441,0.0455,0.0059,0.0141,0.0529,-0.1838,-0.0392,0.0236,-0.0368,-0.008,0.0693,-0.1096,-0.0405
629,5689,108,6,cycling,-0.0108,0.2949,-0.0151,-0.0064,-0.0197,-0.0239,0.0036,0.7182,-0.0325,-0.0186,-0.3515,-0.0596,0.0142,1.3675,0.0112,0.0004,0.0169,0.0056,-0.0254,0.0284,-0.009,0.0022,0.0075,-0.0083,0.0293,0.0007,0.027,-0.0098,-0.0213,0.0404,-0.0124,0.0369,-0.0012,-0.004,-0.0229,-0.008,0.0201,-0.762,0.0173,-0.0305,0.0686,0.0377,-0.0264,-0.0138,-0.5445,-0.0053,-0.014,-0.001,-0.0245,-1.1312,-0.0099,-0.0397,0.0039,-0.013,0.0352,-0.0316,0.0032,-0.0433,0.0551,-0.0477,-0.0498,-0.0112,0.0458,0.052,-0.2129,0.0542,-0.0582,0.0381,-0.0348,0.0603,-0.1389,0.053
630,5690,108,6,cycling,-0.0035,0.3098,0.0109,-0.0074,-0.0097,-0.0243,-0.0121,0.6307,-0.0302,-0.0183,-0.3023,-0.0484,-0.0022,1.3671,-0.0083,0.0111,-0.0148,0.0014,-0.0059,0.0258,-0.004,0.0004,-0.0219,-0.022,0.0135,0.0063,0.0198,-0.0068,-0.0164,0.0318,-0.0015,0.0358,-0.0011,0.0025,-0.0183,0.0003,0.0348,-0.7851,-0.0299,0.0179,0.0635,0.0263,0.0013,-0.0156,-0.5327,-0.0032,-0.0051,0.01,-0.0201,-1.1059,-0.0231,-0.0322,-0.0012,0.0023,-0.0277,0.0087,-0.007,0.0219,0.0286,0.0444,-0.0574,-0.0102,0.0419,-0.0539,-0.2035,-0.0525,0.0395,-0.0466,0.0558,0.0628,-0.1343,-0.037
631,5691,108,6,cycling,0.0044,-0.0105,-0.0148,-0.0127,-0.0082,-0.0343,0.0329,1.3548,-0.0536,0.0056,-0.6496,-0.0765,0.0017,1.3656,0.0068,0.017,-0.0038,0.009,0.0181,-0.0226,-0.0032,-0.0022,-0.002,-0.0164,0.0201,-0.0018,0.0237,0.0072,-0.0249,0.0332,0.0008,0.0309,0.0101,0.0073,-0.0055,0.0043,-0.0262,-1.2537,-0.0138,0.0406,0.0603,-0.0427,0.0155,-0.0043,-0.7692,-0.0119,0.004,0.0131,-0.0411,-1.3139,0.0218,0.0371,-0.0036,-0.0076,-0.0295,0.0273,-0.0357,0.0474,0.044,0.0368,0.0283,-0.0052,0.0313,0.046,-0.2123,0.0509,0.0492,0.007,0.0559,0.07,-0.0984,0.0648
632,5692,108,6,cycling,0.006,0.154,-0.0152,-0.0022,-0.0413,-0.042,-0.0255,0.307,-0.0276,-0.03,-0.1282,-0.0456,0.0035,1.4301,-0.0604,-0.0139,0.0158,0.0153,-0.0032,-0.0397,-0.0357,0.0065,-0.0055,-0.0247,0.0087,-0.0159,0.0188,-0.0037,-0.0,0.0314,0.0041,0.0343,0.01,-0.0027,-0.0194,-0.0073,0.0384,-0.7609,-0.0222,0.0322,0.0625,0.0563,-0.0089,-0.0076,-0.5105,-0.0013,-0.0017,-0.0135,-0.0201,-1.0856,0.0245,-0.0475,0.0054,0.0036,-0.0054,0.0039,-0.0213,0.0066,-0.0294,-0.0481,0.003,-0.0084,0.0212,-0.0435,-0.2025,0.0287,-0.0273,-0.0509,0.0263,-0.0535,-0.1567,0.0368
633,5693,108,6,cycling,-0.0076,0.1849,0.0068,-0.0113,-0.0144,0.0009,-0.0307,0.8738,-0.0576,0.0164,-0.4102,-0.0746,-0.0025,1.4145,0.0125,0.0085,-0.0036,0.0211,-0.0178,0.005,-0.0158,0.0006,0.0045,0.0092,-0.0256,0.0092,-0.0192,-0.0011,-0.0206,-0.0285,-0.0081,0.027,0.0138,-0.0008,-0.0188,-0.0031,0.0107,-0.7594,-0.0343,0.0296,0.0634,0.048,-0.0007,-0.0085,-0.5103,-0.0031,-0.0036,-0.0033,0.0359,-1.1247,0.0032,-0.0444,-0.0269,0.022,0.0033,0.0106,-0.0089,0.0316,-0.0235,-0.0469,0.051,0.0242,-0.0225,-0.0439,-0.207,0.0333,0.04,0.0399,0.0212,0.0525,-0.0946,0.0472
634,5694,108,6,cycling,0.0045,-0.1103,-0.0085,0.0059,-0.0159,0.0177,0.0035,1.3408,-0.0746,-0.0093,-0.6459,-0.1055,0.0382,1.2006,-0.02,0.0254,0.0022,0.006,0.0193,0.0249,-0.0111,0.0017,-0.0041,-0.0077,0.0323,-0.0091,0.0301,-0.0001,-0.0286,0.034,-0.0023,0.0212,0.0103,0.0132,-0.0081,0.0054,0.0361,-1.3466,-0.0166,-0.0182,0.0505,-0.0145,0.0272,0.0264,-0.8019,0.0295,0.0338,0.039,-0.0487,-1.3176,-0.0316,0.0128,0.0039,-0.0434,0.0443,0.0424,-0.0623,-0.0471,-0.0585,0.064,-0.0238,-0.0136,0.0147,0.0226,-0.2034,0.0522,-0.0456,-0.0466,-0.0407,0.0714,-0.1629,0.053
635,5695,108,6,cycling,-0.0071,0.1847,-0.0055,-0.0019,-0.0101,0.0089,0.0044,1.0388,-0.044,0.0195,-0.4789,-0.0637,-0.0004,1.3877,0.0123,0.0038,0.0218,-0.0151,0.0284,-0.0176,0.0042,-0.0185,0.0069,-0.0142,0.023,0.0029,0.0223,0.0168,-0.0143,0.03,0.0012,0.0394,0.0099,0.0035,-0.0168,0.0022,-0.0246,-1.1389,-0.0137,0.0341,0.07,0.0526,-0.0111,0.0089,-1.3795,-0.0042,0.006,0.0032,-0.0334,-1.6073,0.0264,-0.0294,0.0203,0.0062,0.0279,-0.0116,-0.003,-0.0272,-0.0414,0.0259,-0.0325,-0.0028,0.047,0.0543,-0.1964,-0.0363,-0.0552,-0.043,0.0588,0.0454,-0.1439,0.0574
636,5696,108,6,cycling,-0.0134,0.1849,0.0033,0.0185,0.0048,-0.0227,-0.0017,0.7941,-0.0413,0.0179,-0.3794,-0.0629,0.0164,1.4066,0.0155,0.0123,-0.0096,-0.0089,0.0262,0.0193,-0.0078,0.0063,-0.0028,-0.0002,0.0219,0.0011,0.0289,0.0006,-0.0164,0.0257,-0.0053,0.0246,0.0109,-0.0009,-0.013,0.0033,-0.0333,-0.8825,0.0238,0.0346,0.0524,0.0387,0.0083,0.02,-1.2498,0.0099,0.0329,0.0119,-0.0363,-1.5599,-0.0394,0.0377,-0.0278,-0.0425,0.0467,-0.047,-0.048,-0.0655,-0.0531,-0.0514,-0.0493,-0.0104,0.04,0.0149,-0.1949,0.0446,-0.0572,-0.0162,0.05,0.0634,-0.0971,0.0611
637,5697,108,6,cycling,-0.0135,0.2023,0.0058,-0.0022,0.0165,-0.0279,0.0048,0.9172,-0.0423,-0.0096,-0.4324,-0.0638,0.0103,1.3656,-0.0211,0.0179,-0.0039,0.0073,-0.0144,0.0241,-0.0005,-0.0015,0.0061,-0.0049,0.0119,-0.0093,0.0341,-0.0124,-0.0208,0.0264,-0.0061,0.0304,0.0111,0.0061,-0.012,0.0015,-0.0284,-1.2037,0.0086,0.0333,0.057,-0.0225,-0.0362,0.0153,-1.3649,0.031,-0.0194,0.0098,0.0389,-1.6063,-0.0054,-0.0414,0.0093,0.0234,-0.0374,0.0257,0.0404,0.0453,0.0439,0.0495,-0.0544,0.0028,0.0556,0.0586,-0.2017,0.0063,0.0533,0.0298,0.0359,0.0677,-0.1376,0.0626
638,5698,108,6,cycling,-0.0035,0.2497,-0.0015,-0.0049,-0.0002,-0.0285,0.002,0.7494,-0.0405,-0.0087,-0.3591,-0.0679,0.0064,1.4091,0.0171,0.0074,0.0126,0.0189,0.0149,-0.0119,-0.0007,0.0033,0.0072,-0.0136,0.0305,0.0059,0.029,0.009,-0.0152,0.0276,-0.0055,0.0399,0.0059,0.0015,-0.0222,0.0018,0.0103,-0.5077,0.0042,0.0248,0.0774,-0.0332,-0.0194,-0.0065,-0.3454,-0.0009,-0.0132,-0.0039,-0.0212,-1.0204,-0.0059,0.0269,-0.003,0.0235,0.0033,-0.0021,-0.0049,0.0019,-0.0312,-0.0455,-0.037,0.0085,0.0438,0.0424,-0.2347,-0.0513,-0.0535,0.0449,0.0474,0.0488,-0.1385,0.0524
639,5699,108,6,cycling,-0.0141,0.1649,0.0053,0.0154,-0.004,0.0078,-0.0209,0.7712,-0.044,-0.016,-0.3752,-0.0634,0.0099,1.4602,0.0133,0.0018,0.0032,-0.0229,0.0101,-0.0276,-0.0066,0.0019,0.0006,0.0029,0.018,0.0088,0.0312,0.0193,0.0086,0.032,0.0011,0.0336,0.0097,0.0081,-0.0117,0.0063,-0.0289,-1.1388,-0.0252,0.0267,0.07,0.0508,-0.0124,0.0029,-0.7354,-0.0009,0.0082,0.0006,0.0292,-1.279,0.0342,-0.0511,-0.0363,0.045,-0.0403,0.0063,0.0304,-0.0052,0.0238,-0.0564,-0.0399,-0.0107,0.0494,-0.0479,-0.1845,-0.0217,-0.0649,-0.0418,0.0379,-0.0387,-0.1302,-0.0687
640,5700,108,6,cycling,-0.0083,0.2094,0.0189,0.0056,0.0067,-0.0078,-0.0142,0.7708,-0.0434,-0.0126,-0.3784,-0.0676,0.0049,1.4152,-0.0308,-0.0009,-0.0216,0.0262,-0.0162,0.0136,0.0031,-0.0238,-0.0151,0.0026,0.0109,0.0175,0.0393,0.0194,0.0221,0.0249,-0.0062,0.0365,0.011,0.0033,-0.0098,0.0012,0.0255,-1.0797,-0.0276,-0.0311,0.0746,0.0386,-0.0041,-0.0026,-1.5495,0.0007,-0.0016,-0.0076,0.0203,-1.6451,0.0043,-0.0282,0.0296,0.0346,-0.0325,0.011,-0.012,-0.0152,0.0544,-0.0375,-0.0499,0.0125,0.04,0.0502,-0.2342,-0.0333,-0.0453,0.0037,0.0445,0.071,-0.1582,0.068
641,5701,108,6,cycling,-0.0058,0.2523,0.0044,0.013,-0.0039,0.0094,-0.0126,0.5897,-0.036,-0.0119,-0.2788,-0.0664,-0.0083,1.3736,-0.0007,0.0074,-0.002,0.0266,0.0066,-0.0193,-0.0045,0.0028,-0.0084,-0.0159,0.0013,0.0086,0.0253,0.0103,-0.0176,0.0236,-0.0029,0.0289,0.0162,0.0044,-0.0144,0.0047,0.0411,-0.7692,0.033,-0.009,0.051,-0.0224,-0.0207,-0.0019,-0.4686,0.0016,-0.011,0.004,-0.0053,-1.0936,0.0271,0.0528,0.0039,-0.0219,-0.0294,-0.0247,-0.0354,-0.0314,-0.0401,0.034,-0.0374,0.0085,0.0274,0.0497,-0.2029,-0.0564,0.0505,0.0423,0.0482,0.0672,-0.1757,0.032
642,5702,108,6,cycling,-0.0099,0.2005,-0.0044,-0.0107,-0.0178,-0.0371,0.0214,0.9268,-0.0432,-0.0063,-0.4332,-0.067,-0.0085,1.3655,-0.0188,-0.0196,-0.007,0.0114,0.0244,0.0019,-0.0007,-0.0021,-0.0163,-0.0159,0.0209,-0.0129,0.0381,0.0131,-0.0282,0.0274,-0.0039,0.033,0.0069,0.0051,-0.0089,-0.0008,-0.0226,0.1552,-0.0035,0.0395,0.0562,0.023,-0.0083,-0.0096,-0.3171,-0.0141,-0.0035,0.0031,0.0256,-1.0471,-0.0071,0.0341,-0.0313,0.0051,0.04,0.011,-0.0445,-0.0309,0.0519,-0.029,0.0016,0.0091,0.0328,0.0494,-0.225,-0.0536,-0.0424,0.0038,0.0469,0.0575,-0.1653,-0.0368
643,5703,108,6,cycling,-0.0071,0.2535,0.0097,0.0234,0.0058,-0.0178,0.0263,0.9716,-0.0534,-0.016,-0.4606,-0.068,0.0063,1.4101,0.0012,-0.0023,-0.0256,0.0226,0.0244,0.0198,0.0003,0.0104,0.0046,-0.0106,0.0142,0.0033,0.0298,0.0066,-0.0165,0.031,0.0026,0.0384,0.0136,0.0125,-0.0118,-0.0032,-0.0407,-1.0987,0.0352,0.0085,0.0743,0.0325,-0.0333,0.0185,-1.4794,0.0048,-0.0123,0.0005,0.0344,-1.6444,0.0033,0.0276,0.0091,0.0158,-0.0476,-0.0073,0.0459,0.0399,0.0526,0.0211,0.0518,0.0379,-0.0102,-0.0417,-0.2072,-0.0427,0.0463,0.0542,0.0482,0.0737,-0.0937,0.0605
644,5704,108,6,cycling,-0.0138,0.2037,-0.0083,0.0254,-0.0039,0.0176,0.027,0.8212,-0.0505,-0.0022,-0.4028,-0.0679,0.0067,1.4606,-0.0059,0.0075,-0.0049,0.0017,0.0222,0.0125,0.01,0.0069,-0.0114,-0.0004,0.026,-0.0001,0.0343,-0.0085,-0.02,0.0338,-0.0055,0.0371,0.0163,0.0095,-0.0141,-0.001,0.0157,-1.0709,-0.0302,0.0326,0.0577,0.0292,0.0019,0.007,-1.3133,0.0001,-0.0063,0.0246,-0.0446,-1.5806,-0.0233,-0.0192,-0.0215,0.0398,-0.0057,0.0091,-0.0314,-0.0183,-0.0425,-0.0532,-0.0469,-0.0082,0.051,-0.0602,-0.2218,0.0364,-0.041,-0.059,-0.0044,0.0617,-0.1387,0.0404
645,5705,108,6,cycling,0.0057,-0.1068,0.0084,0.0106,-0.0189,-0.0205,0.0153,0.9628,-0.0442,0.0044,-0.457,-0.0714,0.0306,1.3713,0.0002,-0.0066,-0.0148,-0.0091,0.0222,0.0032,0.0135,-0.0019,0.002,-0.016,0.0345,0.0086,0.037,-0.0009,-0.0255,0.033,0.0085,0.0199,0.0124,0.0017,-0.0075,0.0061,-0.0365,-1.1059,0.0266,0.0405,0.0549,-0.0246,0.0035,0.0113,-0.771,0.0055,-0.0038,0.0276,-0.0324,-1.2627,-0.0319,0.0293,-0.0424,-0.0439,0.0469,-0.0213,-0.0239,-0.0455,0.0586,0.017,-0.051,0.0127,0.0521,0.0413,-0.229,-0.0493,-0.0286,-0.0085,0.0354,0.0556,-0.1561,-0.0387
646,5706,108,6,cycling,0.0001,-0.0344,-0.0162,0.0115,0.0028,0.0219,-0.0209,0.9189,-0.0499,0.0084,-0.4362,-0.0643,-0.0171,1.4108,0.0072,0.0017,0.0145,-0.0306,0.0058,0.0134,-0.0049,-0.0023,0.0102,-0.0099,0.0186,-0.0155,0.022,-0.0073,-0.037,0.0246,0.0066,-0.0268,-0.0062,0.0031,0.0104,0.0121,0.0483,-1.2192,0.0361,0.029,0.0258,-0.0407,-0.0316,-0.0073,-0.7851,-0.0039,-0.0083,-0.0025,0.0273,-1.3262,0.0326,-0.0531,-0.0351,0.0037,-0.055,0.0032,0.0506,0.0418,0.0584,0.0442,0.0523,-0.0154,-0.0385,0.0338,-0.2074,0.0606,-0.0626,0.0282,0.0232,-0.0477,-0.0876,-0.0672
647,5707,108,6,cycling,-0.0074,0.2035,-0.0028,-0.0199,-0.0036,-0.0383,-0.0151,0.5899,-0.0258,-0.0108,-0.2699,-0.0649,-0.0113,1.3704,0.0089,0.0127,0.0007,0.03,-0.0056,-0.0243,-0.0042,0.0175,-0.0019,0.0135,0.0225,-0.0169,0.026,0.0008,-0.036,0.0402,-0.0182,0.0429,0.0112,-0.0023,-0.0133,-0.014,-0.0275,-1.1325,0.0234,0.0069,0.0755,0.0323,0.0108,0.0098,-0.387,0.0216,0.0285,0.0315,-0.0204,-1.0906,0.0356,-0.0347,0.043,-0.0015,0.0566,0.0391,-0.044,0.0057,-0.0495,-0.052,0.0621,0.0044,-0.0272,-0.05,-0.1962,0.054,0.0293,0.0619,-0.0332,0.0583,-0.0921,0.0418
648,5708,108,6,cycling,-0.0024,0.2983,0.0125,-0.0159,0.0115,-0.0277,0.0329,0.9541,-0.059,-0.0097,-0.4385,-0.0793,-0.0007,1.4147,0.0105,0.0089,0.019,-0.0032,0.0015,-0.0176,0.0168,0.0224,0.0069,-0.0042,0.0268,-0.0052,0.0359,-0.0203,-0.0257,0.0381,-0.0017,0.0342,0.0091,0.0033,-0.0133,-0.0014,0.0454,-1.102,-0.031,0.024,0.058,-0.0425,0.0008,-0.0007,-0.3289,-0.0076,-0.014,-0.029,-0.0364,-1.0538,0.0186,-0.0501,-0.0514,0.0467,-0.0402,0.0219,0.041,0.0234,-0.0546,0.0563,-0.0284,-0.013,0.0303,0.0614,-0.2174,0.0475,0.0556,-0.0482,0.0444,0.0663,-0.1388,-0.0392
649,5709,108,6,cycling,-0.0108,0.1844,-0.0117,-0.0072,-0.0254,-0.0239,0.0066,0.9274,-0.0442,0.014,-0.4349,-0.0736,0.0007,1.4144,-0.0023,0.0045,0.0055,-0.0082,0.0268,0.0032,0.0096,-0.0162,-0.019,-0.0213,0.0182,0.0079,0.0304,-0.0079,-0.0134,0.0278,0.0056,0.0322,0.0021,0.002,-0.0117,0.0047,0.0178,-1.204,-0.0055,0.033,0.0639,0.038,-0.001,0.0107,-1.3794,-0.0021,0.0068,-0.0244,0.0066,-1.6196,-0.0124,0.0499,-0.0224,0.0205,0.031,-0.0141,0.035,-0.0342,0.0153,0.0564,-0.0424,0.0094,0.0404,0.0299,-0.194,-0.0505,-0.0642,0.0058,0.0393,0.065,-0.0922,-0.043
650,5710,108,6,cycling,-0.0177,0.2078,0.0216,-0.0344,-0.0035,-0.061,-0.0075,0.7909,-0.0404,-0.0085,-0.378,-0.068,-0.0114,1.372,-0.0187,-0.0058,-0.0224,-0.0206,0.0199,-0.0007,0.0023,0.0143,0.0041,0.0099,0.0312,-0.0007,0.0291,0.0104,-0.0246,0.0428,0.0137,0.0232,0.0061,0.0033,-0.0072,0.0019,0.0262,-0.8216,0.0415,0.0335,0.0546,0.0324,-0.0285,-0.0275,-0.716,-0.0102,-0.035,-0.0164,-0.0154,-1.2198,0.0498,0.047,-0.025,-0.0464,-0.0643,-0.038,0.0307,-0.0523,0.0573,-0.0391,-0.0126,0.0256,0.0364,-0.0592,-0.2052,0.008,-0.0505,0.0439,0.0444,0.0585,-0.1347,0.0724
651,5711,108,6,cycling,-0.0013,0.2032,-0.0085,-0.0137,-0.0169,-0.0259,-0.0028,0.7487,-0.0364,0.0104,-0.3571,-0.0564,-0.0006,1.3663,-0.0154,-0.0186,0.0171,-0.0129,-0.0193,0.0064,-0.0244,0.0031,-0.0024,-0.0042,0.0143,-0.0105,0.0215,-0.0059,-0.0225,0.0228,-0.0021,0.0322,0.0076,0.0054,-0.0117,0.0055,-0.0289,-0.7187,-0.0404,0.0275,0.0657,0.0295,-0.0095,-0.0015,-0.3496,0.0047,-0.0131,0.0004,-0.045,-1.0384,-0.0042,0.0463,0.0301,-0.0419,-0.0471,-0.02,-0.0379,-0.0265,-0.0486,-0.0553,-0.0441,-0.039,0.0238,0.0312,-0.2017,0.0528,-0.0512,-0.0499,-0.0169,-0.0538,-0.1371,0.0427
652,5712,108,6,cycling,-0.0081,0.2528,0.0093,0.0067,-0.0239,-0.0079,-0.0022,0.5578,-0.0258,-0.0149,-0.2664,-0.0542,0.0288,1.4311,0.0016,-0.0185,0.0031,-0.0225,-0.0161,0.0381,-0.0158,-0.0057,0.0002,-0.0172,0.0261,-0.0137,0.0196,-0.0114,-0.0428,0.0338,0.0012,0.0304,0.0016,0.0032,-0.0088,-0.004,-0.0209,-0.8217,-0.0106,0.0378,0.0604,0.0452,0.0211,0.0129,-0.5386,0.013,-0.0029,-0.0273,-0.035,-1.1349,0.0244,-0.0294,-0.0349,-0.0461,0.052,-0.004,-0.0322,-0.0484,0.055,-0.0646,-0.0444,-0.0126,0.0404,0.0573,-0.2213,-0.0567,-0.0695,0.0007,0.0416,0.0532,-0.1574,-0.043
653,5713,108,6,cycling,-0.0129,0.2547,0.0035,0.0164,-0.01,-0.0058,-0.0206,0.5847,-0.0351,0.0042,-0.2668,-0.0558,-0.0114,1.4259,0.0173,-0.0226,-0.0015,0.0308,0.0263,-0.0073,0.0068,-0.0082,-0.0153,-0.0132,-0.0045,0.0099,0.0343,0.0014,-0.0009,0.0213,0.0022,0.0252,0.0096,0.0149,-0.0069,-0.0001,-0.0363,-0.7633,0.0419,0.019,0.045,0.0249,-0.0039,-0.0012,-0.3368,-0.0029,-0.0235,0.0033,0.0384,-1.0315,-0.0182,-0.0487,-0.0087,0.0401,-0.0424,-0.0271,0.0328,-0.0288,0.0377,0.0523,-0.0499,0.0304,0.0535,0.0468,-0.2128,-0.0435,0.0393,0.0548,0.0595,0.0293,-0.1429,-0.063
654,5714,108,6,cycling,-0.0129,0.2523,0.0177,0.0135,-0.0022,0.0165,-0.0071,0.589,-0.0315,-0.0188,-0.284,-0.0578,-0.0108,1.3723,0.0202,-0.0153,0.0091,0.005,-0.0084,0.0142,-0.0032,-0.0007,0.021,0.0051,0.0042,0.0022,0.0273,-0.0012,-0.0103,0.0252,-0.0064,0.0349,0.0073,0.011,-0.0143,0.0022,0.0264,-1.0858,-0.0226,0.0327,0.0728,0.0307,-0.0034,0.0004,-0.3761,-0.0032,0.0107,-0.0133,-0.0233,-1.0354,0.007,0.0496,0.0291,-0.0289,0.0333,0.0001,-0.0249,-0.014,-0.0487,-0.051,0.0057,0.019,0.0213,0.055,-0.237,-0.0539,0.0454,-0.0402,0.0276,0.0758,-0.1657,-0.0393
655,5715,108,6,cycling,-0.0138,0.1647,0.0049,-0.0114,0.001,-0.0373,0.0253,1.0994,-0.056,0.008,-0.5294,-0.0631,-0.0063,1.3838,-0.0185,-0.0001,-0.0036,0.021,0.0232,-0.0161,0.0072,-0.0051,-0.015,-0.0103,-0.0028,0.0099,0.0204,-0.0149,-0.0162,-0.0176,0.0006,0.0226,0.0044,0.0033,-0.0134,0.0035,0.0196,-1.4059,0.0294,0.024,0.034,0.0287,-0.0306,-0.0014,-1.4793,0.0071,-0.0095,-0.0001,-0.0399,-1.6325,-0.0328,-0.033,0.0123,0.0034,0.0407,-0.001,-0.0437,-0.0263,-0.0605,-0.0384,-0.0368,-0.0116,0.0442,-0.0509,-0.2054,-0.049,0.0555,0.0626,0.045,0.0517,-0.0881,-0.0646
656,5716,108,6,cycling,-0.0128,0.2589,-0.0018,0.0252,-0.0084,-0.0136,0.0248,0.584,-0.0406,-0.0046,-0.2746,-0.0588,0.0146,1.3706,-0.0059,0.0101,0.0042,-0.0195,-0.0281,-0.0173,-0.0308,-0.0248,0.0084,0.0062,0.0196,-0.0206,0.0455,0.0072,-0.0293,0.0376,0.0083,0.0289,0.0017,-0.0125,-0.0111,0.0011,0.0168,-0.7418,-0.0512,-0.0219,0.0653,-0.0136,0.006,-0.0136,-0.5384,-0.0083,-0.0085,0.0197,0.0101,-1.1567,0.0071,0.0273,-0.0065,-0.0413,0.0023,-0.0005,0.0465,-0.0064,0.0277,0.0435,-0.0486,-0.0325,0.0453,-0.0238,-0.213,0.0629,-0.0265,-0.0549,-0.065,0.0721,-0.1662,-0.0636
657,5717,108,6,cycling,-0.0025,-0.0243,0.0059,-0.0174,-0.0183,-0.0388,0.0336,1.3879,-0.0594,0.0062,-0.6554,-0.0785,0.0099,1.2019,0.0216,0.0278,-0.0009,-0.0259,0.016,0.0232,-0.0221,0.0088,-0.0192,0.0076,-0.012,-0.0153,0.0403,0.0042,-0.0265,0.02,0.0036,0.0282,0.0101,0.014,-0.011,0.0013,0.0368,-1.3425,-0.0393,0.0308,0.0558,0.0326,-0.004,-0.0139,-1.3808,-0.0123,-0.0018,0.0005,0.0528,-1.6221,0.0293,-0.035,0.037,0.0346,0.049,-0.0166,0.0043,-0.0547,0.0609,-0.0472,-0.0626,0.0031,0.0506,0.0515,-0.2234,0.0312,-0.0412,-0.0465,0.0443,0.0429,-0.1573,-0.0638
658,5718,108,6,cycling,-0.0071,0.2533,-0.0012,-0.0009,0.0087,-0.0213,0.0166,1.0067,-0.0413,0.0097,-0.4749,-0.0607,0.0238,1.4273,-0.0129,-0.0106,-0.0029,0.0135,0.018,-0.0245,-0.005,-0.0073,-0.0039,-0.0082,-0.0118,-0.0091,0.0148,0.0033,-0.032,0.0158,0.0081,0.0299,0.0091,0.0065,-0.0152,0.0045,0.036,-1.5072,-0.0316,0.0333,0.0647,0.0385,0.0288,0.0194,-1.7084,-0.0252,0.0265,0.0226,0.027,-1.7478,-0.0444,-0.0204,-0.0462,0.0477,0.0352,0.0375,0.0076,-0.0549,0.0401,0.0689,-0.0487,-0.022,0.0454,0.0497,-0.237,0.0347,-0.069,-0.0708,-0.0054,0.0568,-0.1861,0.043
659,5719,108,6,cycling,-0.0174,0.2403,-0.0185,-0.0097,-0.0206,-0.0348,-0.0256,0.5603,-0.039,-0.0168,-0.2628,-0.0755,0.0304,1.3726,-0.0329,0.0149,0.0001,-0.0277,0.0011,-0.0153,-0.0192,-0.0021,-0.0052,-0.0215,0.004,-0.0224,0.036,0.0103,-0.0263,0.0242,-0.0035,0.0404,0.0088,0.0068,-0.0118,0.0031,0.0131,-1.2533,-0.0076,-0.0292,0.0558,0.0498,0.0013,0.0231,-0.7351,0.0041,-0.012,-0.0004,-0.0288,-1.2609,-0.0068,0.0318,0.0385,-0.0336,-0.0561,-0.0377,0.0536,-0.0587,0.0672,-0.0503,-0.0617,-0.0185,0.0423,0.046,-0.196,0.0659,0.041,-0.0448,-0.0093,0.0487,-0.1637,0.0472
660,5720,108,6,cycling,0.0169,0.2065,-0.0183,0.0328,-0.0217,0.0117,0.0034,0.9427,-0.0514,-0.0141,-0.4416,-0.0804,0.0028,1.4361,0.0009,-0.0125,0.0084,-0.0196,0.0153,0.0206,-0.0171,-0.0104,-0.0069,-0.0246,0.0238,-0.0056,0.027,-0.0091,-0.0225,0.0381,0.007,0.0283,0.0065,0.0011,-0.0102,-0.0009,0.0372,-0.6988,-0.008,0.0459,0.0537,0.0256,-0.0112,-0.0096,-0.3349,-0.013,-0.0042,-0.0071,-0.0013,-1.0675,0.0295,0.0367,-0.0039,-0.0349,0.0359,-0.0012,0.0062,-0.0509,0.0491,0.0409,0.0031,-0.0055,0.0445,0.0555,-0.2259,-0.046,-0.0426,0.0033,0.0472,-0.0055,-0.1606,-0.0547
661,5721,108,6,cycling,-0.0133,0.2004,-0.0119,0.0165,-0.0177,-0.0076,0.023,0.7713,-0.0468,-0.0011,-0.3762,-0.0649,0.0207,1.4122,-0.0183,0.0044,-0.0306,0.0069,-0.0052,0.0022,0.0007,0.0036,0.0063,-0.0093,-0.0229,-0.0191,0.0335,-0.0021,-0.025,0.0129,0.0001,0.0285,0.0102,-0.0002,-0.0157,-0.0001,-0.0272,-1.1015,0.0086,0.0396,0.0572,0.0349,-0.0146,0.0031,-0.349,0.008,0.0093,0.0072,0.0266,-1.0325,0.0313,0.0384,0.0043,-0.0076,0.0212,0.0075,-0.0073,0.0057,-0.0374,0.041,-0.0424,-0.0062,0.0405,-0.0494,-0.1868,-0.0366,-0.0455,0.0062,-0.0249,0.0595,-0.0866,-0.0603
662,5722,108,6,cycling,-0.0173,0.2479,-0.0214,0.0028,0.0043,-0.0154,0.022,0.9204,-0.0544,-0.0056,-0.4419,-0.0786,0.0037,1.4056,0.0064,-0.0164,-0.0126,0.0193,-0.0094,-0.0018,-0.0074,-0.0009,0.0142,0.0082,0.024,-0.0053,0.0289,0.0044,-0.0109,0.0267,-0.0043,0.0337,0.0136,0.003,-0.0201,-0.006,-0.027,-1.203,-0.0396,0.0429,0.0758,0.0583,-0.0254,0.0038,-1.3798,0.0043,-0.0238,0.0108,-0.0303,-1.6171,-0.0115,-0.0415,0.0006,-0.04,-0.0311,0.0027,0.0183,-0.0017,0.0487,-0.0531,-0.0493,-0.0375,0.0364,0.0446,-0.1842,0.0678,-0.0682,-0.0649,-0.0527,-0.0631,-0.1584,0.0355
663,5723,108,6,cycling,-0.0167,0.2989,0.0133,-0.0234,-0.0278,-0.0363,0.0326,0.9404,-0.0558,-0.0094,-0.4395,-0.0729,-0.0062,1.367,0.0146,-0.0054,0.0008,0.0214,0.0126,-0.0198,0.0035,0.0015,-0.0152,-0.0255,-0.008,0.0172,0.0287,0.0043,0.0103,0.0027,-0.0074,0.0345,0.0093,0.0064,-0.0083,0.0034,0.0389,-0.5678,0.011,-0.0378,0.053,-0.0268,-0.0337,0.0008,-0.3496,0.0037,-0.0099,0.0003,-0.0038,-1.0508,0.0064,0.0315,-0.0202,0.0087,0.0405,0.0291,-0.047,-0.0461,-0.0416,0.0226,-0.0249,0.012,0.0216,0.0456,-0.2054,-0.0304,0.0485,0.0545,-0.0049,0.0565,-0.1399,0.0446
664,5724,108,6,cycling,-0.0081,0.2949,0.0154,-0.0099,-0.0077,-0.0262,0.0328,0.9771,-0.0561,-0.0014,-0.4602,-0.0723,0.0008,1.4103,-0.0136,0.0047,-0.0028,0.0116,0.0202,-0.005,0.0068,-0.0033,0.0056,-0.0143,0.0246,0.0194,0.0283,0.017,-0.0016,0.033,-0.0025,0.0396,0.018,0.0056,-0.0105,-0.0025,0.0166,-0.376,0.0122,0.0319,0.0627,0.0595,-0.0016,-0.009,-0.3829,-0.0089,0.0072,0.0217,0.0005,-1.0649,-0.0247,0.0396,-0.0368,-0.0039,-0.0008,0.0053,0.0125,0.0272,0.0307,0.0489,-0.0515,0.013,0.0434,0.0382,-0.1948,-0.0499,0.0581,0.0351,0.0277,0.0774,-0.1384,0.0219
665,5725,108,6,cycling,-0.0131,0.3409,0.0067,-0.0188,-0.0303,-0.0409,0.02,0.7934,-0.0376,-0.0108,-0.3843,-0.0575,-0.012,1.37,0.0031,0.0219,-0.0176,-0.0027,0.0236,0.0093,0.0031,-0.0078,-0.0168,0.0143,0.0051,-0.0041,0.025,0.0062,-0.0276,0.0293,0.002,0.0318,0.0044,-0.0007,-0.0191,-0.0048,0.0491,-0.7619,0.0385,0.0326,0.0669,-0.0113,-0.0221,-0.0087,-0.5376,-0.0028,-0.0034,-0.0091,-0.0264,-1.1244,-0.0059,-0.0603,-0.0335,0.0346,-0.0157,0.0012,0.0059,0.0048,0.0554,-0.0641,-0.0503,0.0066,0.0424,0.0413,-0.2019,0.0362,0.0514,0.0595,0.0617,0.052,-0.1255,0.053
666,5726,108,6,cycling,0.0161,0.1807,-0.0013,0.0159,0.0051,-0.0007,0.0278,0.9278,-0.05,-0.0086,-0.433,-0.0763,-0.0183,1.4145,-0.0213,0.0223,0.0199,-0.0258,0.0206,0.032,-0.0128,0.0027,0.0072,0.0014,-0.013,0.0092,0.0311,0.0146,-0.0118,0.0063,-0.0038,0.0355,-0.0024,0.0172,-0.007,0.0108,0.039,-1.0858,-0.0302,-0.0043,0.0622,0.0529,0.002,-0.0031,-0.7619,-0.0033,0.0062,-0.0083,0.0243,-1.3347,-0.0292,-0.034,-0.0372,0.0336,0.0024,-0.0041,-0.0005,-0.0085,0.0285,-0.0237,-0.0406,-0.0221,0.0444,0.026,-0.2056,-0.0365,-0.0606,-0.0422,-0.049,-0.0545,-0.0931,-0.0637
667,5727,108,6,cycling,-0.0103,0.2545,0.0136,-0.0214,-0.0153,-0.0429,0.0065,0.7818,-0.0327,-0.0098,-0.373,-0.064,0.0047,1.4052,-0.0169,0.0078,-0.0195,0.027,-0.0225,0.0258,0.0026,0.0041,-0.0145,-0.012,-0.0175,-0.0006,0.024,0.008,-0.0202,0.0286,-0.0062,0.0363,0.0116,0.0017,-0.0146,0.0058,0.037,-0.7186,0.0079,0.0436,0.0778,0.0395,-0.0071,0.0089,-0.3679,0.0066,-0.0034,0.0121,-0.0315,-1.0792,0.0062,0.0263,-0.006,-0.0335,0.0299,0.0069,-0.0303,-0.023,-0.0512,-0.0497,0.0544,0.0128,-0.034,0.0038,-0.2018,0.038,-0.044,-0.0359,0.0531,0.0467,-0.1635,0.0406
668,5728,108,6,cycling,-0.0004,0.2443,0.0147,-0.0175,0.0022,-0.0394,-0.0214,0.7969,-0.0463,-0.0062,-0.394,-0.0719,0.0185,1.3667,0.0206,-0.0013,-0.0255,-0.0032,-0.0114,0.0265,0.003,0.0089,-0.0108,-0.0053,0.0301,0.0033,0.035,0.0093,0.004,0.0328,-0.0009,0.0313,-0.0077,0.007,-0.0169,0.002,0.0343,-1.1016,0.0191,0.0153,0.0734,-0.005,0.0138,-0.01,-1.4395,-0.0228,-0.0121,-0.0275,0.0434,-1.6341,0.0042,-0.0333,0.0245,0.023,0.0504,-0.0485,0.0552,-0.0425,0.0373,-0.0404,0.0562,0.0116,-0.021,0.0289,-0.2053,0.0544,-0.0444,0.0453,0.0156,0.0629,-0.0888,0.0293
669,5729,108,6,cycling,-0.0011,0.2394,-0.0068,0.0136,-0.0165,-0.0184,0.0284,1.0038,-0.045,-0.0073,-0.4673,-0.0674,0.032,1.4053,-0.0053,0.0194,-0.0205,0.0274,0.0229,-0.0044,0.0009,-0.0111,0.0088,-0.0105,0.0092,-0.0176,0.0305,-0.0013,-0.0362,0.021,-0.0028,0.0313,0.006,0.0081,-0.0144,0.001,0.0245,-1.2133,0.0236,-0.0257,0.0638,0.0392,-0.0154,-0.0141,-1.4869,-0.0048,-0.0083,-0.0056,-0.0027,-1.6293,0.0025,0.0515,0.0058,0.0129,0.0352,0.0056,-0.0344,-0.0098,0.0439,-0.0293,0.0373,-0.0039,-0.0269,-0.0532,-0.1987,0.052,-0.0606,-0.0586,-0.033,0.0429,-0.0975,-0.0384
670,5730,108,6,cycling,0.0074,0.2029,-0.0328,0.0057,-0.0165,0.0155,0.0133,0.7947,-0.0409,-0.0039,-0.3863,-0.0627,0.006,1.4091,0.0149,0.0107,-0.0173,0.0304,0.0049,-0.0127,-0.009,-0.0207,0.0233,0.0228,-0.0243,0.0026,0.0351,0.011,-0.0274,0.0088,-0.018,0.0268,-0.0028,0.0002,-0.0171,-0.0083,0.0495,-0.718,0.0379,0.0418,-0.0213,0.0504,-0.0016,-0.0048,-0.3645,-0.0083,0.0045,-0.0064,0.0383,-1.0446,-0.0198,-0.0425,-0.025,0.0489,0.0032,0.0115,-0.0043,0.0095,-0.0559,0.0341,0.0601,0.0154,0.0069,0.0632,-0.1838,-0.0515,-0.0457,0.0535,-0.0294,0.028,-0.1051,0.0466
671,5731,108,6,cycling,-0.0169,0.2054,0.0023,-0.0343,0.0088,-0.053,0.0204,1.0674,-0.0485,-0.0118,-0.4925,-0.0798,-0.0103,1.3706,-0.0126,0.0097,0.0004,-0.0049,0.0156,0.0183,-0.0074,0.0192,0.017,-0.0039,-0.0306,-0.003,0.0068,0.0054,-0.0316,0.024,-0.0088,0.0224,0.0101,0.0143,-0.0018,0.0001,0.0266,-1.219,0.0067,-0.0365,0.0729,-0.0134,-0.0337,0.0231,-0.7716,0.005,-0.0379,-0.0396,0.0219,-1.3306,0.0352,-0.0495,0.0255,0.051,-0.0326,-0.0387,0.0551,-0.0467,-0.0444,-0.0614,-0.0474,-0.0008,0.0453,-0.0594,-0.2027,-0.0548,-0.0754,0.0418,0.0298,0.082,-0.0941,-0.06
672,5732,108,6,cycling,-0.0077,0.2534,0.004,-0.0104,-0.0098,-0.0367,-0.0069,0.7499,-0.03,0.015,-0.3501,-0.0614,-0.0132,1.4156,-0.0029,0.0265,-0.0084,0.0004,0.0121,-0.0013,-0.0038,-0.001,0.0076,-0.0224,0.024,-0.0054,0.0215,-0.0118,-0.0232,0.0335,-0.0041,0.0259,0.0042,-0.005,-0.0141,-0.0009,0.0277,-1.0385,0.0094,0.0313,-0.0199,-0.0444,-0.0173,0.0061,-1.4694,0.0111,-0.0185,-0.0082,-0.0351,-1.6293,-0.0168,-0.0483,0.0029,0.0072,0.0203,-0.0292,-0.0024,-0.0329,-0.0511,0.0414,0.0398,0.0142,0.0042,0.0563,-0.1845,0.0286,0.0542,0.0408,0.0594,0.0463,-0.0982,0.0439
673,5733,108,6,cycling,-0.0101,0.1848,0.0015,-0.0164,-0.0259,-0.0337,0.0085,1.023,-0.0575,0.021,-0.4738,-0.0769,-0.0184,1.3963,-0.0038,0.0157,0.0095,-0.0205,-0.0055,0.0069,-0.0144,0.012,-0.0072,0.0048,0.0241,-0.0229,0.0375,-0.0114,-0.0432,0.0483,-0.0133,0.0349,0.0071,-0.0059,-0.0196,0.0029,0.0322,-1.1035,0.0009,0.0448,0.0626,0.0262,-0.0022,-0.0176,-1.4397,-0.0126,-0.0292,0.0286,-0.0366,-1.6327,0.0424,0.0459,-0.0087,-0.0303,-0.0271,0.0139,0.003,0.0588,0.0563,0.0383,-0.0319,0.0163,0.0469,0.0546,-0.1972,-0.0679,0.0049,-0.0075,0.0406,0.0516,-0.0884,-0.0653
674,5734,108,6,cycling,-0.0169,0.3083,-0.0033,-0.0027,-0.0088,0.0194,0.03,0.9779,-0.0544,-0.0076,-0.4691,-0.0767,-0.0048,1.41,-0.0123,0.0257,0.0118,0.0092,0.0159,-0.0062,0.0225,0.0082,0.0142,-0.0239,0.0283,0.0014,0.0262,-0.0009,-0.0133,0.0385,-0.0005,0.0328,0.0054,0.0111,-0.0066,0.0064,0.0212,-1.0172,0.0072,0.009,0.0485,0.0396,-0.008,0.0205,-1.3799,0.01,0.0004,0.0099,0.0181,-1.6083,-0.0018,0.037,0.0245,0.0034,0.0341,-0.0026,-0.0032,-0.0314,0.041,-0.0369,0.0293,0.0067,0.0018,0.0466,-0.2177,-0.0275,-0.0571,0.0452,0.0229,0.0556,-0.1659,0.0522
675,5735,108,6,cycling,-0.0107,0.2404,-0.0079,0.0213,-0.0198,-0.0136,0.004,0.7493,-0.0466,-0.0064,-0.3588,-0.0675,0.032,1.3662,0.0125,0.0099,-0.0083,-0.0119,-0.0059,0.0185,0.0001,0.0036,0.0022,0.0208,0.0176,-0.0151,0.0246,-0.0085,-0.0254,0.029,-0.0169,0.0432,0.0104,-0.0024,-0.0131,0.0037,0.0142,-1.1346,0.0308,-0.0234,0.0773,0.0519,-0.0073,0.0006,-1.2585,0.0013,-0.007,-0.0028,-0.033,-1.5471,-0.0221,-0.0587,-0.0347,0.04,-0.0319,-0.0092,0.0372,0.0111,0.0561,-0.0271,-0.0282,0.0092,0.0442,0.0356,-0.2274,-0.0422,-0.068,0.0266,0.012,-0.059,-0.1594,-0.0385
676,5736,108,6,cycling,0.0037,-0.1043,-0.0164,-0.0296,0.006,-0.0328,0.0387,1.3189,-0.0649,-0.0189,-0.6312,-0.1111,0.0085,1.2086,-0.0051,0.0077,0.0279,0.0049,0.0129,-0.0018,-0.0006,0.0034,0.0179,-0.0195,-0.0103,-0.0158,0.0259,-0.0223,-0.0425,0.0138,-0.0054,0.0343,0.0096,0.0073,-0.0149,0.0043,0.0406,-1.3644,-0.021,0.023,0.0653,-0.0362,0.0042,0.0063,-1.3795,-0.0025,-0.0056,0.0023,-0.0376,-1.6291,-0.0039,0.0453,0.0117,-0.02,-0.0304,-0.0073,0.0243,0.0319,0.05,-0.0479,-0.0468,-0.0396,0.0565,-0.0339,-0.1899,0.0522,-0.0616,-0.0538,0.0083,-0.054,-0.0847,0.041
677,5737,108,6,cycling,-0.0048,0.1849,-0.0158,-0.0038,-0.0205,-0.0281,0.0077,1.038,-0.045,0.0102,-0.4848,-0.0649,0.0162,1.4151,0.0196,-0.0004,-0.0136,-0.0187,0.0244,0.0231,-0.0025,0.0122,-0.0088,0.0094,0.0294,0.0019,0.0393,-0.0027,-0.0173,0.0368,-0.0066,0.0215,0.0118,0.0011,-0.0092,0.0011,0.0345,-0.942,-0.0304,0.0438,0.049,0.0147,-0.0269,0.0036,-1.3426,0.0026,0.0048,-0.0042,0.0224,-1.6054,-0.0314,-0.0257,-0.0018,0.0466,0.0422,0.0322,-0.0376,-0.0274,-0.05,-0.0589,0.0533,-0.0148,-0.0154,-0.0489,-0.2218,0.0553,-0.0527,-0.0673,0.0595,0.0478,-0.0985,0.0447
678,5738,108,6,cycling,-0.0105,0.2344,-0.0067,-0.0098,-0.0049,-0.0332,-0.0053,0.5695,-0.0376,-0.0115,-0.2769,-0.0557,0.017,1.4173,0.0009,-0.0276,-0.0193,-0.0203,0.0013,-0.018,-0.0035,-0.0083,-0.0005,-0.016,0.0213,0.0044,0.0303,-0.0052,-0.0143,0.0235,-0.007,0.0392,0.0038,0.0009,-0.0118,0.002,0.0383,-1.1563,-0.013,-0.0128,0.0759,0.0426,0.002,-0.0257,-1.566,-0.0284,-0.0292,-0.0042,0.0402,-1.6371,0.0243,-0.044,0.0221,-0.0312,-0.0469,0.0059,0.0159,-0.0039,0.0269,-0.0605,-0.0569,0.0029,0.0511,0.0599,-0.1982,-0.0342,0.053,0.0329,-0.0102,0.0946,-0.1301,-0.0587
679,5739,108,6,cycling,-0.0094,0.2523,-0.0045,0.0239,0.0055,0.0128,0.0174,0.7719,-0.0368,-0.0071,-0.3631,-0.061,0.0278,1.4143,0.0216,0.0003,0.025,0.0064,-0.0022,0.0013,-0.0115,-0.0039,-0.0201,0.0051,-0.015,-0.0085,0.0281,-0.0144,-0.0198,-0.0097,0.0074,0.0333,0.0168,0.0013,-0.0133,0.0027,0.018,-1.0584,-0.0406,-0.0001,0.0656,-0.032,-0.0225,0.0007,-1.3796,0.0085,-0.0249,0.0114,-0.03,-1.6038,0.0396,-0.0104,0.0009,0.0435,0.0348,-0.0003,-0.0482,0.0098,0.0556,-0.0514,0.0452,0.011,-0.0192,-0.0312,-0.2071,-0.0299,-0.0542,-0.0689,-0.0498,0.0389,-0.1386,-0.0713
680,5740,108,6,cycling,-0.0125,0.3248,0.0013,0.0094,-0.017,-0.0232,0.0209,1.0941,-0.0504,0.0144,-0.5091,-0.0784,0.0039,1.4091,0.0025,0.0083,-0.0305,0.0055,-0.0001,-0.0044,-0.0001,-0.006,0.0041,-0.015,-0.0219,-0.0255,0.0115,-0.0186,-0.0442,0.0132,-0.0115,-0.0101,0.0091,0.0011,-0.004,-0.0007,0.0292,-1.1323,0.0074,-0.0193,-0.0222,-0.033,0.0043,-0.0283,-0.773,-0.0405,-0.0367,0.0323,0.026,-1.3358,-0.0168,0.0525,0.0453,-0.0489,-0.0651,-0.0415,0.0587,0.0344,0.0496,0.0277,-0.0318,-0.0141,0.024,0.0374,-0.2073,0.0629,0.0577,-0.0567,-0.0559,-0.0435,-0.1605,0.0544
681,5741,108,6,cycling,-0.0109,0.2698,0.0147,-0.0064,-0.0059,-0.0346,0.0152,0.8612,-0.0464,-0.0025,-0.4147,-0.0659,0.0206,1.3652,-0.0085,-0.0043,-0.0129,0.0078,-0.0064,0.0099,-0.0221,-0.0046,0.0036,0.0168,0.0252,0.0014,0.0339,0.0131,-0.0068,0.0195,-0.0002,0.0352,0.0033,0.0036,-0.012,0.0015,-0.031,-0.8067,0.0231,0.0273,0.0633,0.0113,-0.0054,0.0046,-0.4688,0.007,-0.0024,-0.0181,-0.0214,-1.1194,0.0263,0.0414,-0.0099,0.0306,0.0028,-0.0007,0.0084,0.0281,0.044,-0.037,-0.0179,0.0243,0.0212,0.0408,-0.2056,-0.0506,0.0492,0.0512,0.0392,0.0708,-0.125,0.0326
682,5742,108,6,cycling,-0.0167,0.3088,-0.0095,-0.0004,0.0039,-0.0291,0.0083,0.7855,-0.0469,-0.014,-0.3871,-0.0651,-0.0216,1.4101,-0.0121,-0.0185,-0.025,0.0155,-0.011,-0.0101,0.0193,0.0265,0.0019,-0.0223,0.0045,-0.0024,0.0273,0.002,-0.0201,0.0331,0.0007,0.03,-0.006,0.0059,-0.0134,0.0042,-0.0411,-1.1039,0.0345,0.0237,-0.0287,0.0399,0.0072,0.0062,-0.378,0.0051,0.0106,0.0088,-0.0444,-1.0604,0.0017,0.0374,0.0352,-0.0435,-0.0485,-0.0385,0.0538,-0.0422,0.0579,0.0523,0.0321,-0.0061,-0.0242,-0.0499,-0.2077,0.0596,0.0315,-0.017,0.0036,-0.0556,-0.0949,0.0407
683,5743,108,6,cycling,-0.0177,0.3404,-0.0039,-0.0105,0.0119,-0.0381,0.0238,1.0222,-0.0473,0.0122,-0.486,-0.0678,0.0092,1.3745,0.0044,0.0058,-0.0196,-0.0084,0.0165,0.0185,0.0029,-0.0058,-0.0144,-0.027,0.0299,-0.0071,0.0156,-0.0242,-0.0353,0.0365,-0.0016,0.0284,-0.0008,-0.0063,-0.0138,0.0011,0.0266,-1.0748,0.021,0.0333,0.0683,-0.0006,-0.0038,0.0043,-1.3421,-0.0048,-0.0016,-0.0035,-0.0064,-1.5846,-0.0012,-0.0391,0.0082,0.0072,0.0209,-0.0096,0.0024,-0.0094,-0.0497,0.034,-0.0311,0.0069,0.0277,-0.0431,-0.2018,-0.0424,0.0516,0.0418,0.0554,0.0594,-0.0976,0.048
684,5744,108,6,cycling,0.0087,-0.1539,-0.0007,0.0075,0.0145,-0.0108,0.0068,1.3343,-0.0723,-0.0094,-0.6382,-0.1045,-0.0113,1.2028,-0.0199,0.025,0.0017,0.0304,-0.0055,0.0134,-0.0029,-0.0036,0.0174,0.0043,-0.023,-0.0163,0.0123,-0.0203,-0.0215,0.0044,0.022,0.0243,0.0015,0.0034,-0.0154,0.0064,0.026,-1.3424,0.029,0.042,0.0409,-0.0363,-0.0311,-0.0084,-1.3764,-0.0003,-0.0321,0.0007,0.0416,-1.6325,-0.0389,-0.0444,0.0036,0.0558,0.0589,-0.0038,0.0347,-0.048,-0.0287,-0.046,0.0339,0.0279,0.003,-0.0497,-0.1964,-0.0355,0.0596,0.0652,-0.0372,0.0707,-0.0649,-0.0522
685,5745,108,6,cycling,-0.0174,0.2249,-0.0007,-0.008,-0.0201,-0.0189,0.0231,0.9647,-0.0551,0.0118,-0.4528,-0.0808,0.0106,1.407,-0.0144,0.0068,-0.0021,-0.015,0.0058,-0.001,0.0015,-0.0003,-0.0039,-0.0163,0.0124,-0.0052,0.0365,-0.0018,-0.0287,0.0294,0.0021,0.0224,0.0074,0.0053,-0.0123,0.0041,0.0213,-0.746,0.0086,0.026,-0.0192,0.0306,-0.0004,-0.0136,-0.3785,-0.0091,-0.008,-0.0079,0.0064,-1.0919,-0.0122,0.0507,-0.0114,-0.0322,-0.0445,-0.0035,0.034,0.0034,-0.0384,0.0272,0.0378,0.0065,-0.0072,-0.042,-0.2016,0.0357,0.0247,0.0318,0.0463,0.045,0.0331,0.0436
686,5746,108,6,cycling,0.0097,-0.0705,0.0063,-0.0229,-0.0255,0.0048,0.0407,1.3345,-0.0629,0.0195,-0.6416,-0.0733,-0.002,1.3643,-0.0076,0.0234,-0.0146,-0.0301,-0.0174,0.0113,0.0006,-0.0279,-0.0033,0.0056,0.0288,-0.021,0.0207,0.0181,-0.0386,0.0366,0.0122,0.0157,-0.0104,-0.0083,-0.0016,-0.0051,0.029,-0.9279,0.0248,-0.0344,0.0519,0.044,-0.0088,-0.009,-1.3795,0.0129,-0.0012,-0.026,0.0335,-1.6089,0.0095,-0.0312,0.0039,0.0169,0.0059,-0.0133,-0.014,0.0001,0.0495,0.0539,-0.0352,0.0042,0.0286,0.0528,-0.1753,-0.0584,-0.0601,-0.045,0.0038,-0.0485,-0.0932,-0.0475
687,5747,108,6,cycling,-0.0325,0.2984,-0.0383,-0.0308,0.0158,-0.0779,0.006,1.0347,-0.0749,-0.0099,-0.4828,-0.1179,-0.0059,1.3616,-0.0048,0.0015,0.0139,0.0031,0.0226,0.0081,-0.0273,-0.0182,0.0213,-0.0195,0.0071,-0.0029,0.0334,0.0085,-0.0203,0.0127,-0.024,0.0422,0.0254,0.0003,-0.0173,-0.0033,0.0419,-0.7464,-0.0268,0.0113,0.0578,0.0393,0.0009,0.0102,-0.5447,0.0083,0.0238,0.0286,-0.047,-1.1208,0.0143,0.0486,0.0295,0.0407,-0.0589,-0.045,0.0507,-0.0373,-0.0683,-0.0551,-0.064,-0.044,0.052,0.0715,-0.2029,0.0623,-0.0677,-0.0565,-0.0044,0.0608,-0.1422,0.0368
688,5748,108,6,cycling,0.0034,0.1649,0.0057,-0.011,-0.0205,-0.0287,-0.0065,1.0003,-0.0403,-0.022,-0.4555,-0.0601,-0.0168,1.4156,0.0275,0.0079,0.0101,-0.0137,-0.0179,-0.0121,-0.0145,-0.0152,-0.0181,0.0216,-0.0192,0.0018,0.0269,-0.0072,-0.0106,0.0027,-0.0093,-0.0253,0.0045,-0.0029,-0.0063,0.0084,0.0292,-1.3463,0.0311,0.008,-0.0387,0.0412,0.0241,-0.0103,-1.4606,-0.016,0.0047,-0.0233,0.0304,-1.6369,-0.0334,0.0346,0.006,0.0089,0.0055,-0.0099,-0.0353,-0.0097,-0.0452,-0.0491,0.0325,0.0166,-0.0077,0.0512,-0.1888,0.0443,-0.0554,0.057,-0.0053,0.0585,-0.0775,0.0536
689,5749,108,6,cycling,-0.0004,0.3745,-0.0208,0.0157,-0.0054,-0.0165,0.0184,0.927,-0.0568,0.0037,-0.4385,-0.0715,-0.0092,1.411,0.0115,0.0254,-0.0219,0.0239,0.0066,-0.0172,-0.0223,-0.0089,-0.0042,-0.0015,0.0291,-0.0108,0.0245,-0.0132,-0.0282,0.039,0.0055,0.0264,0.007,0.0014,-0.0093,-0.0006,0.0315,0.2043,-0.0126,0.0302,0.0683,-0.0327,-0.027,-0.0135,-0.3403,-0.0024,-0.017,-0.0081,0.0196,-1.0483,-0.0332,-0.0471,0.0145,-0.0016,-0.0421,0.0158,0.0074,0.0523,-0.0407,-0.0455,0.0419,0.0035,-0.0005,0.0369,-0.201,-0.0541,-0.0671,-0.0152,0.051,-0.0644,-0.1389,-0.0593
690,5750,108,6,cycling,0.0103,0.2345,-0.0178,0.0119,0.0157,0.0136,-0.0329,0.7703,-0.054,-0.019,-0.3728,-0.075,0.0059,1.4122,0.014,-0.0129,-0.0031,-0.0042,0.0021,-0.0168,-0.0066,0.0019,-0.0009,-0.0044,0.0091,0.0091,0.0268,0.0083,0.0076,0.0243,-0.0033,0.0342,-0.0052,0.0041,-0.0144,-0.0069,-0.0226,-1.1025,0.0064,0.0283,0.0725,0.0298,0.0185,0.0016,-0.3283,-0.005,-0.0119,-0.0254,-0.0437,-1.0333,-0.0369,-0.0469,-0.0319,-0.0359,0.0234,-0.0304,0.0203,-0.0473,0.041,0.0213,-0.0559,-0.0098,0.0525,0.0275,-0.198,0.0377,0.0424,0.039,0.0276,0.0717,-0.1383,0.0645
691,5751,108,6,cycling,0.0079,-0.0602,0.0115,0.0017,-0.0008,-0.0081,0.0424,1.3346,-0.0692,-0.0195,-0.6406,-0.111,0.03,1.3655,-0.0142,0.0159,0.0062,0.0278,-0.0173,0.0132,0.0048,0.0039,-0.0058,0.0095,-0.0108,-0.0029,0.0228,-0.0219,-0.0369,0.0329,-0.0163,0.0188,0.0039,0.0125,-0.0084,0.0029,0.0491,-1.1638,0.0082,0.0393,0.0643,-0.0511,-0.0066,-0.005,-1.3649,0.0066,0.0052,-0.0257,0.0246,-1.6176,0.0036,0.0486,0.0209,-0.007,0.0414,-0.0016,-0.028,-0.0349,0.0459,0.0504,-0.0441,0.0089,0.0462,0.0317,-0.2073,-0.0389,-0.0477,0.0293,0.0378,0.0758,-0.1316,-0.0338
692,5752,108,6,cycling,0.0018,-0.1195,-0.0039,-0.0078,-0.0045,-0.0182,-0.0217,1.0082,-0.0476,0.0058,-0.4724,-0.0674,-0.0092,1.3674,0.0108,0.006,-0.0121,-0.0139,-0.0002,-0.0022,-0.0221,0.0142,-0.0116,0.0263,-0.029,-0.017,0.0288,0.0191,-0.0152,0.0239,0.0013,0.0301,0.0092,0.0104,-0.0066,0.0019,-0.0323,-1.3403,0.0089,-0.0251,0.0497,0.0507,0.0095,0.0018,-1.4695,-0.0042,0.0046,-0.0042,-0.0342,-1.6275,0.0334,-0.0459,0.0163,-0.0356,-0.0087,-0.027,0.0096,-0.0449,-0.0581,-0.0425,-0.0559,-0.0129,0.0464,-0.0516,-0.183,-0.0366,-0.0413,-0.0209,-0.0565,-0.0642,-0.1606,-0.0436
693,5753,108,6,cycling,-0.0105,0.2749,-0.0028,-0.0033,0.0195,-0.0232,0.0273,0.9719,-0.055,0.0125,-0.4544,-0.0743,0.013,1.4151,-0.0224,0.0078,0.0116,-0.0183,-0.0263,-0.0054,-0.0208,-0.0069,-0.0001,0.0248,-0.0145,0.015,0.0318,-0.0015,0.0281,-0.0042,-0.0092,0.0404,-0.0065,0.0009,-0.0194,-0.0164,-0.041,0.1823,-0.0372,0.0323,0.0605,0.0344,-0.0031,0.0075,-0.3321,0.0038,0.0089,0.0132,0.0305,-1.0692,-0.0211,-0.0584,-0.025,0.0387,0.0357,0.0072,-0.0043,-0.0077,0.052,0.0177,-0.0494,-0.027,0.0534,0.0544,-0.1966,0.0628,-0.033,-0.0579,0.0032,0.0519,-0.1253,-0.0655
694,5754,108,6,cycling,-0.0139,0.3407,0.004,0.0098,0.0204,0.0006,0.038,0.9268,-0.0529,-0.0031,-0.4362,-0.0783,-0.008,1.4145,-0.0164,0.0073,-0.0065,0.0119,0.0014,0.0103,0.0082,-0.0006,-0.0025,-0.0237,0.0186,-0.0091,0.0358,-0.0006,-0.0255,0.0338,0.0005,0.0277,0.0059,0.0095,-0.0083,0.0066,0.0406,-0.3648,0.0195,0.022,0.0586,0.032,-0.0289,0.0155,-0.3499,0.0031,-0.0016,0.0064,0.0175,-1.079,-0.0062,0.0315,0.0121,0.0142,0.0065,0.0069,-0.0212,0.0015,-0.0505,0.044,-0.0465,0.0293,0.0307,0.0419,-0.2273,-0.0573,0.0054,0.0472,0.0435,0.0685,-0.1374,-0.0033
695,5755,108,6,cycling,-0.0011,0.2987,-0.0149,0.0034,-0.0218,0.017,-0.025,0.5845,-0.0314,-0.0183,-0.2817,-0.0626,-0.0027,1.3703,0.0326,0.0114,-0.0208,-0.0307,-0.0071,0.0004,-0.0094,-0.0058,0.0048,-0.0081,-0.023,-0.0129,0.0349,0.0103,-0.0291,0.0262,-0.0099,0.0284,0.0031,0.0004,-0.0151,-0.006,0.0379,-0.7013,0.0009,0.0278,0.0558,-0.0332,-0.0092,-0.016,-0.3679,-0.013,0.0056,-0.0118,-0.0193,-1.0533,0.0246,0.0545,0.0408,-0.0075,0.0436,0.0135,0.0011,-0.0459,-0.058,0.0391,0.022,-0.0093,-0.0102,-0.0631,-0.2238,-0.0516,0.0473,0.0095,0.0496,0.0595,-0.1374,-0.0445
696,5756,108,6,cycling,0.0185,0.2049,-0.0111,0.0056,-0.0038,0.016,0.0257,1.0794,-0.0521,-0.0008,-0.5229,-0.0732,0.0082,1.4091,0.0092,0.0149,0.0079,0.0027,-0.0171,0.0279,-0.0289,0.0042,0.0204,0.015,0.0324,-0.0015,0.0293,-0.0039,-0.0334,0.0265,0.0007,0.0343,-0.0079,0.0105,-0.0117,0.0021,0.0424,-1.0987,-0.0135,0.0122,0.0565,0.0317,0.0222,0.0196,-1.3791,0.0061,0.0372,-0.0211,0.024,-1.5951,0.0353,-0.0414,0.0012,0.0488,0.0496,0.0366,-0.0237,0.0026,-0.0466,0.0641,-0.0399,-0.0085,0.0303,0.0599,-0.2123,0.0025,-0.0431,0.0065,-0.0088,-0.0617,-0.1317,-0.0554
697,5757,108,6,cycling,-0.0138,0.2695,-0.0054,0.0271,-0.0162,-0.0099,-0.018,0.5801,-0.0259,-0.0158,-0.2719,-0.0517,-0.0001,1.4147,-0.0324,0.0074,-0.0066,-0.0149,0.0018,0.0249,-0.0118,0.0042,-0.0121,0.002,-0.0032,-0.0033,0.0268,-0.0084,-0.0223,0.013,-0.005,0.0354,0.0052,0.0048,-0.0195,0.0014,0.0201,-0.7883,-0.0371,0.0282,0.065,0.0483,0.0215,-0.0171,-0.5148,-0.0095,0.0018,0.0058,0.0235,-1.0932,0.0103,0.0491,0.0065,0.0295,-0.046,-0.0366,0.0404,-0.0539,-0.0503,-0.0427,-0.0573,-0.0217,0.0525,-0.0645,-0.2354,-0.0544,-0.0586,-0.0606,0.0419,0.0677,-0.1751,-0.0343
698,5758,108,6,cycling,-0.0056,0.2057,-0.0083,-0.0242,-0.0017,-0.0419,0.0055,1.155,-0.03,0.0062,-0.4192,-0.0253,0.0007,1.5142,-0.023,0.0117,0.0064,0.0285,-0.0051,0.0184,-0.0034,0.0075,-0.0195,-0.0244,-0.0084,-0.0269,0.0133,-0.0304,-0.0365,0.0125,-0.0003,0.0295,0.0091,0.0074,-0.0159,0.0076,0.021,-1.164,0.0204,-0.0516,0.0506,-0.0404,0.033,-0.0056,-1.2688,-0.0163,0.0133,0.0011,-0.0289,-1.595,0.0066,-0.0391,0.0303,0.0009,-0.0677,-0.0443,0.0288,-0.0621,0.0448,0.0297,-0.0725,-0.0143,0.0576,-0.0463,-0.2197,0.0467,-0.0619,-0.035,0.0137,0.0494,0.0002,0.0719
699,5759,108,6,cycling,0.0017,0.2544,-0.0101,0.0045,-0.0058,0.0185,0.0029,0.9179,-0.0473,-0.0033,-0.4354,-0.069,0.029,1.4046,-0.0165,0.0113,-0.0062,-0.0157,0.0138,0.0081,-0.0003,0.0096,-0.0122,-0.0145,-0.019,0.0004,0.0365,-0.0019,-0.0266,0.0275,0.0039,0.0307,0.0078,0.0082,-0.012,-0.0007,-0.0228,-1.0738,-0.0376,0.0345,0.0665,-0.0404,0.0003,0.0074,-1.4699,0.0091,0.0073,-0.0091,0.032,-1.622,0.0335,0.0486,0.0219,0.0316,-0.0283,-0.0247,0.05,-0.0273,-0.0444,0.0171,-0.049,0.0085,0.0422,-0.0608,-0.2348,-0.0259,-0.0562,-0.0456,0.0202,0.0582,-0.1639,-0.0469
700,5760,108,6,cycling,-0.0127,0.2409,-0.0034,-0.009,0.0136,-0.0202,0.0328,0.9542,-0.0569,0.0021,-0.4519,-0.0785,0.016,1.4111,-0.0229,0.0114,-0.0001,-0.0064,0.0251,-0.0043,-0.0043,-0.0146,-0.005,-0.0106,0.0011,-0.0174,0.021,-0.0183,-0.0375,0.0247,0.0086,0.0262,0.007,-0.0086,-0.0073,-0.0036,-0.0441,-0.7186,-0.029,0.0308,-0.0489,-0.028,-0.0159,0.0231,-0.3774,0.0086,0.0126,0.0195,0.0386,-1.0273,-0.0342,-0.0364,-0.0056,0.0395,0.0467,-0.0158,-0.0425,-0.0457,0.0402,-0.0414,0.051,-0.0062,-0.0207,-0.0689,-0.2373,0.0538,-0.0316,-0.0543,0.0555,-0.0479,-0.1605,0.0432
701,5761,108,6,cycling,-0.0183,0.2537,-0.0109,-0.0378,-0.0096,-0.0564,-0.0166,0.557,-0.0251,0.0004,-0.2744,-0.0547,0.0173,1.405,-0.0069,-0.0044,-0.0279,-0.0266,0.0026,0.0224,-0.0054,-0.0018,-0.0151,0.0085,-0.021,-0.0191,0.0316,-0.0125,-0.023,0.0247,-0.0033,0.042,0.0116,0.0076,-0.0208,-0.0073,0.0144,-0.7185,-0.0308,0.034,0.0657,0.0397,-0.003,0.0069,-0.3254,0.0105,0.0025,0.013,-0.0354,-1.0407,0.0042,-0.0586,-0.0295,-0.0052,0.0324,0.0286,-0.0152,0.0067,0.0385,-0.0601,-0.0502,0.0048,0.0455,-0.0486,-0.1963,-0.0535,-0.047,-0.0515,0.0415,0.0665,-0.1342,-0.0368
702,5762,108,6,cycling,-0.0079,0.3244,-0.0033,-0.0027,-0.0002,-0.0113,-0.0158,0.5623,-0.032,0.0063,-0.264,-0.054,0.0184,1.4095,0.0084,-0.013,-0.0099,-0.0194,0.0258,-0.0051,-0.0035,-0.0041,0.0038,-0.0012,-0.0204,0.01,0.0215,-0.0128,0.0065,-0.0272,0.007,-0.0246,-0.0083,0.0005,0.0021,0.0032,-0.0179,-1.05,-0.0316,-0.0293,-0.0702,0.0146,-0.0048,0.0007,-0.3294,0.0094,0.0116,-0.0093,-0.0233,-1.0262,0.036,0.0348,-0.0371,0.0222,0.0489,-0.0165,0.0055,-0.0476,0.0407,0.0425,0.0414,0.0037,-0.0268,-0.0466,-0.2013,0.0435,0.0492,0.0306,0.0049,0.0655,-0.0733,-0.0289
703,5763,108,6,cycling,-0.0106,0.3807,-0.0144,0.0168,0.0005,0.0089,0.0183,0.5591,-0.0296,-0.0153,-0.2675,-0.0578,-0.0064,1.4052,0.0035,0.0058,0.0193,0.02,0.0242,0.0074,-0.0026,0.0129,-0.0049,0.0023,0.0119,-0.0136,0.0235,0.0019,-0.0358,0.0229,0.0011,0.0329,0.0049,0.0038,-0.0136,0.0022,-0.0269,-0.3401,-0.0424,0.0418,0.0556,0.0484,0.0276,-0.0105,-0.3299,-0.0044,-0.0115,-0.0017,-0.0405,-1.0334,0.0017,-0.0219,0.0034,-0.03,-0.0399,-0.0461,0.0627,-0.0448,0.0585,0.0434,0.0537,-0.009,0.0032,0.0315,-0.1838,0.0497,0.0282,-0.06,0.0366,0.0618,-0.1302,0.0472
704,5764,108,6,cycling,-0.0125,0.3407,-0.013,-0.0004,0.0088,-0.0253,-0.0059,0.5573,-0.0266,-0.0093,-0.2745,-0.0536,-0.007,1.3731,0.0025,-0.0162,0.0159,0.019,0.0045,-0.0234,-0.0222,0.0037,-0.0201,-0.0185,0.0286,-0.0064,0.0304,-0.0079,-0.0213,0.0248,-0.0147,0.0391,-0.0012,0.0036,-0.0108,0.001,0.0415,-0.3779,-0.0117,-0.0047,0.0716,-0.0364,0.0275,-0.005,-0.3425,-0.002,-0.0093,-0.0119,0.009,-1.0555,-0.0016,0.0524,0.0336,0.0006,0.0426,0.0065,-0.017,-0.035,0.0588,0.0436,0.0455,-0.015,-0.0299,-0.032,-0.1883,0.0406,0.0606,-0.0229,-0.0055,0.0705,-0.1096,0.064
705,5765,108,6,cycling,-0.0174,0.2247,0.0219,-0.0136,-0.0238,-0.035,-0.0109,0.7464,-0.0321,0.0051,-0.3525,-0.0525,0.0069,1.4108,0.0089,-0.0255,-0.03,0.0092,0.0195,-0.0282,0.0001,-0.0125,-0.0204,-0.0049,0.0226,-0.003,0.0335,-0.011,-0.0078,0.026,-0.0025,0.0408,0.0105,-0.0099,-0.0141,-0.0019,0.0386,-1.0996,0.044,0.0246,0.0723,0.0277,-0.0159,0.0164,-0.3547,0.0049,0.002,0.0084,0.0425,-1.0774,0.0363,0.0296,-0.0182,-0.0138,0.037,-0.012,0.0095,-0.0345,0.0493,0.0643,0.0316,0.0218,-0.0035,-0.0416,-0.227,0.0075,-0.0469,0.0489,0.0587,-0.0616,-0.0982,0.0574
706,5766,108,6,cycling,-0.0115,0.2443,0.0137,0.0078,0.0174,-0.0081,-0.0209,0.7189,-0.034,-0.0069,-0.344,-0.0601,-0.0129,1.3695,-0.0058,0.023,-0.022,0.0309,-0.0003,0.0011,-0.002,0.0039,-0.0032,0.0078,-0.0189,-0.0047,-0.0213,-0.0093,-0.0247,-0.0167,-0.0154,0.0296,0.0125,0.0052,-0.0113,-0.0086,0.0282,-1.2046,0.0069,0.0149,0.0645,-0.01,-0.0069,-0.0193,-0.7564,-0.0158,-0.0146,-0.0015,-0.0276,-1.3185,-0.0036,0.0528,0.0079,-0.0056,0.0058,-0.0254,0.0096,-0.0339,-0.0404,-0.0567,-0.0436,0.003,0.0442,0.05,-0.1843,-0.035,0.0491,-0.0027,0.0423,0.0729,-0.1319,0.0375
707,5767,108,6,cycling,-0.0184,0.3803,0.0018,0.0308,-0.0165,-0.0139,0.0323,0.8231,-0.0499,0.0036,-0.4,-0.0661,0.0273,1.404,0.0229,0.0219,0.0109,0.015,0.0144,0.0175,-0.0007,-0.0093,-0.0058,-0.0063,0.0241,-0.0239,0.0345,-0.006,-0.0459,0.041,-0.0008,0.0289,0.0125,-0.0041,-0.0202,0.0027,-0.0079,0.059,0.029,0.039,0.0656,0.0507,0.0088,-0.0057,-0.3426,-0.0119,-0.0013,-0.0043,0.0389,-1.0355,-0.0364,0.0518,-0.0252,0.0193,-0.0376,0.0029,0.0561,-0.0062,0.0333,0.0406,-0.0612,0.0122,0.0473,-0.0527,-0.1838,-0.0635,-0.062,0.046,0.0317,0.0706,-0.0872,0.0643
708,5768,108,6,cycling,-0.0084,0.3834,-0.0099,-0.0025,0.0004,-0.0254,-0.0137,0.6142,-0.029,-0.016,-0.2912,-0.0592,-0.0039,1.3693,-0.0153,-0.0013,0.0173,-0.0047,-0.0055,-0.007,0.0064,0.0078,0.0121,0.0004,0.0313,-0.0114,0.0287,0.0053,-0.0208,0.023,0.005,0.0278,0.0141,0.0036,-0.0162,0.0109,0.0267,-0.4697,0.0212,0.0376,0.0422,0.0503,-0.0007,0.0102,-0.3766,-0.007,-0.0063,-0.006,0.0033,-1.0536,-0.0182,0.0457,0.0019,-0.0247,0.0468,0.0089,-0.0306,-0.0226,-0.0431,0.0512,-0.0415,-0.0113,0.0545,-0.0484,-0.1835,-0.0402,0.0332,-0.0369,0.0199,0.0498,-0.0988,0.0325
709,5769,108,6,cycling,0.0071,0.2067,-0.0065,-0.0014,-0.0173,-0.0108,-0.0024,0.7348,-0.0313,0.0045,-0.3479,-0.0641,-0.0032,1.41,0.0143,0.0226,0.011,-0.0123,0.0268,-0.0193,-0.0008,-0.0093,-0.0041,-0.0236,0.0218,0.0058,0.0163,-0.0088,-0.0276,0.0324,0.0025,0.025,0.0074,0.0004,-0.0157,0.008,-0.0365,-1.0687,0.0182,0.0393,0.0574,0.0517,-0.01,-0.0209,-0.7968,-0.0241,-0.0099,0.0125,0.0354,-1.3378,-0.0083,-0.0585,0.0011,0.0418,-0.0334,-0.0489,0.0432,-0.0478,0.0453,-0.0445,-0.0603,0.0023,0.0636,-0.0289,-0.1953,-0.0499,0.0302,0.0372,0.0622,0.075,-0.1311,0.0537
710,5770,108,6,cycling,0.0,0.0,0.0,0.0,0.0,0.0,0.0,0.0,0.0,0.0,0.0,0.0,0.0,0.0,0.0,0.0,0.0,0.0,0.0,0.0,0.0,0.0,0.0,0.0,0.0,0.0,0.0,0.0,0.0,0.0,0.0,0.0,0.0,0.0,0.0,0.0,0.0,0.0,0.0,0.0,0.0,0.0,0.0,0.0,-0.3187,-0.0338,0.0641,-0.0583,-0.068,-1.2067,0.0518,0.0553,0.0655,-0.0461,-0.0781,0.0605,0.0008,0.0668,-0.0695,0.0708,0.077,0.0596,0.0232,0.0743,0.0436,-0.0,0.0442,0.0344,0.0135,0.0424,-0.1252,-0.0632
711,5771,108,6,cycling,-0.0023,0.3428,0.0019,-0.0047,-0.0179,-0.0246,0.0099,0.9183,-0.0493,-0.0053,-0.4417,-0.075,0.0073,1.3692,-0.0114,-0.0107,-0.022,0.0252,-0.0064,0.0039,0.0024,0.012,-0.0009,-0.0184,0.0292,0.019,0.0307,0.0205,0.0166,0.0349,-0.0022,0.0387,0.0085,-0.002,-0.0166,-0.0029,-0.0155,-0.4184,-0.0081,0.033,0.0585,-0.0365,0.0131,0.0027,-0.3458,0.0054,0.0238,-0.0039,-0.0211,-1.0422,0.0016,0.0142,-0.0276,0.0047,0.0267,-0.012,0.0465,-0.0319,0.0445,-0.0415,-0.0484,-0.009,0.045,-0.039,-0.1978,0.0511,0.0552,-0.0285,0.0562,0.0638,-0.109,0.0327
712,5772,108,6,cycling,0.0034,0.2039,-0.0076,0.0093,0.0015,-0.0216,0.0337,1.0388,-0.0493,0.0179,-0.4911,-0.0691,0.0162,1.4357,0.0045,-0.0122,0.0054,-0.0196,0.0158,-0.0116,-0.0024,-0.0007,0.0041,0.0085,0.0266,0.002,0.0328,0.007,-0.0139,0.0278,-0.0067,0.0305,0.0079,0.0035,-0.0109,0.0021,0.028,-1.2048,0.0073,0.0256,0.0705,0.0379,0.014,0.0106,-1.3292,0.0079,0.0126,0.0024,-0.0421,-1.5825,-0.0208,-0.024,0.0346,0.0054,0.0314,-0.003,-0.0298,-0.0444,0.0488,0.0476,0.0357,0.0128,-0.0063,0.0414,-0.2177,0.0082,0.0368,0.0203,0.0303,0.0583,-0.1371,-0.0457
713,5773,108,6,cycling,0.0579,-0.0672,0.0646,0.0701,0.0618,0.0198,0.0391,-0.0919,-0.0226,-0.0229,0.0632,0.0216,0.0079,-0.0718,0.0056,0.0153,0.0157,-0.0064,0.0168,0.0017,0.0062,0.003,-0.004,-0.0191,0.0063,0.0033,0.0196,0.0127,-0.0103,-0.0071,-0.0147,0.0177,0.0005,-0.0007,-0.0129,-0.0026,0.0507,-0.0527,0.0413,0.0309,0.0475,0.0564,-0.0103,0.0045,-0.1578,-0.0238,0.0169,0.0024,0.0197,-0.9646,0.0099,0.0249,0.007,0.0083,-0.0198,0.0179,0.0135,-0.0002,0.0373,0.0008,-0.0254,0.0513,0.0349,0.0288,-0.1037,-0.0586,0.0458,0.0405,0.0494,0.08,-0.0665,0.0142
714,5774,108,6,cycling,-0.0038,0.3743,-0.0115,0.0236,-0.0077,0.0122,0.0303,1.009,-0.0479,0.0045,-0.4765,-0.065,0.0174,1.4151,-0.0163,0.0204,-0.008,0.006,0.01,-0.0134,-0.019,-0.0023,-0.0053,-0.0056,0.0324,-0.0076,0.0229,-0.0056,-0.0284,0.0217,0.0007,0.0398,0.0131,-0.0018,-0.014,0.002,0.0278,-1.0856,-0.0069,0.0295,0.0587,0.0255,0.0083,0.011,-1.4918,-0.0119,0.0262,0.0154,0.0045,-1.6174,0.0368,0.0401,-0.0345,-0.0009,-0.0374,-0.0071,0.051,0.0076,-0.038,0.0423,-0.0509,0.0105,0.0554,-0.0336,-0.2019,-0.0469,0.0359,-0.0077,0.0482,0.0672,-0.1323,-0.0446
715,5775,108,6,cycling,-0.0053,0.2404,-0.0039,-0.0009,-0.0132,-0.0289,0.0078,0.8186,-0.0346,-0.0038,-0.4034,-0.0566,0.0116,1.4108,-0.0023,0.021,0.0106,-0.0146,-0.0068,-0.012,-0.0226,-0.0003,0.0089,-0.0041,0.0191,-0.007,0.0372,-0.0096,-0.0152,0.0398,-0.0007,0.0326,-0.0012,0.0031,-0.0124,0.0044,0.024,-1.1033,0.0165,0.0303,0.0556,0.0276,-0.02,-0.0231,-0.7526,-0.0038,-0.0174,-0.0118,0.0188,-1.3137,0.0025,0.0513,-0.0315,-0.004,0.0266,-0.0083,0.025,-0.0333,0.0363,-0.0504,-0.0522,0.0154,0.0407,0.0479,-0.2177,-0.0489,0.0416,0.0493,0.0603,0.0637,-0.1595,0.0292
716,5776,108,6,cycling,-0.0051,0.1832,-0.0084,-0.0155,-0.0018,-0.0275,0.0187,1.033,-0.0502,0.0121,-0.4799,-0.07,-0.0026,1.415,-0.0062,0.0219,0.0195,-0.0073,0.0096,-0.0209,-0.0133,-0.0037,0.0002,0.0013,0.0263,-0.0047,0.0296,0.0088,-0.0147,0.0327,0.0048,0.0344,0.0112,0.0035,-0.0161,0.0028,-0.0238,-1.0939,-0.0309,0.0359,0.0544,0.0318,-0.0281,-0.005,-0.796,0.0006,-0.0158,0.0007,0.0105,-1.3175,-0.0376,-0.0429,0.0056,-0.0246,0.0363,0.0125,0.0134,-0.0259,-0.041,0.0588,-0.022,0.0115,0.039,0.0472,-0.2256,0.0096,-0.0457,0.0572,0.0177,0.0534,-0.1696,0.0628
717,5777,108,6,cycling,-0.0024,0.3349,0.0005,-0.0018,-0.013,-0.022,0.0202,0.7262,-0.0395,-0.0087,-0.3505,-0.063,-0.0155,1.3612,0.019,0.0033,0.0163,0.0092,0.0231,0.0114,0.005,-0.0063,0.0033,-0.0216,0.028,-0.0078,0.0312,-0.0039,-0.0296,0.0362,-0.0045,0.0424,0.0126,0.0055,-0.0109,-0.0026,-0.0255,0.202,0.0147,0.0246,0.0669,0.0377,-0.0023,0.0135,-0.3175,0.0076,0.0005,0.0001,0.0183,-1.0332,-0.0003,-0.0509,0.001,0.0444,0.0354,0.0071,0.0062,-0.04,0.03,0.045,0.0055,-0.005,0.0341,0.0558,-0.212,0.0036,-0.0324,-0.0265,0.0179,-0.0604,-0.1385,0.0573
718,5778,108,6,cycling,-0.0135,0.2983,-0.0187,-0.0049,-0.0151,-0.0212,0.0113,0.8074,-0.0352,0.0053,-0.3912,-0.0622,0.0097,1.4145,-0.0086,0.0198,-0.016,0.0102,0.0302,0.0025,0.0001,0.0033,0.0011,-0.023,0.0204,-0.0141,0.0223,-0.026,-0.0258,0.0276,0.0013,0.0288,0.0113,-0.0045,-0.0069,0.0077,0.0128,-0.7455,-0.0245,-0.0046,0.0637,0.0425,0.0036,0.0018,-0.3409,-0.0055,-0.0176,0.0131,-0.0317,-1.0442,0.0342,0.0296,0.0324,-0.0389,-0.0333,-0.0377,0.0413,0.0367,0.055,0.0469,-0.0432,-0.0189,0.0499,-0.0053,-0.1969,0.0472,-0.0515,-0.0508,0.0058,-0.0392,-0.1387,0.0457
719,5779,108,6,cycling,-0.0161,0.2035,0.0008,-0.0065,0.019,0.0017,0.0049,0.7728,-0.0343,0.0111,-0.3655,-0.0546,-0.0188,1.407,0.0099,0.0035,-0.0126,-0.0263,-0.0083,0.0226,-0.0027,-0.0065,0.0014,0.0051,0.028,-0.0155,0.0147,0.0105,-0.0277,0.024,-0.0062,0.025,-0.0134,-0.0037,-0.0184,0.0076,0.042,-0.3288,-0.0301,-0.0394,0.0699,-0.0411,-0.0204,0.0012,-0.3342,0.0216,-0.0053,0.0298,-0.0042,-1.0565,0.0239,0.0403,0.0052,0.0371,0.0556,0.0312,-0.0448,-0.0178,-0.0473,0.0495,0.0489,-0.0122,-0.0535,0.0338,-0.2255,0.032,0.0686,-0.0588,-0.0386,0.0736,-0.1552,-0.0513
720,5780,108,6,cycling,-0.0029,0.2446,0.0058,0.0218,-0.0155,-0.0125,0.0281,0.9164,-0.0515,0.0096,-0.426,-0.0652,0.017,1.4153,-0.0132,0.0225,-0.0017,0.0106,0.0049,0.0085,-0.0066,-0.0098,-0.0009,0.0031,0.0072,-0.0009,0.0252,0.0072,-0.0148,0.0222,0.0006,0.0293,0.0083,0.0055,-0.0115,0.0022,0.0389,-0.4689,-0.0003,-0.0035,0.0606,-0.0195,-0.003,-0.0105,-0.3389,-0.0005,-0.0014,0.0004,0.0068,-1.0335,0.0233,0.0205,0.0102,0.0314,-0.0279,-0.0073,0.0097,-0.0303,-0.034,0.0455,0.0322,0.0063,-0.0163,0.0368,-0.2277,0.0448,-0.0268,0.0046,0.0249,0.0426,-0.1096,0.0409
721,5781,108,6,cycling,0.0048,0.2527,-0.0033,-0.0024,0.0055,-0.0169,-0.0008,0.584,-0.0262,-0.0109,-0.2842,-0.0542,0.0098,1.3704,-0.0112,0.0065,-0.022,-0.0148,0.012,0.0072,-0.0012,0.0052,0.0001,-0.0199,0.0083,-0.0082,0.021,-0.0052,-0.0233,0.0295,0.0026,0.033,0.0019,0.0053,-0.0082,0.0005,0.0179,-0.7034,0.0133,0.0365,0.072,0.0187,-0.0072,0.0076,-0.3649,0.0092,0.0091,0.0155,0.004,-1.0487,-0.0274,-0.0373,0.0253,0.0319,0.045,-0.0242,0.0209,-0.0384,0.0492,-0.0395,-0.0534,-0.0087,0.0407,0.0579,-0.2047,-0.0473,0.0511,-0.0433,0.0327,0.069,-0.15,0.0302
722,5782,108,6,cycling,0.0008,0.2345,-0.0027,-0.0112,0.0084,-0.0295,0.0209,1.0181,-0.0475,-0.0063,-0.4782,-0.0715,0.0042,1.4062,-0.0059,-0.0104,0.0122,0.0017,0.0091,-0.0234,-0.0166,0.0006,-0.0031,-0.0149,0.0244,-0.0151,0.0212,-0.0135,-0.0253,0.039,-0.0001,0.0307,0.0054,-0.0046,-0.0176,0.0007,0.0191,0.0592,-0.0035,-0.007,0.065,0.0263,0.028,0.0093,-0.3364,-0.0103,-0.0024,-0.001,-0.042,-1.0403,0.0326,0.0509,0.0014,0.0375,0.033,0.0061,0.0273,-0.0227,0.0343,0.0489,-0.0512,-0.019,0.0352,-0.0524,-0.184,0.0574,-0.0566,-0.046,-0.036,0.0554,-0.0975,0.0388
723,5783,108,6,cycling,-0.0185,-0.0352,-0.0138,-0.0029,0.0045,-0.0267,0.0346,1.3729,-0.062,-0.0125,-0.6524,-0.0867,-0.0033,1.1541,-0.0205,0.0062,-0.0195,0.0075,-0.0225,-0.0149,-0.0118,0.0004,0.0068,0.0015,-0.0326,-0.0058,0.0109,-0.0254,-0.0218,0.0093,0.008,-0.0274,0.0001,-0.0154,-0.0163,0.0037,0.0231,-1.2048,-0.0249,0.0315,-0.0388,-0.0457,-0.0038,-0.008,-1.3178,-0.0126,-0.002,-0.0105,0.0369,-1.6041,0.029,-0.0407,0.0022,0.0302,-0.0417,-0.0106,0.0498,-0.013,-0.0502,0.0511,-0.0171,-0.039,0.042,0.0379,-0.2057,0.055,0.0486,-0.0435,-0.0336,-0.0631,-0.1301,-0.066
724,5784,108,6,cycling,-0.0099,0.3095,0.0052,-0.0087,-0.0079,-0.0229,0.0109,1.0,-0.0425,-0.0065,-0.4756,-0.0654,-0.0152,1.3658,-0.0028,-0.0198,-0.0132,0.0306,0.0115,-0.0018,0.0001,0.0045,-0.0096,-0.007,-0.0085,-0.003,0.0188,0.0166,-0.0211,-0.0019,-0.0126,0.0253,0.004,-0.0024,-0.016,-0.0077,0.0381,-1.1421,0.0085,0.0179,0.0687,0.0288,0.0235,-0.0206,-0.7596,-0.0314,-0.0145,-0.0328,-0.04,-1.3183,-0.0271,-0.0415,0.0071,-0.0475,0.0378,-0.05,0.0458,-0.0596,0.0439,-0.0755,0.0519,0.0145,-0.0248,-0.0367,-0.2035,0.049,0.0341,0.0623,-0.0062,0.0733,-0.0704,0.0463
725,5785,108,6,cycling,0.0007,0.2442,-0.0088,-0.0124,-0.0198,-0.0375,-0.0117,0.7262,-0.0388,-0.0097,-0.3536,-0.0648,0.0042,1.3702,-0.0013,0.0053,0.025,-0.0136,0.0022,-0.0109,-0.017,-0.0001,-0.0075,0.0213,0.0032,-0.0088,0.0234,-0.0027,-0.029,0.0169,-0.005,0.0289,-0.0007,-0.0056,-0.0141,-0.0046,0.0247,0.2038,0.0063,0.0189,0.056,0.0328,-0.0035,0.0093,-0.342,0.0068,0.0013,0.0026,-0.0344,-1.0207,0.0275,0.0426,-0.0016,-0.0454,0.0332,0.0072,-0.0227,-0.0118,0.0263,-0.0506,-0.0304,-0.0157,0.0313,0.0355,-0.1946,-0.0097,-0.0412,-0.0306,0.0214,-0.0393,-0.0933,-0.04
726,5786,108,6,cycling,0.0173,-0.1054,0.0067,0.0048,-0.0209,0.0181,0.0252,1.3547,-0.0795,-0.005,-0.636,-0.1167,-0.0367,1.2552,0.0119,0.0239,-0.0156,-0.0026,-0.022,0.0262,0.007,-0.0247,0.0036,0.016,0.0335,-0.0025,0.04,-0.0085,-0.0191,0.0493,0.0011,0.0218,-0.0007,-0.0053,-0.0166,0.0036,-0.0135,-1.205,0.0144,-0.0326,0.0585,-0.0123,-0.0082,-0.0282,-0.7749,-0.0136,-0.0345,0.0029,0.027,-1.3359,-0.0096,-0.0101,0.0314,0.0351,-0.0377,-0.0292,0.0501,-0.0525,0.0425,-0.0565,-0.0455,0.0048,0.0536,0.0435,-0.2343,0.0039,0.0592,0.047,-0.0389,0.06,-0.1621,0.0703
727,5787,108,6,cycling,0.0513,0.2074,-0.0084,0.0388,-0.0209,0.0112,0.0417,0.9668,-0.0615,0.0146,-0.4404,-0.0763,-0.0214,1.4156,0.0272,-0.0107,-0.0171,0.0035,0.0154,-0.026,0.0239,-0.0078,-0.0058,-0.0066,-0.0003,0.0168,0.0431,-0.013,0.0049,0.0345,0.0024,0.0125,0.0095,-0.0006,-0.025,-0.0011,0.0398,-1.0443,0.0493,0.0285,0.0408,0.0525,-0.0323,-0.0224,-1.4671,0.0136,-0.0196,0.033,0.03,-1.6314,0.0185,-0.0452,0.0507,0.0484,-0.0551,0.0361,-0.0597,0.0656,-0.0545,-0.0465,-0.0643,0.0273,0.0572,0.0604,-0.2371,-0.063,0.0375,0.0562,0.0622,0.0674,-0.1375,0.053
728,5788,108,6,cycling,-0.0039,0.2544,-0.0085,0.006,-0.0145,-0.0154,0.0059,0.9249,-0.044,-0.0047,-0.4299,-0.067,0.0304,1.4154,-0.022,0.0076,-0.02,-0.0111,-0.0062,-0.0198,-0.0133,0.0169,-0.0128,0.0179,0.0022,-0.0004,0.0257,0.0023,-0.0103,0.0186,0.0016,0.0372,0.006,0.01,-0.0074,0.004,0.0349,-0.3426,0.0218,-0.0023,0.0592,0.0428,-0.0289,-0.0264,-0.3308,0.008,-0.0412,0.005,0.0233,-1.0369,-0.0356,0.047,-0.024,0.0454,-0.0272,0.0097,-0.0316,0.038,-0.0497,0.0504,-0.0608,0.0166,0.0394,-0.0514,-0.2036,-0.0573,0.0403,0.0543,0.048,0.0776,-0.0842,0.0706
729,5789,108,6,cycling,-0.0148,0.2407,-0.0085,-0.0186,-0.0214,-0.0304,0.0323,0.9714,-0.0533,0.0131,-0.4536,-0.0698,0.0025,1.4081,0.0051,-0.0001,-0.0258,-0.0116,-0.006,-0.0031,-0.0076,0.0088,-0.0096,0.0064,0.017,-0.0102,0.023,-0.0023,-0.0278,0.0224,-0.0059,0.0352,0.0017,0.004,-0.0164,-0.0029,-0.0266,-0.701,-0.0366,-0.0059,0.0578,-0.0152,0.0009,-0.0042,-0.3641,0.0078,0.0001,0.0078,0.0205,-1.0348,0.0064,0.0406,0.0085,0.0081,-0.037,0.0021,-0.0284,0.0198,-0.0121,-0.0584,-0.0476,-0.021,0.038,0.0313,-0.2252,0.0514,0.0503,-0.0564,0.0063,0.0627,-0.098,-0.0427
730,5790,108,6,cycling,-0.0188,0.2949,-0.0083,0.0094,-0.0028,-0.0157,0.011,0.8018,-0.0458,-0.0045,-0.3966,-0.0673,0.0144,1.4171,0.0102,0.0226,0.0218,-0.025,0.0033,0.0192,-0.007,0.0084,-0.0004,-0.0133,-0.0205,-0.0095,0.023,-0.0056,-0.0242,0.0271,-0.0169,0.0395,0.0051,-0.0018,-0.0269,-0.0009,0.037,-0.8483,-0.0075,0.0339,0.0563,0.0347,-0.003,-0.0005,-0.5449,-0.0054,-0.0078,0.0125,0.038,-1.147,-0.0175,0.0514,-0.0368,0.041,-0.0066,0.013,0.0292,-0.0045,0.0313,0.0545,-0.0282,-0.0097,0.0499,0.0684,-0.2077,-0.0478,-0.0551,-0.0099,0.0357,0.0528,-0.1602,-0.0427
731,5791,108,6,cycling,-0.0009,0.2085,0.0083,-0.0194,-0.0221,-0.0358,0.0205,1.0231,-0.0516,-0.0037,-0.487,-0.072,0.0181,1.4128,-0.004,-0.0013,-0.0156,-0.0249,0.027,0.0169,0.0034,0.0174,-0.0109,-0.0063,-0.0254,-0.005,0.0331,-0.0079,-0.0294,0.03,-0.0115,0.0262,0.0095,-0.0005,-0.0134,-0.0028,0.0146,0.1649,-0.0376,0.0314,0.0605,0.0285,0.0041,-0.0123,-0.3413,-0.0113,-0.0022,-0.0026,-0.0453,-1.0387,0.009,-0.0577,-0.0077,0.0443,-0.0343,-0.0026,0.0324,0.021,0.0586,0.0464,-0.0424,0.008,0.053,-0.0417,-0.225,-0.0673,0.0044,0.0035,0.0615,0.0505,-0.1429,-0.0403
732,5792,108,6,cycling,-0.0113,0.4194,-0.0018,0.0137,-0.0179,-0.0096,0.023,0.8481,-0.0456,0.0044,-0.4045,-0.0659,0.0152,1.4366,0.0083,0.018,-0.0063,0.0126,0.0303,-0.0001,-0.0056,-0.0056,-0.0021,0.0032,0.0241,-0.0003,0.0266,-0.0105,-0.018,0.0376,-0.0036,0.0322,0.0064,0.0037,-0.0191,0.0024,-0.0224,-0.3643,-0.0256,0.0425,0.0714,0.0368,-0.0206,-0.007,-0.332,0.0037,-0.0143,-0.0083,0.0162,-1.0342,0.0318,0.0537,0.0295,-0.0065,-0.0357,-0.0044,0.0038,-0.0107,0.041,-0.0606,-0.0277,-0.0147,0.021,0.0435,-0.201,0.0399,-0.0508,-0.0384,0.0486,0.0406,-0.1432,0.0285
733,5793,108,6,cycling,-0.0058,0.3098,-0.0049,0.0077,0.0016,-0.0128,0.0252,1.0231,-0.0551,-0.0084,-0.4768,-0.0792,0.0146,1.3876,0.0002,0.0114,0.0025,-0.0301,0.0288,-0.0274,-0.0178,-0.0163,-0.0219,-0.0032,0.0243,0.0093,0.0363,-0.0156,-0.0181,0.022,0.0046,0.026,0.0053,-0.0035,-0.0178,-0.0103,0.038,-1.0442,0.0138,0.0334,0.054,0.029,-0.0209,0.0046,-0.5456,0.0009,-0.0072,-0.0083,0.0199,-1.1275,-0.0138,-0.0474,0.0028,-0.0066,0.0096,0.0052,-0.0146,-0.0035,-0.0513,-0.0501,-0.032,-0.0033,0.0578,0.0584,-0.2247,-0.0393,-0.0426,0.0405,0.031,0.0453,-0.134,0.0089
734,5794,108,6,cycling,-0.0118,0.2447,0.0129,0.0135,0.0002,-0.0201,-0.0071,1.0244,-0.0491,-0.0152,-0.4844,-0.0719,-0.0183,1.3966,-0.0065,-0.0047,-0.0055,0.0019,0.0211,-0.0101,0.0085,-0.0021,0.004,-0.0032,0.0268,0.0022,0.0299,0.0023,-0.0099,0.0372,-0.0098,0.0335,0.0093,0.0143,-0.0066,-0.0038,0.0169,-0.9396,0.0363,0.0175,0.0642,0.032,-0.0047,0.0075,-1.3783,0.0061,0.0018,-0.0134,0.0002,-1.6072,0.022,-0.0425,0.0233,-0.0195,0.0257,-0.0027,-0.0009,-0.0275,-0.0512,0.0457,-0.0407,0.0152,0.0386,-0.048,-0.1969,-0.0472,-0.0533,0.0434,0.0449,-0.034,0.0352,0.0523
735,5795,108,6,cycling,-0.0088,0.2474,-0.0097,0.0154,-0.0148,-0.0124,0.0349,1.0792,-0.0468,0.0034,-0.5153,-0.0605,-0.0176,1.3664,-0.0023,-0.0135,-0.0181,0.0201,-0.0056,-0.0068,0.0106,-0.0005,-0.0046,0.0166,-0.0078,-0.0098,0.0306,0.0046,-0.0292,0.0258,0.0064,0.0386,0.0112,0.0019,-0.0136,-0.0005,-0.0235,-0.7381,-0.0279,0.031,0.072,-0.0326,0.0061,0.0009,-0.5438,0.0073,0.0045,-0.0264,-0.0224,-1.1265,-0.0015,0.0424,-0.0192,-0.039,0.0483,-0.0217,-0.0509,-0.0338,-0.0511,0.0494,0.0073,0.0094,0.028,-0.0408,-0.1983,-0.058,0.0377,-0.027,0.0275,0.0696,-0.1376,0.0648
736,5796,108,6,cycling,-0.0175,0.2943,0.0088,0.0212,0.0093,-0.0227,0.0254,0.8246,-0.0508,-0.0064,-0.4041,-0.072,0.0025,1.4123,-0.0047,0.0138,-0.003,-0.0016,0.0278,0.0149,0.0129,-0.0161,-0.0004,-0.0188,0.0239,0.0072,0.0294,0.0119,-0.0105,0.0196,0.0048,0.0265,0.0128,0.0056,-0.0091,0.0082,0.0378,-0.3785,0.0421,0.0206,0.0705,0.0497,-0.0283,0.0135,-0.3374,0.0147,-0.0046,-0.0101,0.0445,-1.0553,-0.0041,0.0465,-0.0243,0.036,-0.0155,0.034,-0.0305,0.0357,0.0539,0.0407,-0.0607,0.01,0.0523,0.0437,-0.2373,-0.0569,0.0336,0.048,0.0478,0.0716,-0.1429,0.0597
737,5797,108,6,cycling,-0.0069,0.1838,0.0031,-0.0155,-0.0079,-0.0422,0.0083,0.9772,-0.06,0.009,-0.4685,-0.0766,0.0028,1.4166,-0.0108,-0.0005,-0.0263,0.0129,0.0138,0.0173,0.0048,0.0114,0.0084,0.0143,-0.0279,-0.0045,0.0219,-0.0203,-0.0196,0.0167,-0.004,0.0414,0.0092,0.0041,-0.0221,-0.0023,-0.0053,-0.4187,0.0248,0.0019,0.0722,0.0517,0.0292,0.0239,-0.3549,0.0086,0.0398,-0.0285,0.0366,-1.0313,0.0186,-0.0255,-0.0405,-0.0437,0.0376,-0.0491,0.0627,-0.0535,0.0324,0.0484,-0.03,0.021,0.0383,-0.0649,-0.2054,-0.0554,-0.0529,-0.0357,0.0347,0.0542,-0.0971,-0.056
738,5798,108,6,cycling,-0.0045,0.3647,0.0106,0.0179,-0.0013,-0.0139,0.0383,0.9772,-0.0534,-0.0089,-0.4624,-0.0761,0.0053,1.4569,-0.02,0.0038,0.0128,0.0225,0.0068,0.0142,0.0001,-0.0163,0.0045,-0.0093,0.0266,-0.0039,0.0351,-0.0101,-0.0184,0.0313,-0.0028,0.0416,0.0078,0.0035,-0.0212,-0.0006,0.0331,-0.2933,-0.0089,0.0285,0.0723,0.023,-0.011,-0.0061,-0.3419,-0.0093,-0.0059,-0.0192,0.0291,-1.0852,-0.0159,-0.054,-0.0367,0.0063,0.003,0.0243,-0.0302,0.0393,0.0523,0.0513,-0.0454,0.0062,0.0434,0.0603,-0.2216,-0.0378,0.0409,0.0321,0.0223,0.0573,-0.1349,-0.0446
739,5799,108,6,cycling,-0.0041,0.3805,-0.0058,0.0117,0.0183,0.0094,0.0179,0.8348,-0.0395,0.0014,-0.4008,-0.0632,-0.0302,1.4634,-0.0163,0.0039,0.0066,-0.0087,0.0198,0.0232,-0.0108,0.012,-0.0006,0.0003,0.026,-0.0074,0.0256,0.0146,-0.0296,0.0224,-0.0132,0.0348,0.0024,0.0004,-0.0219,-0.0033,-0.0356,-1.0373,0.0027,0.0333,0.0576,0.0586,0.0001,0.0023,-0.7264,0.0017,0.001,0.0007,-0.0155,-1.2556,0.0243,-0.0473,0.0207,-0.0104,0.0289,-0.0087,0.0123,-0.0362,-0.0407,-0.049,-0.0527,-0.0048,0.0513,0.06,-0.2278,0.0278,-0.0325,-0.0317,0.0432,0.0642,-0.1587,0.0599
740,5800,108,6,cycling,0.0135,0.2447,-0.0204,-0.0068,-0.0309,0.0015,0.0373,1.0999,-0.0622,0.0169,-0.5304,-0.0706,0.0058,1.4173,-0.0033,0.0182,-0.0229,0.0074,-0.008,0.0028,-0.0004,0.0219,0.0049,-0.0152,0.0141,0.0018,0.0329,0.0059,-0.0138,0.0256,-0.0015,0.0354,0.0081,0.0044,-0.0174,0.0006,0.0349,-0.9548,-0.0098,-0.0113,0.0543,-0.0332,-0.0121,-0.0025,-0.9228,0.0108,-0.0279,-0.0061,0.042,-1.3948,0.0032,0.0245,0.0057,0.0405,-0.0516,0.026,0.0236,-0.0294,0.0286,-0.0394,0.0496,-0.0012,-0.0436,0.0579,-0.2214,0.0382,0.0641,-0.0599,-0.0485,0.0686,-0.1323,0.0538
741,5801,108,6,cycling,0.0119,0.2443,-0.0084,-0.0159,0.0167,-0.0398,0.0345,1.021,-0.0565,0.007,-0.4711,-0.0768,0.0062,1.4057,0.0128,0.0095,-0.018,0.0272,0.0133,0.0053,-0.0031,-0.0225,-0.005,-0.0017,-0.0051,-0.0233,0.0203,-0.0325,-0.0403,0.0109,0.0006,0.0363,0.017,-0.0025,-0.0223,-0.0045,0.0373,-1.2139,-0.0332,0.0469,0.0608,-0.0297,-0.03,-0.0013,-1.3987,-0.0075,-0.0092,0.0146,0.0501,-1.6074,-0.0243,0.0478,-0.0195,0.0269,-0.0255,0.0081,-0.0356,-0.0136,0.0524,-0.0547,-0.0443,0.0032,0.0484,0.0437,-0.1967,-0.0647,-0.0571,-0.0388,0.0587,0.0285,-0.0888,-0.0427
742,5802,108,5,running,-6.0163,-0.2029,1.8638,1.0217,-3.2192,3.1423,-0.9745,-0.9841,2.8195,2.9307,-0.1534,-2.8475,1.0277,-2.0433,3.0204,-1.0115,0.4424,0.1255,0.4231,-0.001,0.0123,-0.0448,0.0053,-0.0025,0.0188,0.9683,0.0138,0.028,-0.0049,0.0371,1.379,-0.0038,-0.0074,4.0683,-0.4418,2.2133,1.439,0.3157,0.8504,2.7433,-0.0609,2.1697,-5.0368,-4.069,0.5263,0.0178,-0.8827,-0.0489,0.24,0.0394,-0.015,-0.0664,-0.008,2.1634,0.9496,5.0578,-1.0225,0.7268,-0.0649,0.0104,-0.0638,1.0507,2.5084,0.0306,-0.1395,-0.3254,0.0531,0.6156,2.0825,0.0415,-0.0672,-0.046
743,5803,108,5,running,-4.0121,0.0447,-0.9548,-0.3747,-3.0158,2.1645,-1.8479,-1.8351,1.8413,2.4397,-0.6305,-2.9636,0.496,-1.3557,1.2038,0.0096,-0.6441,0.9247,-0.5085,0.2048,-2.0512,0.0639,-1.0387,0.0498,0.0507,-1.7466,-0.9421,0.3142,0.9265,0.9407,0.0114,0.0529,0.041,-1.7496,-0.8916,3.5249,0.9568,0.4411,-3.0104,-0.8545,0.0683,2.058,-1.5618,-4.468,0.492,0.0141,0.0016,0.0189,1.3794,-0.0604,-0.0072,-0.0361,0.0051,1.4837,-2.5945,3.4216,0.0048,-2.069,-0.1611,-0.0487,-0.9398,-3.4428,0.6612,0.2519,0.0084,0.3547,-0.0033,-2.1563,-1.2224,-0.0162,0.0572,0.0275
744,5804,108,5,running,-3.0168,0.0006,-0.9769,0.9549,-0.0334,-3.0377,-0.4298,-1.1513,4.0235,-0.0125,-0.1445,-0.914,0.0097,-2.025,3.007,2.0661,1.0534,-0.177,0.1579,0.0028,-3.028,-0.0126,0.0021,0.0184,0.0044,-1.8917,1.0343,0.0005,-0.2063,0.0062,-3.024,0.0111,0.0199,-3.0175,-2.4431,-1.0642,1.8774,0.3172,-3.0076,0.9628,0.0018,-1.4445,-4.0348,-0.4159,0.5095,-0.27,0.0068,-0.0036,-1.9585,-0.0457,-0.0082,-0.0488,0.0165,1.9184,1.1246,3.4672,1.3674,-0.0022,-0.1593,-0.0054,0.0202,-3.0436,1.4721,0.0034,0.0165,0.0358,-0.0292,-2.5625,0.0002,0.0519,0.012,-0.047
745,5805,108,5,running,7.2014,-0.3018,0.1536,0.373,-2.0219,-1.7828,-1.8918,-0.4196,-4.0506,2.4183,0.9752,-2.956,0.504,-2.01,-4.0169,-1.018,1.0409,1.0419,2.155,0.0448,1.6416,-0.1718,2.0743,-0.1637,-0.3127,1.0207,2.3723,0.0085,-0.6101,-0.4686,-1.9408,0.207,-0.0582,4.8548,0.0131,-1.0117,-2.0147,0.3295,1.1563,3.099,0.0123,-0.8017,5.0361,1.3071,0.5866,2.0707,0.1386,0.0062,0.0691,0.2642,-0.0194,0.0019,0.0001,-2.8751,-3.0341,-3.2637,-2.8478,-2.5089,0.1394,0.066,1.0267,2.0601,2.4694,-0.3257,0.0436,0.0278,-0.1916,0.1571,2.8607,0.1867,-0.064,-0.1028
746,5806,108,5,running,-1.1533,0.0164,-1.0117,-0.2028,4.0149,-1.0029,0.0212,-0.9779,1.0364,-2.0346,0.5842,0.0103,0.0419,-1.09,1.155,1.026,-1.0601,0.1549,-2.0696,0.1644,-0.5073,-0.0234,-2.0135,0.0446,0.0568,-0.9247,-2.0404,0.3063,0.0683,0.0588,-0.0502,-0.0065,0.02,-0.9705,0.9737,-2.2632,1.1616,0.3405,-1.0279,-3.0488,0.0554,-2.0599,-1.0226,2.8556,0.515,0.019,-0.9985,-0.005,-2.5637,-0.0036,0.0087,0.0526,0.028,-0.0511,2.1377,-1.4258,1.323,1.0749,-0.125,0.0075,-1.1656,-1.4982,-2.3994,0.0046,-0.0885,1.054,-0.0944,0.0186,-2.4496,0.0707,-0.0097,-0.0129
747,5807,108,5,running,1.0124,-0.2038,-0.0079,0.0417,0.0131,0.0186,-0.0011,0.1834,-0.0143,-0.0095,-0.1055,-0.0328,-0.0171,0.1397,-0.0197,-0.0069,0.0008,0.0031,0.0119,0.008,-0.0044,-0.0026,0.0039,0.0091,0.0211,-0.0046,0.0275,-0.0024,-0.0205,0.0253,-0.024,0.0162,0.0082,0.0035,-0.0225,0.0004,0.0234,0.8411,-0.0293,-0.0363,0.0057,-0.026,0.0137,-0.0076,0.5697,-0.0151,0.0014,0.0083,0.0006,0.4163,-0.0107,-0.0606,0.0316,0.0002,-0.0308,0.0101,0.0046,0.0466,-0.0511,-0.0573,-0.0377,-0.0403,-0.0097,-0.0386,-0.2027,0.0668,-0.0135,0.0451,-0.0534,0.0484,-0.0945,0.0137
748,5808,108,5,running,-3.0684,0.0026,-1.5997,-0.2164,-1.9969,1.8663,-1.9241,-1.0447,2.4215,3.0513,0.0584,-3.0212,0.5067,-1.3795,4.0171,0.0168,0.0369,1.0292,-0.8018,0.0048,-1.8618,-0.0076,-1.1326,-0.0061,-0.0152,-1.8484,-1.7188,0.0548,1.1342,0.0278,-0.1257,0.0504,0.0261,-2.0709,-0.6413,3.0438,0.9811,0.3872,-3.0637,-1.5614,0.0596,0.984,-1.7829,-5.0147,0.4427,-1.0753,0.6448,-0.0342,0.9183,-0.0112,-0.0086,0.0239,-0.0497,1.8636,-3.418,2.9424,0.952,-1.1371,-1.0132,0.0054,-0.7409,-3.4393,-0.8546,-0.1846,1.0107,0.3068,-0.0093,-2.3407,-1.6881,0.061,0.2516,0.04
749,5809,108,5,running,7.0694,-1.0086,0.0133,2.848,0.0448,2.0417,0.0202,-0.2164,-4.0008,0.9524,3.4191,-1.994,-0.3762,-2.074,-3.2994,-3.142,-0.0502,-1.0128,1.1375,-0.1441,1.026,-0.0668,1.3614,-0.1564,0.0165,1.0684,1.6419,-0.0172,-0.5945,1.0515,-1.2025,-0.203,0.0494,3.8686,-0.5077,-2.0223,-1.8693,0.1644,1.2073,3.0594,0.0639,-0.2234,0.0029,2.9249,0.5998,3.1394,-3.4699,0.0039,0.0101,0.3257,-0.0069,-0.0047,-0.0059,-0.94,0.744,-1.6304,-4.4284,-0.6444,0.263,-0.1036,-1.0216,1.9351,2.5504,-1.0115,-0.1776,-0.1383,-0.1603,-0.24,3.0408,-0.4425,-0.0572,0.048
750,5810,108,5,running,-1.0188,-0.0676,3.8014,0.0137,-0.0109,4.0178,-1.0685,-0.7981,1.6449,3.1341,1.0498,-2.974,0.442,-2.0504,2.0976,-1.0209,-0.4697,-0.8488,-0.3732,0.0161,1.8543,0.0513,-0.4705,0.0381,-0.0445,2.2196,-0.9409,0.0058,-0.3064,0.0087,2.9121,-0.0239,0.003,-1.0068,-1.5061,-1.0349,0.9203,0.4251,2.4681,-1.3076,0.0278,0.9397,-3.5169,-5.0667,0.447,0.2072,-2.0934,0.0019,0.5662,-0.07,-0.1022,-0.0594,0.0533,1.6714,3.1778,3.1422,-1.419,0.968,0.125,0.0403,-1.1613,2.3427,-1.8918,-0.1534,0.0432,-1.0267,-0.1032,1.5579,0.0116,-0.2034,-0.0396,-0.0145
751,5811,108,5,running,-3.0114,0.0589,-1.8478,1.4397,-2.0275,0.8608,-1.9701,-0.9405,1.9766,0.8546,-0.3252,-2.9101,0.3773,-1.2078,4.0969,1.0366,-0.0444,1.0045,0.507,-0.0498,-2.3424,0.0485,-0.021,-0.0017,-0.0646,-2.1385,0.3404,0.0185,0.0503,-0.4687,-1.4993,-0.0105,0.0123,-2.6415,-2.5673,2.0977,1.8918,0.5169,-2.7703,1.313,0.0022,0.3411,-1.9246,0.0309,0.5098,2.506,3.4184,-0.0077,-0.0131,0.0624,0.0082,0.0035,-0.0151,1.6449,0.4023,0.2406,1.8617,-3.4833,-0.0237,-0.068,1.0699,-2.6336,1.6563,0.0091,-0.1255,0.3224,-0.1876,-2.1004,-0.3784,-0.2176,-0.0564,-0.0053
752,5812,108,5,running,3.7099,-0.0038,1.3794,-0.1567,-3.2196,0.4394,-1.7948,-0.952,-2.9588,1.7401,0.374,-4.0448,0.372,-2.0027,0.0138,-0.5041,0.8643,-0.507,0.9668,0.0686,1.3734,-0.0583,1.1321,-0.0018,-0.0055,2.0949,0.9663,0.0259,-0.6915,-0.6934,0.035,0.0318,-0.042,2.9359,0.0455,0.2513,-1.706,-0.0119,1.3765,1.8281,-0.0098,0.726,0.0376,-1.1551,0.4606,3.4185,-3.8365,-0.032,0.1625,0.0476,0.0498,0.052,-0.0198,-0.8807,0.0469,-0.0605,-2.9763,0.0227,-0.0813,-0.0336,-0.0705,1.9647,0.2355,-0.0002,-0.0285,-1.2695,0.0349,0.4415,2.0431,0.059,-0.016,-0.0923
753,5813,108,5,running,4.7094,-0.3737,-0.3799,-0.2076,-3.0088,-0.8378,-1.9996,-0.9261,-3.6148,0.9753,-1.5192,-2.9304,-0.501,-1.782,0.0501,-1.0368,0.7907,0.1618,1.8891,-0.1423,1.0236,0.0414,1.4185,-0.1316,0.0124,1.0435,1.7442,-0.0682,-1.1376,-0.3253,-2.0709,-0.1809,-0.0098,4.0468,-0.1254,-1.0696,-1.2993,0.2231,1.0279,3.0604,0.0031,0.6303,2.961,0.8917,0.5944,2.129,-1.9772,-0.0647,0.1547,0.186,-0.0077,-0.0066,0.0208,-1.9631,-1.0382,-2.3424,-2.8689,-0.8413,-0.4016,0.0167,1.0214,2.0766,1.4968,-0.3723,-0.1348,0.0528,-0.3284,0.1533,2.9228,-0.4305,-0.0101,-0.0135
754,5814,108,5,running,-3.3139,0.0347,2.8502,-1.9778,-2.739,1.0124,-2.7704,-1.3697,1.7814,0.9736,-0.379,-3.069,1.0977,-1.331,5.0181,0.0666,-0.4426,-1.1558,0.0276,0.0486,2.011,-0.3121,-0.068,0.0447,0.0544,2.0402,-0.325,-0.0109,-0.8691,-0.0065,2.3735,0.0287,0.0071,-1.1645,-1.8823,-0.4696,2.0238,0.4688,1.9664,-0.994,0.0053,0.9393,-0.7909,-3.9249,0.5012,1.0267,1.6569,0.0509,0.8558,-0.0602,-0.0087,0.0368,-0.0589,1.4413,-1.8935,3.2632,-0.419,-2.8911,-0.3076,0.003,-1.2071,1.7492,-1.0493,0.0041,0.0216,-0.504,0.0143,2.0701,0.0594,0.2212,0.0302,-0.0456
755,5815,108,5,running,-1.0633,-0.1535,-4.0389,-2.8894,1.069,1.61,-0.8478,-1.142,-1.0218,1.8557,0.0505,-0.1377,1.0126,-2.0346,1.0265,2.0761,1.0418,0.0106,-0.8542,0.0164,-2.0972,-0.003,-1.0495,0.0185,-0.0204,-2.5821,-2.0668,0.4022,0.7263,-1.0516,-0.2031,-0.0176,-0.058,-1.0275,2.3559,3.0488,-1.1553,0.3404,-2.891,-1.8483,-0.2042,0.9968,3.0144,2.0943,0.5124,0.6315,1.1886,-0.0704,0.9188,0.0009,0.0065,0.0405,-0.0645,-1.6262,-1.516,-3.0773,0.9401,-2.0853,-0.1441,-0.0602,-0.2697,-2.9168,-0.9569,0.0094,0.0199,0.4698,0.0544,-1.9704,-2.0825,0.2623,0.0564,0.0293
756,5816,108,5,running,-7.0064,-0.2199,-3.026,2.8734,0.0038,-6.0689,-1.0165,-1.379,3.8916,-2.943,0.2994,1.9401,0.0341,-2.1532,1.0182,1.8418,0.4393,1.1888,2.5166,-0.0125,-3.0767,-0.0584,0.9349,-0.1844,-0.1319,-2.3421,3.0698,-0.0559,0.0152,-0.8486,-4.7498,-0.0102,0.008,-5.0171,-4.8547,-2.0509,1.4213,0.3253,-2.7826,3.0442,0.0631,-2.155,-1.9442,3.4993,0.5147,0.956,2.8901,-0.0142,-3.0045,0.0059,0.0419,0.0012,-0.0239,1.4433,1.8828,-3.0749,2.8346,-3.0092,-0.2031,0.0227,0.9556,-3.0409,3.3763,0.0209,-0.064,-0.0134,-0.2129,-1.9789,0.9394,-0.4409,-0.0572,-0.0515
757,5817,108,5,running,-4.0617,-0.2023,-1.8596,2.0504,-1.3079,-1.0118,-1.6146,-0.9246,3.5565,0.9775,1.0343,-0.9715,0.1644,-1.8176,0.9949,5.0233,0.1424,1.1612,1.1544,0.0491,-0.9608,0.0633,0.2237,0.0381,-0.1535,-0.9545,1.8821,0.0564,1.0368,-1.0376,-2.7491,0.0487,-0.0402,-1.8937,-3.3428,1.0972,3.0769,0.4391,-1.8608,1.9407,-0.0519,-1.4706,-3.7825,-1.3763,0.5156,-1.0664,0.9528,0.0139,-1.7388,0.0107,-0.0063,0.0586,0.0165,1.8505,1.4431,3.4197,1.7707,-0.0151,0.0088,-0.0447,1.1323,-1.5181,2.3795,0.0046,-0.1635,-0.131,0.0393,-1.6006,0.8564,-0.0558,-0.0881,-0.0226
758,5818,108,5,running,-1.0167,0.0596,-3.0119,0.1554,-1.5561,2.5998,-4.373,-0.8011,-0.2234,0.9936,-0.069,-6.1376,-1.0415,-1.4399,3.023,-1.0448,-1.0263,-0.3767,-1.0194,0.0555,-3.0203,-0.0051,-1.0344,0.0141,-0.0135,-1.8646,-1.1254,0.0687,-0.036,0.0074,0.7906,0.0394,0.0037,-1.1648,0.8489,3.0481,0.3557,0.3744,-1.97,-0.9776,0.0122,1.8607,3.4429,-4.0507,0.5161,-0.0279,-0.4029,-0.0029,2.0708,-0.0221,0.01,-0.0219,0.0401,0.3071,-5.0171,1.4993,-1.3401,0.6606,-0.1399,0.0002,-0.7048,-2.7536,0.0515,-0.184,-0.1294,-0.0567,0.0298,-0.9789,-0.9245,0.2627,0.0544,0.0452
759,5819,108,5,running,-1.0737,-0.1036,4.8934,-0.8603,-0.9668,2.0744,0.012,-0.9246,3.0928,2.8416,-0.0113,0.0341,-0.3774,-2.0138,0.864,-0.0238,-1.068,-0.8545,-0.04,-0.0164,3.1374,-0.2166,-0.0728,-0.0385,-0.0505,3.021,-0.2621,-0.0829,-1.0074,-0.2124,3.6106,0.0102,0.049,-0.2608,-1.7945,-0.9232,0.9582,0.0005,3.0207,-1.0146,-0.0024,-0.0158,-5.0173,-2.8597,0.5106,-0.2693,-0.3136,-0.0444,-0.2238,0.0517,-0.0643,0.0059,0.0068,3.0278,2.2074,3.7403,0.8917,0.7265,-0.0181,-0.004,0.0229,3.0693,-2.7598,-0.2993,1.1029,-2.1536,0.0546,2.0762,-0.2053,-0.0709,0.1824,0.0095
760,5820,108,5,running,-0.0043,-0.1832,0.0054,0.0079,0.0112,-0.0085,0.0159,0.3156,-0.0251,-0.0131,-0.1377,-0.0529,0.0213,0.0792,-0.0063,-0.0197,-0.0023,0.0017,0.0304,0.0006,-0.009,-0.0172,-0.0205,-0.0249,0.0123,-0.0221,0.0377,0.0006,-0.028,0.0274,0.0037,0.0268,0.0052,0.0102,-0.0142,0.0028,-0.0356,1.709,-0.016,-0.0059,0.032,-0.0383,0.0062,0.018,0.5073,0.0025,-0.0127,-0.0072,-0.0348,0.3866,0.0084,0.0499,-0.0064,-0.0009,-0.0468,-0.0023,-0.0015,-0.0008,-0.0317,0.0299,-0.0337,-0.0124,0.051,0.0555,-0.2079,0.0589,0.0365,-0.0237,-0.0402,0.0397,-0.1542,-0.0094
761,5821,108,5,running,-0.0038,0.0066,0.0189,-0.0144,0.0007,0.0015,0.0219,0.0193,-0.0049,-0.0276,-0.0113,-0.0373,-0.0176,0.9876,-0.0253,-0.008,-0.0078,0.0242,0.0169,-0.0025,0.0051,0.0048,-0.0136,-0.0126,-0.0293,-0.022,-0.0238,-0.0319,-0.0403,-0.0285,-0.0063,0.0205,0.0065,-0.002,-0.0151,-0.0042,-0.0094,3.0765,-0.0389,-0.0339,-0.0391,-0.0425,-0.0156,-0.0022,0.4697,-0.0013,-0.0032,-0.0033,0.0105,0.3585,0.0136,0.0533,0.0007,0.013,-0.0043,-0.0014,0.0052,0.0027,-0.044,0.0343,-0.0096,-0.0351,0.0125,0.0491,-0.225,0.0605,-0.0091,-0.0583,-0.0308,-0.0322,-0.1639,-0.0033
762,5822,108,5,running,-1.0323,-0.1029,4.4423,0.439,-0.8011,0.8936,0.0448,-0.9274,2.9426,1.9234,-0.0151,1.0204,0.0124,-2.0131,1.1558,1.0682,0.252,-0.7267,0.201,-0.048,2.4418,-0.0106,0.1841,0.0053,0.0045,3.076,0.3257,0.0081,-0.2605,-0.1642,2.9221,0.05,-0.0169,1.0237,-1.1399,-1.0362,1.4181,0.1692,1.9789,0.3612,-0.0581,-0.0177,-4.0319,-2.8926,0.4982,-0.7234,-0.3137,0.0024,-0.8419,0.0093,0.0189,-0.0223,-0.0414,2.3793,1.641,4.011,1.0947,0.4021,-0.0703,-0.0031,0.0669,2.3711,-0.3871,-0.0383,-0.1038,-0.3013,0.0068,1.469,0.8605,0.0939,-0.0559,-0.0016
763,5823,108,5,running,-1.0118,-0.0979,-0.7267,0.9404,2.044,-2.0436,1.1536,-0.7902,1.03,-1.3992,1.0124,2.599,-0.5086,-1.2199,-1.213,0.2233,-0.3076,0.2526,1.0223,0.0414,-0.2048,-0.0008,0.2074,-0.0019,0.0139,-0.3741,0.7463,-0.0167,-0.202,-0.0386,-2.0503,-0.0186,0.0023,-0.0208,-1.0696,-1.3738,0.7189,0.3723,-1.0239,1.371,0.04,-1.8897,-0.0178,0.9967,0.5946,-2.9701,0.942,0.0058,-1.8917,0.262,-0.0043,0.0328,0.0156,0.5525,0.504,-0.2406,1.2668,1.0101,-0.1442,-0.0541,-0.0141,-0.9715,1.3282,-0.1551,-0.1046,0.0083,0.0095,-1.2696,0.9397,-0.0072,-0.0568,-0.0069
764,5824,108,5,running,-1.0733,-0.1252,-1.7009,0.8647,-3.0691,2.3794,0.0117,-2.059,0.0211,0.2277,-1.0637,-3.3761,0.3779,-2.1066,1.1379,-1.0138,-0.4426,0.8912,0.4027,-0.004,-1.1427,0.041,-0.3072,0.0015,0.0101,-1.2135,0.4413,-0.0165,-0.2235,-0.0024,0.0231,-0.0059,0.0079,-0.0191,-0.0188,0.0121,0.0264,0.2012,-0.9387,0.2628,0.0408,3.1695,1.0443,-5.0747,0.5261,0.1559,-0.0096,0.0154,1.3788,0.0171,-0.0038,0.0308,0.0338,0.0684,-3.4283,1.868,-1.4381,0.0517,0.0399,-0.0482,-0.0064,-1.0945,0.3408,-0.0276,-0.1564,0.0207,0.0285,-1.0604,-0.2994,-0.0008,-0.0719,-0.0319
765,5825,108,5,running,-4.0068,-0.1253,-1.9947,3.0169,0.0416,-4.0187,1.0174,-0.9274,2.9123,-2.0048,-0.0584,0.966,-0.5087,-1.4283,2.0141,1.0361,0.4022,0.8611,2.1533,-0.0112,-2.0661,0.0052,1.4017,-0.0034,-0.0013,-1.9543,2.3726,0.0202,0.0508,-0.442,-3.718,-0.0288,-0.0211,-2.8483,-3.4386,-1.0683,0.9497,0.2026,-2.5758,2.2015,-0.2071,-1.8912,-3.0197,1.3132,0.5847,-0.0103,1.0974,0.0077,-2.4456,0.1631,-0.0004,-0.0028,0.0547,1.6134,2.0496,0.4415,3.2684,-0.3067,0.1425,0.0397,2.0636,-0.9706,2.5186,-0.1551,-0.1024,0.3079,-0.1821,-2.0813,0.8608,-0.5073,-0.038,0.0239
766,5826,108,5,running,-4.0616,-0.1041,0.9947,2.3423,-0.7268,-2.0109,0.3123,-0.9849,3.8478,-1.0304,0.0444,0.9825,1.0689,-1.9635,0.9536,2.1568,0.4414,0.2638,1.4687,-0.0515,-0.0185,0.0026,0.0018,0.011,0.0091,0.0142,1.8551,0.0491,0.0363,-1.0419,-2.3767,0.0171,-0.021,-0.6007,-2.7946,0.004,2.939,1.0342,-0.2072,2.9109,-0.0694,-0.976,-3.0168,-1.0234,0.5167,-0.7034,1.6196,0.008,-1.2692,0.0403,-0.0004,0.0057,0.0269,1.744,-0.027,1.891,4.003,-0.1029,0.0559,0.0131,1.1691,-0.0202,2.6515,-0.0509,-0.1302,0.0069,0.0229,-0.3784,1.9711,0.0375,0.0548,0.0564
767,5827,108,5,running,-3.0164,-0.2039,-2.8618,1.5996,-1.3736,0.0239,-2.0448,-1.0094,2.7996,1.1566,0.1614,-1.835,0.3767,-2.033,4.0374,0.8644,0.4423,1.0508,1.0686,-0.0209,-1.819,-0.0072,0.4211,-0.0553,0.0511,-2.0976,1.1633,-0.0367,0.014,-0.1647,-2.5673,-0.0118,-0.0106,-3.0646,-2.4688,1.3078,1.9391,0.3297,-2.5103,1.3873,-0.301,-2.0185,-1.8605,1.0219,0.5903,2.1535,3.4281,-0.066,-1.1426,0.1558,0.0409,0.0545,-0.0565,1.7408,1.0309,0.3308,3.6561,-1.6411,0.1846,0.1025,0.954,-2.4385,2.2999,0.0387,0.0176,1.0126,-0.268,-1.7985,0.0708,-0.5186,0.0137,-0.0438
768,5828,108,5,running,-4.0683,-0.2046,4.8311,-2.1534,-2.4681,0.0109,-1.9407,-0.9249,3.5569,1.9566,0.3772,-2.6175,1.016,-2.0219,0.9633,1.0121,-0.469,-0.8489,0.207,0.034,2.9263,-0.2036,-0.0203,0.0189,0.0044,1.9709,0.0504,-0.0154,-0.5162,-0.0237,3.8931,-0.0645,-0.0033,-0.0691,-3.0584,-0.6107,1.4396,0.1329,2.0445,0.33,-0.0116,0.9392,-2.8011,-4.0741,0.505,-0.0022,1.0289,-0.0336,0.5047,0.0384,-0.04,-0.0136,-0.0058,2.4426,-1.994,4.1649,0.8472,-1.6448,-0.1419,-0.0609,-0.2691,2.1693,-0.378,-0.1259,-0.2017,0.0267,0.0072,1.0706,0.9351,0.0595,-0.0932,-0.0018
769,5829,108,5,running,-3.0077,-0.1544,-2.9766,2.0128,-0.9949,-3.0749,1.0037,-0.8915,2.8487,1.0182,0.0106,0.7491,-0.5075,-1.3832,0.2634,2.1556,-1.0161,1.0637,1.6566,0.0366,-1.4212,-0.0416,0.2072,-0.0086,0.0564,-2.04,1.671,-0.0542,-1.058,-1.0553,-4.0044,-0.0133,0.006,-1.9434,-3.1643,-1.4395,1.506,0.3737,-2.1349,1.7455,-0.0514,-1.8549,-2.1425,-1.1379,0.4893,-0.9566,0.9545,-0.0498,-2.9407,0.0001,-0.019,0.0236,-0.0099,1.8289,1.0707,1.743,2.4685,-0.0506,0.0449,-0.0015,0.9397,-2.2228,2.4696,-0.294,-0.1565,0.1616,-0.1605,-1.7001,0.4023,-0.4479,-0.0936,-0.052
770,5830,108,5,running,4.8491,-0.2193,-0.5948,1.0389,-0.9407,-2.0976,-0.9267,0.1253,-2.9587,0.9421,4.138,1.9745,0.1649,-2.0066,-0.9439,0.0341,0.8697,1.0413,1.3738,0.0235,0.0309,-0.012,1.0189,0.0109,-0.0135,0.2076,1.9772,-0.0115,-0.9701,-1.132,-3.4257,-0.0553,-0.0682,4.0408,-0.3314,-1.379,-1.2519,0.4683,0.0503,3.0604,-0.3874,-0.9682,2.8616,1.4397,0.5166,0.9565,-1.9769,0.0485,-0.9241,0.0752,-0.0214,0.0444,-0.0015,-1.8608,-0.2943,-2.5997,-0.8543,-1.0209,-0.3775,-0.0364,1.0948,0.8913,1.967,-0.5072,0.0091,-0.2018,0.0003,-0.1211,3.0165,0.0263,0.0172,-0.0148
771,5831,108,5,running,-4.0507,-0.2028,-0.9719,2.4991,-0.999,-1.1539,0.0114,-0.8017,3.8935,0.977,-0.0549,-0.7184,0.0269,-2.0091,1.0415,1.0279,-0.1562,0.3767,2.0211,0.0121,-2.1374,-0.0041,1.0138,-0.0177,-0.0024,-1.8555,1.7539,0.0499,0.0435,-0.4022,-1.9236,0.0703,0.0484,-2.9428,-4.0581,-0.0164,3.0973,0.3404,-2.6276,1.4426,0.0595,-1.2076,-4.0864,-0.9297,0.5458,-0.0148,-1.0519,0.006,-1.4729,0.204,-0.02,0.0107,-0.038,1.856,0.6605,3.4389,2.4686,0.8286,0.155,-0.0159,0.4413,-2.3422,3.0234,-0.1642,-0.1297,-0.0039,-0.0937,-1.8899,0.1314,-0.1427,-0.0521,0.0397
772,5832,108,5,running,-4.0973,-0.1297,-3.0686,1.5996,-0.8618,-2.6566,1.0169,-0.9716,4.0077,2.8416,0.7405,-0.2163,-1.0441,-2.2999,0.8608,3.0227,-0.251,0.8546,1.1887,-0.0184,-1.9549,-0.0106,0.4013,-0.0025,-0.207,-1.9764,0.9634,0.0052,0.223,-0.2695,-1.9026,-0.0569,0.0478,-1.9707,-2.9449,1.0697,4.0178,0.3259,-2.8686,0.8892,-0.038,-0.9688,-3.0268,-2.0416,0.5073,-0.0198,0.9491,0.0033,-0.9395,0.0063,0.0219,0.0586,-0.0408,2.4286,0.6606,3.3772,3.1556,-0.1777,0.0127,-0.008,0.372,-2.7003,2.2536,-0.4027,-0.13,0.4407,-0.1864,-1.9238,-0.1374,-0.4707,0.0499,-0.0391
773,5833,108,5,running,4.6568,-0.2025,1.0416,0.2537,-2.9714,0.0435,-0.3303,-0.3738,-3.0833,1.3761,2.9755,-4.0163,0.4189,-2.1554,-1.0669,-2.0765,0.8913,-0.4027,1.377,0.0685,1.3796,0.004,1.3716,0.0057,0.0445,1.3426,1.5991,0.0498,-0.6717,-0.2233,-0.9821,-0.0556,-0.0541,4.614,-0.5081,-0.0232,-2.012,0.2692,0.9707,2.9738,-0.2525,-0.021,0.8484,-0.9779,0.5575,3.5663,-4.1379,-0.0483,-0.0304,0.2129,-0.0075,0.0034,-0.103,-0.8641,0.0401,-0.325,-3.5809,-1.3995,0.1535,0.0514,0.6106,1.6009,1.5616,-0.5045,1.0366,-0.1569,-0.138,0.4692,3.037,-0.3559,0.3012,0.0142
774,5834,108,5,running,-3.0046,-0.1537,4.9371,1.0688,1.0101,0.8489,-0.5806,-0.5499,3.5193,4.0509,2.0389,-0.2232,-0.2075,-2.0216,0.3793,1.0264,-1.0605,-1.0445,-1.0209,0.1848,3.013,0.0585,0.0345,-0.0188,0.0083,2.0412,-0.8216,-0.0094,-0.5604,-0.0393,3.7986,-0.0118,-0.0193,-1.8715,-3.0495,-2.017,1.3073,0.2037,2.3428,-0.9442,-0.0275,0.9406,-4.7473,0.0306,0.5953,-0.061,0.268,-0.0595,-0.9451,0.2987,-0.0029,-0.0375,0.0125,1.8821,3.1311,3.0748,1.1651,-0.1254,0.1881,-0.0709,-0.4182,2.4284,-1.9241,0.142,0.0032,-0.508,0.006,2.0527,0.0368,-0.023,0.0014,-0.0422
775,5835,108,5,running,4.7267,-0.2182,0.0167,0.4259,-2.0133,0.3426,-0.3738,-0.882,-4.0033,1.7821,1.9996,-2.9768,-0.2633,-2.1556,2.021,-3.1426,1.0977,-0.3114,0.9924,0.0173,1.0366,-0.066,0.3614,-0.0437,0.0509,0.9777,2.0489,0.0002,-1.1825,-0.156,-1.0282,-0.0607,-0.001,5.0379,-0.3075,1.1771,-1.7189,0.3258,1.0704,3.1616,-0.372,0.7985,2.9521,-4.0513,0.5288,0.2094,-2.341,0.0388,0.6313,0.0078,0.0233,0.0545,-0.0115,0.8645,-2.7095,0.9401,-3.7466,0.9421,-1.0403,-0.0446,0.2169,2.5161,2.2681,-0.3765,-0.1326,-0.5604,-0.1923,-0.0098,3.1347,-0.2402,-0.063,-0.1039
776,5836,108,5,running,-3.0684,-0.1848,-3.0377,1.8631,-0.9719,-3.0333,-0.9963,-1.0047,2.8608,-2.07,0.0109,0.9408,1.0031,-1.989,-0.0302,3.0268,0.2074,1.023,2.0669,0.051,-2.0228,-0.0014,0.9943,-0.0173,-0.1532,-1.4398,1.5997,0.0081,0.2162,-1.0383,-2.9425,0.0606,0.0566,-1.5948,-2.8217,-0.8646,0.9742,0.2024,-2.142,1.8619,0.0448,-0.9842,-1.7061,2.1561,0.5159,0.4251,2.8593,-0.013,-1.4423,0.0007,-0.0278,0.0588,-0.0064,0.9567,1.3769,-1.0854,3.4213,-0.97,-0.2034,-0.0077,1.1648,-1.8237,1.9446,0.0642,-0.1042,0.0146,0.0169,-2.0691,0.3259,0.3065,0.049,0.0203
777,5837,108,5,running,-0.0094,-0.1002,-1.0016,-0.3115,-0.2026,0.9408,0.0009,-0.1596,-0.0149,-0.0227,0.0531,-0.0182,-1.0165,-0.8476,0.3185,0.0089,-0.0123,-0.718,-0.3774,0.0406,-0.2405,0.0687,-0.0556,0.0465,0.0346,-0.4024,-0.1254,0.0443,0.0308,0.0435,0.0037,-0.0104,-0.0055,-0.006,-0.0075,0.0139,0.0246,0.9421,-0.9014,-0.2191,-0.0286,2.0173,0.0271,-0.0022,0.5928,0.0295,0.0199,0.0313,0.9663,0.3128,0.0209,-0.0637,0.0324,0.0375,-0.0216,-0.025,0.0486,-0.0391,-0.0361,0.0045,-0.1772,-0.954,0.2178,-0.06,0.0582,0.164,-0.038,-0.8213,-0.2686,-0.0679,-0.0821,-0.026
778,5838,108,5,running,-0.3072,0.1578,3.1641,-0.9395,-0.0285,-0.0178,0.004,0.0309,3.0344,-0.0583,-0.0196,-0.0269,0.0063,0.0426,1.5676,-0.0383,0.0544,-0.0556,-0.0606,-0.0101,0.0244,-0.016,-0.0398,-0.0251,-0.0089,0.0611,-0.0001,-0.0069,-0.0351,-0.0056,0.047,0.0299,0.0145,-0.015,-0.0145,-0.0038,0.0435,-0.0088,0.0655,-0.0572,0.0313,0.0001,1.9451,-0.0447,0.2072,-0.0707,1.5608,-0.014,-0.364,-0.0717,0.0795,-0.0857,0.0004,0.2235,0.0457,0.0721,0.0967,-0.077,-0.0323,-0.0781,-0.1039,0.6549,-0.0641,-0.0461,-0.0531,-0.0873,-0.0057,1.1653,0.0066,0.0168,-0.0488,-0.022
779,5839,108,5,running,-7.0616,-0.2058,-3.4993,-2.0161,-0.9773,2.0436,-0.9967,-0.9409,3.269,3.5566,0.2071,-0.9231,-1.1533,-1.8352,2.1646,1.1425,-1.0703,0.3254,-2.0227,0.1619,-2.8343,0.0032,-2.0329,0.0022,-0.0518,-3.0212,-2.018,0.2531,0.5663,0.0607,0.0176,-0.0087,0.0073,-2.0445,0.1259,3.5615,2.8608,0.4023,-3.488,-1.9541,0.0123,1.4189,-2.9228,-2.9716,0.5068,-0.0271,1.9425,0.0106,0.9368,0.0009,0.0206,0.0403,0.0062,3.0741,1.0698,3.6565,0.7609,-1.094,-0.013,-0.0059,-0.8665,-3.555,-0.9987,-0.177,-0.1392,0.2022,-0.1825,-1.8932,-1.889,-0.0825,-0.0564,0.0399
780,5840,108,5,running,1.0128,-0.2039,-1.0136,-0.5944,3.1536,0.418,2.0217,-1.0234,-2.0691,0.0151,1.989,2.6276,0.3797,-2.1552,-1.213,-0.3078,-0.8912,0.2071,-1.0972,-0.0104,0.0449,-0.0411,-0.8609,-0.0111,0.0566,-0.261,-2.008,0.3775,0.9719,0.3766,0.0225,-0.0062,-0.0169,-0.7402,1.5023,-1.3739,-1.2631,0.2161,-0.0504,-2.944,0.0556,-0.8015,0.0037,3.0685,0.5383,-0.0278,-2.4484,0.0022,-0.7989,0.1779,-0.1037,0.0183,-0.1011,-0.996,0.8217,-1.6568,0.0706,2.9706,0.2042,-0.0042,-0.903,-0.8956,-2.6358,0.3427,0.0346,1.0495,-0.1029,0.0408,-2.3408,0.0824,-0.0648,-0.0305
781,5841,108,5,running,-3.1538,0.0039,2.8497,-2.0166,0.9639,-3.0364,0.3793,-1.0837,3.2014,0.9779,-0.0603,0.9399,0.0048,-1.3996,2.0505,3.0114,-0.2512,-1.1552,-1.0448,0.0109,1.8558,-0.377,-1.012,-0.0154,0.0388,2.0205,-1.2994,0.0171,-2.0666,1.0067,0.9703,0.0526,0.0014,-1.6268,-2.4695,-2.3735,2.0414,0.3877,1.9567,-1.9408,0.0484,-1.8614,-1.3064,-1.0289,0.5103,-4.0971,2.3768,0.0073,-1.137,0.0403,-0.0054,-0.0541,0.0147,1.7428,0.0637,1.3422,4.3134,0.9426,-0.0684,0.021,-2.0586,2.0829,-1.7942,0.1422,1.1345,-1.0697,0.1877,1.9249,-0.2273,0.5619,-0.0371,-0.0576
782,5842,108,5,running,-3.0668,-0.0686,-4.0404,0.8493,-0.9247,-2.0435,1.1539,-1.0234,3.2016,1.7266,0.0163,0.2031,0.0411,-2.0344,0.9942,1.0968,0.379,0.8507,1.1698,0.0447,-2.4416,0.0509,-0.3773,-0.0585,-0.0541,-3.0851,0.6415,0.0493,0.3426,-0.3302,-2.3993,0.0037,0.0048,-2.069,-2.3737,-0.4121,2.9402,0.4231,-3.299,0.9395,0.0385,-1.0119,-2.0176,-1.7986,0.5379,-0.0125,1.821,0.0133,-1.6719,0.1838,0.0203,0.0054,0.0485,2.7205,0.4023,3.0596,1.74,-1.0374,0.1885,-0.027,1.0106,-3.3408,1.4681,-0.4693,0.0082,0.1034,-0.2635,-2.7107,-0.1395,0.0027,0.0007,0.0062
783,5843,108,5,running,-1.0637,-0.1026,5.0115,-0.8211,-0.9788,1.0269,0.0448,-1.0195,3.342,1.5995,0.0185,-1.0275,-0.3791,-2.1341,1.1559,0.068,1.0217,-0.9847,0.3118,0.0204,2.9404,0.0496,-0.0301,0.0056,-0.0609,4.0235,-0.2166,-0.0507,-0.5943,-0.4396,4.0691,-0.0037,-0.0022,-1.1317,-2.1232,-1.0516,0.9777,0.2236,3.0978,-1.0135,-0.0164,1.0128,-5.037,-4.1375,0.5041,-0.1256,-0.8643,0.0003,0.9394,-0.0093,0.0176,-0.1775,-0.0548,2.8345,3.1425,4.1847,-0.0104,0.7406,0.2074,0.0082,0.4407,3.3769,-3.0345,-0.3401,0.0073,-1.1385,-0.2056,2.0401,0.2685,-0.2637,0.0566,-0.0707
784,5844,108,5,running,-1.0268,0.0089,-3.0416,-1.4994,-1.0271,2.7261,-3.299,-1.4181,-0.0135,0.8211,0.0077,-3.2197,1.0111,-1.3393,5.0924,3.0431,-0.3127,-0.016,-2.0972,0.2518,-1.6611,0.3257,-1.7444,-0.0146,-0.0201,-0.9544,-1.8916,0.2023,1.1565,-0.4397,0.0223,0.0044,0.0007,0.0038,1.051,2.841,1.0368,0.4689,-2.0404,-2.0765,0.0555,1.8094,3.044,-1.924,0.4945,2.0483,0.9668,-0.0172,1.1315,0.0649,-0.0012,0.0598,0.0293,-1.1425,-2.0219,-0.8619,0.0197,-2.1691,-0.058,-0.102,-0.74,-2.5565,-1.6145,-0.1394,1.0388,0.2235,-0.1886,-0.9778,-2.1455,-0.0104,0.3084,-0.0186
785,5845,108,5,running,-4.0166,-0.2038,-0.8917,1.8011,-2.0049,0.9772,-0.876,-1.0699,4.0381,1.8212,0.063,-0.9189,-0.3729,-1.8484,1.0201,0.0063,0.1421,1.04,1.0514,0.0443,-3.011,0.2012,-0.2949,-0.0488,-0.1319,-2.3734,0.749,0.2167,0.492,-0.3256,-0.2401,0.0467,0.0589,-3.4381,-2.9423,2.6617,3.4399,0.4473,-3.0704,0.7188,0.036,-1.0275,-3.8633,-3.0233,0.4891,-0.2694,0.9822,0.0129,-0.8286,-0.0006,-0.0106,0.0188,-0.0643,1.86,2.3428,3.418,0.9713,-1.5087,-0.0681,-0.007,1.0501,-2.7103,1.4963,-0.3063,0.0091,0.0595,-0.1644,-2.5076,-0.1397,-0.1555,0.0146,0.0016
786,5846,108,5,running,-3.0128,-0.2039,-3.0448,1.9995,-0.7187,-3.0111,-0.782,-0.97,3.6292,-0.9427,-0.0544,-0.8647,-0.4189,-1.3422,1.137,2.023,-0.3735,0.7995,2.069,0.049,-2.0264,0.0187,0.9431,0.0145,-0.2042,-1.7493,2.0168,0.3063,0.4681,-0.5945,-3.0408,0.2635,0.1649,-1.2402,-1.9188,-2.0585,0.998,0.3181,-1.9556,3.0398,0.5046,-0.9667,-1.8025,-0.269,0.5573,1.7407,3.5939,0.0483,-1.0701,0.216,0.0092,0.0669,0.0364,1.8829,0.1319,0.5089,1.9542,-2.1691,1.0384,0.1325,0.902,-0.9523,3.0174,0.1555,0.0087,-1.0616,-0.0604,-1.7431,2.2279,-0.059,-0.0501,-0.0012
787,5847,108,5,running,30.0,10.0,10.0,,,,,,,,,,,,,,,,,,,,,,,,,,,,,,,,,,,,,,,,,,,,,,,,,,,,,,,,,,,,,,,,,,,,,
788,5848,108,5,running,-4.0617,-1.0216,6.8619,1.0348,-0.8825,-2.1531,-0.8758,-0.9637,3.9237,0.9737,0.1371,0.0585,-0.0123,-2.0721,0.0663,0.0443,0.0367,-1.0265,0.5238,0.0107,4.6414,-0.3075,1.0184,0.0082,-0.0099,4.027,1.0519,0.0025,0.0011,0.0118,4.9248,-0.0606,0.004,0.9589,-2.1649,-2.016,0.9564,0.1713,2.9551,1.1429,0.0061,-0.718,-4.4396,-2.1396,0.512,-0.1291,0.2064,-0.0198,-1.2998,0.0001,0.0259,0.0174,-0.0481,1.9545,0.9394,4.3724,1.1253,-0.161,0.0548,0.0057,-0.3426,3.2788,0.2396,-0.2032,0.0494,0.0143,0.0305,0.9473,1.9777,0.0632,-0.0575,0.0424
789,5849,108,5,running,-0.0046,-0.1538,3.0002,-2.0077,-2.0039,-1.0234,1.0213,-0.9634,2.7041,0.9778,0.1564,-0.2075,0.0128,-1.2822,1.0345,0.0117,0.1421,-1.2995,0.4398,0.0013,3.0445,-0.2028,1.0141,-0.0092,0.0543,1.738,0.2064,-0.0102,-1.1419,0.0207,2.5065,-0.2633,0.0414,0.9249,-1.0508,-0.2276,1.3769,0.3736,2.4681,-0.0193,0.0306,0.0171,-1.0067,-1.943,0.5146,-0.015,3.4604,0.0274,-0.1848,0.092,0.0498,-0.0186,0.0377,1.7064,-0.4188,0.9256,2.3449,-3.0164,-0.1871,0.0027,-0.942,2.3121,-1.0367,-0.3415,-0.1632,0.1822,0.0581,1.7475,-0.0616,-0.0647,-0.0699,0.038
790,5850,108,5,running,0.0036,-0.3429,-0.0068,-0.0085,-0.012,-0.0002,0.0013,0.1642,-0.0073,-0.0244,-0.0786,-0.0306,-0.0029,0.0981,-0.0114,0.005,-0.0033,0.0106,0.0209,0.0229,0.0043,0.0144,0.0137,-0.0127,0.0238,-0.0007,0.0331,0.0098,-0.0169,0.025,-0.0175,0.0379,0.0192,0.005,-0.0105,0.0081,-0.0184,1.6988,-0.0159,0.0274,0.0367,0.0467,-0.0004,-0.0264,0.5209,-0.0033,-0.0059,0.0006,0.0311,0.3739,-0.0095,-0.0219,-0.0033,0.0108,0.0001,0.0042,0.0055,-0.007,-0.0411,0.0429,-0.0292,0.0002,0.0519,0.0384,-0.2034,-0.054,0.0457,-0.0286,0.0401,0.0574,-0.1607,0.0021
791,5851,108,5,running,-3.0699,-0.0164,-2.8718,1.8619,-1.0366,-1.5993,-2.0234,-0.8488,2.7183,-0.376,-0.0605,-0.9787,-0.012,-1.3374,1.164,1.044,0.0069,0.954,1.3428,-0.003,-2.0389,0.0417,0.013,0.0173,-0.0182,-1.7442,2.0492,0.005,0.3125,-0.3776,-2.6102,0.0599,-0.0214,-2.0107,-2.5827,-0.0229,3.0689,0.3726,-2.399,1.8344,0.0076,-1.2048,-1.7262,0.6618,0.5952,2.1636,3.3734,-0.0024,-0.74,0.1553,-0.0049,0.0343,-0.0404,1.7535,0.6566,0.0583,3.1567,-1.4997,0.0111,0.0085,0.9028,-2.3172,2.4854,-0.2447,0.0329,0.1259,-0.2031,-1.9405,0.7855,0.0827,-0.0566,0.0282
792,5852,108,5,running,-1.0218,-0.0974,3.6966,-1.4993,-2.1421,1.0667,1.0443,-0.9719,3.0235,2.8502,1.0101,-1.1315,1.0114,-1.4252,3.0503,0.132,0.1715,-0.9748,0.2079,0.0169,2.439,-0.2028,1.0272,0.038,0.0032,2.3427,0.2168,0.0131,-0.4463,-0.0011,3.0158,0.0141,-0.0029,-0.0282,-1.9425,-0.5073,2.0524,0.4019,2.4284,-0.2032,0.0065,0.74,-1.9786,-4.0694,0.4698,-0.012,1.0368,-0.0006,1.1551,0.0329,-0.0183,0.0176,-0.007,2.139,-0.8614,4.0929,1.1614,-2.1647,0.0081,-0.0267,-0.402,2.7188,-1.8348,0.0346,-0.1633,-0.5086,0.0407,1.595,-0.0587,0.3123,-0.082,-0.0224
793,5853,108,5,running,-6.0078,0.0029,3.3998,-4.3422,-0.9937,-0.9947,-3.7498,-1.8736,3.819,1.6444,-1.0364,-1.9441,0.5016,-1.355,0.9439,1.021,-0.3124,-2.0111,-0.2687,-0.0233,3.0045,-0.1644,-0.1569,0.0385,-0.0103,2.4385,-1.313,0.0418,-0.9247,0.0504,2.9714,0.0035,-0.0123,-0.8642,-3.7185,-0.7013,2.0136,0.4019,2.6275,-1.9772,-0.07,1.0149,-1.7546,0.0179,0.5101,1.3764,4.3733,0.0018,-0.0167,0.0556,0.0402,0.068,0.0309,1.7037,0.4028,0.7236,3.5086,-2.7208,0.0154,0.0099,-1.5078,2.3007,-3.4709,0.0184,0.0223,-0.372,0.049,1.7948,-0.6198,-0.0199,0.0568,-0.0299
794,5854,108,5,running,7.0058,-0.2943,0.0019,2.011,-1.0206,-1.6106,-3.0348,-0.2789,-1.9701,0.9751,1.8642,3.0173,-0.4418,-1.8219,-1.0448,-0.0683,0.3071,-0.3122,2.0166,-0.0106,1.0219,-0.0414,2.0585,-0.2011,0.0047,1.1428,2.4393,-0.0183,-0.944,-0.2236,-2.9429,-0.0599,0.046,5.0522,-0.7183,-1.4023,-1.2634,0.1258,0.442,2.8952,0.0512,-0.8545,0.8913,0.8665,0.5934,2.3738,-0.9547,-0.0631,-1.2519,0.26,0.04,-0.0388,0.0305,-0.9749,0.0363,-0.5666,-1.1037,-1.05,-0.3763,0.0233,0.4253,1.1698,2.5564,0.0149,-0.1028,-0.313,-0.0933,-0.0137,2.3429,-0.3066,-0.002,0.0091
795,5855,108,5,running,-3.0977,0.054,-1.8489,0.9568,-3.0136,2.3255,-2.3426,-0.971,1.6564,1.8219,-0.1023,-2.9305,-0.0184,-1.3765,3.044,-0.0102,-0.2076,0.8892,0.3737,0.0682,-2.0208,0.177,-0.1829,-0.0032,-0.0223,-1.7446,-0.0361,0.0079,0.5546,-0.1646,-0.0164,0.0396,0.0289,-2.379,-1.8554,3.4696,3.0412,0.4218,-2.7407,0.2683,0.0279,0.8913,1.017,-4.468,0.4868,-0.0055,0.9585,-0.0112,0.954,-0.021,0.0096,0.0508,0.0335,1.4425,-4.2694,1.9126,0.7497,-1.4386,-0.0705,0.0012,0.0267,-2.7556,1.3449,-0.0043,0.0239,0.0146,-0.0402,-1.8609,-0.3073,0.0344,-0.0385,-0.006
796,5856,108,5,running,-1.0369,-0.0013,4.6988,-0.9543,-1.9996,2.0174,0.2167,-0.9847,1.9428,2.7989,0.0546,-2.0094,-1.1536,-1.2983,0.7495,-1.0235,-0.3731,-0.8824,0.1567,-0.0052,3.0418,-0.0508,0.3776,-0.0141,-0.0039,2.8214,-0.0401,-0.0223,-1.0512,-0.3763,3.7183,-0.0556,-0.0196,-1.0217,-2.4681,0.0202,0.9414,0.1577,2.56,-0.6108,0.0683,0.9452,-1.7593,-4.4189,0.4405,0.0445,-1.0386,-0.0485,0.9824,-0.0138,-0.0611,-0.0069,-0.0702,1.7558,-1.9249,3.5083,-0.0631,0.3729,-0.2139,0.0156,-0.1038,2.7207,-2.0343,0.0609,0.0277,-1.0167,-0.2195,1.3133,0.3405,0.0127,0.0588,-0.0394
797,5857,108,5,running,-1.3414,-0.1096,-3.5679,-0.9249,-0.9712,6.0188,-0.8473,-0.9695,-2.0363,1.7994,1.8643,-4.0382,-0.1843,-1.7825,1.0266,-1.0698,0.0448,1.153,-1.0166,0.0583,-3.0273,0.2632,-1.0509,0.2077,0.1771,-2.0415,-1.3258,0.4011,0.9689,0.508,0.7268,0.0667,-0.0492,-1.0306,0.9664,4.0521,-0.8191,0.3401,-2.8595,-1.9528,-0.2699,3.1373,1.0073,0.0108,0.5566,5.0215,1.0046,0.0095,0.9811,0.2538,0.0684,0.0023,0.0057,-1.841,-1.2511,-0.8611,-3.3768,-3.3541,0.3074,0.1319,-0.7989,-3.0821,-1.2673,-0.1399,0.0544,-0.1306,0.0605,-1.8639,-2.0861,0.6066,-0.0205,0.0149
798,5858,108,5,running,1.0127,-0.1296,-1.0339,-0.9004,4.038,-0.641,0.0113,-0.9702,-0.9404,-2.037,0.86,2.8612,-0.4423,-1.3764,-3.0234,-0.0162,-0.8212,0.3078,-1.1371,0.2049,-0.0447,0.0181,-1.0418,0.0048,0.0511,-0.6006,-1.744,0.5947,0.443,-0.1392,-0.0226,0.0433,-0.0028,-0.5603,2.3776,-2.0035,-1.1558,0.3252,-0.2053,-2.7098,0.4185,-1.4996,0.0092,4.1429,0.4935,0.2634,-0.7989,-0.0059,-1.8917,-0.0218,-0.0062,0.0144,-0.0543,-1.355,0.9446,-5.0742,1.3546,0.9435,-0.2191,0.0501,-0.5806,-0.8828,-2.5195,0.4026,-0.1041,0.4456,0.0201,0.1254,-2.085,0.7406,0.0089,-0.0132
799,5859,108,5,running,-6.0203,-1.0047,-4.1556,2.0978,-0.8619,1.0112,1.036,-1.0024,4.0443,4.0384,0.7269,0.0304,-0.026,-2.7832,0.3127,2.0161,-0.2406,-0.0158,0.379,0.0178,-3.7494,-0.0082,-0.0129,-0.0062,-0.0229,-4.0286,-0.2056,-0.0214,-0.6714,0.0231,-0.9967,-0.0272,0.0099,-5.0585,-3.0403,3.0697,1.9776,0.2032,-3.1533,1.0108,0.0493,1.0747,-3.8495,-3.1427,0.5191,0.0078,0.97,-0.0137,1.0681,-0.0487,-0.0413,-0.0505,-0.0059,1.7409,1.976,3.5948,2.066,-0.4186,0.0542,-0.0145,-0.4415,-3.7185,1.9947,0.056,-0.1446,0.2622,-0.001,-2.2693,-0.3677,-0.0436,0.034,-0.0514
800,5860,108,5,running,-4.0067,-0.2044,-3.0235,1.9248,-0.9616,-2.044,-0.8619,-0.7826,3.7267,0.9495,0.0186,-0.954,0.0021,-1.798,2.0384,2.0277,-1.0033,0.4698,1.2077,-0.0587,-2.1427,-0.0049,0.0169,-0.0503,-0.0515,-2.7186,1.4421,-0.0088,-0.854,-1.0227,-1.9232,0.0175,0.0529,-2.6271,-2.8199,-1.0111,1.9638,0.3151,-3.0105,0.9421,0.0133,-1.3427,-1.8477,-1.1399,0.5459,-0.0206,2.9947,0.0158,-0.958,0.1897,0.0053,-0.0649,0.0561,2.4182,0.3404,1.8761,4.0285,-2.0681,-0.0121,0.0483,1.1617,-3.0393,1.6262,-0.3255,1.0578,0.1554,-0.2516,-2.5554,-0.2399,0.0608,0.1865,-0.0693
801,5861,108,5,running,-6.0977,-0.1348,-3.0746,-2.1539,-1.9965,-1.2995,-1.0445,-0.9401,4.0211,2.7401,0.9664,0.8556,-0.4411,-2.0166,0.9705,0.8615,-0.3762,0.1553,0.0266,0.0123,-3.0206,0.0036,-0.0132,-0.0016,-0.0118,-3.3735,-1.1618,0.0271,-0.3003,-0.1775,0.0048,-0.0185,-0.0024,-3.068,-2.7706,2.0363,2.8475,0.3298,-3.5826,-0.2064,0.0003,-1.2036,-2.8686,-3.1422,0.5128,-0.5079,1.1378,-0.0092,-1.1696,0.0256,-0.0102,-0.051,0.0088,2.4697,1.125,4.0506,2.0482,-0.2403,0.0069,0.0235,0.0409,-3.5843,0.9329,0.0151,0.019,0.0386,0.017,-2.7183,-0.369,0.0287,-0.0293,0.0301
802,5862,108,5,running,1.0218,-0.1043,-4.0417,-3.4189,2.0504,2.0117,-4.068,-0.9724,-2.0601,2.0485,0.9184,0.9544,-0.441,-2.0091,0.4027,1.0108,-0.7986,1.0235,-2.0122,0.2516,-0.379,0.2038,-1.5569,-0.0136,0.1423,-1.2637,-2.3997,0.5245,1.1373,-0.0154,0.0279,-0.0045,-0.0522,-0.7901,3.6569,1.7495,-0.9947,0.1348,-1.6007,-2.9783,0.0584,1.7826,3.7596,3.0512,0.5453,0.9703,1.0942,-0.0644,0.3739,0.0559,0.0031,0.0406,0.007,-2.156,-2.0443,-3.0663,0.1697,-1.4557,0.1883,0.0147,0.0063,-2.4701,-2.3546,0.1645,0.0338,0.3419,-0.1895,-0.9435,-2.6145,0.0263,-0.0014,-0.0303
803,5863,108,5,running,-1.0637,0.0139,4.7098,-1.8011,-3.2996,0.3798,0.0142,-2.3491,2.8605,2.0368,-0.918,-2.9237,0.4407,-1.3378,3.0117,-0.0031,1.0377,-1.0443,0.5165,-0.0541,2.8612,-0.2048,0.5185,0.0388,0.0224,2.821,0.1569,-0.0562,-0.8069,0.0104,3.9763,-0.055,-0.0195,0.9409,-2.3176,-0.7467,0.7401,0.1592,2.6568,0.6465,-0.2667,0.9448,-0.8642,-4.4181,0.4508,0.2233,0.9993,-0.0642,0.9961,-0.0211,0.052,0.0234,0.0204,1.9635,-3.4429,3.048,0.6445,-2.428,0.1316,-0.0406,-0.1428,2.9554,-1.0511,-0.1843,-0.1532,-0.263,0.009,1.5501,1.378,-0.1393,-0.0776,-0.0497
804,5864,108,5,running,-6.0068,0.0541,-0.8019,1.0162,-2.0127,2.5071,-3.3798,-1.1557,2.942,3.0175,-0.1565,-3.0501,1.003,-1.4254,1.0234,0.7182,-0.3071,1.0416,0.5089,0.0381,-1.439,-0.0071,-0.2013,-0.0565,-0.0448,-2.4696,0.0093,-0.0108,0.005,-1.0696,0.7016,-0.0275,-0.0203,-3.8483,-2.4666,1.9021,2.9409,0.5165,-3.134,1.0043,-0.1311,-0.1292,-2.9066,-2.8828,0.5091,1.0976,2.6447,0.0482,-0.3417,0.0084,-0.0119,-0.1021,0.0295,2.7401,-0.3738,4.1883,1.4023,-2.8641,0.0029,-0.0407,0.3876,-3.3424,2.0743,-0.441,0.028,0.3722,-0.2622,-2.5601,-0.0157,-0.43,0.0493,-0.042
805,5865,108,5,running,-4.0109,-0.1346,5.7188,-0.9587,0.4184,-1.8544,1.3794,-0.9568,2.8609,2.61,0.3734,-1.0735,0.3721,-2.0697,0.8896,-0.0668,0.0417,-0.9964,-0.0362,0.0404,4.0269,-0.0082,-0.0038,0.0095,0.0024,3.0681,-0.5944,0.0501,-0.201,0.0187,3.8823,-0.0589,0.0075,-0.8216,-3.1663,-2.0704,0.9794,0.3409,2.6617,-1.0442,0.0161,-0.2695,-4.749,-3.0232,0.5103,0.1017,0.004,0.0052,-1.2997,-0.0759,0.0114,0.0596,0.0062,1.9423,2.738,3.599,-0.0379,-0.0157,-0.02,0.0149,-0.4941,2.8373,-2.3994,0.0971,-0.1069,-0.4687,0.0171,1.7981,-0.067,0.1556,0.0135,-0.0305
806,5866,108,5,running,7.0016,-0.3017,2.0214,0.0129,-4.0038,0.7264,-1.9844,-0.8486,-2.9626,1.8934,1.9563,-4.0441,0.3258,-2.009,-0.86,-2.0168,-0.2514,0.2521,2.0414,0.04,2.0368,-0.0059,1.8547,0.0507,-0.0115,2.0492,1.6716,-0.0209,-1.0177,-0.4286,0.9711,0.0021,0.0584,4.7181,0.1314,-0.0556,-2.0697,0.3874,1.5607,2.7063,-0.0484,-0.0267,4.027,-4.0282,0.4925,-0.0224,-1.0857,-0.0644,0.2033,0.0188,0.0142,-0.0515,0.0298,-0.9744,-4.0921,0.8503,-2.599,0.644,-1.0544,-0.013,1.03,2.4423,1.169,-0.3761,-0.159,-1.0084,0.0106,0.4947,3.0629,0.6418,-0.0665,-0.102
807,5867,108,5,running,-3.0448,-0.1834,-2.9426,-1.0169,-2.4668,0.9409,-0.9241,-2.0831,2.4682,1.9941,-0.7404,-0.9794,-0.3765,-1.6418,4.0504,1.0664,-0.2631,0.4694,0.0189,0.0513,-3.0694,-0.0139,-0.0175,0.004,-0.2015,-2.2695,-0.5161,0.182,0.5072,0.0231,-0.9773,0.0499,0.0681,-2.0115,-1.8555,2.646,2.3734,0.2033,-2.8609,-0.186,0.0368,0.8898,-0.8014,-5.1399,0.5129,-1.1569,0.3409,0.0089,0.3416,0.0587,0.0033,-0.0121,0.0029,1.8563,-3.2193,3.097,1.421,-0.0209,-0.0107,-0.0147,0.006,-2.8541,0.6613,0.0484,1.0073,0.1537,-0.0015,-2.2781,-0.7269,0.0343,0.2028,0.0549
808,5868,108,5,running,-4.0121,0.0113,-1.7269,0.9406,-1.9441,1.5949,0.0168,-1.008,2.9399,2.9425,0.0233,-0.9944,0.0098,-1.4244,4.0345,0.0502,-1.0376,1.0417,-0.0273,0.0393,-3.0203,0.0107,-0.4684,0.0149,0.0048,-1.8545,-1.0699,0.0541,1.0528,0.0466,-0.4024,-0.0199,0.0213,-2.8913,-2.0513,3.0484,3.4398,0.3736,-3.0584,-0.312,0.0188,0.8603,-3.5199,-5.0156,0.4852,-1.0598,-0.2036,-0.0174,0.5576,-0.0053,-0.0006,0.0019,-0.0478,2.3408,2.7438,4.0667,1.4214,-0.0555,0.0038,0.0064,-0.223,-3.3713,0.9328,-0.0442,1.0334,0.4423,-0.0493,-2.479,-0.9543,0.038,0.2813,-0.0314
809,5869,108,5,running,-3.0267,0.0448,-0.9944,1.4416,0.0079,-1.7985,0.0212,-0.9264,2.8911,-1.3791,-0.5207,-0.0163,-2.0205,-0.9566,-3.0108,1.0747,-1.0233,-0.0364,1.063,0.0138,-1.134,-0.009,0.0514,0.0149,-0.0017,-2.027,1.7269,-0.018,-1.0684,0.0196,-3.0756,-0.0547,0.0507,-2.0435,-2.3236,-0.207,1.8017,0.2636,-1.9547,2.5184,0.0026,-0.8694,-3.0222,2.0127,0.5454,0.8641,1.3429,-0.0069,-1.2037,0.1602,-0.0008,-0.0596,-0.0038,1.7188,1.74,-0.2231,2.8951,-1.0049,-0.0409,0.056,0.058,-1.9763,3.0694,-0.325,0.038,0.4404,-0.1864,-2.1377,1.0419,-0.3308,0.0528,0.0159
810,5870,108,5,running,-6.0978,-0.2521,-3.0514,3.1537,-0.8616,-2.3799,-1.0507,-1.0347,2.9246,-4.0204,0.5807,-1.999,-0.4027,-2.033,2.0163,-0.0221,0.3776,2.0666,2.1317,0.0105,-4.0698,-0.0059,0.0191,0.0035,-0.2199,-2.8545,2.2077,-0.0092,0.0213,-0.726,-2.6987,0.058,0.0551,-1.9556,-4.458,-0.9427,1.8486,0.4193,-2.9661,2.6564,-0.0146,-2.0235,-2.8317,4.3732,0.5456,0.7499,2.8633,-0.0482,-1.4993,0.0089,0.0125,0.0683,0.0068,0.9716,2.939,-3.0361,2.8414,-2.6968,0.0044,-0.0417,0.864,-2.8896,3.0492,0.0328,-0.1033,-0.2043,0.013,-2.269,1.0276,-0.0403,-0.1602,0.0425
811,5871,108,5,running,7.0698,-0.3419,-3.0124,-4.0391,0.9566,1.0375,-0.9247,-0.4251,-3.3738,2.3796,3.4999,2.8545,-0.4667,-2.2513,0.9774,-0.2635,-0.8471,-0.6413,-2.1426,0.1255,0.0073,0.0057,-1.821,-0.0236,0.0203,-0.3079,-2.7187,-0.0104,-0.7983,-0.2698,-1.0213,-0.1719,-0.0414,-0.9061,3.8559,2.1569,-2.038,0.4685,-1.1397,-3.848,-0.0708,0.954,3.8908,1.4425,0.5571,0.1611,-0.9666,0.0369,0.6329,0.1542,-0.0603,0.0062,-0.0019,-2.942,-2.0303,-3.5807,-0.8919,0.0169,0.1861,-0.0583,0.05,-1.9529,-2.8955,-0.3252,0.002,0.4409,-0.2447,-0.2607,-3.0825,-0.3556,0.0048,0.0513
812,5872,108,5,running,-3.0971,-0.1546,-1.8618,-0.3742,-3.0389,4.0337,-4.3798,-1.469,-0.0199,1.1562,1.0506,-3.9405,1.0638,-2.0935,-0.0114,0.0267,-1.0164,0.9563,-0.5089,0.1444,-3.0411,0.0516,-0.6449,-0.0013,-0.2079,-0.9683,-0.8211,0.4027,0.9026,-0.0182,0.8643,0.0556,0.002,-1.1425,-0.7406,5.0523,-0.0694,0.4015,-3.0586,-0.4191,0.0549,3.1644,-0.0237,0.0105,0.5961,3.0213,2.9707,0.0489,2.0734,0.2837,0.0074,-0.0088,0.0068,-0.0155,-0.0173,-0.0228,-0.0302,-0.0277,0.0147,-0.0561,-0.34,-2.9549,0.3879,-0.0498,-0.125,0.3122,-0.0646,-2.4665,-1.0449,0.0579,-0.0092,0.0288
813,5873,108,5,running,-4.0071,-0.1831,4.9427,-3.1536,-2.4289,0.034,-3.0699,-2.0219,1.9457,0.9718,-1.0238,-0.9623,0.4253,-2.0167,1.7441,0.0664,0.0447,-0.8915,0.1618,-0.0507,3.1421,-0.1828,1.018,-0.0485,-0.2075,3.0123,0.1312,0.0537,-0.6,-0.3419,3.9247,-0.0542,0.052,1.2682,-1.7262,-0.3319,1.307,0.2233,3.01,0.4694,0.0515,-0.0177,-1.0192,-2.9441,0.4983,0.027,0.9958,-0.0134,0.8643,-0.0282,0.026,-0.0643,0.002,1.954,-1.3429,3.3792,-0.0631,-1.641,0.1449,-0.0081,0.1646,3.0607,-0.3675,-0.1776,0.033,-0.373,-0.1809,2.0732,1.1345,-0.1865,-0.0392,-0.0147
814,5874,108,5,running,2.8939,-0.1258,-2.9628,-0.9826,2.9521,0.005,-2.1379,-0.3071,-2.948,-0.5806,2.1644,-1.8344,0.0329,-0.9619,-1.8489,-3.0268,-0.0401,-0.4707,-1.5134,0.0606,-0.7188,-1.0514,-1.3135,0.0826,-0.0172,-1.5186,-1.8569,-0.0421,0.049,-0.7207,-0.059,0.0028,-0.0316,-2.8908,3.5087,0.5548,-1.6415,0.0276,-1.5948,-3.4999,0.0373,1.0747,3.7706,1.9635,0.3027,0.2272,-1.8491,0.0396,0.9398,0.0297,-0.0668,-0.068,0.024,-1.978,-1.4283,-4.0641,-0.6308,-0.6983,-0.376,-0.0231,0.009,-1.4453,-3.0555,-0.2191,-0.1027,0.3747,-0.2763,0.3129,-2.7423,0.0567,-0.0086,0.0127
815,5875,108,5,running,-4.0093,-0.1046,5.0078,-0.9969,-3.0365,0.4427,0.3078,-2.3793,1.9429,2.5677,-0.9245,-1.8012,-0.4397,-2.142,1.0275,-1.0114,1.0633,-1.0508,1.0413,0.068,3.4213,0.0185,0.7031,-0.0123,-0.0134,2.5569,0.7406,-0.0083,-1.0343,-0.44,4.0149,-0.0056,-0.0161,1.8488,-2.4556,-1.213,0.9544,0.1343,1.9232,1.7048,-0.2078,0.939,-4.0178,-5.0556,0.4699,0.0217,-0.9037,-0.0492,0.5579,-0.0287,-0.0547,-0.0234,-0.0695,2.376,2.7381,4.0209,0.0033,0.8418,0.1311,-0.0019,1.1038,2.269,0.015,-0.4188,-0.144,-0.2128,-0.1778,1.1472,1.79,-0.3723,0.0006,-0.0393
816,5876,108,5,running,-1.0219,0.0347,4.4396,-1.5756,-3.0068,0.3738,-3.7181,-0.9549,1.3796,-0.7268,0.0049,-4.6213,1.0168,-1.3497,0.9564,-0.0134,-0.0034,-2.0978,0.1561,0.0114,3.0185,-0.2682,0.5044,-0.0083,-0.0107,3.0769,-0.0209,-0.0173,-0.8602,-0.3429,3.9306,0.0389,0.0227,-0.0056,-2.0361,-1.0647,0.8016,0.2515,3.0072,0.0276,0.0514,0.9528,-0.03,-1.9703,0.5091,2.4685,2.5077,0.012,0.8484,0.0495,0.0681,0.05,0.0141,0.9664,-1.1615,0.7209,-1.3077,-3.6566,-0.1862,-0.0379,0.0698,3.0947,-1.188,-0.0406,0.0336,-0.5027,-0.054,2.3062,0.6716,0.0624,-0.0192,-0.0232
817,5877,108,5,running,-1.2078,-0.1031,3.7094,0.0126,-0.9789,4.0748,-0.5081,-0.8217,0.8607,4.0166,2.0374,-2.0217,-1.036,-1.9631,-0.0023,-1.066,0.0037,-0.8934,-1.0384,-0.0208,2.0973,-0.0094,0.0324,-0.0067,0.0043,3.0131,-1.0687,0.0102,-0.3126,1.0527,3.0503,-0.0447,-0.0008,-1.1382,-1.9408,1.2637,0.9703,0.3185,3.0601,-1.7066,-0.011,2.07,-2.7185,-3.8826,0.4867,0.8019,-0.2031,-0.0434,1.7534,-0.0541,-0.0931,-0.0148,-0.0593,1.3237,2.0413,2.641,-1.3136,-1.2238,-0.0183,0.0584,-1.1534,2.9248,-2.4994,0.0497,-0.1308,0.0082,0.0692,2.626,-0.6306,-0.0223,-0.0017,-0.0425
818,5878,108,5,running,7.0619,-0.3403,-1.2632,-2.0362,3.4281,1.0101,-4.0688,0.0166,-0.9739,-1.994,3.379,1.9638,-1.0553,-2.0177,-1.0212,-3.0141,-0.3734,0.1319,-1.641,0.1449,0.5071,0.0544,-2.0381,0.0041,-0.02,0.1378,-1.9445,0.2162,0.5664,-0.3778,-0.2238,0.0447,-0.0584,-3.0075,3.4214,1.0131,-1.4691,0.3878,-0.011,-3.3991,-0.0083,0.954,3.9398,4.0092,0.5199,0.9968,0.8916,-0.063,0.2384,0.0016,0.0025,-0.0663,-0.1032,-0.9023,-4.0708,-2.6965,1.1556,-2.7383,-0.1611,-0.102,-0.401,-1.3131,-3.0945,-0.05,-0.1049,-0.04,-0.0885,1.0264,-2.5958,-0.0933,0.0646,-0.0067
819,5879,108,5,running,-3.0218,-0.0164,-2.8826,1.373,-0.9428,-2.0431,0.3072,-1.0367,4.0526,0.9791,0.0231,-0.1643,-1.0065,-2.1377,0.8607,0.8474,0.0447,1.0666,1.2194,-0.0131,-2.0347,0.0038,0.2073,-0.0027,-0.0054,-1.9437,2.0483,0.0075,-0.0199,-0.3259,-1.9231,-0.0229,0.0093,-1.7386,-3.0402,0.0118,1.9546,0.4016,-2.7001,1.5666,-0.0015,0.0305,-1.8413,-0.9032,0.5131,-0.0085,3.94,0.0002,-1.026,0.0897,0.0104,-0.0274,0.0045,1.9414,-0.0698,1.2691,3.6301,-1.4429,-0.1424,0.0123,0.7608,-2.585,2.3134,-0.2047,1.0173,0.4396,-0.1778,-1.8507,-0.1317,-0.4035,0.0589,0.0532
820,5880,108,5,running,6.0731,-0.2017,4.0171,0.0034,-2.9707,0.0134,0.7829,-1.0606,-2.9627,0.268,1.9426,-2.9406,0.0023,-2.1373,-3.0231,-1.0697,0.8917,-0.4664,1.4213,0.0666,4.0225,0.0004,1.3116,-0.0081,0.0102,3.0431,0.8828,0.007,-0.6442,-0.0507,0.9964,-0.044,0.018,5.8544,0.0206,0.6109,-1.4424,0.4194,2.0407,1.3779,0.0219,0.2634,0.9788,-0.9395,0.5847,3.1568,-5.0091,-0.0484,-0.012,0.2644,0.0389,0.0147,-0.1886,-0.7445,-1.0975,-0.4027,-3.4823,0.0517,0.0685,-0.0412,-0.0047,3.1399,0.0278,0.0584,-0.1648,-0.3124,0.0161,1.0673,1.5568,0.0579,0.0541,-0.0554
821,5881,108,5,running,-3.0114,-0.2038,-4.0076,1.864,-1.0046,-1.9789,-0.7187,-0.9715,4.0443,1.4186,0.402,-0.0201,0.2076,-1.7398,2.1558,2.0632,1.0035,1.0689,1.3138,0.0083,-3.0408,0.05,-0.0131,-0.0211,0.0182,-2.5677,0.9434,0.0149,-0.0175,-0.0029,-2.9305,-0.0013,-0.0282,-1.8915,-4.0098,0.0581,2.8477,0.4682,-2.9398,1.3764,-0.0518,-1.2693,-0.9582,2.0233,0.5788,0.8217,5.0105,0.0576,-0.8197,0.1866,-0.016,0.0339,-0.0493,1.641,1.034,-0.0413,4.3738,-1.7097,-0.2049,0.0053,0.4016,-3.0702,2.06,-0.1389,0.0292,0.3253,-0.2636,-1.9024,0.082,-0.3414,0.0398,-0.0061
822,5882,108,5,running,-3.0209,0.0138,1.9246,-4.0682,0.9944,0.0077,-1.9625,-0.9403,1.9223,0.9787,-0.3737,-4.0218,-0.3074,-1.3135,1.1631,0.027,-1.0162,-0.972,-1.1556,-0.0228,1.268,-0.0031,-0.7181,0.0509,0.0049,1.5071,-2.041,-0.0294,-0.9396,0.5015,1.861,0.0154,-0.0169,-3.062,-0.9709,-1.4216,2.0496,0.2695,0.9604,-3.3992,-0.0101,0.0365,1.7349,0.4029,0.5354,3.1393,2.9776,0.0234,0.186,0.2127,-0.0188,0.0123,0.0,0.742,-0.3779,-1.0761,2.4422,-1.9543,0.0486,0.0581,-3.0575,0.2238,-2.4972,0.2077,1.0446,-0.0083,0.0062,1.312,-2.0855,0.0387,0.2169,-0.0057
823,5883,108,5,running,0.1458,-0.1076,0.223,-0.0603,-0.1593,0.0619,-0.0637,-0.1137,-0.0556,-0.0274,0.0325,-0.0873,-0.0269,-0.0942,-0.0177,-0.0295,0.0157,-0.0331,0.0316,0.0195,0.0258,-0.0226,-0.0025,-0.0246,0.0098,0.0358,0.0288,-0.0044,-0.043,-0.0007,-0.0076,0.0376,-0.01,0.0624,-0.0012,-0.023,0.0663,1.0528,0.1603,0.198,-0.0826,0.0652,0.1576,-0.0647,0.5034,0.071,0.0493,0.0018,-0.0579,0.922,0.0202,0.0453,0.0055,-0.046,-0.0727,-0.0039,-0.076,-0.0225,-0.0537,0.0796,0.0599,0.1585,0.0737,0.0058,-0.1049,0.1259,-0.2639,0.1557,3.2199,-0.4575,-0.0064,0.0308
824,5884,108,5,running,-7.0039,-1.0203,-3.5996,3.1641,-2.1555,0.0192,0.0368,0.2161,4.8592,2.8489,2.0686,-0.9567,-1.0289,-2.0085,0.2038,0.0442,0.1535,1.0114,2.0487,-0.0414,-2.7183,-0.0631,-1.0743,0.0168,0.0276,-3.7495,1.0508,-0.0514,-1.0555,-0.516,-2.8494,-0.0763,0.186,-4.5809,-3.8413,3.0696,2.7405,0.3739,-3.2993,1.4661,-0.0825,-0.6303,-5.1377,-3.0181,0.4697,0.0217,0.0234,-0.0137,-0.9456,-0.0049,0.0174,-0.0588,0.0226,2.9267,2.4427,3.9402,2.7467,0.2518,-1.0404,0.0109,1.1653,-3.2699,2.4399,0.0026,-0.0972,0.3305,-0.2123,-2.6317,-0.3076,-0.3788,-0.0542,-0.03
825,5885,108,5,running,4.0267,-0.1039,-3.0206,-1.942,1.8614,0.9547,-3.0238,-0.3761,-2.8472,2.0218,2.5613,1.9772,-0.4411,-1.8011,1.0254,2.0698,-0.5043,-0.2698,-1.4213,-0.0406,0.0127,-0.0108,-1.3737,0.0167,0.0493,-0.164,-2.794,-0.0092,-0.9786,0.0131,-0.7237,-0.2033,-0.0024,-1.1695,3.8935,-1.0637,-2.0665,0.4392,-0.3559,-3.746,-0.1778,0.2512,2.9125,0.8547,0.5441,0.0506,-1.848,-0.0014,0.1564,0.2128,-0.0681,0.0641,0.037,-2.5075,-0.6306,-3.0926,-0.8917,0.9565,0.1618,-0.0189,-0.4124,-1.5959,-3.0974,-0.4404,2.038,0.4436,-0.1973,0.9,-2.6983,-0.3986,0.4575,0.0561
826,5886,108,5,running,-3.0208,-0.0667,3.8829,-0.9408,-0.9774,0.5997,-0.8605,-1.0344,3.455,2.0584,0.0501,-0.801,-0.3066,-1.4999,0.2631,2.0441,-0.2522,-0.8614,0.5075,0.0514,2.6564,-0.0488,-0.009,0.016,-0.069,2.014,0.0189,-0.006,-0.469,-0.0464,2.8898,-0.0419,-0.0103,0.1645,-2.2992,-0.1313,2.2079,0.3159,2.0119,0.4025,0.0387,0.6305,-4.0439,-4.0035,0.526,-0.0122,-0.3138,-0.0159,0.1531,0.0047,-0.0302,0.0179,-0.0002,1.9235,2.8193,3.3403,1.5086,0.0974,0.0019,-0.0369,-0.4406,1.9024,-0.0279,0.0286,-0.1329,0.0553,-0.0409,1.3737,1.103,-0.0374,0.0073,-0.0197
827,5887,108,5,running,-1.0068,-0.1029,4.038,-0.9266,-1.8938,2.0745,-0.9747,-1.0346,1.9553,1.8546,-0.0445,-1.1569,-0.2076,-2.0284,3.0437,-0.0204,-0.2638,-0.8663,0.34,-0.0518,3.023,-0.0689,0.4021,0.0395,0.041,3.0481,0.0303,-0.0507,-0.307,-0.0109,2.972,-0.0122,-0.0022,2.055,-0.9548,-1.0189,1.4016,0.1648,2.7069,-0.0612,-0.0545,0.8473,-1.6269,-5.0498,0.5166,-0.3988,-0.7909,-0.0049,1.0976,0.0194,-0.0091,0.022,0.0054,1.3774,-1.9945,4.0596,-0.2684,0.4189,-0.1878,0.0369,-0.4426,3.0575,-1.656,-0.1398,0.0178,-0.3416,-0.0149,1.5507,-0.021,-0.186,0.0299,-0.0262
828,5888,108,5,running,2.0979,-0.1543,-2.3791,-3.0366,1.7397,2.1646,-4.0374,-0.58,-1.3727,0.9774,2.0518,2.0683,1.0406,-2.1353,0.9266,1.0435,-1.0636,-0.6416,-2.0109,0.1391,-1.1426,0.1568,-1.7435,-0.0184,-0.0212,-1.0444,-2.0587,0.3258,1.0736,-0.278,-0.2277,0.0463,0.0385,-0.8602,3.1695,1.8417,-0.8487,0.1347,-0.8897,-3.3426,-0.0549,1.7822,5.069,1.1377,0.5283,-0.0291,0.7185,-0.0082,0.5048,0.025,0.0078,-0.0146,0.0017,-2.7424,-2.251,-4.0765,0.7494,-1.74,0.0203,-0.0059,0.0308,-1.4683,-3.0138,-0.2768,1.0753,0.1256,0.0029,0.3783,-2.6443,-0.0094,0.1911,0.0115
829,5889,108,5,running,-3.0446,-0.1837,-2.9243,1.4418,-2.0688,-3.0662,-2.0406,-1.1534,3.0585,-0.7263,-0.0604,0.9932,0.1844,-2.0348,2.8014,2.0509,-0.0104,1.155,1.2071,0.0173,-2.0186,0.052,0.4396,-0.0059,-0.103,-1.7704,1.6618,0.0563,0.2636,-0.5602,-3.3426,0.0482,0.186,-1.468,-1.9426,-1.4705,2.016,0.4028,-2.4282,1.6416,0.2028,-0.9475,-1.02,1.8822,0.5199,0.6067,3.7208,-0.0647,-1.0049,0.0216,-0.0019,-0.0097,-0.0594,1.4401,0.6606,0.0635,4.0367,-1.3138,-0.132,-0.0221,0.9541,-2.3545,2.3711,-0.2033,0.0289,-0.144,-0.093,-1.8483,0.0269,0.0575,0.0388,-0.0029
830,5890,108,5,running,-1.0108,-0.1033,-0.9449,1.1538,0.0207,-0.9398,0.0413,-0.325,0.0237,-0.0829,-0.0001,-0.022,1.0111,-0.9231,-0.0126,0.0135,0.0363,0.801,1.0383,0.0182,-0.466,0.001,-0.068,-0.051,0.0548,-0.5677,0.5167,0.0044,0.0078,-0.0026,-0.6719,0.0058,0.044,-0.0305,-0.1646,-0.2645,0.0192,1.021,-0.5615,0.1919,0.0509,-1.1772,-0.0249,-0.0298,0.5916,0.0316,-0.0322,0.0334,-0.996,0.3517,-0.0142,0.0096,-0.0067,0.0269,0.0345,0.0039,0.0351,0.0083,0.027,-0.0372,0.0551,-0.4564,0.3794,0.0533,0.0569,-0.028,0.0586,-0.5191,0.0525,0.06,0.0633,-0.0456
831,5891,108,5,running,4.0218,-0.2527,1.1534,-0.1646,-2.7989,0.0131,0.0169,-0.9796,-4.0384,0.9948,1.3798,-4.0366,0.0448,-0.9714,0.0066,-1.0104,1.033,-1.0268,0.9702,0.0608,2.0435,-0.1773,0.7437,-0.0126,0.0411,2.0345,0.9611,-0.0698,-1.0509,0.1251,1.0119,-0.0405,0.0547,6.0587,-1.0207,-0.2604,-1.0617,0.4191,1.6567,2.7441,0.0091,-0.0747,1.8616,-3.4399,0.5127,0.2074,-2.8475,-0.0634,-0.2052,0.0071,-0.0563,0.0594,-0.0943,0.954,-2.1568,1.8824,-4.2764,2.0976,-0.2046,0.0031,0.0517,3.0553,0.5941,-0.2516,-0.1636,-0.4028,-0.0704,0.7906,2.868,-0.0726,-0.049,0.0159
832,5892,108,5,running,-1.1547,-0.0016,3.6891,-0.9238,-1.8618,0.9789,-2.0345,-1.05,2.425,1.0669,0.0115,-3.044,0.2529,-2.0135,0.9945,-0.0277,1.0683,-1.1558,0.4028,-0.0179,2.0214,-0.1395,0.3769,-0.0142,0.0222,2.0185,0.4219,-0.0074,-0.9397,-0.0121,2.9165,0.059,-0.0031,1.1777,-0.9569,-0.1314,1.0237,0.1563,2.6419,0.016,-0.0051,-0.0208,-1.3795,-2.6277,0.5137,0.7499,1.8347,0.0383,0.3303,0.058,-0.0565,0.0368,-0.0373,1.849,-0.8216,2.4184,0.3739,-2.4663,0.0489,0.0396,0.0194,3.0574,-1.0401,-0.0066,0.0049,-0.4695,0.0092,1.485,0.9029,0.0263,0.053,-0.0516
833,5893,108,5,running,6.0699,-0.2527,0.6448,1.004,-3.0511,-0.8018,0.4418,-0.8474,-4.8314,1.9241,2.3738,-1.9406,0.1542,-1.8308,0.0111,-3.0432,0.74,-0.0502,1.7986,-0.1635,2.1378,-0.2518,2.052,-0.2637,-0.1036,1.0382,1.9525,-0.294,-1.7189,-0.3798,-2.1429,-0.203,0.0547,4.0486,-1.0102,-2.0449,-1.3428,0.1348,1.1564,3.0608,-0.4427,0.0269,2.9546,-3.192,0.5151,1.169,-3.0237,0.0595,0.0366,-0.0151,0.0131,0.0016,0.0099,-1.5079,-1.7105,0.2402,-4.4696,0.6616,0.1533,0.0688,0.9665,2.3712,1.6561,-1.0206,2.0273,0.0184,0.002,-0.0168,3.0767,-0.3419,0.3741,0.0568
834,5894,108,5,running,-2.0697,-0.2073,-1.9849,0.9396,-1.3423,-0.9633,-0.8934,-0.9248,4.0216,2.1375,0.0501,-0.8916,-1.0604,-1.8418,0.8612,0.3777,0.4419,-0.1538,0.373,-0.002,-2.0682,0.0031,-0.1834,0.0231,-0.0109,-1.8753,-0.0201,-0.018,0.0174,-0.0134,-0.9713,0.004,0.0148,-1.8498,-2.3727,3.0974,3.3071,0.1493,-2.6276,0.3789,-0.0586,0.0168,-2.3796,-2.0374,0.5106,-0.0129,3.0263,0.0016,-0.504,0.0397,0.0387,0.048,-0.0115,1.9766,-0.4023,2.0662,3.5083,-1.7427,-0.0099,-0.0367,0.4187,-3.0159,1.0565,-0.164,-0.1312,0.155,0.0295,-1.8306,-1.0408,-0.0345,0.0199,-0.0325
835,5895,108,5,running,-1.0638,-0.0016,4.4427,-0.9182,-3.0167,2.0685,-3.0213,-2.0409,1.6981,0.8355,-0.7493,-3.9228,1.0511,-1.3498,0.861,-0.0194,-0.3732,-1.3775,0.0202,-0.0072,2.8566,-0.0083,0.4697,0.0127,-0.0025,3.0436,-0.0696,0.034,-0.5848,-0.0503,3.923,0.0186,0.0155,-0.009,-1.9401,-1.0667,0.8691,0.1717,3.0109,-0.2991,0.0045,0.9393,0.0266,-3.8197,0.5105,0.9828,1.188,0.0293,1.2633,0.0178,0.0395,-0.0144,0.0066,1.3741,-2.5047,1.7445,-1.1325,-2.1313,-0.1878,0.036,-0.03,3.1615,-1.7549,0.0234,0.0034,-1.1237,-0.1021,2.071,0.0287,0.0441,-0.0675,-0.0549
836,5896,108,5,running,-4.1531,-0.1833,-2.6568,0.9779,-2.0697,-1.0366,-0.9563,-1.1648,2.9036,2.5616,-0.0441,-0.9249,-1.0587,-2.1381,3.1693,1.026,0.3733,0.8472,1.0636,-0.0126,-2.2199,0.1775,-0.0101,-0.0094,-0.2694,-3.0226,0.4398,-0.068,0.0344,0.0238,-1.749,-0.0387,-0.0169,-1.9549,-2.9305,-0.0155,2.8499,0.2232,-3.376,0.9407,-0.155,-0.9666,-0.8636,-2.968,0.5165,0.018,4.0032,0.0073,-0.6443,0.0279,0.0015,-0.017,0.054,2.6291,-1.0205,3.0596,1.8562,-3.3798,-0.0505,0.0194,-0.0557,-3.5945,1.6615,-0.0114,0.0489,0.492,-0.0412,-2.5848,-0.0403,-0.2769,-0.039,0.0422
837,5897,108,5,running,-1.0278,0.016,-3.0074,0.8012,-1.5999,3.0266,1.0175,-0.9797,1.0033,2.2072,0.3766,-0.4196,0.013,-0.9666,6.0345,-1.0663,0.1646,0.661,-0.2637,0.0185,-3.0403,-0.0026,-0.9561,0.0203,-0.0095,-3.021,-0.5946,-0.0285,0.4024,-0.006,0.9988,-0.0227,-0.0324,-1.2992,-0.2409,4.0129,1.0116,0.1638,-2.9783,-0.1396,-0.0685,1.3116,-1.0307,-4.8199,0.4686,-0.216,0.0154,-0.0194,1.8896,-0.0103,0.0239,-0.0649,0.0366,1.1561,-4.0961,3.1695,0.0601,-0.7529,0.0083,-0.0393,0.058,-4.0866,0.3308,0.0373,-0.0884,0.1535,0.0517,-1.9941,-0.9706,0.0692,-0.067,-0.0411
838,5898,108,5,running,-4.0506,0.038,0.9943,-1.4994,-1.0697,-0.9422,-1.9787,-0.9727,4.0434,1.9668,0.0403,-2.0683,-0.0128,-1.3394,2.6907,2.0746,0.0333,1.0584,1.0161,0.0205,0.7209,-0.0483,-1.0445,0.017,-0.0229,1.037,-0.2278,-0.0081,0.0186,-0.0398,1.0234,-0.0108,-0.0112,-2.0419,-2.8492,-1.0555,3.8446,0.4021,0.1374,1.0157,0.0265,-0.9549,-2.7183,1.1397,0.547,1.1655,4.0944,-0.0517,-0.7538,0.1631,0.0369,-0.0028,-0.0277,1.8608,1.0769,0.0218,4.1552,-2.5677,0.0046,0.0003,0.0149,0.3748,1.0545,-0.0641,-0.1305,0.025,0.0096,0.0702,0.8268,0.0562,-0.0606,-0.0135
839,5899,108,5,running,-3.0201,-0.1847,-4.0106,1.9547,-0.8192,-1.7708,0.0076,-1.0192,4.0344,1.6441,0.036,0.018,0.0089,-2.023,0.8473,2.0161,-1.022,0.6615,1.2688,0.0542,-2.1428,0.0123,0.021,-0.0149,-0.0046,-2.5823,1.5949,-0.0099,-0.5603,-0.3251,-3.2996,-0.0135,0.0727,-1.9021,-3.055,-0.0177,3.0524,0.1538,-2.8825,1.4688,0.0689,-1.2029,-2.8633,-1.156,0.5426,0.0307,1.9765,-0.0297,-1.7401,0.0396,0.0495,-0.0586,-0.0404,3.0591,0.3077,3.038,2.6364,-0.5189,-0.0449,-0.0069,0.0038,-2.9224,2.1621,-0.2199,-0.1275,0.3016,0.0501,-2.4054,-0.1574,0.155,-0.0695,-0.0423
840,5900,108,5,running,-1.0738,0.0689,3.8594,-0.9792,-2.8827,0.9406,-1.3724,-1.9249,2.3734,1.6443,-0.5062,-2.9788,0.379,-1.2856,2.3771,0.0111,0.1422,-0.8897,0.2409,0.0381,2.5047,0.0161,0.1868,0.0104,-0.0135,2.3409,0.3676,0.0173,-0.4306,-1.0069,3.5997,-0.0099,-0.0189,1.0446,-2.0046,-0.2637,0.8213,0.1564,1.9703,0.9446,-0.0702,0.9302,-2.0212,-3.7407,0.5078,1.134,1.4258,-0.0698,0.7182,-0.0124,0.0053,0.0403,-0.0536,1.8935,-1.7445,3.0412,0.4011,-2.4391,-0.0081,0.0549,0.6585,2.4557,-1.0077,-0.5087,-0.1322,-0.269,-0.2035,1.3787,1.1371,-0.2947,-0.0579,-0.0529
841,5901,108,5,running,6.0508,-0.3408,-3.0104,-2.929,0.974,1.4257,-1.7945,-1.0179,-4.0361,1.8618,1.9734,0.977,0.3724,-2.0344,-0.9434,-1.0438,0.0164,-1.0389,-1.5083,0.2078,-1.0275,0.0514,-0.9665,0.2011,0.0661,-2.379,-2.4427,0.306,0.8606,-0.0112,-0.3079,-0.0206,-0.0212,0.022,5.0447,1.623,-2.049,0.4581,-2.058,-3.1371,-0.2036,1.2239,4.5617,-0.0156,0.5165,0.8822,-0.9828,0.1026,1.0306,0.0643,-0.0611,-0.0064,0.0706,-3.3734,-3.028,-4.0683,-1.6567,-0.4015,-0.1871,0.0082,-0.5809,-3.216,-2.6413,-0.2056,0.0072,0.4687,-0.2688,-1.378,-2.9449,0.0035,0.0022,-0.1016
842,5902,108,5,running,-4.0611,-1.0118,-1.9247,1.8939,0.0136,-4.021,0.0414,-1.0408,3.849,-0.954,-0.2168,0.8215,0.2073,-1.9988,-1.0222,1.0273,1.0263,0.441,2.048,0.0585,-1.3769,0.0436,0.004,-0.016,-0.2691,-2.4423,2.0496,0.0122,0.0154,-1.01,-4.0184,0.0562,0.0511,-2.8634,-4.0235,-0.2949,1.8554,0.3732,-2.6264,2.02,0.0662,-2.4283,-3.4394,-0.2053,0.5948,-0.9037,0.9523,-0.0077,-3.0384,0.2528,-0.0173,-0.0446,-0.0018,2.2518,0.6569,2.7187,2.7499,0.0638,0.1644,-0.006,0.9745,-2.6302,2.4966,-0.1446,0.0373,0.0647,-0.05,-2.1693,0.3788,-0.3407,-0.0543,-0.0603
843,5903,108,5,running,-6.0128,-1.0507,-4.0449,-3.0263,-5.017,2.0749,-3.7949,-3.033,-0.0366,-0.0305,-0.8611,-3.6264,0.6413,-2.0135,6.049,-0.0217,-0.2516,1.0208,-0.2075,-0.0144,-3.3798,0.0413,-1.0279,0.125,-0.2023,-2.7984,-1.4024,0.0112,0.6108,-0.5071,-0.8919,0.0021,0.0087,-1.8493,-4.7535,4.4553,-1.04,0.3292,-3.5997,-1.2996,0.0182,2.4411,1.9775,-5.5823,0.5476,0.0169,1.1395,0.0633,0.9587,0.023,-0.1014,0.0347,0.0484,1.1318,-5.2195,1.9407,-0.864,-1.4728,0.0585,0.0606,-0.1424,-4.075,0.0104,0.0098,0.0549,0.0382,-0.0037,-1.9263,-2.0518,0.0072,-0.0563,-0.0429
844,5904,108,5,running,6.0009,-0.3133,-1.0198,1.0115,-0.3121,-3.0748,-3.0179,0.0168,-0.9396,-0.1315,3.4395,1.9705,-0.4183,-2.0124,-2.0444,0.0066,1.0436,1.013,1.8546,0.009,-0.1562,-0.0078,-0.0012,-0.0231,0.0518,-0.4022,1.2688,0.0587,-0.2032,-0.015,-4.0695,0.0487,-0.0083,0.0059,1.982,-1.2635,-1.0279,0.4416,0.0027,2.5996,-0.0409,-1.5989,5.0282,-0.036,0.5425,1.0971,1.0945,0.064,-0.9668,0.2448,0.0492,0.0329,-0.0226,-1.86,-1.861,-3.6908,1.063,-1.8823,-0.1877,-0.0667,0.7403,1.0148,1.918,-0.0389,0.0212,0.0427,-0.0596,-0.2941,1.942,-0.082,0.0106,-0.0558
845,5905,108,5,running,-3.0066,-0.1848,-0.974,4.0442,-0.2697,-1.6569,1.1424,-0.0506,3.0231,2.0048,1.1539,-0.0152,0.0685,-1.4996,-0.0118,0.442,0.1642,0.2515,1.3995,-0.0204,-1.2077,0.0022,1.0347,0.0139,0.012,-1.4396,2.1667,0.009,0.0015,-0.01,-3.2631,-0.0582,0.051,-1.661,-2.4385,-1.0278,0.9567,1.0175,-2.1623,2.0608,0.0386,-0.9545,-4.0078,-1.342,0.5111,-0.0558,-1.1374,0.0372,-2.0199,0.0393,0.0215,0.0143,-0.0597,1.6987,1.3731,3.0921,1.2193,2.0405,0.1619,-0.0182,0.7986,-2.0572,2.4931,0.0084,0.0245,0.4418,-0.2593,-2.3179,0.3401,-0.5064,0.0418,-0.0461
846,5906,108,5,running,-0.0131,1.0693,-0.0057,0.0318,-0.0115,-0.0019,-0.0035,-1.0009,0.0656,-0.0402,0.4666,0.0672,-0.0076,-1.0207,0.0211,0.0107,-0.0142,0.0279,0.0068,0.0121,-0.0089,-0.0041,-0.0099,-0.0233,0.0262,-0.0029,0.0308,-0.0003,-0.0376,0.0367,-0.0017,0.0284,0.006,0.0074,-0.015,-0.0005,0.0325,4.0732,-0.0194,-0.0259,-0.0292,-0.0081,-0.0035,-0.0084,0.512,0.0002,-0.0023,0.0097,-0.0026,0.3749,0.0019,0.0428,-0.0111,0.0244,-0.0017,0.0015,-0.0124,0.006,0.0354,-0.0186,-0.016,-0.0092,0.0335,-0.0446,-0.2304,-0.0512,0.0343,0.01,0.0088,0.0487,-0.165,0.0047
847,5907,108,5,running,-1.0069,-0.1044,3.8611,-1.1345,-0.8646,0.5998,-0.7908,-0.9541,2.5561,2.1327,0.0129,-0.8471,1.0979,-1.2981,2.0698,0.0663,1.0382,-2.1317,0.2076,-0.0137,3.0681,-0.2042,0.3077,0.0343,0.2028,2.1552,-1.0187,-0.4573,-1.1567,-0.4681,2.9266,0.0216,-0.0589,-2.0417,-1.5667,-1.4188,0.9188,0.1711,2.6507,-2.0167,-0.3015,0.05,-3.7091,-4.0077,0.5127,-0.0118,0.0141,0.0399,0.0267,0.0286,0.0237,-0.0641,-0.001,2.1394,-1.0105,4.0945,1.1631,-1.0446,-0.2194,0.0206,-0.4026,2.6145,-3.5893,-0.1646,0.0327,-2.0366,-0.1412,2.0301,-1.3304,-0.671,0.0525,-0.1617
848,5908,108,5,running,-6.0501,-0.3134,-3.0447,3.0977,-0.8619,1.0235,-0.0634,-0.2273,3.9004,3.3768,0.9779,-0.9791,-0.3739,-1.8483,2.1555,-0.0094,-1.0406,0.8219,1.3778,-0.02,-3.4393,-0.0485,-0.0131,-0.2071,-0.1844,-3.3428,0.0273,0.017,0.0115,-1.0225,-1.3745,0.0552,0.0497,-3.1615,-3.7431,2.1398,1.889,0.4018,-4.0514,1.1376,-0.0681,1.1644,-5.6561,-0.9685,0.5155,0.0416,-1.0306,0.0597,0.2624,0.0108,0.0026,-0.1031,-0.0531,2.6717,2.0161,4.3292,1.3723,1.2638,-0.268,-0.1567,0.9941,-3.7823,2.3176,-1.0367,2.0388,0.3075,-0.2128,-3.0795,-0.5947,-0.3799,0.387,0.0146
849,5909,108,5,running,-3.0063,0.0108,2.8637,-3.1534,0.8619,-3.0615,0.034,-1.3422,2.9167,0.7265,-0.3777,3.0231,-1.0275,-1.3797,0.8914,1.0942,-0.4027,-1.4692,-0.9565,0.1618,1.7497,-0.3124,-0.3768,0.003,0.0508,1.3731,-1.3554,-0.0185,-1.401,1.0447,1.83,0.0013,0.0218,-1.442,-1.834,-2.0683,1.8186,0.4395,2.0261,-1.954,-0.0041,-1.207,-0.0139,0.8487,0.5837,-3.7049,2.923,-0.0083,-0.8763,0.2249,0.0056,-0.0148,0.0389,1.3406,-0.0174,-0.3873,4.1691,-1.0361,-0.2133,-0.0559,-2.1552,1.3749,-1.6316,-0.0073,-0.125,0.054,0.049,2.0227,-0.554,0.5204,-0.0603,0.0567
850,5910,108,5,running,-3.8611,-0.1046,-1.9668,4.1547,1.016,-2.5755,0.2079,-0.3423,2.8499,-0.9401,1.1888,0.9637,-1.0667,-1.9426,-0.9561,1.1375,0.2411,0.3733,1.3789,-0.0129,-1.376,0.063,1.04,-0.013,0.0113,-1.5998,1.9749,-0.0681,-1.1398,-0.5082,-1.8508,0.0504,0.0478,-2.6273,-3.0205,-1.2995,2.0583,0.3873,-2.1695,1.9181,0.0081,-1.4022,-1.9711,1.0238,0.5834,0.01,1.9241,-0.0152,-1.468,0.1649,0.0216,-0.0443,-0.0569,0.9499,0.8917,0.06,1.856,-0.4695,0.0038,0.0519,1.0388,-2.0972,2.5242,0.0541,0.018,0.0279,-0.2515,-2.1435,0.2612,-0.3416,-0.059,-0.0079
851,5911,108,5,running,-6.0508,-1.0207,-2.3797,4.0589,-1.139,0.0233,0.044,0.1839,5.037,2.9721,3.2995,-0.8476,-0.4661,-2.1341,1.1374,-1.0198,1.0683,1.0406,1.656,-0.0741,-4.0344,-0.1565,0.3078,-0.325,-0.3735,-3.0219,2.0494,0.0365,-0.0695,-1.1326,-0.9827,-0.0153,-0.0165,-4.0185,-4.1648,2.0977,2.8619,1.0326,-3.2168,1.644,-0.3723,-0.3879,-6.0268,-1.9243,0.5109,-0.0132,-2.0418,0.0517,-1.2033,-0.0174,-0.0024,-0.2638,-0.103,2.561,1.6418,4.5246,0.9547,1.7498,-0.0106,0.027,0.9963,-2.93,2.9121,0.0484,0.0398,1.0063,-0.2946,-2.6986,-0.012,-0.5048,0.0543,0.0096
852,5912,108,5,running,-0.0107,0.0319,-0.0197,0.0286,-0.0293,0.0008,-0.0307,-0.047,-0.004,0.0028,-0.0408,-0.0399,0.0259,-0.0275,-0.0266,-0.0031,0.0061,0.008,0.0153,-0.0009,-0.0222,-0.0035,0.0004,0.0074,0.0127,-0.0357,0.0062,0.0016,0.0208,-0.006,-0.0034,0.0112,-0.0088,0.0009,0.019,0.0004,0.0052,-0.0015,-0.0457,0.0041,0.0414,0.0223,0.0131,-2.9783,-0.0567,0.0105,-1.5604,0.0137,-0.0711,-0.0816,-0.0424,0.0577,0.0485,0.0461,-3.7702,1.5089,-0.7927,2.0741,-0.0725,0.0755,-1.0679,-4.0431,0.0779,0.0597,0.0618,0.0653,-0.0136,-2.6983,-1.5901,0.3796,-0.0829,0.0376
853,5913,108,5,running,-7.0619,-1.034,-0.8933,1.8494,-2.2696,-1.0263,-1.9267,-0.9138,4.379,1.9546,0.7606,-0.9738,0.1376,-2.0177,1.4258,2.0687,-1.0447,1.0512,1.1551,0.0165,-4.0329,0.177,-0.2401,-0.2058,0.0186,-1.8825,0.3987,0.203,-0.06,-1.0152,-1.7409,-0.0563,-0.0098,-3.8681,-2.8486,1.3734,3.0587,0.1561,-2.8958,1.3715,-0.0545,-0.9477,-4.0377,-3.139,0.5107,-0.2603,1.4021,-0.0084,-1.1696,0.005,-0.011,-0.0146,0.0215,1.8547,0.9713,4.0406,1.891,-1.1388,-0.1823,-0.0078,0.9396,-2.4993,2.2271,-0.2944,0.0049,0.4403,-0.2198,-2.0744,-0.1538,-0.4399,0.0395,-0.0121
854,5914,108,5,running,-2.0127,-0.1348,-3.0214,-1.3761,-1.372,6.0049,-2.0365,-2.0404,-0.8893,2.0171,-1.0233,-3.7829,-0.4695,-1.399,1.0224,1.0266,-1.0111,0.8912,-1.1446,0.0447,-2.1316,0.2044,-1.1325,-0.0689,-0.1032,-1.6414,-1.3558,0.5073,1.2699,0.3773,0.97,0.0496,0.1644,-0.1561,1.8551,3.9301,0.4437,0.4196,-2.5901,-1.7189,-0.0023,3.0976,-0.3125,-3.1885,0.5043,1.8829,1.8415,-0.0636,1.9787,0.0383,-0.0008,0.0087,0.0135,0.8219,-0.9585,1.8616,-0.9148,-2.1397,-0.1618,0.0413,-0.9397,-2.868,-0.9444,-0.0146,0.0109,0.1259,0.0052,-1.5949,-2.0508,0.7409,0.0188,0.0293
855,5915,108,5,running,-1.0107,0.0018,-1.0166,-0.4189,4.0204,-0.861,-0.9239,-0.924,1.0236,-2.0853,0.4396,2.5506,-0.2636,-0.9646,-2.0692,1.0276,-1.0219,0.3733,-1.0413,-0.0443,-1.0706,-0.0122,-1.0496,0.0081,-0.0043,-0.9774,-2.0501,0.4427,0.4013,-0.376,-0.0183,0.0527,0.0071,-0.7262,-0.0309,-2.0974,0.9446,0.1712,-1.0615,-2.9426,0.4417,-1.819,0.0142,4.015,0.5164,0.0171,0.8917,-0.0545,-1.7984,0.0056,0.0132,0.0267,0.0374,0.0118,2.3799,-2.7091,2.1647,-2.0761,-0.1882,-0.0481,-0.2033,-1.584,-2.3258,-0.1415,0.0408,0.6414,-0.1426,0.068,-2.3404,-0.1396,-0.1022,-0.006
856,5916,108,5,running,-4.0979,-0.2013,-1.8637,2.499,-2.0415,-1.0118,-2.3739,-0.974,2.8607,0.0635,-0.2164,-0.9783,1.154,-2.0336,3.0947,1.0664,1.0691,1.0509,2.058,0.1426,-2.1322,0.0185,0.2518,-0.1831,-0.3111,-1.5995,2.0388,-0.0061,-0.5084,-1.055,-0.9541,0.0407,0.0043,-0.9821,-2.9303,0.0025,2.9521,0.3761,-3.0197,1.442,-0.044,0.0704,-1.8479,-1.9846,0.4844,0.1656,5.0211,-0.0275,-0.4028,0.0104,0.0075,0.0341,0.0036,1.9774,0.0201,2.0997,2.9246,-4.0088,-0.1645,-0.0096,0.9406,-3.0851,2.3409,-0.3879,0.0689,-0.2236,0.0544,-2.6449,-0.2613,0.157,0.0564,-0.1019
