candidate_id,window_id,subject_id,activity_id,activity_name,value_0,value_1,value_2,value_3,value_4,value_5,value_6,value_7,value_8,value_9,value_10,value_11,value_12,value_13,value_14,value_15,value_16,value_17,value_18,value_19,value_20,value_21,value_22,value_23,value_24,value_25,value_26,value_27,value_28,value_29,value_30,value_31,value_32,value_33,value_34,value_35
0,5060,108,2,sitting,-0.0473,-0.9787,-0.0187,0.042,-0.1516,-0.0174,0.0014,0.0113,0.523,-0.0031,-0.0054,0.0023,0.0108,0.8962,0.0011,0.2722,0.0157,0.0188,-0.0128,0.0314,-0.0076,0.0201,-0.0462,0.0737,-0.0186,0.006,-0.0187,0.0158,-0.1282,0.0277,-0.0486,-0.0218,0.0093,0.0269,-0.0244,0.027
1,5061,108,2,sitting,0.0094,0.0766,-0.0051,-0.006,-0.0022,-0.0106,-0.0008,-0.0015,0.5345,-0.0023,-0.0027,-0.0016,0.0103,0.8838,-0.0017,0.0178,0.0027,0.0009,-0.0107,-0.004,0.0061,0.0041,0.0058,0.0023,0.0051,0.0,-0.0001,-0.0112,-0.054,-0.0154,0.0171,-0.0024,-0.0072,0.0012,0.0077,-0.0
3,5063,108,2,sitting,-0.0029,-0.0102,-0.0026,-0.0118,-0.0134,0.0038,-0.0004,-0.0002,-0.2276,0.0177,0.0127,0.0007,0.0171,1.0175,-0.0101,0.0048,-0.0022,0.0014,0.0181,-0.0176,0.0265,0.0134,0.0095,0.0088,0.0238,-0.0153,0.0187,-0.0156,-0.0456,-0.0009,0.0233,0.0205,0.0122,-0.0066,-0.0564,-0.027
4,5064,108,2,sitting,0.0171,-0.5039,0.0103,0.0077,-0.0354,0.0021,-0.0064,0.0001,0.2698,0.0013,0.0043,-0.0034,-0.0075,0.8141,0.005,0.0171,-0.0148,0.0088,0.0227,-0.0232,-0.0037,0.0041,-0.0137,0.0084,-0.0113,0.0063,0.0051,0.0031,-0.0824,-0.0248,-0.0015,0.0043,0.0013,0.013,-0.0128,-0.01
6,5066,108,2,sitting,-0.0715,-0.4944,0.0116,0.0382,-0.0155,0.0006,-0.0069,-0.0103,0.5288,-0.0021,-0.0032,-0.0052,0.0002,0.8386,0.0066,0.1501,0.016,0.0083,0.0111,-0.0077,0.0337,0.0215,-0.0548,-0.1261,0.0331,0.027,0.0221,0.0347,-0.1788,-0.0241,-0.0466,0.0146,0.0233,-0.0092,-0.0861,-0.0046
7,5067,108,2,sitting,0.0023,-0.0264,-0.0112,-0.0052,0.0141,-0.0225,0.0045,0.0083,0.0327,-0.0041,0.0035,0.0076,0.0161,-0.0504,0.0171,0.0088,-0.0024,0.0125,0.0051,-0.011,0.0024,0.0146,-0.0016,-0.018,0.035,0.0115,0.023,0.0247,-0.1346,-0.0176,0.0275,-0.0025,0.0076,0.0004,-0.0386,0.0253
8,5068,108,2,sitting,0.0096,-0.0136,-0.0018,0.0082,-0.0034,-0.0152,0.0049,0.0004,0.4972,0.0024,0.0054,-0.0115,-0.0019,0.0022,0.0228,0.0089,-0.0138,-0.0026,-0.0185,0.0003,-0.0086,-0.0002,0.0092,0.013,-0.0035,0.0074,0.0156,-0.0127,-0.0351,0.0124,0.0247,0.0042,0.001,-0.0005,0.0382,0.007
9,5069,108,2,sitting,0.042,-0.2446,0.0201,-0.005,-0.0689,0.0066,-0.0123,-0.0015,0.004,0.0127,0.007,0.0019,0.032,0.0169,0.0178,-0.003,0.0083,0.0028,0.0084,0.0068,-0.0054,0.0007,-0.0007,0.0345,0.0037,0.0221,-0.0137,0.0185,-0.0977,0.0407,-0.0463,0.007,0.0101,0.0037,0.0049,0.0147
10,5070,108,2,sitting,-0.0498,0.1687,-0.0253,0.0454,-0.016,0.0058,-0.0102,-0.0046,0.5488,-0.002,-0.0014,-0.0111,-0.0006,1.0604,0.0038,0.0264,-0.0154,-0.0214,0.0186,-0.0006,-0.0073,-0.013,-0.0044,0.0182,-0.0117,0.0112,-0.0106,-0.0223,-0.0774,-0.0177,0.0372,-0.0048,-0.0064,-0.0204,-0.0535,-0.027
13,5073,108,2,sitting,-0.0238,0.0265,-0.0013,0.0026,0.0227,0.0044,0.0104,-0.0055,-0.0075,0.0125,-0.0057,0.0104,0.0076,-0.0282,0.025,0.0206,-0.0016,0.0055,0.0117,-0.0009,0.028,-0.0127,0.0007,0.0123,-0.0135,-0.0231,0.0122,0.0183,0.0311,-0.0093,0.0172,-0.0102,0.0187,-0.0071,0.0274,0.007
14,5074,108,2,sitting,-0.0192,0.661,-0.0258,-0.0056,-0.0173,0.0082,-0.0072,-0.0034,0.5585,-0.0042,-0.0016,0.0023,-0.0004,0.9465,-0.0038,0.0807,0.0064,0.0056,0.0047,-0.004,-0.0077,-0.0086,0.0051,0.0321,0.0015,0.0076,0.0114,0.037,-0.0789,-0.0231,0.0421,-0.0016,0.0124,0.0065,-0.0446,-0.0116
15,5075,108,2,sitting,-0.0503,-0.2462,0.0607,0.0354,0.0598,0.0125,0.0115,0.0114,0.44,0.0043,0.0018,0.0134,0.0093,1.1726,-0.0107,0.0116,0.002,0.011,0.0032,0.0062,0.0033,0.0024,-0.0232,-0.0034,0.025,0.022,0.0105,-0.0063,-0.0083,-0.0143,0.0208,0.0027,0.0125,-0.0115,0.0075,-0.024
16,5076,108,2,sitting,0.0105,-0.0847,-0.0228,-0.024,-0.0171,-0.0383,0.0057,0.0111,-0.026,0.0187,0.0064,0.0032,0.0128,0.0142,0.0226,-0.0207,0.022,0.0092,0.0086,0.005,-0.0086,-0.001,-0.0224,-0.0321,-0.0252,-0.0277,-0.0038,-0.1127,-0.0296,-0.0165,0.034,-0.021,0.0078,0.0026,0.0341,-0.014
17,5077,108,2,sitting,0.0493,0.4039,0.011,-0.001,-0.002,-0.0033,-0.003,-0.0038,0.5147,-0.0016,-0.0047,0.0001,0.0027,0.8433,-0.0076,0.01,0.022,0.003,-0.0147,-0.0009,-0.0037,0.0054,0.0018,0.0346,0.0138,0.0036,0.0042,0.0261,-0.0271,0.0115,0.0177,0.0003,0.012,0.0054,-0.0163,-0.0041
18,5078,108,2,sitting,0.0115,-0.0134,0.004,0.0045,-0.0068,-0.0076,0.0003,0.0026,0.0168,0.0133,0.0175,0.0152,-0.0012,-0.2312,-0.0087,0.0324,0.013,0.0019,-0.0036,-0.0148,0.0251,0.0017,-0.0257,0.0223,-0.0151,0.0027,-0.0135,0.0041,-0.0121,0.0004,-0.0023,-0.0043,0.0025,0.0127,0.0043,-0.0
19,5079,108,2,sitting,0.0085,-0.0355,0.0021,0.0066,-0.0134,-0.0155,0.006,0.001,0.0705,-0.002,0.0175,0.0122,0.0127,-0.0336,-0.0007,-0.0217,-0.0102,0.0073,-0.0183,0.0058,-0.0064,-0.0012,0.0028,0.0278,0.0104,0.0087,0.0073,-0.0104,-0.0342,0.0145,-0.017,-0.0111,0.0008,0.0203,0.1422,0.007
20,5080,108,2,sitting,0.0107,0.0603,-0.0099,0.0124,-0.0109,0.0058,0.0017,-0.0003,0.1482,0.003,-0.0101,-0.0175,-0.0012,-0.1557,0.0336,0.0244,-0.0076,0.0268,0.0236,-0.0114,-0.0163,-0.0021,-0.0222,0.0072,0.0057,-0.0016,0.0074,0.0084,0.0184,0.0211,-0.0065,0.0086,0.0087,-0.0101,-0.0202,0.0134
21,5081,108,2,sitting,-0.0049,-0.2671,0.0183,0.0018,0.0104,0.0049,-0.0056,0.0008,0.4213,0.002,0.0011,-0.001,0.0137,1.4344,0.0166,-0.0653,0.0145,-0.0081,0.002,-0.003,-0.0044,0.0025,0.0174,0.0425,-0.0144,0.0166,0.0118,0.0223,-0.0472,-0.0264,-0.002,-0.0052,0.0051,0.0215,-0.0402,-0.0067
22,5082,108,2,sitting,-0.0218,0.021,0.0126,-0.0086,0.0084,0.0268,-0.0003,0.0033,-0.1679,0.0028,-0.0113,0.0056,-0.0223,-0.0005,-0.0181,-0.0127,-0.0236,0.007,-0.0077,0.0019,0.0062,0.0045,-0.0353,-0.011,-0.011,0.0283,-0.027,-0.0333,0.177,0.0282,0.0273,-0.0107,0.022,0.0088,0.0323,0.012
23,5083,108,2,sitting,0.0495,-1.4794,-0.0511,0.0223,0.0027,-0.0208,-0.0075,0.012,0.5421,0.0025,0.0041,0.0021,0.0118,1.0002,0.002,-0.0571,-0.0069,0.0071,-0.0039,-0.0142,0.0067,0.0165,-0.0272,-0.0126,-0.0183,-0.0007,0.0153,0.0385,-0.122,-0.0386,0.0506,0.008,-0.0007,-0.0258,0.0353,-0.0006
26,5086,108,2,sitting,-0.0479,0.6304,-0.0013,-0.0022,0.0257,0.0081,0.0068,0.0022,0.5018,0.0018,0.0008,0.0031,-0.0078,1.2073,0.0153,0.0676,0.0124,-0.0086,0.016,0.0078,0.0138,-0.0158,0.01,0.0052,0.0055,-0.0055,0.0075,-0.012,-0.1223,-0.0352,0.0306,0.001,-0.0003,0.0145,-0.0143,-0.011
27,5087,108,2,sitting,-0.0169,0.4913,-0.0125,0.0024,0.0248,0.0035,-0.0041,-0.0003,0.5345,-0.0024,-0.0024,0.0024,0.005,1.1782,-0.0154,0.0311,0.0223,0.0088,-0.0167,-0.008,0.0147,0.0113,-0.0065,0.0405,0.0016,0.0016,-0.0135,0.0152,-0.0889,0.0111,0.0287,0.0107,0.0003,0.014,-0.0225,-0.0203
28,5088,108,2,sitting,0.0119,-0.1388,-0.0268,-0.0014,-0.076,-0.0116,0.0135,0.0072,-0.0456,0.0127,-0.0004,-0.0063,0.0006,0.0457,-0.0243,-0.0224,-0.024,0.0124,0.0083,0.0138,-0.0001,-0.0144,0.0178,-0.1264,-0.0106,-0.0147,0.0052,0.0315,-0.0148,0.0202,-0.0384,-0.011,0.0083,-0.0207,0.0504,0.0
29,5089,108,2,sitting,-0.0241,0.0113,-0.011,0.0,0.0022,-0.002,-0.0049,0.0007,0.1047,-0.0002,0.0021,0.0007,0.0034,-0.0473,-0.0145,0.0146,0.0235,0.0065,-0.0218,0.0252,0.0077,0.017,-0.0222,-0.0264,-0.0217,0.0248,0.0085,0.0372,-0.0916,-0.0135,-0.0073,0.0068,-0.0113,0.0183,0.0142,0.012
30,5090,108,2,sitting,0.0126,-0.0667,0.0033,-0.0153,-0.0007,0.01,-0.0003,-0.004,-0.0213,0.0067,0.0065,0.0074,0.0205,-0.0688,0.0098,-0.0151,-0.0116,0.0128,-0.0122,0.0278,0.0044,-0.0033,0.003,-0.0356,0.0076,0.0186,-0.0144,-0.0286,-0.0158,0.0028,0.0153,-0.0101,0.0103,0.0134,0.0258,-0.016
34,5094,108,2,sitting,-0.0467,0.1049,-0.0323,-0.0385,0.0425,0.0182,-0.0039,0.0122,0.5759,0.0102,-0.0064,-0.0058,-0.0177,1.0746,0.0166,0.1426,0.0201,0.0046,-0.007,0.0112,-0.0268,0.0094,0.0675,-0.0045,0.0053,-0.0145,0.0142,0.0124,-0.0131,0.0071,0.0073,0.0025,-0.011,-0.0268,-0.0071,-0.0208
35,5095,108,2,sitting,-0.0204,-0.1057,-0.0252,-0.0027,-0.0654,0.0243,-0.0088,-0.0021,0.5743,-0.0009,0.0048,0.0017,0.0038,0.9566,0.0003,0.0024,-0.0187,-0.0178,-0.028,0.0116,0.0008,0.0136,0.0207,-0.0653,-0.0165,0.0068,0.0182,0.0151,-0.0433,-0.001,0.024,0.0014,0.0004,0.0035,-0.0517,-0.023
36,5096,108,2,sitting,0.0475,-0.5082,0.0205,-0.0365,0.0128,0.0087,-0.0046,0.0027,0.5008,-0.0017,-0.0016,0.0014,-0.0022,1.0457,-0.0138,0.0785,-0.0281,-0.0143,-0.0134,-0.0062,0.006,0.0086,-0.0035,0.0511,-0.0019,0.0005,0.0025,0.0148,-0.1526,-0.015,0.0083,0.0021,0.0142,0.0012,-0.0251,-0.005
37,5097,108,2,sitting,-0.0264,0.2176,0.0012,0.0028,-0.0031,-0.0105,-0.0116,0.0056,0.5769,-0.0051,-0.0026,-0.0015,0.0012,0.8838,-0.0018,-0.1646,-0.0068,0.0007,-0.0136,-0.0116,0.0112,-0.0011,-0.0263,0.0357,-0.0088,0.0003,0.0033,-0.0028,-0.0327,-0.0028,0.038,-0.0046,0.0016,0.003,-0.033,-0.002
38,5098,108,2,sitting,-0.04,-1.5451,-0.0076,0.0355,-0.007,-0.0167,-0.0151,0.0062,0.5157,-0.0021,-0.002,0.0027,-0.001,0.883,-0.0022,0.1031,0.01,0.0007,-0.006,-0.0035,0.0016,-0.0172,-0.0248,0.0075,0.0176,-0.0026,-0.0066,-0.0064,-0.0261,-0.0128,0.024,-0.0103,0.0145,0.0138,-0.0013,-0.0027
39,5099,108,2,sitting,-0.0454,1.2738,0.0224,0.0365,-0.0289,-0.0326,0.0112,-0.0051,0.3223,0.0076,0.0048,0.0041,-0.002,0.9331,-0.0067,-0.0406,0.0153,-0.0062,0.0185,0.0059,-0.0207,0.0134,-0.0376,-0.0215,0.0257,0.0102,0.0185,0.0312,-0.0117,-0.0451,-0.0102,0.0073,0.0057,-0.0006,-0.0255,-0.0137
40,5100,108,2,sitting,-0.0344,0.2377,-0.0369,-0.0224,0.0546,-0.0163,-0.004,-0.0053,0.5125,-0.0032,-0.0046,0.0104,-0.0082,0.9822,0.0142,-0.0222,0.0073,-0.0121,-0.0342,-0.02,-0.0382,0.0005,0.0178,0.0258,0.0038,-0.0151,0.0176,-0.0234,-0.0385,-0.025,-0.0475,0.0017,-0.0023,0.0166,0.0176,-0.0156
41,5101,108,2,sitting,0.0533,-0.1221,-0.0125,0.0061,0.0067,0.032,-0.01,-0.0102,0.4494,0.0038,-0.0034,-0.0006,0.0138,-0.072,0.0131,-0.0198,0.0144,0.0173,0.0059,-0.0117,0.0257,-0.0043,0.0263,0.0088,0.0089,-0.0046,-0.0147,-0.0278,0.0237,-0.0027,0.0183,0.0101,0.001,-0.0025,-0.0086,0.006
42,5102,108,2,sitting,-0.0494,0.193,-0.017,-0.0128,-0.0243,0.0028,-0.0066,-0.0005,0.5323,-0.0056,-0.0043,-0.0085,0.0121,1.4786,0.0053,-0.0045,-0.014,0.0045,-0.0018,-0.0064,0.0013,-0.0046,-0.01,0.0267,0.0181,0.0065,0.0115,0.0224,-0.0191,-0.0103,-0.0065,-0.0165,-0.007,0.0145,0.0174,0.016
43,5103,108,2,sitting,-0.0148,-0.3481,0.0116,-0.0034,-0.0681,-0.0058,-0.0176,-0.0005,-0.1542,0.0076,0.0016,-0.0088,0.0024,-0.1916,0.0187,0.0445,-0.0148,0.0163,0.0134,-0.0305,0.0113,-0.0188,0.0097,0.0142,0.0171,0.0201,-0.0014,-0.0053,-0.0381,0.004,0.0084,0.0151,-0.0015,0.0002,0.0249,-0.002
44,5104,108,2,sitting,-0.015,-0.1455,0.0171,0.0162,0.0206,0.0121,-0.012,0.0027,0.1839,0.0124,0.003,0.0134,0.0005,-0.0554,0.017,0.0166,0.0138,-0.0276,-0.0027,0.023,0.0111,-0.0016,0.0008,0.0143,0.0237,0.0153,0.0101,-0.0415,-0.0842,0.0099,0.0203,0.0076,0.0015,0.02,-0.0441,0.001
46,5106,108,2,sitting,0.0794,-0.1389,0.0127,-0.0337,-0.0328,0.0024,0.0087,0.0002,0.5011,0.0037,0.0002,-0.0034,0.0026,0.8218,0.0126,-0.0213,0.008,-0.0088,-0.0117,0.0275,0.0187,0.0101,-0.015,-0.0643,-0.0088,0.0011,-0.0176,-0.0605,-0.0346,-0.0376,0.0144,0.0032,0.0025,0.0187,-0.1045,0.001
47,5107,108,2,sitting,0.037,0.0312,0.0124,-0.0015,0.0506,-0.0238,-0.0034,-0.0019,-0.2346,0.0116,-0.0071,-0.0015,0.012,-0.3464,-0.0146,0.0046,0.0258,-0.0214,-0.002,-0.0065,0.0162,-0.0067,-0.0042,0.0125,0.0107,0.0152,-0.0187,-0.0124,-0.0557,0.0202,-0.018,-0.0073,-0.0132,0.018,0.0065,-0.008
48,5108,108,2,sitting,-0.0794,-0.0277,-0.0126,-0.0002,0.0543,-0.0246,-0.0021,-0.0016,0.2171,-0.0018,-0.0022,-0.0014,0.0041,0.8896,-0.002,0.132,0.026,0.0142,0.0246,-0.0048,-0.0313,0.004,0.0647,-0.0157,0.0162,0.0046,-0.0106,-0.0154,-0.0041,-0.0042,0.0126,0.0036,-0.0032,0.0086,-0.0231,-0.0027
49,5109,108,2,sitting,-0.0146,-0.5771,-0.0224,0.0383,0.013,-0.0285,-0.0068,0.0026,0.5657,0.0038,0.0012,-0.0022,0.0174,1.0885,-0.003,0.0374,-0.0164,0.0121,0.0217,0.0157,0.0264,-0.0224,0.0174,0.0081,-0.0063,0.007,0.0069,0.0144,-0.1605,0.0123,-0.0471,-0.0104,0.0161,-0.0028,-0.0039,-0.015
50,5110,108,2,sitting,-0.0097,-0.431,-0.01,0.0165,0.0141,0.006,-0.0025,0.0042,0.5075,-0.0012,-0.0055,-0.0004,-0.0141,1.0557,-0.0023,-0.0656,-0.0038,-0.0165,0.0062,-0.0052,-0.004,-0.0081,0.0068,-0.0006,-0.0001,-0.0074,0.0068,-0.0206,-0.0868,-0.0146,0.0074,-0.0057,0.0112,0.0087,0.0008,-0.0037
51,5111,108,2,sitting,-0.0021,-0.0082,-0.0069,-0.0064,-0.011,0.0033,-0.0048,-0.0018,-0.077,-0.002,-0.0031,0.0031,-0.0008,-0.018,0.003,-0.0105,-0.0056,0.0035,-0.0026,-0.026,-0.014,0.0003,0.0206,-0.004,0.0045,-0.0028,-0.0184,0.0133,-0.0131,0.0118,-0.0089,-0.0068,-0.0083,-0.0013,0.0035,-0.004
52,5112,108,2,sitting,-0.0494,-0.3275,0.0468,0.0087,0.0032,0.0111,-0.0171,0.0047,0.5439,-0.0055,0.0023,0.0105,0.007,1.1045,0.0052,-0.075,-0.0233,0.0121,0.0124,0.0128,-0.0364,0.0171,0.0068,0.0099,-0.0226,-0.0141,-0.0176,0.0146,-0.1411,0.0006,0.0312,-0.015,0.0029,0.013,0.0344,0.002
53,5113,108,2,sitting,-0.0147,0.0442,0.0127,-0.0206,-0.0331,0.0042,-0.0231,-0.0114,0.2147,-0.0029,-0.002,0.0042,0.0188,-0.1734,0.0264,-0.0547,-0.0083,-0.0247,-0.0284,0.0014,-0.0233,0.008,-0.0241,-0.0308,-0.0023,-0.0135,0.0166,-0.0103,0.036,-0.0218,0.006,0.0007,-0.006,-0.0241,0.0617,0.012
56,5116,108,2,sitting,0.0213,-0.0074,0.0024,-0.0044,0.0185,0.0167,0.0043,-0.0,-0.0124,-0.003,0.0024,-0.0009,0.0123,-0.0048,-0.0103,0.0288,0.0114,-0.0012,0.0162,-0.0156,0.0035,0.0001,0.0115,0.0048,0.0246,0.0017,0.0053,-0.0007,0.0431,0.0058,0.0084,0.0004,0.001,0.0154,-0.0032,0.0018
57,5117,108,2,sitting,-0.024,0.9996,0.008,-0.0045,-0.0455,0.008,-0.01,0.0066,0.3481,0.0073,-0.0022,-0.0026,-0.0084,0.9644,0.0,0.0037,-0.0025,-0.0024,0.0111,-0.0176,0.0101,0.0068,0.0268,0.0226,0.0202,0.0002,0.0157,-0.026,-0.0545,-0.0132,0.0158,0.0078,0.0131,0.0204,-0.0097,-0.0036
58,5118,108,2,sitting,0.003,0.036,0.0156,0.0052,-0.0201,0.0075,-0.0074,-0.0067,0.0208,-0.0062,0.0113,0.0137,0.0146,-0.1706,0.0377,0.0209,0.0015,0.0036,0.0115,0.0041,-0.013,-0.0135,0.0115,0.0331,0.0225,0.0043,0.0153,-0.0044,-0.0018,-0.0282,0.0046,0.0026,0.0113,0.0016,0.0157,-0.0163
60,5120,108,2,sitting,-0.0079,-1.4058,0.025,-0.0085,0.0047,0.0216,0.0051,0.0037,0.4936,0.0026,0.0015,0.0004,0.0118,0.9656,0.0004,-0.0003,0.0016,0.0046,0.0101,-0.0013,0.0004,-0.0165,-0.0212,-0.0228,-0.0155,0.0031,0.0034,0.0062,-0.0865,-0.0168,-0.0216,0.0063,0.0032,-0.0008,0.0107,-0.0004
61,5121,108,2,sitting,-0.0427,0.2957,-0.0144,-0.0077,0.0584,0.032,-0.0074,0.0018,0.5156,0.0017,-0.0055,-0.006,-0.0018,1.0201,-0.0023,-0.1385,0.012,0.0083,0.0111,-0.0105,-0.0128,0.0073,0.0107,-0.0631,-0.0231,0.0168,0.0079,0.0375,-0.0155,-0.0248,0.0092,0.015,0.0086,0.0051,0.0141,-0.0022
62,5122,108,2,sitting,-0.0537,0.0083,-0.008,-0.0184,-0.0308,-0.0185,0.0,-0.0016,0.2267,0.0182,-0.0245,0.0286,0.023,0.1267,0.0144,0.0089,0.0128,0.006,-0.009,-0.0032,0.0182,0.004,-0.0157,0.0417,-0.0173,-0.0033,0.0201,0.0155,0.0028,0.0059,-0.0183,-0.0082,0.0223,0.0154,-0.0332,0.0214
65,5125,108,2,sitting,0.0101,0.1034,0.0082,-0.0008,0.0157,0.0031,-0.0033,0.0026,0.4104,-0.0042,0.0075,-0.0033,-0.0151,-0.0756,-0.0186,-0.0093,-0.0056,-0.0141,-0.0113,-0.0061,-0.0107,0.0135,0.0187,0.0362,-0.0004,-0.0184,0.0003,0.0425,-0.0204,0.0277,0.0071,-0.0034,-0.0032,-0.0009,-0.0375,0.024
66,5126,108,2,sitting,0.0434,0.1146,0.0013,-0.0134,-0.0163,-0.0025,0.01,0.0034,-0.2581,-0.0086,-0.0071,0.0127,-0.007,-0.0521,-0.0122,-0.0058,-0.0083,-0.0038,0.0118,-0.0046,0.0201,-0.0082,-0.0147,-0.0238,-0.0111,-0.0087,0.0089,0.0282,0.0197,0.0143,0.0046,-0.001,0.0081,0.0061,-0.0235,-0.01
67,5127,108,2,sitting,0.0047,-1.3989,0.0076,-0.0071,-0.0126,0.0168,-0.0088,-0.0014,0.4553,-0.0023,0.0054,-0.0054,-0.0018,0.888,0.002,0.0224,-0.0143,0.0052,0.0146,-0.0042,-0.0103,-0.0178,-0.0225,-0.0231,-0.0178,0.0001,-0.0001,-0.0072,-0.0141,-0.0071,-0.0136,0.0003,0.0058,0.0002,-0.0385,-0.004
68,5128,108,2,sitting,0.014,0.1065,-0.0112,-0.0104,-0.0232,0.0233,-0.0201,-0.0012,0.0553,-0.0131,0.0035,-0.0172,0.0052,0.0056,-0.0203,-0.0104,-0.0342,-0.0066,-0.0022,0.0105,0.0125,0.0037,0.0358,0.0277,0.0003,0.0015,0.01,0.0007,-0.1142,-0.038,0.0104,0.0032,-0.0168,0.0454,-0.1682,-0.037
69,5129,108,2,sitting,-0.0102,0.1216,0.0113,0.0057,0.0318,0.0162,0.0115,0.0206,0.2579,-0.0165,0.0035,0.0152,-0.0067,-0.014,-0.0002,0.047,0.0135,-0.0054,-0.0043,0.0107,-0.0036,0.015,-0.0266,-0.0186,-0.0123,-0.0183,-0.0067,-0.0568,-0.1063,0.0383,-0.016,-0.0168,0.0083,0.0208,-0.1042,0.01
71,5131,108,2,sitting,0.0385,0.0031,-0.0248,0.0053,-0.0089,-0.0003,-0.0002,0.0018,-0.0359,-0.0066,-0.0014,-0.0087,0.0053,-0.1032,0.006,-0.0008,-0.0185,-0.0034,0.0132,-0.0017,-0.0238,-0.0317,0.0183,0.0123,0.0028,0.0054,0.0003,0.0054,0.0222,-0.0134,-0.0136,0.0014,-0.0055,-0.0184,0.0098,0.02
72,5132,108,2,sitting,-0.0303,-0.023,0.0027,-0.0077,0.0161,0.0075,-0.0025,0.0124,-0.133,0.0038,-0.0023,-0.0054,0.0067,-0.0215,-0.0247,-0.0363,-0.0255,-0.0083,0.0081,-0.0171,-0.0024,0.0183,0.0182,-0.0073,0.0222,0.0078,0.0155,0.0326,0.0413,0.0028,-0.0012,0.0218,-0.0082,0.0072,0.019,0.016
74,5134,108,2,sitting,0.0076,0.8475,0.0105,0.0028,-0.0107,0.0278,-0.0021,-0.0065,0.5131,-0.0067,-0.014,0.0085,-0.02,0.8918,-0.0002,0.0187,-0.002,-0.0174,0.0052,0.0044,-0.0215,-0.0148,-0.0116,-0.0162,-0.0215,0.0153,-0.0111,-0.006,-0.0353,-0.0356,0.0255,0.0014,-0.0086,-0.0344,0.0264,0.005
76,5136,108,2,sitting,0.0328,-0.0096,-0.0215,0.0114,-0.0227,0.0047,-0.0025,-0.0148,-0.1627,-0.0076,0.011,0.0015,-0.0104,-0.0672,0.017,0.0444,0.0017,0.0255,0.0052,0.0077,0.0236,0.0037,-0.0051,-0.0378,0.0335,0.0136,0.0036,0.0005,-0.0205,0.0265,0.0153,0.0101,-0.0073,0.006,0.0141,-0.0156
77,5137,108,2,sitting,0.0494,-0.053,-0.0322,0.0007,-0.0263,0.0064,-0.0152,-0.0027,0.4961,0.0008,0.0015,0.0111,0.0046,0.9481,-0.0113,0.0061,-0.028,-0.0286,0.0006,-0.0036,-0.0038,-0.0057,-0.0249,0.0079,0.0008,0.0033,0.0072,-0.0278,-0.042,-0.0314,0.0142,0.0006,0.0106,0.005,-0.0096,0.0215
78,5138,108,2,sitting,0.0449,0.0267,0.0062,-0.0004,-0.0161,0.0071,0.003,0.0007,0.2056,-0.0251,0.0157,0.0057,0.012,0.0531,-0.0241,0.0433,-0.0234,-0.0082,-0.0049,0.0267,0.0255,0.0262,0.0105,0.035,0.0136,0.0115,-0.0036,0.0048,-0.035,-0.0318,0.0033,-0.005,0.0003,0.0162,0.0287,0.0162
79,5139,108,2,sitting,-0.0214,0.414,0.0207,0.003,0.036,-0.0357,-0.0014,0.0021,0.5544,0.0001,0.003,-0.0007,0.0014,0.8775,-0.0044,-0.1242,-0.033,0.017,0.0015,-0.0015,0.0132,0.0106,-0.0155,0.0456,0.0225,0.0088,0.0021,0.0441,-0.0563,0.006,0.0244,0.0143,0.0117,0.0218,-0.0161,-0.0165
80,5140,108,2,sitting,-0.009,-0.7295,0.0176,0.0106,0.0417,-0.0003,-0.0031,0.0,0.5264,-0.0031,0.0064,0.0003,0.0113,0.8713,0.011,0.1674,0.0145,0.0141,0.0045,0.0164,0.0033,0.0087,0.0337,-0.0367,-0.0044,0.0011,0.0081,-0.0077,-0.1087,-0.0033,0.0025,0.0125,0.0047,-0.0008,0.0377,-0.0144
82,5142,108,2,sitting,-0.0297,0.5346,-0.0044,-0.0173,0.0305,-0.0007,-0.0072,-0.0043,0.5026,-0.0038,0.0021,0.0021,-0.0157,0.9839,-0.0077,0.0888,0.0101,-0.0067,-0.0173,0.0025,0.0057,-0.001,-0.008,0.023,0.016,0.0076,0.0009,0.0072,-0.1543,0.0175,-0.0116,-0.0148,-0.0064,0.0021,0.018,-0.005
83,5143,108,2,sitting,-0.0372,0.0981,-0.0104,0.0221,0.005,-0.0153,0.0019,0.0123,0.0471,-0.0024,0.0135,0.0109,0.0241,0.0457,-0.0025,-0.0213,0.0236,-0.0148,0.0168,0.0068,0.0171,-0.0271,-0.0118,-0.0157,0.0125,0.0077,-0.0123,-0.0113,-0.0554,0.0146,0.0068,0.0014,-0.0061,-0.0167,-0.0373,-0.024
85,5145,108,2,sitting,0.0144,-0.0338,-0.0245,0.0105,-0.0144,0.0086,-0.0145,-0.0034,0.3422,0.0055,0.015,0.0053,-0.0186,-0.1348,0.0338,0.034,-0.0039,-0.0082,0.0243,-0.0102,0.0251,-0.0045,0.0214,0.0585,-0.0164,0.007,0.0147,-0.0018,-0.0838,0.0162,-0.004,-0.006,0.012,0.0406,-0.0275,-0.016
86,5146,108,2,sitting,-0.0298,1.2734,-0.0022,0.0253,0.0051,0.0344,-0.0008,0.0051,0.2274,-0.0034,-0.002,0.0006,-0.0152,0.9292,0.0032,0.1331,-0.0202,0.0021,0.0085,-0.0043,0.0105,0.0141,0.0363,0.0457,0.0107,-0.0028,0.0114,0.004,-0.0226,-0.0107,0.0152,-0.0026,0.0054,0.0041,-0.0234,-0.0005
88,5148,108,2,sitting,0.0311,0.0233,0.0005,-0.0013,-0.0131,-0.013,0.0071,0.0114,0.5036,0.0116,0.0127,0.0162,-0.0167,0.7046,0.0345,0.0338,0.0175,0.0039,-0.0023,-0.0141,0.0115,-0.0026,-0.0116,0.0218,0.0193,-0.0102,0.0049,-0.0023,-0.0711,0.0234,-0.0375,-0.006,0.006,-0.0441,-0.055,0.002
89,5149,108,2,sitting,-0.0172,-0.2196,-0.0108,-0.0156,0.0337,0.0013,-0.0002,-0.0022,0.5394,-0.0011,-0.0044,0.0011,0.0126,0.9488,0.0183,-0.073,0.0143,0.0147,-0.0142,-0.0101,-0.0335,-0.0087,0.0109,0.0026,0.0111,0.0002,0.0086,0.0035,-0.0512,-0.0036,0.0113,0.0087,0.0202,-0.0128,-0.0252,0.0112
90,5150,108,2,sitting,0.0185,0.1918,0.0054,0.0049,-0.0034,0.0007,-0.0017,0.0039,-0.0688,-0.0177,0.003,0.0037,0.011,0.0102,-0.0174,0.0049,0.0166,-0.0066,-0.0176,0.0133,0.0133,0.0086,-0.0317,0.0044,0.0034,0.0122,-0.017,0.0182,0.0016,0.0107,0.0024,0.0005,0.0006,-0.0058,0.0101,0.0044
91,5151,108,2,sitting,0.0217,0.0127,0.0002,-0.0136,-0.0178,0.0024,-0.0004,-0.0014,-0.0224,-0.0102,-0.0083,-0.0042,0.0131,0.0872,0.0167,-0.0122,-0.0065,0.0103,0.0037,-0.0022,-0.0114,-0.006,-0.0137,-0.0027,-0.0362,-0.0108,-0.0047,-0.0032,-0.0343,-0.0214,0.024,-0.0141,-0.0037,0.0175,-0.0289,-0.001
93,5153,108,2,sitting,0.0015,-0.3523,0.0009,-0.0046,0.0443,0.0144,-0.0032,-0.0025,0.1448,-0.0104,0.0058,0.024,0.0003,0.9666,-0.0314,-0.0486,-0.0018,0.0088,0.0108,0.0211,0.0212,-0.0201,-0.0111,0.0175,-0.0271,0.0123,-0.0152,-0.0288,0.0092,-0.0256,-0.0068,0.0088,-0.0156,0.0057,-0.0015,0.025
94,5154,108,2,sitting,-0.0044,0.7096,-0.0111,0.0137,-0.0147,0.0106,-0.0134,-0.0044,0.2158,-0.0009,0.0002,-0.0062,0.0022,0.9871,0.0168,-0.0437,0.0007,-0.0006,-0.0058,-0.0125,-0.0032,-0.0065,0.0176,0.0356,-0.0042,0.0084,0.0132,0.016,-0.0069,0.0152,0.0125,-0.0023,0.0058,0.0022,0.0087,0.0023
95,5155,108,2,sitting,0.0274,-0.166,-0.0108,-0.0034,0.0073,-0.0034,0.0005,0.005,-0.0573,0.0017,-0.0015,0.0025,-0.0036,-0.0783,0.0002,0.0114,0.0002,0.0012,0.0046,0.0102,-0.0078,0.0063,0.0017,-0.0107,-0.0281,-0.0068,-0.0065,0.003,-0.0066,-0.0018,0.0212,-0.0064,0.0082,-0.0143,-0.0589,0.018
97,5157,108,2,sitting,0.0294,-0.0336,-0.0137,-0.0059,0.005,-0.0089,-0.0045,-0.0032,0.5352,0.0062,0.0007,-0.0001,-0.0015,1.0127,0.0076,0.0474,0.0082,-0.0044,-0.0102,-0.0036,0.0041,0.0087,0.015,-0.0313,-0.02,0.0043,0.0118,0.0218,-0.0377,-0.0023,0.0371,-0.0142,0.005,0.0214,-0.0116,-0.023
98,5158,108,2,sitting,0.0083,0.0041,0.0008,-0.0028,0.0262,-0.0128,0.0137,-0.0117,-0.1262,-0.0037,-0.0002,0.0082,-0.013,0.2826,-0.0084,0.0211,0.0023,0.0212,-0.0177,0.0164,0.0227,-0.0042,0.0016,0.0065,-0.0075,0.0111,-0.0021,-0.0087,-0.031,-0.0084,0.0167,0.0102,-0.0111,-0.0061,0.0272,-0.004
99,5159,108,2,sitting,-0.0457,-0.387,-0.0467,-0.0037,0.0231,0.0185,-0.0032,0.0004,0.5333,0.0026,0.0032,0.0065,-0.0172,0.9221,0.0073,0.1577,0.0314,0.004,0.0384,-0.0114,0.0053,0.0104,-0.0435,0.0567,0.001,0.0148,0.0017,0.0246,-0.0122,-0.012,0.0029,0.0025,0.0003,0.0071,-0.0108,-0.0078
100,5160,108,2,sitting,-0.0196,0.0333,-0.0014,-0.004,-0.004,0.008,0.0,-0.0046,-0.0528,0.0058,0.0036,-0.0036,-0.0104,-0.1222,-0.0142,0.0276,-0.001,0.0161,0.0206,-0.0278,-0.0065,-0.0128,0.0168,-0.0338,0.0343,-0.0262,0.0114,-0.0178,0.0352,0.0135,0.0208,-0.0021,0.0081,0.0163,-0.0333,-0.005
101,5161,108,2,sitting,0.0244,-0.3947,-0.0171,-0.0224,0.0258,0.0058,-0.007,-0.0024,0.498,0.0067,-0.0063,-0.0058,-0.0003,0.9807,0.001,0.011,-0.0136,-0.0022,-0.0063,-0.0016,0.0047,0.0044,-0.0064,-0.0281,0.0109,0.0145,-0.0011,-0.0175,-0.0424,-0.0022,0.0217,0.0066,-0.0054,0.0174,-0.0221,-0.0284
102,5162,108,2,sitting,0.0535,-0.1505,0.0271,-0.0154,-0.0206,-0.0305,-0.0144,0.0217,-0.1552,-0.0151,-0.0108,-0.0118,0.0009,0.6173,0.0096,-0.0275,-0.0377,0.0183,-0.0136,0.003,0.0104,-0.0147,-0.002,0.0125,0.0138,-0.0076,-0.033,-0.0039,0.0751,0.0147,0.0193,-0.0045,0.02,0.0062,-0.0167,-0.044
103,5163,108,2,sitting,-0.0372,0.6174,-0.0095,0.007,-0.0388,-0.0304,-0.006,-0.0042,0.4157,-0.005,-0.0025,-0.0053,-0.0058,0.8438,-0.0082,-0.0728,0.0098,0.0072,0.0136,-0.0034,0.0104,0.0064,-0.0222,0.0197,0.0248,0.0065,0.015,0.0382,-0.1036,0.0128,0.0346,-0.0056,0.0025,0.0106,0.0037,-0.006
104,5164,108,2,sitting,-0.0493,-0.7301,0.0007,-0.0074,0.0486,0.0031,-0.0081,-0.0016,0.2599,-0.001,-0.0011,0.0067,-0.0052,0.9278,0.0103,0.1433,0.0371,0.0153,0.0203,0.0051,-0.014,-0.0066,0.0082,-0.0043,0.0013,0.0162,0.008,0.0408,-0.0243,0.0008,-0.0134,0.0009,-0.0056,-0.0058,-0.0262,0.0008
105,5165,108,2,sitting,-0.0031,-0.0284,-0.0066,0.0068,0.0148,0.0004,0.0052,-0.0048,0.5642,-0.0108,0.0044,0.0082,-0.0074,0.056,-0.0283,0.0164,-0.0086,-0.0087,-0.002,0.0001,-0.0115,0.0003,-0.013,0.0158,0.0116,-0.0156,-0.0052,-0.033,0.0123,-0.0107,0.0055,-0.0151,0.0018,0.028,0.031,-0.032
106,5166,108,2,sitting,-0.0242,0.0333,0.0006,0.0121,-0.0233,-0.0056,0.0071,0.0113,-0.3704,-0.0005,0.0153,-0.006,-0.0021,0.2389,0.0204,-0.0105,0.0124,0.0016,0.002,0.0071,0.0067,-0.0032,0.0052,0.02,0.0048,-0.005,0.0009,-0.0225,0.1507,0.0018,-0.0075,0.0115,-0.0078,0.0278,0.1404,-0.003
108,5168,108,2,sitting,0.0052,-0.1501,0.0258,0.0046,0.0146,0.0089,0.0103,0.0053,0.1604,-0.0018,0.0176,0.0058,0.0118,-0.1653,0.0044,0.0309,0.0115,0.0152,0.0053,0.0225,0.0082,0.0263,0.0228,-0.0336,0.0061,-0.0082,-0.0285,0.0375,-0.0428,0.007,0.023,-0.0006,0.0071,-0.0067,-0.0075,-0.026
109,5169,108,2,sitting,-0.0473,1.3745,0.026,0.0036,-0.0544,-0.0311,-0.0154,-0.0043,0.5192,0.0044,-0.007,-0.0143,-0.0041,0.868,-0.012,0.0706,-0.0268,0.0106,-0.0284,-0.0127,-0.0235,0.0,0.0628,0.0361,0.0114,0.0118,0.0118,0.0227,-0.0842,-0.0038,0.0624,0.0113,0.0082,0.0248,-0.01,-0.0028
111,5171,108,2,sitting,-0.02,0.3504,0.0049,0.0021,0.0044,0.0002,-0.0016,-0.0048,0.4412,-0.0023,-0.0037,-0.0045,0.013,0.7272,0.0061,0.0133,-0.0211,-0.0203,0.0113,0.0144,0.0013,0.0037,-0.0183,0.0462,-0.0104,-0.0041,0.0009,0.0248,-0.0755,0.0039,0.0005,-0.0064,0.0063,-0.02,-0.0607,-0.0165
112,5172,108,2,sitting,0.0077,0.0338,-0.0173,-0.0168,-0.0108,0.0136,0.008,0.012,-0.082,-0.0032,0.006,0.0184,0.018,-0.0455,0.005,0.0086,0.0006,0.0117,0.0021,0.0138,-0.0023,-0.0157,-0.0187,0.012,0.0073,0.0013,-0.016,0.0272,0.009,0.0185,0.0028,0.0005,0.0122,-0.0118,-0.017,0.032
113,5173,108,2,sitting,-0.0247,-0.0045,-0.0002,-0.0059,0.0156,-0.0082,-0.0088,0.0016,0.027,-0.0102,-0.0182,0.0053,-0.0117,-0.1416,0.0017,0.0122,-0.016,-0.012,-0.0261,0.0117,-0.006,0.0013,-0.0009,0.0104,0.022,-0.0148,0.0018,0.0325,-0.1048,-0.0148,0.0245,0.0113,0.017,-0.043,-0.0218,-0.007
114,5174,108,2,sitting,0.0157,-0.0662,0.0175,-0.0123,0.0134,0.022,-0.007,0.0102,-0.0205,0.0019,0.0112,-0.0155,-0.0148,-0.0884,0.021,0.0168,0.0266,0.0037,-0.0247,-0.0241,0.0092,-0.0036,-0.0362,-0.0165,0.0262,0.0003,-0.0025,0.0232,0.0079,-0.0131,-0.0022,-0.0144,0.0049,0.0338,-0.0079,0.026
116,5176,108,2,sitting,-0.0339,-0.1462,0.0281,-0.0053,-0.0111,0.0084,-0.0076,-0.003,0.5596,-0.0018,-0.0008,0.0008,-0.0019,1.0841,0.0072,-0.0568,-0.0142,-0.0015,0.023,-0.008,0.0208,-0.0148,-0.0582,0.0057,-0.0049,0.0057,-0.0087,0.0246,-0.0725,-0.0046,0.0062,-0.0118,0.0022,0.0222,-0.0051,-0.0243
117,5177,108,2,sitting,0.0135,-0.1156,-0.0003,-0.0032,-0.0054,0.0027,-0.0007,-0.0068,0.4837,-0.012,-0.0006,0.0006,-0.0122,-0.1428,0.0038,0.0163,-0.0168,-0.0016,0.0171,-0.0176,-0.024,0.0177,-0.0055,-0.0454,-0.0062,-0.008,0.0071,0.002,0.0142,-0.0257,0.0019,0.0082,0.0081,0.0154,-0.1602,0.017
119,5179,108,2,sitting,0.0121,0.0272,-0.0166,-0.0134,-0.0138,-0.008,-0.0003,-0.0264,0.0269,-0.011,0.011,0.0045,-0.0134,-0.1252,0.0027,-0.0512,0.0136,-0.0125,-0.0038,-0.0164,-0.0047,0.0082,-0.0077,-0.05,0.0351,-0.0015,-0.0207,-0.0166,0.0223,-0.0119,-0.0207,0.0062,-0.0157,0.0054,0.0146,0.011
121,5181,108,2,sitting,0.0479,-0.3695,-0.0172,-0.0023,0.0643,-0.0273,-0.0075,-0.0003,0.5469,-0.004,0.0021,-0.0016,-0.0132,1.1542,-0.0015,-0.012,0.0173,0.0151,0.0037,-0.0048,-0.007,0.0033,-0.021,0.0183,-0.0126,0.0008,-0.0161,0.038,-0.0863,-0.0214,-0.0463,0.0022,0.0042,-0.011,-0.076,-0.0247
122,5182,108,2,sitting,-0.0079,1.4243,-0.0148,0.0171,-0.0029,0.0106,-0.006,0.0046,0.5658,0.0034,-0.0033,-0.0065,-0.0088,1.0469,0.0053,0.0108,0.0115,-0.0057,-0.0137,0.0014,0.0108,0.0015,-0.0034,-0.0385,0.0,0.003,0.005,0.0148,-0.0604,-0.0042,0.0014,0.0054,0.0031,-0.0227,-0.0307,-0.0032
123,5183,108,2,sitting,0.013,0.6545,-0.001,-0.0228,0.0081,-0.0184,-0.0243,-0.012,0.5958,0.0034,-0.0064,0.0006,0.0062,1.0042,0.0148,0.0427,0.0024,-0.006,-0.0053,-0.025,0.003,-0.0042,-0.0048,0.0296,0.0068,0.0086,-0.0217,-0.0207,-0.1008,-0.0248,0.013,0.0092,0.015,-0.0078,0.0113,0.003
124,5184,108,2,sitting,0.0494,0.0282,-0.0048,-0.0156,-0.0183,0.0255,0.0204,0.0019,-0.2264,-0.0031,-0.0048,0.0127,0.0095,-0.202,0.0116,-0.003,0.0186,0.0167,0.0247,-0.0017,-0.002,0.0264,0.0283,0.0104,-0.0255,-0.0275,0.0102,-0.0403,0.0084,-0.0068,0.0088,0.0015,0.0234,0.0053,0.0046,0.014
126,5186,108,2,sitting,0.0379,-0.4889,0.0381,0.0311,0.0238,-0.0277,0.0075,0.0052,0.5465,0.0052,0.0065,-0.0018,0.0178,0.8594,0.033,-0.1462,0.0165,0.0088,0.0085,0.0017,0.0206,0.0138,0.0353,0.038,-0.0344,-0.0025,0.0087,0.0039,-0.1206,-0.0471,0.0178,0.0141,0.0218,0.0233,-0.1582,-0.0012
127,5187,108,2,sitting,-0.0022,-0.0082,0.0033,0.0046,0.0162,0.011,-0.006,-0.0047,0.1258,-0.0101,0.0132,0.011,0.0061,0.1655,-0.0006,0.0009,0.0038,-0.0083,0.0034,-0.0068,0.0063,-0.0135,0.0118,0.0055,0.0236,0.0112,0.0084,0.0163,-0.1424,0.0033,0.006,-0.0116,0.0066,0.0143,0.0366,0.004
128,5188,108,2,sitting,0.0534,0.0086,-0.0264,-0.0141,0.0357,0.0087,0.0019,0.0186,0.2382,-0.0222,-0.0013,-0.0028,0.0068,-0.164,0.0166,-0.0133,-0.0273,0.0072,0.0059,0.0007,-0.0084,0.0356,-0.0474,-0.0383,-0.022,0.0162,0.0286,-0.0019,0.0258,-0.0208,0.0019,0.0138,-0.0185,0.0455,-0.0633,0.023
129,5189,108,2,sitting,-0.0034,0.1357,0.0016,0.0083,-0.0084,0.0177,-0.0008,-0.0005,0.4953,0.0012,-0.0033,-0.0017,0.0024,0.9551,0.0032,0.0022,0.0063,-0.0071,0.0023,-0.0154,0.0003,0.0026,-0.0113,-0.017,0.0016,0.0054,0.0037,0.0055,-0.027,-0.0004,0.0142,0.0031,0.0014,0.0054,-0.0091,-0.0052
130,5190,108,2,sitting,0.0228,-1.044,0.0028,0.026,0.0131,0.0073,0.0086,0.0081,0.1974,-0.0026,-0.0009,-0.0011,0.0137,-0.1477,-0.0104,-0.0135,0.018,-0.0126,-0.0114,-0.0047,-0.0058,0.0042,-0.0105,0.0006,-0.0182,-0.0032,0.0007,-0.0265,-0.0543,-0.0057,-0.0015,0.0004,0.0176,0.0226,-0.0025,0.017
131,5191,108,2,sitting,-0.0036,0.0333,-0.0153,0.0112,0.0235,-0.0085,-0.0035,0.0032,-0.1036,-0.0109,-0.0121,-0.0027,0.0044,-0.0485,0.0156,0.0122,-0.0156,-0.0387,-0.0155,-0.0067,0.0045,-0.0086,-0.0063,0.0131,0.0146,0.0067,0.0039,0.0021,0.0581,0.0071,-0.0036,0.002,-0.0125,-0.0231,-0.031,0.01
132,5192,108,2,sitting,0.0307,0.2874,0.0006,0.0048,0.0158,-0.0007,-0.001,0.0001,0.415,-0.0065,0.0146,-0.0122,0.0157,-0.2861,-0.0177,-0.0618,-0.0118,-0.0206,0.0126,0.0015,0.0227,0.0221,-0.002,-0.0157,0.0135,-0.0287,-0.0148,-0.0449,-0.0787,0.0174,0.007,0.0006,-0.0007,0.0004,-0.0103,0.024
133,5193,108,2,sitting,-0.0242,-0.0182,-0.0103,0.0062,-0.0212,0.0105,-0.0081,0.0027,-0.0314,0.0086,0.0137,0.0034,0.0084,0.0005,0.0384,0.0024,0.0226,0.0083,-0.0055,0.0123,0.0055,0.0002,0.0284,0.0202,0.0207,0.0166,0.0133,0.0222,-0.0947,0.0086,-0.0081,-0.012,0.0055,0.011,0.0222,-0.014
134,5194,108,2,sitting,0.033,-0.0327,0.0054,-0.01,-0.0054,0.0223,-0.0014,-0.0056,0.4972,-0.0006,0.0052,-0.0005,-0.0012,0.8948,-0.0026,0.0265,-0.007,-0.0037,-0.0177,0.0142,0.0085,0.0016,0.0247,0.0143,-0.003,0.0102,0.0148,0.0008,-0.0223,0.0013,0.0284,0.0074,0.0006,-0.0121,-0.0521,-0.01
135,5195,108,2,sitting,-0.0191,0.0077,0.004,0.0025,-0.0255,0.0015,-0.0033,-0.0051,0.2583,0.0056,0.0055,0.0042,0.0101,0.0495,0.0087,0.0147,0.0077,0.0005,0.0008,-0.013,-0.0022,-0.0035,-0.0074,0.0024,0.0071,-0.0042,0.0133,0.0233,-0.1175,-0.0243,-0.0168,-0.0073,0.0084,-0.0546,-0.0267,0.017
136,5196,108,2,sitting,-0.0023,0.2576,0.0126,0.0023,-0.0104,0.0127,0.0043,-0.0009,0.183,-0.0066,-0.0025,0.0083,-0.0148,-0.2152,-0.0425,0.0338,-0.0123,-0.0134,-0.0361,-0.0165,-0.0078,0.0223,-0.0131,0.0627,-0.012,0.0037,0.0225,-0.0088,-0.0373,-0.0255,0.0297,0.0247,-0.0062,0.0114,0.0363,0.0027
137,5197,108,2,sitting,0.0234,1.0065,-0.0045,-0.0054,-0.0274,0.004,0.0143,0.0048,0.1284,0.008,0.0006,0.0087,-0.0071,-0.0715,0.0216,0.0026,0.0021,0.0056,0.0057,0.0032,0.0047,0.0065,0.0114,0.0075,0.0106,0.0113,0.0044,-0.0306,-0.102,0.0123,0.0233,0.0007,0.0112,-0.0044,0.0161,-0.03
139,5199,108,2,sitting,0.0476,-0.535,-0.0168,-0.0172,-0.024,0.0044,-0.003,-0.0002,0.5278,-0.0056,-0.0018,0.0017,-0.0018,1.0011,0.0057,-0.1054,0.0076,0.0066,-0.0134,0.0088,0.0051,-0.0077,-0.0104,0.0382,0.0075,0.0071,0.0018,0.0025,-0.052,-0.0202,0.0055,0.0024,0.0037,-0.007,-0.027,-0.0006
140,5200,108,2,sitting,0.0035,0.0206,0.0178,0.0141,-0.0031,0.0252,-0.0074,0.0113,-0.1163,0.0211,0.0273,-0.0074,-0.018,-0.0717,0.0143,-0.0207,-0.004,0.0036,0.0278,-0.004,-0.0078,0.0248,0.0176,-0.004,-0.0064,-0.0122,0.0023,0.0093,-0.046,-0.0055,0.0164,-0.0141,-0.0346,0.0284,0.0285,0.01
141,5201,108,2,sitting,-0.0407,-1.2975,0.0455,0.0169,-0.0755,-0.0388,-0.0038,-0.0041,0.5766,-0.0037,-0.0001,0.0052,0.0104,0.9428,0.0132,0.0666,-0.0151,-0.0056,0.0026,0.0054,0.0106,0.0134,0.0033,-0.0051,-0.0203,-0.0171,0.0281,0.0153,-0.1655,-0.0482,0.0308,0.0035,0.0012,0.0126,-0.0148,0.0055
142,5202,108,2,sitting,-0.0479,0.4575,0.0118,0.02,-0.0365,0.0217,-0.0089,-0.0081,0.5286,-0.0061,0.0031,-0.0045,0.0014,1.1215,0.006,0.03,0.0043,0.0088,0.0044,0.0022,0.0078,0.005,0.016,-0.0057,0.0008,0.0051,0.0009,0.0154,-0.046,0.0016,-0.0123,0.0077,0.0022,0.0041,-0.0377,0.0086
143,5203,108,2,sitting,-0.024,0.1077,0.0158,0.0069,0.0264,-0.0262,0.0033,0.0105,0.5278,0.0157,0.0067,0.0062,0.0306,1.1085,0.0226,-0.0167,0.0227,0.0118,0.0296,0.0052,0.0157,0.0009,0.006,-0.0174,-0.0305,0.0271,0.0206,-0.0114,-0.022,-0.0001,0.01,0.0134,0.008,-0.0157,-0.0077,0.0284
144,5204,108,2,sitting,-0.0379,-0.248,-0.0448,-0.022,0.0227,-0.0348,-0.0177,-0.0103,0.5074,-0.0002,-0.0043,-0.0017,0.0016,1.2681,0.0025,0.0356,0.0331,0.0166,0.0243,-0.0137,0.0101,0.036,0.0029,-0.0035,-0.0152,0.0007,-0.0029,0.0264,-0.0331,-0.0374,0.0373,0.0106,0.0145,0.0075,-0.1188,0.0042
145,5205,108,2,sitting,-0.0179,0.4426,-0.0034,0.0284,0.0306,-0.0009,-0.0085,-0.0022,0.5594,-0.0002,0.0025,-0.0001,-0.0025,0.8612,-0.0015,0.1543,-0.0032,-0.0016,-0.006,0.0128,-0.0115,0.0107,0.0163,0.0188,-0.007,-0.0104,0.0004,0.0306,-0.0319,-0.037,-0.0092,0.0026,0.0076,0.0163,-0.046,-0.0187
146,5206,108,2,sitting,0.0148,0.0687,-0.014,0.0016,-0.0063,0.0038,-0.0073,-0.0017,0.0606,0.0068,-0.0087,0.0047,-0.0173,-0.0169,0.01,0.0105,0.0108,0.0054,-0.0174,0.0006,0.0211,0.0041,-0.0083,0.027,-0.0162,0.0216,0.0186,0.014,-0.0242,-0.0035,0.0036,0.007,0.0044,0.0005,-0.0016,0.0002
148,5208,108,2,sitting,-0.0411,1.7964,-0.0371,0.023,0.0376,0.0366,-0.0027,-0.003,0.5466,-0.0056,-0.0011,0.0048,-0.0031,0.9823,-0.0002,0.0156,0.0036,-0.0125,0.007,-0.001,0.003,0.002,0.0085,0.0108,0.0022,0.0046,0.0114,0.007,-0.0811,-0.0016,0.0215,0.0,0.0074,0.0036,-0.1253,-0.007
150,5210,108,2,sitting,-0.019,0.0146,-0.0017,0.0156,-0.0032,0.002,-0.0113,-0.013,0.1803,0.0242,-0.0124,-0.004,0.0434,0.1547,-0.0138,0.0205,0.0268,-0.0135,0.0055,-0.014,-0.0117,0.0087,-0.0081,0.0356,-0.0026,-0.014,0.002,0.0113,-0.024,0.0137,-0.0148,0.0045,-0.001,0.0155,0.0162,0.016
151,5211,108,2,sitting,0.5047,0.3416,0.0028,-0.0009,0.001,0.0288,-0.0008,-0.0044,0.0965,-0.0187,-0.0017,-0.0137,-0.0323,-0.0703,-0.0601,-0.0073,0.011,0.0027,-0.0208,0.0125,0.0132,0.0146,-0.0186,-0.0462,-0.0264,-0.0155,0.012,0.0049,-0.1127,0.0255,0.0085,0.0188,0.0105,0.0142,0.0047,0.0076
152,5212,108,2,sitting,-0.0116,0.0428,0.0026,-0.0018,-0.011,0.0088,0.011,0.021,0.0585,-0.0035,0.0153,0.0242,0.0093,-0.0267,-0.0241,0.0103,0.0436,0.0138,-0.0022,0.0312,-0.0005,0.0055,-0.0122,0.0037,0.0029,0.0003,-0.0065,-0.0176,0.0105,0.0212,-0.0016,0.0061,0.0112,-0.0147,-0.0374,0.017
153,5213,108,2,sitting,-0.0479,0.3775,0.0228,0.0432,0.1756,0.0573,0.0317,0.012,0.5707,0.0082,0.0186,-0.0228,0.0009,0.8103,0.0052,-0.0075,-0.0561,0.0014,0.0325,0.017,0.0378,0.0184,0.0375,-0.0753,0.0416,0.0301,0.0106,0.0086,-0.1123,-0.0158,0.0052,0.0145,0.0232,0.0128,-0.0252,-0.0367
154,5214,108,2,sitting,-0.0209,0.4709,0.0107,0.0161,0.0007,-0.0375,-0.0007,-0.0056,0.5494,0.0005,-0.0035,0.002,-0.006,1.1224,0.0165,0.0862,-0.0052,0.0135,0.0018,0.0006,0.0184,-0.0084,-0.0384,-0.062,-0.0342,0.011,0.0231,0.0516,-0.0587,-0.011,-0.0202,0.0027,0.0132,0.0049,-0.0155,-0.0084
156,5216,108,2,sitting,-0.0095,-0.0431,-0.0077,0.0054,0.0251,0.006,0.0117,0.0062,0.1228,0.0212,0.0174,0.0043,0.0056,0.1757,-0.0033,0.0265,0.0114,-0.0122,0.0017,0.0048,-0.0024,0.0013,-0.0071,0.0153,-0.0266,0.0262,-0.0068,0.0202,-0.1821,-0.0127,-0.0166,0.0068,0.0086,0.0127,0.0113,0.013
157,5217,108,2,sitting,-0.0241,0.0154,-0.0052,0.0055,0.0109,-0.0007,-0.0268,0.0034,-0.1087,-0.0106,0.0188,0.0046,0.0102,-0.1282,-0.0197,0.0304,0.0088,-0.0079,-0.0135,0.0281,0.0112,-0.0204,-0.016,-0.0205,-0.0384,0.0234,0.0262,-0.0382,-0.2772,-0.0228,-0.0234,-0.0149,-0.0269,0.0155,-0.0125,0.035
158,5218,108,2,sitting,-0.0451,0.0933,-0.0175,0.0228,0.0521,0.0352,-0.0271,-0.0167,0.1539,0.0065,0.0128,0.0104,-0.0138,-0.0727,-0.0411,-0.0185,-0.024,0.0177,-0.0382,0.0064,-0.0248,0.0061,0.0321,0.0595,0.0014,0.0124,-0.0062,0.0284,-0.1009,-0.0121,-0.0113,-0.0033,-0.0061,0.011,0.0006,0.004
159,5219,108,2,sitting,-0.0044,-0.0113,0.0238,0.0111,0.0203,0.0111,0.0014,0.0054,-0.0026,-0.0131,0.0142,0.0185,-0.021,0.0352,-0.0223,0.0061,0.0222,0.0108,-0.0022,0.0198,-0.0261,0.0102,-0.0207,0.018,0.003,0.0067,-0.0057,0.0046,0.0202,0.0221,-0.0131,0.0054,0.0244,-0.0012,0.0174,-0.001
160,5220,108,2,sitting,-0.0013,-1.3224,-0.0208,-0.0071,0.0047,-0.0343,-0.0052,-0.0022,0.4932,0.0012,0.0054,0.0064,0.0105,1.2006,-0.0267,-0.0041,0.0133,0.0145,-0.0213,-0.0306,0.0069,-0.0141,0.0062,-0.0226,-0.02,-0.0201,-0.0117,-0.0073,-0.0996,-0.0109,-0.0063,-0.0174,-0.0113,0.0003,-0.0364,0.001
161,5221,108,2,sitting,-0.0107,0.9412,-0.0134,-0.0076,0.0258,0.0252,-0.0144,-0.0018,0.4346,-0.0046,-0.0003,0.0055,-0.0043,0.9494,0.0154,0.0139,-0.0052,0.0105,0.02,0.0186,-0.0076,-0.0089,-0.0114,0.0064,-0.0205,0.0068,0.0039,0.0092,-0.02,-0.0205,0.02,-0.0047,0.0166,0.0251,-0.1058,-0.0115
164,5224,108,2,sitting,-0.0197,0.2677,-0.006,-0.0002,-0.0264,0.007,-0.0015,-0.0008,0.4845,0.0011,-0.0011,0.0021,0.0115,1.0416,0.01,0.0113,-0.0287,0.0031,0.0211,-0.0102,0.0147,0.0,-0.0183,0.0211,-0.015,0.008,-0.0022,-0.0057,-0.0094,-0.0333,-0.0257,0.0003,-0.0117,0.0077,0.0386,0.023
165,5225,108,2,sitting,-0.0275,0.2045,0.0097,0.0037,0.015,-0.015,0.0117,0.0041,0.503,-0.0013,0.0025,0.0074,0.0063,0.923,-0.0067,-0.0258,0.0046,0.0151,0.0203,-0.0174,0.0151,0.0218,0.0172,0.0173,-0.0034,0.0026,0.0066,0.0253,-0.0469,-0.0189,0.0117,0.0071,0.0224,0.014,-0.0615,-0.0137
166,5226,108,2,sitting,-0.0344,0.0795,0.0172,0.0052,0.0012,0.0007,-0.0012,-0.0002,0.5087,-0.0002,-0.0005,-0.0011,-0.0022,0.721,0.0041,0.0834,0.0205,-0.0004,-0.0007,0.0,-0.0026,0.0064,-0.0018,-0.0077,-0.0034,0.005,0.0072,-0.0183,-0.0008,-0.0008,0.0184,0.0063,-0.0034,0.0276,-0.0503,0.008
167,5227,108,2,sitting,-0.049,-0.2861,0.0079,0.0079,0.0712,0.0436,-0.0039,0.0073,0.5362,-0.0066,0.0012,-0.0008,-0.017,0.8881,-0.0077,-0.0108,0.0176,0.0225,0.0145,0.0136,-0.0287,0.0387,0.0313,0.0502,-0.0324,-0.0083,-0.0216,-0.0089,-0.0764,-0.0181,0.0023,-0.0076,0.0039,0.0312,-0.0157,-0.0049
168,5228,108,2,sitting,0.0326,0.1072,-0.0061,0.0039,0.0435,0.0138,0.0084,0.0107,0.1882,0.0071,0.0048,0.011,0.0054,0.174,-0.0132,-0.0203,0.0007,-0.0257,0.0301,0.0126,0.0075,-0.0265,-0.0376,-0.0141,0.0214,0.0013,-0.0066,-0.0041,-0.0357,0.0136,-0.0019,0.0233,0.004,0.0133,-0.0138,0.0222
169,5229,108,2,sitting,0.0356,0.0017,0.0016,-0.0071,0.002,0.0124,-0.0035,0.0122,0.0371,-0.0074,0.0061,0.008,-0.0174,-0.0412,0.0132,-0.0241,-0.0055,0.0181,-0.0237,-0.0108,0.0107,-0.0105,-0.0034,0.006,0.0288,0.0114,0.0187,0.0066,-0.0065,-0.0168,0.0067,0.0158,0.0087,0.0105,0.0374,0.008
170,5230,108,2,sitting,-0.0004,0.0161,0.0144,0.0046,-0.0172,-0.0131,0.0122,0.0078,0.0078,0.0067,-0.0013,-0.0123,-0.0211,-0.1447,0.0098,-0.0122,0.0024,0.0085,-0.0131,0.0134,-0.0103,0.0138,0.0124,0.0228,0.0065,0.0104,0.0131,0.0095,0.1735,0.0134,0.0013,0.0052,0.0035,-0.0047,-0.0037,-0.025
171,5231,108,2,sitting,0.0041,-0.2197,0.0158,0.0262,0.0061,-0.0082,-0.0083,-0.0016,0.5656,-0.0015,-0.0015,-0.0006,-0.0009,0.8774,0.0011,0.0101,0.0032,0.0102,-0.006,0.0016,-0.008,-0.005,0.0206,0.002,-0.0175,0.0035,0.0088,0.0135,-0.1266,0.0165,0.0106,0.0106,0.0067,0.0234,-0.0123,-0.006
173,5233,108,2,sitting,0.0413,0.197,-0.0261,-0.0089,0.034,0.0184,0.004,-0.0026,0.5029,0.0011,-0.0005,0.0027,-0.0056,0.9475,-0.0138,0.01,-0.0071,0.0085,0.0018,0.0012,0.006,-0.001,0.0258,0.0024,-0.0088,-0.0048,0.014,0.016,-0.021,-0.0043,0.0167,0.0004,0.0143,0.001,-0.0001,-0.003
174,5234,108,2,sitting,0.079,0.6642,-0.0359,-0.0323,-0.0049,0.015,-0.0184,0.0084,0.5026,-0.0038,0.0045,0.0061,0.0214,0.9299,0.0028,0.0849,-0.0052,0.0059,-0.0082,-0.0053,0.0256,0.0164,-0.0421,-0.0847,-0.0109,0.0028,0.0166,0.0323,-0.1226,-0.0043,0.0092,0.0056,0.0118,0.0168,-0.0414,-0.0158
176,5236,108,2,sitting,0.0361,0.143,0.027,0.0206,0.0034,-0.0385,0.0116,-0.0043,-0.1504,0.002,-0.0056,0.0027,-0.0177,-0.031,-0.0158,-0.0513,-0.0283,0.0095,-0.0033,-0.0017,-0.0113,-0.002,-0.0072,0.0108,0.003,-0.0074,-0.0115,-0.0338,0.003,-0.0086,-0.0177,-0.0161,0.014,-0.002,0.0203,-0.02
177,5237,108,3,standing,0.0943,-0.5389,-0.0732,0.0236,0.0224,0.0173,-0.0086,-0.0011,0.5338,0.0078,-0.0035,-0.0046,-0.0044,0.9746,0.0227,0.1234,-0.0363,-0.0216,-0.013,0.025,-0.0021,0.0226,-0.023,0.026,0.022,0.0071,0.0025,0.0148,-0.1125,-0.0255,0.0488,0.0057,0.0056,0.016,-0.026,-0.034
178,5238,108,3,standing,0.0745,-0.1709,-0.1004,0.1684,0.0217,0.0556,-0.0372,0.0241,0.502,0.0058,-0.0126,0.0036,0.0268,0.7843,-0.0225,0.0203,-0.007,0.0107,0.008,0.0181,-0.0151,-0.0265,-0.1477,0.0191,0.036,0.0038,0.0142,-0.1626,-0.2116,-0.0764,0.0427,0.0475,0.004,0.0112,-0.1101,0.0234
179,5239,108,3,standing,-0.012,-0.4346,-0.0187,-0.0075,-0.0386,0.0385,-0.0004,0.0,0.5354,0.0056,-0.0045,-0.0025,0.0128,0.8553,0.0028,0.0842,0.0158,0.0232,0.0035,0.0142,-0.0065,0.0232,0.0164,-0.0068,-0.0312,0.0017,0.015,-0.0728,-0.1578,0.003,-0.0152,0.0005,0.0082,-0.0243,-0.0024,0.0262
180,5240,108,3,standing,-0.0133,0.0342,-0.0001,0.0002,0.0022,0.0262,-0.0165,-0.0232,0.05,0.0171,-0.0154,0.0088,0.0305,-0.0506,-0.0071,-0.0004,-0.0075,-0.0136,0.0106,-0.0356,0.0041,0.0208,0.0365,-0.0135,0.0244,0.0118,-0.0117,0.0154,-0.0313,0.0228,-0.004,0.0102,0.0131,0.0304,-0.0107,-0.0306
181,5241,108,3,standing,0.0294,0.3673,-0.0053,0.0264,-0.0017,-0.0348,0.0023,0.0008,0.5372,-0.0005,0.0017,-0.0012,0.0008,0.9242,-0.0033,-0.1545,-0.0201,0.0008,0.0345,0.0062,0.0257,-0.0107,-0.0357,0.024,0.007,0.0083,0.0127,-0.0206,-0.072,-0.0528,0.0483,0.0078,-0.0154,-0.0082,-0.1165,-0.0307
182,5242,108,3,standing,-0.0092,0.1725,-0.0084,-0.0055,0.0487,0.0147,-0.0031,0.0002,0.5197,0.003,0.0023,-0.0053,-0.0044,0.8789,0.0161,-0.02,0.0117,0.0038,0.0024,0.0101,-0.0124,-0.0015,0.016,0.0351,-0.0021,0.0014,0.0053,0.0203,-0.1526,-0.0234,-0.0276,0.0088,0.0014,0.0019,-0.0115,-0.0053
183,5243,108,3,standing,0.0537,0.004,0.0282,-0.0009,0.0382,-0.0118,0.002,-0.004,0.1123,0.0,0.0001,-0.0022,0.0017,0.9772,0.0044,0.025,-0.0054,0.0055,0.0033,0.008,-0.0076,-0.005,0.0102,0.0108,-0.0077,0.0017,0.0018,0.0232,-0.0206,-0.0115,-0.008,-0.0076,-0.0017,0.0145,-0.0083,0.0066
184,5244,108,3,standing,-0.0197,-0.5767,-0.0156,0.0085,0.0372,0.0163,-0.0009,-0.0026,0.5097,-0.003,-0.0032,-0.0041,0.0133,0.9368,0.0008,0.1167,-0.0143,-0.0244,0.0085,-0.002,0.0104,0.0254,0.0246,0.0113,-0.0054,0.0103,0.0268,0.0142,-0.2317,-0.0361,0.0364,0.0016,0.013,0.014,-0.0565,-0.0121
185,5245,108,3,standing,0.0281,-0.0403,0.0156,-0.0165,0.0276,-0.0207,0.0158,-0.0021,-0.0951,-0.0154,0.0115,0.0157,-0.0131,0.1005,0.0303,-0.0246,0.0155,-0.0046,-0.0326,-0.0215,0.0238,0.0152,-0.0089,-0.0033,0.0364,-0.0143,-0.0363,-0.0424,0.0077,-0.0303,0.0223,0.0116,0.0043,0.0007,-0.0025,0.0204
187,5247,108,3,standing,0.0596,-0.3623,-0.0518,0.0188,0.0208,0.0328,0.0124,0.0067,0.5239,-0.0023,-0.0004,0.0006,-0.0034,0.9292,-0.0003,0.0037,0.0171,0.0026,0.0112,0.0115,0.0277,-0.0101,0.0144,0.009,-0.0161,0.0133,0.0074,0.0186,-0.0872,-0.0064,-0.0701,0.0003,0.0061,0.0082,-0.0488,-0.0137
188,5248,108,3,standing,-0.0297,1.0049,0.0187,0.0003,0.0048,0.0079,0.0032,-0.0003,0.5504,0.0013,-0.0033,0.002,0.0131,0.8992,0.0012,0.0208,0.0031,0.0051,0.0146,-0.013,0.0178,0.0106,-0.0288,0.0575,-0.0108,0.0055,0.0207,0.0248,-0.1628,-0.0142,0.028,0.0052,0.0144,0.0088,0.013,0.0088
189,5249,108,3,standing,0.1145,-0.02,0.0232,-0.0178,-0.0126,-0.0052,-0.0041,-0.005,-0.1684,0.0133,0.0006,0.0109,0.0032,-0.0127,-0.0025,0.0037,-0.0064,0.0181,-0.0022,-0.0117,-0.0084,0.0088,0.0445,0.0336,0.0492,0.0048,0.003,0.0042,-0.1745,0.0231,0.0064,0.0211,-0.0034,0.0386,0.021,0.015
190,5250,108,3,standing,-0.0197,0.3846,0.04,0.0285,0.0135,0.0425,-0.0003,-0.0047,0.5128,0.0012,0.0036,0.0055,-0.0128,1.12,-0.0027,0.0163,0.0046,0.002,-0.0142,-0.0145,0.0257,0.0128,0.044,0.0764,0.0489,0.0025,0.0046,0.0126,-0.0073,-0.0088,0.0381,-0.0115,0.0006,0.0112,-0.0096,-0.002
191,5251,108,3,standing,-0.0279,0.5249,0.0664,-0.0203,0.0163,-0.0336,-0.0286,-0.0017,0.5153,0.0027,-0.0036,0.0046,0.008,0.9887,0.0077,-0.1235,-0.0156,0.0022,0.0,-0.0001,0.0086,-0.0054,0.0138,-0.0147,-0.0214,0.0118,0.0128,0.0256,-0.0692,-0.0108,-0.0344,0.0087,0.0,-0.0061,-0.0404,-0.0066
192,5252,108,3,standing,0.1228,0.0786,-0.0251,-0.0038,-0.0563,-0.0135,0.0278,0.0365,-0.133,-0.0089,-0.018,-0.0184,0.0253,0.0274,0.1006,0.004,0.024,-0.0303,-0.0007,0.0136,0.0006,-0.0146,-0.0176,-0.0082,-0.0137,0.003,0.0115,-0.0048,0.0764,0.0151,0.0106,-0.0163,0.0172,0.0235,0.0342,0.0378
193,5253,108,3,standing,0.0479,-0.1105,-0.0282,0.025,0.0734,-0.0043,0.0121,-0.0055,0.5479,0.0034,0.0042,-0.0088,0.0235,0.9273,-0.0078,0.1165,-0.0203,0.0174,-0.0382,-0.0059,0.0158,-0.0123,0.0256,-0.0233,0.0015,0.0032,0.0231,0.0507,-0.0915,0.0248,0.0585,0.0033,0.0171,0.0008,-0.0655,-0.0367
194,5254,108,3,standing,-0.0678,0.3238,-0.0489,-0.0023,-0.0363,0.0303,0.0226,-0.0248,-0.0708,-0.0236,0.011,-0.023,-0.0267,0.2633,-0.0508,0.013,0.005,0.0131,-0.0233,0.0341,0.0023,-0.0255,-0.0064,-0.1124,-0.0108,-0.002,0.0033,0.006,-0.0667,0.0022,0.0005,-0.0186,0.0164,0.0285,0.0268,-0.0317
195,5255,108,3,standing,-0.0479,0.6076,0.0627,0.0137,0.0222,-0.0644,-0.0307,0.0076,0.5331,0.0042,-0.0124,-0.0066,0.0183,0.9263,-0.0216,0.0677,-0.0214,-0.0105,0.0061,-0.0005,0.0028,0.0041,-0.007,-0.1352,-0.0318,0.0014,0.0131,0.0345,-0.0674,-0.0534,-0.0582,0.0248,0.0121,0.0108,0.0436,0.0346
196,5256,108,3,standing,0.0058,-0.0275,0.0016,0.0213,-0.0154,0.0168,-0.0081,0.0044,0.0006,0.0066,-0.0105,-0.0205,0.0203,0.0375,0.0061,0.0165,0.0127,-0.016,-0.0254,-0.0126,-0.0025,0.0275,0.0042,-0.0088,0.0071,0.0158,0.0046,-0.025,-0.0351,0.0136,0.0085,0.0125,-0.001,0.0123,-0.0453,-0.0186
197,5257,108,3,standing,-0.0459,0.2472,-0.0027,0.0103,0.0132,0.0315,-0.0085,-0.0074,0.5058,-0.0063,0.0074,-0.014,0.0188,0.9787,0.0107,0.1288,0.0202,0.0206,0.0248,-0.0167,0.0337,0.0177,0.0664,0.1748,0.0516,0.0322,0.0422,0.0434,-0.174,-0.011,0.0214,0.0161,0.002,0.0183,-0.1594,-0.0112
198,5258,108,3,standing,0.0361,0.0255,0.0144,0.0137,-0.0118,-0.0221,-0.0078,0.0017,0.3835,-0.0034,0.0085,-0.0074,0.0142,-0.017,0.0242,-0.0028,0.0231,0.0023,0.0156,0.0144,0.0051,-0.0015,-0.0034,0.0071,-0.0036,-0.0013,0.0038,-0.0155,-0.0054,-0.0237,-0.0057,0.0177,-0.0105,-0.0157,0.0224,0.0141
199,5259,108,3,standing,-0.0764,-0.0236,-0.0043,-0.0022,-0.0675,0.027,-0.008,-0.003,0.5444,0.0015,0.001,0.0022,-0.0078,0.9508,-0.0001,-0.0256,-0.0026,-0.0086,-0.0005,-0.0138,0.012,-0.0037,0.0204,-0.0077,-0.0367,-0.0135,0.0038,0.0085,-0.1371,0.0152,0.0145,0.0071,0.0143,0.0126,-0.0328,-0.0061
200,5260,108,3,standing,-0.0759,0.3242,0.0025,-0.0028,-0.0716,-0.0355,-0.0057,-0.0053,0.5185,-0.0061,-0.0007,0.0033,0.011,0.9924,-0.0066,0.0818,-0.0067,0.0063,0.0042,0.0001,0.0102,0.0144,-0.0126,-0.0362,0.0088,0.0052,0.0101,0.0229,-0.1614,-0.0313,0.0382,0.005,0.005,-0.0145,-0.0214,-0.0225
202,5262,108,3,standing,-0.0161,-0.0148,0.0025,0.004,0.0204,-0.0057,0.0153,0.0008,-0.0535,0.0056,-0.0146,0.0088,0.0117,0.0543,-0.0254,-0.0087,0.0272,0.0165,-0.0075,-0.0068,-0.0075,-0.0113,0.0226,-0.0023,0.0081,-0.0007,0.004,0.0131,-0.0284,0.0135,0.0111,0.0005,-0.011,0.0172,-0.018,-0.0078
204,5264,108,3,standing,0.0071,0.141,-0.0141,0.0028,0.0082,0.0123,0.0009,0.0164,-0.1635,0.0023,-0.0056,-0.0086,0.006,0.0475,-0.0171,0.0286,0.0304,-0.0245,-0.0045,0.0231,0.0205,0.0155,0.0135,0.0276,-0.0422,0.0171,0.0154,-0.0118,-0.0212,-0.041,-0.0213,0.0213,0.0204,0.0358,0.0346,-0.0166
205,5265,108,3,standing,0.0029,0.1468,-0.0209,0.0201,0.0448,-0.0046,0.0288,0.008,-0.3443,0.0009,0.0009,0.0005,-0.0061,-0.1162,-0.0355,-0.0166,0.031,0.0263,-0.0189,-0.0385,0.0108,0.0063,0.0386,-0.0532,0.0323,-0.0204,-0.0263,0.0243,0.0922,-0.0268,-0.0195,-0.0046,-0.0257,-0.0049,0.0675,0.0142
206,5266,108,3,standing,0.0149,0.1274,0.0078,-0.0267,-0.0217,0.027,0.003,-0.0052,-0.0453,-0.016,-0.0009,-0.0075,0.0118,-0.1782,-0.0126,0.0452,0.0378,-0.0094,0.0068,0.0128,0.0024,-0.0113,0.0049,0.0035,-0.0285,0.0076,0.0052,0.0049,0.0318,0.0091,-0.0215,-0.0043,-0.0221,0.0045,0.0544,0.0068
208,5268,108,3,standing,0.0494,0.3767,-0.0075,-0.0065,0.008,0.0241,0.0003,0.0027,0.4503,0.0055,0.001,-0.0027,0.01,1.1192,0.0013,-0.0173,0.0108,-0.0036,0.0103,-0.0105,0.0017,0.0231,0.0097,0.0244,-0.0124,0.0024,0.0055,0.0057,-0.1342,0.0167,0.014,0.0048,0.0023,-0.0317,-0.0552,-0.025
210,5270,108,3,standing,-0.0476,-1.095,0.117,0.0867,0.0673,-0.0507,0.0108,0.0157,0.5233,-0.0202,-0.0036,0.007,0.0024,0.9521,0.0058,-0.0601,-0.0476,0.0032,0.0268,0.0022,-0.006,0.0177,-0.045,-0.1214,-0.0282,0.0253,0.031,0.0206,-0.1713,-0.053,0.0193,0.0008,0.0113,0.0224,-0.0424,0.023
211,5271,108,3,standing,-0.0781,-0.1488,0.021,0.0059,0.0222,0.0278,-0.0178,0.0077,0.1187,0.0305,-0.0046,-0.0087,0.0184,-0.087,-0.0248,-0.0151,-0.0165,-0.0014,0.0035,-0.0114,-0.0038,0.0138,0.0208,-0.0316,0.0358,0.0164,0.0047,-0.0089,-0.0568,-0.0205,-0.009,0.0041,0.0086,0.0035,0.0216,0.0155
212,5272,108,3,standing,-0.0917,-1.1463,-0.0769,-0.0636,-0.1735,0.0705,-0.0189,-0.0012,0.5539,0.0004,0.0007,0.0056,0.0132,0.978,-0.0337,0.1058,0.0387,0.0005,-0.0177,0.0173,-0.0165,0.0058,-0.0204,-0.1202,0.0077,0.0134,0.0255,0.0234,-0.0958,-0.0466,0.0274,0.0205,0.0205,0.0089,-0.086,-0.0189
213,5273,108,3,standing,-0.0245,-0.5349,-0.0046,0.0059,0.0153,-0.0105,0.0016,0.0028,0.5411,-0.0008,-0.0021,-0.0054,-0.0056,1.121,-0.0024,0.022,0.0,0.0005,0.0067,-0.0085,-0.0153,0.0184,-0.0217,-0.0142,-0.0382,0.0018,0.0003,0.0043,-0.1266,0.0216,0.0425,0.0141,0.0183,-0.007,-0.0029,0.0073
214,5274,108,3,standing,0.0167,-0.0513,0.0112,-0.0077,0.0332,0.0276,0.027,0.0142,-0.1303,-0.0183,-0.0103,0.0045,0.0186,-0.0305,0.0117,0.0021,0.0108,-0.0126,-0.0272,0.0136,0.0163,-0.0017,-0.0034,0.0272,0.0125,-0.0157,0.0173,-0.0033,-0.0161,-0.012,-0.0137,-0.0162,-0.008,-0.0014,-0.0176,-0.0015
215,5275,108,3,standing,-0.0213,-0.5944,-0.0088,-0.0079,-0.0037,0.0255,-0.0012,-0.0023,0.5563,0.0017,0.0054,-0.0026,-0.0151,0.8131,0.0287,0.0843,0.0141,-0.0089,0.0265,-0.0176,0.0187,0.0054,-0.0256,-0.0713,-0.014,0.0021,0.0128,-0.1124,-0.13,-0.0347,-0.1154,0.0167,-0.0124,0.0283,-0.0371,-0.0266
216,5276,108,3,standing,-0.0074,1.285,0.0233,-0.0047,-0.0137,0.0004,0.02,-0.0111,-0.2656,0.0003,0.0085,0.0024,0.003,-0.235,-0.015,-0.051,-0.0373,0.018,-0.0302,0.0137,0.0158,0.0163,-0.0171,0.0447,0.0151,0.0146,-0.006,0.0044,0.0488,-0.0176,0.012,-0.0161,0.0078,0.0322,-0.0504,-0.0211
217,5277,108,3,standing,-0.0236,0.0282,0.0141,0.0037,0.0063,0.0158,0.0115,-0.0041,-0.143,0.0055,-0.0023,0.0022,0.0041,-0.0786,0.0115,-0.0118,0.0013,-0.0217,-0.0201,-0.0063,-0.0001,0.0048,-0.0031,0.0019,-0.0146,-0.0036,-0.0118,0.0163,0.0551,-0.0238,-0.0034,0.0058,0.0124,0.0278,-0.1176,-0.0264
218,5278,108,3,standing,-0.0051,-0.02,0.0164,-0.0103,0.0038,0.0013,0.0176,-0.0055,0.0176,-0.0106,-0.002,0.0016,0.0243,-0.031,-0.0028,0.0371,-0.0311,0.0158,-0.0147,-0.0118,-0.0145,0.0057,0.012,0.0084,0.0151,-0.0009,0.0003,0.0087,-0.1089,0.0111,0.013,-0.0083,-0.0123,-0.0251,-0.0286,-0.0252
219,5279,108,3,standing,0.042,-0.0568,-0.0108,0.0058,0.037,0.0029,-0.0016,-0.0017,0.5254,-0.0018,-0.0025,0.0037,0.0061,0.9676,-0.0074,0.0361,-0.0257,0.0122,-0.0022,-0.0081,-0.0234,0.0077,0.0262,0.0188,0.0113,0.0033,0.0061,0.0087,-0.0814,0.0005,0.0307,0.0124,0.0075,0.0054,-0.0568,-0.0019
220,5280,108,3,standing,-0.1049,-0.0859,0.0772,0.0485,-0.1173,-0.0073,-0.011,0.0025,0.532,0.0085,0.01,0.0141,-0.0344,0.9508,0.0072,0.0059,-0.037,0.0183,0.0241,-0.0181,0.0467,-0.0214,-0.1035,0.0136,0.0509,0.0088,0.0088,0.0431,-0.0113,-0.0308,0.0378,-0.0128,0.0066,0.02,-0.0333,-0.0529
221,5281,108,3,standing,0.005,-0.2394,-0.0388,-0.0447,0.0056,0.04,-0.002,-0.0031,0.5162,-0.0001,-0.003,-0.002,-0.0056,1.1784,-0.0102,0.0104,-0.0003,0.008,0.0104,-0.0008,0.0009,0.0044,0.0003,0.0276,0.0053,0.0076,0.0123,0.0044,-0.0385,0.0009,0.0223,0.0023,0.0041,0.0033,-0.0323,-0.0019
222,5282,108,3,standing,0.0152,-0.0417,0.0155,-0.0092,-0.0115,0.0134,0.0014,0.0125,-0.1123,0.014,-0.0001,0.0071,-0.0019,-0.033,0.0264,0.0217,-0.0053,-0.0155,0.0272,-0.0147,0.0168,-0.0135,0.0172,0.0169,-0.0364,-0.0133,0.0228,-0.0279,0.0151,0.0101,0.0053,-0.0015,0.0033,0.0286,0.0072,0.0164
223,5283,108,3,standing,-0.0497,-0.1166,0.0545,-0.0133,0.0646,0.0203,-0.0037,-0.011,0.5689,-0.0005,-0.0018,0.0013,0.0131,0.9604,0.0111,0.0562,0.0302,0.0135,0.022,0.0037,-0.0117,-0.0233,-0.0518,0.0098,0.0274,0.0142,0.0016,0.0768,-0.0654,-0.0716,-0.0146,-0.0086,0.004,0.0058,-0.0143,0.0264
224,5284,108,3,standing,-0.0274,-0.6902,0.023,-0.017,-0.0127,-0.0032,-0.0123,0.0006,0.5152,0.0001,0.0013,-0.0025,-0.016,0.9565,-0.0018,0.1783,0.002,-0.0024,0.0088,0.0055,0.0274,-0.0003,-0.025,0.0444,0.035,0.0054,0.0226,-0.062,-0.2333,-0.0606,-0.0184,0.005,0.0052,0.0167,-0.0316,-0.0251
226,5286,108,3,standing,-0.0114,-0.177,-0.0394,0.0006,0.0148,0.0351,0.0024,0.0018,0.5035,0.0,0.0015,0.0006,0.0104,0.8864,0.0022,0.0037,0.0052,0.0117,0.0214,0.0111,0.0124,-0.0141,-0.0092,-0.0763,0.0236,0.0071,0.0127,0.027,-0.0728,0.0185,0.0143,0.0125,0.0019,0.0327,-0.067,-0.0134
227,5287,108,3,standing,0.0074,0.1577,-0.0266,0.0028,0.0,0.0174,0.0112,-0.0144,-0.438,0.0054,0.0026,-0.0221,0.0389,-0.2805,0.0203,0.1122,-0.0008,-0.0128,0.0026,0.0251,0.0039,0.0126,0.0256,-0.104,0.0087,-0.0078,-0.0147,-0.0256,-0.0844,-0.0284,-0.0032,0.0078,0.0172,0.0253,0.0587,0.0064
228,5288,108,3,standing,0.002,-0.0358,-0.0075,0.0017,0.0128,-0.0041,0.0121,0.006,0.0371,-0.0131,0.0003,0.0164,0.011,0.0532,0.0103,0.0255,-0.0089,0.0247,0.0205,-0.0055,-0.0122,0.024,0.0343,0.0107,0.0253,0.0107,-0.005,0.0126,-0.0368,0.0066,0.0043,0.0101,0.0048,0.0078,0.0055,0.0112
229,5289,108,3,standing,-0.0407,0.4078,-0.0147,0.0119,-0.0018,0.0208,-0.0013,-0.0018,0.5391,0.0025,-0.0011,-0.0002,-0.0085,0.9197,0.0115,-0.1003,-0.0085,0.0262,0.0165,-0.0074,0.0185,0.023,-0.0449,0.0655,-0.0264,0.0008,0.011,0.0099,-0.115,0.0366,-0.0304,-0.0115,0.0201,0.0054,-0.0204,-0.0078
230,5290,108,3,standing,-0.0712,0.1509,-0.0042,-0.0082,-0.0472,-0.0316,-0.0023,-0.0043,0.5213,-0.005,-0.0063,0.0046,0.0073,0.9079,0.0113,0.1638,0.0173,0.013,0.0253,0.0167,-0.0033,0.0183,0.0362,-0.0483,-0.0001,0.0108,-0.0207,0.0787,-0.161,-0.054,-0.072,0.0137,0.002,0.0066,-0.0186,-0.0147
231,5291,108,3,standing,-0.0414,-0.5137,-0.0047,-0.0126,-0.024,-0.0401,-0.0009,-0.0058,0.5147,0.0021,-0.0035,-0.0014,-0.0036,1.0421,0.0285,0.0251,-0.0161,0.0045,-0.0227,-0.0133,-0.0151,-0.0148,-0.0484,-0.0565,-0.0178,-0.0017,0.01,0.0078,-0.0405,-0.0022,0.0484,0.0008,-0.0222,0.0472,-0.0123,0.0228
232,5292,108,3,standing,-0.0746,-0.6245,-0.0214,0.0671,0.0164,-0.0072,-0.0009,0.0,0.4985,0.0025,-0.0,-0.0012,0.0101,0.9036,0.0162,0.008,-0.0118,0.004,-0.0184,-0.0158,-0.028,0.016,0.0228,0.0705,-0.0102,0.0053,0.0016,-0.0185,-0.053,0.0075,0.0206,0.0025,0.0031,-0.0008,-0.005,-0.0202
235,5295,108,3,standing,-0.0457,0.0192,0.007,-0.0088,-0.0204,0.0083,-0.0015,-0.0032,-0.5417,0.0033,-0.0001,-0.0017,0.0002,-0.9178,-0.0011,-0.0085,0.0005,-0.0026,-0.0058,-0.0022,0.0002,-0.0074,-0.0262,-0.0204,0.0151,-0.0003,-0.0024,-0.0305,0.145,-0.0246,0.0181,0.0064,0.0038,-0.0201,0.0214,0.008
236,5296,108,3,standing,-0.0072,-0.4786,0.0252,-0.0249,0.0366,0.0354,-0.0147,-0.0124,0.5359,-0.0126,-0.0005,-0.0136,-0.0076,0.9505,0.0105,0.1149,-0.0177,0.0098,0.0331,-0.0086,-0.001,0.0178,-0.0315,0.0151,-0.0154,0.0213,0.0206,0.087,-0.1283,0.0062,0.0388,-0.0114,0.0088,0.0372,-0.1301,-0.0071
239,5299,108,3,standing,-0.0075,1.2669,-0.0231,-0.0067,0.0265,0.0215,-0.0172,-0.0048,0.243,-0.0047,-0.0066,0.0067,-0.0008,0.0457,-0.0026,0.0144,-0.0123,-0.006,0.0125,-0.0034,-0.0037,-0.0011,-0.0412,0.0287,-0.015,0.0251,0.0142,0.0208,-0.1818,-0.0343,0.0182,0.0078,-0.0033,0.0059,0.0465,-0.0182
240,5300,108,3,standing,-0.0017,1.0904,-0.0041,-0.0061,-0.0253,0.008,0.0007,0.0003,0.5227,0.004,0.0005,0.0025,0.0061,1.4701,-0.0256,0.0244,-0.01,0.0153,-0.0046,-0.0067,0.0056,0.0,0.0007,-0.016,0.0105,0.0033,-0.0001,0.0332,-0.0267,0.0165,0.0057,0.0112,-0.0005,0.0165,0.048,0.0164
241,5301,108,3,standing,0.0473,1.3112,0.0202,-0.0132,-0.0088,0.0084,0.0087,-0.0131,0.172,0.0034,-0.0034,-0.0051,-0.0014,0.032,0.001,-0.0358,0.0068,-0.0022,0.0121,0.0038,0.0023,0.014,-0.012,-0.0582,0.0211,0.0243,0.0076,-0.0126,-0.04,-0.0274,-0.0187,0.0111,-0.007,-0.0325,0.0255,-0.0167
242,5302,108,3,standing,-0.0176,0.2283,-0.0212,-0.0136,0.0157,0.0213,0.0005,-0.0125,0.3078,-0.0033,0.0016,0.003,-0.0237,0.0709,0.0226,-0.0237,0.0264,0.0183,-0.0029,0.027,-0.0151,-0.0066,-0.0018,-0.0072,-0.0107,0.005,-0.0356,0.045,0.0138,0.0026,0.0084,0.0137,0.0188,0.0445,0.0548,-0.008
243,5303,108,3,standing,-0.0742,-0.9125,-0.0075,-0.0127,-0.0271,-0.0132,-0.0106,-0.0073,0.5304,-0.0007,0.0011,0.0025,-0.0036,0.9651,-0.0012,0.038,-0.0046,0.0016,0.0238,0.0033,0.0246,0.0044,-0.0106,0.0421,-0.0355,-0.0132,-0.0235,0.0305,-0.1703,0.0332,0.0128,-0.0103,-0.0067,0.0114,-0.0445,-0.0145
244,5304,108,3,standing,0.0769,-0.4326,-0.0441,0.0358,0.0406,0.0345,-0.0075,-0.001,0.5376,-0.0018,0.006,0.003,0.0078,1.0115,0.0028,-0.1103,-0.0073,0.0146,-0.0085,0.0072,0.0157,0.0033,0.0616,-0.0478,0.021,0.0046,0.0054,0.0249,-0.0662,-0.103,-0.012,-0.0085,-0.0004,0.0223,-0.0057,-0.0147
245,5305,108,3,standing,0.1676,0.0175,-0.03,-0.002,0.0236,0.0055,0.0282,0.0154,0.0963,0.0017,0.0039,0.0311,0.0227,0.1385,-0.021,-0.0266,0.0102,0.0263,0.0251,0.0063,-0.0025,0.012,0.0266,-0.0012,0.0342,0.0021,0.0238,0.0064,-0.1475,-0.0563,0.0106,-0.0031,0.003,-0.0041,-0.0734,-0.0188
246,5306,108,3,standing,0.0249,-0.3087,0.053,-0.0146,-0.0552,0.05,-0.0151,-0.0001,0.4968,-0.0023,-0.0008,0.0036,-0.0048,0.9068,-0.0157,-0.0363,0.0185,-0.0013,-0.0113,0.0246,0.0255,-0.0054,0.018,0.0686,-0.0272,0.0138,0.0267,0.0744,-0.0132,-0.004,0.024,0.0047,0.0142,-0.0258,-0.0328,-0.0036
247,5307,108,3,standing,0.0128,-0.0092,0.0271,-0.0054,-0.0156,0.0332,-0.0128,-0.0146,-0.168,0.0146,-0.015,0.0106,0.022,-0.0155,0.0234,-0.0451,0.0003,-0.0057,0.0187,-0.0006,0.0098,0.0125,-0.0063,-0.0235,-0.0317,-0.027,0.0115,-0.0522,-0.0446,-0.0443,-0.0264,-0.0157,-0.0017,0.0181,-0.0181,-0.0448
249,5309,108,3,standing,-0.0257,0.0161,0.013,0.0096,0.0034,0.0049,-0.0012,0.0125,0.3931,0.0238,-0.0237,0.0116,0.0167,-0.0736,-0.0165,0.0133,0.0064,0.0028,-0.0102,-0.0244,0.0162,-0.0145,-0.0275,-0.0074,0.0043,-0.0145,0.0032,0.0008,-0.0577,-0.0048,-0.0186,0.0014,0.0109,-0.036,-0.0441,0.0118
250,5310,108,3,standing,-0.0039,-0.4848,0.0156,0.0007,0.0368,0.0062,0.0112,-0.0032,0.5234,0.0053,-0.0015,0.0043,-0.0183,0.8573,0.015,0.0556,-0.0075,-0.0152,-0.0016,-0.0028,-0.0131,0.0221,-0.0068,0.037,0.0017,0.0075,0.0067,0.0256,-0.0837,-0.005,0.0156,-0.0042,0.0281,0.0382,-0.1844,-0.0206
251,5311,108,3,standing,-0.0479,-0.7205,-0.1415,-0.0025,0.0187,0.0481,-0.0176,0.0021,0.5512,0.0061,-0.0009,-0.0003,-0.0041,0.8802,0.0266,0.0306,-0.0323,0.0112,0.0037,0.0117,0.024,0.0286,-0.0424,0.1343,-0.0766,0.0308,0.0095,0.1574,-0.2328,-0.1734,-0.0482,-0.0253,0.0027,0.0367,-0.0367,0.0376
252,5312,108,3,standing,-0.0147,-0.593,-0.0062,-0.0012,0.0563,0.0424,-0.004,0.0037,0.4757,-0.0006,-0.0026,-0.0037,0.0045,0.9696,0.0028,-0.1263,-0.0108,-0.0065,0.0052,-0.0134,0.0034,0.0056,-0.0078,-0.0102,0.0148,-0.0114,0.014,0.0607,-0.1163,-0.0057,0.0157,0.0027,0.0016,0.0282,-0.0824,0.0108
253,5313,108,3,standing,0.0689,-0.2162,-0.0464,0.0082,-0.0328,0.0077,-0.0113,-0.0027,-0.2445,0.001,0.0141,0.0137,0.0159,-0.1627,0.0316,0.0462,0.0116,0.018,0.0019,-0.0045,-0.0053,0.0023,-0.0223,-0.012,0.004,-0.0207,0.013,0.0418,0.0154,-0.0689,-0.0238,0.0116,0.0039,0.0228,-0.0244,-0.0036
254,5314,108,3,standing,-0.029,-0.0722,-0.0014,-0.0061,0.018,-0.0141,-0.0011,0.0032,0.5457,0.002,0.0016,0.0014,0.0031,0.9189,0.0123,-0.0107,-0.0157,0.0104,-0.0132,-0.0008,0.0226,0.0172,0.0186,-0.0163,0.0143,0.0153,0.0085,0.0068,-0.085,-0.0092,0.0268,0.0106,0.0061,0.0007,-0.0044,-0.0071
255,5315,108,3,standing,-0.0493,0.2085,0.0747,-0.02,0.0361,0.0516,-0.0136,-0.0104,0.5338,0.0058,-0.0037,-0.0084,0.004,0.9368,0.0036,0.0652,-0.0072,0.0013,0.018,0.0062,0.0168,0.0302,0.0516,0.0813,0.019,0.0062,0.0023,0.0093,-0.09,0.0689,0.0623,0.0085,0.0123,-0.0118,-0.1075,-0.0096
256,5316,108,3,standing,-0.0167,-0.0334,0.006,-0.0178,-0.0115,0.0045,0.0102,-0.011,0.2836,0.0134,-0.006,0.0158,0.0088,-0.3678,-0.0077,-0.002,0.0258,0.0073,-0.016,-0.0231,-0.0382,0.0053,-0.025,0.0146,0.0151,-0.0173,0.0355,0.0171,0.1577,0.0502,0.0364,0.0024,-0.0133,0.013,0.0323,0.0078
257,5317,108,3,standing,0.1355,-0.0212,-0.0122,-0.0002,0.0126,0.0141,-0.0236,0.0056,0.0937,-0.0038,0.0064,0.0244,0.0105,-0.003,0.0407,0.035,0.0157,0.0173,0.0064,-0.007,0.0321,-0.0049,-0.0121,-0.0075,-0.0302,0.0005,0.0232,0.0163,0.128,0.0254,0.0088,-0.0243,0.0085,0.038,0.0457,-0.0146
258,5318,108,3,standing,0.0582,0.0165,0.0017,-0.0207,0.0078,0.0132,0.0043,0.0061,-0.048,0.0121,-0.0032,0.0078,0.0044,-0.0463,0.0353,0.0204,0.0255,0.0074,0.0046,-0.0112,0.0004,0.0124,0.0172,0.0119,0.0032,0.0016,-0.0058,-0.0238,-0.0257,-0.0234,-0.0206,-0.0251,0.0238,0.0214,-0.0372,0.0058
259,5319,108,3,standing,0.1063,0.0072,-0.0213,0.0031,0.0316,0.0153,-0.0032,0.0012,-0.2712,-0.0076,0.0014,0.0066,-0.0263,-0.1213,0.0031,-0.0025,-0.0087,-0.0035,-0.0082,0.0125,0.0077,0.0085,0.0118,0.0272,0.0093,0.004,-0.0058,0.0035,-0.0572,0.0057,0.0223,0.0145,0.0053,-0.0223,-0.0623,-0.0307
260,5320,108,3,standing,-0.0252,0.0077,0.0082,0.0084,0.0223,0.0157,0.0066,-0.0144,-0.0516,-0.0148,-0.0003,0.0022,-0.0019,-0.0444,0.0102,0.0173,0.0057,-0.0084,0.0032,0.0168,-0.0017,-0.0032,-0.0032,0.0054,0.0007,-0.0175,-0.0086,0.0171,0.0385,-0.015,-0.0101,0.0077,0.0222,0.0166,-0.0643,0.0237
261,5321,108,3,standing,-0.0074,-0.1918,0.0225,0.0053,0.0161,-0.013,0.0153,0.0076,0.5431,-0.0044,0.0028,-0.0063,0.0008,0.9456,-0.0155,0.0079,-0.0034,0.0085,0.0183,-0.0062,0.0141,-0.0142,-0.0057,-0.0036,0.02,-0.008,0.022,0.0154,-0.0575,-0.0145,0.0467,-0.0077,0.02,-0.0354,-0.1136,-0.0318
262,5322,108,3,standing,-0.0242,-0.5977,0.015,0.0137,0.0352,0.0277,-0.0068,-0.0009,0.5664,0.0015,-0.0026,-0.0022,-0.0076,0.9858,0.0177,0.0683,0.0161,-0.0018,-0.0017,-0.0125,0.018,-0.017,-0.0058,-0.042,-0.0164,0.0082,0.0017,0.0484,-0.085,-0.0082,-0.0077,0.0037,0.0052,-0.0173,-0.0171,-0.0014
263,5323,108,3,standing,0.1217,-0.0527,0.0027,0.0054,0.0287,-0.0402,0.0237,-0.0053,-0.1845,0.0072,0.0073,0.0067,-0.0265,-0.2858,0.0442,-0.0383,0.0167,0.0235,-0.0104,0.0172,-0.0223,0.0086,-0.1356,0.0154,-0.0216,-0.0347,-0.0136,-0.0005,0.0275,0.033,-0.0443,0.0088,-0.0066,0.0332,0.0254,-0.0317
264,5324,108,3,standing,-0.0279,0.213,-0.0036,0.0109,-0.0371,-0.0083,0.0019,0.0044,0.5169,0.0047,0.0024,-0.0032,-0.0157,0.9604,-0.0174,0.1092,-0.0227,0.0171,-0.0155,-0.0127,0.0134,0.0158,0.0238,-0.0032,0.0042,0.0046,0.0227,0.0261,-0.0371,-0.0146,0.0064,0.0049,0.0035,-0.0357,-0.0343,-0.0186
266,5326,108,3,standing,0.0159,0.1844,-0.0157,-0.0111,0.0076,0.0055,-0.0151,-0.0103,-0.1902,-0.0035,-0.0038,0.0006,0.0211,-0.2347,-0.0264,-0.0226,-0.0026,-0.015,0.0211,0.0258,0.0283,0.0127,0.0135,-0.0141,0.0228,0.0317,-0.0084,0.0422,0.0282,0.0173,0.0191,0.022,0.0018,-0.0242,0.0148,0.0076
269,5329,108,3,standing,-0.0267,0.0457,0.0165,0.0036,0.0402,0.027,-0.0058,-0.0055,0.5345,-0.0036,-0.0053,-0.011,0.0125,0.9285,-0.006,0.0005,-0.0146,-0.0001,-0.0006,0.0067,0.0061,0.0224,-0.0143,0.0445,0.0314,0.0151,0.0062,0.0233,-0.0905,-0.0034,0.0107,0.0005,0.0063,0.0098,-0.0747,-0.0247
270,5330,108,3,standing,-0.0749,0.1905,-0.0049,-0.0232,0.0131,0.0046,-0.006,-0.0007,0.5466,-0.0014,-0.0027,0.0035,-0.0156,0.88,0.0109,0.0086,-0.0153,-0.0022,0.0034,-0.0156,0.0034,-0.0002,0.0237,0.0242,-0.0375,0.0014,0.006,-0.0181,-0.0817,0.0039,0.0123,0.0067,0.0013,-0.0141,-0.0176,-0.0122
271,5331,108,3,standing,0.0,0.0234,0.0054,0.0076,-0.0034,-0.0084,0.0127,-0.0153,-0.1132,0.0137,-0.0118,-0.0024,0.0017,0.0742,-0.0094,-0.0073,0.026,0.017,-0.0261,0.0088,0.0148,-0.0147,-0.0115,0.0186,-0.0092,0.0213,-0.0227,-0.0389,-0.0319,-0.0144,0.0206,-0.0066,0.0173,-0.0222,0.0216,-0.0038
273,5333,108,3,standing,-0.0047,-0.4922,0.0107,0.0279,0.0142,0.0184,-0.0048,-0.0024,0.5164,0.0023,-0.0006,0.0005,-0.0013,0.9674,0.0022,0.0646,-0.0035,0.0044,-0.0233,-0.0032,-0.0125,0.0202,0.0156,0.0551,0.0338,0.0115,-0.0175,-0.1,-0.1585,-0.0537,-0.0176,-0.0066,0.0142,-0.0212,-0.0252,-0.018
274,5334,108,3,standing,-0.0247,0.5489,0.0223,0.0032,0.0009,-0.0201,-0.0052,-0.0009,0.5087,-0.0001,-0.0002,-0.0009,-0.0121,0.9115,-0.0082,0.1151,0.0234,-0.0116,0.0058,0.0155,-0.001,0.0134,0.008,0.0213,-0.0024,0.0005,0.0002,0.0074,-0.024,-0.0343,0.022,0.007,0.0121,0.0064,-0.0348,-0.0082
275,5335,108,3,standing,-0.004,-0.0475,-0.0289,0.0057,-0.0225,0.0152,-0.0037,-0.0025,-0.2513,0.0134,-0.0026,-0.0007,0.0154,-0.1528,-0.0215,0.067,0.0189,-0.0204,-0.0151,-0.0146,0.0214,0.0087,0.0287,-0.0152,0.0334,-0.0017,-0.0035,-0.012,-0.0832,0.0128,0.0131,0.0126,0.0005,-0.0073,0.015,-0.0342
276,5336,108,3,standing,-0.0154,1.4357,-0.0083,0.004,-0.017,-0.0201,0.0172,-0.0113,-0.0203,0.0146,0.0056,-0.0024,0.0022,0.0545,-0.0054,0.0168,-0.007,-0.0021,-0.0111,0.0034,0.0225,-0.0123,0.0232,-0.0128,-0.0109,-0.0106,0.0035,0.0115,-0.0275,0.0216,-0.0026,0.0065,0.0177,0.014,0.0228,0.0023
278,5338,108,3,standing,-0.0332,-0.2128,-0.0088,0.0146,0.0003,-0.0034,-0.0066,0.0042,0.0828,0.0033,0.0027,-0.0036,-0.0022,-0.0129,-0.0225,0.0184,-0.011,0.0027,-0.007,-0.0266,0.0041,0.0014,-0.0207,-0.024,0.0223,0.014,0.0166,-0.0386,-0.1389,0.0021,0.0069,0.0141,0.0048,0.0331,-0.0186,0.0078
279,5339,108,3,standing,0.0226,-0.0083,-0.0264,-0.0058,0.0172,-0.0059,0.0027,0.0103,-0.075,0.0029,0.0088,0.0231,-0.0204,-0.0025,0.0671,0.0177,-0.0012,0.0184,0.0276,-0.0268,-0.0351,0.022,0.0258,-0.0317,0.0115,0.0114,-0.0087,-0.007,0.0342,-0.0108,-0.0001,-0.0035,0.0046,-0.0058,0.0273,0.0004
280,5340,108,3,standing,-0.009,0.7039,-0.0068,-0.0187,-0.0258,0.0042,-0.0021,-0.0011,0.5096,0.0023,-0.0027,-0.0015,-0.0,0.9814,-0.0008,-0.1562,0.0011,-0.0117,0.0271,0.006,0.0074,-0.0026,-0.0055,0.0008,0.0123,-0.0032,0.0041,0.0048,-0.0198,0.0102,0.0315,-0.0117,0.0135,0.0129,-0.0244,-0.0254
282,5342,108,3,standing,-0.0491,0.3687,-0.0077,-0.0343,0.0284,0.0139,-0.0089,-0.0028,0.5437,-0.0024,0.0058,-0.0017,-0.0023,0.9122,-0.0153,0.0716,0.0244,-0.0131,-0.0086,-0.0017,0.005,0.0061,0.0309,0.0451,0.0092,-0.004,0.0023,0.0387,-0.0362,-0.0253,0.0198,0.0105,0.0127,-0.0246,-0.0195,0.0145
283,5343,108,3,standing,-0.119,0.5725,0.1232,-0.0449,0.1857,-0.2671,-0.01,-0.001,0.3315,-0.0033,-0.0015,-0.0068,-0.0072,0.9893,0.006,-0.1812,0.0012,-0.0332,-0.0375,-0.0356,0.0096,-0.0162,-0.0528,0.0659,0.0828,0.0,-0.0148,-0.0549,-0.1425,-0.038,0.0099,0.0068,0.0062,0.0452,-0.0409,-0.014
284,5344,108,3,standing,-0.0262,1.5962,0.0247,-0.0164,0.0583,-0.0114,-0.0112,-0.012,0.5406,-0.0207,0.0116,0.0028,0.0217,1.0706,-0.0172,0.0375,-0.0018,-0.0177,0.0506,-0.0306,0.034,0.0048,0.0092,-0.0104,-0.0056,0.026,0.0382,0.0258,-0.1333,0.0154,0.0168,0.0327,-0.0044,-0.0356,0.0087,0.0038
286,5346,108,3,standing,-0.0098,0.671,-0.0162,0.0072,-0.015,0.0132,-0.0043,-0.0009,0.5044,0.0015,0.0002,-0.0021,-0.0064,0.953,-0.0004,0.0183,0.0,-0.0083,-0.0133,0.0005,0.0016,-0.002,0.0233,-0.0224,0.0025,0.002,0.0006,0.0036,-0.1334,-0.0023,-0.0026,0.0104,0.0006,-0.006,-0.0008,0.0176
287,5347,108,3,standing,0.054,0.0715,0.0166,-0.002,0.0148,0.0045,-0.0108,-0.0057,-0.1326,-0.0075,0.0014,-0.0124,-0.0137,-0.2614,-0.0188,0.0265,-0.0258,-0.0128,-0.013,0.001,0.0065,-0.0061,0.0035,-0.04,-0.01,-0.0038,0.005,0.0168,-0.0427,-0.0457,-0.0352,0.0115,-0.0004,0.0047,0.0063,0.0073
288,5348,108,3,standing,-0.0137,0.1679,-0.0057,0.0177,0.0104,-0.0047,-0.0027,-0.003,0.5057,-0.0015,-0.0001,-0.0032,0.0071,0.9346,0.0136,0.0273,0.0046,0.0135,0.0041,-0.002,0.0033,0.0056,0.0038,0.0017,0.0081,0.0025,0.003,0.0063,-0.162,0.0246,0.017,0.0027,0.0172,0.0115,-0.0301,-0.0085
290,5350,108,3,standing,-0.0172,0.0794,0.0,0.0162,0.0036,0.016,-0.0005,0.0022,0.5575,-0.002,-0.0005,-0.0072,0.0066,0.9975,-0.0075,0.0174,0.0033,0.003,0.0017,-0.0014,0.0083,-0.0103,-0.0241,-0.0447,0.0163,0.0018,-0.0008,0.0112,-0.1005,-0.0483,0.0083,-0.0164,0.0051,-0.0088,-0.0223,-0.0047
291,5351,108,3,standing,-0.0467,0.156,0.045,-0.0087,0.0525,0.0283,0.0103,0.0027,-0.1886,0.0068,-0.0064,0.0102,-0.0033,0.0047,-0.0655,0.0645,0.0094,0.0108,-0.0335,-0.0335,0.0044,0.0222,0.0341,0.0363,0.0314,0.0022,0.0142,-0.0247,0.0685,0.0431,-0.0048,-0.0385,-0.0053,0.0041,-0.0047,0.0352
292,5352,108,3,standing,0.0367,-0.1362,-0.0183,0.0444,-0.0195,0.009,0.0019,0.0245,0.0347,-0.005,-0.0013,0.0144,0.0235,-0.0503,0.0514,0.0271,0.0034,-0.0166,-0.0029,0.0063,0.0178,0.0153,-0.0022,0.017,0.0446,0.0256,0.0104,0.0356,-0.142,0.0109,0.0095,0.0178,-0.0083,-0.0369,-0.0013,-0.0092
293,5353,108,3,standing,0.0794,-1.2707,0.0244,0.004,0.0472,-0.0225,-0.0024,-0.0018,0.5397,-0.0045,0.0021,0.0013,0.0141,0.9993,0.0182,0.0417,0.0308,0.0174,-0.0116,-0.0055,0.015,0.0073,0.006,0.0431,0.0451,0.0035,0.0135,0.0261,-0.088,0.0478,0.0682,0.0134,-0.0231,0.0132,-0.057,-0.033
294,5354,108,3,standing,0.0729,-0.3076,0.1116,-0.0035,0.0119,0.0218,0.0077,0.0063,0.5014,-0.0048,0.0023,-0.004,0.0145,0.9362,0.0375,0.0204,0.0233,-0.0002,-0.0128,0.0143,0.0231,-0.005,-0.0772,0.0326,-0.013,-0.0012,0.0178,-0.1016,-0.146,-0.0338,0.075,-0.0204,0.03,-0.0133,-0.0244,0.0073
295,5355,108,3,standing,0.0004,-0.0223,-0.0116,0.0004,-0.0022,-0.0043,0.014,0.0044,-0.233,-0.0046,-0.0085,-0.0041,-0.0122,-0.2065,-0.0089,-0.0156,-0.0058,-0.0286,-0.0204,-0.0032,0.01,-0.0007,-0.0257,0.027,-0.0134,0.0154,-0.0022,-0.0184,0.1706,-0.0406,-0.0015,-0.0141,0.0088,0.0086,-0.0032,-0.0081
296,5356,108,3,standing,-0.0245,0.7598,0.0158,-0.037,0.0153,0.0518,-0.0079,-0.0063,0.5479,-0.0013,-0.0026,-0.0006,0.006,0.9828,-0.0017,-0.1132,0.0026,0.0009,0.008,0.0018,0.011,0.007,0.0353,-0.0876,0.021,0.001,-0.0255,-0.0324,-0.1684,-0.0507,0.007,0.0165,0.0012,-0.0082,-0.064,-0.0272
297,5357,108,3,standing,0.0027,-0.0051,-0.0087,0.0038,-0.0058,-0.0015,0.0067,-0.0083,-0.082,-0.0255,0.0075,-0.0146,-0.0121,0.0431,-0.1237,-0.0419,0.0126,0.0109,0.0058,0.0288,-0.0164,0.0045,-0.0215,0.0081,0.0042,-0.0002,-0.0234,-0.0081,0.0121,0.028,-0.0053,0.0176,0.0147,-0.0104,0.0063,0.0157
298,5358,108,3,standing,-0.0792,-0.0341,0.0215,0.0084,0.0464,-0.0173,-0.002,-0.0053,0.5094,-0.0048,-0.0014,0.0144,-0.0073,0.9776,0.008,0.0012,-0.0232,0.0168,0.0233,-0.0244,0.0244,0.001,-0.0018,0.0071,0.0341,0.0115,0.0123,0.0008,-0.1433,0.0123,0.0028,0.0016,0.0001,-0.0327,-0.1623,-0.0257
299,5359,108,3,standing,0.2306,-0.0738,-0.0263,0.03,0.0027,-0.014,-0.0062,0.0016,0.0706,-0.0165,0.0032,0.0145,-0.0264,-0.0151,0.0367,-0.033,-0.0382,-0.0082,-0.0105,0.0137,-0.0051,-0.0017,-0.0487,0.0387,0.0119,0.0009,-0.0033,-0.0238,-0.02,0.034,-0.0161,0.0096,0.002,0.0022,-0.0363,-0.0079
300,5360,108,3,standing,0.035,0.0434,-0.01,-0.013,0.0118,0.0114,0.0185,0.0136,0.1232,0.0326,-0.0212,-0.0028,0.0068,-0.0488,0.0064,-0.0386,-0.0251,-0.0385,-0.0428,0.0046,-0.0186,-0.0173,0.0332,-0.176,-0.0915,0.025,-0.0358,-0.0046,-0.0562,0.0097,0.0326,0.0128,0.0004,-0.01,0.0129,0.021
302,5362,108,3,standing,-0.0407,-0.2029,0.0079,-0.0137,-0.0024,0.0185,-0.0021,0.0007,0.5364,0.003,-0.0026,0.0027,0.0006,0.9399,0.0113,-0.0717,0.0002,-0.0115,0.0153,-0.0043,0.0101,-0.0031,-0.0062,-0.0113,0.0071,-0.0151,-0.0116,-0.0372,-0.1719,0.0008,0.0576,-0.0045,-0.0058,-0.0371,-0.0514,-0.0231
303,5363,108,3,standing,-0.0208,0.0172,-0.0277,0.0078,0.0405,0.0078,-0.0019,0.0086,-0.2304,-0.0038,0.0215,0.0026,0.0236,-0.1376,-0.0173,-0.0343,0.026,-0.025,-0.0309,-0.0137,0.022,-0.0185,0.0328,0.0254,0.0373,-0.0226,0.0177,0.0086,0.0506,0.015,0.0024,0.0166,0.0054,-0.0176,0.0717,0.0078
305,5365,108,3,standing,-0.0195,1.1457,-0.0057,0.0078,-0.0067,-0.0181,0.0064,-0.0067,0.5233,-0.0053,0.0004,0.0007,0.0043,0.9131,-0.0188,-0.0248,0.0124,-0.0006,0.0171,0.0071,0.0158,0.0161,0.0158,0.0235,0.0172,0.0023,0.0075,-0.0376,-0.0767,0.007,0.0078,0.0004,0.0009,-0.0014,-0.006,-0.0143
307,5367,108,3,standing,-0.0152,-0.0188,-0.0138,0.0043,-0.0029,0.0002,0.0075,0.0043,0.2563,-0.0021,-0.0012,-0.0101,-0.0116,-0.464,-0.0157,-0.014,-0.0132,-0.0025,-0.0168,-0.0045,-0.0044,0.0108,0.0234,0.0056,0.0254,-0.0011,-0.0232,0.0242,-0.0428,0.0215,0.0158,0.0133,-0.0112,0.0208,-0.02,0.0022
309,5369,108,3,standing,0.0077,0.2584,0.002,-0.0206,-0.0027,-0.0123,-0.0007,-0.0003,0.5214,-0.0001,0.0034,-0.0011,-0.0106,0.9124,-0.0006,0.0789,0.0066,0.001,0.0016,0.001,0.0047,0.015,-0.0257,0.01,0.0368,0.0068,0.0177,0.0341,-0.1124,0.0141,0.0235,0.0072,0.0128,0.0054,-0.1347,-0.0125
310,5370,108,3,standing,0.0125,0.0258,0.0068,-0.026,0.0202,0.015,-0.0017,0.0163,0.034,0.0105,0.0101,-0.0128,0.0149,0.056,-0.0262,-0.0205,-0.0218,-0.0056,0.0017,-0.0242,0.0058,0.0103,0.0346,-0.0306,-0.0212,-0.0054,-0.0143,0.001,0.0284,-0.0157,0.0026,0.0161,0.0143,0.0354,-0.0264,0.013
311,5371,108,3,standing,-0.0064,-0.1297,0.0103,-0.0088,0.0103,0.0035,-0.0016,-0.0047,0.5164,-0.0041,-0.0005,-0.0015,0.002,0.8807,0.0032,0.0061,0.0146,-0.0034,-0.0048,-0.0142,-0.0023,-0.0031,-0.0288,-0.0322,-0.0034,0.0067,0.0153,0.0405,-0.1588,0.0088,-0.0133,-0.0025,-0.0002,0.022,-0.0407,-0.0067
312,5372,108,3,standing,-0.0491,1.6962,-0.0742,0.0301,0.0323,0.0312,-0.0216,-0.0045,0.5428,0.0015,-0.0021,0.0022,0.0046,0.9141,0.0128,0.0445,0.0168,-0.0089,0.0348,0.0022,0.0051,-0.0025,-0.0382,0.0315,-0.0456,-0.0025,0.0022,0.0421,-0.1155,-0.0305,0.037,0.0177,-0.0113,-0.0301,-0.0718,-0.0406
313,5373,108,3,standing,0.1327,-0.2647,-0.0217,0.026,0.0077,0.0304,-0.0376,0.0025,0.2824,-0.0205,0.0018,-0.0085,0.0113,0.084,0.0174,0.0208,0.0166,0.0323,-0.0141,-0.0078,0.0256,-0.0058,0.0478,0.005,-0.0333,0.0348,0.0282,-0.0054,-0.0326,-0.02,-0.0302,-0.004,0.0056,-0.0111,0.0061,0.0208
314,5374,108,3,standing,0.007,-1.0967,0.0373,-0.0005,0.005,0.024,-0.0017,0.0013,0.5333,0.0012,0.0,-0.0014,-0.0053,0.9124,0.0034,0.0157,-0.0016,-0.0036,-0.0062,0.0047,-0.0052,0.0166,-0.0031,0.0107,0.0164,-0.0023,0.0116,0.0096,-0.0787,-0.0151,0.0133,0.0012,0.0009,0.0164,-0.058,-0.0015
315,5375,108,3,standing,0.0061,-0.0476,-0.0211,-0.0076,0.0117,-0.0073,0.0163,0.0146,0.0342,0.0109,0.0017,-0.011,0.014,0.0432,0.0116,-0.0212,-0.0113,0.012,-0.0187,-0.013,-0.0202,-0.0167,0.0038,0.026,-0.0054,0.0048,0.0144,0.0133,0.0138,-0.0311,0.0033,0.0216,0.0003,-0.0285,-0.0326,-0.0127
316,5376,108,3,standing,-0.0465,-1.5147,0.1309,0.057,-0.1881,-0.0506,0.0482,0.0201,0.5683,-0.004,0.0058,0.014,0.0228,0.9442,0.0104,-0.0006,-0.0117,-0.0102,0.0198,0.0071,0.0044,0.0048,-0.0268,-0.1096,0.0119,0.0248,0.0094,0.1306,-0.0208,-0.0807,0.038,0.0416,0.0038,0.0115,-0.0176,0.0131
318,5378,108,3,standing,-0.0141,1.9831,-0.015,0.0054,0.0521,0.0082,-0.008,-0.0011,0.5163,0.0026,-0.0007,0.0021,0.0035,0.8667,-0.0087,0.0526,0.0242,0.0085,0.0206,-0.0155,0.0133,0.013,-0.0017,-0.0038,-0.0013,0.0034,0.0118,0.0355,-0.1816,0.0308,0.0025,0.0066,0.0103,0.0098,-0.1006,0.0212
319,5379,108,3,standing,-0.0047,-0.2204,0.004,-0.0005,-0.0052,0.0151,-0.006,0.0,0.543,-0.0001,-0.0011,0.0006,0.004,0.9956,0.0004,0.0105,-0.0052,0.0034,0.0153,0.0018,0.0086,0.0181,-0.0241,0.0085,0.0103,0.0008,-0.016,0.0203,-0.0304,-0.0366,0.0088,0.012,0.0027,-0.0036,-0.0406,-0.0075
320,5380,108,3,standing,-0.0726,1.4954,0.0621,0.0278,0.0223,-0.0206,0.0026,-0.0033,0.5477,-0.0035,0.0007,0.0003,0.0048,0.9635,-0.0081,0.1787,-0.024,0.0224,0.0426,0.0062,0.0026,0.0034,0.0305,0.0138,-0.013,0.013,0.0041,0.0067,-0.1811,-0.0166,0.0308,0.0065,0.0187,0.0236,-0.0485,-0.0124
321,5381,108,3,standing,-0.0429,-0.0858,0.0208,0.0017,0.0121,-0.0215,-0.0113,0.0032,0.5398,-0.0009,-0.0024,0.0014,-0.0019,0.9805,-0.0042,0.0148,0.0088,0.0028,0.005,-0.0031,0.0152,0.0112,0.0288,-0.0058,0.0188,0.0042,0.0058,-0.0117,-0.0827,-0.0057,0.0216,0.0113,0.0064,-0.0281,-0.0434,0.0088
322,5382,108,3,standing,0.0472,-1.2983,0.0019,-0.0146,-0.0364,0.0236,0.001,0.002,0.5351,0.0009,0.0032,-0.0046,0.0071,0.9582,-0.0152,0.034,0.0074,0.0228,0.038,-0.0204,0.0376,-0.0098,0.0472,0.0807,-0.053,0.0028,0.003,-0.1011,-0.1817,-0.0578,0.0559,0.0032,0.0045,-0.0275,-0.0045,0.0107
323,5383,108,3,standing,-0.0636,-0.0875,0.0108,0.0157,-0.0253,-0.0252,-0.0018,-0.0034,-0.1876,-0.0377,0.0005,-0.0102,0.0078,-0.2434,0.0445,0.0068,0.0271,-0.0009,-0.0105,-0.0216,0.0054,-0.0073,0.0525,0.0032,0.0274,-0.0043,-0.0154,0.0437,-0.1653,-0.0871,0.0154,0.0203,0.0103,0.0156,0.033,-0.0049
324,5384,108,3,standing,0.0108,-0.0438,-0.0054,-0.0036,0.0064,0.0077,-0.0047,-0.0144,-0.0048,-0.0007,0.0041,-0.0105,-0.023,-0.0345,-0.0204,0.0241,-0.0023,0.0047,0.0127,0.0116,-0.0058,0.0065,-0.0007,0.0203,0.0243,0.0037,0.0136,0.0237,-0.0368,-0.0033,0.0019,0.0025,0.0038,-0.0026,0.0303,0.0051
326,5386,108,3,standing,0.0974,-0.2503,0.0517,0.007,-0.0683,0.0035,-0.0068,-0.0033,0.4879,0.0042,-0.004,-0.0051,0.0123,0.9477,0.0043,0.0707,-0.0131,-0.0046,-0.0166,-0.0148,0.0089,-0.0125,0.0472,-0.1303,0.0186,0.0202,0.0376,0.0716,-0.1764,-0.0469,-0.0478,-0.0009,0.0223,0.0093,-0.0258,-0.0061
327,5387,108,3,standing,-0.0392,0.4488,-0.0008,0.0322,-0.0604,-0.0188,-0.0076,-0.004,0.5576,-0.0036,-0.0042,0.0032,0.0116,0.9683,-0.007,0.0106,0.0113,0.0185,0.0352,-0.0047,0.0,0.0067,0.0024,0.0225,0.0127,0.0137,-0.0051,-0.0331,-0.115,-0.035,0.0092,0.0004,0.0048,-0.0136,-0.0066,-0.0282
328,5388,108,3,standing,-0.0019,-1.7844,0.0165,0.0328,-0.0183,0.0016,-0.0103,-0.001,0.5196,-0.0008,0.0012,0.0043,-0.0053,0.9343,-0.0006,0.0271,-0.012,0.0087,-0.0015,0.0067,-0.0007,0.0128,0.0204,-0.0166,-0.0231,-0.0043,0.0067,-0.0173,-0.1004,-0.0248,0.0133,0.0034,0.0054,0.0155,-0.0775,-0.0073
329,5389,108,3,standing,0.0042,-0.0227,-0.0261,-0.0126,0.0014,-0.0281,0.0108,0.0236,0.0508,0.0088,-0.0086,0.0048,-0.0026,-0.0673,-0.0079,0.0569,0.004,-0.0043,0.0002,-0.0057,0.0105,-0.0076,-0.0116,-0.0116,-0.0232,-0.0275,0.0225,-0.0425,-0.1087,-0.0454,0.0156,0.0087,0.0085,0.021,-0.0492,0.0254
330,5390,108,3,standing,-0.0174,-0.1701,0.0012,0.0244,0.0002,0.0087,-0.0054,-0.0027,0.5188,0.0001,-0.0002,0.001,-0.0128,0.9736,-0.0118,0.0632,-0.0015,0.0056,-0.0116,0.0018,0.0208,0.01,0.0174,0.0189,0.0054,0.0062,-0.0114,-0.0671,-0.1754,-0.0264,0.0474,-0.0001,0.0146,0.0036,-0.0716,-0.0145
331,5391,108,3,standing,-0.0077,0.204,-0.0443,0.0148,-0.0099,-0.0213,-0.0145,-0.0125,0.5256,-0.0128,-0.0002,-0.0067,0.0093,-0.8861,0.012,0.0583,0.0053,-0.0262,-0.011,-0.0254,0.0049,0.0018,0.0218,-0.0735,-0.036,-0.0185,0.0077,0.0056,-0.0617,0.008,0.0125,0.004,0.004,0.0132,0.0035,0.0114
333,5393,108,3,standing,-0.0077,-0.4799,0.0016,0.0015,0.0052,0.0306,-0.0062,-0.001,0.4856,-0.0044,-0.0023,0.0026,0.0117,0.9797,-0.0128,0.0017,-0.0053,-0.0011,0.0144,0.0112,-0.0038,0.0184,0.0008,-0.0457,-0.0072,0.0075,0.0065,-0.0049,-0.0678,-0.033,0.0135,0.0072,0.0148,-0.0025,-0.0442,-0.0007
334,5394,108,3,standing,-0.047,0.3445,-0.0645,-0.001,-0.0653,-0.0584,-0.0081,0.0053,0.5255,-0.005,0.0002,0.0001,-0.0032,0.9969,-0.0051,0.0244,0.0116,0.01,0.0027,-0.0111,0.0027,0.0066,-0.0452,-0.1245,0.0423,-0.0053,0.0038,0.0144,-0.0624,-0.0082,0.0284,-0.0033,0.0031,0.0078,-0.0236,0.0256
335,5395,108,3,standing,0.0437,-0.104,-0.06,0.0588,0.0371,0.0684,-0.0175,-0.0007,0.5323,-0.01,-0.0045,0.0014,0.0111,0.9745,0.0251,0.0745,0.0217,0.0082,0.0254,-0.0226,0.0014,0.0312,0.0209,0.0009,-0.0325,0.0162,0.0268,0.0603,-0.1183,-0.0364,0.0042,0.005,0.0076,-0.002,-0.0343,-0.0154
336,5396,108,3,standing,-0.0142,0.1647,0.0074,-0.0124,-0.0121,0.0009,-0.0124,-0.0044,0.5134,0.004,-0.0046,-0.0026,-0.0009,0.8117,-0.0053,-0.0834,0.0124,-0.0122,-0.005,0.0112,0.0085,0.008,-0.0097,0.0328,0.007,0.0061,0.0114,0.0095,-0.0554,-0.009,0.0178,0.0105,0.005,-0.0115,0.02,-0.0074
337,5397,108,3,standing,-0.0123,-0.0444,0.0216,0.0014,0.0003,0.0018,-0.014,0.0263,-0.0265,-0.0034,-0.0045,0.0247,-0.0111,-0.021,0.0144,0.0348,0.0157,-0.016,-0.0085,-0.0231,0.0078,0.0253,-0.02,-0.0202,0.001,-0.0009,0.0058,-0.002,0.0115,-0.0133,0.0127,0.0038,-0.0113,0.0005,-0.0044,0.0011
338,5398,108,3,standing,-0.014,0.734,-0.0053,0.0033,-0.0102,-0.0118,0.0045,0.0018,0.4773,-0.0006,0.0018,0.0025,0.0001,0.98,0.0018,0.0005,0.0105,0.0021,-0.0014,0.0136,0.0004,0.0086,-0.0242,-0.0166,0.016,0.0123,0.0067,0.0178,-0.1074,-0.0015,0.0248,0.0073,0.0057,-0.0135,-0.0151,0.0037
339,5399,108,3,standing,0.0008,0.0151,-0.0042,-0.0009,-0.0145,-0.0005,-0.008,-0.0118,-0.2351,-0.0125,-0.0055,0.0037,-0.012,0.1809,-0.0061,-0.0128,0.0108,-0.0032,-0.0022,0.0186,-0.0172,0.0007,0.0113,0.0068,0.0039,0.0022,0.0055,0.0104,0.0284,0.0163,0.0007,-0.0009,-0.0164,0.0284,-0.0465,-0.0121
340,5400,108,3,standing,-0.0957,0.42,-0.0443,0.0262,0.0603,-0.0085,-0.0034,0.0022,0.5119,0.0014,-0.0023,-0.0009,-0.0071,0.9137,-0.006,0.17,-0.0158,-0.0143,0.0273,-0.0207,0.0335,0.0102,0.0009,0.0048,0.0163,0.0033,0.0156,-0.0122,-0.0762,-0.0058,-0.0215,0.0044,0.0231,0.0052,-0.0136,0.0235
343,5403,108,3,standing,-0.0065,0.0445,0.0143,-0.0023,0.0086,-0.0156,0.0103,-0.01,-0.0454,0.0047,0.0062,-0.0074,-0.0268,-0.0881,-0.0376,-0.0134,0.026,-0.0044,-0.0123,0.0106,-0.0107,0.0143,-0.0273,0.0098,0.0033,0.0032,0.0064,0.0131,0.0641,0.0049,-0.0019,0.0102,0.0078,0.0116,-0.0243,-0.0004
344,5404,108,3,standing,-0.007,1.3236,0.0366,-0.037,-0.0226,0.0278,-0.0378,-0.0093,0.2485,0.0266,-0.0084,0.0248,0.0321,0.0846,0.0426,-0.0223,-0.0069,0.0165,0.0288,-0.0272,-0.0052,0.012,0.0205,-0.0378,-0.047,0.0078,-0.0278,-0.0102,0.0231,-0.0554,0.0167,0.0312,0.0069,0.0035,-0.0045,0.0037
345,5405,108,3,standing,-0.0068,-0.0183,0.0073,0.0018,0.0075,0.0032,0.0074,-0.0068,0.1702,0.0216,-0.0001,-0.0005,0.0083,0.0167,0.0077,-0.0271,0.0326,0.0116,-0.0138,0.0133,-0.0087,-0.018,-0.0062,0.0238,0.0117,-0.0022,0.0274,-0.03,-0.1658,-0.0057,0.0103,0.0148,-0.0106,0.025,-0.0053,0.0105
350,5410,108,3,standing,-0.0971,-0.7415,-0.1233,0.0561,0.0104,0.074,0.023,0.008,0.4191,-0.0045,0.0015,0.004,0.006,0.8759,0.0383,0.1837,0.0205,0.0231,0.0287,0.0304,0.0442,0.0386,-0.0248,-0.009,0.0775,0.0262,-0.0171,0.0113,-0.017,-0.0125,0.0408,0.0075,0.0007,0.0516,-0.0209,0.0328
353,5413,108,3,standing,-0.0442,0.0238,-0.0032,0.0108,0.0056,-0.0008,-0.0077,-0.0027,-0.0885,-0.0071,0.0124,0.0137,0.0027,0.0363,0.0075,-0.0325,-0.0214,0.0138,0.0257,0.0021,0.0118,0.0066,-0.0156,-0.0054,0.0257,0.0221,0.0146,0.0243,0.1553,-0.0104,-0.0052,0.0263,-0.0062,0.0235,0.0282,0.0164
354,5414,108,3,standing,-0.0974,0.4056,0.0177,-0.0184,0.0005,-0.0404,-0.0158,0.0026,0.5278,0.0066,-0.001,0.0061,-0.0141,1.1206,0.037,0.0466,0.0055,-0.0009,-0.0141,0.0136,-0.0025,0.0012,0.0236,0.008,0.015,0.0056,0.0005,0.0514,-0.1318,0.0277,-0.0044,0.0034,0.0006,0.0062,-0.0573,-0.003
355,5415,108,3,standing,-0.1467,0.084,-0.0341,-0.0117,-0.0719,-0.026,-0.0247,-0.0265,0.1784,0.0129,-0.0017,-0.0201,-0.0388,-0.2508,-0.0067,-0.0089,-0.0054,0.0384,-0.0224,0.0153,-0.0403,-0.006,0.0412,-0.0319,-0.033,0.0171,0.0206,-0.0289,-0.0262,-0.0069,-0.0154,0.005,-0.027,0.0284,-0.1555,0.0114
356,5416,108,3,standing,-0.0174,0.2529,0.0049,-0.0036,0.025,-0.0027,-0.0031,0.0031,0.502,-0.0035,-0.0044,-0.0032,-0.0116,0.9636,0.0134,0.0087,-0.0023,-0.0036,-0.0017,0.0031,-0.0074,-0.0033,0.0124,0.0018,0.0071,0.0007,0.01,0.0133,-0.0057,0.0245,0.0107,0.0126,-0.0126,-0.0137,-0.0558,-0.0037
357,5417,108,3,standing,0.0039,-0.1614,-0.0055,0.0123,-0.0243,0.0248,0.0037,-0.0025,0.5487,-0.0033,0.0015,-0.0027,-0.0035,0.851,-0.0011,-0.0012,-0.0144,-0.003,-0.0188,0.0165,-0.0062,0.0049,-0.0167,0.0066,0.0077,0.0013,0.0012,0.001,-0.0768,-0.0034,0.0019,0.0075,0.0104,0.0145,-0.0337,-0.0006
358,5418,108,3,standing,-0.0405,0.0731,0.0014,-0.001,0.0236,-0.0215,0.0072,-0.0003,0.439,-0.0028,0.0016,0.0065,0.0186,-0.115,-0.0058,0.053,-0.0243,0.0241,0.0086,0.0042,0.0024,-0.003,-0.027,-0.0055,-0.0252,-0.0103,-0.0138,-0.0057,-0.0096,-0.0166,-0.0157,-0.0112,-0.0067,-0.0306,-0.0678,0.0473
359,5419,108,3,standing,0.0227,-0.0562,0.0032,0.008,-0.0086,-0.0151,-0.01,0.0071,0.0237,-0.0103,0.0007,-0.0001,0.0052,-0.0738,-0.0122,0.0106,0.0042,0.0015,-0.0087,0.0066,0.0138,0.0034,0.0241,-0.0148,-0.007,-0.01,0.0204,-0.0003,-0.0274,-0.0131,-0.0145,-0.0041,0.0057,0.0018,0.0151,-0.0217
360,5420,108,3,standing,-0.0027,0.1328,0.0067,0.0008,0.0044,0.011,-0.0054,-0.0017,-0.1311,-0.0032,0.0206,0.0166,0.0156,-0.0449,0.0075,-0.0468,0.023,-0.0113,0.0143,0.01,0.0141,-0.0023,-0.0145,-0.003,-0.0071,0.003,-0.0034,-0.0147,0.0263,-0.0014,0.0016,-0.0124,0.0151,0.0434,0.0551,0.0131
361,5421,108,4,walking,2.1791,-0.2048,0.1285,0.0468,1.4021,-0.1854,-0.0369,0.0207,0.3205,0.0602,0.036,-1.2483,-0.0241,0.1148,1.1298,0.3573,0.5473,-0.1104,0.1662,0.0105,0.0095,0.002,0.355,-0.2016,0.0266,0.0161,0.022,-0.3532,-0.2311,0.0207,-0.0305,0.065,0.0266,0.0804,-0.0807,0.1483
362,5422,108,4,walking,0.2118,0.3487,0.0688,-0.1264,0.153,-0.2402,0.1063,0.0357,-0.1464,-0.1133,0.0223,0.0077,0.1328,0.2881,0.1008,-0.0653,0.0024,0.1035,-0.0169,-0.0474,-0.02,0.0452,0.0058,0.0252,0.1365,-0.0457,-0.0062,-0.0857,0.1056,0.0483,0.0094,0.0486,0.008,-0.071,-0.0747,0.0533
363,5423,108,4,walking,-1.2781,-0.0644,-0.1148,-0.0202,-0.0744,0.1517,0.0347,0.0344,0.2081,-0.0134,-0.0008,0.0035,-0.034,0.0007,0.1964,-0.0235,0.1338,-0.0157,0.0515,-0.0413,0.0234,0.0234,0.0456,-0.0335,-0.0046,0.0097,0.0016,0.0187,0.0578,-0.1523,0.0215,0.0548,-0.0173,0.0133,-0.075,0.1862
364,5424,108,4,walking,0.285,-0.1268,0.0139,0.0064,-0.102,-0.1144,0.0244,0.1622,-0.0024,-0.0633,0.1156,0.0337,-0.1487,0.072,-0.0874,0.0716,0.0306,-0.146,0.0531,-0.0627,-0.0766,0.072,-0.3823,-0.0614,0.0043,0.0485,0.0067,0.1436,0.1307,-0.1381,0.0078,-0.2361,-0.1335,0.0108,-0.2615,-0.1258
365,5425,108,4,walking,0.347,-0.3493,0.3054,0.1074,0.4824,-0.1727,0.0525,0.1368,0.6731,0.0583,0.1805,-0.5242,0.2005,0.1278,-0.0154,0.4404,0.2673,0.1376,-0.2787,-0.2621,0.1355,0.2833,-0.4688,-0.0474,0.1427,0.0322,-0.16,-0.1848,-0.1377,-0.0785,0.1681,-0.0104,-0.0646,0.4766,-0.1288,0.0379
366,5426,108,4,walking,-1.2322,-0.0206,0.0637,0.0365,0.0414,0.1937,0.0433,0.0067,-0.0093,-0.0246,-0.0108,-0.002,-0.0138,0.0976,-0.1707,-0.0648,0.0422,0.012,-0.0085,-0.0063,-0.0036,-0.0127,-0.0624,0.0069,0.0713,0.0245,0.0259,0.0152,0.0305,0.0544,0.0164,-0.0163,0.0256,-0.0023,-0.0174,0.014
367,5427,108,4,walking,1.1595,-0.4812,-0.0157,-0.0439,0.4232,0.7471,0.061,0.1285,0.6057,0.2155,0.0261,0.5181,-0.0542,0.4643,0.1355,0.0481,0.5538,0.1559,0.1806,-0.1426,0.2135,-0.3046,0.0835,-0.3777,-0.214,0.0677,0.1476,-0.0005,-0.1774,0.1058,-0.2869,0.1838,0.0445,0.1323,-0.2818,0.0099
368,5428,108,4,walking,-2.1247,-0.1057,-0.1692,0.0527,0.1176,1.5771,0.0569,0.0565,0.4913,-0.0475,-0.0408,-1.4616,0.1868,0.4133,0.1102,0.1649,0.0684,-0.02,0.0143,0.0049,-0.047,0.1488,-0.0192,-0.2182,0.1212,0.1241,0.2072,0.6351,-0.0313,-0.4256,0.4465,-0.1548,0.0439,-0.2125,-0.3881,-0.6858
369,5429,108,4,walking,-0.7538,-0.0774,0.0345,0.0166,0.1485,0.2228,-0.001,0.0243,0.0843,0.0128,0.0013,0.002,0.0051,0.3851,0.0067,-0.2041,-0.0386,-0.0353,0.0563,0.0037,-0.0166,0.0157,0.0026,-0.0455,0.0125,0.0432,0.0745,-0.0583,0.0094,0.0238,0.0007,-0.0185,0.0377,0.0427,-0.0199,-0.0271
370,5430,108,4,walking,-0.297,-0.169,-0.2212,-0.1231,-0.2553,-0.1735,-0.0117,-0.0443,0.4213,-0.0484,0.0102,1.0518,-0.068,0.0363,0.0631,-0.1566,0.0352,0.1064,-0.1634,0.1037,0.045,-0.052,-0.067,0.0757,0.0357,-0.0268,-0.0575,0.1246,-0.0384,-0.2882,0.012,0.0344,-0.0362,-0.1707,-0.0432,0.0096
371,5431,108,4,walking,-1.6234,0.1369,-0.0485,0.0044,1.3851,0.0477,0.0684,-0.0332,0.2194,0.012,-0.004,0.0378,-0.0115,0.1296,0.0077,0.027,-0.2032,-0.0135,0.0383,-0.0156,0.0563,0.0376,0.0497,-0.0085,-0.0537,0.0288,-0.0238,-0.145,0.1212,0.0342,-0.023,0.0047,-0.0109,0.01,-0.0442,0.1376
372,5432,108,4,walking,0.0521,-0.071,-0.0304,-0.036,0.1446,0.076,0.058,0.062,0.1268,0.0889,0.028,0.0572,0.0003,-0.0305,0.014,0.0504,-0.0588,0.0657,-0.006,-0.0607,0.0336,-0.0274,0.0283,0.0176,-0.1338,0.0101,0.0274,0.0585,0.023,0.055,0.0125,-0.0091,-0.0203,0.0072,-0.0687,0.0778
373,5433,108,4,walking,0.2838,0.1479,-0.1892,0.0785,-0.0161,0.3202,-0.0409,0.1632,0.4606,0.1617,-0.0453,-0.1574,0.2841,0.2844,-0.0614,-0.0582,-0.002,-0.0778,0.1462,0.033,0.2065,0.0062,0.0583,0.2354,0.1431,-0.022,0.1685,0.1548,-0.1536,-0.2007,-0.0483,0.1476,-0.0333,-0.2488,-0.1675,-0.0221
374,5434,108,4,walking,-0.7982,-1.2766,-0.0653,0.1462,-0.5171,0.0175,-0.0638,-0.1748,0.3925,-0.0206,-0.0641,-0.2458,0.0162,0.1054,0.5274,-0.1501,-0.4267,0.0317,0.0618,-0.0673,0.0061,-0.1135,-0.063,-0.1526,0.2581,0.0518,-0.0078,0.1864,-0.2468,-0.1148,0.0844,-0.009,0.0114,0.0817,-0.0367,-0.0132
376,5436,108,4,walking,-0.1775,-0.1618,-0.1234,-0.1682,0.1784,0.1365,0.0193,-0.1057,0.4044,-0.2587,0.1165,-0.0309,-0.0588,0.1617,0.129,-0.0265,0.2766,-0.135,0.2087,0.0671,-0.0235,-0.1356,-0.1519,0.0167,-0.0178,0.0053,0.0057,0.0039,0.1223,-0.0684,-0.1278,-0.0636,0.0787,-0.0279,-0.0814,0.0088
377,5437,108,4,walking,-0.2277,0.218,0.0153,-0.0562,-0.1384,0.1512,0.0068,0.0277,-0.1328,-0.0075,0.0183,0.0361,-0.0039,0.0103,0.0167,-0.0182,-0.0532,0.0069,0.0308,0.0447,0.0548,0.0023,-0.0278,0.157,-0.03,0.1104,0.1257,-0.0052,0.0812,0.0114,0.0217,0.0346,-0.0026,-0.0451,0.0424,0.0252
378,5438,108,4,walking,0.0406,-0.1681,-0.0086,0.012,0.1134,0.1315,0.0312,0.0254,0.1328,-0.0412,-0.0106,-0.0212,0.015,-0.1401,-0.0652,-0.0733,0.0024,-0.0622,-0.0453,0.0318,0.0484,-0.0062,0.0607,-0.0341,0.0541,-0.0406,0.0027,0.0251,-0.0527,0.1412,0.1247,0.0308,0.0483,-0.0106,-0.0586,0.0306
379,5439,108,4,walking,0.1757,0.1303,-0.0,-0.0318,-0.0063,0.007,0.1066,-0.0342,-0.2416,0.0506,-0.1321,0.046,0.0353,0.0426,0.3876,0.2015,0.1412,0.1288,0.0135,-0.1683,-0.0581,-0.0274,-0.0096,0.0061,0.1024,-0.0489,-0.0315,-0.0472,-0.0726,0.1152,0.0682,0.0588,-0.0059,0.1287,-0.0643,0.232
381,5441,108,4,walking,-1.3167,-0.5009,0.2213,0.012,2.7373,1.3178,0.1732,0.0482,0.6644,0.1162,0.0261,0.413,0.0387,0.1487,-1.777,0.1187,0.0582,0.1351,0.0628,-0.0847,0.0865,-0.2487,-0.0225,0.0582,0.4002,0.0436,-0.132,-0.019,-0.2602,-0.1584,0.4766,-0.0805,0.0023,0.0066,0.1782,1.4227
382,5442,108,4,walking,0.2678,-0.0652,0.0208,-0.017,-0.0873,0.2171,-0.067,0.033,-0.1187,-0.0354,-0.0227,-0.037,0.0214,0.0853,-0.0293,-0.0583,0.0427,-0.0634,-0.021,-0.0004,0.0484,-0.0318,0.037,-0.0377,0.0507,-0.0244,-0.024,-0.0612,-0.0726,-0.0327,-0.0322,-0.0227,0.0066,0.0344,-0.0182,-0.0168
383,5443,108,4,walking,-0.2749,0.5689,-0.233,-0.0345,-0.2386,0.1718,-0.1452,-0.0438,0.5801,0.0819,-0.05,0.0869,0.0044,0.5515,-0.1038,0.0519,0.2273,0.0245,-0.1648,0.14,-0.0232,0.0456,-0.219,0.2888,0.2168,-0.0442,-0.0345,0.0273,-0.0248,-0.0193,0.1368,-0.0137,0.0084,-0.061,-0.0063,-0.0223
385,5445,108,4,walking,-0.3318,-0.1159,-0.037,0.011,-0.032,0.0766,-0.0263,0.0026,-0.0761,-0.0638,-0.0646,-0.0256,0.0341,-0.0273,-0.1381,0.1316,-0.035,0.1141,0.1542,0.0517,-0.1885,0.0342,0.0323,0.1184,-0.1263,-0.0788,-0.0371,0.0284,-0.046,-0.0151,0.2027,0.1062,-0.0512,0.132,-0.2656,0.0336
386,5446,108,4,walking,-0.7914,-0.1091,-0.2338,-0.1025,-1.0652,-0.3166,0.1443,-0.0523,0.5839,0.003,0.0384,0.1008,-0.1122,0.365,-0.0354,0.3407,-0.3043,-0.248,-0.0331,0.0843,-0.1133,0.0877,-0.2212,0.0436,-0.0881,0.1548,0.2073,-0.2256,-0.3563,-0.255,0.1607,-0.0655,-0.0613,-0.0547,-0.1074,-0.3064
387,5447,108,4,walking,-1.5212,0.4966,0.027,0.1427,-1.5657,0.0554,-0.1883,0.1503,0.652,-0.1016,0.0733,0.1278,-0.0247,0.5576,-0.0729,-0.0177,0.5221,-0.039,0.0007,0.0441,0.0591,0.0669,0.0983,-0.1175,-0.2408,-0.1061,0.0814,-0.256,-0.3414,-0.1277,0.0383,-0.0356,0.0037,-0.1445,-0.12,-0.2967
388,5448,108,4,walking,-0.5712,-0.9044,0.273,-0.0112,-0.1016,0.4652,0.0334,0.0005,0.3606,0.0156,0.0087,-0.0409,-0.0152,0.6352,-0.063,0.1713,0.0695,0.0269,-0.0447,0.0068,-0.0444,-0.0055,-0.1046,0.0011,-0.1125,0.0008,0.0021,-0.0624,-0.0657,0.0411,0.0034,0.0046,0.0156,0.1287,-0.0353,-0.0867
389,5449,108,4,walking,-0.4283,0.3216,-0.1554,-0.0861,0.059,0.2373,0.0475,-0.0318,0.0522,0.0268,-0.1327,1.5476,-0.0245,0.277,-0.1333,0.0672,0.0832,-0.2221,-0.3214,0.0567,0.0253,0.0174,-0.0297,0.2587,0.0037,0.175,0.2544,-0.237,-0.1435,-0.0919,0.1825,-0.0285,-0.0235,-0.1603,-0.283,0.0073
390,5450,108,4,walking,-1.7359,-0.5614,0.2185,0.0024,-0.6406,0.2431,-0.1735,0.0129,0.4377,0.1027,0.025,0.3219,-0.0854,0.1371,0.2352,0.0406,-0.4234,-0.1253,0.0141,0.1015,-0.0628,0.06,-0.0301,0.0266,-0.0461,0.0034,-0.0134,-0.0552,-0.1536,0.1124,-0.246,0.0851,0.0086,-0.2551,-0.053,-0.1641
391,5451,108,4,walking,-0.2975,0.2251,-0.1033,0.1115,-0.0379,-0.0832,0.1761,0.137,0.44,0.0339,0.0141,-0.0774,0.1233,0.4238,0.0339,0.044,-0.0585,-0.0671,0.0373,0.0748,0.0528,-0.0307,-0.173,-0.1444,0.123,0.0117,-0.1724,-0.2844,-0.0773,-0.2643,0.0747,0.0708,0.0635,0.1834,-0.0704,0.082
392,5452,108,4,walking,-2.9737,-1.2821,-0.0021,-0.1338,0.4276,-1.4558,-0.1045,-0.0165,0.5435,0.0268,-0.0159,0.2303,0.0315,0.2543,-0.0412,-0.1744,0.4589,0.0046,-0.2329,-0.0546,-0.1186,0.1096,0.2386,0.0351,0.1105,-0.0068,0.0141,-0.2143,-0.0059,-0.0835,0.0608,0.0374,0.025,0.1455,-0.1648,-0.266
393,5453,108,4,walking,-0.7422,0.3394,-0.0127,0.0242,-1.7692,-1.8407,-0.178,0.0867,0.4473,-0.1275,-0.0286,-1.0037,-0.2464,0.0339,0.0161,-0.0373,-0.1241,-0.0838,-0.0657,0.0127,0.0075,-0.0123,-0.1643,-0.2429,-0.1025,-0.0185,0.0144,0.2373,-0.0743,-0.2521,-0.0768,-0.0059,-0.0607,0.265,-0.1048,0.0318
394,5454,108,4,walking,0.0253,0.5834,0.0039,-0.0555,-0.2475,0.0346,0.0069,0.1544,0.02,-0.1251,-0.0553,0.0276,-0.138,-0.3852,-0.2321,-0.0473,-0.378,-0.0658,0.1347,0.1105,0.034,-0.03,0.1567,0.1227,0.2538,-0.0104,-0.2803,-0.1712,-0.3077,0.3865,-0.0327,0.047,-0.1015,-0.2357,-0.2867,-0.278
395,5455,108,4,walking,0.0318,0.0031,0.0248,0.0488,-0.1693,0.0091,0.0463,-0.0411,-0.1426,-0.0034,0.0092,0.0274,0.0004,0.1035,0.0654,0.0161,0.0114,-0.0183,-0.0155,0.021,0.0273,0.0236,-0.011,0.0161,0.0315,0.0066,-0.0058,-0.0258,-0.0411,-0.1767,0.0184,-0.0158,0.0467,-0.0205,-0.0427,0.0178
396,5456,108,4,walking,0.9733,-0.1158,0.3663,-0.1059,-2.4227,-0.0008,0.2318,-0.0161,0.4474,-0.0118,0.0415,-0.2132,0.1569,-0.3268,-0.1648,-0.2133,0.2781,0.0771,0.0121,0.0608,0.0113,0.0053,-0.022,0.1686,0.061,0.0201,0.0632,-0.2684,0.047,-0.3383,0.2757,-0.1171,0.1485,0.2302,0.0358,0.2543
398,5458,108,4,walking,0.9749,-0.2897,0.1666,0.0365,-0.2225,-0.1511,-0.1161,0.0144,0.3105,-0.0187,-0.0248,-0.0263,0.0166,0.101,-0.1457,-0.2254,-0.3885,-0.1333,-0.0758,0.0701,0.0671,-0.0093,0.2578,-0.1663,-0.0284,0.0216,-0.0683,0.0224,-0.0947,0.006,0.0022,0.0086,0.0309,0.0198,-0.1218,-0.0626
399,5459,108,4,walking,-0.1804,0.0563,0.0582,-0.025,-0.1418,-0.1123,0.0085,0.0127,0.0184,0.0385,0.0283,-0.0082,-0.022,0.0367,-0.0058,0.1565,0.0305,-0.0304,-0.1074,0.0627,-0.0067,0.0037,-0.0102,0.0515,0.0527,-0.0304,0.0301,0.0104,-0.0071,-0.0528,0.0618,0.0124,-0.0246,0.0552,-0.0503,-0.004
400,5460,108,4,walking,-0.0447,-0.2125,0.1223,0.0767,0.3635,0.0122,-0.078,-0.0564,0.0379,0.066,0.0739,0.0273,0.031,0.1715,0.0132,0.1622,0.1642,-0.1248,0.2705,-0.0766,0.1665,-0.1111,-0.1282,0.0812,-0.0545,-0.0544,0.0008,-0.1664,-0.0315,-0.0168,-0.0312,0.0312,0.1061,-0.1371,0.0277,-0.0573
402,5462,108,4,walking,-1.7395,-0.2678,0.4594,0.0176,-0.2875,0.5809,0.1654,0.0387,0.5246,-0.0289,-0.004,0.0714,0.0079,0.1354,-0.2252,0.2493,-0.0265,-0.0217,-0.1739,0.0459,-0.0723,0.042,-0.2102,-0.0238,0.1576,0.0287,0.0805,-0.2255,-0.3885,-0.326,0.0241,0.014,0.0341,0.0668,-0.1554,0.0398
403,5463,108,4,walking,-0.1555,-0.1135,0.0301,0.0336,0.1197,0.2864,-0.0428,0.2432,0.3527,-0.0237,0.0311,-0.1014,0.1374,-0.0433,0.3456,0.128,-0.0009,-0.0101,0.0437,-0.1711,-0.1436,0.1044,0.184,-0.035,-0.0053,-0.003,-0.071,0.0547,0.0532,-0.1003,-0.2137,-0.1551,0.0415,0.0079,-0.0296,0.0513
404,5464,108,4,walking,0.0478,-0.0484,-0.0323,-0.0078,0.0071,-0.0107,0.0002,-0.0433,0.0722,0.0097,-0.0341,-0.0176,-0.1345,0.1061,-0.0023,0.1205,-0.0103,0.0425,-0.0024,-0.0203,0.1308,0.0287,0.0746,0.0431,-0.0167,0.0581,-0.0432,-0.0184,0.1184,-0.0686,0.0144,0.0076,-0.0255,0.0131,-0.0544,-0.0044
405,5465,108,4,walking,-0.0551,0.2066,-0.0282,-0.0381,0.2146,-0.1132,-0.0405,-0.0628,0.1518,0.0131,0.0478,-0.0037,0.072,-0.1539,0.0673,-0.0048,0.0576,-0.1147,-0.0074,-0.0284,0.0705,-0.148,-0.0375,0.0121,0.0854,-0.0713,0.1104,-0.1385,-0.1341,-0.0367,-0.0285,0.0488,0.0314,0.061,-0.0341,0.0647
406,5466,108,4,walking,-0.1214,-0.1124,0.0381,-0.0118,-0.0763,-0.0285,-0.0325,0.031,-0.0876,0.0382,0.0454,-0.0264,-0.0471,0.0432,-0.0262,-0.0568,-0.0003,-0.0125,0.0136,0.0005,0.0485,0.0174,0.0357,0.0557,-0.0405,-0.0029,0.0421,-0.0425,0.0513,-0.0521,-0.0255,-0.0228,-0.0155,-0.0244,-0.0431,0.0471
407,5467,108,4,walking,0.4339,-0.0765,-0.0716,-0.0406,0.0513,-0.111,0.0432,-0.0205,0.5356,-0.0452,0.0124,-0.0688,-0.0238,0.8574,0.0077,0.0378,-0.01,0.0102,-0.0353,0.0105,0.0088,0.003,-0.0067,-0.0096,0.011,-0.0037,0.0056,-0.0433,-0.0375,-0.0005,0.0857,0.0028,0.0276,0.0648,-0.0656,-0.0337
408,5468,108,4,walking,-1.0607,0.0024,0.0411,0.0066,-0.1327,0.0226,0.0612,-0.0094,0.0078,-0.023,0.0119,-0.0617,0.0225,0.0127,-0.3303,-0.1435,0.0366,-0.0637,0.0373,0.0078,0.0048,0.024,-0.0067,0.017,0.0462,0.0328,0.0212,-0.0307,0.133,-0.0047,0.0007,0.0102,0.0044,-0.0507,0.0403,0.1411
409,5469,108,4,walking,-2.6678,-0.285,0.3034,0.0552,0.3496,0.2544,0.1184,-0.0172,0.5507,0.0302,0.0064,-0.1596,-0.1657,0.2055,1.1755,0.2021,0.5714,0.0308,-0.0112,0.0616,-0.0658,0.063,-0.151,-0.1524,-0.0621,0.1607,0.1281,-0.1426,-0.4408,-0.0726,0.0038,0.13,0.0437,0.1506,0.0834,-0.1066
410,5470,108,4,walking,0.0833,0.0113,0.0554,-0.0434,0.04,0.0156,0.0382,0.1115,0.2621,-0.0743,-0.0221,-0.0315,0.0273,-0.0695,1.0545,-0.1028,0.0136,0.0417,-0.0153,-0.0007,-0.0312,0.0284,-0.1117,0.0357,-0.0757,0.033,-0.0139,-0.0164,-0.0182,-0.0286,-0.0232,0.0246,-0.0405,0.0162,0.0038,-0.1421
413,5473,108,4,walking,-2.1932,-0.3668,0.1314,-0.0214,-0.2616,-0.7727,0.0754,0.0256,0.5103,0.0417,0.0037,-0.247,0.0729,0.4056,0.1035,-0.0375,0.1138,0.008,0.0058,-0.036,0.0086,0.0065,-0.022,0.0317,-0.062,0.0061,0.0561,-0.0682,-0.093,0.2108,0.0865,-0.0463,0.021,0.184,-0.1474,0.0405
414,5474,108,4,walking,-0.1853,-0.2177,0.0408,0.0188,0.0136,-0.2845,-0.2275,0.012,-0.0508,-0.1209,-0.0515,0.0018,-0.004,0.0354,-0.0754,-0.0009,0.0274,-0.0375,-0.0502,0.0186,0.0542,0.0272,0.0091,-0.1658,0.0035,0.0284,0.0334,-0.034,-0.0751,-0.1282,0.0331,0.0264,0.0371,0.067,-0.0075,-0.1455
415,5475,108,4,walking,0.0243,0.1384,0.1543,-0.1687,0.2215,0.1204,0.1467,0.0038,-0.2405,-0.1215,0.02,-0.1231,0.1538,0.0341,-0.2286,0.082,0.1403,0.0206,0.0405,0.1514,-0.0352,-0.1171,0.1365,0.0648,-0.0941,-0.127,0.0245,0.1036,0.2413,-0.2657,0.0729,0.0713,0.0143,0.0315,0.0345,0.0855
416,5476,108,4,walking,-2.3959,-0.0154,-0.1013,0.2113,-2.5894,0.3884,-0.2848,0.1117,0.6349,0.1872,-0.1735,-1.0247,-0.1156,0.0773,2.0168,0.1257,-0.6426,0.0768,0.4857,-0.0464,-0.031,-0.1724,0.029,-0.1457,-0.2417,0.019,0.1354,0.1534,-0.5175,-0.0784,-0.3472,0.02,0.0378,0.13,-0.283,0.5201
418,5478,108,4,walking,-0.1854,-0.6082,-0.0426,0.1641,0.613,-0.0752,-0.0457,0.0252,0.1855,-0.0823,0.1041,0.003,-0.1032,0.1433,-0.4522,0.0449,-0.1445,-0.2554,0.0087,-0.078,-0.0407,0.1353,-0.0096,0.1864,0.0482,0.0004,-0.0284,-0.0051,-0.1411,-0.0651,0.0463,0.1206,-0.2487,-0.1162,0.0423,-0.2036
419,5479,108,4,walking,0.5477,-0.0611,0.2883,0.1506,0.0571,0.5123,-0.0821,-0.024,0.1806,-0.0112,0.0026,-0.163,0.1587,0.233,0.1663,0.1009,-0.0527,0.0219,-0.037,-0.1388,-0.0655,0.0303,-0.1487,-0.1048,-0.2406,0.1424,-0.2784,0.2751,-0.2022,-0.1126,-0.03,0.0308,-0.0242,-0.1842,-0.2871,0.2802
420,5480,108,4,walking,-1.7194,0.515,-0.1373,0.1141,-0.3412,-1.4644,0.1143,-0.2063,0.5651,0.1759,0.1605,-0.1519,-0.3378,0.2791,-0.2356,-0.277,-0.1695,0.185,-0.006,0.08,0.0169,0.1577,-0.2712,-0.0973,0.0554,-0.0479,-0.1688,-0.5746,-0.0207,-0.5613,-0.0383,-0.0145,0.0466,-0.2268,0.0651,0.1478
421,5481,108,4,walking,-0.2403,-0.1879,-0.2063,0.2387,1.0676,0.2112,0.0279,-0.1064,0.18,-0.2836,-0.0583,-0.0557,0.0284,0.2554,-0.1311,0.101,-0.0625,-0.1621,-0.2211,0.0132,-0.1077,-0.1755,0.0561,-0.2079,0.0526,0.0534,0.0144,-0.0319,-0.0314,0.0825,0.258,0.1751,-0.004,-0.0729,-0.232,0.1336
422,5482,108,4,walking,1.7597,-0.1441,0.0352,0.1254,-1.0389,-0.129,0.0373,0.0766,0.4873,0.041,-0.0023,0.3259,-0.113,-0.1349,0.1641,-0.313,0.0143,-0.0807,-0.0729,0.1058,-0.078,0.0525,-0.2702,0.1845,0.071,0.0209,0.1086,-0.3153,-0.1223,0.3244,0.0126,0.0266,-0.0277,-0.3706,-0.0387,0.1773
423,5483,108,4,walking,0.6548,0.2618,0.1022,-0.0235,-0.0417,0.0343,0.0158,0.032,0.1384,0.0117,0.0258,0.0149,0.0098,-0.1347,0.2468,0.1188,-0.1077,0.0129,0.0013,0.043,-0.0163,-0.0074,0.0217,-0.0602,0.0401,0.0007,0.0477,-0.0442,0.0148,-0.041,0.0008,-0.0323,-0.0113,0.0376,0.0195,0.1212
424,5484,108,4,walking,-2.7913,0.3292,-0.3634,-0.0608,0.4218,0.6838,-0.0583,0.0104,0.664,-0.1167,0.0466,-0.2213,-0.2281,0.0474,-0.4848,-0.0648,1.5866,-0.0743,-0.0504,-0.0376,-0.0718,-0.0372,0.1678,-0.3743,0.012,0.0405,0.0429,-0.0482,-0.0226,-0.1242,0.3728,0.0357,-0.1083,0.1465,-0.2205,0.2114
425,5485,108,4,walking,-0.7901,-0.0064,-0.0222,0.0172,0.001,0.1703,-0.0312,-0.0117,0.5073,0.0016,0.0064,1.0412,-0.0114,-0.146,-0.0705,0.0866,0.0249,0.0224,-0.0533,-0.0577,0.0054,0.0077,-0.0882,-0.1078,0.0272,-0.0251,0.0243,0.0104,-0.0327,-0.0555,0.1218,0.0059,-0.0005,0.0473,-0.1037,0.1376
427,5487,108,4,walking,0.181,-0.0306,0.0608,0.0485,0.1353,-0.0474,-0.0227,-0.0552,-0.147,-0.0425,0.0107,-0.0326,0.0,0.2634,0.0705,0.1454,-0.0528,0.0066,0.0254,0.0289,-0.0453,-0.0403,-0.1168,0.0065,0.1455,0.0164,-0.0126,-0.0774,0.1625,-0.124,0.061,-0.0573,0.0005,0.0048,0.1375,-0.0524
428,5488,108,4,walking,1.7134,-1.3341,-0.149,0.1331,-0.7012,-0.4581,0.1731,0.1014,0.6054,0.0785,0.0525,-0.02,-0.07,-0.0108,-0.1806,-0.4527,0.0348,-0.1318,-0.3764,-0.0029,0.2062,0.0318,-0.1471,0.0026,0.1734,-0.0117,0.2806,-0.3241,-0.0453,0.1303,0.1816,0.1539,-0.1615,0.2857,-0.1364,-0.1071
429,5489,108,4,walking,0.5448,-0.1748,-0.0057,0.0233,0.331,-0.2546,0.1248,0.0786,-0.3317,0.0369,-0.0621,-0.0464,0.0656,-0.1223,-0.0148,0.0876,-0.1313,0.0376,0.0106,-0.1302,0.0009,-0.0886,-0.0675,0.11,-0.1208,-0.0246,0.066,-0.0039,0.1164,-0.038,0.0377,0.0609,-0.0289,0.0277,-0.1214,-0.0287
430,5490,108,4,walking,-1.5873,0.2765,-0.0261,0.0083,2.2216,-0.5734,0.0417,-0.0104,0.556,-0.0358,0.032,3.1175,0.1156,0.117,-0.2487,0.1843,-0.2331,-0.1421,-0.06,0.0098,0.0263,0.013,-0.0306,0.0147,-0.0268,-0.026,-0.1131,-0.1237,-0.1225,-0.5284,-0.0351,0.0381,-0.0175,-0.0781,-0.308,-0.0221
431,5491,108,4,walking,-0.629,0.1513,-0.0237,0.0215,0.3461,0.0853,0.2228,0.0279,0.2203,0.0887,-0.1862,0.0718,0.2723,-0.0088,0.1785,-0.0805,0.1177,0.0361,0.1685,-0.0583,-0.1087,-0.053,0.13,0.0705,-0.1375,0.0461,-0.2206,0.0822,0.3623,0.0148,0.1452,-0.0836,-0.0318,0.0334,-0.278,-0.053
433,5493,108,4,walking,-2.1724,-0.6037,0.0533,0.1333,1.7323,-0.407,0.0893,-0.0134,0.6139,0.028,0.0276,-0.1724,-0.0853,0.2812,0.2221,-0.2366,-0.6381,-0.0653,0.1428,-0.0197,0.038,0.0701,0.0211,-0.0076,-0.1517,-0.0574,-0.1672,-0.1208,-0.2274,-0.3173,0.0437,0.1209,0.1375,0.0833,-0.0469,0.37
434,5494,108,4,walking,0.1355,-0.0363,-0.0427,0.0274,0.0162,0.0145,0.0215,0.0419,0.1004,-0.0545,-0.0147,0.0188,0.1462,-0.1766,-0.0383,0.0457,-0.0718,-0.0861,0.0121,-0.0054,0.0259,-0.123,0.1318,0.0586,0.1173,0.1267,-0.0136,-0.1371,-0.1003,-0.3802,0.0029,0.0664,-0.0243,0.1247,0.0518,-0.1131
435,5495,108,4,walking,2.1701,-0.3815,-0.1628,0.0571,-0.1838,-0.546,-0.221,0.0782,0.5352,0.1555,-0.0781,-1.3876,0.0766,0.611,0.1256,0.1574,1.4527,0.074,-0.1026,-0.041,-0.0178,-0.0773,-0.0831,-0.3685,-0.3553,0.0764,-0.1415,-0.432,-0.5282,-0.1009,-0.567,0.0372,0.0576,0.0871,-0.0142,-0.2608
436,5496,108,4,walking,-0.1702,-0.0227,0.1002,0.0021,-0.022,0.1572,0.0366,0.0278,0.0222,-0.0231,0.0113,-0.0415,-0.0108,-0.003,0.0206,0.0022,-0.0154,-0.0375,0.0145,-0.0026,-0.0242,0.0078,-0.0071,0.0057,0.0273,0.0104,-0.009,-0.0512,-0.0029,-0.1368,0.0255,-0.0043,0.0276,0.025,-0.0044,-0.0361
438,5498,108,4,walking,0.1529,0.2322,0.1037,0.1483,1.0274,0.166,0.0271,0.0158,0.0029,-0.0405,0.0064,-0.0323,0.0124,0.133,-0.1675,-0.2113,-0.2215,0.1282,0.1217,-0.065,-0.0182,0.021,-0.1024,-0.101,0.0533,0.0041,0.1502,0.1835,0.1413,-0.0386,0.0642,-0.0283,-0.036,0.0242,-0.0258,-0.1403
439,5499,108,4,walking,0.7603,0.0275,0.0407,-0.0651,0.0707,0.5064,0.0505,-0.031,0.0651,-0.0324,-0.0152,-0.1527,-0.0747,0.0535,-0.1057,-0.111,-0.2884,-0.0047,-0.1002,0.032,-0.0187,0.0003,0.1054,-0.0308,-0.1302,-0.0512,-0.1532,0.0508,-0.2208,0.1131,-0.0313,0.0313,0.0218,0.1224,0.0153,0.1061
440,5500,108,4,walking,0.0343,-0.0126,0.02,0.0014,-0.1358,-0.0274,-0.0402,0.0422,0.0357,0.0041,-0.0076,0.0146,0.0422,0.0851,0.0241,-0.0387,0.0376,0.0122,-0.0637,-0.0302,0.0121,-0.0081,0.0217,-0.0523,-0.0635,0.0403,-0.0288,-0.0703,-0.1228,-0.0306,-0.0034,-0.031,0.0222,0.0122,-0.0588,-0.0503
442,5502,108,4,walking,-0.5771,0.4698,0.0125,0.0462,0.252,1.3348,-0.0466,0.1311,0.2666,-0.2249,0.0002,-0.015,0.116,0.5245,-0.0503,-0.3305,0.3351,-0.0772,0.2123,0.0423,0.0242,0.1592,-0.2756,0.1113,-0.2487,-0.0122,0.2434,-0.5587,0.0851,0.0724,-0.2447,0.0634,0.0026,-0.022,-0.1802,-0.1545
443,5503,108,4,walking,-0.937,-0.6047,-0.1835,-0.0389,-1.1728,-0.2651,-0.2047,-0.1181,0.6731,0.0618,-0.1329,0.544,0.0047,0.1702,-0.2343,0.0013,-0.1145,-0.2557,-0.289,-0.087,0.267,0.1426,0.2246,0.1215,-0.4667,0.0542,-0.0878,-0.142,-0.2306,-0.376,0.0702,0.0373,0.0397,0.414,-0.2118,-0.281
444,5504,108,4,walking,0.0341,0.0541,0.0263,0.0178,-0.034,0.1027,0.0054,0.0208,0.0523,-0.0251,0.0182,0.0238,0.0008,-0.0484,0.0226,0.0576,0.0215,0.0047,-0.0004,-0.0237,-0.0119,-0.0124,-0.026,0.0142,0.0343,-0.0023,0.0116,0.0362,0.0157,0.0262,-0.0067,-0.0226,0.002,-0.0128,0.0009,-0.0348
445,5505,108,4,walking,0.0836,-0.0555,-0.119,0.0437,0.2584,-0.2246,-0.1268,-0.0176,0.1663,-0.0474,0.0094,-0.0365,-0.0238,-0.3064,-0.107,0.2524,0.2186,-0.2151,-0.115,-0.0353,-0.1489,-0.0055,-0.0607,0.1376,0.1723,-0.1363,0.0351,0.0424,-0.0242,-0.0323,-0.1465,0.12,0.0356,0.0008,-0.0755,-0.0427
446,5506,108,4,walking,0.1382,-0.1426,0.0157,0.0134,-0.2422,0.1765,0.1512,-0.0126,0.1761,0.0348,0.173,-0.0185,0.1362,0.018,-0.2192,0.0315,-0.285,0.0511,-0.0849,0.0822,-0.0556,-0.0346,0.033,-0.086,0.0363,0.0365,-0.0279,0.1228,0.0305,0.0513,-0.0224,-0.1676,0.0099,0.1516,-0.0045,0.0721
447,5507,108,4,walking,0.6532,-0.264,0.248,-0.0137,0.1527,-0.1344,-0.0825,0.0152,0.032,0.0402,-0.0375,0.0036,-0.0224,0.0586,0.1264,-0.1588,-0.0741,-0.181,0.0161,-0.0526,-0.1788,-0.2578,-0.0349,-0.0553,-0.0783,0.0174,0.1572,0.1023,0.0126,-0.0502,0.0235,0.0384,0.0407,-0.0156,-0.1184,0.0311
448,5508,108,4,walking,-0.1172,0.1276,-0.0265,-0.0184,-0.0608,0.0616,-0.0003,0.023,0.0559,-0.0155,0.038,0.0282,0.0286,0.0074,-0.0111,-0.0162,-0.0216,0.0206,0.0063,-0.0185,-0.0141,-0.0109,0.0146,0.0653,0.0056,-0.0066,0.0322,-0.1039,-0.1135,0.0107,0.0093,0.0061,-0.0071,0.0045,-0.0029,-0.046
449,5509,108,4,walking,0.1726,-0.0534,0.0282,-0.062,0.0267,0.1417,0.023,-0.0178,0.257,-0.0167,-0.0162,0.0284,-0.0274,-0.0342,-0.0159,0.1123,0.0467,0.0122,0.0373,0.022,0.032,0.0114,0.0088,0.009,0.0457,-0.0126,-0.014,0.056,-0.0105,-0.0565,-0.0457,-0.0304,-0.0256,-0.0046,0.0265,0.0366
450,5510,108,4,walking,-0.0102,0.1749,-0.0083,0.0246,0.0376,-0.058,-0.0024,-0.213,-0.0515,-0.0207,0.0053,-0.1848,-0.021,-0.2432,-0.5601,0.0681,-0.2075,0.0276,-0.042,0.0094,-0.032,0.0541,-0.0346,-0.0336,0.0437,0.0321,0.058,0.0556,0.1042,0.0282,0.0323,0.0131,-0.008,-0.0028,-0.0802,0.0308
451,5511,108,4,walking,-0.7335,-0.4592,0.1545,0.271,0.7859,0.0189,0.1245,0.0668,0.4305,0.1638,0.1328,-0.1834,0.1481,-0.318,0.6031,0.349,0.3105,0.0569,0.1053,0.1108,0.1537,-0.1227,-0.1897,0.2011,-0.3137,-0.1292,0.1846,0.2853,-0.1464,0.2353,-0.1804,-0.0773,0.1587,0.3326,-0.0869,-0.0531
452,5512,108,4,walking,-0.978,-0.1854,-0.0723,-0.2542,0.478,0.0665,-0.2685,-0.0056,0.5624,-0.0125,-0.0468,0.0396,-0.0668,0.264,1.3478,0.3411,-0.0039,0.0803,0.0063,-0.0575,-0.0525,-0.0465,-0.1494,-0.1366,-0.1445,-0.0462,0.0647,-0.1479,-0.2462,-0.0151,-0.0141,0.0008,-0.071,0.115,0.0407,0.0575
453,5513,108,4,walking,-1.0794,0.2114,0.0303,0.1657,1.1664,0.5758,0.312,0.1465,0.3675,-0.0859,0.0701,-0.2551,-0.082,0.6386,-0.2836,-0.2035,-0.1085,0.1684,0.3289,-0.142,-0.0193,0.122,-0.1751,0.0701,0.1735,0.1805,0.1722,0.4816,0.2037,0.1344,0.155,0.114,0.145,0.1408,0.288,0.0326
455,5515,108,4,walking,1.7222,-0.0793,0.2145,0.0677,0.7316,-0.0239,-0.0852,0.2364,0.2075,-0.0105,-0.162,-0.1076,0.3157,-0.0867,0.0895,0.0043,-0.0746,-0.2368,-0.2608,-0.0109,0.121,0.0755,0.1516,0.0286,0.1722,-0.0272,0.1886,0.112,0.0039,-0.3668,-0.2831,0.2025,0.0787,0.0273,-0.0512,-0.1638
456,5516,108,4,walking,-2.937,0.4495,0.4582,0.0877,-0.0913,-1.014,0.1818,0.2618,0.3771,0.0306,-0.015,-0.0136,-0.1578,0.4626,1.1778,0.028,0.4526,0.1152,-0.2688,-0.1103,0.0863,0.0586,0.1289,0.2511,0.0516,0.0686,-0.0127,-0.033,-0.2716,-0.2431,0.0526,-0.0332,0.0029,0.0494,-0.0836,-0.3104
457,5517,108,4,walking,-0.0059,-0.5777,-0.084,-0.0454,0.1023,-0.0713,-0.0144,-0.0088,0.5546,0.0236,0.0105,0.0214,-0.0141,0.5447,0.0173,0.0705,-0.048,0.0178,0.0219,-0.0049,-0.0114,0.003,0.0354,-0.0062,-0.0405,0.0022,-0.0053,0.0081,-0.0783,0.0212,-0.05,-0.0145,-0.014,0.0237,-0.1276,-0.0543
458,5518,108,4,walking,-1.5706,-0.4297,0.1526,-0.0441,-1.2004,0.3496,-0.0751,0.0227,0.5651,-0.0363,0.0032,-0.0868,0.1282,0.4102,0.1127,0.5256,-0.1627,0.178,-0.218,0.1724,0.0737,-0.0754,-0.0484,-0.1602,-0.1204,0.0038,0.0164,-0.1685,-0.2768,-0.0257,0.0056,-0.0052,0.0088,-0.1408,-0.0236,0.005
459,5519,108,4,walking,-0.0293,0.0614,0.0168,0.0432,0.0557,0.1636,-0.043,0.0519,0.1,0.051,-0.0763,-0.0407,0.2056,0.381,-0.5166,-0.0224,-0.0545,0.0329,-0.2315,-0.0361,0.0164,0.1765,0.101,0.0337,0.0286,0.0757,-0.1174,0.005,0.1063,-0.0207,0.0411,0.0465,-0.0406,-0.0345,0.0349,0.0159
460,5520,108,4,walking,-0.1284,0.1085,-0.0032,0.0261,-0.1536,0.0206,0.0062,0.0371,0.1437,0.0346,-0.0161,-0.0385,0.01,0.0093,0.0368,0.0343,-0.0148,-0.0312,-0.1112,0.0277,-0.0172,-0.1212,-0.0463,-0.0213,0.0214,0.0262,-0.0347,-0.0195,-0.0612,-0.1178,0.0264,-0.0264,0.0172,-0.1562,0.0099,0.0365
461,5521,108,4,walking,-2.9277,0.1821,-0.1333,-0.0253,-1.2063,-0.0904,0.0752,-0.0522,0.5393,-0.1088,0.0214,0.0038,0.0526,0.4788,-0.125,-0.4631,-0.1766,0.0156,0.0029,0.0054,0.0151,-0.0012,-0.1341,0.0884,0.0338,0.0328,0.0267,0.2129,-0.1684,-0.3627,0.2098,0.0157,-0.0328,-0.0215,-0.1667,-0.2313
462,5522,108,4,walking,-0.3454,-0.1344,0.1609,0.027,0.0666,0.1201,0.0368,-0.0804,0.0055,0.0371,0.0061,0.0435,-0.1654,0.1158,0.2307,-0.0412,-0.1554,0.0193,0.0002,-0.2685,-0.0707,0.0147,0.0435,0.1472,0.0314,-0.0098,-0.0105,-0.0777,-0.0463,0.0118,0.0123,0.0247,0.0023,0.1017,-0.0128,0.0268
463,5523,108,4,walking,0.5873,0.0884,-0.2607,-0.0066,0.1347,0.0488,0.0607,-0.1535,-0.1847,-0.154,-0.0803,-0.161,0.04,-0.073,0.3844,-0.1205,0.2701,0.0226,-0.0262,-0.0663,-0.0865,-0.0361,0.1522,-0.2481,0.0203,0.1114,0.1451,-0.1473,-0.3427,0.1027,0.0767,0.1076,0.2037,0.1402,-0.1154,-0.3222
464,5524,108,4,walking,-0.1236,0.3385,0.0121,0.0849,-0.5083,0.1442,-0.1044,0.0688,-0.2534,-0.041,0.0352,-0.182,-0.0236,-0.003,-0.367,0.0224,-0.1078,0.1049,0.0485,0.2347,-0.0878,-0.1105,0.0857,-0.238,-0.3166,0.1676,0.015,0.0791,-0.1122,0.2416,0.2331,-0.0272,-0.0868,-0.2438,-0.0098,0.1026
465,5525,108,4,walking,0.4109,-0.1138,0.1019,-0.0209,0.078,-0.1735,-0.1262,0.0267,0.1941,-0.0648,-0.0258,-0.1072,0.0343,0.0471,0.4149,-0.0446,-0.1412,-0.0122,-0.0365,0.0038,0.0246,0.0116,-0.0441,0.0045,-0.0616,0.005,0.0552,0.0203,-0.0409,-0.1512,-0.072,0.0306,-0.017,-0.0664,0.0184,0.0727
466,5526,108,4,walking,-0.5557,0.1635,-0.2467,0.0455,-0.6475,-0.2482,-0.2385,0.0507,0.2786,-0.07,0.016,-0.063,0.1172,0.3143,-0.2378,-0.0341,-0.0474,-0.3176,-0.1113,-0.0384,0.0679,-0.0673,0.1421,0.2417,-0.1135,0.0305,-0.0231,0.13,-0.1663,-0.0576,0.0772,0.0372,0.058,0.0203,-0.1852,-0.083
468,5528,108,4,walking,-1.794,-0.2628,0.2388,-0.1496,-0.121,-1.2382,0.1468,0.1731,0.5498,-0.0798,0.0482,2.0675,-0.1302,0.6499,0.0745,-0.2282,-0.26,0.1085,-0.0708,-0.0203,-0.1637,-0.2224,-0.6665,0.0151,0.1649,-0.0115,-0.06,-0.2201,-0.1857,-0.022,0.0489,-0.0371,-0.1441,-0.1608,-0.3163,-0.0289
469,5529,108,4,walking,-0.566,-0.0132,0.0781,0.0688,1.5172,0.2045,-0.1805,-0.0339,-0.0807,0.1182,-0.0374,-0.0053,-0.2051,-0.1422,0.2521,-0.0047,0.5783,-0.2224,-0.0685,-0.0853,0.008,-0.0566,0.059,0.2665,0.1703,-0.0863,-0.0647,-0.1702,0.1003,-0.0231,-0.0079,0.0611,0.116,-0.1367,0.007,-0.1514
470,5530,108,4,walking,-0.2971,0.4537,0.1562,-0.0285,-0.1478,0.0148,-0.0472,-0.0355,0.2776,-0.0635,0.012,-0.0066,-0.0025,0.6575,0.0202,0.3724,-0.001,-0.0006,-0.0837,-0.0063,0.0185,0.0058,-0.0039,0.0265,0.104,0.0256,0.0185,0.0214,-0.1367,-0.0332,0.0804,0.0372,0.0305,-0.0486,-0.0665,-0.1321
471,5531,108,4,walking,2.4217,-1.9709,-0.0847,0.022,2.2351,-0.2287,-0.0205,0.0241,0.6334,0.0188,0.0124,-0.2607,0.0279,0.5104,1.1408,-0.3512,1.1034,-0.0088,-0.1765,0.1746,0.0868,0.0527,0.0633,0.0583,0.0757,0.004,0.141,0.1468,-0.0882,-0.4377,-0.1293,-0.1488,0.0037,-0.1077,0.0288,-0.2662
472,5532,108,4,walking,0.047,-0.0508,0.0442,0.0024,0.0513,0.0472,-0.0155,-0.0245,-0.1466,-0.0123,-0.0037,0.0263,0.0076,-0.0232,0.0097,0.0156,0.0025,-0.0242,0.0005,-0.0094,-0.0247,-0.0165,-0.0114,-0.0132,-0.0027,0.0114,0.0184,0.0034,0.0339,0.0546,0.0218,0.0069,-0.0205,-0.0115,0.017,-0.0235
473,5533,108,4,walking,-0.1793,-0.0029,-0.1433,0.1706,-1.1107,-0.2838,0.1517,0.1848,0.6545,-0.2527,-0.0864,-1.2374,-0.3041,0.2283,-0.4451,0.0876,-0.2731,-0.0012,-0.1484,0.2817,-0.1742,-0.0381,0.0231,0.2711,-0.0341,-0.1818,-0.0474,-0.364,-0.1733,-0.3262,-0.2567,0.0846,0.018,0.0577,-0.0941,0.319
474,5534,108,4,walking,-0.7677,-0.4946,0.3194,-0.0184,0.578,-1.2173,-0.1042,-0.1587,0.3818,0.034,-0.1601,1.1881,0.0556,0.1756,-0.0876,0.0479,0.2482,-0.0473,-0.1169,-0.1187,-0.0323,-0.0081,-0.0546,-0.3402,0.1436,0.0061,0.0004,-0.081,0.3255,0.1804,-0.1834,0.1307,0.1537,0.1006,-0.0482,-0.1017
475,5535,108,4,walking,-2.9116,0.2373,0.4367,0.0142,-0.153,0.6482,0.112,0.0093,0.5108,0.0847,0.0205,-0.015,0.0522,0.7724,0.0363,-0.3476,-0.2732,0.04,-0.123,0.0416,0.0326,-0.0253,-0.0268,-0.1553,-0.0275,-0.0225,-0.036,-0.1173,-0.0752,-0.0376,-0.0457,0.0117,-0.0436,0.2532,0.0541,0.0548
476,5536,108,4,walking,-1.7947,-0.4896,0.0611,0.0481,0.124,1.0177,0.1581,-0.0233,0.4985,0.1342,-0.0122,-0.109,-0.1671,0.3758,0.5049,0.0405,-0.0434,-0.0012,0.0359,0.0105,0.0002,0.0022,0.0383,0.0771,-0.0582,-0.0215,-0.0788,0.0669,-0.3448,-0.0141,-0.0233,-0.0286,-0.0146,0.0483,-0.0655,-0.0625
477,5537,108,4,walking,0.0303,0.0044,0.0455,-0.0171,0.7093,-0.008,0.0304,0.0342,0.1252,-0.0012,0.0127,0.0272,0.0461,0.125,0.0656,0.1263,0.0786,-0.0171,0.021,-0.0174,-0.0388,0.0303,-0.018,0.045,0.0048,0.0345,0.0223,-0.0046,0.0059,-0.0082,0.0058,0.0056,-0.0029,-0.0235,-0.0382,-0.1254
478,5538,108,4,walking,-1.5794,-0.6104,0.1891,0.1162,1.1718,1.8598,0.1088,0.1363,0.5437,0.2102,0.0311,-0.312,0.1048,0.4887,0.6344,0.2375,0.189,0.1416,0.0624,-0.1359,0.1001,-0.1464,-0.2741,0.1342,-0.1682,-0.0852,-0.1448,-0.1757,-0.1843,-0.4231,-0.1726,-0.0376,0.006,0.2782,-0.0258,-0.1743
479,5539,108,4,walking,-1.754,-0.4475,-0.1545,0.1548,-0.5412,-0.1584,-0.0897,0.0053,0.5107,-0.1387,0.0064,0.3471,0.0141,0.173,2.755,0.1427,-0.5011,0.0112,0.0374,0.0023,0.0078,-0.036,0.2866,-0.076,-0.1367,-0.0284,-0.063,0.0304,-0.0638,0.0683,0.3611,-0.0479,-0.0464,0.1128,-0.0029,-0.0129
480,5540,108,4,walking,-0.7915,0.0653,0.0825,0.0333,2.3438,0.1128,-0.0382,0.0257,0.5882,0.0082,-0.0214,0.308,-0.0528,0.4713,-0.017,0.0215,0.0604,-0.0604,-0.0561,0.0706,0.0441,-0.0216,-0.1502,-0.2172,0.039,0.005,-0.0184,0.1007,-0.1715,-0.0264,0.021,0.005,0.0568,-0.2757,-0.0009,-0.2606
481,5541,108,4,walking,-2.8864,-0.3516,0.0741,0.0437,2.0376,0.6572,-0.1068,-0.0745,0.5512,0.0007,-0.0075,0.0103,-0.0216,0.013,0.9684,0.0082,0.1087,-0.0121,-0.114,0.0447,-0.0043,0.0035,0.237,-0.0837,0.0506,0.1103,-0.0452,-0.105,-0.2671,1.8708,-0.1302,-0.1095,-0.0492,-0.0001,-0.2788,-0.9788
482,5542,108,4,walking,0.3826,-0.026,-0.0454,-0.173,-0.2731,0.0534,0.0083,0.0102,0.08,0.0668,0.0333,0.0144,0.0343,0.0587,0.164,0.0168,-0.053,-0.0386,0.0606,0.0427,-0.0185,0.0024,0.0178,0.0501,-0.0013,-0.0486,0.0046,0.0243,-0.008,-0.1331,-0.0484,0.0577,-0.0612,0.0335,0.1047,0.0005
483,5543,108,4,walking,-0.2336,-0.1486,-0.1563,0.0118,-0.3844,-0.3007,0.2214,-0.1131,-0.1552,-0.072,-0.0473,-0.1875,-0.0422,0.3772,0.4538,0.327,0.372,0.1888,-0.2771,-0.0526,0.0754,-0.1285,-0.1727,-0.0337,-0.0094,0.0111,0.2628,-0.2772,0.1508,-0.152,0.2004,-0.043,0.0442,0.2507,-0.0454,-0.0659
484,5544,108,4,walking,0.0425,0.0094,0.0548,0.0361,0.072,0.0255,0.0645,0.014,0.1575,0.0713,0.0821,-0.0133,0.0027,-0.1314,-0.1758,-0.0533,-0.1277,-0.2532,-0.0046,-0.1166,-0.0442,0.0037,0.1352,-0.2512,-0.1862,0.0414,0.1685,-0.065,-0.1028,-0.0377,0.121,0.0517,-0.0682,0.075,-0.0175,-0.075
485,5545,108,4,walking,0.0426,-0.2545,0.0581,0.0076,0.0384,-0.1473,-0.0105,-0.0108,-0.0132,-0.016,0.0117,0.0204,-0.001,-0.0579,0.0063,-0.0438,-0.0715,-0.0563,0.0727,0.0143,0.0303,0.0484,0.0083,0.0366,-0.0258,0.0014,0.0189,0.0044,-0.1023,0.1278,0.0077,0.0649,0.0384,-0.1777,0.0706,-0.1137
489,5549,108,4,walking,-0.1178,-0.2527,-0.056,0.0388,-0.1008,0.1173,0.0469,0.0206,0.5221,-0.0148,-0.0155,-0.0175,0.0074,0.9606,0.0177,0.0203,0.0154,-0.0263,0.0065,0.0052,0.0056,0.015,-0.0681,0.078,-0.02,-0.0127,-0.0021,-0.1416,-0.0741,0.0761,0.1203,0.018,0.0246,-0.1132,-0.0721,0.0352
490,5550,108,4,walking,0.2684,0.1652,-0.0663,0.0286,0.1808,0.0567,0.0522,0.0234,-0.0389,-0.0316,0.0138,0.1206,-0.0022,-0.12,0.2718,0.0278,-0.3599,-0.0283,0.0324,-0.0336,-0.0006,-0.036,0.0106,-0.0507,0.0508,0.0417,0.035,0.0034,-0.0663,0.1163,-0.0436,0.0008,-0.0167,-0.1148,-0.0558,-0.0669
491,5551,108,4,walking,-0.1172,-0.1827,0.0419,-0.0315,-0.2466,0.1703,-0.0423,0.0457,0.2483,0.1618,0.2486,0.0623,-0.0068,-0.08,0.2134,-0.1824,0.1543,0.1118,-0.1129,0.0213,0.0186,0.2557,0.231,0.0042,-0.2226,-0.0464,0.1074,0.0625,-0.3273,0.0513,0.177,-0.1127,0.0322,-0.1328,0.4314,-0.185
492,5552,108,4,walking,0.2682,0.0178,0.0346,0.027,-0.0567,-0.1816,0.011,-0.1777,-0.0279,-0.1228,0.007,0.0423,0.0781,0.0225,-0.0027,-0.2241,0.0462,-0.0849,-0.0186,0.1221,0.0144,0.1585,-0.0241,0.0543,0.1345,0.0221,0.054,0.0431,0.0723,-0.0612,-0.163,0.1313,0.1064,-0.1212,-0.107,-0.1305
493,5553,108,4,walking,-0.2714,-0.1974,0.1718,0.1537,1.0754,0.2059,-0.0225,-0.0625,0.52,-0.1164,-0.0009,-0.0612,0.0404,0.0101,0.0066,0.2332,-0.1838,-0.1641,-0.052,0.0272,-0.064,-0.1558,-0.1186,0.0169,-0.0836,-0.0218,-0.08,0.178,-0.23,-0.1087,-0.1201,0.0743,0.0435,-0.152,-0.2176,0.2036
494,5554,108,4,walking,0.1762,-0.1444,0.0211,-0.0103,0.477,0.0767,-0.0176,-0.0363,0.327,0.0235,0.0046,0.0544,0.0244,-0.0844,-0.027,-0.0272,-0.0548,0.045,0.0453,-0.0129,-0.0318,-0.0164,-0.021,0.0252,0.0158,-0.016,-0.0028,-0.1339,-0.2075,0.1188,-0.0307,0.0135,-0.0174,0.0363,-0.1479,-0.0341
495,5555,108,4,walking,-0.6488,0.3077,0.2828,0.143,0.0616,0.0274,-0.0183,-0.0138,-0.0278,-0.0263,-0.048,-0.1185,0.0332,0.3156,0.0893,0.0184,0.0532,-0.0034,-0.1042,-0.064,0.0122,0.0328,-0.0538,-0.1146,0.055,-0.0165,-0.028,0.0277,0.0615,0.0747,-0.0023,-0.0288,0.0646,0.0767,-0.084,-0.156
498,5558,108,4,walking,0.0358,-0.0563,-0.0883,-0.1313,-0.0322,-0.0811,0.0407,-0.0128,0.1086,-0.0845,0.0047,0.0734,-0.0288,0.1674,0.1674,0.0094,0.0052,0.0352,0.045,0.0258,0.0252,-0.038,0.1051,0.1571,0.0232,-0.0673,0.0273,0.1256,0.0282,-0.0613,-0.0785,-0.023,-0.0282,0.0134,0.0242,-0.074
499,5559,108,4,walking,-0.268,-0.4177,-0.3333,-0.1637,0.2493,-0.4713,-0.1438,-0.0835,0.4785,0.2146,0.0742,0.4746,-0.1673,0.6348,-0.1426,-0.053,-0.2187,-0.0473,0.1659,-0.0128,-0.1765,0.0324,0.1033,-0.0604,-0.0219,0.0146,0.0763,-0.0534,-0.0344,-0.031,0.0085,0.0372,0.0476,0.0357,-0.0635,0.0196
500,5560,108,4,walking,0.1566,-0.0522,-0.0333,0.0315,0.1068,0.1615,0.0278,0.1334,-0.0585,0.1236,0.0851,-0.0653,0.029,-0.2428,0.0771,0.0718,0.162,-0.114,-0.17,-0.0097,-0.0176,-0.018,0.0161,0.0478,-0.0516,-0.0478,0.0111,-0.1868,0.1362,0.0225,0.0313,0.0242,-0.1285,-0.0374,-0.0404,0.0
501,5561,108,4,walking,0.025,0.0812,0.0407,-0.0241,-0.1074,-0.0081,0.0027,0.0377,0.1116,-0.0186,0.0248,0.0262,0.0314,-0.0388,0.0142,0.0191,0.0105,0.0324,-0.085,0.1133,0.0603,0.0085,0.0423,0.0653,0.0063,0.0156,0.0378,0.1402,0.0224,0.0203,0.0155,-0.0248,0.0152,-0.1604,-0.0717,-0.0026
502,5562,108,4,walking,-1.7483,-0.0406,-0.1266,-0.0498,0.102,0.0246,0.0095,0.0135,0.1547,-0.0005,-0.0104,0.0097,0.0046,0.1114,-0.0981,0.0636,0.0251,-0.0055,-0.171,-0.0507,-0.0218,0.0482,-0.1823,0.0265,0.0178,0.0378,0.0506,0.037,-0.0095,0.0552,-0.0421,0.0206,-0.0304,0.0272,0.0348,0.0504
504,5564,108,4,walking,-1.2371,0.1396,-0.1358,-0.0381,0.3743,-0.4443,-0.0367,-0.0689,0.5272,0.104,0.015,0.2127,-0.2147,0.2591,-0.0279,-0.1529,-1.0409,-0.0862,0.0147,0.0738,0.0527,0.0375,-0.0571,-0.0882,-0.0405,-0.0124,0.0201,-0.1024,-0.2427,-0.153,-0.0765,0.0349,0.0142,0.1406,-0.0803,0.1875
505,5565,108,4,walking,0.0216,0.0084,-0.008,-0.0047,-0.0589,-0.0085,-0.0241,-0.0103,-0.0208,0.0238,0.0075,0.0277,0.0038,-0.1542,0.0228,-0.0158,0.0033,0.0362,-0.0326,0.0152,-0.0158,-0.007,0.0226,0.0009,0.0009,0.0156,-0.0483,0.0528,-0.144,-0.052,-0.0145,-0.0027,0.0064,0.0236,0.0675,-0.0047
506,5566,108,4,walking,-0.7981,1.5836,-0.2867,-0.0771,1.5339,1.34,-0.2023,0.0772,0.522,-0.0345,-0.0018,0.1768,0.1496,0.7246,1.4457,-0.3406,-0.0205,0.0165,0.312,0.2866,0.2635,0.1749,-0.0099,-0.4674,-0.2155,-0.102,-0.0325,0.4737,-0.0459,-0.0837,-0.235,0.0873,-0.1248,0.0198,-0.1844,-0.3513
507,5567,108,4,walking,0.0063,0.0723,0.0615,-0.06,-0.0624,0.1065,-0.0384,0.1662,-0.1345,0.0422,0.0783,0.0204,-0.0166,0.0485,-0.0843,-0.0388,-0.0252,0.1041,-0.1,-0.0216,-0.0608,-0.0436,-0.1268,-0.024,0.0685,0.0069,0.0059,-0.0032,-0.0059,0.0462,-0.0412,0.0277,-0.0202,0.0786,-0.0523,0.0116
509,5569,108,4,walking,0.0776,-0.0481,0.1084,0.0112,0.22,0.0567,0.0214,0.0003,0.2283,-0.054,0.0175,0.0348,-0.031,0.0263,-0.016,-0.021,-0.0764,0.0345,-0.1455,0.0303,-0.0517,-0.0202,0.1316,-0.0565,0.0149,-0.0382,0.0379,-0.0073,0.0085,0.1152,0.0358,0.0204,-0.003,-0.0261,0.0178,-0.0302
510,5570,108,4,walking,-0.1501,-0.148,-0.023,-0.0028,0.1663,-0.2166,0.04,-0.0122,0.2778,0.0462,0.0332,0.013,-0.0258,-0.1173,-0.0449,-0.1469,-0.0073,-0.0222,0.0178,0.0117,-0.0077,0.0248,-0.0168,0.0097,0.0363,0.0263,-0.0161,0.017,-0.0403,0.0215,-0.0255,-0.0271,-0.018,0.0488,0.1026,0.083
512,5572,108,4,walking,-1.3749,-0.6846,0.1673,0.0279,0.4686,-0.3671,0.1441,-0.0707,0.3653,0.0133,0.0261,0.1898,0.1185,0.5462,-0.1415,0.2062,-0.1718,-0.1204,0.1022,0.0027,0.034,-0.0128,-0.3064,-0.0227,0.0378,-0.0713,-0.0455,-0.4763,-0.1352,0.0382,-0.1036,0.0706,0.0064,0.1378,-0.1301,0.1674
513,5573,108,4,walking,-0.0962,0.1186,0.0077,-0.0281,0.0002,-0.0475,-0.0136,-0.0342,-0.1759,0.0277,-0.0175,0.0138,-0.0039,-0.0821,-0.1767,-0.0145,0.0617,0.0136,0.0328,-0.0603,0.0076,-0.0187,0.0274,-0.0314,0.0765,-0.0117,0.0205,0.008,0.0232,-0.0741,-0.0534,0.0212,0.0154,0.0141,0.0352,0.036
518,5578,108,4,walking,-2.5542,-0.2999,0.0475,0.0288,-0.161,0.0938,-0.0213,-0.0026,0.5337,-0.0285,0.0331,-0.2485,-0.017,0.5555,-0.0954,0.1852,-0.065,-0.0173,0.1528,0.0426,-0.0415,-0.0255,0.0868,0.0363,0.0611,-0.0043,0.0121,-0.017,-0.0651,-0.0022,0.0264,0.0387,0.0428,0.0633,-0.0068,0.0138
519,5579,108,4,walking,-0.0021,-0.0636,-0.0124,-0.0526,-0.0179,-0.0635,0.0049,0.0084,0.06,-0.1514,0.0126,0.0072,-0.0052,0.0073,-0.0166,-0.0083,0.0034,0.0338,-0.002,0.0371,-0.0013,-0.0154,-0.1513,-0.0346,0.0353,0.0166,-0.0175,-0.0185,-0.0554,-0.1118,0.0203,-0.0093,-0.021,0.0351,0.1402,0.0581
520,5580,108,4,walking,-0.5707,-0.0816,-0.1108,0.2473,0.136,1.4578,0.2877,-0.1594,0.6046,0.0396,0.0353,2.8792,-0.0178,0.6422,0.65,0.2785,-0.2236,-0.0703,0.1313,-0.1482,0.1534,0.0541,0.1544,0.0899,-0.0028,0.0574,-0.0049,-0.2027,-0.0295,0.3621,0.2584,-0.037,-0.0166,0.2129,-0.1164,-0.5512
521,5581,108,4,walking,1.2616,0.3143,0.335,0.027,-0.082,0.3,-0.2312,-0.2525,0.5517,-0.0724,-0.0202,-0.4649,0.257,-0.1637,-0.0539,0.366,1.471,0.2141,0.0629,-0.142,-0.1532,-0.2348,0.417,0.2211,0.4215,-0.024,0.132,0.5704,-0.4078,-0.3329,0.1715,-0.1173,0.2064,0.1105,-0.127,0.0323
522,5582,108,4,walking,-0.7602,-0.0041,0.0183,-0.0553,-0.0894,-0.0177,0.0176,-0.0248,0.1822,0.0672,0.0184,0.1221,-0.04,-0.007,-0.068,-0.0452,-0.1321,-0.0072,-0.013,0.024,0.0141,-0.0465,-0.0312,-0.1355,-0.024,0.023,0.0175,0.0114,-0.0435,0.0386,0.0074,0.0145,0.031,-0.1837,-0.0174,-0.0405
523,5583,108,4,walking,0.3842,0.0665,0.1669,-0.012,-0.0804,-0.0488,-0.0115,0.0316,0.2344,0.1472,-0.0415,-0.0033,0.0606,0.076,-0.0887,-0.082,0.0508,-0.0108,0.0186,-0.0373,0.0085,0.0151,0.0238,0.1014,-0.0267,-0.0238,0.0446,-0.0786,-0.0618,-0.101,0.0477,-0.0378,0.0177,0.0581,0.2005,-0.086
524,5584,108,4,walking,-0.1412,-0.2768,-0.026,0.1545,-0.3397,0.0627,0.0377,-0.0174,-0.0275,-0.0741,0.0203,0.0312,0.0153,0.0148,0.0703,0.0418,0.0544,0.0521,-0.0742,-0.1363,-0.0057,-0.0376,0.0028,0.1162,-0.0618,0.0129,-0.0467,0.003,0.1263,-0.0486,0.0073,0.0003,-0.0623,-0.1606,-0.1608,-0.211
527,5587,108,4,walking,-0.3641,-1.7843,0.0222,0.1016,0.1677,-0.2663,-0.2134,0.0338,0.2544,-0.0307,-0.0577,-0.0053,-0.0051,0.2832,0.0523,-0.1073,0.0093,-0.1162,-0.044,0.0366,-0.0251,-0.0326,0.0256,-0.0436,0.0332,0.1203,-0.0217,-0.1607,-0.3002,0.1257,-0.2382,-0.0373,-0.0227,0.0161,-0.0035,0.0635
529,5589,108,4,walking,-0.2542,-0.072,0.1386,0.0064,0.1243,0.2653,0.0357,0.0145,-0.0253,0.0852,-0.0478,-0.0635,0.1053,0.2415,0.2256,0.0617,-0.1022,0.0026,0.1771,-0.125,-0.0582,-0.0204,-0.0387,0.0485,0.0107,-0.0317,-0.0447,-0.121,-0.0426,-0.27,0.1136,-0.1057,-0.0525,0.1473,-0.0784,0.2174
530,5590,108,4,walking,0.0078,-0.0677,-0.0268,0.0046,-0.0234,-0.008,0.0175,-0.0098,-0.0047,0.025,-0.0012,0.008,0.0121,-0.0641,0.0301,-0.0119,-0.027,0.0056,-0.02,0.0187,-0.0076,0.0188,0.0067,0.0213,0.0043,-0.005,0.0027,0.0072,-0.0132,0.0032,-0.0084,0.01,-0.017,-0.0086,0.0205,0.0135
531,5591,108,4,walking,-0.7203,0.4758,-0.1109,0.0562,-0.1884,0.2087,-0.08,-0.0324,0.527,0.063,-0.0052,0.0008,-0.0162,0.4848,-0.1252,0.137,-0.0361,-0.0178,-0.015,-0.021,0.0167,0.0133,0.1308,0.0363,-0.113,0.0123,0.0217,0.1308,-0.121,-0.0267,0.0078,0.0156,-0.0022,-0.1747,-0.1517,-0.0374
532,5592,108,4,walking,-1.7235,0.5579,0.0058,-0.0466,0.0477,-0.42,-0.0098,-0.0017,0.4543,0.0381,0.0078,0.032,0.003,0.8062,-0.1708,0.0513,-0.1487,0.0018,0.0762,0.02,0.0045,-0.0316,-0.0142,0.0623,-0.1037,0.0016,0.02,-0.1664,-0.1385,0.0572,-0.1864,0.0103,0.0186,0.0554,-0.0301,-0.1227
533,5593,108,4,walking,0.6685,0.067,-0.0515,-0.0514,-0.0998,-0.0086,0.0062,-0.0021,-0.1675,0.0037,0.0147,0.0365,0.0515,-0.0047,0.0147,-0.0677,0.0123,-0.016,-0.0323,-0.0284,0.0474,0.0183,0.0445,0.0376,0.0177,0.0127,0.0092,-0.1559,0.185,-0.1436,-0.0123,-0.0056,-0.0186,-0.0039,-0.2168,0.1314
534,5594,108,4,walking,0.0107,0.0029,0.0243,0.0478,-0.2204,-0.0843,0.0325,-0.0487,-0.162,-0.0076,-0.0086,0.0131,-0.0096,0.0713,0.1501,0.0406,0.0161,0.0738,0.1164,0.052,0.0427,0.0388,-0.0121,0.0828,-0.0125,0.0129,-0.0238,0.0176,-0.0454,-0.0312,-0.0333,-0.0039,-0.0117,0.007,-0.0464,0.0333
535,5595,108,4,walking,0.1108,0.0831,0.0803,0.1416,-0.0377,-0.0177,-0.0096,0.1413,-0.0104,0.0004,0.0508,0.048,0.036,0.0008,0.0141,0.0067,-0.1018,-0.2022,0.2483,-0.1732,0.1764,0.0484,0.1075,-0.2134,-0.1687,-0.1875,0.0571,-0.3512,-0.1118,0.2127,-0.0404,-0.0242,-0.0722,0.0656,-0.1511,0.0655
536,5596,108,4,walking,-1.0331,0.21,0.0187,0.0732,-0.1626,-0.1315,-0.0136,0.0366,-0.2871,0.018,0.0134,0.0361,-0.1922,0.1473,-0.3632,0.2423,0.0182,0.1041,0.1257,-0.0516,-0.0113,0.0548,0.0617,0.1019,0.2556,-0.0366,0.0347,-0.2874,-0.1233,-0.0059,0.0386,-0.0033,-0.017,-0.0423,0.3415,-0.0028
537,5597,108,4,walking,-0.1255,-0.3801,0.0488,-0.0208,0.1266,-0.2675,-0.0834,-0.048,-0.317,0.0,0.0146,0.0326,-0.0384,0.338,0.063,0.2033,0.0337,-0.155,-0.1309,0.0856,0.0304,-0.1237,-0.0605,-0.1522,0.033,0.0487,0.0713,0.0057,-0.285,-0.1034,-0.0605,0.0054,-0.0658,-0.112,-0.2466,0.0256
538,5598,108,4,walking,1.7082,-0.1815,-0.4282,-0.0415,0.1132,-0.0684,-0.0384,-0.1582,0.4616,0.0289,0.0073,0.019,-0.0476,0.5762,-0.2376,0.268,-0.1463,0.0233,-0.0524,-0.1333,-0.1276,0.0153,0.1247,-0.2204,0.0767,-0.011,0.062,-0.1264,-0.2546,0.051,0.3287,-0.0513,-0.0285,0.0424,-0.1661,-0.0406
539,5599,108,4,walking,-0.151,0.7795,0.2344,0.0864,-0.2341,-0.1068,0.0643,-0.0655,0.46,0.0622,0.0042,-0.0162,0.0345,0.6582,-0.1354,0.0771,0.0714,-0.037,0.0423,0.0443,0.0703,0.0604,-0.2658,0.2513,0.3804,0.0341,0.1146,0.0758,-0.1293,-0.1409,-0.0868,-0.1761,0.0888,0.2437,-0.1746,-0.264
540,5600,108,4,walking,-1.1493,-0.2728,0.0097,-0.0616,-0.5728,-1.518,-0.0775,0.0587,0.5283,-0.0169,0.0162,0.2188,-0.1361,0.2172,-0.5274,-0.4055,0.1003,-0.0511,-0.1403,-0.1702,0.1801,-0.0272,0.0068,0.0422,0.1415,0.0458,0.019,-0.0098,-0.0486,-0.043,0.1412,0.0242,0.0178,-0.155,-0.0717,0.072
542,5602,108,4,walking,0.2563,0.3503,0.0484,0.0006,0.1718,0.121,0.0169,0.0757,0.0523,0.0406,-0.0111,-0.0177,-0.0368,-0.0817,0.1466,-0.1612,-0.0511,-0.0883,-0.0142,0.0184,0.0532,0.0373,-0.1208,0.0378,-0.1032,-0.0428,-0.0267,-0.2061,-0.3058,0.2238,0.1251,-0.1377,-0.0033,-0.1206,0.1288,0.0777
543,5603,108,4,walking,-0.7911,0.0052,0.1425,0.0237,-1.0672,0.2517,-0.0733,0.0764,0.2244,-0.0173,0.004,0.0109,-0.088,0.301,0.0312,-0.0512,0.2082,0.0105,0.075,-0.0504,0.0083,-0.0231,-0.0476,-0.1422,0.0487,-0.0073,0.0445,-0.1617,0.052,-0.0225,0.0506,0.0205,-0.0426,0.1643,-0.0272,0.0632
544,5604,108,4,walking,0.2514,-0.07,-0.0316,-0.0057,0.0739,0.2628,-0.0446,0.0416,0.1112,-0.0043,0.0687,-0.0064,-0.0125,-0.1147,0.2385,0.2081,-0.2332,-0.1172,0.1177,0.0216,-0.0485,0.0681,-0.0761,-0.0354,0.0605,-0.0528,0.105,-0.1273,-0.0278,-0.1517,0.1628,0.1281,0.0685,-0.0555,-0.1445,0.1556
546,5606,108,4,walking,-1.7258,-0.0291,0.0411,0.1553,-0.1034,-0.107,0.0638,0.0445,0.3877,0.1007,0.0207,0.0466,0.0713,0.0425,0.1567,-0.0456,0.0061,0.1272,-0.0849,-0.1086,-0.1144,-0.0538,-0.3655,-0.0611,-0.3335,-0.12,-0.0234,-0.1133,-0.2241,-0.2458,0.1683,-0.217,0.0238,0.1008,-0.0313,-0.2206
550,5610,108,4,walking,0.1402,0.0585,0.036,0.0512,-0.1072,-0.0041,0.02,0.053,0.1141,-0.0096,0.022,-0.0064,-0.0184,-0.0725,0.024,0.0282,0.0006,-0.0044,-0.0433,-0.0644,0.0472,-0.0257,0.0174,-0.0874,-0.0405,0.0344,0.0227,-0.051,-0.0121,-0.0573,-0.013,0.025,-0.0025,0.0049,0.0302,-0.0307
551,5611,108,6,cycling,-0.1031,-0.2403,0.0025,-0.0514,0.0406,-0.1631,-0.144,-0.1509,-0.1729,-0.0456,0.011,-0.0434,0.0367,-0.2178,-0.1474,-0.1061,0.0201,0.0747,0.1067,-0.0062,0.0735,0.0887,0.1322,-0.0408,-0.1143,0.064,-0.0215,-0.1378,-0.1101,-0.0232,0.1705,0.0468,-0.0061,-0.0504,0.0053,0.0
552,5612,108,6,cycling,-0.0791,0.4069,0.044,0.0235,-0.2212,-0.1682,-0.065,0.0152,0.553,0.014,-0.0232,-0.0002,-0.0003,0.6213,0.0267,0.262,0.0384,0.0288,-0.0848,0.0357,0.032,-0.0885,0.1036,0.1093,-0.052,-0.0176,0.0536,-0.031,-0.1806,-0.113,0.0771,0.0272,-0.0038,-0.0327,-0.1486,-0.1265
553,5613,108,6,cycling,-0.1405,-0.9766,-0.0365,-0.1046,-0.266,-0.1381,-0.2532,0.1628,-0.7418,0.065,0.0034,0.0655,-0.1426,0.028,0.1278,-0.1223,0.1466,-0.275,0.0545,-0.0401,0.0402,0.0483,-0.0131,-0.0162,-0.0781,0.0056,0.0475,-0.0127,-0.0387,0.3281,0.0082,-0.1548,0.125,0.188,0.3196,0.0128
554,5614,108,6,cycling,-0.2971,-0.2671,-0.0516,-0.1089,0.5429,0.5725,-0.0147,-0.1352,0.562,0.0239,-0.0444,-0.0425,-0.014,0.1467,-0.0397,-0.1162,-0.1665,-0.0248,0.0672,0.121,-0.0486,0.1,0.2272,0.1215,-0.0788,-0.0214,0.0186,0.1243,-0.1593,-0.1867,0.0124,-0.1113,0.086,0.0029,0.1751,-0.2228
555,5615,108,6,cycling,0.2477,-0.1173,0.1246,-0.0361,-0.2864,-0.1347,-0.0621,0.068,-1.0542,-0.0207,-0.1448,0.1718,0.1072,0.1775,0.0794,0.0206,0.1333,-0.2271,-0.0545,0.238,0.0027,0.0169,-0.0029,-0.3647,-0.1473,0.037,0.0114,-0.067,-0.2642,0.376,-0.0536,0.2767,-0.0784,-0.245,0.0233,0.0766
557,5617,108,6,cycling,-0.0498,0.1824,0.0124,0.0173,-0.104,0.1832,-0.0554,0.0351,0.3209,-0.0168,-0.0336,0.0106,0.0222,0.1622,0.0114,0.0227,0.0036,0.0247,-0.0093,-0.032,0.0536,0.0003,-0.0358,0.0271,0.0462,-0.0072,0.0482,0.0029,-0.0293,-0.023,-0.1023,-0.0203,0.0261,0.0104,0.1121,0.0
559,5619,108,6,cycling,-0.0457,0.7319,-0.0116,0.1725,-0.2229,-0.0128,-0.0259,0.0006,0.5438,0.0283,-0.0374,0.0149,-0.0534,0.9146,-0.0768,0.2382,-0.0758,0.0028,-0.0318,-0.0568,0.0366,0.0265,-0.0673,0.0182,0.0311,0.0278,0.0065,0.0584,-0.0445,-0.0237,0.0106,-0.015,0.0118,0.0371,-0.1721,-0.0171
561,5621,108,6,cycling,-0.3437,-0.3905,-0.0408,0.123,0.7787,-0.1329,-0.0066,0.0402,0.5016,-0.0105,0.013,-0.1258,-0.0336,0.723,-0.0193,0.3037,0.042,0.0175,-0.1417,-0.0055,-0.0078,0.0586,-0.1266,0.1034,-0.1411,0.0106,0.01,-0.1645,-0.0275,0.0065,0.153,0.0061,0.0284,0.0223,-0.1825,0.0622
562,5622,108,6,cycling,-0.1676,0.023,0.0766,-0.0466,-0.1065,0.1081,-0.0137,-0.116,0.0614,-0.0232,-0.0041,0.0286,-0.1243,-0.2301,-0.0266,0.1304,-0.0377,0.0261,-0.0526,0.0254,0.0234,0.004,0.0527,-0.1586,0.1189,0.0734,-0.0785,-0.0676,0.1664,0.0326,-0.0333,-0.0098,-0.0202,0.004,0.0258,-0.0
564,5624,108,6,cycling,-0.3793,-0.4529,-0.0734,-0.0002,0.1587,-0.0251,-0.013,0.0432,0.5688,-0.0231,0.035,-0.0656,-0.0834,0.0291,-0.2609,0.0804,-0.0669,-0.0146,-0.0388,0.0073,0.0635,0.1155,-0.1004,-0.027,-0.0513,0.0258,0.0171,-0.0059,-0.0481,-0.0605,-0.1182,0.0116,0.0273,1.416,-0.1105,-0.1516
565,5625,108,6,cycling,-0.0279,0.2498,-0.1508,0.0478,0.3236,-0.1632,0.1056,-0.0415,0.5663,0.0025,-0.0165,0.0446,0.1147,0.4727,0.1488,-0.014,-0.1824,0.1407,-0.007,0.1853,0.0368,0.1324,0.0472,-0.2476,-0.042,0.033,0.0665,-0.022,-0.0077,-0.0802,0.1868,0.0426,-0.0252,-0.1319,-0.1084,-0.0
566,5626,108,6,cycling,0.1887,-0.0743,-0.0546,-0.0098,0.0375,0.0233,0.0035,-0.0086,0.218,0.0304,0.0077,0.0117,-0.0388,-0.0765,-0.1028,0.0218,-0.0515,-0.0284,-0.0088,-0.0626,0.0187,0.0067,0.043,-0.0653,0.024,0.0135,0.0335,-0.023,-0.0066,0.014,0.1058,0.0245,0.0302,0.0042,0.025,0.006
567,5627,108,6,cycling,-0.1924,-0.1181,-0.0234,0.0804,-0.5704,-0.0272,-0.0119,-0.0667,-0.3108,-0.026,0.0002,-0.0247,0.0066,0.7678,0.0423,0.2418,0.158,-0.0512,-0.1055,0.1155,-0.1221,0.0342,-0.1645,0.0373,-0.1473,-0.021,0.0065,-0.0716,-0.224,-0.0277,-0.1121,0.0333,-0.0148,0.0033,0.0098,-0.0582
568,5628,108,6,cycling,0.4509,-1.1716,-0.3317,-0.1333,-0.1195,0.1001,0.0708,-0.1587,-2.2789,-0.0851,0.0251,-0.1148,-0.3148,1.7803,0.0287,-0.334,-0.1648,0.1241,0.0048,0.0866,0.1012,0.0451,-0.1214,-0.0636,-0.1023,-0.0088,-0.0455,-0.013,0.1241,0.1551,-0.2397,0.1482,0.1202,0.164,-0.2638,-0.3215
569,5629,108,6,cycling,-0.2453,0.2292,0.0578,-0.0071,-0.2212,-0.0607,0.0255,0.0382,0.4591,0.0418,0.0117,0.0307,-0.061,0.0022,-0.0836,-0.0841,0.0385,-0.0027,0.1387,-0.0053,0.0247,0.0075,-0.0007,0.0184,0.0019,0.0147,-0.0343,-0.1462,-0.1221,-0.1276,0.1396,-0.0545,0.0424,-0.1874,-0.0141,0.0
570,5630,108,6,cycling,0.4342,1.74,-0.2424,-0.2302,0.101,0.3824,-0.184,-0.3402,-0.2854,0.1236,0.0764,-0.0847,-0.181,0.3801,-0.1087,-0.1336,0.2148,0.0782,-0.444,-0.1412,0.0004,0.0266,-0.161,0.0113,0.3427,-0.0644,0.0069,0.0571,-0.1576,-0.092,-0.1031,-0.0701,0.0841,-0.2859,0.0168,-0.2278
571,5631,108,6,cycling,-0.0347,-0.3369,0.0138,-0.1141,-0.3616,-0.0827,-0.0178,0.1104,-0.3453,-0.0085,-0.0213,-0.0701,-0.0087,0.2277,0.0027,0.0801,-0.0518,0.0174,0.0413,0.0029,0.007,0.0024,0.0186,-0.0483,-0.0208,-0.0142,0.0463,0.1076,-0.0102,-0.1366,0.1231,0.02,0.0168,0.1147,-0.2043,-0.0358
572,5632,108,6,cycling,-0.1234,0.4828,0.1151,-0.0573,0.2364,0.002,-0.1085,0.1742,0.4703,0.0052,0.068,0.165,0.1045,0.0434,0.1538,0.019,0.0555,-0.0147,-0.0416,-0.0245,0.0502,-0.0561,0.0711,0.0357,-0.142,0.0095,0.0368,-0.1011,0.1622,0.1782,0.0655,-0.1327,-0.1874,-0.0543,-0.2577,0.136
573,5633,108,6,cycling,-0.1336,0.3108,0.0567,-0.0257,-0.1759,0.128,-0.0214,0.0627,-0.1208,0.0645,-0.0442,0.0374,-0.0366,0.3818,-0.0175,0.1493,0.1065,0.0195,-0.1102,0.0421,-0.0759,-0.1307,0.0341,0.0595,-0.0015,-0.115,0.0075,-0.1255,-0.2814,-0.0737,-0.2071,0.0462,-0.0081,-0.0303,0.03,0.0542
574,5634,108,6,cycling,-0.1964,0.616,-0.1772,-0.1889,0.6083,-0.04,0.0231,-0.0289,-1.1416,-0.0037,-0.0114,0.0068,-0.0316,0.3374,-0.1147,-0.0321,-0.21,-0.1892,-0.07,-0.1637,0.0234,-0.0107,0.0023,-0.0748,0.0269,-0.0337,-0.0214,-0.0204,-0.0213,0.008,-0.0517,0.0306,-0.064,-0.2472,-0.0176,-0.1586
575,5635,108,6,cycling,-0.7493,0.4066,-0.0299,0.0581,-1.4752,-0.1561,0.0477,0.0875,-3.1213,0.0375,0.0588,0.0347,0.2785,0.6367,-0.0703,0.1193,-0.3501,0.1011,0.3139,0.2085,-0.1582,0.0433,-0.1267,-0.6433,0.1017,0.1106,-0.012,0.0423,0.0889,-0.3,-1.2414,0.1074,-0.0505,0.4127,0.0384,-0.2572
576,5636,108,6,cycling,-0.4965,0.2396,-0.0756,0.001,0.0892,-0.0265,-0.0512,-0.0157,0.5558,0.025,-0.0046,-0.1008,-0.0768,0.1321,-0.0177,0.2285,0.047,-0.121,-0.01,-0.12,0.14,0.0,0.05,-0.04,-0.04,-0.04,-0.02,-0.03,-0.03,-0.08,0.01,0.0,0.03,0.02,-0.01,-0.01
577,5637,108,6,cycling,-0.3493,0.144,0.0339,-0.0433,-0.0642,0.1301,-0.0159,-0.1284,-0.6648,-0.0466,0.0168,-0.0375,-0.1279,0.1921,0.0618,0.3623,0.0099,0.0732,-0.2231,-0.0554,-0.1445,-0.2634,-0.0494,0.2572,0.075,0.0245,-0.0146,0.0256,0.1088,0.1021,0.2386,0.0224,0.0252,0.0166,-0.0384,-0.0626
578,5638,108,6,cycling,-0.497,-0.0331,-0.0046,0.0,0.0007,-0.0388,0.0047,0.0,-0.2165,-0.0135,0.0167,0.0256,0.0137,0.1175,-0.0822,0.0059,0.0314,-0.0254,0.0156,0.0822,-0.0303,-0.0277,-0.0177,0.003,0.0042,-0.0225,-0.0244,0.0367,0.1265,0.0412,-0.0221,0.0068,0.0017,-0.0204,-0.0435,0.0588
579,5639,108,6,cycling,0.141,0.3183,-0.1158,0.0661,-0.0036,0.0416,-0.0071,0.0208,-0.1115,0.0314,-0.0167,0.1255,0.0524,-0.1158,0.1446,0.005,0.1452,0.0388,0.0218,0.0641,0.0032,-0.0029,-0.0029,-0.0518,0.067,-0.0273,-0.0157,-0.0259,-0.0193,-0.0058,0.0058,0.0007,0.0261,0.1143,0.0736,0.0337
580,5640,108,6,cycling,-0.4832,0.1775,-0.0707,-0.1254,0.528,-0.4121,-0.1635,0.0981,0.6709,0.0967,-0.0063,-0.044,-0.1454,0.5385,-0.1357,-0.0424,0.1447,-0.142,-0.0694,-0.2205,-0.002,0.0444,0.0594,0.0311,-0.0545,-0.004,0.0227,-0.2205,-0.2227,-0.2166,-0.1547,0.0064,0.0254,-0.0135,-0.0628,-0.0
581,5641,108,6,cycling,-1.4381,-0.0176,-0.0325,0.0153,0.0066,-0.1433,-0.0004,0.0184,0.1372,-0.0235,0.0016,-0.0342,0.0433,0.0061,0.0585,0.2385,-0.0732,0.0657,0.0338,0.0093,0.1272,-0.0523,0.2751,-0.0457,0.2044,-0.1754,0.0684,-0.1054,0.106,-0.148,0.1781,0.0251,-0.1362,-0.0731,-0.0536,0.0545
582,5642,108,6,cycling,-0.1616,-0.0123,0.0527,0.0185,-0.0372,-0.0216,0.0013,0.0282,-0.1656,0.0143,-0.0057,0.0168,0.0018,0.077,-0.0244,-0.0112,0.005,0.0171,-0.014,0.0178,0.0341,-0.0254,0.0051,-0.0263,-0.0323,0.0132,0.0004,-0.1085,-0.0419,0.0262,0.042,-0.0174,-0.0047,0.0415,-0.1307,0.0265
583,5643,108,6,cycling,-0.1762,0.9543,-0.0287,0.0583,-0.1589,0.3247,-0.0332,-0.0054,0.5366,0.0049,0.0085,-0.0551,0.0238,0.5152,0.0262,-0.1244,-0.0376,-0.0078,0.0325,-0.144,-0.021,0.0181,0.0314,-0.0024,-0.0523,-0.0085,-0.0503,-0.0837,-0.1325,0.0116,0.1142,0.0407,0.0057,0.0333,-0.1163,0.0421
584,5644,108,6,cycling,-0.7987,0.4052,-0.3116,0.0861,-0.267,-0.4212,-0.0361,0.0073,0.5145,0.0512,-0.0107,0.1308,-0.0044,-0.4041,0.2743,0.0505,-0.1403,-0.0161,0.0587,-0.1851,-0.108,0.0668,-0.0565,-0.1384,-0.0631,-0.0282,0.0134,-0.0615,-0.1183,-0.1329,-0.1432,-0.0771,-0.1788,-0.2374,0.1812,0.1
585,5645,108,6,cycling,-0.104,-0.0354,0.0733,-0.0234,0.0282,0.0032,0.0,0.0267,-0.1711,0.0236,0.0006,-0.0054,0.0086,-0.0501,0.1005,-0.0767,-0.0253,-0.028,-0.1745,0.0231,0.0652,0.045,0.005,-0.0023,-0.0723,0.0168,0.0526,-0.0643,0.1674,-0.0627,-0.0348,-0.0436,-0.0666,-0.1244,-0.0282,-0.0
587,5647,108,6,cycling,0.1122,-0.2653,0.0729,-0.0621,-0.1246,-0.0004,-0.0886,0.0433,-0.3873,-0.0667,0.0019,0.0096,0.0281,-0.0171,0.1162,0.038,0.0257,-0.1866,-0.0788,0.0488,-0.1482,-0.1826,-0.17,-0.1248,-0.1282,0.0828,0.0448,0.1165,0.0131,0.1685,0.042,0.1254,-0.0159,-0.0093,-0.0707,0.0
588,5648,108,6,cycling,-0.1125,-0.7231,-0.0135,0.1858,0.0274,0.0743,-0.0157,0.0338,1.3735,-0.0727,0.0048,0.0151,0.0053,-0.3521,0.2317,0.0315,-0.0238,0.06,-0.0252,-0.0701,0.0176,0.0122,-0.2227,-0.1455,-0.0159,0.0213,-0.0514,0.0223,0.015,0.1414,-0.0302,-0.0107,0.0602,-0.0645,-0.1047,-0.0582
589,5649,108,6,cycling,0.0358,0.3628,-0.0021,-0.0212,-0.0334,0.0783,0.0242,-0.0044,-0.1027,0.0064,-0.0065,-0.0106,0.0148,-0.0744,0.0157,-0.0162,-0.0312,-0.0085,0.0175,0.0263,-0.0176,-0.0039,0.0053,0.0581,0.0143,-0.0225,-0.0114,-0.0251,-0.0117,0.03,-0.0377,-0.0085,-0.0242,-0.0606,0.0205,0.0
590,5650,108,6,cycling,-0.1475,-0.3596,0.2571,-0.0222,-0.2177,-0.0764,-0.0749,0.0319,0.5183,-0.0746,0.0302,-0.0255,-0.0614,0.1655,-0.0441,-0.2644,0.0788,0.0478,-0.1489,-0.0613,0.147,0.072,-0.343,0.2373,-0.0348,0.0384,-0.0474,-0.0411,-0.0411,-0.2457,-0.2145,-0.0279,0.0536,-0.1412,0.1785,0.1313
591,5651,108,6,cycling,-0.0497,0.6047,0.0154,0.0474,0.0454,-0.1422,-0.0644,0.0105,0.5725,-0.0172,0.0087,-0.0405,0.0064,-0.1724,0.0159,0.1785,-0.1673,-0.0614,0.1053,0.0462,-0.0321,0.0178,-0.0402,-0.0802,-0.0162,0.0218,0.0255,0.0207,-0.0127,0.0096,0.0656,-0.0102,0.0081,0.0589,-0.0304,-0.0204
592,5652,108,6,cycling,0.3863,0.8678,0.101,-0.2514,0.0631,-0.161,-0.1626,0.0026,0.3182,-0.0673,-0.1322,0.1603,-0.1359,0.0684,-0.0971,-0.1349,0.0301,0.2218,0.0784,-0.1664,0.0003,-0.2823,-0.4608,0.0604,0.0431,0.0277,0.054,-1.0584,0.0614,-1.4252,0.0389,-0.1724,0.0752,0.0149,-0.0222,0.1428
593,5653,108,6,cycling,-0.7974,-0.3342,-0.3253,0.2528,-0.5754,-0.0731,-0.0197,0.0217,0.4885,0.0467,-0.005,0.0842,0.0085,0.053,-0.0064,0.1226,0.0472,-0.0881,-0.1245,0.0311,-0.0567,-0.084,-0.1022,-0.2421,-0.2524,-0.0678,0.0783,0.006,-0.0557,0.0832,0.3206,-0.0372,0.0678,-0.1626,0.0142,-0.1885
594,5654,108,6,cycling,0.0363,0.2103,-0.1321,-0.0788,0.2744,0.3645,-0.2537,-0.0221,-0.0487,-0.03,0.0282,0.0634,-0.0673,0.2045,0.0248,-0.2325,-0.0238,0.1205,-0.0238,-0.1428,-0.0665,-0.1031,-0.1448,0.1625,-0.0298,0.0359,0.0865,-0.1268,0.225,0.0273,-0.2668,0.0039,-0.0223,-0.0563,0.0265,-0.0
595,5655,108,6,cycling,0.1343,-0.0795,-0.1524,-0.157,-0.1004,-0.0761,0.0236,-0.0128,-0.0677,-0.0183,0.0063,0.0175,-0.0173,-0.0062,-0.2611,0.0472,-0.0161,0.0102,-0.0482,0.0465,-0.0094,0.0137,-0.0431,0.0588,-0.017,0.0048,0.0017,0.0114,-0.0209,0.018,0.0222,0.0147,0.0107,-0.0141,0.031,0.0073
596,5656,108,6,cycling,-0.4297,-0.2833,0.1548,-0.0311,-0.5142,-0.2232,-0.0874,-0.1356,0.3283,0.1164,0.0311,0.0385,0.0886,0.256,-0.1282,-0.1173,-0.0435,0.0542,0.0676,0.0588,0.0425,-0.1036,-0.0195,0.2184,0.1525,-0.0871,-0.0807,0.1442,-0.1651,-0.1366,-0.2568,0.0162,0.152,0.0677,-0.1668,0.1371
597,5657,108,6,cycling,0.0548,0.1409,0.0654,-0.0268,-0.008,0.0095,-0.0178,-0.0247,-0.1702,-0.0235,0.0341,0.0143,0.0025,-0.1534,-0.0271,0.0071,0.0402,0.026,-0.0383,0.0139,-0.0151,-0.0345,0.0145,0.0045,0.0037,-0.0324,0.0086,-0.0485,-0.0631,-0.0319,0.0212,-0.0203,0.0302,0.0463,0.0167,-0.0
598,5658,108,6,cycling,0.2154,0.3445,0.0157,-0.1385,-0.2157,-0.0466,-0.2381,0.1455,-0.2334,0.0434,-0.0257,0.0448,0.1068,-0.318,0.0501,-0.3076,0.0744,-0.1587,0.1187,0.0242,0.1372,0.0871,-0.2321,-0.1268,0.0252,-0.1804,0.1258,0.0215,0.2327,0.1777,0.0675,-0.0186,-0.0867,-0.105,-0.3767,0.2
599,5659,108,6,cycling,0.0086,-0.024,0.0055,-0.0055,-0.0511,-0.0221,-0.0373,-0.0453,-0.0535,0.0373,0.0156,0.0362,-0.0016,-0.0534,0.0183,-0.0013,0.0053,0.007,0.0102,-0.0177,0.0043,-0.0065,-0.0107,-0.0003,0.0214,0.0208,0.0117,-0.0141,-0.0134,-0.0167,0.0226,0.0119,0.0045,0.0105,-0.0177,-0.0
600,5660,108,6,cycling,-0.1309,-1.0743,-0.2141,-0.0786,0.0671,-0.0327,0.0733,0.0436,0.5037,0.0262,0.0133,0.062,0.0102,0.8425,-0.005,-0.2543,-0.0165,-0.03,-0.0105,0.0054,0.0085,0.0362,-0.1386,-0.025,-0.13,0.0115,0.0352,-0.1124,-0.0125,-0.0197,0.1549,0.0187,0.0203,0.0072,-0.0682,0.0038
601,5661,108,6,cycling,-0.0457,0.2945,-0.0157,0.006,-0.1645,-0.1211,0.0028,0.038,0.4473,0.0062,-0.0033,-0.0013,-0.0455,0.8184,0.0035,-0.0048,0.0217,0.038,-0.0658,-0.1689,0.0713,0.0235,-0.052,0.0333,0.0256,-0.0174,0.0117,-0.0227,-0.0206,-0.0275,-0.0785,-0.022,0.0171,-0.0037,-0.1163,0.0633
603,5663,108,6,cycling,0.4729,-0.1866,-0.0098,-0.0025,0.2136,0.0509,-0.0234,0.0485,-1.331,-0.0013,-0.0167,0.0561,-0.0522,-2.867,-0.1475,-0.1486,-0.1524,-0.0008,-0.1828,0.0824,-0.137,0.0706,0.2454,-0.0034,0.043,-0.0317,0.0064,0.0269,-0.0391,0.0091,0.007,0.0168,0.0088,0.2451,0.3073,0.0048
607,5667,108,6,cycling,-0.0383,0.3072,-0.015,0.0077,-0.009,-0.0053,-0.0121,0.0367,-0.1357,0.0072,-0.0214,0.0375,-0.0084,-0.4064,0.0104,0.0284,0.028,-0.0318,0.0036,0.0154,0.0214,0.0146,-0.0128,0.0034,0.0165,0.0315,0.0074,-0.0156,-0.0243,-0.0223,-0.01,0.0223,-0.0325,0.0214,0.0304,-0.0087
608,5668,108,6,cycling,-0.0149,0.7473,-0.0179,0.1127,-0.0221,0.0334,-0.0054,-0.0123,-0.488,0.0254,0.0158,0.0121,-0.0504,-0.1802,-0.0601,-0.1465,-0.0111,-0.0067,-0.0611,-0.0647,-0.0067,0.0074,0.0704,-0.013,-0.0048,0.0336,0.0029,0.0174,0.1353,0.0305,0.0216,0.0122,-0.0308,0.0426,-0.0701,-0.0
609,5669,108,6,cycling,-0.0034,0.1015,-0.0103,0.0308,-0.0006,0.0773,-0.0306,0.0245,0.0252,-0.0121,0.008,-0.0145,-0.0106,0.1001,-0.0047,-0.0817,0.0384,0.0187,-0.0001,-0.0353,-0.009,0.0146,-0.0441,-0.0445,0.0302,-0.0055,-0.0315,0.0143,-0.0558,0.0234,0.0277,-0.0018,0.0251,0.0381,-0.0379,0.0
610,5670,108,6,cycling,-0.0942,0.0081,0.0082,-0.0038,0.0886,0.0582,0.0134,-0.0233,0.3777,-0.0301,0.0104,-0.0305,0.0059,0.3121,0.0118,0.0262,0.022,-0.0161,0.0106,0.0228,0.0437,0.0104,0.0019,0.0112,0.0048,0.004,0.0204,0.0046,-0.0764,-0.0258,0.0156,0.0128,0.0303,0.1256,-0.064,0.0256
611,5671,108,6,cycling,-0.496,0.7182,-0.0513,-0.0553,-0.7543,-0.2296,-0.035,0.0301,0.5523,-0.022,-0.0075,-0.0679,0.1311,0.44,0.1773,0.5228,-0.041,0.0718,0.0193,0.1771,-0.0155,-0.0204,-0.2375,-0.2024,-0.1788,-0.0857,0.0365,-0.3465,-0.0222,0.3123,-0.1442,0.0243,-0.1562,-0.036,0.1574,-0.0708
612,5672,108,6,cycling,-0.2149,-0.147,-0.0245,0.0183,-0.0303,-0.2808,-0.0143,0.0175,0.3477,-0.0016,0.001,-0.0556,0.0108,0.0006,0.0284,0.1186,0.1183,0.0646,-0.0687,0.0207,0.0368,0.015,0.0612,-0.0101,-0.0441,0.0014,0.0268,0.1465,-0.0244,-0.0596,-0.1326,0.0014,-0.0263,0.1115,-0.0471,-0.0354
613,5673,108,6,cycling,0.1065,-0.1323,-0.0447,-0.014,0.0046,-0.0208,-0.0537,-0.0054,0.0727,-0.0355,0.0414,0.0135,-0.018,-0.015,-0.0678,-0.1178,-0.0402,-0.0262,-0.065,-0.0117,-0.0384,-0.0037,0.0103,-0.0244,0.0137,-0.0175,-0.0158,0.0256,-0.0702,-0.0105,0.0079,-0.0166,-0.0031,-0.0041,-0.0155,0.0
614,5674,108,6,cycling,0.0276,-0.0029,-0.0323,0.0132,0.041,-0.0155,0.0166,-0.0041,-0.0024,0.0074,-0.0042,-0.0024,-0.0049,0.0226,0.0026,0.0254,-0.014,-0.0246,0.013,0.0333,0.0035,-0.006,-0.0248,0.0152,0.0189,0.0061,-0.0034,0.0114,-0.0099,0.0073,-0.0211,-0.005,0.0088,0.0028,0.0157,-0.0057
615,5675,108,6,cycling,0.2418,-0.0267,-0.0447,-0.0037,-0.0704,0.1431,-0.1428,-0.0005,0.1461,-0.0652,-0.0123,0.0467,0.2056,-0.2428,-0.2478,-0.0216,0.0456,0.022,-0.009,0.0259,0.0526,-0.1518,-0.0017,0.2651,0.0607,-0.0771,-0.0273,-0.1551,0.1601,-0.0514,-0.1028,-0.0256,-0.0602,0.0178,-0.0339,0.0385
616,5676,108,6,cycling,-0.4394,1.0418,0.2327,-0.315,-0.281,-0.2304,-0.0252,0.1678,-0.4959,0.012,-0.0055,0.0849,-0.014,0.1705,-0.3441,-0.2673,-0.2101,0.0321,0.3013,-0.2375,-0.1481,-0.0441,0.155,-0.2047,0.1466,0.0343,0.0404,0.0625,0.0827,0.4332,0.0478,0.0147,-0.088,0.084,0.0365,0.0625
617,5677,108,6,cycling,-0.0507,-0.1648,-0.0028,-0.0715,-0.0034,0.0129,0.0208,-0.0417,-0.0617,0.03,0.0025,0.0473,0.0514,0.0586,0.1027,0.2493,-0.1011,0.0178,0.0517,0.05,0.0165,-0.0037,-0.0154,-0.0102,0.0268,-0.0034,0.0105,-0.0344,0.0622,0.0176,0.0253,0.0073,0.0372,0.0134,-0.0118,-0.0311
619,5679,108,6,cycling,-0.0744,-1.7312,0.0576,-0.0139,0.0801,-0.0778,-0.024,-0.036,-0.3765,-0.0132,-0.004,0.0224,0.0188,0.4614,-0.0238,0.088,0.0378,-0.0166,0.0677,-0.0208,-0.0046,0.006,-0.0355,0.0542,0.0376,0.0086,0.0441,-0.0586,-0.1657,0.0475,0.0546,0.027,-0.0049,-0.0421,0.1233,-0.1
620,5680,108,6,cycling,-0.3464,-0.2307,0.0135,-0.0725,-0.0614,-0.1214,0.0247,-0.1603,-0.0715,0.0202,-0.006,-0.063,0.1571,-0.0001,-0.0418,-0.1324,-0.0069,0.024,0.1122,-0.0351,0.1121,0.0287,0.0323,-0.0584,-0.0326,0.0183,-0.007,-0.0776,0.1326,-0.0526,0.1087,0.0207,-0.0088,0.1017,0.0255,-0.0
621,5681,108,6,cycling,-0.2754,0.329,-0.2023,0.1821,-0.2567,0.3782,-0.0159,-0.1653,0.5811,0.0461,-0.0466,0.0742,-0.1522,0.4113,0.0225,0.024,0.0327,-0.0024,-0.1361,0.061,0.0145,0.058,-0.239,0.0778,0.0574,-0.1851,-0.1325,-0.1774,-0.0852,-0.0229,-0.1234,-0.0223,0.084,-0.0728,-0.1171,-0.017
622,5682,108,6,cycling,0.1589,-0.1089,0.0382,0.0203,-0.2589,0.0447,-0.035,0.072,-0.0346,-0.0171,-0.0067,0.0374,-0.0121,0.0052,0.0084,0.0189,-0.0309,-0.0485,-0.0375,-0.0052,0.0283,-0.0037,-0.0656,-0.0287,-0.0334,0.0041,0.0504,0.0436,0.0352,-0.0217,0.0256,0.0004,-0.0074,-0.1282,0.11,-0.0
623,5683,108,6,cycling,-0.7179,0.4054,-0.0417,0.0227,0.2489,-0.3647,0.1275,-0.0331,0.5861,0.0548,0.0626,0.0766,-0.2326,0.167,0.0306,0.1812,-0.1789,0.1149,-0.1345,-0.0053,-0.1436,-0.0544,-0.1574,-0.0561,0.1309,0.0133,0.0863,-0.0249,-0.1808,0.0145,0.0225,0.041,0.0462,0.145,-0.1107,0.178
625,5685,108,6,cycling,-0.358,0.1417,0.0045,0.0306,0.2281,-0.0821,-0.0231,-0.0351,0.119,0.1786,0.0047,0.0244,-0.0676,-0.224,-0.1371,0.0088,0.0383,-0.0853,0.0171,0.0503,-0.0079,-0.0053,0.1466,-0.0237,-0.0273,0.0076,0.0367,-0.0207,-0.1121,-0.0427,-0.0373,0.015,0.0048,0.0837,-0.0411,-0.1123
626,5686,108,6,cycling,0.4193,0.7031,-0.1485,-0.2339,0.104,0.0561,-0.1184,-0.0332,-0.1629,0.0122,0.0102,0.0702,0.0242,-0.2133,-0.1036,0.2169,0.0584,0.0201,0.1666,0.0274,0.0308,0.0789,-0.2322,-0.0332,0.1805,0.0163,-0.0587,-0.2342,-0.0863,0.1786,-0.0229,-0.0316,-0.0385,0.0384,-0.0694,0.0493
627,5687,108,6,cycling,0.1291,0.5224,-0.1482,0.0227,-0.1083,0.0442,-0.1062,-0.0232,-0.3251,-0.0572,0.0337,0.015,-0.0076,-0.2476,0.0513,-0.0421,-0.035,-0.0574,-0.0606,-0.1188,0.047,-0.0503,0.0648,0.1757,0.108,0.1189,-0.0865,-0.0338,-0.2434,0.0208,-0.1187,-0.0402,0.0482,0.0623,0.0341,-0.0
628,5688,108,6,cycling,-0.0495,-0.27,0.0086,-0.0502,-0.1333,-0.0129,-0.0146,0.025,0.5073,-0.0072,0.0178,0.0485,0.0066,0.695,-0.0506,-0.0024,-0.0538,0.0125,-0.0046,0.0221,0.0264,-0.052,-0.0123,0.015,-0.0055,-0.0006,-0.0246,-0.0575,-0.1517,0.028,0.1304,0.0038,0.0143,-0.0766,-0.0655,-0.0106
629,5689,108,6,cycling,0.0148,-0.8188,-0.1164,-0.0181,0.2201,-0.0543,0.0347,-0.011,-0.1617,-0.0047,-0.0418,0.0528,0.0246,-0.0303,0.0628,0.0537,0.0241,-0.0518,0.0466,-0.0564,-0.024,-0.0617,0.1058,-0.0514,0.0094,0.0117,-0.0076,0.0181,-0.031,0.009,-0.062,-0.0222,-0.0379,0.0357,0.1528,-0.0272
630,5690,108,6,cycling,-0.471,0.2774,-0.1368,-0.1438,-0.2872,0.0466,0.1468,0.1205,0.5553,-0.1416,-0.0351,-0.0402,-0.2867,0.7655,-0.068,0.367,-0.1454,-0.023,-0.1156,0.0226,-0.1823,0.0136,0.0308,0.0765,-0.0545,0.0465,-0.0235,-0.1743,-0.205,-0.0312,0.2393,0.0472,-0.0218,-0.1084,-0.2248,0.1255
634,5694,108,6,cycling,0.1,0.2602,-0.0327,0.0254,0.0175,-0.0144,0.0145,-0.0145,0.5053,-0.0178,-0.0127,-0.0022,0.0107,-0.0165,-0.0078,-0.0572,-0.0061,0.0002,0.0008,-0.0126,0.0087,0.0118,0.0218,0.0201,0.0044,0.0027,0.011,-0.0268,-0.0287,-0.0132,-0.0094,0.0135,-0.0048,0.0012,-0.0367,0.0
635,5695,108,6,cycling,-0.0086,-0.0197,-0.0314,-0.0103,0.0076,-0.0004,0.0081,0.0345,-0.0731,0.0113,-0.0012,-0.0176,-0.0275,0.0178,0.0147,-0.0092,-0.0353,0.0328,0.0141,0.0122,-0.0005,-0.0057,0.0358,-0.16,0.0258,-0.103,-0.0508,0.007,-0.013,-0.0186,0.0044,0.0073,-0.0107,0.0474,-0.3543,0.0
636,5696,108,6,cycling,-0.4222,-1.1875,0.1468,-0.285,-1.1729,0.0449,-0.2457,-0.0142,-0.5798,0.0274,0.1205,-0.0339,0.0354,-0.1506,0.0482,0.0661,0.1337,0.1797,0.058,-0.046,0.1483,0.0838,0.1851,0.4188,-0.1222,-0.0172,0.0177,-0.4133,0.0072,-0.2311,0.378,0.03,0.0678,0.0611,-0.0527,-0.0063
637,5697,108,6,cycling,-0.2461,0.4402,0.0755,-0.1751,-0.0126,0.081,0.011,-0.1661,0.6457,0.0067,0.0258,0.0216,-0.158,0.5454,-0.0567,-0.0241,-0.116,-0.0215,0.0109,0.0312,0.0485,0.0023,-0.046,-0.0607,0.0137,0.0044,-0.0456,-0.0697,-0.2245,0.1001,0.1623,0.1035,0.003,-0.2727,0.0143,-0.0869
639,5699,108,6,cycling,-0.0747,-0.0126,-0.0068,-0.0249,-0.0362,0.1123,-0.0063,-0.0076,0.5583,0.0173,0.017,-0.0332,-0.0032,0.5282,-0.066,0.0083,0.0555,-0.0208,-0.0568,-0.0077,-0.0087,-0.0128,0.0026,-0.0101,-0.0043,-0.0173,-0.0153,0.031,-0.0754,-0.0094,-0.0099,-0.0055,0.0264,0.0346,-0.1008,-0.0166
640,5700,108,6,cycling,-0.1469,-0.0768,-0.0252,0.1171,-0.2368,0.1054,-0.0428,-0.0375,0.2828,0.0412,0.0361,-0.0431,0.0127,0.7483,0.0425,0.0483,-0.0729,-0.0093,0.022,0.0118,0.0062,0.0344,-0.1736,-0.0236,-0.0426,0.0182,0.0282,-0.0225,-0.0352,-0.0262,-0.0273,0.0338,-0.0286,-0.0445,-0.0142,-0.1013
641,5701,108,6,cycling,0.1775,0.0745,0.0188,-0.0063,0.1288,-0.2518,0.0052,-0.0171,-0.0206,-0.0178,0.0138,0.0473,0.0365,-0.0886,0.0603,0.0087,-0.0256,-0.0318,-0.03,-0.0344,0.0256,-0.0303,-0.0344,0.0352,0.0097,-0.0085,-0.0485,-0.2121,-0.0351,0.0148,0.0738,-0.0086,0.0432,0.0288,0.0716,-0.1
642,5702,108,6,cycling,-0.4958,-0.6024,0.1511,-0.2408,0.373,0.2332,-0.11,0.1431,-0.5155,0.0248,-0.0356,-0.0039,-0.202,-0.0025,-0.0704,-0.0248,-0.0595,-0.117,0.0771,-0.1774,-0.1013,0.058,-0.2714,0.2412,-0.1231,0.0843,-0.0158,0.202,0.0255,-0.2476,0.2071,-0.0135,0.0722,0.1178,-0.2559,0.1244
644,5704,108,6,cycling,-0.0656,0.0324,0.0169,0.0041,0.0487,-0.0282,-0.0064,0.0174,0.1577,-0.0321,0.04,0.044,0.0342,0.3578,-0.0012,-0.0115,-0.0055,0.0226,0.177,-0.001,-0.0454,0.0534,0.028,-0.0426,0.0275,0.0083,-0.0121,0.0113,-0.113,-0.022,0.0071,0.0102,0.0022,0.0185,-0.0347,-0.0037
645,5705,108,6,cycling,-0.3559,-1.1741,-0.1485,0.1689,0.2656,0.0232,-0.121,-0.0563,0.5506,0.0269,0.0016,-0.0652,0.0544,-0.1586,0.175,0.4225,0.0552,-0.0203,0.0284,0.062,0.0223,0.0556,-0.2677,0.0542,0.0213,0.0671,-0.0424,2.485,-0.0786,-0.0622,-0.2164,0.0482,-0.0386,-0.0064,-0.1146,-0.0261
646,5706,108,6,cycling,0.1878,0.4453,0.0523,-0.038,-0.077,-0.0351,-0.0105,-0.022,0.08,-0.0557,0.0073,0.0005,-0.0066,-0.1515,0.0232,0.0585,0.0063,0.0212,-0.0064,-0.0586,0.012,0.0098,-0.071,-0.0061,0.0079,-0.0218,0.0023,-0.0101,-0.0253,-0.0153,0.0281,0.012,0.0355,0.003,-0.1077,0.0
647,5707,108,6,cycling,-0.496,-0.621,0.0665,0.0757,-0.1322,-0.3457,-0.0307,-0.0802,0.549,-0.0512,0.005,0.0406,0.0876,0.0088,-0.2745,-0.2357,-0.2466,-0.0638,0.0449,0.1006,-0.0185,0.033,-0.3254,-0.0221,-0.1775,-0.0623,-0.0767,0.1315,-0.1868,0.1546,0.1484,0.0351,0.1177,0.2461,0.0457,0.1576
648,5708,108,6,cycling,-0.0024,0.014,-0.0113,-0.0006,-0.0427,0.017,0.0133,0.0101,-0.0259,0.0145,0.004,0.0085,0.0282,0.0384,0.0186,0.0033,-0.0103,-0.0007,-0.005,-0.0188,0.0126,-0.0071,0.0283,-0.0025,-0.015,0.0073,0.0126,-0.0135,-0.0555,0.0066,-0.0016,-0.0027,-0.0211,-0.0164,-0.0158,0.0
649,5709,108,6,cycling,-0.2178,0.0086,0.0115,-0.0401,-0.0629,-0.1061,0.0263,0.0567,1.1846,0.0604,-0.009,0.0537,0.0045,0.1866,0.0535,-0.0446,0.0272,-0.023,0.0344,0.0343,0.0355,-0.0641,-0.0571,0.0387,0.0037,0.0633,0.0171,-0.0442,-0.0209,-0.0757,0.0241,0.0053,-0.0238,-0.0325,-0.0532,-0.0
651,5711,108,6,cycling,-0.1653,0.0084,0.0034,0.015,0.0126,-0.0004,-0.0118,0.0056,-0.0678,0.0108,0.0063,0.0073,0.0076,0.0002,0.0389,0.0122,-0.017,0.0265,-0.0053,0.0022,0.0043,0.0016,-0.0126,-0.0236,-0.0097,0.0065,-0.0061,0.017,0.0126,-0.0131,0.0127,0.0013,0.0017,0.0073,-0.0055,-0.0046
653,5713,108,6,cycling,-0.4185,-0.3946,-0.1881,-0.02,0.285,-0.3615,0.0221,0.0563,0.5845,-0.018,-0.0182,-0.0735,0.0473,0.1155,-0.1621,0.0613,-0.0145,0.0606,0.0346,0.1335,-0.0443,-0.1316,-0.2028,-0.2478,-0.1013,0.002,0.0115,-0.151,-0.2837,-0.1085,-0.2764,0.0098,-0.0404,-0.1354,-0.062,-0.2707
654,5714,108,6,cycling,0.2102,-0.4614,-0.0553,-0.0033,0.258,-0.0652,0.0781,-0.0208,0.2777,0.0652,0.0564,0.0272,-0.0027,0.0553,-0.0261,-0.0207,-0.0146,-0.1468,-0.0215,0.0233,0.1114,0.1357,0.0049,-0.0797,0.0138,0.0516,0.0048,0.1088,-0.1207,-0.0613,0.113,-0.0537,-0.0514,0.0475,-0.0788,0.0
655,5715,108,6,cycling,-0.094,0.6283,0.1203,-0.0228,-0.2293,-0.2079,-0.1126,-0.0036,0.5113,0.0222,-0.0062,-0.0062,-0.0263,0.8876,-0.0375,0.0459,-0.1274,0.1638,-0.0812,0.1686,0.0474,0.0682,0.0324,0.0614,-0.0107,-0.001,-0.032,-0.004,-0.2324,-0.0065,-0.0083,0.0227,0.0084,0.0053,-0.132,-0.0463
656,5716,108,6,cycling,-0.4327,-0.3871,0.0038,0.0335,0.0726,-0.0576,-0.0239,0.0315,0.2521,0.0057,-0.0052,-0.0233,-0.0334,0.1188,-0.0134,-0.0867,-0.0349,-0.0118,0.0211,-0.0033,0.0142,0.0014,0.0025,0.0067,-0.0007,-0.0476,-0.0044,0.2213,-0.0251,-0.067,0.1272,0.0137,0.0064,0.0176,-0.0338,0.168
657,5717,108,6,cycling,-0.1594,-1.0354,0.2403,0.001,0.5803,-0.1071,0.113,-0.0082,0.3122,0.0218,0.0215,0.0519,0.0186,0.3658,0.062,-0.4455,-0.0436,-0.0534,0.0289,-0.1715,0.1224,-0.006,-0.0467,0.0592,-0.0044,0.0021,0.0086,0.02,-0.0801,-0.1607,0.1263,-0.0553,-0.0042,0.0063,-0.1832,-0.0338
659,5719,108,6,cycling,-0.4327,0.3779,-0.0014,-0.0212,-0.4351,0.0112,-0.0141,0.0284,-1.3413,-0.0441,-0.0235,-0.1382,0.0881,0.3487,-0.153,-0.0017,0.0623,0.0003,0.0349,0.0774,0.1214,-0.0653,-0.2615,-0.0405,-0.0877,-0.0316,-0.0427,-0.0768,-0.0178,-0.1341,-0.0854,0.0507,-0.1382,-0.1219,-0.2862,0.0541
660,5720,108,6,cycling,1.7812,-0.6363,0.0006,0.2446,-0.1271,-0.1289,-0.2004,-0.1028,-1.8688,-0.1288,0.2545,0.1326,0.2035,-1.1262,-0.3775,0.0609,-0.1637,-0.217,-0.2656,-0.2285,0.0753,0.103,-0.1427,0.0679,-0.1475,0.0044,0.2184,-0.2405,0.0949,-0.3407,-0.4753,-0.1337,0.1013,-0.1354,-0.2404,0.3
662,5722,108,6,cycling,1.6433,-0.2639,0.1547,0.0322,0.1222,-0.3124,-0.0165,0.0425,-0.2026,-0.1761,-0.0638,-0.0086,-0.0194,-0.267,-0.5428,-0.2212,0.0177,0.2369,0.1535,0.1746,0.3452,0.2488,0.151,-0.539,0.0608,-0.3752,0.0828,-0.1368,0.16,-0.2587,0.0563,0.0093,-0.0326,-0.1006,0.0275,-0.084
664,5724,108,6,cycling,0.1624,0.1398,0.0301,-0.0613,-0.1179,-0.1364,0.0133,-0.0173,-0.4543,-0.0648,0.0281,0.0074,0.0639,0.0552,0.021,-0.0234,-0.0557,0.037,0.0419,0.0186,-0.0032,0.0215,0.0146,-0.0361,0.0025,-0.045,-0.0151,-0.0192,-0.053,0.1532,-0.0644,-0.0061,-0.0134,0.005,0.1048,-0.1103
666,5726,108,6,cycling,0.1566,-0.3352,0.0424,0.0025,-0.026,0.033,0.0072,-0.0014,0.1112,0.0142,0.0071,-0.0222,-0.0368,-0.0616,-0.0145,0.0077,-0.0004,0.0112,-0.0203,0.022,0.0029,0.0383,0.0046,0.0156,-0.0237,-0.0174,-0.0052,0.0181,-0.0264,0.0158,-0.0358,0.0047,-0.0055,-0.0077,0.0185,0.0
667,5727,108,6,cycling,0.4795,-0.3754,0.0436,0.0013,-0.1638,-0.1717,0.0051,-0.005,-0.0625,0.0278,-0.0018,-0.0457,0.0062,0.0574,-0.0307,0.2436,-0.0162,-0.0135,0.0628,0.07,-0.0082,0.0501,0.0027,-0.0886,-0.0341,-0.0471,-0.0272,-0.0141,-0.0236,0.1173,-0.0227,0.0267,-0.0004,0.0132,-0.0246,0.0231
669,5729,108,6,cycling,-0.4726,-0.2416,-0.0058,0.0247,1.1726,-0.0051,0.0023,-0.0111,0.5092,-0.0033,-0.0102,-0.0047,0.0075,0.1973,-0.0018,-0.0731,-0.0678,0.031,-0.1037,-0.0086,-0.0511,-0.0115,0.009,0.0668,-0.0225,0.0068,-0.0048,-0.0207,-0.1061,0.02,0.0507,0.0026,-0.017,0.0435,0.0716,-0.0431
670,5730,108,6,cycling,0.3881,-0.057,-0.1077,0.1868,-0.1269,-0.1516,-0.204,-0.0693,0.2418,-0.0089,0.0139,-0.0546,0.2182,-0.2083,0.075,0.0655,0.006,-0.1444,0.1503,0.0148,-0.0625,0.037,-0.0388,0.0754,-0.0175,0.0022,0.02,0.1258,-0.1836,-0.1019,0.014,0.0205,-0.0716,0.2226,-0.1678,-0.0
671,5731,108,6,cycling,-0.244,0.1722,-0.01,0.0047,-0.0164,0.1248,0.0068,0.0258,-0.1543,-0.07,0.0545,-0.0231,-0.0324,-0.0407,0.1884,0.1103,-0.0707,-0.0642,0.0468,0.0078,-0.0043,0.0524,0.0085,0.0782,0.057,-0.0184,0.062,-0.0448,0.0248,-0.1025,0.0162,0.0255,-0.0154,-0.0704,0.0813,0.1
672,5732,108,6,cycling,-0.4532,-0.0798,-0.0105,0.0405,-0.0846,0.1225,0.0087,-0.0415,-0.2561,0.0026,0.0075,0.0067,-0.0534,-0.1583,-0.1866,0.2815,0.0866,-0.116,0.0483,-0.0432,-0.018,0.0733,0.0804,-0.0447,0.0023,-0.0174,-0.0102,0.0441,0.124,-0.0433,-0.1215,-0.0233,0.0146,0.056,-0.0253,-0.0183
673,5733,108,6,cycling,-0.1943,0.4228,-0.0272,-0.007,-0.2532,0.0486,-0.0278,0.004,0.498,0.0178,0.0023,0.0372,-0.0122,0.1022,-0.0714,-0.0843,0.0332,0.0467,0.0109,-0.0238,0.0353,0.0074,0.0427,0.1027,0.0186,-0.0377,-0.0125,-0.0321,-0.0293,-0.125,0.0847,0.0278,-0.014,-0.083,-0.1481,-0.0467
675,5735,108,6,cycling,-0.4917,-0.1615,0.0445,-0.1517,0.1445,-0.3337,0.019,-0.0002,0.5075,0.026,0.0017,0.1241,-0.0506,0.068,-0.1422,0.1244,0.0252,-0.0802,-0.1242,-0.1015,0.082,-0.0264,-0.2053,-0.1354,-0.1648,0.016,-0.022,-0.1743,-0.0131,-0.0371,0.0278,0.0126,-0.0087,-0.1237,-0.0158,-0.1862
676,5736,108,6,cycling,-0.0479,-1.7802,-0.2068,-0.1545,-0.2166,-0.266,0.0503,0.1301,0.5732,-0.0233,-0.035,-0.157,0.15,0.4926,0.0013,-0.0015,-0.0253,-0.0551,-0.0292,-0.0732,0.0723,-0.0841,-0.1743,-0.234,-0.1065,0.0147,0.1285,-0.3213,-0.1742,-0.244,-0.2398,0.038,-0.1001,0.2714,0.0429,-0.2624
677,5737,108,6,cycling,-0.497,-0.3201,0.1041,0.0659,-0.2649,-0.0267,-0.0214,-0.0518,0.5532,-0.0175,-0.0275,-0.0372,-0.0161,0.2661,-0.0551,0.067,0.0235,0.0259,0.03,-0.0523,0.0382,0.0611,0.043,0.0441,0.0119,0.0352,-0.0364,-0.1264,-0.077,-0.0654,0.1834,0.0037,0.0008,-0.078,-0.1127,-0.0484
678,5738,108,6,cycling,0.3249,0.4304,-0.1151,0.1437,-0.2565,-0.236,-0.262,0.0473,0.1593,-0.1833,-0.1112,-0.1273,-0.1048,0.3373,-0.1,-0.3486,-0.0733,-0.0792,0.2607,-0.0161,-0.1588,-0.0667,0.243,0.0214,-0.24,-0.0754,-0.0668,-0.0858,0.0192,-0.021,-0.1201,-0.0846,0.0365,0.2377,0.1459,0.2677
680,5740,108,6,cycling,0.0129,0.0603,-0.0075,0.0141,0.0073,-0.0358,-0.0072,-0.0084,0.0734,-0.0012,-0.0083,0.0164,-0.0131,0.1214,0.0345,-0.012,0.0448,0.0166,0.0228,0.0009,0.0203,-0.0022,0.0459,-0.1383,0.053,0.0282,0.0137,-0.0315,0.0099,-0.0684,-0.0202,0.0254,-0.0115,0.0105,-0.0164,0.0003
681,5741,108,6,cycling,-0.593,-0.0485,-0.0039,0.0376,0.4177,0.2655,0.0059,0.0285,0.3573,-0.0628,0.0306,-0.0412,-0.0812,0.3106,-0.1225,-0.0583,0.0045,0.0418,0.0546,0.1674,-0.0661,-0.0756,-0.1823,-0.0092,0.0416,0.0317,-0.0004,-0.1723,-0.1721,0.0882,-0.0027,0.0127,-0.0004,0.014,-0.0053,-0.0762
682,5742,108,6,cycling,-0.1961,-0.0092,0.1447,-0.0226,-0.008,0.1332,0.0352,-0.1575,-0.3404,0.1355,-0.0079,0.0689,-0.0453,0.417,-0.0178,0.0177,0.1348,0.0302,-0.1453,0.0257,0.0773,-0.0805,-0.0491,0.142,-0.0469,0.0626,0.0352,-0.109,-0.0283,-0.0264,0.0481,-0.0124,-0.0814,-0.054,0.0139,0.0
684,5744,108,6,cycling,-0.2923,1.1269,-0.0624,-0.2526,-0.1249,-0.215,-0.1566,0.1056,0.4806,-0.0803,-0.1365,-0.0241,-0.3094,0.2738,-0.3785,-0.1639,0.0735,-0.2389,-0.0101,0.3004,0.232,0.2546,-0.1171,-0.123,0.1625,0.0485,-0.0333,-0.1264,-0.2048,-0.2071,-0.2084,-0.1107,0.1206,0.0589,-0.1239,-0.2404
685,5745,108,6,cycling,0.0183,-0.1712,0.0106,0.0116,0.0167,-0.0166,-0.0168,0.0002,0.0276,-0.0375,0.0022,0.0212,0.0281,-0.0054,0.0312,0.0372,-0.0504,-0.009,-0.0037,-0.0506,0.0227,0.0154,-0.0056,0.0242,0.0258,-0.0151,-0.0223,-0.0307,-0.0248,0.0146,-0.0095,0.0121,0.0068,0.0141,0.0151,0.0
686,5746,108,6,cycling,-0.1198,-1.2486,-0.1087,0.0056,0.4321,-0.0243,-0.0107,-0.0446,-1.1907,0.0065,0.0043,0.0115,-0.0107,-0.4761,0.0373,-0.2314,-0.1041,0.0768,0.1865,0.0037,0.0061,0.0032,0.0841,-0.0606,-0.015,-0.0383,0.0513,-0.0108,0.1054,-0.02,-0.364,0.0212,0.0054,-0.0656,-0.0694,0.0059
687,5747,108,6,cycling,0.017,0.0473,0.1313,-0.128,-0.1,0.1341,-0.0382,0.0561,-0.0006,0.0355,0.0155,0.0322,-0.104,-0.0822,0.1588,-0.1808,-0.0465,0.052,-0.081,0.0056,0.0616,0.1502,-0.2567,0.0664,-0.0632,-0.1474,-0.0633,0.0235,-0.0293,0.0238,-0.0285,-0.0126,-0.0146,0.1254,-0.022,-0.0
688,5748,108,6,cycling,0.0006,-0.2369,0.0411,-0.0828,0.0161,0.0319,0.0276,0.0468,-0.1005,0.0288,0.0154,-0.0471,-0.0353,-0.083,0.0184,0.0889,0.0382,-0.0546,-0.0025,0.031,-0.0663,0.0453,-0.0504,0.0777,0.0118,-0.0177,-0.0234,-0.0162,-0.1163,-0.0216,-0.0323,-0.0176,0.0079,0.03,0.0472,0.0386
689,5749,108,6,cycling,0.0071,-0.0889,-0.0473,0.1121,0.2315,0.0378,0.1031,0.122,-0.1771,-0.0373,0.0705,0.0154,-0.085,-0.1772,-0.0409,0.0705,-0.0352,0.0745,-0.1258,-0.1176,0.0355,0.0766,-0.0242,-0.0387,-0.1061,0.1368,0.0204,0.1707,0.1022,0.1436,-0.0037,0.0581,0.0074,-0.0217,0.1511,-0.0
690,5750,108,6,cycling,-0.0492,0.1497,0.015,0.021,0.175,-0.021,0.058,-0.0303,-0.0725,-0.0138,-0.0114,0.0002,0.0366,0.2036,0.0156,-0.0287,0.0169,0.0088,-0.0097,0.0313,-0.0058,0.0188,-0.044,-0.0159,0.0173,0.0012,0.0158,-0.0738,-0.1148,0.0443,-0.0773,0.008,-0.0017,0.0176,-0.0507,0.0031
691,5751,108,6,cycling,-0.4093,-0.3786,-0.2235,-0.2033,-0.5833,-0.3292,-0.0074,0.1136,0.2327,-0.0125,0.0136,-0.0242,-0.1421,0.366,-0.1171,0.037,0.1324,0.1723,0.0325,0.0377,0.0383,-0.018,-0.2033,-0.1867,0.104,0.0142,-0.0711,-0.0732,-0.2325,-0.0572,0.0507,0.0437,0.0447,-0.0772,-0.2081,-0.1401
692,5752,108,6,cycling,-0.0492,-0.0031,-0.0158,0.0007,-0.1432,-0.011,-0.0023,-0.0015,0.3026,-0.0016,-0.0025,0.0242,-0.033,0.0166,0.032,0.0087,0.0367,-0.0227,0.0273,-0.0171,0.0101,-0.0035,0.0058,0.0266,-0.007,0.01,-0.0018,0.0064,-0.0188,0.0013,-0.0407,0.0127,0.0007,-0.0615,0.0147,0.027
694,5754,108,6,cycling,-2.0802,1.907,-0.2237,0.3664,0.8206,0.0642,0.0478,-0.1124,1.2669,0.0345,0.0319,-0.0132,-0.1283,0.1007,0.0463,-0.0371,-0.0782,-0.0375,0.1504,0.1464,-0.1301,0.19,-0.244,0.2413,0.2745,-0.2113,0.163,-0.1176,-0.0894,-0.1834,0.0554,0.1138,0.0473,0.1603,-0.1534,0.2151
695,5755,108,6,cycling,-0.4794,-0.1503,-0.1866,0.0622,-0.4441,-0.4709,-0.2863,-0.1075,0.3958,-0.0307,0.0279,-0.004,-0.2662,-0.0348,-0.0232,0.1746,-0.2303,0.1463,-0.3552,0.2204,-0.0565,0.0272,-0.0679,-0.4898,-0.364,-0.0505,-0.1531,-0.1836,0.0075,-0.2302,0.2241,0.1189,0.0167,-0.1794,0.0782,-0.1642
696,5756,108,6,cycling,-0.0541,0.6982,0.0055,0.0643,-0.0138,-0.0173,-0.0238,0.0181,-0.5166,0.0038,0.0073,0.0128,-0.0481,0.3589,-0.031,-0.1257,-0.0524,0.0343,0.0488,-0.0304,0.0125,-0.044,0.1366,0.1197,-0.0442,0.0058,-0.0256,-0.0145,-0.1084,0.0108,-0.0528,0.0264,0.0078,-0.0437,-0.1666,-0.0228
698,5758,108,6,cycling,0.2263,0.0556,0.001,0.0634,0.1275,-0.0104,0.0236,-0.0545,-0.2281,0.0258,0.0216,-0.1169,0.07,-0.0741,-0.3154,-0.0097,0.0727,-0.0637,0.0851,0.0059,-0.0365,0.0198,-0.1306,-0.0431,0.0204,0.0581,-0.0205,0.1385,-0.1413,-0.0455,-0.0412,-0.0303,0.0186,0.0247,0.0039,-0.0004
699,5759,108,6,cycling,0.4775,-0.1081,-0.0845,0.0157,0.2208,-0.2608,0.0053,-0.1572,-2.2151,-0.0218,-0.0556,0.0404,-0.1312,-0.6731,-0.1178,-0.5382,0.0602,-0.0855,0.0205,-0.1663,-0.2651,0.0536,0.1791,0.0824,0.1461,-0.0574,0.022,-0.1637,-0.068,0.0834,-0.2276,0.0097,0.1664,0.0375,0.285,-0.0645
700,5760,108,6,cycling,-0.1694,0.2145,0.0578,-0.1229,-0.5256,-0.1222,-0.1018,-0.0169,-0.1943,-0.0106,0.0237,0.0522,0.0403,-0.0351,0.0123,0.043,-0.1832,-0.0533,0.0262,-0.0479,0.0624,0.0411,0.0611,-0.1156,-0.07,0.0093,0.0106,-0.0805,0.1208,-0.0761,0.2614,-0.0783,0.073,0.1734,0.1688,-0.055
701,5761,108,6,cycling,-0.0034,0.0046,-0.0057,0.0105,-0.0301,0.0162,0.0203,-0.0155,0.0248,-0.0073,-0.0007,-0.0018,-0.0345,0.0105,0.0381,-0.022,-0.012,-0.025,-0.0148,0.0076,-0.0216,0.0123,-0.0103,0.007,-0.0251,0.0246,0.0043,0.0205,0.0226,0.0069,-0.0022,0.0263,-0.0052,-0.0255,-0.0084,0.0004
702,5762,108,6,cycling,0.1664,-0.2388,0.0749,0.0647,-0.0685,-0.1168,-0.1113,0.1221,0.1487,-0.064,0.0448,-0.0006,0.0464,0.0301,-0.0608,0.0355,-0.0004,-0.0848,0.0102,-0.0228,0.0482,0.1012,-0.0146,0.0638,-0.1068,0.0851,0.1027,-0.0305,-0.0067,-0.1176,0.0317,0.063,0.118,-0.0541,0.0764,0.0284
704,5764,108,6,cycling,-0.069,0.0321,0.026,0.032,-0.1184,-0.0609,-0.0446,-0.0189,0.4706,0.0079,0.0068,0.0078,0.0043,0.5344,0.0202,0.1166,0.0224,-0.0252,-0.0557,-0.0084,0.0102,-0.0116,0.0263,0.0026,-0.0132,0.0038,-0.0118,-0.078,-0.1414,-0.0458,-0.0618,-0.0271,-0.0017,-0.0332,-0.0668,0.0408
705,5765,108,6,cycling,0.0781,0.0595,0.0363,0.0305,0.07,0.0033,-0.0127,0.0063,0.0274,0.0162,-0.0118,0.1126,0.1032,-0.0164,-0.0155,-0.1648,-0.0003,-0.0887,-0.1077,0.0356,0.0402,-0.0035,-0.2813,0.0078,0.0096,0.0074,0.0282,-0.032,0.1238,0.0262,-0.0268,-0.0047,0.0835,0.116,0.1305,0.0874
706,5766,108,6,cycling,-0.4591,1.1685,0.1768,0.1294,-0.3899,-0.0262,-0.2831,-0.3156,0.5435,0.1742,-0.0264,0.0799,-0.149,0.0851,0.0866,-0.3172,0.0763,-0.2155,-0.1705,0.2485,0.1151,-0.3356,-0.284,-0.2461,0.4757,0.0121,-0.0469,0.2012,-0.4387,-0.372,-0.2898,0.0698,-0.0578,-0.2269,0.1871,0.3321
707,5767,108,6,cycling,0.0459,-0.1597,0.0068,0.0131,0.2041,-0.1027,-0.0364,-0.0345,0.5296,0.0119,-0.006,-0.0121,0.0069,0.6103,-0.0155,0.0117,0.0384,0.0027,0.0034,-0.0237,-0.0098,0.0082,0.0535,-0.0306,0.0055,-0.0222,0.0132,-0.123,-0.0325,-0.0326,-0.1663,-0.0227,0.0286,0.0136,-0.0601,-0.0
708,5768,108,6,cycling,-0.5607,-0.1879,0.035,-0.304,0.4756,0.0062,-0.1008,-0.2744,0.0165,-0.0253,0.0037,0.0275,0.112,0.345,-0.1737,-0.0821,0.1473,-0.1618,0.219,-0.1235,-0.1094,0.1244,0.0382,-0.0246,-0.0813,-0.0623,0.0887,0.2733,0.0671,0.2038,-0.2223,0.1183,0.1176,-0.2477,-0.1755,-0.1184
709,5769,108,6,cycling,-0.2711,0.3665,-0.1732,0.0057,0.5621,-0.0771,-0.0626,0.0054,0.1788,0.0711,-0.0226,-0.0568,-0.0087,0.0851,-0.0692,-0.0462,-0.0652,-0.1276,0.07,-0.0045,0.0404,0.0341,-0.2114,0.1283,-0.0145,-0.1004,0.0118,-0.0474,-0.3382,-0.0604,-0.178,0.0774,-0.0243,-0.0594,-0.0433,-0.0369
715,5775,108,6,cycling,0.1076,0.3243,-0.0005,-0.0041,-0.014,0.1521,-0.0129,-0.0688,-0.5636,-0.0069,0.032,0.0234,-0.0334,0.0253,-0.0206,-0.0416,0.0176,-0.0157,0.068,-0.009,0.0553,0.0096,-0.3808,0.0843,-0.2124,-0.0411,-0.0673,0.0633,0.0082,-0.0441,0.0273,0.0157,0.0245,-0.1123,-0.0264,-0.0
716,5776,108,6,cycling,-0.3497,-0.0728,0.0863,-0.145,-0.1854,-0.543,-0.1518,0.0767,0.5784,0.0706,-0.0771,-0.0231,-0.1336,0.0545,0.0073,0.0809,0.0048,-0.0787,0.0845,-0.083,0.1121,0.1866,-0.1421,-0.1874,0.1486,0.0242,-0.152,-0.1554,-0.1192,-0.145,0.028,0.067,-0.0113,-0.0792,-0.1164,-0.0369
718,5778,108,6,cycling,-0.0944,0.373,-0.1202,0.0057,0.181,0.3065,-0.0882,0.0009,-0.502,0.0423,0.0022,-0.1158,-0.0753,0.9556,-0.0822,0.0454,0.0773,0.0386,0.2226,-0.1142,0.0209,0.0778,0.1734,-0.1526,-0.2108,0.0251,-0.0483,0.0164,-0.1607,-0.0338,0.0742,-0.0178,0.0207,0.0425,0.0078,-0.016
720,5780,108,6,cycling,-0.0498,-0.1707,0.0558,0.0144,0.1642,-0.1759,-0.0286,-0.0135,0.5701,0.0161,-0.002,0.0126,-0.0083,-0.0108,0.0042,0.074,0.0238,0.0103,-0.0282,-0.009,-0.0064,0.02,-0.0122,-0.0723,-0.0074,0.0212,0.0101,-0.1164,-0.0215,-0.0071,-0.046,-0.0007,0.0187,-0.0237,-0.0042,-0.0256
722,5782,108,6,cycling,-0.0944,0.1881,0.0224,0.0135,0.0249,-0.1052,-0.0202,0.0012,0.4986,0.0233,0.0104,0.008,0.0133,0.7311,0.0317,-0.0578,-0.0031,0.0157,0.0579,-0.0277,-0.0589,-0.0356,0.0664,-0.0501,0.0435,0.0184,0.0057,0.0313,-0.0577,-0.0452,-0.0576,0.0201,0.0067,0.0351,-0.0582,0.0288
723,5783,108,6,cycling,0.4762,-0.1141,-0.0602,0.0841,-0.2834,-0.2167,0.0847,0.0808,0.0673,-0.022,-0.0047,-0.0177,0.0135,-0.0227,0.0024,0.1084,0.0184,-0.1332,0.1143,0.055,0.0166,-0.0738,-0.1634,0.0613,-0.0514,-0.0476,-0.108,-0.2622,0.0433,0.187,-0.0853,0.115,0.0756,-0.141,-0.0715,-0.0
724,5784,108,6,cycling,0.4297,-1.0327,0.0116,0.016,-0.0771,-0.1013,-0.0663,-0.0474,-1.2522,0.0338,0.041,0.0555,0.0725,1.2891,-0.0741,-0.2369,-0.0214,0.0276,0.0462,-0.0582,0.0378,0.1415,0.1229,-0.2114,-0.086,-0.0446,-0.0804,0.1172,0.0232,0.1542,0.0833,0.006,-0.0121,0.088,-0.0766,0.0371
725,5785,108,6,cycling,0.1793,-0.0339,0.0095,0.0606,0.2031,-0.3526,0.1203,-0.0467,-0.115,0.0317,-0.0518,0.086,0.0663,0.1046,-0.1514,-0.0414,0.0189,-0.2477,-0.0194,0.0721,-0.1551,0.1815,0.0107,0.1773,0.0484,-0.0508,-0.1524,0.0684,0.3091,0.0831,-0.0971,-0.033,0.0285,-0.0433,0.1257,-0.0
726,5786,108,6,cycling,-0.1944,-0.3084,0.2114,-0.1416,0.0553,-0.0318,-0.0546,0.1423,-1.521,-0.2083,0.0017,0.0123,-0.055,0.5271,-0.0308,0.1356,0.0301,-0.1003,0.3447,0.2004,0.0171,0.124,0.5728,-0.3431,-0.2064,0.0073,0.0028,-0.2488,-0.3471,-0.2584,0.5855,0.057,0.1118,-0.1881,-0.564,0.2808
727,5787,108,6,cycling,-0.1577,0.2401,-0.0444,-0.0353,-0.1013,-0.1418,-0.0375,-0.0277,0.3245,-0.0157,0.0246,0.0483,0.0452,-0.1078,0.0474,0.0358,0.001,0.0426,0.0334,-0.0388,-0.0238,0.1123,0.0502,0.1061,-0.174,0.1083,-0.0522,0.0557,-0.1177,-0.0434,-0.0744,0.0074,-0.0027,0.0346,0.0006,-0.0
728,5788,108,6,cycling,0.2625,-0.1761,0.0166,-0.0183,0.057,0.0237,0.028,0.013,-0.0652,-0.0074,0.0247,0.0048,0.037,-0.0534,-0.0354,0.0195,0.0055,-0.0304,0.0077,0.0335,-0.0401,-0.0237,0.032,-0.0246,0.0846,0.0115,0.0185,-0.0241,-0.1114,0.0317,-0.0433,0.0044,-0.0008,-0.0251,0.0253,0.0217
729,5789,108,6,cycling,0.1457,-0.0337,0.0775,0.1084,-0.0825,0.0533,-0.0001,0.1419,0.145,0.0136,0.0097,-0.003,0.0316,-0.0401,0.0135,-0.032,0.0151,-0.0428,-0.0192,0.0305,-0.0184,-0.0187,0.0631,-0.0853,0.0101,0.0117,0.0251,0.0073,-0.034,0.0201,-0.0096,-0.0526,0.0024,0.0277,0.0264,0.0061
730,5790,108,6,cycling,-0.1451,-0.2494,-0.0208,0.0607,0.0709,0.0441,0.0417,-0.0621,-1.0165,0.0006,0.0026,0.0085,0.006,-0.032,0.0577,0.1003,-0.0758,0.0225,0.0208,0.0377,-0.0151,0.0086,0.1573,0.041,0.0782,-0.005,-0.0207,-0.0734,-0.1302,-0.0572,-0.0337,0.0406,0.0245,-0.0428,-0.1138,-0.032
731,5791,108,6,cycling,-0.146,0.5498,-0.1747,0.0623,-0.3123,-0.1152,-0.0002,0.0151,0.5098,0.0548,-0.0383,0.0038,0.0131,0.4565,-0.045,-0.2775,-0.0187,-0.0442,-0.1284,-0.0736,0.1302,0.073,-0.2851,-0.2476,0.2035,0.0056,-0.0415,0.1335,-0.3104,-0.0027,0.3884,0.0202,0.0871,-0.0612,-0.0878,-0.2618
732,5792,108,6,cycling,0.0784,-1.3752,-0.1715,-0.1512,0.2515,-0.1654,-0.0891,-0.0897,0.4172,-0.1046,-0.03,0.1335,-0.0784,0.1368,-0.0235,0.0266,0.0197,0.1032,-0.064,-0.1126,0.0303,0.1731,0.0216,0.2324,-0.1455,0.0007,0.0286,0.0025,-0.179,0.0196,-0.0452,0.0095,0.0686,0.0073,-0.1043,-0.0172
733,5793,108,6,cycling,-0.44,0.4051,-0.2139,0.0565,0.6776,-0.2214,0.057,0.0156,0.4607,-0.0825,0.0026,0.0226,-0.0541,0.3252,-0.0437,0.2022,0.0524,0.1088,-0.1355,0.0281,-0.1866,0.0732,0.2685,-0.2425,-0.0861,-0.0035,-0.0053,0.1275,0.0189,-0.0884,0.0405,-0.0467,-0.0244,-0.0097,-0.0438,0.0257
734,5794,108,6,cycling,0.2577,-0.0097,0.0722,0.111,0.505,-0.1817,0.0176,-0.0172,0.5762,0.057,0.0422,-0.0006,-0.0128,0.4234,-0.0765,0.0045,0.0279,-0.0462,0.1656,-0.1818,0.1801,0.1625,0.0815,-0.0226,-0.1887,0.031,0.0174,-0.2063,-0.2635,-0.0041,-0.1865,0.0254,-0.0613,-0.0561,-0.1108,0.0278
735,5795,108,6,cycling,-0.423,0.4836,-0.041,-0.0248,-0.021,-0.0587,0.0511,-0.0164,0.3674,0.0089,0.025,-0.0002,-0.0168,0.0026,0.002,0.0457,0.0643,-0.0117,0.0273,-0.0518,0.0432,0.0125,0.1585,0.0476,0.0387,0.0217,0.0218,-0.0824,-0.0432,-0.1345,0.0326,-0.0255,0.0152,0.0187,-0.1422,1.0679
737,5797,108,6,cycling,0.0615,0.1332,-0.0108,0.0205,-0.0721,0.0044,-0.0373,0.0347,0.0067,0.0052,0.014,-0.0085,-0.0536,-0.0145,0.0121,0.01,-0.0309,0.038,0.0254,-0.0248,-0.0157,0.0061,0.0022,0.0185,-0.0122,0.0181,0.0058,-0.0225,-0.0503,0.0615,-0.033,0.0071,0.0224,-0.0348,0.0098,-0.0
738,5798,108,6,cycling,-0.4418,-1.5103,0.3635,-0.1069,-0.4277,0.0166,0.0612,0.0273,0.4725,-0.1468,-0.0613,0.1825,-0.0109,0.4448,-0.1775,0.3161,-0.2564,0.1706,0.2508,0.1652,-0.2458,-0.1074,-0.1672,-0.4154,0.206,0.0528,-0.0056,-0.1592,-0.161,0.0886,0.1018,-0.1344,0.2782,0.0174,0.1311,0.0177
739,5799,108,6,cycling,-0.2341,-0.4141,0.069,-0.0117,-0.1632,0.0506,-0.0574,0.0217,0.5446,-0.0167,0.0014,0.0083,-0.0517,-0.0321,0.0027,0.1527,-0.0081,0.0136,-0.0702,-0.1514,0.0724,-0.0438,-0.1184,-0.0604,-0.0049,0.038,-0.0258,-0.1143,-0.1284,-0.1215,0.048,0.0575,0.0303,-0.1107,-0.1423,0.0108
740,5800,108,6,cycling,-0.147,0.2409,-0.1213,-0.148,0.2688,0.0146,-0.0244,0.04,0.5476,0.0221,-0.021,0.0387,-0.0165,0.6272,-0.1072,-0.0731,-0.11,-0.0112,0.1607,0.0047,0.0437,0.0224,0.0662,0.0141,-0.0189,0.0234,0.0502,-0.1077,-0.1693,0.0676,-0.2855,0.0273,0.0346,-0.0766,-0.0342,0.08
741,5801,108,6,cycling,-0.1971,0.0984,-0.0589,-0.0246,-0.3266,0.0164,0.0005,0.012,-0.5432,-0.0129,-0.0137,-0.0206,-0.0142,0.9127,-0.0377,0.0232,0.0427,-0.0006,-0.0077,-0.0049,0.0256,0.0261,0.0461,-0.146,-0.066,0.0227,0.0274,0.0555,-0.122,0.0322,0.0516,-0.0275,0.0243,0.0559,-0.0514,0.0118
742,5802,108,5,running,0.0277,0.2637,0.0789,-0.2828,0.0215,0.0132,-0.0286,0.0124,0.0663,0.027,0.0578,-0.0049,0.0233,0.0055,-0.0234,-0.0036,-0.0778,0.0,0.1065,-0.1186,0.1277,-0.1305,-0.1667,-0.0664,-0.1501,0.1622,-0.0847,0.0733,-0.0863,0.061,-0.2043,0.1148,0.2611,-0.1656,-0.0322,-0.0
743,5803,108,5,running,-1.4479,0.2644,4.582,-0.2524,0.5613,0.24,-0.1848,-1.9127,0.378,0.4886,-0.6483,0.2743,-0.0381,0.0018,-0.1874,0.2782,-0.1244,-0.3715,-0.2742,-0.2683,0.2438,0.1486,0.0482,-0.2452,-0.0289,0.2683,0.1213,-0.288,0.0469,1.2251,0.127,-0.4016,0.2368,-0.4195,0.0817,-0.0
744,5804,108,5,running,0.3081,0.0217,1.7803,0.1257,-0.2812,-0.1285,0.2139,0.1274,0.3802,0.035,0.1372,0.2432,0.6514,-0.134,-0.1025,0.2141,-0.0873,0.0886,0.4402,-0.0397,0.0241,-0.3734,0.0143,0.0295,0.483,-0.0091,0.074,0.2635,-0.2507,0.3228,-0.1633,-0.0335,-1.0223,-0.3768,-0.2015,0.0
747,5807,108,5,running,-1.7284,0.1249,-0.2057,0.213,0.2797,-0.128,0.0383,0.1505,-0.0003,0.1103,0.0067,-0.0224,-0.1737,-0.2763,0.0848,0.1633,-0.1678,-0.2259,-0.3741,0.1878,-0.1004,0.0844,0.0173,0.2371,0.2245,-0.1418,-0.1706,-0.15,0.3003,0.2224,0.1707,-0.2638,-0.0283,0.0804,-0.013,-0.1
748,5808,108,5,running,-0.1432,-0.4119,0.0058,0.0142,-0.1507,0.633,-0.0022,-0.0783,-0.127,-0.2713,-0.1147,0.0878,-0.0713,-0.0254,-0.2088,0.0701,-0.1604,0.0754,0.562,0.0738,-0.0397,-0.4662,0.0867,-0.2024,-0.2447,0.2018,0.2868,-0.308,0.0645,-0.0838,0.1354,-0.3241,-0.1772,-0.0561,0.0487,0.0
749,5809,108,5,running,0.1668,-0.2029,0.1526,-0.3192,-0.0575,0.1152,0.0723,0.0843,0.0651,-0.0675,0.1881,0.037,0.1138,-0.067,0.0557,-0.0872,-0.0586,0.3071,-0.2348,-0.1887,0.0257,0.1384,-0.0454,0.2152,-0.0537,0.0611,0.1116,0.0206,0.2157,-0.1877,0.1613,0.1418,-0.0737,-0.0085,-0.0373,0.0
751,5811,108,5,running,0.215,0.1435,0.0715,-0.1655,0.2083,-0.078,0.3042,0.3053,0.0067,-0.2267,-0.1016,0.2366,0.0255,-0.0042,-0.0209,0.0162,0.136,-0.1196,-0.1323,0.068,0.3615,-0.1177,-0.2227,-0.0803,0.1417,0.0252,-0.0485,0.0246,0.286,0.0021,0.1583,0.2655,-0.0554,0.1414,0.0881,0.0
752,5812,108,5,running,0.2974,-0.1146,0.0722,2.8474,-0.1625,1.2585,0.3621,-3.8792,-0.4654,-0.0796,3.044,-0.1617,-1.3801,-0.1036,-0.0819,0.0159,-0.0449,-0.0593,2.8434,0.2508,1.7549,0.1293,-0.0173,-0.1364,0.1552,-0.0198,0.0614,-0.1473,0.6753,0.0479,-0.2014,-0.0562,1.5344,-0.6824,-0.0727,-0.0111
753,5813,108,5,running,-0.7497,-1.4222,-0.34,-0.3611,0.0624,-0.4605,0.2872,-3.551,-0.2508,-0.2435,0.0355,0.039,-3.4418,0.0521,-0.2136,-0.014,0.0325,-0.0231,-1.445,0.3329,0.1145,0.1328,0.0226,0.1192,-0.2147,-0.2599,-0.4684,-0.1017,0.2143,0.016,-0.3202,0.4318,-0.1807,0.2859,0.0091,0.1362
755,5815,108,5,running,-0.4729,-0.3111,-1.4694,-1.2673,-0.732,-1.2772,-0.2419,0.3494,0.5244,1.0839,-1.2455,-0.0577,0.0348,-0.02,0.0535,0.0323,0.1672,1.0528,0.3498,1.1748,0.7502,0.26,-0.21,0.0862,-0.4802,0.0798,-0.1633,-0.1615,-0.2263,-0.2371,-0.3134,0.0931,-1.3307,-0.0165,-0.227,-0.1325
756,5816,108,5,running,-0.027,-0.03,0.2837,0.0605,-0.0533,0.0116,0.174,0.3204,0.0268,0.0668,-0.0383,-0.0022,-0.0381,-0.0048,0.0581,-0.0704,-0.0463,-0.1086,0.1712,0.0053,-0.0528,0.0387,-0.1287,-0.1543,0.0165,0.0854,-0.1507,-0.1548,0.0252,0.0358,-0.0068,-0.042,0.1204,-0.0477,0.1031,0.0
757,5817,108,5,running,0.0269,-0.4203,-0.083,0.1888,-0.1247,0.0601,0.0289,-0.0446,-0.0492,0.1261,0.1248,-0.2628,-0.3493,0.0552,-0.1157,0.3481,-0.01,0.025,-0.2412,0.009,-0.0857,-0.1561,0.1006,-0.0384,0.0072,-0.0723,0.0126,0.1714,0.3407,-0.0208,-0.2374,0.3274,-0.0088,0.1838,0.1378,-0.3
758,5818,108,5,running,-4.9773,0.2443,-3.1,-0.1117,0.0843,0.5462,1.3042,0.3476,0.6217,2.5262,0.2442,0.0695,-0.4384,0.1286,-0.3173,0.3315,-0.4333,0.3507,0.4505,3.2812,0.6771,0.1412,0.3737,-0.1075,-0.5203,1.12,-1.0793,-0.2844,-0.3029,-0.2042,0.0254,0.2883,-2.1275,0.7752,-0.1325,-0.2039
759,5819,108,5,running,-0.1224,-0.1079,0.2833,0.2616,-0.1781,0.0795,-0.2226,0.0078,-0.035,0.1555,0.143,0.0813,0.0465,0.0172,0.1215,-0.038,-0.2156,-0.0585,-0.4682,0.0133,0.1381,0.1052,0.0842,-0.1713,0.1455,0.1207,-0.0015,0.0142,-0.0434,-0.1697,-0.1202,-0.017,0.2078,0.247,0.2579,0.0
761,5821,108,5,running,-1.1947,-1.4179,0.2052,0.1252,0.0161,0.4697,-0.0051,-0.0135,0.5128,0.1861,-0.0503,-0.0057,0.0521,0.0483,0.0136,0.0316,0.0244,-0.1829,0.1316,-0.2059,-0.1538,0.079,-0.121,-0.2321,0.0764,-0.0171,-0.0211,-0.0869,-0.0384,-0.1478,0.0687,0.0671,-0.0333,-0.1471,0.0654,0.0411
762,5822,108,5,running,-0.4791,1.0607,-1.2639,1.1169,-0.1857,-0.117,0.5041,0.2301,0.2432,2.7188,-0.6201,-0.1801,-0.078,0.0785,0.0263,-0.1665,0.0772,-0.3288,-0.5307,0.4163,1.2185,0.1215,0.0533,-0.5425,0.2123,0.6887,0.0109,-0.154,-0.1284,-0.2212,-0.1455,-1.7364,0.1621,-0.0762,-0.0515,-0.0
763,5823,108,5,running,0.1665,-0.1223,-0.3227,0.0654,0.3128,0.0384,-0.0095,0.1033,0.3886,0.0848,0.025,-0.1112,0.0671,-0.0628,-0.1036,0.101,0.2557,0.1688,-0.2084,0.2335,-0.0098,-0.0855,-0.1434,-0.1301,0.0514,-0.1537,0.0847,-0.0037,-0.1663,0.1276,0.0252,0.1343,0.2807,0.0099,-0.0405,-0.2
765,5825,108,5,running,-0.4947,0.6224,-0.578,-0.6061,-0.4216,1.1511,-0.0133,0.1686,0.1147,-2.5342,0.3604,-0.3744,0.2477,-0.5518,-0.2106,0.2178,-0.2267,0.1246,-0.1005,1.713,0.2423,0.5259,0.4415,-0.2808,-0.0055,-0.2133,0.009,-0.4625,0.0473,0.1313,0.1854,-2.4975,0.1828,0.2551,0.0609,0.3436
766,5826,108,5,running,-2.7422,-0.1944,-3.0379,6.1956,-0.0291,0.095,-1.8614,-1.8114,0.623,2.2579,5.186,0.0479,2.4312,-0.2363,-0.6708,0.1151,0.3429,-1.0053,-0.7193,-0.588,-0.5533,2.0038,1.2748,-0.0561,0.4383,5.8721,-2.6235,0.58,0.483,0.0437,0.1175,5.3705,-0.3894,-0.0135,0.2828,0.5
767,5827,108,5,running,-0.3562,-0.2282,0.3487,0.5801,-0.5628,0.0538,-0.0738,0.048,0.223,-0.0999,0.0139,-0.0458,-0.0554,-0.0376,0.1377,-0.003,-0.4284,0.0138,-0.3387,0.3683,-0.2503,0.2175,0.0092,0.0394,-0.0564,0.0646,-0.0591,-0.0456,-0.2878,0.2131,0.0348,0.0082,-0.4263,0.0486,-0.1106,0.2
768,5828,108,5,running,0.0104,0.0574,0.1304,-0.0734,-0.0516,0.0808,0.0246,-0.0839,-0.0267,-0.0235,0.0043,-0.073,0.0467,-0.0852,0.0523,-0.0118,-0.0427,-0.1535,0.0024,0.0802,-0.0763,0.1606,-0.1848,0.1658,0.0337,-0.1755,0.0365,-0.0333,0.0052,-0.0225,0.0338,-0.0578,0.1273,-0.0574,-0.1323,-0.0157
769,5829,108,5,running,0.0337,0.1056,0.0657,-0.1851,-0.0533,0.1669,-0.1273,-0.1057,-0.1415,0.1074,0.1467,0.0137,0.045,0.1131,0.0257,0.0847,-0.1732,0.0863,-0.0076,-0.0509,-0.0064,0.0462,-0.1206,-0.0526,-0.0032,-0.0058,-0.0337,0.0058,-0.1385,0.0176,0.0104,-0.1713,-0.0126,0.0256,-0.0732,-0.0
770,5830,108,5,running,-0.154,0.2792,-3.3165,-0.344,0.5131,-0.2495,0.5304,0.4314,0.307,-2.0542,-0.2808,-0.0617,0.0472,0.0531,-0.0143,0.0204,-0.1862,0.1086,-1.1418,-0.2622,1.5254,0.353,0.1728,0.312,0.624,-0.1785,0.3116,-0.3276,-0.189,0.3352,0.5237,1.5554,-0.1007,0.4771,-0.106,-0.2455
771,5831,108,5,running,-0.2947,0.4024,-0.5306,1.2413,0.2702,-0.1869,-0.1762,-2.7472,0.4584,0.0292,-0.271,0.0678,-0.0293,0.077,-0.0398,-0.0815,0.0163,0.2382,-0.5842,1.6771,0.23,0.5846,-0.027,0.1271,-0.2075,-0.108,-0.1156,-0.0613,-0.3627,-0.0215,-0.1811,-0.3623,0.3807,-0.0609,-0.2414,-0.4815
772,5832,108,5,running,-1.5832,-0.0018,-0.4739,-0.301,-0.1345,-0.2853,0.0779,-0.0326,-0.0812,0.1856,0.342,-0.0035,0.1838,-0.0069,0.0433,0.0125,-0.3582,0.2469,-1.4675,-0.3036,0.0764,0.1277,-0.0852,-0.1066,-0.0247,-0.1148,0.0008,0.2716,-0.04,0.052,-0.0852,-0.2307,0.0684,0.133,0.1714,-0.3
773,5833,108,5,running,0.7479,-0.1171,-1.3948,-2.4447,0.7801,-1.615,-0.427,-1.1087,0.2496,0.3831,-0.1082,0.4177,-0.407,0.2158,-0.1318,-0.1115,-0.0823,0.1178,0.2772,1.3514,1.5385,-0.1524,-0.442,-0.2695,0.4668,1.3667,0.086,-0.2474,-0.2726,0.6098,-0.0825,-0.4345,-0.0165,-0.0782,-0.1632,0.167
774,5834,108,5,running,-1.9729,0.4713,2.5125,0.0703,0.7282,0.4712,-0.1588,0.569,0.4871,-0.128,0.3263,0.1315,0.331,-0.028,1.4613,-0.1021,0.2641,-1.2728,0.4354,-0.329,0.4255,-0.1703,-0.2005,0.0755,-0.268,-0.1213,-0.1464,-0.3672,0.3894,0.1881,-0.2754,0.1395,0.3606,0.178,-0.1008,0.1402
775,5835,108,5,running,-4.0791,-0.1287,-0.2085,1.8819,0.0433,-0.0424,-0.0101,1.0589,0.6829,0.0249,0.2142,-0.0894,0.0362,0.101,0.0205,-0.047,0.1458,-0.0148,0.0558,0.1373,1.3351,-0.181,-0.3266,-0.1234,-0.0476,-0.2006,0.0188,0.0789,0.0324,-0.093,0.1274,0.0169,0.1491,-0.5447,-0.0045,-0.0551
776,5836,108,5,running,-1.4795,-0.1846,0.4296,-0.6272,-0.1254,-1.2146,-0.3357,-0.2844,0.5874,0.4263,0.3376,-0.049,-0.0043,0.1338,-0.1542,-0.0262,0.3321,0.0315,0.1138,-0.0892,0.4085,-0.0191,0.2831,-0.5717,0.0373,0.0538,0.1221,0.1846,-0.3142,-0.0686,0.2854,0.121,-0.4634,0.207,-0.0495,-0.1734
777,5837,108,5,running,-0.5942,0.0302,0.3156,-2.2541,0.0451,0.1069,-0.4811,1.6318,0.5839,1.0447,0.6361,0.0644,-0.0566,-0.3205,-1.4358,0.0583,0.0672,0.1739,0.479,1.1932,-0.1838,-0.1804,0.2127,0.3615,0.1432,-0.4628,-0.4756,-0.3788,-0.208,-0.1583,-0.5682,-0.0455,0.1388,0.1607,0.186,-0.4305
778,5838,108,5,running,0.253,0.5381,-0.1381,-0.1676,-0.0787,-0.1166,-0.0773,-0.2014,0.042,-0.301,-0.2655,0.1663,0.1187,-0.1519,0.0563,0.0579,0.1178,-0.3122,-0.5503,0.1812,0.3351,0.1147,0.0782,0.1282,-0.0188,-0.1818,-0.1722,-0.0107,0.0544,-0.2077,-0.131,0.0732,-0.2684,-0.0436,-0.0103,-0.1
779,5839,108,5,running,-3.7844,0.1253,0.2608,0.3681,-0.3027,0.1,-0.267,-0.0894,0.0196,0.1028,-0.0104,0.0052,-0.0858,-0.0842,-0.2267,0.1337,0.0858,0.1887,1.3554,-0.3483,-0.2061,-0.1106,-0.1504,0.0761,0.0645,0.0662,0.0494,-0.0417,0.12,0.0162,0.0836,-0.0613,-0.187,-0.0711,-0.0108,-0.1
780,5840,108,5,running,-2.5792,0.4376,4.0108,2.7299,-0.1282,-0.8263,1.4479,-1.3562,0.2201,0.0576,2.4448,-0.4061,-0.1807,0.3403,-0.4049,0.444,-0.4611,-0.0846,-0.3374,0.7963,-2.0042,-1.1439,-0.3116,-0.1807,0.333,2.5874,0.522,0.2235,-0.156,0.5832,1.2912,-0.4954,2.0166,0.3107,-0.1849,0.2311
781,5841,108,5,running,-2.5796,0.6489,3.516,2.7326,-1.3745,-1.1104,0.6889,0.4853,-0.0302,-0.5868,0.1883,-0.0091,0.4369,-0.3298,-0.6172,-0.4274,-0.5373,-0.4544,0.7033,0.4065,2.2711,0.4974,0.7609,0.4288,0.2005,2.4857,1.8706,0.3741,0.0459,0.0945,1.2789,1.1741,-1.0656,-0.6369,0.5002,0.1
782,5842,108,5,running,0.4757,-0.4653,0.1038,-0.7327,0.2447,0.0075,-0.205,0.0686,0.0259,-0.0342,-0.1624,0.0369,-0.1573,0.0145,-0.0041,-0.0013,0.1562,-0.0873,-0.0121,-0.0366,-0.1363,0.0572,-0.268,0.1613,0.0557,-0.0812,-0.0667,-0.1077,0.0877,-0.179,0.0425,0.0661,0.1047,-0.1561,-0.0503,-0.1
784,5844,108,5,running,-2.037,-0.1936,-2.4454,0.8297,-0.7296,0.5687,-0.5789,2.2452,0.17,0.2775,2.0859,-0.0866,0.0076,0.0541,-0.3237,-0.0855,-0.0669,-0.3525,0.3346,0.5042,1.1074,-0.4807,-0.3771,-0.222,0.4746,0.2119,1.288,0.2668,-0.2886,-0.0381,0.2171,1.1472,2.2408,0.3182,0.1368,0.6737
785,5845,108,5,running,1.0615,-0.0328,-0.0427,0.0723,0.0499,-0.128,-0.004,-0.1787,0.1245,0.1408,0.0715,0.1685,-0.3286,-0.0701,0.1345,0.1241,0.2414,-0.3604,-0.3104,-0.0875,-0.0407,-0.1448,0.071,0.2031,0.242,-0.1762,0.1187,0.0062,0.0349,-0.2137,-0.2346,0.03,0.3212,0.0497,0.0746,0.0
788,5848,108,5,running,0.372,0.0557,0.0483,-0.0605,0.0835,0.2303,0.0099,-0.0216,-0.1386,-0.0827,0.0138,0.0096,0.0382,0.0331,-0.0801,0.0518,-0.0241,0.0049,-0.0242,0.1571,0.0602,0.075,0.1043,0.1722,0.0228,0.0526,0.0213,-0.0282,-0.0171,-0.0039,-0.0039,0.0278,0.004,0.0085,0.0538,0.0521
789,5849,108,5,running,-0.1844,0.0016,-0.067,0.1185,-0.1225,0.1102,0.0013,0.0386,0.03,0.0131,-0.012,-0.0374,-0.1303,0.0268,-0.082,0.0158,0.0266,-0.0558,-0.0027,0.0261,-0.1717,-0.1,0.0323,-0.0535,-0.0059,-0.0762,-0.0254,0.0451,-0.0453,0.0431,0.0081,-0.0353,0.1056,-0.1128,-0.0186,-0.0
790,5850,108,5,running,-0.1557,0.0432,-0.3348,-0.0026,0.0013,-0.0142,-0.0305,-0.0772,0.0677,-0.1155,-0.1722,0.0804,0.0489,0.1287,-0.0855,-0.0861,0.1563,0.0071,0.2725,0.2234,0.0426,0.1471,0.0237,-0.0443,0.0873,0.1506,-0.1048,0.0332,-0.0766,-0.1703,0.1614,0.0415,-0.0469,-0.0689,0.01,-0.0
791,5851,108,5,running,-1.7149,0.2161,3.5775,4.1555,0.1313,1.5876,-0.0331,-2.2213,0.4427,4.056,0.461,-0.3551,-0.5727,0.4706,0.0526,0.1151,-0.2012,0.2312,-2.1035,1.3053,0.5035,0.6361,-0.0671,-0.0385,0.0204,0.6117,-1.7457,-0.2254,0.3119,0.578,-0.2523,0.559,-1.4078,-0.432,-0.0776,-0.6248
792,5852,108,5,running,0.0378,0.0727,-0.0506,-0.0373,-0.2876,-0.1668,-0.1868,-0.2655,0.0882,-0.1085,-0.2345,0.211,0.1557,0.2209,0.2418,0.1187,0.1624,-0.0552,-0.287,-0.203,0.1287,0.2441,0.0034,-0.2425,0.2188,-0.2114,-0.0474,0.1681,0.026,-0.034,0.1214,-0.0641,-0.1243,0.0429,0.1332,-0.3
793,5853,108,5,running,-0.2357,-0.0982,0.042,-0.0042,-0.2891,-0.078,0.0873,-0.2469,0.1542,-0.1484,0.223,0.0592,-0.0883,0.0477,0.2163,0.1016,0.061,-0.3132,0.1102,-0.1505,-0.1507,-0.1638,0.0756,0.086,-0.2441,-0.2676,0.0756,-0.0744,-0.0267,-0.1681,0.2228,-0.1183,-0.1775,-0.2318,-0.0392,-0.1
794,5854,108,5,running,-1.0792,-0.4772,-3.3036,-3.538,-0.3773,-0.0093,-2.4644,-1.103,0.1093,1.2635,-1.3324,0.1104,-0.024,0.0202,0.0769,0.0683,-0.2037,1.6321,-0.1122,3.8426,-1.4847,-2.2587,0.3065,-0.0734,0.0368,-2.7236,0.0642,-0.0276,0.0197,-0.1147,0.0339,-0.7535,0.242,0.5416,-0.2139,0.4
795,5855,108,5,running,-0.058,-0.1721,-0.1334,-0.0931,0.0121,0.1656,-0.2033,0.1574,0.4387,-0.033,0.0365,-0.016,-0.0311,0.1846,-0.0182,-0.1527,0.0491,0.0523,0.088,-0.2897,-0.0461,0.3265,0.0377,-0.0784,-0.0054,0.0445,-0.0807,-0.0509,-0.0984,-0.1709,0.1015,0.2453,0.1174,0.1315,0.0837,0.1
796,5856,108,5,running,0.4579,0.017,-1.5607,0.3178,-0.6754,-0.1191,-0.1375,0.6647,-0.583,0.5287,-1.3561,0.2879,0.3362,0.3406,0.4062,-0.378,-0.1701,-0.4704,0.8423,0.0052,-0.2606,0.8009,-0.0441,-0.0724,-0.1567,-0.2706,0.075,-0.1775,-0.1047,-0.4688,-0.1127,0.4614,0.0581,0.177,0.0212,0.4644
797,5857,108,5,running,-0.0479,-0.3045,-0.2137,0.0358,-0.2746,-0.1681,-0.2505,0.0703,0.5021,-0.0504,-0.0325,-0.0752,0.1154,0.3817,-0.0411,0.0825,0.005,0.0306,0.131,0.1082,-0.1267,-0.0128,-0.1018,0.0141,-0.0138,0.0686,-0.0377,-0.0177,-0.0308,-0.0318,-0.1238,0.0705,-0.0347,0.1158,-0.0477,-0.0556
798,5858,108,5,running,1.0624,-0.2749,0.2801,-0.2404,0.1429,-0.0412,0.0839,-0.1258,0.0615,-0.0281,0.1561,-0.2231,-0.2225,0.0227,0.2577,-0.1501,-0.2682,-0.0663,-0.1185,-0.1526,0.2025,-0.0564,0.2351,-0.0077,0.0661,0.0779,-0.0446,-0.105,0.0773,0.1031,0.0463,0.0347,-0.2383,-0.0287,0.0777,-0.0
799,5859,108,5,running,0.0166,0.0643,0.2324,-1.0197,0.1281,-0.0429,-0.0112,0.0711,0.025,0.232,-0.1061,-0.0045,-0.1707,-0.0745,-0.0837,-0.1673,0.1823,-0.3285,-0.3,0.2865,0.0545,0.0459,0.1282,0.0273,-0.0282,0.2312,-0.0302,0.0384,-0.2312,-0.0341,0.2676,-0.0273,-0.1587,0.0613,-0.1753,-0.1
800,5860,108,5,running,0.303,-0.1308,0.0464,-0.0661,0.002,-0.0747,-0.075,-0.0632,0.0522,0.0461,0.0134,0.0067,0.0155,-0.0873,-0.274,-0.0676,0.0098,0.0316,0.0354,-0.0536,-0.026,0.0138,-0.0328,0.0532,-0.1245,0.0337,0.0272,0.0027,-0.0078,-0.0552,-0.0157,-0.0133,-0.0965,-0.1075,0.0572,0.0
802,5862,108,5,running,-0.3742,0.5239,-0.8553,2.617,0.6116,-1.4638,-0.2028,0.8636,0.6006,-1.4102,1.409,-0.4056,0.2325,0.1365,0.0114,0.0453,-0.1747,0.3125,2.1256,-1.2678,0.0002,-0.6884,0.04,-0.37,0.0145,1.6288,0.1373,0.245,-0.0245,-0.0434,-0.0845,0.0423,0.4503,0.3518,-0.3672,-0.0974
803,5863,108,5,running,0.5457,-0.4387,-0.0325,0.1867,0.0851,0.0192,0.0008,-0.138,-0.2272,0.1428,-0.044,-0.103,0.0442,-0.0432,-1.0394,-0.0681,-0.1446,-0.0652,0.1345,-0.5037,-0.0035,0.2468,-0.1753,0.1012,-0.2683,-0.1456,0.1121,0.1682,0.0626,0.204,-0.1314,0.0711,-0.1823,-0.2788,-0.3186,-0.0
804,5864,108,5,running,-1.7564,0.0205,-1.4665,0.1191,-0.2059,0.3334,0.6548,-0.2857,0.1442,-0.09,1.292,-0.0079,-0.425,-0.4382,-0.0176,-0.0036,-0.4675,-0.2833,0.7531,-0.1394,-0.1392,0.1282,-0.0897,-0.1332,-0.3,-0.2566,0.1583,-0.4259,0.3153,-0.3056,0.6374,-0.1531,-0.2531,0.2874,0.276,-0.0
805,5865,108,5,running,-2.8165,0.1059,0.4306,-0.3805,-0.2047,0.0879,0.1146,1.3162,-0.2638,0.2801,0.0006,0.0023,-0.0063,0.0511,0.3626,-0.0747,0.0114,-0.0431,-0.0632,0.0466,-0.1001,-0.2754,-0.081,-0.0366,-0.0153,0.1376,0.1223,-0.1374,-0.3008,-0.1171,-0.2647,-0.0173,0.0084,-0.0321,-0.2308,-0.0
806,5866,108,5,running,-0.3741,0.9538,-1.3976,2.418,-0.1818,0.573,-0.7145,-0.3142,0.4435,-0.136,-0.0229,-0.0232,0.0329,0.2141,0.0717,0.0689,-0.188,0.0784,-1.7226,-0.0639,-0.106,0.0152,0.0516,-0.0039,-0.0642,1.2626,0.1044,0.2502,-0.3264,-0.0656,-0.0383,1.6571,-0.6618,0.1102,0.0422,0.0131
807,5867,108,5,running,-4.2924,-1.0154,0.1837,-0.0899,1.1743,0.1703,0.0252,-2.7243,0.3727,-1.0048,0.0322,-1.6242,-1.1612,0.0839,0.0774,0.0548,0.0093,0.1469,2.0243,0.1351,0.4865,0.1834,0.2638,0.0463,-0.052,0.3127,0.2501,0.4349,0.4547,-0.1502,0.3726,2.2477,0.2084,-0.0057,0.1083,0.1
808,5868,108,5,running,-0.3191,0.0797,0.4405,0.0843,-0.0146,-0.0211,0.2133,0.1014,0.5572,0.0141,0.064,0.0609,0.0576,0.1678,-0.1149,-0.0268,-0.0243,-0.028,-0.0347,0.0787,0.0487,0.2631,0.0315,0.0332,0.0059,0.1035,-0.0374,0.1144,0.0444,-0.0814,-0.0508,0.0007,0.1424,0.0184,-0.0864,-0.0613
809,5869,108,5,running,-0.4687,-0.3278,-1.7707,0.235,-0.8663,-0.4945,0.2792,-1.017,0.1455,1.121,-0.5343,0.1162,-0.5783,0.3683,0.0948,0.3817,-0.2332,-0.3721,1.3149,0.0688,0.437,0.3211,-0.2828,-0.5803,0.1768,-0.0057,0.0508,0.015,-0.26,-0.0093,-0.0069,-0.6026,0.0828,0.1505,-0.1083,0.0617
810,5870,108,5,running,0.3327,-0.314,0.5209,-0.3245,-0.4113,-0.1074,-0.0956,1.3276,-0.372,-0.1837,0.0242,-0.1421,0.2535,-0.0578,0.1516,0.1027,0.1772,-0.0787,-0.2688,-0.1707,-0.044,-0.0249,-0.0065,-0.2125,-0.0304,0.0503,0.0343,-0.15,-0.0808,0.0107,0.0268,0.0345,0.1289,-0.117,0.0022,0.2
811,5871,108,5,running,-0.1578,0.0782,-0.0502,0.123,0.2536,0.1862,0.0743,0.0073,0.2178,-0.0551,0.283,0.155,-0.1214,-0.0716,-0.0184,-0.1081,0.0591,-0.1519,0.0546,-0.0452,0.4412,0.1405,0.0518,-0.1358,0.0177,0.0305,-0.0441,-0.0037,-0.2471,-0.2236,-0.3081,0.0226,-0.2404,-0.0194,-0.005,0.0
812,5872,108,5,running,-1.2923,-0.4858,2.1326,-1.5614,-0.2204,0.3826,-1.4145,-3.2564,0.2867,0.6536,-1.3336,-0.1527,-0.7922,0.0579,-0.0802,-0.1862,0.1332,-0.0038,0.2987,-0.7542,-0.1468,-2.2047,0.1247,-0.3555,0.0612,-0.6281,-0.0783,-0.0578,0.0767,0.1543,-0.168,1.0018,0.2715,1.3455,0.4076,0.3154
814,5874,108,5,running,0.7447,-0.2806,-0.4315,-0.2723,-0.0127,-0.0743,0.1123,-0.1827,0.1217,0.0192,0.1267,0.1377,0.067,-0.0247,0.2796,-0.1243,0.1278,-0.1186,0.2211,0.2684,0.0528,0.2875,0.0129,-0.2364,0.0653,-0.0863,-0.1776,-0.1041,0.0747,0.2137,-0.031,-0.0674,0.1333,0.2127,0.2577,-0.0
815,5875,108,5,running,0.4781,-0.1075,-0.0465,-0.2125,0.4627,-0.2575,-0.258,0.2208,0.2247,-0.0607,0.052,-0.0302,0.1876,0.0143,-0.0163,-0.1737,-0.3237,-0.3415,0.0355,-0.046,0.0407,-0.2351,0.1078,0.0433,-0.0614,-0.1432,-0.271,-0.1057,0.1456,0.1737,0.007,0.173,-0.1267,-0.2248,0.1146,0.3
816,5876,108,5,running,-0.4509,-0.2517,-3.5098,-0.1885,-0.6689,0.0673,-0.437,1.3847,0.2835,0.0421,-0.3314,0.0195,0.0465,-0.2058,0.0403,0.1232,-0.1759,0.053,-1.3516,0.6828,0.7866,0.7754,-0.4327,0.0058,-0.0844,0.3684,-1.1823,-0.041,-0.2632,-0.1683,-0.1014,0.0247,0.4263,-1.0135,-0.3776,0.4
818,5878,108,5,running,-0.3181,-0.1042,-0.0362,0.062,-0.0411,-0.2123,-0.1156,-0.1587,0.1015,0.0128,0.5877,0.0331,0.0632,0.0386,-0.017,-0.0635,0.0454,0.0202,0.2441,-0.0135,0.2371,0.2437,0.0,0.3446,-0.1221,-0.3772,-0.1674,0.1073,0.1744,0.13,-0.0518,-0.0286,0.1086,0.008,-0.0265,-0.1
819,5879,108,5,running,0.0221,-0.2489,-1.273,0.042,0.162,-0.0316,0.1135,-0.0878,-0.0092,-0.0735,0.0311,0.0404,0.1871,-0.0454,0.0386,-0.1573,0.0688,-0.1347,0.06,0.1627,-0.1863,-0.0611,-0.0851,0.1874,0.043,-0.1507,0.1805,-0.2643,0.4238,0.0704,-0.0253,-0.2167,0.1366,-0.3247,0.1286,0.0
820,5880,108,5,running,-0.7144,-0.5938,2.5692,0.7878,0.5542,0.4033,-0.2969,0.0289,0.1328,3.3751,-0.0203,0.0762,-0.2071,0.0086,-0.1085,-0.1566,0.0628,-0.4608,-0.4366,-1.2685,-0.2747,1.1405,-0.1449,-0.0054,-0.2321,0.3439,0.2701,-0.1704,-0.1472,0.2338,-0.4168,-0.6557,1.1056,-0.217,-0.3463,0.2
821,5881,108,5,running,-1.9457,0.1035,-0.247,0.3187,-0.0349,0.1574,0.1137,2.3663,0.3825,-0.1744,-0.0126,-0.0077,-1.7636,0.0147,0.2789,-0.0562,0.031,-0.2258,0.3639,-1.6439,-0.1656,0.148,-0.2881,0.2354,0.012,-0.1468,0.462,0.2145,0.0393,-0.3403,0.4762,0.0073,-0.6636,-0.3441,-0.0773,-0.0
823,5883,108,5,running,-0.0661,0.0042,0.0075,0.0224,0.0408,-0.0028,0.0255,0.0543,-0.0523,0.1132,-0.1401,-0.128,-0.0576,0.1221,-0.1126,0.0089,0.077,0.1624,0.0085,0.1303,0.0211,-0.0441,0.0094,0.123,0.0189,-0.0065,0.0003,0.087,0.18,-0.103,0.0105,-0.0227,0.0185,0.0852,0.0006,0.0
824,5884,108,5,running,-0.0661,-0.0575,-0.0032,0.1818,0.0478,-0.0433,-0.0746,-0.1563,0.0775,0.1263,0.136,-0.1427,-0.0159,0.0029,-0.1358,-0.036,0.0822,0.0463,0.0746,0.0657,0.0083,0.1051,0.0558,-0.0782,0.055,-0.0556,-0.0268,-0.0147,0.0325,-0.0163,0.1038,-0.0272,-0.1658,0.0462,0.1468,-0.0
826,5886,108,5,running,-0.749,1.0317,1.168,0.6232,0.5133,-0.2307,0.011,-2.474,0.2496,-0.7836,-0.0727,-0.106,-0.7401,0.1828,1.6126,-0.214,0.0543,-0.2293,0.2523,0.5182,0.4716,-0.173,-0.2649,0.1045,-0.1686,0.2825,1.5053,-0.2458,-0.3196,-0.0831,-0.1544,0.1022,0.2645,-0.1568,-0.2432,0.3215
827,5887,108,5,running,0.1614,0.1334,0.1646,-0.0733,-0.2169,-0.0503,0.1703,0.056,-0.1856,0.0398,0.0028,0.0714,-0.1427,-0.1404,0.0834,-0.2147,0.1332,-0.0896,-0.1295,-0.0708,-0.3062,-0.028,0.0445,-0.0838,0.011,-0.0093,0.007,0.0406,0.0133,-0.1509,0.0202,-0.1272,0.0474,0.0252,0.0843,0.0
828,5888,108,5,running,-0.2718,0.3412,-0.0049,0.1062,0.248,-0.0803,0.1235,0.0528,-0.0808,-0.2568,0.1532,0.0636,-0.0627,0.054,-0.176,-0.2014,-0.1204,-0.1813,0.3801,-0.3618,-0.1463,0.1378,0.1125,-0.0868,0.2579,-0.106,-0.2657,-0.2432,0.0029,0.0413,-0.1304,-0.2755,-0.1328,0.0047,0.1517,-0.2
830,5890,108,5,running,-0.0472,-0.0801,0.5821,0.3151,-0.0189,0.0679,0.0178,0.0187,0.2427,0.0035,-0.0446,-0.0033,-0.0113,0.0385,-0.0502,0.0039,0.031,0.0375,-0.0708,-0.1218,-0.165,0.2724,0.0049,0.081,-0.1813,-0.0101,-0.0215,0.0187,-0.0462,-0.027,0.0515,0.0151,0.0415,0.0042,-0.0127,-0.0436
831,5891,108,5,running,1.211,-0.1023,-1.374,2.6247,-0.436,0.2666,0.0218,0.0378,-0.1755,0.1187,-0.0514,-0.0038,0.2491,-0.2556,-0.0647,-0.0243,-0.2657,-0.0345,-0.4383,0.0494,-0.0536,-0.3448,-0.2737,-0.0777,-0.1566,-0.1741,0.1307,0.0787,0.1675,0.2344,-0.108,-0.2007,0.1875,-0.0101,0.0547,0.1
833,5893,108,5,running,-1.7421,0.7627,0.5895,0.1457,-0.5311,-0.61,-0.0375,-0.6558,-0.2133,0.1207,0.0793,1.2323,0.3515,-0.037,-0.0157,0.162,-0.079,-0.1714,0.155,0.4186,-0.2412,0.0632,-0.307,-0.1422,0.3587,0.0132,-0.1586,0.1749,-0.3128,-0.2317,-0.2534,-0.478,0.1305,0.1124,0.3101,1.7818
835,5895,108,5,running,0.0137,-0.0167,-0.041,-0.0168,0.0313,0.0147,0.0332,0.0487,0.0473,0.1263,0.0186,0.0062,0.0366,0.0026,-0.0259,0.0074,0.016,-0.0265,-0.0102,-0.0418,0.0357,-0.003,-0.0114,-0.0163,-0.0202,-0.024,-0.0049,-0.0175,0.0031,-0.0074,-0.0181,-0.0023,-0.0291,-0.0063,-0.0312,0.0
836,5896,108,5,running,-0.4678,0.0275,1.6901,-1.1847,-0.0201,0.7688,-0.0423,-3.0823,0.5588,2.0668,-0.2372,0.033,-1.4041,-0.1609,0.0151,0.1664,0.0402,0.5751,-0.6382,3.8484,0.2286,-1.1774,0.5553,-0.0885,0.2072,-0.2561,-0.4457,-0.0022,-0.1005,-0.1473,-0.204,-1.7156,-0.1884,-0.3486,-0.4243,-0.2044
837,5897,108,5,running,-0.3714,0.0252,-0.3349,-0.1062,-0.0829,0.0134,0.0561,-0.0432,0.0674,-0.0457,-0.1757,0.1454,0.1301,0.0538,-0.2563,-0.0436,-0.1411,-0.1536,0.029,-0.1311,0.1307,-0.0583,-0.0456,-0.0416,0.0245,0.0768,-0.0053,0.0174,0.0523,-0.0332,-0.166,0.0438,0.2013,-0.1475,0.0771,0.1
838,5898,108,5,running,-1.7447,0.0357,0.4177,2.7155,-0.0204,-0.0632,-1.0582,-0.0589,0.6442,-0.4512,-1.3448,-0.2139,0.4678,0.3342,-1.2295,0.0778,0.2256,-0.1499,-0.1788,2.5187,0.4332,0.5192,0.547,-0.17,-0.1433,-0.0651,-0.365,-0.5367,-0.092,-0.2534,-0.5074,0.7091,0.0591,-0.2538,0.111,0.3
839,5899,108,5,running,-1.2249,0.0184,-0.0508,-1.136,-0.2116,0.1883,-0.1473,-0.1736,0.0058,0.2623,0.2408,-0.0197,0.0245,-0.0029,0.1862,-0.0864,-0.1803,0.1213,0.2028,-0.277,0.1738,0.0814,0.301,-0.1413,0.2029,0.1629,-0.0436,0.129,-0.2016,0.2808,0.2611,-0.0697,-0.1397,-0.1333,-0.1638,-0.0176
840,5900,108,5,running,-0.475,-0.5533,1.456,2.1631,-0.2255,0.5056,0.506,0.1221,0.2835,1.3585,0.7723,0.1292,0.3406,0.0871,-0.1801,0.0877,0.0324,-0.2576,0.1887,-0.736,0.0505,-0.334,0.4129,0.4706,0.3065,1.2064,0.1561,0.2083,-0.2029,-0.2323,-0.0395,1.6465,-0.0629,-0.2081,-0.1457,0.1496
841,5901,108,5,running,-3.982,0.048,-0.0505,-0.973,-0.0386,0.0333,-0.0171,0.0373,0.057,0.1355,0.0773,0.0028,0.0614,0.0817,0.073,0.0337,-0.0258,-0.1528,-0.352,-0.2454,-0.0503,-0.0651,-0.1685,-0.1123,0.0177,0.0779,0.0848,0.0246,-0.134,-0.0314,0.0502,0.0386,0.0665,-0.0767,-0.0542,0.1
842,5902,108,5,running,-0.0337,0.0013,0.022,0.0206,-0.0786,0.002,-0.0173,0.0107,0.0257,-0.0274,-0.026,-0.0386,0.0241,-0.0288,-0.0557,0.0381,-0.0178,0.0004,-0.0631,0.0084,0.0156,0.0244,-0.0137,-0.0098,0.024,0.0049,0.0214,0.0306,-0.0154,0.0055,0.0227,0.0141,-0.0156,-0.0206,-0.0119,0.0111
843,5903,108,5,running,-1.3014,-0.7686,-0.8249,-3.5582,-0.5474,-0.5,-0.2887,-1.6575,0.1901,0.3041,-1.3582,0.0042,1.5182,-0.2804,-0.1281,0.3507,0.1278,-2.3612,0.2823,1.1136,-0.6603,-0.2036,-0.572,-0.0302,-0.0062,-1.6927,-0.3358,0.0438,-0.3703,-0.1282,0.5729,0.4331,0.514,0.275,-0.3404,-0.5382
844,5904,108,5,running,-0.0904,-0.3361,-0.5804,0.5725,0.0134,-0.1792,-0.2015,0.0632,0.1847,-0.1437,0.3534,-0.3247,-0.2239,0.0505,0.2777,-0.0634,0.1157,0.2058,-0.0746,-1.1361,0.1638,-0.2483,-0.4816,0.0626,0.3174,-0.3243,0.2323,0.0707,-0.2437,0.0281,-0.4668,-0.3586,0.0271,-0.0408,-0.2059,-0.0
845,5905,108,5,running,-2.0155,0.0427,-0.3044,0.2426,0.2768,-0.3727,0.1333,-0.0828,0.0454,0.0707,0.0334,0.0263,-0.0441,-0.054,0.0585,0.012,-0.1524,-0.1815,0.1611,0.5742,-0.0127,0.0667,-0.1577,-0.0558,-0.1662,-0.1382,0.0778,0.1228,0.0612,-0.2348,-0.2585,0.0644,-0.2046,0.0804,0.136,-0.1
846,5906,108,5,running,-0.147,0.6215,0.1693,2.4795,-0.1023,0.2306,1.2777,0.1819,0.4438,0.6165,-1.8924,0.05,-0.3373,0.2875,-0.0739,-0.0513,-0.0126,-0.6034,0.7694,1.0608,-0.4058,1.3669,-0.0196,-0.1134,-0.0215,2.6154,0.0947,-0.0507,-0.1683,-0.213,-0.3204,2.2271,1.161,0.4096,-0.226,-0.2548
847,5907,108,5,running,0.0403,0.2776,-0.3763,0.2448,0.108,0.0892,0.014,-0.14,0.0106,-0.3164,-0.2837,0.1785,-0.1169,-0.1516,-0.0518,0.025,0.047,-0.1694,0.2442,0.1416,0.0675,-0.0648,0.0502,-0.1767,-0.104,0.1041,-0.0029,0.1332,0.0133,0.0442,-0.0677,0.1135,-0.2748,0.0714,-0.0684,0.1
850,5910,108,5,running,-2.247,-1.2447,1.577,0.7705,0.2145,0.6547,0.5803,1.7078,0.0307,0.2245,-0.123,0.0565,-0.582,0.0233,1.675,-0.0771,-0.0801,-0.1043,-1.4049,-1.0383,-0.0396,1.5696,0.1223,0.1292,0.0247,1.8585,0.0645,0.1138,0.2189,-0.0307,-0.319,-0.0043,-0.432,0.5348,0.0043,-0.0375
851,5911,108,5,running,1.7487,-0.1751,2.4765,0.7796,0.3405,0.2683,0.0321,0.5609,-0.0166,0.2177,0.2743,0.1869,-1.1542,0.0542,0.4548,-0.1405,0.1002,-1.138,-0.2224,-0.2512,0.1402,0.1073,-0.4115,0.1664,-0.3612,-0.1438,-0.2389,-0.0787,0.0876,0.1865,0.3269,-0.0676,-0.2489,0.2122,-0.0553,0.1073
852,5912,108,5,running,0.0507,-0.5239,-0.136,0.1205,-0.126,0.1143,-0.0767,-0.0176,-0.2866,-1.0002,-0.0249,-0.1485,-0.0546,0.0283,0.1424,-0.1304,0.0345,0.0508,0.0156,0.3247,0.1508,0.006,0.0278,0.0775,0.0368,-0.2232,0.0117,0.0487,0.0333,0.0382,0.0157,-0.1044,0.0776,0.1153,-0.0572,0.1387
853,5913,108,5,running,0.1278,0.1834,-0.1338,-0.0126,-0.3549,-0.0106,-0.0094,-0.1832,-0.2314,-0.1806,-0.2442,0.0301,0.0025,0.0116,-0.0288,0.1137,-0.2766,-0.2066,-0.4657,-0.1151,-0.1508,-0.0267,0.025,-0.1732,0.0055,0.0344,0.0824,0.025,-0.1038,0.0026,0.0568,-0.0038,-0.3086,0.1831,0.2246,0.0
854,5914,108,5,running,-0.772,0.1251,-0.2717,0.0204,-0.419,-0.0375,0.0108,0.0089,0.0289,0.0287,0.0775,-0.1295,-0.3874,-0.0175,0.2608,-0.0736,-0.1482,0.1017,-0.067,0.0075,-0.1375,-0.1365,0.0821,0.1031,-0.1656,0.2588,0.0532,0.1617,-0.0571,-0.1775,-0.2005,-0.175,-0.2506,-0.03,-0.3752,-0.0
855,5915,108,5,running,1.4807,-1.1344,2.8562,-2.8094,0.0079,-0.5239,2.8508,1.5525,-0.0329,-1.3028,1.2029,0.0694,0.2245,-0.3731,-0.4544,-0.0531,-0.0866,-0.5076,1.0696,-2.1225,-0.0517,2.1111,-0.0523,-0.3381,0.1875,2.8298,-0.5537,-0.111,-0.108,-0.1412,0.13,0.1486,-0.1673,0.2728,0.1553,0.1652
856,5916,108,5,running,-0.0349,-0.4009,-0.0859,-0.1858,0.0356,-0.4213,0.3048,0.3833,-0.24,0.2183,-0.173,0.2246,0.4718,-0.0666,-0.1502,0.3241,0.1491,0.2585,0.4314,0.0156,-0.1542,0.2861,-0.0643,0.0239,-0.0489,-0.2838,-0.1402,-0.2573,-0.17,0.1577,-0.281,-0.0026,0.0057,-0.1417,-0.3771,-0.1
