generated_index,candidate_id,prompt_window_id,real_index,activity_name,hand_acc_16g_x_mean_zerr,hand_acc_16g_x_std_relerr,hand_acc_16g_x_range_zerr,hand_acc_16g_x_stats_score,hand_acc_16g_y_mean_zerr,hand_acc_16g_y_std_relerr,hand_acc_16g_y_range_zerr,hand_acc_16g_y_stats_score,hand_acc_16g_z_mean_zerr,hand_acc_16g_z_std_relerr,hand_acc_16g_z_range_zerr,hand_acc_16g_z_stats_score,hand_gyro_x_mean_zerr,hand_gyro_x_std_relerr,hand_gyro_x_range_zerr,hand_gyro_x_stats_score,hand_gyro_y_mean_zerr,hand_gyro_y_std_relerr,hand_gyro_y_range_zerr,hand_gyro_y_stats_score,hand_gyro_z_mean_zerr,hand_gyro_z_std_relerr,hand_gyro_z_range_zerr,hand_gyro_z_stats_score,mean_zerr_avg,std_relerr_avg,range_zerr_avg,stats_score,max_channel_stats_score
0,0,5421,0,walking,0.5851674254652093,0.8627990991345251,1.4733328672603787,0.8738531832919696,5.148736140322044,1.763956549548449,5.59292830375225,3.883662736698647,0.781810468765039,0.49724332835163304,1.6735488041674242,0.8463312796801536,0.15549389320996498,0.2793770480540491,0.8441534724927718,0.34277907100416005,0.3853520291298628,0.38905805349349976,1.4415939986705781,0.5980828327834606,0.39499724259953095,0.7868607052011427,1.6135790641011756,0.7954589919405046,1.241926199915275,0.7632157972972164,2.1065227517407634,1.2233613492331494,3.883662736698647
1,1,5422,1,walking,2.7052370193735142,0.6161762439156938,3.3258321947836254,1.9937317442724083,27.068122804626938,3.1425918115817915,28.190601804767777,17.722406207437047,0.1565009832382204,0.15721463039517405,1.529123590141535,0.4313109634816648,0.6904787012508936,0.38060120599610453,1.5724621926035198,0.7429244014195032,0.36711972765624523,0.2783293128013611,1.723647078964859,0.6029090319760144,0.2006244482029052,1.7464561992221408,2.943691539385962,1.3675705668472107,5.198013947391453,1.053561567318711,6.547559733441212,3.8101421525723085,17.722406207437047
2,2,5423,2,walking,0.8789241782873558,0.48218771438914554,2.0516906722485406,0.9547828915203087,17.54562740062239,1.503667375825334,17.942951574486703,11.208308225476431,1.5667624335757568,0.09686612049279193,0.9068620108455592,0.8468238237965314,0.9108993798967391,0.7190211618703509,1.5312004306959728,0.9582083028460306,0.892401129470588,0.4781284443455039,1.4202457425507855,0.8322609780365939,0.7368682550854588,0.3505341638075678,1.7804599580796143,0.7910529591731336,3.755247129489715,0.605067496788449,4.272235064817862,2.598572863474838,11.208308225476431
3,4,5425,4,walking,0.11158226837913145,0.7910685920586065,1.9254941827198158,0.7461591807190584,4.4087066162078115,0.8661853445534576,4.869946665356114,3.0839461173757305,0.008666027992441507,0.5062451019138581,1.185157400226531,0.44299593200782605,0.8288250404461303,0.6553782650953743,2.254305730552735,1.044542468327149,0.3850952826440334,0.6823362307623029,1.9124255012720823,0.8094577056169511,0.39116085728705613,0.2825778858042453,1.0631450862259875,0.4821245144817181,1.0223393488261006,0.6306319033646408,2.2017457610588775,1.101537653088072,3.0839461173757305
4,5,5426,5,walking,0.13896731967637746,0.7571692677139364,1.7597163826706699,0.7103979114902595,1.9904945993651446,0.284254842577896,1.8768267882313086,1.285265134423478,0.11944587142379193,0.2885291319690215,0.7167525449567167,0.30654051034846874,0.1587836449239006,0.5448804210788881,1.602667640612645,0.6019991545236445,0.12116774548622287,0.7311422089432893,1.3634589952477894,0.6136157808213627,0.26155977732822544,0.3936772698261699,0.1828868066678282,0.2986721801953238,0.4650698263672772,0.49994219035153353,1.2503848597311598,0.6360817786337563,1.285265134423478
5,6,5427,6,walking,0.06254859501623684,0.7906825031957803,1.5406561241352181,0.6494236641118505,2.393721985651515,0.3710976062412894,3.0483757870511634,1.7156029941673543,0.7456558428753863,0.457140021271758,1.6805964708852246,0.8172376398359027,0.03572469410376316,0.6879300219276941,2.0450391273764064,0.6984697118878642,0.07706406325611456,0.4064622320956713,1.0381909863264822,0.40104871540601084,0.5431358804221915,0.0011556809689817864,0.7127036078637388,0.3602573461292171,0.6429751768875345,0.4524113442835292,1.6775936839397056,0.7736733452563667,1.7156029941673543
6,7,5428,7,walking,1.924498329216758,0.7804394221903869,1.8195416946519454,1.445883439493247,2.2322391946096922,0.4618675158778908,2.767395197801407,1.6311217237553146,1.7009127002057562,0.513783494491462,2.3446490098677755,1.3548082798524426,0.21447665539288832,0.3784874957229586,1.1856976785534539,0.4743251961570296,0.2581698006371723,0.5782860819815533,1.2948919467355722,0.5935607423946047,0.23623647869563827,0.23096608214429298,0.9960519466227749,0.38609141366052746,1.0944221931263176,0.4906383487347574,1.7347045790388211,0.9809651325521942,1.6311217237553146
7,8,5429,8,walking,0.09263257134186574,0.36101942432684786,0.6090794350232848,0.3032766852721424,1.5726870948506129,0.3310114597825873,2.407638282563031,1.2430070783658864,0.6385474626890207,0.5722693548405013,1.8034291742303614,0.8450125618578812,0.05129164572129471,0.3686406225874948,1.4017245888135978,0.4483178250862354,0.2675685608605355,0.6357121816968982,1.3323967618567003,0.6277916493943136,0.35791667254200626,0.1589228898054191,0.6444702297319874,0.33562987088536766,0.4967740013342226,0.4045959888399581,1.366456412036494,0.6338392784769711,1.2430070783658864
8,9,5430,9,walking,0.1547034146571537,0.6717589012119116,1.5633369866918272,0.6432523236859916,2.50832011698514,0.04287547265419672,3.486292348496219,1.7177367055549788,1.0219447776240227,0.4236004652009072,1.6795003749202566,0.9141181721140232,0.1455645896266774,0.1933375253049355,1.2285578446734622,0.38127241490733765,0.03793085768958118,0.36502514598525576,1.1434609555752477,0.38987459258498436,0.21220216214066687,0.23441379573872378,0.5653855387527165,0.29172349090229954,0.6801109864538737,0.3218352176826551,1.611089008184955,0.7229962832916026,1.7177367055549788
9,10,5431,10,walking,0.16842333882508242,0.7246773087099629,1.3047661655304,0.6181934921200982,3.859909201430984,0.24358727817578976,3.6313193118581317,2.367662454214336,0.2982442893529599,0.6852229941974987,1.3250614940884557,0.6583992122378746,0.07059891971895535,0.48270116629225485,1.1129623534304374,0.44391250509057156,0.1179832234896349,0.36379570493381985,0.5225901304028969,0.2972295974499613,0.12464867999382487,0.11883711689616679,0.30216959854767333,0.15782823846553135,0.7733012754685734,0.4364702615342488,1.3664781756429993,0.7572042499297288,2.367662454214336
10,11,5432,11,walking,0.24426897353394472,0.6470687622010068,0.9606795754731204,0.5486710093886047,2.6314562815341276,0.11444633684244009,2.5360077763724176,1.6055626026251106,1.3656371466318766,0.2686532934506734,0.8778935476144154,0.8292948855559032,0.06843717690044322,0.13664086063831327,0.7831159781546615,0.2386544106464349,0.13094508775725933,0.09601322902805862,0.43558953256092725,0.17790123322631263,0.32247338085931126,0.2048970184644727,0.5430813855069664,0.3195644368309069,0.7938696745361606,0.24461991677082748,1.022727965947085,0.6199414297122123,1.6055626026251106
11,12,5433,12,walking,0.011745923873376847,0.6966036624081645,1.2840019841899788,0.5401402313506123,2.9308317163791036,0.10648755648506247,2.8246109559647876,1.7798499003386241,0.8917393058823255,0.33676648202095727,0.79043709144294,0.6494897334499012,0.0033997611833059315,0.3614049744393873,0.9379129964631359,0.3335044935417045,0.012583662455752353,0.7042975464198694,1.1243598509989192,0.5116244537500326,0.09442658303563593,0.454085164285329,0.6980845242951093,0.3590216037874079,0.6574544921349167,0.44327423100979496,1.2765679005591453,0.6956050693697138,1.7798499003386241
12,13,5434,13,walking,0.08922941430571103,0.7939905388101104,1.6290498009793049,0.6790979414421896,3.689351366377663,0.12650286704525246,4.163476224782048,2.359036938325576,1.453655617025368,0.3680660328809819,0.9865228999075281,0.9259932399440456,0.10353957473363089,0.27961933869276506,1.1547123169750078,0.38420602876556,0.13798550964459239,0.7073335453013144,1.0357163870285278,0.5452708993840684,0.24640224035641767,0.27751748157613376,0.41052481228432447,0.29167285122988545,0.9533606204072308,0.4255049673844263,1.5633337403261234,0.8642129831818877,2.359036938325576
13,14,5435,14,walking,0.18039077300370482,0.5346222142122675,0.9957110982084482,0.4851474145280786,4.835368855246183,1.393311810219425,5.89932305511387,3.671336877209017,0.17512493913701627,0.35263941755415856,0.8882054283857682,0.38874682835362356,0.3176873135734612,0.43393028118241,1.0970690616419618,0.5200608502307409,0.12828394332459314,0.4769596821772226,0.7144759547232423,0.3849926411453748,0.11096358617771351,0.039211501775415596,0.08434682819838599,0.07693940082092884,0.9579699017437786,0.5384458178534833,1.6131885710452796,0.9212040020479608,3.671336877209017
14,15,5436,15,walking,0.0593798003277443,0.6873620164651866,1.275351855605928,0.553767097838358,2.5592277351027737,0.19075160004253305,2.4685789463754166,1.593707523333206,1.0716629802184914,0.22544745670582622,0.9214506134118179,0.7031342974520906,0.03774341574634414,0.29525995829019197,1.0442791729088288,0.3420571841963802,0.08912531823635411,0.08356270056742501,0.3536292446812278,0.1398010564577572,0.1804772812997441,0.6074269137044591,0.8816572539047396,0.4914931287826292,0.6662694218219087,0.34830177429593706,1.157491181147993,0.637326714676737,1.593707523333206
15,16,5437,16,walking,0.08069512151902707,0.7676049843744007,1.8433106453188006,0.7079821714211313,2.804935460120627,0.5214560121860145,2.8260541544020548,1.8957674198030676,1.4740810728909675,0.12723178831656567,1.3110861156817366,0.9027423676193607,0.13342926019453596,0.3518825674119502,1.493680033115072,0.4928607376656089,0.05645028098175922,0.408742335314552,0.6353008306274811,0.3131372126440207,0.03346128154098875,0.26697925941730166,0.31984606623333633,0.18414542962998343,0.7638420795413176,0.4073161578367974,1.4048796408964137,0.7494392231305287,1.8957674198030676
16,17,5438,17,walking,0.0036033101563237445,0.8295993915099944,1.6858766001112673,0.6704564006887808,2.61446554428262,0.33714360944252597,2.3842809735397896,1.6574998561980163,0.5536370426542357,0.5805602504959171,1.409366305360125,0.7355521783320862,0.34864764905603696,0.27485806768245663,1.117525411104762,0.4729073689163498,0.11184560910731997,0.4084967373192873,0.824346746027711,0.37300628777618516,0.043976183514122136,0.5093388502798454,0.776677570433449,0.37666152760427685,0.6126958897951097,0.48999948445500446,1.366345601096184,0.7143472699192825,1.6574998561980163
17,18,5439,18,walking,0.19921531824095579,0.7840120589764894,1.761611718202365,0.7456132945274511,2.9245871014572216,0.3511753504356128,2.580620761123,1.8264291329817337,0.40701898859531227,0.9115831879184841,1.0531390953997415,0.7380686896854669,0.24402774981217568,0.4368472157983999,0.9960547554869268,0.47156093734161564,0.17170840142318278,0.492977143671536,0.6656955091013648,0.39901331985816046,0.13211246915892055,0.2198596151080379,0.18535787105966822,0.17786040791871705,0.6797783381146281,0.5327424286514266,1.2070799517288444,0.7264242970521908,1.8264291329817337
18,19,5440,19,walking,0.01912972188416276,0.7685648106808026,1.386104660610708,0.5922987451481279,2.9930178140230064,0.0748665973295948,2.8661299808399994,1.8003797607090402,0.012070510122511103,0.0046153097976873265,0.3189137441876493,0.07045707680560924,0.12369756357592261,0.40876557535741725,1.0318955046183642,0.4193643564970088,0.08758222393104792,0.621441424512934,1.3200753975056254,0.5476245388787179,0.0006310321900491963,0.017915439395188703,0.07819351886808212,0.023057292407711583,0.5393548109544499,0.31602819284560413,1.1668854677717382,0.5755302950743693,1.8003797607090402
19,20,5441,20,walking,0.07083767721838989,0.6291269816405384,0.9698743628102838,0.47396073610562817,3.4130626015162866,0.40534572013580705,3.350397944013074,2.1974429174634524,1.04386308900785,0.5330593915894511,1.169889147329372,0.8647468217047949,0.12768338662202106,0.6180310226702888,1.4186973894193928,0.5820252416008025,0.03973127271206033,0.2683195747067576,0.7044730036782576,0.2641149397031787,0.1241495443953016,0.363544123369342,0.5231035414004175,0.29969817538594096,0.8032212619119848,0.46957113568536424,1.3560725647751328,0.7803314719939662,2.1974429174634524
20,21,5442,21,walking,0.06956968806604333,0.7034143650203054,1.3709424683802172,0.5833821149105829,2.498870412744705,0.14960465887592184,2.3432382955016084,1.5280376877485724,1.6029191633719202,0.2410327324724964,1.4138900746620606,1.0203587732701789,0.017451678234940787,0.38222105800225337,1.097915008092025,0.3794520961132827,0.10703460999779937,0.48358206459171865,1.0352421761876311,0.4432951050733335,0.15985643154807486,0.04121971390109907,0.1760075846640457,0.11563197511247872,0.7426169973272473,0.33351243214396575,1.239539267914598,0.6783596253714048,1.5280376877485724
21,22,5443,22,walking,0.11307803520333153,0.5184990703410717,0.9885276984278558,0.45033638190333247,3.1956993951334405,0.2276016600445741,3.408357750438285,2.050991972158863,0.46801664219651856,0.438183296145775,0.7315802265248736,0.5087960206418922,0.09164228758234887,0.022096129739360485,0.25935930264223916,0.09736722745713157,0.3013379925694959,0.04738490334872545,0.42252587088223165,0.22399433254373485,0.055462336836929346,0.0309031764841711,0.12703295110076948,0.059952795548594076,0.7042061149203441,0.2141113726839463,0.9895639666693757,0.5652397883755914,2.050991972158863
22,23,5444,23,walking,0.03299537036767039,0.6256378381136247,1.1863429222437256,0.5007218678412632,2.701407472448411,0.17016372182010828,2.39745854770436,1.6281201872482798,0.1541277239145326,0.029717169517327904,0.7014680644368996,0.21383157026012414,0.12034204813716602,0.5660455248828943,1.15650399317096,0.5058558278422162,0.2955891213641527,0.1381675982781381,0.36157126501521447,0.24581694085995923,0.1338512643699835,0.6950092803244825,1.3296415408300741,0.5974725260438012,0.5730521667669861,0.37079018882276266,1.1888310555668724,0.615303153349274,1.6281201872482798
23,24,5445,24,walking,0.1813952905023695,0.8201074638451071,1.7212097889354685,0.7448430595260844,2.8462022009501884,0.5430278937553482,2.988484771754032,1.9533889922330212,0.2918779031083254,0.45716661463345537,0.901251831723711,0.47986817344145455,0.002244558658497494,0.6047819663032437,1.4494810832278957,0.5327068266302756,0.034495876690976424,0.5566508563011983,0.8455341015531971,0.4055655135075093,0.2305788624127591,0.2810351041263508,0.3781482842352862,0.2802752434627012,0.597799115387186,0.5437949831607839,1.3806849769049316,0.7327746348001744,1.9533889922330212
24,25,5446,25,walking,0.2862772738094835,0.5815671782730085,1.0939673013478142,0.5659312411025597,2.7687188985909423,0.11040291322711275,2.645952134653476,1.680839151657917,0.49378885527347594,0.5823672973596787,1.4668019633478284,0.7238228537228276,0.08377602288308708,0.44370340285833465,1.494455573473756,0.50988288499132,0.14939795158012326,0.10078734305525329,0.27883962933908685,0.155842043721968,0.06047731809232427,0.2691072924383755,0.46925275113390785,0.2256843944390615,0.6404060533715727,0.3479892378686273,1.2415448922159782,0.6436670949392757,1.680839151657917
25,26,5447,26,walking,1.0258232230317674,0.15811940812354452,1.3041292781113358,0.734402908084392,2.5288350629359018,0.5501394751671084,2.5396975695278896,1.739529329146782,0.06925580445125964,0.15450155382325662,0.7169913252429849,0.2329012083584035,0.05551922623685291,0.3756956753059136,1.6171949116912199,0.4959249429553506,0.04854959771124039,0.056274721196818915,0.25871602128517396,0.09367293182025851,0.20430746291391905,0.09958777509209774,0.10523831836780156,0.14260575887596705,0.6553817295468235,0.23238643478478993,1.0903279040377343,0.5731728465401923,1.739529329146782
26,27,5448,27,walking,0.20828323103200694,0.8337594080012104,1.6294101514400223,0.7426990859012914,2.26115873450281,0.8196376748597554,1.9539811162710645,1.6231147869992393,0.886809088424864,0.6991999787491064,1.591335980127274,0.952670822895043,0.03849408859459719,0.538309166131078,1.3543408935019536,0.5015894805906609,0.17677702932719583,0.27613052589764736,0.4479753582450718,0.27075809373895166,0.0864079444620756,0.36722576155038344,0.4816365566926306,0.2777807937435097,0.6096550193905915,0.5890437525315302,1.2431133427130028,0.7281021773114493,1.6231147869992393
27,28,5449,28,walking,0.49389326902943037,0.6231600764183687,1.4207251765087723,0.730966373480874,2.4306976550755492,0.5640370147897797,2.0754346625529756,1.612980800456727,1.2954739913620825,0.5656197546200435,1.592847662582717,1.063007030909394,0.06475326488713153,0.3040622742364452,1.2491391371641236,0.3973540430822554,0.23839273591090387,0.17519838465494236,0.42189705819400103,0.2498158598651387,0.28076307627942615,0.055020576770878724,0.3196462166420176,0.19824270454852547,0.8006623320907539,0.3811830135817431,1.1799483189407678,0.7087278020571524,1.612980800456727
28,29,5450,29,walking,0.0010334935999592708,0.6568798550524788,1.336224091092637,0.5304101576795026,2.7609450358557606,0.640120835168496,2.808218457822118,1.9220700399741264,0.14776663502748671,0.07382891860348635,0.5526989039791225,0.19917800224821372,0.15455680765962349,0.2927034672527505,1.449442236860429,0.4687925573370354,0.1679570906380207,0.6101479451081759,0.9977175379724055,0.5107855218929598,0.04687513359205358,0.3318301673115491,0.4181628410768545,0.23511468857681198,0.5465223660621507,0.43425186474948946,1.2604106781339277,0.6443918279514416,1.9220700399741264
29,30,5451,30,walking,0.01556053780964627,0.5324627792555671,1.0035081956304848,0.4199109659521823,3.022799103880582,0.37942775144968943,3.1622988975211364,1.993350521636336,0.14199169213604773,0.10999817453372254,0.953850808113244,0.29156610829055696,0.06112719448874032,0.5511595697698967,1.0883606242747441,0.46258683055840366,0.04443227311111944,0.5984915059320159,0.9680970539888292,0.45078892241502,0.2716866376648763,0.0709393051682042,0.4101393932798666,0.21907825578920553,0.5929329065151686,0.37374651435151596,1.2643758288013842,0.6395469341069506,1.993350521636336
30,31,5452,31,walking,0.27163851190265403,0.7137828545111113,1.468988089725889,0.6879661645106839,3.5747199910481773,0.2925535202026367,2.641153128051758,2.0751400301106773,0.3171207342537338,0.7120567736104229,3.7223134565416216,1.156133694453987,0.007646308852563157,0.5478261408230053,2.2199511164093417,0.6661792031520958,0.04601877142003802,0.7516802057277324,1.2355724664621577,0.5661940841515397,0.1313659198247253,0.4512101526899907,0.7496415270367527,0.38295873441323697,0.724751706216982,0.5781849412608165,2.00626996403792,0.9224286517987035,2.0751400301106773
31,32,5453,32,walking,0.13447351316046222,0.7212788239313959,1.3441081544020173,0.6111225657171467,2.5886788118010697,0.5079611850225705,2.519653950376192,1.7425867888046946,1.738267193787487,0.8630516495265014,4.341160407641255,1.9087596188538467,0.08386757954580853,0.4606754829919015,1.9822693076395241,0.6142710865429889,0.1252259313197376,0.4125152918114853,0.8261213495887354,0.3803207591702362,0.04394336614840022,0.04476918908421903,0.20641796941822782,0.07676861597669327,0.7857427326271608,0.5017086037280122,1.8699551898443252,0.8889715725109344,1.9087596188538467
32,33,5454,33,walking,0.1454336276883143,0.7043046790646666,1.4114806225678183,0.622191447214756,3.336396166256496,0.1594106719201925,3.87631004318899,2.1735847439084734,1.28654946530952,0.12391450559420977,0.7539461677739746,0.7149748219162868,0.16562041195356403,0.2803207082024259,0.6855426067857976,0.3154849694195555,0.19211965643620868,0.13054936421743135,0.32429428726326076,0.19392646571410818,0.17011420704700328,0.436730047771553,0.6750310044104515,0.3777439028095128,0.8827055891151844,0.3058716627950799,1.2877674553317153,0.7329843918304488,2.1735847439084734
33,34,5455,34,walking,0.3059111165476369,0.701963403286078,1.4179348171266735,0.6867367713588206,3.230891629531257,0.05395573097587434,3.1287878919767858,1.9396965225982097,0.896513756034616,0.5807508755097494,1.446219706565945,0.8801497939309353,0.07810379307211182,0.05356038131831608,0.5585370527373418,0.1643730803036395,0.13122624700059257,0.13234183295771235,0.23857367874136207,0.1531419677315944,0.010774214287114343,0.25179930431086844,0.35674213781589403,0.17637783500237192,0.7755701260788882,0.29572858805976643,1.1911325474940004,0.666745995154262,1.9396965225982097
34,35,5456,35,walking,0.2200954277237756,0.7356792774743158,1.3866474871133283,0.6596393795019022,3.014268725468562,0.08733056141779975,3.0205692936823914,1.8447535734910232,0.7931861185560038,0.6795674944235609,1.1535465184380027,0.8198107488794265,0.04153986159764546,0.03649070733030069,0.7003265170144364,0.17127753097406573,0.1447211766775037,0.21893735558909008,0.3616683552147252,0.21779708394958258,0.30432017622866325,0.009797611573766823,0.28717948875456556,0.18308301287188516,0.753021914375359,0.2946338346348057,1.1516562767029082,0.6493935549446476,1.8447535734910232
35,36,5457,36,walking,0.20935970399437856,0.47782712463650484,0.7211861997037322,0.4191119713930998,3.3497693459818683,0.5521439811376136,2.792317556396244,2.1192288421270415,0.4533944650241132,0.16175057554428632,0.28874029856132155,0.3038060759396241,0.030879136995107193,0.01713814054216653,0.6829405315783846,0.15579501733058643,0.12688040185947808,0.5426532903225784,0.8170018650236583,0.4312138498775543,0.13724361222099374,0.25241104246657575,0.17408385836047902,0.1906786335471236,0.7179211110126564,0.3339873591082876,0.9127117182706366,0.6033057317025049,2.1192288421270415
36,37,5458,37,walking,0.2908263864347738,0.4683392020920367,0.8760555051640277,0.4788773364435298,2.8345947629176815,0.09844862676299784,2.7504016273763408,1.72329768134754,0.18498785583378044,0.6413380234261469,1.3198253682626593,0.5944954253565028,0.13587363415792605,0.3330917379100484,0.6811611355644922,0.3238183759400882,0.2783839898782449,0.3689325120713976,0.6049655808342828,0.37991971694671356,0.19558512390200106,0.15202515723121854,0.36153521926741594,0.21135115630677104,0.6533752921874013,0.34369587658230766,1.0989907394115364,0.6186266153901909,1.72329768134754
37,38,5459,38,walking,0.7467208242702732,0.31571720189832775,0.6316003573087409,0.5512952819291885,3.630893088257579,0.044716199883905204,4.116208738697147,2.2934854629960233,1.2532552879617171,0.40929409731313127,0.883323210326193,0.841684396175178,0.0640294957022429,0.6521788269220276,1.3724042934175231,0.5609641877332128,0.16445927236343966,0.09945137026597134,0.18554651570253344,0.1426735601922711,0.1658334399783146,0.1541932595554646,0.19272221130682843,0.16655512207487735,1.0041985680889276,0.27925849263980457,1.230300887793161,0.759443001850125,2.2934854629960233
38,39,5460,39,walking,0.44127354002564406,0.24101435038130992,0.36093832296824413,0.34510282075643045,3.5946798036465832,0.18325060948144267,3.568551147092145,2.224882394669639,0.6588739175863885,0.31571683350785396,0.4109039707833096,0.4720170945943589,0.12330069097195236,0.3173707835637503,1.210051094164855,0.4182788086472521,0.18534079629775374,0.10574040496558465,0.43653832820423855,0.20374014614618308,0.15116849818051586,0.08353078780532434,0.1685508427077664,0.12758988293588938,0.8591062077848064,0.20777062828421097,1.025922284320093,0.6319351912916256,2.224882394669639
39,40,5461,40,walking,0.12521493221969965,0.5975644836314077,1.1191289262227047,0.5129375515849839,3.5433329646163356,0.1874554066894354,3.317250813409121,2.1557655112041325,0.2972103352553041,0.4158892831535695,0.6211093640359202,0.4094617201707335,0.060398852456028565,0.8098516471471364,1.5804639874477422,0.6641929973308145,0.07457251075748023,0.3273155120768157,0.7037544033281319,0.3015060897993448,0.041065795831447295,0.2323390372344544,0.36076116769933786,0.18151416676622828,0.6902992318560494,0.4284025616554698,1.2837447770238264,0.704229672809373,2.1557655112041325
40,41,5462,41,walking,0.08457129323584393,0.7198893066145415,1.2319484730255912,0.5681739345452724,3.809176293783074,0.44877165594197105,4.0484263003145635,2.5128644399529305,0.6135751693871371,0.584003162991469,1.1179254893284694,0.7026164308171364,0.049727273566643596,0.005307487819505738,0.17316219609513406,0.05664634377348655,0.17379320604014772,0.2243190225020892,0.3136017013248001,0.22196523168185484,0.11987216794115353,0.1577773985900278,0.47244970160206473,0.2055497669328855,0.8084525673256667,0.3566780057432674,1.2262523102817704,0.7113026912839278,2.5128644399529305
41,42,5463,42,walking,0.18498283342963598,0.5487605766748285,0.9445447705418493,0.48240631815015567,3.7273327745862965,0.6075985893126457,3.570930957125414,2.44815873698466,0.6651481958359751,0.128193661292097,0.20646541435579796,0.35862982572238844,0.048702079330102156,0.2352132907831002,0.8533861477736073,0.2842433776000024,0.03396573877364453,0.7938964877489887,1.2723975846673372,0.5856244075425208,0.35012080636842113,0.865776367843543,1.5260083966021232,0.7915605490052103,0.8350420713873459,0.5299064956092006,1.3956222118443549,0.8251038691674897,2.44815873698466
42,43,5464,43,walking,0.13435717688061477,0.5668792670160371,1.0964714532711148,0.4997888682128837,2.110826301574707,0.34175449566249433,1.6191435431041856,1.3048610275157175,0.12109531063284071,0.022306144134574248,0.5462193802024826,0.1666044579474625,0.09827049706320148,0.5776766375850484,1.2911530446324142,0.5286094627857828,0.08202491732704617,0.5441500878290084,0.7313153921055808,0.39673308048353795,0.0797833723098777,0.2419292139000594,0.44259456429071997,0.21720394734211884,0.4377262626313812,0.3824493076878703,0.9544828962677495,0.5189668073812506,1.3048610275157175
43,44,5465,44,walking,0.20559606549278095,0.708083201721155,1.4154646306278384,0.6485646330111421,3.3963707994678995,0.41930659519224195,3.1065636699253365,2.1475836918491242,0.0965883451349595,0.20964559027988833,0.4609809479537315,0.21468976375668547,0.04903520677453676,0.6571017931289617,1.6703346325934936,0.6165217264800982,0.0622782331124552,0.5976404139870092,0.7681337323105126,0.4175942053018883,0.011035338226400898,0.1538177541372132,0.23824734970408576,0.1135907068862628,0.6368173313681721,0.4575992247410783,1.276620827185833,0.6930907878808668,2.1475836918491242
44,45,5466,45,walking,0.17618992178856333,0.629140024340761,1.0667834733766384,0.5354886731270574,4.451573078885991,0.6868244384197478,4.269840445822858,2.909327096086867,2.064689137794415,0.4566779934155401,1.519868176822463,1.3125204878484746,0.037337241169553344,0.3732791325710942,1.0788979171007083,0.3800261329164007,0.23083043335918413,0.3171907199489801,0.36464184688856877,0.29213683070097946,0.12485499477087382,0.4998903257445196,0.6220995380032446,0.3743180358068063,1.18091246796143,0.4938337724067738,1.48702189966908,0.9673028760810976,2.909327096086867
45,46,5467,46,walking,0.14969872290186925,0.7510800465256623,1.5428516128371528,0.6688818303384432,3.1418121173409483,0.7702176203182088,3.1368214969413595,2.192176194451935,0.507954264225641,0.6996817944368514,1.214769310585343,0.7260082855820656,0.017270449944805713,0.5793366189259803,1.3053682839506058,0.49971648433843563,0.019064822683974008,0.4983104670920023,0.5054402307766241,0.3080381620657154,0.16288146131482475,0.2612328880277031,0.1339335041128712,0.19643244055958542,0.6664469730686772,0.5933099058877348,1.306530739867326,0.76520889955603,2.192176194451935
46,47,5468,47,walking,0.31229485253760286,0.71302496478162,1.401574513160238,0.6904428295597368,3.349964731859464,0.3028278361026169,3.663505495741634,2.1938181263331593,0.8981935330415995,0.1017963346163829,0.2753297500825196,0.45506189707969696,0.09344304942066675,0.5381637135156259,1.451762313356741,0.5429951678458653,0.18262014601220583,0.4731043665364645,0.754238468154109,0.4131374986502899,0.2690681857465981,0.4734183306489371,0.745939031356891,0.44618241282959226,0.8509307497696895,0.43372259103360794,1.3820582619753556,0.7902729887163902,2.1938181263331593
47,48,5469,48,walking,0.05431157100641077,0.7025875938339519,2.037002785960982,0.7101602231283415,1.504959258246088,0.41109902324034636,1.6899959528601396,1.1044225031666017,0.5809316142318873,0.1007275638222897,1.138945199629585,0.5004527111475878,0.043700880947016886,0.749422997825596,2.290432859733614,0.7753361234557681,0.1640270066027548,0.2998787370136525,0.5035779045585262,0.2862778783582682,0.02411219316031237,0.4234202439303225,0.752108354189647,0.32943464567418335,0.3953404206990783,0.4478560266110265,1.402010509488749,0.6176806808217917,1.1044225031666017
48,49,5470,49,walking,0.011323549196011569,0.7777873388118914,2.0854014541976813,0.7327246460426975,1.4415321851158918,0.7112054909567402,1.9050054937019665,1.242096169169446,0.6634782697959393,0.414075501460479,1.23748668577476,0.6785188456575194,0.06560951430048492,0.7992711695464881,2.0335963632609393,0.7526715461909772,0.06579442926355311,0.16603087852886217,0.39756397114757414,0.17224291734648095,0.4226669436328469,0.6905690566492201,1.6688431560343688,0.7790630313197007,0.4450674818841213,0.5931565726589468,1.5546495206862152,0.7262195259544704,1.242096169169446
49,50,5471,50,walking,0.37988698866351994,0.7148117891888939,1.826636333693686,0.8032067778797027,1.9735540400017302,0.24193902769833672,3.4955577355473535,1.5853087741894978,0.00952933003485707,0.03154571277898505,0.22799862476817354,0.06202974207917156,0.16674010558592417,0.4638614044763361,1.0377524568264511,0.45979109539019436,0.3825029654380602,0.015312690471521248,0.7107777031215691,0.30128180298814644,0.5084955072200475,0.05986323562481687,0.8235819790267136,0.39205989294328847,0.5701181561573566,0.2545556433731483,1.353717472163991,0.6006130142450001,1.5853087741894978
50,51,5472,51,walking,0.29416996103890986,0.5701371773532363,1.2364083377012758,0.5930045228971137,1.399691627308273,0.23062169130066032,1.2246629086286664,0.8970579091693066,0.35254069106671415,0.13420564341313626,1.067808882704059,0.408260310332752,0.08621864209961354,0.09026257932398239,0.8400197888891325,0.23859644634726487,0.2127478807003467,0.31279549867043765,1.1781801401278673,0.4458533797738872,0.06634000656081408,0.27388544198943354,0.2885872381489452,0.19380762704988808,0.40195146812911187,0.26865133867514773,0.9726112160333246,0.46276336592836875,0.8970579091693066
51,52,5473,52,walking,0.08164188677689958,0.7060348500394907,1.3311204607250833,0.5812947868715728,1.7915709348645945,0.344459780853943,1.4404584488250807,1.1425039760524311,0.38585190369369243,0.5568177148657513,1.62705681892772,0.7024792112093216,0.14536091375323243,0.527288203596861,1.3692891712731776,0.5429174811946729,0.337128621505879,0.3649146320650083,0.8364209615778259,0.4481014937439201,0.19001805873218444,0.46304639076615206,0.7164724730198679,0.4045202744033082,0.4885953865544137,0.49376026203120116,1.220136389058126,0.6369695372458712,1.1425039760524311
52,53,5474,53,walking,0.2323305473114526,0.44917993172586956,1.0713925043031494,0.48688269247555876,3.144336037408738,0.5073340620313372,3.342323742821103,2.1291327883402507,1.067469875238315,0.7614101926088774,1.6640166407199513,1.064355355282867,0.1760359951746092,0.38066369794272437,1.3608739493515691,0.4948546671172473,0.2560756802021436,0.37947501568669556,1.06412951939809,0.4670461822351537,0.34173325331256393,0.4729441093106575,0.7841344681698867,0.482697838683266,0.869663564774637,0.491834501551027,1.5478118041272915,0.8541615873557239,2.1291327883402507
53,54,5475,54,walking,0.4465109986999336,0.890727790010321,1.9025786742353683,0.9154112503311755,4.200581364899185,0.3796935906560845,4.5945266420579305,2.751015310633694,1.0720436038147534,0.6060946269484168,1.4115354098585255,0.9535623742769732,0.3127592521884887,0.3030108099958731,1.2009207796125938,0.4864921807962635,0.12486186054976363,0.7893413773884899,1.9650959835240713,0.7587004918801157,0.025440579244765747,0.11064536283785137,0.8529234201704521,0.2250190608671373,1.0303662765661483,0.513252259639506,1.9879301515764902,1.01503344479756,2.751015310633694
54,55,5476,55,walking,0.014630228577266913,0.23469875726263756,0.8564935560017883,0.27103030553631946,3.139239242418228,0.4667096024215817,2.9602184920146914,2.034423236338862,0.23489008689111515,0.5744251003561094,1.1497679125430973,0.5536796574075094,0.03570800003319396,0.32865118260493714,1.1666428874836228,0.379072250551977,0.03212032870827715,0.8171714393853814,1.6329689540163153,0.6663104980407265,0.05441990914702704,0.6256905375612273,1.0724760122507015,0.4865393811334421,0.5851679659625181,0.5078911032653124,1.4730946357183694,0.7318425548348061,2.034423236338862
55,56,5477,56,walking,0.3019630376314541,0.6490666352434646,1.16671503053063,0.6137548752560935,2.00117453025901,0.647361700692137,1.7112742741088087,1.4016693472022208,1.0968668825585535,0.49701583674161026,1.0953767120802957,0.8566284301361247,0.09560511520842917,0.6331921557790225,1.9091878071273727,0.6733564698204553,0.23604017724586798,0.2986255310971864,0.3852043677755225,0.29090715689232627,0.13911057993257941,0.4900361733047933,0.6334463106880616,0.3783479634325614,0.645126720472649,0.5358830054763691,1.1502007503851153,0.7024440404566303,1.4016693472022208
56,57,5478,57,walking,0.26336025627762105,0.756086904557434,1.5190665711094278,0.7115921785559076,2.16190277165522,0.47398260525441843,2.1079064774976692,1.4759354462633894,0.03152163587095124,0.15508247337672193,0.15045175705995983,0.10473199511106124,0.06322780561018113,0.6318785574258446,1.6646215451100796,0.6109668542364263,0.022989127126406855,0.16005079538652325,0.44279475514052086,0.16177492003327623,0.030080246985625947,0.2686474353408676,0.3623639423953104,0.1919638614096595,0.428846973921001,0.40762146189030163,1.0412008413854947,0.54282754260162,1.4759354462633894
57,58,5479,58,walking,0.24445012939720528,0.7788636831960438,1.7230459184009428,0.7539347087174881,1.9494432330775904,0.7350377810967935,1.6972606834205421,1.413244542353862,0.38683438852240487,0.27244205958446754,0.8687206420500184,0.4374547076527527,0.11795063639162161,0.6338786956707486,1.3301095152715576,0.5667536358792596,0.06778823373151975,0.4698454402984783,0.6316135062617687,0.341376170864353,0.10110817255509608,0.246072666766222,0.2021601727457667,0.1793043702776806,0.4779291322792396,0.522690054435459,1.0754850730250993,0.6153446892908994,1.413244542353862
58,59,5480,59,walking,0.2787758096143486,0.6710546312520471,1.2302404494191428,0.6259802662303868,2.302223301813516,0.44744229847105443,2.114054911174143,1.522677222348657,1.1873359436619693,0.501952184264601,0.943446081348733,0.8644044674403748,0.1484625656446718,0.2910588802056072,1.1260675839207577,0.4010220951242632,0.20045211549925313,0.5406916770722794,1.1799412869118355,0.5324457744109801,0.03826057091141841,0.13298793371905565,0.4248521894985079,0.1534698397518912,0.6925850511908629,0.43086460083077416,1.1697670837121865,0.6833332775510922,1.522677222348657
59,60,5481,60,walking,0.5406215300007692,0.839965445524102,1.7447519470620603,0.9011851796223606,1.942743318451965,0.48074816591197994,1.6379030207188694,1.2969771978893518,0.024490357530677808,0.35621154326408516,0.7191652198843602,0.2961138042947773,0.028944740003329115,0.6049993334372351,1.7536691507678823,0.6043114595298023,0.05892670669415024,0.33391499720262674,0.4998611432782719,0.2571089102143652,0.20090772392427675,0.2160623620383391,0.3591800738618226,0.23862404915741087,0.46610572943419465,0.471983641229728,1.1190884259288778,0.5990534334513447,1.2969771978893518
60,61,5482,61,walking,0.05688596502928659,0.6047416622469785,1.2693345799679734,0.5185179669041007,2.356195312405225,0.21862908772059855,2.329765771190572,1.4958829142884438,0.07463543512541164,0.57276914585418,1.1929574934868439,0.49755333108920546,0.11227372661451697,0.1948841182330183,0.5758608506136057,0.23803530806173526,0.24304612148676488,0.3592790635790472,0.6804463356679494,0.37701934115991476,0.31203465650276263,0.3640301973641325,0.9811347893306188,0.4666528994128818,0.5258452028606612,0.38572221249965916,1.1715833033762604,0.5989436268193802,1.4958829142884438
61,62,5483,62,walking,0.1570268224096698,0.6722653689558578,1.276568193453997,0.5870305152370104,2.9297486954155705,0.028665057226974416,3.028551596912142,1.7890758204394464,0.8924521999759274,0.501621958107533,0.9101968936229011,0.7396690419579643,0.0445968436367939,0.353490330580342,0.822235554215536,0.32368198052996155,0.27940528029501255,0.1117467168376153,0.29875437202900745,0.21621167325885263,0.18207410835935472,0.08883724098920422,0.012233329997152029,0.11081120573885399,0.7475506583487214,0.29277111211625445,1.058089990038456,0.6277467061936816,1.7890758204394464
62,63,5484,63,walking,0.033020933124524365,0.7205481161826288,1.3729786774251682,0.5760233552078948,2.9836675197520157,0.564593438561081,3.2536300131615175,2.0700303859575424,1.984834644432376,0.6192442609908733,1.4567419655254807,1.332979955274396,0.003507361908869362,0.38638683525591705,1.295595839914537,0.41507684684882196,0.19234955115396465,0.552637784717258,0.9792266510591623,0.4938402645603216,0.2805647683093633,0.4677540141331574,0.7637440551501901,0.45207632400704634,0.9129907964468522,0.5518607416401526,1.5203195337060091,0.8900045219760039,2.0700303859575424
63,64,5485,64,walking,0.13945543675443167,0.6239079238165712,1.2202067606749218,0.5493866963633856,3.285790224449872,0.06797072318385379,3.9463851142145714,2.130781401896405,0.47620790105470473,0.6058026669730603,1.3729996854150799,0.707404164294122,0.10059217182253599,0.5896943504190246,1.5449538237527947,0.5851053736471832,0.1622269875535341,0.12484085819802922,0.4518972081930096,0.20520657993922725,0.10116192737775678,0.3130977781515637,0.7884936833675746,0.32340261888524313,0.7109057748354727,0.38755238345701715,1.5541560459363255,0.7502144725042611,2.130781401896405
64,65,5486,65,walking,0.2948008257801108,0.4293937719105529,0.6278311271903118,0.4152440645143278,3.009695333254409,0.2526692084063627,3.320516431515525,1.969049102967414,0.17090841810754007,0.40256726868609166,1.0645109348474664,0.442292461686946,0.1704785920817455,0.6732355457395981,1.637826765123719,0.6650510081532812,0.11114992011545055,0.1795641122105498,0.3011062187366847,0.1765068566777371,0.21623346592963216,0.3622544778588607,0.5766703555725694,0.34672924862991106,0.6622110925448147,0.3832807308020026,1.254743638831046,0.6691454571049362,1.969049102967414
65,66,5487,66,walking,0.17881201939867053,0.6602578273672142,1.3707788644247496,0.6097837115913038,2.5225018468396416,0.6008311693197508,2.271717940303599,1.7036767945244768,0.8048102651656694,0.3551649645080193,0.6839725507792167,0.6007846020253189,0.10698672143991003,0.5839231377670313,1.3314238960419467,0.5426487228911658,0.17398129456161,0.10928661659637115,0.14065922216546314,0.14143900889628508,0.0822710887729287,0.18266388072166384,0.2430214709936182,0.15457828199656065,0.6448938726964051,0.41535459938000846,1.0069289907847656,0.6254851869875185,1.7036767945244768
66,67,5488,67,walking,1.7934222101775223,0.4128423142719165,1.4512260711570082,1.1727510240111771,2.4055364440469185,0.5472445167413279,3.3800331155793004,1.8571190074311588,0.63312452761124,0.7225385456258995,1.1984724495206354,0.7819597191989829,0.17903518183969475,0.8712096163347701,3.1098803561687838,1.0420739905035428,0.0089617321745463,0.35430631857440514,1.0115024239597816,0.34760770509153693,0.35479684328936667,0.518050886427478,1.1560741091592521,0.5803539137185882,0.8958128231898815,0.5710320329959662,1.8845314209241268,0.9636442266591645,1.8571190074311588
67,68,5489,68,walking,3.5358376869788533,0.40872540664390705,2.5229324723136495,2.0824117319118343,3.1254833563327558,0.40762256217246745,3.1884041952030056,2.0509232064426905,0.3276721009701524,0.6505209500822932,1.105946978105433,0.6124666160420649,0.13269600748339033,0.8385541888306869,3.2411843643023475,1.0367369513861004,0.5534561935311823,0.4749719803013018,0.17464392754568994,0.4463000550421316,0.3512065785186843,1.5121942719913777,1.920122841052581,1.129384908414541,1.3377253206358366,0.7154315600036724,2.0255391297537844,1.2263705782065606,2.0824117319118343
68,69,5490,69,walking,1.1041556422542078,0.6879948162071201,1.277758005521872,0.9724117844889055,2.743298204733031,0.03819493696132127,3.0281755230980147,1.718232361297344,0.05486250060897185,0.5934444839847562,1.4499846754179933,0.5493197289210898,0.12943657719081372,0.5989515543245719,1.304085575003263,0.5521723676068069,0.43204167431961027,0.03632736051069691,0.5917023191730999,0.3056880777667429,0.23175810930911345,0.02203716388792978,0.4607470711177132,0.19366752350235994,0.7825921180692914,0.32949171931273274,1.3520755282219927,0.7152486405972083,1.718232361297344
69,70,5491,70,walking,0.08909238054750213,0.43134781508228803,1.220255315782341,0.45222714140838427,2.227501308579775,0.18957495938610114,2.9113218673964294,1.5490948806656364,0.22368623673076365,0.7365101909553501,2.2003668641120617,0.8241519438968579,0.25184667061520016,0.5028250194606964,1.286490286097807,0.55916673324992,0.1626738300172168,0.6388831836151265,1.0737039718096468,0.5353635998148667,0.05978110481906289,0.19332576233786639,0.4484667657664592,0.19093610001606356,0.5024302552182535,0.44874448847290477,1.523434178494124,0.6851567331752881,1.5490948806656364
70,71,5492,71,walking,0.2668285234279544,0.7289008438869675,1.5234652819791674,0.7029848033218022,3.2704609808793927,0.12220600464334885,3.0430462058933303,1.9656760353877627,0.1073654646223241,0.08433228053829882,0.4657261374999176,0.16982432556423271,0.13405435015685366,0.04814027521732087,0.49793633579337676,0.17246511730834518,0.05327210691053934,0.09678648159860813,0.4007977098959562,0.14018297738285024,0.09986331774787051,0.15512145218452625,0.4385286185127244,0.18969963167550358,0.6553074572908225,0.2059145563448451,1.0615833815957454,0.5568054817734162,1.9656760353877627
71,72,5493,72,walking,0.00265123740114738,0.7018103605248724,1.3044475651186378,0.5426741521941356,3.108454520375307,0.11410315610305446,2.322816645253803,1.753586399642105,0.1052527949893956,0.44974316922751056,1.0696948559996045,0.43593735688668334,0.2532235694220488,0.3965717250738128,0.9259247636767529,0.44510307053369524,0.17071677402831276,0.5370921277221822,1.026369531671484,0.48839746703449477,0.11505292289652806,0.4005448171484326,0.5691662771016479,0.32007235143831386,0.6258919698521233,0.43331089263331085,1.2030699398036548,0.6642951329549046,1.753586399642105
72,73,5494,73,walking,0.018210870858038655,0.6759716223847264,1.3245195184183176,0.5425769009807695,3.7046030501244775,0.3609512355965627,2.644821971570942,2.1551861086026047,0.5770619018256389,0.3502987115252011,0.7455225742913938,0.5200487601986148,0.10412342795987967,0.5931654727484157,1.3858633144713357,0.5560882231775853,0.009762195568229697,0.39392768853419535,0.6745278186894752,0.2963815173788651,0.049157215211227644,0.49139231488904883,0.6158874314704925,0.3393972983342091,0.7438197769245819,0.47761784094635834,1.2318571048186593,0.734946468112108,2.1551861086026047
73,74,5495,74,walking,0.08970362189054422,0.6151931075284645,1.009495731157533,0.4838578379991101,4.077327051362792,0.38926366450903294,4.0332519741325115,2.593286681175232,0.9040705641982697,0.06313241836045605,0.6652425142664895,0.5199296958767883,0.018883584557793473,0.49252678077609946,1.5005512050300656,0.5046743871395702,0.08446080234129104,0.05364063349501439,0.3519534340859951,0.12563126115172119,0.2237235799066843,0.3955603545379241,0.6986858970240541,0.3874507531826542,0.899694867376229,0.3348861598678319,1.3765301259494416,0.7691384360875126,2.593286681175232
74,75,5496,75,walking,0.02468882286178588,0.6923652641379971,1.1538993559156479,0.5176015059830428,5.217990589845294,0.20781043105934388,5.267895808084245,3.2238995699787045,1.021755504855007,0.008792721680056107,0.874399341520716,0.5870991589181684,0.028719889313455614,0.3984284382017832,1.264629556262304,0.4237852422585564,0.04593334572711286,0.5657402645881479,0.8601317599852623,0.41669579612315677,0.20023457510199139,0.21025182841088116,0.2693163696131484,0.21805783532777873,1.089887121284108,0.34723149134636816,1.6150453652302206,0.8978565180982345,3.2238995699787045
75,76,5497,76,walking,0.03880361973086196,0.745953711292758,1.1410700967901939,0.5421169517674868,3.291877469032146,0.4436609866050294,2.3096873659369503,1.9561528554422605,0.5606073107692696,0.8809643433130292,1.1930591626774318,0.8152404941684059,0.22858935063199476,0.31250493347798824,1.193693728101962,0.45517645926438566,0.0057831018968345065,0.11908834588293934,0.21768370329164977,0.0934853197702395,0.2482118918027492,0.1940401193034442,0.5159775328773984,0.28009631101795707,0.7289787906439759,0.4493687399791981,1.0951952649459311,0.6903780652384558,1.9561528554422605
76,77,5498,77,walking,0.05880795847071309,0.46840012596216696,0.7981706103981806,0.37051735585278817,3.7126671605965424,0.5394656152436228,2.651961361746823,2.231245382685431,1.5121658892934537,0.386434969694718,1.141827504770413,0.9878058445493514,0.12732361163654954,0.3164877503795849,0.6193007600004079,0.30138469680653535,0.044758409284401376,0.3587027318769979,0.7231581430805609,0.3060160850806719,0.11305928576165523,0.3776501755287433,0.5918166898619598,0.3146471224885514,0.9281303858405527,0.40785689478097226,1.087705844976391,0.7519360812438882,2.231245382685431
77,78,5499,78,walking,0.006598753665251344,0.7612739238346252,1.4600129133639341,0.5991516536727375,3.5798960981115835,0.32236903536636213,3.594254636342547,2.2797569806596876,0.5502778509447739,0.26162681091568873,0.9486124046152165,0.5144843456672283,0.0657883670763374,0.6091235281374353,1.4761089060675678,0.5651865392990226,0.10439701370101416,0.10703148914405745,0.2349037978988796,0.1315521607178046,0.16571542536921352,0.7408885057485362,1.0428465408753933,0.5712108806221785,0.7454455848113622,0.4670522155244508,1.4594565331939229,0.7768904267731098,2.2797569806596876
78,79,5500,79,walking,0.15039051628819422,0.6359221579920501,0.8858705723377402,0.4916991841796458,3.1243929819898355,0.07755959439890682,3.169506312907777,1.9146822931370524,0.06334050426858777,0.2663325574778884,0.7328072070727637,0.2784306661131432,0.12196234594432719,0.34766313578063696,1.11979893815825,0.4118099803216357,0.11282286807861668,0.6741461207579439,1.1958071739693,0.5539490303284842,0.020026632172080602,0.054738230910987555,0.1215269316062618,0.05421133155447963,0.5988226414569403,0.34272696621973564,1.2042195226753487,0.6174637476057402,1.9146822931370524
79,80,5501,80,walking,0.055385956649517974,0.6805701059164461,1.2333422755867347,0.5410508801437326,3.352683734372665,0.6138184936971612,3.3120833387791784,2.2490175589837667,1.5558280915252922,0.6673584215400755,1.3284825783367307,1.1549711208934932,0.013109669779098401,0.42894706109239844,1.3175470171355719,0.4403320957757131,0.09230037776110712,0.48746038108522977,1.0300787577471961,0.43792005508797405,0.09066341585418208,0.10318500127669629,0.15666974575601703,0.10887331600355477,0.8599952076569771,0.49688991076800115,1.396367285556905,0.8220275044813723,2.2490175589837667
80,81,5502,81,walking,0.3812902759506675,0.6645925118074781,1.312252984634409,0.6808037120301401,2.8434141088710034,0.33431952382925906,2.663664368514643,1.8038263267830337,1.4150153703467792,0.7813723721476488,1.424632978993793,1.1634816927965297,0.15959684223891954,0.6099353286172517,1.2811696971459332,0.5640468077716552,0.16997492679478798,0.4511975741737253,0.7250688648040831,0.3934827733482219,0.04455009152424855,0.19846204825472946,0.23744287718216478,0.14469343134802415,0.8356402692877344,0.5066465598050153,1.2740386285458378,0.7917224573462676,1.8038263267830337
81,83,5504,83,walking,0.02772613875496711,0.4829103322147639,0.8336195687414962,0.37097850213619166,3.214238569315742,0.04244042494717773,3.053106892810148,1.9132929762671975,0.8287155754415776,0.22765252208087305,0.5174736388789475,0.5260419667847698,0.07120918848804225,0.5966539947414695,1.5867822302464756,0.5845017193410998,0.05862297450640594,0.43889410171302173,0.580534257030035,0.3151136818937781,0.0985460171802772,0.11918601113191711,0.5601844366177279,0.1991296986484233,0.7165097439478355,0.31795623113820387,1.1886168373874717,0.6515097575119101,1.9132929762671975
82,84,5505,84,walking,0.07914039799133976,0.7078536477560387,1.2992795224053701,0.5746535227800253,3.498834684661318,0.3846389733947704,3.247059580941379,2.2028013794107113,0.08131078827115414,0.16535345468953613,0.4289171587587045,0.18444912893601703,0.09278786448848168,0.3202361050031043,0.9836721398183053,0.36194401576029545,0.17672939868200394,0.37753385427046793,0.557154960048442,0.33313629319067717,0.07454088373727837,0.5160599167874784,1.1239596681683346,0.46103225384356966,0.6672240029719293,0.4119459919835659,1.2733405050234226,0.6863360989868826,2.2028013794107113
83,85,5506,85,walking,0.23695531187291438,0.7028631565374729,1.2114312054962997,0.6182136284634149,2.7870075412647797,0.12490475610910812,2.916331945060742,1.7480313079617038,0.6285969554086218,0.4746560559553259,0.8989803663717335,0.6210972778199257,0.1422020326453768,0.25988308621985695,0.6438425428629087,0.28960255611867525,0.11214618156048578,0.11367869345304644,0.29644667417885306,0.14961928484118353,0.061256312523782865,0.11479442841699135,0.12360783101477904,0.09514186257926549,0.6613607225459935,0.2984633627819669,1.0151067608308861,0.5869509862973614,1.7480313079617038
84,86,5507,86,walking,0.2563919804131487,0.8155366499398029,1.6231559915247156,0.7534026504461238,2.9979550646197413,0.26714631178045783,3.0930199315471034,1.9246445368695002,0.5021773390154786,0.49029726223299214,0.7899663655993671,0.5549831136192618,0.19736230280382416,0.45337907642337444,1.3396504206014863,0.5282266358111767,0.12570367955292266,0.583559149565796,1.0424676767239967,0.49219866699228676,0.05024899464261831,0.2915365219840337,0.3424978335879476,0.20521377336825034,0.6883065601746222,0.48357582865440946,1.3717930365974358,0.7431115628510999,1.9246445368695002
85,87,5508,87,walking,0.1918372828649743,0.5727425962032022,1.1412256992055245,0.5340770914683756,3.58770779800182,0.23336454914631316,3.5785542093695266,2.2441397807331587,1.1247767416539527,0.3802442869516854,1.0447947907955086,0.810967369601357,0.12493038799035995,0.06307593258944424,0.355650001668675,0.14633252856565668,0.23497525960978508,0.03236500718807469,0.6619338317494446,0.23932287306903285,0.14028452264882055,0.49077844796750664,0.5378439014012846,0.3599939685267878,0.900751998794952,0.2954284700077044,1.2200004056983274,0.7224722686607281,2.2441397807331587
86,88,5509,88,walking,0.2680057891427652,0.5295267049113832,0.8967896075164734,0.498370919124954,2.9442185977898023,0.27780627220770704,2.9947268215343112,1.887755312305866,0.11485223621028685,0.637976866202805,0.9567762529825694,0.49248689156175063,0.15767615998720194,0.5141227524001877,1.2668024019761521,0.5220800453501864,0.12676565218409674,0.4559415812971353,0.6334954755774502,0.3597819885079829,0.27656072471083404,0.5469043451321948,1.0622196101929933,0.5418299499758101,0.6480131933374979,0.49371308702523553,1.301801694963325,0.7170508511377585,1.887755312305866
87,89,5510,89,walking,0.05081602549739657,0.612466706930813,1.0998517975172235,0.4852834524747285,4.1851632175205635,0.22866922504497025,3.676483377720575,2.500829652570329,0.19429355569285492,0.5456397184851574,0.9608006049782678,0.48813343066685855,0.04591165391387643,0.3926859087517289,1.1234948147131776,0.4001379880088777,0.028620203227212985,0.2950192869526066,0.5280279819279501,0.23506139245751786,0.07007318723343106,0.35129496891036804,0.35106279303433857,0.23875982106438737,0.7624796405142226,0.404295969179274,1.2899535616485889,0.7247009562071165,2.500829652570329
88,90,5511,90,walking,0.07588292580608834,0.6743271294057714,1.3132213241272561,0.5627282869101952,3.885858036011688,0.3325982907021693,3.248685260151708,2.337119582715885,0.01642038543992871,0.2563911543602839,0.4996238031431336,0.20904937654871178,0.1456789986668192,0.4787280553190432,1.433245796655688,0.5364119809254826,0.1385732678304177,0.3433096251198445,0.3672159961396199,0.26619635640802886,0.18570172732526605,0.13019704818725578,0.35576464436270977,0.1975124390775507,0.7413525568467012,0.36925855051572803,1.2029594707633524,0.6848363370976421,2.337119582715885
89,91,5512,91,walking,0.20066148891711036,0.6400920705181572,1.1297656022717963,0.5622545442284663,3.152527338940666,0.6901815469814515,2.8335725342369193,2.103798061216231,0.30897877595134987,0.45786292403339546,0.5126143243507009,0.4092595448640383,0.048373582853278536,0.3954394069419899,1.2075080048614346,0.41902679689039435,0.01111299571057121,0.532605800590285,1.2230536098211582,0.46209824048457415,0.0589008024116498,0.1244265373716964,0.22124619314856558,0.11758017454305161,0.6300924974641043,0.47343471440616264,1.1879600447817624,0.6790028937044593,2.103798061216231
90,92,5513,92,walking,0.08212772969241909,0.6319144319479489,1.1972632933171052,0.5250695233195682,2.377560974231788,0.51283770081188,2.1128982050078253,1.5787391110190323,0.2693047675318033,0.198917027027906,0.47480905543991,0.28225052891186575,0.027139235825676306,0.5254900824679477,1.4702315580813587,0.5150980389337214,0.12487111925933951,0.4010086989489679,0.7538968917086522,0.3611313056250534,0.12193658374775238,0.1742521834264063,0.2356888664032352,0.16561328015031052,0.5004900683814631,0.4074033541051761,1.0407979783263477,0.5713169646599252,1.5787391110190323
91,93,5514,93,walking,0.26602544223272634,0.7284658707006215,1.5180747983879062,0.7014114848509204,3.311918414512558,0.1480459113716765,3.8000354042917914,2.143992811212052,0.9731543154018856,0.40680464108784997,0.6531047019124211,0.6826045229783786,0.04742592775188144,0.4210493538746865,1.0681525957558522,0.40102063180179764,0.023650733608865673,0.12385471084473784,0.4407972054878345,0.1471616188790083,0.3194068318329553,0.13117285229547834,0.37959458149164954,0.2561507899497034,0.8235969442234787,0.32656555669584175,1.3099598812212425,0.7220569766119768,2.143992811212052
92,94,5515,94,walking,0.06159428382406421,0.7450449332898976,1.643534015149486,0.651362489875482,2.4046417179942607,0.06590101460017143,1.8999341419300213,1.3682039214237771,1.0162534313652918,0.07319805805779518,0.7792486377020631,0.5916303233096474,0.041154961122209864,0.43603616892617775,1.1561619873773052,0.4221088494948161,0.12229462047646637,0.04888049121151609,0.3237594173175707,0.13322192813870715,0.13485810987953575,0.22318965837858765,0.29312987823755443,0.20184508295076026,0.6301328541103047,0.2653750540773577,1.0159613462856667,0.5613954325321984,1.3682039214237771
93,95,5516,95,walking,2.169303443950818,0.12630703600989082,2.1760362538096865,1.353451442746221,3.4941216491549416,0.5083350369505595,3.333122214628972,2.2676071173679953,1.2058974298481142,0.3535353854495068,0.8873290264465841,0.8012389314083652,0.07653356173860726,0.06607061505476422,0.6699777659023809,0.19103722389782476,0.29764105970961774,0.3671742404213238,0.5897456695629352,0.38387525396496364,0.263469762312873,0.1793241749131113,0.21155574748928657,0.21942872438825106,1.251161151119162,0.2667910814665261,1.3112944463066407,0.8694397822956035,2.2676071173679953
94,96,5517,96,walking,0.22747438048017055,0.6222652497022219,1.1332545793432083,0.5665467679415986,3.2551473616399837,0.3984991322844518,2.8777716129531443,2.0370129201604033,0.8525077168602906,0.6509764938340458,1.1372265621000042,0.8288389966977354,0.11395607127636884,0.3812852941435675,1.0117757929253408,0.4004517047530427,0.15949815703134465,0.203714228024448,0.4882963006513832,0.2429442141525937,0.309908974953485,0.1487976024119536,0.46204259561105687,0.2758911500683868,0.8197487770402739,0.4009230000667814,1.1850612405973562,0.7252809589622934,2.0370129201604033
95,97,5518,97,walking,0.3252108660847152,0.7092835108439127,1.329125144076185,0.6796227795866883,2.7988943457259907,0.49653852913496477,2.376034289753059,1.7933800078949942,0.09574174465354762,0.05553134232051022,0.705648020594698,0.20163883890856274,0.001754786523304252,0.37245389193264006,1.3370429154189547,0.4170920544661687,0.16729412215813078,0.06139948607262669,0.4613896326725536,0.18375536982681373,0.06803979531944167,0.2394733533030122,0.1457232783689808,0.1521499151227777,0.5761559434108551,0.3224466856012778,1.059160546814072,0.5712731609676676,1.7933800078949942
96,98,5519,98,walking,0.14614975319703638,0.6387780886733665,1.4368923273285286,0.6013496022138669,3.0308935156938923,1.0379707188869325,2.489174007689114,2.1253804953701527,1.094046413340467,0.36347662134373443,1.4118561992239442,0.8653804537184695,0.09581056622938575,0.3173016134694919,1.3215525104635617,0.4295553739722634,0.09985688016427348,0.45114867937077846,1.0820154017284116,0.43680530415970314,0.1892022878204011,0.245859369281441,0.21879187414807422,0.2177830376703517,0.7759932360742426,0.5090891818376241,1.326713720096939,0.7793757111841346,2.1253804953701527
97,99,5520,99,walking,0.10684380348854793,0.8539991034295884,1.5611586088728457,0.6965688845418238,3.0657728630104093,0.5244471322987402,3.1663289325760466,2.0693537846388694,0.8953796257207423,0.1299133136789634,0.7113826014167208,0.5523936960432264,0.10291324489359693,0.21761061015881986,0.554487987647924,0.23910713955055152,0.05722565422961497,0.5330050654236603,1.0839285799389549,0.45287800384910115,0.009544263941326634,0.2860024086196253,0.31206566902013133,0.18063180282840702,0.7062799092140396,0.42416293893489954,1.231558729912104,0.6984888852419965,2.0693537846388694
98,100,5521,100,walking,0.11182550225766509,0.8172122157864795,1.5227994169948675,0.6761749706166315,3.0743306574614153,0.5181233986564304,3.212327516251716,2.079447125697482,0.12275597645390422,0.6948087768208596,1.9497022455738438,0.7169663504246744,0.4847474702218613,0.555677429004544,1.397305365755955,0.6956310328417532,0.22281287562133922,0.27417264025435484,0.7852234942281348,0.35583890519590455,0.10494339412781334,0.19985978462615045,0.22342142052215416,0.16660555560601636,0.6869026460239999,0.5099757075248031,1.5151299098877784,0.781777323397077,2.079447125697482
99,101,5522,101,walking,0.12629715110796919,0.7052263795904762,1.472902881277995,0.6271899885349772,2.9479904763492533,0.6568275822533501,3.029442298559495,2.0478156831529404,0.6950806535103105,0.5186832931005594,1.2284380436846702,0.731193187381282,0.2270138729046121,0.41334869495775334,1.3026238603496605,0.5166697992148783,0.07888714862889985,0.3016697619871935,0.8992121929978797,0.33206520284601326,0.32123728446018546,0.21628050941498675,0.28770037914009244,0.2725471933780874,0.7327510978268718,0.4686727035507199,1.370053276001632,0.754580175751363,2.0478156831529404
100,102,5523,102,walking,0.32634974237698244,0.696591896797294,1.6042916900482935,0.7300349936793693,2.7215742401729357,0.6064149565469924,2.8458134939984916,1.9003583774876698,0.10071449047181667,0.154527303649158,0.14221701234336784,0.13054012011706345,0.06488388590633376,0.5663158068465457,1.5672012515095406,0.5659201274030599,0.1669988953326175,0.11439954475174482,0.26189767847771106,0.16493891172928715,0.06682218471613531,0.42404283539673887,0.4399174728334958,0.28432950261184886,0.5745572398294702,0.42704872399807897,1.1435564332018169,0.629353672171383,1.9003583774876698
101,103,5524,103,walking,0.11891523159082523,0.7187122149516204,1.7149500916118328,0.6780409969393448,2.475358224781392,0.04446416054354524,2.600582327699586,1.5280454196698923,0.3766836032242526,0.574794393727824,0.9847850996575254,0.5775482187123357,0.011343441493661312,0.5167253035006033,1.314928873519768,0.47421327270165947,0.2624519588973592,0.1369431509691127,0.15083086008534707,0.1899242159636582,0.22627682851934655,0.08356270367890109,0.20212176943645738,0.16436016676659054,0.5785048814178061,0.3458669878952678,1.1613665036684193,0.6020220484589135,1.5280454196698923
102,104,5525,104,walking,0.11145066087753172,0.7997336855558591,1.9352814798632976,0.7515300345460159,2.291737800005778,0.41226647656247145,2.3241125281666686,1.5464242162606334,1.146290254539258,0.40013127868703835,1.1556828689789744,0.8497051870863135,0.12801054593394787,0.3435570071725284,1.202808722047245,0.4291887656520395,0.0562414834044318,0.18785034032850723,0.30522842108964354,0.15868241371110434,0.056981257281520155,0.172292638908733,0.5044234958561984,0.19259425764734095,0.6317853336737446,0.3859719045358563,1.2379229193336714,0.6546874791505747,1.5464242162606334
103,105,5526,105,walking,0.10140953801236298,0.7866230729484694,1.4359034249504377,0.6423937293744205,2.1400845827741293,0.6024416248582112,1.9077862635972385,1.478567735772384,0.44203686396280933,0.3465757369995117,0.5397494099934896,0.42339492238362636,0.08359163980299128,0.6068317786172056,1.634299377375671,0.6030292428432129,0.2460025976487689,0.28281559961002206,0.5698564057636599,0.3254985600562484,0.23867628552789252,0.12038537513968531,0.4256687448682369,0.22875841324067853,0.5419669179548257,0.45761219802885084,1.0855439377581222,0.616940433945095,1.478567735772384
104,106,5527,106,walking,0.002391647047905853,0.6466251714932393,0.9911757430720232,0.4578418760308627,3.2251333780865843,0.6077098832693842,3.641355266076343,2.2614083577576563,1.1405832107558167,1.004602526462978,1.389869881476183,1.1360482711827546,0.27996403855333285,0.5549058243763259,1.388588803933249,0.6116657059585133,0.14199679094864587,0.5632255559827988,1.0370096585400792,0.48949087048059375,0.16475305031785187,0.220575561265314,0.15962177154924512,0.18605579894311539,0.8258036859516896,0.5996074204750067,1.4346035207745205,0.8570851467255827,2.2614083577576563
105,107,5528,107,walking,0.18441457684693185,0.727445996816546,1.1724468689984364,0.5992336032650785,3.387491498289809,0.49374475048086736,4.542995310099112,2.4610935615280933,0.269953289596718,0.031296528740621526,0.6234222414841969,0.2451843756317752,0.1904313437104521,0.26006616493016854,0.9838148622694245,0.3769619759101332,0.31006901921935087,0.537792917540686,1.1894799609721918,0.5770407668984532,0.16331277458110446,0.2996962190424121,0.42034038407747604,0.26927167426490184,0.7509454170407278,0.39167376292521694,1.4887499379834732,0.7547976595830725,2.4610935615280933
106,108,5529,108,walking,0.1934675445902645,0.7332601928386558,1.2185975353734022,0.6144106020462486,5.949247049730878,0.16663018521947412,5.875930104436607,3.6215369148674625,1.7146527711735218,0.050804942945309225,1.376721737392717,0.9815274331260758,0.2316148366329175,0.039648926776388344,0.8151207592176356,0.2715296572072495,0.1525200609998688,0.4266078313683063,0.5079249436556833,0.33323614567840676,0.07026901870517918,0.19320909985611015,0.14157777304721036,0.13370680203395782,1.3852952136387717,0.26836019650070736,1.6559788088538756,0.9926579258265668,3.6215369148674625
107,109,5530,109,walking,0.04929296469333371,0.7676773190958619,1.438778543235581,0.6145438221627946,3.228519096715941,0.3893897015452869,2.3978734090136165,1.9267382011072145,1.145286805090243,0.18695984095552548,0.9165342609377671,0.7162055106058609,0.31730679606679224,0.5233090530661373,1.7066089417078363,0.6775681279947392,0.15768108432782355,0.34584673750233463,0.44690263202538294,0.2907916551371399,0.0986494757026545,0.7470407232419769,1.211814983233587,0.5806390762245699,0.8327893704327978,0.4933705625678539,1.3530854616922952,0.8010810655387197,1.9267382011072145
108,110,5531,110,walking,0.28545950912847745,0.8408764782475262,1.6438236678518905,0.7792991285207795,3.6921107547259755,1.1715720632322808,3.365000783742886,2.6184732839318796,0.6970701421524738,0.4381985679469406,1.7714316016232694,0.8083938043644197,0.18313756764718297,0.21971956528740114,0.8776417655754696,0.33667120628892755,0.3254370215974387,0.3473954799738884,0.40068259460871825,0.3492695195502745,0.3486569890076761,0.3513144259667651,0.6607674600022702,0.4121420579902305,0.921978664043204,0.561512763442467,1.4532246455674172,0.884041500107752,2.6184732839318796
109,111,5532,111,walking,0.13113777888671158,0.7890325419739571,1.2853002869605001,0.6251281857363675,3.3397976447796,0.5428408623350687,3.2772659920489042,2.2085086012556485,0.9653388207418878,0.5201694337945235,1.3092199124787982,0.8560472843103242,0.03402585343515909,0.44140641729470165,1.1484221351158515,0.4198573353151146,0.14555951485593238,0.24628690392794256,0.5828388062173238,0.2733063287570147,0.23180326663204123,0.5545080636293833,0.582968357076475,0.43111820351986485,0.8079438132218887,0.5157073704925962,1.3643359149829755,0.8023276564823891,2.2085086012556485
110,112,5533,112,walking,0.07859544244815293,0.7239611065537032,1.1788653195808023,0.5567956835169029,2.924841080345936,0.554036437969789,1.9760567072025628,1.7867623487668025,0.8652708038687706,0.08759063109755517,0.6139337591826913,0.5039313258230687,0.10623442360131734,0.4418711245200877,1.6408386007268378,0.5474099393939296,0.27051124421014094,0.4331878896578562,0.9809668215857242,0.4776730178643437,0.2934199628811651,0.171990456828229,0.21491030402009628,0.22914622868777693,0.7564788262259138,0.40210627443787006,1.100928585383119,0.6836197573421374,1.7867623487668025
111,113,5534,113,walking,0.40881422673309176,0.5745901782143564,1.164953644139331,0.6263524908068455,2.789662932787798,0.0987542163641006,1.810892265218698,1.5175453127044993,1.3329851913168105,0.19739456560215837,0.6540560120535005,0.7429631051782877,0.06716670623192421,0.47624047597249347,1.949664023228181,0.6072956775274033,0.3681760739689031,0.2707042162083397,0.4486345350249739,0.3452790230758919,0.3534379074975711,0.30663975153261447,0.6304885445141827,0.39012877251491074,0.8867071730893498,0.32072056731567716,1.1097815040298113,0.7049273969679731,1.5175453127044993
112,114,5535,114,walking,0.09826397666640346,0.6466985948440608,1.2978495394586922,0.5575549364959242,3.718955622826687,0.13325275675226825,3.8304627587621427,2.3069759035840107,0.15311588103081908,0.3692975473988374,0.5118829184671745,0.3113419550652975,0.014917645811664392,0.08924019484786516,0.20043671686456804,0.08175047963672544,0.12965326475384906,0.43754060000477946,0.6459021625952903,0.35605797842250947,0.13799892495211946,0.17803240475589285,0.4318647689470962,0.21278548567262418,0.7088175526735904,0.309010349767284,1.1530664775158275,0.6377444564795153,2.3069759035840107
113,115,5536,115,walking,0.04595028321025668,0.7928361349467989,1.4719714926497107,0.6299088657927644,4.003499393231473,0.6548012683266088,3.9042018650997017,2.644160637643173,0.29713758024490233,0.49703287521339307,0.848456451743729,0.48735947253206396,0.2500871955114633,0.21304340621218523,0.7684572207595859,0.3389436848413766,0.24249792618248855,0.1432551409105606,0.36018759509654896,0.22633874585652947,0.07736292185990706,0.07622188070546033,0.18936277223669962,0.0993064754734869,0.8194225500400818,0.3961984510525012,1.2571062329309959,0.7376696470232325,2.644160637643173
114,116,5537,116,walking,0.42813579969672105,0.8586526311251271,1.5348555272318927,0.8216864777751178,3.913146469619248,0.5592777142560996,3.6052252381712524,2.5100147211843895,1.1459443391469133,0.013265648451238527,0.8975013525283644,0.6431842655449336,0.15015811353106628,0.4459550340849578,1.1006519870555147,0.45857565645751264,0.11977236729042204,0.2862650927375344,0.5964637565612794,0.28170773532343846,0.18209846913417002,0.27927638944809885,0.47451357080333223,0.279452657593574,0.9898759264030902,0.40711541835050946,1.3682019053919392,0.8324369189798277,2.5100147211843895
115,117,5538,117,walking,0.17169785773617102,0.7581597679267289,1.3047070752919707,0.6328844653235541,3.7231134330387397,0.985397159370385,2.872528917465585,2.457910020456767,0.17816342991964793,0.4084854773135704,1.2399292343134496,0.48264540975597725,0.17997232743088593,0.27659154095354443,0.7365730669501586,0.32994016074380383,0.09470607044094526,0.6311011068489519,1.0644844098654207,0.503219752889043,0.14196311914482707,0.43496537623599146,0.5757102486704488,0.3459134478864172,0.7482693729518695,0.5824500714415287,1.2989888254261721,0.7920855428425938,2.457910020456767
116,118,5539,118,walking,0.08653714490666162,0.6597119890451807,1.2766683296388872,0.5538333195085143,3.158275965140568,0.43071974758290654,2.9020566109305097,2.016009607275492,0.40517560862608326,0.45796525494194285,1.342868434163837,0.6138300322599779,0.22168821151712165,0.4926131943824782,1.254248993295022,0.5365703610188444,0.4843117232996089,0.1899175534721549,0.408948581637317,0.35148142703616897,0.04115048683419521,0.49597403954486463,0.5831669233283218,0.3314831952172883,0.7328565233873731,0.45448362982825463,1.2946596454989823,0.7338679903860476,2.016009607275492
117,119,5540,119,walking,0.03469548268808015,0.8490058651051069,1.4965653252074558,0.6527936041587661,4.222036562826721,0.31789110343939925,3.8785280546404826,2.591676677434545,1.2398363777318182,0.618896604639239,1.2397166022860548,0.991436513405634,0.35097488089103923,0.34589325348076794,0.9255612431234019,0.4638595023734033,0.25526693954321616,0.05527928323124564,0.5623265979847232,0.23668380870672937,0.3117180227845034,0.7237023122369438,0.8434834744332278,0.5828648288952245,1.0690880444108963,0.48511140368878375,1.4910302162792244,0.9198858224957169,2.591676677434545
118,120,5541,120,walking,0.08630935587299005,0.7428239773910196,1.7419018478937867,0.6800337028843613,3.4192362392649933,0.27356037773004094,2.6518722261701315,2.00749309203204,0.12525884553069677,0.6875002790650036,1.7828573534506877,0.6816751205284177,0.025749115088513786,0.24773504325841741,1.270160691168732,0.3634258015725189,0.06591158246319592,0.1724410006030255,0.873149861983203,0.26997100562312915,0.12794872862238058,0.4163263268940603,1.1404886049794452,0.4458077432024654,0.641735644473795,0.42339783415692794,1.5767384309409975,0.7414010776404888,2.00749309203204
119,121,5542,121,walking,0.1473994166032964,0.6754771020385443,1.7157645737829288,0.672303522213322,2.997340337579901,0.396918080069802,2.3614480035955254,1.8299929677789861,0.12308584045645055,0.39329246437801924,1.4941451847744416,0.5053803588886763,0.21526871469489303,0.36675554311105374,1.5437191597847462,0.541553535079328,0.13551420778611287,0.6702445669630922,1.2534441760474224,0.5729923451091665,0.00767219713884665,0.3489145732803994,0.09389815091861659,0.16141433835142172,0.6043801190432501,0.4752670549734852,1.4104032081506135,0.7139395112368169,1.8299929677789861
120,122,5543,122,walking,0.1031225236990266,0.64496448501541,0.8782641896433112,0.4748876414144369,3.7548701126382955,0.4572958220606265,3.1102552043725247,2.306917414754074,0.25121724798781836,0.14056638162517482,0.8553701912205852,0.3277874900893143,0.055157479417841694,0.17050390682356428,0.7253393283233347,0.23533242016122935,0.2186909004025263,0.4566438949271424,0.7359055506039973,0.417315028252667,0.009246748732041949,0.09894417361079566,0.22481125922782175,0.0882386207826994,0.7320508354795918,0.328153110677119,1.0883242872319292,0.6417464359090702,2.306917414754074
121,123,5544,123,walking,0.2383580084701309,0.5548186273304262,0.8664206899120657,0.490554792302636,4.089307160183316,0.32118282059199127,3.0315261184899516,2.3705012160081136,0.2323590300526151,0.11403888285616331,0.24665438141686763,0.18789004144688493,0.20934568567096062,0.11897533344772623,0.9456773613983732,0.3204638799271494,0.13522389614201175,0.3849009336216121,0.39981089150476107,0.2880121102064018,0.05744521950922268,0.0858309125382478,0.056606617519909634,0.06863177632297013,0.8270065000047097,0.2632912517310278,0.9244493433736548,0.6210089693690259,2.3705012160081136
122,124,5545,124,walking,0.1257015958176948,0.7062861672710818,1.1059267857165065,0.5539804623788119,4.272095442704551,0.052895267656744696,3.6133806732064286,2.452672418785804,1.0009300483728794,0.3157834503123469,0.9578897860183969,0.71826335667777,0.020557091948087372,0.1297130954039898,0.2654114598456432,0.11319036690995951,0.18928626770354456,0.569092780409358,0.9379301489823244,0.4909376490416259,0.17056873373079842,0.4784335848962805,0.8280468653845222,0.425210300527736,0.9631898633795927,0.3753673909916336,1.284764286525637,0.7923757590536179,2.452672418785804
123,125,5546,125,walking,0.09861166891319977,0.41358148147042645,0.6567038865756827,0.336218037468587,3.328333196688755,0.4172465049834633,3.1881709870528527,2.135866078079458,0.14359733002095285,0.030957946294470722,0.42528525696525094,0.15487916191921963,0.08893518578579786,0.2069378611088541,0.7870847411326265,0.27576616698438605,0.1546967400116817,0.47463528659690646,0.7068057190153989,0.39309395444651507,0.03659534509595373,0.4695965310349459,0.9887751253766608,0.400231775527692,0.6417949110860569,0.3354926019148445,1.1254709526864122,0.616009195737643,2.135866078079458
124,126,5547,126,walking,0.23590573443482235,0.6984815360694532,1.6584532579838833,0.705445559798487,2.7580195278358857,0.05910153215522221,2.4889137959267558,1.6246311831817946,0.615873749184989,0.021487547075640937,1.0322515817254387,0.4613948348493398,0.14397062257451204,0.47439567811453526,1.1368365572459662,0.4747138317248122,0.02727596954286687,0.1994668662799561,0.218902236466334,0.13447758162239598,0.027810156841865937,0.2434983450092409,0.49964526453300206,0.20845245364704318,0.6348092934024904,0.28273858411734143,1.17250044898023,0.6015192408039788,1.6246311831817946
125,127,5548,127,walking,0.2579735987689867,0.6302560031176563,1.0163557102005796,0.5585629827947731,3.2361643937860594,0.6049819655198775,3.558203121724304,2.2480991680672355,0.34705753516517207,0.5903148207553597,1.0922020031368218,0.5933893429955771,0.059089476250411735,0.5505055425567204,1.4493859171371355,0.53371519095028,0.12272683746894363,0.3887400659640468,0.430623346717486,0.2907114307166934,0.014084007315987709,0.22742389592548343,0.0477927855197215,0.10616171840053276,0.6728493081259268,0.49870371563985744,1.2657604807393414,0.721773305654182,2.2480991680672355
126,128,5549,128,walking,0.04221889365308661,0.7137975330135216,1.2673973547641768,0.5558860416194786,3.809136116641692,0.23528933955726558,3.810499203811921,2.3798700232419674,0.8634902317892842,0.2852104804057526,0.7013355163783732,0.5997473881536894,0.23887287104792587,0.0754114433294548,0.4844449363654726,0.2226027130240468,0.19276694014102597,0.4166770313359514,0.4569596921341328,0.33516952701761754,0.10100986055557472,0.27519527583522063,0.6850964216610649,0.28750133888853113,0.8745824856380983,0.33359685057952776,1.2342888541858568,0.7301295053242218,2.3798700232419674
127,129,5550,129,walking,0.752647878067739,0.3407468111734204,0.8568960059652088,0.6087370768895055,2.963302454115338,0.28361959476846976,3.4493687990812276,1.9886425793697686,0.6907608680028804,0.5375493592358008,0.9742124195670833,0.6861665748088891,0.08717769343836779,0.43032759387476915,1.4793876044604244,0.5028796358173397,0.19456208339930306,0.009082829596716252,0.22608714588371914,0.12667539437515157,0.07464057820720157,0.43905426313379475,0.6522080067621878,0.3359195378888361,0.7938485925384716,0.34006340863049517,1.2730266636199752,0.7081701331915817,1.9886425793697686
128,130,5551,130,walking,0.19864328244162863,0.7642823733829159,1.4097370296500658,0.667117668259831,2.877556973014799,0.43138556016348983,3.2096290265555445,1.9655028185824246,0.11414031084692979,0.2906246308903089,0.5061524968192814,0.2631364760587518,0.14574323766352984,0.20820334961203404,1.1267057181043856,0.3669197785311027,0.18412003484151768,0.844067195707539,1.4861407219744882,0.7085030366145204,0.1853804089308195,0.5209305864019492,0.7821314189442246,0.4389506819219524,0.6175973746232041,0.5099156160263728,1.4200827353413317,0.7350217433280972,1.9655028185824246
129,131,5552,131,walking,0.3656416147096864,0.6753020972772477,1.1050232474370105,0.6373821342821757,4.036824100007736,0.09848823468871575,3.8062649385428715,2.415377921587155,1.1298472798147867,0.5538438995217168,0.821015158711478,0.8376795034768971,0.11605909522328862,0.13811127800852524,0.8152544734467735,0.26471904398208024,0.12064691647513663,0.20645821061307007,0.3144361408308024,0.19372927900144316,0.11253907129743775,0.03797420439951736,0.33825751249599184,0.12785681277798042,0.980259679588012,0.2850296540847988,1.2000419119108214,0.7461241158512886,2.415377921587155
130,132,5553,132,walking,0.093250247299913,0.8533644053956078,1.5667825513886706,0.6920023713559424,4.016411911846167,0.0767491036567135,4.327306461794941,2.5027256985601407,0.2105845341451993,0.4311517481467095,0.435435424506886,0.34378159781814066,0.020077139184536637,0.3718895647260878,1.178740412495815,0.3925347640634128,0.051768706734157455,0.5270784261525635,0.710970579006281,0.3737329689559446,0.02291315196695069,0.19570106330407752,0.3691919546707122,0.16128407704255374,0.7358342818628207,0.40932238523029324,1.4314045639772177,0.7443435796326892,2.5027256985601407
131,133,5554,133,walking,0.08976020694967404,0.7427336700022446,1.3333347185488291,0.5996644944905333,2.0894445057135296,0.11540900063705106,2.374831589747025,1.3569077204896374,0.052504462164801535,0.34902539666991156,0.4316583758228027,0.24694361869844578,0.004465066718898062,0.10600414935996547,0.598524050421927,0.16389249651593082,0.08926998897547717,0.6845429397196287,1.018181652539364,0.5131615019859153,0.02437477428201251,0.10018640260971713,0.22162560212720012,0.09414959118213188,0.39163650080073215,0.3496502598330864,0.9963593315345247,0.4957865705604324,1.3569077204896374
132,134,5555,134,walking,0.15402497191589498,0.7518174760790995,1.5676880227741326,0.6758745837528244,3.762258791456036,0.19328437131993906,4.042652887082568,2.3907478425269035,0.19144376596113233,0.5040117091428794,0.9192837902424558,0.4620389480900959,0.19481919855394994,0.44298180741834803,1.2412545495379756,0.5033713122965143,0.07787683299024598,0.4865663482335991,0.9133471217167589,0.4084466968328898,0.04743059909559592,0.2118168759873696,0.2814856124356,0.1599961125203062,0.7379756933288092,0.4317464313635391,1.4942853306315815,0.7667459160032557,2.3907478425269035
133,135,5556,135,walking,0.0013064456392086878,0.6424395465419903,1.1796861051228629,0.4934356178970522,2.3463216543197634,0.136266759463719,1.738742406027658,1.3407838467189246,1.0700860964937544,0.7009339072580263,1.5296914453431698,1.0143462905693463,0.04115302110809127,0.45112687199055646,1.2602448512414814,0.4489609274877554,0.18262111757292313,0.5333477688049043,0.9930989601823663,0.48500734658760425,0.026674756315315684,0.11343899849531433,0.14051138815324682,0.08414777955490138,0.6113605152415094,0.4295923087590851,1.1403291926784642,0.6444469681359306,1.3407838467189246
134,136,5557,136,walking,0.13935129919076233,0.6587648734660367,1.1856354154056705,0.5563735521438538,2.2534428402012625,0.37645539604768125,2.468294870999873,1.5456182686995523,0.09979140561278654,0.11942098757669999,0.35192980157232373,0.15807091759025937,0.19405916333198545,0.6441464548950311,1.7191518932264382,0.6791126259360942,0.06671573397749095,0.12632422076178554,0.46688611431836397,0.1705932047593834,0.09049442690737078,0.10913050814487256,0.3225094740288648,0.14435186882667028,0.4739758115369432,0.3390404068153512,1.085734594925256,0.542353406325969,1.5456182686995523
135,137,5558,137,walking,0.8704625743878313,0.048642146163002234,1.5029996933674739,0.6682418268938282,2.5778775088514236,0.5728354129395239,2.919599411511755,1.8442050510187302,0.33125381354207467,0.4502459849515481,1.6079734189994883,0.6341946031973469,0.012143034099073526,0.8321027486250502,2.2780138332265327,0.7933010797349561,0.07078783448468384,0.6476326497946294,1.2990634640917977,0.5471808865300849,0.059439648426788144,0.20444456549722015,0.3168715371470039,0.16892799299900413,0.6536607356319791,0.4593172513284957,1.654086893057342,0.7760085733956583,1.8442050510187302
136,138,5559,138,walking,0.15025866311189118,0.7738643261589937,1.9038311420100749,0.750415424110369,2.8756975499234456,0.7217919417591983,3.31844701230988,2.1026851991350335,0.49893912172665555,0.4029093032335712,0.6736219899497763,0.495463767974046,0.1257811656891399,0.6992677360142826,1.589449831942417,0.6479095270698525,0.17969572335521755,0.3092151381285964,1.4571308197596515,0.4869905085454559,0.011672483670279152,0.6082242671689838,0.5208183557876034,0.3521223714932259,0.6403407845794382,0.5858787854106043,1.577216525293234,0.8059311330546639,2.1026851991350335
137,139,5560,139,walking,0.3784879626290131,0.7771332259495657,1.1309004393733653,0.6884285633061046,3.4095864958334956,0.551872336123416,3.361731999851792,2.256929932753123,0.7741611482429677,0.5077169231205347,1.0224870184753307,0.7172486322404672,0.22377060890860415,0.3719752592395941,1.0572366519166825,0.44974567764261586,0.10505966187048588,0.4073037534033149,0.9145069155924119,0.3878467492280028,0.11136705959442676,0.0587158074584138,0.3061930007301754,0.1292717469671713,0.8337388228464989,0.4457862175491399,1.2988426709899594,0.7715785503562473,2.256929932753123
138,140,5561,140,walking,0.09349865832096098,0.7434672679990828,1.6035488482996128,0.6554961401879401,3.360706302443748,0.060919153673524365,2.9297123748929947,1.9545926574255077,0.7820227813328244,0.5700937730294686,1.1778561269304881,0.7764178471310149,0.01343344585970044,0.5907282084226608,1.5226003316044807,0.5461847280338408,0.056770066580078056,0.6212924428266187,0.9948208602512448,0.47018917581292763,0.03607762795507513,0.025860506777929056,0.21623693151150028,0.06802264019550174,0.7237514804153977,0.43539355878821406,1.4074625789150534,0.7451505314644554,1.9545926574255077
139,141,5562,141,walking,0.0809505942499479,0.6517231702301927,1.1871667930297425,0.5305028643980048,3.519533311919699,0.5368257483940241,3.4471507728646653,2.3119737786984222,0.816008958779989,0.32013988723243336,0.6300656133227879,0.5804726610695266,0.21516795809099656,0.5112269675943273,1.4028987771660617,0.5711377257073419,0.15273797312132467,0.5198671047847468,0.9418024365875911,0.45740251847994684,0.16547333912031184,0.06293305923449019,0.20805178309333397,0.1329729159605876,0.8249786892137116,0.43378598957836906,1.3028560293440306,0.7640770773856385,2.3119737786984222
140,142,5563,142,walking,0.1583638836281366,0.7174513553434722,1.222158457303237,0.5947577870492909,4.073521327113246,0.33357528738073405,4.012361292796092,2.5653109043568105,0.8025454889520321,0.3727002171129962,1.6892449949301924,0.8079472814120499,0.2636622751599159,0.285074141133143,0.7728820704130173,0.374070980599827,0.0947604236675153,0.15065612599982375,0.37060120174092753,0.17228686021512113,0.18728124212682914,0.5326769218016206,0.698189057768061,0.4276210771249921,0.9300224401079459,0.3986890081286316,1.4609061791585878,0.8236658151263485,2.5653109043568105
141,143,5564,143,walking,0.10048272474756768,0.9181316384576859,1.541726227343407,0.7157909907507829,3.9169899773976162,0.10150686479329635,3.552749778438077,2.3179486925639807,1.1766433715820312,0.6358334967943431,1.4924739843270511,1.0234855442159598,0.21108427905706387,0.2833260433896603,0.6432712842023909,0.3264183858191678,0.16181298848447764,0.04091947632962054,0.31324399881257325,0.14374178568815393,0.15134873808055968,0.45070523445272176,0.8218131063192309,0.4051842102771588,0.9530603465582194,0.4050704590362213,1.394213063240455,0.8220949348858673,2.3179486925639807
142,144,5565,144,walking,0.06873911556867857,0.6418269046442504,0.9142323292930052,0.4670728739437726,3.850737924003439,0.010840715842033423,3.6369492860537713,2.2720213131489433,0.8515175085312747,0.19440630432767722,0.390974070660621,0.49656433927570504,0.04389541927680023,0.7039372795027278,1.3863199658639713,0.5763970726846055,0.13563186594665724,0.6466583937936144,1.2619395340779294,0.5653040107116946,0.3782286063150285,0.17963170770353867,0.36020394840744435,0.2951849152889158,0.8881250732736463,0.396216884302307,1.3251031890594571,0.7787574208422728,2.2720213131489433
143,145,5566,145,walking,0.1608385189559108,0.39180777222443164,0.345945254776829,0.2902475674275028,3.449876867835201,0.019840365025534497,2.960165724113806,1.9799200379670556,0.12632033378162272,0.394519889951858,0.4727298558753585,0.302882060668464,0.07407992533568679,0.6487724027414431,1.5318148360855277,0.5955038984479575,0.05613277724742118,0.5081546719406029,0.899039671259019,0.40552291392701345,0.23517630107579757,0.10378713528210512,0.2591858425316289,0.18742254304948686,0.6837374540386066,0.3444803728609959,1.0781468641070282,0.6269165035812467,1.9799200379670556
144,146,5567,146,walking,0.3879324514654621,0.6604241584635512,0.9952820746760462,0.6183990589068147,2.9426996480850947,0.3582936742949107,2.8083647609387756,1.8820702811397574,1.5238851700791103,0.43541052501023564,1.184670209190894,1.0206523198739172,0.3130316805202195,0.46175210799796296,1.1392014956643395,0.5377538145401409,0.15191816707327627,0.25647754464281813,0.17699178202192806,0.19875664109082336,0.3496072162849626,0.11878913752595142,0.12826307525349026,0.21301115657506367,0.9448457222513543,0.3818578579892384,1.0721288996242457,0.7451072120210863,1.8820702811397574
145,147,5568,147,walking,0.2632639115206314,0.7263983817207609,1.0537905951314743,0.6066230363228517,4.011738241286505,0.6197539371448558,4.707675567040077,2.7941319847805595,1.6969289160866774,0.06055043444378689,1.5506470672046864,1.013121153653123,0.26460103514996947,0.5106069749065042,1.6474258581024763,0.6395683756430848,0.31798457739488134,0.42687075542953773,0.35964492851833124,0.3698711188334339,0.03325740455352155,0.008205379407430406,0.17359911977630307,0.0513049375396414,1.0979623476653644,0.39206431050881263,1.5821305226288915,0.9124367677954491,2.7941319847805595
146,148,5569,148,walking,0.0825432888297149,0.7211012333334482,1.159276715148723,0.5533131518950098,3.651368380849936,0.5614309294152554,4.007194979957621,2.4865587200976007,1.8375455294751957,0.31705880663536146,1.5341588291972357,1.1686735002836701,0.03526186329886844,0.1326918700733579,0.4012410954467121,0.14742971243823297,0.04538401447304892,0.2799276124446763,0.29062314689706226,0.18824928014650255,0.2172192309375457,0.23747019646434453,0.28797981593680966,0.23947173414811804,0.9782203846440516,0.37494677472774063,1.2800790970973608,0.7972826831681891,2.4865587200976007
147,149,5570,149,walking,0.004139561137725481,0.6202215299081186,0.7659266852424877,0.40292977346683523,3.885232300758362,0.0013112425804138554,3.4608963489532476,2.24679668712616,1.389798874270319,0.5017384206281013,1.067982504404888,0.9702114188403458,0.003370833722450646,0.677703327103306,1.4067676997463785,0.5537832042795784,0.09407791594826048,0.606962846622405,1.090240859441726,0.49846447691661144,0.006935120557056435,0.14523210084641347,0.3377033702358422,0.1284075626085564,0.8972591010656957,0.425528244614793,1.354919578004095,0.8000988538730146,2.24679668712616
148,150,5571,150,walking,0.09142229970113419,0.6477727792316166,1.2188515172940548,0.5394483350319114,3.8588574434481893,0.3340192189568844,3.585875969448196,2.3943258588516687,1.6605591515340794,0.2822543802115449,1.3168168638279774,1.0404887854638452,0.1340774898086127,0.750836515807275,2.014339699973562,0.7568335422410675,0.11503820492573076,0.4600921291945056,0.7918740312656563,0.38842693990122584,0.1400199881392761,0.21803078033521878,0.30513111384981706,0.20424653015976138,0.9999957629261704,0.44883430062284085,1.5388148659432108,0.8872949986082468,2.3943258588516687
149,151,5572,151,walking,0.06713189933325754,0.758064636026186,1.3625002499626846,0.6025786641363144,4.4576112416420415,0.7765333474745048,4.24493043812979,2.9426439232725765,0.8182932646593191,0.44888768500603676,1.126382202753666,0.7321488204168756,0.014886574834558745,0.12033270393310655,0.7960594328716992,0.21329959808140597,0.08422311345866984,0.20772446700818759,0.5030543407065998,0.21738990032806296,0.06094874427207436,0.5611525986838362,0.6936868407166413,0.3875779053256925,0.91718247303332,0.4787825730219763,1.45443558419018,0.8492731352601546,2.9426439232725765
150,152,5573,152,walking,0.16015170103008997,0.6208900594365542,1.0498870643409521,0.5223941170548481,3.0544441154969597,0.2796557400887038,2.9146674920832787,1.9165734406509212,1.3523293616066516,0.19050722055032215,0.715208603630603,0.7601763535889102,0.05888333454759763,0.6981662127959838,1.4094905063604852,0.5847179202095296,0.10416482845131232,0.7349676048877288,1.234175550390263,0.5824880834136691,0.3052908664225725,0.1425484255485729,0.508745995471522,0.2808849158827626,0.8392107012591971,0.44445587721797764,1.3053625353795173,0.7745391384667734,1.9165734406509212
151,153,5574,153,walking,0.2395828432116265,0.7706405845324511,1.3534639834263644,0.674782167782904,3.541352956097825,0.3202867113557973,3.377621208994012,2.2201801087802515,1.2288479601216113,0.1914511066556316,0.6120133895819685,0.6905223046272909,0.19259955942357532,0.2903670846205875,1.0391843214328569,0.4010235219042365,0.18554098712410894,0.8071067082654139,1.2851683613601004,0.6540927504278292,0.1533835251058657,0.45461609327652414,0.5344397479264195,0.3500877969382399,0.9235513051807689,0.47241138145106754,1.3669818354536203,0.8317814417434586,2.2201801087802515
152,154,5575,154,walking,0.23158876650801305,0.5877628385834976,1.0224936541738543,0.5322393728713752,3.871640925794995,1.5596033717873024,3.551929647401586,2.8828836485132365,1.915972038749215,0.7555615810247568,1.646762551794519,1.3979659582684927,0.1284788948430763,0.5570744117747154,1.3638406294148142,0.5469894485300795,0.2450929610782618,0.37862452311006933,0.6651113941107185,0.3825092724974761,0.0032254550880568287,0.14027481138290032,0.05021944741485106,0.06744399607135307,1.065999840343603,0.6631502562772069,1.383392887385057,0.9683386161253354,2.8828836485132365
153,155,5576,155,walking,0.14035979459668602,0.7320480229937276,1.3435791691619154,0.6176789608685486,4.218191895209683,0.36514437291625884,4.069610584544689,2.647256624159315,0.41386435316691217,0.37836302018409707,0.7024180340685533,0.4573745561541144,0.002726057713682005,0.29600993898463124,0.719608327921699,0.2634160642636651,0.09222791065808238,0.019918889345244817,0.20627124524719015,0.08611296905076891,0.19388323973758867,0.17453303268687034,0.18944150969796336,0.18525481090937626,0.8435422085137724,0.3276695461851383,1.2051548117736683,0.7095156642342979,2.647256624159315
154,156,5577,156,walking,0.03917440726691141,0.6693044317624108,1.154969522618996,0.5143854401355281,3.3002163328380085,0.4732889086238384,2.9983881776447086,2.1090797321136803,0.6003571477095517,0.5903275009509613,0.8896329264509315,0.6542004447543915,0.13706080826165162,0.062176146432367276,0.551205281811859,0.18993583823997937,0.15887743404481963,0.43431846506157956,0.7674456944601517,0.39076749853459003,0.19925631952305708,0.5474554613911922,0.5958733225606667,0.41785937687783303,0.7391570749406666,0.46281181903705826,1.1595858209245522,0.7127047217760004,2.1090797321136803
155,157,5578,157,walking,0.08573217938012985,0.14843145604139957,0.14067246529773442,0.12179994722815865,2.5090221332200975,0.2115776892003455,2.1230958432567366,1.5128590976195246,0.8955205754756282,0.771260541733934,1.3994827609262221,0.9466089990690695,0.08712378465700722,0.009405452941610078,1.248639607715226,0.28833961658249213,0.09882490216335432,0.07031259876238871,0.17213910791094642,0.1020828219524865,0.1479224197221387,0.006447956629171881,0.05671027484100371,0.07309020550872498,0.6373576657697261,0.20290594921814165,0.8567900099913115,0.5074634479934094,1.5128590976195246
156,158,5579,158,walking,0.12774626597483846,0.8532993178213796,1.5275687471917612,0.6979319829568396,3.1382281898867443,0.5083558701432996,2.7254243221162664,2.003718488435271,0.010084519969473606,0.13283920974182561,0.5330001498297824,0.16376952185047616,0.27417500285157786,0.023388864724440465,1.0974367547722457,0.3385128979848565,0.21317120056783134,0.575653240106922,1.0919365262771399,0.5339170815253294,0.03895346618191358,0.04002522008438317,0.3877378319794277,0.10913904090240424,0.6337264409053965,0.35559362043704174,1.227184055361104,0.6411648356091961,2.003718488435271
157,159,5580,159,walking,0.15112060749048611,0.566982480771372,1.056171930650953,0.49847562143493385,3.5606061749872047,0.41415780474489766,3.3759468606853567,2.2650949640299123,0.9120293485298567,0.2694761194072682,0.6838810196965809,0.6093783911141663,0.0652122021810934,0.3723355352833175,0.8484156692836089,0.34470222884248614,0.024741071503499388,0.5368942429747763,1.0943970515255181,0.4435335360964139,0.2315067634547888,0.2298320782384817,0.5935306142148137,0.30324165952027093,0.8242026946911548,0.3982797102366855,1.2753905243428052,0.7440710668396973,2.2650949640299123
158,160,5581,160,walking,0.044391341117228623,0.7097997757588204,1.2309618837594567,0.5478688235023109,3.838487005581821,0.6611593700673457,3.8851151083507673,2.57688157192982,0.2695241561664149,0.4900823532066909,1.0244036676065478,0.5087233372705519,0.06104389826456705,0.675277511725265,1.4676040260086345,0.5880493691976598,0.19763302386091322,0.409694123912502,0.6778327198210505,0.3784974030735762,0.048853822171632,0.08282406825786033,0.33804867790200643,0.12028089175219822,0.7433222078604295,0.5048062004880808,1.4373276805747441,0.786716899454353,2.57688157192982
159,161,5582,161,walking,0.09825757978295062,0.6114732886608804,1.0929680130480866,0.5024859499871497,4.292645721435547,0.16061370800702998,4.107356174175556,2.6027750066121422,0.24473934489643193,0.36869706131882896,0.899858483320011,0.42534625915010654,0.1646686248936004,0.603454160018706,1.6780008848844,0.6428492909418025,0.04519410042567717,0.8023363910037472,1.2054914383188795,0.5801104842355457,0.08311680821668144,0.0941895698869832,0.02702105814946619,0.07632676287135909,0.8214370299418149,0.44012736314936257,1.5017826753160668,0.8049822922996844,2.6027750066121422
160,162,5583,162,walking,0.08083838161589148,0.5864901212182375,0.9639137302180596,0.45971414717726355,4.205797507229461,0.025256392073957912,3.4262421211695564,2.3776699839552786,1.138704198779482,0.172081369342226,0.5152391491514263,0.6273620570789684,0.3169731003237012,0.46178181778520194,1.7358024562591243,0.6586624584953862,0.3359667932900199,0.20016324143050077,0.47943916382677465,0.31033984665356323,0.18138346764750934,0.5980523042398745,0.8658929764220046,0.48495290403935454,1.0432772414810108,0.34063754101499977,1.331088266174491,0.8197835662333025,2.3776699839552786
161,163,5584,163,walking,0.00403261664683773,0.7336507049277489,1.2260244280091297,0.5402782142316607,3.136223087369842,0.007901909181577162,2.134597943663228,1.6845695873532134,0.5648355028141525,0.628370396265792,2.0347793968412207,0.884238239000222,0.09271944763854673,0.3162578872922692,0.9870547137848317,0.36100187672929274,0.007180950417839327,0.07392690733284396,0.2224096078301744,0.0769250646663082,0.06043549324086395,0.11597541166250568,0.28091728565698193,0.12674781909274424,0.6442378496880137,0.31268053611045615,1.1476305626309278,0.6122934668455735,1.6845695873532134
162,164,5585,164,walking,0.08324814576167563,0.7141592386691527,1.2977189145485015,0.5785067366820316,2.832085729698579,0.04173522397696245,2.0792289580686023,1.5653741730839372,0.5939176337119261,0.391161005921159,1.615158805379107,0.7170632169290555,0.08195372147393296,0.25724088971885933,0.8115406213626916,0.2979859687496552,0.062466817100842786,0.5308471795840142,0.7894385637381138,0.39521331142156557,0.16948183438019457,0.09589720719163812,0.1610598763585544,0.13836359190044395,0.6371923136878584,0.338506790843631,1.1256909565759285,0.6154178331277815,1.5653741730839372
163,165,5586,165,walking,0.26883472857958846,0.7744836262059397,1.5037084862748222,0.7180690391691757,3.2780857939308823,0.4610474703791804,3.6289685739876743,2.22144702052156,1.4831643469272864,0.34435279105945615,1.2583821586441384,0.9826832869235248,0.2538701144461396,0.4327706075893155,1.1340495827533446,0.501466205364851,0.11644279089234273,0.23269868814669933,0.4007490630580296,0.21980640422722275,0.04540224495106303,0.2157034389590572,0.5009602376623562,0.20463432109651933,0.9076333366212171,0.4101761037232747,1.4044696837300608,0.8080177128838089,2.22144702052156
164,166,5587,166,walking,0.965063843299435,0.05795644656028224,1.480069142502031,0.7052219444442931,2.8175794707555406,0.3587383275025241,2.712647938694322,1.8130567070420902,0.6332045682926768,0.22836906604457854,0.9258504121047233,0.5297995361558469,0.14393194079670243,0.4917477596158598,0.9558313538216567,0.44543815092935624,0.0232745200603992,0.2132644460658834,0.5612121287851994,0.20685801220755295,0.06518252142168704,0.3286470277217885,0.6454015832932383,0.2866121363160379,0.7747061441044067,0.2797871789184861,1.2135020932001952,0.6644977478491962,1.8130567070420902
165,167,5588,167,walking,0.08029735636035254,0.7666992633107355,1.2159179247486045,0.5819822328181561,4.130312279566823,0.22613784570821976,4.15458065391387,2.5734961808927914,1.0176912288968984,0.4924411369398811,0.6885413863639053,0.7417612236074929,0.04132478758919202,0.0994749772150103,0.32398790139195405,0.12111748620007175,0.03533504134975374,0.12963500246405604,0.26533138938248163,0.11905429540202024,0.20823380487485674,0.2302182904431517,0.154800791975478,0.206340996522299,0.9188657497729795,0.32410108601350907,1.1338600079627155,0.7239587359071386,2.5734961808927914
166,168,5589,168,walking,0.07310014265222174,0.7340515155651046,1.156946510838628,0.5542499654546562,3.3297487965336545,0.4098755496519584,2.999748987621731,2.0957995359985917,1.5191833214825747,0.46032869651020947,0.9198884861443634,0.9757825044259865,0.006548536107653666,0.30606432377345977,1.0045186610448928,0.325948876161424,0.02565223796900069,0.6817704876152317,1.0553393049186535,0.4940369512174237,0.05530019695108586,0.06062418764287783,0.08514138698577876,0.06339803123474122,0.8349222052826986,0.44211912679314036,1.2035972229256746,0.7515359774154705,2.0957995359985917
167,169,5590,169,walking,0.014442487080891908,0.6237490574518839,1.1365231374104816,0.4825812452952067,2.744650118734558,0.3982806754789142,2.33817340974176,1.7248069996337412,0.5492202504811196,0.5708541408053494,1.0964282519265707,0.6673154068999018,0.20031806297255836,0.2491490746163201,0.815795518282653,0.342945958692082,0.13112193534620983,0.3876316237779691,0.4483534851275389,0.2971721206751794,0.26092222083780525,0.13765289448993523,0.23388814543236186,0.20620767521756855,0.6501125125755238,0.39455291110339535,1.0115269913202276,0.6201715677356132,1.7248069996337412
168,170,5591,170,walking,0.07687617263769145,0.7321638035300962,1.1716795665915998,0.557951903785435,3.4977641662597656,0.753193736076355,3.5913274978637695,2.4186486605072024,1.1014463809260038,0.11846752257389184,0.3873001456017893,0.5654255905203162,0.18964469203228942,0.32899543059809,0.9532676661510496,0.3981095822823617,0.2246405858187872,0.4407531945004366,0.6607952708111297,0.3983165662899155,0.24770439244331197,0.10218431594523981,0.20816637079766453,0.18158875751495365,0.889679398352975,0.412626333870685,1.1620894196361669,0.7533401768166974,2.4186486605072024
169,171,5592,171,walking,0.401926374137107,0.7321293076913059,1.2201846627997535,0.6976592052913159,3.9077081917530267,0.2551639997346286,4.239770694751645,2.5131030155453913,1.1205363582410859,0.33704448445117946,0.8136946096985862,0.7457712590166234,0.0583421090544935,0.16118691420421916,1.001102691256134,0.2880321475547119,0.03681751975203601,0.5489676422047838,0.8215421171574578,0.39862248821421953,0.2504012471057855,0.1524312024577063,0.15363661139788679,0.1918603021049741,0.9626219666739225,0.36448725845730384,1.374988564510244,0.8058414029545393,2.5131030155453913
170,172,5593,172,walking,0.2103657801367445,0.696346287061488,1.1523907987744821,0.5931629866341894,3.3805310931729324,0.08329988000317366,3.273968524412803,2.040326094153003,0.12418189550169605,0.44591757775026053,0.7720739688348333,0.38245458306774927,0.25791546636246643,0.23725551458998828,0.6909255558160141,0.3362535035441847,0.2594962079389438,0.10356735306041302,0.26895328955506803,0.19901608231075635,0.15112971286170832,0.44893124608013896,0.7784988513842708,0.39572415385359305,0.7306033593290819,0.3358863097575771,1.156135164796245,0.6578229005939127,2.040326094153003
171,173,5594,173,walking,0.3422370018209281,0.707194944505516,1.1394618973472141,0.6476651580000206,4.063373406855367,0.3595621221250683,3.516908387549883,2.472555889102151,0.4479820526079544,0.1700068933999462,0.21668719089804425,0.2905330165827691,0.3469193575489694,0.05414614083659472,0.5518618766545704,0.2707985746851398,0.20352309804662166,0.5393946112223019,0.9489741094593493,0.4869619055994393,0.2815006473238765,0.26992161796982816,0.4388979787726913,0.3083485018720201,0.9475892607006196,0.3500377216765425,1.1354652401136254,0.74614384097359,2.472555889102151
172,174,5595,174,walking,0.24783040908023768,0.6971511283581563,1.3339396163099797,0.6447805382373536,3.916625005292716,0.2877336067467157,3.4890075099424243,2.3795449468042573,1.1870997806764998,0.40639858779238885,0.8264757089537752,0.8026944891783105,0.15255810965037517,0.0969528543188216,0.7201474059558084,0.2438338667788404,0.19085411339144426,0.36715549043548706,0.5269610680141684,0.32859605513360624,0.18565309594478324,0.1968146819448676,0.2818858141655337,0.20936427398896706,0.9801034190060093,0.3420343915994062,1.1964028538902818,0.7681356950202225,2.3795449468042573
173,175,5596,175,walking,0.06369850894054753,0.684591393872916,1.1596122144216516,0.5312384040097158,3.551744877001169,0.05960946229075742,3.8362553676978433,2.2117928092563393,0.24232624895926175,0.7246324733535261,1.066701035121848,0.6001236959494848,0.03801488159940793,0.20197963141478026,0.3654707811581782,0.16909196143731092,0.1561202376040437,0.3828235198732029,0.48014937642209254,0.3116073782753172,0.26678946691318983,0.3843754910746646,0.44204247246393075,0.34887447768792795,0.7197823701696033,0.4063353286466412,1.2250385412142573,0.6954547877693493,2.2117928092563393
174,176,5597,176,walking,0.10067630691721274,0.3681297371916036,0.5650513132625364,0.30053268029603386,3.3039957409103713,1.2111345703403154,3.9805955104529858,2.602171226590872,0.8041897067342009,0.07816899666522209,0.4380245559601492,0.44054839255179906,0.1356688569335034,0.43596437893295004,0.9181946225734573,0.4122922188612729,0.08431264492457705,0.6277358484099297,0.8205269314744538,0.4489247836286935,0.17372205250574493,0.043703763351549824,0.08203909079005756,0.10337814450092941,0.7670942181542686,0.46080621581526177,1.1340720040856067,0.7179745744049335,2.602171226590872
175,177,5598,177,walking,0.1717258562893129,0.7695451585272135,1.5092938399271187,0.6783671739120343,2.5367998514186785,0.13881276872928147,1.6881905761464135,1.4078831632884667,1.1077027104273922,0.528288067719364,1.2614167563418475,0.9066796625270721,0.018136862307552275,0.3150543978833777,1.0397421472654567,0.34122493352946337,0.21524500186378892,0.3235946507067294,0.5814496559065743,0.3318257922095222,0.051648141750738244,0.24725820414042696,0.5399648888198404,0.22755551612043418,0.6835430706762438,0.38709220795106547,1.1033429774012085,0.6489227069311654,1.4078831632884667
176,178,5599,178,walking,0.06563335825792972,0.5870743438403353,1.1402721723679425,0.4891375153128945,3.0089896366778146,0.5413365134273667,2.3581519414143393,1.8917608483249404,0.40280503722786204,0.08463035777590275,0.9372944962488461,0.3824330572512752,0.13893967554157163,0.3400993696175765,1.0754766375930223,0.4067109455822637,0.1968307779203387,0.5272686376089015,0.8496195740000245,0.45956368101170103,0.2295542844647475,0.3159508333165053,0.5059724768111864,0.3193965424747384,0.6737921283483773,0.3993933425977647,1.1444645497392267,0.6581670983263022,1.8917608483249404
177,179,5600,179,walking,0.078903179775465,0.6507819922303428,1.3725015645534995,0.5663743817130231,3.2578038516109937,0.23859459080108222,2.966531687348945,1.9918657144346197,1.1052202022612894,0.22304815554880192,0.7053173819645314,0.6723708195169429,0.14606542196858668,0.061039055937002956,0.0842945929092493,0.09970070974408572,0.006044896452783101,0.15117977275531777,0.2572909051101413,0.11434804870526862,0.2975904607648001,0.3710805466869948,0.8349473214274301,0.43445786726620395,0.8152713354723197,0.28262068565992376,1.0368139088856327,0.6465195902300239,1.9918657144346197
178,180,5601,180,walking,0.3244087050321795,0.7279908384344235,1.5136509631392703,0.7236900100144952,3.798008571490783,0.3316486560483076,4.243833037709573,2.500629498557551,0.9364847931183314,0.2050796804778129,0.6102799821191655,0.5786817858622909,0.07666130193067844,0.5676940950937255,1.5350837017995311,0.5647588991696678,0.10438621426288022,0.4395649110948717,0.6107334536175395,0.3397271408666087,0.1443084355678644,0.46868210225491913,0.5265608284924481,0.35050838082760305,0.8973763369004527,0.45677671390067665,1.5066903278129213,0.8429992858830362,2.500629498557551
179,181,5602,181,walking,0.2806460027327466,0.8394708138413257,1.5313255428179429,0.7543118351932175,3.6183047110367412,0.775622207009258,3.4827893845264843,2.4541286441236965,0.7592188253031149,0.45178554429636375,1.342790801184518,0.7529599080766951,0.12270510901430087,0.2579607144943778,0.7730698843518334,0.3068803062738382,0.21924078456053497,0.7409180969211226,1.114937591214552,0.6070510708355734,0.2700171075591153,0.006577473395723898,0.17561519621094407,0.1457608716241245,0.878355423367759,0.5120558083263619,1.4034214000510457,0.8368487726878575,2.4541286441236965
180,182,5603,182,walking,0.15482182052900223,0.7895983480057627,1.586034420661207,0.6949749515461474,2.8253991699766843,0.12057954004441178,2.5678262929806768,1.691956742604574,1.250939644211666,0.6410181665125175,1.3528029424768435,1.0273437127850422,0.017137689666142535,0.14522731114947604,0.5339199344695562,0.1717299872201587,0.04056809534169763,0.3163724122759607,0.6016090966427842,0.2630980223756202,0.1941871566275146,0.004124550313723925,0.17038677075157865,0.11340203692681114,0.7471755960587846,0.33615338805030875,1.1354299096637743,0.6604175755763922,1.691956742604574
181,183,5604,183,walking,0.055935970541001044,0.72412728602209,1.4296298984781175,0.5979512823208599,3.706559557973603,0.520064550049511,3.2622671024298966,2.3431030636952253,0.009293265526111316,0.4435931627566998,0.7943522719236521,0.34002502569785487,0.14406483648432458,0.3003030368900598,0.6967504304778239,0.31709723544531854,0.08398890835424222,0.06615889064122511,0.09567503972275845,0.07919412754273863,0.09507375998462703,0.22137292683553342,0.6232420703490004,0.25122708879786426,0.6824860498106515,0.3792699755325199,1.150319468896875,0.6547663039166436,2.3431030636952253
182,184,5605,184,walking,0.13094410054823916,0.6115297079086304,1.4058179490706497,0.5781531131968778,2.9267053663116136,0.24771603194299016,2.6818149186491556,1.8061315430316727,0.5965762385135148,0.5986969863123414,1.086163535425259,0.6953419970153943,0.10715522990153181,0.44243951064507053,1.3564397813895976,0.4911258524965605,0.2411020166673275,0.35102494368101284,0.6619037482183923,0.3692315337830146,0.00979127789308573,0.0335485660461193,0.29257668317647456,0.07585127421097693,0.6687123716392187,0.3808259577560274,1.2474527693215882,0.6693058856224161,1.8061315430316727
183,185,5606,185,walking,0.024431111304374805,0.7598512447272588,1.5584291681881801,0.6253987760502895,2.8984710316261797,0.22330545149423325,2.771175903713806,1.8029457739909265,0.7195084492621389,0.5769789315621008,0.5248698844344708,0.62356892921659,0.05876677997636727,0.4305520602832137,1.2087292674653956,0.4374733895969115,0.08415764538386396,0.4470390654702223,0.8527616650093602,0.3830310173435066,0.032574754402048295,0.3328350894856003,0.4171173391504547,0.22958740538515038,0.6363182953258288,0.4617603071704382,1.2221805379936113,0.683667548597229,1.8029457739909265
184,186,5607,186,walking,0.08433451205694405,0.8052390709674536,1.8534103935797754,0.7265115119257142,4.7213871916946095,0.4496229351783285,3.864567997990822,2.8413176503473396,0.06543897459020172,0.38359630357532604,1.0039822908596219,0.3804105694381355,0.2651048261605337,0.1257729134669765,0.6304902141169668,0.28244913867439747,0.017796195991493288,0.4945157085316012,1.1068875839560484,0.4263022786004475,0.24040809767725677,1.0261100776817489,0.7415669093961301,0.6549206520228283,0.899078299695173,0.5474761682335725,1.5334842316498942,0.8853186335014771,2.8413176503473396
185,187,5608,187,walking,0.6871273552635859,0.43108703433941903,2.0539558048229614,0.8580769168057942,12.428341714959396,0.46824691854595574,12.89999408356881,7.738634270115903,0.13336778025415108,0.4584655806831064,1.2998054129060082,0.49669442695610466,0.22531401432567305,0.23107002473081772,1.0708899235346034,0.39673160032951704,0.2852309154717887,0.5571932423448641,0.3679311829304578,0.41055589971275275,0.20957392060531757,0.7192335623615193,0.8991129008479087,0.5513455733563165,2.328159283479985,0.47754939383428036,3.0986148847684585,1.742006447879398,7.738634270115903
186,188,5609,188,walking,3.318135628333462,0.11291639392192543,2.4315973978776233,1.8587402884776796,39.571476991149204,6.057201588290862,38.765837274748705,26.004638886725772,1.494067336383619,0.36911130422040034,1.783354916070637,1.1019424394557351,0.6767143723825929,0.6667563047989336,2.100017821978009,0.9573918352682124,0.39906917397792524,0.7991578151973394,2.0453294034187612,0.8883566763538582,0.22318825036287307,0.3815944592158,1.2070388250880772,0.48332084884908466,7.613775292098279,1.3977896442742102,8.055529273196969,5.21573182918839,26.004638886725772
187,189,5610,189,walking,4.321345242587009,0.9199057961955214,4.333929264184195,2.9632862683498513,47.77771479123599,0.7866407121930804,48.292671215998666,29.08427644457136,3.9929215357853813,0.09768540125626787,3.5700516664064845,2.3502531080979567,1.3366768993908846,0.21632968360864666,1.0083802146247671,0.8228786761247661,1.757347496443017,0.3448085722535157,2.055612266756768,1.2519848808299665,0.07930506581422125,0.14205250940700562,0.8658565359540504,0.2617143372793008,9.87755183854275,0.4179037791523396,10.02108352732082,6.1223989525422,29.08427644457136
188,190,5802,190,running,3.836222494802167,1.0711566171338482,3.8364284884545183,2.73023734246531,60.20584828513009,0.8018041072147233,59.71465728964124,36.345992414866174,2.2451651760789217,0.17542045038254536,1.7331910524211942,1.3148724610688258,1.5918519347906113,0.5017203986644745,1.7033569695694104,1.1781003272959163,1.7018640097230673,0.6376201529055834,2.0422391295433044,1.3442414909601212,0.074862706164519,0.9502246227019873,1.0568158748822334,0.6213981065230492,11.609302434448232,0.6896577248338603,11.681114800751983,7.255807023863234,36.345992414866174
189,191,5803,191,running,5.403051233291622,3.4842455536127086,6.005131471157071,4.755945008993146,12.649788031155179,0.26317371286748015,12.838327614903813,7.732850220589826,0.991865109424202,2.1540180955614363,2.4595461110679473,1.7502625042078448,0.13325258592764536,0.6847951163848242,2.79455185659004,0.8861294522429959,1.354471741838658,0.26705223575551457,2.067964066850378,1.0622024044077447,0.07027588711808558,1.1102404140907784,0.37202085619387437,0.5466106917223205,3.4337840981258996,1.327254188045457,4.4229236627938535,2.7890000470273133,7.732850220589826
190,192,5804,192,running,0.8685821445508932,0.10640137017458343,1.776082630815176,0.7452099320532259,11.438517769247346,0.05715883592381795,11.895995763053829,6.977469794679232,0.3212170770870586,0.46452680045623496,3.0681492714228815,0.9279274053018939,0.25694704375096733,0.16111790974225318,2.10023243618863,0.5872724686350144,0.38922247072545496,0.3624738682576311,1.30388337761406,0.5614552111160465,0.05108007346535777,0.43729723416841954,0.37248415016866004,0.26984775308724296,2.2209277631378463,0.2648293364538234,3.419471271543873,1.6781970941454425,6.977469794679232
191,193,5805,193,running,0.18718675964136366,0.883471144242674,3.240620913744575,1.07638734430253,1.5226323216856936,0.22667297030061972,2.2941750738284177,1.158557131560209,0.35954687232945187,0.7475600884573429,2.007829181662041,0.8444086206471262,0.227553680264522,0.6624283138463846,1.517577239313135,0.6595082455069896,0.4828465791278879,0.6294692393568476,1.7206088573836615,0.7890480988706265,0.29075255503543285,0.5122591981508441,1.6452596040419591,0.6502566220829027,0.5117531280140586,0.6103101590591188,2.071011811662298,0.8630276771617307,1.158557131560209
192,194,5806,194,running,0.5047810553983356,0.49208614583485244,1.6403105431318588,0.726808989119647,0.9490756189790297,0.24004977770435676,1.4492321979809635,0.7654965982695473,0.9669776087129903,0.7266955628239044,1.6416976104097372,1.0058087906967053,0.33144533981104435,0.5450554191689108,0.9535322989757833,0.5413067633871387,0.3762800319978812,0.5746427790495263,0.9462622622595322,0.5696215768708695,0.16199064194335508,0.6485753411494746,1.23011334363152,0.5702490619634358,0.5484250494737727,0.5378508376218375,1.3101913760648993,0.696548630051224,1.0058087906967053
193,195,5807,195,running,0.13385631147480523,0.6743350547054089,1.832914051428034,0.6898593567576925,1.1300956239245725,0.9277151301819184,1.787417424542395,1.1806077865510756,0.3174291448143156,0.8072131220789986,1.7606160779340443,0.8019801223441345,0.3334640691154881,0.8569108213972949,2.002078072455248,0.8765655706961628,0.2128041658441392,0.7008738586165844,1.2882038083392848,0.6231119714521465,0.1449510948477544,0.8806125923823235,1.612926725924047,0.7328108200768406,0.3787667350035125,0.807943429893755,1.7140260267705087,0.8174892713130087,1.1806077865510756
194,196,5808,196,running,0.20609316884851225,0.39557212453963886,1.2511721501882047,0.4909005473929014,1.383899639288711,0.5736939047724567,2.1816563221172935,1.219368682047926,0.5455169479365308,0.7518215125342704,1.8114184670518934,0.8812190775986992,0.4222343493410741,0.37625860352469576,1.3549508706754503,0.5903873552813981,0.06896008204932165,0.4307968953643182,0.5821002324422201,0.31632283745389994,0.04908542196843878,0.3744106266085662,0.6277889779160142,0.2949562150140048,0.4459649349054315,0.4837589445573243,1.301514503398513,0.6321924524648048,1.219368682047926
195,197,5809,197,running,0.19926267871226502,0.5264584254569317,1.2856285051513348,0.5474141426979456,0.9755818669334715,0.6482579024521621,1.6655586642818851,0.9826476406106306,0.14781028585218114,0.7097649960370439,1.9104869808784368,0.7251275089313773,0.40919437519101354,0.1955538394372249,0.8631411270876015,0.4145275112688157,0.2836740339971529,0.14843940879505493,0.20421653425488612,0.21368868396786037,0.12462766353408666,0.37487978791985904,0.5239699403615468,0.30459696865388763,0.3566918173700285,0.43389239334971275,1.0755002920026153,0.5313337426884196,0.9826476406106306
196,198,5810,198,running,0.3318677165482378,0.49278767101219545,1.5664809657780698,0.6431583481797873,1.1535594165752743,0.6878602811447574,1.8219959145239926,1.1009670619928114,0.7841296312285632,0.2158619882044526,1.2277893434010982,0.645554516453426,0.44504080544207314,0.31516803546919686,1.300452729327902,0.5641740822300885,0.2533400411932938,0.24935834919609737,0.3043819531260829,0.26195574678097305,0.10471639656155901,0.32153273922762776,0.5935425943388662,0.28920817318344794,0.5121090012581668,0.3804281773757212,1.1357739167493353,0.5841696548034223,1.1009670619928114
197,199,5811,199,running,0.4265830464692878,0.5815835234454388,1.4836717375072541,0.7000009754673415,1.1571784847737139,0.7620562568748156,1.7024924030779796,1.1081923772750077,0.29607212305482894,0.6834444916910595,1.8470857586297726,0.7612237976243099,0.4523707901373233,0.3958116044574867,1.1903603260573146,0.577345023049387,0.4037646292031091,0.4232531794359986,0.8653626699402859,0.5038796574437003,0.033338830289704954,0.2957240283577868,0.4252752567872338,0.21668019481644346,0.4615513173213279,0.5236455140437644,1.2523746919999734,0.6445536709460316,1.1081923772750077
198,200,5812,200,running,0.4736486513765568,0.7324620598737116,1.8301939007739318,0.8484830646548938,1.0305746620676897,0.6030432494711203,1.4144869534862252,0.9363445553127691,0.699499085785392,0.878381855723816,1.848719921429658,1.0008963608896149,0.3660031063115934,0.5008437171748175,1.2618177467214409,0.5991022787388525,0.5455533345968954,0.25553119054009626,0.5608550651170194,0.43260482307820053,0.2196474078289566,0.39586039815998214,0.5661844130293534,0.3594400050014462,0.5558210413278474,0.5610204118239239,1.2470430000929382,0.6961451812792963,1.0008963608896149
199,201,5813,201,running,0.20612150084201097,0.3934690812430923,1.1102744600895145,0.4618911248519443,0.9505425316332695,0.8670946288879073,1.7601565513230066,1.0790861744730722,0.34307599295295227,0.5839248693643719,1.2894958414155147,0.6286995132100326,0.5576363674011343,0.4679201893414682,1.1368920148345474,0.6376010256639505,0.44853488717511386,0.3526524270487111,0.6193692595870406,0.4443487776069381,0.1300231807254086,0.18172366861014652,0.4010540362634011,0.20490954698690228,0.4393224101216482,0.4744641440826163,1.0528736939188377,0.5760893604654733,1.0790861744730722
200,202,5814,202,running,0.15887756969173314,0.6663376111822059,1.558456811799958,0.6417774347095673,0.713938895945372,0.3082751612175697,1.1167181124168584,0.6322292453485484,0.07524347554832045,0.7994440805333553,1.9480197286741947,0.7394789681675092,0.38669554610357354,0.5015453323280277,1.5236176544079632,0.6600198822542331,0.5226682853586269,0.14547002990290797,0.14360198929624723,0.2959757239638634,0.11704136983747584,0.02841310136497205,0.10365824433638175,0.07891343734825551,0.329077523747517,0.40824755275483976,1.0656787568219337,0.5080657819653295,0.7394789681675092
201,203,5815,203,running,0.44730940992297086,0.4528183424140353,1.2907300475425771,0.6181971104433179,0.969600745687325,0.41874699949333444,1.3378204332477022,0.8229031847218043,0.13408313237312364,0.7113865998148503,1.559735382683186,0.6501349694118268,0.6237197580363734,0.37306093523724204,1.3789460332336543,0.674501483956177,0.3567500934976129,0.15429010073497418,0.46642488169244145,0.29770105403152314,0.052221479833577104,0.19218143392281636,0.15312929509894835,0.12838702452234707,0.43061410322516386,0.3837474019362088,1.0311310122497517,0.5319708045144995,0.8229031847218043
202,204,5816,204,running,0.1076614073479337,0.3240397281768978,1.201543263063804,0.4129891068226934,0.847254899098131,0.15685651189340097,1.403356532446219,0.6823158708858565,0.5312060155302011,0.33554756521232754,1.1462187729192705,0.5759451868808656,0.5029921838839552,0.5200143167129094,1.5791411856349582,0.7250308373657375,0.5233465377491704,0.022845847859437274,0.4500488359100965,0.3084867214254624,0.07988131642341613,0.615040907250627,1.0063665102231871,0.47924219151425473,0.432057060005468,0.3290574795176,1.1311125166995892,0.5306683191491451,0.7250308373657375
203,205,5817,205,running,0.5888154312944632,0.38479330252299626,0.9895740361535432,0.5873583007576925,0.9270968667494541,0.43267755192158724,1.6910862552278587,0.8821270185139883,0.9105394987484673,0.45006672833838585,1.4496259201767498,0.8341676748700912,0.45095702175305097,0.6961035775169405,1.8565755606735739,0.8301393518427114,0.2404248337535297,0.07974153757095344,0.5428661910050055,0.2366397867307944,0.14211337438076158,0.3911395316878801,0.6762819616951077,0.3485575547664782,0.5433245044466212,0.40575370492645724,1.2010016541553066,0.6198316145802927,0.8821270185139883
204,206,5818,206,running,0.027062269170921752,0.4664658861284272,0.7878796457233507,0.3549871912644097,1.1026578906595215,0.6599819342492628,1.8214926834184677,1.0693544666472072,0.13049025821535573,0.4565598820910381,1.986876895897674,0.6321954353020923,0.43350499366294665,0.5961716807946333,1.6150681030790441,0.7348842903988408,0.3009251397647877,0.7440098008148284,1.424499132416465,0.7028738027151396,0.01833702238731654,0.44906429521511226,0.7487828913206953,0.33671710530511056,0.3354962623101416,0.5620422465488837,1.3974332253092827,0.6385020486054667,1.0693544666472072
205,207,5819,207,running,0.5603031296364409,0.4974013212232018,0.8564948744654513,0.5943807552369473,1.0909860698543745,0.8801754036508572,1.6956548063307129,1.1275955506682354,0.09534138473341248,0.572765993549083,1.7829990631425117,0.6238427639415005,0.41166697327233676,0.6606230035234502,2.1611098017211523,0.8611379510625452,0.19041008923680916,0.35738876402348996,0.6540085060413783,0.3499212425123953,0.17082469093172173,0.1226600094845421,0.28799713335539173,0.17499330683758388,0.4199220562775159,0.5151690825757708,1.239710697509433,0.6219785950432013,1.1275955506682354
206,208,5820,208,running,0.10718764467263578,0.17002467366008014,0.8792287596198476,0.2867306792570559,1.0130517444248028,0.40873109276589953,1.8501836805864422,0.9387498709935694,1.003530513909128,0.052247998339158504,1.8373292862541148,0.7897772621501375,0.574069828156775,0.7451094185270849,2.218464734507542,0.9713646455750524,0.10373052186993964,0.7430195070503974,1.2694083009714245,0.5925816717624197,0.03290352242015232,0.07069288999916558,0.43216573106590034,0.12787171118090723,0.4724122959089056,0.36497093005696435,1.4144634155008786,0.6178459734865238,0.9713646455750524
207,209,5821,209,running,0.22422359578991286,0.44782589864196254,1.2517074057037876,0.5191612789135077,0.8225980549686484,0.6541362990185013,1.457228858944024,0.8821395133836647,1.0049960126384716,0.6819846581701371,1.6860829877165364,1.0120088658667508,0.5100556986444618,0.7091162209728182,2.1351213307621983,0.9146930339993518,0.3560955476571737,0.6616711815099758,1.1504628333232163,0.6371992583315031,0.058165556457563806,0.32269731849950795,0.5221969412650546,0.2567845382358396,0.4960224110260387,0.5795719294688172,1.3671333929524694,0.7036644147884363,1.0120088658667508
208,210,5822,210,running,0.18758054940976007,0.39309199717144583,1.0938367434042122,0.45103636731332486,1.2795941727587798,0.5651168546988923,1.896067749443022,1.1170979608716733,1.1201490046931248,0.7293459969797945,1.6784045605682858,1.075478912782825,0.3628138354488911,0.773136486533944,1.9438213171849723,0.8431443922301285,0.5368827966313378,0.47560506180909734,0.8615998397177413,0.5773151113197224,0.18768632271022317,0.4869538510773773,0.7594783850182067,0.4217517465186816,0.6124511136086861,0.5705417080450919,1.3722014325560734,0.7476374151727259,1.1170979608716733
209,211,5823,211,running,0.6836800091442666,0.6540084182100663,1.4914321216688387,0.8333617952755009,1.0904461305154725,0.873368003009891,1.7504220614732697,1.1356100657047994,0.0009638507191727801,0.5475818717612763,1.2963033611491577,0.47867896122201115,0.5221446865769366,0.07734707067062109,0.7039444280506035,0.3805855885091438,0.39501238611990025,0.1973330077090776,0.36364453080051007,0.30966706369169317,0.13872536809501854,0.5169074911820261,0.8000176852563999,0.4222566807620979,0.4718287385284612,0.47775764375715973,1.06762736473313,0.5933600258608744,1.1356100657047994
210,212,5824,212,running,0.8173616540545479,0.49960646151820154,1.7946888265945258,0.885725011548005,1.0579068309006452,0.6777718851315835,1.6980356884151793,1.0338786240959275,1.3340424336746182,0.6339125324789835,1.3429466231235951,1.0557713110861597,0.5569832878470565,0.5340285834019681,1.8646134112620845,0.8093274307520268,0.32775733771024057,0.3272975727275653,0.6334313103011797,0.3887082262353583,0.0021562155321030647,0.1685033937935271,0.29956415040314954,0.128176673810882,0.6827012932865352,0.4735200715086381,1.272213335016619,0.7169312129213932,1.0557713110861597
211,213,5825,213,running,0.5386196286695385,0.8481276851849795,1.9202243402635855,0.9387437935945243,1.0890805007592173,0.6778700410309793,1.9123828560682568,1.08925678792973,0.3266529087753956,0.6310322421634413,1.2956490811793908,0.642203876611413,0.3885354652893538,0.49117996388701557,1.8800542606029003,0.7278970237911279,0.3060900213767071,0.2502944810049874,0.47756720124458796,0.3180672412015954,0.2462083611349413,0.024032254750660193,0.08723019876165507,0.12554228610657162,0.4825311476675256,0.4870894446703438,1.262184656353396,0.640285168205827,1.08925678792973
212,214,5826,214,running,0.7796178025685343,0.6565603786143774,1.434941841285246,0.8614596407302139,1.3257280858789446,0.4356642938132825,2.1814094541785933,1.1408388427126095,1.7160601254015508,0.4923836357178297,2.614380711750176,1.4062536467977875,0.4996560599548988,0.7147949972675951,1.6866513452006666,0.8231106919291309,0.20948842155539302,0.6110589728375112,1.0360797313619252,0.5354349040295467,0.2087653802591226,0.014130096474843265,0.3404277297537442,0.1572437366443352,0.7898859792697407,0.4874320624542399,1.5489818022550583,0.820723577140604,1.4062536467977875
213,215,5827,215,running,0.8204517148868831,0.41620687095396186,1.0816734495578828,0.7109981242479145,1.0479690921795162,0.501857870680213,1.8404956897613194,0.9880299230961557,0.33478788871924303,0.8315981432526102,2.8400814739297777,1.034570707574697,0.40884497987804835,0.7052116998802858,1.659489931583593,0.7775206582200523,0.5295125411720237,0.3280819466370649,0.38186712025848674,0.4194112191753328,0.024491883664276338,0.24493405523009817,0.25924536595579056,0.15961944874890793,0.5276763500833318,0.5046484311057056,1.3438088385078084,0.6816916801771766,1.034570707574697
214,216,5828,216,running,0.05695466168406412,0.7532072616971852,1.6407251792491775,0.6522098052023353,1.1999805123267566,0.5388157854689439,1.8685693396073648,1.069232387039753,0.057441743688738604,0.6223363906267836,1.9241910105149964,0.6567494558292082,0.5319259529591184,0.5955508901652281,1.6108897836351763,0.7731686939767739,0.3600110224433774,0.138391157713264,0.5955845541832993,0.31847778289931644,0.2218747172197217,0.3857449146201245,0.42502517618422603,0.3280528879727837,0.40469810172029613,0.5056744000485882,1.3441641738957066,0.6329818354866951,1.069232387039753
215,217,5829,217,running,0.20549685883541688,0.7693137658148046,1.5774525233677457,0.7054147545336378,1.0280437535338223,0.6104655617725042,1.6469736296810564,0.984798452058742,0.13343550123187092,0.7669126240358771,2.446059135483191,0.8493510772037374,0.5582419703414943,0.7109329644136972,1.7353673007262054,0.8547434340473178,0.19973119337008877,0.3326385248376128,0.604107918743565,0.33376947103179366,0.08984723880234426,0.5721033672346686,1.0793430002501412,0.4806488424648334,0.3691327526858396,0.6270611346848608,1.5148839180419842,0.701454338556677,0.984798452058742
216,218,5830,218,running,0.12017181509335612,0.6217670489503689,1.520312713332238,0.6008380882839377,0.792808606361011,0.40365369331165923,1.373932627227379,0.7533714453145439,0.745639712461292,0.7434160939849043,2.1997313229732742,1.0355685871731333,0.3824064986461024,0.2991089274531433,1.8201440248218401,0.6366349754040663,0.22135290039090055,0.010505223052789581,0.3698456570336938,0.1667123807842148,0.14110413782037637,0.6595874631508583,1.160141533675695,0.552304947123633,0.40058061179550636,0.4563397416506206,1.4073513131773534,0.6242384040139215,1.0355685871731333
217,219,5831,219,running,0.4599146124137072,0.6503560774303472,1.538848964911826,0.7518780689199871,0.8917908241874293,0.6662025268261249,1.5742587967922812,0.938049099763878,0.039469285831736596,0.6884346433953232,1.4876527710701573,0.5886921259048554,0.5431743541408423,0.3604049278102375,1.6770108095477971,0.6968338746899914,0.1119156879034462,0.05200236028850501,0.3412674241322398,0.13382070410322847,0.004776268941846975,0.4795600319789587,0.9219923067648699,0.3781329817212963,0.3418401722365015,0.4828267612882495,1.2568385122031953,0.5812344758505394,0.938049099763878
218,220,5832,220,running,0.5316057852365845,0.6478056377528756,1.37677707542686,0.747119984281156,1.0521072682733092,0.6095712226837073,1.8736374725668221,1.039398890896171,0.5096522887232859,0.5161745843253226,1.269728085271381,0.6642763662737197,0.5019208728584624,0.6614426468111337,2.096001062791445,0.8845456204261275,0.1944362965088401,0.6211312113017061,1.0029849869201364,0.5268240005082457,0.14143062955642224,0.22966066711334604,0.42061476762407723,0.23255947219272277,0.4885255235261508,0.5476309949980152,1.339957241766787,0.6824540557630239,1.039398890896171
219,221,5833,221,running,0.3244152650657854,0.15111361234240633,0.7818516041643055,0.3465818717961378,1.147912499196752,0.4434060864891068,1.843083955155076,1.0051442253053589,0.3057245393084665,0.40558976484046927,1.5934112994645964,0.6032079815524937,0.7039184529067091,0.08694054004009268,1.5662429664708388,0.6295921904728885,0.09890073157019086,0.6729291579573626,1.191244463528988,0.546980848516819,0.05827691977310518,0.04933350667515399,0.4053665496435267,0.12411748050800901,0.4398580679701681,0.30155211139076527,1.2302001397378886,0.5426040996919511,1.0051442253053589
220,222,5834,222,running,0.025749384422997172,0.33226768630351144,1.2376595375661021,0.3907387358038239,0.5200384276351359,0.6962655796230858,1.5781783306692532,0.8021572690371394,0.7562536199580239,0.5964713649855135,1.5249757057527151,0.846085135127958,0.5128635728262304,0.4572093331716894,1.9803593499873713,0.7841010323966422,0.25215636396241936,0.5798033183736946,0.8453456400163497,0.5018530009377156,0.03851763281802792,0.5048935009269968,0.8992060037453118,0.39720565424707227,0.3509298336038058,0.5278184638974153,1.3442874279561838,0.6203568045917253,0.846085135127958
221,223,5835,223,running,0.5853735711616181,0.6201074101851691,1.5908061474794941,0.8003536220346138,0.5599723032218525,0.3606349285183224,1.0757510393871754,0.5833931005735051,0.3105772526556324,0.7650884545367697,2.894634841722933,1.0091932512215476,0.43212768903523857,0.4252410880654743,1.8063780916160783,0.7042231291635008,0.1518639519426406,0.10948318055161084,0.21530994972731793,0.14760084294316417,0.06784623715870595,0.11799398097304505,0.21704028633208197,0.1177441445191168,0.35129350086261474,0.3997581738050653,1.2999867260441802,0.5604180150759082,1.0091932512215476
222,224,5836,224,running,0.5311705329626372,0.4368447375485132,1.490721255936777,0.6853503593918155,1.1970774076589974,0.725342656132122,1.9520337878330951,1.1593747830830667,0.24381941566363016,0.8053814623616887,2.6075322685988067,0.9411868049298889,0.524945447364306,0.3170600563714036,1.9159827759424017,0.7199987566827643,0.21299302748759363,0.38355362062354026,0.406797092077042,0.31997807765986197,0.007770722562616522,0.33694783081970486,0.444760290164392,0.22683947938580695,0.45296275894996346,0.5008550606428288,1.4696379117587526,0.6754547101888675,1.1593747830830667
223,225,5837,225,running,0.5151821503427517,0.4438528132489065,1.83469739928054,0.7505534652927713,0.8893926392923828,0.6050221336971965,1.5475409091542744,0.9072740910266867,0.054587516582237094,0.7524120522745,1.8317998994071525,0.6891598074241254,0.36587678407648416,0.6404900985541895,2.488019101485646,0.9001505733493987,0.27262563632775294,0.09547331214538882,0.40144644164013144,0.22752886771728298,0.07993910958043222,0.23066172848340974,0.2728587387425827,0.17881208297405332,0.36293397270034017,0.4613186897339318,1.3960604149517213,0.608913147964053,0.9072740910266867
224,226,5838,226,running,0.04815461129203479,0.05787112524745114,0.5051387341151643,0.14343804143882724,0.5661154198932267,0.5211575097948828,1.312270334703468,0.6973632388159374,0.8507443465742509,0.4244611863747385,1.3515765503805468,0.7803975232557052,0.4998060828095481,0.3789929365826034,1.684797537152205,0.6884791151873016,0.24535536488357848,0.3684011753573781,0.7841867467307959,0.40233996544254186,0.10237825759733567,0.43557350126431804,0.8127456214300814,0.37772982783067777,0.38542568050832915,0.36440957243689537,1.075119254085377,0.5149579519951653,0.7803975232557052
225,227,5839,227,running,0.3251506733245216,0.1808742252684909,0.9043484605508407,0.38327965154737315,1.0043459549621123,0.7633254308397047,1.85572455646205,1.0782134656131368,0.6081709154429082,0.26458030689786677,1.5393993180762795,0.656980352551566,0.549358708767267,0.852204412911712,2.801292106009453,1.1208836698734823,0.2508782303457813,0.07659233352284367,0.2285898223108942,0.17670619000962884,0.061606327063594875,0.651166123052176,0.9523736753270828,0.4755837151117249,0.46658513498436416,0.4647904720821323,1.3802879897894336,0.6486078407844853,1.1208836698734823
226,228,5840,228,running,0.2537192334857624,0.5576572721104007,1.6141413586542088,0.647378873969307,0.8582380302789099,0.5092181963495924,1.6066870572881566,0.8683199021090322,0.3296046201014679,0.8303425792079644,2.239540030492232,0.9118868858222193,0.3960580181965399,0.1667312698940787,1.223058635702061,0.46972744237665964,0.3128233229611985,0.5377739028601645,0.9435892308320808,0.5289567364949614,0.1711165273382637,0.5057780521096883,0.7891487758177931,0.4285875869427394,0.38692662539369044,0.5179168787553149,1.4026941814644218,0.6424762379524865,0.9118868858222193
227,229,5841,229,running,0.15071178766557225,0.5068940955799004,1.3141497919700345,0.525872311692196,1.1420105622070071,0.47485630092955805,1.6554422237482103,0.9778351900042681,0.14999960738101753,0.4818171166475522,1.0877277963113463,0.4702722488736972,0.6556849133082443,0.47293967280580607,1.4728582838937958,0.7460214912243793,0.312037503229709,0.4200949812464404,0.8524097995788282,0.46333495370622546,0.02441220267797027,0.07084715228889878,0.09563566550391503,0.05723087508753062,0.40580942941158676,0.40457488658302604,1.0797039268343551,0.5400945117647161,0.9778351900042681
228,230,5842,230,running,0.663133345688543,0.6623730146756737,1.7840789397557577,0.8870183320968382,0.7375401603612092,0.8689437275845531,1.7525608777699047,0.9931057307322858,0.7149856047400577,0.2341137380633595,0.9873242540729312,0.5771045879359531,0.5089583792735001,0.08191546386038288,0.7190371812458934,0.38015697350273187,0.3817064569109962,0.11529599574574258,0.2865093298125685,0.25610284702520925,0.11359080824430379,0.24054181442165726,0.41965372703935455,0.22558379447425536,0.519985792536435,0.36719729239189486,0.9915273849494016,0.5531787109612123,0.9931057307322858
229,231,5843,231,running,0.13258017638783517,0.38719062768007567,1.4234099643034532,0.49259031448785506,0.9316622873486068,0.7190938141949283,1.5693698613614118,0.9741764128896964,0.11036375535150497,0.650349480826965,2.0740407914977017,0.7190934527709283,0.4372413248031156,0.34852715158130615,1.1546237140133322,0.5452321333564352,0.14863565343733134,0.33197801477882516,0.7607460050959718,0.344394668305657,0.08366808563902356,0.46599193735136046,0.9219637177693181,0.40425675275001727,0.30735854716123623,0.4838551710689101,1.3173590090068645,0.5799572890934315,0.9741764128896964
230,232,5844,232,running,0.08429696850597486,0.26697824348724025,1.0473460614858496,0.34997929709445597,1.0747923249083164,0.4653987779924625,2.014010974431577,1.0188786360466269,0.0651161125964927,0.8230186677169253,2.4209092756214012,0.8394357672496475,0.5642515043828809,0.8326447502353341,1.9672804436140878,0.9522145905701036,0.42831099400802236,0.006716996627121442,0.450926646733296,0.2641965256007167,0.02870653105787813,0.26453640241242504,0.4349176725189054,0.20428070789190236,0.37424573924326093,0.4432156397452515,1.3892318457341863,0.6048309207422423,1.0188786360466269
231,233,5845,233,running,0.13771984951306415,0.26200969887915676,1.0602622923433949,0.3719442778255674,1.0406370318821552,0.23154571353713918,1.7566265567245676,0.8601984095126313,0.18116425734002758,0.8382180265300715,2.630598809372418,0.9338726754225233,0.5232910328897936,0.6458003958630514,1.8866003686467727,0.8449566452304926,0.35913356250125705,0.018874990978076045,0.49307067968327734,0.2498175573283887,0.1570006191769465,0.5055532216454259,0.8794829183010316,0.4409181199891553,0.3998243922172074,0.4170003412388201,1.4511069375119103,0.616951280884793,0.9338726754225233
232,234,5846,234,running,0.007856025083477046,0.14709240344340918,0.9545430722904955,0.25288798586885364,1.0568103440336938,0.7654627588746644,1.9666640346431454,1.1222420480919724,0.689141578313403,0.6026340505803186,2.148417997536763,0.9463938510648413,0.5108495188933019,0.5485995993792413,2.051852510533989,0.8341501494158151,0.2215439578374991,0.47675277407352745,0.9159019513772083,0.4624990830398523,0.16383644212779802,0.413196869078294,0.7078614119227259,0.372385606866982,0.4416729777148622,0.49228974257157576,1.4575401630507212,0.6650931207247195,1.1222420480919724
233,235,5847,235,running,0.2376616902033586,0.376693541808772,1.1831545293266927,0.4823729986701908,1.210057934879822,0.3630906911453853,2.164158856235045,1.062091221657092,0.012395741501323554,0.6732261339082085,1.9586656432751255,0.665981878818838,0.44129928809351626,0.09802095024986596,1.1462060708915238,0.44496930951565766,0.19063443958975604,0.34071039770352773,0.697325373758857,0.35200300966908493,0.08544642905998592,0.22914865352355032,0.4837646951240278,0.2225909720582201,0.36291592055462707,0.346815061389885,1.2722125281018786,0.5383348983981806,1.062091221657092
234,236,5848,236,running,0.5021438902661316,0.10903299661507289,0.6952803443966054,0.3835268236318029,0.8905862236085205,0.7578488251237119,1.7537515783657536,1.0101243351660436,0.12472541653764871,0.704718449503485,1.940730804947018,0.7199237074058571,0.5598783804767433,0.2643511386666718,1.0670588491520205,0.5431035774877702,0.17756884703174788,0.27734485543781273,0.601814815243944,0.3023284440366131,0.15088791934711637,0.5907073592412521,1.134258170056292,0.5234897454466058,0.40096511287798475,0.4506672707646677,1.1988157603602723,0.5804161055291155,1.0101243351660436
235,237,5849,237,running,0.21136596184330356,0.3841436694448651,0.9358799288773594,0.4253798382907394,0.6839382031581213,0.7634959672580309,1.5890475627289862,0.8967831807122583,0.258000042660159,0.7694224229493277,1.7016618161478672,0.7513013494733682,0.6321380023015233,0.6136308166640788,1.664236890245317,0.8311549056353043,0.32723671725027176,0.6593578059682733,1.2605824037031694,0.6467542900280521,0.056322584623429366,0.2101657427081803,0.14277585708891713,0.1351505023504273,0.3615002519728014,0.5667027374987926,1.2156974097986029,0.6144206777483582,0.8967831807122583
236,238,5850,238,running,0.4454627511021038,0.2078753629110792,0.7068555728788608,0.4027063601810454,1.007903942333181,0.6918668827589114,1.6407520435502982,1.0080587387468967,0.2894908148700831,0.7857172070568754,1.806166470997698,0.7913165029703231,0.38020196419095365,0.5620208015608475,1.835975781902996,0.7440842626813198,0.32358518970294264,0.22783925073353326,0.4660337112081333,0.313776518416217,0.1323124496391536,0.3423198905226361,0.7481044200503773,0.3394738200747913,0.429826185306403,0.4696065659239805,1.2006480000980606,0.5999027005117655,1.0080587387468967
237,239,5851,239,running,0.1658662390743068,0.28973834750215083,0.861225004247204,0.3544868354800239,1.0545442478018223,0.3878365027666363,1.7197234004172848,0.9208969803108404,0.056431339718298244,0.22531951141845125,0.7629157915162096,0.26528349875794177,0.6127261976255987,0.6095851236476874,1.8242518956080787,0.8537749076309302,0.13605652307759478,0.6930688932126085,1.1355779059621922,0.5587657477085197,0.13112696849301064,0.16431378434169353,0.40769968881094515,0.1997162388960707,0.3594585859651053,0.39497702714820465,1.1185656144269858,0.5254873681307212,0.9208969803108404
238,240,5852,240,running,0.19215281305778995,0.38222917569298287,1.0810773968252356,0.4459682748653563,1.3318358405788404,0.6412124159803684,2.0872558904298923,1.206670480709662,0.5630572740537402,0.5582038451670979,1.2785145191978444,0.7042073515279041,0.4948296581681992,0.6014462741617987,1.9934697153227958,0.8372043159965583,0.2563963567022405,0.47208978660077716,0.7613333150897484,0.4436611203391567,0.1607240771392959,0.18656434617677967,0.25682800139184775,0.1902809696047998,0.49983266995001774,0.4736243072966342,1.2430798063762274,0.6379987521739063,1.206670480709662
239,241,5853,241,running,0.22602849734888467,0.41907570394986443,0.8465273093619807,0.4273471423918958,1.251389299252479,0.6296942731344156,2.020738114763696,1.156581051907497,0.09530400795445793,0.8889420124467294,3.1556704274026153,1.024832493640998,0.5155168121414524,0.005436045782906763,0.9429754640374864,0.39697623597724097,0.34880042535459543,0.08375529747044694,0.38983453460169143,0.25098919605035525,0.023185308980589632,0.538562745244269,0.8548611212978148,0.39567144594950643,0.4100373918387432,0.4275776796714387,1.368434495244214,0.6087329276529156,1.156581051907497
240,242,5854,242,running,0.5000840250191474,0.3502777228288268,1.0783728915572783,0.5558192774506453,0.7946095262208179,0.6895965520924396,1.3373225252575018,0.8611469363768034,0.5698422302019829,0.7396354878578504,2.675296863258935,1.0588504598757202,0.3425209027336006,0.3508799844106572,1.4863366235559203,0.5746276795688872,0.36910004965908877,0.7085086493503241,0.8975264133551182,0.6105487622747888,0.20116579906211648,0.420506016338041,0.7218784942446161,0.3930444250089863,0.46288708881612567,0.5432340688130232,1.3661223018715616,0.675672923425972,1.0588504598757202
241,243,5855,243,running,0.6752096747540175,0.5209483450841015,1.1700325233373245,0.7124697126027125,0.9573702922834104,0.28260915779338047,1.6143075356060854,0.8188532871519334,0.6399322980096234,0.5015307476646022,1.1114933536299023,0.6788838889956708,0.5646751474623631,0.3991397365161925,1.3790592219313356,0.6613377979776893,0.05880027418433776,0.29650151808381187,0.3909420584371565,0.22030912859469115,0.1657082455965404,0.16502967506005575,0.36292957186465624,0.2048810826355697,0.5102826553817154,0.36095986336702407,1.00479404413441,0.5494558163263777,0.8188532871519334
242,244,5856,244,running,0.14095811943065534,0.7769086180257585,1.6033080159112214,0.6878082981648099,0.7379126703429456,0.4918271690025164,1.382887819085073,0.7684734995551994,0.23817580415446832,0.3605480886192688,0.7449978452863663,0.3884891261667681,0.4728980056674613,0.5069307760272399,1.613572811123416,0.7146460749025637,0.4380082426475862,0.07993907418198258,0.3326217653126734,0.2737032797943622,0.010611285071025846,0.013508838981934088,0.3624624270863632,0.08214053503845661,0.33976068788569047,0.37161042747311673,1.0066417806341856,0.48587680227036006,0.7684734995551994
243,245,5857,245,running,0.010410731264646108,0.5653766668200627,1.1068654954959563,0.4516880583330748,1.0721670483589019,0.7240394707675251,1.8322952958298948,1.0849416668165497,1.0308555789239902,0.4112626611770779,1.5133583712611072,0.8795189702926487,0.4220715729938205,0.6235371423712911,1.8467532479290396,0.7875941357318526,0.08895212389430532,0.1951662829591281,0.6995583514484758,0.2535590330310685,0.2392281908550877,0.37448844478473237,0.6300327838642659,0.3714932110287812,0.47728087438179184,0.48231177814663617,1.2714772576381232,0.6381325125389959,1.0849416668165497
244,246,5858,246,running,0.4300154945229121,0.7668864887374282,1.6429246700438964,0.8073457273129154,0.7665847218379114,0.4013971832317138,1.6801494100547196,0.8032226440387941,0.37071822800561394,0.15108780586282616,1.148421388895724,0.4384066913265208,0.5425513293092511,0.5956545832769233,2.0857808185436992,0.8724385287432097,0.08183707633280242,0.08749269016602718,0.12818856614870794,0.09336961982927344,0.06398522317395017,0.4030827531789057,0.8074626458645217,0.34831971971404674,0.3759486788637402,0.4009335840756374,1.2488212499252114,0.5605171551607934,0.8724385287432097
245,247,5859,247,running,0.735977460940679,0.6678070165216923,1.5144526064395905,0.8644043122728666,0.7536737421934934,0.3762618541512614,1.2110629727208262,0.6941868330820672,0.124603793404732,0.7100432051394945,1.8589666206003739,0.7056521235377654,0.622778860630073,0.3272807797774892,1.3405233171773074,0.6481285195984865,0.30249582647831225,0.10474264030706332,0.3120155789452919,0.22529850250320863,0.016559867641173356,0.4553226278820832,0.6710013378140618,0.32295326577211503,0.4260149252147439,0.4402430206298473,1.1513370722829086,0.5767705927944182,0.8644043122728666
246,248,5860,248,running,0.1415357723691435,0.547344382583221,1.3513728131755238,0.5458266246160506,1.0986443516983875,0.8359034469246538,1.6712592351368898,1.1080709664765944,0.45819600455714593,0.5537309954085882,1.6584195882051482,0.7364547176273233,0.5480762505853498,0.6175845464070638,2.0823684095262407,0.8827380007022136,0.07361674468254166,0.3219309541180096,0.7502087043109718,0.30826082038241487,0.0816888094728603,0.05610296312700416,0.26226730355596706,0.1075701697511392,0.40029298889423814,0.4887662147614234,1.29598267565179,0.6148202165926226,1.1080709664765944
247,249,5861,249,running,0.2618307197651908,0.3569504962875322,1.3327756895144045,0.5140676243239701,0.523727254163607,0.48189762131378955,1.13381682829524,0.6290133158500066,0.5680299721163837,0.46645013944650277,1.329396493332211,0.6796713432915968,0.6542040081561564,0.8819819010035945,2.5156957950784538,1.1176135226795911,0.04726838532726541,0.22904867770330609,0.31170852187608566,0.17286852958744575,0.02441882323735432,0.37456730471533906,0.5889766414548308,0.2773897794720435,0.3465798604609929,0.46514935674501073,1.202061661591871,0.5651040192007757,1.1176135226795911
248,250,5862,250,running,0.4407291492889957,0.3760657619322617,1.524781869424061,0.6316743383733152,0.6012538773992586,0.30634336426323294,1.3613133443473795,0.6353015655344726,0.5774169609069825,0.5397804260253907,1.0884289070129394,0.6645647361755371,0.6452697364602136,0.45257367452577923,1.4346534231956138,0.72606804903352,0.32234854557347387,0.46271279490438527,0.7319931075020619,0.46042315769155606,0.022492985686326024,0.43713321232900926,0.911521007844845,0.36615468077510316,0.4349185425525417,0.4291015389966765,1.1754486098878167,0.5806977545972507,0.72606804903352
249,251,5863,251,running,0.4745437531307008,0.14945806106734136,0.9422868321522059,0.43805809210965807,1.3890854310190326,0.512847445315473,2.228620766886825,1.2064973039111673,0.025327966753841077,0.6676286559867262,1.6482026649243904,0.606823182081105,0.6397115506955265,0.7489220594425624,2.2673849030897606,1.0089304246731878,0.04570165643648506,0.15030634487283423,0.5272252265964983,0.1838482458430274,0.13965193323764322,0.502876326174719,1.1040681985116771,0.4778249434672803,0.45233704854553825,0.45533981547660934,1.4529647653602262,0.6536636986809043,1.2064973039111673
250,252,5864,252,running,0.05747898865071233,0.2225953010056742,1.0454887700644786,0.3211274698754504,1.297069557438726,0.5149542974389117,2.137689005499301,1.1523473430509155,0.28093397550353527,0.5319112334848388,1.3143573134206445,0.5880095462794785,0.548476180263065,0.7187667853526167,2.15702571437971,0.9383023291222148,0.36389165346728825,0.1618409808240416,0.47280683393372036,0.30485442050327605,0.04350784098213399,0.34796246351124926,0.40901311998684753,0.23839074579472283,0.4318930327175768,0.4163385102695554,1.2560634595474505,0.5905053091043431,1.1523473430509155
251,253,5865,253,running,0.40732168579606237,0.6897210281546182,1.419111759973712,0.7226394375750147,1.3263681874755964,0.5010501633779871,1.914258926784461,1.1138191256983256,0.0804527340804559,0.6986977631955895,1.5304926253535265,0.6177587239811235,0.5688076191266677,0.6167415739002085,1.8897077896093069,0.8521612351326119,0.1723161474424277,0.12245023761963829,0.30202721185747833,0.17831199639632206,0.2622281654587157,0.2308464675510822,0.3243786659648851,0.2621055863968962,0.4695824232299876,0.4765845389665207,1.2299961632572283,0.624466017530049,1.1138191256983256
252,255,5867,255,running,0.033308331938630864,0.7550867758257417,1.850637755655806,0.6854855942369102,1.0373800888618412,0.8652318550722442,1.9717875903053004,1.1554022956346943,0.37560882672827595,0.8657356218611639,2.071459818418739,0.9108297431195238,0.4073029243782774,0.6563838186096073,1.9431962698173149,0.8141139511586168,0.3237698534141075,0.7088593224502996,1.1841774291570575,0.6498871561771744,0.055940010004348895,0.7632718187267498,1.3995109783054072,0.6075869271535209,0.3722183392209137,0.7690948687576343,1.7367949736099375,0.8038842779134068,1.1554022956346943
253,256,5868,256,running,0.009144528687221322,0.47253344822283583,1.2595835097493286,0.44458789271388865,1.2726041838734383,0.6161230465002313,2.1088115763018838,1.1772532074098447,0.49258862441747686,0.885604511229902,1.9763189838627016,0.9465410510314919,0.42591274072933605,0.7636047442785362,2.4381048575283923,0.9634279655088275,0.39422661201453507,0.25968423301790966,0.6721806787561487,0.39600047376420766,0.20228694262129537,0.261172477653939,0.722460420272187,0.3298758521645312,0.46612727205721716,0.543120410150559,1.5295766710784404,0.7096144070987986,1.1772532074098447
254,257,5869,257,running,0.2484017178573196,0.6414176426210737,0.9981273303098432,0.5555532102533259,0.9414407018700353,0.6828786270695143,1.5747977254866474,0.9646872766731494,0.33765036353717676,0.6812854560336332,1.5490756691506542,0.7173894616584549,0.4921758471804942,0.5099128674640527,1.5966578603414963,0.7201670579261181,0.33097540626553873,0.5424662900764182,0.9124297507821697,0.5318626286932168,0.06333086625206039,0.3946904782598121,0.5466137000664804,0.2925312778180451,0.40232915049377077,0.5754418935874174,1.1962836726895485,0.630365152170385,0.9646872766731494
255,258,5870,258,running,0.5278549824864411,0.5591152933623849,1.417849122117636,0.7183579347630576,0.8913633266479593,0.4020054285897716,1.4829099207263985,0.8139294862403721,0.2894689337143488,0.6342885168113476,1.6588503271311996,0.7012730456365185,0.339236362547926,0.42415155804323085,1.4790409797863024,0.6011633641937233,0.42291003058171395,0.05432461365839605,0.2859791855045447,0.24808969479695295,0.18596430831830482,0.3788960443386944,0.7624626060262175,0.3784366622680432,0.4427996573827823,0.40879690913397093,1.1811820235487165,0.5768750313164446,0.8139294862403721
256,259,5871,259,running,0.5238611643017959,0.5766901719306594,1.4065604378236036,0.721532622057703,0.9912205273456015,0.42150731707120326,1.7383452167413873,0.9127601811149995,0.5184030668757312,0.2569826735103163,0.9480186329322076,0.49975802274086056,0.5722655695664954,0.8219765441318155,2.1217785996423797,0.9820525654078004,0.16264530255613477,0.7136580322384289,1.0802974967049113,0.5665808332588077,0.1318634248896282,0.20774696273930654,0.25158095671497566,0.18616034639456905,0.48337650925589787,0.4997602836036217,1.257763556759911,0.6448074284957901,0.9820525654078004
257,260,5872,260,running,0.24892215983360294,0.38395063927116535,1.2061879764009695,0.4943867149221013,0.8076543343636876,0.6272418242029084,1.6273008883178197,0.8994186410902024,0.5740058895502225,0.5223218238698759,1.2700781300647233,0.692546711380984,0.4666954377541753,0.7906149193834561,2.145294279776743,0.9319829988104011,0.4055894927758543,0.7430116095719345,1.1968870279824488,0.6988178465356054,0.06120956769741908,0.19717360123197278,0.15790297273356046,0.13493386211846886,0.427346146995827,0.5440524029218855,1.267275212546044,0.6420144624762938,0.9319829988104011
258,261,5873,261,running,0.21373650384216727,0.38188926662655115,1.075574602879023,0.453365228763292,1.1902971896942227,0.1436464070259658,1.7790004999279823,0.8893775386736719,0.8785902130666204,0.6637218545660715,1.424551565297611,0.901835140112599,0.28595849011056285,0.3225489961643137,1.4432889930215025,0.5320607931142511,0.37800136226887154,0.022563449131375278,0.3260565712123276,0.22543723880256428,0.2622013638774736,0.49083315756247575,0.8651291700045474,0.4742396425768893,0.5347975204766531,0.3375338551794589,1.152266900390499,0.5793859303405446,0.901835140112599
259,262,5874,262,running,0.39123951708019805,0.5101800231573345,1.4311329778429505,0.6467944116636031,1.1037205655558315,0.6199124496304623,1.7002921334166514,1.0295116327578477,0.0911448968287693,0.8922237699271303,1.8416680513519719,0.7616810769727542,0.46435904667358285,0.3998901101079833,1.6221358619827382,0.6701268351091741,0.18794424759375078,0.021864474356711534,0.28536406508437145,0.14099630179705924,0.038905791067545825,0.7197480405553355,1.2158788246911132,0.5466372975873752,0.37955234413327976,0.527303144622493,1.3494119857282996,0.632624592647969,1.0295116327578477
260,263,5875,263,running,0.25510662250310895,0.4732527941469828,1.1483772198655844,0.5210192106331536,1.0024591160904577,0.6892375961908648,1.6579198111250424,1.0082626471375375,0.01705589091205454,0.8176592637610811,2.0527767147771057,0.7444414048246755,0.3314322681093412,0.26463542161164466,0.7679861967455703,0.3920243152375084,0.43653951087629933,0.43218133535729836,0.7848816235094185,0.5044646631953228,0.06878099401727399,0.07294065394535333,0.2535843600426366,0.10740553119357826,0.35189573375142263,0.45831784416887084,1.1109209876775596,0.5462696287036293,1.0082626471375375
261,264,5876,264,running,0.18314834448028974,0.5213364008045854,1.2986676733906393,0.5415274327920779,1.3479903577016803,0.573170162503199,1.7479732592795054,1.118058859937853,0.42707186027648514,0.5040264922556953,1.5484191026303835,0.6821231615389489,0.4081562316177554,0.5556122809931697,1.6836520343260004,0.7222378119095703,0.19713636214759248,0.4201935604108181,0.7161672727558487,0.390165423574534,0.16862909378711372,0.5062206503557899,0.7625975985913352,0.4224594173754285,0.4553553750018194,0.5134265912205429,1.2929128234956186,0.6460953511880687,1.118058859937853
262,265,5877,265,running,0.28318247710086686,0.7678210637532517,1.543001860531054,0.7290017884478583,1.3221271630462834,0.5405421857391135,1.800493724828711,1.1051664844799012,0.8857840515606513,0.5557338352731095,1.5358443901993664,0.8837760327733777,0.5269098437180484,0.7707118735696278,2.016070555596456,0.9222627980343616,0.1761465710856617,0.2368710773617196,0.4476731507249829,0.2547416895239491,0.004880598690956151,0.17005331367481066,0.2705284343160148,0.1240792518095097,0.5331717842004112,0.5069555582286055,1.2689353526994307,0.6698380075114929,1.1051664844799012
263,266,5878,266,running,0.07283819407250582,0.4390141517972867,1.032365459359768,0.4112140302198707,0.8386583908697615,0.6891739342164845,1.4338009353814472,0.8978931171107878,0.45437375613459946,0.6494019262130863,1.4428914559955803,0.7300885641381905,0.32630390193139897,0.7782701927912473,1.9876519932362737,0.8393600365363132,0.4050850590851423,0.17040770866451196,0.5243299252977978,0.3350630921594213,0.13972071145504325,0.26528262040823486,0.4410370883193575,0.2502087504091828,0.3728300022580752,0.49859175568180863,1.1436794762650373,0.5773045984289611,0.8978931171107878
264,267,5879,267,running,0.20682421658729847,0.9262832937780359,1.8231464647149664,0.817872297089127,1.0949886353716296,0.6081450997191297,1.6022732186246695,1.0017081377612378,0.43426707876820486,0.8549854796534051,2.207960661262311,0.9572931556211062,0.44377473633430725,0.2765074430879397,1.2908483182967532,0.5462825354282494,0.3344585731632297,0.16433551655479933,0.4227352961864153,0.28406469512449467,0.10723455076030503,0.690207514914936,1.2393134411624418,0.5668395145025849,0.43692463183082914,0.5867440579513743,1.4310462333745928,0.6956767225878,1.0017081377612378
265,268,5880,268,running,0.25624742124661204,0.6334800483487176,1.4147622964342716,0.6388434471249862,0.9305606139797948,0.8023425755293473,1.5932651035880514,1.0118142965212673,0.427125437076057,0.7885280906037493,1.961866867318949,0.8786347845357123,0.5222881091093113,0.5529210496091557,1.5570955529660286,0.7415027740805926,0.30044450101809267,0.3604567795317637,0.48785403713381664,0.3619313196467059,0.049269525588408504,0.7402859316823924,1.3968625935420484,0.59519470161673,0.4143226013363794,0.6463357458841877,1.401951075163861,0.704653553920999,1.0118142965212673
266,269,5881,269,running,0.25292117636544365,0.24826880863734654,0.8085449687412807,0.36218498774937224,0.916272805321986,0.5903418498653711,1.5438577238190745,0.9114174068387577,0.8487703528169975,0.2857253309211114,1.5533023143810432,0.7644587363714522,0.363646337963806,0.8040721727083134,1.9649422569793722,0.8600758556647222,0.6198359379613841,0.039488037427266504,0.5551334098533348,0.3747562721261272,0.20045018658135888,0.3192906861769494,0.6742211247670602,0.3427405740567354,0.533649466168496,0.3811978142893931,1.1833336330901945,0.6026056388011946,0.9114174068387577
267,270,5882,270,running,0.3842145502826702,0.21372576146210404,1.4157759414534923,0.5223313129886082,1.021031450560795,0.5774032708908338,1.819134180682751,1.0032007247172017,0.13652905973060306,0.7682607999717911,1.809191818426993,0.7237543075663563,0.5253212604108064,0.5410147127897843,1.9999268178525176,0.8265197528507399,0.3265494277907743,0.037342680825127574,0.5908543500635359,0.2637277134590679,0.19235112889315098,0.2919787438747111,0.5415529766894869,0.30204254444504225,0.4309994796114666,0.404954328302392,1.3627393475281295,0.6069293926711694,1.0032007247172017
268,271,5883,271,running,0.10151008988860087,0.33382361663392457,0.8129058900342728,0.33671466061586475,1.164395940314031,0.4647694591895157,1.8228506141107712,1.016236282623573,0.8973155558694969,0.5585068193062273,1.5753905299209052,0.8974070560544708,0.5356571384163665,0.46083820982591517,1.4234729105863433,0.6832927214141813,0.500262702961858,0.13828533079444302,0.5631754347397363,0.3680543004504677,0.019095037812217674,0.4419952637371532,0.7009450290292343,0.32462512642559527,0.5363727442104286,0.39970311658119645,1.1497900680702104,0.6043883579306921,1.016236282623573
269,272,5884,272,running,0.5065932937108232,0.15486729511579345,0.8514829049173247,0.43488081651411165,0.8470363458485818,0.7875430565827275,1.5720421568419805,0.9682401923409198,0.4467573636139401,0.39538942112341263,1.5308488397615974,0.6430284818472607,0.46438438485441613,0.41749457140467744,1.725434531597474,0.6978384888231323,0.29723558202850603,0.7459119669860713,1.336292691339822,0.6845175578737954,0.19435228020008016,0.5061577857921695,0.7671683026862653,0.43363768693415294,0.4593932083760579,0.5012273495008086,1.297211571190744,0.6436905373888955,0.9682401923409198
270,273,5885,273,running,0.5578443288306543,0.533069130211705,1.3070938282869853,0.6977841492743408,1.1939180578220032,0.3289173236376374,2.042863980070787,1.0177069485980137,1.172211497105887,0.33740276898243704,1.8583903572494402,0.9755237778852177,0.6071422020658838,0.7895856536955101,2.143345398500041,0.9873602220045659,0.12491277592918802,0.0594361248206459,0.38141310056578687,0.15002218041309096,0.07421304107714768,0.5723004272387617,1.139110378320371,0.48642746299043804,0.6217069838051273,0.43678523809778297,1.478702840498902,0.7191374568609445,1.0177069485980137
271,274,5886,274,running,0.09600655410346699,0.37362455869286965,1.0906153675488302,0.4059755186283007,0.6499329627111141,0.8116180177870137,1.428216635451268,0.8702637192895049,0.9138703119634438,0.6026582948036072,1.5902075397648323,0.9246529506597869,0.5252052364017752,0.9001124303499095,2.269898137695593,1.0241066942397925,0.1628752862617331,0.7612679425140468,1.5655035238475095,0.6827579962798139,0.022374799274137047,0.6804310945584444,1.2490333654941657,0.5309290306318657,0.3950441917859451,0.6882853897843152,1.5322457616336997,0.7397809849548441,1.0241066942397925
272,275,5887,275,running,0.0902939244976446,0.5060334900985459,1.3431932269765674,0.5071696112337898,1.0382731573867259,0.773136679992799,1.548119246610558,1.0341877842739216,0.12095249430093952,0.3305456813180294,1.3204587866234418,0.44469102757227597,0.48033828176789,0.05745628346797109,1.121700871402548,0.43945800037485405,0.2891591222825387,0.2248429549680211,0.41850923205807,0.28930267731183795,0.1531693973646059,0.48015118693257425,0.9120686866424896,0.43574197104737,0.3620310629333907,0.3953610461296568,1.1106750083856125,0.5250918453023415,1.0341877842739216
273,276,5888,276,running,0.23395256219187294,0.3657267127566006,0.8279099434577853,0.4054536986709465,0.9024900207096133,0.5122664687222941,1.3704675689235846,0.8399961095574799,0.42313028198398955,0.7080138168222984,1.7839584457897626,0.8092493286804677,0.5637625623201464,0.642265135220749,2.019045331321526,0.8862201452806635,0.056899174285966504,0.5916937656458852,0.9059259553926182,0.44062236705126434,0.043356555280214204,0.4249761269030967,0.8056010769398433,0.34845328826129307,0.37059852612863375,0.5408236710118207,1.2854847203041866,0.6216658229170191,0.8862201452806635
274,277,5889,277,running,0.7989495056843195,0.5325872371196173,1.2518470331152054,0.7829841037446159,0.9090211054340216,0.5047884045434906,1.582069489785694,0.8819377019481437,0.8921199940143208,0.14638573412695127,1.4820409886269728,0.7118104889819035,0.5457009359678062,0.47535423239340285,1.6088352645242532,0.7301891202493342,0.03607457054930591,0.32522477585985665,0.8028215242079255,0.30508404340525014,0.11827482828141168,0.0881084001911329,0.22264746046089032,0.12708278348119592,0.550023489988531,0.3454081307057419,1.1583769601201568,0.5898480403017405,0.8819377019481437
275,278,5890,278,running,0.07458423792517418,0.16474366072226956,0.8838732885222854,0.2725058171634346,0.7749020380719397,0.4372242007986951,1.1700198171742484,0.7188544589831036,1.3954566652460616,0.1914106085318928,1.119417310107586,0.858630371532699,0.4400705863402763,0.7818073035242468,2.1096273416887783,0.9106766242835649,0.03565174318464315,0.07211939060720499,0.17414886516186465,0.07793822654911219,0.13820152589920856,0.13718448171223116,0.2422956772031416,0.1586135384852042,0.4764777994445506,0.2974149409827567,0.9498970499763174,0.4995365061661865,0.9106766242835649
276,279,5891,279,running,0.21724843476809813,0.2293869175017393,1.0561728072867047,0.38988870236527595,1.3050810672530218,0.21659965893662358,2.0726843431787643,1.023209159111611,0.3605929214580141,0.49365179186534625,1.2950144741910425,0.6007007801675528,0.6843040963253343,0.5321038736397005,1.5178244740129951,0.790128082788613,0.1695400556779663,0.09691824140638068,0.2066626797718217,0.14791585478810315,0.004879476045723904,0.06777398183788898,0.2602512278809875,0.08111162872964266,0.4569410085880264,0.2727390775312799,1.0681016677203858,0.5054923679917998,1.023209159111611
277,280,5892,280,running,0.35941881492496885,0.40967416884246605,1.1435532238946853,0.536347838285911,0.7360843996321027,0.470669851770918,1.4243174811749686,0.767565196796202,0.21662761638190986,0.8470955491667439,1.9966756423234218,0.8248243946841459,0.49298736488117895,0.14243601116479612,1.0220707687677122,0.4585835041719325,0.27303230793166194,0.36150829457561634,0.7251191971794009,0.3988400804387915,0.002406868388626113,0.45389807446679076,0.771160351029083,0.33675404734798337,0.3467595620234081,0.4475469916645552,1.1804827773948787,0.5538191769541612,0.8248243946841459
278,281,5893,281,running,0.6849579722042125,0.020057234998671337,0.2800013519362292,0.3380063532683994,0.9775438428415683,0.5849714357666518,1.5197873458940794,0.9289635806221039,0.020971599961605636,0.6593192026212618,1.577800286879937,0.5876763784091343,0.48543746781360414,0.6567000154611136,2.0974587271138283,0.8763467387326528,0.0964985712567258,0.13439037961043507,0.3896187034790202,0.1702793210426684,0.2720315750826421,0.3870030473388613,0.49736927952626375,0.36308770487385417,0.4229068381933931,0.4070735526328324,1.0603392824715596,0.5440600128248021,0.9289635806221039
279,282,5894,282,running,0.14669579602162772,0.47721068356015267,0.810188385849699,0.411600269002652,1.3239055116400955,0.3583614302720876,1.931559523643806,1.0592186814936344,0.12771527626507687,0.43228850768537996,1.508727787731261,0.5257470711264349,0.5169197250318779,0.33836390699300983,1.7113012340065925,0.6843736996112736,0.058184825294091164,0.49831449990671434,1.037166987552651,0.43003312759085244,0.15646012274897358,0.07678549244081112,0.13633680985719077,0.12056560804735204,0.3883135428336238,0.36355408680969264,1.1892134547735334,0.5385897428120332,1.0592186814936344
280,283,5895,283,running,0.25781634724396196,0.57730791855644,1.2891696165084277,0.5918836296218464,0.6820086988062762,0.23832525278552602,1.4227212124796926,0.6526778231326594,0.35849167302000695,0.5550740345048842,1.3482208789754826,0.6350704588050531,0.5971367155512174,0.4640268385410309,1.546458803017934,0.7337571822404862,0.3313335663013244,0.7496125939187039,1.4176601217034157,0.7159104884286945,0.002594039363916531,0.7596299380955109,1.3427092613175857,0.5734314432472882,0.37156350671445054,0.5573294294003494,1.3944899823337567,0.6504551709126714,0.7337571822404862
281,284,5896,284,running,0.13267018107654674,0.3493984778051065,0.8397192862985794,0.36077132081237717,1.2132910177576663,0.29523673432781256,1.8228320801552516,0.9679775168652419,0.25179487094659475,0.7898591217500414,1.9641332913466378,0.8094882553479821,0.5874454746129403,0.6638633412301378,1.8593281337502436,0.87238915308728,0.28803591307629356,0.6482689193125521,1.2184435816561239,0.6182106492867632,0.2138937135722,0.47578259911945603,0.8200888863042903,0.4398883023375205,0.4478551951737069,0.5370681989241843,1.4207575432518544,0.6781208662895275,0.9679775168652419
282,285,5897,285,running,0.10985310697196858,0.635108204247334,1.2831151355286852,0.5546075515934581,1.3732819317919551,0.5486507070978018,2.282333979293619,1.2252398514146265,1.1404632579576717,0.4621563799064266,1.5990351643088585,0.960854888007411,0.7556444494450678,0.27564348028005803,1.433439115791807,0.6992029950484118,0.08946723978656695,0.5991544682842328,0.9389586434435488,0.4632404119170297,0.08073315340977752,0.06743393861715863,0.2268616224097893,0.10463916129273232,0.5915738565605013,0.4313578630721686,1.2939572767960512,0.6679641432122783,1.2252398514146265
283,286,5898,286,running,0.028811687186860405,0.3377431775252806,0.8080422154729154,0.3082303889794395,0.9916034757772069,0.5675963383571357,1.795401116243593,0.9827601489024558,0.8173821435909587,0.47158455674083044,1.7806539393838265,0.871717468009481,0.561344457332012,0.5232833170257838,1.6615950831269797,0.7661701263685143,0.24844821610784423,0.3220068800261004,0.6194859429352978,0.35207922704063743,0.09513184718035776,0.1633031893213955,0.3426973810983359,0.1719134908203685,0.45712030452920666,0.3975862431660877,1.1679792797101582,0.5754784750201495,0.9827601489024558
284,287,5899,287,running,0.24550374778141373,0.4867645310438027,1.092907985199467,0.51148890856998,1.352551927152915,0.21824562800713487,2.1682212735049635,1.0619632767650127,0.10605180142253755,0.7833933729030874,2.0968539270875937,0.7751488551477688,0.5070296464376891,0.20957109522872155,1.0958149141560063,0.5058032794977656,0.35277609984814157,0.5323992766629191,0.9778522522289814,0.5496406010502206,0.30215469031842074,0.06662740709564414,0.23040721601205816,0.1935942821680376,0.47767798549351964,0.38283355182355167,1.2770095946981785,0.5996065338664642,1.0619632767650127
285,288,5900,288,running,0.7572586817907143,0.6099131301160997,1.4420874971522921,0.835286224193184,0.8669913407514745,0.5268537169102906,1.8218499926441454,0.9219080215935351,1.2568882413840325,0.5005589028242278,1.5192621571721059,1.0068312891177253,0.5739582115971802,0.5776059843549792,1.8610270405375717,0.8328310864883781,0.289655778224134,0.03693652220301655,0.4852547694912297,0.22768787406910618,0.05979896625342396,0.018986695604676248,0.33344797793363345,0.09820386032996678,0.6340918700001598,0.3784758253355484,1.2438215724884965,0.6537913926319826,1.0068312891177253
286,289,5901,289,running,0.08081976620804746,0.7323387504362354,1.6787892532611173,0.6610212573099365,0.8993993836539411,0.7245202596225918,1.6813647561001517,0.9858408085306436,0.2810535292014482,0.4526308743274721,1.0711728208437137,0.5077083255803109,0.5654271817018863,0.6350456603430947,1.9132383171277558,0.8628368002435436,0.3306650927412176,0.46192970899777996,1.0926875241448943,0.5355754255245779,0.00839381485424273,0.34050584686887514,0.33447245599210973,0.20645435588766908,0.36095979472679723,0.5578285167660082,1.295287521244957,0.6265728288461136,0.9858408085306436
287,290,5902,290,running,0.31048585137266166,0.7288510809186947,1.3972790175876644,0.6951905764340756,0.7314517458281977,0.4325022242041074,1.3794663879353593,0.7414748655999939,1.1312795715332031,0.5588319108292863,1.2961684480100066,0.9352782825469972,0.5703314312067129,0.6421142731826317,2.0561675432369793,0.8962117904031337,0.12845314108527725,0.03858146525670155,0.1717710769752587,0.10116805793184327,0.12275668172307207,0.5353473972981493,0.7651822166911252,0.41627807494671365,0.4991264037915208,0.4893713919482618,1.1776724484060657,0.6309336079771262,0.9352782825469972
288,291,5903,291,running,0.09686630807098001,0.5686583557699041,1.0923136747918991,0.4846726004947335,0.7656509604041983,0.8543145216751601,1.6612128042399417,0.9802287536797318,0.5229414958855468,0.6015291575921662,1.364926721563037,0.7227736057036926,0.4950182167950608,0.3753532004816442,1.3817428010817148,0.624497127127025,0.29530119644104047,0.5366155155121334,1.0536841473548242,0.5435035142522344,0.0018124024006330184,0.3456905392306938,0.4986946540613986,0.23874010746481045,0.3629317633329099,0.5470268817102836,1.1754291338488025,0.5990692847870379,0.9802287536797318
289,292,5904,292,running,0.14249511408401747,0.8378620632624222,1.6532405598527293,0.7227909829091218,0.9884194518522609,0.94234543745831,1.9611103835053283,1.1645280324252942,0.09364818132451963,0.7950507726283432,1.9890992441158992,0.753299430404325,0.6066244079670909,0.640202823407954,1.6997657688312175,0.8386840463162615,0.10145038492111116,0.24198500929148567,0.43804172940676034,0.22498250356639082,0.20424173229208617,0.499260033031119,0.8166183322389549,0.4447243725770731,0.3561465454068477,0.659451023179939,1.4263126696584816,0.691501561366411,1.1645280324252942
290,293,5905,293,running,0.30302796300402995,0.49572209735389566,1.0223770890172472,0.5239754419466197,0.7316434704627278,0.2272707152069481,1.2143708906582913,0.6264398523995286,0.10569119585570322,0.5298401193777342,1.3284366819845337,0.5198998624902818,0.5748198398397963,0.41661597069798934,1.9309864576580456,0.7827716157467235,0.2599572608164289,0.6952543317072244,1.309493230083796,0.6439832830262207,0.016211156838713072,0.5955535942625927,0.8697780673292433,0.41866151390637096,0.33189181446956656,0.4933761381010641,1.2792404027885262,0.5859552615859576,0.7827716157467235
291,294,5906,294,running,0.054097980416491824,0.34566788219186745,0.77092898987198,0.31409214301773974,1.0910551932776948,0.5889951585656606,1.7618231977685048,1.0243847802910433,0.020767977363184875,0.18536214452040817,0.8376291471615174,0.2499778781857407,0.3712951802576229,0.18643090584459315,1.5856880469774202,0.5402280438363705,0.22598883606574255,0.5538153381920339,0.8448967524028201,0.48090102018367464,0.13807116406804584,0.06815495910024107,0.3896564197561826,0.1604217332185513,0.31687938857479714,0.32140439806913407,1.0317704256564042,0.46166759978885336,1.0243847802910433
292,295,5907,295,running,0.04192789141347727,0.01565113026086445,0.281538142253654,0.07933923712046749,0.7950106377433191,0.6160297242790715,1.4888443620428533,0.8621850172175269,0.08831067836716536,0.6159572446576805,1.7031008212082546,0.6223273334515893,0.42624340136692634,0.7254317211438053,1.8160391894232917,0.8238778868889511,0.24418269377376525,0.2027090928791612,0.43483300459541474,0.2657233155802535,0.0762915314626993,0.4259424102849853,0.616544973449957,0.3242025713890653,0.2786611390212254,0.43362022058426136,1.0568167488289044,0.49627589360797564,0.8621850172175269
293,296,5908,296,running,0.11032004607193732,0.09449271114628191,0.7033947967877139,0.22260406224483048,1.2873242370794908,0.41217654323969877,2.4471516592791995,1.1692306439835158,0.29738130823623815,0.426439352687513,1.6013731394278214,0.6098028922550648,0.24813325598907018,0.8324278665081685,1.8466514771617653,0.8015547444312485,0.20319015216497252,0.41173477534570296,0.5969847742869581,0.3653669258616618,0.10265142308188806,0.28517037514797755,0.3482534405578198,0.2247794074035102,0.37483340377059954,0.41040693734589045,1.2573015479168799,0.565556446029972,1.1692306439835158
294,297,5909,297,running,0.46824962041526375,0.6715752040082211,1.8940823423421738,0.8347463982378287,1.806237760068388,0.31126557717483755,3.983956418914446,1.6437926186801795,0.4128487051922526,0.6281818266581748,1.2614835102470812,0.6687089147895873,0.009668574445570262,0.613022014698523,1.8268964642288723,0.6144555285034118,0.09377750714328845,0.2069596190446753,1.0960922517764844,0.33951330083048237,0.08716881744829304,0.6797749440512474,0.9898249155782288,0.5047424877154619,0.47965849745217604,0.5184631976059466,1.842055983847881,0.7676598747928254,1.6437926186801795
295,298,5910,298,running,1.1252264680161992,0.1529977536558725,2.012624910673677,0.9138146708035642,4.6752433840753245,1.5659510039005249,4.757019412510892,3.4478816376925185,1.134826478543014,0.6447922984076256,1.5837826264546364,1.0286040360711832,0.05970095882078666,0.5641564589478296,1.772285082117648,0.6039999835309762,0.031654479951811865,0.08409428546513655,0.8872166639603908,0.22374283895885755,0.010545158450784235,0.5579500491008001,0.9832016831270625,0.42403841964604627,1.1728661546429868,0.5949903082462983,1.9993550631407178,1.1070135977838576,3.4478816376925185
296,299,5911,299,running,0.34022885733923564,0.6913297955717754,2.087834101811599,0.8301902815267244,3.1060357513850416,0.22874846418808706,5.140359728488235,2.3619856319268986,0.0796137354627226,0.7197580830041714,2.63526528691763,0.8468017847702837,0.01980534887852262,0.668223090632835,2.9290309823896994,0.8610175722824829,0.03538306011973847,0.051765115727642155,1.8246817229252101,0.3997956149239943,0.0713147614195694,0.3515476964254084,0.7831757779906644,0.32578013873612405,0.6087302524341384,0.4518953742583199,2.566724600087173,0.9375951706944179,2.3619856319268986
297,301,5913,301,running,2.2553308697031227,0.4986265998095375,4.352069255192157,1.9719968388434954,0.7486332039571606,0.5706547784703225,8.785498558306996,2.284814904632393,1.083415322943512,0.6987335030083944,5.717274679023036,1.8563144661853697,0.29559182178761273,0.6204619695033347,2.7657833852938243,0.9195781935751439,0.18805489933884537,0.8110711037575662,2.6589388984817646,0.9314381809349176,0.03085847138102032,0.17857299837356186,2.1627845632228926,0.5163295005464114,0.766980764851879,0.5630201588204529,4.407058223253444,1.4134120141196216,2.284814904632393
298,302,5914,302,running,13.047768727685234,0.24588027881209254,13.323409110877165,7.9821414247743645,5.187174732794338,11.587037047928554,15.769637624529816,9.86361223719512,21.700388524439425,2.504131134454306,21.949256759959383,14.071659215549367,0.7779002325875418,0.33779801073528476,1.0651218022618976,0.6593036577815101,0.042789542032573014,0.4723609464611122,1.073279814091985,0.42071615821587116,0.38286276819469695,0.5854510638090941,1.850343428216539,0.7573942184448241,6.856480754622301,2.622109747033407,9.171841423322798,5.625804485326843,14.071659215549367
299,303,5915,303,running,15.891158180369732,0.2242086880713806,15.594672618427346,9.565081271061915,5.81525581245504,0.956924764196163,6.194041025459894,3.94768043575246,31.174807958276553,0.4369374445636009,30.555945730934575,18.75588730732298,0.5471230792371851,0.47838637193566874,1.1595873773882266,0.6421212559467868,1.4681711587412605,0.008366260035284566,0.9809055705180114,0.7867960816142203,0.541284822925393,0.5558586234138124,0.2823614279429119,0.4953296641242646,9.239633502000862,0.44344702536931835,9.12791895844516,5.698816002637105,18.75588730732298
300,304,5916,304,running,22.44850960424391,0.9374779869800042,21.90512898701444,13.735420833892455,9.948064498120202,0.8098537425539194,9.826596868729835,6.268486670015616,37.70365850811913,0.6036905263151441,37.65779452096848,22.854498517967407,0.5139802535374959,0.5563404703581775,1.5672432113576817,0.7415769318298058,1.611876769645794,0.4314762990216951,2.1065028454806356,1.238641796563123,0.5708433079392943,0.08781763135570377,1.1968377338696834,0.502831922491936,12.132822156934305,0.5711094427641074,12.376684027903458,7.556909445460057,22.854498517967407
