candidate_id,window_id,subject_id,activity_id,activity_name,value_0,value_1,value_2,value_3,value_4,value_5,value_6,value_7,value_8,value_9,value_10,value_11,value_12,value_13,value_14,value_15,value_16,value_17,value_18,value_19,value_20,value_21,value_22,value_23,value_24,value_25,value_26,value_27,value_28,value_29,value_30,value_31,value_32,value_33,value_34,value_35,value_36,value_37,value_38,value_39,value_40,value_41,value_42,value_43,value_44,value_45,value_46,value_47,value_48,value_49,value_50,value_51,value_52,value_53
0,5060,108,2,sitting,0.0081,0.0173,-0.0664,1.5794,0.0219,-0.0066,0.037,0.0562,-0.048,0.0004,-0.0191,0.0782,-0.0507,0.0232,0.0065,-0.0001,-0.0972,-0.5577,0.0884,0.0235,0.0002,-0.0158,-0.01,-0.001,0.0189,0.0249,0.0056,0.02,-0.0159,-0.5475,0.0236,-0.1109,0.0174,0.0227,-0.0169,0.0167,0.024,-0.6887,0.0079,-0.0195,0.0086,0.9799,-0.0237,-0.0098,-0.019,0.0163,-0.0193,-0.0176,-0.0096,-0.0078,-0.0247,-0.0161,0.0183,-0.0088
1,5061,108,2,sitting,0.0073,0.0164,-0.021,-0.0867,1.0555,0.0009,-0.0083,0.0262,-0.0002,-0.0468,-0.037,-0.0001,-0.0786,-0.0697,-0.02,0.0509,-0.0054,-0.0969,0.589,0.6082,0.5985,-0.001,-0.008,-0.024,-0.01,-0.6574,0.8893,-0.1019,0.9899,0.0235,0.0063,-0.0258,0.0,-0.0079,0.1304,-0.5796,0.0204,-0.0056,-0.0229,-0.0178,0.0072,0.1196,-0.1105,0.7587,-0.0066,0.0176,-0.0229,-0.7791,0.0257,-0.0804,0.0089,0.0092,0.0062,-0.0171
2,5062,108,2,sitting,0.0191,-0.0086,1.5892,-0.0213,0.0007,-0.0783,-0.0364,0.048,0.0693,-0.087,0.0597,-0.5467,-0.096,0.0001,-0.0156,-0.0184,0.0509,0.0206,0.0065,0.0159,0.0169,0.001,0.0207,-0.0085,-0.0187,0.0194,0.0072,0.0806,-0.559,0.5795,0.0002,0.0174,-0.0181,-0.0077,-0.0079,0.0075,-0.0,-0.0335,0.0201,-0.01,-0.0267,0.0096,-0.033,-0.0221,-0.0229,0.0226,-0.0099,0.0178,0.0258,0.0076,0.1012,0.6668,0.0088,-0.0238
3,5063,108,2,sitting,0.0055,-0.0157,0.0002,1.0791,0.0008,0.0217,0.059,0.006,-0.0856,0.0696,0.0961,-0.031,0.0434,0.01,-0.0164,0.6585,0.0505,-0.0082,-0.0348,-0.001,-0.587,-0.0272,-0.0247,-0.0067,0.0,0.0246,-0.0192,-0.7783,-0.0187,0.0001,0.0093,-0.02,0.0804,-0.008,-0.6698,-0.0194,-0.0076,0.0086,-0.0062,0.6954,-0.024,0.0168,0.0099,-0.0171,0.1019,-0.0097,0.0261,-0.0078,-0.0175,0.8872,0.0079,0.0073,0.0084,0.0189
4,5064,108,2,sitting,0.0057,-0.0173,0.037,1.5563,0.0461,-0.0004,-0.066,0.0215,-0.0783,0.0169,0.0189,-0.0562,0.0892,0.0171,-0.001,0.0054,0.0,-0.02,-0.0231,0.0979,0.7784,0.01,-0.0509,0.0002,-0.0059,-0.6891,-0.6597,-0.0086,0.0001,0.0172,-0.1194,0.5894,-0.0267,0.024,0.008,0.0099,0.0809,0.0227,0.0096,0.0078,0.0076,0.0075,-0.0187,-0.0247,0.0236,0.0249,0.0095,-0.0258,-0.0198,0.101,-0.0255,0.0082,0.0232,-0.0074
5,5065,108,2,sitting,0.0058,-0.0108,1.5583,-0.0593,-0.0364,-0.028,0.0003,-0.0772,-0.0094,0.0466,0.0968,-0.0509,0.0167,0.0059,0.0002,-0.0001,-0.0699,0.01,-0.0085,0.001,-0.02,-0.0261,0.0189,-0.0082,-0.0087,0.5781,0.977,0.0074,-0.0091,-0.0232,0.0173,-0.0244,0.0175,0.0063,0.7776,0.0071,0.0249,0.0196,0.0061,-0.0186,-0.0,0.0246,-0.0054,-0.036,0.0178,0.9869,0.0188,0.0084,0.0192,0.0062,0.0245,-0.0179,-0.0082,0.0264
6,5066,108,2,sitting,0.0083,-0.0164,1.5786,0.0224,0.0797,-0.0312,0.0578,-0.068,0.0006,-0.046,-0.0062,0.0088,0.0965,-0.0001,0.0507,-0.0872,-0.0355,-0.5468,-0.02,-0.5577,-0.0222,0.001,0.01,-0.0244,0.589,0.0002,-0.0061,0.1103,-0.0059,-0.0221,0.0246,-0.0192,-0.1012,0.7093,-0.5675,-0.0163,-0.0074,0.6782,0.9985,-0.1195,-0.0247,0.0076,0.0079,-0.0232,-0.0194,0.0187,-0.0081,-0.0073,0.1306,-0.0189,0.1002,0.0204,-0.0245,-0.0084
7,5067,108,2,sitting,0.0093,-0.0188,1.0797,0.0399,0.0005,-0.0108,0.028,0.0063,-0.0461,-0.0166,-0.0242,0.001,0.0585,0.02,-0.0058,0.01,0.0984,0.0002,0.5782,0.5583,-0.0054,0.0695,0.0,0.0064,-0.0001,0.9865,-0.0507,-0.0226,0.0247,0.0208,-0.0186,0.0096,-0.567,0.1196,0.0255,0.5978,-0.0069,0.0076,0.0267,0.0091,-0.0077,0.6094,0.689,0.1017,0.0087,-0.0081,-0.0174,0.0227,0.0071,0.0236,-0.0079,-0.0104,-0.0172,-0.034
8,5068,108,2,sitting,2.0973,-0.0164,0.0093,1.596,-0.023,-0.0313,0.0154,-0.043,0.0879,-0.0569,0.0692,0.0797,-0.0008,0.0258,-0.0001,-0.001,0.01,-0.5876,-0.0062,-0.02,-0.0061,0.0504,0.5578,-0.0199,0.778,0.0,-0.0335,0.0084,-0.0002,-0.0227,-0.0194,-0.0809,-0.0083,-0.5795,0.7589,0.0196,0.0247,0.0082,0.0252,0.0067,0.0229,0.989,0.0226,-0.0172,0.0163,0.1309,-0.1197,-0.0301,-0.0085,0.0255,0.0071,0.0165,-0.0074,0.0091
9,5069,108,2,sitting,0.0182,0.0077,-0.038,1.5561,-0.0788,0.0558,-0.0892,0.0218,0.0008,-0.0475,-0.0965,0.066,-0.0186,0.01,-0.0001,0.02,-0.0157,0.6874,0.0063,-0.5499,0.0076,-0.0059,0.0164,0.0507,0.0002,-0.0172,0.0081,0.0173,0.0067,-0.0066,-0.0196,-0.001,0.957,-0.0221,-0.0226,-0.0071,-0.0244,0.1014,0.0097,0.0089,0.0078,0.0198,0.009,0.0193,-0.0179,-0.0183,-0.0087,-0.0062,0.0231,0.0245,-0.0084,-0.0085,0.0091,-0.0104
10,5070,108,2,sitting,0.0082,-0.0103,1.5593,0.0064,-0.028,-0.0002,0.0004,-0.0058,0.0574,0.0873,0.0096,-0.0468,0.0694,-0.0503,0.001,0.0969,0.02,-0.0165,0.0088,-0.0107,0.0063,-0.01,0.0001,0.6086,0.5956,-0.0167,0.0076,-0.0077,-0.789,0.0192,0.027,-0.0099,-0.5766,0.0267,-0.5434,-0.0197,0.0269,0.0268,0.0062,-0.0081,-0.0,0.0087,0.0258,-0.0061,0.0091,0.0185,-0.0189,0.1015,-0.0244,0.0071,-0.0184,0.9568,0.0172,0.0102
11,5071,108,2,sitting,2.6593,-0.0475,0.0182,1.6691,0.0094,0.0692,0.078,0.0597,-0.0081,0.0962,-0.037,-0.0876,0.0211,0.0003,0.0804,0.01,0.0238,-0.0001,0.0184,0.1018,-0.0054,0.0002,-0.0505,0.5977,-0.0063,0.0058,0.0086,-0.5567,-0.0069,0.0073,0.6088,0.0,-0.001,-0.1304,-0.0172,0.0168,-0.0089,-0.0064,0.999,0.0061,-0.0096,-0.0087,0.0074,-0.02,-0.0157,0.0195,-0.0079,0.0065,0.0185,-0.0183,-0.0235,-0.1198,0.0178,0.0048
12,5072,108,2,sitting,0.0191,-0.0093,0.0006,1.5579,0.021,0.0467,-0.0106,0.0001,-0.0558,0.0313,0.0796,0.0974,0.001,0.0201,-0.0002,-0.0857,-0.6468,-0.0182,0.0062,0.01,-0.0166,0.0807,0.0504,-0.0204,0.0,-0.0084,-0.0065,-0.7788,-0.0171,-0.0056,0.597,0.02,0.0206,0.006,-0.0061,0.0081,0.0198,0.759,0.8976,-0.008,0.0185,0.0249,0.0092,0.0202,-0.1306,-0.0154,-0.1011,-0.0187,0.0069,0.0097,0.0195,0.0199,0.0073,0.0063
13,5073,108,2,sitting,0.0104,-0.0055,0.0006,1.589,-0.0592,0.0002,0.028,0.0983,-0.0891,0.0001,0.0317,0.0699,-0.0793,0.0076,-0.01,-0.0507,0.5789,-0.0196,-0.001,0.1194,-0.0065,-0.6682,-0.1014,-0.6881,-0.5967,0.0163,0.0184,-0.006,-0.1107,-0.0222,-0.0088,-0.0335,-0.0087,0.0179,0.0255,-0.0228,0.0255,0.0056,-0.5464,-0.0228,0.0235,0.017,0.0,0.02,-0.0561,0.0236,0.0178,-0.0085,0.0098,-0.0227,0.0095,0.0062,0.0072,0.9475
14,5074,108,2,sitting,0.0082,-0.0157,0.0003,1.0562,0.001,0.0467,-0.037,-0.023,-0.0081,-0.0058,0.01,0.0002,-0.0064,-0.0059,0.0001,-0.02,-0.0187,-0.0699,0.0194,-0.0055,0.9765,-0.006,-0.0796,0.0255,0.0876,-0.0085,0.0,0.0249,-0.0979,-0.0093,0.8077,0.0091,0.6873,0.0238,-0.0244,0.0195,0.0188,0.009,-0.0507,-0.0237,0.0075,0.0061,-0.0186,0.0266,0.0258,0.0083,0.0232,-0.0238,-0.0054,0.0245,-0.0204,-0.0166,0.0169,-0.0267
15,5075,108,2,sitting,0.0162,0.0006,-0.0079,1.0312,-0.0574,0.026,-0.0469,0.0199,0.0955,0.0093,0.0064,0.067,-0.0897,0.02,-0.0335,0.0792,0.0809,0.6787,-0.6885,0.0059,0.0198,0.0182,0.0063,-0.0066,0.0002,0.001,-0.0227,0.5856,0.01,-0.658,-0.7778,0.0505,0.0235,0.8988,-0.0157,-0.0191,-0.0226,-0.0001,0.101,-0.0227,0.0226,0.0194,0.0206,-0.0172,0.0176,0.0161,0.0,0.019,-0.1306,-0.0083,-0.0244,-0.0595,0.0086,-0.0096
16,5076,108,2,sitting,0.0,0.0106,-0.0082,-0.0974,1.0375,-0.0466,0.0562,0.0784,0.0212,-0.0006,-0.546,-0.0859,-0.0258,0.0002,-0.5797,0.0504,-0.01,0.001,-0.5567,-0.5873,-0.0096,-0.0001,0.0171,-0.0085,0.0163,0.02,0.1012,0.0086,-0.0061,-0.697,0.1304,0.0099,-0.0,0.0079,0.0192,-0.0235,0.0267,0.0238,0.0065,0.0193,-0.0072,-0.0232,0.009,0.6883,-0.0081,-0.0056,0.0236,-0.018,0.7798,0.8964,0.0178,-0.1196,0.0194,-0.0088
17,5077,108,2,sitting,0.0185,-0.0065,0.048,1.0908,-0.0595,0.0375,0.0692,0.0007,-0.001,-0.0064,0.077,0.026,0.5586,0.0063,-0.0184,0.0002,-0.02,-0.01,-0.5793,-0.0,-0.0244,0.6874,-0.5887,0.0076,-0.5978,-0.0082,0.0001,0.0804,0.0172,-0.0507,0.0181,0.0056,0.0247,0.0091,-0.1309,0.0242,-0.0067,0.0236,-0.0171,0.5432,-0.0169,-0.0189,-0.0173,0.0267,0.0197,0.1012,-0.1103,-0.0399,0.0239,0.0079,-0.019,-0.0206,-0.0208,0.0083
18,5078,108,2,sitting,0.0076,0.0108,-0.0466,0.0002,-0.0004,-0.0793,1.5789,0.0195,-0.0561,-0.028,-0.001,0.0079,0.036,0.0196,-0.067,-0.5567,0.0084,0.0169,-0.0,0.0204,0.0503,-0.6587,0.0158,0.01,0.0073,-0.02,-0.0962,-0.649,0.0056,0.7781,0.0258,-0.0097,-0.5974,0.0188,-0.0238,-0.0001,0.1019,0.0283,0.9891,0.0163,0.0239,0.0082,0.0235,0.5445,-0.6875,0.0092,0.0235,-0.0085,-0.0183,-0.0171,-0.0094,0.9986,0.0247,-0.0088
19,5079,108,2,sitting,0.0064,-0.0103,-0.021,1.4408,-0.0574,-0.0783,0.0007,0.0466,0.0002,-0.0876,0.0986,-0.0095,0.069,-0.5571,0.0056,-0.0092,-0.0244,-0.0163,0.001,-0.01,-0.0247,0.5869,0.008,0.02,0.0809,-0.5784,-0.0001,-0.547,-0.5967,0.0204,-0.1105,0.0,0.0087,-0.0091,-0.0247,0.0261,0.0075,0.0072,-0.0181,0.9968,0.0078,0.7798,0.0094,0.0096,0.8885,0.0165,-0.0189,-0.006,0.0161,0.9762,-0.0073,-0.1305,-0.1019,0.0266
20,5080,108,2,sitting,0.0058,0.0195,-0.036,0.0577,1.6598,0.0699,0.0979,-0.0286,-0.0889,-0.0174,-0.0783,0.0505,-0.0434,-0.026,-0.0001,-0.0002,0.0227,-0.0005,-0.5569,-0.01,-0.5971,-0.0208,-0.0154,-0.0162,-0.5792,-0.001,-0.6484,0.024,0.0572,-0.1306,0.0267,-0.0085,0.1003,0.101,0.9767,-0.0063,0.0066,0.0226,0.0091,0.0182,-0.0,-0.0337,0.0238,-0.0181,-0.017,-0.0076,0.0246,-0.0093,0.0804,-0.0175,0.0247,-0.0094,-0.0196,0.0073
21,5081,108,2,sitting,-0.0155,0.0086,1.0695,0.046,-0.037,0.0224,0.0764,0.0862,-0.0561,0.01,0.0504,0.0167,-0.0006,0.0958,0.027,0.0001,-0.0221,-0.5475,0.0066,-0.0002,0.0085,-0.0806,0.1107,0.0,-0.0165,0.1124,0.0163,0.5793,0.7778,0.0226,0.1015,-0.009,0.0192,0.0261,0.9799,-0.0277,0.598,0.119,0.6883,0.0087,-0.0071,0.001,-0.6982,0.0235,0.1306,-0.0227,-0.0174,-0.0276,0.0198,-0.0584,0.0073,0.0235,-0.0079,-0.0076
22,5082,108,2,sitting,0.0173,-0.0059,1.0464,0.037,-0.068,-0.079,0.0554,0.0981,0.0856,0.026,0.0086,0.0162,0.0007,0.001,0.01,0.0508,0.5797,-0.0002,0.1014,-0.6877,0.6789,-0.0208,-0.5566,0.0163,-0.0088,-0.024,0.0083,0.0099,-0.0245,-0.6593,0.0194,-0.0092,-0.0001,-0.0221,-0.0169,0.5876,-0.0,-0.0087,0.0072,-0.0191,0.0171,0.0175,0.0185,0.0084,-0.02,-0.0195,0.0174,0.0161,-0.0196,-0.0198,0.0244,0.0178,0.0047,0.0119
23,5083,108,2,sitting,0.0185,-0.0057,0.037,-0.0187,1.0769,-0.0986,0.059,-0.046,0.025,-0.0895,0.0699,-0.5873,-0.0008,-0.0803,0.119,0.0258,0.0002,0.001,-0.0194,0.0001,0.0077,0.0182,-0.0354,-0.0091,-0.0,0.0204,0.0174,0.0508,0.0167,0.02,-0.6492,-0.1019,0.0062,-0.0171,0.5954,-0.0165,-0.0061,0.0257,-0.5568,0.0245,-0.008,-0.01,0.0247,0.0088,0.0189,0.7584,-0.0163,0.0079,-0.0072,-0.0198,0.0097,0.0228,-0.0093,0.0056
24,5084,108,2,sitting,0.0164,-0.0083,0.038,1.0693,-0.046,-0.059,0.0797,0.0109,-0.0108,0.021,-0.0003,0.0002,-0.0509,0.0066,-0.01,-0.0072,-0.0001,-0.5475,-0.0055,-0.0,0.001,0.02,-0.0081,0.0065,-0.0238,-0.6861,-0.0085,0.0079,0.0249,-0.0174,0.0067,0.0092,-0.0057,-0.0182,0.0227,-0.0259,0.0095,0.0255,0.024,0.0171,0.0058,0.0176,0.0073,-0.5617,0.0246,-0.0253,0.0196,-0.0187,-0.5978,0.0177,0.0188,0.0062,0.0069,0.947
25,5085,108,2,sitting,0.0055,0.0107,-0.0558,1.0467,0.033,-0.0001,-0.026,0.0006,-0.0664,0.0094,0.0895,-0.0986,-0.0184,-0.0002,-0.0057,0.02,0.0081,0.598,0.0162,-0.0061,0.001,0.0204,-0.0207,0.0,0.0082,0.8965,0.0056,-0.0074,0.0506,0.0261,-0.0229,-0.0092,0.0262,0.0227,0.0087,0.01,-0.0096,-0.6972,0.0163,0.0088,-0.7798,0.0173,0.0154,0.0068,0.9966,0.0191,0.9375,0.7983,0.9037,-0.007,0.0266,0.0076,0.0238,-0.0226
26,5086,108,2,sitting,0.0079,0.0188,-0.036,1.068,-0.0585,-0.043,0.0908,-0.0212,-0.0002,0.0004,0.0781,-0.0001,0.001,0.0,-0.5968,0.0064,0.0067,0.0509,0.01,-0.5866,0.02,0.1107,0.0061,0.1304,0.5784,-0.0169,-0.0189,-0.0261,0.6598,0.7087,-0.0182,0.0078,0.0173,-0.7574,-0.0072,0.0266,-0.0062,-0.0093,0.0268,0.0097,0.0156,-0.0092,-0.5499,0.0071,0.0163,0.027,-0.0235,-0.0316,0.0183,0.0194,0.0155,0.0096,-0.0238,0.024
27,5087,108,2,sitting,0.0081,0.0103,-0.0008,1.0559,0.0001,0.0214,-0.0466,0.0875,-0.0974,-0.069,0.0793,0.001,-0.0076,0.0161,0.0002,0.02,0.01,0.0209,-0.0238,-0.0235,0.5584,-0.586,-0.0504,0.1017,-0.5795,-0.7798,0.0226,0.0206,0.0079,-0.1308,-0.1197,0.0154,-0.6956,0.0192,-0.0086,0.0191,0.0068,0.0227,-0.6562,-0.0197,-0.0071,-0.0236,-0.018,-0.6463,-0.0227,0.9988,0.0072,-0.0189,-0.0067,0.0178,-0.0082,0.0,0.0094,0.0096
28,5088,108,2,sitting,0.0165,-0.0058,0.037,0.023,0.0695,1.5464,-0.0578,0.0469,-0.0001,0.0897,0.0967,-0.0504,0.0003,-0.0782,0.0204,0.5974,-0.001,0.0173,0.5784,-0.008,0.0096,0.024,0.1015,0.0255,0.0,0.0221,0.0002,-0.01,0.0072,-0.0246,0.1194,-0.0244,0.0086,-0.0199,0.0187,-0.1309,0.0192,-0.1108,0.5566,-0.7761,-0.0222,0.0094,0.0081,0.0229,-0.6076,-0.0223,0.0175,-0.0258,-0.0089,0.0227,-0.0062,0.0093,-0.0091,0.0098
29,5089,108,2,sitting,0.0191,-0.008,0.0399,1.579,-0.026,-0.0475,-0.0782,-0.0574,0.067,0.0063,-0.0984,0.0898,0.0067,-0.0005,0.02,0.0221,0.0,0.0262,-0.5966,-0.0088,0.0061,0.0507,-0.001,0.0164,0.0085,-0.01,-0.0002,-0.5581,0.0204,-0.5883,-0.0093,0.0001,-0.0079,-0.0095,-0.5469,0.6876,0.0162,-0.6586,0.0073,0.0263,-0.0192,0.0078,-0.0156,-0.0194,0.0239,-0.0226,-0.0226,-0.0267,0.0072,0.0196,0.0227,-0.9745,0.7771,0.0187
30,5090,108,2,sitting,0.0104,-0.0064,1.5561,-0.0577,-0.0224,-0.0006,-0.067,0.006,0.0375,0.0058,-0.0001,-0.0262,-0.001,-0.0261,0.0891,-0.0063,-0.0774,-0.01,0.0257,0.0073,0.0067,0.0054,-0.0505,0.0971,0.0002,0.008,0.0,-0.0093,0.0255,0.0197,-0.0245,0.0156,0.6876,0.6966,0.9699,-0.0057,0.0189,0.5962,-0.7978,0.02,0.0182,-0.0085,-0.0088,0.0065,0.1015,0.0072,0.0094,-0.0092,-0.0081,0.0184,-0.0086,-0.0263,-0.0266,0.0198
31,5091,108,2,sitting,0.0057,-0.0159,0.046,1.5564,-0.0577,-0.0976,0.0314,-0.0212,0.0783,0.0209,-0.0006,-0.089,0.0262,-0.0694,-0.0088,-0.0226,-0.0171,-0.01,0.0261,-0.0058,0.0001,-0.0506,-0.0002,0.001,-0.1019,0.1305,-0.0,-0.0192,-0.0065,0.0195,-0.5675,-0.024,-0.0087,0.0085,0.6882,-0.0227,-0.6681,0.0229,0.0172,0.02,-0.0246,0.008,-0.0074,-0.0803,0.0161,0.9879,-0.0078,-0.0226,0.0189,0.0196,0.9997,-0.0073,0.0067,-0.0184
32,5092,108,2,sitting,0.0,-0.0082,0.0007,1.5783,0.0109,-0.0788,0.036,0.0002,-0.0695,0.001,-0.0209,0.023,-0.089,-0.0574,-0.0184,0.0461,-0.597,0.6768,-0.0076,0.5856,0.0099,-0.6489,0.01,-0.0065,-0.5578,-0.0504,-0.02,-0.0187,-0.0172,0.0001,-0.0094,-0.0185,0.0,0.9766,-0.0177,-0.0235,0.008,-0.0071,-0.0093,-0.0073,0.0054,-0.0079,-0.0231,-0.0162,0.0086,0.101,-0.0169,0.024,0.0241,-0.0096,0.0247,-0.0228,-0.0198,-0.0081
33,5093,108,2,sitting,0.0103,-0.008,-0.0696,1.0971,-0.0874,-0.0009,-0.0002,-0.0594,-0.0219,-0.0799,-0.0155,0.0091,-0.046,-0.0054,-0.6581,0.0001,-0.5866,0.0206,0.001,-0.679,0.0195,-0.6864,0.0232,-0.01,0.0161,0.0182,0.0084,-0.0,0.5977,-0.0504,-0.0173,-0.0229,-0.0097,-0.0086,-0.0204,0.9857,0.02,0.0187,0.0075,-0.0221,-0.7085,-0.0192,0.0069,-0.0328,0.0233,-0.0176,-0.0162,-0.0056,-0.0189,0.0072,0.0235,0.0063,0.0079,-0.0088
34,5094,108,2,sitting,0.0058,-0.0173,0.0322,1.069,0.0007,0.0055,-0.0211,-0.0907,0.0591,-0.0871,0.0002,0.0001,-0.047,-0.001,0.0261,0.0064,-0.0062,-0.0167,0.01,-0.6968,-0.0082,0.9799,-0.0231,-0.6584,0.02,0.0193,0.7785,0.0088,0.0079,0.0,0.7595,-0.006,0.0156,0.0159,0.9878,0.8972,0.0505,0.0163,0.0057,-0.0245,-0.0187,-0.0092,0.0161,-0.8074,-0.0154,-0.0176,-0.0042,0.0166,-0.0181,-0.0186,-0.0196,0.0183,0.0101,-0.0053
35,5095,108,2,sitting,0.0104,-0.0058,0.0871,0.0399,1.5593,0.0009,0.0577,0.0983,0.066,-0.0798,0.026,0.0505,-0.0064,0.001,-0.1309,-0.0001,-0.0079,0.6574,0.0172,0.0204,-0.019,0.0244,-0.0002,0.0247,0.0235,-0.0206,-0.0207,-0.5786,0.0232,-0.5968,-0.017,0.0067,-0.6681,0.0154,0.0208,-0.0255,-0.0088,-0.0244,0.0087,0.0094,0.7569,-0.0197,0.0209,-0.038,0.0176,0.0062,-0.0061,-0.02,-0.01,0.0227,0.024,0.0096,0.0239,0.0191
36,5096,108,2,sitting,0.0191,-0.0065,0.0224,1.5577,0.0082,-0.043,-0.0893,-0.0979,-0.037,-0.0006,0.0778,0.0002,-0.0557,-0.001,0.01,-0.5854,-0.0167,-0.0001,-0.0163,0.0056,-0.0675,-0.5985,0.008,0.6984,-0.6695,0.0173,-0.0506,-0.6498,-0.6089,-0.0081,0.0188,0.0068,0.0097,0.0062,-0.019,0.02,0.0,-0.0201,-0.0072,0.0099,0.0092,0.0087,0.7415,-0.0071,-0.0267,0.946,0.0261,0.0244,-0.0161,-0.0083,0.0186,-0.0107,0.0239,0.0247
37,5097,108,2,sitting,0.0073,-0.0158,0.028,1.5971,0.0004,-0.031,-0.04,-0.0002,-0.0775,0.0556,-0.0874,-0.0962,0.067,-0.0208,0.01,0.001,-0.5567,0.0081,0.0505,0.024,-0.0001,0.1107,-0.5465,0.1196,0.0157,-0.0082,0.0247,0.0195,0.006,-0.1309,0.9893,0.6963,0.1009,-0.0245,-0.0803,-0.0066,0.0232,-0.0196,-0.0161,-0.0083,-0.0084,0.6894,-0.0235,-0.0176,-0.0192,-0.0064,-0.0088,0.0187,-0.0227,0.0227,0.0185,-0.0077,0.0,-0.0079
38,5098,108,2,sitting,0.0081,-0.0173,1.5794,-0.047,0.028,-0.0004,0.0093,-0.0399,0.0775,0.0561,0.0871,0.069,0.0208,0.001,-0.024,-0.5583,0.0272,0.0959,-0.0505,0.0077,0.0064,-0.0062,-0.5867,-0.0172,0.0,-0.01,0.0182,-0.5445,-0.0166,0.0056,-0.0227,0.0002,-0.02,0.6591,0.1019,-0.0096,-0.0001,0.0087,0.6068,-0.0063,-0.0092,0.8897,0.1195,-0.0085,-0.0076,0.0169,0.0078,-0.0086,-0.0036,-0.0179,-0.0245,-0.0102,-0.0184,0.0803
39,5099,108,2,sitting,0.0073,-0.0102,1.0867,-0.0375,-0.0693,0.0003,-0.0206,0.0463,-0.0561,0.0971,0.0769,0.5565,0.01,0.0001,-0.0081,0.1012,-0.001,0.0247,-0.0503,-0.0162,-0.024,-0.0,0.0159,0.0806,0.777,0.0094,0.5787,0.0074,-0.0002,0.0079,0.0241,0.0249,-0.0168,0.8858,0.0232,-0.008,0.0252,0.7866,-0.6492,-0.016,-0.02,0.0238,0.0097,-0.0154,0.0091,-0.019,0.0072,0.0196,0.9895,-0.0189,-0.0083,0.0186,-0.0227,-0.0247
40,5100,108,2,sitting,0.0057,-0.0164,0.0006,1.5895,0.0375,-0.0214,0.0965,0.046,-0.0189,-0.0873,-0.0562,0.077,-0.001,0.0692,0.0188,-0.0348,0.0209,0.0002,-0.0056,0.0,-0.0276,-0.0079,0.02,0.0503,-0.0244,-0.0001,-0.5584,-0.01,0.0171,0.0067,0.5974,-0.5469,0.0163,0.9997,0.0093,0.778,0.0072,-0.0267,-0.0082,-0.0061,-0.009,0.9638,0.8766,-0.6881,0.0239,0.1015,-0.0085,0.0227,-0.0176,-0.0267,-0.0227,0.0091,-0.0194,0.0098
41,5101,108,2,sitting,0.0072,-0.0007,0.026,-0.0467,1.5968,0.0563,-0.0002,0.0399,0.0244,0.0696,-0.0885,0.0956,0.024,-0.079,-0.001,-0.029,-0.0001,-0.0157,0.0,-0.01,0.007,-0.0204,0.5571,-0.7793,-0.0809,0.5892,0.008,-0.0246,-0.0209,-0.0505,-0.0087,-0.0079,0.0162,-0.0088,-0.0222,-0.0176,-0.0247,-0.0173,0.02,0.0245,0.0097,0.1015,-0.0166,-0.0074,0.0054,-0.6591,0.0061,0.9895,-0.0175,-0.0228,0.0082,0.0086,-0.0181,-0.0083
42,5102,108,2,sitting,0.0063,-0.0108,0.069,1.038,-0.0594,-0.0773,0.0959,0.046,-0.0215,0.0004,-0.5892,0.1305,-0.6493,0.0206,0.0084,-0.0002,-0.6776,-0.6581,-0.0507,-0.02,-0.0095,-0.0001,-0.0267,-0.0088,0.0185,-0.029,0.01,-0.0087,-0.5568,0.001,-0.5791,-0.1012,0.1192,-0.0077,-0.0082,-0.0156,-0.0096,0.0238,0.0062,0.757,0.7978,-0.0054,-0.0066,-0.0,0.0099,-0.0174,0.0189,0.0169,-0.0072,0.0197,0.0071,-0.0161,-0.0098,0.0229
43,5103,108,2,sitting,0.0065,-0.0107,0.059,1.5568,0.037,-0.0095,-0.0466,-0.0005,-0.0877,-0.0211,-0.0699,-0.0226,0.0002,-0.001,0.5969,0.0161,-0.5475,0.0193,-0.0985,-0.0206,0.0171,-0.0809,0.0076,0.01,0.0001,0.0094,0.02,0.0064,-0.586,-0.0509,0.0088,-0.0078,-0.0222,-0.1019,-0.0096,0.0235,0.0157,-0.0084,-0.0081,-0.0174,-0.0089,-0.0092,-0.0056,-0.0163,-0.9767,-0.0083,0.7962,0.0204,-0.0073,-0.0221,-0.008,0.0,0.0087,-0.0172
44,5104,108,2,sitting,0.0,-0.0055,0.023,-0.0167,-0.0004,1.0563,0.0469,0.038,-0.0091,0.0772,0.0002,0.0001,-0.0883,-0.0696,0.0189,0.006,0.0187,-0.0979,-0.5985,0.0188,-0.5899,-0.0094,0.01,0.0182,0.659,-0.5464,0.0201,-0.0081,0.001,0.0192,0.0,-0.6878,0.5793,0.0208,-0.0156,0.9875,0.7071,0.0076,-0.0062,-0.02,0.0195,0.0061,-0.0073,0.7774,-0.0509,0.0066,-0.0221,-0.0238,-0.0229,-0.0062,0.0114,0.0204,-0.0086,0.0084
45,5105,108,2,sitting,3.0891,-0.0079,0.0107,1.0572,0.0211,-0.038,-0.0973,-0.0467,-0.0008,-0.0504,0.067,-0.6595,0.0001,-0.001,-0.0159,-0.5571,0.0002,-0.6883,0.01,-0.1305,-0.0807,-0.0174,0.02,0.0258,0.989,-0.0085,-0.5878,-0.0092,-0.0267,-0.0246,-0.119,-0.0087,0.0082,0.0086,0.0054,0.0164,0.9993,-0.0177,-0.7576,-0.0,-0.0189,0.0257,0.0081,0.0084,0.006,0.0263,0.0188,-0.5796,-0.0156,-0.0162,-0.6663,0.0169,-0.0266,0.0097
46,5106,108,2,sitting,0.0073,0.0188,-0.0787,1.0469,0.037,0.0211,-0.0006,0.0002,0.0001,0.066,0.0981,0.0577,-0.578,-0.089,-0.01,-0.5883,-0.001,-0.0072,-0.6486,-0.5963,0.0061,0.0803,-0.0174,0.6768,0.5562,-0.0267,0.0509,0.0079,-0.6578,0.0154,-0.1305,0.1011,0.0258,0.0238,0.0096,-0.1194,0.0255,0.02,0.9856,-0.0184,-0.0071,-0.0287,-0.0095,-0.0166,-0.0175,0.0091,0.0189,0.0097,0.0094,0.0076,-0.0255,-0.0093,-0.0246,0.9982
47,5107,108,2,sitting,0.0076,-0.0105,0.0364,-0.0002,-0.0006,-0.0692,0.078,1.04,0.0224,-0.0221,0.0891,-0.001,-0.0157,-0.0001,0.0962,-0.0505,-0.0235,-0.0809,-0.5574,-0.01,0.6079,0.6856,-0.02,-0.0077,-0.6781,-0.6978,-0.587,-0.5984,0.7595,-0.0197,0.0,-0.5465,-0.0227,-0.0222,-0.1505,-0.2169,0.0163,-0.0172,0.009,-0.0246,0.0232,-0.0187,-0.0083,0.0237,-0.0099,0.0086,0.0066,-0.0173,-0.0096,-0.0161,-0.0194,-0.0221,0.0088,0.0089
48,5108,108,2,sitting,0.0083,-0.0107,0.0462,1.0572,-0.0001,-0.0006,0.0063,0.0157,-0.036,0.01,0.023,0.0,0.02,0.0167,-0.0971,0.0002,-0.0859,0.001,0.0076,-0.0208,0.0094,-0.0054,0.9897,-0.0699,0.0055,0.0156,-0.5873,0.8088,0.0082,-0.0508,-0.6965,0.0189,-0.0093,-0.6495,0.0185,0.0074,0.8766,0.0061,0.0178,-0.0191,-0.0086,-0.7781,-0.0084,0.017,-0.0206,0.0079,-0.0223,0.0068,0.0024,0.0075,0.0192,0.0204,0.0238,-0.0052
49,5109,108,2,sitting,0.0082,-0.0109,1.0468,-0.0006,0.021,0.0561,0.0002,-0.0207,-0.0872,-0.077,0.0058,-0.0364,0.0507,0.0695,0.0206,0.001,-0.0084,0.0258,-0.5579,-0.0001,0.02,-0.0065,-0.0173,-0.029,-0.024,-0.006,-0.01,-0.5783,-0.0255,0.0232,0.1017,-0.0171,0.0266,-0.0063,-0.0176,0.9769,0.0809,-0.0091,-0.0187,0.0077,0.0094,-0.5988,0.009,0.0166,-0.0099,-0.0078,0.988,0.7593,-0.0167,-0.0185,0.0089,0.0204,0.0202,0.8617
50,5110,108,2,sitting,0.0077,-0.0171,1.5569,0.0872,0.078,-0.036,-0.0562,0.0468,0.0985,-0.0218,0.0003,0.0693,0.589,-0.0161,0.01,0.0154,-0.0001,-0.0,-0.0206,0.001,-0.0246,-0.0096,0.0806,-0.5966,-0.0164,0.0081,0.0076,0.0002,0.1196,0.6788,-0.0267,0.024,-0.5775,-0.0092,0.0266,0.0187,-0.0227,-0.0503,0.9897,-0.1304,0.1019,-0.0184,0.0063,0.0267,0.7094,0.0083,-0.0086,-0.6599,0.0079,-0.0056,-0.0195,0.0173,-0.0103,0.0091
51,5111,108,2,sitting,0.0104,0.0083,-0.0907,-0.0891,1.057,0.0364,0.0006,-0.0697,-0.0505,0.01,0.0215,0.001,0.0165,-0.6786,0.0054,-0.0002,-0.5794,-0.0,-0.0181,-0.008,-0.02,-0.0161,0.5579,-0.6971,0.0201,0.0001,0.0093,0.0062,0.0068,0.5885,0.7796,0.6087,-0.0172,0.0078,0.0073,-0.0199,-0.0156,-0.0227,0.0095,-0.0066,-0.0188,-0.0089,-0.0063,0.0239,0.019,-0.0092,0.0229,-0.0059,0.9874,-0.0075,-0.0804,-0.0176,0.0084,-0.0106
52,5112,108,2,sitting,0.0055,-0.0104,0.028,1.6063,-0.0375,0.0054,0.0001,0.001,-0.0077,0.0699,-0.0008,0.027,-0.0166,-0.0895,-0.0579,-0.0965,-0.01,-0.0002,0.0767,-0.0158,-0.0073,-0.0157,0.7097,0.5978,0.0,0.0247,0.029,0.0292,-0.0084,0.0505,0.1199,-0.0277,-0.6496,0.1004,-0.0074,-0.0088,0.024,-0.0227,0.0189,0.0161,-0.689,0.0185,0.02,0.0245,0.6986,0.0803,0.1304,-0.0162,-0.0156,0.0235,0.9892,-0.0076,0.0204,-0.0194
53,5113,108,2,sitting,0.0164,0.0073,-0.0003,0.026,0.0002,0.0594,1.5566,-0.0158,0.038,-0.0467,0.0772,0.001,-0.0895,-0.0699,0.0969,-0.0186,-0.024,-0.0161,0.0076,0.0093,-0.659,0.01,0.0504,0.9788,0.5792,0.0079,-0.0063,-0.0001,0.0,0.0082,0.0226,-0.547,0.1194,-0.0081,-0.0056,-0.0232,-0.6883,0.0074,0.9862,0.0204,-0.1018,-0.0075,0.0096,0.8959,-0.0255,0.0187,0.0191,0.02,0.0177,-0.0235,-0.0085,-0.0078,-0.0184,0.0238
54,5114,108,2,sitting,0.0,-0.0162,0.0082,1.5798,-0.0597,0.0006,-0.0475,0.0001,0.0224,-0.0767,-0.038,0.01,0.0896,0.0655,-0.0258,0.0959,0.0,-0.0002,-0.0506,0.0072,-0.0091,0.0261,-0.0267,0.0235,-0.0804,0.0066,-0.0054,0.0064,-0.6883,0.0184,0.0077,0.0092,0.001,-0.0174,0.0173,0.7965,0.956,-0.0056,0.0161,0.5887,0.0069,-0.0085,0.0232,0.0176,0.1012,-0.009,0.0093,-0.0178,0.8894,0.0163,0.8629,-0.0099,-0.017,-0.1309
55,5115,108,2,sitting,0.008,-0.0102,0.0364,1.5568,0.0562,0.046,0.0985,0.0693,0.0009,-0.089,-0.0073,-0.0506,0.0002,0.0167,0.0187,-0.0355,0.001,0.0789,0.0001,-0.0094,0.5966,0.0208,-0.5699,0.0267,0.577,-0.1306,-0.0077,-0.0061,-0.0065,0.0169,0.0268,0.0174,-0.0175,-0.0197,0.027,-0.024,0.5884,-0.0082,0.0198,0.8854,-0.0255,-0.0176,-0.0179,-0.0071,-0.01,-0.0,0.0096,0.0192,0.0232,0.0258,-0.0191,-0.0183,0.0063,-0.0095
56,5116,108,2,sitting,0.0164,-0.0091,1.0872,0.0006,-0.023,-0.0463,-0.0695,0.0375,-0.0001,0.0783,-0.0054,-0.01,-0.5562,-0.001,0.056,-0.0056,0.0227,-0.0002,0.0076,-0.029,0.0073,-0.0,-0.0084,0.02,-0.6786,0.0246,0.0968,0.0079,0.0509,0.0161,0.9766,0.5957,-0.0088,-0.0249,-0.7081,0.0099,0.0258,0.0238,0.7769,0.0093,0.0078,-0.0065,0.9858,0.0245,-0.1308,0.009,0.0196,-0.0185,-0.0194,-0.0174,0.0092,-0.8082,0.0071,-0.0123
57,5117,108,2,sitting,0.0064,-0.0106,0.0465,0.0574,1.0789,-0.0962,-0.0009,0.023,-0.0375,0.0262,0.0872,-0.0095,-0.5966,-0.0001,-0.0067,-0.5785,-0.0191,0.0068,0.001,-0.5577,0.0002,0.0184,0.0197,-0.0082,0.01,0.0171,-0.566,0.02,0.0504,-0.0804,0.0096,0.8076,0.6987,0.019,0.0199,-0.5854,-0.0198,0.0178,0.007,-0.0201,0.0,0.0173,-0.0257,0.0183,0.0079,-0.1015,-0.0081,0.0061,-0.0106,-0.0188,-0.0163,0.0238,-0.0093,-0.0227
58,5118,108,2,sitting,0.0104,-0.0083,-0.0009,1.5867,-0.0174,0.026,-0.0557,0.0375,-0.0204,-0.0797,0.0856,0.0002,-0.0664,-0.02,-0.0977,0.01,0.0804,0.0509,-0.0001,0.0165,0.0055,0.001,-0.0172,0.119,-0.542,0.0073,0.1003,-0.0082,-0.7095,0.0,0.101,0.0186,0.0081,0.1309,0.6861,0.0207,0.0191,0.8969,0.7859,-0.0063,0.8079,-0.1126,-0.0227,-0.0206,-0.1503,0.0096,0.9862,0.1109,-0.6685,-0.0188,0.019,0.0193,-0.0099,0.0224
59,5119,108,2,sitting,0.0082,-0.0102,0.0004,1.5967,-0.0655,-0.0858,0.0057,0.038,0.0461,0.0261,-0.077,-0.0554,-0.0001,-0.0002,0.024,-0.0981,-0.0807,0.0,-0.0208,-0.0162,0.0065,-0.0093,0.0172,0.001,0.649,-0.0184,-0.0197,0.006,0.0096,-0.0071,-0.02,0.0087,-0.6677,-0.01,-0.0245,-0.0063,0.0194,0.0506,-0.0178,-0.0179,-0.0255,0.9973,0.0076,-0.1019,-0.0083,0.0086,0.0068,-0.0091,0.0092,0.0069,0.7598,-0.563,-0.0058,0.0195
60,5120,108,2,sitting,0.0058,-0.0191,1.5565,-0.0006,0.023,-0.0594,-0.038,-0.0206,0.0692,0.0001,-0.01,-0.0775,-0.0173,0.0874,-0.04,0.097,-0.5962,-0.0064,0.1107,0.0506,0.0056,0.1309,0.6077,-0.0244,0.02,-0.0061,-0.0087,0.0186,0.0167,-0.6984,-0.0222,-0.0002,-0.6671,0.0244,-0.1019,0.001,0.0157,0.0193,0.0238,-0.0597,-0.6879,-0.0088,-0.546,0.0809,-0.0235,0.0185,0.0246,0.9895,0.0172,-0.0199,0.0,0.0081,-0.0082,0.0229
61,5121,108,2,sitting,3.0573,0.008,-0.0102,1.5856,-0.0464,-0.0004,0.0879,-0.036,-0.0967,-0.0055,-0.0507,-0.0054,-0.0201,0.0796,-0.0083,-0.5976,-0.0693,0.0087,-0.024,-0.0066,0.0002,0.0086,0.0084,-0.001,-0.0258,-0.0182,-0.01,0.9765,-0.02,0.0249,-0.0238,-0.0001,0.9988,0.0198,-0.0057,-0.0168,-0.7785,-0.0,-0.0232,0.0244,-0.0061,-0.6974,-0.7894,0.0091,0.0195,0.0171,-0.0175,0.0162,0.0181,0.0204,0.017,0.009,-0.0089,-0.0227
62,5122,108,2,sitting,0.0066,-0.0104,0.0005,-0.036,1.5857,0.0664,-0.0965,0.0213,-0.0874,-0.078,0.0589,0.0086,0.0509,0.0001,0.1019,0.001,0.01,0.0155,0.6879,-0.0156,0.0187,0.0,-0.0173,0.0082,0.0244,-0.5976,-0.0002,-0.0184,-0.0072,-0.1306,-0.0081,-0.02,-0.0229,-0.0266,-0.0192,-0.0226,0.0246,0.0235,-0.6978,-0.0061,-0.0191,0.0196,0.0075,0.9998,0.0067,0.0077,0.0154,-0.0194,-0.0163,0.0247,-0.0162,-0.0232,0.0085,0.957
63,5123,108,2,sitting,0.0064,-0.0157,0.0008,1.5562,0.0468,-0.038,-0.0569,0.026,0.0001,0.0861,-0.01,-0.02,0.0232,-0.0093,0.0781,-0.0238,-0.0692,-0.0,0.0977,0.0054,0.0002,0.0227,-0.0158,-0.6791,-0.0074,-0.0267,0.0505,0.0165,0.0173,-0.0185,0.024,0.001,0.8971,0.7066,0.0083,-0.0194,-0.0082,0.0809,-0.0059,-0.0255,-0.0163,-0.0172,0.0078,0.0076,0.0087,0.0095,-0.019,-0.0088,0.0084,-0.0098,-0.0186,0.0199,-0.0266,0.0097
64,5124,108,2,sitting,0.008,0.0006,-0.0108,1.4708,0.0204,-0.0217,0.0581,-0.0499,-0.0187,0.0375,-0.0001,-0.0797,0.0065,-0.0002,-0.0074,-0.0693,-0.0959,-0.0503,0.0,-0.024,0.0245,-0.0244,-0.001,0.0809,0.5861,0.0206,0.02,0.5796,0.0202,0.5583,0.0204,0.0169,0.0054,0.0172,0.0173,-0.0185,-0.0226,-0.7795,-0.6676,0.8882,-0.0063,0.649,0.1011,-0.567,-0.0084,0.0067,0.016,0.7894,-0.0232,-0.0168,-0.0222,-0.0086,-0.0098,-0.0236
65,5125,108,2,sitting,-0.0191,0.0058,-0.0584,-0.036,-0.0475,1.5565,-0.0004,0.026,-0.0799,-0.0188,-0.068,-0.0062,-0.0871,-0.01,-0.0002,-0.0221,-0.0961,-0.0232,-0.5956,0.0804,0.0246,0.579,-0.0,-0.001,0.0001,0.0206,-0.0277,0.0252,0.6489,0.0192,-0.0238,0.1017,-0.0085,-0.0079,-0.0186,-0.0232,0.0238,0.0082,-0.0095,0.977,0.0258,-0.0076,-0.0229,0.0074,0.0194,-0.6698,-0.0237,0.0226,0.6777,0.024,0.0063,0.0168,-0.0267,0.0255
66,5126,108,2,sitting,0.0105,0.0066,-0.0467,1.5984,-0.0218,-0.0009,0.0002,0.037,-0.086,0.008,-0.0227,0.0054,-0.0782,0.001,0.0261,0.0697,0.0963,-0.0072,0.01,-0.0226,0.0001,-0.5574,0.02,0.0204,0.6856,0.0507,-0.0079,0.0199,0.6486,-0.6965,-0.5791,-0.0094,0.7795,-0.7571,0.9893,-0.1015,0.0088,0.0238,0.0249,0.5876,-0.0807,0.0173,0.0087,-0.0223,-0.1309,0.0096,0.0085,0.1104,0.0232,0.0247,0.0078,0.0081,0.0183,-0.0192
67,5127,108,2,sitting,0.0164,-0.0059,0.0462,1.038,-0.0986,0.0583,-0.0004,-0.0154,0.0891,-0.0213,0.0694,-0.0793,-0.0099,0.1105,0.0241,0.001,0.0207,0.0238,-0.0161,-0.0001,-0.5577,0.0002,0.0247,0.1194,-0.0809,0.0506,-0.5782,-0.586,0.02,-0.6697,-0.1019,0.0076,0.0184,0.0071,0.0079,0.0246,-0.0,-0.0167,-0.0187,0.0261,0.709,-0.0206,-0.0065,-0.0168,0.6972,0.0163,0.0056,-0.0074,0.0227,-0.01,0.0081,-0.0227,-0.0089,-0.0178
68,5128,108,2,sitting,0.0108,-0.0082,1.0466,-0.0301,0.0073,0.069,-0.0005,0.0557,0.023,0.0907,-0.0165,0.0207,0.0088,0.0164,0.0077,-0.0245,0.0507,-0.0186,0.0002,0.0096,-0.0168,0.5884,0.0181,-0.01,-0.02,0.0195,0.0001,-0.0255,-0.001,-0.566,-0.0091,0.9767,-0.0083,0.5961,-0.0163,0.0085,0.5587,0.0074,-0.0079,0.9954,-0.0247,0.7072,-0.0221,0.0227,-0.0253,-0.0,0.0062,0.0176,0.0244,0.018,0.7894,-0.0075,-0.0169,0.0238
69,5129,108,2,sitting,0.0182,-0.0091,1.097,0.0174,0.0564,-0.0008,-0.0475,-0.0211,0.0198,0.0897,-0.0399,0.001,0.068,-0.0002,-0.0157,0.0767,-0.01,0.0244,0.0255,-0.0262,-0.5576,-0.02,-0.0506,0.0001,-0.6587,0.0247,-0.0193,0.0189,-0.0092,-0.0096,0.0059,-0.5885,-0.0061,0.7968,-0.0269,0.0177,-0.0062,-0.0232,-0.0054,0.0188,-0.0084,-0.0163,0.0,0.006,0.0235,-0.5601,0.0261,0.0166,-0.0086,0.0171,0.0263,0.0073,-0.0081,0.0172
70,5130,108,2,sitting,0.0104,-0.0077,1.5785,0.0375,-0.0569,0.0094,-0.0773,-0.0216,-0.0009,-0.0664,0.0862,0.0096,-0.0984,0.558,0.0088,0.0002,-0.0082,0.5965,-0.587,0.0256,-0.0168,0.0001,-0.0232,0.001,0.0181,-0.6066,0.0197,-0.0056,0.0054,0.01,0.0201,-0.0086,0.0267,0.0,0.0167,-0.0258,0.7978,0.0087,0.0247,0.0508,0.0091,-0.0226,0.0171,-0.019,0.0099,-0.0093,0.0095,0.024,0.8974,-0.0092,-0.0229,0.9861,-0.0176,-0.0063
71,5131,108,2,sitting,0.0108,-0.0062,1.5857,-0.0004,-0.0218,0.0775,-0.0161,0.0093,0.0364,-0.0699,0.0574,0.0416,-0.0001,0.001,-0.0976,0.01,0.0055,0.0154,-0.0002,0.978,0.0082,0.0221,0.0095,-0.0266,-0.0232,0.6096,-0.0505,-0.0186,0.0168,-0.0073,-0.0072,0.0171,0.0188,0.9866,0.0,0.0191,-0.0159,0.02,-0.0287,0.6585,0.0079,-0.0189,0.8769,-0.009,0.0238,-0.0063,-0.0084,-0.7778,0.0083,0.0092,0.0081,-0.0229,-0.0094,0.0056
72,5132,108,2,sitting,0.0155,-0.0073,0.056,1.047,-0.028,0.0007,-0.0311,-0.0056,-0.01,-0.089,-0.0001,0.0979,0.5898,-0.0505,-0.0064,0.0793,-0.0238,0.0697,0.0002,-0.001,0.029,0.119,0.101,0.1102,-0.0057,0.1009,0.0185,-0.0059,-0.0182,-0.02,-0.0232,-0.0174,-0.0287,0.0167,0.0227,-0.0175,-0.0,0.0092,-0.0267,-0.5465,-0.0069,-0.0229,-0.7761,0.0084,-0.0083,-0.0087,-0.0246,-0.1303,0.0191,-0.0062,-0.0099,0.0226,-0.0076,0.0068
73,5133,108,2,sitting,0.0058,-0.0401,0.0974,1.0854,0.0562,-0.038,-0.0211,0.0006,-0.01,-0.0509,-0.5579,0.0783,-0.0695,-0.0187,0.0172,0.0088,0.0002,0.001,0.02,0.6589,0.0206,-0.6491,0.5792,-0.0804,-0.0156,0.6982,-0.0175,-0.0081,0.0208,-0.009,-0.6884,0.0246,-0.0001,-0.0244,-0.0059,0.0086,-0.006,-0.0071,0.017,0.6796,0.0193,0.0077,0.9894,-0.0099,-0.0066,-0.0227,0.0076,-0.0053,-0.0173,0.0,-0.0063,0.0078,-0.0161,0.0232
74,5134,108,2,sitting,0.0082,0.0102,-0.0597,1.0872,0.0469,0.066,-0.0364,-0.0786,0.0979,-0.0503,-0.0008,-0.0002,0.0,0.0059,-0.0335,0.001,-0.6771,-0.0206,0.5565,0.01,-0.5794,-0.0054,-0.0267,-0.029,-0.1196,-0.7092,-0.0073,-0.0062,0.0076,-0.0187,-0.0168,-0.0235,-0.0227,-0.02,0.9874,0.0096,0.0001,0.101,-0.019,-0.0077,-0.008,0.9989,0.0056,-0.0158,-0.0184,0.0185,0.0232,0.0191,-0.0266,-0.0075,-0.0063,0.0095,0.0061,0.0239
75,5135,108,2,sitting,0.0085,-0.0103,0.0434,1.5786,0.0691,-0.0569,0.0984,0.024,-0.0865,-0.0008,-0.077,-0.026,0.0252,-0.01,-0.0505,0.0082,-0.0204,-0.001,-0.0247,0.0,0.024,-0.0059,0.1191,-0.5499,-0.5895,0.0172,0.0266,0.1015,-0.0081,-0.0246,0.0192,-0.02,-0.0002,-0.7771,-0.0189,-0.0277,0.678,-0.0056,0.0226,-0.1108,-0.0232,0.6862,0.0807,-0.0001,0.5564,0.0078,-0.0193,0.0267,-0.6696,0.0083,0.0227,-0.0244,0.0194,0.0228
76,5136,108,2,sitting,0.0109,-0.0066,0.0213,1.5898,0.0895,-0.036,0.0569,-0.0782,-0.0004,-0.0655,-0.0401,-0.008,0.0187,-0.024,0.0506,0.0001,-0.0093,-0.0235,0.0067,-0.0186,0.001,-0.5475,0.0159,0.0064,-0.0,0.0002,-0.6589,-0.02,0.0061,0.9973,0.967,0.0085,0.779,-0.0174,0.01,-0.7857,-0.0803,-0.0063,-0.0247,-0.0247,-0.0267,0.0168,-0.0097,0.0244,0.0172,-0.0181,-0.0083,0.0239,0.0194,-0.8856,0.0076,-0.0079,-0.0084,0.0062
77,5137,108,2,sitting,0.0164,0.0072,-0.0467,-0.0005,-0.037,-0.0594,1.5976,0.0691,-0.0786,-0.0954,-0.5856,0.0215,-0.0873,-0.001,0.02,-0.0509,-0.0165,-0.1305,-0.1108,-0.0163,-0.0001,-0.5785,0.0226,-0.0222,0.0062,0.0258,0.0066,0.0,0.0174,-0.0084,0.0238,0.0002,0.0055,0.101,0.1195,-0.0228,0.0079,-0.01,-0.0175,-0.0399,-0.0238,-0.6887,-0.0227,-0.0244,-0.0232,-0.0169,0.0096,-0.0061,0.888,-0.0193,0.0071,-0.0228,-0.7881,-0.0083
78,5138,108,2,sitting,0.0073,-0.0106,0.0499,-0.028,-0.0585,1.5571,0.036,0.0764,0.0172,-0.01,0.0194,0.0003,-0.0893,-0.027,0.0084,0.0958,0.1014,-0.5987,0.019,0.029,-0.0002,0.0096,-0.0001,-0.001,-0.5797,-0.6774,0.0509,0.0262,0.0086,-0.0244,-0.7795,-0.1194,-0.0156,-0.02,0.0806,0.0092,0.0081,0.0062,-0.0,-0.0335,0.6961,0.0269,-0.0091,0.9865,0.0075,-0.6854,0.0078,0.0232,0.0245,0.024,-0.6683,0.1306,0.0258,-0.0189
79,5139,108,2,sitting,0.0109,0.0062,-0.056,-0.028,-0.0464,-0.089,0.0005,-0.0787,0.0694,1.7597,0.0171,-0.001,-0.037,-0.0506,0.0201,-0.0063,-0.01,0.0002,0.0172,-0.0807,-0.0001,-0.6586,0.0208,-0.0078,-0.0174,-0.5856,-0.0082,-0.5561,0.0221,-0.0196,-0.0079,-0.0067,0.5973,0.0085,0.0191,-0.0,0.7792,-0.0198,-0.02,-0.024,0.0206,0.9599,0.0066,-0.0244,-0.0229,-0.0069,0.0083,0.6884,-0.0232,-0.0157,0.8988,0.0054,0.0053,-0.0226
80,5140,108,2,sitting,0.0057,-0.0103,0.0003,1.5582,0.0561,0.0094,0.0106,0.0062,-0.0107,0.026,0.0001,-0.01,-0.008,0.0002,-0.0467,-0.0065,0.001,0.0073,0.0874,-0.6499,-0.0096,0.9766,-0.0976,0.0,-0.0093,-0.0505,-0.02,0.0095,0.007,0.7871,0.9891,-0.5968,-0.0222,0.6956,0.7787,-0.0081,0.0083,-0.0258,-0.5872,0.0239,-0.7985,0.0054,0.0267,-0.0189,-0.759,0.0088,-0.0184,-0.0092,0.0186,-0.1015,0.0033,0.0063,-0.1308,-0.0079
81,5141,108,2,sitting,2.0693,0.0079,-0.0173,0.056,1.6491,-0.0076,0.037,0.0468,-0.0174,-0.0008,0.028,0.0109,0.0002,-0.0001,-0.0202,-0.0072,-0.0883,-0.579,0.0107,-0.5984,-0.0082,-0.0067,0.001,0.01,-0.5699,-0.0507,0.5854,0.0,-0.027,-0.0204,-0.0186,0.0194,0.0097,0.0267,-0.6562,0.0195,-0.02,0.0081,0.7787,0.9896,0.0201,0.1019,0.7869,0.0161,0.0185,0.0055,0.0227,-0.0163,-0.0088,-0.0229,0.0171,0.0089,-0.0066,0.0092
82,5142,108,2,sitting,0.0157,-0.0076,1.5568,0.0699,0.0782,0.0561,-0.0434,-0.033,0.0883,0.0969,0.021,0.0002,-0.0008,0.0001,-0.01,0.1195,-0.5475,0.029,-0.0093,0.587,-0.0508,-0.0184,0.1012,0.6097,0.0063,-0.0,-0.0096,-0.0078,-0.0337,0.0258,0.1308,0.1121,0.6491,-0.0257,0.0073,0.0192,-0.001,-0.8081,-0.0247,0.0253,0.1102,0.0209,0.0089,0.0246,-0.0266,-0.0088,-0.0356,0.0067,-0.0174,0.7765,0.0086,0.009,0.0056,0.0229
83,5143,108,2,sitting,3.0693,-0.0062,0.0107,1.597,-0.0863,-0.0375,0.0591,-0.0004,0.0224,-0.048,-0.0971,-0.0002,0.0,-0.0072,0.0261,0.0506,0.0094,0.0076,0.0079,-0.01,0.6561,0.1015,0.9767,0.0057,0.001,-0.02,-0.5885,-0.0001,-0.5598,-0.0081,-0.0078,-0.0074,-0.0267,-0.0188,-0.6468,0.0186,0.0154,0.896,0.0268,0.0087,-0.019,-0.0238,-0.0073,-0.6692,-0.7783,-0.0182,-0.031,-0.0056,0.0169,-0.0195,-0.0059,-0.0099,0.0232,-0.0096
84,5144,108,2,sitting,0.0071,0.0165,-0.0499,1.5562,0.0218,-0.0557,0.0007,-0.0001,0.0958,0.0883,-0.0301,-0.0002,0.078,0.0056,0.0694,-0.02,-0.5985,0.024,0.0073,-0.001,-0.6697,-0.6987,-0.6788,-0.0,-0.0208,0.1195,-0.0509,-0.0238,0.7772,-0.0204,0.0064,-0.0277,0.0209,-0.0082,0.0084,-0.017,-0.01,0.5434,0.0095,0.0063,-0.7868,-0.006,0.9861,0.0096,-0.0189,-0.019,0.0193,-0.0803,-0.0079,-0.0181,-0.0075,0.0229,-0.1015,0.0176
85,5145,108,2,sitting,0.0065,0.0188,-0.0577,0.0009,1.046,-0.021,-0.0364,-0.0002,0.0057,-0.0067,-0.0159,0.0972,0.0693,0.0001,0.0235,0.0856,0.0796,0.0079,-0.01,-0.0084,0.0231,0.0204,0.001,0.0163,-0.0258,-0.5571,-0.0161,-0.0158,-0.0194,-0.0174,0.0189,-0.0082,-0.0081,-0.0078,0.0066,0.007,-0.0185,0.9799,-0.02,0.989,-0.6968,-0.0191,-0.008,0.0,0.0226,0.8775,0.0162,-0.0092,0.0236,-0.0504,-0.0095,0.0255,0.0086,0.0261
86,5146,108,2,sitting,0.0157,-0.0063,1.5898,-0.0215,0.037,0.0002,0.0007,-0.0664,-0.0562,-0.0872,-0.0786,0.0001,0.0195,-0.001,-0.04,-0.6587,-0.0204,-0.0956,-0.0503,-0.0204,0.1017,-0.0,-0.5578,0.1108,-0.01,-0.696,-0.0244,0.0286,-0.6879,-0.0348,-0.0206,0.0232,0.0267,-0.0091,-0.0337,0.0184,-0.0082,0.0074,0.0077,-0.548,0.0263,0.0083,0.0226,0.0099,-0.0189,0.0266,-0.0176,0.0185,0.0097,0.0229,0.8871,-0.019,-0.7561,0.0094
87,5147,108,2,sitting,0.0058,-0.0109,0.038,1.0581,-0.0211,-0.0401,0.087,0.0008,-0.0797,-0.01,0.006,0.0,0.0204,-0.0695,0.0064,-0.0001,0.0509,0.0193,-0.542,-0.0159,0.0173,0.1017,0.0809,-0.001,0.5787,0.0238,0.02,0.6789,-0.6878,0.0002,-0.5571,-0.0072,-0.0086,0.0174,0.0066,-0.0227,0.0076,-0.0083,-0.0191,-0.0096,0.0079,0.0235,0.9865,-0.0221,0.0062,0.0061,-0.0226,-0.009,0.0077,0.0184,0.0258,0.0088,0.0228,-0.0075
88,5148,108,2,sitting,0.0064,0.0157,-0.021,1.086,0.0001,0.037,-0.0095,-0.0007,-0.0694,-0.0562,-0.01,-0.02,-0.0401,0.0775,0.0955,0.0082,-0.5466,-0.0002,-0.0073,0.0261,0.0804,-0.6856,-0.0081,-0.008,0.0503,-0.0268,-0.0267,0.001,0.6788,-0.0174,-0.0,0.0266,0.0192,-0.5984,0.0093,0.1019,0.1195,0.0091,0.0079,0.0245,-0.0097,-0.0078,0.024,-0.0077,0.0096,-0.5898,0.0071,0.0199,-0.6976,0.0187,0.0161,0.0083,0.0226,0.0072
89,5149,108,2,sitting,2.6054,-0.07,0.0105,0.0499,1.5793,0.0967,-0.0314,0.0224,0.0876,-0.068,-0.0059,-0.0504,0.0004,0.0258,-0.0002,0.5581,0.0272,0.0262,-0.0001,-0.0079,0.0082,0.6585,0.001,0.0071,-0.0064,-0.0162,0.01,-0.6684,0.0088,-0.009,0.0264,-0.0094,-0.0069,0.6872,-0.757,-0.0186,-0.0092,0.0238,0.0198,0.0056,-0.0074,0.7791,-0.0073,-0.0096,0.9738,0.0087,-0.0061,-0.0257,0.0078,-0.0232,-0.0244,0.1015,-0.0,0.0095
90,5150,108,2,sitting,-0.0077,0.0007,1.0102,-0.0081,0.0072,0.0106,0.0104,0.038,0.0001,-0.0002,-0.0986,0.02,-0.0791,-0.5592,0.0584,0.0505,0.01,0.0095,0.0193,0.001,-0.0876,0.0064,0.027,0.0094,-0.6562,0.0054,-0.024,-0.5968,-0.5788,-0.0335,-0.0199,-0.0235,0.9766,-0.0078,-0.0,-0.7079,0.019,-0.5889,0.0063,-0.0244,0.0237,-0.0182,0.0067,0.0075,-0.0227,0.6987,0.0071,0.0173,-0.0185,0.0174,0.0096,-0.0061,0.0083,-0.0056
91,5151,108,2,sitting,0.0102,-0.008,1.5584,0.046,0.0375,-0.0559,-0.0873,0.0968,0.0764,0.001,0.0001,-0.0093,0.0003,-0.0066,0.067,-0.0085,0.0002,0.0063,0.0,-0.0208,-0.0161,0.0056,-0.5796,-0.5871,0.0804,0.0162,0.1194,0.0509,0.0091,0.7781,0.0262,0.02,-0.0247,-0.01,0.1015,0.0246,-0.0399,-0.0094,-0.0238,-0.0054,-0.6789,0.0187,0.1305,0.0069,-0.0092,0.0083,-0.0097,-0.0198,-0.0088,0.0172,0.0261,0.0082,-0.0065,0.7895
92,5152,108,2,sitting,0.0062,0.0159,-0.0364,1.5568,-0.0004,-0.0217,-0.0569,-0.048,0.0879,0.0783,-0.0222,0.0187,0.0695,0.0066,0.001,-0.0001,-0.5871,-0.0972,-0.6584,-0.0286,-0.0359,-0.0073,0.0078,0.0258,0.0,-0.547,0.0067,-0.0174,0.01,0.1196,-0.0002,-0.0063,0.0096,-0.0809,-0.0061,0.006,-0.0192,-0.0283,-0.0399,-0.0228,0.8857,-0.019,-0.0181,-0.0509,-0.0097,-0.037,-0.0086,0.0089,0.02,-0.0094,0.0191,-0.0198,-0.024,0.0093
93,5153,108,2,sitting,0.0073,-0.0102,0.0467,1.069,-0.0594,-0.038,0.0862,-0.0172,-0.0008,0.0187,0.0782,0.0507,0.0244,0.0252,-0.0979,-0.0156,-0.01,-0.0002,0.02,0.7798,0.0071,0.0186,-0.001,0.1196,0.0261,0.0174,0.6564,0.0232,-0.0061,-0.0001,0.977,-0.0081,0.5966,0.1106,-0.0088,-0.0235,0.7591,0.0068,-0.5589,0.0249,-0.0266,0.0093,0.0085,0.6058,-0.0255,-0.0163,0.0,0.0176,-0.0095,-0.5799,0.1019,0.0054,0.0084,-0.0096
94,5154,108,2,sitting,0.0079,-0.0187,0.0007,0.037,1.5792,-0.0655,-0.0799,0.0574,-0.026,-0.0469,-0.0002,0.0876,-0.0359,0.0959,-0.0267,0.0244,0.1194,-0.01,-0.0507,-0.0208,-0.0809,0.0063,-0.0001,0.0204,-0.001,-0.0206,-0.0,-0.0168,-0.0184,-0.5411,-0.0267,-0.0164,-0.0081,0.0082,-0.0096,0.0162,0.02,-0.0086,-0.0185,-0.0171,0.5893,0.7566,-0.0266,0.6794,-0.0228,0.1306,-0.567,-0.0277,-0.0236,-0.0238,-0.0073,0.0197,-0.0091,-0.0314
95,5155,108,2,sitting,0.0062,-0.0157,0.0468,0.036,0.0897,-0.0581,1.0764,0.0262,-0.068,-0.0003,0.0984,-0.023,0.0186,-0.0083,-0.0001,0.001,-0.5579,-0.0082,0.0002,0.01,-0.5956,0.6966,0.6794,0.0161,-0.0176,0.6571,0.017,0.1195,0.0235,-0.0158,0.0,0.0077,0.7595,-0.0073,-0.0507,0.0074,0.9985,-0.5412,0.0172,0.009,0.0226,-0.0087,-0.02,0.0191,-0.0178,0.9888,-0.8963,-0.0108,-0.0062,0.0096,0.0025,-0.0093,-0.0192,0.0065
96,5156,108,2,sitting,0.0103,0.0086,-0.0224,1.0554,0.047,0.0063,-0.0258,0.0009,-0.0764,-0.0001,-0.0693,0.0876,-0.0979,-0.5582,-0.0096,-0.0508,0.5792,-0.0074,-0.001,0.0191,0.02,-0.6084,0.1194,-0.0286,-0.0095,-0.0168,-0.0097,0.0199,0.1014,0.0065,-0.01,0.0002,-0.0257,0.0171,0.0187,0.5869,-0.0226,-0.0161,0.6794,0.1305,-0.6662,0.0236,-0.0228,0.0235,0.0056,-0.0804,-0.5972,0.0189,-0.0222,0.0077,0.009,0.9878,0.0185,0.0
97,5157,108,2,sitting,0.0085,-0.0364,1.0799,-0.0187,0.0431,0.0857,-0.0209,-0.066,-0.058,-0.0212,0.0962,0.0004,-0.0082,0.0508,-0.01,-0.02,-0.0226,-0.0195,0.0002,0.0001,-0.1308,0.0174,-0.0204,-0.0244,0.1195,-0.0079,0.0184,-0.5586,0.6589,-0.0181,-0.001,0.0078,-0.5983,0.0077,-0.0806,-0.0054,0.0193,0.0266,0.9769,0.0163,-0.5868,0.0094,0.0232,-0.1104,0.1004,-0.7076,0.0067,0.0071,0.0188,0.0098,-0.0092,-0.0266,0.0235,0.7596
98,5158,108,2,sitting,0.0082,0.0187,-0.046,1.6495,0.0897,0.0217,-0.0955,0.078,-0.0573,0.0699,0.0189,-0.0315,-0.0203,-0.0006,0.0001,0.01,0.0806,0.0061,0.001,-0.5968,-0.1019,0.0002,-0.02,-0.0204,0.119,-0.0072,-0.0076,0.7785,0.0066,-0.5475,-0.5783,-0.0063,0.0244,-0.0245,0.0208,-0.6584,0.0504,-0.5879,0.0093,0.0171,-0.017,-0.0156,0.6962,-0.0098,-0.0067,0.0186,-0.0096,0.0078,0.0103,0.0088,0.0174,-0.0094,0.0091,-0.009
99,5159,108,2,sitting,0.0157,-0.0564,1.0987,-0.0313,0.0099,-0.0463,-0.0058,0.028,0.0006,-0.0002,-0.0001,-0.0691,-0.087,-0.0783,0.001,-0.6877,-0.0184,-0.0167,-0.0195,0.02,0.0506,-0.01,0.0174,-0.659,0.0186,-0.5581,-0.0247,-0.6082,-0.6966,0.1019,0.0159,-0.547,-0.0337,-0.0093,0.0204,-0.0194,-0.0061,-0.0156,0.0092,0.0266,-0.0076,0.0078,-0.1309,0.7988,0.0204,0.0,0.0072,-0.0175,-0.0171,0.0162,-0.0267,-0.0209,-0.0185,-0.0255
100,5160,108,2,sitting,-0.0159,0.0006,0.0081,-0.0216,0.0468,1.649,-0.0877,-0.0322,-0.0086,-0.0191,-0.0058,-0.0001,0.0695,-0.0773,0.0969,-0.5572,0.0562,0.0002,-0.02,-0.0505,0.5793,-0.01,-0.001,-0.0199,0.6685,0.546,0.7088,-0.1197,0.6787,0.0161,0.9863,0.0,0.1006,0.0071,-0.008,0.0174,-0.0065,-0.0089,-0.0244,0.0082,-0.0194,-0.0178,0.7576,-0.7984,0.0263,-0.0056,-0.0596,0.0083,0.977,0.0226,0.0123,0.0118,-0.0092,0.0238
101,5161,108,2,sitting,0.0065,-0.056,1.0187,0.0781,0.0005,-0.0375,-0.0058,-0.0463,-0.0184,0.0096,0.0212,-0.001,0.0957,-0.0694,0.0506,0.0893,-0.01,-0.008,-0.0806,-0.0001,-0.6486,-0.0091,-0.5589,-0.0082,-0.0002,-0.0156,-0.6876,0.5967,-0.0227,0.0,0.1199,0.0072,0.0235,0.779,0.0074,0.0261,-0.02,0.0079,0.0178,0.0199,-0.0335,-0.0197,-0.0061,-0.0258,0.0188,0.0062,-0.6966,-0.547,-0.0183,-0.0192,-0.0185,0.0195,-0.0071,-0.0173
102,5162,108,2,sitting,0.0107,-0.0364,1.0558,0.0062,-0.0214,0.0896,-0.0465,-0.0984,0.067,0.0258,0.0006,0.101,-0.0809,-0.5968,-0.5793,-0.0503,-0.0204,-0.01,-0.0002,0.001,-0.0001,-0.119,0.0256,-0.5577,-0.0085,-0.1304,0.0181,0.0257,0.6986,-0.02,-0.0072,-0.0074,-0.0,-0.5499,0.0061,0.0192,0.0247,0.0079,0.6797,-0.0255,0.0083,0.0073,0.0089,-0.024,0.016,0.0075,-0.6676,-0.0063,-0.0246,-0.0287,0.0182,0.0078,0.0088,-0.0235
103,5163,108,2,sitting,0.0072,0.0102,-0.0399,1.5565,0.0095,-0.0008,0.0585,0.0468,0.0781,-0.0958,0.0893,0.0692,0.0002,-0.0001,-0.0261,0.5974,0.001,0.5764,-0.0076,-0.0096,-0.0194,-0.0173,0.0154,0.0082,0.0504,-0.6679,-0.0069,0.0235,0.0178,-0.0083,0.0067,0.016,0.0177,0.7086,0.01,-0.0,-0.02,-0.0161,0.0232,-0.5645,0.008,-0.0247,-0.0258,0.0075,-0.0087,0.0197,0.0245,0.1198,0.1303,-0.0191,0.8971,0.0255,0.0162,-0.0088
104,5164,108,2,sitting,0.0079,-0.0102,0.0577,-0.0469,1.5794,-0.0001,-0.0883,-0.0209,0.037,-0.0691,0.0959,-0.078,-0.0202,-0.01,0.0006,-0.0222,-0.001,-0.0206,0.0182,0.0246,-0.0508,-0.6884,-0.0002,-0.0208,0.0192,-0.0197,-0.0167,0.0064,0.0249,-0.0204,0.0158,-0.5499,-0.0073,0.0074,-0.0,0.0247,0.0185,0.0055,0.8988,0.0806,0.0156,-0.02,0.0075,0.986,0.0228,0.0228,0.875,-0.0195,-0.0267,0.0258,0.9614,0.0072,-0.6578,-0.0062
105,5165,108,2,sitting,0.0064,0.0165,-0.0775,1.4408,-0.037,0.0468,-0.026,-0.0955,0.0581,0.0695,0.088,0.0503,0.0003,0.0187,0.02,0.0226,-0.0054,-0.0247,-0.0206,0.0002,-0.101,-0.0058,0.0061,0.0076,-0.0059,-0.0186,-0.01,0.9788,0.001,-0.5794,-0.0246,0.0,-0.0001,0.0082,0.6679,0.0172,0.0258,-0.0327,0.0092,-0.0235,-0.0078,-0.0162,0.0093,-0.0077,-0.6967,-0.0236,0.0199,0.0156,0.009,0.0085,0.0096,-0.0074,0.9863,0.0089
106,5166,108,2,sitting,2.0183,0.0081,-0.0364,1.0557,0.0002,0.0008,-0.0155,0.0095,0.0077,0.026,0.0462,0.0693,-0.0972,-0.587,0.0861,-0.0788,0.0187,0.0085,0.001,-0.0001,-0.0503,-0.02,0.0261,-0.0078,0.5984,0.6879,0.0082,-0.0096,0.01,0.0191,-0.0192,0.989,0.0241,0.0,0.1011,0.0166,0.1192,0.658,-0.1108,0.5475,-0.0201,0.9799,-0.0173,-0.0063,0.0174,-0.0203,-0.0067,0.0238,0.0056,-0.0202,0.0071,-0.0076,0.6989,-0.0086
107,5167,108,2,sitting,0.0058,-0.0108,1.5598,0.0563,0.0475,0.0787,0.037,-0.0002,0.0008,0.066,0.0195,0.0509,-0.0972,-0.0214,0.001,0.0201,-0.0185,0.0081,-0.0207,0.01,0.0062,-0.0244,0.0221,0.0082,-0.0001,0.0,0.6577,-0.0078,0.5791,0.9986,-0.0097,0.0154,0.1195,-0.018,0.0059,-0.0064,-0.6956,0.9622,-0.0247,-0.0258,-0.02,0.6783,0.0094,0.0235,0.0161,0.0073,-0.0229,0.889,-0.0179,0.0235,0.0807,-0.1015,-0.0228,-0.0074
108,5168,108,2,sitting,0.0108,-0.0073,1.0468,0.036,-0.0004,0.0775,-0.0189,-0.068,-0.0002,-0.0556,-0.01,-0.0215,-0.0062,0.0972,-0.02,0.0057,0.5594,-0.0509,-0.5866,0.0809,0.0159,-0.0064,0.0063,-0.7788,-0.001,0.0061,-0.0067,-0.0065,0.9874,0.0235,-0.0082,-0.0081,-0.6984,-0.0191,-0.0199,0.0001,-0.0087,0.0085,0.0227,0.1014,-0.0,0.0097,0.0178,0.709,-0.0193,0.5412,-0.0095,0.0092,-0.0079,0.0083,-0.0171,-0.0119,-0.0086,-0.0047
109,5169,108,2,sitting,-0.0105,0.0093,0.0004,-0.026,0.038,1.5582,0.0002,0.001,0.0699,-0.0463,0.0001,-0.0885,-0.0767,0.0064,-0.01,-0.0973,-0.02,0.5469,-0.6595,-0.5635,-0.0076,0.5984,-0.5783,0.0094,-0.7778,0.1015,0.0806,0.0162,0.0503,0.0061,0.0227,-0.0072,-0.5892,-0.6887,-0.0075,0.0258,0.0266,-0.0088,-0.0096,-0.1304,0.0081,0.017,-0.6697,0.0074,-0.0238,0.0086,0.0091,0.0198,-0.0179,-0.0232,-0.0189,0.009,0.0016,-0.0235
110,5170,108,2,sitting,0.0102,-0.0081,1.5583,0.068,-0.0574,0.0469,0.0787,-0.0958,-0.0313,-0.0897,0.0008,-0.0062,-0.0079,0.6582,0.0262,-0.547,-0.016,0.1017,-0.0348,-0.0064,-0.0093,-0.0803,-0.0505,-0.027,0.7795,0.0066,-0.001,-0.5967,-0.01,-0.0261,0.1103,0.0002,-0.0085,-0.0091,0.0274,0.0255,0.0188,-0.0063,-0.0057,-0.0073,-0.0001,-0.0175,-0.119,0.0156,0.0089,-0.02,-0.0084,-0.009,0.0,0.0196,0.0258,-0.0168,0.0061,0.9871
111,5171,108,2,sitting,0.0187,-0.0058,1.038,0.0006,0.0214,0.0104,-0.096,0.0569,0.001,0.0896,-0.0799,-0.0664,0.0508,-0.0067,0.0001,0.0002,0.0073,0.0201,-0.01,-0.0171,0.0809,0.0,-0.0165,-0.0184,0.0186,0.0093,-0.0192,0.0157,0.0081,-0.5556,-0.6697,0.0088,0.0239,0.0079,0.0083,0.02,-0.0078,0.9568,0.9874,-0.0161,0.0159,0.0182,-0.0063,-0.0089,0.024,-0.0247,-0.0075,0.0077,0.947,-0.0202,0.0091,0.0062,0.0054,0.0241
112,5172,108,2,sitting,0.0062,0.0159,-0.036,1.5564,-0.0697,-0.077,-0.0883,0.028,0.0475,-0.0579,-0.01,-0.001,-0.0985,-0.0002,-0.0008,-0.0199,0.0174,0.0505,0.0072,0.0001,-0.0073,0.0068,-0.0206,-0.0204,0.0268,-0.5466,-0.5614,-0.0065,-0.0084,0.0078,0.0189,-0.0191,-0.0186,-0.0181,0.9567,-0.0092,-0.5794,-0.0,0.0069,0.96,-0.0201,0.5876,-0.0163,0.0202,-0.0093,0.0077,-0.0226,0.0267,0.0088,-0.0061,-0.0087,-0.019,-0.0071,0.0082
113,5173,108,2,sitting,0.0058,-0.0164,0.047,1.058,0.0002,0.0955,0.0874,-0.0006,-0.0093,-0.036,0.0211,0.0057,-0.0207,-0.0772,0.0001,-0.001,-0.0691,-0.0,0.0509,0.0077,0.6798,0.0221,-0.0204,-0.0222,0.01,0.024,-0.1014,0.6586,-0.0247,-0.0056,-0.0076,-0.6861,0.0088,0.0182,-0.0244,-0.0097,0.02,0.0229,-0.0054,0.0163,-0.0185,0.0162,0.0187,0.0178,0.5975,-0.0226,-0.0081,0.9569,0.0171,-0.1306,0.8908,0.0199,0.7983,-0.0073
114,5174,108,2,sitting,0.0057,0.0154,-0.036,1.0789,0.0585,0.0896,-0.0499,0.0008,-0.0224,-0.0082,0.0981,0.0505,-0.0172,-0.0694,0.0001,-0.001,-0.02,0.5971,-0.5564,-0.6598,-0.0079,-0.6884,0.0203,0.0093,0.0097,-0.5895,0.0002,-0.0091,0.0176,-0.0088,0.0167,0.01,-0.0229,-0.0238,-0.0255,0.0062,0.0161,-0.0249,0.7787,0.788,-0.0803,-0.6675,0.7074,0.1124,0.0163,0.0086,-0.0227,-0.0092,-0.0069,-0.0017,-0.0173,-0.5638,-0.0226,0.0235
115,5175,108,2,sitting,0.0102,-0.0062,0.0465,1.0564,0.0896,-0.0769,0.038,0.0195,-0.0984,0.0008,0.0082,0.0655,0.0197,-0.0067,-0.0001,0.0238,-0.0172,-0.01,-0.0059,-0.5876,0.0063,0.0088,-0.02,0.0056,0.0002,-0.5468,-0.0239,0.001,0.0186,0.0079,0.1017,0.0244,-0.0161,-0.0266,-0.5798,0.7592,0.8971,-0.0181,-0.0277,0.0066,-0.0806,-0.7083,0.996,-0.0194,-0.009,0.0506,-0.0093,0.0085,-0.0191,-0.0073,-0.0074,-0.0,-0.0109,-0.0087
116,5176,108,2,sitting,0.0055,0.0191,-0.037,0.0463,1.0892,0.026,0.0005,-0.0961,0.0778,-0.0699,-0.0569,0.0001,-0.001,-0.6788,0.5885,-0.6859,-0.5795,0.1109,0.0503,0.0002,0.548,-0.1307,-0.0082,0.01,0.019,0.0267,0.0066,-0.7772,0.02,-0.0179,0.0806,-0.029,-0.1011,0.0093,-0.0337,0.0173,0.0176,0.0181,-0.029,-0.0,-0.0086,0.0235,0.0187,0.0062,-0.0198,-0.0564,-0.0097,0.0175,0.0174,0.0084,0.0261,0.0262,-0.0089,0.0156
117,5177,108,2,sitting,0.0562,-0.0188,0.0096,1.0693,-0.0214,0.0375,-0.0859,-0.0004,-0.0461,0.0085,-0.0191,-0.0782,-0.0976,-0.017,-0.6595,0.0001,-0.0227,0.01,-0.0073,0.0002,-0.0,-0.0166,-0.5889,0.0055,0.0229,0.001,-0.0164,0.7779,0.006,-0.0171,0.0054,0.0094,0.989,0.02,-0.0807,-0.0078,0.0174,-0.5784,-0.0092,-0.018,0.024,0.0087,0.0072,-0.0063,-0.0249,-0.0506,0.0244,0.0235,0.0097,-0.0156,0.0069,-0.0067,-0.0068,-0.0086
118,5178,108,2,sitting,0.0109,0.0079,-0.0558,1.6064,0.028,-0.0375,0.0797,0.0871,0.0467,-0.0003,-0.0174,-0.5596,0.0699,-0.0258,0.0191,-0.0262,-0.5984,-0.02,-0.0002,0.0061,0.0082,0.0085,0.5763,-0.0081,0.01,-0.0506,0.0062,0.0173,-0.0001,-0.001,0.0261,0.7083,0.7788,-0.0,0.0093,-0.0195,-0.0056,-0.0267,0.0065,-0.0176,-0.0092,0.0249,-0.0068,-0.0238,-0.0072,0.0169,-0.0086,-0.0094,0.9854,-0.009,0.0232,-0.0089,-0.0066,0.0242
119,5179,108,2,sitting,3.6584,-0.0872,0.0083,1.0102,0.038,0.0009,-0.0577,-0.0973,-0.046,0.067,-0.0796,0.1199,0.0246,0.0061,0.0286,-0.001,0.01,-0.5766,-0.1307,0.0095,-0.0189,-0.5467,0.0001,0.0509,0.0191,-0.0806,0.0206,-0.0074,0.02,0.0059,0.0063,-0.0181,-0.589,0.0193,-0.0,-0.0085,0.0002,-0.0186,-0.0171,-0.0176,-0.0092,-0.0088,0.6875,-0.0179,0.0197,0.0064,0.1014,0.9417,0.0155,-0.0206,-0.0069,-0.0162,-0.0204,-0.0267
120,5180,108,2,sitting,-0.0076,0.0108,1.5598,0.028,-0.0001,-0.0584,-0.066,0.0965,0.0002,0.0475,-0.0364,0.0009,-0.0207,0.001,-0.01,-0.077,0.02,-0.5785,-0.5645,-0.5872,-0.0093,0.0067,0.5974,0.0187,0.0,-0.0258,0.0096,-0.0335,0.7797,0.0806,-0.0505,-0.0166,0.0068,0.0235,0.0258,-0.0245,0.0054,0.0062,0.0169,0.0181,-0.0094,-0.0186,0.0171,-0.0247,-0.0178,-0.0063,-0.0255,0.0079,0.0061,-0.0191,0.0189,-0.0232,0.0173,-0.0082
121,5181,108,2,sitting,0.0093,-0.0173,1.5571,-0.038,-0.026,0.067,-0.0461,-0.0798,-0.0579,-0.0001,-0.001,-0.01,-0.0863,0.0208,-0.0169,0.0966,-0.02,-0.0188,-0.0009,0.0157,0.0504,-0.0095,0.0244,-0.0246,-0.0092,-0.0187,-0.0002,0.0091,-0.0184,0.1018,-0.5475,-0.0062,-0.6478,-0.0258,-0.0,-0.0086,0.0085,-0.0056,-0.779,0.0182,-0.0096,0.0094,-0.0059,0.0097,-0.0074,0.0165,-0.0199,0.0072,-0.5883,-0.0067,0.0068,-0.0181,0.0201,-0.0034
122,5182,108,2,sitting,0.0073,-0.0182,-0.0554,1.5792,-0.0004,0.026,0.038,0.0499,-0.0976,0.0001,0.0797,-0.01,0.0695,-0.0856,-0.001,0.0202,0.0002,0.0261,-0.5868,-0.679,0.5974,-0.0077,0.0055,0.0081,0.0508,-0.02,-0.0088,-0.0079,0.7571,-0.0191,-0.0185,0.1011,0.0094,-0.0262,-0.0193,-0.0063,-0.0,-0.7084,-0.1309,0.0263,-0.0164,0.6586,-0.0232,0.0187,0.0257,0.6672,-0.0178,0.0263,-0.0209,-0.0198,-0.0803,0.0161,0.0046,0.0089
123,5183,108,2,sitting,0.0083,-0.0107,0.0886,1.0569,-0.0465,0.0364,-0.0001,-0.0008,0.006,-0.0211,0.0002,-0.5589,0.0509,0.0161,-0.0063,0.0959,0.0699,-0.0,-0.6788,-0.001,0.0238,0.0195,-0.0072,-0.01,0.5794,0.0096,0.008,-0.0154,-0.589,-0.0156,0.0239,-0.0068,-0.0097,-0.0245,0.02,0.0085,0.0093,-0.0082,-0.0807,-0.0192,-0.0091,-0.0166,-0.0084,-0.0244,-0.0179,-0.7771,-0.0062,0.0075,-0.0255,0.0232,0.0087,0.0178,0.0181,0.0073
124,5184,108,2,sitting,3.7594,0.0062,-0.0157,0.008,1.5967,0.0214,-0.0005,-0.0001,0.036,-0.0573,-0.01,-0.0107,-0.0464,0.001,0.097,0.02,-0.0506,0.0878,-0.0002,0.5883,-0.0197,0.0087,0.0061,-0.0244,0.0699,-0.7769,-0.5571,0.0082,0.0085,0.0084,0.0095,-0.0266,-0.0156,0.0238,0.0065,-0.0188,0.024,-0.0189,0.0268,-0.6676,0.0086,0.0074,0.0,0.0072,0.0168,-0.0179,0.9634,-0.0198,-0.0193,0.0227,0.0226,0.0238,0.0249,-0.0054
125,5185,108,2,sitting,0.0109,-0.0063,1.5571,0.0585,-0.0775,0.0189,-0.0874,0.0212,0.037,0.046,-0.001,0.0002,0.0664,-0.0008,-0.5893,0.01,-0.0001,0.0261,-0.0,0.5792,-0.0169,0.029,-0.5982,0.0232,-0.0167,0.9768,-0.029,-0.02,-0.0187,0.0503,-0.6683,0.024,-0.101,-0.0078,0.0161,-0.0172,-0.0054,0.9991,-0.0073,-0.018,-0.0235,-0.0076,-0.0056,0.0247,0.009,0.9896,-0.0095,-0.0244,-0.0094,-0.0102,0.0062,-0.0081,0.0266,0.8877
126,5186,108,2,sitting,0.0073,-0.0107,-0.0461,1.5579,0.0564,-0.036,-0.0224,-0.0509,-0.0002,0.068,-0.0189,0.0986,-0.0004,-0.0872,-0.0185,-0.5876,-0.0001,-0.0807,-0.001,0.024,0.0056,0.02,-0.01,0.1104,-0.5788,-0.0059,0.0167,-0.0244,-0.0092,-0.0163,0.0,-0.6874,0.0091,-0.7082,-0.7787,0.0249,0.0184,0.0171,0.0162,0.7581,0.0239,0.0178,-0.0096,0.0232,0.0165,0.0154,0.0199,0.9566,0.0098,0.0105,-0.0194,0.9769,0.019,-0.0201
127,5187,108,2,sitting,0.0077,-0.0174,0.0375,1.0467,0.0009,0.0211,-0.0554,-0.001,-0.0091,0.0796,0.01,-0.0157,-0.0856,-0.0059,-0.0972,-0.0081,0.0084,0.068,-0.0508,0.0002,-0.5566,0.02,0.0001,-0.0192,-0.6488,0.0204,-0.5873,-0.119,0.0169,0.6583,0.0093,-0.1307,0.0807,0.0079,0.0087,-0.0068,-0.0086,-0.0161,-0.0207,-0.0267,0.009,-0.0095,0.0082,0.0194,-0.0099,0.0,-0.7089,-0.0178,0.0097,-0.0062,-0.0098,-0.0266,-0.6071,-0.0255
128,5188,108,2,sitting,0.0076,0.0173,-0.026,1.0563,-0.0462,0.0001,-0.078,-0.0006,-0.0312,-0.0699,-0.0002,-0.0969,-0.0078,0.0072,-0.0186,-0.547,-0.0881,-0.0193,-0.0,0.0068,0.5867,-0.0088,0.0231,-0.0195,-0.5766,0.0085,-0.001,-0.0506,-0.0096,0.9855,0.0079,-0.0187,-0.0161,0.024,0.0097,-0.01,-0.0222,-0.0092,0.0229,-0.0075,-0.0174,0.0242,-0.02,0.0082,-0.0165,-0.0189,0.0239,-0.0247,-0.0226,0.0177,-0.0156,0.0159,0.6484,-0.0091
129,5189,108,2,sitting,-0.008,0.0107,1.0556,0.0005,-0.037,-0.0086,-0.0067,0.0002,0.0164,-0.0261,-0.026,0.0889,0.0001,-0.0174,0.0077,0.0984,-0.01,-0.0437,-0.0505,-0.001,0.0694,-0.5785,-0.0235,0.02,0.542,-0.5566,-0.0,-0.0168,-0.029,0.5963,0.0257,0.0195,0.027,0.1019,0.0172,0.7971,0.0187,-0.0238,0.024,-0.0199,-0.0182,-0.6597,-0.0193,0.0238,0.019,-0.5891,-0.0162,0.0192,0.0227,0.0244,0.0175,0.0083,0.0069,0.0098
130,5190,108,2,sitting,0.0083,-0.0106,1.598,-0.0563,-0.026,-0.0375,0.0468,-0.0005,-0.0893,-0.0173,0.0977,0.5582,0.0764,-0.001,-0.5866,-0.02,-0.547,0.0195,0.0002,-0.5799,-0.0062,0.0001,-0.01,0.0091,-0.0086,0.0065,-0.0072,0.9861,0.8976,0.0081,-0.0504,-0.1195,0.6985,0.0804,-0.101,0.019,0.0,-0.0084,0.8894,0.0096,0.0179,0.0192,-0.0267,0.0167,0.0074,-0.0266,0.0056,-0.0105,0.0171,-0.0097,-0.0078,0.0187,0.1304,-0.0232
131,5191,108,2,sitting,0.0,-0.0108,0.0076,1.5895,-0.046,0.0008,0.0375,-0.0793,0.0969,-0.0555,0.0001,-0.0079,-0.0084,-0.0697,-0.0002,0.0211,0.02,0.0235,-0.6787,-0.0181,-0.001,0.01,0.0244,-0.0506,-0.0074,-0.0096,0.0062,0.0,0.019,-0.5766,-0.6591,-0.0192,0.0061,-0.6877,-0.0086,-0.0266,0.017,0.8964,-0.0178,0.0804,-0.0156,0.0154,-0.0173,0.8072,0.0159,0.9871,0.8883,-0.0182,-0.024,-0.0163,0.0094,0.0238,-0.0085,-0.0037
132,5192,108,2,sitting,0.0058,0.0188,-0.059,1.5583,0.0364,-0.097,0.0214,-0.0872,0.0469,0.0799,0.0005,0.1015,-0.01,-0.5475,-0.068,0.0507,0.0095,0.001,-0.0002,0.027,0.7792,0.0001,0.0067,-0.5798,0.6865,-0.0206,-0.5623,-0.02,0.0073,-0.6691,0.0267,0.0082,-0.5971,-0.0081,0.0179,0.0,0.1199,0.0232,0.8974,-0.0063,0.0244,0.0094,0.0078,-0.0255,0.0235,-0.0197,0.0087,0.0184,0.0193,0.0096,0.0176,-0.016,-0.0162,0.0185
133,5193,108,2,sitting,0.0058,-0.0104,0.026,1.5799,0.0003,0.0364,-0.0591,-0.0001,-0.0154,0.078,0.0969,-0.067,0.0185,0.0508,-0.0084,-0.0879,-0.01,-0.0172,-0.0063,-0.0161,-0.0077,0.0066,0.0245,0.0002,-0.0082,0.001,0.6583,-0.5968,0.8898,0.0097,-0.0187,0.0,-0.0247,-0.0092,-0.0096,-0.0249,0.0156,-0.0235,-0.0174,-0.0181,0.0266,0.02,-0.0055,0.0093,-0.0189,0.0257,-0.0267,-0.0076,-0.0095,-0.0086,0.0259,-0.0167,-0.0175,-0.0162
134,5194,108,2,sitting,0.0083,-0.0103,1.0464,0.068,-0.0001,0.0007,-0.0791,-0.0227,0.0597,0.0874,-0.0985,-0.0002,0.0224,-0.5862,-0.01,-0.607,-0.001,0.0508,0.0809,-0.0208,-0.0169,0.5581,-0.0,0.0252,0.0235,-0.1304,0.02,-0.0206,0.0277,0.0061,-0.0154,0.0204,0.0267,-0.6784,0.0156,-0.0266,-0.0068,0.0063,-0.0166,0.0059,0.0057,0.0173,0.0182,-0.0238,0.7576,-0.0096,0.7779,-0.019,-0.0192,0.0171,-0.6588,0.0093,-0.7886,0.0087
135,5195,108,2,sitting,0.0055,0.0104,-0.0958,1.0887,0.0004,-0.025,0.0184,-0.0364,0.0561,-0.0359,-0.0207,0.0001,0.078,0.0079,-0.066,-0.001,-0.5793,-0.0072,0.0002,-0.5499,0.0077,0.0068,0.0073,-0.6975,-0.5982,-0.0238,0.6788,0.0198,-0.01,-0.0063,-0.0508,0.9765,0.0095,-0.0189,-0.0094,0.0244,0.0186,0.0092,-0.0246,0.0171,-0.0156,-0.0076,0.019,0.0261,0.0174,-0.02,-0.0062,-0.0196,0.007,-0.0166,0.0052,-0.0081,-0.0249,-0.0183
136,5196,108,2,sitting,0.0106,0.0065,-0.0399,1.4403,0.0862,0.0401,-0.0173,-0.0577,-0.0212,-0.0007,-0.001,-0.0158,-0.0979,-0.0782,-0.0083,0.0001,0.0002,-0.6875,-0.0063,0.0057,0.01,-0.0064,0.0066,-0.0156,0.0074,0.02,-0.5576,-0.0508,0.6788,-0.0078,-0.607,0.0091,-0.5985,-0.8071,-0.6954,-0.0186,0.9615,0.975,0.0094,0.9861,-0.0192,0.0087,-0.0261,0.0072,-0.0195,0.0263,0.019,0.0084,-0.0181,0.0112,-0.0062,-0.0,-0.0093,0.0053
137,5197,108,2,sitting,0.0093,0.0157,-0.038,1.0561,-0.0876,-0.046,0.0006,-0.0187,-0.0086,0.0792,-0.0216,-0.0699,-0.001,0.01,0.0002,-0.0063,0.0082,-0.0072,-0.5984,0.6597,-0.0967,-0.0171,0.0164,0.02,-0.5883,0.0258,0.0255,-0.0173,-0.0,0.0077,0.0508,0.0088,-0.0181,0.9868,-0.669,-0.0245,0.0056,-0.017,-0.5569,0.0001,0.0089,0.7862,-0.0191,-0.0175,0.0185,-0.0095,0.0074,0.0079,-0.0229,0.0112,-0.024,-0.5432,0.0096,-0.0033
138,5198,108,2,sitting,0.0065,-0.0464,0.0171,1.5893,0.0595,-0.0317,0.0979,-0.0008,-0.0216,0.089,-0.0055,-0.0001,0.0167,0.0781,0.0506,0.066,-0.001,-0.6959,0.0002,0.024,0.029,-0.01,0.5797,0.0062,0.0221,-0.0061,-0.0086,0.0088,0.0156,0.0258,0.0262,-0.0223,0.1196,-0.1307,0.0809,-0.7077,0.0068,0.0063,-0.0227,0.0173,-0.0066,0.0075,-0.0231,-0.0083,-0.0196,0.0089,-0.0178,0.0172,-0.541,-0.0198,-0.0199,0.0,0.0082,0.0074
139,5199,108,2,sitting,0.0103,-0.008,0.0781,1.4405,-0.0464,-0.0895,-0.0597,0.0505,-0.0976,0.066,-0.0362,0.0003,0.0225,0.001,-0.0277,-0.0001,-0.0055,-0.01,0.0093,-0.0002,0.5982,-0.0084,-0.6662,-0.6883,-0.0087,0.5785,-0.0354,0.0054,0.0063,-0.587,0.0198,0.0165,-0.0244,-0.0276,0.0077,0.0092,-0.7574,-0.1197,-0.0247,-0.0172,-0.02,0.0073,-0.0088,0.0186,0.8967,-0.0178,-0.567,0.0238,-0.0091,-0.0196,0.0071,0.0094,0.0069,-0.0199
140,5200,108,2,sitting,0.0086,-0.0155,1.0696,0.048,0.0006,-0.0211,-0.0001,-0.0208,-0.0251,-0.0773,0.001,0.0364,-0.01,-0.0557,-0.5968,0.0972,-0.0871,-0.0192,0.0081,0.0258,0.0174,-0.0335,0.0002,-0.0244,-0.0,-0.0079,-0.5475,-0.0093,0.0195,0.0249,-0.0163,-0.0165,0.0189,0.024,0.5885,-0.02,0.0062,-0.0508,-0.0076,0.0184,-0.0235,-0.0083,-0.6777,0.609,-0.0082,0.0187,0.8861,0.0191,0.9799,-0.0255,0.0156,-0.0266,-0.0169,-0.0098
141,5201,108,2,sitting,0.0082,0.0573,-0.0107,1.5958,-0.033,-0.0003,0.0095,-0.0216,-0.0227,0.0854,0.0261,-0.0093,0.0063,0.0468,-0.0002,0.0232,0.0655,0.0961,0.0185,0.0087,0.0255,-0.0175,-0.02,-0.0231,-0.5789,-0.001,0.0081,0.01,-0.5699,0.0169,0.8865,0.0001,0.0162,0.8074,0.0262,-0.777,-0.0072,-0.0,0.0078,-0.0067,0.006,0.0506,-0.0164,-0.0091,-0.0257,-0.0197,0.9876,-0.0204,-0.019,-0.0171,0.0079,0.0192,-0.0117,-0.0239
142,5202,108,2,sitting,0.0081,-0.0159,0.038,1.5583,0.0594,-0.0463,-0.0009,-0.023,0.0093,-0.0967,-0.0896,-0.0504,0.0664,-0.0769,-0.546,-0.0001,0.0065,-0.0197,0.0002,-0.001,0.0086,0.6898,0.1195,0.02,-0.0057,-0.0207,-0.01,-0.0079,0.5892,0.0085,0.0187,0.0191,-0.7576,0.1102,0.0071,-0.777,0.0,0.101,0.0161,-0.0072,-0.5699,0.0182,0.0084,-0.024,-0.0062,0.0178,-0.0206,0.8873,-0.019,0.0195,0.011,-0.0174,0.0062,-0.0066
143,5203,108,2,sitting,0.0067,-0.0164,-0.0555,1.0693,0.0874,-0.0104,0.038,0.0211,-0.0007,0.0002,-0.0782,-0.5885,0.0076,0.096,-0.0506,-0.0001,0.0091,-0.001,-0.0204,0.01,0.5984,0.5795,0.0094,-0.5468,0.0227,0.0081,-0.0173,-0.0169,0.0162,0.0066,-0.024,-0.0165,0.0171,0.0163,-0.0,-0.0206,0.0077,0.0078,0.9675,0.009,-0.0061,-0.8988,0.02,-0.0209,-0.567,0.0258,0.0079,-0.0098,0.974,-0.0807,0.0087,-0.0083,0.0086,0.0099
144,5204,108,2,sitting,0.0063,0.0102,-0.038,-0.0696,1.0468,0.0009,0.0971,-0.0854,0.0577,0.0221,-0.077,-0.5862,0.0803,0.1108,-0.0503,0.0222,0.1012,-0.0277,-0.0186,-0.0161,-0.0001,0.001,-0.01,0.0002,-0.5584,-0.0065,-0.02,-0.0,0.0059,0.1198,-0.0235,-0.1003,0.0227,-0.6787,0.9873,-0.0091,0.1505,-0.0066,-0.5792,-0.0185,-0.0094,0.0226,-0.0164,-0.566,-0.0179,0.1124,-0.0082,-0.0238,-0.0188,-0.024,0.0083,-0.0242,-0.0255,0.0074
145,5205,108,2,sitting,0.0162,-0.0091,0.0461,0.0213,0.0006,1.078,-0.0699,0.0001,0.0569,0.037,0.0262,0.0963,-0.02,0.0505,0.0002,0.0263,-0.5466,0.001,-0.5584,0.0876,-0.0193,-0.0335,-0.0167,0.5792,0.6877,0.5865,-0.0272,-0.0,0.006,-0.0272,0.0187,-0.01,-0.0195,-0.027,-0.5956,-0.1195,-0.0807,0.0173,-0.029,-0.0255,-0.0082,0.6497,-0.0276,-0.0196,-0.0079,-0.0171,-0.0072,0.0257,-0.0198,0.0194,0.0186,0.0264,-0.0185,0.1305
146,5206,108,2,sitting,0.0109,-0.0059,1.0575,-0.028,0.0466,-0.0002,0.0789,-0.037,-0.0001,0.0008,0.01,-0.0697,0.0072,0.0,-0.5856,-0.0164,-0.0188,-0.0876,-0.0082,-0.5567,0.02,0.0079,0.0258,0.0078,0.0199,-0.0062,0.001,-0.0505,-0.0093,0.0191,-0.576,0.0194,-0.6592,-0.0068,0.0184,-0.0074,-0.0187,0.0249,0.6971,0.0161,0.019,0.0186,-0.0183,-0.542,-0.0096,0.0081,0.0177,0.0098,0.0195,0.0063,0.0264,-0.0073,-0.0042,-0.0229
147,5207,108,2,sitting,0.0,0.0108,-0.0055,1.0591,0.034,-0.028,0.0974,0.0467,-0.0002,-0.0157,0.069,0.001,0.0008,-0.0001,-0.5475,-0.0799,-0.024,0.0082,-0.6878,-0.0081,-0.0085,-0.656,0.0087,0.0169,-0.0509,-0.0059,0.0166,0.0239,-0.01,-0.0806,-0.0096,0.9856,-0.0186,0.0,0.1018,-0.0095,0.02,-0.5876,-0.0063,0.0249,-0.0093,0.0253,0.0072,0.0062,-0.0238,-0.0097,-0.6471,-0.0061,-0.0267,-0.0192,0.0179,0.0189,-0.0077,-0.0245
148,5208,108,2,sitting,0.0055,-0.0106,0.036,1.5799,-0.0461,0.0976,-0.0574,-0.0211,-0.0107,-0.087,0.0221,0.0007,0.01,-0.001,-0.0084,-0.0165,-0.5466,-0.0001,-0.5972,-0.0002,0.6486,-0.0195,-0.0168,-0.0078,0.0181,-0.0,-0.02,-0.0194,0.0245,0.978,-0.0247,-0.0069,0.0506,0.0162,-0.0191,0.0079,0.0156,0.589,0.6785,0.9875,-0.0083,-0.0173,0.0171,0.7796,0.0238,0.0089,-0.0182,0.0204,-0.0087,-0.0093,-0.0096,0.0115,0.0232,0.0244
149,5209,108,2,sitting,0.0062,0.0191,-0.0556,1.5898,-0.038,-0.0102,-0.0109,0.0004,0.001,0.0469,0.0876,0.01,0.0694,-0.0774,-0.0001,0.6577,0.02,-0.0002,-0.6882,0.0072,-0.0067,-0.5761,-0.0505,0.546,-0.7092,-0.0055,0.0283,-0.0166,-0.1015,-0.1309,0.0071,-0.0197,-0.0079,0.0085,0.0173,0.7584,0.0087,0.0195,0.0,-0.0086,0.0263,-0.0189,-0.0093,-0.0229,-0.0204,0.0199,-0.0287,0.0183,-0.0188,0.0247,-0.0204,-0.0164,0.0163,0.0102
150,5210,108,2,sitting,3.0169,-0.0554,0.0797,1.6461,0.0084,0.0985,-0.0009,-0.036,-0.088,-0.0699,0.046,-0.0214,-0.0096,-0.0244,-0.5971,-0.01,-0.0001,0.0078,-0.6789,-0.001,0.02,-0.5587,0.0002,-0.0508,0.0063,0.0073,0.1015,0.5857,-0.0806,0.0181,0.7577,-0.0166,0.9872,-0.0195,-0.6574,-0.0335,0.1102,-0.709,0.7962,0.0556,-0.1126,0.8883,0.0182,0.0,-0.0076,-0.0086,-0.0267,0.0191,0.0094,-0.0193,0.0068,0.0092,-0.0103,-0.0037
151,5211,108,2,sitting,0.0082,0.0107,-0.0973,1.5565,-0.0217,-0.0558,0.0327,0.0094,-0.0469,-0.0154,-0.0693,0.0009,0.0091,0.0001,-0.0876,-0.0086,-0.0002,-0.0503,-0.0096,-0.0189,0.001,0.0,0.0206,-0.0229,-0.5972,0.0085,0.02,-0.0095,0.01,0.0238,-0.017,0.9983,-0.7568,0.6774,0.0092,0.0097,-0.5761,0.101,-0.0244,-0.0156,-0.0079,-0.0236,0.0227,0.0234,0.0232,-0.0163,-0.779,-0.016,0.0081,0.0166,-0.888,0.024,0.0162,-0.0078
152,5212,108,2,sitting,0.008,-0.0108,1.0589,-0.037,-0.026,-0.0001,0.0009,-0.0796,0.0462,0.0002,0.01,-0.001,-0.0692,0.029,-0.0059,-0.0173,-0.02,-0.0,0.0109,-0.5586,0.6877,0.0292,0.0082,0.0085,-0.0079,-0.5891,0.9767,-0.0504,-0.024,-0.0171,-0.5465,-0.0269,-0.0266,-0.0095,0.0267,0.0235,0.0262,-0.0074,0.0066,-0.0807,0.0156,0.0229,0.0187,0.0064,0.0199,0.0157,-0.0069,-0.0076,0.0178,-0.0258,-0.0261,-0.0083,0.0093,0.0247
153,5213,108,2,sitting,0.008,-0.0157,1.5563,-0.0375,0.0169,-0.0973,-0.0002,-0.0434,-0.0004,-0.0786,-0.0595,-0.0077,-0.0164,0.0218,-0.0867,0.067,0.0505,0.0238,0.0076,-0.5883,-0.024,0.0001,0.001,0.0807,-0.5411,0.6874,-0.0082,0.0087,-0.01,-0.0,-0.0191,-0.0096,0.0247,0.02,0.5972,-0.5699,-0.0226,0.0062,-0.0258,-0.0226,-0.0188,-0.0093,0.989,0.0079,0.0066,0.6084,0.6594,0.1196,-0.0178,-0.0089,0.0097,-0.0171,-0.0232,-0.0226
154,5214,108,2,sitting,0.0158,-0.0063,0.0008,0.0764,1.0464,0.0215,0.0695,0.0002,-0.0965,-0.001,-0.0874,0.033,-0.0562,0.0238,0.0189,0.0001,0.119,0.0,-0.0159,-0.6854,0.1103,-0.01,0.5573,-0.0161,0.8094,0.0508,-0.1012,0.577,0.0091,0.0806,-0.02,-0.0082,-0.009,-0.0097,0.0247,-0.0193,0.0244,0.6971,0.0232,-0.0083,0.0096,0.9856,-0.1309,-0.0258,-0.7775,0.0078,0.0087,0.0172,-0.0179,-0.0067,-0.0085,-0.0176,0.0092,-0.0599
155,5215,108,2,sitting,0.0064,-0.0557,0.0159,1.6093,0.0973,0.0054,0.0003,-0.033,0.021,0.068,0.0055,-0.089,0.0468,-0.0504,0.0789,-0.01,0.1015,0.1194,-0.6795,0.0,0.001,0.02,0.0207,-0.5675,-0.0091,-0.0096,0.0001,0.0206,-0.0187,0.1105,-0.0002,0.0226,-0.0161,-0.024,0.1124,-0.6577,0.0803,-0.0209,0.0058,-0.0194,-0.024,-0.0162,0.0166,0.0082,0.0092,0.0244,-0.0086,-0.0088,-0.0074,-0.0063,0.0097,0.7099,-0.6981,-0.0255
156,5216,108,2,sitting,0.0105,-0.0077,-0.0216,-0.0375,1.5562,0.0007,0.047,0.0871,-0.078,0.0507,0.0694,-0.0272,-0.0967,0.0001,0.02,-0.01,-0.0058,0.0002,-0.0082,-0.0073,0.0249,0.0262,0.5798,0.0165,0.0091,-0.006,-0.0,0.8879,-0.6469,-0.5968,0.0235,-0.0161,-0.0258,-0.001,-0.5637,-0.0258,0.0261,0.0092,0.1308,0.0181,0.0063,0.0253,0.0195,0.9699,0.0074,-0.6697,0.0257,-0.0084,-0.0078,0.1192,-0.0247,0.0187,-0.0185,0.0263
157,5217,108,2,sitting,0.0073,0.0106,-0.0001,1.5894,-0.0555,-0.0008,-0.0972,0.038,0.0468,-0.0224,-0.089,-0.5464,0.077,-0.0002,0.001,-0.0078,0.0171,-0.0174,0.0195,-0.0059,0.0076,-0.02,-0.01,0.8965,-0.0335,0.0085,0.0504,-0.0,-0.0207,0.0067,-0.0246,-0.7596,-0.0088,0.0807,-0.0087,0.7797,0.0083,-0.0084,0.024,0.0182,0.5799,0.0181,0.0066,-0.0267,0.0079,0.0056,-0.6961,0.0063,0.0091,-0.0098,-0.0086,0.0036,0.0062,0.016
158,5218,108,2,sitting,3.0585,-0.0065,0.0109,1.5568,0.0007,-0.0212,-0.046,0.0772,-0.0364,-0.0001,-0.0859,0.01,0.0054,-0.0503,-0.0693,0.0002,0.0202,0.001,0.0061,0.5895,0.0244,0.0174,-0.0077,-0.5794,-0.008,0.6963,-0.1303,0.0081,-0.0173,-0.0067,-0.0226,-0.0056,0.0076,-0.024,-0.0,-0.0079,0.0066,0.9775,0.02,0.7892,-0.0087,-0.0255,-0.0091,-0.0267,0.0186,-0.0232,-0.0084,-0.0071,0.0162,-0.7098,-0.0227,-0.0182,-0.0244,0.0096
159,5219,108,2,sitting,-0.0063,0.0187,1.579,0.0002,-0.0555,-0.0468,0.0891,-0.0079,0.0066,-0.026,0.0375,0.0006,-0.5885,-0.0767,-0.001,-0.067,0.0986,0.0061,0.0508,-0.0195,-0.02,-0.5976,-0.0181,0.0172,0.0077,-0.6488,0.5465,0.0184,-0.0096,0.0071,0.0062,0.1019,0.0261,0.0056,-0.0354,0.01,-0.0207,-0.018,-0.0238,0.0229,0.0001,-0.0093,0.0083,0.0226,0.0,-0.0173,-0.0226,0.0069,-0.0257,0.0182,0.0233,-0.0089,-0.0178,-0.0098
160,5220,108,2,sitting,2.0079,-0.0182,0.0791,0.0004,1.5593,-0.0464,0.0375,0.0208,0.0699,0.059,0.0971,0.0874,0.0083,0.1015,0.0087,0.0002,0.0204,0.0507,-0.01,0.5862,0.0212,0.008,-0.0001,0.0,0.0207,0.001,0.0073,0.0068,-0.5963,0.0054,0.7766,0.0078,0.6789,0.0084,-0.0235,0.0246,-0.0197,0.6586,0.0172,0.017,0.0267,-0.5781,-0.0092,-0.0095,-0.0266,0.8896,-0.0198,-0.0061,-0.0185,0.0056,0.0255,-0.0076,0.0094,-0.0169
161,5221,108,2,sitting,0.0109,0.0073,-0.0005,1.0399,0.0469,0.0082,-0.021,-0.0002,-0.0167,-0.056,-0.0793,-0.0885,0.001,0.02,-0.0001,-0.0064,0.067,-0.5787,-0.5574,-0.0222,0.0508,-0.568,-0.0095,0.0068,-0.6592,-0.5891,-0.0806,0.1017,0.0235,-0.0335,-0.1308,-0.0244,-0.5984,0.01,-0.0197,0.0079,0.989,-0.0232,-0.0081,0.0175,-0.0,0.0062,-0.0178,-0.0206,-0.031,0.0076,-0.0258,0.0054,0.0255,0.9438,-0.7761,-0.0086,0.0258,0.0249
162,5222,108,2,sitting,0.0162,-0.0083,0.036,1.0499,0.0555,-0.0885,0.025,0.0004,0.0002,0.0079,-0.0775,-0.01,-0.0221,-0.0693,-0.0167,-0.0954,-0.001,-0.5884,0.0087,0.5789,0.02,0.0247,-0.0072,-0.0,-0.567,-0.0081,-0.0509,-0.0174,0.0246,0.0097,-0.0164,-0.0165,0.6971,0.0073,0.0176,0.0001,0.0077,0.0163,-0.0059,0.0095,-0.0194,0.0188,0.0092,0.9866,0.0082,0.968,0.0068,-0.1015,0.0091,-0.0161,0.0117,-0.009,0.0178,-0.0101
163,5223,108,2,sitting,0.0083,-0.0191,1.0698,-0.0464,0.0375,-0.0215,0.0003,0.0066,-0.0574,-0.079,0.088,-0.5578,0.0958,0.0002,0.01,0.0187,0.0509,-0.006,-0.02,0.5475,0.001,0.0084,0.7794,-0.0807,0.0169,0.6772,0.977,-0.0001,-0.0093,0.024,-0.5962,-0.0176,0.0262,0.1107,-0.0173,0.1194,0.0204,0.0061,-0.0185,0.8886,-0.0082,-0.0092,-0.0068,-0.5799,0.0,0.0255,0.0163,-0.0179,-0.027,0.0165,-0.0195,-0.0081,0.0189,0.0171
164,5224,108,2,sitting,0.0102,-0.0076,1.5567,-0.0009,0.0569,0.068,-0.0962,-0.043,0.036,-0.0082,0.0201,0.0861,0.0507,-0.0787,-0.5965,-0.0185,-0.5897,0.0081,-0.0002,0.0001,0.0804,0.01,0.1191,-0.001,0.547,0.6857,0.0262,-0.02,0.0563,0.0156,0.0203,-0.0072,0.0096,-0.7564,0.0086,-0.1106,-0.0177,0.7988,-0.0089,-0.6692,-0.024,0.0098,-0.0301,0.1307,-0.019,0.0178,-0.101,-0.0171,-0.0222,0.0,-0.0099,0.0095,0.0037,0.0232
165,5225,108,2,sitting,0.0079,-0.028,1.0466,-0.0003,-0.0173,0.036,0.0559,0.0699,-0.089,0.0965,0.0787,0.024,-0.0195,0.0246,-0.02,0.0002,0.1011,-0.5574,0.001,-0.5889,-0.6871,-0.0503,0.0057,0.0077,0.0241,0.01,0.0206,0.1104,0.0088,0.0001,0.5475,-0.6791,-0.0072,0.0235,-0.0206,0.0169,0.0236,-0.0156,-0.0,-0.0192,-0.0221,-0.0258,-0.0063,-0.6484,0.0807,0.0083,0.0182,-0.0178,-0.0081,0.9738,0.0186,0.1192,-0.0076,0.0094
166,5226,108,2,sitting,-0.0593,0.0058,-0.0162,0.0008,1.658,-0.0203,0.0655,-0.0466,0.0076,-0.0002,0.036,-0.001,0.0892,0.0213,-0.0194,0.01,0.0787,0.0067,-0.0172,-0.0057,0.5974,0.097,-0.0001,0.0505,0.0078,0.0235,-0.019,0.0261,-0.7769,-0.02,0.0088,0.0263,0.0251,0.0267,-0.0085,0.0086,0.0199,0.0264,-0.0089,-0.0082,-0.0268,-0.0197,-0.6891,0.0079,-0.0269,-0.0081,-0.0154,0.0196,0.0073,-0.0171,-0.0161,0.0056,-0.0257,0.9863
167,5227,108,2,sitting,3.7569,-0.0058,0.0155,0.0563,1.6074,0.0215,-0.0897,-0.0985,0.043,0.068,-0.0781,-0.0313,0.0004,0.0171,0.02,0.01,0.024,-0.0082,0.0002,-0.0803,-0.0208,0.0,0.0001,-0.5786,-0.001,-0.0508,-0.0207,-0.0073,0.0209,0.0066,-0.5432,0.0196,0.0165,-0.0091,-0.5968,0.0062,-0.647,-0.0206,0.0161,0.0194,0.0172,-0.1102,-0.6783,-0.0087,0.0238,-0.0088,0.0255,-0.0314,0.0192,-0.0077,0.019,0.9876,-0.0089,0.9979
168,5228,108,2,sitting,0.0102,-0.0057,0.038,0.0008,1.5572,-0.0585,0.089,0.0699,0.0463,-0.0783,-0.0002,-0.0961,-0.0208,0.01,-0.0,0.0509,-0.6966,0.5878,0.001,-0.1306,-0.6891,0.1015,-0.6586,-0.0082,0.0097,-0.0001,-0.0208,0.0198,0.024,0.0286,-0.0258,-0.6495,0.0283,0.0206,0.0092,-0.0077,-0.0244,0.5971,0.0073,0.0238,0.0249,0.0253,-0.0067,-0.0089,-0.0154,-0.017,-0.0162,0.0156,0.0084,0.0258,0.0175,-0.0209,0.02,-0.6093
169,5229,108,2,sitting,0.0158,-0.0073,1.5582,0.0561,-0.0004,0.0312,0.0468,0.0962,-0.028,0.0695,0.0772,-0.0879,-0.5794,0.0809,-0.1306,0.6092,-0.0507,0.0002,0.0056,-0.0065,-0.0258,-0.001,0.0257,0.0163,0.6776,-0.0074,-0.02,0.5964,0.0001,0.1104,-0.0071,0.0084,-0.0253,0.01,-0.0069,-0.7077,0.0075,0.1005,-0.5466,0.0187,0.0227,0.8978,0.0085,-0.0088,0.1192,0.0099,-0.0102,-0.0191,-0.0244,0.0196,-0.0186,0.0083,-0.009,0.0238
170,5230,108,2,sitting,0.0105,0.0076,-0.048,0.0979,1.0786,-0.0244,-0.0211,-0.0375,-0.0005,0.0694,0.0873,0.001,0.0241,0.0503,-0.5862,0.5568,-0.0002,-0.0001,0.0247,0.1109,-0.0238,0.0174,0.019,-0.0266,0.01,-0.02,-0.656,-0.0171,0.1015,0.0191,-0.0232,0.0087,-0.0,-0.5799,0.7098,-0.0255,0.0154,0.7784,-0.0335,0.1006,0.6481,0.0257,0.1198,0.9767,-0.0286,-0.0204,-0.0095,-0.0056,-0.0093,-0.0072,-0.0061,-0.0066,-0.0192,-0.0185
171,5231,108,2,sitting,3.5565,-0.0073,0.0108,1.0593,0.038,-0.0007,0.0778,-0.0002,-0.023,-0.0001,-0.0064,-0.0461,0.0959,0.0056,-0.0162,-0.0,-0.5787,-0.0691,0.0261,0.0174,0.02,-0.024,0.0167,0.01,0.0807,-0.0246,-0.5468,0.0081,-0.6083,0.0082,-0.0235,-0.001,-0.5886,0.0084,0.9963,0.7089,-0.0172,0.9766,0.0509,0.0095,0.0079,0.0247,-0.0258,0.0255,-0.1014,0.0267,-0.7788,-0.0094,0.0198,-0.0085,0.0075,-0.0171,-0.0069,0.0245
172,5232,108,2,sitting,0.0065,-0.0104,0.056,1.0786,-0.0008,-0.0313,0.0054,-0.0161,0.0002,-0.021,0.067,-0.0062,0.0893,0.01,-0.0979,0.0067,0.0,-0.0261,-0.0001,-0.0506,-0.5874,0.0184,-0.5577,-0.0187,0.5973,-0.0194,-0.0266,-0.001,0.009,-0.7578,0.02,-0.6498,0.0066,0.0092,-0.0097,-0.0196,-0.1019,0.0091,0.5799,-0.0163,-0.0181,0.0188,0.0069,0.8071,-0.0262,0.0072,-0.0189,-0.0076,0.6883,0.8544,-0.0056,-0.0095,0.0082,-0.011
173,5233,108,2,sitting,0.0085,-0.0109,0.026,1.5573,0.0862,-0.0467,0.0006,-0.0364,-0.0799,-0.0697,0.0082,0.0002,-0.0509,-0.0158,-0.0595,-0.0179,0.0001,-0.6856,-0.01,-0.0165,0.0194,-0.0091,-0.0054,0.0169,0.0807,-0.001,-0.7571,-0.5976,-0.0244,0.0161,0.7793,0.0172,0.0238,0.577,0.0247,0.0086,-0.0183,-0.0184,-0.0187,0.0,-0.02,0.009,0.8074,0.8881,0.0163,-0.0178,0.0229,0.1015,0.0096,-0.0066,-0.0092,0.0089,-0.0123,0.0109
174,5234,108,2,sitting,0.0062,-0.0364,0.0191,0.023,1.047,0.0005,-0.0201,-0.059,-0.0258,0.0789,0.0693,-0.0885,0.0979,0.0082,0.0001,-0.001,0.1192,0.0095,0.0202,0.1015,-0.5978,0.0002,0.01,-0.0506,-0.6587,-0.02,0.0208,0.0081,0.5571,-0.586,-0.5623,-0.5467,-0.6672,0.0088,0.0077,0.1006,0.0094,-0.0096,0.0097,0.0261,-0.0192,-0.5784,-0.0174,-0.6961,0.0098,0.0,-0.0573,-0.024,0.0068,-0.0244,-0.008,-0.0099,0.0232,0.0075
175,5235,108,2,sitting,0.0105,-0.0083,1.5592,0.0399,0.0787,0.0467,0.0876,0.067,0.0957,-0.0006,0.0215,0.0203,0.0507,-0.0002,-0.0085,0.0244,0.006,-0.0001,0.0165,0.02,0.0174,-0.01,-0.001,0.7798,0.0062,0.6858,-0.6479,-0.0173,-0.0238,-0.5421,0.0803,0.0,-0.0184,-0.0059,0.0261,-0.6693,-0.0063,0.008,-0.119,-0.7588,-0.0232,0.7872,-0.0061,-0.0089,-0.0181,0.0069,0.0091,-0.0247,0.0094,0.0097,-0.0245,-0.0246,0.0195,-0.0086
176,5236,108,2,sitting,0.0055,-0.0154,0.0009,0.0002,-0.0857,1.078,-0.0211,0.037,0.001,0.0561,-0.0463,-0.0976,-0.0095,0.0184,0.0192,0.0693,-0.0001,0.01,0.0065,0.0509,-0.5699,-0.0077,-0.0221,-0.0,0.0235,0.02,-0.6987,0.6075,-0.5866,-0.0189,-0.0807,0.0246,0.0073,-0.1106,-0.5972,-0.1002,0.0174,-0.0082,0.0178,0.0255,0.7981,0.009,-0.0083,0.0062,-0.037,-0.0168,0.0164,-0.0247,-0.0167,0.0258,0.0088,0.0086,-0.0185,0.0094
177,5237,108,3,standing,2.689,-0.0182,0.0076,1.5957,-0.038,0.0463,-0.0569,-0.0262,0.0694,-0.0003,0.0962,-0.0896,-0.5867,-0.0073,0.0263,-0.0219,0.0764,0.0002,0.1102,-0.5579,0.01,-0.0509,-0.024,-0.0001,-0.0077,-0.0348,-0.0187,0.1009,-0.006,-0.0,-0.0247,0.0099,-0.0803,-0.0093,0.0572,0.0156,-0.0092,0.001,0.0085,-0.0088,-0.0095,-0.0175,0.0086,-0.0184,-0.02,-0.0097,0.0098,0.0061,0.6654,-0.0181,-0.7865,-0.0091,-0.007,0.0074
178,5238,108,3,standing,0.0065,-0.0164,0.0574,-0.0399,1.0872,0.078,0.0224,0.0507,-0.0466,-0.0695,0.0986,0.0001,-0.0188,0.0008,0.5789,0.02,0.0002,0.0201,0.0244,-0.547,-0.1199,0.0809,0.001,0.5884,0.6794,0.101,0.0,0.1129,-0.6873,0.1003,-0.5576,-0.0204,-0.0059,0.1503,0.0226,0.024,-0.0171,-0.0236,0.9775,0.0092,0.9862,0.0181,0.6077,-0.0169,-0.1307,0.01,-0.0203,0.0156,-0.0096,0.0246,-0.0085,-0.0083,0.0091,0.0178
179,5239,108,3,standing,0.0086,-0.0157,0.028,0.0003,1.0581,-0.036,0.0002,-0.0412,-0.0974,0.067,-0.001,-0.0872,-0.0797,-0.0064,-0.01,-0.0091,-0.0155,-0.5976,-0.0079,0.0182,0.0073,0.0001,0.02,-0.0335,0.5868,-0.027,-0.0062,0.0505,0.0085,-0.0187,-0.0235,-0.0084,0.8971,-0.6594,-0.0067,0.0156,0.0169,0.0154,-0.0163,0.0075,-0.0088,0.0267,-0.0098,-0.0166,-0.0083,-0.0196,-0.009,-0.0161,-0.0255,-0.0232,-0.0093,0.0099,0.0257,0.9534
180,5240,108,3,standing,-0.0106,0.0077,-0.0858,1.6094,-0.033,0.0973,0.0772,0.0507,-0.0216,-0.0555,-0.0006,0.048,-0.0086,-0.5499,-0.0001,-0.1197,-0.0082,-0.5965,-0.001,0.01,0.0076,-0.0166,0.0161,0.0,0.0068,0.0074,-0.0192,-0.0002,0.6784,-0.0079,-0.5793,0.0162,-0.02,0.0087,-0.0807,0.789,-0.0069,-0.0222,-0.6489,-0.7063,-0.0181,-0.0258,-0.0091,-0.5675,-0.0083,-0.0188,0.101,0.0097,-0.0071,-0.0085,0.0098,0.0226,-0.0242,0.0206
181,5241,108,3,standing,0.0103,-0.0076,0.056,1.5789,0.0798,0.0475,0.0883,-0.068,0.0187,0.0005,-0.0973,0.0219,-0.5864,-0.679,0.0002,-0.0207,-0.5971,0.0194,0.1011,0.1009,-0.6879,-0.0062,-0.01,-0.0247,0.0246,-0.0277,-0.5596,-0.1108,-0.1195,-0.001,-0.0001,-0.0191,-0.0804,0.0556,0.0093,-0.0506,-0.0348,-0.7072,0.0165,-0.02,-0.0099,-0.0227,0.0188,0.0,0.0247,-0.6961,0.0232,-0.0195,-0.0186,-0.0082,0.0097,0.0063,-0.0085,0.0054
182,5242,108,3,standing,0.0083,0.0103,-0.0468,1.5892,0.0782,-0.0562,0.0009,0.0873,0.0971,0.1014,0.0504,-0.0213,-0.0693,-0.0002,-0.0086,0.1199,0.596,0.0292,-0.0074,0.5466,0.0079,0.1129,-0.0087,0.0195,-0.6578,0.001,-0.6498,0.0266,-0.0209,-0.557,0.0803,0.0076,-0.0001,0.5791,0.7594,-0.0097,-0.7788,0.0089,0.0172,0.679,0.0232,-0.0,-0.01,0.0204,-0.0081,0.0206,-0.0096,-0.1308,0.0247,-0.0084,-0.0235,0.0156,-0.0069,0.0252
183,5243,108,3,standing,-0.0076,0.0109,1.0897,-0.0005,0.038,-0.0464,-0.0211,-0.0783,0.0675,-0.0555,-0.0206,-0.547,-0.0002,-0.0081,0.0187,-0.5884,-0.0157,-0.001,-0.0001,0.0167,0.0191,-0.0078,-0.0807,-0.6971,-0.0062,0.0088,-0.686,-0.0222,0.0504,0.02,-0.0156,-0.1195,-0.01,0.0267,0.0066,-0.0094,0.0186,-0.009,-0.0159,0.0072,-0.0228,-0.0089,0.0063,-0.0092,-0.0061,0.7798,-0.0174,-0.0238,-0.0079,-0.0173,0.0255,-0.0247,0.0093,-0.0099
184,5244,108,3,standing,0.0067,0.0191,-0.0574,1.5796,-0.0871,0.0463,0.021,-0.0655,-0.0258,-0.0316,-0.0783,-0.0985,-0.0008,-0.0507,0.1019,0.0001,0.0002,0.001,0.008,-0.0181,-0.01,-0.02,-0.0054,-0.0247,0.977,0.5861,-0.1199,-0.0809,0.0087,0.0095,-0.0084,0.8856,-0.0173,-0.669,-0.0076,0.0064,-0.0059,-0.0,-0.0244,-0.0078,-0.7599,-0.0255,-0.1307,-0.0335,-0.6589,-0.0177,-0.016,0.0192,-0.0179,0.0227,0.0236,-0.0072,-0.0344,-0.0238
185,5245,108,3,standing,0.0103,0.0055,-0.0468,1.6586,-0.0983,-0.0004,-0.0556,-0.0002,0.0215,0.0863,0.078,0.0693,-0.001,0.5982,-0.0166,0.101,0.01,0.0174,-0.0157,-0.0,-0.0079,-0.02,-0.0807,-0.5884,-0.0348,0.0162,-0.0506,0.0208,-0.0191,-0.5475,-0.0232,-0.0072,-0.0001,-0.6985,-0.7092,0.0258,-0.0187,-0.786,-0.009,-0.0188,-0.0096,-0.0067,0.0198,0.0089,0.7781,0.0194,0.1009,-0.0247,0.0173,-0.0176,0.0229,-0.0104,0.0095,-0.0093
186,5246,108,3,standing,0.0062,-0.0106,0.0557,-0.038,-0.0986,-0.0214,-0.0004,0.0461,0.0165,0.0001,-0.0073,1.6483,-0.0879,0.0767,-0.0072,0.024,0.0002,-0.01,0.0267,0.0244,-0.02,-0.0084,-0.0507,0.0074,-0.0803,0.001,-0.5871,-0.0054,0.0078,0.7788,-0.0091,-0.0092,-0.0185,0.0266,-0.607,-0.0093,-0.0076,-0.0166,-0.0258,0.0199,-0.6869,0.5595,-0.0094,0.0187,0.0097,-0.009,-0.0247,-0.0156,0.7596,-0.0089,0.0059,0.0063,0.0245,-0.0082
187,5247,108,3,standing,0.0062,0.038,-0.0157,-0.0897,-0.079,1.0574,0.0219,0.0691,0.0466,0.119,0.097,0.0004,-0.6083,-0.5967,-0.0804,-0.0199,-0.0508,0.0081,-0.0001,0.01,-0.5573,-0.5869,0.1102,0.0238,-0.0172,-0.5419,0.001,-0.0,0.0002,0.027,0.0184,0.1509,0.7564,0.0078,-0.1124,-0.02,0.0077,0.0267,0.0088,-0.0079,-0.0196,0.0094,-0.6856,-0.0182,0.0165,-0.8961,-0.0335,-0.0255,0.1004,0.0063,0.1012,0.0267,-0.0086,0.0093
188,5248,108,3,standing,0.0185,-0.0077,0.0218,1.0873,-0.0971,-0.038,0.0003,0.0063,-0.0584,-0.0655,-0.043,0.0782,-0.0002,0.5787,-0.5464,-0.0505,-0.119,-0.1307,-0.01,-0.6961,-0.5856,-0.0001,-0.0204,0.0258,-0.0095,-0.0165,-0.0091,0.1105,0.1012,-0.02,-0.001,-0.6686,0.0806,-0.1122,0.0168,0.0079,-0.0062,-0.0172,0.006,-0.0088,-0.009,0.0192,-0.5978,-0.0596,0.0183,0.0081,0.0097,-0.0076,-0.0,-0.0193,-0.0074,0.0257,0.0244,-0.0189
189,5249,108,3,standing,0.0055,-0.0107,0.0008,-0.037,-0.026,0.0561,-0.0468,-0.0873,0.001,-0.0002,1.5798,0.0986,0.068,0.5981,0.6496,0.0208,0.1305,-0.1017,0.0067,0.01,-0.5879,-0.027,0.0072,-0.6587,-0.0001,-0.0056,-0.0169,-0.0803,0.02,0.0088,0.779,0.1199,0.0507,0.0238,0.0266,-0.0063,-0.0562,-0.6695,0.0583,-0.0255,-0.0197,0.0092,-0.0176,0.0082,-0.0154,-0.0255,-0.0,-0.0189,-0.0094,0.0084,0.0193,0.0257,0.0226,-0.0085
190,5250,108,3,standing,0.0085,-0.0191,1.5567,-0.0463,-0.0007,0.0664,0.096,-0.089,-0.0217,-0.0782,0.031,-0.0574,-0.01,-0.001,-0.0348,0.0062,0.5897,-0.5793,0.0196,-0.0204,0.6894,0.0509,0.0246,-0.1104,-0.0171,-0.0189,-0.0176,0.0002,0.024,0.1005,-0.0804,-0.02,-0.0277,-0.0223,-0.0,-0.0166,-0.1018,-0.0095,0.0266,-0.0187,-0.0276,-0.0199,-0.7072,0.0258,-0.1197,-0.0247,0.0561,-0.0081,0.0078,0.5975,-0.0084,-0.0165,0.9854,0.0177
191,5251,108,3,standing,0.0301,-0.006,0.0467,0.028,-0.0778,1.0972,0.0557,-0.0002,-0.0204,-0.0876,-0.0009,0.001,-0.01,-0.0054,0.0193,0.02,-0.0694,-0.0232,0.0207,0.0001,0.0,0.6875,-0.0092,0.9799,0.024,-0.5869,0.1192,-0.1309,0.0073,-0.0084,-0.0803,0.0159,-0.0506,-0.0096,0.0155,0.0063,0.6481,-0.0065,-0.0087,-0.0162,-0.0174,0.7798,-0.0082,-0.0095,0.8871,-0.0267,-0.017,-0.0091,-0.009,-0.0089,0.0056,-0.0186,-0.0066,-0.0179
192,5252,108,3,standing,0.0062,0.0561,-0.0108,1.5578,0.0773,-0.0009,-0.0212,-0.0375,-0.0466,-0.0976,-0.0226,0.0002,-0.069,0.1019,0.0508,-0.01,-0.6095,-0.5867,-0.0091,-0.6574,0.5499,-0.02,0.001,0.1309,-0.5798,-0.0001,-0.6977,-0.1104,0.0564,-0.0,0.1004,0.5968,0.0084,-0.2167,0.1504,0.0193,0.0185,-0.0807,0.0192,0.0209,-0.567,-0.0335,-0.0597,0.0086,0.8087,0.0063,-0.0244,0.1129,0.024,-0.0181,-0.0171,0.0096,-0.0228,-0.0194
193,5253,108,3,standing,0.0187,-0.008,-0.0375,0.0972,-0.0057,0.066,1.0464,-0.0219,0.0559,-0.0504,0.0797,0.0093,-0.0004,0.001,-0.0886,0.0001,0.0809,-0.0169,0.6563,-0.01,0.0078,0.6784,-0.6662,-0.567,0.0099,-0.0002,0.0077,-0.0194,0.0155,-0.5879,0.0082,-0.02,-0.0176,0.9892,-0.0096,0.0073,-0.0226,-0.0188,-0.0054,-0.034,0.0195,-0.0074,-0.009,-0.0058,-0.0223,-0.0171,-0.0068,-0.0089,0.0,0.0058,0.0244,0.0249,-0.0061,0.0081
194,5254,108,3,standing,0.0468,-0.0106,0.0062,0.0005,-0.0159,-0.0301,1.0869,0.026,-0.0796,-0.0558,-0.5567,-0.0986,0.0202,0.0258,0.001,0.0001,-0.5781,-0.0091,0.02,0.0094,0.0206,0.0172,-0.0507,-0.0078,0.0266,0.01,0.0002,0.9766,0.0249,-0.0187,0.0064,0.0264,0.0165,-0.5413,-0.017,-0.0227,-0.0088,-0.0079,-0.0084,0.0082,-0.0063,0.0076,-0.0189,0.0095,-0.0085,-0.7783,-0.0061,-0.019,0.0075,-0.0074,0.0173,0.0093,-0.0101,0.0
195,5255,108,3,standing,-0.008,0.0157,0.0873,0.0564,1.0693,-0.047,0.0258,0.0965,-0.036,0.0798,0.0096,0.0008,-0.5902,-0.01,-0.5579,0.0001,-0.0,0.02,-0.0509,0.0072,-0.5854,-0.001,0.0192,-0.029,-0.0002,0.1304,-0.1198,0.6895,0.1102,-0.0348,-0.0097,0.759,0.6982,-0.0199,-0.0354,0.0804,0.0066,0.0258,0.0184,-0.0342,0.1011,-0.0177,-0.0186,0.7862,0.0252,0.0187,0.1121,0.0085,0.1002,0.0071,0.0191,-0.0081,-0.0063,0.0089
196,5256,108,3,standing,0.0088,0.0102,-0.0006,1.5787,0.0375,0.056,0.0874,0.0799,-0.0695,-0.0468,0.0977,0.1104,0.0002,0.0208,-0.101,0.5866,0.0056,0.0055,-0.0093,-0.5972,0.0096,-0.0179,-0.0335,-0.01,-0.1194,0.6786,-0.0247,-0.0226,-0.0169,-0.0001,-0.02,0.6585,-0.0,-0.0258,0.0063,0.001,-0.0181,-0.024,-0.8098,-0.0197,-0.6471,-0.0094,-0.0578,-0.0235,-0.0807,-0.0082,0.0506,0.0073,-0.019,-0.0191,-0.0154,-0.007,0.1122,0.0092
197,5257,108,3,standing,0.0079,-0.0107,0.0007,0.0364,-0.0597,-0.0463,-0.028,0.0691,-0.0854,1.5789,-0.096,-0.0081,0.0208,0.0508,-0.01,0.024,0.0002,0.0238,-0.0,-0.6568,-0.0055,-0.0221,0.02,0.1012,-0.0158,-0.0001,-0.679,0.0072,-0.0056,0.0188,0.7571,-0.0162,0.001,-0.0255,-0.0227,0.0084,-0.0169,-0.0222,0.0246,0.0227,-0.5982,0.7787,0.1307,-0.0204,-0.0237,0.9895,0.1005,-0.0235,-0.0223,-0.0066,-0.0093,0.0236,-0.0096,0.0202
198,5258,108,3,standing,0.0062,0.0105,-0.0475,1.097,-0.008,0.036,-0.0008,0.0225,0.0063,-0.0694,-0.0877,-0.0504,0.0793,0.0206,0.0001,-0.0158,0.0074,0.0061,-0.0189,-0.01,-0.5578,-0.6781,-0.0164,-0.0002,0.0059,0.02,0.0068,-0.0232,-0.5792,-0.0184,-0.6676,-0.001,0.0165,-0.0085,-0.1014,-0.0247,0.0,0.5413,-0.0056,0.0071,-0.9788,0.0207,0.0172,-0.0069,-0.0095,-0.0079,-0.0086,-0.0255,-0.0187,-0.0244,0.9896,0.0073,-0.0083,-0.0246
199,5259,108,3,standing,0.0182,-0.0066,1.0976,0.0468,-0.0399,0.0002,-0.0212,-0.0007,0.0561,0.0692,-0.0872,0.0783,0.0806,0.1015,0.1108,-0.001,-0.6781,-0.5598,0.0507,0.0208,-0.589,-0.0164,0.01,-0.5787,0.0077,-0.0174,-0.0171,0.6097,-0.0163,0.0086,0.0221,-0.119,-0.008,0.0001,-0.6573,-0.0,0.0201,-0.0159,-0.0085,-0.0244,-0.0054,0.0095,0.0088,-0.7084,-0.0156,-0.0096,-0.0238,-0.0222,-0.0246,-0.0078,0.0179,0.0189,0.0228,0.0232
200,5260,108,3,standing,0.0055,-0.0105,1.6589,0.0301,0.0693,-0.0006,0.0102,-0.0879,-0.0467,0.0956,-0.0798,0.0804,-0.0085,0.0199,0.0506,-0.0001,0.0002,-0.0094,-0.01,0.0231,0.119,-0.5981,-0.548,0.001,0.0096,-0.5868,0.0,-0.0077,0.0235,-0.6461,-0.0057,-0.0173,0.0247,-0.1308,-0.0088,0.1009,-0.0095,-0.0266,-0.0172,-0.02,0.0078,-0.0169,-0.0162,0.0186,-0.0097,-0.0227,-0.1108,-0.0244,0.0076,0.0163,0.0229,-0.0075,-0.0066,-0.0184
201,5261,108,3,standing,0.0573,-0.0086,1.6583,-0.0182,0.067,0.0469,0.0778,-0.086,-0.025,-0.5793,-0.0967,-0.0317,0.0505,0.0806,-0.0002,-0.5564,-0.0007,-0.01,-0.1107,0.001,0.0056,-0.0001,-0.02,-0.024,-0.0162,-0.0191,-0.0226,0.0,0.0096,0.008,0.0085,0.1307,-0.5894,0.0097,0.0063,-0.0258,0.0229,-0.0059,0.0227,-0.5445,0.0221,-0.1017,-0.0099,-0.0244,-0.0238,-0.0166,-0.0072,0.0227,-0.0258,-0.0228,-0.8875,0.0195,-0.019,-0.0247
202,5262,108,3,standing,0.0076,0.0158,-0.0463,1.5568,0.0859,0.0575,0.0699,-0.0312,0.0005,0.0782,-0.0217,0.0971,-0.5766,-0.0804,-0.0331,-0.1309,-0.001,-0.658,0.01,-0.0001,-0.0161,-0.119,-0.0359,-0.0221,-0.0252,-0.0002,-0.0503,-0.0189,0.0087,-0.0095,-0.7764,0.0169,0.0255,0.1015,0.0186,0.0167,-0.0078,-0.6054,-0.7081,-0.0062,0.0236,-0.0196,-0.0156,-0.0085,0.0079,0.0074,-0.0197,0.02,-0.0,-0.0227,0.0072,-0.0088,0.0092,-0.0235
203,5263,108,3,standing,0.03,0.0104,-0.0786,-0.0007,-0.0695,-0.0569,1.5898,-0.0877,-0.0219,-0.0194,0.001,-0.0001,-0.0974,-0.0076,-0.0507,0.1019,0.0222,-0.0208,0.01,-0.0193,0.5587,0.006,-0.0064,0.0065,0.0229,-0.0002,-0.0054,-0.0173,-0.6683,0.5985,-0.0063,-0.0,-0.0806,-0.02,-0.0175,-0.688,-0.1105,-0.037,-0.0192,-0.0399,-0.009,-0.0061,-0.1199,-0.0184,0.0232,0.0082,0.0157,-0.6796,-0.024,-0.0088,-0.0181,-0.0097,-0.0089,0.0178
204,5264,108,3,standing,0.0375,-0.006,0.0162,1.5869,0.0004,0.0465,-0.0002,-0.0799,-0.0664,0.0897,-0.0335,0.0561,-0.001,-0.0508,0.0971,0.0213,-0.0267,0.0208,-0.5978,-0.0055,0.1196,-0.0095,-0.577,-0.0247,-0.1014,-0.0001,0.0079,-0.541,0.0174,0.0226,0.1108,0.6856,-0.0184,0.0209,0.0246,-0.008,-0.0085,0.0186,0.01,-0.0082,0.0187,0.0167,-0.0072,-0.0089,-0.0191,-0.0093,0.0094,-0.019,-0.0806,0.0177,-0.0096,0.0076,-0.1308,-0.0063
205,5265,108,3,standing,0.0076,-0.0191,0.0461,1.0789,0.037,0.0581,-0.0006,-0.0983,0.0057,0.0212,0.068,0.0871,-0.0508,0.0073,-0.0355,0.0062,0.0002,-0.006,-0.5895,-0.0067,-0.0001,-0.547,0.0182,0.001,-0.0179,-0.5568,-0.02,-0.0806,-0.01,0.7766,0.1304,-0.0097,-0.5969,0.0207,-0.0238,0.6494,-0.0186,0.0208,0.0,-0.6584,0.7856,-0.1191,-0.0206,0.0087,0.0196,0.0085,-0.024,0.0198,-0.0072,-0.0088,0.0255,-0.0036,-0.0192,0.0175
206,5266,108,3,standing,0.0103,-0.0082,0.0876,-0.0224,0.0469,0.0004,-0.0959,1.6598,0.0597,-0.068,-0.0302,-0.0055,-0.0789,0.0202,0.0504,-0.0002,-0.101,0.0167,0.0001,-0.0238,-0.0173,-0.0158,-0.001,-0.776,-0.0062,-0.0229,-0.0074,-0.0195,-0.0079,-0.0184,0.01,0.0086,-0.5464,-0.0161,-0.0187,-0.0258,-0.0081,-0.0093,0.0255,-0.0175,-0.0072,-0.0199,-0.0096,0.0088,0.0094,0.024,-0.7056,-0.02,0.0221,-0.0168,0.0246,0.5785,0.7801,0.0235
207,5267,108,3,standing,0.0158,-0.0093,0.0215,1.5962,-0.0006,0.0375,-0.0699,0.0563,0.0002,0.0876,-0.0507,0.0769,0.0957,-0.0412,-0.0348,-0.6854,-0.5571,0.0167,0.1308,0.059,-0.0272,0.0091,0.1194,0.0257,0.1102,-0.567,0.1503,-0.6061,0.0238,0.0065,-0.0355,-0.0001,-0.101,-0.001,-0.0226,0.0064,-0.0367,-0.0354,-0.0246,0.1009,0.0416,0.7773,-0.0182,0.0209,0.7985,0.0078,-0.02,-0.1127,0.0228,0.0087,-0.0316,0.0186,0.0412,-0.0321
208,5268,108,3,standing,0.0102,-0.0557,0.0076,1.0364,-0.0468,0.0973,-0.0699,-0.0892,-0.546,-0.0797,0.0209,-0.5587,0.0008,-0.0174,-0.024,0.0244,0.0001,-0.1192,-0.1309,0.0002,-0.0505,-0.0084,0.6778,-0.02,-0.0195,-0.0803,-0.0188,0.597,0.1126,-0.0335,-0.1103,-0.01,-0.0241,0.6581,0.0194,-0.5675,0.0091,-0.0196,0.698,-0.001,0.0171,-0.5889,0.0258,0.0202,0.0232,-0.0185,-0.0286,-0.0161,0.0247,0.1018,-0.0246,-0.0063,0.0062,-0.0093
209,5269,108,3,standing,0.0103,-0.0058,-0.056,1.0963,-0.068,0.0003,-0.0219,-0.0775,0.0401,-0.0002,-0.0001,0.0173,0.001,-0.0862,-0.0056,-0.01,-0.0232,0.0064,-0.02,0.5789,0.6776,-0.0082,-0.0174,-0.0095,-0.0245,-0.0091,0.9788,-0.659,0.0,0.0071,-0.0231,-0.0247,-0.0226,-0.0187,-0.0184,-0.541,0.0161,0.9992,0.0086,0.6696,-0.0206,-0.0509,-0.6885,-0.0181,-0.5955,-0.0069,-0.007,-0.7783,-0.0079,0.0094,-0.037,0.0204,-0.0093,-0.1018
210,5270,108,3,standing,0.0102,-0.0062,1.0468,-0.0004,0.0375,-0.078,0.0967,0.0854,0.0002,-0.0557,-0.0001,-0.0695,0.0073,-0.6598,0.0055,0.001,-0.0169,-0.0509,-0.02,0.0807,0.0087,-0.6461,0.0184,0.0081,0.9766,0.0238,0.0174,-0.0266,-0.5958,-0.0072,0.1104,-0.1014,0.0176,0.0056,-0.0,0.0082,0.1191,0.0093,0.0188,0.006,-0.01,0.0083,0.7091,-0.7899,0.0235,-0.0086,-0.0163,-0.0096,-0.0192,0.7989,-0.0171,0.019,0.0258,0.0094
211,5271,108,3,standing,0.0102,-0.0076,0.037,1.0873,-0.0795,0.0462,-0.0554,-0.0005,0.0171,0.0957,0.0202,-0.5967,-0.0675,0.01,-0.0001,0.02,0.6874,-0.0204,-0.0002,-0.001,-0.0,-0.6587,0.5892,0.0807,-0.1108,-0.006,-0.009,-0.0094,-0.0086,-0.6985,-0.0079,-0.5664,-0.0222,-0.0503,-0.0208,0.0236,-0.0091,-0.5596,-0.7899,-0.0097,-0.0166,0.0181,-0.0163,-0.0204,-0.0161,-0.0172,0.8883,-0.0084,-0.0117,0.0229,-0.0189,-0.7793,-0.0053,0.0082
212,5272,108,3,standing,0.0085,0.0109,-0.0778,0.026,1.587,-0.0003,-0.0173,-0.0466,0.0375,-0.0002,0.0555,0.0203,-0.0001,0.008,-0.5908,-0.0697,-0.5412,0.01,0.1015,0.0186,-0.0174,-0.6881,-0.6493,-0.024,0.0072,0.001,0.9984,0.02,-0.0503,0.0063,-0.0238,0.0191,0.0171,-0.0069,-0.0056,0.0189,0.0167,0.0092,-0.5762,0.9565,0.009,0.0187,-0.0177,-0.0094,0.0161,0.0235,-0.0,-0.1195,-0.0076,-0.0226,0.0179,0.9618,-0.0183,-0.0229
213,5273,108,3,standing,0.0085,0.0475,-0.0874,1.0105,-0.021,0.0791,0.038,-0.0001,0.0695,0.001,-0.5866,0.01,0.0007,0.0969,-0.5968,0.1192,-0.0272,-0.6499,0.029,-0.0352,0.0002,-0.0804,0.1109,-0.1015,-0.0087,0.0274,0.0204,-0.0507,0.1124,-0.0163,0.1303,-0.0076,-0.779,-0.5579,0.0226,0.0253,-0.0266,-0.0154,-0.0062,-0.0181,-0.02,-0.0096,-0.0244,-0.706,-0.0172,0.7871,-0.0094,-0.0188,-0.0157,-0.6583,-0.6789,0.564,-0.0209,-0.1506
214,5274,108,3,standing,2.5572,-0.0554,0.0077,1.0106,0.024,2.797,-0.0469,0.096,-0.0218,-0.0781,-0.0272,-0.0364,-0.0003,0.0873,-0.0078,-0.0002,-0.0162,-0.0507,-0.0276,-0.0182,-0.0001,0.5799,0.0238,0.0065,0.001,0.01,0.0085,0.0167,0.0091,0.0074,-0.0061,0.0087,-0.0227,0.9893,-0.589,0.0086,0.02,0.0094,0.0245,0.0159,-0.0171,-0.0196,0.0092,0.8988,0.0197,0.008,-0.0083,-0.0,-0.0063,-0.0095,0.0156,-0.0226,-0.0107,-0.0226
215,5275,108,3,standing,-0.0155,0.0073,1.0693,2.6468,-0.0557,0.037,-0.0782,-0.0109,-0.0083,0.0003,-0.089,0.0216,-0.0401,-0.0002,-0.0062,-0.001,-0.0267,-0.0204,0.0261,-0.0246,0.01,0.0505,0.0251,-0.0059,0.0262,0.0061,0.0001,0.0258,-0.0199,-0.02,-0.0806,-0.0232,-0.0081,0.0067,0.9675,-0.6965,-0.0,0.978,-0.5866,0.0086,-0.0178,-0.0091,-0.0054,0.0085,-0.0076,0.0174,0.776,0.0063,-0.0179,0.0184,0.0195,-0.0172,0.0227,-0.0206
216,5276,108,3,standing,0.0103,-0.0065,0.0081,0.025,1.0469,0.0063,-0.0979,-0.0577,-0.0003,-0.0872,-0.068,0.077,-0.0093,0.0001,-0.5876,-0.0191,-0.0238,0.001,-0.0056,0.0503,-0.5587,-0.0082,-0.0002,0.0809,0.0267,0.649,0.0059,0.5796,-0.0088,0.0241,-0.0094,-0.0,-0.6784,-0.6092,0.0258,-0.0074,-0.01,0.0185,0.0097,0.02,-0.6862,-0.0073,-0.0178,0.0244,0.9989,-0.0186,-0.0054,0.0083,-0.0066,0.0198,0.0239,-0.0195,-0.0121,0.0171
217,5277,108,3,standing,0.0082,-0.0107,1.5869,0.0093,-0.0004,0.0375,0.046,-0.068,-0.0594,0.0079,0.0213,-0.0874,0.024,0.0001,-0.0002,-0.0255,-0.0986,-0.5961,0.0057,-0.001,0.0067,-0.5562,-0.0084,-0.0073,-0.0065,-0.0261,0.0,-0.0506,0.02,-0.0083,-0.0063,0.8977,-0.0245,0.0229,-0.01,-0.5412,-0.0176,-0.6672,0.0087,0.977,-0.0247,-0.0064,0.9699,-0.0257,-0.5625,0.0095,0.0227,-0.0267,-0.0267,-0.0092,0.0091,0.0085,-0.1192,-0.0168
218,5278,108,3,standing,0.0086,-0.0106,1.0871,-0.0107,0.026,0.0055,-0.0313,0.0002,-0.0007,-0.0463,-0.0056,-0.0584,-0.0091,0.0096,-0.0979,0.0158,-0.01,-0.5468,0.02,-0.0159,0.0001,0.0094,0.0065,-0.0081,0.001,0.0508,-0.0261,-0.0,-0.0232,-0.0073,-0.6974,-0.0093,-0.0164,-0.0167,0.0227,-0.5789,0.8766,-0.0246,-0.0258,0.7797,-0.0095,-0.0192,-0.0172,-0.0061,-0.0078,0.008,0.0239,-0.0237,0.007,0.0185,-0.019,-0.0176,-0.0088,-0.0245
219,5279,108,3,standing,0.0104,-0.0079,0.0262,0.0554,0.089,1.5564,-0.096,-0.0693,0.038,-0.021,0.0503,-0.0799,0.0006,-0.001,0.0261,-0.0086,-0.6874,0.0002,0.02,0.0001,-0.5869,-0.0206,-0.0348,0.0082,-0.6589,0.0172,0.01,-0.5956,0.1196,0.1121,0.0,-0.6791,0.0095,-0.7766,0.0244,-0.7584,-0.0057,0.0198,-0.0192,0.0185,0.0244,-0.0061,-0.0081,-0.0244,-0.0187,0.0162,-0.0096,0.0178,-0.0245,-0.1307,0.0097,0.0073,-0.0076,-0.0063
220,5280,108,3,standing,0.0073,-0.0188,0.026,1.0569,-0.0463,0.0006,0.0375,0.0774,-0.0976,-0.0861,-0.5895,0.0246,0.0664,-0.0505,0.0001,0.0,0.1017,-0.0002,-0.0182,-0.0055,0.1199,0.5987,0.1122,-0.0077,-0.0154,0.0081,-0.01,-0.5766,-0.0172,0.0194,0.0078,0.0084,-0.0079,0.0196,-0.6885,-0.6571,-0.02,-0.024,0.001,0.0249,0.0062,0.0255,-0.0232,0.0093,-0.0099,-0.0092,-0.6783,-0.0086,0.0091,0.0803,-0.0098,0.0239,0.007,-0.0206
221,5281,108,3,standing,0.0073,-0.0182,0.0954,1.5983,-0.038,0.0693,0.0577,0.0874,0.0778,-0.0506,0.0466,-0.0809,0.021,0.1105,-0.0002,0.5567,-0.1012,-0.5897,-0.0007,0.001,0.006,-0.6887,0.1002,-0.0086,-0.0001,-0.0096,-0.6471,-0.0181,0.0061,-0.0085,-0.5798,-0.0094,0.1305,-0.0089,-0.027,0.0169,-0.0355,0.01,-0.0165,0.0063,-0.5623,-0.0191,-0.0247,0.0062,-0.0,0.0192,-0.0266,0.017,-0.0179,-0.0188,0.0075,0.0117,-0.0095,0.0099
222,5282,108,3,standing,0.0157,-0.0082,1.5584,0.0964,0.048,-0.0576,-0.0856,0.036,-0.0508,0.0218,-0.0354,0.0221,0.077,0.069,0.0006,0.0093,-0.0001,-0.6587,-0.0189,0.1306,0.02,0.0809,-0.01,-0.0173,-0.0195,-0.001,0.0181,-0.0227,-0.1015,0.0166,-0.0168,-0.0348,0.0058,0.0197,-0.0062,-0.0171,0.0002,0.0,-0.0223,-0.0169,-0.0244,0.0086,0.0226,-0.6775,-0.0229,0.0174,-0.0088,0.0063,-0.0317,-0.0237,0.0092,0.0077,0.0196,0.0209
223,5283,108,3,standing,0.0162,-0.0083,1.0569,0.0965,0.066,-0.0431,0.078,-0.0886,-0.0159,-0.031,0.0214,-0.5445,-0.0006,-0.5584,-0.0082,0.0002,0.0509,0.0001,0.0164,-0.0191,0.01,0.0156,-0.0057,-0.5892,-0.001,-0.0078,-0.0093,0.0097,0.0241,-0.1196,-0.0172,-0.0335,-0.009,-0.6675,-0.0074,-0.0221,0.0068,0.0085,-0.0222,-0.0067,-0.0076,0.0063,-0.0226,-0.0316,-0.7788,-0.0071,-0.0098,0.0096,0.9973,0.0087,0.02,0.0161,-0.0095,-0.7089
224,5284,108,3,standing,0.0182,-0.0064,-0.037,1.0461,-0.0009,-0.056,-0.0971,-0.089,-0.0769,-0.0212,-0.0694,-0.5873,-0.1011,-0.5465,-0.0002,0.0509,0.5589,0.0001,-0.0354,0.0226,0.0193,-0.0806,-0.008,0.0174,0.0157,-0.0208,-0.5967,-0.01,-0.0172,-0.0081,0.0068,0.0197,-0.001,-0.024,-0.5699,-0.6684,-0.0185,-0.0079,-0.0087,-0.0,-0.0095,0.1194,0.0092,-0.0088,-0.0083,-0.02,-0.0096,-0.0076,-0.0078,0.0162,0.0229,0.0077,-0.0163,0.0117
225,5285,108,3,standing,0.0063,-0.0108,1.6498,-0.0562,-0.0103,0.0499,-0.068,0.0214,-0.0096,0.024,-0.006,0.0008,-0.0184,0.02,0.0766,-0.0057,0.0187,0.0245,0.0172,0.0059,0.0251,-0.0002,-0.01,0.001,0.0509,-0.5865,0.0,0.0167,-0.0001,-0.0961,0.0232,-0.0804,-0.5464,-0.0181,-0.7794,0.0076,-0.6895,-0.0155,-0.0171,0.0261,0.9775,-0.0074,0.0078,-0.0185,-0.0079,0.0188,0.0239,-0.0082,-0.0073,-0.0092,-0.017,0.8969,0.0093,0.0056
226,5286,108,3,standing,-0.0164,0.008,0.036,1.0969,-0.0782,0.0005,-0.0216,-0.0861,0.0574,0.0465,0.0695,0.1012,0.0191,-0.0162,0.029,0.0094,0.0258,0.0002,0.5797,0.001,-0.6883,-0.5877,-0.0001,-0.0504,-0.0806,0.027,-0.0055,0.0056,-0.0283,-0.017,0.0072,-0.1307,0.0269,0.01,0.0076,0.02,-0.0244,0.0166,0.0085,-0.0,0.0073,-0.7563,-0.024,0.0078,0.0067,0.0179,0.0086,-0.5445,-0.0084,-0.0232,0.0255,0.0096,-0.0159,0.0188
227,5287,108,3,standing,-0.0108,0.0083,-0.0003,-0.0469,1.0792,-0.0375,-0.0694,-0.0581,-0.0251,-0.0974,-0.0164,0.0211,0.0249,-0.0054,-0.5879,-0.6563,0.0091,-0.0002,0.0076,-0.01,-0.0221,0.5957,-0.0001,-0.5584,-0.001,0.0241,-0.02,-0.0506,0.0197,-0.0162,0.0156,0.0077,0.0,0.0087,-0.0167,-0.0166,-0.0261,-0.0072,-0.0099,-0.607,-0.7895,0.8861,-0.0096,0.809,-0.0189,-0.0246,0.0073,-0.0267,0.0086,0.0107,0.0085,-0.0082,0.0198,-0.0068
228,5288,108,3,standing,0.0562,-0.0093,0.0106,-0.0364,0.0461,1.0856,-0.0215,-0.0504,-0.0073,-0.0109,-0.0107,0.0006,0.0195,0.0002,-0.0001,0.001,-0.0082,-0.5574,-0.0167,-0.6588,-0.5469,0.0079,0.0094,-0.01,-0.0,0.0255,-0.0232,-0.0208,-0.5877,-0.0083,-0.0091,0.0068,0.0076,-0.0186,-0.0258,-0.0166,-0.017,0.7557,-0.0072,0.0171,0.0178,-0.0239,-0.5987,0.0235,-0.0084,-0.02,-0.0196,-0.0081,-0.0063,0.0085,-0.0399,0.0089,0.0098,0.0092
229,5289,108,3,standing,0.0182,-0.008,0.0965,0.0463,0.036,0.0562,0.0783,1.6681,0.0884,-0.0697,-0.023,0.0003,0.001,0.0207,-0.0161,-0.0158,0.0803,-0.02,-0.5969,-0.0506,0.0192,0.5577,0.0001,-0.649,-0.0204,-0.5796,-0.0199,0.0002,-0.01,0.1308,-0.0238,-0.0,-0.563,0.5468,0.0246,-0.0067,0.0221,0.0171,-0.0085,-0.0348,-0.0178,-0.0375,-0.0188,-0.0074,0.0204,-0.0232,-0.0072,-0.0228,0.0191,0.7093,0.0255,0.0076,-0.0079,0.0258
230,5290,108,3,standing,0.0105,-0.0082,-0.038,1.0976,-0.026,-0.0797,-0.0464,-0.01,-0.0879,0.0002,-0.0693,-0.5566,0.0006,-0.0083,-0.0001,0.597,0.0202,-0.5785,0.0504,-0.0189,-0.0077,-0.589,-0.6874,-0.0084,0.0081,-0.0244,0.0247,-0.1015,-0.0062,-0.0169,0.0156,-0.0073,-0.0803,0.7565,-0.0171,-0.001,-0.0,-0.1308,0.0095,-0.542,0.1192,-0.0586,-0.0091,-0.02,0.0094,0.9699,-0.0238,-0.6788,0.1107,-0.0078,-0.0036,0.0227,0.0061,0.0092
231,5291,108,3,standing,3.0575,-0.0797,0.0062,1.0189,-0.0872,0.0469,-0.0505,0.0004,0.0699,-0.0312,0.026,-0.598,0.0954,0.0198,0.589,0.6594,-0.5784,0.0809,-0.6461,0.0204,-0.1129,0.0002,-0.6783,-0.6855,-0.1304,-0.0076,-0.0178,-0.1015,-0.0362,-0.1199,-0.001,-0.0091,-0.0001,-0.0166,-0.0335,0.0079,0.01,-0.0085,-0.1507,-0.0186,-0.0096,0.0092,-0.0063,0.1009,-0.0238,0.0556,-0.02,-0.0195,-0.0082,-0.0223,-0.8893,-0.0227,0.0081,-0.0074
232,5292,108,3,standing,-0.0093,0.047,1.0581,0.0187,-0.0883,-0.0769,-0.021,-0.0399,0.0008,-0.0691,-0.0966,0.0272,0.1015,0.0064,0.5854,-0.0809,-0.0267,-0.5984,-0.0002,-0.6073,0.5794,0.001,-0.0359,-0.0348,-0.01,-0.0286,0.0505,-0.0001,-0.0258,-0.5561,-0.0335,-0.1306,-0.0352,-0.0062,-0.027,-0.6785,-0.0088,0.0096,-0.0255,0.0246,-0.008,-0.0226,-0.0056,0.02,-0.0095,0.0,-0.6597,0.0079,0.0192,-0.0186,-0.0089,-0.0266,0.0098,0.0076
233,5293,108,3,standing,0.0083,-0.0109,-0.0009,-0.0399,1.5978,0.0569,0.0867,-0.0692,-0.024,-0.0462,-0.0096,0.0002,-0.0774,0.0216,-0.008,-0.0504,0.0235,-0.01,0.001,-0.6877,0.5598,-0.0001,0.0057,0.02,0.0065,-0.6695,0.0088,0.0232,-0.0082,-0.0226,0.0266,-0.5872,-0.0154,-0.0073,0.0079,-0.0063,0.0,-0.0245,0.0247,0.0064,0.1199,0.0176,-0.1308,-0.0087,-0.0181,-0.017,-0.0097,-0.0075,0.0191,0.019,-0.0093,-0.0246,0.0185,-0.0156
234,5294,108,3,standing,0.0077,-0.0162,1.0465,0.0004,-0.0856,-0.0587,0.0002,-0.0001,-0.0375,-0.0224,-0.0986,-0.077,0.0064,0.01,-0.589,-0.0695,-0.546,-0.02,0.001,-0.0073,-0.0503,0.1019,0.0076,-0.0171,-0.0355,-0.0258,0.0068,0.0,-0.5783,0.0192,-0.0172,-0.0193,-0.5598,0.8897,-0.0803,-0.0348,-0.0185,0.0191,-0.0255,-0.6669,-0.0267,0.0209,-0.0174,-0.0159,0.0184,0.0253,-0.1107,0.0081,0.0078,0.0099,-0.0161,-0.0189,-0.0259,0.0194
235,5295,108,3,standing,2.0593,-0.0081,0.0107,1.036,0.0464,-0.0006,0.0986,0.0224,-0.0001,0.067,-0.0867,-0.5974,0.6562,-0.0066,0.0054,0.02,0.001,0.0806,-0.5871,-0.6982,0.7796,-0.029,-0.1015,-0.0083,-0.5585,-0.5788,0.0002,0.0087,-0.0089,-0.008,-0.1196,-0.0163,-0.0348,-0.0094,0.0099,0.6878,-0.01,-0.1003,0.0506,0.0203,-0.0079,-0.1506,-0.019,0.0184,0.5675,-0.0097,0.9521,0.1126,0.1107,0.0173,0.0072,-0.0337,0.0061,-0.0092
236,5296,108,3,standing,0.0063,-0.0375,0.0155,-0.058,-0.0215,-0.0862,0.0969,0.0467,0.069,0.0804,-0.0796,0.0009,1.596,-0.101,-0.0359,-0.0001,-0.0002,0.0209,-0.0171,0.0209,-0.0,0.0182,0.0084,0.0208,-0.0508,-0.0086,-0.001,0.0172,-0.1199,-0.01,-0.0073,-0.0193,-0.0247,0.9895,0.0064,0.9765,-0.6857,-0.02,0.1105,-0.1309,-0.546,-0.0238,0.0094,-0.0221,0.0179,-0.0081,-0.0092,0.8958,0.0074,0.0183,-0.0199,0.0176,-0.0078,-0.017
237,5297,108,3,standing,0.0561,-0.0058,0.0106,-0.036,0.0002,1.0971,0.0004,-0.0224,0.01,-0.0001,-0.001,0.0867,0.0202,0.0468,-0.5579,0.077,-0.0095,-0.0199,0.0188,-0.5966,-0.0509,0.0094,0.0226,0.0062,-0.0255,-0.0074,0.0192,0.0057,0.0232,-0.0087,-0.0093,0.989,-0.6491,0.0065,-0.02,0.978,-0.5469,0.0082,-0.0189,-0.0806,0.0186,0.0227,0.0252,0.0176,-0.0063,0.024,0.0156,0.7881,-0.0,-0.0206,0.0183,-0.0185,0.0075,0.7796
238,5298,108,3,standing,0.0082,0.0104,-0.0573,1.0869,0.0107,0.0007,0.0959,0.037,-0.0219,0.068,0.0504,-0.5797,0.0232,0.024,0.0002,-0.0001,-0.02,0.0258,0.006,0.0158,-0.0261,-0.0255,-0.0199,-0.0087,0.0266,-0.6586,-0.0166,-0.0084,-0.0,0.6854,-0.0093,0.7561,-0.0156,-0.001,0.0807,0.0247,0.0078,-0.679,0.01,-0.0244,-0.0174,-0.0155,-0.0257,0.0253,-0.037,-0.0247,-0.0088,-0.0206,-0.0091,-0.1194,-0.0085,-0.0094,-0.0195,0.0229
239,5299,108,3,standing,-0.0077,0.0597,1.0691,0.0155,0.0789,-0.038,0.0876,0.0464,0.0202,-0.0187,-0.0005,0.0214,0.5867,-0.0965,-0.006,-0.5793,-0.001,-0.0081,-0.0001,-0.0,-0.0171,0.0235,-0.0159,0.0072,-0.0061,-0.0073,-0.0258,-0.0088,-0.0002,-0.02,0.0194,0.0508,-0.0075,0.0062,-0.0084,-0.0095,0.01,-0.0078,0.0074,-0.0156,0.9966,-0.0085,0.0096,-0.0182,-0.0261,-0.5469,-0.0163,0.0238,-0.0226,-0.017,-0.0192,0.0186,0.0198,-0.0062
240,5300,108,3,standing,0.0074,-0.0562,0.0102,-0.0461,1.5567,0.0764,-0.0163,0.0195,0.0698,-0.036,0.0009,0.0002,0.001,-0.0059,-0.0207,-0.0504,-0.0973,-0.0258,-0.0883,0.0171,-0.0286,-0.5869,-0.6865,0.0001,-0.1307,-0.0154,-0.02,0.0247,-0.5638,-0.5793,-0.7087,0.0096,-0.0091,-0.0244,-0.0238,-0.7581,-0.6694,-0.0178,-0.0182,0.008,0.0172,-0.0176,-0.0097,0.009,0.0185,0.01,0.0189,-0.0232,-0.0267,-0.7984,-0.0804,-0.0,-0.0112,-0.0088
241,5301,108,3,standing,2.6856,-0.0793,0.008,0.096,1.0585,-0.0886,2.6599,-0.0692,0.7082,0.0466,0.1195,-0.7778,-0.026,-0.6961,0.6788,0.5857,-0.035,0.5583,-0.1012,-0.0007,0.0505,0.1108,-0.5976,0.0258,-0.0362,0.6496,-0.0095,0.5445,-0.1126,0.0241,0.0244,0.0063,0.0272,0.0226,0.0803,-0.7572,-0.0267,-0.2203,0.0981,0.7971,0.0589,-0.0365,0.7469,0.2162,0.1003,0.0059,0.0206,0.0415,-0.0797,0.0173,-0.1308,-0.0062,-0.079,0.0087
242,5302,108,3,standing,0.0072,-0.0164,0.0086,1.0575,0.0301,-0.028,-0.047,0.0005,0.0793,-0.0883,-0.0957,0.0697,-0.0359,-0.0059,-0.001,-0.0002,0.0081,-0.0001,-0.01,-0.0508,-0.5866,-0.5574,-0.6877,-0.0171,0.0091,-0.0094,0.6795,-0.0354,0.0809,-0.0061,0.0173,0.0085,0.0249,0.0192,-0.0162,0.7988,0.0165,-0.1192,0.009,0.5499,-0.0089,0.006,-0.0063,-0.1019,0.0156,0.0069,0.0182,-0.0,-0.0226,-0.0078,0.0184,0.02,0.0196,-0.0098
243,5303,108,3,standing,0.0062,-0.0007,1.0172,-0.026,0.0597,-0.0108,0.038,0.0764,-0.067,0.0465,-0.0986,0.0002,0.0202,0.02,-0.0085,-0.0504,0.0204,-0.0001,-0.0171,0.01,0.5567,0.0201,0.0063,-0.0054,0.0258,0.0076,0.0,0.0244,0.5868,-0.5984,-0.001,-0.5789,0.0249,0.0173,-0.6692,-0.0195,-0.6979,-0.0188,0.0087,-0.0178,-0.019,-0.0083,0.0261,-0.0191,-0.0266,-0.0094,-0.0075,0.0174,-0.0077,0.0081,-0.0199,0.0061,-0.034,0.9615
244,5304,108,3,standing,0.0106,0.026,-0.0086,0.0008,0.0577,1.579,0.0884,0.0431,0.0375,0.0778,0.0972,0.5958,-0.0238,0.5594,0.0286,0.6482,-0.658,0.1012,0.6856,-0.6692,0.6798,0.7095,-0.0247,0.1308,0.1129,0.7974,-0.1508,0.1192,-0.6976,-0.0507,-0.0071,-0.0173,-0.0337,-0.2304,-0.2206,0.0191,-0.0365,-0.0162,-0.0002,-0.0277,-0.0597,-0.0893,-0.5464,-0.2606,-0.0267,-0.0287,-0.0088,-0.0183,0.1107,0.9963,0.001,-0.0226,-0.0425,-0.01
245,5305,108,3,standing,3.0069,-0.0188,0.038,1.6562,2.7579,0.089,-0.0577,0.0957,-0.0786,-0.5572,-0.6496,-0.0003,-0.066,-0.0212,-0.024,-0.5871,0.0467,-0.0174,0.1192,-0.0359,0.0506,-0.0352,0.0803,0.0161,-0.1012,0.0272,0.7083,-0.5987,-0.0594,-0.1306,0.1127,-0.2163,-0.0335,0.1006,0.6654,-0.0097,-0.0361,0.0253,-0.0081,-0.0095,-0.0176,0.1104,-0.0277,-0.0356,0.01,-0.5623,-0.001,-0.0348,-0.6878,-0.2207,-0.0353,-0.0427,-0.0267,0.0092
246,5306,108,3,standing,0.036,-0.0086,-0.0162,1.058,0.0109,-0.0004,-0.0215,0.0468,-0.0107,-0.0082,-0.0695,-0.0191,0.0505,-0.0242,0.0896,0.0232,-0.0251,0.5564,-0.0076,-0.0002,0.0079,-0.0154,0.001,0.0258,-0.5965,-0.6789,-0.5785,-0.0166,0.0001,-0.0181,-0.0238,0.0252,0.0194,-0.02,-0.019,-0.01,0.0078,-0.0093,0.0249,0.0174,-0.0072,-0.0063,-0.0171,0.9799,-0.6988,0.5892,-0.0075,0.017,0.0198,-0.0084,-0.0083,-0.0087,-0.0,0.0077
247,5307,108,3,standing,0.0106,-0.0055,0.0063,1.0475,-0.0591,0.0865,-0.0399,-0.0782,0.0007,0.028,-0.0981,0.0002,-0.0059,-0.001,-0.0067,-0.0504,-0.024,-0.0001,-0.6496,-0.0202,0.01,0.02,0.0077,-0.5783,0.0074,-0.5856,-0.0092,0.1018,-0.6986,-0.0097,-0.0084,0.0204,-0.0066,-0.0244,-0.006,-0.0094,-0.0068,-0.0161,-0.0062,-0.007,0.9871,0.0236,0.0232,-0.0078,0.019,0.0072,0.0076,-0.5414,-0.0267,0.0173,-0.0087,-0.0089,0.0179,-0.0095
248,5308,108,3,standing,-0.0556,0.008,1.0464,-0.0189,0.037,-0.0008,-0.001,-0.0211,-0.0206,0.0001,-0.0094,-0.0787,0.0091,0.0955,0.0876,-0.01,0.066,0.02,-0.0165,-0.0807,-0.5783,-0.0169,-0.0505,0.0258,0.6778,-0.0335,-0.0002,-0.0054,-0.0222,-0.5971,-0.0,-0.5879,-0.6885,0.1015,-0.0584,-0.1303,-0.0182,-0.0086,0.0061,0.0075,-0.0073,0.0195,0.0177,-0.0193,-0.0074,0.0238,0.8898,0.0244,0.9799,-0.0092,-0.0238,0.019,-0.038,-0.0163
249,5309,108,3,standing,0.0191,0.0096,-0.026,1.0375,0.0655,0.0594,0.047,0.0973,0.0772,-0.0003,0.0893,-0.6776,-0.5787,0.0803,-0.0302,-0.0159,-0.0002,-0.0061,-0.0001,0.5464,0.0207,-0.0505,-0.0204,-0.6856,0.5895,0.0221,0.7778,-0.0335,-0.6981,-0.0238,0.0192,-0.01,0.001,0.0085,-0.0,-0.02,-0.1015,-0.008,-0.0079,0.6597,-0.0171,-0.0082,-0.1303,0.0099,0.0086,-0.0089,0.9866,0.0206,0.009,0.0162,0.0174,0.0163,0.0106,-0.1196
250,5310,108,3,standing,0.0064,0.0107,-0.0213,1.5868,-0.058,-0.0399,0.0892,-0.046,-0.0965,-0.5957,0.0004,0.0002,0.067,0.0067,-0.0081,-0.5582,0.1109,-0.0348,0.0258,-0.0001,-0.01,-0.0154,-0.0803,-0.0093,-0.779,0.0063,-0.0078,0.0061,-0.0173,-0.001,0.6962,-0.02,-0.7596,0.0083,0.0056,-0.0091,-0.7971,0.1306,-0.0244,-0.0,-0.0086,-0.0335,-0.0247,0.0197,0.1002,-0.0174,0.0189,-0.101,0.0087,0.0066,-0.0238,-0.0503,0.0094,-0.0185
251,5311,108,3,standing,0.0073,-0.0162,1.0968,0.0082,0.026,-0.0775,-0.0569,0.0344,0.0006,-0.0854,-0.0664,0.047,0.0002,-0.5572,-0.0001,0.024,0.1019,-0.0246,0.001,0.0085,0.0245,0.6594,-0.0506,-0.01,-0.0067,-0.568,-0.0081,-0.0199,-0.0087,-0.02,-0.0227,-0.7792,0.0059,-0.0246,0.0158,0.8957,0.0244,0.0255,0.0097,-0.0238,-0.0096,-0.0266,-0.0088,-0.0807,-0.0195,-0.6661,-0.009,-0.0,-0.0083,-0.0171,0.0079,-0.0191,0.0078,-0.0076
252,5312,108,3,standing,0.0093,0.0102,-0.0789,1.0597,-0.046,-0.031,0.0881,-0.0964,-0.0003,0.0509,-0.5569,-0.0695,0.0206,0.0096,-0.001,-0.0244,0.0001,-0.0247,0.01,-0.0267,0.0171,0.0067,-0.0806,0.0066,-0.0099,0.0194,0.0,0.0231,-0.0172,-0.5791,-0.0222,-0.0002,0.0079,-0.0223,0.0258,0.0186,-0.0062,-0.0078,-0.6885,0.5961,0.7784,0.5425,0.0083,-0.0063,0.0058,0.9865,-0.568,-0.1304,-0.009,-0.0176,-0.0173,-0.0104,0.0239,-0.757
253,5313,108,3,standing,0.0155,-0.0064,1.048,0.0213,0.036,-0.0157,0.0008,-0.0772,-0.0554,0.0201,-0.0203,-0.0505,-0.0885,-0.0974,0.0056,-0.0093,-0.0186,0.0202,-0.0691,-0.0002,0.5961,-0.0001,-0.6594,0.0162,-0.0058,-0.0247,-0.6798,0.024,-0.0079,-0.0246,-0.01,0.001,0.0078,0.02,-0.6963,-0.0081,-0.0066,-0.0196,-0.0088,0.0197,-0.0173,0.017,-0.0344,0.0226,0.0195,0.9983,0.0,0.1196,-0.019,0.0189,0.0201,-0.6871,0.0175,-0.0182
254,5314,108,3,standing,0.0157,0.0085,-0.0375,-0.068,1.0463,-0.0555,-0.089,-0.0972,-0.026,-0.0091,0.0007,0.0002,-0.0781,-0.5876,0.0084,-0.0267,-0.0156,-0.6561,-0.0167,0.0001,-0.001,-0.5964,0.0507,-0.6683,-0.0096,-0.017,0.54,0.0074,-0.0182,-0.02,0.0255,-0.6895,-0.0255,-0.0062,-0.0192,0.9788,0.0,0.01,-0.0099,-0.0177,-0.0187,-0.7989,-0.0235,-0.0094,-0.0078,0.0169,-0.0193,0.0173,0.0086,0.0037,-0.0806,-0.0098,0.0232,-0.0071
255,5315,108,3,standing,0.0057,-0.0312,0.0107,0.0009,0.0468,1.5862,0.0002,0.069,-0.001,-0.0585,-0.0893,-0.021,-0.02,-0.0956,-0.0,0.6072,-0.5475,-0.0083,-0.0272,0.029,-0.0277,0.01,0.6584,-0.0505,0.5589,-0.0803,-0.1306,-0.0001,0.0078,0.0262,0.7097,-0.0086,-0.6787,0.0059,0.0096,0.008,0.0257,-0.7969,0.0166,-0.1109,-0.1015,-0.6495,-0.0182,-0.0277,-0.0174,-0.0258,0.7771,-0.0192,0.9961,-0.0226,-0.0267,-0.0181,-0.0098,-0.0247
256,5316,108,3,standing,0.0079,-0.0108,0.0206,1.0783,0.0364,0.0557,-0.0691,0.026,-0.0499,-0.0073,0.0005,0.0187,0.0204,-0.0062,0.0241,0.0,-0.0505,-0.097,-0.0078,0.0001,-0.5898,-0.0171,-0.0002,0.001,-0.01,-0.0072,0.0056,0.0244,-0.0209,-0.0081,-0.008,-0.0061,-0.0167,-0.0084,0.7788,0.0085,-0.0169,0.5965,-0.0245,0.5595,-0.0082,0.02,0.0092,0.0063,-0.0189,-0.0229,-0.0074,0.6894,0.0193,-0.0242,0.0175,-0.6697,-0.0176,-0.0054
257,5317,108,3,standing,0.0086,-0.0105,0.026,1.0466,0.0364,-0.0799,-0.001,-0.0002,0.0867,0.0006,0.0954,0.0697,-0.0091,-0.5971,-0.0258,0.0809,-0.101,-0.5583,0.0082,-0.0195,0.6885,-0.0001,0.0235,0.0204,0.01,0.1121,-0.024,-0.0078,0.0506,-0.5892,0.1199,-0.5788,-0.7563,0.0235,0.0065,-0.1108,0.024,-0.0255,0.1003,-0.0074,-0.0093,-0.0206,0.0209,0.8079,-0.0156,-0.0236,-0.0189,-0.0267,-0.0208,0.6961,-0.02,-0.7794,-0.0,-0.1308
258,5318,108,3,standing,0.0058,-0.0102,1.5592,-0.0798,0.0434,0.0007,0.0399,0.0096,-0.0001,-0.056,-0.0972,-0.01,0.0695,0.0002,-0.6486,-0.0189,0.0879,0.1012,-0.0508,-0.6897,-0.6788,-0.0094,-0.0348,-0.0,0.5981,0.1127,-0.0354,0.001,0.1308,0.777,0.0062,-0.1008,-0.0342,-0.0359,0.5775,0.0807,-0.008,0.0252,-0.1196,0.02,-0.0286,-0.0355,-0.0246,-0.0165,-0.0556,-0.0174,-0.0076,0.0238,0.0085,0.1104,0.0169,-0.0084,-0.024,-0.0209
259,5319,108,3,standing,0.0081,-0.0005,0.0187,-0.0375,1.5569,0.0464,0.0692,-0.0174,0.0576,-0.0799,0.0507,0.0972,-0.028,-0.0891,0.1197,-0.547,0.0286,-0.0267,-0.0208,-0.1307,-0.1014,-0.0002,-0.0189,-0.0158,0.0283,-0.0062,-0.0809,-0.024,0.0206,0.7765,-0.0193,-0.0067,-0.0168,-0.01,-0.0094,-0.0085,-0.0287,-0.0001,0.0059,-0.0244,-0.669,-0.1106,-0.5783,0.001,0.0204,-0.0163,0.0255,0.0197,-0.0221,-0.0096,-0.0266,0.0073,-0.0171,-0.0277
260,5320,108,3,standing,0.0158,-0.006,0.028,0.0003,0.0364,-0.0076,0.001,1.5577,0.0078,-0.0581,-0.0789,-0.0173,0.0499,-0.0268,0.0109,-0.0693,0.0509,0.0002,0.0867,-0.0001,-0.01,0.0062,0.0266,-0.0059,-0.0,-0.02,-0.5785,0.9775,-0.0287,-0.5465,-0.0156,-0.0084,0.6863,0.0196,-0.0166,-0.0191,-0.0283,0.0803,-0.0286,0.0227,0.0195,-0.0072,-0.0174,-0.0061,0.007,-0.6987,-0.009,0.8894,-0.0082,0.0186,-0.024,-0.0198,0.0053,-0.0258
261,5321,108,3,standing,-0.0073,0.0191,1.5868,-0.0375,-0.0557,-0.0083,0.078,-0.0963,0.0859,0.0693,0.0412,-0.0219,-0.0003,-0.02,0.6597,0.01,-0.0192,-0.0072,0.0184,0.1102,-0.0001,-0.6481,0.0201,-0.0504,-0.0335,-0.024,-0.0002,0.0204,0.5579,0.1019,-0.0,-0.6067,0.001,-0.0056,0.0209,-0.0195,-0.0171,0.1008,0.1199,-0.0086,0.0594,-0.7798,-0.0176,-0.019,0.0207,0.0202,-0.031,-0.0237,-0.017,0.0162,-0.0087,0.0204,-0.547,0.8861
262,5322,108,3,standing,0.0165,-0.0093,0.0563,-0.0959,-0.0461,-0.028,-0.0509,-0.0871,0.0206,1.5564,0.0692,0.0375,-0.0786,0.586,0.0006,-0.001,-0.0085,-0.0804,-0.0169,0.0073,0.0072,-0.0162,0.0097,-0.0056,-0.0001,-0.0002,-0.0267,-0.0167,0.0235,-0.0083,0.5795,-0.0076,0.0184,0.02,-0.0068,-0.0181,0.0247,0.0258,-0.0199,-0.0091,-0.034,-0.0246,-0.0174,-0.0177,0.01,-0.0261,0.0249,0.8896,0.0054,-0.1014,0.989,0.7978,-0.0182,-0.0322
263,5323,108,3,standing,0.0106,-0.0076,0.0585,0.023,-0.0104,0.0775,1.6594,-0.038,-0.0955,-0.0503,-0.089,0.0221,-0.0007,0.0252,0.0206,0.0002,-0.001,0.0161,-0.0082,0.01,-0.0244,-0.5898,0.0162,-0.006,-0.0057,0.0054,0.7772,-0.0159,-0.0174,-0.0001,-0.024,-0.6484,0.6768,-0.0081,-0.0,-0.0246,0.0086,0.0235,-0.0092,-0.0093,-0.0807,0.0056,0.0091,0.0188,0.0071,-0.0063,0.7987,0.0078,-0.0097,0.0195,-0.6696,-0.0183,0.997,0.0201
264,5324,108,3,standing,0.0055,-0.0364,1.5878,-0.0162,-0.086,0.0214,0.0796,0.0963,-0.0461,-0.0699,0.0581,0.001,0.1196,0.0001,-0.1108,-0.0093,-0.0187,-0.0194,-0.0005,-0.0085,-0.0082,-0.0002,-0.0506,-0.0091,-0.0077,0.01,0.0809,-0.0083,0.1306,-0.0067,-0.0157,0.0227,-0.0226,-0.0,-0.0166,0.0245,0.8074,-0.0235,0.0154,0.0173,0.0088,-0.5969,0.0175,-0.0086,-0.6571,0.0249,-0.5637,-0.0197,-0.0195,-0.02,-0.7092,0.0079,-0.0076,0.0117
265,5325,108,3,standing,0.0066,-0.0187,0.0003,-0.0761,1.5792,-0.038,-0.089,0.0973,0.0554,-0.0464,0.0224,-0.0504,-0.0001,-0.5856,0.0204,-0.0078,-0.0165,-0.066,0.001,-0.01,-0.0,0.1018,-0.017,-0.1197,0.0246,0.0084,0.5985,-0.0348,0.0068,0.1108,0.0199,0.0226,0.0806,0.0093,-0.5572,0.0175,-0.0002,-0.0097,-0.0163,-0.6769,0.0079,-0.0204,-0.0181,-0.0182,0.0195,0.0077,-0.0176,-0.0071,-0.0162,-0.0089,-0.0198,-0.0058,0.0201,0.0191
266,5326,108,3,standing,0.008,-0.0103,0.0793,0.0562,1.5568,-0.046,0.0219,-0.0007,-0.001,0.0881,-0.0692,-0.0979,-0.547,-0.6574,0.0507,-0.119,-0.5861,0.1122,-0.5963,-0.0064,0.6784,-0.0002,-0.0204,-0.0082,0.02,-0.0099,0.0001,0.5789,0.0803,0.1303,0.7776,-0.1104,0.1015,-0.01,0.0206,0.1005,-0.0073,-0.0172,0.0056,0.0197,-0.0071,-0.0266,0.0086,-0.0257,-0.0287,-0.0,-0.0185,-0.0088,-0.0078,0.6987,-0.0075,0.0194,-0.009,0.0096
267,5327,108,3,standing,-0.0062,0.0195,-0.0893,-0.0581,0.038,0.0212,-0.0468,-0.0965,-0.069,-0.0799,-0.5475,1.5584,0.0008,0.1015,-0.5864,-0.0507,0.1199,0.0238,0.0067,0.0076,-0.0079,0.0002,-0.0169,-0.0227,-0.0061,0.0187,-0.0073,-0.001,-0.0166,0.0001,-0.01,-0.02,-0.5785,0.5963,0.0077,0.0803,-0.0071,0.1002,-0.0556,-0.0206,-0.0197,-0.0088,-0.1308,-0.0221,-0.0,-0.786,-0.007,-0.0182,0.0201,-0.0074,-0.0192,-0.0194,0.0036,0.0091
268,5328,108,3,standing,0.036,-0.0082,0.0102,-0.0581,-0.0773,1.5564,0.0469,-0.089,0.0008,0.0162,-0.0086,0.0965,0.0508,-0.547,0.01,-0.5884,-0.0002,-0.0699,-0.6791,-0.5639,0.6883,0.001,-0.0001,-0.5963,-0.5787,-0.0206,-0.1019,-0.0354,0.0175,-0.0277,-0.0061,-0.1005,0.0166,-0.0227,-0.0074,-0.0193,-0.0578,-0.0244,0.119,0.1109,-0.0204,0.0221,0.0189,0.7795,-0.0097,-0.0092,-0.0803,0.018,-0.0085,0.0171,-0.0235,-0.0222,-0.1303,-0.0594
269,5329,108,3,standing,0.0065,-0.0173,0.0005,1.0664,0.0561,-0.028,0.0077,-0.0002,0.0466,-0.0312,-0.0958,-0.0863,-0.0083,0.006,-0.0072,0.001,-0.0261,-0.0788,0.6786,-0.01,0.0,-0.02,0.0197,-0.5784,0.0001,-0.0803,-0.0509,-0.0168,0.8978,-0.024,0.0247,0.1012,-0.0192,-0.5582,-0.5675,-0.1304,-0.0227,-0.6971,0.0099,-0.0194,-0.017,-0.0335,0.0087,0.0162,-0.0196,0.0195,-0.0266,-0.0059,-0.0085,-0.0154,-0.0181,0.7976,-0.009,0.0267
270,5330,108,3,standing,0.008,-0.0103,0.0007,1.0972,-0.0054,0.0475,0.026,-0.077,0.0561,-0.0697,0.0893,0.001,-0.01,-0.5577,0.0507,-0.579,0.0164,-0.6581,0.5983,0.0204,0.0087,-0.119,-0.1105,-0.027,-0.0002,-0.0085,-0.0067,-0.0267,-0.0162,0.0173,0.0283,-0.0286,0.0192,0.0158,0.024,0.0176,-0.0,-0.0247,0.0195,-0.02,-0.0056,-0.0287,-0.6974,0.8971,-0.0591,0.0001,0.0266,-0.0068,0.7898,-0.0086,0.0082,-0.0166,-0.0179,-0.0596
271,5331,108,3,standing,0.0064,-0.0103,0.0005,-0.0468,0.0154,-0.077,1.5972,0.0165,-0.0558,-0.026,-0.0973,-0.0876,-0.5574,0.008,-0.0696,0.0002,-0.0082,-0.0191,-0.5699,0.0509,0.0804,0.01,0.0188,0.02,-0.0335,-0.0095,-0.7794,-0.0085,-0.0244,0.6771,0.0,0.0266,-0.0247,0.0181,-0.001,-0.119,0.0186,0.0069,-0.0001,0.0206,0.0245,-0.0287,-0.0084,0.0063,-0.0097,-0.0079,0.8975,0.6683,-0.0093,-0.1104,-0.0061,-0.1012,-0.0162,0.0057
272,5332,108,3,standing,2.0108,-0.0057,0.038,1.5563,-0.0212,0.046,0.0008,-0.0789,0.0577,-0.0976,-0.0505,-0.6859,-0.0692,-0.101,0.0002,-0.0221,-0.0001,0.0238,-0.01,-0.0058,-0.0091,0.0184,-0.024,-0.0276,-0.0086,-0.0197,0.1198,-0.0064,0.001,-0.6787,0.0245,-0.0172,-0.0193,0.0247,-0.02,-0.0073,0.9982,-0.0267,0.0094,-0.0056,-0.5466,-0.6575,0.0162,0.0226,0.0,-0.0241,-0.0071,-0.0266,0.0195,0.017,-0.7869,-0.0208,0.0174,0.0188
273,5333,108,3,standing,0.0063,-0.0174,1.0973,0.0007,0.0585,-0.0464,-0.0791,-0.0895,-0.037,0.0002,-0.023,-0.001,0.5789,-0.0697,0.0158,-0.5475,-0.6584,-0.0001,0.0072,0.5579,0.0087,-0.609,-0.0086,0.0509,-0.0354,-0.01,0.0092,-0.5981,-0.0809,0.0226,-0.0169,-0.0094,0.0247,-0.0247,-0.0232,0.0235,0.0238,-0.02,-0.1303,-0.7767,0.0228,0.0,0.0093,0.0258,-0.0099,-0.5645,-0.0088,0.0249,-0.1106,-0.024,0.0208,-0.0166,0.0227,-0.0168
274,5334,108,3,standing,-0.0079,0.0174,1.047,0.0655,0.028,-0.0004,-0.059,0.0893,-0.0375,-0.0002,0.0781,0.0807,-0.0967,-0.0504,0.0159,-0.0057,-0.5892,-0.0066,-0.0001,-0.6856,0.0087,0.0208,0.01,-0.001,-0.0199,0.546,-0.0201,0.0267,0.0182,0.0065,0.0209,0.02,0.0083,0.0,0.0091,-0.7876,-0.1307,-0.6461,-0.0195,0.1018,-0.0188,-0.0235,-0.0097,-0.0184,-0.0201,-0.0189,-0.0069,-0.0163,0.1192,-0.0227,-0.0096,-0.0594,-0.0173,0.0062
275,5335,108,3,standing,0.0,-0.0055,0.0103,-0.0213,-0.0464,0.0585,0.0005,1.069,0.0002,0.086,0.0508,-0.0774,0.0959,-0.5861,-0.001,0.02,-0.1014,-0.5783,-0.1304,-0.6694,-0.1106,-0.6984,0.0001,0.7793,-0.0096,0.0054,0.01,-0.0163,0.0806,0.0181,-0.0187,-0.0186,-0.6871,0.0203,0.0197,-0.0258,-0.6572,0.0206,0.1126,-0.0,-0.0082,-0.0089,0.7856,0.0076,-0.1507,-0.018,-0.1009,0.0067,0.0098,-0.0088,0.119,-0.0079,-0.0173,-0.0075
276,5336,108,3,standing,0.0081,-0.0171,0.0593,-0.0463,-0.0873,1.0791,-0.0216,-0.0364,0.0955,-0.0692,0.0008,0.0252,-0.001,-0.0096,-0.0169,0.0002,0.0076,-0.5794,-0.0077,0.0001,-0.0087,0.0235,-0.01,-0.588,-0.677,0.0082,-0.0509,-0.0247,0.6066,0.0,-0.0189,0.02,-0.5465,-0.0074,-0.0227,0.019,-0.0185,-0.0086,0.0161,-0.0088,0.0258,-0.0084,-0.5968,-0.0232,0.0246,0.0172,0.0056,-0.0075,-0.0095,-0.0036,-0.0255,-0.0079,0.0178,-0.0099
277,5337,108,3,standing,0.008,-0.0173,0.0907,1.5878,0.0854,-0.0562,-0.036,-0.0692,0.0081,0.023,0.0499,0.0007,-0.01,0.0002,-0.6494,-0.0509,-0.0001,-0.0202,-0.6876,-0.0172,-0.001,-0.6788,0.1105,0.02,-0.0809,-0.1195,-0.0093,-0.5963,-0.0222,0.0,-0.5796,-0.0082,0.1008,0.5561,-0.6583,-0.0075,0.7766,-0.0174,-0.6956,-0.1124,0.7984,0.0206,-0.0195,-0.0187,0.0191,-0.8971,0.0244,0.1303,-0.0267,0.0209,-0.0247,-0.1506,0.0236,-0.0086
278,5338,108,3,standing,3.0793,0.0063,-0.0109,0.0364,-0.0862,1.6971,-0.0591,0.0059,-0.026,0.0694,-0.0002,0.0461,0.0004,0.0072,-0.5865,0.0001,0.0,0.001,-0.008,-0.0166,-0.0081,-0.0084,0.9855,0.0057,0.02,-0.01,0.0186,0.0067,-0.0504,-0.0097,0.7796,0.7082,-0.0074,0.0095,0.0176,-0.542,-0.0238,0.7587,-0.0088,-0.0222,-0.0168,0.8512,0.0244,-0.0179,0.0266,-0.0223,-0.0192,-0.009,0.0156,-0.0173,0.0189,0.0106,0.0083,0.0099
279,5339,108,3,standing,0.0062,-0.0555,0.0106,1.0775,-0.0364,0.0004,0.026,0.0002,-0.0001,-0.001,0.0058,-0.041,-0.0985,-0.088,-0.0,0.0054,0.0057,0.0077,-0.6784,0.0192,-0.0065,0.0087,-0.02,-0.01,0.9799,-0.6881,0.0056,0.8874,-0.0078,0.0166,-0.017,0.0093,-0.5973,-0.0089,-0.0091,-0.0061,-0.0509,0.0176,-0.0245,-0.0235,0.0201,-0.0186,0.1012,-0.0096,-0.0079,-0.0069,-0.009,0.0172,0.0071,-0.0063,0.0094,0.0183,-0.0046,0.0195
280,5340,108,3,standing,0.0158,-0.0076,0.0461,1.0889,-0.0573,-0.0221,-0.021,-0.0172,-0.0002,0.0974,0.0007,0.0788,-0.032,0.0803,-0.068,-0.0093,-0.0055,0.119,-0.001,0.0171,-0.0082,0.0509,-0.0001,-0.0192,0.5957,0.0261,-0.0063,-0.0229,-0.0231,-0.0056,-0.6094,-0.01,-0.0086,-0.0091,0.0,0.0241,0.0077,-0.0226,-0.0204,0.0247,-0.0087,-0.0064,-0.02,0.0197,0.9985,-0.0255,0.0069,-0.0079,-0.0222,-0.0062,-0.0078,-0.0198,-0.0184,-0.0065
281,5341,108,3,standing,0.0109,-0.0073,0.0566,1.0791,-0.0212,-0.036,-0.0468,-0.0009,-0.0001,-0.0693,-0.5894,-0.0076,-0.0896,0.0063,0.0,-0.001,0.0203,-0.0197,0.0079,-0.0002,0.0245,0.0062,-0.01,0.0161,-0.5784,-0.0238,0.02,-0.5978,0.0185,-0.0072,-0.0067,-0.0065,-0.0506,0.0199,0.0262,0.989,0.8955,0.8892,-0.0054,-0.0175,0.0242,0.0226,-0.0056,-0.0082,0.0077,0.0074,-0.0064,-0.0081,-0.0071,0.0195,-0.0187,-0.6986,-0.0204,-0.007
282,5342,108,3,standing,-0.0058,0.0187,1.5967,-0.0655,0.096,-0.059,-0.077,-0.0335,0.0215,-0.038,-0.0005,-0.0169,-0.0873,-0.0437,-0.0184,0.0161,-0.0509,0.0002,0.0202,-0.1018,0.0064,-0.0226,-0.0094,0.0066,0.0181,0.0172,0.0062,-0.0001,0.01,-0.0,-0.0074,-0.0056,-0.7797,0.0195,-0.0803,-0.5799,-0.0207,0.0078,-0.02,0.0247,0.8965,0.9863,-0.0154,-0.0086,0.0227,-0.0085,0.0168,0.001,-0.0091,-0.8893,-0.0179,0.0083,0.0205,-0.0176
283,5343,108,3,standing,0.0165,-0.0066,0.0557,1.0468,-0.0697,-0.037,0.0873,0.023,-0.0764,-0.5978,-0.0001,-0.0983,0.0186,-0.0222,0.001,-0.5469,-0.01,-0.0004,0.1015,0.0002,-0.0207,0.0238,-0.0506,0.0204,-0.0267,-0.0091,-0.0,-0.5856,0.0094,0.0195,0.0072,-0.5585,-0.0067,0.0192,-0.1108,-0.0247,0.9974,0.0206,0.8975,-0.0062,-0.0177,-0.02,-0.0071,0.0176,-0.0227,-0.038,0.0098,-0.0096,0.0226,-0.0182,0.0187,0.6093,0.019,-0.0061
284,5344,108,3,standing,0.0074,0.0189,-0.025,0.0972,0.0664,1.6595,-0.0882,-0.058,0.0463,-0.0788,0.5579,0.0003,-0.0312,0.5785,-0.0508,0.0001,-0.119,-0.0191,-0.0158,0.1129,-0.0078,-0.5981,-0.0199,-0.02,-0.0192,0.0093,0.0804,-0.0002,0.1012,-0.0084,-0.0073,-0.0198,-0.0071,0.1102,-0.01,-0.0061,-0.0069,0.6776,0.001,-0.0096,0.1306,-0.0087,0.1009,0.0162,-0.0068,0.756,-0.0056,0.1506,-0.009,-0.54,-0.0066,-0.0,-0.7786,-0.0097
285,5345,108,3,standing,0.0079,-0.0173,0.0789,-0.0464,-0.059,1.0399,-0.0897,0.067,-0.0211,0.0005,-0.0086,0.0959,-0.0174,-0.5578,0.0505,0.0054,-0.5794,-0.0208,-0.001,0.0235,-0.01,-0.0002,-0.008,0.0171,-0.5877,-0.0065,-0.0187,0.0076,0.0001,0.0067,-0.0207,-0.0,-0.0195,-0.0266,-0.0175,-0.0244,-0.0161,-0.02,0.9866,-0.0063,0.0247,-0.6092,0.0085,-0.0244,-0.0221,-0.0196,0.0156,0.8891,-0.0062,-0.0081,0.6884,-0.0082,-0.0169,0.0229
286,5346,108,3,standing,-0.0463,0.0077,0.0187,1.0576,-0.036,-0.0664,-0.0007,-0.0002,-0.0507,-0.0216,-0.0896,-0.078,-0.01,0.0973,-0.0072,0.001,0.0171,0.597,-0.0001,0.0058,-0.5581,0.0095,-0.5445,-0.0,-0.0189,0.0056,-0.0167,-0.0803,0.5786,0.02,-0.0335,-0.7969,-0.659,-0.0168,-0.0078,0.0206,0.0174,-0.0061,-0.8866,0.1198,-0.0099,0.0202,0.9775,-0.0162,-0.0184,0.0344,0.1102,-0.1019,-0.0092,0.0094,0.0091,-0.0085,0.0098,-0.0047
287,5347,108,3,standing,0.0165,-0.0085,0.0767,1.0499,0.028,0.0375,0.0576,-0.0007,0.0162,-0.0856,0.0955,-0.0084,-0.0503,-0.0286,-0.0692,0.0806,0.001,-0.02,0.0171,-0.6891,0.0088,-0.0247,0.0244,-0.0002,0.1014,-0.0166,0.0001,0.0081,-0.0255,-0.0061,-0.0073,-0.5783,0.0245,0.0182,0.1194,0.016,-0.0174,-0.0187,-0.01,-0.0177,0.0257,0.0063,0.1306,-0.0258,-0.0064,-0.5879,-0.0247,-0.0197,0.0069,-0.0086,0.0,0.0204,-0.0195,-0.0178
288,5348,108,3,standing,0.0076,0.0556,-0.0883,1.0979,-0.0102,-0.038,-0.0697,-0.0466,-0.0789,-0.5969,0.6081,0.0093,-0.0002,-0.0001,0.5574,-0.0006,-0.0167,0.0207,-0.0061,-0.0086,-0.5871,-0.0063,-0.649,-0.0238,0.001,0.0803,-0.02,-0.5787,0.0204,0.0504,0.0078,-0.0165,-0.5475,-0.0277,-0.0099,0.0094,-0.01,-0.0082,0.0267,-0.0258,-0.0229,0.0195,-0.6862,-0.0267,-0.0077,-0.0092,-0.0185,0.0172,0.9873,0.8891,-0.0184,-0.1195,0.0202,0.709
289,5349,108,3,standing,0.0109,-0.008,1.0874,-0.0206,0.0789,-0.056,-0.0004,-0.0321,-0.0079,0.0655,-0.0002,-0.0001,0.0464,-0.028,-0.0504,0.001,-0.01,-0.5957,0.0235,-0.024,-0.5871,-0.0065,-0.0221,-0.0187,0.0167,0.1192,0.977,-0.1308,-0.024,-0.0078,-0.0206,0.024,-0.6884,0.9976,-0.0173,0.8854,-0.0077,0.0066,-0.0193,-0.1107,-0.02,0.9862,0.0056,-0.0185,-0.0,0.0169,-0.0091,0.024,0.7572,0.009,-0.0204,0.0255,0.0182,-0.0086
290,5350,108,3,standing,0.0077,-0.0104,0.0006,-0.0002,1.5598,-0.006,-0.0215,-0.0863,-0.068,0.0566,0.0399,-0.0509,0.001,-0.0775,0.0001,0.5867,0.0979,-0.02,-0.01,0.0806,0.1199,-0.0073,0.0094,0.0262,0.0,-0.5789,-0.5468,0.0169,-0.0088,0.9765,-0.6461,0.0244,-0.563,0.0174,-0.0093,-0.0245,0.0083,0.0185,0.0192,0.0187,-0.0335,-0.0095,-0.0084,-0.0062,-0.0255,0.0258,0.0235,-0.5976,0.0263,-0.0238,-0.0082,0.017,-0.019,-0.0238
291,5351,108,3,standing,-0.0104,0.006,-0.038,1.5883,-0.0009,-0.0001,-0.021,0.0566,-0.0791,-0.0892,0.0695,-0.0505,0.0077,-0.0967,-0.0064,0.0076,-0.001,-0.597,0.0194,-0.0,-0.0074,0.0172,0.0002,0.5573,-0.5784,-0.02,-0.0065,0.1017,0.9856,0.1009,0.0161,-0.0227,0.0085,0.0063,-0.0186,0.0182,0.0267,-0.0258,0.0809,-0.01,-0.0075,-0.5469,-0.0068,0.0078,-0.0335,0.0097,-0.0188,-0.0232,-0.0237,-0.0258,0.0079,0.0087,0.0096,-0.0255
292,5352,108,3,standing,0.0106,-0.0462,1.0869,0.0064,0.028,0.033,-0.0558,-0.0008,-0.0954,-0.0796,0.0002,-0.0509,-0.0199,-0.0,-0.0056,0.0157,-0.01,-0.5594,0.024,0.0165,-0.027,-0.0059,0.0258,-0.0086,-0.0001,-0.02,0.001,-0.0251,-0.7766,0.0174,-0.0804,0.6792,0.9871,0.0261,-0.0079,-0.686,-0.7876,0.897,-0.0246,-0.0087,0.0075,0.0185,0.0266,0.9761,0.0181,0.1008,0.0191,-0.0088,0.0182,0.0195,-0.0258,-0.0072,-0.0257,-0.0261
293,5353,108,3,standing,0.03,-0.0106,0.0871,1.0793,0.0976,0.023,0.0597,-0.048,-0.0809,-0.5795,-0.0331,-0.5572,-0.0073,-0.0004,-0.1015,0.0505,-0.6083,-0.0335,0.6591,0.0002,-0.669,-0.01,-0.0161,-0.1105,0.5967,0.0204,-0.0252,-0.5854,-0.119,0.7578,-0.7764,-0.0354,0.797,0.1505,-0.1306,-0.1124,0.1002,-0.0184,-0.0587,-0.0585,0.0096,-0.0062,-0.0332,-0.0355,-0.0082,0.6886,-0.2162,-0.02,-0.0092,0.0227,-0.2606,-0.5638,-0.0889,-0.0081
294,5354,108,3,standing,0.0102,0.0066,-0.0007,0.0655,-0.046,0.0799,-0.0084,1.0364,0.0554,-0.0893,-0.0094,-0.0971,-0.588,-0.0503,-0.0221,-0.679,0.0235,0.0585,0.1011,-0.0286,-0.0001,-0.5781,-0.0173,0.0002,0.0161,0.1122,-0.0804,-0.001,-0.0222,-0.0238,-0.0252,-0.0172,-0.02,-0.0087,-0.0258,-0.0088,-0.1309,-0.0191,-0.0077,0.0096,0.0249,-0.6595,0.0082,-0.0086,-0.0238,-0.01,-0.0076,0.0097,-0.0,0.0179,-0.0222,0.0258,0.0162,-0.0056
295,5355,108,3,standing,0.0083,-0.0159,1.0554,-0.069,0.0871,0.0463,0.0793,0.0314,-0.0218,-0.0088,-0.0003,0.0958,0.0064,0.0231,-0.0506,-0.5589,0.0156,0.0082,-0.0074,-0.0206,-0.0085,0.02,-0.0076,0.0062,-0.0002,-0.01,-0.0229,-0.0184,-0.0194,0.001,0.6881,0.0072,-0.0227,-0.0078,-0.7767,-0.0175,0.0061,-0.0807,0.5798,0.0001,-0.6696,0.0179,-0.6569,-0.0195,0.0097,0.024,0.6086,0.0092,-0.0099,0.0247,0.0237,0.1019,0.0087,-0.0058
296,5356,108,3,standing,0.0558,-0.0062,1.0475,-0.0155,-0.0873,-0.026,0.033,-0.0007,0.0796,0.0002,0.0227,-0.0986,0.068,0.0001,-0.0185,0.0059,-0.0156,0.0206,-0.01,-0.0171,0.001,-0.0222,-0.0094,-0.0064,0.0809,-0.5789,0.0097,-0.0077,-0.02,0.0258,0.0063,-0.7098,0.0081,-0.0167,0.0509,-0.0235,-0.5465,-0.0088,0.0168,0.7972,0.1018,0.0092,-0.0227,0.0226,0.0184,-0.0099,-0.0095,0.009,-0.0182,-0.0247,-0.0078,-0.0187,0.0091,0.0174
297,5357,108,3,standing,0.0065,-0.0187,1.0876,-0.0007,-0.0557,-0.043,-0.028,-0.0364,-0.066,-0.0767,0.0959,0.1107,-0.0001,0.0082,-0.0806,-0.0156,0.5884,0.5583,-0.0063,0.0002,0.024,0.0169,0.0238,-0.0066,-0.001,-0.0197,0.0175,-0.0507,-0.02,0.1124,0.0054,0.0261,-0.0344,0.0192,0.0073,0.1015,0.0081,-0.0095,-0.1198,0.0099,-0.0232,-0.01,-0.7871,0.0068,-0.0206,-0.0186,-0.0244,-0.0061,-0.0,-0.0093,-0.7077,-0.0079,0.0235,0.9872
298,5358,108,3,standing,0.0103,-0.0054,0.0172,1.5955,0.028,0.0165,0.0467,0.001,0.0005,-0.0591,0.0789,-0.0695,-0.0981,-0.5782,-0.0221,0.0002,-0.0001,-0.0208,0.0077,-0.0093,-0.0863,-0.0166,0.0245,-0.0168,0.0261,0.02,0.0231,0.9869,-0.0187,-0.0161,0.6462,-0.0504,0.006,-0.0088,0.0184,0.0076,0.0186,0.007,-0.5635,0.01,0.0078,-0.0094,0.0196,-0.0226,-0.0158,-0.019,-0.0317,-0.0204,0.0085,-0.0083,-0.7597,-0.0173,-0.0171,-0.0037
299,5359,108,3,standing,-0.0191,0.0059,0.0007,0.0468,1.0779,-0.0217,0.0064,-0.0001,0.037,-0.0057,-0.0172,0.0566,0.0207,-0.0076,-0.0002,-0.0155,-0.5871,-0.01,-0.0861,-0.0174,-0.0507,0.0201,-0.0696,-0.001,0.0165,-0.0986,-0.0203,-0.0181,-0.0209,-0.02,0.0244,-0.0,0.0175,0.0097,-0.0063,-0.0162,0.9977,0.1012,-0.0088,-0.0094,0.0193,0.786,-0.0083,-0.0089,-0.548,-0.0085,0.0098,-0.0173,0.0092,-0.0167,-0.0245,-0.019,-0.0238,-0.0056
300,5360,108,3,standing,0.0073,-0.0594,1.0198,0.0879,0.0095,0.0499,0.0782,0.0958,0.0375,-0.0655,0.5967,-0.0214,0.0005,0.0204,-0.0507,0.01,-0.001,-0.0077,-0.5797,-0.0174,-0.0335,0.0,-0.0002,-0.0061,-0.0072,-0.547,-0.0229,0.0062,-0.0809,-0.568,0.0066,-0.0088,-0.0084,-0.0064,-0.0068,-0.1305,0.6963,0.6592,-0.1015,-0.0247,0.0196,0.0083,0.0236,-0.0091,-0.0089,-0.0086,-0.0187,-0.0193,-0.0238,0.0246,-0.009,-0.0171,-0.0062,-0.0176
301,5361,108,3,standing,-0.0182,0.0077,1.0961,0.038,0.0692,-0.0005,0.0211,-0.0574,-0.0401,0.0897,-0.077,-0.5856,-0.5789,-0.0091,-0.001,-0.6859,-0.6494,-0.6784,-0.0081,0.0199,-0.0507,-0.0165,-0.0085,0.01,-0.0002,-0.0193,0.0,0.0072,0.0054,-0.0001,-0.02,0.0204,-0.0244,0.024,-0.1192,0.101,0.0171,-0.0204,-0.0258,0.0166,0.006,0.0206,-0.0183,0.0073,-0.0186,0.0075,-0.0244,-0.0076,0.0249,-0.0096,-0.0087,0.0063,-0.0255,-0.0103
302,5362,108,3,standing,0.0558,-0.0104,0.006,0.038,1.5466,-0.0086,0.0006,0.0892,-0.0969,-0.0076,-0.026,-0.0173,-0.5578,-0.0699,-0.0095,-0.0157,0.0238,0.0781,0.0082,0.0258,-0.0508,-0.0002,-0.001,-0.0001,-0.0074,0.9767,-0.5965,-0.0083,0.0235,-0.01,-0.02,0.0807,-0.0196,-0.0088,0.0061,0.0244,0.0,-0.0335,0.0189,-0.0232,-0.6491,0.017,-0.0062,-0.0239,-0.0246,0.0266,0.1015,-0.009,0.9872,0.0236,-0.0179,-0.0056,-0.0168,0.8771
303,5363,108,3,standing,2.7571,0.0157,-0.0077,1.5898,2.0695,-0.043,-0.0003,-0.0787,-0.088,0.0554,0.0955,-0.036,-0.0062,0.025,-0.0001,-0.0507,0.0065,0.001,0.0202,0.0191,0.0081,-0.0059,0.0073,0.0078,0.0,-0.0247,-0.0255,-0.0002,-0.0245,-0.0196,-0.0086,-0.0072,-0.0068,0.0097,-0.0082,-0.0161,0.6467,-0.0099,0.0189,-0.0229,-0.0188,-0.0194,0.024,-0.01,-0.0079,0.0227,0.7066,0.0156,-0.0074,-0.0231,-0.0807,-0.0169,0.9326,-0.0244
304,5364,108,3,standing,0.0076,-0.0212,0.0104,-0.0585,1.0898,0.0957,-0.0005,-0.0786,-0.038,-0.0509,0.0694,-0.0173,-0.0002,-0.6797,0.001,0.1192,-0.5583,-0.0806,0.024,-0.6862,-0.0001,-0.5981,0.0065,-0.0077,0.0221,-0.0079,-0.0354,-0.0,-0.0195,-0.547,0.0189,-0.0074,-0.5884,0.6961,-0.0166,-0.1306,0.1124,-0.0235,-0.0222,-0.02,-0.006,-0.01,0.0156,-0.0078,-0.0092,0.0096,-0.0091,-0.0204,-0.0175,-0.0255,0.0182,0.0072,-0.0246,0.0087
305,5365,108,3,standing,0.0081,0.0186,-0.068,1.5871,-0.0467,0.0375,0.0005,-0.0002,-0.0872,-0.0594,-0.001,0.0788,-0.5582,-0.0219,0.0957,-0.0001,-0.0363,0.0196,0.0062,-0.6864,-0.0238,0.0266,0.0508,-0.0,0.0192,-0.6598,-0.01,0.0095,-0.0277,-0.02,0.0169,0.0267,0.0804,-0.0159,0.0063,-0.541,0.977,-0.0174,-0.776,-0.0056,-0.6683,0.0084,0.0087,0.0093,0.0085,-0.0176,0.0161,-0.0078,-0.0099,0.0268,-0.0101,-0.0258,-0.0179,-0.0091
306,5366,108,3,standing,0.0062,-0.0171,1.0878,0.0695,-0.0591,0.0313,0.0793,0.0957,-0.0467,0.026,-0.0506,0.0286,-0.5976,-0.0002,0.0006,0.0283,-0.01,0.0247,0.0085,0.0252,-0.0065,0.029,0.008,-0.0063,-0.0154,-0.0272,-0.0084,-0.001,-0.0194,0.0227,-0.5866,0.0187,0.6461,-0.0,-0.0001,0.6875,0.0088,-0.7077,0.0092,-0.0189,-0.0314,0.7955,-0.0081,-0.0172,0.0096,0.0174,-0.0069,-0.0198,-0.0183,0.009,0.0082,-0.0173,0.0056,0.0097
307,5367,108,3,standing,0.0076,-0.0109,-0.028,-0.0007,0.0697,1.037,-0.0791,0.0475,-0.0873,0.0557,-0.001,-0.6562,0.0054,0.0066,0.1194,-0.0002,0.0064,-0.0079,-0.6858,0.5594,-0.5981,-0.696,0.1018,-0.01,-0.0509,-0.0096,-0.7772,0.024,0.0267,-0.0099,-0.0001,-0.0277,0.0804,0.0246,-0.0095,0.0574,-0.0267,-0.0182,-0.0083,-0.0232,0.0,-0.009,-0.0156,-0.0063,0.6784,0.0093,0.0247,-0.0061,0.0078,0.0098,-0.0087,-0.0092,-0.0244,-0.0032
308,5368,108,3,standing,0.0155,-0.0085,1.034,-0.0798,0.0214,0.0008,0.0597,0.0862,-0.0244,-0.0172,-0.0699,-0.0475,-0.0001,-0.0958,-0.5793,-0.008,-0.0803,-0.597,0.0505,0.024,-0.0181,0.1198,-0.6473,0.101,0.0002,-0.0191,-0.0163,0.001,0.6768,-0.5475,0.6586,0.0201,0.0161,-0.0095,-0.009,0.6977,-0.0194,0.01,-0.02,-0.0084,0.0074,-0.0,0.8971,-0.0204,0.0066,0.0209,0.6087,0.0083,-0.0178,-0.0082,0.0245,-0.0056,0.0092,-0.0076
309,5369,108,3,standing,0.0109,-0.0093,0.0399,1.0555,-0.0008,-0.0212,-0.068,-0.01,-0.0002,0.0001,-0.0463,-0.001,-0.0065,-0.0764,0.0184,-0.0167,0.0094,-0.0059,-0.02,-0.0171,0.0197,-0.0505,0.0895,-0.0,-0.0245,-0.0166,0.0174,0.0058,-0.5787,-0.0073,0.7054,0.9675,0.0172,0.7868,0.8861,0.6092,-0.0803,-0.0185,0.8969,-0.0186,0.0162,0.0179,-0.033,0.0098,0.0076,0.0267,-0.0091,-0.009,-0.7782,-0.0183,0.0156,-0.0081,0.0062,-0.0119
310,5370,108,3,standing,0.0157,-0.0086,-0.0399,1.6593,-0.028,0.0959,-0.0591,-0.0006,-0.0655,0.0854,0.0468,-0.0509,0.0769,0.0206,-0.006,0.001,0.01,-0.5873,0.0001,0.0204,0.0,-0.0348,0.02,0.0162,-0.1017,-0.0078,0.0221,0.0087,-0.0222,-0.0163,0.0002,-0.0056,0.0803,-0.0194,0.9879,-0.0166,-0.0247,-0.0585,0.1199,-0.0226,-0.024,-0.0229,0.0072,-0.0255,-0.0246,0.0074,0.0082,0.0075,0.0076,0.0088,0.0084,0.0249,-0.0206,0.0096
311,5371,108,3,standing,0.0164,-0.0057,0.028,0.0795,1.0593,-0.0055,-0.0897,-0.0399,0.097,-0.0469,-0.0006,-0.066,-0.6854,0.5963,-0.01,-0.0196,0.0077,-0.0272,-0.0079,0.0056,0.0087,0.0002,-0.0247,0.0507,0.02,-0.0277,-0.0092,0.0803,0.1196,-0.0276,-0.6584,0.001,-0.0067,-0.1105,0.0072,0.0088,0.0186,0.0158,-0.0001,0.0076,-0.0,-0.7574,-0.0091,0.0062,-0.0094,-0.0178,-0.0083,0.0073,0.0061,0.0235,-0.0189,0.0098,0.8501,0.0066
312,5372,108,3,standing,0.0059,-0.0155,1.0598,0.0006,-0.0375,0.0081,-0.0212,0.0091,0.0861,0.0063,-0.0079,-0.0002,0.001,0.0499,0.067,0.0789,-0.0974,-0.5787,0.0065,0.006,0.1012,-0.0096,-0.0001,0.0054,-0.0232,0.7783,0.0505,0.0235,0.0193,0.01,0.0167,0.6482,0.6885,-0.0086,0.0172,0.0062,-0.669,0.02,0.8084,-0.0226,-0.5873,-0.0176,-0.0095,0.0807,0.0169,0.0233,-0.0188,0.1009,0.0078,0.0056,0.1195,0.0192,0.0117,-0.0094
313,5373,108,3,standing,0.0055,-0.0164,0.0973,1.0554,-0.0375,-0.028,0.0005,-0.046,0.0871,-0.0782,-0.001,-0.0208,0.067,-0.1017,-0.0091,0.0244,0.0085,-0.024,-0.01,-0.0002,0.0081,-0.0204,0.0209,0.0065,0.02,-0.0084,-0.5635,0.7799,-0.0207,-0.0189,-0.5966,-0.5879,-0.0096,0.0507,-0.0194,0.0246,0.0229,-0.1305,0.0001,0.0226,0.0087,0.1196,-0.0063,-0.0086,-0.0176,-0.0069,0.5793,-0.0168,0.0095,0.0172,-0.0078,-0.0061,-0.0083,-0.0
314,5374,108,3,standing,0.0103,0.0082,-0.0555,1.0873,0.0211,-0.048,0.0008,-0.0077,-0.0093,-0.066,0.0979,-0.0778,-0.0348,0.0002,-0.0062,-0.5794,-0.0187,-0.5883,-0.6489,0.0174,-0.02,0.001,0.101,-0.6895,-0.0335,-0.0258,-0.5976,-0.0086,0.0235,0.0504,0.0235,-0.0354,-0.547,0.0096,-0.0161,-0.6985,-0.01,0.0099,-0.0001,0.0067,0.0,-0.0066,-0.0097,-0.0098,-0.0063,-0.0257,-0.0188,0.0239,-0.0181,-0.0172,0.009,-0.0266,0.0075,-0.0084
315,5375,108,3,standing,0.0076,-0.0162,0.0798,0.028,1.0554,-0.0312,-0.0974,0.046,0.089,0.0005,-0.0691,0.597,-0.5893,-0.01,-0.0001,-0.029,0.0209,0.0188,-0.0804,-0.0166,-0.0095,-0.001,-0.0002,-0.0247,0.0081,-0.0221,-0.0506,-0.0082,0.0085,-0.5787,0.9765,0.0186,0.0079,-0.0229,-0.0167,-0.0,-0.0163,-0.0199,-0.02,0.0184,-0.0222,0.0071,-0.1014,0.0196,0.0156,-0.0073,-0.0078,-0.0192,-0.0168,-0.5589,0.0204,-0.0183,0.0036,0.0241
316,5376,108,3,standing,0.0081,0.0104,-0.0789,-0.066,0.023,0.0327,1.5584,-0.0859,-0.0956,0.0195,-0.0561,-0.0002,-0.01,-0.0503,0.0001,0.0009,-0.6498,0.0072,-0.579,-0.5866,-0.0804,-0.0208,0.0067,-0.5469,-0.1308,-0.001,0.008,0.0196,-0.02,-0.7093,-0.0222,0.0266,0.0173,-0.7782,0.6865,0.7587,0.101,0.0244,-0.0335,-0.0162,-0.0188,0.0091,0.0097,-0.0078,0.0244,-0.0186,0.0083,-0.0199,-0.0085,0.0171,-0.0179,0.0094,0.0163,-0.0192
317,5377,108,3,standing,0.0076,-0.0158,1.046,0.0364,-0.0574,-0.0782,0.068,-0.021,0.0897,-0.0967,0.0002,-0.5798,0.0155,0.0096,0.5987,-0.0003,-0.0001,-0.0094,-0.6984,-0.0,0.0056,0.0093,-0.01,-0.0191,0.017,-0.0335,-0.001,-0.02,0.0504,0.0171,-0.6577,0.0175,-0.7854,0.0066,0.0195,0.0255,0.0247,0.0085,0.9963,0.0192,0.0253,-0.0089,0.0088,-0.0803,0.0232,-0.0181,-0.009,0.0172,-0.0235,0.0086,0.0168,-0.0073,0.0061,-0.0162
318,5378,108,3,standing,0.03,0.0109,-0.0797,0.0584,0.069,1.6087,-0.0873,-0.5799,-0.0055,0.0469,0.0509,0.119,0.0059,-0.0219,0.0008,-0.0002,0.01,0.658,0.6461,-0.1106,0.0809,-0.0093,-0.0094,-0.0074,-0.0226,0.001,0.0081,-0.5475,0.0238,0.101,0.0001,0.02,-0.5636,0.0096,-0.6876,-0.1129,-0.5863,-0.0,-0.0266,-0.7071,-0.0236,-0.0078,-0.036,0.0226,-0.0172,0.6777,-0.0589,0.0085,0.024,0.0227,-0.0255,0.1004,0.0162,0.0192
319,5379,108,3,standing,0.0085,0.0171,-0.0055,1.046,-0.0214,0.0009,0.0772,-0.0312,-0.067,0.0001,-0.0961,-0.0573,-0.0877,-0.0806,-0.5469,0.0056,0.0244,-0.5893,-0.0277,0.001,-0.01,0.0081,0.0245,-0.0164,-0.0002,0.02,-0.0335,-0.1194,-0.0067,-0.0509,0.0068,0.0063,-0.0235,0.1014,0.0097,-0.0088,0.9976,0.0184,-0.5987,0.0094,-0.0276,-0.5792,-0.0,-0.0083,-0.7879,0.0182,-0.6586,0.1005,-0.0089,-0.0091,-0.018,0.0247,-0.0175,0.0066
320,5380,108,3,standing,0.0107,-0.0064,1.5892,0.0585,-0.089,-0.096,-0.0009,-0.0463,-0.0696,0.5589,-0.0313,-0.0102,-0.0194,0.0073,0.5795,-0.0084,-0.6787,-0.0062,0.0072,0.0182,0.0054,0.0001,-0.597,-0.0,-0.0505,0.0002,-0.0097,-0.0069,0.9868,0.0075,0.0066,-0.0079,-0.0074,0.8877,-0.0807,0.0093,-0.0267,0.0191,0.001,0.0081,-0.0266,-0.0156,0.0065,0.0076,-0.0078,0.02,0.0269,0.0199,-0.0086,-0.0255,0.01,0.0061,-0.0083,-0.0071
321,5381,108,3,standing,0.0109,-0.006,0.031,1.5584,-0.0215,0.0594,0.0464,-0.0003,0.0001,-0.0262,0.0699,-0.0054,0.0244,-0.001,-0.5981,-0.0896,0.0782,0.5897,-0.0092,0.0087,-0.0505,-0.0077,-0.0002,0.659,-0.0093,-0.01,-0.6957,-0.0,0.0195,0.0189,0.0235,0.0263,-0.0267,0.0091,0.0067,0.0252,0.02,0.8063,-0.0277,-0.0072,-0.5675,-0.0073,-0.0076,-0.6866,0.0183,0.797,0.0162,-0.0098,-0.0245,-0.0088,0.0174,0.0161,-0.0185,-0.0242
322,5382,108,3,standing,0.008,0.0364,-0.0104,-0.0556,1.0787,0.0699,0.0959,-0.026,0.0503,-0.0896,-0.0008,0.0806,-0.5866,-0.1305,-0.1014,-0.0079,-0.0348,0.5783,0.0185,0.0076,-0.0181,-0.5475,-0.0276,-0.0077,-0.5572,-0.017,-0.0193,0.0184,-0.0078,-0.6882,-0.0002,-0.0001,-0.6771,-0.02,-0.0226,0.0244,-0.001,0.01,0.0095,-0.0074,0.0245,-0.0335,-0.0169,0.0073,0.0162,-0.0063,-0.0188,-0.0189,-0.0229,0.019,-0.0321,-0.0223,-0.0094,0.0091
323,5383,108,3,standing,-0.0076,0.0102,1.5569,-0.0557,0.0797,0.0883,-0.0506,-0.036,-0.097,-0.069,0.0461,0.1308,0.0008,0.0079,-0.0807,0.1105,-0.5464,0.0184,0.0058,0.0059,-0.0204,0.001,0.1005,-0.0001,-0.6891,0.1014,-0.0348,0.0186,0.1122,-0.02,0.0185,-0.0002,0.0,0.9867,0.0171,0.0065,-0.0206,-0.7774,-0.0199,0.0188,-0.0204,0.0093,-0.0094,-0.0075,-0.0163,-0.0201,0.0162,-0.0178,-0.0181,-0.0082,0.8092,-0.0204,-0.0066,0.0156
324,5384,108,3,standing,0.0191,-0.0062,0.048,0.0958,1.597,0.0892,0.026,0.0775,0.0695,-0.0594,0.0257,0.0399,-0.0803,-0.0238,-0.0063,-0.0006,-0.0186,-0.0504,-0.546,0.0065,-0.5578,-0.01,-0.5793,-0.119,0.0074,-0.0196,0.7781,0.001,0.0167,0.0172,0.0073,-0.1015,-0.02,-0.0348,-0.0088,0.0241,-0.6883,0.0002,0.0087,0.0001,-0.0255,0.0085,0.0,-0.0156,-0.0169,-0.0082,-0.0179,0.0229,-0.0084,-0.0061,-0.009,-0.0189,0.0228,-0.0197
325,5385,108,3,standing,0.0076,-0.0107,1.0963,0.0009,0.0581,0.048,-0.026,-0.0375,-0.0871,-0.0155,-0.589,-0.001,-0.0699,0.0505,-0.0056,-0.0002,0.0062,0.0803,-0.0184,-0.0188,0.0,-0.5467,0.024,-0.6582,0.0059,0.0204,0.1107,-0.0001,-0.0335,0.0061,0.1011,-0.02,0.0195,-0.0173,0.0187,0.0192,-0.5785,-0.0206,-0.0235,-0.01,-0.0197,0.0164,-0.777,-0.6679,-0.0091,0.0247,-0.0098,0.0201,-0.0096,0.0227,-0.0089,-0.0226,0.0169,0.6893
326,5386,108,3,standing,0.0079,-0.0106,0.021,-0.0986,1.6085,-0.0871,0.0556,-0.0782,-0.037,-0.0468,-0.0503,-0.0002,-0.001,-0.0095,0.01,-0.0008,0.5574,-0.024,-0.02,-0.0001,-0.0199,-0.0084,0.0065,-0.0067,0.0062,0.0,-0.5957,-0.0073,-0.0092,-0.0094,0.0088,-0.0154,0.0077,-0.008,-0.5896,0.0097,0.0078,0.0166,0.019,-0.0187,0.9375,-0.0242,0.0072,-0.0258,0.9861,-0.0364,-0.0083,-0.0244,-0.0076,-0.0063,0.0017,-0.0089,-0.0081,-0.0191
327,5387,108,3,standing,0.036,-0.0055,0.026,-0.0108,0.0566,-0.048,-0.0005,1.0793,-0.001,0.0979,-0.01,0.5873,-0.0106,-0.0175,0.0054,-0.02,-0.0001,-0.0002,-0.0803,0.0082,0.0204,-0.0189,-0.0057,-0.0072,-0.0169,0.0087,0.017,-0.0159,-0.0164,0.0165,0.0063,0.0,0.7898,0.0067,-0.0084,-0.0261,0.8536,-0.0083,-0.0507,-0.0227,-0.0253,0.0235,0.0244,-0.5699,-0.0195,-0.7791,0.0194,-0.0238,-0.0074,-0.0181,0.0092,-0.0161,0.0239,-0.0097
328,5388,108,3,standing,3.6883,-0.0191,0.008,1.0976,-0.0005,0.0217,-0.0772,0.0059,0.046,0.0322,-0.0884,0.0566,0.0697,-0.0002,-0.01,0.001,0.0244,0.0195,-0.0505,0.0,0.0064,0.0001,-0.5655,-0.5789,-0.024,-0.0192,-0.02,0.5873,-0.1019,-0.0245,-0.7078,-0.0804,-0.6974,-0.6598,-0.0175,0.546,-0.0187,-0.7967,-0.0177,-0.0171,-0.0247,-0.019,0.1307,-0.0063,0.0194,-0.0193,0.1104,-0.0204,-0.0258,-0.0246,-0.0061,-0.0188,-0.0181,-0.0236
329,5389,108,3,standing,0.0078,0.0009,-0.026,1.5876,-0.0107,-0.038,0.0597,-0.0464,0.0002,-0.0971,-0.0867,0.0699,0.1014,-0.0222,0.0258,0.0506,-0.0208,-0.0055,-0.001,-0.0085,-0.0062,-0.0229,-0.0001,-0.0094,-0.0174,0.989,-0.0235,0.5466,0.6586,-0.567,0.1197,-0.5979,-0.1305,-0.0096,0.0168,-0.0169,0.0095,-0.0073,0.0,0.0083,-0.0091,-0.0084,-0.0081,0.0092,0.0255,0.0161,-0.0175,-0.0189,-0.0157,-0.01,-0.0226,0.0229,-0.0062,-0.0082
330,5390,108,3,standing,-0.0155,0.0079,1.0475,-0.0778,-0.0574,0.038,0.0863,-0.0506,0.001,-0.0969,-0.5785,-0.067,-0.0007,-0.021,0.1194,-0.0002,-0.5499,0.0261,-0.01,0.1005,-0.5982,-0.0073,-0.5883,-0.02,-0.6781,-0.0286,0.0809,-0.0094,-0.0191,0.0001,-0.0247,0.0246,-0.6584,-0.0077,0.0196,-0.0056,0.0072,-0.0,0.9893,-0.0162,-0.0061,-0.0195,0.1015,-0.009,0.6097,-0.0189,0.8887,0.0102,-0.0076,-0.0322,0.0101,-0.6411,-0.0168,-0.0092
331,5391,108,3,standing,-0.0109,0.0057,1.4403,0.0692,-0.0009,0.0218,0.056,0.078,0.0364,-0.0468,-0.0882,0.5981,-0.0002,0.0803,0.001,0.1199,-0.0155,0.0001,-0.024,-0.0206,0.0197,0.0186,0.0065,-0.567,-0.0507,-0.5869,-0.02,-0.0335,0.024,0.0054,-0.0093,-0.0087,0.01,-0.6788,0.024,-0.0077,-0.0,-0.0076,0.0195,-0.0073,-0.1104,-0.024,-0.0096,0.0075,-0.6661,-0.0099,-0.0085,-0.0063,-0.0094,-0.0098,-0.0174,-0.0071,0.0078,-0.0089
332,5392,108,3,standing,3.6857,0.0173,-0.0083,-0.0558,0.0972,1.6591,-0.0863,-0.0693,-0.0009,0.078,-0.032,-0.0475,-0.023,-0.5971,-0.6087,-0.0504,0.0806,0.1196,0.7094,-0.1505,0.6698,0.542,-0.1003,-0.7867,-0.0374,-0.0267,-0.5589,-0.1108,-0.0584,-0.0367,-0.2605,-0.0336,0.7788,-0.0356,0.0258,-0.0357,0.024,0.0164,-0.0348,-0.001,0.1304,-0.0354,-0.0161,-0.0238,0.0097,-0.0277,0.0228,-0.0332,-0.0156,0.0092,-0.0244,0.0074,-0.0576,-0.0002
333,5393,108,3,standing,3.0773,0.0102,-0.0054,1.0591,-0.0227,-0.0364,-0.046,-0.0879,-0.0504,0.0003,-0.0984,-0.024,-0.0699,-0.001,-0.0067,0.0804,-0.0204,0.0085,-0.008,-0.0227,-0.0166,0.0165,-0.5789,-0.6972,-0.02,-0.5582,0.0001,0.0156,-0.0246,0.01,-0.0002,0.0,0.0061,-0.0095,-0.024,0.0226,0.9675,0.0194,0.0158,-0.0181,-0.017,-0.0097,0.019,-0.0247,0.0163,-0.0087,-0.0083,-0.0086,0.7793,-0.0071,-0.0159,-0.0062,-0.0074,-0.0206
334,5394,108,3,standing,0.0106,-0.0081,0.0857,-0.026,1.6595,-0.038,-0.0907,-0.0059,0.0003,0.0461,-0.0187,-0.0566,-0.5898,-0.0001,0.6875,-0.0002,-0.5582,-0.0244,-0.001,0.02,0.0169,-0.6494,-0.0077,0.0245,-0.0,-0.0054,-0.0079,-0.0238,-0.7093,-0.0073,0.0221,0.0063,0.0504,-0.0162,0.0192,-0.0088,-0.01,-0.0803,0.9985,-0.0086,-0.0189,0.1307,-0.009,0.0226,-0.0074,-0.0223,-0.0232,0.0178,-0.0172,0.0096,-0.0176,-0.0191,-0.5601,-0.0067
335,5395,108,3,standing,0.0055,-0.0171,0.028,1.5799,-0.0008,-0.0401,0.0898,-0.0581,0.0972,0.066,-0.0301,0.0775,0.0509,-0.0166,0.01,-0.587,-0.1307,-0.0809,-0.6577,0.1108,-0.0002,0.0001,-0.0191,0.02,-0.027,0.001,0.1507,-0.0206,0.0182,-0.6797,-0.6489,-0.0095,0.1121,0.1197,0.0174,-0.0267,-0.0192,0.0206,0.0061,-0.0079,-0.5968,-0.0187,-0.0,-0.0185,-0.0056,-0.0244,0.0188,-0.0076,-0.0277,-0.0209,-0.0073,-0.0238,0.0069,0.0062
336,5396,108,3,standing,0.0058,0.0173,-0.0871,1.038,0.0584,0.047,-0.0215,0.0005,0.0781,-0.0697,-0.024,-0.0959,-0.0167,-0.6094,-0.0002,0.001,-0.0064,0.0095,-0.0806,0.5786,0.6591,0.0093,-0.0061,0.0055,-0.0238,0.0232,0.0182,-0.0199,-0.0001,-0.7775,0.0166,-0.0231,-0.5636,-0.0,-0.0235,0.7974,0.0503,0.1014,0.02,-0.0198,-0.0087,-0.0192,0.0245,-0.0076,0.0088,-0.01,-0.0169,-0.5434,0.8567,0.009,-0.0068,0.0162,0.7896,0.1103
337,5397,108,3,standing,0.0062,0.0173,-0.0007,1.036,-0.0188,0.0096,0.0255,-0.0466,-0.058,-0.0883,0.0204,-0.0219,0.069,0.077,0.0235,-0.0507,-0.0954,0.1304,-0.024,-0.1011,-0.0252,0.0002,-0.5581,-0.0193,0.0065,-0.0001,-0.5976,-0.1196,-0.5787,0.0577,-0.0,-0.0191,0.0174,0.5897,-0.0082,-0.563,-0.6872,-0.0571,0.001,-0.6495,-0.0267,0.0163,0.01,-0.0803,0.0199,0.1107,-0.02,-0.0161,-0.6789,-0.0205,-0.1002,-0.0078,0.0232,0.0247
338,5398,108,3,standing,0.0062,-0.0109,0.0086,0.0399,-0.048,1.6583,-0.0008,-0.0797,-0.0882,-0.0216,-0.0569,-0.5867,0.5585,0.0064,-0.5466,0.001,-0.0057,-0.0695,0.0002,-0.1197,0.0001,-0.0206,-0.0156,-0.0503,-0.1018,-0.0074,-0.5972,-0.1305,-0.0161,-0.7787,0.0209,0.0179,-0.01,0.0258,0.0258,-0.0,-0.0809,-0.6898,-0.0244,-0.0171,-0.0088,0.017,-0.0076,-0.0089,0.016,-0.02,-0.0173,-0.0247,-0.0075,0.0258,0.1102,-0.059,-0.0078,0.0238
339,5399,108,3,standing,0.008,-0.0301,0.0564,-0.0791,0.0468,-0.0856,-0.0955,-0.6076,-0.0509,0.0004,0.0694,0.0096,-0.5793,0.021,-0.0804,-0.0154,-0.0169,0.0081,-0.0086,1.6577,0.0071,0.0066,-0.0195,-0.0001,-0.0084,-0.0221,0.0063,-0.0002,-0.0172,-0.001,-0.0162,0.0159,0.02,-0.0,0.5879,-0.019,0.7598,-0.0085,0.0083,0.0167,0.0088,-0.0097,-0.01,-0.0174,-0.0082,0.7061,-0.7873,0.0207,-0.0187,0.0092,-0.011,0.0189,-0.0127,0.0261
340,5400,108,3,standing,2.5794,-0.0065,0.0104,1.0971,-0.0564,0.0005,2.7954,-0.0895,0.0793,-0.0691,-0.038,-0.5587,0.5884,0.0059,0.0189,-0.0001,-0.0225,-0.6681,-0.001,-0.0504,-0.01,-0.0188,0.0073,0.689,0.677,0.0002,-0.1197,-0.02,-0.0244,-0.0247,-0.0072,-0.0807,0.0252,-0.0238,-0.0082,-0.0174,-0.0335,-0.0097,-0.6075,0.0246,-0.0099,0.1012,-0.0226,-0.0077,-0.0183,-0.0076,-0.0092,-0.0096,-0.0237,-0.0245,0.0063,0.0169,0.0162,0.0235
341,5401,108,3,standing,0.0073,-0.0558,1.0886,0.0782,-0.0503,0.0466,-0.5567,-0.0954,-0.0006,0.066,-0.038,-0.0096,0.0212,0.0207,-0.0172,0.1105,-0.0063,-0.0348,0.0091,-0.1019,-0.0806,0.0252,0.0079,-0.0002,0.0235,-0.01,-0.001,-0.0061,-0.5984,-0.0001,-0.0094,0.577,0.9765,0.0056,0.7793,0.0078,-0.0087,-0.0095,0.0175,-0.0198,-0.0174,-0.0099,-0.0229,-0.6489,0.009,0.0185,0.0188,-0.0181,-0.0092,-0.0068,-0.0069,-0.1192,-0.0258,-0.0076
342,5402,108,3,standing,-0.0055,0.0159,1.0571,-0.0694,0.0465,-0.0005,-0.0399,-0.0787,0.0984,0.0896,0.0507,-0.0002,-0.0213,0.1108,-0.0167,0.0063,-0.5464,-0.0086,-0.0258,-0.609,-0.0058,0.01,0.001,-0.0001,0.7775,0.101,-0.5797,-0.02,0.0201,-0.0192,0.1199,0.807,-0.0238,0.0202,-0.0185,-0.0204,-0.0169,-0.0321,-0.0,-0.6883,-0.0062,-0.0226,0.1005,0.0091,0.0066,-0.0073,-0.037,-0.0172,-0.0082,-0.0195,-0.567,-0.0193,-0.0244,0.0174
343,5403,108,3,standing,0.0065,-0.0401,0.036,1.0976,0.0559,0.0872,0.0775,-0.028,0.0221,-0.0005,-0.0155,-0.069,-0.0506,0.0063,-0.0001,-0.0077,0.0073,0.0064,0.0081,-0.0093,-0.0238,-0.0074,0.0002,-0.001,0.0,0.0067,0.0192,0.0066,0.0255,0.0158,-0.0258,-0.0082,0.0195,-0.01,0.9894,0.0227,0.0087,0.8969,-0.0178,0.5761,-0.0245,-0.0803,0.0068,0.0246,0.8854,-0.017,0.0086,0.0084,0.0235,-0.0162,-0.024,0.0238,-0.0249,0.0085
344,5404,108,3,standing,0.0182,-0.0093,-0.0475,-0.0007,-0.0217,0.0591,0.0783,-0.0313,0.0655,-0.0854,1.7058,-0.0172,-0.0984,-0.0506,-0.0331,0.0199,-0.001,-0.6581,0.578,-0.0056,-0.0002,-0.0061,-0.0267,0.0174,-0.01,-0.0196,-0.6788,0.0001,-0.6497,0.0201,-0.6966,-0.0,-0.0232,-0.0071,0.0235,0.0079,-0.0092,-0.0163,0.02,0.686,-0.0177,0.1307,-0.0086,0.0078,0.9527,0.0803,0.1003,-0.0266,0.0173,0.1019,0.0102,-0.019,-0.0335,0.1103
345,5405,108,3,standing,0.0093,-0.0107,0.036,0.0562,0.0499,-0.0006,1.0872,-0.0971,0.0286,0.0694,-0.5582,0.0216,-0.029,-0.0505,0.0173,0.0001,0.0804,0.5784,-0.0292,0.1015,0.001,-0.0277,-0.0002,0.0165,-0.1309,-0.01,0.1105,-0.6875,0.0283,-0.0266,0.0085,-0.0074,-0.5869,0.0087,-0.6792,-0.0272,-0.5983,0.0257,0.024,0.0176,-0.0246,0.0556,0.0289,-0.02,-0.0089,-0.0163,-0.019,-0.0235,-0.0,0.1004,-0.0096,-0.0287,-0.8086,-0.6491
346,5406,108,3,standing,0.0187,-0.0082,0.0563,-0.0461,1.5569,-0.088,-0.036,-0.0006,0.0954,0.0216,0.0699,-0.079,0.1102,-0.0002,-0.0065,-0.5884,-0.0091,-0.0188,-0.0258,0.0001,-0.01,-0.0509,-0.001,-0.0807,-0.0,-0.027,-0.0064,-0.0286,-0.0094,-0.5972,-0.0056,-0.0189,-0.0085,-0.02,-0.5783,0.6797,0.0079,-0.0095,0.0181,-0.0062,0.0175,-0.1015,-0.0073,-0.0074,-0.1306,-0.036,0.7093,0.0066,-0.0058,-0.6871,-0.0258,-0.0578,-0.0096,-0.0092
347,5407,108,3,standing,0.0162,-0.0077,0.025,0.0005,1.5957,0.0001,0.0594,0.0434,-0.0314,-0.0767,0.0692,0.0986,-0.001,0.0503,0.0858,0.0261,0.6883,0.0263,-0.0002,0.0165,-0.0244,0.006,-0.0087,-0.0803,0.01,-0.7085,-0.0164,-0.0088,0.0249,-0.5556,0.0175,-0.02,0.1306,-0.0076,0.0093,-0.1011,0.0191,-0.0095,-0.0266,-0.0266,0.0267,-0.0,-0.0096,-0.0171,-0.547,-0.0174,-0.6672,0.008,0.8969,-0.0082,0.0099,-0.0247,0.0179,-0.0181
348,5408,108,3,standing,0.0058,-0.0107,0.0872,-0.0967,1.6486,-0.0699,0.0556,-0.0317,0.0006,-0.0431,-0.557,-0.023,-0.0508,0.6871,-0.001,-0.1199,-0.0065,-0.02,-0.0177,0.0803,-0.0062,0.0002,-0.0335,-0.5966,-0.0355,0.0184,-0.0054,-0.016,-0.101,-0.5793,-0.0258,-0.0267,-0.0356,-0.0246,-0.0087,-0.0276,0.0078,-0.0,-0.01,-0.1102,0.0173,0.0094,0.0076,-0.0079,-0.0206,0.0001,0.0227,0.0075,-0.0161,-0.0287,-0.0237,-0.019,-0.0082,-0.0096
349,5409,108,3,standing,0.0081,-0.0159,1.5582,-0.0461,0.077,-0.0375,0.0211,-0.0694,-0.0957,-0.0893,0.0564,-0.0007,-0.0335,0.0001,0.6856,-0.0509,0.02,-0.0063,-0.1011,0.0002,0.0235,0.0803,0.0,-0.0085,0.0199,0.0174,0.01,0.0196,-0.0171,0.0076,-0.0054,-0.0221,0.001,0.5862,0.0178,-0.0313,-0.1199,-0.0167,-0.0088,0.0095,0.0073,-0.0092,-0.0084,-0.8091,-0.0232,0.0187,0.009,-0.016,0.0098,0.6569,0.0097,-0.7772,-0.0267,-0.1102
350,5410,108,3,standing,3.5906,0.0562,-0.0907,1.0108,2.6482,0.588,-0.6883,-0.0463,0.0084,0.0007,-0.0508,-0.6587,0.6769,0.021,-0.5796,0.1191,0.0316,-0.0348,-0.0804,-0.6694,-0.7077,-0.6071,0.8979,0.1012,-0.8874,-0.5556,0.7898,0.7592,0.1124,0.8501,-0.5475,0.1508,0.0233,-0.9981,0.1303,-0.0357,-0.0489,-0.2803,0.1107,0.0252,-0.0576,-0.0277,-0.0961,0.2209,0.0191,-0.0473,-0.0351,0.0197,0.009,0.0294,-0.0193,0.0246,0.0072,0.0161
351,5411,108,3,standing,0.0067,-0.0106,0.0213,1.0468,0.0793,-0.0399,-0.0577,0.0969,0.0872,0.5883,-0.1012,-0.0008,0.0076,-0.0164,-0.0001,-0.0002,-0.01,0.1196,-0.001,-0.0174,-0.0065,0.1305,0.5578,-0.0,-0.0503,0.0184,0.0221,-0.0159,-0.546,0.0085,-0.0161,0.0097,0.0232,-0.0081,-0.7082,0.0229,-0.0188,-0.0092,-0.0231,-0.0246,-0.0056,-0.024,0.0089,-0.0195,-0.0094,0.0071,0.0079,-0.0803,0.02,0.0241,0.669,0.018,-0.0096,-0.0073
352,5412,108,3,standing,0.0182,-0.0086,0.0569,0.037,-0.0979,-0.0874,0.0463,1.6693,0.026,-0.0767,-0.0164,0.0003,0.0099,-0.5856,0.0002,-0.0697,0.0195,-0.5573,-0.0059,0.6587,-0.0154,-0.5788,-0.0176,0.02,-0.0509,0.7792,-0.008,0.001,-0.01,-0.0001,0.0171,-0.0227,0.0,0.6875,-0.1015,-0.1309,-0.0184,0.0189,0.0183,0.0072,-0.0061,0.0185,0.1009,0.9862,0.019,0.0096,-0.0119,-0.0181,0.0203,-0.0226,0.1104,-0.0178,0.0194,-0.0121
353,5413,108,3,standing,0.0076,-0.0464,-0.0798,-0.0555,1.0893,-0.0157,-0.0375,0.0213,-0.01,-0.0003,-0.0959,-0.0699,-0.0505,-0.0188,0.0079,0.0201,-0.0806,-0.008,0.0082,-0.0001,-0.0002,-0.6797,-0.001,0.0086,0.0062,-0.0166,-0.0204,-0.0084,-0.016,-0.5468,0.0156,-0.7772,-0.0083,-0.0058,-0.0085,-0.0071,0.007,-0.0092,0.9665,-0.02,-0.0,0.0094,-0.0074,-0.0173,-0.1308,-0.6987,0.0204,-0.0227,-0.0195,-0.0178,0.009,0.0191,-0.0037,-0.0063
354,5414,108,3,standing,3.068,-0.0592,0.0059,1.0902,0.0401,0.0375,0.0002,-0.0067,-0.0873,-0.0005,0.5566,-0.001,-0.0788,0.0258,-0.0509,-0.0062,-0.0065,0.589,-0.5799,0.0001,-0.02,-0.5623,0.6897,-0.01,-0.647,-0.0184,0.1015,-0.0359,-0.7894,-0.7796,-0.1127,-0.0803,-0.0181,-0.1506,-0.0191,-0.0204,-0.0238,-0.0266,-0.1006,0.0061,-0.6987,-0.006,0.7963,0.8971,0.9526,-0.0185,0.1195,0.0876,-0.0203,0.0277,0.0226,0.0098,-0.0316,0.0255
355,5415,108,3,standing,0.0055,0.0162,-0.036,-0.0597,1.047,-0.0965,0.0695,0.0007,0.0856,0.0764,-0.0199,-0.0213,0.0258,-0.0154,0.0091,0.0269,-0.0246,0.0,-0.0002,-0.001,0.02,0.7785,-0.688,0.0001,-0.0226,-0.01,0.0193,-0.6789,0.5784,-0.0188,-0.0232,0.5869,-0.009,-0.0059,-0.0076,0.0186,-0.1106,-0.0238,-0.0172,-0.0166,-0.0182,0.0096,0.1194,-0.101,-0.0375,0.024,-0.0083,-0.0171,-0.0063,-0.0187,-0.0061,-0.1306,-0.024,-0.0255
356,5416,108,3,standing,0.0064,0.0162,-0.0004,0.078,1.5583,-0.037,0.0217,-0.0591,-0.0874,-0.0958,0.0461,-0.0809,-0.0692,-0.1104,-0.6593,0.5787,-0.1192,-0.1306,-0.0002,-0.0169,-0.6777,-0.6695,-0.0359,0.001,0.0507,-0.5635,0.0238,-0.1504,-0.1011,0.1127,-0.0258,0.0286,0.0163,-0.0154,0.6897,-0.5975,-0.0172,-0.2161,-0.796,-0.0342,-0.0084,-0.0277,-0.01,-0.0204,-0.0182,-0.0171,0.02,-0.0085,-0.0203,-0.0198,-0.0194,-0.0589,-0.0586,0.0235
357,5417,108,3,standing,-0.0076,0.0159,-0.038,-0.0699,-0.0584,-0.0856,1.046,-0.0775,-0.0215,0.0007,0.0955,0.6864,-0.5867,0.0091,0.0272,-0.0002,-0.0001,0.1019,0.0509,0.0272,-0.01,0.1192,-0.0065,-0.0187,-0.779,-0.0062,0.0274,0.0241,-0.0238,-0.0166,-0.6954,-0.0197,0.001,0.0196,-0.5761,-0.0267,-0.0806,0.024,-0.0074,-0.0277,-0.0071,-0.0095,-0.0179,0.0,-0.0258,-0.0232,0.0181,-0.0246,-0.0226,0.0204,0.0094,0.024,-0.7082,-0.0185
358,5418,108,3,standing,2.0775,-0.0176,0.008,-0.0585,1.5895,2.6079,-0.0007,-0.0434,-0.0214,0.038,-0.0002,-0.0063,-0.0694,-0.0155,-0.01,-0.0959,0.0171,0.0872,0.001,-0.0093,-0.5797,-0.0154,0.0204,0.0087,0.1011,-0.0082,0.6499,-0.0192,0.0001,-0.0238,0.0235,0.02,-0.0156,0.0509,-0.7088,0.0247,0.0803,-0.0196,0.0267,-0.6581,0.0073,0.0,-0.038,-0.0083,-0.6677,-0.0062,-0.1194,-0.0226,0.0098,-0.0067,-0.0069,-0.0223,-0.0091,-0.0189
359,5419,108,3,standing,0.0067,-0.0571,0.0108,1.0764,0.0216,-0.037,0.0008,0.0655,0.0062,-0.0959,-0.0469,0.0208,0.006,-0.0058,-0.0063,0.0001,0.0238,0.01,0.001,0.0255,0.0193,0.0002,-0.0081,0.7765,0.0091,-0.0809,-0.5789,-0.0192,-0.0085,-0.008,0.0507,0.9876,-0.009,-0.0095,-0.0,0.0172,0.9766,-0.0175,0.0054,-0.0074,-0.0161,0.0078,0.0082,0.0087,-0.0239,0.9699,-0.6888,0.0201,-0.0056,-0.0094,0.0086,-0.0073,0.0245,0.0179
360,5420,108,3,standing,-0.0076,0.0188,-0.025,0.0082,0.0006,0.0557,-0.038,1.0878,0.0955,-0.046,0.0793,-0.0238,-0.0169,-0.0509,-0.069,0.01,-0.0002,-0.547,-0.0073,0.0001,-0.0221,-0.001,0.0166,0.1196,-0.6581,0.02,-0.5967,0.0192,-0.0056,-0.0086,0.1104,-0.0,-0.0062,-0.0074,0.1014,0.1121,-0.0245,0.0806,-0.0221,0.0061,-0.5875,-0.0079,-0.0184,0.0064,0.0197,0.0091,-0.0204,0.0068,0.0089,-0.0221,-0.1303,-0.0196,-0.0199,-0.034
361,5421,108,4,walking,0.0976,-0.0073,1.6661,3.5984,2.587,-0.0106,-0.0867,-0.026,0.0764,0.0595,-0.0462,-0.032,0.9982,-0.6954,-0.5786,0.568,0.6891,0.9863,0.7574,-0.7978,-0.6588,-0.7783,-0.8955,-0.0335,-0.0504,-0.1304,-0.9772,-0.0793,0.8749,0.0295,-0.0081,-0.0007,-0.0348,0.1019,-0.0267,-0.0896,-0.0192,0.8569,-0.0354,-0.0094,-0.0807,-0.0252,-0.0277,0.0247,0.019,-0.1509,-0.1194,-0.0349,0.0286,0.0771,-0.0569,-0.1103,0.0051,0.0933
362,5422,108,4,walking,0.0963,-0.0501,0.0693,1.0079,-0.0468,2.0874,3.8876,-0.5787,0.0789,-1.709,0.6694,0.038,-0.7572,-0.6797,0.5865,0.5977,-0.9984,-0.5583,0.566,0.0252,-0.6462,-0.0212,-0.9871,0.1109,0.0892,-0.101,-0.1192,-0.0507,-0.0182,0.0007,-0.0595,0.0244,0.0241,-0.0374,-0.0969,-0.0178,0.0204,-0.0085,-0.2209,-0.0441,-0.5427,0.0238,0.0806,0.1304,-0.0365,0.068,-0.5489,0.0061,-0.0191,-0.1003,-0.0081,0.0226,-0.0246,-0.1508
363,5423,108,4,walking,0.7563,-1.0778,3.0872,1.6564,2.9983,-0.006,-0.0595,-0.0434,-0.0182,0.6686,-0.7074,0.8071,-0.0977,-0.5861,0.6954,0.5906,0.8567,-0.9894,-0.0211,-0.0204,0.5573,-0.7956,-0.5789,0.9768,-0.8413,0.963,0.0505,0.033,0.8788,0.9045,-0.101,0.119,0.1503,0.0181,-0.0008,-0.2804,0.1006,0.2169,-0.4179,-0.4222,-0.1129,0.5441,-0.0976,-0.0247,-0.0803,-0.0087,0.1692,0.0062,-0.1104,-0.0335,0.0043,0.1309,-0.2306,0.1362
364,5424,108,4,walking,0.0077,-0.0462,0.0159,1.5571,2.078,3.0873,-0.0006,0.6094,0.037,0.059,0.6597,-0.5782,0.0979,-0.5899,-0.6469,0.0692,-0.5675,-0.7895,-0.0188,-0.0219,-0.0807,0.9891,0.1129,-0.1018,-0.6786,0.741,-0.6663,0.0889,-0.0154,-0.6872,-0.1194,-0.1507,-0.1308,0.0267,0.0505,-0.1108,-0.2307,-0.2209,0.0193,-0.0187,-0.5137,-0.0362,0.0283,-0.0181,0.1002,-0.0429,-0.0119,-0.0367,0.0185,-0.0161,0.0437,-0.0082,0.2803,-0.0576
365,5425,108,4,walking,0.7572,-0.0782,1.6492,2.0881,3.7074,6.6877,5.6769,-0.6065,7.048,-0.0096,0.0983,-0.0312,-0.0105,-0.7862,-0.0694,-0.0215,0.5655,0.9858,-0.5988,-0.1194,-0.8979,-0.999,0.5784,-0.8766,-0.541,0.7327,0.0503,0.0267,-0.0176,0.1015,0.866,-0.1003,-0.0361,0.9713,-0.636,-0.955,0.0252,0.2162,0.1306,-0.2305,0.0193,0.0515,0.0803,-0.0266,-0.126,-0.0353,-0.2807,-0.8501,-0.0191,-0.0071,-0.0123,-0.043,0.1103,-0.0332
366,5426,108,4,walking,2.5894,0.0799,-0.0181,2.78,1.6087,3.6589,-0.5579,-0.0877,-0.6876,-0.5902,-0.678,-0.0561,-0.037,-0.0475,0.069,-0.6971,-0.1196,0.9896,-0.6491,-0.0957,-0.6313,0.6692,0.7438,-0.9744,0.0507,-0.5281,-0.8501,-0.5421,-0.0608,-0.8612,0.9501,-0.0883,-0.0472,-0.0862,-0.0872,-0.563,0.0188,-0.0489,0.0873,0.1005,0.101,-0.0093,0.1121,0.0246,-0.1304,-0.0114,0.0247,-0.1484,-0.0873,-0.0473,0.1061,0.0252,-0.0367,-0.1505
367,5427,108,4,walking,0.0463,-0.0955,1.0897,2.0079,3.0585,0.669,0.0375,0.0184,-0.7071,0.6082,-0.0772,0.7861,0.6486,-0.5645,-0.0693,0.5865,-0.9859,-0.6894,-0.5789,-0.0374,-0.7469,-0.8092,-0.6788,-0.1195,0.9962,0.1308,-1.0219,-0.1506,0.0006,-0.0095,-0.0362,-0.5487,0.5445,-0.8742,0.0503,-0.7776,-0.5223,0.0173,0.1104,0.5802,-0.1012,-0.0083,-0.0896,0.0556,0.1003,-0.0473,-0.1281,-0.1391,-0.0097,0.0053,0.0267,-0.0728,-0.1265,0.1043
368,5428,108,4,walking,0.0162,0.0558,-0.0091,-0.0959,1.0883,2.7584,-0.6473,-0.078,-0.6697,3.7092,-0.0696,0.036,0.9861,0.5565,0.0499,0.7868,0.8902,-0.5795,0.7437,-0.0003,0.8769,0.8567,-0.8877,-0.7956,0.0503,0.5411,0.1019,-0.1002,-0.0704,0.0186,0.0208,0.9431,-0.1121,0.0806,-0.0247,-0.0863,-0.0081,-0.0782,0.0176,-0.0367,-0.0893,0.0114,-0.0157,-0.0103,-0.2167,-0.0354,0.0171,-0.0072,-0.0932,-0.059,-0.0357,-0.0574,0.0037,0.1102
369,5429,108,4,walking,0.056,0.0971,-0.0893,2.6789,1.0173,3.6906,-0.0399,-0.0086,0.0798,0.8083,-0.7968,-0.647,-0.6672,-0.0425,0.5857,-0.5578,-0.5902,-0.5465,-0.9775,-0.7795,0.6312,-0.563,-0.1019,-0.7415,-0.1196,-0.1107,0.855,0.0006,0.7637,-0.0504,-1.4666,0.0196,-0.8437,-0.1121,0.0591,-0.0762,-0.0335,0.109,-0.0787,-0.1492,-0.2302,0.2803,0.0161,-0.0285,-0.1281,-0.0882,-0.0357,0.1305,-0.1288,0.0367,0.0209,0.0405,-0.0059,-0.0933
370,5430,108,4,walking,-0.0863,0.0062,1.0694,0.0155,2.5892,3.6093,-0.0986,0.0774,-0.0585,0.0465,0.037,-0.6489,0.7595,-0.7957,0.0241,-0.0374,0.9972,0.6988,0.6697,-0.0509,-0.546,0.0221,0.568,-0.5976,-0.0187,0.025,-0.7867,0.0004,0.0591,0.989,-0.1308,0.0204,-0.1126,0.0081,0.1192,0.2805,0.0084,-0.0896,0.1008,0.1019,0.0246,0.0252,-0.0367,-0.1503,0.0168,-0.0244,0.0183,0.1103,0.0201,-0.0977,-0.0861,0.0228,-0.0071,0.0773
371,5431,108,4,walking,-0.0055,0.0158,1.0598,3.6072,2.7954,-0.6797,-0.0469,-0.089,-0.0693,-0.5799,-0.0764,0.658,-0.0984,0.5961,-0.032,0.7475,-0.0218,0.1102,-0.6694,-0.8892,-0.0506,-0.7782,-0.6895,-0.1124,0.1305,-0.7856,-0.7063,0.0348,0.0203,-0.8983,-0.8545,-0.8745,0.0244,-0.0873,0.766,0.0246,0.0252,-0.0102,-0.1506,-0.0004,-0.0596,0.1462,-0.2808,-0.1199,-0.0571,0.0091,-0.0362,0.0132,0.0806,-0.1286,-0.0181,0.0284,0.0054,-0.0204
372,5432,108,4,walking,2.0575,0.0896,-0.021,1.6087,-0.0955,2.0076,-0.038,-0.047,3.0182,-0.0786,-0.5865,-0.0699,0.6985,0.5977,0.6794,0.6478,-0.5468,0.6301,0.5629,-0.9893,0.7971,-0.1017,0.5789,-0.0374,0.7427,0.8437,-0.0505,-0.9788,-0.0172,0.0773,-0.1005,-0.0781,-0.6691,-0.0457,-0.0892,0.5137,-0.0562,0.1197,0.0783,0.0203,-0.1127,-0.0806,0.1304,0.149,-0.5281,-0.1361,0.0102,-0.0365,-0.0267,-0.0357,-0.0775,-0.0353,-0.0285,0.9501
373,5433,108,4,walking,0.0575,-0.0877,1.06,0.0109,-0.0786,0.0312,2.7067,-0.6462,3.5573,-0.021,0.0425,0.1197,-0.0008,-0.6698,-0.7984,-0.0272,-0.0252,0.659,0.806,0.5468,-0.5981,0.8957,-0.9972,-0.8863,0.5878,-0.6974,-0.9723,-0.1306,-0.0267,-0.0882,-0.0593,-0.0176,-0.5625,-0.8721,-0.2602,0.0807,-0.1102,-0.0791,0.0192,-0.0196,-0.0094,-0.0071,-0.0203,-0.0226,-0.1009,-0.0506,-0.0883,-0.0933,0.0161,0.0104,0.0585,-0.0096,0.1012,0.0017
374,5434,108,4,walking,0.0073,-0.0962,1.6055,2.577,3.888,-0.6769,-0.0789,0.6859,-0.0399,-0.0594,-0.0883,-0.0465,-0.0163,-0.5664,-0.5466,0.0695,0.7798,0.0219,-0.1014,-0.0071,-0.5885,0.0574,-0.0008,-0.0348,0.789,-0.0226,0.0252,0.1309,0.0504,-0.0084,0.0233,-0.0331,0.1191,-0.0196,-0.0887,0.0061,-0.7976,-0.0246,-0.0372,-0.0204,-0.7572,-0.1104,0.0593,-0.0353,-0.1124,0.0192,-0.0286,0.0786,-0.2167,-0.0209,0.1281,0.0228,-0.0891,-0.0107
375,5435,108,4,walking,0.0214,-0.0664,1.5793,0.0067,-0.0475,2.0103,0.0561,0.0862,3.568,0.097,0.079,0.0204,0.0506,0.5465,-0.1012,0.6655,-0.0258,-0.1195,-0.0004,0.6871,-0.5977,-0.6087,-0.1006,-0.0332,-0.1306,-0.0247,0.6981,-0.1103,0.0182,-0.1126,0.0348,-0.5895,0.0226,-0.7894,0.0241,0.8974,0.0267,0.7985,0.8872,0.1298,0.1097,-0.0803,-0.0246,-0.0084,-0.2307,-0.0091,0.9983,-0.2804,0.0873,0.0576,0.0416,-0.0096,0.0209,0.0563
376,5436,108,4,walking,0.04,0.5564,-0.036,1.5883,-0.0182,-0.0796,0.0569,3.8891,2.7963,-0.5411,-0.0898,0.6685,-0.0956,-0.7597,0.5968,0.067,-0.0217,-0.0506,-0.1015,0.0004,-0.1509,-0.0172,-0.0208,-0.809,0.1303,0.7787,0.1198,-0.7867,0.0233,0.7427,-0.0226,-0.5793,0.8965,0.7399,-0.0792,-0.0335,0.1124,-0.1281,0.1361,-0.0228,-0.0267,-0.0365,0.1104,-0.1262,-0.0094,-0.0071,-0.0205,-0.1002,-0.0184,0.0247,-0.0895,0.1186,0.0283,0.0576
377,5437,108,4,walking,-0.0697,0.0871,3.0062,1.6677,2.7904,-0.0958,0.7595,-0.5594,-0.6486,0.5969,-0.6573,-0.0185,-0.0399,-0.056,0.028,-0.9893,0.0784,0.5475,-0.0506,-0.7468,0.637,-0.1194,-0.1508,-0.5623,0.8967,-0.1103,-0.0453,0.5796,0.1004,-0.7872,-0.889,-0.1127,-0.0581,0.0009,-0.0684,-0.0087,-0.0076,0.0804,0.0091,-0.0061,0.0782,0.0226,-0.1012,-0.1292,-0.2803,0.0252,0.0583,-0.2608,-0.0067,-0.2257,0.2167,-0.0267,-0.1341,-0.0247
378,5438,108,4,walking,3.6574,-0.0191,0.0557,1.0873,2.0977,-0.0096,3.0778,-0.649,-0.607,0.7956,0.6768,-0.0463,-0.8094,0.8969,-0.0267,-0.0699,0.034,0.7582,-0.8881,0.101,-0.5598,-1.8629,-0.5866,0.8747,-0.5475,-0.0684,-0.8435,-1.1192,-0.9547,-0.5195,-0.5962,0.0509,-0.4159,0.0892,0.0219,0.0277,-0.1103,0.0285,0.9761,0.0083,-0.0246,0.5802,0.0007,-0.0876,-0.5204,-0.1009,0.0247,-0.4388,0.8535,-0.1493,-0.4143,-0.0244,0.1121,0.4199
379,5439,108,4,walking,0.0597,-0.0064,0.067,1.0499,2.5579,3.0977,-0.5869,-0.0171,-0.0863,0.5957,0.0787,0.0214,-0.7572,-0.0504,-0.6083,-0.0203,0.0322,-0.6798,-0.659,-0.6891,0.6684,-0.7893,0.0272,0.56,-0.0348,-0.8962,0.1307,-0.0354,0.0246,-0.8861,-0.0286,0.1108,-0.5432,-0.0003,-0.1194,-0.1002,0.2166,-0.0174,-0.2608,0.0876,-0.1012,-0.809,-0.024,-0.0092,-0.0195,0.0082,-0.0102,0.0594,0.0573,0.0081,-0.0796,0.0185,-0.001,-0.01
380,5440,108,4,walking,0.0863,0.0188,-0.0461,1.0583,2.0959,-0.0092,0.6462,3.6984,0.0786,-0.6082,-0.6595,-0.0325,-0.7855,-0.7958,-0.021,0.5412,-0.068,-0.6889,-0.6798,-0.7097,-0.1306,-0.5793,-0.7475,-0.5645,0.9991,0.8766,-0.0247,0.1192,0.0209,0.7614,-0.1003,0.0577,0.0006,0.0233,0.0185,0.0872,-0.1012,0.0507,-0.0365,0.0881,-0.0457,-0.0348,0.0596,-0.0204,0.0571,-0.1294,-0.0085,0.089,-0.0173,-0.1126,0.0252,0.1503,-0.0302,-0.0361
381,5441,108,4,walking,0.0873,-0.0775,1.0103,2.5764,-0.0597,0.0962,-0.0087,3.7969,-0.0691,-0.0467,-0.5856,0.5598,0.0211,0.1198,-0.0374,0.607,-0.6674,-0.6878,-0.1303,-0.8084,-0.8599,-0.0348,0.0186,-0.1106,-0.0804,-0.0503,-0.0453,0.0233,-0.0004,0.7795,0.6593,-0.0892,-0.5972,-0.0154,-0.1005,-0.0094,-0.0176,0.0882,0.8863,-0.0349,-0.2303,0.0437,0.0247,-0.8971,0.1122,0.2804,-0.0347,-0.1296,0.1049,0.0246,-0.0781,-0.0061,-0.089,0.2163
382,5442,108,4,walking,-0.0224,0.0077,1.6092,2.6598,3.6488,-0.0185,-0.0874,-0.0594,-0.5782,0.0431,-0.0972,-0.0799,-0.0375,0.0695,-0.6871,0.6683,-0.6793,-0.7959,-0.5584,-0.5623,0.1106,0.1012,0.977,0.1129,-0.0507,-0.0003,0.789,-0.5896,-0.0863,0.548,-0.1307,0.1192,-0.8769,-0.8961,-0.0162,-0.0342,0.0258,0.0283,0.0053,-0.2307,-0.0973,0.0244,0.0418,-0.0976,-0.0091,-0.0886,-0.0046,-0.0108,0.0267,-0.1507,-0.1003,-0.0353,-0.1021,0.0294
383,5443,108,4,walking,0.0875,0.0792,-0.0574,2.0973,3.796,1.0188,-0.0077,-0.069,-0.0465,-0.031,0.5796,-0.5854,-0.5572,0.0506,-0.0213,0.0252,-0.0189,-0.0372,-0.1308,-0.1108,-0.0187,-0.0161,-0.7859,-0.0009,-0.0169,-0.8094,-0.024,0.1004,-0.1509,0.567,-0.0197,-0.6484,0.1199,0.1127,-0.6793,0.0799,0.0863,0.0571,-0.0083,0.0898,-0.6686,-0.0876,-0.0119,-0.0353,-0.0209,-0.0162,0.1018,0.0182,0.0891,0.0181,0.8521,0.1268,-0.2209,-0.043
384,5444,108,4,walking,0.0859,0.0187,-0.0664,-0.0091,1.0775,0.059,2.6968,0.097,-0.0213,3.5593,-0.0301,-0.0465,0.5467,-0.5873,-0.0005,-0.0189,-0.0508,-0.568,-0.6662,-0.0258,-0.0803,-0.1104,-0.1305,0.9998,0.0061,-0.1012,-0.7988,-0.576,0.1199,-0.1005,-0.0576,0.0204,-0.0074,0.0082,-0.0072,-0.001,-0.0203,-0.0097,-0.0071,-0.0002,-0.0228,0.01,-0.0001,-0.0181,-0.0163,-0.0183,-0.0247,0.0206,0.1126,0.0196,-0.0077,0.0238,-0.0095,-0.0092
385,5445,108,4,walking,0.607,-0.0109,0.0889,1.0058,2.6907,3.6797,-0.0577,-0.036,-0.0475,-0.0009,-0.5594,0.9874,0.6881,-1.0699,-0.0219,0.1198,-0.5411,0.7859,-0.6695,0.8415,-0.8564,-0.1507,0.8896,-0.0187,0.0208,0.7961,-0.5281,-0.0267,-0.1127,-0.0369,0.5783,-0.0204,-0.5639,-0.0247,0.0266,-0.0365,-0.0508,-0.0082,-0.089,-0.0865,-0.0362,-0.0192,-0.0186,0.0563,0.0171,0.0804,-0.0972,-0.0102,0.0226,-0.058,-0.1106,0.0973,-0.0228,-0.1307
386,5446,108,4,walking,0.0176,-0.0062,1.5865,-0.0699,0.0556,-0.0789,0.0879,0.0961,2.8895,3.547,-0.0464,0.6774,0.6859,0.7597,0.5569,-0.0313,0.6694,-0.0082,0.0218,0.1012,0.9873,0.1195,-0.7892,-0.1303,-0.0348,0.0008,-0.8087,0.0258,0.0246,0.0253,-0.0503,-0.5791,0.1008,-0.1124,0.8535,0.1102,-0.0374,-0.7781,0.0265,-0.0362,-0.0084,-0.0596,0.0263,-0.0171,0.0252,0.6063,-0.0081,0.0804,0.0244,0.0294,-0.0117,0.0983,-0.2607,0.0046
387,5447,108,4,walking,0.028,-0.0159,2.0977,1.7093,3.07,-0.0594,-0.0892,0.0316,-0.5573,-0.0468,-0.5782,-0.0005,-0.7571,-0.0695,-0.7974,-0.6498,-0.1018,0.1103,0.6778,-0.5635,-0.1008,0.1194,-0.5854,0.6061,-0.6696,0.0203,-0.0503,0.0191,-0.8569,-0.0267,0.8865,-0.8799,0.0563,-0.1309,-0.059,-0.0076,-0.0172,0.0897,-0.0789,-0.0367,-0.0184,-0.0081,-0.0353,-0.0204,-0.0183,-0.0357,-0.0208,0.0468,-0.0246,-0.0037,-0.0986,-0.0285,-0.0535,-0.0121
388,5448,108,4,walking,0.0198,-0.0593,1.0887,3.58,2.6784,-0.5902,-0.6095,-0.0979,0.0655,-1.5764,-0.0774,-0.0475,-0.7088,-0.6961,-0.658,-0.038,0.6681,-0.5699,-0.0685,0.0258,-0.5468,-1.9099,0.0004,-0.9744,-0.8978,0.0882,-0.0094,0.1108,-0.7776,-0.7326,-0.1197,-0.1506,-0.1309,0.1004,-0.0405,-0.6311,-0.1124,-0.0252,-0.0085,-0.0244,-0.0226,-0.0803,-0.0266,0.0294,0.0762,0.0079,0.1011,-0.0872,-0.0502,-0.0267,0.0792,0.1086,0.1483,-0.0791
389,5449,108,4,walking,0.0182,-0.0564,2.5584,1.0859,3.0086,0.6075,0.0791,0.5794,-0.0499,0.0314,-0.5885,-0.0954,-0.7783,-0.0697,-0.7081,-0.8895,-0.1197,-0.0506,0.6873,-0.6796,0.568,0.9865,-0.0213,-0.7614,-0.0704,0.1308,-0.0286,-0.7874,0.1129,-0.1504,-0.6661,-0.0705,0.1006,-0.0192,-0.1106,-0.0007,-0.1287,0.0779,0.6971,-0.6311,-0.0405,0.0889,0.5409,-0.0473,0.101,0.009,0.0203,-0.2169,-0.0204,-0.0302,-0.0277,-0.0058,0.0804,-0.0693
390,5450,108,4,walking,-0.0465,0.0971,2.0575,1.0172,3.0789,-0.6955,-0.0082,0.7976,-0.6662,-0.6094,-1.7784,0.8097,-0.6499,0.067,-0.0859,-0.5893,-0.037,0.0405,0.5464,0.564,0.5796,-0.8567,-0.0219,0.6881,-0.8891,-0.7898,-0.1105,0.0507,-0.1008,0.0362,-0.1124,-0.747,-0.0803,0.1198,0.0961,-0.5444,0.0583,-0.019,-0.632,-0.7326,-0.0586,-0.0595,-0.1292,-0.0203,-0.1287,0.1034,0.0208,-0.1431,-0.1506,0.0331,0.0353,-0.093,-0.011,-0.0834
391,5451,108,4,walking,0.5895,-0.0055,0.0764,1.0694,2.0977,3.6783,-0.0186,0.0859,0.0574,0.7085,0.8879,0.5468,-0.7899,0.038,-0.043,-0.1194,-0.021,-0.6971,0.6082,0.0204,0.1305,-0.7581,-0.0003,-0.5622,-0.6662,-0.059,-0.1102,-0.0286,-0.0252,0.0258,-0.2164,0.0076,0.0191,-0.0065,-0.0266,-0.0807,-0.1002,-0.1122,-0.0161,-0.0335,0.0228,-0.1508,-0.0503,0.0792,0.0084,0.5789,0.0236,-0.0331,-0.0072,0.0696,-0.0893,0.0908,0.0697,-0.1473
392,5452,108,4,walking,0.7572,0.0103,-0.0465,-0.008,1.0692,2.7091,3.7874,0.0789,0.096,-0.5469,-0.0579,-0.089,0.024,-0.0508,-0.5885,-0.5982,0.0272,-0.0204,0.0286,0.1308,-0.5576,0.0008,0.7794,0.5797,-0.0224,0.6656,-0.1127,0.1102,0.9871,-0.6768,0.0209,-0.0199,-0.0873,-0.2606,0.0186,-0.0187,-0.0203,-0.0863,-0.0981,-0.0183,0.0267,-0.0588,0.0247,-0.0861,0.0266,-0.1196,-0.0806,-0.0123,0.0238,0.1006,-0.2167,-0.0365,0.0164,-0.0184
393,5453,108,4,walking,-0.078,0.0574,1.607,2.0872,3.0185,-0.0976,-0.6971,0.046,-0.6695,0.0099,-0.0693,-0.5984,-0.6878,-0.7598,0.7988,-0.659,-0.1199,-0.0214,0.0321,0.5412,0.7794,-0.5591,0.5623,-0.0348,-0.6487,0.5889,0.5783,-0.6797,0.0294,-0.0973,-0.1104,-0.1504,-0.1008,-0.1019,-0.1281,-0.0684,-0.0192,-0.1051,-0.0362,0.0082,-0.1308,0.0247,-0.1386,0.0962,0.0267,-0.0506,0.0295,-0.1231,-0.0008,-0.0252,-0.0367,0.1021,-0.0806,-0.0062
394,5454,108,4,walking,0.0301,0.0468,-0.0961,2.0692,1.0581,3.078,-0.0096,-0.0203,0.5862,-0.0883,0.0209,0.0214,0.607,0.5564,0.0206,0.7572,-0.0505,-0.1018,-0.1196,0.7963,0.5967,0.8974,-0.6598,-0.6684,-0.1307,-0.1124,-0.0577,-0.0008,-0.5793,0.8788,-0.8569,-0.5636,-0.0176,-0.0591,-0.0186,-0.079,-0.0078,0.1503,-0.0204,-0.1008,0.5499,-0.0082,-0.0241,0.2806,0.2165,-0.0332,0.0073,0.2207,-0.0349,-0.9547,-0.5163,-0.0353,-0.0907,-0.0205
395,5455,108,4,walking,0.5582,-0.5784,0.0554,1.0793,3.6564,2.6092,-0.7573,0.0698,-0.0171,-0.68,0.5883,0.7978,0.0469,-0.6794,-0.0961,-0.598,-0.0891,0.0322,-0.1019,-1.8887,-0.7086,0.0215,-0.631,-0.6677,0.9599,-0.8962,-0.1129,-0.0684,0.9721,-0.8569,0.0472,0.0774,-0.0006,-0.0705,-0.0473,-0.0508,0.1307,-0.0806,-0.0362,0.0252,0.2169,-0.1191,-0.2309,-0.129,0.0576,-0.1496,-0.1104,-0.5444,0.1078,-0.5623,0.0059,-0.419,-0.5013,-0.0572
396,5456,108,4,walking,0.0185,-0.0058,0.0865,1.5578,2.607,-0.0375,-0.0793,3.6797,-0.0461,-0.0956,0.0584,0.5464,0.068,-0.5983,-0.025,-0.6679,-0.1199,0.9973,0.0803,-0.5791,0.0071,0.0188,0.0354,0.0348,0.1014,0.1304,0.0862,0.0094,-0.0895,0.0592,-0.0004,-0.0359,-0.019,0.0247,0.1124,0.0896,-0.0077,0.0252,-0.0503,-0.0332,-0.1106,0.0881,-0.8974,0.0294,0.0244,-0.0863,-0.0355,0.0204,-0.0302,-0.0587,-0.0267,0.0226,-0.6972,0.1504
397,5457,108,4,walking,-0.0107,0.0082,-0.0954,1.5967,-0.0581,-0.024,0.0858,2.6496,3.069,-0.038,-0.7095,0.0434,-0.026,0.7574,0.1307,0.1102,-0.5565,-0.0809,-0.0005,-0.1014,-0.7791,-0.1503,-0.7862,-0.6685,-0.9998,-0.0506,-0.8972,-0.0246,-0.0332,-0.0056,-0.5794,-0.1005,-0.0226,-0.8883,-0.1196,-0.2805,0.0221,-0.0334,0.0571,0.6961,-0.0797,-0.6884,0.0241,0.0206,-0.1479,0.0087,0.0205,-0.0063,0.0227,0.0247,0.0302,-0.0893,-0.0104,-0.0258
398,5458,108,4,walking,0.0986,-0.0475,0.0174,1.0571,0.006,0.089,2.6661,3.7099,0.0795,0.0698,-0.0311,0.0004,-0.5902,-0.5596,-0.7965,-0.5856,0.6783,-0.8877,-0.8091,0.5793,-0.6972,-0.1015,-0.1198,-0.1124,-0.6876,-0.8465,-0.0608,-0.0367,0.0163,0.0284,0.0054,-0.0348,-0.0073,-0.1503,0.0582,0.0197,0.0778,-0.0064,0.1105,-0.0277,-0.0362,-0.0189,0.0238,-0.0192,-0.0894,-0.2165,-0.0247,-0.0359,0.0862,-0.0246,-0.0349,0.1304,0.0208,0.0505
399,5459,108,4,walking,0.6478,-0.5908,1.0968,2.0173,3.6798,-0.5775,-0.7094,-0.0086,-0.5499,0.5876,-0.0791,0.5614,-0.0574,0.7781,-0.5595,0.032,-0.0462,-0.066,-0.8865,-0.8766,0.8972,-0.6982,-0.978,-0.1124,-0.0672,-0.0212,-0.1509,-0.5659,0.0507,-0.0561,0.0008,-0.8522,0.0204,-0.5137,-0.1102,-0.1196,-0.5498,-0.1006,0.2809,-0.2307,-0.6316,-0.0193,-0.5223,0.0571,0.7984,-0.0883,0.009,-0.5274,-0.0959,0.1296,0.0842,-0.0792,-0.0523,-0.5409
400,5460,108,4,walking,0.0969,0.0873,-0.0465,1.5893,2.0078,3.5907,-0.0577,-0.547,-0.0184,-0.7597,-0.6786,0.0699,0.6682,-0.9894,-0.1194,0.5791,-0.0325,0.5655,0.1107,0.0215,-0.8874,0.798,-0.8961,0.6895,0.1304,-0.101,0.8764,0.0083,-0.0081,0.6313,-0.0277,-0.5014,-0.0976,-0.0246,0.1507,-0.0806,-0.0367,0.1262,-0.0772,0.0007,0.0017,-0.0294,0.0203,-0.0196,-0.089,-0.0082,0.0204,-0.0244,-0.0185,0.0509,0.0871,-0.0286,-0.1127,0.0206
401,5461,108,4,walking,0.0554,-0.0775,1.0079,2.0193,3.5961,-0.0856,-0.0985,-0.6777,-0.6664,0.696,-0.035,-0.0405,-0.5578,-0.0429,-1.659,-0.0699,-0.6887,-0.7063,-1.5862,-0.7434,0.0006,-0.1105,-0.0485,0.0507,-0.8086,0.0225,0.0571,-0.1308,-0.0367,0.0804,0.0189,-0.0573,-0.1127,-0.0572,0.5795,-0.1011,-0.0474,-0.0489,-0.0351,-0.0226,-0.1506,-0.1008,0.0583,0.0582,-0.0081,-0.0184,-0.2209,-0.0598,0.0437,-0.0092,-0.0353,-0.0286,0.0594,-0.8876
402,5462,108,4,walking,0.0064,-0.0106,1.0786,-0.0979,2.0575,0.026,-0.0856,-0.5874,-0.0362,0.0431,-0.5962,-0.0319,3.7872,-0.6884,0.0203,-0.5589,0.9973,-0.0509,-0.6697,-0.6981,-0.0365,-0.5791,-0.8076,0.1121,0.1194,-0.1504,0.0006,-0.1304,-0.1102,0.0233,0.8861,-0.0154,0.9865,-0.2206,-0.0335,-0.2609,0.079,-0.2806,-0.857,-0.0193,-0.2504,0.0286,0.6792,-0.0577,0.1011,-0.0195,-0.0796,-0.0252,0.0285,0.877,0.1008,0.0563,-0.0405,0.0065
403,5463,108,4,walking,0.023,-0.0155,0.0574,1.5958,3.688,2.0872,-0.609,-0.6562,-0.0087,-0.0781,-0.7085,0.0954,-0.0475,-0.7879,0.032,0.0003,-0.8871,0.0694,-0.6486,0.5783,-0.6961,0.1194,-0.6773,0.6677,0.9989,-0.9528,-0.0505,0.1109,0.1018,-0.847,-0.9717,-0.1004,-0.5617,-0.9893,0.0076,-0.0892,-0.0286,-0.2167,-0.0331,-0.6316,-0.0096,-0.2604,-0.1234,0.0067,-0.0362,-0.1507,-0.1305,-0.0204,0.0209,0.1124,-0.0294,-0.1138,0.0252,0.0062
404,5464,108,4,walking,0.048,0.07,-0.0321,2.6855,1.0882,-0.0191,0.0695,3.0969,-0.0554,-0.0005,-0.023,-0.589,-0.101,-0.6065,0.7862,-0.0509,-0.1107,0.1196,-0.7956,0.9984,-0.5961,0.7598,0.0302,-0.5766,0.0241,-0.6783,-0.0589,0.0252,-0.1303,-0.7428,-0.0204,-0.0196,0.7063,-0.8885,-0.0172,-0.7781,0.0267,-0.0209,-0.0244,-0.0277,0.0176,0.7364,0.024,-0.2162,0.0171,-0.0247,-0.0194,-0.0597,-0.0348,-0.0353,0.0986,0.0206,-0.2604,-0.0205
405,5465,108,4,walking,0.0859,-0.033,1.6494,2.7091,3.7879,-0.0973,-0.6961,-0.6877,-0.0092,-0.0774,0.0186,-0.0698,-0.5645,-0.0562,0.5475,-0.6689,-0.589,-0.0499,-0.5584,0.1012,-0.6782,-0.1129,-0.1107,-0.0507,0.8095,0.086,-0.8567,0.0057,-0.1003,0.8872,-0.0007,-0.0102,0.0896,-0.0087,0.2804,0.1197,-0.0335,-0.2165,-0.2609,0.0181,-0.1497,0.0283,0.1463,0.0209,0.0176,-0.2309,0.1506,-0.0793,0.0071,-0.0983,0.2209,-0.0226,-0.0332,-0.1334
406,5466,108,4,walking,0.0554,-0.07,1.6498,-0.0301,2.5796,0.068,0.5579,3.7869,-0.0908,0.609,-0.6883,-0.587,0.0462,0.9982,-0.7597,-0.7465,-0.5971,0.8976,-0.025,0.7791,-0.8567,-0.0367,-0.9561,0.0331,0.0004,-0.567,0.1124,-0.0863,-0.0193,-0.1006,-0.1102,-0.846,-0.0504,0.0365,0.1196,0.0294,-0.0594,0.024,-0.0781,0.0244,0.0226,-0.0369,-0.0186,0.0773,-0.0061,-0.0252,0.0221,0.0437,0.0807,-0.0203,-0.0258,0.0296,0.0092,0.0037
407,5467,108,4,walking,0.056,0.06,-0.598,1.5571,2.6879,3.7598,-0.0884,-0.0787,-1.5645,-0.0499,0.6491,-0.579,0.0983,-0.0286,-1.0192,-0.0472,-0.6902,-0.6674,-0.7796,-1.8903,0.7344,0.119,-0.8565,-0.7058,-0.8854,-0.1508,-0.0705,-0.8601,0.0503,0.1109,0.0878,-0.1305,0.6315,0.0793,-0.0876,-0.0367,-0.0247,-0.0004,0.101,-0.1009,0.1127,-0.0803,-0.0049,-0.0797,0.0252,0.0277,-0.0473,0.0226,-0.0862,-0.0457,-0.0172,0.1695,0.0181,-0.1218
408,5468,108,4,walking,0.0062,-0.0173,1.0883,0.0009,2.0592,-0.0364,-0.0954,0.0213,-0.0793,-0.0431,-0.0696,-0.5976,-0.6671,-0.6595,-0.6982,0.0509,-0.0362,-0.5899,0.7955,-0.0252,0.9874,0.0197,0.0078,0.1122,0.1015,0.6063,-0.8056,0.8867,-0.759,-0.0084,-0.0286,-0.0185,-0.0246,0.1008,-0.1195,-0.5787,-0.7791,-0.1508,-0.1106,-0.0161,-0.0089,-0.024,-0.0093,-0.0276,-0.2164,-0.2606,-0.0047,-0.0186,-0.0097,0.0981,-0.001,0.0079,0.7094,-0.2203
409,5469,108,4,walking,3.059,-0.0093,0.0104,1.0903,2.5567,3.7574,0.0783,-0.066,0.0859,-0.7857,-0.6492,0.6595,-0.5415,-1.5873,-0.8902,-0.5617,0.9968,-0.7087,-0.6691,-0.7699,-1.7984,-0.868,0.1102,0.7788,-0.1005,-0.1019,-0.636,-0.1191,0.1305,0.0881,-0.0596,-0.9798,-0.0185,0.0161,-0.0507,0.1271,0.0862,-0.1507,-0.0286,0.0072,0.1126,-0.0882,0.0794,-0.1078,0.0266,-0.0058,-0.0102,-0.0157,0.0226,-0.0836,0.0284,-0.0302,0.1204,-0.0103
410,5470,108,4,walking,0.07,-0.0893,0.0401,1.7594,2.6885,3.6599,-0.6498,-0.0569,-0.0695,-0.0967,-0.5639,-0.5987,-0.0208,0.6055,-1.8882,0.6691,0.8072,-0.038,-0.7971,-0.0214,-0.1195,0.101,-0.0405,0.7854,-0.7437,-1.7329,-0.5896,0.5762,-0.7655,0.0247,0.1105,-0.0374,-0.8977,-0.1306,-0.0584,-0.1121,-0.009,-0.0161,0.0241,-0.0983,0.0294,0.0505,-0.0006,0.0267,0.0192,-0.0209,-0.0163,-0.2209,0.1006,-0.1486,-0.0807,-0.0204,-0.0119,0.2809
411,5471,108,4,walking,0.0554,-0.04,0.0184,1.0782,0.0292,2.5869,3.0981,-0.089,0.037,-0.0507,-0.029,-0.0697,-0.0004,0.026,-0.1014,-0.0083,-0.5794,0.5571,0.0286,0.0165,0.6495,0.9873,0.0272,0.0161,0.0002,0.6778,-0.1198,-0.7593,-0.0186,0.0199,0.7768,-0.1009,0.8074,-0.0059,0.0079,0.0085,-0.0062,-0.0088,-0.0096,0.0066,0.0227,-0.5629,-0.1304,0.0191,-0.0189,-0.0087,-0.0172,-0.01,-0.0,-0.0176,0.0053,-0.0107,-0.0228,-0.0001
412,5472,108,4,walking,0.0962,-0.0181,0.0073,1.0554,2.5598,3.7574,0.5893,0.0769,0.0872,-0.036,-0.069,-0.6468,-0.0463,0.5965,0.6692,0.0507,-0.1194,-0.7867,0.0212,-0.5789,0.7785,-0.1308,-0.9987,-0.088,-0.1509,-0.0007,-0.0453,-0.0226,-0.1015,0.8894,0.0597,-0.0365,-0.1108,0.0294,-0.7982,-0.2806,-0.0244,0.767,-0.1126,-0.0883,0.563,-0.1271,0.0895,0.0247,0.0348,-0.0884,0.0986,-0.0335,-0.0807,0.0955,-0.0896,-0.0191,-0.0246,-0.0302
413,5473,108,4,walking,0.0782,-0.0895,1.6964,2.0592,0.0093,3.7562,0.6074,-0.5898,0.0412,-0.0691,-0.6501,-0.7967,-1.5578,-0.0985,-0.7094,-0.0219,-0.778,0.5903,0.5699,0.547,-0.0704,-0.5781,-0.0509,0.0684,-0.1195,-0.1122,0.6889,-0.1106,0.101,-0.1307,-0.0705,0.1008,0.8871,-0.8766,-0.766,-0.2806,-0.0672,0.1497,-0.0686,0.0803,-0.079,0.632,0.0573,-0.0783,-0.1286,0.0084,-0.1054,-0.0896,-0.0061,0.0258,0.0119,-0.0348,-0.1504,0.0247
414,5474,108,4,walking,0.0891,-0.0157,1.0593,2.6955,3.6084,-0.0077,-0.0773,-0.6462,-0.0692,0.0976,-0.5903,0.5885,-0.0465,-0.021,-0.7954,-0.1102,0.669,0.677,-0.0351,-0.688,0.9894,0.9799,-0.1124,0.8749,0.8882,0.7856,0.865,-0.0473,-0.7581,-0.6301,-0.1197,0.0505,-0.0061,0.0209,0.0204,-0.0096,0.0252,0.1307,-0.0332,-0.1504,-0.0889,0.0104,0.0874,0.0972,0.0008,0.0183,-0.0971,0.0082,0.1004,-0.1019,-0.0335,-0.0065,-0.2165,-0.0095
415,5475,108,4,walking,0.038,-0.0083,0.0464,1.5893,2.6872,-0.0555,0.0792,-0.0859,-0.0162,0.0985,0.7982,-0.0695,3.8865,-0.1015,0.5797,-0.0213,-0.0054,0.0005,0.5615,-0.1109,-0.7877,0.7091,-0.0342,-0.0176,-0.0167,-0.0354,0.6974,0.1307,-0.6694,-0.0509,0.059,-0.1192,0.0063,-0.0349,-0.0353,0.1005,-0.0061,-0.0171,-0.0184,0.0258,-0.0099,0.1509,0.6087,0.0283,0.0253,0.0059,-0.0096,-0.0367,-0.0581,-0.0173,0.0086,0.0001,-0.0277,-0.0053
416,5476,108,4,walking,0.0058,0.0107,-0.026,1.0698,-0.0594,2.5591,0.0959,0.0469,-0.5795,-0.0867,3.7868,-0.038,-0.0204,0.6482,-0.8861,0.7793,0.0272,0.6599,0.7086,-0.0374,-0.8979,-0.0005,-0.0252,-0.0081,0.0163,-0.7584,0.5639,-0.0597,-0.0509,0.0233,0.0286,0.0238,-0.0806,-0.0572,0.7464,-0.1124,-0.541,0.0085,-0.0247,-0.0349,-0.0434,0.0257,-0.2163,0.6692,-0.0076,0.1107,0.1307,-0.0227,-0.0302,-0.0083,-0.1197,0.0187,-0.0571,0.1011
417,5477,108,4,walking,0.026,-0.0093,0.0375,1.5567,2.0961,0.0462,3.7766,0.0195,0.067,-0.0558,0.0788,-0.0874,0.5794,-0.6478,-0.8087,-0.0806,0.5638,-0.0009,0.0509,-0.7969,-0.1509,-0.5968,0.1008,-0.0592,0.0208,-0.8599,-0.2609,-0.9897,-0.0353,-0.5475,-0.8972,-0.0581,0.1304,-0.0596,-0.0228,-0.0083,-0.6582,-0.1124,-0.0204,0.0976,-0.0773,-0.2506,-0.1196,0.2304,-0.0294,0.059,-0.1263,-0.1108,-0.0247,-0.0791,-0.0348,0.0258,-0.0784,-0.0935
418,5478,108,4,walking,0.0895,0.0102,-0.078,2.5963,1.5872,3.557,0.0575,-0.6909,-0.6681,0.0093,-0.0696,-0.0434,-0.7799,-0.0312,-0.6087,0.5785,-0.0506,0.547,0.6594,-0.1194,-0.6474,0.6897,-0.1305,0.7633,0.6778,-0.0405,0.5623,0.0007,-0.0705,0.8892,-0.0374,0.0285,-0.1107,-0.0179,-0.089,-0.0583,-0.0226,0.1011,-0.0882,-0.1124,-0.0204,-0.0209,0.0284,0.1271,-0.1507,-0.0367,-0.0228,-0.0246,0.0289,-0.0412,-0.0762,-0.0357,-0.1002,-0.0244
419,5479,108,4,walking,0.5863,-0.0077,1.609,-0.0895,2.0968,3.5791,-0.0185,-0.0775,0.5564,0.6679,0.8867,-0.0693,-0.0429,-0.8081,-0.0219,-0.0576,-0.033,0.5982,-0.7086,-0.5645,-0.1192,0.1105,-0.0008,-0.1503,-0.5425,-0.9862,-0.6584,-0.6983,0.0331,-0.0473,-0.1014,-0.0561,-0.0204,-0.8972,-0.0267,-0.1124,-0.0504,0.0787,-0.2603,-0.0199,0.7871,-0.1006,0.2308,-0.0357,-0.0804,0.0226,0.0228,-0.0437,0.0348,-0.1273,-0.0196,-0.0874,0.0197,-0.2162
420,5480,108,4,walking,0.0103,-0.0862,1.6902,2.7092,-0.0465,-0.0655,3.0781,-0.0574,0.0099,0.5861,-0.0956,0.5987,0.8979,-0.6797,0.119,0.6894,-0.5791,-0.0651,0.1309,-0.609,-0.6463,-0.9539,-1.7593,-0.54,0.0505,0.1107,-0.0489,-0.8898,-0.0362,0.0082,-0.8566,-0.0884,0.0096,-0.0178,-0.1506,-0.0076,-0.0571,0.1127,-0.1003,-0.0972,-0.0977,0.1013,0.0886,-0.0173,0.0205,-0.0351,-0.0783,-0.0365,-0.0367,-0.0267,-0.0006,-0.0118,0.0829,0.0517
421,5481,108,4,walking,0.0103,-0.0867,0.0082,1.5784,0.0974,2.0787,-0.6092,3.5566,0.0577,0.0695,-0.6902,0.5499,0.6879,-0.0412,-0.8086,-0.0472,0.587,0.5664,0.0008,-0.6571,-0.7873,-0.8875,0.8525,-0.0161,-0.9731,-0.636,0.1015,-0.0267,0.1129,0.5962,0.1108,0.0093,0.8972,0.2806,0.0277,-0.0353,-0.0191,-0.0246,-0.5498,0.1004,-0.1198,-0.0803,-0.0976,-0.1481,-0.0204,-0.0096,-0.1298,-0.0101,0.0983,-0.0504,-0.019,-0.1304,-0.0286,0.0367
422,5482,108,4,walking,0.0173,-0.0063,0.037,1.5561,2.6564,0.0556,0.0784,3.5787,-0.096,0.0466,0.0862,0.068,-0.5896,-0.679,-0.1307,-0.0509,-0.8902,-0.6971,-0.9895,-0.6859,-0.0405,0.1019,-0.7982,0.0003,0.7872,-0.8877,0.1199,-0.0174,-0.0374,0.0054,-0.0267,0.0192,-0.1008,0.1127,-0.0793,0.7597,-0.0204,-0.0354,-0.0776,0.1506,0.1106,-0.0985,-0.9983,0.0247,0.0416,-0.0365,0.0081,-0.0362,0.1166,-0.0335,-0.0194,-0.0986,-0.0286,-0.0367
423,5483,108,4,walking,0.0875,-0.0091,1.0959,3.6967,2.9871,0.0468,-0.0764,-0.036,-0.068,0.0187,-0.0218,0.0558,0.5584,0.7074,-0.0004,0.7862,-0.0286,-0.6695,-0.0335,-0.1307,-0.6561,-0.1122,-0.8977,-0.7963,-0.0082,-0.0365,0.8893,-0.5785,-0.0353,-0.1108,0.1009,-0.0441,-0.2161,-0.0556,-0.0277,-0.0086,0.0208,0.1191,-0.0597,-0.1015,-0.0773,-0.0505,-0.0204,0.0199,-0.5415,-0.0267,0.0583,0.0228,-0.009,0.1506,-0.2202,0.0592,-0.0876,0.1031
424,5484,108,4,walking,-0.0775,0.0091,1.0104,2.7782,3.6494,-0.0555,0.026,0.037,0.0983,0.0697,-0.6965,0.089,0.5895,-0.7868,0.5972,0.8086,-0.6685,0.9956,0.1309,-0.8879,-0.5781,-0.0004,0.5412,-0.8767,-1.7438,0.1019,-0.8971,0.0507,0.1006,-0.0652,-0.7311,-0.1103,0.0984,-0.0374,0.0367,0.0286,-0.1505,0.2309,-0.1195,0.0861,-0.0098,0.0562,0.0208,0.0348,0.0252,-0.5396,0.0267,-0.2608,-0.0092,-0.0285,0.0302,0.2164,-0.1293,-0.0096
425,5485,108,4,walking,0.0057,0.048,-0.016,1.0375,2.5969,3.0963,0.0889,-0.0792,-0.067,-0.5566,-0.0593,0.6854,-0.8891,0.0507,0.9856,0.0218,-0.6574,0.1011,-0.0374,0.7794,-0.0084,0.7961,-0.0286,0.0073,-0.0581,-0.789,-0.1127,-0.6797,0.5872,0.0186,0.1102,-0.1193,0.0285,-0.0365,-0.0005,-0.2166,-0.1508,-0.0277,-0.0362,0.1305,0.0208,-0.2207,0.0252,-0.9964,-0.0204,-0.0085,-0.0971,-0.2607,0.1005,0.0776,-0.0182,-0.0439,-0.0017,-0.0203
426,5486,108,4,walking,0.036,-0.0109,1.009,2.7094,3.6902,0.0554,0.0462,-0.0788,0.0873,-0.5955,-0.6875,-0.6582,-0.1195,-0.6797,-0.5786,0.0699,-0.7793,-0.6479,0.1124,0.6663,-0.7874,0.1507,-0.1303,-0.5645,0.8084,0.8528,-0.9523,0.0004,-0.1003,0.0505,-0.0704,0.8976,-0.8767,0.1103,-0.0596,-0.5861,-0.2506,0.0791,-0.0871,-0.0192,0.0581,-0.5281,-0.0107,0.0226,-0.5134,-0.2302,0.1015,0.1271,0.0286,0.0348,-0.5442,-0.1326,0.024,-0.0059
427,5487,108,4,walking,0.0076,0.086,-0.0977,1.5565,2.0475,-0.548,3.7899,-1.9873,0.0102,0.0559,0.6894,-0.5857,-0.0697,-0.0784,-0.1011,-0.0325,-0.7091,-0.8966,-0.6986,-0.6364,0.564,-0.0179,0.8895,-0.7467,-0.0684,0.0008,0.1504,-0.1198,0.0882,-0.1104,0.8749,-0.0809,-0.2803,-0.1307,-0.0172,-0.8529,-0.2607,-0.2161,-0.0331,-0.1383,-0.0505,-0.0081,0.0203,-0.099,-0.2307,-0.0161,-0.1271,0.0162,-0.1003,-0.2209,-0.0247,0.1121,0.0244,-0.0092
428,5488,108,4,walking,0.0593,-0.0103,0.0086,1.5579,2.0876,3.6587,0.0208,-0.046,-0.0969,0.0694,-0.5792,0.547,-0.0764,-0.028,-0.789,-0.5956,-0.7583,0.8861,-0.8958,-0.1011,0.6663,0.6881,-0.0286,0.0331,-0.1198,-0.0004,-0.1507,-0.1008,0.0241,0.6795,0.9897,0.1127,0.0203,-0.7782,-0.0508,-0.7399,-0.0354,0.0171,-0.0209,0.0296,-0.0806,-0.0367,0.0062,-0.1306,-0.0191,-0.0085,-0.0572,-0.0294,-0.0074,0.0206,-0.0184,-0.1102,0.2202,-0.0332
429,5489,108,4,walking,0.0562,-0.0085,1.5976,2.6499,3.7067,-0.0104,0.0775,-0.0655,-0.0965,0.0224,-0.0893,0.7972,0.5896,-0.8898,0.7794,-0.038,0.0348,-0.5766,0.0208,-0.1309,-0.1106,0.0508,-0.6981,-0.0007,0.566,0.8973,-0.9568,0.0806,0.7871,-0.1124,-0.1502,-0.6319,0.0786,-0.1197,0.1261,0.0887,0.0286,0.0204,-0.0441,-0.1002,-0.0791,-0.0583,0.0892,0.0284,-0.0267,0.0184,-0.0353,0.0241,0.5418,0.1397,-0.139,-0.0082,-0.0874,-0.0109
430,5490,108,4,walking,0.0213,-0.0091,1.0169,0.0874,0.0694,2.7797,-0.0561,-0.5792,3.0956,-0.0434,0.607,-0.6593,-0.5966,-0.036,-0.558,-0.0767,0.5872,-0.1108,-0.6499,-0.1198,-0.6879,-0.1126,-0.0503,-0.0054,-0.0362,0.7898,-0.0882,-0.1507,0.9538,0.8435,0.7576,0.8788,0.0226,-0.0247,-0.0006,0.0228,-0.1304,0.0985,0.0238,0.635,-0.0374,-0.0367,-0.0803,0.1286,0.0252,0.0083,-0.0096,0.0062,0.0412,-0.0276,0.1289,-0.0267,0.0971,-0.1006
431,5491,108,4,walking,0.0466,0.0081,-0.0701,1.0564,0.096,0.0884,0.0691,2.5893,-0.5971,0.6955,3.8079,-0.0321,-1.6883,-0.5614,0.7867,-0.0503,0.7088,-0.5789,-0.7437,-0.1198,-0.0009,-0.1103,0.7772,0.7597,-0.9862,0.0705,-0.8737,-0.1012,-0.026,-0.5414,0.6319,-0.6561,-0.1509,0.9599,-0.0576,-0.1127,-0.0196,0.1004,-0.0082,-0.5396,-0.2307,-0.0973,0.0794,-0.0453,0.1486,0.1307,-0.5409,0.2167,-0.171,0.2808,-0.4179,-0.0247,-0.1685,-0.0554
432,5492,108,4,walking,0.0191,0.008,-0.0301,1.0475,2.6988,-0.0009,-0.0695,-0.0897,3.5971,0.0789,-0.0583,-0.0979,0.649,0.025,-0.5899,0.1015,-0.1306,-0.7054,-0.6594,-0.6072,-0.5581,0.0331,0.6793,0.0509,0.0441,-0.0351,0.0585,0.0241,-0.0582,0.0246,0.5636,0.1002,-0.6663,0.1196,-0.0062,-0.0196,-0.7774,-0.1507,0.0076,-0.9861,-0.0806,-0.5787,-0.1122,0.024,-0.2606,-0.0362,0.1284,-0.0873,0.0768,-0.0353,0.0878,-0.0192,-0.0267,-0.1102
433,5493,108,4,walking,0.0164,-0.0065,0.0466,1.0862,-0.0984,0.0557,0.0775,0.067,-0.026,2.8073,-0.5574,-0.0317,0.6776,0.5499,0.7793,0.0226,-0.7872,0.7986,-0.0004,3.8768,-0.0091,0.9871,-0.1102,-0.5958,0.6981,0.119,-0.0061,-0.0088,-0.0197,-0.0507,-0.0063,0.0594,0.9534,0.0238,0.1011,-0.2166,-0.5623,0.0468,0.0789,-0.1305,0.1005,-0.0246,-0.0112,0.024,-0.0083,0.0249,-0.0425,0.0117,-0.0806,-0.0365,0.1505,-0.0353,-0.0247,-0.0354
434,5494,108,4,walking,2.0973,0.0655,-0.0187,1.6468,2.7974,-0.0856,3.6977,-0.7584,-0.0558,0.0313,-0.0076,-0.0798,-0.0467,-0.6081,0.0217,-0.5466,-0.0509,-0.8085,0.0003,-0.7894,-0.1124,0.5982,0.101,-0.6597,0.5796,-0.8871,0.0593,0.7089,0.6399,-0.863,0.1005,-0.9561,-0.0804,-0.0204,0.1105,0.0072,0.0252,-0.0353,-0.1509,0.2305,0.1195,-0.0562,-0.1231,-0.0932,-0.0983,0.0241,-0.009,0.1392,-0.0791,0.2165,0.0787,-0.0051,0.0246,-0.0228
435,5495,108,4,walking,2.0955,-0.5783,0.0884,1.5856,2.0793,3.0102,0.0091,-0.666,-0.0573,0.6871,-0.0375,-0.067,0.0465,0.7798,-0.1017,0.9982,-0.6792,0.7872,0.898,-0.649,-0.1308,-0.1195,-0.8569,-0.5962,-0.8788,0.0181,-0.7469,-0.0005,0.1105,0.1126,-0.6375,0.0285,-0.0704,0.0076,-0.0684,-0.0363,-0.1507,0.0258,-0.1005,0.1296,-0.0186,-0.5802,-0.0194,-0.0506,-0.1295,0.5475,-0.0252,0.0097,0.0179,-0.0134,-0.0348,0.0058,-0.0246,0.0241
436,5496,108,4,walking,0.0583,0.0103,-0.0086,-0.068,1.6677,3.8874,2.6787,-0.0856,0.0764,0.6882,-0.5879,-0.547,-0.0972,-0.043,-0.5962,0.0508,-0.5789,-0.7899,0.0215,0.6985,0.7596,-0.6594,-0.6055,-0.0704,0.1196,-0.9531,-0.7324,-0.0576,-0.1012,-0.1104,0.024,0.0004,-0.0362,-0.9897,-0.0367,-0.8421,-0.1305,-0.0971,-0.2607,0.0247,-0.0114,-0.0063,-0.0108,-0.0804,-0.0891,-0.0277,0.0881,0.0283,-0.1122,0.0241,0.0208,-0.0561,0.1147,0.0228
437,5497,108,4,walking,0.0461,-0.0873,1.6483,2.0092,3.5579,0.5903,0.689,-0.0601,0.097,0.5466,0.0789,0.0219,0.6982,0.0575,0.6591,-0.6072,-0.588,-0.6774,0.9895,0.6399,-0.5796,0.564,0.0472,0.1103,-0.0507,0.7638,-0.0608,0.7778,-0.8623,0.0581,0.1305,-0.0652,0.0252,0.0277,0.1506,0.1287,0.1197,-0.8521,-0.101,-0.0962,-0.0184,0.8897,-0.0003,0.1093,0.0285,-0.0553,0.0171,-0.1126,-0.0194,-0.1006,-0.0933,-0.0052,0.1067,0.0204
438,5498,108,4,walking,3.0975,0.0399,-0.0191,2.6574,1.0598,0.0769,3.5885,-0.649,0.0093,0.0463,-0.0359,-0.0872,-0.6788,-0.5784,-0.0697,-0.6682,-0.556,0.5981,0.6854,-0.8062,-0.7095,0.8735,-0.5617,0.1197,-0.0005,-0.1502,-0.7978,0.0213,-0.1012,-0.0335,-0.1305,-0.0073,-0.2161,0.0576,-0.0986,0.0883,-0.0226,0.8907,0.0577,-0.1108,-0.0571,-0.2808,-0.0365,-0.0804,0.1292,0.1124,0.0896,0.0961,0.0265,-0.0047,-0.0123,0.0247,-0.1331,-0.1006
439,5499,108,4,walking,0.5898,-0.5574,1.7072,3.7957,2.0585,0.7576,-0.08,-0.6987,0.0964,-0.5904,0.036,-0.659,-0.0188,0.8095,0.6897,0.0696,0.6792,-0.0763,-0.7791,-0.6654,0.7873,-0.846,-0.119,0.8982,-0.1503,-0.0506,-0.0894,0.5638,0.8633,0.0705,0.0871,-0.0704,0.1107,0.0211,0.0348,-0.0441,-0.0983,-0.1306,-0.1006,0.0181,-0.0862,-0.0053,-0.0861,0.0405,-0.0009,-0.1012,-0.1493,-0.0457,0.0781,0.1134,-0.0065,-0.5163,0.1053,-0.0374
440,5500,108,4,walking,0.0086,-0.0187,1.5579,2.5974,-0.0699,3.0971,-0.021,-0.0895,-0.0464,-0.0554,0.0781,-0.0505,-0.6697,0.6793,-0.038,-0.0331,-0.0169,0.0009,-0.5884,0.5761,-0.1307,0.6573,0.0244,-0.0194,-0.0807,-0.7788,0.101,0.0247,-0.6075,-0.0354,0.1004,-0.7063,0.6889,0.1108,0.0246,-0.0098,-0.0332,0.0156,0.1508,0.1195,0.8523,0.0196,-0.2166,-0.0359,0.089,-0.0783,-0.1292,-0.0365,0.1076,0.0205,-0.0578,-0.046,-0.1124,-0.0204
441,5501,108,4,walking,0.6082,-0.0556,1.6893,3.7792,2.0966,-0.0873,0.5962,-0.037,-0.0057,0.0698,-0.0775,-0.6902,0.5584,-0.0705,-0.548,0.6574,-0.0413,0.7863,-0.6781,0.9979,-0.6497,-0.1303,-0.0507,0.8788,-0.8961,-0.0684,-0.1129,-0.5659,-0.7636,0.0005,-0.5871,-0.0247,0.0896,0.0594,-0.1192,0.0783,-0.5281,-0.0986,-0.0065,-0.009,0.0191,-0.1019,-0.0365,0.0046,0.0112,0.1104,0.1507,0.0728,0.0803,0.0258,0.1295,-0.0354,-0.0302,-0.0699
442,5502,108,4,walking,0.0162,-0.0081,0.0364,1.0878,2.6988,-0.0467,0.0577,3.6858,0.0789,-0.0699,0.0955,-0.0007,0.026,0.7082,-0.5784,-0.0348,-0.5475,-0.5974,0.1004,-0.6686,-0.0503,0.0241,-0.6585,0.0187,0.1108,0.0274,0.0073,0.1307,0.8092,0.1012,-0.1506,0.0172,0.0883,0.959,-0.1197,-0.0793,0.0265,0.0439,-0.0196,0.1079,0.0258,-0.2202,-0.0347,0.0208,-0.1124,-0.1263,-0.0267,-0.0198,-0.0594,0.0571,-0.0807,-0.0286,-0.0365,-0.2167
443,5503,108,4,walking,0.0501,0.0055,-0.0783,1.0375,0.0862,2.5784,-0.0979,-0.0693,-0.023,0.046,-0.6795,-0.1192,0.5854,-0.0506,-0.1019,3.5622,0.6696,0.647,-0.6988,-0.7868,0.8087,0.9961,-0.9873,-0.7438,-0.779,-0.0472,0.1104,-0.5976,-0.0374,-0.631,-0.0473,0.1126,-0.0354,-0.1506,-0.0457,-0.0348,-0.0007,-0.0228,0.0367,0.0065,0.0294,0.0594,0.0247,0.0286,-0.0365,-0.1285,0.2169,-0.0803,-0.0572,-0.0277,-0.0186,0.0581,-0.0252,-0.0267
444,5504,108,4,walking,-0.0893,0.0091,1.5573,3.6681,2.6072,0.0956,0.7598,-0.5869,-0.0104,0.5784,-0.0777,0.7067,-0.0453,-0.0699,0.0563,0.0006,-0.0364,-0.6862,0.5954,0.7897,-0.8882,-0.0225,0.0203,0.8096,-0.0507,-0.6592,-0.7445,-0.7961,-0.8971,0.119,-0.0332,0.1303,-0.0086,-0.0585,-0.1104,-0.0362,0.0795,-0.2162,0.0976,-0.8746,-0.0194,-0.0983,0.099,-0.2605,-0.0331,0.1011,0.1126,-0.0372,0.0161,-0.0712,-0.0348,0.0208,-0.0209,0.0559
445,5505,108,4,walking,0.0055,-0.0693,1.0556,2.6082,3.9895,-0.6684,-0.0467,0.5862,0.0778,0.0174,-0.6468,-0.5985,0.088,0.0971,0.0503,-0.037,0.659,0.8872,0.0004,-0.5464,-0.7794,-0.0704,-0.0348,0.026,-0.0161,-0.0208,0.0209,-0.0252,-0.0803,-0.0204,0.7963,-0.1009,-0.0586,-0.1504,0.1011,0.5787,0.9992,-0.6973,-0.0203,0.0246,-0.0294,-0.119,0.1308,0.0091,-0.0575,-0.0976,0.0097,0.1122,-0.0241,-0.0581,-0.0258,-0.8965,-0.0247,0.0431
446,5506,108,4,walking,0.0976,-0.0595,0.067,1.0108,2.0084,3.7791,0.6788,-0.0213,-0.036,-0.0374,-0.0475,0.0778,0.6579,-0.5873,-0.6682,-0.559,-0.1109,-0.0006,0.0267,-0.0806,-0.1019,0.0272,-0.5699,0.9874,0.6957,-0.0226,-0.0277,-0.0348,-0.6461,-0.1002,-0.1305,0.0097,0.6862,-0.1198,-0.0187,0.024,-0.0063,-0.058,-0.541,-0.0503,0.0781,-0.0083,0.0794,0.0233,-0.1509,0.0789,-0.0294,0.0785,0.0247,0.0252,-0.0286,-0.0896,-0.1493,-0.0204
447,5507,108,4,walking,0.0176,-0.0093,1.059,2.7861,0.0313,-0.023,-0.0466,-0.087,-0.0796,-0.0959,-0.568,-0.0009,0.6954,0.6894,3.9892,-0.7988,0.0331,-0.066,-0.6574,0.1104,0.1005,-0.119,-0.6499,-0.1019,0.0189,-0.5871,-0.1305,-0.1507,-0.7797,-0.5585,-0.5784,0.0562,0.6783,0.0803,-0.0582,-0.2607,0.9545,0.0887,-0.0348,0.1486,0.0252,-0.2805,0.0505,-0.2206,-0.0591,-0.0203,-0.1122,-0.0581,0.0294,0.0465,-0.0246,-0.0772,-0.1463,-0.0088
448,5508,108,4,walking,0.07,-0.0401,1.0959,2.0879,3.6593,-0.7877,-0.5864,-0.688,0.036,-0.0217,0.0561,-0.0695,0.8854,-0.7092,0.6787,-1.5615,-0.6691,0.5572,-0.8969,0.1011,0.5785,0.7475,0.6399,-0.0335,0.0704,-0.7313,0.0472,0.0181,0.0584,-0.9771,0.1127,-0.989,0.0776,0.0508,-0.1102,-0.0986,0.0247,0.0762,0.0182,-0.1004,0.0267,-0.0794,0.0596,0.0121,0.0266,0.1198,0.1504,0.0008,-0.0183,-0.1307,0.0804,0.0285,-0.0873,0.0611
449,5509,108,4,walking,0.0577,-0.0983,2.7801,1.6893,3.0869,-0.0076,-0.0699,-0.5565,0.0789,0.5864,-0.597,-0.5784,-0.6691,0.8862,-0.0314,0.5675,-0.046,0.6794,0.1017,-0.1124,-0.0212,0.548,-0.7322,0.0705,0.0247,0.0258,-0.1305,-0.0585,0.1108,-0.059,-0.0472,0.7415,-0.7963,-0.0405,0.0004,0.1196,0.2166,0.0509,-0.0861,-0.2306,0.0892,0.1505,0.2207,-0.0172,-0.0581,-0.5127,0.2806,0.0071,-0.0335,0.0804,-0.0187,-0.9897,0.0244,0.1296
450,5510,108,4,walking,3.6595,-0.6073,0.6499,3.0892,1.0797,2.0067,-0.0557,5.0462,6.5968,7.7087,0.6902,0.7561,-0.8093,0.7903,8.8531,-0.5898,-0.0172,-0.541,-0.0988,-0.7655,-1.6663,-0.789,0.0691,-0.5124,0.0441,-0.8977,0.0506,-0.9434,0.741,0.1008,0.8435,0.0881,0.5472,-0.1012,0.1195,-0.831,-0.3188,-0.1108,-0.5498,-0.4649,-0.0556,0.1296,0.1286,-0.0582,-0.1434,-0.6104,0.0477,-0.0447,-0.1271,-0.0519,-0.1127,-0.0712,-0.0453,-1.0267
451,5511,108,4,walking,0.0086,-0.0791,0.0106,1.5971,2.6895,0.0006,0.0462,-0.056,-0.0375,-0.0874,3.097,-0.0217,-0.0199,-0.6592,0.5877,-0.6664,-0.0504,-0.541,-0.6793,-0.0189,-0.101,0.8081,-0.1008,0.0204,0.6957,0.7983,0.1307,0.0258,-0.1127,-0.559,-0.7872,-0.0056,0.1108,-0.0349,0.8501,-0.2207,-0.0359,0.2169,0.0809,-0.0374,0.8897,-0.0787,0.2803,-0.0763,0.1194,-0.2309,0.0582,0.0247,-0.0246,-0.0365,0.0102,-0.0353,-0.0084,0.0198
452,5512,108,4,walking,0.0083,-0.028,1.0364,2.6968,3.9971,-0.0165,-0.0963,-0.0792,-0.0884,0.0561,-0.5866,0.5789,-0.0695,-0.0354,0.7593,-0.5978,-0.0467,-0.0335,0.989,0.1198,-0.556,0.0507,-0.0351,-0.0267,0.1308,-0.0441,-0.1104,-0.0365,-0.0006,0.5445,0.0209,-0.1127,0.1018,-0.0374,0.5639,0.0331,0.2163,-0.7094,0.7981,-0.0258,0.0885,0.0962,-0.0897,-0.0228,-0.0226,0.2806,0.0353,-0.0277,0.0348,0.0283,-0.1003,-0.0372,0.0285,-0.1291
453,5513,108,4,walking,0.7561,-0.0796,1.7087,2.0069,3.7901,-0.6082,0.0955,-0.0585,-0.6883,-0.7865,-0.548,0.0876,0.0693,-0.5892,-0.6691,-0.0312,0.6795,-0.5963,0.0439,-0.8884,0.8971,-0.999,0.1014,-0.0214,-0.7438,0.1006,-0.5634,-0.5798,-0.0197,-0.7773,0.1122,-0.0672,0.0208,0.1197,-0.6462,0.1503,-0.0651,0.0006,-0.0652,0.0348,0.0172,0.0594,0.0781,0.1386,0.0717,-0.0357,-0.0718,0.0549,-0.0056,-0.2165,-0.0267,-0.0335,-0.0917,-0.0629
454,5514,108,4,walking,0.0867,0.0109,-0.0475,1.6496,2.5782,0.0312,3.0083,-0.5963,0.068,0.056,0.0793,0.6681,-0.7072,0.5876,-0.6974,-0.5587,-0.9865,0.7868,-0.542,0.026,-0.7799,-0.8971,-0.7322,-0.1197,-0.8501,-0.1005,0.7962,0.9521,-0.5614,0.8635,0.0803,0.0888,0.0597,0.0705,0.0184,-0.1306,0.2169,-0.0485,-0.0861,-0.0091,-0.0354,-0.1011,0.0294,-0.0006,-0.089,0.0594,0.1122,-0.0192,0.0111,0.0505,-0.1102,-0.5195,-0.1134,-0.0228
455,5515,108,4,walking,0.0555,-0.0865,1.0475,2.018,3.5983,-0.587,-0.0092,0.0312,-0.0773,0.0977,-0.6072,-0.0691,-0.0335,0.6882,-0.6496,-0.5789,-0.1195,0.5467,-0.567,0.6687,0.0241,-0.0211,-0.1304,0.7874,0.7962,0.8895,0.1507,-0.9871,0.6961,0.1015,-0.6399,0.1121,0.0876,0.129,-0.0581,-0.9765,-0.0405,-0.0785,-0.0489,-0.1486,-0.0893,0.0094,-0.0007,0.0884,0.0121,0.0134,-0.0505,0.2166,0.0267,-0.0367,-0.0441,-0.1334,-0.0049,0.1189
456,5516,108,4,walking,0.0073,-0.0169,2.0877,1.7954,-0.0215,3.5976,-0.0664,0.0467,-0.0983,-0.0563,-0.0784,-0.5655,-0.0312,0.5866,-0.6891,-0.756,0.0004,-0.119,-0.579,-0.8078,-0.6588,-0.1008,-0.897,-0.0247,0.0506,-0.0085,0.0862,0.0208,-0.0192,0.0593,0.1303,0.7464,-0.0807,-0.101,-0.0071,0.0434,0.0197,0.9986,-0.0228,-0.0365,0.024,-0.0196,-0.0072,-0.0412,-0.0181,-0.0795,0.1127,-0.0209,0.046,-0.0058,0.0887,0.0206,-0.1504,0.001
457,5517,108,4,walking,0.0775,0.0104,-0.0086,1.6561,2.0897,-0.0692,0.026,3.7898,0.0003,-0.0557,-0.5856,0.0983,-0.0364,0.0252,-0.5576,-0.1106,0.6691,0.0508,0.1122,0.6874,0.1015,-0.6782,0.779,-0.1198,0.5963,-0.7094,-0.1504,-0.2302,-0.5499,-0.8073,-0.0348,-0.2209,0.6981,-0.8987,-0.1003,-0.0095,-0.0162,-0.7984,0.1303,-0.0803,-0.8547,-0.0096,0.1172,0.0228,-0.0134,-0.0893,0.1088,-0.1271,-0.0367,-0.0114,0.0266,0.0247,0.1097,-0.0731
458,5518,108,4,walking,0.0076,0.0217,-0.0796,1.6501,2.6777,3.6903,-0.067,-0.0562,0.0859,-0.0973,0.759,-0.5794,-0.6474,-0.548,-0.0499,0.8568,-0.5898,0.7963,-0.0348,-0.566,0.0472,0.8955,0.1127,0.0171,-0.6697,0.1198,0.8881,0.0884,0.0878,-0.0004,-0.1006,0.1507,0.0961,-0.0335,0.0258,0.0241,0.0208,0.1019,-0.0972,-0.1495,-0.0374,0.0286,-0.0786,-0.0987,-0.1082,-0.0509,-0.1304,-0.0357,-0.1391,0.0936,-0.1213,-0.1595,-0.1204,-0.1104
459,5519,108,4,walking,-0.0073,0.0108,2.5595,1.6492,-0.036,-0.097,-0.0554,3.0791,-0.0698,-0.6685,0.028,0.0468,-0.0004,0.1196,0.7593,-0.6594,-0.5787,0.5884,-0.0367,-0.6961,-0.0504,-0.0354,-0.0331,-0.0079,0.9989,-0.0576,-0.0353,-0.0372,0.0267,0.1018,-0.5982,-0.1307,0.7877,0.0186,0.5623,-0.009,0.1124,0.8897,0.0294,-0.1103,-0.1509,0.0241,-0.0181,-0.0204,0.0208,-0.0357,-0.0247,-0.0277,-0.2605,-0.0096,0.0258,-0.0067,-0.0226,0.0063
460,5520,108,4,walking,0.0564,-0.0086,0.0191,1.5969,-0.0971,0.0867,0.5782,-0.0796,2.5572,3.9976,-0.028,-0.037,-0.5414,-0.0425,-0.066,0.6877,-0.6585,-0.7579,-0.7466,-0.0672,0.8887,0.1003,-0.0003,-0.0247,-0.1015,0.0204,0.0806,0.9746,-0.5892,-0.2165,-0.1304,0.8973,-0.5615,-0.7894,-0.2605,-0.0083,-0.1507,-0.2506,-0.0285,-0.0895,-0.1197,-0.2206,-0.1105,-0.0504,-0.0365,-0.0286,0.0062,-0.1284,-0.079,0.0252,0.0227,-0.2807,0.0161,0.9863
461,5521,108,4,walking,0.0958,-0.0186,0.0468,1.0084,0.0597,2.7066,3.0699,0.038,0.0769,-0.0885,0.026,-0.5589,0.0209,0.1015,0.0331,-0.0004,0.0508,-0.7792,0.0803,-0.0191,0.1002,-0.5761,0.0252,-0.1122,0.0241,0.0277,-0.0286,-0.7895,0.0238,-0.5962,0.6573,-0.5664,0.1506,-0.1308,0.0247,-0.0351,-0.089,-0.5475,-0.2206,0.0794,-0.1197,-0.0294,-0.0372,0.1102,0.0244,-0.0228,0.1172,-0.8879,-0.0285,-0.0332,-0.0348,-0.1274,-0.1371,-0.0302
462,5522,108,4,walking,0.046,-0.0583,1.5577,2.6595,3.7593,5.6498,6.0884,8.9968,7.669,-0.0787,-0.097,-0.5469,0.67,-0.0161,-0.8879,-0.5635,-0.638,-1.0319,-0.9738,0.863,0.7894,-0.0692,0.1012,-1.8519,-0.7317,-0.5976,-0.5891,-0.5796,-0.1008,0.1191,-0.0489,-0.5442,-0.7422,-0.1307,-0.0448,-0.4458,-0.0992,-0.0217,-0.0508,-0.0684,-0.1295,0.1362,-0.0589,-0.1081,-0.0405,0.0277,0.0033,0.0771,-0.0547,-0.0972,-0.0646,-0.1082,0.0061,-0.0112
463,5523,108,4,walking,0.0583,-0.0086,0.046,1.6793,0.0211,2.6501,0.037,-0.079,-0.0869,0.0954,3.5875,-0.6677,0.119,-0.0655,-0.5782,0.6499,0.1014,0.8095,-0.0503,0.7894,0.0221,0.0302,0.1304,0.5979,-0.8876,0.1009,-0.5623,-0.7428,0.9897,-0.6872,0.8971,-0.0441,-0.0267,-0.0781,0.0791,0.0087,0.0563,-0.0861,-0.1507,0.0807,0.1062,-0.2303,-0.0457,-0.1485,-0.1106,-0.0247,0.2167,0.0113,-0.0009,-0.0972,0.0596,-0.0884,0.0209,-0.0103
464,5524,108,4,walking,0.0062,0.067,-0.0963,-0.0105,2.0889,1.0764,0.0469,0.5854,0.7855,3.6661,-0.038,-0.6856,-0.0212,-0.5799,-0.0441,-0.7576,-0.1195,0.1308,-0.0503,0.779,-0.0247,0.1102,-0.1121,-0.6583,-0.5984,0.9767,-0.0348,-0.0286,-0.796,-0.8512,-0.0581,-0.0354,0.0003,0.0091,0.101,0.0244,-0.0782,0.1271,-0.0972,0.2164,-0.0362,0.0194,-0.0357,0.0277,-0.0974,-0.1002,-0.0098,0.1496,-0.0356,-0.0421,0.0117,0.0803,0.0693,-0.1502
465,5525,108,4,walking,0.0859,-0.046,0.0364,2.5898,1.6971,0.0102,0.0084,-0.0555,-0.0957,3.6573,0.6663,0.0694,-0.7093,-0.0472,-0.0789,0.0208,0.1304,-0.0156,-0.8083,-0.0252,-0.0007,-0.0503,0.1121,-0.0335,-0.6779,0.1102,-0.0367,-0.7792,-0.7576,-0.0891,0.0272,-0.0352,0.1018,-0.0286,-0.0872,-0.1008,-0.0597,0.1198,-0.0362,0.1504,0.8861,-0.5445,-0.0186,-0.0423,-0.0799,-0.789,0.0226,0.6874,0.2809,0.0896,-0.0595,0.0087,-0.0185,-0.0962
466,5526,108,4,walking,-0.0468,0.0872,1.0071,2.759,3.577,-0.0574,-0.0701,-0.5569,-0.0364,-0.548,-0.6583,-0.0985,-0.5899,0.0694,0.0705,-0.8867,-0.6697,-0.8973,-1.7779,-0.766,-0.1308,0.0294,-0.563,-0.9895,0.0247,0.0508,-0.5978,-0.8735,0.1191,-0.1018,-0.1504,-1.6399,0.0684,0.1293,-0.0489,0.021,0.0184,-0.0962,-0.2169,0.0803,-0.0362,0.0782,-0.0792,-0.0004,-0.0186,-0.0791,-0.0081,-0.1102,0.0201,-0.0081,-0.1461,-0.1296,-0.0059,0.0258
467,5527,108,4,walking,0.0971,-0.0187,2.0882,1.6895,3.7796,-0.6085,0.078,-0.0554,-0.7088,-0.7599,-0.0312,0.0213,-0.5964,0.0058,0.069,0.0413,-0.5625,-0.5797,-0.7955,-0.0509,-0.6961,0.6698,-0.0286,0.0208,-0.1303,-0.7865,-0.0084,0.1008,-0.1127,-0.0348,0.1108,0.0285,-0.0076,-0.0803,0.0008,0.0294,0.0072,0.0192,0.0209,-0.1014,-0.2164,-0.0062,-0.0091,-0.0353,-0.0581,-0.2208,-0.0174,-0.1195,-0.0332,-0.0367,0.0267,-0.6783,0.0094,-0.001
468,5528,108,4,walking,0.0057,-0.0172,0.037,1.6098,2.5589,3.5977,-0.0691,0.0575,0.0461,-0.0858,-0.5464,0.026,-0.0969,-0.0774,0.6794,0.0508,0.0004,0.0162,-0.0335,0.024,-0.6593,-0.0258,-0.0571,0.0284,0.0084,-0.5699,0.0078,0.0283,0.0085,-0.0367,0.1108,-0.001,0.101,-0.0286,0.0247,0.0186,-0.0354,-0.0244,0.0168,0.0804,-0.0173,0.0163,0.018,0.7988,-0.0002,0.0587,0.669,-0.0238,0.0431,0.0246,-0.0096,-0.0576,0.0795,0.0717
469,5529,108,4,walking,0.0875,0.0162,-0.0556,1.596,3.5868,2.0772,-0.0955,-0.6692,-0.0091,0.0314,-0.04,0.5786,0.8863,-0.547,-0.7902,-0.9985,-1.8973,-0.0698,-0.679,0.6587,-0.6495,-0.0443,0.7871,0.8415,-0.0005,0.8096,-0.1304,-0.5195,0.6981,-0.9767,-0.0574,-0.1124,0.7776,-0.833,-0.2166,0.0793,-0.0161,-0.1191,0.5684,-0.0594,-0.0582,0.024,-0.2608,0.1106,0.0203,0.1213,0.1014,-0.0539,0.0508,0.1043,-0.0161,0.1654,0.0252,-0.0585
470,5530,108,4,walking,0.0107,0.0093,-0.0463,2.5968,1.6083,-0.0554,-0.0699,-0.089,-0.0375,0.0971,-0.6692,3.7972,0.0212,-0.0504,-0.1018,-0.1195,0.647,0.5784,-0.6788,-0.6594,-0.5889,-0.7761,-0.1126,-0.008,0.1304,-0.0252,0.0208,-0.6985,-0.0556,-0.7437,-0.0004,0.9562,-0.5573,0.024,-0.0335,-0.0247,0.0578,0.0203,0.0209,0.0461,-0.0191,-0.0349,-0.1006,0.0277,0.2169,0.0581,0.0205,0.0076,-0.1508,0.0244,-0.0331,0.0294,-0.0226,0.0086
471,5531,108,4,walking,0.0078,-0.0108,1.0468,-0.0217,-0.0081,-0.037,2.6065,-0.0954,0.058,-0.0699,0.0769,-0.0286,0.0008,-0.6685,0.1017,-0.6489,-0.1194,-0.0367,0.5763,0.5982,-0.0171,-0.6786,0.5856,-0.5584,-0.0246,-0.1308,-0.0508,-0.7761,-0.0247,0.0776,0.1104,-0.0072,0.0097,-0.0188,-0.1121,-0.024,-0.0573,-0.0087,-0.0191,0.7579,-0.0204,0.0241,-0.0083,0.0096,-0.0093,0.059,0.0205,-0.0267,-0.0098,-0.0074,0.0208,-0.0002,-0.0252,-0.0327
472,5532,108,4,walking,0.096,-0.0162,1.0078,2.0598,0.0466,0.0892,-0.023,0.0783,0.5797,-0.0375,0.7094,-0.0693,0.0009,-0.1197,0.0226,-0.0509,-0.5895,0.0059,-0.5585,-0.6577,-0.5464,0.0806,0.0209,0.6879,0.0208,0.1109,0.0267,0.1303,0.0781,-0.1008,0.0348,-0.8871,0.5619,0.698,-0.1503,0.0335,0.9982,0.1014,-0.2503,-0.0873,0.0861,0.0238,-0.0244,-0.0067,0.0063,-0.0276,0.0252,-0.0353,0.0294,0.0074,-0.0285,0.1121,-0.009,0.0204
473,5533,108,4,walking,0.059,-0.006,1.0467,2.0781,0.0958,-0.0171,-0.037,-0.0692,0.5589,-0.0893,3.6664,-0.1192,0.7961,-0.5783,-0.5475,-0.1012,0.021,-0.0286,-0.7894,0.8062,-0.6986,0.564,0.0285,0.0505,0.5987,0.0065,-0.9891,-0.1009,-0.6897,0.9599,-0.7469,-0.0007,-0.1124,0.73,-0.8872,-0.7776,0.8527,0.2809,0.0258,0.0203,0.1303,0.0348,-0.0226,-0.0584,0.0252,0.0096,-0.0267,0.0246,0.0228,0.085,0.0429,-0.0782,-0.0807,0.0266
474,5534,108,4,walking,0.077,-0.0182,1.0562,0.0065,2.5874,3.5763,-0.0956,-0.0694,-0.0885,-0.5475,0.5583,0.0466,-0.5987,-0.609,0.0219,-0.6903,-0.1012,0.1308,0.1103,-0.0197,-0.0006,-0.6884,-0.1129,0.0441,-0.0191,-0.8898,0.6471,-0.0367,0.0226,-0.088,-0.1008,-0.0503,-0.0252,-0.0186,-0.7876,-0.7792,-0.0573,-0.6789,-0.0561,-0.0803,0.0972,-0.9996,0.0233,-0.0895,0.024,0.1192,-0.0286,-0.0579,-0.0348,-0.0044,0.0421,0.0227,0.0036,-0.0353
475,5535,108,4,walking,-0.0182,0.0955,1.649,-0.0063,2.0778,-0.0897,-0.0696,3.0585,0.5865,-0.7066,-0.7574,-0.048,0.034,-0.5968,-0.5623,-0.6086,-0.1199,-0.1305,0.7977,-0.8861,-0.8973,-0.0662,-0.0216,-0.9987,-0.6954,-0.0331,-0.1015,0.1509,-0.1126,-0.0584,0.1006,0.5795,-0.0783,-0.0971,0.6776,-0.0348,0.1462,-0.0489,-0.0806,-0.0798,-0.1108,0.0203,-0.0504,-0.0405,-0.0181,0.1392,0.0194,-0.0294,0.0365,-0.1115,0.0007,-0.0247,0.2166,0.0441
476,5536,108,4,walking,0.086,-0.047,1.6598,2.7901,-0.0699,3.0783,-0.6858,0.0055,0.0217,-0.0554,0.6956,0.5971,-0.7793,-0.0963,0.889,-0.033,-0.1019,-0.0362,-0.6696,-0.1306,-0.7574,0.0507,-0.7864,0.8061,-0.5789,0.1199,-0.1503,-0.0252,-0.0267,-0.0092,-0.8547,-0.0594,-0.0348,-0.0361,0.6776,0.1105,-0.0172,0.1126,0.0086,-0.0787,-0.0084,-0.1005,0.2302,0.0247,0.0004,0.0195,0.2209,-0.0365,-0.0699,0.0062,0.2809,-0.2162,-0.0797,0.0082
477,5537,108,4,walking,0.0182,-0.0798,0.0375,1.0693,-0.0871,2.6094,-0.0583,3.8876,-0.0955,-0.0092,-0.0362,0.0464,-0.6856,0.0217,-0.0054,0.5987,0.5786,-0.0008,-0.0332,0.1015,-0.0503,0.0208,0.0284,0.7077,0.6663,0.6985,-0.6778,0.0203,0.1126,-0.1309,-0.1195,0.8074,-0.6599,-0.0862,0.2169,0.0761,0.0258,0.7958,0.0989,0.0267,0.1102,-0.1495,-0.0984,0.0204,0.0091,-0.1005,0.0196,-0.0347,-0.0803,-0.0973,0.0233,-0.0872,0.1097,-0.0114
478,5538,108,4,walking,0.6074,-0.0979,1.0499,2.7082,3.5876,0.9893,-0.6478,-0.0887,-0.65,-0.0189,0.6956,0.8862,-0.5475,-0.5971,0.6861,0.5591,0.0773,-0.0705,-0.0586,-0.8097,-1.5796,-0.0314,-0.1307,0.669,-0.0692,0.6785,0.7794,-0.0508,0.0473,-0.1504,-0.1017,-0.0072,0.0084,-0.1104,0.0209,0.6316,-0.026,-0.0183,0.2807,-0.0252,-0.0095,0.0581,-0.0063,-0.0226,-0.0104,-0.0006,-0.0241,0.2162,-0.1195,0.0897,0.0205,-0.0367,0.0203,-0.0157
479,5539,108,4,walking,3.0562,-0.0873,0.0976,1.7598,3.5564,2.5884,0.0788,-0.04,-0.7086,-0.0174,-0.7899,0.6971,-0.038,-0.689,0.0694,-0.5635,-0.0506,0.5957,0.6587,0.0216,-0.8527,-0.9766,-0.1104,-0.1508,-0.6054,-0.7761,0.7983,0.0441,-0.8967,0.1009,-0.0473,0.1124,0.0008,-0.119,-0.0489,-0.1011,0.0172,0.0041,-0.0485,-0.0203,-0.1309,0.9527,-0.0267,0.1281,0.1096,0.2167,0.0793,0.0982,-0.0362,-0.0556,-0.0092,-0.0348,0.0963,-0.1558
480,5540,108,4,walking,0.089,-0.0797,0.0962,1.0574,3.5961,2.607,-0.0096,-0.0164,0.048,0.0224,0.0695,-0.5872,0.035,0.1014,-0.7569,0.6855,-0.5499,0.1195,-0.8898,-0.0005,-0.0505,-0.1109,-0.0083,0.7965,-0.5789,-0.1124,0.0252,-0.7867,0.0184,-0.0591,0.1505,0.1308,-0.2163,0.0193,-0.0359,0.0247,0.0094,0.0204,0.7776,0.0182,-0.0332,0.6687,-0.0792,0.0258,0.0203,-0.0244,0.0241,0.0246,-0.1005,-0.2207,-0.0294,-0.0763,-0.1285,-0.0267
481,5541,108,4,walking,0.0862,-0.0585,0.0181,1.0475,-0.0778,-0.0084,2.5866,-0.097,0.6094,3.6967,0.021,0.0313,0.0695,-0.1304,-0.809,0.6887,-0.6588,-0.5597,-0.0208,-0.0503,-0.5782,-0.1195,-0.0086,0.9863,0.0154,-0.1011,-0.6461,-0.5972,-0.1104,-0.0007,-0.5645,-0.0365,-0.0096,0.1506,-0.2607,0.0203,0.7499,-0.1127,0.0244,-0.0209,0.0348,0.7776,0.0873,-0.0989,-0.0171,0.2803,0.2202,-0.1293,-0.0807,0.0205,-0.1479,-0.0374,0.0286,-0.0457
482,5542,108,4,walking,0.0858,-0.0796,1.5792,-0.0059,0.0979,-0.0585,2.7771,3.0475,-0.0169,-0.6497,-0.037,-0.546,0.6694,-0.0695,0.6578,-0.559,0.0208,0.8902,-0.0004,-0.0504,-0.1015,-0.0174,-0.0405,0.9972,-0.0204,-0.1107,0.0073,-0.0567,-0.0186,0.1507,0.0238,-0.0803,-0.0163,0.0561,0.1122,-0.119,0.1307,0.2806,0.0783,-0.0252,-0.0228,0.0182,-0.8081,0.0227,-0.046,-0.0353,-0.5645,-0.0068,-0.0793,-0.0791,0.9876,0.1262,-0.1231,0.0884
483,5543,108,4,walking,0.0871,-0.5957,1.0184,2.067,3.0083,0.0463,-0.7562,-0.0797,0.0969,-0.6577,-0.546,0.7855,0.9893,-0.038,-0.9982,0.059,-1.6788,0.8976,0.0218,-0.7974,-0.0508,-0.5638,0.8768,0.5885,-1.6686,-0.1011,0.1106,0.0704,0.0961,-0.1199,0.1304,0.1126,-0.6495,-0.0809,0.0241,0.1273,-0.1472,0.1002,-0.2161,0.1181,-0.0791,-0.0592,-0.1472,0.1502,-0.2307,0.5223,-0.0196,-0.0006,-0.0933,-0.1794,0.0157,0.0244,-0.0843,0.0082
484,5544,108,4,walking,0.0798,0.0186,-0.0475,1.0695,-0.038,2.709,-0.0892,0.0062,-0.5799,-0.0559,3.7867,-0.0976,0.0506,0.0215,-0.6588,0.0221,-0.1307,0.0003,-0.0354,-0.5854,-0.0169,-0.1194,-0.0555,-0.6093,-0.6877,-0.1503,0.0203,-0.7972,0.567,0.9766,0.0196,-0.1008,-0.0247,-0.0806,-0.6471,-0.0581,0.1018,-0.0187,0.2164,0.0589,0.0252,-0.1106,-0.041,-0.0335,-0.8512,-0.1291,-0.0244,-0.0285,-0.0286,-0.0883,-0.0357,-0.0223,-0.0246,0.0238
485,5545,108,4,walking,0.0164,-0.037,0.0461,1.078,2.0589,0.0093,0.0981,0.0895,3.5792,0.066,0.0212,-0.5883,0.0006,-0.6674,-0.1304,0.7867,0.0506,-0.7988,-0.1015,-0.5571,0.1195,0.0063,0.6968,-0.5645,-0.1009,-0.1124,0.0077,0.5982,-0.0099,-0.6573,0.7562,0.5412,-0.0267,-0.0091,-0.1102,0.8535,0.0272,-0.0252,-0.0072,-0.0094,-0.0332,-0.0258,0.2166,-0.0176,0.0257,0.9897,-0.1507,0.877,-0.0331,-0.0203,0.0236,0.059,-0.0084,0.0227
486,5546,108,4,walking,0.0106,-0.0059,0.0461,1.6493,2.5897,3.6871,-0.0579,-0.6689,-0.0856,-0.7099,0.0969,0.6078,-1.5581,-0.8876,-0.0786,-0.0317,-1.8575,0.6791,0.548,0.7316,-0.6562,-0.1129,-0.1194,-0.7787,-0.637,-0.026,-0.0441,0.5783,0.7466,-0.8468,0.0592,0.0507,0.0009,0.959,-0.0362,-0.0172,-0.1505,-0.0369,0.0246,-0.2167,-0.0598,0.0196,-0.0405,-0.0365,-0.0082,0.0252,-0.0971,-0.0594,0.0258,0.0267,-0.1303,-0.1019,0.0047,0.0549
487,5547,108,4,walking,0.087,-0.0972,0.006,1.0157,2.6484,0.0789,-0.0462,0.5583,-0.0574,0.0399,-0.588,-0.0693,-0.0213,-0.0006,-0.6579,-0.1307,-0.0348,-0.5961,0.6782,-0.1018,-0.6675,-0.0056,0.9895,-0.0806,0.1104,-0.0869,-0.1196,0.0196,3.5396,-0.0591,0.8854,0.7781,0.1127,0.0203,-0.0773,-0.7894,-0.0504,-0.0868,-0.0076,-0.0335,-0.0797,-0.0971,0.0963,-0.1506,-0.1286,0.1006,-0.0252,-0.0354,-0.0987,-0.079,0.0226,-0.8521,-0.0792,-0.1401
488,5548,108,4,walking,0.7597,-0.0963,0.0301,1.0093,3.7894,2.6483,-0.0873,-0.6681,-0.0787,0.6786,-0.0558,-0.0213,-0.556,-0.7084,0.043,0.7957,-0.8968,-1.7792,0.598,-0.0695,-0.7499,-0.0005,-0.541,-0.8882,-0.6965,-0.1198,0.8523,-0.0704,0.0203,0.0591,-0.0506,-0.0956,0.0562,-0.1017,-0.7625,-0.1505,-0.0247,-0.0472,-0.0286,-0.0351,0.0294,0.1271,-0.0861,-0.0204,-0.0598,-0.129,-0.5409,0.0796,0.1432,-0.0972,-0.1127,0.1307,-0.1432,-0.1227
489,5549,108,4,walking,0.5558,0.0073,-0.0181,1.0693,2.5961,3.7969,0.6491,-0.048,0.0597,0.656,-0.5475,0.0987,0.0778,0.6671,-0.8884,-1.7068,-0.5615,-0.0876,-0.7783,-0.0472,-0.0312,-0.9895,0.0225,-0.0004,0.1198,0.8501,-0.1103,0.009,0.5796,-0.0365,0.7467,0.0509,0.0094,0.1012,-0.0189,0.1126,0.0582,-0.0892,0.1308,0.0762,0.0807,0.0277,-0.0886,-0.0563,0.0335,0.0121,-0.1509,-0.0437,0.0799,-0.0374,-0.0572,0.0285,0.0539,-0.0204
490,5550,108,4,walking,0.5801,-0.0585,0.0079,1.0869,3.0778,2.5961,-0.0963,-0.6095,-0.0375,-0.6857,0.7093,-0.0692,-0.023,0.659,-0.0226,-0.8072,0.0416,0.0221,-0.0003,-0.0222,-0.5475,-0.6498,0.5655,-0.0507,-0.0204,-0.1126,-0.1006,-0.6677,-0.1509,0.0896,-0.1191,-0.9974,-0.0267,-0.1305,0.6787,-0.0247,0.7322,0.0797,-0.0223,-0.0062,0.8891,0.0089,0.0804,-0.0203,-0.0881,-0.0794,-0.1102,0.1019,-0.0277,-0.0184,0.0209,-0.1471,-0.2169,0.0576
491,5551,108,4,walking,0.0783,-0.0976,0.0063,2.6478,1.019,3.7797,-0.5974,0.0891,-0.0499,-0.0655,0.0558,0.0507,-0.0003,-0.038,-0.025,-0.7065,0.7594,-0.6093,-0.5466,0.1122,-0.1107,-0.1019,-0.1308,0.6971,0.0246,-0.6768,-0.8957,-0.2308,0.0233,-0.1195,0.0962,-0.1505,-0.0079,-0.0332,-0.8881,-0.0085,0.0973,-0.0872,0.0252,-0.0228,0.5645,0.0221,-0.1002,0.046,-0.9892,-0.1084,-0.0196,-0.0986,-0.0423,-0.0348,-0.0982,0.0187,0.0227,0.0803
492,5552,108,4,walking,-0.0211,0.04,1.0157,3.6962,-0.0884,-0.069,2.0797,-0.058,-0.0973,-0.7898,-0.5585,-0.5625,-0.5981,-0.036,0.5854,0.8977,-0.6661,-0.797,-0.6592,0.7594,0.6364,0.9968,-0.6788,0.0247,-0.1308,-0.0891,-0.0583,-0.1006,0.9548,0.0508,0.0974,-0.0453,-0.0367,0.1196,0.0806,0.1507,-0.0582,-0.0485,-0.1121,-0.0976,0.8747,-0.0457,0.0796,-0.0008,-0.1013,-0.2307,0.0267,-0.0071,-0.0593,0.2803,-0.0772,0.0286,-0.0362,-0.0586
493,5553,108,4,walking,2.0968,-0.0857,0.0791,2.6599,1.6971,0.03,3.0189,-0.0467,0.0212,-0.7879,-0.6661,0.5587,0.5856,0.068,-0.056,0.0007,-0.1199,-0.7572,0.8874,0.8564,-0.9854,-0.6315,-0.1103,0.737,0.1015,-0.1503,-0.0576,0.1127,0.0197,-0.0093,-0.0807,-0.1008,0.1305,0.5962,-0.0374,0.0331,-0.2309,0.1082,-0.0895,-0.7783,-0.1086,0.0192,-0.129,-0.2169,-0.1484,-0.0509,0.1281,-0.0935,-0.0794,-0.0204,-0.1361,-0.0453,0.0228,0.0921
494,5554,108,4,walking,0.0558,0.0475,-0.0162,1.7088,0.026,0.0054,2.0882,-0.0764,-0.0007,-0.038,3.5786,-0.6577,-0.0354,0.0971,-0.0699,-0.5578,-0.6697,-0.1102,-0.0187,-0.0091,0.5956,-0.6768,0.0079,-0.1304,0.0506,-0.1121,0.0061,-0.1194,0.0185,-0.0563,-0.0803,0.0083,-0.0353,-0.0081,-0.0204,-0.0002,-0.0176,0.001,-0.6984,0.1009,0.1011,0.01,0.0173,0.9892,-0.2167,-0.0365,0.0241,-0.2207,0.0286,0.0205,-0.0247,0.0206,0.0174,-0.0246
495,5555,108,4,walking,0.0871,-0.06,0.5801,1.0983,2.0787,3.7962,-0.0573,0.7592,-0.6965,-0.038,0.0499,0.5797,0.6864,-1.5595,-0.6072,-0.5974,0.6681,-0.6793,-0.9854,0.8891,-0.8413,0.7086,-0.5617,-0.7785,0.7861,-0.1192,0.1015,0.0705,-0.1306,0.6399,0.0704,0.1506,-0.1108,-0.169,-0.0218,-0.8902,-0.0876,-0.0367,-0.1296,-0.0453,-0.0405,0.0285,-0.0003,0.0894,0.0226,-0.0882,-0.128,0.1434,-0.126,0.0712,-0.0822,-0.1051,-0.1473,0.0142
496,5556,108,4,walking,0.0109,-0.0794,2.6958,1.0871,3.9993,-0.0595,-0.034,0.5581,0.5775,0.6564,-1.6882,-0.0412,-0.068,0.547,-0.0091,-0.6084,0.7856,-0.0006,-0.6685,0.0221,0.7761,-0.5902,-0.119,-0.8862,0.1019,0.0083,0.9879,-0.0244,-0.1108,-0.679,0.1127,-0.7317,0.0872,0.0803,0.0089,0.1008,-0.0974,-0.875,-0.0504,-0.1307,0.1054,0.0863,-0.0186,-0.9731,-0.0357,-0.1234,-0.0335,-0.0876,0.0896,-0.1158,-0.0549,0.1093,0.0294,-0.0367
497,5557,108,4,walking,0.0571,-0.0057,1.0979,3.6468,2.6908,-0.0788,0.6783,-0.036,0.047,0.0697,0.5587,-0.0165,-0.7898,-0.023,0.0505,0.5977,-0.0058,0.6661,-0.7572,-0.0092,-0.1012,-0.548,-0.0004,-0.0267,-0.2161,-0.0286,0.9599,-0.0193,0.0062,-0.0163,-0.001,-0.0247,0.0208,0.1506,-0.0594,-0.0181,-0.0082,-0.0348,-0.1303,-0.0365,-0.1103,-0.0258,0.0252,-0.0227,0.0226,-0.0347,-0.0803,-0.0209,-0.0556,0.1192,0.0244,0.1005,-0.01,-0.0074
498,5558,108,4,walking,0.0873,0.0581,-0.5866,1.5583,2.7082,3.0769,-0.0165,-0.579,-0.0693,0.6495,-0.6075,-0.0096,0.0963,0.5619,-0.048,-0.0313,0.7971,-0.0704,0.8961,-0.6784,-0.0225,-0.9868,0.8862,0.1104,-0.7499,0.7854,-0.0006,-0.1012,-0.0892,-0.5977,0.0876,-0.0507,0.974,-0.0453,-0.0094,-0.2165,-0.0187,-0.1005,-0.119,-0.8547,0.1072,0.1502,-0.5498,-0.0204,-0.2803,-0.0247,-0.0591,-0.5127,-0.0473,0.0302,0.0205,-0.0036,0.1486,-0.0294
499,5559,108,4,walking,0.0064,-0.038,1.6591,2.0967,3.6857,-0.026,-0.0555,0.0198,0.0696,-0.0499,-0.7562,0.0787,-0.0874,-0.5892,0.1307,0.1019,-0.7079,-0.0003,0.1124,0.0071,-0.119,-0.0806,-0.0505,-0.5977,-0.6683,-0.0185,-0.079,-0.6972,0.0227,0.2164,0.0244,-0.0176,-0.0078,0.0873,-0.0362,-0.1108,-0.0367,0.5635,-0.0252,-0.2303,-0.2803,-0.0188,-0.2608,-0.0593,0.1054,-0.0335,-0.1009,-0.0884,0.8961,-0.1181,0.0258,0.0986,-0.0694,-0.0348
500,5560,108,4,walking,0.0563,-0.0107,1.04,2.5593,-0.0874,0.7594,-0.028,-0.097,3.7898,-0.5984,0.5465,0.669,0.0692,-0.0301,-0.6496,-0.5897,0.9562,-0.1197,0.1307,0.1017,-0.6956,-0.8567,-0.8861,0.6857,-0.7699,-0.0652,0.0302,-0.8701,0.0208,-0.0506,-0.0267,-0.0286,0.0005,-0.1003,0.7981,-0.0277,-0.0353,-0.5802,-0.0367,0.1372,0.0102,0.0252,-0.5163,-0.0583,0.7782,0.0266,0.0226,-0.0091,-0.5444,0.1106,0.0204,-0.0349,0.0284,-0.0308
501,5561,108,4,walking,0.0699,-0.0058,2.0591,1.6692,3.0172,0.0898,-0.043,-0.5475,0.0781,-0.786,-0.5583,0.6577,-0.0957,-0.6494,-0.119,0.7973,0.037,0.5967,0.0224,-0.8527,-0.0684,-0.5635,-0.0004,-0.1127,0.0204,-0.018,0.0584,-0.0505,-0.8871,-0.0405,0.1508,0.8974,0.0569,-0.2164,-0.0809,0.0267,-0.0782,-0.1005,-0.1019,0.0968,0.0561,0.0562,-0.0087,-0.0244,-0.0786,-0.0163,-0.0895,-0.1296,-0.0353,-0.0365,-0.0285,-0.0976,-0.2209,0.061
502,5562,108,4,walking,0.0871,-0.0103,2.0577,1.6693,-0.0469,3.5955,-0.0764,-0.0081,-0.7562,0.6768,0.547,-0.0987,0.0699,-0.6594,-0.8957,-0.809,0.6085,-0.7956,-0.7469,-0.5891,0.7892,-0.0212,-0.0684,-0.8873,-0.9895,-0.0505,-0.0247,0.9776,-0.0561,0.0267,0.1194,0.1121,-0.0348,0.0586,0.0008,-0.5396,-0.0351,0.0163,-0.0184,0.0807,0.0208,-0.0772,0.0047,0.2805,0.0205,-0.0161,-0.0123,-0.0365,-0.1308,0.1011,-0.0252,-0.1103,-0.1006,0.0582
503,5563,108,4,walking,0.0764,-0.0375,0.0561,1.0183,-0.068,2.0971,0.0096,3.6966,-0.0879,-0.047,-0.5432,0.5898,0.6793,-0.0004,-0.5591,-0.7865,-0.0506,-0.8957,0.023,-0.7768,0.1107,-0.1126,-0.1309,-0.6073,0.119,-0.0267,-0.0803,-0.6399,-0.079,-0.5985,-0.0226,-0.1004,-0.0876,0.5619,-0.1014,0.0581,0.0195,-0.2303,-0.0405,0.9717,-0.0362,-0.0974,-0.0348,-0.2161,-0.0184,-0.0986,0.0208,-0.0188,-0.0972,0.0094,-0.0087,0.0294,-0.2253,-0.0276
504,5564,108,4,walking,0.0173,-0.0062,1.0871,-0.0556,0.038,-0.0691,-0.0009,-0.043,0.0774,0.0215,2.5793,3.6587,-0.0969,0.7084,-0.5892,0.6695,-0.7898,-0.7579,-0.5586,-0.5977,-0.0503,0.6797,0.8531,-0.1195,0.6081,0.0189,-0.0204,0.1124,0.9963,-0.1509,0.0082,0.0252,-0.1107,0.8883,0.0267,-0.0374,0.1003,-0.1017,0.5432,0.1268,0.009,0.0241,0.0258,0.0286,-0.1307,0.1472,0.0076,-0.2302,0.0294,-0.0061,-0.0332,0.0917,0.0806,-0.0367
505,5565,108,4,walking,0.036,-0.0055,0.0174,-0.0463,1.6685,3.0797,2.589,0.0577,0.0699,0.6794,0.0873,0.0986,0.6884,0.0441,-0.5983,-0.024,-0.0078,0.0093,-0.6979,-0.0222,0.021,0.0005,-0.0087,-0.577,-0.0509,-0.0244,0.0188,0.5645,-0.1196,0.1019,-0.0175,-0.548,-0.1304,-0.0258,0.0002,-0.0162,0.0227,-0.0082,-0.0191,-0.0072,0.6496,0.9523,-0.0266,-0.8976,0.1121,0.0226,-0.0247,0.1005,-0.0001,-0.0192,-0.0223,-0.0181,0.9861,0.0871
506,5566,108,4,walking,0.0401,0.096,-0.0574,1.0879,2.5578,3.9865,-0.6903,5.0095,6.7072,0.6794,0.5783,8.648,7.8861,-0.5893,-0.5699,-0.7576,0.8537,-0.5432,-0.0763,0.0696,-0.1309,-0.7771,0.9768,-0.026,0.0705,-0.0453,-0.8638,-0.1197,-0.0182,0.8412,0.731,-0.8962,-0.0591,-0.5987,-0.1505,-0.0473,-0.1009,-0.0081,-0.0992,-0.0504,-0.0807,-0.1201,-0.079,0.0717,-0.0511,-0.1106,-0.1227,0.1011,-0.0447,0.1121,0.0006,0.0842,-0.1746,-0.0267
507,5567,108,4,walking,0.0695,0.0182,-0.0475,1.0971,-0.0092,-0.0769,0.0006,0.056,0.0364,0.0874,-0.0504,2.6879,3.5577,0.1018,0.023,0.7899,-0.6597,0.1108,0.5883,-0.5622,-0.0286,-0.7086,-0.8091,-0.1304,0.1195,-0.6685,-0.1002,0.1129,-0.5963,-0.0807,0.0367,-0.2166,-0.5794,-0.0896,0.0203,-0.0362,-0.5411,-0.0204,0.9861,0.1187,-0.0285,0.0228,0.0773,-0.0789,-0.0336,0.0088,-0.089,0.0872,-0.0562,-0.0294,0.0365,-0.2304,-0.1093,0.1284
508,5568,108,4,walking,3.0969,-0.0575,0.5967,1.0186,2.5871,3.5572,-0.0893,0.0796,0.0364,-0.0692,0.008,-0.0504,-0.6065,0.567,-0.5499,-0.0006,0.0302,-0.0225,-0.0421,-0.1508,-0.1309,0.9873,-0.6682,-0.7961,0.5797,0.0246,-0.0806,0.8874,-0.0181,-0.1196,-0.6321,-0.0784,0.0783,-0.1102,0.1126,0.0576,-0.0405,-0.0591,-0.0187,0.0203,0.0204,-0.1008,-0.0162,-0.1015,-0.0177,0.0244,-0.0267,-0.0789,0.0277,-0.0109,0.0053,-0.0785,0.0114,-0.0205
509,5569,108,4,walking,-0.0962,0.067,1.0585,2.0184,-0.0063,-0.0217,-0.0787,0.0882,-0.038,-0.041,0.5961,-0.566,-0.589,-0.6681,-0.7977,0.0506,0.5791,-0.6876,0.5475,-0.6496,3.8897,-0.1127,-0.7867,0.0208,-0.9895,-0.0705,-0.0006,-0.6599,-0.2167,0.1104,0.7432,-0.5589,-0.1004,0.0871,-0.0286,-0.0172,-0.2305,-0.1011,-0.0083,0.0592,-0.0252,-0.1309,-0.0886,0.1202,-0.0079,0.1505,0.2207,-0.1198,-0.0117,0.0205,-0.0893,0.0258,0.0694,0.0973
510,5570,108,4,walking,0.0864,-0.0558,-0.0693,1.0182,-0.0774,0.0094,0.0962,2.0475,-0.5796,-0.023,-0.038,-0.0362,0.6083,-0.0003,3.7877,-0.5591,0.5699,-0.1019,-0.6859,0.0169,0.6673,0.0184,-0.6787,-0.0508,-0.0065,0.1121,0.974,-0.1195,0.1505,0.2164,-0.0195,0.8547,-0.7976,0.1306,0.0209,-0.0372,-0.2602,-0.8898,0.0208,-0.0361,-0.0286,-0.2307,0.2804,0.0203,-0.0806,0.0367,0.1005,-0.1272,0.059,-0.0226,0.0405,-0.0267,0.0277,-0.0354
511,5571,108,4,walking,3.7093,-0.0892,0.0079,1.6976,2.0186,3.5883,-0.5796,-0.0562,-0.6697,-0.096,-1.8863,0.7565,-0.8977,-0.6873,-0.5464,-0.5587,-0.7859,-0.0772,-0.0399,-0.8082,0.0691,-0.0461,-0.9871,0.1303,0.0003,-0.8467,-0.021,0.1197,-0.5619,-0.9513,0.0794,-0.0504,-0.0885,-0.0226,-0.1124,0.0246,-0.2167,0.1006,0.1295,0.0806,-0.059,-0.0348,0.1018,0.0267,0.0258,-0.0908,-0.0367,-0.0972,-0.7465,0.0405,0.0133,-0.0252,-0.1102,0.0569
512,5572,108,4,walking,-0.0857,0.0796,1.58,2.8082,-0.0581,-0.5904,-0.0161,-0.0969,3.7092,-0.0699,0.0328,0.5475,-0.6687,-0.0225,0.0505,0.6072,0.6783,-0.5636,0.1198,-0.5574,-0.689,-0.7894,-0.8977,-0.6591,0.1108,0.7976,0.1014,0.1009,0.8464,0.024,-0.8501,0.1306,-0.0893,-0.0806,-0.5444,0.1121,-0.0598,0.9597,-0.0088,0.7326,0.0203,-0.0007,0.0062,0.0571,-0.5802,0.0063,-0.2606,0.0277,-0.1286,0.2169,-0.0353,0.1509,-0.0109,-0.0226
513,5573,108,4,walking,0.0564,-0.0082,0.0188,1.7067,2.0886,-0.0958,-0.038,0.0775,0.0693,-0.0425,3.7865,-0.5795,0.5954,-0.6872,-0.1102,0.0219,0.7798,0.5569,0.6074,0.0362,-0.0505,0.1305,-0.9983,0.0806,-0.6684,-0.1004,-0.2807,0.8567,0.7324,-0.8971,0.6313,-0.0374,-0.1199,-0.5625,0.0208,-0.1124,-0.0181,-0.0191,-0.1505,-0.0441,0.1015,0.0204,-0.0359,-0.2162,-0.0247,-0.0003,-0.2202,0.0092,-0.0332,-0.0367,-0.7961,-0.0197,-0.0796,0.0062
514,5574,108,4,walking,0.0085,0.0364,-0.0958,1.6501,2.6092,3.7794,-0.0575,-0.6956,0.5902,-0.0874,0.8097,-0.0461,0.0793,0.0258,0.6672,-0.067,0.1195,-0.9991,0.1309,0.0348,0.0004,-0.9862,-0.0168,-0.0154,0.5563,-0.0504,-0.0171,0.0184,-0.5789,-0.0374,-0.0879,-0.0252,-0.1106,0.0978,0.8876,-0.0357,0.0246,-0.0204,-0.0353,-0.1009,-0.6787,0.0786,-0.0367,-0.0332,-0.0365,0.0228,0.0183,-0.0795,-0.0286,0.0573,0.0804,-0.1018,-0.2163,-0.0226
515,5575,108,4,walking,-0.0558,0.026,1.0186,0.047,0.0859,-0.0967,-0.0083,-0.5564,2.0797,-0.0694,3.5793,-0.6881,-0.1303,-0.0399,-0.0252,-0.547,-0.0276,-0.0195,0.0008,-0.0247,-0.1106,-0.6988,0.0238,-0.6661,0.059,0.8084,-0.6571,0.0503,0.1191,-0.1008,0.7872,-0.7787,0.0804,0.0076,-0.0885,-0.1126,-0.0863,-0.0874,-0.0367,-0.0353,-0.1013,0.0582,-0.563,0.1279,-0.0873,0.0208,-0.1298,-0.0089,-0.0294,0.1092,0.0191,-0.0205,-0.0349,-0.0121
516,5576,108,4,walking,0.0698,-0.0799,0.0086,1.0871,2.0577,0.0191,0.0984,0.0252,3.5875,-0.048,0.6488,0.7083,-0.6679,-0.036,-0.5957,0.0505,-0.54,-0.0163,0.6797,-0.7892,0.0219,0.6894,-0.5573,0.0081,-0.0006,0.5617,-0.6595,0.0561,0.1303,-0.0803,-0.1199,-0.8969,0.0185,-0.0096,-0.0354,-0.1127,-0.1106,-0.0974,-0.1012,0.0182,0.019,0.0172,-0.2207,0.0076,0.0187,0.1009,-0.0332,0.0093,0.0562,-0.0357,0.0002,0.0767,0.0425,0.0294
517,5577,108,4,walking,0.5861,-0.0979,0.0082,2.5976,1.7093,-0.0375,3.9986,-0.0401,0.0584,0.0778,-0.0898,0.0692,-0.5572,-0.6897,-0.0219,0.6073,-0.1308,0.6589,-0.0374,-0.5466,-0.5791,-0.1012,0.8863,0.6964,0.1195,-0.0367,0.0277,0.8087,-0.0506,-0.1005,-0.0156,-0.0006,0.0246,-0.1508,-0.0896,0.2167,0.0885,-0.0074,0.0283,-0.0167,-0.0171,-0.0794,-0.0183,-0.0133,0.2206,-0.0107,-0.0962,0.009,-0.0806,0.0109,0.0934,-0.1102,-0.0105,-0.3003
518,5578,108,4,walking,0.0555,-0.0073,0.0301,1.6564,2.0893,-0.0695,-0.5981,0.078,3.6096,0.5799,0.0469,-0.0503,0.6697,0.0958,-0.1305,0.0211,0.1197,-0.547,-0.7898,0.6882,-0.1008,-0.7771,0.5615,0.7591,0.8788,0.0246,-0.0809,-0.0684,0.0258,0.0186,-0.0354,-0.8967,0.1263,0.1103,-0.1011,0.1127,0.0348,-0.0572,-0.0453,0.1508,-0.0009,-0.0367,-0.0247,0.0184,0.0244,-0.8527,0.0779,-0.0277,0.0332,0.0284,-0.0302,-0.1661,-0.1078,-0.0286
519,5579,108,4,walking,0.066,0.0073,-0.088,1.0955,2.0796,0.0301,-0.0558,0.0215,3.047,-0.0507,0.7561,0.0007,-0.5617,-0.1198,0.7868,-0.0159,0.0246,-0.0195,-0.0204,-0.6971,0.0085,-0.0209,-0.0247,0.0084,-0.0002,-0.7788,0.5794,-0.649,0.7976,-0.1102,0.0174,-0.0181,-0.6687,0.0804,-0.5499,-0.0335,0.0097,-0.1014,-0.6598,0.8967,-0.2167,-0.0001,-0.2203,-0.1008,0.0233,-0.0791,-0.1127,-0.0093,-0.01,0.0244,-0.2303,-0.0266,0.1303,-0.0227
520,5580,108,4,walking,0.0062,0.0859,-0.0555,-0.036,1.5868,2.0475,3.0176,0.6597,-0.0957,0.0238,0.079,-0.6685,-0.0218,-0.067,0.5432,0.0006,-0.6982,-0.0161,0.9971,-0.1124,0.0189,-0.1014,0.1004,0.0208,-0.1306,0.6795,-0.0081,-0.7796,0.7872,-0.1106,-0.0093,0.1199,-0.0509,0.1504,-0.7974,-0.0335,0.0088,-0.0806,-0.563,0.0246,0.6486,0.0963,0.2809,-0.877,-0.0598,0.0183,0.2309,-0.0367,-0.0247,0.0161,-0.2164,-0.0423,-0.0984,-0.2603
521,5581,108,4,walking,0.0775,-0.0077,0.0159,1.5883,0.0898,2.046,-0.0581,3.6696,-0.6482,-0.0399,0.6778,0.069,0.0985,-0.7074,-0.688,-0.1308,-0.6976,0.5792,-0.5591,-0.1015,-0.0441,-0.021,-0.0008,-0.7956,0.0272,0.1102,-0.1194,0.0503,-0.0803,-0.2606,-0.6587,-0.8897,0.8954,0.0861,-0.6316,-0.0984,-0.2167,0.1462,-0.0173,0.0172,0.1495,-0.0244,-0.0226,-0.0594,-0.0571,0.0102,-0.0365,-0.0051,0.0786,0.0104,-0.0204,0.0102,0.0431,-0.1508
522,5582,108,4,walking,0.0859,-0.0076,0.0008,1.0793,-0.0154,3.0573,0.0467,0.0956,2.658,0.6683,0.0695,-0.0505,0.5885,-0.0364,-0.557,0.023,-0.5797,0.1106,0.0267,0.8871,0.7872,0.6961,-0.896,0.1194,-0.7775,0.1303,-0.1505,-0.0884,-0.989,-0.024,0.1015,0.2806,-0.0362,0.0806,0.0241,-0.1004,-0.0348,0.9981,0.6882,-0.7963,0.1086,-0.0332,-0.2167,0.2203,-0.0094,-0.2509,0.1487,-0.0192,-0.1396,-0.0974,-0.0091,0.0972,-0.0412,-0.0862
523,5583,108,4,walking,0.5563,-0.0573,0.0161,1.5865,2.0976,0.0872,3.7092,-0.0084,-0.066,-0.0217,-0.0469,0.6482,-0.0798,-0.7867,0.7766,0.5775,0.8094,-0.032,-0.1104,0.7983,0.7468,0.5985,0.5499,-0.0684,-0.1508,0.9513,-0.0335,-0.0806,-0.0005,-0.0504,-0.119,-0.0252,-0.0246,-0.0204,-0.1307,0.0593,0.0088,-0.2206,0.0881,0.024,-0.0171,0.5638,-0.1011,-0.0365,-0.0247,-0.1008,-0.0228,0.0348,-0.1127,0.0087,0.0266,0.0284,-0.0209,0.0197
524,5584,108,4,walking,0.5971,0.0594,-0.068,1.0058,3.6877,2.6073,-0.0782,-0.0108,0.6784,-0.043,-0.0979,0.6966,-0.0364,-0.8861,0.8972,-0.5412,-0.0608,-0.5578,-0.0225,-0.0504,-0.5699,0.1197,-0.0197,-0.7083,-0.1008,0.8575,-0.1306,-0.0007,-0.0809,-0.0892,-0.101,-0.1107,-0.0763,-0.6598,-0.0093,-0.1505,-0.0774,0.0187,0.0247,-0.0096,-0.5781,-0.0413,-0.0267,-0.089,-0.0348,0.0062,-0.2607,-0.0357,-0.0051,-0.0886,0.2161,-0.0891,0.2806,-0.0205
525,5585,108,4,walking,0.0109,0.0058,-0.0004,1.5971,2.0891,0.0217,-0.0434,0.0775,-0.037,-0.0584,-0.6583,-0.0693,0.6054,0.6794,0.0221,3.7764,0.0076,-0.0208,-0.018,-0.5786,-0.0587,-0.0372,0.9873,-0.6861,0.0174,-0.0506,0.024,0.1198,0.0253,0.9982,0.8895,-0.1105,-0.6962,-0.5655,0.0807,0.1121,-0.0589,-0.6697,0.7978,-0.1305,-0.0053,-0.0286,-0.0085,0.0205,0.1014,0.0796,-0.0367,0.0252,-0.0892,-0.0294,0.0172,-0.0563,0.0002,-0.0767
526,5586,108,4,walking,2.0093,-0.038,0.0463,1.7092,2.0985,3.0173,0.0555,-0.0889,0.0782,-0.0472,-0.6695,0.5475,-0.6862,0.069,-0.7969,0.6072,-0.0705,-0.6577,-0.5897,-0.7871,-0.0213,0.5787,-0.0473,-0.9956,-0.8861,-0.6494,-0.0362,-0.0159,-0.1196,0.0506,-0.0335,-0.0005,-0.1019,-0.1306,0.0441,-0.0485,0.1509,-0.0365,-0.0583,-0.0774,-0.0453,-0.1106,-0.0294,-0.0191,0.1296,-0.0984,-0.0267,-0.6786,0.9881,-0.5228,-0.0576,-0.0246,-0.0203,-0.0729
527,5587,108,4,walking,0.5583,-0.0591,0.0694,2.88,1.7561,3.0985,0.0165,-0.5957,0.6087,-0.0774,0.7984,-1.8096,0.6795,-0.6497,0.6878,0.0882,-0.6663,0.0399,0.9893,0.0461,0.5871,-0.6902,-0.7772,-1.547,0.5629,-0.8638,0.4143,-0.8976,-0.8348,0.0704,-0.0573,-0.1308,-0.0881,-0.0473,0.1227,-0.5498,0.0862,0.0592,-0.0672,-0.0472,-0.079,0.0775,-0.1421,0.0441,-0.0004,-0.0705,-0.0091,-0.0203,0.1198,-0.0252,0.0079,-0.0959,-0.0405,-0.0247
528,5588,108,4,walking,0.0465,0.0164,-0.0073,2.6787,1.6083,0.0574,0.089,-0.0963,0.038,0.5581,3.7797,-0.0696,0.5876,0.7093,0.0208,0.0772,-0.0006,-0.0216,0.6861,-0.0203,-0.0169,-0.5988,-0.0186,0.6654,-0.7598,0.1306,0.0204,-0.0374,-0.0372,-0.0085,-0.1014,-0.5794,-0.0189,0.0247,-0.1199,-0.0182,0.0562,0.0195,-0.0191,-0.0504,-0.1003,-0.1102,-0.0205,-0.0599,0.0084,0.0252,0.0809,-0.7892,0.0244,-0.0101,-0.0156,0.0002,0.0283,-0.0079
529,5589,108,4,walking,0.5589,-0.0595,0.0858,1.648,2.6082,3.6692,0.0081,0.0173,-0.0434,-0.0959,-0.0691,-0.0787,-0.0215,0.0375,-0.0362,-0.6786,0.6974,0.6562,0.9976,0.0004,-0.1102,0.0063,-0.0361,0.1122,-0.0504,-0.7778,0.567,-0.5761,-0.0168,-0.0806,0.1019,-0.0797,0.0193,0.0226,-0.0198,0.0783,0.0204,0.1197,0.0554,0.7984,0.0171,-0.8896,-0.1005,0.2807,-0.1303,0.2162,0.0059,0.0053,-0.5472,-0.0185,-0.2307,0.0206,-0.0208,-0.0252
530,5590,108,4,walking,0.5906,-0.0555,0.0057,1.0182,3.6077,2.8863,-0.0375,0.6578,-0.6902,-0.078,-0.0889,0.7064,-0.0504,0.0961,-0.0499,0.6681,-0.5468,-0.5873,-0.0204,-0.0372,0.6772,0.1127,-0.1012,-0.0246,-0.0083,0.0252,-0.1304,-0.0196,0.0006,0.8737,-0.8567,0.1104,-0.0806,-0.5629,0.0238,-0.2202,0.7464,-0.0209,0.0226,-0.0365,0.0176,-0.0362,0.0277,-0.1004,-0.0192,-0.0244,-0.1197,0.1506,0.0084,-0.5659,0.0186,0.0421,-0.043,-0.0286
531,5591,108,4,walking,0.0105,-0.0082,1.6058,0.037,-0.0225,-0.0971,-0.0466,2.5793,-0.0867,0.0699,-0.0783,3.6497,0.119,0.5475,-0.0062,-0.0505,0.598,-0.0008,-0.6974,-0.1505,-0.0803,-0.0244,-0.0331,-0.6563,0.0294,-0.0556,-0.5591,-0.1011,-0.0094,-0.2206,0.7768,-0.7978,0.1005,0.1129,-0.0246,-0.0252,0.9895,0.2304,0.8537,-0.0586,0.2806,0.0284,-0.1105,-0.0336,0.0081,-0.0773,-0.0061,-0.0172,-0.0176,-0.0589,0.001,-0.2608,0.1303,0.0188
532,5592,108,4,walking,0.0065,-0.048,0.0164,1.5868,0.0375,2.8892,-0.0577,-0.0876,0.0954,-0.0795,0.6671,3.6967,-0.067,0.5984,-0.7898,0.6062,-0.1195,0.026,0.024,-0.7972,0.0186,0.1103,0.0803,-0.7468,-0.0004,0.0226,0.9955,-0.1121,-0.0783,0.0173,-0.1012,0.0267,-0.0509,0.5794,-0.0096,0.0889,-0.1006,-0.0163,0.1303,0.0061,0.0791,-0.0581,-0.0085,-0.0079,0.0887,0.0203,0.0156,-0.0058,-0.0087,-0.009,-0.2603,-0.2165,0.0413,-0.0241
533,5593,108,4,walking,0.037,0.0057,-0.026,1.6904,-0.0181,-0.0782,-0.0955,0.0883,0.6491,-0.059,0.0697,0.024,0.5984,2.6887,-0.588,-0.1195,0.5699,0.6677,0.6585,-0.8975,-0.6794,-0.7972,-0.0003,0.1307,0.0209,0.1103,0.0277,0.0509,0.1018,0.0233,3.7895,0.0554,0.1504,0.0348,-0.0332,-0.0367,0.0203,0.1008,0.0807,0.0284,0.1126,0.1261,-0.0192,0.8863,0.0093,-0.0173,0.0198,-0.0071,0.0283,-0.2207,-0.0439,-0.2607,-0.0186,-0.0462
534,5594,108,4,walking,0.086,-0.0109,2.0099,1.6587,-0.0469,-0.0558,0.0775,0.0211,-0.067,0.036,0.6681,-0.1108,3.5615,0.0009,-0.7895,-0.1195,-0.0354,-0.7792,0.5583,-0.1309,0.8867,0.5784,-0.6876,-0.7964,-0.5982,-0.548,-0.7344,-0.0335,-0.1508,0.0871,-0.0684,0.0789,-0.0063,0.0509,-0.1019,0.0172,-0.7465,0.8501,-0.0597,-0.0353,0.0267,0.1008,-0.1261,-0.989,-0.0962,-0.0196,-0.0091,-0.0365,-0.0367,-0.1394,-0.0893,0.0205,0.0204,-0.0535
535,5595,108,4,walking,0.0105,-0.0301,1.0886,2.6489,3.6583,-0.077,-0.578,-0.0215,-0.0499,-0.0959,-0.0695,-0.6972,0.9874,-0.0096,0.8879,0.024,-0.5871,-0.5419,0.7766,-0.6768,0.7873,-0.976,0.1127,0.7581,0.8544,-0.5592,0.1019,-0.5442,-0.5629,0.632,0.0561,-0.0485,0.1307,-0.1197,-0.5365,-0.5363,0.0862,-0.0335,0.1487,-0.0594,-0.0267,0.0191,-0.1108,0.0244,-0.0102,-0.0204,0.0003,-0.0182,-0.0246,-0.0361,-0.0228,0.0503,-0.0434,-0.0076
536,5596,108,4,walking,0.0109,-0.0699,1.0589,-0.038,2.5895,-0.0096,0.0775,0.026,-0.0862,-0.0412,0.5982,-0.6478,0.101,3.5791,-0.0509,0.5574,0.6986,0.0441,-0.7779,-0.6897,-0.0335,0.1198,-0.677,-0.0583,0.0246,-0.0374,0.1104,-0.0369,0.9873,-0.5466,-0.0405,0.0004,-0.0277,0.1308,0.0871,-0.5635,0.8861,0.1003,-0.6593,0.0209,-0.0453,-0.0332,0.0803,0.0221,0.1172,0.0238,-0.009,0.0985,0.0203,0.1494,-0.1076,0.1121,-0.0244,-0.2164
537,5597,108,4,walking,0.0692,-0.0594,0.0401,1.0086,2.798,3.5572,-0.0798,-0.0876,0.0301,-0.5869,-0.0973,-0.7791,0.7071,-0.8967,-0.1196,0.8862,0.6875,-0.0453,0.7464,0.9985,0.566,0.5902,0.6695,-0.6313,0.1009,0.0704,0.5414,-0.5796,-0.0508,-0.1124,-0.1503,-0.0441,-0.6581,-0.0803,-0.089,-0.0187,0.0247,0.0793,-0.0897,-0.0584,-0.1104,-0.2167,0.0457,-0.0447,0.1158,0.0978,0.0883,-0.5137,-0.0654,-0.0405,-0.1307,-0.0267,-0.0084,0.0003
538,5598,108,4,walking,0.0191,0.0213,-0.0093,0.0008,1.047,3.5566,2.7798,-0.0773,0.0985,0.0874,-0.5764,-0.059,-0.0399,-0.068,-0.5882,0.6954,-0.6578,-0.0806,-0.7579,0.0252,0.6086,-0.8967,-0.1308,0.0171,-0.1504,-0.0508,0.5976,0.2163,-0.636,-0.5622,-0.1129,0.024,-0.2503,-0.1105,0.1194,0.1295,-0.0896,-0.0768,0.1004,-0.1019,-0.2307,-0.0353,-0.0246,-0.0592,0.0188,0.0247,-0.0277,0.0284,-0.2258,-0.0161,-0.0084,-0.0367,-0.0267,0.0227
539,5599,108,4,walking,-0.0895,0.0664,2.0572,1.7967,-0.0782,3.7093,-0.0109,-0.038,-0.5889,-0.0092,0.0475,-0.021,-0.1198,-0.5445,-0.0009,-0.5787,-0.0504,0.0169,0.6655,-0.6876,-0.6084,-0.1305,-0.1011,-0.0578,-0.024,-0.5981,-0.1005,-0.0156,-0.6588,-0.7773,-0.0063,0.0807,-0.9894,-0.0244,-0.0191,0.0785,0.0562,-0.1107,-0.1127,-0.0197,0.0246,0.1261,-0.079,-0.0774,0.0871,-0.0086,-0.0086,0.0123,-0.0277,0.001,0.0252,-0.0539,-0.0367,-0.0347
540,5600,108,4,walking,0.0969,0.0216,-0.0561,1.0375,3.6083,-0.0767,2.5571,-0.0185,-0.0873,-0.0437,-0.5699,-0.067,-0.5411,-0.6884,-0.5976,-0.6679,-0.6574,-0.0505,-0.1104,-0.5797,-0.1012,-0.0003,-0.1306,-0.1127,-0.1505,0.8962,0.7863,-0.5877,0.0246,0.0441,-0.1009,-0.0981,-0.0096,-0.649,-0.0374,0.1298,-0.8092,0.0203,0.0795,-0.0244,-0.1282,-0.1195,-0.0191,0.0987,-0.0405,0.1172,-0.0489,0.1486,0.0284,-0.0209,0.8894,0.0523,0.0283,0.1161
541,5601,108,4,walking,0.0081,0.0874,-0.0469,1.5871,2.0966,3.7599,-0.5954,0.0573,-0.038,-0.0697,-0.0787,0.6777,-0.7085,0.025,0.6882,0.5795,0.7898,-0.0504,0.1124,-0.119,-0.1303,-0.0374,0.0286,-0.5655,-0.0208,-0.0365,-0.0247,-0.0896,0.609,-0.6488,0.1507,0.0793,-0.0204,0.1283,-0.0372,-0.0086,-0.0162,-0.0276,0.6561,-0.0004,0.0267,0.2162,0.1104,-0.7972,0.0594,0.1376,-0.1006,-0.0889,-0.0184,0.1019,0.0803,-0.0203,0.2808,0.0134
542,5602,108,4,walking,0.089,-0.026,0.0972,1.0171,0.0399,2.5898,0.0084,3.0581,0.6595,-0.0461,-0.7079,0.0693,-0.0785,-0.6496,0.8854,-0.8067,-0.0504,0.0006,-0.6983,-0.5556,0.1307,0.8962,0.0247,-0.7857,-0.0087,0.0284,-0.7568,0.0331,-0.0763,-0.6691,-0.0286,-0.0176,-0.0348,-0.1017,-0.7774,0.0267,-0.5986,0.0803,0.9745,-0.1199,0.0973,-0.0244,0.1506,0.0228,-0.0354,-0.0192,-0.0797,-0.0085,-0.1105,-0.0843,-0.0335,-0.0353,-0.1121,0.0252
543,5603,108,4,walking,0.0969,-0.0557,1.0099,-0.0461,-0.0872,-0.0164,0.0798,-0.026,0.0693,-0.6775,-0.5594,-0.1014,-0.0506,-0.567,-0.033,0.5866,0.0008,-0.5984,2.8883,-0.0208,0.1124,3.6581,-0.1506,-0.0405,-0.0174,-0.1194,0.7782,0.9768,0.1102,-0.0078,-0.0362,-0.059,-0.078,-0.0244,0.0776,-0.8973,-0.0267,-0.0252,-0.5414,-0.1308,0.1286,-0.0591,0.1004,-0.0809,0.0979,-0.0258,-0.1271,-0.0247,-0.0195,-0.1496,-0.1262,-0.0284,0.0036,-0.2164
544,5604,108,4,walking,2.0883,0.0795,-0.0594,1.0093,3.659,2.9987,-0.6901,-0.0467,-0.0301,-0.5566,0.068,-0.0954,-0.0214,-0.6858,-0.6485,0.7413,-0.5645,-0.0367,-0.101,-0.5962,-0.7584,-0.5782,-0.737,0.0302,-0.1194,-0.6088,0.7986,-0.9761,0.0247,-0.1107,0.1129,-0.1003,-0.7791,-0.1309,-0.0763,-0.5472,0.0246,0.7617,-0.0181,-0.0196,0.9892,-0.78,-0.0005,-0.0332,0.0284,-0.8972,-0.2804,-0.0123,0.0571,0.1049,0.0208,-0.0267,0.1072,-0.0084
545,5605,108,4,walking,0.0059,-0.0171,1.5861,3.0572,-0.0879,2.888,-0.097,-0.559,-0.0783,-0.5785,-0.0475,-0.5623,0.0695,0.6498,0.6591,0.6697,-0.0325,-0.546,0.6867,-0.6902,-0.0651,0.8973,-0.1309,-0.0362,-0.1102,0.7793,-0.0587,-0.1015,-0.0006,0.7881,-0.1192,-0.0803,0.0586,0.0194,0.0507,-0.2303,-0.5802,0.2806,-0.6399,0.1282,-0.0176,-0.0084,-0.1274,0.0962,0.1127,0.0596,-0.1507,-0.0473,-0.0592,-0.0934,0.2604,-0.0247,-0.5281,0.1604
546,5606,108,4,walking,0.0108,-0.006,1.6782,3.0976,2.7972,-0.046,-0.0364,-0.0574,-0.0695,-0.028,0.0799,-0.6885,-0.6957,0.5897,0.5584,0.0005,0.5966,-0.7856,0.6561,0.1009,0.0258,-0.5475,-0.1019,-0.1195,0.1124,-0.0504,0.0247,-0.1306,0.089,-0.024,-0.7077,-0.2207,0.2809,-0.637,-0.2505,-0.1106,-0.2605,-0.0806,-0.0086,-0.0793,0.0073,-0.0353,0.9892,-0.0187,0.1089,-0.0183,-0.1502,0.2166,-0.0962,0.0235,-0.0988,-0.0645,-0.0365,-0.0981
547,5607,108,4,walking,0.0106,-0.006,1.0889,2.6461,3.6875,0.7073,0.7988,-0.6955,-0.7897,-0.0985,-0.0556,-0.6574,-0.5466,-0.578,-0.0792,0.8799,-1.9538,0.0508,-0.0439,-0.5871,0.032,0.1127,-0.0286,-0.8468,-1.9867,-0.1102,-0.5977,0.0215,-0.8639,-0.1505,0.119,0.5204,-0.1308,0.101,-0.0453,0.0294,-0.0593,0.1002,0.0277,0.0794,0.0591,-0.1282,-0.0096,-0.5274,-0.0473,-0.1481,0.0063,0.0203,-0.0008,-0.0883,0.0862,-0.0226,-0.0252,0.0804
548,5608,108,4,walking,-0.067,0.0574,1.0499,-0.008,2.0871,-0.0107,3.8873,-0.0364,-0.0969,-0.5594,-0.5791,0.0506,0.6697,-0.7895,-0.7767,-0.546,0.5962,0.0225,-0.7968,0.9865,-0.0472,-0.0176,-0.0081,0.1006,-0.5885,-0.5623,0.0084,0.101,0.0806,-0.0365,-0.8972,-0.0182,0.0587,0.0267,0.1307,-0.0006,0.1194,-0.0561,0.0434,-0.2162,0.0208,-0.0209,0.0348,-0.1124,-0.0083,0.0252,0.0092,-0.1507,-0.0247,-0.0347,-0.0193,-0.0238,0.0196,-0.0063
549,5609,108,4,walking,0.0695,-0.0155,0.0375,1.0799,2.6594,0.086,-0.0983,3.0082,-0.0559,-0.6977,0.5467,-0.0506,0.0437,0.6671,-0.5784,0.0208,-0.6462,0.0196,-0.0216,0.1305,-0.797,0.9863,-0.8074,-0.5635,-0.0093,0.6858,-0.0581,0.0007,-0.1102,-0.0597,-0.889,-0.1194,0.0803,0.0572,-0.0591,0.0283,0.8961,0.8747,0.0173,0.2165,0.7634,-0.0085,-0.1505,0.1019,-0.0252,-0.0365,-0.0353,-0.0778,-0.1227,-0.0058,-0.0586,0.0892,-0.0209,0.1127
550,5610,108,4,walking,0.0787,-0.0086,0.0189,1.0878,-0.0584,2.6082,-0.0464,0.0692,-0.5594,-0.0969,0.548,-0.5968,0.0375,3.7098,0.0504,-0.5895,-0.0005,0.0218,0.019,-0.1508,0.6665,-0.0806,-0.5634,0.0331,-0.1108,-0.0246,-0.0181,-0.119,-0.0774,0.6783,0.5762,-0.0163,-0.2603,-0.7961,0.0793,-0.1015,-0.8872,-0.0973,-0.7791,0.0203,-0.2809,0.1122,0.2309,0.0785,0.0071,0.1476,0.9997,0.0227,-0.0796,-0.0294,0.0712,-0.0354,-0.0873,0.0209
551,5611,108,6,cycling,0.0164,-0.0076,0.036,0.047,1.6793,0.0555,-0.0791,-0.0954,-0.088,0.5987,-0.0214,-0.0695,0.6561,-0.6685,-0.5879,-0.7599,0.0006,-0.7768,0.0252,-0.5789,0.0267,0.0062,0.0261,0.1017,0.0074,-0.1129,0.0081,-0.0509,-0.1005,-0.0001,0.0096,-0.0258,-0.6971,-0.0277,0.0088,0.0204,0.0082,0.0056,0.0173,0.0255,-0.0178,0.0002,0.1196,0.001,-0.0206,0.0094,0.0227,-0.009,-0.0238,-0.0072,0.0198,-0.0245,0.0807,-0.02
552,5612,108,6,cycling,0.0562,0.0081,-0.0107,1.0466,-0.0976,-0.0364,-0.0004,0.023,-0.0872,-0.001,-0.069,-0.5761,-0.1194,-0.101,-0.0505,0.547,-0.0302,-0.0803,-0.5874,-0.0348,-0.0246,0.0083,-0.5565,-0.0079,0.0002,-0.0091,-0.024,-0.0077,-0.0068,0.0001,0.0173,-0.0082,-0.0186,0.8967,-0.0059,0.0261,0.9875,-0.0221,0.0,-0.8078,-0.0093,0.0252,-0.0156,-0.6063,0.1106,0.0094,0.024,-0.01,0.0188,-0.0092,0.02,-0.0169,-0.0195,0.9737
553,5613,108,6,cycling,0.0064,-0.0103,1.046,-0.0798,-0.069,-0.0557,0.0986,-0.0858,0.1014,0.0217,0.5468,0.0004,-0.5977,0.0099,-0.6965,0.1107,0.0507,-0.0082,0.0258,-0.0348,0.0236,-0.1005,-0.5571,0.1303,-0.0247,-0.001,0.0261,0.1124,-0.0002,0.0573,-0.1196,-0.7094,-0.0174,-0.0001,-0.2165,-0.0253,-0.0078,0.1505,-0.5645,0.0221,0.0891,0.0181,-0.0087,-0.0162,-0.01,0.0063,-0.6789,0.0092,-0.0335,-0.0185,-0.0266,0.7975,-0.024,-0.0367
554,5614,108,6,cycling,0.0872,-0.036,0.0974,1.0778,-0.0106,0.0065,0.0213,0.0558,0.0475,-0.0001,-0.0006,-0.0201,-0.5566,-0.0505,0.5954,0.0085,-0.5784,-0.0002,-0.0201,0.01,0.9861,0.0238,0.0062,-0.0199,0.1309,-0.1018,-0.0087,-0.02,0.6479,-0.001,-0.0226,0.0195,-0.0094,0.0203,-0.6876,-0.7792,0.1006,0.0163,-0.119,0.8081,-0.1102,0.7093,-0.0583,0.0258,-0.0803,-0.0191,0.8886,-0.0097,-0.6796,-0.6971,0.0189,-0.0246,0.0056,0.0112
555,5615,108,6,cycling,0.0109,0.036,-0.0073,1.0869,-0.0007,0.0558,0.0212,-0.0499,0.067,0.0766,-0.0172,0.0002,0.6496,0.6582,-0.0208,0.0261,0.5775,0.1012,-0.0171,-0.001,-0.0508,-0.5432,-0.0204,0.0253,-0.0001,-0.0226,0.0202,0.0809,0.0077,-0.0155,0.5985,-0.0156,-0.0086,0.1104,0.9874,0.0204,-0.1309,0.0258,0.0221,0.0063,-0.6887,-0.7892,0.019,0.8861,-0.01,-0.0335,0.0244,0.0062,-0.0237,-0.0246,0.0183,0.0257,-0.0076,-0.0179
556,5616,108,6,cycling,-0.0555,0.0791,1.7593,3.6587,4.6794,2.7796,5.0073,-0.0466,-1.0985,0.6872,-0.0183,0.5984,-0.0874,0.8898,-0.0695,-0.5889,0.038,-0.5799,0.6054,0.6364,0.0215,-0.7897,0.7062,-0.1008,-0.5134,0.6976,0.7982,-0.0504,-0.5163,-0.5623,0.1197,0.089,0.1019,-0.1304,-1.8363,-0.1103,-1.0447,-0.2306,-0.0247,0.0081,0.1126,0.0561,-0.0592,0.0283,-0.1507,0.1286,-0.0806,0.0571,-0.0091,-0.0121,-0.0096,-0.1687,0.0005,-0.1214
557,5617,108,6,cycling,0.0462,-0.038,1.0188,-0.056,-0.0095,-0.0218,0.0871,-0.0799,-0.067,-0.0967,-0.5793,0.5577,-0.0007,-0.0506,-0.6578,-0.5617,-0.0348,0.1508,0.6972,-0.1194,-0.5854,0.0258,-0.1122,-0.1018,-0.1307,-0.0173,0.0186,0.0209,0.1104,-0.0342,0.0804,0.0059,0.6492,0.0098,0.0187,-0.0277,-0.6882,-0.6696,-0.0161,-0.1003,0.001,-0.0585,-0.0276,-0.0001,-0.059,0.0227,-0.0469,-0.0283,-0.0359,0.0597,-0.01,0.0183,0.0084,0.0076
558,5618,108,6,cycling,0.0157,0.0595,-0.0696,1.0086,0.0972,-0.046,-0.0782,0.0003,0.0893,0.038,-0.6591,-0.1108,-0.6962,0.5955,0.119,-0.026,0.6783,0.7071,0.6474,0.0507,0.7984,0.0286,0.0094,-0.5468,0.0585,-0.5873,0.5699,-0.0804,-0.0342,-0.1127,-0.0267,-0.0087,0.0775,-0.0776,0.0889,0.0798,0.0897,-0.1015,-0.0081,-0.059,0.0163,-0.0266,-0.0335,-0.0792,-0.0561,-0.7866,-0.2208,-0.0277,0.0188,-0.0367,0.774,-0.1008,0.0117,0.1204
559,5619,108,6,cycling,2.0695,0.0104,-0.0057,1.5874,0.0798,-0.0224,0.0972,0.0004,-0.036,-0.0867,-0.5979,0.0583,-0.6465,0.1012,0.6955,-0.0362,0.008,-0.7078,0.001,0.6662,-0.1124,-0.1505,-0.7587,0.0508,-0.0806,-0.0267,-0.5432,-0.8894,-0.6873,0.1195,-0.0584,0.0185,0.0247,0.8956,-0.0347,-0.7792,-0.1306,0.0871,-0.0367,0.1104,-0.9976,0.1006,-0.0191,0.024,-0.2167,0.0163,0.089,0.0697,-0.0361,0.2307,-0.0252,-0.0337,-0.0986,-0.0093
560,5620,108,6,cycling,0.0963,-0.0084,1.607,0.089,0.0561,2.5579,-0.0106,-0.028,0.0787,0.0421,-0.0375,-0.6664,-0.5872,-0.0506,-0.5699,-0.0008,0.5783,-0.6865,-0.6791,-0.0081,0.0174,-0.0154,-0.5978,-0.0359,-0.0367,0.0246,-0.0069,0.0189,0.0807,-0.001,0.1008,0.9897,0.0173,-0.0195,-0.0188,-0.0002,-0.0594,-0.01,-0.1106,-0.0162,-0.1509,0.0252,0.1124,-0.0001,-0.0335,0.0085,-0.0353,-0.0186,0.0182,-0.0096,-0.0203,-0.7776,-0.1307,-0.0223
561,5621,108,6,cycling,0.0085,-0.0102,1.5963,0.0903,0.0584,0.0006,-0.5789,0.0469,-0.0699,-0.0876,0.0764,0.0161,0.6578,0.0803,0.0204,-0.6094,-0.0158,-0.0509,-0.1198,0.0258,-0.1018,-0.0246,0.0187,0.5475,0.1102,-0.5566,0.0286,0.6891,0.1507,0.807,-0.0173,0.0174,0.1002,0.0277,-0.5635,-0.1308,-0.0252,-0.0335,-0.0206,-0.0088,0.001,0.0777,-0.2204,-0.0267,-0.2609,-0.032,0.0067,0.01,0.2164,0.7972,0.069,-0.0439,0.0182,0.0195
562,5622,108,6,cycling,0.0,-0.0103,0.059,1.5866,-0.0073,0.0006,0.046,0.0219,0.0963,0.0891,-0.0783,0.0699,-0.658,0.0509,-0.1507,-0.1104,-0.0809,-0.547,-0.5796,-0.5582,-0.1122,0.0221,0.0286,0.0252,-0.1306,-0.0074,-0.119,0.6768,-0.7969,-0.6462,-0.5981,-0.7561,-0.2163,-0.2204,0.7772,-0.1002,0.9871,-0.0876,0.8984,0.0087,0.1017,-0.0226,0.0788,0.5614,-0.2808,0.0267,-0.0186,0.0209,-0.0592,-0.0206,-0.0178,-0.024,-0.001,-0.0247
563,5623,108,6,cycling,2.8874,-0.0871,0.038,-0.0105,-0.0772,-0.0083,-0.0212,0.0468,0.066,-0.0984,1.6782,-0.5475,-0.0165,0.5793,0.0509,-0.0006,0.5861,-0.5579,0.1309,-0.7795,-0.1121,-0.017,0.0806,0.5969,0.669,0.0227,-0.0096,-0.5664,-0.0576,0.1011,-0.2202,0.0201,-0.1194,0.0098,0.0258,0.0078,-0.1102,0.0226,-0.1509,-0.0063,-0.0001,0.0197,0.0252,-0.02,0.1009,-0.001,-0.01,-0.0335,-0.0192,0.0185,-0.0186,-0.2805,0.0162,0.0238
564,5624,108,6,cycling,0.0066,0.0591,-0.0862,-0.0695,-0.0301,1.5775,-0.0469,-0.0793,0.0954,-0.0006,0.0212,-0.0272,0.0002,-0.0181,-0.0184,0.0505,0.0269,0.0192,0.0078,-0.6779,0.0072,-0.0064,-0.0335,0.0001,-0.6573,-0.0251,-0.01,0.0268,-0.0251,-0.6887,-0.0056,0.0261,-0.001,-0.0086,-0.0055,-0.0803,0.9897,-0.1015,0.0189,-0.0096,-0.5961,0.1305,-0.0267,0.6088,0.0249,-0.5894,-0.0227,-0.8082,-0.0252,-0.024,-0.007,-0.009,0.0176,-0.0074
565,5625,108,6,cycling,-0.0873,0.0095,-0.0594,0.0155,0.0962,1.0782,-0.066,-0.0219,-0.038,-0.5793,0.0004,-0.0475,0.1199,0.1508,-0.0504,-0.0354,-0.6685,0.0246,-0.1106,0.1129,-0.5854,-0.0342,-0.0083,0.0064,-0.0159,0.0208,-0.1012,0.0061,0.0235,-0.0001,-0.0276,-0.0335,-0.001,-0.6586,-0.0277,0.0099,-0.0223,0.0286,-0.0238,-0.01,0.8898,-0.0267,0.0809,-0.0209,-0.0168,-0.0221,-0.6789,-0.009,-0.024,-0.0002,-0.017,-0.0079,0.0205,-0.0072
566,5626,108,6,cycling,-0.0873,0.008,1.5783,0.0107,0.0499,0.0693,0.0556,-0.0312,-0.0976,0.023,0.0003,-0.0189,0.0159,0.016,-0.6795,0.1198,0.0097,-0.5464,0.0504,0.01,0.0001,-0.6966,-0.5591,0.0187,-0.0002,0.6585,0.8868,0.0809,0.1107,-0.7072,-0.1011,-0.0092,0.001,-0.0335,0.0,0.0075,0.0081,-0.5882,-0.7798,-0.0267,0.0079,-0.027,-0.0086,-0.0161,-0.0074,-0.019,0.0178,0.0162,-0.0171,-0.0247,-0.0096,-0.024,0.0252,0.0209
567,5627,108,6,cycling,0.0597,0.0964,-0.006,1.589,-0.0884,0.0159,0.0212,-0.0469,0.038,-0.0788,0.1102,0.0505,-0.0186,-0.0691,0.0803,-0.1502,0.5475,0.0004,-0.1307,-0.001,0.6794,-0.0208,0.6883,-0.1019,-0.5562,0.0209,0.1002,0.5766,0.1197,-0.0267,-0.6577,0.7061,-0.0246,-0.2207,-0.0082,-0.0204,0.0437,0.0099,0.0173,-0.2167,-0.7974,0.0098,0.0072,0.0187,-0.0171,-0.1121,-0.0205,-0.0348,-0.7892,0.0266,-0.0195,-0.0335,0.0776,0.0985
568,5628,108,6,cycling,-0.088,0.0104,-0.0799,1.0971,-0.0695,0.006,-0.0212,-0.0577,0.0272,0.5961,0.0313,0.0003,0.6597,0.0204,-0.5572,-0.6683,0.0507,-0.0806,-0.0286,-0.0084,0.1303,0.0002,0.5893,0.001,-0.6489,-0.6854,-0.0086,-0.0156,-0.0342,-0.0247,-0.5775,-0.0079,-0.0082,0.9869,-0.024,-0.0063,0.0244,-0.01,-0.0274,0.119,0.0238,-0.6787,-0.0178,0.0,0.0081,-0.8862,-0.0091,0.0196,-0.1127,-0.0001,-0.0094,-0.0073,0.017,-0.0092
569,5629,108,6,cycling,0.0464,0.0173,-0.006,-0.023,-0.0301,1.0875,0.0769,0.0595,-0.0986,-0.0655,-0.0091,-0.542,0.1309,-0.0006,-0.001,-0.5862,0.1012,-0.0082,-0.0354,-0.5794,0.0221,0.1003,0.5956,-0.6692,0.0002,-0.1102,-0.0506,-0.0001,0.0072,-0.01,-0.0244,-0.6879,-0.1192,-0.0226,-0.024,0.0246,-0.0276,-0.0349,0.0223,0.1127,-0.0227,0.7797,-0.1508,0.0096,0.0188,0.0806,0.0238,-0.0193,-0.059,-0.0063,0.0209,-0.0204,-0.0076,-0.0099
570,5630,108,6,cycling,0.0065,-0.0106,0.038,1.0556,0.026,0.0775,-0.0895,0.0467,-0.0972,0.5587,0.0194,-0.0005,0.5861,-0.5964,0.0157,0.0001,-0.7083,-0.0503,0.1014,0.0197,-0.0286,-0.0002,-0.0082,0.001,0.0221,0.1005,-0.0093,-0.0803,-0.0244,-0.1197,-0.1108,-0.0258,-0.0252,-0.01,0.1122,-0.0199,0.7971,-0.0192,0.9869,-0.7877,-0.0222,-0.0054,0.8896,0.0468,-0.0176,-0.0186,0.0266,0.8521,0.0263,-0.0283,0.0226,-0.0348,0.0074,-0.0108
571,5631,108,6,cycling,0.0107,0.0585,-0.0082,-0.037,0.028,-0.069,-0.0895,1.5878,-0.0959,-0.0091,-0.0461,0.0246,-0.101,-0.0509,-0.0809,-0.0206,0.1308,-0.001,0.6499,-0.6577,0.1198,-0.0004,-0.5786,0.1122,-0.0001,-0.0187,-0.0171,0.1104,-0.0096,-0.0205,0.0204,-0.1508,0.6894,-0.0244,0.0193,-0.6956,-0.01,0.0097,-0.5562,-0.5466,-0.0174,0.0002,-0.0207,0.0079,-0.7567,0.0209,-0.0181,-0.02,-0.0098,-0.0189,-0.0088,-0.0092,0.0172,0.016
572,5632,108,6,cycling,0.0182,-0.0895,0.006,0.0312,1.0462,-0.0793,0.0554,0.0216,0.0699,-0.0971,0.0208,0.0005,0.0188,-0.6569,0.0209,-0.0509,-0.0058,0.0809,0.0246,0.0198,-0.1018,0.679,0.0081,0.0173,0.0267,-0.5568,-0.0197,0.0267,-0.5984,-0.5783,0.1194,0.01,-0.0348,-0.1304,0.1102,-0.7087,0.7574,-0.0556,0.001,0.0258,0.0227,-0.0252,-0.7761,-0.0186,0.0002,-0.0189,0.0236,0.0163,-0.0253,0.0221,-0.798,0.02,0.0166,0.0255
573,5633,108,6,cycling,2.5968,-0.0109,0.0782,2.0896,1.5573,3.7598,4.0578,5.0699,-0.7791,-0.8969,1.7972,7.677,0.8883,-0.568,8.8766,0.0063,-0.579,-0.043,-0.8465,-0.9764,-0.5862,0.8567,-1.7438,1.6061,-0.032,-0.763,0.5411,0.9545,-0.0216,-0.4666,-0.7334,-0.9438,0.1192,0.0007,0.2807,-0.7204,-0.863,0.5013,0.1014,0.0283,-0.0489,0.1106,0.1271,0.1126,0.1308,-0.3147,-0.0505,-0.0062,0.1781,-0.0992,-0.0893,-0.5137,0.1431,-0.1783
574,5634,108,6,cycling,-0.0057,0.0375,-0.0401,0.0793,1.6791,-0.0006,-0.0597,0.0863,-0.0504,0.5885,0.021,-0.0955,-0.0694,0.1129,0.1196,-0.541,-0.0096,-0.1012,0.1109,0.6098,0.0204,-0.1307,0.2163,-0.0348,-0.0362,0.0873,0.0206,-0.0363,0.0258,0.059,0.6984,-0.0589,-0.0359,-0.0082,0.6592,-0.5979,-0.6487,0.0872,0.0161,-0.1508,0.0806,-0.0355,0.0277,-0.2604,-0.057,-0.0367,-0.0578,-0.0209,0.1005,-0.0365,0.6686,0.8877,-0.0771,-0.0195
575,5635,108,6,cycling,-0.0763,0.0108,1.6483,2.5799,-0.058,-0.0301,-0.0062,-0.0959,-0.607,-0.0212,-0.0465,-0.0655,-0.0286,0.0189,-0.0082,-0.029,-0.0007,0.0096,0.0505,-0.0289,-0.0244,-0.5897,-0.001,0.0002,-0.01,0.0185,0.0247,-0.5475,0.1304,0.0266,0.0001,0.02,-0.0184,-0.0168,-0.0166,0.9871,-0.1017,0.1127,-0.0276,-0.6795,-0.0335,0.7874,-0.0079,0.0206,-0.0169,0.1105,-0.0246,0.0188,0.0,0.7794,-0.1006,-0.0257,0.0252,0.0201
576,5636,108,6,cycling,-0.0464,0.059,0.0189,1.037,0.0076,0.0774,-0.0655,-0.0973,0.0857,0.586,-0.0224,-0.0083,0.5967,0.1105,-0.0009,-0.0806,-0.5675,0.1306,0.0171,-0.1506,0.7778,-0.6895,0.1195,-0.6665,-0.2202,-0.6985,0.1127,-0.0504,-0.7986,-0.1006,0.1018,0.0172,-0.8092,0.0093,0.8862,0.1298,-0.2809,0.0063,-0.0337,0.2602,-0.0591,-0.0987,-0.0286,0.0335,0.0099,0.0081,-0.0094,-0.0001,0.0201,-0.001,-0.2166,-0.0267,-0.0796,-0.0182
577,5637,108,6,cycling,0.0107,-0.0871,0.0059,1.047,0.036,0.0566,-0.0692,0.0984,0.0204,0.0214,0.0006,0.0508,-0.5898,-0.0191,-0.0187,0.0182,-0.0157,-0.5574,0.0002,-0.0001,-0.5645,0.0205,-0.1012,-0.6783,-0.0195,0.1304,-0.01,0.0203,-0.0246,0.9765,0.0169,-0.0077,-0.758,-0.02,-0.0199,0.0244,-0.001,-0.7973,0.0232,-0.0061,0.0063,0.119,-0.0064,-0.0226,-0.542,0.0062,-0.0206,-0.0188,-0.0807,-0.0068,-0.0093,-0.0185,-0.7872,0.0247
578,5638,108,6,cycling,0.0057,0.0464,-0.0158,1.5571,0.0872,2.0967,-0.028,0.0797,-0.0581,-0.0317,0.0698,0.0505,-0.0007,-0.5984,0.0809,0.6691,-0.547,0.1103,0.0267,0.024,-0.119,-0.7579,-0.0083,-0.0266,0.0204,-0.6874,0.0182,0.1308,-0.0247,0.1006,-0.0096,-0.6078,-0.001,-0.0165,-0.6987,-0.2203,0.0192,0.0062,-0.0244,0.0238,0.0093,-0.019,0.0249,-0.0177,-0.0061,0.0163,0.8856,-0.0186,-0.02,-0.0,0.0099,0.0227,0.0094,-0.0001
579,5639,108,6,cycling,0.0872,0.0781,-0.0065,1.0655,0.0173,2.0562,-0.026,0.0469,0.0507,-0.0979,-0.5783,0.1308,-0.5958,-0.035,-0.6793,-0.1502,-0.548,-0.6682,0.0331,0.0441,0.0006,-0.0097,0.0241,-0.0806,0.0238,0.0272,-0.1195,-0.7774,-0.7091,0.0878,0.0236,0.0571,-0.1104,-0.6896,-0.1019,0.0988,0.1127,0.0199,0.0161,0.019,-0.0267,-0.0176,0.0002,-0.0875,0.0856,0.0089,0.0187,-0.0198,0.0886,-0.0094,-0.0063,-0.0117,0.6495,0.0079
580,5640,108,6,cycling,0.07,0.0198,-0.0664,-0.0003,-0.0469,1.579,-0.038,0.0584,-0.0879,0.0506,-0.0956,-0.0216,0.5866,-0.0351,-0.607,0.5974,-0.0208,0.0085,-0.1018,-0.0806,0.0061,0.0065,-0.0002,-0.0162,-0.7768,-0.5591,0.001,-0.01,-0.1309,-0.5499,0.0195,-0.0335,-0.0088,0.0181,-0.0094,-0.1105,-0.02,-0.1198,0.1121,0.0189,0.0,0.0001,-0.7872,-0.2605,-0.0187,0.1504,0.0882,-0.7567,-0.0365,-0.0252,-0.0286,-0.0092,-0.043,0.0176
581,5641,108,6,cycling,-0.0162,0.0859,1.6083,-0.0054,-0.0789,-0.0972,-0.0216,-0.0558,-0.0463,0.0699,0.0375,-0.0166,-0.0182,-0.0348,0.0505,-0.5794,0.648,-0.0004,-0.0332,0.0093,0.101,-0.0362,0.5568,-0.0238,-0.0074,-0.119,0.0178,0.0156,0.0002,0.0001,0.001,0.0,-0.0247,-0.6561,-0.1305,-0.1124,0.7092,-0.0195,-0.6769,-0.779,0.0204,0.01,-0.0076,0.0807,-0.0084,-0.0267,0.0186,-0.0085,-0.7971,-0.2163,-0.0276,-0.0335,0.0091,-0.1102
582,5642,108,6,cycling,0.0857,-0.06,0.0161,0.0955,0.0584,1.0793,-0.038,-0.046,-0.0081,-0.024,-0.0214,0.0186,-0.6465,0.0189,-0.0001,0.0003,-0.01,0.0073,-0.0255,-0.0002,-0.547,0.589,-0.024,-0.5966,-0.0509,0.1191,0.101,-0.0063,0.8895,0.7978,-0.0182,0.001,-0.6894,0.0176,0.7571,-0.0069,0.02,0.0235,-0.0258,0.0261,0.0062,-0.0198,-0.0806,-0.0247,0.0208,-0.1509,-0.0085,-0.0067,-0.0252,-0.0196,-0.0087,-0.0,0.1106,-0.0197
583,5643,108,6,cycling,0.0083,-0.021,0.0563,1.0468,-0.0186,0.0907,0.066,-0.038,-0.0884,0.5579,-0.0161,0.0238,-0.0244,-0.0006,-0.6782,-0.587,-0.0174,0.6966,0.5981,0.0054,-0.5793,0.119,0.1108,-0.1504,-0.0189,-0.0245,-0.0266,-0.0506,0.0091,-0.0354,0.0226,-0.001,0.0001,0.0002,-0.0286,0.0204,0.0156,-0.02,0.0065,-0.0209,0.0809,-0.1127,0.0255,0.101,0.1002,0.0176,0.6462,0.0187,0.7873,-0.0227,0.01,0.0072,0.1308,0.9775
584,5644,108,6,cycling,0.0093,-0.0694,0.0107,1.0862,-0.0591,0.0399,0.048,-0.0955,-0.006,-0.6495,-0.0213,0.0508,0.0171,0.5784,0.0007,0.0806,0.6774,-0.0203,-0.0097,0.001,0.6578,-0.0272,-0.0244,0.1105,-0.0247,0.669,-0.0159,-0.0186,-0.5869,-0.0258,0.0267,-0.0001,-0.0286,-0.542,-0.0257,-0.0079,-0.0002,-0.0227,0.1003,0.0204,-0.7063,0.101,-0.01,0.1124,0.1306,-0.0192,0.0238,0.0253,0.02,-0.0228,-0.7761,-0.0266,-0.0367,0.0252
585,5645,108,6,cycling,0.0462,-0.0082,0.0872,1.0558,0.0189,0.0788,0.0979,-0.033,-0.0203,0.067,-0.0503,0.026,-0.1108,-0.6665,-0.0008,-0.0806,0.0208,-0.001,-0.6871,-0.5784,0.0232,0.1305,0.1504,0.5574,0.119,-0.758,-0.1127,-0.6954,-0.1004,-0.01,0.0159,-0.2209,0.0252,0.1015,0.7899,0.2306,0.2162,0.0061,-0.6787,-0.7795,-0.0181,-0.027,0.0202,0.0091,-0.2805,0.0238,-0.5634,-0.0096,-0.0001,-0.0092,0.0244,-0.2508,-0.0097,-0.0063
586,5646,108,6,cycling,0.0594,-0.0076,1.0987,2.5571,-0.0189,0.067,0.0475,-0.0503,-0.0764,0.0859,-0.0319,-0.0219,-0.5465,-0.0806,-0.5879,-0.0181,0.1103,0.0204,-0.0095,0.0003,-0.0074,-0.0246,-0.0002,-0.0157,-0.0163,-0.0078,0.1122,0.1018,-0.0223,0.0235,0.6067,0.0099,-0.6661,0.0245,-0.001,-0.0177,-0.0085,0.01,0.02,0.1197,0.0001,-0.8897,-0.0172,-0.0082,0.1009,-0.0247,-0.1308,0.0169,-0.0096,-0.0092,0.989,0.0083,-0.0267,-0.0062
587,5647,108,6,cycling,0.0593,-0.0081,0.078,1.046,-0.0106,0.0874,-0.0399,0.021,-0.0959,0.5864,-0.0073,-0.0005,-0.0202,-0.0238,0.0001,0.5576,-0.5763,-0.0507,-0.547,-0.0186,-0.0335,-0.1306,-0.0062,-0.0002,-0.0247,0.0244,0.0258,0.0277,-0.0228,-0.0222,-0.0067,-0.779,0.6885,-0.6979,0.0184,0.6595,-0.001,0.7587,-0.0204,-0.0088,0.01,-0.0266,0.0252,-0.1012,-0.1103,0.0233,0.0196,0.1199,-0.0056,0.1006,-0.2163,-0.0172,0.02,-0.0171
588,5648,108,6,cycling,-0.0865,0.0555,1.0774,0.0189,0.036,-0.0076,0.0693,-0.025,-0.0967,-0.5961,-0.0412,-0.547,-0.0505,-0.7584,0.1195,0.1304,-0.0008,0.1506,0.5866,-0.1009,-0.1012,0.0246,-0.1103,0.5787,-0.0441,-0.0077,-0.0267,-0.0354,-0.019,-0.0244,0.0764,0.0284,-0.0365,0.0236,-0.0353,-0.0097,0.024,-0.0063,-0.001,0.0807,-0.0258,0.0277,-0.0209,-0.0056,-0.0286,-0.0423,-0.0002,-0.01,0.0571,-0.7962,-0.018,-0.0181,-0.0191,0.0237
589,5649,108,6,cycling,0.0872,-0.0164,1.078,2.5578,0.0063,3.0569,-0.037,-0.0465,0.026,-0.0958,-0.0186,-0.0691,0.5983,0.1305,-0.0286,0.6877,-0.0007,0.1005,0.0294,-0.0096,0.5445,0.5795,0.0507,0.0258,0.0267,-0.01,0.0279,0.7561,0.679,0.6697,0.1108,0.0266,0.0807,0.1127,-0.0356,0.0253,0.0226,0.0252,-0.2161,-0.1195,-0.1015,-0.0156,-0.0276,-0.0359,-0.0002,-0.0573,-0.0181,-0.001,0.0187,-0.0277,-0.0,0.9979,0.0062,0.0182
590,5650,108,6,cycling,0.05,-0.0775,1.649,-0.067,-0.0969,-0.0186,-0.0862,-0.5579,0.0212,0.0431,0.0317,-0.0809,0.0504,-0.1191,0.0009,-0.0348,-0.1012,0.1121,0.0205,0.5466,0.0156,-0.0167,0.1102,-0.5968,0.5861,-0.5787,0.6592,0.2169,-0.0332,0.0063,-0.0353,0.0206,-0.2203,-0.6072,-0.0425,-0.0177,0.0584,-0.0783,-0.1304,0.0277,-0.001,-0.0188,0.0195,-0.008,-0.01,0.0898,0.0574,0.0002,-0.0093,0.8973,-0.0001,-0.7876,-0.1503,0.0099
591,5651,108,6,cycling,3.6083,-0.0557,0.0159,1.5885,-0.0865,0.0076,-0.0799,0.048,-0.0974,0.036,-0.0691,-0.0211,-0.0084,0.0007,0.001,-0.0001,0.01,-0.0507,0.0094,0.6966,-0.647,-0.0182,-0.0072,0.0258,-0.0002,-0.6768,-0.0197,-0.0092,0.0088,0.02,-0.0258,-0.5475,-0.0087,0.0263,0.5573,-0.5645,0.0196,-0.0244,-0.0093,-0.0179,-0.0198,-0.0161,0.0235,-0.0247,-0.0077,0.0,0.9523,0.0186,-0.009,0.0255,-0.0162,-0.0227,-0.0078,-0.0589
592,5652,108,6,cycling,0.0501,0.0781,-0.0875,1.7793,0.038,-0.006,-0.0959,0.5763,-0.067,-0.021,-0.0466,-0.0005,0.6856,-0.6495,0.0809,0.0169,-0.6592,0.1109,-0.1305,-0.0505,0.0441,-0.1006,0.5571,-0.101,-0.1124,0.5884,-0.024,-0.0204,0.7982,-0.119,0.0086,-0.0187,-0.7899,-0.2167,0.0872,-0.001,0.0227,0.0098,-0.0365,-0.1507,0.0076,-0.0185,0.0188,-0.6773,-0.0174,0.0247,-0.0161,0.0277,-0.0097,0.0241,-0.0302,0.0196,-0.0189,0.019
593,5653,108,6,cycling,0.0501,0.0062,-0.0796,1.0698,0.0886,0.0312,0.0972,0.0004,-0.0475,-0.0803,-0.0215,0.6469,-0.5467,-0.0195,0.1306,0.0508,0.1004,-0.1107,-0.0199,-0.1195,-0.5883,-0.0056,-0.0059,0.0002,0.5793,-0.5574,-0.0354,-0.1121,0.0001,0.7966,-0.6078,0.0873,-0.6865,0.101,0.7087,-0.2167,-0.2506,-0.0355,-0.0797,0.0194,-0.001,0.0208,0.0416,-0.0277,-0.2307,-0.0359,0.0176,-0.2208,0.0177,-0.0226,0.0082,0.0192,-0.0365,-0.2605
594,5654,108,6,cycling,0.0569,0.0062,-0.0157,0.0699,0.089,1.658,-0.0767,-0.0316,0.0968,0.0431,-0.119,0.6081,-0.1303,0.6696,0.0302,-0.5571,-0.547,-0.0225,-0.0063,-0.1019,0.6495,-0.1106,0.0267,-0.0365,0.0507,-0.0362,-0.1124,0.7577,-0.5961,-0.1507,0.0594,-0.0191,-0.5645,-0.0335,-0.0004,0.0252,0.7882,0.0803,-0.5884,-0.2606,-0.0272,0.0203,0.1005,-0.0342,0.0693,0.0776,-0.0367,-0.0072,0.0573,-0.0286,0.0579,-0.0258,-0.0226,0.0253
595,5655,108,6,cycling,0.0857,-0.069,1.596,2.0981,-0.0104,-0.0583,3.0782,0.0086,-0.038,-0.0216,-0.0008,-0.5867,0.6665,-0.0002,0.7593,0.0806,0.0267,-0.0074,0.6495,0.1307,0.1011,0.6976,-0.0504,0.547,-0.1122,-0.01,-0.0184,0.1192,0.5699,0.7972,-0.6862,-0.0192,-0.7778,-0.0097,-0.1008,0.8861,0.0763,0.0277,0.8973,-0.0001,0.0206,0.2164,-0.0374,-0.0085,0.0798,-0.0087,0.2209,0.0208,0.1102,-0.3007,-0.0079,-0.1504,0.0227,-0.0123
596,5656,108,6,cycling,2.0873,0.0185,-0.0091,1.5856,2.5798,0.0594,0.0775,-0.0463,0.0954,-0.7067,-0.0399,0.0203,-0.5974,-0.0506,0.066,0.0272,-0.023,-0.0004,0.0276,-0.6568,-0.0093,-0.0066,-0.0335,-0.0589,0.1012,-0.5586,0.0169,-0.0188,0.0204,-0.01,0.7792,-0.1305,-0.001,-0.0226,0.0196,0.0587,-0.0097,0.6461,0.0179,-0.0002,-0.0072,-0.1507,-0.0181,-0.1199,-0.0095,-0.0001,-0.0036,0.024,0.7862,0.0,0.0416,0.0083,0.0161,-0.0171
597,5657,108,6,cycling,2.0872,0.0164,-0.0461,1.7058,3.6783,-0.0577,2.8854,-0.0695,4.0789,-0.0966,-0.0086,-0.5791,0.6884,0.7903,-0.9859,-0.0505,-0.7593,-0.6955,-0.0348,-0.6087,-0.1309,-0.0705,0.0453,0.0252,-0.0006,0.0162,-0.0213,-0.5699,0.1191,-0.0355,0.978,-0.6592,0.0176,0.0209,-0.1005,-0.0778,-0.2165,-0.2206,-0.0973,-0.0204,-0.0441,-0.0246,-0.1122,-0.019,0.0226,-0.0585,-0.1108,0.0267,-0.0247,0.0096,-0.0182,-0.0367,-0.0117,-0.0082
598,5658,108,6,cycling,0.0064,-0.0467,1.0106,0.0216,-0.0871,0.0557,0.0003,-0.077,0.0375,-0.0958,-0.0002,-0.006,-0.5582,0.0054,0.1191,-0.0286,-0.1305,-0.6661,-0.0174,-0.598,-0.0176,-0.0001,-0.5645,0.01,-0.0079,0.0084,-0.0062,-0.0077,-0.001,-0.0068,-0.0507,-0.02,0.0097,0.0193,-0.8863,-0.0266,0.0086,-0.0078,-0.0803,0.0092,-0.6595,0.9622,-0.0238,-0.0172,-0.0073,-0.0238,0.0189,0.8799,-0.0169,-0.0266,-0.0094,-0.8547,-0.0081,0.0098
599,5659,108,6,cycling,0.0963,0.0158,-0.036,1.7093,-0.04,0.0699,-0.0895,-0.0564,-0.0773,-0.026,-0.5787,-0.0804,-0.0006,0.0209,0.001,-0.6583,0.5984,-0.1019,0.5581,0.0294,-0.0504,-0.0078,-0.0002,-0.1192,-0.1009,0.0246,-0.548,-0.5629,-0.0086,-0.0076,-0.0097,0.0267,-0.0071,-0.01,-0.1304,0.0226,-0.0092,-0.6761,-0.0591,-0.1121,-0.6694,-0.6968,-0.0175,-0.0098,0.1504,0.0089,-0.0196,0.0072,-0.0206,-0.0082,-0.0062,-0.019,-0.0588,-0.7985
600,5660,108,6,cycling,0.0062,-0.0109,1.6583,-0.025,0.0563,-0.0699,0.038,-0.0464,0.0858,0.0004,0.0767,-0.1106,0.0261,0.6661,0.1004,-0.1194,-0.1504,-0.0157,-0.0173,0.541,0.0258,0.1011,-0.5582,-0.0506,0.1127,0.0169,-0.0807,-0.001,-0.0091,-0.2208,0.0788,-0.0238,0.0001,0.5978,-0.0174,0.0267,-0.0185,0.01,-0.0247,-0.0095,0.9896,-0.0223,-0.0589,0.0002,0.0587,0.0192,0.0252,-0.0335,0.019,0.0209,0.777,0.7571,-0.0,0.0168
601,5661,108,6,cycling,-0.0081,0.0562,-0.0972,1.5894,0.0102,0.0856,0.0692,-0.077,0.0375,-0.04,0.0007,-0.1197,-0.5466,-0.1509,0.016,-0.0096,-0.0807,-0.0508,0.1012,-0.0002,-0.0171,0.1304,0.1104,-0.0157,-0.5965,0.0208,-0.7785,0.0238,0.8095,0.0001,-0.5586,0.0873,0.0087,-0.0354,0.001,-0.0076,0.6778,-0.0082,0.0161,-0.01,-0.0247,-0.0074,0.009,-0.7983,0.0189,-0.0093,-0.0164,0.02,-0.0246,-0.0063,-0.0169,0.0238,-0.0255,-0.0
602,5662,108,6,cycling,0.0079,-0.0875,0.0796,-0.0109,1.0578,-0.5884,0.066,0.047,0.021,-0.5564,-0.0286,-0.0399,0.1107,0.5966,0.0008,-0.5763,-0.6974,-0.1018,-0.1198,0.1303,-0.2161,-0.008,-0.0189,0.0247,0.6785,-0.0187,-0.1008,0.0088,0.0272,0.0186,-0.0276,-0.0359,0.547,0.0504,-0.0195,0.1127,-0.0072,-0.0367,-0.0162,-0.0073,0.001,0.0244,-0.0002,-0.0097,0.0083,-0.009,-0.0287,-0.0094,-0.6856,-0.0806,-0.0181,-0.0165,-0.0267,-0.0
603,5663,108,6,cycling,0.0107,-0.0364,-0.008,0.0581,0.0468,1.0882,-0.0955,0.0093,-0.0699,0.026,0.0006,0.0503,-0.5873,-0.0355,0.024,-0.5412,-0.5789,-0.0076,0.001,-0.0163,-0.0002,-0.1012,-0.6695,0.0167,0.02,0.1306,0.1122,-0.0807,-0.0174,-0.0162,0.0175,-0.0001,-0.01,-0.119,0.7765,0.1504,-0.7898,-0.0061,0.019,0.1109,-0.0188,-0.5984,0.0227,0.0206,0.037,-0.1006,0.0169,-0.5634,-0.0191,0.0079,-0.0223,0.0236,0.0252,-0.0097
604,5664,108,6,cycling,0.0554,0.06,-0.0191,1.5873,0.0211,-0.0782,-0.048,-0.0399,0.0872,0.0971,-0.0008,-0.5797,0.0207,-0.6062,-0.6887,-0.5569,0.1107,0.5989,0.1196,-0.0063,0.7584,0.669,-0.2165,-0.1503,-0.1017,-0.0286,-0.0352,-0.0508,0.7798,-0.0267,-0.0357,-0.6786,-0.6588,0.1306,-0.0246,0.1127,-0.0056,-0.0096,0.0079,-0.1005,-0.0367,-0.0183,-0.0348,0.0594,0.0283,-0.0978,-0.0226,-0.0244,-0.2303,-0.0193,0.0228,0.0238,-0.0174,-0.0076
605,5665,108,6,cycling,0.0876,-0.0106,0.0065,1.5968,-0.0554,0.0775,0.0956,-0.0004,-0.036,0.0425,-0.0215,-0.0079,-0.5573,0.5791,0.1104,0.1192,0.0062,0.001,0.0195,-0.6693,-0.0227,-0.0807,-0.0506,-0.6489,0.1126,-0.0198,0.0063,0.1004,-0.5897,0.0235,0.0571,0.01,-0.0078,-0.0099,-0.6784,0.1509,0.101,-0.0087,0.0235,0.0072,-0.0002,-0.0074,-0.709,-0.0232,-0.0237,-0.0,-0.0194,0.0183,0.0186,-0.0001,-0.02,-0.0182,0.0192,-0.0088
606,5666,108,6,cycling,3.0695,-0.0577,0.0092,1.0902,2.7976,3.6857,-0.6075,-0.0885,-0.0104,0.6493,0.078,-0.0335,0.7071,4.5594,-0.5874,0.5465,-0.0506,-0.5984,-0.0286,0.0208,-0.0399,-0.6986,0.1015,-0.0005,-0.0226,0.5636,-0.0354,-0.0091,0.6681,-0.2162,0.7872,0.0096,-0.0807,-0.0161,0.024,-0.1008,0.0067,-0.0883,-0.2309,-0.2203,-0.9897,-0.0367,0.0246,-0.1102,0.0562,-0.019,-0.0589,0.1197,-0.8863,-0.0182,0.1306,-0.0252,0.0267,0.0227
607,5667,108,6,cycling,0.0301,-0.0971,0.0063,1.5579,-0.066,-0.0468,-0.0772,0.0877,0.0504,-0.059,-0.6665,0.1196,0.0217,-0.0007,0.5786,-0.5883,-0.1121,-0.6787,-0.1102,0.2162,-0.1011,-0.598,0.0267,-0.0365,-0.5464,-0.1002,0.1309,0.0804,0.5675,0.7898,-0.0194,0.0969,-0.1506,-0.0335,-0.0246,-0.2302,-0.0973,0.2606,0.0174,0.0076,-0.0357,0.0081,0.0961,-0.897,0.0296,-0.0095,-0.0784,-0.0356,0.0241,-0.0882,-0.0099,-0.0096,-0.0093,-0.0092
608,5668,108,6,cycling,0.0,-0.0695,0.0108,1.7055,-0.0079,0.0224,-0.0967,-0.0557,0.078,-0.046,-0.0375,0.0002,-0.0209,-0.5961,0.0004,0.0246,-0.0206,-0.1304,-0.1198,-0.6589,0.0066,0.5871,0.0203,-0.0082,-0.0506,0.001,-0.5645,-0.1108,0.0238,0.0258,-0.0001,0.0804,0.5414,-0.6462,-0.0185,0.0204,0.0174,0.0096,0.0073,-0.1019,-0.0197,-0.02,-0.7899,0.0232,-0.0088,-0.0205,0.037,0.0077,0.0086,-0.6881,0.0091,0.031,-0.0,-0.0227
609,5669,108,6,cycling,0.0107,-0.0585,0.028,1.0375,-0.0079,0.0876,0.0956,-0.5583,-0.0006,0.0694,0.0466,-0.5967,0.1011,0.1192,0.5871,-0.5797,-0.6462,-0.0355,-0.0204,0.6874,0.1508,0.0505,-0.0065,-0.5475,0.0206,-0.0348,-0.0087,0.1009,-0.0169,-0.0335,-0.01,0.0208,-0.1107,-0.0082,0.0161,-0.001,0.0247,-0.0002,0.6092,0.9895,0.0226,-0.0193,-0.0223,-0.0227,-0.0286,-0.0807,0.0188,-0.0001,-0.0367,0.1305,0.0599,-0.02,0.0878,0.009
610,5670,108,6,cycling,0.0107,0.0464,-0.0065,1.059,0.0874,-0.0317,-0.0693,-0.0969,0.0509,0.026,-0.0008,-0.0803,0.5799,-0.5961,0.1106,-0.0258,-0.0002,0.548,-0.0238,-0.5562,0.0226,-0.0001,-0.1507,-0.0095,0.6785,0.1129,-0.0332,-0.5875,0.001,-0.1308,-0.01,-0.2207,0.0096,-0.119,0.0247,0.1015,0.0591,-0.5645,-0.0286,-0.0179,-0.0267,0.02,-0.0076,-0.0,0.6894,0.7781,-0.0583,-0.0173,-0.0066,0.0198,0.0189,0.0266,-0.0252,-0.1005
611,5671,108,6,cycling,0.0591,-0.0157,1.5868,2.0884,0.0093,3.7071,0.068,-0.0798,0.0981,0.0399,0.6561,0.0431,0.5954,-0.0214,0.0503,-0.0203,0.6087,0.0003,0.1309,0.649,0.6675,-0.6962,0.1199,-0.6788,-0.0246,-0.1005,-0.2167,0.0277,0.0267,-0.0363,-0.5574,-0.0806,-0.1019,-0.0367,-0.564,-0.7876,-0.7779,-0.0351,-0.0208,0.0573,-0.0247,-0.1126,0.0797,0.0228,0.1108,0.8985,-0.0195,0.0258,0.0157,0.2803,-0.0252,-0.1506,-0.0365,-0.0192
612,5672,108,6,cycling,-0.0079,0.0576,1.038,0.0164,-0.0893,-0.0774,0.0465,0.0216,-0.0161,-0.5577,-0.0506,-0.0691,-0.0959,-0.0008,-0.6883,0.001,0.0163,0.0196,-0.0002,0.0197,-0.0203,0.6094,-0.0192,-0.5782,-0.5885,0.02,-0.01,0.1303,-0.6956,0.0001,-0.1192,0.547,-0.1127,0.1105,-0.0804,0.0241,-0.1015,-0.0354,-0.0162,0.0188,-0.0,0.0206,-0.6798,0.0195,-0.2605,-0.0209,-0.6686,-0.7587,0.7873,0.2166,0.0071,0.0099,0.0084,-0.0335
613,5673,108,6,cycling,0.0109,-0.0783,-0.0093,1.0874,-0.037,-0.0212,0.0467,-0.0557,0.0006,0.0208,-0.0697,0.0272,-0.596,-0.0505,-0.0189,-0.0807,0.0286,-0.5895,-0.01,-0.5475,0.0206,-0.0156,-0.0186,-0.6462,-0.001,-0.0173,0.6584,-0.1015,-0.1107,-0.0096,-0.6861,-0.0072,-0.0001,-0.0204,0.0267,-0.009,-0.5587,-0.0399,-0.0085,-0.018,0.0258,-0.0,-0.036,-0.0066,0.1008,0.0002,-0.027,-0.0178,0.0194,-0.0321,0.0201,-0.0255,0.031,0.02
614,5674,108,6,cycling,-0.03,0.0198,0.0877,1.0789,-0.069,-0.0003,-0.0581,-0.0986,0.047,-0.028,0.556,-0.5965,-0.5874,-0.0809,0.119,0.0258,-0.0184,-0.0506,0.0195,-0.6857,-0.0061,-0.6482,-0.001,0.0167,-0.0277,-0.0253,0.1306,0.024,0.7579,0.0238,0.0196,-0.0244,0.1506,-0.0347,-0.01,-0.0002,-0.0209,-0.1006,-0.1104,0.0863,-0.0226,0.0097,-0.0056,-0.5499,-0.0193,-0.0162,0.0178,-0.0191,-0.0204,0.0072,-0.0087,-0.0001,-0.0071,-0.0069
615,5675,108,6,cycling,0.0073,-0.026,0.0793,1.5789,-0.0103,-0.0466,0.0872,-0.0577,0.0694,0.101,0.0955,0.0335,-0.1104,-0.0062,0.1195,0.7079,0.0809,0.0006,-0.548,-0.5963,-0.1309,-0.0167,0.0504,-0.6583,-0.6958,-0.2309,-0.0581,0.789,0.0171,-0.0365,-0.1004,-0.0277,0.0084,0.1508,0.001,-0.6885,0.0161,0.0091,0.0209,0.0087,-0.6486,-0.0349,-0.0096,-0.0001,-0.0206,-0.0098,-0.0199,0.0174,-0.0092,0.0156,0.0255,-0.0204,0.0782,0.0238
616,5676,108,6,cycling,2.0963,-0.0597,0.0787,0.0076,1.0883,2.6096,0.0157,-0.0462,0.038,0.0215,-0.0695,-0.0006,0.6494,0.0272,0.5873,-0.0286,0.5585,-0.5466,0.6882,0.6769,0.0277,-0.0362,0.7978,0.6574,0.101,-0.0367,0.1127,0.7088,-0.5971,0.1005,0.1195,-0.1505,-0.0504,0.0335,0.0295,-0.0803,-0.0092,0.0244,-0.0267,0.1104,-0.2309,0.0204,-0.0986,0.0246,-0.009,-0.0349,0.5675,0.0294,0.0561,0.0247,-0.0109,0.9981,0.2167,0.0401
617,5677,108,6,cycling,0.0695,0.0959,-0.0561,1.0862,0.0055,-0.0215,0.0468,-0.0107,-0.0503,0.0301,-0.0006,-0.0094,-0.0208,0.001,-0.0082,-0.0227,-0.0076,-0.0072,-0.0002,-0.0204,-0.0154,0.0079,-0.0189,0.0065,-0.6499,0.01,-0.5856,-0.0,-0.6974,0.0001,0.0081,-0.0188,-0.5793,-0.0187,0.0096,-0.02,-0.0207,0.6063,-0.0258,-0.0075,0.0247,0.018,-0.7792,-0.0097,0.0091,0.019,0.0173,0.0206,-0.0202,-0.0083,0.0178,0.0184,-0.0098,-0.0223
618,5678,108,6,cycling,0.0597,-0.0073,0.0104,-0.0312,0.0871,1.6786,0.0003,-0.0695,-0.077,0.0961,-0.0217,0.0238,-0.0002,-0.0244,-0.0001,0.1015,0.0508,0.01,-0.1309,0.001,-0.5864,0.0172,0.0803,0.5792,-0.6865,-0.0169,-0.0191,0.5962,0.5466,-0.5583,0.1005,-0.786,0.7577,-0.0074,-0.0188,0.0246,-0.0276,-0.7984,-0.0056,-0.024,0.1507,-0.0286,0.1197,-0.1107,-0.0236,-0.008,0.089,-0.0247,0.0228,-0.0193,0.0221,-0.02,-0.0267,0.0598
619,5679,108,6,cycling,0.0558,-0.0865,0.0095,1.0182,-0.046,-0.0964,-0.026,-0.0204,-0.037,-0.0774,0.069,-0.5961,-0.0006,-0.0076,-0.1192,-0.0508,0.1017,0.027,0.0202,-0.1507,0.1308,-0.0063,-0.0055,0.0167,-0.01,0.0247,-0.5792,-0.5638,-0.0002,0.1004,-0.1109,0.0258,-0.0078,0.0001,-0.0169,0.0193,-0.6691,0.0206,-0.001,-0.0223,-0.02,0.7571,0.688,-0.5499,0.0188,0.0235,0.0581,-0.0226,0.0209,-0.0189,-0.0087,-0.0183,-0.0804,0.9894
620,5680,108,6,cycling,0.0461,-0.067,1.57,-0.0375,0.0893,0.0573,-0.0954,0.0172,0.0778,-0.0203,0.021,-0.0006,-0.0352,-0.5982,0.0202,0.5895,-0.0189,-0.119,0.1308,-0.1127,-0.0186,-0.001,-0.0163,-0.0001,-0.0504,-0.1015,-0.5587,-0.0196,-0.0226,0.0205,-0.0165,-0.6968,-0.1507,-0.5699,-0.6474,-0.0092,-0.6681,-0.0207,0.0171,0.0227,-0.776,-0.0223,-0.0002,-0.0184,0.6762,-0.0188,0.1105,-0.01,-0.0597,0.0083,0.024,-0.0209,0.0437,-0.02
621,5681,108,6,cycling,0.0104,-0.0554,1.0064,-0.038,-0.0783,-0.0872,0.0967,-0.066,0.589,-0.5574,0.0218,-0.7063,-0.1108,-0.1012,-0.6587,0.1127,-0.7581,0.6871,-0.1306,0.5966,-0.0509,0.6956,-0.0009,-0.5793,0.0374,-0.1198,-0.8979,0.8898,0.1009,0.0061,0.0784,-0.0367,0.1509,-0.2162,0.2208,0.7773,-0.2807,-0.0806,-0.0092,0.9976,-0.2505,0.0785,-0.1295,0.0091,0.0272,0.0096,0.0432,-0.0347,0.7862,-0.0594,0.0986,-0.0114,-0.0361,-0.0097
622,5682,108,6,cycling,0.0191,-0.0562,0.0867,1.6079,2.7857,-0.0695,0.0082,0.0796,0.0469,0.0286,0.0213,-0.097,-0.0003,-0.5854,-0.024,0.0399,0.0508,-0.5586,0.0272,-0.1107,0.0084,-0.5675,0.6663,0.001,0.0252,0.0002,-0.01,0.7788,-0.0348,0.1018,0.1309,0.0247,0.0597,-0.6593,0.1124,-0.0359,-0.1505,-0.6468,-0.5973,-0.1191,0.1004,-0.0294,0.2303,-0.0246,-0.2206,-0.2165,-0.2602,0.0076,-0.0087,-0.0296,0.0872,-0.0185,-0.078,-0.0365
623,5683,108,6,cycling,0.0063,-0.0564,1.0788,-0.0375,0.0109,-0.046,0.0204,-0.069,0.0872,0.0212,-0.5782,-0.0003,-0.0171,-0.0507,-0.0238,0.6581,0.0084,0.0001,-0.0204,-0.6783,-0.0247,-0.0252,-0.5856,0.1304,0.0232,-0.547,-0.0276,-0.5977,-0.0174,-0.1012,0.0258,-0.0349,-0.001,-0.0222,0.5585,0.01,-0.0099,-0.024,0.0573,-0.6862,-0.0086,0.0203,0.1104,0.0095,-0.0267,0.0166,0.018,-0.0244,0.0002,0.0246,0.0198,-0.0178,-0.0097,-0.0096
624,5684,108,6,cycling,0.0581,0.0082,-0.0109,-0.0699,1.036,-0.0873,-0.0797,0.0469,-0.0007,0.0088,-0.0157,0.0002,0.0217,-0.0001,-0.0359,0.0262,-0.0095,-0.5583,0.0809,0.0093,-0.01,0.6491,-0.0507,-0.0,0.0167,0.0268,0.001,-0.0062,0.6561,0.5978,0.0196,0.9871,-0.5619,-0.0054,0.027,-0.0076,0.5879,0.009,0.119,0.0261,-0.0246,-0.0204,-0.0247,-0.0087,-0.0085,-0.0166,0.1002,0.8086,0.1019,0.0172,0.0247,0.0184,-0.0204,0.0094
625,5685,108,6,cycling,-0.0093,0.0171,1.6578,-0.036,-0.058,0.0979,0.0691,-0.0258,0.0881,0.047,-0.0769,-0.5798,-0.0355,-0.0212,-0.0083,-0.0335,-0.0506,-0.0008,-0.5985,-0.0208,-0.1014,0.1309,0.0058,-0.001,0.1196,-0.0222,-0.0807,0.0172,0.1107,0.6694,-0.0354,0.1005,0.0277,-0.0187,-0.0097,-0.0002,0.0084,0.0067,0.0155,0.0062,0.7761,-0.0192,-0.0267,-0.0,0.689,0.0174,-0.7564,0.0073,-0.0203,0.0253,0.9599,-0.01,0.0228,-0.0082
626,5686,108,6,cycling,0.0065,-0.0301,1.6055,0.0475,0.0773,-0.0896,0.0693,-0.0556,0.0963,-0.0509,-0.025,0.6672,-0.0208,-0.5869,0.0803,0.1008,-0.1104,-0.1506,0.1195,-0.101,0.1309,-0.5787,0.0247,-0.597,-0.0584,-0.0171,0.0199,-0.547,-0.0003,-0.0246,0.6798,0.0257,-0.7895,-0.0583,-0.2162,0.0594,0.6864,0.7797,-0.0348,-0.0761,-0.0204,-0.2607,0.8079,-0.2306,-0.2507,-0.0335,0.0437,0.0574,0.089,0.0286,0.0203,-0.0365,-0.0891,-0.0692
627,5687,108,6,cycling,3.0871,-0.0063,0.0184,1.0979,0.0693,-0.0591,0.038,2.6489,0.0475,0.5782,0.0774,0.607,-0.0509,3.6955,0.0212,0.5977,0.0007,-0.6692,-0.0363,-0.7856,-0.5883,-0.0162,-0.1307,0.0809,0.0186,-0.6797,-0.6865,0.0554,-0.0354,0.0348,0.0599,-0.0161,0.0594,-0.0342,0.0367,-0.001,-0.0076,0.0873,0.1005,-0.889,-0.0195,0.1192,-0.1127,-0.0247,-0.0002,0.0598,-0.0881,0.0096,0.0272,-0.0267,-0.0785,-0.0276,-0.0001,0.1221
628,5688,108,6,cycling,0.0907,-0.0561,0.0462,1.0154,0.0079,0.0004,0.0215,0.0664,-0.0375,-0.0893,-0.001,-0.5573,0.101,0.0206,-0.1308,0.596,-0.0507,-0.6589,0.1192,0.1108,-0.1127,0.0272,0.0241,-0.1505,-0.0591,-0.5794,0.0001,-0.0277,-0.0807,-0.0002,-0.5884,0.0874,-0.008,0.0247,0.1003,-0.7083,0.0087,0.0172,-0.0227,0.0096,0.7799,-0.6986,-0.2602,0.0195,-0.0078,-0.0566,0.0263,-0.0367,0.0208,-0.0276,0.9876,-0.0182,-0.0353,0.0797
629,5689,108,6,cycling,3.6902,-0.0591,0.0198,1.6563,3.0972,2.6093,-0.0797,-0.0664,-0.5885,-0.5981,0.0871,-0.6692,0.5579,-0.0475,0.6789,-0.0096,-0.5782,0.1198,-0.032,0.6895,0.7787,0.5645,-0.0247,0.0453,-0.1108,-0.0503,-0.1005,0.0009,-0.0583,-0.1012,-0.0473,-0.0173,-0.7469,-0.709,-0.0803,0.7899,0.2807,-0.008,0.0204,-0.5414,-0.2308,-0.0405,-0.0061,-0.0246,-0.0784,-0.2169,-0.0079,-0.0194,0.1286,0.0267,-0.0425,-0.1304,0.0417,-0.0576
630,5690,108,6,cycling,0.0064,-0.0169,1.5957,-0.0775,0.0883,0.068,0.0217,-0.0558,0.0003,0.0506,-0.03,0.0976,-0.0401,0.1307,0.001,0.6581,0.1191,-0.1017,-0.5584,0.0252,-0.0077,0.0062,-0.01,0.6856,-0.1006,0.0587,-0.0348,0.6788,-0.7073,0.6661,0.1109,-0.6082,-0.0277,-0.0163,0.0209,-0.02,0.0221,-0.5464,0.1124,0.0257,-0.0266,-0.0002,-0.0097,-0.0238,-0.0194,-0.0804,-0.0072,-0.0258,-0.0089,-0.0096,-0.0,0.0079,-0.0198,0.0246
631,5691,108,6,cycling,0.0375,-0.0158,0.028,0.046,1.0792,-0.0574,-0.0084,-0.0867,0.0655,-0.0961,0.5782,0.0097,0.0008,-0.5965,0.6662,-0.0809,-0.0081,-0.0246,-0.001,0.5432,-0.0002,-0.1192,0.0504,-0.6963,-0.649,0.0001,0.9876,0.1014,-0.01,0.0078,0.0194,0.7985,-0.0267,0.1004,0.0206,-0.0335,-0.0276,-0.2166,-0.7793,0.0244,-0.1307,-0.0091,-0.0089,-0.0,-0.0196,0.0072,0.0186,-0.02,0.0187,0.7071,0.0227,0.0235,0.0183,-0.0073
632,5692,108,6,cycling,0.0791,0.0501,-0.0055,1.6058,-0.0313,0.0862,0.0956,-0.0412,-0.0697,0.0218,0.0504,-0.0199,-0.1015,-0.1108,-0.0008,0.6694,-0.5965,0.1199,0.1309,0.0204,0.7571,0.0083,-0.1509,-0.0074,0.6898,-0.542,0.1008,-0.0807,0.7776,0.7064,0.0572,0.7969,0.5785,0.2306,0.8896,-0.0189,0.0227,-0.6792,-0.0244,0.7881,-0.0266,0.8093,0.0563,0.1261,0.0335,0.2804,-0.0365,-0.1129,-0.0286,-0.0186,-0.0773,0.0285,0.009,0.024
633,5693,108,6,cycling,0.0301,-0.0076,1.0557,-0.028,-0.089,0.0461,-0.0335,0.0773,-0.097,0.5968,-0.0056,-0.0692,0.5566,-0.101,0.0009,0.1005,-0.0189,-0.0206,0.1194,0.0246,-0.5884,0.0506,0.0221,0.0163,0.6062,0.6569,-0.0186,0.0252,-0.0181,0.1129,-0.6487,0.0002,-0.7599,0.0091,0.0079,0.1307,-0.001,0.0177,0.1105,-0.0807,0.0093,-0.0078,-0.0266,0.9788,-0.0244,-0.6785,-0.0036,-0.0236,-0.0,0.0267,-0.03,-0.5414,-0.1507,0.01
634,5694,108,6,cycling,0.0173,-0.0082,0.0469,1.0871,0.0577,0.078,-0.0693,-0.0958,-0.037,0.0005,0.0002,0.0224,0.0203,-0.0286,0.6495,0.0054,0.0507,-0.0806,-0.5983,-0.0354,-0.1306,-0.119,-0.5572,-0.5791,-0.6865,-0.0181,0.0084,0.7596,0.6674,0.0247,-0.0561,-0.01,-0.019,0.0067,-0.0185,0.0056,-0.0276,0.1102,-0.0088,-0.0356,-0.0087,-0.02,-0.0287,0.796,-0.0348,-0.0078,0.0235,-0.0163,-0.0001,0.001,0.9897,-0.1503,-0.1018,0.0094
635,5695,108,6,cycling,0.0,-0.0106,0.0065,0.0375,-0.0555,1.6692,-0.0767,0.0859,0.0968,-0.025,0.0258,0.0252,-0.0499,-0.0189,-0.0004,-0.0505,0.001,-0.1304,-0.0002,-0.6061,0.0073,0.0054,0.02,-0.0001,-0.0087,0.5784,-0.0196,-0.7793,-0.0227,0.0056,0.9864,-0.0244,-0.6982,-0.0063,-0.0188,-0.0238,0.01,-0.0807,0.588,0.101,0.1106,0.8501,0.1122,-0.7081,0.0197,-0.0209,0.019,-0.0194,-0.0083,-0.0174,0.0,0.0079,0.0072,-0.0266
636,5696,108,6,cycling,-0.0591,0.0103,1.0986,-0.0062,0.0655,-0.0203,-0.0775,-0.0893,0.0463,0.0507,-0.028,-0.589,0.0006,-0.0258,0.0165,-0.0002,-0.1197,0.1122,-0.027,-0.1018,-0.0352,-0.1105,-0.5761,-0.0197,0.01,-0.0267,0.0208,-0.0166,0.0584,0.5969,-0.6485,-0.0348,0.5467,-0.1509,0.0074,0.0246,-0.0354,-0.0001,0.6072,-0.2602,-0.0257,-0.0342,-0.7794,-0.797,-0.1305,-0.0078,-0.0071,-0.0081,-0.0087,-0.0804,-0.0221,-0.0353,-0.0156,-0.0082
637,5697,108,6,cycling,3.0562,0.0055,-0.0876,0.0799,1.6574,0.0164,0.0475,-0.025,0.0979,0.0691,0.1191,-0.6661,-0.6968,0.5889,-0.0359,0.038,0.0507,-0.101,0.1127,0.0809,-0.0093,0.0573,-0.0078,-0.5467,0.1304,0.1104,-0.7086,0.0006,0.0241,0.5783,0.0784,-0.0367,-0.5977,-0.0277,-0.2304,-0.0182,-0.566,-0.0372,-0.0087,-0.0071,0.0198,-0.0362,-0.0204,0.1006,0.0897,-0.0185,-0.2161,-0.0203,-0.0896,-0.0286,-0.0088,-0.0194,-0.001,-0.0348
638,5698,108,6,cycling,0.0787,-0.0083,0.0102,1.6684,2.0593,-0.0469,0.0957,-0.0876,0.0375,0.0697,-0.0009,0.5594,0.598,0.1122,-0.6786,-0.5873,0.6878,-0.6562,-0.777,-0.0441,-0.5499,-0.646,-0.024,-0.1194,-0.1012,-0.0405,-0.0079,-0.0803,-0.0172,0.8863,-0.0335,-0.8974,-0.0348,0.1008,0.0591,0.2309,-0.0507,0.1303,-0.0332,0.1107,-0.0252,-0.0081,0.2202,-0.0246,-0.001,0.1504,0.0209,-0.0357,0.0885,0.0171,0.563,-0.0223,0.069,-0.0982
639,5699,108,6,cycling,0.0858,0.0556,-0.0781,-0.0171,0.0062,-0.0979,0.0364,1.6959,-0.0697,-0.0508,-0.1199,-0.026,0.0205,0.0467,0.0804,0.0004,-0.547,0.0277,0.1009,-0.1108,-0.0072,0.1504,0.1304,0.0221,0.0168,-0.0173,-0.6677,-0.7578,-0.2205,-0.1017,-0.0332,-0.0091,-0.01,-0.0086,-0.0174,-0.0094,-0.0195,0.0165,-0.0209,-0.0002,-0.0085,0.0182,0.008,0.001,0.0247,-0.5763,0.0092,0.9855,0.0327,0.009,0.0084,-0.0196,-0.0193,-0.0076
640,5700,108,6,cycling,0.0466,-0.0693,1.6907,0.0165,0.0555,-0.0861,-0.0974,-0.032,-0.1305,0.0216,-0.119,-0.0505,-0.0272,0.596,-0.5468,0.0556,0.0587,-0.5899,-0.6478,-0.0809,-0.1004,0.0008,0.1017,-0.1124,-0.5788,-0.0184,-0.0091,0.0209,-0.0277,0.1104,0.0885,0.0244,-0.7094,-0.0363,-0.809,-0.0076,0.0962,-0.0267,0.0095,0.0197,0.9873,-0.7567,0.0258,0.0002,-0.0001,0.001,0.0977,-0.2606,0.0257,0.043,-0.0963,0.0696,-0.0353,0.0294
641,5701,108,6,cycling,0.0073,0.096,-0.0879,0.0463,1.588,-0.038,-0.0562,0.0218,-0.0791,0.1308,-0.6495,0.0696,0.5981,0.5582,0.0003,-0.6876,-0.0504,0.5783,-0.0272,0.0167,-0.5466,0.0171,-0.0098,0.0807,-0.7774,-0.1194,-0.5699,-0.0276,-0.2607,-0.0084,0.0169,0.6594,-0.1017,0.1121,-0.001,0.0002,-0.0172,-0.0286,-0.1105,-0.8878,-0.087,-0.0204,0.0258,-0.0187,0.1005,0.059,-0.0362,0.0197,0.0892,-0.0589,-0.2204,-0.0175,0.0416,-0.0061
642,5702,108,6,cycling,0.0469,-0.0058,0.0896,1.0107,-0.0006,0.036,-0.0581,0.0974,0.068,-0.021,-0.5466,-0.1019,-0.5589,0.0809,-0.647,0.027,0.6897,0.0241,-0.1304,-0.0503,-0.0099,-0.0162,-0.0204,-0.6594,-0.1104,0.0247,-0.1199,-0.5975,-0.0002,-0.0067,0.0203,-0.0192,-0.0163,-0.024,0.0556,-0.0253,-0.0085,0.1124,0.7987,-0.0246,0.0258,-0.0061,-0.5782,-0.0001,0.0244,-0.0223,-0.009,-0.0316,-0.0236,-0.0255,0.0266,0.0202,-0.0277,-0.0091
643,5703,108,6,cycling,0.0073,-0.0364,0.0102,1.0887,-0.0467,-0.0554,-0.097,0.0774,-0.5579,-0.0004,-0.068,-0.6085,-0.0258,-0.0082,-0.0099,0.1104,-0.0002,-0.5969,0.0509,-0.5625,-0.5896,0.0184,-0.5797,-0.0342,0.0209,0.0071,0.1307,-0.0226,0.0186,-0.0806,-0.0267,0.0193,-0.0061,0.1191,-0.0181,-0.0195,-0.0092,-0.6577,-0.019,0.9863,0.001,0.0172,0.0088,0.01,-0.6691,0.0094,0.1002,-0.0204,-0.0208,-0.0,-0.0176,0.0062,-0.6875,-0.0277
644,5704,108,6,cycling,2.7584,-0.0055,0.0107,1.669,-0.0583,2.7965,-0.0891,0.0212,0.0464,0.0008,-0.0699,-0.0963,0.036,0.0171,-0.5432,-0.5876,-0.1107,-0.0286,0.0272,0.0189,-0.7088,0.1011,0.001,-0.5795,-0.0367,0.0505,0.0002,0.1304,-0.0809,0.0001,-0.01,-0.5967,-0.0252,0.1126,0.0192,0.6961,-0.0258,-0.0181,0.0062,0.7894,-0.0357,-0.0068,-0.0362,0.0267,0.1197,0.0469,-0.02,-0.008,0.027,-0.0356,-0.1509,0.0186,0.0226,-0.0182
645,5705,108,6,cycling,0.0064,-0.0102,1.6561,-0.0301,0.058,0.0974,0.0862,-0.077,-0.0507,-0.0499,-0.0692,-0.5879,-0.1507,0.0238,-0.0006,-0.5573,0.1124,-0.0078,-0.0167,0.001,0.0002,-0.01,-0.5981,-0.0209,-0.5796,0.1104,-0.0001,0.1194,-0.5475,0.0556,0.0806,0.0227,0.0171,0.1015,-0.0093,-0.0163,-0.0182,0.8988,-0.2164,-0.0195,0.006,-0.0177,0.059,0.0221,-0.0172,0.0083,-0.0187,0.0098,0.0066,0.1304,-0.0313,-0.0068,0.0185,-0.0201
646,5706,108,6,cycling,3.5883,0.0468,-0.0186,1.5902,3.6769,2.7591,0.6597,0.609,4.0885,-0.0956,-0.578,0.6661,-0.0773,-0.0574,-0.8871,-0.79,-0.5581,-0.9977,0.031,-0.8962,-0.0692,0.877,-0.9564,-0.1198,0.1126,-0.9636,0.1014,-0.5421,-0.9872,-0.0652,0.0178,0.0246,0.0507,-0.1305,-0.1507,0.5163,-0.0982,-0.5472,0.1103,-0.0489,-0.0176,-0.5013,-0.1263,0.0005,-0.0204,0.0839,-0.0584,0.0893,0.1494,0.1401,-0.0357,0.1297,0.0137,-0.5281
647,5707,108,6,cycling,0.0775,-0.0093,1.5797,-0.0171,0.026,-0.068,-0.0364,0.0558,-0.0463,0.089,0.1015,-0.5976,-0.0504,0.097,0.0007,-0.541,0.6884,0.1108,-0.5587,0.119,-0.1309,-0.0083,0.6577,-0.0359,-0.0574,-0.0348,0.1124,-0.1506,0.0092,0.0258,0.0277,-0.1009,0.0809,-0.2606,-0.0594,-0.2169,-0.0247,-0.0561,-0.7967,0.001,0.024,-0.0181,0.2304,-0.0349,-0.0365,0.0556,-0.0347,0.0062,-0.0223,-0.0286,0.0209,0.0204,-0.6988,-0.0096
648,5708,108,6,cycling,0.0065,-0.0566,1.0401,0.0783,-0.0871,-0.069,-0.0202,-0.0959,-0.0375,-0.028,0.6072,0.1109,-0.5464,-0.0063,0.0246,-0.5789,-0.0003,0.5898,-0.7082,-0.1506,-0.0803,-0.1011,0.2161,0.1121,-0.6884,0.1309,0.2309,-0.6978,-0.0222,-0.0509,-0.1198,-0.5574,0.0073,-0.0247,0.0209,0.0185,-0.0161,-0.0267,0.7793,-0.0097,-0.2603,-0.0976,0.0096,-0.0204,-0.2209,0.8881,0.0241,-0.0276,0.0208,-0.0286,-0.0357,0.0094,-0.0567,-0.0221
649,5709,108,6,cycling,3.0062,-0.0783,0.046,1.0102,2.5885,3.6768,4.6563,0.7955,-0.6489,-1.0982,-0.5978,-0.0697,-0.5635,0.7561,-0.0573,0.7798,0.6687,-0.547,-0.9569,-0.088,0.8893,-0.1124,-0.5799,0.763,-1.1194,0.9433,-0.4242,-0.8415,0.0672,-0.7432,-0.0704,-0.1018,0.0006,0.0091,-0.034,-0.0896,0.0405,-0.009,-0.1308,-0.0081,-0.0803,-0.0365,-0.1105,0.0872,-0.0061,0.0571,0.1505,-0.0041,-0.0792,-0.0367,-0.0123,0.0186,-0.0277,-0.0348
650,5710,108,6,cycling,0.0083,0.0106,-0.0594,1.0786,0.028,0.086,0.0984,-0.0348,-0.0064,-0.0461,0.0165,-0.0375,0.0005,-0.0503,0.0167,-0.5578,0.0001,-0.5885,-0.0359,0.0807,0.0002,-0.5788,-0.1304,-0.0054,0.0197,-0.0056,0.007,0.0176,-0.01,-0.0079,-0.02,-0.024,-0.001,-0.0206,0.7791,-0.0,0.0244,0.0252,-0.0563,0.1103,-0.0181,-0.0073,-0.0235,-0.0059,0.0087,-0.0223,0.9599,-0.8968,0.0174,-0.0198,0.0093,-0.0071,-0.0066,0.0201
651,5711,108,6,cycling,0.0698,-0.0955,1.6082,2.5793,3.5856,-0.0108,-0.0594,0.0781,0.0061,-0.6869,-0.0475,0.0399,-0.0215,-0.7765,-0.0509,-0.1308,-0.0348,-0.547,-0.6662,-0.1011,-0.8076,0.5967,0.1503,0.1003,-0.649,-0.0357,0.7897,0.024,-0.1108,-0.0079,-0.0172,0.0887,-0.0773,-0.0246,0.0084,-0.0191,-0.0563,0.0074,-0.1192,-0.0807,-0.0092,0.0186,0.0085,0.0252,0.0201,-0.0003,0.0188,0.0171,-0.0206,0.0001,-0.0277,0.0107,-0.001,0.0241
652,5712,108,6,cycling,-0.087,0.07,1.0178,2.5876,0.038,-0.0655,-0.0554,-0.0434,0.6083,-0.0966,0.6482,-0.7795,0.025,0.5968,0.8863,0.0267,0.5775,-0.6791,-0.8974,-0.1122,-0.0342,0.0807,-0.5619,0.9962,-0.1309,0.1015,0.0004,-0.6587,-0.1002,-0.1102,0.7345,-0.1195,0.9769,-0.0198,0.0505,-0.2303,0.0871,-0.0473,-0.0357,0.7972,0.8411,-0.1509,0.2509,0.0241,-0.0181,0.0413,-0.2202,0.0203,0.1285,-0.0961,-0.0204,-0.0193,-0.0096,-0.2253
653,5713,108,6,cycling,0.0962,-0.066,0.0157,1.0856,-0.0082,0.0499,-0.0007,-0.0227,0.0791,-0.0574,-0.5963,-0.0375,0.1307,-0.021,-0.0076,-0.0509,-0.0054,-0.0001,-0.0803,-0.6985,-0.588,-0.0002,-0.0065,-0.001,-0.0079,0.0221,-0.0072,-0.0078,-0.01,-0.0,-0.0064,0.1017,0.1121,0.6695,-0.1197,-0.5567,-0.0226,0.1105,0.1008,-0.1503,-0.02,-0.7084,-0.035,0.0168,-0.0209,0.0238,-0.0086,0.9861,0.0177,-0.019,-0.0094,-0.0093,-0.0187,-0.0192
654,5714,108,6,cycling,0.0569,-0.0464,1.6681,-0.0871,0.0187,-0.008,-0.077,-0.0692,0.0216,-0.0972,-0.5793,-0.0086,-0.0004,0.036,0.5874,-0.0258,-0.0508,-0.5415,0.6582,-0.5973,-0.1303,0.6784,-0.1018,0.0335,0.5556,-0.7775,0.1124,-0.0179,-0.0063,0.1506,-0.0562,0.7898,-0.0806,-0.1192,-0.2309,0.0244,0.1009,0.0348,-0.0367,-0.0191,-0.0002,-0.0203,0.0168,-0.0246,-0.0416,-0.0095,0.0001,-0.0437,0.059,-0.0196,0.0099,-0.01,-0.0223,-0.2202
655,5715,108,6,cycling,0.0301,0.0795,-0.0073,0.0566,0.0876,1.6784,0.0983,-0.586,-0.0475,-0.0213,-0.0007,-0.0693,-0.5564,-0.0507,-0.1014,0.7092,-0.0803,-0.0348,-0.2165,-0.5761,-0.5469,0.1198,0.7797,-0.6862,-0.0357,0.1124,-0.0267,-0.0367,-0.7872,-0.6587,-0.0365,-0.0085,0.0196,-0.0179,-0.0272,0.567,0.0204,-0.0098,-0.0563,-0.0181,-0.0089,-0.0001,-0.0206,0.0283,0.5971,0.0252,-0.0347,-0.0036,-0.0191,0.0002,0.024,0.009,-0.0188,-0.1105
656,5716,108,6,cycling,0.0593,-0.0463,-0.0976,-0.008,1.0102,-0.0764,0.0301,0.0877,0.5974,0.5861,-0.579,-0.066,0.0009,0.657,-0.6696,-0.0505,-0.5569,0.0302,-0.0246,0.0809,0.0073,-0.0252,-0.1503,0.0872,0.0208,0.0189,0.0191,-0.0335,-0.6897,-0.0054,-0.0056,-0.6785,0.0171,-0.0204,0.01,-0.0002,0.8862,-0.0184,-0.0267,-0.0286,-0.0081,-0.0001,0.1017,0.9995,-0.02,0.0179,-0.7883,-0.1124,-0.1304,-0.0087,-0.0226,0.1003,0.0238,0.0209
657,5717,108,6,cycling,0.0064,-0.0187,0.026,-0.0462,-0.0555,-0.0399,1.0791,-0.0007,-0.0854,0.0697,-0.0969,-0.579,0.5863,0.6692,0.0061,0.0509,-0.1307,0.1124,0.0593,-0.0362,0.1196,0.1012,-0.0247,-0.0252,0.008,0.1106,-0.6577,0.5972,-0.0001,-0.5637,0.0806,-0.024,-0.0079,-0.0356,-0.0335,-0.0085,0.0236,-0.0083,0.01,0.7568,-0.0223,-0.0354,0.0206,-0.0429,-0.0081,0.0002,-0.0188,-0.6776,0.001,-0.0227,0.0084,0.0226,-0.0,0.0266
658,5718,108,6,cycling,0.0165,0.0093,-0.0327,1.6664,0.0879,-0.0778,0.0956,0.0559,0.028,-0.046,0.024,0.0655,0.1015,0.1191,0.0007,-0.0173,0.5861,-0.0803,-0.0335,0.0002,-0.6786,0.0507,-0.0367,-0.1306,-0.0157,-0.1509,-0.5432,-0.1106,0.0195,0.1005,0.01,-0.0572,0.0162,0.7063,-0.2303,-0.0286,0.9899,0.0203,0.0294,0.0788,0.2162,-0.0001,0.0084,-0.0082,-0.0347,-0.0096,-0.0357,0.0597,-0.0332,-0.009,0.0589,0.0181,0.0194,-0.0092
659,5719,108,6,cycling,0.0076,-0.077,1.5573,-0.0109,-0.0595,-0.0694,0.0464,0.0867,0.0317,-0.0079,0.0267,-0.025,0.0003,-0.5411,-0.5862,0.0232,0.0266,-0.0509,0.0065,0.0084,-0.0166,0.0255,0.0002,0.024,0.0189,-0.0267,0.1012,0.6077,-0.0063,0.0263,-0.6956,-0.0247,-0.001,-0.0244,-0.0083,-0.0081,-0.01,-0.5982,0.9991,-0.0001,-0.0161,0.0196,-0.1306,-0.579,-0.7578,0.0097,0.0187,-0.6892,-0.0238,0.8086,0.0204,0.0017,0.0085,-0.0046
660,5720,108,6,cycling,0.0592,0.0073,-0.0182,1.0862,-0.0972,-0.026,0.0007,0.0504,0.0465,-0.0375,-0.0774,-0.0693,0.0002,0.0076,0.0244,0.6695,0.119,-0.5464,-0.1102,0.5586,0.0059,-0.5799,-0.0078,0.0204,0.7081,-0.1126,-0.5623,0.0061,-0.024,0.5879,-0.0286,0.1309,-0.7768,-0.0597,0.8069,0.0085,-0.0267,0.0226,0.001,0.1506,0.0806,-0.1002,0.0418,-0.0587,-0.2207,0.0228,-0.019,0.1015,0.0258,0.0771,-0.0266,-0.8863,0.0191,0.0096
661,5721,108,6,cycling,0.0082,-0.0108,1.0693,0.0467,0.0772,-0.026,-0.0959,-0.0597,0.038,0.0002,-0.0054,0.0809,0.001,0.0009,0.1194,0.0508,0.6562,-0.0191,0.0184,-0.027,0.1014,0.1106,-0.0001,0.0235,-0.0181,0.5785,-0.6958,-0.0086,0.0166,-0.01,-0.0221,-0.7576,0.647,-0.0187,-0.0277,-0.0204,0.019,0.5583,0.0267,-0.0188,-0.0089,-0.7978,-0.0342,-0.0348,-0.0156,0.0063,-0.0237,0.0071,-0.0335,-0.0194,-0.0195,0.7792,-0.0161,-0.0073
662,5722,108,6,cycling,-0.0375,0.0077,1.0908,-0.0173,0.059,-0.0008,-0.0212,-0.0063,0.0772,0.047,0.0207,-0.0277,-0.066,-0.024,-0.0001,-0.5464,-0.6774,0.0508,-0.01,0.1198,-0.1012,0.001,-0.0238,-0.5856,-0.0002,0.0241,-0.0247,0.1102,0.0576,-0.6981,0.1008,-0.5584,0.0201,-0.0232,-0.1122,0.0171,-0.0244,0.0185,0.7966,0.1506,-0.02,-0.1307,0.0068,-0.658,-0.5987,0.0062,-0.0093,-0.0375,0.0083,0.0082,-0.5789,-0.0806,-0.0086,0.0258
663,5723,108,6,cycling,0.0,0.0874,-0.0109,1.6064,2.6897,3.598,0.0091,4.0793,-0.0584,-0.5579,-0.0212,-0.0425,0.6777,-0.563,-0.0375,0.1199,-0.0696,0.1309,-0.7082,0.5898,0.0008,-0.6592,-0.1015,-0.8881,-0.0507,-0.1006,-0.0332,-0.6676,-0.2164,-0.5794,0.0208,-0.1108,0.0244,-0.542,-0.1506,-0.0171,0.7872,0.1124,0.0862,0.0089,-0.6345,-0.2507,-0.0573,0.2604,0.0257,-0.0899,0.0783,0.1261,-0.089,-0.8569,-0.0557,0.0087,-0.0081,-0.0226
664,5724,108,6,cycling,0.0557,-0.0461,0.0079,-0.0155,0.089,0.0694,1.6777,0.025,-0.0364,-0.0006,0.0984,-0.0797,-0.0002,0.5499,0.027,-0.0093,-0.5971,-0.0509,-0.5614,-0.0348,0.0807,-0.0182,-0.001,0.7569,-0.0062,-0.1009,-0.6589,-0.1015,0.1127,0.5896,-0.006,0.1303,-0.1505,-0.7088,0.6881,-0.01,0.8092,-0.0174,-0.0277,0.0001,-0.0178,-0.0354,-0.0353,0.0227,0.1104,0.0866,-0.024,-0.0563,-0.0586,-0.0576,-0.1198,-0.0206,-0.0198,0.2161
665,5725,108,6,cycling,0.086,-0.0557,0.0691,-0.0464,0.0188,0.038,0.0079,-0.0965,-0.0173,1.5874,0.0007,-0.0789,-0.597,-0.0335,-0.0286,-0.0219,0.0163,0.0082,0.0806,-0.5468,-0.0161,-0.5576,0.6794,0.0235,-0.0169,0.0508,0.0084,0.01,0.9895,-0.0342,-0.1307,-0.0352,-0.1199,-0.0001,0.024,0.0226,-0.001,0.0062,0.0238,0.009,0.0085,-0.1017,-0.0196,-0.0156,-0.0267,-0.02,-0.0287,-0.0587,-0.0283,-0.1006,0.0255,0.0227,-0.0197,-0.0002
666,5726,108,6,cycling,0.0,-0.0767,0.0076,1.0465,-0.056,0.0103,0.023,0.0854,-0.0963,0.068,-0.0504,0.5589,0.0008,-0.5761,-0.1304,-0.5966,-0.024,-0.0807,-0.0208,-0.1019,0.0206,0.1122,-0.0575,0.6974,-0.7781,-0.1192,-0.0197,-0.5856,0.001,-0.01,-0.2167,-0.1509,0.1105,-0.7087,-0.6491,0.0072,-0.0073,0.0088,-0.0365,0.0896,-0.0002,0.0185,-0.1006,0.0882,0.0203,0.9862,0.0235,-0.043,-0.0093,-0.6871,0.0192,0.0267,-0.2207,-0.0247
667,5727,108,6,cycling,-0.0059,0.0173,1.0467,-0.0581,-0.0006,0.0375,0.0791,-0.028,0.0697,0.0863,-0.0962,-0.587,-0.1196,-0.0095,-0.5794,-0.0084,0.5565,0.0505,0.1305,-0.5464,0.1504,-0.0172,-0.1004,0.0179,-0.5699,-0.0806,-0.6661,0.1102,-0.2162,-0.7876,0.0258,-0.0354,-0.7789,-0.696,0.0774,-0.0168,0.0002,0.0247,-0.0087,0.0096,-0.0598,0.0586,0.0252,0.0266,0.0182,0.0267,-0.001,-0.1015,-0.0171,0.019,0.1127,0.0183,0.0001,-0.2606
668,5728,108,6,cycling,0.0862,0.006,-0.0434,1.0693,-0.0173,-0.0399,0.077,0.0958,-0.0556,-0.1196,-0.028,0.0006,-0.6582,0.1127,-0.1102,0.1307,0.0209,0.0804,-0.0505,0.0247,-0.5467,-0.0206,-0.6675,0.5584,-0.5987,-0.0091,0.0258,0.024,-0.0226,-0.001,-0.2164,0.6488,0.5786,-0.1006,-0.0002,0.0233,-0.0061,0.0179,0.0246,0.0221,-0.0267,-0.01,-0.1014,0.0078,0.0077,0.6876,-0.0074,0.0255,-0.0228,0.0069,-0.0425,-0.0252,0.0,-0.0181
669,5729,108,6,cycling,0.0082,-0.0102,0.0463,-0.0861,1.6597,0.0793,-0.5572,0.0554,0.0956,-0.0691,-0.0375,-0.0506,0.1196,0.5878,-0.0809,-0.0003,0.0209,-0.0286,0.1019,0.6776,-0.006,-0.6971,-0.0247,-0.0246,-0.0164,-0.0159,0.0206,0.0568,-0.1106,-0.6686,-0.001,0.1127,0.7081,0.5783,-0.0196,0.0235,0.1309,-0.0001,0.0002,-0.0089,-0.2608,0.059,-0.0084,-0.0088,0.008,-0.0194,0.0079,0.0098,-0.01,-0.1506,-0.0077,-0.0247,0.0573,0.0892
670,5730,108,6,cycling,0.0,-0.0895,0.0073,-0.078,1.5862,-0.066,0.021,-0.0159,0.0554,-0.0313,-0.0468,-0.659,-0.0977,0.0007,0.6485,0.7592,0.1102,-0.0096,0.0272,0.1308,0.6788,-0.0505,0.0071,-0.119,-0.0091,0.5784,-0.0362,-0.557,-0.0079,-0.5699,-0.0247,-0.0083,-0.0002,-0.0807,0.1003,-0.101,-0.1503,-0.0593,-0.0238,0.001,0.01,-0.027,0.6976,-0.0098,-0.0227,-0.8966,0.2166,0.2308,-0.2602,0.2509,0.0061,-0.1124,0.0206,-0.0878
671,5731,108,6,cycling,0.0475,-0.0863,1.7087,-0.0971,2.6568,0.0796,0.0092,-0.056,3.8903,-0.0186,0.0693,0.0006,0.026,0.5862,0.5783,0.1104,-0.1307,-0.024,0.598,-0.0267,-0.1012,0.0188,-0.1191,-0.1509,0.1122,-0.5574,0.5464,-0.0362,0.6667,-0.0803,0.2167,-0.2208,-0.0508,-0.563,-0.7984,-0.0351,-0.0405,0.7791,-0.0798,0.089,0.0285,-0.2607,0.0367,0.0573,-0.2309,0.0252,0.9982,-0.2806,-0.0872,-0.0441,-0.1095,-0.2507,-0.0194,-0.0286
672,5732,108,6,cycling,0.0082,-0.0186,1.0961,0.0464,0.0375,0.026,0.0559,-0.0206,0.0697,0.0858,-0.0769,0.0506,-0.0807,0.547,0.1304,-0.1194,-0.0005,-0.6774,-0.1012,-0.5587,-0.5794,-0.0163,0.0204,0.0286,0.1109,0.0209,0.0002,-0.01,-0.0348,0.0084,0.0191,-0.0001,-0.1005,-0.0172,-0.2161,0.0062,-0.6578,-0.6695,0.0221,-0.001,-0.0365,0.0081,-0.0076,0.0096,0.9985,0.0244,-0.5623,-0.0568,-0.0267,0.0079,-0.008,-0.019,-0.0102,0.9877
673,5733,108,6,cycling,0.0077,0.0857,-0.0107,0.0558,1.709,-0.0004,-0.046,0.0206,-0.0984,-0.0211,-0.0375,0.0699,0.1197,0.001,-0.0001,0.6774,-0.0082,-0.1102,0.0506,0.0252,-0.0055,-0.0208,-0.1307,0.0807,0.0197,0.0002,-0.01,0.6589,-0.0204,-0.0246,-0.0266,-0.1004,-0.6956,0.0066,-0.0179,0.0244,0.1122,-0.5978,0.024,0.1504,0.0081,-0.0,-0.038,0.0258,0.0076,-0.0221,0.0792,-0.6487,-0.0255,-0.0091,-0.0083,-0.0203,0.1012,-0.0086
674,5734,108,6,cycling,0.0,-0.0176,0.0558,-0.006,1.0787,0.023,0.0434,0.0893,-0.0313,0.0008,-0.097,0.0655,0.5468,-0.5786,-0.6591,-0.0174,-0.6697,-0.001,-0.0803,-0.0208,0.5961,0.0267,0.0505,0.1122,-0.6484,0.1198,-0.0573,-0.6979,0.1509,-0.0583,-0.1107,0.1306,0.9981,0.1006,-0.1012,-0.01,-0.0162,-0.0337,-0.7567,-0.0788,0.0203,0.008,-0.0172,-0.024,-0.009,0.0226,0.0794,0.0247,-0.0163,-0.0246,-0.0178,0.0266,0.7792,0.0198
675,5735,108,6,cycling,0.0464,-0.0109,1.0862,-0.0055,-0.0317,-0.0597,-0.0212,0.0774,-0.5898,-0.0509,-0.066,-0.1012,-0.0003,0.1109,0.027,-0.577,0.1199,0.6696,0.1508,-0.0335,-0.1129,-0.0063,-0.1307,0.0084,-0.2162,0.024,-0.0359,-0.6979,-0.001,-0.7781,0.0258,0.548,-0.0065,-0.7595,0.6861,0.0437,-0.2608,0.5956,-0.0803,-0.0591,-0.7894,0.0267,-0.0001,0.9989,-0.0347,-0.2503,-0.059,-0.0071,0.1004,-0.0206,-0.0252,0.0586,-0.0072,0.0257
676,5736,108,6,cycling,0.0083,-0.0468,1.596,2.0872,0.0188,-0.0292,3.7957,-0.0556,0.0664,-0.0907,-0.5499,-0.0215,-0.5862,-0.5582,0.1019,0.0509,-0.03,0.0809,-0.0007,-0.6774,0.6696,0.7791,0.8973,-0.6971,0.2169,-0.0374,-0.7085,0.0252,-0.1004,-0.1109,-0.0354,0.0294,-0.0075,0.0247,-0.6587,-0.2309,0.0163,-0.0097,-0.0365,0.989,0.0578,-0.018,0.1126,0.2208,0.1306,0.0241,-0.0353,-0.0895,-0.0561,-0.0277,-0.0886,-0.0087,-0.0794,-0.0226
677,5737,108,6,cycling,3.0874,0.0364,-0.0109,1.0082,0.0466,3.778,2.6957,4.5595,0.0793,0.6081,-0.6583,-0.059,-0.067,-0.9854,-0.7572,0.7984,-0.025,-0.6873,-0.1197,-0.7862,-0.5891,-0.5987,-0.1012,0.7699,-0.9767,0.8892,-0.1127,0.9632,-0.1004,0.6344,-0.8961,0.5614,-0.0506,-0.0684,0.0441,-0.1506,0.0007,-0.0085,0.0806,-0.1103,-0.0348,0.0594,0.0086,-0.0374,0.1303,0.0571,0.0101,0.0082,0.059,-0.2507,-0.0353,-0.1426,-0.0104,-0.2204
678,5738,108,6,cycling,-0.0187,0.006,1.0973,-0.0781,0.0574,0.0217,-0.0317,-0.0209,-0.0465,-0.068,-0.0893,0.001,-0.0172,-0.01,0.0222,0.0007,-0.6784,-0.0199,-0.5861,0.0206,0.0208,-0.1199,0.6694,0.0001,-0.0803,0.1003,-0.5785,0.0207,-0.0286,-0.5955,-0.5675,-0.0179,-0.02,-0.0096,-0.0002,0.8862,-0.6871,0.7082,-0.0098,0.9769,0.0089,0.0509,0.6476,-0.0227,-0.1102,-0.5475,0.0258,0.0091,0.7895,-0.0226,-0.009,-0.0063,0.0247,0.1124
679,5739,108,6,cycling,0.0103,-0.028,1.0764,0.0094,0.0983,-0.0859,0.0462,-0.0585,-0.0003,-0.0693,-0.001,-0.0503,-0.0804,-0.0244,-0.6086,-0.5897,0.0002,0.0208,0.6563,-0.5573,-0.5788,0.0195,-0.1507,0.0252,0.1018,-0.0267,-0.1304,-0.567,0.0196,-0.0286,0.6791,-0.0247,-0.0079,0.6872,0.1198,-0.0192,0.0069,-0.019,0.9861,-0.0001,-0.5464,0.1108,0.7766,0.0071,0.0437,-0.01,-0.0074,-0.0335,-0.0575,0.0084,-0.1008,-0.1124,-0.0078,-0.0223
680,5740,108,6,cycling,0.0104,-0.0797,1.5874,-0.0577,0.0971,-0.0096,-0.0879,-0.0655,0.0399,-0.028,0.0159,0.0503,-0.0006,0.0002,-0.6573,0.669,-0.0809,0.577,0.6468,-0.0193,0.1126,0.1017,-0.0354,-0.0258,-0.0355,0.0286,-0.0062,0.0161,0.0001,0.1198,0.1105,-0.6072,0.0163,-0.0226,-0.0569,-0.2164,0.0266,-0.5432,-0.001,-0.0167,-0.0244,0.1304,0.0198,0.0181,-0.0195,0.1502,-0.1002,-0.0187,-0.7856,0.0206,0.0208,0.0255,-0.01,0.0782
681,5741,108,6,cycling,0.0,0.05,-0.0157,1.5863,0.0467,0.0313,-0.0697,-0.0959,-0.0781,-0.5573,0.0884,0.0803,0.0004,-0.0224,0.0209,-0.6065,0.1505,0.0509,0.1004,-0.0076,0.1192,-0.6874,-0.7779,-0.7591,-0.7894,-0.5445,-0.0162,-0.7087,0.1018,-0.1106,0.0266,0.0561,-0.1124,-0.0789,-0.8093,0.0247,0.9988,0.0241,-0.2161,0.6986,-0.0056,0.024,0.0085,-0.0353,0.019,-0.0204,0.001,-0.0092,-0.2604,-0.0365,-0.0171,-0.6483,-0.0469,0.0258
682,5742,108,6,cycling,0.086,-0.0564,0.0184,0.0904,1.5568,0.0073,0.0224,-0.031,0.0787,-0.067,0.0803,-0.0004,0.0002,-0.001,-0.01,-0.5789,-0.1019,-0.0505,0.7783,0.0001,-0.5865,-0.1197,0.5967,-0.0078,0.0247,-0.0208,0.1102,-0.5635,0.7598,-0.0267,-0.1122,0.0257,0.0785,0.1004,-0.1505,0.1307,-0.0061,-0.0174,-0.0099,0.0062,-0.0244,0.6671,0.0204,-0.02,-0.0286,-0.0181,-0.0186,-0.6988,-0.04,-0.0365,0.0439,-0.2602,-0.0776,-0.7963
683,5743,108,6,cycling,0.0176,-0.0059,1.0862,-0.0699,0.0794,-0.0463,-0.0556,-0.5787,0.0972,-0.0212,-0.1019,-0.0509,0.0092,-0.0313,-0.6786,-0.1305,0.0809,0.5571,0.6493,0.7083,0.5878,-0.0008,-0.1505,0.0065,-0.0354,0.0198,0.1103,0.7974,0.8054,-0.6085,-0.0359,0.1195,-0.0096,-0.0349,-0.0353,-0.0082,-0.1124,-0.0277,-0.0352,0.779,-0.2164,-0.0189,-0.0191,-0.0365,-0.0357,0.001,0.0238,0.0226,-0.0773,-0.0075,-0.0188,-0.0084,-0.0597,-0.0247
684,5744,108,6,cycling,0.0,0.0164,-0.026,1.5592,-0.0058,0.0893,0.0968,-0.038,0.0691,0.0783,0.0561,0.0434,-0.0007,-0.0807,0.5475,-0.1102,-0.1197,-0.0362,0.0505,-0.6798,-0.0246,-0.6577,0.1122,0.6679,0.2164,0.1006,-0.1503,0.8859,0.2209,0.1307,-0.0252,-0.0348,0.0885,0.0263,-0.0335,-0.0087,0.0969,0.0295,0.0415,0.5699,-0.0247,0.0294,-0.1011,0.0253,-0.059,-0.0778,0.0182,0.0203,-0.0173,-0.5797,-0.0089,-0.0367,-0.0781,-0.0258
685,5745,108,6,cycling,0.0573,0.0967,-0.0191,1.0694,-0.0079,0.037,-0.0775,-0.0861,-0.5976,0.0499,-0.0509,-0.0807,0.021,-0.101,-0.0007,-0.5586,0.0208,-0.546,0.1108,-0.5856,-0.0085,0.0221,-0.1509,0.1309,-0.0172,-0.6577,0.6696,0.5797,0.1127,-0.8074,0.1191,0.0247,0.0286,-0.0365,-0.0593,-0.0187,-0.0357,-0.0162,0.6981,0.6864,0.1005,-0.0294,-0.01,-0.0277,-0.0001,-0.0463,-0.009,-0.0226,0.0253,0.0084,-0.2203,-0.0188,-0.0205,0.0203
686,5746,108,6,cycling,-0.0107,0.0093,1.0583,0.0213,-0.0957,0.066,0.0475,-0.0861,-0.038,0.001,-0.0009,0.0002,-0.0507,-0.5898,-0.0807,0.0001,-0.5965,0.547,0.0084,0.1102,0.5582,-0.6486,-0.0081,-0.1122,0.6697,0.0076,-0.5645,-0.0348,-0.0073,0.6789,-0.0078,-0.0095,-0.0194,0.0096,0.0072,0.0258,0.01,-0.0187,-0.0266,-0.689,0.6988,0.0177,0.7963,0.1509,-0.0199,0.0266,0.0241,-0.0192,0.0,0.0103,-0.0585,0.0104,-0.0425,0.0238
687,5747,108,6,cycling,0.0862,-0.0564,1.0054,2.0182,3.798,-0.0792,0.037,0.0467,0.5898,-0.0693,-0.7591,-0.0957,-0.7895,-0.6974,-0.0405,-0.0367,-0.1196,-0.5987,-0.0506,-0.6094,0.1307,0.1014,-0.0008,-0.5589,0.0224,0.1504,0.6897,-0.7796,0.0183,-0.564,-0.8876,-0.6586,0.0208,-0.6399,0.0171,-0.6681,0.0267,-0.0084,0.0246,-0.089,0.1103,-0.0761,-0.0972,-0.0803,-0.1127,-0.0773,0.0585,-0.1002,-0.0457,0.0353,-0.0447,0.0971,0.0205,0.0908
688,5748,108,6,cycling,2.6906,-0.0108,0.0584,1.0099,-0.0464,0.0977,0.0252,0.036,-0.028,0.0782,-0.6586,-0.5866,-0.0008,0.6787,0.577,0.1309,-0.0809,0.1015,0.0173,-0.0367,0.5578,0.1192,0.1009,-0.0076,-0.5972,0.0507,-0.0197,0.0094,0.0247,0.7981,-0.5475,0.5645,0.0562,-0.0354,-0.0352,0.0093,-0.01,-0.1102,-0.001,-0.0191,0.8874,-0.0563,0.0209,0.0592,-0.1126,0.0257,-0.0161,0.689,-0.0365,0.0871,-0.1503,-0.0246,-0.0089,-0.2164
689,5749,108,6,cycling,0.038,-0.0082,-0.0186,1.6492,0.0006,0.0561,0.026,0.0467,-0.0971,-0.0675,-0.0789,0.0267,-0.0883,-0.5475,-0.5594,0.0277,0.0252,-0.0349,-0.0199,-0.0091,-0.5784,-0.0276,0.0578,-0.0367,0.5874,-0.657,-0.0226,0.0508,0.0236,0.0195,-0.562,0.0238,-0.0162,-0.669,0.0196,0.9879,0.0235,0.0093,-0.0272,0.5973,0.1197,-0.0169,-0.0077,-0.0088,0.1018,-0.0204,0.0181,0.0097,0.0087,0.01,0.0206,-0.1102,-0.0002,-0.0563
690,5750,108,6,cycling,2.6595,-0.0187,0.0957,1.7962,2.5876,-0.008,-0.0799,-0.6489,0.0593,-0.0321,0.0469,-0.066,-0.0861,-0.0217,0.0009,-0.7074,0.0504,0.5416,-0.1303,-0.6692,-0.7573,-0.5614,0.1004,0.0441,0.8863,0.6786,-0.7868,-0.2164,-0.0583,-0.5971,0.119,-0.2308,0.9894,-0.0342,-0.1124,-0.0473,0.5581,0.9718,-0.0891,-0.1509,-0.0585,0.7796,-0.0489,0.0204,-0.0803,0.0348,-0.1019,0.0283,-0.0267,-0.0365,0.0084,-0.0065,0.0082,-0.0972
691,5751,108,6,cycling,0.0783,-0.0563,0.0064,1.5969,-0.0187,-0.0217,0.0892,-0.043,-0.0399,0.0257,-0.0008,0.068,0.0965,-0.0509,-0.0162,-0.5785,-0.0175,0.0804,-0.01,0.1308,0.001,-0.0095,0.1109,0.0188,-0.0001,-0.0078,-0.0191,0.1196,-0.5571,-0.0172,-0.0161,0.0058,-0.0002,0.0209,0.0283,0.7798,0.1122,-0.0246,0.0266,0.0067,-0.6881,-0.0079,-0.6054,-0.017,-0.0076,0.0093,0.0584,0.9766,-0.0267,-0.101,-0.019,0.0247,-0.0082,0.0241
692,5752,108,6,cycling,0.0863,-0.03,1.0558,-0.0791,-0.047,-0.0171,0.0966,-0.021,-0.0699,-0.556,-0.579,-0.0509,-0.1198,-0.1102,-0.7594,0.027,-0.0803,-0.0335,0.5469,-0.0267,0.0302,-0.5978,-0.0361,-0.0156,-0.1124,-0.6462,-0.0362,0.0004,0.0889,-0.0357,-0.1306,0.0253,0.1014,0.0204,0.8083,0.6792,0.0208,0.1507,-0.0879,0.0265,0.0984,-0.2165,0.1008,-0.7797,-0.0209,0.0861,-0.6588,-0.6874,0.2209,0.0896,-0.0976,0.0283,0.0582,0.0365
693,5753,108,6,cycling,0.0798,-0.0106,0.0577,-0.0058,1.608,0.0897,-0.033,0.0475,-0.0005,-0.0215,-0.0971,0.0503,-0.5965,0.0806,0.0286,0.5569,-0.6462,0.1014,0.6894,-0.1194,0.0161,-0.0002,-0.0063,0.001,-0.6782,-0.0362,-0.5699,0.1509,-0.7085,0.1122,-0.0088,-0.5795,-0.0074,0.0172,0.0084,-0.0277,0.0266,-0.0246,-0.7866,0.0093,-0.1307,-0.0054,-0.1107,-0.009,0.0187,-0.0001,-0.0586,0.0083,-0.01,-0.2164,-0.0327,-0.0227,-0.0181,0.02
694,5754,108,6,cycling,0.0554,0.0062,-0.0885,0.0181,-0.0986,1.5799,0.0691,-0.026,-0.0313,-0.0434,-0.0174,-0.079,0.0184,0.0159,-0.0505,0.0003,0.0002,0.0208,-0.0001,-0.0258,-0.01,0.024,-0.001,0.7788,-0.6478,0.0258,-0.1019,-0.0277,-0.6561,-0.0348,0.0082,0.6692,-0.7094,-0.5572,-0.5889,-0.1308,-0.0071,-0.0238,-0.7597,0.688,-0.0087,0.0098,0.0195,-0.0063,-0.0267,-0.0253,-0.1105,0.0252,0.0079,0.0167,0.0263,-0.0173,0.0226,0.0201
695,5755,108,6,cycling,0.0562,0.0877,-0.0102,1.0906,-0.0083,-0.036,-0.0007,0.0412,0.0786,0.0187,0.0055,-0.001,0.6782,-0.6478,-0.0173,0.1303,-0.5966,0.0504,-0.0809,-0.547,-0.6971,-0.1194,-0.0002,-0.0204,0.0192,-0.759,-0.0362,-0.5885,-0.01,-0.5781,0.1006,-0.0079,0.888,0.1124,0.6896,0.0001,-0.0174,0.0206,0.1017,0.0238,-0.0072,0.0208,0.0156,0.0595,-0.0165,-0.0091,-0.0348,-0.02,0.0176,-0.0313,0.0258,0.0237,0.0246,-0.0063
696,5756,108,6,cycling,-0.0173,0.0091,1.047,0.0655,-0.028,-0.0575,-0.0364,0.0856,0.0506,0.0783,-0.096,-0.0008,-0.5763,0.1507,-0.5465,0.6694,-0.1198,0.1304,0.0809,0.6859,-0.0335,-0.1126,-0.0595,-0.5876,-0.6962,0.1015,-0.2609,-0.0473,0.1005,0.2202,-0.0167,0.8877,-0.2806,0.7984,0.2508,-0.0174,0.0193,0.0197,-0.0098,-0.0787,0.0892,-0.0204,0.0206,0.0236,-0.0349,0.2166,-0.0085,0.0266,0.1107,0.0267,-0.0796,-0.0001,0.0252,-0.0367
697,5757,108,6,cycling,-0.0103,0.008,-0.0006,-0.026,-0.0563,1.0787,0.0976,-0.0872,0.0002,-0.047,-0.0693,0.001,0.01,-0.0095,-0.0055,-0.5475,0.0508,-0.0222,0.0,-0.6496,-0.0001,0.0227,-0.5784,-0.0166,0.0206,-0.0809,-0.5873,0.1014,0.6582,-0.5635,-0.0194,-0.0099,0.019,0.0077,0.1304,0.119,-0.0335,0.6783,-0.0085,0.1127,-0.0266,-0.0286,0.8974,0.0235,0.0197,-0.0069,-0.0059,0.0061,-0.0091,0.0192,-0.0062,0.0179,-0.0181,0.0188
698,5758,108,6,cycling,-0.0792,0.0162,1.0886,-0.0091,-0.0461,-0.0597,-0.0972,0.0655,-0.0221,-0.038,0.5967,0.5783,0.0212,0.0009,-0.1012,-0.6087,-0.6469,-0.0203,-0.5465,0.0079,-0.1103,-0.1197,-0.5884,-0.2167,-0.7068,0.1005,-0.0226,-0.0505,-0.1509,0.0898,-0.0095,0.0244,-0.001,-0.0806,0.0166,0.0002,-0.2309,-0.1124,-0.7573,-0.0367,0.0236,0.7899,-0.0074,0.059,0.1308,-0.0276,-0.8863,0.0205,-0.0985,-0.0196,-0.0181,0.8976,-0.7794,-0.0156
699,5759,108,6,cycling,-0.0083,0.0187,1.5976,2.048,0.0863,0.0211,0.0786,-0.067,0.031,0.0964,-0.0554,0.0195,-0.0505,-0.0008,-0.6562,0.001,0.0806,0.0204,-0.5781,-0.5594,-0.0171,-0.0359,-0.1194,0.0247,-0.0184,0.0001,0.0002,0.0246,-0.0221,0.01,0.0,0.02,0.1305,-0.6898,0.0079,-0.0173,-0.0156,-0.0096,0.7774,0.0097,0.7567,0.1102,-0.0188,0.5892,-0.1506,0.0169,0.0093,-0.0191,0.0226,-0.6061,0.0172,-0.0102,-0.0235,-0.0099
700,5760,108,6,cycling,-0.0558,0.0109,-0.0461,1.6564,0.0063,-0.038,-0.0856,0.0212,-0.5587,-0.0106,-0.077,-0.0509,0.0088,-0.0008,-0.5969,0.1192,-0.0002,-0.001,-0.0154,0.0197,-0.0221,0.0068,-0.0807,-0.6681,-0.0246,-0.0246,0.9871,-0.0258,0.0001,-0.0247,0.01,0.0082,-0.1015,0.0226,-0.0192,-0.009,0.0076,-0.0086,0.0232,-0.0074,0.0175,0.0229,-0.0178,0.0079,-0.6785,0.0083,0.0191,-0.7799,-0.0084,-0.0196,0.1303,-0.0173,-0.0194,-0.0162
701,5761,108,6,cycling,0.0065,0.0104,-0.0692,1.0585,-0.0958,-0.0874,0.0364,0.0252,0.0797,0.0215,0.5961,0.0509,0.6055,0.1507,-0.0354,-0.1199,0.0807,-0.6967,-0.1308,0.1106,0.0004,-0.0187,-0.0166,-0.0367,-0.1011,0.0246,0.777,0.0068,0.001,0.0078,-0.0157,-0.0002,0.01,-0.0188,-0.0276,-0.0193,0.9972,-0.0209,0.0001,-0.0073,-0.008,0.1009,-0.0079,0.024,-0.0162,-0.0163,0.1122,-0.0081,-0.02,0.0226,0.0238,-0.2165,0.0316,0.8907
702,5762,108,6,cycling,0.0972,-0.0164,1.0057,-0.0655,-0.0796,0.038,-0.0556,0.0879,0.5984,-0.0462,0.021,-0.0507,0.0003,-0.1104,0.119,-0.5898,-0.546,-0.0091,-0.6788,-0.1507,-0.1005,-0.7874,-0.1011,0.7085,0.0099,0.0204,-0.6575,-0.6961,-0.7782,0.0773,0.2166,-0.0277,0.0087,-0.0354,-0.0335,0.0886,0.0163,-0.1306,0.0267,-0.0076,0.0244,-0.0367,-0.0189,-0.0166,0.1124,-0.6895,-0.0083,-0.0181,-0.0594,0.0252,-0.2309,-0.0365,0.0258,0.0793
703,5763,108,6,cycling,0.0064,0.0701,-0.0871,1.0475,-0.036,-0.0979,-0.0597,0.0246,-0.068,0.0503,0.0006,0.0217,-0.6769,0.6583,0.0062,0.0809,0.1108,-0.1309,0.1124,-0.1196,-0.6692,0.5974,-0.5784,-0.5699,-0.5876,-0.7788,0.6861,-0.5582,0.1508,0.7854,-0.637,-0.1019,0.0086,0.0798,-0.2504,-0.2607,-0.8972,-0.8545,-0.0891,-0.1281,0.0587,0.0013,0.027,-0.0367,-0.1006,-0.0796,0.2167,-0.019,0.0173,-0.0194,-0.0195,-0.2309,-0.0105,-0.0252
704,5764,108,6,cycling,0.0198,-0.0073,-0.0595,1.0329,-0.0211,0.0783,-0.0974,-0.0007,-0.0692,-0.0467,-0.0863,-0.6672,0.5786,0.6084,-0.6591,-0.1304,0.5897,-0.7077,-0.0503,-0.5414,0.0187,-0.0362,-0.5585,-0.1006,-0.0277,-0.5981,0.0161,-0.5699,-0.0079,0.6882,0.1199,-0.0204,-0.0246,0.1108,0.758,-0.1126,-0.8869,0.0203,-0.2207,-0.0349,0.0209,-0.0357,-0.0348,0.0076,-0.001,-0.0196,0.1012,-0.0894,0.0193,-0.0803,0.0241,0.0002,-0.0162,0.0157
705,5765,108,6,cycling,-0.0105,0.0059,1.6486,0.046,0.0774,0.0884,-0.0693,0.025,-0.0969,-0.5567,-0.0362,-0.5876,-0.0006,-0.0399,0.0203,0.0505,0.0267,0.0072,0.1197,0.1306,-0.0062,-0.027,0.01,0.5797,-0.0258,0.0244,0.6695,-0.567,-0.1108,-0.5475,0.0173,0.1014,0.1127,-0.0807,-0.0238,-0.0002,0.0168,0.7961,0.0252,-0.2605,-0.0063,0.0001,-0.0196,-0.0198,-0.008,-0.0091,0.0,0.0078,0.8881,0.0192,-0.019,0.0583,0.0077,-0.1509
706,5766,108,6,cycling,0.0065,-0.0164,0.0787,1.0893,0.0461,0.0655,0.0974,0.0581,-0.0375,0.0504,-0.5783,0.0009,-0.5967,-0.026,0.0203,-0.0189,0.589,-0.0182,0.0238,0.1109,0.0267,0.0002,-0.01,0.1019,-0.0179,-0.6891,-0.024,-0.1305,0.0186,-0.548,0.0272,0.7794,-0.0241,-0.6956,0.0001,-0.0348,0.0196,-0.0062,-0.001,-0.0255,0.0206,-0.017,0.0599,-0.0252,0.0807,-0.0578,0.1196,0.032,-0.0085,0.0277,0.0184,0.0098,-0.0227,-0.1004
707,5767,108,6,cycling,3.0098,-0.0108,0.0375,0.0655,0.0787,-0.0463,-0.028,-0.059,0.0286,0.096,0.5865,-0.1198,1.7078,-0.0508,0.0008,-0.5761,0.0284,-0.1102,-0.024,-0.1309,0.6664,-0.5968,-0.0097,-0.0156,-0.0258,-0.5445,-0.0799,-0.001,0.0162,-0.1503,-0.0169,0.0807,-0.0002,-0.0081,-0.7788,-0.2202,-0.0001,0.0227,0.0283,0.1124,-0.0347,-0.1014,0.0257,-0.0093,0.0184,-0.0172,-0.1002,-0.0335,-0.0252,0.0073,0.0095,0.2167,-0.0076,0.0
708,5768,108,6,cycling,0.0062,-0.0859,1.0563,0.0191,0.026,0.0664,-0.031,0.0469,0.0957,-0.077,0.0506,0.1012,0.0189,-0.0004,0.0001,0.5466,-0.0161,-0.001,-0.0002,-0.01,0.0207,-0.0201,0.0084,0.1192,0.0,0.5876,-0.0186,-0.1008,-0.0201,-0.6788,0.0055,-0.0208,0.0087,-0.0197,-0.008,0.0235,-0.6577,-0.0206,0.0174,0.9981,0.02,-0.0056,-0.0172,-0.0082,-0.0226,-0.0075,-0.0201,-0.0321,-0.0229,0.0209,-0.0803,-0.0236,0.1105,0.1507
709,5769,108,6,cycling,0.0301,0.0895,-0.0076,1.0593,-0.048,-0.0979,-0.077,0.0699,-0.0224,0.5967,0.646,0.5892,-0.0203,0.1109,-0.6594,-0.0003,0.0504,-0.7584,-0.5413,0.0205,-0.6682,0.0081,0.0209,-0.0577,0.1304,0.1009,0.6891,0.0206,-0.7861,-0.5571,0.0804,0.1198,0.1018,-0.0187,-0.0342,-0.0252,-0.1127,-0.0962,-0.1506,-0.0173,-0.0572,-0.0357,-0.5788,0.0257,-0.0196,-0.0367,0.024,-0.0244,-0.0089,-0.0002,-0.0353,-0.0348,-0.5617,0.9874
710,5770,108,6,cycling,-0.056,0.0109,0.0465,-0.0081,1.0876,0.0699,-0.0773,0.0008,0.021,-0.0174,-0.0375,0.0058,-0.001,-0.0335,0.1011,-0.0155,-0.0078,-0.0001,0.0804,-0.5796,-0.02,-0.0002,0.0505,-0.6979,-0.1195,0.547,-0.01,-0.0267,0.1307,-0.0191,0.0262,0.6877,-0.6661,0.8063,-0.5971,-0.019,0.9764,0.0093,-0.0094,-0.6792,0.0,-0.0185,0.9872,0.8983,0.0258,-0.0087,0.0056,0.0267,0.0584,0.0206,0.0788,-0.0332,-0.0062,-0.0108
711,5771,108,6,cycling,0.0108,-0.0055,-0.0767,-0.0554,0.0973,0.0314,-0.0464,1.6094,0.0693,0.0218,-0.1109,-0.5899,-0.1303,-0.0182,-0.6563,0.0208,-0.0352,0.0008,-0.1019,-0.0354,-0.0509,-0.1196,-0.0096,0.597,0.0079,0.1122,0.0252,-0.1006,-0.0062,0.6984,0.0085,-0.0174,0.0272,-0.0002,0.6661,-0.0001,-0.7556,-0.0809,0.0197,-0.5787,0.0172,0.0238,-0.0091,0.0227,0.0244,-0.0186,0.0592,-0.7895,0.0206,0.0181,0.0083,0.8071,0.0077,0.0228
712,5772,108,6,cycling,0.0103,-0.0086,0.0593,1.0764,0.046,-0.067,-0.0961,-0.0214,-0.0871,0.0504,0.0208,-0.5582,0.6692,-0.6579,0.0331,-0.0806,-0.5985,0.0083,0.1102,-0.1198,-0.6974,0.0003,-0.1308,0.5781,-0.0335,0.1008,-0.548,0.5895,-0.6794,0.2167,-0.0584,-0.0246,-0.0573,0.7899,0.7598,0.0956,0.1124,0.6863,0.0796,0.0077,-0.0587,0.0201,-0.1019,0.0206,-0.0776,0.2202,0.0088,-0.0989,-0.0791,0.0244,-0.2605,0.1062,0.0797,-0.0205
713,5773,108,6,cycling,0.0963,-0.0862,1.0797,3.0054,2.0596,4.5879,-0.6791,-0.0434,-0.0313,-0.066,-0.0157,0.0217,-0.649,0.7082,0.6672,-0.8095,0.6881,-0.6589,-0.7561,-0.6985,-0.0508,-0.1104,-0.7855,0.5635,-0.5974,0.8746,0.8876,-0.0199,0.0803,0.0004,0.0294,0.1309,-0.0593,-0.1129,0.0084,-0.1505,0.0441,0.0198,0.0405,-0.0183,-0.0267,-0.0361,-0.1197,0.2806,0.1005,-0.0186,-0.0102,0.024,-0.0794,0.0246,0.1019,-0.2509,-0.7792,0.1092
714,5774,108,6,cycling,0.0876,0.0182,-0.0959,-0.006,-0.031,1.0571,0.0214,0.078,-0.0466,-0.0086,-0.5467,-0.0008,-0.069,0.1199,-0.0286,-0.0504,-0.0174,-0.0266,0.0185,-0.0062,0.101,-0.01,-0.5591,-0.0199,0.1305,-0.001,0.1002,-0.5864,0.0806,-0.0065,-0.0266,0.8893,0.7972,0.0073,-0.0261,0.0083,0.7775,-0.5787,-0.0277,-0.007,0.0252,-0.0098,0.0255,-0.6961,-0.0002,0.0096,-0.0081,-0.0178,0.0097,-0.0276,0.0,-0.0056,-0.0089,-0.0226
715,5775,108,6,cycling,0.0787,-0.0081,0.0189,1.0858,-0.0554,-0.0008,0.0467,-0.0317,-0.0969,-0.006,-0.5786,0.0506,-0.0195,0.0693,-0.028,-0.0809,0.0238,0.0002,0.0079,0.0171,-0.0001,-0.6683,-0.6499,0.0239,0.001,-0.0247,-0.0,0.0188,0.017,-0.0185,-0.0226,-0.01,0.02,-0.0173,0.0192,0.6884,-0.0172,0.1305,0.0267,0.0178,0.024,0.9894,0.1019,-0.1107,-0.0277,-0.5961,-0.5577,0.0266,0.0232,-0.0221,0.0097,0.0182,0.0261,-0.0562
716,5776,108,6,cycling,0.0,-0.0301,0.0064,1.5789,0.028,-0.0962,0.0791,-0.0584,-0.0505,-0.0867,-0.046,-0.0005,-0.0693,-0.0065,0.0806,-0.0063,-0.0002,-0.5879,-0.0195,0.101,0.5414,0.001,-0.119,0.0073,0.0201,-0.1104,0.1129,0.1009,0.0072,0.6977,-0.7059,-0.0081,-0.5568,-0.0088,0.7871,0.7585,-0.0196,-0.0198,-0.0001,-0.0207,0.0199,-0.0204,0.6694,-0.0238,0.5635,0.0283,0.0174,-0.0227,0.1307,-0.0187,-0.0102,-0.0161,0.0226,-0.009
717,5777,108,6,cycling,0.0799,-0.0064,1.0595,0.0697,-0.036,0.0854,-0.0173,-0.0004,-0.047,-0.0986,-0.0162,-0.6585,-0.1103,0.5794,-0.0213,0.1309,0.1121,-0.6884,0.5974,0.1504,-0.0354,-0.0167,-0.1005,-0.7572,-0.0176,-0.5561,0.0283,0.0238,0.0507,0.0156,0.0284,0.6982,-0.0577,0.119,0.1012,-0.0158,0.0002,-0.001,-0.6687,0.0246,-0.0171,0.0093,0.0294,0.0001,-0.0,-0.0191,0.788,-0.0079,0.0163,0.0588,-0.0469,-0.0189,-0.0054,-0.0098
718,5778,108,6,cycling,-0.0865,0.0694,1.596,-0.0781,-0.0062,0.0976,-0.0171,0.0575,-0.0219,-0.0399,0.0804,-0.0468,-0.0505,0.0004,-0.0187,-0.5785,0.0167,-0.1305,-0.0002,-0.0096,-0.119,-0.1104,0.024,-0.6958,-0.0055,-0.1503,0.7772,-0.568,-0.0091,0.0235,0.1009,0.0186,-0.1017,-0.547,-0.009,0.001,0.0267,-0.0189,-0.0266,-0.0084,-0.0164,-0.7897,0.0204,-0.0246,-0.0095,-0.0163,-0.0238,0.7982,-0.0244,-0.032,-0.0466,-0.0203,-0.01,0.8861
719,5779,108,6,cycling,-0.0593,0.008,1.0983,-0.0182,-0.037,-0.0892,0.0691,-0.0797,0.0469,0.0006,0.023,0.1306,-0.0503,-0.5564,0.0171,0.5789,0.0238,-0.6085,-0.0267,0.6684,-0.1107,0.0002,0.5861,-0.1019,-0.0194,0.0246,-0.0286,-0.0347,-0.0187,0.0258,-0.5421,-0.6598,-0.0172,0.779,-0.0096,0.0099,-0.1509,-0.0257,0.0806,0.5976,0.0563,0.1194,0.0178,-0.5629,-0.0357,-0.001,-0.6873,0.0174,0.0062,-0.0079,0.0001,0.0167,0.0416,0.0088
720,5780,108,6,cycling,0.0301,-0.0862,0.006,-0.0434,1.0554,-0.0796,0.069,0.0976,-0.0218,0.647,-0.0803,-0.5974,0.1127,-0.1196,-0.6856,0.0508,0.1504,0.5584,-0.0286,0.0272,-0.1014,-0.6795,0.0163,0.1102,0.1009,0.0277,-0.6661,0.0003,-0.0252,-0.0359,0.0258,0.1305,-0.0077,-0.5857,-0.2307,-0.2504,0.6599,-0.2204,0.7978,0.1294,-0.0247,-0.0348,-0.0223,-0.0091,-0.0332,-0.0354,0.0893,-0.8898,0.024,-0.0072,0.0982,-0.0335,-0.0204,-0.0302
721,5781,108,6,cycling,2.6484,-0.0865,0.0959,1.0554,2.7563,3.607,-0.0461,-0.5586,4.6601,-0.0073,-0.0697,-0.0796,0.8967,-0.5877,0.6903,0.8088,0.7892,0.5798,-0.6876,-0.0225,0.5629,0.7985,0.1308,0.0208,-0.2162,-0.7438,0.0246,-0.1018,-0.0587,0.0003,-0.0277,-0.1005,-0.0336,0.1104,0.0803,0.1194,-0.0793,0.0599,0.1272,-0.019,-0.2303,-0.0505,0.0862,0.9523,0.0247,0.1283,-0.2607,0.0571,-0.0194,0.0581,-0.0882,-0.2207,-0.2508,-0.0091
722,5782,108,6,cycling,0.0655,-0.0102,0.0791,1.0571,-0.0976,-0.0499,0.0892,0.0058,0.0375,-0.0206,-0.0507,-0.5789,0.0226,-0.0336,0.0286,-0.0003,0.0174,-0.001,-0.0002,0.0207,0.6461,-0.1305,-0.5977,-0.6595,-0.0258,-0.0238,-0.0062,-0.1505,0.0193,0.0197,-0.01,0.0094,-0.0079,0.807,0.0184,-0.0156,0.0235,0.0809,-0.6885,0.0001,0.0083,-0.0182,0.0186,0.0267,-0.0167,-0.024,-0.0208,0.0081,-0.0063,0.0237,-0.0196,0.0173,-0.0172,-0.009
723,5783,108,6,cycling,0.0057,0.0215,-0.0158,1.0775,0.048,-0.0867,-0.0563,-0.036,0.0696,0.119,-0.5961,-0.0955,-0.5499,0.7074,-0.0008,0.6581,-0.0507,-0.1108,-0.6856,0.1508,0.0272,0.7783,0.2307,0.0258,-0.0569,-0.1126,-0.7862,-0.0566,-0.0093,-0.1005,-0.1308,-0.0185,-0.0073,-0.0079,-0.027,0.0276,0.6489,-0.0348,-0.0002,-0.0192,0.0204,-0.001,-0.0367,0.1015,-0.2602,-0.024,-0.01,0.0186,-0.0171,0.0097,-0.0001,-0.0195,-0.0191,-0.0176
724,5784,108,6,cycling,0.0085,-0.0862,1.0692,0.0959,2.0465,3.0188,-0.0594,-0.0375,0.0509,-0.1192,0.0764,-0.1307,-0.0807,-0.0212,-0.586,-0.0003,0.0174,0.1014,-0.5587,-0.5781,-0.6677,-0.1009,-0.2169,0.6861,0.7899,0.7971,0.1503,-0.6783,0.709,-0.5445,-0.018,-0.0203,-0.0095,-0.2309,-0.0172,-0.0267,-0.8969,0.1121,-0.0348,-0.0197,0.7617,-0.5636,-0.1104,-0.732,-0.0063,-0.1293,-0.1484,-0.0252,-0.0586,-0.0365,-0.0191,0.0277,-0.2602,-0.0198
725,5785,108,6,cycling,-0.0782,0.0968,1.0193,3.0556,-0.0083,-0.0891,-0.028,-0.0699,0.0464,-0.6595,2.0375,-0.1108,-0.0005,-0.0508,0.546,-0.0335,-0.6961,-0.5963,-0.6655,-0.7088,0.5879,-0.1194,-0.6797,-0.0184,-0.8972,0.0578,0.1305,-0.2306,-0.579,-0.7434,0.1008,0.0071,-0.2605,-0.0162,0.9896,0.0187,0.0267,-0.1127,-0.0786,-0.1506,-0.0204,0.0192,-0.0873,-0.2503,-0.0794,-0.0985,-0.0348,-0.0177,-0.0357,-0.0081,-0.2166,-0.0804,-0.0362,-0.1018
726,5786,108,6,cycling,0.0157,-0.0782,0.0212,1.5562,0.0083,-0.0399,0.0597,-0.0467,-0.0874,0.0007,-0.097,0.0694,-0.0804,-0.0509,0.5871,-0.1309,0.6496,-0.54,0.1011,-0.0286,0.6959,-0.0187,-0.6563,0.6876,0.6092,-0.0277,-0.0335,0.0348,0.1009,-0.568,0.0267,-0.0355,0.1196,-0.0181,-0.0061,-0.0346,0.1109,-0.0066,-0.1509,-0.0185,0.0247,-0.0175,-0.0365,-0.1127,0.0177,0.0798,-0.01,0.0173,-0.0179,-0.0184,-0.0186,0.024,-0.0578,-0.02
727,5787,108,6,cycling,0.0903,0.0186,-0.0862,1.6957,-0.058,0.047,2.0798,-0.0092,0.0238,0.0664,0.1015,-0.0006,0.026,-0.5894,0.1103,0.0065,-0.5568,0.7787,-0.0509,-0.5413,0.0258,-0.0336,-0.0348,-0.0357,-0.0084,0.1308,0.2163,-0.0076,-0.6695,-0.5699,0.1194,-0.5979,0.2203,0.0071,-0.0252,0.0081,-0.0002,0.0873,0.0255,-0.1126,0.0091,0.679,0.0175,0.0161,-0.0803,-0.0277,-0.0082,0.0267,0.0266,-0.0593,0.0206,0.0097,0.0421,0.0885
728,5788,108,6,cycling,0.0176,-0.048,1.5582,-0.0694,-0.0091,0.0796,-0.0957,-0.0399,-0.0867,-0.0574,0.6587,-0.028,-0.5884,-0.0505,-0.1108,-0.5954,0.0007,0.697,-0.0171,0.0246,-0.0247,-0.101,-0.0807,-0.0349,-0.563,-0.0195,-0.0197,-0.1121,-0.0061,0.6462,-0.1309,-0.0078,-0.0072,-0.6686,0.1195,0.0267,-0.01,-0.0365,-0.0001,0.0002,-0.0085,-0.0098,0.0235,-0.0277,-0.6068,-0.7573,0.7977,0.0063,-0.0093,-0.0203,-0.0276,-0.001,0.0202,-0.02
729,5789,108,6,cycling,0.0198,-0.0062,-0.0007,-0.0585,0.097,-0.021,1.038,-0.0783,-0.0697,-0.0467,-0.089,0.0002,0.0803,-0.0193,-0.596,0.0508,0.024,0.5789,0.0064,-0.5866,-0.6561,-0.6884,0.5592,0.7769,0.001,-0.01,0.0258,-0.0194,-0.0072,-0.1108,-0.1129,-0.0355,-0.5475,-0.0181,-0.0087,-0.0073,-0.1508,0.1012,0.1305,-0.1195,0.2165,-0.0176,0.027,-0.5645,-0.0247,0.0252,-0.0196,-0.0367,-0.0199,-0.0195,0.0078,-0.0191,-0.0204,0.0188
730,5790,108,6,cycling,-0.0162,0.0086,0.0499,1.5577,0.038,-0.089,-0.0597,-0.026,0.0695,-0.0004,-0.0974,-0.0781,0.0509,0.0159,0.0202,0.001,-0.0163,-0.0355,0.5796,0.1195,0.5854,0.1104,0.6789,-0.1121,0.7092,0.0088,0.6884,-0.0078,-0.0165,0.0094,-0.0803,0.0204,-0.0286,-0.0056,0.0001,-0.6483,-0.0585,0.6672,0.0258,-0.1306,0.7573,0.01,-0.02,-0.0,-0.0277,-0.0002,-0.6961,0.0576,-0.0208,0.1015,-0.0182,-0.0347,0.0227,-0.1502
731,5791,108,6,cycling,0.0594,-0.0155,0.069,0.0093,1.6092,-0.038,-0.0871,-0.0963,-0.5787,-0.025,-0.0788,0.0462,0.1192,-0.0362,0.0154,-0.0004,-0.0503,0.6497,0.0574,-0.1504,-0.1108,-0.1008,-0.0286,-0.1014,-0.0806,-0.567,-0.5968,-0.2204,-0.0335,0.0238,0.5861,0.0167,-0.0095,-0.7582,0.001,-0.0181,0.0172,0.9983,-0.7769,-0.1306,-0.0178,0.0186,-0.0184,-0.02,-0.0367,0.6673,0.0598,-0.0185,0.0065,0.0051,-0.2604,-0.0091,-0.2166,-0.0196
732,5792,108,6,cycling,0.0083,-0.0501,1.0876,-0.0764,-0.0963,-0.5571,0.0693,0.0475,-0.0313,0.028,-0.6584,-0.1106,-0.5968,-0.547,0.5795,0.5879,-0.1197,0.6694,-0.6778,-0.0367,0.1309,-0.0804,0.1504,-0.0174,-0.0009,-0.0099,-0.0507,-0.101,0.0892,0.1122,0.8977,-0.1005,-0.2805,-0.0091,-0.016,0.0277,-0.0769,-0.0374,-0.0204,0.0246,-0.0002,0.0188,0.0162,-0.0173,0.9744,0.0185,-0.2305,-0.0335,-0.0208,0.0001,-0.2608,0.2162,-0.0082,-0.2504
733,5793,108,6,cycling,0.0564,-0.0103,1.0871,0.0774,-0.026,0.0083,0.0699,0.0468,0.0003,0.0967,-0.5598,0.548,-0.6961,0.1308,0.1008,-0.1506,-0.5797,-0.5623,0.589,-0.101,-0.0247,0.0252,-0.6578,0.0777,-0.0509,-0.0086,0.0793,-0.0806,-0.0272,0.0185,-0.0088,-0.7594,0.7959,0.0184,-0.0172,0.0244,0.1103,0.7091,-0.1197,-0.0873,0.0082,-0.2204,-0.0596,-0.0367,-0.0286,0.0204,-0.0095,-0.6676,-0.0002,0.0267,-0.0348,-0.0763,0.0581,0.0562
734,5794,108,6,cycling,0.0794,-0.0085,-0.0301,1.0889,0.0591,-0.048,-0.5983,0.0972,-0.5797,0.0675,-0.0217,-0.0507,-0.0803,0.0009,-0.6578,0.1014,-0.6055,-0.6787,-0.1127,-0.119,-0.5636,0.5898,-0.0332,-0.6693,0.0173,-0.2209,-0.1304,-0.0571,-0.0365,-0.6986,-0.0362,-0.797,0.1506,-0.0363,0.7774,-0.2603,0.0204,-0.0357,-0.1102,-0.1254,0.1004,-0.1292,0.0295,-0.0176,-0.6882,-0.0788,0.0205,0.1161,0.0695,-0.0163,-0.0079,0.0962,-0.009,0.6496
735,5795,108,6,cycling,-0.0063,0.0108,1.0364,0.0209,0.0793,-0.0655,0.0554,0.096,-0.0217,0.0469,-0.0507,0.5791,0.0272,-0.0008,-0.1199,0.1105,0.0182,-0.7085,0.0577,0.0272,0.008,-0.1307,-0.5987,-0.001,0.0252,-0.6598,-0.01,-0.0199,-0.0809,0.6672,0.0267,0.0095,0.5884,-0.0578,0.0283,-0.0094,-0.0096,-0.0062,-0.0277,-0.0276,0.0081,-0.0001,-0.0075,-0.0056,-0.0188,-0.0071,-0.027,-0.0227,0.0002,-0.0076,0.6797,0.0238,0.1011,-0.0083
736,5796,108,6,cycling,0.0079,0.0974,-0.0108,-0.078,1.596,0.0462,0.0581,-0.0315,-0.021,-0.0693,0.1307,-0.1104,-0.5571,0.0008,0.0505,0.659,0.5794,-0.1197,-0.0807,-0.5889,-0.1127,0.1005,0.1017,0.7791,0.0247,-0.1504,-0.7087,0.6486,-0.0367,-0.7582,0.7867,-0.0357,-0.2504,-0.2166,0.0203,0.0284,-0.0374,-0.0073,0.6669,0.5499,0.0266,0.0294,-0.0068,-0.0985,-0.0961,0.0056,-0.0277,-0.2604,0.0195,-0.2302,-0.0362,-0.0347,-0.0183,0.0992
737,5797,108,6,cycling,-0.0593,0.0055,0.0171,0.0764,1.659,-0.046,-0.068,0.0879,-0.0311,0.0004,0.0216,-0.0954,-0.5967,-0.5885,0.024,0.1109,-0.0359,-0.5782,0.1307,0.0594,0.0184,-0.0505,-0.0189,-0.0247,0.0091,-0.0062,-0.0001,-0.0803,-0.0277,-0.0355,-0.0352,-0.0187,-0.0073,-0.7083,-0.0072,0.1018,0.1126,0.01,-0.0255,-0.0199,-0.5635,0.8897,0.0186,-0.0174,0.0206,-0.001,-0.0078,-0.0077,-0.6896,-0.0276,-0.0267,-0.1198,-0.0375,-0.0066
738,5798,108,6,cycling,0.0955,-0.0364,-0.0063,1.0886,-0.0468,0.0173,-0.068,-0.0213,0.0788,0.0594,0.0165,0.1108,-0.0506,-0.5889,0.1309,0.7074,0.0246,0.1121,0.0003,-0.1014,-0.0208,0.1008,-0.0807,-0.2161,0.1192,-0.5783,0.546,-0.7577,0.0081,-0.0354,-0.0335,0.001,0.2208,0.6959,0.1506,-0.0286,0.2306,-0.0082,-0.0362,-0.0572,0.0425,-0.0276,0.0184,-0.0185,-0.0199,0.0171,-0.6692,-0.0867,-0.0204,0.0156,0.089,0.7862,-0.0976,-0.0108
739,5799,108,6,cycling,0.0577,-0.0701,0.0093,1.5874,2.6582,-0.046,-0.0215,-0.0876,-0.038,0.0964,0.1013,0.5783,-0.0695,0.6975,0.0006,-0.567,-0.0505,-0.6671,-0.1107,-0.1004,-0.1308,-0.1507,0.0809,0.6797,-0.2203,-0.7862,-0.5587,0.0233,0.1124,-0.0453,0.024,0.1198,0.5954,-0.0441,-0.2803,-0.7973,-0.0786,-0.0336,0.0192,-0.0247,0.0246,0.0181,-0.0357,-0.059,0.1296,0.6891,-0.0984,-0.2305,-0.0885,0.0961,0.0189,0.0972,0.0294,-0.0188
740,5800,108,6,cycling,0.0795,-0.0191,1.5786,0.0093,0.0364,-0.046,-0.0581,0.0692,0.023,-0.0896,-0.0961,-0.5578,-0.0063,0.0004,0.001,0.0171,-0.0504,0.0184,0.5962,0.008,-0.5899,0.6667,-0.1197,-0.1109,-0.5475,0.0194,-0.0809,-0.0087,0.1129,-0.1506,-0.0349,-0.1006,0.1305,0.0083,0.0258,-0.0226,0.1015,-0.0332,-0.0079,-0.6885,0.0209,0.0002,0.057,0.6988,-0.0177,-0.0247,-0.0176,0.0189,-0.009,0.01,0.0,-0.0173,-0.0001,-0.0335
741,5801,108,6,cycling,-0.022,0.008,1.6578,0.0554,0.0797,0.0889,0.5583,-0.0461,-0.0301,0.069,-0.5876,-0.096,-0.6488,-0.1012,0.6877,0.1306,0.6682,0.0204,0.6795,-0.0504,-0.7971,0.567,0.5785,-0.1508,-0.2307,0.1124,0.0004,-0.0199,-0.5975,-0.1194,-0.0194,0.0787,0.6981,0.2169,0.2506,-0.2204,0.0972,-0.0354,0.7315,-0.0359,-0.0086,-0.2253,0.0286,0.0198,0.1008,0.0803,0.0162,-0.1106,-0.0592,0.0574,-0.3001,0.0991,-0.0374,0.2804
742,5802,108,5,running,2.58,-2.0971,1.0586,0.0876,2.7984,4.6494,3.6956,7.557,6.7598,1.6092,0.0695,8.6687,-0.0778,0.7772,-0.6882,-0.6585,-0.5957,1.8399,-0.0161,1.888,0.0429,-0.96,-2.9067,-0.0322,0.023,-0.1303,0.1014,-0.5475,-0.8962,-0.7311,1.7438,-0.2167,0.0593,2.6557,2.5223,2.9555,-0.0441,-0.6313,-0.5228,-0.419,1.5134,1.7231,-0.0181,0.2803,-1.8406,0.119,-0.3147,-0.4247,0.0161,-0.0686,-0.8108,-0.3194,-2.4204,-0.1783
743,5803,108,5,running,2.0698,-1.086,0.5967,3.0583,4.0069,1.0102,2.8868,6.6693,7.0797,2.9972,-0.0962,-0.648,0.5794,0.5871,-0.5578,-0.7954,-2.7782,1.8419,0.6581,2.7073,-0.9675,-1.0312,8.8745,0.636,-0.5195,-0.866,-0.8956,-2.0428,-0.858,-0.8695,2.7614,0.1015,-1.8592,-0.9513,-0.5802,0.4388,-0.0503,0.3125,0.0861,-2.7422,-0.3245,-1.0644,-0.2392,1.4007,1.5013,0.5707,-0.5284,-0.6226,1.6104,1.7444,0.0267,0.0705,-0.2491,-2.189
744,5804,108,5,running,4.0058,-1.6073,2.0193,0.7864,1.0874,3.709,4.7767,6.9983,7.0587,8.0794,-0.0465,1.5902,-0.7595,-0.8082,-1.6671,0.0985,-0.8884,-1.54,0.033,-1.5581,-0.0697,-0.8957,-0.96,-1.7986,-0.563,-0.6898,-1.6962,-3.41,0.0267,-1.7613,-1.3018,0.7393,-0.7233,0.6311,0.0515,-0.1011,0.0892,1.429,-1.4458,-2.7214,1.7171,-1.7291,0.6305,-0.4187,-0.7204,-0.5489,-1.9646,-1.0802,-1.2361,-0.6607,-0.0891,-2.0649,0.9281,-1.7284
745,5805,108,5,running,0.0694,-0.0772,1.6691,4.5592,3.6597,2.5902,6.6499,-0.7598,-0.7958,-1.0987,8.0401,7.0574,-0.6971,-0.0863,-0.6084,-3.898,0.038,-3.8881,-0.57,-0.7067,0.7861,-1.5419,-0.9568,-2.7776,-2.5639,0.736,-0.2803,-1.9345,-0.6995,-3.626,0.8344,1.8599,-0.7669,-1.9128,-0.9795,-2.866,-0.7386,-0.3175,-0.6605,0.7171,-0.3198,0.4385,0.0447,-0.8146,-2.6193,-0.0709,1.9647,-1.6188,-1.9477,-0.2396,-0.059,1.5758,0.1882,-2.0109
746,5806,108,5,running,2.7895,1.6876,0.0775,-0.0863,3.6483,2.7701,4.0087,-3.5971,1.6694,-1.6793,-2.989,6.5799,7.5892,-0.6597,8.5573,0.6072,-0.0569,0.547,2.7982,-0.0989,-0.0696,-2.8437,-2.8885,-1.747,-0.0453,-0.7233,-0.4187,-0.4458,-0.6759,-1.868,-1.4007,-0.8986,0.7297,-0.72,-0.041,-0.5163,-0.5629,-0.3161,0.0214,-2.3178,-0.0441,-0.4385,-0.4204,0.6258,-0.7287,-0.0762,0.0301,0.7267,-1.2581,-0.8108,-0.0684,0.4238,0.1695,-0.5013
747,5807,108,5,running,2.0199,-0.0466,0.0055,1.7098,3.5893,4.0979,2.0569,6.6575,7.0887,1.7768,8.6497,-1.8862,-2.7894,0.5985,-0.6063,-0.5795,0.8907,-2.848,-0.8636,-1.8363,-0.6781,-0.7469,-2.8477,-0.7315,0.8995,-0.9039,-0.5808,0.0629,1.5638,1.6607,-0.5438,-0.0217,-1.8181,0.4107,1.0507,-0.766,0.1015,-0.5447,-2.838,0.034,0.5137,1.5284,-0.0871,-1.5802,-0.0707,-0.7334,0.1689,1.0267,-0.4608,-0.0796,-2.0961,0.0582,0.0285,-0.4159
748,5808,108,5,running,3.0583,1.5898,-0.0601,0.0799,2.6662,3.008,4.8892,-1.5984,-1.6591,6.7087,-0.6782,-0.6063,-0.5574,-0.0981,1.0464,7.7556,-1.5793,-0.6985,8.9568,-0.8972,-0.7971,-0.0896,1.7615,-0.7797,-0.5409,-0.7345,-0.032,-0.7894,0.541,-0.0212,1.0503,-0.9038,-0.3114,-2.5146,-1.6104,1.0705,-0.1124,0.0405,-1.8482,-0.1004,0.5013,-0.1303,-0.0247,-0.0199,0.3102,-2.5753,-2.3502,-0.7233,0.0707,-1.9646,-0.5396,-0.5127,-0.1019,-0.6143
749,5809,108,5,running,0.0063,-0.0159,2.5894,1.6589,3.9855,4.6784,-1.6693,1.0797,-0.067,-0.7569,-0.0895,0.0574,0.7854,0.0499,-0.0902,-1.6083,0.7956,0.6857,0.038,-0.1105,-0.8788,0.6486,-0.779,-0.8521,-0.0505,-0.7315,-0.2807,-0.1307,0.0267,-0.5489,0.1503,-0.0862,0.1196,0.0266,0.0348,0.0782,-0.0286,-1.1015,0.0004,-0.2167,-0.1124,-0.0247,-0.7635,-0.0171,-0.2603,0.1004,0.2309,-0.0252,0.5012,0.0592,-0.0581,0.0861,-0.0596,-0.0302
750,5810,108,5,running,0.0401,0.0083,-0.0872,1.0903,4.5877,2.6691,3.0799,-0.7074,0.6578,-0.6881,6.5598,-0.696,7.0556,8.7564,-1.766,-0.8086,-0.8531,-3.6399,1.8973,-3.9638,-0.5967,1.8788,-0.542,0.069,0.7123,-0.7962,-0.5793,-1.9739,-0.8465,-2.9538,1.4378,-0.8255,0.7204,0.0503,-0.9668,-0.0247,-0.0211,1.1194,-0.6154,-0.0405,-0.5498,0.9646,-0.9437,-0.4143,-0.0605,1.4242,1.5124,0.6107,-0.1011,-1.6342,0.5684,-1.3018,-0.6136,-0.6254
751,5811,108,5,running,2.6877,0.0062,-0.0301,1.5883,3.7072,2.9981,4.089,6.0587,-0.0775,0.0959,1.5794,0.8861,8.8054,-0.5579,-0.0696,-0.6567,0.666,1.7876,-1.8499,-0.6964,-1.6319,-0.8902,7.7426,-1.9597,-0.5636,2.0438,2.7327,-0.5498,-0.0472,-0.6605,0.0488,-1.8613,1.8567,1.9041,-0.3102,-0.9893,-0.7143,-1.8181,0.4608,-0.0503,-0.1194,-1.3252,-2.4139,0.0267,-0.3154,-1.7243,-0.6607,-0.0473,-0.5137,-0.0882,-0.1892,0.0286,0.5409,-2.5444
752,5812,108,5,running,4.0966,-0.5598,2.0764,0.0183,4.8875,1.8095,3.6584,6.0069,7.5974,-0.5885,8.5796,0.6792,3.7894,3.7093,0.9997,0.036,-0.0463,-0.5628,0.0871,0.7773,0.689,-0.5127,-0.025,0.7954,-0.0582,-1.3125,-1.0503,-1.9152,1.7613,0.2809,0.9668,-0.0632,-0.1122,-0.8363,-2.5162,-0.1197,-0.0891,-0.9669,0.0684,0.8962,-2.8636,-1.3108,0.0252,-0.0453,-0.0348,-0.1015,0.4242,-0.72,0.3161,0.0781,-1.5223,0.1695,0.0872,-1.8462
753,5813,108,5,running,4.0897,0.0064,-0.047,1.0979,3.6957,2.0593,-0.5968,4.0189,-0.0798,-0.5883,6.8074,-2.6063,0.7555,0.8766,7.7865,0.8599,-0.8877,0.8499,-0.6762,-0.0694,8.0301,-2.8638,1.5499,1.8985,1.0388,-1.9393,0.5498,2.9572,-0.5808,0.5377,-1.9067,0.9624,-0.766,0.6134,0.8684,-1.5294,-0.9238,1.7327,-0.563,0.3252,0.3188,-0.0506,1.7459,-1.9795,-0.7444,1.8406,-0.0441,-0.0704,-0.5489,0.0211,1.4994,-0.0892,-0.7334,0.6607
754,5814,108,5,running,2.0775,0.0173,-0.006,1.0574,3.647,-0.0219,-0.0961,4.0878,1.5984,-0.0469,1.5793,6.7967,-1.8788,-0.669,-0.8599,-0.038,-1.6895,0.8906,-0.5465,-0.5863,0.5562,0.1122,-0.7792,-0.0504,-0.9871,0.9799,-0.1105,-0.1018,0.0247,-0.0806,0.0186,-0.0365,0.2809,-0.1196,0.0881,-0.1307,0.0405,-1.4204,0.0183,-0.2164,-0.0594,-0.0286,0.0004,-0.0872,-0.0284,0.0283,-0.0349,-0.5441,0.1506,0.0285,0.1003,0.0956,-0.0108,0.0246
755,5815,108,5,running,4.6871,-1.7978,0.0187,2.7083,3.0962,1.6957,4.6692,-0.0598,-0.5584,-0.6076,-0.8088,6.079,-0.0093,7.0894,-3.5865,-0.6795,0.9972,-2.7573,-1.0691,0.7785,-2.6481,-2.8903,-0.7469,1.7233,-0.5963,-0.5412,0.7294,1.9717,-0.4238,-1.5012,0.8636,-0.9634,-3.7171,-0.4335,0.4649,-0.0475,8.7334,-2.5127,-0.7393,-3.5134,0.7447,-2.8211,-3.5635,0.5802,-1.8776,-1.9154,1.0488,-0.5173,-0.4179,-3.4196,-0.5228,-1.0477,0.1702,0.0184
756,5816,108,5,running,0.0055,-0.0109,1.7872,-0.0364,2.5957,3.0769,4.7593,6.8908,-0.0595,7.8858,8.0461,-0.5623,1.6684,0.9865,-1.5467,-0.0692,-0.638,-0.0508,-1.9468,-0.747,-0.876,0.7799,0.9731,-0.1191,-0.8319,-0.7981,-0.0217,-1.8636,-0.96,-0.0286,0.8521,-0.7322,-1.5396,-0.0348,1.0667,0.0258,-2.5228,-0.0009,-1.2803,-0.1303,0.1018,0.0082,0.1122,-0.5222,-0.5281,-0.0976,0.906,-1.9646,-0.0971,1.7284,-0.1262,-1.8798,0.5173,0.0296
757,5817,108,5,running,0.0592,-1.7862,3.7082,0.7594,2.5868,1.8867,4.7984,-1.6903,6.0099,8.6096,-0.8901,7.6461,-0.0898,-0.7413,-3.978,0.9555,-0.5763,-0.7345,-0.0786,-0.7699,-2.6685,0.7791,1.0956,-0.0475,0.0693,-0.9393,-0.5954,-2.8701,-0.72,-0.8986,0.0672,-0.0507,1.5281,-0.4006,-0.9065,-2.9124,1.728,-1.0992,-1.833,-2.9795,0.5396,-1.7243,-1.7297,-0.8134,-0.7703,-1.5014,-0.0881,0.0215,-0.0247,0.1635,-1.8646,0.1197,-0.0571,0.1689
758,5818,108,5,running,0.036,1.0775,-0.0093,3.6588,2.7085,4.5969,-1.0171,-0.0581,-0.0699,-2.8092,0.6695,6.5796,-0.8972,-0.0461,0.6878,-0.7976,-0.0977,2.7467,-1.9894,-0.023,-0.0858,-1.5464,7.637,0.5584,-0.2807,1.8717,0.1122,-0.9748,-0.8645,-0.1014,1.5623,-2.83,8.4999,-1.8213,-0.7324,0.1304,-0.1009,0.5014,-0.8684,-0.0962,-0.1506,1.3247,-0.4385,-0.1658,-0.5488,0.7228,-1.119,-1.8363,-0.0507,-0.5195,-0.0791,0.079,-1.1693,-0.0489
759,5819,108,5,running,3.65,-0.5883,3.7954,0.0781,2.7871,1.8067,4.0199,-2.6877,-2.6498,6.0595,7.7073,8.0896,3.5584,-0.046,-0.8525,-1.8766,-2.7588,-1.5636,-0.978,-3.5792,-0.5909,-1.8972,-3.7438,0.6902,-1.6168,-0.7204,0.0375,0.7231,-0.763,-1.8623,-0.5802,-1.9467,0.6319,-0.0691,-0.0709,1.8363,-0.7393,-0.1195,0.0861,1.6123,-2.9039,1.0488,-0.9405,1.6216,0.0441,-0.0582,-0.0507,0.0246,-0.5409,-0.4107,-1.3018,0.0448,-0.1793,0.1776
760,5820,108,5,running,0.0872,-0.096,1.0573,2.0787,3.669,4.0192,-0.0084,6.7974,-0.0375,-2.5982,-0.546,0.047,7.6964,8.6795,-0.5883,-0.7898,-0.8906,-0.8897,2.6593,0.688,-0.0608,0.5563,-0.4238,-1.7794,-0.7444,2.8796,-1.9699,0.8569,-0.7295,1.5761,0.8995,-0.563,-0.8985,2.7171,-0.5195,-0.9646,-1.7802,-0.4204,-0.7622,-0.5409,-1.0214,-1.4187,-0.9794,-2.9138,-0.865,0.5281,1.8686,-0.8992,-0.0862,-0.9809,-0.5489,0.0252,1.4294,1.0504
761,5821,108,5,running,-0.0059,1.0499,0.0187,3.5567,2.0966,4.5898,-0.0883,-0.7897,0.577,0.0579,-1.0788,-0.6977,-0.7563,0.0258,-0.0693,0.6584,-1.898,-0.649,-1.5645,-0.8568,-1.6074,-0.7636,-1.9617,-2.5427,0.035,-0.0215,-0.0503,-0.2808,1.8637,-0.7322,0.0592,0.9465,-1.0992,-0.1108,-0.2604,-0.2303,-0.0981,0.0762,-0.0357,0.0561,-0.1309,0.0171,0.1015,0.0809,-0.0795,-0.0286,-0.0582,-0.0891,-0.0072,-0.0102,0.0547,-0.0228,0.0936,0.0935
762,5822,108,5,running,0.0164,0.076,-0.0595,1.5971,2.6588,3.589,4.0873,-0.7774,6.7083,7.6984,-0.5591,-1.798,8.0985,-1.9989,-0.6887,-0.0316,-1.9856,-0.63,0.0694,1.7561,-0.7862,-0.0466,-0.9767,1.5793,-0.7334,-0.5414,-0.1127,-0.7638,-0.0214,-0.1014,0.1106,-0.1198,1.8985,0.6242,-1.3175,-0.0004,0.0226,1.965,-0.8625,-1.5173,-0.1306,-1.5758,-0.5488,-0.0367,-0.0981,0.0236,1.4204,-0.4179,-0.0705,1.4703,-2.1788,-1.0646,-0.0247,1.6103
763,5823,108,5,running,3.7095,-1.6074,2.7967,0.0904,1.7501,4.5868,3.9982,6.0554,8.0087,7.6693,-0.6473,-0.089,-2.6902,0.0691,2.7788,0.5981,-0.5655,0.9872,-0.0797,-0.846,-0.8544,-0.7865,-1.868,-0.5489,-0.5761,-0.036,0.9794,0.9631,-1.7231,0.0488,-0.8315,-0.9438,-0.8963,-2.9228,0.4159,0.0457,1.5223,-1.7629,-2.925,0.0704,-0.0971,0.0162,-0.1015,-1.7386,-0.5246,-0.0707,0.8482,-0.1797,-2.2385,-0.4256,1.9593,-0.6305,0.0569,-2.0477
764,5824,108,5,running,-0.0062,1.5867,0.0976,2.0883,4.5979,3.6977,6.998,8.8868,-0.0189,0.0475,-0.7865,0.7071,7.6663,-1.0592,-0.0655,-2.7426,-3.6098,0.8764,-0.8437,-0.0773,-3.0375,-0.5294,-0.5785,0.9539,0.9067,0.8162,-1.9345,-0.1199,0.9631,-0.9499,1.4008,-0.6238,-1.5645,-0.8348,-0.1015,-1.9171,0.0854,0.6105,-0.0473,-0.6236,1.7281,-2.823,0.1122,-0.7459,-1.8134,-0.9795,-1.9138,-0.9743,1.5444,-2.8106,-0.0447,-0.5195,-2.9154,-0.1672
765,5825,108,5,running,0.0198,-0.04,3.5874,1.6695,2.798,4.6955,-0.0959,6.0789,7.6588,8.0883,-1.6784,-1.5796,-0.789,-0.7571,0.7399,-0.7768,0.6482,-0.0448,-1.8181,-0.0697,-0.0594,0.636,-0.037,-2.9314,-0.0504,0.7295,-0.1019,-0.0217,-0.1102,0.72,-1.5635,-0.1307,-0.1195,-1.7802,-1.9593,1.8744,-0.3161,0.0285,-0.5488,-0.8985,-0.8512,-1.3015,-0.6995,0.6607,-0.8635,-2.4143,-0.0447,-0.0862,1.4292,-0.54,1.4702,-1.9771,-0.6173,-0.7265
766,5826,108,5,running,4.5967,-3.6473,2.7576,3.8883,0.778,1.0095,4.0179,6.079,-0.6872,0.5571,7.5891,0.0893,-3.0569,-3.5786,-0.9896,0.977,-0.8903,0.0963,1.6092,-0.8566,0.0699,0.0654,-1.879,-1.7884,-2.8765,-0.546,-1.7469,1.5638,-0.0437,-0.101,0.5489,-0.0485,-0.5163,-1.8683,-0.7233,-0.7338,-0.0473,0.0561,-0.8985,1.6123,-0.7447,-0.9475,-1.8686,-0.1196,-0.3109,0.0962,-0.0705,-0.4385,-0.5444,-1.4388,0.0605,-0.3161,-1.4278,-2.5195
767,5827,108,5,running,2.0885,-1.6876,0.0764,1.8867,4.7086,3.6661,0.6906,-0.8905,0.9974,-3.788,6.0081,7.7794,-0.5884,-0.5902,-0.7562,-0.9565,-0.03,0.6301,0.876,0.835,1.0972,-1.9737,-1.5638,0.0433,8.5598,-0.7443,-1.7957,0.541,-0.4006,-0.1124,-2.5756,-1.935,-0.1306,-1.4458,0.7325,1.966,-1.904,-0.4266,-0.8108,-0.8777,-1.9281,0.0204,-1.6607,-0.0971,-0.8363,-0.7123,-0.0453,-0.0935,-0.1691,-0.0782,0.0554,0.4236,0.0535,-0.0972
768,5828,108,5,running,0.0555,0.0862,-1.0979,2.6977,4.0086,1.588,3.7087,-0.5961,-0.0185,-3.6065,0.0772,-0.6871,-0.7563,1.8867,-2.9894,-0.9903,0.0431,-1.649,-0.9501,0.0208,-0.8973,-0.8499,0.119,-3.5783,-1.9766,0.5415,-0.0696,-3.7645,-0.7892,-0.3161,0.7434,-3.0348,-3.3505,-3.5635,-0.5489,-0.9322,0.1306,-0.4385,-1.3015,1.6267,2.5204,-1.4266,-3.8181,0.0684,0.0191,-0.4143,-0.1802,0.0882,-1.3189,-2.4187,-1.7709,-0.5107,-0.5707,-0.1481
769,5829,108,5,running,3.5783,-2.6907,0.607,4.6491,2.7875,3.8904,1.6876,-1.0965,-3.95,-2.5596,-0.5898,-0.0885,0.888,-0.7971,6.7399,1.0587,-2.6774,-1.5903,8.6313,-0.0162,0.669,7.866,-0.9758,-0.0648,0.564,-3.549,0.41,-2.5107,-0.5428,-0.0694,-3.7782,0.9228,0.8985,-2.9315,-0.8489,-1.8798,-2.4008,0.4159,0.8482,-3.8454,0.7709,-0.5294,-1.8592,0.5223,-0.6188,-0.8467,-3.5802,-0.7447,-3.9726,0.9666,-2.0247,-0.8388,0.2772,-0.7163
770,5830,108,5,running,1.779,-0.038,0.0195,2.0782,3.796,-0.0055,4.6478,-0.0434,0.0585,0.0871,-0.6694,-0.067,-0.0348,-0.0959,0.5784,-0.7561,-0.6593,-0.0267,-0.026,-0.1129,-0.1108,-0.0509,-0.1017,0.1307,-0.0806,-0.8897,-0.5469,-0.6876,-0.5881,0.8967,-0.5638,0.0596,-0.0006,0.0258,-0.0332,0.0786,-0.2603,0.2806,-0.0441,0.0284,-0.0963,-0.2307,-0.1191,-0.0457,-0.1003,0.0172,-0.0405,-0.2202,-0.0987,0.1504,0.0562,0.0209,-0.2166,-0.5294
771,5831,108,5,running,0.0577,-0.0058,0.0109,3.5793,1.6597,2.648,4.8861,1.0891,-0.7962,-0.0778,2.6784,1.5987,-0.7089,-1.5582,-0.7468,-0.9892,-0.6072,0.5499,0.026,-0.037,0.0695,-2.04,-0.6971,-0.7576,0.6696,1.5613,0.0506,1.8527,1.638,-0.1106,-1.0443,2.5753,-0.1121,-0.0684,0.8614,1.5488,-0.4179,0.0705,-0.4649,-2.7317,1.7204,-1.8326,-0.5127,-1.3154,-0.3245,-0.3198,2.7709,-0.9285,-0.0252,-0.0247,1.549,-0.0284,0.5246,-0.6305
772,5832,108,5,running,0.0076,-1.0875,1.0972,3.6074,2.5584,4.8901,-0.0593,-3.7856,6.7977,-0.5788,7.6894,1.8086,8.6965,-0.0699,-0.6685,-0.649,1.597,-0.0467,-2.0791,-0.6312,0.8766,-0.9639,-0.9873,-0.033,-0.9737,-0.1196,-0.4388,-2.9562,2.833,-0.7393,1.8686,0.5881,0.7233,0.0704,-0.0652,0.2809,-0.547,1.5444,-2.7161,-1.0703,-0.4608,0.0252,-0.7281,-0.0902,-0.0285,1.0204,-0.0488,1.0707,-0.7709,-0.0489,-0.4238,0.0792,1.0284,0.9405
773,5833,108,5,running,0.0062,-0.0108,-0.0004,2.0575,3.0783,1.6966,4.5895,-0.0968,-0.0499,-0.024,0.6492,-0.5589,-0.0209,-0.036,-0.0508,-0.0218,0.7084,0.0073,-0.0082,-0.5786,0.0691,-0.001,-0.0065,-0.1309,0.0002,-0.0247,-0.5413,0.0179,-0.01,0.1017,0.0001,0.7785,0.9788,-0.5971,-0.1195,-0.0196,0.0238,0.9861,0.9037,0.0074,0.7881,-0.0067,-0.0227,0.0172,0.768,-0.0093,0.0556,0.0267,0.0194,0.0807,-0.0203,-0.0266,-0.0286,-0.0252
774,5834,108,5,running,4.0595,-0.5571,3.6681,4.0078,1.759,2.5902,0.0985,-1.0898,-0.0787,1.7093,-0.6904,-0.6592,-1.8967,6.7972,-0.748,-0.0696,-0.0322,-0.5897,-0.0154,0.996,-0.6476,0.6873,-0.5763,-0.8886,1.7784,-1.0704,0.7444,1.6148,0.5163,-1.9464,-0.1195,0.0506,0.5629,0.4388,0.4266,-2.8326,0.4242,-0.3102,0.5204,0.5013,-0.8482,-0.1126,-0.6136,-0.0608,-0.0654,-0.5488,-0.0684,-0.0441,-0.0406,0.8995,-1.3221,-0.8181,0.3305,-0.0667
775,5835,108,5,running,0.0083,0.0364,-0.0107,2.597,1.609,3.6573,4.0887,6.6775,7.7857,-0.7794,-0.5566,-3.6858,0.8902,-1.8569,-0.0592,-1.9876,-0.0981,-3.958,-1.9788,-0.0421,0.0696,0.5409,0.0506,-0.8613,8.7963,0.9281,-0.2806,-0.5425,1.9974,-0.6163,-0.5635,-2.7215,1.628,0.8412,-0.0008,0.0561,0.1308,0.8482,-0.0335,-0.1124,-0.1196,-0.0893,-1.9647,-1.8225,0.3108,-0.0457,1.9171,-0.0791,-0.0771,0.5684,-2.7297,-1.9794,-0.6159,-0.4357
776,5836,108,5,running,3.5868,-3.0592,2.7862,0.6489,1.6088,3.6971,4.6697,6.0894,-3.7902,7.7593,8.0691,0.8096,1.5401,-0.5976,-0.7073,-0.0425,0.5585,1.0067,1.9565,-0.8162,1.8499,2.0781,2.632,3.9027,-0.8623,-1.0977,-0.5783,-0.9171,2.7709,-1.7466,0.0344,-0.6346,0.4004,0.8744,-0.9872,-0.8686,0.7334,0.564,-0.9152,-0.2383,-1.2382,0.7447,-2.7295,-0.6168,-0.7808,-0.4608,-0.0672,1.549,-2.4388,-0.6143,-0.0861,-1.9668,1.4266,0.2329
777,5837,108,5,running,3.0079,-0.0375,0.0867,1.5961,3.7054,2.7897,4.5571,6.8864,7.956,8.9968,-2.0177,-0.6909,-0.5874,-0.058,-1.8527,-1.0789,-0.0462,0.9857,-1.6687,-0.8612,1.9065,-2.6312,-0.736,-0.0693,-0.0215,-0.0446,-0.835,-0.1124,-0.5137,-0.7265,0.1012,1.9281,0.4266,-0.5629,0.7699,-0.1003,-0.8985,-0.9433,-0.2807,0.8684,-2.8445,-0.0505,-0.7294,-0.7295,0.1191,0.5228,0.1696,-0.8146,-0.1681,-0.3115,-1.8591,-2.9405,0.1272,0.8363
778,5838,108,5,running,0.0106,0.006,-0.0214,1.5566,3.8898,2.5972,-0.0773,4.7869,6.7974,7.9987,8.0575,-2.0871,0.8092,-0.0425,-0.0964,-0.0359,0.0505,-0.547,0.6783,-2.5623,1.8545,-1.9768,-0.5857,-2.9065,-1.868,-1.7784,-2.7629,-0.9624,-0.9561,-0.7295,-0.0375,0.6313,-0.8962,-0.0893,-0.2808,-0.1019,-0.5498,-1.8591,-0.6168,0.0226,-0.8255,-0.0194,-0.1199,0.0286,-0.0007,0.5124,-0.0447,-2.4002,0.0782,0.0549,-0.1124,-0.0581,0.0405,-0.0791
779,5839,108,5,running,4.0078,0.0595,-3.7594,3.6774,2.7957,1.6689,4.9871,-1.6984,-0.6577,6.587,8.8093,-0.6856,7.6488,0.0972,0.0799,-2.5983,0.5563,-0.0873,1.8501,-0.046,-2.8726,-0.0316,-0.0691,-0.5498,-0.6105,-0.9037,-0.1195,-3.5421,0.4999,-0.0704,-0.1307,-1.3154,-1.8985,0.4007,-0.1019,-3.9124,-0.0897,0.0504,-0.3175,-1.7619,-3.7459,-2.8986,0.3108,-0.9624,-3.628,0.9281,-0.0218,-1.0705,-0.0706,-0.9795,-0.0918,-1.0181,0.0892,1.8646
780,5840,108,5,running,4.0799,0.0065,-0.0867,1.597,2.6887,3.8901,4.7792,0.0983,0.0595,-0.0475,1.9894,-3.5623,1.9769,-2.7464,-3.0691,-3.6055,-0.7854,-0.588,-0.6345,-0.8617,-0.038,-1.7973,-0.8569,6.9025,-3.6693,-0.4335,0.5782,-1.8881,-0.9636,-0.8684,-0.7447,1.4008,-3.5124,0.8986,-0.8985,-2.8363,-0.2376,-0.0213,0.4204,-1.9128,0.0871,0.0705,-0.0992,0.0241,-0.9666,0.1199,-1.0648,0.5294,0.0296,-0.6605,-0.9608,0.3138,-0.0709,-1.5146
781,5841,108,5,running,0.0597,-0.0893,1.6486,2.7701,3.659,4.0799,6.5569,7.5975,8.067,0.8967,9.6685,4.5468,1.846,-1.8098,-1.73,-0.7903,-0.0976,1.9426,-0.0709,-0.0421,-0.564,-0.4649,0.8695,-1.5787,-0.4242,1.9572,0.7891,2.8134,-0.8863,-0.8798,-2.8322,-0.9669,-2.8462,-0.7295,0.0882,-0.5013,0.3104,-0.1199,-0.0561,-0.5447,-0.0211,0.7143,0.5862,-0.8236,1.9647,-0.8406,-0.8995,-0.1874,-0.9615,-2.8106,-0.3138,0.1781,-2.4179,-2.7243
782,5842,108,5,running,0.0064,-0.0573,1.0886,2.0601,3.6677,4.7968,-1.7599,0.5782,6.589,-0.0789,-2.0965,7.957,8.04,-1.8862,-0.5572,-0.9767,1.5954,0.638,0.9874,0.7625,-0.5639,-1.7883,-0.8475,-0.8769,1.6071,-1.7143,-0.0704,-1.9314,-0.0441,-0.5127,-2.5489,-3.0326,-1.8544,-0.1018,0.9171,0.8646,0.5444,-0.9638,-0.4666,-0.1689,-0.0592,-0.0594,1.0703,-0.0561,0.0247,-0.0507,-1.5281,-0.0891,-0.5684,0.0822,-0.0219,-0.7267,-0.0959,1.7447
783,5843,108,5,running,0.008,-0.0106,1.0879,2.077,3.0986,4.0573,6.9893,-0.6085,-0.6903,-0.043,-3.6494,-0.7562,-1.8883,1.5591,-0.5639,-0.8765,-1.7767,-0.6874,-1.8957,0.5954,7.9799,-1.7645,-0.41,0.5866,-3.847,-0.7871,-2.6315,-0.5488,-0.1196,-2.5396,-3.7703,-1.6188,-0.0219,0.9561,1.7123,8.9045,-0.3238,-0.5294,-0.7225,0.0008,-0.0707,-0.5684,-0.0704,-0.0448,0.2807,0.0981,-2.8646,-0.171,-0.0473,-0.6607,-1.4154,-0.72,0.1696,0.9281
784,5844,108,5,running,0.0556,-0.0857,0.0699,1.5967,3.0789,4.0172,2.097,-0.0086,-2.6594,1.6882,0.0375,0.6685,-0.5874,-0.7898,-0.6479,-0.7796,-2.6954,-0.6097,6.8084,-0.5595,1.5409,-1.9038,-0.5684,-0.0488,-0.0475,7.8788,-0.5281,8.0212,-0.766,0.8313,-0.5444,-1.638,-0.1195,-0.9795,-0.9228,0.0593,-0.1012,-0.1305,-0.0008,-0.0489,0.0441,-2.0302,0.0162,0.0892,-1.4666,-0.6018,-0.0556,-0.0191,-0.1471,-0.0781,-0.126,-0.0973,1.8646,-2.6607
785,5845,108,5,running,0.0556,-0.0065,0.0224,3.0775,1.0958,2.7783,4.7867,-0.0872,3.6085,6.7959,0.0173,0.068,7.8874,8.047,0.0399,-0.5789,1.9869,-0.6661,-0.6884,-2.9655,-0.541,-0.865,-1.9311,-0.5444,-0.1124,2.6364,2.8747,-0.9524,-0.8388,-1.9475,-0.9721,-0.761,-2.5396,-1.0704,-2.9088,-0.6305,0.0862,-2.8146,1.4294,-0.0508,0.3117,-2.9798,-1.8684,-1.8134,-0.0246,-0.079,0.7204,0.4187,-0.1194,-0.1014,1.8776,0.0267,-1.2791,0.0581
786,5846,108,5,running,0.0468,-0.0076,0.021,2.6562,1.5969,3.0572,4.6055,0.0896,0.0184,6.0987,0.5793,-0.5873,7.9871,-1.7877,-0.0797,0.8892,8.548,0.6485,-0.7906,-0.8966,-0.0503,-0.1195,-0.7561,0.032,0.8315,0.1304,-0.7095,0.6399,-1.5623,0.9067,1.0204,0.0191,-0.0489,-0.0009,-0.0082,-0.7469,0.101,1.6123,0.5409,-0.0181,-0.1102,-0.2805,-0.8623,1.5752,-0.0266,-1.41,1.7243,0.8798,0.0233,0.3115,-1.4242,-0.0247,-1.4357,-0.0302
787,5847,108,5,running,-0.078,0.0891,1.0958,4.0088,3.6683,2.647,0.6859,-0.0584,0.6578,6.5792,8.046,-0.0161,-1.9982,0.0693,1.5655,-0.7467,-1.7573,-0.5184,7.6313,-0.0375,1.8523,-0.8902,1.6971,-0.9895,-0.0704,-0.7986,-0.4242,0.7625,-0.1012,-2.8737,0.1199,1.9646,-0.0453,-0.1106,-2.7204,-0.0685,-0.0992,-1.7233,-0.0247,0.5415,-0.7797,1.4238,-0.966,-1.947,-2.3175,-0.6134,0.1124,-0.5223,-0.6105,-1.3278,-0.5294,0.9777,0.905,-0.4199
788,5848,108,5,running,-2.7591,0.0065,1.5792,2.7908,3.709,-0.7798,4.7866,-0.056,-1.5987,-0.0102,-0.0783,6.6861,-0.8085,-1.0967,0.5869,-0.5597,-0.8964,-0.8499,7.0693,-0.563,0.0317,-0.8639,-0.8695,8.7422,-2.0437,-1.947,0.4159,-1.9571,-0.96,-0.5802,0.7329,-0.635,-0.0267,0.0509,-0.8881,-1.1019,-0.7625,-0.0252,-1.542,-1.4357,-0.8146,-1.8591,-0.0562,0.0489,-1.0228,-1.549,-1.4222,-0.3286,0.0283,-0.6809,-0.4385,-2.2372,-2.0605,0.0782
789,5849,108,5,running,2.6591,0.0184,-0.0585,1.7794,2.5895,4.5573,3.6693,-0.7963,-2.7072,-1.6874,-0.0783,0.0986,0.0062,6.6988,7.609,8.7898,-0.0896,-0.0699,-0.7592,0.0218,2.8081,-0.8735,0.6471,0.5413,0.6797,0.043,-1.0326,0.5976,-0.5163,-0.5789,-0.5615,-1.4001,-0.4608,-0.1019,0.7171,0.0187,-1.6193,-0.5472,-2.6607,-0.0582,-0.1198,0.0258,-1.7709,0.089,0.8985,-0.0247,0.1005,0.9285,0.0761,1.7802,-0.6305,-2.8477,-0.0605,-2.8363
790,5850,108,5,running,0.0858,-1.7093,1.688,2.0959,4.88,3.6078,6.6601,7.7572,8.5571,-2.6477,-3.9599,-0.9894,-1.5767,0.7469,-1.568,-0.0692,-1.7965,-0.0782,-0.6399,0.041,-1.9748,-0.8903,0.875,-0.8313,0.0216,0.0554,-0.7703,-1.8539,-0.2809,0.0684,0.4238,-1.8638,-0.8453,-0.9624,-0.0488,-1.8146,-1.4644,-0.8435,1.5802,-0.7615,-0.3147,-0.1691,-0.1199,0.0506,-0.3198,0.0881,0.8646,1.6204,-1.73,-1.4007,-0.1762,-0.0834,-0.5281,-2.8181
791,5851,108,5,running,-1.5788,3.0093,0.0692,1.6955,2.0103,4.0795,-2.0877,-0.0591,1.0985,-0.0464,6.9897,-1.7879,7.677,-2.6686,-1.7582,-0.878,-0.9962,-0.5639,-1.6858,-0.746,8.6573,1.8427,-0.547,-0.5281,0.7233,-0.9423,-0.5989,-0.0472,-0.5442,-0.419,-0.5498,-0.101,-0.0863,-0.8322,1.0684,-0.7613,0.0294,-1.7217,-0.1192,-0.9615,0.5488,0.5163,-1.6104,0.0252,0.0405,1.3502,-0.1702,0.7447,-0.0121,-0.8986,-0.4159,0.0489,0.1281,-1.0961
792,5852,108,5,running,0.0062,-0.0102,1.5971,0.0789,-0.0695,-0.0581,0.0221,3.7596,4.5765,2.0898,6.5569,7.9987,0.777,1.5872,-0.6492,-0.547,-0.6079,0.6878,0.043,-2.858,0.8897,-0.0974,0.0319,-0.1122,-0.0003,1.6693,-0.0302,0.1005,-0.1102,-0.0354,1.6783,8.8445,2.9039,-0.632,0.5489,2.5636,0.1506,-0.2805,-0.7622,0.1198,0.4393,0.0091,-0.0228,-0.2162,-1.0992,-0.1308,-0.4238,-1.9426,-1.7287,0.4266,-0.8623,-0.5184,0.1373,-0.5409
793,5853,108,5,running,4.0163,-2.0073,2.7792,0.5897,4.0982,1.0596,3.7865,7.5567,-1.7569,8.5984,6.8054,-3.7956,0.6681,0.0764,-0.6083,-0.8601,-0.0694,-0.0898,-0.9985,-0.8974,-0.8768,0.767,0.4242,-0.032,0.0488,-1.9037,-1.9794,0.9322,-1.5472,-2.9524,-1.5788,-1.8181,-0.7294,0.0437,0.0489,0.0258,-0.1195,-0.0286,-0.4649,0.6136,-0.7447,-0.0219,-0.0872,-0.6105,-0.0791,0.0267,-0.5409,-0.7291,0.0252,-0.0161,-1.0709,-0.8134,-1.7143,-2.0684
794,5854,108,5,running,0.0081,0.0562,-0.0461,1.5568,2.0186,4.6582,3.5869,-0.021,-0.0788,-0.0897,1.649,-0.6078,0.0984,-1.6777,6.7475,8.7083,-0.032,-0.8091,-0.0693,-0.6696,0.5976,-0.1019,-0.8529,-0.5699,0.7963,7.5795,-1.9873,-0.2167,-0.1508,-0.0362,-1.8972,-0.0374,0.0008,-1.4385,0.1307,-1.8746,1.4007,-0.3138,1.4015,-1.7295,0.7291,0.0171,-0.0507,-0.0046,-0.0252,-0.0892,0.9437,-0.0228,-0.1197,0.077,0.1234,0.1339,-0.1213,0.1341
795,5855,108,5,running,3.5867,1.0182,-0.6577,0.0863,3.0591,4.6483,2.596,6.6876,-0.0797,-1.6904,-1.5675,0.8788,-0.0078,7.747,0.0972,0.7962,-1.669,8.8903,0.5799,-0.988,-0.0694,0.966,0.8435,0.547,1.733,-0.9561,-3.9646,-0.0503,-0.549,-0.5488,-0.8986,-1.7291,-1.8599,-1.3247,-0.1126,-0.0489,-3.9322,-0.866,0.9659,0.0581,0.9228,-0.8146,0.0709,-0.0571,1.8592,-0.4266,-0.9798,-1.8348,-0.0607,-0.5124,-0.0448,-0.0585,0.0843,0.0225
796,5856,108,5,running,2.7567,-2.6871,2.0597,0.5869,1.6087,3.6696,4.0774,0.5792,-0.0181,-0.0077,0.0879,-0.5585,-0.8059,-0.0463,-2.9893,-0.0691,6.7865,7.0976,8.6499,0.547,-0.9561,-0.0217,0.0313,-0.8983,0.9033,-0.0507,-0.8873,-1.3013,-0.0008,-0.2809,0.7267,-0.8636,-0.7233,-1.9468,-2.1127,-0.5489,-0.7447,0.5808,0.1019,-2.5163,-2.6218,-1.8465,-2.5758,-0.5173,-0.9593,-1.7213,-2.9285,0.1835,-0.1682,0.6607,0.0539,0.0286,-0.6198,0.0608
797,5857,108,5,running,4.0187,0.0077,-0.028,1.5562,3.6879,2.0597,4.9858,7.656,6.0884,0.7569,-1.7063,0.0429,-0.669,0.9567,-0.0786,-0.7464,0.0959,0.8871,0.9992,1.935,8.8325,-1.9593,-2.7873,-0.5411,-0.8501,-0.5637,1.7214,0.7393,-0.767,-0.101,0.0691,-0.9433,-0.8903,1.964,1.4995,0.1006,-0.0489,1.5223,-0.419,-0.8995,-0.8348,-0.7444,-0.0204,-0.5281,-0.0704,-1.6244,-0.6168,0.0161,0.5396,0.5246,1.4266,-0.1295,0.1195,-1.9152
798,5858,108,5,running,-1.0585,3.0987,0.0364,1.689,2.5974,4.6902,-1.0873,-1.6686,0.0093,-0.0782,-0.6589,-1.7967,0.5591,0.9892,-0.0499,1.5795,6.0154,-1.7096,1.7794,-0.7584,7.6061,8.568,-0.0697,-0.8876,-1.7233,-0.7863,-0.8134,0.8181,-0.4242,-0.4393,0.2806,-0.1127,0.0494,-0.0448,0.8324,0.8985,0.6105,0.1671,-1.3015,0.0457,-0.5195,0.7231,0.1262,-1.5472,0.0405,-0.4999,0.7204,1.9882,-1.5014,0.1206,-0.0488,-0.1783,-0.1681,-1.72
799,5859,108,5,running,0.0466,-0.0062,1.6064,-0.0181,3.5871,-0.0577,2.6879,0.6595,4.6908,0.0983,0.9874,-0.0782,-0.7092,3.8855,-0.8084,1.6375,-1.9954,-1.5796,-1.7635,-2.735,1.8767,-0.855,6.789,-0.5802,-0.8906,-0.5639,-3.8623,-1.0322,-0.9465,-0.0225,-1.1196,-1.9794,0.9315,-1.9393,-1.3198,0.721,0.0891,7.0473,0.1012,0.9717,0.1009,-1.3161,-0.0506,-0.9669,-0.0908,-1.879,1.3229,-0.5223,0.4179,1.4991,-0.9236,0.8146,0.1708,1.4644
800,5860,108,5,running,-0.008,0.0468,1.5799,-0.0778,2.0183,3.649,0.0958,4.5976,-1.0595,1.9862,6.0692,8.7988,0.0856,7.7074,0.5593,0.7766,-0.7587,-0.0211,-0.6797,0.6594,-0.5472,-0.8531,0.0321,0.9622,1.8421,-0.8969,0.5421,0.1197,-0.0684,-2.5107,-0.6319,0.0705,-0.0891,-0.0861,-1.6607,-1.8613,1.4011,-2.7217,0.0973,-0.7143,-0.1127,-0.0652,-0.0348,0.0881,-1.8146,-0.0982,-0.3115,0.0405,0.1227,-0.0294,-2.9647,-1.5489,-0.0508,0.8363
801,5861,108,5,running,0.0057,-0.0873,1.5865,0.0499,2.0985,3.0187,4.0793,6.8966,7.6784,-0.547,0.7571,0.7898,-2.5582,-0.037,-0.068,-0.0583,1.566,0.8859,-0.6897,-0.6461,-0.6977,8.9795,0.7625,-1.9524,-1.8798,-0.0704,-0.7902,-0.1507,-2.9037,-0.1305,-0.0267,1.6316,0.7434,0.0252,-1.0992,0.1015,-0.4999,-0.0489,0.0284,0.0065,-0.0123,-0.0009,0.0509,-0.2162,0.1005,1.4143,-2.0397,-0.1194,-0.3198,-0.0365,-1.5012,-0.5281,-0.8363,-0.8591
802,5862,108,5,running,3.0575,0.0073,-0.0109,1.7094,2.7969,4.5867,-0.025,-0.0244,-0.0781,-0.0364,1.6591,-0.0468,1.6072,-0.5796,0.0876,0.7856,-0.8892,0.0695,-0.0507,-0.5413,-0.5584,-0.0006,0.7499,-0.1307,-0.5982,-0.1015,0.6685,-0.0252,-0.0077,-1.9748,-0.1192,-0.0803,-0.0267,-0.2803,0.0762,-0.1129,0.1505,-0.0405,-1.8987,-0.2208,0.1009,-0.2505,0.2163,-0.5281,-0.0489,-0.0098,-0.0563,-0.0365,-0.0083,0.139,0.0204,-0.2605,-0.0093,-0.0104
803,5863,108,5,running,0.0159,-0.006,1.0695,2.0872,3.0973,4.7766,-2.6499,6.6789,-1.7988,7.7898,-0.0797,-0.0475,-0.0312,-1.6591,-2.0582,8.5625,-1.5583,0.5761,-0.5469,-0.877,-1.748,0.5868,-1.7631,1.0457,0.9488,-0.1199,-1.947,-0.93,0.855,-0.6301,-2.6107,-2.9619,-0.5124,-0.9038,-0.419,1.6188,-0.8348,0.1006,-0.4666,-0.0215,-0.7447,1.4002,-0.6809,-1.8445,-0.618,-0.7001,-1.0247,-2.8695,-1.2371,-0.4238,0.5195,-0.2381,-0.0441,-1.9771
804,5864,108,5,running,-0.0083,0.0182,2.6879,1.7569,3.0886,4.7788,-0.047,-1.6661,-0.0697,-0.5585,-0.096,-0.5465,-0.0218,-2.0793,-0.5956,1.5899,-0.0596,6.8957,-0.768,7.9863,8.7867,0.8499,-1.7459,-0.1198,-0.7322,-1.5163,-0.0344,-0.0348,-0.1124,-0.0003,-2.9152,0.9526,-0.0362,1.9228,0.0574,-0.1504,-0.0505,-0.5409,-2.0679,-0.4256,-0.0441,-1.5223,0.089,0.0203,-1.9445,-0.8741,-0.1291,0.0762,-2.4242,-0.0892,-0.0071,-0.1309,0.0113,-0.0051
805,5865,108,5,running,-1.5593,0.0187,1.6075,4.6974,3.7872,2.7088,1.0779,-0.0592,1.8968,-1.8599,-2.978,6.9894,-0.0884,1.5981,0.579,-0.0962,-1.7773,-0.64,-0.6696,-0.5163,0.6316,-0.5137,-0.0461,-0.5467,-2.8108,-0.5635,1.835,-0.863,-0.0691,-0.0375,-0.7294,-1.5895,-2.914,-0.2806,-0.0219,-1.0457,7.4002,-0.0971,0.9882,-2.3197,-1.8216,-0.0505,0.0267,0.1194,1.7802,-0.5444,-0.0687,-0.0367,-2.5396,0.3233,-1.9771,0.3138,-0.8348,1.72
806,5866,108,5,running,-0.0073,0.0967,2.046,1.5958,3.0183,4.0897,-0.037,1.6478,-1.8862,-1.5789,-0.079,6.0575,-3.0694,-0.6879,7.84,-1.6574,0.6902,-0.0485,0.9854,-0.7793,0.8599,-0.8072,-1.8737,-1.5576,-0.0506,-0.635,0.2806,0.0672,-1.5162,-0.8601,0.9521,-0.0488,0.5618,-0.0652,-0.1008,-0.1508,0.0405,1.3451,1.7287,-0.419,-2.5013,-1.8985,1.4385,0.0008,1.4357,-1.9152,1.5001,-0.0707,-0.4458,0.3147,-0.1461,-0.1671,-1.0992,-0.0882
807,5867,108,5,running,-2.089,0.0463,1.5895,3.0165,2.0984,4.8897,6.0598,7.0083,8.0793,-2.7581,-3.7792,-3.7087,-0.0699,-0.5957,-0.6469,-0.796,-1.7861,0.5498,0.8902,-0.9455,-1.7466,-1.099,-0.8082,-1.5137,-0.8623,0.0319,-0.7345,-0.6885,-0.5802,-0.1011,0.5472,-0.4385,0.9636,-1.0705,-1.6605,-0.3238,-2.5625,-0.4608,-1.5427,0.7386,-2.6554,-1.4388,0.6133,-1.7614,-0.9228,-2.6194,-0.0684,-1.6302,-0.1672,0.9593,0.1871,0.9795,-0.72,-0.1262
808,5868,108,5,running,0.0959,0.0062,-0.0584,3.6683,1.5897,2.888,4.6073,-0.0894,-3.7857,-0.6964,-0.6793,-0.5595,-0.659,-2.0177,0.9874,-3.0699,-0.0437,-2.9675,1.864,-0.857,-1.7903,-0.0782,-0.5623,-0.0503,0.6319,-0.547,-0.7622,2.8971,-0.028,-1.3504,1.5758,-0.1106,-3.7386,0.1121,-2.721,-0.8746,0.1197,-1.9666,-0.6305,-0.9228,0.5802,-0.5204,-2.7459,-0.2491,-0.0561,0.1015,0.0581,-1.5184,-2.1692,-0.089,-0.0562,-0.0405,0.7297,0.5163
809,5869,108,5,running,0.0059,-0.047,1.6094,-0.0182,0.0218,0.0301,2.5592,3.0693,4.6468,6.0598,0.0788,0.0886,-0.0006,7.7599,0.7976,-0.0962,-0.8074,-1.7856,0.5467,-1.8521,8.6697,-0.7787,-0.1019,-0.6563,0.0405,-0.5761,1.8324,0.1102,-0.1198,-0.1006,0.5884,-0.2803,0.2304,0.0331,-1.7324,0.0506,-0.2604,0.1121,-0.8972,0.1308,0.2507,-0.2202,-0.0473,-0.5012,1.4393,-0.9099,-0.0804,-1.4995,-1.8363,-0.5802,-0.3147,-0.0554,-0.1509,0.1071
810,5870,108,5,running,0.0876,-0.0171,3.0769,2.8891,4.6681,1.7897,7.5979,6.9973,1.5794,0.5872,-0.046,0.6582,8.0696,-0.0562,0.5563,-1.7464,-0.0987,-2.548,0.0085,0.7556,-0.9567,-0.8903,-0.8315,-1.8468,-1.7243,-0.1195,-0.0507,0.7792,-0.9861,-1.028,0.9025,-0.0447,-1.8625,-1.4159,-0.8996,0.3252,-0.9313,-1.879,-1.7709,-2.6305,-0.0117,-0.6193,0.0283,-0.6607,-2.5757,-0.4256,-2.2373,-0.0247,0.0707,-0.6226,0.0187,1.8798,0.5195,-0.0294
811,5871,108,5,running,0.0601,-0.006,0.0594,1.7063,3.7868,2.6955,4.9864,-0.0774,0.0883,-1.5793,-2.5856,6.0981,1.5977,-2.6795,7.8892,8.04,-0.8799,-0.738,-0.5416,1.9067,-0.6686,1.8565,-0.4242,-0.0322,-2.7962,-0.8975,0.0992,-0.7613,-1.0508,-2.8462,-1.974,-0.1199,-0.021,1.722,-1.4006,-0.1122,-0.0405,-0.3108,-2.9171,0.5014,0.8415,-2.8106,1.3238,-0.3157,-0.8995,-0.1885,-0.0891,-0.0252,-0.0448,-0.0882,-0.5163,-2.8646,-0.0561,-0.0447
812,5872,108,5,running,0.0066,-0.0102,1.6593,2.068,4.6768,3.0979,-0.0399,-0.0462,-0.0788,6.5983,0.5892,1.5573,-0.0861,7.8975,-0.0587,0.6484,-2.9863,-1.8569,-0.5797,-1.7856,1.5137,-0.777,-0.6081,-0.9433,0.0204,-0.1015,0.1199,0.1109,-2.6346,-1.8635,0.5425,2.761,0.2806,1.5759,-0.7143,-0.0247,0.7295,-0.019,1.7445,0.0895,1.7243,1.6553,0.0571,0.8281,-0.0441,-1.0447,0.4649,1.6305,-1.6104,0.1004,-1.1896,-0.6244,-0.078,0.1491
813,5873,108,5,running,0.0976,0.0105,-0.0059,1.6094,-0.0871,3.649,4.077,2.5572,-1.0696,-0.6958,-0.6789,0.0465,6.9895,7.9799,8.7793,-1.8054,-0.7556,-0.8766,1.7982,0.7863,-2.0328,-3.6881,-1.8524,-0.8861,-0.5783,-0.6342,-2.7413,-2.7444,-0.8612,-0.6995,1.8181,0.6998,-0.0507,-0.4385,0.0219,0.5137,0.9659,-0.9798,0.8435,-0.9771,-0.4666,-0.1199,-0.1011,-0.5163,-1.7297,-0.4107,-0.0447,-0.9236,-0.6104,-0.8255,-0.5228,-0.8453,0.1862,-0.7334
814,5874,108,5,running,4.6777,1.7098,-0.0863,2.0073,3.0185,0.0399,4.6968,0.6079,6.6564,-0.0795,7.7581,-0.0956,-3.5796,-0.8906,8.0466,-0.058,1.8717,0.5584,0.5876,0.8872,-1.5475,0.9741,0.7892,-1.9285,-0.7123,-0.5902,-0.5137,0.1194,-2.0441,-0.4335,1.7233,-0.5802,1.9301,-1.8645,-0.8996,-0.4179,-1.6607,-0.0705,-1.8317,-0.8108,0.0935,-0.0971,0.8777,-0.9499,-1.8684,-0.1761,-0.8016,0.904,0.7295,-0.0453,1.0447,-0.6107,-0.5281,-1.8595
815,5875,108,5,running,0.0158,-0.0057,0.038,1.5972,-0.046,2.6781,-0.0009,-0.0692,-0.0215,0.0871,3.7974,4.6593,-0.0977,0.0761,-0.6684,1.0556,0.5583,-1.8769,1.8664,-0.1018,-0.0367,6.9991,0.547,-0.1106,0.024,7.7317,1.9862,-0.0441,-0.1196,-0.0082,-0.6894,-0.7895,-0.1009,-0.0405,-0.2164,-0.0504,0.9788,-0.0204,-0.1303,-0.0596,0.1126,0.1505,-0.0247,0.0209,-0.6399,-0.2306,0.0208,-0.1289,-1.6342,1.7635,-0.0335,0.0252,-0.0807,1.5752
816,5876,108,5,running,2.0575,-0.0863,1.5958,0.068,4.669,3.6583,-0.0086,-3.6489,-0.0987,-0.0796,-3.6855,0.6794,-0.546,-1.9993,-2.9897,1.0181,-0.6971,0.7468,-0.9539,1.7877,0.7904,1.8134,-0.567,-0.8536,0.021,-2.7311,-0.1192,-2.5489,-1.0672,-0.1102,-3.9228,0.5792,-0.1124,0.8695,-0.0344,-0.0862,1.8348,0.0009,-0.846,1.8882,2.4995,-0.0891,-0.0504,2.7754,-0.3154,1.0705,-0.0572,1.7291,-2.0707,-2.8477,-0.8453,-2.4649,0.1246,-0.9771
817,5877,108,5,running,-3.5787,2.9992,1.0098,0.0461,3.6971,4.6778,-3.0886,6.0972,-0.586,-1.8879,-0.8903,0.0181,7.5902,-1.567,-0.8568,1.8464,-0.5594,-0.0697,0.0763,-3.6573,-0.0574,-0.5802,-1.6693,-0.4242,-2.8388,8.8082,0.9575,-1.7233,-0.0608,-0.9639,-0.6342,-1.0509,-0.8315,-0.3019,-1.3175,-0.7459,-0.5445,-0.2809,-0.5441,-0.9124,-0.6244,-0.169,0.0204,-0.0891,-0.5659,-0.0876,-2.0962,-0.1887,-0.0767,-1.0667,-1.6103,-0.0108,-0.1783,-0.1809
818,5878,108,5,running,-0.0973,0.0187,3.0099,2.7959,1.6894,4.0772,0.5566,-0.6495,-1.6582,-1.5892,-0.0554,-0.068,0.567,-0.0431,-0.6084,0.7783,1.8567,-1.8886,-1.7597,-0.0874,-0.4999,0.0488,-0.0286,-0.7699,-0.6957,-2.9893,-0.5659,0.8902,0.1017,-0.8255,-1.3012,0.968,1.9045,2.7463,-0.8995,-0.5137,0.0317,-0.5222,0.7161,-0.6399,-0.1195,-2.4995,0.0781,-0.0252,-0.0871,-2.5281,-0.1691,0.0962,1.9795,-0.8406,0.1261,-1.5489,-0.8162,-2.1701
819,5879,108,5,running,0.066,-0.023,3.6568,2.6494,1.6661,-3.6788,4.9857,-0.0977,6.0886,-0.7093,-2.7595,7.0181,8.5876,-0.8974,-2.6959,0.0796,0.048,-1.0083,0.0592,-0.5573,0.5622,-0.7899,-3.5423,0.7459,-0.8501,-1.9744,-0.8411,-0.6311,1.8453,-0.8717,-1.038,-0.3238,-0.7218,-2.8214,-1.9593,-0.5163,-1.3247,-0.5444,-0.3108,-0.1691,-2.9794,-1.626,-0.7669,0.059,-0.1191,-0.9646,-0.0405,-0.8798,1.9152,-1.549,0.7709,-0.1744,-0.7297,-0.3157
820,5880,108,5,running,-0.0077,0.0186,1.5968,2.0971,3.5764,-0.047,4.6084,0.0697,-0.5894,-0.0569,-2.7596,0.0778,-0.0893,0.0317,-0.7966,0.6782,0.9565,-1.8529,0.7655,-0.0348,6.9861,-0.8962,-1.9124,-0.546,-1.9973,0.8788,0.0506,0.6345,0.0003,0.8317,1.6018,-0.7445,-0.0217,0.101,-0.5622,1.0441,0.1103,-1.5759,-1.3014,0.079,0.0881,0.1126,0.0123,-0.0367,-0.5281,-1.1194,-0.1309,0.5223,0.0283,-0.0365,-0.1272,1.4405,-0.0792,-0.0936
821,5881,108,5,running,2.7784,-0.0963,0.5968,3.0783,1.5592,2.5895,4.8971,6.0575,-2.6097,7.7901,0.807,-0.6586,8.0874,1.6664,-0.9957,2.7873,-0.0467,-0.6902,-0.9893,0.56,-0.547,-0.8388,-1.4222,0.5137,-0.7231,0.5444,0.9067,-1.5288,-0.032,-0.0691,1.7625,0.5013,-2.8531,-0.4143,0.9426,-0.5195,0.0992,1.5802,1.0489,-0.7297,-0.0707,-0.9645,-1.8744,-0.119,-0.4159,-0.5012,1.6605,-0.1682,-1.9593,0.3108,-0.0862,-0.0872,0.5204,0.4201
822,5882,108,5,running,-1.5595,3.7501,0.9858,2.0883,1.6073,4.5907,6.9968,0.068,7.0097,-0.6584,0.7796,-0.6987,8.7862,-0.6793,-0.0582,-0.5464,0.7963,-1.0399,-0.8874,-0.6691,-0.0976,-0.7081,-1.9419,1.579,-0.0461,-2.0388,-0.5618,0.8902,-0.8482,-2.0648,-2.7291,0.9669,0.8547,-0.7233,-1.6188,0.119,-2.4179,-2.4139,-0.879,0.0294,-0.865,-1.6198,-1.9138,0.0872,-0.8462,0.7267,-0.7295,-0.7167,-0.0441,0.7204,-1.174,0.0605,-2.0684,-0.8592
823,5883,108,5,running,-0.0158,1.0575,0.0073,-0.0861,-0.0984,0.031,2.5592,-0.077,0.0465,0.0008,0.0694,-0.546,-0.0218,0.6497,-0.5799,0.1306,0.6682,0.5976,3.7791,0.1005,-0.6962,-0.0472,0.0506,0.1196,0.9895,-0.1108,4.7885,-1.889,-1.5623,-0.1019,-0.2809,0.024,-0.7467,-0.0803,-0.0441,0.8979,-0.2169,-0.2505,-1.6893,0.2306,-0.8726,0.0186,0.0071,0.2203,-1.1124,-0.0354,-0.0204,-0.018,-0.0353,0.0228,-0.0163,-0.0357,0.1481,-1.8315
824,5884,108,5,running,-0.0558,0.0184,3.0792,1.5954,2.988,-3.7569,4.6693,0.0957,-0.8867,-1.6595,-0.6885,6.0499,0.0062,-0.0691,-3.7879,-0.766,0.6483,7.0861,1.7313,0.8655,0.637,-1.563,-0.7386,8.8719,-0.0325,0.4139,-1.5163,-0.8362,-0.9445,0.9029,0.7415,-0.968,-0.0705,-0.7297,-3.974,0.2803,-3.6244,-1.8146,-0.0448,-2.8972,-0.5173,-2.7782,0.5294,-1.0503,-0.8489,-0.0689,-0.0219,-1.5127,-2.0228,-0.0171,0.0781,0.3108,-0.7709,-0.7267
825,5885,108,5,running,-1.0091,0.068,1.6092,3.0775,2.5978,4.0872,6.9983,8.0573,-0.6694,-3.8855,0.0184,-0.6886,-0.5796,-3.6495,-0.7063,7.0976,-1.7767,-0.7961,-3.6974,1.659,0.0322,-0.8726,1.9862,-0.4458,-0.8525,0.9603,-0.5882,-0.541,1.5623,-3.9744,-3.9319,-0.2804,-3.3259,-0.044,-0.7243,-1.8902,-0.1019,-1.7338,0.0441,-0.0171,-3.7233,-1.9771,-0.3194,0.4107,-0.1681,-1.8985,0.07,-0.0102,0.7228,-0.0839,-0.0932,1.7393,-0.9809,-0.5281
826,5886,108,5,running,-1.0986,3.7873,1.7976,2.6588,0.006,4.6775,7.6498,0.5577,-0.9972,-0.5866,0.0569,-0.0863,-1.7083,-0.7468,-0.5796,6.9501,0.5956,8.0312,0.0692,-1.0789,-0.0505,0.0461,-2.878,0.8544,-0.9798,-1.8695,-1.9075,-0.3147,-2.4204,-1.0703,-1.8796,-2.8592,-0.9771,-0.9311,-0.974,-0.7295,-0.8445,-0.5107,0.3194,-0.1196,0.0441,-0.0213,-1.54,1.9128,-0.1682,-2.0891,-2.3192,0.8388,-0.5447,-0.8777,-1.0709,1.8644,-0.8646,-1.8363
827,5887,108,5,running,-0.0979,0.0182,1.6595,2.6984,4.0054,3.7872,-0.5894,-1.7081,0.0434,-0.0557,1.8076,0.036,-0.0877,-1.0775,0.0692,0.5968,-2.8766,-0.6793,-0.889,-3.7399,-0.9871,-0.9655,-0.7437,-0.0218,-0.6486,2.9747,-1.6218,0.0204,2.5614,-0.0007,0.2803,0.0507,-2.638,-0.0704,1.8545,0.833,-0.0861,-0.8907,0.1121,-0.0441,-0.1006,-1.0332,-1.7291,-0.1309,-0.1102,-0.0959,-1.8796,-1.3014,-0.549,-2.9795,-0.5489,0.1196,-0.0709,-0.0447
828,5888,108,5,running,-0.0585,0.04,1.0892,2.6784,4.0976,3.597,0.0102,-1.5796,-0.0694,-0.0774,1.7599,-1.6893,-0.5864,-0.776,0.9766,-0.7956,-0.5583,0.9895,-0.7862,-0.6982,-1.8863,-0.0375,-1.8065,-1.8348,0.0507,-0.0006,-0.7322,-0.5438,-0.8613,-0.1015,1.8971,0.0806,-1.8776,-1.9646,-0.0705,-0.0252,-2.9794,-0.0709,-0.1106,-0.1503,0.0286,-0.0107,-0.0972,-0.3259,-0.0781,0.0228,0.0204,-2.5134,0.0091,0.1308,-0.0247,0.0049,-0.0489,-0.0761
829,5889,108,5,running,-3.5565,0.6088,1.5867,2.0874,3.0181,4.6493,-1.008,-0.0796,0.6902,-0.5968,-3.5475,-3.7872,-0.7079,0.8903,6.9876,-0.0971,-3.8577,7.5645,-0.9745,0.0699,0.579,1.7316,-2.8614,-0.8345,0.0582,-1.0648,-1.9563,-2.8466,-0.3012,0.8735,-3.0475,-0.1197,-3.3114,-0.0506,0.0008,0.1017,0.5396,-0.2803,0.0489,-1.9432,1.5137,0.5163,-0.7447,-1.2391,0.5288,0.5124,0.9647,-0.7802,-0.0762,0.0561,-0.1218,0.6244,-0.7295,0.5228
830,5890,108,5,running,0.0082,-0.0789,2.0693,1.6955,3.0554,4.0887,-0.6874,-0.0199,-0.0984,-0.5862,0.6592,0.046,-2.7967,-0.5961,-1.5796,-1.7591,-0.6485,0.8877,-2.638,-0.9566,-0.034,-2.9772,6.7613,-2.947,-1.5638,-0.731,-1.7123,0.7871,1.9897,7.3994,-0.8631,-0.0709,1.499,-0.6607,8.0477,-0.025,0.5294,1.1192,0.4179,-2.0506,-0.3161,-1.1015,-1.7233,-1.9281,-2.6605,1.8363,0.9798,0.5228,-0.6254,-0.0183,-0.0489,-1.8348,-0.2381,-2.4303
831,5891,108,5,running,0.0093,-0.0557,0.066,1.097,3.589,2.6577,4.8895,-2.0774,6.9876,7.7875,8.9982,-0.5969,-0.5587,-2.7967,1.6894,0.9766,-0.6483,-1.0872,0.043,-0.8071,-0.0154,-0.8482,-1.8519,-0.0252,-3.026,-0.632,-0.034,-2.567,-2.622,-0.7311,-3.7291,-1.8592,-0.4335,-1.6104,-0.2805,-1.4204,-0.868,-2.96,1.4002,0.0489,-0.5281,-0.0709,-3.0448,-0.0488,-1.0447,1.6607,-2.9593,-0.8591,0.5134,-0.0228,-0.4385,-0.5294,-2.4107,-1.8595
832,5892,108,5,running,2.0554,-0.0699,0.0896,1.5574,2.588,3.5971,4.0787,-0.036,-0.0163,0.6962,0.0091,1.5797,-0.0464,0.7081,-1.7795,6.0967,-0.7968,3.8466,7.9075,-2.8876,-0.1192,-1.6598,-0.2805,0.8684,8.8619,-0.1304,-3.7856,-1.8134,2.7204,2.733,0.831,-0.0453,-0.5163,1.0472,-0.8363,0.8996,-2.5222,-2.9311,-0.8536,-1.023,-0.3108,0.6133,-0.6168,-0.1772,0.3175,-0.9228,-0.0508,-0.0961,-0.7281,-0.0447,-0.0582,1.9438,-0.9593,-2.5758
833,5893,108,5,running,-0.0064,0.037,2.5569,3.8897,4.7783,1.7901,0.5967,-1.7571,0.0796,-0.6876,6.0873,-0.5466,-0.0974,0.6093,7.8906,-2.0558,0.028,1.7898,-0.5808,-0.8765,-0.0425,0.1198,0.9991,-0.0686,0.5784,8.5163,-2.6311,0.5635,0.0348,2.9477,-2.5756,-2.8612,0.5472,0.2809,1.9562,-0.8544,1.5222,-0.3157,-1.9668,-2.905,-0.0488,0.1014,0.0182,-0.5294,-2.726,0.4649,-0.8998,-0.9152,1.9445,-2.0506,-0.5184,0.3169,0.0958,-0.1213
834,5894,108,5,running,0.0693,-2.7772,0.0883,1.0198,4.0084,3.6855,2.7967,-0.5795,6.6497,7.0965,-0.0461,0.0576,-1.5862,8.7099,-0.5907,-0.6687,-1.7875,-0.7469,0.0217,-1.8885,-2.8082,0.546,-0.0327,0.8406,0.7317,-0.8617,-0.5639,0.4266,0.4357,-0.7143,0.5134,-0.3154,-0.0447,0.9615,-1.6322,1.4007,1.0502,0.0457,2.3303,-1.8163,-0.4385,-0.6342,-0.5012,0.9067,-0.0488,-0.0441,-0.0453,0.9445,0.0061,0.0591,1.6242,-1.9124,-0.1471,-0.0454
835,5895,108,5,running,0.04,1.0798,-0.058,2.6783,3.5984,4.0889,-0.0963,6.6685,0.0196,-0.5564,0.026,7.9769,-0.032,-0.0507,-0.589,-0.5786,1.6574,1.8788,-0.067,-2.7973,-2.7768,-1.7582,8.7622,-1.9954,-1.5627,-0.7862,0.0005,1.6242,1.9405,-0.0441,-0.1004,-0.0872,0.7281,1.4007,-0.8388,-0.0705,0.0561,-2.9311,0.1198,-0.0591,1.8482,-0.0123,-0.0194,0.0199,-0.1107,0.0285,-1.3013,-0.1122,-0.4649,0.1381,-0.059,0.1506,-0.0092,-0.0361
836,5896,108,5,running,0.0173,1.5864,-0.0863,3.0057,2.0954,4.5976,0.7867,-0.7088,-0.0697,-3.7584,-1.6687,1.6977,-1.8095,2.6082,-0.9872,-0.5581,-1.8568,0.0786,-0.7971,-0.0583,-3.5489,-0.6561,-0.0413,-2.9037,1.9993,0.5124,0.0453,-0.6267,-0.5162,1.7466,-0.1194,-1.8903,0.5195,-0.9434,-0.0225,1.4458,-3.5617,0.4266,-0.5684,0.4159,-0.5281,1.5759,-1.6226,0.9614,-0.0405,0.0457,-0.7669,0.0204,-0.3286,-2.8106,-0.2392,-0.0539,-0.5163,-1.0393
837,5897,108,5,running,-1.0876,1.07,0.0109,3.6693,4.6894,2.8872,6.5898,-0.6065,7.6478,-0.0463,0.6784,-0.567,0.5573,-1.7957,-0.868,-0.0697,0.0583,-0.9982,1.9647,-0.7569,8.9577,2.6104,0.5981,0.5489,0.8777,-1.9025,-2.8383,-0.4204,-0.8591,-0.855,-0.5422,-0.0506,-0.0679,-1.037,-0.7467,-0.119,-0.0705,-1.9623,-0.5228,0.5246,-0.0247,0.3175,-0.9659,1.4013,-2.8348,-0.0447,-1.5173,-0.0787,0.6244,-0.6254,-0.0608,0.1262,-1.0219,-0.0561
838,5898,108,5,running,1.579,0.056,-0.0969,2.598,4.0095,3.7862,1.087,6.0193,0.8865,0.0799,1.7597,-0.6474,-0.0428,0.5582,-1.863,-2.6768,0.7966,-0.5162,-0.5854,-0.0693,-1.8544,0.7791,-2.8695,-1.8976,1.9624,-0.8465,-0.0709,0.7345,0.9466,0.8362,1.5625,-0.419,0.0503,-1.877,-1.5163,0.0313,1.0252,-0.0348,-0.0217,-0.0861,-1.6105,-2.1129,1.5489,-0.5127,0.8462,0.9771,-0.0892,-2.9593,0.0781,-0.5137,-0.0286,-1.8477,0.5124,-0.5173
840,5900,108,5,running,3.7797,-3.0887,0.8867,2.0591,1.6892,4.0179,3.7572,6.9894,7.0796,8.6083,2.8566,-2.5786,-0.0655,-0.5615,-1.5976,-0.548,-1.647,-0.6399,-2.7325,-0.6581,0.8902,-1.9569,-0.7871,0.0469,-0.5874,-0.7386,-0.0961,0.0321,-1.8796,-0.8401,-0.5808,-2.7013,-0.7459,-0.2803,0.9393,-0.0882,0.5014,-0.0862,-2.7447,-0.1018,-0.1199,-0.1693,-1.8363,-0.0506,-0.8453,-0.0679,-0.5489,0.9882,-0.6809,-0.7297,-0.0605,-0.5204,-0.6244,-0.8108
841,5901,108,5,running,-2.5865,1.6092,2.0787,0.0983,3.6695,4.7971,-1.8906,7.9854,6.6976,8.5791,2.7572,-1.8863,-0.0897,-1.7093,-0.0475,-0.0062,0.748,-1.7799,-0.8524,-0.5615,0.5973,-0.0364,-0.0582,-0.6878,0.5586,-0.1196,-0.5472,-1.6784,0.9466,1.8592,-0.5442,-2.6198,-0.0705,0.3161,-0.9236,-0.9067,-0.6226,-0.9228,-2.7477,-1.968,-0.6605,-0.4388,-2.9195,-0.0781,-0.7204,0.0102,-0.0561,-0.0247,0.1206,1.5223,1.9405,0.0849,0.4608,-1.9593
842,5902,108,5,running,0.006,-0.0157,1.0893,2.7092,3.6877,4.7895,6.679,7.6685,-0.5864,-0.7597,-0.6965,8.0987,-0.8973,-1.0791,-1.7655,-1.0583,-0.5475,0.046,-0.846,-0.0399,-1.568,1.7962,-0.8863,-0.5986,-0.8406,-3.72,1.4125,-0.9464,1.4143,-0.9872,-0.0697,-0.0684,-1.7463,-3.6305,0.0289,-0.0267,1.5134,-0.1191,0.7445,-0.7386,0.6995,-0.3147,0.4649,-0.7281,0.1871,-2.4204,-1.9613,-1.5137,-0.7265,0.8348,0.8646,-0.3189,0.0448,-0.8181
843,5903,108,5,running,0.0693,1.6495,-1.0569,0.0079,4.6857,3.8861,2.7867,6.0871,8.9897,7.0791,-0.6073,-0.0462,0.0985,-0.567,-3.5475,-0.6583,-0.7792,-0.6681,-0.5987,-3.9646,-0.8419,1.8955,-2.7426,-0.0672,-0.0186,-0.588,0.999,-0.5488,-0.1194,-1.3198,-0.7295,-0.0679,1.766,2.635,-1.879,-0.8462,-0.0217,-0.8777,-0.2805,-0.6143,-1.4385,-0.0972,0.6168,-0.8591,-0.6133,-2.6154,-0.9228,-0.0704,0.946,-1.6342,-0.0706,-0.7001,-1.5281,-0.5204
844,5904,108,5,running,0.0958,-0.0896,1.7584,3.07,4.6901,2.9863,-0.7976,1.6877,-3.7894,0.0589,6.579,-0.5981,7.5564,0.5699,1.8893,-3.837,8.6567,-0.866,0.8766,0.8073,0.8986,-0.0697,-2.6244,0.028,-0.541,-0.0321,-0.1198,1.4125,0.7295,-0.0992,-0.7422,-3.9523,-0.1102,-0.0472,0.0488,-3.4385,-0.0441,-2.8524,-0.0571,-0.0672,-2.8146,-0.8997,-0.6242,-0.0157,-2.0707,-0.5294,-0.7265,-0.0679,-0.0684,0.0936,1.5013,-0.4458,-1.3154,-1.5281
845,5905,108,5,running,3.6958,0.0095,-0.0965,1.0793,3.6478,2.8971,4.0182,-0.7974,-0.0862,-0.5775,1.6794,-0.6085,-2.5954,-0.847,-0.9987,-0.689,-1.5655,-2.6673,-1.7776,0.0413,-0.0696,-0.8892,0.868,0.033,-2.9897,-0.0707,-0.0863,2.9405,1.0472,-0.5163,-0.1011,-0.9794,0.4999,2.7233,2.0506,2.5752,-0.7386,-2.8363,-0.4256,-1.0709,-1.2581,0.8281,-2.5228,-0.0214,-1.0247,-0.6104,0.4649,0.0705,-0.1791,0.0252,-0.1783,-1.9882,-0.4236,-1.1808
846,5906,108,5,running,2.6907,-0.0955,0.0401,1.0572,3.6588,2.9873,4.6778,1.0896,-0.6695,6.7787,7.6493,8.7468,-1.758,-0.0079,-0.9961,0.8902,-1.034,2.5983,0.5862,-0.8638,-0.547,1.9037,-0.6071,-1.0393,0.978,-2.5763,-0.8544,-2.0649,-0.0707,-0.7709,0.7291,2.5684,0.5623,1.8466,-0.5294,0.5124,-0.0608,-1.9432,-0.0992,0.0686,-0.0687,0.0881,-0.0161,-0.5195,-0.618,-0.5442,0.0204,-1.8986,-2.1199,-0.1892,1.5163,0.0876,0.6305,0.1791
847,5907,108,5,running,0.0962,-0.006,1.7898,2.5897,3.6486,4.0103,0.0871,-0.6977,1.6581,-3.6774,-0.7083,-0.8976,-0.558,6.0699,-1.7902,-0.0596,-1.6859,7.5675,-1.9566,0.8412,-2.8521,-0.8788,-2.547,-0.6326,0.1011,-0.0473,-0.5228,-0.0437,-3.736,1.3016,-1.5791,-0.7291,-0.9023,-0.0872,-1.1199,0.9375,0.7338,1.5013,-3.9124,-0.0485,0.1697,-0.0161,0.7297,-0.0882,-0.0992,-1.6204,1.3245,-3.8103,0.5281,-0.0894,-0.0941,-0.7709,-0.3188,0.1651
848,5908,108,5,running,-0.0164,0.0313,1.5791,2.0973,3.0571,4.7855,-0.0093,-0.5879,-0.068,6.047,-2.9567,1.9987,7.9862,-2.8865,-0.7468,8.976,-0.6981,0.8972,0.0777,-0.6375,-0.0672,-0.6684,-1.8316,-0.5902,-1.8592,-0.0348,1.4009,0.547,-1.9152,-2.8521,0.0489,0.9645,0.0506,-0.0267,-1.8683,-1.4666,0.5622,-0.0707,-0.9432,0.0561,-0.019,-0.1309,-0.0447,-0.0473,-0.0986,-0.0976,-0.0294,1.72,-0.0285,-1.8462,-0.0882,0.1392,0.0957,-1.4107
849,5909,108,5,running,0.0301,-0.0218,0.0063,1.6487,2.0879,-0.0469,-0.0504,3.0555,4.9865,1.5873,6.5984,-0.7783,-0.0774,7.0692,-0.7085,-0.9972,0.5623,-0.1307,-1.7591,-0.5794,1.6067,8.8071,-1.6862,-0.968,-0.5425,-0.8886,1.0457,-0.8966,-0.7882,-1.905,-1.119,-1.6105,-0.5281,-0.4199,0.9322,-0.765,-0.5684,-0.7267,-0.9737,-0.1124,1.8686,-0.0881,-0.6104,0.9548,-1.0123,-2.4649,-0.8695,-0.1018,-0.4159,0.0441,-0.1861,-0.4179,-1.0489,-0.0704
850,5910,108,5,running,0.0159,-0.0468,1.0575,2.0773,3.7988,4.6493,0.5898,0.6081,6.8972,7.7095,8.0071,-0.0877,-1.558,-0.0961,-0.8765,-0.5785,0.6696,-0.0399,0.7469,-0.119,-0.6783,-0.7863,-1.5427,0.9433,-0.0697,-0.862,-1.1011,-1.5137,0.8435,-2.499,-0.6267,-2.9038,-0.5127,-0.0247,1.4006,0.0009,0.7613,0.7204,-0.0489,-1.5281,1.0509,-0.4608,-0.5228,-2.6143,-0.0684,-0.564,-0.549,-0.0782,-0.021,-0.0084,-1.5223,-1.5222,-0.0562,-0.4159
851,5911,108,5,running,1.7871,0.0109,-0.0573,2.6081,3.6594,4.7903,-0.0693,1.0892,-0.047,-0.0091,-0.0774,-0.5795,-0.5961,-0.6782,-2.5464,-0.6685,-0.6897,-0.5876,0.7577,-0.1195,0.888,0.9872,0.0252,-0.0448,0.6902,-0.0509,0.0006,-1.6399,-2.9655,-0.1307,-0.0405,-0.0056,-0.8908,-0.5228,-0.5444,-0.1012,0.1008,0.0247,0.0296,0.0804,-0.1507,-1.0367,0.0244,-1.8181,-0.0336,-0.0447,0.0187,-0.0226,0.0277,0.1106,-0.0286,-0.149,0.0884,-0.0086
852,5912,108,5,running,0.0173,-0.026,0.0082,1.0789,2.0877,4.0956,3.9993,0.7978,-0.038,0.5867,0.6584,0.7595,-0.0559,-0.0469,1.5587,-2.9636,-0.5788,-2.7097,2.6692,-0.6885,-0.6491,0.9854,2.8613,0.7334,-0.5163,-1.5281,1.7438,0.7613,2.9795,1.8798,0.0601,-2.6319,-0.4388,-0.6107,-0.6995,1.8326,0.4649,0.9646,-0.8363,-0.5195,-0.0252,-0.0247,2.8477,0.0489,-2.9027,0.0506,0.5444,0.6168,-0.0872,1.4293,-1.9433,1.7459,-0.8365,-1.5472
853,5913,108,5,running,0.0593,-0.0871,0.0186,2.0967,1.5862,3.7783,4.7874,0.067,1.0769,6.8096,-0.6088,0.0499,7.6898,0.0312,-0.0091,-0.8566,-0.0212,-0.0005,1.8475,0.6582,0.5961,0.1308,0.5572,-0.7987,-1.579,-0.7664,-0.9523,-0.1106,-0.5411,1.8981,-0.1124,-1.8363,-0.2166,0.1018,-0.1009,1.9437,1.4996,-1.731,-0.6322,-2.5759,-0.0453,-0.0488,-2.5617,0.0797,0.2807,0.0507,1.1196,0.0535,-0.8986,-0.0539,-0.0285,0.0592,0.1333,0.0294
854,5914,108,5,running,4.0077,-0.609,0.0187,1.0597,3.7872,2.6568,4.7969,0.6786,-0.5595,-3.9989,-0.5909,-1.9857,-0.0873,6.7074,-0.5675,7.6471,1.0776,-0.0691,-0.0466,-0.038,-1.9636,-0.5445,-2.5862,-1.9646,-0.0992,-0.8468,8.0608,-2.8544,-0.0218,-0.6313,-0.2805,0.0267,2.9405,-0.1199,-0.0007,-0.0689,-0.0348,-0.0506,0.3117,-0.8893,-0.0181,-0.0192,-1.4179,1.4649,-1.8798,0.0582,0.0908,0.5294,-1.9464,-0.0246,-0.0277,-0.4388,0.0203,-1.0961
855,5915,108,5,running,0.067,-0.0375,1.5795,2.0082,-2.0883,3.0189,4.6791,6.8868,0.0559,7.6076,-0.7956,0.7772,0.0973,8.8061,-0.0781,-0.5469,-0.5586,2.6474,-1.6584,-0.5899,-1.048,-0.4385,0.9892,-2.6687,-0.0224,-1.8567,-0.9614,-0.1019,-1.7123,1.8477,0.3175,-0.9431,-1.9314,0.7897,-0.4266,-0.618,1.8646,-0.0871,0.4608,0.9794,-1.0204,1.5489,-1.7291,-0.1192,0.9066,0.4666,-0.5137,-1.1862,-0.0932,-0.0563,-1.5447,-0.5488,-0.3157,-0.0286
856,5916,108,5,running,4.0979,0.0463,-1.6591,3.6682,2.6893,1.5571,4.709,6.0775,-0.8873,7.0558,0.0186,0.006,-2.8054,-0.9895,0.8964,8.8767,0.6977,2.5796,2.0874,3.9981,-0.0313,-0.7894,-0.0443,-0.8363,0.0707,1.9737,-0.9794,-0.8525,-1.5124,-0.026,0.0441,0.5956,-0.0692,0.0684,-0.5281,-0.5163,-1.8316,1.726,-0.5339,0.7635,0.8592,0.0562,-0.8434,-1.7459,-0.5012,-0.4266,0.1196,-0.0473,0.7243,1.7291,-0.1748,-0.1887,1.5756,-0.6303
