candidate_id,window_id,subject_id,activity_id,activity_name,value_0,value_1,value_2,value_3,value_4,value_5,value_6,value_7,value_8,value_9,value_10,value_11,value_12,value_13,value_14,value_15,value_16,value_17,value_18,value_19,value_20,value_21,value_22,value_23,value_24,value_25,value_26,value_27,value_28,value_29,value_30,value_31,value_32,value_33,value_34,value_35,value_36,value_37,value_38,value_39,value_40,value_41,value_42,value_43,value_44,value_45,value_46,value_47,value_48,value_49,value_50,value_51,value_52,value_53,value_54,value_55,value_56,value_57,value_58,value_59,value_60,value_61,value_62,value_63,value_64,value_65,value_66,value_67,value_68,value_69,value_70,value_71
0,5060,108,2,sitting,-0.0033,1.2907,-0.0103,0.027,-0.0206,-0.0009,-0.0475,-0.8695,0.065,-0.0512,0.3898,0.0558,-0.1345,0.2036,-0.0842,0.0962,0.0504,0.0546,0.025,0.001,0.02,0.0126,0.0809,-0.01,0.0232,-0.0031,0.0143,0.0244,-0.0247,0.0064,-0.0056,0.0279,0.0072,0.0041,-0.0161,0.0047,-0.0257,0.6681,0.0239,0.0254,-0.0088,0.0184,-0.0151,0.0053,0.5499,-0.009,-0.0055,-0.0078,0.0186,0.9665,-0.0052,-0.0292,0.0194,0.0167,0.0183,-0.0069,-0.0256,0.0253,-0.0468,-0.1102,0.0002,0.0273,0.0287,0.0277,-0.2163,-0.0189,0.0309,0.0097,0.0223,0.0085,-0.1504,-0.0077
1,5061,108,2,sitting,-0.0115,1.3039,-0.0066,0.0796,-0.047,0.021,-0.0323,-1.1146,0.0574,-0.0694,0.5919,0.0495,-0.1875,-0.2892,-0.0006,0.0872,-0.0957,0.1006,0.2055,0.1017,-0.1308,0.2427,-0.0804,0.2684,0.001,-0.0207,0.0273,-0.0332,-0.02,0.0294,0.0131,0.0293,-0.0164,0.0088,-0.0135,-0.0036,-0.0186,0.6897,-0.0001,0.0221,-0.0259,-0.0,-0.0167,0.0053,0.4882,0.005,0.0052,-0.006,-0.0002,1.5887,-0.0163,0.0091,-0.0165,0.0078,-0.0169,-0.0162,0.0076,-0.009,0.0274,0.0379,-0.0248,0.0252,0.0327,0.0095,-0.2167,-0.0193,0.0275,0.0085,0.0237,0.0268,-0.1198,-0.0249
2,5062,108,2,sitting,0.0049,1.3059,-0.0115,0.0314,-0.0133,0.0232,-0.0273,-0.9452,0.0581,-0.069,0.4095,0.0466,0.0941,0.9737,-0.0005,0.0018,-0.0219,0.0065,0.0194,0.0084,-0.0043,-0.0045,0.0144,-0.0125,0.0155,0.0034,0.0256,-0.0085,-0.0096,0.0262,-0.0046,0.0314,0.007,0.0056,-0.0164,0.0063,0.0738,0.3967,-0.0002,0.0142,0.0873,0.0186,-0.0153,-0.0069,0.545,-0.0057,-0.0074,-0.006,-0.01,0.8489,0.0075,0.0247,-0.0098,-0.0092,-0.0259,0.0093,0.0089,-0.0091,-0.0083,0.1015,0.008,0.0199,0.0253,0.027,-0.2302,-0.0286,0.0277,0.0077,0.0178,0.0285,-0.1126,-0.0195
3,5063,108,2,sitting,-0.0067,1.5665,-0.0136,0.0427,-0.0007,-0.0345,-0.025,-0.8182,0.0639,-0.0512,0.4411,0.0778,0.139,0.2521,-0.0506,-0.0046,-0.01,0.0002,0.0928,0.0186,0.0247,0.0246,-0.0248,0.0159,0.0541,0.001,0.0871,0.0043,-0.0232,0.0222,-0.0068,0.0291,0.0085,0.0065,-0.0153,0.0038,0.0001,3.5869,0.0088,-0.0241,-0.0091,-0.02,-0.0174,-0.0061,0.4972,-0.0047,-0.0056,-0.0052,-0.0184,0.9857,-0.007,-0.0231,-0.0162,0.0089,0.0182,-0.0073,-0.0235,0.0066,-0.0259,-0.0335,-0.0077,0.0164,0.0193,0.0183,-0.1787,-0.0179,0.0287,0.0199,0.027,0.0373,-0.1305,-0.0299
4,5064,108,2,sitting,-0.0018,1.3825,-0.0113,0.0434,-0.0045,0.0052,-0.0322,-0.8695,0.0515,-0.0332,0.4423,0.0409,0.0214,0.1695,0.0069,0.0037,-0.0092,0.007,0.0205,0.0063,-0.0046,0.0027,0.0036,-0.0065,0.0059,-0.0039,0.0277,0.0051,-0.0009,0.0186,-0.0042,0.0313,0.01,0.004,-0.0141,0.0057,-0.0231,0.9985,0.0154,0.0182,-0.0655,-0.0874,-0.0109,0.0053,0.4971,0.006,0.0073,-0.0062,0.0235,1.0508,0.0247,-0.0798,0.0189,0.0237,-0.0087,0.0097,0.0075,0.0077,-0.0768,-0.0896,0.0079,0.008,0.0178,0.0223,-0.2207,-0.0222,0.0467,0.0076,0.0262,0.0285,-0.1193,-0.0291
5,5065,108,2,sitting,0.0059,1.3386,-0.0158,0.034,-0.0078,0.0417,-0.023,-1.056,0.0693,-0.0771,0.5084,0.0872,0.1875,0.3541,0.0007,0.0147,-0.0056,0.0504,0.0929,-0.0232,-0.02,0.0247,-0.0205,-0.001,0.01,-0.0037,0.0286,0.0169,-0.0066,0.0189,-0.0044,0.0298,0.0064,0.0042,-0.0152,0.0046,-0.0092,-0.3955,-0.0085,0.0091,-0.0096,-0.0045,-0.0163,0.0054,0.5788,0.0067,-0.0051,0.0049,-0.009,0.947,-0.0179,0.1014,-0.0173,0.0082,0.0231,0.0068,-0.0197,-0.0076,-0.0562,0.0807,0.0083,0.018,0.0174,0.0328,-0.2203,-0.0223,0.0268,-0.0181,0.0177,0.0373,-0.1108,-0.0206
6,5066,108,2,sitting,-0.0055,1.3265,-0.0136,0.0626,-0.028,0.032,-0.0437,-1.1285,0.079,-0.0546,0.5794,0.0818,0.094,-0.1786,-0.01,0.0059,0.0009,0.0042,0.0195,0.0075,0.0002,0.0147,-0.006,-0.0127,0.0078,-0.0049,0.0273,-0.0063,-0.0074,0.0169,0.0054,0.0302,0.0098,0.0035,-0.0144,0.0043,0.0507,0.3864,0.0207,-0.0051,0.0222,-0.0231,-0.0161,-0.0048,0.5084,-0.0073,0.0089,-0.0156,-0.0188,0.8443,0.0221,-0.0488,-0.0165,0.007,0.0067,-0.0077,-0.0182,-0.0187,0.0597,-0.0176,-0.0081,0.0068,0.0249,0.0291,-0.2506,-0.0072,0.0284,0.0191,0.0179,0.0279,-0.1002,-0.0196
7,5067,108,2,sitting,-0.0108,1.3287,-0.0089,0.023,-0.0166,-0.0002,-0.0344,-1.0515,0.0439,-0.0503,0.5083,0.0655,0.1468,0.2949,-0.0008,0.001,-0.0221,0.0791,0.0947,0.0335,0.0038,-0.0232,0.0084,-0.0001,0.02,-0.0042,0.0231,-0.0082,-0.0146,0.0233,-0.0036,0.0296,0.0094,0.0037,-0.0151,0.0059,0.01,0.4874,-0.0172,-0.0075,-0.0373,-0.0277,-0.0164,-0.0045,0.577,0.0056,0.006,0.0058,-0.0185,0.9986,-0.0092,0.0484,-0.0088,0.0096,-0.0207,-0.0195,0.0081,-0.0193,0.0807,0.0576,-0.0077,0.0259,0.0178,0.0171,-0.1898,-0.0205,0.0268,-0.0273,-0.0222,0.0279,-0.1194,-0.0266
8,5068,108,2,sitting,-0.0067,1.3311,-0.0102,0.037,-0.0162,-0.001,-0.055,-0.9846,0.0694,-0.0716,0.4403,0.0941,0.1389,0.3974,-0.0415,-0.0006,0.0896,0.01,0.1192,-0.0504,0.0581,0.0166,0.0247,0.0164,0.0332,-0.0043,0.0262,0.0042,-0.0002,0.0293,-0.0047,0.0298,0.0152,-0.0044,-0.0165,0.0045,0.0209,0.6092,0.0195,0.0083,-0.0158,-0.029,-0.0153,0.0055,0.5418,0.0072,0.0063,-0.0082,0.0157,0.9236,-0.0206,0.0473,-0.0191,0.0079,0.0221,-0.0178,0.0097,-0.0193,-0.0159,-0.0077,0.0099,0.0188,0.027,0.0175,-0.2307,-0.0259,0.0173,0.009,0.0223,0.0292,-0.1127,-0.0273
9,5069,108,2,sitting,-0.0066,1.2982,-0.0115,0.0581,-0.0167,0.0464,-0.0254,-0.9334,0.0788,-0.0696,0.4085,0.0825,0.1386,0.2443,0.0216,0.0318,-0.0008,0.0508,0.0947,0.0286,-0.0809,-0.001,-0.0461,-0.0059,0.0231,-0.0084,0.0293,0.0165,-0.0075,0.0294,-0.0044,0.0295,0.0097,0.0068,-0.0172,-0.0063,-0.046,0.3958,-0.0056,-0.0055,-0.0205,-0.0094,-0.0189,0.0045,0.4987,0.0074,-0.008,-0.0153,-0.0192,1.5799,0.007,-0.101,-0.0054,0.0095,0.0098,-0.0178,0.0077,-0.0002,-0.0273,-0.0073,0.0079,0.0268,0.0262,0.0258,-0.2293,-0.0089,0.0191,0.009,0.0238,0.0183,-0.1504,-0.0176
10,5070,108,2,sitting,-0.0022,1.3262,-0.0115,0.0325,-0.0169,-0.0184,-0.0211,-0.9452,0.0546,-0.0412,0.435,0.0692,-0.0744,0.3797,0.0007,0.0064,-0.009,0.0232,0.0221,0.0172,-0.0031,-0.0032,-0.0059,-0.0161,0.0088,-0.0035,0.0277,0.0068,-0.0195,0.0226,-0.0042,0.029,0.0091,0.0034,-0.0139,-0.004,0.0974,0.6563,-0.001,0.0852,-0.0509,0.1015,-0.0166,0.006,0.5793,0.0049,0.0089,-0.0085,0.0075,0.9665,0.0186,-0.1509,-0.0073,0.0062,-0.0266,0.0196,0.0081,-0.01,-0.0807,-0.0458,-0.0076,0.0098,0.0375,0.1105,-0.2603,-0.0171,0.1003,0.0222,0.0599,0.1309,-0.1129,-0.0782
11,5071,108,2,sitting,-0.0103,1.4369,-0.0056,0.0584,-0.0412,-0.0094,-0.0628,-1.0917,0.0789,-0.0846,0.4423,0.0507,-0.1658,-1.2698,-0.0219,0.0002,-0.0142,0.0004,0.0209,-0.0131,0.0001,0.0063,0.0059,-0.01,0.007,-0.0038,0.0231,0.0068,-0.0162,0.0147,0.0055,0.0298,0.0083,0.0074,-0.0143,0.0041,0.0172,0.6675,0.0182,0.0085,0.0181,0.0088,-0.0045,0.0086,0.5464,0.008,-0.0049,-0.0069,-0.0153,0.9458,-0.0078,-0.1012,0.0091,-0.0092,0.0079,-0.0199,0.0221,-0.019,0.02,-0.0809,0.0061,0.0195,0.0207,0.0222,-0.2168,-0.0087,0.0268,0.0076,0.0177,0.0293,-0.1127,-0.0182
12,5072,108,2,sitting,-0.0059,0.9765,-0.0092,0.0182,-0.0063,-0.0096,0.0249,0.5595,-0.0344,-0.0461,-0.2332,-0.0618,0.0216,1.2949,-0.0005,0.0052,-0.0074,0.0146,0.0143,0.0093,-0.0058,0.0078,-0.0064,-0.0075,0.0125,0.0038,0.037,0.0037,-0.0067,0.0186,-0.0066,0.031,0.0073,0.0039,-0.0135,0.0069,0.076,3.0885,0.0083,0.0222,-0.0589,0.0503,-0.0156,0.0053,0.4768,0.0051,0.0057,0.005,-0.0084,1.0977,-0.0087,0.1197,0.008,0.0188,-0.0205,0.0091,0.0181,0.019,0.0176,-0.0562,-0.0094,0.0174,0.0199,0.0171,-0.2202,-0.0198,0.0287,0.0079,0.0228,0.0095,-0.0806,-0.0111
13,5073,108,2,sitting,-0.0112,0.9087,-0.0085,0.0437,-0.0006,-0.0562,-0.0315,-0.4946,0.0373,-0.079,0.2406,0.025,0.0929,1.3396,-0.001,0.0164,-0.0083,0.0155,0.0273,0.0221,-0.0088,-0.014,0.0038,-0.0092,0.0098,-0.0034,0.0293,0.0074,-0.0165,0.0172,-0.0031,0.0344,0.0066,0.0042,-0.0168,0.0056,0.0194,3.5986,0.0043,0.007,-0.0152,-0.0508,-0.0154,-0.006,-0.4851,-0.008,-0.0047,0.0081,0.0002,2.8976,-0.0063,0.1002,0.0075,0.0193,0.0199,0.0095,-0.0167,-0.0169,-0.0222,0.0809,-0.0079,0.0182,0.0259,0.0097,-0.2209,-0.0286,0.0467,0.0077,0.0206,0.0189,-0.1127,-0.0205
14,5074,108,2,sitting,-0.0065,0.6828,0.0117,-0.0211,-0.0082,-0.0112,-0.0439,-0.8657,0.0796,-0.0516,0.3813,0.0675,0.0325,1.3686,0.001,0.0008,-0.0002,0.007,0.0083,0.0149,-0.0041,0.0085,0.0063,-0.0044,0.0195,-0.0032,0.0279,0.0061,-0.0189,0.0292,-0.0045,0.0286,0.0084,0.0059,-0.015,0.0051,-0.0143,0.8873,0.016,-0.0081,0.0852,-0.0066,-0.0155,0.0047,0.5467,0.0053,0.0076,-0.0092,-0.0208,0.8191,0.0194,0.0957,0.0098,-0.0169,-0.0241,-0.019,0.0158,-0.0099,-0.0179,-0.0247,0.0193,0.0197,0.0252,0.0469,-0.2253,-0.0191,0.0504,0.0071,0.027,0.0273,-0.2202,-0.0291
15,5075,108,2,sitting,-0.0045,0.8273,-0.0155,0.0007,-0.0169,0.0095,-0.0259,-0.9278,0.0574,-0.047,0.4088,0.0585,0.026,1.1692,-0.0143,0.0046,-0.0086,0.009,0.0364,0.0063,-0.0042,-0.0024,0.0038,-0.0094,0.0206,-0.0033,0.0231,-0.0084,-0.0109,0.0141,-0.0036,0.035,0.0083,0.0065,-0.0106,0.0037,0.0847,3.5977,0.0232,0.0292,-0.0044,-0.0789,-0.0158,0.0049,0.5468,0.0052,0.0053,0.0166,-0.0248,0.9726,0.0062,0.1012,0.0067,-0.0193,-0.0247,-0.0179,0.01,-0.0161,-0.0222,-0.0503,-0.0254,0.0187,0.0268,0.0698,-0.2281,-0.0373,0.018,0.0099,0.0205,0.0332,-0.1506,-0.0301
16,5076,108,2,sitting,-0.0067,1.3282,-0.0104,0.0216,-0.0195,-0.0085,-0.0344,-0.9458,0.059,-0.0409,0.4155,0.0569,0.0942,0.9717,-0.0168,0.0008,-0.0082,0.0077,0.0209,0.0084,-0.0038,0.0059,-0.0045,-0.0064,0.015,-0.0032,0.036,-0.0065,-0.0078,0.0226,0.0035,0.029,0.0094,0.0047,-0.0153,0.0058,0.0737,0.5675,-0.0089,0.0874,-0.0696,0.1309,-0.01,-0.0072,0.4986,-0.0066,-0.0048,-0.0054,0.02,1.5763,-0.0162,-0.0803,0.007,-0.0155,0.0262,-0.0002,0.0253,0.0207,0.0508,-0.1018,0.0273,0.0188,0.0198,0.0294,-0.2093,-0.0247,0.0379,-0.001,0.0239,-0.0301,-0.1507,-0.0245
17,5077,108,2,sitting,-0.0135,1.2539,-0.0072,0.0329,-0.022,0.0006,-0.027,-0.9452,0.0574,-0.0415,0.4463,0.0618,0.0075,0.3346,0.0056,0.0043,-0.0185,-0.0094,0.0181,0.0161,-0.0088,0.007,0.0036,-0.006,0.0149,0.0041,0.0294,-0.0084,-0.0159,0.0069,-0.0053,0.03,0.0098,0.0052,-0.0164,0.004,-0.0791,0.0948,0.0889,0.0509,0.1017,-0.0809,-0.0093,-0.0092,0.5468,-0.0047,-0.0006,-0.009,-0.001,0.965,-0.0223,0.1121,-0.0226,-0.0206,0.0231,-0.0066,0.0332,-0.0162,-0.0697,-0.0783,0.0079,0.0076,0.0182,0.0087,-0.1865,-0.01,-0.0245,0.0268,0.0173,-0.008,-0.1309,-0.0161
18,5078,108,2,sitting,-0.0049,1.3617,-0.0103,0.0411,-0.0045,0.0009,-0.0195,-0.5566,0.0246,-0.0241,0.2469,0.0218,0.0092,0.3881,-0.0142,-0.0116,-0.0188,-0.0164,0.0182,0.0163,0.0059,-0.0074,0.004,-0.0129,0.0044,0.0058,0.0273,0.0075,-0.0105,0.0231,-0.0037,0.032,0.0094,0.0072,-0.0154,0.007,0.0696,0.0743,0.0985,0.0846,-0.1014,0.0509,-0.01,0.0057,0.5326,0.0062,-0.0089,0.0068,-0.0268,0.9665,0.006,0.1129,0.0186,0.0206,-0.009,0.0073,0.0191,0.0171,-0.1199,0.1004,0.0002,0.0209,0.027,0.0198,-0.2254,-0.03,0.038,0.0437,0.0699,0.0373,-0.2204,-0.0187
19,5079,108,2,sitting,-0.0142,1.234,-0.0084,0.0344,-0.0094,-0.0164,-0.0417,-1.0967,0.0695,-0.057,0.5799,0.0474,0.1385,-0.2749,-0.028,-0.0004,-0.0504,0.0089,0.0874,0.0729,0.001,0.0133,0.0002,-0.0001,0.055,0.006,0.0292,0.0086,0.0082,0.0296,0.0066,0.0289,0.0083,0.0045,-0.0146,0.0036,-0.0209,0.6875,0.0262,0.0165,-0.0332,0.0277,-0.0072,0.0056,0.479,0.0069,-0.0071,0.0173,-0.0152,0.7291,0.0201,-0.0809,-0.0196,0.0091,-0.0223,0.0188,0.0222,-0.0077,0.0373,0.0863,0.0176,0.0097,0.0081,0.0287,-0.1952,-0.0256,0.0078,0.0237,0.0293,0.027,-0.1508,-0.0187
20,5080,108,2,sitting,-0.0132,1.3063,-0.0056,0.025,-0.0112,0.0069,-0.0262,-0.8255,0.0577,-0.0466,0.4078,0.0437,0.0957,0.3886,0.0008,-0.0019,-0.027,0.0277,0.0042,0.0164,0.0045,-0.0085,-0.0143,-0.0088,0.0375,-0.0058,0.0284,0.0131,-0.0065,0.0146,-0.0041,0.0284,0.0081,0.0052,-0.0107,0.006,0.0896,3.0655,0.009,0.0094,-0.0507,-0.0488,-0.0147,-0.0084,0.4973,-0.0076,-0.0054,0.0072,-0.0174,0.9458,-0.0092,-0.1509,0.0095,0.0098,-0.0089,0.0091,0.0182,-0.0099,-0.101,-0.0456,-0.0193,0.0162,0.0179,0.0071,-0.2205,-0.0238,0.0273,0.0268,0.0247,0.0197,-0.1307,-0.0187
21,5081,108,2,sitting,0.0033,1.3264,-0.0111,0.0219,-0.0259,-0.0465,-0.0315,-0.9604,0.0549,-0.069,0.4293,0.0388,0.0222,0.9278,-0.0095,-0.0005,-0.0096,0.0042,0.0164,0.0085,-0.0038,-0.0059,-0.0024,-0.0046,0.0231,-0.0027,0.038,0.007,-0.0098,0.0294,-0.0066,0.031,0.0092,0.0036,-0.0156,0.0043,0.086,0.7847,0.0093,0.0153,0.0799,0.0506,-0.0069,0.0068,0.5884,0.0073,-0.0061,0.0088,-0.0074,0.9292,0.0154,0.0967,0.0057,0.0079,-0.0094,0.0089,0.0062,-0.0063,-0.0176,0.1019,0.0246,0.0086,0.0249,0.0083,-0.1791,-0.0475,0.0285,0.0002,0.0197,0.0287,-0.1306,-0.0082
22,5082,108,2,sitting,0.0006,1.3697,-0.0113,0.0468,-0.0065,0.0262,-0.026,-0.8695,0.0574,-0.0364,0.3872,0.0469,0.1439,0.8842,-0.0695,-0.0247,-0.0741,0.0944,0.0856,0.2049,-0.227,-0.2532,-0.2378,-0.3345,0.0804,-0.1012,0.0507,-0.2986,0.1102,0.1303,-0.0154,0.0066,0.0247,-0.0059,-0.0161,-0.0047,0.0002,0.5892,0.0152,0.0179,0.0206,-0.02,-0.0189,-0.0085,0.5781,0.0048,-0.0075,0.0077,-0.0094,0.9489,0.0191,0.1126,0.0199,-0.0063,0.0196,0.0167,-0.0076,0.0173,-0.001,0.0275,0.018,0.0187,0.0083,0.0193,-0.2207,-0.0209,0.019,0.0238,0.0184,0.0273,-0.0971,-0.0198
23,5083,108,2,sitting,-0.0167,1.3232,-0.0075,0.0319,-0.0007,0.0089,-0.0212,-0.9777,0.0514,-0.0695,0.427,0.0415,0.0256,0.9446,-0.0185,-0.0074,-0.0065,0.0143,0.0168,0.0082,-0.0023,0.0066,0.0024,-0.0042,0.0125,-0.0027,0.0291,0.0029,-0.0108,0.0292,-0.0031,0.03,0.0069,0.0063,-0.0141,0.0046,-0.0958,0.3949,-0.0186,-0.0093,0.0097,-0.0509,-0.0059,0.0045,0.509,0.007,0.0062,0.0092,0.0221,1.0761,-0.0173,-0.0485,-0.0188,0.0194,-0.0087,-0.0002,0.0176,-0.0172,0.0259,-0.0373,-0.0091,0.0196,0.0255,0.032,-0.1879,-0.0099,0.0286,0.0177,0.0194,0.0328,-0.2202,-0.0206
24,5084,108,2,sitting,-0.0042,1.5276,-0.0069,0.0511,-0.0112,-0.0325,-0.0215,-0.4413,0.0246,-0.0436,0.209,0.0638,0.0507,0.2946,-0.0049,0.0009,-0.0201,0.0064,0.0082,0.0152,0.0123,0.0059,0.0072,-0.0027,0.0256,0.0035,0.0259,0.0041,-0.0108,0.029,-0.004,0.0287,0.0073,0.007,-0.016,-0.0045,-0.0083,0.5085,0.0088,0.0214,0.0191,0.0268,-0.0167,0.0054,0.4895,0.0075,-0.0058,-0.0066,-0.0207,0.0961,0.0206,-0.0774,0.0193,0.0196,-0.0068,-0.0186,0.0092,0.0099,-0.0266,-0.1014,0.0063,0.0089,0.0205,0.0177,-0.1697,-0.0244,0.0076,0.0238,0.0237,0.008,-0.1191,-0.0245
25,5085,108,2,sitting,-0.0066,1.2684,-0.0089,0.025,-0.0155,-0.0194,-0.0512,-0.9334,0.0464,-0.0324,0.4363,0.0574,0.0006,0.8842,-0.0158,-0.0107,-0.007,-0.0143,0.0249,0.0154,0.0044,-0.0023,-0.0049,-0.0031,0.0125,-0.0035,0.0294,0.004,-0.0156,0.0165,-0.0034,0.0305,0.0078,0.0072,-0.0139,-0.0062,0.0938,0.6986,0.0047,0.0223,-0.0692,-0.089,-0.0157,-0.0075,0.5399,0.0082,-0.0003,-0.0173,-0.001,0.7169,0.0063,0.1195,-0.0198,0.0076,0.0067,-0.0077,0.0187,-0.0159,-0.1002,0.1015,-0.0181,0.0197,0.0171,0.0268,-0.2396,-0.0191,0.0595,0.0179,0.0237,0.0509,-0.1106,-0.0221
26,5086,108,2,sitting,-0.0033,1.3568,-0.0143,0.0512,-0.0158,-0.0215,-0.0436,-0.9458,0.0718,-0.061,0.4463,0.0364,-0.1655,0.8847,-0.0146,-0.0005,0.0507,0.0908,-0.0807,0.101,0.0172,-0.027,-0.048,-0.1004,-0.1122,-0.0001,0.0262,-0.0277,-0.1104,0.0569,0.0247,0.0295,0.0065,0.0153,-0.0157,-0.0039,0.0142,0.4089,0.0084,0.01,-0.0209,-0.009,-0.016,0.0067,0.4896,0.0085,-0.0061,-0.0091,-0.0082,1.5092,0.0078,0.1302,0.0181,0.001,-0.0002,0.0094,0.0273,-0.0077,-0.0059,0.0373,-0.0074,0.0199,0.0166,0.0232,-0.1676,-0.0291,0.037,0.0171,0.0228,0.0195,-0.1198,-0.0073
27,5087,108,2,sitting,-0.0011,1.327,-0.0118,0.034,-0.0186,-0.0006,-0.041,-0.9433,0.0569,-0.0475,0.4463,0.0543,0.0232,0.9946,-0.0059,-0.0037,-0.0095,-0.0085,0.0215,0.0142,0.0036,-0.006,-0.0035,-0.0131,0.0092,-0.0058,0.0327,-0.0088,-0.0084,0.0207,-0.0032,0.03,0.0002,0.0041,-0.0108,-0.0053,0.0962,0.4761,0.0645,0.0765,0.1105,0.0504,-0.0072,0.0052,0.5781,0.005,0.0054,0.017,-0.01,0.6604,-0.0203,-0.0807,-0.0166,0.0067,0.0093,0.0226,-0.0228,-0.008,0.1014,0.0582,-0.0083,0.0259,0.0345,-0.0262,-0.2076,-0.02,0.0091,0.0205,0.0277,0.0286,-0.1506,-0.0296
28,5088,108,2,sitting,-0.0118,1.3363,0.0066,0.0317,-0.0159,-0.0009,-0.0513,-1.0774,0.0696,-0.0435,0.5823,0.089,0.0957,0.4798,0.0216,0.0084,-0.0231,0.0146,0.0235,0.0078,0.0131,-0.004,0.0055,-0.0136,0.0247,0.0027,0.0287,-0.0064,-0.0156,0.0152,-0.0034,0.0292,0.0086,0.0041,-0.0137,0.0038,0.0222,0.7768,0.0195,-0.0072,0.001,-0.0085,-0.0062,-0.0044,0.4879,-0.008,0.0075,-0.0067,-0.0149,0.8443,0.006,-0.0087,-0.0206,0.01,-0.0161,-0.0065,0.0089,-0.0083,-0.0505,0.0279,-0.0182,0.0259,0.0191,0.0291,-0.2205,-0.0258,0.0294,0.0099,0.0268,0.0286,-0.1507,-0.0176
29,5089,108,2,sitting,-0.0065,1.4396,-0.0112,0.0344,-0.0222,-0.0008,-0.0517,-0.9769,0.0431,-0.0794,0.4572,0.0581,0.0892,0.2598,-0.028,-0.0056,0.0232,-0.0146,0.0228,0.0632,0.0095,-0.007,0.006,-0.001,0.015,-0.0033,0.0294,-0.0109,-0.0166,0.0207,-0.0047,0.0293,0.0068,0.0041,-0.0155,0.0053,0.0075,0.5985,-0.0148,0.0233,-0.0088,-0.0291,-0.0174,0.0073,0.5467,0.0061,0.0078,0.0096,-0.0149,0.9986,-0.0163,-0.0809,0.0093,0.0083,0.02,0.009,-0.0246,-0.0082,0.0503,-0.0179,0.0164,0.0184,0.0176,0.0194,-0.1874,-0.0087,0.0223,-0.0071,0.0177,0.0188,-0.1305,-0.0209
30,5090,108,2,sitting,-0.0025,1.2975,-0.0078,0.0211,-0.0117,-0.0096,-0.034,-0.9278,0.0461,-0.0354,0.414,0.0543,0.0005,0.9307,-0.0115,0.0066,-0.0141,0.0089,0.0168,0.0135,-0.0024,0.0082,-0.0088,-0.0044,0.0147,-0.0039,0.0305,-0.0046,-0.0107,0.0232,-0.0055,0.0399,0.0063,0.0065,-0.0153,-0.006,0.0976,0.3897,-0.0194,-0.0169,0.085,0.068,-0.0045,-0.0057,0.5895,0.0072,-0.0092,-0.0056,-0.0001,0.8129,0.0002,0.0503,-0.0173,0.0181,-0.01,-0.0062,0.0067,-0.0186,-0.1012,0.0079,0.0083,0.0201,0.0229,0.0247,-0.1992,-0.0245,0.0277,0.0093,0.0256,0.0259,-0.1505,-0.0222
31,5091,108,2,sitting,-0.0067,1.384,-0.0133,0.0475,-0.0162,-0.0096,-0.023,-0.9458,0.0512,-0.059,0.4427,0.0464,0.0322,0.8972,-0.0005,-0.0045,-0.0088,-0.0194,0.0119,0.0174,-0.0035,0.0065,-0.006,-0.0024,0.0042,-0.0028,0.0273,0.0043,-0.0095,0.0293,-0.0039,0.038,0.007,0.0037,-0.0109,-0.0069,0.0793,0.4866,-0.0063,0.0506,-0.0861,-0.0655,-0.0184,0.0049,0.5399,0.005,-0.0092,-0.0077,-0.0002,0.9355,0.0205,0.5958,0.0085,0.0231,0.0247,0.0183,-0.01,0.0182,-0.1017,-0.1102,-0.0073,0.0186,0.0286,0.0332,-0.2162,-0.0209,0.0571,0.0068,0.0098,0.0578,-0.1126,-0.0202
32,5092,108,2,sitting,-0.0049,1.1869,-0.0146,0.0219,-0.0247,-0.0515,-0.0329,-1.065,0.0782,-0.0467,0.5843,0.0917,0.2391,-0.169,-0.0885,-0.0009,-0.0562,0.0508,0.027,0.0002,0.001,0.0806,0.02,0.1196,0.0232,-0.0138,0.0277,-0.0245,-0.0248,0.0344,-0.0136,0.0285,0.0249,-0.0035,-0.0159,-0.0256,0.0001,-0.6841,0.0207,0.0045,-0.0436,-0.0078,-0.0063,-0.0053,0.576,0.0051,-0.0066,0.0074,-0.0189,0.9604,0.0193,0.1013,0.0096,0.0221,-0.0098,-0.0084,0.0373,-0.0079,0.0771,-0.0181,-0.0259,0.0188,0.029,0.0303,-0.19,-0.01,0.0294,0.0073,0.0235,0.0199,-0.1275,-0.0197
33,5093,108,2,sitting,-0.0055,0.7281,-0.0108,0.0325,-0.0186,-0.0158,-0.027,-0.9604,0.0546,-0.0461,0.4316,0.059,0.0009,1.3598,0.0182,-0.0107,-0.0085,0.0094,0.0268,0.0106,-0.0032,-0.0038,-0.004,-0.0024,0.0075,-0.0027,0.0284,0.0063,-0.0142,0.0157,-0.0036,0.031,0.0095,0.0056,-0.0168,0.0072,-0.025,0.4941,-0.0039,0.0252,-0.0978,0.0309,-0.0152,-0.0088,0.5345,-0.0067,-0.0047,-0.0091,-0.0081,0.9699,-0.0087,0.0803,-0.0059,0.007,0.0083,0.006,0.0259,0.0174,-0.1011,0.1129,-0.0249,0.0242,0.018,0.0293,-0.2065,-0.0171,0.0469,-0.0097,0.0247,0.0287,-0.1302,-0.0177
34,5094,108,2,sitting,-0.0066,1.2681,-0.0143,0.023,-0.0174,0.0078,-0.032,-0.9518,0.0546,-0.0373,0.4577,0.0433,0.0009,0.2942,-0.0065,0.0058,-0.0084,0.0141,0.0201,0.0072,-0.0064,-0.0025,0.0044,-0.004,0.0135,-0.0049,0.037,-0.0038,-0.006,0.0247,-0.0032,0.0301,0.01,0.0052,-0.0107,-0.0063,-0.0692,0.889,0.0886,0.0959,-0.0332,-0.1129,-0.0098,-0.0051,0.538,-0.0067,-0.0048,-0.0155,-0.0002,0.9976,-0.001,0.1505,0.0185,0.0239,0.0262,0.0183,-0.0179,-0.0073,-0.0507,-0.1194,-0.0375,0.0273,0.0294,-0.0803,-0.2307,-0.0476,0.1013,0.1103,0.1308,0.1003,-0.1027,-0.0751
35,5095,108,2,sitting,-0.0049,0.6546,-0.0106,0.0344,-0.0143,0.0042,-0.0069,-0.456,0.0212,-0.0237,0.228,0.0475,0.0077,1.1496,-0.0164,-0.0118,-0.0098,0.0073,0.0194,0.0147,-0.0037,-0.0082,0.0059,-0.0009,0.0189,-0.0027,0.0297,0.0032,-0.0174,0.0256,-0.0034,0.0301,0.0091,0.0039,-0.0155,0.005,-0.0585,0.4841,0.0763,0.094,-0.0871,-0.0507,-0.0152,-0.0084,0.5892,0.0053,-0.0081,0.007,-0.0061,0.9966,-0.0209,-0.0193,-0.0072,0.01,-0.0262,0.0002,0.0221,0.0238,0.0567,-0.0476,-0.0088,0.0206,0.0226,0.0294,-0.1778,-0.0579,0.009,0.0222,0.027,0.0186,-0.0809,-0.0087
36,5096,108,2,sitting,0.0032,1.3277,-0.0059,0.0186,-0.0112,-0.0111,-0.0182,-0.4569,0.0344,-0.0332,0.2385,0.0355,0.0113,0.9824,-0.0002,-0.0006,-0.0175,0.0183,0.0188,0.0063,-0.0026,0.0064,0.0027,-0.0065,0.0104,0.0036,0.0309,0.0037,-0.0067,0.0298,-0.001,0.036,0.0095,0.0034,-0.0141,0.0068,0.0549,0.7748,-0.0204,0.0073,-0.0879,-0.077,-0.0055,0.0058,0.545,0.008,0.0066,-0.0057,-0.0213,0.9458,-0.0153,-0.0694,0.0205,-0.0092,-0.0084,0.0081,-0.009,0.0076,-0.0987,-0.0503,-0.0161,0.0197,0.0294,0.0291,-0.2208,-0.0178,0.0286,0.0072,0.0262,0.0285,-0.1009,-0.0231
37,5097,108,2,sitting,-0.0067,0.8273,-0.0133,0.0415,-0.0005,-0.0085,-0.021,-0.4483,0.0312,-0.0246,0.2077,0.0349,0.0069,0.2982,-0.0092,-0.0042,-0.0065,0.0207,0.0143,0.0175,0.0026,0.004,-0.006,-0.0036,0.0105,0.0038,0.0279,0.0046,-0.0141,0.0157,-0.0035,0.0315,0.0084,0.0055,-0.0107,-0.0053,0.0698,1.4893,0.0059,0.029,0.0876,0.0947,-0.0066,-0.0088,0.5464,-0.009,-0.0061,-0.0052,-0.0181,0.619,-0.0162,-0.0072,-0.0196,-0.0058,-0.0268,0.0056,0.0168,-0.0089,-0.0002,-0.0504,-0.0286,0.0191,0.0287,0.0303,-0.2205,-0.0262,0.0394,0.0232,0.0195,0.057,-0.1106,-0.0079
38,5098,108,2,sitting,-0.0011,1.2989,-0.0132,0.0328,-0.0186,0.0059,-0.0518,-0.9278,0.0464,-0.0712,0.437,0.0332,-0.0825,0.3372,-0.026,0.0004,-0.0619,-0.0922,-0.0503,-0.0546,-0.0247,0.0082,0.0077,-0.0066,0.0149,0.0039,0.0292,0.0063,-0.0165,0.029,-0.0041,0.0286,0.015,0.004,-0.0038,0.0053,0.0174,3.7876,0.0002,0.0155,-0.0259,-0.009,-0.0168,-0.0067,-1.5475,-0.0051,-0.008,0.0085,0.0061,2.6956,0.01,0.1006,0.0238,-0.0058,-0.0095,0.0157,0.0188,0.0073,-0.0456,-0.0983,0.0079,0.0252,0.0181,0.0223,-0.2209,-0.0273,-0.02,0.0192,0.0206,-0.0184,-0.1303,-0.0093
39,5099,108,2,sitting,-0.0011,1.4371,-0.0114,0.027,-0.0194,-0.0172,-0.0428,-0.9341,0.0517,-0.0335,0.4396,0.0219,0.0947,0.9452,-0.0002,0.0125,-0.0175,0.0364,0.0004,0.0623,-0.0504,-0.0232,0.0874,-0.0796,0.0045,0.0165,0.0151,0.016,-0.01,0.0143,0.0059,0.029,0.0084,-0.0066,-0.0146,0.0088,0.0095,0.6856,-0.0149,-0.001,-0.0247,-0.0083,-0.0061,-0.007,0.559,-0.0086,-0.0052,0.0182,-0.0201,0.935,-0.0169,-0.1198,-0.0231,0.0081,-0.0085,-0.0178,0.0277,-0.0268,-0.1104,0.0063,0.0244,0.0167,0.0375,0.1017,-0.2251,-0.0176,0.0411,-0.0071,0.0179,0.0258,-0.1126,-0.0223
40,5100,108,2,sitting,-0.0045,1.3788,-0.0142,0.028,-0.0084,-0.0009,-0.0254,-1.0929,0.0574,-0.0412,0.5076,0.0693,0.0796,0.9818,-0.0002,0.0323,0.0077,0.0231,0.0143,0.0059,0.0085,-0.004,-0.0149,-0.0195,0.0259,0.0055,0.0294,-0.0064,-0.009,0.016,-0.0069,0.0289,0.0083,0.0051,-0.0135,0.0057,0.0399,0.6875,0.0147,0.0247,-0.0872,-0.0509,-0.0158,0.0056,0.5375,-0.0046,0.0063,-0.0082,-0.0228,0.9887,-0.0223,0.0807,-0.0097,0.0078,0.0206,0.0086,-0.0166,-0.0238,-0.1102,-0.007,-0.0222,0.0165,0.0239,0.0694,-0.2164,-0.0079,0.0349,0.0207,0.0256,0.0369,-0.1508,-0.0581
41,5101,108,2,sitting,-0.0067,0.9666,-0.0108,0.0009,-0.0206,0.023,-0.032,0.5775,-0.0461,-0.0294,-0.2659,-0.0584,-0.1364,1.2406,-0.0508,0.0207,-0.0002,0.0791,0.0962,-0.0803,0.0273,0.0131,0.0168,0.0125,0.0249,0.0231,0.0276,0.0259,0.0182,0.0094,0.006,0.0291,0.0088,0.0041,-0.0169,0.0043,0.01,0.4948,0.0077,-0.0086,-0.0146,-0.02,-0.0152,0.0074,0.5892,0.0066,-0.0089,-0.0096,-0.0222,0.8191,-0.0081,0.1011,0.0172,0.0055,-0.0073,0.0226,0.0322,0.0178,-0.1192,-0.1109,-0.0085,0.0198,0.0193,0.0065,-0.1779,-0.0266,0.0373,0.0253,0.0076,0.027,-0.1505,-0.0223
42,5102,108,2,sitting,-0.0045,1.2691,-0.0111,0.037,-0.0216,0.0009,-0.0431,-0.8927,0.0618,-0.055,0.4369,0.0769,0.1379,0.4793,0.0155,0.0025,0.0095,0.0075,0.02,0.0002,-0.0088,-0.0085,-0.0066,-0.0078,0.0086,-0.0041,0.0296,0.0032,-0.013,0.0146,-0.0037,0.0309,0.0067,0.0051,-0.016,0.0038,0.0096,0.6542,-0.0094,0.0081,-0.0084,-0.0098,-0.0143,-0.0053,0.4857,-0.0077,-0.0049,-0.0068,-0.0159,1.0876,-0.0074,0.0279,-0.0083,0.0073,-0.019,-0.0162,0.0097,-0.0099,-0.0913,-0.0461,-0.0172,0.0171,0.0256,0.0285,-0.2122,-0.0273,0.0082,0.0085,0.0241,0.0232,-0.1109,-0.0249
43,5103,108,2,sitting,-0.0042,0.6515,-0.0085,0.0155,-0.0168,-0.0008,-0.0219,-0.3674,0.0247,-0.0348,0.1789,0.0474,0.0045,0.7967,-0.0082,0.0043,-0.0088,0.0078,0.0157,0.0169,0.0022,-0.0026,-0.0044,-0.0063,0.0107,-0.0039,0.0297,0.004,-0.0046,0.0279,-0.001,0.029,0.0001,0.0002,-0.0109,0.0052,0.055,1.4972,0.048,0.0375,-0.0488,0.0896,-0.0195,0.0053,0.5464,0.009,-0.0073,-0.0156,-0.0692,0.6397,-0.02,-0.1107,-0.0503,0.0159,-0.0373,0.0062,0.0191,0.0222,-0.1191,-0.1008,-0.0256,0.0194,0.0258,0.0408,-0.2066,-0.0076,0.0379,0.0098,0.0266,0.0193,-0.1127,-0.0273
44,5104,108,2,sitting,-0.0055,1.5289,-0.0142,0.034,-0.0082,-0.0195,-0.027,-0.9231,0.0518,-0.0463,0.4256,0.0373,0.0216,0.9436,-0.0059,0.0009,-0.0169,0.0131,0.0207,0.009,-0.0023,0.0025,0.0046,-0.0147,0.0249,0.0039,0.0297,-0.0041,-0.0133,0.0253,-0.0044,0.0298,0.0089,0.0068,-0.0107,0.0066,0.0984,0.6074,0.0851,-0.0645,0.0503,0.1199,-0.0075,0.0002,0.4867,0.001,0.0078,0.015,0.0153,0.7973,-0.0165,0.1505,0.0183,0.0064,-0.0259,0.0161,0.0292,0.02,0.0587,0.0476,0.01,0.0201,0.0193,0.0287,-0.2169,-0.0806,0.0456,0.088,-0.0698,0.0409,-0.1306,-0.0077
45,5105,108,2,sitting,0.0003,1.3042,-0.0045,0.0324,-0.0164,0.0213,-0.0438,-0.9393,0.055,-0.0773,0.4234,0.0696,0.0508,0.9767,0.0195,0.0161,-0.0078,0.0092,0.0245,0.0088,0.0131,0.0055,0.0046,-0.0127,0.0075,-0.0044,0.0277,-0.0069,-0.0065,0.0083,-0.0039,0.0301,0.009,0.0041,-0.0153,0.0058,0.0257,0.5962,-0.0043,0.017,-0.0149,-0.0974,-0.0157,-0.0063,0.4787,0.0068,-0.0072,-0.0089,-0.0002,1.4691,0.0081,0.0809,-0.006,0.0098,-0.0184,0.0082,0.0177,0.0099,-0.0866,-0.1109,0.0179,0.0171,0.0176,0.0091,-0.2094,-0.0241,0.0466,-0.0093,0.0237,0.018,-0.1504,-0.0467
46,5106,108,2,sitting,-0.0059,1.5277,-0.0046,0.0142,-0.0253,-0.0143,-0.0329,-1.0549,0.0353,-0.0468,0.5165,0.0332,0.023,0.9087,-0.0009,-0.0078,-0.0117,-0.0084,0.0235,0.0107,-0.0036,-0.0088,-0.0065,-0.0074,0.0206,0.0063,0.0259,-0.0035,-0.006,0.0231,-0.0033,0.03,0.0066,0.0041,-0.0158,0.0067,0.0164,-0.0983,0.0172,-0.0694,0.1127,0.0509,-0.0056,-0.0048,0.577,-0.0047,-0.0086,-0.0085,0.0226,0.9699,-0.02,-0.1197,0.0091,-0.0054,-0.0232,-0.0092,0.0162,-0.0223,-0.0973,-0.1103,-0.0222,0.0171,0.0239,0.0363,-0.1782,-0.01,0.0294,0.0205,0.0221,0.0577,-0.1189,0.0075
47,5107,108,2,sitting,-0.0135,1.3345,-0.0044,0.0293,-0.0088,-0.0313,-0.0217,-1.0868,0.055,-0.0463,0.5838,0.0715,0.094,0.2946,-0.0238,0.0008,-0.001,-0.0077,0.0169,0.009,-0.0147,0.008,-0.0002,-0.0143,0.0186,-0.0065,0.0279,0.0092,-0.0166,0.0287,-0.0053,0.0294,0.0072,0.006,-0.0152,0.0036,0.007,0.4941,0.0184,0.0089,0.0694,-0.02,-0.0085,-0.0048,0.5475,0.0059,-0.0083,-0.0091,-0.0096,0.7961,0.0193,0.0294,-0.0081,0.0205,-0.0164,0.0156,0.0182,0.0074,0.0187,0.0176,-0.0099,0.0095,0.0178,0.0286,-0.2503,-0.0246,0.0067,0.0256,0.0198,0.0223,-0.1505,-0.0173
48,5108,108,2,sitting,-0.0025,1.1859,-0.0106,0.0006,-0.009,-0.0085,-0.0344,-0.9341,0.056,-0.0373,0.414,0.0468,0.0216,0.7946,-0.0095,0.004,-0.0149,0.0161,0.0201,0.0164,0.0043,-0.0074,-0.0038,-0.0109,0.007,-0.0026,0.0294,0.0084,-0.0041,0.0214,-0.0031,0.0293,0.0066,0.0056,-0.0169,0.0045,-0.0188,0.7865,-0.0089,0.0096,0.0792,0.0063,-0.0154,-0.0073,0.5852,0.0067,-0.0081,-0.008,0.0155,0.9452,-0.0053,-0.0897,-0.0098,0.0228,-0.0083,0.0237,0.0344,-0.0509,0.1008,-0.0175,0.0182,0.0199,0.0172,0.0171,-0.2126,-0.0249,0.0691,0.0194,0.0088,0.0804,-0.1197,-0.0245
49,5109,108,2,sitting,0.0033,1.3685,-0.0118,0.0317,-0.0213,-0.0461,-0.0008,-0.9292,0.0574,-0.0619,0.4068,0.0773,-0.0946,0.2378,-0.0002,0.0122,-0.0253,0.0249,0.0271,0.0247,-0.0063,-0.0222,-0.0024,-0.0238,0.0237,-0.0143,0.0289,-0.0155,-0.0189,0.0507,0.0042,0.0295,0.0139,0.0059,-0.0138,0.0056,-0.0082,3.4466,0.0865,-0.1193,0.1308,0.1011,-0.001,0.0072,-0.5084,0.0053,0.0057,-0.0075,-0.0273,2.6496,0.0188,-0.1126,-0.009,-0.016,0.0221,-0.0187,-0.0181,0.0207,-0.0803,0.1009,-0.017,0.0177,0.0285,-0.0099,-0.2202,-0.0205,0.078,0.0373,-0.0286,0.0407,-0.1508,-0.0583
50,5110,108,2,sitting,0.0033,1.3049,-0.0109,0.0214,-0.0232,0.0119,-0.0464,-0.9627,0.0547,-0.0723,0.4542,0.0398,0.0366,0.2406,-0.0009,0.0066,-0.0075,0.007,0.032,0.0189,0.0132,-0.0122,-0.0168,-0.0002,0.0161,-0.0059,0.038,0.0035,-0.0078,0.0294,-0.0041,0.0344,0.0084,0.0037,-0.016,0.004,0.0895,0.6972,0.0046,0.0206,-0.0556,-0.01,-0.009,-0.0088,0.5467,-0.0053,0.0062,-0.0082,-0.0092,0.8443,0.0081,0.0508,-0.0158,-0.0174,-0.0057,0.0163,0.0273,0.0165,-0.0199,-0.0417,-0.0098,0.0183,0.0194,0.0085,-0.2207,-0.0262,0.0468,0.0177,0.0268,0.0284,-0.1129,-0.0097
51,5111,108,2,sitting,-0.0045,1.42,-0.0143,0.0627,-0.0213,0.0006,-0.0323,-0.8341,0.0515,-0.0467,0.4064,0.0485,0.1494,0.2521,-0.089,-0.0044,-0.0946,0.0775,-0.0504,0.0409,0.001,-0.0001,-0.0138,-0.1008,0.0568,-0.0201,0.0466,0.0096,-0.006,0.02,-0.0201,0.0292,0.0133,-0.0259,-0.0098,0.0085,0.0592,4.5786,-0.0581,0.1012,0.1502,0.0569,-0.0095,-0.0055,0.547,-0.0048,0.0072,-0.0061,-0.0173,0.9458,-0.01,0.5891,-0.0002,0.0063,-0.0373,0.0187,0.0184,0.0176,-0.0474,-0.2205,-0.0188,-0.0237,0.0197,0.0293,-0.2163,-0.0355,0.0971,0.0461,0.1107,0.1302,-0.2309,-0.0804
52,5112,108,2,sitting,-0.0045,1.3293,-0.0142,0.032,-0.0213,-0.0094,-0.0195,-0.9334,0.0577,-0.0468,0.4326,0.0541,0.0002,0.977,-0.0063,0.0047,-0.0066,0.0083,0.0205,0.0088,0.0065,0.0023,-0.0032,-0.0133,0.0089,0.0031,0.0286,-0.0037,-0.0038,0.0164,-7.0,0.0344,0.0078,0.0075,-0.0135,0.0055,0.065,0.0885,0.0961,0.0798,-0.0504,0.1109,-0.0172,-0.0048,0.5399,-0.0058,-0.0069,-0.0082,-0.0233,0.8482,0.0084,0.0809,0.0238,-0.0245,-0.006,-0.0162,0.0096,0.0273,-0.0173,-0.0474,0.0222,0.0179,0.0226,0.0093,-0.1953,-0.0084,0.0592,0.0586,0.0335,0.0074,-0.1503,-0.0087
53,5113,108,2,sitting,-0.0067,0.9087,-0.0166,0.0328,-0.026,0.0073,-0.0468,0.5918,-0.0542,-0.0692,-0.2658,-0.0941,-0.2061,1.3884,-0.0006,-0.0072,-0.001,0.0259,0.0796,0.02,0.0047,-0.007,0.0001,-0.01,0.0504,0.0135,0.0262,0.0085,-0.0175,0.0238,0.0044,0.029,0.0082,0.0055,-0.0143,0.0052,0.1198,3.7988,0.0154,0.1014,-0.1308,0.0078,-0.0169,0.0062,-0.4549,0.0065,-0.0089,-0.0064,0.0221,2.7799,-0.0051,-0.1107,-0.0202,0.0076,-0.0373,0.0241,-0.0277,0.0098,-0.1507,-0.0974,-0.0222,0.0163,0.0194,0.0294,-0.2309,-0.0266,-0.027,0.0093,0.0206,-0.0467,-0.1122,-0.0085
54,5114,108,2,sitting,0.0015,1.3037,-0.0044,0.0108,-0.0142,-0.0084,-0.0159,-0.9334,0.0517,-0.0246,0.4292,0.0466,0.0364,0.839,-0.0162,0.0088,-0.0174,0.0063,0.0229,0.0143,-0.0038,0.0045,0.0046,-0.0025,0.0082,0.0027,0.0375,-0.0065,-0.0131,0.0215,-0.0055,0.0314,0.0085,0.0041,-0.0107,-0.0061,0.0098,3.4056,0.0008,0.0189,-0.0967,-0.0095,-0.0149,-0.0052,-0.535,0.0054,-0.0068,0.0148,-0.017,2.7973,-0.0106,0.1121,-0.0209,-0.0178,0.02,0.0092,0.0194,0.0181,-0.1012,0.0169,-0.0083,0.0076,0.0252,0.0292,-0.2203,-0.0273,0.0807,0.019,0.0294,0.0503,-0.1105,-0.0187
55,5115,108,2,sitting,-0.0045,1.5142,-0.0107,0.0433,-0.028,0.0584,-0.0232,-0.8273,0.0972,-0.0458,0.4294,0.0695,0.0503,0.3898,0.0146,0.0004,-0.0399,0.0182,0.0194,0.0174,0.0064,-0.0066,-0.006,-0.0141,0.0147,0.0059,0.0294,0.0042,-0.0154,0.0169,-0.0037,0.0298,0.0089,0.0035,-0.0136,0.0065,-0.0896,0.785,-0.007,0.0286,-0.101,-0.0302,-0.0068,0.0053,0.5591,0.0052,0.0063,-0.0051,-0.0185,0.8657,-0.0173,0.0593,-0.0176,-0.009,-0.01,0.0197,0.0162,-0.0177,-0.1005,-0.0332,0.0002,0.0186,0.0287,0.0262,-0.2509,-0.0335,0.0075,0.0183,0.0259,0.0171,-0.1279,-0.0253
56,5116,108,2,sitting,-0.0066,1.3277,-0.0102,0.0433,-0.0327,-0.0008,-0.027,-0.9348,0.0514,-0.047,0.4155,0.0655,0.0262,0.8484,-0.0142,0.0017,-0.0088,0.0247,0.0232,0.0161,-0.0064,0.0084,0.0065,-0.0059,0.0147,0.0063,0.0284,0.0036,-0.0186,0.0146,-0.0034,0.0287,0.0074,0.0002,-0.0162,0.0045,0.0222,0.4979,0.0094,-0.01,0.0191,0.0291,-0.0108,0.0053,0.5869,0.0054,-0.008,-0.0052,0.0157,0.849,-0.0051,-0.0783,0.0193,-0.0256,-0.0506,-0.0177,0.0292,0.0273,-0.0967,0.1006,-0.0207,0.0268,0.0293,0.0332,-0.2204,-0.0499,0.0082,0.0172,0.0266,0.0285,-0.1509,-0.0097
57,5117,108,2,sitting,-0.0017,1.3266,-0.0136,0.026,-0.0009,-0.0075,-0.0328,-0.9747,0.0245,-0.0461,0.4387,0.0348,0.0542,0.3385,-0.0002,-0.0109,-0.0072,0.0195,0.0082,0.007,-0.0146,0.0127,-0.0065,-0.0025,0.0155,0.003,0.0289,0.0066,-0.0038,0.0152,-0.0043,0.0289,0.0089,0.001,-0.0107,0.0069,-0.0693,3.4588,-0.0884,0.1122,0.1197,0.1009,-0.01,0.0067,4.5062,0.0056,0.0158,-0.0074,-0.0507,-1.5987,-0.0583,-0.1011,-0.0807,0.1306,-0.0488,-0.008,0.1102,-0.0466,-0.1507,0.2508,-0.027,0.0292,0.0287,0.0485,-0.2207,-0.0578,0.0977,-0.0262,0.0073,0.0971,-0.1399,0.0692
58,5118,108,2,sitting,-0.0044,1.3363,-0.0111,0.0327,-0.0143,-0.0009,-0.025,-1.091,0.056,-0.0413,0.5135,0.0715,0.0818,0.8819,-0.0159,0.001,-0.0697,-0.0503,0.0428,0.01,-0.0149,0.02,-0.0207,-0.0256,0.0279,-0.0041,0.0262,-0.0136,-0.0066,0.0174,-0.0042,0.0303,0.0069,0.0068,-0.0172,0.0046,-0.0002,0.7093,0.0164,-0.0001,0.0584,-0.0196,-0.0162,-0.0056,0.5783,0.0078,-0.0052,-0.0058,-0.0154,0.727,0.0222,-0.1003,0.0153,-0.0155,-0.0081,-0.0167,0.0082,0.0177,0.1012,-0.0091,-0.0086,0.0092,0.0176,0.0268,-0.2489,-0.0277,0.048,0.0073,0.019,0.0258,-0.1507,-0.0204
59,5119,108,2,sitting,-0.0045,1.2976,-0.0109,0.0518,-0.0074,-0.0007,-0.027,-1.0767,0.0696,-0.0433,0.585,0.0594,0.1572,-0.2085,-0.0149,0.0224,-0.0375,-0.001,0.0508,0.0154,-0.0235,-0.0047,0.01,-0.0239,0.0143,-0.0142,0.0364,-0.0139,-0.0069,0.0237,-0.0055,0.0287,0.0091,0.006,-0.0159,0.0044,0.0001,0.988,-0.0056,0.0086,0.0146,0.0207,-0.0148,-0.0065,0.577,0.0052,-0.0068,-0.0084,0.0178,0.9084,0.0181,0.0443,-0.0066,-0.0063,0.0228,-0.0062,0.0092,0.0079,0.0344,-0.0809,0.0188,0.0097,0.0229,0.0195,-0.1783,-0.0249,0.0199,0.0177,0.0221,0.0222,-0.1014,-0.0205
60,5120,108,2,sitting,-0.0044,1.3868,-0.0141,0.0613,-0.0073,-0.023,-0.0436,-0.8398,0.0517,-0.0712,0.3937,0.0326,-0.1555,0.4986,0.0078,0.0007,-0.0895,-0.0209,0.0953,0.0245,0.01,0.0147,-0.006,-0.0146,0.0585,0.0001,0.0276,-0.0503,-0.0206,0.0161,0.0033,0.0287,0.0088,0.0051,-0.0152,0.0063,0.0803,0.5892,-0.0096,0.0172,-0.119,0.1129,-0.0159,0.0067,0.577,0.0048,-0.0075,-0.0156,0.0226,0.8255,-0.0238,0.1506,0.0184,-0.0066,0.0199,-0.0074,0.0189,-0.0087,-0.0277,-0.0162,0.0179,0.0177,0.019,0.0273,-0.2505,-0.0294,0.0335,0.0069,0.0222,0.0262,-0.1182,-0.0083
61,5121,108,2,sitting,-0.0065,1.5278,-0.0142,0.0547,-0.028,0.0009,-0.0146,-0.816,0.0512,-0.0417,0.3941,0.0696,0.142,0.2894,-0.0505,-0.0078,0.0929,-0.0845,-0.0764,-0.0344,0.001,0.0069,0.0222,-0.0226,-0.0002,0.0161,0.0332,0.0152,0.0001,-0.0237,0.0033,0.0375,0.0085,0.0035,-0.0136,0.0058,0.027,3.5068,-0.1013,-0.0807,-0.0851,-0.1124,-0.0221,0.0155,0.4862,0.009,-0.0082,-0.0156,-0.0181,0.7795,0.0184,0.1509,0.0059,0.0188,0.01,0.017,-0.02,0.0205,-0.1104,0.0583,-0.0231,0.0163,0.0259,0.0355,-0.2202,-0.0379,0.0989,-0.0892,0.0332,-0.0871,-0.1472,-0.0574
62,5122,108,2,sitting,-0.0015,1.3277,-0.0103,0.0216,-0.0252,0.0065,-0.0437,-0.8273,0.0569,-0.0458,0.4095,0.0625,0.1794,0.7948,-0.0222,-0.001,0.0009,0.0719,-0.0507,-0.0873,0.0943,0.0159,0.0175,0.0231,-0.0196,-0.0026,-0.0435,-0.0256,-0.0002,-0.0206,-0.0038,0.0286,0.016,0.0045,-0.0174,0.0052,0.0271,0.7092,0.0063,0.0155,-0.0222,-0.0373,-0.0147,-0.0066,0.5784,-0.0072,-0.0067,-0.0085,0.0086,0.5307,-0.0247,0.0488,0.0082,0.0088,-0.0083,-0.0189,0.0161,-0.0064,-0.1014,0.0462,-0.0191,0.008,0.0268,0.0353,-0.2164,-0.0178,0.0293,0.0071,0.0177,0.0253,-0.1198,-0.0238
63,5123,108,2,sitting,-0.0113,0.7283,-0.0065,0.0327,-0.0162,-0.0085,0.0195,-0.5866,0.025,-0.0412,0.2697,0.0247,0.0194,1.1573,-0.0157,0.0009,-0.0169,-0.0159,0.0142,0.0075,-0.0035,0.0074,-0.006,-0.0034,0.0083,-0.0041,0.0291,-0.0036,-0.0092,0.0286,-0.0051,0.0302,0.001,0.0061,-0.0149,0.0068,0.0543,0.3856,0.0001,0.0746,-0.0889,-0.0947,-0.0084,-0.0053,0.548,-0.0077,-0.0052,-0.0055,-0.0259,0.7967,0.0163,-0.0693,-0.017,0.0249,-0.0508,-0.0237,0.0582,-0.0239,0.0807,-0.0178,-0.0221,0.0186,0.0364,-0.0294,-0.2165,-0.0246,0.0277,0.019,0.0258,0.0344,-0.1129,0.0206
64,5124,108,2,sitting,-0.0064,1.3868,-0.0113,0.0437,-0.0248,-0.0324,-0.0155,-1.0765,0.0585,-0.0698,0.5273,0.0817,-0.2695,-0.2536,0.028,0.0158,-0.094,0.1859,0.0506,0.0807,0.0004,0.0231,0.1196,-0.1121,-0.0094,-0.0043,0.02,-0.001,-0.0,-0.0232,-0.0133,0.0292,0.0092,0.0045,-0.0167,0.0049,0.0153,3.4857,-0.0147,0.0002,-0.0207,0.0244,-0.0146,-0.0066,0.5056,0.0063,0.006,0.0078,0.0182,0.9604,-0.0223,-0.0262,-0.0093,0.0186,-0.0237,-0.0088,0.0097,-0.0061,0.0089,-0.0443,-0.0183,0.0084,0.0172,0.0291,-0.1774,-0.027,0.0073,0.0268,0.0286,0.0259,-0.1104,-0.0238
65,5125,108,2,sitting,-0.0112,1.382,-0.0065,0.0344,-0.0218,-0.0113,-0.0007,-0.9665,0.0434,-0.0546,0.438,0.0698,-0.0849,0.3942,0.0259,0.0001,-0.0775,-0.0925,-0.001,-0.0504,-0.0188,0.0045,0.0002,-0.0226,0.0232,0.0068,0.0332,0.0151,0.0089,0.0292,-0.006,0.0309,0.0084,0.0041,-0.0147,0.0066,0.0271,3.9962,-0.0072,-0.01,-0.0185,0.0279,-0.0161,-0.0074,0.5792,0.0064,0.0073,-0.0052,-0.0196,0.9281,0.0094,0.027,-0.009,0.0054,-0.0083,0.0087,0.0195,-0.0082,0.0275,-0.0097,-0.0178,0.0063,0.0229,0.0373,-0.2491,-0.0244,0.0247,-0.0069,0.0222,0.0277,-0.1509,-0.0238
66,5126,108,2,sitting,-0.0035,1.2684,-0.0078,0.0195,-0.0174,0.0196,-0.0319,-0.9236,0.0363,-0.0468,0.4259,0.0547,0.0045,0.9916,0.0189,-0.0044,-0.0175,0.0059,0.0203,0.0069,0.0056,-0.0065,-0.0042,-0.0038,0.021,-0.0028,0.0293,0.0029,-0.0041,0.0262,-0.004,0.0287,0.0088,0.0009,-0.0172,0.0055,0.0692,0.5058,-0.0201,0.01,0.0961,0.0503,-0.0186,0.0066,0.547,0.0085,0.0073,-0.009,0.0163,0.0273,-0.0205,-0.0883,0.0177,0.0091,-0.0182,-0.006,0.0207,0.0167,-0.0762,-0.1017,0.0198,0.0228,0.0193,0.0002,-0.2208,-0.0209,-0.0806,-0.001,0.0204,0.0355,-0.1507,-0.0176
67,5127,108,2,sitting,0.0067,1.4549,-0.0077,0.0169,-0.0168,0.0006,-0.0328,-0.9123,0.0542,-0.0696,0.4393,0.0398,0.0219,0.9726,-0.0066,0.0088,-0.0095,0.0172,0.0231,0.0107,-0.0036,-0.0035,0.0024,-0.0032,0.0189,-0.0039,0.0291,0.004,-0.0134,0.0232,-0.0044,0.0309,0.0059,0.0038,-0.0104,0.0043,0.0147,0.6484,0.006,-0.0046,-0.0182,0.0081,-0.0109,0.0051,0.547,0.0065,0.0056,-0.0091,-0.0061,0.0273,-0.0155,0.0883,-0.0206,0.0187,0.0262,0.0176,-0.0373,-0.0098,0.0503,0.0485,0.0078,0.0085,0.0192,0.0277,-0.2399,-0.0093,0.0075,0.009,0.0247,0.0292,-0.1192,-0.0223
68,5128,108,2,sitting,-0.0104,0.6962,-0.0089,0.032,-0.0172,-0.0008,-0.0225,-0.579,0.0515,-0.0335,0.2681,0.0717,0.0088,1.3546,-0.0085,-0.001,-0.0095,0.0075,0.0168,0.0131,-0.0042,0.0065,-0.0055,-0.0124,0.0109,0.0027,0.0256,0.0036,-0.0038,0.0143,-0.0045,0.0344,0.0098,0.0053,-0.0106,0.0059,-0.0209,0.6497,0.0151,0.0233,0.0505,0.0194,-0.0149,-0.0047,0.4867,-0.0082,-0.007,-0.0084,-0.0205,1.0856,-0.0002,-0.1197,0.0058,-0.0076,-0.0232,0.016,0.0262,0.0192,0.048,0.0373,-0.0066,0.0191,0.0193,0.0294,-0.2208,-0.0286,0.0379,0.0083,0.0223,0.0259,-0.1308,-0.0266
69,5129,108,2,sitting,-0.0015,1.2637,-0.0111,0.0273,-0.0059,-0.0323,-0.0528,-0.9665,0.0696,-0.0769,0.4297,0.0414,0.0929,0.9982,-0.026,-0.0008,-0.0188,-0.01,0.0222,0.0198,0.0056,-0.0065,0.004,-0.0108,0.0161,0.0034,0.0276,0.0042,-0.0074,0.0066,0.0038,0.0291,0.0064,0.0045,-0.015,0.0057,0.0505,0.6781,0.0001,0.0058,-0.001,0.0257,-0.0044,0.0063,0.4792,0.0051,-0.0072,-0.0052,-0.0149,1.5375,0.0095,-0.0085,-0.0055,0.017,0.0062,0.0086,-0.0089,0.0077,-0.0173,0.048,-0.0094,0.0197,0.0171,0.0262,-0.2162,-0.0168,0.0268,0.0176,0.0193,0.0178,-0.1198,-0.0205
70,5130,108,2,sitting,-0.0033,1.2667,-0.0136,0.0225,-0.0256,-0.0008,-0.0375,-0.9444,0.0434,-0.0515,0.4311,0.0503,-0.0072,0.9568,-0.0166,0.0065,-0.0131,0.0094,0.016,0.0085,-0.0059,-0.007,-0.0064,-0.009,0.0141,0.0069,0.0286,-0.0029,-0.0063,0.0296,-0.0035,0.03,0.0084,0.004,-0.0138,-0.0049,0.0699,0.5889,0.0851,-0.0778,-0.0982,0.1197,-0.0057,0.0044,0.5047,0.0062,0.0077,0.0053,-0.0249,1.5587,0.0096,0.101,-0.0179,0.0083,-0.0241,-0.001,0.0277,-0.0076,-0.1004,0.0592,-0.0073,0.0197,0.029,0.0475,-0.2209,-0.0245,-0.01,0.0221,0.008,-0.0292,-0.1109,-0.0231
71,5131,108,2,sitting,-0.0106,0.7042,-0.0032,0.0262,-0.0064,0.0063,-0.0147,-0.9077,0.0355,-0.0277,0.4325,0.0315,0.0218,0.8919,-0.0017,0.0035,-0.0082,0.0252,0.0196,0.0095,-0.0009,0.004,0.0009,-0.0105,0.0228,0.0037,0.0279,0.0041,-0.0078,0.0146,-0.0033,0.0289,0.009,0.001,-0.0108,-0.005,0.0468,1.6693,-0.0059,-0.0069,0.0273,0.0194,-0.006,-0.0061,0.5499,-0.0056,-0.0065,-0.0151,-0.0173,0.8192,-0.0001,-0.0975,-0.0053,0.008,-0.0231,0.0058,0.0081,-0.0076,-0.0232,-0.0266,0.0084,0.0186,0.0259,0.0278,-0.2505,-0.0188,0.0222,0.0074,0.0192,0.0292,-0.1107,-0.0247
72,5132,108,2,sitting,-0.0022,1.3546,-0.0107,0.0548,-0.0158,0.0056,-0.0315,-0.8341,0.0466,-0.0433,0.3796,0.0009,0.0695,0.1789,-0.028,0.0043,-0.0228,0.0885,0.0804,0.0508,-0.0109,0.0286,0.0002,0.0256,0.0078,-0.0001,0.0375,0.0042,-0.0169,0.023,-0.0032,0.0294,0.0063,0.0074,-0.0161,0.006,0.02,0.6582,0.009,0.0254,-0.0194,-0.0187,-0.0155,-0.0051,0.545,-0.0057,-0.0053,-0.0081,-0.0152,0.739,0.0231,-0.1129,-0.0083,0.0168,0.0184,0.0098,-0.01,0.0062,0.0468,-0.0786,0.0246,0.0064,0.0259,0.0355,-0.2376,-0.0191,0.0245,0.0073,0.0262,0.0071,-0.1192,-0.0188
73,5133,108,2,sitting,-0.0049,1.3063,-0.0105,0.0259,-0.0146,-0.0218,-0.0328,-0.9348,0.041,-0.0273,0.4181,0.0379,0.0009,0.7269,-0.0161,0.0053,-0.0072,0.0075,0.0165,0.009,-0.0043,-0.0042,0.0023,-0.0074,0.0132,-0.0058,0.0305,0.0031,-0.0107,0.0206,-0.0033,0.031,0.0091,0.0064,-0.0154,0.0056,0.0878,0.4095,-0.0088,0.0096,-0.0957,0.0505,-0.0169,0.0055,0.5066,-0.0052,0.007,-0.0085,-0.0697,1.5973,-0.0239,0.0473,-0.0594,0.0176,0.027,-0.0186,0.0084,-0.0469,-0.1102,0.0167,-0.0092,0.0077,0.0277,0.0182,-0.1693,-0.0294,-0.1005,-0.0068,0.0098,-0.0285,-0.1504,-0.0287
74,5134,108,2,sitting,-0.0035,1.2946,-0.0105,0.032,-0.0166,-0.0073,-0.0059,-0.9458,0.0461,-0.027,0.4399,0.028,-0.0007,0.9278,0.0095,0.0018,-0.0069,0.0085,0.0141,0.0131,0.0033,-0.0044,-0.0042,-0.0047,0.0092,0.0028,0.0296,0.007,-0.0134,0.015,-0.0053,0.0297,0.009,0.001,-0.0109,0.0037,0.0694,0.3856,0.0108,0.0778,0.0509,0.0484,-0.0068,-0.0049,0.4881,-0.0074,-0.0089,-0.0154,-0.0158,0.9777,0.006,-0.1195,-0.0163,0.0082,-0.0067,-0.0207,0.0373,-0.0093,-0.1008,-0.0488,-0.0096,0.0171,0.0273,0.0475,-0.2391,-0.02,0.0335,0.0002,0.0303,0.0176,-0.1127,-0.0332
75,5135,108,2,sitting,-0.0015,1.2957,-0.0117,0.047,-0.0064,-0.0216,-0.031,-1.0567,0.0891,-0.0675,0.5092,0.0741,0.0972,-0.3569,0.0002,0.0006,-0.0066,0.0247,0.0155,0.0206,-0.0003,0.0023,-0.0133,0.004,0.0146,0.0039,0.0277,0.0068,-0.0207,0.0159,-0.0036,0.0302,0.0093,0.0034,-0.0137,0.0051,-0.0184,0.9876,-0.0226,0.0262,0.0259,-0.0186,-0.0149,-0.0063,0.4858,-0.0053,-0.006,-0.0065,0.0248,0.8333,-0.0237,0.1019,-0.0094,0.0235,0.019,-0.0238,0.0246,-0.0509,0.0449,-0.0369,0.0079,0.0303,0.0183,0.0231,-0.2209,-0.0256,0.0195,0.0255,0.0268,0.0437,-0.1302,-0.0087
76,5136,108,2,sitting,-0.0022,1.3685,-0.0114,0.0435,-0.021,0.0159,-0.0591,-0.8398,0.0618,-0.032,0.4375,0.0917,-0.1569,0.1672,-0.0253,-0.0006,-0.0851,-0.0194,0.0508,0.0726,-0.0002,0.0803,-0.0249,-0.0064,0.0182,0.0154,0.0268,-0.0044,0.0247,0.0195,-0.0065,0.0294,0.0084,0.0046,-0.0155,0.0037,0.1005,0.7063,0.0086,-0.001,-0.0249,-0.1192,-0.0092,-0.0052,0.5077,-0.006,-0.0062,-0.009,-0.0089,1.5699,-0.0073,-0.088,0.0201,-0.0168,0.0097,-0.01,0.0241,-0.0259,-0.1121,-0.0898,0.0079,0.0174,0.0196,0.0071,-0.2506,-0.0076,0.0078,0.0183,0.0222,0.0187,-0.1103,-0.0256
77,5137,108,2,sitting,0.0142,1.4303,-0.0038,0.0437,-0.0214,0.0323,-0.0515,-1.2885,0.0712,-0.0866,0.589,0.0699,-0.0962,-1.3463,-0.01,0.0006,-0.0232,-0.0259,0.0195,-0.0246,-0.0131,-0.0133,0.0149,-0.0032,0.0244,-0.0056,0.0294,0.0069,-0.0064,0.0146,-0.0053,0.0301,0.0089,0.0035,-0.0161,0.0045,0.001,0.8875,0.0001,0.02,-0.0506,-0.0078,-0.0059,0.0054,0.5096,0.0051,0.0052,-0.0074,-0.0065,0.9604,0.0247,-0.1002,-0.0183,-0.0193,-0.0186,0.0077,0.0091,-0.0076,0.0181,0.1015,0.0067,0.0255,0.0187,0.0287,-0.2602,-0.0266,0.0373,0.0207,0.0221,0.0231,-0.1508,-0.0245
78,5138,108,2,sitting,-0.0044,1.4223,-0.0108,0.0468,-0.0195,-0.0196,-0.0326,-1.0567,0.0633,-0.0485,0.5077,0.0447,0.0929,0.9836,-0.0008,0.0043,0.0059,0.0259,0.0142,0.0206,0.0047,-0.0075,-0.006,-0.0046,0.0247,0.0031,0.029,0.0063,-0.0161,0.028,-0.0034,0.0286,0.0092,0.0038,-0.0186,-0.0064,0.02,0.4548,-0.0002,0.0065,0.0797,-0.0505,-0.0189,0.0084,0.5894,-0.0088,0.0078,-0.0051,-0.0169,0.9589,0.019,-0.1015,-0.0054,0.0066,-0.001,0.0087,0.0083,-0.0176,-0.027,0.0335,0.0099,0.007,0.0191,0.0085,-0.1879,-0.0273,0.0292,0.0071,0.0294,0.0266,-0.1192,-0.0277
79,5139,108,2,sitting,0.0025,1.5377,-0.0133,0.0321,-0.0143,0.0221,-0.0212,-0.9231,0.0546,-0.0417,0.4361,0.077,-0.0941,0.9828,0.0059,-0.0164,0.0007,0.0074,0.0205,0.0063,-0.0035,-0.0045,0.0075,-0.0085,0.0399,-0.0034,0.0273,-0.0068,-0.0165,0.0226,-0.0055,0.029,0.0089,0.0044,-0.0147,0.0038,-0.0084,0.4095,-0.0139,0.0053,-0.065,-0.0504,-0.0152,0.0069,0.547,0.009,0.0056,-0.0061,-0.0878,0.9773,0.02,-0.0167,-0.0196,-0.0182,0.1003,0.0166,-0.0806,0.1014,0.016,-0.1104,-0.0247,0.0062,0.0268,0.027,-0.1791,-0.0581,0.039,0.0179,0.0294,0.0355,-0.1129,-0.0249
80,5140,108,2,sitting,-0.0065,1.5969,-0.0109,0.0314,-0.0216,0.0009,-0.0237,-0.9917,0.0584,-0.0373,0.4426,0.0464,-0.1349,0.1536,-0.009,0.0085,-0.0222,0.0221,0.0719,0.0852,0.0631,0.0294,0.0507,0.0046,0.0231,-0.0248,0.0273,0.0293,0.0468,0.0231,-0.0143,0.0295,0.0042,0.007,-0.0256,0.0055,0.044,0.885,0.0096,0.001,0.0277,0.0291,-0.0163,-0.0072,0.5466,0.0008,-0.0075,0.0162,-0.0158,0.9666,0.0053,-0.0407,-0.0183,0.0174,-0.0189,0.0067,0.008,-0.0002,0.0277,0.0086,-0.0001,0.0079,0.0232,0.0436,-0.2509,-0.0181,0.0097,0.0078,0.0176,0.0091,-0.1107,-0.0253
81,5141,108,2,sitting,0.0105,1.3565,-0.0059,0.0878,-0.0462,-0.1096,-0.0986,-0.9071,0.0323,-0.028,0.4326,0.0625,-0.2975,1.2074,0.1832,0.1657,0.1782,-0.2821,-0.3347,0.2263,-0.2784,0.3497,-0.5094,-0.3077,-0.0507,-0.0803,-0.1194,-0.0485,-0.1507,-0.3866,-0.0004,0.1008,-0.0098,-0.001,-0.0153,-0.0002,-0.0203,3.4568,0.0001,0.036,0.0488,-0.01,-0.0044,-0.0058,-0.649,-0.0061,-0.0056,0.0067,-0.0173,2.6983,-0.0085,0.0193,0.0195,0.0072,-0.0155,0.0088,-0.0087,0.0076,0.0092,-0.0276,-0.0189,0.0071,0.0287,0.0277,-0.2502,-0.0417,-0.1012,0.0085,0.0262,-0.0599,-0.2163,-0.0205
82,5142,108,2,sitting,0.0042,1.3386,-0.0149,0.037,-0.0085,-0.0006,-0.0225,-0.827,0.0436,-0.0222,0.3908,0.0584,-0.0718,0.4082,-0.0188,0.0047,-0.0695,0.0045,0.001,0.0928,0.0174,-0.0059,0.0141,-0.0239,0.0001,-0.0065,0.0295,-0.0154,-0.0168,0.0231,0.0031,0.029,0.0092,0.0044,-0.0169,0.0038,0.0506,0.7791,-0.0062,0.0292,-0.0409,-0.01,-0.0172,0.0051,0.5764,0.0066,0.0053,-0.0087,-0.0235,0.7983,-0.0156,-0.1006,-0.016,0.0075,-0.0266,-0.0073,0.0093,-0.0089,-0.0485,0.0163,-0.0176,0.0199,0.0286,0.0178,-0.2207,-0.0081,0.0194,0.0196,0.0294,0.0285,-0.1193,-0.0244
83,5143,108,2,sitting,-0.0017,0.8278,-0.0115,0.0111,-0.0112,-0.0166,-0.0375,-0.9123,0.056,-0.0468,0.427,0.0619,0.028,1.3894,0.0245,-0.0025,-0.0246,-0.0042,0.0185,0.0143,0.0024,0.0044,0.0033,-0.0032,0.0259,-0.0028,0.0296,0.0039,-0.0069,0.0295,-0.0041,0.0315,0.0009,0.0053,-0.0136,0.0064,-0.0083,0.7092,-0.0089,0.0268,0.001,0.0074,-0.0107,-0.0048,0.4763,-0.0057,-0.0052,0.0059,-0.0165,1.5886,-0.0077,0.0897,-0.0167,0.0084,0.0241,0.0226,-0.0247,0.0078,-0.0276,-0.0596,-0.0109,0.0081,0.0195,0.009,-0.2207,-0.0073,0.0188,0.0182,0.0206,0.0179,-0.1306,-0.0091
84,5144,108,2,sitting,-0.0047,0.7401,-0.0042,0.0345,-0.0096,0.0113,-0.0412,-0.8255,0.0515,-0.0462,0.4263,0.0398,0.023,0.8919,-0.0008,0.0002,0.0093,0.0185,0.0203,0.0186,0.001,-0.0106,-0.0095,-0.0065,0.0155,-0.0046,0.0295,0.0069,-0.0082,0.0149,-0.006,0.0311,0.0066,0.007,-0.0144,-0.0039,0.0084,1.3876,0.0188,-0.0077,-0.0001,-0.0503,-0.0167,-0.0057,0.4872,-0.0068,-0.0058,-0.0053,-0.0247,0.6336,-0.01,0.0963,-0.009,-0.0192,-0.0059,-0.0221,0.0253,-0.0775,-0.0894,0.0897,0.0098,0.018,0.0171,0.0181,-0.2205,-0.0187,0.0286,0.0078,0.0231,0.0375,-0.1196,-0.0179
85,5145,108,2,sitting,-0.0059,1.2967,-0.0088,0.0169,-0.0161,0.0065,-0.0319,-0.9604,0.041,-0.0513,0.4277,0.0379,0.0632,0.9895,0.0015,0.006,-0.022,-0.0006,0.0174,0.0089,-0.0146,0.0085,-0.0025,-0.0042,0.0232,-0.0043,0.0293,0.0075,-0.0107,0.0238,-0.0045,0.0295,0.0094,0.004,-0.0168,0.0056,0.089,0.5547,0.001,0.015,-0.0972,0.01,-0.0058,-0.0049,0.547,-0.0057,-0.0051,-0.0083,0.0206,0.9076,-0.0173,0.0484,0.0186,0.0241,0.0066,-0.0087,0.0176,0.0082,-0.0275,-0.0277,-0.0097,0.018,0.0164,0.0247,-0.2202,-0.0499,0.0273,0.0179,0.0222,0.0286,-0.1196,-0.0191
86,5146,108,2,sitting,0.0042,1.2984,-0.0103,0.0434,-0.0143,-0.0562,-0.025,-0.9746,0.0639,-0.0772,0.4086,0.0547,-0.1654,0.2881,-0.0507,0.0873,-0.0085,0.0941,-0.0248,-0.001,0.0237,0.0007,0.0044,-0.0222,0.0163,-0.0069,0.0286,-0.0138,-0.0232,0.0089,-0.0032,0.0296,0.0094,0.0056,-0.0145,0.0057,0.0175,0.6851,0.0058,0.0064,-0.0078,0.009,-0.0174,0.007,0.4966,-0.0088,-0.0077,0.0067,0.0182,1.5583,-0.0059,-0.1011,0.0091,0.0238,-0.0099,0.0096,0.026,0.01,0.0195,-0.0277,-0.0085,0.0165,0.0193,0.0192,-0.2498,-0.0266,0.0171,0.0079,0.0206,0.0226,-0.1194,-0.0207
87,5147,108,2,sitting,0.0067,1.3746,-0.0155,0.0549,-0.0259,0.0065,-0.0466,-1.0874,0.0696,-0.0344,0.5947,0.0769,0.0943,0.3586,-0.0266,0.0216,-0.01,-0.0009,0.001,0.0088,-0.0036,-0.0041,-0.0075,-0.0064,0.0508,-0.0034,0.0438,0.0063,-0.0091,0.0399,-0.0031,0.0293,0.0095,0.0051,-0.015,0.0061,-0.0209,0.454,0.0084,-0.0245,-0.0249,-0.0002,-0.0173,0.006,0.5794,0.0056,-0.0068,-0.0081,-0.0231,0.719,-0.0078,0.0777,-0.008,0.0241,-0.0206,0.0223,-0.0185,0.0189,-0.0193,0.0379,0.0098,0.009,0.017,0.0192,-0.2072,-0.0239,0.0286,0.0097,0.0183,0.0287,-0.1198,-0.0182
88,5148,108,2,sitting,0.0103,1.4368,-0.0059,0.055,-0.0431,0.0189,-0.0232,-1.0763,0.089,-0.0696,0.4572,0.096,-0.1843,0.9941,-0.1795,0.0507,0.0219,0.0006,0.2781,-0.2484,0.2235,-0.2382,0.2569,-0.3326,0.3093,0.2973,0.2898,0.4475,-0.4948,0.3867,-0.0239,0.0332,0.01,-0.0055,-0.0238,-0.0065,-0.1018,0.7774,-0.0259,0.0408,0.119,-0.0807,-0.0158,0.0188,0.5364,0.0157,0.0094,0.0154,-0.0002,0.858,-0.0156,-0.1507,-0.0207,0.0286,-0.0363,-0.0191,0.0369,-0.0288,-0.1362,0.0186,0.02,0.0092,0.0293,0.0373,-0.2209,-0.0697,-0.009,-0.0183,0.0373,-0.0335,-0.1308,-0.0074
89,5149,108,2,sitting,-0.0049,1.3293,-0.0055,0.0375,-0.015,-0.0009,-0.0244,-0.827,0.0546,-0.0464,0.4085,0.079,0.023,0.9823,-0.0141,-0.0025,-0.0042,0.0088,0.0143,0.0084,-0.0131,0.0059,0.0068,-0.0074,0.0133,-0.0034,0.0277,0.007,-0.0065,0.0287,-0.001,0.0285,0.0072,0.0002,-0.0161,0.0047,0.0895,0.6694,-0.0223,-0.0504,-0.0697,0.0983,-0.0144,0.0053,0.5445,-0.0067,-0.0058,-0.0163,-0.0262,0.8695,0.0239,-0.119,-0.0069,0.0238,-0.0189,0.0056,0.0294,-0.0191,0.0807,-0.1309,0.0076,0.0171,0.0232,0.0292,-0.2209,-0.01,-0.0462,-0.0249,-0.0593,-0.0379,-0.1102,-0.0182
90,5150,108,2,sitting,-0.0011,1.2866,-0.0112,0.0518,-0.0059,0.0217,-0.0325,-0.9665,0.0462,-0.0349,0.4361,0.0698,0.0788,0.9723,-0.0116,0.0056,0.0096,0.0007,0.0131,0.0133,-0.0038,0.0069,-0.0046,-0.0044,0.0149,-0.0027,0.0294,0.0032,-0.0158,0.0287,-0.0042,0.0303,0.007,0.0052,-0.0147,0.0051,0.0982,0.6881,-0.0204,-0.0895,0.0509,0.0091,-0.0189,-0.0065,0.5445,-0.0053,-0.0073,-0.019,-0.0247,0.5373,-0.0094,0.1015,0.0222,0.02,-0.0074,0.0086,0.0063,0.0092,-0.0002,0.0961,0.0087,0.0193,0.0221,0.0177,-0.208,-0.0244,0.0332,0.0268,0.0259,0.0293,-0.1306,-0.0078
91,5151,108,2,sitting,0.0017,1.3232,-0.0111,0.0431,-0.0323,-0.0007,-0.0225,-1.0696,0.0515,-0.0746,0.5082,0.0913,0.1468,-0.3697,-0.001,0.0119,-0.0273,0.0852,0.0503,0.0157,-0.0033,0.0065,-0.0147,0.0035,0.0569,-0.0043,0.029,0.0156,-0.0189,0.0042,-0.0055,0.0304,0.0144,0.0041,-0.0154,0.0062,0.007,3.609,0.0078,0.0095,0.0063,-0.0292,-0.0145,-0.0092,-0.6674,-0.0049,-0.0058,-0.0073,-0.0221,2.8767,0.0072,-0.1126,-0.0247,-0.01,0.0159,-0.0002,0.0257,0.0091,0.0485,0.1102,0.0181,0.0084,0.0201,0.0064,-0.2203,-0.0171,-0.0175,0.0086,0.0076,-0.0198,-0.1503,-0.0204
92,5152,108,2,sitting,-0.0059,1.5396,-0.0132,0.0417,-0.0166,-0.0315,-0.0222,-1.0867,0.0638,-0.056,0.5085,0.0943,0.1396,0.2581,-0.0241,-0.023,-0.0791,-0.0065,0.0009,-0.0002,-0.0504,0.0046,0.0247,0.0131,0.0188,-0.01,0.0292,-0.0168,-0.001,0.0293,-0.0037,0.0287,0.0072,0.0058,-0.0169,0.0057,-0.0154,3.454,-0.0163,0.0073,0.0328,0.0231,-0.0149,0.0051,-0.5375,-0.0056,0.0077,-0.007,-0.0228,2.8962,-0.0238,-0.0983,0.0194,0.019,-0.0082,0.0086,0.0198,0.0277,-0.0899,0.1005,0.0095,0.0206,0.0256,0.0273,-0.2303,-0.0278,0.0285,0.0205,0.0232,0.0373,-0.1305,-0.0417
93,5153,108,2,sitting,0.0038,1.3565,-0.0112,0.0317,-0.0186,0.0053,-0.0253,-0.9307,0.0515,-0.0466,0.434,0.0645,-0.0007,0.9416,-0.0075,0.0002,-0.0082,0.026,0.0262,0.0259,-0.0031,0.0063,0.0047,-0.0044,0.0046,0.0055,0.0271,0.0069,-0.0084,0.0282,-0.0049,0.0279,0.009,0.0078,-0.0108,0.007,0.02,3.0959,-0.001,0.0156,0.0209,-0.0773,-0.0161,-0.0091,-0.5867,0.0077,-0.0057,-0.0089,0.0235,2.9568,0.0054,-0.101,-0.0222,0.0092,-0.0206,0.0087,0.0197,0.01,0.0593,-0.1191,-0.0174,0.0179,0.0252,0.0185,-0.2096,-0.0277,-0.0247,-0.0072,0.0099,0.0258,-0.0806,-0.0505
94,5154,108,2,sitting,-0.0069,1.3846,-0.0103,0.0464,-0.0117,0.0008,-0.0072,-0.441,0.0262,-0.0244,0.1809,0.0356,-0.0074,0.2378,-0.0125,0.0084,-0.0075,0.0088,0.028,0.0106,0.0032,0.0059,0.006,-0.0031,0.014,0.0045,0.0277,0.0035,-0.0139,0.0235,-0.0034,0.0294,0.0081,0.001,-0.0143,-0.0042,-0.0508,0.6787,-0.0586,0.085,-0.1012,0.079,-0.01,-0.0056,0.4889,-0.0058,-0.0066,-0.0163,-0.0232,0.9452,-0.0053,-0.1309,-0.0248,0.0098,-0.0077,0.0193,-0.017,-0.0194,-0.1004,-0.1194,0.0231,0.0082,0.0273,0.0355,-0.2507,-0.0246,0.0409,-0.0179,0.0221,-0.0458,-0.1503,-0.0173
95,5155,108,2,sitting,0.0055,1.3265,-0.0136,0.0364,-0.0146,-0.0095,-0.0225,-0.9777,0.0466,-0.055,0.414,0.0476,0.0006,0.9814,0.009,0.0069,-0.0143,0.006,0.0131,0.0135,-0.0058,-0.0059,-0.0045,-0.0074,0.0107,-0.0063,0.0286,0.0044,-0.0153,0.0156,-0.0047,0.037,0.0078,0.0057,-0.0138,0.0068,0.0697,0.4841,-0.0096,0.01,0.0975,0.0882,-0.0154,-0.0094,0.4967,-0.0093,-0.0051,-0.0165,-0.0162,1.4809,-0.0247,0.1015,-0.0231,-0.0207,-0.0509,-0.0072,0.03,-0.0273,0.1306,-0.1191,0.0089,0.0181,0.0232,0.0399,-0.1787,-0.02,0.0373,-0.0222,0.0221,0.0411,-0.1127,-0.0583
96,5156,108,2,sitting,-0.0142,1.3114,-0.0066,0.0259,-0.0216,-0.0072,-0.0596,-0.9413,0.0792,-0.0619,0.4547,0.0495,-0.0499,0.4918,-0.037,-0.0008,-0.0817,0.0065,0.0222,0.0944,-0.0002,0.0025,-0.0046,-0.0164,0.0505,-0.01,0.0268,-0.0041,-0.0186,0.0185,-0.0031,0.0296,0.0074,0.0063,-0.0162,0.0059,0.0183,3.7955,0.0067,-0.0078,-0.0803,-0.0286,-0.0069,-0.0054,0.4861,-0.0084,-0.005,-0.006,0.0221,0.7793,-0.0256,0.0582,0.0237,-0.0056,-0.0095,0.0098,-0.0187,0.0058,-0.1129,0.101,0.0247,0.0168,0.0291,0.0277,-0.2497,-0.0335,0.0273,0.0245,0.0262,0.0469,-0.1306,-0.0231
97,5157,108,2,sitting,-0.0012,1.4252,-0.0122,0.0325,-0.0005,-0.0096,-0.0268,-1.0862,0.0515,-0.0413,0.5165,0.0698,0.0245,0.3885,-0.0002,-0.0069,-0.0146,-0.0063,0.0207,0.0154,-0.0042,-0.0023,-0.0024,-0.0066,0.0215,0.0027,0.0271,0.0031,-0.0195,0.0155,-0.0033,0.0294,0.0093,0.0056,-0.0168,0.0043,0.0791,0.6047,-0.0045,0.0231,0.0073,-0.0291,-0.0109,-0.0074,0.5889,-0.0059,-0.0072,-0.0086,-0.0235,0.7783,0.0182,0.0803,-0.0094,0.0057,0.0239,0.0176,-0.0088,0.0099,-0.0262,-0.0507,-0.008,0.019,0.0255,0.0164,-0.2167,-0.0266,0.027,0.0078,0.0254,0.0292,-0.1184,-0.0205
98,5158,108,2,sitting,-0.0049,1.327,-0.0112,0.0259,-0.0206,-0.0164,-0.0324,-0.9334,0.0515,-0.041,0.4227,0.0451,0.0213,0.9278,0.0185,-0.0051,-0.0008,-0.0065,0.0143,0.0131,0.0033,0.0042,-0.0058,-0.0068,0.0136,0.004,0.0294,0.0072,-0.0186,0.0297,0.0069,0.0292,0.0078,0.006,-0.0195,0.0056,-0.0637,0.5947,0.0231,0.0798,-0.0646,0.0897,-0.0144,0.0052,0.547,-0.0062,-0.0067,-0.0075,-0.0953,0.8492,0.001,0.1193,0.0001,0.0239,0.0291,-0.0173,-0.01,-0.0189,0.1006,-0.1108,-0.0191,0.02,0.0256,0.0166,-0.2203,-0.0355,0.0509,0.0184,0.048,0.0187,-0.1509,-0.0433
99,5159,108,2,sitting,-0.0066,0.741,-0.0108,0.0364,-0.0182,-0.0085,0.0143,-0.9341,0.0439,-0.0514,0.4236,0.0354,0.0633,1.3791,-0.0005,-0.0075,-0.0219,0.0161,0.0247,0.0248,0.0002,0.0228,-0.0107,-0.0109,0.006,0.0041,0.0279,-0.0062,-0.0078,0.029,-0.004,0.0311,0.0094,0.0069,-0.0165,0.0044,0.01,0.5586,0.0042,0.0067,-0.02,0.0163,-0.007,-0.0053,0.5468,-0.0051,-0.0049,-0.0073,-0.0052,0.9879,-0.0093,-0.1108,-0.0159,0.0083,-0.0077,0.0072,0.0081,0.0087,0.0245,-0.0266,-0.0084,0.0196,0.0207,0.0222,-0.1776,-0.0199,0.0328,0.0189,0.0238,0.0322,-0.1309,-0.0205
100,5160,108,2,sitting,-0.0105,0.727,-0.0065,0.0262,-0.0095,-0.0069,0.0416,-0.8191,0.031,-0.0335,0.4411,0.0373,0.0881,1.3092,0.0082,0.0004,-0.0247,0.0042,0.0266,0.0214,-0.0063,-0.0059,0.0066,-0.0107,0.0067,-0.0047,0.0285,0.0074,-0.0162,0.0149,-0.0058,0.035,0.0083,0.0068,-0.0155,0.0064,0.0645,-0.3941,0.0961,0.0053,0.0506,0.0458,-0.0056,-0.0084,0.5338,-0.006,-0.009,-0.0077,-0.0259,0.9773,-0.0157,-0.1105,-0.01,0.0238,-0.0088,0.0076,0.007,0.0002,-0.1011,0.0194,-0.0191,0.02,0.0193,0.0172,-0.1992,-0.018,0.0268,0.0098,0.0254,0.0293,-0.1191,-0.0286
101,5161,108,2,sitting,-0.0045,1.334,-0.0103,0.0007,-0.0219,-0.0002,-0.0268,-0.9071,0.0518,-0.0468,0.4298,0.0691,0.0961,0.2374,-0.01,0.0134,-0.0064,0.008,0.0165,0.0094,-0.0047,-0.0032,-0.0066,-0.0024,0.0082,0.003,0.0295,0.0046,-0.0095,0.0294,-0.0041,0.0303,0.0069,0.0059,-0.0149,0.0053,0.0249,0.5596,-0.0157,0.0108,0.0072,-0.0075,-0.0154,0.0084,0.563,0.0062,-0.0086,0.007,-0.001,0.9863,0.0092,0.0285,0.009,0.0078,-0.0193,-0.0071,0.0167,-0.0081,-0.0505,0.0273,-0.0077,0.0176,0.0201,0.0185,-0.2088,-0.0266,0.0279,0.0099,0.0204,0.0277,-0.1304,-0.0229
102,5162,108,2,sitting,0.0067,1.2946,-0.0104,0.0246,-0.0166,0.028,-0.034,-0.8255,0.0574,-0.0355,0.4421,0.0613,0.0881,0.9942,-0.0082,0.0084,-0.0007,0.0075,0.0147,0.0063,-0.0059,0.0038,0.0056,-0.0024,0.0095,-0.0028,0.0259,0.0039,-0.0089,0.0155,-0.006,0.032,0.0072,0.009,-0.0157,0.0043,0.0988,0.7898,0.0796,-0.0505,0.1122,0.1106,-0.0068,0.0053,0.585,0.0049,0.0054,-0.0164,-0.02,0.9764,0.01,0.1017,-0.0093,0.0238,-0.0002,0.0077,0.0247,0.0086,0.0804,0.1502,-0.0266,0.0206,0.0286,0.0083,-0.2207,-0.035,0.0769,0.0079,0.0279,0.0369,-0.0871,-0.0231
103,5163,108,2,sitting,-0.0035,1.3232,-0.0142,0.0561,-0.0326,0.027,-0.0434,-1.0818,0.0712,-0.0694,0.5082,0.028,0.1378,0.2989,-0.0163,-0.0036,-0.0006,0.0084,0.0273,0.006,0.0032,-0.007,-0.0074,-0.0141,0.0249,0.0043,0.0286,0.0147,-0.0153,0.0293,0.0038,0.034,0.0075,0.0049,-0.0168,0.0057,0.0286,0.5566,0.0152,-0.001,-0.0946,-0.029,-0.0072,-0.0048,0.5879,-0.0062,0.0071,-0.009,-0.0081,0.9281,-0.0206,0.0503,0.0069,0.01,0.0241,-0.0077,-0.0159,-0.0095,-0.0259,0.0985,-0.0087,0.0173,0.0228,0.0186,-0.2169,-0.0093,0.0335,0.0199,0.0233,0.0292,-0.1509,-0.0196
104,5164,108,2,sitting,-0.0035,1.5377,-0.0115,0.0327,-0.0175,-0.0225,-0.0136,-0.9762,0.0546,-0.0348,0.4293,0.0462,0.001,0.8818,0.0065,0.0059,-0.0078,0.0069,0.0186,0.007,-0.0008,0.0064,-0.006,-0.0024,0.0252,0.0047,0.0291,0.0038,-0.009,0.0259,-0.0063,0.0292,0.0085,0.0039,-0.0106,0.0049,0.0247,0.4892,-0.0109,-0.0066,-0.0084,-0.0244,-0.0108,0.0051,0.5056,0.0053,-0.0068,-0.0058,-0.0167,0.9773,0.0095,0.0791,-0.0055,0.0077,0.008,0.0057,-0.0081,0.0061,-0.0245,0.0279,-0.0087,0.0189,0.0193,0.0222,-0.195,-0.0209,0.0278,-0.0094,0.0238,0.027,-0.1192,-0.0399
105,5165,108,2,sitting,0.0042,1.3537,-0.0141,0.0514,-0.0417,0.0364,-0.0225,-0.9307,0.0718,-0.0947,0.4423,0.0874,0.1379,0.4828,0.0232,-0.0006,-0.0645,0.0235,0.0238,0.0507,0.01,-0.0221,-0.0136,-0.0558,0.0256,-0.0032,0.0294,-0.0002,-0.007,0.0293,-0.004,0.0298,0.0138,0.0063,-0.0066,0.0051,0.0247,0.6783,-0.001,0.0059,-0.0143,-0.0277,-0.0156,-0.0069,0.5791,-0.0049,-0.0062,0.0075,-0.0241,0.9878,-0.0202,-0.0373,0.0194,0.0054,0.0097,0.0065,-0.0262,0.0195,0.0456,0.0803,0.0192,0.0177,0.0253,0.0286,-0.2371,-0.0072,0.0196,0.0193,0.0222,0.019,-0.1507,-0.0087
106,5166,108,2,sitting,-0.0067,1.3039,-0.0111,0.0468,-0.0175,-0.0009,-0.0323,-0.9764,0.0693,-0.0513,0.4277,0.0792,0.0216,0.2896,-0.0088,0.006,-0.0194,-0.0066,0.0207,0.0069,-0.0058,-0.0035,-0.0033,-0.0042,0.0141,-0.0046,0.0297,0.0063,-0.0201,0.0293,-0.0037,0.0309,0.0059,0.0043,-0.0144,0.004,0.0881,0.5047,-0.0151,0.0086,-0.0262,-0.0277,-0.017,0.0055,0.5761,-0.0052,0.0048,0.0084,-0.0233,0.8695,0.0223,0.0985,-0.0098,0.019,-0.0073,0.0172,0.0083,-0.0187,-0.0803,-0.0373,-0.0065,0.018,0.0287,0.0465,-0.2095,-0.0074,0.0279,-0.0237,0.0294,0.0286,-0.1105,-0.0273
107,5167,108,2,sitting,-0.0145,1.2695,-0.0077,0.0315,-0.0009,-0.0078,-0.0514,-0.9436,0.0462,-0.0373,0.4311,0.0697,0.0873,0.9963,-0.0142,-0.0141,-0.0213,0.0222,0.0184,0.0259,0.0074,-0.0069,-0.0066,-0.0044,0.0146,0.0038,0.0294,-0.0109,-0.0134,0.0277,0.0031,0.0287,0.0086,0.007,-0.014,0.0037,-0.009,0.6793,-0.0188,0.016,0.0154,-0.0245,-0.0107,0.0055,0.4853,-0.0064,-0.0065,0.0051,-0.001,1.5057,-0.0238,-0.1017,0.008,0.0091,0.0182,0.0175,0.0168,0.0268,-0.0507,-0.1009,0.0083,0.0198,0.0201,0.0279,-0.2381,-0.0244,0.0289,-0.0089,0.0235,0.0187,-0.1308,-0.0247
108,5168,108,2,sitting,-0.0025,1.4389,-0.0103,0.0271,-0.0172,-0.0143,-0.0252,-0.8307,0.0514,-0.0464,0.389,0.0354,0.0089,0.9715,0.0056,0.0055,-0.0082,0.0174,0.0059,0.0146,0.0042,-0.0024,-0.0032,-0.0147,0.0069,-0.0031,0.034,0.0039,-0.007,0.0165,-0.0005,0.0295,0.001,0.0049,-0.0109,0.0063,-0.0675,0.6694,0.028,0.02,-0.0335,-0.0793,-0.01,-0.0054,0.5885,-0.0061,-0.0086,-0.0083,-0.0157,0.7973,-0.0095,0.086,-0.0204,0.0176,-0.0262,0.0098,-0.0091,0.0068,-0.0807,0.0508,-0.0184,0.0167,0.0232,0.0223,-0.19,-0.0247,0.029,0.0078,0.0238,0.0171,-0.1177,-0.0205
109,5169,108,2,sitting,-0.0011,1.355,-0.0119,0.0329,-0.0133,-0.0002,-0.0248,-1.041,0.0547,-0.0354,0.4916,0.0514,-0.0631,-0.289,-0.0109,0.0008,-0.022,-0.0064,0.0084,0.0169,-0.0038,-0.0025,0.004,-0.0074,0.0141,0.003,0.0294,0.0066,-0.0143,0.0165,-0.0037,0.0292,0.0085,0.0056,-0.0107,0.0062,0.0508,0.5944,-0.0046,0.0186,-0.0222,0.0373,-0.0108,-0.0053,0.577,0.0055,-0.0068,-0.006,0.0096,0.9979,-0.0151,-0.1018,-0.0092,0.0082,0.0075,0.0078,-0.0172,-0.0093,-0.0259,-0.1003,-0.0089,0.0097,0.0173,0.0177,-0.2488,-0.0206,0.0262,0.008,0.0183,0.03,-0.1124,-0.0253
110,5170,108,2,sitting,-0.0044,1.3277,-0.0136,0.037,-0.0245,-0.0157,-0.0547,-0.9718,0.0417,-0.0569,0.4327,0.0694,0.0007,0.2374,0.0078,0.0066,0.0214,0.0042,0.0196,0.0084,0.004,0.0046,-0.006,-0.0035,0.0165,-0.0037,0.0293,-0.0068,-0.0059,0.0152,-0.0041,0.0305,0.0089,0.0056,-0.0138,-0.0006,0.029,0.9973,0.0153,0.0221,-0.0332,0.009,-0.0161,0.0088,0.5595,0.0063,0.0064,0.0086,0.0051,0.5385,-0.0001,-0.0871,-0.0072,0.0182,-0.0002,0.0098,0.0202,0.0077,-0.0779,-0.0981,-0.0075,0.0167,0.0187,0.0259,-0.2091,-0.0076,0.0095,0.0183,0.0231,0.0292,-0.1305,-0.0287
111,5171,108,2,sitting,-0.0035,0.6708,-0.0059,0.0155,-0.0212,0.0089,-0.034,0.4782,-0.0259,-0.0363,-0.2094,-0.0417,-0.0798,1.1696,-0.0006,0.001,-0.069,0.0231,0.055,-0.0002,-0.0142,-0.0201,0.0078,0.0064,0.0149,0.0037,0.0277,-0.0038,-0.0209,0.0247,-0.0043,0.0292,0.0085,0.0074,-0.0166,0.0036,0.0507,3.0876,0.0202,-0.0069,-0.0941,-0.1003,-0.01,-0.0062,0.5793,0.0065,0.0051,0.0084,0.0083,0.9444,-0.0186,-0.101,0.0191,0.0161,-0.02,0.0088,0.0081,-0.0092,-0.0809,-0.0563,-0.0199,0.0172,0.0287,0.0068,-0.2204,-0.0597,0.0262,0.0177,-0.0205,-0.0085,-0.1122,-0.0286
112,5172,108,2,sitting,-0.0167,1.3398,0.0046,0.0515,-0.0217,0.0328,-0.0437,-0.9941,0.0693,-0.0778,0.4548,0.0849,-0.2295,0.369,0.0005,-0.0056,-0.0973,-0.0509,-0.2474,0.2386,0.2575,0.1191,0.1126,-0.2953,-0.0194,-0.0259,0.02,-0.0531,-0.01,-0.1305,0.0035,0.034,0.0042,-0.0165,-0.0205,0.0052,0.0002,3.5892,0.0155,-0.0001,0.0277,-0.0169,-0.0166,0.0068,-2.4785,0.0051,0.0088,-0.0087,0.0209,2.8096,0.001,0.1505,0.0247,-0.0222,-0.0189,0.0163,0.027,0.0221,-0.0476,-0.0176,-0.0162,0.0071,0.017,0.0097,-0.2272,-0.0249,-0.0379,0.0223,0.0228,-0.0184,-0.1582,-0.0373
113,5173,108,2,sitting,-0.0065,1.2746,-0.0155,0.0468,-0.0214,0.0009,-0.0328,-0.8657,0.0581,-0.0443,0.4074,0.0474,0.0941,0.1582,-0.0245,-0.0017,-0.0063,0.0222,0.0279,0.0075,0.0084,0.006,-0.0036,-0.001,0.0078,0.0035,0.0284,0.0038,-0.0134,0.0185,-0.0031,0.0301,0.01,0.0059,-0.0145,0.0056,0.075,0.8862,-0.0001,0.0693,0.0843,0.0332,-0.0052,0.009,0.5866,0.0064,0.0049,0.0053,-0.0089,0.9236,-0.0067,0.1198,0.0173,-0.0194,-0.0206,-0.0208,0.0095,-0.0186,0.0508,-0.1006,0.0177,0.0192,0.0198,0.0223,-0.2204,-0.0262,0.0579,0.018,0.0238,0.0294,-0.1012,-0.0172
114,5174,108,2,sitting,-0.0067,0.7297,-0.0072,0.0194,-0.0082,-0.0113,0.0147,-0.9292,0.0237,-0.0246,0.4323,0.0317,0.0215,0.9824,-0.0078,0.006,-0.0232,0.0169,0.0221,0.009,-0.0074,-0.0044,-0.0046,-0.0025,0.0233,-0.004,0.0329,0.0133,-0.0064,0.029,-0.0055,0.0304,0.0073,0.0035,-0.0154,0.0053,0.0592,1.5059,-0.0141,0.0645,0.0962,0.0468,-0.0157,-0.0006,0.4983,0.0058,-0.0065,0.0096,0.0186,0.7588,0.0207,-0.0787,0.0195,-0.0181,-0.0231,0.007,0.0871,0.001,-0.0504,0.0889,-0.0185,0.0076,0.0066,0.0279,-0.2204,-0.0084,0.0791,0.0177,0.0262,0.0373,-0.1507,-0.0299
115,5175,108,2,sitting,-0.0045,0.7393,-0.0117,0.037,-0.0111,-0.0072,-0.0259,-0.9777,0.0514,-0.0466,0.4303,0.0625,-0.0721,1.3898,-0.026,0.0253,0.0009,0.0874,0.0273,0.027,-0.0509,0.0245,-0.0286,0.0189,0.0088,0.0046,0.0293,0.0095,-0.0185,0.0141,0.0065,0.0295,0.0063,0.0059,-0.0147,0.0055,0.0194,0.3979,0.0962,-0.0044,0.0077,0.0097,-0.0156,0.0058,0.4952,0.0009,0.0051,-0.0067,0.0001,0.6971,-0.0061,-0.1012,0.0191,-0.0084,-0.0223,-0.0073,0.0183,-0.0075,-0.008,-0.0485,0.0262,0.0298,0.0292,0.0076,-0.2207,-0.0206,0.0287,0.0239,0.0199,0.0093,-0.1503,-0.0207
116,5176,108,2,sitting,-0.0105,1.3229,-0.0085,0.0626,-0.035,0.0214,-0.0461,-0.9393,0.0774,-0.0918,0.4538,0.0008,-0.0896,0.2783,-0.0168,-0.0172,0.0238,-0.0002,0.0508,0.0434,-0.0042,-0.0132,-0.0044,0.0075,0.02,-0.0033,0.0292,0.0169,-0.001,0.0256,-0.0063,0.0309,0.0095,0.0035,-0.0189,0.0047,-0.01,0.5565,0.0151,0.0056,0.0078,0.0247,-0.0146,-0.0048,0.5876,-0.0073,-0.0082,-0.0064,0.0207,0.9278,-0.0059,-0.1502,0.0198,-0.0167,0.0199,-0.0086,-0.0077,-0.017,-0.0206,0.0806,0.0184,0.0066,0.0171,0.035,-0.19,-0.019,0.0262,0.008,0.027,0.0187,-0.1309,-0.0287
117,5177,108,2,sitting,0.0045,1.3049,-0.0106,0.0219,-0.0111,0.0146,-0.0344,-1.0874,0.0547,-0.0518,0.506,0.0465,0.0943,-0.2872,-0.0262,-0.0005,-0.0188,0.0279,0.0792,0.0506,-0.02,-0.0002,0.001,-0.0248,0.0185,0.0159,0.0292,-0.007,-0.0168,0.0277,-0.0069,0.0294,0.0158,0.0078,-0.0156,0.0066,0.0809,0.7548,-0.0095,0.009,0.0542,0.0468,-0.0173,-0.0077,0.5364,0.0005,0.0084,-0.0057,-0.0097,0.9355,-0.0221,0.1198,-0.01,-0.0086,-0.0199,0.0268,0.0257,0.008,-0.0449,0.1104,-0.0254,0.0189,0.0296,0.0353,-0.2281,-0.0303,0.0067,0.0198,0.0231,0.0291,-0.1126,-0.0239
118,5178,108,2,sitting,-0.0035,0.5335,-0.0084,0.0194,-0.0214,-0.0155,-0.0164,-0.8191,0.0547,-0.0373,0.4041,0.0409,-0.0007,1.2893,-0.0002,0.0038,-0.009,0.0256,0.0327,0.0066,0.0146,-0.0045,-0.0044,-0.0088,0.0131,-0.0039,0.0293,-0.0068,-0.0159,0.0174,-0.0065,0.0303,0.0072,0.0063,-0.0161,0.0036,0.0637,0.7969,-0.0467,0.0506,0.0898,-0.0954,-0.007,0.0086,0.576,0.0082,0.0081,0.0185,0.0189,0.719,0.0201,0.0773,-0.0226,-0.0221,0.0076,-0.0223,0.0078,-0.0196,0.0799,0.1105,-0.0062,0.02,0.0192,0.0259,-0.2204,-0.0413,0.0804,-0.01,0.0266,0.0091,-0.1307,-0.0195
119,5179,108,2,sitting,-0.0042,1.5707,-0.0133,0.0344,-0.0112,-0.0078,-0.0513,-0.9292,0.0354,-0.0415,0.4277,0.0697,0.0961,0.8891,-0.0005,0.0219,-0.0074,-0.0002,0.0504,0.0194,-0.0072,-0.0084,0.0085,-0.0066,0.0149,0.001,0.0294,0.0075,-0.0146,0.0195,-0.0032,0.031,0.0073,0.0063,-0.0157,0.0064,0.076,0.4089,-0.0053,0.0096,0.0069,0.0886,-0.0059,-0.0047,0.5881,0.0055,-0.0056,-0.0052,-0.0162,0.9077,0.007,-0.1505,-0.0087,0.0098,0.0199,0.0082,-0.0183,0.019,-0.02,-0.101,-0.0068,0.0193,0.0201,0.0223,-0.1992,-0.0246,0.0259,0.008,0.0077,0.0247,-0.1129,-0.0192
120,5180,108,2,sitting,0.0106,1.2695,-0.0046,0.0512,-0.0462,-0.021,-0.0345,-0.9458,0.0774,-0.0896,0.4075,0.0933,-0.2213,0.3879,-0.0006,0.0142,0.0164,-0.0248,0.0506,0.0147,0.0159,0.0043,-0.0247,-0.0002,0.0194,-0.006,0.0289,-0.0086,-0.0169,0.0188,0.0063,0.0282,0.0092,0.0053,-0.0172,0.0051,0.0581,0.785,-0.0058,0.0093,-0.0089,0.0085,-0.0184,-0.0065,0.4956,-0.0052,-0.009,-0.0068,-0.0055,0.9766,0.001,0.1012,0.0191,-0.0202,-0.0241,-0.0171,0.0082,-0.0067,0.1002,0.1122,0.017,0.0198,0.0176,0.01,-0.2307,-0.0177,0.0266,-0.008,0.0187,0.0293,-0.1105,-0.0253
121,5181,108,2,sitting,-0.0017,1.339,-0.0119,0.0211,-0.0249,-0.0009,-0.0516,-0.8142,0.0791,-0.047,0.3941,0.0323,0.0892,0.4962,-0.0172,-0.0065,-0.0078,0.0206,0.0095,0.0182,0.0036,0.0106,-0.0044,-0.0146,0.0085,0.0047,0.027,0.006,-0.0129,0.0174,-0.0042,0.0296,0.0096,0.0066,-0.0135,-0.0059,0.0247,0.7786,0.0164,0.0231,-0.0506,-0.0952,-0.0151,0.0058,0.538,0.0067,0.0068,0.0054,-0.0235,0.9153,0.0056,0.0373,0.0088,0.0075,-0.0169,0.0198,-0.0079,-0.0002,-0.0587,0.0485,-0.0097,0.0194,0.0183,0.02,-0.1992,-0.0222,0.0276,0.0081,0.0259,0.0223,-0.1129,-0.0205
122,5182,108,2,sitting,-0.0049,1.354,-0.0066,0.0113,-0.0167,-0.0255,-0.0219,-0.9444,0.0517,-0.041,0.4425,0.0584,0.0008,0.9627,0.0069,0.0108,-0.0088,0.0074,0.0168,0.0136,-0.0064,-0.0082,-0.0047,-0.0095,0.0109,-0.0038,0.0298,0.006,-0.0142,0.0131,-0.0043,0.03,0.01,0.001,-0.0151,0.0059,0.029,0.7872,-0.0001,0.0046,0.0291,-0.0222,-0.0162,0.0061,0.5475,0.0052,-0.008,-0.0063,-0.0181,0.8129,-0.0107,-0.0698,-0.0065,0.0058,0.0262,0.0242,-0.0194,-0.0373,-0.0508,0.0476,-0.0173,0.0077,0.0187,0.0232,-0.2144,-0.0256,0.0259,0.017,0.0197,0.0091,-0.1506,-0.0249
123,5183,108,2,sitting,-0.0112,0.7802,-0.0055,0.0078,-0.0195,-0.0149,-0.0188,-0.9604,0.0247,-0.0348,0.4177,0.0294,-0.0119,0.799,0.0096,-0.0007,-0.0084,0.0059,0.0206,0.0194,-0.0056,-0.0041,-0.0042,-0.006,0.0327,0.0026,0.0277,0.0063,-0.0134,0.0293,-0.0037,0.0344,0.0091,0.0036,-0.0189,0.0047,-0.0215,1.4097,0.0465,0.0574,0.0985,0.0798,-0.0051,-0.0072,0.5783,0.0082,-0.0069,-0.0062,-0.0153,0.6668,-0.0086,0.0693,-0.0064,0.0108,-0.007,-0.0079,0.0176,-0.019,0.0231,0.0461,0.0199,0.0228,0.0273,0.0587,-0.2471,-0.0499,-0.0509,0.001,0.0475,0.0417,-0.1127,-0.0202
124,5184,108,2,sitting,-0.0033,1.3037,-0.0106,0.0314,-0.0216,-0.0247,-0.0466,-0.8695,0.0568,-0.0775,0.3965,0.0917,0.0245,0.2043,-0.0059,0.0045,-0.0157,0.007,0.0249,0.0172,0.0009,0.0063,0.0041,-0.009,0.0161,0.0047,0.0294,-0.0084,-0.0067,0.0235,0.0042,0.0344,0.0074,0.0038,-0.0195,0.0062,-0.0257,0.5076,0.0082,0.001,0.0093,0.0169,-0.0153,-0.0049,0.4852,-0.006,-0.0051,-0.0083,-0.0086,0.9589,-0.0155,0.0888,-0.0205,0.0096,0.0177,-0.0189,0.028,-0.0207,-0.0087,0.0573,-0.0099,0.0185,0.0197,0.0198,-0.2108,-0.027,0.0292,0.0194,0.0256,0.0332,-0.2257,-0.0181
125,5185,108,2,sitting,0.0067,1.4371,-0.0132,0.0323,-0.0172,-0.0466,-0.0241,-0.9307,0.055,-0.059,0.4277,0.0746,0.0618,0.994,0.0085,-0.0009,0.025,0.0095,0.02,0.0169,-0.0109,0.0035,-0.0045,-0.0078,0.0159,-0.0041,0.0279,-0.0064,-0.0065,0.0155,0.0044,0.0283,0.0082,0.006,-0.0153,0.0047,0.0221,3.4943,0.0207,-0.0507,0.0894,0.0084,-0.007,0.0052,-0.4854,0.0063,0.0068,0.0091,0.01,2.1503,0.0087,0.1194,-0.0183,-0.0002,0.0247,0.0092,0.0189,0.0161,-0.001,0.0294,-0.0001,0.0171,0.0197,0.0256,-0.2309,-0.0086,0.0291,0.0174,-0.0175,0.0273,-0.1109,-0.0287
126,5186,108,2,sitting,-0.0067,0.6604,-0.0108,0.0327,-0.0172,0.0005,-0.0414,-0.9307,0.056,-0.0619,0.414,0.0476,0.0247,1.2392,-0.025,0.0141,-0.0088,0.0143,0.0161,0.0182,-0.0147,-0.0075,0.0042,-0.0064,0.0246,-0.0031,0.0256,0.0046,-0.0136,0.0254,-0.0035,0.0287,0.0078,0.0044,-0.0155,0.0039,0.077,0.6957,0.0962,-0.0186,0.0508,0.0149,-0.0045,-0.0084,0.5866,0.0054,-0.0059,-0.0083,-0.01,0.8484,-0.0153,-0.0804,-0.0096,0.0089,-0.0194,0.0187,0.0241,0.0206,0.0095,0.0355,-0.0093,0.0313,0.0181,0.0165,-0.2098,-0.0179,0.0294,0.0255,0.0177,0.0197,-0.1474,-0.0076
127,5187,108,2,sitting,0.0012,1.3067,-0.0109,0.034,-0.0111,-0.0002,-0.0222,-0.9452,0.0585,-0.0463,0.4272,0.0619,0.0782,0.907,-0.0225,0.0008,-0.0166,0.0245,0.0146,0.0064,0.0084,-0.0023,-0.0038,-0.0069,0.0108,-0.0042,0.0291,-0.0037,-0.0165,0.0173,-0.0035,0.035,0.0078,0.0074,-0.0172,0.0049,0.0249,0.5598,-0.0157,0.0195,0.0086,-0.0092,-0.0143,0.0068,0.5899,-0.0051,0.0059,0.0052,-0.0156,0.9444,-0.0081,0.0294,0.0053,0.0054,-0.0179,0.0089,0.0177,-0.018,0.056,-0.0247,-0.0083,0.0076,0.0303,0.0293,-0.2294,-0.0091,0.0087,0.0221,0.0193,0.0188,-0.1308,-0.0175
128,5188,108,2,sitting,-0.0117,1.1804,-0.0094,0.0276,-0.0323,-0.0266,-0.028,-0.9341,0.0547,-0.0543,0.4411,0.0463,-0.0046,0.4841,0.0008,-0.0195,-0.0182,0.006,0.0169,0.0084,-0.0135,0.0045,-0.0075,-0.0026,0.0068,0.0051,0.037,0.0072,-0.0189,0.0085,-0.0032,0.035,0.0086,0.0042,-0.0157,0.0058,0.0861,3.064,0.0002,0.0749,-0.1017,0.0981,-0.0178,0.0179,-0.5464,0.0052,0.0062,-0.0174,-0.0088,2.5617,0.0239,0.0504,-0.0077,0.001,-0.0223,-0.0245,0.02,-0.0592,0.0809,0.1505,0.009,0.0097,0.0286,0.027,-0.1871,-0.0196,-0.0291,0.0199,0.0293,-0.0373,-0.1198,-0.0231
129,5189,108,2,sitting,-0.0067,1.2655,-0.0108,0.0277,-0.0262,0.0113,-0.0292,-1.1256,0.0723,-0.0518,0.527,0.0617,0.036,-0.3096,-0.028,0.0005,-0.0078,0.0084,0.0431,0.001,-0.0047,-0.0065,-0.0059,-0.0063,0.0231,0.0033,0.0271,0.0035,-0.0075,0.0064,-0.0037,0.029,0.0082,0.0051,-0.0143,0.0058,0.0259,3.3946,0.0954,0.1122,-0.0509,0.0002,-0.0162,-0.0074,0.5088,-0.0072,0.0057,0.0198,-0.0152,1.1506,0.01,0.0193,0.0235,0.0237,-0.0273,-0.02,0.0257,0.0179,0.1302,-0.027,-0.0066,0.0097,0.0268,0.0464,-0.2605,-0.0373,0.0409,0.0895,0.1002,0.1017,-0.1027,-0.0806
130,5190,108,2,sitting,-0.0111,1.3078,-0.0084,0.0719,-0.022,0.0698,-0.0885,-0.9768,0.0594,-0.0466,0.4569,0.035,0.2421,0.2381,-0.0005,-0.0146,0.0962,-0.01,-0.0806,0.2277,0.2772,-0.0455,0.2559,-0.3393,0.101,-0.0035,0.0363,0.001,-0.0507,0.0174,-0.0241,0.0399,0.0075,-0.0044,-0.0136,-0.0058,0.0149,4.564,0.0247,-0.0155,0.0488,-0.0188,-0.0157,-0.0067,-0.637,-0.0054,0.006,0.0091,-0.0087,2.8064,0.019,0.1389,0.0182,-0.0192,-0.0073,-0.0061,0.0065,-0.0079,-0.1003,0.0095,-0.0466,0.0086,0.0547,0.02,-0.2505,-0.027,0.0517,0.0266,0.0222,0.0369,-0.1503,-0.0277
131,5191,108,2,sitting,0.0013,1.2987,-0.0067,0.0172,-0.021,-0.0196,-0.0246,-1.0942,0.0569,-0.0464,0.4916,0.0693,0.0326,0.2484,-0.0078,0.0017,-0.0185,0.0089,0.0256,0.0188,-0.0065,-0.0047,-0.0044,-0.0066,0.007,-0.0045,0.029,0.006,-0.0006,0.0292,-0.0058,0.0293,0.0077,0.0035,-0.0146,0.0051,0.0509,0.5595,-0.0143,0.0174,-0.0897,-0.0373,-0.0163,0.0053,0.5468,0.0075,-0.005,0.0176,-0.0207,0.9079,-0.0221,-0.1108,-0.0062,-0.0086,-0.0173,-0.0159,0.0268,-0.0081,0.1005,0.0199,-0.008,0.0182,0.0294,0.0247,-0.2209,-0.0335,0.0278,0.019,0.0241,0.0598,-0.1507,-0.0222
132,5192,108,2,sitting,0.0014,1.589,-0.0122,0.0546,-0.0007,0.0324,-0.0417,-0.8139,0.0474,-0.0504,0.4043,0.028,0.0293,0.4986,-0.0189,0.0044,-0.0002,0.006,0.0271,0.0093,-0.0026,0.0088,0.0033,-0.0069,0.0142,0.0031,0.0291,0.0063,-0.0095,0.0152,-0.0032,0.0345,0.0066,0.0059,-0.0174,0.0064,0.0982,0.5068,0.001,0.0183,0.0785,0.0692,-0.0156,-0.0053,0.5467,0.0078,-0.0073,-0.0048,-0.0161,0.9458,-0.0198,-0.0876,0.0062,-0.0072,0.0077,-0.0087,0.0057,-0.0079,-0.1006,-0.1103,-0.0175,0.0181,0.0194,0.0286,-0.1961,-0.0259,0.0332,0.01,0.0191,0.035,-0.0803,-0.0231
133,5193,108,2,sitting,0.0018,1.3264,-0.0119,0.0466,-0.0143,0.0075,-0.0326,-1.0973,0.056,-0.061,0.4764,0.0503,0.079,-0.3572,-0.0044,-0.0225,-0.0007,0.0222,0.0273,0.0163,-0.0036,-0.0031,-0.0065,-0.0046,0.023,-0.0037,0.0296,-0.0041,-0.0068,0.0293,-0.0042,0.0345,0.0091,0.0053,-0.0169,0.0055,0.085,0.3985,-0.0159,0.001,0.0206,0.0078,-0.0181,0.0057,0.5899,0.008,-0.0061,-0.0154,0.0096,0.529,0.0201,-0.0598,0.0202,0.0177,-0.0184,-0.0167,0.0193,-0.0223,0.1017,-0.0473,0.0062,0.0179,0.0174,0.0277,-0.2297,-0.0207,0.0373,0.0256,0.0095,0.0083,-0.1508,-0.0205
134,5194,108,2,sitting,-0.0017,1.5349,-0.0109,0.0434,-0.0159,0.0089,-0.0147,-0.9773,0.0592,-0.0246,0.4292,0.0375,0.0645,0.2946,-0.0086,0.0008,-0.0188,0.0174,0.028,0.0131,-0.0041,0.0038,-0.0032,-0.0037,0.0143,-0.0056,0.0298,0.015,-0.0066,0.0247,-0.0035,0.034,0.0082,0.0036,-0.0107,-0.0063,0.0169,0.3979,-0.001,0.0155,-0.0873,0.0065,-0.0068,-0.0067,0.4972,-0.0064,-0.006,-0.0194,-0.0241,0.8489,-0.0053,0.0507,-0.007,0.0183,-0.0177,0.0187,0.0178,-0.0096,-0.0576,-0.0476,-0.0259,0.0256,0.0323,0.0355,-0.2164,-0.027,0.0464,-0.0081,0.0223,0.0273,-0.1126,-0.0193
135,5195,108,2,sitting,-0.0145,0.9777,-0.0065,0.0411,-0.0315,0.0078,-0.028,-0.9723,0.0561,-0.0373,0.4318,0.0542,0.027,1.352,-0.0001,0.0007,-0.009,0.0094,0.0256,0.017,-0.0044,0.0041,0.0059,-0.0106,0.0088,-0.0027,0.0289,0.006,-0.0092,0.0131,-0.0034,0.0313,0.0098,0.0068,-0.0169,0.005,-0.0174,0.4095,-0.001,0.0232,0.0508,-0.0083,-0.0156,-0.0072,0.5881,-0.0064,-0.0048,0.0063,0.0184,0.9986,-0.0153,0.0793,-0.0055,-0.0167,-0.01,0.0185,0.0204,0.0207,-0.0962,-0.089,0.0076,0.0259,0.0191,0.0066,-0.2489,-0.0571,0.0286,0.0175,0.0231,0.0262,-0.1014,-0.0082
136,5196,108,2,sitting,-0.0049,1.3039,-0.0119,0.0466,-0.0042,-0.0315,-0.0511,-0.9077,0.0694,-0.0517,0.4393,0.065,0.0896,0.8898,0.022,-0.001,-0.0004,-0.0002,0.0191,0.0169,-0.0024,0.0065,0.0033,-0.0126,0.0252,-0.004,0.0286,-0.0038,-0.0109,0.0146,0.0035,0.038,0.0089,0.0084,-0.0151,0.0044,0.0245,0.6475,-0.0223,-0.0231,0.0335,-0.0074,-0.0148,-0.0045,0.541,-0.0058,-0.0056,-0.0082,-0.01,0.9278,0.0085,-0.0508,-0.0067,-0.0186,0.0247,-0.007,0.0083,-0.0192,0.0095,0.0277,0.0068,0.0179,0.0207,0.0293,-0.1771,-0.0465,0.0289,-0.019,0.0178,0.0073,-0.1195,-0.0081
137,5197,108,2,sitting,-0.0132,1.3765,-0.0066,0.0581,-0.0222,-0.0461,-0.0214,-1.0796,0.0615,-0.0508,0.4863,0.035,-0.2368,-0.2895,-0.0017,0.0002,-0.0983,0.0898,0.0009,0.2638,-0.2959,-0.3072,0.276,-0.2575,-0.1103,-0.0044,-0.1013,-0.1008,-0.0803,-0.1194,-0.0206,0.0332,0.0042,-0.0088,-0.0164,-0.001,0.0001,3.4792,0.0074,0.0223,-0.0262,0.0045,-0.0186,-0.0062,4.561,-0.0053,-0.0057,0.0055,-0.0054,-1.589,-0.0191,-0.0408,-0.0085,-0.0178,0.0169,-0.0194,0.0232,-0.0082,-0.0576,0.0406,0.0193,0.0077,0.0247,0.007,-0.2209,-0.0173,0.0287,0.0089,0.0197,0.0184,-0.1306,-0.0256
138,5198,108,2,sitting,-0.0069,1.327,-0.0133,0.037,-0.0162,-0.0266,-0.0415,-1.0765,0.0517,-0.0613,0.5867,0.0451,-0.0944,0.3572,-0.0216,0.0009,-0.0082,0.001,0.0231,0.0095,-0.0026,-0.0075,-0.0041,-0.0164,0.0196,0.0059,0.0279,0.0046,-0.0094,0.0131,-0.0034,0.0399,0.0068,0.0056,-0.0143,0.006,0.085,0.3985,-0.0066,0.0206,0.0503,-0.0045,-0.0188,0.0054,0.4977,0.0074,-0.0089,-0.0163,-0.0081,1.579,-0.0171,-0.0807,-0.0186,-0.0268,0.0246,0.0161,-0.0083,0.0222,0.0373,0.0468,-0.0078,0.0197,0.0256,0.0333,-0.2302,-0.0277,0.048,-0.0079,0.0192,0.0258,-0.1506,-0.0399
139,5199,108,2,sitting,-0.0055,1.2962,-0.0115,0.0317,-0.0161,0.0085,-0.0112,-0.8122,0.0435,-0.0513,0.4377,0.0332,0.0008,0.9842,-0.0065,0.0084,-0.0203,0.0205,0.0217,0.0093,-0.0069,-0.0044,-0.0038,-0.0068,0.0232,-0.0034,0.0262,-0.0037,-0.0075,0.0194,-0.0054,0.0345,0.0091,0.0059,-0.0139,0.0064,0.0506,0.7796,0.0143,0.069,0.0889,-0.0763,-0.0083,-0.0066,0.476,-0.0067,-0.0056,-0.0074,-0.0973,1.5082,0.01,-0.2167,-0.0002,-0.0209,-0.0199,-0.0247,0.0057,-0.1019,0.1307,0.0803,0.0086,0.0188,0.017,0.0092,-0.2205,-0.0206,0.0285,0.001,0.0266,0.0172,-0.1192,-0.0253
140,5200,108,2,sitting,-0.0049,1.3562,-0.0107,0.0437,-0.0055,-0.0313,-0.0214,-0.8255,0.0542,-0.065,0.4072,0.0188,0.0895,0.2843,-0.0064,-0.0009,-0.0207,0.0084,0.0322,0.016,0.0032,-0.0065,0.0025,-0.0139,0.0063,-0.0041,0.0259,0.0031,-0.0069,0.029,-0.0045,0.0298,0.009,0.007,-0.0144,0.0058,0.0953,3.3876,0.0082,-0.0247,0.001,-0.0503,-0.0156,-0.0061,0.4867,0.0052,-0.0059,0.0081,-0.0087,0.0485,-0.0001,0.0296,-0.0083,-0.0093,-0.0235,0.0002,0.0078,0.0073,-0.0238,-0.0373,-0.0196,0.0198,0.0166,0.0097,-0.2286,-0.0174,0.0258,0.0189,0.0239,0.0292,-0.1126,-0.0194
141,5201,108,2,sitting,0.0145,1.3277,-0.0085,0.0324,-0.009,0.0155,-0.0081,-0.8191,0.055,-0.0466,0.4064,0.0218,-0.0915,0.368,0.0084,-0.0009,-0.0141,0.0194,0.0321,0.0108,-0.0002,-0.001,0.0042,-0.0133,0.0125,0.0031,0.0283,0.0051,-0.0046,0.0134,-0.0039,0.0303,0.0098,0.006,-0.0165,0.0057,-0.067,3.6843,-0.0147,0.0509,-0.0793,-0.1104,-0.0049,-0.0061,0.5869,-0.0088,-0.0052,-0.0086,0.0089,0.9975,-0.0268,0.0583,-0.0156,0.02,-0.0174,-0.0087,0.01,-0.0207,0.0373,-0.0804,0.027,0.0167,0.0266,0.0191,-0.2204,-0.0276,0.0773,0.0078,0.0579,0.0373,-0.1309,-0.0097
142,5202,108,2,sitting,0.0013,1.3311,-0.0132,0.0375,-0.0246,-0.0293,-0.0594,-0.8847,0.0639,-0.0451,0.4077,0.0766,-0.0925,0.3546,0.0007,0.001,0.0083,0.047,0.028,0.0063,-0.006,0.0056,0.0074,-0.0043,0.0096,-0.0042,0.0277,0.0064,-0.0044,0.0248,0.0057,0.0302,0.0092,0.0034,-0.0153,0.005,-0.0871,3.7845,0.0093,-0.0095,0.0097,-0.0001,-0.0151,-0.0085,-1.5884,0.0068,-0.0061,0.0049,0.0182,2.5467,-0.0055,-0.1506,-0.0059,0.0231,-0.0238,0.0065,-0.0266,0.0089,0.0162,-0.0508,-0.0086,0.0169,0.0207,0.0581,-0.2605,-0.0373,0.0379,0.0176,0.019,0.0573,-0.1124,0.0205
143,5203,108,2,sitting,-0.0103,1.327,-0.0072,0.022,-0.0092,0.0008,-0.0411,-0.9307,0.0518,-0.0347,0.4393,0.065,-0.0074,0.3878,0.0157,0.0042,0.0147,0.0143,0.0184,0.0168,0.006,0.008,-0.009,-0.0146,0.0086,-0.0031,0.029,0.0041,-0.0066,0.0295,-0.0037,0.0345,0.0095,0.0052,-0.0159,0.0051,0.0279,0.4865,-0.0089,0.0091,-0.0871,0.0958,-0.0188,-0.0082,0.567,0.0067,-0.0055,0.0076,-0.001,0.7779,0.0196,0.0793,-0.0054,0.0169,-0.0246,0.0064,0.0257,0.0161,0.01,-0.0505,-0.0222,0.0199,0.0314,0.0198,-0.1992,-0.0249,0.0373,-0.0097,0.0075,0.0303,-0.1015,-0.0245
144,5204,108,2,sitting,0.0069,1.3767,-0.0109,0.0585,-0.0256,0.0431,-0.0328,-1.0699,0.0784,-0.0892,0.5042,0.0006,0.028,-0.2996,-0.0182,-0.0065,0.0273,0.0253,0.0508,0.0074,-0.004,-0.0064,-0.0127,0.0068,0.007,-0.0046,0.0295,0.0062,-0.0133,0.0286,-0.0044,0.0296,0.0059,0.006,-0.0136,0.0066,0.0072,3.3839,0.0083,0.0156,-0.0262,-0.0152,-0.0047,-0.0049,0.5428,-0.0089,0.0088,-0.0061,0.0195,0.7597,0.0073,-0.1008,-0.0191,0.0079,-0.0058,0.0078,0.0157,-0.0232,-0.0222,-0.01,-0.0086,0.0163,0.0194,0.0087,-0.1693,-0.0089,0.0181,0.0226,0.0231,0.0238,-0.1306,-0.034
145,5205,108,2,sitting,-0.0047,1.2896,-0.0143,0.0291,-0.0172,-0.0045,-0.0375,-0.9869,0.0461,-0.0518,0.4499,0.0542,0.0897,0.1774,-0.0219,0.0158,-0.001,0.0083,0.0007,0.0095,-0.0002,0.0085,0.0059,-0.0124,0.0086,-0.0031,0.0295,-0.0051,-0.0134,0.0247,-0.0033,0.0294,0.0066,0.006,-0.0146,0.004,0.0954,0.6856,0.0163,-0.009,0.0693,0.0764,-0.0149,0.0067,0.4877,-0.0055,0.0081,-0.0084,0.005,1.0509,-0.0073,0.1194,0.0162,0.007,-0.0057,-0.0176,0.0078,-0.0091,-0.0373,-0.0192,0.0079,0.0088,0.0249,0.0292,-0.2271,-0.02,0.0189,0.0182,0.0206,0.0285,-0.1017,-0.0286
146,5206,108,2,sitting,-0.0035,1.3043,-0.0112,0.0328,-0.0174,0.0045,-0.0462,-0.8181,0.0568,-0.0615,0.3958,0.0718,0.025,0.8895,-0.0066,0.0044,-0.0004,0.0229,0.0235,0.0152,-0.0023,-0.0063,-0.0026,-0.0164,0.0228,0.0033,0.027,0.0059,-0.006,0.0172,0.0038,0.029,0.0086,0.0041,-0.0108,0.0048,0.0151,0.654,0.0147,0.0253,-0.0961,0.0508,-0.0083,0.0078,0.547,-0.0056,-0.0049,0.0089,-0.0001,0.849,-0.019,-0.1129,-0.0098,0.0167,-0.0093,0.0096,-0.0181,0.0175,-0.0276,-0.1019,-0.0246,0.0176,0.0192,0.0291,-0.2099,-0.0169,0.0327,0.0171,0.0182,0.0332,-0.1197,-0.0205
147,5207,108,2,sitting,-0.0033,1.3287,-0.0142,0.0464,-0.0088,0.023,-0.0323,-1.0792,0.061,-0.0512,0.5083,0.086,0.0973,0.2532,-0.0009,0.001,-0.0085,0.0044,0.0169,0.0094,-0.0045,-0.0046,-0.0041,-0.0143,0.0075,-0.0028,0.0279,0.0038,-0.0135,0.0156,-0.0034,0.0294,0.0091,0.0068,-0.0149,0.004,0.0172,0.5939,0.0051,0.0184,-0.0182,-0.02,-0.0147,-0.0054,0.5799,-0.0065,0.0062,-0.0067,0.0232,0.958,-0.007,-0.1012,0.0174,-0.0089,0.0241,-0.0081,-0.0076,-0.0078,-0.0273,-0.0277,-0.0061,0.0171,0.0193,0.0186,-0.1787,-0.0066,0.0262,0.0079,0.0256,0.0285,-0.1142,-0.0223
148,5208,108,2,sitting,-0.0066,1.3059,-0.0104,0.028,-0.0065,0.0146,-0.0375,-0.9278,0.0592,-0.0417,0.4177,0.0353,-0.0818,0.377,-0.0064,0.0082,0.0072,-0.0009,0.0155,0.0083,-0.0001,-0.0069,0.0123,-0.0231,0.0125,-0.0031,0.0273,0.0033,-0.0149,0.0245,-0.004,0.0309,0.0084,0.0038,-0.0143,0.0068,0.0694,0.5095,-0.0088,0.0228,0.0286,0.0793,-0.0161,0.0058,0.4852,0.0056,0.006,0.019,-0.0967,1.5787,-0.0239,-0.1129,0.0222,-0.0098,-0.0505,0.0063,0.0804,0.01,0.1015,-0.1198,-0.0085,0.0253,0.0279,0.0223,-0.2503,-0.0373,0.0373,-0.0191,0.0179,0.0373,-0.1286,-0.0262
149,5209,108,2,sitting,0.0067,1.5278,-0.0136,0.055,-0.037,0.0434,-0.0849,-0.5944,0.0737,-0.0615,0.2326,0.0388,0.1774,0.2946,-0.0006,0.0218,-0.0973,0.0249,0.0509,0.0096,0.001,0.0002,0.0092,-0.0806,-0.1197,-0.0169,0.0182,-0.0168,-0.0248,-0.0373,-0.0158,0.0292,0.0086,0.0075,-0.0142,0.0084,0.0279,3.4064,0.0256,0.1015,0.1002,0.0484,-0.0065,0.0053,0.568,0.0061,-0.006,-0.0155,0.0262,0.7785,-0.0232,-0.5766,-0.0562,0.0221,-0.0451,0.0081,-0.0094,0.0466,0.0772,0.1103,0.1129,0.02,0.0697,-0.1305,-0.2605,-0.0898,-0.0788,0.0332,0.0191,0.0076,-0.1278,-0.0193
150,5210,108,2,sitting,-0.0042,1.3282,-0.0109,0.0266,-0.0078,-0.022,-0.0252,-0.859,0.0546,-0.0434,0.405,0.0313,0.0096,0.3894,-0.0059,-0.0004,-0.0082,0.0092,0.0221,0.0132,0.0036,0.0045,-0.0063,-0.0084,0.0108,-0.0056,0.027,0.0041,-0.0085,0.0291,-0.0043,0.0313,0.001,0.0051,-0.0149,0.0037,0.0789,0.5847,-0.0066,0.0655,-0.1009,0.0806,-0.01,0.006,0.4881,-0.007,0.0065,-0.0075,0.0174,1.5469,-0.0002,0.0373,-0.02,0.0091,-0.0195,0.0206,0.0238,0.0207,0.0262,-0.1015,-0.0162,0.0173,0.0177,0.0292,-0.2208,-0.0508,0.048,0.0168,0.0294,0.0373,-0.1505,-0.0093
151,5211,108,2,sitting,0.0042,1.3171,-0.0164,0.037,-0.009,-0.0095,-0.0259,-0.8255,0.0561,-0.0547,0.4082,0.0332,0.0074,0.9418,-0.0146,-0.0005,-0.0215,0.0201,0.0169,0.0189,-0.0004,-0.0107,0.0136,-0.0143,0.0433,-0.0059,0.029,-0.0041,-0.0084,0.0277,-0.0031,0.0285,0.0078,0.0051,-0.0155,0.0056,0.0172,3.4973,-0.0106,-0.001,-0.0247,-0.0097,-0.0144,0.0063,-0.0866,0.0052,0.0053,-0.0068,-0.0509,2.7593,-0.0209,-0.1015,0.01,0.0499,0.0962,-0.0057,-0.0002,-0.0262,0.0456,-0.1122,-0.0167,0.0177,0.0206,0.0181,-0.1783,-0.0098,0.0286,0.0087,0.0221,0.0328,-0.1506,-0.0185
152,5212,108,2,sitting,-0.0055,1.3691,-0.0075,0.022,-0.0166,-0.0157,-0.0326,-1.0918,0.0796,-0.056,0.4874,0.0433,-0.0619,-0.2572,0.0092,-0.0188,-0.0094,-0.0089,0.0095,0.0146,-0.0009,0.0069,0.0128,0.004,0.0145,-0.0032,0.0286,0.007,-0.0062,0.0141,-0.0056,0.0399,0.0086,0.0037,-0.0159,0.0047,0.0897,3.6538,0.001,0.0184,0.0561,0.0408,-0.0163,-0.0051,-0.6881,0.0077,0.0052,0.0078,-0.0002,2.1018,-0.0087,-0.1305,0.0054,-0.0176,-0.0179,-0.0073,0.0058,-0.0223,0.0259,0.0503,0.0246,0.018,0.0268,0.0276,-0.2169,-0.0221,0.0273,0.0237,0.0245,0.019,-0.0807,-0.0063
153,5213,108,2,sitting,0.0025,1.2685,-0.0131,0.0439,-0.0161,0.0314,-0.026,-0.819,0.0544,-0.0611,0.4088,0.0451,0.159,0.9968,0.0006,-0.0002,-0.0792,0.0845,0.0929,0.2381,-0.2235,-0.0803,-0.1129,-0.2862,0.0253,-0.0186,0.0294,-0.0169,-0.02,0.0276,0.0134,0.0285,0.0059,0.0037,-0.0172,0.0046,-0.0221,3.6494,0.001,0.0506,-0.0485,-0.027,-0.0167,0.005,-0.5873,-0.0052,-0.0048,-0.007,-0.01,2.5593,-0.0205,-0.1303,-0.0198,-0.0182,-0.0156,-0.0096,0.0177,-0.0166,-0.0273,0.0589,-0.0254,0.0063,0.0279,0.0332,-0.2479,-0.0183,0.0375,0.0001,0.0232,0.0078,-0.1019,-0.0222
154,5214,108,2,sitting,0.0006,1.5941,-0.0136,0.0078,-0.021,0.0093,-0.0329,-0.9838,0.0512,-0.0434,0.4003,0.0354,0.0063,0.8892,0.0085,0.0149,-0.0084,0.0232,0.0174,0.0094,0.0026,-0.0046,-0.0075,-0.0133,0.0131,-0.0056,0.0279,0.0066,-0.0069,0.0256,-0.0042,0.0298,0.0089,0.0002,-0.014,0.0044,0.0195,0.556,0.0158,0.0082,0.069,-0.075,-0.0167,-0.0045,0.547,-0.0047,-0.0083,-0.0048,-0.0186,0.9773,-0.0061,-0.0879,-0.0208,0.0071,-0.0973,0.0262,0.0373,-0.0239,-0.1109,-0.0507,-0.0081,0.0062,0.0253,0.0286,-0.2204,-0.0245,0.008,0.0072,0.0303,0.0197,-0.1198,-0.0187
155,5215,108,2,sitting,0.0022,1.4303,-0.0103,0.0631,-0.0462,0.0094,-0.025,-0.9078,0.0585,-0.0379,0.4294,0.0485,0.0892,0.9949,-0.0005,-0.0088,0.0065,0.009,0.0195,0.0082,-0.0035,0.0023,0.0064,-0.0078,0.0067,-0.0045,0.0298,0.006,-0.0046,0.0287,-0.0042,0.0289,0.0072,0.001,-0.0136,0.0058,0.0944,0.3983,0.0504,-0.0806,-0.0075,0.1012,-0.0084,0.0063,0.5761,0.0069,0.0055,-0.0186,-0.0166,0.9589,0.0052,0.1509,-0.01,-0.0187,-0.0237,-0.0248,0.02,0.0206,-0.0097,-0.1005,0.0074,0.0252,0.0291,0.0294,-0.2373,-0.0276,0.0277,0.0081,-0.0238,0.0309,-0.1194,-0.0096
156,5216,108,2,sitting,0.0018,1.264,-0.0122,0.0411,-0.0174,0.0042,-0.0344,-0.9236,0.0585,-0.028,0.4363,0.0699,-0.0898,0.8927,-0.0007,0.0165,-0.0078,0.0096,0.0154,0.0072,0.0088,-0.0047,0.0033,-0.0134,0.0059,0.0039,0.0296,0.0051,-0.0169,0.0149,-0.0036,0.0298,0.0093,0.0075,-0.015,0.006,0.0937,3.5638,0.0764,-0.0259,-0.1004,-0.0505,-0.0143,0.0068,-0.4595,0.0092,0.0082,-0.0052,-0.0266,2.5863,-0.0187,0.0807,0.0183,0.0179,0.0061,0.0062,-0.0177,-0.02,-0.0191,0.0066,-0.0181,0.0186,0.0294,0.0194,-0.1992,-0.017,-0.0335,0.027,-0.0277,-0.0373,-0.2206,-0.0078
157,5217,108,2,sitting,-0.0075,1.5944,-0.0143,0.0273,-0.0214,-0.0008,-0.0312,-0.9969,0.0581,-0.0466,0.4486,0.0458,0.1379,0.2782,-0.0163,0.0084,-0.0245,0.0141,0.0279,0.0093,0.0023,0.004,0.007,-0.0244,0.0107,-0.0046,0.0277,0.0068,-0.0161,0.0174,0.0034,0.0345,0.009,0.0039,-0.0165,0.0042,-0.0983,0.4864,-0.0694,-0.0892,-0.1012,-0.1003,-0.0056,-0.0149,0.5796,0.0052,-0.0047,-0.0188,-0.0089,0.9443,0.0509,-0.1507,0.0238,0.0098,-0.0262,0.02,0.0191,-0.0206,-0.0806,0.1126,0.0333,0.01,0.0247,0.0332,-0.2164,-0.001,-0.0078,-0.0328,0.0231,-0.0197,-0.1102,-0.0291
158,5218,108,2,sitting,-0.0059,1.3767,-0.0092,0.0427,-0.0164,-0.0156,-0.0315,-0.9278,0.0517,-0.0514,0.4263,0.0491,0.022,0.9029,-0.0008,0.0044,-0.0182,-0.0088,0.0184,0.0154,-0.0045,0.0042,-0.0063,-0.0075,0.0194,0.004,0.029,-0.006,-0.0249,0.0256,0.0058,0.035,0.0098,0.0072,-0.0135,0.0057,0.0965,0.6907,-0.001,-0.0697,-0.0891,-0.0505,-0.0189,0.0078,0.5546,0.0047,0.0083,-0.0095,-0.0073,0.8125,-0.0153,0.0807,-0.0196,0.0168,-0.0177,-0.0262,0.0087,-0.017,0.0259,-0.0585,-0.0076,0.0232,0.0291,0.0266,-0.2162,-0.0434,0.0335,0.0221,0.0237,0.0079,-0.1013,-0.0239
159,5219,108,2,sitting,-0.0111,1.2315,-0.0064,0.0322,-0.0217,0.0042,-0.0512,-1.0468,0.0637,-0.0891,0.5948,0.0792,-0.207,-0.2776,-0.0973,0.0007,-0.0508,-0.1018,0.1002,0.0561,-0.01,0.0189,0.0245,-0.0024,-0.0002,-0.0001,0.0277,-0.0063,-0.0207,-0.0237,-0.0036,0.0309,0.0075,0.0074,-0.0141,0.0046,-0.0209,0.445,0.0053,0.0143,-0.0149,-0.0206,-0.0045,0.0078,0.5466,0.0062,0.0058,-0.0082,-0.0151,0.9393,0.0055,-0.0807,-0.0195,-0.0098,-0.0181,0.0194,0.009,0.0085,0.0411,0.0296,-0.0096,0.0186,0.0249,0.0266,-0.2067,-0.02,0.0079,0.0083,0.0273,0.0253,-0.1194,-0.0238
160,5220,108,2,sitting,-0.0044,1.2885,-0.0155,0.0259,-0.0188,-0.0006,-0.0375,-0.8695,0.0584,-0.0412,0.4042,0.0508,0.025,0.3881,-0.0141,-0.0025,-0.0206,0.0232,0.0189,0.0161,0.0024,0.0043,0.0065,-0.0066,0.0195,0.0032,0.0289,0.0045,-0.0059,0.0293,-0.0033,0.0328,0.0072,0.0063,-0.0147,0.0057,-0.0953,0.4846,0.0868,0.0699,0.0769,0.0803,-0.0086,-0.0054,0.589,-0.0052,-0.008,-0.007,-0.0082,0.9077,0.006,0.1019,-0.0093,0.0173,-0.0156,-0.0078,0.0076,-0.0074,0.1102,-0.1193,-0.01,0.0205,0.0207,0.0285,-0.2167,-0.0277,-0.0247,0.0571,0.0356,0.0379,-0.1122,-0.0202
161,5221,108,2,sitting,-0.0069,1.4369,-0.0102,0.032,-0.0088,-0.0002,-0.0412,-0.9452,0.055,-0.0693,0.4361,0.0773,-0.0913,0.1784,-0.0065,-0.0032,-0.0004,0.0075,0.0273,0.0186,-0.0025,0.0045,-0.0066,-0.0126,0.0249,-0.0033,0.0259,0.0139,-0.0042,0.007,-0.0051,0.0364,0.0091,0.0074,-0.0147,0.0053,0.0843,3.4467,0.0254,0.0507,0.001,-0.1012,-0.0152,-0.0058,0.579,-0.0068,-0.0048,-0.0189,0.0181,0.9355,0.0072,0.1507,-0.0187,0.0063,0.0223,-0.008,0.0182,-0.0078,0.0276,0.0803,0.0196,0.0183,0.0253,0.0332,-0.1915,-0.0205,0.0468,0.0313,0.027,0.0577,-0.1198,-0.0286
162,5222,108,2,sitting,-0.0025,1.3277,-0.0136,0.059,-0.0468,-0.0217,-0.0328,-1.0695,0.0896,-0.0744,0.5885,0.0914,0.0409,-0.2441,-0.0007,-0.001,-0.0002,-0.0189,0.0205,0.0084,-0.0066,0.0042,-0.0064,-0.0027,0.0135,-0.0029,0.0291,0.0063,-0.0098,0.0132,-0.0059,0.0285,0.0075,0.0074,-0.0149,0.0045,0.035,0.4846,-0.0047,0.029,0.0291,-0.0503,-0.0167,0.0062,0.5411,0.0056,0.0077,-0.0088,0.0183,0.878,-0.0073,0.1008,-0.0169,0.0268,-0.0194,0.016,0.017,0.0293,0.0182,-0.01,-0.0181,0.0179,0.0247,0.0165,-0.1772,-0.0191,0.0499,0.0178,0.0207,0.0097,-0.1109,-0.0093
163,5223,108,2,sitting,-0.0069,1.3718,-0.0142,0.0961,-0.0175,0.0511,-0.0881,-0.8182,0.0638,-0.0774,0.3976,0.0413,-0.1695,0.2686,-0.0004,0.0146,-0.0119,-0.0327,0.0503,0.0224,0.001,0.0085,-0.0222,0.0065,0.0098,-0.0045,0.0286,0.007,-0.0059,0.0284,0.0031,0.0283,0.0064,0.0035,-0.0163,-0.0043,0.0262,3.5062,-0.0188,0.02,-0.0247,-0.0001,-0.0158,-0.006,0.5547,-0.0082,0.0067,0.0073,-0.0066,0.8273,0.0184,-0.1305,0.0094,0.0083,-0.0192,0.0172,0.0157,0.0237,0.0468,-0.1015,-0.0197,0.0206,0.0226,0.01,-0.1787,-0.0193,0.029,0.0228,0.0239,0.0221,-0.1191,-0.0332
164,5224,108,2,sitting,-0.0025,1.335,-0.0126,0.0345,-0.0084,-0.0271,-0.0437,-0.8273,0.0778,-0.0517,0.4315,0.0618,0.0922,0.4874,0.0009,-0.0056,-0.0189,0.025,0.0059,0.0232,-0.0046,-0.0141,-0.0136,-0.0035,0.0096,0.0042,0.0291,0.0088,-0.0186,0.0293,-0.0069,0.0286,0.0064,0.0052,-0.0155,0.0038,-0.0895,0.7094,-0.0077,0.001,-0.0806,0.0181,-0.0072,-0.0053,0.546,-0.0051,-0.0047,0.0158,-0.0226,0.8369,0.0206,0.1307,0.0227,-0.0246,0.0098,0.0231,-0.0335,-0.0085,0.1194,0.1506,-0.0097,0.0073,0.038,0.0507,-0.2205,-0.01,0.0193,0.0183,0.0209,0.0268,-0.1392,-0.0199
165,5225,108,2,sitting,-0.0105,1.5276,-0.0056,0.021,-0.0309,0.0058,-0.0694,-0.9355,0.0568,-0.0791,0.4259,0.0463,0.0981,0.1631,-0.0165,0.0009,-0.0328,0.0142,0.0896,0.0143,-0.0002,-0.0001,-0.0245,0.001,0.0582,-0.0059,0.0332,-0.007,-0.0064,0.0253,0.0046,0.034,0.0095,-0.0045,-0.0093,0.006,-0.0504,0.5039,-0.0286,0.0083,0.0332,-0.02,-0.0153,-0.0074,0.4898,-0.0072,-0.0061,0.0066,-0.01,0.6269,-0.0155,-0.0408,-0.0078,0.0057,-0.0205,-0.0175,0.009,-0.0222,-0.1014,-0.0969,-0.0285,0.0199,0.0188,0.0411,-0.1942,-0.0184,0.0273,-0.0237,0.0197,0.0231,-0.1106,-0.0291
166,5226,108,2,sitting,-0.0025,1.2757,-0.0113,0.0249,-0.0143,-0.0224,-0.0547,-1.0631,0.0868,-0.0723,0.5811,0.0944,0.0417,-1.2856,0.034,0.0085,-0.0009,0.0149,0.0231,0.0198,0.0032,-0.0146,-0.0084,-0.0064,0.0069,-0.0035,0.0297,0.0136,-0.0159,0.0195,-0.0038,0.0304,0.0089,0.0075,-0.0163,0.0051,0.0505,0.6083,-0.0174,0.0141,0.0332,-0.0259,-0.0162,-0.0052,0.548,-0.0065,-0.0077,-0.0066,-0.0232,0.9718,0.0094,-0.0408,-0.0161,0.017,-0.0182,-0.0096,0.027,0.0088,-0.02,-0.0443,-0.0086,0.0178,0.0173,0.0072,-0.2202,-0.0207,0.0327,0.0237,0.0268,0.041,-0.1504,-0.0092
167,5227,108,2,sitting,-0.0049,1.3277,-0.0106,0.0323,-0.0174,0.0172,-0.0513,-0.9817,0.0437,-0.0247,0.4396,0.0547,0.0973,0.1585,-0.0195,0.0005,0.0228,0.0231,0.028,0.0094,0.0059,-0.0084,0.0044,-0.0002,0.0154,0.0069,0.0268,0.0143,-0.0041,0.0246,-0.0055,0.0345,0.0065,0.0078,-0.0146,0.0052,-0.0838,1.3963,0.0789,0.0505,0.1104,-0.0561,-0.015,-0.007,0.5896,0.0082,-0.0066,-0.0153,-0.0266,0.9777,0.001,0.1505,-0.0087,-0.006,0.0222,-0.0193,-0.0157,-0.0188,0.0577,-0.1194,-0.0241,0.0253,0.0071,0.0176,-0.2506,-0.0335,0.1013,0.0294,0.027,0.1006,-0.1291,-0.0206
168,5228,108,2,sitting,0.0018,1.3293,-0.0132,0.0437,-0.026,-0.0078,-0.032,-0.9773,0.0574,-0.0697,0.4569,0.0373,0.0004,0.9517,-0.0188,-0.0082,-0.0075,0.008,0.0147,0.0059,-0.0031,0.0038,-0.0063,-0.0066,0.0092,-0.0028,0.0297,0.0035,-0.0133,0.015,-0.0042,0.029,0.01,0.0055,-0.0144,0.0046,0.0085,0.774,0.0232,0.0505,-0.0843,0.0764,-0.0156,0.0067,0.5793,-0.0089,0.0084,-0.0096,-0.0949,0.9452,-0.001,-0.1503,0.0061,0.0001,0.1194,0.1014,-0.059,0.1102,0.2163,0.1381,0.0073,0.0194,0.0259,0.0294,-0.19,-0.02,0.0098,0.0083,0.0187,0.0315,-0.1308,-0.0202
169,5229,108,2,sitting,-0.0025,1.3264,-0.0107,0.0514,-0.022,-0.0248,-0.0315,-0.9762,0.0697,-0.0549,0.4499,0.0867,-0.0462,0.4074,-0.0005,0.0088,-0.0092,0.0245,0.0259,0.0161,0.0026,-0.0065,-0.0043,-0.0084,0.0232,-0.0038,0.0277,0.0069,-0.0136,0.0292,-0.0031,0.03,0.0078,0.0035,-0.0172,0.0045,-0.0985,0.7077,0.0163,0.0096,0.0505,0.1002,-0.0052,0.0055,0.4857,0.0006,0.0056,-0.0164,0.0002,1.5093,-0.019,0.0953,-0.006,0.0095,-0.0205,0.0083,0.0086,0.0087,-0.0568,0.0458,-0.0066,0.0191,0.0256,0.0461,-0.2505,-0.0291,-0.027,0.0081,0.0286,0.0266,-0.1102,-0.0237
170,5230,108,2,sitting,0.0042,1.2385,-0.0109,0.0327,-0.028,0.0096,-0.027,-0.8191,0.0581,-0.0469,0.3468,0.0163,-0.0774,0.9737,-0.0009,0.0222,-0.0228,-0.0186,0.0624,-0.0871,0.0172,0.001,-0.01,0.0146,0.0089,0.0131,0.035,0.0043,-0.0092,0.0262,-0.0032,0.0293,0.0082,0.0065,-0.0159,0.0067,-0.007,0.4798,0.0094,0.0206,0.02,-0.0231,-0.0153,-0.0058,0.5799,-0.0048,-0.006,0.0066,-0.0052,0.8443,-0.0155,-0.0507,0.0091,-0.0075,-0.0193,0.0078,0.0188,0.0176,-0.0173,-0.0183,0.0179,0.0064,0.0249,0.0436,-0.2166,-0.0266,0.0195,0.0177,0.0087,0.0268,-0.1108,-0.0084
171,5231,108,2,sitting,-0.0065,1.1838,-0.0142,0.0562,-0.021,0.0008,-0.034,-0.4486,0.0694,-0.0433,0.169,0.0504,0.086,0.2637,0.0001,-0.0158,-0.0082,-0.0241,0.0169,0.0085,-0.0161,-0.0025,0.007,-0.0043,0.0059,-0.0036,0.0286,0.0151,-0.0168,0.0154,-0.0064,0.0287,0.0096,0.0088,-0.0141,-0.0048,0.0963,0.5799,0.0766,0.001,0.119,0.02,-0.0046,0.0075,0.4784,-0.0079,0.0073,-0.0152,-0.0149,0.7389,0.0232,0.0488,-0.0228,0.0238,-0.0567,0.0056,0.0373,0.0178,0.1014,0.0806,0.0172,0.0183,0.0247,0.0333,-0.1992,-0.0171,0.1303,0.0239,0.0332,0.0379,-0.1108,-0.0285
172,5232,108,2,sitting,-0.0059,1.5337,-0.0117,0.0328,-0.0195,-0.0218,-0.0259,-0.9123,0.0577,-0.0619,0.4361,0.0415,-0.0881,0.3379,-0.0088,0.0002,-0.0004,0.0155,0.0247,0.0069,-0.006,0.0064,0.0063,-0.0078,0.0249,0.004,0.0289,0.0084,-0.0174,0.0279,-0.0058,0.0301,0.007,0.0044,-0.0143,0.0068,0.0745,0.3938,0.001,0.0947,-0.0509,-0.0373,-0.0051,0.0053,0.5092,0.0072,-0.0048,-0.0067,-0.0087,1.4809,0.0223,0.1198,-0.0175,0.0226,-0.009,-0.0256,0.0089,-0.0562,0.0182,-0.0098,0.018,0.0229,0.0194,0.0165,-0.1942,-0.0097,0.0286,0.0244,0.0291,0.0091,-0.1306,-0.0245
173,5233,108,2,sitting,-0.0055,1.269,-0.0102,0.0252,-0.0328,0.0005,-0.0254,-0.5816,0.0241,-0.041,0.2762,0.0546,0.008,0.9723,-0.0056,-0.0084,-0.0188,0.0164,0.0172,0.0131,-0.0041,-0.0045,-0.0024,-0.0074,0.0244,-0.006,0.0268,-0.0038,-0.0106,0.0245,-0.0043,0.0311,0.0094,0.0047,-0.0154,0.0052,0.0737,0.0842,-0.0157,0.0975,-0.0507,0.0086,-0.0049,0.0059,0.5399,0.0068,-0.0061,-0.0089,-0.0232,0.9866,-0.007,0.1108,-0.0163,0.0239,-0.0192,-0.0087,0.0165,-0.0262,0.0095,0.0408,0.0096,0.0167,0.0259,0.01,-0.1778,-0.027,0.0571,-0.0082,0.0294,0.0222,-0.1309,-0.0177
174,5234,108,2,sitting,-0.0025,1.3262,-0.0118,0.0417,-0.0133,0.0092,-0.0375,-1.0697,0.0796,-0.055,0.5223,0.0613,-0.026,-0.4969,-0.0095,0.0186,-0.0005,-0.001,0.0207,0.0131,-0.0045,0.0024,0.004,-0.0038,0.0174,0.0044,0.0277,-0.0039,-0.0136,0.0182,-0.0042,0.032,0.0083,0.0046,-0.0159,0.0066,0.0093,0.649,-0.007,0.029,-0.0189,0.0158,-0.0151,-0.0047,0.578,-0.0088,-0.0055,-0.0062,0.0054,0.8565,0.0168,0.0971,-0.0073,-0.0237,-0.0235,0.0087,0.0094,0.0084,-0.0891,0.0598,-0.0078,0.0077,0.0294,0.0303,-0.2205,-0.0244,0.0176,0.0081,0.0072,0.0273,-0.1198,-0.0079
175,5235,108,2,sitting,-0.0033,1.3287,-0.0112,0.0415,-0.0182,-0.032,-0.0213,-1.0511,0.027,-0.0517,0.5885,0.0698,0.0509,0.3936,-0.0004,-0.0044,-0.0084,0.0066,0.0194,0.0174,-0.004,-0.0045,-0.0038,-0.006,0.0131,0.0047,0.0273,0.0128,-0.0063,0.0262,-0.0064,0.0315,0.008,0.0078,-0.0155,-0.0037,0.0746,0.9941,0.0172,0.0156,-0.0942,-0.0852,-0.0149,-0.0061,0.5787,0.0048,-0.0081,-0.0089,-0.0167,0.6138,-0.0069,0.1507,-0.0179,0.009,0.0001,0.0196,0.0173,-0.0002,0.0277,-0.0188,-0.001,0.0162,0.0206,0.0332,-0.2203,-0.0246,0.0183,0.0077,0.0247,0.0223,-0.1102,-0.0095
176,5236,108,2,sitting,0.0011,1.3155,-0.0102,0.0345,-0.0113,0.0007,-0.0437,-0.9334,0.0586,-0.0585,0.4396,0.0625,0.0962,0.3542,0.0066,-0.0002,0.001,0.0226,0.0143,0.0155,0.0006,0.0069,-0.0075,-0.0084,0.0065,0.0108,0.0273,0.0074,-0.0089,0.0168,-0.0041,0.0312,0.0095,0.0064,-0.0136,-0.0047,-0.0247,0.4473,0.0158,0.0796,-0.019,0.1014,-0.0049,0.0056,0.5467,0.0051,0.0081,-0.0198,0.0193,0.7269,0.0078,0.029,-0.0091,0.006,-0.0087,0.0161,0.0192,-0.007,0.0159,-0.0507,0.0163,0.0197,0.0207,0.0291,-0.2253,-0.01,0.027,0.0083,0.0373,0.0277,-0.1126,-0.0202
177,5237,108,3,standing,-0.0049,1.5341,0.0111,0.0215,-0.0042,-0.0002,-0.0344,-1.0817,0.0619,-0.0561,0.5043,0.0466,-0.0004,0.289,0.0188,-0.0001,-0.0074,-0.0147,0.0241,0.0075,-0.001,-0.0084,0.0035,-0.0085,0.0097,0.0069,0.0273,0.0078,-0.006,0.0196,-0.0055,0.0293,0.0065,0.0058,-0.0157,-0.0046,0.0277,0.4862,0.0041,0.0238,-0.0782,0.0989,-0.0163,-0.0064,0.5426,-0.0051,-0.0091,-0.0056,-0.0259,0.9153,-0.0081,-0.1309,-0.0067,0.0087,-0.0503,-0.0092,0.0291,-0.0068,-0.0262,-0.0474,0.0223,0.0195,0.0229,0.0804,-0.2305,-0.1129,0.1008,0.027,0.0072,0.0983,-0.1012,-0.0209
178,5238,108,3,standing,-0.0018,0.7386,0.0046,0.0004,-0.0142,-0.0063,0.0196,0.3876,-0.0436,-0.0252,-0.1614,-0.0513,-0.0615,1.3577,0.0189,-0.0044,-0.0188,-0.0207,0.032,0.028,0.0001,0.0256,0.0059,-0.0002,0.0509,0.0056,0.0291,-0.0065,-0.026,0.093,0.004,0.029,0.0075,0.0078,-0.007,0.0043,0.0209,2.5062,0.0248,0.089,0.0797,-0.0485,-0.0064,-0.0057,0.5593,-0.0067,-0.0069,-0.0068,0.0083,0.9599,0.0086,0.0473,-0.0053,0.0184,-0.0058,0.0198,0.0194,-0.0181,0.0461,0.0642,-0.045,0.0187,0.0182,0.0585,-0.2169,-0.1015,0.1195,0.0092,0.0874,0.0485,-0.1103,-0.0809
179,5239,108,3,standing,-0.0065,1.4252,-0.0115,0.0245,-0.0066,-0.0326,-0.0594,0.5885,-0.0417,-0.0009,-0.2821,-0.0618,0.0764,1.1486,-0.026,0.0042,0.0933,0.0232,-0.0088,-0.0845,-0.0047,-0.01,0.0154,-0.0001,0.0509,0.0035,0.0332,0.0226,-0.0044,0.0078,-0.0039,0.0298,0.0138,0.0041,-0.0168,0.0055,0.0806,2.4843,-0.0077,0.0069,0.0271,-0.047,-0.0056,-0.0061,0.5338,-0.0053,-0.0075,-0.0051,0.0092,0.9867,0.0179,-0.1004,-0.0231,0.0062,-0.0268,-0.0256,0.0262,-0.0193,-0.1017,0.1107,0.0083,0.0163,0.0241,0.0172,-0.1791,-0.0173,0.0074,-0.0184,0.0235,0.0089,-0.1127,-0.0273
180,5240,108,3,standing,-0.0112,0.7269,-0.0085,0.0009,-0.0215,-0.0344,-0.0059,-0.0569,0.0072,-0.0195,0.0541,-0.0157,0.0632,1.2691,-0.0462,-0.001,-0.0818,-0.0922,-0.0804,0.0723,-0.0509,-0.01,0.1004,0.1106,0.0089,0.0249,0.0273,-0.0163,-0.0098,0.0248,-0.0056,0.0364,0.0194,0.0065,-0.0092,-0.0078,0.0083,2.5566,0.0001,0.02,0.0543,0.0373,-0.0151,0.0045,0.4967,-0.0061,-0.0052,-0.0088,-0.0054,0.9953,-0.0074,-0.0485,-0.0168,-0.0084,0.0222,0.0081,-0.0246,0.007,-0.0247,-0.1199,0.0182,0.0196,0.019,0.0287,-0.2166,0.0332,-0.068,0.0197,0.027,-0.0587,-0.0986,0.0176
181,5241,108,3,standing,-0.0042,1.7183,-0.0046,0.0117,-0.0063,-0.0328,-0.0247,0.8333,-0.0574,-0.0416,-0.4043,-0.0741,0.1513,1.2406,-0.025,-0.0003,-0.0982,0.0286,0.0881,-0.1102,-0.1126,-0.2372,-0.2558,-0.2655,0.0508,-0.0205,0.02,0.0249,-0.0332,0.0271,-0.0045,0.0295,0.0085,0.0056,-0.0136,-0.0057,0.0002,2.6564,0.001,0.0232,-0.1505,-0.0334,-0.0153,0.0066,0.5413,0.007,0.0052,-0.0092,-0.0086,0.9099,-0.016,-0.1197,0.0195,0.0168,-0.0088,0.0083,0.0266,-0.0256,0.0803,0.0488,-0.1017,0.0228,0.0406,0.0089,-0.2606,-0.0579,0.0408,0.0237,0.0222,0.0379,-0.2202,-0.0196
182,5242,108,3,standing,-0.0006,1.427,-0.0077,0.0206,-0.0089,0.0184,-0.0315,0.8695,-0.0462,-0.0549,-0.3825,-0.0485,0.1394,1.2395,-0.023,-0.0182,-0.0075,-0.0166,0.0619,0.0228,-0.0001,-0.0231,0.0088,-0.0244,0.0238,-0.0141,0.0792,0.0221,-0.0072,0.086,-0.0132,0.0296,0.0143,0.0078,-0.0063,0.0147,-0.001,2.5948,0.0944,-0.1011,-0.119,0.0804,-0.0155,-0.0061,0.5886,-0.009,-0.0054,0.0091,-0.0201,0.8129,-0.0208,0.0508,-0.0057,-0.0223,-0.0168,0.0239,-0.0197,0.0065,0.007,0.0456,-0.0176,0.0247,0.0286,0.1126,-0.2508,-0.02,-0.1009,0.0222,-0.0237,-0.0198,-0.1305,-0.0174
183,5243,108,3,standing,0.0019,-0.7767,0.0111,0.0426,0.009,-0.0217,0.0322,0.9444,-0.0514,-0.0508,-0.4543,-0.077,-0.0915,1.3386,-0.027,0.0142,0.0248,0.0003,0.0699,0.0872,-0.0209,-0.0563,0.0245,-0.0239,0.0277,-0.0001,0.0277,-0.0273,-0.0069,0.0182,-0.0202,0.0296,0.0095,0.0084,-0.0038,0.0041,-0.1103,2.5566,0.0065,0.0373,-0.1305,-0.0806,-0.0049,0.0057,0.5475,0.0059,-0.0052,-0.0088,0.0247,0.9278,-0.0056,-0.1009,0.0181,0.006,-0.0091,-0.0094,0.0085,-0.0089,-0.0275,0.0458,0.0961,0.0223,-0.0355,-0.1194,-0.2308,-0.0874,0.0408,0.0266,0.0196,0.0394,-0.1503,-0.0205
184,5244,108,3,standing,0.0108,-0.6919,0.0066,-0.0585,-0.0415,-0.0695,0.0247,0.9292,-0.0774,0.031,-0.4413,-0.0943,0.2825,-0.2381,-0.169,0.1768,-0.2275,-0.2746,-0.3864,-0.4963,-0.335,-0.267,0.2436,0.3976,-0.4584,-0.0505,0.0006,0.4762,-0.3794,-0.4088,-0.028,0.3586,0.4842,-0.0804,-0.1304,-0.0493,-0.1012,1.5799,-0.001,0.0182,-0.1504,-0.1005,-0.0205,-0.01,0.5954,0.0065,-0.0051,0.0155,-0.0098,0.7761,-0.0002,0.7953,0.0158,0.027,-0.0259,0.0373,0.0193,-0.027,-0.2164,0.7872,0.1193,0.0596,-0.1127,2.737,0.6713,0.3608,0.3005,-0.0084,0.1103,0.2208,-0.2257,-0.2603
185,5245,108,3,standing,-0.0145,-0.9574,0.0012,-0.026,-0.0008,-0.0111,0.037,0.4425,-0.0241,-0.0418,-0.1706,-0.0574,0.0885,-0.3376,-0.01,0.0002,0.0962,0.0723,0.001,0.2272,0.1129,0.2469,0.2763,-0.2654,0.1506,0.0506,0.1309,0.1014,-0.0806,0.0488,0.0159,0.0293,0.0082,0.0092,-0.0194,0.0136,0.1193,1.6488,0.0095,-0.0191,-0.1105,-0.0466,-0.0149,-0.0058,0.5547,0.0067,-0.0053,-0.0087,-0.0056,0.968,-0.0075,-0.1009,-0.0089,0.0193,0.0173,0.0071,0.0198,0.0061,-0.0468,0.02,-0.0248,0.0286,0.0277,0.0449,-0.2305,0.0247,0.0083,0.0079,0.0332,0.0197,-0.1478,0.0209
186,5246,108,3,standing,-0.0022,2.6276,0.0111,0.0427,-0.0007,-0.025,-0.0329,-1.0878,0.0517,-0.0636,0.5121,0.0741,-0.0962,0.3943,-0.0247,0.0189,0.0075,0.0146,0.0069,0.007,-0.0156,-0.0063,0.0038,-0.0142,-0.0002,-0.0049,0.027,-0.0059,-0.0221,-0.0147,-0.0033,0.0305,0.0064,0.0051,-0.0166,0.0067,0.0001,1.5581,-0.004,0.001,-0.0504,0.0145,-0.0144,-0.0065,0.5468,-0.0088,0.0086,-0.0061,-0.0183,0.9281,0.0072,0.0809,-0.0157,0.0092,-0.0087,0.009,0.0076,0.0058,-0.0231,0.0774,0.0171,0.0194,0.0184,-0.0262,-0.2491,-0.0266,0.0284,-0.0098,0.0286,-0.0077,-0.1127,-0.0193
187,5247,108,3,standing,-0.0049,1.3277,0.0118,-0.0005,-0.0084,-0.0002,-0.0246,-1.0872,0.0692,-0.0516,0.5827,0.0465,0.1494,-0.2542,-0.0224,0.0095,-0.0957,0.034,0.0294,0.0775,0.0164,0.0001,-0.001,0.0245,0.0198,-0.0046,0.0292,0.0089,-0.0074,0.0262,-0.0034,0.0309,0.0086,0.009,-0.0167,0.0039,-0.0262,2.4469,0.02,-0.0096,-0.1122,-0.0588,-0.0152,0.0047,0.4881,0.0059,-0.0062,-0.0093,0.0097,1.0582,-0.0206,-0.1505,-0.0073,0.0091,-0.0178,-0.0087,0.0183,-0.0176,-0.0066,-0.1015,-0.0205,0.0063,0.0268,-0.0505,-0.1699,-0.1198,-0.018,0.007,-0.0273,-0.0185,-0.1304,-0.0302
188,5248,108,3,standing,0.0135,-0.7407,-0.0064,0.025,-0.0072,-0.0244,0.0081,0.4569,-0.0012,-0.0005,-0.2342,-0.0462,-0.0825,-0.2474,-0.0095,-0.0546,-0.0957,0.0761,0.0628,0.0399,-0.1105,0.1005,-0.0806,-0.1307,0.1198,0.0149,0.0369,-0.1013,0.0505,0.0973,-0.0168,0.02,0.0078,0.016,-0.0194,-0.0047,0.0002,1.434,0.001,0.0206,-0.0541,0.0278,-0.0148,-0.0058,0.5988,-0.008,-0.0082,-0.0156,-0.0086,0.7785,0.0196,-0.0584,0.0209,0.0089,0.0276,-0.007,-0.0065,-0.0187,-0.0417,-0.0373,-0.0567,0.01,0.0223,0.0897,-0.3003,0.1509,0.0379,0.0176,0.0171,0.0811,-0.1129,0.009
189,5249,108,3,standing,-0.0018,1.3277,-0.0133,0.0375,-0.0072,-0.022,-0.0142,0.4885,-0.0415,-0.0007,-0.2891,-0.0549,0.1396,1.1746,-0.0202,-0.0157,-0.0063,0.0094,-0.0631,0.094,-0.0874,0.0761,0.0803,0.0249,-0.0503,-0.0002,0.027,-0.0001,-0.0065,-0.0159,-0.0038,0.0286,0.0145,0.0078,-0.0153,-0.0066,-0.0207,0.6739,0.001,0.0221,0.1305,0.02,-0.0154,0.0044,0.4769,0.0056,0.0058,-0.0068,0.0173,1.0051,-0.0064,-0.0406,-0.0077,-0.0155,-0.0238,0.0092,0.0181,0.0186,-0.0373,0.1104,-0.0171,0.0205,0.0093,0.0988,-0.2167,0.0266,0.1015,0.0182,0.0176,0.1504,-0.1124,0.0253
190,5250,108,3,standing,-0.0104,1.5285,0.0015,0.0214,-0.0146,0.0007,0.0326,0.5982,-0.0317,-0.0332,-0.2964,-0.0373,0.0585,1.2472,-0.0873,-0.0741,-0.0933,-0.062,0.2378,0.2742,0.1124,0.1306,0.1199,0.2897,0.0065,0.0032,0.0508,0.001,-0.0209,0.0184,0.0143,0.0437,-0.0222,0.0074,-0.0237,0.009,-0.0806,-0.4869,-0.0001,0.0147,-0.1002,-0.0476,-0.0152,-0.006,0.5787,0.0049,0.0063,0.0075,0.0188,0.9231,-0.0286,-0.0277,0.0223,-0.0077,-0.0168,-0.0096,0.0061,-0.0158,0.0094,-0.1509,-0.0866,0.0162,0.0294,0.147,-0.2204,-0.0576,-0.1011,-0.0002,0.0262,0.1103,-0.1181,0.0983
191,5251,108,3,standing,-0.0025,1.5337,-0.0107,0.0246,-0.0155,-0.0215,-0.0222,-1.0874,0.0466,-0.0327,0.5398,0.0541,-0.0619,-0.2373,-0.0169,0.0005,0.0164,0.0078,0.0077,-0.0132,-0.0075,-0.0035,0.0047,-0.0129,0.0221,-0.0044,0.0286,0.009,-0.0138,0.0285,-0.0053,0.0303,0.0086,0.0059,-0.0109,0.0068,0.0198,-0.8848,-0.001,0.01,0.0504,-0.0063,-0.0152,0.0058,0.5796,0.0072,-0.0061,0.016,0.0065,0.7962,-0.017,0.101,-0.0085,0.0192,-0.0087,0.0071,0.0181,0.0083,-0.0804,-0.1127,-0.0197,0.0202,0.0228,0.0373,-0.2205,-0.0259,-0.0782,-0.0089,0.0176,0.0379,-0.1102,-0.0095
192,5252,108,3,standing,-0.0045,1.6549,0.0118,-0.0427,-0.0213,-0.0596,-0.0195,-1.2366,0.0619,-0.0769,0.5881,0.037,0.1651,-0.3072,-0.0842,-0.0505,-0.0957,-0.0008,0.1006,0.1509,-0.2547,-0.266,0.1198,0.3491,0.339,-0.001,-0.2852,-0.2973,0.3897,0.4088,0.0085,0.01,0.0198,0.0039,-0.0092,0.0189,-0.1018,0.6793,0.0154,-0.0075,-0.0548,-0.0809,-0.0063,-0.0044,0.5582,-0.0094,-0.0053,0.0061,0.0247,0.5978,0.0156,-0.0968,0.0099,0.0074,0.02,0.0087,-0.0222,0.0186,-0.0002,-0.1126,0.0223,0.0183,0.0164,0.0077,-0.1989,-0.038,0.0176,0.027,0.0291,-0.0294,-0.1284,0.0209
193,5253,108,3,standing,-0.0019,1.5337,-0.0115,0.021,-0.0072,-0.0189,-0.0245,-1.0842,0.0511,-0.0461,0.5084,0.0723,0.1347,0.3591,-0.001,0.0009,-0.0262,0.0318,0.0694,0.0508,-0.01,-0.0941,0.0466,0.02,-0.0266,0.0095,0.0296,0.016,0.0078,-0.0246,0.0037,0.0345,0.0164,-0.0059,-0.0165,0.0036,0.0069,2.5898,-0.0222,0.019,-0.0271,-0.0186,-0.0062,-0.0049,0.5763,-0.008,0.0056,-0.0085,-0.0155,0.7973,-0.0053,0.0278,-0.0174,-0.0199,0.0096,0.0201,0.0168,0.0247,0.0809,-0.0476,-0.0205,0.0177,0.0081,0.0355,-0.2207,-0.0092,0.0273,-0.0175,0.0259,0.0093,-0.1103,-0.0332
194,5254,108,3,standing,-0.0038,1.5563,0.0083,-0.0112,-0.0158,-0.0415,0.0216,0.4513,-0.0238,-0.0007,-0.2266,-0.0584,0.065,1.2398,-0.0182,0.0131,-0.037,0.0092,0.0878,-0.0743,0.0002,-0.0286,-0.0508,-0.0273,0.0973,-0.001,0.01,0.0165,0.0232,0.0289,-0.0036,0.0285,0.0195,-0.004,-0.016,0.0039,0.0803,2.7948,-0.0146,-0.0,-0.1192,-0.1122,-0.0086,0.0052,0.5614,-0.0069,-0.0067,-0.0054,-0.0237,0.8851,-0.0062,-0.0408,0.0085,0.0093,-0.0168,0.0074,0.0096,0.0222,-0.101,-0.1003,0.0247,0.0256,0.0464,0.0449,-0.2303,0.0355,0.0699,0.0194,0.0172,0.009,-0.1302,-0.0266
195,5255,108,3,standing,-0.0045,1.5333,0.0111,-0.028,-0.0329,-0.059,-0.0286,-0.9427,0.0373,-0.0412,0.4002,0.0159,-0.0915,0.3081,-0.0009,-0.0038,-0.0149,0.0873,-0.0719,0.0508,-0.0699,-0.0807,0.0189,-0.01,-0.0164,-0.001,-0.0468,0.0201,-0.0065,-0.0097,0.0136,0.032,0.0074,0.0206,-0.0141,0.0158,0.0169,2.7088,-0.0002,-0.0066,-0.0467,-0.0373,-0.0156,-0.0055,0.536,0.0047,-0.0051,0.0082,-0.0087,0.9563,-0.0084,0.1014,0.0202,0.0185,0.0178,0.0079,0.0072,-0.0075,-0.0186,-0.1108,0.0248,0.0071,0.0223,0.0363,-0.2204,-0.0464,0.0196,0.0249,0.0177,0.02,-0.1124,-0.0247
196,5256,108,3,standing,0.0035,-0.727,0.0119,-0.0143,-0.0005,-0.0314,0.0098,0.4585,-0.0213,-0.0174,-0.2327,-0.0373,0.0517,1.2594,-0.0078,-0.0069,-0.0184,0.0428,0.063,0.0842,-0.0232,0.0546,-0.0796,-0.0109,-0.0062,0.0259,0.0509,-0.0262,0.0195,-0.0002,0.0138,0.0161,0.0073,0.0152,-0.0141,0.0056,0.0203,-0.7065,0.0066,0.0089,0.0072,-0.001,-0.0158,-0.0063,0.5364,-0.0047,0.0059,-0.0051,0.0221,0.9767,-0.0075,0.0406,-0.0238,0.019,0.016,-0.0188,0.0057,0.008,0.0587,-0.0803,-0.0077,0.0206,0.0168,0.0293,-0.2505,-0.101,0.0247,0.0171,0.0191,0.02,-0.1506,-0.0579
197,5257,108,3,standing,-0.0017,1.539,-0.0116,0.0266,-0.0007,0.0002,-0.037,-0.9949,0.0512,-0.059,0.4025,0.0476,0.0914,0.1843,-0.0224,-0.0046,-0.0131,0.0069,0.0436,-0.001,0.0055,0.0207,0.0126,-0.0249,0.0085,0.0056,0.0289,0.0044,-0.0138,0.0159,0.0058,0.0279,0.0078,0.0039,-0.016,-0.0062,0.068,2.0872,0.0773,0.0506,0.1017,0.1103,-0.0165,-0.0052,0.5798,-0.0089,-0.0051,-0.0092,-0.0201,0.865,0.0222,-0.1503,0.0088,-0.0082,-0.0246,-0.0096,0.0095,-0.0221,0.1191,0.1361,0.0205,0.0206,0.0097,0.0583,-0.2165,-0.0451,0.1304,0.0071,0.0194,0.0809,-0.1009,-0.0176
198,5258,108,3,standing,0.0017,-0.6697,0.0046,-0.0165,0.0094,-0.022,0.0142,0.8139,-0.041,-0.0007,-0.3969,-0.0584,-0.0792,-0.3343,-0.036,-0.0205,0.0262,0.0928,0.0698,-0.0895,0.0249,-0.059,0.0248,-0.0563,0.0172,0.0037,0.0096,-0.0089,-0.0231,0.02,-0.0232,0.0279,0.0088,0.0233,-0.0209,0.0058,0.0259,1.4561,-0.0807,0.0507,-0.1509,0.001,-0.0051,0.0059,0.5775,0.0054,0.0055,-0.0062,-0.0002,0.9971,-0.0183,0.1108,-0.0068,-0.0177,-0.0001,-0.0167,0.0173,-0.0253,0.0458,-0.101,-0.1005,0.027,0.0343,-0.0451,-0.1786,-0.0408,-0.0409,-0.0256,0.0591,-0.1129,-0.1199,0.0587
199,5259,108,3,standing,-0.0145,1.3315,-0.0042,0.023,-0.0089,-0.0147,0.0329,-1.0517,0.0464,-0.0185,0.4892,0.0353,0.0772,-0.2743,-0.0146,0.0049,0.0009,-0.0247,0.0623,-0.0088,-0.001,0.0059,0.0063,-0.0503,0.0075,-0.0221,0.0293,0.0226,-0.0065,0.0238,-0.0053,0.0287,0.0083,0.0041,-0.0186,0.0069,0.0973,-1.3874,0.0856,0.0151,0.0409,0.0803,-0.0178,0.0084,0.5335,0.0058,-0.0066,-0.0087,-0.0207,0.9099,0.0054,-0.5582,0.017,-0.0001,-0.0197,-0.0098,0.02,-0.0079,0.056,-0.1305,0.027,0.0232,0.0167,0.0292,-0.2508,-0.101,-0.1127,0.0971,0.0394,0.0193,-0.1505,-0.058
200,5260,108,3,standing,-0.0107,1.2846,-0.0059,0.0468,-0.032,-0.0098,-0.0003,0.5843,-0.0213,-0.0095,-0.2692,-0.0332,0.0625,1.1657,-0.0549,0.001,-0.0503,-0.0889,0.01,0.0142,-0.093,-0.0547,0.0045,-0.1015,-0.0164,-0.0141,0.0289,-0.0002,-0.02,-0.0806,-0.0055,0.0287,0.0072,-0.0063,-0.009,-0.0036,-0.1199,0.3862,-0.0203,0.0094,0.1002,0.1105,-0.0182,-0.0069,0.567,0.0053,-0.005,-0.0166,0.0086,0.8695,-0.0154,-0.0885,0.0167,0.0078,0.0079,-0.0191,0.0188,0.0074,0.0375,-0.0408,0.1305,-0.0065,0.0266,-0.1505,-0.3008,0.2205,0.0277,-0.0222,0.0294,0.0961,-0.1126,-0.027
201,5261,108,3,standing,-0.0119,-0.6336,0.0078,-0.0211,-0.0244,-0.0412,0.0085,0.479,-0.031,-0.0042,-0.2469,-0.0523,-0.2094,-0.0936,-0.0008,0.0628,0.0817,0.1858,0.3327,0.3957,-0.3462,-0.3589,0.2943,0.2698,0.3099,0.0505,0.0761,-0.4466,0.0658,0.3886,0.0077,0.1018,-0.02,-0.0001,-0.0002,-0.0063,0.0804,2.7567,0.0262,-0.0545,-0.1506,-0.0791,-0.0065,-0.0049,0.5428,-0.0056,-0.0059,-0.0074,0.0084,0.8255,-0.0205,-0.0876,-0.0093,0.0087,0.0171,-0.0168,0.0196,-0.017,-0.1305,-0.2209,-0.0355,0.0182,0.0273,0.1379,-0.3452,-0.0181,-0.1105,0.0072,-0.0409,-0.1192,-0.2309,-0.1004
202,5262,108,3,standing,-0.0013,0.7297,-0.0059,0.0112,-0.0143,-0.0072,0.0232,0.8333,-0.055,-0.021,-0.3861,-0.068,0.0786,1.1578,-0.0375,-0.0169,-0.0007,0.0238,0.0423,0.0098,0.0063,-0.0002,0.0082,-0.0195,0.0046,0.0036,0.0256,0.0065,-0.0142,0.029,-0.0031,0.0292,0.0091,0.0064,-0.0157,0.004,0.0973,2.566,-0.0041,-0.01,0.0509,-0.0896,-0.0168,-0.0047,0.559,0.0058,-0.0074,-0.0052,-0.0223,0.9301,0.0154,-0.1129,-0.0222,-0.007,-0.0179,0.0235,0.0081,-0.0062,0.0451,-0.1014,0.0185,0.0247,0.0189,0.0071,-0.2302,-0.0467,-0.02,0.0192,0.0221,-0.0462,-0.1194,-0.0097
203,5263,108,3,standing,-0.0016,1.6356,0.0142,0.0249,-0.0008,0.025,0.0324,-1.1374,0.0594,-0.0412,0.5266,0.0476,-0.1438,-0.2882,0.0015,0.0023,-0.0717,0.0895,0.0929,0.068,-0.0001,-0.0237,-0.01,0.0563,-0.0277,-0.0056,0.0508,-0.0096,-0.0245,-0.0262,-0.0031,0.034,0.0059,-0.0041,-0.0198,0.0062,-0.001,0.6875,-0.0055,0.0147,-0.0558,-0.0186,-0.0067,-0.0057,0.5464,-0.0065,-0.0088,0.007,-0.0185,0.9458,0.0069,0.1194,-0.0206,0.0239,-0.0238,-0.0066,0.0176,-0.0207,-0.1129,-0.1307,-0.0077,0.019,0.0221,0.0247,-0.2162,-0.0584,0.0409,-0.0093,0.0073,0.0279,-0.1189,-0.0273
204,5264,108,3,standing,-0.0111,-0.7423,0.0066,-0.0345,0.0003,-0.0462,0.0594,0.3876,-0.0797,0.0698,-0.1259,-0.089,0.0953,-0.3486,0.023,0.0064,-0.2495,-0.1943,0.2863,-0.2782,-0.3796,-0.3325,0.2954,-0.2691,0.1302,-0.0409,0.0807,-0.0503,-0.1013,0.1003,0.0002,0.01,0.0271,0.0065,-0.0248,-0.0168,0.0146,1.4484,-0.0089,0.0355,-0.1126,0.1108,-0.0157,0.0047,0.5885,0.008,0.0052,-0.0175,-0.0001,0.7981,0.0072,-0.2166,0.0155,0.0083,-0.017,0.0178,0.0087,-0.0077,0.0567,-0.0961,0.1199,0.0259,-0.0476,-0.3604,-0.3702,-0.3015,0.0646,0.0171,0.0273,0.0592,-0.2203,-0.0451
205,5265,108,3,standing,-0.0067,1.4565,0.0103,0.0004,-0.0113,-0.0155,-0.0196,0.819,-0.0584,-0.0468,-0.3785,-0.0476,0.0986,1.2674,0.0142,0.001,-0.0225,0.0194,0.0207,0.0632,-0.0849,0.0761,0.0141,-0.0431,0.006,-0.0038,0.0277,-0.0237,-0.0162,0.0183,-0.0066,0.0293,0.0134,0.0072,-0.0153,-0.0044,0.0509,2.6492,0.0806,0.1014,0.0408,-0.0262,-0.0046,0.0048,0.5882,-0.0063,-0.0088,-0.009,-0.0154,0.9975,0.0057,-0.1259,-0.0235,-0.01,0.0223,-0.0081,-0.0253,-0.0073,-0.1307,0.0189,0.1104,0.0078,-0.0205,0.0197,-0.2257,0.1006,0.1191,0.008,0.0576,0.1129,-0.0387,-0.0077
206,5266,108,3,standing,-0.0013,1.5947,-0.0109,0.0194,-0.0006,-0.0096,-0.0375,-1.0512,0.0435,-0.028,0.4958,0.0625,0.001,0.4095,-0.0169,-0.0221,-0.0185,0.0247,0.0186,0.0097,0.0038,-0.0123,0.0078,-0.0092,0.0107,-0.0032,0.0293,-0.0044,-0.0136,0.0246,-0.0045,0.031,0.0084,0.0042,-0.0108,0.0046,0.0468,0.5566,0.0001,-0.015,0.0505,0.0593,-0.0164,0.006,0.547,0.0057,0.0056,-0.0065,0.0167,0.7988,-0.0209,0.1129,-0.0174,0.0072,-0.0222,-0.0073,0.0235,-0.0089,-0.0598,0.0807,0.0091,0.0205,0.0207,0.0286,-0.2208,-0.0355,0.0099,0.019,0.0187,0.0279,-0.1192,-0.0177
207,5267,108,3,standing,0.0143,-0.7391,0.0082,-0.0415,-0.0083,-0.0328,0.0581,0.5862,-0.0009,-0.0111,-0.2694,-0.0447,-0.2369,-0.2744,-0.0886,-0.0216,-0.0933,0.0696,0.0721,0.2441,-0.1015,-0.1108,0.3078,-0.1195,-0.1309,0.1006,0.1127,-0.0506,-0.0542,-0.0746,-0.001,0.0001,-0.01,0.0232,-0.0185,0.0206,-0.0797,1.5947,0.0803,-0.02,-0.6695,-0.1507,-0.0056,0.0067,0.547,0.0068,-0.0065,-0.0061,-0.0002,0.9976,-0.0055,-0.8898,-0.0084,-0.0179,-0.027,-0.0262,0.006,-0.009,-0.2305,0.2251,0.0973,0.0077,0.0575,-0.3017,-0.3708,0.2243,0.8095,0.0793,-0.0406,0.8972,-0.3604,0.0443
208,5268,108,3,standing,0.0023,-0.6518,0.0111,-0.0232,-0.0066,-0.034,0.0434,0.8191,-0.0746,-0.0613,-0.4425,-0.0542,0.085,0.2957,0.0055,-0.0017,-0.0941,0.0221,0.026,-0.0009,0.0063,-0.0249,0.0245,0.0072,0.0069,0.0259,0.0293,0.0001,-0.0064,0.0238,0.0033,0.0289,0.0096,0.0085,-0.0135,-0.0047,-0.0083,1.4375,0.0068,0.0156,-0.0186,0.02,-0.0194,0.0053,0.5874,0.0088,0.0089,-0.0093,-0.0087,0.847,0.0228,0.1502,-0.0097,0.0162,0.01,0.008,0.0159,0.019,0.0506,-0.0098,-0.0266,0.0241,0.0279,-0.0363,-0.2167,-0.0379,0.0366,0.0273,0.0286,0.0437,-0.1108,-0.045
209,5269,108,3,standing,-0.0017,1.594,0.0116,0.0415,-0.0077,0.0214,-0.0194,-1.0618,0.0328,-0.0573,0.493,0.0474,-0.0936,-0.3895,0.0188,0.0005,0.0232,-0.0083,0.0266,0.0892,0.0044,0.0241,-0.0791,-0.0196,0.0131,0.0042,0.0293,-0.0259,-0.0174,0.0291,-0.0066,0.0292,0.0082,0.0053,-0.0185,0.0057,-0.0257,0.6976,-0.0078,0.0084,0.01,-0.0247,-0.0161,-0.0063,0.5056,-0.0051,-0.007,-0.0065,0.0001,0.7968,-0.0155,0.0504,0.0172,-0.0002,-0.0098,-0.006,0.0089,-0.0081,0.0373,-0.0449,0.0301,0.0067,0.018,-0.0197,-0.1992,-0.0249,0.0262,-0.009,0.0186,0.0093,-0.1287,-0.0166
210,5270,108,3,standing,-0.0015,0.7802,-0.0123,0.0095,-0.0074,-0.0094,-0.0188,-0.0585,0.0047,-0.028,0.036,0.0143,0.0142,1.4598,0.0119,0.0059,-0.0084,-0.0093,0.0256,0.0186,0.0033,-0.0031,-0.0036,-0.0069,0.0161,0.0028,0.0297,-0.0065,-0.0154,0.0262,-0.0037,0.0344,0.0063,0.0034,-0.0164,0.0038,0.0966,2.065,0.0006,0.0499,0.0791,-0.0881,-0.0072,-0.0068,0.5789,0.0056,-0.0083,0.0097,-0.0176,0.8775,0.0079,-0.1503,-0.0002,0.0082,-0.001,0.0096,0.0192,0.0078,0.1011,0.0508,0.0254,0.017,0.034,0.0456,-0.2209,-0.0804,0.019,0.0073,0.0286,0.0287,-0.1124,-0.0111
211,5271,108,3,standing,-0.0033,0.7407,-0.0113,0.0364,-0.0084,-0.0247,0.0248,0.5582,-0.0516,-0.041,-0.2693,-0.0712,-0.0918,1.1472,-0.0898,-0.0631,0.0006,-0.01,-0.0507,0.0146,0.028,-0.001,0.0249,-0.0066,-0.0273,0.0134,0.0278,0.0238,-0.0245,0.0293,-0.0074,0.0277,0.0075,0.0039,-0.0086,-0.0002,0.0806,0.3862,-0.0152,0.0194,-0.1124,-0.1013,-0.0068,-0.0044,0.5865,-0.0049,-0.0063,-0.006,-0.0207,0.9699,-0.0092,-0.1303,-0.0208,0.0157,0.0294,0.0085,-0.0262,0.0276,0.0973,0.0977,0.027,-0.0268,0.029,-0.0456,-0.189,-0.0181,0.0379,0.0253,0.0266,0.017,-0.1198,-0.0379
212,5272,108,3,standing,0.0106,-0.7406,0.0011,0.035,-0.0149,-0.028,0.0196,0.4085,-0.0009,-0.0412,-0.1917,-0.0245,-0.0586,-0.3323,-0.0059,0.0084,0.0095,-0.0248,0.0232,0.0962,0.001,-0.0069,-0.0764,-0.0852,0.01,0.0001,0.0262,-0.0259,0.0088,0.0238,-0.0145,0.03,0.0078,0.0065,-0.0189,-0.0066,0.0002,1.3897,0.0204,-0.0074,0.0503,-0.0146,-0.0156,-0.0047,0.5879,-0.0055,0.0061,-0.0092,-0.009,0.9867,-0.0094,0.1008,0.0076,-0.0206,-0.0063,0.0072,0.0193,-0.0205,0.0175,0.0177,0.0099,0.0082,0.0083,0.0222,-0.1992,-0.0461,0.0277,0.0231,0.0221,0.0268,-0.1192,-0.0173
213,5273,108,3,standing,0.0013,-0.5695,0.0103,0.0007,-0.0115,0.0042,0.0108,0.8182,-0.0462,-0.0219,-0.3661,-0.0514,0.0786,-0.2784,-0.001,0.0095,-0.0943,0.063,0.2085,0.2275,-0.0507,-0.259,0.2449,0.0803,0.2829,0.01,0.1005,0.1014,-0.1199,0.1127,0.0146,0.0292,-0.0159,0.0092,-0.0167,-0.0002,-0.1305,2.5094,0.0577,0.0001,-0.4496,-0.1506,-0.0155,-0.0051,0.5898,-0.0065,-0.0068,-0.0074,0.0082,0.787,0.006,-0.5699,0.0256,0.0157,0.0276,-0.0081,0.0088,-0.0183,-0.1103,-0.6966,0.0247,0.0064,0.0293,-0.0871,-0.3649,-0.2253,-0.2503,0.0572,0.0179,-0.2203,-0.0473,-0.0872
214,5274,108,3,standing,0.0012,-0.7837,0.0106,0.037,0.0045,-0.0094,0.0008,0.4919,-0.0214,-0.0146,-0.2884,-0.0467,-0.0872,0.2636,0.056,0.0723,-0.0286,-0.0929,-0.1015,-0.1005,-0.1109,-0.0503,0.0465,-0.0182,0.001,-0.0001,0.0277,0.0002,-0.0095,0.009,-0.0135,0.0296,0.0186,0.0174,-0.0098,0.0042,-0.0,1.5883,0.0247,0.0166,-0.0093,-0.0154,-0.0152,0.0053,0.5787,0.0047,-0.0051,-0.0091,0.0069,0.968,0.0073,-0.0059,0.0097,-0.0168,-0.0189,0.0081,0.0063,-0.0176,-0.0266,-0.0409,-0.0222,0.0207,0.0164,-0.0585,-0.2505,-0.027,0.0092,0.0177,0.0099,0.0254,-0.1302,-0.0249
215,5275,108,3,standing,-0.0116,1.5763,0.0085,0.0897,-0.0764,-0.0984,-0.026,-1.0626,0.0515,-0.0433,0.5942,0.0322,-0.2053,-0.369,0.1856,0.2346,0.295,-0.3475,-0.2494,0.4789,0.2854,-0.3825,-0.4843,0.4041,-0.3774,-0.1191,0.1509,-0.4965,-0.3586,-0.3096,-0.0139,0.0803,-0.1011,0.0005,-0.0509,-0.01,0.0002,2.6792,-0.0207,-0.0001,-0.1124,0.1102,-0.0068,0.0051,0.5583,0.0077,0.0061,-0.0069,-0.0206,0.9871,0.02,0.7081,-0.04,0.0259,-0.0073,-0.0262,0.001,-0.027,-0.1008,0.6691,-0.1001,0.0247,0.0373,-0.0946,-0.2302,0.0409,0.0582,-0.0059,-0.0072,0.0595,-0.0879,-0.0593
216,5276,108,3,standing,-0.0018,1.5697,0.0113,0.0262,-0.0077,-0.0009,-0.031,-1.0842,0.0585,-0.0465,0.5728,0.0495,0.0772,-0.3496,-0.001,-0.0001,-0.0078,0.0066,0.025,0.0094,-0.0047,0.0074,-0.0044,-0.0082,0.0109,0.0036,0.0277,0.0046,-0.0129,0.016,-0.0038,0.0399,0.0164,0.0035,-0.0169,0.0058,0.0089,0.674,0.0143,-0.0141,-0.0695,0.02,-0.0188,0.0059,0.5563,0.0052,0.0073,-0.0098,-0.0086,0.9444,-0.0226,-0.1505,-0.0161,0.0191,0.009,-0.0087,-0.0206,-0.0176,0.0503,-0.1108,0.0462,0.017,0.0231,0.0807,-0.2368,0.048,0.0451,0.0223,0.0071,-0.0456,-0.1005,-0.0476
217,5277,108,3,standing,-0.0012,1.4376,0.0116,0.0075,-0.0143,-0.025,-0.0237,0.9458,-0.0544,-0.0348,-0.4077,-0.0695,-0.037,1.2872,0.001,0.0009,-0.0717,0.0185,0.0435,-0.089,-0.0922,-0.0222,-0.0092,-0.0157,-0.0084,0.0038,0.0289,-0.0232,0.0046,-0.0256,0.0033,0.0315,0.0064,0.0042,-0.0194,-0.0056,-0.0209,2.4578,-0.0188,0.0293,0.0508,0.0569,-0.0153,0.0047,0.5566,0.0051,-0.0082,-0.0049,0.0167,0.9278,-0.0089,-0.1006,0.0168,0.0063,-0.008,0.0058,-0.0002,0.0196,0.0206,-0.0369,-0.0499,-0.0186,0.0294,0.0174,-0.2163,-0.0379,0.0373,0.0181,0.0286,0.0469,-0.1506,0.0179
218,5278,108,3,standing,-0.0104,2.5665,0.0042,-0.0791,-0.0375,-0.1398,0.0008,1.2689,-0.0941,0.0217,-0.4466,-0.0549,-0.2585,-0.1894,-0.0884,-0.0645,-0.3328,-0.2752,0.2362,-0.2074,-0.2275,0.3572,0.2458,0.366,0.2956,0.0059,0.001,-0.0504,0.1109,0.3099,-0.0221,0.0001,0.0285,-0.0237,0.0096,-0.0065,0.0161,1.6782,0.1502,0.1013,-0.2162,0.0803,-0.0146,0.0048,0.5569,-0.0092,0.0088,-0.0063,0.0207,0.8576,0.0068,-0.2803,-0.0073,-0.0177,0.0064,-0.0176,0.009,-0.0069,-0.058,-0.2202,-0.1309,0.0751,0.0786,-0.3454,-0.7023,0.1126,-0.0987,0.1197,0.0985,-0.2251,-0.3404,0.1005
219,5279,108,3,standing,-0.0142,1.9777,0.0074,0.0007,-0.0164,-0.0317,-0.0219,0.4077,-0.0547,-0.0413,-0.2041,-0.0615,0.1434,1.3344,0.0763,-0.0503,-0.0986,-0.0846,-0.1014,0.1503,-0.2362,-0.1104,-0.1122,0.1005,-0.2536,0.0195,0.0196,-0.2843,-0.1191,-0.0803,-0.0247,0.0292,0.0182,0.0092,-0.0069,0.0066,0.0409,0.7588,0.0332,0.0083,0.0152,0.0067,-0.015,-0.0078,0.5499,0.0048,-0.007,-0.0058,-0.009,0.938,-0.0068,0.0273,-0.0161,0.0098,0.0091,0.0002,-0.0094,-0.0185,0.0296,0.0065,-0.0089,0.0223,0.0176,0.0373,-0.2209,-0.0184,0.0348,0.0171,0.0232,0.0413,-0.1306,-0.0206
220,5280,108,3,standing,0.0022,-0.6788,0.0108,-0.0195,0.0002,-0.0324,0.0194,0.4941,-0.0235,-0.0412,-0.2504,-0.0523,0.1613,1.3698,-0.079,-0.0955,0.0633,-0.0505,0.0225,-0.1196,0.0009,-0.1126,0.2762,-0.0807,0.01,-0.02,0.0293,0.0196,-0.001,0.0146,0.0069,0.0296,0.0066,0.0078,-0.0172,0.0058,-0.0083,2.7542,0.0164,0.0294,-0.0159,0.0259,-0.0047,0.0061,0.5792,0.0068,0.0052,0.0077,-0.006,0.865,0.0171,-0.1018,-0.0065,0.0084,-0.017,-0.0097,0.0073,-0.0093,-0.0179,-0.1509,0.0087,0.0185,0.0229,-0.0091,-0.2209,-0.0199,0.0268,0.0222,0.0082,0.0247,-0.1102,0.0081
221,5281,108,3,standing,-0.0111,0.65,-0.0015,-0.0053,-0.0189,-0.026,0.034,0.8273,-0.0574,-0.0042,-0.4321,-0.0698,0.0266,1.1469,-0.0086,0.0247,-0.0046,0.0232,0.0425,0.0007,0.0036,0.0164,0.0023,-0.0149,0.0256,-0.0002,0.029,-0.0068,-0.0162,0.0292,0.0063,0.0344,0.009,0.0078,-0.0107,-0.0072,-0.0876,2.5085,0.0988,0.0373,-0.0893,0.1108,-0.0155,-0.0057,0.5882,-0.0047,-0.0073,-0.0052,-0.0159,0.9644,0.0175,-0.0508,-0.008,0.0096,-0.0187,0.001,0.0179,0.0183,-0.057,0.1122,-0.0192,0.0195,0.0231,0.0332,-0.2202,0.0099,0.0807,0.0194,0.0239,-0.0691,-0.1302,0.009
222,5282,108,3,standing,-0.0015,1.6064,-0.0117,0.0225,-0.0065,-0.0002,-0.0195,-1.052,0.0469,-0.0323,0.5834,0.0636,-0.0005,0.3896,-0.0188,0.0082,-0.0226,-0.0141,0.0219,0.009,-0.0154,0.0078,0.0032,-0.0094,0.0159,0.0043,0.0298,0.0068,-0.0149,0.0161,0.0051,0.0284,0.0066,0.0055,-0.0147,0.0037,0.0786,2.0881,0.0185,0.0973,0.1196,0.0507,-0.0189,0.0084,0.577,0.0056,-0.008,-0.0091,0.0163,0.7475,-0.0087,-0.1102,-0.0053,0.0179,0.0197,0.0198,0.0199,0.0223,-0.0083,-0.1015,0.0076,0.0162,0.0067,0.0804,-0.2243,0.0291,0.0373,0.0074,0.0332,0.0059,-0.1507,-0.0311
223,5283,108,3,standing,-0.0067,1.5837,-0.0065,0.0111,-0.0078,-0.0218,0.0009,0.4891,-0.0104,-0.0063,-0.2459,-0.0157,0.055,1.0874,-0.034,-0.0046,-0.0973,-0.0627,0.0095,0.0728,-0.001,-0.0032,-0.0084,0.0002,0.0169,0.0034,0.0279,0.0064,-0.0186,0.0096,-0.0047,0.0287,0.009,0.0041,-0.0168,0.0056,0.0075,0.3945,-0.007,0.0185,0.0508,-0.027,-0.0154,0.0089,0.4976,0.0066,-0.0062,-0.0052,-0.0001,0.9723,-0.0098,-0.1194,0.006,0.0077,-0.0183,-0.0081,0.0238,-0.0222,-0.0809,-0.0172,0.01,0.0182,0.0201,0.0093,-0.178,-0.0179,0.0434,0.0209,0.0099,0.032,-0.2204,-0.0187
224,5284,108,3,standing,0.0011,-0.714,0.0089,-0.0142,-0.009,-0.022,0.0117,0.4961,-0.0344,-0.0246,-0.2271,-0.0332,0.0584,-0.1582,0.0088,-0.0051,-0.0437,0.0231,0.0009,-0.0247,0.0143,-0.0025,-0.0064,-0.0086,0.0094,-0.0031,0.0273,0.0159,-0.0095,0.0232,-0.0032,0.0298,0.0063,0.0034,-0.0155,0.0045,0.0846,1.5096,-0.0286,0.0292,-0.0773,0.0981,-0.0153,0.0047,0.5792,0.0003,0.0078,-0.0054,0.0226,0.9972,-0.0193,-0.0697,0.0069,0.0175,0.01,-0.0248,0.0098,0.0238,0.0506,-0.1506,0.027,0.0062,0.0373,0.1109,-0.2162,0.0803,0.0077,0.0206,0.0294,0.0774,-0.1012,-0.0273
225,5285,108,3,standing,0.0019,-0.5341,0.0142,0.0238,-0.0008,-0.0462,0.0314,0.4463,-0.0237,-0.0213,-0.1598,-0.0408,0.0796,-0.3546,0.0106,0.0089,-0.055,-0.001,0.089,-0.0947,-0.0249,-0.0505,-0.0803,0.0036,-0.101,-0.0548,-0.0195,-0.1004,-0.0276,-0.027,-0.0169,0.0534,0.0185,0.0059,-0.0174,-0.0143,-0.02,1.604,0.0141,0.0073,0.1102,-0.0286,-0.0072,0.0052,0.5892,0.007,-0.0051,0.0066,-0.0064,0.9465,-0.0179,-0.1505,-0.0153,0.0259,-0.0055,-0.0056,0.0277,-0.0206,0.0082,-0.1198,-0.0262,0.0184,0.0296,0.0191,-0.2208,-0.0332,-0.1121,0.0175,0.0239,-0.0394,-0.1299,-0.0078
226,5286,108,3,standing,-0.0042,1.5276,0.0108,0.0008,-0.0077,-0.0375,-0.0213,0.5883,-0.0412,-0.0195,-0.2857,-0.0546,0.0196,1.2547,-0.0044,-0.0066,-0.0059,-0.0168,0.0082,0.0188,0.004,0.0035,0.0074,-0.009,0.0134,0.0036,0.0293,0.0045,-0.0226,0.0152,-0.0031,0.0298,0.0086,0.0078,-0.0154,-0.0065,0.0738,0.6479,-0.0072,0.0184,0.0655,-0.0173,-0.0063,-0.0061,0.4853,-0.0069,-0.0049,0.0198,-0.017,1.0985,-0.0076,-0.027,0.0207,-0.0232,-0.0067,-0.0191,0.0228,-0.0221,0.006,0.0199,-0.0241,0.0192,0.0247,0.0194,-0.1781,-0.02,-0.058,0.0189,0.0273,0.0505,-0.1109,-0.0197
227,5287,108,3,standing,0.0017,-0.7802,0.0111,0.0005,0.0078,-0.0059,0.0273,0.4496,-0.0271,-0.023,-0.2072,-0.0466,-0.0894,-0.2386,0.0115,-0.0041,-0.034,0.0084,0.0798,-0.0558,0.0638,0.0239,0.0262,-0.0974,0.0355,-0.0042,0.0469,0.0062,-0.0235,0.0046,-0.0047,0.0292,0.0089,0.0051,-0.0168,0.0043,0.01,1.4976,0.0206,0.0247,0.0508,-0.0222,-0.0053,0.0075,0.5585,0.0067,-0.006,-0.009,0.0054,0.998,-0.0207,0.0293,-0.001,0.0245,-0.02,0.0164,-0.0221,-0.0193,0.0588,0.1104,0.0806,0.0244,0.0587,0.0335,-0.2202,-0.1194,0.0171,0.017,0.0223,0.0456,-0.1129,-0.0222
228,5288,108,3,standing,-0.0049,0.7646,-0.0111,0.0375,-0.0113,-0.0009,0.022,-0.8122,0.0578,-0.0414,0.3974,0.0476,0.0981,1.2472,-0.0002,-0.01,-0.0084,0.0165,0.0196,0.0169,0.0001,-0.0044,-0.0066,-0.0125,0.007,-0.0038,0.0271,0.0063,-0.0141,0.0262,-0.0034,0.0296,0.0085,0.0037,-0.0161,0.0051,-0.074,0.7906,0.0042,0.0108,-0.0182,0.001,-0.0143,-0.0048,0.5799,-0.0055,-0.0058,-0.0056,0.009,0.8959,0.0068,0.101,-0.0092,-0.0186,-0.0187,-0.0188,0.0095,-0.0091,-0.02,-0.0266,0.0286,0.0293,0.0171,0.0332,-0.2393,-0.0506,0.0373,0.0083,0.0085,0.027,-0.1306,-0.0076
229,5289,108,3,standing,-0.0067,2.42,0.0169,-0.0324,-0.0094,-0.0219,0.0412,1.5885,-0.0696,-0.056,-0.6562,-0.0791,-0.2374,-1.2892,0.0957,0.0004,-0.0856,-0.0508,0.0163,0.0164,0.0001,0.0184,-0.0132,-0.001,0.0159,0.004,0.0294,0.0044,-0.0088,0.0235,0.0041,0.0345,0.0089,0.0043,-0.0082,0.0036,0.0804,0.4948,-0.0052,0.0075,-0.0209,-0.02,-0.0146,-0.0077,0.5579,0.0078,0.008,0.0076,-0.0166,0.9968,-0.0153,-0.0798,-0.0002,0.0161,0.0197,0.0228,-0.0186,0.0083,-0.0247,-0.0474,-0.007,0.0204,0.0206,0.0081,-0.2372,-0.0417,0.0434,-0.0095,0.0262,0.0266,-0.1129,-0.0207
230,5290,108,3,standing,-0.0142,1.5964,-0.0078,0.0475,0.0098,-0.0628,-0.0561,-0.9278,0.0772,-0.034,0.4315,0.0009,-0.1386,0.3053,0.0217,0.0085,-0.0931,-0.0895,0.0503,0.1009,0.01,-0.02,0.007,0.0286,0.0249,-0.001,0.0467,-0.0149,-0.0262,0.0096,-0.0135,0.038,0.0093,-0.0069,-0.0094,-0.0074,-0.009,2.5062,0.0052,0.0231,0.0083,0.0291,-0.0046,0.0077,0.5868,-0.0054,-0.0066,-0.0055,-0.0057,0.8897,-0.0092,0.1505,-0.0176,0.0065,-0.0087,0.0081,0.0221,0.0226,-0.1102,-0.0979,0.0582,0.0173,0.0222,0.1191,-0.2164,-0.1018,0.0409,0.0237,0.0344,0.0456,-0.2203,-0.0518
231,5291,108,3,standing,-0.0035,1.5895,-0.0111,0.0157,-0.0089,-0.025,-0.0461,0.9281,-0.0516,-0.0009,-0.4423,-0.0697,-0.0325,1.1894,-0.0096,0.0059,0.0088,0.0092,0.0256,0.0164,0.0002,-0.0026,-0.009,-0.0109,0.0063,-0.0027,0.0296,-0.0041,-0.0068,0.0262,-0.0033,0.0309,0.0072,0.0065,-0.014,0.0038,0.0784,2.5547,-0.0001,0.0843,-0.0809,0.001,-0.0086,-0.0045,0.5466,0.0052,-0.0048,-0.0053,-0.0074,0.9399,-0.007,0.1015,-0.0067,-0.0207,-0.0078,-0.0056,0.0082,-0.0098,-0.0247,-0.1103,0.0508,-0.0252,0.0085,0.0355,-0.1509,-0.1129,0.0083,0.0268,0.0221,-0.0335,-0.1309,-0.0077
232,5292,108,3,standing,-0.0025,0.7295,0.0112,0.0059,-0.0169,-0.0006,-0.0146,0.3598,-0.023,-0.0233,-0.1749,-0.027,0.0056,1.1874,-0.0141,-0.0058,-0.0065,0.0229,0.0232,0.0072,-0.0032,0.0033,0.0055,-0.0066,0.0434,0.0037,0.055,0.0364,-0.0189,0.029,-0.0044,0.029,0.0097,0.0038,-0.0163,0.006,0.0645,2.0976,0.074,-0.0867,-0.0506,-0.001,-0.0152,0.0053,0.4885,0.0057,0.0075,0.0092,-0.0178,0.8877,-0.0182,-0.0809,0.0095,0.0154,-0.0068,0.0086,0.0073,-0.0083,-0.0262,-0.1004,0.0231,0.0237,-0.0247,0.0594,-0.2209,-0.0593,0.0355,0.0245,-0.01,0.0394,-0.1309,-0.0266
233,5293,108,3,standing,-0.0067,1.6332,0.0111,-0.0433,-0.0244,-0.0542,-0.0089,0.5041,-0.0224,-0.0317,-0.2857,-0.0645,-0.0892,1.2637,-0.0002,-0.0785,0.0196,-0.0986,-0.0506,-0.0806,-0.0008,0.1109,0.01,-0.2527,-0.0249,-0.0222,0.0581,-0.0636,-0.001,-0.0163,0.0146,0.0584,-0.007,-0.0065,-0.0069,0.0066,-0.1305,-0.4744,-0.02,-0.1003,0.1011,0.1506,-0.0168,0.0052,0.4961,0.0053,0.0075,0.009,-0.0232,0.9895,-0.0001,-0.6059,-0.0077,0.0462,0.0464,0.0158,-0.0262,-0.0259,0.1198,-0.3007,-0.0874,-0.0239,0.0773,-0.0458,-0.2171,0.068,-0.1121,0.0206,0.0356,-0.0979,-0.2208,0.0456
234,5294,108,3,standing,0.0013,-0.7446,0.0069,-0.0189,0.0083,-0.0222,0.028,0.576,-0.0262,-0.0412,-0.2772,-0.0584,0.0933,1.369,-0.0002,-0.0009,-0.0718,-0.0874,0.037,0.063,-0.01,0.0803,0.0082,-0.0086,0.0466,0.0031,0.0271,-0.001,0.0235,0.0503,0.004,0.0309,-0.0078,0.0044,-0.0195,0.0065,0.0059,2.3896,0.02,0.0207,0.1109,0.1004,-0.0046,0.0056,0.5068,0.0067,-0.0055,-0.0054,-0.0221,0.8862,-0.0063,-0.1121,0.0247,0.0177,0.0081,0.0091,-0.0223,-0.0079,-0.0456,-0.0408,-0.0248,0.0244,0.0092,0.0293,-0.2506,-0.0697,0.0355,0.0205,0.0268,0.0593,-0.1503,-0.0698
235,5295,108,3,standing,-0.011,1.5948,-0.0074,0.0232,-0.009,0.0007,-0.0324,-1.0982,0.0436,-0.0547,0.5811,0.0697,-0.0894,0.1478,0.0002,-0.022,-0.0504,-0.0791,0.01,0.0164,0.0162,-0.0231,-0.02,0.0163,0.101,-0.0088,0.0279,0.0286,0.0046,0.0247,0.001,0.027,-0.0085,-0.0075,-0.0089,0.0038,0.0803,0.6681,0.0168,0.0053,0.0793,0.0259,-0.0149,-0.006,0.5565,0.0056,-0.0051,0.0057,-0.0209,0.7986,0.0067,0.1503,-0.0223,0.0184,0.0083,0.0072,-0.0092,-0.0161,0.0262,-0.017,-0.0245,0.0171,0.0268,0.0073,-0.2308,-0.0187,0.0698,0.0095,0.0196,0.0258,-0.1126,-0.0076
236,5296,108,3,standing,0.0065,-0.7282,0.0106,-0.0069,0.0009,-0.0156,0.0174,0.8163,-0.0542,-0.0216,-0.3973,-0.048,-0.1546,0.2878,0.0323,0.0232,-0.0894,-0.0792,0.0961,0.2295,-0.0803,0.2436,0.2655,-0.2575,0.1103,-0.0506,0.1122,-0.1005,-0.1018,0.1505,-0.0059,0.0186,0.0097,0.0135,-0.0242,0.0043,-0.0278,1.459,0.0332,-0.0222,0.0972,-0.0468,-0.0153,0.0047,0.4896,-0.0054,-0.0082,0.0158,-0.0087,0.985,0.001,-0.0406,-0.0201,0.0223,0.0277,-0.0188,0.0399,-0.0085,-0.0167,0.056,-0.0164,0.0189,0.0221,-0.0066,-0.2506,-0.0093,-0.0002,0.02,0.0253,0.0294,-0.1195,-0.0209
237,5297,108,3,standing,-0.0033,1.5983,0.0215,-0.0142,-0.0078,-0.0186,-0.0466,-1.0761,0.069,-0.0516,0.5726,0.0914,0.0845,-0.1774,-0.0328,0.0065,-0.0082,0.0007,0.0508,-0.0169,0.0158,-0.0041,-0.001,-0.0085,0.0002,0.0034,0.0271,0.0095,-0.016,0.0143,-0.0031,0.0285,0.0064,0.0044,-0.0163,0.0038,0.004,2.3947,0.0149,-0.0205,-0.0806,0.0196,-0.0146,-0.007,0.4856,-0.0053,0.0077,-0.0054,-0.0172,0.9604,0.0173,0.1104,-0.0055,0.0194,-0.0179,0.0098,0.0093,-0.0223,-0.1015,0.1129,0.0076,0.0191,0.018,0.0262,-0.2204,-0.0081,0.0468,0.0071,0.0245,0.0355,-0.1009,-0.0187
238,5298,108,3,standing,0.0114,-0.6584,0.0015,-0.063,-0.0237,-0.0546,0.0983,0.5862,-0.0417,-0.0323,-0.2895,-0.0764,0.1655,-0.3949,-0.0872,0.0005,-0.2974,-0.1836,0.2291,0.2581,0.1196,0.2788,-0.0214,-0.3882,0.0506,-0.0803,0.0485,0.1505,0.1009,0.2207,0.1014,0.1109,0.3379,0.001,-0.0085,0.0544,0.0166,1.7843,-0.0002,-0.0001,-0.0069,0.0,-0.0154,0.0067,0.5792,0.0048,0.0051,-0.0052,-0.0194,0.938,0.0097,-0.0485,0.0161,0.0056,-0.0159,0.0098,0.006,0.0246,0.0363,-0.1122,0.0249,0.0187,0.0176,0.0099,-0.2308,-0.0451,0.019,0.0189,0.0186,0.02,-0.2165,0.027
239,5299,108,3,standing,-0.0104,1.5883,0.0089,-0.0512,-0.0628,-0.0798,0.021,-0.9762,0.037,-0.0504,0.4086,0.0007,-0.2064,1.085,-0.0947,-0.0165,-0.2422,0.2318,-0.296,-0.2763,0.2695,0.2584,0.3085,-0.3661,0.3872,0.0332,0.0809,-0.3574,0.1197,0.3346,-0.0132,0.1015,-0.0096,-0.01,-0.0205,0.0045,0.0094,2.7962,0.02,0.0002,0.1305,-0.027,-0.0143,-0.0067,0.5569,-0.0052,-0.0082,0.0153,-0.0181,0.8255,-0.0171,0.7557,-0.0066,-0.0077,0.009,0.0087,0.0268,0.0237,-0.0277,-0.1005,0.1108,-0.0076,0.0751,0.0451,-0.2169,-0.0193,0.0394,0.0188,0.0597,0.0394,-0.1391,0.0451
240,5300,108,3,standing,-0.0015,1.4252,-0.0123,0.022,-0.0074,-0.0009,-0.0344,0.5969,-0.0247,-0.0433,-0.2983,-0.0518,-0.0078,1.3617,-0.0089,0.0046,-0.0241,-0.0143,0.0235,0.0096,-0.0065,-0.0026,-0.006,-0.0141,0.0108,-0.0034,0.0296,-0.0038,-0.0095,0.0168,-0.0045,0.029,0.0086,0.0084,-0.0109,-0.0049,0.001,2.5764,-0.0058,0.0223,-0.0675,-0.0773,-0.0172,-0.0066,0.5588,0.0067,-0.0062,-0.0085,0.0054,0.9799,0.0194,-0.1003,-0.0179,0.0063,-0.0205,-0.0056,0.007,0.019,0.1103,-0.0485,-0.0091,0.0182,0.0231,0.0503,-0.2203,-0.0415,0.0373,0.008,0.0245,-0.0394,-0.1013,-0.0581
241,5301,108,3,standing,-0.0019,1.6397,0.0322,0.0568,-0.0412,0.022,0.0618,-1.1178,0.0791,-0.0504,0.5084,0.0006,0.2794,-0.377,-0.0002,0.0917,-0.2332,-0.0873,-0.2892,0.3374,0.2521,-0.4577,0.3861,-0.4035,0.4496,-0.2658,-0.1195,0.3685,-0.296,0.3498,-0.0239,-0.1002,0.0409,0.0803,-0.1018,-0.0249,0.0456,2.6683,-0.1109,0.0567,-0.6972,-0.1121,-0.0064,-0.001,0.5586,0.0053,0.0088,-0.0189,0.0206,0.9599,-0.0087,-0.5675,0.0057,0.02,-0.0276,-0.0097,0.0355,0.0076,0.0708,0.2605,-0.2209,-0.1508,-0.2167,-0.8081,-0.1302,0.3809,-0.2254,0.1171,0.0462,-0.3001,0.3508,-0.0455
242,5302,108,3,standing,0.0015,-0.7796,0.0103,-0.026,0.0078,-0.041,0.0094,0.8181,-0.0584,-0.0237,-0.3788,-0.065,-0.0891,-0.2885,0.01,0.0007,-0.0717,-0.0946,0.0504,0.2327,-0.0804,-0.2554,0.2449,0.3074,0.0485,-0.0158,0.0547,-0.0172,-0.1011,0.1009,-0.0035,0.0075,0.0064,0.0068,-0.0186,0.0059,0.1191,1.4863,-0.001,0.0223,0.0157,-0.0095,-0.0166,0.0062,0.5597,-0.0052,0.008,-0.0169,0.0222,0.9777,-0.0073,-0.0798,-0.0187,0.0002,-0.0259,0.0156,-0.0061,0.0181,-0.02,-0.0409,-0.0248,0.0083,0.0246,0.0468,-0.2259,-0.0286,0.0273,-0.0079,0.019,0.0082,-0.1505,-0.0202
243,5303,108,3,standing,-0.0011,1.7385,-0.0106,0.0327,-0.0089,-0.0007,0.0216,0.4413,-0.0467,-0.001,-0.2091,-0.0543,-0.0277,1.1783,-0.0002,0.0069,-0.0065,0.0149,0.0229,-0.0108,0.0055,0.0025,-0.0042,-0.0031,0.0141,-0.003,0.035,0.0078,-0.0059,0.0184,-0.0032,0.0302,0.0096,0.0045,-0.0135,-0.0068,0.0972,-0.3907,-0.0064,-0.0095,-0.1103,0.0286,-0.0174,-0.0058,0.5798,-0.007,-0.0052,-0.0086,-0.0192,0.9375,-0.0094,-0.0503,0.019,0.0085,-0.0181,-0.0177,0.0262,-0.0088,-0.0073,0.027,-0.0061,0.0076,0.0182,0.0231,-0.2254,-0.0774,0.0803,-0.0087,-0.0232,-0.048,-0.1503,-0.0222
244,5304,108,3,standing,0.0114,-0.7269,0.0074,0.0217,0.0065,-0.0008,0.0315,0.493,-0.0434,-0.0618,-0.2825,-0.0773,0.0885,-0.4547,-0.0961,0.0562,-0.0505,-0.1018,0.1921,0.2963,0.2457,-0.1129,-0.1004,0.1506,0.0186,0.0002,0.0083,0.1104,0.001,0.0458,-0.0209,0.0286,0.036,0.037,-0.0247,-0.0248,0.0798,1.3872,0.0406,0.0332,0.0488,-0.0403,-0.0146,0.0058,0.547,-0.009,0.005,-0.0167,0.01,0.9236,0.0069,0.0087,-0.0193,-0.0235,-0.0001,0.0178,0.0177,0.0166,-0.0092,0.0195,0.0273,0.0231,-0.0091,0.0582,-0.2205,-0.0196,-0.0335,0.0238,0.0266,-0.02,-0.1309,-0.0197
245,5305,108,3,standing,-0.0112,-0.709,0.0011,0.0143,0.0018,-0.0315,0.0042,0.5886,-0.025,-0.0078,-0.2833,-0.0594,0.0931,-0.0871,-0.0052,-0.0008,0.0464,-0.001,-0.0632,-0.0761,-0.01,-0.0239,-0.0082,0.0068,-0.016,-0.0002,0.0268,-0.02,-0.0095,-0.0174,-0.004,0.0291,0.0096,-0.0035,-0.0146,0.0041,-0.0807,1.3873,-0.0069,0.0505,0.0157,0.0067,-0.0145,-0.0059,0.5584,-0.0089,-0.0056,-0.0087,-0.0221,0.9278,-0.0172,-0.1102,0.0202,-0.0154,-0.0247,-0.0192,0.0179,-0.0181,-0.0585,-0.1127,0.0245,0.0163,0.0287,0.0575,-0.2207,-0.0091,0.0097,0.0001,0.0198,0.0262,-0.1017,-0.0174
246,5306,108,3,standing,-0.0017,1.7369,0.0106,0.0323,-0.0095,-0.009,-0.0149,-1.0868,0.0476,-0.0412,0.5109,0.0388,0.0584,-0.1577,-0.0002,0.0224,-0.0241,-0.0007,0.0239,0.001,-0.0085,0.007,-0.0078,-0.0135,0.0075,-0.0033,0.0259,0.006,-0.0186,0.0262,-0.0065,0.0313,0.0091,0.0059,-0.015,0.0038,0.074,2.4742,-0.0188,0.0291,0.0173,0.0143,-0.0155,0.0058,0.5223,0.0053,0.0054,0.0092,-0.0056,0.9863,0.0222,0.0373,0.0082,0.01,-0.0161,0.0162,0.0064,0.008,-0.0507,0.0989,0.0248,0.0179,0.0286,0.0076,-0.2166,-0.0099,0.0276,0.0081,0.027,0.0183,-0.1506,0.0364
247,5307,108,3,standing,-0.0012,2.5984,0.0113,-0.0466,-0.026,-0.0546,0.032,-0.5811,0.0009,-0.0379,0.2693,0.0249,-0.1886,1.1796,-0.0792,-0.085,0.0699,0.0962,0.2943,0.2523,0.2489,0.2768,0.3461,0.289,0.0509,-0.0002,0.0409,-0.0806,0.1005,-0.01,0.014,0.027,-0.0136,-0.0163,-0.0206,0.0247,-0.1015,0.3869,0.1198,0.0476,0.4488,-0.001,-0.0149,0.0047,0.577,0.0074,-0.0055,-0.0153,-0.0056,0.9475,-0.0172,-0.058,-0.0178,-0.0001,0.0067,0.0181,0.0198,-0.0268,-0.0275,0.1309,0.1102,0.0231,0.0394,0.0455,-0.2609,0.0183,-0.2308,0.0697,0.0485,0.1509,-0.1271,0.0383
248,5308,108,3,standing,-0.0107,1.493,-0.0011,0.0415,-0.0072,0.0217,-0.0098,0.3879,-0.0093,-0.0189,-0.1914,-0.0256,0.0953,1.3396,-0.0326,-0.0108,-0.0546,-0.0082,0.0069,0.0059,-0.0006,0.0141,0.0095,-0.0058,0.0664,0.0001,0.0505,0.0084,-0.0235,0.0566,-0.0155,0.0262,0.0083,0.004,-0.0068,-0.0047,0.1009,2.5056,0.0573,-0.0409,-0.0806,-0.0222,-0.009,-0.0044,0.5797,-0.0048,-0.0065,0.0061,-0.0174,0.9589,0.0175,0.0406,0.0231,-0.0088,-0.0247,0.0067,-0.007,0.0176,-0.1017,-0.1122,-0.0963,0.0591,0.0087,-0.0449,-0.2302,-0.0408,0.0394,0.0417,0.0291,0.0751,-0.1309,0.0581
249,5309,108,3,standing,-0.0115,2.0846,0.0058,0.027,-0.0232,0.0073,-0.0585,-1.0936,0.0433,-0.0699,0.4963,0.036,0.1852,-0.2786,0.0503,0.0007,-0.0093,-0.0796,0.0183,0.0214,-0.01,0.0002,-0.0175,-0.0248,0.0094,0.0141,0.0273,0.0088,0.0131,0.0089,0.0084,0.0298,0.0042,-0.0151,-0.0143,-0.0053,0.1124,1.4487,-0.0066,0.0292,-0.1198,-0.0807,-0.0148,0.0078,0.5469,0.0047,-0.0067,-0.0082,0.0097,0.7762,-0.0259,-0.2162,0.034,-0.0001,0.0195,0.001,-0.0373,0.0076,0.1003,-0.0458,0.0571,-0.0098,0.0165,0.1103,-0.1308,-0.1015,-0.0972,0.0081,0.0221,-0.0974,-0.2205,-0.018
250,5310,108,3,standing,-0.0116,1.5726,0.0064,0.0005,-0.0073,-0.0411,-0.0325,-1.0866,0.0517,-0.0219,0.5121,0.0645,0.1461,0.2898,0.01,0.0954,-0.0794,0.1011,0.0509,-0.0185,-0.1106,0.2481,-0.0806,-0.1194,-0.1507,0.016,0.0002,0.001,0.1006,-0.1307,-0.0069,0.0278,0.0205,0.0041,-0.0182,0.0072,-0.0163,2.4838,0.0189,0.0184,-0.02,0.0093,-0.0151,0.0153,0.5086,0.0052,-0.0056,-0.0168,0.0179,0.8871,-0.0176,0.5583,-0.0223,0.0077,-0.0247,0.0087,-0.0195,-0.0097,0.0675,0.0878,-0.027,0.0062,0.0275,0.0456,-0.2496,-0.0092,0.0409,0.0088,0.0199,0.0512,-0.2307,-0.0273
251,5311,108,3,standing,-0.0142,1.3265,-0.0044,0.0213,-0.0088,0.0328,-0.009,-0.8153,0.0549,-0.0466,0.405,0.0518,0.0943,0.2072,-0.0147,0.0005,0.0083,0.0256,0.0881,0.0632,0.0002,0.0095,-0.0775,-0.0803,0.006,0.0131,0.0465,0.0174,-0.0096,0.0436,-0.0064,0.031,0.0094,0.007,-0.0161,-0.0058,0.0509,2.4882,-0.0207,-0.0078,0.1004,-0.1015,-0.0069,0.0053,0.5946,-0.0055,0.0067,-0.0073,0.01,0.9952,-0.0163,-0.1308,-0.0177,0.0239,-0.0187,-0.0189,0.0191,-0.0276,0.0434,-0.0593,0.0259,0.0222,0.03,-0.1193,-0.1503,-0.0455,0.027,0.0079,0.0185,0.0186,-0.1162,0.0092
252,5312,108,3,standing,-0.0045,0.7299,-0.0105,0.0009,-0.0225,-0.0201,0.0417,-0.5983,0.037,-0.0238,0.2638,0.0074,0.0091,1.1547,-0.0046,-0.0161,-0.0082,0.0042,0.0241,0.0141,-0.0065,0.0066,-0.0143,-0.0064,0.0221,-0.0031,0.0294,-0.0032,-0.0169,0.0235,-0.0044,0.0313,0.0072,0.004,-0.0189,0.0053,0.0509,2.5598,-0.0058,0.0697,-0.0778,-0.0981,-0.0108,0.0048,0.5054,0.0062,0.0085,-0.0094,-0.0002,1.0473,0.0184,0.1005,0.0237,-0.0188,0.0092,-0.01,-0.0193,0.0079,-0.1014,0.1509,0.0249,0.0232,0.0323,0.0287,-0.2208,-0.0259,0.1127,-0.0199,0.0804,0.0406,-0.1195,0.0173
253,5313,108,3,standing,0.0434,-0.6875,0.0078,0.0219,0.0167,0.0515,-0.0317,0.9444,-0.0339,-0.0769,-0.4361,-0.0696,1.2897,-0.3582,-0.0973,0.0886,0.2342,-0.3795,0.3622,0.3346,-0.2447,-0.2539,-0.2781,0.3053,-0.4572,-0.1502,-0.4094,-0.509,0.5593,-0.4438,-0.1104,0.1018,0.01,0.0003,0.0506,-0.0804,-0.1195,0.6677,-0.0185,0.1307,-0.4954,-0.1009,-0.0161,-0.0001,0.5879,-0.0057,-0.0088,-0.001,0.0247,0.7369,-0.0207,0.607,0.0089,0.0156,0.0076,0.0065,-0.0231,0.0092,-0.0409,0.6474,-0.1122,-0.0249,0.0751,0.3409,-0.3709,0.3457,0.2608,-0.0249,0.0294,-0.3644,-0.3018,0.2802
254,5314,108,3,standing,-0.0022,2.9062,0.0146,0.0095,-0.0092,-0.0216,-0.041,-1.059,0.0773,-0.0328,0.5898,0.0409,0.0947,-0.296,-0.0007,0.0088,0.0091,0.0182,0.0089,0.0001,-0.0155,-0.0064,0.0065,-0.0059,0.0143,0.0045,0.0256,0.0032,-0.0168,0.0154,0.0056,0.0309,0.0067,0.0035,-0.0161,0.0038,0.0886,1.4874,-0.001,0.0566,0.0506,0.1018,-0.0183,0.0084,0.578,0.0049,0.0077,-0.0096,0.015,0.9499,-0.0162,0.0981,-0.0078,0.0247,0.0063,0.0072,-0.0097,-0.0002,0.1009,0.1103,-0.047,0.01,0.0222,0.0291,-0.2202,-0.0585,-0.0806,-0.0249,0.0266,-0.0379,-0.1271,-0.0206
255,5315,108,3,standing,-0.0011,1.5763,0.0009,0.0113,-0.0094,0.0116,-0.0319,-0.8255,0.0435,-0.0245,0.3878,0.059,0.065,0.2074,0.0195,-0.0117,-0.0002,0.026,0.0223,-0.0168,0.0133,-0.0059,0.0049,-0.0046,0.0226,0.0045,0.0247,0.0065,-0.0096,0.0279,-0.0031,0.0296,0.0067,0.0036,-0.0144,-0.0037,-0.0872,0.4788,0.0973,-0.0786,-0.0503,-0.1103,-0.0182,-0.0056,0.588,-0.0069,-0.0048,0.0185,-0.017,0.9773,-0.01,0.1126,0.0176,0.0189,-0.0332,0.0064,0.0175,0.0093,0.0804,-0.1011,-0.0221,0.001,0.0293,0.0333,-0.2202,-0.0451,-0.0373,0.1003,0.0871,-0.0409,-0.1154,-0.0476
256,5316,108,3,standing,-0.0014,0.7942,0.0108,0.0053,-0.0078,-0.009,-0.0082,-0.0973,0.0092,-0.0157,0.0475,-0.0044,0.0625,1.2984,0.0217,-0.0074,-0.0586,-0.0004,0.0328,-0.0245,0.0085,0.0065,-0.0123,-0.0134,0.0238,0.0035,0.0262,0.0159,0.0069,0.0293,-0.0036,0.0285,0.0072,0.006,-0.0163,-0.0038,0.0797,2.4971,0.0247,0.0231,0.0598,0.0508,-0.0188,0.0052,0.5596,-0.0046,0.0056,-0.0151,-0.007,0.9449,-0.0081,-0.1002,-0.0239,0.0195,0.0066,0.0058,0.0164,-0.0061,-0.0266,-0.0476,0.0191,0.0187,0.027,0.0322,-0.2167,-0.0333,0.0599,0.0002,0.0232,0.0332,-0.1017,-0.0085
257,5317,108,3,standing,-0.0022,2.3718,0.0155,0.0514,-0.023,0.0631,0.0426,1.9278,-0.0746,-0.0375,-0.4764,-0.0873,0.237,-0.2985,-0.0936,-0.0004,0.0002,0.0259,0.0373,-0.0504,-0.1004,0.1018,0.0084,-0.0165,-0.059,0.0001,0.0561,-0.02,-0.006,-0.001,0.0035,0.0292,0.0168,-0.0045,-0.0095,0.004,0.1197,-0.5941,0.01,-0.0,-0.1109,0.1126,-0.0172,0.0053,0.575,0.0088,-0.0051,-0.0169,-0.0196,0.9499,-0.0086,0.0296,-0.0074,-0.0189,0.0193,0.0076,-0.0063,0.0066,0.0567,-0.0581,-0.0804,0.0232,0.0294,-0.2609,-0.1308,-0.0355,0.1506,0.0249,0.0222,0.0983,-0.0778,0.0198
258,5318,108,3,standing,0.0065,-0.7802,0.0149,-0.0244,0.001,-0.022,0.0089,0.5916,-0.034,-0.0268,-0.2744,-0.0547,-0.0829,1.2369,-0.0462,0.0084,-0.0922,0.0719,-0.0373,0.0697,0.0506,0.0045,-0.01,-0.0007,0.0542,-0.0166,0.0366,0.0041,-0.0248,0.0568,-0.0072,0.0163,0.0083,0.0037,-0.0153,0.0046,0.0181,2.5796,-0.0092,0.0078,-0.0567,0.0195,-0.0156,-0.0054,0.5874,-0.0064,-0.0088,-0.0077,0.0051,0.986,-0.0052,0.0055,0.0191,0.0161,-0.0173,0.0179,0.009,-0.007,-0.0277,-0.0409,-0.0086,0.0175,0.0252,0.02,-0.2071,-0.0194,0.0587,0.0199,0.0207,0.0475,-0.1103,-0.0209
259,5319,108,3,standing,-0.0045,1.4948,0.0142,0.025,-0.0096,-0.0159,-0.0147,0.5818,-0.0375,-0.0207,-0.2638,-0.0469,0.0931,1.1692,-0.0523,0.0044,-0.0655,-0.0786,-0.0852,-0.2564,-0.0485,-0.0004,0.1014,-0.2474,-0.1197,0.0163,-0.001,0.0509,-0.0082,0.0456,-0.0146,0.0287,0.016,0.0065,-0.0205,-0.009,0.0807,0.7843,-0.0001,-0.02,-0.1005,-0.1103,-0.0062,-0.0053,0.5466,0.0068,-0.0077,-0.0167,-0.0189,0.8511,0.0247,0.1379,-0.0172,0.0239,0.0097,0.0076,-0.0262,0.0373,-0.0449,-0.0947,0.0259,-0.0098,0.0094,0.0335,-0.2162,-0.0395,0.0571,-0.01,0.0188,0.1129,-0.2204,0.0458
260,5320,108,3,standing,-0.0015,2.2988,0.0114,-0.023,-0.0117,-0.035,0.0006,-0.9816,0.0436,-0.0569,0.4296,0.0505,0.0695,1.1886,0.0221,-0.001,-0.0249,-0.0797,-0.0943,0.0809,0.0867,0.0163,0.1014,0.0161,-0.0149,0.0209,0.0279,-0.009,-0.0262,-0.0001,0.0002,0.0296,0.0182,0.0141,-0.0164,-0.0042,-0.0249,0.6857,0.0152,0.0059,0.0085,0.0184,-0.0147,0.0046,0.547,-0.0053,-0.0062,0.0077,-0.0065,0.8955,-0.0075,-0.1129,0.0081,0.0178,-0.0076,0.0092,0.0171,-0.006,-0.0259,-0.078,-0.0173,0.0074,0.0246,0.0194,-0.2244,-0.0276,0.0199,0.0059,0.0179,0.0193,-0.1309,-0.0247
261,5321,108,3,standing,0.0015,-0.7609,0.0114,0.0266,-0.0111,-0.0218,0.041,0.9071,-0.0513,-0.036,-0.4088,-0.0619,-0.0925,1.3681,0.0009,0.01,-0.0846,-0.0508,-0.2064,0.0807,0.2231,0.1127,-0.2441,-0.2968,0.0065,0.02,0.0542,0.0558,0.0198,-0.0189,0.0039,0.0161,-0.0133,0.0034,-0.0149,0.001,0.0002,2.5791,-0.0063,0.0262,0.0409,0.0083,-0.0167,0.0052,0.5399,0.0055,-0.0078,-0.0082,-0.0194,0.867,0.0162,0.0169,0.0075,-0.0185,-0.0095,-0.0059,0.0179,-0.008,0.0096,-0.0187,-0.0001,0.0173,0.0294,0.0223,-0.1992,-0.0576,0.0571,-0.009,0.0268,0.0292,-0.1504,-0.0206
262,5322,108,3,standing,-0.0012,1.6049,-0.0105,0.0006,-0.0069,-0.0224,-0.0313,-1.0871,0.0462,-0.0476,0.5262,0.0335,0.0793,-0.2976,-0.0059,0.0232,-0.001,-0.0168,0.0645,0.0506,-0.0023,-0.0033,-0.004,-0.0026,0.0946,-0.0041,0.0293,0.0189,-0.0206,0.0002,-0.0065,0.0309,0.0186,0.0044,-0.0082,0.0058,0.019,2.8867,0.0195,0.01,-0.0803,0.02,-0.0061,-0.0056,0.5784,-0.0047,-0.0054,-0.0153,-0.0072,0.9955,-0.0078,0.1129,0.0164,-0.0074,-0.0087,0.0194,0.0247,-0.0063,-0.0277,0.0598,-0.0092,0.0166,0.0229,0.0575,-0.2244,-0.1008,0.0395,0.0077,0.0179,0.0287,-0.1306,-0.0434
263,5323,108,3,standing,-0.0065,1.6379,-0.0108,0.0421,-0.0256,0.0329,-0.0232,-1.0947,0.0792,-0.0637,0.5813,0.0546,-0.1542,-0.3374,-0.0225,-0.0007,0.0059,-0.0141,0.001,0.0085,0.0002,0.0043,-0.0066,-0.0221,0.0089,0.0164,0.0296,0.0031,-0.0247,0.0082,-0.0044,0.029,0.0095,0.0038,-0.0172,0.0045,-0.0505,2.4854,0.007,0.0169,0.1017,-0.1106,-0.0049,-0.0052,0.5775,0.0088,0.0062,-0.0063,-0.0194,0.7871,0.0067,0.1197,-0.0086,0.0156,-0.0081,0.0191,0.0073,0.0083,0.01,0.0373,0.0222,0.0252,0.0229,0.0262,-0.2207,0.0179,-0.0799,0.0001,0.0093,0.0299,-0.118,-0.0584
264,5324,108,3,standing,-0.0016,1.3232,0.0217,0.0195,-0.0182,-0.0008,-0.0325,-1.0842,0.0611,-0.0466,0.4862,0.0569,0.0785,-0.3041,0.006,0.0059,-0.0192,-0.0188,0.009,0.0154,-0.0043,-0.0078,0.0044,-0.0129,0.0136,-0.0035,0.0259,-0.0032,-0.0072,0.0196,-0.0046,0.038,0.007,0.0047,-0.0189,0.0058,0.0268,0.6598,-0.001,-0.0155,-0.0971,-0.0505,-0.0161,-0.0049,0.5443,-0.0067,-0.0063,-0.0186,-0.0175,0.9604,-0.0093,-0.0803,-0.0064,0.0223,-0.0173,0.0174,0.0077,0.0099,-0.0275,-0.0594,-0.0191,0.0076,0.0081,0.0294,-0.2304,-0.0187,0.0597,0.0084,-0.0186,0.0465,-0.1004,-0.0065
265,5325,108,3,standing,-0.0019,0.7382,0.0123,0.0059,-0.0189,0.0056,-0.0259,-0.8273,0.0434,-0.0262,0.389,0.0698,-0.0788,0.3543,0.0214,0.0069,-0.0344,0.0161,0.056,0.0946,-0.0009,-0.0207,0.0045,0.0235,0.0286,0.0132,0.0289,0.015,-0.0174,0.0278,-0.0031,0.0375,0.0091,0.0155,-0.0185,0.0057,-0.0505,1.4972,0.0892,0.001,0.1006,-0.0002,-0.0067,0.0068,0.5873,0.0065,-0.0064,-0.0066,0.0001,0.9799,-0.0078,-0.1015,-0.0095,0.0193,0.01,-0.0087,0.0086,0.0163,-0.0804,-0.0476,-0.0796,0.0184,0.0223,-0.0979,-0.2609,-0.0335,0.0171,0.0182,0.0294,0.0451,-0.1481,-0.02
266,5326,108,3,standing,0.0069,1.7406,-0.0118,0.0073,-0.0088,-0.0232,-0.0315,0.5542,-0.0335,-0.0416,-0.2408,-0.056,0.0633,1.2362,-0.023,0.0085,-0.0256,-0.0961,-0.0786,0.0509,0.0008,-0.0249,-0.0253,0.0568,0.0063,-0.0149,0.0262,0.0143,-0.0078,0.02,-0.001,0.0285,0.0189,0.0059,-0.0098,0.0036,-0.0807,2.3979,-0.0259,-0.1015,0.1109,0.0409,-0.0082,-0.0066,0.545,-0.0065,-0.0072,-0.0084,-0.0056,0.9975,0.0206,0.1199,-0.0231,0.0164,-0.0276,0.0091,0.0176,0.0221,0.0692,-0.048,-0.1002,-0.0171,0.0222,0.0708,-0.2162,-0.1506,0.0915,0.0002,-0.0223,0.1129,-0.0608,0.0751
267,5327,108,3,standing,-0.0018,1.651,-0.0067,0.0112,-0.0007,-0.0002,-0.0123,0.5591,-0.0461,-0.0314,-0.2406,-0.055,-0.023,1.3572,0.0056,0.0052,-0.0042,-0.0063,0.0188,0.0082,-0.0069,0.0026,-0.004,-0.0084,0.0149,-0.0041,0.0296,-0.0078,-0.0066,0.0287,-0.0046,0.0291,0.0095,0.0074,-0.0136,-0.0043,-0.0845,2.0797,-0.0983,0.119,-0.1309,0.01,-0.0151,-0.009,0.538,-0.007,-0.0058,-0.0087,0.0189,0.9896,0.0194,0.0373,-0.016,0.0085,-0.0092,0.0086,0.0207,-0.0181,-0.0508,0.1017,0.0868,-0.0075,-0.0262,0.0335,-0.2207,-0.0806,0.0977,-0.1004,0.0073,0.0793,-0.1124,-0.1502
268,5328,108,3,standing,-0.0111,-0.7862,0.0085,0.0076,0.0009,-0.0327,0.028,0.5969,-0.0273,-0.0166,-0.2698,-0.0546,0.0931,-0.1786,0.0042,0.0002,-0.0434,-0.0775,0.0823,-0.0625,0.0508,0.0249,0.1017,-0.0476,0.0209,0.0245,0.0349,-0.0168,-0.0247,0.0097,-0.001,0.0278,0.0136,0.0074,-0.0158,0.009,-0.1008,1.3882,0.0809,-0.0155,0.1505,-0.02,-0.0044,0.0051,0.5765,0.0072,-0.0063,0.006,0.0221,0.8973,0.007,0.0856,-0.0064,-0.0094,-0.0179,0.0092,0.0195,0.0191,0.0458,-0.0884,0.1126,0.01,0.1195,0.6781,2.7788,-0.2164,0.0449,0.0223,0.0193,-0.0872,0.5335,-0.1308
269,5329,108,3,standing,-0.0067,1.4863,0.0119,-0.0246,-0.0002,-0.0418,-0.0528,-1.0943,0.0791,-0.0696,0.5716,0.0409,-0.1469,0.3092,-0.0884,0.0085,-0.1017,-0.0225,-0.2047,-0.2489,-0.0323,0.1129,-0.1504,-0.1005,-0.0262,-0.0008,0.0363,0.0504,-0.0803,-0.0476,-0.0161,0.0094,0.0188,0.0174,-0.0201,-0.0168,-0.0277,0.5042,-0.0239,0.0179,0.1106,-0.1307,-0.0078,-0.0052,0.5865,-0.0062,-0.008,-0.0086,-0.0098,0.9123,-0.0077,0.089,0.0166,0.0055,0.0072,0.0199,-0.0173,-0.0237,0.0335,0.0793,-0.0408,0.0171,0.0259,0.1199,-0.2244,-0.0455,0.0466,-0.0197,0.0373,0.0195,-0.2207,0.01
270,5330,108,3,standing,-0.0011,1.5836,-0.0115,0.0213,-0.0074,-0.0043,0.0249,-1.0792,0.0549,-0.0626,0.5085,0.0447,0.0005,0.3541,-0.0002,-0.0103,-0.0075,0.0123,0.009,0.0122,-0.0008,-0.0109,-0.007,-0.0088,0.008,-0.0045,0.0268,0.0065,-0.0094,0.0259,-0.0069,0.0287,0.0063,0.0044,-0.0164,0.0055,0.0438,2.6053,-0.0001,0.0042,-0.0872,-0.0458,-0.0152,-0.0068,0.4898,0.0051,-0.0054,-0.0077,-0.0097,1.0509,-0.0205,-0.1002,-0.0181,-0.0086,0.0207,0.0056,0.0087,0.0222,-0.0332,0.0355,0.0286,0.0173,0.0298,0.0191,-0.2156,-0.0262,0.0398,-0.0076,0.0273,0.0189,-0.1508,-0.0209
271,5331,108,3,standing,-0.0133,-0.727,0.0011,-0.0518,-0.0412,-0.0617,-0.0315,0.5986,-0.0774,-0.0388,-0.2968,-0.0895,-0.1396,-0.1472,0.0925,0.0005,0.1955,-0.2041,-0.2266,0.2862,0.3469,-0.3694,-0.2782,0.025,-0.0658,-0.0809,0.0508,-0.1127,-0.0149,-0.0449,-0.001,-0.016,0.0185,0.0145,-0.0002,0.0205,0.3776,1.3946,-0.4089,0.2208,0.447,-0.1002,-0.01,-0.0048,0.5892,0.0047,-0.0053,-0.0054,-0.0181,0.9799,0.0247,0.8878,0.02,0.0064,-0.0276,0.0239,0.0465,-0.0335,0.3009,0.3013,0.1303,0.1192,0.0408,2.809,-0.1018,-0.7783,-0.1108,-0.3457,0.2507,-0.3805,-0.7579,0.3605
272,5332,108,3,standing,-0.0142,1.5335,-0.0046,0.0549,-0.045,-0.0811,-0.038,-1.0933,0.0699,-0.0773,0.5276,0.0548,0.2957,-0.3675,-0.0509,0.0216,0.1859,-0.239,-0.2485,0.206,-0.2598,0.2264,0.2863,-0.3886,0.2783,-0.0009,0.0809,-0.3578,-0.3974,0.3094,0.0044,0.0156,0.0161,-0.0184,-0.0209,-0.0222,0.1509,2.7065,-0.0001,0.0355,-0.0409,0.1192,-0.0047,0.0055,0.5869,0.0066,0.0091,-0.0088,-0.0151,0.7705,-0.001,-0.2803,-0.0002,0.0247,0.0246,0.0262,0.0577,-0.0335,-0.1011,-0.2165,0.0589,0.0067,0.0196,0.0982,-0.2503,0.0179,0.0887,-0.0176,0.0259,-0.0171,-0.1129,-0.0373
273,5333,108,3,standing,-0.0005,1.3074,-0.0044,0.0143,-0.0084,-0.0324,-0.0215,0.5594,-0.0241,-0.0245,-0.2633,-0.0414,-0.0585,1.3825,-0.0069,0.0249,-0.0222,0.0188,0.0002,0.0106,-0.0078,0.0042,0.0046,-0.0221,0.0075,-0.0066,0.0294,0.0037,-0.007,0.0107,-0.0065,0.0291,0.0059,0.0072,-0.0109,-0.004,0.0895,-0.5849,0.001,0.0247,0.0508,0.0092,-0.0148,-0.0057,0.5464,0.0067,0.0068,0.0083,0.0189,0.9775,-0.0093,-0.1015,0.0179,-0.0199,0.0186,0.0181,-0.0077,0.0248,-0.1003,-0.0335,0.0163,0.008,0.0182,0.0173,-0.2208,-0.0328,0.0322,0.0176,0.0187,0.0273,-0.1496,-0.0373
274,5334,108,3,standing,-0.0104,2.6336,0.0094,0.0375,-0.0581,0.0245,-0.0631,-0.4918,0.0985,-0.0715,0.2542,0.0813,0.2968,1.3692,-0.1654,0.1723,-0.2269,-0.394,-0.3463,-0.209,0.2458,-0.3846,0.455,0.2653,-0.2898,0.0485,-0.0005,0.3544,0.023,-0.0807,0.0276,0.0504,0.0166,-0.0159,-0.0206,-0.006,0.0091,-0.43,0.001,-0.02,0.1192,-0.1122,-0.0189,-0.0061,0.4782,-0.0065,-0.0084,0.0167,-0.0248,1.5595,0.0057,0.8097,-0.0222,-0.0187,-0.027,-0.01,0.0434,0.0335,-0.1002,0.6471,-0.1018,0.0088,0.1104,-0.7096,-0.2164,-0.1302,0.0076,0.0328,0.0239,0.0094,-0.2209,-0.0209
275,5335,108,3,standing,-0.0035,1.6334,0.0106,0.0461,-0.0069,0.0325,-0.0214,-1.1572,0.0594,-0.059,0.4912,0.0788,0.0828,-0.2697,0.0085,-0.0019,0.0266,-0.0009,-0.0077,0.0931,0.0038,0.0059,0.0078,-0.0066,-0.0142,0.0046,0.0279,0.0041,-0.0158,0.0232,0.0064,0.0286,0.0086,0.0065,-0.0156,0.0045,0.0277,-0.7947,-0.0039,-0.0207,0.0505,-0.0074,-0.0151,-0.0075,0.5499,0.0067,-0.005,-0.0052,0.0206,0.688,0.0195,-0.0191,-0.0201,0.0196,-0.0237,0.0162,0.025,0.0256,0.0084,-0.1199,0.0002,0.0228,0.0259,0.0291,-0.1792,-0.0098,0.0182,0.0222,0.0073,0.057,-0.1121,-0.0583
276,5336,108,3,standing,-0.0108,2.5134,0.0049,0.0465,-0.0002,-0.0328,-0.0214,-0.9444,0.0694,-0.0515,0.4223,0.0791,0.1925,1.3547,0.0247,0.0009,0.0931,-0.0143,-0.1005,0.2396,-0.2485,0.1013,0.2953,-0.1129,0.2768,-0.0803,0.0508,0.3063,-0.1505,0.4488,0.0266,0.0573,-0.001,0.0146,-0.007,-0.0238,0.1108,0.6039,0.0001,-0.01,0.0181,0.0332,-0.0151,-0.0059,0.5764,-0.005,0.009,0.0054,-0.0092,0.9355,-0.0077,0.0075,-0.0239,-0.0089,-0.0231,0.0066,0.0082,0.0062,0.0698,0.0485,-0.0697,0.0273,0.0078,0.0476,-0.2508,0.0373,0.0332,0.0249,0.0074,0.0083,-0.1192,-0.0207
277,5337,108,3,standing,0.0132,-0.8191,0.0059,0.0584,-0.0326,-0.0411,0.028,0.5549,-0.0245,0.0006,-0.2789,-0.0895,-0.1469,-0.3891,-0.0645,-0.0046,0.1894,-0.0925,0.0796,-0.2392,-0.0803,-0.2862,0.1012,-0.2943,-0.0509,-0.027,0.0388,-0.1122,-0.1105,-0.016,0.0044,0.01,0.001,-0.0064,-0.0186,0.0072,-0.0001,1.4056,-0.0041,0.0077,-0.1003,0.0002,-0.0088,-0.0051,0.575,0.0061,-0.009,-0.0058,-0.0167,0.7954,-0.0153,-0.2169,-0.0078,-0.0083,-0.0076,0.007,0.0165,0.0098,-0.1303,-0.1506,0.0085,0.0171,0.0181,0.0465,-0.2202,-0.0766,0.039,-0.0082,0.0273,0.0394,-0.1199,-0.0262
278,5338,108,3,standing,-0.0045,0.6379,-0.0107,0.0268,-0.009,-0.0327,-0.0273,0.6692,-0.0335,-0.0178,-0.3386,-0.055,-0.0896,1.2695,0.0434,0.0218,-0.0271,0.0625,0.0146,0.0238,-0.0055,-0.0008,0.0059,0.0032,0.0957,-0.0042,0.0373,-0.0503,-0.0074,0.0807,-0.0041,0.0305,0.0072,0.0047,-0.0149,-0.0044,0.0222,-0.3839,0.0245,0.0053,0.0001,-0.0002,-0.0156,-0.0058,0.5408,-0.0052,0.0077,-0.0082,-0.0233,0.9799,0.0231,-0.1107,-0.0229,0.01,0.007,0.0083,-0.0091,-0.0189,0.1008,0.0446,0.0259,0.0206,0.0181,0.0164,-0.1698,-0.0332,0.0355,0.0262,0.0223,0.0094,-0.1018,-0.0462
279,5339,108,3,standing,0.0015,-0.9084,0.0133,0.0159,0.0155,-0.0344,0.0065,0.3797,-0.0246,-0.0373,-0.1142,-0.0461,-0.1869,-0.2686,0.0092,-0.0516,0.0632,-0.0719,0.0928,0.0214,0.0259,-0.0085,-0.0009,-0.0002,0.0209,-0.0509,0.0803,0.1017,-0.0546,0.1121,-0.001,0.0547,0.0078,0.0068,-0.0066,0.0252,0.1002,1.3943,-0.0082,0.02,0.0794,0.0973,-0.0074,-0.0049,0.5445,-0.0058,-0.0088,-0.009,-0.0056,0.9458,0.0162,-0.1199,0.01,-0.0172,-0.0077,0.0087,0.0083,0.0256,-0.0575,-0.1302,-0.037,0.0196,0.0223,0.0195,-0.2489,-0.0567,-0.0191,-0.0081,0.027,-0.0451,-0.118,-0.0076
280,5340,108,3,standing,-0.0069,1.3265,0.0005,0.0103,-0.0108,-0.028,-0.0468,-1.0717,0.055,-0.0694,0.5943,0.0922,0.1536,0.3095,0.0266,0.0055,0.0002,-0.0084,0.0231,-0.0132,0.001,0.0001,-0.0503,0.0075,-0.0232,0.0026,0.0289,0.0063,0.0235,-0.0074,-0.0033,0.0312,0.0097,0.0072,-0.0142,0.0065,0.0151,0.4761,0.0046,0.0083,0.02,-0.0188,-0.0152,-0.007,0.5899,-0.0053,-0.0062,0.0073,-0.0078,0.7792,-0.0057,0.0277,0.0202,-0.0079,-0.0205,-0.0089,0.0191,-0.0085,-0.019,-0.1011,0.0096,0.0222,0.0164,0.0213,-0.1881,-0.0259,0.0332,0.0098,0.0182,0.0293,-0.1306,-0.0076
281,5341,108,3,standing,0.0012,-0.7369,0.0004,0.0107,-0.0059,-0.0149,0.0249,0.9236,-0.0435,-0.0013,-0.4296,-0.0516,0.0224,1.1494,-0.0046,0.0058,-0.0241,0.0182,0.0164,0.0084,-0.0088,-0.0041,0.0023,-0.0033,0.0235,-0.0032,0.0399,0.0042,-0.0166,0.0277,-0.0056,0.0292,0.0069,0.0063,-0.0152,0.0051,-0.0508,2.384,-0.0002,0.0178,-0.0898,0.067,-0.0154,0.0045,0.5586,-0.008,0.005,0.0096,-0.0247,0.9458,0.01,-0.0985,-0.0237,-0.0161,0.0074,0.0245,-0.046,0.0083,-0.0172,-0.0456,0.0175,0.0089,0.0256,-0.0409,-0.2502,0.02,0.0595,0.019,0.0222,0.0355,-0.1305,-0.0573
282,5342,108,3,standing,-0.0016,1.4277,-0.011,0.025,-0.0172,0.0009,-0.0222,-0.9414,0.0549,-0.0329,0.4575,0.0613,-0.0723,0.368,0.0019,0.0041,-0.0428,0.0221,0.0232,0.0245,-0.0002,0.0046,0.0084,-0.0082,0.0063,-0.0035,0.0291,-0.0032,-0.0174,0.0186,-0.0039,0.0303,0.0164,0.0034,-0.0195,0.0069,-0.094,2.6689,-0.0201,-0.0509,0.0873,0.01,-0.0153,-0.0048,0.5565,-0.0068,-0.0059,-0.0078,-0.0001,0.9856,0.0181,-0.1509,0.0162,0.0157,-0.0093,0.0192,0.0097,0.0259,0.0373,0.0199,-0.0185,0.0077,0.0268,0.009,-0.2202,-0.0514,0.0079,-0.0241,-0.0187,0.0231,-0.1199,-0.0183
283,5343,108,3,standing,0.0013,-0.7446,0.0108,0.021,0.0096,-0.0009,0.0433,0.5942,-0.037,-0.0594,-0.2684,-0.0695,0.1466,0.2943,-0.0764,-0.001,-0.0947,-0.0169,0.256,0.3489,-0.239,-0.3536,-0.2785,0.3057,0.0505,0.0063,0.034,-0.01,-0.0276,-0.0245,-0.0045,0.0295,0.0098,0.0074,-0.0158,0.0038,-0.0257,1.675,0.0172,0.0238,-0.1006,0.0408,-0.0065,-0.0056,0.5385,-0.0068,-0.0062,-0.0086,-0.0055,0.7187,-0.0161,0.1198,0.0188,0.0083,0.0097,-0.0081,0.0192,-0.0193,-0.1102,-0.0091,0.0587,0.018,0.0221,-0.1509,-0.2241,0.0458,0.0485,0.0179,0.0259,0.0294,-0.1121,0.0573
284,5344,108,3,standing,-0.0015,1.2969,-0.0106,0.0009,-0.0065,-0.031,0.0237,0.4787,-0.0277,-0.0462,-0.2297,-0.0594,0.0143,1.1866,-0.0064,0.0085,-0.0092,0.0247,0.0232,-0.028,-0.0041,0.0035,0.0108,-0.006,0.0253,-0.0038,0.0293,-0.0032,-0.0207,0.0159,-0.0037,0.0303,0.0078,0.0034,-0.0157,0.0049,0.0971,2.6776,0.077,0.0259,-0.1198,-0.0484,-0.0074,-0.0055,0.5893,0.0072,-0.0048,0.0075,-0.0052,0.9777,-0.0056,0.1003,0.0179,0.001,0.0188,0.0063,-0.0068,-0.0223,-0.0206,0.1014,0.0561,0.0239,0.0296,0.1129,-0.2244,-0.0804,0.1309,0.0096,0.0379,-0.1107,-0.1284,-0.0468
285,5345,108,3,standing,-0.0108,1.427,0.0075,0.0008,-0.0119,-0.0465,0.035,0.5818,-0.059,-0.0159,-0.2768,-0.0698,-0.1421,1.3695,-0.0957,-0.0506,0.0764,-0.0216,0.1191,-0.227,0.0803,-0.2349,0.2446,0.2693,-0.1003,-0.001,0.1104,-0.1305,-0.0166,0.1124,0.02,0.0594,0.0001,-0.0135,-0.008,0.0205,-0.1015,-0.4862,0.0266,-0.0363,0.0456,0.0408,-0.0147,0.0069,0.5578,0.006,0.0051,-0.0092,-0.0268,0.9956,0.01,-0.1503,-0.0053,0.0054,0.0083,-0.0086,0.0077,0.0084,-0.0067,-0.0563,-0.0,0.0231,0.0173,-0.0585,-0.2257,-0.0181,0.0096,0.0079,0.0206,0.0176,-0.1111,-0.0238
286,5346,108,3,standing,0.0018,-0.751,0.0119,0.026,0.0159,-0.0311,0.0192,0.9348,-0.0547,-0.0462,-0.4234,-0.0485,0.0798,-0.1474,0.0961,-0.0008,-0.0872,0.0231,0.0623,-0.0506,0.0002,-0.01,0.0594,-0.0277,0.0807,0.0001,0.0262,0.001,-0.0,0.0277,-0.0065,0.0278,0.0063,-0.0042,-0.0195,-0.0049,0.1194,1.3941,-0.0567,-0.0286,-0.4857,-0.4482,-0.0168,0.0053,0.5546,0.0058,-0.0086,-0.005,0.0154,0.6966,-0.007,0.0289,0.0239,0.0056,0.0084,0.0164,-0.0079,0.0266,0.0983,0.1003,-0.1104,0.019,0.0456,0.2258,-0.2307,-0.1122,0.2209,-0.0099,-0.0222,0.1509,-0.1014,-0.0332
287,5347,108,3,standing,-0.0033,2.4236,0.0517,0.1206,0.0172,-0.1344,0.047,-1.0867,0.0947,-0.0766,0.5886,0.0803,1.1463,-1.3891,-0.2392,0.2694,0.3525,-0.2857,-0.3424,0.229,-0.3068,-0.2774,-0.458,0.3949,-0.2983,0.3685,-0.3788,0.4095,0.6497,-0.4884,0.035,0.0216,0.0165,0.0003,-0.0503,0.02,0.1506,0.4655,-0.01,-0.0002,0.0395,-0.0556,-0.0181,-0.0069,0.5375,0.0078,-0.0077,-0.0054,0.0182,0.966,0.0099,-0.1012,0.0187,-0.0061,0.0223,-0.0093,0.0189,-0.0159,0.0373,-0.1308,0.0456,-0.0073,-0.0408,-0.0698,-0.2166,0.0408,-0.1129,-0.001,-0.0001,-0.1106,-0.1199,0.0451
288,5348,108,3,standing,-0.0022,1.5562,-0.0116,0.0094,-0.0166,-0.0207,-0.0219,0.9607,-0.0549,-0.0461,-0.4143,-0.0447,0.0324,1.3697,-0.0115,-0.0008,-0.0089,0.0249,0.0075,-0.0106,0.0141,0.0069,-0.0063,-0.009,0.0078,0.0044,0.0279,-0.0108,-0.0186,0.0182,0.0051,0.0294,0.0067,0.0074,-0.0139,0.0058,0.0764,2.684,0.0256,-0.0971,0.0408,-0.0505,-0.0046,0.0047,0.5084,-0.0048,0.006,-0.0065,0.0231,0.8891,-0.01,0.1195,-0.0232,0.0057,0.0095,0.0198,0.0077,0.0002,-0.0183,-0.0335,-0.0185,0.0196,0.017,-0.0187,-0.2244,-0.0247,0.0399,0.02,-0.0179,0.0353,-0.1103,-0.0193
289,5349,108,3,standing,-0.0007,0.669,-0.0113,0.0074,-0.0078,-0.0247,0.031,0.5594,-0.0433,-0.0549,-0.2697,-0.0508,0.1606,1.1542,-0.0146,-0.0217,-0.0232,-0.001,0.0845,-0.0722,0.0958,-0.1122,-0.2396,-0.2463,0.0098,-0.0084,0.047,-0.0205,-0.027,0.0088,-0.0041,0.0279,0.0092,0.0072,-0.0154,0.0044,0.0254,2.3976,0.0206,0.0408,0.1505,0.0476,-0.0189,-0.0065,0.4869,-0.0059,0.0086,-0.0087,0.0067,1.5799,-0.0156,0.101,-0.006,-0.0162,-0.0001,-0.0085,0.0164,-0.0079,0.1108,0.0982,0.0071,0.0183,0.0223,0.1198,-0.2805,-0.0807,-0.0891,0.0222,0.0466,-0.0433,-0.148,0.0332
290,5350,108,3,standing,0.0115,-0.7299,-0.0084,0.0411,0.0008,-0.036,0.0549,0.9355,-0.0788,-0.0697,-0.4042,-0.0973,0.169,-0.2681,0.0082,0.0856,-0.0503,0.022,0.1198,0.2362,-0.1014,0.1102,0.2559,0.2469,0.0804,0.001,0.0598,0.1122,0.1005,0.1308,-0.0002,0.02,0.0095,0.0074,-0.0165,-0.01,0.0086,1.3963,0.1506,0.0332,-0.2209,0.0967,-0.0078,0.0052,0.5885,-0.0064,-0.0072,0.0075,-0.0092,0.9604,-0.0157,0.5583,-0.0061,0.0076,-0.0247,-0.0194,0.0189,-0.0238,0.0456,-0.2603,0.0196,0.0566,-0.0079,-0.1371,-0.2163,-0.0091,0.0335,0.1499,0.0373,0.1027,-0.2252,0.0332
291,5351,108,3,standing,-0.0105,1.5398,0.0096,0.0434,0.009,0.0314,0.0008,0.5941,-0.0216,-0.0245,-0.2675,-0.0458,-0.0645,1.2957,0.0164,0.0002,-0.0849,0.0721,0.0942,0.0803,0.0507,-0.2325,-0.1121,0.2894,0.1102,-0.0259,0.01,0.0531,-0.0373,0.0476,-0.0205,0.0273,0.0286,0.0293,0.0163,0.0065,0.02,0.5886,-0.1005,-0.1014,-0.0708,0.0451,-0.0091,0.0069,0.5468,0.0072,0.0088,-0.0052,-0.0238,0.9153,-0.0062,-0.1506,-0.001,-0.0195,-0.0092,-0.0223,0.0262,-0.0066,0.0077,0.0582,-0.0178,0.0237,0.0292,-0.0406,-0.2163,-0.0451,-0.068,-0.0266,-0.0277,-0.0407,-0.1191,0.0585
292,5352,108,3,standing,-0.0119,1.3386,-0.0082,0.0712,0.0461,0.0005,-0.0811,-1.0918,0.0581,-0.0694,0.5726,0.0447,-0.1344,0.3546,-0.1696,-0.025,0.0345,0.2375,0.2553,-0.3084,-0.3968,-0.3872,-0.2898,-0.4041,0.2949,-0.1503,0.1126,-0.0807,0.0505,0.4842,-0.0222,0.0408,-0.0002,-0.0169,-0.0088,-0.01,-0.1192,-0.5543,-0.1102,-0.101,0.598,0.0085,-0.0089,0.0047,0.5499,0.0063,-0.0058,-0.0092,0.0056,0.7879,-0.001,-0.2203,0.0166,0.0091,-0.0207,0.0077,-0.0237,-0.0277,0.0642,0.0708,0.1373,0.0468,-0.0974,0.649,-0.6783,0.2251,0.2604,0.057,-0.0408,0.2807,-0.3459,-0.1305
293,5353,108,3,standing,0.0011,-0.7161,0.0105,-0.0072,0.0113,-0.0082,0.031,0.4917,-0.0464,-0.0273,-0.265,-0.0695,0.0775,-0.0885,-0.026,-0.0006,-0.0235,-0.0088,0.0174,0.0001,0.001,0.0146,0.0143,-0.0094,0.0165,-0.0035,0.0286,-0.0031,-0.0161,0.0256,-0.0041,0.0287,0.0096,0.0042,-0.0168,0.0058,-0.0947,1.4867,0.0239,0.0285,-0.1106,0.0002,-0.0059,0.0056,0.5445,0.0092,-0.0063,-0.0173,0.0259,0.9444,-0.0232,0.0505,-0.0223,0.0087,-0.0079,0.0081,0.0268,0.0206,0.0889,-0.0458,0.0562,0.0253,0.0091,0.008,-0.2169,-0.0976,0.0451,0.0245,0.0098,0.0586,-0.1126,0.0184
294,5354,108,3,standing,0.0116,-0.7406,0.0082,-0.0375,-0.0225,-0.0277,0.0461,0.5094,-0.0512,-0.0049,-0.2496,-0.0491,-0.1479,1.3746,-0.1541,-0.0791,-0.0843,0.0955,0.0458,0.0406,0.0634,0.0006,-0.0262,0.1103,0.0276,0.0508,0.0456,0.1009,0.1018,0.0369,-0.0585,0.0273,0.0157,0.0239,-0.0468,0.0567,0.1306,2.6962,-0.0074,0.0291,-0.0495,-0.0764,-0.0159,-0.0044,0.5899,-0.0051,-0.0052,-0.0054,-0.0207,0.8966,0.0072,-0.6081,-0.0092,0.0235,-0.009,-0.0065,0.0087,0.0088,-0.3006,-0.1194,-0.0947,0.001,0.02,-0.0803,-0.2508,0.057,0.0086,-0.027,0.0084,-0.0002,-0.2166,-0.0475
295,5355,108,3,standing,-0.0017,0.6612,-0.0111,0.0115,-0.0092,-0.0141,0.0326,-0.818,0.0437,-0.0247,0.3962,0.0513,0.0849,1.3691,-0.0216,0.0004,-0.0221,-0.0085,0.0947,0.0761,-0.0627,-0.0205,-0.0807,-0.0504,0.0276,-0.001,0.0344,0.0168,-0.0089,0.0291,-0.0065,0.0298,0.0135,0.0063,-0.0182,0.0058,-0.01,0.3881,-0.0002,-0.0155,0.0157,-0.0183,-0.009,-0.0045,0.5399,-0.005,0.006,-0.0052,0.0173,0.9769,-0.0074,-0.1199,-0.0098,0.0194,0.0193,0.0075,0.0084,-0.0256,-0.0001,-0.0379,0.0067,0.0176,0.0232,0.0172,-0.2207,-0.0187,0.0373,0.0178,0.0231,0.0294,-0.1106,-0.0287
296,5356,108,3,standing,-0.0112,1.5396,0.0065,-0.0818,-0.0598,-0.0953,-0.023,-1.2378,0.0619,-0.0784,0.589,0.0469,0.1345,-0.3376,-0.1715,-0.0324,0.0007,0.2986,0.2094,0.2697,-0.2543,0.2874,0.2744,0.406,-0.3846,-0.1003,-0.3536,0.3962,-0.4842,0.3475,-0.0455,0.1507,-0.0505,-0.0807,0.1012,-0.01,-0.0708,2.5085,0.1309,-0.1122,0.4964,-0.2205,-0.0066,-0.001,0.577,0.0059,-0.0068,-0.0096,0.0206,0.8967,-0.0223,0.878,-0.0273,0.0247,0.0073,0.0061,-0.0082,-0.0002,-0.1197,0.7988,0.3002,0.0893,-0.3015,-0.3503,4.7792,-0.9599,0.4013,0.1102,0.0943,-0.4677,0.3458,0.3991
297,5357,108,3,standing,-0.0117,1.5379,0.0082,0.0344,-0.0009,-0.0718,0.0416,-1.0512,0.0896,-0.0936,0.5043,0.0697,0.1595,0.2378,-0.023,0.0238,-0.0192,0.0508,-0.01,0.0245,-0.0001,-0.0046,-0.0244,0.0164,-0.0222,-0.0026,0.0294,0.0094,-0.0098,-0.0293,-0.0039,0.0309,0.0075,0.0041,-0.0167,0.0137,0.034,2.3856,-0.0052,0.0231,-0.0172,-0.0158,-0.0053,0.0066,0.548,0.0068,0.0063,-0.006,-0.0169,0.8877,-0.0183,-0.027,-0.007,0.0089,-0.0184,-0.0165,0.0076,-0.0059,0.0462,0.1019,-0.0002,0.019,0.0187,0.0262,-0.2506,-0.0174,0.0287,0.0071,0.0247,0.0291,-0.1507,-0.0207
298,5358,108,3,standing,-0.0019,1.6567,0.0113,-0.0322,-0.0059,-0.0189,-0.059,-1.0878,0.0626,-0.0543,0.5088,0.046,-0.0761,-0.1531,0.0216,-0.0005,-0.0962,0.0092,0.0174,0.0508,-0.0238,0.0168,-0.0186,0.0237,0.0185,-0.0147,0.0277,0.0198,-0.0042,0.0222,-0.0069,0.0364,0.0155,-0.0056,-0.0095,-0.0072,0.001,2.7587,-0.0001,0.0291,-0.1105,0.0093,-0.0149,-0.0048,0.5782,0.0051,-0.0052,-0.0058,0.01,0.9475,0.0002,-0.1303,-0.0196,0.0091,-0.02,0.0084,0.0223,0.0097,-0.1015,0.1126,0.0247,0.0163,0.0294,-0.1505,-0.2609,-0.0804,0.0799,0.008,0.017,0.0581,-0.1198,0.027
299,5359,108,3,standing,-0.0109,1.5695,0.0089,0.0326,-0.0225,-0.0007,-0.0592,-1.1294,0.0466,-0.0697,0.5811,0.0874,-0.2482,-0.2741,-0.1568,0.0796,-0.0503,-0.0807,-0.204,0.2384,0.1103,0.2234,0.335,0.2962,-0.1304,0.101,0.1192,-0.1509,0.3067,-0.1005,0.0002,-0.0273,0.001,-0.0164,-0.0065,0.0063,0.3898,2.4795,-0.397,0.2163,-0.4954,-0.4542,-0.0185,-0.01,0.5783,-0.009,0.0186,0.0059,-0.02,0.7961,-0.0,0.0177,-0.0202,0.0087,-0.0076,-0.0178,0.0266,0.0239,-0.0585,-0.0608,0.3459,0.1122,0.2246,-0.6971,-0.2309,0.2258,0.2608,-0.3648,0.301,0.2207,0.0458,-0.3704
300,5360,108,3,standing,0.0113,-0.7475,0.0046,0.0005,0.0047,0.0078,0.0169,0.5949,-0.0211,-0.032,-0.2692,-0.0514,-0.0717,1.3567,0.0256,0.0002,0.085,0.0627,0.0955,-0.0436,0.0247,0.0508,0.0259,0.0803,0.0409,0.0245,0.0276,0.0249,-0.0207,0.0084,-0.0142,0.0164,0.0157,-0.0161,-0.0095,-0.0037,-0.1122,2.7789,-0.1199,0.0586,-0.1005,-0.2208,-0.0093,-0.001,0.5399,-0.0068,-0.0088,-0.0098,-0.0194,0.7387,-0.0152,-0.059,0.0221,0.0081,-0.0266,-0.0091,0.0335,-0.0001,0.0771,-0.1109,-0.0873,-0.101,0.0565,-0.2803,-0.8085,-0.1303,0.0576,-0.01,-0.0179,0.0083,-0.2243,-0.0796
301,5361,108,3,standing,0.0517,-0.7802,-0.0142,-0.0085,-0.0315,-0.0411,0.0881,0.8255,-0.0764,0.0619,-0.3825,-0.0973,-0.1423,-0.2982,-0.2618,0.2827,0.2283,-0.3546,-0.3947,0.3354,-0.4469,-0.3053,0.405,0.4561,-0.026,-0.1012,-0.1191,-0.489,-0.3491,0.3784,0.0006,0.0806,-0.0508,-0.01,-0.0206,0.001,0.0186,1.7587,0.1005,-0.1001,0.4976,-0.1504,-0.0163,0.0001,0.5798,0.0068,0.0089,-0.0052,0.0156,0.9499,0.0245,-0.7966,-0.0249,-0.0002,-0.0055,-0.0197,0.0222,-0.0239,0.6588,-0.0658,-0.1309,0.0221,0.0388,-0.3502,-0.3705,0.1102,-0.3017,0.1127,0.02,-0.2607,0.0387,-0.2253
302,5362,108,3,standing,-0.0018,1.5739,0.0133,0.0213,-0.0143,0.0006,-0.0324,-1.0961,0.0645,-0.0475,0.5816,0.0584,0.077,0.3764,-0.0095,0.0002,-0.0226,0.0066,0.0169,0.0186,-0.0168,-0.0122,0.0125,-0.0035,0.0059,-0.0049,0.0291,0.0051,-0.0094,0.0174,-0.0034,0.0304,0.0154,0.0046,-0.0188,0.0038,-0.089,0.656,-0.001,-0.0096,-0.1122,0.0809,-0.0091,0.0055,0.5307,0.0053,0.0056,-0.0063,-0.0182,0.9607,0.0181,0.0083,0.0076,0.0077,-0.0231,-0.0098,0.0171,-0.0179,-0.0503,0.0067,0.0193,0.0087,0.0192,0.0197,-0.1992,-0.0078,-0.1017,0.0099,0.0228,-0.068,-0.1105,-0.0286
303,5363,108,3,standing,-0.0011,1.5863,-0.0114,0.0009,-0.0133,-0.021,-0.0146,-1.056,0.0437,-0.0323,0.4906,0.0277,0.1344,0.3581,-0.0184,0.0109,-0.0717,0.0851,0.0507,0.0131,-0.0249,0.001,-0.0168,0.0222,0.0279,-0.0002,0.0293,-0.0065,-0.0074,0.0291,-0.0066,0.0287,0.0072,0.0043,-0.0141,0.0059,0.0262,-0.6469,-0.0053,0.0232,-0.0286,0.0194,-0.0062,-0.0055,0.5792,-0.0082,0.0085,0.0087,0.0093,0.9444,0.0245,-0.1192,-0.0075,-0.0095,-0.0156,-0.0079,0.0198,0.0196,-0.0451,0.0183,-0.0244,0.0186,0.0223,-0.0335,-0.2258,-0.0294,0.0197,-0.0076,0.0237,0.027,-0.1127,-0.0078
304,5364,108,3,standing,-0.0007,1.6096,-0.0074,0.0106,-0.0072,0.0069,0.0232,0.8191,-0.0584,-0.0218,-0.3862,-0.0741,-0.0886,1.3536,0.0155,-0.0017,-0.0461,0.0273,0.0323,0.0168,-0.0002,-0.0163,0.0247,-0.0237,0.001,0.0059,0.0399,0.0037,-0.0205,0.0046,-0.0042,0.0315,0.0075,0.0045,-0.0188,0.0039,0.0185,2.4966,0.0001,0.0065,-0.095,-0.0262,-0.0156,-0.0044,0.577,-0.0052,-0.0091,0.009,-0.0176,0.9871,0.0151,0.0222,0.0245,-0.0249,-0.0266,0.0177,0.038,-0.01,0.0503,0.0083,-0.0073,0.0178,0.0246,0.027,-0.2209,-0.0355,0.0582,0.0095,0.0189,0.03,-0.1102,-0.0081
305,5365,108,3,standing,-0.0035,1.5861,-0.0112,0.0329,-0.0186,0.0092,-0.0238,0.8192,-0.059,-0.0433,-0.4082,-0.0615,0.022,1.3944,-0.0164,-0.0006,-0.0066,0.0042,0.0065,0.0194,0.0063,0.0032,-0.0059,-0.0147,0.0043,-0.0036,0.0271,0.006,-0.0046,0.0169,0.0056,0.0285,0.0089,0.0038,-0.0188,0.0049,0.075,0.7048,0.0174,0.0881,0.0973,-0.0508,-0.0075,0.0057,0.5445,0.0053,0.0055,-0.0198,-0.0223,0.8567,0.0002,-0.0803,-0.001,0.0095,-0.0162,-0.0084,0.0178,-0.0072,-0.02,-0.008,0.1127,0.0206,0.0577,-0.1304,-0.1509,0.0176,0.1105,0.0249,0.0221,0.1019,-0.1143,-0.0332
306,5366,108,3,standing,-0.0025,0.7295,0.0004,0.0096,-0.0115,-0.0216,-0.0246,0.9355,-0.0594,-0.0461,-0.4143,-0.0547,0.032,1.2782,0.0149,-0.0164,-0.0249,-0.0072,0.0244,0.0154,0.0059,-0.0023,0.0042,-0.0109,0.0089,0.0026,0.0345,0.0041,-0.0086,0.0235,0.0031,0.0399,0.0085,0.0065,-0.0106,0.0069,-0.0843,-0.4638,-0.0088,0.0195,0.0503,-0.0774,-0.016,0.0052,0.5883,-0.0051,-0.0066,0.005,-0.017,0.9856,-0.008,-0.1303,-0.0178,0.0176,0.009,-0.0097,0.0222,-0.0175,-0.1014,-0.1508,-0.0254,0.0091,0.0293,0.1127,-0.2309,0.1003,0.01,-0.0093,0.0286,0.0807,-0.1199,0.0177
307,5367,108,3,standing,-0.0111,1.7882,-0.0072,0.0421,-0.0146,-0.023,-0.0271,-0.9777,0.0592,-0.059,0.4074,0.0713,0.0698,0.2684,-0.036,-0.0238,-0.0002,0.0856,-0.0933,-0.2523,-0.0007,0.0069,-0.0273,-0.0582,0.1012,-0.0041,0.0509,0.02,-0.0436,0.1102,0.0038,0.0194,0.0075,0.0134,-0.0161,0.0043,0.1197,0.647,-0.001,-0.0332,-0.0608,-0.0804,-0.0149,-0.0063,0.5793,-0.0067,-0.0065,0.0066,-0.0205,0.9568,0.01,0.1508,-0.0062,0.0088,-0.0196,-0.0259,0.0277,-0.0262,-0.0474,-0.1122,-0.0185,0.0181,0.0078,0.0409,-0.2373,0.0191,0.0171,0.0076,0.0239,0.0083,-0.2162,-0.0244
308,5368,108,3,standing,-0.0103,2.9236,0.0084,0.028,-0.059,0.0008,0.0417,-1.1347,0.065,-0.0788,0.5827,0.0867,1.2572,-1.2496,0.0953,0.0043,-0.0508,0.0485,0.2064,0.2375,0.2636,-0.3581,-0.4546,0.3368,-0.1193,0.006,0.0803,0.1509,0.1004,-0.3468,-0.0002,0.101,-0.0089,0.0044,-0.0194,0.0051,-0.0986,0.7869,-0.001,0.02,0.0585,-0.1302,-0.0148,-0.0057,0.5563,-0.0065,-0.0087,-0.0083,0.0221,0.9871,0.0182,-0.2308,-0.0073,0.0176,0.057,0.0199,0.0276,0.0162,0.1129,-0.1107,-0.0066,-0.0247,0.0253,0.0192,-0.2607,-0.027,0.0546,-0.0069,0.0273,0.0595,-0.1096,0.0174
309,5369,108,3,standing,-0.0033,1.3689,-0.0142,0.0219,-0.0242,-0.0002,-0.0417,-1.0929,0.0512,-0.0695,0.5157,0.0774,0.1372,-0.2843,-0.0861,-0.036,-0.0059,0.0008,0.1005,0.2452,0.2541,0.0506,-0.1015,-0.2656,-0.1103,-0.0239,0.0093,-0.01,-0.1193,0.0196,-0.0032,0.029,0.0064,-0.0051,-0.0169,-0.0055,-0.0084,2.4962,-0.0259,-0.0548,-0.1502,-0.1122,-0.0066,-0.0057,0.5375,-0.009,-0.007,-0.0185,-0.0273,0.9976,-0.001,-0.2202,0.0163,0.0086,-0.0262,0.0001,0.0058,-0.0286,-0.0803,0.0277,0.1305,0.0197,0.0266,-0.8094,-0.3457,-0.6882,0.2304,0.0209,0.0188,0.1379,-0.2251,-0.0792
310,5370,108,3,standing,-0.0025,1.4369,-0.0107,0.0594,-0.0461,0.0219,-0.031,-1.0942,0.0696,-0.0485,0.4947,0.0485,0.1656,0.2392,0.0009,0.0038,0.0829,0.0506,0.001,0.1104,0.0085,-0.027,-0.02,-0.0434,0.0277,0.0165,0.0373,-0.0035,-0.0248,0.01,-0.0044,0.0273,0.0069,0.0072,-0.0155,0.0052,0.0184,2.5939,-0.0205,0.0046,-0.0002,-0.0174,-0.0158,0.0075,0.579,-0.0054,-0.0088,-0.0089,-0.0167,0.9444,-0.0181,0.0803,0.006,0.0078,-0.0259,0.0073,0.0238,0.0064,0.0408,-0.0562,-0.0195,0.0097,0.0244,0.0332,-0.2171,-0.0222,0.0378,0.0199,0.0176,0.018,-0.1198,-0.0206
311,5371,108,3,standing,-0.0011,1.5567,-0.0105,0.0324,-0.0158,0.0042,-0.028,-0.9278,0.0461,-0.0153,0.4223,0.0474,0.094,0.0892,-0.0008,-0.0032,0.0059,0.0189,0.0095,0.006,0.0085,-0.0084,-0.0078,-0.0069,0.0002,-0.0036,0.0262,-0.0062,-0.0146,0.0286,0.0034,0.0285,0.0086,0.0041,-0.015,0.0065,0.0764,0.3979,-0.0188,0.0645,0.1009,-0.0506,-0.0098,-0.0057,0.5499,-0.0052,-0.0051,-0.0091,-0.0056,0.9475,-0.019,-0.1107,0.0081,-0.0074,-0.0163,-0.0066,0.0082,-0.0172,-0.0206,0.0887,-0.0256,0.0176,0.0273,0.0947,-0.2208,-0.0177,-0.0277,-0.0183,0.0186,0.0193,-0.1371,-0.0463
312,5372,108,3,standing,-0.0014,0.9762,-0.0132,0.0007,-0.0162,-0.0248,-0.0433,-0.8255,0.0547,-0.0363,0.3968,0.0695,-0.0881,1.2989,0.0245,0.0025,-0.0317,0.0259,0.026,-0.0786,-0.01,0.0273,0.0063,0.0166,0.0084,0.0156,0.0286,0.0046,-0.0094,0.0279,-0.0064,0.0282,0.0082,0.0041,-0.0174,0.0049,0.0937,0.5087,-0.0042,0.0262,-0.1124,0.0488,-0.0069,-0.0044,0.5578,0.0061,0.0059,0.0096,0.0192,0.9375,0.0072,-0.0804,-0.0001,-0.0088,-0.0157,-0.019,0.0098,-0.001,0.0504,0.1505,0.0167,0.0077,0.0191,-0.1015,-0.2304,-0.1003,0.02,0.0073,0.0253,0.1104,-0.1191,-0.0797
313,5373,108,3,standing,0.0033,-0.7604,0.0108,0.0157,-0.0215,0.0066,0.0008,0.4784,-0.01,-0.0222,-0.2448,-0.0412,-0.0942,1.1895,-0.0326,-0.059,-0.0794,-0.0505,0.062,0.0809,0.001,-0.1129,-0.1194,0.0247,-0.027,0.0065,0.0294,-0.0438,0.0231,-0.0245,-0.0031,0.0284,0.0082,-0.0136,-0.0164,-0.0158,-0.0096,-0.5969,0.0161,0.0228,0.0262,0.0332,-0.015,0.0056,0.5411,0.006,0.0075,-0.0087,-0.0155,0.8897,-0.017,0.101,-0.0067,0.0185,-0.0205,-0.0074,0.0323,0.0077,-0.0089,-0.0463,0.0093,0.0204,0.0221,0.0002,-0.2205,-0.0178,0.0373,0.0172,0.0273,0.0179,-0.1305,-0.0206
314,5374,108,3,standing,-0.0017,1.4969,0.0116,0.0273,-0.0262,-0.0093,-0.0247,-1.089,0.0692,-0.0574,0.5834,0.0742,0.152,-0.3973,-0.0426,-0.0219,-0.0345,0.0947,0.2486,0.2594,-0.1193,-0.1303,0.2791,-0.296,0.0508,-0.01,0.0007,-0.0162,-0.0222,0.0589,-0.0063,0.027,0.0077,0.0078,-0.0084,0.004,0.1003,2.3885,-0.0205,0.0373,-0.0898,-0.0803,-0.0168,0.0059,0.5572,0.0153,-0.0088,-0.0157,-0.001,0.9979,0.0082,-0.657,0.0195,0.0067,0.0171,0.0061,0.0266,-0.0066,0.2251,-0.0473,0.0943,-0.0286,0.0373,-0.2202,-0.3457,-0.1122,-0.1505,-0.0196,-0.0197,-0.101,-0.1281,0.0383
315,5375,108,3,standing,-0.0142,2.5285,0.0064,0.0277,-0.021,-0.0004,0.0592,-0.985,0.0717,0.0332,0.4561,0.0325,1.1693,0.3536,-0.0426,0.0169,-0.0618,-0.0922,0.0823,0.0266,0.1018,-0.0507,0.1129,-0.0196,0.0094,0.02,0.0292,-0.001,-0.0082,0.0294,-0.0002,0.0304,0.01,0.0065,-0.0162,-0.0039,0.0278,0.384,-0.0207,0.0001,-0.0209,-0.0174,-0.0147,0.0044,0.4954,-0.0088,0.0066,-0.0067,0.0078,0.7369,-0.0084,0.1197,-0.0089,0.0056,-0.0268,0.0081,0.019,0.0259,-0.067,0.0373,0.0195,0.0256,0.0286,0.0273,-0.2257,0.0246,0.0186,-0.0099,0.0237,0.0087,-0.1271,-0.0245
316,5376,108,3,standing,-0.0015,1.4336,-0.0108,0.031,-0.0164,0.0082,-0.0169,0.9307,-0.0511,-0.0467,-0.4303,-0.0395,-0.0006,1.2546,-0.0158,-0.0045,-0.0065,0.0131,0.025,0.0141,-0.0138,0.0075,0.0074,-0.0094,0.0195,-0.0043,0.0277,-0.0078,-0.0042,0.0253,-0.0052,0.0305,0.0093,0.0066,-0.0147,0.0055,-0.0697,0.7084,0.001,0.0796,0.0806,0.0961,-0.0159,0.0051,0.4986,0.008,0.009,-0.006,0.0072,1.5699,0.0002,0.0506,-0.0087,0.0223,-0.0089,-0.0081,0.0257,-0.0083,0.1006,0.119,-0.0071,0.0192,0.0163,0.0373,-0.2207,-0.0266,0.1121,0.01,0.0294,0.1014,-0.1308,-0.0791
317,5377,108,3,standing,0.0067,-0.7282,0.0103,-0.0092,0.0073,-0.0006,0.0212,0.4963,-0.0431,-0.0002,-0.2271,-0.0517,-0.0249,1.3682,0.0085,-0.001,-0.0232,-0.0042,0.0235,0.0161,0.0041,0.0046,-0.0047,-0.0026,0.0221,0.0032,0.0294,0.0043,-0.006,0.0231,-0.004,0.0312,0.0095,0.0064,-0.0155,0.0075,0.0637,2.3958,-0.0145,0.0156,-0.0974,-0.0881,-0.0169,0.005,0.5789,-0.0084,0.0054,0.0107,-0.0188,0.9768,-0.0072,0.0583,-0.0159,-0.0091,0.0078,-0.0247,-0.0373,-0.0268,-0.0809,0.0507,-0.0286,0.017,0.0179,0.008,-0.2205,-0.0186,-0.1013,-0.0198,0.0193,-0.1004,-0.1197,-0.0332
318,5378,108,3,standing,0.0049,-0.7282,0.0113,-0.0075,0.0046,-0.0059,0.0247,0.5894,-0.0467,-0.0063,-0.2698,-0.055,-0.0886,-0.1743,-0.036,0.0074,-0.0004,0.0262,0.0217,0.0778,-0.0637,-0.059,0.0936,0.0245,0.0002,0.001,0.0276,-0.0147,-0.0168,0.0038,-0.0035,0.0298,0.0095,0.0055,-0.0161,0.0072,0.0064,1.6696,-0.0157,0.0097,0.0165,0.0373,-0.0169,0.0054,0.5399,0.0089,-0.0051,-0.0084,-0.0182,0.9777,0.0052,-0.0507,0.0083,0.0079,-0.0092,-0.017,0.0173,-0.0223,0.01,-0.0191,-0.0077,0.018,0.0188,0.0187,-0.2506,-0.0071,0.0294,0.0181,0.0193,0.0185,-0.1505,-0.0231
319,5379,108,3,standing,-0.0113,1.5964,0.0094,0.0426,-0.0005,-0.0089,-0.0517,-1.1279,0.0943,-0.0637,0.4578,0.0774,0.0872,-0.2481,0.0315,0.0225,0.01,-0.0505,-0.0335,-0.0804,-0.2386,0.1309,-0.1509,0.1003,-0.1121,0.0002,0.1103,0.1013,0.0038,-0.1192,-0.0049,0.0195,0.0096,0.0084,-0.0146,-0.0052,-0.0001,0.5567,-0.0207,-0.0182,0.0488,-0.0209,-0.0147,0.0053,0.5785,0.0058,0.0065,-0.0069,-0.001,0.8856,-0.0077,0.0975,-0.0098,0.0063,-0.0176,0.0092,0.0083,0.0187,0.0231,-0.078,-0.0191,0.0229,0.027,0.0171,-0.2209,-0.0475,0.0286,-0.0168,0.0197,0.0259,-0.1111,-0.0245
320,5380,108,3,standing,-0.0119,-0.799,0.0033,-0.023,-0.0194,-0.0009,0.0461,0.5911,-0.0313,-0.0695,-0.2598,-0.0515,0.0718,-0.2386,0.001,0.0001,-0.0957,0.0896,0.2426,0.2053,-0.1503,-0.0803,-0.2891,-0.385,-0.0164,0.0508,0.1108,0.0002,-0.0185,-0.009,-0.006,0.0437,-0.0184,-0.0069,-0.0182,0.0042,-0.0189,1.457,0.0083,-0.0165,-0.1017,0.0178,-0.0068,0.0058,0.5699,0.0052,0.0062,-0.0073,-0.0188,0.6771,-0.0179,-0.1129,-0.0092,0.0066,-0.0197,-0.0072,0.0077,0.0176,0.0466,-0.1194,0.0174,0.0222,0.0228,0.01,-0.2254,-0.0332,0.0379,0.0187,0.0075,-0.02,-0.1009,-0.027
321,5381,108,3,standing,-0.0011,2.8356,0.0107,0.0426,-0.0249,-0.0375,-0.0594,-1.0867,0.0692,-0.0973,0.4842,0.0512,1.2785,-0.2996,-0.1556,0.0266,0.1795,-0.2066,0.385,0.3391,0.2347,0.2422,-0.3077,0.4041,0.026,0.001,0.0005,0.0046,-0.01,0.1018,0.0132,0.0291,0.0097,0.0045,-0.0169,0.0059,0.0506,4.6839,0.1005,0.0183,0.0806,0.0188,-0.0144,0.0051,0.5549,-0.0061,-0.0058,-0.0154,0.0001,0.9879,0.0237,0.1307,0.0078,-0.0206,0.0564,0.0087,-0.0355,0.0074,0.0162,0.1105,-0.0266,0.0176,0.0065,0.0277,-0.2204,-0.0286,0.0379,0.0273,0.0222,0.0189,-0.1129,0.0082
322,5382,108,3,standing,0.0113,-0.7835,0.0064,0.0065,0.0006,-0.0375,0.0077,0.4796,-0.021,-0.0232,-0.2289,-0.0273,0.0798,-0.269,-0.0586,0.0873,-0.0463,-0.0624,-0.0953,-0.2774,-0.0509,-0.0249,-0.008,-0.0238,0.001,0.0088,0.0195,-0.0256,-0.007,0.0278,-0.01,0.0309,0.0085,0.0206,-0.0002,0.016,0.0254,2.394,0.0286,0.0046,0.0155,0.0042,-0.0168,0.0062,0.5884,0.0069,-0.0054,-0.0087,0.0226,0.5772,-0.0201,0.0793,0.0166,0.0071,-0.0266,0.0161,0.0276,-0.0094,-0.1003,0.0082,-0.0223,0.0192,0.0076,0.0167,-0.2399,-0.0499,0.055,0.0245,0.0303,0.02,-0.1197,0.0197
323,5383,108,3,standing,-0.0013,1.5289,0.0004,0.0157,-0.0012,0.0244,-0.0192,-1.0388,0.0517,-0.0475,0.5814,0.0353,0.0327,-0.2486,-0.025,0.0045,-0.0096,0.0151,0.0143,0.0094,-0.0125,0.0085,-0.0078,-0.009,0.0098,-0.0041,0.0295,0.0063,-0.0195,0.0169,-0.0039,0.0399,0.0089,0.0038,-0.0153,0.006,0.0967,2.4765,0.0172,-0.0221,-0.0868,-0.0394,-0.0054,-0.0052,0.5591,-0.0066,-0.0048,0.0061,-0.0174,0.877,-0.0056,0.0783,-0.0079,0.0106,0.0182,0.0162,0.0088,-0.0064,-0.0173,0.0408,-0.001,0.0181,0.0226,0.0503,-0.2207,-0.0238,0.0077,0.0111,0.0262,0.0231,-0.1505,-0.0237
324,5384,108,3,standing,-0.0015,1.6382,-0.0136,0.0475,-0.0002,0.038,-0.0166,-0.4947,0.027,-0.0542,0.2486,0.0273,0.0829,0.3589,-0.0009,-0.0225,0.0194,-0.0044,0.0182,-0.0095,-0.0206,0.0256,0.0045,-0.0237,0.0796,0.001,0.0355,0.0946,0.063,0.0508,0.015,0.0279,0.0134,0.0065,-0.0174,-0.0138,-0.0192,2.6467,-0.02,-0.0241,0.0803,0.0183,-0.0151,0.0061,0.5953,0.0072,-0.0055,-0.0057,-0.006,0.8863,0.0201,0.1009,-0.0154,0.0173,-0.01,-0.0085,0.019,-0.0097,-0.0205,-0.0449,-0.0069,0.0077,0.0247,0.0193,-0.2309,-0.0081,0.0168,0.0084,-0.0098,0.0222,-0.1198,-0.0202
325,5385,108,3,standing,-0.0065,2.085,0.0143,-0.0224,-0.0009,-0.0344,0.0098,1.0547,-0.0244,-0.0466,-0.4913,-0.0472,-0.1409,-0.2691,-0.0247,0.0253,-0.0623,0.0719,0.0509,0.1018,-0.0441,0.0185,-0.0804,-0.0161,0.0373,-0.0078,0.0262,0.0186,-0.0209,0.0131,-0.0045,0.0295,0.0133,-0.0069,-0.0135,-0.006,-0.0277,1.3948,0.02,0.0254,-0.0608,0.0409,-0.0154,-0.0053,0.5894,-0.0089,-0.0056,0.0062,-0.001,0.9668,0.0183,-0.1002,-0.0092,0.01,-0.0159,0.0063,0.0222,-0.0221,0.027,-0.059,0.0247,0.0286,0.0176,-0.0575,-0.2303,-0.1103,-0.0456,0.0079,0.0258,-0.058,-0.1309,-0.0593
326,5386,108,3,standing,-0.0108,-0.7519,0.0033,0.021,-0.0094,-0.0089,0.0411,0.6512,-0.0513,-0.0069,-0.2656,-0.065,0.2496,1.3568,0.0266,0.0323,-0.0942,-0.0785,-0.1018,0.0806,-0.0009,0.0503,-0.1191,-0.2758,-0.1505,0.0182,0.0002,0.1105,-0.0488,-0.1122,-0.0249,0.0188,0.0247,0.0084,-0.0098,0.0186,0.0063,2.3846,-0.0078,0.0286,0.1302,-0.1004,-0.0052,0.0055,0.5749,-0.0053,0.007,0.0095,0.0072,0.9954,0.0062,-0.1379,-0.008,-0.0074,-0.001,0.0091,0.0173,-0.0237,0.01,-0.0971,-0.0093,0.0092,0.0232,0.0294,-0.2308,-0.0456,0.0398,-0.009,0.0256,0.0797,-0.1027,-0.0415
327,5387,108,3,standing,0.0069,-0.6463,0.0118,-0.0045,-0.0074,-0.0415,0.0008,0.2943,-0.0225,-0.0117,-0.1205,-0.036,0.1492,-0.2784,0.0896,0.0773,-0.2094,-0.2461,0.2281,0.0953,0.0697,0.1192,0.3068,-0.3586,-0.2862,0.001,0.0803,-0.0504,0.01,-0.1122,-0.0146,0.1005,0.0042,0.0047,-0.0149,0.0036,0.0286,1.4477,0.009,0.0182,-0.0259,0.027,-0.0159,-0.0058,0.5783,-0.005,-0.008,0.0056,-0.0188,0.8567,-0.0222,-0.1013,0.0154,-0.0239,-0.0237,0.0268,0.0273,0.0187,-0.0456,-0.0789,0.027,0.0076,0.0277,-0.0373,-0.2308,-0.0458,0.0394,0.0238,0.0195,0.0262,-0.1306,-0.0249
328,5388,108,3,standing,-0.0033,1.6451,-0.0108,0.0214,-0.0002,-0.0084,0.027,-1.0749,0.0464,-0.0518,0.4819,0.0509,-0.1386,-0.3625,-0.0327,0.0063,-0.0006,-0.065,0.0928,0.2443,-0.2656,0.227,-0.2988,-0.1122,-0.1009,-0.01,0.034,-0.0094,-0.009,-0.0456,-0.0046,0.0291,0.0174,0.0044,-0.0098,-0.0059,0.0277,0.4796,-0.001,0.0172,0.0803,-0.1015,-0.0154,-0.0078,0.5889,0.0055,-0.0077,-0.0068,-0.0069,0.7982,-0.0061,0.0795,-0.0085,-0.0065,-0.0001,-0.0199,0.0206,-0.0162,0.02,-0.0485,0.0247,0.0071,0.0294,0.0193,-0.2309,-0.0262,0.0173,0.0092,0.008,0.0276,-0.1107,-0.0587
329,5389,108,3,standing,0.0014,-0.6693,0.0102,-0.0002,0.0089,-0.0329,0.0072,0.9458,-0.0437,-0.0277,-0.432,-0.055,-0.0922,-0.3884,-0.0009,-0.0645,0.0867,-0.0786,-0.0803,-0.2327,0.0259,-0.1308,0.0222,-0.0332,0.0506,0.001,0.0277,0.0085,-0.0235,0.0182,-0.0035,0.0287,0.0063,0.0034,-0.0095,-0.0153,-0.0207,2.4797,0.1012,0.1109,-0.5583,0.4481,-0.0159,0.0049,0.5765,0.0051,-0.0068,-0.0052,-0.0078,0.8764,-0.0073,-0.6054,0.01,0.0098,0.0291,0.0176,-0.027,0.0061,-0.1362,-0.8899,0.0794,0.0262,0.027,1.7713,-0.809,0.7074,0.6975,0.0896,0.0915,0.2162,0.3502,-0.1122
330,5390,108,3,standing,-0.0109,1.5337,-0.0072,0.0327,-0.0042,0.0412,-0.0214,-1.0517,0.0698,-0.0543,0.5918,0.0508,0.0874,-0.1636,-0.0089,0.0095,-0.0009,0.0793,-0.1017,0.1005,-0.0069,-0.007,-0.0259,-0.0806,-0.0147,-0.0056,0.0461,0.0152,-0.0068,-0.0222,-0.0058,0.0273,0.0086,-0.0066,-0.0145,-0.004,-0.0155,2.5067,-0.0064,-0.0002,-0.0409,0.0082,-0.0151,-0.0049,0.5475,-0.0048,-0.008,-0.0092,0.0057,0.9799,-0.009,-0.1503,0.0232,-0.0178,-0.0205,0.0165,0.0268,-0.0084,0.0573,-0.0456,-0.0247,0.0094,0.0253,-0.0188,-0.2169,-0.0408,0.0585,0.0176,0.0286,0.0369,-0.1108,-0.0262
331,5391,108,3,standing,-0.0042,1.327,0.0069,-0.0105,-0.0009,-0.022,-0.0344,-1.0266,0.0617,-0.0462,0.5074,0.0473,-0.0892,0.2843,-0.0154,-0.0052,0.0083,0.0153,0.0232,-0.0731,0.001,0.0072,-0.0165,0.0195,0.0241,0.006,0.0276,0.0068,-0.0086,0.0185,-0.0039,0.0279,0.0134,0.0058,-0.0146,0.0059,-0.0937,0.5549,0.01,-0.0002,0.0504,-0.0094,-0.0164,-0.0045,0.4856,-0.0051,-0.0061,0.0075,0.0176,1.0584,0.0166,-0.0803,-0.0097,0.0163,-0.0173,-0.0093,0.0096,-0.0088,-0.058,0.1005,0.0198,0.0177,0.0199,0.1126,-0.2167,-0.02,0.0171,0.0181,0.0256,0.0461,-0.1108,-0.0286
332,5392,108,3,standing,-0.0065,1.4389,0.0103,0.0624,0.0009,-0.0585,-0.0468,0.5792,-0.0217,-0.0348,-0.2825,-0.0373,0.0953,1.1541,0.0718,0.0849,0.0547,-0.0406,0.0508,0.0446,-0.001,-0.0807,0.1129,-0.1013,0.02,0.0166,0.0574,-0.0045,0.0245,0.0598,0.0201,0.0143,-0.0095,0.0136,0.0063,0.0056,0.0254,2.4496,-0.0093,0.0468,0.0271,0.0064,-0.0146,-0.0162,0.5878,0.0067,-0.0069,-0.009,-0.0259,0.8972,0.0055,0.6054,-0.008,0.0059,-0.0002,-0.0161,0.0207,-0.0094,-0.0642,-0.0409,0.0079,0.0173,0.0226,0.1008,-0.2487,-0.0086,0.0277,0.01,0.0375,0.0276,-0.1194,-0.027
333,5393,108,3,standing,-0.0011,1.5898,-0.0106,0.0523,-0.0222,0.0006,-0.0212,-1.0871,0.0467,-0.0503,0.5276,0.0491,0.1542,-0.2741,0.0002,0.001,-0.0933,0.0794,0.0143,0.0344,-0.0232,-0.0273,0.0082,0.027,0.1017,-0.0248,0.0806,0.063,-0.0086,0.0408,-0.0034,0.0464,0.0205,-0.0035,-0.0174,0.0152,0.1309,0.4973,-0.0207,-0.0373,-0.1504,-0.0332,-0.0159,0.0056,0.577,-0.0053,0.0069,0.0054,-0.0228,0.955,0.0256,0.0872,0.0231,0.0093,-0.01,0.0078,0.0063,-0.0089,-0.1107,0.0088,0.1194,0.0237,0.1003,-0.6875,2.968,-0.2605,0.2163,-0.0253,-0.0335,-0.1121,0.4015,-0.0985
334,5394,108,3,standing,-0.0012,1.6397,-0.0123,0.0328,-0.0006,0.021,-0.0411,-1.0868,0.0626,-0.0546,0.5165,0.0514,-0.0796,-0.3078,-0.0172,-0.0064,-0.0169,0.0249,0.0259,0.0143,-0.0141,0.0024,-0.0095,-0.0129,0.0246,-0.0034,0.0279,0.0109,-0.0066,0.0231,-0.0031,0.0303,0.0073,0.0051,-0.0161,-0.0036,0.0508,0.4967,0.0153,0.01,-0.1018,0.02,-0.0062,-0.0063,0.5499,0.0048,-0.007,-0.0085,0.0156,0.9075,-0.0159,0.1102,0.0202,0.0174,0.0097,-0.0093,0.0206,-0.0084,0.1309,-0.1129,-0.0187,0.0098,0.0268,0.0293,-0.2208,-0.0277,0.0186,0.0256,0.027,-0.0692,-0.1195,0.0081
335,5395,108,3,standing,-0.0069,1.5895,-0.0155,0.028,-0.0084,0.0326,-0.0002,-1.089,0.0625,-0.0462,0.5894,0.0542,0.1434,0.1746,-0.0005,-0.0957,-0.0788,-0.01,-0.0174,-0.001,0.0806,0.0505,0.0049,-0.0222,-0.0082,-0.004,-0.0256,-0.0245,-0.0001,0.0154,-0.0131,0.0293,0.0186,0.0056,-0.0159,-0.0072,0.0273,2.7947,-0.0143,0.0499,-0.0192,-0.0078,-0.0163,-0.0064,0.5443,0.006,-0.0052,-0.0066,-0.0232,0.9153,-0.0185,0.1122,0.0067,0.0089,-0.0098,0.007,0.0165,0.0196,-0.0176,-0.0266,-0.0083,0.0193,0.0068,0.0247,-0.1897,-0.0328,0.0573,0.0223,0.0191,-0.0262,-0.1197,0.0332
336,5396,108,3,standing,-0.0117,-0.7802,0.0059,0.0005,0.0069,0.0095,0.0327,0.8695,-0.0437,-0.0213,-0.3866,-0.069,0.0542,1.1696,-0.0723,0.0063,-0.0505,0.0867,0.0922,-0.001,0.0157,0.0125,-0.0002,-0.0806,0.01,0.0147,0.0259,0.0143,-0.0146,0.0085,-0.004,0.0277,0.0075,0.0056,-0.0161,-0.0068,-0.016,2.6544,0.0154,-0.0098,-0.0259,-0.0286,-0.0162,-0.0048,0.5442,-0.0055,-0.005,0.0058,-0.0152,0.9953,-0.0074,0.0072,-0.0186,0.0078,-0.0091,-0.0206,0.0222,-0.0182,0.007,-0.0262,-0.0241,0.0164,0.027,0.0409,-0.2309,-0.0184,0.0335,0.0194,0.0088,0.0189,-0.1192,-0.0239
337,5397,108,3,standing,-0.0033,1.5373,-0.0105,0.0215,-0.0078,-0.0008,0.0323,0.4519,-0.0416,-0.027,-0.2291,-0.069,0.0146,1.2586,-0.01,0.0094,-0.0206,0.0165,0.0321,0.0182,-0.0147,-0.0163,-0.0059,-0.0095,0.0002,-0.0031,0.0298,-0.0088,-0.0108,0.0152,-0.0036,0.0309,0.0097,0.004,-0.016,-0.0038,0.001,0.4439,0.0207,0.0166,0.0798,0.0503,-0.0148,-0.0049,0.577,-0.0074,-0.0084,0.0064,-0.0153,0.9967,0.0231,-0.0955,-0.0077,0.0081,-0.0189,-0.0072,0.0068,-0.0092,0.0176,-0.0804,-0.0196,0.0071,0.0273,0.055,-0.2606,-0.0259,-0.0583,0.0173,0.0332,-0.018,-0.1195,-0.0222
338,5398,108,3,standing,-0.0017,0.9574,0.0074,-0.0133,-0.0002,-0.0225,-0.0164,-0.0892,0.0096,-0.0189,0.0542,0.0095,-0.0146,1.407,-0.0005,0.0078,-0.0244,0.0149,0.0247,0.009,-0.0058,0.0035,-0.0066,-0.0085,0.038,0.0026,0.0475,0.0165,-0.0059,0.0506,-0.0053,0.035,0.0093,0.0063,-0.0169,0.0062,0.0694,2.4539,0.0791,0.0979,-0.1105,-0.01,-0.0168,-0.0088,0.4861,-0.0052,-0.0056,0.006,-0.0266,1.5782,0.0172,0.0296,0.0054,0.0099,-0.0205,-0.0183,0.001,0.0222,-0.0408,-0.1126,-0.0198,0.0232,0.0273,0.0374,-0.2307,-0.0476,0.0409,0.0239,0.0276,-0.0786,-0.1304,0.0205
339,5399,108,3,standing,-0.0012,1.5665,-0.0104,0.0562,-0.0008,0.0064,0.035,0.5886,-0.0217,-0.0222,-0.2884,-0.0655,0.0922,1.2981,0.001,-0.0796,-0.0803,0.0843,-0.0195,0.0523,-0.0002,-0.0505,0.0438,-0.0209,-0.0259,-0.0046,-0.0169,-0.01,-0.007,-0.0165,-0.0059,0.0286,0.0074,0.0045,-0.0149,0.0041,-0.0205,2.6693,-0.0182,-0.0592,0.0967,-0.1507,-0.0156,0.0047,0.5335,-0.0051,-0.0078,-0.0053,-0.0183,0.9873,0.0152,-0.056,-0.0188,0.027,0.008,0.0238,0.0163,-0.0206,0.0335,-0.0076,-0.0254,0.0262,0.0266,0.0374,-0.2606,-0.101,0.0379,-0.0085,0.0177,0.0373,-0.1006,-0.0249
340,5400,108,3,standing,0.0113,-0.671,-0.0017,0.0326,0.0172,0.0411,0.023,0.819,-0.0574,-0.0476,-0.3864,-0.0615,-0.0818,1.442,-0.0509,0.0006,-0.0922,-0.0741,0.0294,-0.1015,0.0059,0.001,0.0046,0.0226,0.0277,0.0065,0.045,0.0085,-0.0002,0.0231,0.006,0.031,-0.0168,0.0035,-0.0183,0.0066,-0.0249,-0.4939,-0.0271,-0.0088,0.0077,0.0063,-0.0156,-0.0153,0.5497,-0.0054,-0.008,-0.0087,-0.0155,0.9775,-0.0001,0.0807,0.0061,-0.01,-0.0222,0.0195,0.0086,-0.0232,-0.0078,-0.0562,-0.0084,0.0089,0.0169,0.0176,-0.1992,-0.0092,0.0276,0.0237,0.0193,0.0373,-0.1305,-0.0196
341,5401,108,3,standing,0.0011,-0.799,0.0004,-0.031,0.0084,-0.0414,0.0241,0.4585,-0.0331,-0.023,-0.2366,-0.0515,-0.2041,1.4089,-0.079,0.0266,-0.0894,0.0961,-0.2543,-0.2757,0.2681,0.0655,-0.355,-0.2463,0.0451,0.027,0.0172,-0.0508,-0.0455,0.0807,0.0206,0.0262,0.0273,0.0182,0.0174,0.0059,0.0332,0.5842,0.0169,0.0597,0.1012,-0.1124,-0.0064,-0.0002,0.568,-0.0065,-0.0077,-0.0052,-0.0205,0.9675,-0.0086,-0.1109,-0.0001,0.0067,-0.0098,0.007,0.0183,0.0195,0.1002,-0.0962,0.0879,0.0188,-0.0273,0.2164,-0.3706,-0.1197,-0.02,0.0187,0.0259,-0.0571,-0.1506,-0.0192
342,5402,108,3,standing,-0.0016,1.4368,0.0008,-0.0213,-0.0159,-0.0515,-0.0032,-0.5839,0.0235,-0.0317,0.2691,0.0466,0.1494,0.3385,-0.0764,-0.0931,-0.065,0.0896,0.2749,0.3467,0.2523,-0.0508,0.1103,-0.3536,0.3074,0.296,0.2854,0.4486,0.5798,0.467,-0.1005,0.1191,-0.0409,-0.02,-0.01,-0.0142,-0.1121,2.6869,0.0577,0.0804,0.5548,-0.1012,-0.0083,-0.0045,0.5889,-0.0092,0.009,0.0082,-0.0259,0.8899,-0.0087,-0.7871,0.001,-0.0063,-0.0001,0.0165,-0.0161,0.0195,-0.0474,-0.2165,0.3007,0.1305,0.1509,-0.7962,-0.4001,0.0335,0.8097,0.0222,0.0469,0.7581,0.2608,0.3012
343,5403,108,3,standing,-0.0049,1.7369,0.022,-0.0146,-0.0002,-0.0222,-0.0547,0.5595,-0.0412,-0.031,-0.2442,-0.0616,-0.157,1.4096,-0.0933,-0.0843,0.0508,0.2398,0.1018,-0.2794,-0.0741,-0.0004,-0.1198,-0.2693,0.1109,-0.1129,0.1309,0.3944,-0.3776,0.0809,-0.01,0.0059,0.0072,0.0084,-0.0089,-0.001,-0.0209,0.5862,-0.0053,0.0259,0.1003,-0.0188,-0.0077,0.005,0.5445,-0.006,-0.0057,-0.0068,0.0001,0.6697,-0.0052,-0.0064,-0.0201,0.0191,-0.0083,0.0232,-0.0065,-0.0192,-0.0161,-0.089,-0.1502,-0.0,0.0355,0.2251,-0.2506,-0.0708,0.0646,-0.0082,0.0332,0.0332,-0.0458,-0.0451
344,5404,108,3,standing,0.0045,-0.6501,0.0085,0.0008,0.0069,-0.0095,0.0329,0.9281,-0.0434,-0.028,-0.4364,-0.0584,-0.0891,-0.2866,-0.0222,-0.009,-0.0931,0.0718,0.0809,0.0638,0.01,-0.001,-0.0088,0.0001,0.1009,-0.0042,0.0262,-0.0002,-0.0186,0.1012,-0.0035,0.0286,0.0074,0.0058,-0.0183,-0.0051,0.0078,1.6846,0.0221,-0.0507,-0.1191,0.0451,-0.0189,0.0054,0.555,-0.0062,-0.0063,0.0048,0.0223,0.9666,0.0092,0.0882,-0.0072,0.0081,0.0177,0.0196,-0.0079,0.007,-0.0259,-0.0776,-0.0867,0.0249,0.0594,0.2169,-0.1129,-0.1102,0.1508,0.0571,-0.0075,0.0593,-0.1304,-0.0173
345,5405,108,3,standing,-0.0015,2.7406,0.0114,0.0216,-0.0059,-0.0008,-0.0518,-1.0795,0.0611,-0.045,0.527,0.0364,0.0873,-0.3696,0.0044,-0.0266,-0.0232,-0.0259,0.0953,0.2035,0.228,0.1015,0.2369,0.2788,0.0505,-0.0161,0.0185,-0.0209,-0.0001,0.0245,-0.0041,0.032,0.0086,0.0065,-0.0092,0.0056,0.0332,1.5563,-0.0273,0.0254,-0.0803,-0.1129,-0.0145,0.0052,0.5775,0.0067,-0.0082,0.0058,0.0206,0.9897,-0.0201,-0.1503,0.0181,-0.01,-0.0093,0.0222,0.0078,-0.0262,-0.1004,-0.0191,-0.0335,0.0074,0.0291,0.059,-0.2171,0.0394,0.0876,0.0002,0.0189,0.0262,-0.1104,-0.0577
346,5406,108,3,standing,0.0067,1.714,-0.0169,0.023,-0.0005,-0.0512,-0.0414,-1.0778,0.0625,-0.0329,0.5665,0.0509,-0.1652,-0.3718,0.0056,-0.0817,-0.0923,-0.0186,0.1014,-0.1103,0.01,-0.0262,0.0146,-0.0803,0.1191,0.047,0.0074,0.1122,0.0766,0.1005,0.0259,0.0289,-0.0198,-0.0161,-0.0064,-0.0201,-0.0277,2.6043,-0.0247,0.0002,0.0408,-0.0849,-0.0044,-0.0084,0.5847,-0.0051,-0.0065,-0.0096,0.0205,0.9355,0.0221,-0.1459,0.0088,-0.0092,0.0179,-0.0246,0.0089,-0.0068,-0.0277,-0.0379,-0.0077,0.0315,0.0245,0.0464,-0.2207,0.0175,0.045,0.0182,0.0194,0.0191,-0.1172,-0.0253
347,5407,108,3,standing,-0.0012,1.5285,0.0103,0.0514,-0.0008,0.047,-0.009,0.4791,-0.0166,-0.0206,-0.2315,-0.0273,0.1655,1.3675,-0.0798,-0.0944,-0.0225,-0.0695,0.0896,-0.206,0.2872,0.3397,-0.2761,-0.2658,0.1014,0.0001,0.0503,0.02,-0.001,0.1106,0.0201,0.0292,0.0286,0.0074,-0.0094,-0.0042,0.0809,2.5768,0.0077,0.0231,0.0973,0.0002,-0.0145,-0.0046,0.4984,0.0056,-0.005,0.0062,-0.0189,0.5953,0.0185,-0.1503,0.0187,-0.0167,-0.0064,-0.0086,0.0171,-0.0083,-0.0259,-0.1307,-0.0179,0.0063,0.0266,0.0782,-0.2203,-0.0095,0.0876,0.0178,0.0069,0.1197,-0.1399,-0.0239
348,5408,108,3,standing,-0.0012,1.584,-0.0107,0.0323,-0.0113,0.0009,0.0225,0.4598,-0.0143,-0.0153,-0.2263,-0.0249,-0.0416,1.289,-0.0065,0.0131,-0.0078,-0.0245,0.0542,-0.0094,-0.0244,-0.0235,0.0636,-0.0108,0.0001,0.001,0.0276,-0.0066,0.0085,0.0149,-0.0138,0.0278,0.0092,0.0059,-0.0168,0.0064,0.0146,-0.695,-0.0204,0.0957,0.1192,-0.0406,-0.0161,0.0051,0.5475,0.0086,0.008,-0.0082,0.0273,0.9265,-0.0247,-0.0504,0.0083,0.0237,-0.0089,-0.0242,0.0467,0.0184,0.1102,0.0891,-0.0173,0.0253,0.0399,0.0294,-0.1695,-0.01,-0.0409,-0.0238,0.0581,-0.0774,-0.1121,-0.0807
349,5409,108,3,standing,-0.0015,1.5867,-0.0045,0.0146,-0.0064,-0.0117,-0.0329,0.6619,-0.0514,-0.0549,-0.3512,-0.0585,-0.1398,1.2823,0.001,-0.0125,-0.0434,-0.0143,-0.0247,0.008,0.0002,-0.028,-0.0042,-0.0074,0.065,-0.0005,0.077,-0.0078,-0.0069,0.0889,-0.006,0.0296,0.0083,0.0072,-0.0168,-0.0056,0.0165,2.5981,-0.0147,0.0503,0.0332,0.0944,-0.0162,0.0052,0.5475,-0.0048,-0.0055,0.0057,-0.0093,0.8896,-0.0087,-0.0806,0.0192,-0.0077,-0.0268,0.0186,0.0094,-0.0176,-0.0173,-0.0797,-0.0223,0.0273,0.0195,-0.0443,-0.2506,-0.0591,-0.0415,-0.019,0.0222,0.027,-0.1509,-0.0209
350,5410,108,3,standing,-0.0019,1.5961,-0.0104,0.0214,-0.0065,0.0077,-0.034,-1.0955,0.0547,-0.0417,0.5665,0.0585,0.0872,0.3689,-0.0002,-0.0007,0.0157,0.0046,0.0149,0.0134,0.0042,0.0033,-0.0032,-0.0082,0.0143,0.0063,0.0289,0.0062,-0.0092,0.0168,-0.006,0.0294,0.0088,0.0044,-0.0145,0.0037,-0.0154,0.5094,-0.0078,0.02,0.0196,0.0291,-0.017,-0.0051,0.5879,-0.008,0.0052,-0.0086,-0.0073,0.8411,0.0098,0.079,-0.0183,0.0187,-0.001,-0.0095,0.0091,0.0106,0.0171,-0.0373,-0.0199,0.0167,0.0174,0.0259,-0.1931,-0.0273,0.0081,0.0169,0.0197,0.0175,-0.1017,-0.0244
351,5411,108,3,standing,-0.0003,1.6064,0.0042,0.0215,-0.0172,-0.0322,0.027,-1.0469,0.0518,-0.0613,0.5263,0.0373,0.0973,-0.3574,-0.0817,-0.0728,0.0196,0.0146,0.2326,-0.332,-0.3025,-0.2457,0.2981,0.2786,0.1017,0.0508,0.0807,0.1003,-0.1122,0.1506,-0.0063,0.0287,0.0185,0.0002,-0.0158,-0.009,-0.001,0.7082,-0.0145,0.01,-0.02,-0.0205,-0.0149,-0.0067,0.5465,0.0059,-0.0051,-0.0084,-0.0001,0.8977,-0.0068,-0.1197,-0.0062,0.0061,0.0221,0.008,0.0097,-0.0192,0.0335,-0.0193,-0.0179,0.0232,0.0088,0.0262,-0.2205,-0.0244,0.0098,-0.0099,0.0268,0.0178,-0.1395,-0.0259
352,5412,108,3,standing,-0.0114,1.7406,0.0005,-0.0084,-0.0433,-0.0002,-0.0518,-0.8192,0.0746,-0.0695,0.3772,0.0364,0.2269,0.3578,-0.025,-0.0044,-0.0845,0.0503,0.1013,-0.0986,-0.0803,-0.0458,0.2329,0.1109,-0.1122,-0.01,0.0294,-0.0273,-0.001,-0.0355,-0.0221,0.0373,0.0166,0.0043,-0.0136,0.0156,0.1191,2.5592,0.1009,-0.0286,-0.2303,0.0088,-0.0051,0.0057,0.489,0.008,0.0053,0.0152,0.0159,1.0582,-0.0256,-0.6858,-0.0209,0.0179,-0.0198,0.0077,0.0291,-0.0096,-0.6063,-0.877,-0.2203,0.0585,0.0776,0.8971,-0.2603,0.0455,-0.2162,-0.0222,-0.0073,0.0409,-0.1309,-0.1509
353,5413,108,3,standing,-0.0049,2.0973,0.0112,0.0631,-0.0581,0.0465,-0.0222,-0.8398,0.0327,-0.0869,0.3976,0.0332,-0.1695,1.2672,-0.152,0.026,-0.0741,-0.1856,0.3584,-0.2285,-0.2521,-0.2857,0.4088,0.2496,0.3059,0.001,0.0277,0.0803,0.0005,-0.3874,-0.0001,0.008,0.0249,0.0045,-0.0002,0.0042,0.0221,-0.6489,0.0509,0.0155,-0.0091,-0.0063,-0.0077,0.0047,0.5467,0.0052,0.0051,-0.0082,-0.0078,0.9993,-0.0086,0.0473,-0.0194,0.0198,-0.0256,-0.0192,0.02,-0.0238,0.0168,-0.1192,-0.0223,0.0259,0.0187,0.0328,-0.2208,0.0206,0.0335,0.0375,0.027,0.0353,-0.1107,0.019
354,5414,108,3,standing,0.0117,-0.7373,0.0032,-0.0327,-0.0002,-0.0411,0.028,0.5918,-0.027,-0.0074,-0.2638,-0.0515,-0.0792,-0.3342,-0.0856,-0.0625,-0.0943,0.0008,0.0503,0.0355,-0.001,0.0088,0.0259,0.0803,0.0238,-0.0249,0.0184,0.0276,-0.0248,0.0434,-0.0031,0.0309,0.0189,0.0168,-0.0065,-0.0047,0.1195,1.559,0.1105,0.0741,0.4957,0.1009,-0.0145,0.0064,0.5375,0.0067,-0.007,-0.0086,-0.0466,0.876,0.0207,0.6961,0.0202,-0.0209,-0.01,0.0095,0.0206,0.0072,-0.0185,0.2167,-0.0335,0.0093,0.0293,0.1124,-0.1309,0.02,0.101,0.0594,0.0373,0.1396,-0.1503,0.0332
355,5415,108,3,standing,0.0122,-0.6692,0.0046,0.0469,-0.0006,-0.0213,0.0698,0.3895,-0.0222,0.0718,-0.1651,-0.0514,1.0871,-0.2349,0.0973,-0.0375,0.2068,-0.3364,0.2619,0.3586,-0.2789,-0.3672,0.286,0.2981,-0.3078,-0.0506,-0.1104,-0.4434,-0.4843,-0.5465,-0.0807,0.029,0.0085,-0.0002,0.0257,-0.0087,0.0001,2.559,0.01,0.0221,-0.0082,-0.001,-0.0152,-0.0067,0.532,-0.0061,-0.0083,-0.0184,-0.0074,0.945,0.0063,-0.1195,-0.0096,0.0077,-0.0188,0.0062,0.0079,0.0199,-0.0576,-0.0476,-0.1122,0.0237,0.0332,0.1014,-0.1306,0.0262,0.0434,0.0231,0.0091,0.057,-0.1007,-0.0266
356,5416,108,3,standing,0.041,-0.6374,0.0585,-0.0077,-0.0695,-0.0961,0.0196,0.4549,-0.0262,0.0008,-0.2407,-0.032,1.1768,-0.3772,-0.2655,0.0856,0.2742,-0.354,-0.368,-0.3876,0.4841,-0.4483,0.2898,-0.2564,0.3491,0.1015,0.0807,-0.2982,-0.3957,-0.3392,-0.0205,0.1193,0.1009,-0.0504,-0.0212,0.0456,0.017,2.8862,0.1122,-0.02,-0.6097,0.2165,-0.0046,0.0063,0.5469,0.009,-0.0065,-0.0086,0.0194,0.8958,-0.0249,-0.1103,-0.0079,-0.0099,0.027,-0.0181,0.0286,-0.0067,-0.1308,-0.2305,0.7817,-0.1508,-0.3502,4.6693,-0.7475,-0.8416,-0.7301,0.0791,-0.1001,-0.2252,-0.3752,0.3995
357,5417,108,3,standing,-0.0018,1.4665,0.0132,-0.055,-0.0313,-0.0467,0.0212,-1.0774,0.0626,-0.0873,0.5825,0.0549,-0.1581,-0.4083,0.0943,-0.0406,-0.1953,0.3046,-0.2077,0.2386,-0.3744,0.2982,0.0509,-0.2447,0.3575,-0.0007,0.0809,0.2857,0.3896,0.397,0.0036,0.0084,0.0085,0.0069,-0.0066,-0.0041,0.1198,2.5592,-0.0562,-0.0001,0.0485,0.1013,-0.0072,0.0078,0.5465,0.0064,-0.0091,0.0188,0.0094,0.9604,0.0002,0.0095,-0.0056,0.0187,-0.01,0.0098,0.0268,-0.006,-0.02,-0.0476,0.1307,-0.0093,0.1503,-0.3003,-0.3019,-0.1009,0.2162,-0.0239,-0.019,0.1105,-0.1024,-0.0332
358,5418,108,3,standing,0.0025,-0.7161,0.0003,0.0196,0.0084,-0.0189,0.0164,0.4891,-0.0415,-0.0317,-0.2708,-0.0514,-0.0723,-0.3898,-0.001,-0.0168,-0.026,0.0226,0.0193,0.0085,-0.0043,0.0082,0.0024,-0.0059,0.0141,-0.0035,0.0294,-0.0036,-0.0245,0.0277,-0.004,0.0291,0.009,0.0074,-0.015,0.0057,-0.0002,1.4766,0.0049,0.0222,-0.0695,-0.0962,-0.0151,0.0055,0.5854,-0.0072,0.008,-0.0052,-0.0163,0.8865,-0.0001,0.1307,-0.017,0.0092,-0.0504,-0.0247,0.0194,-0.0086,-0.0806,-0.0183,0.027,0.0303,0.0169,0.1193,-0.2257,-0.1018,-0.0775,0.0173,0.0177,-0.0699,-0.1503,-0.01
359,5419,108,3,standing,0.0116,-0.6334,0.0049,0.0004,-0.0166,-0.0328,0.0411,0.9444,-0.0584,-0.0778,-0.4343,-0.0812,-0.068,1.359,-0.0922,-0.0215,0.1742,-0.2344,0.2062,-0.2457,0.2698,-0.1195,0.2785,0.4083,-0.0803,-0.0505,-0.0163,-0.3082,-0.2958,-0.1505,-0.01,0.0001,-0.0002,0.0136,0.0155,-0.001,-0.02,2.8838,-0.0245,0.0408,0.1005,-0.0332,-0.0051,-0.0068,0.5793,0.0065,-0.0053,-0.0069,-0.0173,0.9799,-0.0247,0.6471,0.0096,-0.0246,-0.0373,-0.0089,0.0237,0.0273,-0.1105,-0.1309,-0.1012,0.0181,0.0277,0.0708,-0.1772,-0.0449,0.1124,-0.0192,0.0222,0.0794,-0.1374,-0.027
360,5420,108,3,standing,-0.0011,2.4202,0.0103,-0.0092,-0.0084,-0.0417,-0.0253,-0.9968,0.0549,-0.021,0.4427,0.0616,0.0723,0.1543,-0.0189,0.0207,-0.0896,-0.0947,0.0505,0.0007,-0.0002,0.006,-0.0001,-0.0226,0.0276,0.0205,0.0172,0.0078,0.0182,0.0142,-0.0154,0.0286,0.0074,0.0034,-0.0153,-0.0065,0.0804,1.5567,0.0156,-0.0063,0.1015,0.0157,-0.0148,-0.0045,0.5873,-0.0046,-0.005,-0.0188,0.0069,0.987,0.0176,0.0277,0.0075,0.0077,-0.001,0.0087,0.0061,0.0083,-0.01,0.0191,-0.0244,0.0195,0.0222,0.059,-0.2205,0.0379,0.0394,0.0197,0.0181,0.008,-0.1179,-0.0206
361,5421,108,4,walking,0.1556,-1.0925,-0.1385,-0.7161,-0.6451,-0.8153,-0.2075,0.5043,-0.0618,0.0072,-0.3364,-0.0741,1.0873,-0.3882,-0.0548,-0.377,3.4962,2.6855,-1.2826,-1.2958,0.3092,-0.2459,0.6961,0.3474,0.6663,0.3967,-0.609,-2.4083,-0.4488,-0.478,-0.7902,-0.8492,-3.6599,-0.4578,-0.0181,0.0488,-0.8946,0.9851,0.0464,-0.1502,-1.8333,-2.5322,-0.101,0.0326,0.5786,-0.0505,-0.1193,-1.9278,-0.0803,0.4554,1.9777,-0.8719,-1.7791,0.2205,0.3012,0.0406,0.1104,0.1306,0.9426,-0.3505,-1.0332,0.0456,-0.968,-0.5015,-0.5289,-1.0608,-0.7628,0.2251,-0.3005,-1.5707,0.3646,-0.9568
362,5422,108,4,walking,,,,,,,,0.4016,,,,,,,,,,,,,,,,,,,,,,,,,,,,,,,,,,,,,,,,,,,,,,,,,,,,,,,,,,,,,,,,
363,5423,108,4,walking,-0.0712,0.6018,0.0874,0.5121,0.0514,0.1375,0.0165,-0.5894,0.0069,0.0328,0.1642,0.0218,0.0941,-0.3496,0.0464,-0.2633,1.2988,-0.2422,0.1955,-0.4963,0.4484,2.3973,0.2559,0.7906,-0.3685,-0.2787,0.1017,-0.6783,-0.465,-0.4595,0.4794,-1.894,1.609,0.568,-0.7082,0.3886,3.6693,0.6897,0.4857,-0.1507,-1.9977,-1.6348,0.0222,0.1005,0.6306,0.1192,-0.0807,1.765,-0.0505,0.547,-2.0286,0.7898,1.5341,0.3019,-0.2207,0.3007,-0.2309,-0.3504,0.5276,0.5187,-0.7233,0.2808,0.4016,-0.7449,-0.1121,-0.0708,-0.4993,0.3453,-0.2506,-1.4368,-0.1106,-1.8273
364,5424,108,4,walking,,-0.9073,-0.3197,0.0447,,,,,,,,,,,,,,,,,,,,,,,,,,,,,,,,,,,,,,,,,,,,,,,,,,,,,,,,,,,,,,,,,,,,
365,5425,108,4,walking,-0.0891,-1.2038,0.0188,-0.0085,-0.1794,-0.0933,0.1286,0.5566,-0.0693,0.1374,-0.2859,0.0414,-0.1665,-0.2619,-0.0569,0.0741,1.2318,2.588,1.493,3.755,0.2984,5.3979,7.4583,-0.2489,-0.9942,0.3477,0.4861,1.466,6.3536,-0.789,-0.0225,2.567,-1.8717,0.3776,-0.5743,0.6744,-1.9851,0.544,-0.0408,-0.0399,0.0642,1.4792,0.1305,-0.1103,0.5751,0.0509,0.1506,1.6895,0.0409,0.4758,-0.9764,0.3457,1.4303,0.1008,-0.1197,-0.0873,-0.2165,0.0196,-0.3009,-0.3804,1.0863,-0.0897,0.4292,0.9558,-0.2209,1.0608,0.7233,-0.001,-0.0003,-0.6708,0.2244,-0.8192
366,5426,108,4,walking,0.1135,-1.291,-0.1258,0.0973,0.1519,0.2374,0.0196,0.9444,-0.06,-0.0547,-0.407,-0.028,-0.289,-0.2408,0.3825,-0.1795,1.2091,2.1842,3.4922,0.3957,-0.5094,5.4827,2.366,-0.4572,-0.7832,-0.0782,-0.3085,-0.6781,-0.3775,-0.6561,0.0328,-3.6677,-2.3376,0.4469,-0.0499,0.8946,0.5579,0.8868,-0.1199,-0.1121,-2.9123,-0.8498,0.0508,0.0051,0.5952,0.0156,0.0202,2.636,-0.1014,0.4506,-0.6483,-0.3508,1.5648,0.2209,0.1003,-0.1308,-0.0806,-0.1107,-0.9892,-0.9718,-1.427,-0.301,-0.9088,-1.877,-1.845,0.4999,0.8664,-0.0542,-0.1506,-0.9446,0.0003,1.8489
367,5427,108,4,walking,-0.1872,-1.1436,0.0628,-0.1389,-0.0943,-0.1555,0.089,0.4986,-0.0174,0.0581,-0.1795,-0.0464,1.2925,-0.6094,0.2637,0.0044,3.3958,2.2362,-0.6883,-0.7933,0.3496,1.5961,-1.0765,-1.6793,-0.5082,-0.035,0.3869,-1.4577,0.4087,0.4794,0.7085,-1.8851,2.9976,0.3548,0.9766,-0.8075,-2.7892,0.5464,-0.2167,0.1507,1.6379,1.5623,0.0663,0.022,0.5727,0.0505,0.1013,2.9604,-0.2503,0.4573,-0.7384,-0.5695,2.6108,0.2803,-0.3402,-0.1194,0.0809,-0.2205,-0.846,0.4396,-0.8498,-0.2302,0.2605,-0.4004,-0.3014,-0.8273,0.3009,-0.3609,0.0708,1.8952,-0.3704,1.7299
368,5428,108,4,walking,-0.1291,0.8892,0.1186,0.171,-0.0872,-0.1646,0.135,-0.4515,0.0947,0.0162,0.079,0.0325,1.2466,-0.3342,0.2052,0.1944,-0.3797,-0.3696,0.3078,-1.3543,-0.2639,2.2368,0.0558,3.654,-1.046,0.068,-0.0099,-1.7532,-0.2973,0.3898,0.4961,1.3475,2.6763,-0.6956,-0.4895,0.5981,-1.8695,0.5464,0.0262,0.1102,-1.767,-1.8957,-0.0506,-0.1002,0.5577,0.2203,-0.0217,2.8437,-0.1127,0.5375,-0.7419,-0.9311,2.5809,0.119,-0.2309,0.1011,0.1302,0.0807,-0.832,0.8656,0.7982,-0.0003,-0.3014,-0.4014,0.3503,-0.877,-0.8952,-0.2508,0.2241,-0.7143,-0.1504,1.4369
369,5429,108,4,walking,0.0111,-1.2598,0.0046,-0.0892,-0.0942,-0.0584,0.0794,0.5962,-0.0618,-0.0008,-0.269,-0.0499,0.1572,-0.4796,0.2481,-0.2036,1.5077,2.3327,0.6523,3.5886,-0.3983,5.3785,-0.5595,0.6428,1.5789,0.0375,0.4856,-0.8876,-0.4466,1.6768,-0.3878,2.8049,2.6061,0.6934,0.4552,-0.7093,-0.534,0.7417,0.0503,0.0456,0.8398,-1.9558,-0.0205,-0.0803,0.546,-0.1121,-0.022,2.977,-0.1012,0.4751,-0.6154,-0.8766,1.7971,-0.1308,-0.2163,0.1008,0.0363,0.2305,0.0373,-0.63,-0.8192,0.0247,0.3502,0.7326,-0.1196,-1.5695,-0.6276,0.2202,-0.1102,-1.4014,-0.2259,-0.826
370,5430,108,4,walking,-0.0115,-1.1707,0.0464,-0.1154,-0.1858,-0.0596,-0.0092,0.4846,-0.0009,-0.0847,-0.2345,-0.0695,0.352,-0.656,0.1643,-0.0941,1.2884,3.5936,2.3885,0.2481,0.6634,-1.4933,-0.9989,0.2532,-1.5591,-0.037,-0.2783,0.6851,0.5042,0.3986,0.4062,0.4469,-3.9837,0.5788,-0.7597,-0.7956,1.8063,0.7778,0.028,0.0509,0.9467,-0.4368,-0.1012,-0.001,0.5326,-0.1302,-0.119,3.7384,-0.0409,0.489,0.732,0.1507,2.9088,-0.2164,0.1002,-0.2253,-0.2607,-0.1104,-0.4011,0.7633,0.7406,0.0803,-0.2807,1.7369,-0.1122,-0.5408,-0.3453,0.2505,0.0172,-0.0658,-0.2209,1.7428
371,5431,108,4,walking,0.1867,-1.2861,0.0613,0.089,0.2372,-0.1496,0.1255,0.593,-0.0182,0.0033,-0.2456,-0.0943,0.2975,-0.4088,0.1746,-0.0468,1.3586,2.4484,-0.4841,0.3683,-0.2774,-1.6585,3.0558,-0.4798,-0.4542,0.0326,0.0794,-1.696,-0.7037,0.5087,0.1014,1.3497,-3.7773,0.3881,-0.6664,0.4952,-0.7893,0.5499,0.0217,0.0503,-2.638,-0.7962,0.0003,0.0247,0.6108,-0.0273,-0.0205,2.7406,0.0408,0.5509,-0.5695,-0.5328,5.5795,0.3015,-0.3508,0.1196,0.2259,0.2205,0.0646,-0.0456,-0.6708,0.1304,-0.3708,0.4357,-0.0642,-1.4666,-0.8912,0.1109,0.1504,-2.9644,-0.2807,0.7675
372,5432,108,4,walking,-0.0942,-1.2364,0.0796,-0.2613,-0.1225,-0.2718,-0.0169,0.4483,-0.055,-0.0417,-0.0699,-0.023,-0.1463,-0.4565,0.038,-0.1954,1.4085,2.0849,3.2872,-0.3973,0.2494,0.5889,0.367,-0.5586,0.3782,-0.0035,-0.0363,-2.3461,-0.7768,-1.5775,0.3395,-0.6041,1.8492,0.4762,-0.3867,0.4666,0.7956,0.9893,0.1103,0.0505,0.902,-1.8743,-0.1121,-0.0809,0.5953,-0.0007,-0.1015,-0.4892,0.2251,0.5384,1.714,-0.8811,-1.8191,0.1195,0.2808,-0.1006,-0.2167,0.3458,0.8391,0.7266,-0.7897,0.1505,-0.301,0.3502,-0.0663,-0.3995,-0.8428,0.1305,0.2602,-1.7633,-0.2503,1.7464
373,5433,108,4,walking,-0.0113,-1.2064,0.0943,-0.0896,-0.1257,-0.1742,-0.0619,0.5591,-0.0546,-0.0088,-0.289,-0.0415,0.2985,-0.2582,-0.2272,0.3886,1.4577,-1.4056,3.2694,-0.5923,-0.2463,-0.3784,2.6544,1.3058,-1.6947,-0.0798,-0.4876,5.7539,-0.3695,-0.5035,0.3462,-2.7941,-0.4902,0.8966,-0.0663,0.6761,0.5417,0.7071,-0.1015,0.0408,-0.6081,0.7468,-0.0327,0.027,0.5759,0.0506,0.001,-3.9799,-0.1307,0.5008,-0.7851,-0.3452,-1.719,0.2166,0.0456,0.0809,-0.1002,-0.2809,0.8095,-0.3503,-1.9344,-0.1191,0.6143,0.5015,-0.2605,1.1787,0.8273,0.1506,0.2303,0.4303,-0.1109,0.8315
374,5434,108,4,walking,-0.0812,-1.1546,0.1801,-0.2326,-0.2598,-0.6014,0.0796,0.4049,-0.135,0.1436,-0.2403,0.0941,0.1654,-0.2972,0.0586,0.2893,2.5585,1.3368,-0.7562,3.582,-0.0063,1.4882,5.6542,-2.6467,-1.7943,-0.3873,0.2757,-3.6984,-1.6699,-2.3078,-0.5988,1.4489,-1.8695,-0.8095,0.4774,0.6061,-1.7198,0.7045,-0.0694,0.0436,-1.903,-2.42,0.2258,-0.028,0.5009,-0.0007,-0.1102,1.7408,-0.1302,0.5384,1.764,-0.0395,1.8191,-0.1503,-0.3009,0.1005,0.301,0.3456,0.3143,-0.3708,-1.0488,-0.1012,0.3991,0.9123,-0.3804,1.9278,0.3504,0.0508,0.1198,0.7792,-0.2308,0.5998
375,5435,108,4,walking,-0.0963,0.5341,-0.0112,-0.2364,-0.0889,-0.1362,-0.0585,-0.8139,0.0797,-0.0675,0.3661,0.0345,0.1953,-0.3781,0.0065,-0.048,1.3346,-0.2042,0.2744,-1.5866,-0.3082,2.296,0.2891,-0.4941,-0.5094,-0.0215,0.0807,-0.7988,-0.4798,0.3977,-0.0009,-1.6784,3.5699,-0.5948,-0.5793,-0.7868,-1.5596,0.7438,-0.1015,0.407,-0.6987,-2.9028,-0.4326,0.1196,0.731,0.2807,-0.4296,-3.5499,-0.3015,0.4507,1.9773,0.3703,-1.7212,-0.1502,-0.3458,0.0508,0.1309,-0.3609,-0.2257,-0.1102,-0.5175,-0.2608,0.2209,-0.3008,0.2308,1.0458,0.8616,0.0933,-0.1121,-0.7624,-0.2503,1.0196
376,5436,108,4,walking,,,,,,,0.2258,,,,,,,,,,,,,,,,,,,,,,,,,,,,,,,,,,,,,,,,,,,,,,,,,,,,,,,,,,,,,,,,,
377,5437,108,4,walking,,,,,,,,,,,,,,,,,,,,,,,,,,,,,,,,,,,,,,,,,,,,,,,,,,,,,,,,,,,,,,,,,,,,,,,,
378,5438,108,4,walking,0.1281,-1.2691,0.1343,0.0184,0.0011,0.2042,-0.1056,0.5894,-0.0873,-0.0961,-0.2749,-0.0563,0.1916,-0.2598,0.1789,0.1865,1.079,3.3668,2.4083,-1.6697,-0.5592,-2.4523,1.7582,0.2406,1.4874,0.2896,0.3588,-2.5085,1.296,1.3786,-0.7077,-1.3954,-0.8076,-0.3499,0.0415,0.4793,-1.5969,0.6462,0.0005,0.1197,1.4479,-0.7233,0.0345,0.022,0.5326,0.0187,0.0505,-1.8398,0.1012,0.6772,-0.5713,0.2807,-1.9644,0.3018,-0.1506,-0.0804,0.1109,-0.2508,0.7871,-0.4018,-0.8482,0.0142,0.3452,-0.4008,-0.2205,0.8998,-0.5757,-0.0872,0.1129,-0.8754,-0.1309,0.9153
379,5439,108,4,walking,0.0625,-1.2962,-0.1143,0.0818,0.0933,-0.1469,0.0195,0.5585,-0.041,-0.1315,-0.2466,-0.0721,-0.269,-0.6086,-0.0065,0.1931,1.2774,2.2384,-0.7973,3.2078,-0.3094,-0.3577,-0.5967,0.2846,-1.3898,-0.3475,-0.4972,-0.7092,-0.3689,0.6882,-0.038,-1.3763,0.5741,0.5899,-0.0542,0.4853,-1.8333,0.4445,0.0214,0.1018,1.7617,1.9664,-0.0503,-0.0806,0.5087,-0.1306,-0.1194,0.5619,-0.1002,0.4005,-1.8326,-0.3292,-0.888,0.2608,0.3502,0.2205,-0.3005,0.1127,-0.935,-0.0485,-0.0658,0.0488,0.0581,0.0409,-0.2305,1.9726,-0.8398,0.1103,0.0005,1.1283,-0.2169,0.6193
380,5440,108,4,walking,-0.1063,-1.1868,0.0188,-0.2082,-0.0427,-0.0878,0.1346,0.3985,-0.0042,-0.1286,-0.1547,0.0573,-0.2402,-0.6972,0.266,-0.0981,1.3536,0.5948,-0.7596,2.289,-0.2345,-1.2956,1.5549,3.3389,0.7799,-0.388,0.3787,5.677,-0.5864,0.6591,0.0632,-1.6695,0.7434,-0.4497,0.0792,-0.5053,-0.5799,0.3454,0.0328,0.1105,1.5427,0.6604,-0.0009,0.0803,0.5852,-0.0504,-0.01,-3.5491,-0.119,0.5013,-0.9344,0.768,-2.8428,0.1502,-0.1129,-0.1009,0.2253,-0.0708,0.7949,0.4272,0.0644,0.1017,0.0458,0.4303,-0.4003,-1.9894,0.5165,0.0608,0.0183,1.0332,-0.2606,-0.6103
381,5441,108,4,walking,0.1042,-1.1646,-0.0113,0.0941,0.0881,0.1415,0.1258,0.9777,-0.0585,0.0017,-0.4823,-0.0638,0.2761,-0.3589,0.1865,0.2893,1.3064,2.2982,0.3344,-0.8897,-0.4573,0.7598,-0.6047,3.2402,2.3786,0.4976,-0.038,-0.0743,0.5966,0.574,-0.5584,1.347,1.7936,-0.566,0.3904,-0.6791,-1.8768,0.545,-0.1122,-0.0807,-0.9499,-1.7369,-0.1004,-0.01,0.6951,-0.1305,-0.1508,2.4197,0.0394,0.53,0.903,0.7418,1.5384,-0.2808,0.3006,-0.1194,0.0509,-0.3608,0.6317,-0.9567,0.6138,0.1019,0.2254,-0.7778,-0.4005,1.8473,-0.3506,-0.0009,-0.0262,-0.83,0.2243,-0.9773
382,5442,108,4,walking,-0.1207,-1.2863,0.1475,0.0542,0.1786,-0.1669,0.0326,0.506,0.0095,-0.0973,-0.1874,-0.0192,1.2082,-0.3589,0.2943,0.2281,3.9976,2.4866,1.3057,-0.3347,-0.3964,1.4068,-1.2384,-1.2465,0.2704,-0.0217,0.5849,2.8898,1.4638,0.3696,0.0891,-3.8034,-1.7954,-0.379,0.7056,-0.0655,-2.4541,0.3709,-0.4423,0.1504,-1.9467,0.5985,0.2202,0.1018,0.4757,-0.1195,0.1002,2.716,-0.1302,0.4403,-0.8273,-0.0507,2.7887,-0.3642,0.7798,-0.0005,-0.3508,0.4011,0.0262,0.0266,-1.719,-0.0193,-0.725,-0.5132,-0.3605,1.9123,-0.83,-0.0962,0.3452,-0.4991,-0.1122,0.9718
383,5443,108,4,walking,0.1272,-1.0942,-0.1098,0.5013,-0.2795,1.0796,-0.0891,0.459,-0.0146,-0.0328,-0.1344,0.006,-0.252,-0.3343,0.0438,-0.1689,-1.5583,-2.2639,-0.2964,2.2362,0.0699,0.658,0.0577,3.5849,1.594,0.4763,0.6876,-2.6694,1.507,1.8867,-0.3786,-1.5015,-2.8569,0.3463,0.3687,0.4861,-0.7475,0.7879,0.1308,0.0009,-0.5499,-2.5322,-0.0225,0.0507,0.5664,0.1198,-0.0097,1.5792,-0.0184,0.4507,-0.9355,0.2162,1.1581,0.1126,0.1506,-0.0804,0.1011,-0.2606,-0.935,0.3603,1.0495,-0.1009,0.3019,-0.8213,-0.3006,-1.7117,-0.73,0.1107,-0.0001,0.3254,-0.2505,1.3136
384,5444,108,4,walking,0.062,-1.2542,0.0774,-0.0946,-0.1864,-0.1258,0.0468,0.4486,-0.0549,-0.0184,-0.1347,-0.0082,0.2391,-0.3685,0.1517,-0.2283,1.354,2.3392,3.4561,-0.2638,-0.6908,-0.8927,0.246,-2.2843,-0.7098,-0.038,0.3988,2.3467,-0.4873,-0.5565,0.0508,2.7894,-1.5975,-0.023,-0.1191,-0.3796,0.8799,0.5097,-0.1129,-0.1303,1.0603,-0.7763,-0.2166,-0.0804,0.6653,-0.0008,-0.2202,-2.5775,0.1104,0.5623,1.725,0.9037,-2.7971,-0.3013,0.4015,-0.2258,-0.3609,-0.1019,0.4369,-0.622,-0.5175,0.1009,0.3706,-0.414,-0.0708,1.6003,0.935,0.2308,-0.3408,0.764,0.2242,1.527
385,5445,108,4,walking,-0.1606,-1.1439,0.0718,0.2042,0.04,0.2361,-0.1183,0.3374,-0.0185,-0.0328,-0.089,-0.056,0.2698,-0.3696,-0.1782,-0.0922,1.494,2.3069,-1.2757,-1.377,0.3879,-0.5943,0.5895,3.4425,-0.5084,-0.4789,0.5566,-1.6468,-0.2972,-0.6775,0.3577,-1.7856,-0.7198,0.4873,-0.1191,-0.7699,-1.8846,0.6586,-0.1503,-0.0409,1.8716,1.6382,0.0216,0.0203,0.537,0.1013,0.0504,-1.948,-0.1104,0.4405,-1.8391,-0.6311,-1.427,0.2303,-0.1003,0.3015,0.2608,0.2205,0.3452,0.7805,-1.4223,-0.0007,0.5276,0.0388,-0.3403,-0.8498,0.0394,0.1129,-0.1302,1.9726,-0.2169,0.9317
386,5446,108,4,walking,0.1857,-1.0546,0.0615,-0.6451,-0.0985,-0.8491,0.077,0.4043,-0.0042,0.0188,-0.2841,-0.0812,-0.1652,-0.3396,0.1768,0.3583,1.5082,2.2637,3.2376,0.6047,-0.6904,-1.6784,1.4974,-0.2436,-0.4892,0.5598,-0.2966,-2.4463,-0.759,-2.7961,0.3886,2.5839,-1.9762,0.4573,0.5699,0.5965,-1.6494,0.538,0.036,0.0809,-0.7862,1.5013,-0.1505,-0.1008,0.5752,-0.0508,-0.1124,-1.4348,0.1306,0.5426,-1.9666,0.8972,-1.7793,-0.1102,-0.0211,0.1014,-0.1195,-0.3011,-0.3997,-0.4396,0.4254,0.2304,-0.2209,0.9509,0.8744,-0.9567,-0.8443,0.0332,0.2809,-0.5449,-0.3644,-0.6397
387,5447,108,4,walking,-0.0516,-1.1542,0.0898,-0.1852,-0.0973,-0.2763,0.1774,0.4083,-0.1259,-0.0692,-0.1347,0.0749,0.2884,-0.3466,-0.0082,0.3389,1.3565,2.585,3.2378,0.457,-0.3881,-0.6769,-2.4841,-2.2443,0.7961,-0.2685,0.0176,1.8064,-0.8897,1.6893,0.4639,2.6054,-0.9475,-0.0461,-0.377,-0.0406,0.7184,0.5586,-0.037,0.0603,-0.4496,1.5289,-0.1192,0.0509,0.56,0.0005,-0.1015,2.9073,0.2308,0.452,-0.7791,-0.4165,1.875,0.3451,-0.5799,-0.1303,-0.1109,-0.3703,0.728,0.9545,1.6451,0.0215,0.719,-0.9236,-0.3003,-0.3125,0.3503,-0.1504,0.3013,0.3649,-0.1009,0.3143
388,5448,108,4,walking,-0.1364,-1.255,0.0943,0.2675,0.1093,0.2701,-0.177,0.5769,0.0737,-0.144,-0.3385,-0.0439,-0.3874,-0.4789,0.1646,0.2391,1.2983,2.289,3.0879,1.206,-0.6684,-0.9968,1.0061,-0.6598,-1.8848,-0.0562,-0.0631,-2.5541,-0.5963,-2.3577,0.4986,1.4492,-1.4581,0.8076,0.3652,0.9517,-0.6782,0.5618,0.1106,0.1195,1.5853,-0.7169,-0.1305,0.0205,0.5869,-0.1004,0.1503,1.9644,-0.0326,0.5468,-1.7897,-0.0458,0.9613,-0.0007,-0.0506,0.3457,-0.2167,0.028,-0.8766,-0.73,-1.714,0.2208,-0.722,-0.9499,0.3005,-0.4249,-0.8482,-0.2507,-0.1127,1.4272,0.2608,-0.6146
389,5449,108,4,walking,0.0963,-1.085,-0.1803,0.5123,0.1786,0.2382,-0.1152,0.4813,-0.0174,0.0465,-0.056,-0.1257,1.0766,-0.407,0.2972,-0.2078,2.3697,-2.58,3.3877,-0.3093,-0.3543,1.5542,0.9862,-1.4575,-2.4483,-0.2861,0.2791,2.3788,-0.8032,-1.3484,-0.9981,-1.6468,-1.3346,0.6949,-0.7985,-0.4796,1.0695,0.5942,0.022,0.0804,-0.9452,-1.679,-0.0247,-0.0007,0.561,-0.0509,-0.01,-2.8716,-0.1108,0.4506,0.5313,0.737,-2.7618,-0.2205,-0.1199,-0.1509,-0.1002,-0.3409,0.5013,0.3003,1.9079,0.0078,0.923,-0.9762,0.9437,1.5249,0.8191,0.0818,0.1012,0.0451,-0.3804,1.4234
390,5450,108,4,walking,0.0182,-1.0867,-0.0943,0.144,0.0083,0.0411,0.1345,0.5964,-0.0523,0.037,-0.1744,0.0615,0.2655,-0.2402,0.0798,0.166,1.6569,-0.9942,2.5894,0.8973,-0.4985,-0.3979,3.3384,0.3536,-0.2557,-0.0509,-0.3862,-1.3763,-0.7866,-0.8747,0.7775,-1.5413,0.34,0.489,-0.7468,0.4638,0.761,0.4807,-0.1305,-0.1194,-1.8872,1.9604,0.0803,-0.0209,0.5758,-0.0007,0.1017,-0.5648,0.1006,0.4553,-1.9777,-0.3709,-1.5617,-0.3017,0.2808,-0.2254,-0.1129,-0.2242,0.3608,-0.958,-0.8695,-0.0549,-0.862,1.3506,0.9574,-0.974,-0.9319,-0.0441,-0.2307,-0.3156,-0.1508,-1.619
391,5451,108,4,walking,-0.0182,-1.2989,0.0885,0.1786,0.0437,-0.1462,-0.0375,0.5943,-0.0078,0.0549,-0.2684,-0.0718,1.348,-0.4095,-0.1519,0.1652,-0.685,2.3547,3.5822,-1.3327,-0.4425,-0.2361,-0.6966,1.8831,-1.3965,-0.286,-0.649,-1.5542,-0.3696,-2.4598,-0.0693,-3.4675,-1.5763,0.5695,-0.767,0.0759,-0.4851,0.6774,-0.0971,0.0388,-0.8391,0.9997,-0.0003,-0.0225,0.561,-0.0001,0.001,-1.7712,-0.1191,0.541,-1.8313,0.8737,-1.8443,-0.3011,-0.2205,-0.0803,-0.1509,-0.3409,-0.4259,-0.2169,-0.7981,-0.2605,-0.0485,-0.6604,0.3605,-1.6303,0.6143,-0.1015,0.0488,-1.3509,0.2242,0.946
392,5452,108,4,walking,0.1364,-1.252,-0.0818,0.5124,-0.0077,-0.6309,0.0694,0.5863,0.0183,-0.077,-0.2768,-0.034,-0.2459,-0.339,0.0598,0.2884,1.6562,2.5086,3.6692,0.0985,-0.2639,-0.4582,-2.7546,-0.6042,-0.5593,-0.3489,-0.4781,0.3099,-0.6949,0.7437,-0.3888,2.5617,-1.5744,0.3687,0.3572,-0.021,-1.5398,0.4891,-0.0509,0.0465,1.7961,-1.4323,0.1198,0.0209,0.538,0.1127,-0.1306,-2.9446,-0.1003,0.4852,-0.7818,-0.9713,-2.7369,0.0708,-0.4014,-0.1109,-0.0806,0.2609,-0.9523,-0.6717,-0.3998,-0.1505,-0.3459,0.7344,-0.4298,-1.9574,-0.9645,0.0171,0.101,1.4358,-0.0007,0.9777
393,5453,108,4,walking,-0.2369,-1.1291,0.1607,-0.1398,-0.0972,-0.1438,0.0183,0.4486,-0.0059,0.0577,-0.2896,-0.034,0.0433,-0.3942,-0.0892,-0.2618,1.367,2.658,3.6088,0.5093,0.4884,0.7943,0.5861,-1.2962,-2.2746,0.4768,-0.3789,0.069,0.4585,-0.3066,0.5635,-0.9953,0.5597,-0.3414,-0.6775,0.4952,1.5404,0.6471,0.0262,-0.026,1.5665,-0.5718,-0.1197,-0.1002,0.7328,0.0504,-0.1509,-1.9887,-0.2807,0.5411,0.9517,0.7169,-1.7117,0.2258,-0.2608,0.3454,0.2169,0.3605,-0.6319,-0.8701,1.7018,0.1305,-0.7406,1.6276,0.9475,-0.7898,0.6451,0.2505,0.0006,0.7411,-0.2207,1.9278
394,5454,108,4,walking,-0.1067,-1.0815,0.1468,0.1646,0.0973,0.009,-0.1257,0.3886,-0.0645,-0.1323,-0.0198,-0.0543,1.2495,-0.3384,-0.0463,0.1953,2.4976,3.0769,1.507,-0.8825,0.3791,-0.593,0.7861,1.2681,0.5565,0.0328,0.3492,0.7596,0.3585,0.6689,0.3677,-1.8764,-3.446,-0.4799,0.3962,0.4851,-0.8094,0.4096,0.0506,0.1015,0.7942,0.744,-0.1003,0.0008,0.5426,-0.0256,0.0807,-3.9766,-0.0211,0.566,-1.5408,-0.1102,-2.5882,0.1193,-0.2608,0.2207,0.2503,0.3014,-0.3806,0.2164,-0.6306,0.0042,0.3703,0.9644,0.5491,0.3502,0.3604,0.1504,0.2257,-0.3303,-0.1129,1.6143
395,5455,108,4,walking,-0.1172,0.7161,-0.1632,-0.0788,0.0412,-0.1519,-0.009,0.4463,-0.0842,-0.0513,-0.2066,-0.0195,0.2585,-0.3891,0.035,-0.2968,0.0694,-0.2482,-0.3376,0.0961,-0.3697,0.3546,0.3941,1.4957,0.4537,-0.3092,0.4862,-0.584,-0.5983,0.798,-0.0508,-1.6769,2.6096,0.6593,0.997,0.8468,3.6487,0.5613,-0.1306,0.1197,-0.5165,1.9853,-0.0222,0.0216,0.5547,-0.1003,0.0009,-1.7873,0.2202,0.5475,-1.862,0.7723,-1.9773,0.2305,0.3007,-0.1509,-0.2809,-0.1126,-0.7464,0.3505,-0.5013,0.1015,-0.0458,-0.8913,-0.3451,1.1786,0.0449,-0.0332,0.2162,-0.5384,-0.0806,-0.8343
396,5456,108,4,walking,0.1642,-1.139,0.065,-0.1809,0.1768,-0.0882,-0.0195,0.3311,0.0047,-0.0464,-0.1466,-0.036,0.0723,-0.2405,0.2635,0.3686,1.2827,2.3861,-0.4843,3.5898,0.4065,0.8867,-0.2984,1.3946,2.3793,0.4972,-0.0213,0.347,0.3074,-1.8959,0.4479,-2.4585,1.9475,-0.5787,-0.5576,0.6973,-0.7778,0.4409,0.1015,-0.119,1.8051,1.9956,0.1303,0.0007,0.534,0.1104,-0.1121,-2.0205,0.1508,0.5596,-0.4369,-0.4014,-1.8489,-0.0505,0.2308,0.0394,0.3608,0.3453,-0.5165,0.0449,-0.7386,-0.0266,0.2252,-0.7708,-0.3009,-0.9225,0.4254,0.2166,0.1005,0.9726,0.0803,1.0457
397,5457,108,4,walking,-0.0962,0.7384,-0.0585,0.0196,-0.0078,0.1272,0.089,-0.9666,0.0769,0.0215,0.3675,0.0618,1.144,-0.3784,0.2221,0.0427,0.2556,0.3093,-0.4943,2.3497,0.3383,0.247,0.688,3.5064,0.4489,-0.3876,0.2851,-0.796,-0.3566,-0.5941,0.0399,-1.3953,-1.5895,0.4742,-0.1017,0.4587,1.6765,0.7788,0.0005,0.0503,0.4601,1.4874,-0.1309,0.1193,0.6345,0.0961,-0.1109,-1.5592,-0.2203,0.5426,0.8615,0.9817,-1.5249,0.0608,-0.3015,0.2608,0.0803,-0.2169,-0.3703,-0.9416,-0.5695,0.0872,0.1507,-0.7329,-0.1124,-0.5491,-0.7233,0.0663,0.0332,-0.1003,-0.2254,-1.0947
398,5458,108,4,walking,0.1118,-1.1258,-0.0562,-0.0165,-0.1646,-0.1041,0.0889,0.4469,-0.0325,0.0775,-0.2366,0.028,0.1396,-0.2881,0.177,0.246,1.269,3.3983,2.5961,-0.5092,-0.4095,0.7843,0.4577,0.4929,2.363,0.0437,-0.0976,2.3582,-0.3374,-2.4785,0.0034,-1.6763,-3.5556,-0.7986,-0.6893,-0.4853,0.9899,0.6494,0.0691,0.0009,-0.6193,-0.5773,-0.1129,-0.1012,0.5427,-0.0806,-0.1027,3.8897,0.0485,0.5212,-0.8467,-0.5341,1.0379,-0.0406,0.0453,-0.1194,0.2505,-0.1109,0.3991,0.0456,0.9078,0.1008,-0.3007,0.9079,-0.2602,0.4303,0.8716,0.0971,0.0002,-0.7805,-0.0505,1.3123
399,5459,108,4,walking,0.0983,-1.1291,0.1518,1.9236,2.0093,3.8495,1.2984,0.459,-0.0788,1.1346,-0.4023,-0.2489,-0.2881,-0.5041,-0.377,-0.3499,-0.6519,-1.4843,-1.5563,-0.5869,0.2782,-0.7586,-1.0874,-2.3979,-1.6798,-0.6685,-0.3368,-0.3536,-0.7742,0.4957,-0.6495,-1.5902,-2.799,-0.038,-0.0538,-0.6051,-0.8719,0.5699,-0.4423,-0.0192,1.5427,-0.9773,0.0466,-0.1127,0.536,0.1196,-0.0508,2.7896,0.0697,0.4572,1.7619,0.3402,1.7169,0.0363,-0.1015,-0.0006,0.0803,0.2208,-0.3005,0.3993,-1.6216,-0.1508,0.9437,-1.0455,-0.4004,-1.8952,0.5138,0.0881,-0.1307,1.5678,0.2305,-1.6014
400,5460,108,4,walking,-0.1311,0.799,0.0942,-0.1475,-0.0892,-0.1772,-0.0065,-0.394,-0.0185,-0.0323,0.209,-0.0469,0.0541,-0.3499,-0.1915,0.1652,-0.2457,-0.2296,-0.3879,1.3098,-0.4847,-0.4933,-0.3728,2.6897,-0.5088,0.3655,0.0508,-0.4486,0.2953,-0.4631,-0.0635,3.4583,-1.9567,0.0782,0.6462,0.5499,-2.947,0.7763,0.1503,0.0213,-0.5971,-1.7466,0.1018,-0.1194,0.5884,0.1105,-0.2308,1.9604,0.3002,0.5611,-1.738,0.1126,1.8333,-0.1309,0.1008,-0.0007,-0.2807,-0.2207,-0.7876,0.3503,0.7291,0.0803,-0.3805,0.8919,-0.2259,0.9762,0.5384,-0.0193,0.3018,0.4008,-0.2602,-1.5707
401,5461,108,4,walking,-0.1346,-1.0195,0.0811,-0.4254,-0.0514,-0.1874,-0.1582,0.5969,-0.0078,-0.0966,-0.2329,-0.1204,-0.3873,-0.6542,-0.2863,-0.2264,1.3396,2.5093,0.352,3.4475,-0.0772,-2.3491,-0.259,1.6824,-0.3967,-0.3085,-0.0631,-1.4561,0.5884,-0.6099,0.5579,-1.4097,2.987,0.5737,0.037,0.488,-0.8941,0.4786,0.1307,0.0759,-0.8749,-0.7794,0.1194,0.1003,0.5263,0.0504,0.0807,1.566,-0.1108,0.5469,1.8316,0.8852,1.622,0.0212,-0.2307,0.1126,-0.1503,0.2205,-0.4673,0.0005,-0.5408,0.2507,0.3991,0.5164,-0.3805,-0.8489,-0.6136,0.0266,0.2607,-0.3502,-0.0849,1.5109
402,5462,108,4,walking,-0.3292,-1.1936,0.048,0.1405,-0.0185,0.0788,-0.0042,0.5764,-0.061,-0.0317,-0.252,-0.0972,-0.2398,-0.6043,-0.2296,0.1656,2.4869,1.2963,-0.6692,-0.7926,0.3794,-0.9982,1.3895,3.0867,2.4486,-0.4577,-0.2768,-0.5093,-0.3053,2.4035,0.3373,-1.3984,2.7846,0.4954,-0.7547,0.8959,0.7091,0.5574,-0.0504,0.0214,-1.8273,-0.835,-0.0007,-0.1506,0.5887,0.0266,0.0209,2.9444,0.0803,0.6562,0.9764,-0.3197,1.1276,-0.2307,0.3459,-0.1008,0.2209,0.3013,0.3993,0.3709,0.6138,0.1199,-0.1102,-0.5187,-0.4017,0.6146,-1.0473,-0.0247,-0.1015,-0.327,-0.2252,1.6348
403,5463,108,4,walking,0.1344,-1.1715,-0.0695,0.255,0.0045,0.2374,-0.0184,0.6043,-0.0312,0.0547,-0.2746,-0.0986,-0.2959,-0.3718,0.2857,0.0769,1.4026,-0.7063,2.5561,-0.9831,-0.3082,0.7941,-0.6568,-1.9988,3.0897,0.4935,0.5842,-0.6694,1.3936,0.3893,-0.6775,-1.9762,-1.8567,0.8971,-0.7664,0.4873,0.8087,0.7862,0.0426,-0.0217,-0.7713,-1.3277,-0.0009,-0.0092,0.5752,-0.0151,0.0002,-0.1122,0.0503,0.5418,-1.5408,-0.0262,-0.531,-0.0332,0.1105,-0.1015,0.1199,-0.2167,0.4679,-0.3606,-0.669,0.0804,0.3504,0.968,-0.1309,-0.8316,-0.7213,-0.01,-0.0001,-0.499,-0.2805,1.5109
404,5464,108,4,walking,-0.0169,-1.2846,0.0085,-0.0427,-0.0568,-0.037,0.1272,0.5078,-0.0849,0.0718,-0.1923,-0.0944,0.139,-0.2698,-0.152,-0.0694,1.3682,0.7766,-0.4793,3.2441,-0.3475,2.5839,0.6537,-1.3095,5.3581,0.2962,0.3843,6.6074,-0.5983,0.4086,0.3356,-1.4896,3.5563,-0.5399,-0.4588,0.5797,-0.7954,0.8043,-0.1306,0.0505,-1.8464,1.6382,-0.0214,-0.001,0.6718,0.02,-0.0005,-2.8973,0.1506,0.5273,-0.6193,-0.5218,-1.9777,-0.1012,0.1122,0.2608,-0.2505,0.2257,0.3015,-0.5341,-0.9153,0.3004,0.1197,-0.8716,-0.3708,1.9589,-0.7618,-0.2808,0.1109,-0.4014,0.2307,-1.9604
405,5465,108,4,walking,0.0117,-1.1886,0.0813,0.2543,-0.0426,0.094,0.1603,0.4537,-0.0092,-0.1296,-0.2741,0.0546,-0.2332,-0.2898,-0.2056,0.077,1.3389,2.4438,3.489,0.888,0.3572,-0.7595,1.5869,-1.4791,2.3964,0.3661,0.2973,-3.5082,0.5957,-0.9766,-0.5583,-2.6879,-0.8542,-0.3463,0.7852,0.8467,0.874,0.9953,-0.1193,0.0693,1.5469,0.6077,-0.0007,-0.0803,0.4986,-0.0217,-0.1018,-3.0507,-0.1109,0.4581,-0.7475,-0.6604,-1.0488,-0.2308,-0.1005,0.0456,-0.2207,0.3452,0.8695,-0.6138,1.7382,-0.0485,0.6163,-1.6146,-0.4006,1.9666,-0.8273,-0.1122,-0.1507,1.5015,-0.1303,-1.9773
406,5466,108,4,walking,0.1762,-1.2976,0.0941,0.1272,0.1415,-0.0894,0.0142,0.3947,0.0774,-0.036,-0.1659,-0.0513,1.3586,-0.348,0.2269,-0.252,2.2893,3.3865,5.3743,-0.4563,1.2782,0.3326,7.3087,0.6424,-1.4884,0.4675,-0.5583,-0.889,-0.4979,-0.6877,0.0056,-1.4436,2.8967,0.0692,-0.4097,-0.9958,-0.5373,0.547,-0.0219,0.1508,-0.9898,1.5648,-0.0286,0.0466,0.5791,0.001,-0.0005,-1.7816,0.1018,0.5508,-0.5335,0.1308,-1.8518,-0.1199,-0.3503,0.0663,0.0506,-0.2603,0.4994,0.9645,-0.5249,-0.2161,0.3402,-0.8492,-0.3808,-2.0449,-0.738,-0.0186,0.1105,-1.4016,0.0807,-0.9516
407,5467,108,4,walking,-0.0542,-1.32,0.0195,-0.207,0.131,-0.1585,0.1206,0.3941,-0.009,-0.0764,-0.2369,-0.0955,-0.2694,-0.2719,0.2554,0.1792,2.4577,1.5043,3.4082,-0.373,-0.3862,-0.0866,2.3672,0.3497,0.6881,-0.3552,0.4884,-1.6047,0.8832,-0.5791,0.5863,-1.788,-0.8633,-0.0344,0.5965,-0.4976,-1.7598,0.0461,0.1197,0.0503,-0.7311,-0.7382,-0.1013,-0.1104,0.6553,0.0803,-0.0213,-1.9993,0.1505,0.566,-0.7987,-0.3703,-1.8657,0.0006,0.2803,-0.1302,-0.3408,-0.2162,-0.4672,0.6012,0.9153,-0.2304,-0.0388,-1.7411,-0.4252,1.8912,-0.83,0.2502,0.3011,-0.4014,-0.2605,0.7291
408,5468,108,4,walking,-0.1669,-1.0946,0.1094,0.209,0.1849,0.266,0.1185,0.4598,-0.0184,-0.1337,-0.237,0.0778,-0.2463,-0.3536,0.1519,0.2843,2.2547,1.65,-0.5056,1.4895,-0.2905,0.0873,0.4467,3.6477,5.274,0.0375,0.5886,2.3387,1.348,6.0699,0.0465,-1.5572,-1.9742,-0.6638,0.3976,-0.7422,-0.5678,0.9635,0.0505,-0.025,1.8962,-2.9317,-0.3451,-0.1002,0.546,0.3011,-0.1122,-1.5341,-0.5951,0.534,-0.7982,-0.1308,-1.57,0.1509,0.2308,-0.0453,0.0806,0.3004,-0.5758,-0.3993,-1.7384,0.0006,0.8153,-0.9444,0.0684,1.7169,-0.8249,0.1198,0.2202,1.8892,-0.1106,0.4187
409,5469,108,4,walking,-0.0914,-1.1205,0.1855,0.6138,0.2675,1.2483,0.2346,0.5833,-0.0611,0.0163,-0.089,-0.1586,-0.134,-0.3781,-0.2598,-0.3868,-0.7819,2.3536,3.4489,5.2095,0.6085,-1.2967,6.5077,2.4791,1.4966,0.0764,-0.0042,1.2856,-0.6562,1.7061,0.5799,1.4543,-2.8737,-0.7639,-0.4882,0.8092,-1.7971,0.5973,-0.0438,-0.0344,1.5475,-0.8896,-0.2509,0.0213,0.5006,0.2309,-0.1127,-2.9717,0.3454,0.5408,-0.7475,0.6309,-1.726,0.0504,-0.1197,-0.0803,0.2608,0.1505,-0.8437,0.0603,0.5695,0.2209,0.3997,-0.0642,-0.1018,1.7291,-0.9475,0.0169,0.2253,0.9644,-0.1003,0.4257
410,5470,108,4,walking,0.0025,-1.1869,-0.0112,-0.1349,-0.0517,-0.0792,0.0889,0.4763,-0.0466,0.034,-0.1674,0.0955,1.2742,-0.3791,-0.1598,-0.0694,0.9972,2.4823,-0.2046,3.2402,-0.506,-1.3581,0.2661,-0.3345,0.4486,0.2985,0.0505,-2.7543,-0.3877,0.3941,0.5864,-1.7936,-2.578,0.0456,0.6883,0.8717,-0.839,0.5952,-0.1017,0.1104,-1.9765,-0.5633,-0.1198,-0.0154,0.6793,-0.0804,-0.0007,2.847,-0.1122,0.5132,-0.7675,0.904,2.7862,-0.1502,-0.1309,0.3019,0.3504,0.3003,-0.8896,-0.9511,0.3996,-0.0549,-0.0488,0.3232,-0.4005,1.5663,0.0388,-0.0913,-0.0455,0.4254,-0.2309,-1.8333
411,5471,108,4,walking,0.0867,-1.0569,0.1347,0.4123,0.1411,0.0774,0.1643,0.8192,-0.0695,0.0183,-0.3584,-0.0946,1.0045,-0.2996,0.1766,0.2558,2.5085,3.3797,-0.7827,0.2398,-0.3622,-0.2694,-0.4861,0.2462,-0.7931,0.046,-0.3092,1.3957,0.6489,-0.7742,-0.3372,-1.9956,-0.8775,-0.5541,0.4488,0.498,-1.3873,0.659,0.037,-0.0006,0.5808,-0.6886,-0.0803,0.0509,0.5902,0.1191,0.0171,-0.635,0.1017,0.5326,-1.7117,0.7645,-1.0023,0.1006,-0.2205,0.3009,0.1102,0.1509,-0.9319,0.2166,-0.8255,0.0849,0.3125,0.4008,-0.3703,1.8482,-0.4234,0.0387,0.1124,-0.4018,0.2307,-1.7291
412,5472,108,4,walking,0.0973,-1.1785,0.0584,0.1206,0.0164,0.1496,-0.1083,0.58,0.0746,-0.035,-0.2681,0.0466,-0.1661,-0.4077,0.1857,-0.206,1.5598,2.4869,3.3974,-0.4588,0.4942,0.3672,-0.2443,0.3053,-0.6837,0.3833,-0.2982,0.3497,-0.6563,0.4435,-0.0856,2.4786,-0.6778,0.5941,0.026,0.7975,0.8094,0.7054,0.1015,-0.0663,1.4272,0.8971,0.1127,0.0003,0.6506,0.1003,-0.1505,-1.7143,-0.1303,0.5008,-0.9993,0.8715,-0.9562,0.3009,-0.2162,0.2207,0.3459,0.0809,-0.2609,-0.5109,-0.6306,-0.2809,0.0509,1.4368,0.0409,-0.7618,-0.905,0.135,-0.01,-1.0485,0.3609,-1.8343
413,5473,108,4,walking,-0.1283,0.7407,0.0434,-0.055,-0.0196,-0.036,-0.0885,-0.4423,0.0084,-0.0773,0.1574,-0.0619,-0.209,-0.3694,0.1665,0.0982,1.2553,0.2949,-0.2277,0.3775,-0.3342,-0.2743,0.268,0.4561,2.3828,0.3954,0.3088,3.5546,-0.6864,0.5947,-0.4863,-1.7962,0.5869,-0.4086,-0.6791,-0.9866,1.099,0.877,-0.1012,-0.1194,-1.9517,-0.8967,-0.0219,-0.0508,0.5727,-0.1122,-0.0806,-1.8191,-0.0663,0.4881,1.0262,-0.7615,-0.9992,0.1005,-0.1104,-0.0006,-0.2257,-0.3015,0.0449,-0.8333,0.0406,-0.01,-0.0097,0.0708,-0.2807,-0.2603,-0.4994,-0.1506,-0.0002,-0.5757,-0.1391,-0.7898
414,5474,108,4,walking,0.1364,-1.1287,0.094,0.0574,0.0165,0.2489,-0.0618,0.3398,-0.0046,0.0773,-0.2752,0.0868,-0.2095,-0.2941,0.256,-0.3085,1.2361,2.4577,3.1962,-2.5094,-0.4799,-1.377,0.6904,0.7835,-0.8849,-0.369,-0.4344,1.5893,-0.7967,-1.7581,-0.3497,3.5591,-1.3892,0.4859,-0.3957,-0.766,-0.7198,0.8072,0.0211,-0.031,0.8255,2.5341,0.2609,-0.1122,0.566,0.2808,-0.1195,-1.8644,0.2309,0.5109,-2.8664,-0.6317,-1.5467,0.0503,0.3407,-0.2206,-0.1019,-0.2258,-0.6683,-0.847,-0.6933,0.1507,0.3751,-0.4018,0.4005,1.0937,-0.4994,-0.0007,-0.1009,-0.7117,0.3003,1.812
415,5475,108,4,walking,0.0115,-1.2891,-0.059,0.2071,0.036,0.1496,-0.0072,0.4868,-0.0797,0.0955,-0.1664,-0.0695,-0.0852,-0.2382,0.255,0.3393,1.4577,2.2786,3.3788,0.3557,0.2459,5.3692,-0.348,1.2949,-0.5861,0.3866,-0.1192,-3.3039,0.4076,-2.4774,-0.0411,-0.8467,-2.4499,0.7063,0.6562,0.5611,1.7978,0.8942,0.1019,0.0217,-0.8343,-1.732,-0.0043,-0.027,0.6941,0.0273,0.0508,2.8517,-0.0181,0.5587,0.5317,0.3005,2.4396,-0.0803,0.1009,0.1305,-0.1507,0.0394,0.9867,-0.4012,-0.0183,0.0003,0.0143,-0.3018,-0.2204,-0.9437,-0.3453,-0.0769,0.0001,-0.0755,-0.2602,-0.5808
416,5476,108,4,walking,0.0985,-1.261,0.0582,0.0033,0.1881,-0.139,-0.0323,0.4936,-0.0186,-0.0698,-0.1264,-0.0843,-0.0789,-0.3791,0.0468,0.1742,1.5561,2.2794,3.4797,-1.4028,-0.6634,0.5072,-0.5867,0.7838,-0.6595,0.4631,-0.4854,-1.357,-0.3983,-0.7941,0.4469,1.9403,-0.8893,-0.0509,0.6052,0.4584,-1.9604,0.5763,0.1503,0.5976,-1.748,-0.7787,-0.1015,0.1196,0.628,0.0215,0.0006,-1.8695,0.1006,0.4396,-0.9963,0.531,-1.7318,-0.7596,0.1102,-0.3005,0.1126,-0.3994,-0.2608,-0.3459,-0.4015,0.2507,0.2169,-0.3013,-0.0759,-0.6276,-0.5502,0.2209,-0.4007,-0.9452,-0.0809,1.0163
417,5477,108,4,walking,0.0625,-1.1337,-0.0112,0.0773,-0.1486,0.0953,0.0344,0.3894,-0.0475,0.0085,-0.2068,-0.0518,0.1636,-0.6567,-0.0889,0.1742,1.6096,2.4581,3.5549,-0.6964,-0.2697,1.4782,-0.3946,-0.3058,-0.995,0.4043,0.2956,-2.7092,0.9872,0.669,0.5732,-1.8048,-1.9562,-0.5976,-0.7771,-0.8863,0.7891,0.7413,0.0006,-0.0212,0.5396,-1.0257,0.1199,-0.0503,0.5457,-0.1003,0.1106,-1.7952,-0.1014,0.5464,-0.0658,0.5341,-1.9355,0.0485,-0.1309,-0.0262,-0.0806,0.2202,-0.0449,-0.832,0.6163,-0.0514,-0.3019,-0.6451,-0.845,1.7233,-0.2808,0.2308,-0.2169,-0.5695,-0.1124,1.6397
418,5478,108,4,walking,0.0514,-1.5341,-0.0049,0.2472,-0.0892,0.2369,0.1115,0.4898,-0.0625,0.0412,-0.1743,-0.0775,1.1374,-0.2684,-0.1921,-0.0214,2.1883,3.0165,-0.3764,-1.2897,-0.0982,0.5936,-1.6677,-0.4585,-2.3955,0.3546,0.3888,-0.2933,0.6719,-0.794,-0.0999,3.5896,-0.865,0.036,0.5344,-0.0509,-1.9956,0.5794,-0.0809,-0.0004,-0.7061,1.6103,-0.1106,0.1005,0.4791,-0.1012,-0.1502,-1.7868,0.0658,0.4406,1.908,0.5414,-1.9773,0.3018,0.3453,-0.2164,-0.1122,0.3642,0.8971,0.6138,-1.8473,-0.2808,0.937,-0.0456,-0.2608,-1.0173,0.0388,-0.1198,-0.2204,-0.4016,0.0881,-0.5109
419,5479,108,4,walking,0.0892,-1.1932,-0.0618,-0.2584,0.0415,0.0014,-0.0798,0.441,-0.0143,0.059,-0.1349,0.0929,1.2896,-0.377,0.2062,-0.335,2.3095,-0.608,3.8831,1.5946,-0.5583,-1.5842,0.3689,1.2486,-1.6461,-0.354,-0.6675,-2.7865,-0.9799,-1.4541,0.7973,-1.3474,2.6985,0.3977,0.4772,-0.5794,-1.8718,0.4852,0.1199,-0.1308,-0.6375,-1.937,-0.0214,-0.1008,0.5468,-0.0322,-0.1503,-1.7198,-0.1127,0.5375,-1.0663,0.6776,-1.7369,0.0509,-0.0809,-0.0447,0.0182,-0.1014,-0.5341,-0.3756,1.0943,0.0009,-0.9153,-0.5262,0.0409,1.7387,0.0455,-0.1362,-0.2166,-0.3114,-0.3006,-1.0867
420,5480,108,4,walking,-0.1392,0.7586,0.0103,0.2374,0.1806,-0.2519,0.0514,-0.4849,0.0042,0.045,0.2285,-0.0868,1.079,-0.3543,-0.2465,0.0225,-0.2633,0.3696,-0.307,2.3497,-0.6095,0.0981,0.4546,3.4089,0.4494,0.2773,0.3941,1.2961,0.6638,-0.4737,0.6963,0.7832,-1.5982,-0.679,-0.8877,-0.7955,1.5876,0.6491,-0.0504,-0.1013,1.5714,-0.7299,0.1308,0.1196,0.5411,-0.3011,0.2202,-2.9993,-0.1509,0.5633,0.8468,-0.3708,-2.5349,-0.0008,0.9862,-0.0809,0.3002,-0.2802,-0.0658,-0.8716,-1.0608,0.0406,0.4298,-0.8484,-0.3608,-0.5408,-0.3453,-0.0195,-0.0476,0.9355,-0.1126,1.5457
421,5481,108,4,walking,0.1883,-1.271,-0.0546,-0.2085,-0.1243,-0.2874,0.1379,0.5793,-0.0966,0.0842,-0.1423,-0.065,1.0086,-0.3895,0.3396,0.2458,2.4917,-1.0173,-1.3969,-0.8977,-0.3475,3.0797,-0.6829,-2.679,1.656,0.2637,-0.3092,-3.5598,0.4581,-1.4794,0.4482,2.4836,-1.8078,0.407,0.3556,-0.6488,0.716,0.3703,-0.048,0.0328,0.8273,-0.8192,0.1003,-0.1105,0.6217,0.119,0.0009,-2.9963,-0.101,0.5984,-0.721,0.4272,-1.8656,0.025,0.1307,0.1122,-0.2205,0.0506,-0.1509,0.0277,0.9444,-0.0804,-0.0608,-0.875,-0.0449,1.5491,0.4648,-0.001,0.0379,0.9777,-0.0913,-1.839
422,5482,108,4,walking,,,,,,,,-0.3452,,,,,,,,,,,,,,,,,,,,,,,,,,,,,,,,,,,,,,,,,,,,,,,,,,,,,,,,,,,,,,,,
423,5483,108,4,walking,0.1475,-1.1585,-0.0696,-0.0512,-0.1374,0.0786,-0.0195,0.452,-0.0042,-0.0849,-0.1641,-0.046,0.2972,-0.4463,0.177,0.0225,1.094,2.585,3.3622,-1.6962,-0.393,0.5948,1.289,-0.6877,-0.9865,-0.036,-0.4761,-2.3392,-0.3581,-0.3866,0.5532,-1.6746,-1.5743,0.3496,0.8964,0.5311,-1.768,0.7854,-0.0755,-0.0171,-0.8799,-1.84,0.1196,0.1015,0.73,0.1126,0.2603,1.9737,-0.1306,0.5593,0.8894,0.7983,1.5408,-0.2508,-0.0006,0.0506,-0.2167,0.2808,-0.3609,0.0409,-0.5165,-0.0807,0.1009,0.6163,-0.3003,-1.9076,-0.3454,-0.0183,-0.0332,-0.3991,-0.3402,0.4249
424,5484,108,4,walking,-0.314,0.9444,-0.0172,-0.2585,-0.1513,-0.059,0.0077,-0.3789,0.0417,-0.1434,0.0891,0.068,1.2378,-0.3392,-0.2863,0.2456,2.2088,0.0953,-0.5096,-0.3684,-0.357,3.0762,0.2966,1.3967,-0.2744,-0.3886,-0.036,1.4064,-0.4581,-0.6976,0.5902,-1.7532,-0.4797,0.4874,0.5468,-0.5783,2.4601,0.5895,0.5582,0.0458,-1.4942,1.9861,-0.1018,-0.1194,0.6594,0.3015,-0.0508,1.6349,0.0803,0.5212,-0.7971,-0.8799,1.0662,-0.3005,0.1103,0.0006,0.2802,-0.1006,-0.3459,0.8192,-1.9327,0.0913,0.8489,-1.0708,-0.731,-0.4187,0.4505,0.0406,0.0196,0.4992,-0.1129,1.5289
425,5485,108,4,walking,-0.1881,-1.0872,0.091,0.1541,-0.0717,-0.1475,0.0596,0.576,0.0095,-0.0469,-0.2062,0.0313,1.2361,-0.3886,-0.0198,0.0625,2.2685,-0.8944,-1.2794,0.4584,0.3491,0.3743,0.2963,3.3964,2.494,0.3536,-0.4856,1.8877,0.5965,1.3082,0.4799,1.6746,1.6878,0.7952,-0.5574,0.6693,-1.7382,0.5842,0.5073,-0.0509,1.4358,1.7098,0.0009,-0.0809,0.5398,-0.0214,-0.0373,-1.538,0.0197,0.4003,-0.6602,-0.5414,-0.8716,0.1193,-0.1002,0.2169,0.1015,-0.1106,-0.9028,-0.9446,0.0608,-0.01,0.0583,-0.0642,-0.3007,1.1276,-0.8273,-0.0663,-0.0456,1.0161,-0.2508,0.719
426,5486,108,4,walking,-0.0941,0.8191,-0.0112,-0.0593,0.0095,-0.1362,-0.0798,0.4726,-0.0867,-0.1164,-0.1804,-0.0675,0.1661,-0.3787,0.2784,-0.2077,-0.1957,-0.2594,-0.3346,1.2986,-0.2489,2.3868,-0.6599,3.4928,-0.4436,-0.4876,0.0216,-0.3043,0.6039,0.3542,0.5083,1.5873,1.4574,-0.0301,-0.1014,-0.1005,-1.8879,0.5475,0.0663,-0.0803,0.978,-0.6955,0.0005,0.1191,0.5971,-0.0504,-0.1121,-2.7891,0.2251,0.7085,-0.905,-0.5623,-2.7211,0.1102,0.3402,-0.2207,-0.1306,0.636,0.6682,0.5408,0.9638,-0.0266,0.512,-0.5143,-0.3502,0.9644,0.2163,0.1503,0.001,-0.4016,0.0024,1.5276
427,5487,108,4,walking,0.1836,-1.089,0.0943,-0.1764,-0.1184,-0.2619,0.0015,0.4572,-0.0328,0.0613,-0.1459,-0.0788,0.2489,-0.3797,-0.237,0.0585,1.2521,-1.3327,2.5095,3.6967,-0.4966,1.2963,1.3582,-0.7851,-1.4098,0.6846,0.016,-1.3865,0.8091,0.9961,0.4477,-3.9589,-2.3941,0.5489,0.5881,0.9475,-0.7185,0.4896,0.0007,-0.0468,1.5429,0.8747,-0.0506,-0.0211,0.5546,0.1014,0.0332,-2.53,-0.1508,0.4299,1.5786,-0.7962,-1.8391,0.3005,-0.568,0.2509,0.1197,-0.301,0.7615,0.7369,0.93,0.0806,-0.3809,-0.8191,-0.3996,1.6146,-0.741,0.0286,0.0262,1.837,-0.1129,-0.9153
428,5488,108,4,walking,-0.0045,-1.2556,0.0169,-0.0329,-0.0615,-0.0461,-0.0547,0.5744,-0.0472,-0.0878,-0.2675,-0.0986,0.3374,-0.2372,-0.2036,-0.023,1.5077,2.3585,3.2279,-0.7063,0.3493,0.2824,-0.3746,1.6483,0.5589,0.3867,0.2742,-2.6094,-0.9949,1.5943,0.0665,2.8876,-1.6897,0.9895,-0.0739,0.538,-2.6681,0.4884,0.0608,-0.0803,-1.5465,-0.9614,0.1013,0.0508,0.5398,0.1308,0.0873,1.427,-0.2309,0.4052,-0.5396,-0.1127,0.9088,0.1507,0.1008,-0.1109,0.2167,-0.2807,0.4245,0.6011,0.9666,0.0192,-0.3809,-0.4994,0.8799,1.1298,-0.0455,0.0239,0.0518,-0.5249,-0.3756,-1.9777
429,5489,108,4,walking,0.1234,-1.2681,0.131,-0.2062,0.0769,-0.2825,-0.0095,0.8471,-0.0548,-0.1156,-0.4419,-0.0182,1.1542,-0.6043,0.2746,0.357,3.658,2.3385,-0.6696,-1.5891,0.3883,-0.2375,-1.0867,-0.494,-1.5741,0.0699,-0.0937,-1.883,0.3936,0.7763,-0.0461,2.5098,-3.5968,0.6489,-0.5572,0.7893,0.9574,0.459,-0.037,-0.0807,-2.8192,-1.538,-0.0506,-0.0219,0.523,0.0009,-0.01,-3.7986,0.1193,0.4406,-1.619,-0.1306,-2.9552,0.3007,0.5665,0.1015,-0.4011,-0.3993,-0.7423,-0.714,-1.9416,0.0587,-0.9123,0.9444,0.2166,1.9764,0.9452,-0.0785,-0.2602,-2.0262,-0.1506,-0.6451
430,5490,108,4,walking,-0.0913,-1.1206,0.0092,0.5014,0.2091,0.2697,0.0718,0.5542,-0.0546,-0.0169,-0.1437,-0.0323,1.2794,-0.3498,0.1558,-0.1752,2.9949,3.4868,-2.6075,-1.4421,0.3874,0.6628,-0.6488,0.0886,-0.774,-0.2961,0.022,-1.479,-2.4573,-3.8039,-0.5789,-2.6743,2.7835,-0.8436,-0.567,-0.6563,1.855,0.5976,-0.048,-0.0582,-0.9637,-1.7408,-0.0006,-0.1129,0.534,-0.0509,-0.1019,-2.8744,-0.2162,0.5414,-0.719,0.2608,-1.859,0.0456,0.3019,0.1002,-0.2209,0.1196,0.3708,0.7907,0.6306,0.0806,-0.4006,0.3506,-0.2806,-1.0883,-0.4992,-0.1303,0.1107,-0.6348,0.1506,-0.7233
431,5491,108,4,walking,0.1395,-1.2411,-0.0046,0.0626,0.0867,0.1586,0.0417,0.5719,-0.0159,0.028,-0.2744,-0.0542,0.2094,-0.4072,-0.2366,0.0922,1.4963,2.339,3.4573,-0.3799,0.4796,-1.6568,1.5083,-0.5598,-0.2953,-0.2885,0.3877,-0.0764,0.6936,-0.5882,-0.0399,1.4881,-1.8871,0.3976,-0.3591,-0.0507,-0.896,0.9744,-0.432,-0.5475,-0.7841,-1.5498,0.1012,0.1199,0.7943,0.1302,0.1102,-1.5636,-0.2257,0.5009,-1.84,-0.1504,-0.6708,-0.0603,-0.0806,-0.2207,0.0003,-0.3805,0.0455,0.8192,0.7061,-0.2602,-0.4004,0.4143,-0.1122,1.0456,0.747,0.2307,0.3008,-0.9375,-0.0665,0.8718
432,5492,108,4,walking,0.1513,-1.1485,-0.1606,0.3398,-0.2763,0.2853,0.0179,0.4418,0.0589,-0.1209,-0.079,-0.0466,1.296,-0.2381,-0.1782,0.0069,-0.3558,2.8893,-0.2486,3.3797,0.2291,-0.7826,-0.6499,-1.085,-0.7536,-0.3895,-0.4777,-0.4568,0.3498,-0.8094,0.4326,2.7042,2.9355,-0.5976,0.4046,-0.6783,-2.9236,0.3974,-0.4872,0.03,-0.8273,1.5573,0.0219,0.1199,0.493,0.1124,0.027,1.5665,-0.0009,0.561,-1.652,-0.4369,1.5013,0.1502,0.2164,-0.2505,0.1009,-0.2607,-0.6214,-0.8717,-1.9452,-0.1015,-0.8499,0.6602,0.0704,1.9628,-0.8998,-0.3807,-0.0262,-1.799,0.301,0.5187
433,5493,108,4,walking,-0.2374,-1.0937,0.0468,0.1606,0.0049,0.2486,0.0327,0.5794,-0.0009,0.0189,-0.2078,0.0812,1.0718,-0.6075,0.3498,0.0517,2.5964,3.2593,2.3967,1.2285,-0.2988,-0.5096,-0.2655,-2.9972,-0.7084,-0.026,0.3882,1.4861,-1.4765,-0.3691,-0.6695,-2.798,1.3392,-0.774,0.4563,0.5468,-1.6987,0.4664,-0.4462,0.5842,-1.4236,-0.9123,0.1307,-0.0505,0.6011,0.1012,0.1126,2.3114,-0.0807,0.5328,1.4348,0.1506,1.714,0.3015,-0.3992,0.1006,0.2308,0.3603,-0.837,-0.1199,-1.9727,0.2204,-0.6306,0.6607,-0.3007,0.4991,0.9079,0.0456,0.0388,-0.8492,-0.2259,0.8192
434,5494,108,4,walking,-0.1288,0.7233,0.079,-0.0189,-0.1184,-0.061,-0.1882,-0.3698,0.0046,-0.0517,0.2042,0.1479,-0.2894,-0.2402,-0.0957,-0.2375,1.4422,0.4569,-0.2968,-0.655,-0.3077,0.4895,0.3878,0.5947,0.2725,-0.0896,0.0364,0.3374,0.3585,0.5843,-0.3499,-1.7083,2.4986,-0.556,-0.4072,0.3718,3.5311,0.048,0.1121,-0.0008,-0.9766,0.9762,0.3015,0.0803,0.5636,0.1303,-0.2205,2.8716,-0.0656,0.5695,-0.8484,0.4303,1.7675,0.1198,0.3458,-0.0506,-0.3405,-0.3646,-0.5648,-0.6715,-0.6214,0.2251,0.3709,-0.8122,-0.2509,-0.839,-0.0451,-0.1107,-0.1017,-0.9078,0.1509,-0.5165
435,5495,108,4,walking,-0.1385,0.9086,-0.1646,-0.1417,-0.059,-0.0696,-0.0195,-0.8398,0.0082,-0.0788,0.4064,0.032,1.1565,-0.3586,-0.307,-0.3655,2.2898,0.6684,0.3725,3.4974,-0.3393,-0.2342,-0.2987,-1.5868,0.6967,0.3463,-0.0962,0.8031,-0.3875,0.5794,-0.0465,-1.4883,-1.9745,-0.566,-0.3976,0.7778,2.4794,0.4461,0.1008,0.0214,-0.535,1.8943,0.3013,-0.1015,0.5973,0.2302,0.1194,1.9077,0.0456,0.5277,-1.7913,0.0262,1.9773,-0.0503,0.0488,-0.2257,0.2208,0.1121,0.3459,-0.0454,0.9084,0.1108,-0.3758,0.5109,-0.4006,-0.9942,-0.3993,0.1307,0.0007,-0.5384,0.2605,0.6276
436,5496,108,4,walking,0.1763,-1.1382,-0.0981,1.059,0.0811,0.2572,0.1256,0.4619,-0.1466,0.065,-0.2278,0.0195,-0.1857,-0.2659,0.2475,0.3099,2.4568,3.4867,-2.288,-1.5561,0.3943,-0.6088,1.3865,-0.3669,-2.4493,-0.2947,0.3337,-0.3491,-0.5894,-1.4097,0.0798,2.0077,-1.7805,-0.0399,0.3552,-0.028,0.9762,0.4971,-0.1198,0.0464,-0.767,-0.7391,0.0003,-0.001,0.5396,-0.0084,0.0151,2.8544,-0.1509,0.5328,-0.8746,0.7954,2.861,0.0505,-0.1012,0.1308,-0.1126,0.3402,0.3994,0.74,-1.7382,0.1003,0.8443,1.736,-0.4007,0.9084,-0.8918,-0.0804,0.0196,-0.3277,0.3005,-0.7407
437,5497,108,4,walking,-0.2345,-1.1886,0.0546,-0.1795,-0.068,-0.277,0.0084,0.5797,-0.0183,0.0329,-0.2075,-0.1478,0.0436,-0.2481,-0.2891,-0.1672,1.4025,2.4469,3.265,0.4961,0.0794,-0.6063,-1.0874,0.3389,-0.6599,0.3896,-0.3743,-1.3959,-0.5873,-0.4841,-0.6468,1.0955,-0.8998,-0.3412,0.0213,0.4777,-1.6766,0.5754,-0.2209,0.0809,-0.8013,0.6143,-0.1195,-0.1122,0.537,0.0509,0.0009,-1.7645,-0.1108,0.526,1.8273,-0.9813,-1.7177,-0.3015,0.1309,0.1012,-0.1503,0.2602,0.7962,0.4648,-1.8788,0.1315,0.9444,-0.3505,-0.2257,1.9317,0.8515,-0.2241,0.0982,-0.6011,0.3457,-1.7233
438,5498,108,4,walking,-0.1061,0.9739,0.0791,0.1469,0.1372,0.0892,-0.0141,-0.6812,0.0581,-0.0499,0.3311,0.0645,0.1784,-0.2874,0.2746,-0.1921,1.2398,0.4822,-0.2495,2.008,0.4088,-0.5565,-0.3493,3.5885,-0.0983,-0.3689,-0.2947,-0.6679,0.447,-0.3875,0.026,-1.7856,0.7637,0.6496,-0.0344,0.4316,-1.7742,0.4987,-0.0006,-0.2169,0.5799,0.5014,-0.1015,-0.1129,0.5973,-0.1305,-0.2208,-0.635,0.2251,0.5469,0.8657,0.538,0.6211,-0.2808,-0.1509,0.0503,0.3458,0.2308,0.6716,0.3808,0.8656,-0.1193,0.4002,-0.9088,-0.3706,-0.9417,-0.3994,0.0406,-0.3005,-0.2603,-0.0807,-1.9021
439,5499,108,4,walking,0.0983,-1.0796,-0.1872,0.5124,0.1053,0.1463,-0.085,0.4769,-0.0543,-0.0434,-0.2774,-0.0188,-0.2985,-0.656,0.1538,-0.282,1.4819,-0.5598,-0.8971,2.6881,0.0082,-0.2459,-0.4423,3.6797,-1.7964,-0.4936,-0.3092,5.6633,0.3546,-0.7531,-0.4577,-1.8093,-2.4042,0.7084,0.3906,0.5886,-1.0364,0.5411,-0.0003,-0.026,-0.4368,-1.5795,-0.0809,-0.1005,0.7818,-0.1103,-0.1308,-1.9762,-0.0503,0.5003,-0.7636,-0.6216,-1.6348,0.2803,-0.1509,-0.0603,0.1014,-0.1127,0.5408,-0.9067,-1.9475,-0.0811,-0.9509,1.6998,-0.3232,-1.8255,0.0642,0.0332,-0.0363,-0.3457,0.2608,1.619
440,5500,108,4,walking,-0.0023,0.7407,-0.0812,0.1636,-0.0982,0.0793,-0.159,-0.6897,0.0601,0.0462,0.3586,0.0542,0.2422,-0.4089,0.1885,-0.2821,-0.2066,1.3384,-0.4794,2.3788,0.3463,0.493,0.5075,3.598,1.2669,-0.2961,-0.3943,0.607,0.4438,0.5583,-0.1015,-1.5741,-1.8398,-0.5892,0.6473,-0.4595,-1.6776,0.4891,-0.1009,0.1103,-1.7896,-0.7977,-0.0326,0.0203,0.6598,0.01,-0.0153,-0.0215,0.0409,0.568,-1.5678,-0.4249,-0.0508,0.001,-0.0006,0.1196,-0.1308,0.2246,0.9981,0.3509,-0.7415,-0.2605,0.3993,-0.3282,-0.0704,0.9452,0.0642,-0.0804,0.0516,-1.3232,-0.0262,-0.7213
441,5501,108,4,walking,-0.0542,0.9077,-0.1092,0.2075,0.1296,0.1586,0.1866,-0.8333,0.0873,-0.1147,0.4546,-0.1394,-0.1719,-0.3878,0.2897,0.0427,1.2543,-0.366,0.267,2.4493,-0.3923,0.4088,0.2957,3.4962,0.4856,-0.0035,-0.034,0.6863,0.3412,0.6537,0.0695,-0.0216,-1.5082,-0.0974,-0.5464,0.5599,-0.7984,0.5941,-0.0007,0.1199,0.9858,0.6791,-0.1014,0.1302,0.768,0.2307,-0.1009,-2.8961,0.6983,0.5327,1.726,0.7716,-1.8728,0.1103,0.3997,0.3403,-0.2169,0.0508,0.8544,-0.3803,-0.4018,-0.2205,-0.0809,0.6998,-0.2609,0.902,0.7386,-0.1509,0.01,0.3605,-0.0985,1.3113
442,5502,108,4,walking,-0.1283,0.7513,-0.1714,-0.0797,-0.1519,-0.2984,-0.036,-0.9665,0.0581,-0.085,0.3874,-0.0169,0.0049,-0.3772,0.0925,0.2376,1.229,0.4577,-0.2655,2.2857,-0.3958,-0.3391,0.3053,3.6686,0.4427,0.4088,0.5902,-0.6832,0.9863,-0.7034,0.3585,2.7846,-1.8062,-0.6587,-0.6441,0.0636,0.8967,0.0413,-0.1193,-0.4761,-0.4856,1.5109,0.0509,-0.0803,0.5499,-0.1509,-0.1015,1.5494,-0.1302,0.4297,1.7943,-0.734,0.9088,0.2209,-0.3456,0.0658,-0.0009,0.2809,-0.955,-0.5165,0.8013,0.1004,-0.4015,-0.7408,0.3606,1.3013,-0.2167,-0.0962,-0.3704,-0.4677,0.1102,0.9634
443,5503,108,4,walking,-0.0594,-1.2557,0.1569,0.135,0.0078,0.2075,-0.0891,0.3962,-0.0146,0.0626,-0.0721,0.1643,1.1836,-0.2989,0.2785,-0.0953,2.5567,-0.4572,3.3077,-0.4974,-0.4764,-0.6881,-0.657,0.6696,-2.5884,0.0438,0.3359,-2.609,1.9532,-1.4873,0.3582,-1.864,2.4471,0.0709,-0.5648,-0.6399,-0.9737,0.8818,0.0326,0.0211,-0.8492,-1.878,-0.1012,0.0506,0.6309,0.2206,0.1199,2.0266,0.2252,0.546,-0.7961,0.414,1.9558,-0.2162,0.0809,0.0006,-0.3018,0.1302,-0.3808,-0.4018,0.4165,-0.1103,0.0663,-0.9818,-0.3992,0.7625,-0.1124,0.1004,0.001,0.839,-0.3642,1.719
444,5504,108,4,walking,-0.1885,0.8391,-0.1086,-0.0789,-0.0169,-0.1423,-0.0417,-0.9773,-0.0873,0.0033,0.4064,0.0581,0.2094,-0.266,0.1654,0.0375,1.2766,2.247,-1.3661,3.4762,0.2957,1.559,1.2543,0.5834,0.3872,-0.0953,0.4582,-2.4474,-0.6598,0.3099,0.3597,0.3788,2.6863,0.5983,-0.065,0.4967,-0.9539,0.4856,0.0216,-0.0504,-1.8695,0.7449,-0.1191,-0.027,0.6003,-0.1005,-0.0804,1.839,-0.0009,0.5101,-2.7792,-0.768,0.8427,-0.0708,-0.2806,0.2209,0.1505,0.0603,-0.7978,0.9344,0.085,0.101,-0.02,0.0277,-0.2257,0.0453,0.8482,0.0986,-0.1102,-0.6011,0.1129,1.4666
445,5505,108,4,walking,0.0023,-1.2761,0.0718,-0.0892,0.0973,-0.1372,0.1279,0.4675,-0.0417,0.0574,-0.2684,-0.0182,-0.2457,-0.6564,-0.3063,0.3558,1.4419,-1.6697,0.2543,2.4885,0.3368,3.2854,-0.694,1.8837,6.3977,-0.368,0.4953,-0.2906,-0.5942,5.7086,0.6776,0.999,-2.4556,0.9851,-0.033,0.5589,-0.6309,0.3703,0.028,-0.0456,-1.835,0.7447,-0.0505,0.0803,0.6095,0.1126,-0.0009,-1.8744,-0.1305,0.456,0.7233,-0.7814,-1.5644,-0.2202,-0.1011,0.2509,-0.1197,0.3011,-0.7407,-0.7269,0.9423,0.1509,-0.4993,-0.8443,-0.0451,-1.4245,-0.5109,0.1002,-0.01,-0.8657,-0.2254,1.0867
446,5506,108,4,walking,-0.1881,-1.055,0.1153,0.1344,0.1642,0.3391,-0.0973,0.4969,-0.0078,0.0364,-0.2543,-0.0468,-0.3694,-0.2986,0.0763,0.1921,1.1775,2.0867,1.452,0.377,0.5598,1.3085,-0.6562,3.2483,-0.2701,-0.2658,0.2857,-0.7902,-0.4761,-0.3492,0.0696,-2.8872,-2.3948,0.3893,0.5384,0.6695,-2.546,0.5956,0.0508,0.2209,-0.6103,-0.9077,0.1003,0.1506,0.4637,-0.1103,0.1191,2.9718,0.3453,0.5506,-0.6173,0.0409,1.7713,0.0708,-0.1121,0.0804,-0.3642,0.3406,-0.3507,-0.8096,-1.8427,-0.0286,0.8971,-0.9988,0.3809,-1.7436,0.766,-0.0259,0.4017,-0.7233,-0.0006,0.9099
447,5507,108,4,walking,-0.1462,-1.0817,0.0059,0.0515,0.0941,0.1398,0.0796,0.4077,-0.0364,0.0178,-0.2348,-0.1243,0.2047,-0.3885,-0.1869,-0.2826,1.4565,2.339,1.3655,3.6084,-0.2567,5.2781,1.665,-2.4486,6.3592,0.3961,-0.3093,-2.9982,0.8832,7.567,0.3763,-1.0468,-2.7906,0.5434,-0.7475,-1.028,-0.955,0.3703,0.1508,-0.101,0.8958,-1.835,-0.0509,-0.1003,0.5787,0.1191,-0.0894,-3.9775,0.4953,0.4506,-0.0662,0.4013,-2.0266,0.2258,-0.3995,0.1306,-0.2509,0.2607,-0.3013,-0.2162,0.7319,-0.1109,0.0388,0.0608,-0.0806,0.9452,-0.5648,0.1121,0.2207,-0.9574,-0.0447,-1.9773
448,5508,108,4,walking,-0.1467,-1.1537,0.0549,-0.0185,-0.0045,-0.0696,0.1392,0.4895,-0.0933,0.0718,-0.3041,-0.1208,-0.0466,-0.2398,0.1932,0.1642,1.2691,3.5074,2.2588,0.2952,0.2763,0.3584,1.4468,0.7902,2.3965,0.038,0.347,5.7728,-1.7572,0.3683,-0.4782,-0.5986,-1.6494,-0.579,-0.466,0.4053,-0.3861,0.5881,0.5578,-0.1193,-2.6962,-0.4399,-0.0008,0.0806,0.566,0.1505,-0.1305,2.737,0.0507,0.5157,-1.5423,-0.5015,1.799,0.0113,0.1019,0.2165,-0.0455,-0.2508,0.7613,-0.6135,1.9077,-0.0262,0.6143,-0.4303,-0.3014,0.4123,-0.9444,-0.2603,-0.2207,-2.935,0.0451,-0.42
449,5509,108,4,walking,-0.0542,-1.1875,0.0943,-0.2094,-0.105,-0.0795,0.1289,0.4882,-0.0692,-0.0063,-0.2586,-0.0327,-0.2281,-0.3578,-0.0169,-0.0849,1.5885,2.3965,-0.2461,-0.2973,0.0433,-0.4538,1.2696,1.7968,3.4484,0.366,-0.026,-0.7766,0.4034,-1.8062,0.5976,-0.8333,-1.8747,-0.6737,-0.5788,-0.7185,-0.831,0.5699,0.0164,0.1104,0.719,-0.9765,0.0009,-0.1008,0.5759,-0.0505,0.1122,-0.7426,-0.2309,0.5598,-1.7053,0.54,-0.6136,-0.2205,-0.2609,-0.2165,0.101,-0.2806,-0.9021,0.1199,-0.3996,-0.3007,0.1503,-0.6309,-0.3509,1.0644,0.839,0.3644,0.2507,-0.1308,-0.3407,-0.427
450,5510,108,4,walking,0.145,-1.1386,0.0046,0.4604,-0.1668,0.3315,-0.1203,0.4941,-0.0695,-0.0873,-0.2675,-0.0548,-0.0744,-0.2391,0.2781,0.2896,1.5569,-1.2472,2.4582,3.0988,-0.3876,0.374,-0.3564,-1.9959,0.669,0.3477,0.576,5.2989,0.0162,0.6742,-0.4761,1.7839,2.048,0.5874,0.5375,-0.3693,0.567,0.4318,0.0505,-0.0009,0.8981,1.8765,0.0212,-0.0803,0.5335,0.0205,0.1012,-2.9726,0.1302,0.5499,-1.8544,0.7984,-1.7185,-0.0488,0.2308,0.1005,0.1504,-0.2609,-0.3005,0.1191,1.0584,0.2806,-0.799,0.6998,-0.3805,-1.946,-0.8319,0.2163,-0.2506,0.7169,-0.3406,1.7299
451,5511,108,4,walking,-0.2374,0.9355,0.0947,-0.6451,0.0589,-0.3898,-0.1781,-0.8153,0.0072,-0.1337,0.4901,0.0212,1.1486,-0.2597,-0.1578,0.0818,-0.266,0.359,2.0464,0.2094,-0.2267,-1.367,3.4862,-0.6827,-0.4577,-0.2933,0.0695,0.6661,-0.575,-0.588,-0.4496,2.5569,0.7941,-0.0783,-0.3988,0.4318,-1.6592,0.847,0.0375,-0.0663,0.0603,-0.9301,0.2205,0.0506,0.5399,-0.1012,0.2603,-1.761,0.1122,0.5411,-0.5987,-0.5263,-1.0485,0.1009,-0.3502,-0.2803,0.0005,-0.1198,-0.3608,-0.636,-0.9558,-0.2303,-0.3805,0.8191,0.5239,-0.8518,0.2164,0.0453,-0.0455,0.4297,-0.099,-0.8952
452,5512,108,4,walking,0.0032,-1.2761,0.1715,1.189,0.0194,2.2469,-0.1185,0.5714,0.0986,0.1046,-0.2078,0.0696,-0.2225,-0.3799,-0.3374,-0.2895,-1.055,3.4872,0.5942,-0.3547,-0.3068,-0.6684,-0.5567,-3.5838,-2.4936,0.4543,0.2964,1.8976,1.7941,-0.7582,0.7092,-2.8744,-2.9777,0.5663,0.398,1.9762,-1.654,0.8851,0.0773,0.0415,1.6091,0.7719,0.0863,0.0219,0.5466,0.037,-0.0506,2.9862,-0.2208,0.5328,1.9345,0.1193,1.7387,-0.1307,-0.0809,-0.0387,0.0008,-0.0454,-0.0656,-0.1108,-1.0458,0.1011,-0.3004,0.0642,-0.1003,-0.3254,0.3605,0.2251,0.0181,0.3504,-0.2166,-1.3017
453,5513,108,4,walking,-0.0514,-1.2491,0.1786,-0.2541,-0.129,-0.3769,0.0194,0.4582,0.0327,0.0908,-0.207,0.0618,1.3862,-0.4499,-0.1556,-0.0463,3.5566,-2.6858,2.3385,-1.5983,0.4865,5.2361,-1.4095,-1.2864,-0.506,0.0088,0.4636,1.9849,0.7735,0.803,0.0772,-1.7587,-3.7421,-0.6778,0.5742,-1.4793,0.7984,0.4405,0.025,0.0355,-2.5375,1.8952,0.0009,0.0456,0.5427,0.1198,0.0454,2.799,-0.1103,0.4753,-1.9717,0.5013,1.0608,0.3458,-0.0508,-0.1509,-0.1015,-0.0485,-0.3505,-0.301,-0.8952,0.1124,-0.2606,0.7329,-0.7675,1.6003,-0.6451,0.1002,0.1306,-1.6349,0.0809,0.9623
454,5514,108,4,walking,0.0828,-1.1705,-0.0012,0.0195,0.0313,-0.0986,0.0411,0.5964,-0.077,0.0008,-0.2541,-0.0675,0.1846,-0.3791,0.209,0.1666,1.5884,2.5543,-0.2361,-0.4868,0.4085,-1.3973,0.4787,-2.3697,3.6789,-0.2698,0.3496,5.7963,-1.4931,0.3374,0.3569,-1.4465,-2.545,-0.786,-0.3899,0.5328,0.8042,0.5782,-0.4552,0.1008,0.9436,-1.7792,-0.0213,-0.1505,0.56,-0.2305,0.2205,-1.934,0.1307,0.4292,0.7675,-0.3705,-1.816,-0.0806,0.0506,-0.3003,-0.2603,-0.2165,-0.8895,-0.6103,-0.4997,-0.1014,0.3459,-1.832,-0.3444,0.6163,0.3102,-0.2503,0.0986,0.3508,-0.1198,1.0885
455,5515,108,4,walking,0.1701,-1.271,0.0936,0.2963,-0.1885,0.1611,-0.0598,0.8255,-0.0795,0.0066,-0.4083,-0.0869,1.2392,-0.389,-0.2468,0.2542,3.5984,2.3928,-1.5074,-1.3362,0.3781,-0.4561,-1.7946,-0.6591,-3.5582,-0.357,0.4972,-1.6053,1.7589,-2.4496,0.9948,0.3475,-1.849,-0.0708,-0.4741,-0.9764,-2.7767,0.5727,-0.0219,-0.0375,0.5468,0.5888,-0.0508,-0.0411,0.568,-0.0694,-0.0152,-1.7614,-0.0804,0.4503,1.7326,-0.7867,-0.8616,-0.1507,0.1106,0.0455,0.1198,-0.3458,-0.4679,0.3505,-0.4992,0.2259,-0.2805,-0.1015,-0.4008,-0.874,0.9329,-0.0608,-0.0009,0.4343,-0.1305,-1.527
456,5516,108,4,walking,0.0542,-1.289,-0.1096,0.3311,-0.0195,-0.2582,0.1286,0.9604,-0.1543,0.0817,-0.3964,-0.0637,0.2784,-0.448,0.0789,0.2381,1.455,2.4821,-0.7585,-1.4941,-0.3492,-0.9824,3.2688,-2.5909,-0.554,-0.2972,-0.04,-0.9509,-0.9954,0.3578,0.5873,-2.6694,2.5761,-0.7783,0.568,0.7902,-1.6962,0.6568,0.037,-0.2166,-1.6087,-1.816,-0.1008,0.0006,0.6791,0.1102,-0.0508,-3.9574,0.1309,0.5695,-0.8013,-0.3164,-2.4303,0.1011,0.2603,0.0809,-0.3502,-0.6328,0.0277,0.0759,-0.9727,-0.0222,0.4343,0.5998,1.2807,-1.7625,0.5276,0.1198,-0.2253,-0.7426,-0.3803,-1.9446
457,5517,108,4,walking,0.1295,-1.089,-0.0375,0.1586,-0.0693,0.1425,-0.007,0.352,-0.0178,-0.0764,-0.2409,-0.0516,-0.3344,-0.3868,-0.2218,0.0462,1.5983,0.658,-1.296,-0.6636,0.4791,2.3977,-0.3463,-2.5043,3.2661,-0.694,-0.3084,2.2846,0.9831,-1.3782,0.4958,-0.4832,-1.8856,0.9742,0.5572,0.028,-0.5695,0.9467,0.2257,-0.0009,0.8541,0.4574,-0.0803,-0.0222,0.579,-0.0508,-0.1306,-1.5313,-0.1107,0.541,-0.8979,0.3003,-1.9699,0.0663,0.2609,-0.1015,-0.1197,-0.2169,0.3405,0.301,-0.8715,0.1121,-0.767,1.7319,-0.4807,0.8255,-0.4012,0.2806,0.2505,0.7369,-0.2307,1.1286
458,5518,108,4,walking,-0.1775,-1.0182,0.1246,-0.339,-0.2095,0.0586,-0.0042,0.3947,0.0908,-0.033,-0.2655,-0.0461,-0.2983,-0.3468,-0.3816,-0.3672,1.2822,2.5094,3.0788,0.3785,0.5948,-0.7827,1.2567,-0.6566,-0.5764,-0.4098,-0.7058,-1.3544,1.4569,-1.9981,-0.4318,-2.6053,-0.7789,-0.4973,-0.0225,-0.9717,-1.878,0.9675,-0.0691,-0.0508,0.7984,-0.937,-0.1503,0.0008,0.5464,0.1013,0.1122,-2.3155,-0.1102,0.452,-0.8695,-0.748,-1.9355,0.56,0.1192,-0.0809,-0.2808,-0.3008,-0.6313,-0.3993,-0.0708,-0.0059,0.1302,-0.3454,0.3649,-1.1291,0.4234,-0.2205,-0.0164,0.3808,-0.3708,1.0209
459,5519,108,4,walking,0.2372,-1.131,-0.1858,1.4356,-0.297,-0.9777,0.0946,0.4417,-0.0795,-0.1296,-0.016,-0.1547,-0.2061,-0.2842,-0.3567,0.1668,2.5094,5.0582,3.3327,-1.4022,-0.0886,0.4885,6.2551,-3.5984,-1.3736,0.2669,-0.5564,-3.6663,1.7931,7.0088,0.3498,-2.4538,-0.9762,0.0439,-0.6589,1.0644,-0.7117,0.7573,-0.0697,0.035,-1.998,-1.8495,0.4943,0.0216,0.5792,-0.0806,0.532,-1.765,-0.1107,0.4406,2.8745,0.5601,-0.8315,-0.0506,0.1018,0.2307,-0.2605,0.7422,-0.719,0.7881,-1.0191,-0.1306,0.3458,-0.3994,0.4019,0.8333,-0.5014,-0.1194,0.0918,-1.7793,-0.1121,-1.6193
460,5520,108,4,walking,-0.1186,0.6379,0.0401,-0.2372,0.0942,-0.1293,0.0774,-0.3917,-0.0549,0.0698,0.2782,-0.0213,-0.1918,-0.2962,-0.0889,-0.1668,0.0064,1.227,2.3499,-0.3384,0.479,0.4065,0.595,3.6077,5.5867,-0.3861,0.4479,1.5546,-1.5763,6.371,0.4315,1.7869,-2.4566,-0.0603,-0.4873,-0.0603,-0.9416,0.8095,-0.0009,0.0325,1.9638,0.8511,-0.0506,-0.0081,0.5464,0.0017,-0.001,1.8851,-0.0803,0.5675,0.5321,0.0262,1.3137,-0.1002,-0.1102,0.0187,-0.1193,0.1014,-0.4672,0.4127,-0.9713,0.0542,0.3406,-0.8484,-0.7629,-0.5341,-0.8317,-0.0077,0.1302,0.4017,-0.2165,-0.0644
461,5521,108,4,walking,0.0518,-1.3282,-0.068,0.1581,0.0784,0.0973,0.0885,0.4513,-0.0066,0.1243,-0.2062,-0.0196,0.2974,-0.377,0.3057,-0.1604,1.589,2.4077,1.2472,3.3586,0.4823,1.286,5.6851,0.3398,1.2695,-0.3497,-0.2794,-0.3875,-0.6542,0.6746,0.3639,-1.9969,-3.4941,-0.6476,0.5063,0.7947,-0.4489,0.3454,0.1002,-0.034,1.5398,-1.5583,-0.0503,0.0008,0.5475,0.0159,-0.028,2.4197,0.1199,0.566,-0.874,0.3137,2.9317,0.2603,0.1109,0.1505,-0.2302,0.2809,-0.3002,-0.8819,-1.5013,0.0266,-0.9558,0.7891,0.4999,-1.5666,-0.8217,0.0807,0.2169,0.7805,-0.1129,1.9574
462,5522,108,4,walking,-0.1655,-1.3115,0.077,-0.4343,-0.0962,0.2789,-0.1536,0.4917,-0.0829,-0.1406,-0.1858,-0.134,1.2391,-0.4426,-0.3057,0.0164,2.6095,-1.372,0.7585,-1.3374,0.459,3.3477,0.2852,-1.0084,-3.6696,0.3542,0.3941,2.6569,1.6846,0.0588,-0.388,1.5982,-1.9954,0.5076,-0.4319,-0.0468,-1.9452,0.6779,0.022,-0.034,-1.4798,-1.9062,0.1003,-0.0006,0.532,-0.1193,0.1126,2.9748,0.2164,0.4509,1.9499,-0.7872,2.9278,-0.56,-0.1308,0.0507,0.2609,0.1108,0.7326,-0.7143,-0.4648,0.3606,0.4298,0.4123,0.0758,-0.9762,-0.719,0.3017,-0.2503,-0.9345,0.2302,0.0449
463,5523,108,4,walking,-0.1234,-0.9644,0.1401,0.0898,0.1154,0.2684,-0.0985,0.3344,0.0416,-0.1094,-0.1389,-0.0797,0.2406,-0.3536,0.0543,0.0017,1.2088,2.2225,-0.4547,-0.4966,-0.3861,-0.2768,-0.3746,0.7096,5.2895,-0.0212,0.4075,3.6041,-0.5931,0.5569,-0.0505,-1.5064,-0.4863,-0.0301,0.1503,-0.0455,-0.9958,0.8742,-0.0803,0.1105,0.7467,-2.5765,-0.1127,-0.0009,0.568,-0.1017,0.1197,2.7876,-0.2163,0.4505,1.7786,-0.5319,1.5491,0.2257,-0.3458,-0.0455,0.2308,-0.3503,0.5263,-0.3303,0.3004,-0.1009,-0.301,0.7972,-0.738,0.9509,-0.8443,-0.2602,-0.2205,-0.8153,-0.2507,-1.3114
464,5524,108,4,walking,-0.0519,-1.1865,0.1437,-0.0973,-0.135,-0.1772,-0.1146,0.3581,0.009,-0.0849,-0.2547,-0.0196,1.0764,-0.3382,0.1669,0.2842,2.2984,3.2793,5.4891,-0.6075,0.3694,-0.4523,-1.6634,-0.9989,0.7988,0.5904,0.4076,-3.3944,1.6719,1.3898,-0.5797,-1.0632,-2.9568,-0.5165,-0.638,0.5878,-1.7185,0.5541,-0.1126,-0.026,-0.8521,-0.6193,-0.0364,-0.1109,0.537,0.1505,-0.1194,-3.7384,0.2165,0.5475,-1.9589,-0.864,-2.8711,-0.1309,-0.3509,0.3011,0.1014,0.1009,-0.7761,0.0708,0.7299,-0.0503,0.5276,-0.5491,-0.3451,-2.747,0.4123,0.0806,0.2202,0.0196,-0.3642,-1.4648
465,5525,108,4,walking,-0.0114,-1.327,0.0849,0.0528,0.0012,0.1581,-0.1391,0.3886,-0.0764,-0.1053,-0.1742,-0.0957,0.2362,-0.3389,0.036,0.2697,1.4565,-0.6618,-0.3582,2.6869,0.2774,0.2943,-0.3967,5.5941,3.5885,-0.0475,0.4854,2.7063,-0.9847,0.3037,0.4495,2.9955,0.3475,0.4636,-0.774,0.0694,-0.7984,0.3703,0.1502,0.1198,1.0495,0.7384,0.1103,0.0506,0.5395,0.1308,-0.0008,1.5617,0.0803,0.509,1.8892,0.7636,1.8443,0.1009,-0.026,0.1129,0.2205,0.1018,0.3457,0.2162,-1.7143,0.0249,-0.7896,-1.7169,-0.8099,-1.5341,-0.6276,0.0183,0.2252,-0.871,-0.3802,-0.0608
466,5526,108,4,walking,-0.0117,-1.1658,0.1183,0.0845,0.0065,-0.0625,-0.1347,0.4675,-0.0518,-0.1236,-0.2329,-0.0942,-0.0434,-0.289,-0.1537,-0.2061,1.3944,-1.2762,-0.0786,2.6743,-0.486,3.8849,-0.784,-2.6864,-2.5982,0.3563,0.3395,-2.9855,1.3876,-1.564,0.5074,-3.8567,-0.6972,-0.7903,-0.5695,-0.7789,-1.8053,0.9952,0.1509,0.0509,-1.967,1.5341,0.1017,-0.0008,0.6693,0.1004,-0.0213,-1.5464,-0.1126,0.4297,1.3114,-0.8712,-0.9475,-0.579,0.1306,0.0809,-0.301,-0.2252,-0.737,-0.0456,0.3458,0.1194,0.3605,-0.3505,-0.3004,-1.4017,-0.7169,0.089,0.2167,-0.4357,-0.2205,-1.427
467,5527,108,4,walking,-0.1894,-1.1206,0.056,-0.134,-0.0185,0.0878,-0.0089,0.4567,-0.0792,-0.0314,-0.2348,-0.0957,0.1943,-0.6544,0.157,0.2654,1.2272,2.2091,3.2866,5.3475,-0.5895,-1.2583,7.4933,6.373,-0.3696,-0.0469,-0.3538,-1.5962,-1.9956,-2.5086,0.9871,-1.8747,-0.559,-0.6484,0.6881,-0.8061,1.5375,0.3977,-0.0663,-0.1127,-1.7329,-1.0708,-0.1309,0.0005,0.5758,-0.0213,0.1195,-1.6317,0.1015,0.5408,1.8851,-0.5214,-1.9452,-0.2803,0.3458,-0.1105,-0.3015,0.0505,-0.7941,0.5695,-0.6123,-0.0809,-0.2252,-0.7636,-0.2602,-2.8484,0.9313,0.0549,0.2169,-1.9444,0.0973,0.0406
468,5528,108,4,walking,-0.0892,-1.3177,0.144,0.2781,-0.0718,-0.0947,0.0164,0.4565,-0.0085,-0.055,-0.1916,-0.0468,1.0637,-0.3469,-0.2474,0.2362,2.2082,-1.2588,-1.6042,3.3577,-0.3694,5.2661,0.4493,0.3086,1.5863,-0.3873,0.0507,-3.2943,0.6699,0.5946,0.0212,2.7539,1.9854,0.5578,-0.9567,-0.709,0.8948,0.9717,-0.038,-0.0003,2.7971,-0.4951,-0.1194,-0.0803,0.5787,0.0373,-0.1013,2.7617,0.2507,0.532,-0.5614,0.3758,2.8465,0.0387,0.3403,0.1505,0.2209,0.3457,-0.3606,-0.5121,0.9644,-0.2169,0.4249,-0.6309,-0.1005,1.0488,-1.7143,-0.0455,-0.2257,1.7447,-0.1007,-1.832
469,5529,108,4,walking,-0.0518,-1.2655,0.0085,0.256,0.2394,-0.1178,-0.0817,0.4415,-0.0186,-0.0773,-0.149,-0.065,-0.1343,-0.494,-0.1646,0.0464,1.2719,2.2028,3.3393,-0.7036,-0.3983,0.6837,-2.7941,5.0977,-1.6942,-0.032,-0.4866,0.3492,-0.4584,-1.6595,0.8871,-2.3562,-2.5987,0.5856,0.768,0.7598,0.7185,0.6799,0.0509,-0.4763,-1.9721,-0.4348,-0.1307,0.1002,0.577,-0.1507,0.0803,2.8902,0.0174,0.5468,-1.8656,0.5328,1.8443,-0.0007,0.2306,0.2202,-0.3014,0.1192,-0.3004,0.9613,1.427,0.2609,-0.9666,0.6014,-0.0999,-0.5648,-0.619,0.0608,0.2164,-1.0456,-0.2257,-0.823
470,5530,108,4,walking,-0.1767,-1.2077,0.0561,0.0953,0.0196,0.0898,-0.1346,0.3876,0.0015,-0.0411,-0.1463,-0.1858,-0.2925,-0.377,-0.239,-0.2884,1.5549,2.3985,3.4489,1.0797,0.3391,0.2788,5.6064,-0.2486,1.4066,0.3572,-0.0692,-1.798,-1.6974,-2.3465,0.7842,-2.9943,-2.5036,-0.4795,-0.4852,-0.6859,-0.7541,0.5428,0.4556,0.0329,-0.5793,-0.8498,0.0218,0.0008,0.6506,-0.0505,0.01,-2.5408,-0.1198,0.4292,-1.87,0.8315,-1.94,0.0807,0.2205,-0.2163,-0.1508,-0.3019,-0.3503,-0.3007,-0.5175,0.0571,0.0409,0.7384,0.7329,-1.0811,0.8273,0.2807,0.3605,-0.5249,-0.1306,1.8216
471,5531,108,4,walking,-0.0518,-1.1941,0.0169,0.2375,-0.0414,-0.0013,0.1651,0.5585,-0.0922,0.0774,-0.1742,0.0825,1.3467,-0.3043,-0.2861,-0.2984,3.3572,2.3873,1.2693,0.4036,0.3344,5.6689,1.607,-2.2786,-1.3968,0.035,0.4792,-2.7949,7.7788,-3.4581,-0.0699,0.579,2.9464,-0.6591,-0.3795,0.8048,-0.8255,0.5882,0.0009,0.2164,-1.7859,-0.9773,-0.0215,0.1003,0.532,0.1121,-0.0506,1.9509,-0.1194,0.541,-2.766,0.9744,1.7407,-0.1503,0.2603,-0.1012,0.1108,-0.3708,-0.4678,-0.9613,-0.0388,0.0169,0.01,-0.4303,0.2506,-0.8713,-0.9863,0.3019,0.2243,-1.9574,-0.0803,-1.5015
472,5532,108,4,walking,-0.0562,0.8861,0.032,-0.1408,-0.0697,-0.0084,-0.0183,0.3346,-0.0466,-0.0715,-0.1872,-0.0005,-0.2893,-0.3491,-0.1952,0.2638,-0.4023,1.3949,-0.4794,-1.2457,0.5585,2.3622,-1.4874,3.5941,0.4427,0.3586,-0.1015,1.2967,-0.7569,0.6499,0.0958,-1.7982,-1.8765,0.6876,0.789,0.7043,-1.4598,0.508,-0.0225,0.1198,-1.6051,-1.9589,-0.1503,-0.1005,0.5664,-0.1126,-0.0507,-1.7789,-0.0807,0.4753,1.9666,-0.3007,-1.6143,0.1109,0.2603,0.2308,0.2203,0.3458,-0.3015,0.0455,0.9521,0.1307,-0.6316,5.9613,6.0708,-1.4252,-0.3708,-0.0189,0.2807,-1.0189,0.2503,-1.8398
473,5533,108,4,walking,-0.055,0.9236,0.0116,0.139,0.0064,0.0846,-0.0698,-1.0465,0.0794,-0.111,0.5721,0.1486,-0.152,-1.2543,-0.2618,-0.1784,-0.246,1.0983,-0.4463,2.4577,0.2958,0.3572,0.2859,3.4793,0.6975,-0.3491,-0.4076,0.8968,0.8095,-0.3885,-0.035,2.5588,1.3936,0.3773,-0.7982,0.6651,-0.6774,0.4956,0.0214,0.0806,-0.8443,1.7052,-0.0505,-0.0008,0.4899,0.0078,-0.0059,2.8717,0.0971,0.537,-1.9452,-0.1197,5.9717,0.1017,0.2258,-0.1104,0.0608,-0.0182,-0.4673,-0.9636,0.9355,0.2602,0.5157,1.5384,-0.2304,-0.4996,0.3254,0.1504,0.3012,-0.6014,-0.1309,-1.0644
474,5534,108,4,walking,-0.3171,0.7733,-0.0985,0.5666,0.2692,1.159,0.1178,-0.4562,0.0696,0.0773,0.0546,0.1379,0.2898,-0.3876,-0.1858,0.0069,2.2283,-0.4425,0.2901,-2.2763,-0.4023,-1.3799,0.0874,3.6636,-0.3982,-0.3095,-0.5091,-1.5931,-0.6561,-0.8743,0.7567,-2.5593,2.5749,-0.6056,0.4789,-1.8086,-1.9464,0.4852,-0.0003,0.0507,-0.5426,-2.0468,0.0238,-0.0326,0.5364,0.023,0.1122,-1.5398,0.0394,0.5551,2.7097,-0.1013,-1.8428,0.0708,0.1104,0.1005,0.2162,-0.0803,0.3011,0.8819,-0.9123,0.2802,0.31,0.8482,-0.2508,1.6163,0.8656,-0.1194,0.2308,-0.4303,-0.0387,-1.9278
475,5535,108,4,walking,0.0182,-1.1952,0.1489,0.256,0.047,0.0017,-0.061,0.5911,-0.0788,0.0829,-0.2843,0.0315,0.0923,-0.3796,-0.1668,0.2718,1.5565,-0.7594,-0.6933,2.228,-0.4434,-0.2695,-0.9942,3.4962,-2.4792,0.5898,0.3874,-1.9762,-1.3066,0.4893,-0.6736,-0.0577,3.7857,-0.6345,0.409,-0.5061,-0.8513,0.6483,-0.1308,-0.0803,-0.568,-0.9574,0.0006,0.0508,0.535,0.0046,0.0097,2.7986,-0.1198,0.4408,1.0219,0.3114,1.5414,0.2259,-0.1121,0.2162,0.1503,0.3409,0.7318,-0.3606,-0.4992,0.2507,0.1005,-0.7664,-0.2602,0.7449,-0.8499,0.0561,-0.1109,-0.6708,-0.2204,0.6014
476,5536,108,4,walking,0.1852,-1.0182,-0.1154,0.1486,-0.0922,0.1397,0.1279,0.4088,-0.0542,-0.0847,-0.2072,-0.0769,1.2489,-0.3341,-0.047,-0.0059,2.4862,3.3949,-0.2891,-1.5596,-0.2385,-0.4568,-1.2581,0.6477,2.2698,0.2956,-0.0632,-2.9983,0.448,-2.3837,0.5763,-2.6684,-2.5846,0.0375,-0.6065,0.435,-0.6604,0.5364,0.0213,-0.1015,1.8767,-0.7874,-0.0203,-0.0008,0.5276,-0.0194,-0.0508,-2.955,-0.1122,0.4757,-0.6138,-0.3232,-1.0861,0.0708,-0.0803,-0.1004,0.1303,0.2303,-0.737,-0.6173,-0.932,0.1193,0.3013,-0.9086,-0.7619,1.5384,0.9444,-0.2608,0.3607,0.5998,0.2506,1.5408
477,5537,108,4,walking,0.0563,-1.0164,-0.1118,0.2696,0.1704,0.1462,0.0891,0.5946,-0.0095,0.0697,-0.2894,0.023,1.0774,-0.405,0.2315,-0.0941,3.6838,2.3944,0.4866,-1.4936,-0.2283,-0.2433,0.2942,-1.5592,-3.9825,-0.3557,-0.2785,-0.586,-0.4734,-1.7075,-0.438,-2.6967,1.6587,0.8876,-0.9972,-0.8906,-0.9067,0.4561,-0.0375,-0.0508,0.7718,1.7982,-0.1106,-0.1129,0.5617,-0.0006,-0.1012,2.86,-0.119,0.5499,-0.7299,-0.7853,1.8468,0.0803,-0.2209,0.1505,0.1305,-0.2257,-0.9311,0.6014,1.5164,-0.0447,-0.8192,0.3507,-0.7326,-1.9644,-0.4187,-0.0049,-0.2244,-0.3704,-0.3005,0.5165
478,5538,108,4,walking,0.1119,-1.3302,-0.0195,-0.1236,-0.1463,-0.1582,0.0872,0.441,-0.0581,-0.009,-0.2053,-0.0323,0.2942,-0.2796,0.2291,-0.0797,1.5562,-0.6094,2.3389,-2.3968,0.2898,3.3058,2.4025,-1.4783,-2.4885,-0.0675,0.3793,-2.998,1.4561,-0.7866,-0.467,-2.7769,1.6792,0.4325,0.0468,0.6413,-0.7986,0.4987,-0.1198,0.1015,-1.5109,1.5716,-0.0973,-0.0508,0.5902,-0.1121,0.1505,2.6567,-0.0007,0.505,-0.8427,-0.7416,2.5648,0.2307,-0.3647,-0.1103,0.3456,-0.0804,0.8871,-0.761,-0.0663,-0.1005,-0.0889,-0.4007,-0.1308,-1.6163,0.5013,-0.2258,-0.2202,-0.7408,-0.3409,-1.8192
479,5539,108,4,walking,-0.0133,-1.2896,0.0077,-0.1712,-0.0414,-0.0785,-0.0829,0.5942,0.0324,-0.0973,-0.2743,0.0626,1.0546,-0.3718,0.152,0.0508,0.3536,-0.686,-0.2369,-1.4062,0.4856,2.4722,3.5898,0.4938,0.6782,0.5563,0.4581,-1.955,0.309,0.6672,-0.7541,-2.8876,-2.6491,-0.4492,0.6599,0.7852,-0.8971,0.5313,-0.028,-0.1308,0.6306,-1.5421,-0.1507,0.1194,0.7097,0.0003,-0.1008,1.7974,0.1012,0.5783,1.9077,0.4234,1.877,0.3005,-0.3408,0.2609,-0.2202,0.2807,-0.3707,-0.8475,-1.6163,-0.3017,0.3171,-0.7384,0.2304,-1.8656,0.4997,-0.1126,-0.0186,0.0488,-0.2503,-0.7447
480,5540,108,4,walking,-0.1467,-1.0961,0.1786,0.1633,0.0884,0.0792,-0.1203,0.4925,-0.055,-0.111,-0.1865,-0.0619,1.0063,-0.4874,0.2426,-0.0169,2.459,3.4468,0.3775,1.6683,0.5862,-0.5585,0.3523,-0.7891,2.3846,-0.043,0.4798,1.2953,-1.8942,-2.3699,0.3964,-1.6082,2.7988,0.7072,0.5726,0.0755,-0.8695,0.541,0.1126,-0.028,-1.5941,0.4348,0.1309,-0.1002,0.564,-0.0508,0.1194,-2.9574,-0.2164,0.4796,-0.7794,-0.8717,-1.7615,0.0406,-0.0005,-0.2602,0.2259,-0.3403,0.73,0.9513,0.4017,0.0409,0.2309,0.3609,0.1102,5.6303,-0.3502,0.0455,-0.0803,-1.5998,-0.1015,1.799
481,5541,108,4,walking,-0.1181,-1.1856,0.0947,0.1768,-0.0513,0.0078,0.079,0.4842,-0.0433,0.0169,-0.1463,-0.0845,-0.068,-0.2796,-0.0329,-0.266,2.2553,1.4966,3.3795,1.384,0.4475,-0.3059,-0.8865,5.5084,2.6476,0.5599,-0.3491,-2.8958,1.3974,-2.867,0.5798,0.9746,-3.7902,-0.431,0.8715,-0.8536,-0.821,0.3997,-0.1198,-0.3014,0.6382,-0.541,0.0008,-0.1303,0.6746,-0.1012,0.0509,-2.5213,-0.2164,0.4693,-0.9313,0.3706,-2.4277,-0.1508,0.7761,-0.2607,-0.3003,-0.0807,-0.5753,-0.73,-1.0473,-0.1107,-0.7463,-0.3503,-0.3609,-1.0663,-0.9458,-0.1127,-0.2505,0.8695,-0.3451,-1.6397
482,5542,108,4,walking,0.1832,-1.1547,-0.2396,1.9084,0.8695,2.0799,0.0179,0.5949,-0.0412,0.0077,-0.134,-0.228,-0.3948,-0.6083,-0.2095,-0.2468,-2.2655,3.355,-0.2957,0.0584,-0.4589,-1.2864,0.8841,-2.2761,-3.3638,-0.3386,0.0963,5.5862,2.3461,-2.6694,0.657,-3.6787,-0.4437,0.6946,-0.0375,1.9444,-0.9762,0.7852,-0.0803,-0.0697,-0.4234,-1.8567,0.1503,-0.0009,0.736,-0.0455,0.1307,-2.8205,0.0216,0.5413,-0.8492,0.0509,-2.744,0.2805,-0.989,-0.3808,-0.3405,0.8273,0.4993,0.0658,0.4254,-0.2505,0.3709,0.3303,-0.2602,1.1259,-0.3993,-0.2209,0.101,-0.7212,0.1121,1.8333
483,5543,108,4,walking,0.0811,-1.2861,-0.1256,0.209,-0.1764,-0.0546,0.0198,0.4578,-0.0326,-0.0985,-0.2329,-0.0092,0.0421,-0.4933,-0.2407,0.1875,1.3882,3.8819,2.3066,-2.3586,-0.6541,1.4463,5.6036,1.6791,-0.6883,-0.065,-0.274,-0.5874,-0.3942,-1.7947,0.3497,2.5973,-1.8093,0.9548,-0.9499,0.8469,-1.7771,0.1197,-0.1013,-0.0009,-0.4377,0.7613,0.5562,0.0507,0.7077,-0.5754,-0.531,-2.4363,-0.2165,0.5468,-0.9574,0.0451,-1.5787,0.2306,0.3409,0.2202,-0.1508,0.3457,0.2257,-0.025,0.6708,-0.1104,-0.3011,-0.0663,-0.3508,-0.3449,-0.0608,-0.1008,-0.0002,-0.8947,-0.2508,1.8986
484,5544,108,4,walking,-0.0737,0.4356,0.0942,-0.1315,-0.1605,-0.0196,0.1185,-0.4846,-0.0323,-0.0897,0.1775,-0.0462,1.0069,-0.3389,0.2068,-0.2225,0.5584,-0.5983,-0.5094,-0.2464,-0.3936,-0.3567,-0.2974,0.6692,0.3043,-0.3877,-0.2899,-0.6098,0.0645,0.6561,0.3497,-1.5464,2.578,0.5881,-0.4047,-0.7088,-0.7963,0.4971,0.1502,0.2206,-0.5276,3.0332,-0.1191,-0.0458,0.535,-0.1002,-0.023,1.8618,-0.0803,0.4552,2.7891,0.0608,1.5398,-0.0455,-0.1012,-0.0505,-0.2254,-0.3406,0.3005,-0.7625,-0.9301,0.1107,-0.5013,-0.3449,-0.4368,0.5384,0.3608,-0.2809,0.0187,0.6998,-0.0443,-0.8952
485,5545,108,4,walking,-0.1806,0.7604,-0.0981,-0.0515,-0.0849,-0.0499,0.0084,-0.4413,0.0186,-0.0746,0.1925,0.0312,1.362,-0.4043,-0.1793,0.1633,-0.3769,-0.2757,-0.3074,-1.3897,0.2378,2.3922,-0.6096,-0.4785,0.5966,-0.2658,0.3542,3.3497,-0.5595,0.7794,-0.679,-0.4868,-1.8063,0.7092,-0.6572,-0.755,1.5611,0.6489,0.2165,-0.2206,-0.8716,0.73,-0.0216,-0.0003,0.537,-0.0249,-0.0152,0.1308,-0.1012,0.547,-0.3994,0.7976,-0.3453,0.0806,0.3508,-0.1006,-0.0507,0.0409,-0.4991,-0.0373,-0.8213,0.1503,0.4016,0.9895,-0.3646,0.8273,-0.3604,0.1108,-0.1198,-0.2806,-0.3013,-0.6397
486,5546,108,4,walking,0.0019,-1.094,-0.1438,1.1858,-0.2407,2.1693,-0.2633,0.5542,-0.055,-0.2095,-0.2741,-0.0143,-0.1364,-0.3498,-0.2983,0.0885,3.2588,5.6063,2.4791,0.4573,-0.2857,-0.3536,-2.4865,-2.3962,-0.7094,-0.0699,1.379,-1.6877,6.3074,1.4484,-0.758,-1.6761,2.566,1.0466,-0.4902,0.7981,-2.5987,0.9617,-0.0508,0.0456,-0.8656,0.7853,0.1009,-0.0325,0.5475,0.1305,0.0007,-3.0247,0.1195,0.4393,-0.8917,-0.9737,-2.8695,0.1018,-0.6982,0.1121,0.0806,-0.8636,-0.7213,-0.0473,1.8657,-0.2807,-0.7634,0.0451,0.2205,-0.3255,0.3254,-0.0286,0.2505,0.7384,0.3008,1.1569
487,5547,108,4,walking,-0.0973,-1.2064,0.1855,0.2382,0.1397,0.269,0.0632,0.4469,-0.0195,-0.0049,-0.1636,-0.0548,-0.0728,-0.2791,-0.0878,0.2266,1.6568,3.2553,2.3093,-1.3787,0.4077,-0.9824,-0.3885,-2.3494,-1.506,0.0463,0.2981,5.7542,1.0344,-0.4535,0.3954,-1.7499,-1.5967,-0.468,-0.5761,-0.5695,-2.9077,0.8664,0.028,0.2164,-1.7951,0.7625,-0.1012,0.0603,0.5852,0.1198,-0.1004,2.8871,0.0803,0.5277,1.5625,0.0262,2.0249,0.3009,-0.3458,0.2807,0.0009,-0.0504,-0.8965,0.7026,0.8315,0.301,-0.3408,0.5648,-0.4123,1.3232,0.7447,-0.2607,0.1507,-0.9762,-0.0387,1.3114
488,5548,108,4,walking,-0.2374,-1.0084,0.0543,-0.1255,0.1378,0.0163,-0.1439,0.4918,-0.0873,-0.1702,-0.2958,0.1607,-0.0433,-0.3885,-0.2896,0.2265,2.4466,1.4064,3.3499,5.3788,0.3568,-0.7026,6.0941,0.8977,-1.5795,0.5903,-0.4742,0.9736,1.5067,-1.0698,-0.466,-3.9445,-1.6971,0.7551,-0.532,-0.0802,-0.9301,0.7976,0.1015,-0.1509,-2.5276,-0.865,0.1122,0.0506,0.5508,0.1306,0.0394,2.0209,-0.1005,0.4506,-0.874,-0.6135,1.9021,0.2607,0.8056,0.2206,0.2167,0.2303,-0.3457,0.0603,0.0684,-0.0286,-0.01,-0.1197,0.3508,0.7387,-0.8255,0.0004,0.1105,-1.0458,-0.2254,0.8754
489,5549,108,4,walking,-0.0928,0.8163,0.0885,0.4123,0.1719,0.2074,-0.0089,-0.3895,0.0142,-0.0511,0.0773,0.0364,-0.0698,-0.2572,0.026,0.2757,0.1853,1.3947,0.5884,-0.4863,-0.2952,0.3775,-0.3578,-0.4431,0.597,0.3369,0.4094,2.3466,0.7936,-0.6882,0.0432,-1.5083,3.6777,-0.5499,0.5565,0.468,-0.9645,0.8886,0.0143,-0.1195,-1.427,-0.716,0.0171,0.0508,0.761,0.1121,0.1018,-1.903,-0.2207,0.4893,1.8333,-0.2162,-0.9777,0.2302,0.1108,0.0807,-0.3006,0.1005,-0.4223,-0.0409,-1.9766,0.0406,0.4254,0.5014,-0.1503,1.6276,0.0449,0.3013,-0.1309,-0.7408,0.2507,-1.619
490,5550,108,4,walking,0.0891,-1.1205,-0.1349,-0.1542,0.0464,-0.2519,-0.0185,0.4793,0.0092,-0.0796,-0.1638,0.026,-0.2633,-0.6818,-0.2263,-0.2984,2.2869,1.5535,3.2475,0.6567,-0.4488,-1.4862,-0.094,1.457,5.3786,-0.0698,-0.2789,0.309,-0.5746,-3.3983,0.6677,-1.3471,-1.9452,0.5961,-0.7953,-0.9599,1.9727,0.8741,0.036,0.1197,1.432,-0.8052,-0.1308,-0.0803,0.5872,0.1012,-0.0505,0.747,0.1509,0.5466,0.5611,0.9499,0.7615,0.1122,-0.3454,-0.2303,0.3642,-0.3607,-0.2165,-0.7882,0.4008,0.2203,0.0663,-0.6604,0.2802,-0.427,-0.9509,0.0003,0.3008,0.9458,-0.1102,0.5002
491,5551,108,4,walking,0.0928,-1.1606,0.0584,-0.0785,0.1762,-0.109,0.0196,0.596,0.0074,-0.0868,-0.2349,0.0219,0.2655,-0.3542,-0.0465,0.0008,1.2064,0.2569,2.5889,0.365,0.4866,0.274,3.8861,-0.6746,1.3486,-0.3347,-0.3876,-0.4463,-0.2993,-0.7973,0.3743,-1.9981,-1.7787,-0.7083,0.4556,-0.7572,1.714,0.3941,0.035,-0.0458,0.4234,-1.8082,-0.1199,0.0506,0.579,0.1013,0.0803,-1.5665,0.3015,0.5467,-1.7895,0.3703,-1.9433,-0.1004,0.1124,0.1308,-0.2805,0.1504,0.2258,0.3002,-0.9871,0.0406,0.3406,-0.9219,-0.2508,-0.7161,0.9236,0.1103,-0.0163,1.4018,-0.2604,1.6276
492,5552,108,4,walking,0.1375,-1.3277,-0.1586,-0.2636,-0.255,-0.0761,0.1203,0.5593,-0.0467,0.0188,-0.2762,-0.0933,-0.3096,-0.2374,0.2897,-0.1842,1.459,2.4819,3.0549,-1.228,-0.3941,-0.7872,-2.6595,-0.2985,-2.6691,0.0083,0.0894,-1.4781,-0.5899,0.6977,-0.6035,-1.6498,-0.3782,0.3499,0.384,0.0692,1.4484,0.567,0.0507,0.468,0.8902,-0.7976,-0.1196,-0.1307,0.6857,-0.1502,-0.1012,-1.9446,-0.0804,0.4585,-0.73,0.5971,-1.5422,-0.1124,-0.2607,0.2163,-0.0608,0.0456,-0.3008,0.6163,-0.5109,0.0547,0.3608,1.5288,1.6006,0.5175,-0.3012,0.0708,-0.1009,-0.2254,-0.4012,-0.3155
493,5553,108,4,walking,0.2362,-1.1772,-0.1807,-0.9062,-0.0953,-0.6306,0.1315,0.4877,-0.0475,0.1178,-0.2824,0.1459,1.0063,-0.6086,0.0542,0.2035,2.2557,3.5885,1.4549,-1.2788,0.0179,-1.3391,-0.5546,-2.6794,5.669,-0.3698,0.3983,2.4099,-1.7034,-1.9564,-0.0837,-2.5084,1.4496,0.5468,-0.3861,-0.6547,-0.8743,0.738,-0.0008,0.1008,1.6382,-0.6974,-0.036,0.0225,0.5617,0.001,-0.01,-1.5211,-0.1503,0.4897,-0.719,-0.891,-1.9123,0.0503,0.1108,0.101,-0.1191,0.2203,-0.3019,-0.4991,-1.6163,-0.1127,-0.9301,-0.823,-0.3708,-1.7615,0.9607,-0.0456,0.2164,1.0488,-0.3757,-1.1792
494,5554,108,4,walking,-0.135,-1.2486,0.0059,-0.2075,-0.0645,-0.0788,0.0849,0.3947,-0.0516,0.0467,-0.2781,0.0917,1.0146,-0.309,-0.2318,-0.2272,2.5893,3.3562,-0.6561,1.3782,-0.3878,-1.3343,1.4083,-0.9928,2.6977,-0.3474,-0.2968,-1.7984,-0.368,-2.6091,0.4831,2.5489,-0.5764,-0.6344,-0.8902,-0.947,0.5422,0.5327,0.0375,0.1004,-1.9742,1.5491,0.1121,0.0005,0.5576,0.1015,0.1195,-2.9515,-0.2608,0.4405,-0.8566,-0.5165,-2.0277,0.0409,0.3509,0.0406,-0.2807,0.0506,0.5109,-0.737,0.8122,0.2303,-0.3607,-0.3453,0.8746,0.7291,-0.3702,-0.0892,0.1507,-1.9898,0.2504,-0.9666
495,5555,108,4,walking,,,,,,,,-0.2505,,,,,,,,,,,,,,,,,,,,,,,,,,,,,,,,,,,,,,,,,,,,,,,,,,,,,,,,,,,,,,,,
496,5556,108,4,walking,0.0032,-1.1849,0.0146,0.1092,0.0344,0.0894,0.1181,0.9348,-0.0983,-0.0561,-0.4564,-0.1384,1.2085,-0.3799,0.0215,0.1658,-1.0793,3.5936,2.508,-0.3941,0.3896,1.6925,-1.3057,-3.6827,-0.7077,0.046,-0.2943,2.889,-0.6697,-1.6734,-0.0655,-1.9863,-2.7547,-0.6548,0.3553,-0.764,0.7879,0.3708,0.1307,-0.1108,-0.5499,1.5276,-0.0247,0.0506,0.5753,0.1018,0.1006,-2.6173,-0.2208,0.5695,1.8908,-0.626,-1.539,0.1509,-0.0807,0.0009,0.2244,0.1197,-0.4679,0.3164,-1.9574,0.0172,-0.8759,-1.8192,-0.2169,1.5384,-0.4997,0.0173,-0.2805,-0.6014,-0.2605,-0.7805
497,5557,108,4,walking,0.131,-1.1279,0.0825,-0.1654,0.0466,-0.0946,0.0042,0.4782,-0.0186,-0.1115,-0.2369,-0.034,0.2964,-0.4937,-0.2822,-0.0557,1.6075,-1.5834,2.3084,3.4483,0.3577,-1.369,1.8862,-0.277,2.8941,-0.4898,-0.6778,-0.3843,-0.8095,-1.5592,-0.6891,2.0761,-0.9987,0.0696,-0.5093,0.5981,0.6563,0.7411,0.1015,-0.1308,1.9762,-0.9445,0.022,0.0007,0.5757,0.0222,0.1009,-2.6193,-0.0503,0.4505,-0.9509,-0.7636,-2.8519,0.1197,-0.3456,-0.1506,-0.2258,-0.2807,0.3125,-0.9723,-0.6143,-0.0809,0.3643,-0.5998,0.5165,0.719,-0.3604,-0.2164,-0.2203,0.5408,-0.3502,1.5249
498,5558,108,4,walking,-0.1374,0.7185,0.0596,0.2075,0.0059,-0.1206,0.0881,-0.5884,0.0172,0.0315,0.2764,-0.0933,0.0438,-0.407,-0.2521,0.0723,1.4434,-1.2402,0.2897,3.2953,0.556,2.4792,-0.7961,-0.4826,0.8842,-0.6598,-0.4567,-2.3683,0.688,-1.3057,0.5095,-0.3546,1.8976,-0.4962,-0.7852,0.3788,-0.9466,0.3943,0.1015,-0.0509,0.9951,-1.6604,-0.1305,-0.1509,0.568,-0.1197,-0.1103,-1.8657,0.3002,0.5469,-2.8528,0.7713,-0.8764,-0.0806,-0.3454,0.0006,0.3405,0.2252,0.0708,0.7266,0.8153,-0.0495,-0.0406,-1.0886,-0.737,-0.8482,-0.6397,-0.3013,0.0982,0.0449,-0.2167,1.9099
499,5559,108,4,walking,-0.0105,-1.2891,0.0078,0.156,0.1186,-0.0696,0.0974,0.4072,-0.1257,0.0766,-0.1659,-0.0413,0.2463,-0.4423,-0.2637,0.0825,1.5834,0.8818,2.1943,3.3562,-0.3846,0.5584,1.6497,-2.2748,-0.995,-0.3383,0.3094,-3.7742,-1.4967,-0.7592,-0.4765,0.9568,-1.3941,-0.367,0.5469,-0.4561,-2.938,0.5623,-0.0506,-0.038,-1.8976,-0.9038,-0.1198,-0.0009,0.537,-0.1013,-0.026,-2.8273,-0.1307,0.5508,-0.8717,-0.1509,-1.9773,0.2605,0.9812,-0.3648,0.1003,-0.0449,0.3007,-0.794,1.9589,0.1124,-0.855,-0.3122,-0.2307,-1.5695,-0.6143,-0.2807,0.2209,-0.9666,-0.2257,1.9444
500,5560,108,4,walking,-0.0718,-1.0549,0.1285,0.131,-0.157,-0.2558,-0.0933,0.352,0.0611,0.0063,-0.1646,0.0183,1.3865,-0.4569,0.2892,-0.3489,3.3957,2.0878,-0.2974,-0.5593,0.0461,0.4096,0.2623,-2.5944,2.6468,0.4737,-0.489,-0.7799,1.7988,2.6681,-0.038,-1.5062,-3.3694,0.6798,-0.5625,-0.8475,-1.7198,0.5426,-0.0219,0.0355,1.7384,-0.9743,0.0006,0.0804,0.5941,-0.0506,-0.0186,-1.9528,0.1303,0.5678,-1.6309,0.3002,-0.8715,-0.0456,0.1192,-0.1103,0.1126,-0.3609,-0.768,0.7266,0.826,-0.1017,-0.2209,0.4994,-0.3991,0.3509,0.7291,-0.2603,0.1004,1.0759,-0.2308,-0.9644
501,5561,108,4,walking,-0.0885,-1.3114,0.1772,-0.4343,-0.1438,-0.6138,0.1398,0.4536,-0.0194,0.1646,-0.0042,-0.0715,0.3582,-0.2744,0.069,0.2969,1.4918,2.3391,3.4766,1.5964,0.0581,1.3074,0.5089,0.2541,0.3492,-0.2688,-0.0943,-0.6793,-0.397,0.6897,0.4095,2.0317,-1.7863,-0.3775,0.5884,-0.5565,-1.5499,0.6053,-0.0608,0.0009,0.7948,-0.7783,-0.0506,-0.0411,0.5796,0.1106,-0.0809,-2.874,-0.1004,0.4409,-1.8086,-0.566,-2.4188,-0.3403,-0.3018,0.2252,-0.025,-0.2608,-0.3009,-0.3454,-0.8484,-0.2207,0.3642,1.4223,-0.768,1.6146,-0.0708,-0.1124,0.1013,0.2808,-0.1194,-1.5663
502,5562,108,4,walking,0.1295,-1.3277,0.077,0.0892,0.091,0.2077,0.0569,0.8273,0.0174,0.0433,-0.3943,-0.0044,0.1406,-0.3885,-0.1661,0.269,1.5075,2.6028,3.374,0.3696,0.4573,-0.5598,6.2394,-2.2982,-0.6483,0.348,-0.4791,-0.7862,1.6893,-1.5749,0.4884,-0.7635,-1.5879,-0.6689,0.5499,-0.5902,-1.6781,0.6586,0.0005,0.1192,-0.9723,-0.8863,-0.1015,-0.036,0.564,0.1508,-0.1006,-1.9777,0.1107,0.5585,0.9574,0.8711,-1.5249,0.2167,0.0508,-0.1121,-0.2209,-0.0804,-0.427,-0.4678,0.7169,-0.001,0.3502,0.3141,-0.2608,-0.3018,0.8398,0.2259,0.3457,-0.0451,0.2304,-1.1715
503,5563,108,4,walking,-0.1349,-1.055,0.1259,1.4307,0.2698,2.079,0.1469,0.4796,-0.1036,0.0066,-0.1541,-0.0172,0.2994,-0.2535,0.2719,0.2842,3.8943,0.7875,-2.2374,-0.3381,0.3497,1.0845,0.6891,0.4484,-1.4063,0.0655,0.3982,-1.377,0.3053,-0.7788,0.096,-1.5793,-2.4865,0.6499,1.5895,1.8567,0.7973,0.7638,0.0462,0.0803,1.8092,0.5497,0.0009,0.001,0.5475,0.0216,-0.0203,2.5623,0.0327,0.5119,1.8192,-0.8616,1.8764,0.0363,-0.0509,0.2205,0.1015,-0.2162,-0.3606,0.9762,-1.7169,0.0262,0.3141,-0.3509,-0.3452,0.5998,0.1199,0.0404,0.0373,0.5276,0.0871,0.6103
504,5564,108,4,walking,-0.1398,0.9762,-0.0105,0.5165,0.1256,0.1438,-0.189,-0.4869,0.0891,0.0794,0.0942,-0.0044,1.2519,-0.2678,0.1517,0.2821,-0.2953,-0.3655,-0.594,-1.2389,-0.6633,0.6883,0.7937,2.6095,-1.0364,0.4799,-0.2746,-0.3557,-0.4974,-0.458,0.3962,3.7581,-0.5077,-0.0499,0.0693,0.7043,0.6788,0.5885,-0.0225,0.0387,-0.5469,-1.8613,-0.2605,-0.1196,0.6584,-0.1105,0.0807,-1.871,-0.2252,0.4003,-0.5695,0.0506,-1.5666,0.0755,-0.3459,-0.1012,0.1507,0.1129,0.6375,0.4999,-1.516,-0.027,0.4232,0.6143,-0.2208,-0.5157,-0.6348,0.0488,0.2508,0.4254,0.1303,-1.768
505,5565,108,4,walking,0.0915,-1.0548,0.1289,-0.1344,-0.0872,-0.1619,-0.0111,0.5584,-0.0092,-0.065,-0.2041,-0.0746,0.306,-0.3869,-0.2635,0.034,1.3391,2.2364,3.3968,0.7947,0.2231,-0.6697,0.4937,-2.2825,-0.2959,-0.2788,-0.0467,-0.588,-0.566,-1.9982,-0.3475,-1.367,2.9562,0.5787,-0.7778,-0.0215,-0.9843,0.5325,0.0388,0.1197,-1.738,-0.719,0.1005,0.001,0.4596,0.0803,0.0509,1.6103,-0.1105,0.4687,-0.7413,-0.8544,1.862,0.1018,0.2208,-0.2308,0.2603,-0.3456,-0.4992,0.0456,-0.9099,0.0163,0.5191,-0.3449,-0.0642,1.3123,0.3102,0.0003,0.1508,0.6451,0.1126,-0.7384
506,5566,108,4,walking,-0.1603,-1.0563,0.1204,0.0183,0.1154,-0.0825,0.0717,0.576,-0.0069,0.065,-0.2696,-0.1315,0.0962,-0.4088,0.3343,0.2718,1.4547,2.2389,-0.4867,-0.7581,-0.2972,3.7064,0.3744,-0.3585,5.368,0.3082,0.559,-1.3846,1.4965,0.9977,0.3467,-0.839,-1.5663,-0.3978,-0.5894,0.7976,-1.9873,0.6886,0.1503,-0.0503,-0.8436,-2.9666,0.5952,-0.1013,0.7417,-0.119,0.568,-1.5491,-0.1122,0.4503,-0.955,0.3402,-1.6173,-0.0485,0.3002,0.2605,-0.1307,0.1104,-0.3609,-0.3504,-0.9236,0.0803,-0.2204,-0.6108,-0.3802,1.7291,-0.4303,0.0213,-0.0003,-0.9737,-0.2164,1.9375
507,5567,108,4,walking,0.1858,-1.2375,0.0936,1.0169,0.2404,0.8372,-0.1206,0.5582,-0.0817,-0.0059,-0.3813,0.1466,-0.3372,-0.4585,0.059,-0.2962,2.2094,3.4976,0.6528,-0.2547,-0.306,-0.3922,-0.2693,-2.7846,-1.3744,0.0774,0.0213,2.7096,0.8842,2.3597,0.345,1.7968,2.4095,0.488,0.5498,0.561,-0.5787,0.6443,-0.032,0.0508,-1.7784,0.9604,0.1198,0.1103,0.5333,-0.2305,0.1005,1.8616,-0.2169,0.5411,1.7177,-0.8917,1.7386,0.1015,0.3457,0.0456,-0.2507,0.3509,-0.8311,-0.8998,1.6163,-0.0003,-0.7266,0.5121,1.0173,-0.4016,-0.7805,0.0476,0.0199,-0.7369,-0.3997,1.5273
508,5568,108,4,walking,0.0542,-1.0838,0.0798,0.1774,0.1246,0.1885,-0.1349,0.4437,-0.0697,-0.141,-0.1143,-0.021,-0.2766,-0.6972,0.2041,0.265,2.0158,1.2864,3.4867,-1.3973,0.0955,0.2433,5.3677,-0.5983,-0.458,0.3078,-0.2976,0.609,0.5732,0.7075,0.3556,1.8961,-1.9534,-0.5408,0.4088,0.8717,0.6547,0.0468,-0.03,0.0388,-0.9645,1.8495,0.0506,0.0003,0.5418,0.1006,0.0202,-0.9449,-0.0472,0.5341,-0.8499,-0.8611,-0.7982,-0.1191,0.2209,0.0806,0.2166,-0.2308,-0.3457,0.1014,1.0895,-0.1103,0.6276,-0.6138,0.1509,1.0277,-0.4245,-0.0002,0.0981,-0.8333,-0.0973,0.9558
509,5569,108,4,walking,0.0617,-1.1858,0.0146,-0.0712,-0.0561,-0.1398,-0.1083,0.9081,-0.03,-0.0929,-0.4515,-0.0433,0.3672,-0.2695,-0.2094,-0.3781,2.2485,1.6047,0.4863,3.5086,0.3576,5.389,-0.4423,1.5591,6.4962,0.2878,-0.3499,-3.704,1.6467,2.7982,0.3988,-0.7768,-1.6697,-0.6541,-0.5956,0.968,0.7475,0.5789,0.1307,0.0505,-1.5325,-1.0488,0.1003,0.023,0.5212,0.0006,-0.0803,-3.619,0.1197,0.5396,1.3017,0.8727,-1.9773,-0.1508,-0.1019,0.2202,0.2807,-0.2169,-0.3995,0.6173,1.5648,0.0584,-0.9452,0.2593,-0.4013,-0.7447,-0.4999,0.0184,0.0063,-0.6306,-0.2505,-1.8695
510,5570,108,4,walking,-0.1511,-1.0548,0.0917,0.1607,0.0169,0.2443,0.142,0.8142,0.0059,0.0426,-0.3949,-0.0886,-0.1813,-0.8872,0.2962,-0.2894,1.5883,2.359,-0.4025,-1.4598,0.6082,-0.9954,-0.8944,3.2741,-0.5064,0.3879,-0.3374,0.6837,0.6793,-0.3492,0.0509,-1.6597,1.8547,0.6661,0.0695,0.5799,-0.816,0.768,0.0375,-0.1108,1.5635,0.4675,0.0231,-0.1008,0.5563,-0.0225,-0.0005,-1.9452,-0.2258,0.427,1.6138,0.7887,-1.531,0.3009,-0.1309,0.2606,-0.0451,0.2806,0.9617,-0.3608,0.8467,-0.2202,-0.4296,0.4999,0.4014,-0.4993,-0.0999,0.0807,-0.001,0.4272,-0.1126,-0.9666
511,5571,108,4,walking,0.149,-1.2988,0.1695,-0.414,0.06,-0.6143,0.0584,0.4518,-0.028,0.0878,-0.2064,-0.0973,1.2796,-0.2368,0.2598,0.0462,2.335,3.4056,-1.0763,-0.6544,-0.4842,1.3786,-0.2881,0.3979,1.5941,-0.2657,-0.3876,1.3587,0.6661,-0.4985,-0.0183,-2.4793,2.8967,-0.7074,-0.5853,-0.9469,-0.4369,0.5585,0.0375,-0.0508,1.4348,1.9799,0.1015,-0.1002,0.6082,0.0171,0.1507,1.7772,-0.2208,0.4591,-1.7384,-0.3232,1.8657,0.0803,-0.0485,0.2164,0.2605,-0.0009,-0.3705,-0.3453,-0.8398,0.3017,-0.3994,0.6014,-0.1103,-1.3147,-0.9214,0.1198,0.0456,-0.3123,0.1302,-0.6154
512,5572,108,4,walking,0.149,-1.1764,0.0399,0.0569,0.0796,0.2345,0.0897,0.5798,0.0219,-0.0181,-0.2406,-0.0941,-0.2891,-0.4494,0.3082,0.0431,1.2056,2.3325,3.3865,1.2684,-0.354,-0.585,-1.6092,-2.277,2.6777,0.4973,-0.3936,-2.8946,1.7588,-1.6851,0.4834,0.6685,2.7853,-0.3795,0.0059,0.5587,-1.638,0.4315,0.4761,0.5466,-0.4368,-2.6217,0.3646,0.0505,0.5759,0.2807,0.2253,-1.7413,0.3009,0.4506,1.8492,0.761,-0.6173,0.2208,0.0803,-0.0266,-0.1108,-0.0454,0.7983,-0.3806,0.0488,0.1194,-0.1009,-0.9446,0.2307,0.4995,0.8628,0.4012,0.0388,-0.3457,-0.0007,-1.0161
513,5573,108,4,walking,0.1392,-1.1706,-0.1552,-0.2384,-0.0943,-0.1672,0.1257,0.4798,-0.0095,0.0811,-0.2441,-0.0462,1.0174,-0.2633,-0.1955,0.0581,2.2078,3.6061,-2.2535,0.5096,0.4869,0.288,1.4586,0.584,1.2949,-0.034,0.2794,0.6636,-0.8891,1.3499,-0.3973,-2.6468,1.377,0.7938,-0.0783,0.4675,1.5408,0.5601,-0.0603,0.1193,-0.5951,-0.7776,-0.0218,-0.1011,0.6589,-0.1509,-0.1003,1.905,0.0809,0.5464,-0.8192,-0.6399,1.6782,-0.1104,-0.3647,-0.1122,0.0509,0.0008,-0.3458,-0.8737,0.9717,-0.1309,-0.3006,1.9326,-0.8518,0.7447,-0.3707,-0.2259,0.2304,-0.4014,0.3997,1.9281
514,5574,108,4,walking,-0.1206,-1.2326,0.1182,0.1652,0.1061,0.1881,0.0785,0.559,-0.0986,-0.0043,-0.3849,-0.0546,-0.0867,-0.2857,0.0188,-0.2903,1.4042,-0.7095,2.6619,3.5921,-0.5834,-0.7563,1.2593,-1.2474,-2.3627,-0.506,0.3768,-0.9933,-0.7865,-0.8064,-0.0464,-2.4792,-1.9839,-0.6954,-0.4484,-0.4583,0.5625,0.737,0.1305,-0.0809,1.794,-0.5695,-0.1129,-0.0006,0.4877,-0.025,-0.0505,1.9745,0.101,0.5328,-2.0201,-0.2169,0.9278,-0.1507,-0.2806,-0.2243,-0.3454,-0.0394,-0.0759,-0.8907,0.8746,-0.0596,-0.5121,0.5678,-0.3803,1.8443,-0.4995,0.3007,-0.1194,0.0488,-0.1009,1.9604
515,5575,108,4,walking,0.1667,-1.0937,0.0712,-0.0523,0.037,-0.0892,0.1095,0.4585,-0.0415,-0.0013,-0.2963,-0.0617,1.3074,-0.4089,0.1849,0.3396,-0.7969,2.5834,-0.2742,0.5561,0.3697,0.2459,0.4841,3.3565,-0.2643,0.0183,0.4744,-3.9982,1.6681,-1.6846,0.385,1.8464,-3.9088,-0.788,0.8876,-0.566,-0.7773,0.5716,-0.2204,0.0506,1.9852,1.9666,-0.1126,-0.026,0.53,0.1199,-0.0809,-2.8657,0.3456,0.5134,0.7161,-0.1308,-2.7407,0.3402,0.3008,-0.2809,-0.2259,0.0708,-0.3704,-0.9023,-0.4272,-0.1002,0.0007,0.7233,-0.8719,5.4252,0.864,-0.2165,0.0451,1.5695,-0.3752,1.9436
516,5576,108,4,walking,0.1185,-1.1206,0.0172,-0.5396,-0.0941,-0.6011,0.0889,0.4913,-0.006,0.1086,-0.2655,-0.1434,1.1836,-0.2884,0.0427,0.079,2.0517,-0.9875,-1.3583,-0.5091,0.5947,3.3377,0.4065,-2.2953,-0.7099,0.4588,0.3776,1.6743,-0.7962,0.8042,0.5732,-1.4896,-0.4468,-0.3861,0.3966,0.6469,1.6316,0.8764,0.0345,-0.028,1.9568,-2.7449,0.4601,-0.0009,0.5851,0.0506,-0.5418,2.7169,-0.0488,0.5633,1.7813,0.5143,1.8657,-0.1102,-0.3013,-0.1012,0.2309,-0.0804,-0.7421,0.719,0.3451,0.2803,0.3646,-0.7708,-0.2603,0.4245,-0.9726,-0.1002,0.1126,-0.714,-0.1193,1.9444
517,5577,108,4,walking,0.1767,-1.2898,-0.0936,-0.0785,-0.0563,-0.1438,0.0092,0.5566,-0.0344,0.0186,-0.2078,-0.0896,-0.2975,-0.4723,-0.1672,0.246,1.4969,2.6599,3.5919,-0.7968,-0.3976,-1.3326,-0.3083,-1.2589,-1.7097,-0.3774,-0.5864,1.4632,-1.4091,-0.8094,-0.0645,-1.845,-1.4843,0.3411,0.5411,0.0411,-1.8788,0.568,-0.1198,0.1005,-2.619,-0.7143,-0.0217,-0.0506,0.57,-0.0005,-0.0332,2.5408,0.0173,0.532,1.7291,0.904,1.4348,0.0593,-0.1508,0.0095,0.1103,-0.1012,-0.0708,-0.2169,-0.4249,-0.0803,0.2307,0.4254,-0.4002,1.427,-0.9449,-0.0514,0.1126,-0.8214,0.1303,-1.0222
518,5578,108,4,walking,0.139,-1.2985,0.1582,-0.1855,-0.1095,-0.2372,0.0112,0.4496,-0.0074,-0.0775,-0.2693,-0.1665,1.055,-0.3583,0.2462,-0.094,2.2091,3.4947,2.4856,-0.2788,-0.3346,-0.6636,-0.9838,-2.2534,-0.796,-0.2859,-0.0364,-0.3743,-0.3057,-0.7067,-0.0439,2.8973,-1.0868,0.588,0.0692,-0.0225,-1.4563,0.7854,0.1506,-0.2203,1.9499,-1.7369,0.027,-0.1198,0.6984,0.0507,0.0005,-1.6604,0.1124,0.4405,-1.9717,-0.8712,-1.8192,0.0406,0.2303,0.2609,-0.1305,0.2506,0.7636,-0.101,-1.8492,0.0232,-0.0449,0.6348,-0.8627,-1.799,-0.7788,0.1466,-0.0806,1.0817,-0.3009,0.4303
519,5579,108,4,walking,0.1552,-1.2856,0.0046,0.1203,0.0437,0.0169,0.0794,0.5891,-0.0585,0.0506,-0.309,-0.0698,-0.1766,-0.4974,-0.2957,0.2562,2.6543,1.4572,0.2461,3.2386,-0.3382,0.4763,0.0981,-0.5568,1.6088,-0.3578,0.365,-0.8902,-0.3832,0.0883,0.0007,-2.5941,-0.3979,0.4067,-0.4496,-0.4864,-0.9942,0.8464,-0.2608,0.3458,-1.8087,-1.537,0.1506,0.1108,0.5759,-0.0406,0.1194,-1.4363,0.3002,0.5428,1.7719,-0.7595,-0.5175,0.2507,0.3604,-0.2806,0.0663,-0.1308,0.9713,0.0684,0.5408,-0.2258,0.2162,1.0892,0.9327,0.9607,1.699,-0.1006,0.3019,-0.5648,-0.1122,-1.4254
520,5580,108,4,walking,,,,,,,,,,,,,,,,,,,,,,,,,,,,,,,,,,,,,,,,,,,,,,,,,,,,,,,,,,,,,,,,,,,,,,,,
521,5581,108,4,walking,0.1083,-1.0869,0.0045,-0.2542,-0.0917,0.0712,-0.1398,0.4841,-0.0143,-0.0581,-0.2285,-0.0475,1.1437,-0.3697,0.2472,-0.2052,2.8863,-1.6068,1.6689,3.4023,0.3578,1.5865,1.5591,-1.388,-2.3096,-0.3976,-0.3349,-3.2982,0.577,-1.6746,-0.9986,3.3474,1.5044,-0.4791,-0.6493,0.7712,-1.9574,0.5664,-0.069,0.1102,-0.7942,-1.5326,-0.1308,0.0215,0.5954,0.032,-0.0503,-1.8746,-0.0809,0.4898,1.7313,0.5648,-0.9452,0.1509,-0.3457,0.0332,-0.1192,0.0003,0.8411,-0.4679,-0.946,0.2805,-0.0473,0.4296,-0.2164,-0.9509,-0.8657,-0.1122,0.1018,-0.9526,-0.2208,-1.4343
522,5582,108,4,walking,-0.0889,-1.289,0.1763,0.1558,0.145,0.1379,-0.0198,0.441,-0.0942,0.0695,-0.2085,-0.0746,1.0586,-0.4866,0.008,0.1865,2.267,-2.4023,3.493,1.3882,-1.6955,-0.9941,-0.3691,1.6424,2.3961,-0.2772,0.3567,-0.3396,-0.7543,2.3483,0.0445,-1.3776,-3.5968,0.4788,0.7871,-0.5666,1.033,0.7411,0.1508,0.025,-0.946,-1.8437,0.0007,-0.0506,0.6213,0.0205,0.0092,3.9278,-0.1103,0.5766,0.8484,-0.427,1.9452,0.3451,-0.2162,0.2302,0.2805,-0.301,-0.9716,-0.874,-0.3171,0.0231,-0.3609,0.9088,0.3805,0.73,0.619,0.2607,0.1012,0.5408,0.0456,-1.3277
523,5583,108,4,walking,0.0962,-1.2892,-0.1582,1.0061,0.1786,0.0873,0.1236,0.4437,0.0791,0.0143,-0.1141,0.0547,0.2384,-0.2796,0.1866,0.246,2.8977,3.2953,0.332,-1.8831,-0.4025,0.5967,1.3098,-2.3564,2.2695,0.465,0.3904,2.5769,1.5593,2.7868,-0.4849,2.7594,-1.3885,0.5879,-0.568,-0.6542,-1.4572,0.5418,0.025,-0.0506,0.9099,-2.037,-0.0697,-0.1122,0.6506,0.1005,0.1306,1.5164,-0.1013,0.4687,1.5369,-0.6345,1.5384,-0.1199,0.0456,-0.0009,-0.2606,-0.1108,-0.7475,0.799,-0.9777,-0.2257,0.4994,-0.8323,-0.3458,0.0388,-0.3011,0.1506,-0.001,0.3507,-0.2162,-1.0181
524,5584,108,4,walking,0.1142,-1.1539,0.0898,-0.0586,0.1097,-0.2468,-0.0149,0.3746,-0.0773,-0.009,-0.2064,0.0499,0.0618,-0.2543,0.2763,-0.2285,1.355,2.6095,0.3379,3.2366,-0.2656,-0.7588,-0.5982,-0.2984,1.4896,-0.0981,0.3834,0.4572,-0.6547,0.5832,-0.6955,-1.5396,-1.5666,-0.0708,0.4094,-0.8767,-1.8044,0.6224,0.0219,0.0008,-0.9644,-1.4272,-0.0327,0.1009,0.5783,0.0505,-0.1012,-1.7051,-0.2603,0.5326,-1.7382,0.3114,-0.714,0.1507,-0.2209,0.0453,-0.2805,0.0488,0.8917,-0.7791,-0.7417,0.2307,0.3644,-0.0663,-0.7892,1.0642,-0.1306,0.2259,-0.0807,-0.7617,-0.1109,-1.4368
525,5585,108,4,walking,0.0515,-1.2049,-0.0897,-0.1775,-0.0188,-0.2698,0.1167,0.5943,-0.0318,-0.0092,-0.2746,0.1347,0.1466,-0.4568,-0.0942,-0.2489,1.6977,2.5886,0.3364,-1.7948,-0.0637,3.2894,-0.3953,0.2957,-1.7095,0.0463,-0.0741,0.8093,0.654,0.9944,0.5074,1.3682,-0.7872,0.0211,0.6061,0.4604,-0.8568,0.5426,0.1129,0.0804,-1.9576,-0.768,0.01,-0.0008,0.5636,-0.1002,0.1011,-1.9355,-0.0509,0.5581,-1.6451,-0.8716,-1.9446,-0.2254,-0.1309,-0.3017,0.1197,0.1509,0.6014,-0.6211,1.0455,0.0084,0.0186,-0.5998,0.9028,-0.5452,0.6602,0.0873,0.0455,-0.6103,-0.2609,1.3114
526,5586,108,4,walking,-0.2345,0.9812,0.1806,-0.0515,-0.261,-0.0886,-0.1469,-1.1138,0.0789,-0.0078,0.4742,-0.1366,-0.2543,-1.2896,0.3372,-0.2763,0.3083,1.2271,-0.0146,0.2962,-0.3795,2.506,-0.6488,-0.4494,3.3968,-0.4074,-0.5584,0.5875,-0.777,0.579,-0.0467,-2.5902,-1.3685,-0.3463,0.0935,-0.6593,-0.768,0.7326,0.032,0.0508,-0.0705,-0.8376,-0.1505,-0.1008,0.496,-0.0803,-0.0006,-1.5699,0.1109,0.521,-1.8744,0.5466,-0.9215,-0.1015,-0.3014,0.1197,0.2164,0.2309,-0.7981,0.7449,0.0704,0.1126,0.0889,-0.9574,-0.1308,0.3456,-0.3702,0.0961,-0.2507,-0.4012,0.3503,1.6163
527,5587,108,4,walking,0.0817,-1.0169,-0.1204,-0.0794,-0.1595,-0.1343,0.0592,0.4496,-0.0084,-0.0619,-0.1659,-0.0973,1.3346,-0.3418,-0.2761,-0.2332,3.2949,-0.459,2.3585,0.3764,-0.3077,-2.3865,1.607,-0.6763,-1.9962,-0.2857,0.4782,1.9839,-0.3687,-1.688,0.4089,-1.4876,-2.0344,0.5475,0.0388,0.5055,-1.5886,0.7942,0.0406,0.026,1.9558,1.7871,-0.2203,-0.0508,0.566,-0.1198,-0.1009,-2.6674,0.2503,0.511,-0.726,-0.8852,-1.6348,0.1505,-0.3011,-0.1015,0.1302,0.3458,0.4994,-0.9767,-1.0182,0.0286,0.0009,-0.3705,-0.1103,-1.6161,0.838,0.0806,0.2257,0.7291,-0.1129,-0.8255
528,5588,108,4,walking,-0.1184,-1.1878,0.0436,-0.2697,-0.009,-0.0896,-0.131,0.5719,-0.055,-0.0772,-0.3066,-0.0973,-0.2464,-0.2986,0.2893,0.2283,1.5867,3.4088,2.3789,1.6094,0.0182,-1.4425,-1.3585,0.3877,-1.9943,0.5546,0.3376,2.4568,2.3974,1.5475,0.4791,1.8092,2.5941,-0.5648,-0.4961,-0.427,-0.7085,0.0695,0.036,0.0803,-1.4879,0.6562,-0.0257,-0.001,0.568,0.0009,-0.0508,2.0289,0.1198,0.6936,-0.522,0.0443,1.9863,-0.0171,-0.2254,-0.025,0.1009,-0.0195,0.3457,0.4234,-0.6602,0.1011,0.3757,0.5187,-0.2163,1.4222,-0.4014,0.0922,0.1105,-0.8192,-0.1505,1.0663
529,5589,108,4,walking,-0.0035,-1.2077,0.0375,0.0518,-0.0133,0.0464,0.1115,0.4617,-0.0868,-0.0506,-0.2581,-0.0955,-0.0626,-0.4916,-0.1931,0.0796,2.3967,1.289,-0.4036,3.5962,0.2361,-0.5843,-1.3497,-0.4794,-0.7963,-0.4869,0.4483,1.8876,-0.6099,0.7085,-0.4565,-1.665,-0.8098,0.3872,-0.0007,0.4214,-1.5717,0.9528,0.101,0.1505,0.8741,-0.8475,-0.023,-0.0809,0.7475,-0.0073,-0.01,2.8971,0.0266,0.547,0.5263,-0.2303,2.7891,0.1124,0.2607,-0.2165,-0.1309,-0.3014,-0.2808,0.1107,-1.0247,-0.1197,0.4293,-0.4236,-0.3502,-0.8617,0.9458,0.1004,0.3008,0.3409,-0.2257,-1.4303
530,5590,108,4,walking,-0.2385,-1.251,0.1803,0.1207,0.2042,0.1178,-0.1489,0.5549,0.0046,0.0413,-0.3382,0.056,1.2402,-0.3781,-0.0852,0.3575,2.3817,3.0162,0.0928,0.6947,-0.4841,1.264,1.3694,-1.3077,-3.6498,0.5084,0.4593,-2.6863,-2.679,-1.598,-0.6587,-2.7973,-0.9734,0.4499,0.957,-0.5263,-1.5888,0.3956,-0.0696,0.1014,-0.7449,0.6676,-0.1109,0.0505,0.57,0.1194,0.0571,-2.6193,-0.2507,0.5415,0.8343,0.741,-1.7169,-0.3013,0.3009,-0.0806,-0.0008,-0.1126,-0.4999,0.0277,-0.4187,-0.0186,0.3403,0.8192,-0.2607,0.0455,0.7143,-0.1002,0.01,-0.0642,-0.1308,-1.9574
531,5591,108,4,walking,0.0114,-1.2984,-0.0632,0.0772,0.0095,0.0946,0.048,0.4961,-0.0586,-0.0327,-0.2368,0.0504,0.2618,-0.3785,-0.2402,-0.086,1.3569,2.2596,-0.584,3.3383,-0.2893,-0.3957,0.4791,-1.7088,-0.6698,0.3681,0.5082,-1.4575,0.4831,-0.7963,-0.3862,1.7841,-2.6542,0.8977,0.559,0.7464,-0.5396,0.9799,-0.1121,-0.2203,1.8495,1.9061,-0.2505,-0.1011,0.5973,-0.0007,-0.2169,2.6719,0.1507,0.5614,0.5276,0.4008,2.6309,0.2603,0.3647,0.1196,-0.3505,0.1002,-0.3709,-0.3803,-0.7617,-0.0266,0.1303,-0.9499,-0.301,-1.1298,0.8192,-0.3605,-0.1102,0.6011,-0.3757,-1.8443
532,5592,108,4,walking,-0.1713,0.8013,-0.0985,1.1557,-0.1858,2.265,-0.2782,-0.6586,0.0542,0.0499,0.129,0.2374,-0.2898,-0.394,0.3389,-0.0773,3.2984,1.2468,-1.366,0.5595,0.4962,-0.7869,-0.6631,-1.6492,-0.0059,0.0163,0.0344,1.7988,0.3046,-0.7541,0.0881,-1.7076,-1.8398,0.4861,0.4791,0.5437,-2.8077,0.3896,0.0697,-0.026,-1.4328,-0.9428,0.1306,-0.0508,0.532,0.1502,-0.1104,-1.4396,-0.0009,0.5664,-1.6138,-0.6715,-0.8325,0.0804,-0.3402,-0.2253,0.2607,0.3013,-0.5262,-0.3991,-0.4272,-0.1014,0.3703,0.8744,-0.1197,-1.0455,0.7384,0.2303,0.1009,-0.8695,-0.0982,-1.5165
533,5593,108,4,walking,-0.1782,-1.1908,0.091,-0.5163,0.0792,-0.2094,0.0699,0.4985,-0.0046,0.1115,-0.1398,-0.0322,1.2697,-0.4479,0.0437,-0.2375,3.6061,2.1865,1.3386,1.4035,-0.3962,-0.4825,1.055,0.6468,-2.5927,0.3477,-0.3878,-1.5596,0.6936,-0.4766,0.5874,-1.807,-2.5678,-0.019,-0.5791,-0.6345,0.8942,0.3452,0.1109,0.0214,0.8895,2.7618,-0.0505,0.0003,0.5326,0.1005,0.0456,2.72,0.1012,0.546,1.8467,-0.568,1.9666,0.2602,-0.3508,0.1505,0.2808,0.2258,0.731,0.8737,1.9444,-0.0918,-0.832,1.7382,0.427,-0.4277,-0.0999,0.1199,0.0804,-0.839,-0.1121,-1.8255
534,5594,108,4,walking,-0.1858,-1.0941,0.1469,-0.1762,-0.1154,-0.2897,0.0084,0.9355,0.0698,0.0174,-0.3968,0.1394,-0.2983,-0.3392,0.0581,-0.2272,1.0847,2.2556,3.5949,-0.4485,0.389,-2.0786,0.358,-0.3075,-0.4842,-0.2632,-0.0344,-0.4564,-0.6593,-1.465,-0.0503,2.3461,-1.6067,0.5536,0.7077,-0.534,-0.9996,0.5795,0.0485,-0.0755,-0.8273,1.6652,-0.1192,0.0417,0.6322,0.1005,-0.0219,2.874,0.1102,0.4811,-0.7891,-0.8971,1.7988,-0.2258,-0.0009,0.2809,0.1015,0.3608,0.3705,-0.0449,-1.7614,0.0033,-0.9278,-1.735,0.5408,0.5165,-0.822,0.1306,-0.0608,-0.3012,-0.1509,-0.9558
535,5595,108,4,walking,-0.0792,-1.1572,0.0942,0.2698,0.0189,0.0563,-0.0613,0.4611,-0.0069,0.0847,-0.1937,-0.0433,0.296,-0.4861,0.028,0.2235,1.1758,3.2425,2.3896,1.6562,0.4957,-0.794,1.7584,0.7866,-0.6795,0.365,0.0345,2.9088,0.5582,-3.5985,0.4432,-1.9934,2.6474,0.3986,-0.7741,0.5468,-2.8897,0.947,0.4316,0.1002,-0.8326,1.8192,-0.1015,0.0023,0.56,-0.0503,0.0008,-3.7291,-0.0809,0.4396,1.0286,-0.3453,-2.9236,-0.0488,-0.2808,-0.1197,0.2259,0.1505,-0.0458,0.731,-0.93,0.1127,0.7611,1.6336,-0.3504,-0.8719,-0.099,0.1104,0.0981,-1.4368,-0.3707,-0.3171
536,5596,108,4,walking,0.0737,-1.1606,-0.0846,0.1894,0.0953,-0.2361,0.0049,0.5582,-0.0581,-0.0172,-0.2893,-0.1252,0.1774,-0.3315,-0.2543,-0.038,1.2278,2.6851,3.2026,-0.2784,0.4463,1.4096,-1.2967,-2.3585,-1.7975,-0.3058,-0.596,-1.3862,0.459,-2.6569,-0.8947,-0.9548,2.3664,0.5434,-0.7699,0.9841,-2.9574,0.6691,-0.0437,0.0006,0.865,-1.9766,0.1014,0.1106,0.7095,0.0218,0.1003,-1.7771,0.0503,0.5792,-1.8328,0.566,-1.6382,-0.1194,0.3642,-0.2205,0.1508,-0.3454,-0.3997,-0.3505,-0.7407,0.3003,0.3017,0.4254,-0.3708,-2.8898,-0.8717,-0.1122,0.0809,0.3607,-0.2251,1.5408
537,5597,108,4,walking,-0.0961,0.8482,0.1286,0.0547,0.0015,0.1869,-0.0181,-0.457,-0.0866,-0.0413,0.2278,-0.034,0.1762,-0.3889,-0.3364,0.2346,-0.2842,0.3525,-0.4475,1.3499,0.3949,2.0636,-0.2474,3.5795,0.4876,0.265,0.2741,-1.3783,-0.0794,-0.559,0.1014,-1.5985,2.9767,-0.566,-0.431,-0.028,-0.8872,0.5898,0.1108,-0.1505,-0.5465,-1.7984,0.1196,0.1121,0.6896,-0.2303,0.2241,2.7369,-0.2202,0.5364,-1.6317,-0.3709,1.9644,-0.1306,-0.2609,-0.0807,-0.3009,-0.0509,-0.7787,-0.3609,-0.7408,0.2259,-0.2806,-0.9444,-0.4003,-0.7169,-0.8443,0.0708,-0.0009,-0.5014,0.2169,1.1291
538,5598,108,4,walking,0.1569,-1.0518,-0.0475,0.2326,0.0011,0.085,-0.0146,0.9334,-0.0943,-0.0774,-0.362,-0.1385,0.1949,-0.4042,0.1659,0.3598,1.3962,0.2763,2.3381,3.4572,-0.2422,-0.7844,-2.2884,1.559,-0.2547,-0.3873,0.296,-3.7094,-0.6791,-0.6476,0.0325,-2.9568,1.8841,0.3766,-0.8093,0.4897,0.8906,0.5765,-0.0007,0.1507,1.5475,1.5883,-0.1307,0.026,0.5384,-0.1122,-0.0509,-3.8799,0.0373,0.427,-1.7711,-0.7971,-2.0238,0.1003,0.1017,0.2162,-0.2305,0.1198,-0.3458,-0.5187,0.8664,0.2807,0.2253,-0.9214,-0.3508,-2.9777,-0.8482,-0.2602,0.3002,0.3171,-0.1103,-1.7406
539,5599,108,4,walking,-0.3232,-1.1706,0.0169,-0.4648,-0.1344,-0.3325,-0.0973,0.9086,0.0461,0.1243,-0.496,-0.1638,1.3086,-0.2472,-0.264,-0.189,2.2785,3.3547,-1.0088,1.2077,0.0598,1.4865,-1.367,1.6737,2.5094,0.0345,0.5542,2.3428,5.5975,-0.8046,0.5782,-0.6883,-1.6692,-0.9739,0.6364,-1.0774,-2.5893,0.3452,-0.101,0.0506,-0.7862,-1.7953,-0.1502,0.1002,0.546,0.0006,0.023,1.56,0.0803,0.4406,-2.8967,-0.0266,0.9527,-0.1199,0.3709,0.3003,0.2165,-0.0488,-0.9627,-0.8191,-1.84,-0.0063,0.8743,0.7706,-0.2808,1.0891,-0.7613,-0.1102,0.001,-0.4254,0.1121,1.6276
540,5600,108,4,walking,-0.1513,-1.42,0.0718,-0.0892,-0.0933,-0.1782,-0.1472,0.4469,0.0189,0.041,-0.2085,0.0547,1.0626,-0.3468,-0.1936,0.2548,2.296,5.507,3.2743,1.3077,-0.3598,0.8841,0.559,-1.374,0.7828,0.0755,0.5942,1.4573,6.0399,0.6684,0.5432,1.5795,2.8764,-0.758,-0.3897,-0.7467,-1.5886,0.3979,0.1509,0.0006,0.5623,-0.4615,-0.1011,-0.0213,0.6561,-0.0247,-0.1122,2.9622,-0.4941,0.4679,0.0456,-0.7613,1.9313,0.1005,0.1109,-0.1197,0.0809,-0.3649,0.7384,-0.6276,0.5341,0.2207,0.0503,0.3143,-0.2803,1.7387,0.5999,0.0406,0.1308,0.0708,-0.1983,0.4254
541,5601,108,4,walking,0.1249,-1.42,-0.141,-0.0882,0.0962,-0.1746,0.0588,0.4463,-0.0069,-0.1113,-0.2368,-0.157,1.3698,-0.3889,0.2235,-0.0645,2.265,-0.2593,0.4099,3.3721,0.5842,1.3957,0.4866,5.2984,1.6792,0.0761,-0.3394,-2.7591,-0.3083,-2.5943,0.7765,-1.798,-3.649,0.4787,-0.7896,0.546,-0.8163,0.0464,0.1014,0.025,2.564,0.5341,-0.0328,0.1503,0.5585,-0.1109,-0.2205,-1.9775,-0.2165,0.4886,-0.9528,0.3458,-1.74,0.0508,0.1002,-0.3019,0.2606,-0.3703,0.7619,-0.516,0.9644,0.1196,0.3604,-0.0603,-0.3808,1.5165,-0.3991,0.1309,0.0809,2.5408,-0.1129,-0.839
542,5602,108,4,walking,,,,,,,,,,,-0.2309,,,,,,,,,,,,,,,,,,,,,,,,,,,,,,,,,,,,,,,,,,,,,,,,,,,,,,,,,,,,,
543,5603,108,4,walking,-0.1469,-1.0872,0.171,-0.5109,0.1213,-0.207,0.0788,0.4049,-0.0615,0.0111,-0.1643,-0.0985,1.055,-0.2366,0.2532,-0.2404,2.3397,3.3547,-2.3682,1.3896,-0.3784,-0.5598,-1.3968,1.289,-2.6491,-0.3063,-0.458,1.4874,1.7731,-1.5941,-0.5499,-1.5865,-1.6786,-0.6046,-0.5794,-0.5328,-2.7593,0.4495,0.03,-0.0505,-0.7842,-0.83,-0.0006,-0.0213,0.5615,-0.0002,-0.02,-1.8965,-0.1307,0.4997,-1.7952,0.4677,-0.7231,-0.2603,0.1121,0.0807,-0.1197,-0.1017,0.736,-0.3406,0.7611,0.1103,0.0446,-0.5707,-0.4294,-1.0811,0.7447,0.027,-0.0262,-0.0406,0.1006,0.3282
544,5604,108,4,walking,0.1842,-1.0182,-0.1117,0.2693,0.2469,0.1652,-0.1297,0.3947,-0.0884,0.1364,-0.2396,-0.0698,1.2546,-0.6077,0.3794,-0.094,2.0789,3.5566,-0.4821,-1.209,-0.2291,-0.2763,-2.4568,-3.0549,-0.5899,0.365,-0.2853,-2.7586,1.3378,-0.657,-0.5988,2.0435,-2.7934,-0.8056,-0.3885,-0.5175,0.8767,0.4441,0.0083,0.0505,1.7675,-1.5743,0.1192,0.0344,0.5418,0.0007,0.1303,-1.8343,-0.0225,0.4507,-1.427,0.1014,-1.6138,0.2162,-0.1109,0.1002,-0.2302,-0.0485,-0.7464,0.2252,1.728,0.2207,0.4249,0.4369,-0.4242,0.7169,-0.0455,0.0262,0.0332,-1.8695,0.1505,-0.9278
545,5605,108,4,walking,0.0542,-1.2366,-0.0438,0.1433,-0.1808,0.0063,-0.0326,0.4849,-0.0111,-0.1206,-0.1345,-0.0719,-0.3664,-0.286,0.2225,-0.0917,1.2957,3.882,2.6967,-1.4475,0.357,0.785,0.5834,-0.3059,-0.6898,-0.3965,-0.026,-1.7799,-1.4737,0.464,0.8931,-3.5595,-1.8093,-0.9022,0.5665,-0.7625,-1.8464,0.7313,-0.0804,0.1191,-0.8701,-1.7971,0.0008,0.1008,0.547,0.1108,-0.0985,1.747,0.1018,0.5601,1.8217,-0.2807,0.9423,-0.3013,-0.3649,0.2208,0.0663,-0.3004,0.0485,-0.3997,-0.9766,0.2251,-0.4671,0.5809,-0.8329,0.966,0.2162,0.1303,0.0505,-0.8952,-0.1127,-0.4303
546,5606,108,4,walking,-0.0792,-1.2556,0.0953,-0.1372,0.1489,-0.1093,0.0169,0.8192,-0.0577,-0.1257,-0.3385,-0.0463,-0.2843,-0.4598,0.0064,0.0818,1.1786,2.377,-0.2981,-1.6834,-0.2483,-0.595,-1.3982,3.4973,-0.2694,-0.274,0.3544,0.7988,-0.5874,-0.3691,0.0699,3.6084,0.6597,0.3875,0.468,0.559,-1.6713,0.6676,0.4862,-0.034,0.7871,-0.8747,-0.0216,-0.1122,0.5678,0.1196,0.1002,2.799,-0.0009,0.541,-1.0456,-0.0608,1.719,0.1019,0.0506,0.0803,0.1302,-0.2608,0.9514,-0.3808,-0.0663,0.2166,0.01,-0.9628,-0.2808,1.0384,-0.4013,0.4672,0.1509,-0.3451,0.1104,1.1513
547,5607,108,4,walking,-0.0018,-1.3585,0.0788,-0.0698,0.1143,-0.0513,-0.159,0.467,-0.1209,-0.1772,-0.3344,-0.2094,1.2782,-0.4586,-0.0165,-0.265,3.4936,2.5823,-0.4089,1.3499,-0.2463,-1.2969,0.756,-1.4767,0.7832,-0.0879,0.3083,1.5976,-0.9731,0.3964,-0.032,-3.8466,0.5792,0.0408,0.3787,0.0658,1.5561,0.3874,0.0262,0.0467,-1.8071,1.568,0.1306,0.0456,0.54,-0.1198,0.0507,1.7793,0.0476,0.5595,0.6862,0.3009,1.5678,0.2251,-0.0006,0.028,0.2243,0.2809,0.0642,0.4277,-0.8498,0.1103,-0.3451,-1.7291,0.714,0.427,0.7386,0.1015,0.0023,-0.9626,0.0608,-0.6193
548,5608,108,4,walking,-0.0717,-1.1846,0.069,-0.5182,0.0589,-0.7386,-0.0983,0.5076,-0.0324,-0.1169,-0.2639,-0.1219,1.0185,-0.8877,0.2842,0.0095,2.0886,-0.2784,1.4866,3.3462,0.5968,-1.354,-1.3765,-2.3696,6.3072,0.4797,-0.3364,-2.8063,-1.6775,-1.7087,0.5854,-3.5598,-2.5644,-0.0499,-0.4471,0.7961,1.799,0.4557,0.1008,0.0505,1.5614,-0.7408,0.0216,-0.0152,0.6094,-0.0009,0.0153,-2.4913,-0.1102,0.5165,-0.7891,-0.747,-1.7169,-0.0708,-0.1122,-0.0451,0.2803,-0.3009,0.735,-0.7369,1.0898,0.0804,0.4991,0.9444,-0.1502,-1.719,-0.714,0.1194,0.0447,0.828,-0.3015,-1.6604
549,5609,108,4,walking,0.1669,-1.2088,-0.0774,0.1463,0.0113,0.1297,-0.0943,0.4585,0.0094,-0.0515,-0.229,0.0618,0.2584,-0.2398,0.2456,-0.2746,1.0849,2.3396,3.4068,-0.3879,-0.4499,1.3547,-0.3493,-0.4866,-1.5541,0.3664,-0.2886,0.6529,-0.5876,-0.5775,-0.3783,-1.8967,1.6091,0.7895,0.535,0.7384,1.7742,0.0423,-0.028,0.0344,1.5987,-0.7062,-0.0803,0.0006,0.5506,-0.0504,0.0173,-1.7185,-0.1199,0.5427,-2.8343,0.2169,-1.5489,0.1006,-0.1306,-0.2508,-0.2606,0.3459,-0.1017,0.0451,-0.8491,-0.1505,0.3157,-0.0608,-0.3606,-2.1283,-0.4006,-0.1124,0.01,1.0388,-0.2204,-1.6309
550,5610,108,4,walking,,,,,,,,0.4689,,,,,,,,,,,,,,,,,,,,,,,,,,,,,,,,,,,,,,,,,,,,,,,,,,,,,,,,,,,,,,,,
551,5611,108,6,cycling,0.0115,-0.5609,-0.0059,0.0345,-0.105,-0.0913,-0.0546,1.4414,-0.0461,-0.0633,-0.6097,-0.1257,-0.1953,1.2963,-0.0718,0.0825,-0.2091,-0.0508,0.2349,0.2285,-0.268,0.3067,0.2896,0.2752,0.0804,0.1108,0.1509,0.025,0.1121,0.1303,-0.0006,0.3775,-0.0183,0.0002,0.001,0.0042,-0.3876,-1.684,-0.4399,0.2803,2.5611,-0.6977,0.1198,0.4874,-1.4798,-0.5872,0.5594,-0.7065,0.6479,-1.6695,-0.8881,3.399,-0.789,0.8971,-0.8701,0.4013,0.3505,0.1013,4.5263,-1.84,0.3406,-0.2305,0.3012,-0.9077,0.9344,0.8695,7.4297,-0.8664,-0.2202,5.4507,0.4997,0.7447
552,5612,108,6,cycling,0.0149,-0.7143,-0.0059,0.0323,0.0611,0.025,-0.1041,1.4488,-0.0962,-0.0718,-0.689,-0.1546,-0.0825,1.367,-0.1655,-0.0547,-0.0437,-0.1928,0.2684,-0.2281,-0.1194,-0.2433,-0.3497,-0.3543,0.0508,-0.1014,0.1003,-0.2983,-0.3067,0.3948,-0.0806,0.2209,0.1303,-0.0163,-0.0002,-0.0007,-0.1124,-1.8974,0.4079,-0.6075,0.6945,-0.5766,-0.0065,0.0231,-1.538,0.1105,-0.0056,-0.2252,0.3409,-1.6008,-0.0177,0.9513,-0.3454,0.0406,-0.3003,-0.2169,0.2309,-0.5891,2.5276,3.9986,0.6472,0.3647,-0.7893,4.9876,5.8511,-0.0266,2.6998,0.5187,-0.2806,-1.9088,7.3115,0.9623
553,5613,108,6,cycling,-0.0435,0.8181,-0.0182,-0.1466,-0.1142,0.0973,0.0092,1.0767,-0.0322,0.0548,-0.5728,-0.0869,-0.2519,1.3878,0.1795,-0.1661,0.2346,-0.026,-0.0697,-0.0505,0.0004,0.3085,-0.2741,0.2933,-0.2684,0.1103,-0.3787,-0.5081,0.3463,-0.3974,-0.0189,0.0803,0.1193,-0.01,-0.1011,-0.02,0.648,-0.4772,-0.4555,-0.4065,2.5953,-0.9944,-0.1122,0.0247,-1.7058,0.1005,0.2205,0.2606,-0.0456,-1.6557,-0.2809,3.8875,0.5421,-0.0488,0.9025,-0.7983,0.6896,-1.7794,5.5164,4.868,-0.9871,-0.0176,0.1309,-1.7384,-0.0998,-0.9327,-0.5341,-0.4303,-0.0363,1.3155,-0.6136,-0.9452
554,5614,108,6,cycling,0.0942,-0.6348,0.0113,-0.1285,0.0089,-0.0817,0.0594,1.3611,-0.0675,-0.0461,-0.656,-0.038,0.1918,1.2964,-0.1578,-0.1655,-0.2886,-0.0783,-0.267,-0.2099,-0.2374,0.2402,0.2557,-0.3782,0.3967,0.1129,0.3846,0.4847,0.3411,0.5835,-0.1002,0.1508,0.1012,-0.1303,-0.1102,0.0169,-0.0809,-1.6879,-0.0008,-0.0149,-0.4572,0.0504,0.055,-0.01,-1.5414,0.0001,0.0181,-0.0773,-0.0066,-1.6002,0.0084,-0.8727,0.0286,-0.02,0.0977,-0.0002,-0.0488,-0.1193,0.3012,0.9075,-0.0196,-0.027,0.009,-0.2164,2.9514,0.0891,-0.8818,-0.0286,-0.0406,-0.9871,4.9721,0.761
555,5615,108,6,cycling,-0.0872,0.6516,0.0584,0.0163,0.0067,0.0786,-0.1206,0.4911,-0.1323,-0.0461,-0.3344,-0.1426,-0.2558,1.1782,0.0918,-0.2469,0.367,0.0322,0.2035,-0.2781,-0.3787,0.2852,-0.3057,0.2989,0.5062,0.3491,0.1015,0.3954,0.4543,0.5546,-0.1197,0.4098,0.0008,-0.0803,0.1006,-0.1124,0.3894,-0.5975,-0.0215,0.0585,0.7841,0.4797,0.0209,-0.1307,-1.5664,-0.2169,0.0506,0.1503,-0.3407,-1.6673,-0.3003,0.689,-0.2202,0.3456,0.6095,-0.2306,0.2506,0.8088,3.7983,-0.7711,0.7499,-0.1103,-0.3509,2.0388,-1.3802,0.4006,5.9639,0.3603,0.2258,0.8013,-0.8695,-0.6276
556,5616,108,6,cycling,-0.0014,0.714,0.0119,0.0215,0.0791,-0.0861,0.0436,0.4421,-0.0546,0.0694,-0.2457,-0.1386,-0.1718,1.2872,-0.0323,0.2553,-0.0929,-0.204,-0.0005,-0.3493,0.2637,-0.2268,-0.3074,-0.3381,0.1122,-0.0804,0.1105,-0.1019,-0.0508,0.1191,-0.0238,0.1004,0.001,0.0279,-0.0399,-0.01,0.0409,-1.4973,0.0063,0.1506,2.589,0.555,0.0789,0.1356,-1.8892,0.1024,0.1379,-0.2206,0.2802,-1.6482,0.6696,3.5969,-0.9575,0.3017,0.6765,0.706,0.3993,0.7862,4.9574,-2.0277,-0.3709,0.1307,0.2251,0.7629,5.0473,0.9897,-2.8022,-0.8512,-0.3505,1.7794,7.5648,-0.9644
557,5617,108,6,cycling,0.0015,-0.6501,0.0818,0.0914,0.1043,0.1396,0.1182,1.227,-0.0462,-0.065,-0.4468,-0.0325,0.2764,1.2691,0.0589,0.2042,-0.2884,0.3988,-0.339,-0.0778,-0.3556,0.2472,0.3085,0.4852,0.4095,-0.2986,-0.1106,0.3898,-0.3676,0.4675,-0.1302,-0.101,0.0214,0.0503,-0.1194,0.0009,-0.4541,-1.4954,0.1005,0.0809,0.6958,-0.7947,0.0166,0.01,-1.6081,0.0247,0.0059,0.0163,-0.2251,-1.5792,-0.0851,-0.7794,0.1503,-0.2207,-0.3708,0.1126,-0.3808,0.2169,2.8192,3.998,0.4001,0.0771,0.2602,-0.5164,4.6769,-0.8182,5.9739,0.0561,-0.0608,-0.8656,8.8187,-0.8328
558,5618,108,6,cycling,,,,,,,0.0112,,,,,,,,,,,,,,,,,,,,,,,,,,,,,,,,,,,,,,,,,,,,,,,,,,,,,,,,,,,,,,,,,
559,5619,108,6,cycling,0.0712,-0.6788,-0.0084,-0.1063,-0.1154,0.0195,0.0961,1.3536,-0.0518,0.1349,-0.4799,0.0874,0.1434,1.2827,0.2053,-0.0214,-0.0629,0.0469,0.2485,0.2556,-0.2279,-0.0005,0.1015,-0.3368,0.0301,-0.1006,0.0506,-0.1508,-0.0807,0.1191,0.0001,-0.1305,-0.1102,0.0183,0.0948,0.1124,0.6058,-1.468,0.3955,0.2202,0.457,-0.6693,-0.1027,-0.1286,-1.7792,0.5082,-0.2242,0.6562,0.0262,-1.5799,0.649,-0.5987,0.7598,0.3606,-0.9738,0.3802,0.3008,0.9619,2.8971,3.5187,0.4252,0.3012,-0.2808,4.8695,-0.0451,0.4277,-0.732,0.3102,-0.2162,-1.3157,-1.7269,1.6309
560,5620,108,6,cycling,-0.0118,0.7382,0.0216,0.0562,0.007,-0.0322,-0.1089,0.8471,-0.0917,0.0466,-0.4569,-0.0692,0.0719,1.2959,0.1572,-0.0849,0.2656,0.2375,0.2785,-0.2442,0.3878,0.2553,-0.3368,-0.2893,0.4077,0.1105,-0.0809,0.4791,-0.3943,0.4846,0.0004,0.3552,0.0277,-0.1004,0.1121,-0.1196,-0.1015,-0.846,0.0504,0.0741,0.5863,0.4481,0.0231,0.0086,-1.5499,0.0002,-0.02,-0.0262,-0.1509,-1.6582,0.0373,0.6467,-0.1308,0.0451,0.0894,0.01,0.0473,0.0761,-0.7987,-0.8095,-0.0476,0.0196,0.0345,-0.3502,2.4017,0.0485,3.9871,0.2202,0.2806,4.7436,5.7319,-1.8311
561,5621,108,6,cycling,-0.0113,0.4648,-0.0615,0.0547,-0.1063,-0.0072,-0.1182,1.1789,-0.0868,-0.0718,-0.5064,-0.0399,0.2091,1.1494,-0.0465,0.0509,0.1954,0.2961,0.2748,-0.2369,0.0214,0.0955,0.1003,-0.3083,-0.2586,0.1014,0.1104,0.3776,0.3696,0.334,-0.0205,-0.3944,0.34,0.0009,-0.0456,0.0556,-0.1199,-0.4577,0.0543,0.2209,0.7962,-0.4957,-0.0458,-0.0158,-1.7581,-0.0088,-0.0273,-0.0059,-0.017,-1.609,-0.0262,-0.6692,0.0173,0.0456,0.0774,-0.1129,-0.0071,-0.0804,0.7884,-0.6713,0.1303,-0.0085,0.0195,0.9893,2.3007,-0.3604,4.9762,0.131,0.3707,3.8489,5.4187,1.6604
562,5622,108,6,cycling,-0.091,0.714,-0.0314,-0.0517,-0.0194,-0.0085,0.023,0.4578,-0.0462,0.0506,-0.2364,-0.0699,-0.1318,1.1567,0.0773,0.085,-0.1013,0.1009,-0.2891,0.2066,-0.1105,-0.3363,-0.2559,0.3861,0.269,-0.3769,0.1192,-0.394,-0.3469,0.4842,-0.3676,0.3556,0.1307,-0.0458,0.01,-0.0803,-0.0394,-1.6598,0.0141,0.0005,2.5468,0.4483,0.001,-0.0586,-1.5889,-0.0002,0.016,0.0266,0.0087,-1.5584,0.0074,0.7088,0.1127,-0.0406,0.0179,0.1507,0.2208,-0.2241,-0.7782,-0.3606,-0.8095,-0.3019,0.3457,0.9375,4.0665,0.3503,3.9638,0.2169,-0.0476,2.3131,5.0603,-0.9452
563,5623,108,6,cycling,-0.0107,0.1852,-0.1053,-0.0632,-0.0562,-0.0886,-0.0499,0.5594,-0.0084,-0.037,-0.3072,-0.0929,0.1364,1.2519,0.1658,0.1785,-0.3883,0.3343,-0.3682,0.3928,0.2669,-0.3766,-0.4791,-0.3577,-0.0005,-0.1193,0.1509,-0.1004,-0.0225,-0.3497,0.001,0.0509,0.0806,-0.02,-0.1012,-0.0262,-0.6096,-1.7593,-0.4061,0.2209,2.798,0.4573,-0.0409,-0.1307,-3.6846,-0.2163,-0.1129,-0.4898,-0.6788,-2.1106,0.561,0.6578,0.871,-0.3608,-0.5974,-0.2257,0.5792,-0.7675,3.714,0.9517,0.9037,-0.2807,0.6375,-0.8965,-0.4672,-0.3015,4.4272,-0.3409,-0.4018,5.8273,-0.3991,0.8492
564,5624,108,6,cycling,-0.1053,0.8146,-0.0712,0.1147,-0.0515,0.0078,0.0922,1.269,-0.0188,-0.0891,-0.594,-0.047,0.2369,1.1894,-0.0325,-0.1666,-0.0619,0.2072,-0.2786,-0.4431,-0.3389,0.3682,-0.2968,-0.3846,0.3092,-0.022,0.0009,-0.3742,-0.3943,0.5564,-0.1002,-0.4573,-0.4985,0.1198,-0.0262,0.1102,-0.6787,-1.5899,-0.1017,0.0473,2.846,0.4883,0.1129,0.0962,-1.5475,0.0506,0.2257,0.6579,-0.7798,-1.6328,-0.577,0.74,-0.3503,0.0803,-0.2209,0.3402,-0.3803,0.2167,4.6143,3.6602,0.8098,-0.2808,0.3012,5.7638,0.5678,1.9515,7.9645,-0.3605,0.1306,0.619,-0.4673,-1.935
565,5625,108,6,cycling,0.1114,-0.6813,0.0323,0.0585,0.0163,-0.1795,0.0881,1.1572,-0.0933,-0.0775,-0.5084,-0.1204,0.1962,1.1836,0.1669,-0.2496,-0.0638,0.008,0.444,0.2742,-0.2291,0.0215,-0.3946,-0.3587,0.5964,0.3093,-0.4798,-0.457,0.7832,-0.7941,0.0803,-0.5588,0.342,0.0003,-0.1009,-0.0509,0.4851,-0.9989,-0.1309,0.1126,2.5861,0.6573,0.101,-0.1199,-1.56,-0.1102,0.0458,0.2166,-0.6697,-1.6137,-0.3705,3.6082,0.5783,-0.1506,0.7467,-0.0658,-0.2258,-0.3014,5.5109,4.7799,0.4143,-0.027,0.3996,1.6336,1.3453,0.768,-1.5662,-0.1386,-0.4005,1.926,2.9278,0.3156
566,5626,108,6,cycling,-0.0117,0.6564,-0.041,0.145,-0.0699,0.0918,-0.0561,1.0737,-0.0329,-0.1116,-0.5541,-0.1249,0.2894,1.3382,0.1585,-0.0225,-0.009,-0.1011,-0.0867,0.0007,0.0809,-0.0508,-0.1005,0.1106,-0.0455,0.1197,0.1506,0.0447,0.0485,-0.0872,-0.001,0.0078,0.0262,0.0266,-0.0207,0.0056,-0.0332,-0.7095,-0.0746,0.1129,0.6075,0.2802,-0.0202,-0.0239,-1.5881,-0.0222,-0.0206,-0.0296,-0.0974,-1.6869,0.0963,-0.5783,0.0458,-0.0596,0.2605,0.0473,-0.1307,0.0408,-0.8077,-0.8893,-0.0286,-0.0002,0.0443,0.9891,2.3012,-0.7966,-1.8971,-0.1587,0.2209,-0.9444,3.6604,-0.76
567,5627,108,6,cycling,-0.0066,0.7282,-0.0114,0.0315,-0.0546,0.0611,-0.1204,0.5885,-0.0769,-0.0847,-0.2694,-0.0929,0.1789,1.3764,-0.2472,0.2075,0.023,-0.1936,0.2598,-0.1002,-0.229,-0.3528,0.3954,0.1503,0.1308,-0.1194,0.1014,0.0503,-0.0804,0.3896,-0.0009,0.0488,-0.0278,-0.0155,-0.0206,-0.001,0.4479,-1.4943,-0.0458,0.1109,-0.607,-0.4895,-0.0078,0.0088,-1.6893,0.005,0.0231,0.0152,-0.2207,-1.5982,0.0373,0.6562,0.0557,0.1126,-0.3408,0.2305,-0.3604,0.3705,2.8467,-1.9963,-0.7774,-0.0087,0.0408,3.9775,4.7617,-0.3014,5.7143,-0.4013,0.0171,0.8026,7.4249,-1.0455
568,5628,108,6,cycling,-0.1283,0.0973,-0.1068,0.0561,0.0195,0.1486,-0.0065,1.1869,-0.0772,-0.0317,-0.4811,-0.0699,-0.2749,1.3393,-0.2675,-0.2459,0.229,0.0874,0.2082,0.3743,0.3056,-0.408,0.0464,0.295,0.2546,0.3558,0.3953,0.4498,-0.5542,0.3877,0.0005,0.1509,0.0217,0.0804,0.0504,-0.01,0.1012,-0.846,0.0189,0.1193,-0.8863,-0.2257,0.017,0.0092,-1.7967,0.1009,0.0852,0.0266,-0.1105,-1.6644,-0.0596,0.4666,-0.0962,-0.2809,-0.7881,0.1302,-0.2209,0.3018,2.6685,3.3502,0.2307,0.1124,-0.3607,1.9433,5.4252,-0.6163,1.427,0.0576,0.3453,0.4277,4.0387,0.9278
569,5629,108,6,cycling,-0.0946,0.6975,0.0106,-0.0813,-0.0086,-0.1423,0.1256,1.1557,-0.077,0.0416,-0.4841,-0.0594,-0.309,1.4483,-0.1719,0.276,0.2866,0.1847,-0.3685,-0.354,-0.2554,-0.3922,0.3384,-0.2695,0.028,0.0301,0.1015,-0.1008,-0.0803,0.0507,-0.1103,-0.4537,-0.1309,-0.3497,-0.385,-0.2165,-0.5889,-1.6549,-0.1509,0.5563,2.5977,-0.7899,0.0006,0.001,-1.8892,0.0064,0.1192,0.0881,-0.0658,-1.7415,-0.1126,0.6717,0.2202,-0.0898,-0.3703,-0.3649,0.3457,-0.6862,-1.3018,3.5138,-0.7976,-0.3005,0.4015,4.9622,5.875,0.9278,8.5491,0.4298,-0.4303,1.6143,7.5489,1.9088
570,5630,108,6,cycling,0.0375,-0.7084,-0.0785,0.0825,0.0077,-0.0196,-0.0615,1.3398,-0.0514,-0.0462,-0.5816,-0.0949,-0.1872,1.2373,0.2074,0.2981,-0.2286,-0.2426,-0.3869,0.3557,0.4095,-0.2897,-0.275,0.3496,-0.4782,0.1018,-0.0509,-0.4861,0.379,-0.4439,0.0213,-0.1303,0.0009,0.1121,0.1502,-0.02,-0.4399,-1.5664,0.1009,0.2803,2.6689,-0.8088,0.0803,0.2203,-1.5576,0.001,0.2253,0.2308,-0.3457,-1.6518,-0.5467,0.5963,-0.7868,-0.6091,-0.0473,-0.7971,0.9468,-0.6604,4.8744,5.3993,3.0889,0.0476,-1.0608,7.93,-1.6007,0.6999,-2.9558,-0.4001,-0.4503,2.9088,-0.6193,1.4257
571,5631,108,6,cycling,0.1053,-0.6791,0.0436,-0.0161,-0.0095,-0.144,-0.0717,1.0949,-0.0548,-0.1347,-0.4515,-0.0898,-0.2519,1.2982,0.1843,-0.2278,-0.3793,-0.2824,-0.3376,0.2326,0.2768,0.0634,0.0344,0.3862,0.3589,0.0506,0.0806,-0.1305,0.1122,-0.025,0.0007,0.1004,0.101,-0.0232,-0.0172,-0.0183,0.1198,-1.759,0.1102,-0.0708,-0.6985,0.2253,-0.1507,0.2203,-1.6074,0.0946,-0.2167,0.5588,-0.7086,-1.6463,0.6697,0.848,0.7971,-0.6587,0.5947,0.5792,-0.5894,0.3004,0.8273,0.9981,-0.3805,0.0383,0.2608,2.5132,3.9604,0.3459,4.6276,0.2309,-0.3754,-0.4995,5.7796,0.4672
572,5632,108,6,cycling,-0.0067,0.9062,-0.1025,-0.0517,0.0133,-0.1204,0.1375,0.4598,-0.0007,0.0962,-0.1943,-0.077,1.2494,1.3797,0.1659,-0.0885,0.3057,-0.1856,0.229,0.3628,0.2772,-0.028,-0.2692,-0.2969,0.4061,0.3582,0.0399,-0.4896,-0.5591,0.5889,-0.1018,0.1003,0.1192,-0.0506,-0.1104,-0.0539,0.1305,-1.3879,-0.1127,0.2209,2.4463,0.6483,-0.0247,0.0804,-1.6877,0.0456,-0.0953,-0.0588,-0.0949,-1.656,0.0152,0.6676,0.0249,0.0451,-0.0406,0.0476,0.0573,-0.0408,-0.3457,-0.0454,-0.0608,-0.1505,0.0187,0.0181,-0.2807,-0.7825,3.4252,-0.0886,0.3004,1.9515,-0.2252,0.5015
573,5633,108,6,cycling,-0.065,0.4232,-0.094,-0.0059,-0.1042,-0.1236,0.0195,1.0849,-0.0417,-0.0774,-0.6068,-0.0509,-0.2281,1.2962,-0.1547,0.2026,-0.2366,-0.2482,0.3053,-0.3898,0.0594,0.2885,-0.4464,-0.3543,0.3946,-0.1015,0.2748,-0.1005,-0.1102,0.0399,-0.0803,0.3784,0.1192,0.028,0.0009,-0.0878,0.5769,-0.6593,0.3017,-0.2164,-0.4567,0.557,-0.2207,-0.2805,-1.5856,0.1307,-0.3209,0.2303,-0.2602,-1.7786,-0.8892,3.6375,2.8376,-0.9029,-0.9449,0.3508,-0.7617,0.9726,4.8912,-0.0642,0.5015,0.1506,-0.1129,-1.8317,-0.8749,-0.966,5.7972,0.0603,-0.3606,1.4249,-1.6106,-0.9558
574,5634,108,6,cycling,0.0581,-0.6514,0.0117,-0.0059,-0.1394,-0.1582,0.0364,1.0941,-0.0796,0.1043,-0.6812,-0.0884,-0.2823,0.3676,-0.0626,-0.1658,-0.1944,-0.0461,-0.2772,-0.2091,0.2567,-0.023,-0.2475,0.2986,-0.355,0.3393,-0.374,0.3962,-0.3846,-0.4979,0.1122,-0.0507,-0.0355,-0.1199,-0.1004,0.0807,-0.0684,-0.6685,-0.0663,0.0198,0.4563,0.2203,-0.0006,-0.0547,-1.4895,-0.1017,-0.068,0.0387,0.1109,-1.6506,-0.0857,0.5589,-0.1309,-0.1369,-0.1506,-0.0941,-0.0488,-0.096,-0.7399,0.3018,0.2304,-0.2164,0.2802,2.877,3.779,-0.5164,0.8695,-0.3408,-0.2257,-0.8482,4.8205,-0.7897
575,5635,108,6,cycling,0.0055,-0.1882,-0.0186,0.041,-0.059,-0.0324,-0.025,1.3067,-0.0699,-0.0789,-0.5943,-0.1252,-0.152,1.3376,-0.094,0.0825,0.1747,0.2279,0.2895,-0.2693,0.2396,0.2985,0.1197,-0.3969,0.3698,0.2758,-0.3768,0.5797,0.4638,-0.4494,-0.1002,-0.0503,-0.0548,0.1017,0.0406,0.1307,0.4564,-1.6662,0.1104,-0.2169,2.6575,0.6083,-0.0803,0.2202,-1.538,0.2505,-0.2305,0.4954,0.5619,-1.5665,0.3453,3.8715,-0.7791,-0.637,0.735,0.3991,-0.7892,-0.3012,4.619,0.9153,-0.4249,0.1121,0.3002,-0.721,-0.3603,-0.3704,5.6285,0.0759,0.0007,0.5809,-0.3759,0.9762
576,5636,108,6,cycling,-0.0112,0.7295,0.0317,0.0943,0.0433,-0.0045,0.025,-0.1041,-0.027,0.0698,0.089,0.0569,-0.1932,1.2862,-0.2523,0.1875,-0.2482,-0.3526,-0.3772,0.0721,-0.2761,0.1506,0.3463,-0.3929,0.3095,-0.0803,0.0009,-0.1015,0.1002,-0.0447,0.1102,0.0508,-0.0774,-0.0879,0.001,-0.1197,0.6085,-1.384,-0.4664,-0.448,0.7766,0.5868,0.2303,0.0458,-1.4786,-0.0455,0.4859,-0.1309,0.5499,-1.7887,0.5573,2.6717,0.5623,0.2163,-0.837,-0.5794,-0.3609,-0.8437,4.8489,3.8897,0.6591,-0.2605,-0.7871,-1.3013,-2.5146,-0.8745,-0.5998,-0.4017,0.8976,-1.6349,5.7177,0.619
577,5637,108,6,cycling,-0.0133,0.5289,0.0032,0.0675,0.0563,-0.0431,0.1182,1.1272,-0.0774,0.1041,-0.5868,-0.0825,0.0928,1.3696,-0.2056,0.0007,-0.0217,-0.0327,0.2685,-0.237,-0.2954,0.3581,0.0504,-0.1505,0.0355,-0.1121,0.0188,-0.2209,-0.0804,0.1005,-0.0001,0.1193,-0.0273,0.0002,-0.0186,0.01,0.4798,-1.609,0.4043,0.4852,2.4973,0.665,0.0055,0.001,-1.5761,0.0202,-0.1103,-0.0387,-0.0458,-1.6569,0.0964,-0.5979,0.0262,0.1306,-0.0199,0.1011,-0.1383,0.1278,3.839,-0.6789,0.8465,0.3008,0.5751,5.9328,4.7797,-1.3456,8.5457,0.8092,0.7625,7.9568,2.5644,-0.8191
578,5638,108,6,cycling,0.0718,-0.7382,-0.0973,0.135,0.1161,0.0066,-0.0892,1.2669,-0.0543,-0.0697,-0.5728,-0.0149,-0.1747,0.4083,-0.1636,0.2382,0.3768,0.2041,-0.2586,-0.3372,-0.229,-0.3575,-0.0463,0.4434,-0.468,-0.3078,-0.2987,-0.656,0.5632,-0.5542,-0.0315,-0.0009,0.0211,-0.0505,-0.1018,-0.0406,0.4885,-1.3967,0.5862,0.1194,2.9577,-0.9871,0.1305,0.0803,-1.5413,-0.2602,0.1129,0.2309,-0.2803,-1.5369,0.7079,3.8952,0.5981,-0.8893,-0.8464,-0.0473,-0.1507,-0.3506,4.839,5.427,-0.9628,0.0485,0.3993,-0.0759,-1.1105,-0.9984,-1.9452,-0.9418,0.4292,2.9446,-1.74,-0.6143
579,5639,108,6,cycling,0.0825,-0.5396,0.0698,-0.0184,0.1215,-0.0547,-0.1436,1.4077,-0.1053,-0.0713,-0.576,0.0089,0.332,1.2704,-0.2988,0.1786,0.0375,-0.1885,0.0981,0.023,-0.2468,0.2346,-0.1504,-0.2695,-0.4434,-0.3783,0.385,-0.4301,-0.6499,-0.589,-0.0247,-0.1193,0.0007,0.0266,-0.1004,0.0506,-0.6941,-0.5949,0.0809,0.5566,-1.7063,-0.7973,-0.1015,0.0259,-1.4882,-0.0394,-0.1103,-0.0485,0.0488,-1.6718,0.0409,-0.0473,-0.0708,0.1309,0.3457,0.0408,0.3502,-0.3708,-0.6562,0.3145,0.7861,0.3018,-0.948,3.9327,2.5998,0.0608,4.9509,0.512,0.7428,-0.8192,5.5341,-0.4272
580,5640,108,6,cycling,-0.0872,0.6636,-0.032,0.0973,0.0795,-0.0518,0.023,0.9061,-0.0433,0.0088,-0.4317,-0.0198,-0.1916,1.2949,0.1547,-0.2396,-0.2559,-0.2786,0.2694,-0.3781,-0.227,-0.0509,0.2893,-0.388,0.4489,-0.1108,0.2205,0.3585,-0.3496,0.3979,0.1003,0.1121,-0.1305,-0.1509,0.0803,-0.1012,0.5062,-0.6542,-0.4855,0.5869,-1.6897,0.6056,-0.1193,-0.2603,-1.6764,0.2503,-0.2169,-0.7592,0.2806,-1.6155,-0.7853,2.6313,0.7699,-0.779,0.8745,0.301,-0.3504,0.3451,3.0379,4.4648,-0.5276,-0.1391,0.3647,5.3156,-1.3993,0.3003,7.6348,-0.822,0.4293,-2.8317,-0.8482,0.5998
581,5641,108,6,cycling,-0.0872,0.3265,0.0947,0.0113,0.0414,0.0523,0.079,1.3374,-0.065,0.1043,-0.5895,-0.0096,0.0399,1.1786,0.1842,-0.1953,0.3077,-0.2985,0.2884,0.3764,0.2457,-0.2278,-0.4082,-0.021,-0.3875,0.3465,0.3967,0.4862,-0.6859,0.4493,0.0508,-0.0009,-0.1109,-0.1193,0.1013,0.0809,0.4955,-0.8863,0.1505,0.1009,2.5645,0.6066,0.001,0.01,-1.9854,-0.0081,0.0001,-0.1124,0.1302,-1.6554,0.0458,-0.691,-0.2203,0.2259,0.2164,-0.2307,0.0658,0.3007,-0.704,-0.4272,0.0451,-0.0089,0.0079,-0.8094,3.8727,-0.83,4.7344,0.0373,0.3456,0.8695,7.4299,-1.539
582,5642,108,6,cycling,-0.0629,0.5278,-0.0045,0.1154,0.0416,0.0172,-0.1041,-0.0846,-0.0512,-0.0723,0.0949,-0.0219,0.2474,1.2869,-0.1543,0.207,0.3583,0.2659,0.2225,0.2786,-0.3794,-0.3397,0.4799,0.3077,0.038,0.3696,-0.1307,0.3469,-0.4084,0.0504,0.0007,-0.0456,0.1122,-0.1011,0.1008,0.01,0.4852,-1.4438,0.3963,-0.1191,2.6493,-0.5567,-0.1027,-0.1024,-1.6089,0.2259,-0.1508,0.2163,0.5085,-1.6851,0.0656,0.6587,-0.0803,0.5782,0.6692,-0.5675,-0.7879,0.889,0.5756,-0.1107,-0.4001,0.3012,0.3004,3.9863,4.0451,1.0195,-1.4357,0.4307,-0.2204,-2.0962,7.6138,0.8273
583,5643,108,6,cycling,0.0516,-0.7231,-0.0066,0.1389,-0.0892,0.0426,0.1056,1.0159,-0.0962,0.0717,-0.4538,-0.067,0.1872,1.3343,0.2757,0.3546,0.3681,0.2584,0.0324,-0.2863,-0.3944,0.4082,-0.3796,0.3497,-0.588,-0.2975,-0.489,-0.6967,-0.7799,-0.3042,-0.1011,0.4964,-0.1129,-0.1192,-0.0503,0.0003,0.545,-0.8744,0.0495,-0.5586,2.766,-0.4774,-0.023,-0.0222,-1.6898,0.0183,-0.0456,0.1009,-0.0408,-1.6588,0.0961,4.9515,0.3458,-0.2205,0.8516,0.2807,-0.7871,0.3012,3.5695,0.946,-0.0998,0.1105,-0.1302,0.4015,-0.4002,-1.731,-0.7967,0.4677,-0.2307,0.8657,-0.1505,-0.938
584,5644,108,6,cycling,-0.0416,0.3232,-0.0189,0.1469,0.0399,-0.0059,-0.0942,1.1541,-0.0546,-0.0611,-0.4466,-0.0785,-0.2786,1.3082,0.1864,0.0856,-0.1719,-0.2322,0.0509,0.025,-0.2462,0.2898,-0.2675,0.2551,0.3474,-0.0007,0.1505,0.3393,-0.3543,0.3872,0.0002,0.408,0.3696,-0.0262,0.1014,-0.1308,-0.3973,-0.6884,0.2167,-0.2253,2.7961,0.6795,-0.1108,-0.0594,-1.4881,-0.077,-0.0157,0.0247,0.2309,-1.799,-0.0965,0.786,0.2609,0.1191,0.3005,-0.0388,-0.2209,-0.0806,0.7699,-0.0443,-0.2807,-0.0266,0.2508,3.8895,4.7792,-0.9726,2.8117,-0.3646,-0.301,1.4249,8.4993,-0.9027
585,5645,108,6,cycling,0.0717,-0.6695,0.0885,-0.0696,-0.0072,-0.0111,0.0515,1.1293,-0.0325,0.096,-0.5799,-0.047,0.2961,1.3068,-0.2702,0.1665,0.1843,-0.3463,0.355,-0.2898,-0.3686,-0.2364,-0.269,0.4462,-0.4077,0.3883,-0.3748,0.3354,-0.5969,-0.4974,-0.0807,0.5884,0.1006,0.0508,0.0406,-0.1109,0.1194,-1.3946,0.0005,0.0181,2.679,0.768,0.0262,-0.01,-1.8894,-0.0947,-0.1018,-0.1129,-0.2808,-1.6277,0.0373,3.7579,-0.3014,-0.1509,-0.3647,-0.2203,0.3703,-0.4014,5.9764,4.7177,-0.7871,0.0584,-0.3504,-1.6006,-0.8217,-0.8443,-1.8489,0.1415,0.3007,-1.799,-0.731,0.5491
586,5646,108,6,cycling,0.1294,-0.5146,-0.0873,0.0149,-0.1362,0.0469,-0.0092,1.3054,-0.0518,0.1093,-0.5719,-0.065,0.2943,1.1791,-0.237,-0.2541,0.2784,0.036,0.3572,0.0798,-0.2442,0.3344,0.0936,-0.4056,-0.2889,-0.2659,0.3947,-0.3766,-0.4645,-0.388,-0.0213,0.4875,-0.1012,0.0804,0.1106,0.1002,-0.1507,-1.6864,-0.0509,0.0456,2.5558,0.779,0.0006,0.0259,-1.6587,0.0499,0.0464,0.1196,0.1374,-1.6349,-0.0373,3.6788,0.1305,0.0409,0.0473,0.2309,-0.2258,0.3607,4.8311,-0.9723,0.7971,-0.1124,0.7876,-0.9519,-0.2165,1.3998,7.8617,-0.0596,0.0455,8.8527,0.2202,1.6143
587,5647,108,6,cycling,0.0512,-0.6511,-0.0088,-0.1652,-0.0194,0.0413,0.0947,1.1541,-0.0846,0.0786,-0.586,-0.0326,0.2291,0.207,-0.2496,-0.2342,-0.1961,0.1872,0.2949,-0.2554,-0.4043,-0.3683,-0.309,-0.2857,0.068,0.2782,0.1012,0.1002,0.3397,0.5089,0.0508,0.0219,0.0009,0.0803,-0.0098,0.0002,0.3879,-0.4576,0.5592,-0.4881,2.6675,0.6885,0.4467,0.1126,-1.6399,-0.1508,0.1195,0.7862,-0.3453,-1.6969,0.4677,-0.9527,1.5648,-0.3017,0.6493,0.3009,-0.4015,0.5977,-0.7428,-0.7384,0.877,0.2805,-0.5998,-0.9081,3.737,0.8417,4.6397,-0.5191,-0.4292,0.9762,8.7408,-0.5808
588,5648,108,6,cycling,-0.1089,0.0514,-0.0796,0.0942,0.1362,-0.1512,0.0169,1.1783,-0.0872,-0.0461,-0.6043,-0.0619,-0.2594,1.3067,0.2826,0.0086,-0.2484,0.2748,-0.2366,-0.2277,-0.3965,0.4538,-0.445,0.034,-0.3374,-0.1106,-0.2964,-0.3799,-0.477,-0.5941,0.1004,-0.3675,0.1121,0.1305,-0.0213,0.1014,-0.5593,-1.468,0.0503,0.4979,-0.5898,0.6315,-0.2203,0.0568,-1.579,0.0985,0.0003,0.1508,-0.53,-1.6597,-0.0409,2.5421,0.2164,-0.0708,-0.8887,0.2802,0.4012,-0.766,3.9458,-0.6011,-0.7873,0.0803,0.1193,-0.3603,4.3016,-0.9516,-1.6509,0.9666,0.2503,-0.8191,7.6286,-1.7233
589,5649,108,6,cycling,-0.0615,0.9074,0.1295,-0.047,-0.0943,-0.0547,0.0094,1.2863,-0.145,0.0186,-0.6098,-0.1772,-0.1384,1.2973,-0.2096,0.2585,-0.2433,-0.3558,-0.2788,0.4022,0.3669,-0.2361,-0.3496,0.0845,0.2692,-0.0506,-0.033,0.023,-0.0009,0.1122,0.0245,0.0355,-0.0406,-0.01,-0.0803,-0.02,-0.1192,-1.4499,-0.101,-0.0183,-0.4941,0.1107,0.0266,0.0152,-1.5966,0.0001,0.0165,0.0467,0.0675,-1.579,-0.0093,0.6413,0.0249,-0.0286,-0.1506,0.0408,-0.0451,0.0384,0.7862,0.7791,0.0082,-0.0068,0.0171,0.1006,-0.2809,-0.1308,2.7918,0.0913,0.0485,-0.8913,0.2602,3.875
590,5650,108,6,cycling,-0.0399,0.4379,-0.0782,-0.1401,-0.0896,-0.129,-0.0515,1.0946,-0.0645,-0.0468,-0.5598,-0.0084,0.2985,1.3081,-0.1942,0.022,0.2594,0.2818,-0.4427,-0.2372,-0.3788,-0.3674,-0.2669,-0.4957,0.6061,0.3852,-0.3556,-0.4734,-0.594,-0.5843,0.0009,-0.1011,-0.0408,-0.0271,-0.0093,0.0291,0.3964,-0.6692,0.1121,0.1308,-0.7586,0.6548,0.0507,-0.0804,-1.6777,-0.1502,0.2208,0.5328,-0.3009,-1.5109,0.0286,2.8963,0.548,-0.7073,0.7638,-0.1198,0.3458,-0.9518,3.7897,4.5263,-0.5191,0.2805,0.1009,-1.5289,5.0999,0.7971,-0.9077,0.2167,0.2504,-0.4018,7.8727,0.0485
591,5651,108,6,cycling,-0.0066,0.6906,0.0115,-0.1041,-0.0933,-0.0874,-0.1407,1.1279,-0.0568,-0.0344,-0.4862,-0.0467,-0.1857,1.3791,-0.2271,-0.1617,0.266,0.2547,0.2783,-0.2398,0.0006,-0.2456,0.1006,-0.2889,0.368,0.0217,0.1509,0.0506,0.101,0.1194,0.001,0.2309,0.0804,0.065,0.02,-0.0209,0.5849,-0.7796,0.2205,0.4543,-0.559,-0.7587,-0.0001,0.1104,-1.637,-0.0876,-0.1122,0.0394,-0.2243,-1.6595,0.0458,2.5964,0.2602,-0.3459,-0.8615,0.3018,0.3604,0.4252,3.9499,4.8569,0.7818,0.1007,0.2259,0.8499,0.8881,0.9446,-0.9764,-0.3757,0.2162,0.3277,1.4222,-0.0759
592,5652,108,6,cycling,-0.1214,0.6382,-0.0811,-0.1672,0.0715,-0.0549,0.0042,1.0943,-0.0462,0.0182,-0.6095,-0.0364,0.2085,1.2391,0.2768,0.2619,0.2281,0.3098,-0.3784,-0.2989,-0.023,0.2546,-0.3467,0.3587,0.4563,-0.0655,0.0807,-0.3344,-0.5077,0.6988,-0.0007,-0.1309,0.0262,-0.001,0.0506,0.1126,-0.3839,-0.4858,-0.407,-0.3456,0.5954,0.6694,-0.1015,0.0286,-1.4783,0.1198,-0.0451,-0.3012,0.6586,-1.5675,-0.3008,0.0373,0.5799,-0.3504,-0.1503,0.3409,-0.1003,-0.2608,2.5132,-0.978,0.74,-0.2165,-0.7301,4.5665,3.968,0.7614,-0.7893,-0.9028,-0.3754,1.7117,7.7971,-1.6309
593,5653,108,6,cycling,0.0133,-0.5695,0.0896,-0.1514,-0.0794,-0.0628,0.0547,1.0049,-0.0499,0.0941,-0.5584,-0.1374,0.2461,0.3923,0.1769,-0.1636,0.3095,0.2972,0.2698,-0.2552,0.2782,0.3422,0.4538,-0.3577,0.5089,-0.1013,0.034,0.021,0.1005,0.0508,-0.0005,0.0287,-0.027,0.0166,-0.0206,0.0157,-0.4375,-1.6588,-0.119,0.1509,3.596,2.6467,0.1105,-0.2307,-1.8716,0.468,0.1303,-0.6848,-0.567,-1.6558,-0.7976,0.1122,-0.0759,0.2162,0.8611,-0.3997,-0.3708,-0.6316,1.8273,0.7897,-0.3408,-0.0803,0.2209,4.8521,0.7406,1.0388,2.5378,-0.0709,0.0881,7.9773,0.7177,-1.4254
594,5654,108,6,cycling,0.0364,-0.9777,0.0046,-0.0592,-0.0195,-0.0413,-0.0772,1.4515,-0.0628,-0.089,-0.5567,-0.0941,-0.1752,1.367,-0.1856,0.2489,-0.2675,0.1937,0.2963,0.2053,0.2378,0.2279,0.3059,0.028,-0.1017,0.2781,0.0505,-0.1109,-0.1121,-0.3394,-0.1192,0.3544,0.0262,-0.0804,-0.0077,-0.0008,0.4065,-0.5883,0.1308,0.1004,2.845,-0.4869,0.0943,0.0082,-1.6099,0.1509,-0.0454,0.0587,-0.2257,-1.6893,0.6697,-0.3457,-0.2208,0.3605,0.768,-0.3803,-0.2603,-0.3998,-0.855,-0.3509,0.0603,0.2305,0.0002,0.3115,0.5648,-0.9617,3.4303,0.4292,-0.3207,4.6607,0.5384,-0.7475
595,5655,108,6,cycling,-0.0136,0.1803,-0.025,-0.0957,-0.059,-0.0798,0.0846,1.3314,-0.0063,0.1095,-0.6677,-0.1259,0.207,1.2984,-0.1793,0.0699,0.2269,0.048,0.2581,0.2697,-0.3094,0.2892,-0.2385,-0.2467,0.1191,-0.0804,-0.1109,0.3788,-0.4049,0.3483,-0.0406,0.0509,0.0003,-0.0259,0.0002,-0.0406,0.4474,-1.4852,-0.1127,0.0488,-0.4364,-0.7542,-0.0078,-0.101,-1.6591,-0.1004,-0.1027,-0.1506,-0.6853,-1.6079,0.5896,0.8908,0.3507,0.0887,-0.0608,0.1307,0.2205,0.2608,-0.5249,-0.8617,0.4011,-0.0582,-0.3608,2.732,4.5648,3.3008,5.7604,-0.0891,0.2809,0.4294,7.7407,1.8484
596,5656,108,6,cycling,0.0135,-0.7063,-0.0944,0.0433,-0.025,-0.1186,0.0712,1.2785,-0.0516,-0.0043,-0.6414,-0.068,0.2996,0.2382,-0.0842,-0.0318,-0.2558,0.206,0.3691,0.309,0.4049,0.2632,0.3428,-0.0503,0.4746,-0.1191,0.3856,0.4861,-0.4567,0.3795,0.0007,-0.1014,-0.0184,0.0002,-0.1126,0.0001,-0.1003,-1.5787,0.1307,0.2206,2.7581,0.7968,0.0266,-0.0592,-1.6566,-0.1507,0.0053,-0.0809,0.0572,-1.7882,0.0578,-0.5593,-0.1102,-0.2809,-0.8819,0.2254,-0.3609,0.2606,3.9873,4.8976,-0.5121,0.2504,0.3751,-1.7799,-0.6933,1.748,-1.9773,-0.3996,-0.3805,0.9715,0.8192,-0.9153
597,5657,108,6,cycling,-0.1496,0.6011,0.0947,0.0789,0.1715,0.055,0.0142,1.0869,-0.0693,0.0499,-0.607,-0.1394,-0.3326,1.2474,0.1952,-0.2949,-0.3578,0.1858,0.3085,0.2744,-0.0023,-0.2263,0.2543,-0.374,0.3686,0.0504,0.1508,-0.3895,0.0807,0.4582,-0.0364,0.1014,0.0009,-0.027,-0.023,0.0072,0.4846,-1.6865,-0.2162,0.1307,0.669,0.5313,-0.01,0.0286,-1.5956,0.0873,-0.1009,0.1192,-0.1129,-1.7788,0.0454,0.8467,0.2302,0.2508,-0.301,0.0408,0.3606,0.3708,0.7675,-0.5489,-0.3649,0.1107,-0.3407,2.8981,4.5131,3.9717,-1.9574,-0.3506,0.809,-0.7983,7.8719,-0.928
598,5658,108,6,cycling,-0.1469,0.5015,0.0182,-0.1142,-0.0798,-0.0568,0.0078,1.2654,-0.0464,-0.028,-0.5775,-0.0913,0.2785,1.3389,0.0329,-0.2422,0.0892,-0.1925,-0.2395,-0.3077,0.0631,-0.0807,0.0008,-0.1109,0.3881,0.3944,0.3587,-0.4036,0.477,0.3494,-0.0266,0.1191,-0.1127,-0.0505,-0.1503,-0.1004,-0.435,-1.6596,0.1302,0.1018,-1.6791,0.7963,0.4572,-0.0956,-1.5976,-0.609,0.3608,-0.4849,0.5573,-1.6699,0.5345,2.2169,0.974,-0.5814,-0.3505,-0.0759,0.2305,-0.6213,3.3993,4.5443,0.4013,-0.001,-0.3453,0.4992,-0.3803,-0.5165,0.7464,0.2807,0.0488,-0.8191,-0.3449,-1.9123
599,5659,108,6,cycling,-0.0549,0.6813,-0.0195,-0.0917,-0.0078,-0.1184,0.0464,0.4096,-0.0873,-0.0007,-0.1872,-0.0616,0.1421,1.2969,-0.2615,0.0719,0.2275,-0.0399,-0.2494,-0.0215,0.2556,0.2774,0.3376,0.2843,-0.1127,-0.1018,-0.0806,-0.3661,-0.3587,-0.0508,0.0205,0.1009,0.0562,-0.0249,-0.0593,-0.0409,-0.1192,-0.3839,0.1509,-0.2307,2.7077,0.6542,0.0262,-0.1109,-1.5881,-0.0456,0.0085,-0.0086,-0.0408,-1.6098,0.0766,-0.8955,-0.0454,0.0943,-0.2208,0.2607,-0.2507,0.3018,-0.7988,-0.5648,0.1306,-0.001,0.0455,-0.6782,3.838,-0.2163,4.8443,-0.2257,-0.4015,2.7177,7.4368,0.9717
600,5660,108,6,cycling,-0.0318,0.4369,-0.0983,-0.1243,-0.0065,-0.0723,0.0697,1.0499,-0.0179,0.0871,-0.5628,-0.0542,-0.2096,1.4089,-0.1719,0.2494,0.3393,-0.0213,-0.227,0.2551,-0.3075,-0.365,-0.3544,-0.268,0.3846,-0.1011,0.0803,0.3768,-0.3461,0.4839,0.0266,-0.0509,-0.0008,-0.0001,-0.1124,0.1005,0.1303,-0.4582,-0.4954,-0.6985,-0.7874,0.6695,0.1193,-0.0409,-1.5952,-0.2203,0.1104,0.2303,0.5592,-1.6315,0.6491,-0.5798,-0.0488,-0.3609,0.7311,0.3018,-0.3451,0.7636,2.679,3.5143,0.6213,-0.1509,-0.2609,4.0759,1.8827,0.3102,1.8764,-0.7449,-0.7784,-0.839,7.9777,0.5249
601,5661,108,6,cycling,-0.0037,0.6941,-0.0108,0.0914,0.0464,-0.0323,-0.1092,-0.1186,0.0693,-0.0517,0.1281,0.0713,-0.1558,1.3074,0.1642,-0.2598,-0.2091,0.1934,0.2821,0.4075,0.2462,-0.3846,0.2968,0.0225,-0.2631,-0.1306,0.1105,-0.3385,-0.5043,-0.3696,0.0506,0.4589,0.1006,0.1191,0.027,0.0003,-0.5594,-1.7065,0.4461,-0.0608,2.7957,-0.4748,-0.1506,-0.1015,-1.5988,-0.0803,-0.2309,-0.6067,0.5611,-1.6587,0.5426,-0.6695,-0.7871,-0.2605,-0.7763,-0.3642,0.3505,-0.978,4.8489,3.7216,0.9963,-0.009,0.8413,-0.7449,0.3996,1.7614,-2.734,0.4015,-0.2252,2.7117,0.4008,-0.7369
602,5662,108,6,cycling,-0.1488,0.7384,-0.1272,0.1043,-0.0889,0.0568,0.1147,1.0786,-0.0185,-0.0941,-0.5883,-0.1344,0.2419,1.3675,0.1606,0.27,0.1757,0.352,0.2391,-0.3326,-0.0467,0.2884,-0.4577,-0.2903,0.2542,-0.0216,0.1199,0.3094,0.374,0.485,-0.0007,0.0806,0.0406,0.0373,0.0002,0.0182,0.5969,-1.6698,0.1126,-0.1505,2.7976,0.5578,-0.1109,-0.0507,-1.799,0.1302,-0.1002,0.1015,-0.7061,-1.6573,-0.3457,4.7464,0.538,0.2603,-0.5276,-0.3502,-0.3013,0.2807,3.6097,-2.8191,0.3254,0.0332,-0.2208,0.4234,-0.3262,-0.9699,-2.5678,-0.0608,-0.0456,0.8391,-1.8713,-0.7449
603,5663,108,6,cycling,-0.0737,0.3254,0.1288,0.1096,0.055,-0.0942,-0.1511,1.442,-0.0873,0.0195,-0.6426,-0.1859,-0.1669,1.2472,-0.2384,0.1704,0.0092,-0.0345,0.3078,0.0622,-0.0504,-0.2789,0.289,0.3557,-0.2555,0.0806,0.2968,-0.1103,-0.1196,-0.025,-0.1303,0.3375,0.3411,0.1013,-0.001,-0.1009,-0.4638,-0.496,0.1122,0.2606,-0.6582,-0.4399,-0.1508,0.2305,-1.6685,-0.0456,-0.0006,-0.3408,0.2167,-1.7384,0.587,0.6316,-0.3704,-0.548,-0.7779,-0.2502,0.4679,-0.7619,2.8619,4.7428,-0.3012,0.0387,0.2243,3.6791,-0.4187,-0.9818,-1.8727,0.3608,0.4683,-0.5014,-0.9717,-0.9326
604,5664,108,6,cycling,0.0946,-0.9076,-0.0399,-0.0475,-0.0092,-0.0601,0.1255,1.0538,-0.0872,0.156,-0.6566,-0.1423,0.1345,1.2036,0.1782,0.2898,0.1859,-0.3093,-0.3929,-0.3787,-0.2496,0.2586,0.2689,0.3547,0.2781,-0.0506,0.0803,-0.0005,0.1192,0.3395,-0.026,-0.2207,0.4434,-0.101,-0.1121,-0.1009,-0.4077,-1.589,0.0161,0.2165,2.568,-0.5042,0.1306,-0.0259,-1.6778,-0.0862,-0.1505,0.4984,-0.1109,-1.5726,-0.6951,-1.737,0.8567,-0.2808,-0.638,0.0456,0.682,-0.8831,3.7976,4.9762,-0.0708,0.0183,0.0603,-0.74,-0.3997,-0.4013,-2.5164,0.5109,0.0451,5.7017,-0.4143,0.9717
605,5665,108,6,cycling,-0.0519,0.7384,-0.1318,0.0761,0.0811,0.0698,-0.0183,1.3077,-0.0085,-0.034,-0.5969,-0.0414,0.0946,1.1572,-0.1686,0.2075,-0.2284,-0.339,0.2874,-0.2394,0.256,-0.268,-0.2463,-0.2781,0.3941,-0.0219,-0.1124,-0.3889,0.3552,0.4434,0.0503,0.3655,0.457,-0.1103,-0.0803,0.1506,-0.1014,-0.6692,-0.1009,-0.1194,-0.5899,-0.4748,-0.0009,-0.001,-1.6797,-0.0093,0.0051,0.0068,-0.1302,-1.6513,0.0164,0.7895,0.0406,-0.0096,0.1387,-0.0179,0.01,-0.0455,0.3015,-0.2603,0.0091,0.0332,0.0273,0.0485,-0.2807,0.2251,2.5164,-0.1388,-0.0174,-0.4013,-0.2163,1.9558
606,5666,108,6,cycling,0.1395,-0.669,0.0562,0.0186,-0.0617,-0.1285,0.0881,1.3369,-0.0084,0.0737,-0.6077,-0.0431,0.0946,0.2996,0.1523,0.1842,0.2271,0.2857,-0.2559,0.3589,0.2697,-0.2494,0.0345,0.101,0.3053,0.2749,-0.1308,-0.3687,0.3879,-0.3496,-0.022,0.0506,-0.1198,-0.0806,-0.1002,-0.0006,0.5875,-1.5098,0.4468,0.4763,2.5582,0.747,0.0257,0.0056,-1.6483,0.0002,0.0167,0.2207,0.0658,-1.6588,0.0172,3.788,-0.2508,0.2602,0.1102,-0.2252,0.3012,0.3506,4.0458,0.9325,-0.3991,0.0199,0.3451,0.7328,-0.2163,0.0449,7.6602,-0.7618,-0.3803,2.1346,-0.3756,1.9644
607,5667,108,6,cycling,0.0149,-0.5647,0.0811,-0.1057,-0.0796,0.0015,0.0364,1.2984,-0.0695,-0.0575,-0.4426,-0.1379,-0.3368,0.1885,0.2362,-0.2047,-0.0983,-0.357,-0.254,-0.2766,0.0499,-0.2261,0.1006,-0.2893,-0.3694,0.3782,-0.3086,-0.5042,-0.468,-0.5988,0.1122,-0.0219,-0.0009,-0.0205,0.0803,-0.0406,0.6974,-1.3867,0.1192,0.2206,2.989,0.4851,0.1011,-0.0603,-1.5878,-0.0508,0.0763,0.0408,-0.0642,-1.6589,-0.0171,0.6053,0.1308,-0.1506,0.5592,-0.1105,-0.2503,0.3643,0.7781,0.3507,-0.2166,0.0597,0.0881,3.9589,4.7215,0.7636,7.5457,-0.3993,0.2309,1.7317,8.4222,-0.8746
608,5668,108,6,cycling,-0.0012,0.6814,-0.0142,-0.0699,-0.0518,-0.0415,0.0717,1.2861,-0.0867,0.1089,-0.5913,-0.0958,0.1949,1.2956,0.2493,-0.2398,-0.2633,-0.2594,0.035,-0.2091,-0.0505,-0.028,0.1122,-0.1015,0.1306,-0.0003,0.01,0.027,-0.1004,0.0806,-0.0134,0.0364,0.0169,0.0143,0.0237,0.0205,0.3879,-0.3944,0.2202,0.1109,0.7065,0.4863,-0.0001,-0.0002,-1.5428,-0.0247,0.0438,0.1198,0.0488,-1.6053,-0.0896,-0.5584,0.0762,-0.0286,0.3004,0.0455,-0.2163,-0.0187,-0.8866,-0.7772,-0.2509,-0.0785,0.2606,2.7586,4.9666,-0.9524,-1.7874,0.9025,-0.0473,0.6276,3.7457,0.8317
609,5669,108,6,cycling,0.055,-0.6417,-0.0065,0.1186,-0.094,0.0184,0.0625,1.2826,-0.0413,-0.0775,-0.5816,-0.036,-0.0867,1.3542,0.2981,0.1849,0.2082,0.2766,0.2376,0.3094,-0.2283,-0.4572,0.557,0.369,0.3744,-0.3343,-0.3485,0.4774,-0.023,-0.5791,0.3861,-0.5941,-0.6968,0.1504,-0.0004,0.1307,0.4873,-1.7952,-0.1108,-0.0406,2.9599,0.8946,-0.0509,0.0387,-1.7896,0.0187,-0.1194,0.0588,-0.3014,-1.6553,-0.638,3.0472,-0.0663,0.1126,0.3458,0.0608,-0.0804,0.0708,4.5132,-2.0982,0.974,-0.0485,-0.4249,0.9328,-0.3509,-0.9814,-0.6108,-0.1015,-0.2304,-0.5695,-0.7798,-0.6451
610,5670,108,6,cycling,-0.0017,0.6379,-0.0791,-0.0961,-0.0182,-0.1148,-0.0896,1.3895,-0.0499,-0.1389,-0.595,-0.0557,0.2094,1.1886,-0.1642,-0.1923,0.0632,-0.2547,-0.3562,0.2297,0.2984,0.2456,-0.286,0.4077,0.3681,-0.3764,-0.1199,0.3085,-0.3343,0.468,0.0301,-0.0225,0.0005,0.0092,-0.0205,-0.0201,0.4541,-1.6539,-0.1305,-0.4483,-0.7898,-0.559,-0.1008,-0.1018,-1.6869,-0.001,-0.1027,-0.2208,-0.5467,-1.6651,-0.5887,2.0803,-0.6375,0.0509,0.1103,-0.3646,0.3405,-0.8879,3.7315,4.5491,0.7415,0.2244,-0.4994,-1.0455,5.6276,0.0262,2.5132,-0.1122,-0.3805,-0.5489,8.725,-1.3114
611,5671,108,6,cycling,-0.0116,0.3546,-0.0874,-0.0789,0.1469,0.1295,0.0464,0.8182,-0.0581,0.1117,-0.3945,-0.0638,1.0059,1.3696,-0.2557,0.0929,-0.2894,-0.2078,0.2788,-0.2655,0.2423,0.406,-0.347,-0.4941,0.5042,-0.0806,0.1004,-0.4782,-0.489,-0.3043,-0.0225,-0.0344,0.0266,0.0293,0.0273,-0.01,0.0508,-1.6851,0.1106,0.0005,0.7793,-0.2602,-0.1011,0.1308,-1.7573,0.1192,-0.1502,0.0409,-0.1129,-1.6584,-0.2164,0.8079,0.0408,0.0443,-0.2302,0.2243,0.3207,-0.6662,0.8517,-0.6798,0.0942,0.0002,-0.001,-0.8316,2.9987,-0.3604,4.7675,0.3993,0.3408,3.9762,7.8664,0.9727
612,5672,108,6,cycling,0.0013,-0.671,-0.0108,-0.0009,-0.0412,-0.0225,0.0798,1.4416,-0.0549,0.065,-0.5886,-0.0943,-0.1796,1.3799,-0.2052,-0.1934,-0.2332,0.2826,0.3682,-0.3568,0.3085,0.2962,-0.3324,-0.6095,0.5542,-0.1014,-0.2789,0.3874,0.547,0.4097,0.038,0.0504,0.0002,0.1129,-0.001,0.0206,0.0804,-1.4891,0.0946,-0.0879,0.8469,-0.2163,-0.02,0.0092,-1.5664,-0.1009,-0.0222,0.0773,-0.2257,-1.669,0.0557,0.7881,-0.1305,0.1109,0.5988,0.0572,-0.2602,0.2506,0.7585,2.0863,0.3509,-0.0247,0.3648,3.9509,4.761,-0.9604,-0.7788,0.1198,0.1509,-0.9319,9.6163,0.4013
613,5673,108,6,cycling,0.1061,-0.7373,0.0915,-0.0569,0.0078,-0.0196,-0.0897,1.2542,-0.0434,0.1413,-0.4917,-0.1206,-0.1846,1.2984,-0.2056,0.1672,0.3385,0.2486,-0.355,-0.2675,-0.2382,0.0344,-0.4088,-0.379,0.0789,-0.1127,0.0219,0.1019,-0.1504,0.0503,0.1005,-0.0803,-0.0006,-0.001,-0.0266,0.0259,-0.3891,-0.6476,-0.4399,-0.1109,2.6074,-0.658,0.1198,-0.0406,-1.4567,-0.0548,-0.1295,0.2607,-0.5979,-1.6693,0.3454,3.5763,-0.5892,-0.6877,0.731,-0.7098,0.3641,-0.3504,7.3182,4.8489,0.2257,-0.0458,0.2806,-0.4012,-1.3017,-0.1305,-2.5378,-0.7386,-0.3003,1.6276,-2.719,-0.0608
614,5674,108,6,cycling,-0.0013,0.4396,-0.0111,0.0416,-0.0568,0.0796,-0.0344,1.0959,-0.0675,0.022,-0.4861,-0.1433,0.1858,1.269,0.0889,-0.0504,0.1757,-0.3074,-0.1925,0.3929,0.2884,-0.2423,-0.3686,-0.2746,-0.1305,-0.0803,-0.1105,-0.0247,-0.0008,-0.0409,-0.02,0.1002,0.0286,0.0035,-0.1012,-0.0064,0.3749,-1.4563,-0.1196,0.4799,2.655,-0.567,-0.1505,0.0967,-1.8895,0.2208,0.2303,-0.0262,-0.1124,-1.7387,0.2164,3.7792,-0.2807,-0.5585,-0.6097,0.2508,0.3454,-0.3014,4.8769,0.6681,-0.7962,-0.0073,0.9876,-0.7872,0.4672,0.7406,0.9762,-0.0709,0.3993,2.8083,0.3232,-0.8998
615,5675,108,6,cycling,0.0067,-0.7369,-0.0547,0.0973,0.0817,-0.0789,0.0142,1.3344,-0.1154,0.0323,-0.6061,-0.0465,-0.227,1.2949,-0.1852,0.0697,-0.2758,0.252,0.2893,0.268,0.3891,-0.3976,0.2486,-0.3498,0.509,-0.3536,-0.1012,0.5569,0.3787,0.564,0.0804,0.4892,-0.4664,0.0214,0.0504,0.0373,0.6677,-1.4562,0.1127,0.1194,-1.7857,-0.9563,-0.0286,0.0408,-1.8874,-0.0871,0.0007,0.0286,-0.1305,-1.6853,-0.1003,2.9996,0.1103,0.0409,0.3603,-0.1506,0.2205,-0.5984,4.9452,3.7919,-0.5341,-0.0181,0.2166,-0.9417,5.4013,1.8319,1.8518,0.2808,0.2254,-1.6708,7.8216,0.5707
616,5676,108,6,cycling,-0.0613,0.3786,0.1258,0.0582,0.1572,0.1434,0.0175,1.3393,-0.0042,0.0867,-0.5721,-0.0749,0.2447,1.1789,-0.0923,0.2264,-0.1885,0.2959,0.3077,-0.2555,0.3941,-0.2635,-0.274,0.0436,0.3874,0.035,-0.1018,0.028,0.0508,-0.1199,0.0002,-0.0803,-0.1105,-0.0409,-0.0262,-0.0179,-0.2165,-1.4399,0.2209,0.4496,-1.6681,0.4863,0.1003,0.0455,-3.5635,-0.1369,-0.1503,0.1309,0.6068,-2.0973,0.0456,-0.877,-0.1122,0.6584,-0.2809,0.0005,0.2607,0.3453,2.8892,3.619,0.3007,0.0947,0.2307,4.9075,1.5491,-1.9426,-1.7811,-0.0266,0.4001,-2.9766,8.4297,-1.9895
617,5677,108,6,cycling,0.0106,-0.8333,-0.0953,0.055,-0.0085,-0.0761,0.1396,1.4095,-0.1256,-0.1041,-0.7546,-0.0415,-0.2362,0.1892,0.2042,0.2826,-0.1944,0.2764,-0.3787,-0.3872,0.0847,0.2551,0.0225,-0.3354,-0.5591,-0.3069,-0.0345,-0.3475,-0.2976,-0.5974,-0.3686,0.3543,-0.2205,-0.0503,0.1194,0.2253,0.6699,-0.686,-0.3949,-0.4878,2.7082,-0.9765,0.1124,0.2305,-1.7344,0.0006,0.0807,0.2606,-0.5893,-1.6552,0.6718,0.8081,-0.632,0.1509,0.8898,0.7784,-0.3508,0.1307,3.9028,-0.8325,-0.4303,-0.1003,-0.3705,0.794,0.1013,0.9433,4.8908,0.0456,-0.3647,2.5109,-0.4682,-0.5384
618,5678,108,6,cycling,-0.1469,0.5015,-0.1374,0.0042,0.0111,0.0817,-0.0464,0.8273,-0.0626,0.036,-0.3345,0.0516,1.3861,1.189,-0.2781,0.2085,-0.2949,0.3624,0.355,-0.0944,-0.4823,-0.3059,0.3947,0.2596,-0.0784,0.0504,0.0009,0.4041,0.1196,0.0806,0.0219,0.0189,0.101,0.1103,0.0002,0.1006,0.3799,-0.7546,0.0943,-0.2167,-0.5882,-0.5595,0.1509,0.1309,-1.6792,0.2206,0.1393,0.0485,0.3451,-1.6851,0.568,0.7063,0.6591,-0.2602,0.5766,0.0488,-0.2502,-0.7976,0.7872,-0.9871,-0.3005,0.02,0.3646,-1.9452,3.7787,-0.8883,2.6138,0.5191,-0.1127,0.3018,4.3155,0.5285
619,5679,108,6,cycling,0.1394,-0.6695,-0.0884,-0.0946,-0.1296,-0.0788,-0.1598,1.3949,-0.0461,0.0344,-0.6717,-0.068,2.0181,1.1489,0.059,0.2077,0.2962,-0.3078,0.2472,0.2273,-0.3483,-0.2523,0.3626,-0.4575,-0.2886,0.2743,0.3347,-0.4097,-0.0069,-0.6499,0.1015,-0.1009,-0.3557,0.0009,0.016,-0.0266,0.7085,-1.595,0.1127,0.5841,-0.6591,-0.0488,0.0209,-0.026,-1.5576,-0.1305,-0.0804,-0.0409,0.1197,-1.6852,-0.1106,0.5613,-0.0509,-0.1508,-0.2164,0.2308,-0.3406,-0.3505,0.6345,0.2805,0.0174,0.0286,-0.0193,0.7919,4.8799,-0.3012,3.9558,-0.2203,-0.3757,-0.7408,8.8952,-0.4013
620,5680,108,6,cycling,-0.0563,0.3714,0.065,0.0884,0.0196,-0.0069,0.0973,1.3385,-0.1182,0.0467,-0.5541,-0.1256,-0.2402,1.3936,0.1619,0.036,-0.2281,0.0764,0.2691,0.2028,0.2553,0.3023,-0.1191,-0.2774,-0.4083,-0.1121,-0.4489,-0.5892,-0.6598,0.489,0.0506,0.4761,0.0008,-0.0807,-0.1018,-0.1009,0.5957,-0.3876,0.4972,0.2258,0.9943,-0.5466,-0.0222,0.0075,-1.7895,-0.0427,-0.0202,-0.1306,-0.1503,-1.6862,-0.2505,2.8871,-0.2309,0.0947,0.7977,-0.2207,0.3644,-0.709,3.9434,5.7161,0.3407,0.0455,-0.01,-0.3004,0.9764,0.9327,4.9078,0.8617,-0.0755,1.7169,0.9773,0.7291
621,5681,108,6,cycling,-0.0618,0.5165,0.0196,0.0794,0.0889,0.0586,0.1182,1.0937,-0.0462,0.0017,-0.609,-0.1243,0.034,1.2654,-0.2036,-0.3083,0.2398,0.2766,-0.2885,0.3425,0.2981,0.2269,0.4841,-0.3946,-0.0505,0.025,-0.1102,-0.4573,-0.3368,0.3878,-0.3575,0.1503,-0.1306,-0.0262,-0.0363,0.1122,-0.1002,-1.5565,0.448,0.4763,0.587,-0.564,-0.0007,-0.0803,-1.8891,-0.0205,-0.1193,0.2205,-0.4957,-1.6711,-0.2609,2.7411,-0.2308,-0.3408,0.9961,-0.0451,0.101,-0.5972,3.7132,4.7143,-0.846,0.0561,0.7797,-0.9364,-0.4013,0.0663,-1.7169,0.4127,0.766,0.796,-0.3703,-0.9509
622,5682,108,6,cycling,0.0818,-0.9452,0.0085,-0.0562,0.0914,-0.0417,0.0645,1.2552,-0.104,-0.0186,-0.6563,-0.129,0.0319,1.1572,-0.0784,-0.0006,-0.2374,-0.2933,-0.2271,0.2066,-0.0507,0.2695,0.2459,0.2856,0.2743,0.1015,0.0803,0.1009,-0.0658,0.3097,-0.026,-0.3836,0.1121,0.0157,0.1192,-0.01,0.5898,-1.4799,0.0456,0.2209,2.8867,-0.8046,0.0307,0.001,-1.4977,0.0202,0.027,0.1506,0.5091,-1.7068,0.7861,0.5589,-0.8764,-0.1102,-0.6984,0.0388,-0.7581,0.0408,3.3996,0.968,0.3509,0.0476,-0.3402,-0.8213,0.7322,-0.761,4.7706,-0.3646,0.1305,1.7941,-0.8399,-0.5756
623,5683,108,6,cycling,-0.0615,0.3292,-0.0466,0.0586,-0.0164,0.0078,-0.035,1.1895,-0.0973,0.079,-0.4946,-0.0843,0.1459,1.3369,0.2085,-0.2822,-0.2942,-0.023,0.3824,0.4547,-0.2636,-0.2781,0.3598,-0.2593,0.3974,-0.1304,0.1506,-0.4494,0.3463,0.5565,-0.0007,0.377,-0.1199,0.1014,0.0504,0.1005,-0.0809,-1.5887,-0.0286,0.1127,0.4841,-0.5675,-0.0002,0.1102,-1.6784,0.01,0.2205,0.0152,0.2506,-1.5335,0.2603,-0.6891,0.3606,0.2303,-0.3405,-0.6083,0.2806,-0.3705,2.4234,-0.719,-0.7962,-0.0176,0.9799,3.8988,4.4992,-1.0262,7.9236,-0.0971,0.0453,1.0476,8.0709,-0.5285
624,5684,108,6,cycling,0.0049,-0.2975,-0.0326,0.0188,-0.0431,0.0213,0.089,1.3315,-0.0692,-0.0566,-0.6486,-0.0508,0.0946,0.1843,-0.1789,0.077,0.3053,-0.1922,0.256,0.2041,-0.2496,-0.2897,0.2762,-0.3874,0.448,0.3698,0.4881,0.3947,0.3493,-0.694,0.1502,-0.3791,0.1014,-0.1306,-0.1106,-0.0007,0.6785,-1.5894,-0.2203,-0.1009,2.655,-0.7956,0.001,-0.1129,-1.5499,-0.0806,-0.1197,0.0409,-0.5973,-1.6553,-0.7795,3.42,0.3457,-0.0458,0.7868,0.2257,-0.3706,0.8467,4.7618,-1.721,-0.2806,-0.0495,-0.0922,1.5132,7.3995,-0.8482,-2.8712,-0.2607,-0.3015,1.8443,8.3188,-1.5707
625,5685,108,6,cycling,0.0112,-0.7143,0.0438,-0.0797,0.0089,-0.1479,-0.0973,1.4469,-0.1578,0.0517,-0.609,-0.1374,-0.1665,1.2572,0.2064,-0.038,0.1842,0.2885,-0.2327,-0.0896,0.2457,-0.3498,0.0655,-0.2956,-0.2694,-0.3067,-0.367,0.5068,-0.3391,-0.4675,0.3547,-0.4053,-0.0003,0.0216,-0.1126,0.1509,-0.3783,-0.5882,0.1108,-0.4859,2.4549,-0.6651,-0.1013,-0.2208,-1.7786,-0.2242,-0.1191,0.2303,0.0504,-1.5464,0.0485,3.8884,0.301,0.0656,0.9599,0.3649,0.3408,-0.3509,4.6397,0.6217,-0.0759,0.0809,-0.0488,-0.8333,-0.2804,-0.936,-1.7633,0.3452,-0.4014,2.9213,-0.1302,0.0449
626,5686,108,6,cycling,0.0106,-0.1514,0.0791,0.1712,0.0511,0.0364,-0.028,1.0852,-0.0933,0.007,-0.5885,-0.0475,-0.189,1.1636,-0.2757,0.2026,0.2984,-0.4096,-0.2556,-0.3797,0.2844,0.2368,-0.3942,0.3824,-0.4872,-0.3499,-0.3069,-0.4645,-0.8831,0.5063,0.1196,-0.1122,-0.0506,0.0488,-0.0806,-0.0458,0.4965,-1.436,-0.1015,0.4774,2.7953,0.6786,0.0231,0.0008,-1.5987,-0.0222,0.001,-0.0262,-0.0332,-1.6682,0.0576,0.8325,-0.1104,-0.0394,-0.2308,0.0895,-0.2506,-0.3609,-0.7762,-0.4011,0.8971,-0.1504,-0.7301,-1.3141,4.6336,3.5276,-0.9413,-0.1303,-0.3458,2.5249,8.8191,0.7892
627,5687,108,6,cycling,-0.0188,0.6985,0.0468,-0.0084,-0.0817,-0.0581,0.0723,1.2556,-0.0399,0.1251,-0.6718,-0.1409,0.1344,1.2264,-0.1536,0.2862,0.2474,0.1943,-0.0694,0.2749,-0.3379,0.023,-0.268,-0.3489,0.0507,-0.1012,-0.1122,0.1108,0.1197,0.0809,-0.1008,0.1303,0.0009,-0.0796,0.009,-0.0271,0.5863,-1.4097,-0.0986,0.2162,2.5982,-0.5098,-0.0247,0.0891,-1.6678,0.0002,0.0954,-0.0187,0.0472,-1.6595,-0.0407,0.7061,-0.0468,-0.0192,0.2209,0.001,0.0485,-0.0473,-0.7719,0.3008,-0.2254,-0.1027,0.0773,0.0642,-0.2807,-0.2608,3.6285,-0.3709,0.3641,1.9558,-0.3457,-1.8311
628,5688,108,6,cycling,-0.0913,0.7391,-0.0105,-0.035,0.0475,-0.0046,0.0867,1.2542,-0.1094,-0.0699,-0.4961,-0.0791,0.2496,1.2884,0.2078,-0.1917,0.1853,0.2281,0.3979,0.277,-0.388,0.026,0.1019,-0.2698,0.3493,0.2947,0.3043,-0.3786,0.5766,0.3345,-0.0009,-0.0507,0.0807,-0.0002,0.1509,-0.1121,-0.2164,-1.4863,0.4074,0.0355,0.6469,-0.4488,0.1198,-0.2254,-1.5417,0.1276,-0.0458,-0.0955,-0.589,-1.5989,-0.1309,2.6592,0.1108,0.2206,0.6856,0.2806,-0.2603,-0.3012,3.736,4.8717,-0.3459,-0.0388,0.1004,-0.956,-1.3608,0.977,-0.8511,0.0455,-0.3647,-0.7213,-2.7719,0.8952
629,5689,108,6,cycling,-0.0867,0.371,0.0631,0.0515,-0.0165,-0.129,0.0918,1.1342,-0.0434,-0.0769,-0.5817,-0.0088,0.1916,1.4086,0.3043,0.2061,-0.2852,-0.2581,-0.2949,0.2796,-0.0322,-0.2362,-0.3346,-0.2638,0.3685,-0.1192,-0.0506,-0.455,0.4859,-0.3976,-0.0215,0.0809,-0.1003,-0.1102,-0.0455,-0.1127,-0.5566,-1.7593,-0.4473,-0.7092,3.7963,-0.6099,-0.2502,0.1303,-1.8764,0.2305,-0.1015,-0.2603,0.6856,-1.578,-0.7897,2.741,-0.2163,0.301,-0.7795,-0.3992,0.9872,0.2253,4.8971,7.0008,-0.8426,-0.2806,-0.3757,-0.8211,-0.1505,-0.9153,-3.4271,-0.9777,-0.8317,-3.799,-0.3804,0.8273
630,5690,108,6,cycling,-0.1318,0.4373,-0.1181,-0.1712,-0.0569,-0.0896,-0.0761,0.4424,0.0675,-0.0066,-0.2685,0.0328,1.2086,1.1636,-0.0192,-0.1932,-0.2364,0.2772,0.3345,-0.0929,-0.045,0.3962,-0.4082,0.559,2.6093,-0.3574,-0.3891,-0.3746,-0.6542,-0.7834,-0.4889,-0.5623,0.5843,-0.1307,-0.1124,0.4767,-0.9954,-1.5783,-0.0508,-0.0214,3.4971,-0.7976,-0.0007,-0.1194,-3.7798,0.1017,0.2209,0.2259,-0.7095,-2.1102,-0.5952,-0.7319,0.6888,-0.638,-0.4991,0.3008,-0.2608,0.6162,4.3136,-0.9644,-0.8482,0.0804,0.0388,-0.6138,0.9475,-0.4303,-3.5132,-0.1503,-0.1005,0.8421,1.8333,1.0455
631,5691,108,6,cycling,0.0059,-0.6543,0.037,-0.0947,-0.0158,-0.139,0.0598,1.2369,-0.1178,-0.0697,-0.5074,-0.0879,0.2783,1.2826,-0.2062,0.1742,-0.1849,-0.0773,-0.023,-0.3744,-0.354,-0.0433,-0.1015,-0.2448,0.1129,0.0007,0.1193,0.0505,0.001,0.2166,-0.0002,0.0807,0.0096,0.01,-0.0202,-0.0056,0.0189,-0.6084,-0.1507,0.5563,0.9988,-0.4568,0.1009,0.0872,-1.5766,0.0975,0.0406,-0.1102,-0.0187,-1.5753,-0.0177,0.6413,-0.0885,-0.2508,-0.1308,0.0876,0.2207,-0.3003,0.3604,-0.8095,0.6786,-0.0488,0.3453,2.0222,4.5138,0.6309,-1.5666,-0.3405,-0.4007,-0.9329,3.427,0.4012
632,5692,108,6,cycling,-0.0464,0.4308,-0.0619,-0.1063,-0.085,-0.1143,-0.0092,1.1379,-0.0584,-0.0182,-0.5949,-0.0721,0.2077,1.3314,0.2961,0.259,-0.3558,-0.2698,-0.2375,-0.0328,-0.0937,0.2789,-0.0806,0.3497,-0.025,-0.1008,-0.0009,-0.1109,-0.0504,-0.1017,-0.0865,0.3896,-0.3686,0.4566,-0.1192,0.4767,-0.4055,-1.4495,-0.4868,-0.566,3.5785,-0.6972,-0.468,0.0852,-1.737,-0.4677,0.3409,0.5422,-0.1126,-1.8874,0.3458,0.0449,0.5327,-0.3608,0.3505,0.3641,-0.2167,0.8799,2.3998,-0.7894,-0.8324,-0.3703,0.5752,-1.727,4.1509,-1.4002,-0.8117,-0.3444,-0.0453,2.0443,7.4507,1.9773
633,5693,108,6,cycling,-0.0115,0.2893,-0.0562,0.0775,-0.0874,0.091,0.0046,1.1898,-0.0696,0.1417,-0.5942,-0.048,0.2464,1.3547,0.1619,0.3057,-0.2056,-0.2265,0.3461,0.3689,0.237,-0.0505,0.4467,-0.4566,-0.2981,-0.2685,-0.4049,-0.5084,-0.3795,0.3988,-0.0225,0.037,0.0009,-0.1197,0.1122,0.1012,-0.5891,-1.3852,-0.2208,0.3013,-1.5568,-0.9426,0.0002,-0.1307,-1.4851,-0.1027,-0.1502,0.3005,-0.1102,-1.6976,0.2169,2.9979,0.6073,-0.0451,-0.3708,-0.2303,0.0803,-0.3458,3.7877,4.6315,-0.4165,-0.1003,0.3209,1.0172,0.8213,0.6604,7.9607,-0.3505,0.3405,-0.9737,0.7407,-1.9023
634,5694,108,6,cycling,-0.0108,0.8695,0.0015,0.0513,-0.0328,-0.0617,0.0789,1.4518,-0.111,0.1204,-0.7542,-0.1652,0.1426,1.3072,-0.2396,0.0953,0.2447,-0.3664,0.2546,0.3327,-0.3581,0.3941,-0.4486,0.4868,0.0211,-0.2956,0.0803,-0.0503,-0.3898,0.4085,-0.1122,0.1193,-0.1505,-0.1003,0.101,-0.1108,0.3776,-0.7978,-0.0006,0.0409,-0.6569,0.4957,0.0249,-0.0083,-1.5566,-0.02,0.0154,0.0873,0.0493,-1.5895,0.001,-0.6782,0.079,0.0188,0.0332,0.0973,0.0002,0.0384,0.5971,0.7062,0.8094,-0.1304,0.7791,2.7139,3.8656,-0.719,-2.3232,-0.3017,0.0189,-0.8426,4.7499,0.4272
635,5695,108,6,cycling,-0.0426,0.5289,-0.0786,-0.0897,-0.1272,0.0568,0.0196,1.2558,-0.0399,0.0953,-0.5715,-0.0077,0.1742,1.1874,-0.229,0.0637,-0.2056,0.3082,0.2744,0.2455,-0.3393,-0.3684,0.5085,-0.2852,-0.3875,-0.0506,-0.0005,0.0215,-0.2983,-0.357,0.0456,-0.1012,-0.1126,0.0809,0.01,0.0495,0.4095,-0.6061,0.4863,0.5969,2.6791,-0.4543,0.1193,-0.0406,-1.6492,0.1003,-0.0247,0.2258,0.6589,-1.5466,0.7941,-0.3458,0.1309,-0.3502,-0.738,-0.2166,0.3603,-0.7871,0.6213,-0.8898,0.3171,-0.1506,-0.2209,3.0457,-0.7628,-0.0603,4.0662,0.5013,0.4677,2.8716,-1.839,0.5384
636,5696,108,6,cycling,-0.0813,0.6511,-0.0084,0.0589,-0.0427,0.0719,-0.0942,1.0163,-0.0344,-0.0007,-0.4918,-0.0695,-0.2283,1.359,-0.1598,0.2396,0.1768,0.2572,-0.3077,-0.2964,-0.3326,-0.3475,-0.4862,-0.4085,-0.4794,-0.2843,-0.025,-0.3874,-0.6788,0.5986,-0.1018,0.1198,0.1306,-0.0803,-0.1122,-0.001,-0.4573,-1.6061,0.5582,-0.697,-0.7899,-0.0506,0.0093,0.0002,-1.5897,0.0179,-0.0249,-0.0485,-0.1103,-1.6353,0.1005,-0.0608,-0.0166,-0.1506,-0.568,0.3605,0.3457,-0.3403,2.7618,4.3994,0.4994,0.301,-0.3708,3.871,-0.2606,1.6146,-1.7387,0.4999,-0.4293,-0.8391,-0.9666,0.9458
637,5697,108,6,cycling,-0.0065,0.4369,-0.0189,-0.0542,-0.0325,-0.1295,0.0613,0.4962,-0.0467,-0.0766,-0.2279,-0.0878,-0.1793,1.2372,-0.2763,0.207,-0.0944,-0.1934,-0.3675,0.2824,-0.2659,-0.3764,0.336,-0.0509,0.022,-0.1308,0.101,-0.1008,-0.0005,0.0458,0.0168,0.1109,0.0266,-0.0043,-0.0173,0.001,0.3896,-0.4794,0.4577,-0.4084,2.9857,0.5882,-0.0209,-0.1505,-1.468,-0.01,-0.0809,0.1197,-0.6987,-1.6502,0.2609,0.5625,0.1124,0.2207,-0.5583,0.0603,-0.3406,0.0488,-0.4677,0.3806,0.3453,-0.0786,0.2803,3.8273,4.7417,0.9099,2.9558,0.7636,-0.3758,2.5143,7.3177,-1.0708
638,5698,108,6,cycling,0.0117,-0.6161,0.047,0.0064,0.0006,0.0773,0.032,1.4426,-0.089,0.0618,-0.4966,-0.0986,0.0594,1.4028,0.2543,-0.1652,0.2956,0.2283,-0.2484,-0.2342,0.3346,0.3672,-0.2781,0.4863,0.3088,-0.3499,0.385,-0.4792,-0.5565,0.3597,0.0215,-0.0807,0.1122,0.0506,0.0387,0.0157,0.1019,-0.3953,0.1197,0.0708,-1.5968,-0.0608,-0.0002,0.0001,-1.7867,0.0054,0.006,-0.001,0.0274,-1.7369,0.0158,-0.7593,-0.0286,0.0091,0.0161,0.0417,-0.0085,0.036,0.7769,0.5491,-0.1103,0.2209,0.1006,-0.8098,2.5288,0.3457,3.4254,-0.3011,0.0596,0.9762,4.7017,-1.6397
639,5699,108,6,cycling,-0.0929,0.7233,-0.1185,0.1323,0.0596,0.0172,-0.036,1.0465,-0.0697,0.0886,-0.58,-0.1418,0.1669,1.2857,0.1535,0.2619,0.025,0.2075,0.3625,-0.0788,-0.3064,-0.2427,0.447,-0.3946,-0.4793,-0.3883,0.3389,-0.4856,-0.6881,-0.4082,-0.0504,0.3767,0.119,0.1018,-0.0009,0.1008,-0.1124,-0.669,0.0708,0.1104,0.4955,-0.2807,-0.2209,-0.1505,-1.7963,-0.3012,0.2507,-0.1308,-0.3006,-1.658,-0.2167,-0.5954,-0.0803,0.1491,0.3808,-0.2303,-0.2251,0.3642,2.7884,3.7613,0.7794,-0.0002,-0.3405,-1.9558,5.7411,0.3504,4.0662,0.875,-0.4017,1.9598,7.8657,-0.3706
640,5700,108,6,cycling,0.0794,-0.7384,0.0106,0.1413,0.0568,-0.1604,0.1208,1.0949,-0.0009,-0.1155,-0.6498,-0.1518,-0.2382,0.2786,0.2695,-0.1766,-0.2819,0.4463,-0.3499,0.3975,-0.3885,-0.0329,0.4884,-0.4042,-0.307,-0.4547,0.3381,-0.355,-0.3683,-0.5873,0.0212,0.0503,0.1015,0.1127,-0.1104,-0.0803,-0.1307,-1.6746,-0.2309,-0.2253,2.5428,-0.8843,0.1197,-0.1503,-1.7762,0.3017,0.2503,-0.7872,-0.538,-1.6097,0.5961,0.8966,0.6971,0.0684,0.56,0.2166,-0.3643,-0.7613,3.6596,-1.8744,-0.3459,-0.1003,0.3755,0.9079,-0.7974,-0.3603,4.799,-0.3997,-0.2202,5.5665,-0.5182,0.9773
641,5701,108,6,cycling,-0.0066,0.6905,0.0718,-0.1209,0.1589,-0.1343,0.0825,0.3598,-0.0411,0.035,-0.1672,-0.0694,1.2221,1.1478,0.1917,-0.2326,-0.3046,-0.2455,0.3385,-0.3683,0.2884,0.2975,0.4787,0.3864,-0.023,0.0485,0.1015,-0.4537,-0.3499,-0.4041,-0.1109,0.1009,-0.1191,0.001,-0.0458,0.0409,-0.3961,-1.4967,-0.1122,0.0504,-0.609,0.4854,-0.01,0.0009,-1.5879,0.0205,-0.0239,-0.0804,-0.0796,-1.7763,0.1502,2.5781,-0.1305,0.2258,0.8059,-0.2208,-0.3452,-0.6873,3.866,4.747,0.8893,-0.2241,-0.2802,-0.8224,5.6518,1.9513,7.9739,0.2303,0.2505,0.8122,8.4143,1.1792
642,5702,108,6,cycling,-0.0033,0.7289,0.0917,0.0322,-0.0581,0.0195,-0.1096,0.8333,-0.0693,-0.0723,-0.3569,-0.0886,0.2066,1.1541,0.1654,0.0467,-0.1847,0.3074,0.2555,0.2956,0.407,0.0214,0.268,0.2749,0.286,-0.1005,0.0504,-0.365,-0.1503,0.3862,0.1104,0.1129,-0.0807,-0.001,-0.0009,0.0202,-0.4861,-1.4485,-0.1011,0.4577,-1.5898,0.6884,-0.1305,-0.01,-1.6364,-0.1194,-0.0259,0.019,0.0852,-1.6588,-0.0485,-0.5313,-0.0002,0.1483,-0.3453,-0.2257,0.3409,-0.3012,0.8959,2.9153,-0.2169,0.1007,-0.0708,3.8952,4.8799,-0.7982,-0.7573,-0.2502,0.2207,-1.974,9.4368,-1.9444
643,5703,108,6,cycling,-0.1063,0.2949,-0.0946,-0.0182,-0.1155,0.1257,-0.0059,0.4494,-0.0585,-0.0465,-0.1398,-0.0737,1.2078,1.1652,-0.1796,-0.0692,0.1854,-0.0842,0.023,-0.035,0.0455,-0.2441,-0.2548,0.2633,-0.2762,0.2895,-0.4064,0.357,0.388,-0.5868,-0.0008,0.0807,0.0506,-0.0084,-0.0249,0.0036,-0.1104,-0.8876,0.1308,0.1191,2.4774,-0.7593,-0.1129,-0.2209,-1.6091,-0.1011,-0.2166,0.0408,0.1009,-1.5695,0.0388,-0.9956,0.0587,-0.0451,0.1505,0.0476,0.0769,-0.2252,-0.669,-0.7143,0.8973,-0.0286,-0.3997,4.5187,3.7931,-0.6791,-2.7781,0.0387,-0.3405,1.5707,7.4363,0.6014
644,5704,108,6,cycling,-0.0108,0.5491,-0.0042,0.0633,-0.0518,-0.0715,0.0212,1.4549,-0.0417,-0.0914,-0.5883,-0.1343,0.038,1.3872,-0.2268,0.0008,0.0508,-0.0807,0.2396,0.1197,-0.2463,-0.1106,-0.2684,0.3469,-0.3078,0.1121,0.377,-0.2981,0.3936,-0.3567,0.1012,0.1002,-0.02,0.0947,-0.0586,0.0892,0.1306,-0.465,0.1007,0.0589,0.6085,0.5965,0.0164,0.0001,-1.5799,0.0257,0.0077,-0.0954,0.2169,-1.5562,0.0566,2.7574,0.0408,0.1507,0.2808,-0.2608,-0.3608,-0.3646,3.7961,4.8376,-0.4013,0.0232,0.2243,0.889,0.3013,-0.9895,-0.9329,0.9726,-0.2304,0.9437,1.9446,1.5752
645,5705,108,6,cycling,0.0729,-0.5276,0.037,0.0175,0.0414,0.065,-0.0084,1.2856,-0.0549,-0.0873,-0.6891,-0.094,-0.2082,1.1769,0.1658,0.1894,0.1921,0.2466,0.2389,-0.2271,-0.0008,-0.025,-0.101,0.1303,0.2762,-0.2681,-0.3347,0.4567,-0.3543,-0.4885,-0.0806,0.1193,-0.1106,0.1009,0.1127,-0.0406,0.4463,-1.5598,-0.1507,-0.0455,2.8896,0.6572,-0.01,-0.0546,-1.5795,-0.001,-0.0779,0.0504,-0.3013,-1.6477,0.2165,-0.6074,0.5499,0.1383,0.3609,-0.2207,0.3409,0.0658,3.5341,-0.8093,-0.2602,-0.0458,0.3003,0.8717,-0.7867,-0.4006,-1.7447,-0.1292,-0.2244,4.0608,-0.4014,1.8633
646,5706,108,6,cycling,-0.1344,0.5164,-0.0196,0.0817,-0.1418,-0.0797,0.0593,1.2706,-0.0463,-0.0042,-0.5867,-0.0959,-0.2495,1.4084,0.1519,0.0328,0.3326,-0.2372,0.3725,-0.2981,-0.3092,0.0007,-0.3631,-0.3543,-0.389,0.1105,-0.1002,0.4547,0.607,-0.6461,-0.0506,0.3955,-0.0217,0.0276,0.0247,0.1014,0.4869,-1.7953,-0.468,-0.2252,-0.7791,0.8976,0.1121,0.1193,-1.6562,0.1509,0.0874,-0.4975,-0.5786,-1.6698,0.6899,0.8521,-0.2164,-0.5414,0.837,0.3006,-0.7815,0.3403,2.7317,3.8863,-0.4013,0.3017,0.3457,-0.6193,0.3805,0.3606,4.9123,-0.0332,0.3751,-0.9423,0.0603,-1.4303
647,5707,108,6,cycling,-0.1467,0.839,0.0328,0.0632,0.0069,0.1344,0.0962,0.9071,-0.0417,0.1088,-0.4049,-0.0584,0.256,1.347,-0.2235,-0.0885,-0.1859,-0.3092,-0.3326,0.2482,-0.0174,0.0008,0.1507,-0.0219,0.2973,-0.0505,0.2764,0.4797,0.468,-0.5568,-0.1014,-0.3698,-0.3976,-0.1129,0.0593,-0.0803,0.3796,-1.509,-0.0387,0.1309,0.6675,-0.5863,0.0543,0.0789,-1.5625,0.0194,0.0054,0.0179,0.0886,-1.6583,0.1009,2.3019,0.0249,-0.1102,-0.0195,0.1194,-0.1399,-0.3609,3.7791,4.9444,-0.3004,-0.0987,0.2203,-0.3123,0.2308,-0.3704,0.7881,0.2251,0.2805,-0.4015,0.3991,0.3503
648,5708,108,6,cycling,0.0437,-0.7161,0.0763,-0.0942,-0.1418,-0.1169,0.0092,1.1294,-0.0574,-0.0645,-0.658,-0.0847,-0.2698,0.2053,-0.1746,-0.2385,0.2825,-0.0168,0.2235,0.3066,-0.4041,-0.2957,0.5096,0.246,0.3655,0.2764,-0.1198,0.3376,0.5988,-0.347,0.0506,0.0006,0.032,-0.028,0.0205,-0.01,-0.0804,-0.4944,0.1015,-0.0973,-0.8971,0.4375,0.0195,-0.0203,-1.679,-0.1004,0.0201,0.1109,-0.1509,-1.5884,0.0077,0.1307,-0.1111,0.0455,0.1129,0.2205,-0.2506,0.2243,0.8701,0.3709,-0.3015,0.001,0.2607,2.8324,3.8216,0.9991,1.5276,0.1379,0.2165,0.9727,4.9666,1.9375
649,5709,108,6,cycling,0.0135,-0.7098,0.0417,0.0891,-0.0059,0.1082,0.0561,1.3936,-0.1142,0.0326,-0.6943,-0.0631,-0.1549,1.2381,-0.2485,-0.0796,-0.0225,0.3099,0.332,-0.286,0.0973,0.2275,-0.2953,-0.4489,0.3474,-0.1005,0.2748,-0.1108,-0.3794,0.4746,-0.0205,0.0506,-0.0009,-0.01,-0.0202,0.0245,-0.0406,-0.6462,-0.0271,0.1013,-1.5783,0.5058,-0.1308,-0.0954,-1.6851,0.1503,-0.1352,-0.559,0.6679,-1.6588,-0.2208,2.7893,-0.0455,-0.2609,0.6715,-0.3646,-0.8086,-0.9527,3.726,4.7615,-0.8746,-0.1191,0.4296,-1.7797,0.0999,0.4006,-2.8416,0.5191,0.0663,-1.6011,0.3017,-2.1586
650,5710,108,6,cycling,-0.1488,0.7384,-0.0108,-0.0464,-0.1182,-0.069,-0.0793,1.4077,-0.035,-0.0089,-0.4769,-0.1395,-0.0561,1.2684,0.0985,0.207,-0.2381,-0.3622,-0.1943,-0.3046,-0.2586,-0.4568,-0.3796,0.3558,-0.0508,-0.3876,0.2783,0.5566,-0.6097,-0.6562,0.1504,-0.028,0.0008,0.0806,0.1015,0.1103,-0.3959,-1.5625,-0.1198,-0.1309,2.5799,-0.9875,-0.0067,-0.001,-1.4954,-0.02,-0.0259,0.027,0.0488,-1.5979,0.0394,-0.735,-0.0408,-0.0763,0.0473,0.0286,0.0708,-0.1002,0.7872,-0.7475,-0.3019,0.01,0.2209,-0.3991,3.4013,-0.3406,4.9666,-0.2257,-0.3503,5.0191,7.9499,-0.3155
651,5711,108,6,cycling,-0.1088,0.6962,-0.0775,0.0059,-0.0174,-0.0515,-0.0468,1.3397,-0.0617,-0.0928,-0.4434,-0.0506,-0.1847,1.2781,0.2972,-0.204,0.0889,-0.2278,-0.2543,-0.2385,-0.266,0.3682,-0.0364,-0.507,-0.3846,-0.3796,-0.3091,-0.669,-0.9948,-0.7783,0.1309,0.028,0.0809,-0.1012,-0.0004,-0.1122,-0.56,-1.4967,0.1191,0.2807,-0.7973,0.5894,-0.2208,0.1509,-1.5364,-0.1002,0.2169,0.0488,-0.3707,-1.6595,-0.3406,-0.5466,-0.5792,-0.1105,-0.5576,-0.3643,0.2603,-0.3003,2.8716,4.8475,-0.4002,0.2303,0.2251,-0.8255,3.7132,0.865,5.936,0.3011,0.4994,-1.0456,7.6556,0.9818
652,5712,108,6,cycling,0.0613,-0.7604,-0.0785,-0.0917,-0.1143,0.0014,0.0516,1.2372,-0.0842,-0.0462,-0.5941,-0.0196,-0.2681,1.3797,-0.2866,-0.2265,0.2449,0.3536,-0.0345,0.259,-0.3083,0.023,0.0509,0.1306,0.34,-0.1002,0.3875,0.4088,-0.4892,-0.688,-0.0003,0.3955,0.0809,0.1104,-0.02,0.1192,-0.4479,-0.5799,0.2162,0.3453,0.4611,0.5089,0.1014,0.1127,-1.536,0.1502,-0.1027,0.2207,0.565,-1.5886,0.3006,2.7891,-0.7464,0.3606,-0.8467,0.2302,0.6961,0.4013,3.947,4.8766,-0.7634,0.2257,0.3708,-0.736,0.9518,0.7797,1.7805,0.3402,0.2505,-1.8214,1.527,-1.9449
653,5713,108,6,cycling,-0.0517,0.5289,0.0186,0.1207,-0.0461,0.0615,0.1462,1.0063,-0.0972,-0.0869,-0.6074,-0.0375,-0.2094,1.2757,-0.1649,-0.2656,-0.2318,0.2425,0.1943,0.3347,-0.3084,-0.2885,0.354,0.3967,0.369,-0.0009,0.2988,0.5081,0.587,0.3748,0.0216,-0.3492,-0.1502,0.0506,-0.0803,0.0262,0.5946,-1.7965,-0.4477,-0.5464,2.768,0.8917,-0.0222,-0.0456,-1.716,-0.1103,-0.0454,0.2253,-0.5552,-1.6695,0.5344,-0.7311,-0.6882,0.7897,0.3019,0.1127,-0.3646,0.4011,-0.9071,-0.1015,0.1009,-0.1194,-0.2208,-0.9699,3.8716,0.8319,5.9895,-0.3255,0.2803,4.1285,8.5276,0.6143
654,5714,108,6,cycling,-0.0023,0.3685,-0.0112,-0.059,-0.0918,-0.1184,-0.0791,-0.1096,0.0416,-0.0698,0.1345,0.0217,-0.0825,1.3056,0.1541,-0.0344,-0.0003,0.1107,0.1307,0.1009,-0.2675,0.2427,0.2989,-0.2846,-0.3392,-0.0807,0.1018,0.356,-0.1508,-0.5086,-0.0508,0.4064,-0.0332,0.1122,0.01,0.0373,0.4874,-1.4957,0.3954,0.6972,-0.5593,-0.6843,-0.0871,0.0982,-1.638,0.0773,-0.1193,0.5851,-0.6688,-1.6797,-0.7883,0.657,-0.7962,0.7618,-0.5961,-0.2259,0.2809,0.7795,2.0759,3.9994,-0.4679,-0.3606,0.4299,4.5143,5.4019,0.0456,2.871,0.3404,0.0663,-1.7408,7.0387,-0.3508
655,5715,108,6,cycling,-0.0105,0.3784,-0.0045,0.036,0.0005,-0.0849,0.1257,1.1386,-0.0475,0.0773,-0.5969,-0.0942,-0.1832,1.3072,-0.2319,0.1782,0.0631,-0.2968,0.1012,-0.2099,-0.2295,0.2694,0.2552,-0.2474,0.0215,-0.1198,0.0503,0.0803,-0.1006,0.3346,-0.009,0.0566,0.0548,0.001,-0.01,0.0065,0.0259,-0.7739,-0.1302,0.2162,-0.4743,0.5083,0.0205,-0.1106,-1.6488,0.1024,-0.1127,0.0387,0.567,-1.6502,-0.3011,0.8567,-0.2607,0.3451,-0.7655,0.638,0.4015,0.5898,2.7861,-0.5013,0.4003,-0.0941,0.1506,3.7971,4.4995,-0.3502,1.926,-0.3609,0.3208,-0.9745,5.4143,0.8912
656,5716,108,6,cycling,-0.0142,0.9077,-0.0317,-0.068,-0.0915,-0.0586,0.0072,1.2988,-0.1243,0.139,-0.6691,-0.0464,0.1423,1.1875,-0.0897,-0.0217,-0.1012,0.1941,0.2659,0.2062,-0.2857,-0.2296,0.1309,-0.2567,0.1129,-0.1109,0.3392,0.0503,-0.1194,0.3784,-0.0006,-0.1505,0.1006,-0.0803,0.0953,-0.0286,0.4465,-1.5589,-0.4095,-0.2306,0.7746,-0.4983,-0.0002,-0.0207,-1.5847,0.0179,-0.0222,-0.0094,-0.2209,-1.6963,-0.1393,-0.9852,-0.3004,0.3408,-0.3508,0.2252,-0.3015,-0.7087,2.682,3.6085,-0.9985,-0.0973,0.0658,1.7624,4.7818,0.5187,-0.7143,-0.3705,-0.4012,-0.4672,5.8273,-0.826
657,5717,108,6,cycling,-0.1282,0.6519,0.0327,-0.0515,-0.1042,-0.069,0.1436,1.2659,-0.0974,-0.1389,-0.57,-0.0785,-0.2364,1.2078,-0.3094,0.0475,0.2953,-0.3497,-0.0195,-0.2558,-0.2468,-0.2261,0.0848,-0.4498,-0.286,-0.3876,-0.4933,-0.5063,-0.4072,-0.3556,-0.0603,-0.0504,0.0009,-0.1005,-0.1122,-0.0409,0.0211,-1.6743,-0.0803,-0.1505,2.4783,0.6696,0.1195,0.1014,-1.5464,-0.2251,0.1102,0.1302,-0.5584,-1.5757,0.7071,4.888,-0.9988,-0.6979,0.8191,0.2202,0.771,0.3457,5.8737,3.4648,-0.4012,-0.0873,-0.2164,-0.93,-1.2308,-0.8657,-2.9666,-0.0262,-0.3407,1.9762,-1.4272,-0.5109
658,5718,108,6,cycling,-0.0563,0.3277,-0.0699,0.0089,-0.1249,0.0375,0.0461,1.0165,-0.0769,0.0507,-0.5817,-0.089,0.2078,1.2742,-0.0928,-0.2364,-0.2694,0.2283,-0.1941,-0.0219,-0.3496,-0.3053,-0.2447,-0.1017,0.374,-0.3687,0.355,0.4645,0.3344,-0.6856,-0.119,0.3867,0.2167,0.0005,-0.0262,0.1302,-0.4855,-0.7797,0.3985,-0.1005,-1.6088,0.7466,-0.027,0.0363,-1.5954,-0.0186,-0.0456,0.0809,-0.2257,-1.6573,-0.1126,2.5276,0.3459,0.0603,-0.8072,0.3507,0.7079,0.956,3.9876,4.8464,-0.4993,0.0162,0.1102,-1.8482,5.3998,0.4292,-2.8213,-0.5143,0.2607,-1.9375,8.0388,-2.0842
659,5719,108,6,cycling,-0.0581,0.3691,-0.0106,-0.1085,-0.0986,0.1361,0.0464,1.0878,-0.0089,0.0217,-0.6875,-0.037,0.079,1.1538,-0.1658,-0.2374,0.3326,-0.3046,0.2862,-0.2773,-0.3795,-0.3587,0.2548,-0.4029,0.4488,-0.0503,0.3949,0.1507,-0.4567,0.342,-0.1104,0.1013,0.1003,-0.0803,-0.0003,0.1121,0.5056,-1.7793,-0.0286,0.1194,2.5972,-0.6966,0.027,-0.001,-1.531,-0.0273,0.0163,0.0584,-0.0608,-1.6598,-0.0708,0.5799,-0.0002,0.0451,-0.2206,0.1307,0.2603,0.2163,-0.719,-0.798,0.2253,0.0332,-0.0183,-0.3452,3.8217,0.3408,5.5489,-0.2303,0.0171,1.4369,4.9777,-0.9767
660,5720,108,6,cycling,0.0862,-0.6902,0.0078,0.1142,0.059,0.0475,0.0191,1.2885,-0.077,-0.0699,-0.656,-0.0917,-0.1853,1.2556,0.2261,0.1659,0.2493,-0.3558,-0.2398,-0.4095,-0.2986,-0.3697,-0.3784,-0.4483,0.4926,-0.0364,0.0504,-0.5043,-0.4638,-0.3096,-0.1191,0.3433,0.0807,0.1012,-0.001,-0.1108,-0.5572,-0.8048,0.3954,0.4574,2.6741,0.4768,0.0008,-0.1129,-1.7977,-0.1308,0.0988,0.2164,-0.0458,-1.6663,0.0987,-0.4249,-0.1003,-0.2608,0.0658,0.1508,0.2252,-0.3453,3.9444,-2.0973,0.3509,0.0582,0.3643,5.7169,4.3254,0.3608,2.8971,0.5109,0.4297,1.9218,4.0662,1.1285
661,5721,108,6,cycling,,,,,,,,,,,,,,,,,,,,,,,,,,,,,,,,,,,,,,,,,,,,,,,,,,,,,,,,,,,,,,,,,,,,,,,,
662,5722,108,6,cycling,0.0037,-0.2972,0.0108,0.0323,-0.0594,-0.0696,0.0917,1.4569,-0.0788,0.0433,-0.5714,-0.0806,-0.209,1.1651,0.2461,-0.0212,-0.2763,0.1936,-0.2638,-0.3074,0.4434,0.3586,-0.406,-0.2593,0.3958,0.2885,0.1308,-0.5581,-0.7965,0.5066,-0.0508,-0.0458,-0.0247,0.0077,-0.101,0.0009,-0.1507,-1.677,0.1104,0.1199,2.4852,0.5475,-0.1003,0.0286,-1.4973,-0.0002,0.0468,0.02,-0.0387,-1.5976,0.0394,0.538,0.0001,-0.1283,-0.2502,0.001,0.2206,0.1129,-0.0277,-0.3009,0.3402,0.01,0.2243,-0.8475,3.7816,-0.9799,4.7457,0.0764,0.1007,5.8744,7.3994,-1.719
663,5723,108,6,cycling,-0.0943,0.9079,0.1152,-0.1808,0.0185,-0.0084,-0.0699,1.0546,-0.0415,0.038,-0.5895,-0.1766,0.2619,1.2969,-0.1654,-0.306,0.2272,0.3393,0.4468,0.2557,0.2773,0.3876,-0.2481,0.2898,0.3965,0.4036,0.5942,0.5582,-0.8849,0.3783,-0.026,0.1305,-0.1006,0.0804,-0.0454,0.1129,0.4877,-1.7841,0.1191,0.0505,2.4794,-0.7567,0.001,-0.0951,-1.5064,-0.2203,0.1108,-0.0009,-0.101,-1.6558,-0.709,0.8717,-0.6319,0.2509,0.7974,-0.3604,0.3458,0.2608,3.3997,0.968,-0.8941,0.1503,0.3644,5.0571,4.8616,0.3017,-0.9716,0.2163,0.3809,2.1491,9.6397,1.9213
664,5724,108,6,cycling,0.1255,-0.4369,-0.0581,-0.0401,-0.0375,-0.0786,0.0941,1.3617,-0.1672,-0.0843,-0.4427,-0.0637,0.1857,1.1577,-0.1921,0.2696,-0.2053,0.3489,0.2949,0.2548,-0.0085,0.2279,-0.0213,0.2854,-0.3091,-0.0508,-0.3547,0.407,-0.5088,0.666,-0.1005,0.1197,0.1507,0.1015,-0.0803,-0.1103,0.589,-1.6569,0.3962,0.4598,-0.6784,-0.6897,-0.0007,0.1027,-1.6364,-0.1129,0.1024,0.2163,0.3607,-1.6143,0.2302,0.5982,-0.3002,-0.7871,-0.7699,-0.2257,-0.741,0.8087,2.8122,4.9567,0.0453,-0.2205,-0.2242,3.8952,5.8273,-0.5138,-0.7393,0.3456,0.0759,-0.7299,8.4254,-1.93
665,5725,108,6,cycling,-0.0963,0.7407,-0.0175,-0.059,-0.0049,-0.0796,0.0414,0.4577,-0.0317,0.0618,-0.1256,-0.1369,0.3093,1.2382,-0.0885,0.2055,-0.2692,0.1943,-0.2827,-0.347,0.4064,-0.4424,0.2962,-0.355,0.3694,0.1198,0.0809,0.3983,0.4831,0.4737,-0.1508,-0.388,-0.0211,0.1105,0.0205,-0.0508,-0.1005,-0.8876,-0.1015,0.0009,-0.7841,-0.5797,-0.1122,0.1389,-1.5865,0.0959,0.2209,0.6051,0.1306,-1.6672,-0.5399,2.7344,-0.3013,0.747,-0.6786,0.2608,0.7984,0.8768,4.3157,5.0584,0.2252,-0.001,0.3607,3.9891,1.9676,-0.0453,-2.0662,-0.2508,0.0111,-1.9511,7.8333,-0.8153
666,5726,108,6,cycling,-0.0917,0.8695,0.0115,0.0894,0.0475,0.0797,-0.0082,1.1885,-0.0543,0.065,-0.607,-0.0345,-0.2402,1.3983,0.1672,-0.2542,-0.2896,0.3489,-0.2746,0.3064,0.2362,-0.2953,-0.4099,-0.3876,0.3393,0.3558,0.3679,0.3784,0.5598,0.4787,0.0286,-0.1308,0.0186,-0.0008,0.0271,-0.0259,0.0503,-1.6974,0.0063,0.0803,0.6691,0.1012,-0.0981,-0.0222,-1.4952,-0.0206,0.1104,-0.1126,0.0332,-1.5954,0.0455,0.5768,0.0288,0.1197,-0.2166,-0.1507,0.1006,-0.3005,2.8092,3.7871,0.6573,0.0266,-0.2605,-0.8867,5.719,-0.5491,4.9577,0.3453,0.2203,0.3255,7.6602,-1.902
667,5727,108,6,cycling,0.0513,-0.7282,0.0881,0.069,0.1286,0.0329,0.0172,1.2038,-0.0092,0.0225,-0.6636,-0.0417,0.0983,0.3799,0.1523,-0.0718,-0.2695,-0.1943,0.3962,-0.3094,0.4064,0.3542,-0.4941,-0.506,0.3384,-0.0803,0.2856,0.1199,-0.3428,0.1013,0.0509,0.0488,-0.0476,0.0006,0.001,-0.0568,0.5761,-1.4574,0.1129,0.1303,-1.6793,-0.7847,0.0209,0.0001,-1.4859,0.0206,-0.1103,0.0332,0.3011,-1.6569,0.2808,2.7971,-0.5882,-0.558,-0.737,0.3405,-0.3606,-0.6311,3.8569,4.9891,-0.3997,0.1506,0.4013,0.8998,5.5132,0.8988,1.7675,0.0409,0.3009,-1.7733,7.7369,0.8489
668,5728,108,6,cycling,0.1186,-0.7082,-0.0063,0.0873,0.0594,-0.0788,0.0464,1.2772,-0.0195,-0.1409,-0.4434,-0.1343,-0.159,1.3869,0.1703,-0.3385,-0.0225,-0.2959,0.354,-0.3958,-0.2342,-0.4546,-0.2481,0.4762,-0.0697,0.266,-0.3077,-0.4968,0.3698,-0.0509,0.1012,0.3778,0.1005,0.1509,0.0804,-0.1302,0.6655,-0.9956,-0.1102,-0.0009,2.6784,0.485,0.0002,0.1127,-1.5375,0.0262,0.0222,0.0394,-0.1198,-1.6571,0.2164,0.57,0.2506,-0.2241,-0.2307,0.3006,0.3014,0.3706,-1.5165,-0.809,0.8979,-0.0332,-0.2808,4.9628,3.6108,0.4272,-0.714,-0.4011,0.2202,5.3137,7.6998,-1.799
669,5729,108,6,cycling,-0.0038,0.9076,0.0625,-0.1182,-0.1257,-0.059,0.0194,1.1478,-0.0344,0.1089,-0.6785,-0.0946,0.2697,1.1758,-0.0869,0.0461,-0.2075,0.3787,0.026,0.3063,-0.2364,0.2748,0.1015,-0.2895,-0.3976,0.1008,-0.1304,0.3536,0.5542,-0.4792,0.001,0.0807,-0.0007,-0.01,0.02,-0.0248,-0.1122,-1.7083,0.008,-0.0151,0.7786,-0.1106,-0.0201,0.0188,-1.655,0.0073,-0.0156,0.0154,-0.0766,-1.7946,0.0209,-0.9971,0.027,0.0074,0.0277,0.0198,-0.0193,-0.0868,0.2606,0.0451,0.0286,0.0514,-0.0388,0.1199,-0.0506,-0.2253,3.7384,0.0981,-0.0572,2.5249,0.0884,0.8695
670,5730,108,6,cycling,-0.0438,0.4277,-0.0541,0.0195,0.1186,0.0797,-0.0329,1.0817,-0.1209,-0.1094,-0.5943,-0.1665,-0.2461,0.1869,0.2278,0.2372,-0.1953,-0.2783,0.2091,0.0045,0.0634,-0.3544,0.2639,0.3364,-0.256,0.0508,0.021,-0.0455,0.0003,-0.1307,0.1013,-0.1102,-0.1126,0.1009,0.0454,-0.1194,-0.0485,-1.4966,-0.4868,-0.4699,-0.5584,-0.5767,-0.0077,0.1507,-1.8051,-0.2243,-0.2309,-0.5096,-0.5862,-1.5754,0.8952,-0.8893,0.5633,-0.2808,-0.7475,-0.2169,0.3708,-0.3453,2.637,4.6163,0.989,-0.2602,0.3508,3.877,-0.8568,-1.9278,5.7981,-0.4015,-0.4671,-0.764,-0.6143,-0.7406
671,5731,108,6,cycling,0.0108,-0.6715,-0.0585,0.1203,0.0696,0.0089,0.1772,1.2378,-0.1147,-0.096,-0.4434,-0.1657,2.1379,1.3568,-0.1954,0.1869,0.3937,-0.2633,0.0466,-0.2593,0.2786,0.369,0.4577,-0.2484,0.3897,0.0794,0.1012,-0.3042,0.5091,-0.434,0.028,-0.1509,0.0408,-0.0806,-0.0508,0.1009,0.5546,-0.6488,-0.2806,-0.1109,1.7549,0.5983,-0.0192,0.1308,-1.5876,0.0005,-0.119,0.0174,0.2251,-1.5664,0.0656,-0.7025,0.2208,0.2605,0.301,0.2305,-0.2242,0.6513,3.5109,4.9871,-0.0608,-0.1122,0.0873,-0.4017,-0.3606,0.3409,-1.4666,-0.3756,-0.2167,1.9517,-0.8715,-0.6348
672,5732,108,6,cycling,-0.0023,0.1746,0.0953,0.1207,-0.0886,0.0416,0.0182,-0.0549,-0.0325,0.0009,0.0695,-0.0506,0.3315,1.3068,-0.2863,0.2458,-0.1864,-0.3967,-0.3421,-0.444,0.2775,-0.2272,-0.3685,-0.3769,0.266,0.4548,0.2981,0.5088,0.6693,0.388,0.0214,0.1308,-0.1503,-0.1122,-0.1015,-0.0804,-0.5589,0.5947,-0.0192,-0.2308,2.5742,0.877,-0.1004,-0.0203,-0.738,-0.1103,-0.1194,0.2203,-0.2252,-1.0287,0.5499,-0.9878,0.0262,0.3018,-0.7962,-0.3992,-0.7619,-0.3643,0.6604,-0.9723,0.8427,-0.0596,-0.4015,3.7791,4.0174,1.0759,0.7369,0.1701,-0.3505,1.3255,5.8398,-0.946
673,5733,108,6,cycling,-0.1025,0.6567,-0.0045,0.0698,0.0164,0.0873,0.1181,0.2369,-0.0512,0.047,-0.0774,-0.0214,-0.2796,1.3536,-0.2618,-0.3066,-0.1746,-0.2468,0.3744,-0.2884,0.2943,0.229,-0.0962,-0.0323,-0.3958,0.3877,0.0504,0.5593,0.4885,0.504,0.1197,0.1013,0.0009,0.0803,0.1003,-0.0586,-0.4979,0.5941,-0.0195,-0.1105,2.5399,0.546,-0.0286,0.0002,-1.8088,-0.0001,-0.0222,0.027,0.01,-1.5787,-0.0156,-0.3707,0.0061,-0.02,-0.1129,-0.001,0.0409,-0.0751,0.0485,-0.3504,0.3452,-0.0589,0.3604,0.5187,4.7511,-0.3017,3.8344,-0.2162,0.1307,2.7892,5.5457,-0.9777
674,5734,108,6,cycling,-0.0581,0.2985,0.0364,0.0898,0.0195,0.1255,0.0797,0.4547,-0.0086,0.115,-0.1369,-0.0506,-0.2271,1.3937,0.266,0.0944,0.2884,-0.2066,-0.3327,0.357,-0.3661,0.4041,0.0632,-0.2442,-0.2553,0.0467,-0.1108,-0.3083,-0.101,-0.028,0.0196,0.1305,-0.1003,-0.0007,0.0245,0.0194,0.3874,-1.7977,0.5946,0.4399,2.6593,0.7675,0.1192,0.0456,-1.6873,0.0882,0.2206,-0.4948,0.5763,-1.5862,-0.3011,-0.0804,0.8831,0.5426,0.726,0.3646,0.3708,0.903,0.427,-0.3503,0.4648,0.3008,-0.4015,3.8153,4.7233,-0.7898,5.8908,-0.0663,0.0708,2.4249,7.1784,-1.5013
675,5735,108,6,cycling,0.0133,-0.8191,0.0792,0.0469,0.0089,0.0961,0.1203,1.4463,-0.1096,0.1411,-0.6568,-0.1372,-0.068,1.0573,0.1746,0.1662,-0.1864,0.2556,-0.3684,0.2894,0.089,0.2459,0.026,0.2943,-0.0505,-0.0806,-0.1109,0.1124,-0.0007,0.1506,0.1006,0.1194,-0.2208,0.0262,-0.1307,0.0948,-0.394,-1.4538,0.5598,-0.4785,-1.6695,-0.6781,-0.1015,0.001,-1.5077,-0.1027,-0.057,-0.2166,0.2603,-1.5899,-0.5788,0.0473,0.7582,0.0759,-0.7427,0.3454,-0.7879,0.3643,2.8611,5.7613,0.9317,0.2254,-0.3007,-0.9744,3.4504,4.0453,-1.9444,0.8764,-0.4292,-2.9449,7.5143,-0.8273
676,5736,108,6,cycling,-0.0611,0.3586,0.0772,0.0033,-0.1455,0.0174,-0.021,-0.0465,0.0549,0.0962,0.0315,-0.0812,-0.139,1.3983,-0.1842,0.2984,0.2396,-0.2485,0.2768,-0.265,-0.3094,0.2551,0.2856,-0.3869,0.4463,0.3789,0.4843,0.4645,-0.7977,0.7093,-0.1503,0.341,0.1105,-0.0007,-0.0506,0.1003,-0.0804,-0.646,0.2246,-0.4087,-1.5988,-0.7898,0.2209,-0.0286,-1.6699,-0.2259,0.2802,-0.5892,-0.3405,-1.6717,-0.5795,-0.7576,-0.8023,0.3506,0.732,0.1018,-0.3641,0.1191,2.3114,3.5131,-0.5164,0.0485,0.0388,-0.4648,4.826,1.9452,5.9713,0.0453,-0.0455,-0.0608,9.0585,0.9666
677,5737,108,6,cycling,-0.0418,0.9063,0.0111,-0.0594,-0.0069,-0.0985,0.0874,1.3315,-0.1343,-0.0328,-0.4842,-0.1234,-0.227,1.1784,0.0773,0.0008,-0.2523,0.1949,0.2068,0.3041,0.2459,0.2693,-0.2989,0.3675,-0.406,0.3867,0.4764,0.6544,-0.465,0.7788,-0.1005,0.5591,0.1309,0.0215,-0.0507,-0.1502,-0.3953,-1.7871,0.1014,-0.1109,2.9892,-0.5886,0.0582,0.0262,-3.579,0.0803,-0.1195,0.568,0.2507,-2.1127,0.2163,-0.7963,0.9983,0.3997,0.6696,0.3604,-0.2259,0.4676,3.9355,-2.5164,-0.0456,0.0222,-0.01,0.9527,5.7117,-0.0455,4.8343,0.3405,-0.2607,0.9509,8.5387,-2.8719
678,5738,108,6,cycling,-0.0066,0.7289,-0.0188,-0.0933,-0.047,-0.0225,0.0546,0.4877,-0.0322,0.1023,-0.2637,-0.0616,-0.2719,1.209,-0.0796,-0.0009,0.1794,-0.086,-0.0485,-0.1506,0.1121,-0.0509,-0.1012,-0.2447,-0.3069,-0.2852,-0.1193,-0.3957,-0.2943,-0.4095,-0.02,-0.0589,0.1006,-0.01,-0.0002,-0.0803,-0.3011,-1.7582,-0.4493,-0.4974,-0.5042,-0.4598,-0.0586,0.1087,-1.7868,0.2208,0.1109,0.1307,0.6781,-1.568,-0.6471,2.5961,-0.5475,0.5597,-0.731,0.6585,0.4018,0.5863,4.8499,3.5998,-0.3707,-0.0663,0.3004,0.7972,5.3108,0.4997,1.926,-0.1385,0.2258,-1.9574,7.7636,-0.0999
679,5739,108,6,cycling,-0.037,0.7406,-0.061,0.0168,0.0059,-0.0515,0.0983,1.2985,-0.0712,-0.0508,-0.655,-0.0849,0.0417,1.3347,-0.2697,-0.2077,0.1934,0.239,-0.2272,-0.2489,0.388,0.2598,0.4488,0.3661,-0.0809,0.2748,-0.2891,0.4035,-0.028,-0.5837,-0.1194,-0.3219,0.2202,-0.0142,-0.1015,-0.0594,-0.1303,-0.6078,0.1121,0.2605,2.6941,0.5655,0.1002,0.0003,-1.6796,0.0205,0.0002,-0.0266,-0.3007,-1.6682,0.0192,3.5499,-0.7562,0.3508,-0.579,-0.3454,-0.1507,-0.3012,4.7973,5.0373,-0.7617,-0.2308,0.4296,0.9085,2.9517,-0.3993,-1.7413,0.2502,-0.2167,2.6014,7.9326,-0.4252
680,5740,108,6,cycling,-0.0891,0.7369,0.0582,-0.1542,-0.0696,0.045,0.0175,1.2547,-0.0092,0.0723,-0.5868,-0.1398,-0.1766,1.1438,-0.0941,0.1655,0.2785,0.1849,0.2295,0.2694,0.2974,-0.1192,0.0505,-0.3046,0.3948,-0.0344,0.2863,-0.3386,-0.0213,0.3587,0.1004,0.3634,0.1308,0.0409,-0.1015,-0.001,-0.377,-1.6093,0.4399,0.4567,-0.8973,-0.538,-0.1121,-0.0809,-1.6981,0.1508,0.0007,0.5964,0.0662,-1.6584,0.5727,0.5468,-0.8819,0.2802,0.7879,-0.3018,-0.2203,-0.2254,2.7718,0.6014,-0.4002,0.0562,-0.3005,-0.7618,3.9764,1.5408,-1.7387,0.6154,0.3607,-0.8318,5.726,-1.7291
681,5741,108,6,cycling,-0.1043,0.5164,-0.1209,0.0795,0.0072,0.1318,0.0846,0.4942,-0.0364,0.0159,-0.2639,-0.0517,-0.068,1.1661,-0.0415,0.101,0.297,0.2394,0.252,-0.2789,-0.4086,0.3385,0.309,-0.286,-0.3582,0.4436,-0.3463,-0.6937,-0.5583,0.5475,-0.023,0.0504,0.0008,-0.1121,0.1004,-0.1302,-0.4865,-1.5638,0.4767,-0.5768,2.455,-0.9866,0.1104,-0.2164,-1.7499,-0.2307,0.1502,0.301,-0.3453,-1.7877,0.3502,-0.7953,-0.2809,-0.1194,0.0684,-0.2252,0.3408,-0.0804,-0.8881,0.0608,0.3125,0.2209,-0.3648,0.9745,3.9375,0.9777,5.73,0.7619,-0.968,4.8427,7.4293,-1.799
682,5742,108,6,cycling,0.0114,-0.8181,0.0433,0.1364,-0.0773,0.0063,0.0986,1.3618,-0.0594,0.105,-0.5849,-0.0872,0.0696,1.3527,-0.0326,0.2075,0.2419,0.2959,-0.3884,-0.407,-0.4568,0.3085,-0.2825,0.4495,-0.489,0.3769,0.3489,-0.028,0.3943,-0.5547,0.1009,-0.2506,0.0183,0.0504,0.0008,-0.0804,0.1508,-1.8877,-0.1103,0.1194,-1.7846,-0.6061,0.1015,0.0259,-1.5774,0.1122,0.0852,-0.0408,0.54,-1.6697,0.6599,-0.9891,0.6781,-0.2208,-0.794,-0.2163,0.1308,-0.7628,2.7706,-0.8273,0.8711,-0.0388,0.3994,5.6604,4.4997,3.4252,2.9644,-0.0262,0.2308,-0.5165,2.8489,0.6014
683,5743,108,6,cycling,,-0.0708,0.1337,-0.0406,,,,,,,,,,,,,,,,,,,,,,,,,,,,,,,,,,,,,,,,,,,,,,,,,,,,,,,,,,,,,,,,,,,,
684,5744,108,6,cycling,-0.037,0.3575,-0.0064,0.0542,0.0149,-0.091,0.089,1.4514,-0.0778,0.0412,-0.6693,-0.0626,0.1385,1.2763,-0.1654,-0.1855,-0.1917,0.0224,-0.0504,-0.2032,0.2896,0.1308,-0.2547,0.2957,0.1013,-0.1105,0.0803,0.3489,-0.1193,0.3099,-0.0006,0.1506,0.1008,0.02,-0.001,-0.01,0.0209,-1.3872,-0.3946,-0.5943,-0.4879,0.506,0.0002,0.0286,-1.5883,-0.0257,0.0869,0.0458,-0.2309,-1.6562,0.0332,0.9567,-0.1127,0.0409,-0.2251,0.2802,0.3509,0.3015,2.8081,4.7776,0.868,0.2207,-0.6882,3.8884,7.9865,0.9775,1.6143,-0.4369,-0.3993,-1.5695,5.9574,-0.8744
685,5745,108,6,cycling,-0.0825,0.5015,-0.0417,-0.0936,-0.069,-0.0164,0.0584,1.2867,-0.0792,0.0066,-0.4919,-0.1243,-0.1586,1.2691,-0.2485,-0.2272,-0.037,0.1847,0.2381,-0.3556,-0.1197,-0.0007,0.2969,-0.2789,0.0503,-0.023,0.1305,-0.0809,-0.1105,0.0458,-0.1006,0.0456,0.1012,-0.0286,-0.001,-0.0746,-0.4074,-1.4482,-0.3962,-0.2809,-0.5083,-0.6879,-0.1126,-0.2207,-1.6573,-0.3003,-0.2608,-0.536,-0.7555,-1.5988,0.0603,-0.7699,0.8061,-0.5893,0.638,-0.5799,0.7795,-0.0663,2.0449,0.7408,-0.2169,-0.0947,0.2505,3.0453,4.7706,0.5998,0.9896,0.3458,-0.1504,0.7894,5.9153,1.8333
686,5746,108,6,cycling,0.0117,-0.6537,0.0562,0.1423,0.03,0.0885,-0.0986,1.1664,-0.0698,0.1256,-0.4573,-0.0715,0.1869,0.259,0.0499,0.1193,0.3075,0.2068,0.3589,-0.2481,0.2853,-0.2954,-0.388,-0.336,0.2796,-0.365,0.4766,0.4934,-0.4857,0.5944,-0.0217,0.0505,0.1127,0.1106,-0.0008,0.1003,-0.4067,-1.5595,-0.1015,0.0809,2.7071,0.7782,0.0002,0.01,-1.5874,0.1502,0.1027,-0.3608,0.3019,-1.637,-0.0455,3.8861,-0.1309,-0.3703,0.0409,-0.2241,0.2303,0.3647,-0.8344,4.0663,-0.2169,-0.0941,-0.0458,0.7892,-0.8745,-0.9464,-0.7217,0.0962,-0.0387,5.7984,-0.3509,-1.6349
687,5747,108,6,cycling,,,,,,,0.1782,,,,,,,,,,,,,,,,,,,,,,,,,,,,,,,,,,,,,,,,,,,,,,,,,,,,,,,,,,,,,,,,,
688,5748,108,6,cycling,0.0713,-0.7373,-0.061,0.129,-0.0825,0.0149,-0.0972,1.1866,-0.0517,0.0069,-0.4563,-0.1474,0.295,1.1516,-0.1943,0.0499,0.2655,-0.206,0.3491,-0.3962,0.2347,-0.407,0.3785,-0.2402,-0.3583,0.2764,0.3686,-0.3897,-0.568,0.0375,-0.1012,0.4493,0.3387,0.1308,-0.0507,0.1005,0.5741,-1.6561,-0.0804,-0.2207,3.5967,-0.6898,-0.1103,0.1126,-1.7894,-0.2162,-0.1503,0.7781,-0.5854,-1.6503,0.534,-0.7018,-0.7614,0.3408,-0.7918,0.2253,0.2603,0.3647,2.8971,0.5276,-0.3005,0.0009,0.0394,-0.3452,-0.9518,-0.8465,4.732,-0.4298,-0.8897,5.9079,-0.8211,1.9635
689,5749,108,6,cycling,-0.0317,0.7093,-0.0619,0.0085,0.0111,0.0546,0.0436,-0.1207,0.0506,-0.0866,0.0914,0.0388,0.2543,1.269,0.1847,-0.2782,0.0224,0.2378,-0.3944,0.405,0.3861,-0.4898,0.2953,0.3783,0.4572,0.3587,0.2896,0.588,-0.3064,0.3465,0.1003,-0.1507,-0.1127,-0.0009,0.0809,0.1196,0.6986,-1.9973,0.3014,0.2209,0.7542,-0.7792,0.1103,-0.1015,-1.6081,-0.0249,0.0259,0.1305,0.0658,-1.6891,0.0556,2.5988,0.5764,0.2259,0.5518,-0.3458,-0.3608,-0.3509,3.6103,4.5452,-0.4017,-0.027,0.4004,-0.8971,5.5289,-0.7967,-0.7266,-0.2805,0.0488,-0.7415,7.6332,-0.8426
690,5750,108,6,cycling,-0.0719,0.2961,-0.0464,-0.038,0.0698,-0.0986,-0.1236,1.2869,-0.0042,-0.1141,-0.669,-0.137,0.056,1.2783,-0.2459,-0.0162,0.0849,-0.2296,-0.2382,0.2655,-0.0804,0.3575,0.3384,0.4068,-0.2543,-0.0509,0.3078,0.4438,-0.34,0.3748,-0.1302,0.1018,0.022,0.01,-0.0008,-0.1102,0.4792,-1.5856,0.1122,-0.1193,2.4645,-0.5793,-0.1503,-0.2252,-1.6788,-0.2605,-0.1027,0.2205,0.2309,-1.7774,0.2808,4.9599,-0.0708,-0.6579,-0.9413,-0.3605,0.761,-0.7311,3.8912,-0.6011,0.1006,-0.1007,-0.0885,5.8701,0.7212,-0.0455,-2.8191,0.9745,-0.4297,0.6014,0.4249,-1.4252
691,5751,108,6,cycling,-0.1182,0.371,0.037,0.0584,-0.0161,0.1469,0.0096,1.1772,-0.0983,0.0866,-0.5947,-0.048,-0.1857,1.3694,0.2585,0.0719,-0.3526,0.2823,-0.274,0.2942,-0.3874,0.2446,-0.4568,0.0699,0.3088,0.349,0.028,-0.4954,-0.6077,-0.6792,-0.3943,0.1014,0.1127,-0.1197,0.0507,0.1109,-0.5076,-0.6498,-0.4481,-0.0662,2.7573,-0.8633,-0.001,0.0007,-1.7952,0.1509,-0.0249,0.5565,-0.0708,-1.6212,0.5871,0.0656,0.9726,0.0473,-0.8715,-0.0488,0.1308,-0.0803,3.7895,4.7161,0.7177,-0.0266,0.2809,-1.8948,7.3456,0.5165,-0.8965,-0.9328,0.3006,3.5678,8.6397,-1.0182
692,5752,108,6,cycling,-0.1488,0.7384,-0.0195,0.0717,0.105,0.0327,0.0569,1.1298,-0.0618,0.0957,-0.6077,-0.1572,-0.2694,1.2373,-0.0086,0.089,-0.1954,-0.2425,-0.3691,0.2842,-0.0464,-0.3384,-0.3883,0.3097,-0.3466,-0.0009,0.3547,-0.4561,0.4489,0.4946,0.0509,0.028,0.1005,-0.0249,-0.1303,-0.1106,0.594,-0.7874,-0.1503,0.0807,0.5562,-0.1129,-0.0209,-0.1018,-1.6885,-0.001,0.0286,-0.0485,0.0373,-1.6576,0.0455,-0.637,-0.0451,0.0443,0.1195,0.0158,0.0788,0.0696,-0.7918,2.7571,0.2303,-0.02,-0.2605,4.3995,3.4997,1.6715,0.9911,-0.0887,0.3402,0.9301,3.9444,-0.8657
693,5753,108,6,cycling,-0.1061,0.6337,-0.04,-0.1649,-0.0772,-0.1257,0.0181,1.0878,-0.1115,-0.0517,-0.6851,-0.1413,-0.2385,1.2788,0.246,-0.0933,-0.1822,0.2962,-0.0619,0.377,-0.2696,0.035,-0.4425,-0.359,0.3941,0.2895,0.0505,0.0225,0.3686,0.4098,-0.1129,-0.0806,0.1017,-0.01,0.0006,-0.1105,0.1302,-1.4793,0.1003,-0.2302,2.5984,0.6794,0.0257,0.1191,-1.648,-0.0408,0.1503,0.0262,0.6974,-1.5582,0.5465,0.5899,0.7989,-0.6375,-0.7792,-0.3451,0.6673,-0.2162,0.719,-0.8719,-0.4998,0.0495,0.3008,-0.9079,3.4504,0.974,4.7406,0.2608,-0.2203,0.7386,8.5648,-0.7169
694,5754,108,6,cycling,0.0042,-0.6696,-0.0164,-0.059,-0.0962,-0.0788,0.0426,1.1294,-0.065,0.037,-0.5818,-0.0507,0.1652,0.1461,0.1519,0.0885,0.1013,-0.2469,-0.2784,-0.3093,-0.3347,-0.2598,-0.3944,-0.2972,-0.2892,-0.4077,-0.0214,-0.3655,-0.4874,0.3895,0.1506,0.1195,0.1008,0.0179,0.0804,0.0003,0.466,-0.4963,-0.2207,-0.1129,-1.8067,0.7586,-0.1027,-0.0458,-1.6597,-0.0373,-0.0451,0.2806,0.5968,-1.5165,0.5781,2.8976,-0.5499,0.2502,-0.5695,-0.1109,0.3402,0.4999,4.7891,3.9777,-0.0755,-0.1305,0.2162,0.3123,-0.0603,-0.3646,-0.825,-0.1398,-0.3508,-1.8716,-0.4187,-0.5648
695,5755,108,6,cycling,0.0562,-0.5014,0.0013,-0.1423,-0.1206,0.0943,0.0717,1.0436,-0.1041,0.0825,-0.4819,-0.0149,-0.3085,0.2469,0.1542,0.1855,-0.2857,-0.3498,0.209,-0.2981,-0.2763,-0.228,0.267,0.0214,0.0345,-0.0803,0.1306,0.1105,-0.1198,0.0503,0.0189,0.1505,-0.0406,-0.0161,0.0276,-0.0038,-0.374,-1.5947,0.0007,0.0168,-0.5866,-0.0458,0.1018,-0.1008,-1.7867,-0.1129,0.0247,0.1283,0.0172,-1.6577,-0.0893,-0.9464,-0.1375,-0.0266,-0.2207,-0.2167,0.2606,-0.3003,0.5165,2.6095,-0.3451,0.0088,-0.2809,4.738,3.8744,-0.9984,7.6309,0.7976,0.3508,0.74,2.9574,-0.0603
696,5756,108,6,cycling,0.0164,-0.7161,-0.0219,-0.0981,-0.0547,-0.1423,-0.0417,1.2984,-0.069,0.0711,-0.6891,-0.0825,-0.1582,1.2295,-0.1842,-0.007,-0.2035,-0.3043,0.3985,0.455,-0.2856,-0.3486,0.2426,0.2783,0.4436,-0.032,0.3749,0.3374,-0.5948,0.3897,0.1192,-0.1109,0.014,0.1012,-0.0504,0.0173,0.6694,-0.9846,0.5861,-0.3452,0.6941,-0.5375,0.1303,0.2508,-1.5563,0.0803,-0.0003,-0.2603,0.7976,-1.6571,0.6092,2.8896,-0.7872,0.9962,-1.1122,0.0658,0.8977,3.7407,4.878,0.8656,0.5408,-0.2305,-0.4018,-0.3141,-0.6711,-0.1503,1.0663,-0.6108,0.0455,0.4648,-0.3754,0.3505
697,5757,108,6,cycling,-0.0961,0.6692,-0.0189,-0.0693,-0.0773,-0.0085,0.0546,0.2377,-0.0009,-0.0413,-0.1169,-0.0503,0.1764,1.2981,-0.0886,-0.2062,-0.189,-0.2275,-0.2559,0.038,-0.0224,0.1015,-0.307,0.2655,0.3584,-0.2794,0.1197,-0.3499,0.4483,0.336,0.1305,0.1509,0.3695,0.394,0.3797,0.1108,0.3876,-1.565,0.4845,0.4942,2.4311,0.5868,-0.0182,-0.0247,-1.6598,0.0239,0.0552,0.0249,0.0806,-1.6336,0.1008,-0.6716,-0.01,-0.1127,-0.2257,-0.0409,0.0451,-0.0191,0.7946,-0.3457,0.7874,-0.0456,-0.3607,4.6276,3.3282,-0.0449,-1.9773,0.1372,0.4677,2.9644,8.8849,-0.8701
698,5758,108,6,cycling,-0.0111,0.3697,0.0718,-0.1086,-0.0913,-0.035,0.0084,-0.0585,0.0065,-0.0468,0.0694,0.0188,0.0872,1.3382,0.2296,-0.1719,0.2543,-0.2946,0.406,0.388,-0.3723,-0.447,0.4874,-0.2658,-0.3489,-0.0225,-0.3067,0.3964,0.3593,-0.567,-0.1198,-0.4561,0.4983,-0.0009,0.1009,0.1017,-0.4217,-1.5947,0.5566,-0.3013,-0.9575,0.6987,0.0205,0.0807,-1.7951,-0.0505,0.0408,0.2805,-0.1105,-1.6681,-0.579,0.7798,0.2167,0.1306,0.9976,-0.0656,0.2607,-0.0663,2.0658,3.638,0.6309,0.3403,0.3453,4.7873,-1.3507,1.3123,-0.8443,0.616,-0.3706,-1.7387,-2.9667,0.7805
699,5759,108,6,cycling,-0.1186,0.9355,-0.0143,0.0953,0.1203,0.0569,0.0074,1.0798,-0.1389,0.0818,-0.5947,-0.0499,-0.2681,1.2378,-0.0617,-0.2062,0.2558,0.3946,-0.2963,0.227,-0.4434,-0.3364,-0.3557,-0.3683,0.2773,-0.4542,0.3784,-0.4965,-0.6088,0.4892,-0.0009,-0.1192,-0.0505,-0.0215,-0.1017,0.1303,-0.4096,-1.5538,0.1122,-0.1105,2.7675,-0.6785,-0.1009,-0.0568,-1.7977,0.1505,-0.0187,-0.5072,0.3504,-1.6695,-0.566,4.9713,-0.3993,0.0663,0.5408,0.3453,0.3009,0.8094,3.9446,-0.93,-0.0709,-0.0142,0.0277,0.4252,-0.3282,0.0449,-2.9452,0.4294,0.2242,1.9236,-0.9153,-0.8952
700,5760,108,6,cycling,-0.0045,0.4368,-0.0149,0.0528,0.0314,0.0798,0.021,1.2361,-0.0413,0.0817,-0.5918,-0.0615,0.1942,1.3684,0.2041,0.0922,-0.0508,0.2785,-0.3094,-0.3393,-0.2456,0.2638,-0.397,-0.3786,0.3465,0.2988,0.1308,0.5891,0.4792,-0.5043,0.027,0.1193,0.0009,0.0154,-0.0458,0.0063,0.4474,-1.7973,-0.1129,-0.4095,2.6968,-0.7789,-0.1502,-0.0332,-1.7572,-0.0581,0.0803,0.5583,0.6766,-1.6358,0.5796,0.0277,-0.7876,0.8095,0.6469,-0.0388,0.3508,-0.9946,0.1017,-0.9744,-0.3707,0.2207,0.3803,0.9762,5.5276,0.6604,3.4232,-0.1103,-0.1005,4.5491,7.0663,-0.5998
701,5761,108,6,cycling,0.0419,-0.6604,-0.036,-0.0873,-0.0786,0.0044,-0.0175,1.2469,-0.0518,-0.0914,-0.4941,-0.0638,0.3568,1.1652,-0.1762,-0.2857,0.2298,0.2784,0.3946,-0.4085,-0.2366,0.2653,0.3372,0.3496,0.2595,-0.3682,0.2989,0.5543,-0.5948,-0.565,-0.0503,-0.377,0.023,-0.0061,0.0406,-0.0077,-0.1012,-1.4763,0.1122,0.0355,2.8897,0.6567,-0.2207,-0.0803,-1.8576,0.1194,-0.2302,-0.3452,-0.5874,-1.6487,0.1006,3.9025,-0.0656,0.3018,-0.3502,0.1109,0.3606,0.0684,4.9978,-0.938,0.0458,0.1305,0.0006,-0.83,2.9278,-0.7971,-0.9153,0.2503,0.0454,1.5543,7.9436,-0.7299
702,5762,108,6,cycling,0.0415,-0.7512,-0.1361,0.0573,0.0196,-0.1423,0.0941,1.0818,-0.0089,-0.022,-0.5885,-0.0764,0.1674,0.1926,0.2743,0.1746,0.2594,-0.2272,0.3891,0.4068,-0.2457,-0.2866,0.3492,-0.0639,-0.4884,-0.0503,0.3582,-0.307,-0.3781,0.3697,0.0345,0.1012,0.0355,0.0009,0.1104,-0.01,-0.4462,-1.4965,0.1197,-0.2208,2.4783,-0.6799,0.0455,0.0002,-1.8053,-0.0809,0.0257,0.0593,0.1129,-1.5578,0.1302,0.5469,0.2165,-0.2306,-0.5986,0.2258,0.2607,-0.3017,0.7949,-0.7619,0.4018,-0.1003,0.3507,3.0456,-0.9045,4.0195,-2.5491,0.7769,-0.0451,1.9444,-0.3992,1.9814
703,5763,108,6,cycling,0.0015,-0.6562,0.0117,-0.0433,-0.0873,-0.0628,0.0947,1.4468,-0.1142,0.0585,-0.709,-0.1294,-0.2095,1.2972,0.2225,-0.0764,0.0006,-0.2656,-0.1932,0.0323,-0.1102,-0.2481,-0.3082,-0.028,0.1192,0.0549,0.1008,0.1503,-0.1015,0.0809,-0.0248,0.0507,-0.1122,-0.0001,-0.0245,0.0248,0.5967,-1.6092,0.5096,0.5469,-0.7543,0.5574,0.1305,0.2509,-1.9988,0.2162,-0.2203,0.4857,-0.3452,-1.6689,0.5853,0.0277,0.3606,-0.3647,0.9861,-0.2253,0.7784,0.3014,2.8728,4.7871,-0.7618,0.0793,0.9764,-1.7384,3.9666,1.8117,1.8695,-0.9607,0.7931,-1.6309,7.6348,-0.6998
704,5764,108,6,cycling,-0.0118,0.3614,-0.0437,-0.0881,-0.0562,-0.061,0.0078,0.5911,-0.0213,-0.0006,-0.267,-0.0315,-0.1695,1.3086,-0.1794,0.0983,0.2275,0.2496,0.2391,0.0793,-0.2772,-0.296,0.1506,0.1306,0.3463,-0.0806,0.0663,0.2851,-0.3931,0.4498,0.1009,0.1013,-0.0404,0.1127,-0.0508,0.119,0.4074,-0.3884,-0.2303,-0.0456,2.4966,-0.4858,-0.0001,0.0259,-1.4568,0.027,-0.0238,0.0856,0.0408,-1.6567,0.089,0.5799,0.0869,0.01,0.0177,0.0002,0.0197,-0.0971,-0.7961,-0.8976,0.0192,-0.2202,0.068,0.3606,3.7344,0.2605,-0.8877,-0.2246,-0.0983,4.5398,5.8482,1.9444
705,5765,108,6,cycling,0.0616,-0.6817,-0.0842,0.1872,-0.0182,-0.1181,-0.0546,1.4483,-0.0986,-0.009,-0.3891,-0.0774,-0.2925,1.1539,0.3632,-0.2062,0.3364,0.2703,0.2375,0.2277,0.2443,0.2659,0.357,0.3748,0.0499,-0.3053,0.4088,0.1193,-0.0216,0.0009,0.0158,0.1307,0.0507,-0.001,-0.0803,-0.101,0.455,-0.6094,-0.4971,0.5767,3.8969,2.4795,0.2606,-0.1507,-1.7892,-0.2167,0.1102,-0.5566,0.56,-1.5667,-0.798,-0.8718,-0.5468,0.0684,-0.7618,-0.2254,0.3457,0.4014,5.9873,-0.8464,0.0642,0.0476,0.0785,1.3503,4.0196,-0.3114,-1.9558,0.5249,-0.3641,7.0387,8.9344,1.9444
706,5766,108,6,cycling,-0.0319,0.7802,0.0461,-0.1186,-0.0594,-0.1401,-0.0878,1.4077,-0.1258,-0.0946,-0.5541,-0.1857,0.2983,1.3697,-0.2843,-0.1762,-0.2281,0.2035,-0.2744,-0.0788,0.2554,0.2637,0.2347,-0.025,-0.0692,0.0082,-0.1005,-0.0006,-0.1014,-0.1197,-0.0038,0.1124,0.0505,0.1104,0.0809,-0.0196,0.4598,-1.8067,0.0152,-0.0476,2.567,0.596,-0.2208,0.2169,-1.8968,0.1306,0.2257,-0.6971,-0.4979,-1.6573,0.7591,3.8599,-0.6484,0.4014,-0.904,-0.3459,0.7645,0.3803,7.0388,4.0662,-0.747,0.1506,0.3759,-1.6602,5.0332,0.3508,2.8255,-0.9547,-0.2605,0.874,9.5491,-1.9313
707,5767,108,6,cycling,-0.0017,0.4373,0.0114,-0.0825,-0.0431,-0.0611,0.0718,1.3697,-0.1272,-0.0942,-0.5546,-0.1386,0.1578,1.2861,-0.0584,0.025,-0.1018,0.034,-0.2026,0.2474,0.2268,-0.2766,0.3523,0.2975,-0.0508,-0.0009,-0.1121,-0.1304,-0.1104,-0.2205,0.0201,0.0803,-0.0098,-0.027,-0.0164,0.0245,0.3947,-0.8095,-0.2164,-0.1192,-0.4499,-0.4854,0.0971,-0.01,-1.566,-0.0455,-0.0002,0.2258,-0.7093,-1.5885,-0.2606,-0.659,0.1008,0.0179,0.5987,0.3003,0.2503,-0.2807,0.7625,2.8869,0.3708,-0.0862,0.3502,3.5109,4.9638,-0.8316,-1.8489,-0.3458,0.3208,-0.0451,5.7406,-0.8913
708,5768,108,6,cycling,-0.1063,0.5382,-0.0072,-0.0518,-0.0619,-0.1207,0.1466,1.0186,-0.085,-0.1362,-0.4965,-0.0957,-0.2447,1.2982,0.2898,0.1775,0.2364,0.3985,0.2594,0.3783,0.047,0.2789,0.3342,0.3053,-0.3569,0.1018,-0.3687,-0.4573,0.0325,-0.4876,0.0004,-0.0506,-0.0214,-0.01,-0.1305,0.02,0.1191,-1.7891,0.1508,0.434,-0.4492,0.6059,0.1106,-0.0286,-1.468,-0.0974,0.1122,-0.3002,-0.5467,-1.6509,0.5856,-0.7771,-0.9518,-0.5584,-0.0755,-0.3409,0.0608,-0.3509,0.3457,2.0684,-0.1008,-0.001,0.0933,0.4234,3.5648,0.9099,4.8897,-0.9626,-0.3751,-0.799,5.7918,-1.3303
709,5769,108,6,cycling,0.0761,-0.5373,0.0196,0.1586,0.0593,-0.0973,0.045,1.3063,-0.009,-0.1344,-0.4917,-0.1246,0.2368,0.3494,0.0897,-0.1866,-0.2474,0.2521,0.3556,0.0637,-0.3382,0.2271,0.2972,0.2638,0.4843,-0.2853,-0.2759,0.5567,-0.3954,0.3698,-0.0509,-0.0446,0.0009,-0.037,-0.0806,0.0213,0.1122,-1.5799,-0.1503,0.1011,0.7781,0.0458,0.0002,0.0001,-1.5884,0.001,0.0085,0.0,-0.1305,-1.6587,0.0205,-0.6091,-0.01,0.0458,0.1193,0.0384,-0.0088,0.0751,0.6483,-0.798,-0.2304,0.1009,-0.2202,-0.7578,2.8948,-0.3808,-1.9516,-0.0387,0.2163,0.8488,3.9589,0.3114
710,5770,108,6,cycling,-0.0941,0.3277,-0.0518,0.0713,-0.0011,0.0849,-0.0217,1.2656,-0.0698,0.0196,-0.5542,-0.0461,-0.1565,1.2893,0.2474,0.2295,-0.3557,0.0399,0.3883,0.3025,-0.2959,-0.3686,-0.4085,-0.4567,0.3789,-0.1109,-0.1014,-0.1005,0.3943,0.348,0.0008,0.1126,-0.1007,0.1199,-0.0409,0.0803,-0.1502,-0.6492,0.0503,0.0355,0.446,-0.2257,-0.0972,0.0454,-1.5881,0.02,-0.1308,0.4866,-0.2507,-1.6644,-0.6971,-0.0473,-0.6375,0.0488,0.7794,0.6879,0.7891,-0.4369,2.8711,5.5489,0.7301,0.0162,0.2169,3.889,4.6336,0.8464,1.5695,0.0387,0.3008,0.3122,7.0393,0.7619
711,5771,108,6,cycling,-0.0925,0.5946,0.0114,0.0375,0.0089,-0.1117,0.0439,1.0699,-0.0516,0.0849,-0.5074,-0.0773,-0.1521,1.2895,-0.2957,0.2332,-0.269,0.3862,0.227,-0.3788,-0.3096,0.4042,-0.3398,-0.4484,0.2769,0.3585,0.3697,-0.436,0.6872,0.6631,0.0225,0.0803,0.0186,0.001,0.1006,0.1122,0.1197,-1.5558,0.1011,0.1509,0.4854,0.0506,0.0008,0.0001,-1.6591,0.01,0.0083,-0.0192,-0.0249,-1.6778,0.0179,0.8061,0.02,0.0002,0.0409,0.0456,-0.0,0.0177,0.1104,-0.0473,-0.0193,0.0237,0.0081,0.0373,-0.2257,-0.0262,-0.7618,0.1307,0.2206,-0.5754,-0.3502,-0.3606
712,5772,108,6,cycling,-0.055,0.5146,-0.0049,0.0737,0.0174,0.0917,0.0426,1.3697,-0.0695,0.0866,-0.5811,-0.0215,-0.2394,1.169,0.2235,0.0344,-0.1885,-0.2581,-0.1943,-0.347,-0.2459,0.276,-0.2984,-0.3875,-0.408,-0.0507,0.0003,-0.1503,-0.3346,-0.3083,0.0209,-0.2169,0.1002,0.001,0.101,0.0278,0.3979,-1.6599,0.0355,0.4572,3.5427,2.7857,-0.1194,0.0209,-1.4868,0.0162,-0.0803,0.0286,0.2205,-1.7169,-0.0249,-0.73,0.2607,-0.3017,0.6364,-0.3451,0.3504,-0.7796,4.6961,0.9344,-0.8863,0.0408,-0.0663,-0.6719,-0.0755,0.8971,-2.5164,0.8192,0.2253,-2.539,-0.874,0.5999
713,5773,108,6,cycling,-0.0065,0.3691,0.0107,-0.0561,-0.0915,-0.0329,0.0417,1.189,-0.0692,-0.0873,-0.6838,-0.1337,0.2689,1.2272,-0.3074,-0.2586,0.2856,0.3494,0.4423,-0.2078,0.2484,-0.2782,-0.4966,-0.3398,0.4577,-0.028,-0.3946,0.6964,-0.3552,0.4843,-0.0803,0.1018,0.1105,0.0142,-0.0007,-0.0509,-0.5597,-0.7567,-0.2208,0.2609,2.6083,0.5799,-0.001,0.0096,-1.4794,0.01,0.0286,0.0262,0.0488,-1.5489,0.0153,-0.597,-0.1306,-0.0456,0.0988,-0.0095,0.1008,-0.0473,-0.1507,0.1197,0.7976,-0.2309,-0.3011,0.8545,3.3508,4.8744,-2.7992,-0.1481,0.2803,1.9509,7.7291,-1.9458
714,5774,108,6,cycling,0.0115,-0.7266,0.0889,0.0046,-0.0426,0.139,0.055,1.4549,-0.0773,0.111,-0.5799,-0.034,0.2272,1.1865,0.2419,0.0982,-0.2366,0.2964,-0.2893,0.332,0.2748,0.026,-0.3043,-0.2595,0.0696,0.0509,-0.1308,0.1104,-0.1126,0.1002,0.0581,-0.1013,-0.0807,0.0003,-0.0286,0.0184,0.5563,-1.7892,-0.3014,0.5975,2.6944,-0.5468,0.0147,-0.0953,-1.7762,0.01,0.0583,0.0956,-0.7058,-1.5758,-0.0394,0.8879,-0.2303,0.1507,0.2207,0.2608,0.3454,-0.748,-0.8711,0.8516,-0.3003,-0.0597,0.3649,3.9867,4.9427,1.7675,-1.9666,-0.4363,-0.8613,-1.8255,7.4991,-0.5165
715,5775,108,6,cycling,-0.0106,0.7391,0.0045,-0.0417,-0.1258,-0.0982,-0.055,1.1557,-0.034,-0.0214,-0.5918,-0.0719,-0.2547,1.3344,-0.2042,-0.0898,0.2762,-0.3053,0.237,0.2893,-0.2694,-0.101,0.3629,0.4974,-0.1008,-0.3786,-0.0006,-0.3878,-0.4841,-0.5564,-0.1304,0.3411,-0.0806,0.1121,0.0002,0.1504,0.1108,-0.7943,0.1196,0.0507,-0.688,-0.566,-0.0988,0.0561,-1.6691,-0.0408,-0.0409,0.0708,-0.0407,-1.7795,0.0373,0.6589,0.0406,0.0797,-0.2209,0.2803,-0.3603,0.3506,0.9963,0.7699,0.6718,-0.2161,0.6905,2.9025,3.5109,0.8468,-1.9645,0.3018,0.0608,-0.8315,5.5665,-0.9777
716,5776,108,6,cycling,-0.0645,0.3122,-0.0546,0.0164,-0.1115,0.0818,0.1486,1.1295,-0.0973,0.079,-0.5948,-0.0417,-0.1343,1.3793,-0.2381,0.0216,-0.1961,0.2422,0.2874,0.2968,0.2633,-0.2789,-0.034,0.006,0.4763,-0.3041,0.1506,-0.5072,-0.5582,0.4935,-0.1108,-0.3869,0.367,0.1017,-0.0009,0.0507,-0.0998,-1.8819,-0.119,-0.2509,3.4467,0.6685,0.0803,0.1129,-1.7862,0.0977,0.1004,0.2307,0.3004,-1.5765,-0.5499,2.7598,-0.768,0.0197,0.0485,-0.3603,-0.3407,-0.5896,-0.7984,-0.6163,-0.4002,-0.001,0.3644,-0.5109,4.3992,0.3505,2.9466,-0.2808,-0.3707,2.0642,7.4998,0.6103
717,5777,108,6,cycling,-0.0111,0.4272,-0.04,-0.093,-0.0584,0.061,-0.0769,-0.2361,0.0009,0.085,0.1347,-0.1251,0.2295,1.3789,-0.1857,-0.1794,-0.0375,-0.209,-0.026,-0.2925,0.1004,0.1106,-0.1309,-0.2449,-0.2874,-0.0804,0.1012,-0.0504,0.1122,-0.3682,0.0276,0.1509,0.1196,-0.0563,-0.0001,-0.0041,-0.4838,-1.6839,0.4486,-0.464,0.458,-0.7092,-0.1258,-0.1383,-1.7655,0.001,-0.1253,-0.2259,-0.6764,-1.5648,-0.6598,0.7971,0.7873,-0.5614,-0.6699,0.5985,0.9721,-0.7143,2.7794,3.8716,0.3003,0.2602,0.2805,4.8818,7.3503,-0.3803,-1.7406,0.4991,0.4679,-1.726,8.9311,-0.6103
718,5778,108,6,cycling,0.0567,-0.5609,-0.0401,0.0913,0.0084,0.1656,0.0325,1.3697,-0.129,-0.0775,-0.5043,-0.0885,-0.1846,1.3466,-0.2749,0.3345,0.0628,-0.1961,-0.2469,0.3947,-0.2698,-0.3823,0.2964,0.4431,0.3568,-0.1507,-0.0804,0.0003,-0.3072,0.374,-0.0213,0.0165,0.0089,0.0001,-0.0259,-0.1014,0.2205,-0.5841,-0.0174,0.0505,-0.5782,-0.1006,-0.0192,0.046,-1.7781,0.1122,-0.0456,-0.1305,-0.0587,-1.5586,-0.1194,-0.887,-0.1107,0.0178,-0.0658,0.0488,0.0384,-0.5941,0.5165,0.6399,0.3017,-0.0193,0.2162,3.7971,4.8096,2.8317,0.9475,-0.0332,0.0791,-0.7633,7.5665,-1.6193
719,5779,108,6,cycling,0.0108,-0.6491,0.0775,0.1061,0.0049,-0.1394,0.0915,1.1656,-0.0465,0.1489,-0.669,-0.1286,0.2519,0.3368,-0.0693,-0.0528,-0.2326,0.1846,-0.0322,-0.394,0.3697,-0.277,-0.2972,-0.2459,0.3437,-0.1126,0.0803,0.1199,-0.1109,0.1508,0.0009,-0.021,0.1012,0.0504,0.1002,-0.0249,-0.4499,-1.5043,0.0458,0.4595,2.696,-0.7982,-0.0002,0.02,-1.5767,0.0696,0.0202,-0.0174,0.2253,-1.5892,-0.0878,3.638,-0.0181,0.0887,-0.3004,0.2209,-0.3705,-0.2509,4.7718,7.8895,0.9876,0.2169,-0.4994,-0.4252,0.3605,-0.3451,0.848,-0.2809,-0.3405,1.6998,-1.5759,0.4016
720,5780,108,6,cycling,0.1259,-0.6713,0.0915,-0.0517,-0.1474,0.0894,0.0185,1.0786,-0.0698,0.0033,-0.5884,-0.1107,0.2061,1.2947,-0.2235,0.2466,-0.2326,0.3675,0.3897,-0.034,0.028,-0.2783,-0.0439,-0.4437,0.3492,0.1305,0.2853,-0.3077,0.4976,0.467,-0.1198,0.3212,0.0806,0.1002,-0.001,-0.1124,0.0007,-0.7948,-0.4562,0.5096,0.8893,0.4399,0.1018,0.0507,-1.6082,-0.2206,-0.1508,-0.0456,0.6878,-1.5459,0.6564,2.7311,-0.6963,-0.3452,-0.8955,0.0759,-0.2257,-0.5276,3.8716,-1.5164,-0.4007,0.3003,0.2609,-0.8952,4.9527,-0.4505,5.3991,0.2803,-0.0709,-0.8482,7.0665,0.6014
721,5781,108,6,cycling,-0.03,0.2984,-0.0108,0.059,-0.0006,0.0468,0.028,1.256,-0.1141,0.0645,-0.5066,-0.1215,-0.1885,1.3093,-0.0944,0.0723,0.1762,0.2064,0.2458,0.3881,0.2661,0.3698,-0.2827,0.3372,-0.3586,-0.0447,-0.1308,0.3969,-0.1104,-0.1122,-0.0508,0.0803,-0.1507,-0.1011,-0.001,-0.0495,0.4788,-1.5799,0.0286,0.0092,2.4628,0.597,-0.1192,-0.2202,-1.8974,-0.2303,-0.0408,0.7548,-0.5579,-1.6554,-0.6719,0.561,-0.9765,-0.7621,-0.7811,-0.3703,0.871,-0.3504,3.0756,-0.9577,0.9415,0.0973,0.4295,4.6276,8.4507,-0.825,1.9777,0.9071,0.4013,2.3156,9.9617,1.145
722,5782,108,6,cycling,-0.0113,0.355,-0.0528,-0.0962,-0.0885,-0.0617,0.0466,0.8667,-0.141,0.0737,-0.4575,0.0059,0.246,1.2078,0.1598,0.1869,-0.2784,-0.3876,0.2322,-0.3933,-0.2968,-0.2655,0.025,-0.0344,0.367,0.1109,-0.0804,0.348,0.3095,-0.1194,0.0505,-0.1004,0.0008,-0.0002,-0.1012,0.0409,-0.2205,-0.4946,-0.4096,-0.2808,2.5428,-0.568,-0.0262,-0.1121,-1.4883,-0.1305,-0.0384,-0.2508,-0.6599,-1.5797,-0.2603,-0.5891,-0.3014,0.1509,-0.3458,0.649,0.2251,0.8973,3.8892,-0.7977,-0.3993,-0.3406,-0.4013,0.3504,4.7386,-0.7233,7.9408,-0.8616,-0.4504,1.4369,8.6276,-1.9434
723,5783,108,6,cycling,-0.0077,0.6708,-0.0627,0.1204,0.0961,-0.1315,0.0896,0.3589,0.0722,-0.0516,-0.1885,0.0172,-0.2332,1.3946,0.1795,0.0324,0.2557,0.2952,-0.2697,0.2893,0.3492,0.339,0.3094,-0.4575,0.3786,-0.3881,-0.4468,0.4042,-0.6959,-0.5583,-0.1011,-0.1003,0.0215,0.1126,-0.0507,0.1307,-0.0809,-1.7898,0.0005,0.1102,2.5699,-0.605,0.0231,0.0291,-1.6665,-0.0249,-0.0239,-0.1197,-0.2257,-1.6791,0.0761,0.0484,-0.2505,0.1507,0.7974,-0.2303,0.7084,-0.2607,0.7664,-0.4012,0.018,0.1007,0.0408,-0.3502,4.8868,-0.875,3.4236,-0.3803,0.3407,0.6138,7.4177,-0.8273
724,5784,108,6,cycling,,,,,,,-0.1386,,,,,,,,,,,,,,,,,,,,,,,,,,,,,,,,,,,,,,,,,,,,,,,,,,,,,,,,,,,,,,,,,
725,5785,108,6,cycling,-0.0867,0.5014,-0.0913,-0.0189,-0.0792,-0.0077,0.055,0.9666,-0.1206,-0.0469,-0.4086,-0.1782,-0.152,1.2862,-0.1636,0.0327,-0.1846,0.3584,-0.2633,-0.2344,-0.3785,-0.2447,-0.4858,-0.2593,0.3463,-0.0006,0.023,0.1306,-0.1102,0.3873,0.1191,0.1008,-0.1121,-0.0505,-0.0804,-0.0159,-0.4598,-0.6872,-0.5578,-0.4966,2.5475,-0.6595,0.001,0.2252,-1.577,0.2207,-0.2242,0.5699,0.7464,-1.5165,0.1509,0.8097,-0.0473,0.6083,-0.7961,0.2162,-0.8788,0.7625,3.9022,4.3018,0.9428,-0.0846,-0.3407,-1.9638,0.9281,-0.7233,0.9644,0.8192,-0.2608,1.5109,-0.4013,-0.9449
726,5786,108,6,cycling,-0.0142,0.1362,-0.0789,-0.1496,-0.0434,0.1512,-0.0982,1.2961,-0.0586,-0.032,-0.6568,-0.0849,-0.265,1.3323,0.1885,-0.0697,0.0217,-0.0059,0.259,-0.2422,-0.3976,0.3557,-0.2743,-0.2893,0.3655,-0.3074,0.4791,0.3884,-0.7063,0.6077,-0.0807,0.1109,0.1013,0.119,0.1509,-0.0007,-0.0504,-1.4881,0.0988,0.1129,-0.7944,0.1302,-0.0953,-0.1005,-1.6669,-0.1007,0.0387,-0.0064,0.2303,-1.5878,-0.0409,0.7399,0.2241,-0.2203,-0.3008,-0.3454,0.3606,0.2164,-0.7583,-0.6711,0.3509,0.0918,0.2802,-0.8717,2.9872,0.0455,3.9574,0.0455,0.3992,-0.958,4.9466,0.8333
727,5787,108,6,cycling,0.0415,-0.714,-0.0082,-0.1426,-0.0189,-0.0786,0.0825,1.2966,-0.0344,-0.0922,-0.6962,-0.0618,-0.0542,0.3976,0.028,-0.2824,-0.3346,0.352,0.4074,0.3785,0.2364,0.3873,0.277,0.3497,0.3053,0.1108,-0.0003,0.4543,-0.0503,0.1122,0.0806,0.5072,0.1014,0.119,0.0192,0.0098,0.4763,0.4861,-0.1303,0.2207,0.7949,-0.5567,-0.1004,0.02,-1.576,0.1502,0.1027,0.0154,-0.6583,-1.6337,0.0608,2.0388,0.8868,-0.7877,0.8475,0.5987,0.5893,0.4277,3.9599,4.3197,0.3993,0.0894,0.2162,-0.3609,-0.904,0.3407,0.799,-0.0388,0.2806,-0.0455,-0.3015,0.8484
728,5788,108,6,cycling,0.0794,-0.7391,-0.0549,0.0873,0.0113,0.1556,0.0616,1.0078,-0.1185,-0.0461,-0.6499,-0.0953,0.2384,1.4043,0.0326,0.2442,0.256,0.2295,-0.2981,-0.3068,-0.3675,-0.3363,0.3786,-0.2741,0.459,-0.3976,0.0217,0.668,0.4793,-0.555,0.1121,0.0803,0.1192,-0.0503,0.1009,-0.0589,0.3844,-1.6774,0.1305,0.1013,2.4628,0.6971,-0.0007,0.0002,-1.657,0.001,0.0259,-0.0152,-0.5877,-1.5791,0.1104,0.9717,0.2606,0.3604,-0.596,0.2164,0.2252,0.3452,4.822,0.7983,-0.4008,0.2203,0.0485,3.9872,7.8749,-0.0456,5.9666,0.1396,0.2309,2.9777,9.7408,0.8489
729,5789,108,6,cycling,0.0059,-0.5647,-0.0109,0.0896,-0.0417,0.1298,0.0699,1.2881,-0.0344,-0.028,-0.4911,-0.0741,0.1395,1.3546,-0.1923,-0.0582,0.256,-0.2637,0.2772,0.3468,-0.3094,-0.2265,-0.384,-0.3392,0.4542,0.0509,0.1504,0.2986,0.1009,0.5063,0.1018,0.0406,0.0277,0.0548,-0.0003,-0.0804,-0.5793,-1.3954,0.1304,-0.4767,0.7597,-0.5588,0.0259,0.1127,-1.7784,0.0961,0.0558,0.0456,0.2253,-1.6462,0.0656,-0.567,0.2166,0.0174,0.6691,0.3018,0.3003,0.6987,2.7989,0.7871,-0.3452,0.01,0.2202,3.5648,4.9022,0.8567,1.7233,0.4679,-0.2505,1.9446,7.8328,1.8952
730,5790,108,6,cycling,-0.0812,0.7386,-0.0113,-0.1552,-0.04,-0.1461,-0.0569,1.3049,-0.0693,-0.0719,-0.5883,-0.0922,-0.1789,1.2442,-0.1847,-0.2036,0.4082,0.3957,-0.3772,-0.2894,-0.2763,0.2986,-0.0212,-0.4438,0.4548,0.2659,0.3581,0.6088,-0.7543,0.679,0.0004,0.0505,-0.03,-0.0046,-0.0205,0.0053,0.1126,-0.7085,0.1302,-0.1106,0.6679,0.2309,0.0168,0.0809,-1.5628,0.1197,-0.1507,-0.5564,0.2162,-1.6595,-0.0409,-0.9987,0.2251,0.3609,-0.7873,-0.8096,0.3402,-0.7614,3.3114,2.9862,-0.2607,-0.001,-0.2205,4.4997,-0.7475,0.7791,0.7143,0.1004,-0.3997,1.4249,-0.8343,-1.9355
731,5791,108,6,cycling,-0.0712,0.2962,-0.0811,-0.0636,-0.0514,-0.0499,-0.0943,1.1369,-0.026,-0.1098,-0.4417,-0.009,0.1555,1.2572,-0.0194,0.1646,-0.2366,0.3075,-0.2291,0.2884,0.0324,-0.2783,-0.3568,0.2637,0.3486,0.0006,0.0355,-0.3874,0.3381,0.585,0.101,0.1006,-0.0504,0.0806,-0.01,-0.1194,-0.5964,-1.7785,-0.3967,0.657,-0.4849,-0.6345,0.2202,-0.1106,-1.568,-0.1124,0.0456,0.3454,-0.2308,-1.6561,-0.5466,3.9713,2.5718,0.8871,0.9777,-0.8918,0.7818,0.875,4.0662,0.5143,-0.4001,-0.1302,0.2803,-0.0485,-0.7675,0.0759,-0.6136,-0.3018,0.4672,-0.7387,-1.9517,-2.427
732,5792,108,6,cycling,-0.1283,0.3264,-0.139,0.0072,-0.0314,0.0515,-0.0917,1.0852,-0.0411,0.0142,-0.4919,-0.0655,0.2391,1.2694,0.2074,0.2781,0.077,-0.025,0.3543,0.2853,-0.394,0.2225,0.3085,-0.3824,0.2969,-0.3347,0.4573,0.5966,-0.4462,0.5734,0.1003,-0.3765,0.3664,0.1122,0.1015,0.0803,-0.1506,-1.4675,0.2208,0.2606,2.7961,0.4856,-0.1302,-0.0249,-1.6867,-0.0005,-0.0506,-0.0406,-0.0409,-1.7776,0.0889,0.6093,-0.0373,0.0888,0.1108,-0.0456,0.1194,0.2169,0.8799,-0.7871,0.3002,0.2505,-0.3402,3.8022,4.3013,0.7291,7.9458,-0.3457,0.0456,1.8482,8.8153,1.9892
733,5793,108,6,cycling,-0.0118,0.4396,-0.0548,0.0873,0.0717,0.129,-0.0084,1.1669,-0.1068,-0.0946,-0.658,-0.1342,0.1489,1.2694,-0.0475,-0.036,-0.2462,-0.2555,-0.2772,0.3582,0.065,-0.2261,-0.2952,-0.374,0.2895,-0.0009,0.0215,-0.1192,-0.1018,0.0505,-0.02,0.1003,0.0803,0.1103,-0.0259,0.077,0.3964,-0.4766,-0.0845,0.4486,2.8543,0.8867,0.0203,0.0259,-1.5426,0.0384,-0.0763,-0.0409,-0.4956,-1.5978,-0.2163,-0.5879,-0.0708,0.5799,-0.7783,-0.3646,0.3806,-0.3457,3.6602,-1.9664,-0.2808,-0.1509,0.2209,0.3009,4.7499,0.0759,-0.8711,-0.3608,0.4674,2.9278,7.5387,-0.7675
734,5794,108,6,cycling,-0.1285,0.3613,-0.1148,-0.1088,-0.055,-0.0163,0.0915,1.0038,-0.0825,0.0645,-0.4437,-0.0791,-0.2675,1.3393,-0.1668,-0.2362,-0.172,-0.2981,-0.023,0.228,0.2821,-0.0344,0.4074,0.2442,0.0803,-0.0439,0.1308,-0.1005,-0.3499,0.359,-0.0008,0.0509,0.0164,0.0001,-0.001,-0.0206,-0.5865,-0.596,-0.2165,0.4961,2.6966,0.5582,0.1015,0.2305,-1.7972,-0.2202,0.1503,-0.2607,-0.2257,-1.7877,-0.2803,-0.767,0.3452,0.0156,-0.0456,0.3018,0.1121,-0.3759,3.8937,-0.5109,0.3991,-0.1007,-0.4298,0.9767,4.0662,-0.8437,-0.9547,0.9413,0.3603,-0.8473,7.4393,0.831
735,5795,108,6,cycling,-0.0915,0.5014,-0.0562,0.0849,0.0169,-0.135,0.0327,0.8273,0.0065,-0.0786,-0.3964,-0.1612,0.2594,1.2074,0.2422,-0.2952,-0.044,0.237,0.0697,0.3082,0.0211,0.1196,-0.3343,-0.2893,0.269,0.0803,0.0508,0.3684,-0.3789,0.3583,-0.001,0.1509,0.0009,-0.01,-0.1018,-0.1108,0.5763,-1.5968,-0.0259,0.0406,0.4841,-0.4796,-0.0266,-0.0222,-1.5567,-0.0087,0.0002,-0.0239,-0.1129,-1.6337,0.0195,-0.0708,0.0407,0.0443,-0.2309,0.2253,0.1009,-0.1302,-0.6685,-0.7788,0.7579,-0.027,-0.788,-0.9991,2.4013,-0.0608,4.8253,0.2205,0.2509,3.0176,2.6451,-0.6348
736,5796,108,6,cycling,-0.0619,0.7269,-0.0188,-0.0042,-0.0518,-0.0426,0.105,0.9307,-0.0874,-0.0973,-0.4095,-0.137,-0.2893,1.2786,0.0794,-0.2068,-0.2521,0.3558,0.4466,0.3824,0.3077,0.2372,0.4563,-0.2959,0.3389,-0.034,0.1509,0.3685,0.3788,0.0216,0.0008,0.3417,-0.1308,-0.1011,-0.0508,0.0804,0.489,-0.646,-0.4797,-0.5561,0.6941,0.578,-0.001,-0.027,-1.4984,-0.0846,-0.0167,0.0259,0.1197,-1.5633,-0.2202,0.3453,-0.1103,-0.1005,-0.7571,-0.3605,-0.7879,-0.4018,2.6173,3.9865,-0.8326,-0.2509,0.7699,4.8273,-0.2807,0.8217,1.9773,-0.6306,-0.5754,-0.0456,-0.8727,-0.9607
737,5797,108,6,cycling,0.061,-0.7382,-0.0107,-0.0072,-0.0561,-0.0818,0.0917,1.3311,-0.047,-0.022,-0.4486,-0.034,0.1665,1.2681,0.1536,0.2552,-0.3723,-0.2774,-0.3083,0.2856,-0.2268,0.4863,-0.2446,-0.3964,-0.6047,0.2953,-0.1306,-0.3894,0.6699,0.5067,-0.1194,0.1106,0.1015,0.0803,-0.1005,-0.0286,0.0006,-1.8042,0.1508,0.2257,2.8544,-0.5984,-0.0508,-0.1121,-1.889,-0.2169,-0.0408,0.0387,0.301,-1.6962,-0.0485,0.7858,-0.2809,-0.7557,-0.7301,-0.7787,0.7906,-0.9897,3.9458,4.8976,0.0388,0.2208,0.0192,-0.3007,-0.0608,0.3402,7.1796,0.9514,-0.3993,1.4997,-0.93,1.5648
738,5798,108,6,cycling,0.0973,-0.7407,0.1088,-0.1794,-0.1374,0.065,-0.0164,1.3389,-0.0796,-0.0585,-0.5719,-0.0892,0.2072,1.1436,0.2266,-0.3543,-0.4095,0.239,-0.2584,0.4463,-0.267,-0.2459,-0.2942,0.3497,-0.3068,-0.0461,-0.036,0.3946,-0.0086,-0.1305,0.028,-0.1005,-0.1121,-0.0271,0.0008,-0.0286,-0.3799,-1.4962,0.0503,0.0454,2.4583,-0.7793,-0.0056,0.0803,-1.5475,0.0273,-0.1505,-0.1197,0.0262,-1.6567,0.1109,3.5569,0.5898,0.2803,-0.3505,-0.1012,0.2602,-0.3003,4.7981,-0.8717,0.2508,0.001,-0.3609,-0.7699,-1.8213,0.3703,-3.7898,0.5398,0.2209,0.8191,-0.4992,-1.8473
739,5799,108,6,cycling,-0.149,0.9666,0.0077,-0.1386,-0.0619,-0.0885,-0.0792,1.2889,-0.0542,0.0194,-0.5982,-0.0944,0.1643,1.2466,0.2556,0.0375,-0.1749,0.2269,0.2762,-0.3368,0.2953,0.0439,0.3861,0.307,0.264,-0.3581,0.4584,-0.5891,0.6076,0.3787,0.1109,0.4852,-0.3412,0.0509,-0.1013,0.1194,-0.6796,-1.6497,0.0488,-0.2209,3.6593,-0.4783,0.0212,0.1505,-1.638,-0.0809,0.2309,-0.1309,0.5098,-1.5773,0.0603,2.9513,0.5579,0.7812,0.3017,-0.1009,-0.3005,-0.2605,4.9762,5.0662,0.5341,-0.0447,-0.2806,-1.8952,-0.5262,0.8895,-0.7418,-0.3603,-0.2167,7.725,-0.3451,-0.4505
740,5800,108,6,cycling,-0.0035,0.2972,0.0323,0.0873,0.0183,0.0546,-0.0415,1.0774,-0.0216,-0.0933,-0.4969,-0.0694,0.2496,1.457,-0.2047,0.1857,-0.3885,-0.379,-0.2586,0.2854,0.3043,0.3461,-0.2691,-0.3962,-0.365,0.2792,0.1308,-0.6498,-0.5542,-0.796,-0.1109,0.5963,-0.1194,-0.0005,-0.0505,0.0409,-0.1013,-1.658,-0.0803,-0.0658,-1.4841,-0.5399,-0.0188,0.0067,-1.539,0.0051,0.0077,-0.1008,0.2165,-1.5887,-0.0002,0.5615,-0.0575,0.0985,-0.2502,0.001,0.1121,-0.1505,0.7876,2.0488,-0.6684,-0.0456,0.0708,0.9768,3.8917,-0.3018,4.6998,-0.0882,-0.0193,-1.8376,8.9777,-0.9521
741,5801,108,6,cycling,0.0718,-0.6936,-0.1257,0.0045,0.1185,0.1546,0.0962,1.0538,-0.1374,0.0873,-0.6695,-0.065,-0.1651,0.256,-0.3372,-0.0428,0.2789,0.2349,-0.2077,-0.267,-0.2982,-0.2494,0.0505,-0.3958,0.3468,0.1129,-0.1109,0.3575,0.3786,-0.0399,0.1003,0.1015,0.028,0.001,-0.1307,0.1195,0.6544,-1.7876,0.0406,-0.2254,2.7948,0.8464,0.0006,-0.1363,-1.4761,0.0988,-0.0898,0.0803,-0.2808,-1.5662,-0.0193,-0.5967,-0.1502,0.2209,-0.4014,0.3644,-0.3703,-0.3607,4.9767,0.9077,-0.0708,0.0922,-0.0771,3.835,5.4998,-0.9633,7.4504,0.0476,-0.0169,0.8719,9.3452,1.6285
742,5802,108,5,running,-1.9077,0.0049,2.5695,4.4648,3.089,1.1255,6.3314,-0.2041,7.377,9.3638,8.4866,15.0186,-0.1794,-2.2519,0.1842,-0.2378,0.265,1.6061,-0.3483,-0.4498,2.4577,-0.0547,0.3589,0.0957,-0.2772,2.6973,4.594,-0.2895,-1.0467,-0.3906,2.8521,0.5475,-0.6563,-0.6349,-0.7464,-1.7984,-0.8893,-0.3108,2.5491,4.6602,-0.5843,-0.6851,-0.9699,-3.8153,0.468,-0.8212,-1.7198,-0.0502,-2.5134,-0.036,-0.3452,-0.0247,-0.4236,0.6138,10.9123,5.7169,11.7675,-0.7369,-0.9727,0.1017,-0.9307,2.9554,4.8551,-0.0603,-0.1129,-0.9444,-0.0212,2.5276,3.9452,-0.8273,-0.1504,0.3006
743,5803,108,5,running,-5.7407,0.9076,2.0092,1.4277,3.8816,7.1285,4.1794,-8.2695,6.2598,8.2315,-11.2743,10.2062,-0.2401,-2.3883,-1.2953,-0.5842,0.0589,1.3797,-1.607,-0.2864,3.5568,-0.085,-0.3461,-0.3581,-0.4782,2.6544,-3.3086,-0.0931,0.0675,-0.6696,5.0439,-0.3387,-0.7841,-0.459,-0.8153,-0.5769,1.034,0.4979,1.5967,-3.568,0.5411,-1.7746,-2.8343,9.4873,0.4805,-1.9399,-1.9123,-0.5695,-2.099,-0.0662,0.4369,-0.6345,0.7428,-5.6163,-0.4356,-1.7382,4.9604,-0.721,-0.7618,-0.0509,-2.0973,1.0225,-0.9443,-0.8491,1.9509,0.6154,0.3505,-0.6964,-3.0756,-0.8468,0.4677,-0.2503
744,5804,108,5,running,-1.9063,0.074,2.5341,3.7386,1.6011,4.8656,0.7962,-0.3886,6.1774,7.1578,8.1264,-2.9574,0.3393,-1.0077,-3.2891,1.0189,-1.2636,0.0546,0.3947,0.2909,2.089,0.3075,-0.5094,-0.4895,0.3799,2.6065,9.6784,0.3544,-1.5549,0.6851,1.457,-0.5883,-0.5902,-0.5769,-1.8566,-0.878,-0.767,0.0311,2.5428,10.8863,-1.5165,-1.4369,-0.9278,-4.7407,0.4679,-0.9236,-1.6136,-0.1013,-1.714,-0.0507,0.1196,-0.0872,-0.0434,-0.974,4.9604,-4.8273,-1.3303,-1.5498,1.731,-0.5187,-0.7117,1.9871,14.5109,0.4276,-0.1306,1.4234,0.3011,2.8214,11.3123,0.6138,-0.1509,0.0803
745,5805,108,5,running,-3.5289,0.0941,2.0186,1.6146,4.8192,3.2557,6.1874,-2.2372,7.1315,8.1642,-1.2639,9.0837,0.2294,-1.3698,-2.4563,-0.4966,-0.3396,1.3092,-1.5927,-0.3878,3.5088,-0.2907,-0.4495,-0.0465,-0.3582,1.0064,-4.6876,0.5584,0.8906,0.6075,2.4079,-0.5899,-0.3491,-1.7085,-0.6783,4.8695,-1.7797,0.0593,2.6953,-4.4881,-0.035,-1.8054,-1.8743,-4.4377,0.4803,-0.5699,-1.799,-0.1103,1.9509,-0.025,0.0708,0.1507,0.3282,1.4277,4.8657,-0.7561,-2.5263,10.6211,0.3002,-0.0388,-0.6143,3.9589,-1.0608,-0.719,-0.1012,1.0871,-0.0508,0.7117,-3.9552,-0.4245,0.0663,-0.9075
746,5806,108,5,running,0.6146,-0.9777,1.8191,2.1489,4.7447,6.0169,3.1286,-2.2584,7.1542,-10.209,-11.4919,8.3544,0.0943,-1.2898,-1.1746,-0.0547,-1.0792,-0.4885,0.2366,0.2953,1.3721,-0.2468,-0.2752,-0.0895,0.0696,1.6797,9.3377,0.4575,-0.6563,0.6083,1.5732,0.3864,0.3691,-0.794,-0.87,-0.5562,-0.5041,-0.5902,1.5856,10.8872,-0.7499,0.947,0.7854,-2.9452,0.4003,-1.7369,11.93,-0.048,-0.035,-0.0508,-0.0332,-0.1013,0.1108,-2.7169,16.7617,-4.8952,-3.8998,2.0473,1.9088,0.3123,0.7706,1.4143,13.9773,-0.7117,-0.3804,-0.0708,-0.3609,1.839,15.1288,-0.6276,0.1003,-0.2802
747,5807,108,5,running,-0.0807,-0.4368,1.1279,-0.5809,2.8443,,,,,,,,,,,,,,,,,,,,,,,,,,,,,,,,,,,,,,,,,,,,,,,,,,,,,,,,,,,,,,,,,,,
748,5808,108,5,running,0.0815,-0.7266,-5.8492,4.9665,1.255,2.6191,3.5885,-3.2698,6.2475,-11.2077,8.0582,7.1463,-1.0797,-1.3764,0.0184,0.2719,0.4974,0.1872,1.2983,0.3393,-1.6695,0.3944,-1.5969,-0.3578,0.096,-4.2896,9.3846,0.3057,-0.4573,0.554,-1.8843,-0.0079,-0.479,-2.8092,-1.8741,-1.5699,-0.5341,-0.0467,-3.8253,10.0691,-0.5998,0.7042,-1.6886,-3.6588,0.4677,0.6451,-0.5499,-0.4853,2.037,-0.101,-0.0562,0.5014,-0.0176,-0.4343,-1.0373,11.6154,1.1515,-1.8971,1.8443,-0.8695,0.8495,-3.6163,15.8482,-0.5244,-0.1505,1.5666,-0.3457,-2.3188,14.9444,-0.8273,0.1129,0.2167
749,5809,108,5,running,-4.8818,0.154,1.799,3.1279,4.8495,2.1742,7.2983,-4.9665,6.0189,8.0566,-3.6813,9.3865,-0.1607,-1.0069,1.2055,-5.259,-1.2703,-0.3558,-3.2823,0.3937,0.0941,-0.5904,-2.6785,0.4424,0.068,1.7846,-3.3386,-0.3074,0.4963,-0.6477,2.4856,0.0894,0.5795,-2.9998,-0.6097,-0.4781,-1.545,0.1192,1.7675,-3.5648,0.457,-0.9589,-2.5384,-0.9675,0.5385,-4.8191,-0.7706,-0.1103,-0.0485,-0.1503,0.5328,-0.0262,0.0216,-0.6306,-1.7299,10.8727,15.719,1.0388,-0.0363,0.3282,0.7212,1.7117,-3.5489,0.9762,0.4006,1.0885,-0.0803,1.732,-3.8255,0.5276,0.1018,-0.3019
750,5810,108,5,running,-1.1849,0.0983,1.0784,2.5138,4.8952,3.9355,6.7407,-0.2896,7.0098,9.2637,8.2382,14.0585,-1.2957,-3.1547,0.3077,15.2062,-0.228,-0.4075,0.3664,0.0625,2.5076,-0.0146,-0.0461,-0.3466,-0.6068,1.6563,-4.3872,-0.3908,-0.5543,-0.6933,-1.4587,-0.7902,0.6794,-1.8856,-3.357,-0.9993,0.5842,0.5986,2.4852,-3.9544,-0.9713,1.9027,-1.7892,10.5695,0.546,-0.8971,-2.033,-0.0257,0.8657,-0.2167,-0.1509,-0.0293,-0.2809,3.0873,1.5341,2.5143,4.8443,-0.4363,-1.4369,-0.3502,-0.4918,2.9574,-2.5648,-0.8191,-0.0506,-0.3232,0.4011,2.1691,-3.5013,-1.4252,0.3806,-0.1017
751,5811,108,5,running,-3.3368,0.714,3.4252,4.5707,1.8695,2.0063,6.2401,-2.2684,7.9086,8.1496,9.3837,10.2959,0.1349,-1.169,1.5869,-3.4719,-1.0518,-1.5583,-3.2842,0.3066,3.2556,-0.3923,-0.2772,-0.4564,0.037,3.8895,2.506,-0.0957,-1.0794,-0.654,5.9874,-0.3632,0.4462,-2.7977,-2.7861,-1.998,-0.5491,0.4375,3.9767,0.8967,-0.4625,0.4893,-1.7664,-4.8549,0.5475,-0.047,-0.536,-0.0692,-0.9558,-0.2257,-0.0456,-0.0219,-0.1014,-2.8986,4.7143,15.5384,-1.5165,-1.7386,0.3102,-0.518,-0.8742,2.6107,1.4277,-0.5187,-0.1503,-0.4017,-0.2807,1.8484,-1.1307,-0.862,0.2606,0.4234
752,5812,108,5,running,-4.318,0.5165,1.7604,2.0194,3.459,6.2957,4.2572,-3.8798,7.0549,-11.2346,8.0942,-4.005,-0.1786,-2.2459,9.0774,15.1858,0.3396,-0.2637,-1.7584,0.2822,2.3689,0.354,0.3967,0.036,0.4844,1.7738,4.0468,0.6961,-0.4792,0.9876,2.7964,-0.9985,-0.0695,-1.5583,10.8851,-0.7805,-3.5695,0.531,2.7863,5.9444,-0.0882,-0.719,-4.937,1.6691,0.6515,-0.5341,-0.548,-0.1015,-0.8482,-0.1198,-0.301,-0.9767,-0.8731,3.0577,-0.8192,-2.9153,14.839,-2.5443,-0.4234,0.7266,-1.5303,2.8191,11.6154,0.8998,-0.1109,1.9777,-0.026,1.9449,5.7706,-1.4254,0.1307,-0.2253
753,5813,108,5,running,-1.1296,0.5276,2.8695,1.265,4.9777,3.1474,-1.6686,-1.094,7.4423,-1.7916,9.056,6.2785,0.0792,-2.2989,-4.6515,0.3376,0.2091,0.2559,-1.3094,0.3411,3.4842,0.389,-1.0088,0.0695,-0.2801,2.4761,8.5593,-0.3937,-0.6832,-0.7563,3.4583,0.4969,-0.588,-2.3581,-2.7798,-1.6497,-0.7084,0.6743,3.7841,14.0421,-0.5399,0.0872,-1.7317,-5.6217,0.4676,1.8719,-0.8212,-0.5427,0.0756,-0.037,0.021,-0.4249,0.5718,2.5998,-4.839,15.9574,-2.9773,-1.8333,-0.5341,0.0518,-0.9123,3.0332,13.849,-0.6146,-0.3014,0.5809,-0.0809,1.6107,16.9509,-0.8391,-0.1194,-0.2257
754,5814,108,5,running,-1.816,0.0084,3.5289,2.6398,1.9084,4.0111,8.1578,-0.2638,6.3389,7.0737,9.1323,-0.6817,-1.5561,-3.0546,-0.1881,-4.4896,-1.0949,-2.2077,0.3936,-0.4431,3.4543,0.354,-0.5967,-0.4791,0.2972,1.9509,1.6965,0.605,0.3083,-0.3475,3.0665,0.0225,0.0499,-0.7071,15.5464,-0.989,-0.8893,0.7952,2.9644,2.6663,-0.588,0.0692,-1.7464,-4.8273,0.6007,-0.9414,1.9513,-0.2167,-1.7161,-0.1122,0.0806,-0.5625,0.0329,10.5648,-2.7614,1.9713,16.736,-0.6276,-1.8212,0.8527,-1.0818,2.9589,1.6604,-0.0363,0.2303,0.5408,-0.5164,1.9444,2.7992,-0.5809,-0.0506,-0.3709
755,5815,108,5,running,-4.7386,0.1385,2.8391,4.5134,1.1765,3.1855,6.269,-2.1178,7.1291,8.1479,9.332,-5.3876,0.2364,-1.2746,-1.2482,0.2593,-0.0867,-0.0598,-1.4849,0.0169,1.2821,-0.0929,-2.594,-0.0345,0.0099,1.3941,-5.6077,-0.3775,-0.7094,0.3087,1.6631,-0.5788,0.0434,-0.4742,-2.5408,2.898,-0.4474,0.025,2.5883,-3.7992,0.3254,0.84,-1.861,-4.0608,0.5752,-0.8191,-4.0695,0.0508,-3.531,-0.0768,-0.2309,0.0585,0.1106,1.3155,12.8333,16.0262,2.9623,14.0999,-0.0458,0.3122,-0.8695,2.8372,-3.9722,0.3449,-0.0277,-0.5165,-0.2162,1.726,-3.8443,-0.6143,0.2607,-0.3606
756,5816,108,5,running,-5.6383,0.0518,4.0185,1.8484,2.0946,7.9278,3.7116,-0.889,6.0884,-11.2615,8.2559,9.3369,1.2064,-1.1423,-1.2702,-2.3586,0.4943,-2.2993,-0.6697,-0.2474,3.458,-0.2263,-1.5561,-0.5081,0.5828,3.0042,-2.3082,0.4489,-0.3867,-0.0778,4.3683,0.4796,-0.3765,-1.3499,-5.9868,-2.064,-2.777,-0.3976,3.577,-3.034,0.6108,-0.566,-2.5165,0.7948,0.5426,10.5219,-0.7592,0.0458,-1.9436,-0.0411,0.2169,0.1349,0.1102,4.9515,-2.6103,-0.7587,-0.5143,-6.42,0.0449,-0.0443,0.8998,2.732,-1.7408,0.0505,-0.1015,-0.3282,-0.1192,3.0759,-2.819,0.0708,-0.0804,-0.1009
757,5817,108,5,running,-1.0186,0.7143,2.9574,1.0849,3.1398,4.8273,7.1479,-1.0985,6.1895,9.2788,8.2811,1.2378,-2.1607,-1.2064,-1.5983,0.3084,-0.269,-0.4437,-0.3697,0.4042,1.3877,-0.0581,-0.6663,0.047,0.588,2.4846,-2.6943,0.3594,-1.4789,0.3475,5.0645,0.3376,-0.0056,-1.7386,-1.6096,-1.6792,-1.6865,-0.395,2.7992,-0.8656,0.5695,-0.7499,-3.9314,-0.5761,0.5554,-3.8498,-4.722,0.8747,-2.8215,-0.0375,-0.1192,-0.3003,-0.0586,1.4252,10.8443,-1.5809,15.8192,-4.8952,1.0663,-0.7319,-1.022,3.7407,-0.0663,-1.0388,-0.4015,-1.1281,0.3156,1.6108,-0.9123,-0.4007,0.1507,-0.1012
758,5818,108,5,running,1.4232,-0.0761,3.8489,0.9077,2.089,4.0582,7.0988,-0.1691,6.1415,8.2072,9.3797,16.3083,-0.2374,-1.3498,-1.6064,1.3343,-0.4022,-1.5595,1.355,-0.0185,3.4865,-0.0427,1.2867,0.2542,-0.2957,2.3694,-2.8977,0.467,-0.3947,-0.7959,4.9966,-0.6941,-0.8086,-0.4945,-0.5896,-3.0692,-0.4481,-0.0038,2.6852,-1.7875,-0.5636,-2.0999,-4.5491,-1.8798,0.4679,-3.6143,-2.5464,-0.0205,-1.8657,-0.03,0.0173,0.318,-0.5399,-0.6216,10.9458,-5.6146,15.637,-2.3139,-0.8499,0.5165,0.5109,2.3188,-1.8727,0.0503,-0.2603,-0.0684,-0.0803,1.6397,-0.9236,0.5015,0.1017,0.3502
759,5819,108,5,running,-4.5382,0.1395,2.8657,1.6146,4.7384,3.9452,8.1282,-2.4918,6.0161,7.1674,9.0548,-0.6697,-3.2969,-1.2036,-0.2408,-3.5585,-0.3499,-1.2733,-2.289,-0.3584,1.4538,0.3973,-1.5983,0.5077,-0.264,2.7591,-6.0063,0.0981,0.6067,-0.8831,4.6865,0.0375,-0.0433,-1.7096,-5.4794,-2.078,-0.4464,-0.43,3.6708,-0.8941,-0.46,-1.532,-0.9558,10.7619,0.5799,-0.5491,-0.5615,-0.0693,-3.5872,-0.1192,0.1122,-0.1002,-0.0216,0.7962,1.7117,3.7816,0.5143,-2.8636,-1.8799,-0.4234,0.9814,2.4363,-3.8952,-0.7187,-0.3647,0.7369,0.3609,2.9444,-1.7386,0.9355,-0.1304,-0.4012
760,5820,108,5,running,-4.1881,0.7604,3.3111,1.5384,2.1466,4.9076,-1.2375,-1.241,6.8813,-0.49,7.1762,8.3374,0.4085,-2.389,-0.3095,-2.2826,0.2704,-1.0867,-0.5944,0.3789,3.2569,-0.3941,0.5036,0.2943,-0.0561,4.5834,-0.3556,0.0697,0.4882,-0.0178,3.6545,0.6084,0.4742,-1.7072,9.0946,0.5718,0.6887,-0.038,3.6498,-3.7955,-0.946,-1.8013,-2.5695,0.7796,0.5491,3.9971,-0.8333,-0.535,-0.9444,-0.026,-0.3453,-0.119,-0.301,10.5341,1.5276,16.7117,14.7386,-1.7299,-0.6311,-0.1017,0.8952,2.7107,-0.8635,-1.8316,-0.9375,-1.9355,0.6143,2.8273,-2.5998,-0.0802,0.1008,-0.2803
761,5821,108,5,running,-3.1869,0.0812,3.8398,1.0549,6.6397,2.1598,4.9079,-1.2095,7.0986,1.3514,8.0142,10.3323,-0.2964,-1.3977,0.0083,-0.6694,-0.289,0.3491,-0.4846,-0.456,2.2404,-0.3092,-1.5562,-0.268,-0.3872,3.4427,-5.0631,-0.4799,-0.4082,-1.3684,1.6588,-0.575,0.8967,-0.7953,9.7861,-0.7581,1.7073,0.6843,3.8117,-4.8531,-0.022,-0.5863,-0.5601,-3.8484,0.5944,-4.7198,-0.8742,-0.54,-1.4303,-0.0344,-0.3705,0.101,0.6138,11.5489,-1.8656,15.9622,13.768,-0.8333,1.6604,0.3002,-2.5648,2.0457,-3.4363,-0.5121,-0.4005,-0.3506,-0.1006,4.9775,-3.0999,-0.6011,0.2166,-0.3404
762,5822,108,5,running,2.6346,-0.1586,3.539,0.8443,1.7447,6.1672,4.0792,-1.0818,7.0099,-10.1378,8.2406,-6.2398,-0.0185,-3.1774,-2.6061,9.259,0.2969,-1.2781,-1.0949,0.3783,3.4566,-0.2655,-1.4867,-0.4431,0.3895,3.4787,-0.3928,0.3391,-1.3694,0.0563,5.7965,0.035,-0.4375,-1.7089,-1.9589,-0.6496,-0.8846,0.5973,3.5857,-0.6607,-0.809,-0.6876,-3.5426,-0.8484,0.534,1.0464,10.564,0.0266,-1.8952,-0.1303,0.0504,0.0293,-0.1194,-5.0472,-1.7407,-1.7717,3.8489,-4.9775,-0.1015,0.3503,1.0971,2.5396,-0.3131,0.0582,0.0225,-0.9313,-0.2208,1.1572,-0.3454,-0.8468,0.2162,-0.3019
763,5823,108,5,running,-3.0088,0.1536,3.5202,4.9077,1.0895,2.2556,6.0196,-3.2893,7.0982,8.1665,0.4577,9.0464,0.1874,-1.1468,-1.3876,14.1789,0.2933,0.1937,-0.5083,0.4094,2.6961,-0.4467,-1.5899,0.068,0.0547,3.7585,0.6053,0.4963,-0.3042,0.03,2.669,0.3954,-0.5792,-2.5946,-3.7852,-0.5541,0.0662,0.797,3.4843,0.8711,-0.8499,-1.9123,-0.5349,-1.9405,0.4505,-1.9773,2.719,-0.3008,-2.9737,-0.1129,-0.9872,0.0708,0.0451,4.628,2.6163,-0.0214,10.6397,-6.866,0.6296,-0.3503,-0.0704,2.3114,-3.8998,-0.732,-0.2162,0.4994,-0.1002,1.5341,1.0759,-0.9777,-0.1106,-0.3609
764,5824,108,5,running,-3.9231,0.0946,2.8826,1.6138,4.1776,3.1423,7.059,-2.8952,8.1875,6.2091,9.1369,0.4837,-1.3685,-1.3059,-3.0778,-0.0174,-1.4577,-1.5565,-0.4794,0.2598,2.2768,-0.4049,-2.7972,-0.3543,0.0883,4.4462,-1.7042,0.0066,0.0464,0.3956,2.3497,0.3384,0.3896,-3.7384,-3.9981,-3.5494,0.5052,0.636,2.7387,-1.9527,0.5457,-0.8695,0.4369,-5.5718,0.5893,0.8967,1.5321,-0.4223,-3.4999,-0.0345,-0.0692,-0.8096,0.0458,-3.86,-0.3232,11.3114,10.0388,-0.9446,-0.8192,0.0759,1.9777,2.8711,-1.9403,-1.427,0.0219,0.6108,-0.0806,1.9773,-0.4234,-0.8482,0.1013,-0.1505
765,5825,108,5,running,-5.8695,0.1857,2.616,1.0947,4.0195,3.1288,7.9082,-4.0792,6.1139,8.3784,9.1374,-0.3346,-0.2062,-2.2842,-0.6669,-0.4072,1.4582,-0.059,-0.7564,0.2693,2.5549,0.306,-1.598,0.0698,-0.2976,2.6548,-1.6777,0.0464,1.3496,-0.7899,4.507,-0.0091,-0.3538,-1.3681,-3.8973,-2.4461,-1.0328,0.5468,3.7953,-0.8617,-0.9718,0.7393,-0.9644,-5.5615,0.5851,-0.6103,-0.4648,0.1012,-0.6138,-0.0211,0.1509,-0.3003,-0.2251,-1.8518,10.0504,1.7384,15.7604,0.9278,0.6602,0.0187,-1.4252,3.5341,-1.6708,-1.4272,-0.8313,0.4995,0.0455,1.9763,-1.6998,0.9411,-0.1191,-0.0663
766,5826,108,5,running,-1.5337,0.714,2.9666,1.2375,3.1686,4.1396,-1.2989,-1.3582,6.2784,-1.4946,7.442,8.1864,-0.339,-1.2553,-0.4898,-2.0069,0.0791,-0.2842,-0.3877,0.0558,2.0873,0.5543,-0.0161,0.3957,0.4034,2.888,9.3637,0.0965,0.6894,-1.6095,1.0631,-0.037,-0.0467,-0.5085,-0.6672,-1.7947,-0.7445,0.7876,2.9558,15.7408,0.5464,-0.7169,-0.5699,-0.5952,0.3703,0.6311,-4.0387,0.8744,-0.6011,-0.0008,0.1015,-0.1308,-0.4165,10.3145,1.9403,16.6211,11.0171,0.8311,-2.6191,-0.9446,0.9278,3.4357,12.9375,-0.8153,-0.4232,0.0759,-0.5015,2.7143,20.5333,-0.5018,0.0219,0.0803
767,5827,108,5,running,-1.5347,0.0023,2.4343,3.6379,1.799,6.1519,7.1279,-1.839,4.9076,9.2482,8.0195,-3.1394,0.1466,-0.085,1.5883,16.3618,0.5543,-2.3798,-1.3928,0.3896,2.0986,0.4085,0.6851,-0.0569,0.0634,2.456,10.3088,-0.4742,-0.6563,-0.4475,1.5946,-0.3552,-0.7748,-2.8949,-0.7041,-3.5498,-0.8056,0.5663,2.5799,14.6797,0.6462,-1.7873,-2.8467,-4.7617,0.4508,-0.932,-2.7423,-0.1199,1.619,-0.036,-0.0434,0.025,0.3123,-0.877,0.905,3.8443,-0.721,-1.5808,-0.1017,0.3457,0.8489,2.6106,15.9449,0.6276,0.0503,-0.4648,-0.1304,2.512,13.4197,0.3143,-0.3809,0.3017
768,5828,108,5,running,-1.4277,0.0718,2.9574,3.0586,1.8482,4.0013,6.7161,-2.2384,7.129,8.4791,9.3698,11.2695,-0.3585,-2.1769,-0.4815,15.0877,0.4563,-1.5893,-0.2555,-0.3782,3.2973,-0.4074,-0.5083,-0.0143,0.0433,1.2757,2.6794,-0.3097,-1.4942,-0.3946,2.0961,-0.342,-0.3872,-1.6544,-1.7941,5.0375,0.8906,-0.6687,2.7369,3.5953,0.7096,-0.9956,-3.7664,10.8851,0.5414,-1.7233,-2.9777,0.8022,1.6878,-0.101,0.0332,-0.1509,-0.1002,1.6062,-2.9355,2.4177,3.7231,-0.4236,-0.6276,-0.3456,-2.028,1.1258,3.0908,-1.9558,-0.4005,-0.7406,0.0504,2.6108,3.7805,-0.3993,-0.3805,-0.2202
769,5829,108,5,running,-1.9141,0.4348,1.5398,2.6602,4.0182,3.8273,7.1561,-1.2474,9.0072,6.1894,8.3799,2.1347,-1.1764,-2.3876,-0.055,-5.2523,-0.2675,-1.4428,-0.5833,0.0785,2.659,-0.3583,-0.4084,-0.0466,0.0943,1.3956,2.7949,0.0897,0.5588,-1.5768,3.6034,-0.7792,0.8903,-0.9851,-3.5973,-0.3667,-0.458,0.6954,2.4862,3.6998,-0.0696,-0.8712,-0.839,-4.7071,0.6327,2.4303,10.537,0.028,1.9236,-0.0387,0.1302,0.416,-0.0708,-1.5013,-5.9644,0.8645,-1.6108,0.0663,-1.8489,0.0488,-0.7299,3.9558,1.7893,-0.0404,0.2202,0.7269,0.1191,1.9452,3.7992,0.9512,0.0506,0.3403
770,5830,108,5,running,-1.0277,0.731,-1.8484,3.6143,-3.722,-1.9278,0.868,,,,,,,,,,,,,,,,,,,,,,,,,,,,,,,,,,,,,,,,,,,,,,,,,,,,,,,,,,,,,,,,,
771,5831,108,5,running,-1.331,0.5808,3.0886,1.9574,2.1292,4.7706,6.0183,-3.2689,7.0942,9.0791,8.1396,15.2584,-3.1565,-2.237,-1.382,-4.5582,-0.2466,-0.309,-2.5969,0.004,2.3558,-0.2988,-0.3985,0.065,-0.6462,3.7905,-3.7593,0.0466,-0.4568,-0.434,5.7837,0.4867,-0.0325,-0.4474,-2.9773,-1.6163,0.4749,0.0215,3.5718,-1.7386,0.6061,-1.0603,-1.9854,-1.998,0.4601,-0.5364,1.4648,0.1014,-0.766,-0.0506,-0.1508,-0.6345,-0.0804,10.4296,-1.9604,11.7369,4.7794,-3.8489,1.0485,0.734,-1.8398,3.9558,-0.6106,-0.9721,-0.2165,-0.3506,0.4018,2.9644,-1.8443,0.0447,0.1193,0.2605
772,5832,108,5,running,-1.7177,0.9574,2.0164,1.4377,3.6143,4.0976,6.0079,-1.1516,7.1788,9.0811,8.0548,11.2384,-0.2594,-3.3718,-0.655,0.559,-1.2658,0.2783,-0.7563,0.0634,3.4799,-0.0782,-0.3881,-0.2891,0.336,1.448,0.2989,0.4639,0.3697,-0.7862,4.7795,0.6852,-0.6903,-1.5902,-3.6686,-0.5745,0.7074,0.0468,2.7387,-2.564,-0.5413,0.6451,-2.6773,-3.4953,0.5752,-0.9777,-0.7217,-0.1012,-2.9885,-0.2165,-0.0663,-0.0861,-0.0803,-4.8717,-0.9636,-3.5263,13.9329,4.0981,-1.1286,0.7291,-0.928,2.1595,-0.7384,-0.0164,-0.0505,1.3277,-0.3008,1.0232,-3.7169,-0.3508,-0.1105,-0.3454
773,5833,108,5,running,-5.3177,0.1742,2.4236,4.8484,3.7182,1.2385,6.0961,-1.0886,7.2488,8.0177,9.1462,12.3718,-1.1343,-1.2748,-0.1607,-0.2989,-0.054,0.2053,-2.2863,0.2696,1.5581,-0.4957,-0.5898,-0.355,0.607,1.6902,10.4766,-0.3891,-0.6467,-1.0099,1.4439,0.348,0.4546,-0.8013,-3.7582,-0.7965,-0.689,0.5954,2.9665,14.6451,0.035,1.0428,0.875,0.819,0.3452,-6.5616,15.8417,0.0697,0.6602,-0.0807,-0.1009,-0.1194,-0.2204,2.9499,1.74,11.7893,16.0456,-1.0708,1.7319,0.9777,-1.4377,2.5143,13.7619,-0.0504,-0.1124,-1.954,0.0409,2.0984,27.8325,0.0756,-0.2508,-0.3707
774,5834,108,5,running,-1.9604,0.8192,4.0181,2.5998,1.799,3.5895,7.3397,-0.1283,6.1866,8.0079,9.1439,15.1786,-0.266,-0.2874,0.0598,-2.4943,0.3799,-1.309,-0.0942,0.4562,4.0792,-0.0878,-0.2546,0.4876,0.2741,1.6875,1.3655,0.5067,-1.6959,0.4465,3.0431,-0.038,0.025,-0.6489,10.477,-0.7788,0.5784,0.5427,3.9123,-2.964,-0.736,0.0694,0.7386,-2.416,0.568,-0.8537,4.5396,0.0756,-0.8255,-0.1012,0.5313,-0.5491,0.1191,0.5494,-1.0456,3.826,2.5408,1.0663,-0.8489,-0.6375,-0.7117,3.8717,-1.9236,0.2366,0.3018,0.6349,-0.3704,2.9509,-0.6103,-0.0608,-0.3009,-0.3451
775,5835,108,5,running,0.8982,-0.9278,2.1783,1.5809,3.0568,4.7604,6.1492,-3.1879,8.493,7.2385,9.0796,15.1315,1.1669,-0.3374,-0.0942,-0.2943,1.229,-1.2787,-0.2403,-0.3468,3.377,0.3936,-0.0163,-0.0825,0.2895,2.2688,-2.5889,0.4765,0.6718,1.4838,1.4097,-0.605,0.0046,-1.0475,-2.5764,4.6694,0.5559,0.068,1.9665,-3.7845,0.8617,0.4472,-0.716,-0.0458,0.4403,-2.7384,-0.8695,-0.4223,1.5333,-0.028,0.1122,-0.7619,-0.3452,0.7799,2.9317,5.9446,10.6215,-2.7408,-0.0505,-0.414,-0.7326,1.9355,-3.6602,-0.6309,-0.4006,-0.9123,-0.0806,1.8219,-1.799,-0.4015,0.1015,-0.3608
776,5836,108,5,running,2.1875,-0.5018,0.4252,3.8117,1.9084,7.1572,4.8913,-2.0092,6.1469,-0.2655,8.2548,15.1295,-0.3546,-1.0184,-0.2447,-1.2953,1.4088,0.459,0.5868,0.0774,-0.0963,-0.385,-0.2364,0.0577,-0.033,-0.2749,9.2857,0.3906,-1.7873,0.7091,0.5165,-0.3485,0.4493,1.7143,-3.3743,10.568,-1.5952,0.6796,-2.9795,14.6599,0.7384,1.714,-2.9458,1.9446,0.5491,-3.6697,-3.04,0.1015,1.6079,-0.0007,0.5414,0.0212,-0.0806,-0.7169,5.9452,-1.8711,-5.616,-0.9414,-0.4451,0.4343,0.8313,-3.8489,12.6276,-0.0998,-0.3003,-1.3147,0.3139,-1.9773,16.1786,-0.9876,-0.1503,-0.1009
777,5837,108,5,running,0.0561,-0.9061,1.7384,2.8273,4.4917,3.0962,7.0892,-1.3389,6.0188,9.2694,8.0746,-4.2884,-2.1347,-1.4074,0.1642,-2.4823,-0.1934,1.3967,-0.2557,-0.0465,1.669,-0.3586,0.2769,-0.0093,0.2959,1.3632,-0.6095,0.4543,0.7738,0.3099,0.785,-0.5582,-0.537,-0.7675,-0.7393,-0.968,0.5879,0.9856,1.7387,-0.5446,0.6497,1.54,-0.6344,-0.6885,0.5759,-4.5378,-1.034,-0.0225,-2.8695,-0.1006,0.0266,-0.7315,-0.0009,-1.5109,10.4505,2.8744,14.9444,-2.6108,1.8317,-0.4271,-0.9777,1.4222,0.5408,-0.8333,0.0608,-0.6011,-0.2259,1.4303,-0.1014,-0.4343,0.1506,0.3451
778,5838,108,5,running,-3.5396,0.0784,2.7161,1.9777,4.1363,3.2985,7.8387,-1.669,6.0099,10.1206,-1.607,9.2655,0.3577,-1.2062,1.1536,-2.0973,-0.5072,0.4065,-3.2547,-0.2275,3.0849,0.3905,0.4868,-0.4469,0.2737,8.7843,1.7941,0.2842,-0.0189,-0.4546,2.3496,0.8094,-0.037,-1.6492,0.9871,-1.8333,0.5902,-0.547,3.4232,-2.5787,0.5888,0.6783,-0.8952,15.0464,0.568,0.5491,-1.4252,-0.5109,-0.9666,-0.1507,0.1106,-0.3137,0.4249,11.9325,0.5187,3.8213,5.5707,1.9567,-0.5341,0.8484,-0.9717,3.7117,-1.7447,0.8616,-0.741,0.4648,-0.0998,2.7636,-1.9449,0.1014,0.0332,-0.2603
779,5839,108,5,running,2.9062,-0.714,1.6143,0.4303,4.0789,3.1878,6.0892,-3.3398,7.3812,8.1719,9.1567,15.2972,-0.2461,-2.1691,-3.6543,0.2521,0.2349,1.2655,-0.4584,-0.4799,3.2744,-0.0546,-0.6681,0.3683,-0.0094,1.4035,-1.0168,0.0344,-2.5882,-1.377,0.7786,0.4869,-0.0941,4.8096,-0.646,-0.7985,-1.8876,0.5042,3.8495,-3.5633,0.5713,-0.5902,-1.0644,-2.7553,0.628,2.8712,10.0499,-0.4368,0.8333,-0.1308,0.1002,0.3122,0.1102,-4.0247,-0.7317,-3.9518,11.4252,-3.1297,0.0456,-0.089,-2.8998,3.0277,-0.4236,0.8376,-0.741,-0.3506,-0.0409,2.3139,-1.9355,0.0455,-0.2254,-0.0508
780,5840,108,5,running,-4.5173,0.1606,2.9236,1.1349,4.7143,3.8333,-11.1546,-1.3797,6.1438,-10.2361,7.0874,8.2585,-0.009,-2.2694,-2.0928,0.6663,-0.4791,0.3941,-0.6575,-0.2401,2.3682,0.2983,-3.6988,-0.3462,-0.3589,1.5064,-5.0578,0.047,0.4432,-0.0731,1.7902,-0.5799,-0.4326,-2.5981,-2.6895,9.4555,-0.6056,0.0313,2.7786,-4.8742,0.5467,-1.5892,-0.9665,-0.5341,0.4852,4.8468,1.538,-0.4286,1.9633,-0.0593,0.1003,-0.1015,-0.3451,-0.9449,-2.9873,-0.8192,1.1546,10.5263,-0.7619,0.0473,-1.7214,2.9278,-3.799,-0.427,-0.2807,-0.5648,-0.3504,1.4187,-3.5157,-0.3808,-0.2509,-0.1308
781,5841,108,5,running,-1.5382,0.4393,1.7141,4.6138,3.8695,6.0947,2.9079,-0.4082,-0.7585,7.2701,8.0812,9.237,1.189,-0.2696,0.2443,-0.3886,-1.2235,-1.3962,-0.4957,0.3393,2.6946,0.3655,-2.5834,0.0078,-0.6064,2.4867,0.6583,-0.4563,-1.4477,-0.748,1.9989,-0.0691,-0.0573,-1.3795,-4.685,0.9861,-0.5014,0.6651,2.0456,-3.5976,0.9737,0.0603,-0.536,-4.56,0.5415,2.8428,-1.427,0.0411,-0.7216,-0.034,0.022,0.0663,-0.8871,-2.9427,1.874,2.794,5.4177,-0.5303,-0.3994,-0.3003,0.5276,1.4363,-3.9278,-0.0181,0.0508,-1.1194,0.0806,2.7169,-3.6163,-0.3254,-0.0005,-0.2608
782,5842,108,5,running,-1.4379,0.1392,2.7604,1.5846,4.5378,3.1517,7.9446,-1.0896,6.1462,8.2595,9.3874,11.2637,0.0198,-3.209,-1.2867,-0.4023,-0.0548,-1.507,-2.6068,-0.2406,1.5983,-0.0941,-0.0065,-0.0782,0.3461,2.3685,-4.7588,0.4547,-3.6633,0.0399,2.6984,0.0464,-0.3973,-0.7952,-0.3543,-0.8972,-0.448,-0.4978,2.5648,-4.7786,-0.5625,1.6375,-3.7617,-2.536,0.5781,1.4303,2.512,-0.546,1.9887,-0.1503,-0.3009,-0.5591,-0.0608,10.9452,15.4234,3.8764,5.9746,1.6309,-0.0217,-0.5408,-3.8121,2.0171,-3.8153,-0.085,-0.1109,-0.5157,-0.4252,1.4963,-3.9435,-0.5187,0.0508,0.1197
783,5843,108,5,running,-3.5665,0.1395,2.1546,1.0892,6.9458,3.619,4.4918,-2.8255,7.0182,8.3712,9.3906,10.0955,-1.2369,-3.3691,-0.2961,-0.2897,-1.0072,-0.309,-1.2593,-0.3581,2.6056,0.2789,0.4563,-0.4424,-0.405,3.658,-3.0764,0.038,-1.5888,-1.5931,5.7067,0.0541,-0.4896,-3.7947,-0.7898,-2.8512,0.7587,0.3857,1.9452,-3.6873,0.6683,0.616,-1.7784,-2.9574,0.5211,-0.5457,-0.5341,-0.0506,-4.0499,-0.1193,0.2508,-0.7475,0.1006,2.0249,-5.4303,0.7618,3.0216,15.0756,-0.9762,0.862,-0.7447,2.8191,-2.8273,0.8192,0.4008,-0.4234,-0.9499,0.6397,-2.7992,0.7299,-0.2303,0.2803
784,5844,108,5,running,-1.1201,0.1405,2.9076,4.4307,1.5648,3.7177,7.1769,-2.2697,6.0891,8.496,-2.3967,9.1572,-0.3381,-2.0984,-0.1868,15.2762,-1.227,-1.2557,-1.4547,0.3664,3.3743,-0.239,-0.7904,-0.4055,-0.3565,4.6693,-0.9946,0.3875,-1.8906,-1.348,3.785,-0.4898,-0.7794,-3.5998,-4.5976,-1.86,0.0319,0.5888,1.8667,-3.9762,-0.427,-0.8333,-3.8273,-0.5623,0.5464,-0.8745,-0.9528,0.3759,-1.9509,-0.1003,0.0509,-0.101,-0.2507,3.6313,11.8501,10.0999,16.7457,-0.9645,-2.3255,0.9558,-1.5109,1.9557,-3.3303,-0.3244,-0.7426,-0.9449,-0.1508,1.5408,-2.5663,-1.5165,0.0804,-0.1196
785,5845,108,5,running,0.0077,1.5382,-4.0963,4.7161,2.129,3.9452,8.3382,-2.1495,7.1766,6.3911,9.1801,0.2635,1.368,-3.0547,1.494,-16.3793,1.4827,-2.4428,-0.2585,-0.2989,-3.7923,-0.5868,-2.6984,-0.2457,0.063,-2.9865,0.0876,-0.5096,-1.6792,-3.5542,-1.996,-0.7061,-0.7846,-2.0771,-3.0462,-1.6491,-0.9775,0.5943,-2.8841,0.0662,0.9499,0.5415,-2.7386,-1.8718,0.565,-3.5489,-1.7406,0.0328,0.8613,-0.0218,-0.1509,0.0811,-0.532,10.719,0.4396,11.9446,15.4234,16.7318,-1.744,-0.1194,0.9773,-2.0185,1.0078,-0.3607,0.3508,-0.4993,0.0756,-3.8656,-0.1304,0.5013,0.0809,0.0388
786,5846,108,5,running,-3.6602,0.0105,2.1461,1.719,4.9062,3.8273,6.0896,-1.3718,7.2742,9.0973,8.0712,12.1667,0.1379,-2.0049,-1.6936,0.268,-0.229,0.4083,1.2075,0.3368,2.6638,-0.3085,0.4581,0.4824,-0.046,3.5886,0.3557,0.8862,-2.5964,0.6592,3.8972,-0.03,-0.4799,-1.7782,-3.9853,-1.5041,-0.5563,-0.4443,1.747,2.8737,-0.7895,-0.0663,-2.9452,-0.8417,0.566,-2.7645,-2.5341,-0.0756,10.6451,-0.0473,0.0603,-0.0388,0.0249,-1.0491,14.0215,0.4236,15.699,11.8492,0.9775,-0.0456,0.6309,2.5695,2.937,-0.0663,-0.0709,-0.1194,0.0708,0.948,1.7117,0.4012,-0.1107,0.3458
787,5847,108,5,running,-3.5382,0.4234,2.6143,1.9086,3.839,4.0165,6.0797,-2.493,7.1437,8.0099,9.2826,10.1542,-0.1784,-3.3861,1.2077,15.1872,0.3985,1.5583,0.0953,-0.3587,2.2905,0.2567,0.2443,-0.064,-0.4831,2.6964,-1.589,0.5094,-0.7851,-0.3395,5.3468,0.3632,-0.03,-2.0759,-1.447,-1.456,-0.8946,-0.8085,3.8191,-0.5791,0.9893,-1.7962,-0.8863,-0.7675,0.5954,11.0475,-2.0249,-0.1103,3.8153,-0.028,0.567,-0.6696,0.3458,0.8273,3.3157,1.6138,12.0881,16.6108,1.5665,0.0892,-0.828,2.3125,-1.4277,-1.8616,0.9123,-0.5452,-0.2165,2.8117,-0.1274,-0.0755,0.1018,-0.0803
788,5848,108,5,running,-3.5665,0.1585,2.9088,3.129,4.1463,1.0764,7.0189,-1.3313,6.2596,9.0946,8.0588,-0.6944,0.2472,-1.2986,-0.3784,-4.2719,0.4028,-1.3976,-2.0082,-0.3467,2.4958,-0.368,0.3898,-0.0399,-0.3068,4.5543,-1.5081,0.0847,-0.796,-3.0697,1.9777,-0.3541,-0.4577,-3.9542,-3.6651,-1.547,-0.0465,-0.5375,2.568,-3.5791,-0.1012,-0.8744,-1.92,0.7893,0.5396,16.5969,10.619,-0.0262,-3.0608,-0.2309,-0.1103,0.5165,-0.3171,-2.0249,0.3143,2.832,14.0373,-0.5303,-1.625,-0.1509,0.9437,1.7169,-3.7408,-1.74,0.3449,1.735,-0.028,2.616,-3.9278,0.1194,0.0809,0.2507
789,5849,108,5,running,2.0183,0.1256,-4.8868,1.5491,3.8398,4.2393,6.1417,-2.0889,8.2685,7.0063,9.3764,-1.3313,-2.3969,-1.1658,-4.1894,-1.3586,0.0955,-2.0528,-1.4075,0.4782,-2.0746,0.0429,-0.459,-0.2748,0.6543,-4.7736,-3.3866,-0.3491,-0.7084,-1.796,-0.5761,-0.5053,-0.5902,-0.6742,-4.9995,-0.7852,0.768,0.0696,-4.7311,-3.8741,-0.3108,-1.4474,-5.6602,-2.5695,0.3709,-1.5341,-0.4143,-0.1509,-0.4396,-0.0344,-0.0603,0.0708,0.0262,-4.6303,-1.5408,-0.7299,1.6998,15.9773,0.5808,-0.0407,-1.427,-3.9666,-0.9766,0.3503,0.4019,-0.3125,-0.1302,-2.3171,-2.6276,-0.1191,-0.3006,-0.1008
790,5850,108,5,running,-1.3171,0.0937,2.8191,1.0547,3.5452,6.2394,4.1285,-9.1595,7.3689,-3.0773,8.1786,9.1872,1.2099,-2.0177,-0.3066,-0.6884,-0.3879,1.2683,-0.2558,-0.2782,4.5902,-0.4865,-0.6034,-0.3346,0.4067,1.3543,-1.0032,0.4961,-2.0896,-2.7844,4.8656,-0.7576,-0.6955,-0.809,-0.0439,0.887,-0.5364,-0.0645,2.9874,-4.6163,0.0473,0.8742,-0.5617,1.93,0.577,-6.5499,3.9718,-0.0399,-0.6375,-0.1015,-0.1102,0.0266,0.0456,-0.621,-2.8443,10.4294,15.0973,0.6681,1.4348,-0.0508,-0.3114,2.4343,-3.5491,-0.7299,0.3255,1.9666,-0.0804,1.189,-5.8376,-0.3991,-0.1309,-0.3604
791,5851,108,5,running,-1.0585,0.9079,3.4303,1.6309,2.8333,7.7161,4.1565,-2.0878,6.0172,-0.4917,-0.6075,9.0088,-0.3343,-2.3077,8.2361,1.1656,0.2035,-0.3463,-1.3793,0.2584,4.6697,0.3689,-0.4094,-0.0929,0.2654,3.4869,1.3947,0.068,-2.5868,-0.5564,3.4645,0.4432,0.5076,-2.389,15.9895,-4.047,0.5967,0.5325,3.0663,-1.9941,0.4356,0.5398,-2.9633,5.7902,0.4297,-0.4272,0.8711,-0.0301,0.7386,-0.1011,-0.2162,0.0586,0.0488,-2.5998,-0.5718,-3.736,10.8313,-0.0708,-0.6011,0.0582,-0.5707,3.9666,0.7592,-0.3603,-0.3007,-1.7422,-0.0509,1.8952,-1.1371,-0.3156,-0.2603,-0.1191
792,5852,108,5,running,-3.8255,0.1806,1.171,3.5121,2.0567,4.9665,6.1372,-3.1296,7.3879,8.0849,9.1642,16.0791,-1.2485,-1.2884,-0.2925,-0.0986,-0.2095,-2.0065,0.5948,0.4573,1.264,-0.3393,-1.373,0.3957,0.3547,2.9988,10.6697,0.7598,1.6936,1.0468,1.347,0.0183,-0.5589,-1.5864,-0.786,-1.6349,-2.468,0.3709,1.9236,11.945,0.7619,1.4487,0.4321,0.7781,0.6319,-0.8273,15.8695,-0.4254,1.5375,-0.0328,-0.5625,0.4277,-0.1014,1.3139,4.3102,2.0388,-1.0708,-1.8215,-0.3504,0.4013,0.055,1.9574,14.9088,-0.4223,0.5165,1.0684,-0.1503,0.7475,12.4177,0.6296,0.0504,-0.1005
793,5853,108,5,running,-3.1486,0.1206,3.9084,1.8398,2.7117,4.619,-0.0194,-3.2389,7.1379,6.2898,8.3311,9.0566,0.2095,-1.1784,-1.2788,-0.5596,-0.0782,-0.4957,-1.5093,0.2404,3.3985,0.3725,-1.3862,0.2956,0.0975,3.6744,-1.4542,0.0069,-0.5843,-0.3092,2.8153,0.408,-0.028,-1.7748,-0.9509,-0.8489,-2.037,0.5941,2.8192,-3.6491,0.7618,1.6578,-0.4377,-2.5341,0.6081,-1.6276,-1.6309,0.0509,-1.427,-0.1127,-0.0286,0.0874,0.0409,5.7805,1.8713,-0.9764,14.6836,15.799,-0.0663,-0.0684,0.5164,2.0608,-3.5165,0.9941,-0.1191,0.5452,0.301,1.9355,-2.9667,0.5138,-0.0008,-0.3458
794,5854,108,5,running,2.5285,-0.8391,0.9081,3.6348,1.5826,4.1295,6.2486,-2.1184,7.171,8.0065,9.3374,12.3868,-0.1855,-1.2078,2.2985,-3.5988,-0.0561,1.2719,-3.3947,-0.496,1.2521,-0.4083,-2.3798,-0.357,-0.4546,0.3466,-3.9981,-0.0744,-0.509,-0.8972,0.0979,0.0464,-0.0691,1.3693,-3.7543,0.8067,0.0169,0.4882,1.7636,-2.5665,0.5764,-0.5341,0.9446,4.8398,0.564,-0.7762,-3.5695,-0.1015,0.9475,-0.0327,-0.2258,-0.5318,0.2162,-4.025,-1.0379,1.7319,10.9088,-4.8952,0.6319,-0.1197,-1.0998,2.9746,-2.966,-0.7805,-0.2605,0.6154,0.0453,1.9123,-3.5408,0.8701,-0.1126,0.3453
795,5855,108,5,running,2.0975,-0.5341,0.7604,3.8391,1.5865,6.0161,4.1286,-0.3589,7.1879,0.1572,8.2784,9.0078,0.1764,-2.2619,-3.3696,-2.079,-0.3728,1.5923,-1.0849,0.4562,1.0546,0.2542,0.3477,0.3969,-0.3391,-1.8841,2.4099,-0.4793,-0.8489,-1.8095,0.3883,-0.4882,-0.705,-0.6867,12.446,10.0697,1.0213,0.0413,-1.03,2.9777,-0.8255,-0.5695,-2.8537,-0.6138,0.5781,-3.6676,-0.5375,0.5499,-5.7437,-0.0163,-0.3454,-0.3115,0.0856,-0.6397,1.719,0.947,15.0182,4.9849,-1.5276,-0.101,-0.7408,-0.1306,1.4277,-0.0708,0.0709,-0.4245,-0.1199,-1.6309,2.8716,-1.9403,0.0803,-0.3508
796,5856,108,5,running,-1.335,0.7143,2.9355,3.4232,1.2661,6.1669,4.8333,-0.2891,8.2405,-0.2513,9.0818,7.0186,0.2975,-1.1572,-3.0797,0.5941,-0.0078,-1.0466,-0.0983,0.4042,3.8823,0.5882,-1.306,0.0699,0.3867,2.4427,3.8965,0.3462,-0.7074,0.468,0.4543,-0.031,-0.3718,-0.6836,-1.7939,5.0214,-0.8764,-0.4763,2.5335,4.8488,0.7619,-0.4877,-1.9628,-0.5408,0.5418,-1.9567,-3.8153,-0.5571,-0.5798,-0.101,-0.1305,0.3002,0.1197,-4.5665,0.9452,-0.9475,-0.9444,10.6348,1.8517,-0.736,-2.9088,1.8376,3.719,-0.5809,-0.0663,-0.0449,0.3505,1.5707,4.4257,-0.9025,-0.2204,0.2169
797,5857,108,5,running,1.8333,-0.1885,4.7592,0.0184,2.716,7.1588,3.1346,-2.142,6.2511,9.1612,8.3543,-5.1774,-0.4082,-1.2681,-0.3898,-3.0083,1.2822,1.2762,-0.4947,-0.3904,3.5968,-0.2361,-0.335,0.306,0.4872,4.6496,-1.3469,-0.3694,-0.559,-0.6595,10.4467,-0.6663,-0.0742,-1.7906,15.3799,5.0591,0.0893,0.0976,3.877,-2.5341,0.788,-1.8977,0.8343,4.4303,0.547,-0.9278,0.0708,-0.0409,-0.585,-0.0328,0.0225,-0.5611,0.0973,-2.9552,3.3171,-6.0972,-1.4249,-1.9762,-0.6996,0.0447,-1.3139,3.9726,-1.6905,-0.3707,-0.2806,-0.0388,0.4013,1.8952,-2.7143,0.9444,-0.0507,0.0332
798,5858,108,5,running,-4.1888,0.135,1.7372,4.5604,3.0561,2.2925,6.0196,-8.1786,9.0011,7.1543,15.3675,8.4967,-2.3791,-1.2368,-3.2857,-5.0973,-1.3083,0.3397,-2.594,-0.2263,0.3498,0.3872,0.669,-0.2406,-0.6426,3.9947,-1.5593,-0.0894,-1.4582,-0.8977,1.3903,0.548,-0.7962,-2.0469,10.568,-0.4878,1.0744,0.656,1.7046,-3.0277,-0.9521,-1.6348,-3.7422,-0.7169,0.5753,-4.6193,-1.8192,-0.1193,-1.5326,-0.1015,-0.4018,0.7446,-0.8499,-2.839,14.025,-3.8549,-0.5109,-0.7618,-0.0684,-0.1506,0.8718,1.1742,-3.9773,0.7233,-0.0455,0.5015,-0.3452,0.9355,-2.8484,-0.6014,-0.2305,-0.3642
799,5859,108,5,running,0.9077,-0.4357,2.6146,3.0064,1.0867,4.8495,0.0982,-0.2385,7.3713,6.2718,8.209,0.4969,-0.0161,-1.4096,0.3825,-2.7592,-0.3491,-0.0547,-1.228,0.2433,1.2695,-0.4876,-1.2857,0.2968,0.4546,2.6084,3.3556,-0.3941,-0.5074,0.0699,2.9574,0.367,0.7965,-0.8977,-1.5843,0.9455,-1.8873,-0.0411,2.5376,2.8443,0.5475,0.4469,-3.6683,-2.8664,0.5375,2.9766,-0.9328,-0.1019,1.6306,-0.0003,0.7862,0.4272,-0.9871,9.0663,1.8695,15.0257,13.0665,-1.1286,-1.0326,-0.0503,-0.8718,2.0882,1.9278,-1.6451,0.0759,-0.4187,-0.3509,2.5276,2.8117,0.6998,-0.1306,0.3114
800,5860,108,5,running,-1.5666,0.9084,3.6397,2.2986,1.0184,6.7182,4.0798,-1.8656,-2.5883,9.1582,0.5595,7.3897,0.2825,-1.1468,1.2077,8.0937,-1.357,1.3319,0.239,0.4096,2.6973,0.2632,-1.0593,-0.4788,0.3094,3.4885,2.6787,0.3639,-1.5791,-0.6492,10.0049,-0.3491,-0.021,-1.7842,-0.7561,-3.6581,-1.9989,0.4645,3.5952,2.768,-0.0499,0.5074,-1.6317,-0.5619,0.4806,1.534,3.0626,0.0329,-0.6672,-0.0803,0.1012,-0.7931,-0.0008,2.6214,2.9123,3.9458,-1.6451,-0.0409,0.4015,0.0658,-0.8013,3.0023,1.6011,0.6306,-0.2163,0.7233,-0.3011,2.0222,2.8191,-0.3303,-0.2603,-0.3457
801,5861,108,5,running,-0.0409,0.01,,,,,,,,,,,,,,,,,,,,,,,,,,,,,,,,,,,,,,,,,,,,,,,,,,,,,,,,,,,,,,,,,,,,,,
802,5862,108,5,running,-0.5663,-0.0222,-3.1279,-0.5276,-0.0608,1.9403,0.8952,-0.0,,,,,,,,,,,,,,,,,,,,,,,,,,,,,,,,,,,,,,,,,,,,,,,,,,,,,,,,,,,,,,,,
803,5863,108,5,running,-4.5398,0.0846,1.9558,2.7169,3.2962,4.1495,6.1688,-4.8695,7.0937,9.2382,8.2404,15.1572,0.288,-1.3692,-2.0794,-3.6568,0.0164,1.5898,-0.2763,-0.3861,1.0049,0.3577,-3.669,-0.306,0.5074,1.7569,-4.0632,-0.5591,-0.8967,-0.3396,0.3942,-0.4793,0.4087,-0.9941,16.709,-0.9762,-2.5783,0.4318,0.0585,-3.5645,0.427,-0.7848,-3.8372,-5.4488,0.535,-0.9644,-0.5949,-0.7976,-2.5498,-0.0329,0.0603,0.0881,0.1197,-1.5109,1.5276,11.9764,12.0186,10.734,-1.3131,0.0009,-0.5648,0.1017,-3.8495,-1.0213,-0.1508,-0.3995,-0.4005,-0.0504,-2.819,0.6451,-0.1003,-0.3707
804,5864,108,5,running,-3.8191,0.0515,3.5452,2.799,1.1258,7.2394,4.1866,-0.9077,6.1638,-2.2863,8.2908,9.0947,-0.3696,-1.2472,1.3384,0.2656,-0.1785,0.2762,0.5546,-0.047,2.2553,0.0691,1.0078,-0.4499,0.4083,3.6898,0.0186,0.3088,-0.3463,-0.4969,3.3903,0.3577,0.5082,-0.6059,-2.5743,-1.4574,-1.9718,0.8742,3.4895,-1.6741,-0.8971,-0.7561,-0.658,-2.7952,0.5415,-0.5384,-1.839,-0.3008,-3.0759,-0.0507,0.0007,-0.0663,0.1014,-3.5648,-4.737,-0.7638,-0.5695,14.9123,0.9028,-0.9301,-1.022,2.9153,0.4143,-0.1774,-0.3453,-1.1194,0.6348,3.4234,-0.3122,-0.4165,0.1105,0.5998
805,5865,108,5,running,2.327,-0.0885,1.9076,0.8121,4.1775,3.2378,6.0947,-1.3311,7.2402,8.0542,9.282,10.1869,-0.0186,-0.3719,-1.385,-4.6681,0.4431,-0.456,-1.3583,0.2556,1.2694,-0.559,-1.5789,0.4088,-0.0427,1.2958,0.3679,0.0096,-1.4867,-1.8043,-3.7768,-0.5941,-0.0639,-1.9452,-0.7074,4.8749,-0.0399,0.5475,1.0663,-1.8376,-0.4664,1.8273,4.9123,-0.4343,0.526,0.9744,-0.734,-0.6317,1.0457,-0.0447,0.1302,0.0473,-0.4165,-5.9311,-1.9521,-2.7613,-4.9862,-0.4272,1.0998,0.3002,-1.9444,1.0373,-0.9355,-0.4271,-0.3456,-0.0504,0.4014,0.0171,-1.846,-0.0709,0.1192,0.3018
806,5866,108,5,running,-3.6451,0.0936,2.7406,1.8391,4.1513,7.0177,3.3799,-3.0885,6.2794,8.0792,-2.3396,9.2693,0.1489,-1.2557,-0.1775,-0.2953,1.2384,-0.2465,-3.5595,-0.4947,1.5861,0.2854,-1.3043,-0.0583,0.3469,1.506,-0.7931,-0.44,-1.5942,-3.0439,1.7898,-0.0215,0.0293,-1.6491,15.4587,10.679,0.6873,-0.032,2.468,-3.5489,0.747,-1.8848,-3.5498,4.7386,0.564,-0.5276,0.7369,0.0447,-3.5121,-0.0697,-0.1198,0.0388,0.0663,-0.5665,-0.6011,-1.9509,5.9607,-1.799,-2.7384,0.4343,-0.8491,2.6193,-1.7446,0.6135,-0.761,-0.8013,-0.0449,3.7184,-2.7598,-0.3156,0.1504,-0.0755
807,5867,108,5,running,-1.2546,0.1536,4.714,2.9123,1.0712,3.5968,7.1378,-1.0849,6.0194,8.2719,9.2943,-0.5582,0.008,-1.3372,-1.207,15.1661,-0.289,-1.2458,-1.6074,0.2265,3.4463,-0.3877,0.2696,-0.3042,0.3748,4.0971,-0.7589,0.3585,-2.0562,-1.455,3.3481,-0.6986,-0.9892,-0.7988,-0.9984,-0.6639,-1.0697,-0.4083,2.9589,-3.9547,0.5664,0.9236,0.5426,-2.9795,0.577,3.022,-0.8398,-0.6173,-1.766,-0.0503,-0.035,-0.8716,-0.2803,4.4604,0.9355,0.6154,10.4295,16.5015,0.5384,-0.0434,-0.8191,2.7387,-3.9328,-0.9153,0.0758,-0.3277,-0.1011,1.1283,-2.9762,0.4648,0.3004,-0.0406
808,5868,108,5,running,-1.3114,0.139,2.8398,1.5667,4.9444,6.1769,3.2696,-0.1606,7.1857,9.2389,8.0042,15.2547,-1.4088,-1.0515,-2.586,-3.2708,-1.385,-1.3967,-2.5583,-0.2404,2.3372,-0.2982,-0.358,0.3697,0.2892,1.7973,-3.4586,-0.3066,-1.7591,0.467,1.0941,0.3744,-0.4895,-1.0143,-1.5963,4.8764,0.4962,0.0793,2.7499,-2.03,0.9417,1.652,1.7798,11.8475,0.5664,10.8519,-2.1261,-0.1012,-0.8695,-0.5415,-0.1509,0.0684,-0.3604,1.8333,-3.8496,5.0488,-0.7881,1.0165,-0.0456,-0.1108,-0.9088,2.7618,-2.9773,-0.9348,-0.0219,0.0453,0.6998,1.0332,-1.7369,0.7291,-0.1004,-0.3759
809,5869,108,5,running,-3.1347,0.2546,2.9552,1.8452,3.1437,4.0093,7.0818,-1.2088,6.0598,8.0142,-3.6038,-2.0982,-0.3976,-1.2953,9.1789,-2.3386,-0.4023,0.228,-1.5949,0.0636,1.3584,-0.0475,0.269,-0.5585,-0.2852,4.0773,-0.7083,0.4894,-1.6896,-0.5091,2.6743,0.3463,-0.7944,-1.4595,-2.6574,-2.6692,-0.0998,-0.5741,2.5699,-3.7778,-0.8718,0.5475,-2.0257,-2.6143,0.5816,-0.6469,-0.6962,0.301,1.7369,-0.1506,0.038,-0.0898,0.1197,-1.9153,5.6407,-1.6348,-4.0881,10.5341,-1.9355,0.0983,-0.4254,2.5707,-3.8117,0.0213,-0.4012,0.0642,-0.2802,1.1789,-2.6697,-0.4368,0.0503,0.1012
810,5870,108,5,running,-1.0933,0.9074,3.0111,2.1279,1.5695,4.6348,7.2784,-1.1669,6.0085,9.2874,8.209,2.0598,-0.1794,-2.1478,-3.3796,10.1865,-0.0895,-1.388,-1.2619,-0.4568,3.4499,0.0691,0.4973,0.2953,-0.6025,4.3463,11.0375,0.394,-0.4746,-0.3066,2.6788,-0.5582,-0.4862,-2.6477,-2.9123,-0.5976,-0.044,0.0663,3.7604,14.5699,0.5889,-0.575,-1.9446,-2.5498,0.5002,0.4393,2.9718,-0.0205,2.5121,-0.2164,0.0186,0.4369,0.0946,-0.7169,15.0219,1.5648,13.8715,1.4272,-0.0759,0.1361,0.7384,2.9574,16.5491,-1.9558,-0.1508,1.0943,0.83,1.9236,20.9307,-0.9326,-0.0508,-0.3708
811,5871,108,5,running,-3.5396,0.9088,2.8191,1.4357,4.6602,3.1496,6.0182,-2.0947,7.1858,8.3799,9.1205,13.1542,-0.2757,-2.0892,-3.0784,-3.1669,-1.2481,-1.4925,-0.3585,0.3846,2.5594,0.368,-1.4868,-0.296,-0.44,4.593,-5.6693,0.0463,-1.3988,-3.989,0.8906,-0.4075,0.0215,-2.8767,-0.9743,-0.7861,-2.507,0.7952,3.4541,-0.8664,0.8798,-1.7465,-2.9236,-5.5623,0.5344,-0.547,-1.8311,0.0007,-0.9604,-0.1194,0.0323,-0.7624,-0.9562,-3.7791,0.7407,-0.9666,14.7315,2.4187,-0.3114,0.6998,-0.8489,3.5378,-2.9458,0.6014,0.4001,0.3013,-0.3705,2.9123,-1.0111,-1.1013,-0.2505,-0.2308
812,5872,108,5,running,-3.5378,0.0586,3.4307,1.0895,2.619,6.7802,4.1792,-2.1384,7.2569,-1.1294,9.3377,-1.669,-0.2763,-1.2078,8.0149,0.2389,-0.4822,-0.2891,-2.2957,0.4581,1.006,0.2403,-3.0942,0.0793,0.3041,4.2698,-3.5083,0.358,-3.5874,0.3634,5.4056,0.5543,-0.3797,-2.6776,-0.6853,-3.3944,-0.4775,-0.0213,2.7954,-3.8799,0.8861,0.0464,-2.967,-1.8517,0.4664,-6.5949,-0.7386,0.1108,-0.6809,-0.0619,-0.1012,-0.658,-0.3011,-3.73,0.3292,-2.0663,5.0846,0.8482,0.0759,-0.0195,-0.8214,2.8695,-2.9558,-0.5132,-0.3002,-0.9449,-0.1121,1.9554,-3.9777,0.5014,0.0262,-0.0509
813,5873,108,5,running,1.2746,-0.7384,2.5164,3.6336,0.9644,4.0774,7.1595,-8.2559,6.0077,8.1472,9.3696,11.1203,0.2068,-6.2986,15.055,14.4885,-2.0181,-1.3547,-2.0882,-0.609,3.494,-0.3783,-1.6567,-0.0961,0.6628,3.4439,-2.7088,-0.3494,-0.5797,0.998,4.8273,-0.5598,0.8906,-0.6942,-0.6349,-0.8716,0.7838,0.5884,2.7556,-3.6276,0.4318,-1.0463,-3.5648,-3.714,0.4579,-0.9558,-0.7625,-0.0212,0.0488,-0.0507,-0.5364,-0.1506,0.0388,1.5417,12.859,10.6143,-4.7117,-1.0277,-1.8333,-0.5015,-3.8998,1.1259,-2.7992,-0.3315,0.1017,-1.0811,-0.2808,2.7406,-3.9444,0.327,-0.1126,0.3452
814,5874,108,5,running,-3.9665,0.1425,1.5276,4.6309,6.0515,2.0922,3.1879,-1.2682,8.0797,7.389,9.2788,-0.6946,-0.354,-2.3672,-0.655,10.1743,-1.4908,1.2956,-2.6663,0.0637,1.5542,-0.0168,-1.2884,-0.3075,-0.0092,2.6489,15.4862,-0.4561,-2.7839,0.6094,1.4777,0.4496,0.3498,-2.8695,-2.0499,-0.5718,-3.8764,0.678,2.5854,12.5983,0.7447,-0.867,-2.766,1.5404,0.4806,-0.732,-0.9523,0.318,-0.5217,-0.028,0.1509,0.5013,-0.0247,1.5384,14.5808,5.8191,-0.8566,1.8489,-0.699,-0.727,-1.0903,2.3157,11.5165,0.8122,-0.3003,0.4259,0.8443,1.1691,16.7457,-0.0663,0.1308,-0.3171
815,5875,108,5,running,-1.1872,0.3282,1.0746,2.8491,4.1712,3.009,8.9666,-1.291,6.3789,9.2395,7.4868,-0.582,-2.0561,-2.388,-5.3363,-1.2494,-0.0896,0.0942,-0.3477,-0.2559,1.6585,0.4793,-0.6036,0.0655,0.2691,0.7084,2.6781,0.2898,-1.5745,-0.5066,1.8876,0.4941,-0.0464,-0.0151,4.4499,-3.7986,0.3974,-0.4078,0.6954,2.3188,0.0328,-0.4143,-0.9743,-0.5165,0.5318,3.5341,-6.73,-0.3704,-0.564,-0.1009,0.1305,0.1503,-0.0211,0.1292,4.8316,1.819,10.4396,4.5665,-0.4245,-0.5138,-1.9449,1.5014,2.5408,-1.4271,1.8701,1.9153,0.3454,0.4252,1.8013,-0.4277,0.2163,-0.3508
816,5876,108,5,running,-4.9076,0.2374,3.8398,1.7161,4.2584,2.1892,7.2786,-3.1547,6.9813,9.2985,8.0594,0.5542,-0.3397,-1.0972,-3.3941,2.4973,0.2696,-2.3082,-0.582,0.3769,4.5922,-0.2463,-0.5093,0.3687,0.2846,3.7568,10.3583,-0.4091,-1.6544,-1.6679,4.0178,-0.0848,-0.048,-2.0061,-0.9518,-1.459,-0.6471,0.8957,3.066,0.5633,0.714,-0.0665,-2.0326,0.7051,0.6712,-4.028,14.6143,-0.0608,-1.4303,-0.0369,-0.1013,0.5399,-0.2807,2.621,1.1257,11.8657,-5.7788,15.8153,1.8498,-0.839,-0.9777,3.5489,-1.8192,-0.4223,-0.3705,-1.1547,-0.0503,1.3111,0.4249,0.4343,-0.1106,-0.1309
817,5877,108,5,running,-4.5202,0.1296,4.8192,1.799,2.256,3.9076,6.1392,-2.1695,7.0578,9.2372,-2.3799,8.0169,-0.2061,-1.1858,1.4941,14.358,-1.0946,1.2638,0.2494,0.3686,2.4067,0.2983,-1.5091,-0.4782,-0.4568,3.2762,-2.8893,0.0885,-0.6689,-1.6475,11.4879,0.3474,0.57,-1.7073,-0.3959,-2.6708,-0.9355,0.4418,4.8117,-3.547,-0.5565,-0.037,-0.7617,1.8695,0.564,2.0499,10.9027,-0.0697,-2.8428,-0.1505,-0.53,-0.9814,-0.1009,2.0232,3.0569,1.0286,3.0881,4.3123,0.5341,0.9446,0.8484,4.3171,-3.7805,-0.8737,1.0225,0.7407,-0.1012,2.4377,-1.4249,-0.3012,-0.3809,0.1304
818,5878,108,5,running,-4.0983,0.5013,2.0892,1.9077,4.1582,3.8495,7.0179,-3.1789,6.9949,8.1857,10.1343,9.0574,-0.3577,-2.3685,1.4868,1.0064,-0.2028,0.228,0.2958,-0.2772,2.5581,0.0632,1.2593,-0.3776,-0.4431,1.4763,-0.3394,0.3413,0.6567,-0.6698,2.6973,-0.044,-0.6041,-0.5086,-0.8851,-2.389,-0.8482,-0.3946,3.7595,-2.8428,0.5998,-1.7045,-2.0388,-1.874,0.525,-0.5954,1.6215,0.0323,-4.5619,-0.1505,0.1197,-0.5313,-0.2605,-0.9634,1.9552,14.4999,1.9558,15.0608,-1.9767,-0.3452,-2.0456,3.026,-1.5288,-0.9077,-0.3449,-0.4993,-0.4008,1.1689,-2.7591,0.5014,0.2506,-0.2209
819,5879,108,5,running,-1.0105,0.7384,2.92,4.3312,1.0089,3.2695,6.2091,-2.1057,8.1656,7.2711,9.1788,15.0797,0.2559,-0.0874,-0.1846,-0.2963,-1.0645,0.0942,0.5875,-0.3884,3.6983,0.2343,-0.2402,-0.4967,-0.4794,2.6064,10.4098,-0.3718,0.449,-0.0461,4.7839,-0.355,0.4851,-1.8521,-0.6696,-1.3655,0.9952,0.035,2.9278,14.6588,-0.867,1.6877,-3.9552,-4.9444,0.4293,-0.5427,-2.4197,-0.1006,2.8092,-0.0369,-0.0259,-0.3277,0.1192,-4.8273,-1.826,5.6103,2.7675,-1.9666,-0.9452,-0.3451,-1.7233,1.7386,16.5678,-0.6348,0.4014,-1.5491,-0.5245,1.7177,13.9123,-0.6451,0.0009,-0.4002
820,5880,108,5,running,-3.1549,0.1806,1.8356,3.9558,2.0584,4.6309,7.3313,-3.6694,8.2974,6.0077,10.1411,9.0435,0.0897,-3.4028,-4.1669,-0.4846,0.0161,-0.2075,-1.2686,0.3925,1.586,-0.2268,-0.6423,-0.0955,0.3743,1.8841,4.4789,0.5091,1.0778,0.363,-0.6795,-0.7098,-0.7985,-0.9982,0.5942,-1.8153,-3.534,0.3862,1.5695,3.5764,-0.5465,0.7407,-2.6378,4.4571,0.5759,-0.7625,-0.8711,0.1194,0.7299,-0.0345,-0.0507,-0.566,0.0211,-2.7169,-1.903,2.9236,5.9644,0.9633,-0.0262,-0.6018,0.0663,2.6106,3.5132,0.4363,-0.7301,0.0755,-0.1503,1.9458,2.922,-0.9313,0.1019,-0.3751
821,5881,108,5,running,0.7141,-1.5333,1.3227,2.9604,6.1694,3.0182,4.2985,-8.0898,7.1291,8.2596,9.0511,10.1713,0.2062,-1.0059,15.3372,-3.3546,1.0941,-1.2695,1.5567,-0.4569,1.2864,0.3797,0.2461,-0.5092,-0.3968,4.4884,-1.7827,-0.3886,-1.348,-1.477,1.8906,-0.7577,-1.7965,0.3683,6.0399,-0.494,0.0411,0.609,1.9574,-3.5851,0.8719,-0.4463,-3.5793,-0.6676,0.4808,-3.0781,-0.7423,-0.5469,-2.567,-0.0509,0.1011,-0.028,0.2807,-0.7143,11.4363,16.8952,13.9458,0.6451,-0.8484,-0.0171,-2.9777,1.3155,-0.5408,-0.4252,-0.7329,0.4992,0.0262,0.8489,-3.5165,0.4016,0.1505,-0.3502
822,5882,108,5,running,-4.6451,0.1586,2.9063,3.5121,1.0941,6.1795,4.1282,-1.0879,7.2474,-0.6846,8.1469,-0.3788,0.1872,-0.1643,1.3891,9.3398,0.4431,-1.0723,-3.5583,-0.2981,4.2826,-0.4796,0.588,-0.3936,0.0577,1.6093,1.0175,-0.6697,-1.4965,-0.3573,1.8903,-0.6742,-0.4056,-0.6462,-0.5094,10.637,-0.0099,0.4548,2.9236,4.5902,0.579,-1.7861,-0.8742,-5.0469,0.5387,-1.8495,-0.8333,0.1015,-2.6276,-0.2303,-0.1196,0.0892,-0.1505,-0.3302,0.4143,14.4396,16.8417,0.9123,-0.9153,0.8513,1.4222,2.1257,11.8695,0.5109,-0.2162,-1.8376,-0.7645,2.6154,4.8489,-0.3706,-0.3007,-0.3402
823,5883,108,5,running,2.5132,-0.1396,1.8372,0.9074,4.7161,7.6163,3.5861,-2.0884,6.0511,8.3343,-1.2638,9.2315,-0.362,-3.2271,1.2925,15.0195,0.288,0.2469,-1.6583,0.3497,-0.6077,-0.0064,0.0693,-0.2772,0.0962,1.3589,-1.665,0.4087,-1.4549,0.0439,1.5013,-0.449,-0.5592,-0.9355,10.467,4.7573,1.679,0.0399,0.9876,-2.5396,-0.4885,-0.9468,1.5782,11.5469,0.4788,-0.747,-0.8633,-0.0215,-3.5623,-0.1308,-0.1103,0.0509,-0.0809,14.1296,-1.5648,-3.7981,13.0665,1.6276,-0.5963,-0.3014,0.8491,-0.2807,-3.5498,-0.5262,0.3005,-0.4666,0.427,0.7811,-2.9449,-0.9341,-0.1192,-0.3507
824,5884,108,5,running,1.6451,-0.8191,3.5665,0.9607,2.0984,4.7386,-0.179,-1.1513,6.1269,7.0837,8.1401,9.0065,-0.3346,-2.3043,-2.9762,15.2985,-0.3525,0.2764,-0.4905,0.0466,4.6082,-0.2489,-0.5942,-0.2655,0.0799,3.3686,0.2862,-0.4496,-2.3493,1.7931,10.6763,-0.0697,-0.384,-0.685,-0.4788,4.5873,-0.0325,-0.457,2.7992,-0.5396,-0.7771,0.7407,-2.748,11.4857,0.6006,3.6604,-0.7551,-0.5134,-0.7872,-0.1126,-0.53,-0.1011,-0.5648,13.5617,-0.5695,4.6397,0.8333,0.767,-0.4236,0.9817,0.8325,3.8255,0.3131,0.8745,-0.3708,-0.5276,-0.0005,2.4222,-1.6348,-0.5808,-0.025,0.5999
825,5885,108,5,running,-3.8191,0.0536,2.6331,3.4999,1.1652,4.799,-0.1344,-1.9444,-0.2774,6.2372,7.1438,8.0089,-0.0785,-2.3793,-0.3368,-4.1864,0.3095,-0.0982,1.2962,-0.0161,3.5946,-0.2486,-0.6598,0.0897,-0.3528,2.5834,9.3983,-0.6788,-0.667,-0.5599,2.0696,-0.4075,-0.7969,-3.6348,-0.785,-3.036,-0.0466,-0.567,3.7763,10.8428,-0.489,-1.5742,-1.8076,-3.4945,0.4799,1.8192,-0.8718,-0.0387,-1.4303,-0.1008,0.0102,0.0642,-0.3457,3.6143,1.0332,-2.1292,4.9777,-0.6146,-0.7319,-0.1192,-2.8986,2.4252,11.7233,0.1794,-0.1109,-0.4451,-0.2164,1.6306,14.1791,0.8013,-0.1013,0.3004
826,5886,108,5,running,0.4251,-0.816,1.9073,2.1469,4.8819,3.0936,7.1578,-2.1282,6.1742,8.2964,-4.0568,9.1867,0.288,-2.2598,15.0165,-1.2372,-0.2066,-1.0896,1.3976,-0.2655,1.4822,0.4427,-1.3324,0.496,0.3584,2.7785,0.9236,-0.4034,-0.4799,0.759,2.457,-0.5091,-0.5906,-1.5895,-1.3874,-2.3781,-0.5792,-0.0423,3.6193,0.8746,-0.0329,1.5428,-0.714,-5.56,0.429,-1.9767,-0.8618,-0.023,-0.8311,-0.2202,-0.8973,0.5321,-0.7971,1.9644,5.0946,0.6313,-1.9666,2.4234,1.9417,-0.4648,1.0941,3.3303,-0.9777,-0.9326,-0.3017,0.8443,-0.1307,3.4369,1.1513,0.9278,-0.0504,0.0804
827,5887,108,5,running,-3.7202,0.4252,1.0111,2.0963,3.6306,4.1349,-0.6694,-0.9607,6.237,7.1479,8.2068,10.1842,0.2543,-2.1647,-0.2893,-0.6906,0.0886,-0.3397,1.0581,0.0095,2.3556,-0.3874,-0.079,-0.0467,0.3497,1.5983,9.5899,-0.4485,1.3057,-0.6577,2.9604,-0.3778,-0.8896,-3.4898,-1.4053,-0.8936,-2.6075,-0.0345,3.8046,15.5561,0.5054,0.0644,-0.6476,-3.7184,0.5503,-3.7233,-1.7406,0.3156,0.023,-0.1104,-0.0485,-0.0562,0.0185,1.8475,5.6163,-1.8191,1.9123,-1.8333,-1.7407,0.0388,-1.8117,2.0185,14.8372,0.0404,-0.1018,-0.4303,0.9458,2.8656,16.5491,0.0451,0.0998,-0.3703
828,5888,108,5,running,-3.8488,0.1389,1.7369,3.1286,4.2581,6.6309,2.9355,-1.1417,7.2637,-10.0165,9.2972,8.2064,0.2494,-2.1643,-0.5566,-4.3585,-0.3398,-2.5869,-2.059,0.2884,1.4823,-0.4906,-0.4583,0.0042,0.3078,1.2704,2.8897,-0.0877,-1.4075,0.0791,0.3896,0.4634,-0.0957,-1.4761,16.3682,15.998,1.6095,0.6744,3.5109,1.5941,-0.545,-0.5311,-0.7421,-2.7062,0.6863,-0.7973,-3.8117,-0.03,-2.5622,-0.2169,0.1014,-0.1105,-0.1503,-2.7805,12.0277,0.9666,13.8727,-2.9329,-1.0225,-0.4018,0.8333,3.8952,1.6143,-0.7386,0.0509,0.4007,-0.3994,1.839,2.619,-0.6996,0.0806,0.3453
829,5889,108,5,running,-3.5341,0.074,2.7141,4.8656,1.159,3.7536,6.1746,-1.1655,8.9278,7.0584,9.1401,-2.0872,-1.3796,-2.1886,-0.3343,-3.6663,-0.382,0.4569,-3.0083,-0.3558,2.6561,0.2298,-1.0973,-0.2542,0.0697,2.6788,3.4764,-0.3496,-0.893,-1.3979,4.5384,-0.7849,-0.0464,-0.8191,-0.5081,-1.6041,0.9995,-0.6877,2.8495,4.8721,-0.5764,-0.8053,-3.747,-0.7634,0.5902,-0.8013,-1.7177,-0.4862,-1.5625,-0.1196,-0.0003,-0.5464,0.03,0.6276,11.9311,2.0942,10.4363,0.8376,-0.8518,0.6193,0.0194,1.8213,4.8192,-0.9088,0.0608,-1.6309,-0.1122,1.5998,5.6451,-0.0802,-0.0508,0.5165
830,5890,108,5,running,1.6602,-0.0547,0.0973,4.1884,2.0878,3.9558,-8.0782,-3.8867,6.0042,8.2349,-3.3546,7.1206,0.2095,-0.0161,-2.6517,9.4434,0.3719,1.2872,1.6096,0.4598,1.2925,0.3374,0.5893,0.3697,0.3894,0.5041,10.034,0.5775,11.3062,0.6948,-0.5955,0.437,-0.3904,2.7986,-0.9963,-0.6851,0.8566,-0.6491,0.8971,14.7788,1.9509,-1.7699,0.6276,1.8053,0.5665,5.0225,0.5217,-0.566,3.8398,-0.0472,0.1199,-0.1019,0.0406,-4.5165,-0.8191,1.0663,15.5013,1.0447,-0.8495,-0.3451,-0.8311,0.0262,16.8376,1.3282,0.4143,-0.9123,-0.8744,-0.9452,13.0603,-0.5808,0.0388,-0.0509
831,5891,108,5,running,-3.9086,0.1541,2.8191,1.4252,4.0598,3.2558,-2.2972,-2.0973,6.1642,7.1485,-0.3799,8.0178,-0.1886,-2.3896,-2.2393,-0.0781,-1.2283,-1.2863,-1.0049,-0.3543,3.274,-0.3064,-2.6936,-0.3346,0.6594,1.7084,-2.3947,-0.5976,-0.5077,-1.756,2.459,-0.5788,-0.4461,-2.8071,-2.6852,-0.8398,-2.7467,0.4854,1.714,-2.8376,-0.8333,0.5587,0.6692,-2.9444,0.5325,3.7406,9.1198,0.0461,-0.0695,-0.0007,-0.0325,-0.4249,-0.566,-3.6138,-0.0211,-3.9509,5.8273,2.9554,-0.7407,-0.1012,-0.5014,2.7117,-3.6998,0.9153,-0.3506,1.3282,0.3454,0.9773,-2.5013,-0.3014,0.1005,-0.9767
832,5892,108,5,running,-1.7382,0.1296,1.9604,2.427,4.8398,3.589,7.1398,-3.0182,6.8837,-4.1605,8.2075,9.1438,0.1807,-1.1569,0.2986,-1.6694,-0.4035,-1.3983,-2.2463,-0.306,2.6828,0.34,-0.2636,-0.2557,-0.4577,2.4867,-2.0695,0.0946,-2.5903,-1.5562,3.8047,-0.3372,-0.0411,-2.6285,-5.9984,-0.5384,0.7065,-0.7874,1.0262,-2.0885,-0.6493,0.765,-3.5422,-1.4497,0.5625,-0.8746,-3.4908,0.3255,-2.028,-0.0581,-0.1002,0.0507,-0.2167,-5.6276,-1.7973,0.8484,10.0443,15.0791,-0.3456,0.5648,0.8489,1.0332,-2.4303,-0.3449,0.0759,-0.5013,0.1018,-1.5165,-2.8473,-0.7299,-0.1105,-0.1308
833,5893,108,5,running,0.9123,-0.4277,4.7143,1.5333,6.2976,2.8191,3.1668,-1.2582,7.0791,-3.669,8.0594,9.1786,-0.1813,-2.0947,-2.307,4.6519,0.3575,-0.5585,-1.2862,0.2681,1.4084,-0.0469,-0.3389,0.2443,0.0874,4.0177,-0.5961,0.0078,0.6434,0.458,3.6058,0.3788,0.3836,-1.9963,2.9872,-0.6998,-0.568,-0.0696,3.6797,-2.4851,0.495,0.5787,-3.5475,-3.8192,0.4639,-0.8316,-0.7318,-0.0213,0.0328,-0.1506,-0.791,-0.3458,0.5014,2.9509,10.9549,-0.8917,4.059,-1.4666,0.1792,-0.0473,-0.9444,3.7369,-1.7408,0.8255,1.301,0.839,-0.2303,2.4999,-1.9887,0.1308,-0.1194,-0.3993
834,5894,108,5,running,-3.8398,0.1315,1.0936,2.0581,6.5165,4.0874,3.1875,-2.2682,-4.0763,7.1646,-0.2812,8.2385,-0.4567,-2.3976,-3.2943,-2.0178,0.2593,-0.3384,-1.5066,0.2402,1.3799,-0.0097,0.6056,-0.4095,0.307,1.6983,9.0465,-0.4873,-0.7731,0.6894,3.8644,-0.5591,0.3835,-0.5788,-0.4959,4.548,-0.8617,0.4771,2.0692,10.4411,-0.7964,-0.032,-2.9853,-2.5396,0.5851,-1.5276,-1.9355,-0.0407,-0.9777,-0.1003,-0.1509,0.3452,-0.1014,-2.9558,14.9027,-3.1262,-3.8333,5.9607,-0.9664,-0.1306,1.4666,2.7217,11.8492,-0.6163,-0.2808,-0.6451,-0.0506,1.5695,13.4234,-0.6998,-0.2303,-0.0447
835,5895,108,5,running,-1.9087,0.6103,4.0042,2.4252,1.7593,3.0174,0.1204,-1.2989,6.8869,7.1466,9.0792,8.0543,-2.1781,-3.1877,-0.3376,-1.2082,-0.2583,-1.365,-1.357,0.0962,4.3763,0.0632,-2.4094,-0.2658,-0.2764,4.3897,10.5939,-0.3044,-1.7947,0.656,3.4903,-0.5598,-0.5746,-2.9953,-1.6896,-1.6785,-1.8645,-0.788,4.489,13.7315,-0.3451,-0.525,-1.8436,0.5273,0.4677,16.5619,1.427,-0.026,-0.7408,-0.5417,-0.1309,0.0505,-0.0363,14.9458,-3.6451,1.9574,-1.8495,15.6138,-0.3991,0.5695,1.5276,3.0591,11.9355,-0.8701,0.5263,-0.4236,-0.516,1.1652,28.8462,0.7143,-0.1126,-0.2509
836,5896,108,5,running,2.6331,-0.2084,4.9062,0.7572,1.1636,3.58,7.0574,-1.0943,6.1297,9.2711,8.1788,-0.2694,0.3896,-0.3786,0.5542,-2.0892,-1.4941,-0.5085,-1.0198,-0.4028,4.2576,-0.2271,-0.6864,-0.3973,-0.6561,3.357,-0.3095,-0.458,-1.6967,-2.4893,5.0466,-0.4482,0.9953,-0.5963,-0.468,-0.4711,-0.7857,0.8947,3.5376,-1.7962,-0.0791,0.8711,-4.9574,1.836,0.5757,-0.561,-0.7718,-0.0608,-3.9025,-0.0364,-0.1002,0.1507,-0.3007,10.5165,2.0211,11.6348,1.799,16.7187,0.3508,-0.3452,-0.5998,3.1789,-1.5384,-0.6602,-0.1102,-1.0181,0.5648,2.3171,-0.1192,-0.0758,-0.0806,-0.4013
837,5897,108,5,running,-3.9062,0.0842,4.9865,1.0512,2.6162,3.3581,-2.8657,-1.1536,-4.5919,7.442,6.1652,-0.256,1.0949,-3.079,-3.4885,-0.3917,-0.0072,1.4083,0.0169,0.2958,3.8847,-0.3343,-1.2762,-0.2486,0.2893,3.6691,-0.6879,-0.3799,-0.4538,-0.7597,8.7873,0.5532,-0.5734,-2.8464,-1.5428,-1.9567,-0.038,0.5094,3.7787,-1.747,-0.0508,-0.0433,-1.761,-2.7143,0.5664,-1.9088,-1.8398,-0.3459,-3.1193,-0.0006,-0.3013,-0.1303,-0.0488,-0.6708,9.5665,10.9607,15.849,16.0874,-0.026,0.6329,-0.6108,2.0293,0.8191,-0.9452,-0.3502,0.9307,-0.1507,1.6559,-1.1012,-0.2167,-0.0663,-0.4014
838,5898,108,5,running,-4.3121,0.1805,3.5452,1.1282,2.0049,4.719,7.9236,-8.2542,6.9984,8.0983,9.2401,11.3315,-0.1337,-1.4035,-0.2985,-0.2789,-1.0763,1.367,-2.6097,0.2372,1.4861,-0.5867,0.6693,0.2862,-0.3876,3.0846,-3.5973,0.4547,-0.7569,-1.5568,4.3964,0.3486,-0.4474,-1.8892,-2.035,-0.5648,0.5636,0.7953,3.0695,-2.908,0.0704,1.5465,-0.9558,-1.8376,0.3704,-0.8013,-3.9153,0.0464,-2.5726,-0.1305,-0.771,-0.1004,-0.3504,10.9403,1.9589,14.4187,12.8191,1.3136,-0.5014,-0.7898,-3.8492,1.9446,-1.9628,0.8716,0.0503,-0.9607,-0.1194,3.9444,-1.5707,-0.3017,0.2204,-0.0214
839,5899,108,5,running,-3.8382,0.4127,1.5276,2.6138,4.0182,3.1688,6.2964,-0.3344,7.9665,8.2619,9.4969,14.1463,-0.3078,-2.3746,-3.1808,15.2096,-1.254,1.0792,0.6084,-0.2345,3.2891,-0.3922,-0.5089,-0.2409,0.0061,1.3862,0.7748,0.6672,0.6594,0.048,2.9836,-0.3573,-0.7968,-1.5885,-4.0583,-0.6785,-1.4742,-0.5953,2.0655,-1.747,-0.7551,0.768,-3.5695,10.8747,0.561,-2.5417,4.9568,0.579,0.9236,-0.1191,0.3197,0.0329,-0.0216,-1.3143,-1.3302,11.5654,4.9088,-3.8191,-0.8664,-0.9766,0.9452,2.8495,-1.8117,-1.6998,-0.3643,1.1471,0.0006,1.9574,-1.9558,-0.3705,0.1302,-0.0759
840,5900,108,5,running,-5.9604,0.141,1.6332,2.1206,3.0585,4.719,7.3346,-3.8952,6.8811,9.2419,8.2368,5.2982,-1.259,-0.0872,-1.4028,10.0136,-1.5584,0.3764,-2.4874,0.0949,0.607,0.3493,0.7543,-0.3891,-0.6942,3.2656,-3.6783,0.358,1.5062,-0.6698,1.6596,-0.0499,-0.5863,-2.9541,-4.3977,-0.4592,-2.7902,0.7897,-4.5398,-0.0789,0.4461,0.5799,-0.5903,-1.7372,0.4407,-3.7407,15.0608,-0.0388,-3.5423,-0.1309,0.0756,0.1509,-0.1193,-0.9153,2.8986,14.799,3.9433,4.7231,-1.6309,0.7233,-0.6296,-4.6108,-3.9574,-0.4013,-0.3506,-1.7618,-0.1015,-3.877,-0.4249,-0.7406,-0.2803,0.3993
841,5901,108,5,running,-1.094,0.0849,2.0084,3.9665,1.6143,4.7706,6.1496,-1.8273,8.1572,9.3736,7.1277,15.6086,1.1345,-1.2083,1.335,1.5895,-1.3043,-0.2781,-1.2378,-0.2973,2.4865,0.3491,0.3556,-0.5569,0.2539,2.289,-2.4488,-0.0764,-0.3889,0.7079,2.6898,0.0585,0.0694,-0.8742,-1.6693,-3.5782,0.4794,0.028,3.5976,-3.7592,-0.4377,-0.468,-2.9775,-0.8376,0.4502,-5.8191,0.8157,-0.7499,1.534,-0.0319,0.0475,-0.3007,0.0708,1.622,10.5491,16.7447,11.0171,13.8473,1.6451,-0.6789,0.5678,3.0072,-1.9558,-0.6193,-0.0606,-0.8489,-0.3608,1.5015,-2.9355,-0.9407,0.0807,-0.3505
842,5902,108,5,running,-3.4202,0.5276,2.0042,1.7018,4.8498,3.9444,8.4919,-3.0892,6.0986,7.3385,9.1711,16.1669,-1.1496,-2.0594,-4.156,-0.0183,-1.1884,0.3897,0.2077,0.258,3.4563,0.3424,-0.0737,-0.2782,0.4846,1.6788,-5.0691,0.4498,-0.784,0.585,0.7056,-0.3904,-0.3543,-3.5961,-0.6547,-0.8903,-0.6672,0.5764,3.9987,-2.7593,-0.6851,0.9028,-3.0457,-0.5562,0.5499,-1.9565,-5.7406,-0.4343,0.7953,-0.0009,-0.7413,-0.1013,-0.4015,3.7369,11.0947,15.9604,12.3255,10.9666,-1.9355,0.0184,-0.6011,2.5013,-3.7319,-0.3706,-0.3009,-1.9341,-0.1199,3.9946,-0.5695,-0.1509,-0.0806,-0.0455
843,5903,108,5,running,-4.5373,0.9077,2.8391,1.2748,4.0199,3.6303,7.0947,-1.2586,6.1869,9.1215,-4.0898,-13.3691,-0.3344,-0.3943,-0.1654,-0.4942,1.1757,-0.2695,1.2405,0.008,2.2976,-0.2332,1.389,-0.3085,0.4546,2.794,8.6775,0.8828,0.3788,-1.3497,2.6592,0.0411,-0.7083,-0.5884,1.5055,-0.6489,-0.5617,-0.7466,3.42,10.6146,0.5364,-0.7372,0.7778,0.7169,0.6082,15.0696,1.4277,0.5902,0.8766,-0.0665,-0.1013,0.6872,-0.1005,0.9153,1.0942,4.9458,-0.9574,-0.6607,-0.4999,0.3451,0.9236,3.7319,14.0181,-0.0708,-0.2205,-0.9464,-0.4014,2.9278,11.7449,-0.4994,-0.1508,-0.0509
844,5904,108,5,running,2.3136,-0.8142,1.5281,0.9604,3.0792,4.0586,7.0072,-3.0869,6.1642,9.231,8.2519,-3.1884,-0.0985,-2.1496,-2.5883,-0.405,1.0149,0.3895,-1.3368,-0.2041,0.368,0.0622,-1.4562,0.4788,-0.2637,1.6577,-0.4881,-0.3461,-0.8946,-3.7035,0.609,-0.4482,0.5775,-2.6687,10.566,-0.7876,1.5964,0.4399,1.3971,-3.034,0.7919,-0.5998,0.5594,-4.6785,0.4803,-3.9317,-1.0473,-0.0198,-0.8489,-0.1192,-0.7499,-0.1791,0.0549,-1.0211,14.0277,-0.9458,15.0973,-0.4396,-2.9721,0.6108,0.0409,1.5157,-3.8333,0.5132,1.3123,-0.8153,0.5809,0.7593,-3.9444,0.0663,0.0443,-0.1507
845,5905,108,5,running,2.7386,-0.1572,0.9236,1.6146,6.8255,3.1398,4.1878,-2.2783,7.2481,8.2311,-1.389,9.3788,0.2857,-1.3684,0.1646,-0.407,-0.2963,0.5569,0.0843,-0.2061,1.3374,-0.3941,-0.016,-0.3086,-0.3412,-2.0793,-0.6589,0.008,-0.3594,-0.5075,-0.0931,0.4958,-0.4895,1.4473,10.4742,-0.9985,-0.6782,-0.7718,-0.4587,-3.6871,-0.6696,-0.9088,-3.8495,-3.6451,0.5906,-2.9403,-1.7954,0.0499,1.0608,-0.1003,0.035,0.532,-0.2163,-4.9509,-1.719,15.5648,1.6138,16.8657,-0.6998,-0.6212,0.4303,-0.0803,-2.7407,0.4232,-0.9728,-1.4369,0.0191,-0.768,-3.4995,0.1386,-0.0503,-0.4013
846,5906,108,5,running,-3.1363,0.0182,1.1795,3.0083,2.6138,4.9087,6.1836,-8.0515,7.394,8.1186,9.2494,15.2542,-0.2346,-2.3398,-0.6569,1.2789,-0.0791,-2.5074,-1.5581,-0.4792,3.2949,0.2856,1.6693,-0.3568,0.4438,-0.6085,-3.4837,0.4543,0.7741,0.7909,2.8488,0.9987,-0.6788,-2.579,-3.597,-0.9664,-0.7177,0.037,-3.7552,-2.848,-0.5321,-0.54,-0.7169,-3.7851,0.5398,-0.7216,-4.5349,-0.1506,-3.8191,-0.0411,-0.1002,-0.0708,0.5825,-0.734,-0.9558,10.5489,11.5491,13.9764,-0.0485,0.0215,-1.7624,-3.8153,-0.5015,0.7703,-0.3643,-0.4012,-0.3703,-2.9554,-2.0332,-0.4451,0.1308,0.2808
847,5907,108,5,running,-1.9062,0.1558,2.0165,1.5384,7.7143,4.6146,6.8191,-1.1714,3.0046,8.1369,1.3799,9.2985,0.1872,-1.0874,-0.6691,-2.2398,-0.2742,-0.493,-0.2586,-0.3344,2.0961,0.354,-0.6075,-0.0583,0.2639,2.6789,-0.7868,-0.2893,-0.4796,-0.597,2.5094,0.0364,-0.0213,-0.8863,-3.369,-0.9518,-0.5782,-0.5655,3.8468,-2.7776,0.048,-0.7973,-4.0259,1.8489,0.4405,-2.4881,-3.5134,0.0187,2.5408,-0.0369,-0.0006,0.5317,-0.0406,-1.8495,3.0388,0.6173,1.9721,5.6607,-0.9153,0.0508,-1.6309,2.4343,-1.9558,-0.4018,-0.3453,-1.9777,0.0809,3.7372,-2.4188,0.0194,-0.1012,-0.3505
848,5908,108,5,running,-3.9458,0.0025,2.0983,1.7382,4.0795,3.3713,6.3681,-1.0584,7.1574,8.2311,-3.1789,9.1888,0.2863,-2.2094,-1.4096,-3.2479,-0.5567,-2.3343,-0.3964,0.456,1.4922,-0.4847,-1.2982,0.0632,-0.0141,2.5068,-1.4473,0.0465,-1.3078,-3.3477,4.9589,-0.5875,0.7085,-2.5961,-1.7406,-0.3886,0.8098,-0.6671,3.561,-3.8799,-0.5328,-1.5665,-2.5799,-3.6972,0.4637,-0.714,-0.938,-0.0509,-2.0488,-0.0804,0.0756,-0.5413,0.1506,-4.8952,-0.8333,0.974,10.9452,11.0277,-0.3458,0.9023,-0.3114,3.7387,-1.6309,-0.0183,0.3018,-0.0364,0.0225,3.0961,-2.1676,-1.6397,0.3004,-0.3709
849,5909,108,5,running,-3.0169,0.6348,2.4236,4.5182,1.2925,3.1276,6.9407,-1.2789,7.3798,9.1806,8.496,10.1632,0.3523,-2.1466,-4.3326,-3.0582,0.4499,-1.204,-1.7586,0.0842,4.4868,-0.2857,-0.7941,-0.3903,0.3685,2.4794,5.5883,-0.5567,-1.5963,0.347,1.9773,-0.022,0.6496,-3.4588,-2.9123,-3.7797,0.3846,-0.0052,2.8074,3.6571,0.565,-1.4375,-1.5648,-5.7169,0.6002,-0.9574,0.7891,-0.0465,-0.5475,-0.0787,0.0509,-0.0277,-0.2252,1.6451,14.9644,5.904,-0.7318,-1.4368,1.9514,-0.8495,1.8427,2.7177,5.3136,0.3125,-0.3997,-0.7805,-0.3403,1.799,2.93,-0.5014,0.3002,-0.3505
850,5910,108,5,running,-3.1878,0.6451,1.8495,2.9087,3.5132,4.4936,6.0946,-1.1689,7.0713,8.2786,-1.0185,9.1215,-1.142,-0.3577,0.2543,-3.2402,-1.3964,-1.0588,-0.4782,0.296,1.6961,0.2822,-0.6692,-0.2634,-0.4096,-3.3883,-2.509,-0.4572,-0.3363,-0.5898,2.6784,-0.008,-0.4481,-0.7594,-3.9088,-2.6599,0.4893,0.037,-3.5568,-0.7976,0.0433,-0.8391,0.5973,-1.8798,0.5727,-2.8723,14.9665,0.7428,-2.6309,-0.0691,-0.1197,-0.3707,-0.1002,-1.6276,11.7443,0.9547,15.3197,5.8482,-0.9607,0.8491,-0.5678,-3.9762,-1.8376,0.9444,0.327,0.0758,-0.3008,-2.7992,-0.9307,0.4994,-0.1505,-0.4006
851,5911,108,5,running,2.1785,0.1436,-3.427,1.5648,3.0947,4.1279,6.8484,-3.6613,7.0177,9.1689,8.1518,14.4841,-1.3391,-2.2588,2.355,-1.5927,-0.0584,-1.3072,1.3769,-0.0895,-1.2481,-0.4565,-2.3873,-0.5898,-0.0632,-3.2693,-0.4496,-0.0061,-1.7868,-0.679,-2.3942,-0.3483,-0.0325,2.574,10.0763,-0.9946,0.6094,-0.7553,-3.9764,-2.7087,0.768,-2.8655,-3.0465,-0.4954,0.6557,1.5217,-2.9088,0.5631,-1.6214,-0.1015,-0.0215,0.0451,-0.3453,-3.4377,0.6014,-2.9224,11.0488,-0.6193,1.5276,0.0449,-2.7169,-3.1782,-0.8013,0.5012,-0.2809,-0.0756,0.0508,-3.8656,-0.8191,0.0642,0.1305,-0.4003
852,5912,108,5,running,-3.5602,0.141,1.0536,6.2986,4.9084,3.6138,2.1865,-3.8798,8.3389,7.0178,9.1617,10.2349,-0.0096,-2.1925,-2.0957,-3.354,-0.2782,-1.3946,1.6075,-0.3894,2.4862,-0.2893,-1.6483,-0.4434,0.377,3.4569,11.5943,-0.0791,-2.9963,-0.5067,1.6695,-0.4772,-0.5842,-1.8488,-4.0697,-3.9876,-0.878,0.6841,2.889,15.5631,0.5552,-0.7781,-0.8117,-4.536,0.5413,-0.0499,-1.735,0.0387,0.5384,-0.0364,-0.1124,-0.5695,0.0169,-1.7985,-4.0373,-3.8465,-0.8489,2.0225,-0.747,-0.3123,-2.312,2.7463,13.0171,-0.6011,0.0642,-1.8249,-0.1192,1.9552,16.8484,0.0709,-0.1015,0.2503
853,5913,108,5,running,-3.1278,0.7018,1.4666,4.0567,2.9604,3.0195,7.1594,-2.8695,6.8846,8.0782,-0.6575,-1.5849,-0.2757,-1.1706,0.3816,-1.3664,-1.2091,0.3799,-1.0944,0.0461,3.2481,0.4868,-0.354,-0.4585,-0.3325,2.7783,3.556,-0.2962,-0.6696,-1.3489,3.989,-0.438,-0.0886,-3.0063,-1.567,-0.9665,-2.845,0.036,2.7169,5.6987,-0.4773,-0.849,-2.9767,-0.5386,0.5413,1.7959,-0.8495,-0.7475,-1.8484,-0.1109,0.1306,0.119,0.0642,-2.1202,9.767,-3.0379,-1.7447,-0.619,-0.3444,-0.0658,0.9558,2.9278,6.7217,-0.5013,0.3004,-0.9313,0.2803,1.0149,3.7143,0.0456,-0.0455,-0.3014
854,5914,108,5,running,2.0195,-0.9084,3.5164,0.7917,1.6014,4.2582,6.3313,-1.0941,9.0098,7.5811,8.2318,15.2815,-1.2986,-2.3077,-2.1661,-0.8947,0.3794,-0.3944,-0.6856,-0.4569,3.3693,-0.4905,-0.5075,0.3885,0.0784,2.3565,1.994,0.6483,-1.0475,-0.8867,2.607,-0.34,-0.4881,-1.0697,-1.9236,-0.8192,0.5413,-0.5742,3.5592,-0.768,-0.4625,1.437,-3.9444,0.9307,0.5902,-0.6696,-2.637,-0.1012,-0.7872,-0.0328,-0.3014,-0.1506,0.0658,12.5384,4.8952,0.8712,-2.7422,10.1195,-0.9099,-0.5109,-1.4648,3.8443,-2.8191,-1.619,-0.0455,0.6306,0.2259,1.8986,-0.5491,-0.5187,-0.1103,-0.7322
855,5915,108,5,running,-1.3277,0.1708,1.7511,2.42,4.6397,3.1895,6.2479,-1.2989,7.0712,9.239,8.366,10.4901,-2.2785,-1.3386,-0.0077,-0.0569,-0.3784,0.5591,0.3483,-0.2281,3.5842,-0.5093,-1.2861,-0.3962,-0.458,3.3056,-3.784,-0.0965,0.4763,-1.3894,0.5931,0.6682,-0.037,-2.9236,-1.6744,-0.0664,0.5325,-0.9852,1.6887,-3.7699,0.5469,-0.8871,-4.8495,0.9634,0.4873,-1.5678,-2.9745,0.0461,-2.0212,-0.1129,0.0851,-0.0009,-0.2603,-2.5717,15.6154,0.926,16.0998,11.7212,-0.6146,0.0569,1.8191,3.4252,-2.7386,-0.7423,-0.1308,-0.0406,-0.0506,0.1243,-3.1313,-0.5187,-0.1017,0.3402
856,5916,108,5,running,0.5666,-0.4135,4.0872,2.6138,1.2318,3.7184,6.2474,-0.352,7.0986,8.2782,9.3768,11.4901,0.0015,-2.4567,-0.1743,-0.0585,-1.1934,-0.335,-0.0773,-0.289,3.5825,0.0632,-0.4095,0.4796,0.2659,4.5566,-1.8936,0.6569,-0.7904,-0.7064,3.8038,0.0213,0.7563,-1.5739,-2.4498,-2.4894,0.7783,0.0399,3.8852,-3.0708,-0.6041,-0.5623,-0.616,2.8475,0.4677,-0.5384,-2.7862,-0.3171,-3.719,-0.0506,0.1002,0.9775,0.5364,10.541,15.7187,16.4222,13.0388,1.9644,-0.8746,-0.7699,-2.4143,1.8398,-1.5014,-0.9607,0.6996,0.9153,-0.3709,2.5341,-1.0491,-0.6146,0.0804,-0.2162
