candidate_id,window_id,subject_id,activity_id,activity_name,value_0,value_1,value_2,value_3,value_4,value_5,value_6,value_7,value_8,value_9,value_10,value_11,value_12,value_13,value_14,value_15,value_16,value_17,value_18,value_19,value_20,value_21,value_22,value_23,value_24,value_25,value_26,value_27,value_28,value_29,value_30,value_31,value_32,value_33,value_34,value_35,value_36,value_37,value_38,value_39,value_40,value_41,value_42,value_43,value_44,value_45,value_46,value_47,value_48,value_49,value_50,value_51,value_52,value_53
0,5060,108,2,sitting,0.0034,1.2484,-0.0187,0.1345,0.4126,1.0293,-0.188,0.0183,-0.0072,0.0183,0.0075,-0.0027,-0.0306,-0.0002,0.0126,0.0291,0.0172,0.0264,0.2475,0.018,-0.5228,-0.0083,-0.0009,-0.0108,1.0133,0.0116,-0.0187,0.0086,0.0089,-0.0238,-0.1805,-0.0348,-0.0468,-0.0043,-0.0249,0.0077,-0.0012,-0.3241,-0.0093,1.492,0.0027,-0.0174,0.0246,0.3664,0.0171,-0.008,0.0187,-0.0011,0.0064,0.004,0.0222,-0.0379,-0.0117,0.0031
1,5061,108,2,sitting,0.0071,1.3227,-0.0218,0.0905,0.3058,1.1258,-0.386,0.0333,0.0077,0.0163,0.0038,-0.0123,-0.0234,0.0026,0.0113,0.0229,0.018,-0.0241,0.3592,-0.0221,-0.5759,-0.0015,0.0048,-0.0145,0.8655,0.0015,-0.0258,-0.0148,-0.021,-0.0178,-0.1477,-0.0342,-0.0032,-0.0268,-0.0148,-0.0262,-0.0041,-0.5742,-0.0087,0.7882,-0.0093,-0.0116,0.0165,0.2151,0.0238,-0.003,0.012,0.0006,0.0028,0.0085,0.025,-0.0366,-0.0103,0.0011
2,5062,108,2,sitting,0.0066,1.3022,-0.0185,0.0794,0.1951,0.6034,0.1694,-0.0033,-0.0058,0.0148,0.0135,-0.0178,-0.0279,0.0049,0.0107,0.0249,0.018,-0.006,0.3023,0.0224,-0.5151,-0.0008,0.002,-0.009,1.2504,0.0184,0.0087,-0.008,-0.0187,-0.0008,-0.147,0.0015,-0.0396,-0.0441,-0.0132,-0.0023,-0.004,-0.3175,-0.0047,1.0223,0.005,-0.0123,-0.0118,0.4388,0.0077,0.0081,0.0254,0.006,0.0284,0.0061,0.0186,-0.0339,-0.0112,0.0057
3,5063,108,2,sitting,0.0103,1.3358,-0.0077,0.1475,0.3147,0.9984,-0.1472,0.0009,-0.0036,0.017,0.0021,-0.0027,-0.0297,0.0052,0.0061,0.022,0.0189,-0.0015,0.3852,0.0112,-0.564,0.0007,0.0006,0.0051,1.28,-0.0026,0.0031,-0.0179,0.0182,-0.01,-0.153,-0.0171,-0.0234,-0.0335,0.0102,0.0084,-0.0045,-0.5168,-0.0049,1.4888,-0.0105,-0.0116,0.0019,0.4354,0.0213,0.0052,0.0318,0.0138,0.0308,0.0009,0.0126,-0.0361,-0.0122,0.006
4,5064,108,2,sitting,0.0011,1.151,-0.0193,0.1315,0.3188,0.8198,-0.2834,0.0002,-0.0104,0.0137,0.0067,-0.002,-0.0284,0.0044,0.0102,0.0277,0.0168,0.0101,0.3073,0.0252,-0.4995,0.0006,0.0026,0.0151,1.1272,-0.0095,0.018,0.0154,0.0088,-0.0018,-0.1947,-0.032,-0.0058,-0.0474,-0.0246,0.0055,-0.0041,-0.672,-0.0073,0.8125,-0.0024,-0.02,-0.0092,0.3896,0.0164,0.0016,0.0358,0.0117,0.0213,0.0016,0.0278,-0.0347,-0.0094,0.0049
5,5065,108,2,sitting,0.002,1.2737,-0.0129,0.1385,0.4139,1.3774,0.3739,0.002,0.0027,0.0205,0.018,-0.0158,-0.0327,0.0047,0.0127,0.0257,0.0167,0.0037,0.1562,0.0105,-0.516,-0.0001,0.0048,-0.0093,0.9657,-0.012,-0.0144,-0.0061,0.0012,0.0104,-0.1587,-0.0305,-0.0427,-0.0333,0.0263,0.0064,-0.0037,-0.3028,-0.0078,1.0377,-0.0094,-0.0188,0.0051,0.4432,0.0102,0.0041,0.021,0.0086,0.0267,0.0038,0.0214,-0.0358,-0.0105,0.0023
6,5066,108,2,sitting,0.0084,1.3466,-0.0163,0.1775,0.4481,1.251,0.1459,0.0263,0.0105,0.0273,0.0102,-0.0094,-0.0267,0.0025,0.0132,0.0253,0.0182,0.0031,0.3724,0.0214,-0.5274,-0.0107,-0.0102,-0.0074,1.254,-0.0115,-0.0403,-0.0302,0.0173,-0.02,-0.1686,-0.0352,-0.0502,-0.0102,0.0073,0.0021,-0.0047,-0.5431,-0.0086,1.6404,-0.0058,-0.0111,0.0042,0.3486,0.015,0.0086,0.0248,0.0066,0.0231,0.0152,0.0327,-0.038,-0.0115,0.0023
7,5067,108,2,sitting,0.0151,1.2778,-0.0047,0.0467,0.1429,0.4781,0.1588,0.0131,-0.0035,0.017,0.0029,-0.0077,-0.0336,0.0032,0.0052,0.0239,0.0194,0.0025,0.2213,0.0047,-0.5146,-0.0055,-0.0051,0.0365,1.1494,0.026,0.0077,-0.002,-0.0304,0.0009,-0.1773,-0.0304,-0.0388,0.0058,0.0029,0.0107,-0.0016,-0.3202,-0.0061,1.4839,0.0029,-0.0204,0.003,0.3723,0.0033,-0.0032,0.0302,0.0002,0.0213,0.0045,0.0254,-0.0348,-0.0104,0.005
8,5068,108,2,sitting,0.0261,1.3296,-0.0273,0.1828,0.45,1.3095,-0.3377,0.0171,0.0241,0.0171,0.0117,0.0059,-0.0258,-0.0017,0.0097,0.036,0.0175,0.0102,0.3049,-0.024,-0.5287,-0.0088,-0.0023,-0.0452,0.8553,-0.0107,0.0242,0.0238,0.0026,0.0057,-0.1833,-0.0291,-0.0343,-0.009,-0.024,0.022,-0.0058,-0.6198,-0.0116,1.6249,0.0017,-0.0213,-0.0102,0.4304,0.0058,0.0058,0.0251,0.0065,0.0254,0.0048,0.014,-0.0383,-0.0099,0.0068
9,5069,108,2,sitting,0.0018,1.2833,-0.0234,0.1194,0.3111,0.9776,0.2487,-0.0063,0.0011,0.0217,0.0154,-0.0022,-0.0293,-0.0005,0.0121,0.0281,0.0199,-0.0046,0.4424,0.0113,-0.5197,-0.0006,-0.0036,-0.0261,1.2377,-0.045,-0.009,-0.0108,-0.0114,0.0166,-0.1463,0.0016,-0.0453,0.0032,-0.0081,-0.0063,-0.0002,-0.3074,-0.007,1.4584,-0.016,-0.0067,0.0039,0.3807,0.004,0.0051,0.0287,0.0064,0.0151,0.0015,0.0165,-0.0333,-0.013,0.0066
10,5070,108,2,sitting,0.0123,1.2939,-0.0119,0.1316,0.3753,0.9526,0.2377,0.0044,-0.003,0.018,0.011,0.0028,-0.027,0.0052,0.0055,0.0268,0.0196,-0.0002,0.3205,0.0036,-0.5169,0.0027,-0.0025,-0.0039,1.0846,-0.0099,0.0174,0.0215,-0.0232,-0.0037,-0.1818,-0.0149,-0.0154,-0.0116,-0.0142,-0.0081,-0.0029,-0.5771,-0.0123,1.5039,0.002,-0.0139,0.008,0.3419,0.003,0.0096,0.0235,0.009,0.0278,0.0101,0.0247,-0.036,-0.0118,0.005
11,5071,108,2,sitting,0.0117,1.2291,-0.0173,0.1634,0.363,1.0783,-0.5774,-0.02,0.0036,0.0234,0.0074,-0.0063,-0.0184,0.0058,0.0135,0.0255,0.0177,0.0114,0.3522,0.0082,-0.5583,-0.006,-0.0034,-0.0377,1.1677,-0.0166,0.005,-0.014,-0.0186,-0.0017,-0.1357,0.0045,-0.0523,-0.0458,0.0164,-0.0184,-0.0032,-0.501,-0.0111,0.7674,-0.0127,-0.006,-0.0023,0.3134,0.0054,0.0068,0.0285,-0.0055,0.0208,0.0058,0.0164,-0.0341,-0.0105,0.0048
12,5072,108,2,sitting,0.0002,2.3222,-0.0056,0.1614,0.6584,0.9368,0.7319,0.0122,0.0001,0.0159,0.002,-0.0166,-0.0238,0.0046,0.0113,0.0236,0.0163,0.0007,0.4094,0.018,-0.5778,-0.0061,0.0011,0.0021,0.9436,0.0102,-0.0007,-0.0234,0.0031,0.0013,-0.1592,-0.0357,-0.0476,0.0002,0.013,0.0048,-0.0042,-0.4959,-0.0066,1.4039,0.0022,-0.0211,0.0071,0.3158,0.013,0.0044,0.0147,0.0041,0.0213,0.0035,0.0165,-0.0369,-0.0113,0.0055
13,5073,108,2,sitting,0.0022,1.2584,-0.0259,0.1165,0.3429,1.0789,0.3361,-0.0145,-0.0026,0.0148,0.0121,-0.0054,-0.0222,-0.0023,0.0097,0.029,0.0166,0.0006,0.4476,0.0035,-0.4907,-0.0012,-0.0008,-0.0282,2.0132,-0.011,0.0372,-0.018,0.0171,0.0128,-0.1326,-0.0211,-0.064,-0.0246,0.0132,0.011,-0.0032,-0.5401,-0.0135,1.5041,0.0045,-0.0186,0.0037,0.4391,0.0127,0.0044,0.0221,0.01,0.0186,0.0104,0.0227,-0.0374,-0.0101,0.0034
14,5074,108,2,sitting,0.0128,1.3016,-0.0229,0.185,0.3286,1.0617,-0.4833,-0.0203,0.0033,0.0197,0.0076,0.0051,-0.026,0.0034,0.0131,0.0245,0.0242,-0.0238,0.335,-0.0422,-0.5533,-0.003,0.0024,-0.0212,1.1794,-0.0477,0.0234,0.0057,-0.0015,0.0137,-0.1722,-0.0379,-0.0277,-0.028,-0.0232,0.0079,-0.0036,-0.5117,-0.009,1.6306,-0.0124,-0.0121,-0.004,0.4337,0.0085,0.0066,0.0194,-0.003,0.0144,0.0071,0.0205,-0.0351,-0.0133,0.0064
15,5075,108,2,sitting,0.0047,1.2628,-0.0204,0.098,0.3119,0.856,0.3536,0.0019,0.0053,0.02,0.0115,-0.0136,-0.0238,0.0023,0.0072,0.0246,0.0187,-0.0153,0.2892,-0.0228,-0.504,-0.0047,0.0011,-0.0094,1.1839,0.0011,0.0312,0.0076,-0.0113,0.0087,-0.1453,-0.0229,-0.0476,-0.0269,-0.0123,-0.0037,-0.0067,-0.6747,-0.0057,1.4967,-0.0095,-0.0134,-0.0145,0.3486,-0.0009,0.0036,0.0252,0.005,0.0244,-0.0002,0.028,-0.0336,-0.0117,0.0043
16,5076,108,2,sitting,0.008,1.1608,-0.0138,0.0903,0.338,1.0793,0.3846,0.0235,0.0083,0.0167,0.0179,-0.0022,-0.024,0.0041,0.0104,0.0284,0.0222,0.0014,0.3583,-0.0206,-0.5286,-0.0121,0.0002,-0.0356,1.1808,-0.0357,-0.0025,0.0051,0.0144,-0.0151,-0.1728,-0.0272,-0.0468,-0.0306,-0.0056,0.0081,-0.005,-0.6682,-0.0031,1.4431,-0.0117,-0.0141,0.0019,0.4351,0.0061,0.0164,0.0215,-0.0131,0.0229,-0.0067,0.0207,-0.0356,-0.0109,0.0051
17,5077,108,2,sitting,0.0082,2.3478,-0.0239,0.0953,0.2963,0.7045,0.3762,0.0012,-0.0089,0.0212,0.0142,0.0014,-0.0284,-0.0016,0.0068,0.0281,0.0198,-0.0123,-0.3027,0.004,0.4144,-0.0056,-0.0058,-0.0361,1.3272,0.032,-0.0187,-0.0237,-0.0024,-0.0009,-0.1361,-0.0321,-0.0022,-0.0226,-0.0138,-0.008,-0.005,-0.3085,-0.0065,0.7711,-0.0143,-0.0095,0.0033,0.3141,0.0108,-0.0005,0.0253,0.0069,0.0152,0.0044,0.0208,-0.0353,-0.0105,0.0047
18,5078,108,2,sitting,0.0058,1.3103,-0.0218,0.0403,0.3124,1.0512,0.3617,0.0115,-0.0036,0.0147,0.0051,-0.022,-0.0235,-0.0035,0.0122,0.0365,0.0189,0.0238,0.1228,-0.0014,-0.5879,0.003,0.0009,0.0205,1.3758,0.0097,0.0029,-0.0158,-0.0113,-0.0186,-0.1813,-0.0387,-0.0264,-0.0283,0.0123,0.0087,-0.0051,-0.6673,-0.011,0.7832,-0.0114,-0.013,-0.0114,0.3716,0.0165,0.0122,0.0263,-0.0081,0.0187,0.0002,0.0174,-0.0367,-0.0103,0.0042
19,5079,108,2,sitting,0.0153,2.1309,-0.0202,0.1133,0.3209,1.1186,-0.1825,-0.035,-0.003,0.0081,0.0158,-0.0038,-0.0252,-0.0026,0.0127,0.029,0.0209,-0.0043,0.3409,-0.0345,-0.5719,-0.0016,0.0064,0.003,1.1526,0.0093,-0.018,0.0173,0.0105,-0.0001,-0.1487,-0.0329,-0.0327,-0.0301,0.0248,0.0074,-0.0011,-0.308,-0.0081,0.8676,-0.0111,-0.0096,-0.0164,0.4583,0.0147,0.0056,0.0285,-0.0015,0.0186,-0.0022,0.0115,-0.0347,-0.0107,0.0045
20,5080,108,2,sitting,0.0024,1.2709,-0.0075,0.1361,0.3562,0.8486,-0.347,-0.012,-0.0026,0.0148,0.01,-0.0087,-0.0367,-0.0058,0.009,0.0222,0.0182,0.0042,0.1868,0.0015,-0.5408,-0.0034,0.0035,-0.0162,1.015,0.0122,-0.0072,0.0041,0.0052,0.0041,-0.1967,-0.0269,-0.0086,-0.0342,0.0017,-0.0053,-0.0055,-0.6707,-0.0127,1.4639,0.0001,-0.0203,0.0097,0.3583,0.0063,0.0064,0.0269,-0.001,0.019,-0.0008,0.0376,-0.0366,-0.0126,0.0045
21,5081,108,2,sitting,0.0036,1.3193,-0.0265,0.1337,0.3406,1.0853,0.2937,0.0111,-0.0134,0.0181,0.0086,-0.0106,-0.029,0.0054,0.0093,0.0315,0.0169,0.0023,0.2173,0.0284,-0.4998,-0.0035,0.0031,0.0074,0.972,0.0116,0.0225,0.0316,0.0238,0.0121,-0.1306,-0.0414,-0.04,0.0033,0.0076,-0.0048,-0.0072,-0.3214,-0.011,1.6632,0.0009,-0.0167,0.0089,0.4571,0.0056,-0.007,0.0231,0.0156,0.0223,0.0148,0.0266,-0.0379,-0.0127,0.0035
22,5082,108,2,sitting,0.0146,1.1287,-0.0131,0.0648,0.3163,0.9566,0.3649,-0.0002,-0.0103,0.0206,0.0136,-0.0102,-0.0276,-0.0012,0.0115,0.025,0.0161,-0.0034,0.3131,-0.0092,-0.577,-0.0031,-0.0066,-0.0352,1.192,-0.0161,-0.0435,-0.0362,0.0021,-0.0039,-0.1874,-0.022,-0.0354,-0.0212,-0.0054,0.001,-0.0063,-0.3061,-0.0082,1.4558,-0.0113,-0.0102,0.0137,0.3674,0.0098,0.0015,0.0237,0.002,0.0191,0.0017,0.0165,-0.0338,-0.0104,0.0026
23,5083,108,2,sitting,0.0163,1.1403,-0.0273,0.1604,0.4757,1.4081,-0.4098,-0.0175,-0.0038,0.0046,0.007,-0.0057,-0.0295,0.002,0.0057,0.0281,0.0174,-0.0066,0.2575,0.0032,-0.5412,0.0014,0.0006,-0.0153,1.1509,-0.0038,0.0009,-0.0008,-0.0036,0.0204,-0.1786,0.0145,-0.0266,-0.0431,-0.0139,0.0024,-0.0031,-0.34,-0.0068,0.7748,-0.0104,-0.0056,0.0039,0.4331,0.0107,0.0046,0.0255,-0.005,0.0186,0.0058,0.016,-0.0358,-0.0112,0.0055
25,5085,108,2,sitting,0.0031,1.2379,-0.0178,0.1624,0.4307,1.0475,0.1656,0.0185,0.0067,0.0199,0.0149,-0.0122,-0.0299,-0.0066,0.0116,0.0259,0.0193,0.0382,0.2693,0.009,-0.4723,-0.0021,-0.0052,-0.0074,0.8551,-0.0085,0.0244,0.0367,-0.0137,-0.0165,-0.1781,0.0031,-0.066,0.0167,0.032,0.016,-0.0061,-0.3062,-0.0054,1.4859,-0.0099,-0.0112,0.0147,0.4259,0.0145,0.0045,0.0331,0.0067,0.0118,0.0084,0.017,-0.0362,-0.0108,0.0011
26,5086,108,2,sitting,0.0044,1.3115,-0.0126,0.1314,0.4059,1.0704,0.2837,0.0116,-0.0032,0.0122,0.0101,0.0037,-0.0243,0.0042,0.0133,0.0266,0.0227,0.007,0.2507,0.0064,-0.5796,-0.0042,0.0028,-0.0136,1.1211,-0.0052,0.003,0.0141,0.0023,-0.0165,-0.1355,0.0035,-0.0534,-0.0068,-0.0082,-0.0017,-0.0005,-0.6763,-0.0107,1.4942,-0.0162,-0.0047,0.0165,0.3701,-0.0147,0.005,0.0252,0.0028,0.0087,-0.0017,0.0156,-0.0375,-0.0089,0.0058
27,5087,108,2,sitting,0.0023,1.3032,-0.0213,0.1622,0.4431,1.1278,0.3459,0.0054,0.0016,0.0141,0.0066,-0.008,-0.0262,0.0027,0.0107,0.0283,0.0187,-0.0022,0.1815,-0.0164,-0.5374,-0.0044,0.0024,-0.0407,1.0454,0.0173,0.0087,0.0022,-0.0105,-0.0351,-0.1691,-0.0183,-0.0513,-0.0048,-0.0363,0.0018,-0.0074,-0.635,-0.0063,1.499,-0.0066,-0.0176,0.0007,0.9294,0.0019,0.0056,0.0293,0.0064,0.0207,0.006,0.0344,-0.0344,-0.0112,0.004
28,5088,108,2,sitting,0.0088,1.2448,-0.0262,0.1628,0.4473,1.3141,-0.2798,0.0077,0.008,0.0234,0.0114,-0.0069,-0.0338,0.0034,0.0105,0.025,0.0213,0.0176,0.3063,0.0094,-0.5797,-0.0012,0.0008,-0.0011,1.0531,0.0134,-0.0243,0.0287,0.002,0.0021,-0.1952,-0.0222,-0.0551,-0.0049,-0.008,-0.0035,-0.0029,-0.3309,-0.0093,0.7846,0.0041,-0.0206,0.0013,0.3488,0.0077,0.0089,0.0286,-0.0047,0.0127,-0.0025,0.0254,-0.0363,-0.0132,0.0027
29,5089,108,2,sitting,0.0065,1.2726,-0.0258,0.1181,0.3278,1.0457,-0.111,0.0087,-0.0079,0.0148,0.0114,-0.0012,-0.0225,0.0064,0.0109,0.0256,0.0176,0.0073,0.3372,0.0005,-0.5309,-0.0055,0.0034,0.0131,1.1444,-0.013,-0.0281,-0.0057,0.0111,-0.0066,-0.1861,-0.0279,-0.0402,0.0257,0.0027,0.0186,-0.0027,-0.34,-0.0037,0.6232,-0.0101,-0.0083,0.0102,0.3822,0.0013,0.0143,0.0236,0.0114,0.0229,0.0107,0.0233,-0.0354,-0.0114,0.0037
30,5090,108,2,sitting,0.0065,1.3645,-0.0195,0.2348,0.3728,1.1028,0.0824,0.0177,-0.0061,0.0096,0.0063,-0.0049,-0.0274,0.0026,0.0116,0.0291,0.0193,-0.0007,0.3584,-0.0325,-0.5155,0.0013,-0.0035,-0.0064,1.1762,-0.0128,-0.023,0.0037,-0.0107,-0.0254,-0.197,-0.0228,-0.0312,-0.0055,-0.0093,-0.0062,-0.0023,-0.5401,-0.0075,1.4482,-0.0106,-0.0037,0.0066,0.3681,0.0049,0.0049,0.0371,0.0089,0.0243,-0.0064,0.0152,-0.037,-0.0102,0.0055
31,5091,108,2,sitting,0.0047,1.231,-0.0158,0.0786,0.3082,1.0677,0.2231,-0.0073,-0.0119,0.0011,0.0038,-0.004,-0.0232,0.0009,0.0071,0.0265,0.0161,-0.0156,0.3682,-0.0213,-0.5296,-0.0053,-0.0005,0.0209,1.1874,0.0161,0.0022,0.0067,-0.0217,0.0013,-0.1655,-0.0232,-0.0106,-0.0336,0.0082,0.0042,-0.007,-0.3446,-0.0058,0.695,-0.0043,-0.0188,0.0071,0.3221,0.0064,0.0017,0.0284,0.0061,0.0253,0.0037,0.0283,-0.0346,-0.0117,0.0033
32,5092,108,2,sitting,0.0155,1.3032,-0.0097,0.1427,0.3536,1.0527,0.2571,-0.0117,0.0021,0.0181,0.0069,-0.0083,-0.0304,0.002,0.011,0.0267,0.0168,0.0089,0.4648,-0.015,-0.5727,-0.0041,-0.0053,0.0215,1.1779,-0.0304,-0.0097,0.0145,-0.001,0.0084,-0.1776,-0.0297,-0.0309,-0.0103,-0.0014,-0.0031,-0.0071,-0.353,-0.0095,0.7247,-0.0077,-0.0169,0.0072,0.3931,0.0044,-0.005,0.0263,0.0033,0.0148,0.0131,0.0205,-0.0359,-0.0128,0.0056
33,5093,108,2,sitting,0.0145,1.2334,-0.0119,0.1159,0.3259,1.0461,0.3482,-0.0078,0.0009,0.0276,0.0034,-0.0024,-0.0319,0.002,0.0102,0.0223,0.0161,0.0155,0.3437,0.0032,-0.4939,-0.0012,-0.0013,-0.0016,0.8955,-0.0375,-0.0406,0.0029,-0.0124,-0.0218,-0.1683,-0.0222,-0.0141,-0.0288,-0.0057,0.0041,-0.0067,-0.5236,-0.0072,0.8626,-0.0122,-0.0071,-0.0033,0.3725,-0.0044,-0.0039,0.0232,0.0137,0.0251,0.0045,0.0139,-0.0338,-0.0102,0.0047
34,5094,108,2,sitting,0.0148,1.2759,-0.0181,0.1736,0.4844,1.337,-0.1287,0.0117,-0.0024,0.0371,0.0013,-0.0055,-0.0198,-0.0075,0.0084,0.0284,0.0151,-0.0235,0.1704,0.0106,-0.5637,-0.0014,-0.0003,0.0238,0.9104,0.0377,0.0166,0.038,0.015,-0.0046,-0.195,0.0044,-0.0502,-0.0188,0.0046,-0.016,-0.0007,-0.3431,-0.008,0.8396,0.0026,-0.0187,0.0148,0.3922,0.0015,0.0027,0.0316,-0.0106,0.0209,0.0112,0.0266,-0.0359,-0.0114,0.0041
35,5095,108,2,sitting,0.0248,1.3544,-0.0221,0.2078,0.6374,0.9427,0.1112,-0.0023,-0.0216,0.021,0.0086,-0.005,-0.0224,-0.0032,0.0098,0.0243,0.0169,-0.0034,0.3864,-0.0313,-0.5661,-0.0156,0.0017,0.0067,0.9557,0.0133,-0.0422,-0.0107,-0.0285,-0.0074,-0.1449,-0.0267,-0.0255,-0.0193,-0.0057,-0.0173,-0.0011,-0.3486,-0.0054,0.8182,-0.0084,-0.0149,0.0059,0.3786,0.0143,0.0035,0.0179,-0.0058,0.0204,-0.0034,0.0216,-0.037,-0.011,0.0064
36,5096,108,2,sitting,0.0077,1.2831,-0.0138,0.172,0.4897,1.4164,0.0831,-0.0112,-0.016,0.0148,0.0172,0.0054,-0.0168,0.0025,0.0121,0.025,0.0173,-0.0089,0.2181,0.0089,-0.4711,-0.0103,0.0044,0.0142,1.1786,0.0071,-0.0273,0.0125,0.0024,-0.0113,-0.1954,-0.0213,-0.0512,-0.0043,-0.0026,-0.0143,-0.0056,-0.3408,-0.007,0.7953,-0.0086,-0.0149,0.0155,0.2152,0.0211,0.0026,0.0297,0.0087,0.0186,0.0083,0.0301,-0.0355,-0.0137,0.0055
37,5097,108,2,sitting,0.0204,1.3045,-0.0152,0.0862,0.1603,0.4864,0.326,-0.0025,0.0038,0.0158,0.0036,0.0051,-0.0255,0.0042,0.0133,0.0253,0.0162,0.0011,0.4218,0.0073,-0.5775,0.0023,0.0003,0.0024,0.8321,0.0147,0.0067,-0.0123,-0.0336,-0.0112,-0.1571,-0.0361,-0.0427,-0.0034,0.0105,0.0075,-0.0017,-0.3217,-0.0077,0.7757,0.0021,-0.0173,0.0132,0.4461,0.0094,0.0125,0.0312,0.0071,0.0169,0.0117,0.0144,-0.0354,-0.0102,0.0041
38,5098,108,2,sitting,0.0087,1.2836,-0.0164,0.1198,0.3478,1.1405,-0.2682,0.0161,-0.0026,0.0169,0.0134,-0.0021,-0.0276,0.0008,0.0096,0.0228,0.0203,-0.001,0.1358,-0.0032,-0.5581,-0.0067,-0.0005,0.0082,1.0083,0.0015,-0.0147,-0.0374,0.0029,-0.0076,-0.1731,-0.0321,-0.0386,-0.0277,-0.0026,0.0043,-0.0075,-0.3037,-0.0117,0.7749,0.0007,-0.0176,-0.01,0.4077,-0.0145,0.0033,0.0215,0.0073,0.0214,0.0108,0.0183,-0.0365,-0.0122,0.0055
39,5099,108,2,sitting,0.0067,1.3201,-0.0076,0.0418,0.1136,0.5239,-0.3635,0.0138,-0.0137,0.0029,0.0166,0.0003,-0.0307,0.0044,0.0097,0.0319,0.0175,0.0032,0.1863,0.0131,-0.5751,-0.0051,-0.0004,0.0081,1.1828,-0.0269,-0.0365,-0.0077,-0.012,-0.0005,-0.1755,-0.0163,-0.0426,-0.0129,0.0066,0.0081,-0.0053,-0.3147,-0.0067,0.6829,0.0029,-0.0131,0.0142,0.3325,0.0112,0.0045,0.0259,0.0027,0.0328,0.0028,0.0286,-0.0367,-0.0125,0.0057
40,5100,108,2,sitting,0.012,1.2908,-0.0177,0.0868,0.2195,0.685,0.1582,0.0073,0.0068,0.0143,0.0036,-0.0118,-0.0275,-0.0012,0.0118,0.0231,0.0178,0.0006,0.4423,-0.0126,-0.565,-0.0005,0.0057,-0.0157,1.0176,-0.0051,-0.03,0.0203,-0.0107,0.0241,-0.1521,-0.0361,-0.0154,-0.0258,0.0025,0.0097,-0.0067,-0.3534,-0.0076,0.8776,-0.0085,-0.0193,0.0116,0.4032,0.0029,-0.005,0.0238,0.0064,0.0231,0.0052,0.0184,-0.0348,-0.0109,0.0041
41,5101,108,2,sitting,0.0025,1.3279,-0.0196,0.1708,0.4852,1.1489,0.5488,-0.0066,0.0026,0.0227,0.0053,0.0022,-0.0277,0.0006,0.0111,0.0263,0.0194,0.0001,0.2782,-0.0053,-0.578,-0.0012,-0.0035,-0.0098,0.928,-0.0213,-0.0284,-0.0164,-0.0138,-0.0041,-0.1935,-0.028,-0.0521,-0.0247,-0.0078,-0.0087,-0.0045,-0.3415,-0.0088,0.7921,0.0016,-0.0137,0.0076,0.4168,0.0137,0.0047,0.0228,0.008,0.0236,0.0019,0.0263,-0.0355,-0.0111,0.0031
42,5102,108,2,sitting,0.0075,1.3282,-0.014,0.1404,0.2974,0.8335,-0.0073,-0.0206,0.0042,0.0247,0.0136,-0.0281,-0.0317,0.0033,0.0089,0.0277,0.0183,0.0055,0.2509,0.0047,-0.5259,-0.0022,-0.0006,0.015,0.7727,0.0041,-0.0043,-0.0234,-0.0027,-0.0124,-0.152,0.0124,-0.0234,0.004,0.005,0.0048,-0.0015,-0.6183,-0.0111,0.7458,-0.0099,-0.0093,0.0164,0.3622,0.0046,0.0018,0.0191,0.0018,0.021,0.0161,0.0196,-0.0385,-0.0102,0.0047
43,5103,108,2,sitting,0.0142,1.3313,-0.0245,0.1163,0.3148,1.0637,-0.2848,0.0025,-0.0132,0.0243,0.0134,0.0043,-0.0237,0.0044,0.0061,0.0251,0.0191,-0.0187,0.2644,-0.0076,-0.5259,-0.0025,0.0027,-0.011,1.1353,0.0021,0.0341,0.0168,0.0127,-0.0089,-0.142,-0.0225,-0.0395,-0.0195,-0.0122,-0.0114,-0.0065,-0.3146,-0.0092,0.7848,0.0035,-0.0196,-0.0115,0.3152,0.0113,-0.0126,0.034,0.0084,0.0144,-0.0027,0.0257,-0.0366,-0.0109,0.0045
44,5104,108,2,sitting,0.0016,1.3345,-0.018,0.1061,0.3225,1.0209,-0.2997,0.0336,-0.0052,0.0193,0.0077,-0.0032,-0.0232,0.0008,0.0123,0.0263,0.0191,-0.0007,0.2126,0.0032,-0.4868,-0.0045,0.001,0.0217,0.957,-0.0373,-0.0225,0.038,0.0265,0.0118,-0.1946,-0.0151,-0.0248,-0.0068,0.0054,-0.0012,-0.0067,-0.6498,-0.0037,1.4877,0.004,-0.0184,0.0007,0.4459,0.0083,0.0087,0.0255,-0.0011,0.019,0.0021,0.0226,-0.0355,-0.0108,0.0047
45,5105,108,2,sitting,0.0058,2.1742,-0.0287,0.096,0.3229,1.1305,1.1263,-0.0206,-0.0138,0.0288,0.0225,-0.0288,-0.0279,0.0035,0.0131,0.0273,0.0208,0.0114,0.4768,0.0271,-0.5253,-0.0005,-0.0037,0.0104,1.202,-0.0011,-0.0303,-0.0247,-0.0317,-0.0088,-0.1796,-0.0375,-0.0558,-0.0046,0.0072,0.0061,-0.0045,-0.6713,-0.0099,1.437,-0.0123,-0.0064,0.0036,0.468,0.0073,0.0086,0.0217,-0.0133,0.0193,0.0106,0.0164,-0.0386,-0.0102,0.0058
46,5106,108,2,sitting,0.0166,0.9819,-0.0034,0.0826,0.1279,0.3571,0.1645,-0.0257,-0.0004,0.0315,0.0258,-0.0138,-0.0281,0.0035,0.0117,0.0275,0.0195,-0.0112,0.2255,-0.0049,-0.5481,-0.0068,-0.0003,0.0008,1.1195,-0.0106,0.0124,-0.0183,-0.002,-0.0211,-0.1832,-0.0245,-0.0124,-0.038,-0.0096,0.0007,-0.0036,-0.5964,-0.0061,0.7722,-0.0023,-0.0156,0.0084,0.4162,0.0067,0.0047,0.0347,0.0103,0.0183,0.0033,0.0239,-0.0377,-0.0118,0.0036
47,5107,108,2,sitting,0.0084,2.2333,-0.0212,0.126,0.4104,1.0951,0.3584,0.0044,-0.026,0.0149,0.0165,-0.0144,-0.0326,0.0027,0.0083,0.0283,0.0187,-0.0047,0.3862,-0.0207,-0.5578,-0.0033,0.006,0.0022,1.1235,0.0242,-0.0058,-0.0255,-0.0262,-0.01,-0.1649,-0.034,-0.0484,-0.04,-0.0236,0.01,-0.0057,-0.4798,-0.0041,0.7747,0.0004,-0.0196,0.0184,0.335,0.0061,0.0039,0.0198,0.0149,0.0034,0.0013,0.0253,-0.0343,-0.011,0.0052
48,5108,108,2,sitting,0.004,1.1208,-0.0181,0.1374,0.4576,1.4476,0.2681,0.0003,-0.0062,0.0181,0.0094,0.0068,-0.0257,0.0052,0.0118,0.0293,0.0189,0.0234,0.1643,-0.0081,-0.5544,-0.0001,-0.0019,-0.0064,0.9714,-0.0187,0.013,0.0202,-0.0026,-0.0008,-0.1902,-0.0129,-0.0241,-0.0483,-0.0081,0.0084,-0.0064,-0.3137,-0.0081,1.4073,-0.0035,-0.0125,0.0115,0.3246,0.0082,0.0015,0.0257,0.0083,0.017,0.0017,0.031,-0.0367,-0.0106,0.0035
49,5109,108,2,sitting,0.0041,1.2911,-0.0114,0.1248,0.3269,1.0847,0.1266,-0.0037,-0.0032,0.0192,0.0113,-0.0076,-0.0253,-0.0029,0.0134,0.0254,0.0189,0.0005,0.1729,-0.0163,-0.5735,0.0024,-0.0048,-0.0484,0.8524,-0.0096,0.0116,0.0102,0.0076,-0.0251,-0.1645,-0.0174,-0.0193,-0.0085,-0.0055,-0.0074,-0.0026,-0.3233,-0.012,0.7622,-0.0076,-0.0123,-0.0019,0.3871,0.0134,0.0044,0.0248,-0.0034,0.0149,-0.0045,0.0125,-0.0339,-0.0103,0.0032
51,5111,108,2,sitting,0.0026,1.3326,-0.0128,0.1253,0.3268,0.9813,-0.2436,0.0006,-0.0112,0.0257,0.0029,-0.0142,-0.0141,0.0021,0.0079,0.0264,0.0187,0.005,0.2563,-0.034,-0.5226,-0.0066,0.0032,0.0029,0.9127,-0.0177,0.0334,-0.0021,-0.0102,-0.023,-0.1721,-0.0165,-0.0412,-0.0229,-0.0304,0.0081,-0.0026,-0.333,-0.0071,0.8398,-0.0077,-0.0164,0.0103,0.4589,0.0156,0.0121,0.018,0.0082,0.0016,0.0033,0.0146,-0.0352,-0.0112,0.0048
52,5112,108,2,sitting,0.0005,1.2966,-0.0254,0.1553,0.4587,1.3174,0.1641,0.0054,0.0047,0.0156,0.0184,-0.0074,-0.0305,0.0013,0.0102,0.0283,0.0167,-0.001,0.2116,0.0212,-0.5478,-0.005,0.0017,0.0074,1.1748,0.0281,-0.0068,0.0111,-0.0142,0.0041,-0.1652,0.0152,-0.0186,-0.0038,-0.0012,-0.0149,-0.0008,-0.3425,-0.0088,0.7811,0.005,-0.0175,0.0101,0.3224,0.0051,-0.0049,0.0233,0.0021,0.0119,0.0007,0.0254,-0.0351,-0.0126,0.0053
53,5113,108,2,sitting,0.0051,1.265,-0.0189,0.1127,0.306,0.9795,0.4571,-0.0012,-0.0051,0.0168,0.0148,-0.0116,-0.025,0.0045,0.0085,0.0336,0.0152,0.0014,0.2836,-0.0285,-0.5138,-0.0043,-0.0024,-0.0016,1.0561,0.0351,0.0052,0.0002,-0.0146,0.0077,-0.1994,-0.023,-0.0284,-0.0402,-0.0111,0.0093,-0.0064,-0.3187,-0.0089,0.7434,0.0058,-0.016,0.018,0.3262,0.0151,0.008,0.0305,0.0054,0.019,0.0049,0.018,-0.0354,-0.0137,0.0049
54,5114,108,2,sitting,0.004,1.2967,-0.0205,0.1406,0.2294,0.7305,-0.0732,-0.0008,-0.0004,0.0176,0.0164,-0.0118,-0.019,0.0053,0.0095,0.0269,0.0194,0.0011,0.2389,0.002,-0.4991,-0.0118,-0.0021,-0.0434,1.0584,0.0162,-0.0244,-0.0347,-0.0118,-0.0141,-0.1549,-0.0256,-0.0088,-0.0274,0.0041,-0.014,-0.0041,-0.3144,-0.0041,1.4571,0.0015,-0.0123,0.0041,0.4749,0.0237,-0.0021,0.0345,0.004,0.0262,0.0042,0.0134,-0.0365,-0.0117,0.0044
55,5115,108,2,sitting,0.0005,1.3015,-0.0055,0.0997,0.3144,1.0764,0.2525,0.0052,-0.0066,0.0185,0.0084,-0.0011,-0.0275,-0.0043,0.0094,0.0332,0.0217,0.0067,0.4173,0.0083,-0.5313,-0.0024,-0.0062,-0.0345,1.0348,-0.0331,0.0087,0.0142,0.0011,0.005,-0.1547,0.0006,-0.0243,0.0174,0.0087,0.0013,-0.0016,-0.3053,-0.0085,1.4502,-0.009,-0.0046,0.0036,0.2416,0.0117,0.0132,0.0188,0.0018,0.0204,0.01,0.0235,-0.0369,-0.0109,0.0032
56,5116,108,2,sitting,0.0022,1.3014,-0.0155,0.1468,0.4076,1.1034,0.1341,0.0075,0.0058,0.0175,0.007,-0.0117,-0.0236,0.0042,0.0134,0.025,0.0182,0.0011,0.4234,0.0012,-0.5165,-0.0002,0.0027,0.016,1.1703,0.0094,0.002,0.0089,-0.0017,0.0075,-0.1482,-0.0254,-0.0462,-0.0147,0.0109,-0.0125,-0.0078,-0.6197,-0.0063,1.5034,-0.016,-0.0098,0.0147,0.3635,0.0135,0.0051,0.0151,0.0046,0.0287,-0.0023,0.0203,-0.0359,-0.0112,0.0037
57,5117,108,2,sitting,0.0113,2.1673,-0.0351,0.164,0.3212,0.9728,-0.3644,0.0103,-0.0161,0.0316,0.0185,-0.0121,-0.0189,0.0107,0.0059,0.032,0.0247,0.0373,0.3783,0.0215,-0.5872,0.0176,-0.0204,0.0057,0.9296,0.0069,0.0453,0.0112,0.0002,-0.025,-0.1612,0.0145,-0.0336,-0.0237,-0.0101,-0.005,-0.0021,-0.368,-0.0097,0.7476,0.0039,-0.019,0.0037,0.4547,-0.0177,0.0034,0.0264,-0.0048,0.018,0.0157,0.0243,-0.0376,-0.0102,0.0047
58,5118,108,2,sitting,0.0285,1.37,-0.0247,0.1538,0.453,1.1876,-0.298,-0.0345,-0.0187,0.0043,0.0024,0.0133,-0.0278,-0.0056,0.0097,0.0287,0.0179,-0.0133,0.2839,-0.0016,-0.5306,-0.0007,-0.0037,-0.0353,0.8979,-0.0333,0.0055,0.0214,0.0158,-0.0075,-0.139,-0.0241,-0.016,-0.0053,-0.0052,0.0045,-0.0067,-0.343,-0.0064,0.8147,0.0043,-0.0238,0.0185,0.3855,0.0053,0.0114,0.0266,0.0115,0.0218,0.0126,0.0216,-0.0365,-0.0133,0.0055
59,5119,108,2,sitting,0.0077,1.3126,-0.0139,0.1062,0.3186,0.9864,-0.0179,0.0157,-0.0285,0.0112,0.0052,-0.0267,-0.0212,-0.0014,0.0097,0.032,0.0182,-0.0042,0.3719,-0.0092,-0.5839,-0.0042,-0.0025,0.0237,1.2038,-0.0221,-0.0234,-0.0301,-0.02,0.0003,-0.1934,-0.012,-0.0278,-0.007,-0.0266,0.0126,-0.0075,-0.3487,-0.0096,1.4526,0.0005,-0.0196,0.0056,0.4677,0.0147,0.0046,0.0211,-0.0006,0.0129,-0.0058,0.0227,-0.0356,-0.0102,0.0028
60,5120,108,2,sitting,0.0061,2.4586,-0.0243,0.1265,0.2848,0.8685,-0.3034,-0.0082,0.0066,0.0162,0.0047,-0.0001,-0.0265,-0.004,0.0078,0.0263,0.0186,0.0008,0.2942,-0.005,-0.4508,-0.0016,-0.0008,-0.0309,1.036,-0.0351,0.0179,-0.037,-0.0152,-0.0207,-0.1986,-0.0235,-0.0516,-0.0099,0.017,0.0041,-0.0058,-0.671,-0.0044,1.4396,-0.0057,-0.0176,-0.0113,0.4008,0.0157,0.0046,0.0218,0.0056,0.0116,0.0146,0.0253,-0.0345,-0.013,0.0065
61,5121,108,2,sitting,0.0085,1.3511,-0.0234,0.099,0.2431,0.836,0.1128,0.0028,0.0006,0.002,0.0028,-0.0054,-0.0346,-0.0006,0.006,0.0277,0.0179,0.0004,0.2269,0.0021,-0.5082,-0.0031,-0.0026,-0.0183,1.0634,-0.0269,-0.021,-0.0354,0.0041,0.0046,-0.1432,-0.0293,-0.0128,-0.0215,0.0101,0.0052,-0.0011,-0.4133,-0.0077,1.45,-0.0115,-0.0038,0.0063,0.2951,0.0153,0.0068,0.0347,0.0059,0.0171,0.0022,0.0255,-0.0356,-0.011,0.0052
62,5122,108,2,sitting,0.011,1.2859,-0.005,0.1233,0.3287,1.064,0.3686,0.0104,0.0023,0.0121,0.007,-0.0212,-0.0246,0.0023,0.0136,0.0283,0.0183,-0.0013,0.2669,-0.0043,-0.5531,-0.0013,0.0024,-0.0091,1.4183,-0.0021,-0.0202,-0.008,-0.0122,-0.0024,-0.1627,-0.0321,-0.0271,-0.0386,-0.0172,-0.0103,-0.0051,-0.5074,-0.0114,1.6464,0.0036,-0.0202,0.0164,0.4032,0.0094,0.0037,0.0317,0.0094,0.018,0.0054,0.0214,-0.0359,-0.0104,0.0026
63,5123,108,2,sitting,0.0002,1.3313,-0.0248,0.0846,0.3133,0.9787,0.3675,0.0214,-0.0027,0.0147,0.0104,-0.0213,-0.0186,0.0018,0.0066,0.0333,0.0164,0.0182,0.243,0.0011,-0.5027,-0.0021,0.0044,-0.0017,1.1639,-0.0095,-0.0008,0.0115,0.006,0.0016,-0.1666,-0.0264,-0.0214,-0.0097,-0.0006,-0.0061,-0.0051,-0.3036,-0.0105,1.0141,0.0013,-0.0147,-0.0106,0.2431,0.0132,0.0066,0.0201,0.0037,0.0071,0.0036,0.0183,-0.0362,-0.0132,0.0023
64,5124,108,2,sitting,0.0038,1.3171,-0.0129,0.0646,0.3782,1.0238,0.3168,-0.0113,-0.0223,0.0185,0.0144,-0.0138,-0.0219,-0.0045,0.0073,0.0293,0.0183,-0.031,0.3769,-0.0278,-0.5155,-0.0005,0.0053,-0.0234,1.1199,-0.0278,-0.0053,-0.0027,-0.0222,0.0142,-0.1521,-0.0227,-0.0243,-0.0086,-0.0034,0.008,-0.0019,-0.3116,-0.0035,0.7938,-0.0097,-0.0111,0.0153,0.4439,0.0041,0.0076,0.0241,0.0073,0.026,0.0015,0.0198,-0.0362,-0.0118,0.0037
65,5125,108,2,sitting,0.0056,2.0339,-0.026,0.2074,0.7036,1.2436,-0.4609,-0.0055,0.0014,0.0209,0.012,-0.0066,-0.0278,-0.0011,0.0136,0.0251,0.0186,0.02,0.4424,0.0107,-0.5187,0.0007,-0.0004,-0.0105,2.4061,-0.027,0.01,0.0003,0.0063,-0.0068,-0.1557,-0.0289,-0.0684,-0.0205,-0.0067,0.0083,-0.0044,-0.334,-0.0113,1.4244,-0.0131,-0.0125,0.0029,0.4356,0.017,-0.0061,0.0246,0.0053,0.0168,0.0026,0.0175,-0.0349,-0.0135,0.0052
66,5126,108,2,sitting,0.0117,2.2416,-0.0262,0.0396,0.2581,0.7587,0.2993,-0.0161,0.0056,0.0215,0.001,0.0106,-0.0342,0.0029,0.0115,0.0255,0.0202,0.0262,0.1849,-0.0092,0.2969,0.0058,-0.0066,-0.0025,1.2146,-0.0169,0.04,0.0065,0.003,0.0136,-0.1351,-0.0424,-0.0034,0.0151,-0.0042,0.0029,-0.0041,-0.5152,-0.0055,1.4225,-0.0103,-0.0127,0.0143,0.4398,0.0173,-0.01,0.0126,0.007,0.0119,-0.0041,0.0208,-0.0364,-0.0118,0.0054
67,5127,108,2,sitting,0.0032,2.2844,-0.0305,0.1362,0.4166,1.1577,0.1373,-0.0007,-0.0054,0.0358,0.0165,-0.013,-0.0237,0.0051,0.0156,0.0283,0.0156,0.0281,0.3269,0.0093,-0.4454,-0.0071,-0.0048,0.0284,1.3379,-0.0231,-0.0349,-0.0384,-0.0132,-0.0111,-0.1843,-0.0357,-0.0212,-0.0244,0.0147,-0.002,-0.0043,-0.5846,-0.0084,1.4503,-0.0135,-0.0167,0.0151,0.4178,0.0211,0.0135,0.0141,0.0008,0.022,0.0055,0.0252,-0.0341,-0.0132,0.0057
68,5128,108,2,sitting,0.0032,2.412,-0.0347,0.1631,0.445,1.2247,0.2909,-0.0067,-0.0136,0.0136,0.0126,-0.0053,-0.0294,-0.0052,0.0097,0.0377,0.0188,-0.0264,0.3335,-0.0053,-0.5754,-0.0045,-0.0043,0.0056,1.1087,-0.031,-0.0483,0.0102,-0.0108,0.0016,-0.1718,-0.0269,-0.0271,-0.0246,-0.0122,-0.0257,-0.0067,-0.5935,-0.0077,0.7654,-0.0028,-0.0124,-0.0048,0.442,0.0127,0.0018,0.03,-0.0054,0.033,-0.0022,0.022,-0.0374,-0.011,0.0044
69,5129,108,2,sitting,0.0123,1.332,-0.031,0.1607,0.4766,1.2221,0.4871,-0.011,-0.0252,0.0239,0.0039,-0.0047,-0.0218,0.0027,0.0126,0.0314,0.0185,-0.0178,0.154,-0.0236,-0.5531,-0.006,0.0009,-0.034,1.1191,-0.0044,0.01,-0.041,0.0046,0.0062,-0.1846,-0.0117,-0.0131,-0.0224,-0.0078,-0.0022,-0.0057,-0.5203,-0.0061,1.4425,-0.0022,-0.0177,-0.0136,0.2829,0.0078,0.0098,0.017,-0.0067,0.015,0.0049,0.0177,-0.037,-0.0111,0.0016
70,5130,108,2,sitting,0.0022,1.2747,-0.0263,0.065,0.1777,0.5387,0.4286,-0.0022,-0.0144,0.0141,0.0126,0.0002,-0.03,0.005,0.0108,0.0265,0.0169,-0.0067,0.447,-0.0013,-0.5796,-0.0007,-0.0035,0.0032,1.1513,0.0011,-0.0034,0.0071,-0.0111,0.0075,-0.1427,-0.0265,-0.0374,-0.013,-0.005,-0.0175,-0.0068,-0.5095,-0.0095,1.4456,-0.0132,-0.0087,0.0156,0.4176,0.0075,0.0038,0.0264,-0.0043,0.0218,0.0084,0.0186,-0.0348,-0.011,0.0021
71,5131,108,2,sitting,0.0153,1.3328,-0.027,0.162,0.4579,1.0337,0.4544,0.0164,0.0038,0.013,0.0059,-0.0031,-0.0262,-0.0027,0.0142,0.0275,0.0178,-0.0255,0.3087,-0.0163,-0.5388,-0.001,-0.0058,0.0021,1.1088,-0.0302,-0.0129,-0.0034,-0.0122,-0.0032,-0.1672,-0.0337,-0.0379,-0.0251,-0.0037,-0.0202,-0.0032,-0.5831,-0.0051,1.0171,-0.0132,-0.0116,0.0109,0.3985,0.003,0.006,0.0244,0.003,0.0246,-0.0041,0.0217,-0.0351,-0.0114,0.0032
72,5132,108,2,sitting,0.0016,1.1338,-0.0155,0.097,0.2168,0.7484,0.5752,0.0034,0.0033,0.014,0.0019,-0.003,-0.0326,-0.0003,0.0096,0.0257,0.0189,-0.0158,0.3074,-0.0251,-0.509,-0.0006,-0.0023,0.0186,1.1296,0.0068,0.0236,-0.024,0.0218,0.0109,-0.1244,-0.0261,-0.0108,-0.0404,-0.0151,-0.002,-0.0007,-0.3475,-0.0093,1.6555,-0.0099,-0.0137,-0.0064,0.9846,-0.0102,-0.0042,0.0256,0.0101,0.0115,0.0047,0.0232,-0.0383,-0.0102,0.0049
73,5133,108,2,sitting,0.0144,0.5093,-0.0337,0.1719,0.4411,1.1527,-0.3255,0.0433,-0.0162,0.052,0.0226,-0.0136,-0.0256,0.007,0.0162,0.037,0.0137,-0.0089,0.3502,-0.0172,-0.5747,-0.0052,-0.005,-0.0616,1.2316,0.0476,0.0378,-0.0122,0.0165,-0.0284,-0.1883,-0.04,-0.033,-0.0368,-0.0053,0.0016,-0.0061,-0.6542,-0.0085,1.6788,-0.0112,-0.0146,0.0105,0.4581,0.0025,0.0079,0.0217,0.0056,0.0216,0.0002,0.0274,-0.0353,-0.0117,0.0042
74,5134,108,2,sitting,0.0048,1.2295,-0.0149,0.1482,0.3596,0.987,0.2239,0.0052,-0.0157,0.026,0.0096,-0.0043,-0.0327,0.004,0.0087,0.0259,0.0211,0.0084,0.2447,0.0011,-0.4941,-0.0034,-0.0038,0.0273,1.2656,0.0354,0.0132,0.0138,-0.016,0.0218,-0.1273,0.0178,-0.057,-0.008,0.0069,0.0155,-0.0022,-0.6143,-0.0052,1.4482,-0.011,-0.0112,-0.0086,0.4122,0.0171,0.0064,0.0175,0.0043,0.0243,-0.005,0.034,-0.0359,-0.0118,0.0045
75,5135,108,2,sitting,0.0065,1.1898,-0.0269,0.1187,0.3082,0.9482,-0.33,0.0053,0.0053,0.0239,0.0149,0.001,-0.0249,0.0061,0.015,0.0254,0.0156,0.004,0.4517,0.0123,-0.5851,-0.002,-0.0004,0.0064,1.0074,0.0205,-0.0287,-0.0066,-0.0024,0.0125,-0.1846,-0.0295,-0.0656,-0.0259,-0.0222,0.0017,-0.004,-0.4034,-0.0105,1.623,-0.0085,-0.0197,0.0038,0.3439,-0.0123,0.0022,0.0238,0.0103,0.0184,0.0123,0.0313,-0.0375,-0.0132,0.0041
76,5136,108,2,sitting,0.0134,1.25,-0.0186,0.1152,0.3029,1.0405,0.3253,-0.0106,-0.0106,0.0376,0.0265,0.0055,-0.0291,-0.0014,0.0076,0.0213,0.0164,-0.0071,0.183,-0.0288,-0.466,-0.0006,-0.0024,-0.0066,1.2125,-0.027,-0.0019,-0.022,-0.0012,-0.02,-0.1397,-0.0185,-0.0324,-0.0178,-0.0255,-0.0077,-0.0043,-0.3185,-0.0034,0.8542,0.0008,-0.0227,0.0044,0.344,0.0058,-0.0033,0.0197,0.001,0.0114,-0.0042,0.0189,-0.0369,-0.0135,0.0051
77,5137,108,2,sitting,0.0151,2.1452,-0.0072,0.0273,0.3754,0.9776,0.7141,0.0317,-0.0033,0.0218,0.0183,-0.0088,-0.0329,0.0004,0.0107,0.0197,0.018,0.0066,0.3403,-0.0185,-0.5329,0.0038,0.0027,-0.0131,0.9297,0.0035,-0.0171,0.0281,-0.0019,0.0003,-0.1495,-0.0366,-0.001,-0.0163,0.016,0.0032,-0.0061,-0.3151,-0.009,1.0839,-0.0061,-0.0169,-0.0174,0.4559,0.0028,0.0013,0.0352,0.0029,0.0177,0.0111,0.0284,-0.0366,-0.0102,0.0045
78,5138,108,2,sitting,0.0137,1.3582,-0.0208,0.1157,0.342,1.0627,0.2527,0.0375,0.0108,0.0269,0.0044,-0.006,-0.0277,0.0026,0.0083,0.0306,0.0174,-0.0173,0.2855,0.0174,-0.5346,-0.005,-0.0032,0.0222,1.1681,-0.0058,-0.0328,0.0181,-0.043,0.0059,-0.1665,0.0026,-0.0252,-0.0271,-0.0029,-0.0238,-0.0034,-0.3614,-0.005,0.8584,0.0008,-0.0198,-0.0165,0.4489,0.0133,0.0115,0.0288,0.0018,0.0318,0.0062,0.0346,-0.0356,-0.0116,0.0019
79,5139,108,2,sitting,0.0024,1.1489,-0.0176,0.105,0.3235,1.0861,0.5619,-0.0017,0.0065,0.0134,0.0064,0.0002,-0.0259,-0.0007,0.0082,0.0286,0.0178,0.0123,0.1391,-0.009,-0.5388,-0.0103,-0.0016,-0.0068,0.9166,0.01,-0.0112,0.0136,0.0014,0.0014,-0.1347,-0.0263,-0.026,-0.0438,0.0087,0.0115,-0.0067,-0.3216,-0.0086,0.7708,-0.0065,-0.0188,0.0041,0.3947,0.0138,0.002,0.0295,-0.0036,0.0183,0.0061,0.0161,-0.036,-0.0123,0.0028
80,5140,108,2,sitting,0.0052,1.2721,-0.0161,0.1685,0.3362,0.9404,-0.4063,-0.0212,-0.0117,0.0171,0.0149,0.003,-0.0246,0.0056,0.0079,0.025,0.0163,-0.0175,0.3337,-0.0364,-0.5822,-0.0056,0.0016,0.0115,1.0034,-0.0224,0.025,-0.0281,-0.0177,0.0051,-0.1563,-0.0338,-0.041,-0.032,-0.0101,-0.0056,-0.0051,-0.3122,-0.0101,0.8079,-0.0047,-0.014,0.0141,0.338,0.003,0.0033,0.0268,-0.0063,0.0183,0.0035,0.0137,-0.0377,-0.0114,0.0062
81,5141,108,2,sitting,0.0152,1.3002,-0.0192,0.1573,0.3679,1.0903,0.4174,-0.0124,0.0019,0.0089,0.0031,-0.01,-0.0293,-0.0046,0.0103,0.0278,0.0169,-0.0201,0.3084,-0.0242,-0.4626,0.0008,0.0048,-0.0317,1.0823,-0.0105,-0.0302,-0.0266,-0.008,0.0033,-0.1783,-0.0238,-0.033,-0.0327,-0.0131,-0.0008,-0.0006,-0.3211,-0.0062,0.7989,-0.0141,-0.0104,0.0186,0.4475,0.0203,0.0046,0.0287,-0.007,0.005,0.0062,0.0251,-0.0375,-0.0112,0.0019
82,5142,108,2,sitting,0.0136,1.3206,-0.0176,0.1444,0.4511,1.129,-0.5216,0.0024,-0.0235,0.022,0.0053,-0.0179,-0.0271,0.0065,0.0098,0.0299,0.0173,-0.0053,0.299,0.002,-0.5318,-0.0165,-0.0126,-0.0034,1.179,-0.0023,-0.0043,-0.0024,-0.0364,-0.0261,-0.1964,-0.0281,-0.0062,-0.0189,-0.0146,0.0061,-0.0073,-0.3447,-0.0045,0.672,-0.0096,-0.0147,0.0052,0.3724,0.0048,-0.0135,0.02,0.0054,0.0184,0.0067,0.0133,-0.036,-0.0128,0.0037
83,5143,108,2,sitting,0.011,1.2501,-0.0166,0.1512,0.5104,1.4333,0.0768,0.0167,0.0042,0.015,0.0052,-0.0101,-0.031,0.0061,0.014,0.0266,0.0158,-0.023,0.2881,-0.0053,-0.5763,0.0006,-0.0045,-0.0032,1.1511,0.0364,0.0224,-0.0027,-0.0036,-0.0385,-0.1826,-0.0306,-0.0402,-0.0054,-0.0156,-0.016,-0.0069,-0.3066,-0.0083,0.7593,0.0002,-0.0134,0.0141,0.4197,0.017,0.003,0.024,0.005,0.0133,-0.0058,0.0218,-0.0356,-0.0102,0.0039
84,5144,108,2,sitting,0.0103,2.3897,-0.0288,0.2765,0.2245,0.7329,0.184,-0.0029,-0.0034,0.0278,0.0102,-0.0083,-0.0271,0.0047,0.0121,0.0265,0.0187,-0.0073,0.259,0.0074,0.4223,0.0045,0.0042,0.0054,1.1571,-0.0332,-0.0236,-0.0126,0.003,-0.0215,-0.1307,-0.0333,-0.0443,-0.0035,0.0029,0.0029,-0.0002,-0.5368,-0.0073,0.7539,0.0031,-0.0179,0.0126,0.4327,0.008,0.004,0.0133,0.006,0.0054,-0.0014,0.0171,-0.0364,-0.0102,0.005
85,5145,108,2,sitting,0.0223,1.3297,-0.0184,0.1079,0.3366,1.0513,0.4142,0.0047,-0.024,0.013,0.0107,-0.0122,-0.0254,-0.0035,0.0108,0.0272,0.0183,0.0375,0.3021,-0.0036,-0.5533,-0.0001,-0.002,-0.0124,1.1088,-0.0173,0.0077,-0.0013,0.0012,-0.02,-0.15,-0.0189,-0.0402,-0.0054,0.0011,0.0155,-0.003,-0.3398,-0.0046,0.699,-0.0041,-0.0124,0.0021,0.4649,0.0021,0.0131,0.0153,-0.0024,0.0123,0.0041,0.0284,-0.0348,-0.0124,0.0044
86,5146,108,2,sitting,0.0104,1.357,-0.0126,0.1556,0.4814,1.0999,-0.2713,0.007,0.0116,0.0173,0.0144,-0.0068,-0.0242,0.0041,0.0115,0.0288,0.0162,-0.0037,0.1546,0.0126,-0.5734,-0.0056,0.0012,0.0036,1.0536,-0.0368,-0.0087,-0.0028,-0.0058,-0.0262,-0.1341,-0.0305,-0.0198,-0.0451,-0.0203,0.0052,-0.002,-0.322,-0.0138,0.7416,0.001,-0.0198,-0.0177,0.4334,0.0141,0.016,0.0226,0.0153,0.0214,0.0088,0.0317,-0.036,-0.0123,0.0038
87,5147,108,2,sitting,0.014,1.2663,-0.0235,0.0746,0.2398,0.7384,0.4153,-0.0101,0.0008,0.0143,0.0147,0.0022,-0.0274,0.0054,0.0074,0.0279,0.0177,0.0069,0.257,-0.0074,-0.5778,-0.0024,0.0034,-0.0252,1.0755,0.0136,-0.0177,0.003,-0.017,-0.0001,-0.1667,-0.0275,-0.0105,-0.006,-0.0009,-0.0043,-0.002,-0.3433,-0.0125,0.726,-0.0114,-0.0118,-0.0018,0.4484,-0.0143,-0.0047,0.0312,-0.0069,0.0249,0.0051,0.0191,-0.0347,-0.011,0.0058
88,5148,108,2,sitting,0.0133,1.2415,-0.0152,0.1481,0.4117,1.167,-0.5209,-0.0017,0.0037,0.017,0.0078,-0.0273,-0.0284,0.0058,0.0147,0.0271,0.0196,0.0136,0.3884,-0.0035,-0.519,-0.0077,0.0048,-0.0377,1.1377,0.0041,-0.0445,-0.0254,-0.0156,0.0027,-0.1844,-0.0277,-0.0418,0.0144,-0.0261,0.0123,-0.0077,-0.319,-0.0076,0.8409,-0.0088,-0.0188,0.0211,0.4154,0.0264,0.004,0.0296,-0.0076,0.0179,0.0077,0.0183,-0.0381,-0.0104,0.0052
89,5149,108,2,sitting,0.0227,1.2904,-0.0131,0.033,0.2089,0.6627,0.5149,-0.0315,-0.0313,0.0355,0.0135,-0.0128,-0.0137,0.003,0.0114,0.0245,0.0147,-0.0344,0.4568,0.0056,-0.5446,-0.0052,-0.0055,0.0054,0.9399,0.0036,0.0128,0.0204,-0.0278,-0.0152,-0.1899,-0.0038,-0.0448,-0.0094,-0.0433,0.0128,-0.0057,-0.4398,-0.0034,0.7729,-0.0053,-0.0174,0.0056,0.3368,0.0036,0.0077,0.0246,0.0079,0.0208,0.0136,0.0287,-0.0381,-0.012,0.0043
90,5150,108,2,sitting,0.0202,1.3794,-0.0194,0.0604,0.2279,0.654,0.2801,-0.0234,-0.0152,0.0027,0.0076,0.0031,-0.0236,-0.001,0.0079,0.0243,0.0169,0.0053,0.3262,-0.0107,-0.5237,-0.01,-0.0067,-0.0182,1.1667,-0.0234,-0.0137,0.0051,-0.0098,-0.0003,-0.1544,-0.0252,-0.0272,-0.0274,0.0008,0.0167,-0.0016,-0.3427,-0.0052,1.4368,-0.0144,-0.0047,-0.0106,0.4671,0.0228,-0.0005,0.0301,0.009,0.0118,-0.0076,0.036,-0.0346,-0.0134,0.0066
91,5151,108,2,sitting,0.0105,1.2488,-0.0254,0.0934,0.3044,0.9771,-0.1635,-0.0104,0.0014,0.0167,0.0134,-0.0237,-0.0309,-0.0047,0.0068,0.0274,0.019,0.0141,0.2592,0.0185,-0.5469,-0.0102,-0.0066,-0.0301,1.203,-0.005,0.0427,-0.0451,-0.0283,-0.0188,-0.1703,-0.0381,-0.008,-0.0041,0.0174,0.0019,-0.0037,-0.318,-0.0077,0.8122,-0.01,-0.0034,0.005,0.3617,-0.0052,0.01,0.0256,0.0074,0.032,0.012,0.024,-0.0337,-0.0126,0.0042
92,5152,108,2,sitting,0.0023,1.2933,-0.0111,0.1129,0.305,0.9529,0.2192,0.0055,-0.0136,0.0127,0.009,0.0005,-0.0294,0.0008,0.0103,0.0255,0.0183,0.025,0.3371,0.0153,-0.5734,-0.0015,0.0001,0.0006,1.1849,-0.0012,0.0122,0.0028,0.0077,0.0084,-0.1807,-0.0166,-0.0277,0.0062,-0.0112,0.0275,-0.001,-0.6726,-0.011,1.4531,-0.0123,-0.0101,0.0264,0.3629,0.0108,0.0066,0.0174,0.0001,0.0217,0.0026,0.0231,-0.0374,-0.0114,0.0034
93,5153,108,2,sitting,0.013,1.3439,-0.0258,0.1309,0.3461,1.0593,0.1566,-0.0045,-0.0138,0.0191,0.0045,0.0043,-0.0275,0.002,0.0133,0.0294,0.0184,0.0213,0.328,-0.0085,-0.4949,-0.0063,0.0058,0.0006,1.1082,0.0167,0.011,-0.0046,0.0164,-0.0118,-0.1669,-0.0238,-0.0299,-0.0105,-0.0141,0.0092,-0.0051,-0.3099,-0.0101,0.8363,-0.0133,-0.0039,-0.006,0.3863,0.0059,0.0058,0.0149,-0.0066,0.0235,0.0029,0.0205,-0.0379,-0.0102,0.0023
94,5154,108,2,sitting,0.0061,2.5083,-0.0157,0.0206,0.3726,1.1545,0.5784,-0.0373,0.0243,0.0354,0.0169,-0.0279,-0.0263,0.006,0.0135,0.0349,0.0205,-0.0166,0.1962,-0.0145,-0.5263,-0.0065,0.0047,-0.0122,0.8387,0.0042,0.028,0.0161,0.0071,-0.0057,-0.1793,-0.0263,-0.0303,-0.0228,-0.0014,0.0204,-0.0045,-0.515,-0.0074,1.4449,-0.007,-0.0129,0.0221,0.3948,0.0084,0.0027,0.0154,-0.0165,0.0233,-0.0111,0.0314,-0.0357,-0.0115,0.0029
95,5155,108,2,sitting,0.0017,1.1719,-0.0214,0.131,0.401,1.2476,0.3319,0.0133,0.0044,0.0118,0.0043,0.0003,-0.0241,0.0045,0.0115,0.0266,0.0192,-0.0057,0.3614,-0.0053,-0.5377,0.0034,-0.0052,0.0071,1.0287,0.0028,-0.0094,-0.0066,-0.0278,0.012,-0.153,-0.0226,-0.0141,-0.0093,-0.0044,0.0006,-0.0049,-0.581,-0.0103,1.6613,0.0012,-0.0164,0.0062,0.9252,0.011,0.0038,0.0271,0.0131,0.011,-0.0044,0.0235,-0.0351,-0.0116,0.0052
96,5156,108,2,sitting,0.0177,1.2869,-0.0308,0.1345,0.3405,1.178,0.3731,-0.0074,-0.0088,0.0283,0.001,-0.0122,-0.0263,0.0078,0.0112,0.0266,0.0174,0.0076,0.4402,0.0148,-0.5408,-0.0055,0.0051,-0.0378,1.0539,0.0116,0.0073,0.0218,0.0027,0.0114,-0.1916,-0.0292,-0.0053,-0.0158,-0.0166,-0.0001,-0.0026,-0.3546,-0.0076,1.4663,0.0016,-0.0178,0.0162,0.4181,0.0221,0.0025,0.0375,0.0126,0.006,0.0021,0.0256,-0.036,-0.012,0.0021
97,5157,108,2,sitting,0.0086,1.2529,-0.0179,0.0256,0.3519,1.1,-0.4388,-0.014,-0.0116,0.0254,0.0013,-0.0043,-0.0193,-0.0027,0.011,0.0269,0.0205,-0.0057,0.4627,-0.0097,-0.536,-0.0002,0.0007,-0.0107,1.0586,0.0069,0.0044,0.0301,-0.0065,-0.0318,-0.1543,-0.025,-0.018,-0.0233,-0.0074,-0.0016,-0.0034,-0.6863,-0.0111,0.7813,0.005,-0.0174,0.0042,0.4457,0.0117,0.0058,0.0285,0.0103,0.0184,-0.0041,0.0206,-0.0382,-0.0107,0.0044
98,5158,108,2,sitting,0.0073,2.268,-0.0338,0.1084,0.3522,0.9549,0.7236,-0.0121,0.0068,0.026,0.0024,0.001,-0.0235,-0.0027,0.0088,0.0297,0.0179,0.0083,0.0106,-0.0178,0.6401,-0.0005,0.0007,-0.0137,1.1163,-0.0042,-0.0157,0.0077,-0.0106,-0.0021,-0.1821,-0.0231,-0.025,-0.0234,-0.0083,-0.0104,-0.001,-0.3076,-0.0087,1.4416,-0.0114,-0.0075,-0.0142,0.4185,0.005,0.0077,0.0213,0.0047,0.0075,0.0023,0.0136,-0.036,-0.0117,0.0054
99,5159,108,2,sitting,0.0241,1.1639,-0.0033,0.1445,0.4308,1.1934,0.351,0.0162,-0.0029,0.0147,0.0073,-0.007,-0.0271,0.0022,0.0118,0.0237,0.019,-0.0004,0.2685,-0.0012,-0.4877,-0.0066,-0.0036,0.0125,1.0194,-0.0113,-0.031,-0.0144,-0.0017,0.0121,-0.1611,-0.008,-0.0177,-0.0227,-0.037,-0.0052,-0.0041,-0.6723,-0.0047,0.7733,-0.0041,-0.0195,-0.0051,0.4244,0.0037,-0.0014,0.0134,0.0013,0.0084,0.0046,0.0153,-0.0353,-0.0112,0.005
100,5160,108,2,sitting,0.0023,1.2199,-0.0185,0.171,0.4352,1.2165,0.2917,0.0165,0.0014,0.018,0.0035,-0.0271,-0.0185,0.0024,0.0154,0.0247,0.0196,0.0021,0.3778,0.0113,-0.4953,-0.0047,-0.0017,-0.026,1.036,-0.0151,0.0015,0.0154,-0.036,-0.0146,-0.1787,-0.0228,-0.0388,-0.0402,0.0052,0.006,-0.0041,-0.673,-0.0093,1.4999,-0.0128,-0.0072,-0.0151,0.4116,0.0029,0.0069,0.0173,0.0016,0.0231,0.0003,0.0242,-0.0371,-0.0116,0.0033
101,5161,108,2,sitting,0.0123,0.5219,-0.0163,0.1228,0.4512,1.3756,-0.2193,-0.0226,-0.0035,0.0126,0.0061,0.0013,-0.0329,0.0007,0.0109,0.0245,0.019,-0.0126,0.5378,-0.0039,-0.4989,-0.0075,0.0009,0.0348,0.9175,0.0056,0.0277,0.008,-0.0166,-0.007,-0.1359,-0.0145,-0.0458,-0.0383,0.0088,-0.0031,-0.0003,-0.3523,-0.0112,0.8085,-0.014,-0.0027,0.0041,0.3562,0.0079,0.0033,0.033,-0.0045,0.016,0.0066,0.0195,-0.0351,-0.0103,0.0039
102,5162,108,2,sitting,0.0153,1.2803,-0.0209,0.1449,0.3746,1.0676,-0.1724,-0.033,-0.0108,0.017,0.0226,-0.0082,-0.0212,0.0028,0.011,0.0226,0.02,-0.0312,0.2901,-0.0337,-0.5299,-0.0007,0.0004,-0.0011,1.2124,0.0348,0.0137,-0.0245,0.0066,0.0338,-0.1794,-0.0245,-0.0342,-0.0456,-0.0406,-0.0064,-0.002,-0.3179,-0.0035,0.7363,-0.0107,-0.008,-0.0016,0.4236,-0.0047,0.0058,0.0147,0.0021,0.0121,0.0163,0.0194,-0.0364,-0.0108,0.0033
103,5163,108,2,sitting,0.0064,1.2537,-0.0074,0.0589,0.2344,0.7698,0.2911,-0.0009,-0.0032,0.0177,0.0113,0.0018,-0.0269,0.0014,0.0104,0.0273,0.0183,-0.0012,0.3346,-0.0182,-0.5771,-0.0064,-0.0011,0.0026,1.0796,0.011,0.0187,-0.0082,-0.0254,-0.0087,-0.1362,-0.0335,-0.0389,-0.0311,-0.0144,0.0113,-0.0036,-0.3046,-0.0114,0.8756,-0.0109,-0.0041,0.0097,0.342,0.0088,-0.0027,0.023,-0.0069,0.0137,0.0013,0.0165,-0.0353,-0.0125,0.0048
104,5164,108,2,sitting,0.0009,2.2537,-0.0097,0.0937,0.1117,0.634,-0.3664,-0.007,0.0016,0.015,0.01,-0.0006,-0.0177,0.0024,0.0105,0.0265,0.0175,-0.0004,0.126,-0.0085,-0.5779,-0.0011,-0.0005,-0.0043,0.9811,-0.011,-0.0149,0.0005,-0.0024,-0.0058,-0.1871,-0.0261,-0.0188,-0.0307,-0.0051,-0.003,-0.0038,-0.319,-0.0057,1.0721,-0.002,-0.0202,0.0034,0.4135,0.0035,-0.0001,0.0244,0.0052,0.02,0.0018,0.0144,-0.0363,-0.0105,0.0032
105,5165,108,2,sitting,0.0147,1.3189,-0.0094,0.151,0.4638,1.1919,-0.3388,0.0355,0.0242,0.0136,0.0016,-0.015,-0.0195,0.0146,0.014,0.0224,0.0256,-0.0063,0.3768,-0.0019,-0.5354,-0.0005,0.0032,-0.0006,0.9024,0.0077,0.0034,0.0336,-0.001,0.0047,-0.1986,-0.0155,-0.026,-0.0186,-0.0207,-0.0131,-0.0022,-0.4505,-0.0099,1.4267,-0.0116,-0.0093,0.0002,0.4337,0.0176,0.0028,0.0125,0.0028,0.0227,0.008,0.0178,-0.0357,-0.0136,0.0035
106,5166,108,2,sitting,0.0057,0.3167,-0.0238,0.0646,0.2267,0.6873,1.4474,0.0185,0.0016,0.0233,0.0056,-0.006,-0.0308,0.0027,0.0122,0.0277,0.0154,-0.0118,0.1592,0.0158,-0.5572,-0.0072,-0.0019,-0.0123,1.1771,0.011,-0.0344,-0.0091,-0.0141,-0.0044,-0.1884,0.0122,-0.0147,-0.0255,-0.0053,-0.0021,-0.0052,-0.3228,-0.0086,1.1211,-0.0132,-0.0143,-0.0019,0.4136,0.0041,0.0049,0.0211,0.0015,0.0209,0.0024,0.0146,-0.0356,-0.0107,0.0052
107,5167,108,2,sitting,0.0022,2.3054,-0.0203,0.1514,0.4159,0.9646,0.1156,-0.0003,0.0023,0.0174,0.0092,-0.0054,-0.0331,0.0034,0.0111,0.0275,0.0184,-0.0136,0.3782,0.0145,-0.5696,-0.0031,-0.0016,-0.0453,0.883,-0.0209,0.0285,-0.0114,-0.033,-0.0046,-0.1807,-0.031,-0.0041,-0.0278,-0.0284,-0.0104,-0.0025,-0.3476,-0.0058,0.7491,-0.0116,-0.0065,0.0027,0.4476,0.0066,0.0018,0.0199,-0.0127,0.0303,0.0018,0.0204,-0.0385,-0.0107,0.0053
108,5168,108,2,sitting,0.0138,1.2376,-0.0181,0.218,0.6566,1.5803,-0.1413,0.0069,-0.0042,0.0031,0.003,-0.0017,-0.0198,-0.0024,0.0152,0.0226,0.0182,-0.0211,0.2875,-0.0034,-0.5224,-0.0033,0.0031,0.0036,1.2533,0.0117,0.0058,-0.0104,-0.0355,0.0071,-0.155,-0.0186,-0.0439,-0.0074,-0.0101,0.0068,-0.0029,-0.3483,-0.0113,0.6845,-0.0103,-0.0097,0.007,0.4101,0.0023,-0.0135,0.0194,0.0057,0.0137,0.0067,0.0205,-0.0354,-0.0116,0.0061
109,5169,108,2,sitting,0.0058,1.2296,-0.0197,0.1667,0.3863,1.0809,0.3194,0.0172,-0.0087,0.0164,0.009,-0.0028,-0.0266,-0.0067,0.0141,0.0276,0.0167,-0.022,0.2278,-0.021,-0.5291,-0.0009,-0.003,-0.0054,1.0274,-0.0037,0.0246,-0.0231,0.0053,-0.0005,-0.1336,-0.0277,-0.0135,-0.008,-0.0114,-0.0012,-0.0035,-0.3348,-0.0072,0.6754,-0.011,-0.0043,0.0067,0.4785,0.0048,-0.0061,0.0264,-0.0049,0.0082,0.0122,0.0161,-0.0333,-0.0117,0.0045
110,5170,108,2,sitting,0.0108,1.3117,-0.0205,0.0476,0.2813,0.7962,-0.113,0.0005,-0.0076,0.0184,0.0126,-0.0017,-0.0182,-0.001,0.0147,0.026,0.0164,-0.0282,0.3248,-0.0172,-0.517,-0.0107,0.0045,-0.02,1.2014,0.016,-0.0116,0.0328,-0.0266,-0.0215,-0.1936,-0.0315,-0.0105,-0.0273,-0.0048,-0.0108,-0.0051,-0.3463,-0.0093,1.646,0.0004,-0.0189,0.0063,0.3877,-0.0012,0.0024,0.0241,0.0033,0.0164,-0.003,0.0323,-0.0347,-0.0118,0.0037
111,5171,108,2,sitting,0.0002,1.24,-0.0187,0.0651,0.3226,1.0933,0.2181,-0.0026,-0.007,0.0043,0.0164,-0.0042,-0.0255,-0.0023,0.0137,0.0228,0.0195,0.0049,0.3627,0.0067,-0.5323,-0.0046,-0.0012,0.0086,1.1179,0.0187,0.0144,-0.0085,-0.0111,-0.0175,-0.1692,-0.0224,-0.0428,-0.004,0.0134,-0.0045,-0.0074,-0.5129,-0.006,1.501,-0.0095,-0.0114,-0.0034,0.3519,0.0098,0.0026,0.0166,-0.0072,0.0196,0.0045,0.0246,-0.0344,-0.0131,0.0038
112,5172,108,2,sitting,0.0225,1.2858,-0.0213,0.1727,0.5427,1.456,-0.2547,-0.0003,-0.0247,0.017,0.0053,-0.0151,-0.0197,0.0056,0.012,0.0264,0.0199,-0.0074,0.2627,-0.0208,-0.4628,-0.0017,-0.0063,-0.011,0.8221,-0.032,-0.0376,-0.0257,-0.0411,-0.0122,-0.1399,-0.0193,-0.0147,-0.0343,-0.0077,-0.0041,-0.005,-0.5823,-0.0074,1.0445,0.0034,-0.0139,0.0049,0.4003,0.011,0.0085,0.0349,0.0129,0.0184,0.006,0.0182,-0.0333,-0.0114,0.0046
113,5173,108,2,sitting,0.0013,1.2987,-0.0233,0.13,0.373,0.958,0.4303,-0.0101,-0.0149,0.0093,0.0064,0.0002,-0.0266,-0.0044,0.0111,0.0255,0.0185,-0.0027,0.4246,-0.0256,-0.5765,-0.0073,0.0006,0.0056,1.1727,-0.0037,-0.0178,0.0338,-0.0063,-0.0154,-0.1808,-0.0215,-0.0481,-0.0013,-0.0078,0.0066,-0.0011,-0.6181,-0.0042,1.4757,-0.0102,-0.0117,0.0143,0.3134,0.0092,0.0154,0.0219,0.0171,0.0114,0.0071,0.015,-0.0377,-0.0126,0.0057
114,5174,108,2,sitting,0.0076,2.0249,-0.0036,0.0882,0.226,0.7226,-1.2146,0.01,0.0076,0.024,0.0101,-0.0024,-0.0135,0.0008,0.0107,0.0256,0.0161,0.0066,0.131,0.0038,-0.4736,-0.0014,-0.0032,-0.0142,1.0173,-0.0271,0.021,-0.0073,0.0047,0.0144,-0.1671,-0.0283,-0.0388,0.0253,-0.017,-0.0017,-0.0073,-0.3445,-0.0031,1.4367,-0.0123,-0.0061,0.0182,0.3616,-0.0072,-0.0048,0.0231,0.0038,0.0142,0.014,0.0166,-0.0349,-0.0127,0.0051
115,5175,108,2,sitting,0.0165,1.121,-0.033,0.093,0.3142,0.9856,-0.3083,-0.0113,-0.0081,0.0056,0.0247,0.0076,-0.021,0.0064,0.013,0.0194,0.0187,0.03,0.1837,0.0364,-0.5032,-0.0043,-0.0023,-0.0066,1.3376,-0.0226,0.018,-0.0181,0.0006,-0.0204,-0.1896,0.0085,-0.054,0.0123,0.0127,0.011,-0.004,-0.3079,-0.0062,1.5028,-0.0037,-0.0158,0.0017,0.3982,0.0083,0.0046,0.028,0.0081,0.0223,0.0126,0.0208,-0.0377,-0.0113,0.0047
116,5176,108,2,sitting,0.0068,1.3394,-0.0161,0.1572,0.4784,1.2302,-0.4436,0.0282,-0.0063,0.0173,0.0137,-0.0182,-0.0277,0.0019,0.0138,0.0296,0.0168,0.0072,0.2844,0.0062,-0.5755,-0.0006,-0.0025,0.0018,1.2578,-0.0084,-0.0255,-0.0094,-0.0057,-0.0077,-0.1449,-0.0167,-0.0074,0.0022,0.006,0.0268,-0.0042,-0.6714,-0.0072,0.8284,-0.0121,-0.0158,-0.0082,0.374,0.0132,0.0166,0.0118,0.0059,0.0183,0.0068,0.0253,-0.0354,-0.0112,0.0051
117,5177,108,2,sitting,0.0041,2.3266,-0.0156,0.067,0.1495,0.5256,1.074,0.004,-0.0136,0.0244,0.0038,0.0024,-0.0237,0.0066,0.0132,0.0298,0.0162,0.0201,0.3576,-0.0218,-0.4786,-0.0131,-0.0024,-0.0316,0.8845,-0.0186,-0.018,-0.0039,-0.0123,0.0005,-0.1714,-0.0266,-0.0326,-0.0224,-0.0043,0.007,-0.0055,-0.3173,-0.0063,1.4189,-0.014,-0.0038,0.0048,0.437,0.0081,-0.0052,0.0138,0.0045,0.0182,0.004,0.0194,-0.0361,-0.0121,0.0023
118,5178,108,2,sitting,0.0133,1.2902,-0.0179,0.1313,0.427,1.1556,0.6045,-0.0047,0.0036,0.0221,0.0085,-0.0019,-0.0358,-0.0012,0.0122,0.0322,0.0196,0.0036,0.1503,-0.0262,-0.4835,-0.0072,0.0006,0.0114,1.2189,-0.0368,-0.0267,-0.0044,-0.0216,-0.0054,-0.1898,-0.0267,-0.0193,-0.021,-0.0045,0.0044,-0.0013,-0.3287,-0.0053,0.6773,-0.0127,-0.0049,-0.013,0.3576,0.0053,0.0081,0.0181,0.0057,0.0197,0.0031,0.0118,-0.0371,-0.0126,0.0035
119,5179,108,2,sitting,0.0036,1.279,-0.0267,0.1617,0.4696,1.3304,0.3953,0.0161,-0.0019,0.0142,0.0053,-0.0251,-0.022,0.0044,0.0116,0.0299,0.0181,0.0189,0.158,0.0177,-0.5671,-0.0074,-0.0048,-0.0254,0.9836,0.0172,0.0085,-0.0042,-0.0215,-0.0132,-0.1561,-0.0256,-0.0401,0.0203,-0.0106,0.0236,-0.0051,-0.3249,-0.0087,1.4407,-0.0083,-0.0155,0.0167,0.4279,0.0093,0.0143,0.0233,-0.0043,0.0205,0.0029,0.0261,-0.0365,-0.0114,0.0045
120,5180,108,2,sitting,0.0226,1.3214,-0.0282,0.0883,0.2939,0.9554,0.4231,-0.0165,-0.0151,0.0045,0.0069,-0.0046,-0.0295,0.0032,0.0061,0.0217,0.0184,0.0106,0.4121,0.0148,-0.5371,-0.0063,-0.002,-0.0105,1.0166,0.0233,0.0145,0.0153,0.0281,-0.0031,-0.1621,0.0138,-0.0633,0.004,-0.0145,0.0034,-0.0021,-0.5204,-0.0076,1.4369,0.0008,-0.0187,0.0154,0.4003,0.0136,0.0016,0.0356,0.0071,0.0216,0.0063,0.0149,-0.0337,-0.0121,0.0021
121,5181,108,2,sitting,0.0203,1.3487,-0.0151,0.1673,0.4676,1.4577,0.3697,0.0108,-0.013,0.0132,0.0053,-0.0175,-0.0293,0.0009,0.0124,0.0251,0.0237,-0.0264,0.2766,-0.0035,-0.576,-0.0089,0.0017,-0.011,1.1076,0.004,-0.0118,0.0068,0.0261,-0.015,-0.1489,-0.0295,-0.0142,-0.0343,-0.0088,-0.0045,-0.0047,-0.3064,-0.0071,1.6087,-0.0125,-0.0071,0.0036,0.348,0.0092,-0.0012,0.0277,-0.0005,0.0198,0.0146,0.0156,-0.0348,-0.0121,0.0021
122,5182,108,2,sitting,0.0032,1.2761,-0.0191,0.1244,0.3483,1.0557,-0.2135,0.0002,-0.0042,0.0169,0.0141,-0.0087,-0.0257,-0.0058,0.0054,0.0234,0.019,-0.0061,0.1362,0.0012,-0.4857,-0.0049,0.0003,0.0058,1.2003,0.0169,-0.0155,-0.001,-0.0242,-0.0142,-0.1908,-0.0247,-0.0364,-0.0075,-0.0036,-0.0042,-0.0029,-0.5027,-0.0064,1.4407,-0.0075,-0.0173,0.0044,0.4466,0.0116,0.0071,0.0269,0.0044,0.02,0.0111,0.0313,-0.035,-0.011,0.0052
123,5183,108,2,sitting,0.0162,1.2459,-0.0325,0.2621,0.6917,0.9228,0.6027,-0.0347,0.0262,0.036,0.0116,-0.0121,-0.0299,0.003,0.0111,0.0246,0.0183,-0.0039,0.3658,0.0173,-0.5359,-0.0039,-0.0072,-0.0263,1.36,-0.0364,-0.027,-0.0019,0.0136,0.006,-0.2229,0.0021,-0.0182,-0.0434,-0.0187,-0.0053,-0.003,-0.499,-0.0039,1.4642,-0.0083,-0.0206,0.0082,0.4114,0.0106,0.0032,0.0291,0.0088,0.0174,0.0077,0.0128,-0.0357,-0.0125,0.0037
124,5184,108,2,sitting,0.0015,1.3315,-0.0088,0.185,0.4115,1.0574,0.4252,-0.0046,0.0011,0.0143,0.0156,-0.0061,-0.0212,0.0018,0.0128,0.027,0.0202,0.0116,0.4366,0.0003,-0.5435,0.0025,-0.0001,-0.0302,1.0804,0.0018,-0.0147,-0.0306,-0.008,-0.0082,-0.1741,-0.0174,-0.0141,-0.0065,-0.0034,0.0154,-0.0036,-0.5204,-0.006,1.4773,-0.0106,-0.0096,-0.0022,0.2199,0.0174,0.0001,0.0165,-0.0058,0.0244,0.0046,0.0251,-0.0345,-0.011,0.0018
125,5185,108,2,sitting,0.015,1.3331,-0.0079,0.1454,0.3581,1.1133,0.3872,-0.0055,-0.0034,0.0237,0.0061,-0.0203,-0.0214,0.001,0.0075,0.0253,0.0176,-0.0027,0.4054,-0.0131,-0.5414,-0.0014,-0.0053,-0.0101,1.2784,0.0266,0.015,-0.0022,-0.0324,-0.0032,-0.1368,-0.0365,-0.066,-0.0266,-0.0087,0.0004,-0.0011,-0.5322,-0.0117,1.4927,-0.0151,-0.0139,0.0064,0.9027,0.0165,0.0109,0.0299,0.0036,0.0189,-0.0042,0.0302,-0.037,-0.0142,0.0045
126,5186,108,2,sitting,0.0116,1.1999,-0.0127,0.1633,0.4596,1.3636,0.664,-0.0041,-0.0039,0.0196,0.0067,0.0046,-0.0219,0.006,0.0075,0.0226,0.0169,-0.0007,0.3288,0.0062,-0.5198,-0.0027,0.0008,-0.0258,1.0589,-0.0187,-0.0186,0.0015,-0.0135,-0.0001,-0.1915,-0.0158,-0.0383,-0.0182,-0.0013,0.0065,-0.0066,-0.3214,-0.0093,0.8672,-0.0121,-0.0073,0.0105,0.4001,0.0142,0.0054,0.0279,-0.0006,0.023,0.0023,0.0224,-0.0348,-0.0135,0.0014
127,5187,108,2,sitting,0.0062,2.3582,-0.0114,0.2305,0.621,1.0865,0.6158,-0.0087,-0.0015,0.0071,0.0076,-0.0062,-0.0313,0.0026,0.0133,0.0297,0.0206,-0.0043,0.2604,-0.0216,-0.5759,-0.0003,-0.0014,-0.0049,1.1505,-0.0091,0.0032,-0.0232,0.0027,0.0048,-0.1503,-0.0221,-0.0671,-0.0109,-0.0038,-0.0144,-0.0039,-0.3007,-0.0103,1.4799,-0.0081,-0.0171,-0.0076,0.4338,0.0049,0.0099,0.0287,0.005,0.0041,0.0013,0.0257,-0.0379,-0.0128,0.0027
128,5188,108,2,sitting,0.0077,1.2989,-0.0225,0.1142,0.313,1.0365,0.1123,-0.017,0.0069,0.0274,0.0121,-0.0023,-0.0244,-0.0034,0.0063,0.0338,0.0185,0.0262,0.3072,-0.0129,-0.5781,-0.0042,-0.0011,-0.0049,1.1673,0.0057,0.0112,-0.0217,0.0252,0.0114,-0.1795,-0.0158,-0.0406,0.0022,-0.0318,0.0156,-0.0033,-0.3332,-0.0052,1.45,-0.0103,-0.0069,0.0026,0.3334,0.0204,0.0109,0.0161,0.0054,0.028,0.0063,0.0257,-0.037,-0.0135,0.0047
129,5189,108,2,sitting,0.0068,1.2841,-0.0196,0.1131,0.336,1.0143,0.3281,0.013,-0.0061,0.0227,0.0071,-0.0105,-0.0259,0.005,0.0107,0.0261,0.0167,0.0067,0.1896,-0.0069,-0.5497,0.0056,0.0007,-0.0446,1.2064,-0.0153,0.037,-0.0418,-0.0215,0.016,-0.183,-0.0351,-0.0442,-0.0137,-0.0163,0.0047,-0.0025,-0.3637,-0.0099,1.4888,-0.0122,-0.0037,0.0084,0.4106,0.0054,0.0036,0.0307,0.0034,0.0264,0.003,0.0223,-0.0373,-0.0104,0.0062
130,5190,108,2,sitting,0.0054,1.258,-0.0145,0.1222,0.3622,0.9803,0.3639,0.0137,0.0026,0.0124,0.0033,-0.0059,-0.0234,0.0021,0.0113,0.0238,0.0189,-0.0041,0.1924,-0.0022,-0.5738,-0.0006,0.0004,-0.0419,0.9665,0.0032,0.0104,-0.0242,-0.0215,-0.0116,-0.1976,-0.0195,-0.0573,-0.0475,-0.0059,0.0053,-0.0004,-0.317,-0.0081,1.4873,-0.0165,-0.007,0.0091,0.4291,0.0207,0.0075,0.021,0.0025,0.0367,0.0058,0.0287,-0.0332,-0.0115,0.0049
131,5191,108,2,sitting,0.005,1.3186,-0.0236,0.0377,0.1134,0.8493,0.3764,0.0014,0.0025,0.0129,0.0143,-0.0083,-0.0215,-0.0042,0.0121,0.0292,0.0197,-0.001,0.3612,-0.0215,-0.5305,-0.0021,0.0006,0.0022,1.117,0.0015,-0.0106,0.0122,-0.0304,-0.0021,-0.1469,-0.0331,-0.0224,-0.0202,-0.0336,-0.003,-0.0053,-0.5305,-0.0086,0.7442,-0.0123,-0.007,0.0068,0.372,0.0171,0.0079,0.0271,-0.0048,0.007,0.0145,0.0261,-0.0367,-0.0104,0.0018
132,5192,108,2,sitting,0.0145,1.3357,-0.0246,0.0854,0.1875,0.5831,0.263,0.0307,0.0056,0.0267,0.0134,0.0046,-0.032,-0.0008,0.0071,0.0274,0.023,-0.0138,0.3083,-0.0058,-0.5266,-0.0051,0.0054,0.0058,0.88,0.0249,0.0026,0.0222,-0.0029,-0.0157,-0.1664,-0.0197,-0.0561,-0.0406,-0.0054,-0.0109,-0.0046,-0.3407,-0.0104,0.7748,-0.0137,-0.0081,0.0098,0.4226,-0.0022,0.011,0.0221,0.0075,0.0137,0.004,0.0253,-0.0362,-0.0124,0.0041
133,5193,108,2,sitting,0.0163,1.3265,-0.0136,0.1712,0.4568,1.3361,-0.3682,0.0047,0.0035,0.0153,0.0146,-0.0187,-0.0299,0.0046,0.0096,0.0265,0.0166,-0.002,0.2304,-0.0336,-0.5193,-0.0017,-0.0064,-0.0131,1.0729,-0.0075,-0.0037,-0.0068,-0.017,-0.0238,-0.1772,-0.0422,-0.0188,-0.0241,-0.0151,-0.0001,-0.005,-0.3219,-0.0114,0.6863,-0.016,-0.0085,-0.0122,0.3801,0.0026,0.0096,0.0175,0.0141,0.0271,-0.0031,0.0173,-0.0356,-0.0145,0.0047
134,5194,108,2,sitting,0.0038,2.3633,-0.0195,0.1308,0.3065,0.9788,0.296,0.0054,0.0058,0.015,0.0096,-0.0063,-0.0297,0.0023,0.0092,0.0243,0.0222,0.0052,0.4174,-0.023,-0.5291,-0.0047,-0.0017,-0.0462,1.1239,-0.0118,0.0252,-0.0176,-0.032,0.0156,-0.168,-0.0193,-0.0252,-0.017,-0.009,-0.0212,-0.0044,-0.3532,-0.0081,0.7669,-0.0124,-0.0067,-0.0066,0.4242,0.0067,0.0089,0.0335,0.0068,0.0169,0.0049,0.0184,-0.0366,-0.012,0.0064
135,5195,108,2,sitting,0.0023,1.1448,-0.0025,0.1133,0.3045,0.8489,0.2988,-0.0048,-0.012,0.0225,0.0118,-0.01,-0.0298,0.0043,0.0095,0.028,0.0156,0.0116,0.2823,0.0075,-0.4842,-0.0154,0.0045,-0.009,1.2059,0.0014,0.0123,0.0252,0.0271,-0.0102,-0.1971,-0.0248,-0.0527,-0.0355,-0.0177,-0.0266,-0.0057,-0.3154,-0.0072,0.723,-0.0073,-0.0136,0.0147,0.4748,0.005,0.0011,0.0249,0.0081,0.0246,0.0056,0.016,-0.0357,-0.0127,0.0056
136,5196,108,2,sitting,0.0118,1.3471,-0.0141,0.0926,0.2632,0.9587,0.2203,-0.0368,0.0053,0.0173,0.0091,-0.0014,-0.0267,-0.0012,0.0122,0.0285,0.0178,-0.0182,0.3154,-0.0142,-0.5725,-0.0023,-0.0002,-0.033,0.9654,0.0251,-0.0362,-0.0024,-0.0136,-0.0011,-0.1561,-0.0213,-0.033,-0.0374,-0.0185,-0.0036,-0.0039,-0.3236,-0.0103,0.7684,-0.0127,-0.0026,0.0037,0.4373,0.0061,0.0033,0.0279,0.0083,0.0126,0.0024,0.025,-0.0355,-0.0113,0.0039
137,5197,108,2,sitting,0.004,1.2536,-0.017,0.1224,0.3505,1.1763,0.5607,0.0036,0.0039,0.0138,0.0111,-0.0165,-0.0274,0.0005,0.0102,0.0282,0.0169,-0.003,0.2127,-0.0354,-0.5338,-0.0021,0.0048,0.0248,0.9679,0.0032,0.0238,-0.0137,0.02,-0.0243,-0.173,-0.0375,-0.0652,-0.0247,-0.014,-0.0079,-0.0046,-0.3008,-0.0082,0.7645,-0.0132,-0.0093,-0.0158,0.3216,0.0137,0.0083,0.0256,0.005,0.0171,0.007,0.0199,-0.0346,-0.0101,0.0048
138,5198,108,2,sitting,0.0009,1.259,-0.0255,0.1446,0.3369,1.0963,0.408,-0.0171,0.006,0.0116,0.0054,-0.0101,-0.0295,0.0022,0.0074,0.0274,0.0167,0.0081,0.2327,-0.0052,-0.5236,-0.011,-0.0043,0.0167,0.8614,-0.0046,0.0018,0.0116,-0.0018,-0.0067,-0.1838,-0.019,-0.0562,-0.048,0.0052,0.0046,-0.0026,-0.3183,-0.0087,0.7263,-0.0118,-0.0121,0.0051,0.4353,0.0096,0.0054,0.0371,0.0059,0.0134,0.0113,0.012,-0.0369,-0.0104,0.0036
139,5199,108,2,sitting,0.0006,1.2534,-0.0186,0.1554,0.4332,1.0441,0.2233,0.0049,-0.0048,0.0128,0.0035,-0.002,-0.0273,0.0011,0.0138,0.0244,0.0197,0.002,0.4082,0.0067,-0.5711,-0.0012,-0.0011,-0.0276,1.2676,0.0025,0.0155,0.0041,0.0064,-0.0126,-0.1659,-0.0175,-0.0355,-0.0201,-0.0115,-0.0057,-0.0033,-0.3147,-0.0113,0.7728,0.0042,-0.0159,0.0021,0.3316,0.0097,-0.0041,0.0218,0.0029,0.0283,0.0005,0.0208,-0.0351,-0.0101,0.0062
140,5200,108,2,sitting,0.0008,1.2723,-0.0166,0.0991,0.2819,0.9123,-0.1221,-0.0185,0.0011,0.0088,0.0052,-0.0183,-0.0228,0.0055,0.0132,0.0253,0.0178,0.0082,0.3249,-0.0083,-0.5374,0.0001,0.0019,-0.0045,1.1483,-0.0036,-0.021,0.0306,-0.0074,0.0147,-0.1608,-0.0271,-0.0234,-0.0075,-0.0123,0.0107,-0.0026,-0.3365,-0.0112,1.4505,-0.0127,-0.0113,-0.0131,0.3754,0.0021,0.0151,0.0269,0.0024,0.0039,-0.0021,0.0192,-0.0355,-0.0111,0.0053
141,5201,108,2,sitting,0.0012,1.2571,-0.0266,0.1276,0.3587,1.0868,0.3828,0.0054,-0.0122,0.006,0.0145,-0.0145,-0.024,-0.0005,0.0126,0.029,0.0171,-0.0314,0.2295,-0.0346,-0.5374,-0.006,0.0042,0.0044,1.003,0.0327,-0.0182,-0.0323,-0.0242,-0.0052,-0.1908,-0.0334,-0.0277,-0.0581,-0.0312,0.007,-0.0012,-0.3506,-0.0041,0.7696,-0.0121,-0.0098,0.0072,0.443,0.0113,0.0127,0.0196,0.0073,0.0237,0.013,0.0197,-0.0331,-0.0112,0.0041
142,5202,108,2,sitting,0.0085,1.2142,-0.0077,0.1541,0.4773,1.1543,0.27,0.0004,-0.0218,0.0132,0.0158,-0.0217,-0.0269,-0.0002,0.0111,0.0274,0.0154,-0.0071,0.3415,-0.0257,-0.5232,-0.0025,-0.0005,0.0012,1.0021,0.0061,0.0215,-0.0222,0.0075,-0.0043,-0.1661,-0.0269,-0.0042,-0.0033,-0.0121,0.0044,-0.0057,-0.3056,-0.0088,0.8249,-0.0106,-0.0065,0.0023,0.4078,0.0056,0.0034,0.0345,0.0175,0.0136,0.0007,0.0159,-0.0342,-0.0101,0.0038
143,5203,108,2,sitting,0.0046,1.2665,-0.0224,0.0949,0.2937,0.9573,0.1471,0.0071,0.0031,0.0086,0.0065,-0.015,-0.0189,-0.0051,0.0095,0.0229,0.0164,0.0032,0.2612,0.0083,-0.4439,-0.0016,0.0004,-0.0217,1.0027,0.026,-0.0173,0.033,-0.0274,-0.0068,-0.1321,-0.0332,-0.0478,-0.0026,0.0016,0.0107,-0.0054,-0.3489,-0.0097,1.4835,-0.0114,-0.0028,-0.0077,0.4039,0.0041,0.0036,0.0245,0.0057,0.0186,0.0061,0.0281,-0.0349,-0.0132,0.0041
144,5204,108,2,sitting,0.0104,1.3336,-0.0165,0.0861,0.3172,1.0805,0.2498,0.0024,0.0043,0.0085,0.0075,0.0032,-0.0338,-0.002,0.0099,0.028,0.0172,0.0167,0.3226,0.0047,-0.5373,-0.0006,-0.0067,-0.0181,1.1499,-0.0129,0.035,-0.0026,-0.0017,-0.0127,-0.1598,-0.0346,-0.0373,-0.0224,0.0037,0.012,-0.0061,-0.331,-0.0104,0.7697,-0.0056,-0.0149,0.0155,0.3981,0.0096,0.0097,0.0167,0.0056,0.027,0.012,0.0268,-0.0357,-0.013,0.0039
145,5205,108,2,sitting,0.0009,1.2615,-0.0202,0.0967,0.3217,1.0989,0.2634,0.0132,0.0108,0.0173,0.0126,-0.0135,-0.0307,0.002,0.008,0.0283,0.0178,0.0055,0.1502,-0.0014,-0.532,-0.0007,-0.0026,-0.0243,1.1094,0.0104,0.0264,0.008,0.0174,-0.0105,-0.1851,-0.0175,-0.067,-0.0203,0.0031,-0.0007,-0.0058,-0.51,-0.012,1.436,0.0002,-0.0143,-0.0134,0.3787,0.0078,0.0086,0.0309,0.0039,0.0142,0.0006,0.0189,-0.0347,-0.0112,0.0062
146,5206,108,2,sitting,0.0111,1.3619,-0.0234,0.1298,0.3463,1.1803,-0.2898,-0.0067,0.0055,0.0204,0.013,-0.0251,-0.0252,0.0053,0.0125,0.0253,0.0172,-0.0034,0.259,-0.0061,-0.5279,-0.0043,0.0033,0.013,1.1349,-0.0129,0.0158,0.0187,-0.0254,0.0111,-0.1856,-0.0133,-0.0354,-0.0069,-0.001,0.016,-0.0014,-0.3156,-0.0056,1.4429,-0.0111,-0.0063,0.0084,0.4133,0.0049,0.0053,0.0195,0.0053,0.0281,0.0013,0.0187,-0.0386,-0.0117,0.0023
147,5207,108,2,sitting,0.0048,0.8949,-0.0094,0.0564,0.2602,0.8174,0.5776,0.0003,-0.0012,0.0196,0.0028,-0.0161,-0.0299,0.0018,0.0108,0.0294,0.0161,0.0082,0.2704,0.005,-0.5126,-0.001,-0.0002,0.0073,1.1082,-0.006,0.0182,0.0079,-0.0054,-0.0148,-0.1547,0.0036,-0.0224,0.0105,0.0216,0.0064,-0.0004,-0.671,-0.009,1.4657,0.0037,-0.0203,-0.0026,0.2945,0.0046,0.0126,0.0208,-0.0052,0.016,-0.0004,0.0186,-0.0374,-0.0114,0.0027
148,5208,108,2,sitting,0.0121,1.1914,-0.0158,0.1685,0.4073,1.2759,-0.2736,0.0121,0.0008,0.0034,0.0081,-0.0026,-0.0276,0.0043,0.0071,0.0281,0.0186,0.007,0.14,0.0088,-0.5308,-0.0034,0.0044,0.0143,0.9047,0.0126,0.0027,0.011,0.027,0.0077,-0.185,-0.025,-0.0381,0.0057,0.0023,0.0093,-0.0015,-0.3465,-0.0096,0.7446,0.0044,-0.0198,0.0109,0.4342,0.0055,0.0056,0.0352,0.007,0.0181,0.0052,0.0252,-0.0362,-0.0098,0.0048
149,5209,108,2,sitting,0.0087,2.3668,-0.0221,0.0388,0.2883,0.868,0.6308,-0.0088,-0.0119,0.0242,0.0044,0.001,-0.026,0.0065,0.0137,0.0265,0.0175,0.0252,0.4228,-0.0341,-0.5335,0.0046,-0.0001,-0.0082,0.9485,-0.0077,-0.0417,-0.0052,-0.0107,-0.0252,-0.1487,-0.0305,-0.0095,-0.0024,-0.0063,-0.0216,-0.0054,-0.3124,-0.0052,1.4562,-0.0051,-0.0144,0.0045,0.4752,-0.0072,0.003,0.0178,-0.0028,0.0152,-0.0073,0.0232,-0.0346,-0.0109,0.0011
150,5210,108,2,sitting,0.0054,1.2636,-0.0126,0.0365,0.1384,0.6661,0.0574,-0.0132,-0.0231,0.0229,0.0213,-0.0228,-0.0357,0.0057,0.0137,0.0245,0.0161,-0.0012,0.3311,0.0042,-0.4998,-0.0025,0.0018,0.0082,1.0403,0.0113,0.0234,0.0213,0.0031,0.002,-0.1696,0.0081,-0.0388,0.0047,-0.0221,-0.0118,-0.0076,-0.578,-0.0094,1.5066,-0.008,-0.0173,-0.0059,0.9587,0.0083,-0.0042,0.0163,-0.0071,0.0212,0.0067,0.0219,-0.0363,-0.0111,0.003
151,5211,108,2,sitting,0.0011,1.316,-0.0167,0.0581,0.133,0.4031,-0.3077,0.0103,0.006,0.019,0.0095,-0.0152,-0.0371,0.0035,0.0097,0.0257,0.0182,-0.0014,0.1269,-0.0236,-0.4924,-0.0102,-0.0068,0.0167,1.0067,0.0138,-0.008,-0.001,0.0228,-0.0003,-0.1569,-0.0254,-0.0452,-0.0303,-0.0152,-0.0129,-0.003,-0.3154,-0.0052,1.44,-0.0082,-0.0138,-0.0072,0.3775,0.0186,0.0074,0.0288,0.0101,0.0229,0.0004,0.0282,-0.0362,-0.0117,0.0022
152,5212,108,2,sitting,0.0001,1.2848,-0.0205,0.1512,0.4926,1.1339,0.1872,0.0134,0.0118,0.0147,0.0083,-0.0107,-0.0313,0.0008,0.0079,0.0281,0.0194,-0.017,0.1693,-0.0071,-0.486,-0.0058,-0.0063,-0.0433,0.9183,0.0128,-0.0054,-0.0044,-0.004,0.02,-0.1834,-0.0283,-0.0674,-0.0358,-0.0023,-0.0131,-0.0046,-0.5824,-0.006,1.466,-0.008,-0.0169,0.0061,0.4532,0.0225,0.0141,0.0298,-0.0019,0.0198,0.0051,0.0211,-0.0356,-0.014,0.0036
153,5213,108,2,sitting,0.0052,1.1592,-0.011,0.1517,0.5268,1.4504,-0.2519,-0.0214,-0.0141,0.017,0.0184,-0.0103,-0.0169,-0.001,0.0135,0.023,0.0196,-0.0163,0.4286,-0.0278,-0.5766,-0.0001,-0.0023,0.0002,1.1098,0.0041,0.0056,-0.0058,-0.0206,0.0103,-0.1454,-0.0267,-0.0398,-0.005,-0.0055,-0.0121,-0.0043,-0.3184,-0.005,1.4372,-0.0091,-0.0186,0.0021,0.9528,0.0083,-0.004,0.0155,0.0086,0.0124,0.0003,0.0156,-0.0358,-0.0109,0.0029
154,5214,108,2,sitting,0.0043,1.3292,-0.0166,0.1294,0.347,1.0742,-0.1729,-0.005,-0.0072,0.0186,0.0094,-0.0009,-0.0277,-0.0009,0.0109,0.0263,0.018,-0.0007,0.1708,0.0164,-0.5144,-0.0001,-0.0056,0.0151,1.0333,0.0089,0.0031,0.0087,-0.0169,-0.0115,-0.1634,-0.0247,-0.0315,-0.0157,-0.0174,0.0124,-0.0054,-0.6074,-0.0074,1.4888,-0.0105,-0.0043,0.0091,0.4415,0.0069,0.0063,0.0237,0.0134,0.019,0.003,0.0275,-0.0333,-0.0113,0.0027
155,5215,108,2,sitting,0.0031,1.3628,-0.0165,0.1878,0.3791,1.0833,-0.308,0.0011,-0.0106,0.0225,0.0069,-0.0066,-0.0248,0.0008,0.0127,0.0299,0.0209,-0.012,0.2307,0.0177,-0.5431,-0.0019,-0.0004,-0.0051,1.2006,-0.012,0.0087,0.0151,-0.006,-0.0124,-0.1655,-0.0367,-0.044,-0.009,-0.0265,0.0086,-0.0058,-0.6731,-0.0091,1.6513,-0.0128,-0.0059,0.0049,0.4328,0.0108,0.0016,0.0126,0.0083,0.0145,0.0003,0.0129,-0.0349,-0.0112,0.0038
156,5216,108,2,sitting,0.0051,1.2816,-0.0126,0.0248,0.1129,0.3326,0.4566,0.0037,0.0007,0.0158,0.0162,-0.0108,-0.0321,0.0046,0.0054,0.0296,0.0183,0.0075,0.2931,0.0008,-0.5185,-0.0043,-0.0019,0.0077,1.0556,-0.0074,0.0203,0.0085,-0.0022,-0.0087,-0.163,-0.0344,-0.025,-0.0075,0.0055,0.0096,-0.0055,-0.5827,-0.0071,1.4867,-0.0124,-0.0082,0.0016,0.2987,0.0032,0.005,0.017,0.0011,0.0045,0.0016,0.0206,-0.0376,-0.0123,0.0044
157,5217,108,2,sitting,0.0006,2.3915,-0.0258,0.1097,0.3417,1.1207,0.9559,0.0201,0.0015,0.0213,0.0098,-0.0031,-0.0284,0.0008,0.0105,0.0289,0.0185,0.0175,0.3824,0.0068,-0.5783,0.0006,0.0024,0.0062,1.1245,-0.0174,-0.0045,0.0262,0.0063,0.0017,-0.1996,-0.0262,-0.0523,-0.012,0.012,0.0092,-0.0063,-0.3476,-0.0052,1.452,0.0042,-0.0194,0.0165,0.5479,0.0121,0.0014,0.0197,0.0029,0.0049,0.0043,0.0219,-0.0331,-0.0102,0.0047
158,5218,108,2,sitting,0.0063,1.2513,-0.0076,0.1731,0.4729,1.3173,0.3297,0.0024,-0.013,0.0224,0.007,-0.004,-0.0295,-0.0053,0.0055,0.0273,0.019,-0.0021,0.3166,0.0257,-0.5788,-0.0106,-0.0037,-0.0074,1.0009,-0.007,0.0101,-0.0188,0.0048,0.0032,-0.168,0.001,-0.0427,-0.01,-0.0051,0.0089,-0.0049,-0.671,-0.0036,1.6768,-0.0098,-0.0148,0.0028,0.4769,0.007,0.0117,0.0252,0.0014,0.0167,0.0058,0.0184,-0.0369,-0.0109,0.0017
159,5219,108,2,sitting,0.0128,1.2717,-0.0169,0.1631,0.4191,1.066,0.2265,0.002,0.0135,0.013,0.004,-0.0015,-0.0278,0.0008,0.0113,0.0285,0.0193,0.0075,0.1145,0.0076,-0.4574,-0.0052,0.0001,-0.0337,1.1346,0.0089,-0.0358,0.0276,-0.0067,0.0005,-0.1621,-0.0324,-0.0526,0.0071,0.0134,0.0132,-0.0049,-0.5644,-0.0102,1.497,-0.0084,-0.015,0.0212,0.4512,0.0056,0.0028,0.0263,0.0099,0.0317,0.0113,0.0255,-0.0365,-0.0104,0.005
160,5220,108,2,sitting,0.0123,1.2637,-0.0257,0.1344,0.3686,1.1739,0.4881,0.0144,0.0077,0.0169,0.013,0.0014,-0.0296,-0.0028,0.0102,0.025,0.0173,0.0224,0.2227,0.0235,-0.5346,-0.0047,0.0013,-0.0349,1.0164,0.0018,0.0029,-0.0303,-0.0218,0.0009,-0.156,-0.0157,-0.0056,-0.0169,-0.0207,-0.0088,-0.0019,-0.3417,-0.0097,1.4985,0.004,-0.0154,0.0065,0.9667,0.0078,0.0059,0.0354,0.0025,0.0043,0.0112,0.0246,-0.0365,-0.0122,0.001
161,5221,108,2,sitting,0.0105,0.3263,-0.0089,0.0826,0.1189,0.8396,-0.0718,-0.0205,-0.0033,0.0129,0.0114,-0.0134,-0.0195,-0.0014,0.0114,0.0301,0.0169,0.0045,0.2865,-0.0116,-0.4787,0.003,-0.0013,-0.0343,1.1696,-0.025,-0.0389,0.0128,-0.0021,0.0131,-0.1951,-0.0362,-0.0234,-0.0268,-0.0033,0.0167,-0.0041,-0.5101,-0.0108,1.4806,-0.0094,-0.0142,0.0044,0.3623,0.0052,0.0142,0.0324,0.008,0.0245,0.0045,0.0241,-0.0373,-0.0108,0.0028
162,5222,108,2,sitting,0.0023,2.2959,-0.0186,0.0928,0.3208,0.8086,-0.0597,0.0085,-0.0118,0.0237,0.0158,-0.0151,-0.0293,0.0016,0.0054,0.0294,0.0172,0.0228,0.4683,-0.022,-0.5511,-0.0082,0.0002,-0.0324,1.164,0.0102,-0.052,0.023,-0.013,0.0257,-0.1708,-0.0349,-0.0736,-0.0282,0.0142,0.0075,-0.0049,-0.5139,-0.0058,1.6415,-0.008,-0.0134,-0.0027,0.3459,-0.0017,-0.0018,0.0182,0.0066,0.0065,0.0017,0.0278,-0.0364,-0.0107,0.0023
163,5223,108,2,sitting,0.01,1.3275,-0.0153,0.184,0.5666,1.6486,0.1453,-0.0205,0.0069,0.0228,0.0088,-0.0031,-0.0168,0.0025,0.0111,0.0286,0.0172,-0.0144,0.4054,-0.0103,-0.5278,-0.0086,0.0004,0.004,1.1064,-0.0258,-0.0222,0.0135,-0.0049,-0.0133,-0.1605,-0.0305,-0.0488,-0.0131,-0.0095,0.0132,-0.0016,-0.3387,-0.008,1.6611,-0.0116,-0.0093,-0.0079,0.4452,0.0131,0.0112,0.0225,0.0068,0.0141,0.0023,0.0208,-0.0377,-0.0126,0.0025
164,5224,108,2,sitting,0.0041,1.3182,-0.0171,0.1268,0.3051,0.9759,-0.346,0.023,0.0084,0.0183,0.0079,-0.0083,-0.0277,0.0009,0.0104,0.0314,0.0174,0.0025,0.2588,0.0041,-0.5834,-0.0114,-0.0044,0.0163,1.1417,-0.0241,-0.0017,-0.031,-0.0133,0.0037,-0.192,-0.0211,-0.0324,-0.0178,-0.0082,0.0104,-0.0045,-0.6216,-0.0054,1.452,-0.0077,-0.0148,0.003,0.4357,0.0079,-0.002,0.0217,0.0096,0.0221,0.0167,0.0282,-0.0352,-0.0106,0.005
165,5225,108,2,sitting,0.0062,1.308,-0.0284,0.1073,0.3651,1.07,0.6995,0.0333,0.0026,0.0217,0.0207,-0.0046,-0.0276,0.0045,0.0077,0.0282,0.024,-0.011,0.3387,-0.0118,-0.4882,0.0047,-0.0052,0.0156,1.164,0.0146,-0.0428,0.0183,-0.0021,-0.0086,-0.1688,-0.0344,-0.0407,-0.012,0.0056,-0.025,-0.0065,-0.6624,-0.0046,1.1431,-0.0071,-0.0133,0.0089,0.4271,0.007,-0.001,0.0324,0.008,0.0151,0.0116,0.0227,-0.0351,-0.0118,0.0067
166,5226,108,2,sitting,0.0128,0.991,-0.0154,0.0743,0.2432,0.7496,0.1327,0.0202,0.0001,0.0256,0.0065,-0.0147,-0.0286,0.0005,0.0101,0.0307,0.0181,0.0123,0.4238,0.0005,-0.4453,-0.0009,0.0048,0.0053,0.9437,0.0083,0.0033,-0.0108,-0.0142,-0.0066,-0.125,-0.0292,-0.0088,0.0064,0.0224,0.0121,-0.0025,-0.3385,-0.0115,1.1395,-0.0101,-0.0073,-0.0099,0.4074,0.012,0.0048,0.024,0.0061,0.015,0.0143,0.013,-0.0354,-0.0108,0.005
167,5227,108,2,sitting,0.0018,1.2809,-0.0135,0.0551,0.1462,0.4672,0.6829,0.0023,0.0052,0.0068,0.0068,-0.0024,-0.0139,0.0042,0.0112,0.0316,0.0154,0.0067,0.2993,-0.0089,-0.5128,0.0005,0.0051,-0.0247,1.1524,0.017,-0.0172,-0.0326,-0.01,0.008,-0.1608,-0.0316,-0.0257,-0.0366,0.0204,0.0094,-0.0037,-0.5109,-0.0061,1.4709,-0.0127,-0.0112,0.0158,0.4137,0.0015,-0.0014,0.028,-0.0071,0.0157,0.0011,0.0117,-0.0346,-0.0104,0.0039
168,5228,108,2,sitting,0.0125,1.1758,-0.0202,0.1472,0.382,1.2627,-0.3866,0.0142,0.0063,0.0226,0.0182,-0.0285,-0.0351,0.0074,0.0121,0.0224,0.0186,-0.0201,0.2326,-0.0162,-0.5692,-0.0052,-0.002,-0.0037,0.8602,-0.014,0.026,-0.0141,-0.0212,-0.0037,-0.1654,-0.0279,-0.029,-0.0256,-0.0324,-0.0106,-0.0053,-0.3135,-0.004,0.7978,-0.0093,-0.0108,-0.0025,0.409,0.0044,0.0024,0.0265,0.0038,0.0244,0.004,0.0371,-0.0343,-0.013,0.005
169,5229,108,2,sitting,0.0112,1.3229,-0.0217,0.1162,0.3279,1.0832,0.6797,0.0211,0.0046,0.0245,0.0115,0.0026,-0.0248,0.0047,0.0134,0.0266,0.0169,-0.0327,0.2425,-0.0137,-0.4873,-0.0036,-0.0052,-0.0156,1.0414,0.024,-0.0039,0.0044,-0.014,0.0064,-0.1406,-0.0365,-0.0574,-0.0484,-0.0077,-0.0201,-0.0054,-0.5963,-0.0072,1.458,0.0045,-0.0167,0.0023,0.3832,0.0168,0.01,0.0259,0.0144,0.0139,0.0005,0.0163,-0.0372,-0.0113,0.0045
170,5230,108,2,sitting,0.0124,0.7873,-0.0147,0.0172,0.1327,0.4339,-0.3751,-0.0032,0.0003,0.017,0.0128,-0.0084,-0.0242,0.0036,0.0146,0.0245,0.0175,0.0078,0.3407,0.0053,-0.4875,-0.0043,-0.0021,-0.0211,1.1363,-0.0105,0.0005,-0.0258,-0.0021,-0.0136,-0.1777,-0.0221,-0.0637,-0.0247,0.0118,0.0095,-0.0003,-0.5076,-0.0046,1.463,-0.0104,-0.0061,-0.0035,0.4094,0.0214,-0.007,0.0149,-0.0002,0.0269,-0.007,0.0324,-0.0336,-0.0131,0.0042
171,5231,108,2,sitting,0.0111,1.2415,-0.0188,0.1353,0.3712,1.0327,0.8885,-0.0288,-0.0006,0.0131,0.0088,-0.0071,-0.0266,0.0031,0.0141,0.0255,0.0175,-0.0018,0.2842,-0.0123,-0.5749,-0.0076,-0.0023,-0.0016,1.0491,-0.0301,0.0022,-0.0094,-0.0181,-0.0065,-0.1928,-0.0252,-0.0285,-0.0424,-0.0189,-0.0023,-0.0003,-0.3231,-0.0105,1.4414,-0.0132,-0.006,-0.0098,0.47,0.0042,-0.0124,0.0234,0.0028,0.0132,-0.0165,0.0203,-0.0384,-0.0106,0.0055
172,5232,108,2,sitting,0.0018,1.3272,-0.0183,0.1161,0.3408,1.0944,-0.4736,0.0063,0.0015,0.0205,0.0178,-0.013,-0.0284,-0.0015,0.0102,0.0279,0.0161,-0.0028,0.1133,-0.02,-0.5184,-0.0001,0.0001,0.0125,0.9109,-0.0087,0.0245,0.0002,-0.025,-0.0101,-0.1569,-0.0197,-0.0372,-0.005,-0.0022,-0.0041,-0.0049,-0.3417,-0.0051,1.646,-0.0118,-0.0052,0.0038,0.3879,0.0033,0.0064,0.018,-0.0017,0.0197,0.0018,0.0376,-0.0335,-0.0115,0.0013
173,5233,108,2,sitting,0.005,0.9802,-0.017,0.0898,0.2822,0.9814,0.3584,-0.0056,-0.0142,0.019,0.0137,-0.0018,-0.0335,-0.0022,0.0086,0.0298,0.0195,0.0058,0.3259,0.015,-0.5119,-0.0071,-0.0021,-0.0182,1.1261,0.0021,-0.011,0.0228,0.0058,0.0073,-0.1835,-0.0293,-0.0546,0.0012,0.011,0.0147,-0.0047,-0.313,-0.0103,1.4483,-0.0146,-0.0136,-0.0031,0.3957,0.021,0.0088,0.021,0.0035,0.0169,0.0126,0.0264,-0.0365,-0.0111,0.0054
174,5234,108,2,sitting,0.0012,1.2981,-0.0233,0.0458,0.1257,0.5106,-0.4991,-0.0246,0.0067,0.0128,0.0047,-0.0132,-0.0288,-0.0007,0.0088,0.0256,0.0163,-0.0052,0.2311,-0.0361,-0.512,-0.0032,0.0001,-0.0016,1.3404,-0.0225,0.0084,0.003,-0.0286,-0.0062,-0.1561,-0.0332,-0.0589,-0.0466,-0.0276,-0.0155,-0.0034,-0.5837,-0.0134,1.6438,-0.0062,-0.015,0.0075,0.9201,0.0019,0.0115,0.0322,0.0142,0.0218,0.0039,0.0184,-0.0374,-0.0102,0.0042
175,5235,108,2,sitting,0.0008,1.1774,-0.0127,0.1712,0.5061,1.5057,-0.3122,-0.0308,0.0123,0.0014,0.0095,-0.013,-0.0257,0.0006,0.0049,0.0282,0.0174,-0.0072,0.2635,0.0112,-0.4862,-0.0032,0.0043,-0.0071,1.1082,0.008,-0.0184,-0.0184,0.0232,-0.0162,-0.1351,-0.0257,-0.0353,0.0087,-0.0272,-0.0045,-0.0031,-0.5043,-0.0102,1.6612,-0.0127,-0.014,0.0033,0.9353,0.012,0.0047,0.0239,0.0021,0.0218,0.0033,0.0187,-0.0369,-0.0123,0.0058
176,5236,108,2,sitting,0.0111,1.3047,-0.0327,0.1268,0.3828,1.0947,0.4286,0.0028,-0.0163,0.006,0.0206,-0.0013,-0.0277,0.0001,0.0061,0.0299,0.022,0.0009,0.1278,0.0053,-0.4634,-0.0012,0.0006,-0.0208,1.0203,0.0157,0.0119,0.0042,-0.0082,0.0031,-0.1972,-0.0118,-0.054,-0.0112,-0.0051,0.0066,-0.0058,-0.3346,-0.0077,1.4892,-0.0167,-0.0092,0.0134,0.4697,0.0152,0.0024,0.0133,0.0081,0.009,-0.0016,0.032,-0.0366,-0.0106,0.0015
177,5237,108,3,standing,0.04,-0.5834,-0.0533,-0.0981,-0.1151,-0.1722,-0.1586,0.0634,0.217,0.0705,-0.0486,-0.01,-0.0227,0.0016,0.0273,0.0285,0.0102,0.0218,-0.4738,0.0485,-0.5546,0.0263,0.0275,0.1506,0.6609,0.0086,-0.0471,-0.0423,0.0335,-0.0764,-0.0388,0.0325,0.0548,0.0358,0.0033,0.066,-0.0037,-0.2557,-0.0104,0.5903,-0.0162,-0.0238,0.0208,-0.3316,-0.01,-0.0044,0.0168,0.0264,0.0272,0.0252,0.0064,-0.0374,-0.0173,0.0019
178,5238,108,3,standing,0.02,-0.5121,-0.0486,-0.1213,-0.0647,-0.455,-0.1167,-0.0267,0.0584,0.0187,-0.0426,0.015,-0.07,0.0222,0.0118,0.0187,0.0144,-0.0102,-0.5618,0.0048,-0.5303,-0.0187,0.0102,0.0259,0.537,0.0034,-0.0683,0.0168,0.0351,0.0301,0.0463,-0.0253,-0.019,0.0105,0.0067,0.03,0.0058,-0.3098,-0.0044,0.6468,-0.0058,-0.0049,0.0079,0.4632,0.0133,-0.0115,0.0086,-0.0174,0.0077,-0.0019,0.0061,-0.0358,-0.0128,0.001
181,5241,108,3,standing,0.0156,-0.5118,-0.0154,-0.1184,-0.1607,-0.4852,-0.0683,0.02,-0.0136,-0.1501,0.0724,0.0165,-0.0377,0.0002,0.0087,0.0285,0.0187,-0.025,-0.4921,-0.0326,-0.5567,-0.0007,-0.011,-0.0177,0.7208,0.0265,0.03,0.0458,-0.0123,-0.0178,-0.1763,-0.012,-0.1171,-0.053,-0.0189,-0.0228,-0.0039,-0.3515,-0.0071,0.527,0.0007,-0.0189,0.0062,0.5138,0.0286,0.0151,0.0322,-0.003,0.0157,-0.0019,0.0388,-0.036,-0.0089,0.0031
182,5242,108,3,standing,0.0036,-0.6637,-0.0228,-0.0844,-0.1523,-0.5469,-0.243,0.0227,-0.055,0.0238,-0.0569,-0.027,-0.0186,-0.0238,0.0098,0.0378,0.032,-0.0059,-0.1031,-0.0049,-0.5648,-0.0029,-0.0055,0.0184,0.5532,0.0184,-0.0027,0.0154,-0.0275,0.0007,-0.1449,-0.0354,-0.0064,-0.0328,0.0011,0.0208,0.0036,-0.3372,-0.0067,0.556,0.0023,-0.0129,0.0111,0.3503,0.0143,-0.0026,0.0284,-0.0235,0.0221,0.002,0.0222,-0.036,-0.0115,0.0016
184,5244,108,3,standing,0.0023,-0.6762,-0.0477,-0.0397,-0.0819,-0.4169,-0.118,0.0263,-0.0572,-0.0288,0.016,-0.009,-0.0427,-0.0124,-0.0302,0.0451,0.0195,-0.0313,-0.3481,0.0037,-0.5826,-0.0017,0.0037,0.0171,0.7035,0.016,0.0453,-0.0263,0.0103,-0.0267,-0.0197,-0.0204,-0.009,-0.0105,-0.0023,-0.0114,-0.0009,-0.3531,-0.0023,0.5741,-0.0062,-0.0087,-0.0032,-0.0736,-0.0001,-0.0101,0.028,-0.017,0.0327,0.0083,0.0137,-0.0345,-0.0082,0.003
185,5245,108,3,standing,0.0447,-0.6777,-0.0414,-0.1043,-0.3777,-0.8798,-0.3047,-0.1446,0.186,0.0484,-0.1257,0.0524,-0.0406,-0.0154,0.0222,0.0359,0.016,0.0125,-0.4764,-0.0673,-0.5794,0.0039,-0.0058,-0.0331,0.5794,0.0165,-0.0167,0.0138,-0.026,-0.0438,-0.2004,-0.1054,-0.0685,-0.0169,-0.0047,-0.0303,0.0043,-0.2232,-0.0123,0.5194,-0.0016,-0.0138,0.0008,0.4104,0.0214,0.0107,0.0297,0.0048,0.0131,-0.0052,0.023,-0.0393,-0.016,-0.0043
186,5246,108,3,standing,0.0101,-0.781,-0.0181,-0.0274,-0.1181,-0.3322,-0.2556,0.0155,-0.1743,0.1074,-0.2053,0.005,-0.043,0.0101,0.007,0.0219,0.0167,0.0338,1.0582,0.009,-0.5803,0.005,-0.0065,-0.0401,0.7164,-0.0032,-0.0081,-0.0157,-0.025,0.0251,-0.3789,-0.0272,0.0087,-0.0133,0.0032,0.02,0.0013,-0.2068,-0.0032,0.4209,-0.0125,-0.0156,0.0013,0.448,0.0148,0.0063,0.0291,-0.006,0.0213,0.011,0.0154,-0.0324,-0.0113,0.0057
189,5249,108,3,standing,0.0366,-0.5748,-0.026,0.0432,0.1921,0.4738,-0.2193,0.0675,-0.0014,0.02,-0.0108,0.047,-0.0218,-0.0435,0.0284,0.0577,0.0424,-0.0034,0.676,-0.0614,-0.5788,-0.0047,-0.0062,-0.01,0.6194,-0.0423,-0.0246,-0.0029,0.0112,-0.0071,-0.3561,-0.0247,-0.0531,-0.0117,-0.0059,-0.0176,-0.0042,-0.2106,-0.0027,0.4282,-0.0142,-0.0027,-0.0176,0.5203,0.026,0.0093,0.0353,-0.0085,0.0261,0.016,0.0048,-0.0289,-0.0145,0.0075
190,5250,108,3,standing,0.0048,-0.78,-0.0095,0.0717,0.1627,0.3037,-0.372,0.0143,0.0211,0.0105,0.0271,-0.01,-0.0402,0.0089,0.0172,0.0303,0.0227,0.0418,-0.4607,0.0407,-0.5684,-0.0083,-0.0056,-0.0034,0.8237,-0.0042,0.0303,0.0081,-0.0183,-0.0248,-0.1365,-0.0105,0.0006,-0.0423,0.0118,-0.0078,-0.0033,-0.2006,-0.0047,0.5669,0.0037,-0.0182,0.0078,0.5372,0.0135,0.0062,0.0288,0.0016,0.025,0.0162,0.0292,-0.0342,-0.0082,0.0014
191,5251,108,3,standing,0.0171,-0.5349,-0.0265,-0.0303,-0.2422,-0.5735,-0.0805,-0.03,0.006,0.0338,0.0105,0.0103,-0.0424,-0.0107,0.0054,0.0261,0.026,0.0089,-0.5895,0.006,-0.5704,-0.0001,0.0033,0.0377,0.7343,0.0092,0.0318,-0.0137,0.0261,0.0135,-0.1511,0.011,-0.0299,-0.0091,-0.0162,0.0121,-0.0042,-0.2326,-0.0056,0.5151,-0.0064,-0.013,-0.0029,0.3067,-0.0107,-0.0036,0.0388,0.0224,0.016,-0.0058,0.0214,-0.031,-0.0126,0.0035
192,5252,108,3,standing,0.0016,-0.5389,-0.01,-0.0247,-0.1144,-0.3575,-0.2343,0.0233,-0.0629,0.0289,-0.008,0.0486,0.0301,-0.0126,0.006,0.0433,0.047,0.017,1.3649,0.0484,-0.5694,-0.0041,-0.006,0.0235,0.7867,-0.0444,0.0264,0.0078,-0.0371,-0.0029,-0.0415,0.0143,0.0064,0.0102,0.0207,0.0235,-0.0036,-0.2228,-0.0085,0.6251,-0.0105,-0.0109,-0.0154,0.5647,-0.0064,0.0218,0.0318,0.015,0.0288,-0.001,0.0193,-0.0341,-0.0126,0.0017
193,5253,108,3,standing,0.0263,-0.5586,0.0029,-0.0838,-0.1851,-0.5134,-0.2096,-0.0107,-0.0056,0.0433,-0.0367,-0.0043,-0.031,0.0177,0.0261,0.0281,0.0325,0.0137,0.215,0.0062,-0.5577,-0.0051,-0.001,0.0007,0.6447,0.0173,0.0138,-0.0451,0.0115,0.0009,-0.0569,-0.0314,-0.0051,-0.0011,-0.0188,0.0016,-0.0037,-0.2327,-0.0062,0.6642,-0.0027,-0.0127,0.0147,0.3855,-0.0029,0.0062,0.0281,-0.0047,0.0157,0.0057,0.0099,-0.0353,-0.0117,0.0015
194,5254,108,3,standing,0.0011,-0.5197,0.0061,-0.161,-0.1137,-0.4416,-0.3444,-0.0032,-0.0518,0.0341,-0.0264,0.0057,-0.0584,0.0013,0.0108,0.0455,0.0187,0.0336,-0.0178,-0.0117,-0.5734,-0.0045,0.0047,0.0077,0.7123,0.0039,0.0136,-0.0301,-0.0101,0.0007,-0.1894,-0.0168,-0.0056,-0.0462,-0.0117,0.0042,-0.004,-0.2222,-0.0035,0.5222,-0.0073,-0.0151,0.0175,-0.1882,0.013,0.0077,0.013,0.0021,0.0272,-0.0033,0.0207,-0.0364,-0.0094,0.0018
195,5255,108,3,standing,0.0121,-0.7484,0.0233,-0.0728,-0.1106,-0.0039,-0.319,-0.128,0.1766,-0.0123,-0.3377,0.1513,0.0845,0.0527,-0.0428,-0.0056,-0.0305,-0.0284,-0.084,0.0448,-0.5827,-0.022,-0.0353,-0.0166,0.4862,-0.0255,0.0212,-0.0663,-0.0012,0.0314,-0.4388,0.0049,-0.1866,-0.0284,0.0145,0.0423,-0.0141,-0.2269,-0.0118,0.4744,0.0103,-0.0227,0.0098,0.1357,0.0441,-0.0058,-0.0157,-0.0053,0.0573,0.0246,0.0181,-0.0397,0.0059,0.0156
199,5259,108,3,standing,0.0331,-0.6156,-0.0323,-0.0182,-0.2163,-0.6099,-0.3417,0.0154,-0.0322,-0.0142,0.0055,0.0238,-0.0447,0.0027,0.0024,0.0212,0.0111,-0.0004,-0.3148,-0.0017,-0.5593,-0.0013,-0.0006,-0.0242,0.6429,0.0127,0.0232,-0.0072,-0.0201,0.0031,-0.2472,-0.0237,0.0017,0.0077,-0.0097,0.0021,-0.0067,-0.254,-0.0062,0.6136,0.0037,-0.0152,0.0145,0.4228,-0.0076,0.0118,0.0181,0.014,0.0202,0.003,0.0336,-0.0363,-0.0143,0.0054
201,5261,108,3,standing,0.0184,-0.6873,-0.0162,-0.1201,-0.162,-0.5421,-0.1544,0.0338,-0.0168,-0.0813,-0.0097,-0.016,-0.0197,0.0118,0.0146,0.0135,0.0261,0.0188,-0.0967,0.0172,-0.583,-0.0151,-0.0121,0.0427,0.5814,0.0042,0.0177,-0.0178,-0.0307,-0.0131,-0.2353,0.0131,-0.0666,-0.0047,0.0163,0.0084,-0.0054,-0.353,-0.0079,0.467,-0.0136,-0.0016,-0.0079,0.5801,-0.0051,0.0054,0.0278,-0.0026,0.0305,0.0083,0.0321,-0.0383,-0.0142,0.0057
204,5264,108,3,standing,0.0114,-0.7443,-0.0134,0.0712,0.1992,0.532,-0.2181,-0.0112,0.05,0.0526,0.0137,0.0071,-0.0389,0.0017,0.0111,0.021,0.0326,0.0022,0.1589,0.0123,-0.5828,-0.0083,0.0007,0.0188,0.6571,0.0016,-0.0141,-0.0233,-0.0113,0.0075,-0.2548,-0.0417,-0.0102,0.0131,0.0284,-0.0167,-0.0028,-0.36,-0.0078,0.5258,-0.0034,-0.0187,0.012,0.1632,-0.0051,0.0051,0.0248,-0.0071,0.0097,0.0104,0.0154,-0.0367,-0.0088,0.0051
205,5265,108,3,standing,0.0222,-0.7545,0.0017,-0.0817,-0.2423,-0.562,-0.1175,-0.0186,0.1202,0.0472,0.012,-0.0164,-0.0026,-0.0084,0.009,0.0513,0.0245,0.0508,-1.1119,0.0321,-0.5427,-0.0264,-0.0112,-0.0379,0.5673,-0.0382,-0.0455,-0.0073,0.0477,0.0062,-0.2587,0.0075,0.0274,0.034,0.003,0.0402,-0.0075,-0.3043,-0.0042,0.5673,0.0003,-0.0172,0.0143,-0.4637,0.0043,0.0268,0.0537,-0.0156,0.0063,0.0084,0.026,-0.0373,-0.0116,0.0024
206,5266,108,3,standing,0.0076,-0.5749,0.0016,-0.0981,-0.2096,-0.5131,-0.3884,0.0128,0.0141,0.0405,0.0511,0.0361,-0.0135,0.0033,0.0112,0.0274,0.0269,0.0086,0.2923,0.0322,-0.5901,0.0046,-0.0058,0.0124,0.6701,0.0323,-0.0321,-0.0357,-0.0201,-0.0076,-0.22,-0.0027,-0.0181,-0.0174,-0.0103,-0.0114,-0.0039,-0.2381,-0.0103,0.6334,-0.0121,-0.0062,0.0023,0.5424,0.0077,-0.0079,0.0092,-0.0026,0.0347,0.0053,0.0219,-0.0323,-0.0105,0.0046
207,5267,108,3,standing,0.0363,-0.7655,-0.0606,-0.0625,-0.1385,-0.4969,-0.1936,-0.0816,0.0058,0.1746,-0.1601,-0.0483,-0.0274,-0.035,0.0203,0.0308,0.0189,-0.0718,-1.7576,-0.0236,-0.5587,-0.0258,-0.0066,0.1251,0.5104,-0.0261,0.002,-0.0455,-0.0122,-0.0376,-0.5531,-0.0682,-0.2421,-0.0426,-0.0105,-0.011,-0.0004,-0.2554,-0.0144,0.4162,-0.005,-0.0215,0.0141,0.4163,0.0085,0.0377,0.0339,0.0113,0.023,-0.0081,0.0489,-0.034,-0.0079,0.0088
210,5270,108,3,standing,0.0244,-0.7152,-0.0204,-0.0886,-0.1653,-0.5372,-0.3551,-0.1289,-0.007,0.0531,-0.1471,0.0638,-0.0078,0.0234,0.0103,0.0291,0.0145,-0.0613,-0.0523,-0.0217,-0.5956,-0.0065,0.0004,0.0326,0.5986,-0.0278,-0.0327,0.058,-0.0204,-0.0016,0.0373,-0.0264,-0.1129,-0.03,-0.0675,-0.0047,-0.0016,-0.2257,-0.0058,0.6428,-0.0102,-0.0054,-0.0346,0.4589,0.0086,-0.0115,0.008,-0.0112,-0.0086,0.0107,0.0309,-0.0328,-0.0061,0.0042
211,5271,108,3,standing,0.0131,-0.7775,-0.0083,-0.0353,-0.1708,-0.5257,-0.0537,0.0483,-0.1418,0.0082,0.0154,0.0154,-0.0351,0.0001,0.0094,0.0199,0.0472,-0.0305,-0.0194,-0.0384,-0.5937,-0.0045,-0.0021,-0.0026,0.6579,0.0151,-0.0256,-0.036,-0.031,0.0204,-0.135,-0.0424,-0.0821,-0.0413,-0.053,0.0275,-0.0078,-0.2124,-0.0057,0.5193,-0.002,-0.0096,-0.0142,-0.2578,-0.0011,0.0077,0.0292,0.0016,0.03,-0.0046,0.0069,-0.037,-0.0109,0.0067
212,5272,108,3,standing,0.0415,-0.575,-0.0079,-0.1079,-0.1385,-0.343,-0.317,-0.0517,-0.0481,0.1336,0.0875,0.0524,-0.1035,-0.0047,-0.0107,0.0236,0.0272,0.0281,-0.3689,0.044,-0.5873,0.0008,0.004,-0.0316,0.5326,0.0275,-0.0537,-0.0176,-0.0085,-0.0115,-0.1474,-0.0331,0.0049,-0.0753,0.0538,-0.0366,-0.0051,-0.2176,-0.0075,0.444,-0.0081,-0.0131,0.0017,-0.2636,0.0145,0.0015,0.0076,-0.0131,0.0368,0.0086,0.0263,-0.0353,-0.0115,0.0061
213,5273,108,3,standing,0.0012,-0.6831,-0.0145,-0.0498,-0.0608,-0.3799,-0.0135,0.0052,0.0302,0.0266,0.0153,0.0048,-0.0442,-0.0121,0.0185,0.0373,0.0247,0.0046,-1.708,0.0083,-0.5308,-0.0008,-0.002,0.0447,0.7846,0.0058,0.043,-0.0561,-0.0248,0.0142,-0.2391,-0.0357,-0.1216,0.025,0.0262,0.0058,-0.0005,-0.2186,-0.0046,0.538,-0.0076,-0.0151,0.0032,0.5005,0.0123,0.0136,0.0418,0.0147,0.0226,0.0102,0.0293,-0.0416,-0.0079,0.0049
214,5274,108,3,standing,0.0072,-0.6765,-0.0186,0.005,0.2347,0.7297,-0.4304,0.001,-0.0645,0.0557,-0.0034,0.0436,0.0147,-0.0027,-0.0206,-0.0054,0.021,-0.0134,0.4975,-0.0256,-0.5396,0.0035,-0.0068,-0.0453,0.6036,-0.0065,0.0382,0.0224,0.0148,-0.0138,-0.0932,-0.0325,-0.1404,-0.0263,-0.0081,-0.0041,0.0013,-0.2318,-0.0047,0.5199,-0.0122,-0.0068,0.0112,0.4716,0.0138,0.0094,0.0303,0.0064,0.0281,0.0072,0.0177,-0.0369,-0.0109,-0.0005
215,5275,108,3,standing,0.018,-0.6609,-0.0112,0.0526,-0.128,-0.3773,-0.3084,-0.024,-0.1478,0.0844,-0.0161,0.0304,-0.026,-0.0068,0.0017,0.0302,0.0233,0.0236,-0.277,0.0164,-0.5444,-0.0052,0.0017,0.0053,0.5338,0.0029,-0.0454,0.0223,0.0073,0.0077,-0.1681,-0.0488,-0.02,0.0113,0.0146,0.0151,-0.0049,-0.2322,-0.0038,0.4976,-0.0128,-0.0165,-0.0113,0.2391,0.024,0.0277,0.046,0.0006,0.028,0.0142,0.0276,-0.0384,-0.0127,0.0001
216,5276,108,3,standing,0.0014,-0.7169,-0.0241,-0.0769,-0.2121,-0.6641,-0.2571,0.0104,0.0525,0.0341,-0.0127,0.0311,-0.0624,-0.0334,0.023,0.0238,0.0045,0.0241,0.0768,0.0482,-0.556,-0.0065,-0.0022,-0.0316,0.5521,-0.0478,-0.0166,0.0148,0.0063,0.0218,0.1454,0.0213,0.0442,-0.048,-0.0251,0.0255,-0.0055,-0.2522,-0.009,0.6076,-0.0126,-0.0068,0.0179,0.3353,0.006,-0.0011,0.0151,0.0025,0.0237,0.0011,0.0304,-0.0264,-0.0153,0.0018
217,5277,108,3,standing,0.0485,-0.5481,-0.0724,-0.1103,-0.2751,-0.7297,-0.0923,0.1602,0.4556,-0.1862,-0.3302,-0.0564,-0.0402,-0.0345,-0.0134,0.0677,0.0641,0.0436,-0.5091,-0.0077,-0.5723,-0.0051,0.0042,0.0571,0.6164,0.044,-0.1271,0.0268,-0.1041,0.0504,-0.3156,-0.0667,0.16,-0.0071,-0.0067,0.0407,-0.0045,-0.2627,-0.003,0.6036,-0.0055,-0.0202,-0.0201,0.1521,-0.0323,0.0417,0.0452,0.0457,0.0616,0.0152,0.0061,-0.0239,-0.0175,0.0117
218,5278,108,3,standing,0.0009,-0.584,-0.0389,0.0641,0.1707,0.427,-0.2767,0.0573,0.0244,0.0717,0.1177,0.021,-0.0512,0.0168,0.0347,0.03,0.0488,0.0024,-0.6031,0.0315,-0.5901,-0.025,-0.005,0.0132,0.6323,0.0163,0.0143,-0.0308,0.0073,-0.0281,-0.1676,0.0023,0.062,0.0342,0.0114,0.0014,-0.002,-0.3586,-0.003,0.6073,-0.0132,-0.0017,-0.0083,0.2883,0.0062,-0.0151,0.0513,-0.0101,0.0169,0.0188,0.0126,-0.035,-0.0122,0.0016
219,5279,108,3,standing,0.0054,-0.6422,-0.0016,-0.0273,-0.0609,-0.1899,0.1015,0.0234,-0.0615,0.1016,-0.0007,0.01,-0.0322,0.0017,0.0083,0.042,0.0347,-0.0185,0.6334,-0.0545,-0.5294,-0.0045,0.0002,0.0486,0.6061,0.0385,0.04,0.0252,0.0012,-0.01,-0.1409,-0.0642,0.0618,-0.0223,-0.0318,0.006,-0.0075,-0.2467,-0.0052,0.6694,-0.0011,-0.0076,0.0136,0.5511,0.0087,0.0086,0.0284,-0.0076,0.0305,0.0109,0.0386,-0.0242,-0.0105,0.0034
220,5280,108,3,standing,0.0036,-0.7462,-0.009,0.0483,-0.1983,-0.5858,-0.2036,-0.0075,0.0005,0.0087,0.0111,-0.0025,-0.0241,0.0132,0.0141,0.018,0.0079,-0.0013,-0.1479,-0.0354,-0.5421,-0.0055,-0.0034,-0.0449,0.7113,-0.0023,-0.0061,-0.0127,-0.023,0.0034,-0.1264,-0.0234,-0.0766,-0.0256,-0.0261,0.0047,-0.0018,-0.253,-0.0073,0.5658,-0.0115,-0.013,0.0022,-0.3009,-0.0173,0.0113,0.0145,-0.002,0.025,0.0017,0.0285,-0.0342,-0.0098,0.0023
221,5281,108,3,standing,0.0115,-0.5846,-0.0154,-0.0724,-0.1978,-0.599,-0.2907,-0.0014,0.0114,-0.0523,-0.0428,0.0208,-0.0046,-0.0117,0.0035,0.0433,0.0081,0.0147,0.5733,0.0212,-0.5675,-0.0055,-0.0022,0.0224,0.5404,0.0184,-0.0467,-0.0175,0.0086,0.024,-0.1286,-0.0275,-0.0235,0.0073,0.0227,0.0164,-0.0005,-0.2222,-0.0067,0.5904,-0.0064,-0.0104,-0.0143,0.393,0.0086,0.022,0.006,-0.024,0.0202,0.024,0.0182,-0.0419,-0.013,0.0047
222,5282,108,3,standing,0.0216,-0.7282,-0.0061,-0.0255,-0.1252,-0.359,-0.1233,-0.0001,0.0461,-0.0418,-0.004,-0.0257,-0.0362,0.0312,-0.0011,0.0406,0.0322,0.0081,1.3149,0.0145,-0.5674,0.0031,0.0115,0.0018,0.6337,0.0131,-0.0018,-0.0371,-0.0138,0.02,-0.0624,-0.0133,0.0463,-0.0212,-0.0358,0.0133,-0.0006,-0.2451,-0.0074,0.612,-0.0046,-0.0168,0.0122,0.3174,0.0115,0.0215,0.0229,0.0072,0.0109,0.0014,0.0216,-0.0399,-0.0102,-0.0052
223,5283,108,3,standing,0.0065,-0.5325,0.0302,0.0872,0.209,0.7619,-0.1641,0.0215,-0.0008,0.0582,0.0021,-0.0068,-0.0536,-0.0161,0.0037,0.018,0.0069,0.0555,-0.2044,0.0386,-0.5537,0.0012,-0.0033,-0.052,0.6576,0.0432,0.0085,-0.0627,0.0336,0.0251,-0.1987,0.0092,-0.1452,0.033,0.0576,0.052,-0.0003,-0.2351,-0.0048,0.6527,-0.0136,-0.0077,-0.0266,0.3163,0.0053,0.0064,0.0327,0.0129,0.0386,0.0074,0.0191,-0.0386,-0.0108,0.0055
224,5284,108,3,standing,0.0161,-0.7057,-0.0265,0.0218,-0.2074,-0.6684,-0.3045,0.0166,-0.0481,0.0095,0.0304,-0.015,-0.0484,0.013,0.0067,0.0337,0.008,-0.0141,-0.4542,-0.025,-0.5905,-0.0051,0.005,0.0465,0.7193,0.0473,-0.0057,-0.0273,-0.0091,-0.0094,-0.0835,-0.0357,-0.0109,-0.0434,0.0076,0.0018,-0.005,-0.3096,-0.0115,0.5832,-0.0099,-0.0177,0.02,-0.2249,-0.012,-0.0019,0.0354,0.0055,0.0276,0.0073,0.0179,-0.037,-0.0112,-0.004
225,5285,108,3,standing,0.0258,-0.7826,-0.0175,0.0143,0.0875,0.229,0.0547,-0.0123,0.0261,0.036,0.0307,0.0172,-0.0376,-0.0082,0.0224,0.0272,0.0134,-0.0308,0.4745,0.0262,-0.5422,-0.0052,-0.0001,0.0444,0.6296,0.0227,0.0279,-0.0287,-0.0137,-0.0136,-0.1626,-0.0199,-0.064,-0.0108,0.0022,0.0031,-0.005,-0.2525,-0.0064,0.533,-0.0104,-0.0069,-0.0022,0.2224,0.0252,-0.0157,0.0273,0.0146,0.0252,0.0112,0.0387,-0.0367,-0.0111,0.0048
226,5286,108,3,standing,0.0114,-0.5406,-0.02,-0.1227,-0.1464,-0.4739,-0.3247,-0.0103,0.0284,0.0143,0.0146,0.0127,-0.0559,0.0001,0.016,0.0299,0.0116,-0.0541,1.7701,0.0034,-0.5823,-0.0027,0.0007,0.0401,0.7382,-0.0037,-0.0344,0.004,0.0037,0.0077,-0.15,-0.0446,0.0263,-0.0743,-0.0137,-0.047,-0.0055,-0.2157,-0.0077,0.583,-0.0081,-0.0188,0.0014,0.1446,0.0215,-0.005,0.0214,0.0069,0.0375,0.0076,0.0124,-0.0347,-0.0097,0.0062
228,5288,108,3,standing,0.0045,-0.5644,-0.0349,-0.1488,-0.2145,-0.5543,-0.2305,-0.0572,0.066,0.085,-0.0252,-0.05,-0.0661,0.0126,0.0022,0.0336,0.0063,-0.0236,-0.2136,0.0083,-0.5889,-0.0143,-0.0115,-0.0044,0.6187,0.0368,-0.0486,-0.003,-0.0256,-0.0488,0.2053,-0.0134,-0.0461,0.0121,-0.0032,0.0129,-0.0047,-0.2286,-0.0067,0.4873,0.0057,-0.0202,0.0011,0.5496,0.0224,0.0087,0.0092,0.0051,0.0104,-0.0051,0.0163,-0.0454,-0.0149,0.0023
229,5289,108,3,standing,0.0009,-0.6533,-0.0412,-0.1247,-0.2269,-0.514,-0.326,-0.0505,-0.2125,-0.0067,0.1504,0.0616,-0.0225,0.021,0.0321,0.0506,0.0216,0.0415,0.3563,0.0172,-0.5784,0.0037,-0.0128,0.0257,0.7056,-0.0482,0.0602,0.0041,-0.0301,-0.0355,-0.3023,0.0331,-0.0655,0.0528,-0.0082,-0.0097,-0.0058,-0.3203,-0.0098,0.3666,0.0012,-0.0046,-0.0166,0.4212,0.0097,-0.02,0.0184,0.0048,-0.005,-0.005,0.0172,-0.0368,-0.0111,0.0057
230,5290,108,3,standing,0.0362,-0.6446,0.006,0.0384,-0.0928,-0.2994,-0.2202,-0.0154,0.0257,0.0374,-0.1613,0.0038,0.0323,0.0027,0.0202,0.0507,0.0382,0.0168,0.4672,0.0085,-0.5907,0.0058,-0.0024,0.0172,0.6487,0.04,0.0303,0.0306,-0.0085,-0.0157,-0.2285,0.0041,-0.081,0.0004,-0.0246,-0.0052,-0.003,-0.2189,-0.0043,0.5903,-0.004,-0.0164,0.0055,0.5034,-0.0035,0.026,0.0383,0.0047,0.0207,0.012,0.0156,-0.0378,-0.0143,0.0039
232,5292,108,3,standing,0.0015,-0.5245,0.0095,0.0281,0.0218,0.082,-0.1779,0.0088,0.0015,0.0059,0.0172,0.0008,-0.0297,0.0033,0.017,0.0228,0.0173,-0.003,0.2144,0.007,-0.5477,0.0016,0.0024,-0.0052,0.7477,0.0025,0.017,0.0202,0.0158,0.0081,-0.1966,-0.0134,-0.0273,-0.02,0.0156,-0.0038,-0.0052,-0.2167,-0.0043,0.5875,0.0021,-0.0153,-0.0053,0.546,0.0227,-0.0133,0.007,-0.0038,0.0024,-0.0055,0.0175,-0.0343,-0.0108,0.0063
233,5293,108,3,standing,0.028,-0.5509,-0.0355,-0.0472,-0.1756,-0.5153,-0.169,0.0207,-0.0081,0.0484,0.0206,0.0133,-0.0603,-0.024,0.0256,0.0092,0.0234,0.0002,0.4337,0.0063,-0.5938,-0.0048,-0.0021,0.0084,0.7453,0.0024,0.0001,-0.028,0.0158,0.0076,-0.198,0.0272,0.0258,-0.0322,-0.0016,0.006,0.0008,-0.2344,-0.0099,0.666,-0.0122,-0.0056,-0.0101,0.1366,0.0172,0.0124,0.0416,-0.0036,0.0342,-0.0041,0.0251,-0.0335,-0.014,0.0048
234,5294,108,3,standing,0.0382,-0.7199,-0.0175,-0.096,-0.1821,-0.5724,-0.0861,0.0335,-0.0037,0.1404,-0.2515,-0.0433,-0.0184,-0.0457,0.0079,0.0326,0.0157,0.0175,1.6498,0.0366,-0.557,0.0055,0.0026,-0.005,0.7071,0.0159,0.0311,0.0105,0.0002,0.0258,-0.3647,-0.0301,-0.033,-0.0066,0.0075,0.0103,-0.0077,-0.2141,-0.0015,0.747,-0.0162,-0.0102,0.0042,0.4864,0.0082,0.017,0.0431,0.0103,0.0127,0.0007,0.025,-0.0359,-0.013,-0.0021
237,5297,108,3,standing,0.0036,-0.5569,-0.0156,-0.0851,-0.1867,-0.5266,-0.3196,0.0454,-0.125,-0.1351,-0.231,-0.0067,-0.1364,0.0026,0.0138,0.029,0.0218,0.0301,-0.4783,0.028,-0.5554,0.0054,0.0072,0.0144,0.7425,0.0256,0.0188,0.0181,0.0015,0.0178,-0.1633,0.0111,-0.0054,-0.0382,-0.0141,-0.0412,0.0011,-0.2267,-0.0061,0.5529,0.0057,-0.0086,-0.0017,0.4903,-0.0005,0.0228,0.026,0.0267,0.0259,0.0015,0.0048,-0.0353,-0.0112,0.0007
239,5299,108,3,standing,0.0062,-0.588,-0.0062,-0.0887,-0.2521,-0.6223,-0.0849,0.0182,-0.052,0.019,0.0165,0.0006,-0.0261,-0.02,-0.0044,0.033,0.0179,0.0029,0.578,-0.0066,-0.5608,-0.0034,-0.0052,-0.0043,0.6888,-0.0371,-0.0156,-0.0012,0.0071,-0.0141,-0.1401,-0.0135,-0.0662,0.0118,0.0086,0.0127,-0.0048,-0.2478,-0.007,0.5721,0.0015,-0.016,0.0007,0.4917,0.0148,0.014,0.0361,0.0128,0.0358,0.0011,0.0264,-0.0375,-0.0142,0.0019
244,5304,108,3,standing,0.0013,-0.5993,-0.0114,-0.1374,-0.1682,-0.4627,0.2497,-0.0338,-0.0014,-0.0457,0.0104,-0.0472,-0.0198,-0.0029,0.0163,0.0217,0.0211,0.0009,1.3296,0.0253,-0.5722,-0.0003,-0.0062,0.0275,0.5233,0.0042,0.0124,0.0337,0.0016,0.0025,-0.1417,-0.0154,0.0076,-0.0167,-0.0024,-0.0245,-0.0038,-0.3129,-0.0087,0.7136,-0.0142,-0.0035,-0.0107,-0.1997,-0.0035,-0.0022,0.0022,0.0134,0.0236,0.0039,0.0286,-0.036,-0.0105,0.002
246,5306,108,3,standing,0.0132,-0.4632,-0.0418,-0.0605,-0.1782,-0.5351,-0.049,0.0078,-0.0353,0.1063,0.0613,0.0206,-0.0432,0.0131,0.0321,0.0277,0.0232,0.0104,-0.0618,-0.0242,-0.5353,-0.0017,0.0016,-0.0065,0.7057,0.015,-0.0098,-0.0095,0.0011,0.0181,-0.3305,-0.045,0.0031,-0.008,0.0138,0.0096,-0.0033,-0.2231,-0.0043,0.55,0.0001,-0.015,0.0233,-0.2346,0.0141,0.017,0.0029,0.02,0.0283,-0.0144,0.0078,-0.0326,-0.014,0.0052
247,5307,108,3,standing,0.0112,-0.6447,-0.0402,-0.0566,-0.1524,-0.4283,-0.1124,-0.006,-0.0662,0.1021,0.0362,-0.0681,-0.0261,0.0151,0.0216,0.026,0.0163,0.0118,0.1878,-0.0039,-0.5871,-0.0258,0.0126,0.0525,0.7597,-0.0141,0.0611,0.0069,-0.0246,0.0049,-0.187,-0.0233,-0.043,0.0134,-0.0087,0.0055,0.0005,-0.317,-0.0091,0.6488,-0.0025,-0.0075,0.0122,0.5492,0.0039,0.0134,0.0278,0.0238,0.0319,-0.0002,0.0096,-0.0343,-0.0112,0.0023
248,5308,108,3,standing,0.011,-0.5771,-0.0426,-0.1585,-0.1741,-0.4824,-0.1832,0.0401,-0.176,-0.0044,-0.1273,-0.0238,-0.0332,-0.0438,0.0082,0.0352,0.0267,0.0146,-0.5207,0.0064,-0.5958,-0.0076,0.0064,0.0158,0.6108,0.0205,-0.0284,-0.0281,-0.0012,0.0143,0.3723,0.0014,-0.105,0.0133,-0.0163,-0.018,0.0026,-0.2535,-0.004,0.5899,0.0013,-0.0148,-0.0077,-0.2257,0.0097,0.0082,0.0415,0.0253,0.0079,-0.0088,0.0192,-0.0323,-0.0052,0.0036
249,5309,108,3,standing,0.045,-0.4213,-0.0221,-0.0152,-0.1297,-0.3973,0.0529,0.0104,0.0732,0.0841,0.0829,0.0532,-0.0277,-0.0142,-0.0063,-0.0133,-0.057,-0.0263,1.438,-0.0488,-0.5704,0.0014,0.0137,0.0337,0.668,0.0022,0.0142,-0.017,0.0118,-0.0303,-0.1537,-0.04,-0.1227,-0.0315,0.0371,-0.0014,0.002,-0.2008,-0.0051,0.6177,-0.0093,-0.0122,0.0006,-0.1796,0.007,0.0223,0.0416,0.0228,0.0426,0.0203,0.0134,-0.0341,-0.0125,-0.0006
252,5312,108,3,standing,0.0058,-0.4629,-0.0424,-0.0455,-0.0384,-0.3501,-0.2301,-0.0066,0.001,0.0184,0.0167,0.0063,-0.0248,0.0043,0.0112,0.0225,0.0207,-0.0037,-1.535,-0.0137,-0.5826,-0.0128,-0.0035,0.0228,0.7644,0.0212,-0.0421,-0.0207,0.0016,-0.0015,-0.1459,-0.0324,-0.0402,-0.0134,0.0257,0.0043,-0.0001,-0.2221,-0.0047,0.6166,0.0009,-0.0155,-0.002,1.1874,0.022,0.0015,0.0314,0.0016,0.02,-0.0118,0.0263,-0.0357,-0.0082,0.0051
253,5313,108,3,standing,0.0318,-0.5873,-0.036,0.0427,0.1275,0.2924,-0.2063,0.0069,0.0507,-0.3504,0.0819,-0.0526,-0.0573,0.0258,0.0027,0.0231,0.0089,0.0037,0.2456,0.01,-0.562,-0.0003,0.0026,0.0126,0.682,0.0308,0.0144,0.0162,-0.0055,-0.0381,-0.4645,0.0374,0.0163,0.0003,0.0203,0.0023,-0.0065,-0.2246,-0.0083,0.5129,0.0006,-0.0184,-0.0215,1.0014,0.0106,0.0161,0.0123,0.0173,0.016,0.0009,0.0322,-0.037,-0.0104,0.0063
254,5314,108,3,standing,0.0018,-0.5167,-0.01,-0.0273,-0.1717,-0.545,-0.2777,-0.0138,-0.0285,0.0112,0.013,0.0116,-0.0343,-0.0013,0.0148,0.0364,0.0273,0.0223,1.3372,0.0148,-0.5953,-0.004,-0.0045,0.0237,0.7562,-0.0062,0.0031,0.002,-0.0086,0.0083,-0.1337,0.0019,-0.0256,0.0267,0.002,0.0168,-0.0029,-0.2568,-0.0043,0.7669,-0.0105,-0.0141,0.0064,-0.3331,0.0162,0.0101,0.0239,-0.0106,0.0274,0.0137,0.0205,-0.0396,-0.007,0.0013
255,5315,108,3,standing,0.0112,-0.5661,-0.0041,-0.0544,-0.2206,-0.6245,-0.2904,0.0121,-0.065,0.0673,0.0056,-0.0588,-0.0409,0.0088,0.0119,0.0038,0.023,0.0334,-0.4973,0.0478,-0.5846,0.0008,-0.0017,-0.0263,0.685,-0.043,0.0254,-0.0554,-0.0095,0.0036,-0.2793,-0.0683,0.0246,0.0271,0.0433,-0.0054,-0.0019,-0.2505,-0.0113,0.5948,-0.0097,-0.018,0.0272,0.4702,0.008,-0.0065,0.0384,0.0043,0.0206,-0.012,0.0461,-0.0348,-0.0142,0.0056
257,5317,108,3,standing,0.0113,-0.6103,-0.0136,-0.0972,-0.3227,-0.8898,-0.142,-0.0637,0.1762,0.0546,0.0206,0.0445,-0.0073,0.0052,0.0345,0.017,0.0263,-0.177,0.6646,-0.0384,-0.5894,-0.011,-0.0077,0.0224,0.6709,-0.0324,-0.05,0.0181,0.0285,-0.0513,-0.4163,-0.0731,0.0174,-0.0224,-0.057,-0.0754,0.0018,-0.2231,-0.001,0.337,-0.0018,-0.0155,-0.0063,0.1832,0.0074,-0.004,0.0341,0.0097,0.0283,-0.0064,0.0332,-0.0366,-0.0122,-0.003
258,5318,108,3,standing,0.0214,-0.643,-0.0663,-0.0514,-0.2166,-0.5268,-0.3821,-0.0508,-0.0405,-0.0102,-0.0549,-0.0482,-0.0609,-0.016,0.0137,0.0176,0.0284,-0.011,2.7803,-0.0272,-0.5952,-0.0267,-0.0051,-0.071,0.5548,-0.0453,-0.0138,-0.0168,0.0005,-0.0271,-0.2501,-0.0426,-0.0444,0.0009,-0.036,0.0156,0.0056,-0.2566,-0.0073,0.5622,0.0005,-0.0138,-0.0033,-0.0044,0.02,0.0103,0.0166,-0.0066,0.0216,0.0105,0.0364,-0.0356,-0.0121,0.0024
259,5319,108,3,standing,0.0024,-0.4341,-0.0146,-0.0917,-0.1844,-0.446,-0.0353,0.0223,-0.0037,0.1106,0.0335,0.0248,-0.012,-0.002,0.0087,0.025,0.0425,-0.0147,0.3064,-0.007,-0.5731,0.0037,0.0061,0.0067,0.6031,0.0412,-0.062,-0.0236,0.0158,-0.0146,-0.1858,-0.0248,-0.0207,-0.0151,0.0053,-0.0007,-0.0056,-0.2205,-0.0108,0.6294,0.0039,-0.0184,-0.0205,-0.2079,0.0211,0.0127,0.016,0.0131,0.0203,0.0075,0.0205,-0.0354,-0.0109,-0.0038
260,5320,108,3,standing,0.0006,-0.5206,-0.0285,-0.0468,-0.1576,-0.4673,-0.1876,-0.0071,0.0165,0.0015,-0.0075,-0.0114,-0.0247,-0.0135,0.0037,0.0322,0.0231,0.0037,-0.0864,-0.0015,-0.596,0.0024,0.0036,-0.0335,0.5246,0.0351,0.0159,-0.0308,-0.0175,0.0106,-0.2164,-0.0252,0.0074,-0.0021,0.0135,0.0037,-0.0043,-0.242,-0.0094,0.5574,-0.0082,-0.0133,-0.0154,0.1948,-0.006,-0.0022,0.0363,0.0289,0.0057,0.0037,0.019,-0.0335,-0.0121,0.0053
261,5321,108,3,standing,0.0051,-0.5884,-0.0253,-0.0437,-0.2401,-0.6193,-0.2847,0.0253,0.003,0.0451,0.0244,-0.0075,-0.05,0.0054,0.0211,0.0226,0.0338,0.0216,0.531,0.013,-0.584,-0.0048,-0.0008,0.0441,0.6442,0.0232,0.023,-0.0521,-0.0574,-0.0286,-0.2226,-0.0317,-0.1251,-0.0097,0.0058,0.0048,-0.0026,-0.2314,-0.0087,0.7466,-0.0064,-0.0241,-0.0218,0.4131,-0.0015,0.0031,0.0141,0.0104,0.0123,0.0137,0.016,-0.036,-0.015,-0.0022
262,5322,108,3,standing,0.0017,-0.578,-0.0017,-0.0847,-0.2021,-0.6397,-0.2344,-0.023,-0.1146,0.0235,0.0033,0.0035,-0.0124,-0.0031,-0.0002,-0.0205,-0.0001,0.006,-0.4523,-0.0025,-0.5926,-0.0002,0.0005,-0.0083,0.6145,0.0066,0.0235,0.0004,0.0164,0.0016,-0.1565,-0.0077,-0.0458,0.0122,0.004,0.0044,-0.0022,-0.2474,-0.0113,0.4466,0.0002,-0.021,-0.0037,0.4276,-0.0041,0.0154,0.0474,0.017,0.0338,0.0057,0.0245,-0.0384,-0.0106,0.002
263,5323,108,3,standing,0.0325,-0.5997,0.0017,-0.0124,-0.1567,-0.4922,-0.0401,-0.008,-0.0147,0.0145,-0.0317,0.047,-0.0376,0.0058,0.0175,0.0452,0.0199,0.0245,2.046,-0.0065,-0.5947,-0.001,-0.0075,0.0021,0.6628,-0.0447,0.0113,0.0103,-0.0133,0.0009,-0.2426,-0.0334,-0.0402,-0.0234,0.0088,0.0357,-0.0074,-0.2322,-0.0011,0.4564,-0.002,-0.0107,0.0031,0.3572,0.0058,0.0231,0.0277,0.0033,0.0315,0.016,0.0268,-0.0365,-0.0079,0.0029
265,5325,108,3,standing,0.032,-0.5662,-0.0633,-0.0318,-0.169,-0.3664,-0.0835,-0.1687,0.0223,0.0631,0.1232,0.0128,-0.0598,-0.0141,0.0138,0.0509,0.0631,0.0337,-0.6064,0.0272,-0.5836,-0.0001,-0.0221,0.0533,0.5817,-0.0135,-0.0817,-0.0486,-0.0042,0.0176,-0.0537,0.0025,-0.0616,0.0094,-0.0029,0.0164,-0.0013,-0.1921,-0.0095,0.4726,0.0013,-0.0144,0.0011,0.1416,0.0253,0.0103,0.0254,0.0258,0.0347,-0.0062,0.014,-0.0356,-0.0098,0.0029
266,5326,108,3,standing,0.0003,-0.762,-0.0131,-0.1136,-0.2499,-0.4551,-0.3045,-0.0004,-0.0226,0.0331,-0.0078,-0.0172,-0.0323,0.0031,0.006,0.0218,0.0069,-0.0347,-0.0362,-0.005,-0.5947,0.0014,-0.0007,-0.0207,0.6627,0.0277,0.0007,0.0106,0.0175,-0.0111,-0.2183,-0.0186,-0.0581,-0.0252,-0.0211,0.0078,0.0002,-0.2151,-0.0082,0.5394,-0.0063,-0.0108,-0.0094,0.4479,-0.0041,0.0105,0.0039,0.025,0.0262,0.0028,0.0098,-0.0355,-0.0094,0.0022
267,5327,108,3,standing,0.0142,-0.5291,-0.0228,-0.0434,-0.1741,-0.5089,-0.3339,0.0281,-0.0056,0.0077,-0.038,0.0145,-0.05,-0.0063,0.0141,0.024,0.0248,0.0068,1.443,-0.0311,-0.5791,-0.0177,0.0056,0.0208,0.6447,-0.0336,0.0387,-0.0037,0.0066,-0.0102,-0.134,-0.0239,0.0464,-0.0043,-0.0262,0.0025,-0.0051,-0.2128,-0.0016,0.5355,0.0055,-0.0051,-0.0087,0.17,0.0054,-0.0057,0.0258,0.006,0.0131,0.0031,0.0155,-0.0341,-0.0107,0.0029
268,5328,108,3,standing,0.0086,-0.7577,-0.0166,-0.0207,-0.1567,-0.4809,-0.1649,-0.0434,-0.0088,0.0251,0.0102,0.0202,-0.0506,-0.0021,0.0275,0.0303,0.0154,0.022,1.4036,0.0061,-0.5563,-0.0021,-0.0018,0.0127,0.6147,-0.0415,0.0268,-0.0232,-0.0105,-0.0062,-0.1235,-0.0364,-0.0569,0.035,0.0205,0.0097,-0.0025,-0.3334,-0.0065,0.4526,-0.0011,-0.0102,-0.0079,0.2278,-0.0104,0.023,0.0192,0.0233,0.0105,-0.0033,0.036,-0.0342,-0.0097,0.0005
269,5329,108,3,standing,0.0476,-0.7267,0.0555,-0.1525,-0.3506,-0.7807,-0.2293,-0.0412,-0.1746,0.0588,0.0027,0.0043,0.058,-0.0208,0.0577,-0.0428,0.0209,0.0252,0.3911,-0.0104,-0.5535,-0.0172,-0.0123,-0.1006,0.7136,-0.0636,0.1147,0.0776,0.0122,0.0412,-0.1984,-0.1435,-0.152,0.0128,-0.0116,0.0374,0.0007,-0.2179,-0.0019,0.5831,0.0058,-0.0163,0.0112,0.5674,0.0087,0.0137,0.0083,-0.0164,0.0106,0.0055,0.0301,-0.0374,-0.0137,-0.0043
272,5332,108,3,standing,0.0016,-0.6109,-0.0256,-0.1067,-0.246,-0.7497,-0.2297,0.0041,-0.0263,0.0213,0.0175,0.0113,-0.0293,-0.0035,0.013,0.0177,0.0194,0.0073,-0.5801,0.0063,-0.5848,-0.0112,0.0023,0.0323,0.7341,-0.023,0.023,-0.0103,0.0117,-0.0184,-0.0339,0.0101,-0.0069,-0.0261,0.013,0.0126,-0.0063,-0.2185,-0.0076,0.6169,-0.01,-0.0078,0.0083,0.3788,0.0174,-0.0009,0.037,0.0143,0.0173,-0.0078,0.0183,-0.035,-0.0049,0.0016
273,5333,108,3,standing,0.032,-0.6526,-0.0317,0.0373,0.1868,0.5874,-0.3644,-0.025,0.023,-0.3833,-0.3302,-0.0341,0.0228,-0.0223,0.0247,0.0166,0.0144,-0.0425,0.6409,-0.0175,-0.582,-0.0064,-0.0061,0.0278,0.7527,0.0156,-0.0137,-0.0327,-0.0105,-0.0172,-0.1833,0.0264,-0.019,-0.0461,-0.018,0.0039,0.0051,-0.3536,-0.0045,0.5283,-0.0071,-0.011,-0.0093,-0.0567,0.0211,0.0184,0.0126,0.0213,0.0068,-0.0148,0.0189,-0.033,-0.0117,-0.0022
274,5334,108,3,standing,0.0314,-0.4946,0.0214,-0.0664,-0.0805,-0.5042,-0.3646,-0.0758,0.1861,0.0584,0.0337,-0.0843,-0.0112,0.0079,0.0077,0.0074,0.0177,0.0306,0.4134,0.0402,-0.5837,0.0007,0.0106,-0.0127,0.6814,0.0121,-0.0225,0.0514,-0.0418,-0.0053,-0.324,0.0447,-0.1252,-0.0081,-0.0223,0.0143,0.0051,-0.258,-0.0127,0.6448,-0.0035,-0.0106,-0.0257,-0.2443,0.0151,0.0213,0.0574,-0.024,0.0229,-0.011,0.0152,-0.0365,-0.0096,0.0028
276,5336,108,3,standing,0.0222,-0.5499,-0.0333,0.0276,0.2071,0.5485,-0.1539,0.0288,-0.0026,-0.0801,0.0253,0.0212,-0.0487,0.0011,0.0214,0.0334,0.0466,-0.0414,0.3848,-0.0228,-0.5778,-0.021,-0.0277,-0.0062,0.7579,-0.0035,-0.0736,-0.0211,-0.0654,-0.0338,-0.0704,-0.0224,-0.0788,-0.0716,-0.0349,-0.036,-0.0068,-0.3581,-0.0071,0.4275,-0.0036,-0.0116,-0.0161,-0.0782,-0.0214,0.0101,0.0319,0.0237,0.0082,0.0066,0.0114,-0.0337,-0.0121,0.0051
277,5337,108,3,standing,0.0086,-0.47,0.0145,-0.0735,-0.1747,-0.5343,-0.0666,-0.0155,-0.0237,0.1104,0.1358,0.0166,-0.0018,0.0138,0.0046,0.015,0.0214,0.0019,-1.3318,0.0174,-0.5682,0.001,0.0033,-0.0326,0.7229,0.0102,-0.0102,-0.0278,0.0069,-0.016,-0.1603,-0.0249,-0.0208,-0.0062,0.0056,-0.0173,-0.0015,-0.2588,-0.0037,0.6435,-0.0105,-0.0062,-0.003,-0.1934,0.0023,0.0014,0.0197,-0.0054,0.0021,0.0071,0.0112,-0.0333,-0.0112,0.0027
280,5340,108,3,standing,0.0078,-0.5932,-0.0414,-0.0764,-0.1901,-0.5201,-0.3506,-0.0582,0.0021,0.1187,0.0539,0.0142,-0.0343,0.0173,0.012,0.0534,0.0283,-0.01,-0.485,-0.0351,-0.5635,0.0038,0.0038,-0.0135,0.7868,0.0248,-0.035,-0.0047,-0.0303,-0.0282,-0.2874,-0.0188,-0.1023,-0.0447,-0.0097,-0.0117,-0.0023,-0.2252,-0.0056,0.4339,-0.0019,-0.0165,0.0044,0.4804,0.0082,0.009,0.0291,0.0183,0.023,0.0053,0.0117,-0.0346,-0.0114,0.0074
281,5341,108,3,standing,0.0101,-0.5692,-0.0134,-0.0344,-0.1433,-0.4702,-0.1735,0.0014,0.0041,0.042,0.0229,0.0027,-0.0214,-0.015,-0.0031,0.0176,0.0238,-0.0109,1.0223,-0.004,-0.5883,-0.0115,-0.0135,-0.0285,0.7559,0.0143,0.0087,0.0366,-0.033,-0.0083,-0.1465,-0.044,0.0088,0.0263,-0.0171,0.0022,-0.0002,-0.325,-0.0038,0.5488,-0.0025,-0.0189,0.0238,0.5081,0.0153,0.0039,0.0198,-0.0041,0.0134,-0.0039,0.023,-0.0335,-0.0102,0.0047
282,5342,108,3,standing,0.0041,-0.6058,-0.0031,-0.0711,-0.2189,-0.5254,0.1428,-0.025,-0.022,0.1064,-0.0661,0.0011,-0.0176,0.0015,0.0131,0.0299,0.0318,0.0255,-0.094,-0.027,-0.539,-0.0015,-0.0038,-0.0117,0.6759,-0.0017,0.0044,0.0024,-0.0188,-0.001,-0.1939,-0.0296,-0.011,-0.0211,-0.0098,-0.0035,-0.0015,-0.202,-0.0032,0.6037,0.0056,-0.0114,-0.0052,0.253,-0.0063,-0.0174,0.0077,-0.0111,0.0316,-0.0004,0.0118,-0.0316,-0.0115,-0.0036
284,5344,108,3,standing,0.0055,-0.6766,-0.0216,-0.1,-0.212,-0.6275,-0.4096,-0.0001,0.0113,0.0025,0.0083,-0.0242,-0.0519,0.0006,0.0184,0.0444,0.0127,0.0114,1.1088,-0.0238,-0.5921,0.0009,0.0057,0.0064,0.6724,0.003,-0.0112,0.008,0.0148,-0.0038,-0.2371,-0.0301,-0.022,-0.0183,0.0024,0.0095,-0.0046,-0.2421,-0.0064,0.5707,-0.0054,-0.011,-0.0158,0.4655,0.0037,0.0033,0.0156,0.0021,0.0193,0.0004,0.0315,-0.0368,-0.0114,0.0052
287,5347,108,3,standing,0.0356,-0.7389,-0.0081,-0.1422,-0.32,-0.7278,-0.0526,-0.036,-0.0687,0.0369,0.0541,-0.043,-0.0351,0.0081,0.0155,0.0281,0.021,0.0303,-0.3796,-0.0251,-0.5558,-0.0004,0.002,0.0153,0.6755,-0.0366,0.0013,0.0243,0.0261,0.0361,-0.1492,-0.0225,-0.158,0.0331,-0.0555,0.0164,-0.0028,-0.2185,-0.0072,0.6184,0.0054,-0.0165,-0.0117,-0.0109,-0.005,0.006,0.0195,-0.01,0.0346,-0.0114,0.0234,-0.0383,-0.013,0.0025
291,5351,108,3,standing,0.0381,-0.5469,0.0007,-0.1022,-0.2037,-0.3672,-0.277,-0.0255,-0.1113,-0.0866,0.0812,0.0379,0.0488,-0.066,0.0216,0.0095,0.0051,-0.0634,-0.4968,-0.071,-0.5427,-0.0234,-0.0271,-0.0451,0.6566,0.0373,-0.0073,0.0033,0.011,0.0084,-0.162,-0.0414,-0.0052,-0.0431,-0.0183,-0.028,-0.0055,-0.2498,-0.0087,0.4662,-0.017,-0.0026,0.0077,0.5739,0.0165,0.0034,0.0103,0.0113,0.0271,0.0036,0.0154,-0.0379,-0.0095,0.003
292,5352,108,3,standing,0.0223,-0.5583,-0.0632,-0.0583,-0.1585,-0.5296,-0.0997,0.0381,-0.0094,-0.1322,-0.0609,0.0484,0.0067,0.0048,0.0023,0.0174,0.0102,0.0217,0.184,0.0058,-0.5792,0.0126,-0.0006,0.0051,0.6142,0.0082,-0.0243,0.0036,-0.01,0.0034,0.1552,0.0133,-0.0183,0.0215,-0.012,0.0202,-0.0019,-0.2609,-0.0084,0.6538,-0.0122,-0.0073,-0.0148,0.2474,0.0059,-0.0049,0.0172,-0.0033,0.0097,-0.0102,0.0192,-0.0369,-0.0116,0.0026
294,5354,108,3,standing,0.015,-0.583,-0.0069,-0.109,-0.1823,-0.564,-0.3417,0.0171,0.013,0.0689,0.0331,0.0386,-0.0483,-0.0017,0.0125,0.0386,0.009,0.0041,-1.097,-0.001,-0.5578,0.0009,0.0042,0.0158,0.5963,0.0064,-0.0352,-0.0106,-0.0186,-0.0029,-0.0973,-0.04,-0.048,0.0055,0.0025,0.0027,-0.0058,-0.2218,-0.0095,0.6471,-0.0126,-0.0124,0.0055,-0.2433,0.0045,-0.0143,0.0157,-0.0023,0.0214,-0.005,0.0261,-0.0298,-0.0125,0.0072
295,5355,108,3,standing,0.0138,-0.7539,-0.0172,-0.1267,-0.1624,-0.3521,-0.3674,0.0081,0.0036,0.0011,0.0154,-0.0163,-0.0475,-0.012,0.0069,0.0304,0.0164,0.0263,-0.0429,0.0064,-0.5524,-0.0074,0.0022,-0.0157,0.6849,-0.0281,-0.0134,0.0044,-0.0165,0.0144,-0.0632,0.0149,-0.0523,0.0082,-0.0203,0.0081,-0.0006,-0.2168,-0.0084,0.4281,-0.004,-0.0176,-0.0148,0.4906,0.0026,-0.0008,0.0192,0.0232,0.022,-0.0027,0.0189,-0.0331,-0.0144,0.0023
297,5357,108,3,standing,0.0033,-0.5857,-0.0134,-0.0567,-0.1666,-0.5478,-0.2817,0.0187,0.0236,0.0186,0.0151,0.0105,-0.035,-0.0014,0.0066,0.0288,0.0324,-0.0113,-0.1478,-0.008,-0.5595,0.0001,-0.0003,-0.0091,0.698,0.0028,0.0163,-0.026,-0.0233,0.0083,-0.0717,-0.0179,0.0063,-0.028,-0.0013,-0.0086,-0.0014,-0.2237,-0.002,0.5403,-0.0064,-0.0156,-0.0125,-0.0598,0.0025,0.0105,0.0335,0.0131,0.0241,0.001,0.0089,-0.0295,-0.0117,0.0056
299,5359,108,3,standing,0.0258,-0.7066,-0.0413,-0.0893,-0.1627,-0.5562,-0.4024,0.0014,0.0549,0.0885,0.0224,-0.028,-0.0145,-0.0111,0.0176,0.0195,0.0323,0.015,-1.0512,0.0487,-0.5938,-0.0017,0.0052,0.0263,0.595,0.0281,0.001,0.0056,0.0242,-0.0281,-0.1707,0.0587,-0.1771,-0.016,-0.0101,0.0216,-0.0003,-0.2235,-0.0074,0.772,-0.0117,-0.0074,0.0105,0.1843,0.0071,-0.0047,0.0232,0.017,0.0252,0.0064,0.0219,-0.0356,-0.0113,0.0055
301,5361,108,3,standing,0.0008,-0.4859,-0.0241,0.1023,0.1201,0.4126,0.2488,0.0155,0.0152,0.0757,-0.0128,0.0184,0.0041,0.0213,0.0201,0.051,0.0253,-0.0335,-0.0179,-0.0089,-0.5929,-0.0168,0.006,-0.0083,0.6055,-0.0029,-0.0136,-0.0013,-0.0121,0.0101,-0.0517,-0.0062,-0.0142,-0.0105,-0.0227,0.0204,-0.0035,-0.3449,-0.0027,0.4822,-0.009,-0.0223,-0.0108,-0.2457,0.0033,-0.0025,0.0256,-0.0014,0.0217,0.0177,0.0179,-0.0355,-0.0117,0.0043
302,5362,108,3,standing,0.0027,-0.7844,-0.0034,-0.0403,-0.1434,-0.4262,-0.199,-0.0277,-0.0143,0.027,-0.0211,0.0113,-0.0188,0.0006,0.0099,0.0266,0.0224,-0.0263,-0.6601,-0.0027,-0.5536,-0.0019,0.0018,-0.0248,0.609,-0.0377,0.0321,0.0022,-0.0032,0.0236,-0.1155,-0.0342,-0.0223,-0.0053,-0.0317,-0.0173,-0.002,-0.2498,-0.007,0.5301,-0.0066,-0.0187,0.0089,0.5647,0.0016,-0.005,0.0307,0.013,0.0138,0.0005,0.0284,-0.0314,-0.0104,0.0045
305,5365,108,3,standing,0.0014,-0.5787,0.014,0.055,0.1281,0.4193,0.1476,0.0006,0.0001,-0.0763,-0.047,-0.0053,-0.0146,0.0004,0.0218,0.0481,0.0149,-0.0011,-0.5186,-0.027,-0.5796,0.0001,-0.0009,0.0071,0.5773,-0.0003,-0.0234,-0.0144,0.0035,-0.0103,-0.0761,-0.0406,-0.0138,-0.012,-0.0041,-0.0204,-0.0005,-0.2456,-0.0033,0.6374,-0.0111,-0.0095,-0.0133,0.3747,0.0126,-0.0006,0.021,0.0123,0.0097,0.0035,0.014,-0.033,-0.0099,0.0052
306,5366,108,3,standing,0.0101,-0.5705,-0.0173,-0.06,-0.1352,-0.5073,0.0564,0.0068,0.0103,0.0379,0.0221,0.0144,-0.03,-0.0074,0.0257,0.0015,0.0148,0.018,-0.457,-0.0035,-0.559,-0.0032,-0.0009,0.0125,0.6741,-0.0024,-0.0212,0.0062,-0.0054,0.0075,-0.2098,-0.0249,-0.0477,-0.0201,-0.0032,0.0266,-0.0016,-0.2048,-0.003,0.5949,0.0021,-0.0241,0.0039,0.4343,0.0071,-0.0161,0.0043,0.0111,0.0283,-0.001,0.014,-0.0386,-0.0123,0.0034
307,5367,108,3,standing,0.0228,-0.5551,-0.0285,-0.0738,-0.1696,-0.5088,-0.3747,-0.001,-0.0126,0.0132,0.0107,-0.0224,-0.0533,-0.0213,0.0107,0.0292,0.028,0.0077,-0.056,0.0211,-0.5777,-0.0043,-0.0029,0.0335,0.7479,0.0083,-0.0481,0.0067,0.0128,0.0011,-0.0235,-0.0094,-0.0191,0.0306,-0.0166,0.0015,-0.0036,-0.3684,-0.0073,0.6573,-0.0122,-0.01,-0.0114,-0.1928,-0.0101,0.0019,0.0301,0.0028,0.0231,-0.0032,0.027,-0.0434,-0.0104,-0.0057
309,5369,108,3,standing,0.0001,-0.6271,0.0006,-0.0571,-0.159,-0.4575,-0.3747,0.0063,0.0057,0.0147,0.0228,0.0081,-0.0303,-0.0107,0.013,0.0358,0.0155,-0.0442,-0.4524,0.0131,-0.5826,-0.0031,0.0002,-0.0375,0.6693,-0.008,-0.0042,-0.0327,0.02,0.0108,-0.1491,0.0025,-0.0571,0.046,0.022,0.0013,-0.0062,-0.2215,-0.0042,0.668,-0.0094,-0.018,0.0024,0.3512,0.0019,-0.0063,0.0296,0.0153,0.0328,-0.0087,0.0278,-0.0361,-0.0111,-0.0037
310,5370,108,3,standing,0.0136,-0.5547,0.0211,-0.0426,-0.1217,-0.2906,0.1506,0.0234,0.0425,0.0732,0.1313,0.0381,-0.0448,-0.0241,-0.0025,-0.055,-0.0036,-0.0366,2.3192,-0.0542,-0.5544,0.0007,-0.0021,-0.0045,0.4848,0.0081,-0.0039,0.0123,-0.0357,-0.0365,-0.2406,-0.0363,-0.1514,-0.0557,-0.0501,0.013,-0.0075,-0.2224,-0.0013,0.4893,0.0042,-0.0117,-0.0124,0.4343,0.0181,0.0316,0.0126,0.0234,0.0328,-0.0062,0.043,-0.0382,-0.016,0.004
311,5371,108,3,standing,0.0283,-0.6487,-0.0326,-0.0493,-0.1608,-0.5253,-0.3016,-0.1122,0.0761,-0.0096,0.1811,0.0103,-0.0054,-0.0039,0.0048,0.0143,0.0134,0.0246,-0.6827,0.0537,-0.555,-0.0084,0.0053,0.0271,0.6723,0.0272,0.0216,-0.0433,-0.048,0.0143,-0.0683,0.0558,-0.1183,0.0026,0.0535,-0.0077,-0.0049,-0.1992,-0.008,0.444,0.0111,-0.0237,-0.0171,0.4406,0.0216,-0.0062,0.0302,0.0218,0.0218,0.0072,0.0225,-0.0266,-0.0128,-0.0045
313,5373,108,3,standing,0.0001,-0.737,-0.047,-0.044,-0.1797,-0.4596,-0.2115,-0.0105,0.0054,0.0022,0.0261,-0.0046,-0.0366,-0.0026,0.0147,0.0355,0.0258,0.021,-0.2846,-0.0278,-0.555,-0.0123,-0.0018,-0.0075,0.5954,-0.0408,-0.0288,0.0019,-0.0208,0.0226,-0.1524,-0.028,-0.0443,-0.0508,-0.0102,0.0024,-0.0022,-0.2215,-0.0033,0.5258,-0.0089,-0.0111,0.0061,0.5185,0.0212,0.0099,0.0193,0.0161,0.0227,-0.0128,0.0199,-0.0327,-0.0098,0.002
314,5374,108,3,standing,0.0034,-0.5107,-0.0177,-0.1042,-0.2107,-0.6621,-0.2187,0.0131,0.0031,0.0471,0.0435,-0.0366,-0.0331,0.0183,0.0137,0.0423,0.0289,0.0264,1.3285,0.0156,-0.5631,-0.0142,-0.0063,-0.017,0.5695,0.0023,-0.0546,-0.0541,0.0178,0.0047,-0.204,-0.0192,-0.021,0.0082,-0.0283,-0.0054,-0.0046,-0.2163,-0.0055,0.5408,-0.0027,-0.0059,0.0118,-0.1138,0.0153,0.0022,0.0299,0.0073,0.036,0.0002,0.0112,-0.0369,-0.0098,0.0048
315,5375,108,3,standing,0.0047,-0.7837,-0.0127,0.0055,0.042,0.3215,-0.2156,-0.0008,0.0404,0.0252,0.0102,-0.0128,-0.002,0.0031,0.0033,0.022,0.0172,-0.0022,-0.2555,0.0001,-0.5587,-0.006,0.0006,-0.0238,0.6154,-0.0011,-0.0161,-0.0236,0.0015,0.0056,0.0063,-0.0082,-0.0579,-0.0037,0.0087,0.0016,-0.0017,-0.2345,-0.0035,0.5718,-0.003,-0.0095,0.0081,0.153,0.0061,0.0016,0.0293,-0.0153,0.003,0.0027,0.0172,-0.0326,-0.0101,0.0024
318,5378,108,3,standing,0.0061,-0.763,-0.0029,-0.0923,-0.1743,-0.4728,-0.1586,0.0043,0.0036,0.0389,-0.024,-0.005,-0.0436,-0.0066,0.0174,0.0227,0.0147,0.0226,-0.0983,0.0214,-0.5791,-0.007,0.0018,0.0283,0.6173,0.0167,-0.0146,0.0237,-0.0351,-0.0107,-0.0987,-0.0145,-0.03,0.0343,0.0388,0.0206,-0.0075,-0.2382,-0.0096,0.5146,-0.0022,-0.012,0.0062,-0.49,-0.0037,0.0109,0.021,-0.0047,0.0095,0.0148,0.0196,-0.0366,-0.0112,-0.0016
320,5380,108,3,standing,0.0032,-0.6546,-0.023,-0.0956,-0.1669,-0.5358,-0.0731,0.0001,-0.0715,0.0047,0.0378,0.0045,-0.004,0.0032,0.0184,0.013,0.0128,0.0117,0.4488,-0.0121,-0.5476,-0.0039,-0.0024,0.012,0.7271,-0.0136,0.0064,-0.0165,-0.0156,-0.0045,-0.2804,-0.0188,0.033,-0.0223,0.0037,0.0166,0.0001,-0.2283,-0.0055,0.5528,-0.0145,-0.0121,-0.0033,-0.3532,0.0201,0.0112,0.0181,-0.0201,0.0316,0.012,0.0134,-0.0344,-0.0103,0.0002
321,5381,108,3,standing,0.0174,-0.7532,-0.0102,-0.0444,-0.1536,-0.5161,-0.1196,-0.0459,-0.0017,0.0513,0.0092,-0.0132,-0.0197,-0.0007,0.0131,0.0432,0.0153,-0.0017,-0.1006,-0.0026,-0.5481,0.0024,0.0031,0.0415,0.6693,-0.0074,-0.0064,0.0025,0.0163,0.0133,-0.0889,-0.0356,-0.0176,-0.0136,-0.0214,-0.0241,-0.0043,-0.2194,-0.0076,0.5732,-0.0019,-0.0099,-0.0034,0.3927,0.0047,-0.0052,0.0438,0.0043,0.037,0.0153,0.0167,-0.0373,-0.0083,0.0035
322,5382,108,3,standing,0.0272,-0.7505,0.0065,-0.0778,-0.1984,-0.6026,-0.3418,0.024,0.0065,0.1252,0.0069,-0.0221,-0.006,0.0077,0.0075,0.0301,0.0166,-0.0151,0.4671,-0.0347,-0.57,-0.004,-0.0025,0.0009,0.7413,-0.0204,0.0301,-0.0098,0.021,-0.0216,-0.143,-0.0441,0.0251,-0.0071,0.0323,-0.0116,-0.0003,-0.2171,-0.0057,0.4756,0.0031,-0.0151,0.0232,-0.2566,0.0101,-0.0009,0.029,-0.0017,0.0065,0.0111,0.0219,-0.0366,-0.0052,-0.0009
323,5383,108,3,standing,0.0026,-0.4833,-0.0044,-0.0722,-0.1799,-0.6021,-0.1476,-0.0377,0.0268,0.0547,0.0333,0.0016,-0.0377,0.0065,0.0161,0.0271,0.0177,-0.0177,-0.6691,-0.0488,-0.5306,-0.0008,0.0025,-0.011,0.6249,-0.0104,-0.0111,0.0233,0.013,0.0052,-0.2394,-0.0233,-0.0537,-0.0355,-0.011,-0.0052,0.0006,-0.3114,-0.0055,0.5406,0.0011,-0.0174,0.0235,-0.0058,0.0087,0.0255,0.0319,0.0014,0.0058,0.0107,0.012,-0.0311,-0.0089,0.0026
324,5384,108,3,standing,0.0043,-0.5922,-0.0035,0.1145,0.2282,0.7576,-0.3435,0.0124,-0.0347,0.1463,0.001,-0.0186,-0.0294,0.0162,0.0072,0.0176,0.0289,0.012,0.1601,-0.0212,-0.5462,-0.0123,-0.0017,0.0022,0.5495,-0.0108,-0.0528,0.0056,0.0085,0.0143,-0.0648,-0.0342,-0.0617,-0.0335,0.0102,0.012,-0.0042,-0.2261,-0.0078,0.6881,-0.012,-0.007,0.0108,-0.374,0.0121,0.0101,0.0326,0.004,0.0174,0.0021,0.0256,-0.0361,-0.0109,-0.0033
325,5385,108,3,standing,0.0207,-0.753,-0.0522,-0.0544,-0.1584,-0.4478,-0.3362,0.0235,-0.0186,0.1165,-0.1073,0.0502,-0.0528,0.018,0.0242,0.003,0.0362,0.0171,-0.3155,0.0145,-0.562,-0.0025,-0.0113,0.065,0.7254,-0.0611,-0.0417,-0.0263,0.0068,0.0161,0.0287,-0.0025,-0.1284,-0.0443,-0.0114,-0.0343,-0.0066,-0.3443,0.0013,0.5475,-0.0142,-0.0059,-0.0207,0.4245,-0.0108,0.0128,0.0368,0.0343,0.0168,-0.0147,0.0177,-0.027,-0.0032,0.0013
326,5386,108,3,standing,0.0043,-0.7638,-0.025,0.0485,0.0927,0.57,-0.332,-0.0523,0.0136,-0.0812,0.0076,-0.0572,-0.0431,-0.0224,0.001,0.0248,0.0146,0.0144,-0.0039,-0.024,-0.5893,0.0019,0.0011,-0.03,0.5593,-0.014,-0.0022,0.0237,0.0104,0.0062,-0.1302,-0.0546,0.0077,-0.0331,-0.0266,-0.0305,0.0004,-0.2181,-0.0091,0.5331,-0.0148,-0.0128,0.0054,0.4872,-0.003,-0.0013,0.0286,-0.0047,0.0322,0.0164,0.0168,-0.0359,-0.0131,0.0043
327,5387,108,3,standing,0.0072,-0.4953,-0.0024,-0.1676,-0.2525,-0.6792,-0.4784,0.0047,-0.0118,0.0438,0.0372,-0.0373,-0.0338,-0.0106,0.0165,0.0128,0.0094,-0.0007,-0.4778,0.0132,-0.5492,-0.0052,0.0035,-0.0173,0.7194,0.0126,-0.0467,-0.0013,-0.014,-0.0084,-0.1871,0.0084,-0.0011,-0.035,-0.0076,0.0051,-0.0014,-0.2648,-0.0051,0.4164,-0.0085,-0.013,0.0023,-0.176,0.0211,0.0088,0.0192,0.0283,0.0323,0.006,0.0159,-0.037,-0.0096,0.0026
328,5388,108,3,standing,0.0482,-0.4937,-0.074,-0.0352,-0.0997,-0.5751,-0.3012,0.0783,-0.27,-0.4184,-0.2443,-0.2426,-0.0116,-0.0709,0.0444,0.1149,0.0287,-0.1614,-0.1153,0.0583,-0.5896,-0.0042,-0.0427,-0.0238,0.628,0.0277,0.161,-0.1155,-0.0481,0.1154,0.0477,-0.1114,-0.0567,-0.0456,-0.1005,-0.038,-0.0044,-0.2374,-0.0071,0.7003,-0.0026,-0.0212,0.0343,0.425,0.0447,-0.0532,0.0653,0.0634,-0.0358,-0.0215,0.0165,-0.034,-0.0124,0.0126
329,5389,108,3,standing,0.0007,-0.5833,-0.0206,-0.0271,-0.0497,-0.5672,0.1867,0.0473,0.006,0.0173,0.0351,0.0263,-0.0308,0.0019,0.0058,0.024,0.0184,0.0084,-1.5339,0.0009,-0.5932,-0.0104,-0.003,-0.0094,0.5128,-0.0381,0.0004,-0.0211,0.0168,0.0118,-0.0603,0.0018,-0.0621,-0.0255,-0.0075,0.0263,0.0017,-0.2186,-0.0052,0.5404,0.0048,-0.0149,-0.0092,0.1992,-0.0033,-0.0033,0.025,-0.022,0.0074,0.0017,0.0161,-0.0334,-0.0057,0.0036
330,5390,108,3,standing,0.0144,-0.5294,-0.016,-0.1117,-0.098,0.5161,-0.3623,-0.0375,0.0624,0.1046,0.011,-0.0063,-0.0208,-0.014,0.0121,0.0471,0.035,0.0054,2.7334,0.0021,-0.5487,-0.001,0.0032,-0.0166,0.4317,0.0337,0.0108,-0.0096,-0.0314,0.0121,-0.0392,0.0037,-0.0151,0.0036,-0.0137,0.0136,0.0014,-0.3282,-0.0055,0.6039,-0.0087,-0.0071,0.0033,0.2997,-0.0089,-0.0005,0.0463,0.0186,0.0017,0.0066,0.0171,-0.0367,-0.0054,0.0041
331,5391,108,3,standing,0.0278,-0.4759,-0.0164,-0.0496,-0.118,-0.2675,-0.396,0.0142,0.168,0.1455,0.0438,0.0057,-0.0479,0.0033,0.0172,0.056,0.0013,0.0011,-0.4791,0.0325,-0.5509,-0.0058,-0.0023,-0.0133,0.5141,0.0003,0.0304,-0.0038,-0.0056,-0.0044,-0.068,0.0337,-0.0292,0.034,-0.0225,0.0253,-0.0017,-0.2226,-0.0076,0.593,-0.0102,-0.0073,-0.0074,0.451,0.0053,0.0138,0.0189,-0.0069,0.0174,0.0006,0.0214,-0.0353,-0.0075,0.0069
332,5392,108,3,standing,0.0002,-0.569,-0.0045,-0.0235,-0.2284,-0.4834,-0.3677,-0.0213,0.0145,0.0153,0.0212,0.0182,-0.0143,0.0006,0.0117,0.0253,0.0309,0.0052,1.1392,-0.0055,-0.5621,-0.001,0.0012,-0.027,0.7074,0.038,0.0357,0.0051,-0.0034,0.0065,-0.1801,-0.0213,-0.0754,-0.0433,-0.0164,-0.0053,0.0009,-0.2167,-0.0073,0.6276,0.0048,-0.0165,0.0052,-0.0597,0.0091,0.0157,0.0313,-0.0005,0.0182,0.0047,0.0317,-0.0363,-0.0099,0.0039
333,5393,108,3,standing,0.0185,-0.6757,-0.047,-0.1084,-0.1606,-0.5341,-0.3317,-0.0097,0.0551,0.0236,-0.103,-0.0176,-0.0137,-0.0009,0.0213,0.0099,0.0144,0.0006,0.6087,0.0311,-0.5494,0.0019,0.0009,-0.0186,0.7801,0.0207,0.0206,0.008,0.021,0.0322,-0.1203,-0.0155,-0.0405,-0.0216,0.0364,0.0014,-0.0033,-0.248,-0.0062,0.5553,0.0002,-0.0145,-0.0063,-0.1644,0.0047,0.0053,0.0269,0.0286,0.0136,0.0074,0.0121,-0.029,-0.014,-0.0003
334,5394,108,3,standing,0.0001,-0.4478,0.013,-0.1061,-0.2145,-0.4948,-0.1704,0.0065,0.0017,0.0182,0.0171,-0.0032,-0.0321,0.0029,0.016,0.0368,0.0234,-0.0367,1.2247,0.0211,-0.5406,-0.005,0.0038,-0.0178,0.7105,-0.0135,-0.0046,0.0354,-0.0271,0.0125,-0.1928,-0.0294,-0.0528,-0.0289,-0.0352,0.013,-0.0031,-0.2471,-0.0045,0.5522,-0.0102,-0.0122,-0.0049,-0.1577,0.0102,0.0014,0.0346,-0.001,0.0184,0.0178,0.0227,-0.036,-0.0083,0.0049
336,5396,108,3,standing,0.0026,-0.4377,-0.0173,0.0238,-0.128,-0.4404,-0.2004,0.0232,0.0258,0.0681,0.0039,-0.0033,-0.009,-0.0056,0.0243,0.0401,0.0336,-0.0012,0.1855,-0.0151,-0.5831,-0.0019,-0.0025,-0.0277,0.6533,0.0346,0.0058,-0.0382,-0.0104,-0.0092,-0.2059,-0.0024,-0.0244,-0.0155,-0.0186,0.0071,-0.0022,-0.3475,-0.009,0.6224,-0.0013,-0.0188,0.0038,0.2357,0.0122,0.0262,0.0073,-0.0079,0.019,0.02,0.0267,-0.0351,-0.0085,0.006
337,5397,108,3,standing,0.0026,-0.6556,0.0166,-0.1584,-0.43,-1.1499,-0.1126,0.0165,0.0048,0.0549,0.0075,-0.0114,-0.0455,0.0025,0.0052,0.0184,0.0267,0.0227,-0.1864,0.0003,-0.5707,-0.0108,0.0023,0.0258,0.6977,-0.0281,0.0122,0.0148,-0.02,0.0122,-0.2685,-0.0092,-0.0022,0.0003,0.0042,0.0061,-0.0024,-0.2168,-0.0045,0.6814,-0.004,-0.0166,-0.0029,-0.0787,-0.0034,-0.0076,0.0251,0.0152,0.0263,-0.0102,0.0202,-0.0384,-0.0079,0.0014
338,5398,108,3,standing,0.0174,-0.4758,-0.0133,0.016,0.0325,0.0872,-0.4986,-0.0206,0.0012,0.0371,0.007,-0.0282,-0.0135,0.0127,0.0173,0.0306,0.0161,0.003,0.1119,-0.0148,-0.5668,0.0042,-0.0022,-0.0255,0.6852,-0.0035,-0.0152,-0.0016,-0.0078,0.0148,-0.1461,-0.0341,-0.0632,-0.0255,-0.0247,-0.0007,-0.0006,-0.3368,-0.0066,0.4974,-0.0146,-0.0109,0.013,0.4108,0.011,-0.0009,0.0213,-0.0146,0.0099,-0.0051,0.0283,-0.0327,-0.0115,0.006
339,5399,108,3,standing,0.0042,-0.5881,-0.0227,-0.122,-0.1692,-0.4734,-0.4003,-0.0031,-0.0273,0.0025,0.036,-0.0362,-0.0356,-0.0067,0.0201,0.028,0.0334,0.0062,1.5445,0.0327,-0.5753,-0.0002,-0.0007,-0.0116,0.6326,0.0042,0.0233,0.0114,0.0148,-0.0102,-0.1562,0.0161,-0.0715,-0.0565,-0.0264,0.0376,-0.0018,-0.2433,-0.006,0.5436,-0.0094,-0.0104,-0.015,0.4586,0.0102,-0.0047,0.0358,0.027,0.0234,-0.0058,0.0132,-0.0367,-0.0113,0.0069
340,5400,108,3,standing,0.0227,-0.5172,-0.0021,0.0117,0.0641,0.1401,-0.1317,0.0007,0.0048,0.024,-0.0261,0.0251,-0.0322,-0.0058,0.0147,0.0178,0.0242,-0.0214,-0.4136,-0.0011,-0.5784,-0.0026,-0.0011,0.0047,0.7324,0.0058,0.0135,-0.0036,-0.0202,0.0248,-0.1676,-0.0304,-0.0064,-0.0012,-0.0225,-0.0037,0.0003,-0.2317,-0.0046,0.59,-0.0109,-0.0078,0.0183,0.4661,0.0096,0.0042,0.026,0.0078,0.0386,0.0168,0.0362,-0.0345,-0.0141,0.0027
342,5402,108,3,standing,0.0035,-0.5349,-0.0135,-0.091,-0.2129,-0.3248,-0.3565,-0.0046,-0.023,0.1585,-0.0071,0.048,-0.008,0.0171,0.0364,0.0093,0.0317,0.0226,0.7788,-0.0487,-0.5454,-0.0018,0.002,0.0283,0.7104,0.03,0.0072,-0.048,0.0117,-0.0133,-0.2794,-0.0307,-0.1256,-0.0705,0.0143,-0.0088,-0.0036,-0.3473,-0.0096,0.6099,-0.0136,-0.0102,0.0089,0.4902,0.0083,0.018,0.0333,0.024,0.0193,-0.0079,0.0111,-0.0369,-0.0098,-0.0036
343,5403,108,3,standing,0.0355,-0.6032,0.0317,-0.0726,-0.2648,-0.7654,0.0119,0.0426,0.0805,0.0226,-0.0576,0.0035,-0.0295,-0.0056,0.02,0.027,0.0136,0.0013,0.7112,0.0172,-0.5793,-0.0069,-0.0121,-0.0257,0.525,-0.0187,0.0081,-0.055,0.0256,-0.0168,-0.1431,0.002,-0.0506,-0.0093,0.0032,0.0123,-0.0016,-0.33,-0.0083,0.6287,-0.0127,-0.0056,-0.01,0.4494,-0.0036,0.0039,0.0256,-0.0124,0.0127,-0.0002,0.0229,-0.0387,-0.0106,0.0026
344,5404,108,3,standing,0.0025,-0.5607,-0.0138,-0.1086,-0.2046,-0.6216,0.2601,0.0073,-0.0483,-0.053,0.0431,0.0303,-0.0226,-0.0053,-0.007,-0.0542,0.0014,0.0362,1.164,0.0027,-0.5569,-0.0003,0.0008,-0.0641,0.6804,-0.0443,0.011,0.016,0.0009,0.0053,-0.188,-0.0082,-0.1318,0.0065,0.0184,0.0372,-0.0065,-0.2198,-0.0078,0.5603,-0.0093,-0.0228,-0.0116,0.2797,-0.001,0.0057,-0.011,0.0004,0.0155,0.0151,0.0148,-0.0368,-0.0156,-0.0051
346,5406,108,3,standing,0.0125,-0.5266,0.0003,-0.082,-0.1868,-0.4398,0.0954,-0.0108,-0.1142,-0.0447,0.0074,-0.0218,-0.0694,0.0167,0.0346,0.056,0.0378,-0.1031,0.062,0.0177,-0.5804,0.0066,0.0013,0.0232,0.7027,0.0014,-0.0103,-0.0181,-0.0174,-0.0316,-0.0962,-0.0466,-0.0384,-0.0317,0.0312,0.0422,-0.0044,-0.3046,-0.0033,0.7542,-0.007,-0.0178,0.012,0.4892,-0.0077,-0.0032,0.0115,-0.035,0.0473,0.0104,0.0366,-0.0462,-0.0146,0.0007
347,5407,108,3,standing,0.0145,-0.5482,-0.0047,-0.0475,-0.126,-0.2856,0.096,0.0101,0.0477,-0.0217,0.0665,0.0004,-0.0436,0.0261,0.007,0.0487,0.0041,0.0158,1.1626,0.0028,-0.5846,-0.0104,0.0017,-0.0018,0.6857,-0.0022,0.0146,-0.018,-0.0265,-0.0009,0.1256,0.0083,0.0688,-0.0264,0.0101,-0.0168,-0.001,-0.2328,-0.0024,0.5907,-0.0173,-0.0097,0.0026,0.333,0.0084,-0.008,0.0197,0.013,0.0169,-0.0089,0.0244,-0.0348,-0.0112,0.0024
351,5411,108,3,standing,0.0107,-0.5754,-0.0132,0.0652,0.1672,0.5344,-0.3681,0.0003,-0.0174,-0.1809,0.0305,0.013,-0.0663,0.0202,0.0091,0.012,0.043,0.0064,-0.2681,0.015,-0.5763,-0.0059,-0.0034,-0.0656,0.7745,0.0162,-0.0151,-0.0086,-0.004,0.0021,-0.1187,-0.0239,-0.0265,0.0087,-0.0181,0.0041,-0.0035,-0.2561,-0.0054,0.4647,-0.001,-0.0099,-0.0223,0.4352,-0.0138,-0.0165,0.0053,-0.0078,-0.0205,0.004,0.033,-0.0313,-0.0112,0.0073
353,5413,108,3,standing,0.045,-0.5769,-0.0119,-0.1588,-0.1506,-0.4264,-0.2598,-0.1385,-0.078,-0.1265,-0.0071,0.0348,-0.0264,0.0125,0.0488,0.0165,0.0039,0.0223,0.211,0.0039,-0.5699,-0.0062,0.0003,0.0188,0.6532,0.0465,0.067,0.0422,-0.0281,0.016,0.148,-0.042,-0.1016,0.0054,0.0435,0.0368,-0.0045,-0.2398,-0.0155,0.602,-0.0144,-0.0146,-0.0046,-0.2788,0.0218,-0.0057,0.0062,-0.007,0.0302,0.0183,0.0142,-0.0326,-0.0086,0.0043
354,5414,108,3,standing,0.0009,-0.5338,0.0018,0.0212,0.1638,0.4926,-0.2383,-0.0305,-0.072,0.028,0.0451,-0.0028,-0.0168,-0.0014,0.0143,0.016,0.0358,-0.0245,-0.4854,-0.0121,-0.5692,-0.0084,-0.0161,-0.042,0.712,-0.0025,0.0235,0.0023,0.0316,-0.017,-0.1655,-0.0068,-0.0345,-0.0158,-0.0306,-0.0217,0.0023,-0.2168,-0.0045,0.4294,-0.0041,-0.0053,0.0177,1.0521,0.0015,0.0051,0.0324,0.0011,0.0174,0.0126,0.026,-0.038,-0.0108,0.0066
355,5415,108,3,standing,0.0413,-0.6647,0.001,-0.0707,-0.1798,-0.4555,-0.3245,-0.0248,0.0667,0.005,0.0615,-0.1337,-0.0802,-0.0045,0.0029,0.065,0.0274,0.0274,0.7831,0.0034,-0.5767,-0.015,-0.0012,-0.1156,0.7224,0.0432,-0.0869,0.0603,-0.0014,-0.0232,0.1179,0.0571,0.0863,0.0543,0.0513,-0.057,0.0011,-0.2434,-0.0065,0.4507,-0.0063,-0.0112,-0.0159,0.3215,-0.0062,-0.0162,0.0069,-0.031,0.0437,0.0026,0.0059,-0.0352,-0.0138,0.0031
356,5416,108,3,standing,0.0057,-0.5972,-0.0224,-0.0123,-0.2003,-0.5673,-0.0829,0.0057,0.0088,0.0532,-0.0243,-0.0046,-0.0133,-0.0049,0.0056,0.0148,0.034,0.0332,1.4267,0.0105,-0.5976,0.0044,-0.006,-0.0046,0.7541,-0.0036,0.042,-0.0277,0.0077,-0.0125,0.0154,0.001,-0.0267,0.043,0.0265,0.0215,-0.0036,-0.2283,-0.0043,0.7049,0.0024,-0.0171,0.0237,-0.4183,0.0083,-0.0038,0.0213,-0.0277,0.0058,0.0098,0.0343,-0.0363,-0.0111,0.0058
359,5419,108,3,standing,0.0067,-0.5961,-0.0013,-0.0806,-0.2139,-0.3734,-0.1703,0.018,-0.0087,0.0193,0.0268,-0.0146,-0.0358,-0.0016,0.0201,0.0318,0.0387,0.0132,0.3457,-0.0264,-0.5713,-0.0124,-0.0104,0.028,0.7641,0.0092,0.0113,-0.0054,0.0023,-0.0107,-0.1973,-0.0052,-0.0265,-0.0178,0.0082,0.017,-0.0021,-0.2674,-0.0073,0.7182,-0.0134,-0.0087,-0.0037,0.275,0.0013,-0.0009,0.0153,0.0123,0.0237,-0.006,0.0197,-0.0361,-0.0104,0.0008
360,5420,108,3,standing,0.0073,-0.6021,-0.0231,0.0751,-0.1785,-0.4854,-0.2853,0.0153,-0.0091,0.1548,0.0015,0.0162,-0.041,0.0069,0.0267,0.0425,0.0144,0.033,0.4681,0.0222,-0.5974,-0.0015,-0.0042,0.0204,0.6745,-0.0223,0.0236,-0.0029,-0.0254,-0.0253,-0.2664,-0.0245,-0.0657,-0.0098,0.0217,0.0139,-0.0056,-0.371,-0.0031,0.537,0.0037,-0.0106,0.0146,0.4632,0.0288,-0.0064,0.0275,-0.0071,0.014,0.0072,0.0336,-0.0325,-0.0113,0.0022
362,5422,108,4,walking,0.074,-1.267,0.0059,-0.1182,-0.2172,-0.5694,-0.8952,0.1881,0.3471,-0.3109,0.0643,0.2658,0.0352,-0.2537,0.0327,-1.8527,2.2426,0.0264,0.4123,-0.0706,-0.6072,0.0612,-0.0022,-0.2741,0.4372,1.4054,-0.0285,-0.2389,-0.1801,-0.1143,0.6445,0.0537,1.3788,-0.0197,-0.1248,0.1202,-2.573,0.3722,2.101,0.171,-0.0108,0.0162,-0.1871,0.3781,-0.0277,-0.3405,1.4998,2.0136,-1.3442,-0.1004,-0.0818,-2.6912,-0.0817,0.0664
366,5426,108,4,walking,0.0545,-1.2643,-0.1131,-0.1209,-0.0657,-0.5677,-0.9634,-0.1237,-0.2006,1.3877,1.1217,-0.3481,-0.2699,0.027,-0.1562,-1.7573,-0.8684,-0.0276,0.6834,-0.1043,-0.6089,-0.018,-0.0055,-0.7436,0.4662,-0.5134,-0.0504,0.0223,-0.0651,-0.061,1.3034,-0.1775,0.543,-0.0266,0.0817,-0.0147,-0.9433,0.4085,-2.0221,0.2626,-0.2363,-0.1724,0.0457,0.3254,0.0668,-0.1614,-2.6759,2.3073,0.6174,0.2116,-0.1849,1.9034,0.3636,-0.1127
367,5427,108,4,walking,0.0084,-1.0644,-0.0044,-0.0859,-0.1284,-0.5006,-0.7953,-0.1805,-0.0423,-0.766,1.6345,0.0474,0.004,-0.0783,0.0224,-1.4062,1.8007,0.0576,0.5758,-0.1041,-0.5695,-0.0202,0.017,0.5118,0.5647,0.4011,0.0509,0.1514,0.1411,-0.2233,0.2162,-0.1387,0.3473,0.1554,0.0654,0.0713,-0.0472,0.2503,-0.1703,0.2592,0.1035,-0.1072,0.1526,0.4287,0.0212,0.1212,1.1411,-2.377,1.7509,0.0833,0.0053,0.7419,0.1651,0.0703
368,5428,108,4,walking,0.2081,-1.2261,-0.057,0.1315,-0.1457,-0.5597,-0.9289,0.0089,-1.0532,1.7888,2.1587,0.0143,0.08,0.0057,-0.2261,0.375,-0.2475,0.0414,0.6246,0.1878,-0.5481,0.1228,0.013,-0.4075,0.4004,-1.6033,0.254,0.1367,0.1266,0.0411,-0.5049,0.005,-1.3567,0.2045,0.1016,0.1544,0.4314,0.46,-2.0712,0.0856,0.0156,-0.002,0.0455,0.3609,0.0337,-0.0201,-1.3103,-2.3579,-0.3069,-0.1783,0.1584,1.7787,0.1606,0.4668
370,5430,108,4,walking,0.1176,-1.0106,-0.0279,-0.1034,-0.1689,-0.5326,-0.7778,0.0173,0.2767,0.7472,1.4384,0.5462,-0.3113,-0.0737,0.0574,1.4322,-0.6207,0.0784,0.1894,0.0544,-0.6138,0.034,-0.1024,1.177,0.4104,0.6633,-0.3835,-0.1567,-0.056,0.1665,0.2532,0.1321,-1.0512,0.1767,0.0394,0.144,0.4763,0.2643,-1.2207,0.1484,-0.1173,-0.057,0.173,0.347,0.1253,0.1786,-0.8053,2.281,-1.6066,0.1354,-0.1877,-0.9266,-0.1189,-0.1356
372,5432,108,4,walking,0.1537,-1.1779,-0.2166,-0.0597,-0.2296,-0.6676,-0.8591,-0.0379,0.3264,-2.323,-0.909,-0.3207,-0.1807,-0.0257,-0.0264,2.2183,0.5096,-0.0487,0.4203,-0.0057,-0.6823,0.0504,0.0803,-1.4497,0.4731,-1.4442,-0.3873,-0.2286,-0.0819,-0.0277,0.3105,-0.2539,-1.5541,-0.1416,0.0206,-0.0268,2.3903,0.6234,2.1795,0.1433,0.017,-0.1425,-0.1376,0.3378,-0.1472,0.0234,2.1339,0.751,-1.1716,-0.1686,-0.0907,0.8107,0.543,0.016
376,5436,108,4,walking,0.1608,-1.4403,0.0684,0.1032,-0.1711,-0.5241,-0.9122,0.3164,-0.6653,-1.438,0.5025,-1.4256,-0.1744,-0.2451,-0.0104,0.3454,2.0727,-0.0563,0.58,0.2226,-0.6469,-0.0091,0.0377,-0.7354,0.4374,1.1559,0.2535,-0.0017,0.0036,-0.2152,1.7101,-0.2223,-1.2838,-0.1605,-0.1715,0.1667,0.8419,0.4106,-2.4603,0.0405,-0.2454,-0.0849,0.0444,0.4599,-0.13,-0.0893,-2.4622,-1.5495,1.1881,-0.0168,0.3141,-0.6923,-0.4982,0.4842
377,5437,108,4,walking,0.0078,-1.4038,-0.1061,-0.1411,-0.1876,-0.5258,-0.9916,-0.0155,0.0025,1.1587,0.0744,-0.0739,-0.1807,-0.0157,0.0553,-0.0826,-0.0149,-0.0244,0.2317,-0.0343,-0.6441,0.0147,0.0167,-0.0556,0.5217,0.0766,-0.078,0.0462,0.0062,-0.1275,-0.3087,-0.025,0.1427,-0.0482,-0.0094,0.0302,1.7318,0.3609,1.8305,0.0901,-0.0129,0.012,-0.01,0.3408,0.0311,0.0375,-0.7307,-1.6632,-0.0246,-0.024,0.0257,0.0005,0.0151,-0.0226
378,5438,108,4,walking,0.1638,-1.3301,-0.0096,-0.0506,-0.2137,-0.6153,-0.8771,0.083,-1.0344,-0.5109,0.4704,-1.1136,-0.4438,-0.1562,-0.1709,-0.2717,-2.1799,-0.1005,0.3772,-0.2731,-0.5918,0.028,-0.0762,1.8389,0.4064,1.2727,-0.2844,-0.1205,0.026,0.0482,1.7228,0.1423,0.9341,0.1646,0.0288,-0.0266,1.243,0.437,-2.462,0.0901,0.0353,-0.0335,0.2277,0.533,0.1005,-0.0148,2.2641,2.1223,1.6766,-0.0784,-0.0474,-2.1015,0.6555,0.0236
379,5439,108,4,walking,0.1557,-1.2243,0.0126,-0.0625,-0.1464,-0.5259,-0.954,0.0851,0.5882,1.677,0.8272,2.3384,0.0302,0.457,0.2824,-0.5901,-1.031,-0.0051,0.4861,0.0614,-0.6488,-0.063,0.0717,1.5567,0.51,-0.7098,0.108,0.1411,0.0089,0.0275,-0.7436,0.0686,-0.3199,-0.0825,-0.142,-0.0354,0.7206,0.4604,-1.3965,0.0719,-0.0567,-0.0277,-0.1573,0.3453,0.0568,0.2438,-2.5641,-1.2771,1.575,-0.1588,0.0135,1.9459,0.0826,-0.5286
380,5440,108,4,walking,0.1584,-1.5724,0.0472,0.0472,0.0966,0.5547,-0.9502,0.0661,0.0524,1.2789,0.6672,0.4053,0.2502,-0.3879,0.0394,-0.5707,0.6666,0.0025,0.2351,-0.2534,-0.7159,-0.0843,-0.005,1.4634,0.4131,-1.418,-0.2455,-0.0471,0.0581,0.1051,0.1881,-0.0568,-0.6938,0.0681,0.0227,0.0744,1.2534,0.3887,-0.743,0.0583,0.0402,-0.006,0.031,0.2731,-0.1087,0.0114,2.3744,1.7189,-0.2086,0.1219,0.0795,1.8115,0.1258,-0.086
385,5445,108,4,walking,0.1634,-1.0184,0.0883,-0.0828,-0.184,-0.5261,-0.8643,0.2649,0.3236,0.8431,-0.9485,-0.0368,0.0818,0.117,-0.2436,-1.4704,-1.118,-0.0467,0.3506,0.1808,-0.5861,-0.0212,0.0688,-1.2176,0.4456,0.2037,0.3146,-0.2337,0.0179,0.0019,1.679,-0.0765,-0.8311,0.0582,0.1114,0.0226,-1.5678,0.2781,2.2812,0.1177,0.0583,0.123,-0.0537,0.3833,0.3746,-0.2843,-2.6484,0.3746,-0.0502,0.0715,-0.0011,1.7521,0.4846,-0.3065
387,5447,108,4,walking,0.0014,-1.3748,-0.1225,-0.0331,-0.207,-0.5885,-0.9942,-0.0143,-0.0634,1.5109,-2.044,0.0228,-0.0409,-0.1786,0.0582,1.6449,0.5847,-0.1183,0.6113,-0.0352,-0.7564,-0.0164,-0.0016,-1.7664,0.4845,0.5351,-0.0124,-0.0239,0.0778,-0.0726,1.43,0.0477,-1.78,-0.0128,0.147,-0.0223,-2.2277,0.4312,2.0847,0.1838,0.1422,0.1343,0.2134,0.6359,0.0326,-0.0223,1.3281,2.0803,-0.1737,0.0655,0.2174,0.0285,-0.1631,-0.235
388,5448,108,4,walking,0.1486,-1.0863,-0.1345,-0.1814,-0.1152,-0.51,-0.8846,0.1066,0.6221,-0.2103,0.2137,0.102,-0.0674,-0.0109,0.108,1.1586,-1.3144,-0.2545,0.3021,0.0879,-0.6714,0.0326,0.0188,-0.0469,0.526,-0.1368,-0.2153,-0.0336,0.0431,0.1655,0.7666,-0.0616,1.7357,-0.2438,-0.368,-0.1267,-2.3934,0.3804,-1.5381,0.0537,0.0621,0.0258,0.2244,0.3809,-0.1817,-0.3688,-1.958,-0.3005,-0.7244,-0.1808,-0.1246,-2.0678,0.2426,0.2792
389,5449,108,4,walking,0.0312,-1.289,0.1738,-0.0751,-0.2378,-0.5494,-0.7872,0.186,0.1305,0.4266,0.2773,0.0177,-0.0771,0.1434,0.2856,0.4123,-2.1197,0.1074,0.0382,-0.1834,-0.5829,-0.0234,-0.0097,0.6458,0.5026,0.3627,0.0539,-0.0874,-0.1853,0.0845,0.0576,-0.1713,-1.313,0.0462,-0.121,0.0277,2.1738,0.4644,0.4643,0.1376,0.0573,0.0533,-0.0725,0.4005,-0.0523,0.2342,-2.6109,1.4911,-0.1664,-0.2073,-0.1391,-0.01,0.2032,-0.1374
390,5450,108,4,walking,0.0048,-1.2102,-0.1533,-0.0365,-0.2091,-0.5629,-0.7388,0.0416,-0.4169,-0.8286,-1.0042,-1.2678,-0.2345,-0.2533,-0.0586,-2.657,-0.6994,0.1108,0.374,-0.0552,-0.6009,0.0427,0.0171,0.039,0.4759,0.4428,-0.2703,0.1051,-0.0217,-0.1862,-0.7127,-0.1033,-1.3473,-0.1863,0.15,-0.2776,0.6472,0.5332,-0.8146,0.1212,0.0464,0.1218,-0.2378,0.412,0.0728,-0.0601,0.0189,-2.6216,-0.0316,0.2435,0.073,2.2398,0.483,-0.3051
391,5451,108,4,walking,0.0624,-1.112,-0.1122,-0.1302,-0.0635,-0.5448,-0.9372,0.2541,0.6016,-1.348,-0.2263,-2.5406,0.03,-0.113,0.2634,0.3561,0.1262,-0.0071,0.2844,0.1551,-0.6584,0.0503,0.0042,-1.4024,0.44,2.2847,-0.1471,-0.114,-0.0839,0.1277,1.6716,0.1357,0.3024,0.0335,-0.126,-0.0581,-1.4124,0.3169,1.0745,0.0771,0.0268,-0.0886,-0.0073,0.4182,-0.1076,0.2301,0.6091,0.6833,-1.4803,-0.0884,-0.0432,-2.3761,0.0177,0.1807
393,5453,108,4,walking,0.121,-1.315,0.1008,-0.0977,-0.1878,-0.5673,-0.7712,0.1233,-0.2001,-0.6178,-2.1477,-0.5676,0.2462,0.2773,-0.5752,2.2502,0.9003,-0.0162,0.3388,0.0106,-0.5921,-0.1411,-0.046,-1.1634,0.4528,-0.2043,-0.0153,-0.1132,0.0084,-0.1578,-0.1482,0.042,1.5217,-0.1718,-0.106,-0.0442,0.0185,0.377,-0.2714,0.0721,-0.038,-0.123,0.0332,0.4098,-0.0471,-0.3729,1.069,0.5628,-0.7285,-0.1538,0.0418,-0.182,-0.0366,0.0366
395,5455,108,4,walking,0.1484,-1.1764,-0.0486,-0.0607,-0.1436,-0.473,-0.9591,-0.0316,-0.2847,-1.1493,2.064,-0.6233,-0.0889,-0.1769,0.1229,0.2306,2.0663,0.1721,0.4094,0.0409,-0.6283,0.0112,-0.0186,-0.5776,0.444,0.2888,0.0374,-0.0283,-0.2503,-0.0613,-1.1103,-0.1318,0.8615,0.101,-0.0189,0.1703,1.2092,0.4327,-1.7378,0.1201,0.0161,-0.1067,0.0243,0.3627,-0.0601,-0.0247,-2.1241,0.9171,0.7135,-0.0505,0.037,-2.0201,-0.1095,0.0847
397,5457,108,4,walking,0.0724,-1.3502,0.1254,0.045,-0.2044,-0.6513,-0.8687,0.0881,0.5294,-0.7027,2.0119,-1.6605,-0.5285,0.0169,0.0642,-2.1482,-0.8346,0.0348,0.329,0.1456,-0.6773,0.0507,-0.1217,0.8127,0.5078,1.3616,-0.0054,0.0223,-0.0094,-0.0367,1.4731,0.227,1.0631,0.1217,-0.0201,-0.0428,2.2077,0.3883,-0.3412,0.2776,0.0886,0.058,-0.0031,0.4277,-0.0481,-0.0152,1.612,-1.818,-1.3221,-0.1682,0.3155,-2.3929,-0.1924,-0.0683
398,5458,108,4,walking,0.0822,-1.2676,-0.0718,-0.0664,-0.1807,-0.4895,-0.9727,-0.1631,-0.4814,1.7038,-1.5078,0.8347,0.057,0.0728,-0.1682,1.385,2.0595,0.1568,0.6307,-0.0133,-0.6486,0.0357,0.0481,-1.8005,0.5612,0.013,0.0178,-0.0165,0.0163,0.0766,0.337,-0.0279,0.0708,-0.1842,-0.041,-0.017,-2.0189,0.2587,-2.1315,0.0989,-0.062,0.1246,-0.0548,0.4122,0.0621,-0.0376,0.1146,-1.5369,-0.0384,-0.1165,0.0692,-0.921,-0.338,0.1632
401,5461,108,4,walking,0.0522,-1.3075,0.0712,-0.1089,-0.3036,-0.4242,-0.599,0.1666,-0.5468,0.6282,1.6018,1.7246,0.0572,0.0674,0.1242,0.9505,-1.3748,-0.2018,0.345,-0.0699,-0.5682,-0.0113,-0.0433,-1.2366,0.3846,-1.5249,0.1342,-0.1416,0.0603,-0.258,-0.2089,0.2034,-1.6538,-0.0405,0.0674,-0.2676,2.521,0.3341,-1.589,0.1645,-0.2163,-0.1514,-0.0799,0.3343,-0.0432,-0.2728,-1.8522,0.3304,0.3302,0.3166,-0.1074,2.5627,-0.5144,0.1275
402,5462,108,4,walking,0.0377,-1.3697,-0.117,-0.0583,-0.2387,-0.4798,-0.685,0.0132,0.2344,1.2882,0.9656,1.5542,0.0371,-0.1081,-0.3287,-2.0612,-0.4814,-0.024,0.4243,-0.0451,-0.5496,0.0308,0.0056,1.8307,0.34,2.5113,-0.2406,-0.182,-0.0346,0.0807,0.1578,-0.1309,-1.2214,-0.2653,-0.1631,0.0157,2.7147,0.342,-0.9841,0.0296,-0.0246,-0.0064,-0.1827,0.4889,0.1763,0.1455,1.9807,-2.0111,-0.8788,0.1645,0.0621,0.4066,-0.5735,0.228
403,5463,108,4,walking,0.0538,-1.3065,0.0774,-0.1602,-0.1637,-0.4385,-0.7985,-0.1723,-0.2464,-2.1128,0.3727,-1.0074,0.0128,0.1861,0.2126,-0.896,0.7884,0.0022,0.2869,-0.0111,-0.5955,0.0105,0.0504,-0.2149,0.4806,-1.7334,-0.1714,0.2706,-0.2876,-0.2727,-0.2686,-0.1031,1.6326,-0.0166,-0.0348,-0.0187,-2.4143,0.2255,-1.818,0.0756,-0.2633,0.176,0.0065,0.3471,-0.2121,-0.0553,-0.911,-0.902,-1.4214,-0.066,-0.4501,0.714,-0.5506,-0.013
404,5464,108,4,walking,0.0044,-1.0088,0.042,-0.0607,-0.2555,-0.5343,-0.5944,-0.0286,-0.181,-1.8172,1.2369,0.0858,-0.0922,0.0074,-0.0254,1.0714,-1.0504,-0.0164,0.3719,-0.0637,-0.534,-0.061,-0.0516,-1.1773,0.5084,0.1755,-0.1605,0.0303,0.0754,-0.0587,1.1761,0.0514,-0.4019,0.0825,0.0841,-0.0157,0.0141,0.4586,-1.876,0.0667,-0.0387,0.0035,-0.0248,0.3384,-0.071,-0.0781,1.4908,0.9187,1.3706,-0.0287,-0.1162,1.9317,0.0618,0.0422
405,5465,108,4,walking,0.0028,-1.1703,0.1554,-0.0663,-0.2569,-0.4572,-0.9857,-0.024,0.0213,0.0552,0.0773,-0.0165,0.0086,-0.0503,0.0286,-0.0762,-0.0728,0.0383,0.5306,0.0526,-0.6047,0.0007,-0.0231,0.1608,0.4275,0.2543,0.0626,-0.002,0.0081,0.0322,-0.1776,0.0475,-0.162,-0.0178,0.0155,-0.0284,1.7019,0.2574,1.3817,0.0926,-0.0479,-0.0487,0.0707,0.4747,-0.0119,-0.0436,1.5568,-0.0014,-0.0052,0.0327,0.0246,-0.1296,0.0042,0.0353
406,5466,108,4,walking,0.1028,-1.2315,-0.0709,-0.071,-0.3006,-0.5163,-0.9454,-0.1026,0.11,-1.4611,-1.5282,0.7034,0.103,0.0245,-0.1478,2.0068,-2.0309,-0.1083,0.4197,-0.0181,-0.5569,-0.1235,-0.1079,0.8252,0.4569,0.4153,0.3153,0.1816,0.1768,-0.1155,0.1302,0.1148,-0.5541,-0.2642,-0.0558,0.125,-2.3613,0.3101,-1.5636,0.0865,-0.0718,0.0632,0.1738,0.3577,0.1051,-0.45,1.5014,-2.0067,0.0935,-0.035,-0.3488,-0.8685,-0.6085,0.1883
409,5469,108,4,walking,0.0518,-1.1961,-0.031,-0.0646,-0.1621,-0.5633,-0.3351,0.14,-0.054,0.1641,-1.6231,0.1054,0.217,0.0727,0.1032,0.6812,-2.3736,-0.1148,0.0627,0.0527,-0.6326,-0.0034,-0.0343,-0.2834,0.4277,-1.501,0.1221,-0.0295,-0.0434,-0.128,-0.3114,0.0545,-1.1518,-0.2436,-0.0744,-0.017,2.1676,0.2682,0.9168,0.211,-0.0319,0.1424,-0.2727,0.533,-0.3084,0.4388,-2.7828,-1.4309,-1.0029,-0.415,-0.3624,0.941,-0.4214,0.422
411,5471,108,4,walking,0.1135,-1.1176,0.0164,-0.1667,-0.1941,-0.5841,-0.9505,-0.0075,0.586,-1.6787,0.3588,0.6847,0.1244,0.0621,-0.1144,0.7148,-1.1227,0.1621,0.1098,0.0655,-0.6371,-0.0853,-0.0182,1.6586,0.4202,-2.007,0.1314,-0.3889,0.2246,0.1872,1.1363,0.1707,0.9126,0.3857,0.1533,0.3517,-2.5319,0.5745,-0.8005,0.0022,0.0406,0.1312,0.1546,0.3836,0.1467,0.4344,1.6744,2.1471,1.483,0.0442,-0.1129,1.944,0.2152,-0.4433
414,5474,108,4,walking,0.1225,-1.2775,-0.2372,-0.0529,-0.1841,-0.5423,-0.9262,-0.1411,-1.2631,-0.6301,-0.9321,-0.2562,0.1481,-0.3188,0.3428,1.1786,2.6298,0.2378,0.488,0.0022,-0.6879,-0.0085,0.0322,1.1104,0.4723,0.9864,0.2347,0.0891,-0.0067,0.0266,-0.3572,0.0214,0.0413,-0.0685,0.0328,0.0802,2.8646,0.4632,-0.0778,0.1488,0.0157,0.1628,0.3282,0.3644,-0.014,0.3224,1.5424,1.984,0.4686,0.2877,0.14,1.9169,-0.7868,-0.0681
415,5475,108,4,walking,0.0418,-1.2049,-0.2449,-0.12,-0.2364,-0.454,-1.0697,-0.1184,0.2795,-1.3577,-0.5717,0.5037,-0.3353,-0.2473,-0.118,-1.3279,-1.2428,0.0519,0.2464,-0.2182,-0.5772,-0.0544,0.0143,-1.612,0.4145,-1.5392,-0.2432,0.2187,-0.2858,-0.0884,0.542,-0.17,1.434,-0.2139,-0.0383,0.0182,-1.2989,0.5571,-0.2838,0.2016,-0.101,0.1373,-0.2414,0.531,0.161,-0.1758,-0.0688,1.5625,0.2843,-0.101,0.2675,0.9143,0.0791,-0.3539
416,5476,108,4,walking,0.086,-1.5525,0.0356,0.0368,-0.1927,-0.5282,-0.8534,-0.2763,0.6718,1.5462,-1.463,2.2838,-0.1312,-0.0037,0.0267,-0.9671,-1.8687,0.074,0.5075,0.2039,-0.5666,0.0006,-0.0551,-0.2543,0.3575,-0.551,-0.1837,-0.1032,0.0144,0.058,0.6043,0.056,0.6088,-0.324,0.1762,-0.0485,-2.3628,0.4533,-2.0492,0.1372,-0.0746,0.011,0.0243,0.6419,0.1424,-0.1241,-2.2638,1.5808,0.0178,-0.1348,0.0406,-1.876,-0.4484,0.2476
417,5477,108,4,walking,0.1443,-1.2258,0.0114,-0.0855,-0.2238,-0.4729,-0.7609,-0.3157,-0.2024,0.6237,-0.8314,-0.6852,-0.3077,0.238,-0.0624,-1.9068,-1.7231,-0.263,0.1569,0.0521,-0.5284,0.0409,-0.0162,1.3506,0.4287,0.5357,-0.0529,-0.0313,-0.0556,-0.1315,0.3297,0.1347,0.6776,0.1673,0.0427,-0.2612,-0.3132,0.2886,2.2133,0.0282,0.0402,0.1001,-0.3048,0.5398,0.1554,0.3869,-1.0013,1.8068,-0.9716,0.2312,-0.0874,1.8603,-0.4239,-0.5639
418,5478,108,4,walking,0.0326,-1.2249,0.1067,0.0178,-0.1975,-0.6674,-0.9509,0.0849,0.0559,-0.4566,-1.2643,0.7089,-0.113,0.1812,-0.0486,-1.6682,1.7073,-0.1183,0.2711,-0.0387,-0.6835,-0.0646,0.0602,-0.656,0.4141,-0.6882,-0.0152,0.0534,0.1501,-0.0762,-0.0539,-0.1885,-0.7404,-0.2331,0.0522,-0.11,-1.6986,0.2486,0.7475,0.2127,-0.1036,0.0227,-0.3784,0.7683,-0.47,0.0273,0.1544,-0.9709,-0.236,0.2537,-0.3875,-1.5387,-0.5673,-0.0075
422,5482,108,4,walking,0.1,-1.4713,-0.0075,-0.0198,-0.1297,-0.5724,-0.9271,0.1557,0.0158,0.1472,0.1487,-0.0717,-0.0683,0.0177,0.0433,-0.0841,0.0732,-0.0664,0.372,0.0755,-0.6047,0.0027,-0.0238,-0.3543,0.3744,-0.0311,0.1637,0.0444,-0.0587,0.0091,0.2069,-0.007,1.4561,-0.0645,0.0188,-0.0097,2.1025,0.5616,0.9444,0.0857,0.0002,0.0331,-0.0216,0.3951,-0.014,0.0337,-0.461,-1.72,0.0689,0.0278,0.0306,-2.0088,0.1723,0.0476
423,5483,108,4,walking,0.0784,-1.0337,-0.2653,-0.016,-0.2376,-0.4586,-0.967,-0.1428,0.5626,0.5012,-2.0526,0.6582,0.144,0.0564,0.1713,-1.3779,0.8126,0.0096,0.4414,0.0073,-0.5748,0.0101,-0.0221,-0.4374,0.4878,-0.6146,0.0092,0.0487,-0.036,-0.1886,0.5077,0.0738,-0.5044,0.0889,0.0622,-0.1727,-3.1727,0.2246,2.479,0.0375,-0.2487,-0.0775,0.2241,0.4341,0.145,-0.2563,-1.6094,1.5227,-0.5096,0.1824,0.178,1.119,0.3007,0.2464
424,5484,108,4,walking,0.103,-1.4049,-0.0608,-0.0952,-0.2081,-0.5365,-1.1204,0.1782,0.4236,-1.3288,0.5327,-0.1646,0.0722,-0.0268,0.1223,1.5853,-1.5485,0.0623,0.4357,-0.1063,-0.5629,0.0507,-0.0434,0.4807,0.4072,0.0252,-0.1546,-0.136,0.1043,0.0356,-0.3238,-0.0294,1.4197,-0.0721,-0.0818,0.0565,-1.4029,0.292,1.5492,0.1766,-0.0647,0.1257,-0.3704,0.4488,0.0412,-0.3008,-1.3982,0.4267,-1.384,-0.2117,-0.2607,2.173,0.1614,0.1694
425,5485,108,4,walking,0.0168,-1.1896,-0.1411,-0.1388,-0.1727,-0.5249,-0.9397,0.1215,-0.3493,-0.0551,-0.0322,1.0138,0.0466,0.1048,0.2372,-2.0436,-0.8232,0.0841,0.4845,0.1687,-0.6601,0.0615,-0.0777,1.6381,0.4889,1.2396,0.0189,0.1101,0.0073,0.0167,0.4591,0.1176,0.3182,0.114,0.1574,0.1555,1.857,0.423,0.9107,0.057,0.0673,-0.1065,-0.1784,0.4556,-0.0192,0.2674,-0.2893,-0.6962,-0.5741,-0.3842,0.1203,-1.9276,-0.3362,1.0643
426,5486,108,4,walking,0.1201,-1.4174,0.0828,-0.0937,-0.143,-0.3923,-0.6916,0.1457,0.048,0.6303,-1.571,0.062,-0.1331,0.0043,-0.116,-2.0066,0.6486,0.248,0.2868,-0.1723,-0.606,-0.016,-0.0131,1.477,0.4274,-1.6584,0.1004,-0.1411,0.0029,0.0255,-0.6058,-0.0468,-1.2181,0.1877,-0.0625,-0.1463,1.8476,0.2692,2.3631,0.0252,-0.1204,-0.1744,-0.0117,0.3176,-0.0837,0.2559,0.5127,-1.5309,-1.8675,-0.1853,0.431,2.2374,0.6211,-0.5564
428,5488,108,4,walking,0.1881,-1.1487,-0.0411,0.023,-0.1742,-0.5541,-0.8802,0.2372,0.2443,0.5097,-0.3149,0.0764,0.031,0.1016,-0.0051,-0.6588,0.2312,-0.02,0.1674,0.0272,-0.554,-0.0271,0.0059,-0.1251,0.4784,0.2833,-0.0881,0.0479,-0.155,0.0728,0.3771,0.0273,0.1832,-0.0637,-0.0509,-0.0366,2.5587,0.4081,-1.3734,0.077,-0.1507,0.0002,-0.2784,0.376,0.2048,0.3541,0.5441,0.1869,0.0724,-0.254,-0.0325,-2.2192,-0.3463,0.1166
432,5492,108,4,walking,0.2161,-1.1278,0.0856,-0.1052,-0.206,-0.5064,-0.9465,-0.1888,0.0533,0.7214,-2.2004,0.788,0.0863,-0.035,-0.0653,-0.196,-1.4547,-0.0754,0.7437,-0.0381,-0.5661,-0.1416,0.0806,1.6561,0.4283,1.8216,-0.3817,-0.1009,0.2431,-0.0676,0.7128,-0.0894,-0.22,-0.11,-0.0665,-0.1332,2.4601,0.3227,0.8262,0.0602,-0.0613,-0.2087,0.0324,0.6676,-0.1282,-0.2354,0.9458,0.4607,-0.1182,0.0663,0.3184,-0.5726,-0.1843,-0.2648
433,5493,108,4,walking,0.0512,-1.2466,-0.0877,0.1423,-0.2176,-0.4275,-0.8796,0.0152,0.177,-1.108,-1.0616,0.2521,-0.1439,-0.046,-0.0313,-1.2729,-0.1902,0.006,0.5187,0.1302,-0.5665,0.0289,-0.0316,0.5404,0.4352,-1.4395,0.0018,-0.0585,-0.0762,-0.0583,0.5218,-0.0039,-0.2592,-0.1716,0.0705,0.0324,-2.5527,0.3827,-2.5362,0.0259,-0.0354,0.1073,0.2703,0.4351,-0.0464,-0.0326,-0.8836,0.7593,-0.6084,0.0014,0.2471,-2.1415,-0.5093,0.0168
434,5494,108,4,walking,0.007,-1.3684,0.0371,0.0625,-0.1423,-0.397,-0.9905,0.1144,0.0217,1.277,1.3436,2.1802,0.0415,0.1621,-0.0822,-0.4407,1.6476,0.0437,0.3025,0.036,-0.5593,-0.0507,0.0389,0.6746,0.4671,1.711,-0.0778,-0.0514,-0.1253,0.0172,-0.0665,-0.1028,0.1387,0.0116,-0.1448,0.0265,-1.0321,0.3205,-1.2557,0.0941,0.0341,0.0478,0.0185,0.3468,-0.1247,-0.0382,1.8211,-1.6336,-0.8105,0.0249,0.0509,1.1383,0.0098,0.1844
435,5495,108,4,walking,0.0304,-1.1461,-0.0668,-0.0533,-0.1555,-0.4271,-0.9548,0.0767,-0.5764,0.8424,-0.3682,-0.6756,0.1035,-0.0817,-0.2316,-2.634,-1.3325,-0.0458,0.4519,0.0347,-0.5996,-0.0092,-0.0281,1.2184,0.5382,-1.4701,-0.1417,0.0557,0.0075,0.1276,0.0517,-0.2714,-0.433,0.162,-0.1356,0.1772,-1.7358,0.3301,1.0026,0.0855,0.0556,-0.0019,0.0271,0.3292,0.1276,0.0171,-2.1168,0.5701,0.1349,0.1437,0.1875,-0.6491,0.4877,-0.2574
437,5497,108,4,walking,0.0524,-1.2496,-0.0566,-0.0689,-0.1286,-0.5393,-0.793,0.1818,0.402,-0.6444,-1.5466,0.4035,-0.1705,-0.1177,0.1843,-1.5471,-1.5262,-0.0554,0.3782,-0.1179,-0.5472,0.0059,-0.0097,1.5806,0.4614,1.4662,-0.2737,0.0187,0.0555,0.0229,0.5572,-0.272,0.7674,0.0711,-0.1081,-0.1712,2.6189,0.3272,1.5884,0.1473,-0.1635,-0.0462,-0.302,0.3762,-0.2578,-0.0722,2.4762,-0.546,-0.1924,-0.1161,-0.2193,1.2,-0.2438,0.0847
441,5501,108,4,walking,0.0051,-1.2404,0.0256,-0.0737,-0.0908,-0.5173,-0.9247,0.03,0.1371,1.2473,-2.5329,1.6134,-0.1626,0.2682,0.1231,0.529,1.2127,-0.1249,0.0266,-0.2782,-0.6849,0.0056,-0.0356,-0.2686,0.4736,-1.6703,-0.2278,-0.1236,-0.1779,-0.2461,0.4119,-0.1076,-0.7317,-0.0551,-0.0544,-0.022,1.2638,0.5152,-1.4411,0.1275,0.1805,0.0807,0.0674,0.8394,-0.1323,0.4608,2.3863,-1.4871,1.6839,0.1021,0.2123,-2.0535,0.5093,-0.1287
443,5503,108,4,walking,0.1415,-1.38,0.0682,0.0214,-0.1936,-0.5702,-0.85,0.2574,0.1653,0.2389,0.3657,0.1144,0.1683,-0.0126,-0.0567,0.6238,2.4604,0.0836,0.5724,-0.2222,-0.6818,0.0153,-0.007,1.7879,0.5088,-1.2098,0.1113,-0.1562,0.0282,-0.144,0.6888,-0.0927,1.2461,-0.1424,0.0151,0.1344,1.3117,0.4104,-2.148,0.2528,0.0438,-0.0286,0.0871,0.6255,0.2361,-0.1672,-2.5556,0.638,-0.2636,0.1863,-0.1302,-0.5442,-0.0575,-0.0229
444,5504,108,4,walking,0.0212,-1.3575,-0.1862,-0.1124,-0.0997,-0.4147,-0.6736,-0.0105,0.2446,1.0286,1.0379,-0.526,0.0265,0.0081,-0.0471,0.2032,-0.2231,0.0421,0.3686,-0.0114,-0.5994,0.022,0.043,-1.0613,0.5208,0.0524,0.1456,0.0087,0.0202,0.002,-0.6688,-0.0876,1.4761,-0.0744,-0.018,-0.0163,-0.4766,0.2677,-0.1816,0.3682,0.0202,-0.0626,-0.055,0.6462,-0.0321,-0.0277,-0.1468,2.2605,-0.1041,0.0078,0.0047,1.9426,0.1171,0.1673
446,5506,108,4,walking,0.258,-1.2681,-0.122,-0.0918,-0.1435,-0.5423,-0.7712,-0.0018,-0.6732,1.0722,0.6103,-0.5871,0.2822,-0.2562,0.2251,2.0225,0.0872,0.0569,0.1876,-0.287,-0.6645,0.0233,-0.0283,1.0741,0.5727,-0.8037,0.1479,0.0463,0.1187,0.019,0.3128,0.0089,1.2406,0.0773,-0.0427,-0.1287,-1.5042,0.3647,2.5492,0.0801,-0.0648,-0.0811,-0.0089,0.3888,-0.2142,0.164,1.5416,-2.7433,1.8294,0.1843,-0.0168,0.0194,0.107,-1.5706
450,5510,108,4,walking,0.0017,-1.1375,0.0765,-0.0882,-0.1979,-0.525,-0.3813,0.107,0.1277,-0.0863,-1.3516,0.0017,-0.2725,-0.0638,-0.0096,1.5572,-0.5987,0.0367,0.3054,0.1142,-0.7157,0.0204,-0.0341,1.1267,0.5666,0.8701,-0.2622,-0.0056,-0.1383,-0.0739,0.4008,-0.1618,-0.236,0.1047,-0.1787,0.0809,-1.4346,0.4406,-1.1767,0.0291,-0.0733,-0.1141,-0.1568,0.4863,0.2201,-0.423,1.3724,-0.6072,1.7279,0.2134,0.0702,2.0663,-0.232,0.1346
451,5511,108,4,walking,0.0751,-1.3477,0.0423,0.046,0.1103,-0.4149,-0.6632,0.0604,-0.3618,0.438,0.3333,1.0504,-0.1406,-0.061,0.1261,-1.7038,0.9969,-0.1164,0.4858,-0.043,-0.5507,0.004,0.0015,-1.1146,0.4852,-1.2579,-0.1818,0.0422,-0.1366,0.0672,-0.1809,-0.0692,0.3769,-0.0338,-0.0486,-0.12,-3.3163,0.3466,0.0306,0.186,0.0845,0.0558,-0.0189,0.3888,0.2288,-0.1066,-0.9229,2.3979,0.4804,-0.2613,0.3865,-0.7488,-0.1244,-0.0407
452,5512,108,4,walking,0.0331,-1.4231,0.0554,0.2558,-0.1931,-0.5467,-0.5674,0.24,-0.2163,0.2691,1.609,-0.6659,-0.066,-0.1085,0.0444,-1.8832,2.1417,0.1389,0.155,0.1305,-0.5948,0.0053,0.0554,-0.7287,0.5003,-0.6766,-0.0202,-0.0244,-0.008,0.0527,0.7508,0.0158,0.3869,-0.1746,-0.1338,-0.1042,0.6882,0.2827,0.6866,0.0579,-0.246,-0.1723,0.1453,0.3209,0.2124,-0.0165,-2.6278,1.2627,0.0929,0.0357,0.16,-1.7336,0.0495,0.1134
453,5513,108,4,walking,0.0078,-1.1176,0.1123,-0.1173,-0.0803,-0.3372,-0.2905,0.0203,-0.3789,1.3089,-2.4936,-1.1123,-0.2385,0.1631,0.0318,2.2064,-0.397,0.1886,0.2603,-0.1181,-0.6668,0.0402,0.0511,1.2084,0.4849,2.5321,0.0147,-0.1141,-0.2548,-0.1484,0.2283,-0.1003,1.3007,-0.2281,-0.1647,0.0116,1.5477,0.6236,-1.741,0.1706,0.053,0.0767,-0.0676,0.3731,-0.1605,0.0048,-0.2222,0.7452,1.4482,0.0751,-0.1143,-0.9843,-0.4044,0.1368
454,5514,108,4,walking,0.1002,-1.1922,0.1743,-0.1144,-0.3644,-0.6236,-0.8607,-0.0864,-0.11,1.347,0.3009,0.7444,-0.2584,0.1136,-0.1004,1.4605,-0.7734,-0.1476,0.0458,0.1145,-0.617,-0.0145,0.0304,1.0862,0.4356,-0.793,-0.1872,0.0443,0.008,0.0143,0.5387,-0.0998,0.1252,-0.1369,-0.0236,0.1463,-1.0304,0.338,-1.7601,0.2311,-0.0333,0.0048,-0.1251,0.3559,-0.2083,0.1374,0.5551,-2.4704,1.2519,0.2331,-0.3666,-0.9397,-0.216,-0.6841
456,5516,108,4,walking,0.0155,-1.4267,0.1253,0.1307,-0.0139,-0.5594,-0.5515,-0.1876,0.4821,1.7263,-0.5378,-0.8348,-0.1147,-0.1356,0.0171,-1.356,-2.2171,0.0567,0.408,0.0307,-0.5285,0.1158,-0.0276,0.3156,0.3244,0.581,-0.0088,-0.0232,-0.0445,-0.073,-0.7082,-0.0145,-1.7318,0.0682,0.0556,0.0175,-0.0428,0.3444,-1.4104,0.2252,-0.0253,-0.0042,0.0742,0.3407,0.0387,0.038,-0.0173,-2.6879,0.0628,-0.0623,-0.0145,1.2008,0.0179,0.0093
457,5517,108,4,walking,0.006,-1.3287,-0.1002,-0.136,-0.0519,-0.5325,-0.9662,0.1623,-0.3748,-1.1503,1.7423,1.1031,0.0863,-0.2124,-0.0462,-0.8753,-0.808,-0.0353,0.093,-0.005,-0.5246,0.0346,0.012,-0.1322,0.5564,-0.6636,0.0521,0.0356,-0.037,-0.0535,0.3647,0.0627,-1.5143,0.0311,0.1006,0.0176,2.3461,0.2448,-0.9231,0.0856,-0.1503,-0.1783,0.2455,0.3946,-0.1731,0.2059,0.3967,-1.771,-0.2326,-0.1342,-0.1827,1.5112,-0.244,-0.0537
458,5518,108,4,walking,0.0017,-1.3735,-0.0302,-0.0909,-0.192,-0.4852,-0.8217,0.0769,-0.2172,-0.9137,2.4011,0.2622,0.1111,0.1134,0.206,-0.7613,-2.0377,0.0386,0.3248,-0.0403,-0.5648,-0.0316,-0.0358,-0.4097,0.4485,-0.5473,0.0522,0.0306,0.0115,0.0374,-1.1306,-0.0282,-1.2014,-0.0831,-0.0091,0.0549,0.3232,0.5453,-0.5349,0.1193,-0.0312,-0.1853,0.2575,0.6248,0.3762,0.06,-2.4078,1.0645,-1.8347,-0.1165,0.4618,-0.2391,-0.2347,0.5821
459,5519,108,4,walking,0.1777,-1.4245,-0.0824,0.051,-0.1111,-0.5476,-0.9777,0.3028,-0.5786,1.0344,0.0232,1.015,-0.1201,0.3346,0.3167,-1.4047,0.3967,0.13,0.2147,-0.1026,-0.5442,-0.0484,0.0322,1.1603,0.4361,-1.5223,-0.1172,-0.0344,-0.0712,-0.1814,0.127,0.1512,-1.6162,0.0514,0.012,0.1183,1.899,0.2403,-0.2852,0.1571,0.23,-0.0366,0.2334,0.3577,-0.1417,0.2605,2.016,1.574,-0.8503,0.003,0.0484,-2.0966,0.0816,-0.6886
461,5521,108,4,walking,0.0135,-1.201,0.0625,-0.0387,-0.2284,-0.4971,-0.9154,-0.0443,0.2533,0.3082,-0.8694,0.0587,0.038,0.1057,0.1806,-0.6927,-1.1257,-0.0365,0.1601,0.0828,-0.6294,-0.0731,0.0617,0.1402,0.4526,1.519,0.2613,0.1273,0.081,0.1029,-0.0472,-0.0276,-0.5214,0.0529,0.0171,0.0648,-0.0177,0.4129,2.2719,0.0443,-0.1164,0.0705,0.1059,0.5789,-0.103,-0.3641,-1.2127,-1.8483,0.7689,0.3088,0.0246,-1.562,0.4058,0.1532
462,5522,108,4,walking,0.0484,-1.3344,0.036,0.1184,0.135,0.4207,-0.9241,-0.2144,-0.0417,-0.5305,1.2873,-2.2327,0.0312,0.064,-0.0032,-1.7159,1.644,-0.2618,0.5594,0.0186,-0.5426,0.0281,0.0455,-1.0169,0.4827,1.834,-0.1618,0.1364,-0.2681,-0.0462,-0.7576,-0.0501,-0.8647,0.1006,0.0218,-0.3324,2.168,0.2699,0.3684,0.2022,0.0821,-0.0421,-0.205,0.2707,-0.0781,-0.1864,-1.791,2.0339,-1.4442,-0.1467,-0.2178,2.0198,-0.1782,-0.0565
465,5525,108,4,walking,0.0821,-1.2564,0.0448,-0.1463,-0.1573,-0.455,-0.9394,0.0062,-0.1887,-0.2419,0.3336,0.2271,-0.2213,-0.0447,-0.0726,-1.6127,-1.1517,-0.0046,0.5,-0.0623,-0.5969,0.0071,0.0561,-1.1831,0.4059,1.5274,-0.3617,-0.0332,-0.0543,-0.1244,0.2636,-0.2281,-1.2424,0.0095,0.0605,-0.1586,-2.5571,0.5682,1.5718,0.0501,-0.0355,-0.0489,0.2336,0.3716,0.0873,-0.0061,-1.8613,-1.8787,0.2021,-0.2475,0.2073,2.1585,0.4254,-0.636
467,5527,108,4,walking,0.0636,-1.1805,-0.1247,-0.0322,-0.2497,-0.3574,-0.9005,0.0634,0.3453,0.0791,-1.5329,0.6227,-0.2614,0.0335,0.0363,-0.2047,-0.3167,0.026,0.5106,-0.0876,-0.5237,0.0338,-0.0021,-1.7249,0.4352,0.1516,0.0158,-0.0354,-0.0407,-0.0267,0.2337,0.011,0.151,0.01,-0.0215,0.0164,-1.9234,0.2547,0.7588,0.1069,-0.1112,-0.0727,-0.0884,0.8347,-0.304,-0.2353,-2.2299,0.4219,0.228,-0.1646,0.1711,-0.3003,-0.0773,0.1311
468,5528,108,4,walking,0.015,-1.0474,-0.0085,-0.0554,-0.1302,-0.4149,-0.8331,0.0167,-0.0362,1.5349,-1.1464,1.2286,-0.2863,0.0081,0.0309,-0.0629,-0.0625,0.1013,0.474,0.03,-0.6278,-0.0123,0.0131,1.0648,0.4324,-0.4009,0.138,0.0118,-0.1103,-0.0033,-0.0992,0.0134,0.1754,-0.2214,0.0452,0.1713,-2.1317,0.658,-2.1251,0.1596,-0.0382,-0.0387,-0.0664,0.4339,-0.0011,-0.1572,1.469,-2.072,0.6233,0.0268,0.2546,-1.9185,0.0523,0.1341
469,5529,108,4,walking,0.0243,-1.1434,0.1137,0.0866,-0.2219,-0.3287,-0.8413,0.1764,0.1098,-0.6384,0.1578,-0.1472,0.1313,0.0172,0.0048,-0.1874,0.0762,0.0831,0.2281,0.0454,-0.7111,0.0538,0.0206,-0.7138,0.4472,-1.356,-0.2208,-0.0748,0.0871,0.034,1.1135,-0.1017,0.8485,0.0553,0.0706,-0.04,0.22,0.575,-0.2207,0.0796,0.0718,-0.043,-0.1407,0.7903,-0.0865,0.2204,-2.5607,0.3413,1.1542,-0.1757,-0.2562,-1.5904,-0.3032,-0.1321
472,5532,108,4,walking,0.127,-1.284,0.1052,-0.0118,-0.0305,-0.4814,-0.8254,0.0247,0.3156,1.6197,-0.7024,-1.5693,0.1424,-0.2326,-0.1858,-1.6636,-2.0101,0.1015,0.1553,-0.1472,-0.5456,0.0645,-0.0118,0.4067,0.4167,-0.4786,0.1488,0.183,0.0159,0.1313,-0.6783,0.002,0.7297,-0.2819,0.073,-0.0161,0.7841,0.5193,-0.2113,0.049,-0.1679,-0.001,0.02,0.4463,-0.0783,0.0376,1.3153,1.2703,0.0475,-0.1262,-0.1027,-2.344,-0.0515,0.0205
475,5535,108,4,walking,0.0177,-1.0123,0.1248,-0.0904,-0.137,-0.4122,-0.9402,-0.0802,-0.325,0.5516,1.4796,1.1348,-0.0316,-0.2742,0.1714,0.9459,1.7708,-0.1062,0.546,-0.1847,-0.6208,0.0028,-0.0288,0.1358,0.4038,-0.799,0.027,-0.1105,0.1089,-0.0012,0.2382,-0.1106,0.0411,0.1569,-0.0386,-0.0818,-1.5004,0.4252,0.8389,0.1112,-0.1526,-0.0416,0.1684,0.4304,0.2683,0.1084,0.0266,1.3689,-0.2667,-0.0097,-0.038,-2.1736,-0.2308,-0.3704
476,5536,108,4,walking,0.1355,-1.2383,-0.0467,0.0217,-0.0244,-0.4629,-0.8929,-0.0773,-0.1462,0.0647,0.1573,-1.0078,0.0265,0.0386,-0.0374,0.2376,0.0829,-0.1757,0.2382,0.0204,-0.6392,0.0446,0.0128,-1.8136,0.4093,-0.218,-0.0263,0.0019,-0.1664,-0.2377,1.4288,0.0442,-1.4612,-0.1864,-0.1583,-0.0263,2.495,0.3248,-0.743,0.1834,0.0704,0.1311,-0.1271,0.2574,0.0011,-0.0043,1.7363,2.7622,-1.0763,-0.1205,-0.3505,1.3077,-0.459,-1.0596
478,5538,108,4,walking,0.0421,-1.0007,0.0583,0.0413,-0.2137,-0.503,-0.4904,-0.0311,0.1208,-1.4267,-1.6786,0.1151,0.0463,-0.0716,-0.076,-0.396,0.1846,0.0275,0.3205,-0.0514,-0.684,0.0375,-0.0132,1.8804,0.4119,0.3732,0.2054,0.0159,-0.1163,0.0518,-0.0666,-0.1108,1.161,-0.1184,0.03,-0.072,-0.0104,0.3932,-2.06,0.2054,0.0116,-0.1106,0.0418,0.456,-0.0512,0.1479,-0.0214,-1.1926,-0.0536,-0.11,0.0179,-1.4931,0.025,0.0301
479,5539,108,4,walking,0.1472,-1.1581,-0.2132,-0.0552,-0.1899,-0.5776,-0.5327,0.0874,0.1023,1.142,2.3076,-1.0305,-0.2092,-0.4222,0.018,-2.1342,-0.9004,0.0077,0.5214,0.0617,-0.6818,-0.0062,0.0575,-1.6408,0.4424,0.2387,-0.0808,-0.2362,-0.114,0.0723,0.2931,0.1644,-1.2368,-0.0434,0.1175,0.0852,-0.9637,0.6617,-1.8341,0.0355,0.1705,-0.0852,0.0664,0.904,-0.387,0.1061,-2.1935,2.2093,0.002,-0.1172,-0.0806,0.3269,-0.6564,-0.1512
480,5540,108,4,walking,0.0168,-1.4349,-0.0221,-0.085,-0.1265,-0.3983,-0.7894,0.1012,0.142,-1.682,-1.1422,-1.5504,0.0217,-0.0784,-0.2021,-1.8769,0.021,0.0448,0.1404,-0.0777,-0.6367,0.0177,-0.0558,-1.5232,0.4607,-1.6528,0.0151,-0.1288,-0.0414,0.1548,-0.3683,-0.2237,-0.0681,0.1317,0.1388,-0.0607,-0.8214,0.2193,0.6044,0.0503,-0.0079,0.0055,-0.0443,0.554,-0.0512,-0.0709,1.3125,1.5283,-0.3033,0.0029,-0.0698,1.3697,-0.0639,-0.1015
481,5541,108,4,walking,0.2067,-1.166,0.1118,-0.0744,-0.2604,-0.5531,-0.6442,-0.1356,0.3267,-1.6534,-0.876,-1.3282,-0.2304,-0.057,0.0309,1.5203,-1.9829,0.2204,0.554,0.0269,-0.566,0.0042,-0.0133,0.3158,0.534,0.6135,0.0837,0.1203,0.0118,0.246,0.2318,-0.0525,1.1274,0.1832,-0.1378,-0.1216,2.2364,0.4633,-1.6272,-0.219,-0.083,0.0186,-0.2242,0.2997,-0.2027,0.0357,1.6071,1.8577,0.1437,0.1126,0.2302,2.1436,-0.2333,-0.1782
484,5544,108,4,walking,0.1748,-1.5672,-0.1453,0.0758,-0.031,-0.564,-0.9231,0.0107,0.0784,1.3526,0.0531,0.076,0.1257,0.1746,0.27,0.4524,-0.1984,0.0576,0.615,-0.1357,-0.5121,0.0235,-0.0054,-1.2661,0.394,-1.8778,-0.1023,-0.0814,-0.1022,0.0378,1.3484,-0.0845,0.344,0.0381,-0.0685,-0.0502,1.9697,0.4149,-2.0347,-0.0943,0.1472,0.0426,0.1346,0.4527,-0.0322,0.0719,-2.5808,-0.901,1.5233,0.1216,-0.3774,2.1589,-0.2333,-0.2472
485,5545,108,4,walking,0.2683,-1.2452,-0.1264,0.0789,-0.1565,-0.4972,-0.9963,0.1023,0.0471,-1.3278,0.6027,0.6446,0.025,0.2573,0.013,-1.8628,-0.503,0.0117,0.4109,0.0707,-0.5476,0.015,-0.0171,-0.0212,0.4787,0.3647,0.0381,-0.2081,0.0159,0.0064,1.039,-0.1175,-0.6048,-0.0023,-0.1208,-0.0205,0.1427,0.4342,-0.1175,0.159,-0.1535,-0.2703,0.0306,0.412,-0.0387,-0.0049,2.2904,0.1363,-0.6092,-0.0117,-0.3614,2.2102,-0.1218,-0.063
487,5547,108,4,walking,0.2222,-1.3845,0.0841,-0.0571,-0.1912,-0.5567,-0.9841,0.0731,-0.0142,1.7342,1.6374,-0.4358,0.1687,-0.3258,-0.0542,-1.431,-1.0664,-0.0223,0.2558,-0.0262,-0.5324,0.0307,-0.0818,1.6732,0.4431,-1.3386,0.0772,0.0201,-0.0633,-0.0121,-0.0467,0.1548,-0.4316,-0.0105,0.0802,-0.1477,-0.9904,0.4506,0.7368,0.0426,-0.0466,-0.0324,-0.1386,0.3694,-0.2703,-0.0634,1.4091,1.4167,1.7279,-0.2531,0.0724,2.7768,0.3748,0.4118
488,5548,108,4,walking,0.1672,-1.125,-0.0785,0.0172,-0.1505,-0.449,-0.6019,0.16,-0.4388,-1.0257,-1.0387,0.3031,0.1166,-0.1421,0.0163,-2.5414,-1.2627,0.0551,0.3613,0.0186,-0.6368,0.0632,0.0157,0.4474,0.4282,0.1009,0.1161,-0.2239,0.0386,0.0861,-0.6043,0.0562,1.7608,0.1168,-0.2042,0.0805,-0.8061,0.245,-1.4173,0.0836,-0.086,0.072,0.064,0.3886,0.1216,0.0227,-2.5526,1.0087,0.7466,0.0025,-0.1144,-2.5986,-0.2144,-0.2252
489,5549,108,4,walking,0.0501,-1.0246,-0.2386,0.0184,-0.1957,-0.6014,-0.6924,-0.2102,-1.0131,2.5134,-0.3403,1.6605,-0.0779,-0.264,0.0862,-1.6342,-0.4754,0.1862,0.0059,0.1358,-0.596,-0.0519,-0.1412,0.1132,0.4525,-0.6085,-0.0661,-0.0232,0.1571,-0.0066,0.3222,-0.1317,-1.0402,0.2349,0.0886,0.2026,2.2968,0.5733,0.4782,0.0969,0.0362,-0.0102,0.2846,0.8672,0.0621,0.0606,1.7111,1.6202,1.0368,0.0459,0.1487,1.1674,0.0604,-0.368
490,5550,108,4,walking,0.0074,-1.2128,0.1066,-0.0186,-0.0745,-0.5205,-0.627,0.1405,0.0464,1.8423,-1.4431,-0.0546,-0.0821,-0.2058,-0.0246,-1.8552,1.143,-0.1216,0.4473,-0.1001,-0.6847,0.0258,0.0346,0.4358,0.4475,0.7222,-0.1147,0.1436,-0.1533,0.1149,0.3245,-0.2105,0.0462,-0.0629,-0.0748,-0.0657,-2.3579,0.4132,-1.9548,-0.0421,0.0107,0.1111,-0.2208,0.7357,-0.0237,0.0467,1.2109,-0.3804,-0.0348,-0.2384,-0.054,0.4177,-0.0171,-0.303
491,5551,108,4,walking,0.0533,-1.2688,0.0033,0.0247,-0.1812,-0.4574,-0.9913,0.12,0.2047,-1.3006,-2.1411,-0.3788,0.1566,0.0852,0.2787,2.1004,0.5972,-0.0631,0.7721,-0.1177,-0.6656,-0.1446,-0.0328,1.4767,0.4719,1.8202,0.2281,0.1602,-0.1267,-0.1213,0.0981,-0.1438,1.0076,-0.1223,-0.1244,-0.124,1.9589,0.3726,-0.281,0.2769,0.0784,-0.0104,-0.103,0.8237,-0.1605,-0.1121,2.0422,0.2391,-1.0437,0.3266,0.0682,2.6869,0.1222,0.3105
492,5552,108,4,walking,0.2257,-1.3282,-0.2185,-0.0195,-0.0555,-0.5808,-0.3618,0.0129,-0.4842,0.3118,-1.2697,-0.8747,-0.069,-0.0868,-0.2803,0.6784,0.051,-0.1015,0.3956,-0.0684,-0.6364,-0.0818,0.1038,-0.7586,0.5197,1.7138,-0.0368,-0.0014,-0.0205,-0.2156,0.8102,-0.1206,0.8771,-0.1672,0.0142,-0.011,2.19,0.567,-1.0521,0.0003,-0.227,-0.0665,0.2126,0.7466,-0.1273,-0.252,-0.9733,2.7606,-2.1525,0.1616,0.3527,1.848,0.1529,0.2734
494,5554,108,4,walking,0.0281,-1.2602,0.057,-0.0454,-0.1355,-0.5099,-0.8968,-0.3089,-1.0104,0.8217,0.6759,1.2684,0.0117,0.0824,-0.4316,2.6778,-0.3056,0.1637,0.5546,-0.0209,-0.5663,-0.0251,0.0777,0.1287,0.4366,0.0866,-0.2264,-0.0162,-0.0287,0.0421,-0.1079,0.1116,-1.0056,0.0741,-0.0322,-0.1655,-0.2688,0.4351,1.5206,0.1099,0.102,0.2774,0.147,0.3567,-0.0582,0.3561,-0.5601,-0.077,-1.4717,-0.0688,0.141,-0.7202,0.522,-0.5288
495,5555,108,4,walking,0.202,-1.4566,0.0416,0.0743,-0.1362,-0.5656,-0.8704,-0.0117,0.0007,0.574,1.641,-0.0154,0.0252,-0.1422,0.0886,-0.2987,-0.1479,-0.0517,0.4668,-0.0422,-0.7243,-0.0532,-0.026,-0.6761,0.3972,-1.1432,0.1806,-0.1505,-0.0376,0.0619,0.05,0.0108,-0.1454,-0.0843,-0.0262,0.0781,1.4338,0.4146,-1.4943,0.1026,-0.0234,0.0245,0.2026,0.8399,-0.1094,0.2808,1.1703,-0.6373,-1.0547,0.261,0.2488,-0.7782,-0.1568,0.0612
497,5557,108,4,walking,0.0371,-1.3881,0.0067,0.1066,-0.273,-0.5425,-0.4156,-0.3148,0.3183,-1.3878,-2.0937,0.0143,-0.2431,-0.0339,0.0276,0.2213,0.1582,-0.0644,0.6144,-0.2077,-0.5978,-0.0344,-0.0162,1.5527,0.4052,-0.2981,0.0172,0.1369,-0.2174,0.0405,0.1222,-0.1086,-0.2337,-0.0875,-0.0056,-0.1666,2.2067,0.4758,-1.0513,0.1729,-0.0198,0.0021,-0.1071,0.5076,-0.0245,-0.3301,-2.7078,-2.6144,-1.7892,0.0475,0.3569,2.0166,-0.1411,0.1504
498,5558,108,4,walking,0.1651,-1.3283,-0.0226,-0.0841,-0.0936,-0.5784,-0.955,0.206,0.1659,1.2004,0.3413,-1.7626,-0.3187,0.3418,0.0129,1.8521,0.6003,0.2888,0.1504,0.2404,-0.663,0.1422,0.0162,-0.0918,0.4574,-0.8026,0.0561,0.1307,-0.1258,-0.0056,0.5474,-0.2268,-1.0708,0.0039,-0.318,0.1051,-0.13,0.4262,1.5364,0.0593,-0.1563,-0.125,0.0107,0.6146,0.0307,-0.2357,-2.5118,-1.1702,-1.5314,-0.3384,0.0513,-0.6805,-0.0539,-0.6072
499,5559,108,4,walking,0.0012,-1.4074,-0.1082,-0.1327,-0.1899,-0.4677,-0.756,0.0313,-0.0145,1.5126,-2.092,-0.4023,0.1612,-0.2807,-0.3837,2.6422,-1.5121,0.0203,0.7094,-0.013,-0.5888,0.001,0.0152,-1.8178,0.5278,0.775,0.1005,0.1347,0.012,-0.118,0.0632,0.0076,-0.5842,-0.0646,-0.1418,0.0065,0.5028,0.6433,0.7768,0.3488,0.0141,0.0627,0.2768,0.756,0.2383,-0.1615,0.036,2.6494,1.8541,-0.2584,-0.3241,1.4607,0.5474,0.2081
500,5560,108,4,walking,0.0288,-1.2812,-0.1783,-0.0736,-0.1859,-0.583,-0.9865,0.1389,-0.0047,-0.566,-0.9564,0.1224,0.0483,0.0346,-0.033,-0.3284,-1.4516,0.153,0.6646,0.0337,-0.7068,0.0151,0.0025,0.5821,0.4753,1.5697,-0.0185,-0.0181,0.0888,0.1463,0.4806,-0.1314,-0.4382,0.0677,-0.1436,-0.1032,-2.2267,0.5632,2.0828,0.1285,-0.1474,-0.1833,-0.0088,0.3783,0.01,-0.0263,-1.7812,-0.9379,1.4272,0.0285,-0.0193,1.8624,-0.2247,0.0719
501,5561,108,4,walking,0.1133,-1.4542,-0.1412,-0.0479,-0.1261,-0.5031,-0.8896,-0.0704,0.2072,0.6467,0.8946,-0.5767,0.212,-0.3439,-0.2473,-0.4201,1.0032,-0.0518,0.2059,0.2204,-0.6495,0.0225,-0.0363,-1.6771,0.4348,1.2063,0.2343,0.0351,0.031,0.0344,1.4433,0.0524,-0.8566,0.1213,-0.2476,0.0511,-1.6668,0.2458,2.2126,0.0766,-0.1873,-0.0826,0.0096,0.3234,0.1677,-0.038,2.5064,0.8426,1.4226,0.0244,0.1787,2.1119,-0.023,-0.2634
502,5562,108,4,walking,0.02,-1.2532,0.0079,-0.0198,-0.1441,-0.5427,-0.794,-0.1516,-0.6167,-0.4358,0.231,-0.1301,-0.3176,-0.0286,-0.0128,0.261,0.1642,0.0222,0.5396,0.0403,-0.5541,-0.0574,0.006,1.3307,0.451,1.2574,-0.0452,-0.0755,0.0762,-0.1369,0.4344,-0.0052,-1.3512,-0.1828,-0.1146,-0.0202,1.0958,0.387,-1.5501,0.0234,0.1166,-0.0874,0.3428,0.4009,-0.0268,-0.1743,-1.937,0.5678,0.5616,0.0244,-0.1166,0.3553,-0.1184,-0.2829
503,5563,108,4,walking,0.2171,-1.1606,-0.0832,-0.0373,-0.1434,-0.5431,-0.9541,0.2714,0.0386,0.5661,-1.4092,-0.5637,-0.1304,-0.0067,0.1069,-2.4326,-1.1644,-0.003,0.392,-0.0441,-0.6703,-0.013,0.0732,0.1369,0.3843,0.0156,-0.1438,0.0519,0.0107,-0.0605,-0.5809,-0.1476,0.6086,0.038,-0.0341,0.1169,0.0233,0.2377,-0.2332,0.085,-0.0261,-0.0111,-0.2002,0.4042,-0.2627,-0.1583,-1.3324,-1.5278,-0.4869,-0.2866,0.0079,-0.3788,-0.1622,-0.3742
504,5564,108,4,walking,0.0585,-1.3601,-0.0421,-0.0121,-0.0752,-0.5324,-1.019,-0.172,0.1181,-0.5501,-1.644,0.7262,0.0177,0.0862,0.1819,-1.1011,0.9636,0.0554,0.4545,0.0429,-0.5798,0.0455,-0.0247,1.7243,0.4249,1.6227,-0.2389,0.233,0.071,0.0018,-0.5069,-0.1811,1.5354,-0.1658,0.0843,-0.2507,-2.8074,0.6083,0.7227,0.2058,0.2245,-0.058,0.0019,0.3534,-0.2158,-0.0054,2.0512,-2.1822,-0.014,0.2262,0.1813,-1.7788,0.0684,0.1668
506,5566,108,4,walking,0.0184,-1.3143,0.0009,-0.1736,-0.2767,-0.6348,-0.9854,-0.0388,0.0786,0.1044,-0.4348,-0.0288,-0.0366,-0.0758,0.0579,-0.035,0.0609,0.0585,0.2789,0.0465,-0.5655,0.0307,0.013,-0.1096,0.448,0.0066,0.0024,0.0415,-0.0789,-0.1032,-0.254,-0.0463,-1.3704,-0.1044,-0.0099,0.0606,2.0292,0.3647,-1.0721,0.0244,0.1185,-0.0775,-0.1586,0.4306,-0.1113,-0.017,0.0237,0.0478,0.0506,-0.0779,-0.1129,1.2094,0.2041,0.132
507,5567,108,4,walking,0.0648,-1.4511,0.0277,0.0384,-0.2443,-0.5621,-0.9449,-0.0376,0.1033,-0.4893,1.1872,-0.7255,0.0683,0.1164,0.282,-0.812,-0.3264,0.1035,0.1675,-0.0149,-0.6717,0.0682,-0.025,0.8674,0.435,-1.3236,-0.2589,-0.268,-0.1144,-0.1826,-0.3767,-0.0857,-1.5727,-0.0865,0.0149,0.0362,2.3398,0.3767,2.1073,0.1426,-0.0338,-0.0217,-0.1119,0.3858,-0.3283,-0.0416,-0.812,-1.8587,-0.8649,0.2505,0.0521,1.2914,-0.0253,-0.2388
508,5568,108,4,walking,0.2346,-1.3683,-0.0035,-0.029,-0.1942,-0.5493,-0.6985,0.0414,0.0037,1.2576,2.0418,0.3631,0.3289,0.1234,0.0862,0.0206,-0.8427,0.0443,0.375,-0.1647,-0.6628,0.004,-0.018,-0.5872,0.4574,1.3288,-0.033,0.281,-0.0509,0.0057,0.1294,-0.2621,-1.3074,-0.1418,-0.0816,0.1438,-1.377,0.2508,-1.8161,-0.195,-0.0368,-0.0216,0.0441,0.5299,-0.1817,0.1163,1.6778,-2.5434,0.2126,-0.0381,-0.0347,2.0702,-0.5382,0.0122
509,5569,108,4,walking,0.0034,-1.385,0.0651,-0.1776,-0.3521,-0.4507,-0.8383,0.0352,-0.1116,1.1661,1.3029,0.6029,-0.337,-0.0353,0.0703,-1.5472,0.3268,-0.0676,0.1764,-0.2362,-0.6761,0.0019,0.0064,1.1497,0.4624,-0.54,0.0632,-0.0177,0.138,-0.0447,-0.3679,-0.0383,1.6084,0.2886,-0.0586,-0.0856,2.7415,0.5207,1.7491,0.2238,0.1114,-0.1184,0.1322,0.3969,-0.3174,-0.508,-2.0594,-2.4562,1.2037,-0.0603,-0.1614,2.5537,-0.0301,0.5355
510,5570,108,4,walking,0.0552,-1.0005,-0.053,-0.0328,-0.216,-0.4458,-0.8437,-0.2454,0.2744,1.0904,0.5013,0.0373,0.0166,-0.1147,0.1074,-1.5206,-0.599,0.0242,0.0038,-0.0207,-0.671,-0.024,-0.0783,0.049,0.3871,0.0479,0.0364,-0.1164,0.0564,-0.041,-0.5181,0.0504,0.058,0.0031,0.0087,-0.0421,-2.4562,0.5772,-0.9011,-0.1339,0.0105,0.0058,0.2176,0.4228,-0.1638,0.1713,0.039,0.3612,-0.2881,-0.2073,-0.0333,-2.3018,0.358,0.2463
512,5572,108,4,walking,0.1637,-1.4458,-0.0898,-0.17,-0.146,-0.5256,-1.0299,0.0263,-0.5547,-1.2777,-0.3391,0.5283,0.0886,-0.0243,0.1658,0.7321,-0.5442,-0.2724,0.0351,0.0324,-0.5683,-0.0275,-0.0217,1.3217,0.4133,-0.5329,-0.0576,0.0106,-0.218,-0.0428,0.4183,-0.0011,-0.3519,-0.1367,0.0036,-0.0024,-1.3916,0.5224,-1.6771,-0.0292,0.1854,0.1141,0.3665,0.5106,0.1781,0.2832,-2.7296,2.4747,-0.4441,0.2373,0.0774,2.6369,-0.1991,0.0096
513,5573,108,4,walking,0.1207,-1.2476,-0.1443,-0.1376,-0.3741,-0.5481,-0.9243,-0.1127,0.1144,-1.2161,-0.8378,0.1633,0.113,-0.2613,-0.1703,2.0149,0.9171,-0.0212,0.245,-0.0013,-0.6029,-0.0104,-0.1466,-0.374,0.4467,-0.6261,0.2137,-0.0302,0.0616,0.2117,0.4032,0.0344,-0.3745,-0.11,-0.0468,-0.0202,0.0408,0.5257,1.7328,0.1886,0.2054,0.214,-0.2117,0.3497,0.1263,-0.5487,-0.561,1.1153,-1.2309,0.3268,0.0892,0.6424,-0.4733,0.4712
514,5574,108,4,walking,0.0521,-1.2221,-0.0231,0.0235,0.2516,-0.5224,-0.986,0.0776,-0.0029,0.6831,1.7381,-2.7804,-0.3887,0.1075,-0.1813,0.2309,0.3612,-0.1149,0.3069,0.023,-0.7283,-0.0243,-0.0011,1.1319,0.5228,-0.0814,-0.0734,0.1434,0.1038,0.0582,0.4394,-0.1624,1.4841,-0.3364,0.0786,-0.1031,1.6801,0.3102,1.9812,0.0186,-0.0614,-0.0172,0.031,0.5409,-0.044,0.188,-1.5521,0.2629,1.3111,-0.0461,0.1314,2.208,-0.3723,-0.3001
516,5576,108,4,walking,0.0252,-1.2178,-0.0668,0.1487,-0.19,-0.5234,-0.9141,-0.0701,-0.1041,-2.1667,1.8627,-0.3,0.0185,0.2015,0.0094,-1.4053,0.694,-0.0775,0.4271,-0.1088,-0.5822,0.026,0.0374,-1.5247,0.4857,-0.9516,-0.0432,-0.0037,-0.1086,-0.0447,0.4673,-0.0715,-0.5276,-0.0734,-0.1007,-0.0301,-0.9665,0.4684,1.8062,0.1022,0.1274,-0.065,0.1835,0.517,-0.0232,-0.4182,-0.0799,-0.6216,-1.4664,0.0586,0.2017,1.7182,-0.0297,-0.2237
517,5577,108,4,walking,0.0226,-1.3779,-0.0742,-0.1471,-0.3784,-0.4979,-0.9146,-0.0502,-0.2734,1.0664,-1.0935,0.1331,-0.1447,-0.18,-0.0406,-1.1078,-1.5282,0.1077,0.5053,-0.0526,-0.7462,-0.0158,-0.0126,1.504,0.3932,1.2469,-0.0082,-0.0837,-0.0173,-0.0531,0.8234,-0.12,-1.3359,-0.0156,0.0105,-0.0476,-2.3466,0.3624,2.0031,0.1457,-0.0755,-0.1013,-0.1676,0.3687,-0.1034,-0.1671,0.3768,1.6067,-0.3273,-0.0316,-0.0288,-2.3143,-0.3406,0.033
518,5578,108,4,walking,0.0241,-1.172,0.0678,-0.1057,-0.2107,-0.5608,-0.993,-0.3718,0.3474,-1.0041,-0.8611,2.1624,0.0783,-0.2862,0.354,-2.6736,-0.0523,-0.0065,0.3808,0.0609,-0.6101,-0.0563,0.0585,-1.4868,0.3933,-0.6951,-0.0032,-0.1541,-0.1607,-0.064,-0.776,-0.1135,1.4887,-0.0222,-0.0272,-0.0511,-2.6698,0.3457,1.8807,0.1134,0.0667,0.1324,0.2324,0.4604,0.4807,0.3489,-0.4291,1.4034,-0.1213,-0.054,-0.1161,-2.5498,-1.0065,-0.3751
519,5579,108,4,walking,0.2758,-1.3746,-0.0763,0.0435,-0.2654,-0.4394,-0.759,-0.0322,0.0049,1.5701,0.3981,-1.2358,0.0646,-0.0762,-0.2316,-1.2911,1.5148,-0.0735,0.2709,-0.1423,-0.7271,0.0211,0.0302,1.8712,0.4436,-0.6103,0.0445,0.0667,-0.2188,-0.1471,1.3178,0.0882,1.5848,-0.3788,-0.0542,-0.0214,-2.8072,0.404,0.5404,0.0018,0.125,0.2036,-0.0073,0.3652,0.3889,-0.1154,0.8818,0.0328,-0.1231,-0.0673,0.1707,1.8377,-0.5336,0.4488
520,5580,108,4,walking,0.1,-1.262,0.0864,0.1877,-0.2195,-0.492,-0.4745,-0.0033,0.1089,-0.5806,0.8472,0.0186,0.011,-0.1123,-0.1136,-1.7709,0.1772,0.0757,0.4898,0.132,-0.6325,-0.0342,-0.0187,0.2152,0.5174,-0.1205,-0.0842,-0.1058,0.0383,0.084,0.8711,-0.1113,0.6153,0.1824,0.0486,0.0721,-0.6742,0.3722,-0.6403,0.1009,-0.0381,0.0573,0.1045,0.5363,-0.0046,0.0869,1.5532,-0.3367,-0.2286,-0.1032,-0.0347,0.753,0.2258,-0.1447
522,5582,108,4,walking,0.2604,-1.4773,-0.2072,-0.0235,-0.2647,-0.624,-0.9634,0.007,-0.7176,-1.6631,-0.183,0.1633,-0.1431,-0.3674,-0.3317,0.4,-1.9644,-0.0589,0.6214,0.047,-0.5964,-0.0204,-0.0276,0.3418,0.4357,1.8404,-0.2131,-0.2147,-0.0404,0.0723,1.3017,-0.2616,0.6224,0.0742,-0.2773,-0.0524,0.4065,0.4538,1.9042,0.2125,0.1121,0.1243,0.0612,0.4418,-0.2763,0.3322,-1.25,-0.2247,-1.3098,0.0286,0.1343,-0.4901,0.1211,0.303
523,5583,108,4,walking,0.2537,-1.304,-0.052,-0.1836,-0.2263,-0.5397,-0.9579,0.0368,0.1012,-1.1228,1.5191,1.2308,-0.0897,-0.0507,-0.2258,-0.7189,-0.6342,-0.1053,0.5786,-0.1036,-0.5703,-0.0361,-0.0122,-1.5171,0.5304,1.14,-0.1604,-0.1807,-0.1214,0.0011,0.7181,-0.1106,0.4833,-0.1767,-0.0484,-0.1138,-0.8081,0.4742,-2.2034,-0.1636,0.0185,-0.1781,-0.1642,0.4602,0.1078,-0.2335,-1.5419,-2.4482,-0.2107,-0.1613,0.0522,1.5328,-0.2668,-0.3582
525,5585,108,4,walking,0.1222,-1.1297,0.0142,0.046,0.1636,-0.3933,-0.9713,0.0454,0.6716,-0.4403,-1.2347,0.1062,-0.0507,0.1058,0.0678,-0.0843,0.2837,-0.0888,0.5079,-0.0462,-0.6131,-0.012,0.0341,1.3412,0.4644,-1.7893,0.0826,-0.1851,-0.0506,-0.0537,-0.0981,-0.0236,-0.4969,-0.2073,-0.073,-0.1083,-2.041,0.4723,2.2864,0.266,0.0034,0.0302,0.0137,0.3785,-0.0027,0.1236,0.6473,-2.189,-0.7224,0.0356,0.2111,-1.9364,0.0083,0.1002
527,5587,108,4,walking,0.0647,-1.2064,0.0751,-0.0518,-0.1936,-0.5621,-0.9689,-0.0115,0.0331,0.6005,-1.3309,-1.0133,-0.1847,-0.0318,-0.0383,-0.1377,0.2446,-0.051,0.4026,-0.0542,-0.6337,0.0057,0.0218,-1.2314,0.4067,-1.6078,-0.1182,0.0025,-0.0751,-0.0882,1.3226,-0.1358,-1.0744,-0.0172,-0.024,-0.1517,2.4688,0.6501,-0.6463,0.0356,0.106,-0.1854,-0.064,0.6576,-0.2248,-0.0687,-2.128,1.3566,-0.8651,-0.1418,0.3097,2.1049,0.1317,1.5372
529,5589,108,4,walking,0.1236,-1.2793,0.0341,-0.0723,-0.1677,-0.551,-0.722,-0.0452,-0.2862,0.0146,-1.0321,1.0268,0.212,0.2454,0.1211,1.6046,2.2642,-0.1633,0.1332,-0.2055,-0.6478,0.0214,0.004,-1.3734,0.4162,0.403,-0.1621,-0.105,-0.0376,0.0406,-0.4723,-0.0122,1.3002,-0.0679,0.0663,0.1186,-0.1301,0.4135,0.7177,0.1069,0.0211,-0.0109,-0.106,0.8157,0.2443,0.1153,-1.314,-0.2634,-0.2381,0.0402,-0.3555,1.7414,-0.2237,1.2117
530,5590,108,4,walking,0.0008,-1.3407,-0.1475,-0.1788,-0.2616,-0.4963,-0.6902,-0.1676,0.0786,1.0707,0.846,-1.0315,0.1837,0.0613,0.0275,-0.3726,0.635,0.2156,0.2364,-0.1536,-0.572,-0.0346,-0.0714,1.2213,0.4127,-1.8401,-0.0893,0.1464,-0.264,0.1658,0.0007,-0.033,-1.1407,0.0687,0.0352,-0.0891,-0.9341,0.5206,2.5547,0.1684,0.215,0.0506,-0.1328,0.3796,0.1056,0.135,-1.7587,-1.4242,2.3013,-0.0781,-0.106,-0.4946,-0.5165,0.1753
532,5592,108,4,walking,0.0835,-1.4217,0.0675,0.1802,-0.2311,-0.4752,-0.4311,-0.3589,0.5368,1.5027,1.1409,0.8438,0.3043,-0.0602,-0.1059,1.4849,-1.9849,0.1075,0.2639,0.1363,-0.5837,0.0143,0.0313,0.6444,0.4789,1.3133,-0.0645,-0.1781,-0.2029,0.0018,-0.7133,-0.2388,-0.157,0.0515,-0.0286,0.217,-0.2352,0.4066,2.2187,0.0897,-0.1013,-0.0189,0.1657,0.4208,-0.2101,0.3748,-0.9265,0.8906,-1.579,-0.0184,-0.2332,-1.4568,0.3137,-0.2154
534,5594,108,4,walking,0.0012,-1.3375,0.1122,-0.0713,-0.253,-0.4701,-0.9393,-0.1256,-0.0087,1.7172,-0.4211,0.432,0.0542,0.0428,-0.1505,-0.477,-2.0644,-0.1446,0.3034,0.1026,-0.7353,0.0113,-0.056,0.7545,0.4169,0.4714,0.114,-0.1635,-0.0322,-0.2055,0.006,-0.0078,1.1638,-0.2527,0.18,-0.1341,-3.3819,0.3851,-1.9757,0.0088,-0.255,0.0133,0.1078,0.7638,-0.0626,0.3689,-2.7479,-2.4636,-0.0957,0.0305,-0.0825,1.849,0.2366,0.3779
535,5595,108,4,walking,0.1528,-1.4617,-0.0635,-0.0309,-0.0669,-0.473,-0.779,0.081,0.0855,0.5067,-0.0593,-0.2464,-0.0392,0.0781,-0.2223,1.0317,-2.1022,-0.0222,0.1067,-0.2342,-0.7126,-0.0128,0.0372,0.5589,0.5077,-1.5696,-0.0161,-0.0144,-0.0627,-0.0445,1.0669,-0.037,-0.8118,-0.0365,-0.0189,-0.0752,-0.345,0.2485,1.5889,0.1782,-0.0484,0.0414,-0.0744,0.2246,-0.0062,-0.1447,-1.5898,-2.4369,0.2181,0.1467,-0.0674,-0.8075,-0.0915,0.1233
536,5596,108,4,walking,0.0345,-1.35,-0.0067,-0.1312,-0.2377,-0.4728,-0.9199,0.046,-0.1832,-1.561,-0.9663,-1.8635,-0.0862,-0.1127,0.0336,0.3131,1.8059,-0.0031,0.5419,-0.1323,-0.5673,-0.0206,-0.0481,0.2303,0.4686,-1.6327,-0.1181,0.0519,-0.0702,-0.0608,0.4384,-0.1055,-0.5386,-0.108,0.0245,-0.1457,-0.0078,0.37,0.0608,0.0643,-0.0687,-0.1057,-0.1469,0.7827,0.066,0.1588,-1.2914,-2.232,-1.3361,0.016,0.1069,2.012,0.0732,-0.1489
537,5597,108,4,walking,0.2631,-1.1339,0.024,0.0193,-0.2506,-0.44,-0.7445,0.302,-0.8678,-1.0149,-2.0338,-0.6738,-0.0569,0.2017,-0.2062,1.835,2.2548,0.0066,0.3263,0.0735,-0.6206,-0.0715,0.0528,1.378,0.42,-1.313,0.0036,0.0482,0.0372,0.0082,0.6131,-0.077,-0.428,-0.1172,0.1448,-0.268,-2.7091,0.3231,-2.0432,0.111,-0.0167,-0.0621,-0.118,0.3827,-0.3728,-0.1406,1.2471,-2.2421,0.3673,-0.1079,-0.108,0.403,-0.0817,0.3188
539,5599,108,4,walking,0.0736,-1.3762,0.0879,0.0388,-0.1485,-0.5347,-0.8784,0.0838,0.063,0.8587,0.708,0.077,-0.1614,0.0626,-0.1554,-0.5557,0.3159,0.0318,0.2619,0.165,-0.6358,0.003,0.0082,1.8087,0.536,-1.6082,-0.281,0.1056,0.1118,-0.032,0.269,0.2014,1.1004,-0.1285,-0.0646,0.0169,-2.2237,0.4682,-0.3607,0.0579,0.1161,-0.0094,-0.3437,0.7108,-0.1582,-0.0877,-2.7522,-0.3285,-1.5484,0.084,0.0294,-1.4504,-0.4629,0.2561
540,5600,108,4,walking,0.0814,-1.1894,0.1241,-0.1588,-0.131,-0.535,-0.2645,0.1268,0.0433,1.2874,-0.3923,-1.6682,-0.2102,0.0316,0.145,-1.9649,0.7709,-0.2133,0.6389,-0.2371,-0.594,-0.0613,-0.1275,-1.7741,0.4416,1.0219,-0.1573,0.1317,-0.1021,0.1773,0.0997,-0.0243,-1.8323,-0.1388,-0.2122,-0.1044,-2.1517,0.4448,1.8338,0.0462,-0.0825,-0.0181,-0.2731,0.3689,-0.1004,-0.3732,0.1344,-1.8623,-0.4954,-0.2252,-0.323,0.0495,-0.2462,0.0642
542,5602,108,4,walking,0.0111,-1.1774,0.0311,-0.0829,-0.1923,-0.5265,-0.9699,0.1304,-0.004,0.6129,-1.5321,0.1233,0.0367,0.0774,-0.0242,2.3515,1.204,0.0632,0.4808,0.0374,-0.5608,-0.0079,-0.0218,-1.6085,0.5884,1.7361,-0.2169,-0.1783,0.0417,0.0025,-0.4596,0.1027,0.4511,0.0279,0.08,0.1206,-0.008,0.5522,-0.0055,0.2087,-0.043,0.1238,0.0161,0.8834,0.0235,0.0862,-0.2169,0.0273,-0.0749,0.0254,-0.0376,-0.0085,0.034,-0.0126
543,5603,108,4,walking,0.1144,-1.3142,-0.0668,-0.0517,-0.229,-0.5084,-0.8187,0.1217,-0.2744,-2.358,-1.8201,-0.2013,-0.059,-0.1878,-0.2588,-0.9824,-2.0118,-0.1176,0.0249,-0.1754,-0.6867,-0.0023,0.0038,1.2674,0.4399,0.1433,0.0846,0.2129,-0.2468,-0.0476,-0.0646,-0.1105,-1.4146,-0.1311,-0.0104,-0.1094,2.6423,0.3377,2.072,0.1545,-0.035,-0.1363,0.0817,0.3779,-0.3419,0.2503,0.5875,-1.6711,0.7212,0.1486,-0.278,0.933,0.3763,0.0469
544,5604,108,4,walking,0.0033,-1.4034,0.0105,-0.2112,-0.2167,-0.3348,-0.7604,0.0846,0.0246,-1.8234,-0.5186,0.2222,0.2648,-0.1674,0.0181,-0.7588,0.3141,0.0317,0.7194,0.036,-0.607,0.027,0.0052,-0.2093,0.438,-0.0039,-0.0364,-0.0526,-0.0384,-0.0326,-0.109,0.0741,0.275,0.0708,0.0786,-0.1073,-0.2312,0.4044,0.1304,0.1834,0.0214,0.0044,0.0417,0.4741,0.1325,-0.0644,0.06,-1.2061,0.0203,-0.0245,0.1385,-0.0028,0.0032,-0.0118
545,5605,108,4,walking,0.2301,-1.2304,0.0021,-0.1211,-0.0702,-0.68,-0.7269,-0.311,-0.1249,-1.2418,-0.5267,0.2073,-0.153,0.0245,0.0283,-1.1063,0.7177,0.1761,0.4034,0.0624,-0.5883,0.0534,0.088,0.0655,0.4228,-0.0277,0.1512,0.1011,0.0207,0.0024,1.131,-0.2854,0.1614,-0.0551,-0.0601,-0.2538,-0.5883,0.44,-2.2366,0.0332,-0.0626,-0.2501,-0.0447,0.3449,-0.0666,-0.4547,-2.4578,-2.3666,1.8533,-0.3284,-0.2821,2.3092,0.3422,-1.7136
546,5606,108,4,walking,0.1031,-1.4061,-0.1865,-0.2424,-0.0789,-0.6719,-1.104,0.0456,-1.4249,0.6661,-0.0865,0.1121,-0.091,0.1459,0.1018,-0.3679,-1.3071,-0.1246,0.0915,-0.107,-0.6546,-0.0421,0.0223,-0.3458,0.4037,0.7255,0.1786,0.0621,-0.0553,0.1476,0.5203,-0.1246,0.2828,-0.0546,-0.1007,-0.1672,2.1018,0.3735,2.7703,0.0704,0.0114,0.1443,0.2273,0.4049,-0.261,0.1486,-1.883,0.0633,-0.865,0.3379,0.3204,1.7429,0.1177,-0.0872
547,5607,108,4,walking,0.0183,-1.2841,0.0438,0.1824,-0.202,-0.4489,-0.3355,-0.2124,0.026,1.1551,1.6139,-2.4664,-0.3884,-0.1254,0.2651,1.466,-0.0721,-0.0141,0.3661,0.0044,-0.6511,0.0171,0.0658,0.016,0.5403,-0.7701,0.0049,-0.1089,0.1731,-0.0401,-0.0849,-0.0866,-1.017,-0.1805,-0.009,-0.2847,1.2814,0.6068,-1.2024,0.07,-0.08,0.0264,-0.0644,0.3404,-0.1555,0.1086,1.1402,2.1274,1.16,-0.3113,-0.3672,-2.0291,-0.058,0.005
551,5611,108,6,cycling,0.0263,0.5524,-0.0461,0.1788,0.0931,-0.2947,1.4521,0.1188,0.023,-0.035,0.0113,0.1022,-0.0552,-0.0111,-0.0442,-0.06,-0.0454,-0.2335,-0.0885,0.0557,0.2619,-0.0784,-0.0082,-0.0085,-1.1219,-0.0522,-0.1202,-0.0357,-0.0245,-0.1505,-0.0646,0.0345,-0.0889,0.1888,0.0443,0.0783,0.0415,-0.4939,0.0677,-0.8801,-0.012,-0.018,-0.005,0.3247,-0.0674,0.1288,-0.1542,0.2556,0.2051,-0.0603,0.1344,-0.1523,0.0754,0.0311
552,5612,108,6,cycling,0.0266,0.4531,-0.0304,0.047,0.1246,0.5329,1.3912,0.0062,0.0001,-0.0666,0.13,0.0036,0.0517,-0.026,-0.0088,0.0089,0.027,-0.0095,-0.219,0.015,0.1817,0.0015,-0.0085,-0.0411,-1.1719,-0.0033,0.037,0.0222,0.0416,0.057,-0.1231,-0.0437,-0.0577,0.0316,-0.046,-0.0401,-0.0176,-0.7878,0.0013,-0.7104,-0.0203,-0.0022,-0.043,0.4842,-0.0224,-0.0404,0.0571,0.0207,0.0164,-0.0108,0.0336,-0.0157,0.0005,0.0032
553,5613,108,6,cycling,0.0614,0.4484,-0.0072,0.1446,0.2261,0.3183,1.5522,-0.1854,0.115,-0.2287,-0.3238,-0.0368,-0.1389,-0.0254,-0.0343,-0.1168,0.0416,0.0163,-0.4437,0.0051,0.4626,0.0177,-0.0106,-0.043,-1.1238,0.0137,-0.0373,0.0865,-0.1426,0.0663,-0.2236,-0.1166,0.4532,0.125,-0.2346,0.1251,0.211,-0.358,0.2072,-0.9337,-0.0205,0.0377,-0.0361,0.558,0.0541,-0.0253,0.0695,0.215,0.2216,-0.0116,0.0784,-0.2842,-0.084,0.0129
554,5614,108,6,cycling,0.0082,0.4264,-0.007,0.1057,0.1237,0.1712,1.2853,-0.0423,-0.144,0.0218,0.0205,0.0422,-0.066,0.012,0.0428,0.0279,-0.0026,0.0234,0.0377,0.0404,0.2177,0.0333,0.0027,0.0345,-1.1163,-0.0107,-0.0633,0.1176,0.001,0.1363,0.0217,0.0033,-0.0341,0.0381,0.0271,0.0046,0.03,-0.53,-0.0035,-0.6057,0.0255,-0.0202,-0.0337,0.62,0.014,0.0382,0.005,-0.0149,0.0186,0.0104,0.0204,-0.0327,-0.0035,-0.007
555,5615,108,6,cycling,0.0446,0.44,-0.0017,0.1876,0.0517,0.6009,1.337,-0.1142,-0.0402,-0.0662,-0.1073,-0.003,-0.1157,-0.0327,-0.0253,0.1181,0.0233,-0.1227,-0.4442,-0.0104,0.2336,-0.0172,-0.0358,0.0503,-0.9854,-0.0802,0.1372,0.15,0.1267,0.1017,1.2616,-0.0566,-0.2112,-0.32,-0.0969,0.0059,0.0108,-0.5408,0.0108,-0.8458,-0.0085,-0.0029,-0.0038,0.6147,0.0301,-0.0315,-0.0351,0.0225,-0.0038,0.0333,-0.0136,-0.0238,0.0101,-0.0155
556,5616,108,6,cycling,0.0218,0.2671,-0.1756,-0.0212,-0.3101,-0.9534,1.4327,0.1381,-0.0707,-0.1863,0.1516,-0.1469,-0.036,-0.0047,-0.0483,-0.0755,-0.0556,-0.0462,-0.1346,-0.1116,1.2501,0.065,0.0624,0.0547,-1.0249,0.0032,0.026,-0.0167,-0.0545,0.0078,0.1068,-0.0472,0.0729,0.1414,-0.1885,-0.0262,0.0184,-0.3507,0.0072,-1.1284,0.0218,0.0183,0.0251,0.6168,-0.0488,-0.0164,-0.0539,0.0163,0.0374,-0.0204,0.0627,-0.0284,-0.0042,0.0206
558,5618,108,6,cycling,0.0131,0.3352,-0.0039,-0.1142,-0.1341,-0.357,1.2139,-0.046,0.0178,-0.0887,-0.1186,0.036,-0.0524,-0.0332,0.018,-0.0108,0.0694,0.1433,-1.151,0.0264,0.2202,-0.0019,-0.0221,0.0237,-1.2078,-0.1004,-0.0174,0.0221,0.0323,-0.073,0.4844,-0.0014,0.2306,-0.2086,-0.0365,-0.0236,0.0301,-0.5724,0.0086,-0.9027,0.038,-0.0017,-0.0024,0.3924,-0.0318,0.0505,-0.0166,0.0012,-0.0021,0.0126,-0.0092,-0.0092,-0.035,-0.0087
559,5619,108,6,cycling,0.0051,0.4737,-0.0056,-0.0175,-0.1648,-0.3814,1.5091,-0.0518,0.0173,-0.0344,0.0414,-0.0243,-0.0347,-0.0011,-0.0347,0.0166,-0.0606,-0.0454,-0.0301,-0.031,0.2885,-0.004,0.0213,0.0648,-0.9405,0.0778,-0.0031,-0.0574,-0.0217,0.0189,-0.1522,-0.0044,-0.0546,-0.0289,0.0336,-0.0214,0.021,-0.266,-0.0049,-0.6869,0.0035,0.0058,0.0241,0.542,-0.0015,0.0088,-0.0486,0.0086,-0.0019,-0.024,0.0045,-0.0126,0.0016,-0.0102
560,5620,108,6,cycling,0.0222,0.4245,-0.0034,-0.1232,-0.3477,-0.6013,1.4165,0.064,-0.0001,-0.0162,-0.0211,0.0024,-0.0221,-0.0061,0.038,0.0408,0.0229,-0.036,-1.1681,-0.0304,0.1794,-0.0168,-0.0175,-0.0561,-1.0244,-0.0104,-0.0131,-0.0248,-0.045,-0.0501,0.263,-0.042,-0.0655,-0.0635,-0.0683,-0.0361,-0.0142,-0.3774,-0.0247,-0.9472,0.0106,0.0018,-0.0123,0.2604,-0.0278,-0.0089,0.0149,-0.0349,0.0013,-0.0087,0.0068,-0.0314,-0.0067,0.0135
563,5623,108,6,cycling,0.0485,0.3746,-0.034,-0.1119,-0.2442,-0.6034,1.419,0.0787,0.0645,0.1362,0.1718,-0.1266,-0.0569,-0.0075,0.0345,0.0766,0.1687,-0.0041,-0.3324,0.0551,0.1594,-0.02,-0.0027,0.0683,-1.124,-0.1883,-0.0584,0.0644,-0.0364,-0.0274,-0.3025,0.0515,-0.2103,0.125,-0.1175,0.1404,0.1286,-0.6167,-0.285,-0.7962,0.0485,0.0532,0.0136,0.497,0.0668,0.0623,-0.2011,0.1066,0.236,-0.2141,0.0503,0.2274,-0.1165,-0.0116
564,5624,108,6,cycling,0.0634,0.5063,-0.0466,0.1083,-0.3445,-0.9942,1.4089,-0.0102,0.2368,0.1364,-0.035,0.0733,-0.1001,-0.1746,-0.1201,0.0151,0.0018,-0.1026,-1.5643,-0.1146,0.4607,-0.0135,-0.0228,0.0617,-0.9748,0.0155,0.1866,-0.1068,0.0374,-0.0788,0.1824,-0.0429,-0.121,-0.1518,-0.1137,-0.0105,-0.0143,-0.5458,-0.0307,-0.9527,-0.021,-0.0153,-0.0214,0.6863,-0.0314,0.1331,-0.0043,0.0028,-0.1723,0.1338,0.0265,-0.0469,-0.0031,0.0116
565,5625,108,6,cycling,0.0254,0.4121,-0.0214,0.0774,0.0137,0.1056,1.3944,-0.0852,0.0018,-0.0042,-0.0547,0.0147,-0.009,0.005,0.0085,-0.0365,0.0076,0.0083,-1.3462,-0.0305,0.1184,0.0043,0.0158,0.0106,-1.0342,0.0066,-0.0178,0.0551,-0.0035,-0.0224,-0.3337,-0.0075,0.0288,0.0356,-0.032,0.0337,0.0001,-0.209,-0.0041,-1.1092,0.0112,0.0028,0.0089,0.3751,0.0023,0.0044,-0.0157,0.0025,0.0046,0.0008,0.02,0.001,0.006,0.0003
567,5627,108,6,cycling,0.1611,0.5165,-0.0048,0.1848,-0.3321,-0.2969,1.0268,-0.0387,0.0252,0.0088,0.0673,-0.0626,-0.0178,0.124,-0.0135,-0.1539,0.1358,0.0103,0.1981,-0.0255,0.041,-0.012,0.0113,0.0135,-0.9926,0.1205,0.032,-0.0554,0.0099,0.0276,-0.2012,0.0371,0.3107,-0.068,0.0423,0.0435,0.0218,-0.1716,-0.0071,-0.917,0.004,0.0089,0.0282,0.5546,0.0046,0.022,0.0501,-0.0403,0.0323,0.0069,0.0154,-0.0321,-0.011,-0.0051
568,5628,108,6,cycling,0.0133,0.3367,-0.1172,-0.1345,-0.0205,-0.2954,1.3264,-0.0231,-0.0077,0.0473,0.0679,-0.0113,-0.0152,-0.0041,-0.0317,-0.0253,0.0309,0.0011,-1.1057,0.0163,0.5193,-0.0012,-0.0176,0.064,-1.0547,-0.0165,0.0488,-0.0158,-0.0221,0.0131,-0.4351,0.0015,0.0135,0.0363,-0.0282,0.0128,-0.0069,-0.4793,-0.0016,-1.0696,-0.001,-0.0069,-0.0256,0.3372,-0.01,0.022,-0.0142,-0.0058,0.0253,0.0104,0.0033,-0.0337,-0.0134,0.0018
569,5629,108,6,cycling,0.0402,0.4311,-0.0647,-0.0849,-0.1156,-0.1174,1.3543,-0.0282,0.0888,0.2438,0.2378,0.1222,-0.0573,0.0429,0.0017,0.0228,0.0302,0.1084,-0.4487,-0.0717,0.436,0.0207,-0.0532,0.1621,-1.0491,0.2844,-0.3186,0.1069,-0.0817,-0.1866,1.5531,0.0414,-0.1473,0.0842,0.0333,-0.1061,-0.0048,-0.5781,0.0323,-0.9503,0.0107,0.0081,0.0059,0.4303,-0.0094,0.0276,0.0242,0.0171,0.0453,-0.0101,0.0058,0.0607,0.0059,0.0055
571,5631,108,6,cycling,0.0371,0.4198,-0.0571,-0.1328,-0.0569,-0.6705,1.4289,0.001,0.076,-0.0773,-0.0453,-0.0264,-0.0202,0.001,-0.0278,-0.0305,-0.0051,-0.0214,-1.0672,-0.0021,0.382,-0.0144,-0.0348,-0.002,-1.1732,-0.0277,-0.0666,-0.0401,-0.0307,-0.0752,-0.2237,-0.0066,-0.0844,0.034,-0.0726,0.0108,-0.0014,-0.8152,0.0052,-1.027,0.0184,-0.0091,-0.045,0.4801,-0.036,0.0286,0.0217,0.0243,0.0036,0.0116,0.0167,0.0083,0.0026,0.0071
573,5633,108,6,cycling,0.0251,0.5253,-0.0228,-0.0951,-0.1844,-0.6249,1.4338,-0.0107,0.1123,0.0027,-0.028,-0.0137,-0.0032,-0.0255,-0.0146,0.0479,0.0083,-0.0206,-1.1739,0.0503,0.5792,-0.0444,-0.0289,0.0303,-1.1313,0.0155,0.0044,-0.0223,0.0075,0.0201,-0.2022,-0.0236,-0.0414,-0.04,-0.0288,-0.0154,0.0134,-0.4825,0.0029,-1.111,0.022,-0.0222,-0.017,0.5874,-0.0131,0.0006,0.0138,-0.0005,0.0067,-0.0081,0.0193,-0.0108,-0.0108,0.0107
574,5634,108,6,cycling,0.0265,0.5278,-0.0553,0.0154,-0.2259,-0.6756,1.4089,-0.1583,0.2078,0.1581,0.0671,0.0033,0.0139,0.0105,-0.0347,-0.1482,0.1114,-0.1306,0.2175,-0.1761,0.2857,0.0061,0.0424,0.036,-1.1403,0.1728,-0.0882,-0.0433,0.0255,0.0411,0.1044,0.0312,0.201,0.0414,-0.2063,-0.0459,-0.1562,-0.379,0.0653,-0.7935,0.0337,-0.0676,0.055,0.4771,0.085,0.0121,-0.0212,0.1404,0.0868,0.0033,0.0571,0.1154,0.0626,-0.0027
579,5639,108,6,cycling,0.0212,0.4211,-0.0196,0.036,0.2183,0.3886,1.5382,0.0863,-0.1422,-0.0863,0.1285,0.0787,-0.0052,-0.0285,-0.0669,-0.0536,0.1704,0.0273,-1.3058,0.0343,0.306,-0.0032,-0.0333,-0.0821,-1.1429,0.0153,0.0556,0.1582,-0.0543,0.1478,0.2418,-0.0682,-0.4705,0.1246,-0.0515,-0.0774,0.0072,-0.8239,-0.0334,-1.2612,0.0077,0.01,0.0433,0.2964,-0.0015,-0.0206,-0.015,0.0628,0.0463,0.0357,0.0023,0.0273,0.0373,0.0201
580,5640,108,6,cycling,0.1503,-0.2572,0.0157,-0.1788,-0.5144,-1.5855,1.5689,0.1182,0.1787,0.002,0.2457,0.1412,-0.0226,0.0427,0.0672,0.0814,-0.0363,0.2225,-0.2067,0.163,0.3313,0.0258,-0.0372,-0.1737,-0.9861,-0.1637,0.2296,-0.0503,0.048,-0.137,-0.4522,-0.0209,-0.5185,-0.0665,-0.1824,-0.1139,-0.0463,-0.3842,0.0556,-0.7,-0.0215,-0.0149,0.0373,0.4322,0.064,0.0163,-0.0477,-0.1136,-0.2041,-0.0681,0.1567,-0.1045,0.1538,-0.0248
581,5641,108,6,cycling,0.0423,0.4778,-0.0617,0.1835,0.1412,0.5549,1.236,0.0323,0.2233,0.3301,-0.1214,-0.0834,-0.0683,0.0313,-0.005,-0.0324,-0.1255,0.0266,-0.1324,0.0109,0.0379,0.0573,0.0744,-0.0074,-1.0359,-0.1501,-0.1403,-0.0332,-0.0074,0.0161,0.0768,-0.0375,0.1438,-0.057,-0.0274,0.0353,0.1365,-0.4051,-0.1478,-0.9224,-0.137,0.0242,-0.1533,0.5222,-0.178,0.1142,-0.0318,-0.215,0.1259,0.1721,0.0287,-0.1187,-0.0423,0.0728
584,5644,108,6,cycling,0.0486,0.489,-0.0356,-0.0577,-0.2023,-0.7028,1.4481,0.0134,-0.0473,0.1681,0.1632,0.0451,0.0059,0.0147,0.0229,0.0871,-0.0351,-0.0318,-0.4371,-0.0444,0.4616,0.0078,0.0023,0.0257,-1.0791,0.0309,-0.1131,-0.0597,-0.0746,-0.0134,0.2413,0.0077,0.0801,-0.036,0.0027,0.02,0.003,-0.8521,0.0026,-0.9476,0.0024,-0.0176,0.0085,0.6684,0.0026,0.0057,0.0535,-0.0301,0.0155,0.0002,0.0172,-0.0317,0.005,0.0024
585,5645,108,6,cycling,0.005,0.5474,-0.0507,0.0467,0.0799,-0.2787,1.3816,0.0262,0.0579,0.2555,0.1077,-0.0482,0.0255,-0.0615,0.0354,0.0326,0.0083,-0.1077,-1.0266,-0.0322,0.1946,-0.0383,-0.0165,0.0102,-1.1177,0.004,0.0468,0.0708,0.0016,0.1459,-0.5324,-0.0377,-0.5682,-0.167,-0.0704,-0.0013,-0.0584,-0.5058,-0.0107,-0.7301,0.0211,-0.011,0.0655,0.6195,-0.0368,0.0109,-0.1226,-0.2026,0.1833,0.0365,0.0694,-0.0134,-0.0136,0.0274
586,5646,108,6,cycling,0.0202,0.4924,-0.0456,-0.1332,-0.193,-0.4631,1.4467,0.0242,0.141,0.1484,0.0417,-0.1023,-0.0065,-0.0268,0.0107,-0.0228,0.0224,0.0337,-1.059,0.006,0.231,0.0236,0.0086,0.0067,-1.0484,0.0126,0.0011,0.0084,0.0365,0.0343,-0.5378,0.025,-0.166,0.0402,-0.0386,-0.0527,-0.0083,-0.3432,-0.0014,-0.975,-0.0022,0.0059,0.0083,0.7078,-0.004,-0.0128,0.0239,-0.0047,-0.0317,0.0074,0.0193,-0.037,0.0124,-0.0028
587,5647,108,6,cycling,0.0432,0.6078,-0.0725,-0.1511,-0.4318,-0.7131,1.4677,0.0446,-0.0438,-0.1203,0.0806,-0.0771,-0.052,0.0211,0.0228,0.0454,-0.0458,0.104,-0.3544,0.0429,0.2748,-0.0656,0.0445,0.1635,-1.0302,0.0761,0.232,0.1331,-0.1726,0.1249,-0.2016,0.0612,0.0705,-0.1612,-0.0617,0.0246,0.0029,-0.8554,-0.014,-0.9787,0.0074,0.0281,0.0682,0.288,0.0232,0.0616,-0.0439,-0.0161,-0.1331,-0.0095,-0.084,-0.0065,0.0131,0.0177
590,5650,108,6,cycling,0.0417,0.6444,-0.1405,-0.1211,-0.1872,-0.4882,1.3934,-0.1577,0.1016,-0.4359,0.0355,0.0135,-0.1204,0.027,-0.0737,-0.0818,-0.0383,0.0764,-0.0598,0.0823,0.0676,0.0146,0.0205,0.0576,-1.1322,0.0298,-0.217,0.0868,0.0307,0.0785,0.2379,-0.0135,-0.1548,-0.1558,0.1442,0.0268,0.0001,-0.5591,0.0027,-0.6884,0.0136,0.0076,0.0665,0.7538,0.046,0.009,-0.1038,-0.0141,0.0147,-0.027,-0.0168,0.1248,-0.01,0.0049
591,5651,108,6,cycling,0.0455,0.3583,-0.0362,-0.098,-0.2716,-0.688,1.4826,-0.1068,-0.0018,0.117,0.0347,0.1066,-0.0182,-0.0327,0.0687,0.1548,0.0525,0.0345,-0.2538,0.0802,0.4089,-0.0521,-0.0382,-0.0566,-1.0533,0.1224,0.1471,0.0523,-0.1242,-0.1076,1.6351,-0.0538,-0.132,-0.011,-0.0278,0.0266,-0.0677,-0.3841,-0.0152,-0.9741,-0.0215,-0.0092,-0.0261,0.3969,-0.0437,-0.0562,0.0402,-0.1149,0.1652,-0.0731,0.0141,0.0631,0.0514,-0.0405
593,5653,108,6,cycling,0.1486,-0.0803,0.1162,0.1343,-0.2453,-0.5811,1.2904,-0.0605,-0.3442,-0.1029,-0.0409,-0.0689,-0.0871,-0.1581,0.1407,0.0074,0.1069,0.0179,-0.0663,0.0469,0.1262,0.054,0.0101,-0.0247,-1.0647,0.0011,0.1003,-0.1541,0.0427,-0.1266,0.0845,0.0138,0.1533,0.0583,0.138,-0.0734,-0.0463,-0.6037,0.0277,-0.7185,0.0476,0.035,0.074,0.4566,-0.0033,-0.1006,0.0578,0.122,-0.0564,-0.1079,-0.063,-0.0383,-0.0331,-0.0348
594,5654,108,6,cycling,0.0656,0.5313,-0.1178,0.1151,-0.472,-1.0178,1.2469,-0.105,-0.0746,0.012,0.0246,-0.0062,-0.128,-0.0073,-0.0281,-0.0482,-0.0412,0.027,-0.0661,-0.0104,0.4238,0.0026,-0.027,-0.004,-1.0834,0.0056,-0.0328,-0.0095,-0.011,-0.0064,0.0275,-0.0094,0.1028,0.0184,0.0268,-0.0268,-0.0173,-0.8243,0.0005,-0.869,0.0088,-0.0183,-0.0258,0.5436,0.0382,0.0211,0.0062,-0.0138,0.0086,0.0083,0.0053,0.0279,0.0015,-0.0053
596,5656,108,6,cycling,0.0177,0.3618,-0.028,0.062,0.2153,0.2544,1.1532,0.0146,0.0341,-0.0244,-0.0209,0.0302,0.0175,0.0104,0.004,0.0086,0.015,0.1019,-1.0378,0.1473,0.312,-0.0534,-0.0179,-0.1264,-0.7629,0.1653,0.0132,-0.0646,-0.0657,-0.0322,0.1835,-0.0469,0.4614,-0.1589,0.1668,0.0459,0.0257,-0.6642,0.0052,-0.9229,0.0466,-0.0084,0.0281,0.4937,0.0331,0.0049,0.0451,0.0301,0.024,0.0341,0.0069,-0.0455,-0.0227,-0.0037
598,5658,108,6,cycling,0.005,0.2691,-0.0318,0.0346,-0.1141,-0.4312,1.3887,0.0687,0.1113,-0.04,-0.171,-0.0751,-0.0432,-0.027,0.0043,-0.0154,0.0361,-0.1677,-0.6715,-0.0551,0.3165,-0.0302,-0.0211,0.0745,-0.9484,-0.0363,0.2039,-0.0533,-0.0619,-0.1128,-0.2736,-0.0458,-0.3763,-0.0426,-0.0605,0.0135,0.006,-0.4537,-0.0342,-1.0973,-0.0314,-0.0286,-0.0123,0.5667,-0.0336,0.0029,0.0037,-0.0057,-0.036,-0.0344,0.0564,0.0362,-0.0028,-0.0051
599,5659,108,6,cycling,0.0732,0.4363,-0.033,-0.1004,-0.1451,-0.2479,1.1774,-0.027,-0.0609,-0.0607,0.0877,-0.0182,-0.0227,0.0044,-0.0112,0.0053,-0.0573,0.0014,-1.017,0.0241,0.4503,-0.0305,0.0066,-0.1684,-1.0287,-0.1226,-0.2026,-0.1474,-0.0204,-0.1755,-0.0308,0.0202,-0.0729,0.0357,0.0402,0.0046,0.0062,-0.6052,0.0032,-0.9269,-0.0095,0.0015,0.0065,0.6292,0.0301,0.0018,-0.0421,-0.0012,-0.0027,-0.0166,0.0206,-0.0385,-0.0142,0.0023
601,5661,108,6,cycling,0.0357,0.627,-0.0288,0.1323,0.3565,-0.9342,1.4689,0.081,0.1362,-0.0245,-0.0872,0.0454,-0.0811,-0.005,0.0371,-0.0732,0.0877,-0.0617,-0.1191,-0.0574,0.0537,0.0623,-0.0646,0.1381,-1.046,0.0025,0.0697,0.2841,-0.2004,0.2016,-0.2541,-0.0416,-0.5371,-0.15,-0.1879,-0.0235,0.006,-0.2398,-0.0186,-0.9492,-0.0185,-0.0516,-0.0387,0.5178,-0.0655,-0.028,0.0557,0.0431,0.0646,0.0162,0.0204,0.0375,0.0148,-0.0035
602,5662,108,6,cycling,0.0017,0.5148,-0.043,0.0873,-0.1357,-0.584,1.4086,-0.0385,-0.2533,-0.0421,-0.0256,-0.0804,-0.0275,0.0454,0.0337,0.0403,0.1017,0.1766,-1.574,0.0196,0.2362,0.0389,-0.0361,0.0169,-1.2655,-0.1144,-0.0444,0.1204,0.0135,0.0889,-0.0538,-0.0315,0.0437,0.068,0.1345,0.0291,0.0674,-0.3,-0.0074,-0.9334,-0.0344,0.0103,-0.0053,0.6178,0.0127,-0.0625,0.0233,0.0306,0.0271,0.0358,0.0159,0.0657,0.0357,-0.0113
604,5664,108,6,cycling,0.0462,0.4373,-0.1463,0.1568,0.0996,0.2201,1.1037,-0.0816,0.0049,-0.0603,-0.061,0.1742,-0.0688,0.01,0.0783,-0.0079,0.0179,0.0351,-0.2644,0.0013,0.2906,0.0423,-0.0224,0.0224,-1.0275,0.0646,-0.0424,0.0138,-0.0305,-0.0214,-0.1988,-0.0277,-0.087,0.0046,0.0238,0.0264,-0.0553,-0.576,-0.015,-0.7792,0.0066,0.0032,0.0358,0.3914,0.0102,-0.037,0.0539,0.0047,0.0105,-0.0089,0.0202,0.0206,-0.0043,-0.0013
606,5666,108,6,cycling,0.0107,0.5584,-0.0527,0.0067,0.1592,0.3222,1.4076,0.0618,-0.114,-0.1238,0.1186,-0.0629,-0.0416,-0.011,0.0468,0.0605,0.0312,0.0285,-1.2233,0.0381,0.1814,-0.006,-0.015,0.007,-1.4177,0.0227,0.1003,0.0082,-0.0184,-0.0589,0.0438,0.0054,0.2564,-0.0471,-0.0647,0.0363,-0.0006,-0.7622,-0.0032,-0.6484,-0.0158,-0.0256,-0.0334,0.2806,-0.003,0.0118,-0.0364,0.0222,0.0542,-0.0028,0.0086,0.025,-0.0015,0.0047
607,5667,108,6,cycling,0.0176,0.5039,-0.0614,0.1037,-0.3253,-0.8382,1.4214,-0.1883,-0.3151,0.0423,0.0187,0.0512,-0.0825,0.0081,0.0438,0.033,-0.0476,-0.0407,-0.1455,-0.0434,0.4614,-0.0092,-0.0535,0.0557,-1.0051,-0.1103,0.0321,0.0852,-0.0054,-0.0377,0.0417,-0.0033,0.0487,0.0092,-0.1463,-0.0676,-0.0037,-0.5444,0.0007,-0.773,-0.0135,-0.0091,-0.0421,0.5743,-0.054,-0.0542,0.0201,-0.0354,-0.0529,-0.0106,0.0355,-0.0354,0.0006,0.0034
608,5668,108,6,cycling,0.0037,0.4809,-0.0464,-0.1413,-0.382,-0.6327,1.4792,-0.1362,-0.1561,0.0758,-0.1158,-0.1703,-0.0107,-0.0661,-0.0231,0.0404,0.1304,0.0511,-0.1291,0.021,0.4884,-0.0187,-0.0653,0.0842,-1.0093,-0.0332,0.1608,0.2751,-0.1744,-0.1166,-0.0799,0.0761,-0.1466,-0.0313,0.0201,0.1506,0.0133,-0.3218,-0.007,-1.1357,-0.0489,0.004,0.0098,0.3973,-0.0288,0.0226,0.0571,-0.0187,-0.1321,-0.0066,0.0606,0.1424,-0.0408,0.012
610,5670,108,6,cycling,0.0183,0.4214,-0.0222,0.1651,0.1595,0.2007,1.4794,-0.0578,-0.1164,0.0156,0.0382,-0.0055,-0.0234,-0.0002,0.0077,0.0416,-0.043,0.0318,-0.3808,-0.0126,0.3303,-0.0188,0.0002,-0.0135,-1.1521,0.0268,0.0045,0.0135,-0.043,-0.0093,-0.1496,-0.009,-0.053,-0.0377,-0.0433,0.0135,-0.0067,-0.4887,-0.0077,-1.0126,-0.0025,-0.0181,0.0317,0.5844,0.032,0.0043,0.0362,0.0151,0.0287,-0.0184,0.0209,-0.0299,-0.0116,-0.0011
611,5671,108,6,cycling,0.0151,0.3161,-0.0702,-0.0836,-0.3634,-1.1466,1.5225,0.0854,0.0428,0.1471,0.0362,-0.1042,-0.0435,-0.0252,0.0452,0.0182,0.1511,-0.1303,-0.4639,-0.0421,0.1714,0.0441,0.0554,0.2858,-1.1379,-0.0152,0.1851,0.041,-0.185,0.1051,0.3286,-0.0086,-0.2643,-0.1123,-0.0331,-0.0044,-0.061,-0.8047,0.1552,-0.7538,0.0225,0.002,0.0466,0.605,0.0353,-0.0403,0.2461,0.1011,0.0569,0.1163,0.0052,0.1659,0.0771,-0.0011
614,5674,108,6,cycling,0.0485,0.5851,-0.0192,-0.0688,-0.1297,-0.3471,1.4872,-0.0454,0.0271,-0.0518,0.0128,-0.0384,-0.0678,-0.0262,0.0528,-0.0504,-0.0045,0.1061,-0.2207,0.0146,0.2937,0.0078,0.0201,0.0743,-0.864,-0.0277,-0.0505,0.0161,0.0788,-0.0286,0.005,0.0416,-0.2301,0.1104,0.1538,0.0605,0.0144,-0.6568,0.0104,-0.694,0.0251,0.0061,0.0068,0.6044,-0.0056,0.0166,-0.0271,-0.0041,-0.0547,0.0322,0.015,-0.0487,-0.0285,0.0006
615,5675,108,6,cycling,0.0134,0.4831,-0.0411,0.1003,-0.3172,-0.8235,1.4323,-0.0733,-0.0022,-0.0727,-0.0868,-0.0284,-0.0639,-0.0477,0.0284,-0.009,-0.0486,-0.1704,-0.454,-0.1702,1.3943,-0.0442,0.0267,-0.0841,-1.0632,-0.0513,-0.0337,0.0019,-0.0355,0.112,-0.6717,-0.1675,-0.0383,-0.3806,-0.1045,-0.0042,-0.0272,-0.4672,-0.01,-1.2077,-0.0407,0.0044,-0.0074,0.6782,0.068,-0.0253,-0.0361,0.0582,0.0115,0.0367,0.029,0.0322,0.0004,0.0336
617,5677,108,6,cycling,0.1484,0.5205,-0.0573,-0.0226,-0.2462,-0.7468,1.3596,0.0326,-0.1772,-0.2748,-0.0513,0.1546,0.0229,-0.025,0.1106,-0.0807,-0.2112,0.1118,-0.2634,-0.0722,0.178,0.0046,-0.017,0.0605,-1.2217,-0.0768,0.0106,0.0696,0.0089,0.031,-0.0616,0.105,0.0324,-0.201,-0.0017,-0.0538,0.0161,-0.501,0.0005,-0.6087,0.0174,0.0065,-0.0164,0.7375,0.0254,-0.0461,-0.158,0.0142,-0.0623,0.0243,0.0529,0.042,0.0078,0.003
618,5678,108,6,cycling,0.0265,0.5439,-0.0248,-0.1183,-0.3723,-0.7877,1.5228,0.1527,-0.0708,-0.2036,-0.187,0.0379,-0.0394,0.0168,0.0366,0.0108,0.0222,-0.2281,-0.2844,0.005,0.3788,0.0221,0.0452,0.0018,-0.9923,0.068,0.0427,0.135,0.012,-0.1017,0.0748,-0.1354,-0.1187,0.047,0.0038,-0.1231,0.0123,-0.5214,-0.0062,-1.046,-0.0027,-0.0282,-0.0447,0.151,-0.0317,0.0023,0.0073,0.022,-0.0103,0.0341,0.0026,-0.0022,-0.0206,-0.0018
619,5679,108,6,cycling,0.0418,0.4418,-0.1284,-0.0787,-0.3673,-0.7041,1.221,0.2107,0.152,0.3361,-0.4314,-0.0827,0.0475,-0.02,-0.022,-0.1767,0.2675,-0.1336,0.2618,-0.0012,0.3401,0.0427,-0.0031,0.1704,-1.0617,-0.1467,-0.06,0.0714,-0.1346,0.1077,-0.141,-0.1322,0.6576,-0.1213,0.0783,0.0297,0.1681,-0.6479,-0.0108,-0.8546,-0.0275,-0.0214,0.0327,0.2637,0.0415,0.0872,0.1013,-0.1231,0.2562,0.0616,0.1433,-0.0618,-0.0093,-0.058
622,5682,108,6,cycling,0.0182,0.6088,-0.005,-0.0159,-0.107,-0.3781,1.444,0.0024,-0.0167,-0.1483,-0.2277,0.036,0.0368,0.0127,0.0273,0.0066,-0.0075,0.124,-0.6842,0.0542,0.4138,-0.0124,0.0136,-0.0413,-1.0003,0.0676,-0.0086,0.0846,0.0178,-0.0764,0.0535,0.0447,-0.0387,0.0286,0.0186,-0.0555,-0.0021,-0.4423,-0.0003,-0.991,-0.0133,-0.0016,0.0024,0.4441,0.0105,0.0112,0.0188,-0.0051,0.0247,-0.0115,0.0463,-0.0365,-0.0134,0.0034
625,5685,108,6,cycling,0.0121,0.3832,-0.1718,-0.1003,-0.4288,-1.1095,1.3244,0.2058,-0.1834,0.0493,0.0509,0.0587,-0.0537,0.0072,0.0186,0.1231,-0.0232,-0.1255,-0.5825,-0.1521,0.303,0.01,-0.0186,-0.1524,-1.4849,-0.0716,-0.2411,-0.2772,0.1226,0.0413,-0.1715,-0.096,0.214,-0.2461,0.1749,-0.0328,-0.035,-0.7501,0.0184,-0.9137,0.0123,-0.0186,-0.0176,0.4673,0.0353,-0.0096,0.0146,-0.0162,0.0388,-0.0038,0.0052,0.0133,-0.0046,-0.0006
626,5686,108,6,cycling,0.0436,0.6085,-0.0874,0.0758,0.1297,0.2674,1.5581,0.0424,0.1072,-0.2137,0.1519,0.1425,0.1038,-0.037,-0.0466,-0.0722,-0.1113,-0.2707,-0.4228,-0.0779,0.3728,-0.0023,0.0385,-0.0331,-1.0216,0.0662,0.0835,-0.0398,-0.0138,0.0357,-0.4147,0.0312,-0.3285,-0.3422,0.1273,-0.3075,0.0541,-0.7052,-0.0754,-0.6812,0.0162,0.001,0.0071,0.5613,0.003,-0.0578,-0.134,-0.0012,0.0086,-0.1524,0.0051,-0.0612,-0.0486,-0.0624
627,5687,108,6,cycling,0.0566,0.5088,-0.1238,-0.1242,-0.246,-0.7447,1.3763,0.086,0.1363,-0.2129,0.0112,-0.0764,-0.0469,0.0304,0.0066,-0.0031,0.0758,0.0412,-0.1648,0.0548,0.0166,-0.054,-0.047,-0.0702,-1.0628,-0.1302,0.2706,0.0173,-0.1384,0.1184,0.1246,0.0786,-0.1661,0.2372,0.0549,0.0322,-0.0431,-0.6706,0.1305,-0.9302,-0.0337,-0.0413,0.0652,0.7419,0.1364,0.1242,-0.0594,0.0274,0.0429,0.0227,0.0277,-0.0193,0.0177,0.0217
628,5688,108,6,cycling,0.0718,0.4595,-0.1364,-0.0723,0.3572,-0.34,1.3981,0.2139,0.1463,0.1283,-0.364,0.0072,0.0186,-0.0368,0.0701,0.0214,-0.1311,0.087,-0.2196,0.0095,0.2211,-0.0773,0.0341,-0.1073,-1.0326,-0.1753,0.206,-0.2289,0.0115,0.033,0.0616,0.0273,0.2033,-0.0203,-0.0304,-0.0131,-0.0712,-0.609,-0.0232,-0.79,0.0536,-0.0053,-0.0163,0.4707,-0.0701,0.1386,0.2606,0.1324,-0.2805,-0.0026,0.0462,-0.122,-0.0052,-0.042
629,5689,108,6,cycling,0.0127,0.3904,-0.047,-0.1372,-0.2491,-0.5462,1.1786,0.0179,-0.0861,0.2038,0.1106,0.123,0.1633,-0.0286,0.0324,0.1162,0.0189,0.0841,-0.2024,0.0155,0.2119,0.0637,0.0508,0.0415,-0.9869,-0.0628,0.021,-0.0111,0.0046,-0.0858,0.2776,0.075,-0.4114,0.0244,0.0442,0.1448,0.0063,-0.5527,-0.0111,-0.8567,0.0222,0.0343,0.0453,0.3857,-0.0574,0.0614,0.0104,-0.0485,0.0618,-0.0065,0.009,0.0282,0.0153,-0.0005
630,5690,108,6,cycling,0.0002,0.5173,-0.0433,-0.1038,-0.1133,-0.7301,1.4638,-0.0114,0.0462,0.002,0.0541,-0.007,-0.0457,-0.021,-0.0126,-0.0271,-0.0146,0.0324,-0.3941,0.0476,0.1366,-0.0208,0.0321,-0.0314,-1.0929,-0.0644,-0.0189,-0.0057,0.0147,-0.053,-0.0686,-0.0264,0.0779,-0.1203,-0.0175,-0.0278,-0.017,-0.6713,-0.0011,-1.2105,-0.008,-0.002,-0.0002,0.5779,-0.0058,-0.0036,0.0099,0.0041,-0.035,0.0207,-0.0039,-0.0335,-0.014,-0.0062
631,5691,108,6,cycling,0.0371,0.4849,-0.0372,-0.0608,-0.1434,-0.537,1.4686,-0.0131,-0.1138,-0.0124,0.1177,-0.0581,-0.0201,-0.0205,0.0183,-0.0519,-0.0794,0.065,-0.2868,0.0172,0.3884,0.04,0.015,0.0318,-0.7572,-0.0387,-0.0895,-0.1421,0.026,0.1457,0.5306,0.0208,-0.1877,0.1511,-0.106,-0.0025,-0.0201,-0.2471,-0.0468,-1.0597,-0.056,0.0146,0.0384,0.5061,-0.0157,0.0616,0.0204,0.0463,0.1513,-0.0361,0.0387,-0.0628,-0.0341,-0.0019
635,5695,108,6,cycling,0.0051,0.5302,-0.003,-0.017,-0.0603,-0.3372,1.3691,0.0253,0.0275,-0.024,-0.0247,-0.022,-0.001,-0.0003,-0.0124,0.0322,0.0356,-0.0133,-0.3216,-0.0043,0.2462,-0.0078,-0.0071,0.013,-1.1256,-0.0283,-0.0036,-0.0053,0.0167,-0.0065,-0.2775,-0.0106,-0.1368,-0.006,0.0202,0.003,-0.0035,-0.2492,0.0076,-0.9088,0.0131,-0.0247,-0.0171,0.4622,-0.0009,-0.0054,0.012,-0.0045,-0.0074,0.0031,0.0075,-0.0457,-0.009,-0.0004
638,5698,108,6,cycling,0.0032,0.4984,-0.052,0.138,0.1032,0.039,1.2148,0.0503,0.0167,0.0362,-0.1381,-0.08,0.0555,0.0306,0.0238,-0.0534,0.0236,0.0155,-1.3177,0.0378,0.3688,-0.01,0.0089,-0.026,-1.1414,0.0178,-0.065,0.0074,-0.0712,-0.0081,-0.2672,0.0212,0.0636,0.0161,0.0143,-0.0005,-0.0022,-0.4307,0.0041,-0.9959,-0.0025,-0.0063,0.0171,0.4167,-0.0111,0.0256,-0.0234,-0.0323,0.0078,0.0207,0.0381,-0.022,-0.0123,-0.0111
639,5699,108,6,cycling,0.0012,0.4768,-0.0482,0.0329,0.0169,0.2227,1.3802,0.1384,0.1518,-0.1865,0.2543,0.0227,-0.015,-0.0155,-0.0179,0.1265,-0.0749,0.0501,0.3063,0.0185,0.3144,0.0004,-0.0011,-0.2247,-1.0092,0.0324,-0.0415,-0.0374,-0.0318,0.0254,0.0389,-0.0229,-0.0313,0.0758,-0.0468,-0.0051,0.016,-0.445,0.008,-0.8502,0.007,-0.0076,0.0278,0.6372,-0.0103,-0.0001,0.0187,0.0234,0.0089,-0.0111,0.0193,0.0153,0.0074,0.0007
640,5700,108,6,cycling,0.0531,0.5106,-0.077,0.0374,-0.215,-0.8595,1.5632,-0.0262,-0.2121,0.0509,0.0166,-0.0211,-0.073,-0.041,0.034,0.0733,0.0434,-0.1686,-1.5336,-0.1166,0.2609,0.0036,0.0257,0.1656,-1.0279,0.0167,-0.1374,-0.082,0.0461,0.1503,-0.4203,-0.0782,0.084,-0.3174,0.1082,-0.0896,-0.0057,-0.81,0.0526,-0.9104,0.0556,0.0603,0.0686,0.2872,0.1601,0.018,0.0335,0.1537,0.0122,-0.0263,0.0163,-0.1211,-0.0161,-0.0551
642,5702,108,6,cycling,0.0005,0.299,-0.0188,0.0197,-0.1092,-0.3561,1.3233,-0.0038,0.0216,0.0472,0.018,0.0068,-0.0455,0.004,0.0127,-0.0111,-0.0339,0.0034,-0.4812,0.0262,0.3732,-0.0165,0.005,0.0006,-1.0662,0.0144,0.0045,-0.0364,-0.0243,0.0073,-0.3392,0.0031,-0.011,-0.0071,0.0261,-0.0013,-0.004,-0.3946,0.0031,-0.9183,0.0068,0.0016,-0.0052,0.5177,-0.0006,0.0076,-0.0007,-0.0102,-0.0069,0.0117,0.0186,-0.0381,-0.0029,0.0028
643,5703,108,6,cycling,0.04,0.3741,-0.1062,-0.1216,-0.3581,-0.9905,1.4676,0.2384,-0.316,0.0836,0.0095,0.0186,0.037,-0.04,-0.0653,0.0255,0.1386,0.0106,-0.1161,-0.041,0.4795,-0.0463,0.0161,-0.1319,-1.1522,-0.1412,-0.138,-0.2802,0.2183,-0.1642,0.6205,0.0324,0.0283,0.105,-0.0031,0.0465,-0.0806,-0.6202,-0.0062,-0.9743,-0.0242,-0.0152,0.1652,0.3913,-0.1247,0.0804,-0.0583,-0.1056,-0.1232,0.1019,0.0857,-0.0387,0.0247,0.0262
644,5704,108,6,cycling,0.031,-0.2763,0.0027,-0.0983,-0.421,-1.1643,1.2151,0.1286,-0.315,-0.3806,0.0435,0.1274,-0.1024,0.0156,0.0174,0.1462,-0.057,0.1741,-1.1091,-0.0193,0.3157,0.0107,-0.0187,0.017,-1.0087,0.134,0.0105,-0.0159,-0.0034,0.1039,-0.0232,-0.0708,0.0081,-0.1844,0.1561,0.0024,0.0654,-0.5428,-0.0416,-0.9951,0.0076,0.0102,-0.0562,0.7808,0.0546,-0.0471,0.0043,0.0468,0.0666,0.0076,0.0567,-0.0568,-0.0053,-0.0244
646,5706,108,6,cycling,0.0447,0.3867,-0.0194,-0.1742,-0.3185,-0.94,1.4021,0.0103,-0.2083,0.1439,0.16,0.0086,-0.0012,0.0178,-0.0372,-0.0274,-0.0845,-0.0672,-1.1592,-0.1071,0.2607,0.0116,-0.0342,-0.2602,-1.0004,-0.1003,-0.0466,-0.1242,0.0888,-0.2851,-0.3565,-0.0604,-0.2129,0.1115,0.1231,-0.0263,-0.0008,-0.3057,-0.0303,-0.9257,0.0077,-0.0026,-0.009,0.4808,-0.0023,0.0121,0.0165,-0.0446,-0.0329,0.0015,-0.0075,0.0404,-0.0053,-0.0006
648,5708,108,6,cycling,0.0118,-0.1178,-0.0201,-0.1677,-0.5723,-1.4261,1.4515,-0.0837,0.0548,0.11,0.1754,0.0027,0.0637,0.0205,0.0546,0.1649,0.0131,-0.0094,-0.0623,-0.0322,0.2649,0.0247,-0.0175,-0.0097,-0.8588,-0.0382,-0.1025,0.1016,-0.0033,-0.0342,0.1067,0.0278,-0.1776,-0.0442,-0.0388,0.0109,0.0178,-0.2538,0.006,-0.9963,0.0065,-0.0254,0.0013,0.3723,0.0067,-0.0152,0.0559,0.03,-0.0348,0.0082,0.0054,0.0149,0.0044,-0.0003
649,5709,108,6,cycling,0.1824,0.5842,0.0807,-0.1359,-0.2374,-0.6412,1.4542,-0.3302,0.3105,0.0877,-0.5832,0.3864,0.2012,0.0313,-0.1413,-0.2701,0.003,0.0568,-1.052,0.0724,0.3202,-0.0382,-0.1464,-0.043,-1.1711,-0.2212,-0.283,-0.0373,-0.0034,-0.0465,0.365,0.0203,1.4657,0.0528,-0.2526,0.0457,-0.037,-0.6119,-0.0237,-0.6586,-0.0236,0.0511,-0.065,0.5197,-0.0434,-0.1154,0.0303,0.1164,-0.117,-0.0814,0.0209,-0.1844,-0.0407,-0.1257
650,5710,108,6,cycling,0.0067,0.468,-0.0445,0.1093,0.3138,0.6484,1.2543,0.0674,0.0508,-0.0034,0.0227,0.0316,0.0229,0.0066,0.0212,-0.0466,-0.0181,-0.1649,-0.5295,-0.0227,0.1795,0.0019,-0.0238,-0.0876,-1.1595,0.0216,-0.1651,-0.1073,0.0282,0.1421,-0.1473,-0.0212,-0.1001,-0.2364,0.0406,-0.1241,0.0041,-0.6769,-0.0072,-1.0148,0.0122,0.0121,0.002,0.5885,0.0037,-0.031,0.0074,0.0174,-0.0072,-0.0057,0.0323,-0.0231,0.0045,-0.0061
651,5711,108,6,cycling,0.0564,0.3294,-0.0526,-0.1364,-0.0955,-0.1049,1.3537,-0.2582,0.2181,0.3418,0.238,-0.0309,-0.0179,-0.0647,0.0286,0.0263,0.0326,-0.0885,-1.5776,-0.1443,0.1187,0.0089,-0.0062,0.1045,-0.9957,-0.1284,-0.1047,-0.0147,0.0454,-0.0287,-0.177,-0.0875,0.5077,-0.2292,-0.0021,0.0284,0.0078,-0.7219,0.0144,-1.1587,-0.0243,-0.0302,-0.0211,0.3955,-0.0205,-0.0071,0.0064,0.0006,-0.0303,-0.0327,0.0341,-0.0239,-0.0022,-0.0066
652,5712,108,6,cycling,0.0383,0.2394,-0.0516,-0.1137,-0.1936,-0.8421,1.3304,-0.0811,0.105,0.1437,-0.3421,-0.288,-0.0871,-0.056,0.0102,-0.1509,-0.0194,-0.0435,-0.4396,0.0112,0.4353,-0.0303,-0.007,-0.1544,-0.9369,-0.076,-0.1729,-0.0415,-0.033,-0.0527,0.4296,0.0105,-0.1131,-0.0235,-0.0045,-0.0661,-0.004,-0.5314,-0.0126,-0.8816,-0.0047,-0.0334,-0.0628,0.3827,0.1061,0.0762,0.0294,0.0362,0.0804,0.037,0.026,-0.0269,-0.0178,-0.0073
653,5713,108,6,cycling,0.0507,0.5684,-0.0572,-0.0878,-0.2811,-0.845,1.2145,-0.0323,-0.1635,-0.2229,-0.0423,0.086,-0.0634,0.0354,0.012,0.1367,0.0466,0.0022,-0.7999,0.055,1.342,0.0528,0.0134,-0.0676,-1.0055,0.1586,0.2107,0.1075,0.1222,0.1813,-0.1157,0.0454,-0.4361,-0.0058,-0.1628,0.0026,0.0384,-0.7117,-0.0312,-0.8734,0.0231,0.015,0.0456,0.3804,0.0036,-0.0162,-0.0173,0.0488,-0.0258,-0.042,0.0136,-0.0114,0.0031,-0.0057
654,5714,108,6,cycling,0.0057,0.4285,-0.0657,-0.0307,-0.1656,-0.4531,1.3631,-0.0204,0.0161,0.018,0.0214,0.0168,-0.052,0.002,0.0028,0.0022,-0.0024,-0.1162,-0.4412,-0.0686,0.5135,-0.004,-0.0054,-0.0376,-1.0192,-0.0663,-0.0107,-0.0575,-0.006,-0.0026,-0.1561,-0.0707,-0.0757,-0.1426,-0.0116,-0.1432,-0.0108,-0.3178,-0.0144,-1.0512,-0.0245,-0.0224,0.0011,0.4292,-0.0064,-0.0106,-0.0136,-0.0114,-0.011,-0.0264,0.0231,-0.0148,-0.0116,0.001
655,5715,108,6,cycling,0.0111,0.2673,-0.0554,-0.1143,-0.3321,-0.8625,1.2442,0.0301,-0.1152,0.011,-0.0132,-0.0424,0.0323,0.0134,0.0237,-0.0065,-0.0362,-0.0154,-0.4952,-0.0429,1.2362,-0.0273,-0.0064,0.0457,-1.0596,0.0105,-0.1758,-0.1147,0.0568,0.0404,-0.4204,-0.0773,0.3532,-0.2152,0.0187,-0.0053,-0.0005,-0.5751,-0.0018,-0.9658,0.0051,-0.0123,-0.0424,0.5111,-0.0371,-0.024,-0.0173,0.0004,-0.031,-0.0124,0.0205,-0.0217,0.0103,0.0113
658,5718,108,6,cycling,0.0103,0.6302,-0.0461,0.0744,0.0556,0.1089,1.1904,0.0107,-0.0457,-0.0348,0.0163,0.0067,-0.0652,-0.0421,-0.0048,0.0081,0.0352,-0.0405,-0.6623,0.0329,0.3235,-0.025,-0.0367,0.0033,-1.1469,-0.044,-0.1153,-0.0091,-0.0381,-0.0789,-0.0982,-0.0501,0.1741,-0.0254,0.0246,-0.0725,0.0238,-0.319,0.0213,-0.7743,-0.0277,-0.0021,0.0488,0.6824,-0.0045,0.012,0.0198,0.0123,-0.0244,-0.0052,0.019,0.0377,0.0148,0.0029
659,5719,108,6,cycling,0.0047,0.4975,-0.1523,-0.1813,-0.4415,-0.8431,1.4485,0.3527,-0.0371,-0.0625,0.0622,-0.2057,0.022,-0.0166,-0.0265,-0.0355,0.0147,-0.0838,-0.4607,0.081,0.1628,0.0061,-0.0008,0.0582,-1.1551,0.0224,-0.012,0.1042,-0.0188,-0.0211,-0.029,0.0121,-0.1143,0.0606,-0.0841,0.0103,0.0588,-0.6348,-0.0686,-0.8821,-0.0524,0.0406,-0.0337,0.3919,-0.0402,-0.0154,-0.0622,0.034,-0.1061,0.0068,0.023,0.0367,-0.0134,0.0317
660,5720,108,6,cycling,0.0316,-0.0655,0.0058,-0.1171,-0.2909,-0.4015,1.1889,0.1286,0.3501,-0.0802,-0.0082,0.0601,-0.1549,0.0031,0.0429,-0.1052,0.0831,0.0236,-0.2834,-0.03,0.3549,0.0417,0.0061,0.0701,-0.939,0.0485,0.1619,0.1106,0.0046,0.0884,0.1846,-0.0656,-0.1169,0.0134,-0.0683,-0.0307,0.0451,-0.7379,-0.0147,-0.9763,0.0423,-0.0321,-0.0343,0.5607,0.0329,-0.0251,-0.0688,0.0047,-0.0422,0.0129,0.0095,-0.0682,-0.0126,-0.0046
662,5722,108,6,cycling,0.0187,0.4994,-0.0602,-0.2368,-0.2612,-0.5059,1.3375,0.0638,-0.1847,0.0588,-0.1135,0.0652,-0.0375,-0.0766,0.0079,-0.0367,0.0022,-0.0784,-0.0542,-0.087,0.2929,-0.0535,-0.0704,-0.1587,-1.1153,0.0526,-0.3854,-0.1294,-0.1836,0.1676,-0.3877,-0.0478,0.1682,0.0165,-0.0828,-0.0165,-0.0838,-0.435,0.1264,-0.8701,-0.0236,-0.0127,0.0224,0.5268,-0.0227,-0.0253,-0.0487,0.0256,-0.0326,0.02,0.0476,0.0531,0.0031,-0.0001
663,5723,108,6,cycling,0.0026,0.3419,-0.0459,-0.0501,-0.1584,-0.3749,1.3865,-0.0257,0.0047,0.1438,-0.2216,-0.2106,0.1005,-0.0309,0.0585,0.0221,0.1029,0.0575,-1.0774,0.037,0.145,0.0156,-0.0652,0.0054,-0.8609,0.1437,0.1833,0.1145,0.058,-0.0774,-0.4883,0.021,-0.4058,-0.15,-0.0784,0.0244,-0.0226,-0.516,0.0645,-0.6906,0.0276,-0.02,-0.0103,0.2067,0.0203,-0.0285,0.0645,-0.017,0.0689,-0.0048,0.0072,-0.0278,0.0025,-0.0014
665,5725,108,6,cycling,0.003,0.4449,-0.0573,-0.1512,-0.3592,-0.9627,1.3046,-0.0216,-0.006,0.0048,0.0092,-0.0076,-0.0024,0.0017,-0.0036,-0.0068,-0.0022,-0.024,-1.5283,0.0382,1.4232,0.0023,-0.0247,0.0238,-1.4673,0.0305,0.0321,-0.0102,-0.041,0.0321,0.0103,0.0175,-0.0078,-0.0177,-0.0554,-0.0023,-0.0068,-0.344,0.005,-0.8393,0.0016,-0.0157,-0.0135,0.3876,0.0018,0.0026,0.007,0.0007,0.0332,0.0029,0.0183,0.0009,-0.0078,0.0042
666,5726,108,6,cycling,0.0178,0.5389,-0.1003,0.1036,0.1368,0.2399,1.4523,-0.048,-0.0688,-0.1483,-0.3472,0.2127,-0.1614,-0.0522,0.0473,-0.0247,-0.174,-0.0854,-1.1182,-0.2684,0.1366,0.1143,-0.0517,-0.1702,-1.0218,-0.136,0.0278,0.2242,0.0033,-0.0105,-0.2911,-0.1274,-0.6098,-0.1412,-0.0306,-0.2657,-0.1032,-0.3584,-0.1038,-0.7073,0.0253,0.0708,-0.1129,0.5423,0.006,-0.0316,-0.1051,-0.0068,0.1658,-0.0249,0.1652,-0.0607,-0.0663,-0.0028
667,5727,108,6,cycling,0.003,0.5436,-0.0377,-0.0773,-0.2614,-0.7822,1.2649,0.0672,-0.0227,-0.101,0.0786,0.0104,-0.0263,-0.0382,-0.0069,-0.0752,0.017,-0.1336,-0.0996,-0.1665,0.5174,-0.0678,-0.0247,-0.1108,-1.0998,-0.054,0.1301,0.0801,-0.1263,-0.0344,1.7338,-0.0522,-0.1703,0.3657,-0.1268,0.0688,0.0073,-0.5834,0.0111,-0.9722,0.0441,-0.0309,-0.0244,0.4131,0.0076,-0.0705,-0.0754,0.0129,0.0195,-0.0106,0.0252,0.0406,0.0263,-0.0033
670,5730,108,6,cycling,0.0137,0.3323,-0.0637,0.0836,0.071,-0.3317,1.3465,-0.164,0.0447,0.1313,0.0776,0.0662,-0.021,-0.008,-0.0117,-0.053,-0.0218,0.1836,-1.0529,-0.11,0.065,0.0077,0.0453,0.0532,-1.5932,-0.1878,0.0039,0.0683,-0.0164,-0.086,-0.6178,0.0166,0.1389,0.281,-0.1034,0.1265,-0.058,-0.6209,-0.0284,-0.9543,-0.03,-0.0414,0.0061,0.5857,-0.0563,0.0346,0.1151,-0.0235,-0.0539,0.1228,-0.0665,0.1503,-0.0413,-0.0106
676,5736,108,6,cycling,0.0144,-0.3176,-0.0459,-0.116,-0.2905,-0.965,1.2407,-0.172,0.0561,0.1541,0.155,0.1146,-0.0153,0.0282,0.0278,0.1339,-0.1051,-0.128,-0.3377,0.0404,0.1669,0.0086,-0.058,0.1514,-1.3401,-0.2304,0.0087,-0.1766,-0.0516,-0.0036,0.6674,0.0083,0.1614,0.0482,-0.1825,0.0563,0.088,-0.6342,0.072,-0.8674,-0.0587,0.0466,-0.1162,0.5558,-0.0547,0.1022,0.0309,-0.051,0.1214,0.1014,-0.0711,-0.0327,-0.0169,0.0462
678,5738,108,6,cycling,0.0211,0.586,-0.0367,0.0438,-0.2029,-0.4165,1.5126,0.0307,0.0127,-0.0851,-0.1811,-0.1079,0.0057,0.0058,0.0327,0.075,-0.0031,0.046,-0.2391,0.0064,0.3175,-0.0437,-0.0214,0.0071,-0.8472,0.0407,0.0612,0.0183,0.0085,-0.001,-0.2707,-0.0076,0.2817,0.1484,0.0115,0.0112,-0.0157,-0.708,-0.0025,-0.9141,0.0107,-0.0164,0.0253,0.3286,0.0046,-0.0019,0.0328,0.0403,0.0301,-0.0034,0.0281,0.0171,0.0001,0.0016
679,5739,108,6,cycling,0.0046,0.4741,-0.1362,-0.158,-0.5631,-1.4279,1.3453,-0.3724,-0.2759,0.0703,-0.0157,-0.0023,0.1,-0.0231,0.0234,-0.0317,0.0011,-0.0524,-0.5217,0.0502,0.3076,-0.0625,0.0323,-0.1584,-1.2405,-0.1011,0.014,-0.0849,0.1473,0.1154,0.4705,0.1083,-0.4628,-0.0898,-0.2321,-0.0727,0.0233,-0.7159,-0.0046,-0.9044,-0.0237,0.0112,0.0323,0.306,0.0096,-0.1108,0.01,0.0614,-0.1436,0.0764,0.0233,0.017,-0.0203,-0.0016
680,5740,108,6,cycling,0.001,0.4956,-0.0458,-0.0748,-0.3378,-1.004,1.184,-0.0644,0.0767,0.0435,0.1074,-0.014,0.0304,0.0067,0.0174,-0.0185,-0.0234,-0.0558,-0.5945,-0.0103,0.2484,0.0054,0.0083,-0.0622,-1.0065,0.0421,0.0616,0.0214,0.022,0.0305,-0.2065,0.0182,-0.0056,0.0478,0.0165,0.0402,0.0025,-0.7126,0.0012,-1.2643,0.0005,-0.0223,0.0045,0.6377,0.0367,0.004,0.0318,-0.0036,0.0334,0.0062,0.0174,-0.0336,-0.0048,0.006
681,5741,108,6,cycling,0.0134,0.2437,-0.054,-0.1173,-0.291,-0.9707,1.2992,0.0373,0.0711,0.0238,-0.0157,0.0377,-0.0035,0.0064,0.0303,-0.0281,-0.0524,-0.0063,-0.4196,-0.0061,1.4483,0.0064,-0.0249,0.1743,-1.1304,-0.1136,-0.051,0.0325,-0.0367,-0.0554,-0.557,-0.0183,0.0117,-0.0248,-0.0435,-0.0122,-0.0165,-0.7084,0.0104,-1.1631,0.0002,-0.0013,0.0288,0.6474,-0.0235,-0.008,0.0125,0.0049,0.0337,0.0081,0.0177,-0.036,-0.0104,0.0166
682,5742,108,6,cycling,0.0476,0.4508,-0.0757,0.1763,0.0496,-0.3072,1.4585,0.1053,0.0089,0.1464,0.0442,0.0149,-0.0773,0.0169,0.0136,-0.0277,-0.043,-0.0281,-1.0493,-0.082,0.3686,0.0334,0.0062,-0.0602,-1.2043,-0.1323,0.2678,-0.016,0.0683,-0.0664,-0.4304,-0.043,-0.2678,0.027,0.1163,-0.0054,-0.0457,-0.5946,-0.0705,-0.7579,0.0572,-0.0362,0.0152,0.1851,0.0462,-0.0205,0.0655,0.0141,-0.0126,0.0371,0.0307,0.0305,-0.0134,0.0274
683,5743,108,6,cycling,0.0762,0.4804,-0.0541,-0.0966,-0.2159,-0.4627,1.4611,0.2012,-0.1063,0.3553,0.2076,-0.1759,-0.0107,-0.044,0.0354,0.0727,0.1074,-0.16,-1.1774,-0.0604,0.2064,-0.0314,-0.0511,-0.0661,-1.1369,-0.1,0.1207,0.0075,-0.1441,-0.1231,1.1406,-0.0625,0.188,-0.3817,0.0686,-0.0286,-0.1623,-0.7589,0.3669,-0.817,-0.1102,-0.0336,0.088,0.3862,-0.0064,0.1642,0.1581,-0.1179,-0.067,-0.1004,0.0345,0.1376,0.0422,0.0157
684,5744,108,6,cycling,0.1384,0.6107,-0.0618,-0.092,-0.3734,-1.0064,1.2381,0.1683,0.2605,0.1846,-0.2579,-0.1146,0.0059,0.0184,0.0804,0.1732,0.1146,0.0091,-1.0441,-0.1326,1.0461,0.0004,-0.0166,-0.2344,-1.1132,0.0405,0.0151,0.1215,0.0566,0.0311,-0.5083,-0.0258,-0.4572,-0.2372,-0.0823,0.0363,0.0601,-0.3596,0.1082,-1.0701,0.0047,0.0114,0.0358,0.657,0.1153,-0.0189,0.3017,0.0019,-0.2235,-0.0744,-0.1047,-0.0594,0.0163,-0.0528
685,5745,108,6,cycling,0.1262,0.5715,-0.0262,-0.2513,-0.1607,-0.3687,1.3871,0.1158,-0.2712,0.0555,0.1419,0.1377,-0.134,-0.0507,-0.0653,-0.1804,0.0346,-0.1282,-0.3319,-0.0857,0.1542,-0.0034,0.0201,0.0306,-1.0974,0.0164,0.2667,-0.1691,-0.064,-0.0612,-0.584,-0.0746,0.2784,-0.2138,0.1842,-0.1132,-0.286,-0.5923,-0.1011,-1.1823,0.0084,-0.033,-0.0515,0.3819,-0.0126,0.0242,0.1671,-0.2339,0.2027,-0.061,0.0047,0.0129,0.1353,-0.0232
687,5747,108,6,cycling,0.0113,0.4579,-0.0586,0.016,0.0306,0.3419,1.3055,0.0318,-0.0304,0.1252,0.1267,0.0331,0.0018,-0.0184,-0.0131,0.0156,0.0149,0.1046,0.5256,-0.0436,0.2248,0.0009,0.0076,0.0704,-0.9958,0.1263,0.012,0.1256,-0.0117,0.0551,-0.0592,-0.0627,0.2802,0.0029,0.0631,-0.0067,-0.001,-0.576,0.0017,-0.8854,-0.0202,-0.0035,-0.0223,0.6587,0.0037,0.0166,0.0135,-0.0154,0.0339,-0.0026,0.0037,-0.033,-0.0141,0.003
688,5748,108,6,cycling,0.1558,0.4115,-0.087,-0.2057,-0.2962,-0.8195,1.2272,0.1187,0.401,0.1287,0.2209,-0.3557,0.06,-0.0346,-0.1544,0.1147,0.2349,-0.1641,-0.7961,0.0642,0.1768,0.0125,-0.0035,-0.0767,-1.0594,-0.3142,-0.0372,0.0796,-0.161,0.0682,0.0315,0.0187,1.5243,-0.5317,0.0495,-0.0227,0.0435,-0.6134,-0.0222,-0.7997,0.0477,-0.0254,0.0455,0.5116,0.0585,-0.1877,0.0538,0.0404,0.1466,0.0771,0.0164,0.0166,0.0227,-0.0168
692,5752,108,6,cycling,0.015,-0.5677,0.0367,-0.1673,-0.2205,-0.6317,1.1907,0.04,-0.1754,0.1418,0.1532,-0.0819,0.0843,0.0028,-0.0243,0.0564,0.0462,-0.2863,-0.0201,0.035,0.249,0.0443,-0.1051,-0.3026,-1.0979,0.3523,0.1717,-0.1009,-0.2387,-0.1612,1.203,0.0152,1.1127,-0.3226,-0.1179,0.0128,-0.0477,-0.6786,0.0175,-0.7813,0.0086,0.0331,-0.1552,0.2638,-0.0142,-0.1437,-0.1473,0.0206,-0.0099,-0.005,0.0287,-0.0302,-0.0012,-0.0043
694,5754,108,6,cycling,0.0034,0.6739,-0.0737,-0.0904,-0.3332,-1.0603,1.4437,0.2406,0.0309,-0.0866,0.1234,-0.0236,-0.0052,-0.0369,0.0368,0.0123,-0.063,-0.0037,-0.0785,0.063,1.6645,0.0077,0.0122,0.0001,-1.5988,-0.1064,-0.1372,-0.0102,0.0158,0.0629,-0.1534,0.0472,0.0803,-0.0617,-0.1584,-0.0843,0.0072,-0.5309,0.026,-0.82,0.03,-0.0223,0.0634,0.1373,0.0458,0.0582,0.0141,0.0331,-0.02,0.014,0.035,0.0324,0.0267,0.0162
695,5755,108,6,cycling,0.0072,-0.2554,0.0137,-0.109,-0.4235,-0.9834,1.4216,-0.0441,-0.013,-0.0352,0.0268,0.0144,-0.0511,0.0003,-0.0416,0.0181,-0.0045,-0.0626,-0.0353,0.0186,1.239,0.0118,-0.0065,-0.0101,-1.0972,-0.0115,0.0027,-0.0176,0.0074,0.0248,-0.068,-0.0032,-0.0182,-0.0277,-0.0205,-0.0247,0.003,-0.7763,-0.0015,-0.9768,0.0035,-0.0113,0.0018,0.5446,0.0163,-0.0161,0.0155,-0.0183,0.0236,-0.0044,0.0193,-0.0351,-0.0056,0.0055
697,5757,108,6,cycling,0.0402,0.6344,-0.0724,-0.1758,-0.2223,-0.7046,1.2405,0.0637,0.0508,-0.1762,0.0723,-0.0676,-0.1016,-0.0105,-0.0073,0.0061,0.0029,-0.0562,-0.2527,-0.0149,0.2266,0.0208,0.0046,-0.0211,-1.037,0.0341,-0.0282,-0.0138,0.0127,0.0083,-0.2315,-0.0151,-0.0254,-0.0456,0.0001,-0.0472,0.0017,-0.3107,-0.0081,-1.1732,-0.0106,0.0007,-0.0136,0.4374,0.022,-0.0068,0.004,-0.002,0.0223,0.0107,0.0056,0.0325,0.0012,-0.002
698,5758,108,6,cycling,0.0102,0.352,-0.0571,0.0576,0.2843,-0.7268,1.0669,-0.0461,0.0411,0.1064,-0.011,0.1675,0.0329,0.1348,-0.0563,-0.1002,-0.0812,-0.0826,-0.5124,-0.1472,0.2678,-0.0811,-0.0029,0.064,-1.0398,0.1107,-0.2753,-0.2121,-0.2106,-0.2306,0.0574,-0.0308,-0.5832,-0.2166,-0.045,-0.0347,-0.0853,-0.5522,-0.1514,-0.772,0.0055,-0.0062,-0.0293,0.5178,-0.0064,-0.0244,-0.1028,0.0801,-0.0741,-0.0088,0.0648,-0.0543,-0.0206,-0.0281
699,5759,108,6,cycling,0.0712,0.4725,-0.118,0.0711,0.2524,0.2157,1.5332,0.1221,0.3353,-0.5439,-0.0155,-0.237,0.1461,0.1554,-0.1789,-0.1113,-0.1026,-0.248,-0.7055,-0.1178,0.1772,-0.0143,-0.081,0.0614,-0.7141,0.1403,0.1553,-0.1035,0.1544,-0.0522,0.1555,-0.0116,1.2534,-0.3617,-0.334,-0.1836,0.1203,-0.4256,-0.2104,-0.8487,-0.0377,0.0652,-0.0535,0.5365,0.0302,0.0819,0.1277,-0.003,0.0788,-0.1331,0.0824,0.3171,-0.0369,-0.0523
700,5760,108,6,cycling,0.0572,-0.1144,-0.0311,-0.0942,-0.3,-0.8944,1.3774,0.0235,0.0071,0.0258,0.0258,0.0064,-0.0474,0.0103,0.0426,-0.0443,0.0376,0.0341,-1.606,-0.0321,0.2891,0.0457,0.0434,-0.0279,-1.0489,0.0035,0.0282,-0.0247,-0.0577,0.0647,-0.1404,-0.0522,0.0102,-0.0101,-0.0177,-0.0313,0.0035,-0.2346,-0.0066,-1.1271,-0.0041,-0.0124,-0.0097,0.2356,0.0183,0.0206,0.0253,-0.0109,-0.0048,0.0028,0.0188,-0.0405,0.0124,0.0014
702,5762,108,6,cycling,0.0323,-0.5086,0.0168,-0.0901,-0.2443,-0.6784,1.5085,0.0324,0.1358,-0.0679,-0.0875,0.0387,0.0016,0.0118,0.044,-0.0182,0.042,0.142,-1.1732,0.0587,0.476,0.0033,0.0275,-0.1585,-0.9387,-0.1414,-0.1054,-0.2578,-0.268,0.1315,-0.0978,-0.0473,-1.1808,0.1181,0.1422,-0.0111,0.0371,-0.5008,0.0354,-0.9253,-0.021,-0.0417,-0.0161,0.5086,0.0242,0.0602,-0.1015,-0.2687,0.0084,-0.0247,-0.1017,0.1382,-0.006,0.0235
703,5763,108,6,cycling,0.0331,0.4354,-0.0641,-0.1573,-0.4315,-0.9086,1.4365,0.2576,-0.0871,0.0583,0.0136,0.1003,0.0129,-0.0239,-0.0284,0.0595,0.0031,0.0184,-0.5059,0.1009,0.6387,-0.0712,-0.072,-0.0435,-0.8251,-0.242,0.1071,0.0083,0.0511,0.0287,0.3081,0.1063,-0.3072,0.0508,0.1353,0.0403,-0.0082,-0.51,0.0362,-0.7722,0.0351,-0.0185,0.0358,0.1723,0.0346,0.0482,0.1036,0.0075,0.0388,0.0241,0.0174,0.0675,0.0018,0.0074
706,5766,108,6,cycling,0.0242,0.4481,-0.0546,-0.0257,-0.0344,-0.5573,1.1832,0.0278,0.0043,0.0311,0.0406,-0.0086,-0.0226,0.0111,0.0036,0.0301,0.0094,0.0117,-0.5259,-0.0097,0.4409,-0.023,0.0058,0.0059,-1.0751,-0.0173,0.0128,0.0186,-0.0317,0.0163,0.1587,-0.006,-0.0022,-0.0568,-0.0052,0.0146,-0.0004,-0.3882,-0.0008,-0.8643,0.0037,-0.0134,-0.0057,0.3783,-0.0114,0.0181,0.0212,-0.0003,0.0183,0.0071,0.0257,0.0256,0.0166,0.0043
707,5767,108,6,cycling,0.1876,0.3866,-0.1446,-0.039,-0.2258,-0.7872,1.3862,-0.0818,0.1886,0.2168,-0.2667,-0.0306,0.0318,0.0029,-0.0451,0.0496,-0.2566,0.0546,-1.2304,0.0115,0.077,0.0045,-0.0461,0.1226,-1.1823,-0.0205,-0.36,0.1056,-0.0461,0.0064,0.2504,-0.0347,0.1343,-0.0103,-0.0166,-0.02,-0.0408,-0.4526,-0.0601,-0.9395,0.0215,-0.0323,-0.0019,0.1931,0.0215,0.0738,0.0393,0.0589,-0.0609,0.0404,0.0052,-0.0179,-0.0515,0.026
708,5768,108,6,cycling,0.0354,0.4539,-0.0467,-0.2778,-0.3571,-1.0701,1.1824,-0.1071,-0.1736,0.1333,0.0776,-0.0749,-0.0759,0.0035,0.0602,0.0425,-0.1232,0.016,-1.6705,-0.045,1.6562,-0.0174,0.052,0.0786,-0.9469,0.0622,0.0521,-0.0285,-0.1126,-0.0305,-0.5823,-0.1204,0.3151,-0.1853,-0.0562,0.0068,-0.0056,-0.6483,-0.0631,-1.1418,-0.0616,-0.0453,0.0303,0.5648,0.0146,0.0033,0.0209,-0.0057,0.0648,0.0157,0.036,-0.0248,-0.0014,0.0342
709,5769,108,6,cycling,0.0052,0.5794,-0.0382,0.0673,0.155,0.0889,1.4401,-0.1759,-0.0547,0.1059,0.1268,-0.0183,0.0433,0.0311,0.042,0.0303,0.061,-0.0852,-1.1304,0.0737,0.3366,-0.0714,-0.0511,0.0466,-0.7463,-0.0366,0.2354,0.022,0.0154,0.1773,1.0032,0.0701,0.6446,0.3466,-0.1306,0.1129,0.1856,-0.4716,0.1003,-0.9457,-0.0078,-0.0077,0.0088,0.6167,-0.1177,0.078,0.1173,0.2078,0.0406,0.0126,-0.0335,-0.0032,-0.0459,0.0514
710,5770,108,6,cycling,0.0413,0.5196,-0.0065,-0.071,-0.1762,-0.5074,1.2604,0.032,-0.0809,0.1133,-0.0062,0.0353,-0.0684,-0.0183,0.0232,0.0183,-0.0358,-0.0119,-1.2485,-0.0761,0.4598,-0.0082,-0.016,-0.0309,-1.6955,-0.0221,0.0446,-0.0585,-0.025,-0.0166,-0.0749,-0.0659,0.077,-0.0591,0.0473,-0.025,-0.002,-0.887,-0.0022,-1.149,0.0177,0.0115,-0.0095,0.1631,0.0288,0.0063,0.0218,0.0349,0.0017,-0.0151,0.0374,-0.0054,-0.0146,0.0019
711,5771,108,6,cycling,0.0423,-0.1952,0.0428,-0.0652,-0.2055,-0.5095,1.0311,-0.1166,0.0659,0.1319,0.2416,0.2732,-0.0637,-0.0203,-0.0344,-0.0013,0.1664,0.0113,-1.1282,0.0707,1.4704,0.0132,-0.0069,-0.1146,-0.961,-0.2615,0.0021,0.0565,-0.0655,-0.0022,-1.4645,0.0854,-0.1364,-0.0069,0.0099,0.0328,-0.0655,-0.6449,0.015,-1.2417,0.0386,-0.0242,0.012,0.6226,0.0531,-0.03,0.064,-0.0216,0.0099,-0.004,0.0026,0.0111,0.0132,-0.0128
714,5774,108,6,cycling,0.0154,0.5309,-0.0021,-0.0817,-0.1345,-0.418,1.1544,-0.0467,-0.0344,0.0264,-0.1,0.0108,-0.0468,0.0062,0.0032,0.0084,0.053,0.0253,-1.4189,0.0098,1.5193,-0.0231,-0.0032,0.004,-1.4249,0.0062,0.0231,-0.022,0.026,-0.0361,-0.573,0.0251,-0.2033,-0.0588,0.0373,0.0187,-0.0054,-0.8532,-0.0061,-0.7872,0.0029,-0.0066,0.0054,0.3721,-0.014,-0.0079,-0.0101,-0.0019,-0.0247,0.0207,0.0169,0.0049,0.0006,-0.0032
715,5775,108,6,cycling,0.1327,0.6664,-0.107,-0.2111,-0.3172,-0.9744,1.511,0.2214,-0.6468,-0.1676,-0.1158,-0.5236,0.212,0.1016,0.0627,0.1414,-0.3228,-0.3011,-1.1616,0.0579,1.8126,-0.0044,0.0137,-0.185,-1.7817,0.1367,-0.247,0.1461,-0.1541,0.3529,-0.4728,0.037,0.7246,0.1127,0.0032,0.2632,0.3437,-0.5433,0.1086,-0.9378,-0.044,-0.001,0.0132,0.4444,0.1741,0.227,0.1883,0.1133,0.0527,0.2401,0.0713,0.2385,0.1147,-0.085
719,5779,108,6,cycling,0.037,0.6207,-0.073,-0.1623,-0.4502,-1.2759,1.0197,0.1407,0.0607,0.1753,0.0703,0.1464,0.062,0.0075,-0.0236,-0.0238,0.0292,0.0372,-1.176,0.0287,0.5824,0.0146,-0.0363,0.0455,-0.9304,0.0207,-0.0527,0.0234,0.0656,0.0443,0.2037,0.0059,0.1151,-0.1157,-0.0684,0.0188,0.0043,-0.4639,0.0016,-0.9728,0.0017,0.013,-0.031,0.6787,-0.0168,0.0316,0.0132,0.0136,-0.0378,0.0188,0.0069,0.0212,0.0075,0.0069
720,5780,108,6,cycling,0.0248,-0.3763,0.1756,0.2128,-0.0202,-1.0437,1.3335,-0.4171,-0.4207,0.0046,-0.1367,0.0609,-0.1742,0.165,0.0467,0.0364,0.1242,-0.0173,-0.2949,-0.0782,0.3367,0.0367,-0.1126,-0.2309,-0.808,0.2423,-0.047,0.0341,0.0097,0.0618,-0.1795,-0.0466,1.2464,-0.0194,-0.1635,-0.1457,-0.0265,-0.2764,-0.0335,-1.0997,-0.0438,-0.071,0.0309,0.4814,-0.033,-0.1281,-0.0638,-0.1012,0.0216,0.0164,0.1441,-0.0103,-0.0106,0.008
722,5782,108,6,cycling,0.0476,0.5764,-0.0774,-0.1547,-0.4517,-0.86,1.4204,0.0163,0.2131,0.0883,0.0683,0.0345,-0.0096,0.0281,0.0434,-0.0078,0.0377,-0.1418,-0.691,-0.0374,0.226,0.0458,-0.0202,0.0854,-1.0449,-0.028,0.063,-0.0562,-0.0572,-0.0284,-0.3042,-0.0683,-0.4327,0.1455,-0.172,0.013,0.011,-0.3338,0.0121,-1.0178,-0.057,0.0301,0.0311,0.5666,0.0165,0.0152,0.0544,0.0504,0.0741,-0.0414,0.0047,-0.0313,0.0105,-0.0031
723,5783,108,6,cycling,0.0237,0.5031,-0.0071,0.1308,-0.4083,-0.9216,1.179,0.268,0.0506,0.0067,-0.0767,-0.0206,0.0322,0.0277,0.05,-0.0171,-0.063,-0.1771,-1.5295,-0.0159,0.5267,-0.0017,-0.0364,0.0052,-1.1763,0.0015,0.0019,0.0222,-0.0314,-0.0317,0.2457,0.0022,0.3121,0.2001,-0.0871,0.0644,0.0136,-0.1931,-0.0036,-1.249,0.0036,0.0133,-0.0171,0.6313,0.0149,0.0015,0.0336,0.0027,0.0171,0.0071,0.0375,0.0256,0.0057,0.0046
724,5784,108,6,cycling,0.0278,0.5113,-0.062,-0.0201,-0.1741,-0.7855,1.4542,0.1738,-0.071,-0.1164,-0.1261,-0.0053,-0.1087,0.0101,0.0076,0.0322,0.0191,0.056,-0.2407,0.016,0.6889,0.014,-0.001,-0.1586,-1.4742,-0.0422,0.0041,0.0305,-0.0264,-0.0101,0.1008,-0.0105,-0.2758,0.0125,-0.0171,0.038,0.0326,-0.7646,0.0215,-0.9843,0.0016,-0.0242,0.0183,0.2883,0.0183,-0.0218,-0.0072,0.0028,0.0525,-0.0374,0.0152,0.0407,-0.0146,-0.0121
725,5785,108,6,cycling,0.0668,0.5347,-0.1217,0.0066,-0.3093,-0.7811,1.4248,0.03,0.2286,0.0358,-0.2503,0.0243,-0.0292,0.0057,0.0286,-0.1458,0.0819,0.0477,-0.1988,0.131,1.1765,-0.078,-0.0433,0.0677,-1.0669,0.0589,0.1022,0.0489,-0.046,0.0065,0.7264,0.0282,-0.1506,-0.1257,0.2172,0.0476,0.0862,-0.6162,-0.0575,-1.0386,-0.0157,-0.0363,0.0566,0.5712,-0.0314,-0.0231,0.1772,-0.0508,0.0689,0.0515,0.0011,0.1715,-0.0118,0.0022
726,5786,108,6,cycling,0.0072,-0.5468,0.0272,-0.1711,-0.5368,-1.3419,1.4766,-0.0631,-0.0066,-0.0723,-0.0016,-0.0014,-0.0114,-0.0081,-0.0141,-0.0216,-0.0348,-0.0051,-0.4163,0.0335,1.5127,0.0185,-0.0134,-0.0149,-1.0962,-0.0101,-0.0171,-0.0061,0.0305,-0.0453,-0.4416,0.0248,-0.1228,-0.0168,-0.0247,-0.0327,0.0021,-0.2649,-0.0003,-0.9741,-0.0016,-0.0206,-0.0012,0.382,-0.0006,-0.0227,0.0275,-0.0367,0.0184,0.0114,0.0278,0.0255,-0.0097,-0.0068
728,5788,108,6,cycling,0.0144,0.4672,-0.0136,-0.1356,-0.1106,-0.3107,1.5569,0.13,-0.0457,0.0579,0.0026,0.0402,-0.0358,-0.0287,-0.0059,-0.0508,-0.0276,0.0621,-0.2793,-0.0226,0.4119,-0.0345,0.02,0.0322,-1.1402,-0.142,0.0144,0.0057,-0.0215,-0.0235,-0.0681,-0.0618,0.1744,-0.0098,-0.0355,0.0384,0.0157,-0.6109,-0.0057,-1.091,0.0266,-0.0093,0.0184,0.1732,0.024,0.0338,-0.0042,-0.0376,-0.0238,0.016,0.0407,-0.032,-0.0058,0.0113
729,5789,108,6,cycling,0.0155,0.4948,-0.076,-0.1446,-0.1448,-0.8673,1.3907,0.1183,-0.0346,0.1256,-0.334,0.2653,-0.1357,0.0181,0.0183,0.0413,0.0505,0.085,-0.5986,-0.0138,0.2486,-0.048,0.0488,0.029,-1.0972,0.0012,0.0332,0.0842,0.0465,0.063,-0.4472,-0.0487,-0.2123,-0.0589,-0.0114,-0.1458,-0.0058,-0.3783,-0.0039,-0.9804,-0.0176,0.0026,-0.0511,0.376,0.0163,0.015,0.0681,-0.0554,-0.0426,0.0071,0.0225,0.008,-0.0114,-0.001
730,5790,108,6,cycling,0.0282,0.229,-0.1384,0.0255,0.3222,0.3945,1.434,0.0606,-0.0317,0.247,0.3147,-0.162,-0.0671,-0.0758,-0.0379,0.146,0.037,0.0374,-0.5136,-0.1658,0.5448,-0.1021,0.0127,-0.1846,-1.1266,0.0353,0.0182,0.1504,0.0357,0.0542,-0.4436,-0.0108,-0.0289,-0.0141,0.0327,-0.0451,-0.0649,-0.7201,0.17,-0.7942,-0.0442,-0.0014,-0.0786,0.1892,-0.0505,0.0266,0.1757,-0.0654,0.1168,0.0276,-0.0596,0.111,0.0211,-0.0167
731,5791,108,6,cycling,0.0344,0.4275,-0.1044,0.0022,-0.2111,-0.6467,1.3805,0.0643,0.2049,-0.1224,0.156,0.0644,0.076,0.0566,0.0611,0.0514,-0.0636,0.0048,-1.0497,-0.0106,0.3697,-0.0217,-0.0075,-0.057,-1.0213,-0.0151,0.0107,0.0272,0.0158,-0.021,-0.0171,-0.0528,0.0137,-0.0031,0.0127,-0.0546,0.0021,-0.5063,0.002,-0.7844,0.0089,-0.0121,0.0306,0.4689,-0.0028,-0.0233,0.0264,0.0055,0.0172,0.0216,0.009,0.0343,-0.0111,-0.0047
732,5792,108,6,cycling,0.0265,0.4813,-0.0586,-0.106,-0.3265,-0.9465,1.3017,-0.1641,-0.0055,0.2283,-0.1332,0.0022,0.0444,-0.0207,0.0062,-0.0172,0.0787,-0.044,-1.1282,0.0133,0.3585,0.0163,0.0016,0.0221,-1.0187,0.0458,-0.0877,0.1307,0.0122,0.0547,0.1836,0.0023,0.1031,0.0162,0.0327,-0.0216,-0.0043,-0.3601,0.0029,-0.6465,0.0124,0.0102,-0.0372,0.3513,0.0431,-0.0375,-0.0521,-0.0757,-0.0327,-0.0098,0.0316,0.0422,0.0021,0.0107
733,5793,108,6,cycling,0.1871,0.5002,-0.1831,-0.1324,-0.2786,-0.5098,1.5234,0.3154,-0.1517,-0.1674,0.128,-0.3568,-0.1866,0.0328,-0.0511,-0.1003,0.0505,-0.1413,-1.0322,-0.1418,1.5074,0.0809,0.1402,-0.5504,-1.278,-0.3307,0.2631,-0.0257,-0.2101,-0.0133,2.37,-0.2288,-1.2437,-0.1732,-0.1468,-0.0147,-0.2557,-0.9514,-0.3268,-1.018,0.0502,-0.1375,0.3115,0.4617,-0.2287,-0.2011,-0.0487,-0.2603,-0.1664,-0.3508,-0.0096,1.2679,0.2312,0.0501
734,5794,108,6,cycling,0.0365,0.3775,-0.0722,0.0287,0.0684,0.43,1.4141,-0.0212,-0.3366,-0.18,-0.185,-0.047,-0.0273,-0.0166,0.028,0.0564,-0.001,-0.0182,-0.1966,-0.0016,0.1293,-0.0418,-0.0663,-0.0811,-1.0677,0.0383,0.1083,-0.263,0.0204,-0.0734,-0.4054,-0.0088,-0.2544,-0.1117,-0.0017,-0.0319,0.1357,-0.5312,0.102,-1.253,-0.0315,-0.0205,-0.0416,0.3884,-0.0026,0.0101,0.1334,0.0612,-0.0072,-0.0073,-0.0667,0.0572,0.0158,0.0124
735,5795,108,6,cycling,0.0424,0.5837,-0.1018,-0.0612,-0.2728,-0.8038,1.0797,-0.0681,0.1473,0.1076,0.083,-0.0355,-0.0338,0.0161,-0.0222,0.048,0.1383,0.0133,-1.1462,-0.0785,0.1347,-0.0128,-0.06,-0.0089,-1.4482,-0.0632,-0.2786,0.053,0.0166,-0.0724,0.4773,-0.0282,-0.2636,-0.3134,0.0093,0.1544,-0.1563,-0.3653,-0.0467,-0.9807,0.0003,0.015,0.077,0.4937,0.1282,0.0837,-0.0421,0.1814,0.2045,-0.0361,0.0072,0.104,-0.0308,-0.0663
736,5796,108,6,cycling,0.0257,0.4336,-0.0536,-0.0596,-0.2833,-0.948,1.4843,-0.014,0.0079,0.0012,-0.0332,0.0147,-0.0402,0.0025,0.0304,0.0253,0.0328,0.0164,-1.1201,0.036,0.1973,-0.0054,-0.0233,0.0489,-1.153,-0.004,0.0626,-0.125,-0.0711,0.0773,-0.3807,0.0011,-0.2559,0.022,-0.0115,-0.0004,-0.0112,-0.4243,-0.0031,-1.0571,0.0035,-0.0276,0.0127,0.2714,-0.0124,0.0042,0.0334,0.0024,0.0333,0.0148,0.0304,-0.0326,-0.0039,0.0019
737,5797,108,6,cycling,0.1778,-0.4897,-0.0211,0.1528,0.0306,0.1949,1.5447,-0.1647,-0.0738,0.1771,-0.0403,0.0585,0.0271,-0.1152,-0.1032,-0.1033,-0.1098,0.1831,-1.2114,-0.1206,0.3522,0.0158,-0.0245,-0.0138,-0.5527,0.0184,0.2014,0.005,0.0483,0.055,-0.161,0.0403,-0.1131,-0.0563,0.241,0.0022,-0.0682,-0.5085,0.0676,-0.6698,0.0238,-0.0388,0.0075,0.3547,0.0039,-0.1332,-0.0687,0.1737,-0.1334,-0.02,0.0079,-0.0225,0.0256,-0.016
738,5798,108,6,cycling,0.1316,-0.3134,0.0348,0.1213,0.1996,0.4479,0.0661,0.1569,0.0066,0.1087,-0.0284,0.237,0.0623,0.1713,-0.0766,-0.0027,0.111,0.1823,-1.1669,0.0436,0.5134,0.0057,-0.0154,-0.3243,-0.9873,0.3401,0.1317,-0.113,0.0607,-0.2381,0.0407,0.1338,-0.3656,0.066,0.0869,0.0083,-0.2423,-0.3401,0.3812,-1.0818,0.0011,0.0753,0.1348,0.5226,0.2064,0.07,0.3811,0.1434,0.2343,0.2061,0.1613,-0.0649,0.0286,0.1158
739,5799,108,6,cycling,0.0054,0.437,-0.0041,-0.1731,-0.1368,-0.4937,1.5068,-0.0462,-0.0068,0.015,-0.0771,0.0213,-0.0012,-0.0087,0.0367,0.0441,0.0105,-0.0448,-0.213,-0.0111,0.1105,-0.0123,-0.0126,-0.0211,-1.169,0.0533,-0.0228,0.0053,0.0021,0.0333,-0.1741,-0.0373,-0.0857,-0.0071,-0.0532,-0.0501,-0.0077,-0.5481,-0.0064,-1.1365,-0.0118,-0.0011,0.0058,0.5008,0.0057,-0.0053,0.0285,-0.0353,0.0107,-0.0117,0.0255,0.0039,-0.002,-0.0014
740,5800,108,6,cycling,0.0066,0.5287,-0.0268,-0.0297,-0.203,-0.653,1.5097,0.0213,-0.034,0.0085,-0.0232,0.0154,-0.0037,0.0134,0.006,0.0328,0.0283,0.0158,-0.2926,0.0289,1.7221,-0.0223,0.0016,-0.0266,-1.0717,0.0253,-0.0384,-0.0474,-0.0035,0.0033,-0.0968,-0.0049,0.0382,-0.0215,0.0454,0.0244,0.0007,-0.4174,0.0065,-0.8853,-0.0165,-0.0107,-0.0207,0.5631,-0.0158,0.0074,0.0436,0.0226,0.033,0.0024,0.0172,0.0034,0.0035,0.0029
741,5801,108,6,cycling,0.023,0.5125,-0.0509,-0.1256,-0.4584,-1.3154,1.277,-0.1047,0.0716,0.12,-0.1364,0.0808,-0.0324,0.0616,0.0135,0.0543,0.0211,-0.0707,-1.1194,0.1401,0.2558,-0.0413,-0.0317,-0.1345,-1.0338,0.1684,-0.0875,0.0078,-0.0168,-0.1746,-0.1692,0.0384,0.0512,-0.046,-0.0173,-0.1715,-0.0606,-0.8136,-0.0088,-1.1027,-0.0388,-0.0153,-0.0114,0.5242,0.0248,0.0443,0.0301,-0.0285,-0.0247,0.0522,-0.0244,-0.0459,0.0147,0.0228
742,5802,108,5,running,3.3876,-0.1763,2.0499,1.7142,-3.6841,0.0138,-0.7148,-2.426,-1.5175,-0.61,-0.0574,1.5035,1.9319,-1.5401,-3.8212,0.5866,-0.066,2.4482,0.7406,2.889,-0.3906,3.3004,-1.3356,0.2338,0.0816,0.4683,1.8258,1.1342,2.6667,-1.6923,0.4465,1.582,-0.0937,2.4147,2.2673,1.4567,0.1356,1.877,-0.0064,-1.4326,4.4359,-1.4012,1.259,1.5093,-0.1484,-0.9021,0.2417,-0.0268,0.0284,-0.1042,0.4186,-0.4136,2.7526,-0.219
743,5803,108,5,running,0.3024,-0.0619,0.0085,-0.4532,-0.0876,0.107,-0.1217,0.1676,0.0708,0.1381,0.0268,0.0447,0.0118,0.1728,0.1051,0.0138,0.0288,0.0691,0.7716,0.0105,-0.5029,0.0132,-0.0468,0.0439,0.0071,0.0655,0.0023,0.0026,-0.0086,0.0527,0.6635,0.0657,0.0304,-0.1371,0.0343,0.0027,-0.0075,2.0253,-0.0062,-1.1763,-0.0402,0.0018,0.0427,0.3209,0.0017,0.0241,0.0116,0.0434,0.0073,-0.0107,0.0074,-0.048,0.0175,-0.001
744,5804,108,5,running,0.2764,-0.0422,1.8806,-1.8613,1.5868,1.7162,-0.0607,0.4102,-0.6762,0.292,0.6181,0.1354,2.4072,1.1821,2.1196,0.4269,0.1884,2.6427,0.0249,2.2736,-0.555,-1.3082,1.7804,0.2219,-0.0339,0.0727,0.3443,2.8503,1.4873,1.6484,2.119,3.2124,-0.2972,2.8236,2.4474,1.5236,0.217,1.9429,-0.1809,-1.4041,4.076,0.8676,2.2699,1.6433,0.4757,0.6373,0.0528,-0.3899,0.1279,0.9208,0.4935,0.6015,3.1904,4.3469
746,5806,108,5,running,0.7065,-0.5503,-0.3205,-0.4131,-3.0075,1.5885,-0.3492,-1.3539,-1.4883,-0.1751,-0.0666,-0.5649,-0.1106,-0.1457,-0.3326,-0.1479,0.052,-2.2975,0.0046,-1.9006,-0.5053,-0.8431,-2.5128,-0.1272,0.2253,0.0797,-1.1781,-0.8805,-0.1246,-3.3041,2.1501,-2.8437,-0.4621,-0.748,-0.5326,-3.3663,0.3002,1.775,0.2534,-1.4042,-1.2616,-0.723,-0.6592,1.778,-3.1668,-3.5302,0.4537,-0.0263,-0.1732,-0.1676,1.3478,0.4011,-0.2116,0.0099
747,5807,108,5,running,1.2621,-0.5215,2.0658,0.3772,2.8679,0.0113,-0.1233,1.3054,1.7335,-0.2354,-0.0638,0.3871,1.4025,3.5101,2.4483,0.2662,-0.1067,1.5364,0.6343,1.547,-0.4395,0.8677,4.6573,0.4511,-0.0829,0.3129,1.5873,0.8189,-0.4273,2.5867,2.256,1.4188,-0.2387,1.777,1.4769,1.1007,-0.0766,2.2232,-0.0632,-1.3234,4.7419,-3.4333,0.4488,1.6647,0.3026,-0.7861,-0.1131,0.0485,-0.4723,1.0485,2.8663,1.5425,2.7578,-0.4564
748,5808,108,5,running,1.0488,-0.1633,0.1519,-2.9964,0.3815,0.203,-0.4037,-0.2234,0.5772,-0.2164,0.6536,0.0707,1.6774,0.5069,3.2367,0.2281,0.2774,0.4029,0.2721,2.2103,-0.3735,0.0096,0.1693,-0.209,0.2863,-0.1358,-0.552,-1.7585,0.317,-1.802,0.2736,2.7807,0.6772,2.0025,-0.3509,-1.4393,-0.1224,2.0577,-0.0858,-1.5405,4.3441,3.2367,0.56,1.6258,1.4708,3.4899,-0.1138,-0.382,-0.0397,-3.8311,0.8773,-0.1176,2.516,1.0505
750,5810,108,5,running,2.0649,-0.0005,2.2435,2.8555,3.8109,0.0539,0.0634,2.0806,1.6347,0.2047,0.5037,1.1205,2.8073,2.4172,0.6579,0.2203,0.0479,2.698,0.7829,2.4254,-0.555,-1.4515,1.2771,-0.5464,0.0063,0.3522,2.2074,0.046,0.9217,2.8504,1.1899,2.6006,-0.1336,2.6245,2.7283,1.1216,0.0311,1.7374,-0.2639,-1.4865,-4.2046,-3.9295,2.1686,1.8258,0.5918,0.9758,0.3518,-0.0132,-0.5724,2.2015,0.254,0.6723,-0.4354,0.4027
752,5812,108,5,running,1.6384,-0.4743,-4.6061,1.0793,-2.3948,0.4464,-0.1418,1.4673,0.4845,0.3646,-0.1686,0.0614,1.7248,-3.6208,2.2323,-0.3696,0.4068,3.0349,0.5879,2.6778,-0.4298,4.4611,3.72,-0.6226,-0.0135,0.0496,0.7394,2.9031,2.4733,3.213,1.6624,2.5491,0.1797,2.8433,1.2367,2.4356,0.0119,2.0625,0.4049,-1.4326,-0.0909,2.8002,0.5039,1.4052,-3.0417,3.8679,-0.0145,0.5226,-0.0269,1.7058,1.337,0.343,3.3049,0.8024
753,5813,108,5,running,0.2253,-0.2492,1.4805,0.2233,0.5463,0.2523,-0.2786,0.1431,0.1449,-0.0765,0.128,-0.1764,1.8832,-0.3267,2.6514,-0.2244,0.4698,-2.1909,0.1935,1.1439,-0.5298,-4.4168,-2.4107,0.3261,0.035,0.1712,0.1781,2.5266,-4.1185,2.8793,0.0808,1.821,0.0334,-1.221,-1.4701,-1.5561,0.0087,1.6326,-0.0012,-1.336,-3.3171,2.5636,-3.836,1.7773,-4.5896,-1.8263,0.1037,-0.1451,-0.3054,-1.4551,0.5672,0.5664,0.029,-0.0614
754,5814,108,5,running,0.3586,-0.3446,1.7577,-2.5909,2.4933,0.5302,-0.6263,1.1246,1.2201,0.0789,0.5863,0.2717,3.4,-3.4796,3.451,-0.115,0.2587,1.2026,0.4764,1.477,-0.4789,2.0703,2.1056,-0.6236,-0.0487,0.3012,2.7339,0.9179,-0.2144,-2.8292,1.8542,1.1718,-0.4653,2.2727,1.5207,1.1123,-0.4812,1.9464,-0.2343,-1.4412,0.4712,0.7136,3.4154,1.7406,0.9283,1.4241,-0.0112,-0.2001,-0.2066,3.856,-3.3468,-1.4247,3.6386,-1.6646
756,5816,108,5,running,0.3254,-0.5181,-2.6726,0.6046,2.7484,0.297,-0.5771,-0.1548,0.2478,-0.2227,-0.6872,-0.1873,1.7047,0.1026,0.4112,-0.0762,0.2687,0.0584,0.2871,0.4386,-0.5125,4.3403,-0.4827,0.1339,0.0113,0.1327,2.2429,-2.56,3.3311,-0.8779,-0.2532,0.4882,0.3507,0.5686,-1.2138,1.6434,-0.0407,1.9603,0.1024,-1.5067,-4.1543,2.5339,0.8682,1.5274,3.6267,-3.3373,0.561,0.2442,-0.4316,-2.6162,0.7529,-0.6772,-0.7055,-0.5721
757,5817,108,5,running,1.4851,-0.2631,-0.7008,-1.7305,-3.676,1.5005,-0.4885,0.545,0.4082,-0.1145,0.3657,0.1374,1.5001,2.4993,2.0601,0.3524,0.069,0.0138,0.1258,2.8561,-0.5536,0.715,0.3692,-0.1018,0.0165,-0.1314,0.8084,0.5887,1.2642,1.1034,0.005,2.3356,0.5388,2.8673,0.2077,0.0406,-0.3215,1.9212,-0.2503,-1.5312,3.5517,3.6306,0.3255,1.7095,1.7103,1.2791,-0.018,0.4011,0.021,2.8719,2.4679,1.422,2.4869,-0.1358
759,5819,108,5,running,3.3444,-0.0466,1.0094,0.2125,1.8456,0.6812,-0.5523,3.7472,0.4056,0.4885,-0.2172,-0.5044,2.6765,2.1998,-2.5231,0.0253,-0.272,0.0699,0.0526,0.643,-0.5248,-0.1286,0.0237,0.0753,0.0358,-0.1289,2.6832,-2.33,-0.0863,3.6809,0.3444,2.638,0.268,2.5684,0.0651,2.5807,-0.1311,1.7836,-0.3266,-1.3187,1.1248,-0.1936,1.572,1.6776,-3.6129,-0.5387,-0.1633,-0.0225,-0.0463,3.8047,0.2894,-0.8022,-1.0181,4.5206
760,5820,108,5,running,2.7712,-0.1216,2.4076,2.6178,2.4633,0.1493,-0.4176,-1.644,-0.8315,-0.5228,0.173,0.6372,3.3231,-3.3101,1.733,0.4132,0.0152,3.4924,0.292,3.064,-0.5577,3.8119,1.5498,0.3746,0.0166,0.004,-1.2212,1.2617,0.0724,3.0842,0.5099,3.0948,-0.119,1.9181,1.4038,3.0133,0.0521,2.0447,0.206,-1.4191,-0.0708,4.2563,0.336,1.6247,-0.0105,-0.0685,0.3196,0.4769,-0.3662,-2.8462,1.245,0.0761,3.7035,1.3167
761,5821,108,5,running,2.3131,-0.2161,-2.1069,-2.8135,0.657,0.2667,-0.1436,0.4571,0.5148,0.1101,-0.2322,0.4104,-2.3581,1.1547,0.7136,0.1879,0.267,-3.3725,0.6657,-3.7773,-0.5401,2.8439,-3.4827,0.277,0.0859,0.0972,0.168,-1.0085,1.4718,1.4684,2.16,-3.7769,0.3167,-1.6725,-2.3966,-2.4061,0.0263,2.0667,0.0204,-1.4884,2.5041,-3.6672,-3.1981,1.6087,0.7038,-4.8289,0.152,0.1837,0.189,1.8864,1.0287,1.5528,-3.0354,-4.4223
762,5822,108,5,running,0.0435,-0.0115,-0.0338,-0.0584,-0.1023,0.1264,-0.3533,-0.0092,0.0084,0.0134,0.0114,0.0041,0.0438,-0.0174,0.0164,-0.0138,-0.0175,0.0338,0.1497,-0.0201,-0.4833,-0.0157,-0.0008,-0.012,0.2417,0.0042,0.0212,-0.0069,-0.0217,-0.0333,0.0146,0.0059,0.0213,-0.034,-0.0345,0.0099,0.0068,1.6395,-0.0019,-1.3771,-0.0134,-0.0096,0.0113,0.2646,-0.0019,0.0104,0.0015,-0.0023,-0.0038,0.0102,0.0177,0.0161,-0.0016,0.005
763,5823,108,5,running,0.6483,-0.2112,-0.3134,-0.2003,3.4864,0.0729,-0.1048,0.5682,1.4616,0.2287,-0.2743,-0.384,-0.6184,-2.0338,-3.5631,0.2187,-0.1567,-2.963,0.7079,-2.1941,-0.5581,-2.5368,-3.8166,-0.1637,-0.1466,0.3092,2.4115,-2.2729,3.5,1.8346,0.1698,-3.1888,-0.3412,-2.6479,-1.8346,-3.6049,-0.0248,1.7047,0.4274,-1.4159,0.3742,3.802,2.1669,1.5511,-2.8378,-0.3504,0.2643,0.1138,0.1614,-3.8731,0.066,-0.9114,3.2529,2.0877
764,5824,108,5,running,2.6546,-0.1546,-4.1052,-0.5192,-3.2022,0.3366,-0.4224,-0.8515,-0.2507,-0.1031,0.4664,1.476,0.0126,-2.339,3.4422,-0.6472,0.2582,-1.1372,0.5507,-3.2645,-0.6096,-2.5623,-0.7379,0.3325,0.1564,-0.2637,-1.1129,-3.2354,-0.1489,-2.5793,1.181,3.5694,0.4356,-2.7863,-0.7053,-0.9461,-0.2782,1.4729,-0.0413,-1.5674,-2.6462,-3.4605,0.2704,1.7073,0.3433,-3.0524,-0.5603,-0.0752,-0.0295,-0.366,0.2728,-0.3182,-1.801,-2.4219
765,5825,108,5,running,1.8548,-0.5,-4.153,0.1931,-0.6796,0.3504,-0.5019,-1.0683,1.2163,0.5758,-0.4123,0.7122,-4.3297,-4.7546,3.5765,0.4281,-0.2574,3.062,0.4711,1.7244,-0.4799,-3.3587,-2.9532,0.0474,0.0358,0.4724,1.0696,-0.6717,-0.2887,-3.8541,0.1816,-3.3087,0.5704,-1.6476,-3.3008,-2.4903,0.1789,1.6006,0.0214,-1.4464,0.4035,0.1529,2.2098,1.5334,2.2817,-4.5356,0.3277,-0.2666,-0.5704,-3.4163,2.5049,0.2748,-0.4954,-1.6336
768,5828,108,5,running,2.3768,-0.1873,2.4359,-0.4755,0.731,0.6135,-0.073,-2.5962,1.1005,-0.1228,0.6863,-0.412,1.7703,-2.5427,1.8281,0.1618,-0.7332,-1.7714,0.5224,-1.1562,-0.4172,-2.6083,-0.6208,-0.215,0.0407,-0.0789,-0.6296,-2.8262,-2.6322,-3.1176,2.5391,2.2508,-0.0185,-1.137,-1.6461,-1.8581,-0.2832,1.8738,-0.4018,-1.3521,-3.6324,-3.38,-0.0062,1.4114,-0.29,-3.6274,-0.2246,-0.5362,-0.2628,-0.6516,1.6472,-0.452,-2.9373,-0.8165
769,5829,108,5,running,3.2486,-0.0844,0.4586,1.1712,0.7577,0.4712,-0.503,0.5512,-0.1161,0.364,0.0058,0.041,1.7783,3.5864,1.314,-0.0528,-0.324,-3.1114,0.5884,-3.1091,-0.5314,-3.2644,-1.4469,0.0183,0.1743,-0.4086,-0.5764,-1.4188,-3.0404,-1.8437,0.7315,2.487,0.1736,-3.531,-2.7645,-3.5266,-0.3061,1.7107,-0.2626,-1.5163,0.2667,3.1275,-0.0729,1.8196,3.6034,1.4403,-0.2832,-0.0386,-0.2068,3.6176,-2.0338,0.7762,-2.8927,-0.3404
770,5830,108,5,running,1.6402,-0.1241,-0.6785,2.0015,-3.3475,0.0077,-2.7775,-0.5628,0.7781,0.4818,-0.5326,-0.1602,-0.5343,-1.1586,3.6136,0.0751,0.6319,0.5927,0.355,-3.288,-0.4205,0.2736,0.33,-0.418,0.0101,0.1303,0.326,0.327,-0.6028,0.3144,-0.204,-3.2987,-0.2517,-3.3306,-3.5795,-0.8849,0.0547,2.0278,0.0313,-1.3736,-1.7852,-4.6173,3.4824,1.8061,-2.4721,-0.1773,-0.02,-0.05,-0.3178,-0.7655,0.3131,1.3163,2.6149,-0.2027
771,5831,108,5,running,0.0367,-0.097,0.0048,0.0873,0.0874,0.3002,-0.0557,0.0201,0.0223,0.0456,0.0286,0.0216,0.0113,0.0423,0.0064,0.0266,0.0167,0.0051,0.3447,0.0095,-0.4622,0.0083,-0.011,-0.0018,0.167,-0.03,0.0564,-0.027,0.028,0.0173,-0.2512,0.0095,-0.1467,-0.0145,0.0371,0.0047,-0.0038,1.5647,0.0073,-1.4401,0.0152,-0.0103,0.0272,1.6765,0.0082,0.0203,0.028,-0.0117,-0.0103,0.0171,0.0232,0.0048,0.0109,0.0008
774,5834,108,5,running,3.564,-1.3281,3.0516,1.5932,1.1532,0.4544,-0.3803,0.0748,-1.5583,0.3379,0.0036,0.0789,2.2683,3.3663,1.6652,0.3874,-0.6919,2.9388,0.1719,3.4667,-0.4874,1.8253,4.4509,-0.3046,-0.1027,-0.2664,3.0618,1.6374,0.8422,0.4106,0.8584,2.3308,0.0148,2.4484,3.6469,2.7942,0.2558,1.9027,0.1357,-1.4203,3.6733,1.3273,0.8136,1.6625,3.5037,0.3444,0.5185,0.0465,-0.2315,0.7827,0.8857,1.5867,3.5541,2.3585
775,5835,108,5,running,0.2217,-0.1672,0.1777,-0.2311,0.4763,0.2495,-0.1162,-0.1228,0.1542,-0.2005,-0.1102,0.0737,0.0274,-0.087,-0.123,0.0176,0.0622,-0.2325,0.7005,0.2356,-0.506,0.0272,-0.1764,-0.3086,0.2037,0.0895,0.0204,0.3554,0.0302,0.0848,0.5148,0.2231,0.4183,-0.1922,0.0737,-0.0164,-0.0717,1.587,0.0704,-1.4064,0.0132,0.0077,-0.103,1.6805,0.0074,0.2266,0.0745,-0.0666,0.0599,-0.1263,0.1766,-0.0194,-0.0175,0.0033
776,5836,108,5,running,2.1178,-0.1685,1.7068,1.8332,3.0377,0.5209,-0.4405,-3.7227,1.2585,0.3894,0.0662,0.8761,1.8652,1.4569,3.1069,-0.0136,-0.3417,2.5021,0.5891,3.6249,-0.5806,4.1068,0.9094,0.6483,0.0169,0.0169,0.8272,1.2584,1.1579,2.4207,0.3743,3.6879,0.4712,2.2926,2.592,1.1245,-0.2303,1.928,-0.5531,-1.4092,-0.0886,2.6034,1.0821,1.4855,4.4282,1.0774,0.2554,0.1733,-0.4121,-0.2448,-2.7186,-0.608,3.432,4.83
777,5837,108,5,running,1.7843,-0.328,-1.6592,-0.3313,-1.7929,0.4232,-0.1766,3.0405,2.031,0.0709,0.6877,0.8133,2.2275,2.1309,0.8391,-0.4238,-0.4229,1.5783,0.6161,3.3081,-0.5356,-0.3249,-4.4265,-0.2655,0.2132,-0.473,-3.3495,-3.3237,3.2775,1.1214,0.1678,3.4647,0.0972,1.2731,1.5679,1.842,0.1709,2.0079,-0.115,-1.5562,0.284,2.8872,0.2736,1.7279,3.3817,0.263,0.414,-0.14,0.417,1.6133,0.7879,-0.3432,2.3268,0.4938
778,5838,108,5,running,1.7147,-0.3334,-3.0409,1.6074,1.5249,0.0714,-0.0418,-0.3507,0.2036,-0.2187,0.0627,1.0748,0.4348,2.7385,0.9832,0.2507,-0.6276,-0.6277,0.3466,-2.7745,-0.4326,0.32,-4.7325,-0.0021,-0.0566,0.0024,-0.6523,1.2257,-3.5442,1.7523,-0.5224,-2.9784,-0.4641,-1.4368,-0.665,-0.4367,0.0488,1.9714,-0.0355,-1.3756,-3.387,-3.2648,0.0406,1.333,-3.1703,-4.8862,-0.3375,-0.1524,-0.4751,-0.3206,-3.3313,-0.4117,-2.5806,-1.6093
779,5839,108,5,running,2.6421,-0.2115,-1.8425,-3.2442,-1.117,0.3244,-0.4557,-2.2163,-0.361,0.3556,0.0344,-0.5233,-2.2429,-1.9642,-2.84,-0.4104,0.4164,-0.0222,0.2403,-1.0494,-0.5842,-1.5053,3.1273,-0.7493,-0.0618,0.1131,-1.2083,-1.8043,-0.6541,-0.4234,1.0681,-3.2107,0.0116,-1.092,-0.6454,-2.5264,-0.2936,1.6017,-0.2818,-1.4321,-1.6141,-4.0725,-2.6449,1.7721,-0.8474,-2.2091,-0.3278,-0.0874,0.1296,-3.223,-2.8363,1.4373,-2.0207,-0.473
780,5840,108,5,running,0.3133,-0.1792,0.0207,0.1675,-0.4468,0.1967,-0.3144,0.2329,-0.3346,-0.1261,-0.5537,-0.2821,0.1171,0.024,-0.0686,0.22,0.0831,-0.0668,0.4482,0.0095,-0.493,-0.0562,0.0448,0.0566,0.1434,-0.0062,0.0434,-0.0441,-0.0252,0.0494,0.3165,0.0483,-0.1018,-0.0604,0.0077,0.1174,0.0486,1.7411,-0.0575,-1.3091,0.0043,-0.0421,-0.0232,0.4812,-0.0042,0.0314,-0.0719,-0.0247,-0.0245,-0.007,-0.0122,0.0221,0.0155,-0.0071
782,5842,108,5,running,1.0602,-1.0291,-2.2646,-2.9342,0.0332,0.5648,-0.4097,-1.2743,-1.1008,-0.2021,0.0424,-0.282,-2.2668,-2.544,2.3307,0.06,-0.2838,-0.5011,0.4948,-2.0085,-0.4336,-3.0809,-0.363,0.06,0.0877,-0.6034,-0.2474,-0.0733,-3.2326,-1.2272,-0.4357,-2.6227,-0.425,-1.2475,-1.3706,-0.8421,-0.0438,1.6464,-0.0028,-1.366,-4.6547,-4.4267,-2.3464,1.6286,-1.8429,-3.5777,0.3069,0.0318,-0.3358,-0.2344,-0.5668,0.3032,-3.1422,-2.1139
784,5844,108,5,running,1.1886,-0.2733,2.0885,-2.5849,3.7594,0.3065,-0.0706,0.4431,-0.2658,-0.0243,-0.0583,0.4569,2.6614,3.5443,1.4183,-0.2867,-0.6245,3.3845,0.3061,2.9083,-0.4301,3.603,-0.2315,0.0068,-0.0062,0.4187,-0.3303,0.4323,2.5218,0.1502,0.5017,3.2325,-0.0955,2.6453,3.445,2.9212,-0.058,1.8263,0.1549,-1.4595,3.7588,1.8369,-0.877,1.501,0.5348,3.1013,-0.527,-0.3321,-0.4702,3.0717,0.5742,-0.6208,0.1423,2.6488
785,5845,108,5,running,0.6128,-0.3283,-3.2135,2.3034,0.5171,0.1492,-0.191,1.388,0.8807,0.6486,-0.4143,0.4147,-0.1626,3.3893,-0.7717,0.1374,0.2372,3.2206,0.1631,0.5079,-0.483,3.0469,3.2126,-0.3661,-0.0676,-0.4009,-0.1707,-2.4907,2.9631,3.0724,0.0444,-0.2066,-0.3772,-1.4366,2.7781,-1.7792,0.2405,1.6411,-0.2808,-1.5643,3.3968,0.5411,0.3786,1.5837,3.457,1.655,-0.0193,-0.1271,0.0534,0.8266,0.2763,0.3864,-2.3278,-0.1923
786,5846,108,5,running,2.2063,-0.1973,-3.2413,-3.632,-1.2664,1.432,-0.5215,-0.4176,0.0863,0.2626,0.4079,-0.0516,-0.3307,1.862,0.6126,-0.5769,0.5632,-0.6714,0.1492,-0.1737,-0.5045,3.5521,-2.4042,0.2486,-0.0083,-0.4311,-2.6492,-1.6455,-0.7602,-0.4995,-0.0464,-0.1817,0.4256,-0.2643,-0.4531,-2.6006,-0.0963,2.1849,-0.0052,-1.5261,0.4264,-0.1424,-1.4278,1.6521,-2.0507,-3.6542,0.5707,0.0147,-0.2102,-0.274,0.2092,0.2701,-2.5047,-0.078
788,5848,108,5,running,0.2817,-0.2312,0.1066,2.0977,0.7724,0.2592,-0.4942,0.2687,1.1547,0.2323,-0.5494,0.4813,2.3491,2.1625,3.5867,0.3046,0.5551,2.919,0.2902,2.4332,-0.5204,2.7703,4.0759,0.0872,0.0724,0.0047,0.0904,0.1722,1.7661,0.468,1.8563,2.7502,-0.4273,3.1171,1.4249,1.8131,-0.1105,1.5103,0.2022,-1.3484,3.6525,1.4717,0.289,1.5733,2.723,0.2716,0.0342,-0.0541,-0.4073,2.7723,0.0774,1.4162,2.2724,-0.4277
789,5849,108,5,running,2.4522,-0.1487,1.7423,2.5977,3.5142,0.4526,-0.1293,0.1368,-1.1818,-0.5095,-0.1746,1.234,0.1831,1.1058,3.7471,0.4232,0.4274,2.4863,0.3227,2.2213,-0.453,3.234,1.549,0.4607,0.0837,0.1358,2.1362,3.0016,3.0005,2.7224,-0.3529,1.9815,-0.2271,2.093,1.9761,3.5587,-0.0564,1.6945,-0.1425,-1.3731,0.973,3.256,1.867,1.6,-0.2665,2.0843,-0.3787,0.137,-0.6104,0.2468,-0.3117,1.7263,3.067,-0.3667
790,5850,108,5,running,0.1215,-0.4944,0.1022,-3.2507,0.3307,0.1614,-0.1302,0.3115,0.1439,-0.032,0.426,0.0068,1.7245,0.0232,0.0276,0.153,0.1084,1.1672,0.2878,3.5838,-0.5257,0.4229,0.7266,-0.1078,-0.0123,-0.1264,0.3104,1.1062,0.148,2.0222,1.2855,1.863,0.0889,2.0691,0.7881,0.8776,0.0383,2.0513,0.0847,-1.4837,3.8256,1.4218,-1.6509,1.531,0.1783,2.8365,0.0159,0.0011,-0.3764,1.436,2.2312,0.8086,0.834,2.2057
791,5851,108,5,running,0.1226,-0.3045,0.4631,0.2289,0.3564,0.0589,-0.3049,-0.2322,0.1662,-0.0783,0.0302,0.106,-0.0468,-0.1582,-0.0064,0.0303,-0.0646,-0.4139,0.4665,-0.4805,-0.5146,-0.1783,0.0166,-0.0889,0.1492,-0.1413,-0.1198,-0.302,0.1123,-0.0173,-0.1409,-0.0618,0.4657,-0.3307,-0.0828,-0.4163,-0.0144,1.5053,0.0284,-1.2635,-0.0554,-0.0675,0.1122,1.53,-0.0258,-0.22,0.0484,0.1045,0.2026,-0.0326,0.2413,0.0266,-0.1422,-0.0164
795,5855,108,5,running,3.37,-0.0945,1.406,0.418,3.5313,0.4976,-0.574,1.15,0.1184,-0.0586,0.1877,-0.1217,-4.2578,-4.3499,-1.5644,0.1227,-0.3871,2.7689,0.2656,2.1762,-0.4357,0.1641,-0.4182,-0.1759,0.0072,-0.1588,1.811,-1.7121,-2.5883,-2.2196,0.4526,3.0393,-0.4303,2.0682,0.9202,2.2611,-0.1422,1.6473,0.2695,-1.2991,3.4414,0.0271,-2.592,1.7103,3.0839,-0.4627,0.1433,0.332,0.248,-1.0108,1.122,-0.7857,-1.683,2.2422
798,5858,108,5,running,1.2875,-0.0206,1.0859,-0.1095,-1.2637,1.2684,-0.577,-0.2086,-0.65,-0.4712,-0.1549,-0.3868,-0.5303,1.6353,0.2258,0.4357,0.4075,2.2569,0.5074,3.1025,-0.54,3.3042,1.331,-0.2027,0.1352,-0.5527,1.5611,2.8732,2.8369,1.0436,2.5809,3.3456,0.013,2.0052,3.1387,2.633,0.5516,2.0604,-0.2676,-1.3702,2.6706,2.7452,-2.1031,1.7003,3.0129,0.3611,0.0345,0.2484,0.4661,2.5338,0.5489,1.328,2.366,1.1373
799,5859,108,5,running,0.3632,-0.2168,3.0414,2.6202,1.048,0.4432,-0.4939,-0.0737,1.0534,0.0709,0.4167,-0.1077,1.9074,0.5703,0.8528,0.0074,1.4121,3.016,0.5768,3.3365,-0.5813,4.3438,3.5236,0.3903,0.133,-0.3666,0.7586,1.6473,2.81,3.5539,0.8187,2.866,0.613,1.7068,2.2589,0.1461,0.4683,1.6301,0.1094,-1.3654,2.5736,2.9709,0.5462,1.622,1.6522,0.1924,-0.1834,-0.501,-0.5031,3.4597,1.8764,1.5131,3.0037,-2.0431
800,5860,108,5,running,0.3165,-0.5455,2.1744,0.4379,3.6423,0.1643,-2.4616,1.187,-1.7198,0.1332,0.4487,0.262,3.1241,-3.8264,3.2201,0.1108,0.0749,3.4864,0.108,3.1933,-0.6368,4.1717,4.6463,0.6584,-0.1169,0.3223,3.0699,0.4909,3.8396,0.4627,0.4163,3.0396,0.0645,2.3546,3.1276,2.1601,0.3152,1.6037,0.2816,-1.2801,-2.7953,3.3895,1.0781,0.443,1.5082,-1.5337,0.2766,-0.6033,-0.2896,-0.3833,2.607,0.5378,-3.1743,3.2594
802,5862,108,5,running,2.3163,-0.1649,0.7784,1.0482,1.7129,0.059,-1.8163,1.7846,1.1771,-0.2614,0.2607,0.3467,2.9755,1.3402,2.0935,-0.5797,0.1113,3.5465,0.2917,3.6388,-0.5212,0.2324,5.354,-0.6711,0.0582,-0.0443,-2.4122,-3.8495,1.7692,3.6894,0.2382,3.6073,0.3374,2.8474,2.8143,0.7444,-0.6581,1.6182,-0.2546,-1.352,4.5809,0.9442,0.443,1.7585,3.6666,0.5105,0.0663,-0.381,0.245,0.6288,1.3142,1.0831,2.6415,5.1445
803,5863,108,5,running,3.3173,-0.1026,0.5385,-1.7403,2.1196,0.174,-0.0264,1.8604,3.0519,0.1224,0.6232,1.227,1.5557,2.5613,1.9803,0.0634,-0.6748,2.0119,0.5682,0.3313,-0.4892,-0.0749,1.2246,0.0577,0.0229,0.3368,1.5334,0.5878,0.6572,0.8207,0.1943,2.4355,-0.0435,2.3387,1.806,1.1467,0.1749,1.5791,0.4049,-1.2304,3.5795,3.5982,0.6109,0.3441,0.3667,1.0329,0.1249,0.1702,-0.1326,2.6413,0.6013,0.0501,1.6618,1.7579
804,5864,108,5,running,1.3274,-0.4808,-0.8637,0.094,-2.8474,1.1593,-0.0929,-2.3543,-2.7663,0.2562,0.641,-0.0555,-1.8419,0.9663,4.009,0.014,0.3862,2.807,0.3092,-3.2444,-0.603,-1.7684,3.1833,0.3434,0.1183,0.3163,-0.0605,0.2346,3.0982,3.8053,-0.7413,-3.376,-0.2532,-0.4326,-2.3391,-0.59,-0.06,1.9243,0.0265,-1.5585,-1.1102,1.2348,-1.7181,1.8004,0.7041,3.4761,0.3724,0.1044,0.2139,-3.4319,0.5326,0.2322,-1.7017,-2.0601
805,5865,108,5,running,1.1706,-0.2203,-1.0296,0.1241,-2.2962,0.0566,-1.487,0.5037,-0.4232,-0.4327,0.0426,0.2553,-4.3843,-2.5179,-0.4533,0.0268,-0.6319,-1.6568,0.4182,-3.0337,-0.5003,-3.2336,-0.7198,0.2074,0.1209,-0.4453,-2.3717,-3.2676,-3.2514,-2.196,0.337,-3.4786,-0.1141,-2.0852,-1.3568,-0.1411,-0.5631,1.54,0.3895,-1.3574,2.6178,3.2408,0.22,0.2669,0.3229,-0.867,0.0989,-0.2523,0.0213,2.5016,1.7464,-1.5405,2.8486,-3.2423
806,5866,108,5,running,1.5124,-0.2289,1.7023,0.8283,4.8113,0.2759,-2.0181,-0.3706,1.4703,-0.6117,-0.1297,-0.4724,2.9536,-1.1439,2.3456,-0.486,0.2073,-0.5829,0.5402,-0.3527,-0.5515,0.105,-4.6773,0.0292,0.2864,0.5274,-1.5427,0.6184,2.7574,-4.4216,0.8237,-0.2695,0.0882,-1.1324,-0.8286,-0.2165,-0.0817,1.3606,-0.0774,-1.3797,-0.1979,-0.4723,0.4892,0.5845,-1.0581,-2.2006,-0.1669,0.0265,-0.4576,-0.5452,0.138,0.1783,-0.5309,3.4454
807,5867,108,5,running,1.8554,-0.3143,4.2432,1.3515,1.3671,1.0566,-0.3503,3.6645,1.7249,0.1145,0.6661,1.3802,3.3585,3.753,2.5124,-0.1062,0.212,1.23,0.3509,3.7029,-0.4123,3.7368,3.0589,-0.5084,0.0205,-0.1436,-0.608,-0.1709,-0.267,3.1775,0.43,3.2541,0.2527,2.7903,2.0748,1.1279,0.472,1.8237,-0.2171,-1.4705,4.5266,3.7867,0.4304,0.4417,0.8737,-0.847,-0.4666,0.2664,0.1942,2.2647,2.1252,0.234,1.8127,4.5084
809,5869,108,5,running,1.8144,-0.225,1.0562,0.7447,0.4658,0.4095,-0.446,0.0363,-0.1477,0.5421,1.2865,0.2528,-0.122,-0.1458,3.09,-0.4445,-0.43,-0.5637,0.582,-0.2849,-0.4342,-0.2234,-0.0149,-0.3082,0.2281,-0.1774,-0.2577,-0.516,-0.1113,-0.4046,-0.433,-0.3769,0.1064,-0.2658,-0.1501,-0.1667,0.2033,1.8499,-0.032,-0.7758,-0.3531,-0.3176,-0.0122,1.657,0.2236,0.4503,-0.2336,0.2033,-0.0946,-0.3466,-0.5249,-0.6745,-0.4212,-0.1653
810,5870,108,5,running,1.0086,-0.2714,2.3551,-1.8814,-0.1876,0.0878,-0.4019,0.7282,1.2269,-0.3734,0.4619,-0.43,-1.2445,-1.1341,-2.3701,-0.2202,-0.1345,-3.3297,0.4726,-3.2724,-0.5504,-0.7204,2.063,0.2727,0.0564,0.0883,-1.0438,-3.2008,-2.6917,0.1018,-1.5547,-1.9066,0.5674,-2.4621,-3.1823,-2.324,-0.3954,1.9922,-0.1531,-1.5249,-1.5835,-3.2306,2.1279,0.3775,-0.5879,-0.7543,0.0011,-0.583,-0.0098,2.882,-0.8633,-0.7086,-1.8365,-0.2322
811,5871,108,5,running,2.1764,-0.3246,1.5082,2.6802,0.5197,0.0775,-0.0296,1.152,0.5177,0.1292,0.0039,-1.1107,-2.8457,2.481,2.5786,-0.1899,0.2682,1.3549,0.258,1.5836,-0.5357,1.4334,2.3634,0.5382,-0.0103,0.4066,2.5432,3.0692,1.3238,2.1624,0.4886,-3.1665,-0.1774,-1.8227,-0.1738,-2.1067,-0.0536,1.71,0.0676,-1.4154,3.8409,-2.8917,3.5777,0.3623,-0.8784,-0.0477,-0.1403,0.4868,0.0531,0.633,1.4835,-1.2182,-3.3198,1.3049
812,5872,108,5,running,3.8472,-0.2204,2.3081,1.63,-3.4601,0.0814,-0.5957,-0.7843,3.4495,-0.3822,0.0512,0.876,2.4641,-1.2506,3.0478,0.3702,0.005,3.0131,0.0481,1.005,-0.5089,2.8058,-4.2029,-0.2138,-0.0488,-0.0876,-0.5888,0.9015,1.5642,3.4123,0.4506,1.2497,-0.3558,1.1127,2.5922,2.9684,0.3582,1.6796,0.2329,-1.483,-0.2013,3.6315,0.112,0.4001,0.0088,0.3626,0.2222,-0.0534,0.3845,2.3918,1.5789,-0.8442,0.102,-2.7494
813,5873,108,5,running,0.0607,-0.6535,0.3541,0.6054,4.561,0.412,-1.2613,-0.7682,-0.4729,0.4829,-0.267,-0.7707,0.4892,0.338,1.4327,-0.5008,-0.1282,3.1611,0.2992,2.1769,-0.5534,0.3913,-2.519,-0.1671,0.063,-0.533,-1.4349,0.1533,3.3586,-2.62,1.6631,2.375,0.4877,2.2461,3.4423,-0.9067,0.0806,1.8144,-0.0437,-1.4726,-0.5084,3.202,0.5279,0.1714,2.563,0.2496,0.0148,-0.1629,-0.5466,-1.0139,1.6239,-0.4154,3.2825,-0.1216
815,5875,108,5,running,0.2528,-0.1884,-0.1004,-0.4849,-1.6411,0.0615,0.4587,0.2526,0.1581,0.1062,0.0883,0.0637,1.4252,0.1851,0.2232,-0.0834,-0.114,-3.7624,0.0777,-3.43,-0.5001,2.5464,-4.5396,-0.1566,0.0489,0.0448,-0.0361,0.186,-2.6633,-3.5713,1.3335,2.706,0.6476,-2.1861,-0.9212,-3.0502,0.2136,1.8364,0.3,-1.5374,-1.8773,2.7423,0.341,1.6036,0.0335,0.5346,-0.1892,-0.0257,-0.4694,0.5129,-1.6533,-0.1476,3.3793,4.0012
818,5878,108,5,running,0.1207,-0.2086,0.1589,-0.0966,-0.148,0.4257,-0.7033,0.3501,-0.1471,0.1043,0.0882,0.0131,-0.2167,-0.1681,-0.1131,-0.0377,-0.1567,-0.3124,0.0466,-0.1306,-0.586,0.0553,-0.0385,-0.0187,-0.1592,0.0544,-0.3634,-0.0833,-0.0408,-0.3567,-0.1988,-0.2662,0.1021,-0.081,-0.148,-0.0614,0.051,1.9228,0.0522,-1.4506,0.0261,-0.0166,0.0431,1.661,0.0105,-0.1774,-0.0836,-0.0253,-0.0054,-0.1567,0.0681,-0.0113,-0.0403,0.0105
819,5879,108,5,running,3.3072,-0.2197,-4.8412,2.0522,-2.4011,0.5015,-0.6339,2.3131,2.1194,-0.3744,-0.3008,0.636,1.5258,3.3417,1.7877,-0.2086,0.1069,1.5101,0.2963,1.1405,-0.613,-0.1426,1.6782,-0.2602,-0.1361,-0.3826,0.1717,3.3072,-3.1004,-3.646,0.038,1.7218,-0.0202,1.676,1.3438,2.4724,-0.0897,1.6131,0.4733,-1.2729,2.9727,0.084,0.0605,1.847,0.0554,3.3203,-0.213,0.2842,0.5844,2.183,0.056,-0.2086,1.3077,-1.3363
820,5880,108,5,running,0.2221,-1.0639,2.505,2.8825,2.6855,0.4772,-2.5709,4.5139,-1.3454,0.3743,0.1627,0.2034,3.504,1.8781,3.8026,0.2439,0.0572,2.9133,0.5334,3.0612,-0.5261,2.8032,2.1627,0.1793,0.0172,-0.2621,2.3198,1.8425,1.6345,2.0156,0.0246,3.4021,0.4427,2.8777,2.8098,0.8844,-0.4035,1.6846,-0.6039,-1.3337,1.3792,4.2683,-0.7771,1.6004,0.4187,0.1782,-0.1216,-0.3573,-0.432,0.3206,0.072,-0.2759,0.5835,3.9592
821,5881,108,5,running,2.5809,-0.1436,0.5107,2.5026,2.0789,0.16,-0.5275,0.7822,0.3175,-0.168,-0.3729,1.3407,-3.5996,-0.6133,1.1608,0.2086,-0.2729,0.0004,0.4597,3.123,-0.5859,0.4239,0.2025,-0.458,-0.2091,-0.1571,-0.5884,3.745,1.2645,-1.5704,-0.8513,3.6762,0.3732,1.2523,-1.0765,-1.0711,-0.5402,1.6113,0.5504,-1.5414,0.0264,3.2348,-3.3436,0.3313,1.4228,-0.3053,0.048,0.4225,0.02,-2.1343,0.104,0.3591,-3.6292,-2.8203
822,5882,108,5,running,3.4004,-0.3262,4.0743,2.0093,0.6371,0.0765,-2.0892,-0.2266,2.0529,0.2236,-0.6641,-1.04,3.4997,3.1187,2.5615,0.5382,-0.4374,2.5915,0.4043,0.4667,-0.5277,2.921,2.6661,0.3682,-0.0575,0.3381,1.8576,-2.1529,1.8382,-2.7696,-0.3478,2.7128,0.4501,2.0045,1.7776,-0.2448,0.5292,1.975,-0.4104,-1.3988,-4.43,2.1022,1.5618,0.2924,2.4481,-0.341,0.192,-0.1973,-0.2422,3.488,2.016,-0.8638,-3.217,0.4677
823,5883,108,5,running,2.1342,-0.2724,0.3275,3.0559,-1.4378,0.1524,-1.4428,0.7568,0.0714,-0.103,-0.1744,0.4568,2.3812,2.5169,-3.6129,0.3758,0.0462,-0.9963,0.4715,-0.2443,-0.4502,-0.6476,-0.6544,-0.4552,-0.2254,-0.1355,-0.2775,-0.3402,-0.4366,-0.6118,-0.2146,-0.3362,0.0047,-1.7016,-1.4783,-0.9222,0.1258,1.7332,0.0715,-1.4096,-0.8745,-4.2013,-0.6225,1.6862,-0.3166,-1.4763,0.1503,-0.2164,-0.273,-1.3585,0.4589,0.5098,-1.7787,-1.2136
824,5884,108,5,running,0.3254,-0.2205,0.6074,-0.4221,-0.2614,0.0921,-0.3619,-0.1327,-0.3027,0.2634,0.2576,0.143,-0.4301,-0.5131,-0.5101,-0.0049,-0.1246,-2.839,0.1771,-0.3573,-0.4789,-4.6783,-0.0109,0.1869,0.0643,-0.4848,-2.2343,-0.5123,-2.5578,-3.2123,-1.1399,-3.136,0.431,-2.507,-2.3619,-2.7172,0.184,1.5027,0.1057,-1.317,-1.1755,-3.9121,0.149,1.5693,1.7383,-0.2425,-0.3668,-0.4468,0.262,-3.5489,0.346,0.2838,-3.4993,-0.3733
825,5885,108,5,running,3.6324,-0.0818,2.6877,2.9196,1.5611,0.054,-2.6277,-1.0309,1.6072,0.189,-0.5852,0.1185,1.8541,2.3588,1.6807,-0.4671,0.5368,3.1232,0.3492,3.1181,-0.467,-3.092,1.4082,-0.3976,-0.0192,0.1641,1.4155,-1.1188,2.9975,2.7704,1.6664,3.4302,-0.1888,3.2876,2.4558,3.0503,-0.0082,1.5906,-0.4261,-1.5507,2.4784,3.6148,2.6015,0.3793,0.8904,-0.4749,-0.2243,-0.165,-0.0047,0.1433,0.0617,0.5548,-2.2626,0.2555
826,5886,108,5,running,0.0486,-0.5957,-0.4041,-0.5039,0.2232,0.3079,-0.1662,0.057,0.1275,0.0376,-0.0804,-0.0561,-0.0404,-0.0288,-0.0247,-0.036,-0.0687,-0.1511,0.2532,-0.0975,-0.5463,0.0053,-0.0111,0.0065,0.2747,0.0153,-0.0205,-0.0837,0.0635,-0.106,-0.1412,-0.0229,-0.0132,-0.2078,-0.0865,-0.0107,0.0011,1.5732,0.0048,-1.3001,-0.0038,-0.0158,-0.036,1.5628,0.0611,-0.0183,-0.0354,-0.0121,0.0065,-0.0074,0.0134,0.0132,0.0015,-0.0069
828,5888,108,5,running,3.4749,-0.2613,0.1107,2.7678,-1.518,0.1956,-0.5206,0.3836,-1.5865,0.0218,0.2792,-0.23,1.2747,1.3881,1.5034,0.0032,0.3189,2.6929,0.4317,1.7011,-0.4784,0.4669,4.4035,0.1145,-0.1404,0.1431,2.6677,3.392,2.164,2.4847,0.1482,1.4448,-0.4877,1.2755,1.5571,1.6236,0.5311,1.7849,0.1324,-1.4531,2.9469,3.4078,3.608,1.3694,0.7596,0.3017,0.4632,0.1056,0.1868,0.8114,2.3683,1.3481,3.2104,2.0314
830,5890,108,5,running,1.4631,-0.2066,-1.6075,3.2401,2.0119,0.3627,-0.2867,-1.0058,-1.2141,0.1209,0.6278,-0.3661,-3.5575,0.6308,1.5304,-0.1582,0.2762,3.3123,0.1051,1.6222,-0.4638,-2.7514,-2.3729,-0.5301,-0.0036,-0.6464,-1.5646,0.3321,1.0287,2.4904,-0.7804,3.3761,-0.2004,1.2087,2.9403,2.7911,0.422,1.9102,0.3128,-1.4182,1.2403,3.7372,0.7434,0.4448,-1.3037,0.1776,0.0503,-0.0388,0.1581,1.417,0.4146,0.614,-3.5686,3.6738
832,5892,108,5,running,1.2249,-0.183,-4.0182,0.0583,1.0507,0.2912,-0.1822,0.8039,-0.8512,-0.184,-0.142,0.568,-0.3178,-0.2674,3.2804,0.4027,0.281,-3.4083,0.3034,-2.6503,-0.5561,0.27,-3.777,-0.1313,0.0506,-0.1711,-3.1272,-1.4648,-3.642,-1.8089,0.3832,-3.5609,0.2468,-2.76,-0.7534,-2.5568,0.2556,1.7634,-0.1027,-1.455,-4.0597,-4.4807,-0.1516,1.5194,-4.0798,-4.2053,0.2508,-0.244,-0.0552,-0.6041,0.7117,-0.9569,-1.9674,0.7574
833,5893,108,5,running,0.5862,-0.3274,-0.0405,0.4278,1.13,0.1723,-0.5128,-1.0713,-0.0235,0.0137,0.1438,-0.0338,-0.1674,-0.1705,-0.053,0.0028,-0.0285,-0.0777,0.7073,-0.1287,-0.5524,-0.051,-0.0581,-0.226,0.0352,0.0749,-0.02,-0.0422,-0.0303,-0.0751,-0.1563,-0.0817,-0.155,-0.061,-0.0307,-0.0449,0.0614,1.8669,0.0348,-1.3911,-0.0608,-0.0441,0.1336,1.5776,0.2645,-0.0094,0.0224,0.028,0.0616,0.0178,-0.0312,0.0058,-0.0568,0.0453
834,5894,108,5,running,1.6772,-0.3793,3.7571,0.1523,3.5073,0.1553,-0.6074,2.5119,0.421,0.2487,0.3553,0.4747,3.684,3.3783,3.0465,-0.3636,0.1304,2.6402,0.2949,1.1706,-0.5642,4.003,-0.0435,0.0443,0.0001,-0.1273,2.156,3.4808,-0.8387,2.8542,2.0329,1.1386,0.5434,1.4507,3.4498,2.964,0.236,1.8072,0.4136,-1.4113,-2.4975,-2.5385,-3.7265,1.7181,0.7085,1.4299,-0.2472,0.4149,-0.5077,1.1394,0.1171,-0.476,3.1345,1.8178
835,5895,108,5,running,2.5041,-0.2346,1.8518,2.813,3.7827,0.3495,-1.8838,3.1894,1.4499,-0.0562,0.2054,-0.3112,0.0227,3.1117,0.6035,0.1659,0.0778,3.5599,0.7644,3.2755,-0.4958,-2.2842,1.8501,0.0612,0.0646,-0.6386,-1.1464,1.6257,0.6044,0.0222,-0.7359,0.6509,-0.2234,2.1375,0.2066,3.3526,0.1146,1.5461,-0.1678,-1.4427,0.7057,0.7127,3.5149,1.4563,0.477,0.556,-0.1228,-0.2542,-0.2066,2.0165,1.3366,0.7075,2.7742,-2.5449
836,5896,108,5,running,0.6384,-0.5791,-3.1509,-3.2036,-0.5219,0.0035,-0.0959,1.8496,1.2243,-0.1821,0.3272,0.071,-1.4859,0.1856,3.1946,-0.2564,0.1261,-2.6476,0.613,-2.7709,-0.4873,1.7699,-4.4792,0.0302,-0.0684,-0.0122,1.3382,1.8461,1.3432,-0.3369,1.8887,-2.2272,-0.3263,-1.5489,-1.6167,-2.4502,-0.2582,1.9126,-0.0039,-1.5095,3.6209,-0.9511,0.4099,1.7091,-2.5424,2.3546,-0.5129,-0.1744,-0.2389,-0.2136,-0.3214,1.2762,-1.6422,2.1488
837,5897,108,5,running,0.3466,-0.0175,0.134,-0.3827,-0.5785,1.216,-0.3366,0.0744,0.4513,0.261,-0.3758,-0.4125,2.567,-2.4714,-0.311,-0.357,0.4143,2.9469,0.121,2.1833,-0.5252,3.6324,2.5085,-0.2544,-0.1376,-0.5638,2.215,-2.1776,3.5522,-1.1572,0.7568,2.8273,-0.5047,0.4971,3.3813,2.2704,0.1624,2.012,-0.227,-1.4545,0.7381,3.3937,-0.7007,1.4324,1.2112,-1.318,0.3167,-0.2421,0.2786,1.2108,1.0933,1.1073,3.5486,3.9026
838,5898,108,5,running,2.4287,-0.3523,-2.0843,1.3637,-1.2512,0.2281,-0.2725,-0.7705,0.4273,-0.2536,-0.0014,-0.002,2.7015,2.7024,-2.2731,0.1248,0.0044,2.1912,0.5541,3.5842,-0.5859,0.4469,3.0198,0.0422,0.183,-0.0715,-0.0206,-1.4744,3.4234,1.1536,0.748,2.2758,0.6784,1.564,2.8777,-0.0485,0.2465,1.6176,-0.5426,-1.3921,0.5934,4.3442,-0.0016,1.7645,-0.3613,1.1072,0.0606,-0.2571,-0.177,-0.6419,1.6821,0.8011,0.2262,3.4588
839,5899,108,5,running,0.5126,-0.1472,-0.4483,0.3544,0.6315,0.1645,-0.5,0.4158,1.042,0.068,0.0728,-1.1716,1.4611,0.0289,-0.5838,-0.0685,-0.5663,0.3131,0.408,0.4861,-0.5568,-4.3218,0.002,-0.3443,0.2462,-0.5216,0.021,-1.8032,-0.6759,-2.4967,0.1062,2.3794,-0.1178,1.6833,0.6144,-0.411,-0.3621,2.0073,0.2692,-1.4233,2.2015,2.8347,-1.811,1.8276,2.4459,-1.0746,-0.2652,0.1778,-0.1237,0.1017,0.1482,0.1213,0.4466,-1.0307
841,5901,108,5,running,2.76,-0.3807,0.0371,0.653,3.7281,1.7313,-1.0395,0.2207,-3.5388,-0.1249,-0.4724,0.052,1.2259,1.6205,-0.7132,-0.3425,-0.0309,1.8134,0.6558,1.0787,-0.4708,4.5797,3.2679,-0.7716,-0.047,-0.3205,-0.8361,1.1024,0.0646,-0.444,0.8269,1.2175,-0.0728,-0.0488,-0.2214,-1.2272,-0.2167,1.6379,0.4372,-1.3272,3.4448,2.4061,-1.3038,0.29,-1.3402,-1.1034,-0.1261,-0.2088,0.0365,-0.2718,0.2189,-0.5805,2.7403,0.0234
842,5902,108,5,running,2.7351,-0.0873,-3.0874,-2.4601,-2.8415,0.6226,-0.1427,-0.3781,0.3021,-0.4005,0.3146,0.1212,-3.7041,-3.0835,3.6195,0.103,0.1666,-1.4377,0.259,-2.5399,-0.6063,-3.8571,-2.6195,0.0683,0.0632,0.1764,-1.1885,-1.1119,-3.0059,-2.7719,0.0387,-2.3892,0.3246,-2.3964,-2.3364,-0.3222,0.0908,1.6338,-0.1308,-1.3588,-4.4713,-4.266,-3.1246,1.8618,-0.5905,-0.0871,-0.4445,-0.1348,-0.3378,-0.0485,0.612,-1.4911,-4.0088,-2.154
843,5903,108,5,running,2.32,-0.4853,3.4309,2.2818,2.0023,0.024,-0.1087,0.2823,2.1142,0.2146,0.0147,0.5069,2.4464,1.6766,2.2351,0.1576,-0.5672,3.6195,0.4536,1.3168,-0.5647,2.4074,0.0726,0.1418,0.0465,0.2265,1.2877,1.7149,3.7502,2.2634,0.8106,2.7166,0.4783,1.9314,2.3325,1.6129,0.2141,1.9317,0.3134,-1.237,0.9001,3.4873,0.201,0.3743,3.0013,2.1237,-0.4175,0.2149,0.275,1.3531,0.0235,0.5778,3.1488,-0.3024
844,5904,108,5,running,3.0514,-0.1173,1.6059,0.7472,2.5686,0.2903,-0.5084,1.4186,-2.1051,0.2747,-0.4101,1.0294,0.5373,0.6734,1.0196,-0.3469,-0.7411,1.5711,0.6766,2.3998,-0.6,0.2007,-0.6843,-0.1003,0.0255,-0.0843,0.1645,1.8788,3.65,1.3186,1.0415,2.9024,-0.0952,2.5004,1.8812,0.8455,0.087,1.9401,0.5853,-1.3803,4.5246,3.5608,1.3723,0.3414,3.5799,-3.0365,0.2127,-0.2007,0.0338,-0.3741,0.3455,1.0662,0.0785,-2.061
845,5905,108,5,running,1.3452,-0.5619,-4.107,-2.6769,-0.4786,0.2451,-0.3242,-0.4818,-0.8645,0.3357,-0.0923,-0.0638,-3.5149,-2.3664,-2.0782,-0.1867,0.0101,-2.8545,0.1145,-2.6196,-0.5433,-3.1548,-4.5032,-0.3626,-0.0667,-0.61,-2.258,-3.4186,-4.159,-0.7928,0.1467,-2.4773,-0.5236,-0.2936,-2.8745,-2.561,0.1504,1.4442,0.0624,-1.4746,2.0001,-2.4269,-2.6501,1.3963,1.0335,-1.3076,-0.1381,0.3519,-0.446,-1.7507,0.3207,0.1726,-2.6104,3.0775
846,5906,108,5,running,1.7702,-0.5499,3.006,-1.0397,0.2485,1.4269,-0.0233,0.5508,0.0524,-0.3346,-0.3133,-0.048,3.5691,-1.4779,-3.1418,0.1082,-0.5702,3.5481,0.1415,3.6184,-0.3695,4.0479,3.2943,0.3488,-0.0829,-0.4306,1.3427,1.7181,3.116,1.5457,1.8445,3.3558,0.1739,2.6423,3.3094,3.0719,0.5664,1.6579,-0.0354,-1.528,3.6735,0.9666,0.8144,0.5288,2.8259,1.3149,-0.4703,0.0618,-0.089,3.7423,0.4802,0.3727,2.111,0.621
847,5907,108,5,running,2.2883,-0.1691,-2.0942,3.8829,-1.7037,0.4366,-0.1271,0.7261,1.2648,0.2561,0.1402,0.3249,0.0628,2.0514,-2.1024,0.4774,0.1135,-2.6929,0.2972,-3.2403,-0.3257,-4.3147,3.4,-0.1976,-0.0127,-0.1536,-3.4182,-3.8861,-3.6531,-1.2087,0.417,-3.4229,0.4646,-3.5206,-2.267,-3.4879,0.3836,1.9121,0.224,-1.4232,-0.2189,-0.0835,0.343,1.8066,-3.5724,-0.3224,-0.2388,0.4531,0.2677,3.3309,-0.817,0.5707,-4.2294,4.8867
848,5908,108,5,running,1.7084,-0.3164,0.5174,1.0216,1.6242,0.0779,-1.1222,1.3566,1.7639,-0.2829,0.1862,0.3046,1.8873,3.6519,2.2468,0.3586,0.4117,2.4731,0.2731,2.1983,-0.5177,2.6007,3.1143,0.4849,-0.0179,0.4762,1.8047,2.6621,3.3089,1.2642,-0.6503,2.4158,-0.2723,0.0822,2.8438,1.6045,0.1144,1.4281,-0.4473,-1.403,2.9635,4.2104,1.0001,1.7368,1.3834,3.2866,0.3176,-0.1162,-0.0266,2.0539,-0.7172,0.0713,3.6124,1.4065
849,5909,108,5,running,1.4557,-0.038,3.7423,-2.8217,1.7276,0.3369,-0.4073,-1.6347,1.7643,-0.1744,0.0375,0.0626,1.823,2.7982,0.7583,0.2839,0.5407,-2.2094,0.6401,-2.9647,-0.525,-4.6536,-2.4051,-0.1341,0.1009,-0.3128,-0.5092,-0.8441,-1.3704,-3.1245,0.2479,-2.4067,0.164,-2.5102,-2.5979,-0.4607,0.2697,1.4713,0.1184,-1.4062,-4.5203,-0.8847,-0.7712,1.7777,0.3258,-3.364,-0.5093,-0.0562,-0.013,-1.5717,1.8083,-1.4398,-3.742,-2.1073
850,5910,108,5,running,0.1271,-0.2255,0.2228,0.0592,-0.2013,0.3249,-0.3833,-0.0613,0.0422,0.1039,-0.0447,0.0212,0.1272,-0.0352,0.0088,-0.0236,0.0411,-0.2147,0.0436,-0.1751,-0.544,-0.0838,-0.0413,-0.0247,-0.166,0.1043,0.2865,-0.1615,-0.1068,0.1523,0.7515,0.2116,0.2507,-0.0548,0.187,0.013,-0.0736,2.1161,-0.0181,-1.5865,0.0711,0.0258,-0.0269,0.4474,-0.0714,-0.0351,-0.0656,-0.1127,0.2611,0.011,0.0841,-0.0484,-0.0126,-0.0476
852,5912,108,5,running,0.2206,-0.2117,0.2144,-0.2534,0.2443,0.17,-0.4046,-0.1831,0.3688,0.2811,-0.4578,-0.0185,0.2836,0.205,0.3693,0.0742,0.3842,0.0482,0.4078,0.1244,-0.5365,0.0849,0.0013,0.0483,-0.1446,0.0031,0.0236,-0.0333,-0.0556,-0.0215,-0.1625,0.0724,-0.3014,0.0082,0.0787,-0.0604,0.0408,1.4922,-0.0278,-1.5707,0.0019,0.036,0.0279,1.3256,-0.0463,0.0377,0.0099,-0.064,-0.0124,0.0415,0.0449,0.0063,0.0478,-0.0461
854,5914,108,5,running,2.1286,-0.488,2.778,-1.4864,3.8111,0.2566,-0.3281,1.0532,-1.2345,0.5596,0.0639,0.7418,2.8267,-0.839,0.5263,-0.4034,0.0592,-0.0488,0.7013,-3.5722,-0.5709,-2.7493,-3.2232,-0.0718,0.0026,-0.2567,-0.073,-2.2426,-0.6478,-2.5837,0.1114,3.5343,0.1387,-1.9813,-2.7161,-1.0311,-0.0482,1.7499,0.4468,-1.5674,4.5504,3.3685,-1.1119,0.5228,1.0638,-2.6005,-0.1232,0.3561,-0.0378,-1.0853,0.0772,0.2687,2.3713,0.3878
855,5915,108,5,running,1.2018,-0.0229,3.0725,0.5595,-0.2655,0.3452,-1.2308,-2.2753,-1.7435,-0.108,-0.2108,-0.86,2.8546,3.3953,3.8701,0.373,-0.0054,1.2282,-0.3275,3.221,-0.4268,1.1505,1.4824,-0.0952,-0.2174,-0.179,2.0834,0.971,3.2853,2.3692,0.3343,3.7367,0.0883,2.3112,2.0928,-0.7284,-0.0726,1.8472,-0.1309,-1.6637,-2.0921,3.1595,0.8572,0.3234,0.4967,-1.0784,-0.0623,0.1624,-0.1758,-1.3346,0.5723,0.6729,0.2305,1.8526
856,5916,108,5,running,2.1688,-0.489,-4.1603,2.4692,0.0711,0.525,-2.6495,0.3114,-0.7704,0.0648,-0.0436,0.2526,-4.4208,2.9221,1.9517,0.2109,0.149,1.1768,0.0944,2.9263,-0.3756,-3.5738,-1.1298,0.3054,-0.0766,0.0247,-3.0959,1.6461,3.0899,-4.4467,0.031,3.4803,-0.5456,2.6329,-0.7645,-0.0428,0.2078,1.6003,0.3631,-1.5261,-4.4805,-3.3378,2.7137,0.2086,1.1337,-2.1236,-0.3467,0.1313,0.4134,-0.2183,0.196,0.0743,1.9445,-0.7783
