candidate_id,missing_numeric_fields,missing_columns,parsed_numeric_fields,filter_reason
0,0,[],54,kept
1,0,[],54,kept
2,0,[],54,kept
3,0,[],54,kept
4,0,[],54,kept
5,0,[],54,kept
6,0,[],54,kept
7,0,[],54,kept
8,0,[],54,kept
9,0,[],54,kept
10,0,[],54,kept
11,0,[],54,kept
12,0,[],54,kept
13,0,[],54,kept
14,0,[],54,kept
15,0,[],54,kept
16,0,[],54,kept
17,0,[],54,kept
18,0,[],54,kept
19,0,[],54,kept
20,0,[],54,kept
21,0,[],54,kept
22,0,[],54,kept
23,0,[],54,kept
24,49,"['value_5', 'value_6', 'value_7', 'value_8', 'value_9', 'value_10', 'value_11', 'value_12', 'value_13', 'value_14', 'value_15', 'value_16', 'value_17', 'value_18', 'value_19', 'value_20', 'value_21', 'value_22', 'value_23', 'value_24', 'value_25', 'value_26', 'value_27', 'value_28', 'value_29', 'value_30', 'value_31', 'value_32', 'value_33', 'value_34', 'value_35', 'value_36', 'value_37', 'value_38', 'value_39', 'value_40', 'value_41', 'value_42', 'value_43', 'value_44', 'value_45', 'value_46', 'value_47', 'value_48', 'value_49', 'value_50', 'value_51', 'value_52', 'value_53']",5,missing_fields
25,0,[],54,kept
26,0,[],54,kept
27,0,[],54,kept
28,0,[],54,kept
29,0,[],54,kept
30,0,[],54,kept
31,0,[],54,kept
32,0,[],54,kept
33,0,[],54,kept
34,0,[],54,kept
35,0,[],54,kept
36,0,[],54,kept
37,0,[],54,kept
38,0,[],54,kept
39,0,[],54,kept
40,0,[],54,kept
41,0,[],54,kept
42,0,[],54,kept
43,0,[],54,kept
44,0,[],54,kept
45,0,[],54,kept
46,0,[],54,kept
47,0,[],54,kept
48,0,[],54,kept
49,0,[],54,kept
50,51,"['value_3', 'value_4', 'value_5', 'value_6', 'value_7', 'value_8', 'value_9', 'value_10', 'value_11', 'value_12', 'value_13', 'value_14', 'value_15', 'value_16', 'value_17', 'value_18', 'value_19', 'value_20', 'value_21', 'value_22', 'value_23', 'value_24', 'value_25', 'value_26', 'value_27', 'value_28', 'value_29', 'value_30', 'value_31', 'value_32', 'value_33', 'value_34', 'value_35', 'value_36', 'value_37', 'value_38', 'value_39', 'value_40', 'value_41', 'value_42', 'value_43', 'value_44', 'value_45', 'value_46', 'value_47', 'value_48', 'value_49', 'value_50', 'value_51', 'value_52', 'value_53']",3,missing_fields
51,0,[],54,kept
52,0,[],54,kept
53,0,[],54,kept
54,0,[],54,kept
55,0,[],54,kept
56,0,[],54,kept
57,0,[],54,kept
58,0,[],54,kept
59,0,[],54,kept
60,0,[],54,kept
61,0,[],54,kept
62,0,[],54,kept
63,0,[],54,kept
64,0,[],54,kept
65,0,[],54,kept
66,0,[],54,kept
67,0,[],54,kept
68,0,[],54,kept
69,0,[],54,kept
70,0,[],54,kept
71,0,[],54,kept
72,0,[],54,kept
73,0,[],54,kept
74,0,[],54,kept
75,0,[],54,kept
76,0,[],54,kept
77,0,[],54,kept
78,0,[],54,kept
79,0,[],54,kept
80,0,[],54,kept
81,0,[],54,kept
82,0,[],54,kept
83,0,[],54,kept
84,0,[],54,kept
85,0,[],54,kept
86,0,[],54,kept
87,0,[],54,kept
88,0,[],54,kept
89,0,[],54,kept
90,0,[],54,kept
91,0,[],54,kept
92,0,[],54,kept
93,0,[],54,kept
94,0,[],54,kept
95,0,[],54,kept
96,0,[],54,kept
97,0,[],54,kept
98,0,[],54,kept
99,0,[],54,kept
100,0,[],54,kept
101,0,[],54,kept
102,0,[],54,kept
103,0,[],54,kept
104,0,[],54,kept
105,0,[],54,kept
106,0,[],54,kept
107,0,[],54,kept
108,0,[],54,kept
109,0,[],54,kept
110,0,[],54,kept
111,0,[],54,kept
112,0,[],54,kept
113,0,[],54,kept
114,0,[],54,kept
115,0,[],54,kept
116,0,[],54,kept
117,0,[],54,kept
118,0,[],54,kept
119,0,[],54,kept
120,0,[],54,kept
121,0,[],54,kept
122,0,[],54,kept
123,0,[],54,kept
124,0,[],54,kept
125,0,[],54,kept
126,0,[],54,kept
127,0,[],54,kept
128,0,[],54,kept
129,0,[],54,kept
130,0,[],54,kept
131,0,[],54,kept
132,0,[],54,kept
133,0,[],54,kept
134,0,[],54,kept
135,0,[],54,kept
136,0,[],54,kept
137,0,[],54,kept
138,0,[],54,kept
139,0,[],54,kept
140,0,[],54,kept
141,0,[],54,kept
142,0,[],54,kept
143,0,[],54,kept
144,0,[],54,kept
145,0,[],54,kept
146,0,[],54,kept
147,0,[],54,kept
148,0,[],54,kept
149,0,[],54,kept
150,0,[],54,kept
151,0,[],54,kept
152,0,[],54,kept
153,0,[],54,kept
154,0,[],54,kept
155,0,[],54,kept
156,0,[],54,kept
157,0,[],54,kept
158,0,[],54,kept
159,0,[],54,kept
160,0,[],54,kept
161,0,[],54,kept
162,0,[],54,kept
163,0,[],54,kept
164,0,[],54,kept
165,0,[],54,kept
166,0,[],54,kept
167,0,[],54,kept
168,0,[],54,kept
169,0,[],54,kept
170,0,[],54,kept
171,0,[],54,kept
172,0,[],54,kept
173,0,[],54,kept
174,0,[],54,kept
175,0,[],54,kept
176,0,[],54,kept
177,0,[],54,kept
178,0,[],54,kept
179,50,"['value_4', 'value_5', 'value_6', 'value_7', 'value_8', 'value_9', 'value_10', 'value_11', 'value_12', 'value_13', 'value_14', 'value_15', 'value_16', 'value_17', 'value_18', 'value_19', 'value_20', 'value_21', 'value_22', 'value_23', 'value_24', 'value_25', 'value_26', 'value_27', 'value_28', 'value_29', 'value_30', 'value_31', 'value_32', 'value_33', 'value_34', 'value_35', 'value_36', 'value_37', 'value_38', 'value_39', 'value_40', 'value_41', 'value_42', 'value_43', 'value_44', 'value_45', 'value_46', 'value_47', 'value_48', 'value_49', 'value_50', 'value_51', 'value_52', 'value_53']",4,missing_fields
180,53,"['value_1', 'value_2', 'value_3', 'value_4', 'value_5', 'value_6', 'value_7', 'value_8', 'value_9', 'value_10', 'value_11', 'value_12', 'value_13', 'value_14', 'value_15', 'value_16', 'value_17', 'value_18', 'value_19', 'value_20', 'value_21', 'value_22', 'value_23', 'value_24', 'value_25', 'value_26', 'value_27', 'value_28', 'value_29', 'value_30', 'value_31', 'value_32', 'value_33', 'value_34', 'value_35', 'value_36', 'value_37', 'value_38', 'value_39', 'value_40', 'value_41', 'value_42', 'value_43', 'value_44', 'value_45', 'value_46', 'value_47', 'value_48', 'value_49', 'value_50', 'value_51', 'value_52', 'value_53']",1,missing_fields
181,0,[],54,kept
182,0,[],54,kept
183,53,"['value_1', 'value_2', 'value_3', 'value_4', 'value_5', 'value_6', 'value_7', 'value_8', 'value_9', 'value_10', 'value_11', 'value_12', 'value_13', 'value_14', 'value_15', 'value_16', 'value_17', 'value_18', 'value_19', 'value_20', 'value_21', 'value_22', 'value_23', 'value_24', 'value_25', 'value_26', 'value_27', 'value_28', 'value_29', 'value_30', 'value_31', 'value_32', 'value_33', 'value_34', 'value_35', 'value_36', 'value_37', 'value_38', 'value_39', 'value_40', 'value_41', 'value_42', 'value_43', 'value_44', 'value_45', 'value_46', 'value_47', 'value_48', 'value_49', 'value_50', 'value_51', 'value_52', 'value_53']",1,missing_fields
184,0,[],54,kept
185,0,[],54,kept
186,0,[],54,kept
187,50,"['value_4', 'value_5', 'value_6', 'value_7', 'value_8', 'value_9', 'value_10', 'value_11', 'value_12', 'value_13', 'value_14', 'value_15', 'value_16', 'value_17', 'value_18', 'value_19', 'value_20', 'value_21', 'value_22', 'value_23', 'value_24', 'value_25', 'value_26', 'value_27', 'value_28', 'value_29', 'value_30', 'value_31', 'value_32', 'value_33', 'value_34', 'value_35', 'value_36', 'value_37', 'value_38', 'value_39', 'value_40', 'value_41', 'value_42', 'value_43', 'value_44', 'value_45', 'value_46', 'value_47', 'value_48', 'value_49', 'value_50', 'value_51', 'value_52', 'value_53']",4,missing_fields
188,53,"['value_1', 'value_2', 'value_3', 'value_4', 'value_5', 'value_6', 'value_7', 'value_8', 'value_9', 'value_10', 'value_11', 'value_12', 'value_13', 'value_14', 'value_15', 'value_16', 'value_17', 'value_18', 'value_19', 'value_20', 'value_21', 'value_22', 'value_23', 'value_24', 'value_25', 'value_26', 'value_27', 'value_28', 'value_29', 'value_30', 'value_31', 'value_32', 'value_33', 'value_34', 'value_35', 'value_36', 'value_37', 'value_38', 'value_39', 'value_40', 'value_41', 'value_42', 'value_43', 'value_44', 'value_45', 'value_46', 'value_47', 'value_48', 'value_49', 'value_50', 'value_51', 'value_52', 'value_53']",1,missing_fields
189,0,[],54,kept
190,0,[],54,kept
191,0,[],54,kept
192,0,[],54,kept
193,0,[],54,kept
194,0,[],54,kept
195,0,[],54,kept
196,53,"['value_1', 'value_2', 'value_3', 'value_4', 'value_5', 'value_6', 'value_7', 'value_8', 'value_9', 'value_10', 'value_11', 'value_12', 'value_13', 'value_14', 'value_15', 'value_16', 'value_17', 'value_18', 'value_19', 'value_20', 'value_21', 'value_22', 'value_23', 'value_24', 'value_25', 'value_26', 'value_27', 'value_28', 'value_29', 'value_30', 'value_31', 'value_32', 'value_33', 'value_34', 'value_35', 'value_36', 'value_37', 'value_38', 'value_39', 'value_40', 'value_41', 'value_42', 'value_43', 'value_44', 'value_45', 'value_46', 'value_47', 'value_48', 'value_49', 'value_50', 'value_51', 'value_52', 'value_53']",1,missing_fields
197,53,"['value_1', 'value_2', 'value_3', 'value_4', 'value_5', 'value_6', 'value_7', 'value_8', 'value_9', 'value_10', 'value_11', 'value_12', 'value_13', 'value_14', 'value_15', 'value_16', 'value_17', 'value_18', 'value_19', 'value_20', 'value_21', 'value_22', 'value_23', 'value_24', 'value_25', 'value_26', 'value_27', 'value_28', 'value_29', 'value_30', 'value_31', 'value_32', 'value_33', 'value_34', 'value_35', 'value_36', 'value_37', 'value_38', 'value_39', 'value_40', 'value_41', 'value_42', 'value_43', 'value_44', 'value_45', 'value_46', 'value_47', 'value_48', 'value_49', 'value_50', 'value_51', 'value_52', 'value_53']",1,missing_fields
198,49,"['value_5', 'value_6', 'value_7', 'value_8', 'value_9', 'value_10', 'value_11', 'value_12', 'value_13', 'value_14', 'value_15', 'value_16', 'value_17', 'value_18', 'value_19', 'value_20', 'value_21', 'value_22', 'value_23', 'value_24', 'value_25', 'value_26', 'value_27', 'value_28', 'value_29', 'value_30', 'value_31', 'value_32', 'value_33', 'value_34', 'value_35', 'value_36', 'value_37', 'value_38', 'value_39', 'value_40', 'value_41', 'value_42', 'value_43', 'value_44', 'value_45', 'value_46', 'value_47', 'value_48', 'value_49', 'value_50', 'value_51', 'value_52', 'value_53']",5,missing_fields
199,0,[],54,kept
200,53,"['value_1', 'value_2', 'value_3', 'value_4', 'value_5', 'value_6', 'value_7', 'value_8', 'value_9', 'value_10', 'value_11', 'value_12', 'value_13', 'value_14', 'value_15', 'value_16', 'value_17', 'value_18', 'value_19', 'value_20', 'value_21', 'value_22', 'value_23', 'value_24', 'value_25', 'value_26', 'value_27', 'value_28', 'value_29', 'value_30', 'value_31', 'value_32', 'value_33', 'value_34', 'value_35', 'value_36', 'value_37', 'value_38', 'value_39', 'value_40', 'value_41', 'value_42', 'value_43', 'value_44', 'value_45', 'value_46', 'value_47', 'value_48', 'value_49', 'value_50', 'value_51', 'value_52', 'value_53']",1,missing_fields
201,0,[],54,kept
202,53,"['value_1', 'value_2', 'value_3', 'value_4', 'value_5', 'value_6', 'value_7', 'value_8', 'value_9', 'value_10', 'value_11', 'value_12', 'value_13', 'value_14', 'value_15', 'value_16', 'value_17', 'value_18', 'value_19', 'value_20', 'value_21', 'value_22', 'value_23', 'value_24', 'value_25', 'value_26', 'value_27', 'value_28', 'value_29', 'value_30', 'value_31', 'value_32', 'value_33', 'value_34', 'value_35', 'value_36', 'value_37', 'value_38', 'value_39', 'value_40', 'value_41', 'value_42', 'value_43', 'value_44', 'value_45', 'value_46', 'value_47', 'value_48', 'value_49', 'value_50', 'value_51', 'value_52', 'value_53']",1,missing_fields
203,53,"['value_1', 'value_2', 'value_3', 'value_4', 'value_5', 'value_6', 'value_7', 'value_8', 'value_9', 'value_10', 'value_11', 'value_12', 'value_13', 'value_14', 'value_15', 'value_16', 'value_17', 'value_18', 'value_19', 'value_20', 'value_21', 'value_22', 'value_23', 'value_24', 'value_25', 'value_26', 'value_27', 'value_28', 'value_29', 'value_30', 'value_31', 'value_32', 'value_33', 'value_34', 'value_35', 'value_36', 'value_37', 'value_38', 'value_39', 'value_40', 'value_41', 'value_42', 'value_43', 'value_44', 'value_45', 'value_46', 'value_47', 'value_48', 'value_49', 'value_50', 'value_51', 'value_52', 'value_53']",1,missing_fields
204,0,[],54,kept
205,0,[],54,kept
206,0,[],54,kept
207,0,[],54,kept
208,53,"['value_1', 'value_2', 'value_3', 'value_4', 'value_5', 'value_6', 'value_7', 'value_8', 'value_9', 'value_10', 'value_11', 'value_12', 'value_13', 'value_14', 'value_15', 'value_16', 'value_17', 'value_18', 'value_19', 'value_20', 'value_21', 'value_22', 'value_23', 'value_24', 'value_25', 'value_26', 'value_27', 'value_28', 'value_29', 'value_30', 'value_31', 'value_32', 'value_33', 'value_34', 'value_35', 'value_36', 'value_37', 'value_38', 'value_39', 'value_40', 'value_41', 'value_42', 'value_43', 'value_44', 'value_45', 'value_46', 'value_47', 'value_48', 'value_49', 'value_50', 'value_51', 'value_52', 'value_53']",1,missing_fields
209,53,"['value_1', 'value_2', 'value_3', 'value_4', 'value_5', 'value_6', 'value_7', 'value_8', 'value_9', 'value_10', 'value_11', 'value_12', 'value_13', 'value_14', 'value_15', 'value_16', 'value_17', 'value_18', 'value_19', 'value_20', 'value_21', 'value_22', 'value_23', 'value_24', 'value_25', 'value_26', 'value_27', 'value_28', 'value_29', 'value_30', 'value_31', 'value_32', 'value_33', 'value_34', 'value_35', 'value_36', 'value_37', 'value_38', 'value_39', 'value_40', 'value_41', 'value_42', 'value_43', 'value_44', 'value_45', 'value_46', 'value_47', 'value_48', 'value_49', 'value_50', 'value_51', 'value_52', 'value_53']",1,missing_fields
210,0,[],54,kept
211,0,[],54,kept
212,0,[],54,kept
213,0,[],54,kept
214,0,[],54,kept
215,0,[],54,kept
216,0,[],54,kept
217,0,[],54,kept
218,0,[],54,kept
219,0,[],54,kept
220,0,[],54,kept
221,0,[],54,kept
222,0,[],54,kept
223,0,[],54,kept
224,0,[],54,kept
225,0,[],54,kept
226,0,[],54,kept
227,53,"['value_1', 'value_2', 'value_3', 'value_4', 'value_5', 'value_6', 'value_7', 'value_8', 'value_9', 'value_10', 'value_11', 'value_12', 'value_13', 'value_14', 'value_15', 'value_16', 'value_17', 'value_18', 'value_19', 'value_20', 'value_21', 'value_22', 'value_23', 'value_24', 'value_25', 'value_26', 'value_27', 'value_28', 'value_29', 'value_30', 'value_31', 'value_32', 'value_33', 'value_34', 'value_35', 'value_36', 'value_37', 'value_38', 'value_39', 'value_40', 'value_41', 'value_42', 'value_43', 'value_44', 'value_45', 'value_46', 'value_47', 'value_48', 'value_49', 'value_50', 'value_51', 'value_52', 'value_53']",1,missing_fields
228,0,[],54,kept
229,0,[],54,kept
230,0,[],54,kept
231,53,"['value_1', 'value_2', 'value_3', 'value_4', 'value_5', 'value_6', 'value_7', 'value_8', 'value_9', 'value_10', 'value_11', 'value_12', 'value_13', 'value_14', 'value_15', 'value_16', 'value_17', 'value_18', 'value_19', 'value_20', 'value_21', 'value_22', 'value_23', 'value_24', 'value_25', 'value_26', 'value_27', 'value_28', 'value_29', 'value_30', 'value_31', 'value_32', 'value_33', 'value_34', 'value_35', 'value_36', 'value_37', 'value_38', 'value_39', 'value_40', 'value_41', 'value_42', 'value_43', 'value_44', 'value_45', 'value_46', 'value_47', 'value_48', 'value_49', 'value_50', 'value_51', 'value_52', 'value_53']",1,missing_fields
232,0,[],54,kept
233,0,[],54,kept
234,0,[],54,kept
235,50,"['value_4', 'value_5', 'value_6', 'value_7', 'value_8', 'value_9', 'value_10', 'value_11', 'value_12', 'value_13', 'value_14', 'value_15', 'value_16', 'value_17', 'value_18', 'value_19', 'value_20', 'value_21', 'value_22', 'value_23', 'value_24', 'value_25', 'value_26', 'value_27', 'value_28', 'value_29', 'value_30', 'value_31', 'value_32', 'value_33', 'value_34', 'value_35', 'value_36', 'value_37', 'value_38', 'value_39', 'value_40', 'value_41', 'value_42', 'value_43', 'value_44', 'value_45', 'value_46', 'value_47', 'value_48', 'value_49', 'value_50', 'value_51', 'value_52', 'value_53']",4,missing_fields
236,50,"['value_4', 'value_5', 'value_6', 'value_7', 'value_8', 'value_9', 'value_10', 'value_11', 'value_12', 'value_13', 'value_14', 'value_15', 'value_16', 'value_17', 'value_18', 'value_19', 'value_20', 'value_21', 'value_22', 'value_23', 'value_24', 'value_25', 'value_26', 'value_27', 'value_28', 'value_29', 'value_30', 'value_31', 'value_32', 'value_33', 'value_34', 'value_35', 'value_36', 'value_37', 'value_38', 'value_39', 'value_40', 'value_41', 'value_42', 'value_43', 'value_44', 'value_45', 'value_46', 'value_47', 'value_48', 'value_49', 'value_50', 'value_51', 'value_52', 'value_53']",4,missing_fields
237,0,[],54,kept
238,53,"['value_1', 'value_2', 'value_3', 'value_4', 'value_5', 'value_6', 'value_7', 'value_8', 'value_9', 'value_10', 'value_11', 'value_12', 'value_13', 'value_14', 'value_15', 'value_16', 'value_17', 'value_18', 'value_19', 'value_20', 'value_21', 'value_22', 'value_23', 'value_24', 'value_25', 'value_26', 'value_27', 'value_28', 'value_29', 'value_30', 'value_31', 'value_32', 'value_33', 'value_34', 'value_35', 'value_36', 'value_37', 'value_38', 'value_39', 'value_40', 'value_41', 'value_42', 'value_43', 'value_44', 'value_45', 'value_46', 'value_47', 'value_48', 'value_49', 'value_50', 'value_51', 'value_52', 'value_53']",1,missing_fields
239,0,[],54,kept
240,53,"['value_1', 'value_2', 'value_3', 'value_4', 'value_5', 'value_6', 'value_7', 'value_8', 'value_9', 'value_10', 'value_11', 'value_12', 'value_13', 'value_14', 'value_15', 'value_16', 'value_17', 'value_18', 'value_19', 'value_20', 'value_21', 'value_22', 'value_23', 'value_24', 'value_25', 'value_26', 'value_27', 'value_28', 'value_29', 'value_30', 'value_31', 'value_32', 'value_33', 'value_34', 'value_35', 'value_36', 'value_37', 'value_38', 'value_39', 'value_40', 'value_41', 'value_42', 'value_43', 'value_44', 'value_45', 'value_46', 'value_47', 'value_48', 'value_49', 'value_50', 'value_51', 'value_52', 'value_53']",1,missing_fields
241,50,"['value_4', 'value_5', 'value_6', 'value_7', 'value_8', 'value_9', 'value_10', 'value_11', 'value_12', 'value_13', 'value_14', 'value_15', 'value_16', 'value_17', 'value_18', 'value_19', 'value_20', 'value_21', 'value_22', 'value_23', 'value_24', 'value_25', 'value_26', 'value_27', 'value_28', 'value_29', 'value_30', 'value_31', 'value_32', 'value_33', 'value_34', 'value_35', 'value_36', 'value_37', 'value_38', 'value_39', 'value_40', 'value_41', 'value_42', 'value_43', 'value_44', 'value_45', 'value_46', 'value_47', 'value_48', 'value_49', 'value_50', 'value_51', 'value_52', 'value_53']",4,missing_fields
242,53,"['value_1', 'value_2', 'value_3', 'value_4', 'value_5', 'value_6', 'value_7', 'value_8', 'value_9', 'value_10', 'value_11', 'value_12', 'value_13', 'value_14', 'value_15', 'value_16', 'value_17', 'value_18', 'value_19', 'value_20', 'value_21', 'value_22', 'value_23', 'value_24', 'value_25', 'value_26', 'value_27', 'value_28', 'value_29', 'value_30', 'value_31', 'value_32', 'value_33', 'value_34', 'value_35', 'value_36', 'value_37', 'value_38', 'value_39', 'value_40', 'value_41', 'value_42', 'value_43', 'value_44', 'value_45', 'value_46', 'value_47', 'value_48', 'value_49', 'value_50', 'value_51', 'value_52', 'value_53']",1,missing_fields
243,53,"['value_1', 'value_2', 'value_3', 'value_4', 'value_5', 'value_6', 'value_7', 'value_8', 'value_9', 'value_10', 'value_11', 'value_12', 'value_13', 'value_14', 'value_15', 'value_16', 'value_17', 'value_18', 'value_19', 'value_20', 'value_21', 'value_22', 'value_23', 'value_24', 'value_25', 'value_26', 'value_27', 'value_28', 'value_29', 'value_30', 'value_31', 'value_32', 'value_33', 'value_34', 'value_35', 'value_36', 'value_37', 'value_38', 'value_39', 'value_40', 'value_41', 'value_42', 'value_43', 'value_44', 'value_45', 'value_46', 'value_47', 'value_48', 'value_49', 'value_50', 'value_51', 'value_52', 'value_53']",1,missing_fields
244,0,[],54,kept
245,50,"['value_4', 'value_5', 'value_6', 'value_7', 'value_8', 'value_9', 'value_10', 'value_11', 'value_12', 'value_13', 'value_14', 'value_15', 'value_16', 'value_17', 'value_18', 'value_19', 'value_20', 'value_21', 'value_22', 'value_23', 'value_24', 'value_25', 'value_26', 'value_27', 'value_28', 'value_29', 'value_30', 'value_31', 'value_32', 'value_33', 'value_34', 'value_35', 'value_36', 'value_37', 'value_38', 'value_39', 'value_40', 'value_41', 'value_42', 'value_43', 'value_44', 'value_45', 'value_46', 'value_47', 'value_48', 'value_49', 'value_50', 'value_51', 'value_52', 'value_53']",4,missing_fields
246,0,[],54,kept
247,0,[],54,kept
248,0,[],54,kept
249,0,[],54,kept
250,50,"['value_4', 'value_5', 'value_6', 'value_7', 'value_8', 'value_9', 'value_10', 'value_11', 'value_12', 'value_13', 'value_14', 'value_15', 'value_16', 'value_17', 'value_18', 'value_19', 'value_20', 'value_21', 'value_22', 'value_23', 'value_24', 'value_25', 'value_26', 'value_27', 'value_28', 'value_29', 'value_30', 'value_31', 'value_32', 'value_33', 'value_34', 'value_35', 'value_36', 'value_37', 'value_38', 'value_39', 'value_40', 'value_41', 'value_42', 'value_43', 'value_44', 'value_45', 'value_46', 'value_47', 'value_48', 'value_49', 'value_50', 'value_51', 'value_52', 'value_53']",4,missing_fields
251,49,"['value_5', 'value_6', 'value_7', 'value_8', 'value_9', 'value_10', 'value_11', 'value_12', 'value_13', 'value_14', 'value_15', 'value_16', 'value_17', 'value_18', 'value_19', 'value_20', 'value_21', 'value_22', 'value_23', 'value_24', 'value_25', 'value_26', 'value_27', 'value_28', 'value_29', 'value_30', 'value_31', 'value_32', 'value_33', 'value_34', 'value_35', 'value_36', 'value_37', 'value_38', 'value_39', 'value_40', 'value_41', 'value_42', 'value_43', 'value_44', 'value_45', 'value_46', 'value_47', 'value_48', 'value_49', 'value_50', 'value_51', 'value_52', 'value_53']",5,missing_fields
252,0,[],54,kept
253,0,[],54,kept
254,0,[],54,kept
255,0,[],54,kept
256,53,"['value_1', 'value_2', 'value_3', 'value_4', 'value_5', 'value_6', 'value_7', 'value_8', 'value_9', 'value_10', 'value_11', 'value_12', 'value_13', 'value_14', 'value_15', 'value_16', 'value_17', 'value_18', 'value_19', 'value_20', 'value_21', 'value_22', 'value_23', 'value_24', 'value_25', 'value_26', 'value_27', 'value_28', 'value_29', 'value_30', 'value_31', 'value_32', 'value_33', 'value_34', 'value_35', 'value_36', 'value_37', 'value_38', 'value_39', 'value_40', 'value_41', 'value_42', 'value_43', 'value_44', 'value_45', 'value_46', 'value_47', 'value_48', 'value_49', 'value_50', 'value_51', 'value_52', 'value_53']",1,missing_fields
257,0,[],54,kept
258,0,[],54,kept
259,0,[],54,kept
260,0,[],54,kept
261,0,[],54,kept
262,0,[],54,kept
263,0,[],54,kept
264,53,"['value_1', 'value_2', 'value_3', 'value_4', 'value_5', 'value_6', 'value_7', 'value_8', 'value_9', 'value_10', 'value_11', 'value_12', 'value_13', 'value_14', 'value_15', 'value_16', 'value_17', 'value_18', 'value_19', 'value_20', 'value_21', 'value_22', 'value_23', 'value_24', 'value_25', 'value_26', 'value_27', 'value_28', 'value_29', 'value_30', 'value_31', 'value_32', 'value_33', 'value_34', 'value_35', 'value_36', 'value_37', 'value_38', 'value_39', 'value_40', 'value_41', 'value_42', 'value_43', 'value_44', 'value_45', 'value_46', 'value_47', 'value_48', 'value_49', 'value_50', 'value_51', 'value_52', 'value_53']",1,missing_fields
265,0,[],54,kept
266,0,[],54,kept
267,0,[],54,kept
268,0,[],54,kept
269,0,[],54,kept
270,53,"['value_1', 'value_2', 'value_3', 'value_4', 'value_5', 'value_6', 'value_7', 'value_8', 'value_9', 'value_10', 'value_11', 'value_12', 'value_13', 'value_14', 'value_15', 'value_16', 'value_17', 'value_18', 'value_19', 'value_20', 'value_21', 'value_22', 'value_23', 'value_24', 'value_25', 'value_26', 'value_27', 'value_28', 'value_29', 'value_30', 'value_31', 'value_32', 'value_33', 'value_34', 'value_35', 'value_36', 'value_37', 'value_38', 'value_39', 'value_40', 'value_41', 'value_42', 'value_43', 'value_44', 'value_45', 'value_46', 'value_47', 'value_48', 'value_49', 'value_50', 'value_51', 'value_52', 'value_53']",1,missing_fields
271,53,"['value_1', 'value_2', 'value_3', 'value_4', 'value_5', 'value_6', 'value_7', 'value_8', 'value_9', 'value_10', 'value_11', 'value_12', 'value_13', 'value_14', 'value_15', 'value_16', 'value_17', 'value_18', 'value_19', 'value_20', 'value_21', 'value_22', 'value_23', 'value_24', 'value_25', 'value_26', 'value_27', 'value_28', 'value_29', 'value_30', 'value_31', 'value_32', 'value_33', 'value_34', 'value_35', 'value_36', 'value_37', 'value_38', 'value_39', 'value_40', 'value_41', 'value_42', 'value_43', 'value_44', 'value_45', 'value_46', 'value_47', 'value_48', 'value_49', 'value_50', 'value_51', 'value_52', 'value_53']",1,missing_fields
272,0,[],54,kept
273,0,[],54,kept
274,0,[],54,kept
275,53,"['value_1', 'value_2', 'value_3', 'value_4', 'value_5', 'value_6', 'value_7', 'value_8', 'value_9', 'value_10', 'value_11', 'value_12', 'value_13', 'value_14', 'value_15', 'value_16', 'value_17', 'value_18', 'value_19', 'value_20', 'value_21', 'value_22', 'value_23', 'value_24', 'value_25', 'value_26', 'value_27', 'value_28', 'value_29', 'value_30', 'value_31', 'value_32', 'value_33', 'value_34', 'value_35', 'value_36', 'value_37', 'value_38', 'value_39', 'value_40', 'value_41', 'value_42', 'value_43', 'value_44', 'value_45', 'value_46', 'value_47', 'value_48', 'value_49', 'value_50', 'value_51', 'value_52', 'value_53']",1,missing_fields
276,0,[],54,kept
277,0,[],54,kept
278,53,"['value_1', 'value_2', 'value_3', 'value_4', 'value_5', 'value_6', 'value_7', 'value_8', 'value_9', 'value_10', 'value_11', 'value_12', 'value_13', 'value_14', 'value_15', 'value_16', 'value_17', 'value_18', 'value_19', 'value_20', 'value_21', 'value_22', 'value_23', 'value_24', 'value_25', 'value_26', 'value_27', 'value_28', 'value_29', 'value_30', 'value_31', 'value_32', 'value_33', 'value_34', 'value_35', 'value_36', 'value_37', 'value_38', 'value_39', 'value_40', 'value_41', 'value_42', 'value_43', 'value_44', 'value_45', 'value_46', 'value_47', 'value_48', 'value_49', 'value_50', 'value_51', 'value_52', 'value_53']",1,missing_fields
279,53,"['value_1', 'value_2', 'value_3', 'value_4', 'value_5', 'value_6', 'value_7', 'value_8', 'value_9', 'value_10', 'value_11', 'value_12', 'value_13', 'value_14', 'value_15', 'value_16', 'value_17', 'value_18', 'value_19', 'value_20', 'value_21', 'value_22', 'value_23', 'value_24', 'value_25', 'value_26', 'value_27', 'value_28', 'value_29', 'value_30', 'value_31', 'value_32', 'value_33', 'value_34', 'value_35', 'value_36', 'value_37', 'value_38', 'value_39', 'value_40', 'value_41', 'value_42', 'value_43', 'value_44', 'value_45', 'value_46', 'value_47', 'value_48', 'value_49', 'value_50', 'value_51', 'value_52', 'value_53']",1,missing_fields
280,0,[],54,kept
281,0,[],54,kept
282,0,[],54,kept
283,49,"['value_5', 'value_6', 'value_7', 'value_8', 'value_9', 'value_10', 'value_11', 'value_12', 'value_13', 'value_14', 'value_15', 'value_16', 'value_17', 'value_18', 'value_19', 'value_20', 'value_21', 'value_22', 'value_23', 'value_24', 'value_25', 'value_26', 'value_27', 'value_28', 'value_29', 'value_30', 'value_31', 'value_32', 'value_33', 'value_34', 'value_35', 'value_36', 'value_37', 'value_38', 'value_39', 'value_40', 'value_41', 'value_42', 'value_43', 'value_44', 'value_45', 'value_46', 'value_47', 'value_48', 'value_49', 'value_50', 'value_51', 'value_52', 'value_53']",5,missing_fields
284,0,[],54,kept
285,53,"['value_1', 'value_2', 'value_3', 'value_4', 'value_5', 'value_6', 'value_7', 'value_8', 'value_9', 'value_10', 'value_11', 'value_12', 'value_13', 'value_14', 'value_15', 'value_16', 'value_17', 'value_18', 'value_19', 'value_20', 'value_21', 'value_22', 'value_23', 'value_24', 'value_25', 'value_26', 'value_27', 'value_28', 'value_29', 'value_30', 'value_31', 'value_32', 'value_33', 'value_34', 'value_35', 'value_36', 'value_37', 'value_38', 'value_39', 'value_40', 'value_41', 'value_42', 'value_43', 'value_44', 'value_45', 'value_46', 'value_47', 'value_48', 'value_49', 'value_50', 'value_51', 'value_52', 'value_53']",1,missing_fields
286,49,"['value_5', 'value_6', 'value_7', 'value_8', 'value_9', 'value_10', 'value_11', 'value_12', 'value_13', 'value_14', 'value_15', 'value_16', 'value_17', 'value_18', 'value_19', 'value_20', 'value_21', 'value_22', 'value_23', 'value_24', 'value_25', 'value_26', 'value_27', 'value_28', 'value_29', 'value_30', 'value_31', 'value_32', 'value_33', 'value_34', 'value_35', 'value_36', 'value_37', 'value_38', 'value_39', 'value_40', 'value_41', 'value_42', 'value_43', 'value_44', 'value_45', 'value_46', 'value_47', 'value_48', 'value_49', 'value_50', 'value_51', 'value_52', 'value_53']",5,missing_fields
287,0,[],54,kept
288,53,"['value_1', 'value_2', 'value_3', 'value_4', 'value_5', 'value_6', 'value_7', 'value_8', 'value_9', 'value_10', 'value_11', 'value_12', 'value_13', 'value_14', 'value_15', 'value_16', 'value_17', 'value_18', 'value_19', 'value_20', 'value_21', 'value_22', 'value_23', 'value_24', 'value_25', 'value_26', 'value_27', 'value_28', 'value_29', 'value_30', 'value_31', 'value_32', 'value_33', 'value_34', 'value_35', 'value_36', 'value_37', 'value_38', 'value_39', 'value_40', 'value_41', 'value_42', 'value_43', 'value_44', 'value_45', 'value_46', 'value_47', 'value_48', 'value_49', 'value_50', 'value_51', 'value_52', 'value_53']",1,missing_fields
289,50,"['value_4', 'value_5', 'value_6', 'value_7', 'value_8', 'value_9', 'value_10', 'value_11', 'value_12', 'value_13', 'value_14', 'value_15', 'value_16', 'value_17', 'value_18', 'value_19', 'value_20', 'value_21', 'value_22', 'value_23', 'value_24', 'value_25', 'value_26', 'value_27', 'value_28', 'value_29', 'value_30', 'value_31', 'value_32', 'value_33', 'value_34', 'value_35', 'value_36', 'value_37', 'value_38', 'value_39', 'value_40', 'value_41', 'value_42', 'value_43', 'value_44', 'value_45', 'value_46', 'value_47', 'value_48', 'value_49', 'value_50', 'value_51', 'value_52', 'value_53']",4,missing_fields
290,53,"['value_1', 'value_2', 'value_3', 'value_4', 'value_5', 'value_6', 'value_7', 'value_8', 'value_9', 'value_10', 'value_11', 'value_12', 'value_13', 'value_14', 'value_15', 'value_16', 'value_17', 'value_18', 'value_19', 'value_20', 'value_21', 'value_22', 'value_23', 'value_24', 'value_25', 'value_26', 'value_27', 'value_28', 'value_29', 'value_30', 'value_31', 'value_32', 'value_33', 'value_34', 'value_35', 'value_36', 'value_37', 'value_38', 'value_39', 'value_40', 'value_41', 'value_42', 'value_43', 'value_44', 'value_45', 'value_46', 'value_47', 'value_48', 'value_49', 'value_50', 'value_51', 'value_52', 'value_53']",1,missing_fields
291,0,[],54,kept
292,0,[],54,kept
293,53,"['value_1', 'value_2', 'value_3', 'value_4', 'value_5', 'value_6', 'value_7', 'value_8', 'value_9', 'value_10', 'value_11', 'value_12', 'value_13', 'value_14', 'value_15', 'value_16', 'value_17', 'value_18', 'value_19', 'value_20', 'value_21', 'value_22', 'value_23', 'value_24', 'value_25', 'value_26', 'value_27', 'value_28', 'value_29', 'value_30', 'value_31', 'value_32', 'value_33', 'value_34', 'value_35', 'value_36', 'value_37', 'value_38', 'value_39', 'value_40', 'value_41', 'value_42', 'value_43', 'value_44', 'value_45', 'value_46', 'value_47', 'value_48', 'value_49', 'value_50', 'value_51', 'value_52', 'value_53']",1,missing_fields
294,0,[],54,kept
295,0,[],54,kept
296,53,"['value_1', 'value_2', 'value_3', 'value_4', 'value_5', 'value_6', 'value_7', 'value_8', 'value_9', 'value_10', 'value_11', 'value_12', 'value_13', 'value_14', 'value_15', 'value_16', 'value_17', 'value_18', 'value_19', 'value_20', 'value_21', 'value_22', 'value_23', 'value_24', 'value_25', 'value_26', 'value_27', 'value_28', 'value_29', 'value_30', 'value_31', 'value_32', 'value_33', 'value_34', 'value_35', 'value_36', 'value_37', 'value_38', 'value_39', 'value_40', 'value_41', 'value_42', 'value_43', 'value_44', 'value_45', 'value_46', 'value_47', 'value_48', 'value_49', 'value_50', 'value_51', 'value_52', 'value_53']",1,missing_fields
297,0,[],54,kept
298,53,"['value_1', 'value_2', 'value_3', 'value_4', 'value_5', 'value_6', 'value_7', 'value_8', 'value_9', 'value_10', 'value_11', 'value_12', 'value_13', 'value_14', 'value_15', 'value_16', 'value_17', 'value_18', 'value_19', 'value_20', 'value_21', 'value_22', 'value_23', 'value_24', 'value_25', 'value_26', 'value_27', 'value_28', 'value_29', 'value_30', 'value_31', 'value_32', 'value_33', 'value_34', 'value_35', 'value_36', 'value_37', 'value_38', 'value_39', 'value_40', 'value_41', 'value_42', 'value_43', 'value_44', 'value_45', 'value_46', 'value_47', 'value_48', 'value_49', 'value_50', 'value_51', 'value_52', 'value_53']",1,missing_fields
299,0,[],54,kept
300,53,"['value_1', 'value_2', 'value_3', 'value_4', 'value_5', 'value_6', 'value_7', 'value_8', 'value_9', 'value_10', 'value_11', 'value_12', 'value_13', 'value_14', 'value_15', 'value_16', 'value_17', 'value_18', 'value_19', 'value_20', 'value_21', 'value_22', 'value_23', 'value_24', 'value_25', 'value_26', 'value_27', 'value_28', 'value_29', 'value_30', 'value_31', 'value_32', 'value_33', 'value_34', 'value_35', 'value_36', 'value_37', 'value_38', 'value_39', 'value_40', 'value_41', 'value_42', 'value_43', 'value_44', 'value_45', 'value_46', 'value_47', 'value_48', 'value_49', 'value_50', 'value_51', 'value_52', 'value_53']",1,missing_fields
301,0,[],54,kept
302,0,[],54,kept
303,53,"['value_1', 'value_2', 'value_3', 'value_4', 'value_5', 'value_6', 'value_7', 'value_8', 'value_9', 'value_10', 'value_11', 'value_12', 'value_13', 'value_14', 'value_15', 'value_16', 'value_17', 'value_18', 'value_19', 'value_20', 'value_21', 'value_22', 'value_23', 'value_24', 'value_25', 'value_26', 'value_27', 'value_28', 'value_29', 'value_30', 'value_31', 'value_32', 'value_33', 'value_34', 'value_35', 'value_36', 'value_37', 'value_38', 'value_39', 'value_40', 'value_41', 'value_42', 'value_43', 'value_44', 'value_45', 'value_46', 'value_47', 'value_48', 'value_49', 'value_50', 'value_51', 'value_52', 'value_53']",1,missing_fields
304,53,"['value_1', 'value_2', 'value_3', 'value_4', 'value_5', 'value_6', 'value_7', 'value_8', 'value_9', 'value_10', 'value_11', 'value_12', 'value_13', 'value_14', 'value_15', 'value_16', 'value_17', 'value_18', 'value_19', 'value_20', 'value_21', 'value_22', 'value_23', 'value_24', 'value_25', 'value_26', 'value_27', 'value_28', 'value_29', 'value_30', 'value_31', 'value_32', 'value_33', 'value_34', 'value_35', 'value_36', 'value_37', 'value_38', 'value_39', 'value_40', 'value_41', 'value_42', 'value_43', 'value_44', 'value_45', 'value_46', 'value_47', 'value_48', 'value_49', 'value_50', 'value_51', 'value_52', 'value_53']",1,missing_fields
305,0,[],54,kept
306,0,[],54,kept
307,0,[],54,kept
308,53,"['value_1', 'value_2', 'value_3', 'value_4', 'value_5', 'value_6', 'value_7', 'value_8', 'value_9', 'value_10', 'value_11', 'value_12', 'value_13', 'value_14', 'value_15', 'value_16', 'value_17', 'value_18', 'value_19', 'value_20', 'value_21', 'value_22', 'value_23', 'value_24', 'value_25', 'value_26', 'value_27', 'value_28', 'value_29', 'value_30', 'value_31', 'value_32', 'value_33', 'value_34', 'value_35', 'value_36', 'value_37', 'value_38', 'value_39', 'value_40', 'value_41', 'value_42', 'value_43', 'value_44', 'value_45', 'value_46', 'value_47', 'value_48', 'value_49', 'value_50', 'value_51', 'value_52', 'value_53']",1,missing_fields
309,0,[],54,kept
310,0,[],54,kept
311,0,[],54,kept
312,53,"['value_1', 'value_2', 'value_3', 'value_4', 'value_5', 'value_6', 'value_7', 'value_8', 'value_9', 'value_10', 'value_11', 'value_12', 'value_13', 'value_14', 'value_15', 'value_16', 'value_17', 'value_18', 'value_19', 'value_20', 'value_21', 'value_22', 'value_23', 'value_24', 'value_25', 'value_26', 'value_27', 'value_28', 'value_29', 'value_30', 'value_31', 'value_32', 'value_33', 'value_34', 'value_35', 'value_36', 'value_37', 'value_38', 'value_39', 'value_40', 'value_41', 'value_42', 'value_43', 'value_44', 'value_45', 'value_46', 'value_47', 'value_48', 'value_49', 'value_50', 'value_51', 'value_52', 'value_53']",1,missing_fields
313,0,[],54,kept
314,0,[],54,kept
315,0,[],54,kept
316,53,"['value_1', 'value_2', 'value_3', 'value_4', 'value_5', 'value_6', 'value_7', 'value_8', 'value_9', 'value_10', 'value_11', 'value_12', 'value_13', 'value_14', 'value_15', 'value_16', 'value_17', 'value_18', 'value_19', 'value_20', 'value_21', 'value_22', 'value_23', 'value_24', 'value_25', 'value_26', 'value_27', 'value_28', 'value_29', 'value_30', 'value_31', 'value_32', 'value_33', 'value_34', 'value_35', 'value_36', 'value_37', 'value_38', 'value_39', 'value_40', 'value_41', 'value_42', 'value_43', 'value_44', 'value_45', 'value_46', 'value_47', 'value_48', 'value_49', 'value_50', 'value_51', 'value_52', 'value_53']",1,missing_fields
317,53,"['value_1', 'value_2', 'value_3', 'value_4', 'value_5', 'value_6', 'value_7', 'value_8', 'value_9', 'value_10', 'value_11', 'value_12', 'value_13', 'value_14', 'value_15', 'value_16', 'value_17', 'value_18', 'value_19', 'value_20', 'value_21', 'value_22', 'value_23', 'value_24', 'value_25', 'value_26', 'value_27', 'value_28', 'value_29', 'value_30', 'value_31', 'value_32', 'value_33', 'value_34', 'value_35', 'value_36', 'value_37', 'value_38', 'value_39', 'value_40', 'value_41', 'value_42', 'value_43', 'value_44', 'value_45', 'value_46', 'value_47', 'value_48', 'value_49', 'value_50', 'value_51', 'value_52', 'value_53']",1,missing_fields
318,0,[],54,kept
319,53,"['value_1', 'value_2', 'value_3', 'value_4', 'value_5', 'value_6', 'value_7', 'value_8', 'value_9', 'value_10', 'value_11', 'value_12', 'value_13', 'value_14', 'value_15', 'value_16', 'value_17', 'value_18', 'value_19', 'value_20', 'value_21', 'value_22', 'value_23', 'value_24', 'value_25', 'value_26', 'value_27', 'value_28', 'value_29', 'value_30', 'value_31', 'value_32', 'value_33', 'value_34', 'value_35', 'value_36', 'value_37', 'value_38', 'value_39', 'value_40', 'value_41', 'value_42', 'value_43', 'value_44', 'value_45', 'value_46', 'value_47', 'value_48', 'value_49', 'value_50', 'value_51', 'value_52', 'value_53']",1,missing_fields
320,0,[],54,kept
321,0,[],54,kept
322,0,[],54,kept
323,0,[],54,kept
324,0,[],54,kept
325,0,[],54,kept
326,0,[],54,kept
327,0,[],54,kept
328,0,[],54,kept
329,0,[],54,kept
330,0,[],54,kept
331,0,[],54,kept
332,0,[],54,kept
333,0,[],54,kept
334,0,[],54,kept
335,49,"['value_5', 'value_6', 'value_7', 'value_8', 'value_9', 'value_10', 'value_11', 'value_12', 'value_13', 'value_14', 'value_15', 'value_16', 'value_17', 'value_18', 'value_19', 'value_20', 'value_21', 'value_22', 'value_23', 'value_24', 'value_25', 'value_26', 'value_27', 'value_28', 'value_29', 'value_30', 'value_31', 'value_32', 'value_33', 'value_34', 'value_35', 'value_36', 'value_37', 'value_38', 'value_39', 'value_40', 'value_41', 'value_42', 'value_43', 'value_44', 'value_45', 'value_46', 'value_47', 'value_48', 'value_49', 'value_50', 'value_51', 'value_52', 'value_53']",5,missing_fields
336,0,[],54,kept
337,0,[],54,kept
338,0,[],54,kept
339,0,[],54,kept
340,0,[],54,kept
341,53,"['value_1', 'value_2', 'value_3', 'value_4', 'value_5', 'value_6', 'value_7', 'value_8', 'value_9', 'value_10', 'value_11', 'value_12', 'value_13', 'value_14', 'value_15', 'value_16', 'value_17', 'value_18', 'value_19', 'value_20', 'value_21', 'value_22', 'value_23', 'value_24', 'value_25', 'value_26', 'value_27', 'value_28', 'value_29', 'value_30', 'value_31', 'value_32', 'value_33', 'value_34', 'value_35', 'value_36', 'value_37', 'value_38', 'value_39', 'value_40', 'value_41', 'value_42', 'value_43', 'value_44', 'value_45', 'value_46', 'value_47', 'value_48', 'value_49', 'value_50', 'value_51', 'value_52', 'value_53']",1,missing_fields
342,0,[],54,kept
343,0,[],54,kept
344,0,[],54,kept
345,50,"['value_4', 'value_5', 'value_6', 'value_7', 'value_8', 'value_9', 'value_10', 'value_11', 'value_12', 'value_13', 'value_14', 'value_15', 'value_16', 'value_17', 'value_18', 'value_19', 'value_20', 'value_21', 'value_22', 'value_23', 'value_24', 'value_25', 'value_26', 'value_27', 'value_28', 'value_29', 'value_30', 'value_31', 'value_32', 'value_33', 'value_34', 'value_35', 'value_36', 'value_37', 'value_38', 'value_39', 'value_40', 'value_41', 'value_42', 'value_43', 'value_44', 'value_45', 'value_46', 'value_47', 'value_48', 'value_49', 'value_50', 'value_51', 'value_52', 'value_53']",4,missing_fields
346,0,[],54,kept
347,0,[],54,kept
348,53,"['value_1', 'value_2', 'value_3', 'value_4', 'value_5', 'value_6', 'value_7', 'value_8', 'value_9', 'value_10', 'value_11', 'value_12', 'value_13', 'value_14', 'value_15', 'value_16', 'value_17', 'value_18', 'value_19', 'value_20', 'value_21', 'value_22', 'value_23', 'value_24', 'value_25', 'value_26', 'value_27', 'value_28', 'value_29', 'value_30', 'value_31', 'value_32', 'value_33', 'value_34', 'value_35', 'value_36', 'value_37', 'value_38', 'value_39', 'value_40', 'value_41', 'value_42', 'value_43', 'value_44', 'value_45', 'value_46', 'value_47', 'value_48', 'value_49', 'value_50', 'value_51', 'value_52', 'value_53']",1,missing_fields
349,49,"['value_5', 'value_6', 'value_7', 'value_8', 'value_9', 'value_10', 'value_11', 'value_12', 'value_13', 'value_14', 'value_15', 'value_16', 'value_17', 'value_18', 'value_19', 'value_20', 'value_21', 'value_22', 'value_23', 'value_24', 'value_25', 'value_26', 'value_27', 'value_28', 'value_29', 'value_30', 'value_31', 'value_32', 'value_33', 'value_34', 'value_35', 'value_36', 'value_37', 'value_38', 'value_39', 'value_40', 'value_41', 'value_42', 'value_43', 'value_44', 'value_45', 'value_46', 'value_47', 'value_48', 'value_49', 'value_50', 'value_51', 'value_52', 'value_53']",5,missing_fields
350,50,"['value_4', 'value_5', 'value_6', 'value_7', 'value_8', 'value_9', 'value_10', 'value_11', 'value_12', 'value_13', 'value_14', 'value_15', 'value_16', 'value_17', 'value_18', 'value_19', 'value_20', 'value_21', 'value_22', 'value_23', 'value_24', 'value_25', 'value_26', 'value_27', 'value_28', 'value_29', 'value_30', 'value_31', 'value_32', 'value_33', 'value_34', 'value_35', 'value_36', 'value_37', 'value_38', 'value_39', 'value_40', 'value_41', 'value_42', 'value_43', 'value_44', 'value_45', 'value_46', 'value_47', 'value_48', 'value_49', 'value_50', 'value_51', 'value_52', 'value_53']",4,missing_fields
351,0,[],54,kept
352,53,"['value_1', 'value_2', 'value_3', 'value_4', 'value_5', 'value_6', 'value_7', 'value_8', 'value_9', 'value_10', 'value_11', 'value_12', 'value_13', 'value_14', 'value_15', 'value_16', 'value_17', 'value_18', 'value_19', 'value_20', 'value_21', 'value_22', 'value_23', 'value_24', 'value_25', 'value_26', 'value_27', 'value_28', 'value_29', 'value_30', 'value_31', 'value_32', 'value_33', 'value_34', 'value_35', 'value_36', 'value_37', 'value_38', 'value_39', 'value_40', 'value_41', 'value_42', 'value_43', 'value_44', 'value_45', 'value_46', 'value_47', 'value_48', 'value_49', 'value_50', 'value_51', 'value_52', 'value_53']",1,missing_fields
353,0,[],54,kept
354,0,[],54,kept
355,0,[],54,kept
356,0,[],54,kept
357,50,"['value_4', 'value_5', 'value_6', 'value_7', 'value_8', 'value_9', 'value_10', 'value_11', 'value_12', 'value_13', 'value_14', 'value_15', 'value_16', 'value_17', 'value_18', 'value_19', 'value_20', 'value_21', 'value_22', 'value_23', 'value_24', 'value_25', 'value_26', 'value_27', 'value_28', 'value_29', 'value_30', 'value_31', 'value_32', 'value_33', 'value_34', 'value_35', 'value_36', 'value_37', 'value_38', 'value_39', 'value_40', 'value_41', 'value_42', 'value_43', 'value_44', 'value_45', 'value_46', 'value_47', 'value_48', 'value_49', 'value_50', 'value_51', 'value_52', 'value_53']",4,missing_fields
358,50,"['value_4', 'value_5', 'value_6', 'value_7', 'value_8', 'value_9', 'value_10', 'value_11', 'value_12', 'value_13', 'value_14', 'value_15', 'value_16', 'value_17', 'value_18', 'value_19', 'value_20', 'value_21', 'value_22', 'value_23', 'value_24', 'value_25', 'value_26', 'value_27', 'value_28', 'value_29', 'value_30', 'value_31', 'value_32', 'value_33', 'value_34', 'value_35', 'value_36', 'value_37', 'value_38', 'value_39', 'value_40', 'value_41', 'value_42', 'value_43', 'value_44', 'value_45', 'value_46', 'value_47', 'value_48', 'value_49', 'value_50', 'value_51', 'value_52', 'value_53']",4,missing_fields
359,0,[],54,kept
360,0,[],54,kept
361,52,"['value_2', 'value_3', 'value_4', 'value_5', 'value_6', 'value_7', 'value_8', 'value_9', 'value_10', 'value_11', 'value_12', 'value_13', 'value_14', 'value_15', 'value_16', 'value_17', 'value_18', 'value_19', 'value_20', 'value_21', 'value_22', 'value_23', 'value_24', 'value_25', 'value_26', 'value_27', 'value_28', 'value_29', 'value_30', 'value_31', 'value_32', 'value_33', 'value_34', 'value_35', 'value_36', 'value_37', 'value_38', 'value_39', 'value_40', 'value_41', 'value_42', 'value_43', 'value_44', 'value_45', 'value_46', 'value_47', 'value_48', 'value_49', 'value_50', 'value_51', 'value_52', 'value_53']",2,missing_fields
362,0,[],54,kept
363,53,"['value_1', 'value_2', 'value_3', 'value_4', 'value_5', 'value_6', 'value_7', 'value_8', 'value_9', 'value_10', 'value_11', 'value_12', 'value_13', 'value_14', 'value_15', 'value_16', 'value_17', 'value_18', 'value_19', 'value_20', 'value_21', 'value_22', 'value_23', 'value_24', 'value_25', 'value_26', 'value_27', 'value_28', 'value_29', 'value_30', 'value_31', 'value_32', 'value_33', 'value_34', 'value_35', 'value_36', 'value_37', 'value_38', 'value_39', 'value_40', 'value_41', 'value_42', 'value_43', 'value_44', 'value_45', 'value_46', 'value_47', 'value_48', 'value_49', 'value_50', 'value_51', 'value_52', 'value_53']",1,missing_fields
364,53,"['value_1', 'value_2', 'value_3', 'value_4', 'value_5', 'value_6', 'value_7', 'value_8', 'value_9', 'value_10', 'value_11', 'value_12', 'value_13', 'value_14', 'value_15', 'value_16', 'value_17', 'value_18', 'value_19', 'value_20', 'value_21', 'value_22', 'value_23', 'value_24', 'value_25', 'value_26', 'value_27', 'value_28', 'value_29', 'value_30', 'value_31', 'value_32', 'value_33', 'value_34', 'value_35', 'value_36', 'value_37', 'value_38', 'value_39', 'value_40', 'value_41', 'value_42', 'value_43', 'value_44', 'value_45', 'value_46', 'value_47', 'value_48', 'value_49', 'value_50', 'value_51', 'value_52', 'value_53']",1,missing_fields
365,53,"['value_1', 'value_2', 'value_3', 'value_4', 'value_5', 'value_6', 'value_7', 'value_8', 'value_9', 'value_10', 'value_11', 'value_12', 'value_13', 'value_14', 'value_15', 'value_16', 'value_17', 'value_18', 'value_19', 'value_20', 'value_21', 'value_22', 'value_23', 'value_24', 'value_25', 'value_26', 'value_27', 'value_28', 'value_29', 'value_30', 'value_31', 'value_32', 'value_33', 'value_34', 'value_35', 'value_36', 'value_37', 'value_38', 'value_39', 'value_40', 'value_41', 'value_42', 'value_43', 'value_44', 'value_45', 'value_46', 'value_47', 'value_48', 'value_49', 'value_50', 'value_51', 'value_52', 'value_53']",1,missing_fields
366,0,[],54,kept
367,0,[],54,kept
368,0,[],54,kept
369,53,"['value_1', 'value_2', 'value_3', 'value_4', 'value_5', 'value_6', 'value_7', 'value_8', 'value_9', 'value_10', 'value_11', 'value_12', 'value_13', 'value_14', 'value_15', 'value_16', 'value_17', 'value_18', 'value_19', 'value_20', 'value_21', 'value_22', 'value_23', 'value_24', 'value_25', 'value_26', 'value_27', 'value_28', 'value_29', 'value_30', 'value_31', 'value_32', 'value_33', 'value_34', 'value_35', 'value_36', 'value_37', 'value_38', 'value_39', 'value_40', 'value_41', 'value_42', 'value_43', 'value_44', 'value_45', 'value_46', 'value_47', 'value_48', 'value_49', 'value_50', 'value_51', 'value_52', 'value_53']",1,missing_fields
370,0,[],54,kept
371,49,"['value_5', 'value_6', 'value_7', 'value_8', 'value_9', 'value_10', 'value_11', 'value_12', 'value_13', 'value_14', 'value_15', 'value_16', 'value_17', 'value_18', 'value_19', 'value_20', 'value_21', 'value_22', 'value_23', 'value_24', 'value_25', 'value_26', 'value_27', 'value_28', 'value_29', 'value_30', 'value_31', 'value_32', 'value_33', 'value_34', 'value_35', 'value_36', 'value_37', 'value_38', 'value_39', 'value_40', 'value_41', 'value_42', 'value_43', 'value_44', 'value_45', 'value_46', 'value_47', 'value_48', 'value_49', 'value_50', 'value_51', 'value_52', 'value_53']",5,missing_fields
372,0,[],54,kept
373,53,"['value_1', 'value_2', 'value_3', 'value_4', 'value_5', 'value_6', 'value_7', 'value_8', 'value_9', 'value_10', 'value_11', 'value_12', 'value_13', 'value_14', 'value_15', 'value_16', 'value_17', 'value_18', 'value_19', 'value_20', 'value_21', 'value_22', 'value_23', 'value_24', 'value_25', 'value_26', 'value_27', 'value_28', 'value_29', 'value_30', 'value_31', 'value_32', 'value_33', 'value_34', 'value_35', 'value_36', 'value_37', 'value_38', 'value_39', 'value_40', 'value_41', 'value_42', 'value_43', 'value_44', 'value_45', 'value_46', 'value_47', 'value_48', 'value_49', 'value_50', 'value_51', 'value_52', 'value_53']",1,missing_fields
374,53,"['value_1', 'value_2', 'value_3', 'value_4', 'value_5', 'value_6', 'value_7', 'value_8', 'value_9', 'value_10', 'value_11', 'value_12', 'value_13', 'value_14', 'value_15', 'value_16', 'value_17', 'value_18', 'value_19', 'value_20', 'value_21', 'value_22', 'value_23', 'value_24', 'value_25', 'value_26', 'value_27', 'value_28', 'value_29', 'value_30', 'value_31', 'value_32', 'value_33', 'value_34', 'value_35', 'value_36', 'value_37', 'value_38', 'value_39', 'value_40', 'value_41', 'value_42', 'value_43', 'value_44', 'value_45', 'value_46', 'value_47', 'value_48', 'value_49', 'value_50', 'value_51', 'value_52', 'value_53']",1,missing_fields
375,51,"['value_3', 'value_4', 'value_5', 'value_6', 'value_7', 'value_8', 'value_9', 'value_10', 'value_11', 'value_12', 'value_13', 'value_14', 'value_15', 'value_16', 'value_17', 'value_18', 'value_19', 'value_20', 'value_21', 'value_22', 'value_23', 'value_24', 'value_25', 'value_26', 'value_27', 'value_28', 'value_29', 'value_30', 'value_31', 'value_32', 'value_33', 'value_34', 'value_35', 'value_36', 'value_37', 'value_38', 'value_39', 'value_40', 'value_41', 'value_42', 'value_43', 'value_44', 'value_45', 'value_46', 'value_47', 'value_48', 'value_49', 'value_50', 'value_51', 'value_52', 'value_53']",3,missing_fields
376,0,[],54,kept
377,0,[],54,kept
378,0,[],54,kept
379,0,[],54,kept
380,0,[],54,kept
381,53,"['value_1', 'value_2', 'value_3', 'value_4', 'value_5', 'value_6', 'value_7', 'value_8', 'value_9', 'value_10', 'value_11', 'value_12', 'value_13', 'value_14', 'value_15', 'value_16', 'value_17', 'value_18', 'value_19', 'value_20', 'value_21', 'value_22', 'value_23', 'value_24', 'value_25', 'value_26', 'value_27', 'value_28', 'value_29', 'value_30', 'value_31', 'value_32', 'value_33', 'value_34', 'value_35', 'value_36', 'value_37', 'value_38', 'value_39', 'value_40', 'value_41', 'value_42', 'value_43', 'value_44', 'value_45', 'value_46', 'value_47', 'value_48', 'value_49', 'value_50', 'value_51', 'value_52', 'value_53']",1,missing_fields
382,53,"['value_1', 'value_2', 'value_3', 'value_4', 'value_5', 'value_6', 'value_7', 'value_8', 'value_9', 'value_10', 'value_11', 'value_12', 'value_13', 'value_14', 'value_15', 'value_16', 'value_17', 'value_18', 'value_19', 'value_20', 'value_21', 'value_22', 'value_23', 'value_24', 'value_25', 'value_26', 'value_27', 'value_28', 'value_29', 'value_30', 'value_31', 'value_32', 'value_33', 'value_34', 'value_35', 'value_36', 'value_37', 'value_38', 'value_39', 'value_40', 'value_41', 'value_42', 'value_43', 'value_44', 'value_45', 'value_46', 'value_47', 'value_48', 'value_49', 'value_50', 'value_51', 'value_52', 'value_53']",1,missing_fields
383,49,"['value_5', 'value_6', 'value_7', 'value_8', 'value_9', 'value_10', 'value_11', 'value_12', 'value_13', 'value_14', 'value_15', 'value_16', 'value_17', 'value_18', 'value_19', 'value_20', 'value_21', 'value_22', 'value_23', 'value_24', 'value_25', 'value_26', 'value_27', 'value_28', 'value_29', 'value_30', 'value_31', 'value_32', 'value_33', 'value_34', 'value_35', 'value_36', 'value_37', 'value_38', 'value_39', 'value_40', 'value_41', 'value_42', 'value_43', 'value_44', 'value_45', 'value_46', 'value_47', 'value_48', 'value_49', 'value_50', 'value_51', 'value_52', 'value_53']",5,missing_fields
384,53,"['value_1', 'value_2', 'value_3', 'value_4', 'value_5', 'value_6', 'value_7', 'value_8', 'value_9', 'value_10', 'value_11', 'value_12', 'value_13', 'value_14', 'value_15', 'value_16', 'value_17', 'value_18', 'value_19', 'value_20', 'value_21', 'value_22', 'value_23', 'value_24', 'value_25', 'value_26', 'value_27', 'value_28', 'value_29', 'value_30', 'value_31', 'value_32', 'value_33', 'value_34', 'value_35', 'value_36', 'value_37', 'value_38', 'value_39', 'value_40', 'value_41', 'value_42', 'value_43', 'value_44', 'value_45', 'value_46', 'value_47', 'value_48', 'value_49', 'value_50', 'value_51', 'value_52', 'value_53']",1,missing_fields
385,0,[],54,kept
386,53,"['value_1', 'value_2', 'value_3', 'value_4', 'value_5', 'value_6', 'value_7', 'value_8', 'value_9', 'value_10', 'value_11', 'value_12', 'value_13', 'value_14', 'value_15', 'value_16', 'value_17', 'value_18', 'value_19', 'value_20', 'value_21', 'value_22', 'value_23', 'value_24', 'value_25', 'value_26', 'value_27', 'value_28', 'value_29', 'value_30', 'value_31', 'value_32', 'value_33', 'value_34', 'value_35', 'value_36', 'value_37', 'value_38', 'value_39', 'value_40', 'value_41', 'value_42', 'value_43', 'value_44', 'value_45', 'value_46', 'value_47', 'value_48', 'value_49', 'value_50', 'value_51', 'value_52', 'value_53']",1,missing_fields
387,0,[],54,kept
388,0,[],54,kept
389,0,[],54,kept
390,0,[],54,kept
391,0,[],54,kept
392,49,"['value_5', 'value_6', 'value_7', 'value_8', 'value_9', 'value_10', 'value_11', 'value_12', 'value_13', 'value_14', 'value_15', 'value_16', 'value_17', 'value_18', 'value_19', 'value_20', 'value_21', 'value_22', 'value_23', 'value_24', 'value_25', 'value_26', 'value_27', 'value_28', 'value_29', 'value_30', 'value_31', 'value_32', 'value_33', 'value_34', 'value_35', 'value_36', 'value_37', 'value_38', 'value_39', 'value_40', 'value_41', 'value_42', 'value_43', 'value_44', 'value_45', 'value_46', 'value_47', 'value_48', 'value_49', 'value_50', 'value_51', 'value_52', 'value_53']",5,missing_fields
393,0,[],54,kept
394,53,"['value_1', 'value_2', 'value_3', 'value_4', 'value_5', 'value_6', 'value_7', 'value_8', 'value_9', 'value_10', 'value_11', 'value_12', 'value_13', 'value_14', 'value_15', 'value_16', 'value_17', 'value_18', 'value_19', 'value_20', 'value_21', 'value_22', 'value_23', 'value_24', 'value_25', 'value_26', 'value_27', 'value_28', 'value_29', 'value_30', 'value_31', 'value_32', 'value_33', 'value_34', 'value_35', 'value_36', 'value_37', 'value_38', 'value_39', 'value_40', 'value_41', 'value_42', 'value_43', 'value_44', 'value_45', 'value_46', 'value_47', 'value_48', 'value_49', 'value_50', 'value_51', 'value_52', 'value_53']",1,missing_fields
395,0,[],54,kept
396,53,"['value_1', 'value_2', 'value_3', 'value_4', 'value_5', 'value_6', 'value_7', 'value_8', 'value_9', 'value_10', 'value_11', 'value_12', 'value_13', 'value_14', 'value_15', 'value_16', 'value_17', 'value_18', 'value_19', 'value_20', 'value_21', 'value_22', 'value_23', 'value_24', 'value_25', 'value_26', 'value_27', 'value_28', 'value_29', 'value_30', 'value_31', 'value_32', 'value_33', 'value_34', 'value_35', 'value_36', 'value_37', 'value_38', 'value_39', 'value_40', 'value_41', 'value_42', 'value_43', 'value_44', 'value_45', 'value_46', 'value_47', 'value_48', 'value_49', 'value_50', 'value_51', 'value_52', 'value_53']",1,missing_fields
397,0,[],54,kept
398,0,[],54,kept
399,51,"['value_3', 'value_4', 'value_5', 'value_6', 'value_7', 'value_8', 'value_9', 'value_10', 'value_11', 'value_12', 'value_13', 'value_14', 'value_15', 'value_16', 'value_17', 'value_18', 'value_19', 'value_20', 'value_21', 'value_22', 'value_23', 'value_24', 'value_25', 'value_26', 'value_27', 'value_28', 'value_29', 'value_30', 'value_31', 'value_32', 'value_33', 'value_34', 'value_35', 'value_36', 'value_37', 'value_38', 'value_39', 'value_40', 'value_41', 'value_42', 'value_43', 'value_44', 'value_45', 'value_46', 'value_47', 'value_48', 'value_49', 'value_50', 'value_51', 'value_52', 'value_53']",3,missing_fields
400,53,"['value_1', 'value_2', 'value_3', 'value_4', 'value_5', 'value_6', 'value_7', 'value_8', 'value_9', 'value_10', 'value_11', 'value_12', 'value_13', 'value_14', 'value_15', 'value_16', 'value_17', 'value_18', 'value_19', 'value_20', 'value_21', 'value_22', 'value_23', 'value_24', 'value_25', 'value_26', 'value_27', 'value_28', 'value_29', 'value_30', 'value_31', 'value_32', 'value_33', 'value_34', 'value_35', 'value_36', 'value_37', 'value_38', 'value_39', 'value_40', 'value_41', 'value_42', 'value_43', 'value_44', 'value_45', 'value_46', 'value_47', 'value_48', 'value_49', 'value_50', 'value_51', 'value_52', 'value_53']",1,missing_fields
401,0,[],54,kept
402,0,[],54,kept
403,0,[],54,kept
404,0,[],54,kept
405,0,[],54,kept
406,0,[],54,kept
407,53,"['value_1', 'value_2', 'value_3', 'value_4', 'value_5', 'value_6', 'value_7', 'value_8', 'value_9', 'value_10', 'value_11', 'value_12', 'value_13', 'value_14', 'value_15', 'value_16', 'value_17', 'value_18', 'value_19', 'value_20', 'value_21', 'value_22', 'value_23', 'value_24', 'value_25', 'value_26', 'value_27', 'value_28', 'value_29', 'value_30', 'value_31', 'value_32', 'value_33', 'value_34', 'value_35', 'value_36', 'value_37', 'value_38', 'value_39', 'value_40', 'value_41', 'value_42', 'value_43', 'value_44', 'value_45', 'value_46', 'value_47', 'value_48', 'value_49', 'value_50', 'value_51', 'value_52', 'value_53']",1,missing_fields
408,53,"['value_1', 'value_2', 'value_3', 'value_4', 'value_5', 'value_6', 'value_7', 'value_8', 'value_9', 'value_10', 'value_11', 'value_12', 'value_13', 'value_14', 'value_15', 'value_16', 'value_17', 'value_18', 'value_19', 'value_20', 'value_21', 'value_22', 'value_23', 'value_24', 'value_25', 'value_26', 'value_27', 'value_28', 'value_29', 'value_30', 'value_31', 'value_32', 'value_33', 'value_34', 'value_35', 'value_36', 'value_37', 'value_38', 'value_39', 'value_40', 'value_41', 'value_42', 'value_43', 'value_44', 'value_45', 'value_46', 'value_47', 'value_48', 'value_49', 'value_50', 'value_51', 'value_52', 'value_53']",1,missing_fields
409,0,[],54,kept
410,49,"['value_5', 'value_6', 'value_7', 'value_8', 'value_9', 'value_10', 'value_11', 'value_12', 'value_13', 'value_14', 'value_15', 'value_16', 'value_17', 'value_18', 'value_19', 'value_20', 'value_21', 'value_22', 'value_23', 'value_24', 'value_25', 'value_26', 'value_27', 'value_28', 'value_29', 'value_30', 'value_31', 'value_32', 'value_33', 'value_34', 'value_35', 'value_36', 'value_37', 'value_38', 'value_39', 'value_40', 'value_41', 'value_42', 'value_43', 'value_44', 'value_45', 'value_46', 'value_47', 'value_48', 'value_49', 'value_50', 'value_51', 'value_52', 'value_53']",5,missing_fields
411,0,[],54,kept
412,53,"['value_1', 'value_2', 'value_3', 'value_4', 'value_5', 'value_6', 'value_7', 'value_8', 'value_9', 'value_10', 'value_11', 'value_12', 'value_13', 'value_14', 'value_15', 'value_16', 'value_17', 'value_18', 'value_19', 'value_20', 'value_21', 'value_22', 'value_23', 'value_24', 'value_25', 'value_26', 'value_27', 'value_28', 'value_29', 'value_30', 'value_31', 'value_32', 'value_33', 'value_34', 'value_35', 'value_36', 'value_37', 'value_38', 'value_39', 'value_40', 'value_41', 'value_42', 'value_43', 'value_44', 'value_45', 'value_46', 'value_47', 'value_48', 'value_49', 'value_50', 'value_51', 'value_52', 'value_53']",1,missing_fields
413,51,"['value_3', 'value_4', 'value_5', 'value_6', 'value_7', 'value_8', 'value_9', 'value_10', 'value_11', 'value_12', 'value_13', 'value_14', 'value_15', 'value_16', 'value_17', 'value_18', 'value_19', 'value_20', 'value_21', 'value_22', 'value_23', 'value_24', 'value_25', 'value_26', 'value_27', 'value_28', 'value_29', 'value_30', 'value_31', 'value_32', 'value_33', 'value_34', 'value_35', 'value_36', 'value_37', 'value_38', 'value_39', 'value_40', 'value_41', 'value_42', 'value_43', 'value_44', 'value_45', 'value_46', 'value_47', 'value_48', 'value_49', 'value_50', 'value_51', 'value_52', 'value_53']",3,missing_fields
414,0,[],54,kept
415,0,[],54,kept
416,0,[],54,kept
417,0,[],54,kept
418,0,[],54,kept
419,53,"['value_1', 'value_2', 'value_3', 'value_4', 'value_5', 'value_6', 'value_7', 'value_8', 'value_9', 'value_10', 'value_11', 'value_12', 'value_13', 'value_14', 'value_15', 'value_16', 'value_17', 'value_18', 'value_19', 'value_20', 'value_21', 'value_22', 'value_23', 'value_24', 'value_25', 'value_26', 'value_27', 'value_28', 'value_29', 'value_30', 'value_31', 'value_32', 'value_33', 'value_34', 'value_35', 'value_36', 'value_37', 'value_38', 'value_39', 'value_40', 'value_41', 'value_42', 'value_43', 'value_44', 'value_45', 'value_46', 'value_47', 'value_48', 'value_49', 'value_50', 'value_51', 'value_52', 'value_53']",1,missing_fields
420,53,"['value_1', 'value_2', 'value_3', 'value_4', 'value_5', 'value_6', 'value_7', 'value_8', 'value_9', 'value_10', 'value_11', 'value_12', 'value_13', 'value_14', 'value_15', 'value_16', 'value_17', 'value_18', 'value_19', 'value_20', 'value_21', 'value_22', 'value_23', 'value_24', 'value_25', 'value_26', 'value_27', 'value_28', 'value_29', 'value_30', 'value_31', 'value_32', 'value_33', 'value_34', 'value_35', 'value_36', 'value_37', 'value_38', 'value_39', 'value_40', 'value_41', 'value_42', 'value_43', 'value_44', 'value_45', 'value_46', 'value_47', 'value_48', 'value_49', 'value_50', 'value_51', 'value_52', 'value_53']",1,missing_fields
421,49,"['value_5', 'value_6', 'value_7', 'value_8', 'value_9', 'value_10', 'value_11', 'value_12', 'value_13', 'value_14', 'value_15', 'value_16', 'value_17', 'value_18', 'value_19', 'value_20', 'value_21', 'value_22', 'value_23', 'value_24', 'value_25', 'value_26', 'value_27', 'value_28', 'value_29', 'value_30', 'value_31', 'value_32', 'value_33', 'value_34', 'value_35', 'value_36', 'value_37', 'value_38', 'value_39', 'value_40', 'value_41', 'value_42', 'value_43', 'value_44', 'value_45', 'value_46', 'value_47', 'value_48', 'value_49', 'value_50', 'value_51', 'value_52', 'value_53']",5,missing_fields
422,0,[],54,kept
423,0,[],54,kept
424,0,[],54,kept
425,0,[],54,kept
426,0,[],54,kept
427,53,"['value_1', 'value_2', 'value_3', 'value_4', 'value_5', 'value_6', 'value_7', 'value_8', 'value_9', 'value_10', 'value_11', 'value_12', 'value_13', 'value_14', 'value_15', 'value_16', 'value_17', 'value_18', 'value_19', 'value_20', 'value_21', 'value_22', 'value_23', 'value_24', 'value_25', 'value_26', 'value_27', 'value_28', 'value_29', 'value_30', 'value_31', 'value_32', 'value_33', 'value_34', 'value_35', 'value_36', 'value_37', 'value_38', 'value_39', 'value_40', 'value_41', 'value_42', 'value_43', 'value_44', 'value_45', 'value_46', 'value_47', 'value_48', 'value_49', 'value_50', 'value_51', 'value_52', 'value_53']",1,missing_fields
428,0,[],54,kept
429,53,"['value_1', 'value_2', 'value_3', 'value_4', 'value_5', 'value_6', 'value_7', 'value_8', 'value_9', 'value_10', 'value_11', 'value_12', 'value_13', 'value_14', 'value_15', 'value_16', 'value_17', 'value_18', 'value_19', 'value_20', 'value_21', 'value_22', 'value_23', 'value_24', 'value_25', 'value_26', 'value_27', 'value_28', 'value_29', 'value_30', 'value_31', 'value_32', 'value_33', 'value_34', 'value_35', 'value_36', 'value_37', 'value_38', 'value_39', 'value_40', 'value_41', 'value_42', 'value_43', 'value_44', 'value_45', 'value_46', 'value_47', 'value_48', 'value_49', 'value_50', 'value_51', 'value_52', 'value_53']",1,missing_fields
430,53,"['value_1', 'value_2', 'value_3', 'value_4', 'value_5', 'value_6', 'value_7', 'value_8', 'value_9', 'value_10', 'value_11', 'value_12', 'value_13', 'value_14', 'value_15', 'value_16', 'value_17', 'value_18', 'value_19', 'value_20', 'value_21', 'value_22', 'value_23', 'value_24', 'value_25', 'value_26', 'value_27', 'value_28', 'value_29', 'value_30', 'value_31', 'value_32', 'value_33', 'value_34', 'value_35', 'value_36', 'value_37', 'value_38', 'value_39', 'value_40', 'value_41', 'value_42', 'value_43', 'value_44', 'value_45', 'value_46', 'value_47', 'value_48', 'value_49', 'value_50', 'value_51', 'value_52', 'value_53']",1,missing_fields
431,53,"['value_1', 'value_2', 'value_3', 'value_4', 'value_5', 'value_6', 'value_7', 'value_8', 'value_9', 'value_10', 'value_11', 'value_12', 'value_13', 'value_14', 'value_15', 'value_16', 'value_17', 'value_18', 'value_19', 'value_20', 'value_21', 'value_22', 'value_23', 'value_24', 'value_25', 'value_26', 'value_27', 'value_28', 'value_29', 'value_30', 'value_31', 'value_32', 'value_33', 'value_34', 'value_35', 'value_36', 'value_37', 'value_38', 'value_39', 'value_40', 'value_41', 'value_42', 'value_43', 'value_44', 'value_45', 'value_46', 'value_47', 'value_48', 'value_49', 'value_50', 'value_51', 'value_52', 'value_53']",1,missing_fields
432,0,[],54,kept
433,0,[],54,kept
434,0,[],54,kept
435,0,[],54,kept
436,53,"['value_1', 'value_2', 'value_3', 'value_4', 'value_5', 'value_6', 'value_7', 'value_8', 'value_9', 'value_10', 'value_11', 'value_12', 'value_13', 'value_14', 'value_15', 'value_16', 'value_17', 'value_18', 'value_19', 'value_20', 'value_21', 'value_22', 'value_23', 'value_24', 'value_25', 'value_26', 'value_27', 'value_28', 'value_29', 'value_30', 'value_31', 'value_32', 'value_33', 'value_34', 'value_35', 'value_36', 'value_37', 'value_38', 'value_39', 'value_40', 'value_41', 'value_42', 'value_43', 'value_44', 'value_45', 'value_46', 'value_47', 'value_48', 'value_49', 'value_50', 'value_51', 'value_52', 'value_53']",1,missing_fields
437,0,[],54,kept
438,53,"['value_1', 'value_2', 'value_3', 'value_4', 'value_5', 'value_6', 'value_7', 'value_8', 'value_9', 'value_10', 'value_11', 'value_12', 'value_13', 'value_14', 'value_15', 'value_16', 'value_17', 'value_18', 'value_19', 'value_20', 'value_21', 'value_22', 'value_23', 'value_24', 'value_25', 'value_26', 'value_27', 'value_28', 'value_29', 'value_30', 'value_31', 'value_32', 'value_33', 'value_34', 'value_35', 'value_36', 'value_37', 'value_38', 'value_39', 'value_40', 'value_41', 'value_42', 'value_43', 'value_44', 'value_45', 'value_46', 'value_47', 'value_48', 'value_49', 'value_50', 'value_51', 'value_52', 'value_53']",1,missing_fields
439,53,"['value_1', 'value_2', 'value_3', 'value_4', 'value_5', 'value_6', 'value_7', 'value_8', 'value_9', 'value_10', 'value_11', 'value_12', 'value_13', 'value_14', 'value_15', 'value_16', 'value_17', 'value_18', 'value_19', 'value_20', 'value_21', 'value_22', 'value_23', 'value_24', 'value_25', 'value_26', 'value_27', 'value_28', 'value_29', 'value_30', 'value_31', 'value_32', 'value_33', 'value_34', 'value_35', 'value_36', 'value_37', 'value_38', 'value_39', 'value_40', 'value_41', 'value_42', 'value_43', 'value_44', 'value_45', 'value_46', 'value_47', 'value_48', 'value_49', 'value_50', 'value_51', 'value_52', 'value_53']",1,missing_fields
440,53,"['value_1', 'value_2', 'value_3', 'value_4', 'value_5', 'value_6', 'value_7', 'value_8', 'value_9', 'value_10', 'value_11', 'value_12', 'value_13', 'value_14', 'value_15', 'value_16', 'value_17', 'value_18', 'value_19', 'value_20', 'value_21', 'value_22', 'value_23', 'value_24', 'value_25', 'value_26', 'value_27', 'value_28', 'value_29', 'value_30', 'value_31', 'value_32', 'value_33', 'value_34', 'value_35', 'value_36', 'value_37', 'value_38', 'value_39', 'value_40', 'value_41', 'value_42', 'value_43', 'value_44', 'value_45', 'value_46', 'value_47', 'value_48', 'value_49', 'value_50', 'value_51', 'value_52', 'value_53']",1,missing_fields
441,0,[],54,kept
442,53,"['value_1', 'value_2', 'value_3', 'value_4', 'value_5', 'value_6', 'value_7', 'value_8', 'value_9', 'value_10', 'value_11', 'value_12', 'value_13', 'value_14', 'value_15', 'value_16', 'value_17', 'value_18', 'value_19', 'value_20', 'value_21', 'value_22', 'value_23', 'value_24', 'value_25', 'value_26', 'value_27', 'value_28', 'value_29', 'value_30', 'value_31', 'value_32', 'value_33', 'value_34', 'value_35', 'value_36', 'value_37', 'value_38', 'value_39', 'value_40', 'value_41', 'value_42', 'value_43', 'value_44', 'value_45', 'value_46', 'value_47', 'value_48', 'value_49', 'value_50', 'value_51', 'value_52', 'value_53']",1,missing_fields
443,0,[],54,kept
444,0,[],54,kept
445,53,"['value_1', 'value_2', 'value_3', 'value_4', 'value_5', 'value_6', 'value_7', 'value_8', 'value_9', 'value_10', 'value_11', 'value_12', 'value_13', 'value_14', 'value_15', 'value_16', 'value_17', 'value_18', 'value_19', 'value_20', 'value_21', 'value_22', 'value_23', 'value_24', 'value_25', 'value_26', 'value_27', 'value_28', 'value_29', 'value_30', 'value_31', 'value_32', 'value_33', 'value_34', 'value_35', 'value_36', 'value_37', 'value_38', 'value_39', 'value_40', 'value_41', 'value_42', 'value_43', 'value_44', 'value_45', 'value_46', 'value_47', 'value_48', 'value_49', 'value_50', 'value_51', 'value_52', 'value_53']",1,missing_fields
446,0,[],54,kept
447,53,"['value_1', 'value_2', 'value_3', 'value_4', 'value_5', 'value_6', 'value_7', 'value_8', 'value_9', 'value_10', 'value_11', 'value_12', 'value_13', 'value_14', 'value_15', 'value_16', 'value_17', 'value_18', 'value_19', 'value_20', 'value_21', 'value_22', 'value_23', 'value_24', 'value_25', 'value_26', 'value_27', 'value_28', 'value_29', 'value_30', 'value_31', 'value_32', 'value_33', 'value_34', 'value_35', 'value_36', 'value_37', 'value_38', 'value_39', 'value_40', 'value_41', 'value_42', 'value_43', 'value_44', 'value_45', 'value_46', 'value_47', 'value_48', 'value_49', 'value_50', 'value_51', 'value_52', 'value_53']",1,missing_fields
448,51,"['value_3', 'value_4', 'value_5', 'value_6', 'value_7', 'value_8', 'value_9', 'value_10', 'value_11', 'value_12', 'value_13', 'value_14', 'value_15', 'value_16', 'value_17', 'value_18', 'value_19', 'value_20', 'value_21', 'value_22', 'value_23', 'value_24', 'value_25', 'value_26', 'value_27', 'value_28', 'value_29', 'value_30', 'value_31', 'value_32', 'value_33', 'value_34', 'value_35', 'value_36', 'value_37', 'value_38', 'value_39', 'value_40', 'value_41', 'value_42', 'value_43', 'value_44', 'value_45', 'value_46', 'value_47', 'value_48', 'value_49', 'value_50', 'value_51', 'value_52', 'value_53']",3,missing_fields
449,53,"['value_1', 'value_2', 'value_3', 'value_4', 'value_5', 'value_6', 'value_7', 'value_8', 'value_9', 'value_10', 'value_11', 'value_12', 'value_13', 'value_14', 'value_15', 'value_16', 'value_17', 'value_18', 'value_19', 'value_20', 'value_21', 'value_22', 'value_23', 'value_24', 'value_25', 'value_26', 'value_27', 'value_28', 'value_29', 'value_30', 'value_31', 'value_32', 'value_33', 'value_34', 'value_35', 'value_36', 'value_37', 'value_38', 'value_39', 'value_40', 'value_41', 'value_42', 'value_43', 'value_44', 'value_45', 'value_46', 'value_47', 'value_48', 'value_49', 'value_50', 'value_51', 'value_52', 'value_53']",1,missing_fields
450,0,[],54,kept
451,0,[],54,kept
452,0,[],54,kept
453,0,[],54,kept
454,0,[],54,kept
455,51,"['value_3', 'value_4', 'value_5', 'value_6', 'value_7', 'value_8', 'value_9', 'value_10', 'value_11', 'value_12', 'value_13', 'value_14', 'value_15', 'value_16', 'value_17', 'value_18', 'value_19', 'value_20', 'value_21', 'value_22', 'value_23', 'value_24', 'value_25', 'value_26', 'value_27', 'value_28', 'value_29', 'value_30', 'value_31', 'value_32', 'value_33', 'value_34', 'value_35', 'value_36', 'value_37', 'value_38', 'value_39', 'value_40', 'value_41', 'value_42', 'value_43', 'value_44', 'value_45', 'value_46', 'value_47', 'value_48', 'value_49', 'value_50', 'value_51', 'value_52', 'value_53']",3,missing_fields
456,0,[],54,kept
457,0,[],54,kept
458,0,[],54,kept
459,0,[],54,kept
460,53,"['value_1', 'value_2', 'value_3', 'value_4', 'value_5', 'value_6', 'value_7', 'value_8', 'value_9', 'value_10', 'value_11', 'value_12', 'value_13', 'value_14', 'value_15', 'value_16', 'value_17', 'value_18', 'value_19', 'value_20', 'value_21', 'value_22', 'value_23', 'value_24', 'value_25', 'value_26', 'value_27', 'value_28', 'value_29', 'value_30', 'value_31', 'value_32', 'value_33', 'value_34', 'value_35', 'value_36', 'value_37', 'value_38', 'value_39', 'value_40', 'value_41', 'value_42', 'value_43', 'value_44', 'value_45', 'value_46', 'value_47', 'value_48', 'value_49', 'value_50', 'value_51', 'value_52', 'value_53']",1,missing_fields
461,0,[],54,kept
462,0,[],54,kept
463,50,"['value_4', 'value_5', 'value_6', 'value_7', 'value_8', 'value_9', 'value_10', 'value_11', 'value_12', 'value_13', 'value_14', 'value_15', 'value_16', 'value_17', 'value_18', 'value_19', 'value_20', 'value_21', 'value_22', 'value_23', 'value_24', 'value_25', 'value_26', 'value_27', 'value_28', 'value_29', 'value_30', 'value_31', 'value_32', 'value_33', 'value_34', 'value_35', 'value_36', 'value_37', 'value_38', 'value_39', 'value_40', 'value_41', 'value_42', 'value_43', 'value_44', 'value_45', 'value_46', 'value_47', 'value_48', 'value_49', 'value_50', 'value_51', 'value_52', 'value_53']",4,missing_fields
464,49,"['value_5', 'value_6', 'value_7', 'value_8', 'value_9', 'value_10', 'value_11', 'value_12', 'value_13', 'value_14', 'value_15', 'value_16', 'value_17', 'value_18', 'value_19', 'value_20', 'value_21', 'value_22', 'value_23', 'value_24', 'value_25', 'value_26', 'value_27', 'value_28', 'value_29', 'value_30', 'value_31', 'value_32', 'value_33', 'value_34', 'value_35', 'value_36', 'value_37', 'value_38', 'value_39', 'value_40', 'value_41', 'value_42', 'value_43', 'value_44', 'value_45', 'value_46', 'value_47', 'value_48', 'value_49', 'value_50', 'value_51', 'value_52', 'value_53']",5,missing_fields
465,0,[],54,kept
466,53,"['value_1', 'value_2', 'value_3', 'value_4', 'value_5', 'value_6', 'value_7', 'value_8', 'value_9', 'value_10', 'value_11', 'value_12', 'value_13', 'value_14', 'value_15', 'value_16', 'value_17', 'value_18', 'value_19', 'value_20', 'value_21', 'value_22', 'value_23', 'value_24', 'value_25', 'value_26', 'value_27', 'value_28', 'value_29', 'value_30', 'value_31', 'value_32', 'value_33', 'value_34', 'value_35', 'value_36', 'value_37', 'value_38', 'value_39', 'value_40', 'value_41', 'value_42', 'value_43', 'value_44', 'value_45', 'value_46', 'value_47', 'value_48', 'value_49', 'value_50', 'value_51', 'value_52', 'value_53']",1,missing_fields
467,0,[],54,kept
468,0,[],54,kept
469,0,[],54,kept
470,53,"['value_1', 'value_2', 'value_3', 'value_4', 'value_5', 'value_6', 'value_7', 'value_8', 'value_9', 'value_10', 'value_11', 'value_12', 'value_13', 'value_14', 'value_15', 'value_16', 'value_17', 'value_18', 'value_19', 'value_20', 'value_21', 'value_22', 'value_23', 'value_24', 'value_25', 'value_26', 'value_27', 'value_28', 'value_29', 'value_30', 'value_31', 'value_32', 'value_33', 'value_34', 'value_35', 'value_36', 'value_37', 'value_38', 'value_39', 'value_40', 'value_41', 'value_42', 'value_43', 'value_44', 'value_45', 'value_46', 'value_47', 'value_48', 'value_49', 'value_50', 'value_51', 'value_52', 'value_53']",1,missing_fields
471,53,"['value_1', 'value_2', 'value_3', 'value_4', 'value_5', 'value_6', 'value_7', 'value_8', 'value_9', 'value_10', 'value_11', 'value_12', 'value_13', 'value_14', 'value_15', 'value_16', 'value_17', 'value_18', 'value_19', 'value_20', 'value_21', 'value_22', 'value_23', 'value_24', 'value_25', 'value_26', 'value_27', 'value_28', 'value_29', 'value_30', 'value_31', 'value_32', 'value_33', 'value_34', 'value_35', 'value_36', 'value_37', 'value_38', 'value_39', 'value_40', 'value_41', 'value_42', 'value_43', 'value_44', 'value_45', 'value_46', 'value_47', 'value_48', 'value_49', 'value_50', 'value_51', 'value_52', 'value_53']",1,missing_fields
472,0,[],54,kept
473,51,"['value_3', 'value_4', 'value_5', 'value_6', 'value_7', 'value_8', 'value_9', 'value_10', 'value_11', 'value_12', 'value_13', 'value_14', 'value_15', 'value_16', 'value_17', 'value_18', 'value_19', 'value_20', 'value_21', 'value_22', 'value_23', 'value_24', 'value_25', 'value_26', 'value_27', 'value_28', 'value_29', 'value_30', 'value_31', 'value_32', 'value_33', 'value_34', 'value_35', 'value_36', 'value_37', 'value_38', 'value_39', 'value_40', 'value_41', 'value_42', 'value_43', 'value_44', 'value_45', 'value_46', 'value_47', 'value_48', 'value_49', 'value_50', 'value_51', 'value_52', 'value_53']",3,missing_fields
474,53,"['value_1', 'value_2', 'value_3', 'value_4', 'value_5', 'value_6', 'value_7', 'value_8', 'value_9', 'value_10', 'value_11', 'value_12', 'value_13', 'value_14', 'value_15', 'value_16', 'value_17', 'value_18', 'value_19', 'value_20', 'value_21', 'value_22', 'value_23', 'value_24', 'value_25', 'value_26', 'value_27', 'value_28', 'value_29', 'value_30', 'value_31', 'value_32', 'value_33', 'value_34', 'value_35', 'value_36', 'value_37', 'value_38', 'value_39', 'value_40', 'value_41', 'value_42', 'value_43', 'value_44', 'value_45', 'value_46', 'value_47', 'value_48', 'value_49', 'value_50', 'value_51', 'value_52', 'value_53']",1,missing_fields
475,0,[],54,kept
476,0,[],54,kept
477,53,"['value_1', 'value_2', 'value_3', 'value_4', 'value_5', 'value_6', 'value_7', 'value_8', 'value_9', 'value_10', 'value_11', 'value_12', 'value_13', 'value_14', 'value_15', 'value_16', 'value_17', 'value_18', 'value_19', 'value_20', 'value_21', 'value_22', 'value_23', 'value_24', 'value_25', 'value_26', 'value_27', 'value_28', 'value_29', 'value_30', 'value_31', 'value_32', 'value_33', 'value_34', 'value_35', 'value_36', 'value_37', 'value_38', 'value_39', 'value_40', 'value_41', 'value_42', 'value_43', 'value_44', 'value_45', 'value_46', 'value_47', 'value_48', 'value_49', 'value_50', 'value_51', 'value_52', 'value_53']",1,missing_fields
478,0,[],54,kept
479,0,[],54,kept
480,0,[],54,kept
481,0,[],54,kept
482,53,"['value_1', 'value_2', 'value_3', 'value_4', 'value_5', 'value_6', 'value_7', 'value_8', 'value_9', 'value_10', 'value_11', 'value_12', 'value_13', 'value_14', 'value_15', 'value_16', 'value_17', 'value_18', 'value_19', 'value_20', 'value_21', 'value_22', 'value_23', 'value_24', 'value_25', 'value_26', 'value_27', 'value_28', 'value_29', 'value_30', 'value_31', 'value_32', 'value_33', 'value_34', 'value_35', 'value_36', 'value_37', 'value_38', 'value_39', 'value_40', 'value_41', 'value_42', 'value_43', 'value_44', 'value_45', 'value_46', 'value_47', 'value_48', 'value_49', 'value_50', 'value_51', 'value_52', 'value_53']",1,missing_fields
483,51,"['value_3', 'value_4', 'value_5', 'value_6', 'value_7', 'value_8', 'value_9', 'value_10', 'value_11', 'value_12', 'value_13', 'value_14', 'value_15', 'value_16', 'value_17', 'value_18', 'value_19', 'value_20', 'value_21', 'value_22', 'value_23', 'value_24', 'value_25', 'value_26', 'value_27', 'value_28', 'value_29', 'value_30', 'value_31', 'value_32', 'value_33', 'value_34', 'value_35', 'value_36', 'value_37', 'value_38', 'value_39', 'value_40', 'value_41', 'value_42', 'value_43', 'value_44', 'value_45', 'value_46', 'value_47', 'value_48', 'value_49', 'value_50', 'value_51', 'value_52', 'value_53']",3,missing_fields
484,0,[],54,kept
485,0,[],54,kept
486,53,"['value_1', 'value_2', 'value_3', 'value_4', 'value_5', 'value_6', 'value_7', 'value_8', 'value_9', 'value_10', 'value_11', 'value_12', 'value_13', 'value_14', 'value_15', 'value_16', 'value_17', 'value_18', 'value_19', 'value_20', 'value_21', 'value_22', 'value_23', 'value_24', 'value_25', 'value_26', 'value_27', 'value_28', 'value_29', 'value_30', 'value_31', 'value_32', 'value_33', 'value_34', 'value_35', 'value_36', 'value_37', 'value_38', 'value_39', 'value_40', 'value_41', 'value_42', 'value_43', 'value_44', 'value_45', 'value_46', 'value_47', 'value_48', 'value_49', 'value_50', 'value_51', 'value_52', 'value_53']",1,missing_fields
487,0,[],54,kept
488,0,[],54,kept
489,0,[],54,kept
490,0,[],54,kept
491,0,[],54,kept
492,0,[],54,kept
493,53,"['value_1', 'value_2', 'value_3', 'value_4', 'value_5', 'value_6', 'value_7', 'value_8', 'value_9', 'value_10', 'value_11', 'value_12', 'value_13', 'value_14', 'value_15', 'value_16', 'value_17', 'value_18', 'value_19', 'value_20', 'value_21', 'value_22', 'value_23', 'value_24', 'value_25', 'value_26', 'value_27', 'value_28', 'value_29', 'value_30', 'value_31', 'value_32', 'value_33', 'value_34', 'value_35', 'value_36', 'value_37', 'value_38', 'value_39', 'value_40', 'value_41', 'value_42', 'value_43', 'value_44', 'value_45', 'value_46', 'value_47', 'value_48', 'value_49', 'value_50', 'value_51', 'value_52', 'value_53']",1,missing_fields
494,0,[],54,kept
495,0,[],54,kept
496,53,"['value_1', 'value_2', 'value_3', 'value_4', 'value_5', 'value_6', 'value_7', 'value_8', 'value_9', 'value_10', 'value_11', 'value_12', 'value_13', 'value_14', 'value_15', 'value_16', 'value_17', 'value_18', 'value_19', 'value_20', 'value_21', 'value_22', 'value_23', 'value_24', 'value_25', 'value_26', 'value_27', 'value_28', 'value_29', 'value_30', 'value_31', 'value_32', 'value_33', 'value_34', 'value_35', 'value_36', 'value_37', 'value_38', 'value_39', 'value_40', 'value_41', 'value_42', 'value_43', 'value_44', 'value_45', 'value_46', 'value_47', 'value_48', 'value_49', 'value_50', 'value_51', 'value_52', 'value_53']",1,missing_fields
497,0,[],54,kept
498,0,[],54,kept
499,0,[],54,kept
500,0,[],54,kept
501,0,[],54,kept
502,0,[],54,kept
503,0,[],54,kept
504,0,[],54,kept
505,53,"['value_1', 'value_2', 'value_3', 'value_4', 'value_5', 'value_6', 'value_7', 'value_8', 'value_9', 'value_10', 'value_11', 'value_12', 'value_13', 'value_14', 'value_15', 'value_16', 'value_17', 'value_18', 'value_19', 'value_20', 'value_21', 'value_22', 'value_23', 'value_24', 'value_25', 'value_26', 'value_27', 'value_28', 'value_29', 'value_30', 'value_31', 'value_32', 'value_33', 'value_34', 'value_35', 'value_36', 'value_37', 'value_38', 'value_39', 'value_40', 'value_41', 'value_42', 'value_43', 'value_44', 'value_45', 'value_46', 'value_47', 'value_48', 'value_49', 'value_50', 'value_51', 'value_52', 'value_53']",1,missing_fields
506,0,[],54,kept
507,0,[],54,kept
508,0,[],54,kept
509,0,[],54,kept
510,0,[],54,kept
511,53,"['value_1', 'value_2', 'value_3', 'value_4', 'value_5', 'value_6', 'value_7', 'value_8', 'value_9', 'value_10', 'value_11', 'value_12', 'value_13', 'value_14', 'value_15', 'value_16', 'value_17', 'value_18', 'value_19', 'value_20', 'value_21', 'value_22', 'value_23', 'value_24', 'value_25', 'value_26', 'value_27', 'value_28', 'value_29', 'value_30', 'value_31', 'value_32', 'value_33', 'value_34', 'value_35', 'value_36', 'value_37', 'value_38', 'value_39', 'value_40', 'value_41', 'value_42', 'value_43', 'value_44', 'value_45', 'value_46', 'value_47', 'value_48', 'value_49', 'value_50', 'value_51', 'value_52', 'value_53']",1,missing_fields
512,0,[],54,kept
513,0,[],54,kept
514,0,[],54,kept
515,53,"['value_1', 'value_2', 'value_3', 'value_4', 'value_5', 'value_6', 'value_7', 'value_8', 'value_9', 'value_10', 'value_11', 'value_12', 'value_13', 'value_14', 'value_15', 'value_16', 'value_17', 'value_18', 'value_19', 'value_20', 'value_21', 'value_22', 'value_23', 'value_24', 'value_25', 'value_26', 'value_27', 'value_28', 'value_29', 'value_30', 'value_31', 'value_32', 'value_33', 'value_34', 'value_35', 'value_36', 'value_37', 'value_38', 'value_39', 'value_40', 'value_41', 'value_42', 'value_43', 'value_44', 'value_45', 'value_46', 'value_47', 'value_48', 'value_49', 'value_50', 'value_51', 'value_52', 'value_53']",1,missing_fields
516,0,[],54,kept
517,0,[],54,kept
518,0,[],54,kept
519,0,[],54,kept
520,0,[],54,kept
521,53,"['value_1', 'value_2', 'value_3', 'value_4', 'value_5', 'value_6', 'value_7', 'value_8', 'value_9', 'value_10', 'value_11', 'value_12', 'value_13', 'value_14', 'value_15', 'value_16', 'value_17', 'value_18', 'value_19', 'value_20', 'value_21', 'value_22', 'value_23', 'value_24', 'value_25', 'value_26', 'value_27', 'value_28', 'value_29', 'value_30', 'value_31', 'value_32', 'value_33', 'value_34', 'value_35', 'value_36', 'value_37', 'value_38', 'value_39', 'value_40', 'value_41', 'value_42', 'value_43', 'value_44', 'value_45', 'value_46', 'value_47', 'value_48', 'value_49', 'value_50', 'value_51', 'value_52', 'value_53']",1,missing_fields
522,0,[],54,kept
523,0,[],54,kept
524,53,"['value_1', 'value_2', 'value_3', 'value_4', 'value_5', 'value_6', 'value_7', 'value_8', 'value_9', 'value_10', 'value_11', 'value_12', 'value_13', 'value_14', 'value_15', 'value_16', 'value_17', 'value_18', 'value_19', 'value_20', 'value_21', 'value_22', 'value_23', 'value_24', 'value_25', 'value_26', 'value_27', 'value_28', 'value_29', 'value_30', 'value_31', 'value_32', 'value_33', 'value_34', 'value_35', 'value_36', 'value_37', 'value_38', 'value_39', 'value_40', 'value_41', 'value_42', 'value_43', 'value_44', 'value_45', 'value_46', 'value_47', 'value_48', 'value_49', 'value_50', 'value_51', 'value_52', 'value_53']",1,missing_fields
525,0,[],54,kept
526,53,"['value_1', 'value_2', 'value_3', 'value_4', 'value_5', 'value_6', 'value_7', 'value_8', 'value_9', 'value_10', 'value_11', 'value_12', 'value_13', 'value_14', 'value_15', 'value_16', 'value_17', 'value_18', 'value_19', 'value_20', 'value_21', 'value_22', 'value_23', 'value_24', 'value_25', 'value_26', 'value_27', 'value_28', 'value_29', 'value_30', 'value_31', 'value_32', 'value_33', 'value_34', 'value_35', 'value_36', 'value_37', 'value_38', 'value_39', 'value_40', 'value_41', 'value_42', 'value_43', 'value_44', 'value_45', 'value_46', 'value_47', 'value_48', 'value_49', 'value_50', 'value_51', 'value_52', 'value_53']",1,missing_fields
527,0,[],54,kept
528,50,"['value_4', 'value_5', 'value_6', 'value_7', 'value_8', 'value_9', 'value_10', 'value_11', 'value_12', 'value_13', 'value_14', 'value_15', 'value_16', 'value_17', 'value_18', 'value_19', 'value_20', 'value_21', 'value_22', 'value_23', 'value_24', 'value_25', 'value_26', 'value_27', 'value_28', 'value_29', 'value_30', 'value_31', 'value_32', 'value_33', 'value_34', 'value_35', 'value_36', 'value_37', 'value_38', 'value_39', 'value_40', 'value_41', 'value_42', 'value_43', 'value_44', 'value_45', 'value_46', 'value_47', 'value_48', 'value_49', 'value_50', 'value_51', 'value_52', 'value_53']",4,missing_fields
529,0,[],54,kept
530,0,[],54,kept
531,53,"['value_1', 'value_2', 'value_3', 'value_4', 'value_5', 'value_6', 'value_7', 'value_8', 'value_9', 'value_10', 'value_11', 'value_12', 'value_13', 'value_14', 'value_15', 'value_16', 'value_17', 'value_18', 'value_19', 'value_20', 'value_21', 'value_22', 'value_23', 'value_24', 'value_25', 'value_26', 'value_27', 'value_28', 'value_29', 'value_30', 'value_31', 'value_32', 'value_33', 'value_34', 'value_35', 'value_36', 'value_37', 'value_38', 'value_39', 'value_40', 'value_41', 'value_42', 'value_43', 'value_44', 'value_45', 'value_46', 'value_47', 'value_48', 'value_49', 'value_50', 'value_51', 'value_52', 'value_53']",1,missing_fields
532,0,[],54,kept
533,53,"['value_1', 'value_2', 'value_3', 'value_4', 'value_5', 'value_6', 'value_7', 'value_8', 'value_9', 'value_10', 'value_11', 'value_12', 'value_13', 'value_14', 'value_15', 'value_16', 'value_17', 'value_18', 'value_19', 'value_20', 'value_21', 'value_22', 'value_23', 'value_24', 'value_25', 'value_26', 'value_27', 'value_28', 'value_29', 'value_30', 'value_31', 'value_32', 'value_33', 'value_34', 'value_35', 'value_36', 'value_37', 'value_38', 'value_39', 'value_40', 'value_41', 'value_42', 'value_43', 'value_44', 'value_45', 'value_46', 'value_47', 'value_48', 'value_49', 'value_50', 'value_51', 'value_52', 'value_53']",1,missing_fields
534,0,[],54,kept
535,0,[],54,kept
536,0,[],54,kept
537,0,[],54,kept
538,53,"['value_1', 'value_2', 'value_3', 'value_4', 'value_5', 'value_6', 'value_7', 'value_8', 'value_9', 'value_10', 'value_11', 'value_12', 'value_13', 'value_14', 'value_15', 'value_16', 'value_17', 'value_18', 'value_19', 'value_20', 'value_21', 'value_22', 'value_23', 'value_24', 'value_25', 'value_26', 'value_27', 'value_28', 'value_29', 'value_30', 'value_31', 'value_32', 'value_33', 'value_34', 'value_35', 'value_36', 'value_37', 'value_38', 'value_39', 'value_40', 'value_41', 'value_42', 'value_43', 'value_44', 'value_45', 'value_46', 'value_47', 'value_48', 'value_49', 'value_50', 'value_51', 'value_52', 'value_53']",1,missing_fields
539,0,[],54,kept
540,0,[],54,kept
541,53,"['value_1', 'value_2', 'value_3', 'value_4', 'value_5', 'value_6', 'value_7', 'value_8', 'value_9', 'value_10', 'value_11', 'value_12', 'value_13', 'value_14', 'value_15', 'value_16', 'value_17', 'value_18', 'value_19', 'value_20', 'value_21', 'value_22', 'value_23', 'value_24', 'value_25', 'value_26', 'value_27', 'value_28', 'value_29', 'value_30', 'value_31', 'value_32', 'value_33', 'value_34', 'value_35', 'value_36', 'value_37', 'value_38', 'value_39', 'value_40', 'value_41', 'value_42', 'value_43', 'value_44', 'value_45', 'value_46', 'value_47', 'value_48', 'value_49', 'value_50', 'value_51', 'value_52', 'value_53']",1,missing_fields
542,0,[],54,kept
543,0,[],54,kept
544,0,[],54,kept
545,0,[],54,kept
546,0,[],54,kept
547,0,[],54,kept
548,53,"['value_1', 'value_2', 'value_3', 'value_4', 'value_5', 'value_6', 'value_7', 'value_8', 'value_9', 'value_10', 'value_11', 'value_12', 'value_13', 'value_14', 'value_15', 'value_16', 'value_17', 'value_18', 'value_19', 'value_20', 'value_21', 'value_22', 'value_23', 'value_24', 'value_25', 'value_26', 'value_27', 'value_28', 'value_29', 'value_30', 'value_31', 'value_32', 'value_33', 'value_34', 'value_35', 'value_36', 'value_37', 'value_38', 'value_39', 'value_40', 'value_41', 'value_42', 'value_43', 'value_44', 'value_45', 'value_46', 'value_47', 'value_48', 'value_49', 'value_50', 'value_51', 'value_52', 'value_53']",1,missing_fields
549,53,"['value_1', 'value_2', 'value_3', 'value_4', 'value_5', 'value_6', 'value_7', 'value_8', 'value_9', 'value_10', 'value_11', 'value_12', 'value_13', 'value_14', 'value_15', 'value_16', 'value_17', 'value_18', 'value_19', 'value_20', 'value_21', 'value_22', 'value_23', 'value_24', 'value_25', 'value_26', 'value_27', 'value_28', 'value_29', 'value_30', 'value_31', 'value_32', 'value_33', 'value_34', 'value_35', 'value_36', 'value_37', 'value_38', 'value_39', 'value_40', 'value_41', 'value_42', 'value_43', 'value_44', 'value_45', 'value_46', 'value_47', 'value_48', 'value_49', 'value_50', 'value_51', 'value_52', 'value_53']",1,missing_fields
550,49,"['value_5', 'value_6', 'value_7', 'value_8', 'value_9', 'value_10', 'value_11', 'value_12', 'value_13', 'value_14', 'value_15', 'value_16', 'value_17', 'value_18', 'value_19', 'value_20', 'value_21', 'value_22', 'value_23', 'value_24', 'value_25', 'value_26', 'value_27', 'value_28', 'value_29', 'value_30', 'value_31', 'value_32', 'value_33', 'value_34', 'value_35', 'value_36', 'value_37', 'value_38', 'value_39', 'value_40', 'value_41', 'value_42', 'value_43', 'value_44', 'value_45', 'value_46', 'value_47', 'value_48', 'value_49', 'value_50', 'value_51', 'value_52', 'value_53']",5,missing_fields
551,0,[],54,kept
552,0,[],54,kept
553,0,[],54,kept
554,0,[],54,kept
555,0,[],54,kept
556,0,[],54,kept
557,51,"['value_3', 'value_4', 'value_5', 'value_6', 'value_7', 'value_8', 'value_9', 'value_10', 'value_11', 'value_12', 'value_13', 'value_14', 'value_15', 'value_16', 'value_17', 'value_18', 'value_19', 'value_20', 'value_21', 'value_22', 'value_23', 'value_24', 'value_25', 'value_26', 'value_27', 'value_28', 'value_29', 'value_30', 'value_31', 'value_32', 'value_33', 'value_34', 'value_35', 'value_36', 'value_37', 'value_38', 'value_39', 'value_40', 'value_41', 'value_42', 'value_43', 'value_44', 'value_45', 'value_46', 'value_47', 'value_48', 'value_49', 'value_50', 'value_51', 'value_52', 'value_53']",3,missing_fields
558,0,[],54,kept
559,0,[],54,kept
560,0,[],54,kept
561,53,"['value_1', 'value_2', 'value_3', 'value_4', 'value_5', 'value_6', 'value_7', 'value_8', 'value_9', 'value_10', 'value_11', 'value_12', 'value_13', 'value_14', 'value_15', 'value_16', 'value_17', 'value_18', 'value_19', 'value_20', 'value_21', 'value_22', 'value_23', 'value_24', 'value_25', 'value_26', 'value_27', 'value_28', 'value_29', 'value_30', 'value_31', 'value_32', 'value_33', 'value_34', 'value_35', 'value_36', 'value_37', 'value_38', 'value_39', 'value_40', 'value_41', 'value_42', 'value_43', 'value_44', 'value_45', 'value_46', 'value_47', 'value_48', 'value_49', 'value_50', 'value_51', 'value_52', 'value_53']",1,missing_fields
562,53,"['value_1', 'value_2', 'value_3', 'value_4', 'value_5', 'value_6', 'value_7', 'value_8', 'value_9', 'value_10', 'value_11', 'value_12', 'value_13', 'value_14', 'value_15', 'value_16', 'value_17', 'value_18', 'value_19', 'value_20', 'value_21', 'value_22', 'value_23', 'value_24', 'value_25', 'value_26', 'value_27', 'value_28', 'value_29', 'value_30', 'value_31', 'value_32', 'value_33', 'value_34', 'value_35', 'value_36', 'value_37', 'value_38', 'value_39', 'value_40', 'value_41', 'value_42', 'value_43', 'value_44', 'value_45', 'value_46', 'value_47', 'value_48', 'value_49', 'value_50', 'value_51', 'value_52', 'value_53']",1,missing_fields
563,0,[],54,kept
564,0,[],54,kept
565,0,[],54,kept
566,50,"['value_4', 'value_5', 'value_6', 'value_7', 'value_8', 'value_9', 'value_10', 'value_11', 'value_12', 'value_13', 'value_14', 'value_15', 'value_16', 'value_17', 'value_18', 'value_19', 'value_20', 'value_21', 'value_22', 'value_23', 'value_24', 'value_25', 'value_26', 'value_27', 'value_28', 'value_29', 'value_30', 'value_31', 'value_32', 'value_33', 'value_34', 'value_35', 'value_36', 'value_37', 'value_38', 'value_39', 'value_40', 'value_41', 'value_42', 'value_43', 'value_44', 'value_45', 'value_46', 'value_47', 'value_48', 'value_49', 'value_50', 'value_51', 'value_52', 'value_53']",4,missing_fields
567,0,[],54,kept
568,0,[],54,kept
569,0,[],54,kept
570,53,"['value_1', 'value_2', 'value_3', 'value_4', 'value_5', 'value_6', 'value_7', 'value_8', 'value_9', 'value_10', 'value_11', 'value_12', 'value_13', 'value_14', 'value_15', 'value_16', 'value_17', 'value_18', 'value_19', 'value_20', 'value_21', 'value_22', 'value_23', 'value_24', 'value_25', 'value_26', 'value_27', 'value_28', 'value_29', 'value_30', 'value_31', 'value_32', 'value_33', 'value_34', 'value_35', 'value_36', 'value_37', 'value_38', 'value_39', 'value_40', 'value_41', 'value_42', 'value_43', 'value_44', 'value_45', 'value_46', 'value_47', 'value_48', 'value_49', 'value_50', 'value_51', 'value_52', 'value_53']",1,missing_fields
571,0,[],54,kept
572,53,"['value_1', 'value_2', 'value_3', 'value_4', 'value_5', 'value_6', 'value_7', 'value_8', 'value_9', 'value_10', 'value_11', 'value_12', 'value_13', 'value_14', 'value_15', 'value_16', 'value_17', 'value_18', 'value_19', 'value_20', 'value_21', 'value_22', 'value_23', 'value_24', 'value_25', 'value_26', 'value_27', 'value_28', 'value_29', 'value_30', 'value_31', 'value_32', 'value_33', 'value_34', 'value_35', 'value_36', 'value_37', 'value_38', 'value_39', 'value_40', 'value_41', 'value_42', 'value_43', 'value_44', 'value_45', 'value_46', 'value_47', 'value_48', 'value_49', 'value_50', 'value_51', 'value_52', 'value_53']",1,missing_fields
573,0,[],54,kept
574,0,[],54,kept
575,53,"['value_1', 'value_2', 'value_3', 'value_4', 'value_5', 'value_6', 'value_7', 'value_8', 'value_9', 'value_10', 'value_11', 'value_12', 'value_13', 'value_14', 'value_15', 'value_16', 'value_17', 'value_18', 'value_19', 'value_20', 'value_21', 'value_22', 'value_23', 'value_24', 'value_25', 'value_26', 'value_27', 'value_28', 'value_29', 'value_30', 'value_31', 'value_32', 'value_33', 'value_34', 'value_35', 'value_36', 'value_37', 'value_38', 'value_39', 'value_40', 'value_41', 'value_42', 'value_43', 'value_44', 'value_45', 'value_46', 'value_47', 'value_48', 'value_49', 'value_50', 'value_51', 'value_52', 'value_53']",1,missing_fields
576,53,"['value_1', 'value_2', 'value_3', 'value_4', 'value_5', 'value_6', 'value_7', 'value_8', 'value_9', 'value_10', 'value_11', 'value_12', 'value_13', 'value_14', 'value_15', 'value_16', 'value_17', 'value_18', 'value_19', 'value_20', 'value_21', 'value_22', 'value_23', 'value_24', 'value_25', 'value_26', 'value_27', 'value_28', 'value_29', 'value_30', 'value_31', 'value_32', 'value_33', 'value_34', 'value_35', 'value_36', 'value_37', 'value_38', 'value_39', 'value_40', 'value_41', 'value_42', 'value_43', 'value_44', 'value_45', 'value_46', 'value_47', 'value_48', 'value_49', 'value_50', 'value_51', 'value_52', 'value_53']",1,missing_fields
577,53,"['value_1', 'value_2', 'value_3', 'value_4', 'value_5', 'value_6', 'value_7', 'value_8', 'value_9', 'value_10', 'value_11', 'value_12', 'value_13', 'value_14', 'value_15', 'value_16', 'value_17', 'value_18', 'value_19', 'value_20', 'value_21', 'value_22', 'value_23', 'value_24', 'value_25', 'value_26', 'value_27', 'value_28', 'value_29', 'value_30', 'value_31', 'value_32', 'value_33', 'value_34', 'value_35', 'value_36', 'value_37', 'value_38', 'value_39', 'value_40', 'value_41', 'value_42', 'value_43', 'value_44', 'value_45', 'value_46', 'value_47', 'value_48', 'value_49', 'value_50', 'value_51', 'value_52', 'value_53']",1,missing_fields
578,49,"['value_5', 'value_6', 'value_7', 'value_8', 'value_9', 'value_10', 'value_11', 'value_12', 'value_13', 'value_14', 'value_15', 'value_16', 'value_17', 'value_18', 'value_19', 'value_20', 'value_21', 'value_22', 'value_23', 'value_24', 'value_25', 'value_26', 'value_27', 'value_28', 'value_29', 'value_30', 'value_31', 'value_32', 'value_33', 'value_34', 'value_35', 'value_36', 'value_37', 'value_38', 'value_39', 'value_40', 'value_41', 'value_42', 'value_43', 'value_44', 'value_45', 'value_46', 'value_47', 'value_48', 'value_49', 'value_50', 'value_51', 'value_52', 'value_53']",5,missing_fields
579,0,[],54,kept
580,0,[],54,kept
581,0,[],54,kept
582,50,"['value_4', 'value_5', 'value_6', 'value_7', 'value_8', 'value_9', 'value_10', 'value_11', 'value_12', 'value_13', 'value_14', 'value_15', 'value_16', 'value_17', 'value_18', 'value_19', 'value_20', 'value_21', 'value_22', 'value_23', 'value_24', 'value_25', 'value_26', 'value_27', 'value_28', 'value_29', 'value_30', 'value_31', 'value_32', 'value_33', 'value_34', 'value_35', 'value_36', 'value_37', 'value_38', 'value_39', 'value_40', 'value_41', 'value_42', 'value_43', 'value_44', 'value_45', 'value_46', 'value_47', 'value_48', 'value_49', 'value_50', 'value_51', 'value_52', 'value_53']",4,missing_fields
583,50,"['value_4', 'value_5', 'value_6', 'value_7', 'value_8', 'value_9', 'value_10', 'value_11', 'value_12', 'value_13', 'value_14', 'value_15', 'value_16', 'value_17', 'value_18', 'value_19', 'value_20', 'value_21', 'value_22', 'value_23', 'value_24', 'value_25', 'value_26', 'value_27', 'value_28', 'value_29', 'value_30', 'value_31', 'value_32', 'value_33', 'value_34', 'value_35', 'value_36', 'value_37', 'value_38', 'value_39', 'value_40', 'value_41', 'value_42', 'value_43', 'value_44', 'value_45', 'value_46', 'value_47', 'value_48', 'value_49', 'value_50', 'value_51', 'value_52', 'value_53']",4,missing_fields
584,0,[],54,kept
585,0,[],54,kept
586,0,[],54,kept
587,0,[],54,kept
588,53,"['value_1', 'value_2', 'value_3', 'value_4', 'value_5', 'value_6', 'value_7', 'value_8', 'value_9', 'value_10', 'value_11', 'value_12', 'value_13', 'value_14', 'value_15', 'value_16', 'value_17', 'value_18', 'value_19', 'value_20', 'value_21', 'value_22', 'value_23', 'value_24', 'value_25', 'value_26', 'value_27', 'value_28', 'value_29', 'value_30', 'value_31', 'value_32', 'value_33', 'value_34', 'value_35', 'value_36', 'value_37', 'value_38', 'value_39', 'value_40', 'value_41', 'value_42', 'value_43', 'value_44', 'value_45', 'value_46', 'value_47', 'value_48', 'value_49', 'value_50', 'value_51', 'value_52', 'value_53']",1,missing_fields
589,53,"['value_1', 'value_2', 'value_3', 'value_4', 'value_5', 'value_6', 'value_7', 'value_8', 'value_9', 'value_10', 'value_11', 'value_12', 'value_13', 'value_14', 'value_15', 'value_16', 'value_17', 'value_18', 'value_19', 'value_20', 'value_21', 'value_22', 'value_23', 'value_24', 'value_25', 'value_26', 'value_27', 'value_28', 'value_29', 'value_30', 'value_31', 'value_32', 'value_33', 'value_34', 'value_35', 'value_36', 'value_37', 'value_38', 'value_39', 'value_40', 'value_41', 'value_42', 'value_43', 'value_44', 'value_45', 'value_46', 'value_47', 'value_48', 'value_49', 'value_50', 'value_51', 'value_52', 'value_53']",1,missing_fields
590,0,[],54,kept
591,0,[],54,kept
592,53,"['value_1', 'value_2', 'value_3', 'value_4', 'value_5', 'value_6', 'value_7', 'value_8', 'value_9', 'value_10', 'value_11', 'value_12', 'value_13', 'value_14', 'value_15', 'value_16', 'value_17', 'value_18', 'value_19', 'value_20', 'value_21', 'value_22', 'value_23', 'value_24', 'value_25', 'value_26', 'value_27', 'value_28', 'value_29', 'value_30', 'value_31', 'value_32', 'value_33', 'value_34', 'value_35', 'value_36', 'value_37', 'value_38', 'value_39', 'value_40', 'value_41', 'value_42', 'value_43', 'value_44', 'value_45', 'value_46', 'value_47', 'value_48', 'value_49', 'value_50', 'value_51', 'value_52', 'value_53']",1,missing_fields
593,0,[],54,kept
594,0,[],54,kept
595,53,"['value_1', 'value_2', 'value_3', 'value_4', 'value_5', 'value_6', 'value_7', 'value_8', 'value_9', 'value_10', 'value_11', 'value_12', 'value_13', 'value_14', 'value_15', 'value_16', 'value_17', 'value_18', 'value_19', 'value_20', 'value_21', 'value_22', 'value_23', 'value_24', 'value_25', 'value_26', 'value_27', 'value_28', 'value_29', 'value_30', 'value_31', 'value_32', 'value_33', 'value_34', 'value_35', 'value_36', 'value_37', 'value_38', 'value_39', 'value_40', 'value_41', 'value_42', 'value_43', 'value_44', 'value_45', 'value_46', 'value_47', 'value_48', 'value_49', 'value_50', 'value_51', 'value_52', 'value_53']",1,missing_fields
596,0,[],54,kept
597,49,"['value_5', 'value_6', 'value_7', 'value_8', 'value_9', 'value_10', 'value_11', 'value_12', 'value_13', 'value_14', 'value_15', 'value_16', 'value_17', 'value_18', 'value_19', 'value_20', 'value_21', 'value_22', 'value_23', 'value_24', 'value_25', 'value_26', 'value_27', 'value_28', 'value_29', 'value_30', 'value_31', 'value_32', 'value_33', 'value_34', 'value_35', 'value_36', 'value_37', 'value_38', 'value_39', 'value_40', 'value_41', 'value_42', 'value_43', 'value_44', 'value_45', 'value_46', 'value_47', 'value_48', 'value_49', 'value_50', 'value_51', 'value_52', 'value_53']",5,missing_fields
598,0,[],54,kept
599,0,[],54,kept
600,50,"['value_4', 'value_5', 'value_6', 'value_7', 'value_8', 'value_9', 'value_10', 'value_11', 'value_12', 'value_13', 'value_14', 'value_15', 'value_16', 'value_17', 'value_18', 'value_19', 'value_20', 'value_21', 'value_22', 'value_23', 'value_24', 'value_25', 'value_26', 'value_27', 'value_28', 'value_29', 'value_30', 'value_31', 'value_32', 'value_33', 'value_34', 'value_35', 'value_36', 'value_37', 'value_38', 'value_39', 'value_40', 'value_41', 'value_42', 'value_43', 'value_44', 'value_45', 'value_46', 'value_47', 'value_48', 'value_49', 'value_50', 'value_51', 'value_52', 'value_53']",4,missing_fields
601,0,[],54,kept
602,0,[],54,kept
603,53,"['value_1', 'value_2', 'value_3', 'value_4', 'value_5', 'value_6', 'value_7', 'value_8', 'value_9', 'value_10', 'value_11', 'value_12', 'value_13', 'value_14', 'value_15', 'value_16', 'value_17', 'value_18', 'value_19', 'value_20', 'value_21', 'value_22', 'value_23', 'value_24', 'value_25', 'value_26', 'value_27', 'value_28', 'value_29', 'value_30', 'value_31', 'value_32', 'value_33', 'value_34', 'value_35', 'value_36', 'value_37', 'value_38', 'value_39', 'value_40', 'value_41', 'value_42', 'value_43', 'value_44', 'value_45', 'value_46', 'value_47', 'value_48', 'value_49', 'value_50', 'value_51', 'value_52', 'value_53']",1,missing_fields
604,0,[],54,kept
605,53,"['value_1', 'value_2', 'value_3', 'value_4', 'value_5', 'value_6', 'value_7', 'value_8', 'value_9', 'value_10', 'value_11', 'value_12', 'value_13', 'value_14', 'value_15', 'value_16', 'value_17', 'value_18', 'value_19', 'value_20', 'value_21', 'value_22', 'value_23', 'value_24', 'value_25', 'value_26', 'value_27', 'value_28', 'value_29', 'value_30', 'value_31', 'value_32', 'value_33', 'value_34', 'value_35', 'value_36', 'value_37', 'value_38', 'value_39', 'value_40', 'value_41', 'value_42', 'value_43', 'value_44', 'value_45', 'value_46', 'value_47', 'value_48', 'value_49', 'value_50', 'value_51', 'value_52', 'value_53']",1,missing_fields
606,0,[],54,kept
607,0,[],54,kept
608,0,[],54,kept
609,53,"['value_1', 'value_2', 'value_3', 'value_4', 'value_5', 'value_6', 'value_7', 'value_8', 'value_9', 'value_10', 'value_11', 'value_12', 'value_13', 'value_14', 'value_15', 'value_16', 'value_17', 'value_18', 'value_19', 'value_20', 'value_21', 'value_22', 'value_23', 'value_24', 'value_25', 'value_26', 'value_27', 'value_28', 'value_29', 'value_30', 'value_31', 'value_32', 'value_33', 'value_34', 'value_35', 'value_36', 'value_37', 'value_38', 'value_39', 'value_40', 'value_41', 'value_42', 'value_43', 'value_44', 'value_45', 'value_46', 'value_47', 'value_48', 'value_49', 'value_50', 'value_51', 'value_52', 'value_53']",1,missing_fields
610,0,[],54,kept
611,0,[],54,kept
612,53,"['value_1', 'value_2', 'value_3', 'value_4', 'value_5', 'value_6', 'value_7', 'value_8', 'value_9', 'value_10', 'value_11', 'value_12', 'value_13', 'value_14', 'value_15', 'value_16', 'value_17', 'value_18', 'value_19', 'value_20', 'value_21', 'value_22', 'value_23', 'value_24', 'value_25', 'value_26', 'value_27', 'value_28', 'value_29', 'value_30', 'value_31', 'value_32', 'value_33', 'value_34', 'value_35', 'value_36', 'value_37', 'value_38', 'value_39', 'value_40', 'value_41', 'value_42', 'value_43', 'value_44', 'value_45', 'value_46', 'value_47', 'value_48', 'value_49', 'value_50', 'value_51', 'value_52', 'value_53']",1,missing_fields
613,53,"['value_1', 'value_2', 'value_3', 'value_4', 'value_5', 'value_6', 'value_7', 'value_8', 'value_9', 'value_10', 'value_11', 'value_12', 'value_13', 'value_14', 'value_15', 'value_16', 'value_17', 'value_18', 'value_19', 'value_20', 'value_21', 'value_22', 'value_23', 'value_24', 'value_25', 'value_26', 'value_27', 'value_28', 'value_29', 'value_30', 'value_31', 'value_32', 'value_33', 'value_34', 'value_35', 'value_36', 'value_37', 'value_38', 'value_39', 'value_40', 'value_41', 'value_42', 'value_43', 'value_44', 'value_45', 'value_46', 'value_47', 'value_48', 'value_49', 'value_50', 'value_51', 'value_52', 'value_53']",1,missing_fields
614,0,[],54,kept
615,0,[],54,kept
616,53,"['value_1', 'value_2', 'value_3', 'value_4', 'value_5', 'value_6', 'value_7', 'value_8', 'value_9', 'value_10', 'value_11', 'value_12', 'value_13', 'value_14', 'value_15', 'value_16', 'value_17', 'value_18', 'value_19', 'value_20', 'value_21', 'value_22', 'value_23', 'value_24', 'value_25', 'value_26', 'value_27', 'value_28', 'value_29', 'value_30', 'value_31', 'value_32', 'value_33', 'value_34', 'value_35', 'value_36', 'value_37', 'value_38', 'value_39', 'value_40', 'value_41', 'value_42', 'value_43', 'value_44', 'value_45', 'value_46', 'value_47', 'value_48', 'value_49', 'value_50', 'value_51', 'value_52', 'value_53']",1,missing_fields
617,0,[],54,kept
618,0,[],54,kept
619,0,[],54,kept
620,49,"['value_5', 'value_6', 'value_7', 'value_8', 'value_9', 'value_10', 'value_11', 'value_12', 'value_13', 'value_14', 'value_15', 'value_16', 'value_17', 'value_18', 'value_19', 'value_20', 'value_21', 'value_22', 'value_23', 'value_24', 'value_25', 'value_26', 'value_27', 'value_28', 'value_29', 'value_30', 'value_31', 'value_32', 'value_33', 'value_34', 'value_35', 'value_36', 'value_37', 'value_38', 'value_39', 'value_40', 'value_41', 'value_42', 'value_43', 'value_44', 'value_45', 'value_46', 'value_47', 'value_48', 'value_49', 'value_50', 'value_51', 'value_52', 'value_53']",5,missing_fields
621,50,"['value_4', 'value_5', 'value_6', 'value_7', 'value_8', 'value_9', 'value_10', 'value_11', 'value_12', 'value_13', 'value_14', 'value_15', 'value_16', 'value_17', 'value_18', 'value_19', 'value_20', 'value_21', 'value_22', 'value_23', 'value_24', 'value_25', 'value_26', 'value_27', 'value_28', 'value_29', 'value_30', 'value_31', 'value_32', 'value_33', 'value_34', 'value_35', 'value_36', 'value_37', 'value_38', 'value_39', 'value_40', 'value_41', 'value_42', 'value_43', 'value_44', 'value_45', 'value_46', 'value_47', 'value_48', 'value_49', 'value_50', 'value_51', 'value_52', 'value_53']",4,missing_fields
622,0,[],54,kept
623,53,"['value_1', 'value_2', 'value_3', 'value_4', 'value_5', 'value_6', 'value_7', 'value_8', 'value_9', 'value_10', 'value_11', 'value_12', 'value_13', 'value_14', 'value_15', 'value_16', 'value_17', 'value_18', 'value_19', 'value_20', 'value_21', 'value_22', 'value_23', 'value_24', 'value_25', 'value_26', 'value_27', 'value_28', 'value_29', 'value_30', 'value_31', 'value_32', 'value_33', 'value_34', 'value_35', 'value_36', 'value_37', 'value_38', 'value_39', 'value_40', 'value_41', 'value_42', 'value_43', 'value_44', 'value_45', 'value_46', 'value_47', 'value_48', 'value_49', 'value_50', 'value_51', 'value_52', 'value_53']",1,missing_fields
624,53,"['value_1', 'value_2', 'value_3', 'value_4', 'value_5', 'value_6', 'value_7', 'value_8', 'value_9', 'value_10', 'value_11', 'value_12', 'value_13', 'value_14', 'value_15', 'value_16', 'value_17', 'value_18', 'value_19', 'value_20', 'value_21', 'value_22', 'value_23', 'value_24', 'value_25', 'value_26', 'value_27', 'value_28', 'value_29', 'value_30', 'value_31', 'value_32', 'value_33', 'value_34', 'value_35', 'value_36', 'value_37', 'value_38', 'value_39', 'value_40', 'value_41', 'value_42', 'value_43', 'value_44', 'value_45', 'value_46', 'value_47', 'value_48', 'value_49', 'value_50', 'value_51', 'value_52', 'value_53']",1,missing_fields
625,0,[],54,kept
626,0,[],54,kept
627,0,[],54,kept
628,0,[],54,kept
629,0,[],54,kept
630,0,[],54,kept
631,0,[],54,kept
632,53,"['value_1', 'value_2', 'value_3', 'value_4', 'value_5', 'value_6', 'value_7', 'value_8', 'value_9', 'value_10', 'value_11', 'value_12', 'value_13', 'value_14', 'value_15', 'value_16', 'value_17', 'value_18', 'value_19', 'value_20', 'value_21', 'value_22', 'value_23', 'value_24', 'value_25', 'value_26', 'value_27', 'value_28', 'value_29', 'value_30', 'value_31', 'value_32', 'value_33', 'value_34', 'value_35', 'value_36', 'value_37', 'value_38', 'value_39', 'value_40', 'value_41', 'value_42', 'value_43', 'value_44', 'value_45', 'value_46', 'value_47', 'value_48', 'value_49', 'value_50', 'value_51', 'value_52', 'value_53']",1,missing_fields
633,53,"['value_1', 'value_2', 'value_3', 'value_4', 'value_5', 'value_6', 'value_7', 'value_8', 'value_9', 'value_10', 'value_11', 'value_12', 'value_13', 'value_14', 'value_15', 'value_16', 'value_17', 'value_18', 'value_19', 'value_20', 'value_21', 'value_22', 'value_23', 'value_24', 'value_25', 'value_26', 'value_27', 'value_28', 'value_29', 'value_30', 'value_31', 'value_32', 'value_33', 'value_34', 'value_35', 'value_36', 'value_37', 'value_38', 'value_39', 'value_40', 'value_41', 'value_42', 'value_43', 'value_44', 'value_45', 'value_46', 'value_47', 'value_48', 'value_49', 'value_50', 'value_51', 'value_52', 'value_53']",1,missing_fields
634,50,"['value_4', 'value_5', 'value_6', 'value_7', 'value_8', 'value_9', 'value_10', 'value_11', 'value_12', 'value_13', 'value_14', 'value_15', 'value_16', 'value_17', 'value_18', 'value_19', 'value_20', 'value_21', 'value_22', 'value_23', 'value_24', 'value_25', 'value_26', 'value_27', 'value_28', 'value_29', 'value_30', 'value_31', 'value_32', 'value_33', 'value_34', 'value_35', 'value_36', 'value_37', 'value_38', 'value_39', 'value_40', 'value_41', 'value_42', 'value_43', 'value_44', 'value_45', 'value_46', 'value_47', 'value_48', 'value_49', 'value_50', 'value_51', 'value_52', 'value_53']",4,missing_fields
635,0,[],54,kept
636,53,"['value_1', 'value_2', 'value_3', 'value_4', 'value_5', 'value_6', 'value_7', 'value_8', 'value_9', 'value_10', 'value_11', 'value_12', 'value_13', 'value_14', 'value_15', 'value_16', 'value_17', 'value_18', 'value_19', 'value_20', 'value_21', 'value_22', 'value_23', 'value_24', 'value_25', 'value_26', 'value_27', 'value_28', 'value_29', 'value_30', 'value_31', 'value_32', 'value_33', 'value_34', 'value_35', 'value_36', 'value_37', 'value_38', 'value_39', 'value_40', 'value_41', 'value_42', 'value_43', 'value_44', 'value_45', 'value_46', 'value_47', 'value_48', 'value_49', 'value_50', 'value_51', 'value_52', 'value_53']",1,missing_fields
637,50,"['value_4', 'value_5', 'value_6', 'value_7', 'value_8', 'value_9', 'value_10', 'value_11', 'value_12', 'value_13', 'value_14', 'value_15', 'value_16', 'value_17', 'value_18', 'value_19', 'value_20', 'value_21', 'value_22', 'value_23', 'value_24', 'value_25', 'value_26', 'value_27', 'value_28', 'value_29', 'value_30', 'value_31', 'value_32', 'value_33', 'value_34', 'value_35', 'value_36', 'value_37', 'value_38', 'value_39', 'value_40', 'value_41', 'value_42', 'value_43', 'value_44', 'value_45', 'value_46', 'value_47', 'value_48', 'value_49', 'value_50', 'value_51', 'value_52', 'value_53']",4,missing_fields
638,0,[],54,kept
639,0,[],54,kept
640,0,[],54,kept
641,53,"['value_1', 'value_2', 'value_3', 'value_4', 'value_5', 'value_6', 'value_7', 'value_8', 'value_9', 'value_10', 'value_11', 'value_12', 'value_13', 'value_14', 'value_15', 'value_16', 'value_17', 'value_18', 'value_19', 'value_20', 'value_21', 'value_22', 'value_23', 'value_24', 'value_25', 'value_26', 'value_27', 'value_28', 'value_29', 'value_30', 'value_31', 'value_32', 'value_33', 'value_34', 'value_35', 'value_36', 'value_37', 'value_38', 'value_39', 'value_40', 'value_41', 'value_42', 'value_43', 'value_44', 'value_45', 'value_46', 'value_47', 'value_48', 'value_49', 'value_50', 'value_51', 'value_52', 'value_53']",1,missing_fields
642,0,[],54,kept
643,0,[],54,kept
644,0,[],54,kept
645,53,"['value_1', 'value_2', 'value_3', 'value_4', 'value_5', 'value_6', 'value_7', 'value_8', 'value_9', 'value_10', 'value_11', 'value_12', 'value_13', 'value_14', 'value_15', 'value_16', 'value_17', 'value_18', 'value_19', 'value_20', 'value_21', 'value_22', 'value_23', 'value_24', 'value_25', 'value_26', 'value_27', 'value_28', 'value_29', 'value_30', 'value_31', 'value_32', 'value_33', 'value_34', 'value_35', 'value_36', 'value_37', 'value_38', 'value_39', 'value_40', 'value_41', 'value_42', 'value_43', 'value_44', 'value_45', 'value_46', 'value_47', 'value_48', 'value_49', 'value_50', 'value_51', 'value_52', 'value_53']",1,missing_fields
646,0,[],54,kept
647,53,"['value_1', 'value_2', 'value_3', 'value_4', 'value_5', 'value_6', 'value_7', 'value_8', 'value_9', 'value_10', 'value_11', 'value_12', 'value_13', 'value_14', 'value_15', 'value_16', 'value_17', 'value_18', 'value_19', 'value_20', 'value_21', 'value_22', 'value_23', 'value_24', 'value_25', 'value_26', 'value_27', 'value_28', 'value_29', 'value_30', 'value_31', 'value_32', 'value_33', 'value_34', 'value_35', 'value_36', 'value_37', 'value_38', 'value_39', 'value_40', 'value_41', 'value_42', 'value_43', 'value_44', 'value_45', 'value_46', 'value_47', 'value_48', 'value_49', 'value_50', 'value_51', 'value_52', 'value_53']",1,missing_fields
648,0,[],54,kept
649,0,[],54,kept
650,0,[],54,kept
651,0,[],54,kept
652,0,[],54,kept
653,0,[],54,kept
654,0,[],54,kept
655,0,[],54,kept
656,53,"['value_1', 'value_2', 'value_3', 'value_4', 'value_5', 'value_6', 'value_7', 'value_8', 'value_9', 'value_10', 'value_11', 'value_12', 'value_13', 'value_14', 'value_15', 'value_16', 'value_17', 'value_18', 'value_19', 'value_20', 'value_21', 'value_22', 'value_23', 'value_24', 'value_25', 'value_26', 'value_27', 'value_28', 'value_29', 'value_30', 'value_31', 'value_32', 'value_33', 'value_34', 'value_35', 'value_36', 'value_37', 'value_38', 'value_39', 'value_40', 'value_41', 'value_42', 'value_43', 'value_44', 'value_45', 'value_46', 'value_47', 'value_48', 'value_49', 'value_50', 'value_51', 'value_52', 'value_53']",1,missing_fields
657,49,"['value_5', 'value_6', 'value_7', 'value_8', 'value_9', 'value_10', 'value_11', 'value_12', 'value_13', 'value_14', 'value_15', 'value_16', 'value_17', 'value_18', 'value_19', 'value_20', 'value_21', 'value_22', 'value_23', 'value_24', 'value_25', 'value_26', 'value_27', 'value_28', 'value_29', 'value_30', 'value_31', 'value_32', 'value_33', 'value_34', 'value_35', 'value_36', 'value_37', 'value_38', 'value_39', 'value_40', 'value_41', 'value_42', 'value_43', 'value_44', 'value_45', 'value_46', 'value_47', 'value_48', 'value_49', 'value_50', 'value_51', 'value_52', 'value_53']",5,missing_fields
658,0,[],54,kept
659,0,[],54,kept
660,0,[],54,kept
661,49,"['value_5', 'value_6', 'value_7', 'value_8', 'value_9', 'value_10', 'value_11', 'value_12', 'value_13', 'value_14', 'value_15', 'value_16', 'value_17', 'value_18', 'value_19', 'value_20', 'value_21', 'value_22', 'value_23', 'value_24', 'value_25', 'value_26', 'value_27', 'value_28', 'value_29', 'value_30', 'value_31', 'value_32', 'value_33', 'value_34', 'value_35', 'value_36', 'value_37', 'value_38', 'value_39', 'value_40', 'value_41', 'value_42', 'value_43', 'value_44', 'value_45', 'value_46', 'value_47', 'value_48', 'value_49', 'value_50', 'value_51', 'value_52', 'value_53']",5,missing_fields
662,0,[],54,kept
663,0,[],54,kept
664,53,"['value_1', 'value_2', 'value_3', 'value_4', 'value_5', 'value_6', 'value_7', 'value_8', 'value_9', 'value_10', 'value_11', 'value_12', 'value_13', 'value_14', 'value_15', 'value_16', 'value_17', 'value_18', 'value_19', 'value_20', 'value_21', 'value_22', 'value_23', 'value_24', 'value_25', 'value_26', 'value_27', 'value_28', 'value_29', 'value_30', 'value_31', 'value_32', 'value_33', 'value_34', 'value_35', 'value_36', 'value_37', 'value_38', 'value_39', 'value_40', 'value_41', 'value_42', 'value_43', 'value_44', 'value_45', 'value_46', 'value_47', 'value_48', 'value_49', 'value_50', 'value_51', 'value_52', 'value_53']",1,missing_fields
665,0,[],54,kept
666,0,[],54,kept
667,0,[],54,kept
668,53,"['value_1', 'value_2', 'value_3', 'value_4', 'value_5', 'value_6', 'value_7', 'value_8', 'value_9', 'value_10', 'value_11', 'value_12', 'value_13', 'value_14', 'value_15', 'value_16', 'value_17', 'value_18', 'value_19', 'value_20', 'value_21', 'value_22', 'value_23', 'value_24', 'value_25', 'value_26', 'value_27', 'value_28', 'value_29', 'value_30', 'value_31', 'value_32', 'value_33', 'value_34', 'value_35', 'value_36', 'value_37', 'value_38', 'value_39', 'value_40', 'value_41', 'value_42', 'value_43', 'value_44', 'value_45', 'value_46', 'value_47', 'value_48', 'value_49', 'value_50', 'value_51', 'value_52', 'value_53']",1,missing_fields
669,53,"['value_1', 'value_2', 'value_3', 'value_4', 'value_5', 'value_6', 'value_7', 'value_8', 'value_9', 'value_10', 'value_11', 'value_12', 'value_13', 'value_14', 'value_15', 'value_16', 'value_17', 'value_18', 'value_19', 'value_20', 'value_21', 'value_22', 'value_23', 'value_24', 'value_25', 'value_26', 'value_27', 'value_28', 'value_29', 'value_30', 'value_31', 'value_32', 'value_33', 'value_34', 'value_35', 'value_36', 'value_37', 'value_38', 'value_39', 'value_40', 'value_41', 'value_42', 'value_43', 'value_44', 'value_45', 'value_46', 'value_47', 'value_48', 'value_49', 'value_50', 'value_51', 'value_52', 'value_53']",1,missing_fields
670,0,[],54,kept
671,53,"['value_1', 'value_2', 'value_3', 'value_4', 'value_5', 'value_6', 'value_7', 'value_8', 'value_9', 'value_10', 'value_11', 'value_12', 'value_13', 'value_14', 'value_15', 'value_16', 'value_17', 'value_18', 'value_19', 'value_20', 'value_21', 'value_22', 'value_23', 'value_24', 'value_25', 'value_26', 'value_27', 'value_28', 'value_29', 'value_30', 'value_31', 'value_32', 'value_33', 'value_34', 'value_35', 'value_36', 'value_37', 'value_38', 'value_39', 'value_40', 'value_41', 'value_42', 'value_43', 'value_44', 'value_45', 'value_46', 'value_47', 'value_48', 'value_49', 'value_50', 'value_51', 'value_52', 'value_53']",1,missing_fields
672,53,"['value_1', 'value_2', 'value_3', 'value_4', 'value_5', 'value_6', 'value_7', 'value_8', 'value_9', 'value_10', 'value_11', 'value_12', 'value_13', 'value_14', 'value_15', 'value_16', 'value_17', 'value_18', 'value_19', 'value_20', 'value_21', 'value_22', 'value_23', 'value_24', 'value_25', 'value_26', 'value_27', 'value_28', 'value_29', 'value_30', 'value_31', 'value_32', 'value_33', 'value_34', 'value_35', 'value_36', 'value_37', 'value_38', 'value_39', 'value_40', 'value_41', 'value_42', 'value_43', 'value_44', 'value_45', 'value_46', 'value_47', 'value_48', 'value_49', 'value_50', 'value_51', 'value_52', 'value_53']",1,missing_fields
673,50,"['value_4', 'value_5', 'value_6', 'value_7', 'value_8', 'value_9', 'value_10', 'value_11', 'value_12', 'value_13', 'value_14', 'value_15', 'value_16', 'value_17', 'value_18', 'value_19', 'value_20', 'value_21', 'value_22', 'value_23', 'value_24', 'value_25', 'value_26', 'value_27', 'value_28', 'value_29', 'value_30', 'value_31', 'value_32', 'value_33', 'value_34', 'value_35', 'value_36', 'value_37', 'value_38', 'value_39', 'value_40', 'value_41', 'value_42', 'value_43', 'value_44', 'value_45', 'value_46', 'value_47', 'value_48', 'value_49', 'value_50', 'value_51', 'value_52', 'value_53']",4,missing_fields
674,50,"['value_4', 'value_5', 'value_6', 'value_7', 'value_8', 'value_9', 'value_10', 'value_11', 'value_12', 'value_13', 'value_14', 'value_15', 'value_16', 'value_17', 'value_18', 'value_19', 'value_20', 'value_21', 'value_22', 'value_23', 'value_24', 'value_25', 'value_26', 'value_27', 'value_28', 'value_29', 'value_30', 'value_31', 'value_32', 'value_33', 'value_34', 'value_35', 'value_36', 'value_37', 'value_38', 'value_39', 'value_40', 'value_41', 'value_42', 'value_43', 'value_44', 'value_45', 'value_46', 'value_47', 'value_48', 'value_49', 'value_50', 'value_51', 'value_52', 'value_53']",4,missing_fields
675,49,"['value_5', 'value_6', 'value_7', 'value_8', 'value_9', 'value_10', 'value_11', 'value_12', 'value_13', 'value_14', 'value_15', 'value_16', 'value_17', 'value_18', 'value_19', 'value_20', 'value_21', 'value_22', 'value_23', 'value_24', 'value_25', 'value_26', 'value_27', 'value_28', 'value_29', 'value_30', 'value_31', 'value_32', 'value_33', 'value_34', 'value_35', 'value_36', 'value_37', 'value_38', 'value_39', 'value_40', 'value_41', 'value_42', 'value_43', 'value_44', 'value_45', 'value_46', 'value_47', 'value_48', 'value_49', 'value_50', 'value_51', 'value_52', 'value_53']",5,missing_fields
676,0,[],54,kept
677,53,"['value_1', 'value_2', 'value_3', 'value_4', 'value_5', 'value_6', 'value_7', 'value_8', 'value_9', 'value_10', 'value_11', 'value_12', 'value_13', 'value_14', 'value_15', 'value_16', 'value_17', 'value_18', 'value_19', 'value_20', 'value_21', 'value_22', 'value_23', 'value_24', 'value_25', 'value_26', 'value_27', 'value_28', 'value_29', 'value_30', 'value_31', 'value_32', 'value_33', 'value_34', 'value_35', 'value_36', 'value_37', 'value_38', 'value_39', 'value_40', 'value_41', 'value_42', 'value_43', 'value_44', 'value_45', 'value_46', 'value_47', 'value_48', 'value_49', 'value_50', 'value_51', 'value_52', 'value_53']",1,missing_fields
678,0,[],54,kept
679,0,[],54,kept
680,0,[],54,kept
681,0,[],54,kept
682,0,[],54,kept
683,0,[],54,kept
684,0,[],54,kept
685,0,[],54,kept
686,50,"['value_4', 'value_5', 'value_6', 'value_7', 'value_8', 'value_9', 'value_10', 'value_11', 'value_12', 'value_13', 'value_14', 'value_15', 'value_16', 'value_17', 'value_18', 'value_19', 'value_20', 'value_21', 'value_22', 'value_23', 'value_24', 'value_25', 'value_26', 'value_27', 'value_28', 'value_29', 'value_30', 'value_31', 'value_32', 'value_33', 'value_34', 'value_35', 'value_36', 'value_37', 'value_38', 'value_39', 'value_40', 'value_41', 'value_42', 'value_43', 'value_44', 'value_45', 'value_46', 'value_47', 'value_48', 'value_49', 'value_50', 'value_51', 'value_52', 'value_53']",4,missing_fields
687,0,[],54,kept
688,0,[],54,kept
689,53,"['value_1', 'value_2', 'value_3', 'value_4', 'value_5', 'value_6', 'value_7', 'value_8', 'value_9', 'value_10', 'value_11', 'value_12', 'value_13', 'value_14', 'value_15', 'value_16', 'value_17', 'value_18', 'value_19', 'value_20', 'value_21', 'value_22', 'value_23', 'value_24', 'value_25', 'value_26', 'value_27', 'value_28', 'value_29', 'value_30', 'value_31', 'value_32', 'value_33', 'value_34', 'value_35', 'value_36', 'value_37', 'value_38', 'value_39', 'value_40', 'value_41', 'value_42', 'value_43', 'value_44', 'value_45', 'value_46', 'value_47', 'value_48', 'value_49', 'value_50', 'value_51', 'value_52', 'value_53']",1,missing_fields
690,53,"['value_1', 'value_2', 'value_3', 'value_4', 'value_5', 'value_6', 'value_7', 'value_8', 'value_9', 'value_10', 'value_11', 'value_12', 'value_13', 'value_14', 'value_15', 'value_16', 'value_17', 'value_18', 'value_19', 'value_20', 'value_21', 'value_22', 'value_23', 'value_24', 'value_25', 'value_26', 'value_27', 'value_28', 'value_29', 'value_30', 'value_31', 'value_32', 'value_33', 'value_34', 'value_35', 'value_36', 'value_37', 'value_38', 'value_39', 'value_40', 'value_41', 'value_42', 'value_43', 'value_44', 'value_45', 'value_46', 'value_47', 'value_48', 'value_49', 'value_50', 'value_51', 'value_52', 'value_53']",1,missing_fields
691,53,"['value_1', 'value_2', 'value_3', 'value_4', 'value_5', 'value_6', 'value_7', 'value_8', 'value_9', 'value_10', 'value_11', 'value_12', 'value_13', 'value_14', 'value_15', 'value_16', 'value_17', 'value_18', 'value_19', 'value_20', 'value_21', 'value_22', 'value_23', 'value_24', 'value_25', 'value_26', 'value_27', 'value_28', 'value_29', 'value_30', 'value_31', 'value_32', 'value_33', 'value_34', 'value_35', 'value_36', 'value_37', 'value_38', 'value_39', 'value_40', 'value_41', 'value_42', 'value_43', 'value_44', 'value_45', 'value_46', 'value_47', 'value_48', 'value_49', 'value_50', 'value_51', 'value_52', 'value_53']",1,missing_fields
692,0,[],54,kept
693,53,"['value_1', 'value_2', 'value_3', 'value_4', 'value_5', 'value_6', 'value_7', 'value_8', 'value_9', 'value_10', 'value_11', 'value_12', 'value_13', 'value_14', 'value_15', 'value_16', 'value_17', 'value_18', 'value_19', 'value_20', 'value_21', 'value_22', 'value_23', 'value_24', 'value_25', 'value_26', 'value_27', 'value_28', 'value_29', 'value_30', 'value_31', 'value_32', 'value_33', 'value_34', 'value_35', 'value_36', 'value_37', 'value_38', 'value_39', 'value_40', 'value_41', 'value_42', 'value_43', 'value_44', 'value_45', 'value_46', 'value_47', 'value_48', 'value_49', 'value_50', 'value_51', 'value_52', 'value_53']",1,missing_fields
694,0,[],54,kept
695,0,[],54,kept
696,53,"['value_1', 'value_2', 'value_3', 'value_4', 'value_5', 'value_6', 'value_7', 'value_8', 'value_9', 'value_10', 'value_11', 'value_12', 'value_13', 'value_14', 'value_15', 'value_16', 'value_17', 'value_18', 'value_19', 'value_20', 'value_21', 'value_22', 'value_23', 'value_24', 'value_25', 'value_26', 'value_27', 'value_28', 'value_29', 'value_30', 'value_31', 'value_32', 'value_33', 'value_34', 'value_35', 'value_36', 'value_37', 'value_38', 'value_39', 'value_40', 'value_41', 'value_42', 'value_43', 'value_44', 'value_45', 'value_46', 'value_47', 'value_48', 'value_49', 'value_50', 'value_51', 'value_52', 'value_53']",1,missing_fields
697,0,[],54,kept
698,0,[],54,kept
699,0,[],54,kept
700,0,[],54,kept
701,53,"['value_1', 'value_2', 'value_3', 'value_4', 'value_5', 'value_6', 'value_7', 'value_8', 'value_9', 'value_10', 'value_11', 'value_12', 'value_13', 'value_14', 'value_15', 'value_16', 'value_17', 'value_18', 'value_19', 'value_20', 'value_21', 'value_22', 'value_23', 'value_24', 'value_25', 'value_26', 'value_27', 'value_28', 'value_29', 'value_30', 'value_31', 'value_32', 'value_33', 'value_34', 'value_35', 'value_36', 'value_37', 'value_38', 'value_39', 'value_40', 'value_41', 'value_42', 'value_43', 'value_44', 'value_45', 'value_46', 'value_47', 'value_48', 'value_49', 'value_50', 'value_51', 'value_52', 'value_53']",1,missing_fields
702,0,[],54,kept
703,0,[],54,kept
704,53,"['value_1', 'value_2', 'value_3', 'value_4', 'value_5', 'value_6', 'value_7', 'value_8', 'value_9', 'value_10', 'value_11', 'value_12', 'value_13', 'value_14', 'value_15', 'value_16', 'value_17', 'value_18', 'value_19', 'value_20', 'value_21', 'value_22', 'value_23', 'value_24', 'value_25', 'value_26', 'value_27', 'value_28', 'value_29', 'value_30', 'value_31', 'value_32', 'value_33', 'value_34', 'value_35', 'value_36', 'value_37', 'value_38', 'value_39', 'value_40', 'value_41', 'value_42', 'value_43', 'value_44', 'value_45', 'value_46', 'value_47', 'value_48', 'value_49', 'value_50', 'value_51', 'value_52', 'value_53']",1,missing_fields
705,53,"['value_1', 'value_2', 'value_3', 'value_4', 'value_5', 'value_6', 'value_7', 'value_8', 'value_9', 'value_10', 'value_11', 'value_12', 'value_13', 'value_14', 'value_15', 'value_16', 'value_17', 'value_18', 'value_19', 'value_20', 'value_21', 'value_22', 'value_23', 'value_24', 'value_25', 'value_26', 'value_27', 'value_28', 'value_29', 'value_30', 'value_31', 'value_32', 'value_33', 'value_34', 'value_35', 'value_36', 'value_37', 'value_38', 'value_39', 'value_40', 'value_41', 'value_42', 'value_43', 'value_44', 'value_45', 'value_46', 'value_47', 'value_48', 'value_49', 'value_50', 'value_51', 'value_52', 'value_53']",1,missing_fields
706,0,[],54,kept
707,0,[],54,kept
708,0,[],54,kept
709,0,[],54,kept
710,0,[],54,kept
711,0,[],54,kept
712,53,"['value_1', 'value_2', 'value_3', 'value_4', 'value_5', 'value_6', 'value_7', 'value_8', 'value_9', 'value_10', 'value_11', 'value_12', 'value_13', 'value_14', 'value_15', 'value_16', 'value_17', 'value_18', 'value_19', 'value_20', 'value_21', 'value_22', 'value_23', 'value_24', 'value_25', 'value_26', 'value_27', 'value_28', 'value_29', 'value_30', 'value_31', 'value_32', 'value_33', 'value_34', 'value_35', 'value_36', 'value_37', 'value_38', 'value_39', 'value_40', 'value_41', 'value_42', 'value_43', 'value_44', 'value_45', 'value_46', 'value_47', 'value_48', 'value_49', 'value_50', 'value_51', 'value_52', 'value_53']",1,missing_fields
713,49,"['value_5', 'value_6', 'value_7', 'value_8', 'value_9', 'value_10', 'value_11', 'value_12', 'value_13', 'value_14', 'value_15', 'value_16', 'value_17', 'value_18', 'value_19', 'value_20', 'value_21', 'value_22', 'value_23', 'value_24', 'value_25', 'value_26', 'value_27', 'value_28', 'value_29', 'value_30', 'value_31', 'value_32', 'value_33', 'value_34', 'value_35', 'value_36', 'value_37', 'value_38', 'value_39', 'value_40', 'value_41', 'value_42', 'value_43', 'value_44', 'value_45', 'value_46', 'value_47', 'value_48', 'value_49', 'value_50', 'value_51', 'value_52', 'value_53']",5,missing_fields
714,0,[],54,kept
715,0,[],54,kept
716,49,"['value_5', 'value_6', 'value_7', 'value_8', 'value_9', 'value_10', 'value_11', 'value_12', 'value_13', 'value_14', 'value_15', 'value_16', 'value_17', 'value_18', 'value_19', 'value_20', 'value_21', 'value_22', 'value_23', 'value_24', 'value_25', 'value_26', 'value_27', 'value_28', 'value_29', 'value_30', 'value_31', 'value_32', 'value_33', 'value_34', 'value_35', 'value_36', 'value_37', 'value_38', 'value_39', 'value_40', 'value_41', 'value_42', 'value_43', 'value_44', 'value_45', 'value_46', 'value_47', 'value_48', 'value_49', 'value_50', 'value_51', 'value_52', 'value_53']",5,missing_fields
717,49,"['value_5', 'value_6', 'value_7', 'value_8', 'value_9', 'value_10', 'value_11', 'value_12', 'value_13', 'value_14', 'value_15', 'value_16', 'value_17', 'value_18', 'value_19', 'value_20', 'value_21', 'value_22', 'value_23', 'value_24', 'value_25', 'value_26', 'value_27', 'value_28', 'value_29', 'value_30', 'value_31', 'value_32', 'value_33', 'value_34', 'value_35', 'value_36', 'value_37', 'value_38', 'value_39', 'value_40', 'value_41', 'value_42', 'value_43', 'value_44', 'value_45', 'value_46', 'value_47', 'value_48', 'value_49', 'value_50', 'value_51', 'value_52', 'value_53']",5,missing_fields
718,50,"['value_4', 'value_5', 'value_6', 'value_7', 'value_8', 'value_9', 'value_10', 'value_11', 'value_12', 'value_13', 'value_14', 'value_15', 'value_16', 'value_17', 'value_18', 'value_19', 'value_20', 'value_21', 'value_22', 'value_23', 'value_24', 'value_25', 'value_26', 'value_27', 'value_28', 'value_29', 'value_30', 'value_31', 'value_32', 'value_33', 'value_34', 'value_35', 'value_36', 'value_37', 'value_38', 'value_39', 'value_40', 'value_41', 'value_42', 'value_43', 'value_44', 'value_45', 'value_46', 'value_47', 'value_48', 'value_49', 'value_50', 'value_51', 'value_52', 'value_53']",4,missing_fields
719,0,[],54,kept
720,0,[],54,kept
721,53,"['value_1', 'value_2', 'value_3', 'value_4', 'value_5', 'value_6', 'value_7', 'value_8', 'value_9', 'value_10', 'value_11', 'value_12', 'value_13', 'value_14', 'value_15', 'value_16', 'value_17', 'value_18', 'value_19', 'value_20', 'value_21', 'value_22', 'value_23', 'value_24', 'value_25', 'value_26', 'value_27', 'value_28', 'value_29', 'value_30', 'value_31', 'value_32', 'value_33', 'value_34', 'value_35', 'value_36', 'value_37', 'value_38', 'value_39', 'value_40', 'value_41', 'value_42', 'value_43', 'value_44', 'value_45', 'value_46', 'value_47', 'value_48', 'value_49', 'value_50', 'value_51', 'value_52', 'value_53']",1,missing_fields
722,0,[],54,kept
723,0,[],54,kept
724,0,[],54,kept
725,0,[],54,kept
726,0,[],54,kept
727,53,"['value_1', 'value_2', 'value_3', 'value_4', 'value_5', 'value_6', 'value_7', 'value_8', 'value_9', 'value_10', 'value_11', 'value_12', 'value_13', 'value_14', 'value_15', 'value_16', 'value_17', 'value_18', 'value_19', 'value_20', 'value_21', 'value_22', 'value_23', 'value_24', 'value_25', 'value_26', 'value_27', 'value_28', 'value_29', 'value_30', 'value_31', 'value_32', 'value_33', 'value_34', 'value_35', 'value_36', 'value_37', 'value_38', 'value_39', 'value_40', 'value_41', 'value_42', 'value_43', 'value_44', 'value_45', 'value_46', 'value_47', 'value_48', 'value_49', 'value_50', 'value_51', 'value_52', 'value_53']",1,missing_fields
728,0,[],54,kept
729,0,[],54,kept
730,0,[],54,kept
731,0,[],54,kept
732,0,[],54,kept
733,0,[],54,kept
734,0,[],54,kept
735,0,[],54,kept
736,0,[],54,kept
737,0,[],54,kept
738,0,[],54,kept
739,0,[],54,kept
740,0,[],54,kept
741,0,[],54,kept
742,0,[],54,kept
743,0,[],54,kept
744,0,[],54,kept
745,53,"['value_1', 'value_2', 'value_3', 'value_4', 'value_5', 'value_6', 'value_7', 'value_8', 'value_9', 'value_10', 'value_11', 'value_12', 'value_13', 'value_14', 'value_15', 'value_16', 'value_17', 'value_18', 'value_19', 'value_20', 'value_21', 'value_22', 'value_23', 'value_24', 'value_25', 'value_26', 'value_27', 'value_28', 'value_29', 'value_30', 'value_31', 'value_32', 'value_33', 'value_34', 'value_35', 'value_36', 'value_37', 'value_38', 'value_39', 'value_40', 'value_41', 'value_42', 'value_43', 'value_44', 'value_45', 'value_46', 'value_47', 'value_48', 'value_49', 'value_50', 'value_51', 'value_52', 'value_53']",1,missing_fields
746,0,[],54,kept
747,0,[],54,kept
748,0,[],54,kept
749,53,"['value_1', 'value_2', 'value_3', 'value_4', 'value_5', 'value_6', 'value_7', 'value_8', 'value_9', 'value_10', 'value_11', 'value_12', 'value_13', 'value_14', 'value_15', 'value_16', 'value_17', 'value_18', 'value_19', 'value_20', 'value_21', 'value_22', 'value_23', 'value_24', 'value_25', 'value_26', 'value_27', 'value_28', 'value_29', 'value_30', 'value_31', 'value_32', 'value_33', 'value_34', 'value_35', 'value_36', 'value_37', 'value_38', 'value_39', 'value_40', 'value_41', 'value_42', 'value_43', 'value_44', 'value_45', 'value_46', 'value_47', 'value_48', 'value_49', 'value_50', 'value_51', 'value_52', 'value_53']",1,missing_fields
750,0,[],54,kept
751,53,"['value_1', 'value_2', 'value_3', 'value_4', 'value_5', 'value_6', 'value_7', 'value_8', 'value_9', 'value_10', 'value_11', 'value_12', 'value_13', 'value_14', 'value_15', 'value_16', 'value_17', 'value_18', 'value_19', 'value_20', 'value_21', 'value_22', 'value_23', 'value_24', 'value_25', 'value_26', 'value_27', 'value_28', 'value_29', 'value_30', 'value_31', 'value_32', 'value_33', 'value_34', 'value_35', 'value_36', 'value_37', 'value_38', 'value_39', 'value_40', 'value_41', 'value_42', 'value_43', 'value_44', 'value_45', 'value_46', 'value_47', 'value_48', 'value_49', 'value_50', 'value_51', 'value_52', 'value_53']",1,missing_fields
752,0,[],54,kept
753,0,[],54,kept
754,0,[],54,kept
755,51,"['value_3', 'value_4', 'value_5', 'value_6', 'value_7', 'value_8', 'value_9', 'value_10', 'value_11', 'value_12', 'value_13', 'value_14', 'value_15', 'value_16', 'value_17', 'value_18', 'value_19', 'value_20', 'value_21', 'value_22', 'value_23', 'value_24', 'value_25', 'value_26', 'value_27', 'value_28', 'value_29', 'value_30', 'value_31', 'value_32', 'value_33', 'value_34', 'value_35', 'value_36', 'value_37', 'value_38', 'value_39', 'value_40', 'value_41', 'value_42', 'value_43', 'value_44', 'value_45', 'value_46', 'value_47', 'value_48', 'value_49', 'value_50', 'value_51', 'value_52', 'value_53']",3,missing_fields
756,0,[],54,kept
757,0,[],54,kept
758,51,"['value_3', 'value_4', 'value_5', 'value_6', 'value_7', 'value_8', 'value_9', 'value_10', 'value_11', 'value_12', 'value_13', 'value_14', 'value_15', 'value_16', 'value_17', 'value_18', 'value_19', 'value_20', 'value_21', 'value_22', 'value_23', 'value_24', 'value_25', 'value_26', 'value_27', 'value_28', 'value_29', 'value_30', 'value_31', 'value_32', 'value_33', 'value_34', 'value_35', 'value_36', 'value_37', 'value_38', 'value_39', 'value_40', 'value_41', 'value_42', 'value_43', 'value_44', 'value_45', 'value_46', 'value_47', 'value_48', 'value_49', 'value_50', 'value_51', 'value_52', 'value_53']",3,missing_fields
759,0,[],54,kept
760,0,[],54,kept
761,0,[],54,kept
762,0,[],54,kept
763,0,[],54,kept
764,0,[],54,kept
765,0,[],54,kept
766,53,"['value_1', 'value_2', 'value_3', 'value_4', 'value_5', 'value_6', 'value_7', 'value_8', 'value_9', 'value_10', 'value_11', 'value_12', 'value_13', 'value_14', 'value_15', 'value_16', 'value_17', 'value_18', 'value_19', 'value_20', 'value_21', 'value_22', 'value_23', 'value_24', 'value_25', 'value_26', 'value_27', 'value_28', 'value_29', 'value_30', 'value_31', 'value_32', 'value_33', 'value_34', 'value_35', 'value_36', 'value_37', 'value_38', 'value_39', 'value_40', 'value_41', 'value_42', 'value_43', 'value_44', 'value_45', 'value_46', 'value_47', 'value_48', 'value_49', 'value_50', 'value_51', 'value_52', 'value_53']",1,missing_fields
767,53,"['value_1', 'value_2', 'value_3', 'value_4', 'value_5', 'value_6', 'value_7', 'value_8', 'value_9', 'value_10', 'value_11', 'value_12', 'value_13', 'value_14', 'value_15', 'value_16', 'value_17', 'value_18', 'value_19', 'value_20', 'value_21', 'value_22', 'value_23', 'value_24', 'value_25', 'value_26', 'value_27', 'value_28', 'value_29', 'value_30', 'value_31', 'value_32', 'value_33', 'value_34', 'value_35', 'value_36', 'value_37', 'value_38', 'value_39', 'value_40', 'value_41', 'value_42', 'value_43', 'value_44', 'value_45', 'value_46', 'value_47', 'value_48', 'value_49', 'value_50', 'value_51', 'value_52', 'value_53']",1,missing_fields
768,0,[],54,kept
769,0,[],54,kept
770,0,[],54,kept
771,0,[],54,kept
772,53,"['value_1', 'value_2', 'value_3', 'value_4', 'value_5', 'value_6', 'value_7', 'value_8', 'value_9', 'value_10', 'value_11', 'value_12', 'value_13', 'value_14', 'value_15', 'value_16', 'value_17', 'value_18', 'value_19', 'value_20', 'value_21', 'value_22', 'value_23', 'value_24', 'value_25', 'value_26', 'value_27', 'value_28', 'value_29', 'value_30', 'value_31', 'value_32', 'value_33', 'value_34', 'value_35', 'value_36', 'value_37', 'value_38', 'value_39', 'value_40', 'value_41', 'value_42', 'value_43', 'value_44', 'value_45', 'value_46', 'value_47', 'value_48', 'value_49', 'value_50', 'value_51', 'value_52', 'value_53']",1,missing_fields
773,53,"['value_1', 'value_2', 'value_3', 'value_4', 'value_5', 'value_6', 'value_7', 'value_8', 'value_9', 'value_10', 'value_11', 'value_12', 'value_13', 'value_14', 'value_15', 'value_16', 'value_17', 'value_18', 'value_19', 'value_20', 'value_21', 'value_22', 'value_23', 'value_24', 'value_25', 'value_26', 'value_27', 'value_28', 'value_29', 'value_30', 'value_31', 'value_32', 'value_33', 'value_34', 'value_35', 'value_36', 'value_37', 'value_38', 'value_39', 'value_40', 'value_41', 'value_42', 'value_43', 'value_44', 'value_45', 'value_46', 'value_47', 'value_48', 'value_49', 'value_50', 'value_51', 'value_52', 'value_53']",1,missing_fields
774,0,[],54,kept
775,0,[],54,kept
776,0,[],54,kept
777,0,[],54,kept
778,0,[],54,kept
779,0,[],54,kept
780,0,[],54,kept
781,53,"['value_1', 'value_2', 'value_3', 'value_4', 'value_5', 'value_6', 'value_7', 'value_8', 'value_9', 'value_10', 'value_11', 'value_12', 'value_13', 'value_14', 'value_15', 'value_16', 'value_17', 'value_18', 'value_19', 'value_20', 'value_21', 'value_22', 'value_23', 'value_24', 'value_25', 'value_26', 'value_27', 'value_28', 'value_29', 'value_30', 'value_31', 'value_32', 'value_33', 'value_34', 'value_35', 'value_36', 'value_37', 'value_38', 'value_39', 'value_40', 'value_41', 'value_42', 'value_43', 'value_44', 'value_45', 'value_46', 'value_47', 'value_48', 'value_49', 'value_50', 'value_51', 'value_52', 'value_53']",1,missing_fields
782,0,[],54,kept
783,53,"['value_1', 'value_2', 'value_3', 'value_4', 'value_5', 'value_6', 'value_7', 'value_8', 'value_9', 'value_10', 'value_11', 'value_12', 'value_13', 'value_14', 'value_15', 'value_16', 'value_17', 'value_18', 'value_19', 'value_20', 'value_21', 'value_22', 'value_23', 'value_24', 'value_25', 'value_26', 'value_27', 'value_28', 'value_29', 'value_30', 'value_31', 'value_32', 'value_33', 'value_34', 'value_35', 'value_36', 'value_37', 'value_38', 'value_39', 'value_40', 'value_41', 'value_42', 'value_43', 'value_44', 'value_45', 'value_46', 'value_47', 'value_48', 'value_49', 'value_50', 'value_51', 'value_52', 'value_53']",1,missing_fields
784,0,[],54,kept
785,0,[],54,kept
786,0,[],54,kept
787,53,"['value_1', 'value_2', 'value_3', 'value_4', 'value_5', 'value_6', 'value_7', 'value_8', 'value_9', 'value_10', 'value_11', 'value_12', 'value_13', 'value_14', 'value_15', 'value_16', 'value_17', 'value_18', 'value_19', 'value_20', 'value_21', 'value_22', 'value_23', 'value_24', 'value_25', 'value_26', 'value_27', 'value_28', 'value_29', 'value_30', 'value_31', 'value_32', 'value_33', 'value_34', 'value_35', 'value_36', 'value_37', 'value_38', 'value_39', 'value_40', 'value_41', 'value_42', 'value_43', 'value_44', 'value_45', 'value_46', 'value_47', 'value_48', 'value_49', 'value_50', 'value_51', 'value_52', 'value_53']",1,missing_fields
788,0,[],54,kept
789,0,[],54,kept
790,0,[],54,kept
791,0,[],54,kept
792,53,"['value_1', 'value_2', 'value_3', 'value_4', 'value_5', 'value_6', 'value_7', 'value_8', 'value_9', 'value_10', 'value_11', 'value_12', 'value_13', 'value_14', 'value_15', 'value_16', 'value_17', 'value_18', 'value_19', 'value_20', 'value_21', 'value_22', 'value_23', 'value_24', 'value_25', 'value_26', 'value_27', 'value_28', 'value_29', 'value_30', 'value_31', 'value_32', 'value_33', 'value_34', 'value_35', 'value_36', 'value_37', 'value_38', 'value_39', 'value_40', 'value_41', 'value_42', 'value_43', 'value_44', 'value_45', 'value_46', 'value_47', 'value_48', 'value_49', 'value_50', 'value_51', 'value_52', 'value_53']",1,missing_fields
793,53,"['value_1', 'value_2', 'value_3', 'value_4', 'value_5', 'value_6', 'value_7', 'value_8', 'value_9', 'value_10', 'value_11', 'value_12', 'value_13', 'value_14', 'value_15', 'value_16', 'value_17', 'value_18', 'value_19', 'value_20', 'value_21', 'value_22', 'value_23', 'value_24', 'value_25', 'value_26', 'value_27', 'value_28', 'value_29', 'value_30', 'value_31', 'value_32', 'value_33', 'value_34', 'value_35', 'value_36', 'value_37', 'value_38', 'value_39', 'value_40', 'value_41', 'value_42', 'value_43', 'value_44', 'value_45', 'value_46', 'value_47', 'value_48', 'value_49', 'value_50', 'value_51', 'value_52', 'value_53']",1,missing_fields
794,53,"['value_1', 'value_2', 'value_3', 'value_4', 'value_5', 'value_6', 'value_7', 'value_8', 'value_9', 'value_10', 'value_11', 'value_12', 'value_13', 'value_14', 'value_15', 'value_16', 'value_17', 'value_18', 'value_19', 'value_20', 'value_21', 'value_22', 'value_23', 'value_24', 'value_25', 'value_26', 'value_27', 'value_28', 'value_29', 'value_30', 'value_31', 'value_32', 'value_33', 'value_34', 'value_35', 'value_36', 'value_37', 'value_38', 'value_39', 'value_40', 'value_41', 'value_42', 'value_43', 'value_44', 'value_45', 'value_46', 'value_47', 'value_48', 'value_49', 'value_50', 'value_51', 'value_52', 'value_53']",1,missing_fields
795,0,[],54,kept
796,53,"['value_1', 'value_2', 'value_3', 'value_4', 'value_5', 'value_6', 'value_7', 'value_8', 'value_9', 'value_10', 'value_11', 'value_12', 'value_13', 'value_14', 'value_15', 'value_16', 'value_17', 'value_18', 'value_19', 'value_20', 'value_21', 'value_22', 'value_23', 'value_24', 'value_25', 'value_26', 'value_27', 'value_28', 'value_29', 'value_30', 'value_31', 'value_32', 'value_33', 'value_34', 'value_35', 'value_36', 'value_37', 'value_38', 'value_39', 'value_40', 'value_41', 'value_42', 'value_43', 'value_44', 'value_45', 'value_46', 'value_47', 'value_48', 'value_49', 'value_50', 'value_51', 'value_52', 'value_53']",1,missing_fields
797,49,"['value_5', 'value_6', 'value_7', 'value_8', 'value_9', 'value_10', 'value_11', 'value_12', 'value_13', 'value_14', 'value_15', 'value_16', 'value_17', 'value_18', 'value_19', 'value_20', 'value_21', 'value_22', 'value_23', 'value_24', 'value_25', 'value_26', 'value_27', 'value_28', 'value_29', 'value_30', 'value_31', 'value_32', 'value_33', 'value_34', 'value_35', 'value_36', 'value_37', 'value_38', 'value_39', 'value_40', 'value_41', 'value_42', 'value_43', 'value_44', 'value_45', 'value_46', 'value_47', 'value_48', 'value_49', 'value_50', 'value_51', 'value_52', 'value_53']",5,missing_fields
798,0,[],54,kept
799,0,[],54,kept
800,0,[],54,kept
801,53,"['value_1', 'value_2', 'value_3', 'value_4', 'value_5', 'value_6', 'value_7', 'value_8', 'value_9', 'value_10', 'value_11', 'value_12', 'value_13', 'value_14', 'value_15', 'value_16', 'value_17', 'value_18', 'value_19', 'value_20', 'value_21', 'value_22', 'value_23', 'value_24', 'value_25', 'value_26', 'value_27', 'value_28', 'value_29', 'value_30', 'value_31', 'value_32', 'value_33', 'value_34', 'value_35', 'value_36', 'value_37', 'value_38', 'value_39', 'value_40', 'value_41', 'value_42', 'value_43', 'value_44', 'value_45', 'value_46', 'value_47', 'value_48', 'value_49', 'value_50', 'value_51', 'value_52', 'value_53']",1,missing_fields
802,0,[],54,kept
803,0,[],54,kept
804,0,[],54,kept
805,0,[],54,kept
806,0,[],54,kept
807,0,[],54,kept
808,53,"['value_1', 'value_2', 'value_3', 'value_4', 'value_5', 'value_6', 'value_7', 'value_8', 'value_9', 'value_10', 'value_11', 'value_12', 'value_13', 'value_14', 'value_15', 'value_16', 'value_17', 'value_18', 'value_19', 'value_20', 'value_21', 'value_22', 'value_23', 'value_24', 'value_25', 'value_26', 'value_27', 'value_28', 'value_29', 'value_30', 'value_31', 'value_32', 'value_33', 'value_34', 'value_35', 'value_36', 'value_37', 'value_38', 'value_39', 'value_40', 'value_41', 'value_42', 'value_43', 'value_44', 'value_45', 'value_46', 'value_47', 'value_48', 'value_49', 'value_50', 'value_51', 'value_52', 'value_53']",1,missing_fields
809,0,[],54,kept
810,0,[],54,kept
811,0,[],54,kept
812,0,[],54,kept
813,0,[],54,kept
814,53,"['value_1', 'value_2', 'value_3', 'value_4', 'value_5', 'value_6', 'value_7', 'value_8', 'value_9', 'value_10', 'value_11', 'value_12', 'value_13', 'value_14', 'value_15', 'value_16', 'value_17', 'value_18', 'value_19', 'value_20', 'value_21', 'value_22', 'value_23', 'value_24', 'value_25', 'value_26', 'value_27', 'value_28', 'value_29', 'value_30', 'value_31', 'value_32', 'value_33', 'value_34', 'value_35', 'value_36', 'value_37', 'value_38', 'value_39', 'value_40', 'value_41', 'value_42', 'value_43', 'value_44', 'value_45', 'value_46', 'value_47', 'value_48', 'value_49', 'value_50', 'value_51', 'value_52', 'value_53']",1,missing_fields
815,0,[],54,kept
816,53,"['value_1', 'value_2', 'value_3', 'value_4', 'value_5', 'value_6', 'value_7', 'value_8', 'value_9', 'value_10', 'value_11', 'value_12', 'value_13', 'value_14', 'value_15', 'value_16', 'value_17', 'value_18', 'value_19', 'value_20', 'value_21', 'value_22', 'value_23', 'value_24', 'value_25', 'value_26', 'value_27', 'value_28', 'value_29', 'value_30', 'value_31', 'value_32', 'value_33', 'value_34', 'value_35', 'value_36', 'value_37', 'value_38', 'value_39', 'value_40', 'value_41', 'value_42', 'value_43', 'value_44', 'value_45', 'value_46', 'value_47', 'value_48', 'value_49', 'value_50', 'value_51', 'value_52', 'value_53']",1,missing_fields
817,53,"['value_1', 'value_2', 'value_3', 'value_4', 'value_5', 'value_6', 'value_7', 'value_8', 'value_9', 'value_10', 'value_11', 'value_12', 'value_13', 'value_14', 'value_15', 'value_16', 'value_17', 'value_18', 'value_19', 'value_20', 'value_21', 'value_22', 'value_23', 'value_24', 'value_25', 'value_26', 'value_27', 'value_28', 'value_29', 'value_30', 'value_31', 'value_32', 'value_33', 'value_34', 'value_35', 'value_36', 'value_37', 'value_38', 'value_39', 'value_40', 'value_41', 'value_42', 'value_43', 'value_44', 'value_45', 'value_46', 'value_47', 'value_48', 'value_49', 'value_50', 'value_51', 'value_52', 'value_53']",1,missing_fields
818,0,[],54,kept
819,0,[],54,kept
820,0,[],54,kept
821,0,[],54,kept
822,0,[],54,kept
823,0,[],54,kept
824,0,[],54,kept
825,0,[],54,kept
826,0,[],54,kept
827,53,"['value_1', 'value_2', 'value_3', 'value_4', 'value_5', 'value_6', 'value_7', 'value_8', 'value_9', 'value_10', 'value_11', 'value_12', 'value_13', 'value_14', 'value_15', 'value_16', 'value_17', 'value_18', 'value_19', 'value_20', 'value_21', 'value_22', 'value_23', 'value_24', 'value_25', 'value_26', 'value_27', 'value_28', 'value_29', 'value_30', 'value_31', 'value_32', 'value_33', 'value_34', 'value_35', 'value_36', 'value_37', 'value_38', 'value_39', 'value_40', 'value_41', 'value_42', 'value_43', 'value_44', 'value_45', 'value_46', 'value_47', 'value_48', 'value_49', 'value_50', 'value_51', 'value_52', 'value_53']",1,missing_fields
828,0,[],54,kept
829,53,"['value_1', 'value_2', 'value_3', 'value_4', 'value_5', 'value_6', 'value_7', 'value_8', 'value_9', 'value_10', 'value_11', 'value_12', 'value_13', 'value_14', 'value_15', 'value_16', 'value_17', 'value_18', 'value_19', 'value_20', 'value_21', 'value_22', 'value_23', 'value_24', 'value_25', 'value_26', 'value_27', 'value_28', 'value_29', 'value_30', 'value_31', 'value_32', 'value_33', 'value_34', 'value_35', 'value_36', 'value_37', 'value_38', 'value_39', 'value_40', 'value_41', 'value_42', 'value_43', 'value_44', 'value_45', 'value_46', 'value_47', 'value_48', 'value_49', 'value_50', 'value_51', 'value_52', 'value_53']",1,missing_fields
830,0,[],54,kept
831,53,"['value_1', 'value_2', 'value_3', 'value_4', 'value_5', 'value_6', 'value_7', 'value_8', 'value_9', 'value_10', 'value_11', 'value_12', 'value_13', 'value_14', 'value_15', 'value_16', 'value_17', 'value_18', 'value_19', 'value_20', 'value_21', 'value_22', 'value_23', 'value_24', 'value_25', 'value_26', 'value_27', 'value_28', 'value_29', 'value_30', 'value_31', 'value_32', 'value_33', 'value_34', 'value_35', 'value_36', 'value_37', 'value_38', 'value_39', 'value_40', 'value_41', 'value_42', 'value_43', 'value_44', 'value_45', 'value_46', 'value_47', 'value_48', 'value_49', 'value_50', 'value_51', 'value_52', 'value_53']",1,missing_fields
832,0,[],54,kept
833,0,[],54,kept
834,0,[],54,kept
835,0,[],54,kept
836,0,[],54,kept
837,0,[],54,kept
838,0,[],54,kept
839,0,[],54,kept
840,53,"['value_1', 'value_2', 'value_3', 'value_4', 'value_5', 'value_6', 'value_7', 'value_8', 'value_9', 'value_10', 'value_11', 'value_12', 'value_13', 'value_14', 'value_15', 'value_16', 'value_17', 'value_18', 'value_19', 'value_20', 'value_21', 'value_22', 'value_23', 'value_24', 'value_25', 'value_26', 'value_27', 'value_28', 'value_29', 'value_30', 'value_31', 'value_32', 'value_33', 'value_34', 'value_35', 'value_36', 'value_37', 'value_38', 'value_39', 'value_40', 'value_41', 'value_42', 'value_43', 'value_44', 'value_45', 'value_46', 'value_47', 'value_48', 'value_49', 'value_50', 'value_51', 'value_52', 'value_53']",1,missing_fields
841,0,[],54,kept
842,0,[],54,kept
843,0,[],54,kept
844,0,[],54,kept
845,0,[],54,kept
846,0,[],54,kept
847,0,[],54,kept
848,0,[],54,kept
849,0,[],54,kept
850,0,[],54,kept
851,53,"['value_1', 'value_2', 'value_3', 'value_4', 'value_5', 'value_6', 'value_7', 'value_8', 'value_9', 'value_10', 'value_11', 'value_12', 'value_13', 'value_14', 'value_15', 'value_16', 'value_17', 'value_18', 'value_19', 'value_20', 'value_21', 'value_22', 'value_23', 'value_24', 'value_25', 'value_26', 'value_27', 'value_28', 'value_29', 'value_30', 'value_31', 'value_32', 'value_33', 'value_34', 'value_35', 'value_36', 'value_37', 'value_38', 'value_39', 'value_40', 'value_41', 'value_42', 'value_43', 'value_44', 'value_45', 'value_46', 'value_47', 'value_48', 'value_49', 'value_50', 'value_51', 'value_52', 'value_53']",1,missing_fields
852,0,[],54,kept
853,53,"['value_1', 'value_2', 'value_3', 'value_4', 'value_5', 'value_6', 'value_7', 'value_8', 'value_9', 'value_10', 'value_11', 'value_12', 'value_13', 'value_14', 'value_15', 'value_16', 'value_17', 'value_18', 'value_19', 'value_20', 'value_21', 'value_22', 'value_23', 'value_24', 'value_25', 'value_26', 'value_27', 'value_28', 'value_29', 'value_30', 'value_31', 'value_32', 'value_33', 'value_34', 'value_35', 'value_36', 'value_37', 'value_38', 'value_39', 'value_40', 'value_41', 'value_42', 'value_43', 'value_44', 'value_45', 'value_46', 'value_47', 'value_48', 'value_49', 'value_50', 'value_51', 'value_52', 'value_53']",1,missing_fields
854,0,[],54,kept
855,0,[],54,kept
856,0,[],54,kept
