candidate_id,window_id,subject_id,activity_id,activity_name,value_0,value_1,value_2,value_3,value_4,value_5,value_6,value_7,value_8,value_9,value_10,value_11,value_12,value_13,value_14,value_15,value_16,value_17,value_18,value_19,value_20,value_21,value_22,value_23,value_24,value_25,value_26,value_27,value_28,value_29,value_30,value_31,value_32,value_33,value_34,value_35,value_36,value_37,value_38,value_39,value_40,value_41,value_42,value_43,value_44,value_45,value_46,value_47,value_48,value_49,value_50,value_51,value_52,value_53,value_54,value_55,value_56,value_57,value_58,value_59,value_60,value_61,value_62,value_63,value_64,value_65,value_66,value_67,value_68,value_69,value_70,value_71,value_72,value_73,value_74,value_75,value_76,value_77,value_78,value_79,value_80,value_81,value_82,value_83,value_84,value_85,value_86,value_87,value_88,value_89,value_90,value_91,value_92,value_93,value_94,value_95,value_96,value_97,value_98,value_99,value_100,value_101,value_102,value_103,value_104,value_105,value_106,value_107
0,5060,108,2,sitting,2.0,108.0,5060.0,2.0,108.0,-0.0018,1.267,-0.0103,0.0549,-0.0215,0.0466,0.0006,-1.1706,0.0872,-0.0778,0.427,0.0925,2.719,-0.2924,0.0111,0.1051,0.1243,-0.0509,-0.1686,0.2042,0.2847,-0.2768,-0.1421,0.1323,-0.1303,-0.2233,0.1015,-0.1955,-0.0373,0.0443,-0.001,0.0231,0.01,0.0074,-0.0141,0.0037,-0.0131,0.8657,0.0276,0.0807,-0.1126,-0.3969,-0.0163,-0.0045,0.589,-0.0036,-0.0038,0.003,0.0001,1.5973,-0.014,-0.1504,0.0194,0.0002,-0.0182,0.0044,0.0275,0.0221,-0.0286,0.0093,0.0092,0.0096,0.0184,0.0247,-0.2173,-0.0206,0.0205,0.0232,0.0164,0.0185,-0.1665,-0.0548,0.0035,-0.3014,0.0056,0.1197,-0.0089,0.0179,-0.1109,-0.0188,1.468,-0.0423,0.0077,-0.0285,-0.0259,-0.9734,0.0052,0.0195,0.0157,0.005,0.0228,-0.0062,-0.0132,0.0257,-0.02,-0.0061,0.0054,0.0091,-0.0242,-0.0081,-0.0167,0.0083,-0.0099
1,5061,108,2,sitting,2.0,108.0,5061.0,2.0,108.0,-0.0044,1.2979,-0.0115,0.0322,-0.0005,-0.0211,-0.0426,-1.0823,0.0569,-0.066,0.4696,0.1057,0.0508,0.727,-0.01,0.0043,-0.0065,0.001,0.02,0.0066,-0.0019,-0.0059,0.0112,-0.0146,0.0116,0.0072,0.0331,0.004,-0.0151,0.0133,0.0047,0.0314,0.0045,0.0001,-0.012,0.0013,0.0936,0.7825,0.0718,0.007,-0.0245,-0.0209,-0.0067,0.0041,0.5591,0.0068,0.0002,-0.0027,0.0028,0.9141,0.0321,-0.1106,-0.3156,-0.0086,0.0142,-0.0807,0.1788,0.1127,-0.2462,0.3775,0.3081,0.0139,0.0249,0.0239,-0.2208,-0.0332,0.0233,0.0087,0.0257,0.0063,-0.2258,-0.0434,-0.0077,-0.4854,0.0064,0.1858,-0.0076,0.0205,-0.1011,-0.0192,1.4404,-0.0438,0.0173,-0.041,-0.0049,0.998,0.0094,0.0255,-0.0089,0.0171,-0.0052,0.0056,-0.0096,0.0082,0.0252,-0.0242,-0.0132,0.0131,0.0206,-0.0238,-0.0208,0.0085,0.0084
2,5062,108,2,sitting,2.0,108.0,5062.0,2.0,108.0,0.0037,1.4356,-0.0105,0.023,-0.036,-0.0007,-0.0436,-0.9141,0.0632,-0.089,0.314,0.0963,0.1243,1.3386,-0.0764,0.1041,0.0508,0.1345,-0.1182,0.1725,0.1421,-0.1856,0.2326,0.167,0.1578,0.1505,0.1307,0.1006,0.2296,0.284,-0.2042,0.1127,-0.1011,0.2968,0.1946,0.2465,0.1191,3.388,-0.0806,0.0286,0.3439,-0.2773,-0.0262,-0.0051,0.5889,-0.0049,0.0067,-0.0155,-0.0203,1.5797,0.0077,-0.5935,0.0294,-0.0002,0.02,0.0271,0.0084,-0.01,0.0698,-0.6691,-0.0472,0.0,0.0047,0.0249,-0.2306,-0.2162,-0.0074,0.0222,0.0175,-0.0273,-0.2506,-0.0988,0.0001,-0.4485,0.0092,0.1772,-0.0054,0.0276,-0.1107,-0.0183,1.4505,-0.041,0.0193,-0.0431,0.0187,2.9499,0.0052,0.0169,0.0226,0.0042,-0.0185,-0.0179,0.001,0.0059,0.0045,-0.0081,-0.0234,0.0072,0.0255,-0.0195,0.0088,-0.0171,0.0085
3,5063,108,2,sitting,2.0,108.0,5063.0,2.0,108.0,0.0019,1.4562,-0.0122,0.026,-0.0439,-0.007,-0.0324,-0.9236,0.0575,-0.0637,0.4256,0.0503,2.1347,3.0957,-0.0794,0.0005,-0.1764,-0.1165,-0.1208,-0.1046,0.1872,0.2669,-0.2796,0.1536,0.0804,-0.1625,0.2342,0.1459,-0.2082,-0.3078,-0.3376,0.1018,0.4083,-0.1107,-0.2986,-0.4498,0.349,0.6358,0.1302,-0.2868,0.6691,0.3212,-0.001,0.0052,0.5321,-0.0043,0.0038,0.0148,0.0272,0.7749,-0.0092,-0.3579,-0.0195,-0.0205,0.01,0.02,0.0061,0.0055,-0.0087,0.1505,0.0408,0.0231,-0.0002,-0.1008,-0.2304,0.0774,-0.119,0.0941,-0.0051,0.0197,-0.2605,-0.2203,-0.0,-0.3708,0.0156,0.1124,-0.0054,0.0167,-0.0205,-0.0158,0.0884,-0.0193,0.0171,-0.0206,-0.0073,2.4502,0.0089,-0.008,-0.0088,-0.0248,0.0042,-0.0107,-0.0112,0.0235,-0.0085,-0.0228,0.0239,0.0266,-0.0252,-0.0099,-0.0088,-0.0088,-0.0117
4,5064,108,2,sitting,2.0,108.0,5064.0,2.0,108.0,0.0111,1.317,-0.0042,0.0213,-0.0005,-0.032,-0.0286,-1.1707,0.0514,-0.063,0.4277,0.047,0.0947,-0.9452,-0.0878,0.1246,0.0508,0.1557,0.1018,0.181,-0.2296,-0.2774,0.1658,0.2925,-0.1926,-0.1006,0.2394,0.2872,-0.1502,0.2443,0.0804,0.0063,-0.0231,0.01,-0.0228,-0.0059,0.0586,0.4437,-0.001,-0.0259,0.0066,0.1107,-0.0002,-0.0055,0.538,0.0048,0.0067,-0.0035,-0.0294,2.4965,-0.0254,-0.1304,0.0089,0.0205,0.0136,0.009,-0.0229,-0.0462,-0.0332,-0.3969,0.0168,0.0249,0.0079,0.0291,-0.2164,-0.1195,0.0248,0.0531,0.0235,0.0273,-0.2506,-0.0141,-0.0033,-0.3643,0.0032,0.1126,-0.0145,0.0173,-0.1085,-0.0054,1.4998,-0.041,0.0081,-0.0245,-0.0286,-0.7792,0.0038,0.006,-0.0075,0.02,-0.0252,-0.0034,0.0071,0.0236,-0.0182,-0.0091,0.0052,0.0209,-0.028,-0.0199,0.0095,0.0197,-0.0121
5,5065,108,2,sitting,2.0,108.0,5065.0,2.0,108.0,0.004,1.2783,-0.0108,0.0328,-0.0466,-0.023,-0.0624,-1.0515,0.0743,-0.0941,0.5863,0.1159,4.8131,-0.9238,0.1223,-0.1875,-0.318,-0.131,0.1756,0.207,-0.3347,-0.2692,0.1625,-0.1431,0.3499,-0.1949,0.2957,-0.0505,-0.0406,-0.0007,0.01,0.101,0.0806,0.0205,-0.001,-0.0002,-0.02,2.5586,0.0277,0.0195,0.0038,0.0142,-0.0022,-0.0037,0.4839,0.0001,-0.0046,-0.0032,-0.006,0.9621,0.0085,-0.4567,0.0069,-0.0077,-0.0079,-0.0259,0.0136,-0.0082,-0.0193,-0.4177,0.0135,0.0256,0.019,0.0568,-0.2012,-0.1107,0.0084,-0.0239,0.0201,0.0411,-0.1198,-0.0191,-0.0054,-0.4757,0.0087,0.1776,-0.0088,0.0226,-0.1027,-0.0189,1.448,-0.0273,0.0094,-0.0283,-0.0289,0.6481,0.0052,0.0262,0.0072,0.0197,-0.0073,0.0169,-0.0071,0.0078,-0.0161,-0.0206,0.0053,0.0174,-0.0235,-0.0131,-0.0198,0.0111,-0.0151
6,5066,108,2,sitting,2.0,108.0,5066.0,2.0,108.0,0.0033,0.9084,-0.0103,0.0518,-0.0417,-0.0003,-0.0726,-0.8482,0.066,-0.0213,0.3931,0.104,0.2786,1.6379,-0.1157,-0.1209,0.2072,-0.167,0.2297,0.2389,0.2443,0.2832,0.1446,0.3074,0.3491,0.4469,0.1555,0.0503,-0.1305,0.2548,-0.1507,0.3873,0.2968,0.1002,0.0407,-0.0598,0.1011,2.4763,-0.0471,-0.0442,-0.1124,0.1103,0.0065,0.01,0.4962,0.0067,0.0077,0.0001,-0.0266,1.5345,0.0286,0.0083,0.0289,-0.0002,0.0059,0.001,0.0294,-0.0231,-0.0383,-0.0451,0.0803,0.027,0.0257,0.1198,-0.1961,-0.3564,-0.02,0.0399,0.0236,0.0237,-0.2202,-0.0095,-0.2309,0.0036,0.0851,-0.0052,0.0207,-0.0075,0.0141,-0.0248,-0.019,0.7633,-0.0202,0.018,-0.0246,3.7854,0.0205,0.0233,-0.0094,-0.0079,0.0233,-0.0042,0.0071,0.0185,0.0092,-0.0156,-0.0096,0.0229,0.0181,-0.0184,-0.0188,0.0121,0.0158
7,5067,108,2,sitting,2.0,108.0,5067.0,2.0,108.0,0.0019,0.9061,-0.0103,0.0225,-0.001,0.0007,-0.0433,-0.3137,0.0246,-0.0585,0.2694,0.0059,0.0843,1.4357,0.0922,0.0723,-0.1061,0.1632,-0.177,0.1475,0.129,0.1378,0.1153,-0.1586,-0.0505,0.1836,0.0809,-0.1508,0.1196,0.1008,-0.2439,0.2897,0.0373,0.1109,-0.2052,0.1012,-0.2763,2.4437,-0.018,0.0002,0.2982,0.0266,-0.0,0.0134,0.5849,0.0035,-0.0042,-0.003,-0.02,0.7976,-0.0001,-0.0257,0.5581,-0.0231,-0.0265,0.0221,-0.0237,-0.0545,-0.0451,-0.2509,-0.01,-0.0164,0.0232,0.0557,-0.1992,0.0141,-0.0262,0.0248,0.0166,0.0056,-0.2605,-0.0547,0.0072,-0.5465,0.0092,0.2207,-0.0046,0.0204,-0.1126,-0.014,1.4408,-0.0469,0.0087,-0.0242,0.0051,0.7791,-0.0245,0.016,0.0062,0.0098,0.0074,-0.0068,0.0199,0.0096,0.0249,-0.0255,-0.0131,0.0189,0.0148,-0.0259,-0.0202,-0.0183,0.0095
8,5068,108,2,sitting,2.0,108.0,5068.0,2.0,108.0,0.0032,1.5173,-0.0116,0.0345,-0.056,0.0009,0.043,-0.8348,0.0798,-507.0,0.3122,0.0879,-0.091,0.8812,0.0696,0.001,-0.0215,0.0186,0.0111,0.0266,-0.0123,0.0062,0.0002,0.0024,-0.0143,0.0275,-0.0072,0.0328,-0.007,-0.0017,0.02,-0.0042,0.0294,0.0078,-0.01,-0.0135,0.0036,2.4648,-0.0063,0.0246,-0.0074,-0.0257,-0.0019,-0.0034,-0.0033,0.5325,0.0001,-0.0038,-0.0026,0.0055,0.1858,0.0129,-0.1348,-0.0122,0.0189,0.0157,-0.0069,-0.0229,-0.0238,0.0278,0.0161,0.0139,0.0166,0.0221,0.0154,-0.209,-0.0238,0.0221,0.0182,0.0205,0.0375,-0.1437,-0.0207,-0.0071,-0.2749,0.0056,0.1011,-0.0046,0.0205,-0.1003,-0.0192,1.4431,-0.0467,0.0047,-0.0277,-0.0191,0.6382,0.0076,0.0242,0.0233,-0.0259,0.0094,-0.008,-0.0095,0.0235,-0.0268,-0.0185,0.0265,0.0251,-0.0256,-0.0084,-0.0141,0.0073
9,5069,108,2,sitting,2.0,108.0,5069.0,2.0,108.0,0.0112,1.3375,-0.007,0.022,-0.0007,0.0328,-0.0416,-0.9639,0.0523,-0.0645,0.427,0.0764,2.6135,0.2983,0.0825,0.0962,0.1513,0.1835,0.109,0.1181,-0.1457,0.1748,-0.324,0.2277,0.3424,-0.0507,0.2638,0.1108,0.1949,0.3066,-0.1305,0.0289,0.0161,0.0001,-0.0002,-0.0159,0.0271,3.6087,0.1009,0.1011,-0.01,0.2753,-0.0809,-0.0245,0.5421,-0.0037,0.0168,0.0206,-0.0262,0.4763,-0.0239,0.0209,0.5591,-0.0042,-0.0194,-0.0231,0.0236,-0.0178,0.1508,-0.2303,0.3692,-0.0044,0.0184,0.001,-0.1193,-0.2502,0.0406,0.0232,0.0205,0.0235,-0.0598,-0.1332,-0.0588,-0.0071,-0.6574,0.0082,0.3017,-0.004,0.0247,-0.1016,-0.02,1.568,-0.0252,0.0199,-0.0238,0.0238,-0.9531,-0.0072,0.0257,0.0152,0.0233,-0.0086,0.0073,-0.0076,0.0241,-0.0151,-0.0167,0.0197,0.0143,-0.0253,-0.0158,-0.0089,0.0085
10,5070,108,2,sitting,2.0,108.0,5070.0,2.0,108.0,0.0117,1.3266,-0.0078,0.0345,-0.026,-0.0007,0.0425,-1.1346,0.0697,-0.0523,0.5908,0.0942,2.5015,-0.6011,-0.0741,-0.1182,0.1575,-0.2064,-0.1258,0.1437,0.1086,0.1954,-0.2433,-0.1634,-0.2213,0.1894,-0.2638,-0.2847,-0.3577,0.1009,-0.2953,0.1018,-0.0503,0.01,0.001,0.0002,0.0209,3.4277,-0.0258,0.0095,-0.0807,-0.1194,-0.0036,-0.0161,0.4868,-0.0065,-0.0043,0.0155,-0.0074,1.3066,0.0056,-0.2762,0.02,0.0,-0.0072,0.0163,-0.0221,0.0569,0.0067,-0.4485,-0.0099,0.0233,0.014,0.0192,-0.2607,-0.0071,0.048,0.0239,0.0193,0.0231,-0.1308,-0.027,0.0021,-0.3214,0.0057,0.108,-0.0089,0.0152,-0.0222,-0.0131,0.4973,-0.0083,0.0188,-0.0243,0.0179,4.7639,0.0096,0.0256,-0.0087,0.0289,0.0084,0.0091,0.0098,-0.0136,0.0151,-0.0041,-0.0122,0.0117,0.0143,-0.0119,0.0105,0.0112,-0.0111
11,5071,108,2,sitting,2.0,108.0,5071.0,2.0,108.0,-0.0045,1.4374,-0.0006,0.0131,-0.0325,-0.0411,-0.0213,-0.5816,0.0568,-0.0791,0.2656,0.0699,0.0922,0.9708,-0.0505,0.1096,-0.1548,0.0865,0.2327,0.2462,-0.182,0.1772,-0.2989,0.1475,0.1255,0.1952,0.2847,-0.3139,-0.357,-0.4074,0.3776,-0.0456,0.1507,0.1102,0.0143,-0.0157,0.3082,3.6634,0.3979,-0.3397,-0.8482,0.6078,-0.001,0.0002,0.368,-0.0085,-0.0063,-0.0077,0.0001,0.9873,0.0044,2.5981,-0.0286,0.02,0.0272,-0.0087,-0.0804,-0.0294,0.3842,-0.4953,0.1124,-0.0164,0.0193,-0.1008,-0.2308,0.2607,-0.1015,0.0,0.0161,0.1128,-0.1196,-0.1308,0.0256,-2.3991,-0.0141,1.4621,0.01,0.3451,-0.1111,-0.009,2.6986,-0.03,0.0195,-0.0466,-0.0094,-3.5467,0.0151,0.0083,0.0072,0.0253,0.0059,0.0242,-0.0032,0.0188,-0.0184,-0.0163,0.0149,0.0065,-0.0245,-0.0087,-0.0131,0.0082,-0.0122
12,5072,108,2,sitting,2.0,108.0,5072.0,2.0,108.0,-0.0112,1.367,-0.0045,0.0569,-0.0225,0.0009,-0.0433,-0.8122,0.034,-0.0624,0.3548,0.0898,0.3139,2.1547,-0.0713,0.093,-0.1758,0.271,-0.1856,0.1164,0.1651,-0.1462,-0.1944,0.2874,-0.2099,0.1194,0.2278,0.2985,-0.2386,0.0504,-0.1015,0.0408,0.02,-0.0037,-0.0066,-0.001,0.0065,3.3832,0.01,0.0039,-0.0188,0.0,-0.0002,-0.0067,0.5426,-0.0001,0.0043,-0.0063,0.0034,1.6337,-0.0041,-0.0289,0.016,-0.0182,0.0059,0.0042,-0.0091,0.0195,0.0275,-0.0803,-0.0231,0.0189,0.0183,0.0179,-0.2607,-0.0254,0.0254,0.0161,0.0238,0.1008,-0.1104,-0.0247,-0.0239,-4.9475,-0.0049,1.4407,0.0252,0.1302,-0.0096,-0.018,-1.4655,0.0192,0.0153,-0.0262,0.0077,-4.9068,0.0073,0.0255,0.0266,0.0065,0.0152,-0.0171,-0.0045,0.0057,0.0233,-0.0097,0.0256,0.0176,-0.0226,-0.0087,0.0131,0.0077,-0.0121
13,5073,108,2,sitting,2.0,108.0,5073.0,2.0,108.0,0.0016,0.5206,-0.0119,0.0437,-0.0003,-0.0224,0.067,-0.8383,0.0546,-0.0345,0.3689,0.0718,1.298,0.7185,-0.0002,-0.0172,0.1164,-0.0923,0.0825,0.1478,0.2049,-0.1558,0.1343,-0.1274,-0.1085,0.0503,0.0186,-0.01,0.0231,0.1006,-0.0001,0.0292,0.0035,0.0039,-0.0126,0.0239,0.0806,2.5548,0.0238,-0.02,0.1011,0.1732,-0.027,0.001,0.5467,-0.0038,-0.0068,-0.0044,0.0257,0.9589,-0.0238,-0.1304,-0.229,0.0202,0.0259,0.0165,-0.0262,0.0157,0.0355,-0.3398,0.0476,-0.0077,0.0266,0.0233,-0.2851,-0.1194,0.0431,-0.0034,0.0463,0.016,-0.1509,-0.1102,-0.0,-0.3041,0.0071,0.1001,-0.0082,0.0262,-0.1121,-0.0099,1.474,-0.04,0.0166,-0.0209,0.0156,-0.6975,0.0207,0.0092,0.0242,0.0079,0.0159,-0.0083,-0.0194,0.0096,0.0161,-0.0226,-0.0127,0.0188,0.0152,-0.0256,-0.0235,0.0084,0.0087
14,5074,108,2,sitting,2.0,108.0,5074.0,2.0,108.0,0.0047,1.3155,-0.0102,0.0797,-0.0344,0.0008,-0.0516,-1.2696,0.0632,-0.0461,0.4698,0.116,2.2469,0.5014,0.0933,0.1053,0.0843,-0.1245,0.1362,0.1542,0.1451,0.1759,-0.1852,-0.2982,0.2572,0.2035,0.234,-0.2757,-0.1941,-0.1017,-0.0803,-0.0507,0.2278,0.2868,-0.1509,-0.01,0.001,0.3099,0.02,-0.0039,0.0,0.0146,0.0002,-0.0121,0.489,-0.0038,0.0054,0.0156,-0.0055,0.619,-0.0075,-0.368,-0.0085,0.0064,0.0205,0.0195,-0.0037,0.037,0.0189,-0.1198,0.0067,0.0163,0.0034,0.0584,-0.1105,-0.0001,0.0231,0.0205,0.0202,0.0073,-0.1005,-0.0221,0.0077,-0.2504,0.0098,0.0983,-0.0088,0.0193,-0.0587,-0.0165,1.4406,-0.0431,0.0058,-0.0464,-0.0191,0.6679,0.0049,0.0171,0.0226,0.0094,0.0065,0.0186,0.0076,-0.0147,0.0181,-0.0209,-0.0059,0.0245,0.0113,-0.0234,-0.0077,0.0089,0.0096
15,5075,108,2,sitting,2.0,108.0,5075.0,2.0,108.0,-0.0038,0.9452,-0.0045,0.0136,-0.0224,-0.0005,0.0104,0.5811,-0.0329,-0.0246,-0.3149,-0.0543,-0.0619,1.257,0.0077,0.0056,0.0159,0.0131,0.0002,0.0141,-0.0017,0.0114,-0.0035,-0.0023,0.0149,0.0012,0.0287,0.006,-0.001,0.0283,0.0001,0.0295,0.0013,0.01,-0.0118,0.0044,0.0022,0.2709,-0.012,0.0063,-0.02,0.0742,-0.0506,-0.0126,0.4698,-0.0146,-0.0048,-0.0137,-0.089,1.4762,0.1039,0.1657,-0.1565,-0.0245,0.0803,0.1126,0.1107,0.112,-0.4096,-0.3067,-0.0078,0.0166,0.0169,0.0286,0.2208,-0.0253,-0.0221,0.0161,0.0245,0.0432,-0.1015,-0.0257,-0.0,-0.3385,0.0053,0.1306,-0.0086,0.0201,-0.1005,-0.0134,1.4296,-0.0464,0.0076,-0.0285,0.0079,-1.5499,0.0055,0.0072,-0.0255,0.0231,0.0252,-0.0197,-0.0068,0.0092,0.0187,-0.0191,0.018,0.0128,-0.0233,-0.0094,-0.0182,0.0098,0.0093
16,5076,108,2,sitting,2.0,108.0,5076.0,2.0,108.0,0.0038,1.3236,-0.0112,0.056,-0.0164,0.0007,-0.0417,-0.9346,0.071,-0.069,0.4254,0.0865,-1.2062,0.6358,-0.037,0.028,0.0002,0.0257,0.0001,0.0206,-0.0,-0.0202,0.0505,-0.0946,0.0111,0.0024,0.01,0.0235,-0.014,-0.0032,0.0125,-0.0013,0.0284,0.0034,0.001,-0.0123,0.0014,2.3769,-0.0044,0.0204,-0.0136,0.1886,0.0149,-0.0047,0.3316,0.0055,0.0029,0.0042,0.02,0.6851,0.0205,0.1566,0.0078,0.0286,-0.0203,0.0096,0.2788,0.2267,0.2685,0.3057,0.0594,0.0231,0.0302,0.0237,0.0145,-0.1954,-0.0252,0.0172,0.0253,0.0228,0.1008,-0.1105,0.0232,0.0092,-0.5399,0.0075,0.1859,-0.0063,0.0256,-0.1126,-0.0135,1.4405,-0.0431,0.0148,-0.0242,-0.0081,-0.2898,0.0077,0.0197,-0.0141,0.0139,0.0238,-0.0161,-0.0083,0.0071,0.0241,-0.0248,-0.0084,0.0195,0.0174,-0.0058,-0.0143,0.0089
17,5077,108,2,sitting,2.0,108.0,5077.0,2.0,108.0,0.0105,1.3366,-0.0042,0.0812,-0.0213,0.0423,-0.0639,-1.1489,0.0746,-0.0325,0.4819,0.0962,2.979,-0.9836,-0.1181,0.0506,-0.2784,0.1575,-0.314,-0.172,-0.1695,0.4189,-0.5141,0.3057,-0.2986,-0.1856,0.1096,0.2443,0.3569,-0.268,-0.0008,0.1307,-0.1198,-0.2225,0.0804,0.0289,-0.289,-0.3868,-0.3783,0.3482,-0.1017,-0.4479,0.1002,-0.01,0.584,-0.001,0.0247,-0.02,-0.0209,0.6564,0.0078,3.6788,-0.0072,0.0,0.0002,0.0161,0.0001,0.0421,-0.4973,-0.9952,0.547,-0.1129,0.6091,4.3212,-0.4574,-0.9747,-0.5976,0.1102,-0.2508,-0.2605,-0.538,0.3019,0.3009,-0.0087,-0.3704,0.0071,0.2012,-0.0074,0.0227,-0.1063,-0.0192,1.5585,-0.0413,0.0169,-0.0434,-0.0239,0.4805,-0.0041,0.0049,0.005,0.0031,-0.0072,0.0042,0.0151,-0.0255,-0.0194,0.0202,0.0172,-0.0109,-0.0235,-0.0109,0.0093,-0.0086
18,5078,108,2,sitting,2.0,108.0,5078.0,2.0,108.0,0.0018,0.5307,-0.0115,0.028,-0.0009,0.0002,-0.0432,-0.4237,0.0544,-0.0325,0.2484,0.0788,-1.2637,1.1475,-0.0885,0.069,0.134,0.0962,0.1245,-0.1153,0.1623,0.2297,0.1065,0.2833,0.1758,0.2071,0.0803,0.1006,0.0503,0.1947,0.1127,0.1198,0.01,-0.1013,-0.001,-0.0221,-0.0209,2.2774,-0.0231,0.1103,0.0332,-0.0458,0.0067,-0.0055,0.2957,0.0049,0.0059,-0.0034,0.0039,0.7731,0.0259,-0.02,0.0202,-0.0239,-0.0172,0.0143,-0.0257,-0.0239,0.0096,0.0254,0.0182,0.0233,0.0245,0.0001,-0.2164,-0.2205,0.0232,0.0556,0.0235,0.056,-0.1373,0.0436,-0.0589,-0.0064,-0.3586,0.0081,0.1504,-0.0191,0.0206,-0.1092,-0.0161,1.4405,-0.047,0.0066,-0.0427,0.0041,0.8738,-0.0083,-0.0142,-0.013,0.0253,-0.0046,-0.0199,0.0068,0.0076,-0.0251,-0.0205,0.0226,0.0247,-0.0321,-0.0151,0.0048,-0.0163
19,5079,108,2,sitting,2.0,108.0,5079.0,2.0,108.0,0.0017,1.327,-0.0123,0.0542,-0.0009,-0.037,-0.0219,-0.7731,0.063,-0.0412,0.2757,0.0961,0.079,0.7233,-0.0065,-0.001,-0.0206,0.0829,0.1184,0.1418,0.1374,0.226,0.1598,0.1099,0.2035,0.1108,0.1659,0.0807,0.1122,0.1014,0.0509,0.0594,0.0002,0.0221,-0.0172,0.0001,0.004,2.2634,0.0286,0.01,-0.0151,0.1005,-0.0238,0.0037,0.0036,0.4868,0.0024,0.0028,-0.0132,-0.0277,1.6697,-0.0245,0.2521,0.0,-0.0164,0.0063,0.0149,-0.0146,-0.0096,0.1191,-0.0404,0.0266,0.02,0.0237,0.0248,-0.2171,-0.0085,0.0249,0.0169,0.0228,0.0253,-0.1306,-0.0155,-0.0139,-0.3373,0.0167,0.1508,-0.0089,0.0209,-0.1024,-0.0181,1.4406,-0.0413,0.0241,-0.0257,0.0187,-0.7592,0.0056,0.0147,0.0207,-0.0138,0.0086,0.0144,-0.0143,-0.0195,0.0205,-0.0244,-0.0041,0.0247,-0.0145,-0.0054,-0.008,0.0058
20,5080,108,2,sitting,2.0,108.0,5080.0,2.0,108.0,-0.0014,1.3764,-0.0123,0.042,-0.025,-0.033,-0.0007,-1.1205,0.0699,-0.0335,0.5014,0.0791,0.0872,-0.959,0.0925,0.1096,0.1165,0.139,-0.1953,-0.2482,0.1856,0.2274,-0.1558,0.1651,0.0803,0.1766,0.0506,0.1008,-0.1105,-0.2886,-0.0441,0.1194,0.1308,-0.0188,0.0277,0.0455,0.0231,0.5533,-0.0036,-0.0258,-0.2684,-0.0002,-0.0148,-0.0046,0.5734,0.001,-0.0063,-0.0069,-0.0059,0.9749,-0.0222,-0.387,-0.0143,0.0206,-0.0061,-0.0145,0.004,0.0189,0.1018,0.2785,-0.0,0.0142,0.0187,0.0539,-0.3571,-0.039,0.0947,0.0581,0.0594,-0.0173,-0.2952,0.006,-0.0001,-0.3752,0.0154,0.1398,-0.0067,0.0162,-0.1027,-0.0141,1.4476,-0.0257,0.0286,-0.0302,0.0092,-0.4409,0.0175,0.0131,-0.0083,0.0252,-0.0143,-0.0062,-0.0178,0.0047,-0.0229,-0.0177,0.0021,0.0253,-0.02,-0.0113,0.0132,-0.0068,-0.0093
21,5081,108,2,sitting,2.0,108.0,5081.0,2.0,108.0,0.0044,1.4371,-0.0111,0.057,-0.023,-0.0324,-0.0191,-0.7718,0.0469,-0.0794,0.2784,0.0906,0.0508,0.9798,-0.0008,-0.0042,0.0002,-0.0108,0.0228,0.0233,0.0113,-0.0161,-0.0001,-0.01,0.0063,0.0023,0.0295,0.0041,-0.0126,0.02,-0.0022,0.0296,0.0037,0.001,-0.0138,0.0034,0.0221,0.1214,0.1586,0.0,0.0045,-0.1075,-0.0068,-0.0116,0.3389,0.0055,-0.0062,-0.0066,0.0057,2.5491,-0.0271,0.0204,-0.0202,-0.0065,-0.0226,0.0286,-0.0132,0.0238,-0.0196,0.1017,-0.0332,0.0036,0.0119,0.0249,0.1306,-0.209,-0.0252,0.0207,0.0266,0.006,-0.178,-0.0543,0.0231,-0.0052,-0.2987,0.0088,0.1003,-0.0067,0.0195,-0.0806,-0.0147,1.5882,-0.0439,0.0035,-0.0206,0.0259,0.974,-0.0064,0.0174,-0.0056,-0.0146,-0.0071,-0.0025,0.0059,-0.0148,-0.0172,0.0149,0.0243,-0.0246,-0.0085,-0.0154,0.0073,-0.0151
22,5082,108,2,sitting,2.0,108.0,5082.0,2.0,108.0,0.0015,0.8253,-0.0102,0.037,-0.0166,0.0005,-0.0569,-0.7169,0.0467,-0.063,0.4342,0.0718,-0.1165,1.2345,-0.0164,0.0046,-0.0002,0.001,0.01,0.0221,-0.0125,-0.0047,-0.0074,-0.0001,0.0088,-0.0109,0.0322,0.0168,-0.0124,0.0017,-0.0041,0.0298,0.011,0.0013,-0.0128,-0.0043,0.0266,2.1495,-0.0812,0.0206,-0.2659,0.1663,-0.0133,-0.0035,0.534,0.0037,-0.0,0.0049,0.0158,0.9458,-0.0032,-0.1938,-0.0134,0.0196,0.0286,-0.0077,0.008,0.0042,0.0036,-0.2978,-0.02,0.024,0.0245,0.0506,-0.2062,-0.0223,0.0055,0.0187,0.0235,0.0248,-0.0803,-0.0209,-0.0027,-0.4881,0.0072,0.1851,-0.0075,0.0228,-0.1011,-0.0144,1.4404,-0.0421,0.006,-0.0205,-0.0161,0.9871,0.0052,0.0186,-0.0191,0.0176,-0.0057,-0.0183,-0.0185,0.0247,-0.0234,-0.0094,0.0256,0.0249,-0.0268,-0.0154,0.0173,-0.0131,-0.0097
23,5083,108,2,sitting,2.0,108.0,5083.0,2.0,108.0,0.004,1.5902,-0.0136,0.0561,-0.0247,0.0231,-0.0639,-0.4356,0.0765,-0.033,0.3511,0.0874,0.2541,2.5396,-0.0006,0.0467,-0.0947,0.1572,0.2475,0.1369,0.1085,-0.1749,0.1446,-0.1256,0.1634,0.2742,0.2071,0.3232,-0.267,0.2862,0.2278,0.1952,0.189,0.2982,0.2344,0.0806,0.1009,3.8695,0.0507,0.0493,-0.1011,0.4858,0.01,-0.0038,0.5421,-0.001,-0.0037,-0.0068,0.0143,0.8973,-0.0133,0.0077,-0.1307,-0.0094,0.0001,0.0262,-0.0084,-0.0086,0.1129,0.0096,0.0266,0.0238,0.02,0.0237,0.1198,-0.2258,-0.0151,0.0099,0.0157,0.0286,-0.1109,-0.008,-0.0066,-0.3753,0.0088,0.2017,-0.0031,0.0222,-0.1092,-0.0155,1.4581,-0.046,0.0063,0.0252,-0.0276,4.8764,-0.0266,0.0233,0.0153,0.0063,0.0032,-0.0079,-0.0098,-0.0235,0.0249,-0.0273,-0.0085,0.0195,0.0229,-0.0246,-0.0131,0.0191,0.0076
24,5084,108,2,sitting,2.0,108.0,5084.0,2.0,108.0,0.0013,1.327,-0.0108,0.0322,-0.0464,0.025,0.0003,2.1279,-0.0585,-0.0716,-1.159,-0.0947,3.3927,4.8776,0.1186,-0.062,-0.2823,-0.1856,0.2542,-0.1958,0.1436,0.1066,0.1014,0.2972,-0.3069,-0.1775,-0.0807,0.3389,-0.2659,-0.1109,-0.0505,-0.01,-0.0146,0.0162,-0.001,-0.0095,-0.0002,0.4568,-0.0043,0.0035,-0.0034,0.0155,-0.0063,0.004,0.4861,0.0051,0.0001,-0.0032,-0.0206,1.6397,0.0266,0.3782,0.0074,0.0188,-0.02,-0.016,0.0065,0.0257,0.2494,-0.388,0.0262,0.0081,0.0153,0.0344,-0.2119,-0.0332,0.0583,-0.0167,0.0157,0.0149,-0.0394,-0.1306,-0.0031,-0.4503,0.0071,0.1002,-0.0099,0.0193,-0.1122,-0.0196,1.4407,-0.0426,0.0098,-0.0415,0.0078,-0.4807,0.0192,0.0052,-0.0091,0.0204,-0.0077,0.0097,-0.0073,0.0187,-0.0043,-0.0111,0.017,0.0142,-0.0242,-0.0112,0.0074,0.0041,-0.0154
25,5085,108,2,sitting,2.0,108.0,5085.0,2.0,108.0,0.0132,0.9583,-0.008,0.0225,-0.0003,-0.0136,0.032,0.5905,-0.0415,-0.0072,-0.4369,-0.0697,0.0962,1.5373,-0.0066,0.016,-0.0002,0.0001,0.0175,0.0111,-0.0056,-0.0142,-0.0041,-0.0228,0.0229,0.0074,0.0329,0.0143,-0.0095,0.0186,-0.0035,0.0283,0.0023,0.001,-0.014,0.0018,0.079,2.4819,-0.0879,-0.121,-0.1344,-0.1439,-0.0,-0.01,0.3388,0.0016,-0.0017,0.0038,-0.0155,1.7406,-0.0231,0.2483,0.0069,0.0045,-0.0078,0.0236,0.0077,-0.0161,-0.1108,-0.0508,0.0294,0.013,0.0237,0.1011,-0.2234,-0.0221,0.0248,0.0047,0.0247,0.0233,-0.1196,-0.0463,0.0154,-0.2651,0.0065,0.1009,-0.007,0.0191,-0.0857,-0.0121,1.4631,-0.0437,0.0058,-0.0239,-0.0068,-0.499,0.0049,0.0173,0.0081,0.0164,-0.0187,-0.0076,-0.0028,0.02,-0.0198,-0.0067,0.0152,0.0184,-0.0325,-0.0099,-0.0066,0.0093,-0.0127
26,5086,108,2,sitting,2.0,108.0,5086.0,2.0,108.0,0.0016,0.7391,-0.0112,0.0475,-0.0002,-0.022,-0.0314,-0.9795,0.0547,-0.063,0.3679,0.0763,1.4356,0.6397,-0.0009,0.0172,-0.0503,0.0042,0.0973,0.1323,0.1548,-0.1181,-0.1733,0.0877,0.2274,0.1065,0.0803,0.2438,0.0373,0.2759,0.1852,-0.1018,0.0161,0.0143,-0.001,0.0,-0.0185,3.4597,-0.008,-0.0119,-0.0096,0.2631,0.0528,0.0046,0.5399,-0.0069,0.0025,0.01,-0.0037,2.5566,-0.02,-0.447,0.0589,-0.0168,-0.0067,-0.036,0.0238,0.0237,0.0291,0.2958,-0.0253,0.0541,0.0231,0.0286,-0.2505,-0.1109,-0.0139,0.0332,0.0245,0.0321,-0.1506,-0.0443,-0.0277,-2.5793,0.0034,1.4991,-0.0271,0.4071,-0.1005,0.3583,-1.6462,-0.079,0.0266,-0.0194,0.2804,-0.1191,0.0262,-0.0078,-0.0239,-0.0001,0.0156,-0.0049,-0.0054,-0.0088,0.0268,-0.0255,-0.0059,0.0187,0.0226,-0.0205,-0.0207,0.0098,0.0019
27,5087,108,2,sitting,2.0,108.0,5087.0,2.0,108.0,-0.0047,0.7382,-0.0067,0.0172,-0.0133,-0.032,0.0003,0.5017,-0.0411,-0.0215,-0.2695,-0.0516,-0.0639,1.4423,0.0168,0.0077,-0.0238,0.0185,0.0146,0.01,0.001,0.0042,-0.0036,-0.0056,0.0119,0.0017,0.0278,0.0031,-0.0002,0.011,0.0001,0.02,0.0287,0.0027,-0.0132,0.0057,0.0797,2.094,-0.0849,0.1228,-0.1318,-0.4646,-0.1429,-0.0034,0.5838,-0.0059,-0.0151,-0.0062,-0.0509,3.8986,0.0238,0.6012,-0.0206,-0.018,-0.1104,-0.0189,0.0169,0.0196,-0.1505,-0.2581,-0.0233,0.0154,0.0099,0.1011,-0.2482,-0.0209,0.0232,0.0145,0.0205,0.0806,-0.2275,-0.0239,0.0221,-0.3591,0.0078,0.1006,-0.0065,0.0186,-0.1129,-0.0155,1.4437,-0.043,0.0048,-0.0291,0.0071,-0.3453,0.0063,0.0079,-0.0098,-0.0084,0.0188,-0.0242,-0.019,0.0092,-0.0229,-0.0141,0.0208,0.0226,-0.0231,-0.0194,0.006,0.0043,-0.0121
28,5088,108,2,sitting,2.0,108.0,5088.0,2.0,108.0,-0.0136,1.4546,-0.0069,0.0426,-0.028,0.032,-0.0541,-0.9764,0.089,-0.0699,0.3232,0.1062,2.1542,-1.1463,0.0953,-0.1257,0.0774,0.1747,-0.134,-0.2984,-0.2472,0.1154,-0.4141,0.2337,0.2789,0.2521,0.1835,0.1961,0.2233,0.0509,0.0044,0.0292,0.0008,0.0159,0.0158,0.0078,0.0809,0.5648,0.1122,0.1307,0.1649,0.2843,0.1106,-0.0066,0.3483,-0.001,-0.0081,0.0148,-0.0001,0.9465,0.0207,-0.3967,0.01,-0.02,0.0249,0.0179,-0.0002,-0.0221,0.1014,-0.3868,0.326,0.3093,-0.1005,-0.2207,-0.2167,-0.1195,0.1504,0.0404,0.0247,0.0751,-0.2803,-0.0485,0.0055,-0.5675,-0.0092,0.3002,-0.0077,0.0205,-0.1396,-0.0131,1.4508,-0.0276,0.0195,-0.0373,0.0051,-0.3017,0.0076,0.007,-0.0052,-0.0239,0.0253,-0.0063,-0.0072,0.0082,0.0188,-0.0236,-0.0095,0.0187,0.0185,-0.0228,-0.0071,0.0098,-0.0119
29,5089,108,2,sitting,2.0,108.0,5089.0,2.0,108.0,0.0013,0.7737,-0.0115,0.0433,-0.0005,0.0191,-0.0329,-0.441,0.0566,-0.064,0.1611,0.0788,-1.2275,1.088,-0.0946,0.0225,0.0387,0.1234,0.1455,0.2056,-0.1951,0.237,-0.1854,-0.1742,-0.2762,0.3059,0.3113,0.2638,0.4254,0.3578,0.4969,0.0451,-0.0505,-0.1017,-0.0806,-0.2457,-0.4598,2.9604,0.1198,0.0447,0.3697,-0.3941,-0.0,-0.01,0.4767,0.0064,-0.001,-0.0001,-0.0092,0.5886,-0.0002,0.289,-0.0073,-0.0131,0.0194,0.02,0.0032,0.006,0.0238,-0.1507,0.1103,-0.0163,0.0181,0.0238,-0.2508,-0.1004,0.0065,0.0233,0.0325,0.0182,-0.2162,-0.2209,0.0068,-0.3002,0.0121,0.1306,-0.0176,0.0143,-0.0885,-0.0053,1.4805,-0.0499,0.0196,-0.0239,-0.0074,0.9327,-0.0048,0.0152,0.0229,0.0066,0.0245,0.0065,0.0083,0.0266,-0.0252,-0.0231,0.0184,0.0209,0.0187,-0.0161,-0.0072,-0.0119,0.0109
30,5090,108,2,sitting,2.0,108.0,5090.0,2.0,108.0,0.0016,1.3266,-0.0125,0.0411,-0.0326,0.0162,-0.0536,-0.9665,0.068,-0.0986,0.4254,0.0717,2.2969,0.7788,-0.0874,-0.1523,0.1099,-0.1398,0.1489,0.0507,0.026,-0.1231,-0.0005,-0.2827,0.2233,0.1835,0.1943,0.2047,0.2463,-0.3046,0.0809,0.112,-0.0231,0.0228,-0.001,-0.01,-0.1124,3.4042,0.0257,0.0356,0.1106,-0.0277,-0.0072,0.0002,0.5849,0.0032,-0.0001,-0.007,0.0057,1.5567,-0.0044,-0.4879,0.0087,-0.02,0.0138,0.0159,-0.0034,-0.0238,0.0465,-0.3954,-0.0566,0.027,0.0097,0.0573,-0.1002,0.0254,0.1018,-0.0247,0.0592,0.0466,-0.1508,-0.0332,0.0,-0.5345,0.0076,0.2603,-0.0083,0.0201,-0.1016,-0.0161,1.5637,-0.0475,0.0195,-0.0357,0.0078,-0.4702,0.0084,0.0096,-0.0193,0.0152,0.0068,-0.0181,-0.0094,0.0064,0.0236,-0.0082,-0.0191,0.0121,0.0249,-0.0239,-0.0112,0.0085,0.0072
31,5091,108,2,sitting,2.0,108.0,5091.0,2.0,108.0,0.0014,0.6936,-0.0106,0.022,-0.0006,-0.0002,0.0411,0.9665,-0.0523,-0.037,-0.271,-0.0797,1.1725,1.4349,-0.0915,0.0239,-0.1858,0.0503,0.0865,0.134,0.0332,-0.1621,0.126,0.2449,-0.2874,-0.1952,-0.0807,0.3526,-0.3095,-0.2263,0.1198,0.1005,0.001,-0.01,-0.02,0.027,0.0257,2.3788,-0.0209,0.1109,0.2954,0.4438,-0.0259,-0.0001,0.4794,-0.0201,-0.0042,-0.0043,-0.0048,1.5764,-0.0168,-0.3375,0.1011,-0.0077,-0.0166,0.0,-0.0141,-0.0236,-0.0146,0.2606,0.3984,0.0228,0.0078,0.0277,-0.3431,-0.2167,0.1509,0.0089,0.0221,0.0231,-0.1126,-0.0162,-0.0302,-2.4572,-0.009,1.5002,-0.0209,0.2259,-0.0156,-0.0242,-3.5593,0.0081,0.0257,-0.0327,0.0083,4.9879,0.0082,0.008,-0.0061,0.0132,-0.0167,0.0059,-0.0071,0.0151,-0.0252,-0.0086,0.0092,0.0235,-0.0185,-0.0266,-0.0265,0.0196,-0.0173
32,5092,108,2,sitting,2.0,108.0,5092.0,2.0,108.0,0.0111,1.3266,-0.0069,0.021,-0.0005,0.0002,-0.036,-0.9727,0.0468,-0.0585,0.4464,0.062,2.619,3.4548,0.093,0.0865,-0.1422,0.139,0.0718,0.1255,0.1517,0.2439,0.167,0.0509,0.0803,0.2986,-0.2558,-0.384,-0.2332,0.1504,0.2695,-0.01,0.02,0.1107,0.1937,-0.0001,-0.0231,0.3347,0.1191,0.1018,-0.0035,-0.1004,0.2898,-0.0259,0.001,0.5761,0.0209,-0.0036,-0.0075,0.0189,1.4954,0.0583,-0.3467,-0.0294,0.0172,0.0362,-0.2208,0.1124,0.5982,-1.7781,-0.2605,0.1305,-0.0277,0.0174,0.9979,-0.468,0.6688,0.0394,0.0594,0.2258,0.6321,0.4213,0.0434,-0.0056,-0.4315,0.0052,0.1296,-0.0071,0.0191,-0.0084,-0.0141,-0.3019,0.0131,0.0252,-0.0235,0.0173,0.7893,0.0087,-0.0051,0.0228,-0.0146,0.0045,0.0059,0.0076,0.0049,-0.0286,0.0053,0.024,0.0249,-0.0229,-0.0113,0.0074,-0.0107
33,5093,108,2,sitting,2.0,108.0,5093.0,2.0,108.0,0.0112,1.5347,-0.0037,0.021,-0.0233,-0.0325,-0.0007,-0.8343,0.0436,-0.0518,0.4369,0.0915,2.3277,-1.1182,0.062,0.0146,-0.1329,-0.0867,-0.0791,0.167,0.1742,0.1926,0.1486,-0.2277,0.0803,0.0409,0.1129,0.0504,-0.2432,0.1018,0.0165,0.0373,0.0163,0.0157,0.0204,0.0088,-0.309,0.2784,0.1306,0.2362,-0.2874,0.4972,-0.0266,0.0069,0.3347,-0.001,-0.0059,-0.0031,-0.02,1.3948,-0.01,-0.3587,0.0002,-0.1002,-0.0239,-0.0394,0.1191,-0.3475,0.4578,-0.4344,-0.1102,0.0286,0.0265,0.2163,-0.3879,-0.0404,0.0231,0.008,0.0068,0.0222,-0.1508,-0.0245,-0.0001,-0.5541,0.006,0.2202,-0.0089,0.0207,-0.1083,-0.0181,1.4403,-0.0464,0.0096,-0.0262,-0.0073,0.8521,-0.0056,0.0151,0.0236,0.0153,0.0066,0.0066,-0.0095,0.0094,-0.0248,-0.0249,0.0058,0.0071,-0.0399,-0.014,-0.0176,0.0106,-0.0192
34,5094,108,2,sitting,2.0,108.0,5094.0,2.0,108.0,0.0016,1.3177,-0.0125,0.0219,-0.0006,-0.0303,-0.0344,-0.9868,0.0513,-0.0467,0.3937,0.0797,-1.4223,0.799,-0.0505,0.0002,-0.0106,0.0235,0.001,0.0151,0.0038,0.004,0.0024,-0.0066,0.0109,-0.0011,0.0297,-0.0035,-0.0017,0.0257,-0.0001,0.0292,0.01,0.02,-0.0132,0.0047,0.0156,3.5818,-0.0075,-0.0163,0.0872,0.1031,-0.0123,0.0014,0.4846,0.0026,-0.0029,0.0015,0.0203,2.3686,0.0294,0.1245,-0.0804,0.0291,0.0027,0.2062,0.226,0.2885,0.839,4.649,-0.1109,0.0302,0.018,0.0273,-0.1127,-0.119,-0.0049,0.0252,0.024,0.007,-0.0276,-0.1288,-0.0232,0.0069,-0.573,0.0065,0.3011,-0.0083,0.0206,-0.1018,-0.0191,1.5971,-0.0204,0.0096,-0.0363,0.0155,0.7633,0.0079,0.0189,0.0043,-0.0082,0.0054,-0.0074,0.0099,0.0229,-0.0134,-0.0121,0.0052,0.0242,-0.0205,-0.0178,0.0192,0.0141
35,5095,108,2,sitting,2.0,108.0,5095.0,2.0,108.0,0.0067,1.2656,-0.0119,0.0464,-0.0006,0.037,0.059,-0.9355,0.086,-0.064,0.4151,0.1209,2.5648,0.4424,-0.023,0.0286,0.1173,-0.0794,0.1398,0.1084,0.1572,0.1634,0.1474,-0.0505,0.1108,-0.1003,0.2062,-0.2396,-0.1789,0.2263,0.2733,0.0231,-0.0001,0.0249,-0.001,0.0257,-0.0188,3.1842,-0.0209,0.0294,0.1017,-0.2581,-0.0036,0.0045,0.4837,0.0049,0.0043,-0.0082,-0.01,1.5841,0.0294,0.3947,0.0057,0.0002,-0.0259,0.0272,0.0356,0.0059,-0.0369,0.0806,0.1305,-0.0086,0.0231,0.0169,0.1122,-0.2259,0.0254,0.0132,0.0066,0.0239,-0.0946,-0.0383,-0.0,-0.2985,0.0065,0.108,-0.0035,0.0206,-0.0191,-0.0071,-0.3114,0.0178,0.0242,-0.0179,0.0131,-1.3852,0.0192,0.0235,0.0247,0.0197,-0.0177,0.0233,-0.0076,-0.0061,0.0252,-0.0245,-0.0154,0.0083,0.0051,-0.0226,-0.0168,0.009,0.0087
36,5096,108,2,sitting,2.0,108.0,5096.0,2.0,108.0,0.0107,1.5379,-0.0069,0.031,-0.0432,-0.0008,-0.0219,-0.414,0.0518,-0.063,0.2668,0.0941,2.1142,0.9604,-0.0259,0.0001,-0.0286,0.0002,-0.082,0.1294,-0.1463,-0.1547,0.1349,0.2271,0.1639,-0.2328,0.2425,-0.1748,0.1503,0.2943,0.1016,0.0804,0.0503,0.0245,-0.0174,0.0036,0.0077,3.4076,0.0073,-0.001,-0.0257,0.1122,-0.0,-0.0153,0.5433,-0.0037,-0.0059,-0.0066,0.0055,1.4467,-0.0138,0.3562,0.0056,0.0079,0.0231,-0.01,0.0205,-0.0188,0.0186,-0.2785,-0.006,0.0189,0.0187,0.0221,-0.215,-0.027,-0.0561,0.0093,0.0231,0.0248,-0.1191,-0.0277,-0.0034,-0.4598,0.0072,0.247,-0.0078,0.0236,-0.1107,-0.019,1.4405,-0.0417,0.0192,-0.0238,0.0031,-0.6564,0.0237,0.018,0.0253,0.0235,-0.0183,0.0097,-0.0095,0.0084,0.0199,-0.0244,0.0181,0.0182,-0.0266,-0.0242,-0.0158,0.0087,-0.0112
37,5097,108,2,sitting,2.0,108.0,5097.0,2.0,108.0,0.0109,1.5491,-0.0068,0.047,-0.0164,0.034,-0.0561,-0.6348,0.0331,-0.0694,0.4665,0.0774,2.1365,0.9443,-0.0166,-0.0007,-0.026,0.0508,0.1082,0.0873,0.1423,0.1557,-0.182,0.1658,0.1153,0.1259,0.0807,0.0373,-0.1129,-0.1772,0.1931,0.2655,0.0407,0.228,0.2846,-0.2585,-0.1191,3.3679,0.1003,0.1304,0.2445,0.2737,-0.0002,-0.001,0.3396,0.0001,-0.0038,0.0032,-0.0222,1.4967,0.02,0.4477,0.01,-0.0286,0.0588,0.1017,0.3043,0.4834,0.4739,0.3598,0.2986,0.2205,-0.0271,-0.0475,-0.1104,0.2602,-0.0092,0.0332,0.0257,-0.0093,0.0576,-0.0563,0.0052,-0.5469,-0.0078,0.3019,-0.019,0.0209,-0.1271,-0.0151,2.4991,-0.0254,0.0181,-0.0464,0.0062,-0.9518,0.0084,0.0235,0.0063,-0.0248,0.0208,-0.0228,-0.0266,0.0089,0.0236,-0.041,-0.0205,-0.0237,0.0142,-0.0206,-0.0079,-0.0056,0.0099
38,5098,108,2,sitting,2.0,108.0,5098.0,2.0,108.0,0.0047,1.5474,-0.0146,0.0214,-0.0006,0.0042,-0.0344,-0.9231,0.0433,-0.0577,0.4696,0.0796,0.069,0.9975,-0.006,-0.0131,-0.0032,0.0157,0.0249,0.0172,-0.0013,0.0059,-0.0024,-0.0025,0.0026,0.0011,0.0298,0.0043,-0.0002,0.011,0.01,0.0287,0.001,0.0066,-0.0135,0.004,0.0318,0.2983,0.0259,-0.0141,0.0245,-0.0116,-0.0117,0.0037,0.5836,0.0001,0.0015,-0.0019,0.0121,0.8191,-0.0248,-0.0087,0.1294,-0.0085,-0.0168,0.0971,-0.0286,0.0023,0.0874,0.0504,-0.0469,0.0239,0.0164,0.0237,0.227,-0.0257,0.0063,0.013,0.0228,0.0262,-0.1121,-0.0266,-0.0049,-0.2028,0.0079,0.0976,-0.0051,0.0167,-0.1003,-0.0188,1.5578,-0.0434,0.0207,-0.0276,0.0192,-0.7177,0.0182,0.0226,0.0038,0.0233,-0.0045,0.0162,0.0095,0.0091,0.0206,-0.0189,-0.0139,0.0061,0.0181,-0.0209,-0.008,0.0073,0.0153
39,5099,108,2,sitting,2.0,108.0,5099.0,2.0,108.0,0.0018,1.3236,-0.0103,0.0423,-0.0525,0.023,-0.0664,-1.2697,0.0866,-0.0917,0.4792,0.077,2.614,-0.7018,-0.1156,0.1043,0.1361,0.1462,-0.168,-0.2048,-0.2281,0.2419,-0.2833,0.369,0.1577,0.1245,0.0508,0.0005,-0.0131,0.0804,-0.01,0.0289,0.006,-0.0155,-0.001,0.0231,0.0259,0.9644,0.0141,0.0001,0.2768,3.6588,-0.1002,-0.0186,0.5429,0.0067,0.0035,-0.0038,0.0039,0.8957,-0.0046,-0.3732,-0.0,0.0182,0.0085,-0.02,0.1012,0.0463,-0.0277,-0.2167,-0.0002,0.0231,0.0074,0.0179,0.1307,-0.2252,-0.0221,0.0587,0.0468,0.0273,-0.1127,-0.0178,-0.0044,-0.4095,0.0059,0.1852,-0.0153,0.0222,-0.1105,-0.0171,1.4506,-0.0434,0.0075,-0.0373,-0.0083,0.9873,-0.0169,-0.0076,-0.0172,-0.0091,0.0194,-0.006,-0.0149,0.0065,0.0235,-0.0268,-0.0193,0.0196,0.0205,-0.0086,-0.0142,0.0088,-0.0158
40,5100,108,2,sitting,2.0,108.0,5100.0,2.0,108.0,0.0012,1.4389,-0.0113,0.0219,-0.0345,0.0003,-0.0415,-1.271,0.0542,-0.063,0.4425,0.0774,2.087,0.7838,0.0507,0.0158,0.01,-0.0962,-0.1147,-0.1475,0.2328,0.172,-0.1835,0.2469,-0.228,0.1654,0.2698,0.3686,-0.374,0.2976,-0.0803,0.0033,0.0002,-0.0068,-0.0163,0.0034,0.0001,0.3955,0.0041,0.001,-0.0066,0.0195,0.0065,0.0049,0.5364,-0.0067,0.0061,-0.005,0.02,0.6163,0.0185,0.0182,0.0532,-0.006,0.0247,0.0206,-0.0031,-0.0183,0.03,0.1018,-0.0,0.0239,0.0246,0.0237,-0.215,-0.0353,-0.0087,0.0499,0.0248,0.0205,-0.0973,-0.1509,-0.0226,0.0081,-0.4892,0.0043,0.1304,-0.0072,0.0152,-0.1191,-0.0091,1.5797,-0.0424,0.0171,-0.0431,0.0286,-1.0457,0.0089,0.0151,0.009,0.0196,-0.0046,-0.0068,0.0094,0.0159,-0.0259,-0.0208,0.0079,0.0184,-0.0233,-0.0177,0.0156,0.0088
41,5101,108,2,sitting,2.0,108.0,5101.0,2.0,108.0,0.0045,0.9444,-0.0008,0.031,-0.0244,0.0017,-0.025,-0.427,0.0611,-505.0,0.2074,0.0467,-0.0957,1.3942,-0.059,-0.0331,0.001,0.0001,0.0832,0.0718,-0.01,0.1486,0.1546,0.1398,-0.0806,0.1243,0.226,0.1017,0.2327,0.1949,0.2547,-0.0077,0.1654,0.2458,0.2638,0.3068,-0.0231,0.3396,2.348,0.3766,-0.3143,-0.2878,-0.3697,0.0035,-0.0002,0.2953,-0.0188,-0.0169,-0.0202,-0.0239,0.7921,-0.0207,-1.6544,0.0238,0.0379,0.0443,0.1192,0.0451,0.1306,-0.0658,0.484,-0.1003,0.1107,0.2208,-0.2307,-0.5699,-0.3008,-0.1505,-0.0259,0.0751,-0.3503,-0.2806,0.0059,-0.2509,0.0085,0.1126,-0.0075,0.0162,-0.0209,-0.0194,0.7071,-0.0205,0.0164,-0.0247,0.0182,-0.837,0.0176,0.02,0.0055,0.0131,0.0045,-0.0081,0.0072,-0.0161,0.0095,-0.0086,0.0173,0.0152,0.0187,-0.0243,-0.0189,-0.0077,0.0063
42,5102,108,2,sitting,2.0,108.0,5102.0,2.0,108.0,0.0033,1.4371,-0.0105,0.0211,-0.0439,0.0002,-0.0003,-1.1475,0.061,-0.036,0.462,0.077,3.9795,-0.134,0.093,0.0848,0.1836,0.1542,0.1288,0.1663,0.0803,0.2362,0.2447,0.1727,0.1944,0.3525,-0.2849,0.265,-0.2225,-0.1002,0.2974,0.1126,0.4543,0.1507,-0.0504,-0.0485,-0.0095,-0.3421,0.001,0.0151,-0.0,0.1018,-0.01,-0.0164,0.5582,-0.0001,-0.0158,0.0066,-0.0037,2.6561,-0.02,-0.0156,-0.1104,0.0078,0.0099,0.1306,-0.1194,-0.2169,0.3857,0.8091,0.2505,0.0085,0.0237,0.0731,0.3212,-0.2257,0.0249,0.0256,0.0277,0.0068,-0.0355,-0.1394,0.0196,-0.0073,-0.5326,0.0067,0.3009,-0.0189,0.0207,-0.11,-0.0186,1.4506,-0.0415,0.0192,-0.0469,4.779,0.0294,0.0079,0.0087,0.0257,-0.0097,0.0198,-0.0176,0.0071,0.0052,-0.0231,-0.0172,0.0141,0.0154,-0.0255,-0.0181,-0.0159,0.0111
43,5103,108,2,sitting,2.0,108.0,5103.0,2.0,108.0,-0.004,1.2769,-0.0009,0.0215,-0.0189,-0.0344,-0.0432,-0.5818,0.0568,-0.0645,0.3282,0.0942,0.0792,2.1748,-0.001,-0.0001,-0.0163,-0.0865,0.1086,0.0506,0.1411,-0.162,-0.135,-0.2439,0.1257,-0.1941,-0.1107,0.2372,-0.2982,0.2896,-0.0443,-0.0002,0.1014,0.0245,-0.0222,0.0125,-0.0289,0.8192,-0.0302,-0.01,-0.0566,-0.0259,-0.0043,-0.0049,0.5547,0.0026,-0.0133,-0.0146,-0.0135,3.7798,-0.0059,0.2275,-0.0277,0.0095,-0.009,0.0291,-0.0136,-0.0151,-0.0369,0.3085,0.0578,0.0097,0.0266,-0.0064,-0.1304,-0.3879,0.0404,-0.0249,0.0205,0.0567,0.0988,-0.2164,-0.0021,-0.3641,0.0071,0.119,-0.0056,0.0201,-0.1004,-0.0199,1.4407,-0.0434,0.0137,-0.0262,0.0268,-0.937,0.0062,0.0209,0.0209,0.0131,0.0161,-0.0076,0.0052,0.0094,-0.0235,-0.006,0.0074,0.0228,-0.0234,-0.0154,0.0072,0.0087,-0.0181
44,5104,108,2,sitting,2.0,108.0,5104.0,2.0,108.0,0.0044,1.3577,-0.0146,0.0525,-0.045,0.0323,0.089,2.3236,-0.0638,0.1078,-1.9077,-0.2275,5.6135,-0.3382,-0.1486,0.1536,0.1348,0.414,0.0941,0.1255,0.1164,-0.1632,0.2754,-0.0008,-0.0504,0.026,0.204,0.1762,0.0803,0.2461,-0.0256,0.001,0.01,-0.0001,-0.0174,0.0221,0.1951,0.5968,0.02,-0.0238,0.0002,-0.1304,-0.1017,-0.0188,0.5794,0.0045,0.0043,0.0204,0.1892,0.2696,0.0052,0.1009,-0.2973,0.1191,0.2879,0.3489,-0.658,0.5839,4.5699,3.9867,0.6687,0.3076,-0.1105,-0.4737,8.847,6.8321,-0.4931,0.3008,-0.0448,-0.0273,0.6985,-0.3508,-0.0191,-0.0047,-0.536,0.0063,0.2303,-0.0095,0.0171,-0.1024,-0.0193,1.4806,-0.0427,0.0172,-0.0379,0.0197,-0.3017,0.008,0.0045,0.0237,-0.0252,-0.0168,-0.0042,0.0077,0.0181,-0.0042,-0.0266,0.0247,0.0226,-0.0146,0.0077,0.0072,-0.0112
45,5105,108,2,sitting,2.0,108.0,5105.0,2.0,108.0,-0.0033,1.2903,-0.0125,0.0568,-0.026,0.0063,-0.043,-0.9665,0.0695,-0.0889,0.3585,0.0717,-0.1658,0.4562,-0.0006,-0.0013,0.0923,-0.1184,-0.1055,0.0508,-0.1457,0.1279,-0.2278,0.1003,0.1017,0.1547,0.2075,0.2774,0.1941,0.0804,0.1836,0.0166,0.1305,0.0286,-0.0143,-0.0002,0.0172,2.5042,0.0188,0.0037,-0.2851,-0.0259,-0.0034,0.0069,0.5631,0.001,0.007,-0.0065,-0.02,1.4083,0.01,-0.0262,-0.0001,-0.0247,0.0239,0.0253,0.0044,0.0246,-0.0331,-0.1509,0.0039,0.0231,0.0164,0.0177,-0.2209,-0.0233,0.0205,0.0262,0.0098,0.0222,-0.1126,-0.0038,-0.0067,-0.2446,0.0082,0.088,-0.0152,0.0191,-0.1107,-0.0132,1.4892,-0.0461,0.0291,-0.0271,0.0093,-1.2673,0.0096,0.0149,0.0053,0.0076,0.0021,-0.0194,0.0081,0.0099,0.0087,-0.0159,-0.0086,0.0229,0.0234,-0.0255,0.0071,0.0154,0.009
46,5106,108,2,sitting,2.0,108.0,5106.0,2.0,108.0,0.0042,1.2702,-0.0105,0.0326,-0.0009,0.0151,-0.0431,-0.9435,0.077,-0.061,0.4355,0.085,0.1186,0.8493,0.0001,0.0064,-0.0072,0.0017,0.0286,0.0146,0.0013,0.001,-0.0066,-0.0119,0.0136,0.0143,-0.0002,0.0228,-0.0016,-0.0134,0.0205,-0.01,0.0283,0.0024,-0.0112,-0.0047,0.0132,3.1885,-0.093,0.0503,-0.2315,-0.2925,-0.0221,-0.0063,0.5598,0.0033,0.002,-0.0037,0.0041,2.1469,-0.0276,0.1011,0.1107,-0.0206,0.054,-0.0331,-0.0084,0.0145,0.0239,0.027,0.0158,0.0205,0.0138,0.0232,-0.2268,-0.0206,0.0421,0.0266,0.02,0.0344,-0.1006,-0.1124,-0.0065,-0.3006,0.0071,0.1383,-0.006,0.0209,-0.1096,-0.0059,1.4404,-0.0439,0.0167,-0.0243,-0.0089,-0.4882,0.0081,0.0092,-0.0078,0.0073,-0.0259,-0.0087,0.0199,0.0202,-0.0153,-0.0175,0.0076,0.0156,-0.0191,-0.0128,-0.0077,0.0095,0.0157
47,5107,108,2,sitting,2.0,108.0,5107.0,2.0,108.0,0.0032,1.4379,-0.0131,0.025,-0.0523,-0.0007,-0.0433,-1.1603,0.0797,-504.0,0.4422,0.0961,2.8356,0.3825,0.1072,0.1474,-0.0639,0.0847,0.177,0.1156,-0.1569,-0.1236,0.2948,-0.2496,0.3063,0.2862,-0.1343,0.1886,0.0803,-0.2066,-0.1005,0.1106,0.1949,0.0277,0.0259,0.1126,0.2691,-0.3788,0.0002,-0.0256,-0.0157,-0.1305,-0.004,-0.001,0.5976,0.0001,0.0145,-0.0146,-0.0082,0.9773,-0.0245,-0.6468,0.0257,-0.0178,-0.0249,0.016,0.0154,0.0084,0.1015,-0.5585,-0.0067,-0.02,0.0228,0.0077,-0.279,-0.01,0.0053,0.0183,0.0193,0.0089,-0.2257,-0.0151,0.0065,-0.3004,0.0092,0.1197,-0.0094,0.0205,-0.0751,-0.0134,1.5002,-0.0435,0.0179,-0.0242,-0.0071,-0.4998,0.0075,0.0198,-0.0095,-0.0087,0.0041,-0.0232,-0.018,0.0052,0.0251,-0.0229,0.0065,0.0231,-0.0163,-0.0206,0.0042,0.0073,-0.0106
48,5108,108,2,sitting,2.0,108.0,5108.0,2.0,108.0,0.0037,0.7169,-0.0009,0.0164,-0.0033,-0.0211,0.0322,-1.0427,0.067,-0.0574,0.5838,0.0717,1.4355,0.8695,0.0941,0.0159,-0.1021,0.001,0.0894,-0.135,0.1466,0.1516,0.1848,-0.209,0.2523,0.1936,-0.0507,-0.1257,0.2639,-0.0804,-0.2447,0.0062,0.0231,0.0163,-0.0178,0.006,-0.0002,2.2896,0.0286,0.0001,-0.0045,0.0156,-0.01,0.0031,0.534,0.0055,-0.0051,0.0129,0.0226,0.6011,-0.0172,-0.1003,0.0257,0.0,-0.008,-0.0277,0.0257,-0.0246,0.1014,-0.1506,0.0265,0.0097,0.0169,0.0184,0.0785,-0.2164,-0.0143,0.0173,0.0221,0.0238,-0.1124,-0.02,-0.0035,-0.5434,0.0075,0.1304,-0.0083,0.0132,-0.11,-0.0144,1.4404,-0.0465,0.0071,-0.0297,-0.0095,0.4946,-0.0091,0.0242,0.0087,-0.0079,0.0061,0.0142,-0.0082,0.0052,0.0237,-0.024,-0.0192,0.0233,0.0181,-0.0168,-0.013,-0.0177,0.0067
49,5109,108,2,sitting,2.0,108.0,5109.0,2.0,108.0,0.0015,1.3265,-0.0114,0.028,-0.044,0.036,-0.0262,-1.2066,0.0525,-0.0636,0.4662,0.0878,0.129,0.7017,0.0009,0.0002,-0.001,0.0943,0.0797,0.1155,-0.1775,0.1859,0.1053,0.1613,0.2277,0.2438,0.2349,0.2632,-0.3057,0.3329,0.3748,0.2874,-0.1108,-0.0506,-0.2742,-0.3465,-0.1962,3.4794,-0.0286,0.1012,0.1009,0.1309,-0.0044,0.0088,0.3589,0.0082,-0.0154,-0.0031,0.01,2.4573,0.0186,0.1509,-0.0804,-0.1129,-0.0195,0.015,-0.1198,-0.2207,0.4664,-0.7941,-0.3981,-0.0286,0.0286,0.0958,-0.3453,-0.0792,-0.0247,0.0231,0.0083,0.0161,0.2504,-0.0796,-0.02,-0.4805,0.0001,0.2167,-0.0063,0.0199,-0.1024,-0.0098,1.6793,-0.0469,0.0084,-0.0302,-0.0271,0.7211,0.0051,-0.0068,0.017,0.0121,0.0257,-0.0185,-0.0019,0.0036,0.0052,-0.0238,-0.0071,0.0229,0.0187,-0.0252,-0.0072,-0.0156,0.0105
50,5110,108,2,sitting,2.0,108.0,5110.0,2.0,108.0,0.0033,1.3282,-0.0106,0.0224,-0.0345,0.0003,-0.0511,-1.0467,0.0743,-0.085,0.4841,0.0504,2.377,0.9238,0.01,-0.0,-0.1474,0.1213,0.159,0.1655,-0.2075,-0.1872,-0.2925,0.1758,0.0985,0.2234,0.2656,0.2366,0.1953,0.286,0.2784,-0.0292,-0.0001,-0.0002,-0.001,0.0204,0.0042,-0.3097,0.1008,-0.1016,0.0032,0.3563,-0.1503,-0.0088,0.5944,0.0057,-0.0047,0.0031,-0.0089,3.6582,-0.0205,-0.4078,0.0807,-0.0069,-0.0277,0.0187,0.0233,-0.0081,-0.1105,0.0536,0.0409,0.0173,0.0062,0.0068,-0.2605,-0.0458,-0.0266,0.0202,0.0098,0.0238,0.1307,-0.039,0.0064,-0.2508,0.0096,0.0954,-0.0086,0.0193,-0.0751,-0.0139,1.468,-0.0257,0.0183,-0.0323,0.0038,-0.9561,0.0077,0.0231,-0.0094,0.0171,-0.0072,-0.0076,-0.0017,0.0252,-0.0245,-0.0149,-0.0262,0.0236,0.0234,-0.0099,-0.0152,0.0091,-0.0092
51,5111,108,2,sitting,2.0,108.0,5111.0,2.0,108.0,0.0069,1.3155,-0.0105,0.0465,-0.028,-0.0007,-0.032,-1.1283,0.069,-509.0,0.6303,0.0772,0.2398,0.9526,-0.0002,0.0174,-0.0239,-0.01,0.0961,0.165,0.1875,-0.1591,-0.1085,0.1759,0.0889,0.227,0.1132,0.1004,0.2763,-0.1486,0.2829,0.0387,0.1321,0.0804,0.1954,0.1198,-0.1014,0.3731,2.4499,-0.1129,-0.2597,-0.5584,0.3873,0.0,0.0262,0.4868,0.0228,0.0223,-0.0067,0.0345,1.4942,0.0594,-0.2436,-0.393,-0.0471,0.0456,-0.356,-0.1308,-0.4078,0.6676,-0.4633,-0.6496,0.2203,0.0443,-0.567,-0.3481,-0.4326,0.5857,0.0485,0.039,-0.2164,0.8853,-0.2809,0.0001,-0.4803,0.0071,0.2303,-0.0162,0.0177,-0.1102,0.001,1.4782,-0.0254,0.0087,-0.0205,0.02,3.9313,-0.0079,0.0233,0.008,0.0052,-0.0242,0.005,0.0092,-0.0041,0.0236,-0.0077,0.0042,0.0046,-0.0117,0.0078,0.0051,0.0103
52,5112,108,2,sitting,2.0,108.0,5112.0,2.0,108.0,0.0013,1.5654,-0.0102,0.0546,-0.001,-0.0008,-0.0434,-0.9069,0.0324,-0.0873,0.3511,0.0941,2.6118,3.4869,-0.1614,0.0509,-0.1961,-0.2784,0.0791,0.1586,0.1036,-0.1743,0.3102,0.1865,-0.2542,0.265,-0.2392,0.2095,-0.3347,-0.2296,-0.1004,0.2981,0.0493,0.1017,-0.02,-0.0443,0.0231,0.6076,0.0039,0.0063,0.0807,0.004,0.0157,0.0153,0.4955,-0.0156,0.0128,-0.0082,0.0152,0.9974,-0.0175,-0.3721,-0.0183,-0.0172,0.0068,0.009,0.0131,-0.0,0.1102,-0.4485,-0.0145,0.0162,0.0249,0.1124,-0.3067,-0.0002,0.0566,0.0094,0.0238,0.0221,-0.2307,-0.0273,-0.0001,-0.2508,0.0077,0.0954,-0.0088,0.0132,-0.104,-0.0138,1.4408,-0.0464,0.0098,-0.0413,-0.01,0.597,-0.0089,0.0245,-0.0058,0.0228,-0.0179,-0.0171,0.0056,0.0093,-0.0242,-0.0087,0.018,0.0178,-0.0197,-0.0078,-0.0122,0.0106,-0.0103
53,5113,108,2,sitting,2.0,108.0,5113.0,2.0,108.0,0.0045,1.2969,-0.0113,0.0536,-0.016,-0.0032,0.0211,-0.9355,0.0415,-0.0323,0.4918,0.077,2.1639,0.9726,-0.0106,0.0008,-0.0195,0.0509,0.0812,0.0947,0.1096,0.1486,-0.2584,0.2465,0.2062,0.2858,0.1129,0.175,-0.327,-0.1946,-0.4392,0.2756,0.2263,0.4076,0.3073,0.3342,0.0803,3.5543,-0.1017,-0.0099,-0.112,0.1005,-0.0034,-0.0077,0.5794,-0.0066,0.0041,-0.0064,0.02,0.8967,0.0002,-0.4431,-0.001,-0.0081,0.0059,-0.0093,-0.0001,-0.0098,0.0277,-0.2306,0.01,0.0232,0.0079,0.0277,-0.2171,-0.1508,0.0257,0.0205,0.0238,-0.0383,-0.0286,-0.0236,-0.0037,-0.538,0.0072,0.2208,-0.0048,0.0228,-0.1194,-0.0083,1.5475,-0.0427,0.0051,-0.0298,0.0071,-0.3591,0.0242,0.0174,-0.0038,-0.0187,0.0088,-0.0161,-0.0082,0.0229,-0.0226,-0.024,0.0085,0.019,-0.0259,-0.0123,0.0092,0.0052,-0.0121
54,5114,108,2,sitting,2.0,108.0,5114.0,2.0,108.0,0.0012,1.269,-0.0116,0.0568,-0.037,-0.0466,-0.0211,-1.0833,0.0636,-0.0773,0.3258,0.1063,0.1962,-0.9458,-0.0238,-0.0957,0.2361,0.1758,0.1486,0.1391,0.1555,-0.1869,0.2075,-0.256,0.0505,-0.2774,0.0806,0.2211,0.2479,0.2949,-0.0007,0.001,0.02,-0.0147,0.0043,0.0178,0.0002,0.4596,-0.0067,0.0203,0.0165,0.0538,0.0031,0.0044,0.4286,0.0032,0.004,-0.0172,-0.0083,1.5082,0.01,0.1108,0.0064,-0.0248,0.0077,-0.0291,-0.0239,0.0259,0.0231,0.0585,-0.1015,0.0159,0.0094,0.0137,-0.1006,-0.1304,0.0001,0.0256,0.0148,0.0151,-0.1124,-0.0271,-0.0253,-2.3928,-0.018,1.4699,-0.0421,0.8988,-0.0294,2.353,-0.119,0.0081,0.0257,-0.0325,-0.0156,3.9897,0.0154,0.0141,0.0087,0.0233,-0.0176,0.0072,-0.0236,-0.0152,0.0134,-0.0171,-0.0193,0.0095,0.0042,-0.0245,-0.0053,0.0084,0.0114
55,5115,108,2,sitting,2.0,108.0,5115.0,2.0,108.0,-0.0114,1.3306,-0.0042,0.038,-0.026,0.0231,-0.0525,-0.8148,0.0655,-0.0411,0.3664,0.0878,3.419,-0.9807,0.0913,0.0765,-0.2349,0.1061,0.1551,0.209,0.2472,0.164,-0.1758,0.2857,0.1875,-0.1231,0.2782,0.3543,-0.3344,0.3496,-0.0009,0.0507,0.0001,0.0002,-0.0166,-0.0088,-0.001,2.465,0.02,-0.0806,-0.1103,0.2219,-0.1006,0.0266,0.537,0.0439,0.0068,0.0,-0.01,0.2997,0.0294,-0.2689,-0.3748,-0.1128,0.3081,0.3874,0.4584,-0.7969,4.9952,0.5621,-0.0485,-0.0041,0.0239,0.1122,5.9859,-0.4791,0.1307,0.1508,0.1017,0.8732,0.8324,-0.9567,-0.2505,0.0085,-0.3013,0.0093,0.1192,-0.0063,0.0206,-0.0171,-0.0286,0.0042,0.0233,-0.0226,0.0249,-0.0086,0.9427,0.0205,0.0202,-0.0177,0.0054,0.0242,-0.0066,0.0176,0.0262,-0.0162,-0.0208,0.0072,0.0111,-0.0252,-0.0073,-0.0106,0.0105
56,5116,108,2,sitting,2.0,108.0,5116.0,2.0,108.0,0.0105,1.3944,-0.0082,0.0216,-0.0303,-0.0345,-0.0426,-0.9795,0.0788,-0.067,0.4357,0.0849,-1.2572,-0.7164,0.1066,-0.0936,0.1775,-0.1164,-0.1485,0.1258,0.1857,0.1374,-0.152,0.1947,0.2327,0.0005,0.1508,-0.2271,0.1193,-0.2456,-0.0155,0.0559,0.0503,-0.0203,0.004,0.0189,0.001,2.468,0.02,0.0291,-0.2897,0.3581,-0.0262,-0.01,0.5399,0.006,-0.0042,0.0001,-0.0043,0.9869,-0.0002,-0.3479,0.0206,-0.0083,-0.005,-0.0065,0.0161,0.0,-0.101,0.1306,0.0803,0.0084,0.013,0.0286,-0.2251,-0.0458,0.0068,0.0232,0.0231,0.0532,-0.1102,-0.0332,0.0048,-0.2967,0.0062,0.1005,-0.0178,0.0131,-0.0586,-0.0152,1.4507,-0.0433,0.0037,-0.0292,0.0087,0.3873,0.0063,0.0194,0.0257,0.0092,-0.0239,-0.0091,-0.0141,0.0121,0.0095,-0.0151,-0.0209,0.0154,0.0196,-0.0077,-0.019,0.0088,0.0046
57,5117,108,2,sitting,2.0,108.0,5117.0,2.0,108.0,0.0013,1.2675,-0.0116,0.0544,-0.0007,0.025,0.0636,-0.3151,0.0466,-0.0314,0.3598,0.0849,-0.2074,0.4696,0.006,0.0162,-0.0907,-0.1021,0.1711,-0.1223,-0.1542,0.1941,0.2233,-0.2531,0.1859,0.2486,0.2988,0.2853,-0.309,0.3463,-0.1309,0.0508,0.01,-0.0226,-0.1011,0.0809,-0.2776,2.6379,0.0002,-0.001,-0.1196,0.1509,-0.1003,-0.0231,0.5839,-0.0206,-0.0068,0.0069,0.0532,1.388,0.0364,3.7973,0.0001,-0.0078,0.0485,-0.0394,-0.0369,0.0262,-0.4055,-0.1124,0.0286,0.0,0.0143,0.0237,-0.3772,-0.0236,0.0047,0.0221,0.0266,0.0249,-0.2164,-0.0065,-0.0061,-0.4857,0.0087,0.1856,-0.0081,0.0222,-0.1104,-0.0185,1.4546,-0.0209,0.0183,-0.0296,-0.0257,-0.6791,0.0099,0.007,0.0205,0.0089,-0.0097,0.0096,-0.0052,0.0051,0.0154,-0.0234,-0.0268,0.0253,0.0195,-0.0248,0.0194,0.0092,-0.0106
58,5118,108,2,sitting,2.0,108.0,5118.0,2.0,108.0,0.0013,1.2769,-0.0108,0.0475,-0.0009,-0.0002,-0.033,-0.9423,0.052,-0.0625,0.4611,0.0742,-1.2463,0.739,0.028,0.0238,0.005,-0.0277,0.0235,-0.0253,0.0239,-0.0206,0.0238,-0.0015,0.0235,0.0209,0.0286,-0.0205,-0.0019,0.0229,-0.0041,0.0286,0.0231,0.0001,-0.0118,0.0032,0.1258,3.4346,-0.0507,-0.1043,0.169,-0.1421,-0.0917,-0.0067,0.3254,0.0029,0.0026,-0.0034,0.0137,2.3839,-0.02,0.1129,0.01,0.0156,-0.014,0.0196,-0.0273,-0.0195,0.1018,-0.0294,0.0266,0.0245,0.0256,0.0233,-0.2265,-0.047,0.0188,0.0185,0.0257,0.0231,-0.1305,-0.0466,-0.0,-0.4861,0.0049,0.2208,-0.0051,0.0207,-0.1106,-0.0144,1.4509,-0.0435,0.0199,-0.0262,0.0164,-0.4798,0.0071,0.0068,0.0191,0.001,0.0157,-0.0077,0.0133,0.0072,0.024,-0.0246,-0.0153,0.0086,0.0083,-0.0204,-0.0081,-0.0162,0.0136
59,5119,108,2,sitting,2.0,108.0,5119.0,2.0,108.0,0.0036,1.3272,-0.0114,0.0325,-0.0064,-0.0002,-0.0216,-0.9079,0.056,-0.0611,0.4392,0.0874,-0.1082,0.7948,-0.0124,0.0222,-0.0006,0.0465,0.0115,0.0286,0.0112,-0.0066,0.0204,-0.0132,0.0253,-0.0077,0.0286,0.001,-0.0043,0.0154,-0.0017,0.0285,0.0001,0.01,-0.0121,0.0063,0.1347,2.354,0.0946,0.0069,-0.0373,-0.2072,-0.0033,-0.0045,0.5396,0.0039,0.0044,-0.0059,-0.0188,0.9631,0.0259,0.0508,-0.0185,-0.0138,0.009,0.0265,0.008,0.02,-0.0178,0.0254,0.0232,0.017,0.0168,0.0134,-0.1857,-0.0562,0.0087,0.0235,0.0221,0.0093,-0.1502,-0.0041,-0.0092,-0.2361,0.0081,0.1017,-0.0086,0.0247,-0.0226,-0.0262,0.9737,-0.0127,0.0239,-0.0173,-0.0256,3.5889,0.0194,0.0266,-0.0156,0.0195,0.0022,-0.0053,-0.0084,0.0229,-0.0234,-0.0071,0.0083,0.0249,-0.0233,-0.0042,-0.0067,-0.0098,0.0026
60,5120,108,2,sitting,2.0,108.0,5120.0,2.0,108.0,0.0016,1.2769,-0.0114,0.0411,-0.0234,0.0009,0.021,-1.132,0.0794,-0.0525,0.5885,0.065,3.2489,-0.7936,-0.0867,0.0944,0.2846,-0.1203,-0.1586,0.1747,0.1918,0.228,-0.334,-0.3235,0.6451,-0.3461,-0.2348,0.2984,0.3099,0.414,-0.0503,0.0809,-0.2675,0.1503,-0.1017,0.1307,-0.4959,2.609,0.1198,0.377,0.0456,0.0476,0.0165,0.0038,0.5364,-0.0039,-0.0035,-0.0155,-0.0541,0.8898,0.0002,-0.4596,0.0032,-0.01,-0.0332,0.0238,-0.001,0.1005,0.1109,0.5468,-0.039,0.0063,0.0072,0.0074,-0.2101,-0.0373,0.0205,0.0232,0.0231,0.0791,-0.2257,0.0577,-0.0071,-0.3015,0.0056,0.1126,-0.0062,0.0197,-0.0843,-0.0082,1.4681,-0.0466,0.0192,-0.0276,0.0181,-0.7831,0.0083,0.0087,0.0248,-0.0001,0.0236,-0.0193,0.0042,0.0249,0.0242,-0.0152,0.0073,0.0151,-0.0243,-0.0157,-0.0074,-0.0095,0.0111
61,5121,108,2,sitting,2.0,108.0,5121.0,2.0,108.0,0.0032,1.2667,-0.0136,0.0465,-0.034,0.0212,-0.079,-1.1369,0.0874,-0.0625,0.4418,0.0541,0.2958,0.9708,-0.0003,0.1099,-0.1748,-0.093,0.1147,-0.162,0.1446,-0.1523,-0.0509,-0.416,0.2224,0.1124,0.3539,0.1508,-0.1943,-0.1008,0.1106,-0.2768,-0.1194,-0.001,-0.0045,0.0441,0.385,2.5963,-0.01,-0.3766,-0.2897,0.3342,-0.1307,-0.0002,0.5434,-0.0001,-0.0052,-0.0049,-0.0195,1.5791,0.0079,0.7584,0.0096,0.0286,0.02,-0.0205,-0.0161,-0.0803,-0.215,0.6077,0.2607,0.1015,0.2503,0.8092,3.7851,-0.647,0.2167,0.0249,0.0162,0.0598,4.9455,0.535,-0.0073,-0.4679,0.0056,0.2207,-0.0086,0.0204,-0.1085,-0.0183,1.4406,-0.0433,0.0233,-0.0252,0.0188,-0.5695,0.0189,-0.0087,0.0071,-0.0017,-0.0059,0.0111,-0.0031,0.0235,-0.0242,-0.0041,0.0181,0.0176,0.0238,-0.0221,-0.0234,-0.0072,-0.0182
62,5122,108,2,sitting,2.0,108.0,5122.0,2.0,108.0,0.0038,1.2701,-0.0047,0.037,-0.0225,0.0089,-0.0548,-0.3277,0.0462,-0.0798,0.3772,0.0615,0.0913,0.9429,-0.0002,0.0007,0.01,0.0203,0.0174,0.081,0.1251,-0.116,-0.144,-0.0804,0.1749,0.1852,0.0506,-0.1921,-0.1008,0.0086,0.0286,0.0254,0.02,0.0024,-0.015,0.001,-0.0016,2.2667,0.0043,0.0145,-0.0157,0.0257,-0.0247,-0.0128,0.5932,-0.0252,-0.0134,0.0135,0.0146,3.7582,0.0073,-0.2236,0.0001,-0.1011,-0.0195,-0.0166,0.1198,-0.1109,-0.2054,-0.2384,0.0296,0.0286,0.0226,0.0221,0.0458,-0.2209,0.0266,0.0465,0.0169,0.0228,-0.0276,-0.0262,-0.0061,-0.3368,0.0088,0.1305,-0.0064,0.0207,-0.1097,-0.0179,1.4483,-0.0439,0.0185,-0.0206,-0.0056,-0.538,0.0155,0.0063,0.0202,-0.0076,0.0092,-0.0187,0.0042,0.0239,0.0041,-0.0229,-0.0223,0.0177,0.0205,-0.0256,0.0093,0.0196,0.0199
63,5123,108,2,sitting,2.0,108.0,5123.0,2.0,108.0,0.0014,1.3669,-0.0104,0.0325,-0.0004,-0.0096,-0.0546,-1.1874,0.0699,-0.0788,0.7016,0.0954,-3.452,-0.2963,0.0811,-0.0332,0.0047,-0.025,0.0182,0.0505,-0.01,-0.0002,0.0001,-0.0043,0.0149,-0.0131,0.0253,0.0086,-0.0119,0.0249,-0.014,0.0288,0.0032,0.0013,-0.0157,0.0112,0.02,-0.3475,0.008,0.0044,-0.1727,0.1026,-0.0023,-0.001,0.5839,0.0066,0.0041,0.0033,-0.0035,2.2498,-0.0059,0.2291,0.0077,-0.017,0.0095,-0.0179,0.0084,0.0185,-0.0061,-0.1018,-0.0332,0.0187,0.0156,0.036,-0.1597,-0.0296,0.0232,0.0142,0.0266,0.0286,-0.1652,-0.0276,0.0055,-0.6118,0.0068,0.2851,-0.0067,0.0247,-0.1053,-0.0121,1.4679,-0.0413,0.0164,-0.0271,-0.0081,0.8973,-0.0172,0.0242,0.0162,0.0065,-0.0076,0.0037,0.009,0.0252,-0.0238,-0.0183,0.0038,0.0287,-0.0268,-0.0092,-0.013,0.0093,-0.0122
64,5124,108,2,sitting,2.0,108.0,5124.0,2.0,108.0,0.0047,1.3037,-0.0103,0.0468,-0.0224,-0.0245,0.064,-0.5909,0.055,-0.0764,0.3315,0.0872,3.1465,0.9231,-0.0008,0.0111,0.1294,-0.1385,-0.1849,0.1932,-0.1025,0.222,-0.1674,-0.1762,0.2366,0.1003,0.1127,0.0407,-0.1306,-0.0506,-0.001,0.038,0.01,0.0038,-0.0155,0.0026,0.4303,2.4469,-0.0809,-0.1015,0.2988,0.3527,0.0226,-0.0046,0.367,0.0045,-0.0163,-0.0157,-0.0001,1.779,0.0262,0.4321,-0.0286,0.0167,0.0291,-0.0337,-0.0002,-0.0356,-0.2208,-0.0456,0.1191,0.0086,0.0259,0.1107,-0.2898,0.0439,0.0189,0.0151,0.0156,0.02,-0.1297,0.0277,-0.0,-0.5883,0.0087,0.1891,-0.0084,0.0236,-0.11,-0.0181,1.4504,-0.0401,0.0161,-0.0206,0.0259,-0.4873,0.0259,0.0134,-0.0182,0.0052,0.006,-0.0192,-0.0075,0.0031,0.0093,-0.0249,-0.0076,0.0252,0.0235,-0.0248,-0.0154,0.0077,0.0042
65,5125,108,2,sitting,2.0,108.0,5125.0,2.0,108.0,0.0035,1.4349,-0.0108,0.056,-0.0212,-0.0007,-0.0328,-0.8343,0.0695,-0.0723,0.463,0.0475,3.9452,2.6641,-0.0507,0.0162,0.0266,-0.1321,0.0957,0.181,0.1115,-0.1917,0.1663,-0.2788,-0.2265,-0.1436,-0.2474,0.2985,0.31,0.2064,-0.0456,0.0434,0.015,0.018,0.0038,0.0133,0.1011,4.2678,0.02,0.1105,0.0658,0.2551,-0.01,-0.0067,0.4492,0.0001,-0.0043,0.0047,0.001,0.589,0.0182,0.4597,0.0142,0.0155,-0.0273,-0.0373,0.1309,-0.007,-0.0807,-0.4973,-0.4083,0.1197,-0.0186,0.0002,-0.2164,-0.3937,0.0404,-0.0968,0.0205,0.0432,-0.1126,-0.2203,-0.0256,-0.0053,-0.4877,0.0087,0.1894,-0.0096,0.0233,-0.1056,-0.0171,1.4409,-0.0431,0.0054,-0.0271,-0.9841,-0.0066,0.0152,0.0228,-0.0172,0.0193,-0.0099,-0.0059,0.0079,-0.0186,-0.0181,0.0089,0.0236,-0.0246,-0.0169,-0.0061,0.0066,-0.0184
66,5126,108,2,sitting,2.0,108.0,5126.0,2.0,108.0,0.0033,1.2746,-0.0115,0.0569,-0.0212,0.0072,0.0344,2.5056,-0.041,0.0632,-1.9604,-0.0917,4.4277,0.7838,-0.0775,-0.0866,-0.1424,0.0008,0.0506,0.1325,-0.0803,0.1629,0.1868,-0.2631,0.1953,-0.2023,-0.1181,0.2897,-0.2288,0.4065,-0.0085,0.0373,0.0186,0.0232,-0.0163,0.0142,0.0002,0.363,0.0059,0.007,-0.1107,-0.01,-0.0145,0.0055,0.3571,0.001,-0.0058,0.0054,-0.02,1.4948,-0.0231,0.6051,-0.0001,0.0134,-0.0067,0.009,0.0194,-0.0239,-0.0332,-0.1309,-0.0231,0.0157,0.0229,0.0174,-0.2165,-0.0266,0.0231,0.0039,0.0095,0.0238,-0.1504,-0.0577,0.018,-0.4787,0.0037,0.2505,-0.0052,0.0228,-0.1018,-0.0189,1.4758,-0.0421,0.0084,-0.0302,0.0234,-1.7943,-0.0182,0.0173,0.0262,0.0237,-0.0092,-0.0041,-0.0059,0.0098,0.0249,-0.0193,0.0183,0.0209,-0.0062,-0.0252,-0.0196,0.0076,0.0199
67,5127,108,2,sitting,2.0,108.0,5127.0,2.0,108.0,0.0016,1.314,-0.0111,0.0327,-0.0003,0.0033,-0.0581,-1.0908,0.063,-0.0772,0.4342,0.1053,2.7184,-0.9443,-0.0415,-0.0214,-0.0256,-0.0262,-0.02,0.0253,0.0069,0.007,-0.0142,-0.0123,0.01,0.0059,0.0287,-0.0017,0.0056,0.0136,-0.0002,0.0345,0.001,0.0043,-0.0132,0.0074,0.0245,0.2439,0.0209,0.0088,-0.0507,0.1291,-0.0135,-0.0034,0.5895,0.0001,0.0019,-0.0022,-0.0286,0.8348,0.0205,-0.1857,-0.0185,-0.0228,0.0146,0.0063,0.0233,-0.006,-0.0379,0.134,0.0259,0.0162,0.0202,0.0155,-0.2078,-0.0236,-0.0232,0.0097,0.0248,0.0235,-0.2169,-0.0804,-0.0025,-0.4896,0.0037,0.2979,-0.0031,0.0204,-0.1016,-0.0126,1.4492,-0.0464,0.0075,-0.0399,-0.015,0.4973,0.009,0.0066,0.0077,0.0242,-0.0165,0.0067,-0.0061,0.0052,0.0257,-0.0189,0.0266,0.0268,-0.0244,-0.0054,0.0183,0.0086,-0.0121
68,5128,108,2,sitting,2.0,108.0,5128.0,2.0,108.0,-0.0019,1.4371,-0.0102,0.0399,-0.0072,-0.0009,-0.0594,-1.0788,0.0892,-0.064,0.4811,0.0463,0.1067,0.8657,-0.001,0.0002,-0.0507,0.0185,0.0166,0.0206,-0.0043,0.0065,-0.0027,-0.01,0.0115,0.0025,0.0288,0.0035,-0.0012,0.0146,-0.0023,0.029,0.007,0.0001,-0.0128,0.0047,0.0041,0.2468,0.0205,0.0228,-0.0942,-0.1474,-0.0207,-0.0037,0.5832,0.0013,0.02,-0.0226,-0.0136,0.5969,-0.0057,0.0803,-0.1764,-0.0259,0.0055,-0.0245,0.0145,-0.036,-0.1891,-0.2221,0.1639,-0.009,0.0238,0.0231,-0.2053,0.1306,0.0249,0.0095,0.0257,0.0248,-0.2661,-0.1011,0.0077,-0.4496,0.0081,0.2209,-0.008,0.0205,-0.1016,-0.0054,1.5076,-0.0431,0.0254,-0.0239,-0.0187,2.3479,0.0156,-0.0073,0.0162,-0.0049,0.0184,-0.0051,-0.0086,0.0256,-0.0189,-0.0197,0.0075,0.0133,-0.0242,-0.0066,-0.013,0.0088,-0.0138
69,5129,108,2,sitting,2.0,108.0,5129.0,2.0,108.0,-0.0045,0.9458,-0.0103,0.0525,-0.0078,0.0005,-0.0212,-1.1704,0.0788,-504.0,0.4496,0.0866,0.2095,0.3962,0.0611,0.001,-0.0001,0.0002,0.091,-0.0221,-0.01,-0.0147,-0.0,0.0086,-0.0253,0.035,-0.0015,0.0249,0.0205,-0.0038,0.0032,-0.0043,0.0284,0.0074,0.0013,-0.0118,0.0059,0.0069,1.2437,0.0041,0.0046,-0.02,0.0165,-0.0122,0.0035,0.5734,0.004,-0.0042,-0.0031,0.0201,2.314,-0.008,-0.1677,0.0075,0.0023,-0.0226,-0.0254,-0.006,0.0321,0.1468,0.0296,0.0056,0.0242,0.013,0.0236,-0.1927,-0.0254,0.0202,0.0245,0.0082,0.0048,-0.1126,-0.0256,-0.0064,-0.2685,0.0083,0.1198,-0.0079,0.0212,-0.1012,-0.0158,1.3667,-0.0433,0.0055,-0.0206,-0.0089,0.7386,0.0091,0.0184,-0.0097,0.0072,0.0192,-0.0087,-0.0094,0.0153,-0.0161,-0.007,0.0128,0.0152,-0.0231,-0.0198,0.0099,0.0049
70,5130,108,2,sitting,2.0,108.0,5130.0,2.0,108.0,-0.0114,1.4223,-0.0078,0.0438,-0.022,-0.031,-0.056,-0.8139,0.0636,-0.0761,0.377,0.0947,2.1872,0.7234,-0.1242,0.1517,0.5164,0.2957,0.2211,-0.31,0.0892,-0.2443,0.1932,0.168,-0.2625,0.135,-0.2874,-0.2782,-0.3973,-0.3386,-0.0503,0.0009,0.01,0.0123,-0.0235,-0.0035,-0.0206,0.4976,0.02,0.0302,0.0406,0.0001,-0.014,-0.0045,0.5841,0.001,0.0002,-0.0088,-0.0204,0.9567,0.0286,0.1191,0.0332,0.0055,0.0068,0.0238,-0.0187,0.0286,0.0257,-0.2306,-0.009,0.0096,0.0166,0.0248,-0.2504,-0.1015,0.0231,0.0344,0.0256,0.0194,-0.1107,-0.1307,0.0052,-0.3209,0.0063,0.1507,-0.0065,0.0199,-0.1016,-0.0162,1.5434,-0.0254,0.0239,-0.0291,0.0081,-0.5969,0.0056,0.0021,0.0131,-0.0064,0.0177,0.0085,-0.0093,-0.0071,0.0226,-0.0179,-0.0053,0.0228,0.0237,-0.0245,-0.0175,0.0066,0.0091
71,5131,108,2,sitting,2.0,108.0,5131.0,2.0,108.0,0.0042,1.3691,-0.0114,0.0547,-0.0002,0.0038,-0.0213,-0.9855,0.0375,-0.0434,0.3564,0.0625,-0.1207,1.4063,0.001,0.0004,-0.0044,0.01,0.0159,0.0186,0.0046,-0.0023,0.0108,-0.0043,0.0203,0.0026,-0.0045,0.0209,0.0022,-0.0109,0.0011,-0.0016,0.0305,0.0001,-503.0,-0.0139,0.0033,2.2457,-0.171,-0.0085,0.0015,0.02,-0.0174,-0.0118,-0.003,0.4976,-0.006,0.0,-0.0131,-0.0037,0.207,0.0141,-0.0807,0.0127,0.0096,-0.0089,0.0077,0.0154,0.0032,-0.0262,-0.0253,0.0228,0.0066,0.0182,0.0167,-0.1952,-0.0232,0.0266,0.0069,0.0238,0.0181,-0.1308,-0.0236,-0.0058,-0.2992,0.008,0.1011,-0.0073,0.0213,-0.1009,-0.0172,1.5078,-0.0468,0.0079,-0.0373,0.0252,-1.6593,0.0048,0.0171,-0.0259,0.009,0.0051,-0.0194,0.0028,0.0249,-0.0121,-0.0153,0.0156,0.0205,-0.0221,-0.0099,0.0062,0.0083
72,5132,108,2,sitting,2.0,108.0,5132.0,2.0,108.0,0.0014,1.3223,-0.0109,0.0426,-0.032,-0.0006,0.0699,-1.4379,0.0523,-508.0,0.4769,0.0766,2.1372,-0.9552,0.0217,-0.1236,0.2458,0.228,-0.104,0.1598,-0.2925,0.1619,0.185,-0.1132,0.0897,-0.1108,0.0409,-0.0807,0.1014,0.1198,-0.001,0.0271,0.0085,-0.01,-0.0133,-0.0095,0.0231,0.5942,-0.0002,-0.0,-0.0001,0.0145,-0.0121,-0.0034,0.5746,0.0037,0.0035,0.0043,0.006,0.4852,-0.0156,-0.2786,-0.1006,0.0078,0.0074,0.0065,-0.02,-0.0149,0.0151,-0.2891,-0.0141,-0.0089,0.017,0.0167,-0.3075,-0.1124,0.0277,0.0183,0.0182,0.0187,0.1303,-0.0443,-0.0221,-4.7796,-0.0236,1.4468,0.0286,0.2208,-0.1503,-0.0081,2.6479,-0.0584,0.0062,-0.0277,-0.0205,3.3973,0.0093,0.0248,0.0256,-0.0262,-0.0076,0.0054,-0.009,0.0038,0.0163,-0.0061,0.0088,0.0242,-0.0153,-0.0257,0.0192,0.0131,0.0055
73,5133,108,2,sitting,2.0,108.0,5133.0,2.0,108.0,0.0044,1.314,-0.0112,0.041,-0.0219,0.001,-0.0625,-1.2474,0.079,-507.0,0.452,0.057,-0.1856,-1.8139,-0.1178,-0.0843,-0.0973,0.1651,-0.0399,0.1472,0.1547,0.1742,0.2348,-0.2786,0.1009,0.1349,0.0007,0.0231,-0.1306,0.226,-0.0803,-0.02,0.0277,0.0257,-0.0226,0.0235,-0.0002,0.4356,0.0075,0.0068,-0.0231,0.0155,-0.0188,-0.0035,0.3341,-0.0036,0.0001,-0.0066,-0.0206,2.468,-0.0159,-0.4063,-0.0185,-0.0202,0.0228,-0.0139,-0.0038,0.0077,-0.1102,-0.2897,-0.0162,0.0158,0.0057,0.027,-0.2693,-0.045,0.0232,0.0231,0.0164,0.0067,0.1196,-0.1126,-0.0256,-0.0071,-0.5321,0.0076,0.2987,-0.0061,0.0169,-0.101,-0.0236,1.5431,-0.0207,0.0179,-0.0207,0.0092,-0.9437,-0.0237,0.0233,0.0132,-0.0095,-0.0098,-0.0182,0.0206,-0.0248,-0.0084,0.003,0.0229,-0.0205,-0.0259,0.0065,0.0062,-0.0196
74,5134,108,2,sitting,2.0,108.0,5134.0,2.0,108.0,0.0116,0.9665,-0.0065,0.0549,-0.032,-0.025,0.0004,-0.3114,0.0645,-0.0717,0.2474,0.0412,0.0933,1.1337,-0.0075,-0.0002,-0.0098,0.02,0.0088,-0.01,0.0036,-0.0151,0.0026,-0.0038,0.0143,-0.0131,0.0327,0.001,-0.0111,0.0146,-0.0041,0.0286,0.0108,0.0023,-0.0147,0.0044,0.0279,2.7406,0.014,0.0257,-0.0257,0.0806,-0.0018,0.0032,0.5569,0.0025,-0.0021,0.0035,-0.0142,0.9989,0.0119,-0.1063,0.017,-0.0086,0.0148,-0.0159,-0.0247,-0.0253,0.0231,0.1462,0.0508,0.0068,0.0241,0.0231,-0.2266,-0.0223,0.008,0.0257,0.0238,0.0235,-0.1581,-0.0222,0.0067,-0.5839,0.0079,0.3096,-0.0071,0.1011,-0.0161,-0.0242,-0.0187,0.009,0.0153,-0.0245,0.0229,-1.2978,0.0254,0.0097,0.0191,0.0177,-0.0064,0.0085,0.0195,0.016,0.0157,-0.0226,-0.0176,0.0183,0.0233,-0.0072,-0.0152,0.0093,0.0056
75,5135,108,2,sitting,2.0,108.0,5135.0,2.0,108.0,-0.0105,1.2907,-0.007,0.034,-0.0007,-0.045,-0.0216,-0.9355,0.0505,-0.0699,0.3282,0.091,3.1291,2.4106,-0.1582,-0.1343,0.0865,-0.1857,-0.2369,0.1479,-0.2898,0.1775,0.1911,0.3062,0.2225,0.1196,0.2055,0.1018,-0.3581,0.3876,-0.2627,-0.0804,-0.1105,0.1504,-0.2209,0.0078,-0.3372,0.4834,0.1308,-0.4937,0.2436,0.1126,-0.0002,-0.0047,0.4539,0.0064,0.0044,-0.0163,-0.0189,1.5883,-0.006,0.5988,-0.0092,0.009,0.0146,-0.0237,0.0286,0.0186,-0.0874,-0.6684,0.0294,0.0246,0.001,0.1002,-0.3214,-0.0001,0.0,0.0249,0.01,0.02,-0.2251,-0.1,-0.0206,-0.3018,0.0041,0.1296,-0.0042,0.0154,-0.1087,-0.0171,1.4403,-0.0428,0.0051,-0.0259,-0.0077,-0.5321,-0.0194,0.0161,-0.0067,-0.0085,-0.0256,-0.0031,-0.0106,0.0273,-0.0268,-0.0239,-0.0056,0.0105,0.0266,-0.018,-0.0195,0.0193,-0.0052
76,5136,108,2,sitting,2.0,108.0,5136.0,2.0,108.0,-0.0047,1.3232,-0.0115,0.032,-0.0212,0.0009,-0.0462,-0.8827,0.0518,-0.0746,0.3572,0.0849,0.4342,0.7837,-0.0074,0.0063,0.0065,0.0001,0.0182,0.0111,-0.0038,-0.0043,-0.0059,-0.0041,0.0066,-0.0042,0.0314,0.0025,-0.01,0.0203,-0.001,0.0317,0.009,0.0002,-0.0113,0.0026,0.0206,2.6451,-0.0077,0.0116,-0.0961,0.0248,-0.0622,-0.0033,0.535,-0.0021,0.0036,-0.0045,-0.0044,0.8657,0.0064,0.106,-0.0207,-0.0089,0.0056,0.0233,0.0075,0.0266,0.0259,-0.1931,0.0233,0.0205,0.0087,0.0507,-0.2439,-0.0202,-0.0203,0.0092,0.0168,0.0123,-0.1004,-0.0257,-0.0057,-0.5428,0.0073,0.2979,-0.0084,0.0208,-0.1016,-0.0197,1.4034,-0.043,0.0183,-0.0209,0.0067,-1.6948,0.0091,0.0238,-0.007,0.0253,0.0262,-0.0096,-0.0094,0.0098,0.0256,-0.0076,-0.0185,0.0155,0.0268,-0.0186,-0.0099,0.0058,-0.0181
77,5137,108,2,sitting,2.0,108.0,5137.0,2.0,108.0,-0.0013,1.2898,-0.0006,0.0104,-0.0215,-0.0194,-0.0344,-1.0585,0.0645,-0.0746,0.5525,0.1178,0.165,-0.8333,-0.0829,-0.1257,-0.0947,-0.2364,0.1459,0.207,0.176,0.4236,0.3125,-0.3348,0.1065,0.1942,0.1849,-0.3768,0.3469,-0.4095,-0.0373,0.0504,0.001,-0.0002,-0.0151,0.01,0.2456,2.3862,-0.2663,0.2754,0.1309,0.1107,-0.0807,-0.0132,0.5882,-0.0075,0.0121,-0.0001,0.0077,0.8879,-0.0294,-0.2291,-0.1192,-0.0256,0.0266,0.1127,-0.0332,0.3074,0.3596,-0.8072,-0.1008,0.0186,0.0239,-0.2164,-0.3961,-0.1013,0.3681,-0.1111,0.0084,0.1503,-0.6789,-0.3018,-0.02,-0.3003,0.0031,0.108,-0.0092,0.0183,-0.1053,-0.0199,1.4406,-0.0466,0.009,-0.0259,0.0097,-0.4673,0.0087,-0.0173,-0.0041,0.0043,-0.0042,0.0076,-0.0111,0.0045,-0.0065,-0.0273,0.0152,0.0231,-0.0252,-0.0235,0.0112,0.0193,-0.011
78,5138,108,2,sitting,2.0,108.0,5138.0,2.0,108.0,-0.0015,1.5927,-0.0112,0.037,-0.023,0.0188,-0.0191,-0.6146,0.0413,-0.0645,0.3145,0.0584,-1.144,0.5895,-0.0163,0.0008,-0.001,0.0001,0.0943,0.079,0.0866,0.0804,0.1154,0.1623,0.0505,0.0133,-0.0,-0.01,-0.1086,0.1107,0.2519,0.2269,0.1748,0.1872,0.2857,-0.0098,0.0002,0.2439,2.9795,-0.0083,0.0075,-0.1306,0.2956,0.0146,-0.0047,0.3689,0.0149,0.0044,0.0077,0.0026,1.5079,-0.0055,-0.2034,-0.0174,0.0194,0.0247,0.0262,-0.0538,-0.0135,0.1121,-0.0182,0.0253,0.0153,0.0262,0.0761,-0.3764,-0.1013,0.0132,0.0249,0.0256,-0.0842,-0.1503,-0.1004,-0.0068,-0.658,0.0051,0.1196,-0.0062,0.0205,-0.1097,-0.0196,1.4507,-0.0413,0.0131,-0.0276,0.0071,-0.4807,-0.0236,0.0067,0.0193,0.0085,0.0052,-0.0073,0.0092,0.0187,-0.0248,-0.0231,0.0146,0.0178,-0.0255,-0.0176,0.0081,0.006
79,5139,108,2,sitting,2.0,108.0,5139.0,2.0,108.0,0.0045,1.2639,-0.0117,0.032,-0.0423,0.0009,-0.0569,-0.8255,0.0712,-0.0624,0.4277,0.1025,0.1613,0.5836,-0.0218,0.0941,0.0848,0.1578,-0.145,0.1155,-0.3145,0.3068,0.2742,-0.3889,-0.2986,-0.2233,0.4049,-0.1935,0.2862,0.0505,0.001,0.0803,0.1106,-0.1126,0.01,0.0002,0.0245,0.3774,-0.02,0.0195,-0.0001,2.6766,-0.1007,-0.0159,0.5465,-0.0047,0.0051,0.0064,-0.0072,0.9834,-0.0182,3.5797,0.0076,0.0238,0.0257,-0.019,0.0194,-0.0231,-0.0581,0.0394,0.0348,0.0231,0.0241,0.0196,-0.1308,-0.1011,-0.0302,0.0222,0.0156,0.0235,-0.1194,-0.007,-0.0052,-0.4477,0.0079,0.213,-0.0032,0.0227,-0.1016,-0.016,1.4406,-0.0431,0.0183,-0.0463,0.0235,-0.8891,0.0252,0.0146,0.0043,-0.0053,0.0075,0.008,0.0161,0.0071,0.0228,-0.0111,0.0072,-0.0087,0.0209,-0.0233,-0.0193,-0.0117,0.0092
80,5140,108,2,sitting,2.0,108.0,5140.0,2.0,108.0,0.0037,1.3677,-0.0102,0.0375,-0.0009,0.001,-0.0424,-0.8333,0.0585,-0.0761,0.4256,0.0655,3.6173,2.1663,-0.0925,-0.1023,-0.085,0.129,-0.0508,0.1548,-0.1165,-0.207,-0.2747,-0.1394,-0.1774,0.1856,0.1486,0.1926,-0.2271,0.2989,0.0088,0.0807,0.2897,0.0205,0.0146,-0.01,0.0373,4.3972,0.0145,0.0277,0.1191,0.3177,-0.0042,-0.0002,0.5941,0.0069,-0.0067,-0.0066,-0.0064,1.4492,0.0079,-0.3321,-0.0049,0.0151,-0.0236,0.0,0.0195,-0.0187,0.0294,-0.1009,-0.1012,0.0184,0.0238,0.0249,-0.2162,-0.0239,0.0257,0.0068,0.0239,0.0235,-0.2303,-0.0221,-0.0052,-0.3896,0.0035,0.1303,-0.0053,0.0198,-0.0259,-0.0199,0.5762,-0.016,0.0228,-0.0206,-0.004,2.3078,0.0058,0.0252,-0.0031,0.018,0.0193,-0.006,0.005,-0.0233,0.0182,-0.0134,0.0076,0.0181,-0.0232,-0.0132,0.0073,-0.0154,0.0043
81,5141,108,2,sitting,2.0,108.0,5141.0,2.0,108.0,0.004,1.3639,-0.0112,0.0466,-0.0327,0.021,-0.055,-1.4137,0.0872,-0.0746,0.4791,0.0973,2.9062,-0.7173,0.0337,-0.1463,0.139,0.1535,0.1155,-0.1725,0.1674,-0.1957,0.1868,0.207,-0.2692,-0.0503,0.2275,0.0006,-0.2397,0.1018,-0.0441,0.0078,0.0356,-0.008,-0.0205,-0.0259,0.0296,3.6958,0.0262,0.2496,-0.3388,-0.3086,-0.01,-0.0037,0.4967,-0.0029,0.0048,-0.0032,0.0247,1.6094,-0.0079,-0.3495,-0.0239,-0.001,0.0151,-0.0145,0.0153,-0.02,0.2859,-0.1191,-0.0002,0.0142,0.0255,0.0461,-0.2309,-0.0257,0.0156,0.0189,0.0062,0.1003,-0.1122,-0.0807,-0.0084,-0.3898,0.0081,0.1507,-0.0085,0.0233,-0.1104,-0.0144,1.6582,-0.0499,0.0093,-0.0357,0.0087,-0.4364,0.0154,0.0041,-0.0077,0.0257,-0.0171,-0.006,0.0021,0.0183,-0.0076,-0.0113,0.0131,0.0238,-0.0172,-0.0077,-0.0114,-0.0062,-0.0091
82,5142,108,2,sitting,2.0,108.0,5142.0,2.0,108.0,0.0037,1.3389,-0.0123,0.0314,-0.0003,0.0212,-0.067,-1.2675,0.0765,-400.0,0.5744,0.0542,0.0943,-0.3561,-0.0858,0.0002,0.0168,-0.0507,-0.0125,-0.0174,0.0256,0.001,-0.0066,0.0119,0.0036,0.0131,0.0269,0.0056,-0.0204,0.0228,-0.014,0.0257,0.0013,-0.0115,-0.0111,0.0134,0.0275,0.3918,-0.0117,-0.0242,-0.1688,0.1055,0.0228,-0.0147,0.2786,0.0038,0.0021,0.0051,-0.0045,2.8494,0.0076,0.1124,-0.1016,0.01,0.0077,0.0206,0.1199,-0.1004,-0.2895,-0.2469,-0.027,0.0146,0.0245,0.0266,-0.2096,-0.0803,-0.0063,0.0202,0.015,0.0221,-0.2279,-0.1105,-0.0256,-0.006,-0.2967,0.009,0.1506,-0.0083,0.028,-0.1016,-0.0081,1.4892,-0.0462,0.0094,-0.0236,-0.0286,0.9859,0.0209,0.02,0.0085,0.0191,-0.0032,0.0052,0.0087,0.0232,-0.0231,-0.0184,0.0199,0.0201,-0.0226,-0.0071,-0.0072,0.003
83,5143,108,2,sitting,2.0,108.0,5143.0,2.0,108.0,0.0045,1.2691,-0.0112,0.0216,-0.0323,-0.0002,-0.0009,-1.0795,0.0548,-0.0624,0.601,0.0411,2.318,-1.0846,-0.001,0.0143,-0.0001,0.0117,0.0156,0.0163,0.0025,-0.0122,0.0141,0.0035,0.0327,-0.0031,0.0286,0.0057,-0.0036,0.0344,-0.006,0.0275,0.0013,0.01,-0.0119,0.0047,0.0507,0.5928,-0.008,0.0,-0.0954,-0.0285,-0.0088,-0.0033,0.5562,-0.0066,0.02,-0.0037,-0.0129,0.8776,-0.015,0.0803,-0.1852,-0.0086,-0.1068,0.1104,-0.1008,0.1558,-0.1469,-0.4064,-0.0277,0.0194,0.0099,0.0587,-0.2065,-0.077,0.1127,0.0231,0.0179,0.1018,0.0273,-0.0542,-0.0067,-0.3496,0.0051,0.1308,-0.0071,0.0226,-0.1191,-0.0121,1.4403,-0.0438,0.0076,-0.0298,-0.0097,0.4972,0.0074,0.0077,0.0233,0.0238,-0.0081,-0.0098,0.0083,0.0259,-0.0248,-0.0085,0.0252,0.0242,-0.0255,-0.0082,-0.0161,0.0089,-0.013
84,5144,108,2,sitting,2.0,108.0,5144.0,2.0,108.0,0.0037,1.4356,-0.0104,0.0344,-0.0252,0.0004,-0.0548,-0.7294,0.061,-0.0215,0.3125,0.0508,3.4538,2.1141,-0.0866,-0.0743,0.1217,0.135,0.0957,0.142,0.0353,-0.2732,0.2558,-0.1665,0.1869,-0.1929,-0.3072,0.229,0.2328,-0.2696,-0.1309,0.1016,0.1505,-0.001,-0.1124,-0.1191,-0.3686,5.3347,-0.0807,-0.2451,-0.7085,0.6077,-0.3935,0.008,0.547,-0.0063,-0.0034,-0.0055,0.01,1.6764,0.02,0.4046,0.0202,0.0087,0.0049,0.0098,-0.0286,0.0182,-0.0409,-0.1008,-0.0238,0.0239,0.0002,0.0421,-0.2012,0.0197,-0.1108,0.0266,0.0257,0.0178,-0.0458,-0.0383,-0.0001,-0.5399,0.0074,0.2162,-0.0076,0.0227,-0.1391,-0.0079,2.8852,-0.0415,0.0206,-0.0257,0.0205,-3.9431,0.0262,0.0075,0.0061,0.0232,-0.0062,0.0233,-0.0192,0.0089,0.0245,-0.0077,-0.0093,0.0095,0.0142,-0.0173,-0.0084,0.0092,-0.0112
85,5145,108,2,sitting,2.0,108.0,5145.0,2.0,108.0,0.0017,1.3049,-0.0122,0.0219,-0.0007,-0.031,-0.0416,-0.9238,0.065,-0.0548,0.4585,0.0772,2.1341,3.619,0.0962,-0.0829,-0.1288,-0.414,0.2559,0.1486,0.1556,0.1182,-0.3123,0.2095,0.266,0.189,0.2366,-0.0803,0.2874,0.0506,0.1191,0.2465,0.1008,-0.0231,0.0001,-0.01,0.0033,4.5834,-0.02,-0.0002,-0.0151,0.0205,-0.0204,-0.0053,0.5439,0.001,0.0027,-0.0031,-0.0262,1.5543,0.0057,0.1018,-0.0067,0.0228,-0.0042,-0.0132,-0.0222,0.034,-0.007,0.0277,0.0239,0.0099,0.0178,0.0232,-0.1992,-0.0223,0.0183,0.0231,0.0221,0.0238,-0.2252,-0.0194,0.0238,-0.388,0.0146,0.1102,-0.0069,0.0161,-0.0208,-0.0089,0.3763,-0.0092,0.0173,-0.0121,-0.0164,1.4468,-0.0243,0.0036,0.0047,-0.0135,0.0096,-0.0093,-0.0071,0.0081,0.0179,-0.0177,-0.0098,0.0227,0.0226,-0.0191,-0.0184,0.0076,0.0113
86,5146,108,2,sitting,2.0,108.0,5146.0,2.0,108.0,0.0042,1.377,-0.0103,0.069,-0.0438,0.021,0.0585,-0.8139,0.0872,-0.0507,0.3125,0.1245,2.4047,3.2028,0.0723,0.0943,-0.1575,0.4396,0.266,-0.2788,-0.1916,-0.2225,-0.1763,0.3059,-0.3684,0.3421,0.1366,-0.1469,0.1851,0.2489,-0.0006,0.1181,0.1009,-0.0231,-0.0002,0.001,0.1191,1.4967,-0.0803,-0.1306,-0.3376,0.4491,0.0266,0.01,0.4886,0.02,-0.0001,-0.0041,-0.0092,0.5764,-0.0183,-0.2968,-0.0155,0.0238,0.0158,-0.0271,-0.0139,-0.0331,-0.1103,0.4699,0.3556,-0.0154,0.0245,0.1015,-0.328,-0.0406,0.0698,0.0286,0.0236,0.0697,-0.2302,-0.0594,0.005,-0.3004,0.0074,0.1504,-0.0062,0.0209,-0.1122,-0.0196,1.6573,-0.0206,0.0259,-0.0252,0.0238,-1.4015,-0.0177,0.0286,0.0291,0.0066,-0.0255,0.0061,0.0082,0.0193,-0.0171,-0.0031,0.0294,0.0235,-0.0079,-0.0087,0.0052,0.0078,-0.0195
87,5147,108,2,sitting,2.0,108.0,5147.0,2.0,108.0,0.0116,0.7737,-0.0066,0.0622,-0.044,-0.0581,0.0862,0.457,-0.031,0.0003,-0.2461,-0.0741,1.0947,1.1257,0.1858,-0.1154,0.139,0.1535,0.1746,0.2036,-0.2925,0.1419,0.306,-0.023,-0.2638,0.2853,0.2789,0.2332,-0.1509,0.3342,0.0806,-0.0503,-0.0549,-0.0332,0.0164,-0.055,-0.0278,2.8695,0.0455,-0.01,-0.1121,0.1014,-0.0238,0.0165,0.5281,0.0044,0.001,0.0002,-0.0185,3.7382,0.0286,-0.5591,-0.0291,-0.0248,-0.1003,-0.1104,-0.0195,-0.0373,-0.1197,-0.4843,-0.3486,0.0168,0.0078,0.0874,-0.1308,-0.3976,0.3457,0.0893,0.0265,0.0453,-0.2207,0.0973,-0.0001,-0.568,0.0072,0.2504,-0.0167,0.0227,-0.1007,-0.0131,1.6375,-0.0271,0.0059,-0.0296,0.0069,-0.9894,0.0184,0.02,-0.0096,0.0187,-0.0088,0.0051,0.0079,0.0228,-0.0242,-0.0125,0.0257,0.0266,-0.0182,-0.0171,-0.0199,-0.0066,0.0096
88,5148,108,2,sitting,2.0,108.0,5148.0,2.0,108.0,0.0069,1.3697,-0.0123,0.0325,-0.0008,0.0002,-0.043,-1.267,0.0566,-0.0788,0.6014,0.0694,-4.9798,-3.4074,0.1156,0.1099,-0.0983,0.0885,-0.1613,0.1202,0.1852,-0.152,0.2277,-0.1747,0.2465,-0.1437,-0.2968,0.1961,-0.3348,-0.2895,-0.0503,0.0809,-0.0155,0.0162,-0.0182,0.0278,-0.3546,0.7164,0.0072,-0.2796,0.3839,0.1192,0.01,-0.001,0.5086,-0.0087,0.0001,-0.0143,-0.0,2.6054,-0.0257,-0.4932,-0.0266,0.0131,0.0191,0.0245,-0.0064,0.02,-0.0059,-0.213,-0.0175,0.0255,0.0089,0.0042,-0.2309,0.0332,0.0277,0.0238,0.0228,0.0041,-0.101,-0.0057,-0.0144,-0.5345,0.0081,0.1303,-0.0078,0.0193,-0.1002,-0.0179,1.4508,-0.0434,0.0198,-0.0236,0.0176,3.4014,0.0252,0.0092,0.0205,-0.018,0.0042,-0.0051,-0.0073,0.009,-0.0182,-0.0059,0.0167,0.0226,-0.0273,-0.0209,-0.0131,0.0063,-0.0158
89,5149,108,2,sitting,2.0,108.0,5149.0,2.0,108.0,0.0107,1.5927,-0.0043,0.0364,-0.0211,-0.0002,-0.0413,-0.8283,0.0566,-0.067,0.4356,0.0889,0.2332,0.314,-0.0009,0.0168,0.006,0.0206,0.01,0.0146,-0.0086,-0.0056,-0.0001,-0.0038,0.0158,0.0109,0.0286,0.0047,-0.011,0.0285,0.0017,0.0276,0.0078,0.001,-0.0134,0.0044,0.0035,2.2954,-0.02,0.129,-0.0254,0.1474,-0.1555,-0.0124,0.4841,0.0037,0.0049,-0.004,0.0226,0.9728,0.1883,0.0506,0.2657,-0.2095,-0.1669,0.2531,0.1191,0.368,3.7739,4.7291,5.7973,8.8891,6.5087,7.9953,2.6319,0.7545,0.2267,-0.0252,0.0202,0.0072,0.0277,-0.0451,-0.0082,-0.3342,0.0065,0.1305,-0.0121,0.0233,-0.1122,-0.0194,1.3096,-0.0262,0.0254,-0.0061,-0.0322,0.0185,-0.8433,0.0176,0.0228,-0.0093,0.0235,0.0238,-0.0066,0.0098,0.0071,0.0151,-0.0081,0.0092,0.0162,-0.0231,-0.0127,0.0089,0.0152
90,5150,108,2,sitting,2.0,108.0,5150.0,2.0,108.0,0.0037,1.3391,-0.0111,0.031,-0.0008,0.001,-0.0255,-0.7169,0.0549,-0.0412,0.3944,0.0645,3.5116,2.189,0.1375,0.0723,-0.0866,0.0506,-0.1547,-0.0962,-0.1461,0.1634,0.1763,0.1957,0.1011,0.0213,0.0002,0.2028,0.3139,-0.2669,0.2788,-0.0182,0.0804,0.1309,0.0246,0.0249,0.0256,0.6848,0.0065,-0.0156,-0.0206,0.2586,0.0205,-0.0038,0.2946,-0.003,0.004,-0.006,-0.0247,1.6797,-0.0087,-0.2436,0.2278,-0.0096,0.0266,0.0143,0.0042,-0.0577,-0.0383,-0.1106,-0.02,0.0286,0.0259,0.0233,-0.2202,-0.0232,0.0277,0.0053,0.0235,0.0239,-0.1024,-0.0228,-0.0032,-0.5573,0.0054,0.1852,-0.0089,0.0227,-0.1003,-0.0199,1.5648,-0.0426,0.0095,-0.0297,-0.0255,0.988,-0.0079,0.0085,0.0164,0.0041,0.0241,-0.01,0.0072,-0.0159,0.0231,-0.0193,-0.0184,0.0209,0.0248,-0.0257,-0.0135,0.0092,0.0076
91,5151,108,2,sitting,2.0,108.0,5151.0,2.0,108.0,-0.0012,1.2677,-0.0007,0.0106,-0.026,-0.0157,-0.0525,-0.7969,0.041,-0.038,0.3177,0.0872,-0.0764,0.8482,-0.0113,0.0042,-0.0962,0.1186,0.1633,-0.2481,-0.2784,-0.2278,0.1949,0.2315,0.1894,0.1006,-0.172,-0.1492,-0.1014,-0.1109,-0.01,0.0509,0.0002,0.0147,-0.0204,0.0065,-0.001,2.2898,-0.0804,-0.0256,0.3766,0.2989,-0.0088,-0.0043,0.4841,-0.0046,-0.005,-0.0055,-0.0202,0.689,-0.0,0.4587,0.0196,0.004,-0.0132,-0.0135,0.0233,0.0058,-0.0044,-0.0373,-0.0236,0.0139,0.0075,0.0286,-0.213,-0.0131,0.0953,0.0232,0.0266,0.0156,-0.1129,-0.0383,-0.0272,-0.0034,-0.3882,0.0067,0.1307,-0.0151,0.0252,-0.1198,-0.017,1.3699,-0.0461,0.02,-0.0294,-0.0054,0.4991,0.0197,0.0073,0.0229,-0.0163,0.0191,-0.0071,0.0152,-0.0257,-0.0255,0.0059,0.0245,0.0195,-0.0063,-0.006,0.0076,-0.0085
92,5152,108,2,sitting,2.0,108.0,5152.0,2.0,108.0,0.0016,1.327,-0.0107,0.044,-0.0211,0.0004,-0.0569,-0.9346,0.0314,-0.061,0.4671,0.089,2.256,0.7016,-0.1291,0.0961,0.1749,-0.1343,0.2762,0.1856,-0.1572,0.2463,0.2947,-0.2858,-0.2268,-0.3057,0.2619,0.2064,0.3538,0.6013,0.397,0.1008,0.2397,0.0508,-0.1014,0.01,0.0286,0.3388,0.0002,0.001,-0.0036,-0.0262,-0.0165,0.0048,0.5546,0.0041,0.0066,-0.0121,0.0202,0.7744,-0.0086,-0.0205,-0.1105,-0.0001,0.0087,-0.0193,-0.0183,0.0151,-0.0196,0.0042,0.02,0.0131,0.0089,0.0803,-0.1126,-0.2505,-0.008,0.0205,0.0248,0.0238,-0.1306,-0.0245,-0.0053,-0.3774,0.005,0.1895,-0.0084,0.0229,-0.1016,-0.0134,1.4567,-0.0426,0.0294,-0.0259,0.0099,-0.7973,0.0192,0.0132,0.0182,-0.0072,0.0228,-0.0078,-0.0054,0.0209,0.0232,-0.0111,-0.0181,0.0194,0.0159,-0.0234,-0.0198,0.0085,0.0175
93,5153,108,2,sitting,2.0,108.0,5153.0,2.0,108.0,0.0067,1.3037,-0.0104,0.0326,-0.0009,-0.0059,-0.0216,-1.1047,0.068,-0.0574,0.5741,0.0742,-0.2365,0.827,-0.0075,0.0046,-0.0164,0.0143,0.0109,0.0194,0.0132,-0.0002,-0.0245,-0.0124,0.0117,0.0088,0.0305,0.0111,-0.0035,0.0115,-0.0038,0.0287,0.0066,0.001,-0.0121,0.0018,0.0131,0.7382,-0.0013,0.0242,0.1296,-0.0504,-0.0125,0.0036,0.2987,0.0027,0.0001,-0.005,0.0082,0.1461,0.0149,0.0854,0.0044,-0.0122,-0.019,-0.0239,-0.0072,-0.0158,0.0156,-0.204,-0.0202,0.0256,0.0184,0.0262,-0.1952,-0.0222,0.0077,0.0231,0.0228,0.0245,-0.2206,-0.0223,0.0063,-0.3147,0.007,0.1308,-0.0083,0.0238,-0.1068,-0.0179,1.4406,-0.0428,0.0071,-0.0357,0.0078,0.9848,0.0051,0.0139,-0.0033,0.0169,0.0162,-0.006,0.0045,0.0085,-0.0192,-0.0193,0.0091,0.0153,-0.0209,-0.0186,-0.0155,0.0134,-0.01
94,5154,108,2,sitting,2.0,108.0,5154.0,2.0,108.0,0.0025,1.5941,-0.0112,0.0466,-0.0399,0.0004,0.0592,-0.839,0.0763,-0.068,0.4796,0.0846,0.1715,0.7391,0.0266,0.0211,0.0505,0.1316,0.109,0.0943,0.1436,0.2326,0.2224,0.1944,-0.0002,-0.312,0.2837,0.2061,-0.2762,0.3582,0.3039,0.185,0.001,0.0001,-0.01,-0.0098,0.0068,0.1006,2.9776,-0.0132,0.0174,-0.0803,0.0045,-0.02,-0.0129,0.547,-0.0049,0.0031,-0.0134,0.0238,0.8977,-0.0205,0.0178,0.0239,0.0239,-0.0246,-0.0245,-0.0172,0.0185,0.0231,-0.1191,0.0236,0.036,0.0133,0.1107,-0.2306,-0.0158,0.0,0.0262,0.0248,-0.1121,-0.0278,-0.0069,-0.2503,0.0065,0.0981,-0.0164,0.0222,-0.0204,-0.0188,0.9475,-0.0245,0.0142,-0.0148,-0.0253,0.0186,-1.6721,0.0242,0.0243,-0.0079,-0.0183,0.0156,-0.0051,-0.0073,0.0259,-0.0191,-0.0066,0.0256,0.0187,-0.0249,-0.014,0.0138,0.0155
95,5155,108,2,sitting,2.0,108.0,5155.0,2.0,108.0,0.0033,1.3266,-0.0107,0.0212,-0.0423,0.0325,-0.0546,-1.0872,0.0645,-508.0,0.4464,0.1153,2.175,3.4868,0.1582,-0.0963,-0.168,0.2213,0.1855,0.2459,-0.3043,0.191,-0.1457,-0.4234,0.269,0.2949,-0.2866,0.1009,-0.4088,0.2774,0.4783,-0.0009,0.0002,-0.0286,0.0233,0.0042,0.0136,0.2091,-0.0809,0.1106,-0.1507,0.3941,-0.001,0.0196,0.3797,0.0069,0.0073,0.0038,-0.01,0.8979,-0.0,0.1198,0.0056,-0.0259,-0.0247,0.1306,0.1012,-0.1126,-0.0409,0.215,-0.0135,0.056,-0.0065,0.02,-0.1027,-0.2207,0.0977,0.0086,0.0093,0.0534,-0.039,-0.2605,-0.0245,0.0054,-0.5862,0.0075,0.2503,-0.0084,0.0252,-0.1151,-0.007,1.4297,-0.0426,0.0095,-0.0271,0.0092,0.9967,0.0087,0.0081,0.0198,0.0071,-0.0294,0.0085,-0.0061,0.0047,-0.0248,-0.0178,0.0132,0.0251,-0.0243,-0.0074,-0.0131,0.0113
96,5156,108,2,sitting,2.0,108.0,5156.0,2.0,108.0,0.0016,0.9074,-0.0108,0.0511,-0.0005,0.0059,0.0433,1.3638,-502.129,0.3123,-0.4569,0.1053,0.1849,2.1394,0.0628,-0.0329,-0.0957,0.0224,-0.2554,-0.205,0.1558,0.1486,-0.2372,-0.174,0.1932,-0.226,-0.267,0.2756,-0.1005,0.3744,-0.0002,0.1011,-0.0598,-0.0142,0.001,0.0096,-0.1127,3.619,-0.0807,-0.1308,0.3543,-0.3073,-0.02,0.0021,0.4795,0.01,0.0046,0.0063,-0.0272,0.7788,0.0089,0.3941,0.0131,0.0277,0.0375,0.008,-0.0259,-0.0231,0.1509,-0.4892,0.0407,0.0078,0.0286,0.0981,-0.3466,0.1102,0.0302,0.0083,0.0187,0.0355,-0.2209,-0.036,0.0061,-0.3008,0.0085,0.1197,-0.0165,0.0162,-0.0791,-0.0067,1.5571,-0.0401,0.0082,-0.0356,0.0076,-0.7464,0.0237,0.0197,-0.0256,0.0001,-0.0079,0.0051,-0.0052,0.0193,0.0239,-0.0226,-0.0184,0.0199,0.0238,-0.0172,-0.0168,0.0077,0.0056
97,5157,108,2,sitting,2.0,108.0,5157.0,2.0,108.0,0.0032,1.3272,-0.0107,0.0375,-0.0078,0.0212,-0.0436,-0.9866,0.055,-0.0645,0.4369,0.0871,-0.1091,0.4468,0.0065,0.0003,-0.0271,0.0086,0.0046,0.02,-0.0143,0.0047,0.0119,-0.0025,0.0123,0.0072,0.034,0.006,-0.0011,0.0118,-0.0063,0.029,0.0038,0.001,-0.0124,0.0026,0.033,3.8356,0.0089,-0.0509,-0.0913,0.0238,-0.01,-0.002,0.4976,0.0051,-0.0062,-0.0015,0.0128,2.2788,-0.0135,0.1011,0.0096,0.0001,-0.0002,-0.008,0.0039,0.0158,0.1657,-0.0275,-0.0077,0.0084,0.0117,0.0228,0.1474,-0.2285,-0.0207,0.037,0.0082,0.0232,-0.1307,-0.0236,0.0033,-0.4879,0.0087,0.1764,-0.0155,0.0205,-0.0069,-0.0156,-0.6781,0.0173,0.0206,-0.0259,0.0094,-0.6161,0.0092,0.0183,0.0195,-0.0052,0.0249,-0.0093,-0.0153,0.0021,0.0233,-0.0256,-0.0159,0.024,0.0248,-0.0265,-0.0242,0.0042,0.0129
98,5158,108,2,sitting,2.0,108.0,5158.0,2.0,108.0,0.0108,1.2887,-0.0068,0.037,-0.0211,0.0003,-0.0427,-0.8139,0.052,-0.064,0.3312,0.0791,2.0962,0.6014,-0.1023,0.0239,0.1349,0.179,0.1557,0.1625,0.1014,0.1838,0.0503,-0.145,-0.1307,0.1004,-0.2988,0.2272,-0.2636,-0.1946,-0.1106,0.0277,0.0141,-0.0002,-0.016,0.0001,0.001,3.4842,-0.0166,0.0804,-0.2481,-0.3744,-0.1128,0.0067,0.5464,-0.0121,-0.0165,-0.0145,0.0236,1.5947,-0.0143,-0.3985,-0.0175,0.0035,0.0098,0.0266,0.0093,-0.0355,-0.3069,-0.9451,0.1195,0.0,0.0245,0.1505,-0.3704,0.0259,0.0161,0.0248,0.0592,0.348,-0.2505,-0.0433,-0.01,-0.5832,0.0051,0.1796,-0.0086,0.0257,-0.1124,-0.0179,1.5574,-0.0499,0.0156,-0.0239,-0.0194,-0.9517,-0.0076,0.0253,0.0178,0.0182,0.0163,-0.0053,0.0031,0.0056,-0.0097,-0.0077,0.0071,0.0173,-0.0205,-0.0209,-0.0183,0.0074,-0.0152
99,5159,108,2,sitting,2.0,108.0,5159.0,2.0,108.0,0.0015,1.2697,-0.0114,0.0213,-0.0003,0.001,-0.0246,-0.414,0.0585,-0.038,0.2425,0.0468,0.067,1.3898,0.0157,-0.0158,-0.0164,0.009,0.0108,0.0112,0.0017,-0.0059,-0.0023,-0.0135,0.0141,-0.0011,0.0283,0.0031,-0.002,0.0256,-0.0002,0.0285,0.01,0.0001,-0.0128,0.0034,0.0037,0.1065,0.0072,0.0036,-0.0226,0.0743,-0.02,-0.0147,0.3391,0.0032,-0.0016,-0.0019,-0.0029,2.4849,-0.0122,0.0974,0.0266,0.014,-0.0046,-0.0507,-0.0088,0.0221,0.1851,-0.0067,0.0231,0.0139,0.0235,0.0266,-0.2769,-0.0462,0.0056,0.0193,0.0239,0.0237,-0.1011,-0.035,-0.0063,-0.4566,0.0053,0.1878,-0.0081,0.0232,-0.1109,-0.0179,1.4489,-0.0475,0.0142,-0.0243,0.0073,-0.5499,0.0086,0.0184,-0.0055,-0.0096,0.0242,-0.0052,0.0077,0.0257,-0.0176,-0.0208,0.0082,0.0171,-0.0202,-0.0195,-0.013,0.0194,-0.0113
100,5160,108,2,sitting,2.0,108.0,5160.0,2.0,108.0,-0.0033,1.2846,-0.0107,0.0425,-0.0324,0.025,0.0523,-0.8139,0.0506,-0.067,0.417,0.0891,0.1461,0.9644,0.0111,0.0007,0.0002,0.1062,-0.001,0.094,0.132,-0.1532,0.1875,0.1939,0.1712,0.226,-0.0409,0.1191,0.1636,-0.0804,-0.1505,0.0259,0.0276,0.0163,-0.02,-0.0239,0.0038,0.3145,-0.0168,0.0437,-0.01,0.2656,-0.1129,0.0135,-0.0042,0.4944,-0.0041,-0.0027,-0.0047,0.0058,0.9869,-0.0089,0.101,-0.0059,0.0001,-0.0186,0.0185,-0.0187,-0.0259,-0.1102,-0.0072,0.0202,0.0031,0.0034,0.1306,-0.2207,-0.0064,0.0188,0.0245,0.0262,-0.0521,-0.1003,0.0067,-0.2983,0.0073,0.12,-0.008,0.0207,-0.11,-0.0177,1.4409,-0.0433,0.0196,-0.0273,-0.0079,0.9766,0.0143,0.0048,0.0232,-0.0065,0.0205,-0.0266,-0.0194,0.0045,0.0153,-0.0181,-0.0093,0.0238,0.0152,-0.0226,-0.009,0.0082,0.0154
101,5161,108,2,sitting,2.0,108.0,5161.0,2.0,108.0,0.0017,1.5975,-0.0108,0.0364,-0.0423,0.0211,-0.0005,-1.0632,0.0547,-0.0741,0.4303,0.0508,2.3969,-0.9355,-0.0186,0.0065,-0.0942,0.141,0.2271,0.1343,-0.1558,0.2062,-0.1866,0.1619,-0.3282,0.3346,0.1285,0.1197,0.0806,0.3628,0.2694,0.0276,0.1017,-0.1009,-0.0025,0.054,0.2461,3.3068,0.2988,-0.1127,0.3581,-0.3849,0.0206,0.0205,0.489,0.0044,-0.0182,-0.001,0.0257,1.537,0.01,-0.2796,0.0002,-0.02,-0.0221,0.0259,0.0155,0.0001,-0.3773,-0.4592,-0.1104,0.0467,0.0463,0.5072,-0.348,0.1506,0.0448,0.0302,0.0579,0.0443,0.0884,-0.0557,-0.0098,-0.6052,0.0083,0.2508,-0.0056,0.0226,-0.1001,-0.0209,1.7475,-0.0431,0.0077,0.0286,-0.0294,0.0095,-1.5427,0.0121,0.0253,0.0187,0.0245,-0.0291,0.0068,-0.0095,0.0239,-0.0238,0.0076,0.0093,0.0151,-0.0199,-0.0078,0.0088,0.0089
102,5162,108,2,sitting,2.0,108.0,5162.0,2.0,108.0,0.0033,1.5868,-0.0122,0.028,-0.033,-0.0082,-0.0569,-0.9818,0.0743,-0.0463,0.4356,0.089,0.1061,0.959,-0.0005,0.0106,0.001,0.0155,0.0002,0.02,-0.006,-0.0016,-0.0146,-0.0123,0.0041,-0.0038,0.0305,0.0032,-0.0017,0.0252,-0.0024,0.0288,0.0074,0.0001,-0.0131,0.004,0.0057,2.6358,0.0913,0.0205,0.0294,-0.1165,0.0136,-0.0066,0.2886,-0.0042,0.0049,-0.0145,-0.0135,0.8477,0.0209,-0.1478,-0.1225,0.0503,0.0156,0.1017,-0.0286,0.1519,0.2784,-0.2029,0.1191,0.0202,0.0164,0.0807,-0.2692,0.007,0.0195,0.0221,0.0067,0.0148,0.01,-0.1303,-0.0286,-0.0071,-0.3773,0.0075,0.1793,-0.0047,0.0247,-0.1126,-0.0134,1.4421,-0.04,0.0252,-0.0277,0.005,0.9799,0.0177,0.0085,-0.0079,0.0089,0.0233,-0.0076,0.0159,0.0181,-0.0235,-0.0039,0.0183,0.0228,-0.0253,-0.0053,0.0054,0.0088
103,5163,108,2,sitting,2.0,108.0,5163.0,2.0,108.0,0.0047,1.3789,-0.0104,0.0219,-0.031,-0.001,-0.0005,-0.9604,0.0523,-508.0,0.427,0.0957,0.1132,0.9942,1.2482,0.0002,0.0622,0.145,-0.086,0.072,0.154,0.1236,0.2574,-0.1346,-0.1852,0.3096,-0.1733,0.318,-0.1639,-0.2886,-0.2692,-0.0807,0.358,-0.2784,-0.0178,-0.0069,0.0332,0.2997,2.3865,0.1306,-0.1129,0.4954,-0.1011,-0.0068,0.0131,0.4434,0.0051,0.0077,-0.0048,-0.01,0.8861,-0.0087,0.1008,0.0156,-0.0191,-0.0166,0.0183,0.0172,0.0259,-0.2257,0.1198,0.0001,0.0143,0.0098,0.2208,-0.2507,-0.0231,0.0286,0.02,0.0245,0.1102,-0.1024,0.0073,-0.0041,-0.5864,0.007,0.1876,-0.0067,0.0238,-0.1085,-0.0194,1.4562,-0.0427,0.0079,-0.0298,-0.0081,0.5521,0.0065,0.0175,-0.0255,-0.0095,0.0071,-0.0159,-0.0074,0.009,-0.0257,-0.0118,0.0113,0.0153,-0.0229,-0.0163,-0.0096,0.0082
104,5164,108,2,sitting,2.0,108.0,5164.0,2.0,108.0,0.0037,0.734,-0.0111,0.0638,-0.0414,0.0569,0.0842,1.3961,-0.0723,-0.1325,-1.6163,-0.1632,3.1272,0.9509,0.1733,-0.0953,-0.2275,-0.357,0.2403,-0.1854,0.1547,-0.1936,-0.1081,-0.266,0.2768,-0.3043,0.427,0.3139,-0.4488,0.022,-0.2974,-0.0509,-0.001,-0.0007,0.0163,0.02,0.0221,2.5794,-0.0804,0.1193,-0.1102,0.0086,-0.0164,0.0002,0.4885,-0.0045,0.0034,-0.0155,-0.0166,0.8356,0.0152,0.6546,-0.01,-0.0001,0.0078,-0.0158,0.0131,0.005,-0.101,-0.2608,0.0182,0.0234,0.0179,0.0577,-0.2889,0.1003,0.0286,0.0149,0.0096,0.0233,-0.1509,-0.0,-0.0059,-0.6762,0.0084,0.2209,-0.0095,0.0238,-0.1129,-0.0176,1.4406,-0.0421,0.0098,-0.0298,0.0083,-0.8051,0.0092,0.0141,0.0071,0.0188,-0.0097,-0.0077,-0.0047,0.0205,-0.0228,-0.0119,0.0202,0.0199,-0.0252,-0.0085,-0.019,0.0091,-0.0056
105,5165,108,2,sitting,2.0,108.0,5165.0,2.0,108.0,0.0007,1.5961,-0.0064,0.0135,-0.022,-0.0072,-0.0255,-1.0788,0.0611,-0.0581,0.563,0.035,0.1026,-0.9824,-0.0096,0.0065,-0.0043,-0.0434,0.087,0.0913,-0.126,0.1422,-0.0441,0.1851,0.1536,-0.1746,0.2391,-0.2957,0.2555,-0.1003,-0.01,0.0289,0.0066,0.0002,-0.0133,0.001,0.0508,0.2741,-0.0116,0.0131,0.02,-0.1948,-0.0086,0.0044,0.538,0.0,-0.0067,0.0074,-0.0032,2.4085,-0.0137,0.1014,0.0168,0.0075,-0.0087,0.0248,-0.0178,-0.0001,0.0589,-0.0332,0.0202,0.0077,0.0163,0.0149,-0.2893,-0.0236,0.0039,0.0238,0.0069,0.0221,-0.1306,-0.0257,-0.0045,-0.4773,0.0062,0.2497,-0.0079,0.0226,-0.1109,-0.0194,1.4757,-0.0401,0.0038,-0.0253,0.0084,-1.5821,0.0245,0.0052,0.0076,0.019,-0.0083,0.0171,-0.0099,0.0195,0.0233,-0.0266,0.0159,0.0192,-0.0205,-0.0142,-0.0154,0.0085,-0.0109
106,5166,108,2,sitting,2.0,108.0,5166.0,2.0,108.0,0.0032,0.7356,-0.0044,0.0106,-0.0118,-0.0064,-0.0211,-1.0515,0.0467,-0.035,0.4696,0.0585,0.0955,0.8348,-0.0078,0.0009,-0.0,-0.001,0.02,0.0112,0.0024,-0.0123,0.0001,-0.0143,0.0038,0.0013,0.0204,0.0108,-0.0042,0.0157,0.0134,-0.0002,0.0298,0.0027,-0.01,-0.0114,0.0146,1.6397,0.0772,0.0239,0.0136,-0.2556,-0.1021,0.0158,0.006,0.3086,0.0035,-0.0139,-0.0066,0.0509,2.3156,0.032,-0.1654,-0.0294,-0.0236,-0.1747,0.0194,-0.0332,0.014,0.2698,-0.0409,0.0097,0.0068,0.0239,0.1962,-0.2296,-0.0205,0.0254,0.008,0.0256,0.101,-0.1308,0.0266,0.0051,-0.4883,0.0059,0.2202,-0.0065,0.0235,-0.1104,-0.017,1.4537,-0.0431,0.0079,-0.0252,0.0192,-1.6973,0.0074,0.0063,0.0076,0.009,0.0182,-0.0129,-0.0077,0.0242,-0.0248,-0.0153,0.0184,0.0087,-0.0257,-0.0128,0.0041,0.0095
107,5167,108,2,sitting,2.0,108.0,5167.0,2.0,108.0,0.0014,1.317,-0.0102,0.0345,-0.0438,-0.0581,-0.0843,-1.065,0.0947,-0.0788,0.3782,0.1349,0.4608,-0.9708,-0.0504,0.1558,-0.2368,-0.1148,-0.1251,0.2597,-0.1719,-0.2057,0.2832,0.166,0.2762,0.1874,-0.3056,-0.1072,0.4077,-0.2639,0.2278,-0.0009,0.001,0.0002,-0.0231,0.0276,0.2489,3.5935,-0.01,-0.0196,-0.0205,0.0239,-0.0166,-0.0001,0.5434,-0.0061,-0.0036,0.0065,-0.0146,2.7387,0.0042,0.3392,-0.0031,0.017,0.0236,-0.0163,0.0233,0.0184,-0.0362,-0.2206,-0.0585,0.019,0.0094,0.0807,-0.2252,-0.1198,-0.0277,0.0226,0.0205,0.0086,-0.1303,-0.1003,-0.0129,-0.448,0.0053,0.1791,-0.0076,0.0232,-0.1106,-0.0169,1.5521,-0.0464,0.0141,-0.0259,-0.0257,-0.0095,-1.5003,0.0179,0.0183,0.0237,-0.0071,-0.0111,-0.0198,0.0242,-0.0235,-0.0065,0.0187,0.0228,-0.0206,-0.0175,0.0067,-0.0112,-0.0152
108,5168,108,2,sitting,2.0,108.0,5168.0,2.0,108.0,0.0015,1.3068,-0.0123,0.0271,-0.0224,-0.0412,-0.0314,-0.9865,0.0549,-0.0774,0.4236,0.064,-0.0872,0.9444,0.0004,0.0131,-0.0162,0.0506,0.0957,0.136,-0.1186,-0.191,-0.0803,0.1836,0.1696,-0.1002,0.2548,0.1742,-0.1017,0.2632,0.0493,0.038,0.0066,0.0134,0.0002,-0.0276,-0.001,2.3373,0.005,-0.0231,-0.2829,-0.2263,-0.0139,0.0051,0.5327,0.0069,0.0001,-0.01,-0.0182,0.9988,-0.0294,0.209,-0.0179,0.0189,0.0,-0.02,0.0275,-0.0056,-0.0257,0.0332,0.027,0.0257,0.0231,0.0094,-0.195,-0.0266,0.0185,0.0064,0.024,0.0344,-0.1308,-0.0205,-0.0175,-0.4737,0.0078,0.2307,-0.0038,0.0205,-0.1191,-0.0154,1.4535,-0.0405,0.0143,-0.037,-0.0095,0.9767,-0.0081,-0.0059,0.0084,-0.0232,0.0046,-0.0071,0.0041,-0.0042,0.0233,-0.0183,0.0055,0.0235,0.0237,-0.0242,-0.0077,-0.0121,0.0076
109,5169,108,2,sitting,2.0,108.0,5169.0,2.0,108.0,0.0017,1.265,-0.0108,0.038,-0.0233,-0.0212,-0.0433,-1.0947,0.0569,-0.0699,0.414,0.1143,-0.3151,-0.9079,-0.1085,0.0008,-0.1655,-0.0286,0.0508,0.0146,0.1836,0.2096,0.286,0.1425,0.227,-0.1364,0.1944,-0.1575,-0.2337,0.3078,0.1107,0.1126,0.2442,-0.1505,-0.1306,0.0059,0.2983,3.2782,0.01,-0.1011,0.1009,-0.0239,0.0038,0.0032,0.534,-0.0072,0.0002,0.0041,-0.0134,2.6695,-0.0165,0.3574,-0.0039,0.001,0.0,-0.02,-0.0031,0.0238,-0.0294,0.0231,0.0465,0.0238,0.0221,0.0567,-0.2166,-0.0071,0.0806,0.0277,0.0226,0.0232,-0.0545,-0.0793,-0.0087,-0.4876,0.0077,0.2203,-0.0062,0.0156,-0.1027,-0.0081,1.4957,-0.0461,0.0194,-0.0357,0.0173,-0.9721,0.0158,0.0239,-0.0154,-0.009,0.0186,-0.0088,-0.0072,0.0168,0.0252,-0.0042,-0.0189,0.0209,0.0235,-0.0179,0.0192,0.0098,-0.0184
110,5170,108,2,sitting,2.0,108.0,5170.0,2.0,108.0,0.004,1.4569,-0.0111,0.031,-0.0089,-0.001,-0.0219,-0.9795,0.0549,-0.0468,0.3941,0.0627,3.1743,2.1396,0.0823,-0.0002,-0.093,0.0775,-0.0006,0.1572,0.129,0.2457,0.205,-0.1463,-0.1686,-0.1874,-0.0503,-0.266,-0.1108,0.1505,-0.0806,0.0286,0.01,0.0241,-0.008,0.0134,0.2271,0.4356,-0.0558,0.0156,-0.0205,0.2532,-0.0205,-0.0042,0.5977,-0.0067,0.0031,-0.0066,-0.02,1.4792,-0.0073,-0.3528,0.0202,-0.0194,-0.0332,-0.0088,-0.0098,0.0151,0.2978,-0.4885,-0.0579,0.0181,0.0257,0.1011,-0.3787,-0.0476,-0.0462,0.0221,0.007,0.1197,-0.3846,-0.1121,0.0184,-0.3344,0.0082,0.1309,-0.0053,0.0152,-0.1005,-0.0195,1.4407,-0.0255,0.0164,-0.0252,-0.0076,-0.5499,0.0083,0.0207,0.0235,0.0165,0.0136,-0.0021,-0.0155,0.0231,-0.0161,-0.0208,0.0106,0.0222,-0.0197,-0.0242,0.0086,-0.0193,-0.0091
111,5171,108,2,sitting,2.0,108.0,5171.0,2.0,108.0,0.0115,1.3977,-0.0065,0.0322,-0.026,0.0006,-0.0636,-0.4272,0.0542,-0.0417,0.3424,0.0174,0.0718,0.9443,-0.008,0.0286,0.0866,-0.0946,0.1033,0.122,-0.145,0.1178,0.1928,-0.1637,-0.2696,0.0509,0.1372,0.0476,0.0356,0.1503,-0.0337,0.01,0.02,0.0,-0.009,-0.014,0.0203,2.4586,0.0207,0.0246,0.0806,3.4847,-0.2385,-0.0035,0.5563,0.0067,-0.0025,-0.0157,0.0257,0.9529,0.0202,-0.3041,-0.1121,-0.0044,0.1108,0.1017,0.0332,0.1191,0.2759,0.6858,-0.0485,0.057,0.0084,0.1002,-0.3898,-0.2606,-0.0056,0.0252,0.0262,0.0249,-0.1309,-0.0658,0.0002,-0.4976,-0.0001,0.1297,-0.001,0.0205,-0.108,-0.0131,1.3991,-0.0464,0.0091,-0.0276,0.0094,-0.6962,0.0235,0.0182,0.0189,0.0255,-0.0088,0.0265,-0.0239,0.0099,-0.0248,0.0251,-0.0256,0.0061,0.0233,-0.0043,-0.0073,0.0051,0.0079
112,5172,108,2,sitting,2.0,108.0,5172.0,2.0,108.0,0.0012,1.3782,-0.0108,0.0561,-0.0323,-0.0433,-0.0004,-0.7115,0.0694,-0.0465,0.3102,0.0943,3.1866,0.9583,-0.0085,0.0059,-0.0788,-0.0164,0.1146,-0.2072,-0.1315,0.2551,-0.1614,0.2268,0.2986,-0.3069,0.1084,-0.2656,0.026,-0.1747,0.2853,0.2748,0.2457,-0.1128,-0.0503,0.1955,-0.0409,2.3839,-0.0002,0.0262,0.3689,0.4491,-0.0001,-0.0062,0.5835,0.0021,0.0031,0.007,-0.0134,0.9892,-0.005,-0.1018,-0.0245,0.0266,0.01,-0.0,0.0177,0.001,-0.0803,-0.1006,0.1198,0.0195,0.009,0.1106,-0.1992,-0.0406,0.0232,0.02,0.008,0.0256,0.1124,-0.1303,-0.0253,-0.0074,-0.5475,0.0081,0.2202,-0.0041,0.0235,-0.1176,-0.0149,1.4563,-0.0467,0.0087,-0.0239,0.0291,0.7896,0.0179,0.0207,-0.0065,0.0197,0.0059,-0.0142,-0.0255,0.0056,-0.0199,-0.0248,0.014,0.0208,-0.0228,-0.0193,-0.0132,-0.0152
113,5173,108,2,sitting,2.0,108.0,5173.0,2.0,108.0,-0.0132,1.3306,-0.0078,0.077,-0.0525,-0.0627,-0.043,-1.4187,0.0973,-0.0848,0.3943,0.034,3.6103,-0.8817,0.131,-0.0211,0.159,0.2041,0.1695,-0.1437,0.1246,-0.2655,-0.2218,-0.2463,-0.348,-0.2897,-0.3856,-0.2982,-0.235,-0.3562,0.1954,-0.1122,0.3664,-0.4586,-0.1199,-0.3385,0.4496,2.7115,0.0009,0.0508,-0.7594,0.1305,-0.1005,0.0001,0.5742,0.006,0.0209,-0.0031,-0.01,0.9865,-0.0584,1.5921,-0.0209,-0.0809,-0.0158,-0.1105,0.0066,0.2607,0.4947,0.6892,0.6781,0.0229,-0.2209,-0.9976,-0.7769,4.8701,-0.538,-0.1506,-0.2252,-0.2164,5.3006,0.7961,-0.099,-0.001,-0.3404,0.0089,0.1186,-0.0071,0.02,-0.1014,-0.4674,1.7423,0.0203,-0.0002,0.0,-0.3011,0.005,0.0207,0.0193,0.0194,-0.0091,-0.0204,-0.005,0.0151,-0.0183,-0.0152,0.0245,0.0231,-0.0236,-0.0172,-0.0136,-0.0019,-0.0115
114,5174,108,2,sitting,2.0,108.0,5174.0,2.0,108.0,0.0033,1.3077,-0.0105,0.021,-0.0326,-0.0006,0.0434,-0.9659,0.0743,-0.0645,0.4931,0.0922,4.1263,2.4068,-0.086,0.0503,-0.0443,-0.1525,0.1857,-0.1141,-0.2332,-0.162,-0.1391,0.2862,0.2442,0.2985,-0.275,-0.1758,-0.3897,-0.3637,0.1461,0.1951,0.0809,-0.1197,-0.1104,0.3979,0.8333,-1.6493,0.3555,0.0456,0.5984,-0.01,-0.008,-0.0001,0.4796,0.0048,-0.0067,-0.0089,-0.0231,3.6599,-0.0465,0.4466,-0.0086,-0.0187,0.0222,0.0205,0.0332,0.0356,-0.0286,-0.215,0.1126,-0.001,0.0277,0.0476,-0.2169,-0.1306,-0.0449,-0.0178,0.0174,0.0278,-0.1002,-0.1508,-0.007,-0.3753,0.0172,0.2012,-0.0098,0.0209,-0.1013,-0.0176,1.4675,-0.0416,0.0081,-0.0296,-0.0002,-0.6988,0.0152,0.0112,0.0194,0.0042,-0.0066,0.009,-0.0173,0.0249,-0.0154,-0.0056,0.02,0.0183,-0.0233,-0.0082,-0.0229,0.0092,-0.0071
115,5175,108,2,sitting,2.0,108.0,5175.0,2.0,108.0,-0.0067,1.3096,-0.0116,0.0322,-0.0427,-0.0074,-0.028,-0.9795,0.0548,-0.0788,0.4356,0.0699,0.0933,0.7369,0.0009,0.0069,-0.0845,0.126,0.174,0.1425,-0.181,0.1372,-0.2468,-0.155,-0.1136,-0.0508,0.0803,0.1006,0.0231,0.1011,-0.0002,0.0547,0.001,0.0253,-0.0166,0.0044,0.0151,2.6526,-0.0286,0.0257,0.1129,-0.01,0.0077,0.0059,0.2982,0.0031,0.0021,-0.0053,-0.0042,1.5428,0.0078,-0.1956,-0.02,0.0001,0.009,0.0275,-0.0043,0.0035,-0.0259,0.0236,0.0063,0.0233,0.0139,0.0235,-0.2389,-0.0254,0.0092,0.0205,0.0157,0.0245,-0.1194,-0.0246,-0.0,-0.3216,0.007,0.1303,-0.0138,0.0146,-0.1108,-0.0091,1.4505,-0.042,0.0058,-0.0291,0.0097,-0.3485,0.0041,0.0079,0.0137,-0.0195,0.0083,-0.0187,0.0071,-0.0086,0.0227,-0.0243,-0.0193,0.0162,0.0242,-0.0252,-0.0061,0.0175,0.0064
116,5176,108,2,sitting,2.0,108.0,5176.0,2.0,108.0,0.0012,1.2877,-0.0115,0.0224,-0.037,0.0009,-0.0462,-1.0767,0.0569,-0.0639,0.4396,0.0871,2.3878,-0.7291,-0.1075,-0.0925,0.132,0.1421,-0.1646,-0.2397,-0.1748,0.2295,-0.318,-0.3527,0.1885,0.1941,-0.3472,0.2954,0.115,0.1018,-0.0098,0.0504,0.0547,-0.0155,-0.02,0.0286,0.0292,3.2631,0.0803,0.1006,-0.3096,-0.1305,-0.01,0.0043,0.4958,-0.001,-0.0032,-0.0033,0.0186,0.8874,0.0254,0.4465,-0.0205,0.0245,-0.0001,-0.0142,0.0037,0.0057,0.0231,-0.368,-0.0002,0.0187,0.004,0.0276,-0.2505,-0.0566,0.0239,0.0082,0.0059,0.0156,-0.1121,-0.0364,0.0092,-0.4576,0.0051,0.2206,-0.0083,0.0205,-0.1102,-0.0194,1.4997,-0.0427,0.006,-0.0277,0.0153,0.8968,0.0073,0.0163,-0.0099,-0.0236,-0.0093,0.0079,-0.0246,0.019,-0.0081,-0.0074,0.0242,0.0161,-0.0255,-0.0235,-0.0091,-0.0112,-0.0184
117,5177,108,2,sitting,2.0,108.0,5177.0,2.0,108.0,0.0116,1.3236,-0.0045,0.0568,-0.037,0.0225,-0.0712,-0.8139,0.069,-0.0434,0.3946,0.1162,3.2436,2.1343,-0.0941,-0.0874,-0.1555,-0.2786,0.1085,0.1748,0.1438,-0.206,0.1944,0.285,-0.4267,0.3558,0.3397,0.2672,-0.1864,-0.4096,-0.2389,0.0503,0.0337,-0.0007,-0.0047,0.01,0.3088,-1.9776,0.1196,0.1502,-0.2291,-0.2983,0.0,0.0001,0.538,0.0065,-0.0066,0.0137,0.0002,0.9375,0.0049,-0.1018,-0.0182,0.0094,0.0286,-0.0142,0.0067,0.0081,0.1309,-0.0443,0.0809,0.0265,0.0259,-0.1126,-0.195,-0.1104,0.0329,-0.001,0.0469,0.0556,-0.2604,-0.2169,0.1008,-0.3606,0.0063,0.2307,-0.0077,0.0233,-0.1027,-0.0195,1.5799,-0.0431,0.0235,-0.0205,-0.0176,0.5984,0.0152,0.0092,0.0071,-0.0073,0.0252,-0.0054,0.0045,-0.0021,0.0262,-0.0161,-0.0113,0.0187,0.02,-0.0266,-0.0151,0.0111,0.0059
118,5178,108,2,sitting,2.0,108.0,5178.0,2.0,108.0,-0.0044,1.4379,-0.0108,0.038,-0.0247,-0.0072,-0.0418,-1.0961,0.0568,-504.0,0.4716,0.0741,2.619,-0.714,0.0632,0.0003,-0.1082,-0.129,0.1159,0.1455,-0.1743,0.1557,0.2274,0.2327,-0.132,-0.0807,0.0451,0.0213,-0.1925,0.2638,-0.01,0.0289,0.0002,0.0194,-0.0146,0.0077,-0.0142,0.8333,0.0286,-0.0086,0.1012,-0.2962,-0.007,-0.0034,0.485,0.0037,0.001,-0.0036,-0.004,0.3321,-0.0277,0.3069,-0.006,0.0096,-0.0045,0.0088,-0.0231,0.0239,-0.1109,0.1191,0.0158,0.0087,0.0195,0.0165,-0.2467,-0.0254,0.0332,0.0092,0.0221,0.0001,-0.1506,-0.02,0.0,-0.2889,0.0063,0.0981,-0.0154,0.0152,-0.1127,-0.0199,1.4509,-0.0297,0.0238,-0.0298,0.0053,-0.6676,0.0035,0.0031,0.0098,-0.0091,0.0056,-0.0078,-0.0083,0.0075,0.0064,-0.0228,-0.0049,0.0255,0.0233,-0.0235,-0.0179,-0.0084,0.0171
119,5179,108,2,sitting,2.0,108.0,5179.0,2.0,108.0,0.0112,1.3115,-0.0078,0.0764,-0.044,0.028,-0.0546,-1.1385,0.066,-506.0,0.5824,0.1547,2.7161,-0.8181,0.089,-0.0922,-0.4646,0.9451,-0.2572,-0.2968,-0.3957,-0.2854,-0.1086,-0.3816,-0.1159,-0.1774,0.032,0.1006,-0.3388,0.0003,-0.2697,0.1496,-0.2773,0.0404,0.2398,-0.1197,-0.1017,0.4842,0.3081,0.3544,0.1953,0.1506,-0.0002,-0.0001,0.4932,0.001,-0.0037,-0.0136,-0.0067,0.7975,-0.02,-0.4589,-0.01,0.0207,0.0095,-0.0194,0.0077,-0.0231,-0.1124,-0.1865,-0.3491,0.0232,0.0193,0.0082,-0.2604,-0.5541,-0.0476,-0.0199,0.0229,0.0235,0.1105,-0.2504,-0.0256,-0.5071,0.0156,0.2012,-0.0192,0.0203,-0.0809,-0.0286,1.637,-0.0421,0.0143,-0.0356,0.0294,0.2809,-0.0076,0.0051,-0.0252,0.0061,0.0066,-0.0013,0.0072,-0.0062,0.0184,-0.0238,0.0183,0.0209,-0.0131,-0.0082,-0.0187,0.0142,-0.0169
120,5180,108,2,sitting,2.0,108.0,5180.0,2.0,108.0,0.0044,1.3769,-0.0146,0.023,-0.0464,-0.0322,-0.0547,-0.8348,0.0825,-0.0618,0.4941,0.0743,2.4168,0.7169,-0.1329,-0.0955,-0.1215,0.0003,0.1062,-0.2483,0.1168,0.2036,-0.1438,-0.1735,-0.1658,-0.2761,0.2657,0.1199,0.0507,-0.1951,-0.0066,0.0002,0.0231,0.0232,-0.001,-0.0001,0.1006,3.3472,0.0286,0.0807,-0.4096,0.1504,-0.01,-0.0088,0.537,0.0075,-0.0063,-0.008,-0.0131,1.5976,-0.0092,0.2328,0.0085,0.0067,-0.0156,-0.0039,-0.02,0.0238,-0.1011,-0.0356,0.005,0.0086,0.0195,0.0593,-0.215,-0.0782,0.1303,0.0179,0.009,0.0089,-0.2208,-0.0443,-0.0203,-2.4505,-0.0133,1.5445,0.0099,0.3012,-0.1108,-0.0194,2.6573,-0.0206,0.0178,-0.0252,0.0032,4.7742,-0.0097,-0.0276,0.0242,-0.0191,0.0081,-0.0198,0.0066,0.0262,-0.0243,-0.006,0.0077,0.0146,-0.0236,-0.0109,0.0087,-0.0171,0.0074
121,5181,108,2,sitting,2.0,108.0,5181.0,2.0,108.0,0.0045,0.9604,-0.0111,0.0326,-0.0112,-0.0002,0.0224,-0.471,0.0569,-4.0007,0.2325,0.0239,1.427,0.8253,-0.0001,0.01,-0.0245,-0.0664,-0.0074,0.0741,0.0865,-0.0937,0.0455,-0.1316,0.1419,0.1857,0.1559,-0.0503,-0.174,-0.2039,-0.0095,0.0231,0.0332,0.0035,-0.0204,0.0,0.0258,2.2758,0.0236,0.0428,-0.1002,0.0807,-0.02,-0.0032,0.4976,-0.005,-0.0131,0.0146,0.0033,0.6397,0.0205,0.4466,0.0236,0.0584,-0.1011,0.0897,0.1108,-0.3072,-0.229,-0.3677,-0.017,0.0067,0.0186,0.001,0.2981,-0.2251,-0.0257,0.0468,0.0183,0.1122,-0.3479,-0.0266,-0.0075,-0.536,0.0082,0.1305,-0.0056,0.0232,-0.1,-0.0154,1.4408,-0.0413,0.0194,-0.0499,-0.0162,0.7852,0.0061,0.0048,0.0163,-0.0233,-0.0237,-0.0196,-0.008,0.0229,-0.0155,-0.0173,-0.0093,0.0238,0.0235,-0.0138,-0.0187,0.0192,-0.0185
122,5182,108,2,sitting,2.0,108.0,5182.0,2.0,108.0,-0.0037,1.2567,-0.0108,0.0308,-0.0212,0.0045,-0.0415,-0.8181,0.0544,-0.035,0.4254,0.0506,-0.136,2.261,-0.0003,0.0205,0.007,0.0252,0.0929,0.0788,0.0632,-0.1156,0.0231,-0.1655,0.0807,0.0059,0.1011,0.0069,-0.1009,0.0036,-0.0017,0.0286,0.0047,0.0019,-0.0239,0.0001,0.02,1.2443,0.0165,-0.001,0.149,-0.0002,-0.0023,0.002,0.3327,0.0018,0.0028,-0.0034,-0.0151,-0.6694,-0.0063,0.1504,-0.01,0.0085,0.0142,0.004,-0.0204,0.0557,-0.0078,0.0191,-0.0286,0.0158,0.0083,0.0259,0.0275,-0.2277,-0.0205,0.0232,0.0093,0.0239,0.0236,-0.1103,-0.0072,-0.3584,0.0039,0.1886,-0.0073,0.0226,-0.1122,-0.0168,1.4887,-0.0499,0.0075,-0.0277,-0.0098,0.8061,-0.0181,-0.0049,0.0146,0.0255,0.0195,-0.0079,0.0031,-0.0076,0.0221,-0.0235,-0.0153,0.0074,0.0206,-0.0064,-0.0121,0.0062,0.0171
123,5183,108,2,sitting,2.0,108.0,5183.0,2.0,108.0,0.0038,1.3231,-0.0111,0.032,-0.0561,-0.047,-0.0791,-0.8343,0.0639,-0.0917,0.339,0.105,-1.1868,0.9355,-0.026,-0.0825,-0.1646,-0.1398,0.2458,0.2954,-0.2692,0.4256,0.2373,-0.1449,0.3527,0.1243,0.2859,-0.2265,-0.3788,-0.3067,0.1586,0.0009,0.0002,0.01,-0.0001,-0.0095,-0.1951,2.4597,0.1006,0.0809,-0.0507,-0.1108,-0.1015,-0.0273,0.4741,-0.0032,-0.0206,0.0203,-0.0077,3.3681,-0.0222,-0.4874,0.1126,-0.02,-0.0563,0.0205,-0.068,-0.0448,-0.5587,-0.444,0.2169,0.0485,0.0962,0.3489,0.6466,-0.5321,-0.1199,0.0084,0.0286,0.1306,-0.1504,-0.2805,0.0085,-0.5731,0.0082,0.2017,-0.0056,0.0203,-0.1111,-0.0078,1.4407,-0.0276,0.0252,-0.0271,-0.0042,-0.7969,0.0083,0.0099,0.0238,0.0052,-0.0076,-0.0017,-0.0096,0.0068,-0.0143,-0.0193,0.0071,0.0209,-0.0255,-0.0094,0.0172,-0.0104,-0.0113
124,5184,108,2,sitting,2.0,108.0,5184.0,2.0,108.0,-0.0136,1.3761,-0.0075,0.047,-0.0542,0.0772,0.0626,-0.9659,0.0922,-0.0508,0.4356,0.0811,2.1864,0.6016,-0.0313,0.1463,0.1082,-0.1557,0.2543,-0.1952,-0.169,-0.1269,-0.2049,-0.1746,0.2433,-0.2788,-0.2374,-0.3581,0.3962,-0.3123,-0.3053,0.0007,0.0809,-0.023,-0.01,-0.295,-0.4086,3.4577,0.4796,-0.588,0.6631,0.4468,-0.0286,-0.0,0.4841,-0.0002,-0.0065,-0.0056,-0.001,0.9321,-0.0178,5.2887,0.0205,0.0206,0.0262,-0.0034,0.0237,0.02,0.1102,-0.6798,0.1011,-0.027,0.0245,0.3871,-0.5595,0.896,-0.1302,-0.0277,0.0088,0.0239,0.2308,-0.1509,-0.0151,-0.3013,0.0132,0.1193,-0.0076,0.0191,-0.1005,-0.0116,1.4402,-0.0209,0.0183,-0.0294,0.0042,0.9985,0.0113,-0.0092,0.0238,0.0059,0.0094,-0.0054,-0.0273,0.0046,-0.0243,-0.0097,-0.0268,0.0179,0.0242,-0.0226,-0.0184,0.0066,-0.0089
125,5185,108,2,sitting,2.0,108.0,5185.0,2.0,108.0,-0.0044,1.2704,-0.0109,0.0568,-0.0325,0.0002,-0.0626,-1.0836,0.0766,-0.0846,0.5834,0.0211,0.125,0.4254,-0.0065,0.0088,-0.0142,0.0009,0.0228,0.0047,0.0064,0.0056,0.0062,-0.0123,0.0149,0.0041,0.0283,0.0074,-0.01,0.0117,0.0024,-0.0014,0.0284,0.001,-0.0113,0.0016,0.011,2.3363,0.008,0.02,-0.0045,0.0506,0.0119,0.0029,0.3143,0.0018,-0.0054,-0.0001,0.0169,0.5938,0.0082,0.1586,0.0203,0.0139,-0.0286,0.0289,0.1008,-0.014,0.1017,-0.2028,-0.0475,0.0161,0.0232,0.0087,-0.1504,-0.2267,-0.0077,0.0249,0.0249,-0.0196,0.0089,-0.1126,-0.0242,-0.0072,-0.3053,0.0035,0.1308,-0.0137,0.0207,-0.1103,-0.016,1.4321,-0.0432,0.0178,-0.0205,0.9855,-0.0079,0.0131,0.017,-0.0057,0.0092,0.0084,-0.0097,-0.009,0.0257,-0.0202,-0.0259,0.0093,0.0173,-0.0234,-0.0171,0.0081,0.0051
126,5186,108,2,sitting,2.0,108.0,5186.0,2.0,108.0,0.0113,1.427,-0.0066,0.0427,-0.035,-0.026,0.0525,-0.9795,0.0695,-0.089,0.3979,0.0775,4.8776,2.1438,0.1743,0.104,-0.1848,0.1259,0.1558,-0.1181,-0.0955,-0.2372,-0.2469,0.268,0.2291,0.0503,0.1947,-0.207,-0.1006,-0.0804,0.1017,0.1698,-0.0007,-0.01,-0.0085,0.0196,0.3097,3.3783,-0.1503,-0.1308,0.2974,-0.3664,-0.0202,-0.0261,0.5467,-0.0002,-0.0033,-0.0049,0.0206,1.2882,-0.0001,0.7863,0.0231,-0.001,-0.02,0.0034,-0.0286,0.0239,-0.2205,-0.4499,-0.1105,0.0465,0.0221,0.0266,-0.2119,-0.0841,0.0404,0.0045,0.0228,0.1126,-0.2609,-0.0383,-0.0077,-0.3571,0.0042,0.1191,-0.0052,0.0189,-0.0846,-0.0031,1.4403,-0.0297,0.0153,-0.0259,0.0173,-1.5632,0.0187,0.0176,0.0209,0.0229,-0.0051,0.0068,0.0045,0.0232,-0.0188,-0.0057,0.0234,0.0194,-0.0161,-0.0192,0.0084,-0.0186,-0.0113
127,5187,108,2,sitting,2.0,108.0,5187.0,2.0,108.0,0.0035,1.5964,-0.0115,0.0345,-0.0008,-0.0224,-0.0276,-1.1207,0.0465,-0.0574,0.4369,0.0638,0.1461,0.9607,-0.0072,0.0075,0.0157,0.0066,0.007,0.0158,-0.0013,-0.0042,-0.0119,-0.0025,0.0109,-0.0043,0.031,0.0041,-0.0126,0.0228,-0.001,0.0297,0.0002,0.01,-0.014,0.0046,0.0001,0.2396,0.0085,0.0078,0.0136,0.0847,-0.02,-0.0129,0.3328,-0.0063,-0.0049,-0.0037,0.0131,1.5056,-0.0016,0.1007,-0.0079,-0.0207,-0.0151,0.0194,-0.0239,-0.0086,-0.0506,0.1183,-0.0095,0.0082,0.0027,0.0238,0.1103,-0.1854,0.019,0.0206,0.0099,0.0587,0.2077,-0.0807,0.0252,-0.008,-0.2271,0.0092,0.1012,-0.0089,0.0117,-0.0076,-0.0197,0.0227,0.0032,0.0169,-0.0259,2.5588,-0.0236,0.0237,0.0081,0.0093,-0.0039,-0.0073,-0.0053,0.0044,0.0148,-0.0162,-0.0134,0.0191,0.0184,-0.0204,-0.0121,0.0098,-0.013
128,5188,108,2,sitting,2.0,108.0,5188.0,2.0,108.0,0.0047,1.327,-0.0106,0.0541,-0.0215,0.036,-0.0798,-1.0846,0.0942,-0.0466,0.4256,0.125,2.3943,-0.8348,0.0508,0.1182,-0.2486,-0.2975,-0.1372,0.1461,0.1885,0.1749,0.227,0.1674,0.1089,0.2832,0.2364,-0.2655,-0.3677,-0.3744,-0.0006,-0.0259,0.0277,0.0002,0.001,0.0258,-0.2596,3.7164,-0.0063,0.2781,0.2035,0.3868,-0.0803,-0.0209,0.5321,-0.0238,-0.0,0.004,-0.02,0.9452,0.0131,-0.1957,0.1011,0.003,0.1104,0.3379,0.1502,-0.3492,0.1198,0.4558,0.2605,0.0299,0.0271,0.1122,-0.6967,-0.4862,0.2306,0.0059,-0.1303,0.0584,-0.3406,-0.2503,-0.0203,-0.3606,0.0076,0.1002,-0.0197,0.0233,-0.1007,-0.0183,0.3705,-0.0194,0.019,-0.01,-0.0239,4.7865,-0.0235,-0.0156,0.0237,0.0199,0.0236,-0.0091,0.018,-0.0095,0.0151,-0.0266,-0.0173,0.0052,0.0229,-0.0071,-0.0187,-0.0093,0.0072
129,5189,108,2,sitting,2.0,108.0,5189.0,2.0,108.0,0.0014,1.4252,-0.0117,0.022,-0.0324,0.0007,-0.0532,-0.8695,0.0774,-0.0475,0.2742,0.0474,0.136,0.9644,-0.0157,-0.0088,-0.0619,0.1033,-0.1236,0.0898,-0.0961,0.1156,-0.0504,0.1002,0.2263,0.1191,0.0807,0.1013,-0.1665,0.1126,0.1869,0.1105,0.1303,0.1578,0.0456,0.0543,-0.2853,3.2694,-0.1509,0.2349,0.345,0.3066,0.0002,0.0001,0.5944,0.0045,0.0055,-0.0125,0.01,0.7931,0.0209,-0.3748,0.001,0.0259,0.0,0.0597,2.3973,-0.2972,4.4062,5.6896,7.7085,9.5467,8.8035,6.7791,-2.5883,-1.6476,-0.4746,-0.389,0.0581,0.0751,0.2608,-0.0455,-0.2164,0.02,-0.3647,0.0092,0.2012,-0.0086,0.0228,-0.0231,-0.0195,0.8971,-0.0249,0.0262,0.0182,-0.0259,0.9987,0.0052,0.0232,-0.0051,0.0041,-0.0045,-0.0042,0.0184,0.0043,0.0021,-0.0156,-0.0236,0.0119,0.0241,-0.0242,-0.0119,-0.0112
130,5190,108,2,sitting,2.0,108.0,5190.0,2.0,108.0,0.0035,1.4371,-0.0116,0.0345,-0.0212,0.0006,-0.0151,-0.9061,0.056,-0.0891,0.3277,0.0925,2.869,0.2656,-0.044,-0.0165,0.0159,0.079,0.1513,-0.115,-0.1063,-0.1758,-0.1468,0.0508,-0.0409,0.0209,0.0803,-0.1197,0.2042,0.0143,0.0072,0.02,0.0235,0.0023,-0.0146,0.0256,0.2457,3.4839,0.1881,-0.0239,0.1954,0.2275,-0.01,0.0002,0.5478,0.0038,-0.0036,-0.0029,-0.0066,0.7828,-0.0001,-0.3088,-0.0096,-0.0085,-0.001,0.0087,0.0047,0.0237,-0.1102,-0.3362,-0.0231,0.0083,0.0239,0.1003,-0.1507,0.0257,0.0049,0.0086,0.0184,0.047,-0.2752,-0.0067,-0.0,-0.3018,0.0082,0.1304,-0.0044,0.0189,-0.1015,-0.0174,1.4991,-0.0238,0.0199,-0.0273,0.0079,-0.9731,0.0155,0.0245,0.0248,-0.0037,0.0233,-0.0034,-0.0077,0.0141,-0.0193,-0.0095,0.0076,0.0226,-0.0252,-0.0121,-0.0074,0.0073,-0.0153
131,5191,108,2,sitting,2.0,108.0,5191.0,2.0,108.0,0.0042,1.4665,-0.0113,0.026,-0.0131,0.0002,-0.038,-0.8798,0.0438,-504.0,0.3149,0.0548,0.077,3.7169,-0.0698,0.0003,0.0077,-0.01,0.0254,0.0812,0.0281,0.1039,0.0923,-0.0271,0.1164,0.0231,-0.1651,0.1525,-0.1719,0.1836,0.0804,0.1447,0.0332,0.0276,-0.0132,-0.0066,0.0146,2.979,0.1015,-0.0585,-0.0337,0.1196,-0.0095,-0.0086,0.5761,0.0035,-0.0037,-0.0158,0.0088,0.4568,-0.014,-0.2026,-0.2227,-0.0089,0.0072,0.02,-0.0165,-0.0069,0.0149,-0.2862,-0.2482,0.0257,0.001,0.1003,-0.2933,-0.1308,0.0272,0.0205,0.003,0.0167,-0.039,-0.2505,-0.0134,-0.3001,0.0043,0.1356,-0.0079,0.0232,-0.1126,-0.0173,1.4499,-0.0468,0.0174,-0.0298,-0.0153,0.965,0.0141,0.0259,0.0262,-0.0255,-0.0175,0.0249,-0.0178,0.0262,0.0268,-0.0197,0.0183,0.0093,-0.0248,-0.019,-0.0253,0.0076,-0.0171
132,5192,108,2,sitting,2.0,108.0,5192.0,2.0,108.0,0.0045,1.5968,-0.0107,0.0213,-0.0165,0.0077,-0.031,-0.4303,0.0518,-0.0467,0.3137,0.0638,0.089,0.7369,-0.0007,0.0047,-0.0131,0.0072,0.02,0.0085,-0.0115,-0.0088,-0.0027,-0.0019,0.0114,-0.0116,0.0283,0.0112,-0.0043,0.0139,-0.001,0.0293,0.0046,0.0002,-0.01,0.0011,0.0928,3.8139,-0.0074,0.0126,-0.0509,0.0125,-0.0033,-0.012,0.2463,-0.013,-0.0122,-0.0132,-0.0271,1.5092,-0.0001,-0.6336,-0.0204,0.0238,-0.0158,0.0229,0.0237,0.0257,0.1742,0.2329,-0.0239,0.0234,0.0232,0.0186,-0.2164,-0.034,0.0205,0.0036,0.0242,0.0237,-0.1105,-0.0466,0.008,-0.4973,0.0064,0.2475,-0.007,0.0228,-0.1011,-0.0121,1.4461,-0.0434,0.0048,-0.0276,-0.0169,2.546,0.0037,0.0156,-0.0095,-0.0062,0.0089,-0.0179,-0.0078,-0.0041,0.0243,-0.0157,0.0099,0.0256,-0.0207,-0.0051,-0.0171,0.0135,-0.0152
133,5193,108,2,sitting,2.0,108.0,5193.0,2.0,108.0,0.0037,0.9701,-0.0009,0.0326,-0.006,0.0002,-0.0225,-0.3874,0.0434,-507.0,0.1857,0.069,-0.0523,1.137,-0.0764,-0.0086,0.0075,-0.0111,0.0196,0.001,0.0059,-0.0065,-0.0069,-0.0001,-0.01,0.0205,-0.0042,0.0154,-0.0047,-0.0114,0.0044,-0.0017,0.0287,0.004,0.0046,-0.0116,0.0035,0.0815,2.6014,0.0962,0.1221,-0.102,-0.0239,-0.0139,-0.0053,0.4941,-0.0043,0.0129,0.0033,-0.0228,0.8776,-0.0166,0.2482,-0.0204,0.0088,0.0056,-0.0151,0.0247,0.1103,-0.1955,0.275,0.0072,0.0245,0.0239,0.2278,-0.2894,-0.0804,0.0332,0.0245,0.0231,0.1191,-0.3079,-0.0461,-0.0036,-0.3151,0.0031,0.1304,-0.0083,0.0252,-0.1011,-0.0145,1.4406,-0.0467,0.0063,-0.0253,0.0198,0.4876,0.0095,0.0185,-0.0168,0.02,0.0077,-0.0058,-0.0042,0.0199,-0.0226,-0.0227,0.0073,0.0229,-0.038,-0.0132,0.0087,0.0189
134,5194,108,2,sitting,2.0,108.0,5194.0,2.0,108.0,0.0012,1.2989,-0.0109,0.045,-0.0225,0.0311,-0.0007,-1.0763,0.064,-0.059,0.6604,0.0866,0.1033,-0.352,-0.0065,0.0032,-0.0095,0.02,0.01,0.0113,0.0043,-0.0146,-0.0062,-0.0015,0.0151,0.0026,0.0286,0.0042,-0.0124,0.0159,0.006,0.0317,0.0069,0.0002,-0.0122,0.001,0.0509,2.8695,0.0806,0.0075,-0.168,0.1461,0.1852,0.0203,0.4648,0.0023,0.0027,-0.0128,0.0238,3.5636,0.0257,0.0204,0.1013,0.0186,0.0044,0.1502,0.0048,-0.1921,-0.0394,0.1191,0.1308,-0.0001,0.0158,0.0074,0.047,-0.3467,-0.0202,0.0,0.0239,0.0266,-0.1102,-0.027,-0.0256,-0.0088,-0.5584,0.0078,0.3079,-0.0071,0.1004,-0.0141,-0.0185,-0.3797,0.0092,0.0168,-0.0253,-0.0242,0.3839,0.0082,0.0245,-0.0073,0.0064,-0.0262,-0.0145,0.0049,0.0172,0.0147,-0.0228,-0.0255,0.0157,0.0229,-0.0094,-0.0153,0.0099
135,5195,108,2,sitting,2.0,108.0,5195.0,2.0,108.0,-0.0105,1.2695,-0.0046,0.034,-0.0211,-0.0007,-0.0431,-0.5908,0.068,-0.0772,0.4236,0.1063,-0.2398,1.1665,-0.0332,-0.0069,-0.0077,0.0238,0.0109,0.0161,-0.0088,0.0256,0.0057,-0.0074,0.0256,-0.0066,0.0136,-0.0013,-0.0017,0.0012,-0.01,0.0283,0.0082,0.0002,-0.0151,0.001,0.0205,3.8986,0.0509,0.0042,-0.2025,-0.1415,-0.0055,-0.0022,0.3348,-0.005,-0.0032,-0.0043,-0.0018,2.3049,-0.0135,0.2479,-0.009,0.0207,0.0286,0.0047,0.0168,0.0191,-0.0321,-0.1934,-0.0239,0.0247,0.0156,0.0158,-0.2203,-0.0231,0.0185,0.017,0.0221,0.0266,-0.1306,-0.0246,0.0071,-0.2886,0.0089,0.1191,-0.0078,0.0233,-0.1127,-0.0076,2.4583,-0.0464,0.0139,-0.0467,-0.0141,-0.3773,0.0127,0.0208,-0.0054,0.0052,0.0204,-0.0053,0.0044,0.0209,-0.02,-0.0187,0.0099,0.0229,-0.0255,-0.0075,0.006,0.0029,-0.0193
136,5196,108,2,sitting,2.0,108.0,5196.0,2.0,108.0,0.0069,1.417,-0.0115,0.0216,-0.0005,-0.0035,-0.031,-0.6011,0.0467,-0.0585,0.4639,0.0792,2.1343,-1.2827,-0.062,0.0002,0.001,-0.0849,-0.0509,-0.0936,0.189,-0.1786,0.1912,-0.2278,0.2365,0.2466,0.2557,0.114,0.1433,0.2962,-0.0001,0.1013,0.018,0.0204,-0.0188,0.01,0.0809,3.4496,-0.056,-0.0302,-0.3854,-0.3082,-0.0231,-0.0068,0.5942,0.0032,0.0055,-0.0047,-0.0031,0.8491,0.0041,-0.2637,-0.0064,-0.0034,0.0045,0.0084,0.0175,0.0048,0.0399,-0.1303,-0.0181,0.0173,0.0195,0.0273,-0.2207,-0.0593,-0.1003,0.0189,0.0063,0.0286,-0.2162,-0.0561,-0.0207,-2.7771,-0.0238,1.5897,0.0271,0.1195,-0.0076,-0.1106,-3.987,-0.0202,0.0236,-0.0751,0.0021,0.5083,-0.0191,0.0051,0.0262,-0.0156,0.0072,-0.0205,-0.0019,0.0174,-0.0255,-0.0234,0.0245,0.0194,-0.02,-0.0052,-0.0179,0.0046,-0.0114
137,5197,108,2,sitting,2.0,108.0,5197.0,2.0,108.0,0.0016,1.4654,-0.0117,0.0423,-0.0034,0.0188,-0.0224,-0.9764,0.0569,-0.037,0.3536,0.069,0.1546,0.8139,-0.0008,0.0043,-0.001,0.0038,0.0286,0.0066,-0.0013,-0.0056,-0.0065,-0.0012,0.0303,-0.0041,0.0296,0.0044,-0.01,0.0107,-0.0001,0.02,0.0283,0.0002,-0.0114,0.0063,0.0018,2.0922,-0.014,0.006,-0.0506,0.0825,-0.0131,-0.0033,0.5585,0.0028,0.0019,0.0045,-0.0158,1.5084,0.0032,-0.1078,-0.1172,-0.0207,0.0087,0.0277,-0.0047,-0.0594,-0.0809,0.0061,0.0191,0.0186,0.0195,0.0246,-0.2654,-0.0277,0.0059,0.0179,0.0221,0.0233,-0.2074,-0.0222,-0.003,-0.3298,0.0051,0.1307,-0.0062,0.0228,-0.1049,-0.018,1.4403,-0.0499,0.0057,-0.0297,0.0089,-0.7321,0.0082,0.0081,0.0196,0.0245,-0.0239,-0.0137,-0.0053,0.0042,0.0257,-0.0238,-0.0192,0.0231,-0.0244,-0.0175,0.0093,0.0148,-0.0139
138,5198,108,2,sitting,2.0,108.0,5198.0,2.0,108.0,0.0107,1.3369,-0.0066,0.037,-0.0216,0.0259,0.0425,2.4548,-0.0872,0.0584,-1.0963,-0.1043,3.9443,-1.1389,0.174,0.0695,0.1457,0.1824,0.1536,-0.1285,-0.2311,0.3077,-0.4143,-0.2987,0.3562,0.0505,0.222,-0.3768,-0.2639,-0.3139,-0.0008,-0.1016,0.1198,0.0178,-0.0806,-0.0493,0.1127,-0.3498,-0.1109,-0.2776,0.3896,0.285,-0.0002,-0.0044,0.5364,0.001,-0.0031,0.0056,0.01,0.936,0.02,-0.1003,-0.0001,-0.0088,0.0332,0.0239,-0.0046,-0.0205,0.1942,-0.4974,0.2209,0.0256,-0.0175,0.2308,-0.4799,-0.2603,0.1502,0.0981,0.0059,0.0773,-0.3005,-0.0579,0.0071,-0.4751,0.0092,0.1305,-0.0094,0.0158,-0.1082,-0.0155,1.4404,-0.0424,0.0161,-0.0206,-0.0183,0.6521,0.0141,-0.0152,0.0154,0.0032,0.0255,-0.0233,-0.009,0.018,-0.0232,-0.0197,0.0191,0.0156,-0.0236,-0.0131,0.0086,0.0042,-0.0151
139,5199,108,2,sitting,2.0,108.0,5199.0,2.0,108.0,-0.0032,1.3067,-0.0112,0.0545,-0.0399,0.0008,-0.026,-0.6348,0.064,-0.0868,0.2698,0.0462,-0.105,2.4999,-0.01,0.0066,0.0002,0.0111,0.0186,0.0775,-0.0946,-0.0077,-0.001,-0.0503,0.139,0.0305,0.1019,-0.0016,0.007,0.1543,-0.1439,0.0056,0.0276,0.0226,-0.0074,0.0034,0.1744,0.7396,0.0807,0.0123,-0.2221,-0.2536,-0.0065,-0.0157,0.3372,-0.0018,-0.0024,0.0129,-0.0257,1.2048,-0.0142,0.5838,-0.0204,-0.0256,-0.0286,0.02,0.0237,0.0179,-0.1198,-0.1509,-0.0164,0.0189,0.0259,-0.1949,-0.288,-0.0182,0.0035,0.0185,0.0092,0.0233,-0.2796,0.0001,-0.0169,-0.532,0.0073,0.1871,-0.0076,0.0221,-0.1004,-0.0161,1.4778,-0.0417,0.0059,-0.0239,-0.0163,0.8841,0.0091,0.0154,-0.0248,0.0087,0.0194,-0.0093,-0.0066,0.0137,-0.0235,-0.0052,0.0197,0.0184,-0.0209,-0.0181,-0.0151,0.0131,-0.0109
140,5200,108,2,sitting,2.0,108.0,5200.0,2.0,108.0,0.004,1.2907,-0.0114,0.026,-0.032,-0.0096,-0.0462,-1.314,0.068,-0.0585,0.579,0.0947,4.7143,-0.8778,0.0508,-0.0851,0.0005,0.001,0.0257,0.01,-0.0253,0.0088,0.0143,0.0002,0.02,0.0038,0.0122,0.0245,0.0046,-0.0136,0.0159,-0.0011,0.0305,0.0041,-0.0001,-0.0015,0.0275,2.1812,-0.1075,0.0123,-0.0042,0.1386,-0.0205,-0.0127,0.0016,0.4825,0.0028,0.0,-0.0045,-0.0066,0.959,-0.0067,0.1776,-0.0089,-0.0019,0.0169,0.0202,0.005,0.0326,-0.0334,0.1014,0.0149,0.0063,0.0168,0.0578,-0.2461,-0.0094,0.0182,0.0248,0.0238,0.0587,-0.1509,-0.0206,-0.0033,-0.3074,0.0081,0.1196,-0.0084,0.0252,-0.1053,-0.0164,1.4437,-0.0435,0.0099,-0.0291,0.0262,0.7056,-0.0171,0.0083,-0.0296,-0.0192,0.0191,-0.0155,-0.0154,0.0249,-0.0235,-0.0173,0.0177,0.0207,-0.0204,-0.0233,-0.0097,0.0034
141,5201,108,2,sitting,2.0,108.0,5201.0,2.0,108.0,0.0033,0.8383,-0.0003,0.0175,-0.0125,0.025,-0.0151,-1.2094,0.0581,-508.0,0.4469,0.0468,0.1366,-0.3463,0.0323,-0.0043,-0.0253,0.0941,0.0891,0.0772,0.0645,-0.1258,-0.1074,0.1437,0.1557,0.174,-0.1156,-0.0804,-0.1665,0.1936,0.1849,0.228,-0.0186,0.01,-0.006,0.0196,0.007,2.2447,-0.0159,0.0002,0.1107,0.1309,0.2952,-0.0146,0.3983,-0.0067,0.0148,-0.0131,-0.0077,1.6397,0.0276,0.1002,-0.0239,-0.0246,-0.0231,0.1126,0.0245,0.2885,0.3026,-0.649,-0.0538,-0.001,0.0188,0.0097,0.2761,-0.1197,0.0232,0.0233,0.0262,0.0257,-0.2205,0.02,-0.0053,-0.5434,0.0079,0.2509,-0.0082,0.0121,-0.1013,-0.0135,1.4405,-0.0243,0.0176,-0.0277,0.0239,-0.9562,0.0189,0.0092,-0.0099,-0.0093,0.0206,0.0042,-0.0032,-0.0171,0.0059,-0.0178,-0.0055,0.0187,0.0227,-0.0226,-0.0173,0.0125,0.0184
142,5202,108,2,sitting,2.0,108.0,5202.0,2.0,108.0,0.0104,0.7356,-0.0016,0.034,-0.022,0.0009,0.0543,-0.3141,0.0303,-0.0508,0.2474,0.0625,-1.2746,1.456,-0.1469,0.0933,-0.1249,0.1347,-0.1852,-0.0884,0.1922,0.1178,0.2329,-0.0775,0.1536,0.1194,-0.1014,-0.1096,0.1742,-0.2632,0.0258,0.0493,-0.0001,0.0249,-0.0803,0.1127,0.3872,2.6382,0.2898,-0.309,0.4862,-0.347,-0.0002,0.01,0.535,-0.001,0.0,-0.02,0.0055,0.8839,0.0131,0.1503,-0.0658,0.1005,0.0786,-0.1109,-0.0059,0.0231,-0.1307,-0.3766,-0.3589,0.0182,0.0421,-0.1027,0.638,-0.4494,-0.0741,0.0485,-0.0067,0.0256,-0.0983,-0.5899,-0.0646,0.0085,-0.5468,0.0087,0.2507,-0.0079,0.0235,-0.1092,-0.0157,1.4473,-0.0413,0.0176,-0.0291,0.6564,0.0081,0.0151,-0.0095,0.0177,-0.0071,0.0059,-0.0238,-0.0209,0.0197,-0.0093,-0.0248,0.0243,0.0239,-0.0228,-0.0074,0.0061,0.0056
143,5203,108,2,sitting,2.0,108.0,5203.0,2.0,108.0,0.0145,1.2746,-0.008,0.0323,-0.025,-0.0542,0.109,-1.0788,0.0625,-506.0,0.3943,0.0411,2.1668,3.8776,-0.2296,0.1251,-0.1363,-0.0947,0.3103,-0.1472,0.0879,-0.2485,-0.1719,0.2836,0.2615,0.2983,0.207,-0.0007,-0.1852,-0.3467,0.3774,0.1015,0.1009,0.01,-0.0059,-0.0044,0.0803,0.3877,0.3097,-0.0257,0.1193,0.4073,-0.0,-0.0032,0.4966,0.0069,0.001,-0.0002,-0.0191,-0.3541,0.4605,0.0202,0.4887,-0.0089,-0.0001,-0.1102,0.3393,-0.5581,0.7531,-0.7858,0.6057,0.0076,-0.0259,-0.215,-0.3018,-0.6486,-0.1126,0.2309,0.0194,0.02,0.1307,-0.2509,-0.0383,-0.0065,-0.3646,0.0056,0.1292,-0.0061,0.0182,-0.0235,-0.0195,0.0853,-0.0113,0.0168,-0.0239,0.0199,-0.4508,0.0054,0.0098,0.0209,-0.0059,0.0171,0.0042,0.0084,0.0231,-0.0072,-0.0273,0.0162,0.0186,-0.0118,-0.0111,0.0076,-0.0117
144,5204,108,2,sitting,2.0,108.0,5204.0,2.0,108.0,-0.0045,1.4236,-0.0106,0.022,-0.0561,0.0033,-0.0718,-1.0468,0.0872,-0.1153,0.4463,0.1067,2.6103,-0.354,0.0973,-0.1569,0.1786,-0.2337,0.1236,0.1632,-0.2639,-0.1349,0.1451,-0.1947,0.2466,-0.3113,-0.0328,-0.0009,0.3043,-0.0804,0.0507,0.0182,0.0025,-0.0001,0.0055,0.0074,0.1008,3.6496,0.0042,0.0056,0.02,-0.0134,-0.0148,-0.0027,0.2959,0.0002,0.001,0.0038,-0.0088,0.978,0.006,0.1015,0.0239,0.0078,0.0158,-0.01,0.009,-0.0083,0.037,-0.2265,-0.0239,-0.0146,0.0162,0.0195,0.0294,-0.2012,-0.0031,0.0266,0.0229,0.0232,-0.1309,-0.0098,-0.0,-0.5084,0.0054,0.3004,-0.0075,0.0209,-0.1104,-0.0194,1.4405,-0.04,0.0141,-0.0291,0.0181,-0.8599,0.0187,0.0089,0.0121,0.0057,0.0077,-0.0063,-0.0052,0.0045,0.0228,-0.0235,-0.0065,0.0171,0.0191,-0.0257,-0.0179,0.0092,0.0093
145,5205,108,2,sitting,2.0,108.0,5205.0,2.0,108.0,0.004,0.7447,-0.0108,0.0219,-0.0008,-0.0106,-0.0344,-1.1347,0.057,-0.0468,0.4357,0.0775,0.1086,1.3938,0.0111,0.0245,-0.0002,-0.0509,0.0961,-0.0803,0.0165,0.155,0.1437,0.0305,0.1622,-0.0373,0.0337,0.1016,-0.1225,-0.1772,0.2074,-0.01,0.0286,-0.0221,-0.0042,0.0256,0.001,2.3567,-0.0,0.0024,0.02,3.2627,0.0277,-0.0188,0.5746,-0.0045,-0.006,-0.0034,-0.0271,1.6695,-0.0231,-0.1856,0.0262,0.0123,0.0262,0.0131,-0.0001,0.0257,0.0184,-0.298,0.0202,0.0233,0.0256,0.0266,-0.2207,-0.0253,0.0266,0.0302,0.0239,0.0328,-0.1307,-0.0196,-0.0276,-4.9855,-0.0062,1.4959,0.0205,0.6943,-0.1102,-0.1003,2.6489,-0.0256,0.0177,-0.3071,-0.1503,-0.3681,-0.0208,0.0148,0.0521,0.0082,0.0325,-0.0063,-0.0205,0.0286,0.0194,-0.019,0.0238,0.0097,-0.0079,-0.0083,-0.0099,0.0078,-0.0191
146,5206,108,2,sitting,2.0,108.0,5206.0,2.0,108.0,0.0012,1.2705,-0.0113,0.0009,-0.0345,0.001,-0.068,-0.619,0.0347,-0.085,0.3525,0.0461,-1.8333,0.2486,-0.0066,0.006,0.023,0.0002,0.0711,-0.0941,-0.1075,-0.0504,-0.147,0.2072,0.2279,-0.0806,0.1744,0.1921,-0.1658,0.1543,0.1836,0.02,0.0286,0.0159,-0.0065,0.0047,0.0001,2.7177,0.1003,-0.01,-0.1106,3.2385,-0.0231,-0.0131,0.4963,0.0033,-0.0155,0.0039,0.0182,0.2868,0.0259,-0.2637,0.1197,0.0032,0.0247,-0.014,-0.0164,-0.0499,0.1309,0.1122,0.2988,0.1015,-0.0438,0.0189,-0.2309,-0.1505,-0.036,0.0286,0.027,0.0277,-0.349,-0.0276,-0.0054,-0.3009,0.0146,0.1251,-0.0071,0.0262,-0.1148,-0.0078,2.6792,-0.0587,-0.0205,-0.0098,0.0202,-3.8345,-0.0062,0.0238,0.0096,-0.0094,0.0153,-0.0255,-0.0084,0.0093,-0.0056,-0.0177,0.0266,0.0081,-0.0228,-0.0174,-0.0057,0.0097,-0.0142
147,5207,108,2,sitting,2.0,108.0,5207.0,2.0,108.0,0.0108,0.4389,-0.0046,0.0569,-0.033,-0.026,0.0414,-0.9077,0.0638,-0.1257,0.3145,0.0008,1.2598,2.4539,-0.165,-0.0973,-0.269,0.2462,-0.1851,-0.1578,-0.2872,0.1088,0.237,-0.1364,0.1153,0.2274,0.2061,0.2784,0.1736,-0.0506,0.0804,0.1931,-0.1003,-0.0407,0.01,0.1305,0.4863,3.3597,-0.1191,-0.4468,0.4034,-0.1011,-0.001,0.0043,0.2983,0.0166,0.0133,-0.0055,0.0266,0.8059,-0.0089,-0.4791,-0.0077,0.0142,-0.0179,0.0239,0.0067,-0.0065,-0.0096,-0.1106,0.02,0.0154,0.0041,0.1126,-0.1969,0.0087,0.0205,0.0192,0.0205,-0.2206,-0.1027,-0.0001,-0.0049,-0.3018,0.0076,0.1001,-0.0058,0.0195,-0.1016,-0.0171,1.4752,-0.0428,0.0094,-0.0432,-0.0099,0.9375,0.0037,0.0002,0.0086,-0.0117,0.0042,-0.0152,-0.0121,0.0082,0.0248,-0.0156,0.0089,0.0085,-0.0109,-0.0077,-0.0112,0.009,0.0081
148,5208,108,2,sitting,2.0,108.0,5208.0,2.0,108.0,0.0017,1.3638,-0.0112,0.023,-0.0077,-0.01,-0.0375,-0.7139,0.047,-504.0,0.3925,0.0585,2.1169,0.9863,-0.0947,-0.0007,-0.0813,0.1045,0.068,0.1868,-0.0774,-0.169,0.1572,0.144,0.2049,0.2271,0.001,0.0143,0.0002,-0.0142,0.015,0.0024,0.0294,0.0086,0.006,-0.0033,0.0275,0.3229,0.2678,0.0245,0.0166,0.2329,-0.0807,-0.0141,0.0144,0.4857,0.0067,0.0088,-0.0082,0.0034,1.9773,0.0276,0.1946,0.0081,0.0,0.0191,0.2779,-0.2896,0.6118,3.5984,-1.5421,0.5562,-0.0238,0.0001,0.027,0.6594,-0.3564,0.02,0.0132,0.0597,0.0246,-0.1108,-0.0262,0.0095,-0.2503,0.0051,0.0961,-0.0037,0.0131,-0.0751,-0.0187,1.4991,-0.0434,0.0192,-0.0226,0.0093,-1.4407,0.0058,0.0056,0.0176,0.0248,0.0052,0.0253,-0.0163,0.0089,0.0173,-0.0123,-0.0209,0.0199,0.0082,-0.0153,-0.0183,-0.0086
149,5209,108,2,sitting,2.0,108.0,5209.0,2.0,108.0,0.0038,1.2696,-0.0111,0.0325,-0.042,-0.056,-0.088,-1.129,0.0655,-0.0718,0.4396,0.0986,3.4969,-0.9607,0.0216,0.1068,-0.2271,-0.2362,-0.147,-0.2435,0.3137,0.1746,-0.1347,-0.1594,0.2743,-0.1941,0.3497,0.3066,-0.2863,-0.405,0.0009,0.0803,0.0509,-0.0131,-0.01,-0.0002,0.3629,2.5764,-0.1124,-0.1018,0.4439,0.1005,0.0042,-0.0001,0.3337,0.0082,-0.0032,-0.0078,-0.001,0.7386,-0.0156,-0.6604,-0.0173,-0.0058,-0.0191,0.0092,-0.0189,-0.0098,-0.02,-0.1109,0.0,0.0099,0.0221,0.0161,-0.1981,-0.0467,-0.1302,0.0207,0.0233,0.0465,-0.2251,-0.2303,-0.0072,-0.4876,0.0087,0.1506,-0.0045,0.0121,-0.1016,-0.0153,1.7774,-0.0252,0.0188,-0.0296,0.0052,0.5984,0.0112,0.0054,0.0151,0.0227,-0.0195,0.0193,-0.0081,0.0075,-0.0228,-0.0083,0.0179,0.0206,-0.0243,-0.0208,0.0065,-0.0115,-0.0103
150,5210,108,2,sitting,2.0,108.0,5210.0,2.0,108.0,0.0103,1.3096,-0.0082,0.0465,-0.0062,-0.0211,-0.0518,-0.5861,0.0645,-0.0894,0.368,0.0746,-1.1543,0.885,-0.0983,-0.1213,0.2659,0.2398,0.1725,0.149,0.2485,-0.2053,0.419,-0.1632,0.1935,0.0507,0.327,-0.1009,-0.274,-0.3347,-0.1018,0.2279,0.3468,0.1305,-0.0007,-0.0473,0.1122,2.5541,-0.0804,-0.0294,0.2981,-0.1106,-0.01,-0.0072,0.5737,0.0038,-0.0031,-0.0048,-0.016,1.4469,-0.0066,0.1503,0.0002,0.0078,0.001,-0.0095,0.0175,0.0239,-0.02,-0.2208,0.0001,0.0,0.0256,0.0257,-0.2886,-0.0163,0.0238,0.0199,0.0249,0.0255,-0.1199,-0.037,-0.0177,-0.4973,0.0039,0.2162,-0.0097,0.0247,-0.1189,-0.0187,1.5006,-0.0467,0.0184,-0.0356,0.0093,3.5421,0.0092,0.0091,-0.0074,-0.0142,0.0072,-0.0072,0.0168,0.0051,-0.0163,-0.0056,0.0164,0.0109,-0.0143,-0.0076,0.0089,0.0119,-0.0117
151,5211,108,2,sitting,2.0,108.0,5211.0,2.0,108.0,0.0106,1.3547,-0.0085,0.036,-0.0224,-0.0308,-0.0569,-1.0823,0.0774,-0.0941,0.5904,0.0503,2.1296,-0.4236,0.0008,-0.0164,0.1516,0.1061,0.132,-0.0807,0.1943,0.2532,0.1858,-0.1472,-0.2213,0.3336,0.1775,-0.2962,-0.385,-0.2668,0.3042,0.2737,-0.2866,-0.2101,-0.0146,0.5289,-0.0209,3.4539,0.1019,0.01,0.4488,0.1196,-0.001,-0.0002,0.5548,-0.0049,-0.0077,-0.0065,0.0179,0.7867,-0.0063,4.409,0.018,0.0086,0.0373,0.0294,0.0094,-0.0089,-0.1008,-0.0193,0.1124,0.0084,0.0181,0.0383,-0.1992,-0.02,0.0239,-0.0001,0.0228,0.0237,-0.2012,-0.0153,0.0095,-0.5431,0.0034,0.2164,-0.0071,0.0229,-0.1109,-0.017,1.4507,-0.04,0.0235,-0.0262,0.0073,-1.9951,0.0248,0.0187,0.0182,0.0098,-0.0066,0.0083,-0.0192,0.0157,0.0252,-0.0197,-0.0091,0.0176,0.0142,-0.0268,-0.0074,0.0088,0.0056
152,5212,108,2,sitting,2.0,108.0,5212.0,2.0,108.0,0.0014,1.4369,-0.0116,0.0548,-0.0008,-0.032,-0.0427,-0.7161,0.0507,-0.0772,0.3125,0.089,-1.247,-1.1155,0.136,0.061,-0.0915,-0.1015,0.2857,0.1762,0.1942,0.2389,0.2636,0.1849,0.1199,0.3077,0.2551,0.0215,-0.0804,0.3797,0.2959,0.1106,0.1509,0.2213,0.3978,0.3871,2.3391,-0.4083,0.4464,0.1002,-0.1126,-0.3467,0.0,0.001,0.5699,0.0031,-0.0063,-0.0169,0.0002,1.5865,-0.0294,3.5085,-0.0088,0.01,0.0135,-0.0338,-0.0147,-0.0245,-0.0472,0.1308,-0.0795,0.0476,0.018,0.0239,0.0383,-0.2016,-0.0332,0.0257,0.0221,0.0068,0.0345,-0.1992,0.0032,-0.0001,-0.3707,0.0066,0.1001,-0.0086,0.0228,-0.1082,-0.0143,1.5006,-0.0206,0.0046,-0.0286,-0.0198,0.8741,0.0235,0.0233,-0.0184,-0.0256,-0.0193,0.0076,-0.0053,0.0094,-0.0173,-0.0054,0.0121,0.0092,-0.0298,-0.0061,-0.0179,0.0087
153,5213,108,2,sitting,2.0,108.0,5213.0,2.0,108.0,0.005,0.7406,-0.0109,0.0475,-0.0215,-0.0344,-0.0007,-1.0795,0.059,-508.0,0.0891,0.1243,1.2976,-0.2462,0.067,0.0001,-0.01,0.0188,-0.0296,0.1421,0.1041,0.1148,-0.2635,0.1646,0.2094,0.1917,0.1006,-0.2397,0.2774,0.1847,0.327,0.3078,0.0333,0.0353,0.0168,0.0286,0.008,0.1199,2.5491,-0.0002,0.0165,-0.0809,0.2572,-0.0158,-0.0032,0.5761,-0.006,0.0039,0.0064,0.0133,0.8949,-0.0,-0.0085,0.02,-0.0059,0.0205,0.0592,-0.0093,-0.0136,0.1305,-0.1014,0.0249,0.0067,0.0066,0.0277,-0.2296,-0.0206,0.001,0.0286,0.0231,0.034,-0.1105,-0.0259,-0.0051,-0.3463,0.0073,0.1286,-0.0055,0.0233,-0.11,-0.0153,1.4405,-0.0437,0.0031,-0.0357,0.0056,-1.2877,0.0145,0.0187,0.0228,-0.0083,0.0252,-0.0069,-0.0084,0.0256,0.0179,-0.0239,-0.0199,0.0138,0.0182,-0.0238,-0.0171,0.009
154,5214,108,2,sitting,2.0,108.0,5214.0,2.0,108.0,-0.0037,1.2957,-0.0102,0.0375,-0.0009,-0.0164,-0.0425,-1.1856,0.0794,-0.0548,0.4356,0.0897,0.1165,0.966,-0.0095,-0.0002,-0.0146,0.0059,0.0254,0.0001,0.0142,0.0026,-0.0161,-0.0069,0.0228,-0.0015,0.0294,0.0123,-0.0047,0.0205,0.001,0.0283,0.0135,0.01,-0.0116,0.0112,0.0505,2.3287,0.065,-0.02,0.0938,0.1743,0.1374,-0.0158,0.5598,0.002,-0.0032,0.0019,0.0188,0.2736,0.0063,0.1021,0.1127,-0.0208,-0.0078,-0.0239,0.0202,-0.0807,0.1008,-0.3344,-0.1012,0.0202,0.017,0.0084,0.2467,-0.2234,-0.0202,0.014,0.024,0.1106,-0.2602,-0.0585,-0.0153,-0.3954,-0.0083,0.2849,-0.0079,0.0205,-0.1197,-0.0145,1.4507,-0.0259,0.0187,-0.0499,0.0071,-0.3077,0.0073,0.0091,0.0182,0.0086,0.0068,-0.0089,-0.0192,0.0229,0.0248,-0.0245,-0.0233,0.0231,-0.0072,-0.0206,-0.0209,0.019,-0.0051
155,5215,108,2,sitting,2.0,108.0,5215.0,2.0,108.0,0.0109,1.3087,-0.0059,0.0328,-0.0223,0.0009,-0.0542,-1.109,0.0625,-504.0,0.5614,0.086,3.7369,0.8986,-0.0772,0.1165,-0.2347,0.1229,0.028,0.0462,-0.1749,-0.1636,-0.185,-0.318,-0.1961,0.1005,0.2655,0.1379,0.2268,0.2078,0.2439,0.0409,0.0337,0.0257,0.0143,0.0246,-0.01,0.4466,-0.0205,0.0236,-0.0209,0.0221,-0.0001,-0.0051,0.5327,0.0067,0.001,-0.0034,-0.0154,0.8933,-0.0256,2.3598,-0.0186,-0.0803,-0.0277,-0.0095,0.0183,-0.0245,-0.0406,-0.1016,-0.0296,0.0093,0.0229,0.02,0.0463,-0.1992,0.0002,0.0238,0.014,0.0259,0.0275,-0.1303,0.0249,0.0046,-0.5888,0.0077,0.2603,-0.0069,0.0207,-0.1105,-0.0145,1.4875,-0.0438,0.0057,-0.0303,0.0076,-1.7074,0.0194,0.0084,0.0233,-0.0173,0.0031,-0.0037,-0.0082,0.0185,-0.0227,-0.0234,0.0197,0.0164,-0.0252,-0.0253,-0.0141,0.009
156,5216,108,2,sitting,2.0,108.0,5216.0,2.0,108.0,0.005,0.5164,-0.0125,0.0212,-0.0003,-0.008,0.031,-1.0475,0.0523,-0.0797,0.4696,0.064,0.0944,0.9665,-0.0085,-0.001,0.0032,0.0002,0.0163,0.0077,0.0046,-0.0027,-0.0056,-0.0022,0.0133,-0.0011,0.0298,0.006,-0.0135,0.0124,-0.0066,0.0314,0.0069,0.0019,-0.0118,0.0013,0.0036,1.2058,0.0157,0.0001,-0.0131,0.0204,-0.0068,0.0067,0.547,0.0017,0.01,-0.0115,-0.0145,2.6135,0.0508,0.0847,-0.1197,-0.0074,0.0143,0.0238,0.0034,-0.0195,0.0078,-0.1305,-0.0807,0.0183,0.0089,0.0226,0.1017,-0.2204,0.0142,0.0188,0.0231,0.0526,-0.1126,-0.02,-0.003,-0.4886,0.0037,0.2991,-0.0073,0.0262,-0.1109,-0.0172,1.4938,-0.0428,0.0282,-0.0294,0.0059,-0.6461,0.0162,0.0184,0.0051,0.0039,-0.0081,0.0094,-0.0153,0.0087,0.0092,-0.0245,-0.0228,0.0176,0.0082,-0.0209,-0.0071,0.009,0.0093
157,5217,108,2,sitting,2.0,108.0,5217.0,2.0,108.0,0.0047,1.3562,-0.0104,0.0215,-0.0194,-0.0008,-0.0298,-0.7749,0.037,-0.0523,0.4303,0.0865,2.1289,0.9071,-0.0231,-0.066,-0.0957,0.132,-0.104,0.1155,-0.1646,-0.2496,0.2756,0.1474,0.1943,0.1858,0.2542,0.3059,-0.2672,0.3954,0.0332,0.1106,0.0507,0.1003,-0.0578,-0.0455,-0.0067,3.375,-0.01,0.1015,-0.2866,-0.3836,-0.0203,-0.0226,0.2961,0.001,0.0231,-0.0163,0.0088,1.4568,-0.0083,0.3224,-0.0002,0.0033,0.0048,0.0169,-0.0034,0.0197,-0.0082,-0.2205,0.0248,0.0131,0.0185,0.0286,-0.2505,-0.02,0.0205,0.0221,0.0229,0.0278,-0.2284,-0.0266,-0.0081,-0.3647,0.0099,0.1307,-0.0064,0.018,-0.1198,-0.0151,1.4479,-0.04,0.0098,-0.0291,0.0171,-0.9375,0.009,0.0173,-0.0041,0.0153,0.0092,-0.0019,-0.0191,0.0076,-0.0234,-0.0001,0.0121,0.0235,-0.0236,-0.0186,0.0095,0.0072,-0.0187
158,5218,108,2,sitting,2.0,108.0,5218.0,2.0,108.0,0.0015,1.3782,-0.0108,0.025,-0.0325,0.0006,-0.0414,-0.5145,0.057,-0.0645,0.369,0.0764,2.1713,0.3103,-0.0065,0.001,-0.116,0.0206,0.0504,0.01,0.0002,-0.0,0.0046,-0.0001,0.0038,0.0204,0.0044,0.0375,0.0023,-0.0042,0.0249,0.0026,0.0972,0.0088,-0.0027,-0.0143,0.0039,0.2228,0.1257,-0.1021,0.02,-0.168,0.0809,0.0256,-0.0024,0.5866,-0.0041,-0.0049,0.0059,-0.0035,1.4799,-0.0276,0.2962,0.032,0.0096,0.0163,0.0265,-0.0085,0.0084,0.1191,-0.0581,0.0257,0.0262,0.0249,0.1104,-0.1308,0.0194,0.0272,0.0266,0.0077,0.0383,-0.1953,-0.0598,-0.0069,-0.4886,0.004,0.2167,-0.0092,0.0226,-0.1056,-0.0179,1.4406,-0.0412,0.0068,-0.0303,0.0051,-1.5431,0.0195,0.0091,-0.0074,0.0259,-0.0071,0.0033,-0.0132,0.0134,0.0231,-0.0173,0.0155,0.0245,-0.0243,-0.0066,0.0167,0.0093
159,5219,108,2,sitting,2.0,108.0,5219.0,2.0,108.0,0.0012,1.314,-0.0131,0.0426,-0.028,0.0541,-0.0345,-1.0938,0.0746,-0.0696,0.4327,0.0847,4.161,0.979,-0.142,-0.1518,-0.137,0.1164,0.2924,0.3063,-0.3917,0.3523,0.4189,-0.289,-0.3686,0.2297,0.7376,0.2557,-0.3421,-0.4861,-0.5116,0.5532,0.374,-0.4499,-0.5862,-0.8348,-0.0006,0.3389,-0.1017,-0.0509,0.4985,0.01,-0.0066,-0.0002,0.5988,0.0001,-0.0053,-0.0042,-0.0202,2.6594,0.0169,0.6768,-0.005,0.02,0.0245,-0.0182,0.0178,-0.0803,-0.1504,-0.7791,0.0787,0.001,0.0221,0.1192,-0.6073,0.0409,0.0373,-0.0198,0.0074,-0.1102,-0.2162,-0.0205,-0.0051,-0.2508,0.0071,0.1122,-0.0081,0.0195,-0.1003,-0.0154,1.5001,-0.0427,0.0093,-0.0286,0.0157,-1.5675,0.0262,0.0262,-0.0209,0.0047,-0.0257,-0.0032,0.0079,0.0259,-0.0172,-0.0076,0.0111,0.0238,-0.0249,-0.0192,-0.0228,-0.0184,-0.0092
160,5220,108,2,sitting,2.0,108.0,5220.0,2.0,108.0,0.0018,1.3077,-0.0112,0.0326,-0.007,0.0217,-0.0427,-0.8139,0.0575,-0.0891,0.4561,0.0941,2.1089,0.9072,-0.0655,0.0007,0.1396,-0.1519,0.1463,0.1169,-0.2486,-0.2542,-0.1695,-0.0472,-0.2385,-0.2988,0.3113,0.3336,0.3562,0.5373,-0.0507,0.0337,0.0002,0.0233,0.0149,-0.005,0.001,3.4698,0.01,0.0205,0.1126,-0.2221,0.008,0.0067,0.4794,0.0028,0.0068,-0.0037,0.0174,1.4498,0.0072,0.0294,0.1011,0.009,0.0257,0.1193,-0.0356,0.0277,-0.0184,-0.3438,-0.0456,0.0332,0.014,0.0231,-0.1304,-0.0807,0.0236,0.0,0.0092,0.0245,-0.0266,-0.1343,0.02,-0.006,-0.4859,0.0058,0.3013,-0.0078,0.0204,-0.1097,-0.0199,1.4687,-0.0411,0.0083,-0.0238,0.0182,-1.4632,-0.0054,0.0209,0.0173,0.0139,0.0072,-0.0081,0.0059,0.0232,-0.0153,-0.0157,0.0208,0.0076,-0.0222,-0.0151,0.0087,0.0156
161,5221,108,2,sitting,2.0,108.0,5221.0,2.0,108.0,-0.0067,1.3685,-0.0113,0.0212,-0.0002,-0.0308,-0.0245,-1.2074,0.0568,-0.041,0.5909,0.0798,2.4223,-0.7788,-0.037,0.0407,-0.063,-0.146,0.1156,0.0505,0.0829,-0.175,0.0256,-0.1839,0.0493,-0.0373,0.1546,-0.1637,0.0803,0.2332,-0.0209,0.0072,0.0165,-0.0027,-0.0158,-0.0007,0.0293,0.9509,-0.0047,0.0206,0.2466,-0.01,-0.0001,-0.0042,0.4841,-0.001,-0.0034,-0.0044,0.0209,0.8253,-0.0087,0.1943,-0.0095,0.0238,0.02,-0.0157,-0.0038,0.0163,-0.0069,0.2896,-0.0133,0.0228,0.0259,0.0239,-0.2635,-0.0286,0.0205,0.0082,0.0231,0.0226,-0.2231,0.019,-0.0071,-0.2578,0.0073,0.0961,-0.0079,0.0184,-0.1011,-0.0062,1.4997,-0.0207,0.0149,-0.0302,-0.0155,0.7583,-0.0099,0.0089,0.0154,0.004,-0.0045,-0.0093,-0.0051,0.0053,-0.0194,-0.0152,0.0191,0.0204,-0.0227,-0.008,-0.0113,0.0121,-0.0092
162,5222,108,2,sitting,2.0,108.0,5222.0,2.0,108.0,0.0033,1.2396,-0.0122,0.037,-0.0211,-0.0003,-0.0515,-0.8181,0.0467,-0.0616,0.4698,0.0947,3.9665,4.1283,-0.1021,0.1438,0.0791,0.2763,0.1957,0.2697,-0.2048,0.1398,-0.086,-0.3059,-0.2465,0.2858,0.1855,-0.1785,0.3725,-0.0509,0.0443,-0.0141,0.001,-0.0143,0.0002,0.0168,0.1016,2.4488,-0.1197,-0.1002,-0.3681,-0.1108,-0.01,-0.0051,0.5475,0.0035,0.0045,-0.0053,-0.0205,1.4939,-0.0173,-0.4056,-0.0259,0.0164,-0.0231,0.0229,0.0221,-0.0379,0.0458,0.5069,0.0184,-0.0162,0.0074,0.0294,-0.2309,0.0286,0.0228,-0.0234,0.0803,0.0195,-0.2989,-0.0001,-0.0066,-0.3011,0.0032,0.1307,-0.0052,0.0194,-0.1077,-0.0171,1.4409,-0.0499,0.0031,-0.0298,0.0146,-1.4995,0.0206,0.0192,0.0186,0.0093,0.0208,-0.0072,-0.0061,0.0238,-0.0182,-0.018,0.009,0.0245,-0.02,-0.0079,-0.0118,0.0062,-0.0142
163,5223,108,2,sitting,2.0,108.0,5223.0,2.0,108.0,-0.0032,0.9278,-0.0118,0.0468,-0.0246,0.0006,-0.0216,-1.068,0.055,-0.0885,0.4948,0.0765,1.1243,0.9645,-0.0375,-0.0151,0.0188,0.0203,0.1154,0.1055,-0.0947,0.159,0.1346,0.146,0.1725,0.0504,0.01,0.1937,0.0164,0.2442,0.2034,0.0001,0.0803,-0.0002,-0.0138,0.0072,0.001,-0.2984,0.02,-0.223,-0.017,-0.3336,-0.0174,-0.0062,0.4461,0.0121,0.0059,-0.0127,-0.0058,2.5798,0.0063,0.3967,0.0286,-0.0,-0.0078,-0.0191,-0.0194,-0.0092,0.0195,-0.2399,-0.027,0.034,0.0228,0.0221,0.1308,-0.3541,-0.0286,-0.0173,0.0182,0.035,0.1009,-0.2686,0.0079,-0.0076,-0.3007,0.0053,0.1122,-0.0087,0.0169,-0.1011,-0.0177,1.4673,-0.0428,0.0083,-0.0298,0.0152,0.9744,0.0209,0.0081,0.0156,-0.0239,0.0066,-0.0131,0.0059,0.0235,-0.0243,-0.0082,0.0171,0.0202,-0.0133,-0.0134,0.0092,0.0093
164,5224,108,2,sitting,2.0,108.0,5224.0,2.0,108.0,0.0004,0.7802,-0.0046,0.0164,-0.0116,-0.0074,0.025,-0.9795,0.0577,-0.0462,0.2692,0.0632,0.0485,1.1294,-0.0322,0.0057,-0.0096,-0.0002,0.0262,0.0082,0.0108,-0.006,-0.0056,-0.0019,0.0111,-0.0038,0.0345,0.011,-0.001,0.0266,-0.0013,0.0286,0.0141,0.01,-0.0109,0.0114,0.02,0.3156,-0.0136,0.0034,0.0775,-0.0205,-0.0115,0.0044,0.2761,-0.0035,-0.0043,-0.0065,-0.0069,2.2885,-0.0255,0.0257,0.0231,-0.0023,-0.0233,0.0001,-0.007,-0.0159,0.0506,-0.1725,0.0221,0.0239,0.0163,0.0189,-0.2071,-0.0467,0.0166,0.0099,0.0172,0.0249,-0.1831,-0.044,-0.0033,-0.5376,0.0078,0.3053,-0.0047,0.0204,-0.1198,-0.0173,1.4979,-0.0468,0.0088,-0.0276,-0.0181,0.3986,0.0184,0.0187,0.009,0.0245,0.0098,0.0091,-0.0137,0.0251,-0.0195,-0.0051,0.0042,0.0232,-0.0242,-0.0055,-0.008,0.0021,-0.0148
165,5225,108,2,sitting,2.0,108.0,5225.0,2.0,108.0,0.0103,1.5483,-0.008,0.0431,-0.021,0.059,-0.0007,-1.0693,0.0743,-0.0846,0.5885,0.0957,2.314,-1.4357,0.144,0.1536,-0.1772,0.2368,0.1177,0.1835,-0.1654,-0.1219,0.1347,0.2624,0.2213,-0.2986,0.335,0.2748,-0.3788,-0.0509,0.1018,0.1105,-0.1006,0.0002,-0.01,-0.0407,0.1126,0.442,0.0807,0.2834,0.3983,-0.3832,-0.0001,-0.0049,0.3056,-0.001,0.0066,-0.0069,-0.02,0.9951,0.0059,0.5565,0.0259,0.0257,0.007,0.0278,0.1195,0.1303,0.4567,0.7875,-0.2509,0.0042,-0.0,0.1505,-0.3407,-0.2606,0.006,0.0254,0.0064,-0.0226,-0.2208,0.0084,-0.3006,-0.0053,0.3017,-0.0021,0.0962,-0.0187,0.0174,-0.0276,-0.0194,0.1281,-0.0071,0.0197,-0.032,0.0196,-0.9863,0.0041,0.0228,-0.0236,-0.0092,0.0066,-0.0191,-0.0042,0.0238,-0.0229,-0.0195,0.0061,0.0173,-0.0209,-0.0182,0.0086,0.0088
166,5226,108,2,sitting,2.0,108.0,5226.0,2.0,108.0,0.0113,1.3231,-0.007,0.0525,-0.0464,-0.0324,-0.0792,-0.8139,0.0655,-0.0917,0.3468,0.0842,2.1595,1.3898,-0.0004,0.1186,-0.2327,-0.1856,0.1297,0.1946,-0.1663,-0.0507,0.2296,0.0804,0.1061,-0.145,0.2633,-0.0213,-0.2984,-0.1306,0.1005,0.0002,0.01,0.02,-0.0188,0.0065,-0.0373,3.4472,-0.0001,0.2057,0.1122,-0.3574,-0.1011,0.001,0.4979,-0.0147,-0.0043,-0.0158,-0.0247,1.6685,-0.0559,0.3936,-0.0236,0.0286,0.0083,-0.0432,0.0077,0.0258,0.1109,-0.2821,0.119,-0.0194,0.006,-0.0355,-0.2204,-0.0209,0.0294,0.0075,0.0148,0.0233,-0.0353,-0.1503,-0.0145,-0.309,0.0078,0.1369,-0.0091,0.0182,-0.1016,-0.0076,1.4054,-0.0427,0.0093,-0.0273,0.0041,-0.4995,0.0242,0.0053,-0.0067,0.0031,0.0249,-0.0052,-0.0072,0.0257,-0.0137,-0.0073,0.0199,0.0222,-0.0228,-0.0181,0.008,0.0117,-0.0151
167,5227,108,2,sitting,2.0,108.0,5227.0,2.0,108.0,0.0012,1.2377,-0.0118,0.037,-0.0009,-0.0002,-0.0219,-0.5969,0.0413,-0.0626,0.3785,0.0742,-1.7164,0.9638,-0.0543,0.01,-0.0066,0.0111,0.005,0.0174,0.0025,0.0044,-0.0146,-0.001,0.0235,-0.0114,0.02,0.0001,-0.004,0.0231,-0.0045,0.0283,0.0078,0.006,-0.011,0.0036,0.0041,2.31,-0.0128,0.0108,-0.0973,0.0294,-0.0239,-0.0067,0.2489,0.0055,-0.0016,-0.0063,0.0508,0.8732,0.0202,-0.229,-0.0129,0.0222,-0.0165,0.0231,0.0568,0.0184,0.1548,-0.0394,-0.0151,0.0266,0.0221,0.0806,-0.2058,-0.0254,0.0156,0.0232,0.0033,0.0262,-0.173,-0.0276,-0.0,-0.5735,0.008,0.2304,-0.0082,0.0228,-0.1011,-0.0195,1.4409,-0.0427,0.0192,-0.0205,0.0093,-0.9979,0.0256,0.0061,0.0081,0.0162,-0.0091,0.0086,-0.0034,0.0083,0.0236,-0.0131,-0.0257,0.0054,0.0255,-0.0149,-0.0039,0.0153,-0.0147
168,5228,108,2,sitting,2.0,108.0,5228.0,2.0,108.0,0.0032,1.2697,-0.0122,0.034,-0.0008,-0.022,-0.0542,-1.1394,0.077,-0.0878,0.4356,0.0469,-0.1046,0.9607,0.0002,-0.0062,0.0196,-0.0206,0.0507,0.065,0.0238,0.0915,-0.1486,-0.1789,0.1136,-0.1229,0.0355,0.1637,-0.0088,0.001,0.0549,0.0258,0.0095,0.0044,-0.0125,-0.0143,0.0804,0.4764,-0.0065,0.0203,0.1848,-0.2324,0.0077,-0.0001,0.5761,-0.0063,-0.0033,-0.0039,-0.0209,0.7967,-0.0127,0.1958,-0.01,0.0231,0.02,-0.0202,0.0229,0.0221,-0.1003,-0.1016,-0.0145,0.0184,0.0087,0.0465,-0.1303,-0.0573,-0.027,0.0,0.0099,0.0226,-0.1106,-0.0276,-0.0434,-2.768,-0.0151,1.6075,0.0277,0.2868,-0.1192,-0.0271,2.3074,-0.0538,-0.0256,-0.0198,-0.1509,-3.5572,0.0236,0.0206,0.0206,0.0207,-0.0081,-0.0092,-0.0209,0.0159,-0.0185,-0.0531,0.1129,0.0191,0.0222,-0.0252,0.0141,-0.019,0.0152
169,5229,108,2,sitting,2.0,108.0,5229.0,2.0,108.0,0.0037,1.3661,-0.0109,0.0214,-0.0008,-0.0182,-0.0326,-0.7115,0.0541,-0.065,0.4042,0.0469,2.188,-1.2893,0.0775,-0.0002,-0.0878,0.109,-0.1185,0.1349,-0.0506,0.1786,0.0803,-0.166,0.1229,0.1532,0.1951,0.2064,-0.2539,-0.2458,-0.2327,0.1019,-0.0332,-0.1194,-0.1126,-0.1002,-0.001,3.7056,-0.01,-0.1304,-0.2281,0.3321,-0.02,-0.0067,0.4791,0.0068,-0.0066,-0.0203,-0.0222,1.4538,0.0563,0.7955,0.0099,-0.0198,-0.043,-0.0183,0.0065,0.0277,-0.2207,-0.4462,-0.1108,-0.0239,0.0255,0.0835,-0.4897,-0.435,0.0448,0.0001,0.0589,0.0434,0.0404,0.0493,-0.0073,-0.5796,0.0053,0.2171,-0.0087,0.0235,-0.1027,-0.0146,1.5954,-0.0431,0.0071,-0.0252,-0.0236,-0.8874,0.0206,-0.0095,-0.0152,-0.0042,0.0059,-0.0205,-0.0194,0.0172,-0.0237,-0.0209,-0.0177,0.0146,-0.0207,-0.0221,-0.0231,-0.0143,-0.0192
170,5230,108,2,sitting,2.0,108.0,5230.0,2.0,108.0,0.0118,1.4252,-0.0066,0.034,-0.0136,0.0006,-0.0412,-0.885,0.057,-0.0891,0.2709,0.022,-1.7115,0.8333,-0.0169,-0.0196,-0.076,0.0638,0.1142,0.1081,0.1323,0.1433,-0.1525,0.0505,0.2457,0.1765,0.1199,0.2232,-0.1655,0.1009,0.0277,0.02,0.038,0.0161,-0.0182,-0.0072,0.0806,2.3151,0.1108,0.01,-0.2962,-0.3468,-0.1012,-0.0001,0.5883,-0.0037,0.0028,-0.0059,-0.0075,1.4845,-0.0286,0.2635,-0.0,0.0164,0.0231,-0.0257,-0.0056,-0.0463,0.1953,-0.1304,0.0185,0.0231,0.0167,0.0179,-0.1992,-0.027,-0.001,0.0205,0.0131,0.0237,-0.1124,-0.0084,0.0272,-4.9849,-0.0051,1.4639,0.0286,0.4741,-0.0178,0.0271,-0.4709,0.0121,0.0174,-0.0289,-0.0044,0.8699,-0.009,0.0235,0.0248,0.0054,0.0241,-0.0002,0.0077,0.0195,0.0197,-0.0251,-0.0238,0.0245,0.0242,-0.0259,-0.0043,0.0071,0.0073
171,5231,108,2,sitting,2.0,108.0,5231.0,2.0,108.0,0.0016,1.3661,-0.0107,0.025,-0.0155,-0.0166,-0.0462,-0.9604,0.0546,-0.0625,0.3177,0.0941,4.0872,-1.1394,0.0296,-0.037,-0.159,-0.116,0.1232,0.1944,0.271,-0.1742,0.1469,-0.1824,0.0807,-0.2397,0.3063,0.0006,-0.222,-0.2693,-0.0002,0.1194,-0.0504,0.0077,-0.01,0.0205,0.02,2.3896,0.1308,-0.2868,0.0458,-0.2985,-0.0189,-0.0001,0.5737,-0.001,-0.0067,-0.0045,-0.0222,1.3965,-0.0079,0.3556,-0.0226,-0.018,0.0148,0.0164,-0.0133,0.0,-0.0379,0.101,-0.0332,0.0232,0.0088,0.0059,-0.2505,-0.215,0.0187,0.0248,0.0233,0.0238,-0.0383,-0.0373,0.0075,-0.3015,0.0147,0.1009,-0.0073,0.0174,-0.0232,-0.0153,0.4943,-0.0186,0.0131,-0.0203,-0.0076,3.4082,0.0192,-0.0084,0.0199,0.0051,0.0152,-0.0081,0.0083,-0.0178,0.0198,-0.0034,0.0206,0.0209,-0.0158,-0.0074,0.0074,-0.0171,0.0077
172,5232,108,2,sitting,2.0,108.0,5232.0,2.0,108.0,0.0042,1.317,-0.0103,0.028,-0.0431,-0.0008,0.0525,-1.1669,0.0638,-0.0723,0.6143,0.1154,4.1049,-0.4844,-0.0972,0.0509,0.0256,0.139,-0.0833,0.1256,0.1768,0.1857,-0.1953,0.145,0.2279,0.2096,0.0809,0.1004,0.1558,0.2785,0.2824,0.2639,0.004,0.1307,0.2943,-0.0658,-0.0189,2.7047,0.0337,0.0001,-0.3078,0.3574,0.3782,-0.0206,0.4541,-0.001,-0.0202,-0.1012,0.1124,0.6636,-0.1102,0.6063,-0.5964,-0.1505,-0.01,-0.3462,0.213,-0.1192,0.4624,0.6567,-0.5583,-0.0176,0.0194,0.0186,0.2253,-0.3609,-0.2163,0.0407,0.0277,-0.0383,0.2504,-0.2209,0.02,-0.3406,0.0071,0.1027,-0.0087,0.0132,-0.1111,-0.0084,1.3994,-0.0428,0.0151,-0.0242,0.0002,3.7793,-0.0206,0.0175,-0.0097,0.0209,-0.0092,0.0199,-0.0205,0.0161,0.0262,-0.0238,0.0019,0.0095,-0.0091,-0.0228,-0.0066,0.0152,0.0181
173,5233,108,2,sitting,2.0,108.0,5233.0,2.0,108.0,0.0017,1.3072,-0.0102,0.0531,-0.0232,-0.0259,-0.041,-1.0955,0.0763,-0.0891,0.5836,0.036,2.9062,-1.3115,-0.152,-0.0508,0.1234,0.1611,0.1938,0.1425,0.2297,0.1865,0.2789,0.1398,0.2951,0.2632,0.2362,0.2459,0.0806,-0.0337,0.0004,0.034,0.0002,-0.0271,-0.0257,0.0157,0.01,0.7291,0.0169,0.0037,-0.0206,0.1122,0.0205,-0.0146,0.4956,0.0128,0.0039,-0.001,-0.008,-0.3544,-0.0142,-0.0286,-0.0185,-0.0,0.0247,0.0179,0.0195,0.0187,-0.1015,-0.1195,-0.027,0.0302,0.0205,0.0094,-0.2305,-0.1506,-0.0145,0.0147,0.005,0.0252,0.1109,-0.0239,-0.0207,-4.7768,-0.0254,1.7875,0.0276,0.3321,-0.1302,-0.1009,1.6799,-0.0596,0.0082,0.0574,-0.0073,-0.907,0.0242,0.0258,-0.0141,0.0192,-0.0052,0.0081,0.0084,0.0262,0.0265,-0.0154,0.0231,0.0229,-0.0226,-0.0053,-0.0228,0.0188,0.0161
174,5234,108,2,sitting,2.0,108.0,5234.0,2.0,108.0,0.0019,1.2567,-0.0118,0.0439,-0.0328,-0.0008,0.0514,-1.0836,0.0699,-0.0746,0.4577,0.028,0.31,-0.7141,-0.0286,0.0002,-0.1081,-0.172,0.0941,0.1611,-0.1256,-0.1329,0.2291,-0.2332,-0.1574,0.0804,0.0504,-0.2443,0.1306,0.2692,-0.0332,0.1199,0.0277,0.0249,0.0168,0.001,0.0294,3.4879,-0.0001,0.0159,0.01,0.0,0.0038,0.0063,0.5434,0.005,-0.0042,0.0055,-0.0069,0.6637,0.0185,-0.0051,-0.0286,-0.0089,0.016,0.0288,-0.0196,0.0245,-0.0373,-0.02,-0.0547,-0.0221,0.0172,0.0095,0.0236,-0.2303,-0.0194,0.0206,0.0228,0.0165,0.019,-0.1109,-0.0246,-0.0075,-0.354,0.0084,0.101,-0.0078,0.0207,-0.1031,-0.0082,1.4957,-0.0421,0.0076,-0.0302,0.0206,-0.8833,0.0161,0.0197,0.0233,0.0232,0.0073,-0.0183,0.003,0.0153,-0.017,-0.0127,0.0171,0.0203,-0.0226,-0.0144,0.0098,0.0087
175,5235,108,2,sitting,2.0,108.0,5235.0,2.0,108.0,0.0033,1.317,-0.0111,0.0219,-0.0412,-0.055,-0.0345,-0.986,0.0504,-0.0894,0.4463,0.0616,3.3961,2.1543,0.1349,-0.071,-0.1437,-0.0009,0.0981,-0.2055,0.2548,-0.189,-0.2435,0.2291,-0.2847,0.1786,-0.1507,-0.2696,-0.2362,-0.1005,-0.1018,0.0809,-0.0034,-0.01,-0.0002,0.2746,0.6382,4.4085,0.2972,0.6497,-1.793,-0.3878,0.0408,-0.0157,0.5832,0.0069,0.0204,-0.0165,-0.0575,1.3695,0.0373,0.8968,0.02,0.1126,0.058,-0.1309,0.1027,-0.1104,-0.6742,-0.5466,0.2608,0.0266,0.1196,0.3402,-0.7787,-0.7059,-0.536,-0.2503,0.3013,-0.7421,-0.9988,-0.3991,-0.0051,-0.3752,0.0083,0.1001,-0.0041,0.0205,-0.0852,-0.0176,1.4017,-0.0427,0.0302,-0.0203,0.0202,-0.4647,0.0171,0.005,-0.0231,-0.0001,-0.0031,-0.0209,0.0208,0.0249,-0.0073,-0.0182,0.0193,0.0184,-0.0256,-0.0125,-0.0233,0.0074,0.0156
176,5236,108,2,sitting,2.0,108.0,5236.0,2.0,108.0,0.0033,1.4396,-0.0102,0.0594,-0.037,-0.0468,0.0636,-0.8333,0.0842,-0.0773,0.318,0.1154,4.2963,2.7169,0.132,0.1409,0.2296,3.1582,0.2698,-0.1658,0.2366,0.1235,-0.3789,-0.6135,0.3078,0.2774,0.0508,-0.285,0.171,0.3486,0.244,-0.0009,0.0266,0.0046,-0.0002,-0.0045,-0.0159,5.188,-0.01,0.0055,-0.0195,0.1105,0.006,-0.0169,0.5399,0.0049,0.001,-0.0038,-0.0206,0.6488,-0.0209,-0.1005,-0.1011,0.0156,0.0465,0.0257,-0.0286,0.1127,0.2557,0.4785,0.0062,-0.0187,0.02,0.0245,0.2207,-0.0803,0.0233,0.0151,0.0139,0.0843,-0.1944,-0.0271,-0.0001,-0.4879,0.0072,0.1881,-0.0075,0.0227,-0.1194,-0.0184,1.4807,-0.0421,0.0207,-0.0277,-0.0092,-0.5211,0.0091,0.0232,0.0183,0.009,-0.0235,-0.0063,-0.0161,-0.0042,0.0077,-0.0268,-0.0259,0.0132,0.0204,-0.0246,-0.0229,0.0197,0.0074
177,5237,108,3,standing,3.0,108.0,5237.0,2.0,108.0,0.0112,-0.7768,0.0062,0.022,-0.0002,-0.036,0.0511,0.4418,-0.0259,0.0086,-0.2394,-0.0463,1.2697,-1.2957,-0.0892,0.0933,-0.2772,0.1725,0.0788,0.1906,0.1646,0.0507,0.2271,0.4277,0.2445,0.1421,0.1378,-0.104,-0.1547,0.1198,-0.2896,0.1009,0.3684,0.3099,-0.0006,-0.3556,0.3766,0.7955,0.0181,-0.0807,-0.3869,-0.7065,-0.001,-0.0001,0.5464,0.0082,-0.0048,-0.0087,0.0134,0.855,-0.0175,2.5898,-0.01,-0.0,0.0053,-0.02,0.0041,0.0461,0.0231,-0.4942,0.598,0.3989,0.1015,5.9317,3.6743,-1.9032,-0.2253,-0.0183,0.1102,-0.1505,-0.521,-0.1129,-0.0105,-0.3001,0.0091,0.1306,-0.006,0.0131,-0.0751,-0.0173,1.4672,-0.0207,0.006,-0.0257,0.0066,0.9518,0.0051,-0.0041,0.0141,-0.0174,0.0236,-0.0176,-0.0131,0.0266,0.0239,-0.024,-0.0085,0.0262,-0.0242,-0.0041,-0.0078,0.009,-0.0131
178,5238,108,3,standing,3.0,108.0,5238.0,2.0,108.0,-0.0016,-0.734,0.0125,-0.0065,-0.0326,0.001,0.043,0.2957,-0.0007,-0.0106,-0.1707,-0.0544,-0.2075,-0.3463,-0.0211,0.0002,-0.1096,0.085,0.1349,0.0915,0.1923,-0.1486,-0.1846,0.1232,-0.2447,0.2859,0.1306,0.2769,0.1104,0.1508,-0.0509,0.1003,-0.1129,-0.1011,0.229,-0.3962,0.3742,1.3638,-0.4861,0.3558,-0.3376,0.5585,-0.008,-0.0021,0.5464,-0.0067,-0.0051,-0.0077,-0.006,0.7066,-0.01,0.4345,-0.0277,-0.0174,0.0168,-0.02,-0.0189,0.0095,0.0275,-0.2605,-0.0332,0.0088,-0.0273,-0.1192,-0.7894,0.3509,0.2807,0.0856,0.0286,0.0572,-0.3207,-0.0403,-0.0099,-0.3708,0.0087,0.1283,-0.0084,0.0207,-0.1031,-0.0192,1.5507,-0.0412,0.0091,-0.0239,0.0202,0.8211,0.0053,0.005,-0.0197,0.0079,-0.0181,0.0249,-0.0141,0.0246,-0.0255,-0.0152,0.0119,0.0205,-0.0256,-0.0093,0.0042,0.006,-0.0098
179,5239,108,3,standing,3.0,108.0,5239.0,2.0,108.0,-0.0016,-0.7391,0.0105,-0.0003,0.0063,-0.0212,0.0157,0.4254,-0.0326,-0.0085,-0.2077,-0.0414,-0.065,-1.237,-0.0238,-0.0065,0.0286,0.0001,0.0509,0.0849,0.0925,-0.0774,-0.1321,0.1547,-0.1161,0.1746,0.1043,0.0154,0.1198,0.1016,0.1307,0.1875,0.0179,0.0235,-0.0246,0.0594,-0.0136,1.2741,-0.0032,-0.0331,-0.1008,-0.0072,-0.0159,0.0024,0.5838,0.001,-0.0045,0.004,0.0056,0.688,-0.0134,0.3598,0.0002,0.0236,0.02,0.01,-0.0042,0.0257,0.0169,0.2966,-0.0259,0.0095,0.0422,-0.1103,-0.1951,-0.0804,0.0404,-0.013,0.0196,0.0256,-0.1027,-0.1127,-0.0155,-0.0078,-0.2257,0.0081,0.0952,-0.016,0.0184,-0.0751,-0.0128,1.4864,-0.0433,0.0199,-0.0344,0.0277,0.6797,0.0162,-0.0053,0.0076,0.0189,-0.0066,0.0092,-0.0226,0.0186,-0.0082,-0.0093,0.0227,-0.0229,-0.0039,-0.0137,0.0066,0.0072
180,5240,108,3,standing,3.0,108.0,5240.0,2.0,108.0,0.0014,-0.6877,0.0104,-0.0316,-0.0211,-0.0023,0.0004,0.3344,-0.0547,0.0108,-0.1713,-0.0775,-0.0925,-1.2746,-0.062,0.1245,0.1938,0.1551,0.2458,0.3057,0.1869,0.2695,-0.2279,0.1097,-0.0508,-0.3537,-0.2856,-0.2987,-0.4874,0.6397,-0.7143,-0.4086,-0.649,-0.3421,-0.506,0.6589,-0.3684,1.6796,-0.328,-0.0443,-0.9659,-0.6671,0.0803,0.0042,0.5431,-0.0098,0.0059,0.0002,-0.0081,0.9985,-0.0043,2.4982,-0.0277,0.101,0.0061,0.0191,-0.1004,-0.3976,-0.8892,-0.5594,-0.1126,-0.1506,0.2205,4.537,3.6326,0.7852,-0.9328,0.3459,0.1198,5.5249,-0.7364,-0.2603,-0.0041,-0.3608,0.0083,0.1306,-0.006,0.0196,-0.0716,-0.001,1.1105,-0.044,0.0236,-0.0231,-0.0062,0.4806,0.0072,0.01,0.0206,0.0248,0.0066,-0.0186,0.0142,0.0238,-0.0172,-0.0209,0.0001,0.02,-0.0245,-0.0113,-0.0226,0.0234,-0.0105
181,5241,108,3,standing,3.0,108.0,5241.0,2.0,108.0,0.0103,-0.7382,0.0065,0.0008,-0.0246,-0.0146,0.041,0.5083,-0.0523,-0.0064,-0.2988,-0.0718,1.2459,-0.4356,-0.0922,0.063,0.022,0.1582,0.1169,0.1257,0.0833,-0.1638,-0.1474,0.1758,-0.1349,0.1011,0.0507,0.0077,0.0002,-0.0803,-0.001,0.01,0.0286,-0.0066,-0.0266,0.0032,0.02,-0.269,-0.0062,-0.1944,-0.2886,-0.2542,-0.0238,-0.0001,0.5333,0.0039,0.0035,-0.0155,-0.0151,0.9451,-0.0081,0.2772,0.0163,-0.0202,-0.0041,0.0,0.0089,0.0277,-0.0143,-0.2101,-0.0259,-0.0228,0.0131,-0.1196,-0.4791,-0.1009,0.1506,0.039,0.027,0.1122,0.3476,-0.1103,-0.008,-0.2302,0.007,0.0971,-0.0073,0.0136,-0.0856,-0.0195,1.4561,-0.0294,0.0178,-0.0262,0.0094,0.966,0.0184,0.0087,0.0233,0.0248,0.0068,-0.0199,-0.0154,0.004,-0.0252,-0.0152,0.0193,0.0242,-0.0245,-0.0206,0.0075,-0.0048,-0.0092
182,5242,108,3,standing,3.0,108.0,5242.0,2.0,108.0,-0.0044,-0.7406,0.0103,0.0046,0.0009,-0.025,0.0627,0.451,-0.0412,-0.0002,-0.2368,-0.0584,-0.0774,-1.228,0.0848,0.1457,-0.1311,0.2551,-0.2637,0.0956,-0.1947,-0.1786,0.2824,-0.0509,0.1578,-0.1852,0.167,-0.2055,-0.1018,0.4646,-0.1106,0.1304,0.386,0.1508,-0.0256,-0.0455,-0.3969,1.3036,-0.3379,0.1122,0.2981,-0.3543,-0.0001,-0.0059,0.5307,-0.0067,-0.0062,-0.0077,-0.01,1.534,0.0087,-0.3465,0.001,-0.0032,-0.02,-0.0247,0.0058,0.0294,0.0582,-0.7592,0.1004,0.0205,0.0566,0.0286,-0.4976,-0.2807,0.1192,0.0408,-0.0164,0.0072,0.2164,-0.3008,-0.0085,-0.2251,0.0021,0.0983,-0.0098,0.0142,-0.0807,-0.0154,1.4403,-0.0464,0.0089,-0.0357,0.0233,-0.638,0.0095,0.0194,0.0209,-0.0088,-0.0019,-0.0042,-0.0131,0.0197,-0.019,-0.0196,0.0171,0.0193,0.0056,-0.0025,-0.0173,0.0161,-0.0096
183,5243,108,3,standing,3.0,108.0,5243.0,2.0,108.0,0.0055,-0.7169,0.0111,-0.0032,-0.0225,0.0009,-0.0426,0.4063,-0.035,-0.0123,-0.1708,-0.0518,0.0973,-0.8778,-0.0245,-0.0628,-0.1657,-0.0769,0.2072,-0.1578,0.1039,-0.1462,-0.1944,-0.1236,0.2488,0.1337,-0.1014,-0.0509,0.2774,0.0407,-0.0804,0.1121,-0.3046,-0.0409,0.1002,-0.0406,0.2211,1.6014,0.4577,-0.0408,0.2956,-0.119,0.0247,-0.0049,0.5475,0.0165,0.0067,-0.0034,0.001,1.4766,0.0001,0.4886,-0.0259,-0.0202,-0.0379,0.0256,0.019,0.0236,-0.2607,-0.3538,-0.3342,0.1106,0.1306,2.9961,3.7964,4.6898,5.437,6.5895,8.8959,7.938,-0.4013,-0.6076,-0.4008,-0.0002,-0.3016,0.0041,0.1381,-0.0021,0.0171,-0.0791,-0.0192,1.9731,-0.0273,0.02,-0.0273,0.0182,-0.3456,-0.0183,0.0256,0.0184,0.0194,0.0085,0.0136,0.0187,-0.0165,0.0096,-0.0145,0.0266,0.0153,-0.0151,-0.0113,-0.01,0.0112
184,5244,108,3,standing,3.0,108.0,5244.0,2.0,108.0,-0.0032,-0.7407,0.0008,0.0036,-0.0131,0.0313,0.0196,0.4272,-0.026,-0.0016,-0.2372,-0.0574,0.078,-0.1786,-0.0412,0.007,0.01,0.0001,0.0894,0.1085,-0.0626,-0.1825,0.0965,0.1578,0.1164,0.1463,0.229,-0.2447,-0.2061,-0.2853,0.0658,-0.005,0.0505,0.0221,-0.0226,-0.0286,-0.0803,1.9644,0.1196,0.3049,0.3781,-0.1943,0.0202,0.0033,0.5791,0.0044,0.0021,-0.0038,-0.001,0.8839,0.0204,0.4883,-0.1003,-0.1103,-0.0337,0.004,0.1304,-0.2797,0.2987,-0.7775,0.5835,0.1011,0.1503,0.6671,4.8467,0.5568,-0.5942,0.3489,0.3009,2.027,3.5627,-0.4579,-0.0199,-0.2502,0.0073,0.0846,-0.0052,0.0182,-0.0695,-0.0151,1.0387,-0.0205,0.0257,-0.0277,0.02,-0.9892,0.0146,0.0239,-0.0254,0.0063,0.0242,0.0054,-0.006,0.0002,0.0076,-0.0233,-0.0246,0.0245,0.0235,-0.0301,-0.0193,0.0088,0.0141
185,5245,108,3,standing,3.0,108.0,5245.0,2.0,108.0,0.0106,-0.6693,0.0046,0.037,0.0414,0.021,0.0594,1.2668,-0.0871,-0.0778,-0.2989,-0.1258,2.1549,-1.1142,0.2874,0.0955,0.2732,0.2463,0.4698,-0.6242,-0.1782,-0.2543,-0.3077,-0.1369,-0.1954,-0.3816,0.7136,0.4421,-0.2386,-0.3322,0.5961,0.3496,0.3537,0.4084,-0.459,0.2048,-0.0008,0.9604,-0.0002,0.1004,0.1856,-0.1102,-0.01,0.0051,0.5375,0.005,-0.006,-0.0067,-0.0183,0.998,0.001,-0.4788,0.0136,-0.02,0.0509,0.0271,-0.0803,-0.0898,0.3973,-0.5792,0.0565,0.0,0.0413,-0.119,-0.6431,0.0332,0.0231,0.0205,0.0587,0.0277,-0.1121,-0.1305,0.0062,-0.3647,0.0079,0.1012,-0.0076,0.0141,-0.0302,-0.0197,0.4995,-0.0185,0.0194,-0.0256,0.0088,0.6557,0.0191,0.0195,0.0233,-0.0065,0.0249,-0.0045,-0.0235,0.0236,0.0242,-0.0246,-0.0239,0.0248,-0.0113,-0.0209,-0.0152,0.0066,0.0081
186,5246,108,3,standing,3.0,108.0,5246.0,2.0,108.0,-0.0016,-0.6782,0.0117,0.0066,0.0063,0.026,0.0311,0.4908,-0.0006,-0.0064,-0.2484,-0.0568,0.0414,-0.3398,-0.0025,0.0123,-0.0158,0.0239,0.0774,0.0697,0.0973,0.185,-0.0508,-0.0015,0.1257,0.104,0.1107,-0.1932,0.1327,-0.2239,-0.01,0.0257,-0.0072,-0.0047,-0.0138,0.0231,-0.2635,1.5586,0.2985,0.3769,0.3077,-0.4356,-0.0043,0.0046,0.5337,0.0002,0.0048,-0.0078,0.02,0.9452,0.001,0.2894,-0.2065,0.0188,0.0245,0.1508,-0.348,0.3631,2.537,5.5954,3.8979,4.4471,7.7645,6.7599,8.9021,9.5617,0.0495,0.0253,0.0809,-0.1191,0.0455,0.1309,0.0,-0.19,0.0092,0.1012,-0.0087,0.0231,-0.0181,-0.0093,0.4708,-0.0141,0.0152,0.0195,-0.0238,0.0045,0.3004,-0.0061,0.0083,0.0242,0.0243,-0.0091,0.0123,-0.0065,0.0142,0.0235,-0.0266,-0.0062,0.0259,0.0249,-0.0092,-0.0085,0.0151
187,5247,108,3,standing,3.0,108.0,5247.0,2.0,108.0,-0.0562,-0.69,0.0866,0.0774,0.0675,0.0145,-0.149,0.4389,-0.0942,-0.0508,-0.266,-0.1255,1.1398,-1.1785,0.2368,0.1918,0.7233,3.3811,2.3797,4.2857,6.3572,5.612,7.2539,-0.4096,0.4827,0.9708,-0.167,-0.3624,-0.441,0.2215,-0.3431,0.3343,0.2071,0.0399,0.045,-0.2984,-0.5946,-0.4958,0.1011,-0.0006,0.1193,0.6521,-0.001,-0.0002,0.5377,0.028,0.0083,-0.0092,-0.0179,0.8964,-0.0804,-0.532,0.1108,-0.02,0.0087,0.0532,0.0362,-0.1303,0.4773,-0.8891,-0.2608,-0.0355,0.1121,0.3056,-0.5467,-0.2308,0.2207,-0.1003,-0.0485,-0.2506,0.3006,0.0582,-0.0,-0.3606,0.0063,0.1001,-0.0195,0.0152,-0.0624,-0.01,1.5508,-0.0276,0.0253,-0.0086,-0.0373,0.7761,0.0078,0.0231,-0.0262,0.0248,-0.0257,0.0194,0.0188,0.0288,-0.0265,0.0232,-0.0151,0.0181,-0.0205,-0.0059,-0.0093,0.0085,-0.0176
188,5248,108,3,standing,3.0,108.0,5248.0,2.0,108.0,0.0015,-0.7407,0.0117,-0.0344,-0.0212,0.0009,0.0424,0.4792,-0.0273,-0.0032,-0.239,-0.052,0.116,-1.1926,-0.0813,0.0655,-0.0933,0.145,-0.2785,0.107,0.1836,0.1668,-0.0764,0.414,0.2558,0.0804,0.2278,-0.3039,0.0508,0.2853,-0.1016,0.2984,-0.1192,0.1003,0.0002,0.1308,1.3486,0.3743,-0.4572,-0.388,-0.4088,-0.5946,0.0226,-0.0035,0.5475,-0.001,0.0065,-0.0087,-0.0203,0.9842,-0.0238,-0.5621,-0.0173,-0.0001,-0.0257,0.0066,-0.0163,0.0231,-0.0193,-0.2606,-0.0477,-0.0,0.0233,0.1129,-0.5789,0.4861,-0.2209,0.1506,-0.01,0.1102,-0.4981,-0.2251,-0.0041,-0.4671,0.0062,0.1271,-0.0079,0.0206,-0.1083,-0.0131,1.4404,-0.0205,0.0242,-0.0294,0.0097,-0.9969,0.0254,0.0191,-0.0095,0.0063,-0.0074,-0.0096,-0.0176,0.0052,-0.0146,-0.0082,0.0059,0.0247,-0.0151,-0.0142,-0.0194,0.0067,-0.0108
189,5249,108,3,standing,3.0,108.0,5249.0,2.0,108.0,0.0105,-0.7347,0.0032,0.0411,-0.0007,0.0344,-0.0616,0.5839,-0.0508,-0.0086,-0.4303,-0.0712,1.6012,-1.1536,-0.023,-0.1422,-0.1937,0.091,0.285,0.1343,0.2523,0.2469,0.1788,-0.2698,0.0842,-0.1848,0.2072,0.3347,-0.3568,0.2946,0.2776,0.4561,0.4077,-0.3897,0.347,-0.656,0.9451,2.4973,0.0803,0.001,0.1124,0.0441,0.01,0.0055,0.5954,-0.0001,0.0085,-0.0052,0.0202,0.7579,0.0239,0.0254,0.0087,0.0248,-0.1018,0.1507,-0.1192,-0.1104,0.6492,0.6791,0.1005,-0.1303,0.0174,0.2309,0.6399,-0.3008,-0.0121,0.0205,0.0066,0.0002,-0.0493,-0.0658,-0.0062,-0.3604,0.0081,0.0957,-0.0089,0.0238,-0.0751,-0.0195,1.4294,-0.0206,0.0254,-0.0237,0.0077,-0.7871,0.0259,-0.0238,0.0253,0.019,-0.0,0.0248,-0.0141,0.008,0.0233,-0.0153,-0.0194,-0.0131,0.0156,-0.0257,-0.0266,0.0082,0.0193
190,5250,108,3,standing,3.0,108.0,5250.0,2.0,108.0,-0.0107,-0.5866,0.0065,0.0007,-0.0211,0.001,0.0313,0.5164,-0.0467,-0.0568,-0.261,-0.0625,1.2396,-1.1874,-0.0885,-0.0404,0.1279,-0.1772,0.0933,0.1598,0.2724,0.3557,0.2986,0.162,0.229,-0.1008,0.3043,0.384,-0.1951,-0.1196,-0.0807,0.0509,-0.1489,0.1104,0.101,-0.0542,0.3491,-1.3655,0.0277,-0.01,-0.1308,-0.0443,0.0183,-0.0047,0.5469,-0.0041,0.0049,-0.0044,-0.0002,0.7794,-0.0259,-0.468,0.0238,0.0059,0.0221,-0.0178,-0.0087,-0.0266,0.3776,-0.2893,0.0286,0.0266,0.0271,0.3953,-0.2164,0.2602,0.1121,0.02,0.0275,0.0278,-0.0441,0.0199,-0.0,-0.2303,0.0045,0.0973,-0.0097,0.017,-0.0895,-0.016,1.4892,-0.0257,0.0075,-0.0277,0.0056,0.8862,-0.0071,-0.0032,0.0072,0.0084,-0.0182,-0.0042,-0.0121,0.0227,-0.0031,-0.0032,0.0077,0.0233,-0.0239,-0.0249,0.0235,0.0163,-0.0112
191,5251,108,3,standing,3.0,108.0,5251.0,2.0,108.0,-0.004,-0.7356,0.0104,0.0168,-0.0007,0.0132,0.0543,0.4489,-0.025,-0.0148,-0.2057,-0.0791,-0.147,-0.3861,-0.006,-0.0072,0.068,0.0325,0.1598,0.1285,0.0908,-0.1042,-0.1746,-0.1666,0.1822,0.1364,0.0504,-0.2349,-0.2811,-0.0803,0.1018,0.1953,0.3059,-0.01,0.1306,0.2477,0.3974,1.5583,-0.2678,-0.2751,-0.3547,0.3684,-0.001,-0.0002,0.5875,-0.0029,-0.0021,-0.0086,-0.0069,0.9659,-0.0145,-0.5437,0.0041,0.0277,0.0259,-0.0001,-0.02,-0.027,-0.1127,-0.3467,0.3387,0.1191,0.1027,0.1509,2.7699,-0.8897,-0.3018,0.2164,-0.0373,0.0443,3.826,-0.659,-0.1007,-0.0081,-0.2257,0.0079,0.0931,-0.0063,0.0193,-0.0196,-0.0209,0.1004,-0.0062,0.0156,-0.0411,0.0059,0.5004,0.0195,0.0159,-0.0077,0.0025,-0.0038,0.0052,0.0239,-0.0162,-0.0173,0.0229,0.0194,-0.0231,-0.0247,-0.0123,-0.0092,-0.0171
192,5252,108,3,standing,3.0,108.0,5252.0,2.0,108.0,-0.0015,-0.7365,0.0006,0.0135,-0.0103,0.028,0.0549,0.4272,-0.0508,-0.0059,-0.2825,-0.0611,0.1255,1.1369,-0.0427,-0.0302,-0.089,-0.0947,0.0788,-0.0296,-0.0337,-0.104,-0.226,0.1457,0.0455,0.1768,-0.1009,-0.2056,-0.1824,-0.0804,0.1011,0.1916,-0.0443,-0.0231,-0.0072,-0.01,0.0409,0.6537,-0.1104,-0.265,0.3839,-0.001,0.0142,0.0002,0.5833,0.0048,0.0021,-0.0063,-0.0132,1.3086,-0.0078,0.4477,-0.0036,0.0099,-0.0085,-0.0123,0.0046,-0.0141,-0.0161,-0.2976,0.0584,0.0291,0.02,0.0062,-0.2504,-0.4574,-0.0485,0.0143,0.047,-0.0175,-0.1124,-0.1304,0.0001,-0.2208,0.0067,0.0964,-0.0079,0.0198,-0.0796,-0.0182,1.6683,-0.0209,0.0294,-0.0298,0.0053,0.9531,0.0034,0.0087,0.0151,0.0091,0.0194,-0.0238,-0.0181,0.0171,-0.0152,-0.0089,0.0234,0.0149,-0.0243,-0.0073,-0.0154,0.0072,-0.0086
193,5253,108,3,standing,3.0,108.0,5253.0,2.0,108.0,0.0105,-0.7356,0.0082,0.021,0.0004,-0.035,0.043,0.8181,-0.0286,-0.0038,-0.3775,-0.0699,1.1513,-0.9071,-0.0168,0.0247,-0.0933,0.1236,0.0896,0.177,0.1153,0.2548,-0.226,-0.2824,0.1446,0.239,0.2985,0.2735,-0.1855,-0.1657,0.2656,0.3973,-0.2042,-0.1921,-0.1016,-0.0506,0.4743,2.5983,0.4044,-0.2206,0.5845,0.6967,-0.0074,0.001,0.4966,-0.0132,-0.0084,0.0077,0.02,0.6492,0.01,-0.1109,-0.0162,0.0271,-0.1008,-0.1191,0.0355,0.1126,0.7841,-0.6586,-0.0658,-0.0152,0.1503,-0.3007,-0.3461,-0.7976,-0.8931,-0.2162,0.1308,0.2509,-0.8898,-0.2309,-0.0002,-0.3804,0.008,0.1181,-0.0087,0.0226,-0.0803,-0.0171,1.5003,-0.0252,0.0063,-0.0276,-0.0277,0.6005,0.0066,0.0093,0.0151,0.0249,-0.0191,0.0248,0.0239,0.0194,-0.0077,0.0095,0.0197,0.0231,-0.0245,-0.0172,0.0154,-0.0109,-0.0108
194,5254,108,3,standing,3.0,108.0,5254.0,2.0,108.0,-0.0014,-0.6011,0.0102,0.0009,-0.0105,0.0036,-0.0426,0.4357,-0.0329,-0.0059,-0.1848,-0.0798,-0.0941,-0.3069,-0.0697,-0.0408,0.0042,0.1261,0.1023,0.1155,-0.1325,-0.1757,-0.0892,0.1572,0.2056,-0.0509,-0.1198,0.1007,0.2296,0.1634,0.0065,0.1011,-0.057,0.0147,-0.0257,-0.0066,0.0002,1.3738,0.0277,0.0032,0.0158,0.0024,-0.0021,0.0052,0.4946,0.001,-0.01,-0.0068,0.0062,0.8876,0.0074,0.1108,-0.0073,0.0027,0.015,-0.0064,0.0179,-0.0185,-0.0296,0.1933,-0.044,0.02,0.0086,0.0239,-0.2854,-0.0232,0.048,0.0253,0.0182,0.0194,-0.1126,-0.0581,-0.0044,-0.3539,0.0075,0.1307,-0.0078,0.019,-0.0809,-0.0183,1.4595,-0.0463,0.0031,-0.0307,0.0067,0.5399,0.016,0.0077,-0.0065,0.0043,-0.0065,0.0051,-0.0111,0.0241,-0.0189,-0.0065,0.0202,0.0228,-0.0229,-0.0191,-0.0117,0.0087,-0.011
195,5255,108,3,standing,3.0,108.0,5255.0,2.0,108.0,-0.0038,-0.7723,0.0109,0.0224,-0.0008,0.0185,0.0411,0.714,-0.031,-0.0168,-0.3344,-0.0549,0.0698,-0.2746,-0.0165,0.0078,-0.0716,-0.0814,-0.1245,-0.156,0.1329,-0.2041,-0.2631,0.1857,-0.2266,0.1743,0.2552,-0.2851,-0.3092,0.3958,0.0256,0.0807,0.0508,0.0407,0.0032,0.0404,0.1109,1.4356,0.1506,0.3781,-0.405,0.1955,-0.01,-0.0063,0.5886,-0.001,-0.0002,0.0194,-0.0048,0.8967,-0.0,-0.3521,-0.0099,-0.0162,0.0056,0.02,-0.0001,-0.0237,0.0036,-0.3491,-0.1128,0.0164,-0.0238,0.0239,-0.2207,-0.1193,0.1015,0.1127,0.0277,0.039,0.2162,0.0387,-0.0171,-0.3704,0.0079,0.1307,-0.0195,0.0226,-0.1002,-0.0169,1.4509,-0.048,0.0042,-0.0286,0.0173,0.907,0.0176,-0.0084,0.0097,0.0174,0.0196,0.0088,0.0082,0.0259,-0.0059,-0.0111,-0.0075,0.0222,0.0257,-0.0187,-0.0206,0.0161,-0.0047
196,5256,108,3,standing,3.0,108.0,5256.0,2.0,108.0,-0.0017,-0.7802,0.0009,-0.0112,0.0042,0.0002,0.0423,0.8695,-0.034,-0.0194,-0.2976,-0.0575,0.0504,-0.3391,0.025,-0.0245,-0.0162,0.001,0.0611,0.077,-0.0846,-0.092,0.0303,-0.1063,0.139,0.1434,0.1848,0.1937,-0.1574,0.1686,0.2485,-0.2747,0.0809,-0.1002,-0.2551,-0.3572,0.3638,1.4589,0.2658,-0.2281,-0.3931,0.306,-0.0155,-0.0049,0.5898,-0.0044,-0.0053,-0.0169,0.0143,0.6857,0.01,2.5964,0.0205,0.02,-0.0001,-0.038,-0.0249,-0.0061,-0.2821,-0.6604,0.6592,0.1107,-0.1011,0.8866,3.9799,-0.7978,0.6784,-0.1504,0.1124,-0.7364,5.7795,0.2805,-0.0019,-0.2308,0.0082,0.0841,-0.0083,0.0196,-0.0071,-0.0187,0.1032,0.0052,0.0193,-0.0228,-0.0247,0.6506,0.0075,0.0054,0.0019,0.0159,-0.0041,-0.0038,0.0019,0.0248,-0.0235,-0.0222,0.0056,0.0166,-0.0112,-0.0077,-0.0106,0.007,-0.0107
197,5257,108,3,standing,3.0,108.0,5257.0,2.0,108.0,0.0115,-0.65,0.0004,0.034,-0.0216,0.041,-0.0849,0.5546,-0.0542,-0.065,-0.2959,-0.0775,0.129,-1.2697,-0.0936,0.1725,0.1311,-0.1463,-0.2756,-0.288,0.1835,0.2041,0.3092,-0.3869,0.3781,0.2333,0.6358,0.7169,-0.2268,0.2467,-0.1008,-0.4419,-0.4547,-0.3479,0.3962,-0.9798,1.5888,0.5732,-0.4321,-0.6466,0.4872,0.986,0.01,-0.001,0.5399,0.0054,0.0051,-0.0061,-0.0209,0.847,0.02,2.8531,-0.0195,-0.0256,0.0231,-0.0587,0.0332,0.0509,-0.101,0.7783,0.2609,0.0443,0.0806,0.2208,0.7896,0.767,0.2806,0.3407,-0.2251,0.3012,0.1193,0.0091,-0.2503,0.0194,0.0893,-0.0152,0.0086,-0.0589,0.0072,-0.0233,0.6553,-0.0171,0.0173,-0.0002,-0.0157,0.6003,0.0182,0.0226,-0.0248,0.0166,0.0174,-0.0106,-0.0234,0.0063,0.0257,-0.0273,-0.0019,0.0229,-0.0159,-0.0085,-0.0088,0.0059,0.0107
198,5258,108,3,standing,3.0,108.0,5258.0,2.0,108.0,-0.0037,-0.6711,0.0116,-0.0007,-0.0002,0.023,0.0591,0.5908,-0.0463,-0.0018,-0.271,-0.067,1.1361,-1.0941,-0.038,0.0186,0.0723,0.1294,0.159,-0.0804,-0.2028,0.1947,-0.1426,0.1199,0.2277,0.1742,0.2481,-0.1122,-0.0506,-0.1308,-0.0132,0.1102,-0.014,-0.02,-0.0205,0.001,-0.0266,2.3543,0.0206,0.0157,0.039,-0.2933,-0.0169,-0.0055,0.4939,0.0052,-0.0062,-0.006,-0.0038,0.8898,0.0072,0.4634,0.0025,-0.0044,0.0179,0.01,0.0056,0.0221,-0.0084,0.1005,-0.0245,0.0164,0.0237,0.0238,-0.2308,-0.101,0.0001,0.0575,0.0239,0.0255,-0.1254,-0.0,-0.0074,-0.4885,0.0065,0.1882,-0.0095,0.0236,-0.1178,-0.0145,1.5093,-0.0421,0.0189,-0.0468,0.0259,0.5883,-0.0136,0.0192,0.0166,0.0239,0.0196,-0.0065,-0.0031,0.0233,-0.0247,-0.0151,0.0187,0.0242,-0.0241,-0.0042,-0.0173,0.0197,-0.0199
199,5259,108,3,standing,3.0,108.0,5259.0,2.0,108.0,0.0032,-0.6816,0.0123,0.0324,-0.0225,0.0545,0.0412,0.9355,-0.063,-0.0008,-0.4942,-0.0936,1.1463,-0.3596,-0.1394,0.079,0.0885,-0.4356,0.1164,-0.1572,0.2662,0.2988,-0.1075,-0.286,-0.2746,-0.1953,-0.1786,-0.2055,0.1856,-0.1196,0.2261,-0.0505,0.0803,-0.0231,-0.0447,0.1507,0.1011,2.477,0.0239,-0.1109,0.3944,-0.3766,0.0,0.0143,0.5974,-0.0001,0.0002,0.001,-0.0148,0.8976,-0.0257,3.6598,0.02,0.0173,0.0399,-0.0658,-0.1126,0.3384,-0.3495,0.4071,-0.5431,-0.1309,-0.1004,0.5069,-0.7957,-0.3858,-0.6782,0.2254,0.0266,0.2101,-0.8097,-0.3406,0.2503,-0.3002,0.0092,0.1277,-0.0087,0.0151,-0.0632,-0.0152,1.4683,-0.0252,0.005,-0.0252,0.0083,0.7893,0.006,-0.0191,0.01,0.0236,0.0141,-0.0241,0.0077,0.0262,-0.0185,-0.0273,-0.0265,0.0238,-0.0237,-0.0131,-0.0081,0.0142,-0.0074
200,5260,108,3,standing,3.0,108.0,5260.0,2.0,108.0,-0.0014,-0.7382,0.0102,-0.0005,-0.0166,0.0313,0.0424,0.8181,-0.0694,-0.0065,-0.3311,-0.0986,1.2672,-0.4581,0.0515,-0.0775,-0.105,-0.0509,0.089,-0.2361,0.2225,0.1749,0.1659,-0.188,0.1011,-0.1257,0.1944,0.1005,-0.1129,0.207,-0.2735,0.3046,-0.3655,-0.2863,0.2951,0.3867,0.0493,2.6451,-0.42,-0.4869,-0.4088,0.3768,-0.001,0.0001,0.5885,-0.0021,0.0077,-0.0134,-0.01,0.9547,-0.0131,-0.6476,-0.0087,-0.0041,0.02,0.0198,-0.0,0.0084,-0.0356,-0.0804,-0.3974,0.0002,-0.0593,-0.1106,-0.7962,-0.434,0.5411,-0.0199,0.0097,-0.0091,-0.1992,-0.1192,-0.0047,-0.2308,0.0132,0.0953,-0.0042,0.0196,-0.0751,-0.0092,1.566,-0.0426,0.0183,-0.0252,0.0049,0.5756,0.0089,-0.0082,0.0229,0.0072,-0.0023,0.0039,0.0238,0.0231,-0.0073,-0.0273,0.0178,0.0171,-0.0206,-0.0133,0.0072,0.0059,-0.011
201,5261,108,3,standing,3.0,108.0,5261.0,2.0,108.0,0.0042,-0.6904,0.0146,0.0068,0.0045,-0.0314,0.0004,0.2598,-0.0216,-0.016,-0.1272,-0.055,1.0823,-1.1543,0.079,-0.063,-0.1744,0.0936,-0.1911,-0.1866,0.2474,0.2858,0.2633,-0.1075,-0.2265,0.1334,0.2053,0.2737,0.2962,-0.3585,0.1309,0.1018,0.4078,0.3855,0.727,0.1102,0.6334,2.3947,0.0508,0.1006,0.0373,0.0806,0.001,0.0051,0.5721,0.0063,0.0048,-0.0002,0.0032,0.6488,-0.0195,0.1199,-0.017,0.01,-0.0271,-0.0041,-0.0257,-0.0355,0.0461,0.4984,-0.0394,0.0001,-0.0173,0.02,-0.2206,-0.1506,-0.0232,0.0221,0.0248,0.0197,0.0467,-0.1577,0.0031,-0.2604,0.0086,0.0856,-0.0081,0.0196,-0.0751,-0.0193,1.5006,-0.0253,0.0079,0.0182,-0.0294,-0.0194,0.878,0.0059,0.0054,0.0052,-0.0042,0.0199,0.0047,0.0249,-0.0246,0.0344,-0.0059,-0.0245,0.0239,-0.0234,0.0113,-0.0092,0.0171
202,5262,108,3,standing,3.0,108.0,5262.0,2.0,108.0,0.0018,-0.7733,0.0105,0.0007,-0.0078,0.0082,-0.0434,0.4369,-0.036,-0.0065,-0.2885,-0.0712,0.1425,-0.9062,-0.0162,0.028,-0.0846,-0.1172,-0.1666,-0.1569,0.1744,-0.1057,0.0941,0.2627,0.1368,-0.0296,0.1932,-0.2461,-0.2035,0.2374,-0.0001,0.02,0.0059,0.0086,-0.0149,0.0095,-0.01,1.4863,0.0507,-0.2239,-0.1306,0.1011,-0.0038,-0.0067,0.5399,-0.001,-0.0,-0.007,-0.0043,0.839,-0.0256,0.2976,-0.0137,-0.0207,0.0373,-0.0088,0.0098,0.0221,0.0379,-0.4096,0.0151,0.0205,0.0232,0.1104,-0.3097,-0.1122,0.0981,0.0093,0.0266,0.0806,-0.1193,0.0664,0.0173,-0.3002,0.0145,0.108,-0.0055,0.0242,-0.1006,-0.0175,1.479,-0.0243,0.0142,-0.0252,0.0056,0.3692,0.0079,0.0158,0.0235,0.0002,-0.0236,0.0071,-0.0054,0.0146,0.0229,-0.0239,-0.0094,0.0183,0.0191,-0.0152,0.0059,0.0087,-0.0131
203,5263,108,3,standing,3.0,108.0,5263.0,2.0,108.0,-0.0016,-0.7282,0.0132,-0.0008,-0.0002,-0.0345,0.0412,0.6011,-0.0584,-0.021,-0.2396,-0.0765,-0.0962,-0.336,-0.0697,0.0856,-0.1746,0.1488,0.1536,0.0504,-0.1148,-0.1319,-0.0803,0.2655,0.2063,-0.1868,-0.228,-0.2749,-0.2486,0.3577,0.2982,0.3973,-0.3834,0.4028,-0.4799,-0.2576,-0.1309,1.4464,0.3766,-0.509,-0.7579,-1.7072,-0.1003,-0.0195,0.5869,0.01,-0.0043,0.0089,-0.02,0.5941,0.0157,2.3091,0.0378,-0.0289,-0.1105,0.1505,0.1194,-0.1017,3.9345,4.8767,0.7821,0.3016,-0.0456,6.5413,5.5239,-0.9431,0.8317,-0.2209,0.8527,-0.9871,-0.4214,-0.4016,-0.0074,-0.2251,0.005,0.0952,-0.0061,0.0192,-0.0203,0.0133,0.5344,-0.0066,0.0156,-0.0238,-0.0181,0.5237,0.0237,0.0142,0.001,-0.0001,-0.0042,0.0057,0.0036,0.0156,-0.0066,-0.0041,0.0222,0.0205,-0.0151,-0.0074,-0.0082,0.0069,-0.0105
204,5264,108,3,standing,3.0,108.0,5264.0,2.0,108.0,-0.0107,-0.7407,0.0042,-0.0399,-0.0468,0.0518,0.028,0.4841,-0.062,-0.0004,-0.266,-0.0915,1.1172,-0.2463,-0.085,0.1057,-0.1946,-0.1251,0.3066,0.1449,-0.2986,-0.2843,0.384,-0.1674,0.3585,0.1762,0.2397,-0.6176,0.3731,0.1373,-0.2215,-0.2559,0.2782,0.3396,-0.4465,0.1018,-0.0278,2.9589,-0.1509,0.0503,-0.479,-0.0277,-0.001,0.0067,0.5854,0.007,-0.0069,0.0036,-0.0221,0.5591,-0.0081,0.8876,-0.0171,0.0152,0.0291,-0.0266,0.0806,-0.0194,0.1191,0.7821,-0.2204,0.1002,0.1102,-0.6439,-0.4575,-0.5625,-0.3479,0.2307,-0.1122,0.531,0.7761,-0.9519,-0.0098,-0.3705,0.0083,0.1309,-0.0042,0.0132,-0.0242,-0.0087,0.2169,-0.0093,0.0166,-0.02,-0.0206,0.4991,0.0189,0.0092,0.0209,0.0205,0.0207,0.0146,-0.0184,0.0249,-0.0235,-0.0077,0.0002,0.0233,-0.0255,-0.0001,0.01,-0.0238,-0.0114
205,5265,108,3,standing,3.0,108.0,5265.0,2.0,108.0,0.0045,-0.7734,0.0109,0.0009,-0.0096,0.0221,-0.0215,0.4356,-0.0542,-0.0149,-0.2056,-0.0427,-0.1398,-1.0695,-0.0314,0.0062,-0.0716,0.087,0.129,0.0807,0.1159,-0.1868,0.0503,0.1078,0.1774,0.285,0.2297,-0.1939,0.2624,0.2551,0.2337,0.0366,0.1008,-0.1018,0.1104,-0.1503,0.3848,1.6242,0.3047,-0.368,0.2933,0.4066,0.01,-0.0001,0.5886,-0.0067,-0.001,-0.0031,0.0209,0.6591,-0.0277,-0.3532,-0.0583,-0.0256,-0.0043,0.0332,-0.0236,-0.1309,-0.1197,-0.7972,-0.4499,-0.0188,0.0233,0.1126,-0.6987,-0.3452,-0.5563,-0.466,-0.0521,0.0443,0.5375,-0.8521,0.0002,-0.2308,0.0082,0.0981,-0.0041,0.0194,-0.0573,-0.0157,1.6484,-0.0461,0.0286,-0.0286,0.0093,0.4298,0.0228,0.02,-0.0076,0.0248,-0.0189,0.0052,-0.0171,0.0266,-0.0195,0.0063,0.0245,0.0025,-0.0054,-0.0192,-0.0131,0.0111,-0.0104
206,5266,108,3,standing,3.0,108.0,5266.0,2.0,108.0,-0.004,-0.7085,0.0102,-0.001,-0.0002,-0.0009,0.0324,0.4369,-0.0584,-0.0468,-0.1949,-0.068,-0.0788,-0.3374,-0.0001,-0.0508,-0.1153,0.0908,0.129,-0.1572,0.1413,0.171,0.2542,0.306,0.2062,-0.1855,0.2898,-0.1652,0.235,-0.2213,0.2773,0.2632,-0.3475,0.3536,-0.2963,0.3937,-0.3892,2.6289,-0.1007,0.4721,-0.6541,1.6467,0.0,-0.0045,0.4861,-0.0046,0.0089,-0.0051,-0.0078,0.9417,-0.0077,-0.4481,-0.0239,0.0187,-0.02,0.0096,-0.0286,-0.01,0.0804,-0.1508,0.0458,0.0058,-0.0205,-0.1303,-0.4399,0.564,-0.1011,0.0191,0.0131,0.1198,0.2607,-0.1121,0.0256,-0.0083,-0.2506,0.0159,0.0971,-0.0093,0.0169,-0.0579,-0.0195,0.9766,-0.0232,0.0154,-0.0239,0.0582,-0.5727,0.0205,0.0186,-0.0291,-0.0066,-0.006,-0.0013,0.0189,-0.0238,-0.0242,-0.0149,0.0182,0.0229,-0.0013,-0.0248,-0.0105,-0.0104
207,5267,108,3,standing,3.0,108.0,5267.0,2.0,108.0,0.0047,-0.714,0.0164,0.0009,-0.0002,0.035,0.028,0.4846,-0.0411,-0.0035,-0.1825,-0.0517,-0.1249,-1.1488,-0.064,0.0842,0.1078,-0.0985,-0.0743,0.2397,0.2074,-0.2275,0.2724,-0.3368,-0.2958,-0.1344,0.2872,0.269,-0.1934,0.3059,-0.1532,-0.1631,0.1506,0.1104,0.1008,0.0508,0.0806,1.3955,0.1192,0.001,0.0441,0.0206,-0.006,-0.0066,0.5741,0.0063,-0.0073,0.0083,0.0092,0.847,0.0056,0.1012,0.0187,0.0191,-0.01,0.0272,0.0045,-0.0275,0.0786,-0.2165,0.1308,-0.0,0.0273,0.0089,-0.2205,-0.3781,0.0062,0.0239,0.0238,0.0232,-0.0793,-0.0976,0.0001,-0.3869,0.0065,0.1398,-0.0051,0.0152,-0.0277,-0.0182,0.9567,-0.0226,0.0054,0.0194,-0.0259,0.02,0.3653,0.0071,0.0196,-0.0042,-0.0072,0.006,-0.004,0.0077,0.0236,-0.0241,-0.0077,0.0042,0.0266,-0.0235,-0.0161,0.0121,0.0072
208,5268,108,3,standing,3.0,108.0,5268.0,2.0,108.0,0.0018,-0.6726,0.0103,0.0006,-0.0033,-0.0439,0.059,0.5868,-0.0746,-0.0025,-0.2463,-0.0906,-1.228,-1.1148,0.0874,0.026,0.2095,0.2365,0.1082,-0.1398,0.1259,0.1543,0.1472,0.1742,-0.1656,-0.0504,-0.1018,0.1197,-0.0809,-0.1309,-0.1008,0.001,0.0132,0.004,-0.01,0.0155,-0.0002,1.5764,0.0077,-0.0001,0.02,-0.3069,-0.0149,-0.0028,0.535,0.0044,-0.0036,0.0021,0.0075,0.6681,-0.0037,0.0257,0.2788,0.0086,0.0129,-0.0338,0.0034,0.0238,0.1947,-0.3861,-0.1106,0.0141,0.0183,0.1505,-0.3573,0.0731,0.0092,0.0266,-0.0233,0.0093,-0.0976,-0.0355,0.0084,-0.2508,0.0087,0.0885,-0.0051,0.0235,-0.1016,-0.007,1.4571,-0.0462,0.0099,-0.0296,0.0172,-1.7894,0.0142,0.0054,0.0252,0.0248,0.0047,0.0197,-0.0045,0.0077,0.0249,-0.0273,0.0152,0.0179,0.0196,-0.0239,0.0172,-0.0106,0.0074
209,5269,108,3,standing,3.0,108.0,5269.0,2.0,108.0,-0.0017,-0.727,0.0146,0.0008,0.0002,-0.021,0.0549,0.585,-0.0425,-0.0085,-0.2491,-0.0769,-0.1855,-0.2842,0.066,-0.0843,-0.1211,0.1489,0.1651,0.1536,0.2697,0.2962,0.307,0.2366,-0.139,0.0933,0.0807,0.0375,-0.2064,0.2759,-0.1005,0.1109,-0.1935,-0.0509,0.2265,0.1014,0.3878,1.4584,-0.6176,-0.3788,-0.3944,-0.4874,-0.001,-0.0132,0.5399,0.0073,-0.0067,-0.004,-0.0031,0.7796,0.0076,2.4772,0.01,0.0259,-0.0272,0.0281,-0.0163,-0.0231,-0.3486,-0.6879,0.0052,0.018,0.0238,0.1505,-0.4671,-0.1191,-0.2207,-0.039,0.0239,0.0561,-0.2502,-0.1129,-0.0,-0.2309,0.0082,0.0898,-0.0041,0.0183,-0.0557,-0.0202,1.5001,-0.0373,0.0194,-0.0239,-0.0195,0.8721,0.0209,0.0054,0.0193,0.02,-0.0086,0.0071,-0.0146,0.0231,-0.0192,0.0181,0.0156,0.0232,-0.0109,-0.0114,0.0059,-0.0105,-0.0062
210,5270,108,3,standing,3.0,108.0,5270.0,2.0,108.0,-0.0575,-0.6907,0.0042,-0.0106,0.0463,0.0504,0.031,0.452,-0.028,0.0873,-0.2785,-0.0913,1.2825,-0.3979,-0.1612,0.1136,-0.1849,-0.7233,-1.3866,-0.175,-0.356,2.4065,3.2615,-1.6604,4.9644,0.4462,0.5937,0.237,-0.2446,-0.2271,-0.5799,-0.2961,-0.1421,0.8139,-0.43,0.3047,0.5598,-0.3368,0.1305,0.1108,0.5664,-0.1004,0.0008,0.001,0.5434,0.0087,-0.0002,0.02,0.0221,0.9632,-0.01,-0.4858,-0.0067,0.0222,-0.0082,-0.0238,0.0584,0.1952,-0.0658,0.7841,0.119,0.101,-0.1126,-0.7634,-0.2604,0.2205,0.3017,0.0404,0.2169,-0.1508,0.8891,-0.2253,0.0077,-0.3705,0.0092,0.0804,-0.0074,0.0202,-0.1,-0.0181,1.4679,-0.0294,0.0237,-0.0172,0.0097,0.9531,-0.0047,0.0001,-0.0146,0.0186,-0.0051,-0.0023,0.0083,0.0238,-0.0238,-0.0088,0.009,0.0238,-0.0235,-0.0093,-0.0094,0.0189,-0.0062
211,5271,108,3,standing,3.0,108.0,5271.0,2.0,108.0,-0.0069,-0.6834,0.0146,-0.0007,-0.0078,-0.0345,0.0219,0.4811,-0.0417,-0.001,-0.2213,-0.0547,-0.0639,-0.296,-0.0002,0.0043,-0.0936,-0.1655,0.089,0.1462,-0.2058,-0.0712,0.2672,-0.1042,0.1851,-0.2898,-0.4205,0.357,-0.2741,-0.2325,-0.1008,0.1584,0.3374,0.4086,-0.2473,0.3879,0.3088,1.3789,-0.0804,-0.9449,0.6708,-0.5059,-0.0131,-0.01,0.5321,0.0132,0.0149,0.0183,0.0208,0.8775,0.1103,0.5764,-0.0373,-0.1011,0.0161,0.0097,-0.0508,-0.0409,-0.6781,0.6676,0.4496,-0.1198,0.2251,2.6593,-1.858,-0.5627,-0.955,0.0266,-0.2608,3.3008,0.9499,-0.6316,-0.0113,-0.2505,0.0066,0.0852,-0.0082,0.0171,-0.0877,-0.0256,1.02,-0.0468,0.0092,-0.0259,0.0054,-0.4017,0.0142,0.0077,-0.0117,0.0229,-0.0168,0.0257,0.0236,0.0233,-0.0252,-0.0231,0.0042,0.0235,-0.0226,-0.0242,-0.0042,0.0072,0.0091
212,5272,108,3,standing,3.0,108.0,5272.0,2.0,108.0,0.0015,-0.714,0.0145,-0.0216,0.0068,-0.0326,0.0585,0.509,-0.0414,-0.0007,-0.2484,-0.067,-0.1225,-1.4277,-0.0961,-0.116,0.228,-0.0829,-0.1321,-0.1947,-0.1748,-0.0772,-0.1099,0.2042,-0.1106,-0.0508,-0.1509,0.1308,-0.2396,0.1867,-0.3569,-0.3631,-0.2846,0.2744,0.4098,0.3095,0.3386,1.3438,0.5974,0.6562,2.6691,-0.5882,0.3764,0.0063,0.5749,0.0226,0.0256,-0.0804,-0.0177,0.541,-0.3981,3.7541,-0.1014,-0.0286,0.1008,-0.1199,0.3459,0.8732,-0.568,0.5588,-0.7617,0.039,-0.0443,4.7311,-1.7989,5.9345,0.7843,0.0471,0.2251,0.974,0.833,-0.4005,-0.2607,-0.0052,-0.4678,0.0053,0.1124,-0.0002,0.001,-0.02,-0.0067,0.0951,0.0194,-0.0203,-0.01,0.0205,0.4505,0.0233,0.0171,0.0258,0.0001,0.0049,0.0045,0.0077,-0.0245,-0.0209,-0.0242,0.0159,-0.0113,-0.0192,-0.0234,0.0063,-0.0236
213,5273,108,3,standing,3.0,108.0,5273.0,2.0,108.0,-0.0016,-0.7391,0.0115,-0.0008,-0.0063,-0.0426,0.0314,0.5962,-0.028,-0.016,-0.3389,-0.0544,-0.0772,-0.3876,-0.0409,0.0696,0.0506,-0.0849,0.0913,0.1136,0.1025,-0.2042,-0.2271,0.1846,0.2361,0.1237,0.174,0.1934,-0.42,0.2839,-0.0277,0.0209,0.1104,0.0221,-0.0464,-0.0581,-0.0222,1.3577,0.0806,-0.001,-0.2782,0.2469,-0.0194,-0.0041,0.5865,-0.0021,-0.0068,-0.0143,-0.01,0.6698,0.0207,-0.9238,0.0088,-0.02,-0.0201,0.0156,0.0001,-0.0097,-0.0332,0.477,-0.3075,0.0,-0.0151,-0.1002,-0.2979,-0.5573,-0.6731,-0.0191,0.0193,-0.1304,-0.7832,-0.545,-0.0085,-0.2605,0.0053,0.1121,-0.0086,0.0192,-0.1015,-0.0237,1.4548,-0.0401,0.0233,-0.0206,-0.0184,0.5795,-0.0256,-0.0257,0.0187,0.0199,-0.0226,0.0065,0.0063,0.0036,-0.0242,-0.0183,0.006,0.0249,-0.019,-0.0074,0.0125,0.0002,-0.0117
214,5274,108,3,standing,3.0,108.0,5274.0,2.0,108.0,-0.0033,-0.7282,0.0107,0.0008,-0.006,0.0032,0.0225,0.5085,-0.0326,-0.0064,-0.2043,-0.0512,0.0462,-1.1936,-0.01,0.0024,-0.0157,0.0163,0.0078,0.0002,0.0155,-0.0042,-0.0158,-0.0001,0.0253,0.0013,0.034,0.0066,-0.011,0.0117,0.0037,0.0293,0.0082,0.0106,-0.0111,0.001,0.0168,1.1865,0.0973,-0.0072,-0.0294,0.0856,-0.0041,-0.0059,0.4356,-0.0022,-0.0031,-0.0046,-0.0188,0.9589,0.0286,-0.1514,-0.0238,0.0202,0.0259,-0.0506,0.0039,0.037,0.0174,-0.168,-0.0575,0.0231,0.0086,-0.2344,-0.2784,-0.0266,0.0045,0.0089,0.0095,0.0087,-0.1124,-0.02,0.0071,-0.309,0.0061,0.1305,-0.0096,0.0194,-0.0804,-0.0151,1.4749,-0.0281,0.0233,-0.0242,0.0261,0.6934,-0.0153,0.0291,-0.0067,0.0099,0.0244,-0.0054,-0.0148,0.0238,-0.0243,-0.0256,0.0245,0.0248,-0.0241,-0.0135,-0.0128,0.0083,-0.0081
215,5275,108,3,standing,3.0,108.0,5275.0,2.0,108.0,-0.0033,-0.714,0.0077,0.0165,-0.001,0.0008,0.0413,0.4237,-0.052,-0.009,-0.2695,-0.0314,-0.0632,-0.1786,-0.0042,-0.0215,-0.106,0.0506,0.0961,0.1259,0.0769,-0.0898,-0.1636,-0.1922,-0.1178,-0.2725,-0.2343,0.2437,-0.2854,0.1509,-0.1868,-0.1002,0.1304,0.0337,-0.0442,-0.0806,-0.2953,1.5585,0.1191,-0.3584,0.3957,0.4721,-0.0001,0.0044,0.5862,0.003,0.0034,0.0046,-0.0038,0.9745,-0.0083,2.5063,0.0002,0.01,0.0149,0.017,0.0205,0.0245,-0.1018,-0.4873,-0.4079,0.068,0.0575,0.2803,-0.6671,-0.6481,-0.6789,0.1127,0.2205,0.3506,-0.5699,-0.8896,-0.1105,-0.0092,-0.3206,0.0051,0.108,-0.0087,0.0182,-0.0751,-0.0176,1.4751,-0.0294,0.0238,-0.0291,0.0174,0.5757,-0.0094,0.0113,-0.0191,0.0248,-0.0072,-0.0206,0.0239,-0.0042,-0.0231,0.0065,0.0025,0.0152,-0.0105,-0.0209,-0.0106,-0.0229
216,5276,108,3,standing,3.0,108.0,5276.0,2.0,108.0,0.0017,-0.7387,0.0104,0.028,-0.0004,0.0025,0.0326,0.554,-0.0697,-0.0072,-0.2056,-0.0568,-0.1088,-0.1865,-0.0002,-0.0157,-0.0507,-0.0931,0.0867,0.0794,0.1349,0.1535,-0.0804,0.1469,-0.1148,-0.1018,0.1236,0.1658,0.1009,0.2485,-0.2232,0.2737,0.2973,0.237,-0.1954,0.309,0.286,1.4562,0.1126,-0.3978,-0.5033,0.1508,-0.0077,0.0059,0.5333,0.001,-0.0021,0.0075,-0.01,0.9638,0.0082,-0.6493,0.0147,-0.0187,-0.0373,0.0534,-0.0143,-0.0179,-0.0098,-0.2166,-0.4499,0.1103,-0.0449,0.2209,-0.421,-0.1191,-0.7475,0.6681,0.2608,-0.4601,-0.9541,-0.8976,-0.0091,-0.3705,0.0086,0.1306,-0.0061,0.0182,-0.0751,-0.0071,1.4506,-0.0237,0.0183,-0.0294,-0.0052,0.5001,-0.0151,-0.0248,0.0163,0.0256,0.0192,-0.006,-0.0249,0.0156,-0.0184,-0.02,0.0206,0.0242,-0.0257,-0.0231,0.0047,0.0042,0.0087
217,5277,108,3,standing,3.0,108.0,5277.0,2.0,108.0,-0.0033,-0.766,0.0009,-0.0111,-0.001,-0.0002,0.0225,0.471,-0.0345,-0.0035,-0.2897,-0.0546,1.1372,-0.4698,-0.068,0.009,-0.0426,0.0775,0.0973,0.1486,-0.1291,0.0823,0.1557,0.1638,-0.2458,-0.1742,-0.1836,0.2066,-0.1017,0.1006,-0.0507,0.02,0.0332,-0.0174,-0.0231,0.0001,-0.0088,0.3437,-0.0096,0.0195,0.0286,0.01,0.0129,0.003,0.5539,-0.0019,-0.0044,-0.0068,-0.0059,0.8478,0.005,0.1309,0.014,-0.0228,0.0051,-0.0156,0.0233,-0.0182,0.0248,0.0165,0.0254,-0.0131,0.0241,0.0806,-0.227,-0.036,0.0236,0.0585,0.0228,0.1102,-0.1024,0.0206,0.0053,-0.2781,0.0063,0.0969,-0.0062,0.0177,-0.1191,-0.0132,1.4407,-0.0238,0.0048,-0.0276,0.0064,-0.4943,0.0098,0.0041,0.0167,-0.0061,-0.0079,0.0154,0.0059,0.0099,0.0237,-0.0084,-0.0246,0.0092,0.0227,-0.024,-0.0239,-0.0087,-0.0194
218,5278,108,3,standing,3.0,108.0,5278.0,2.0,108.0,-0.0117,-0.6334,0.0069,0.0009,-0.0216,0.0077,0.0425,0.6063,-0.0327,-0.0179,-0.2061,-0.0546,-0.1186,-1.1294,0.0628,-0.0775,0.0923,-0.1938,0.1885,-0.1413,-0.0504,0.0849,-0.1532,0.1198,-0.1043,-0.0806,0.1109,-0.0449,-0.1002,-0.1012,-0.2466,0.3078,0.3631,-0.3768,0.2954,0.3955,-0.4872,1.507,0.0286,-0.2657,-0.4596,-0.3334,-0.01,0.001,0.534,-0.0189,0.0065,0.0035,-0.0141,0.799,0.0074,2.5967,-0.0188,0.0092,0.0294,-0.0231,-0.228,-0.4791,3.9044,4.9862,0.5621,-0.5887,0.6481,5.7699,7.9746,6.3453,-1.3016,-0.2304,0.2205,0.8435,-0.9551,-0.4012,0.0002,-0.2509,0.0073,0.0942,-0.0082,0.0172,-0.0852,-0.0209,1.4709,-0.0276,0.0083,-0.0298,-0.0113,0.4673,-0.0072,0.0195,0.0238,0.0193,-0.0252,-0.0235,-0.0017,0.0171,0.0186,0.0039,-0.0109,0.0158,0.0143,-0.0249,-0.0065,0.0042,-0.0105
219,5279,108,3,standing,3.0,108.0,5279.0,2.0,108.0,-0.0135,-0.7094,0.0067,0.023,-0.0007,0.0149,0.0322,0.134,-0.0074,-0.0186,-0.0584,-0.0475,-0.1511,1.2077,-0.0696,-0.0788,-0.0925,-0.0856,0.1459,0.1272,-0.166,0.1747,-0.1055,-0.0506,0.1858,0.0141,0.0231,-0.0807,0.2337,-0.2639,-0.2824,0.1104,0.1019,-0.2736,-0.1002,0.2985,0.1934,3.4462,0.0589,0.3832,0.4563,-0.0042,0.0076,0.001,0.5364,0.0001,0.0051,-0.0002,-0.0195,0.8458,-0.0071,0.6698,0.0203,-0.01,-0.0097,0.0221,0.0146,-0.055,0.339,-0.6883,-0.0409,0.0881,0.1191,-0.2203,-0.5787,-0.1126,-0.3009,0.1303,0.1504,0.2603,2.6591,-0.4879,-0.0561,-0.0021,-0.3704,0.0031,0.1293,-0.0043,0.0242,-0.1152,-0.0099,1.4807,-0.0252,0.0069,-0.0272,0.0173,0.547,0.0078,0.02,0.008,0.0036,0.0082,0.004,0.0241,-0.0133,-0.0072,0.0092,0.0156,-0.0249,-0.0069,-0.0111,0.0074,-0.0109
220,5280,108,3,standing,3.0,108.0,5280.0,2.0,108.0,0.0014,-0.7173,0.0113,0.026,0.0006,0.0191,-0.0425,0.5879,-0.034,-0.0078,-0.1874,-0.0575,0.0943,-1.265,-0.0373,0.0222,-0.0896,0.1029,0.1763,0.1249,0.0788,-0.1546,0.1173,-0.0694,-0.1109,0.1957,-0.1659,0.2268,0.1195,0.1018,0.2436,0.2754,0.0409,0.2072,0.0504,0.0803,1.4839,0.3721,0.1126,-0.289,-0.2381,-0.3584,0.0045,0.0047,0.5589,-0.0002,-0.001,0.01,-0.02,0.6799,-0.0066,-0.3461,0.0185,-0.1006,-0.0165,0.2204,-0.1309,-0.2162,-0.3097,-0.3393,-0.3877,-0.1504,0.0082,0.3402,-0.6962,0.7083,0.2306,-0.3003,-0.0742,-0.3806,2.7664,0.5631,0.0192,-0.2602,0.0041,0.0932,-0.0086,0.0166,-0.0751,-0.0151,1.4487,-0.0202,0.0098,-0.0412,0.0095,0.9443,-0.0111,-0.006,-0.0062,0.0153,0.0159,-0.0088,0.0159,0.0171,-0.0159,-0.0245,0.0042,0.0226,-0.0143,0.0087,0.0066,0.0105,-0.0066
221,5281,108,3,standing,3.0,108.0,5281.0,2.0,108.0,-0.0114,-0.7391,0.0072,-0.0118,0.0064,-0.0415,0.055,0.6138,-0.0224,-0.0009,-0.2625,-0.0698,0.109,-0.3581,-0.036,-0.0713,0.1243,-0.0885,0.1156,0.2391,0.0973,0.1789,0.1952,-0.0806,0.2265,-0.1696,-0.204,-0.1126,-0.0406,0.0506,0.01,-0.001,0.0407,0.0229,-0.0032,0.0002,0.1194,2.2763,0.0245,-0.1108,-0.3099,1.2969,0.0186,0.0001,0.5561,0.0062,-0.0037,-0.007,0.0041,0.6684,0.0286,0.4567,-0.0294,0.0262,0.0542,-0.0291,0.027,0.0044,-0.1008,-0.3336,0.039,0.1011,-0.0434,-0.2895,-0.3974,-0.1306,-0.2309,-0.008,0.0466,0.1505,-0.4675,-0.5876,0.4831,-0.0057,-0.2257,0.0059,0.0847,-0.0071,0.0192,-0.0921,-0.0077,1.5438,-0.0207,0.0238,-0.0417,-0.0051,0.4968,0.0082,0.0083,0.02,-0.0047,-0.0078,-0.0097,0.0261,-0.0249,-0.0187,0.0088,0.0233,-0.0093,-0.0231,-0.0228,0.0226,-0.0131
222,5282,108,3,standing,3.0,108.0,5282.0,2.0,108.0,0.0069,-0.5836,0.0111,0.0009,-0.0314,0.0182,0.0213,0.8482,-0.0547,-0.0067,-0.2746,-0.0425,1.1668,-0.2986,0.0712,0.0163,0.0923,-0.1049,-0.0628,0.0866,-0.1719,0.229,-0.1006,0.2077,0.1555,-0.2439,-0.0504,0.1011,0.1856,0.2633,-0.0098,0.0409,0.0085,-0.0238,-0.0065,0.0257,-0.4489,0.5957,-0.008,0.1107,-0.1191,0.307,-0.0132,0.0002,0.5475,0.0043,0.001,-0.0188,0.01,0.6095,0.0072,0.0291,-0.0202,-0.0045,0.0092,0.0262,0.004,-0.0174,-0.02,0.375,-0.1307,0.0581,0.0973,0.3876,-0.2507,-0.0001,0.0231,0.0562,0.1126,0.0807,-0.3461,-0.0153,-0.0035,-0.4871,0.0051,0.1508,-0.0087,0.0204,-0.0247,-0.0199,0.1078,-0.0141,0.0091,-0.0248,0.0179,-0.526,-0.0065,0.0064,0.0207,0.0203,0.0097,-0.0183,-0.0031,0.0229,-0.0042,-0.0249,-0.0235,0.0194,0.0241,-0.0193,0.0078,0.0196,-0.0066
223,5283,108,3,standing,3.0,108.0,5283.0,2.0,108.0,-0.004,-0.7281,0.0008,0.0169,-0.0045,0.0059,0.025,0.2403,-0.0518,-0.0038,-0.1747,-0.0425,-0.1081,-0.1598,0.0175,0.0062,-0.0933,0.0772,0.149,0.082,0.136,0.063,-0.1136,-0.1257,-0.1191,-0.237,0.1654,-0.2268,-0.1961,0.0503,0.0065,0.01,0.0074,-0.0002,-0.0027,0.0035,0.0286,1.2632,0.0173,0.0042,0.0066,0.001,-0.0143,0.0067,0.5534,-0.0028,0.0001,0.0049,-0.0048,0.9589,-0.02,0.1129,-0.0086,-0.0141,0.0078,-0.0151,0.0164,0.0231,-0.0245,0.0584,-0.1014,-0.0196,0.0179,-0.0233,-0.2952,-0.058,-0.0439,0.0093,0.0235,0.0058,-0.1106,-0.0807,-0.0095,-0.3704,0.0063,0.1303,-0.0082,0.0188,-0.1006,-0.0197,1.4506,-0.042,0.0156,-0.0257,0.0092,0.7783,0.0044,-0.0076,0.0031,-0.0037,0.0056,-0.0087,-0.0053,0.0199,-0.0238,-0.0146,0.0123,0.0204,-0.0232,-0.0189,-0.0085,0.0095,-0.0191
224,5284,108,3,standing,3.0,108.0,5284.0,2.0,108.0,0.0037,-0.7312,0.0009,-0.0105,-0.0224,-0.035,0.041,0.5862,-0.0508,-0.01,-0.2856,-0.069,-0.1875,-0.4696,-0.1159,0.0764,-0.1609,0.1398,-0.0874,0.144,-0.1757,-0.2049,-0.2278,0.1944,0.2345,-0.1006,-0.2983,0.1572,0.2527,0.0804,-0.1507,-0.0142,0.0166,0.0001,-0.0188,-0.02,-0.3085,1.3567,-0.0337,0.1011,-0.6068,-0.0658,-0.0002,0.0034,0.5543,0.0051,-0.0031,-0.0077,0.001,1.4897,0.0082,-0.4791,0.0169,0.0163,-0.0099,0.0126,0.0222,0.0233,-0.1199,-0.3839,0.1126,0.027,-0.032,-0.1308,-0.3621,-0.337,-0.468,-0.0406,0.0586,0.1109,-0.7981,-0.8971,-0.0092,-0.2208,0.0041,0.0961,-0.0153,0.0165,-0.0854,-0.0152,1.4673,-0.0294,0.0096,-0.0206,0.0032,0.4993,0.0066,0.0042,0.0195,-0.0056,-0.0032,-0.0065,0.0059,0.004,-0.0252,-0.0248,0.0184,0.0257,-0.0226,-0.0176,0.0133,-0.0087,-0.0118
225,5285,108,3,standing,3.0,108.0,5285.0,2.0,108.0,-0.0118,-0.7391,0.0068,-0.0009,-0.0163,0.0214,-0.037,0.4905,-0.046,-0.0001,-0.251,-0.0746,-0.085,-1.2055,-0.1257,-0.1169,0.0961,0.2475,0.1756,-0.2337,0.2272,-0.1366,-0.0645,-0.1535,-0.269,-0.3374,-0.1692,0.3878,-0.2898,0.4187,-0.3059,0.1958,0.3429,-0.0507,-0.0485,-0.1016,-0.1108,1.4462,-0.4076,-0.1124,0.4831,-0.2788,-0.0806,-0.0182,0.5364,-0.0222,-0.1192,0.0002,-0.0249,0.7947,-0.0259,-0.6721,0.0456,0.0239,-0.0409,-0.0597,-0.0406,0.0071,0.1304,-0.3973,0.2164,0.0456,0.2503,-0.3684,2.438,3.6577,0.8399,0.2251,0.1509,0.3459,0.8632,0.8954,-0.0,-0.2391,0.0081,0.0896,-0.0041,0.0151,-0.02,-0.0228,0.7689,-0.0152,0.0142,-0.01,0.0095,0.0229,0.8523,-0.001,0.0194,-0.0271,0.0187,-0.0059,-0.0113,0.0093,0.0239,-0.0155,-0.0206,0.0266,-0.0074,-0.0143,-0.0074,0.0102,-0.0086
226,5286,108,3,standing,3.0,108.0,5286.0,2.0,108.0,-0.0037,-0.704,0.0109,-0.0345,-0.0007,-0.0225,0.041,0.4389,-0.0563,-0.0259,-0.2898,-0.0624,-0.1362,-0.145,0.1274,0.1655,-0.0775,0.0867,-0.1543,-0.1786,-0.2041,-0.1949,0.1872,0.1185,0.0807,-0.1019,-0.2391,0.2213,-0.1308,-0.1503,-0.0147,0.1108,0.0504,-0.0285,0.1126,0.1191,-0.2953,1.3373,-0.1009,-0.4464,-0.2797,-0.2657,-0.0002,0.001,0.5832,0.0034,0.0068,-0.01,0.02,0.8836,0.0183,2.3569,0.008,0.0156,0.0373,-0.0059,-0.0184,-0.0096,-0.3854,-0.6077,0.0409,-0.0099,0.0161,-0.3039,-0.4881,-0.6694,0.7852,0.2206,0.0358,0.3018,-0.7931,-0.659,-0.0001,-0.3409,0.0095,0.1246,-0.0092,0.0121,-0.0893,-0.0111,1.4708,-0.0414,0.0099,-0.0273,0.0076,0.4757,0.0042,0.0063,0.0089,0.0071,-0.0059,0.0057,-0.0238,0.0257,-0.0187,-0.0239,0.0062,0.0249,-0.0229,-0.0182,0.0042,0.0115,-0.0151
227,5287,108,3,standing,3.0,108.0,5287.0,2.0,108.0,-0.0037,-0.727,0.0123,0.0163,0.0008,-0.026,0.0311,0.6397,-0.0465,-0.001,-0.289,-0.0543,-0.0944,-0.9659,0.0645,-0.0866,0.104,0.0775,0.1848,0.0505,-0.125,-0.1374,-0.1547,0.1461,-0.2272,0.1749,0.2933,0.1953,0.2056,0.2425,0.168,0.1194,-0.0806,0.0256,-0.0455,0.1506,-0.3486,1.5877,0.3578,-0.3046,-0.2796,0.3954,-0.0088,0.0052,0.5583,0.0032,-0.0002,-0.0,-0.0069,0.8721,-0.0067,0.2691,-0.0001,0.01,-0.02,0.0277,0.0257,-0.007,-0.1002,-0.1126,0.1307,0.0941,0.0751,0.1012,0.3873,-0.3676,-0.2167,0.0959,0.1106,-0.2204,-0.2803,-0.3456,0.0064,-0.2306,0.0079,0.0898,-0.0051,0.0157,-0.0885,-0.0131,1.4995,-0.0401,0.0195,-0.0276,0.0181,0.4678,0.0094,0.0062,-0.0042,0.0189,0.0068,0.0097,-0.0084,-0.0193,0.0047,-0.0226,0.0082,0.0249,-0.0086,-0.0111,-0.0085,0.0071,-0.0199
228,5288,108,3,standing,3.0,108.0,5288.0,2.0,108.0,0.0416,-0.7946,0.0105,-0.0085,-0.0325,-0.0245,0.0796,0.4418,-0.0217,-0.0004,-0.2486,-0.0506,0.131,-0.3374,-0.0632,-0.1165,0.2976,1.2749,0.0957,0.719,0.8984,-0.146,0.309,-0.1291,-1.0842,-0.2082,-0.1547,-0.2288,0.2695,-0.2854,0.3868,0.3775,-0.4069,0.2392,-0.4577,-0.365,0.1921,2.6462,-0.3931,-0.1019,-0.4881,-0.3494,-0.0803,-0.0155,0.5967,-0.0002,-0.02,0.0156,-0.0173,0.9735,0.0266,-0.1109,-0.1192,-0.1305,-0.1506,-0.1124,0.0043,0.2606,-0.7087,0.9983,-0.0161,0.0551,0.8072,-0.3404,3.6684,5.6312,0.5841,0.0658,-0.5327,4.7871,0.8907,-0.2164,-0.001,-0.2393,0.002,0.0775,-0.01,0.0196,-0.0277,-0.0001,0.1372,-0.0066,0.0255,-0.0242,-0.0152,0.4651,-0.0088,0.0253,0.0188,-0.0077,0.0066,0.0036,-0.0066,0.0206,-0.0041,-0.0155,0.0046,0.0235,-0.0106,-0.0231,-0.0119,-0.0112,-0.0069
229,5289,108,3,standing,3.0,108.0,5289.0,2.0,108.0,-0.0038,-0.7356,0.0103,-0.0036,-0.0072,0.0034,-0.0432,0.581,-0.0211,-0.0008,-0.2708,-0.0547,-0.1342,-1.2407,-0.0698,-0.0504,0.0975,-0.146,0.2612,0.159,0.2989,0.1917,0.2553,-0.2216,-0.2362,-0.1864,0.2066,0.1012,0.288,-0.6334,0.4469,0.3063,-0.3381,0.3573,-0.1126,-0.3976,0.1199,1.4943,0.4048,0.5595,-0.4596,-0.3013,0.0088,0.0165,0.575,0.017,-0.001,0.01,0.0001,0.9982,0.0277,3.9746,-0.027,-0.0059,0.0002,0.0266,0.0056,0.045,-0.1503,-0.6787,0.3771,0.1106,0.2305,2.6861,6.7984,-0.7831,0.5421,-0.1308,-0.2606,0.0658,-0.1005,-0.3705,-0.0804,-0.3753,0.0085,0.12,-0.0077,0.0227,-0.1,-0.0248,1.4506,-0.0415,0.0092,-0.0238,-0.0193,0.8319,-0.0074,0.0152,0.0228,-0.0063,-0.0051,-0.0041,-0.0191,0.0186,0.0094,-0.0233,0.0242,0.0133,-0.0111,-0.0257,0.0085,-0.0105,-0.0114
230,5290,108,3,standing,3.0,108.0,5290.0,2.0,108.0,0.0047,-0.689,0.0103,0.0077,-0.0008,0.0063,-0.0411,0.0846,-0.0025,-0.01,-0.0778,-0.0585,0.0509,-1.1672,0.0073,0.0212,-0.001,0.0645,0.0915,-0.1317,0.1086,0.2348,-0.2057,0.1936,0.2633,0.1459,-0.2438,-0.2981,0.1851,-0.3574,-0.1504,0.1006,0.2866,0.2271,-0.1017,-0.0803,0.1105,1.5054,0.054,0.1308,0.3475,0.6076,-0.02,0.0069,0.5839,0.0043,0.0037,-0.0055,0.0206,0.4956,0.0082,-0.2797,-0.0931,0.0205,0.0565,0.3091,0.0332,0.7094,0.326,0.8898,0.5321,0.0443,-0.0002,-0.2605,0.6796,0.3018,0.1126,0.0042,0.0195,0.0286,0.2252,-0.2305,-0.0062,0.2505,-0.0079,0.0952,-0.0064,0.0161,-0.0751,-0.0084,1.4483,-0.04,0.0189,-0.0373,-0.0166,0.7197,-0.0187,-0.0041,0.0092,0.0229,-0.0193,-0.018,-0.0032,-0.0072,0.0046,-0.0133,-0.0072,0.0235,0.0245,-0.0233,-0.0082,0.0099,0.0111
231,5291,108,3,standing,3.0,108.0,5291.0,2.0,108.0,-0.0069,-0.7862,0.0114,0.023,0.0009,-0.0042,0.0324,0.4357,-0.0547,-0.0174,-0.1398,-0.0416,-0.1182,-0.7124,-0.0694,0.0872,-0.0718,-0.1743,0.0923,-0.2789,-0.1255,-0.152,0.1057,-0.0406,-0.1191,-0.1018,0.0506,0.1939,-0.1509,0.1002,0.1103,-0.266,0.2296,-0.0807,-0.2535,0.0067,-0.3433,1.407,-0.1127,-0.458,-0.4483,0.285,0.0001,-0.0002,0.5885,-0.0088,-0.0036,-0.0049,-0.01,1.3865,0.0086,0.5421,-0.0141,0.0239,-0.0099,-0.0179,0.0068,-0.0221,-0.2167,-0.4832,0.2956,-0.3776,-0.6487,2.538,3.6691,4.5946,-0.3006,0.1306,0.2808,-0.3457,-0.9775,0.4013,-0.0017,-0.2395,0.0052,0.0963,-0.0073,0.0192,-0.02,-0.0234,0.7793,-0.0071,0.0235,-0.0181,0.0151,0.9031,0.007,0.0111,0.0235,0.0072,0.0184,0.0168,-0.0149,-0.0161,-0.0063,0.0205,0.001,0.0185,-0.0125,-0.0072,0.009,-0.0133,0.0106
232,5292,108,3,standing,3.0,108.0,5292.0,2.0,108.0,-0.004,-0.7869,0.0009,-0.0132,0.0165,-0.0214,0.0562,0.4584,-0.0466,-0.0188,-0.1941,-0.0796,0.1344,-0.3385,0.0245,-0.035,-0.0655,0.1095,-0.0872,0.1153,0.0922,-0.1874,0.1243,-0.1786,-0.1005,0.1651,-0.0508,-0.1191,0.0807,0.152,-0.001,0.0266,0.0025,-0.0002,-0.0189,0.0194,0.01,1.4798,-0.0001,0.0259,0.2797,0.0131,-0.0068,-0.0035,0.5736,-0.0063,0.006,0.0024,-0.0026,0.9021,-0.0159,0.4356,-0.0082,-0.0129,0.0156,0.0038,-0.0034,0.0058,-0.0277,-0.2364,-0.0087,0.0149,0.0146,0.0061,-0.2208,-0.0232,0.027,0.0167,0.0081,0.0239,-0.1108,-0.0465,0.0083,-0.2899,0.003,0.1014,-0.0039,0.0173,-0.107,-0.0137,1.4406,-0.048,0.0154,-0.0294,-0.0092,0.4876,0.0079,0.0042,0.0093,-0.0059,0.0063,-0.0071,-0.0175,0.0275,-0.0095,-0.0191,0.0177,0.0133,-0.0205,-0.0143,-0.0152,0.0139,-0.0088
233,5293,108,3,standing,3.0,108.0,5293.0,2.0,108.0,0.0069,-0.6514,0.0168,-0.0464,-0.0631,-0.055,0.0794,0.5825,-0.0843,0.0007,-0.2985,-0.1259,1.1856,-0.3562,0.028,0.0508,0.1337,-0.0923,0.2095,0.0326,-0.1586,-0.1657,-0.1719,-0.104,-0.2781,-0.3097,0.2432,0.4356,0.3963,-0.447,0.4798,-0.3374,0.4811,0.6014,0.4675,-0.5589,0.2872,0.7949,-0.4583,0.366,0.1019,-0.0646,-0.0067,0.001,0.5275,0.0077,-0.0021,0.0022,-0.01,0.8882,-0.0066,2.3854,0.0257,-0.0091,0.0337,0.0373,0.0245,0.1126,0.3458,-0.3471,0.1191,-0.1307,0.1005,0.2605,-0.789,-0.2253,-0.2808,-0.1108,-0.0266,0.2508,0.3505,-0.0141,-0.0002,-0.3015,0.0053,0.0809,-0.0092,0.0187,-0.0718,-0.0099,1.4992,-0.0461,0.0152,-0.0277,0.0176,0.4709,0.0043,0.0096,0.02,-0.0073,0.005,-0.0042,-0.0045,0.0235,-0.0023,-0.0193,0.0242,0.0149,-0.0084,-0.0111,0.0096,-0.0119,0.011
234,5294,108,3,standing,3.0,108.0,5294.0,2.0,108.0,-0.0067,-0.7746,0.0116,-0.021,-0.0009,0.0002,-0.0431,0.4568,-0.0523,-0.0001,-0.2794,-0.0626,0.1411,-0.3941,-0.032,0.0042,-0.089,0.0961,-0.1536,0.0718,-0.2532,-0.1235,-0.1719,-0.1389,0.1018,-0.1194,-0.2291,0.2983,0.2449,-0.3062,-0.1126,-0.0508,-0.1009,0.0463,-0.1509,0.0803,0.3766,1.3372,0.0074,-0.4076,-0.7447,-0.3885,-0.0409,0.0065,0.5469,0.0034,0.0086,-0.0043,-0.0155,0.5897,0.0239,0.4496,0.01,-0.0209,0.0262,0.036,0.0373,-0.0548,0.5092,-0.5971,-0.2857,0.0471,0.0406,0.648,-0.2309,0.4721,-0.5375,-0.1106,0.0052,-0.567,0.3011,0.3405,-0.0,-0.2258,0.0081,0.0951,-0.0087,0.0182,-0.0206,-0.001,1.7879,-0.0401,0.0238,-0.0236,-0.0017,0.8899,-0.0109,0.0146,0.0259,0.0156,-0.0248,-0.0066,-0.0095,0.0063,-0.0161,-0.0112,0.0088,0.0231,-0.02,-0.0193,-0.0062,0.0084,-0.0089
235,5295,108,3,standing,3.0,108.0,5295.0,2.0,108.0,-0.0019,-0.705,0.0102,0.0004,-0.001,0.0002,0.0324,0.076,-0.0086,-0.0046,-0.0694,-0.0431,-0.0507,-0.2298,0.0866,0.0568,0.1532,0.1613,0.094,-0.1181,-0.1736,-0.1291,0.1426,-0.1099,0.1108,0.1126,0.1852,0.0806,-0.2389,0.2075,-0.1009,0.1309,0.2569,0.0471,-0.0256,-0.0249,0.1191,1.4565,0.1502,-0.0658,-0.2859,0.3721,-0.0027,0.0043,0.5788,0.0042,0.0064,-0.0001,0.0209,0.9733,-0.02,-0.4858,0.0329,-0.0185,0.0095,-0.0259,0.0265,-0.0356,0.3878,-0.3963,-0.3583,0.0394,-0.3474,2.5655,3.4484,0.4792,0.6787,-0.3072,-0.2167,-0.1012,-0.4979,0.2204,0.0449,-0.2307,0.0073,0.0853,-0.0077,0.0161,-0.0871,-0.0237,1.4687,-0.0286,0.01,-0.0409,0.0253,0.905,0.0239,0.0241,-0.0111,0.0206,0.0233,-0.0113,0.008,0.0582,-0.0235,-0.0193,0.0051,0.0226,-0.0227,-0.0076,-0.0117,0.0154,-0.0141
236,5296,108,3,standing,3.0,108.0,5296.0,2.0,108.0,0.0018,-0.6564,0.0104,0.0033,-0.0003,-0.0259,0.035,0.9061,-0.0542,-0.0331,-0.1953,-0.026,-0.1514,-1.1398,0.0937,0.0877,-0.1743,-0.2291,0.1157,-0.0794,0.1223,0.1068,0.2074,0.2827,-0.0504,0.0803,0.1663,0.1018,-0.1129,0.1306,-0.0441,0.1197,0.2558,0.1005,-0.2979,0.2472,-0.3582,1.3438,-0.0095,-0.1108,-0.3639,0.407,-0.0001,0.0049,0.5969,-0.0051,-0.0166,0.0146,0.0267,0.4721,-0.0266,-0.2678,-0.0189,0.0131,0.0545,0.0161,-0.0002,0.3087,-0.8055,-0.4497,0.2205,0.001,0.2169,2.5475,3.8892,-0.4886,0.9976,0.0451,0.2603,-0.3216,0.5213,-0.1505,-0.0019,-0.3649,0.0085,0.129,-0.0073,0.0141,-0.0781,-0.0072,1.5633,-0.0468,0.0072,-0.0286,0.0272,0.4356,-0.0096,0.0184,0.0235,0.0228,0.0183,0.0068,-0.0013,0.0238,-0.02,-0.0171,-0.01,0.0236,-0.0249,-0.0193,0.0079,-0.0085,-0.009
237,5297,108,3,standing,3.0,108.0,5297.0,2.0,108.0,-0.0103,-0.7382,0.0096,-0.0007,-0.0215,0.001,-0.0412,0.6011,-0.0544,-0.0001,-0.3314,-0.077,1.1154,-1.088,-0.106,-0.1674,0.0694,0.1723,0.0958,0.1875,0.0504,0.2786,0.139,-0.2265,-0.2542,-0.2637,-0.2095,-0.4082,0.2989,-0.4791,-0.0456,0.1129,-0.1108,-0.01,-0.0804,-0.2457,0.1505,2.3078,0.1938,0.119,-0.5087,0.5536,-0.0169,0.0045,0.5948,0.0032,0.0041,-0.0068,0.0162,0.9828,0.0067,-0.1008,-0.0134,0.0247,0.02,-0.0238,0.0185,-0.0421,-0.2209,-0.3943,0.4699,0.0238,-0.0245,-0.3572,-0.2169,-0.3453,0.4952,0.0579,-0.0163,0.0472,-0.6661,0.1011,0.0153,-0.2259,0.0083,0.0871,-0.0088,0.0173,-0.0877,-0.0151,1.4997,-0.0273,0.0164,-0.0255,-0.0002,0.847,0.0092,0.0248,-0.0209,0.0076,-0.0097,-0.0033,-0.005,0.0228,-0.0093,0.0056,-0.0236,0.0181,-0.0102,-0.0119,-0.0063,0.0059,-0.0131
238,5298,108,3,standing,3.0,108.0,5298.0,2.0,108.0,-0.0017,-0.727,0.0103,0.0214,-0.0063,0.0162,0.0431,0.4396,-0.055,-0.0003,-0.2694,-0.0871,0.0725,1.4524,-0.0508,-0.0638,0.1272,-0.1181,0.1374,0.2075,0.1859,-0.1099,0.0979,-0.1921,0.1622,0.1546,0.1191,-0.1109,-0.0409,-0.0453,-0.0203,0.006,0.0002,-0.0155,-0.0169,0.0078,0.0493,2.4428,0.0468,-0.01,-0.0804,-0.3348,-0.0123,-0.0037,0.5467,-0.0001,-0.001,-0.0032,-0.02,0.6337,0.0039,-0.4798,-0.0086,-0.0135,0.007,0.0142,-0.014,0.0058,0.2796,-0.4964,-0.3085,-0.0,0.0156,0.1122,-0.2961,-0.6589,0.6691,-0.1013,0.0097,-0.1505,-0.3657,-0.3482,-0.0053,-0.2309,0.0095,0.0977,-0.0092,0.0193,-0.068,-0.0188,1.4509,-0.0205,0.0152,-0.0259,0.0083,0.8743,0.0073,0.0141,0.0176,0.0032,0.009,-0.0077,-0.0184,0.0233,-0.0151,-0.0209,0.0089,0.0072,-0.0249,-0.0077,0.0095,-0.0119,-0.0105
239,5299,108,3,standing,3.0,108.0,5299.0,2.0,108.0,-0.0012,-0.727,0.0109,0.0007,0.0066,-0.0217,0.0434,0.4369,-0.0584,-0.0328,-0.2296,-0.0873,-0.1445,-0.309,-0.0002,0.01,-0.0504,0.062,-0.0718,0.1046,-0.1343,0.1148,0.1549,0.1639,-0.0807,0.1944,0.1122,-0.2698,-0.2385,0.2479,-0.1011,0.1008,0.2741,-0.2556,0.1196,0.3547,0.3872,1.9451,-0.0407,0.1104,0.3362,-0.3781,-0.0,0.0029,0.5082,0.0051,-0.0052,0.001,-0.0247,0.7795,0.02,-0.0205,0.0373,-0.0078,-0.0206,-0.0001,0.0191,0.0165,-0.0334,-0.3697,0.0569,0.0286,-0.0321,-0.2506,-0.4064,0.1303,-0.0032,0.0232,0.037,-0.1503,-0.5988,0.0409,0.0199,-0.3017,0.0057,0.1367,-0.0075,0.0192,-0.0259,-0.0163,0.5874,-0.0203,0.0248,-0.0236,0.0233,2.536,0.0235,-0.0076,-0.008,-0.0154,0.0239,-0.0194,0.0187,0.0245,-0.0055,0.0222,-0.0089,0.0042,-0.0255,-0.0031,-0.0093,0.0068,-0.0083
240,5300,108,3,standing,3.0,108.0,5300.0,2.0,108.0,-0.0108,-0.7406,0.0516,0.0925,-0.0632,0.0434,0.1256,0.5337,-0.0324,-0.028,-0.2364,-0.0742,1.2748,-1.286,0.157,0.1159,0.2036,-0.1345,-0.4277,-0.1758,0.1438,-0.4468,-0.181,0.2265,-0.4788,0.354,-0.3062,0.3346,0.2954,0.3981,0.8125,0.0505,-0.1943,0.2698,-0.9509,-0.4941,0.759,2.7974,-0.0006,-0.5066,-0.3782,0.1193,0.001,0.0002,0.5731,0.0001,-0.0067,0.01,0.0095,0.5569,-0.0092,0.1018,0.1008,0.0186,-0.0,0.0578,0.1126,0.0286,0.0453,0.2305,-0.0803,-0.0197,0.1305,-0.0383,0.1102,-0.0373,-0.0222,0.0187,0.0231,0.0443,-0.0973,-0.0961,-0.0256,0.0063,-0.2506,0.0076,0.0951,-0.0094,0.0189,-0.0171,-0.0205,0.9983,-0.0239,0.0172,-0.0205,0.0021,0.4018,0.0096,0.0184,0.0235,0.0245,0.0241,-0.0091,0.0166,0.0266,-0.0152,-0.0246,0.02,0.0193,-0.0238,0.009,0.0085,0.0077
241,5301,108,3,standing,3.0,108.0,5301.0,2.0,108.0,-0.0016,-0.6769,0.0219,0.0004,0.0036,-0.0323,0.0411,0.5835,-0.0514,-0.0062,-0.2696,-0.061,0.077,-1.1517,-0.0908,-0.132,0.2774,-0.125,0.1872,-0.2986,0.226,0.2446,0.2825,0.3349,0.5014,0.3077,-0.6143,-0.839,-0.7447,-0.4845,-0.3465,0.4492,0.6488,-0.4321,-0.4082,0.4798,1.398,-0.3787,0.1199,-0.326,-0.5431,-0.1012,-0.001,-0.01,0.5941,-0.0057,-0.0066,-0.019,-0.0138,0.8475,-0.0296,-0.0509,-0.0239,0.0178,0.0152,0.0002,0.0001,0.0331,-0.1506,-0.6399,-0.1008,0.0205,0.0185,0.1109,-0.7956,-0.6876,0.5571,-0.0804,0.0197,-0.1308,-0.2167,-0.3001,-0.0081,-0.3646,0.0051,0.1124,-0.0194,0.0083,-0.041,-0.0111,1.4509,-0.0257,0.0191,-0.0255,-0.0072,0.9542,0.0238,0.0011,0.0073,0.0089,0.0252,0.0061,-0.006,0.0172,-0.0011,-0.0193,0.0143,0.0226,-0.02,-0.0059,0.0118,0.0025,-0.011
242,5302,108,3,standing,3.0,108.0,5302.0,2.0,108.0,0.0107,-0.7837,0.0055,0.0433,0.0344,0.0545,-0.0008,0.4357,-0.022,-0.0125,-0.2285,-0.0632,0.144,-1.1747,-0.0943,0.0865,-0.1346,-0.181,-0.1236,0.2972,-0.2692,0.235,-0.116,-0.1916,-0.1584,-0.0804,-0.1124,-0.2761,-0.0503,0.2459,-0.1019,-0.1196,-0.3096,-0.1107,-0.1009,-0.0449,0.3839,0.567,0.001,-0.288,1.5793,0.1504,-0.0257,-0.0066,0.5886,-0.0256,-0.0049,0.0174,0.0163,0.9942,-0.0,3.7982,-0.0294,0.02,0.0148,0.0068,-0.0231,0.0406,-0.3597,0.7762,-0.3467,0.1304,0.0089,0.6421,2.0277,-0.9853,-0.6976,-0.2505,0.2305,4.5215,-0.8375,-0.9031,0.0081,-0.3756,0.0054,0.1024,-0.0002,0.0071,-0.0695,-0.0041,0.0851,0.01,0.0202,-0.0229,-0.0188,0.9412,0.0073,0.0065,0.0087,-0.0206,0.0249,-0.0025,-0.0036,0.0186,-0.0252,-0.0013,-0.0236,0.0043,0.0247,-0.0232,-0.0146,0.0191,0.0062
243,5303,108,3,standing,3.0,108.0,5303.0,2.0,108.0,0.0169,-0.7891,0.0065,-0.032,-0.0009,0.0211,0.0436,0.4277,-0.0775,-0.0589,-0.2296,-0.1234,1.155,-1.2962,0.0957,-0.0846,-0.6018,-0.2724,-0.1423,0.068,-0.136,-0.3348,-0.2537,-0.1043,0.1926,-0.1835,-0.0507,0.173,-0.1632,-0.0803,-0.1129,-0.1018,0.1303,0.1009,0.2874,0.4464,-0.1198,3.3963,-0.1502,0.4966,-0.4561,-0.1102,0.02,-0.0072,0.5885,-0.0088,0.001,-0.0098,-0.0077,0.6879,-0.0002,2.709,-0.0001,0.0193,-0.0084,0.0277,-0.0354,-0.0087,-0.2205,-0.5621,0.4738,0.4067,0.5573,5.5976,-0.5224,-0.2607,-0.5499,0.2309,-0.0485,4.5311,-0.956,-0.3506,-0.0081,-0.3009,0.0051,0.12,-0.007,0.0203,-0.0751,-0.0141,1.301,-0.0431,0.0071,-0.0273,0.0042,0.9746,-0.0044,0.0106,0.0092,0.0086,-0.01,-0.0194,-0.0082,0.0206,-0.0149,-0.0231,0.0205,0.0183,-0.0042,0.0256,-0.0013,-0.0123,-0.0119
244,5304,108,3,standing,3.0,108.0,5304.0,2.0,108.0,-0.0105,-0.5835,0.0059,0.0006,0.0002,-0.0214,0.0423,0.839,-0.0638,-0.0186,-0.2695,-0.0313,-0.104,-0.1891,-0.0066,0.0506,0.1172,-0.1236,-0.0845,0.0929,0.162,-0.0737,-0.1949,-0.1011,0.0806,-0.1742,-0.255,-0.1551,-0.2788,0.2496,-0.2211,-0.1004,0.3078,0.4467,0.3385,-0.2898,-0.3979,1.7143,0.9607,0.607,2.6483,0.5569,-0.01,-0.001,0.5321,0.0162,-0.0032,-0.0161,-0.0043,0.8748,3.6846,0.0294,0.3475,0.0189,0.0147,-0.0056,-0.0041,0.1102,-0.6599,0.3454,-0.6375,0.2608,0.301,4.9475,5.848,-0.579,-0.2167,0.7431,0.2208,-0.7771,6.7624,-0.9745,-0.1303,0.0,-0.3643,0.0054,0.1122,-0.0182,0.0204,-0.0792,-0.0067,1.4991,-0.0238,0.0065,-0.0273,-0.0066,0.9326,0.0066,0.02,0.0152,0.0072,-0.0068,-0.0032,0.0032,0.0239,-0.0032,-0.0073,0.0233,0.0143,-0.0247,-0.0236,0.0106,-0.0077
245,5305,108,3,standing,3.0,108.0,5305.0,2.0,108.0,0.047,-0.7298,0.0566,-0.0185,0.03,-0.0636,0.0772,0.4718,-0.0915,-0.0009,-0.2968,-0.0867,1.2327,-0.3941,-0.1362,0.1657,0.125,-0.384,-1.1478,-0.8657,0.4426,-0.491,-0.5969,-0.427,2.6355,-0.4517,-0.3746,0.4884,0.2896,-0.342,-0.2211,-0.5589,-0.2463,-0.2597,0.1953,-0.3579,-0.3382,3.6086,-0.6491,0.7532,-0.3098,0.6583,-0.0213,-0.0503,0.5843,0.0176,0.0073,-0.02,-0.1103,0.5699,-0.1309,-0.548,-0.001,0.0441,-0.0804,0.0094,0.1015,0.3453,-0.8731,-0.9021,0.1005,-0.0193,0.1193,-0.2162,0.8842,0.1506,-0.3507,0.0409,0.0443,0.77,0.2205,-0.3407,-0.01,-0.2496,0.0052,0.0792,-0.0095,0.0174,-0.0202,-0.0002,0.1122,0.0051,0.0188,-0.0229,-0.0046,0.0266,0.006,0.0171,0.0159,-0.0103,0.0035,0.0033,0.0261,0.0252,-0.0249,-0.0001,0.0247,0.0228,-0.0238,-0.0205,-0.0063,0.0047,-0.0095
246,5306,108,3,standing,3.0,108.0,5306.0,2.0,108.0,-0.0037,-0.7969,0.0007,-0.0104,0.0033,-0.0217,0.0324,0.441,-0.0581,-0.0001,-0.2707,-0.0645,-0.1288,-1.2064,-0.0972,0.0506,0.0898,-0.1329,-0.1636,-0.1165,-0.2618,-0.2853,-0.2274,-0.1543,0.1435,0.1019,0.1957,-0.2556,-0.3862,0.2361,-0.1194,0.3046,0.3492,0.1108,0.0806,0.1121,0.0149,1.5042,-0.0337,0.0066,0.4791,0.001,-0.0048,-0.0031,0.5335,-0.0041,-0.0002,-0.0051,0.0159,0.684,-0.0058,-0.7767,-0.01,0.0201,-0.0249,0.0163,0.0039,-0.0259,0.0871,-0.2608,0.1003,-0.0099,0.0237,0.1509,-0.4672,0.5586,0.1302,-0.0205,0.056,0.048,-0.2209,0.0589,-0.0,-0.2505,0.0083,0.0987,-0.0095,0.017,-0.0751,-0.0197,1.5002,-0.0421,0.0085,-0.0302,0.019,0.9675,0.0178,0.006,-0.0017,0.0255,-0.0052,-0.0182,-0.0065,0.02,-0.0184,-0.0132,0.0088,0.0073,-0.0093,-0.0111,-0.0154,0.0143,-0.0076
247,5307,108,3,standing,3.0,108.0,5307.0,2.0,108.0,-0.0043,-0.7063,0.0135,0.0009,-0.001,0.0059,0.0225,0.0542,-0.0077,-0.0001,-0.0431,-0.0164,-0.0772,-1.2069,-0.0929,0.0345,0.0638,0.1186,0.1096,0.1315,0.0836,0.1251,-0.0809,0.0447,0.1746,0.1419,0.0506,-0.1197,0.1833,0.1655,-0.0407,0.02,0.1104,0.01,-0.008,-0.0044,0.0249,1.289,0.0294,0.0302,-0.0002,0.2461,-0.0147,0.003,0.5867,0.005,-0.0048,-0.0074,0.014,0.6897,-0.0205,-0.0023,-0.1018,-0.016,-0.0132,0.1307,0.1127,-0.2678,-0.2266,2.4965,-0.2757,0.0781,0.1005,3.3773,5.7591,-0.3498,-0.0404,0.0084,0.0286,0.1506,-0.3953,0.0052,-0.0088,-0.2306,0.0085,0.0879,-0.0083,0.0121,-0.0556,-0.0087,1.9962,-0.0468,0.0082,-0.0277,-0.0193,0.4704,0.0141,-0.0089,0.0143,-0.0076,0.0195,-0.0243,0.0194,0.0071,0.0257,-0.0092,0.0154,0.0202,-0.0122,-0.0118,0.0133,0.0116,-0.0116
248,5308,108,3,standing,3.0,108.0,5308.0,2.0,108.0,-0.0043,-0.727,0.0146,0.0155,0.0003,-0.0216,0.0135,0.265,-0.0344,-0.01,-0.1425,-0.0417,-0.059,-1.4303,-0.0698,0.0765,-0.0833,0.114,0.1096,0.137,0.0947,-0.1574,-0.2032,-0.1259,0.2269,0.1856,0.0804,0.1306,0.2458,0.1198,-0.2857,0.2762,0.2337,0.3092,0.1953,0.2209,-0.0504,1.4542,0.0332,0.1009,-0.3936,-0.3472,-0.0175,-0.001,0.5499,0.0067,-0.0068,0.0049,0.0002,0.8031,-0.02,0.0262,-0.2988,-0.0183,0.0001,0.0277,-0.0086,-0.0,-0.1011,-0.3876,-0.0286,-0.0249,0.0178,0.1503,-0.7977,-0.2607,-0.1106,0.0239,0.0566,0.1124,0.4889,-0.3015,0.0021,-0.3008,0.0085,0.1284,-0.006,0.0164,-0.0863,-0.0187,1.5004,-0.0405,0.0095,-0.0357,0.0151,0.94,-0.0161,0.0266,0.0097,-0.0152,0.0071,-0.0073,-0.0074,0.0242,-0.0247,-0.0236,-0.0091,0.0141,-0.0245,-0.0181,-0.0182,0.0072,0.0133
249,5309,108,3,standing,3.0,108.0,5309.0,2.0,108.0,-0.0013,-0.7869,0.0112,-0.0009,-0.0032,0.026,0.041,0.5548,-0.0523,-0.0015,-0.2697,-0.0788,0.0849,-1.2709,-0.0399,-0.01,0.0062,-0.0077,0.0256,0.0625,-0.0164,-0.001,0.0231,-0.0203,-0.02,0.0001,0.0209,-0.0229,-0.0205,-0.0072,-0.0142,0.0256,0.0296,0.0002,-0.0111,-0.0117,0.0506,1.4722,0.027,0.0266,0.0291,0.1489,-0.0119,0.0067,0.5096,0.0038,0.0,-0.002,-0.0136,0.8657,0.0075,0.1665,-0.0185,0.0206,0.0239,0.0258,-0.0068,-0.0259,0.0262,-0.1197,-0.0806,0.0232,0.0248,0.0739,-0.2474,-0.1833,-0.1014,-0.0222,0.0236,0.0233,0.2987,-0.1127,-0.0458,0.007,-0.3066,0.008,0.1305,-0.0063,0.019,-0.1041,-0.0195,1.4498,-0.0254,0.0143,-0.0431,0.004,0.5856,0.0079,0.0051,-0.0071,0.0082,-0.0183,-0.0045,0.0146,-0.0249,-0.0092,-0.0093,0.0184,0.0157,-0.0245,-0.0073,0.0194,-0.0134
250,5310,108,3,standing,3.0,108.0,5310.0,2.0,108.0,-0.0117,-0.656,0.0049,0.0055,0.0006,-0.0002,0.022,0.0433,-0.0038,-0.0344,-0.0594,-0.0872,-0.159,-1.2698,0.0946,0.0611,-0.2474,0.1251,0.0718,0.1325,-0.1463,0.2366,0.2848,0.2954,-0.2261,-0.2759,-0.1936,0.1695,0.5647,-0.4355,-0.0507,0.02,0.0803,-0.0039,-0.0233,0.01,0.0332,1.4542,0.0266,-0.0573,-0.1018,0.3557,0.0189,0.0037,0.5699,0.004,0.0075,-0.0131,-0.001,1.5043,0.008,0.0082,0.0186,-0.0231,-0.0177,0.0178,0.0096,-0.027,-0.0062,0.0286,-0.0266,-0.0032,0.0085,0.0134,-0.213,-0.0191,0.0286,0.0067,0.0229,0.0071,-0.1305,0.0256,0.0087,-0.5884,0.0081,0.1893,-0.0047,0.0247,-0.1126,-0.0192,1.4995,-0.0241,0.0183,-0.0298,0.0179,2.9236,-0.0066,-0.0168,0.0063,-0.0001,-0.0042,-0.0133,0.0041,0.0248,-0.0238,-0.0085,0.0088,0.0052,-0.0046,-0.0197,0.0169,0.007,-0.0118
251,5311,108,3,standing,3.0,108.0,5311.0,2.0,108.0,0.0045,-0.727,0.0116,0.0006,0.0064,-0.0188,0.0417,0.5131,-0.0569,-0.0065,-0.2691,-0.037,-0.1246,-0.4256,-0.0078,-0.0157,-0.0002,-0.079,0.0942,0.0508,0.0872,-0.1323,0.0632,0.1086,0.0218,0.1425,0.0809,-0.0332,-0.01,0.1551,0.2449,0.001,0.2063,-0.1103,0.2785,0.2968,-0.1922,1.3743,0.004,0.0136,0.1011,-0.3489,0.0196,-0.0001,0.5499,-0.0039,0.0033,-0.0166,0.0128,0.5938,-0.0204,0.3558,-0.0074,0.0095,-0.0067,-0.02,0.0031,-0.0259,-0.0184,-0.1002,-0.0409,0.035,0.0239,0.0271,-0.195,-0.0081,0.0597,-0.0232,-0.0239,0.0286,-0.1503,-0.0462,-0.0,-0.3094,0.0071,0.1198,-0.006,0.0228,-0.0751,-0.0148,1.4777,-0.0401,0.0173,-0.0238,-0.0061,0.8056,0.0075,0.0237,0.0087,-0.0076,0.0252,-0.0021,-0.0155,0.0152,-0.0235,-0.0229,0.0041,0.0242,-0.0248,-0.0179,0.0193,0.0182,-0.0183
252,5312,108,3,standing,3.0,108.0,5312.0,2.0,108.0,-0.0116,-0.8333,0.0077,0.0007,-0.0464,0.0375,0.0518,0.5145,-0.0695,-0.0447,-0.2757,-0.0742,0.1046,-0.356,-0.022,0.0947,0.1786,-0.2985,0.2859,-0.2481,-0.1411,0.0815,-0.2584,-0.1397,-0.2343,0.227,0.1962,-0.0508,-0.2637,-0.4065,0.4187,-0.3372,0.1509,-0.5056,0.3479,0.4963,0.4831,1.6135,-0.1011,-0.1194,-0.6783,0.1109,-0.0045,-0.0198,0.5596,-0.0044,-0.0066,-0.0039,-0.0239,0.6973,0.01,-0.6858,0.0202,-0.0161,-0.0001,-0.0193,0.0088,-0.003,0.0804,-0.7832,0.3882,-0.0002,0.3654,0.1129,0.878,-0.1006,-0.2169,0.0899,-0.0441,-0.2809,-0.2604,-0.3015,-0.009,-0.3704,0.0071,0.1303,-0.0089,0.0141,-0.0424,-0.0094,0.9781,-0.0074,0.0065,-0.0209,-0.0234,0.525,0.0066,-0.0019,0.0286,0.0232,-0.0203,-0.0231,0.0121,-0.0235,-0.006,-0.0151,0.0296,0.0256,-0.0025,-0.0092,-0.001,-0.0074,-0.011
253,5313,108,3,standing,3.0,108.0,5313.0,2.0,108.0,-0.0117,-0.8272,0.0067,0.026,0.0433,0.0004,0.0897,1.2569,-0.0322,-0.0523,-0.4788,-0.0772,2.5483,-1.9554,0.1229,-0.0986,0.377,-0.2638,0.1055,-0.1148,0.1949,0.2866,-0.0696,0.1859,0.1468,0.1632,0.1535,-0.2041,-0.0505,0.0804,0.3036,0.3963,0.4042,-0.2784,0.3485,-0.2473,0.7387,0.4344,0.1106,-0.2203,0.5775,-0.4577,-0.001,-0.01,0.5846,-0.008,-0.02,-0.0206,0.0205,0.6598,0.1015,0.1009,0.1304,-0.1505,0.1127,-0.0658,0.1192,0.2251,-0.5092,0.5464,0.3014,0.2167,0.2506,-0.3408,0.7974,-0.3641,0.2806,-0.0458,0.4015,0.5212,-0.7882,-0.2608,0.0181,-0.2305,0.0121,0.0207,-0.0195,0.0056,-0.0203,-0.0131,0.4677,-0.0162,0.0202,-0.0204,-0.0259,0.5757,0.0235,0.0183,0.0051,0.0189,-0.0232,0.0191,0.0242,0.0265,-0.0255,-0.0222,-0.0161,0.0001,0.0245,-0.009,0.0059,-0.0066,0.0093
254,5314,108,3,standing,3.0,108.0,5314.0,2.0,108.0,-0.0017,-0.6876,0.0111,-0.001,0.0007,-0.026,0.0185,0.5143,-0.0413,-0.0023,-0.2056,-0.0575,-0.034,-0.1582,-0.0066,0.0043,0.0002,0.0508,0.077,0.0867,-0.065,0.093,0.129,-0.1021,0.2619,0.1665,0.2457,0.1864,0.1009,0.2535,-0.1504,0.0158,0.0803,0.1306,-0.0409,0.008,0.0373,1.2897,-0.0042,-0.0146,-0.1108,0.4547,-0.0245,-0.0049,0.5879,-0.0001,-0.0041,0.0048,0.0259,0.5922,-0.02,0.3696,0.0063,0.0074,-0.1011,-0.1194,0.1121,-0.2732,-0.3472,-0.3744,0.3884,0.0257,0.2951,-0.6971,0.3361,-0.3987,0.8886,-0.2303,-0.0591,0.0658,0.5581,-0.2803,-0.0052,-0.3019,0.0054,0.0931,-0.0073,0.0194,-0.0898,-0.01,1.5001,-0.0203,0.0162,-0.0431,0.0262,0.8947,0.0231,-0.0063,0.0195,0.0066,0.0078,0.0192,0.0177,0.0056,0.0229,-0.0249,0.0199,0.0222,-0.0235,0.0078,0.0256,0.0125,0.0093
255,5315,108,3,standing,3.0,108.0,5315.0,2.0,108.0,-0.0047,-0.7813,0.0117,0.0007,-0.0002,0.0345,0.052,0.2963,-0.0616,-0.0088,-0.229,-0.071,-0.0431,-0.2894,-0.0214,-0.0001,-0.01,0.02,-0.0506,-0.086,0.1186,-0.0973,-0.1812,0.0803,0.2466,-0.2743,0.1109,0.2396,-0.1946,-0.2521,0.1508,0.1014,0.3326,-0.0075,-0.0185,0.0373,-0.0168,1.5347,-0.1005,-0.1128,-0.5077,0.3092,-0.0044,-0.0142,0.5837,-0.001,-0.007,0.0049,0.0056,0.6964,-0.0,-0.368,-0.0202,0.0057,0.0135,0.0039,0.0165,-0.0132,-0.1304,-0.4081,0.2609,0.0205,0.0275,0.3495,-0.3882,0.5574,-0.5941,-0.0589,0.0409,0.1124,0.2808,-0.4887,-0.0091,-0.2509,0.0062,0.0961,-0.0079,0.0167,-0.1083,-0.0052,1.4407,-0.0206,0.0084,-0.0252,0.0172,0.7699,-0.0238,0.0054,0.0253,0.0193,-0.0097,0.0133,0.0165,0.0066,-0.0255,-0.0151,0.0071,0.0198,-0.0231,-0.0257,-0.0117,0.0106,-0.0117
256,5316,108,3,standing,3.0,108.0,5316.0,2.0,108.0,-0.0106,-0.7647,0.007,-0.0004,0.001,-0.022,0.0545,0.9071,-0.0464,-0.0074,-0.3346,-0.0897,1.171,-0.8356,-0.0957,-0.0326,-0.1825,-0.1398,0.1535,0.1178,0.1436,0.1239,0.2449,0.2743,-0.3837,0.406,0.2369,-0.2279,-0.288,0.1958,0.1015,0.2947,-0.3099,0.0809,0.0506,0.2206,0.5962,0.6685,0.1195,-0.5081,-0.4472,-0.3496,-0.0002,0.0065,0.5675,0.0063,-0.0077,0.0076,0.01,0.8732,0.0183,0.5561,-0.0262,0.0092,-0.0001,-0.0594,-0.0031,0.1126,0.4873,-0.3015,-0.2166,-0.009,-0.0751,2.1106,-0.8621,-0.8884,0.8941,-0.2605,-0.2307,-0.9516,-0.1005,0.3453,0.006,-0.3004,0.0082,0.1291,-0.0067,0.0193,-0.0271,-0.0071,0.1306,0.0142,0.0168,-0.0259,0.0231,0.8348,-0.0262,0.0185,0.0209,0.0236,0.0052,-0.0059,0.0051,0.0166,-0.0248,-0.0046,0.0232,0.0242,-0.0072,-0.0154,-0.0082,-0.0115,0.0118
257,5317,108,3,standing,3.0,108.0,5317.0,2.0,108.0,-0.0019,-0.7298,0.0112,0.0344,-0.0166,-0.025,0.0009,0.5711,-0.0434,-0.0085,-0.2674,-0.0569,0.146,-1.2542,0.0907,-0.0872,-0.159,0.161,0.227,-0.134,0.0655,0.2077,-0.2763,0.1858,-0.2398,-0.0508,-0.3047,-0.288,-0.2479,0.5145,-0.1006,0.1014,-0.0408,-0.0078,0.1195,-0.01,-0.3576,1.4573,0.0189,0.2946,0.3337,0.1108,-0.0001,0.0165,0.4943,0.0048,-0.0038,0.0062,0.02,0.5939,-0.0068,0.0271,0.0,-0.0099,0.0097,0.0067,0.0002,-0.0081,-0.0331,-0.2202,-0.0084,-0.0194,0.0191,0.0373,-0.2163,-0.0795,0.0156,0.0807,0.0431,-0.039,-0.1305,-0.0071,-0.0036,-0.2509,0.0088,0.0982,-0.0183,0.0193,-0.0721,-0.0151,1.4404,-0.0273,0.0161,-0.0369,0.0233,0.9675,0.0186,0.0141,-0.0156,0.0252,-0.0072,-0.0054,0.0064,0.0132,-0.0143,-0.0109,0.0052,0.0092,-0.0131,-0.0117,0.0087,-0.0125,-0.0086
258,5318,108,3,standing,3.0,108.0,5318.0,2.0,108.0,0.0015,-0.7382,0.0113,-0.0007,-0.038,-0.0217,0.045,0.5536,-0.0548,-0.0002,-0.2551,-0.0645,0.109,-1.5337,0.0254,0.0973,0.0798,-0.2385,0.1466,-0.1208,-0.1182,0.1014,-0.0504,0.2963,0.1932,0.2443,0.1688,-0.2099,0.2846,0.1508,-0.01,0.02,0.0809,0.016,-0.0256,0.0356,0.1306,1.4941,0.1105,-0.1005,-0.2627,0.4035,0.0596,0.0057,0.5979,-0.0069,-0.0158,0.0209,-0.1127,0.7067,-0.0565,-0.3947,-0.2297,-0.0937,-0.0544,-0.3068,-0.1197,-0.6481,3.8938,2.7633,5.5634,4.7786,6.9375,7.7874,-0.4004,-0.3458,0.5411,0.001,0.0191,0.2808,-0.2162,0.3007,0.0095,-0.2505,0.0021,0.0942,-0.0071,0.0172,-0.0751,-0.0001,1.3017,-0.0242,0.0237,-0.0162,0.0272,0.5003,0.0052,-0.0047,0.0092,0.0083,0.0194,-0.0161,0.0131,0.0257,-0.0187,-0.0084,-0.0248,0.0245,0.0249,-0.0228,-0.0114,-0.009,0.0072
259,5319,108,3,standing,3.0,108.0,5319.0,2.0,108.0,0.0116,-0.7173,0.0082,0.0006,-0.0224,0.0164,0.0417,0.427,-0.037,-0.0002,-0.139,-0.0547,1.2788,-1.094,-0.1542,0.0655,0.1236,-0.2637,-0.2062,0.1472,-0.0746,-0.106,-0.0873,-0.1161,0.0809,0.2535,0.1874,0.2213,0.1018,0.2821,0.2385,-0.5013,0.5056,0.2979,0.3099,-0.1197,0.3469,0.4948,-0.0078,-0.0505,-0.1008,0.3339,-0.0032,-0.001,0.5438,0.0001,-0.0145,-0.0144,0.0157,0.8743,-0.0063,2.7597,-0.0256,0.0266,0.0286,-0.0362,0.0059,-0.0068,-0.0584,-0.5865,-0.0531,0.0239,0.01,0.1124,-0.2259,0.0332,-0.0792,-0.0259,0.0236,0.0567,-0.2163,-0.1024,-0.02,-0.3016,0.0041,0.1304,-0.0081,0.0198,-0.0205,-0.018,0.7791,-0.0203,0.0151,-0.0252,0.0254,0.9466,0.0045,0.0255,-0.0083,0.0193,-0.0195,-0.0078,-0.0066,0.0149,-0.0233,-0.0196,0.0076,0.0186,-0.0243,-0.0189,0.0059,-0.006,-0.0117
260,5320,108,3,standing,3.0,108.0,5320.0,2.0,108.0,-0.0016,-0.7647,0.0008,-0.0106,0.005,-0.0412,0.0219,0.4794,-0.0581,-0.0015,-0.2885,-0.0842,1.2425,-0.3095,0.0506,0.0329,0.0179,0.0765,0.0955,0.1159,0.1044,0.1868,-0.1014,-0.1736,-0.1323,0.1474,0.2697,0.1191,-0.1305,-0.1109,0.0002,0.0806,0.1126,0.1003,-0.02,-0.0441,0.0272,0.388,-0.01,-0.0,-0.0077,-0.2776,0.001,-0.006,0.589,-0.0031,-0.0037,-0.0043,0.0066,0.8946,-0.0056,-0.4841,-0.004,0.0067,-0.0033,-0.0032,0.0184,0.0273,-0.0271,-0.2288,0.0087,0.0154,0.0163,0.0001,-0.2608,-0.0186,0.0149,0.017,0.0193,0.0233,-0.1509,-0.0266,-0.0057,-0.4582,0.0078,0.1871,-0.0064,0.0228,-0.1016,-0.0172,1.4404,-0.0464,0.0073,-0.0238,0.0051,0.3935,-0.0052,0.0062,0.0198,0.0202,0.0061,0.0066,-0.0019,0.0096,-0.0298,-0.0091,0.0175,0.0199,-0.0134,-0.0069,-0.0021,-0.0105,-0.0114
261,5321,108,3,standing,3.0,108.0,5321.0,2.0,108.0,0.0012,-0.7391,0.0118,-0.0008,0.001,-0.026,0.042,0.5017,-0.034,-0.0032,-0.2374,-0.0788,1.0575,-1.1763,-0.0825,0.061,0.1184,0.1316,0.1415,0.0947,0.289,-0.3076,-0.2468,0.3577,-0.1937,0.0804,0.2695,0.2748,0.228,0.1006,0.2989,0.1309,-0.0042,0.0509,0.0043,0.0205,-0.0277,-0.3339,0.0085,0.0131,-0.1198,-0.0257,-0.0044,-0.0002,0.5841,0.0049,0.0034,0.0066,0.0067,0.9892,0.0204,0.1015,0.0206,0.0036,0.0262,0.1122,0.0286,0.1102,0.0443,-0.1509,-0.01,0.0,0.055,0.0001,0.0086,-0.2309,0.0083,0.02,0.0248,0.0221,-0.0182,-0.0239,-0.0054,-0.2202,0.0057,0.0897,-0.0169,0.0181,-0.0807,-0.0055,1.4645,-0.0433,0.0171,-0.0079,-0.0296,0.0266,-1.3872,0.0206,0.0226,0.0178,0.007,0.0236,0.0056,-0.0073,0.0191,0.0231,-0.0196,-0.0159,0.0256,0.0241,-0.0199,-0.0255,0.0062
262,5322,108,3,standing,3.0,108.0,5322.0,2.0,108.0,0.0015,-0.7705,0.0005,0.0136,0.0046,0.045,0.0231,0.9451,-0.056,-0.025,-0.2742,-0.063,-0.0823,-0.3947,-0.0088,-0.0072,0.0324,0.094,0.0764,-0.1417,0.102,-0.1213,-0.0508,-0.1951,0.1611,0.1825,0.1014,-0.0803,-0.2697,-0.2984,-0.0259,0.0256,-0.1191,0.0233,-0.0337,0.1126,0.3386,1.3438,-0.1504,0.3558,0.5582,0.2893,-0.01,0.0037,0.5761,0.0068,-0.0143,0.0066,0.0131,0.7721,0.017,-0.679,-0.0089,0.0149,-0.0074,0.0056,0.0245,-0.1109,-0.4576,-0.4463,-0.0541,0.0532,-0.1008,-0.7898,-0.6973,-0.3004,-0.5979,0.4895,-0.2506,0.6571,2.528,-0.9962,0.0054,-0.2258,0.0096,0.0987,-0.001,0.0181,-0.0975,-0.0194,1.4293,-0.0409,0.0083,-0.0203,0.0085,0.4759,0.0001,0.0172,-0.0019,0.0002,-0.0163,-0.0092,0.0046,0.0205,-0.0255,-0.0066,0.0206,0.02,-0.0252,-0.0072,0.0095,-0.0106,0.0086
263,5323,108,3,standing,3.0,108.0,5323.0,2.0,108.0,-0.0047,-0.6278,0.0115,0.0008,0.0059,-0.038,0.021,0.9665,-0.0425,-0.0024,-0.4357,-0.0518,-0.2095,-0.135,-0.0088,0.0002,-0.0699,0.0933,-0.0744,0.1294,0.0849,-0.1429,-0.1181,-0.0507,0.2216,-0.1105,0.0806,-0.1748,-0.1304,0.1942,-0.1121,-0.1005,0.0172,-0.101,-0.001,0.2774,0.0286,1.2655,-0.0086,-0.0001,-0.3465,-0.0062,-0.0043,-0.0037,0.5835,-0.0069,-0.003,0.0057,0.0121,2.4084,0.0046,0.7832,-0.0236,-0.0139,-0.0131,0.01,-0.0098,-0.0138,0.016,-0.367,0.0236,0.0156,0.0085,-0.027,-0.2882,-0.0963,0.1191,0.0245,0.02,0.0093,-0.1283,-0.0473,-0.0045,-0.3207,0.0067,0.1266,-0.0061,0.0152,-0.0751,-0.0154,1.4409,-0.0423,0.0173,-0.0209,0.0076,-0.7964,0.0191,0.0151,0.0075,-0.0087,0.0041,0.0097,-0.0196,0.0182,-0.0072,-0.0068,0.0177,0.0238,-0.0228,-0.009,-0.0235,-0.0071,-0.0107
264,5324,108,3,standing,3.0,108.0,5324.0,2.0,108.0,0.0045,-0.7311,0.0132,0.0518,-0.026,-0.033,0.0461,0.9583,-0.0638,-0.0009,-0.4342,-0.0925,1.267,-1.2366,0.105,0.0775,-0.288,-0.1946,-0.1372,-0.1642,0.0897,-0.1243,-0.1006,-0.1433,0.1557,-0.1774,0.2062,0.2288,-0.0507,-0.2736,-0.1105,-0.1018,0.1199,0.0548,-0.0447,-0.0135,-0.0809,0.6496,0.01,0.014,0.3786,0.4483,0.0002,0.0001,0.5434,0.0039,-0.0047,-0.0067,-0.0194,0.9858,0.0286,0.2987,0.0069,-0.0155,0.001,0.02,0.0,-0.0275,-0.0782,-0.2603,-0.4976,0.0063,-0.0065,0.0056,-0.2167,-0.5968,-0.1126,0.1506,-0.0409,0.0406,0.2209,-0.2504,-0.0051,-0.3703,0.0021,0.1304,-0.0081,0.0131,-0.0751,-0.0191,1.4752,-0.0464,0.009,-0.0369,0.0059,0.7879,-0.0041,0.0259,0.0248,0.0242,0.0077,-0.0099,-0.0089,0.0249,-0.0171,-0.0085,0.0209,0.0084,0.0238,-0.0152,-0.0093,0.0059,-0.0106
265,5325,108,3,standing,3.0,108.0,5325.0,2.0,108.0,-0.0038,-0.7407,0.0117,0.028,0.0008,-0.032,0.0628,0.4055,-0.0569,-0.006,-0.2709,-0.0465,-0.1488,-1.137,-0.0723,0.0858,-0.1542,-0.1081,0.2268,0.1856,-0.1236,0.1674,0.1148,0.2432,0.3064,0.2943,0.2675,-0.3578,0.1952,-0.1004,0.1109,0.5276,-0.0508,-0.1016,0.0149,-0.0807,-0.3346,1.4472,-0.3466,0.2162,0.5077,-0.3986,0.01,0.001,0.4789,-0.0157,-0.0002,0.0,0.0001,0.9867,-0.0194,0.0262,2.5984,-0.0096,0.02,0.0095,0.0099,-0.0545,0.0383,0.2806,-0.1306,0.3721,-0.2305,-0.3508,3.9741,0.3008,-0.2257,0.3452,-0.1191,0.0277,-0.5413,-0.7971,0.3018,0.0031,-0.2504,0.0087,0.0961,-0.0083,0.0188,-0.0163,-0.0091,0.1122,-0.0073,0.0185,-0.0233,0.0062,0.0051,0.0093,-0.0192,0.0252,-0.0228,0.0032,-0.009,0.0156,-0.0159,-0.0047,0.0047,0.0182,-0.0231,-0.0065,-0.0078,0.0076,-0.0109
266,5326,108,3,standing,3.0,108.0,5326.0,2.0,108.0,0.0044,-0.7811,0.0103,-0.022,-0.0007,0.0186,-0.0413,0.9604,-0.0514,-0.0505,-0.3746,-0.0897,1.1638,-0.459,-0.061,-0.0943,-0.2348,-0.1733,-0.2757,0.2519,0.1854,-0.4256,0.126,-0.2489,0.285,0.1572,-0.0774,-0.2982,-0.4049,0.3555,0.1108,0.1506,0.3059,0.3962,0.1191,0.0474,-0.0804,2.7936,-0.1303,0.0455,-0.2265,-0.0476,-0.0194,0.0075,0.5856,-0.0141,0.0067,0.0032,0.001,0.4798,0.0081,0.215,0.0002,0.0095,0.0259,0.017,0.0087,-0.0443,0.1009,-0.2509,-0.101,0.0231,0.0769,-0.3483,-0.6863,0.3452,0.668,0.0451,-0.0784,0.6485,0.2307,-0.2166,-0.0,-0.3008,0.0051,0.1126,-0.0171,0.0207,-0.0542,-0.0191,0.7796,-0.0266,-0.0266,0.0161,-0.0262,-0.8893,-0.0001,-0.0131,-0.0205,0.0186,0.0228,-0.0236,-0.0173,0.0049,0.0142,-0.0052,0.02,0.0092,0.0226,-0.0199,-0.0112,0.0146,-0.0103
267,5327,108,3,standing,3.0,108.0,5327.0,2.0,108.0,0.002,-0.7283,0.0132,0.0004,0.001,-0.0417,0.0594,1.354,-0.0711,-0.033,-0.3909,-0.0699,2.9087,-1.8776,-0.1622,0.1343,-0.1859,0.1081,0.025,-0.0506,0.1251,-0.2346,0.2957,0.1462,0.2552,0.0332,-0.159,0.2437,0.1105,0.3326,0.0807,0.2863,-0.1934,0.3638,-0.1502,-0.0231,0.1194,-1.457,0.0277,0.0257,-0.4769,-0.1005,-0.01,0.006,0.548,-0.0031,-0.0161,0.0077,0.0221,0.7848,0.0075,3.5592,0.0079,-0.0,0.02,-0.0286,-0.0231,-0.0165,0.0074,-0.4483,0.0278,-0.0249,0.0205,0.0262,-0.2259,-0.0056,-0.0002,0.027,0.0239,0.0255,-0.0584,-0.0296,-0.0073,-0.2491,0.0082,0.0972,-0.0087,0.0186,-0.1302,-0.0167,1.4976,-0.0417,0.0066,-0.0276,-0.0098,0.9764,0.0085,0.0088,0.0121,0.0168,-0.0096,0.0071,0.0089,0.0206,-0.0047,-0.0195,-0.0042,0.0158,-0.0259,-0.0088,0.0098,-0.0193,0.0141
268,5328,108,3,standing,3.0,108.0,5328.0,2.0,108.0,-0.0017,-0.589,0.0104,0.005,0.0005,-0.0072,0.0235,0.7164,-0.0546,-0.006,-0.2963,-0.0923,1.1619,-0.1594,-0.0214,0.0066,0.032,-0.0813,0.0742,0.0508,0.1057,-0.0804,-0.1249,0.0625,-0.2469,0.1164,0.1878,0.1011,-0.1009,0.1305,-0.01,0.0337,0.0001,0.0022,-0.0038,-0.0032,0.0095,2.3586,-0.0083,-0.0141,0.0259,0.0239,-0.0139,0.0043,0.5436,-0.001,-0.0002,0.0037,-0.0055,0.6798,-0.007,-0.1106,-0.0165,-0.0131,0.0085,0.02,-0.0226,-0.0245,0.0262,-0.0458,0.014,0.0228,0.0249,0.0074,-0.2207,-0.0232,0.0156,0.0133,0.0228,0.0475,-0.2696,-0.0256,0.0088,-0.2506,0.0079,0.088,-0.0051,0.0162,-0.0223,-0.0207,0.8971,-0.0059,0.0181,-0.0203,0.0238,-1.4892,0.0205,0.0045,0.0127,-0.0061,0.0034,0.0099,-0.0021,0.013,-0.0187,-0.0173,0.0091,0.0093,-0.0252,-0.0076,-0.0052,0.009,-0.0147
269,5329,108,3,standing,3.0,108.0,5329.0,2.0,108.0,-0.0044,-0.6306,0.0114,0.0004,-0.021,0.001,-0.0433,0.4907,-0.0543,-0.0078,-0.2225,-0.0364,-0.082,-1.0906,0.0508,0.0172,0.0373,0.1361,0.1169,-0.1234,0.1558,-0.1759,-0.1939,-0.2389,-0.2637,-0.1195,0.1866,-0.2863,0.1698,0.3057,0.1009,-0.1107,-0.2736,-0.2483,0.0804,-0.1121,-0.0289,1.4845,-0.0294,0.0209,0.467,-0.1306,-0.0188,-0.0075,0.5499,-0.0002,-0.0062,-0.0067,-0.0135,0.955,-0.0257,0.5565,-0.0096,-0.01,-0.0001,-0.008,0.0068,0.0205,-0.0321,-0.4791,0.0085,-0.02,0.0262,0.056,-0.2607,-0.3886,0.4077,0.0587,0.0278,0.1504,-0.2307,0.0485,0.0051,-0.2161,0.0041,0.0979,-0.0031,0.0192,-0.1015,-0.0132,1.4505,-0.0412,0.0156,-0.0209,0.019,0.9744,0.0073,0.0042,0.0194,0.0052,-0.0072,-0.0084,-0.0082,0.0065,-0.0025,-0.0111,0.0174,0.0181,-0.0238,-0.0105,-0.0176,0.0093,-0.0105
270,5330,108,3,standing,3.0,108.0,5330.0,2.0,108.0,0.0111,-0.7705,0.0064,0.021,0.0005,-0.0345,0.0417,0.585,-0.0549,-0.0159,-0.1932,-0.0624,1.0763,-1.2095,0.0856,0.129,0.1857,-0.256,0.1577,-0.2854,0.1372,0.0947,0.2278,-0.1433,0.1018,-0.2337,-0.2655,0.1642,-0.1009,-0.2962,-0.3598,0.4277,0.3846,-0.3631,0.3934,-0.2748,-0.6866,2.6118,0.1309,0.1198,-0.8092,0.4488,-0.0174,0.0503,0.5491,-0.0089,0.017,-0.01,0.02,0.7976,-0.0002,0.4086,-0.0,0.001,-0.0083,0.0067,-0.0182,0.0383,-0.2204,-0.1108,0.6981,-0.2169,0.0803,0.2603,0.4399,0.0403,-0.3403,-0.1126,0.0407,-0.6575,-0.2502,-0.2309,-0.0084,-0.3005,0.0052,0.1297,-0.0021,0.0141,-0.0761,-0.0091,1.4403,-0.0433,0.0093,-0.0239,-0.0194,0.7316,0.0045,-0.0051,0.0142,-0.0019,0.0172,-0.0166,0.0085,0.0188,-0.0226,-0.0085,0.0171,0.0109,-0.0196,-0.0063,-0.0095,0.0074,-0.0119
271,5331,108,3,standing,3.0,108.0,5331.0,2.0,108.0,0.0025,-0.8181,0.0143,0.001,-0.0009,0.0002,-0.041,0.4223,-0.023,-0.0323,-0.2985,-0.059,0.1181,-0.2698,-0.0256,-0.0136,0.0788,-0.0504,-0.0632,-0.0973,0.1486,-0.1519,-0.1758,0.0874,-0.2296,-0.2064,0.1857,-0.1246,-0.136,-0.1647,0.1011,0.0804,0.0373,-0.0277,-0.02,0.1303,0.3328,1.2439,0.2749,-0.5077,-0.4866,-0.3856,-0.0189,0.0065,0.5165,0.0059,0.0055,-0.0137,0.0035,0.7961,0.0072,-0.4475,0.0286,-0.01,-0.0078,-0.0,0.0169,0.0245,-0.4042,-0.7407,0.6397,0.0445,0.1124,2.8721,3.6893,4.8082,5.9954,6.3467,0.947,7.9775,-0.625,-0.53,-0.0447,-0.0076,-0.2307,0.0063,0.0983,-0.0051,0.0191,-0.0771,-0.0184,1.4679,-0.0431,0.0294,-0.0266,-0.0157,0.9238,0.0163,-0.0248,-0.0045,0.0242,-0.0249,-0.0095,0.0046,-0.0066,0.0001,0.0041,0.0152,0.0157,-0.0046,-0.0113,0.0123,0.0072
272,5332,108,3,standing,3.0,108.0,5332.0,2.0,108.0,0.0135,-0.7382,0.0082,0.0417,-0.0212,0.0259,0.0885,0.4577,-0.052,0.0344,-0.1446,-0.0625,0.0788,-0.1361,-0.0008,-0.0504,0.0973,0.1049,0.2271,0.1543,0.2342,-0.165,-0.2468,-0.1865,-0.2789,-0.2956,-0.1938,0.2698,0.3095,0.4086,0.397,-0.0804,-0.1184,0.2837,0.3362,0.3466,0.6379,1.3655,-0.0559,0.4774,-0.1199,0.6799,-0.001,-0.0031,0.5289,-0.0032,-0.0058,-0.0087,-0.02,0.6069,-0.0191,3.489,0.01,-0.0231,0.0286,0.0072,-0.0373,-0.0362,2.027,-1.7941,0.5375,-0.0064,-0.0356,-0.768,-0.5421,0.5796,0.1013,0.0781,-0.0892,-0.1105,-0.1303,-0.1122,-0.0045,-0.2507,0.0078,0.0951,-0.0066,0.0152,-0.1004,-0.0197,1.4759,-0.0463,0.0094,-0.0294,0.0001,0.4502,0.0083,0.0233,0.0156,0.0059,0.0019,-0.0193,-0.0002,0.0142,-0.0163,-0.0248,0.0249,0.0172,-0.0117,-0.0103,-0.0074,0.0074,-0.0107
273,5333,108,3,standing,3.0,108.0,5333.0,2.0,108.0,-0.0044,-0.714,0.0155,0.0009,-0.0211,0.0313,0.0514,0.4222,-0.0286,-0.0064,-0.2546,-0.0718,1.2036,-1.1283,-0.0892,0.0428,-0.0922,0.0695,0.1645,0.104,0.1523,0.1772,-0.0504,-0.1006,-0.1934,0.1018,-0.1307,-0.2432,-0.3069,0.2796,0.0098,0.1102,0.0806,0.1191,0.0474,0.0356,0.3768,-1.6639,0.2629,-0.336,-0.355,-0.4821,-0.01,0.001,0.5763,0.007,-0.0002,-0.0038,-0.0272,0.889,-0.02,-0.0075,-0.0209,0.0257,0.0067,-0.0247,0.0087,-0.0278,-0.1027,-0.1505,0.4941,0.0165,0.0286,0.1126,-0.2205,-0.0485,0.5943,0.2165,0.4786,3.9731,2.5862,0.7789,-0.3016,0.0042,-0.2491,0.0071,0.0879,-0.0094,0.0185,-0.0399,-0.4508,0.0081,0.0228,-0.0271,0.0262,0.938,0.0001,-0.0256,0.0078,-0.0051,0.0174,0.0053,-0.0173,0.0054,-0.0249,-0.0168,-0.0233,0.0245,0.0152,-0.0184,-0.024,0.0078,-0.0182
274,5334,108,3,standing,3.0,108.0,5334.0,2.0,108.0,0.0038,-0.7733,0.0108,-0.035,0.0036,-0.0009,-0.022,0.4517,-0.0411,-0.0042,-0.1323,-0.0547,0.2472,-0.2625,-0.0986,0.0712,-0.1548,0.1066,0.1422,0.1662,0.0632,-0.189,-0.2981,0.1196,-0.3068,0.1946,0.1018,-0.0505,-0.1304,-0.3469,0.0289,0.0296,-0.1107,-0.01,-0.0544,0.0803,0.3584,1.374,-0.2778,-0.288,0.5949,0.6043,-0.0002,-0.0065,0.5857,-0.0067,-0.0039,0.0053,-0.0274,0.7975,0.0087,0.8963,-0.0,-0.0056,0.0238,0.0083,0.0231,0.0205,-0.0458,-0.5431,-0.215,-0.0094,0.0259,0.0092,-0.2016,-0.1504,-0.2308,0.027,0.0041,0.0591,0.0362,-0.1006,-0.0001,-0.2205,0.007,0.0852,-0.0088,0.0193,-0.0696,-0.02,1.4403,-0.0464,0.0195,-0.0297,0.001,0.4991,0.0174,0.0199,-0.0173,0.0155,-0.0076,-0.0086,0.0057,0.0227,-0.0071,-0.0113,0.0097,0.0228,-0.0236,-0.0098,-0.0182,-0.0161,0.0087
275,5335,108,3,standing,3.0,108.0,5335.0,2.0,108.0,0.0106,-0.7712,0.0064,0.0313,-0.023,0.0436,0.0545,0.5733,-0.0231,-0.0085,-0.2443,-0.0741,1.1614,-0.2959,-0.085,-0.0915,-0.1848,0.1172,-0.1932,-0.226,-0.2096,-0.3768,-0.3523,-0.251,-0.348,0.2744,-0.7294,0.9773,0.4788,-0.6451,-0.3889,-0.4303,-0.5563,-0.1776,-0.2639,0.0006,-0.2854,0.7097,-0.0505,-0.4961,-1.4675,-0.0259,0.0001,0.001,0.5249,0.01,-0.0099,-0.0078,-0.0084,0.9565,0.0166,-0.8383,0.0205,0.0256,-0.047,-0.0233,0.054,-0.0443,-0.5611,-0.0658,-0.5886,0.0187,0.0473,0.2202,-0.9867,-0.6983,-0.7421,-0.2607,-0.1122,-0.3404,2.5214,0.3454,0.0092,-0.2305,0.0094,0.0973,-0.0002,0.0151,-0.0804,-0.0031,1.5009,-0.0302,0.0255,-0.0191,0.0273,0.4216,0.0062,0.0202,0.0205,0.0081,0.0019,0.0093,0.0065,-0.0023,-0.0234,-0.019,0.0242,0.0244,-0.0229,0.006,0.0042,0.0046,-0.0153
276,5336,108,3,standing,3.0,108.0,5336.0,2.0,108.0,-0.0018,-0.7347,0.0114,0.0009,0.0066,0.001,0.0523,0.8249,-0.032,-0.0077,-0.3312,-0.068,0.0468,-1.2669,-0.0774,-0.026,0.0407,0.1084,0.0961,0.089,0.165,0.1347,0.1181,-0.1016,0.1104,0.0508,0.2296,-0.0441,-0.0803,0.1193,-0.1308,0.0373,0.2519,0.1578,0.0286,-0.0356,1.4941,0.1743,0.2872,-0.0001,-0.2442,0.4076,-0.0044,0.0057,0.5546,-0.0065,-0.0059,-0.0139,0.0129,0.7988,-0.0205,-0.2736,-0.0038,0.0233,-0.0187,0.0234,0.0262,-0.0089,0.1003,-0.4562,0.3775,-0.057,0.1122,0.5632,-0.3585,-0.0458,-0.3497,0.3021,-0.0231,0.4831,-0.6494,-0.2208,-0.0098,-0.2508,0.0073,0.0954,-0.0092,0.0186,-0.0751,-0.0002,1.6795,-0.0257,0.0153,-0.0463,-0.0199,0.5893,0.0082,0.0183,0.02,0.0051,-0.004,-0.0131,0.01,0.0236,-0.0245,-0.0242,0.0052,0.0171,-0.0191,-0.0066,0.0089,0.0059,-0.0118
277,5337,108,3,standing,3.0,108.0,5337.0,2.0,108.0,-0.0047,-0.7282,0.0117,-0.0002,-0.025,0.0009,-0.0345,0.4141,-0.041,-0.0077,-0.2213,-0.0796,-0.0961,-0.2081,-0.006,0.0514,0.0067,0.0825,0.0619,0.0807,0.1256,0.1598,0.1855,-0.1186,-0.0503,-0.02,0.2446,-0.2366,-0.2943,-0.1631,-0.289,0.2657,-0.2789,0.3068,-0.0476,-0.1198,-0.4062,1.7039,0.0286,-0.1011,-0.6451,0.3491,-0.0447,0.001,0.5869,0.0074,-0.0088,0.008,-0.01,0.9499,-0.0087,-0.5979,0.0259,0.0082,0.0195,-0.0247,0.0286,0.0178,-0.3532,0.3776,0.3344,-0.0536,0.1503,-0.4842,-0.4963,0.6572,0.6485,0.0291,0.1122,-0.3008,-0.3873,-0.1109,-0.0,-0.2302,0.0054,0.0921,-0.0093,0.0184,-0.1006,-0.0248,1.4703,-0.0206,0.0041,-0.0294,0.0197,0.3454,-0.0092,0.006,0.0001,-0.0052,0.0071,-0.0083,0.0049,0.0175,-0.0257,-0.0246,0.0151,0.0249,-0.0229,-0.0153,-0.009,0.0074,-0.0092
278,5338,108,3,standing,3.0,108.0,5338.0,2.0,108.0,-0.0032,-0.6161,0.0114,0.0056,-0.0213,0.0002,0.0247,0.4946,-0.031,-0.0123,-0.2984,-0.0577,-0.0931,-0.3896,-0.0466,0.0239,-0.1185,0.0764,0.0619,-0.086,0.1225,-0.0504,-0.1624,-0.152,0.0809,-0.1772,-0.1853,-0.2822,0.2736,-0.0003,0.1107,0.02,0.1008,0.0169,0.001,0.0245,0.1305,1.4834,-0.0337,-0.0409,-0.3586,0.3082,0.0043,-0.01,0.5761,0.0062,-0.0063,-0.0026,-0.0201,0.8859,-0.0001,0.4078,-0.0133,0.009,-0.0277,0.0092,0.0233,-0.0286,0.1502,0.4568,-0.1122,-0.0094,0.1011,0.057,-0.3975,0.3721,0.5842,0.0302,0.119,0.5079,0.6581,0.8055,-0.1016,-0.25,-0.0087,0.0976,-0.0091,0.0152,-0.0751,-0.0041,1.4467,-0.0242,0.0074,-0.0253,0.0233,0.4773,0.0183,0.0238,0.0098,-0.0197,0.0206,0.0166,-0.0071,0.0266,0.0235,-0.0256,0.0193,0.0059,0.0209,-0.0077,0.0232,-0.0199,0.0066
279,5339,108,3,standing,3.0,108.0,5339.0,2.0,108.0,-0.0037,-0.7298,0.0004,0.0038,-0.0111,0.0059,0.0414,0.6135,-0.0329,-0.0046,-0.2496,-0.065,-0.1848,-0.2894,-0.028,0.0072,-0.0515,-0.0203,0.0947,0.161,0.0792,-0.0856,-0.1743,-0.1219,0.2322,0.1018,0.1362,0.1009,0.0504,-0.0195,-0.001,0.0036,0.0001,0.0002,-0.01,0.0065,0.0262,1.5866,0.0809,0.042,-0.1503,0.2742,0.0439,0.0041,0.536,0.0068,0.004,-0.0045,-0.0157,0.6734,-0.0262,0.309,-0.0463,0.0055,0.0131,-0.0257,-0.0132,-0.0291,-0.1191,-0.2569,-0.2661,0.0404,0.0266,0.1308,-0.3589,-0.3349,0.4493,-0.0699,0.0221,0.1127,0.2309,-0.0074,0.0083,-0.2385,0.0075,0.0979,-0.0081,0.0198,-0.0751,-0.0154,1.4756,-0.0277,0.0151,-0.0286,0.0182,0.877,-0.0239,-0.0242,0.0121,0.0073,-0.0152,-0.0042,0.0265,0.0176,-0.0229,-0.0244,0.0077,0.0245,-0.0178,-0.024,-0.0164,0.0188,-0.0071
280,5340,108,3,standing,3.0,108.0,5340.0,2.0,108.0,0.041,-0.7269,0.0077,0.0165,0.0323,0.025,0.0731,0.6143,-0.052,-0.0845,-0.3674,-0.1346,1.1209,-0.3825,-0.0632,0.1949,-0.5695,0.2463,0.2986,-0.1557,0.2659,0.2788,0.1785,-0.1461,0.1141,-0.3584,0.1852,-0.1643,0.3968,-0.839,0.588,-0.909,0.4856,0.5583,-0.2271,0.4647,0.3496,2.7942,0.1191,0.379,0.4764,0.2854,-0.0008,0.0075,0.5508,0.0001,0.003,0.0002,0.0508,0.6967,-0.01,0.1108,-0.0199,0.0098,-0.0807,0.1124,-0.1015,-0.2166,-0.337,0.0443,-0.6094,0.4466,-0.3017,-0.0456,0.9521,0.3406,0.1002,0.0266,-0.001,0.0458,-0.3002,0.1024,0.0081,0.0093,-0.2602,0.0072,0.0797,-0.0051,0.0192,-0.0589,-0.0087,1.4406,-0.0239,0.0247,-0.0157,0.02,-0.7876,0.0173,0.0266,0.0059,-0.0172,0.0156,-0.0172,-0.0091,0.0252,-0.0253,-0.0248,0.0286,0.0158,-0.0257,-0.0249,0.0268,-0.0231
281,5341,108,3,standing,3.0,108.0,5341.0,2.0,108.0,-0.004,-0.7169,0.0116,-0.025,0.0056,0.0002,-0.0255,0.5889,-0.0465,-0.0009,-0.2762,-0.0575,1.0985,-1.129,0.062,-0.0328,0.0506,-0.0723,0.1041,0.0866,-0.1347,0.1814,-0.1743,0.1542,-0.2468,-0.1018,-0.1173,0.1953,0.2695,0.2555,0.2983,-0.427,0.3697,0.3096,0.4537,0.4933,0.348,-0.3877,0.3954,0.2279,-0.3581,-0.4463,-0.0001,0.001,0.5882,0.01,-0.007,-0.0031,0.02,0.5988,0.0086,0.0569,-0.1198,-0.0546,0.1009,0.1127,-0.1111,-0.0804,-0.6798,3.6032,2.7894,4.6421,0.3454,-0.5761,5.7499,-0.4891,-0.0443,0.1108,0.1509,0.2166,-0.8426,-0.2608,0.0449,-0.0093,-0.2508,0.0076,0.0872,-0.0052,0.0192,-0.0344,-0.5005,0.0059,0.0257,-0.0253,0.0253,0.3016,0.0042,0.0249,-0.0071,0.005,0.006,-0.0168,0.0077,-0.0151,0.0157,-0.0259,0.0155,0.0233,-0.0245,-0.0066,0.0106,-0.009,0.0119
282,5342,108,3,standing,3.0,108.0,5342.0,2.0,108.0,-0.0111,-0.6794,0.0096,0.0212,-0.0002,-0.0326,0.001,0.079,-0.0009,-0.0165,-0.0625,-0.0413,-0.1061,-1.2749,-0.0543,-0.0829,0.1462,0.0922,-0.1836,-0.2482,0.1775,0.1672,-0.207,0.1578,0.0505,0.0258,-0.1197,-0.1508,-0.1014,-0.2368,-0.0373,-0.1946,0.01,0.0205,-0.0001,-0.0809,0.1126,1.3532,-0.0658,0.0485,0.3983,-0.405,0.0256,0.0041,0.5547,0.0031,-0.0037,0.0063,0.0045,0.9721,0.0174,-0.2885,-0.0364,0.0089,-0.0058,-0.0259,-0.0077,0.0142,-0.0356,0.336,0.3481,0.0057,0.1307,-0.4438,-0.3073,0.5988,0.5699,0.2304,0.0245,0.0476,0.3454,0.0453,-0.0,-0.3707,0.0054,0.1253,-0.0092,0.0208,-0.1104,-0.0169,1.4757,-0.0366,0.0286,-0.0286,0.0084,0.4866,-0.0093,0.0079,0.0291,-0.0171,-0.0051,-0.0163,-0.0052,0.0195,-0.0172,-0.0233,0.0266,0.0187,-0.0242,-0.0098,-0.018,0.0062,-0.0119
283,5343,108,3,standing,3.0,108.0,5343.0,2.0,108.0,-0.0109,-0.7705,0.0078,-0.0399,-0.0211,-0.0463,0.0664,0.5796,-0.0547,-0.0008,-0.171,-0.089,-0.2394,-0.2749,-0.1225,-0.0791,0.155,-0.1936,0.132,0.1431,-0.3343,0.1638,-0.2442,-0.1852,0.2846,0.4076,0.4562,-0.3522,-0.6176,0.266,0.4189,-0.2972,-0.979,-0.4489,-0.3797,0.347,0.3082,1.5856,-0.1191,-0.3954,-0.6768,-0.0663,0.0506,0.02,0.5569,-0.0229,-0.0002,-0.0041,-0.001,0.7983,0.0807,-0.5971,-0.0205,0.1307,-0.1006,0.0577,-0.1509,-0.1102,0.6661,2.4892,3.8575,-0.8086,0.0443,4.9532,5.6521,0.734,-0.1014,-0.0451,0.3018,0.3457,0.8851,-0.8436,-0.0001,-0.2603,0.0098,0.0781,-0.0074,0.0189,-0.0466,-0.0204,0.7687,-0.0106,0.0193,-0.0095,0.0117,0.8711,-0.01,0.0032,0.006,0.0032,-0.0023,-0.0047,-0.0063,0.0111,-0.0235,-0.0053,0.0236,0.0238,-0.0322,-0.0207,-0.0266,-0.0109,0.0123
284,5344,108,3,standing,3.0,108.0,5344.0,2.0,108.0,0.0132,-0.785,0.0079,-0.026,-0.0324,-0.0433,0.0511,0.6011,-0.0842,-0.0625,-0.4143,-0.0765,1.3572,-1.2396,0.1574,0.1243,0.1768,0.139,-0.2854,0.1457,-0.1639,-0.2061,0.2669,-0.0986,0.2947,-0.1095,-0.1015,-0.1894,0.0509,0.1948,-0.0493,-0.01,0.0008,-0.0099,-0.0159,-0.0002,0.1307,3.228,0.0189,-0.0455,0.2763,0.347,0.0145,-0.001,0.5846,0.0062,-0.004,-0.0036,-0.0037,0.9738,-0.0077,2.1006,-0.0001,-0.0239,-0.0088,0.02,0.0286,-0.0364,0.0807,-0.4976,0.119,-0.0228,0.0585,0.3082,-0.3451,0.0443,0.0404,0.0232,0.0235,0.0851,-0.2209,-0.0175,-0.0066,-0.2431,0.0021,0.0984,-0.0055,0.0152,-0.0783,-0.0173,1.4752,-0.0276,0.0067,-0.0259,-0.0193,0.4994,0.0066,0.0056,0.0092,-0.0041,0.0171,-0.0081,0.0098,0.0242,-0.0229,0.0059,0.0226,0.0255,-0.0091,-0.0222,0.0056,0.0067,-0.0123
285,5345,108,3,standing,3.0,108.0,5345.0,2.0,108.0,-0.0106,-0.7365,0.0046,-0.0326,0.0009,-0.023,0.0416,0.5141,-0.0568,-0.0108,-0.2557,-0.0712,-0.1186,-0.6143,0.0245,0.0002,0.1099,0.2036,-0.1337,0.0943,0.1758,0.1433,0.1872,-0.234,0.1008,-0.2924,-0.1555,0.2866,-0.1939,0.2796,0.2261,0.1194,0.0804,-0.0503,-0.1503,-0.389,0.357,1.755,-0.0658,0.0447,-0.6069,0.3485,0.0162,-0.001,0.5465,-0.0001,-0.01,-0.0044,-0.008,0.8973,0.0272,-0.7732,-0.0,0.0088,-0.02,0.0067,-0.0156,0.0434,-0.0194,-0.1305,0.1011,0.0277,0.0262,0.0097,-0.2014,0.0187,0.0131,0.0249,0.0084,0.0247,-0.2503,0.04,-0.0048,-0.2303,0.0059,0.0228,-0.0041,0.0247,-0.0771,-0.0164,1.4759,-0.0242,0.0195,-0.0421,-0.0183,0.7433,-0.0093,0.0182,-0.0042,0.0149,0.0255,-0.0176,0.0059,0.0265,0.0235,-0.0226,0.0047,0.0206,-0.0236,-0.0243,-0.0079,-0.0178,0.0091
286,5346,108,3,standing,3.0,108.0,5346.0,2.0,108.0,0.0018,-0.7281,0.0112,-0.0042,-0.006,-0.0158,0.0214,0.6011,-0.041,-0.0008,-0.2982,-0.0584,1.1903,-1.1363,-0.0699,0.0174,0.0723,0.0493,0.0849,0.0917,0.0506,0.0407,-0.114,0.0804,-0.1004,0.1019,0.2056,0.1569,-0.2277,0.1646,0.0266,0.0002,0.0195,-0.0147,0.001,0.0038,0.1104,2.3696,0.0159,0.0332,-0.0157,0.2732,-0.01,0.0044,0.5465,0.0034,0.0052,-0.0041,0.0135,0.5328,-0.0133,0.0294,0.0286,-0.0293,-0.0025,0.0431,-0.0262,0.0238,0.2681,0.2467,-0.0456,0.009,0.0266,-0.0001,0.1505,-0.213,-0.0259,0.0186,0.0254,0.0245,-0.1304,-0.039,-0.02,-0.3005,0.0064,0.1191,-0.0051,0.0168,-0.0979,-0.0137,1.5055,-0.0445,0.0076,-0.0475,0.0097,-1.7098,0.0166,0.0235,0.008,-0.0143,0.0094,0.0233,-0.0162,-0.0171,0.0229,-0.0231,-0.0228,0.0161,0.0148,-0.0222,-0.0088,0.0085,-0.0183
287,5347,108,3,standing,3.0,108.0,5347.0,2.0,108.0,0.0014,-0.7369,0.0116,-0.033,-0.0009,0.025,0.0434,0.5839,-0.059,-0.0067,-0.2762,-0.0696,1.1259,-0.2985,-0.0872,0.0765,-0.0973,-0.1046,0.1549,0.0508,-0.207,0.1719,0.1398,-0.2366,0.1184,-0.2541,0.1853,0.1506,0.2655,0.2279,0.1011,-0.0803,0.0163,0.0302,-0.0246,0.1194,0.3376,3.4536,0.2443,-0.3848,0.4421,0.3774,-0.0095,0.008,0.5675,0.0042,0.0028,0.01,-0.0001,-0.5731,-0.0256,-0.326,-0.001,-0.0291,0.02,0.0286,0.0464,0.1103,-0.4088,2.8969,4.4799,5.6883,6.9319,7.7892,8.3554,-0.1304,0.0232,0.0249,0.0894,0.0453,0.2169,0.0577,-0.0052,-0.3643,0.0097,0.1005,-0.0082,0.0232,-0.0881,-0.0114,1.3757,-0.0415,0.0111,-0.0239,0.0066,0.3402,-0.0242,0.0182,0.0231,0.0002,0.0231,-0.0163,-0.0171,-0.0161,0.0045,-0.0187,-0.006,0.0151,0.0112,-0.0248,-0.0072,0.0191,0.0122
288,5348,108,3,standing,3.0,108.0,5348.0,2.0,108.0,-0.0033,-0.5811,0.0104,0.0219,-0.0007,0.0242,0.056,0.3577,-0.0327,-0.0182,-0.2698,-0.0712,1.2096,-0.1425,-0.0002,0.064,-0.0849,-0.165,0.1346,-0.1875,0.1557,0.1744,-0.0943,-0.1097,0.2368,-0.0507,0.1109,0.0804,0.289,0.2947,0.0088,0.0095,0.2224,-0.0001,-0.0286,-0.0271,0.1122,2.3954,-0.1011,0.3078,0.3832,-0.8181,-0.001,-0.0051,0.5942,-0.0165,-0.0045,-0.0136,0.0066,0.6786,0.0235,-0.5584,-0.01,0.0245,-0.0256,-0.0148,0.0163,0.0231,0.1006,-0.3789,0.6981,0.0266,-0.1198,-0.1309,-0.7083,-0.9962,-0.3464,0.1504,0.0373,0.0961,-0.3406,-0.2807,-0.0041,-0.2474,0.0071,0.0973,-0.0052,0.0121,-0.0751,-0.0259,1.4702,-0.0239,0.0053,-0.0238,0.0294,0.768,-0.0248,0.0072,-0.0087,0.0094,-0.0066,0.0179,-0.0085,0.0193,-0.024,-0.0156,0.0155,0.0227,-0.0273,-0.0131,-0.0095,0.0201,-0.0091
289,5349,108,3,standing,3.0,108.0,5349.0,2.0,108.0,0.0038,-0.727,0.0123,0.0008,-0.0239,0.0002,0.0213,0.299,-0.0322,-0.0042,-0.1706,-0.0466,-0.1646,-0.2585,-0.055,0.0872,0.1865,0.0944,-0.1095,0.1543,0.1486,-0.1256,-0.1178,0.0508,0.0773,-0.2633,0.2462,-0.2096,-0.0803,0.2768,0.1937,0.2839,-0.4076,0.4608,0.4869,1.4961,-1.3691,0.7041,-0.3492,-0.1506,-0.3088,-0.5889,-0.0147,0.0075,0.536,0.0079,-0.0045,-0.0183,0.0238,1.6794,0.01,-0.3551,-0.0207,0.0174,-0.0259,0.0291,-0.001,0.0001,0.0155,-0.2609,0.1015,0.0273,0.0984,0.1004,-0.5464,0.3224,0.018,0.1104,-0.1306,2.9731,0.5977,-0.3408,0.0199,-0.3209,0.0071,0.1257,-0.0063,0.0182,-0.0787,-0.0193,1.4674,-0.0257,0.0186,-0.0373,0.0188,0.3452,-0.0181,0.0021,0.0252,-0.0152,-0.0072,-0.0072,0.0188,0.02,-0.0249,-0.0255,0.0103,0.0157,-0.0198,-0.0047,0.0088,0.0109,-0.0102
290,5350,108,3,standing,3.0,108.0,5350.0,2.0,108.0,0.0045,-0.7269,0.0107,0.0219,0.0008,-0.0328,0.0549,0.5734,-0.0411,-0.0085,-0.2756,-0.068,1.1742,-0.416,-0.0075,0.0069,-0.0843,-0.1063,0.0922,0.1344,0.1246,-0.1623,-0.144,0.189,-0.2947,0.156,0.2072,0.0505,-0.0806,0.2489,0.3391,0.3088,-0.0407,-0.1126,-0.1309,-0.1012,0.2655,2.6839,0.2586,-0.1005,-0.3532,0.6538,-0.001,-0.0206,0.5983,-0.0002,0.01,-0.0031,-0.0077,0.7866,0.0087,3.7095,0.0236,0.0136,-0.0084,0.0238,0.0001,0.0198,-0.2609,-0.5882,0.3797,0.0277,0.0973,0.4874,-1.9951,0.3013,0.2509,0.1108,0.2202,-0.213,-0.6441,0.0485,-0.0092,-0.2257,0.0071,0.0894,-0.0096,0.0162,-0.0277,-0.0242,0.6793,-0.0237,0.0179,-0.0286,0.0188,-0.4389,0.0259,0.0207,0.0181,0.0072,0.0176,0.0072,-0.0233,-0.0017,0.0045,-0.0154,-0.0061,0.0266,0.0043,-0.0245,-0.0095,-0.0152,-0.0114
291,5351,108,3,standing,3.0,108.0,5351.0,2.0,108.0,-0.0037,-0.7298,0.0146,-0.0007,0.0059,0.0111,0.0548,0.4488,-0.0324,-0.0085,-0.2049,-0.0413,0.1032,-1.1474,-0.069,0.006,0.077,0.0823,-0.1638,-0.0962,0.0506,-0.028,-0.1225,-0.1531,0.1108,0.0169,0.1004,0.1019,0.1719,-0.1506,-0.0077,0.0803,0.0257,-0.0075,-0.0204,-0.001,0.1834,1.2233,-0.0205,0.0542,0.0409,0.2952,-0.0055,-0.0035,0.5843,-0.0002,-0.0057,-0.01,-0.02,0.934,-0.0139,0.2651,-0.0165,-0.0098,-0.0095,0.0186,0.0163,0.0001,-0.2856,-0.1193,0.3068,0.0584,-0.2776,-0.5047,-0.3661,0.099,-0.2607,0.0164,0.0,0.2508,-0.2208,-0.0485,-0.0071,-0.2303,0.0083,0.0972,-0.0121,0.0189,-0.0751,-0.0191,1.4582,-0.0499,0.0078,-0.0291,0.0067,0.4991,-0.0092,-0.0041,0.0194,0.0229,-0.0187,-0.0036,-0.0096,0.0166,-0.0266,-0.0079,0.0234,0.0154,-0.0112,-0.0197,-0.0081,0.0153,-0.0108
292,5352,108,3,standing,3.0,108.0,5352.0,2.0,108.0,0.0033,-0.7085,0.0123,-0.0007,-0.0042,-0.0247,0.0328,0.6355,-0.0546,-0.0078,-0.2761,-0.0412,-0.0619,-1.1469,-0.022,-0.0131,-0.0136,-0.0002,0.0822,0.0774,-0.1789,-0.1041,-0.1372,0.1854,0.0953,-0.1511,0.1121,-0.2555,-0.3057,0.1504,-0.1656,-0.0186,0.1308,-0.2621,-0.356,0.2979,-0.4463,1.959,-0.2484,-0.4743,2.6898,-0.485,-0.3465,0.0504,0.4981,-0.0273,0.1012,-0.0409,0.1194,0.6696,0.6764,0.4097,0.3776,0.328,-0.7783,0.4558,0.3894,-0.3973,4.5988,3.3015,-0.9951,0.1109,0.8775,5.4998,2.3005,-1.0266,0.2803,-0.0595,0.2163,-0.9025,-0.4295,-0.2303,0.2203,0.0192,0.0962,-0.0042,0.0152,-0.0803,0.0259,-0.0208,0.4509,-0.0091,0.0248,-0.02,0.01,0.3806,0.0001,0.0182,0.0193,-0.0236,-0.0071,-0.0023,-0.0143,0.0188,-0.0146,-0.0233,-0.0075,0.0235,0.0232,-0.0104,-0.0123,0.001,-0.0096
293,5353,108,3,standing,3.0,108.0,5353.0,2.0,108.0,-0.0015,-0.7816,0.0113,-0.0218,-0.0007,-0.035,0.01,0.4824,-0.041,-0.0085,-0.2705,-0.0764,-0.0696,-0.352,-0.0002,-0.001,0.0049,-0.0872,0.1422,0.1794,-0.1941,0.1258,0.0943,-0.1146,-0.2947,-0.0807,0.1104,-0.256,-0.1198,0.2695,0.0506,0.0286,0.0373,0.0303,-0.0249,-0.0493,0.0045,1.4023,0.0001,-0.0258,-0.0289,-0.0166,0.0142,-0.0063,0.577,-0.0065,-0.0036,-0.0044,-0.0039,0.9509,-0.0081,0.1004,0.0051,0.0067,-0.0286,0.0238,-0.0168,0.0291,-0.1011,0.2859,-0.0239,0.0092,0.0134,0.0309,-0.3382,-0.1508,-0.02,0.018,0.0221,0.0229,-0.1308,-0.0098,-0.0037,-0.3079,0.0056,0.0952,-0.0073,0.0161,-0.0775,-0.0069,1.5538,-0.0432,0.0199,-0.0206,-0.0087,0.9721,0.0074,0.0084,0.0229,0.0248,-0.019,-0.0019,-0.0171,0.0243,-0.0093,-0.0207,0.0154,0.0205,-0.0183,-0.0077,0.0086,-0.0131,-0.0076
294,5354,108,3,standing,3.0,108.0,5354.0,2.0,108.0,0.0067,-0.5835,0.0165,0.0077,-0.0189,0.0186,-0.0211,0.4141,-0.0244,-0.0078,-0.1932,-0.032,0.0461,-0.1894,-0.0063,0.0046,-0.0933,0.0516,0.0829,-0.0506,-0.0712,-0.1044,-0.0624,-0.1475,-0.1349,-0.2279,0.1757,-0.1597,-0.0803,-0.0258,-0.0009,0.0267,-0.0166,0.0259,0.01,-0.0272,-0.1108,1.4072,0.1197,0.265,0.2781,0.1309,-0.0098,0.001,0.5936,0.0041,-0.0023,-0.0047,0.0068,0.9325,0.0195,-0.2843,-0.0173,0.0206,0.0439,0.0182,-0.0205,0.0231,0.1009,-0.348,0.0476,0.007,0.019,0.1014,-0.3874,0.1122,0.0332,0.0001,0.0232,0.0262,-0.2119,0.0266,-0.0002,-0.3064,0.0056,0.0984,-0.0052,0.0187,-0.0762,-0.016,1.4583,-0.0238,0.0088,-0.0297,0.0192,0.4899,0.0071,-0.0196,0.0131,0.0055,-0.0076,-0.0037,0.0091,0.0046,0.0142,-0.0151,-0.0054,0.0169,0.0233,-0.0243,-0.0098,0.0078,-0.0153
295,5355,108,3,standing,3.0,108.0,5355.0,2.0,108.0,-0.0112,-0.5895,0.0032,-0.0547,-0.0655,-0.0465,0.0327,0.4277,-0.077,-0.0507,-0.2662,-0.104,-0.2466,-1.1598,-0.1636,-0.0913,-0.0874,-0.2511,0.1472,-0.3385,0.1869,-0.2337,-0.1952,0.3857,-0.3522,-0.4475,-0.1789,-0.025,-0.6103,0.2042,-0.0807,0.4976,-0.4841,-0.5964,-0.9069,0.2897,1.3087,0.348,-0.4586,-0.2981,3.8116,0.0009,0.01,0.0067,0.5468,0.0153,0.0088,0.001,0.1009,2.3921,-0.0239,-0.9978,0.1011,0.1195,-0.0043,0.0951,-0.1304,0.8431,4.7794,5.4624,-0.7961,0.5617,6.1108,-0.3011,-0.636,0.8215,-0.4014,0.3005,0.0447,-0.7364,0.0286,-0.9624,0.0,-0.2205,0.0091,0.0792,-0.009,0.0168,-0.0302,-0.0228,0.4997,-0.0047,0.0183,-0.0203,0.0202,0.0209,-0.5008,-0.0238,0.0188,0.0093,0.0042,0.0023,0.0252,-0.0168,0.0002,-0.0065,0.0185,0.0185,-0.0001,-0.0111,-0.0247,0.0118,-0.0086
296,5356,108,3,standing,3.0,108.0,5356.0,2.0,108.0,0.0563,-0.6501,0.08,0.1046,0.0699,0.0734,-0.0413,1.4055,-0.1225,-0.0375,-0.3774,-0.1469,2.0942,-1.7164,0.1547,0.2397,-1.8383,4.417,3.1836,-0.1672,-0.2857,0.3319,5.1788,0.1153,0.6451,-0.9236,0.2066,-0.5943,0.486,-0.2796,0.2979,0.229,0.4585,0.3076,-0.3889,-0.3582,-0.2658,-1.6467,0.0508,-0.247,0.3949,-0.5084,0.0225,-0.0041,0.5475,0.0006,0.0031,-0.0121,-0.0168,0.9344,-0.0061,-0.1015,-0.0002,-0.018,0.02,-0.0186,0.0286,-0.0362,-0.1505,-0.1122,-0.1305,-0.0277,0.0355,0.2602,-0.0803,0.0898,0.0095,0.0256,0.0087,0.1102,-0.2203,-0.0573,-0.001,-0.4502,0.0062,0.1009,-0.0056,0.0247,-0.1193,-0.0171,1.4758,-0.0252,0.0077,-0.0239,-0.01,0.4303,0.0132,0.0239,-0.0181,0.0241,-0.0001,-0.0065,0.0242,0.0238,-0.0245,-0.0255,0.0052,0.0249,-0.0259,-0.0226,-0.0078,0.0142,-0.0091
297,5357,108,3,standing,3.0,108.0,5357.0,2.0,108.0,0.0133,-0.7347,0.0042,-0.0619,-0.0513,0.035,0.0212,0.5745,-0.0469,-0.0007,-0.2672,-0.0879,1.4236,-1.0786,-0.104,-0.0962,0.1461,0.386,-0.2547,-0.1646,0.1185,-0.1577,-0.2066,-0.2297,-0.1768,0.0508,0.2824,-0.1853,-0.1016,0.2337,-0.0809,0.2774,0.1127,-0.3548,-0.3075,-0.0136,-0.3949,0.7898,-0.2963,-0.5588,-0.1194,0.322,-0.1003,-0.0239,0.568,0.001,-0.01,-0.0001,0.02,0.7091,-0.0034,3.6592,-0.0094,0.0266,0.027,-0.0205,0.0051,0.0369,-0.0277,-0.8743,2.4476,0.1506,0.5421,5.5881,4.8959,6.6799,-0.6495,-0.1304,0.0873,-0.3402,-0.3709,-0.2206,-0.0131,-0.2502,0.0182,0.0871,-0.0141,0.0196,-0.0751,0.019,0.4407,-0.0062,0.0206,-0.0208,0.0221,0.5141,-0.0059,0.0002,0.0184,-0.0143,0.0242,0.0033,-0.0233,0.0152,-0.0065,-0.0065,0.0183,0.0172,0.0059,-0.0042,-0.0202,-0.0193,-0.0119
298,5358,108,3,standing,3.0,108.0,5358.0,2.0,108.0,-0.0114,-0.7382,0.0082,0.001,-0.0002,0.0213,0.0325,0.4489,-0.0584,-0.0466,-0.167,-0.0871,-0.0639,-1.1872,-0.0508,0.0004,-0.1065,-0.1236,0.0958,0.1146,0.0797,-0.2028,0.1768,-0.2962,-0.1578,0.1949,-0.2447,0.239,0.2743,-0.2692,0.0289,0.1126,-0.1109,0.056,-0.0095,-0.01,0.3063,1.3364,-0.0406,-0.2277,0.455,0.4075,-0.0185,0.0001,0.5941,0.0031,0.0021,0.0032,0.02,0.5742,0.0294,0.3581,-0.1002,0.0271,0.0809,0.1191,0.2209,-0.3869,2.5434,3.5579,5.8637,7.4867,4.8094,6.7619,9.5213,-0.5699,-0.8883,-0.3408,-0.2807,0.874,0.5314,-0.9891,-0.1508,-0.0017,-0.2508,0.0051,0.1013,-0.0174,0.0173,-0.0203,-0.0065,0.1396,0.0061,0.0193,-0.0226,0.005,0.006,0.0205,-0.0111,0.0159,0.0111,-0.0045,-0.006,-0.0025,0.0236,-0.0266,-0.0074,0.0228,-0.0088,-0.0125,-0.0105,0.0089,0.0119
299,5359,108,3,standing,3.0,108.0,5359.0,2.0,108.0,-0.0014,-0.7283,0.0117,0.0009,-0.0034,0.0225,0.0262,0.407,-0.0345,-0.0067,-0.2361,-0.0632,1.4357,-0.1582,-0.0065,-0.0002,-0.0584,0.0436,0.0811,0.0716,0.1075,0.1221,0.0963,0.1938,0.0506,0.1343,-0.0001,0.1874,-0.2049,-0.2288,0.2635,-0.0139,0.1005,-0.0409,0.0586,0.009,0.0024,0.5846,0.0157,0.006,-0.1108,0.2962,-0.001,-0.0047,0.5083,0.0044,0.0052,-0.0037,-0.0127,0.9531,-0.0172,0.1124,0.0259,0.0092,0.0151,0.0033,-0.0048,0.0042,-0.2876,0.1011,0.02,-0.0239,0.024,0.0278,-0.2242,-0.0809,0.0469,0.0257,0.0249,0.0089,-0.1506,-0.0559,-0.0078,-0.3056,0.0064,0.1305,-0.0053,0.0166,-0.0751,-0.0194,1.5008,-0.0415,0.0185,-0.0276,-0.0262,0.9873,0.0248,-0.0041,0.0155,0.0091,-0.01,0.0077,-0.0268,0.0199,0.0181,-0.0247,0.0187,0.0253,-0.0054,-0.0196,-0.0206,0.008,0.0168
300,5360,108,3,standing,3.0,108.0,5360.0,2.0,108.0,-0.0047,-0.7837,0.0104,0.0004,-0.0131,0.0213,0.0002,0.2696,-0.0165,-0.0174,-0.1206,-0.0584,0.035,-1.1569,-0.001,-0.0046,-0.0797,0.141,0.0506,0.0872,-0.114,0.0963,-0.1656,-0.1824,0.0256,-0.1928,0.2759,0.1762,-0.2281,0.2039,0.2551,0.1129,-0.2343,-0.2954,-0.0803,0.0036,0.0088,1.7386,0.1105,0.1308,0.4567,0.3575,0.01,-0.0,0.4955,-0.0021,-0.0048,0.0064,-0.0166,0.8971,0.02,-0.3438,-0.0464,0.0182,0.0033,0.0239,-0.0245,-0.0238,0.0968,-0.5741,-0.2605,0.0257,0.0356,-0.1018,-0.3058,-0.1503,0.2505,0.0979,0.2162,-0.1192,-0.4495,0.0061,-0.008,-0.2208,0.0142,0.0952,-0.0086,0.0177,-0.0751,-0.0191,1.4015,-0.0242,0.0094,-0.0294,-0.0092,0.4997,0.0073,0.0176,0.019,-0.0001,0.005,-0.0032,-0.0087,0.0199,-0.0228,-0.0059,0.0236,0.0185,-0.0247,-0.009,0.0089,0.0117,-0.007
301,5361,108,3,standing,3.0,108.0,5361.0,2.0,108.0,0.0114,-0.6976,0.0063,0.028,-0.0466,0.056,-0.0325,0.6135,-0.067,-0.0078,-0.3974,-0.0848,1.271,-0.9355,0.129,0.1326,-0.7177,-1.4608,0.2035,-0.2436,-0.2986,-0.0962,-0.1155,-0.2346,-0.1557,-0.3468,0.2851,-0.2275,-0.4432,-0.1788,-0.1861,0.3385,0.1638,-0.0795,-0.1941,-0.3096,0.1018,3.6494,-0.1121,0.495,-0.8965,-0.4791,-0.0504,0.0006,0.5345,-0.0072,-0.0234,0.0182,0.0267,0.5837,-0.1005,-0.0177,0.0056,-0.0067,-0.0332,0.0531,0.0476,0.0859,-0.2203,-0.5423,0.001,0.0266,0.1303,0.2607,-0.7943,0.1507,0.4073,0.1102,-0.119,2.8421,-0.9881,-0.8742,0.0002,-0.2506,0.005,0.0806,-0.01,0.0152,-0.0206,-0.0001,0.9799,-0.0183,0.0207,-0.0247,-0.0205,0.0286,0.9212,-0.0063,0.0256,0.0042,-0.0142,0.0042,-0.0242,-0.0229,0.0239,-0.0125,0.0171,0.0042,0.0093,-0.02,-0.009,0.0228,-0.0104
302,5362,108,3,standing,3.0,108.0,5362.0,2.0,108.0,-0.0047,-0.6517,0.0133,0.0004,-0.0034,0.0158,0.038,0.4841,-0.025,-0.006,-0.2706,-0.0585,0.1186,-0.1832,-0.0238,0.0162,0.0068,-0.0438,0.0843,-0.1242,0.0723,0.1039,0.1415,-0.0913,-0.1952,0.0507,0.1016,0.0803,-0.2425,0.1674,0.2272,-0.0002,0.0285,0.0136,-0.0178,0.0249,0.2096,1.2857,-0.1008,-0.0259,-0.4953,0.0266,-0.001,0.0059,0.5526,0.0051,0.0067,0.01,0.007,0.9665,0.0001,-0.3066,-0.0077,0.0088,-0.02,-0.0262,-0.0095,0.0179,0.1191,-0.4469,0.2946,0.4083,-0.0205,-0.2504,2.9745,0.3573,-0.2162,-0.0098,0.1108,-0.3782,3.7593,-0.0403,0.0163,-0.2306,0.0099,0.0854,-0.0056,0.0181,-0.0751,-0.0161,1.4509,-0.0276,0.0089,-0.0252,0.0239,0.3458,0.0064,-0.0084,-0.0087,-0.0071,0.0234,-0.0092,0.0176,0.0265,-0.019,-0.0094,0.0077,0.0043,-0.0255,-0.0031,-0.0091,0.0021,-0.0131
303,5363,108,3,standing,3.0,108.0,5363.0,2.0,108.0,-0.0117,-0.6811,0.0082,0.0008,0.0219,0.0516,0.0823,0.4712,-0.0466,-0.0036,-0.2032,-0.065,-1.1859,-0.2749,-0.0737,0.0913,0.2446,0.3857,0.226,0.3979,0.4648,1.1542,-0.2598,-0.2695,0.0364,-0.1461,-0.1053,0.2952,0.3388,0.2872,-0.3086,0.1506,-0.0807,-0.0504,-0.0443,0.1109,0.587,3.4344,0.1015,0.0441,0.4563,-0.1199,-0.001,0.0055,0.5499,0.0174,0.0001,-0.0165,-0.0081,0.8934,-0.0075,0.1127,-0.01,-0.0169,0.0294,0.0078,-0.0167,0.0356,-0.2302,-0.4841,-0.2164,-0.02,0.074,0.1305,-0.3577,-0.2252,0.1004,-0.0076,-0.0194,-0.0358,-0.2243,0.0585,-0.0062,-0.2471,0.0096,0.0856,-0.0083,0.0131,-0.0751,-0.0197,1.4011,-0.0354,0.0192,-0.0276,0.0259,0.9321,-0.018,0.0002,0.0049,0.0072,-0.006,0.0084,-0.0047,0.0231,-0.0073,-0.0072,0.0143,0.0229,-0.0256,-0.009,-0.0119,0.0118,-0.0151
304,5364,108,3,standing,3.0,108.0,5364.0,2.0,108.0,-0.005,-0.7365,0.0004,-0.0116,-0.0191,-0.0213,0.0411,0.588,-0.0375,-0.0059,-0.1914,-0.0525,-0.2436,-0.9604,-0.0698,0.0923,-0.1297,0.1789,0.0794,0.2268,-0.1578,-0.0842,0.109,-0.2669,-0.2988,-0.2061,0.0509,0.2754,-0.2857,-0.3074,-0.1849,0.1126,0.0804,-0.01,-0.0195,-0.0286,0.1005,1.607,0.3345,-0.1108,-0.4862,-0.5539,0.001,-0.0165,0.5843,0.0044,0.0034,-0.0056,-0.0286,0.7971,0.0002,2.994,-0.0202,-0.1012,0.0231,0.0435,-0.0083,0.0406,-0.3863,-0.8737,0.1305,-0.0185,0.0584,0.6776,-0.4675,-0.7786,-0.6631,0.2101,0.1125,0.3009,-0.4773,0.526,-0.0032,-0.3707,0.0082,0.1197,-0.0092,0.0151,-0.0205,-0.0209,0.6557,-0.0041,0.0196,-0.0014,-0.0238,-0.0272,0.4011,-0.0266,0.0072,0.0256,0.0123,0.0056,-0.0248,0.006,-0.02,-0.0236,0.0081,0.0249,-0.0247,0.0273,-0.0111,0.0067,-0.0102
305,5365,108,3,standing,3.0,108.0,5365.0,2.0,108.0,-0.0114,-0.7638,0.0047,-0.0466,-0.056,0.0375,0.1097,0.4141,-0.0798,0.0215,-0.1941,-0.0885,-0.2329,-0.1794,-0.1342,-0.129,0.1656,-0.1186,-0.0645,0.1865,0.2555,0.0961,0.0506,-0.2462,0.2669,-0.2736,-0.1009,0.3078,-0.4035,-0.2063,-0.0006,0.227,0.1018,0.1109,-0.0807,-0.2839,-0.1197,1.3337,0.0294,0.1125,0.445,0.5868,-0.0226,0.0002,0.5499,0.001,-0.0059,0.008,0.0077,0.9632,-0.02,-0.4988,0.0134,-0.0204,-0.0167,-0.0092,0.0095,-0.0239,-0.1129,-0.4883,0.1309,0.01,0.0231,0.0064,-0.2257,-0.4321,-0.2208,-0.0407,0.0221,-0.0259,-0.1024,0.2162,-0.0001,-0.2605,0.0057,0.0982,-0.0031,0.0146,-0.0879,-0.0174,1.5217,-0.0205,0.0181,-0.0433,-0.0068,0.5312,0.0112,0.0073,-0.0172,-0.0087,0.0084,0.0236,-0.0091,0.0051,-0.0093,-0.0248,0.0189,0.006,-0.0252,-0.0238,0.0106,-0.0072,-0.0171
306,5366,108,3,standing,3.0,108.0,5366.0,2.0,108.0,0.0019,-0.7365,0.0107,0.0008,0.001,-0.031,0.0151,0.4488,-0.0514,-0.0024,-0.2772,-0.0645,-0.0412,-1.297,-0.0866,0.0286,0.0078,0.0225,0.0294,0.1154,0.0928,0.1733,-0.156,0.0806,0.1364,-0.0505,-0.0406,0.2277,0.1009,-0.2697,0.1674,0.0186,0.1856,-0.0441,0.0146,0.0059,0.0543,1.5868,0.1194,-0.1106,-0.3879,-0.3769,-0.0203,0.0023,0.5721,0.0039,0.0032,0.0042,0.0135,0.962,-0.01,0.3099,-0.101,-0.0,-0.005,0.0236,-0.0277,0.0598,0.3689,-0.4947,-0.4081,0.1124,0.3483,2.4895,3.538,0.3454,-0.5584,-0.3015,0.2209,0.1304,-0.3008,-0.6591,-0.2607,-0.0002,-0.3644,0.0067,0.1027,-0.0085,0.019,-0.1509,-0.0266,1.4758,-0.0281,-0.0373,0.0063,0.7531,-0.0252,-0.0061,0.0252,0.0157,-0.0094,0.0093,-0.0019,0.0187,0.0258,-0.02,-0.0062,0.0192,0.0141,-0.0105,-0.0152,-0.009,0.0176
307,5367,108,3,standing,3.0,108.0,5367.0,2.0,108.0,-0.0014,-0.6876,0.0116,-0.0007,0.001,-0.0106,0.0317,0.0547,-0.0046,-0.0018,-0.0415,-0.0207,-0.0506,-1.1941,-0.0084,0.0213,-0.0036,0.0075,0.0185,0.02,0.0132,-0.0038,-0.0109,-0.01,0.0002,0.0034,0.0298,0.0074,-0.0107,0.0059,0.0037,0.0275,0.0111,0.0001,-0.014,0.0042,0.0828,1.2071,0.0049,0.0235,0.1025,-0.1258,-0.1018,-0.0165,0.5535,-0.0023,-0.0026,-0.013,0.0044,0.9644,0.0124,0.1104,0.2757,0.0809,0.0277,-0.0172,0.0056,-0.0163,-0.1305,0.0187,0.0202,0.0148,0.0249,0.1124,-0.1198,0.0189,-0.0239,0.0233,0.0205,-0.1004,0.0145,0.0266,-0.0066,-0.3398,0.0064,0.1251,-0.0069,0.0262,-0.1001,-0.0131,1.3983,-0.0462,0.0242,-0.0197,0.0195,-0.2943,0.0122,0.0231,0.0253,0.0088,-0.015,0.0257,-0.0177,0.0153,0.0229,-0.024,-0.0208,0.006,0.0241,-0.017,-0.0082,-0.0194,0.008
308,5368,108,3,standing,3.0,108.0,5368.0,2.0,108.0,0.0542,-0.7407,0.007,-0.0109,0.064,0.0465,-0.032,1.5069,-0.0788,0.0872,-0.4356,-0.1362,2.839,-1.912,-0.2698,-0.1786,0.1885,3.2364,-1.3768,-0.3878,-0.3315,0.1067,0.3046,0.1234,0.1474,-0.028,0.2857,0.1611,0.1941,-0.2747,0.6105,-0.3944,-0.2959,0.4832,0.3676,0.5535,-0.256,-0.5875,0.2224,0.1308,0.6692,0.4577,0.001,-0.0007,0.5499,0.0071,-0.0002,-0.0082,0.0503,0.8943,0.0561,0.0332,-0.0807,-0.0095,-0.01,0.0277,0.0197,0.1018,0.1126,-0.6313,-0.5621,0.1108,0.2606,0.4981,-0.947,0.535,-0.0493,0.0249,0.0379,-0.0394,-0.1005,-0.0443,-0.02,-0.3207,0.009,0.1193,-0.0091,0.0196,-0.0466,-0.0052,1.4677,-0.0206,0.0059,-0.0286,-0.0066,0.4704,0.0252,0.0239,-0.0256,0.0084,0.0186,-0.0151,-0.0173,0.0252,-0.0253,-0.0079,0.0187,0.006,-0.0228,-0.0222,-0.0083,0.0093,-0.0122
309,5369,108,3,standing,3.0,108.0,5369.0,2.0,108.0,0.0047,-0.6741,0.0117,-0.0186,-0.0002,0.045,0.0313,0.8483,-0.028,-0.0008,-0.2469,-0.0511,-0.0823,-0.4242,-0.0626,0.1046,0.0973,0.0506,0.0775,0.1851,-0.2061,0.1598,0.1952,0.0807,-0.1659,-0.126,0.1436,0.0286,-0.2833,-0.2989,0.2274,0.3879,-0.1011,0.2556,0.2776,-0.3766,-0.0278,1.4896,0.1509,0.0337,0.4081,-0.3954,0.0035,0.0143,0.5832,0.0144,-0.0034,-0.003,0.0222,0.7821,0.001,0.1004,0.0085,-0.0188,0.0145,-0.01,0.0332,0.0236,-0.1108,-0.0443,0.2209,0.0356,0.1129,-0.1192,-0.1306,-0.0373,0.0233,0.0465,-0.0182,0.0072,-0.0531,-0.0449,0.0063,-0.3642,0.0095,0.1383,-0.017,0.02,-0.0751,-0.0187,1.4756,-0.0205,0.0149,-0.0356,-0.0001,0.7771,0.0259,-0.0207,0.019,0.0093,-0.0262,0.0092,-0.0055,0.0242,0.0266,-0.0256,-0.0239,0.0094,-0.0247,-0.0091,0.0157,0.0062,-0.0053
310,5370,108,3,standing,3.0,108.0,5370.0,2.0,108.0,-0.0047,-0.6976,0.0109,-0.023,-0.0324,-0.006,0.0462,0.4813,-0.0009,-0.0525,-0.2043,-0.0712,0.1836,1.2885,0.069,0.0829,-0.145,-0.1042,0.1558,0.2655,0.2786,-0.2361,0.3311,0.1617,-0.1937,0.4236,0.2296,0.0506,0.1195,-0.1308,-0.1017,0.0408,0.0332,-0.0165,-0.0002,0.0072,-0.0156,2.4538,0.0373,-0.1008,-0.0443,0.4067,-0.0202,0.0135,0.5464,-0.0087,-0.008,-0.0057,0.0051,0.7731,-0.0063,-0.3481,-0.0079,-0.0095,0.0068,-0.01,0.0039,-0.001,0.0343,0.1102,-0.1121,0.0182,0.0205,0.027,-0.2205,-0.0809,-0.0592,0.0275,0.0175,0.0146,-0.2244,-0.02,-0.0001,-0.3018,0.0099,0.0849,-0.0052,0.0193,-0.0203,-0.0232,0.9821,-0.0235,0.0071,-0.0239,0.0238,0.6691,0.0083,-0.0094,-0.0144,0.0311,0.0178,-0.0173,-0.0233,0.0249,-0.0266,-0.0041,0.0074,0.0132,-0.0209,-0.0206,-0.0084,0.0074,-0.0188
311,5371,108,3,standing,3.0,108.0,5371.0,2.0,108.0,0.0025,-0.6105,0.0107,0.001,0.0059,-0.0326,0.025,0.4355,-0.0415,-0.004,-0.1706,-0.0542,-0.1056,-1.1469,-0.0507,0.0254,-0.0846,0.0972,0.1875,-0.228,0.1941,-0.1636,-0.1343,0.1257,0.1186,-0.0003,0.0804,0.0039,0.0406,0.0332,0.1199,0.2449,0.1018,-0.1004,0.2744,1.3876,2.5867,0.2077,0.3528,0.3037,0.2366,0.6562,0.0002,0.0155,0.547,0.0033,0.0068,0.006,0.0083,0.4882,0.0209,-0.2963,-0.1308,-0.0478,0.1104,-0.2207,-0.3494,-0.4588,0.7432,-0.7973,0.4731,0.5321,0.2606,3.9064,-0.9561,-0.301,0.0493,0.1509,0.2307,0.1126,-0.9871,-0.3407,-0.02,0.0,-0.3649,0.0184,0.1185,-0.0081,0.0187,-0.01,-0.0271,0.0151,0.0178,-0.0252,-0.0001,0.8952,-0.0257,-0.006,0.0096,0.0226,0.0191,0.0202,0.0163,-0.0097,0.0077,-0.0242,-0.0113,0.0072,0.0092,-0.0049,-0.0085,0.0199,0.0113
312,5372,108,3,standing,3.0,108.0,5372.0,2.0,108.0,-0.0033,-0.7796,0.0132,0.0009,-0.0143,0.0131,0.037,0.7294,-0.055,-0.0425,-0.3973,-0.069,1.4254,-0.1836,0.001,-0.0046,-0.023,0.1184,-0.1259,0.1574,0.0865,-0.1469,0.0979,0.0742,-0.2271,-0.1075,-0.2061,-0.136,-0.1637,-0.2364,-0.1727,0.1018,0.1106,0.0505,0.1003,0.2697,-0.1934,2.4895,0.0239,-0.4072,-0.2957,0.5583,-0.0163,-0.0002,0.5891,-0.0088,-0.0001,-0.0056,0.0098,0.8968,-0.0047,-0.2492,0.0257,-0.0202,-0.0231,0.0153,0.0193,-0.0332,0.2878,-0.6662,0.388,0.0052,0.0145,0.3581,-0.2507,0.5421,0.4976,0.1308,0.0286,-0.1509,0.4494,-0.2607,-0.0066,-0.3809,0.0051,0.1282,-0.0067,0.0205,-0.1191,-0.0065,1.4508,-0.0422,0.0041,-0.0416,-0.01,0.8545,0.0099,-0.0047,0.0238,0.0235,0.0186,-0.0065,0.0252,0.02,-0.0226,-0.0123,0.0125,0.0187,-0.0246,-0.0072,0.0067,-0.0118,-0.0105
313,5373,108,3,standing,3.0,108.0,5373.0,2.0,108.0,-0.0016,-0.5835,0.0008,-0.0118,-0.0211,-0.035,0.0417,0.4896,-0.0547,-0.0002,-0.2397,-0.0894,-0.0712,-0.306,-0.0695,0.0974,-0.1941,-0.1489,-0.1039,0.1582,0.207,0.2868,-0.1398,0.2271,0.0507,0.2457,0.2521,-0.3655,-0.2754,-0.3359,0.1506,-0.4062,0.2651,0.4438,0.1309,0.4576,-0.0257,1.3475,0.1194,-0.1011,-0.2949,-0.1103,-0.001,0.0088,0.5364,0.0042,0.0087,-0.0032,0.0169,0.7967,-0.0001,0.568,-0.01,0.009,-0.0163,0.0072,-0.0061,-0.0191,-0.3731,-0.1003,0.1129,0.0237,0.0803,0.3012,-0.2606,0.6693,-0.2307,-0.0443,-0.0978,-0.6599,0.3507,-0.0473,0.0052,-0.3209,0.0077,0.0983,-0.0046,0.0111,-0.0238,-0.0173,0.1284,0.0085,0.0181,-0.0236,0.0155,0.9224,0.0086,0.0188,-0.0157,0.0249,-0.0185,-0.0131,0.0136,0.0238,-0.0143,0.0059,0.0042,0.0252,-0.0242,-0.0112,-0.0113,-0.0092,-0.0111
314,5374,108,3,standing,3.0,108.0,5374.0,2.0,108.0,0.0581,-0.7269,0.0082,0.047,0.0165,0.031,0.089,0.2986,-0.0618,-0.0217,-0.2462,-0.0936,1.1132,-0.9074,-0.1349,-0.1221,0.1948,-0.2042,0.2558,-0.3578,-0.3397,-0.1572,-0.2343,0.1455,0.4537,-0.1654,-0.3491,-0.2269,-0.3846,-0.3057,-0.1008,-0.2874,-0.268,0.0503,0.2784,0.601,-0.1011,0.565,0.0658,-0.1191,-0.3941,-0.0803,-0.0008,-0.0061,0.5968,-0.0083,-0.0002,-0.0144,-0.02,0.7795,-0.001,-0.1127,-0.0256,0.0064,0.0587,0.1306,0.01,-0.0356,-0.4096,-0.4799,-0.1108,0.0179,0.2503,-0.9831,-0.6071,2.6693,0.7553,0.3006,-0.3013,3.6375,-0.8567,-0.7617,-0.0001,-0.3205,0.0052,0.0986,-0.0089,0.0149,-0.0513,-0.0066,0.9445,-0.0192,0.0188,-0.0208,-0.0073,0.3994,0.0051,0.0229,0.0226,0.0142,0.0206,0.0059,0.0045,-0.0231,-0.0239,0.0042,0.0077,0.0142,-0.0133,-0.0245,0.0062,0.009,-0.0125
315,5375,108,3,standing,3.0,108.0,5375.0,2.0,108.0,-0.0065,-0.5341,0.0004,-0.0163,0.001,-0.034,0.0536,0.7369,-0.0413,-0.0164,-0.2342,-0.061,-0.0896,-1.207,0.0224,0.0072,0.1184,0.1446,0.0937,0.1666,-0.1707,-0.1835,-0.2297,-0.1234,-0.2788,0.0809,0.2819,0.2958,-0.2556,0.3079,-0.1198,0.1582,0.1006,0.1502,0.0508,-0.1129,-0.2659,1.3386,0.1012,0.1304,0.3849,0.6095,-0.0062,-0.0002,0.5356,-0.0067,-0.0073,-0.0045,-0.01,0.988,-0.0168,-0.3943,-0.0,0.0083,0.0277,-0.0237,0.0078,-0.0041,0.0294,-0.215,-0.5581,-0.0237,0.0174,0.0373,-0.2167,0.2209,0.4876,-0.1106,0.0189,0.0594,-0.4799,-0.0458,0.0057,-0.3643,0.0077,0.0944,-0.0171,0.0187,-0.0691,-0.0154,1.4404,-0.0242,0.0245,-0.0238,0.0131,0.4141,0.0192,0.0237,0.019,0.0069,0.0051,-0.0072,0.0057,0.0161,-0.0246,-0.0001,0.0152,0.0132,-0.0185,-0.0093,-0.0062,0.0109,-0.0125
316,5376,108,3,standing,3.0,108.0,5376.0,2.0,108.0,0.0112,-0.7369,0.0033,0.0008,-0.0125,0.0036,-0.035,0.9444,-0.0461,-0.0086,-0.371,-0.0548,0.0716,-0.4542,-0.0213,0.0088,0.0166,0.069,0.1423,-0.0507,0.1774,0.0941,0.0857,0.2224,-0.1146,-0.0373,0.0179,0.0337,0.0804,0.1597,-0.1004,0.2849,0.1877,-0.2963,-0.1011,0.2796,1.6519,0.406,-0.2639,-0.4464,0.3481,-0.3082,0.0168,0.001,0.5973,-0.012,0.0062,-0.0078,-0.02,0.8975,-0.01,-0.1506,0.008,-0.0587,-0.0,0.0095,0.0001,0.0002,-0.3576,-0.5598,-0.4769,0.3867,0.027,3.847,2.9943,-0.5421,0.3213,-0.1105,-0.5856,-0.3016,-0.5301,-0.3451,-0.1304,0.0083,-0.2205,0.0052,0.0851,-0.0093,0.0233,-0.0892,-0.4995,0.0202,0.0131,-0.0239,-0.0185,0.4503,0.0209,0.0237,-0.0235,-0.0059,0.0248,-0.0257,-0.0032,0.0194,-0.0142,-0.0091,0.0056,0.0188,-0.0131,-0.0231,-0.0228,0.0072,-0.0112
317,5377,108,3,standing,3.0,108.0,5377.0,2.0,108.0,-0.0044,-0.7802,0.0109,-0.0006,-0.0123,0.026,0.0325,0.4389,-0.0433,-0.0194,-0.2047,-0.055,-0.0796,-0.3984,-0.0845,-0.0638,-0.1437,0.1385,0.1142,0.1072,-0.1215,-0.2291,-0.1865,-0.2754,0.1961,-0.1743,0.2451,0.1018,-0.1102,-0.1656,-0.1009,-0.2634,0.0804,-0.0508,-0.1308,-0.0289,-0.2981,1.6821,-0.3092,0.2857,0.367,-0.0002,-0.0059,0.0001,0.5841,0.0048,0.0049,-0.0035,0.0069,0.6697,0.0078,0.9963,-0.0239,0.0079,0.0187,0.001,-0.01,0.0277,-0.0195,-0.1194,0.1508,0.014,0.1124,-0.2304,-0.468,0.6731,-0.2204,0.02,0.019,0.2253,-0.3212,-0.3011,-0.0,-0.3457,0.0073,0.1362,-0.0098,0.0193,-0.0876,-0.0053,1.4674,-0.0411,0.0088,-0.0238,-0.0255,0.8975,0.0112,0.0177,0.0047,0.0083,0.0182,0.006,-0.0064,0.0235,-0.0152,-0.0072,0.0155,0.0171,-0.0226,-0.0186,-0.0098,0.0174,-0.0111
318,5378,108,3,standing,3.0,108.0,5378.0,2.0,108.0,-0.0035,-0.7365,0.0118,-0.0008,-0.0059,0.001,0.036,0.4796,-0.0433,-0.0036,-0.2485,-0.0574,0.0746,-0.2332,0.022,-0.0106,-0.0043,0.0002,0.0504,0.0842,-0.1155,-0.1317,-0.0937,0.1439,0.1638,0.0803,0.1229,-0.1582,0.1061,0.1934,0.2758,0.0145,0.0069,-0.0149,-0.004,0.0001,0.0076,1.6334,0.0068,0.0026,-0.1194,0.0067,-0.01,0.0063,0.5741,0.0044,0.007,-0.0031,-0.015,0.6594,0.02,0.0075,-0.0254,0.0205,-0.0164,-0.018,0.0233,-0.027,0.0125,-0.0257,-0.1011,0.0231,0.0188,0.0056,-0.2297,-0.027,0.0151,0.0266,0.0086,-0.019,-0.1309,-0.0089,-0.0,-0.3081,0.0028,0.1002,-0.0052,0.0183,-0.1104,-0.0171,1.5018,-0.04,0.0087,-0.0259,0.0198,-1.7948,0.0202,0.0091,0.0178,0.0162,0.0072,-0.0154,-0.0173,0.0195,0.0232,-0.0166,-0.0199,0.0206,-0.0242,-0.0192,-0.0121,0.0093,0.0153
319,5379,108,3,standing,3.0,108.0,5379.0,2.0,108.0,-0.0018,-0.6734,0.0103,-0.0131,-0.0006,-0.028,0.0221,0.7143,-0.0464,-0.0256,-0.2979,-0.0639,0.1345,-1.0788,-0.059,-0.0849,0.1658,0.0508,0.1746,0.1072,-0.0923,0.1519,0.1221,0.1486,0.1104,0.1148,-0.1019,-0.2827,-0.2442,0.204,0.2265,0.0443,0.0804,-0.0332,-0.2551,0.2675,-0.3668,1.3074,0.1303,-0.1122,0.3557,0.5582,-0.0163,0.006,0.537,0.0147,-0.0089,-0.0162,-0.0203,0.9981,0.005,-0.3885,0.01,-0.0033,0.0236,-0.02,0.0032,0.0231,-0.0001,0.4492,-0.0259,-0.0056,0.0205,-0.1027,-0.2202,-0.0406,-0.0043,0.0399,0.0234,0.0262,-0.1005,-0.0002,-0.0069,-0.2507,0.0059,0.0983,-0.0141,0.0184,-0.0854,-0.0187,1.5002,-0.0209,0.0073,-0.0238,-0.0097,0.9637,0.0077,0.0052,-0.0233,0.0076,0.0245,-0.0255,0.0078,0.0251,-0.0166,-0.0093,0.0091,0.0237,-0.0235,-0.001,-0.0204,-0.0194,-0.0098
320,5380,108,3,standing,3.0,108.0,5380.0,2.0,108.0,0.0035,-0.6568,0.0108,0.0002,0.0066,-0.0005,0.0329,0.0594,-0.0072,-0.0216,-0.0717,-0.0461,-0.0509,-1.1875,-0.1086,-0.0625,-0.1256,0.0974,0.132,0.1184,0.1944,-0.2362,-0.1433,-0.0807,-0.1004,0.2278,0.1559,0.3627,0.3881,0.6451,-0.2443,0.1108,0.3469,-0.2655,-0.3047,-0.1012,0.584,1.4837,0.286,0.1193,-0.4939,0.3015,-0.001,0.0077,0.577,0.0032,0.005,0.0021,0.0238,0.8931,0.0205,0.6497,-0.0182,0.0095,0.0001,0.0588,0.0373,0.1506,-0.4587,0.679,0.7941,0.0146,-0.1303,2.547,4.9871,3.9399,0.634,-0.764,-0.2808,-0.2203,5.4002,0.0443,0.01,-0.2505,0.0083,0.0985,-0.0052,0.0196,-0.0151,-0.0082,0.4216,-0.0073,0.0207,-0.0072,-0.0233,-0.0192,0.8477,-0.0208,-0.02,-0.0106,0.0159,0.0091,0.005,-0.0077,0.0043,-0.0234,-0.006,0.0123,0.0047,-0.0143,-0.0089,-0.0125,0.0085
321,5381,108,3,standing,3.0,108.0,5381.0,2.0,108.0,-0.0017,-0.6976,0.0106,-0.023,-0.0311,0.0002,-0.041,0.4088,-0.0259,-0.0146,-0.2896,-0.0516,0.0842,-0.2459,-0.0064,0.0253,0.0954,0.079,0.1251,0.2549,0.1572,0.1437,0.2077,0.1348,0.2343,0.1952,-0.0009,-0.2278,0.1835,0.2656,-0.1107,0.2933,-0.0355,0.007,-0.0803,0.1198,0.1006,1.4567,0.0503,0.1304,-0.2758,0.385,0.0044,0.0131,0.5566,-0.0082,0.001,-0.01,0.0001,0.5795,0.0087,-0.1128,-0.02,0.0191,-0.0041,-0.1503,0.0266,0.1018,-0.4734,0.3698,-0.8099,0.3983,0.213,-0.2605,3.7968,2.6597,0.326,0.7562,-0.8971,0.7438,0.6328,0.0449,0.0092,-0.3003,0.0186,0.1127,-0.0085,0.0153,-0.0751,-0.0163,1.4407,-0.0237,0.0253,-0.0094,0.0181,0.7312,-0.0266,0.0255,-0.0084,0.0165,0.0093,0.0236,0.0055,0.0036,0.0161,-0.0235,0.0136,0.0074,0.0142,-0.0115,0.0059,-0.0085,0.0105
322,5382,108,3,standing,3.0,108.0,5382.0,2.0,108.0,-0.0069,-0.7746,0.0159,0.0006,0.0032,0.0047,-0.028,0.4272,-0.0411,-0.0158,-0.241,-0.0584,0.0898,-1.0795,-0.0322,0.0001,-0.0509,0.0645,0.1548,0.0961,0.1429,0.2557,-0.1855,-0.1256,-0.1638,-0.1343,-0.1923,-0.2762,0.172,-0.2639,-0.0408,-0.02,0.0803,0.0035,-0.0163,0.001,-0.0409,1.3799,-0.01,0.0002,0.0528,0.0286,-0.0144,0.005,0.5834,-0.0074,-0.0066,0.0153,-0.0085,0.8356,-0.0271,-0.3697,-0.007,0.009,-0.0238,0.0064,0.0165,0.0239,0.336,-0.1507,0.0236,0.0188,0.0154,0.1122,-0.2209,0.0266,0.013,0.0092,0.0247,0.1303,-0.2307,0.0182,-0.0042,-0.2504,0.0087,0.0879,-0.0075,0.0141,-0.0751,-0.0149,1.5008,-0.0294,0.0294,-0.0285,0.0291,0.944,-0.0076,-0.0073,0.0262,0.0091,0.0072,-0.0273,0.0067,0.0096,-0.0256,-0.0189,0.0183,0.0178,-0.0298,-0.0051,-0.0081,0.0052,-0.0131
323,5383,108,3,standing,3.0,108.0,5383.0,2.0,108.0,-0.0038,-0.651,0.0006,-0.0117,0.0066,0.0002,0.043,0.4237,-0.032,-0.0035,-0.2776,-0.054,1.1446,-0.1585,0.0225,0.0064,-0.0305,-0.0699,-0.0873,-0.0508,-0.1145,-0.0922,-0.078,0.1619,-0.0404,0.135,-0.2496,-0.1232,0.0806,-0.1107,-0.1848,0.2694,0.3472,-0.239,-0.1011,0.296,-0.1192,0.3775,0.3374,-0.4931,0.3944,0.3689,-0.0059,-0.001,0.5863,-0.0062,-0.0155,-0.0069,-0.0088,0.9871,0.0121,0.5628,0.0087,-0.0178,0.0,-0.0221,0.0291,0.1009,-0.2202,-0.7083,-0.6784,-0.0542,0.5741,2.0286,3.522,0.5364,0.43,0.027,0.0961,-0.3452,-0.6897,0.7977,0.01,-0.3206,0.0082,0.1303,-0.0066,0.0228,-0.0751,-0.0206,1.4408,-0.0273,0.0154,-0.0427,-0.0077,0.47,0.0051,0.0095,-0.0091,0.0242,0.0209,-0.0208,-0.0249,-0.0086,-0.0238,0.0245,-0.0234,0.0172,-0.0017,-0.0181,-0.0168,0.0092,-0.0125
324,5384,108,3,standing,3.0,108.0,5384.0,2.0,108.0,0.0135,-0.7391,0.0063,0.0008,0.0185,-0.0214,0.0426,0.427,-0.0236,-0.0106,-0.1705,-0.031,-1.165,-0.2984,-0.0254,-0.1146,0.0718,0.204,-0.1536,-0.0983,0.2366,-0.0898,0.1258,0.2469,0.2559,-0.0507,-0.1349,-0.3095,-0.1961,-0.3781,0.2288,0.2741,0.3343,0.2853,-0.1122,0.1109,-0.1506,1.3499,0.0809,0.1004,-0.4791,0.4472,-0.0074,0.006,0.5582,-0.0065,-0.0002,0.0068,0.019,0.6421,0.0277,0.4845,-0.0139,0.001,-0.0062,-0.0057,-0.0156,-0.0409,0.0373,-0.3832,-0.8092,0.0239,0.0286,0.077,-0.2251,-0.1305,0.7976,0.1191,0.0578,0.0474,0.1013,-0.6713,-0.02,-0.2305,0.0052,0.0973,-0.0075,0.0186,-0.0554,-0.01,0.7771,-0.0187,0.0194,-0.0205,0.0189,-0.4997,0.0065,-0.0097,-0.0042,0.0193,0.0001,-0.0096,0.0131,0.0234,-0.0056,-0.0147,0.0085,0.0226,-0.0252,-0.0151,0.0114,0.0109,-0.0118
325,5385,108,3,standing,3.0,108.0,5385.0,2.0,108.0,0.0038,-0.7312,0.0108,-0.0219,0.0056,-0.0009,0.044,0.6141,-0.0569,0.0077,-0.2541,-0.0764,1.061,-0.4389,0.037,0.0254,-0.006,-0.1146,0.165,0.1315,0.0961,0.1003,-0.1457,0.0507,0.2442,-0.1833,-0.172,0.2372,0.2291,0.2859,0.2749,0.1018,-0.0002,0.0409,0.0246,0.0168,0.2655,2.6792,0.0803,-0.3099,-0.3421,-0.4547,0.1191,0.0065,0.548,0.001,0.0063,-0.0182,-0.0032,0.7837,-0.0076,0.1507,0.01,-0.0185,0.0195,0.1126,-0.1108,0.4879,-0.3983,5.669,3.8971,4.3531,6.2943,7.4481,9.9875,0.7436,-0.2805,0.0197,0.0462,0.1308,0.2608,0.2205,-0.0,-0.3016,0.0088,0.0953,-0.0152,0.0151,-0.0593,0.0187,-0.0262,0.6554,-0.0241,0.0186,-0.0095,0.0001,0.9437,0.0259,0.0158,0.0046,-0.0059,0.0096,0.0066,0.0184,0.0065,0.0266,-0.0112,-0.0047,0.0268,-0.0256,-0.0273,0.0077,-0.0117
326,5386,108,3,standing,3.0,108.0,5386.0,2.0,108.0,-0.0012,-0.7391,0.0188,0.028,0.0008,-0.0086,0.032,0.2987,-0.0414,-0.0168,-0.2275,-0.0547,0.089,1.2896,-0.001,-0.0302,-0.0077,0.0699,0.1321,0.091,0.177,0.0504,0.1155,0.0772,-0.156,-0.2435,0.1825,0.1934,0.2327,-0.0807,0.1657,0.0266,0.0333,-0.0044,0.0078,-0.0032,0.0556,3.5936,0.014,-0.0092,-0.0356,0.1009,-0.01,-0.0065,0.533,0.0038,0.0033,-0.0046,-0.0238,0.9439,-0.0262,0.6135,-0.015,0.0158,0.0163,0.0143,0.02,-0.0231,-0.1011,0.1106,0.2654,0.0166,0.0277,0.0373,-0.1303,-0.0239,0.0205,0.0142,-0.0222,0.0236,-0.1194,0.0002,0.0001,-0.2208,0.0074,0.0971,-0.0076,0.0141,-0.0848,-0.0184,1.4979,-0.0464,0.0097,-0.0259,-0.0145,0.9861,0.0241,0.0073,0.0182,-0.0095,0.0233,-0.0091,-0.0067,0.0059,0.0137,-0.0151,-0.0083,0.0131,-0.0077,-0.0249,0.0074,0.0081,0.0093
327,5387,108,3,standing,3.0,108.0,5387.0,2.0,108.0,-0.0017,-0.6946,0.0108,0.0004,0.0118,0.0231,-0.0216,0.0545,-0.0001,-0.0002,-0.0324,-0.041,0.0797,-1.2672,-0.0157,0.0202,-0.0615,0.0296,0.1209,0.1436,0.0505,-0.136,-0.1154,-0.2066,-0.229,0.2364,0.0806,-0.2785,-0.1925,-0.1508,-0.307,0.0408,-0.1307,0.0043,0.1019,0.0455,-0.0456,1.4791,-0.0406,0.1109,-0.0644,0.1003,0.01,-0.0044,0.5867,0.0049,-0.0031,-0.0038,0.0037,0.9863,0.02,-0.3529,0.0086,-0.001,0.0059,-0.0188,0.0039,0.0078,0.0257,-0.2164,0.288,0.0236,-0.0594,0.1124,-0.4061,0.1192,-0.2309,0.0941,0.0355,-0.2607,-0.3475,0.3399,-0.0096,-0.3208,0.0062,0.1421,-0.0073,0.0203,-0.1027,-0.0065,1.5042,-0.0468,0.0176,-0.0414,-0.0155,0.7432,0.0228,0.0087,-0.0071,-0.0052,0.0205,-0.0081,-0.0089,0.0084,-0.0153,-0.0235,0.0083,0.0151,-0.0209,-0.0082,-0.0148,0.0077,-0.0179
328,5388,108,3,standing,3.0,108.0,5388.0,2.0,108.0,0.0106,-0.7169,0.0009,-0.0082,-0.0225,0.0065,0.0313,0.4254,-0.0581,-0.0023,-0.2046,-0.0434,0.0798,-0.271,-0.0239,-0.0246,0.1459,-0.0843,0.1139,0.1674,0.1272,-0.1542,-0.0961,0.0807,-0.1932,-0.1849,0.1789,-0.2448,-0.2853,0.2947,-0.2636,0.1506,0.3322,0.0506,-0.01,-0.1108,0.1191,1.6075,-0.1003,-0.3069,-0.4597,0.6692,-0.1011,-0.001,0.5744,-0.0205,0.005,-0.0138,0.0001,0.9099,-0.0088,-0.3537,0.008,-0.0002,0.0141,0.0221,0.0239,0.014,-0.2166,0.8767,0.5886,0.1304,-0.2609,2.6856,3.5596,0.6473,-0.547,0.7921,-0.3457,-0.7871,0.9431,0.7613,0.0095,-0.2305,0.0084,0.0852,-0.0091,0.0151,-0.0693,-0.0237,0.7783,-0.0259,0.0162,-0.0255,0.0271,0.8531,0.0063,-0.0062,0.0157,0.0238,-0.0142,-0.0072,0.0257,-0.0259,-0.02,0.0072,-0.0112,0.0117,0.0234,-0.0256,0.0113,0.0065,-0.0062
329,5389,108,3,standing,3.0,108.0,5389.0,2.0,108.0,-0.0016,-0.6791,0.0125,0.0007,-0.0086,0.021,-0.0317,0.4223,-0.0585,-0.0461,-0.2046,-0.0627,-0.1294,-0.2975,0.0236,-0.0897,-0.1172,-0.078,-0.0983,0.0505,0.135,0.1574,0.1435,-0.1849,0.1129,-0.1108,0.1011,0.1306,-0.2389,0.1939,-0.3056,0.0809,0.2851,-0.2457,-0.2271,0.3334,-0.479,1.376,0.3876,0.1508,-0.4577,-0.2631,0.0002,0.01,0.4836,0.0069,0.001,0.0164,-0.0262,0.6852,0.0256,0.4432,-0.0266,0.047,-0.0763,-0.0882,0.1194,0.5541,0.4087,0.7943,-0.5499,-0.0196,0.1004,2.5888,4.8421,-1.9865,0.7881,-0.0493,0.6693,3.7315,-0.3408,-0.4225,-0.02,-0.3206,0.0053,0.1016,-0.0059,0.0195,-0.0206,-0.0158,0.4673,-0.0092,0.0166,-0.0252,-0.0166,0.628,0.0125,-0.0045,0.0155,-0.0165,0.0257,0.0033,-0.0162,0.0041,-0.0001,-0.0112,0.0117,0.0249,-0.0248,-0.0109,-0.0119,0.0118,-0.0113
330,5390,108,3,standing,3.0,108.0,5390.0,2.0,108.0,-0.0047,-0.7519,0.0108,0.0007,-0.0064,0.0213,0.0433,0.4356,-0.0543,-0.0078,-0.2042,-0.0961,0.2346,-0.3862,0.0798,0.0326,0.1786,-0.1172,0.2554,0.1577,0.0627,0.1612,0.1057,-0.0503,0.1468,-0.1835,0.0256,0.0183,-0.2439,0.0807,-0.2265,0.0286,0.0353,-0.1019,0.1198,0.289,1.4463,-0.457,-0.3095,-0.4036,0.2985,-0.4832,-0.01,-0.005,0.5896,0.001,0.0002,0.0074,-0.0001,0.6988,0.0081,-0.1505,0.018,0.0,-0.0155,0.0289,0.0262,-0.0362,0.1122,0.0407,0.4937,0.5931,-0.1006,-0.3479,2.6799,-1.8921,-0.1305,-0.2509,0.6091,-0.8716,3.766,-0.6684,-0.2603,-0.0094,-0.3209,0.0051,0.1107,-0.0082,0.0193,-0.0207,-0.0153,0.1271,-0.0052,0.02,-0.0205,0.006,0.9737,0.0173,0.0188,0.0234,0.0238,-0.0025,0.0092,0.0261,-0.0056,-0.0044,-0.0233,0.0239,0.0249,-0.0236,-0.0118,0.0088,-0.0106
331,5391,108,3,standing,3.0,108.0,5391.0,2.0,108.0,-0.0018,-0.727,0.0109,0.0007,0.0056,-0.0224,0.0415,0.4863,-0.031,-0.0077,-0.265,-0.0525,0.0865,1.384,-0.001,-0.0002,-0.0001,0.0509,-0.062,-0.077,0.1246,-0.0203,0.1674,0.1117,0.1337,0.0803,-0.1428,0.1953,0.0406,-0.1018,0.1506,0.0258,0.1194,0.1009,-0.0132,-0.01,-0.0169,-1.4954,-0.2368,0.1122,0.2735,-0.3376,0.0131,0.0045,0.5836,-0.0041,0.0042,-0.0067,0.0057,0.8972,-0.0,-0.2296,0.0332,-0.0155,-0.0086,-0.0098,0.0166,-0.0286,-0.2982,0.3088,-0.4493,0.1307,-0.0239,0.3934,-0.8079,-0.479,-0.6021,0.1105,0.0859,-0.2608,2.8575,0.0409,-0.0095,-0.3457,0.0084,0.1571,-0.0052,0.0164,-0.0581,-0.0238,0.9499,-0.0242,0.0248,-0.0207,0.0061,0.4679,0.0062,0.0173,-0.0183,0.0045,-0.0032,-0.0191,-0.0045,0.02,-0.0249,-0.0235,0.0205,0.0266,-0.0236,-0.0078,0.0087,0.0143,-0.0119
332,5392,108,3,standing,3.0,108.0,5392.0,2.0,108.0,-0.0018,-0.7407,0.0004,0.0114,0.0036,-0.0234,0.0411,0.6355,-0.0523,-0.026,-0.2468,-0.0741,-0.1666,-1.1572,0.062,-0.0898,0.0326,-0.0922,0.1061,0.1397,0.1245,-0.1725,0.1949,0.0807,0.0508,0.0373,0.1309,-0.01,-0.008,0.0256,0.0063,0.0277,0.0131,0.0002,-0.0088,0.0204,0.0202,1.2742,0.001,0.0038,0.0291,2.5839,-0.0266,0.0065,0.5432,0.004,0.0062,-0.0157,0.0245,0.5344,-0.02,0.0375,0.1004,-0.005,-0.0271,0.1127,0.0379,0.3069,0.3589,-0.1195,0.2874,-0.0087,0.0001,0.0248,0.1106,-0.3337,-0.0257,-0.009,0.0182,0.0078,-0.1502,-0.1015,-0.0156,-0.0095,-0.2984,0.0079,0.1007,-0.0071,0.0231,-0.1024,-0.0047,1.4505,-0.0464,0.0077,-0.0289,0.0265,-0.347,0.0083,-0.0167,0.0086,-0.0059,0.0048,-0.0194,0.0099,0.0228,-0.0173,-0.0121,0.0205,0.0055,-0.0268,-0.0096,0.0076,0.0191
333,5393,108,3,standing,3.0,108.0,5393.0,2.0,108.0,0.0044,-0.6836,0.0132,-0.0164,0.0078,-0.0414,0.026,0.4349,-0.0345,-0.0008,-0.268,-0.0515,-0.1259,-1.2823,-0.0766,-0.067,0.085,-0.1146,-0.092,0.1688,-0.1824,0.1374,0.1086,-0.174,0.2225,0.2756,0.2933,-0.1199,0.3743,-0.1934,-0.3876,0.3948,0.3547,-0.3082,-0.7294,0.6014,1.5792,-0.4955,0.1504,0.2163,0.7965,0.1012,-0.0002,-0.01,0.5467,-0.0061,-0.0021,-0.0077,0.0042,0.9599,0.0041,0.0809,-0.0001,0.02,0.0,-0.0286,-0.0063,-0.0286,0.1127,-0.6983,0.1009,0.001,0.0275,0.0266,-0.1307,-0.0503,-0.2307,-0.0485,0.0238,0.027,-0.1027,-0.0151,0.0062,-0.2509,0.0097,0.0881,-0.0052,0.0153,-0.0751,-0.0205,1.7598,-0.0273,0.0094,-0.0417,-0.0207,0.5873,0.0093,0.019,-0.0252,0.0184,0.0091,0.0036,0.0031,0.0242,-0.0253,-0.0171,0.0089,0.0096,-0.0172,-0.0187,-0.009,0.0114,-0.0111
334,5394,108,3,standing,3.0,108.0,5394.0,2.0,108.0,0.0045,-0.7306,0.0111,0.001,0.0006,-0.0464,0.0314,0.5905,-0.0218,-0.0032,-0.2983,-0.0508,-0.069,-1.1394,-0.0772,-0.0825,-0.0974,0.1517,0.2396,0.1285,0.1655,-0.1046,-0.0804,-0.3057,-0.2747,0.2443,-0.2639,0.334,0.382,0.3569,0.1951,0.2849,0.5082,0.4831,-0.1104,-0.2271,0.9443,1.348,0.0245,0.0373,-0.587,0.4473,0.0001,-0.0075,0.536,0.0079,-0.0062,-0.0037,0.0262,0.6636,0.0165,-0.2207,0.0294,-0.0098,-0.0095,0.0093,-0.02,-0.0277,-0.0451,-0.1508,0.1014,0.01,0.0286,0.1192,-0.1992,-0.0797,-0.0002,-0.0332,0.0266,0.0205,-0.0355,-0.1008,-0.0,-0.2019,-0.108,0.0121,0.0887,-0.0156,0.0192,-0.0239,-0.0272,0.8842,-0.0226,0.0199,-0.0242,0.0261,0.7761,0.0163,-0.0176,-0.0184,0.0228,-0.0025,-0.0168,0.0167,0.0178,-0.0238,-0.0273,0.0248,0.0257,-0.0189,-0.0088,-0.0143,0.0152
335,5395,108,3,standing,3.0,108.0,5395.0,2.0,108.0,-0.0038,-0.7632,0.0111,-0.0004,0.0002,0.034,0.0214,0.2685,-0.0273,-0.0019,-0.1672,-0.0548,-0.091,-1.152,-0.0717,-0.0467,0.063,0.0404,0.0892,0.1225,0.1007,0.2213,0.1824,0.0277,0.2398,0.0508,-0.1198,-0.0165,-0.1109,-0.0803,-0.1016,0.0493,0.02,0.0027,-0.0586,0.016,0.0037,1.3342,0.0238,0.0276,0.0047,0.0205,-0.0063,-0.0031,0.5541,0.001,0.0039,-0.0049,0.0035,0.5966,-0.0286,0.3682,-0.008,0.017,-0.01,-0.0096,0.0195,-0.0056,-0.0045,0.1305,-0.0146,-0.0194,0.0233,0.0587,-0.2893,-0.0259,0.0294,-0.0001,0.0164,0.0321,-0.1121,-0.0266,-0.0044,-0.2969,0.0073,0.1505,-0.0078,0.0162,-0.0884,-0.0158,1.5068,-0.0461,0.0075,-0.0252,0.0099,0.9788,-0.0079,0.0231,-0.0074,0.0054,-0.0053,-0.0083,-0.0034,0.0151,-0.0257,-0.0181,0.009,0.0222,-0.0227,-0.0091,-0.0157,0.0043,-0.0085
336,5396,108,3,standing,3.0,108.0,5396.0,2.0,108.0,0.0017,-0.7042,0.0114,-0.0009,-0.0214,0.0182,0.0523,0.5947,-0.0467,-0.0002,-0.2794,-0.038,1.121,-0.2824,0.0772,0.1181,-0.256,0.0878,0.1613,0.159,-0.0963,0.3074,-0.0695,-0.1856,-0.204,0.1954,-0.0504,0.2275,-0.2969,-0.2655,0.1017,0.001,0.02,-0.01,-0.0001,0.0168,0.1008,2.3837,-0.1191,0.1124,0.1306,-0.4431,0.0032,-0.0048,0.5798,-0.0065,-0.0036,0.0183,-0.0033,0.8966,-0.0041,-0.3421,-0.0332,-0.0035,0.015,0.0186,0.0088,-0.0064,-0.0807,-0.4543,-0.0,-0.0173,0.0237,-0.1108,-0.3949,-0.2608,0.2205,0.0187,0.0192,0.0146,-0.1505,-0.0799,-0.0061,-0.2019,0.0052,0.0962,-0.0085,0.0177,-0.0793,-0.0197,1.5006,-0.0428,0.0184,-0.0271,0.0259,0.7953,0.0051,-0.0091,-0.0062,0.0143,-0.0076,-0.0025,0.0058,0.0253,-0.0273,-0.0171,0.008,0.0266,-0.0257,-0.0088,0.009,0.0146,-0.0123
337,5397,108,3,standing,3.0,108.0,5397.0,2.0,108.0,-0.0035,-0.7306,0.0146,0.0214,-0.0009,0.0001,-0.0323,0.4845,-0.0513,-0.0179,-0.2225,-0.071,0.0811,-1.4665,-0.0468,-0.0696,0.0973,0.1559,0.1674,-0.1733,0.1912,0.209,-0.2436,0.2638,-0.0508,-0.0077,-0.0156,0.1005,0.0373,0.1857,-0.0043,0.0188,0.047,-0.0139,0.001,0.0098,0.0034,1.4941,0.0069,0.0131,0.0807,-0.2789,-0.01,-0.0055,0.533,-0.005,0.0066,-0.0172,-0.0209,0.9742,0.0078,0.2967,-0.0154,0.0206,-0.02,-0.0202,0.0233,0.0184,-0.1509,-0.101,-0.0002,0.0205,0.0239,0.1304,-0.2256,0.0253,0.0252,-0.0222,0.0564,0.039,-0.2881,-0.0037,-0.0032,-0.3006,0.0065,0.1192,-0.0058,0.0171,-0.0793,-0.0162,1.4492,-0.0421,0.0191,-0.041,0.0082,0.7675,0.0152,0.006,0.0161,0.0047,-0.0163,0.0025,-0.0099,0.004,-0.0083,-0.0088,0.0245,0.0195,-0.0229,-0.0136,-0.0187,0.0115,-0.018
338,5398,108,3,standing,3.0,108.0,5398.0,2.0,108.0,0.0111,-0.7391,0.0067,-0.0329,0.0428,-0.0525,0.0896,0.4665,-0.0694,0.0005,-0.2457,-0.1095,1.147,-1.352,-0.1272,0.0773,0.1858,-0.0942,0.1349,-0.1632,-0.1597,-0.2763,0.3685,-0.3874,-0.2322,-0.1948,0.1743,0.3066,-0.5088,-0.4475,-0.2661,0.3786,-0.3334,0.3962,0.0509,-0.0216,0.456,2.6276,0.8139,-0.1104,-0.689,0.1014,-0.008,0.001,0.5546,-0.004,0.0077,-0.0082,-0.0002,0.9953,0.0286,-0.7891,-0.0187,0.0169,-0.0164,0.02,0.0277,-0.0804,-0.4721,-0.8931,-0.1303,0.1198,0.0151,3.5979,5.8316,-0.4013,-0.9301,-0.0981,-0.0077,-0.1005,-0.9876,-0.6584,0.0281,-0.3752,0.0192,0.1041,-0.0152,0.0056,-0.0071,-0.0203,0.4678,-0.0154,0.0169,-0.0146,-0.0188,0.8644,0.0065,0.0043,0.0238,0.01,-0.0119,-0.0013,-0.0259,0.0169,-0.0131,0.0119,-0.0209,0.0235,0.0231,-0.0248,-0.0103,0.0065,-0.0115
339,5399,108,3,standing,3.0,108.0,5399.0,2.0,108.0,-0.0033,-0.6519,0.0132,-0.0212,-0.0005,-0.0064,0.0411,0.4396,-0.031,-0.001,-0.2776,-0.0546,0.0866,-1.0936,0.0792,-0.0615,-0.0504,-0.1824,-0.1475,0.1762,-0.209,0.237,0.2555,0.134,-0.1654,0.1009,0.1507,0.0804,0.228,0.2983,0.1018,0.2886,0.2694,0.1306,-0.3059,0.3872,-0.3942,1.6047,0.1109,-0.3797,-0.5056,-0.6821,-0.0441,-0.0085,0.5895,-0.0002,0.0031,0.0067,0.0204,0.7445,-0.0207,2.4484,0.0191,-0.0239,-0.01,-0.0236,0.02,0.0277,0.0188,-0.3581,0.4934,-0.0879,-0.1126,3.6978,-0.8948,-0.9871,0.5761,0.4314,0.1195,4.7741,-0.638,0.4004,-0.0,-0.2482,0.0051,0.0796,-0.0088,0.0093,-0.0751,-0.0242,1.5006,-0.0294,0.0001,-0.0363,-0.0239,0.4806,-0.0256,0.0073,0.0063,0.0187,0.0205,0.0072,-0.0041,0.0248,-0.0152,-0.0077,0.0077,0.0105,-0.0245,-0.0042,-0.0117,-0.0107,0.009
340,5400,108,3,standing,3.0,108.0,5400.0,2.0,108.0,-0.0105,-0.6569,0.0009,0.035,-0.001,0.0412,0.0135,0.5011,-0.0213,-0.0023,-0.2898,-0.0625,1.1542,-0.177,0.0874,0.0504,-0.0933,-0.0791,0.1143,0.262,0.1046,-0.1934,0.1868,0.1437,-0.0803,-0.1008,0.1657,-0.1011,-0.3064,-0.2736,-0.1507,-0.1126,0.2202,0.2224,0.2949,-0.3879,0.489,2.406,0.4799,0.5976,0.6744,-0.888,-0.0175,0.0151,0.5856,-0.0039,-0.0041,0.01,-0.0195,0.8531,-0.0271,4.8955,0.0084,0.0231,-0.0563,-0.0161,-0.1304,0.1109,-0.9766,-1.8225,0.8632,0.119,-0.4578,-0.7762,-0.5321,-0.0286,-0.2607,0.0071,-0.0443,3.3409,-0.9301,-0.3015,0.0105,-0.3609,0.0052,0.1027,-0.0002,0.0172,-0.0783,-0.0001,1.4752,-0.0423,0.0073,-0.0259,0.0194,0.4803,0.0081,0.0242,0.0059,0.02,-0.0112,-0.0045,-0.0019,0.0245,-0.0196,-0.0019,0.0222,0.0111,-0.0248,-0.0187,-0.0111,0.0042,-0.0104
341,5401,108,3,standing,3.0,108.0,5401.0,2.0,108.0,-0.055,-0.7813,0.0868,0.03,-0.0765,0.023,0.0925,0.8778,-0.0699,0.0461,-0.2743,-0.1072,1.2349,-0.914,-0.1164,-0.1422,-1.378,2.601,3.3388,4.1789,5.3536,6.7139,7.1259,8.4189,0.2858,-0.6957,-1.2655,0.5494,-0.3885,-0.1615,0.2924,-0.1874,0.3475,0.4097,-0.1932,0.397,-0.4856,0.536,-0.0003,0.2092,0.4486,0.4579,-0.0002,-0.0201,0.5846,-0.0256,-0.0095,-0.001,-0.0506,0.669,-0.0271,-0.1192,0.0803,-0.0205,0.0167,0.0373,-0.1126,-0.215,0.6319,-0.1006,-0.4793,0.1105,-0.0451,0.731,0.0493,-0.3456,0.1015,0.1509,0.0231,0.4215,-0.3704,-0.0882,-0.0051,-0.3644,0.0071,0.1308,-0.0041,0.0187,-0.0257,-0.0091,0.0981,0.0072,0.0162,-0.0255,-0.02,0.8345,-0.0239,-0.0198,0.0096,0.0063,-0.0094,-0.0177,0.0188,0.0249,-0.0242,-0.0184,0.0072,0.0247,-0.0235,-0.0119,0.0077,-0.0052,-0.0131
342,5402,108,3,standing,3.0,108.0,5402.0,2.0,108.0,-0.0012,-0.7365,0.0117,-0.0003,-0.0327,0.0058,0.0433,0.4654,-0.0546,-0.023,-0.2557,-0.0872,1.2375,-0.169,-0.0002,-0.0929,0.1154,0.0795,0.142,0.1598,0.134,-0.0637,-0.181,-0.2277,0.2696,-0.2468,0.2847,0.1936,0.1198,0.1506,0.0509,0.0406,0.01,0.001,-0.0001,0.0056,0.027,0.6065,0.0294,-0.0038,0.0803,-0.0256,-0.02,0.0034,0.4852,0.0059,0.0066,-0.0031,-0.0164,0.8841,0.0262,0.0238,-0.1011,0.007,-0.015,-0.0373,-0.0155,0.0237,-0.0435,-0.1009,0.0069,0.0344,0.0539,0.1307,-0.4563,-0.2257,-0.0561,0.0049,0.0179,0.0187,0.0053,-0.1121,-0.0078,-0.2506,0.0085,0.0921,-0.0051,0.0191,-0.0751,-0.0097,1.6743,-0.0462,0.0209,-0.038,-0.0176,0.9973,0.0194,0.0231,-0.0174,-0.0228,-0.0032,-0.0092,0.0186,0.0235,-0.0233,-0.0083,0.0142,0.0189,-0.0082,-0.0093,0.0071,0.0125,-0.0086
343,5403,108,3,standing,3.0,108.0,5403.0,2.0,108.0,-0.0042,-0.7269,0.0133,0.0007,-0.0131,0.0056,-0.028,0.489,-0.0328,-0.0002,-0.175,-0.041,-0.0624,-0.8657,-0.0525,0.001,-0.1164,-0.0957,-0.1272,-0.1558,-0.0898,-0.1366,0.0796,0.2694,0.2719,-0.0504,0.1459,-0.1638,0.1849,0.1109,-0.2277,0.204,-0.2374,-0.101,-0.0809,-0.0584,-0.3767,1.2985,0.3634,-0.6358,-0.3947,-0.1006,0.01,-0.0001,0.5591,-0.0035,-0.006,-0.0189,0.02,0.6879,-0.0188,-1.4463,-0.0409,-0.0289,-0.0546,0.0471,0.1129,-0.3078,0.6987,-0.5345,-0.0456,0.1194,-0.2804,2.9975,3.7095,4.7321,0.431,-0.0231,0.1309,-0.936,-0.766,-0.3404,-0.0054,-0.2303,0.0151,0.0897,-0.0032,0.0226,-0.0771,-0.0092,1.4757,-0.0286,0.0052,-0.0252,0.0141,0.6562,0.0161,0.0228,0.0086,0.0082,-0.0066,-0.0074,0.005,0.0248,-0.0239,-0.0042,0.0181,0.0249,-0.0083,-0.0142,0.0019,-0.0113,-0.0119
344,5404,108,3,standing,3.0,108.0,5404.0,2.0,108.0,-0.0114,-0.705,0.0032,-0.0009,-0.025,-0.034,0.0255,0.3947,-0.056,-0.041,-0.2373,-0.0627,-0.1364,-0.1772,-0.0504,-0.0892,-0.0962,-0.2425,0.1569,-0.1255,-0.1674,-0.1188,-0.2985,0.0775,-0.1003,-0.1953,0.3068,0.2263,-0.2065,0.1867,-0.1107,0.2695,0.1198,-0.2859,0.3343,0.3889,0.1306,1.3783,0.0456,0.3687,-0.4958,-0.1505,-0.0077,-0.0002,0.568,-0.0034,-0.0051,-0.001,-0.0042,1.3552,-0.0057,-0.5421,-0.0207,0.0476,-0.0591,-0.0098,-0.0045,0.1122,-0.449,0.4846,-0.1011,0.0806,0.0031,-0.2166,-0.9635,0.6681,-0.9499,0.2603,0.0441,-0.3806,2.7636,0.8428,0.0079,-0.3752,0.0082,0.1293,-0.0065,0.0202,-0.0751,-0.01,1.0061,-0.0209,0.0065,-0.0252,-0.0178,0.4995,0.0047,-0.0235,0.0197,0.0141,-0.0238,0.0146,-0.0061,0.0206,-0.0077,0.005,0.0231,0.0205,-0.0171,-0.0063,-0.0042,-0.0186,0.0092
345,5405,108,3,standing,3.0,108.0,5405.0,2.0,108.0,-0.0038,-0.7298,0.0113,-0.0375,0.0211,-0.041,0.055,0.4794,-0.0628,-0.0007,-0.239,-0.0765,1.1436,-0.2442,-0.0845,0.0406,0.1258,-0.0922,0.1625,-0.1764,-0.1932,-0.2043,-0.1867,-0.1531,0.1509,0.0231,0.0506,0.1014,0.2633,0.2748,-0.1308,0.0174,0.0485,-0.0806,-0.0182,0.1108,-0.4077,3.5944,-0.2954,0.3057,0.4986,0.0259,-0.001,0.0002,0.538,0.0034,0.0037,0.0066,0.0286,0.7068,-0.0294,-0.5588,-0.02,0.0256,0.0046,-0.0205,-0.01,0.0271,-0.2203,0.3589,-0.1122,0.0063,0.0001,0.1002,0.9973,-0.3972,-0.0449,-0.0448,0.0302,0.0798,2.6987,-0.1191,0.039,-0.3004,0.0085,0.1421,-0.0041,0.0205,-0.1016,-0.0176,1.7861,-0.0583,0.0193,-0.0373,0.0206,0.6052,0.0296,-0.0084,-0.0257,-0.0236,0.0066,0.0071,-0.0042,0.0042,0.0251,-0.0092,0.0095,0.0248,-0.0262,-0.0056,0.0072,-0.0179,0.0097
346,5406,108,3,standing,3.0,108.0,5406.0,2.0,108.0,0.0014,-0.7281,0.0117,0.0008,-0.023,0.0325,-0.061,0.5868,-0.0563,-0.006,-0.268,-0.0431,1.209,-1.167,-0.0766,0.1172,-0.4277,0.135,-0.2988,0.2762,-0.2432,0.3328,0.2278,-0.1852,0.1259,-0.0846,0.0983,0.1129,-0.0443,-0.1543,-0.0509,-0.0065,0.0809,0.0037,0.0044,0.0036,-0.2394,2.6276,-0.0493,0.0135,0.3961,0.4538,-0.0203,0.0069,0.5157,0.0067,0.001,-0.0086,0.0055,0.9621,-0.0142,0.1954,0.01,0.0084,-0.0151,-0.0191,0.0156,-0.0157,0.0002,-0.1199,-0.1307,-0.0148,0.1015,-0.3498,-0.2506,0.1509,-0.1004,-0.0179,0.0064,-0.004,-0.3006,-0.2209,-0.0041,-0.2604,0.0081,0.0949,-0.0085,0.0153,-0.1104,-0.0074,1.5003,-0.0464,0.0171,-0.0298,0.0093,0.9799,-0.0076,0.0175,-0.0182,0.0256,-0.0189,-0.0177,-0.0092,0.02,-0.0187,-0.0147,0.0173,0.0257,-0.0255,-0.0195,0.0123,-0.0117,0.0089
347,5407,108,3,standing,3.0,108.0,5407.0,2.0,108.0,-0.0033,-0.727,0.0114,0.0006,-0.0074,-0.0078,0.0225,0.4396,-0.0345,-0.01,-0.2789,-0.0585,1.139,-0.2275,0.0206,0.0001,-0.0907,0.085,-0.1243,0.0466,0.0699,-0.1049,-0.1858,-0.1672,0.1153,0.1547,0.0506,0.1765,-0.2846,0.2437,0.1109,0.0161,-0.0002,0.0303,-0.0168,0.001,-0.2034,2.8778,-0.1191,-0.2632,-0.2392,0.4469,-0.0162,-0.0057,0.5563,-0.0064,0.0035,-0.003,0.008,0.9521,-0.0119,-0.0806,0.0142,0.014,0.0294,0.0205,-0.0559,0.0231,0.2976,0.3886,0.1306,-0.0079,0.0184,0.1126,-0.3691,0.0463,0.0277,0.0249,-0.0236,-0.2305,-0.1017,-0.0239,0.007,-0.2503,0.0077,0.0856,-0.0098,0.0183,-0.0751,-0.0182,1.8887,-0.0203,0.0073,-0.0357,-0.0141,0.976,0.0096,0.0207,-0.0063,0.0167,0.0048,0.0154,-0.0094,0.0066,-0.0081,-0.0131,0.0052,0.0025,-0.0226,-0.02,0.0093,0.0095,-0.0151
348,5408,108,3,standing,3.0,108.0,5408.0,2.0,108.0,0.0427,-0.7369,0.0186,-0.028,-0.0516,0.0066,0.036,0.4089,-0.0626,-0.0717,-0.2274,-0.0833,1.2055,-1.2988,0.1836,-0.1425,0.4392,-0.1141,-0.1557,0.125,-0.2447,0.0937,-0.1369,0.4821,-0.2346,0.2859,-0.1198,-0.1063,-0.6397,-0.347,0.0506,0.1939,-0.3077,0.0803,0.0049,0.0009,0.1305,3.3562,-0.02,0.1121,0.6898,-0.01,-0.001,-0.0043,0.589,-0.0131,-0.0052,-0.0001,-0.0002,0.6797,-0.0065,2.4432,0.0257,0.0286,0.0142,-0.0078,0.0345,0.0183,0.3885,-0.0443,0.7551,0.101,0.1108,0.3408,-0.6492,0.3016,0.3508,0.2605,-0.2208,-0.3454,0.2167,-0.0561,-0.0054,-0.2308,0.0096,0.0882,-0.0073,0.0184,-0.0751,-0.0194,1.7971,-0.0202,0.0291,-0.0098,-0.0238,0.9946,0.0093,0.0254,0.0076,0.0236,0.0077,-0.0086,-0.0047,0.0043,-0.0181,-0.0059,0.0206,0.0249,-0.0248,-0.0053,0.0195,0.0156,-0.0172
349,5409,108,3,standing,3.0,108.0,5409.0,2.0,108.0,0.0038,-0.786,0.0118,0.0047,-0.033,0.0006,-0.0211,0.4355,-0.0523,-0.0086,-0.2757,-0.0466,0.1375,-0.371,0.0695,0.0042,-0.0743,-0.1709,0.152,-0.144,-0.1665,-0.089,0.0807,-0.1219,-0.1198,-0.1004,-0.2271,-0.0449,0.0504,0.2458,-0.2696,0.1309,-0.2532,-0.285,0.2972,-0.3944,-0.1129,1.3663,0.1504,-0.3521,-0.4933,-0.0447,-0.0002,-0.001,0.5589,-0.0031,-0.0001,-0.0062,-0.01,0.9864,-0.0041,-0.4874,0.0154,-0.0159,-0.0069,0.02,0.0,-0.0272,-0.1108,0.7967,-0.1011,0.0215,0.0097,0.0294,-0.2259,-0.3492,-0.6877,-0.2165,0.0781,-0.0161,-0.3018,-0.3452,-0.0045,-0.2302,0.0073,0.0946,-0.0076,0.018,-0.0883,-0.017,1.4503,-0.0423,0.0052,-0.0247,-0.0209,0.9499,0.005,0.0188,-0.0093,-0.0047,0.0056,0.0087,0.0205,-0.0184,-0.0236,-0.0222,0.006,0.0228,-0.0239,-0.0161,0.0053,-0.0151,0.0085
350,5410,108,3,standing,3.0,108.0,5410.0,2.0,108.0,0.0019,-0.8156,0.0103,-0.0007,-0.0242,0.025,0.0549,0.514,-0.0468,-0.0077,-0.2789,-0.0791,-0.1347,-0.2483,-0.0917,-0.089,-0.1438,-0.0697,-0.2546,-0.2986,-0.1173,-0.1542,-0.1279,-0.1865,-0.2036,0.166,0.223,-0.2396,0.1009,0.0506,0.2872,-0.1124,-0.1011,-0.0803,-0.1109,-0.2688,-0.3376,1.4435,-0.1506,0.5563,3.6639,-0.1309,0.02,-0.01,0.5798,-0.001,-0.0099,-0.0001,-0.0002,0.4884,2.4581,-0.0294,0.027,0.0379,-0.0078,0.0037,-0.0558,-0.0632,-0.5964,0.3474,0.014,-0.0861,0.213,0.947,1.8741,-0.6769,0.4375,-0.0831,-0.0571,-0.2162,0.1194,-0.3003,0.0062,-0.3646,0.008,0.1285,-0.0156,0.0082,-0.0413,-0.0105,0.9501,-0.0106,0.0151,-0.0112,0.0192,-0.5145,0.0065,0.0047,-0.0111,-0.0072,0.0063,-0.0193,0.0257,0.0068,-0.0072,-0.0153,0.0059,0.0152,0.0123,-0.0104,0.0088,-0.0109,-0.0103
351,5411,108,3,standing,3.0,108.0,5411.0,2.0,108.0,-0.0044,-0.7085,0.0123,-0.0002,0.0065,0.0008,0.0215,0.0698,-0.0168,-0.0105,-0.0463,-0.035,-0.1066,-1.1259,0.0238,0.0108,-0.001,0.0195,0.094,-0.1713,-0.0796,-0.0504,0.0157,-0.0305,0.1849,-0.01,0.0804,-0.1105,-0.0294,-0.1474,0.2062,0.169,0.1946,0.0086,-0.1009,0.2473,0.228,1.3781,0.0409,-0.2925,0.4742,-0.2627,0.0221,0.006,0.5834,0.0001,0.0045,-0.0161,-0.0072,0.7386,0.0133,0.2821,0.0256,-0.0,0.0302,-0.0155,0.0089,-0.0239,0.0178,-0.3083,-0.3664,0.1506,0.1194,0.3867,2.8739,3.7597,0.3592,-0.6932,-0.1017,-0.1307,0.4311,0.5699,0.0091,-0.3019,0.0094,0.0893,-0.0076,0.0188,-0.0751,-0.0141,1.5009,-0.0416,0.0179,-0.0276,-0.0148,0.4674,0.0206,0.0051,-0.0182,0.0049,-0.0259,-0.0053,-0.0266,0.0262,-0.0177,-0.0247,0.0265,0.0229,0.02,-0.0236,-0.0131,0.0184,0.0071
352,5412,108,3,standing,3.0,108.0,5412.0,2.0,108.0,0.0042,-0.7282,0.0105,-0.025,-0.0036,0.0434,-0.0255,0.5013,-0.061,-0.033,-0.4141,-0.079,-0.1747,-0.2962,0.0811,0.0458,0.0958,0.2526,-0.1598,0.2483,-0.228,0.1646,0.2733,0.1489,-0.1832,-0.0508,-0.206,0.1344,-0.2857,0.2385,0.0803,0.1109,-0.0008,0.1011,0.1506,0.1193,-0.3768,1.5919,0.4572,-0.3538,-0.4961,-0.704,-0.0196,0.0002,0.5591,0.0043,0.0182,0.0048,0.0195,0.7763,-0.01,-0.6769,0.0,0.001,-0.0259,-0.0165,-0.0187,0.1308,-0.1124,-0.3941,-0.5675,-0.0205,0.0874,0.6488,2.9978,3.5321,-0.7631,-0.3015,-0.0173,-0.0594,-0.7984,0.9744,-0.1006,-0.2507,0.0071,0.0986,-0.0052,0.0093,-0.0766,-0.02,0.6003,-0.0242,0.0233,-0.0157,0.0581,-0.4993,0.0092,-0.0032,-0.0151,0.0111,-0.0248,-0.0019,-0.0066,0.0253,-0.0244,0.0236,0.0025,0.0188,-0.0232,-0.0072,-0.0238,-0.0142,-0.0111
353,5413,108,3,standing,3.0,108.0,5413.0,2.0,108.0,-0.0018,-0.6909,0.0106,0.0107,-0.0042,-0.0157,0.0329,0.4563,-0.022,-0.0004,-0.2655,-0.0585,1.2725,-0.5018,-0.0078,0.0166,0.0077,0.0461,0.0002,0.0898,-0.1714,0.169,0.1172,0.1099,0.1296,-0.1009,-0.01,0.0809,0.1546,-0.1106,-0.0508,0.1017,0.0409,0.0088,-0.0189,-0.0275,0.0586,2.3697,0.0294,0.018,-0.223,0.2432,-0.014,0.0065,0.5823,0.0001,0.0043,0.0019,-0.0247,0.6782,-0.02,-0.0286,-0.0202,-0.0035,-0.0266,0.0375,0.0231,0.0332,0.0356,0.2884,0.0068,0.0233,0.0245,0.0581,-0.3979,-0.0931,0.0238,0.0087,0.055,0.0257,-0.1124,-0.0074,-0.0041,-0.3321,0.0047,0.1191,-0.0048,0.0204,-0.1016,-0.0091,1.4483,-0.0427,0.007,-0.036,-0.0176,0.5937,-0.0203,0.0229,0.0056,-0.0062,0.0173,0.0049,0.0164,0.0092,-0.0229,-0.0052,0.0234,0.0034,0.0249,-0.0226,-0.0193,0.0071,0.0066
354,5414,108,3,standing,3.0,108.0,5414.0,2.0,108.0,-0.0109,-0.7733,0.0075,-0.056,0.0466,0.0611,0.0319,0.5139,-0.0218,-0.0006,-0.2691,-0.0723,1.3568,-1.384,-0.089,0.1574,-0.9762,-0.7198,0.4608,-0.2822,0.3095,-0.8255,-0.4917,-0.1337,-0.2963,-0.3969,-0.1251,0.368,-0.161,0.4588,-0.2557,-0.3421,0.5592,0.2086,-0.2785,-0.4424,0.5082,3.4873,-0.1005,0.1105,2.677,-0.6494,-0.1198,-0.0509,0.5842,0.0803,-0.1015,-0.1126,0.1507,0.8431,0.6578,4.9971,0.4632,0.1308,-0.7943,-0.4787,0.3809,0.534,-0.9645,5.563,0.4016,-0.3642,0.4294,-1.8972,-0.3009,-0.5981,1.3502,0.2251,0.2162,-0.4509,0.9876,0.8998,-0.0002,-0.3235,0.0065,0.1262,-0.01,0.0193,-0.0461,-0.0259,0.8752,0.02,0.0206,-0.0065,-0.0141,-0.4995,-0.0042,0.0052,-0.0032,0.001,-0.0001,-0.0143,-0.0047,0.0183,-0.0242,-0.0236,-0.0097,0.034,0.0245,-0.0205,-0.0133,0.0042,-0.0111
355,5415,108,3,standing,3.0,108.0,5415.0,2.0,108.0,0.0018,-0.7387,0.0133,-0.0008,0.0064,-0.0196,0.026,0.9231,-0.0542,-0.0086,-0.4089,-0.0469,-0.0772,-1.1294,-0.0946,-0.032,-0.0625,-0.0811,0.0504,-0.1949,0.1068,-0.145,0.237,-0.1363,-0.2436,0.2762,0.2638,0.1658,-0.2288,0.1005,-0.173,0.2961,-0.0658,0.0002,-0.0803,0.02,0.0257,1.4897,0.0185,-0.1196,0.1502,-0.288,-0.01,0.0051,0.5396,0.0067,-0.0045,-0.0043,0.0248,0.9987,0.0271,0.5535,0.0132,0.0034,-0.0065,0.001,0.0221,0.0175,0.0174,-0.2603,-0.1019,-0.027,0.1104,0.4498,2.3792,-0.3941,-0.1306,0.0571,0.0578,0.1127,-0.5747,0.039,0.0156,-0.3209,0.0031,0.1181,-0.0082,0.019,-0.0959,-0.0179,1.4687,-0.0413,0.0238,-0.0237,0.0249,0.9566,0.0184,0.0073,-0.0047,0.0053,0.0083,0.0052,-0.0077,0.0157,-0.0228,-0.0191,0.0021,0.0076,-0.0143,-0.0229,-0.0059,0.0118,-0.0115
356,5416,108,3,standing,3.0,108.0,5416.0,2.0,108.0,-0.0043,-0.6907,0.0155,0.0035,-0.0002,0.0009,-0.025,0.5164,-0.0311,-0.0001,-0.2697,-0.0466,0.0849,-0.282,-0.0231,-0.0063,-0.0548,-0.0645,-0.1031,0.0941,-0.136,0.1423,-0.2265,-0.1742,-0.1872,-0.1556,0.1274,0.2989,-0.1937,0.3068,0.0505,-0.1017,0.01,-0.0804,-0.0025,-0.0286,-0.02,1.3461,-0.0194,-0.0191,0.0178,-0.0088,-0.0057,-0.0058,0.5927,-0.0064,0.0046,-0.004,-0.0039,0.6708,-0.001,0.337,0.0038,-0.0236,-0.0062,0.0098,-0.0184,-0.0294,0.1109,-0.2208,0.0175,0.0221,0.0223,-0.1126,-0.1505,0.1191,-0.0409,0.0177,-0.0259,-0.2481,-0.1303,-0.0296,-0.0021,-0.3016,0.0052,0.0951,-0.0082,0.0183,-0.0592,-0.0132,1.4499,-0.041,0.0036,-0.0276,0.0085,0.9545,0.0093,0.0086,-0.0087,-0.0196,0.0047,-0.0053,0.009,-0.0206,-0.0167,0.0076,0.0173,0.0204,-0.0237,-0.0179,-0.0062,-0.0104,-0.008
357,5417,108,3,standing,3.0,108.0,5417.0,2.0,108.0,-0.0118,-0.6812,0.0082,0.0009,-0.0163,0.0162,-0.0561,0.4569,-0.0426,-0.0002,-0.2788,-0.0723,1.1366,-0.0983,-0.0322,-0.0825,0.1446,0.0216,-0.105,-0.068,-0.1164,0.1542,-0.2474,0.1934,-0.1004,0.0803,0.0507,-0.1011,-0.2075,0.286,-0.0041,0.1195,-0.1508,0.02,-0.001,-0.0001,0.0332,0.2996,0.0147,0.0259,0.1106,-0.1126,0.01,-0.0043,0.5833,0.003,0.004,-0.0073,-0.0156,0.7737,-0.0065,0.4421,0.0195,0.0079,-0.0057,0.0059,0.0049,0.0038,-0.0584,-0.0187,0.1303,0.0266,0.0092,0.0356,-0.2167,-0.0531,-0.0178,0.0639,-0.0586,0.0275,-0.0591,-0.009,-0.0053,-0.3536,0.0076,0.1185,-0.007,0.0181,-0.0932,-0.0172,1.5597,-0.0426,0.0194,-0.0271,-0.0089,0.9867,0.0151,0.0206,0.0199,0.0032,-0.0163,-0.0163,0.0065,0.0257,-0.0249,-0.0205,0.0248,0.0255,-0.0193,-0.0234,-0.0052,0.0065,-0.0148
358,5418,108,3,standing,3.0,108.0,5418.0,2.0,108.0,0.0014,-0.6905,0.0107,-0.0007,0.0066,-0.0002,0.025,0.2483,-0.0241,-0.0186,-0.1908,-0.0425,0.1349,-0.2762,-0.0185,0.0059,-0.034,0.01,0.0249,0.0645,-0.1231,0.0972,0.1143,-0.2265,-0.1082,-0.0441,0.0355,-0.0508,-0.0337,0.1774,-0.0289,0.0373,0.02,0.0034,-0.0206,0.0158,-0.0409,1.5474,-0.0077,0.0256,-0.2028,-0.1199,0.0202,-0.0032,0.5796,-0.001,-0.0015,-0.0063,0.0044,0.8929,-0.0286,-0.167,-0.0036,0.0228,0.0035,-0.0056,0.0146,-0.0806,0.0408,0.2342,0.0098,0.0266,0.036,-0.3397,-0.2684,0.0403,0.039,0.033,0.0087,0.0278,-0.1304,0.0041,-0.0055,-0.3641,0.0079,0.0937,-0.0067,0.0148,-0.0775,-0.0151,1.6468,-0.042,0.0161,-0.0276,0.0192,0.8847,0.0038,0.019,0.0121,0.0254,0.0076,-0.0095,0.0193,0.0248,-0.0231,-0.018,0.0066,0.0199,-0.0209,-0.0194,0.0073,0.0088,-0.0191
359,5419,108,3,standing,3.0,108.0,5419.0,2.0,108.0,-0.0035,-0.7734,0.0123,-0.0006,-0.022,-0.0155,0.034,0.427,-0.0543,-0.0332,-0.2706,-0.0786,0.1666,-0.1783,-0.0464,-0.1249,0.0915,-0.1459,0.1181,0.0892,-0.1329,0.1836,0.0507,-0.2297,-0.2462,-0.2531,0.1053,-0.1191,0.0455,-0.1309,-0.01,0.0047,-0.0253,-0.0141,0.0228,-0.0088,0.0804,1.5443,0.0142,0.1108,0.2672,-0.2873,-0.0139,0.0044,0.5889,-0.0033,-0.0038,0.0151,-0.0002,0.785,0.0208,0.4645,-0.0074,-0.0194,-0.0001,0.0245,0.0221,-0.0057,-0.1015,-0.7082,-0.0259,0.0179,0.0156,0.1008,-0.4861,-0.3768,0.3065,-0.1121,0.0257,0.2202,-0.6775,-0.6987,0.0171,-0.2395,0.009,0.086,-0.0096,0.0163,-0.0876,-0.0121,1.5006,-0.0276,0.018,-0.0205,0.0091,0.8515,0.0199,0.0193,-0.0044,0.0032,-0.0086,-0.0163,0.0152,0.004,-0.0184,-0.0209,0.0229,0.0047,-0.0231,-0.0098,0.0095,-0.0201,-0.0095
360,5420,108,3,standing,3.0,108.0,5420.0,2.0,108.0,0.0412,-0.661,0.0033,-0.0618,-0.0594,-0.0798,0.0846,0.4423,-0.0109,-0.028,-0.2541,-0.037,-0.1415,-0.427,0.2479,-0.1155,0.3097,1.5494,2.2989,3.7291,5.1661,4.2791,0.839,1.9231,0.4596,0.1317,1.4088,0.1953,1.3865,0.4959,-1.6877,-0.3475,-0.6451,-0.2213,0.5874,0.4783,0.3786,0.3935,-0.1191,0.2669,-0.3678,0.5076,0.0508,0.0009,0.579,-0.0002,0.0,0.001,0.0142,0.6728,-0.0062,0.1012,-0.1503,0.1108,0.1126,0.0806,-0.1003,-0.1304,-0.4863,-0.3003,-0.5632,-0.2257,0.2303,-0.3454,0.3018,-0.2607,0.0443,-0.0093,0.0237,0.0564,-0.2508,-0.2246,0.01,-0.3808,-0.0081,0.176,-0.0087,0.0227,-0.1027,-0.0001,1.4759,-0.0206,0.0172,-0.0247,0.0043,0.847,0.0203,-0.0071,0.0192,-0.0121,0.0072,0.0173,0.004,-0.0136,0.0156,-0.0199,-0.0085,0.0182,0.0031,-0.0248,-0.02,-0.0095,0.0095
361,5421,108,4,walking,4.0,108.0,5421.0,2.0,108.0,0.1089,-1.1668,0.0694,0.0885,0.134,-0.0062,0.059,0.4819,-0.0186,0.0764,-0.266,-0.1143,1.1257,-0.6604,-0.0973,0.1763,2.812,3.187,4.9554,5.3121,6.2556,7.5164,-1.295,-1.1488,-0.2072,0.2746,-1.3835,2.3397,0.4967,-0.719,-0.3047,-0.3781,-3.1596,0.4422,-0.6684,-0.2893,-0.5969,0.2398,-0.3936,-0.0499,-2.3475,2.5887,-0.458,-0.0608,0.5583,0.1194,0.2461,-2.9531,-0.7832,0.7776,-0.6571,-0.5648,-1.7173,-0.5216,0.0506,-0.0009,0.1506,-0.301,0.0213,-0.4015,-0.4003,-0.0364,0.7941,-0.7428,0.2604,-0.3404,0.1304,-0.3002,-0.3805,-0.1012,0.2803,-1.1002,0.9212,3.5006,0.7684,0.3757,-0.3705,-1.4168,-0.5344,-0.0804,0.2163,-0.4292,0.1105,-0.8212,-0.5494,-0.5752,0.2209,-0.0808,0.4994,0.2502,-0.2302,-0.714,-0.5497,-0.2259,-0.0447,-2.8116,-0.3641,-0.3453,0.3994,-0.3505,0.7698,0.6005,-0.9646
362,5422,108,4,walking,4.0,108.0,5422.0,2.0,108.0,0.1246,-1.1486,0.1657,-0.2061,-0.5013,-0.0942,0.0047,0.5562,-0.1132,0.0163,-0.2474,-0.1749,1.3125,-0.7988,-0.2553,-0.066,2.9077,4.8596,3.0896,5.2735,7.5969,6.269,-0.3981,-0.619,-0.3764,8.284,1.1852,0.3023,0.668,0.4415,-0.5087,0.687,-3.4885,0.1938,0.2933,-0.1099,2.3672,-0.4597,-0.1375,-0.0543,-0.034,1.7851,-0.0224,-0.0467,0.5831,-0.1017,0.0202,-3.6521,0.0608,0.7634,-0.8977,-0.8475,-0.2805,-0.562,0.0503,0.1009,0.0003,0.1127,-0.3015,-0.2603,0.4014,-0.0237,-0.2209,0.3405,-0.2162,0.3005,-0.9882,0.1506,-0.1197,-0.2503,0.9313,-1.9541,1.835,0.5757,-1.1107,-1.1309,0.7319,-0.4504,0.4805,0.3703,-0.0194,-0.3502,-2.099,1.7169,0.4009,-0.0661,-0.0896,0.3649,-0.3457,-0.0653,-2.7686,0.3609,0.2258,0.416,-0.3753,0.3809,0.5276,-0.2303,-1.8273,1.8398,-0.0455,-1.4407,-0.4298
363,5423,108,4,walking,4.0,108.0,5423.0,2.0,108.0,-0.0797,-1.1904,0.1257,0.0077,-0.0922,-0.0196,-0.059,0.5016,-0.0892,-0.0632,-0.327,0.0506,0.1674,-0.9452,-0.1762,0.2695,1.8139,2.5969,3.1855,4.719,5.1347,6.375,0.2436,-0.2056,1.287,-1.3963,7.4972,-2.6087,0.1184,-1.4838,0.7925,-3.4067,-0.2976,-0.1468,0.1046,-0.7585,-1.3064,-0.3598,-0.1541,0.3342,-0.4593,-0.3427,0.1302,0.0006,0.588,-0.0344,0.0218,0.0409,-1.8882,0.6561,-0.9951,-0.7871,-2.8953,0.2167,-0.3003,0.2605,0.6681,-0.1195,-0.434,-0.7321,-0.0441,0.0803,-0.2508,0.8316,-0.2803,0.0443,-0.8631,0.2309,0.2252,0.3405,-0.2209,-0.4298,1.3997,2.5164,-0.3644,0.1509,0.0409,-1.522,-0.4991,-0.4005,0.9425,-0.1104,-2.7169,-0.3019,1.4402,-0.0999,0.5276,0.3451,-0.3708,-0.101,0.4677,-0.0456,0.1121,0.3758,-0.3603,1.5005,1.3804,0.6001,-0.5752,-0.0447,0.5014,0.5015,-1.8753
364,5424,108,4,walking,4.0,108.0,5424.0,2.0,108.0,-0.1701,-1.2542,0.1206,-0.2974,-0.2694,-0.0032,0.2388,0.5043,-0.0468,0.0718,-0.5443,0.1598,1.0548,-0.4085,0.1156,0.0865,3.0922,2.3277,4.6604,5.3069,6.8139,7.9236,8.2763,9.3871,-0.139,-1.3973,1.607,2.1097,-0.4467,-1.6693,0.7999,-0.588,0.3787,-0.142,-0.3389,-0.5976,-3.5799,0.3516,0.3492,0.4762,-0.4575,-1.3664,-0.0325,-0.0507,0.5756,-0.2882,-0.1309,-2.7852,0.7919,-0.4955,-1.7781,-0.5321,1.8631,0.9627,0.2166,0.0373,0.026,-0.467,0.9561,-0.848,0.8324,-0.0266,0.3994,-0.3004,0.7219,0.1002,-1.4017,0.0009,-0.1197,-0.1106,-0.2806,1.4007,-0.8756,0.8507,-2.4994,-0.1127,-1.5665,-1.0998,-0.4677,0.3012,-0.3752,-0.3408,-0.3704,-2.0249,-0.4293,-0.3643,-0.2209,0.3452,0.5663,0.4809,-1.101,-0.3608,-1.5002,-1.4608,0.8776,0.6008,-0.3805,-0.1506,-2.6502,0.4507,0.2507,0.0807,-1.4303
365,5425,108,4,walking,4.0,108.0,5425.0,2.0,108.0,-0.3306,-1.0165,0.1636,0.2655,0.1343,0.0085,0.0592,0.5443,0.089,0.0638,-0.2897,-0.0466,1.9077,-0.8255,-0.1846,0.1258,2.5939,4.4524,3.6303,-0.1757,-0.481,1.354,5.4961,0.3086,-0.2741,-1.1578,-0.0947,0.7988,-0.2982,-1.1144,1.2291,-0.3796,-0.5042,-0.1933,0.6721,0.2389,-1.7077,-0.6069,-0.1194,-0.6499,-1.7572,0.988,-0.2084,0.1308,0.5634,0.1452,0.1102,-2.9432,0.1508,0.6876,6.6315,0.5321,0.0507,-0.0806,0.0224,0.0325,-0.1009,0.8316,-0.2603,-0.9516,-0.3009,0.0379,0.1126,-0.4005,0.748,1.0006,-0.3505,-0.0286,0.2165,-0.4017,-0.8731,0.0449,-1.7364,-0.7459,-0.6224,-0.1012,1.3995,-0.3453,-0.3406,0.3641,0.5689,-0.0755,-1.5109,1.3708,-0.4997,-0.5145,-0.2252,0.0447,-0.0646,-0.0708,-2.5757,-0.7406,0.4299,-0.4679,0.2805,0.4647,0.0656,-0.937,-1.3806,-0.4504,0.6143,-0.4805,0.7296
366,5426,108,4,walking,4.0,108.0,5426.0,2.0,108.0,-0.1283,-1.1425,0.061,0.1323,0.1668,-0.0743,0.0145,0.4961,0.116,0.0078,-0.2856,0.1708,1.7406,-0.914,0.2274,0.059,2.6176,-3.1575,5.8986,3.5143,4.364,6.3938,-0.3788,-1.357,1.2485,-0.4798,0.6964,-0.585,-1.5909,7.0434,-1.482,-3.6693,0.2982,0.1872,-0.7942,-1.3346,-0.5595,-0.9962,-0.1198,-0.2786,-0.038,-2.4465,0.5791,0.1015,0.5319,0.0225,0.3031,2.6321,-0.1121,0.9632,0.8767,-0.4292,0.8976,-0.1103,-0.3015,-0.0505,0.1009,0.3504,-0.8416,0.3451,-0.9737,0.2254,-0.7741,0.7326,-0.9426,-0.1507,-0.0807,-0.0453,0.2607,-0.3005,0.039,0.9443,-1.928,0.3993,-0.9081,-0.2309,-0.4013,0.5009,-0.4003,-0.4802,-0.3806,-0.0951,0.4678,-0.2508,-1.5758,-0.5215,-0.3751,-0.0449,0.499,-0.0006,-0.6502,-0.3706,-0.5509,0.4684,-1.6135,-0.4508,-0.3209,-0.6006,0.0447,0.7689,-0.417,-0.1306,-0.4751
367,5427,108,4,walking,4.0,108.0,5427.0,2.0,108.0,-0.0885,-1.0917,0.0788,0.1119,-0.0561,0.1378,0.0157,0.455,-0.0072,0.1569,-0.2692,-0.1279,1.5463,-0.9452,0.044,0.1858,2.3577,3.1489,5.8013,4.2397,7.4722,6.3368,0.7296,1.4843,0.389,-3.6397,0.362,-2.0698,-1.7095,-1.2555,-0.3775,-2.341,8.0324,1.2839,-0.6783,0.4902,-3.2959,-0.448,-0.1674,0.666,-0.3084,-0.9499,0.1302,0.1126,0.6571,-0.1105,0.1003,-2.8631,0.3219,0.7621,-0.4664,2.6375,0.0803,0.1018,-0.2202,-0.2505,0.1192,0.4016,0.3504,0.8214,-0.5301,0.0231,0.0355,-0.9301,0.5617,-0.8742,-0.2304,0.0503,0.3703,0.2163,-0.628,-0.1503,-1.9636,2.5217,0.0409,-0.2253,0.2609,-2.0006,0.0073,0.0851,0.5758,0.0181,-0.0541,-1.4807,1.3002,-0.8458,-0.3806,-0.4503,-1.4292,-0.3644,-0.8482,0.4992,0.4006,-2.3608,0.3753,-0.5494,-0.9509,0.4406,-1.8757,0.3019,1.4646,-0.5144,-1.414
368,5428,108,4,walking,4.0,108.0,5428.0,2.0,108.0,-0.1588,-1.131,0.0106,-0.268,0.1409,-0.085,0.0045,0.5648,-0.0542,-0.0427,-0.2962,-0.079,0.2463,-0.9509,-0.1625,-0.1279,1.4047,2.6135,3.7406,4.8398,6.3143,5.3976,-0.602,0.5919,-0.2297,-1.6918,-0.3846,-0.3589,-1.3794,-1.3349,-0.1736,-0.6486,-0.6599,-0.1144,0.7831,-0.7072,-1.6632,0.5598,0.023,-0.2393,1.032,-0.0259,-0.5796,-0.0007,-0.5841,0.1195,0.6795,-1.5621,0.4881,0.8743,-1.5213,-0.1014,-0.7768,0.3492,0.0404,0.1003,-0.7574,-0.8548,0.4297,-0.0493,0.5301,-0.3018,0.846,-0.2306,-0.7321,-0.3508,0.1105,-0.0447,-0.0803,-0.3001,-0.1509,-1.3456,1.4504,1.5758,-1.837,-0.0663,-1.3758,-0.1306,-0.3646,-0.0505,0.0182,0.4009,-2.4013,0.5443,0.4677,-0.3409,-0.4998,-0.4999,-0.2606,-0.2209,0.5003,-0.0759,-0.2258,-0.3609,1.3994,-0.7382,0.6193,1.5116,0.9552,-0.6508,-0.6306,-0.0296,1.2809
369,5429,108,4,walking,4.0,108.0,5429.0,2.0,108.0,0.1347,-1.007,0.1209,0.0645,0.055,0.0737,0.0146,0.5116,-0.0416,-0.0825,-0.3611,0.1055,0.1466,-0.8192,-0.0328,0.206,1.2372,2.1865,4.6856,5.714,3.8863,6.388,7.5942,8.4957,1.1786,-3.9451,-0.1574,0.2239,0.6783,-1.6933,-0.4035,-3.2685,1.6421,-0.2743,0.7841,-0.4492,-1.3053,0.6359,-0.1924,0.1015,-1.9548,1.7796,0.5898,-0.1503,0.6004,-0.3489,-0.0504,-2.8431,-0.028,0.5756,-0.7932,1.9973,0.1197,-0.7581,0.1003,0.3759,0.3013,-0.3805,-0.8769,-1.906,-0.94,0.2809,0.1126,-0.4293,-0.5214,1.7675,-0.3991,0.1104,-0.3459,0.1307,-0.0671,-0.3002,-0.8986,-1.4994,0.9717,1.628,0.9319,-2.7169,-0.3405,-0.3708,-0.0406,-0.0004,0.2308,-1.0449,0.4754,0.4679,0.4017,-0.2163,0.2208,-0.8216,-0.3643,-0.4002,-0.2253,-0.2605,0.4127,-1.2507,-0.4804,1.5507,-0.9231,-0.4684,-0.4405,-0.0809,0.5013
370,5430,108,4,walking,4.0,108.0,5430.0,2.0,108.0,-0.0985,-1.2694,0.1406,-0.171,-0.2479,-0.5143,-0.0188,0.5546,-0.1848,-0.0098,-0.3156,-0.0872,-0.8131,-0.369,0.1511,0.385,1.9076,3.2968,2.7116,4.2062,5.167,-2.288,-0.4775,0.2742,-0.2535,-2.2349,6.1378,-2.5743,1.1258,-0.3396,0.6797,-0.4522,-0.4499,-0.6691,-0.6064,-1.0519,2.9539,0.374,-0.1306,-0.3421,0.56,0.6569,-0.5941,0.0009,0.5333,0.0329,-0.5301,-2.7319,0.1013,-0.7432,-0.836,1.936,-0.8952,0.3453,0.7618,-0.0463,-0.028,-0.7761,-0.4678,-0.3003,-0.0504,0.1506,-0.3013,-0.8611,-0.8427,-0.1192,-0.2803,-0.0455,0.3405,-0.0806,0.2604,-0.874,1.4502,-1.3998,0.3757,-0.0999,-0.3643,-0.5756,-2.7297,-0.1009,-0.0182,-0.1109,-2.1124,-0.099,0.4014,0.0099,0.2205,-0.3707,0.5018,-0.4756,-1.414,-0.0476,0.2166,0.0641,1.4303,-1.4299,0.2307,-0.6607,-0.3509,-0.8139,-0.3803,-1.4001,-0.6012
371,5431,108,4,walking,4.0,108.0,5431.0,2.0,108.0,-0.1788,-1.2596,0.005,0.1207,0.0811,0.1479,-0.0962,0.581,0.017,-0.0461,-0.3889,-0.1523,1.3232,-0.719,0.1852,0.0345,3.5695,2.8798,4.339,5.3578,6.9607,0.3768,7.3043,-6.4075,-0.2219,0.6928,-3.2484,0.1391,-0.2953,-3.0639,-0.4727,-1.056,-2.4942,-0.4467,-0.8036,-0.4863,-3.8716,0.462,0.2699,-0.6434,-0.5565,-0.7466,0.1109,0.0219,0.5986,0.1009,0.1505,-3.8321,0.1019,0.9892,0.5785,-0.561,0.0387,0.3016,0.2166,-0.1198,0.326,0.7794,0.4006,0.73,0.2607,-0.2307,-0.0663,-0.3459,-0.9525,-1.3407,-0.7617,-0.2505,0.97,-0.3643,-0.2257,-0.0665,-0.3757,1.3991,-0.7211,-1.4017,-0.4509,0.931,0.3503,-0.0472,0.4236,0.099,0.4673,0.3606,-0.8219,0.3009,-0.1121,-0.429,0.415,0.4806,-1.0008,-0.0506,0.5008,-0.4995,1.0806,-0.2808,-0.9087,-0.5143,0.0446,0.8657,-1.4223,-0.0447,-0.8482
372,5432,108,4,walking,4.0,108.0,5432.0,2.0,108.0,-0.1804,-1.2036,0.171,0.235,0.2402,0.0165,-0.1581,0.5143,-0.0797,0.0069,-0.2759,-0.0574,0.2211,-0.849,-0.1373,0.1455,1.9061,3.2663,2.3967,4.3103,-0.1291,5.456,0.6451,0.1625,6.7189,-0.4919,0.3866,0.6483,-0.0886,7.2972,0.0979,-0.7846,2.5895,-0.3382,-0.3093,-0.2857,-0.9844,0.3761,-0.357,-0.4096,-1.889,-1.7768,0.3494,-0.1015,0.5347,-0.036,0.1121,-0.4721,-0.4885,0.538,-0.8499,-0.6213,0.3456,0.3017,-0.0506,0.1002,0.4375,0.0477,-0.4225,0.8931,-0.1304,0.1108,-0.1508,0.7621,-0.3756,-0.5601,0.8741,-0.1197,0.3506,-0.0807,-0.3707,-1.0009,0.3996,1.4506,0.9095,-0.4671,-0.499,-1.2169,0.2508,-0.2603,0.5754,-0.0169,0.4017,-0.3005,-0.2808,0.4252,-0.0152,0.0551,0.2258,-0.4804,-0.4298,0.2304,-0.0708,-0.3803,0.3604,-0.2204,0.5008,-0.4002,-0.3407,-0.4127,0.6003,-0.4407,0.6504
373,5433,108,4,walking,4.0,108.0,5433.0,2.0,108.0,-0.1396,-1.1569,0.185,-0.2556,-0.2058,0.0979,-0.0078,0.5138,-0.1075,-0.0106,-0.2688,-0.0517,0.7443,-0.9071,-0.2786,-0.0867,1.3919,2.2368,4.144,5.1695,3.4842,-3.2911,1.827,7.2863,6.6011,-2.6549,1.247,0.348,-1.3572,2.2277,-1.1285,-1.6055,-0.3046,-0.6483,0.4798,0.5943,-0.5797,0.4537,-0.0212,-0.3853,-0.035,0.0431,-0.1003,-0.1193,0.4473,0.1303,-0.0006,-2.6684,-0.3674,0.3451,1.932,-0.8952,0.0507,-0.2208,0.0809,0.2258,-0.1015,-0.9921,-0.3751,0.0644,-0.1105,-0.1129,0.2164,-0.0759,-0.3991,-1.5648,-0.3409,-0.2303,0.0441,-0.3706,0.3216,-1.621,1.762,1.2603,0.828,-2.902,0.9445,-0.4677,0.8741,-0.4012,0.2505,-0.0063,-3.9607,-1.9236,0.1508,0.4807,-0.4991,-0.3804,-0.5756,0.3603,-0.0456,-0.6105,0.3509,0.5013,0.4297,-1.6176,-0.9076,-0.4272,-2.3016,-0.0756,1.819,0.4002,1.0332
374,5434,108,4,walking,4.0,108.0,5434.0,2.0,108.0,-0.0036,-1.0738,0.0825,-0.0563,-0.1119,-0.0923,0.145,0.4957,-0.0416,0.0155,-0.267,-0.036,1.2064,-0.539,-0.1747,-0.0645,2.7018,3.1546,4.1259,5.8193,6.6607,-3.1827,7.4472,-0.1375,-0.2856,-1.3786,-0.3598,0.9553,1.5866,0.3968,-0.1089,-0.4074,-3.2481,0.3082,0.2988,-0.3391,-1.6597,0.4895,0.7893,-0.2221,-0.7762,1.9951,-0.438,0.0456,0.7941,0.0215,0.1309,0.0509,-1.8319,0.9032,-0.7318,-0.6942,-0.7631,-0.2169,-0.2206,-0.0806,0.1196,-0.0756,0.522,0.9467,-0.8517,-0.1124,-0.2257,0.8711,1.2607,1.1109,0.537,-0.0008,0.3708,-0.3503,-0.2303,-1.5491,1.8413,1.4294,-0.7178,-0.1011,-0.2809,-1.966,-0.0473,0.1004,0.3804,0.0183,-0.4804,-0.3014,-1.3997,0.5752,-0.3003,-0.0448,-0.086,0.4013,-0.4408,0.4991,-0.4005,0.0759,0.4672,-1.3606,-0.8798,-1.9231,1.6009,1.5276,0.6145,-0.5165,-0.7197
375,5435,108,4,walking,4.0,108.0,5435.0,2.0,108.0,0.1097,-1.3229,0.0903,0.1315,0.0791,-0.0885,-0.0159,0.8343,-0.0461,0.0584,-0.3962,-0.1411,1.266,-0.9807,-0.2824,-0.6607,2.5164,4.388,3.189,5.4795,7.2542,-0.2372,6.885,-0.0098,-0.7189,-0.2756,0.3337,-3.1746,-0.684,-0.2981,-0.367,0.4832,1.5867,-0.1296,0.2275,-0.1655,-0.6683,-0.4543,0.7978,-0.0693,-2.2063,1.3077,-0.5764,-0.1921,0.6569,0.4941,0.3489,0.4299,-0.0456,-0.1191,-3.9499,-0.8731,-0.0224,0.5215,-0.1009,0.2162,0.4474,0.4013,0.4194,0.765,0.0441,0.0803,-0.1309,-0.0454,0.7344,-0.3005,-0.8628,0.1506,0.0508,-0.5321,-1.2206,1.549,-1.0449,0.4991,2.3995,-0.8224,-1.9443,0.0709,-0.3016,-0.3409,0.1013,-0.0007,-0.3644,2.3753,0.3451,-0.2807,-0.2605,0.8356,-0.4405,-0.0409,-0.5758,-0.5187,1.4223,0.4006,-0.1122,-0.3809,-0.4806,0.0708,2.5145,-0.3505,0.3606,-1.0488,0.3234
376,5436,108,4,walking,4.0,108.0,5436.0,2.0,108.0,-0.1796,-1.0792,0.1806,0.0188,0.239,-0.0594,0.0811,0.4827,-0.0098,0.0009,-0.2959,-0.0466,1.6604,-0.7406,-0.2884,-0.256,2.1569,3.1463,4.1289,5.5695,6.8657,9.3772,7.2638,8.3374,0.4483,-3.3513,1.6542,0.1619,0.5886,0.3947,-1.0978,0.2279,-3.6432,-0.7049,-0.7541,1.4699,0.555,-0.4067,0.038,0.1068,0.2495,-1.2043,-0.3497,-0.1194,0.5631,-0.1015,-0.1107,-1.3073,0.4562,0.5782,2.5321,-0.768,0.3452,-0.2202,-0.1008,-0.0362,-0.2162,0.3403,0.3506,-0.8577,0.3006,0.0505,0.3017,-0.3806,-0.4292,0.3996,-1.2806,0.028,0.1121,0.2309,-0.93,0.4014,-0.877,0.5758,0.6502,2.8751,-0.0709,-0.1304,-0.4005,-0.4502,0.0409,-0.0091,0.4806,-1.2504,-0.3751,0.7687,-0.2251,-0.2608,0.0755,-0.1503,0.4405,0.4674,-0.9807,1.5005,0.5504,0.3707,-0.0759,0.3604,1.7005,0.6014,0.3235,0.6001,-0.5997
377,5437,108,4,walking,4.0,108.0,5437.0,2.0,108.0,0.0892,-1.1362,0.147,0.0045,0.2625,0.2788,0.045,0.7115,-0.1572,0.0311,-0.319,-0.171,1.166,-0.6135,0.1868,-0.2886,2.9069,3.8984,-1.332,4.5443,-2.0569,6.0936,-0.5944,-1.0155,0.2447,1.5895,5.0741,-1.4874,7.239,-0.388,-0.2996,-0.2235,-3.3467,-0.4619,-0.3039,0.4073,-1.1276,-0.7857,0.1194,-0.7943,1.8464,-0.8902,-0.0449,-0.0003,0.5632,-0.0506,-0.1006,-2.9975,-0.6585,-0.4961,-1.5321,8.6687,-0.635,-0.4991,-0.8328,-0.3451,0.0806,-0.9421,0.4677,-0.9742,-0.3756,-0.1014,-0.7731,-0.2165,1.9327,1.1505,-1.2251,0.3011,0.2202,-0.2809,0.2606,-0.5703,1.4805,1.4002,1.4402,-1.3806,0.3504,-2.4232,0.5752,0.4298,0.1104,-0.2503,-2.3403,-0.3002,1.1304,0.5213,0.1129,-0.3641,-0.3609,-1.4753,-0.9238,0.9266,0.4608,-0.3709,-1.5003,1.5695,-1.0802,-0.4256,-0.5506,0.4508,0.9452,-0.6005,2.6011
378,5438,108,4,walking,4.0,108.0,5438.0,2.0,108.0,-0.314,-1.0175,0.0894,-0.5207,-0.168,-0.7191,0.1888,0.5625,-0.1337,0.0798,-0.271,-0.059,-0.3574,-0.4885,0.062,0.1742,1.1272,2.0062,3.839,4.607,-0.6143,0.5868,-1.3947,5.0936,1.2655,-0.9807,-0.1146,-1.3097,-1.4077,6.2919,-0.1459,-0.6943,-0.4561,0.2402,0.5066,-1.4433,-0.1557,-0.6541,-0.0434,-0.2881,-0.6493,1.8731,-0.2221,0.2379,0.538,0.0399,0.4986,-2.6776,0.0505,-0.7892,2.8951,0.9532,-0.1199,0.636,0.2808,0.101,0.1102,-0.526,-0.736,0.833,0.0009,0.2306,-0.2608,-0.3708,-0.9627,1.3454,-0.1505,-0.1008,0.0803,-0.1124,-0.8435,-1.9666,1.4509,1.5665,0.3802,-0.0704,-0.5703,0.0443,0.3018,-0.4249,0.5756,0.0165,-0.5165,-1.3752,-0.3409,0.1309,0.3009,-0.3646,-0.4006,-0.5005,0.4299,-0.4805,-0.2166,-0.0451,-1.4168,-0.4994,-1.2257,-0.5648,-0.3508,0.4272,-0.0409,0.0448,0.4673
379,5439,108,4,walking,4.0,108.0,5439.0,2.0,108.0,0.0975,-1.0136,0.132,0.0585,-0.1856,0.069,-0.1943,0.9084,-0.047,0.146,-0.2574,-0.0067,-0.2742,-0.6568,-0.071,0.1146,1.7175,2.5013,3.6118,5.8493,4.694,6.1517,-0.3597,-0.3898,-3.595,-0.1603,-0.3023,0.2963,-0.1294,-0.4799,0.3362,2.4524,-1.8837,-0.2621,-0.2266,-0.2876,0.3486,-0.4491,0.4882,0.4957,-0.538,-0.7872,-0.5595,-0.0441,0.5881,-0.1505,-0.328,-3.9664,0.0806,0.7931,-0.1014,-0.7783,-0.8741,0.8902,0.0505,-0.0343,-0.1305,-0.1105,-0.5481,-0.8428,-0.2207,-0.2503,0.3509,0.539,-0.2605,-1.8139,-1.5211,0.2169,-0.3809,-0.3704,0.4299,-0.4165,2.3011,0.399,-1.0008,-0.1005,0.2804,-2.0277,-0.3452,0.0679,0.4809,-0.4015,-2.3004,-1.0802,-0.7313,0.0406,-0.0294,0.4679,-0.0186,-0.1196,-0.0409,-0.2304,0.5753,-0.1126,0.9708,-1.5276,0.93,-0.4265,-0.3644,-0.8333,-2.8757,0.4995,-0.3145
380,5440,108,4,walking,4.0,108.0,5440.0,2.0,108.0,0.1846,-1.0795,0.1375,0.1658,0.055,-0.1425,0.0432,0.5539,-0.0062,-0.0164,-0.2694,-0.0699,1.1757,-0.719,0.2715,-0.0973,2.3235,4.8657,5.9086,3.4585,-2.5696,-2.6072,0.6897,6.2898,0.2035,0.377,-3.2261,-0.1043,0.3324,-0.368,-0.2391,-0.2911,-2.3419,-0.1286,-0.4842,-0.3892,-1.6549,-0.6793,-0.8877,-0.4776,-0.6321,-0.7469,-0.033,0.0806,0.5311,-0.4481,0.1509,-3.9631,0.6689,-0.838,-3.025,1.845,-0.7941,-0.7852,0.5951,0.1129,0.3452,-0.8745,-0.568,-1.0508,0.0007,0.1106,-0.3018,-0.5757,0.1005,-0.3991,0.828,-0.2254,-0.905,-0.3703,-0.3409,-0.1193,1.2163,0.7759,-3.7684,0.4292,-0.1011,-0.4018,-0.4504,0.4999,-0.3647,-0.3604,-0.4998,-1.6604,-0.4754,0.3754,-0.5165,-0.2602,-0.4405,-0.4679,-0.5497,0.5002,0.1305,0.2203,-1.3808,-0.2505,0.6508,-0.3007,-0.3207,-1.5459,-1.0477,-0.5609,0.6018
381,5441,108,4,walking,4.0,108.0,5441.0,2.0,108.0,-0.1246,-1.0088,0.1078,0.3232,0.1665,0.2391,0.0182,0.586,-0.0585,-0.0922,-0.2703,-0.0626,1.9238,-0.8192,-0.1157,0.1419,2.6604,3.3936,4.295,5.3876,6.1743,0.0781,-0.7294,0.132,7.0892,0.184,0.4549,-0.3396,-0.3066,-0.2472,1.1586,-3.9847,0.3797,0.2542,0.5968,0.6744,-3.7532,0.8764,-0.101,0.5531,1.7099,-0.7921,0.0461,0.1004,0.489,0.0003,-0.0219,3.9534,0.2884,0.5464,1.3563,0.6216,0.538,-0.0504,-0.0806,-0.6952,-0.2209,0.7789,0.3506,0.0403,-0.7324,-0.3017,-0.1306,-0.3402,-0.7413,1.565,-0.4011,0.1126,0.9468,0.1108,-0.4002,0.3453,-0.2805,0.7687,0.3991,-0.4101,-3.5508,0.3703,-0.2257,-0.3802,-0.5002,-0.1508,-0.2507,0.1191,-0.0442,-0.2308,0.3752,-0.3605,-0.0658,-0.4294,-0.2166,-0.4704,-1.5165,0.938,0.4408,-0.7406,-0.5145,-0.4995,0.5758,-1.4677,0.4807,-0.4751,0.3002
382,5442,108,4,walking,4.0,108.0,5442.0,2.0,108.0,-0.0868,-1.1474,0.1364,0.1875,-0.129,-0.2391,0.1672,0.3121,0.0059,-0.1173,-0.0561,-0.0645,1.6397,-0.5834,-0.091,-0.2846,2.015,3.267,4.839,5.1742,7.7291,-0.9077,-0.2057,6.2519,-0.6936,-0.3884,-0.3947,-0.3788,-1.2985,-1.3598,-1.4055,1.2703,-1.6086,-0.4904,-0.1532,-0.6692,1.4463,-0.4867,-0.3397,0.9956,-0.8943,-0.2452,-0.228,-0.6571,0.5325,-0.0214,-0.2606,-0.7877,-0.3079,-0.6214,1.9421,-1.825,-0.0473,0.956,0.9624,-0.3457,-0.8719,-0.3709,-0.1191,0.83,-0.1507,-0.0003,0.3006,0.0503,0.3503,-0.7631,-0.2202,-0.3809,0.1105,-0.1002,0.1127,-1.547,1.9326,-0.4297,0.3013,-0.0992,0.2164,-1.499,-0.1015,0.5703,-0.2306,-0.1304,-0.3604,1.3404,0.4751,-0.0809,-0.4018,0.2509,-0.4006,-0.3642,0.4503,0.5008,0.2253,0.5013,1.4999,1.2809,-1.8751,0.9089,-0.3751,-0.4808,-1.9236,0.6002,0.5502
383,5443,108,4,walking,4.0,108.0,5443.0,2.0,108.0,-0.0116,-1.1486,0.0543,-0.2074,-0.0933,0.1057,0.1119,0.4862,-0.0894,-0.1768,-0.2947,-0.0798,0.8131,-0.9061,0.1855,0.1595,1.1279,3.5942,2.6604,4.3872,5.2349,6.3277,1.285,7.3796,-0.7296,0.886,-2.7867,0.2484,-1.4589,-1.1369,-0.2536,-0.2702,-2.5832,-0.4065,-0.3077,0.0464,-0.7046,0.39,0.2682,-0.6683,-0.4422,0.3491,0.3531,0.1502,0.5621,-0.038,0.0208,2.9775,0.1305,0.6399,0.1012,-0.1009,0.0493,-0.535,0.0006,0.54,0.1108,0.0507,0.1192,-0.3459,0.3016,-0.2206,0.2309,-0.4006,-0.3993,-0.765,-0.938,-0.0952,0.3006,0.2167,-0.8541,0.3757,-0.7316,2.922,0.2803,-0.8726,-0.3803,0.4673,-0.3409,0.1126,0.0803,0.0171,-1.9021,-1.3505,-0.2253,0.5757,0.0252,0.4995,0.3644,-0.4506,0.4017,1.0455,-0.2602,0.7197,1.7291,0.5004,-0.3114,-0.4751,0.0755,-0.3605,-1.8116,-0.9458,-0.6509
384,5444,108,4,walking,4.0,108.0,5444.0,2.0,108.0,0.1669,-1.1206,0.1768,-0.2072,-0.0825,-0.0789,-0.1514,0.6306,-0.0182,0.047,-0.2984,-0.136,0.185,-0.7936,-0.0064,0.2219,3.3963,1.2483,2.2391,4.3897,5.3123,6.8013,0.9706,0.5942,-0.4843,-1.719,-0.3585,-0.4727,0.4586,-0.4428,-0.6537,-2.2631,-0.0574,-0.3381,-0.0978,0.4096,-2.1046,-0.4954,-0.1153,0.3466,0.5856,0.803,-0.0375,0.1509,-0.6792,0.1015,0.0009,-2.9455,-0.9895,0.579,-0.7799,-2.3213,-1.7621,0.0456,-0.8852,-0.0451,0.1126,0.3015,-0.0217,0.3452,0.1198,-0.0804,0.2604,-0.3509,-0.0508,-0.1308,0.3998,-0.099,0.1004,0.737,0.2806,1.5489,-2.714,1.9087,0.5751,-0.8719,-1.7198,-0.2169,0.4674,-0.9312,0.4008,0.2259,-2.5004,-0.1103,-0.6224,0.3757,0.5145,0.4992,-0.0755,-0.4014,-0.3709,0.4753,0.4504,-0.3642,-0.3804,-1.9084,-0.4293,-0.5646,0.6506,-0.3009,0.0443,-0.3609,1.2207
385,5445,108,4,walking,4.0,108.0,5445.0,2.0,108.0,-0.149,-1.1205,0.0092,-0.0107,0.0961,-0.0411,0.172,0.5836,-0.036,-0.1872,-0.261,0.0896,1.2987,-0.3177,-0.1688,-0.2763,2.8695,4.5696,3.3799,5.4939,6.6011,-1.9266,-2.3582,7.4821,0.6964,-0.2857,-0.3343,1.3068,1.5546,0.727,0.5086,1.3885,-0.4722,-1.4498,0.154,-0.7593,-0.7919,-0.3462,-0.2466,0.138,-1.2532,-0.2391,0.0697,0.0409,0.6581,-0.0008,-0.0256,-2.5902,-0.1508,0.6741,-1.837,8.7884,-0.1198,-0.7431,0.0508,0.3408,0.101,0.0483,-0.7719,-0.8976,0.1008,-0.0493,-0.0363,0.1121,0.5281,-0.099,-1.1308,0.0571,0.0803,-0.535,-0.2162,-1.0449,-1.5214,1.9433,0.8753,0.3002,-2.564,-1.5144,-0.3457,-0.4212,0.3803,-0.3758,0.4017,-1.9523,-0.0756,0.2603,0.4808,-0.3641,0.5646,0.3015,-0.734,-1.7117,-0.9355,-0.4143,1.0455,1.2803,-1.4008,-0.7407,-1.5014,0.5999,-0.3504,1.3998,-0.2253
386,5446,108,4,walking,4.0,108.0,5446.0,2.0,108.0,0.1188,-1.259,0.0077,0.0897,0.1258,0.1398,0.0561,0.6138,-0.1057,-0.0143,-0.2776,-0.034,0.2407,-0.598,0.067,-0.093,1.914,2.1617,3.318,4.3955,5.8193,-0.4863,6.7161,1.3723,-2.6962,0.4567,-0.2983,0.1438,-0.2633,0.6086,-2.2272,-0.7936,-1.3465,-0.6489,-0.6818,0.9941,-2.1574,-0.4902,-0.0465,0.2095,-0.4419,-2.7851,-0.4766,0.2893,0.4621,-0.3585,0.5375,2.5091,-0.5632,0.5415,-3.8742,-0.846,0.526,0.0507,0.0008,0.1015,-0.3457,0.3403,-0.3008,0.4508,-0.0473,-0.2209,0.2604,0.4299,-0.1305,0.3507,1.4018,-0.1193,0.2253,-0.3803,-0.1129,0.1505,1.5802,0.9631,-1.71,-0.828,-0.928,-0.5005,-0.9428,-0.7317,0.0804,-0.0406,0.4003,-2.3993,-0.3017,-0.2806,0.3751,-0.2167,-0.5157,-1.1105,-0.4995,-0.8343,-1.5507,-0.7387,-0.9089,0.5131,-0.4807,-0.5752,-0.3706,-0.4402,-0.6503,-1.6708,-0.839
387,5447,108,4,walking,4.0,108.0,5447.0,2.0,108.0,0.189,-1.1297,0.171,-0.0942,-0.086,-0.0182,0.1578,0.7016,-0.0632,-0.0066,-0.3311,-0.0423,1.3115,-0.9141,0.132,0.055,0.2735,3.3962,2.2985,5.2657,4.4907,-1.1475,6.3896,7.5948,-1.6999,-0.8255,-0.6919,-2.7941,1.3655,0.2445,0.4025,-3.5861,-0.2274,-0.2847,-0.0344,0.9865,-1.7093,0.3768,-0.1308,-0.1652,-1.8892,-2.8043,0.0363,-0.3046,0.5631,-0.1002,-0.028,-3.8621,0.1191,0.3495,-0.5364,-3.7767,-0.8799,0.7321,-0.63,-0.2258,0.1503,-0.3407,0.5277,-0.545,-1.4013,-0.2306,0.0003,0.8976,0.3011,-1.2608,0.9436,-0.3003,0.0442,-0.847,-0.4299,-1.2807,0.6558,-1.4804,0.4242,-1.0507,-0.3805,-2.799,1.0289,0.0646,0.0077,-0.2205,-0.3454,-1.8344,-0.9449,-0.3997,-0.0992,0.2504,0.4265,0.1102,-0.979,-0.3502,0.4002,-0.8013,-0.3644,-1.6145,-1.0759,-0.5648,-0.3605,-0.0806,0.1012,-0.719,-0.8249
388,5448,108,4,walking,4.0,108.0,5448.0,2.0,108.0,0.1655,-1.0563,0.089,0.0772,0.0675,-0.0413,0.1436,0.6397,-0.1086,-0.0042,-0.2322,-0.0918,1.252,-0.912,0.1711,0.3066,3.2915,2.8356,4.5898,5.3177,7.0146,6.7161,-0.4743,-0.484,-0.3781,-0.8867,-3.2784,-0.1296,-1.4959,-1.4568,0.4489,8.358,1.2631,0.2892,-0.1932,0.6077,-1.5099,-0.657,0.3461,0.3876,-1.3354,-0.3973,0.2462,0.0003,0.5664,-0.036,-0.0209,1.6974,-0.1198,0.7841,-0.9721,-2.7983,-0.0213,-0.1509,-0.0503,-0.1009,0.0809,0.9591,-0.8527,-0.5793,-0.0646,0.0987,0.3504,-0.3996,-0.536,-0.1121,0.4018,-0.1305,0.2503,-0.2167,-0.4005,0.9436,1.521,0.9683,-0.2604,-0.8273,-2.714,-0.1012,-0.4298,-0.3408,-0.301,0.2309,0.3452,-1.2205,-0.1102,-0.5665,0.5237,-0.3709,0.2803,0.4673,-0.4803,0.3003,-0.0443,0.3608,-2.0249,-0.8776,0.7999,-0.4232,-1.3805,-1.4406,-0.0409,0.979,-0.4994
389,5449,108,4,walking,4.0,108.0,5449.0,2.0,108.0,0.0913,-1.0169,0.0764,0.086,-0.3137,0.1614,0.062,0.4042,-0.0399,0.0577,-0.175,-0.1153,1.2325,-0.827,-0.1258,0.1557,3.5961,2.9798,4.3862,5.7296,6.6875,-0.358,0.2982,-0.1085,1.269,8.4937,7.6353,-0.3979,-0.4844,1.1888,-1.55,-3.3336,-0.2747,1.2898,0.3489,-0.3072,-1.4524,0.7074,-0.0421,0.1956,-0.0443,1.6681,0.0224,-0.1302,0.4622,0.5431,-0.2202,-3.835,0.0507,0.9767,-0.736,1.6541,-0.7893,0.0476,-0.1196,0.1009,0.0806,-0.947,-0.8743,-0.4018,-0.6313,-0.1122,-0.0008,-0.7632,-0.9675,-0.429,-1.5109,0.3453,0.1014,-0.9571,0.526,-0.868,-2.7169,0.8445,-0.2803,-0.301,-1.9452,-0.3704,0.2605,-0.3009,-0.1109,-0.4007,-1.1503,-0.4808,-1.926,-0.2305,0.3996,0.4994,-0.3402,0.5175,0.3643,-0.2161,-0.6509,-1.839,-0.9086,-2.3504,-0.2257,-1.8754,-0.3806,0.4608,-0.0449,-0.4758,0.4402
390,5450,108,4,walking,4.0,108.0,5450.0,2.0,108.0,-0.1081,-1.1205,0.0625,-0.0972,-0.1423,0.0158,0.0086,0.5718,-0.076,0.0508,-0.209,-0.1142,1.6014,-0.9141,0.0438,0.1765,2.3232,3.3769,5.5695,4.1315,7.0874,6.3336,8.799,-3.2827,-0.2631,0.2297,-0.2449,-3.4416,-0.688,0.2959,1.3584,0.794,2.6789,-1.1902,-0.8843,-1.3485,-3.567,0.3971,0.4847,0.0662,1.8764,-0.7894,-0.5575,-0.0399,0.4566,0.3063,0.0008,3.9895,-0.1005,0.623,-0.8321,-1.768,0.1505,0.1018,-0.4615,-0.1309,0.1126,-0.0449,-0.326,-0.3997,-0.3508,0.2259,0.3002,-0.2803,0.7782,0.53,-0.5225,0.2166,0.2209,0.4297,-0.96,-1.3706,-2.7344,0.9091,-1.3756,-0.7999,-1.8193,-0.0755,0.1194,-0.2305,0.4016,-0.3407,0.4995,-2.2605,-0.9666,-0.5013,-0.3453,0.1106,-0.3806,-0.935,-0.6505,-0.4002,-0.928,-0.5004,0.5752,-0.0756,1.8148,-0.516,0.0803,-1.3647,0.7684,-0.5121,-0.3015
391,5451,108,4,walking,4.0,108.0,5451.0,2.0,108.0,-0.1263,-1.3232,0.0195,0.2396,0.2948,-0.1749,0.0065,0.5042,0.0439,-0.0511,-0.2588,-0.0636,1.161,-0.9079,0.3066,-0.1578,2.3568,3.6105,4.0894,5.2485,7.1391,8.5533,6.719,9.289,-0.8776,-0.2631,-0.2082,-0.4419,-0.5832,-0.3498,0.6961,-1.4589,-0.0983,-0.4792,-0.3872,0.4075,0.2267,-0.6474,-0.1446,0.1803,2.5986,-0.706,-0.2737,0.1196,0.5777,-0.1105,0.0239,-2.8052,-0.4301,0.9979,3.0224,-0.8421,0.8741,-0.3405,0.1506,0.0007,-0.1004,-0.7312,0.3017,-0.53,0.3505,0.0231,0.5624,-0.936,-0.3456,0.541,0.9723,0.0505,0.1126,-0.7634,-0.2607,-1.1014,-1.2205,2.5753,-0.2809,-0.2304,0.0409,-0.2162,-2.0709,0.4672,0.0646,-0.3993,0.1308,-0.0708,-1.4117,-0.4299,0.4993,-0.3756,-0.3009,-0.3804,0.4005,0.3648,-0.9659,0.2252,1.7169,-0.4405,-1.5505,-0.4252,0.6214,0.6505,-1.6273,-0.4506,-1.0803
392,5452,108,4,walking,4.0,108.0,5452.0,2.0,108.0,0.2588,-1.0775,0.142,0.1347,-0.1569,0.0922,0.0032,0.451,-0.086,-0.0159,-0.1789,-0.0316,0.267,-0.9708,-0.0424,0.0699,1.7115,2.839,3.0511,4.2392,5.3961,6.3736,-0.5864,-0.7946,-3.6105,7.4844,-0.5585,-1.3386,-0.4072,-0.1851,-0.1938,-2.5083,0.7767,-1.6566,0.2702,-0.2976,-0.4912,-0.3574,0.2894,-0.3098,-2.3463,1.568,0.5421,-0.1509,0.5795,0.1305,-0.2607,-2.7301,-0.1014,-0.425,-3.7897,-0.4011,0.8431,0.0508,-0.2807,-0.2205,0.0809,0.3019,-0.9624,-0.6862,0.436,-0.1198,0.8741,-0.5301,-0.522,-0.3994,0.3704,0.2165,0.3808,-0.1004,-0.3406,0.906,1.4296,1.5752,1.4407,0.9375,-0.3454,0.0449,-0.0442,-0.499,-0.0007,-0.3005,-0.1108,2.3758,-0.7177,0.9072,-0.1127,-0.4234,0.4806,-0.8211,-1.0663,-0.7117,0.5006,-0.7382,-0.7387,-0.6506,0.4999,-0.8255,-0.2307,0.4005,-1.8754,-0.9509,-1.3643
393,5453,108,4,walking,4.0,108.0,5453.0,2.0,108.0,-0.171,-1.06,0.247,-0.166,-0.0963,-0.1548,0.0165,0.3584,-0.0775,-0.1403,-0.2585,0.0897,1.9583,-0.314,0.2295,-0.2058,2.2957,3.2638,4.7143,5.339,-6.819,7.4769,-0.4941,6.1236,-0.374,-0.7911,-0.2823,-3.0413,-0.0562,-0.5589,-0.7851,2.3043,-1.3466,-0.8091,-0.5086,0.1882,-1.3942,0.4588,0.5961,-0.4619,-0.028,-0.2773,-1.7464,-0.6781,0.4421,-0.0003,0.5632,-1.7799,-0.0503,0.9468,-0.831,-3.9631,0.5475,-0.3803,-0.5224,-0.2209,0.2602,0.9853,0.5249,-0.7211,0.8719,-0.1505,0.1012,0.3505,0.5121,1.768,0.3004,-0.1193,-0.0806,-0.1309,0.8348,0.0443,0.9094,1.5758,-0.4297,0.7169,-1.3017,0.0679,-0.4003,0.0193,0.0071,0.0286,-1.0608,0.4018,-0.9238,-0.1008,0.0252,-0.1126,0.1106,0.2508,-0.3992,0.2254,-1.9773,-0.4677,-0.4991,1.8383,1.2803,-0.8356,-1.4509,-0.4271,0.8776,0.2302,-0.3644
394,5454,108,4,walking,4.0,108.0,5454.0,2.0,108.0,-0.0913,-1.0796,0.1415,-0.1136,0.0182,-0.007,0.059,0.6143,-0.0892,-0.0626,-0.3232,-0.044,1.358,-0.7772,-0.1743,-0.2423,2.2746,5.371,3.2598,4.9452,-1.7189,0.4976,0.8482,6.285,-0.6944,-2.2056,0.3962,0.1695,-0.1251,-2.6061,-0.5875,-1.5947,-0.1832,-0.4522,-0.6588,-0.7863,2.2973,-0.6466,-0.3093,-0.3354,-0.3853,-0.1921,-0.4834,0.035,0.5799,-0.5579,-0.8719,-1.9741,0.6852,0.8942,-0.3457,-1.7428,0.1199,-0.0507,0.6785,-0.1012,-0.4676,-0.8315,-0.022,-0.2803,-0.1104,0.1006,0.2164,-0.8636,-0.9413,1.3506,-0.3759,-0.1506,-0.3805,0.4299,-0.0671,-1.8464,1.3007,0.8798,-0.5757,-2.1122,-0.8797,-1.4995,-0.0441,-0.0004,0.4756,-0.4807,-2.5663,-0.5695,-0.4222,-0.1309,0.2302,-0.0756,-0.2605,-0.3408,0.2209,0.3708,-0.5014,0.3995,-0.5002,0.5504,0.3649,-2.4003,-0.619,-0.4403,-0.2259,-0.0807,-0.8192
395,5455,108,4,walking,4.0,108.0,5455.0,2.0,108.0,-0.2598,-1.0863,0.177,0.1466,-0.2392,0.0943,0.0088,0.7136,-0.0774,-0.0147,-0.3115,-0.0549,1.1536,-0.9807,0.1279,0.2694,2.588,4.139,3.6355,7.2962,5.556,6.8255,-0.3764,8.355,0.1161,2.2485,-0.2082,2.1869,-0.064,-1.4896,1.3076,-1.3389,2.4427,0.3878,-0.281,-0.6897,-0.5957,0.1645,0.0432,-0.3486,-0.3984,0.2275,-0.1941,-0.034,-0.0009,0.5499,0.0213,-0.0553,-3.6593,-0.462,0.5621,-0.3003,-2.6731,-0.1102,0.0804,-0.0471,0.1303,0.0506,0.7773,0.528,0.4225,0.1509,0.2259,-0.8715,-0.1005,0.834,-0.9571,-0.2509,0.1196,0.1018,0.4004,0.3458,0.3994,0.4993,2.2608,-0.3406,0.8798,-2.0646,0.4013,-0.4502,0.3641,0.0957,-1.4298,0.3706,-0.5249,-0.9708,-0.1129,-0.006,-0.3804,-1.4303,0.2163,0.4751,-0.3011,-1.2203,-1.8343,0.8333,0.6242,-0.3609,-0.5497,0.2308,-1.3507,-0.3137,0.8596
396,5456,108,4,walking,4.0,108.0,5456.0,2.0,108.0,-0.135,-1.1802,0.0769,-0.1701,0.0946,-0.0515,0.0872,0.4082,0.041,0.0042,-0.2396,-0.0664,1.2074,-0.8443,-0.2757,-0.1436,4.9659,2.2925,3.7189,-3.3575,5.6604,1.3862,6.4963,-0.6048,-1.477,7.3792,-1.588,-2.7811,-2.3324,-0.5567,-1.6512,-0.4568,-2.2894,-0.2695,-0.0344,0.5988,-0.7719,0.1652,-0.2286,0.3943,-1.8973,-0.3041,-0.1015,-0.1129,0.5421,-0.321,0.1197,-3.7931,0.1002,-0.9853,-0.8413,-0.3483,1.9799,0.8737,0.0504,0.2606,0.0006,-0.5611,-0.6661,-0.4013,0.3406,0.1102,-0.3995,-0.301,0.3009,0.2163,-0.3509,0.039,-0.857,0.1506,0.4008,-0.3452,0.6508,1.4297,0.5143,-0.7636,-0.9301,0.3805,-1.4995,-0.3704,-0.0091,0.0409,0.9065,-2.8482,-0.0286,-0.2304,-0.3649,-0.3756,-0.2809,-0.0807,-0.7294,-0.4234,-0.2205,0.6103,-0.4805,-0.0447,-0.1306,-0.4672,-0.719,-0.2253,-0.0472,-1.0488,0.5015
397,5457,108,4,walking,4.0,108.0,5457.0,2.0,108.0,0.2349,-1.1372,0.1874,0.056,0.1766,0.0961,0.0038,0.8333,-0.038,-0.0164,-0.2989,-0.0636,1.2046,-0.9509,-0.0885,0.1148,2.314,3.3947,4.1245,5.3078,0.2488,0.3398,-0.6014,-0.2694,6.3565,-0.1659,0.2551,-2.7197,0.5867,-0.5596,0.1569,-0.6843,7.7062,0.5727,0.1083,-1.0499,2.754,-0.1952,-0.5034,0.1437,0.0741,0.2281,-0.2853,0.0503,0.7632,0.2204,0.0214,0.1193,-0.779,0.9521,1.7986,0.546,0.1013,0.0807,0.3018,0.4473,0.9731,-0.9301,-0.425,-0.6313,-0.5613,0.0008,-0.3007,0.2608,0.8413,1.8746,0.3992,0.1104,-0.4012,-0.2308,1.429,-0.8214,0.7382,-1.3453,0.7689,0.5695,-0.2161,-1.027,-0.1127,-0.3707,0.3406,0.1005,-0.0602,-3.3808,-0.0443,0.2805,0.4503,-0.0811,0.3647,-1.3753,-1.719,1.2251,-0.5006,-0.9076,0.0759,-0.4808,-0.0247,-0.8356,-0.0708,-0.9607,-1.4679,-0.4009,-0.1506
398,5458,108,4,walking,4.0,108.0,5458.0,2.0,108.0,-0.0925,-1.057,0.1406,0.07,0.1655,0.1181,0.0149,0.6336,-0.0326,-0.0433,-0.4061,-0.106,-0.2743,-0.8356,-0.1368,0.1558,2.3547,3.2072,1.0896,4.9807,5.3618,6.7136,0.2442,7.6941,0.3139,0.4819,2.5922,8.295,2.8846,1.7898,-0.4423,-0.6599,1.3789,1.2832,-0.6479,0.3871,-3.3957,-0.3495,0.178,0.0506,-2.6775,-0.7797,0.1263,-0.0005,0.5466,-0.021,-0.0803,3.9431,-0.3076,0.5645,0.5211,-1.7421,-0.8731,0.0409,-0.1003,0.0485,0.2254,0.4677,-0.3014,-0.6212,-0.837,0.2205,-0.1305,-0.3405,0.9065,-0.864,-0.7316,0.1193,-0.1109,0.3647,-0.1015,-0.0662,-1.8548,0.8752,-1.8435,-0.3804,-0.1503,1.5364,-0.4503,-0.2607,-0.0456,-0.2505,-0.3453,2.926,0.8016,0.9311,-0.2164,-0.099,-0.4016,-0.2807,-0.3002,-2.3996,-0.4291,-0.0708,-0.3609,-0.0498,-1.5001,-0.0447,0.1124,-0.4006,-0.826,-0.7169,-0.3757
399,5459,108,4,walking,4.0,108.0,5459.0,2.0,108.0,-0.1344,-1.1558,0.1088,0.07,0.1859,0.0584,-0.1772,0.5096,-0.0169,-0.0626,-0.312,-0.1665,0.6014,-0.9509,-0.2449,-0.0922,1.3725,2.6075,3.7999,4.8343,7.2856,5.7931,6.1168,-2.1463,0.3562,1.2036,-0.2742,0.4789,-0.6497,-3.1274,0.0434,-0.089,-1.4823,0.3876,-0.468,0.3332,-1.4519,-0.4041,-0.2951,0.023,-1.6681,-0.3978,-0.0009,-0.03,0.5743,-0.0807,-0.5593,-1.6798,-0.5421,0.8699,-2.1014,0.5212,-1.947,0.3454,-0.3017,0.1503,0.1106,0.0409,-0.9512,-0.7792,-0.1121,-0.3641,0.0508,-0.3996,0.2607,-0.8547,0.2252,0.3002,0.1196,-0.1003,-0.3759,-1.5491,-1.8726,0.5497,0.8215,-0.1303,-0.0409,1.0604,-1.537,-0.4671,-0.2308,-0.0983,-0.4014,0.73,-1.5013,-0.3708,-0.0549,0.3404,-0.0498,-1.0408,0.5758,-0.4293,0.4505,-0.9084,-0.4006,-0.3507,-1.0998,-0.3806,0.5648,-0.799,-0.4403,-0.0808,-0.8181
400,5460,108,4,walking,4.0,108.0,5460.0,2.0,108.0,-0.1172,-1.0917,0.0163,0.5131,-0.0795,0.1391,-0.0525,0.4567,-0.1066,-0.035,-0.2987,-0.064,0.6708,-0.7169,-0.1255,0.2385,1.1857,2.3765,3.9443,5.0078,4.2736,6.3816,7.3582,0.4974,-3.8495,-1.6964,-0.2096,1.4424,1.2868,1.4794,-0.1558,-2.4839,0.3056,-0.0892,-0.1475,-0.5979,-0.3388,-0.227,-0.0461,0.025,0.3219,-0.3489,-2.9998,-0.2653,-0.1122,0.5215,-0.4321,-2.905,-0.1199,0.9766,-1.8426,-0.8631,0.7773,-0.8046,0.2166,0.2207,0.0454,0.0491,0.8311,-0.4217,0.7627,0.0806,-0.1004,0.3016,-0.3454,-0.0658,-0.3709,0.1308,0.0508,0.4014,-0.2607,-0.2808,-0.3808,0.499,1.7682,-0.4805,-1.1504,-0.3009,-0.2303,-0.3642,0.0006,0.1106,-1.1012,1.0473,-1.3757,-0.3991,-0.5752,-0.3609,-0.9319,-0.4646,-0.3503,-0.626,0.0442,0.3407,0.6009,-0.0756,-0.5234,1.4674,-0.7709,0.6296,-0.4758,-0.327,-0.9607
401,5461,108,4,walking,4.0,108.0,5461.0,2.0,108.0,0.0042,-1.2692,0.0775,-0.1825,-0.318,-0.2402,0.0569,0.4548,-0.0913,0.0897,-0.0146,-0.048,0.8181,-0.7794,-0.1547,-0.3063,1.2859,3.7187,2.9231,4.2988,5.5595,6.3723,-0.6105,-0.5062,-2.149,0.682,0.1256,-0.5817,7.361,-0.7096,-2.6566,1.1932,0.3586,0.164,-0.2279,-0.3931,-1.5767,-0.3411,-0.6064,-0.3344,-0.0399,-0.3872,-1.8327,-0.0693,0.4974,-0.0508,-0.9878,-1.764,0.4321,-0.8971,-1.5215,-1.548,0.5375,0.3453,-0.8544,-0.1506,0.1012,-0.0277,0.7315,0.119,-0.1108,0.0806,0.1303,-0.5143,-0.8428,-0.2805,-0.4006,-0.3806,-0.3409,-0.2254,-1.7999,-0.828,1.4012,0.3018,-1.8766,-0.2606,-1.4991,-0.429,-0.1124,0.3994,-0.0007,0.3006,0.8348,-1.2209,-0.3756,0.1003,-0.2302,0.0209,-0.4752,-0.5647,-0.3643,0.3605,0.5759,-0.3509,1.5165,1.719,-0.7177,1.6118,-0.4408,-0.6508,0.2162,-2.327,-0.4101
402,5462,108,4,walking,4.0,108.0,5462.0,2.0,108.0,0.1801,-1.2663,0.1086,-0.1272,-0.0871,-0.0942,-0.0325,0.655,-0.0788,-0.0061,-0.3919,-0.1398,-0.1789,-0.8125,0.2373,0.047,1.6014,3.1411,4.3897,2.356,5.3114,0.3681,-0.7703,1.9773,6.3068,-1.1695,-2.2233,-2.2091,-0.2832,-0.2466,1.5885,-0.4815,-0.6744,0.6955,0.0547,0.2959,-2.7584,-0.7799,0.2774,-0.026,-0.4082,-0.7937,-0.6449,-0.3462,0.5621,0.0694,0.5746,-2.8701,-0.1124,0.4578,-0.542,7.9344,-0.1192,-1.838,-0.43,0.9631,-0.1108,-0.7664,0.4298,0.535,-0.4013,-0.0803,-0.3643,-0.1009,-0.3997,-0.906,0.3405,0.2169,-0.3508,-0.3451,-0.0504,-0.1302,1.522,1.3007,0.4805,-1.3754,-0.5758,-0.0005,-2.4992,-0.3707,-0.2604,-0.1012,-2.2808,-0.4671,-0.3018,0.3805,-0.099,0.4751,0.2259,-1.0441,-1.0491,-0.4007,-0.1506,0.7647,-1.6298,2.5008,-0.6011,0.6005,-0.4504,-0.9225,-0.5145,0.6016,-1.4651
403,5463,108,4,walking,4.0,108.0,5463.0,2.0,108.0,0.1234,-1.1569,0.1132,0.0897,0.1748,0.048,0.0186,0.4764,0.0042,-0.0696,-0.2846,-0.1461,1.7016,-0.9452,0.0923,0.2519,3.2489,2.3598,4.8333,5.397,7.0549,6.1695,-3.4537,-6.3685,-0.5826,8.3868,-0.4044,0.5931,1.6694,1.2757,1.2933,-0.5082,1.5513,-0.1852,-1.2073,-0.6572,1.0375,0.561,0.2283,-0.6043,-0.0741,1.6776,0.3087,0.0212,0.547,-0.1124,-0.1014,2.6316,0.7793,0.7421,0.8862,1.902,0.3019,-0.7981,0.3408,-0.9951,-0.7871,-1.8191,0.5316,-1.959,-0.1508,-0.2166,0.0239,-0.0503,-0.3703,0.5648,1.5644,0.8411,0.3009,-0.0286,0.1191,-1.4017,0.2603,-1.0007,0.1006,-1.4406,0.3643,-0.9217,0.3757,-0.3458,0.4995,0.4005,-0.5003,-0.0646,-0.2204,-0.1102,0.3991,0.3808,0.4804,0.4297,0.0804,-0.6006,-0.6509,0.5647,0.5165,0.2253,-0.4756,0.5752,-1.4509,0.4252,0.7013,-0.9708,0.2308
404,5464,108,4,walking,4.0,108.0,5464.0,2.0,108.0,-0.0985,-1.2328,0.0095,0.2057,0.1651,0.0892,0.0145,0.4424,0.0515,0.0213,-0.2217,-0.1165,1.1469,-0.9074,0.1056,0.1203,3.3942,2.8825,4.189,5.2736,6.7177,8.2962,-3.3368,7.5999,-1.8192,-6.8919,-0.3546,0.2697,-1.5082,-0.4976,-0.4783,9.7872,0.6066,-3.7074,-0.3786,-0.5963,-1.584,-0.9938,-0.0655,-0.6741,-0.4843,-3.9421,0.3096,-0.0009,0.7784,-0.0461,-0.0506,-2.8775,-0.3473,0.7931,3.3994,-0.1018,-2.5217,0.0294,0.2607,0.2162,-0.1008,0.1305,0.5345,-0.8032,-0.1124,0.1102,-0.0803,0.4006,1.4017,0.0498,-0.3458,0.1194,0.2204,-1.099,-0.4997,0.5008,-0.9327,1.3011,-1.3707,-0.5703,-0.9891,0.3006,-0.3808,-1.4168,0.0756,-0.0441,0.3406,-3.3756,-0.3641,0.5678,0.2259,-0.3505,-1.4295,0.0453,-0.4806,-0.0998,-2.1509,0.2303,1.2807,-1.8193,0.2503,-0.8986,-0.4508,-0.7406,0.4256,0.4404,0.7197
405,5465,108,4,walking,4.0,108.0,5465.0,2.0,108.0,0.0106,-1.2551,0.038,0.0575,-0.3125,-0.2772,0.1046,0.597,-0.0743,-0.0077,-0.1611,-0.1257,-0.0974,-0.9236,0.0894,-0.3569,1.1519,4.8333,3.7143,2.3963,5.3082,-0.2656,0.5695,-0.4766,-1.2892,6.1786,0.3368,-0.2042,7.4489,0.4523,-1.1849,-3.2937,0.2402,-0.6095,0.0464,-0.6018,-0.4061,-0.2298,-0.1388,-0.3876,0.5541,-2.789,-0.5058,0.1473,0.53,-0.4884,0.3621,-2.6783,-0.3432,0.8515,-0.8731,-3.96,-0.7946,-0.3405,0.1197,-0.0449,-0.1011,-0.1006,0.9799,-0.3453,0.5225,-0.1122,0.0507,0.1105,-0.622,0.3706,1.3509,0.1304,-0.1502,-0.2805,-1.2607,-0.3017,1.4016,1.3002,-1.8986,0.2257,-2.0009,0.3649,-0.93,-0.3997,-0.0666,0.0803,-2.0443,-0.8492,1.4673,-0.5013,-0.0892,-0.5145,0.0476,-0.2161,-0.9452,-0.2204,-0.5175,0.6103,0.429,-2.5504,-0.799,-0.3603,0.9509,0.3758,1.4008,1.0755,0.4651
406,5466,108,4,walking,4.0,108.0,5466.0,2.0,108.0,-0.1385,-1.0907,0.0892,0.0563,0.2346,-0.1598,0.0188,0.5584,-0.0499,0.021,-0.1706,-0.1811,1.355,-0.897,-0.1272,-0.2265,2.2982,3.3786,5.6604,4.3879,6.5143,7.5975,9.3232,0.9355,1.1425,-1.2636,0.3078,0.5849,0.7169,-0.8255,-0.246,1.6857,8.2062,-1.3343,-0.1942,1.8028,-0.6432,0.4439,-0.1693,0.0069,-2.4883,1.6781,-0.2761,0.1008,0.4056,-0.1196,-0.032,1.3496,0.1121,-0.7745,-2.7421,-0.7312,-1.6173,-0.479,0.5375,-0.1307,0.1015,0.8741,-0.9431,-0.3014,0.5224,-0.0008,-0.0509,0.4008,0.9737,0.9501,-1.7627,-0.1503,-0.3703,-0.2166,0.4502,0.9666,-0.3644,0.9092,3.5757,0.4291,-0.4805,-1.0806,-0.2602,0.0646,-0.3408,0.0443,-0.2808,0.4991,-1.9236,0.3804,-0.3751,-0.0406,-0.3605,0.5001,-0.2508,-0.4406,0.399,0.2254,0.6002,-0.0493,2.8754,0.1102,-0.3002,-0.9708,0.4999,0.4127,-0.9089
407,5467,108,4,walking,4.0,108.0,5467.0,2.0,108.0,0.1096,-1.0069,0.1695,0.2036,0.0788,-0.0983,0.0894,0.596,-0.0434,0.0142,-0.2619,-0.1155,1.2972,-0.7169,-0.2547,0.1513,2.5143,3.3798,4.1246,5.2839,6.9238,7.8495,-3.0543,-0.3322,-1.6118,-0.3099,-0.1862,1.6827,-0.2448,-0.4956,-1.4065,-0.8906,-2.7579,-0.1776,-0.4538,-0.8041,-2.1431,-0.6691,0.2385,-0.0364,-0.5884,-0.7782,0.4463,0.1002,0.7057,-0.3592,0.1193,2.5053,0.0809,-0.7897,1.2605,1.4293,-0.7464,0.0225,-0.3224,-0.2166,0.1011,-0.1306,0.521,-0.0409,-0.1126,0.1106,-0.2208,-0.7311,0.4002,0.9321,-0.0644,0.1504,0.3405,-0.3809,-0.868,-0.3016,1.8701,1.3996,-1.902,-0.0007,0.0451,0.3506,-0.3458,0.2807,0.4759,-0.0507,-2.5759,-0.2302,-1.8477,-0.0146,0.0441,0.2503,-0.0171,-0.0551,-2.9762,-0.3709,-0.4679,0.3002,-0.4995,-1.9607,0.0455,1.4502,0.3604,-0.4408,-0.3641,0.3751,-0.9708
408,5468,108,4,walking,4.0,108.0,5468.0,2.0,108.0,0.0039,-1.1364,0.0645,-0.0874,-0.0565,-0.0146,0.0962,0.5969,-0.0786,0.048,-0.282,-0.1466,1.5665,-0.7124,0.2291,-0.1043,2.389,3.6355,5.9443,4.2735,6.1236,7.1815,0.1657,-3.8013,-0.506,-0.3344,-0.5819,-2.4872,1.557,1.7532,-2.2967,-1.4923,-0.3794,-0.3498,-0.2696,-1.4797,-0.1711,-0.4084,-0.2588,0.3056,-1.7963,-0.7799,-0.0447,0.034,0.5289,-0.2452,0.1005,0.0213,-2.5321,-0.765,-0.4016,0.7882,-3.8741,0.0509,-0.7321,-0.1196,0.1127,-0.1012,-0.9344,0.1109,-0.8542,0.0004,-0.2166,-0.5165,-0.8931,-0.3704,-0.0806,-0.3502,0.3003,-0.3452,-0.0441,1.8324,-1.7459,0.7687,-1.1307,-0.2608,-1.0602,0.3646,-2.3407,-0.1502,-0.4297,-0.2257,-0.3802,-0.9525,0.3998,-0.4677,0.5759,-0.4402,0.4503,0.2803,-0.5005,0.5509,0.6554,-1.8125,1.5489,-0.3012,-1.6507,0.7169,0.2306,-0.4807,-0.9452,1.714,1.4993
409,5469,108,4,walking,4.0,108.0,5469.0,2.0,108.0,-0.0983,-1.1396,0.006,0.0865,0.1846,0.1236,0.017,0.4547,-0.055,-0.0214,-0.2364,-0.1542,-0.2758,-0.3139,-0.1704,0.2692,1.6018,2.839,5.3874,3.2885,6.482,4.712,-5.2957,7.8825,-0.1655,-3.3562,-0.4086,-0.3075,1.3368,-0.4498,-1.9552,-3.7924,-0.5939,-0.0697,-0.1078,-0.2272,-2.6619,0.038,0.4907,0.1015,-0.1187,-0.3782,-0.1504,0.2605,0.6375,-0.0505,-0.1191,-3.3432,0.6791,-0.5321,-3.9099,-0.5631,-0.429,-0.9577,0.8973,-0.1005,-0.0658,-0.4316,0.9345,0.1109,-0.2253,0.3019,0.7617,0.5263,-0.9425,-1.8423,-0.3506,-0.2165,0.0005,-0.4016,-0.523,0.1121,-2.3708,0.7169,-0.1304,-1.3005,-0.2803,-1.5758,-0.3454,0.0803,-0.0209,0.2506,-0.4504,-0.4806,0.3607,-0.3804,-0.0755,0.0181,0.2303,-0.4995,-2.3649,1.3996,0.4009,-0.9509,-1.7294,-1.6011,-0.8757,-0.3407,0.6143,0.6509,-0.5665,-1.7198,-1.9231
410,5470,108,4,walking,4.0,108.0,5470.0,2.0,108.0,-0.2385,-1.1868,0.1346,0.0165,0.0563,0.0694,0.006,0.6604,-0.0957,-0.0412,-0.2496,-0.1425,1.549,-0.719,-0.1903,0.1744,2.9236,3.5862,4.3121,-0.352,-0.8139,0.4826,-0.1516,-0.4795,5.115,0.0773,0.3069,1.388,-0.3427,1.2275,6.8877,-0.7936,-2.394,-0.6482,0.1084,-0.3776,-1.2987,-0.3342,-0.4578,-0.6681,-1.8959,-1.9986,-0.0897,-0.2852,0.5632,0.4941,-0.7421,-0.2606,-2.559,-0.1109,-1.532,-0.6791,0.022,-0.0473,0.43,0.1309,-0.1503,0.0277,-0.1019,0.399,-0.0807,0.2251,0.2808,-0.3003,-0.838,-0.5753,-0.1005,0.1121,-0.2208,-0.0454,-0.3806,-0.799,1.4406,0.839,1.0507,0.9872,1.9313,-0.2505,-0.0409,-0.4808,0.0661,0.499,0.2164,-0.8192,-1.5443,-0.3015,0.1194,0.3406,-0.0003,-1.4018,0.4256,0.4672,0.0476,0.4252,-0.4298,0.3751,0.3454,1.3709,1.5648,0.7407,-0.4503,0.5276,0.0261
411,5471,108,4,walking,4.0,108.0,5471.0,2.0,108.0,0.2368,-1.0774,0.159,0.2698,-0.1463,0.2748,0.0594,0.7291,0.0185,0.0043,-0.3277,-0.0825,1.1167,-0.6607,-0.2462,0.0903,2.3961,3.959,4.1742,5.5865,6.1397,7.4421,9.5988,-0.1235,-0.8798,8.2957,-1.2295,1.1636,-0.7084,-0.106,0.4947,-2.065,1.338,0.6679,-0.5586,-0.184,-0.9941,-1.4577,0.3793,0.3881,-0.2872,-0.4631,-0.2053,0.021,-0.0475,0.5632,0.1951,-0.0257,-2.3073,0.0504,0.528,-0.8971,-0.3492,0.0009,0.1505,0.0806,-0.1126,-0.3454,-0.874,-0.6962,0.6482,-0.1195,0.2167,-0.7883,0.2605,-0.039,-1.1015,-0.2303,-0.1305,0.0449,0.3508,0.3015,-1.9645,1.768,0.9773,-0.3002,-0.0708,-2.2806,-0.5475,-0.4508,0.1005,-0.1102,-0.3604,-0.4674,-1.4297,-0.4403,0.4007,-0.4011,-0.2508,-0.5005,-1.499,0.3994,0.0756,-0.6506,-0.4803,0.2207,-0.5145,-1.5648,-0.4756,0.2253,0.3649,0.5509,1.0491
412,5472,108,4,walking,4.0,108.0,5472.0,2.0,108.0,0.0163,-1.1874,0.0892,0.0543,0.0059,-0.1406,0.0962,0.5798,-0.047,0.026,-0.3137,-0.0797,1.174,-0.8125,0.1285,0.1347,2.231,3.2925,4.8849,5.1645,6.3976,7.7999,-6.2711,-9.2694,-0.5582,9.3095,-2.3589,8.4869,0.6691,-1.339,10.2437,-1.2277,-0.5867,0.7838,-0.5083,0.2053,-2.3465,0.7544,0.1946,0.2832,0.1596,-0.8499,0.3664,0.038,0.5475,0.0003,-0.0079,-3.6893,0.0294,0.4993,-0.5631,1.8621,-0.5214,0.1192,-0.0803,-0.1508,-0.2607,-0.2203,0.7317,0.101,0.4014,0.1104,0.3707,0.3647,0.728,0.8741,-0.4214,0.3509,0.0286,-0.3808,-0.0508,-0.1309,0.0266,-1.8759,0.4005,-0.5665,2.1126,-0.5008,-0.4291,-0.2309,-0.4807,0.099,-0.1009,0.3757,-0.0646,-0.2503,-0.5756,-0.3402,0.4757,1.2162,-0.3008,0.4681,-0.3608,-0.2803,-0.7682,0.2258,1.0802,-1.4671,-0.3991,-0.4232,-0.3457,-0.3019,-0.6005
413,5473,108,4,walking,4.0,108.0,5473.0,2.0,108.0,-0.1594,-1.1203,0.007,-0.0546,-0.3277,0.0798,0.0159,0.4785,-0.0699,0.1072,-0.169,-0.116,0.3344,-0.5839,0.0878,0.0955,1.1857,2.2656,3.8013,-1.6012,-0.3674,-0.9451,4.6875,5.1438,-0.2486,-0.4525,-2.2023,-0.5043,1.749,0.6963,0.3428,-0.1949,2.1735,-1.6683,-0.2988,-0.048,-0.2267,0.4882,0.4097,-0.3764,-0.1379,-0.3076,0.5421,-0.1013,-0.5327,0.026,-0.2207,-0.1005,-2.7791,0.1305,0.6571,6.734,-0.0456,0.0507,0.0804,-0.0006,-0.119,-0.321,0.4225,-0.8731,0.3508,0.2259,0.3457,-0.2605,-0.623,-0.8952,-1.3409,0.0471,0.1124,0.1109,0.9326,0.9541,1.3648,1.8421,-2.3994,-0.4504,-1.96,-0.3802,-0.3013,-0.1509,0.5752,0.3757,-0.4994,-0.0493,-1.4646,0.3704,-0.0441,-0.4008,-0.4806,0.4671,-0.4757,0.3607,-0.4015,-0.7406,0.5644,0.4272,-0.5131,-2.4297,0.3002,-0.8986,-0.2509,-0.3303,-0.4405
414,5474,108,4,walking,4.0,108.0,5474.0,2.0,108.0,0.0845,-1.0188,0.045,0.3125,0.2632,0.146,0.0085,0.5868,-0.0797,0.0317,-0.2082,-0.1346,1.2457,-0.3596,-0.1655,0.0925,4.3764,2.72,3.8255,-1.3862,5.1272,-1.914,0.6397,1.2986,-1.3079,-1.2839,1.4463,0.0619,6.1083,-0.2747,-0.1866,-0.4823,-0.367,-1.1154,-0.5961,-0.3342,-0.6741,0.8065,0.4922,-0.0598,-0.344,-1.9475,0.1581,-0.1505,-0.022,-0.5399,0.1304,-0.1127,-0.0505,0.5621,-1.7731,-0.8469,0.8743,-0.1191,0.1015,-0.0804,0.1104,-0.526,-0.766,-0.7851,-0.1005,0.0007,0.2254,0.9516,-0.8971,0.3997,-0.3007,-0.0406,0.3808,-0.3409,-0.4504,0.4017,1.4997,0.734,-1.3456,-0.0608,-0.936,0.4679,-0.4008,-0.4806,0.3706,0.056,-1.2604,-0.5757,-0.7423,0.4298,-0.0646,-0.059,-0.2803,-0.4402,-0.3502,-0.2303,0.3012,-0.2504,-1.2162,-0.3298,-1.3754,-0.3608,0.5008,-0.6558,0.7459,-0.7684,0.7169
415,5475,108,4,walking,4.0,108.0,5475.0,2.0,108.0,-0.1342,-1.0872,0.0598,-0.1646,0.1203,-0.0079,0.0933,0.5121,-0.0697,0.0111,-0.2425,-0.0715,0.1747,-0.9807,-0.1474,-0.2385,2.5939,1.8343,4.6451,5.355,3.289,6.2987,-0.7999,-3.262,-0.4418,0.2268,-0.6936,-1.588,0.4819,-2.4062,-0.4904,1.1095,7.3843,-0.2763,0.8867,0.3489,-1.5578,0.3796,0.6683,-0.3094,-0.026,1.6561,-0.1503,-0.0803,0.5321,0.1002,-0.2602,-0.1303,-3.997,-0.4582,0.1015,-1.5764,-0.1194,0.0008,-0.0508,0.2805,0.3452,-0.3004,-0.3503,-0.0404,-0.7791,-0.3804,-0.4013,-0.5625,-0.8413,-0.9345,-0.3212,-0.1126,0.0443,-0.3708,-0.1109,-1.7299,1.4997,1.3015,0.865,-1.7631,-0.2257,-3.4296,0.731,-0.3641,-0.0646,0.0604,-0.2162,-2.3998,0.8493,0.2508,-0.0946,0.4808,-0.0708,-2.6459,0.4674,0.5005,-0.9449,0.3609,-2.4403,0.2205,-0.5758,1.5504,-1.619,-0.6508,-0.7169,-0.7291,-1.3751
416,5476,108,4,walking,4.0,108.0,5476.0,2.0,108.0,0.1342,-1.1874,0.1288,0.0933,0.2097,0.1146,0.0598,0.5969,-0.0465,-0.0149,-0.2655,-0.06,0.3879,-0.9087,-0.2456,0.1072,2.3792,1.6014,3.6058,4.2562,7.1748,6.3661,0.3954,5.3111,0.8695,0.4077,-0.0785,2.1689,-0.2847,-1.667,2.3467,-0.4584,1.448,-0.3023,0.2735,-1.509,-0.6482,0.1553,0.2981,0.1432,-0.6896,0.0399,1.8719,0.0005,0.5786,-0.2275,-0.1108,0.1129,0.0214,0.638,-0.2207,-0.1194,1.5225,0.0803,0.2166,-0.1308,-0.435,-0.0503,-0.0483,0.3451,-0.3507,0.1013,-0.2506,-0.2803,0.4292,-0.3018,-1.9321,0.9431,-0.7851,0.2303,-0.2603,-0.3643,-0.9541,0.8326,0.7687,-0.3994,-0.2252,-0.3004,-0.1503,-0.7611,-0.4757,-0.3757,0.1005,-0.3806,-0.7344,-0.4679,-0.0808,0.4505,0.4995,-0.4005,-0.5497,0.4804,-0.4017,0.5506,-0.5758,0.4689,-1.5165,0.5008,0.3206,0.6505,-0.4404,0.8458,-0.5665
417,5477,108,4,walking,4.0,108.0,5477.0,2.0,108.0,-0.1611,-1.135,0.0563,0.1708,-0.0178,0.0972,0.0795,0.6011,-0.1519,-0.0084,-0.2985,-0.044,-0.3944,-0.8482,-0.2397,-0.2696,2.7117,1.1257,3.3798,4.1475,5.9604,6.3892,-3.3569,0.1867,7.2846,-1.4849,0.3655,2.1088,0.6065,-0.2586,0.4547,-1.2041,0.5824,-0.2732,0.7042,-0.8082,1.5964,-0.3077,-0.3321,-0.0691,-0.6874,-2.2231,-0.3476,0.565,-0.1126,-0.0224,-0.43,0.669,-1.5399,-0.8903,-0.5212,0.877,-0.101,0.7973,0.2606,-0.1199,0.3642,0.3452,-0.6213,-0.3506,-0.2207,-0.1507,0.3708,0.546,-0.3757,0.2804,-0.9499,0.1003,0.1109,0.0804,-0.0008,1.7405,0.4998,-1.3991,0.8301,-1.0443,-0.5143,-2.9312,0.0753,-0.2163,-0.4018,-0.1306,-0.3606,-0.4247,-0.0491,-0.4759,0.4807,0.3017,0.5648,0.0708,-1.5121,0.6138,-0.4265,0.0498,0.4673,-1.3805,1.427,-0.5173,0.0453,0.9079,0.3009,-2.4508,1.5756
418,5478,108,4,walking,4.0,108.0,5478.0,2.0,108.0,-0.2559,-1.1885,0.0563,-0.0096,0.0464,0.1256,0.159,0.4868,0.0897,-0.0165,-0.312,-0.1053,0.1374,-0.827,0.0769,-0.1486,1.9589,2.6451,3.287,4.739,5.0982,6.3598,7.1789,-0.3346,0.3795,-0.3639,0.588,-0.244,-0.665,-0.1672,-0.3078,1.1944,-0.2951,-0.2749,-0.032,-0.2388,-0.6741,-0.1154,-0.0214,-0.2634,-2.7593,-0.0645,0.0473,-0.1012,0.5721,0.0007,0.3881,2.7794,-0.4742,0.5583,8.8475,-1.7976,-0.2231,-0.1008,0.0508,0.436,0.1505,-0.9962,0.8727,0.3996,-0.1108,0.2209,0.1124,0.3456,-0.1191,0.326,-0.3706,-0.1307,-0.2164,0.3004,-0.4997,-1.4011,2.734,0.429,1.5648,-1.5214,-0.2604,-0.0441,-0.4005,0.0443,0.6008,-0.3758,1.8776,0.3508,-1.3011,-0.7407,0.5157,-0.2258,-0.4803,-0.3609,-0.4679,-0.6509,-0.3641,-1.4508,0.4403,-3.6143,-1.2808,-0.7013,-0.5003,-0.3205,0.5751,-0.3403,-1.7459
419,5479,108,4,walking,4.0,108.0,5479.0,2.0,108.0,0.1187,-1.0188,0.141,0.132,0.2346,0.1674,0.063,0.4863,-0.0765,-0.1208,-0.255,-0.0322,-0.0017,-0.9451,-0.2781,-0.2443,1.094,2.6355,4.7185,3.3277,5.8695,6.2692,1.5867,0.4919,7.5596,-0.056,-0.3397,0.4575,-0.3776,3.1557,-2.1869,-0.4786,-0.3582,-0.2839,0.6878,-0.3879,-0.3634,1.9566,-0.4499,0.0216,-0.2953,0.047,-0.1002,-0.1129,0.5942,0.1014,-0.0506,-3.8564,0.2207,0.5617,-0.8032,-1.9421,-0.5211,0.0488,-0.1504,0.0008,-0.1194,-0.1305,0.8316,-0.7772,-0.6212,0.5431,-0.4679,-0.73,-0.9861,0.8941,0.9099,0.0806,0.3506,-0.3991,-0.3009,-0.3807,1.8421,1.3015,-1.4508,-0.9327,1.4294,-0.4008,-0.3643,-1.3453,0.3753,0.3406,0.2257,0.9238,-1.719,-0.4141,0.2806,-0.4016,-0.0151,0.3607,-3.4189,-1.5757,-0.4757,0.4809,1.0658,0.4242,-0.0453,-1.4991,0.799,-0.2606,-0.5003,-0.2503,-0.5014
420,5480,108,4,walking,4.0,108.0,5480.0,2.0,108.0,0.3141,-1.0146,0.0095,0.1804,-0.1762,0.2397,0.0761,0.4569,-0.0364,0.0878,-0.1165,-0.0584,1.3349,-0.827,-0.2857,0.0963,2.5142,4.6355,3.2543,6.3794,5.719,7.1236,0.484,-2.135,1.387,-0.9607,8.2631,-0.1686,-0.3077,-3.3906,9.2402,-1.6022,2.3466,-0.1914,-0.4429,0.592,-2.6789,-0.1088,0.1547,0.2758,0.9956,-3.5596,0.1193,0.3214,0.3542,0.2602,-0.1305,-2.8216,-0.7475,0.7321,-0.6851,1.7219,-0.4017,-0.1502,0.9876,-0.0005,0.7985,-0.3016,0.8741,0.0756,-0.5311,-0.0503,-0.2162,-0.9324,0.2202,-0.3708,-0.906,-0.3648,-0.1104,0.3404,-0.3806,0.4009,1.1014,1.5703,0.838,-1.4505,-0.4993,-0.0681,0.1005,-1.3992,-0.0441,0.3003,-0.3608,-0.3453,-0.0808,-0.2254,0.2808,0.0143,0.0791,0.2308,0.4405,-0.4292,-0.4677,0.1127,0.5006,-0.4807,-0.6145,0.7197,-1.0807,-0.5214,0.7169,-0.8458,0.3205
421,5481,108,4,walking,4.0,108.0,5481.0,2.0,108.0,-0.1462,-1.0047,0.1245,-0.1736,0.2325,-0.0586,0.0465,0.9236,-0.1668,0.0915,-0.295,-0.1155,-0.087,-0.7177,-0.1885,0.3059,2.3557,1.8798,3.4837,4.132,5.2824,-3.0188,1.6011,6.4963,7.3496,1.334,-0.1083,0.2692,-3.5867,1.7906,0.0742,-0.0322,0.7769,0.2789,-0.3866,-1.7519,-0.3956,0.7421,-0.028,0.6087,0.4699,-1.9851,0.1505,-0.1109,0.6495,-0.1015,-0.0803,-2.9431,0.1195,0.5213,-0.545,-2.7841,-0.4471,-0.3018,-0.2804,-0.2305,-0.2253,0.0008,-0.321,0.93,-0.0455,0.0447,-0.1121,0.534,0.9099,-0.7675,0.1002,0.0507,-0.2207,-0.4313,0.2605,1.725,-1.7311,0.8216,-1.3641,-0.4991,-0.9761,-0.3706,0.3751,-0.3002,0.5396,-0.8475,-1.0663,-1.5757,0.4759,-0.3457,-0.0992,-0.4508,0.1302,-0.0409,-0.4806,-1.2502,0.5175,0.4677,-0.3606,1.7117,0.429,-0.3405,-0.6276,-0.8986,0.5999,-1.4166,0.0488
422,5482,108,4,walking,4.0,108.0,5482.0,2.0,108.0,-0.0933,-1.1941,0.1135,0.1672,0.0892,0.2361,-0.142,0.651,-0.07,-0.1578,-0.3114,-0.0464,-0.3962,-0.7143,-0.2694,0.2542,1.8982,2.126,3.6607,4.9069,-0.0577,1.247,0.0157,6.494,1.5537,5.135,-0.4718,1.2217,1.6828,-1.5943,-0.3499,-1.4491,-0.2963,0.489,-0.2795,-0.5876,-2.3088,0.6684,0.3683,-0.3846,-1.6921,-0.4582,-0.0375,0.1193,0.568,-0.1017,-0.0214,0.1009,-0.1309,0.8519,3.7974,-0.8967,0.1103,0.3407,-0.2205,-0.0807,-0.0507,0.5413,-0.8631,-0.1508,-0.3213,0.3007,-0.73,-0.9645,-0.8744,0.528,0.1122,0.2505,0.2602,-0.5328,-0.4991,-0.9278,-1.3808,0.9766,-0.5689,-0.8998,1.93,-0.2804,-0.4508,-0.3452,0.3018,-0.0171,-0.5004,-0.3508,-0.4295,-0.4013,0.0755,-0.2258,0.3646,-1.0441,-0.5648,-0.9552,-0.9509,0.5165,-0.3754,-0.0449,0.3709,1.0005,0.3607,-0.9708,0.5757,-0.0449,-0.4758
423,5483,108,4,walking,4.0,108.0,5483.0,2.0,108.0,0.1288,-1.1674,0.0136,-0.1398,-0.0063,-0.0746,0.1119,0.5833,-0.0475,0.1072,-0.2456,-0.065,-0.2885,-0.3102,-0.0925,0.056,1.187,3.9238,2.1438,4.1765,5.6118,0.458,7.7233,1.819,-1.5539,6.2957,-0.5908,-0.2627,1.4797,-2.4423,0.3499,-0.4042,1.4896,-0.6971,0.1577,-0.3741,-3.7921,-0.4967,0.6495,-0.2091,1.7861,-0.6835,0.3083,-0.2286,0.434,-0.1008,-0.0506,-1.8966,0.0493,0.768,-0.023,-0.036,0.3211,-0.2203,0.2606,-0.1199,0.1104,0.53,0.625,-0.1503,0.8731,-0.0007,-0.1012,0.8475,-0.3704,-0.3458,0.3012,0.3406,0.3003,0.5434,-0.3997,-1.1304,0.9021,2.3644,0.928,0.8214,-1.8443,-0.523,-1.4991,0.4015,0.0266,-0.93,-0.4809,1.9427,-0.1127,-0.4999,0.099,-0.2304,-0.3759,0.5759,-1.0992,-0.4004,-0.8249,-0.4242,-0.7018,-1.3606,0.2162,-0.4409,-0.099,-0.738,-0.9807,-0.2806,-0.5008
424,5484,108,4,walking,4.0,108.0,5484.0,2.0,108.0,0.1082,-1.0973,0.1874,0.1398,0.1606,-0.2066,-0.1725,0.6137,0.0778,-0.0042,-0.2462,-0.0544,1.2389,-0.7233,-0.0179,0.1511,2.9443,3.8343,4.4822,6.2769,5.1251,7.3102,1.0872,-0.269,-3.3957,8.2985,0.3881,-0.3586,-1.145,-3.287,-0.0465,-0.4536,-1.5541,1.5875,0.3431,0.594,-1.9767,-0.378,-0.026,-0.4933,-0.4788,1.463,-0.0399,0.0003,0.7796,0.0083,0.0068,-0.1003,-3.9519,-0.6494,0.8421,2.547,-0.2206,-0.0447,0.0503,-0.2166,0.1307,-0.1504,-0.526,0.301,0.3004,-0.1196,-0.1126,0.43,-0.63,1.2608,-0.8732,0.2509,0.2251,-0.3406,-0.1012,1.4991,0.4016,3.9322,0.922,-0.562,-1.4005,-0.1105,-0.3606,0.3456,0.4753,0.0806,-2.6242,-0.0448,-0.7617,0.53,-0.2805,0.099,-0.0168,0.4807,0.4506,-0.3758,-0.739,0.3706,0.0653,-2.9509,0.2307,-0.5223,-0.8122,0.4672,0.5237,0.3647,0.7017
425,5485,108,4,walking,4.0,108.0,5485.0,2.0,108.0,0.0518,-1.0065,0.132,0.0906,0.0464,0.015,-0.089,0.5968,-0.0328,-0.1436,-0.4516,-0.0798,1.7143,-0.9458,-0.2425,-0.1157,2.2638,4.6303,3.121,-3.1749,-1.2291,5.157,7.3581,6.2985,-2.2337,-1.3979,-0.8776,-2.4788,-0.3086,-0.6619,-0.6783,0.3346,-0.274,-0.4821,-0.568,-0.7876,2.8943,-0.5596,0.4434,0.1013,-0.5475,-0.5832,-0.1009,0.026,0.532,0.0506,-0.6941,2.7761,0.4217,-0.7217,2.628,-1.7431,-0.736,0.9766,0.2806,-0.1191,0.0006,-0.0473,-0.6399,-0.9593,-0.1126,-0.1506,0.9427,-0.3704,-0.8717,0.8425,-0.0455,0.3647,-0.2167,-0.2307,0.0447,0.0406,-1.525,0.825,1.499,0.3408,-0.3009,-2.0608,-0.0809,-0.2604,-0.2208,0.3757,-0.4016,0.3993,0.5753,-0.4236,-0.3509,-0.0441,-0.4806,-0.4757,-0.3015,-0.0476,0.4002,-0.416,0.5497,0.3803,1.1109,-0.2503,0.5004,0.7407,0.1305,-0.8192,0.7387
426,5486,108,4,walking,4.0,108.0,5486.0,2.0,108.0,0.1469,-1.0106,0.0885,0.1249,-0.0589,0.0098,-0.1146,0.5825,-0.0741,-0.038,-0.239,-0.165,1.2957,-0.9141,0.2482,0.0947,2.1391,3.156,4.6355,5.8776,0.2619,-1.3865,-0.3137,6.3936,-0.7187,-1.3775,-0.3368,1.5535,0.184,-1.2862,-0.5944,-0.0421,-0.2097,-0.1766,0.7094,-0.4577,-0.2213,0.6795,0.1063,-0.1009,1.9983,1.3496,0.2748,-0.023,0.5752,-0.1109,-0.0008,-1.8432,-0.5318,0.6493,-2.8731,7.5425,-0.7618,0.1306,0.0404,0.0504,0.301,0.0472,-0.7974,-0.8611,0.2606,0.0455,0.0809,-0.1015,0.526,-0.7872,-0.8892,0.1198,-0.2164,0.1506,-0.4011,0.2208,-1.566,0.7328,-1.4998,-0.423,-0.4328,-0.3459,-2.3008,-0.3403,0.429,0.0661,0.3993,0.3704,-0.3609,-0.4803,-0.4369,0.3756,-0.5013,0.4508,-0.3505,-2.5695,0.1126,0.0447,-0.3808,-0.2253,0.2804,-0.9452,0.2506,0.6503,0.3647,-0.0451,-0.8493
427,5487,108,4,walking,4.0,108.0,5487.0,2.0,108.0,-0.1032,-1.1856,0.1257,0.2392,0.1182,0.055,-0.0375,0.586,-0.0089,-0.079,-0.3536,-0.1349,1.0988,-0.7169,-0.0142,-0.1941,2.9458,3.2824,4.0872,5.8348,7.1543,6.3115,1.2662,8.2091,0.3783,0.2594,-0.3096,0.5976,0.2933,-6.4068,0.0465,-2.3948,-1.6769,-0.7066,-0.1655,-0.1422,-3.3417,-0.3847,0.4544,-0.7763,-1.9946,-0.6474,0.068,0.2752,0.5464,0.0233,0.028,-3.8721,0.9727,0.7895,0.499,-0.7973,-1.865,0.9871,0.2803,-0.1005,0.101,-0.0449,-0.538,0.8431,-0.0443,0.2608,-0.1308,0.0286,-0.3017,-0.4006,1.9327,-0.119,0.0007,0.0507,0.0804,-1.3451,-1.8756,1.5758,-0.7447,-0.1503,0.0709,-0.4017,-0.2508,0.4759,0.8513,-0.4298,-0.3009,-0.4672,-1.4507,-0.0661,0.3706,-0.3804,-0.3991,0.2205,-0.3508,-0.5006,0.3608,-0.3643,-1.1109,-0.1121,-0.5249,-0.9666,-0.3759,0.5263,0.0451,0.0473,-0.3405
428,5488,108,4,walking,4.0,108.0,5488.0,2.0,108.0,0.2368,-1.1892,0.0543,0.265,0.2472,0.0065,0.0962,0.8333,-0.0742,0.1555,-0.2897,0.0149,-0.1274,-0.7189,-0.3137,-0.1475,1.979,2.1395,3.3764,4.256,5.0885,0.6176,-0.2036,6.5847,1.359,1.3386,-0.2954,1.3811,-1.5939,0.1916,-0.7948,-1.1706,-0.2776,-0.5793,0.4422,-0.461,-1.8867,-0.4066,0.3482,0.0421,-0.6971,1.3098,0.1505,0.022,0.7832,0.1127,0.0509,1.538,0.037,0.9963,-0.7313,7.5613,0.4589,0.1018,0.7796,0.8731,0.4299,0.0493,-0.841,-1.945,0.3704,-0.2609,-0.3803,0.0447,-0.8317,-1.523,-0.1003,0.4006,-0.0007,0.0658,-1.1305,1.9481,0.3451,-1.719,0.3012,-0.2251,-0.2805,-1.0803,-0.1194,0.1108,0.5275,-0.3642,0.5001,0.3994,0.2169,-0.4252,-0.3758,-0.2202,-0.6001,-0.3008,-0.7681,0.4753,0.4991,0.0476,-0.4509,-1.3403,-0.4016,0.5646,-0.5999,0.0667,-0.4803,-0.3113,-1.5757
429,5489,108,4,walking,4.0,108.0,5489.0,2.0,108.0,0.1796,-1.1805,0.2082,0.0941,-0.1288,0.166,0.1347,0.589,-0.1184,-0.1586,-0.2519,-0.08,1.6604,-0.4572,-0.0468,-0.2398,2.0149,4.2435,3.9589,5.712,-3.3795,6.8122,1.2228,0.3092,0.657,-0.2975,2.0794,7.3897,0.1455,-0.331,1.2762,0.5077,-0.5946,-0.7869,-0.6632,0.2639,-3.4863,-0.6789,-0.3699,-0.8064,0.0693,-1.5434,-0.032,-0.1002,-0.5742,0.2602,0.0212,2.4461,-0.4073,0.5621,-1.43,-0.7431,0.8744,-0.3458,0.0504,0.0809,0.1194,-0.1122,0.5695,-0.7976,-0.8511,0.0007,-0.0442,0.5345,-0.1506,-1.2808,-0.2163,-0.2251,-0.3011,-0.4504,0.2205,-0.0441,1.3806,1.526,-0.837,-1.4993,-0.4011,0.3003,-1.4303,-0.1104,0.4809,0.2303,-1.4298,0.3758,1.0477,-0.3995,-0.0851,-0.1304,-0.5276,-0.5237,-0.3405,-0.0443,0.5754,0.3502,-0.7233,-0.8192,-0.839,-0.6506,1.4002,-0.5647,-1.4407,0.1017,-0.9451
430,5490,108,4,walking,4.0,108.0,5490.0,2.0,108.0,-0.1183,-1.1368,0.04,0.2408,0.206,0.0179,0.0963,0.4569,0.0326,-0.0546,-0.2291,0.1742,1.6451,-0.9079,0.2925,2.7182,3.389,4.3231,5.1866,-0.8333,1.1656,-0.125,-0.1575,-2.5941,-0.1488,6.371,-0.6519,1.2754,-1.4077,-2.7895,-0.363,-1.5735,7.7092,-1.2386,-0.8947,0.4434,-0.8767,-0.5898,0.3397,0.1196,-0.3949,-1.2873,-0.1005,0.0696,0.4876,-0.1124,-0.6494,-1.5574,0.4321,0.528,0.4995,-0.9961,0.6212,0.5328,-0.0508,-0.0216,0.1017,-0.2605,-0.3012,-0.1504,0.846,0.2162,0.3404,0.4008,-0.1106,1.4298,1.2206,0.3008,-0.0807,-0.3451,1.828,0.8532,0.9327,-1.7224,0.5646,0.5753,-0.3703,-0.0009,-0.2808,-1.3757,0.1309,0.3809,0.4012,0.2309,-0.619,0.4804,0.3991,0.3647,0.5005,0.8482,-1.4506,0.6003,1.0456,-0.6504,-0.3505,-0.099,-0.7177,0.7683,0.8013,0.5263,-0.9077,0.5164,-1.5443
431,5491,108,4,walking,4.0,108.0,5491.0,2.0,108.0,0.1161,-1.1539,0.0065,0.0195,0.1446,0.1857,0.065,0.839,-0.0413,-0.0786,-0.327,-0.0544,0.2062,-0.9443,-0.0842,-0.1768,1.261,2.1638,3.6303,5.5947,4.359,-1.374,6.7136,-0.2271,-0.2597,-0.607,0.2949,-1.1288,7.3467,-0.4598,1.2743,-0.7919,2.7791,-0.6482,-0.5533,0.7532,-0.3663,-0.0941,-0.2856,0.2399,-2.8521,-0.6624,0.3053,0.1126,-0.0215,-0.4873,-0.1106,2.7893,0.0345,0.5872,1.748,0.8969,-1.9631,0.0387,0.0456,0.1014,0.0441,0.541,-0.1195,0.1004,-0.1503,0.0005,-0.8712,0.2202,-0.4016,1.7624,-0.1305,-0.0807,0.3408,-0.0503,-0.3708,1.842,-1.8755,0.526,-0.9426,-0.835,-2.0209,-0.2169,-0.2806,0.4003,0.3016,-0.2509,-1.4505,-0.5754,-0.3643,-0.2305,0.3994,-0.2257,0.0755,-0.2607,0.0476,-0.3757,-0.4271,-0.6509,-0.3609,1.9452,0.3502,-1.0449,-0.714,-0.3457,0.3808,-1.0446,-0.4402
432,5492,108,4,walking,4.0,108.0,5492.0,2.0,108.0,0.0946,-1.1806,0.0156,0.1742,0.0585,-0.0892,0.1574,0.6138,-0.1272,-0.0084,-0.3625,0.1654,1.2823,-0.8493,0.2711,-0.1419,2.312,4.2957,3.5535,5.3058,6.1082,1.207,-0.2459,-2.4791,0.0788,-0.6076,-1.9798,1.7999,-2.4489,7.6937,0.504,-0.3467,2.3941,1.7851,0.3396,-1.3879,-0.6493,-0.0431,-0.2297,-0.1386,1.4548,0.269,-0.0321,0.0507,0.6566,-0.028,-0.0177,0.0161,0.0007,0.7573,1.8732,-0.1102,-0.1011,-0.1121,-0.1006,0.0804,0.1504,-0.6898,-0.4963,-0.2606,-0.2305,-0.027,0.1307,0.9953,0.4311,-0.9417,-0.3402,-0.1197,0.3006,-0.2209,-0.3805,-0.4277,-0.523,1.4997,-0.6224,0.3643,-1.0403,-0.0209,-0.2803,0.3018,-0.3459,-0.4295,-0.4005,-0.3997,-0.4272,0.3709,0.0498,0.0443,0.0456,0.2162,0.5758,0.8317,-0.4754,-0.2506,-0.6503,1.739,-0.7387,0.3605,-0.9527,0.0231,0.2251,0.6004,-0.9079
433,5493,108,4,walking,4.0,108.0,5493.0,2.0,108.0,-0.1362,-1.1686,0.0096,0.086,0.0774,0.0188,-0.0547,0.3121,0.0345,-0.1115,-0.2983,-0.0467,0.121,-0.9458,-0.068,-0.1463,1.6355,2.0972,3.7187,5.839,4.3575,-1.1859,0.2636,-1.2857,6.2546,7.405,8.3944,0.229,-0.2437,-3.3348,-0.3856,-0.6976,1.7023,0.6695,-0.4919,-1.6434,0.782,-0.8527,0.3092,-0.5584,-2.6881,9.8717,0.7765,0.1193,0.5821,-0.2606,0.1127,-0.1017,0.7953,0.4325,-1.0216,0.7399,-0.9742,-0.0803,-0.1108,-0.1009,0.1307,-0.3217,-0.3017,-0.5431,0.0473,-0.0508,-0.9851,0.528,-0.8971,1.828,0.3453,-0.0009,0.3508,0.4018,0.0999,-0.3402,0.9421,1.4402,-0.2808,1.9345,-1.4995,0.1506,-0.3804,-0.4006,0.2204,-0.4677,-0.2164,-0.3009,1.3753,-0.4505,-0.3703,-0.6009,-1.2305,-0.5751,0.5165,0.2259,-0.7177,1.72,-0.9278,-0.6556,-0.3641,-1.5648,-1.3998,-0.4299,0.2508,-1.4803,-0.3134
434,5494,108,4,walking,4.0,108.0,5494.0,2.0,108.0,-0.1094,-1.0036,0.085,0.1446,0.2315,0.1164,0.0772,0.486,-0.0626,-0.134,-0.2296,-0.0566,-0.1688,-0.8191,-0.1286,0.0499,1.2979,2.3102,3.9708,4.2582,5.7169,6.3369,7.3765,1.0117,-1.1835,-1.6607,-0.4974,-2.4589,-0.1955,0.2797,-2.7839,8.282,-0.7091,-0.5943,-0.0375,0.6852,0.5793,0.4792,-0.0953,-0.3085,1.2438,-1.5856,0.0503,0.1193,0.548,-0.1008,0.1502,1.7742,0.6732,-0.3484,2.9561,-0.4481,-0.0211,0.3009,-0.1018,-0.2304,-0.0485,-0.2167,-0.2608,0.7617,-0.2807,0.039,0.0493,-0.0454,-0.3707,1.6321,0.9887,-0.1127,-0.3649,0.2253,0.3453,1.5109,0.837,1.3998,0.7375,-0.6212,-0.0759,0.4991,1.9452,-0.3508,-0.1109,0.0009,-0.2508,2.512,0.1306,0.0294,0.0807,-0.4296,-0.905,-0.2209,-0.4405,-0.4013,0.3016,-1.3603,-0.6508,-0.5008,1.7999,0.6011,0.9451,0.4673,0.3805,0.6355,0.3758
435,5495,108,4,walking,4.0,108.0,5495.0,2.0,108.0,0.1445,-1.2048,0.0186,0.135,-0.0983,-0.1603,0.0563,0.6064,-0.0878,0.041,-0.2547,-0.1173,1.712,-0.839,-0.0774,-0.1735,2.1249,4.2395,3.2461,5.3943,6.9644,8.5922,7.6135,-3.5891,9.2957,-0.3315,-0.2772,-1.3792,-0.3036,-0.2888,-0.447,1.4075,-2.798,-0.0069,0.3497,-0.6742,-3.2694,0.1846,-0.0693,-0.0662,-0.3877,1.6865,0.1941,0.1192,0.5466,-0.1002,0.0008,0.0189,-3.5562,0.9871,-0.9099,0.5636,0.1508,-0.3017,-0.0505,0.0219,-0.0803,0.8532,-0.5321,0.8431,0.764,-0.1104,-0.1015,0.3705,0.3409,-0.2162,-0.9627,0.2205,0.0987,-0.2602,0.4017,-0.4503,0.4999,1.3998,-0.1305,-0.3009,-0.3643,-2.8207,1.3753,-0.5703,-0.0449,-0.4005,-0.4998,-0.2807,0.523,-0.1121,0.2253,0.0409,-0.3453,0.2506,0.6001,-0.6508,-1.5491,0.4807,-0.5005,-0.9607,0.3503,-0.9552,-0.8217,0.9236,-0.2305,0.4141,0.4272
436,5496,108,4,walking,4.0,108.0,5496.0,2.0,108.0,0.1703,-1.3223,0.077,0.0082,0.2697,0.2325,0.0162,0.5975,-0.0461,0.1805,-0.2443,-0.1258,1.6012,-0.8255,0.1611,0.0846,3.3598,2.7136,4.3789,5.4722,6.9604,7.4939,0.1432,-0.684,2.1548,9.361,0.7942,-0.609,1.3074,-1.2071,8.665,2.3433,0.1913,-2.5541,-0.0929,-1.8895,0.2876,-0.388,0.0211,-0.4483,-1.6931,-2.4587,-0.6777,-0.0694,0.6364,-0.0807,-0.2605,-0.2752,1.5611,-0.1011,0.7321,-1.9981,-0.9325,0.0508,-0.535,0.1308,-0.6586,0.2202,0.3003,0.1191,-0.7892,-0.0009,-0.1507,-0.4018,-0.7214,-0.8427,-0.5796,0.3993,0.3459,0.5427,-0.8531,0.3402,-0.0665,-2.4406,0.3017,1.5165,-0.2167,0.3708,0.499,-0.2804,0.1009,-0.2506,-1.429,-1.4234,-0.5013,-0.5754,0.4508,0.0209,0.0591,-0.1121,-0.2304,0.3646,1.2257,-1.7189,-0.3603,0.4805,1.5277,-0.4141,-0.3806,0.5648,0.1102,0.4009,0.6009
437,5497,108,4,walking,4.0,108.0,5497.0,2.0,108.0,0.0136,-1.2042,0.1463,0.3244,0.0933,-0.065,0.0085,0.5818,-0.0543,0.0765,-0.267,-0.0468,1.8333,-0.9875,-0.2946,0.2469,2.9552,3.3872,4.7353,5.6135,7.0815,6.1167,0.2523,-1.124,8.3537,-1.8827,-0.176,0.3957,-0.1603,-1.4861,1.4962,-1.8976,-0.4584,-0.1951,0.3428,0.8091,0.3096,-0.5592,0.2266,0.1344,0.4794,1.5902,-0.1097,-0.0483,-0.6483,0.1006,0.0503,-0.5631,-1.5464,0.7932,-0.5313,9.741,0.9995,0.7841,-0.2207,0.1303,0.0008,-0.3453,-0.1017,0.3509,0.0406,-0.0803,0.2807,0.3403,0.779,-0.3014,0.1122,-0.2251,0.1102,-0.8721,-0.3006,0.5213,-1.732,0.4297,0.864,-1.821,-0.3758,-0.4013,-2.9328,0.414,0.5752,-0.5005,-0.4503,-0.3702,-0.7709,-0.2161,0.4272,-0.1502,0.2307,-0.4678,0.4753,0.1194,0.3603,-0.2506,0.3649,0.0443,-2.8482,-0.4002,-0.7136,-1.4303,-0.4993,-1.3996,0.9607
438,5498,108,4,walking,4.0,108.0,5498.0,2.0,108.0,-0.1701,-1.0575,0.1258,0.0763,-0.0898,-0.0913,-0.0032,0.6138,0.0464,-0.0508,-0.3785,-0.1824,1.914,-0.7406,0.269,0.2823,2.3232,3.4042,5.1096,4.3868,-0.4791,-0.1154,-0.3349,-1.458,6.4415,0.4862,0.5919,-1.556,-2.2774,7.2946,-0.2077,-0.7895,0.3069,0.6672,0.1439,0.2589,-3.0697,0.6582,-0.1656,0.507,-0.3631,0.0213,-0.1002,-0.0322,0.5788,-0.1012,0.3576,-3.5321,0.4399,0.8613,-0.6781,8.9417,-0.3483,-0.1198,0.2807,0.1306,-0.1106,0.7971,0.4999,-0.7312,0.3004,-0.0007,-0.2202,-0.9327,-0.3403,1.0804,1.8425,0.1509,-0.8769,-0.3457,-0.2309,-1.4665,-0.5211,1.4508,-0.3993,-2.4008,-0.4995,0.0456,-0.1127,-1.5013,-0.3013,-0.0449,-1.5003,-1.5757,-1.0998,-0.2165,-0.0602,-0.4806,0.3702,-0.8443,-0.417,-1.4018,-0.2607,-1.4752,0.4671,0.4294,-0.3603,-2.3502,-0.8192,-0.4406,0.6509,0.4649,-0.719
439,5499,108,4,walking,4.0,108.0,5499.0,2.0,108.0,-0.0118,-1.1257,0.082,0.0548,0.0059,0.063,0.139,0.4936,-0.0364,-0.114,-0.3878,-0.076,-0.1525,-0.9451,0.1614,0.1937,1.2862,3.7143,2.6103,4.5015,5.2488,6.265,7.6855,-3.8443,2.6617,-1.0985,-0.3582,-1.4722,-0.2974,-2.671,-2.3398,-0.6541,-0.3944,-0.2346,-0.7577,-0.7931,-2.4543,-0.5632,-0.047,0.2784,-0.428,-0.9769,0.1003,0.0003,0.5883,0.0216,-0.1122,0.0507,0.0441,0.8621,-0.1504,-0.6311,-0.3491,-0.1102,0.0448,-0.0804,0.1192,0.2604,0.5364,-0.8766,0.4017,-0.1303,-0.2166,0.767,-0.3703,-0.8972,0.101,-0.0002,0.2304,0.3458,-0.2809,0.4165,1.4294,0.9636,-1.9345,0.5214,0.4807,-1.945,-0.2208,-0.4003,0.3009,-0.3406,-0.5758,-0.3016,-1.734,-0.2259,0.0071,0.4508,-0.0066,-0.3751,0.3806,-0.6505,-0.9561,0.3647,-0.4677,0.0488,-1.3991,-0.3509,-0.3608,-0.0602,-1.3207,0.4995,-0.4405
440,5500,108,4,walking,4.0,108.0,5500.0,2.0,108.0,-0.156,-1.0973,0.1708,0.3157,0.2983,-0.0691,-0.1289,0.8181,-0.0741,0.0557,-0.5145,-0.0142,1.162,-0.7185,0.2397,-0.1475,2.1865,4.2462,3.1172,5.385,-6.9554,-0.369,0.2625,-1.1058,1.3979,7.3082,6.1346,1.4822,0.2747,0.4469,-0.6876,-0.358,-1.6694,0.3345,0.2896,0.3774,-1.1903,-0.4088,-0.5949,0.7087,0.9986,-0.0465,-0.322,-0.1122,0.5364,-0.1012,-0.1198,1.3461,-0.0214,0.5431,0.6792,-0.8521,1.7798,-0.1005,0.3451,-0.1309,0.5601,-0.437,-0.7871,0.3003,-0.9593,-0.0506,0.2163,-0.5211,-0.638,-0.8428,-0.1503,-0.1108,0.3014,-0.4299,-1.2206,-0.0003,-1.8753,1.5752,-0.9094,0.3752,0.4272,-1.4017,-0.3407,-0.099,-0.0806,0.5121,0.4997,-0.3504,0.7018,-0.2259,-0.2809,0.2607,-0.0456,0.3997,-0.4506,-0.6503,-0.5005,0.4673,-0.0456,-0.5207,-0.2303,-1.4406,-0.3704,0.6252,-1.0409,-0.5489,0.4232
441,5501,108,4,walking,4.0,108.0,5501.0,2.0,108.0,-0.1364,-1.0078,0.0775,0.1565,0.2332,-0.0982,-0.0585,0.5013,-0.0897,0.045,-0.327,0.1743,0.2696,-0.9443,0.1086,-0.2558,1.6604,2.8495,3.597,5.2757,4.3788,6.2972,8.3039,7.3311,-1.7161,1.2898,1.6045,0.3674,0.1419,-1.3856,-0.1695,-3.6921,0.3562,-0.122,-0.4044,-0.4822,-0.4963,-0.1866,0.0692,-0.036,1.2484,-1.8942,-0.3499,-0.1197,0.4611,-0.1306,-0.4787,-1.9067,-0.7631,-0.1015,0.7768,-1.4991,-1.7961,-0.1103,-0.2803,0.2169,-0.0213,-0.541,0.4016,-0.3996,0.0007,-0.2509,0.738,0.9427,0.4009,1.932,1.3012,0.0504,-0.5328,-0.523,0.0485,-1.3705,-1.4405,0.979,-0.8319,0.8998,-0.1505,-0.3458,-1.4808,0.0708,-0.099,0.3403,0.2251,-0.1004,-0.3008,-0.4671,-0.0608,-0.4296,-0.2202,-0.0806,-0.5756,-0.4759,-0.3646,0.5509,-1.4503,0.5008,-0.6505,-0.1121,0.2308,0.6551,-0.4684,0.3606,-1.5497
442,5502,108,4,walking,4.0,108.0,5502.0,2.0,108.0,-0.1462,-1.2075,0.1572,0.1605,0.0712,0.1394,-0.1856,0.6085,-0.0843,-0.1096,-0.2347,-0.1153,1.1744,-0.7443,-0.0465,0.1948,2.9238,3.2539,5.5667,4.0078,6.3097,7.6451,1.0936,0.4569,1.8255,-3.375,-0.0168,-0.247,1.7967,-0.4084,0.5822,-1.3573,-0.3428,0.2906,-0.7733,0.8059,1.5727,0.6692,0.2681,-0.1013,-0.0409,-2.8846,-0.4961,-0.5598,0.6499,0.5438,-0.1102,-1.8632,0.7421,-0.8971,0.8731,-0.4011,0.0399,0.0506,0.2609,0.0212,-0.0003,-0.1008,-0.9541,0.6375,0.4213,0.3452,-0.3015,0.1305,-0.4006,1.8311,0.0443,0.0809,-0.2167,-0.3006,1.7617,-1.9067,0.931,1.3708,-0.5751,-0.0608,1.9079,0.1193,-0.1129,0.4297,0.5225,-0.1503,-0.3991,-2.7169,1.4998,-0.4805,-0.4671,-0.4502,0.3757,0.416,0.3642,-0.7018,-0.4407,1.2304,-0.2252,-0.825,-0.9552,-0.5001,0.727,-0.3508,-0.8192,0.4256,0.6009
443,5503,108,4,walking,4.0,108.0,5503.0,2.0,108.0,-0.094,-1.2486,0.008,0.0518,0.1603,0.0162,-0.0431,0.5072,-0.0632,0.0879,-0.1936,-0.1223,-0.2597,-0.9807,0.1402,0.1768,2.8695,1.6602,3.2835,4.5947,5.582,1.7231,6.2638,-0.4515,0.1075,7.5276,0.5566,-0.3941,-1.3343,-0.4822,0.6411,-0.3781,-3.7877,-0.1365,0.2987,0.2749,-0.8842,-0.0796,-0.3095,0.1008,0.4473,0.547,0.5763,0.346,0.4621,0.6953,-0.1192,0.9961,0.989,0.6791,-0.8421,2.8545,0.3808,0.3404,-0.1504,-0.2807,0.766,0.3457,0.0409,-0.5617,-0.8971,-0.0005,0.0503,0.3006,-0.9427,1.935,0.7469,-0.0394,-0.2165,0.8311,0.4991,-0.0999,0.9796,0.8657,-0.2202,-1.5215,0.1307,0.2302,0.0661,-0.3705,0.5008,0.3997,2.859,0.101,-0.4006,-0.2251,0.2607,-0.4403,1.4508,0.4805,-0.3649,1.5647,1.6011,0.8219,-0.2503,1.4665,-0.1109,-1.4018,-1.922,-0.6505,0.4298,-0.3503,0.6002
444,5504,108,4,walking,4.0,108.0,5504.0,2.0,108.0,0.1281,-1.1804,0.0897,0.0188,0.1347,0.0798,0.0325,0.5145,-0.0548,-0.0943,-0.2346,-0.1786,-0.2989,-0.8348,-0.1519,-0.0075,1.167,2.9069,4.456,3.6355,-3.588,5.719,-1.3585,-0.3796,-0.2436,6.1169,-0.2638,-0.2749,0.662,-2.1455,0.4064,7.6544,0.6799,0.229,0.6853,0.285,-1.5972,-0.7831,0.0504,-0.7939,1.6321,0.3393,0.1091,0.3483,0.5632,-0.3057,0.3009,-3.7761,0.5499,0.6224,-0.1194,-1.8741,0.0212,0.1505,-0.0456,-0.2602,-0.3456,-0.2208,-0.5212,0.738,0.1102,-0.0807,-0.0454,0.3016,-0.0756,-0.7466,0.768,0.2163,0.1121,-0.429,-0.2808,-1.714,-0.844,1.3993,-0.9224,-0.0006,-1.1015,-0.3405,-0.4211,-0.1302,-0.4808,0.099,-1.2251,0.8474,0.0708,-0.4405,-0.9426,-0.9525,0.2303,-0.0447,-1.1005,-0.4014,0.4992,-0.4008,-0.5752,-0.9552,0.3709,0.8356,-0.3757,-0.823,0.4753,-1.9773,1.4672
445,5505,108,4,walking,4.0,108.0,5505.0,2.0,108.0,0.0581,-1.2332,0.1665,0.132,0.171,0.064,0.085,0.7017,-0.0042,-0.1403,-0.3347,-0.0973,1.3069,-0.9708,-0.0166,-0.2459,2.2553,3.6607,4.1588,5.3585,7.8333,6.227,1.2827,1.3679,8.5861,-3.458,1.0499,-2.7846,-0.0786,-3.2694,-0.5718,-0.129,-2.3872,-0.4411,-0.3789,-0.3498,-1.6792,0.2964,-0.3956,-0.486,-1.9721,-1.4968,0.1943,0.5583,0.6375,0.0507,0.3456,-2.5175,-0.7762,0.5431,-1.744,-0.874,-0.0363,0.0005,0.1198,-0.1103,0.1122,0.4012,0.7624,-0.0224,0.1506,0.1305,0.9541,0.3405,-0.8423,1.1015,1.8213,0.0485,0.0804,0.3016,0.966,1.9238,0.7999,1.3006,0.4298,0.3997,-0.2209,-1.9319,-0.5214,0.2609,0.0663,-0.3803,-0.2307,-0.2506,-2.7169,-0.8753,-0.0992,0.0209,0.2806,-0.4671,0.4404,-0.4808,-0.3751,1.6009,0.5001,-0.4992,-0.4252,-0.3507,-0.2162,-0.6504,0.427,-0.3114,0.3702
446,5506,108,4,walking,4.0,108.0,5506.0,2.0,108.0,-0.0106,-1.0975,0.0863,0.1546,0.107,-0.3255,0.1825,0.5696,-0.1279,-0.0765,-0.2784,-0.0466,1.719,-0.4869,0.1323,0.1654,2.912,4.2698,3.2982,5.1462,6.3517,-1.115,-0.4547,0.2474,-1.2856,-0.3092,-1.0578,0.3386,-1.0036,-3.3789,-0.8798,0.4931,-3.5594,0.2095,-0.4067,-0.3876,-0.4472,-0.5741,-0.2281,0.649,-1.3983,-0.3491,0.6032,0.1961,0.5958,-0.4399,0.6887,-1.038,-0.0493,0.4995,-0.9321,-3.5322,-0.7742,-0.1018,-0.022,0.1009,0.8873,-0.2803,-0.9619,-0.9744,-0.8565,-0.1106,-0.0005,-0.3757,-0.3993,-0.1307,-0.3011,0.0509,0.2254,-0.1191,-0.0492,-1.0472,1.5003,1.2602,-0.4806,0.8443,-1.6242,-0.4504,-0.3458,0.1505,-0.3803,-0.5225,0.4673,-0.3504,-0.4005,0.3403,0.3002,-0.4647,0.2509,0.4297,-0.4402,-0.2208,-0.7297,-1.7018,-0.6296,1.8356,1.9238,-0.1122,-1.3232,0.5014,0.6014,-1.2307,0.5757
447,5507,108,4,walking,4.0,108.0,5507.0,2.0,108.0,-0.1369,-1.2047,0.0166,-0.3303,-0.2894,0.0811,0.0056,0.6397,-0.0626,-0.0515,-0.2957,-0.0765,-0.3839,-0.8253,-0.0468,-0.3046,1.5143,3.1296,2.3781,-1.4064,4.9603,5.455,6.1825,7.1474,0.3386,-0.4463,-1.1095,-0.237,0.1632,-0.3419,-2.366,-0.7541,-0.2261,0.4988,0.359,-0.5948,-3.1709,-0.2479,-0.0216,-0.5877,-1.8072,-0.6792,-0.0507,-0.2742,0.7862,0.0321,-0.5552,-3.8399,0.8419,-0.4311,-0.9326,-0.8985,0.0257,-1.5413,0.9891,-0.1304,0.1196,0.3408,0.1002,-0.9731,-0.1013,-0.2803,-0.2606,0.5326,0.3505,-1.8727,-0.1121,-0.2165,0.4298,0.4018,0.7614,-1.7326,2.2207,0.8212,0.5705,-2.3458,-0.4506,-0.3643,-0.3754,0.0007,0.0708,-0.3804,-2.099,-0.4804,0.5753,-0.0294,-0.3018,0.3009,-0.2252,-0.5165,-0.4407,-0.4754,0.4682,1.1509,-1.5003,-0.5497,1.7233,-0.516,-1.3709,-1.9773,-0.5609,-0.3608,0.8483
448,5508,108,4,walking,4.0,108.0,5508.0,2.0,108.0,0.1637,-1.2695,0.1705,-0.0189,-0.089,0.0058,-0.0906,0.5164,-0.1349,-0.1294,-0.3674,-0.1918,1.6708,-0.714,-0.1148,0.1543,2.9607,3.3862,4.1055,5.3085,7.4568,-3.7946,6.1425,-0.2091,-0.2488,-1.596,0.694,-1.6575,1.5092,-0.2947,-3.2263,8.6797,-0.2752,-0.2878,0.078,-0.3366,-1.6498,0.4496,-0.2383,0.3942,-0.3461,1.0499,-0.3577,-0.0224,0.577,0.0321,0.1002,-0.5431,-2.5311,0.8475,-0.731,-1.8224,-0.567,0.2806,-0.0503,0.1509,0.0804,0.2165,-0.7632,-0.1197,-0.101,0.1104,-0.2202,-0.3406,-0.3004,0.2604,-0.1122,0.3016,0.0441,0.2252,0.0756,1.8741,2.9443,0.9646,-0.3647,-0.4013,0.8633,-0.0704,-1.799,-0.0992,-0.1307,-0.0996,-1.3758,-0.723,0.0209,-0.7709,0.4674,0.5753,-0.3702,0.0447,-0.0653,-2.9325,0.3808,-0.4002,-0.4293,0.3995,-0.8492,-0.2506,-0.7018,-0.9278,-0.4995,-1.4802,1.3277
449,5509,108,4,walking,4.0,108.0,5509.0,2.0,108.0,-0.1375,-1.2072,0.1095,-0.0712,-0.3303,-0.2862,0.0066,0.6106,-0.0111,0.0326,-0.2908,-0.146,-0.2748,-0.9744,-0.2457,-0.1865,1.5018,2.3569,3.3346,5.3716,4.4715,6.239,-2.7177,-2.839,0.3904,-0.5864,0.0963,0.2556,-0.5906,0.1932,-0.0594,-0.1783,1.3874,0.7796,-0.4082,-1.5099,-0.8022,0.4586,-0.3049,-0.7836,-1.7084,-0.6843,0.426,0.2606,0.5541,0.1002,0.538,-0.5434,0.8971,0.8867,1.8521,-0.2258,0.5216,-0.1102,0.0213,0.1508,0.2167,-0.0806,0.8731,-0.1012,-0.0006,0.0363,0.2209,0.3457,-0.9879,-1.764,-0.0404,-0.0506,-0.1126,-0.1307,-0.935,1.4006,1.9225,0.734,-1.3405,-1.3757,-0.4013,-0.0451,0.4503,-0.1194,-0.4673,0.429,-0.3997,-0.4998,-0.2805,-0.4752,0.3642,-0.3002,-0.0161,-0.3709,0.6509,0.4252,-0.4804,-0.3509,-0.4271,-0.9666,0.2502,0.4143,-0.3015,0.6355,0.2309,0.5276,0.4403
450,5510,108,4,walking,4.0,108.0,5510.0,2.0,108.0,0.0962,-1.1598,0.1763,-0.1646,-0.0096,0.2332,-0.0185,0.5136,-0.0886,-0.0581,-0.3137,-0.1479,-0.1374,-0.7519,-0.2697,0.2859,3.2465,1.1289,2.8348,4.0722,5.7459,7.3543,6.384,-1.366,-1.6176,-0.4911,-0.9238,0.4518,0.339,2.3969,1.6856,-0.4884,-0.3092,0.2053,-0.4799,-0.5737,-0.5864,0.6627,0.5077,0.0629,-1.2578,-0.037,-0.0431,0.0005,-0.0067,0.528,-0.0216,-0.1015,-3.8895,-0.2603,-0.8744,0.1192,-1.545,0.1304,0.3472,0.1507,0.0505,0.7313,-0.425,0.0476,-0.2167,-0.1004,-0.0809,0.3452,-0.9321,-0.2307,-0.1106,0.2244,-0.3009,-0.4003,-0.3644,-1.719,1.2806,1.3809,0.9426,-2.9081,0.5753,-0.2509,-2.8313,-0.1122,0.099,-0.2251,-0.766,0.826,-0.0802,-0.0608,0.0456,-0.3403,0.0646,-1.6708,0.4758,0.4503,-0.4017,-0.4234,-2.512,1.0266,0.3013,-1.5143,-1.8757,-0.9231,-0.9773,0.8776,0.0409
451,5511,108,4,walking,4.0,108.0,5511.0,2.0,108.0,-0.0145,-1.0835,0.0918,-0.3232,-0.1558,-0.259,0.0585,0.5648,-0.0217,-0.068,-0.3942,-0.0786,-0.7443,-0.3697,-0.047,-0.1614,1.3846,4.6103,3.3056,2.9554,-1.8797,1.2395,1.694,6.2874,-1.2475,0.135,5.6064,7.6857,-0.5937,-0.0062,-2.222,2.4849,-0.1078,-0.2933,-0.1265,-0.2796,0.3461,0.6798,0.1013,-0.4721,-2.7941,-0.2663,-0.1932,-0.4487,0.532,0.5499,-0.3758,-2.8891,0.0323,0.7344,0.4993,-0.6692,-0.4311,-0.119,0.3451,0.0491,-0.0504,0.1106,0.5263,-0.9431,-0.8977,-0.1126,0.0472,0.3993,0.9319,-0.726,-0.1006,-0.2206,-0.0008,-0.3503,0.0453,-0.429,1.8344,2.5212,0.8216,-0.7625,-0.5249,-0.3019,-0.4007,-1.1307,-0.3402,0.3703,-0.3809,-2.846,0.3642,0.4809,0.1502,0.2169,0.0809,0.4502,-0.4679,-0.2806,-0.2507,-0.4756,1.6014,1.4014,1.6002,0.6505,-0.2308,0.4408,-0.8657,0.2259,1.2607
452,5512,108,4,walking,4.0,108.0,5512.0,2.0,108.0,0.0845,-1.0941,0.185,0.1548,0.0465,-0.2064,0.0633,0.7387,-0.059,-0.1154,-0.2695,-0.1488,-0.0135,-0.7868,0.318,0.0066,1.3946,2.512,3.5886,4.9236,5.6143,6.1649,-0.8984,-0.0785,0.137,-0.3867,-0.2336,1.3727,-2.2819,-0.2987,-0.8974,-0.4072,-0.7542,-0.7922,-0.6981,0.1759,0.5797,0.348,-0.036,0.028,2.5624,-0.533,-0.1043,-0.1012,0.621,-0.0008,-0.0044,-2.2594,0.6399,-0.1193,7.847,-0.4721,8.4993,-0.1108,0.0477,0.1503,0.2258,-0.2207,0.7632,-0.523,-0.1129,0.1004,0.0504,-0.3407,-0.7731,-0.3451,0.0646,0.0443,0.0231,0.0807,0.2169,-0.3991,1.4756,0.8998,1.5757,-0.7312,-0.83,-0.3643,-0.0409,-1.4001,0.0982,0.2807,-0.0708,-2.0473,-0.4298,-0.4674,-0.3003,-0.9624,-0.3757,-1.4805,-1.7683,-0.5003,0.3705,-1.9509,-0.4503,0.4011,-2.3802,0.6001,0.7298,-0.4407,-0.3015,-0.7291,1.8757
453,5513,108,4,walking,4.0,108.0,5513.0,2.0,108.0,-0.1042,-1.0898,0.0146,0.0797,0.0033,0.055,0.0947,0.5964,-0.0696,-0.1256,-0.4488,-0.2072,1.3114,-0.5131,0.1868,0.034,2.6397,3.2736,5.2425,4.7808,8.3043,7.9509,6.8776,9.3526,1.5839,0.1557,-0.4961,1.1782,0.6523,-0.1419,-3.3876,-2.1667,0.4586,-1.3728,-0.8977,-0.7821,-1.4841,-0.2979,0.0475,0.1166,-1.6932,-3.6074,-0.2283,-0.0008,0.547,0.0504,-0.1191,2.538,0.9599,0.6311,-0.8431,-2.1014,-0.1002,-0.3485,0.1122,-0.3451,0.025,-0.2807,-0.8716,0.9099,-0.2206,-0.0807,0.0441,0.9411,0.2603,-0.2308,-0.3994,0.1308,0.2163,-0.0472,0.3003,-0.3406,-3.9322,0.9094,0.4808,-0.4292,-1.737,0.3641,0.4017,-0.4504,0.4993,-0.2251,0.1102,0.525,-0.4002,0.4751,0.3011,-0.3702,-1.4406,0.3758,-0.4277,-0.5754,-0.2508,-1.1504,-0.4689,0.5013,-0.9607,0.5647,-0.0665,-0.416,0.0451,-1.5506,0.3137
454,5514,108,4,walking,4.0,108.0,5514.0,2.0,108.0,0.0518,-1.2756,0.0913,0.007,0.0168,0.062,0.1161,0.5885,-0.085,-0.0464,-0.2688,-0.0375,1.2925,-0.8191,-0.2484,0.0723,2.5157,3.161,4.1279,5.6012,6.3963,7.712,8.1715,1.9762,1.4438,-3.4882,-0.5962,0.3374,-0.6569,-0.3672,-3.2221,1.3719,9.306,2.4095,-0.4934,-0.8735,1.6796,0.4728,-0.1303,0.6694,-0.028,-0.9877,-0.9986,-0.1126,0.5746,-0.0503,-0.1191,-3.8976,-0.2604,0.5345,1.5431,-0.9741,-2.737,0.1008,-0.4212,0.2307,-0.1509,0.3754,-0.7893,-0.3991,-0.328,-0.1108,-0.4315,0.2165,-0.2209,0.3457,-0.9021,-0.1017,0.0003,0.3648,-0.3018,-0.0488,-1.5217,1.3703,0.8757,0.4502,-2.8311,-0.3503,0.0803,-0.2505,-0.2803,-0.4005,0.4671,-2.2251,-0.0448,-0.0646,-0.4017,0.0898,-0.0608,-0.3002,0.4803,0.3607,-0.3404,0.6004,-0.8986,-0.0441,-0.9443,-1.099,-0.3806,-0.979,0.8798,-0.4992,-0.4406
455,5515,108,4,walking,4.0,108.0,5515.0,2.0,108.0,0.1485,-1.1805,0.0102,0.0794,-0.0611,0.1378,0.1258,0.5175,0.03,-0.0825,-0.296,-0.1063,1.3746,-0.962,0.2635,-0.1748,3.309,2.2892,4.9554,6.719,5.8898,8.6191,7.3941,-3.688,-0.8356,9.4466,-0.2397,-2.335,-1.4565,1.0922,-3.4782,-0.7962,-0.6927,-0.5799,-0.7549,0.6491,0.1642,-0.2459,0.3672,0.0421,-0.3856,-0.744,-0.1943,-0.1304,-0.0509,0.5877,-0.1127,-1.737,-0.2602,0.8431,-1.8634,-0.6795,0.8313,0.322,0.0803,0.1195,0.0373,0.2167,0.3505,-0.4011,-0.0441,0.1018,0.8976,-0.547,-0.1106,-1.878,0.1505,0.0008,0.0953,0.1002,0.4995,0.4008,-1.099,0.934,-0.3646,-1.6604,-0.3456,-1.4298,-0.5212,0.3015,0.5008,0.3407,-0.3808,-0.2203,-0.0992,0.5443,0.3757,-0.0188,-0.4679,-0.2307,0.2805,-0.3608,0.2257,0.2506,0.5751,0.4405,-0.3121,0.4502,-0.0755,-0.5506,-0.6118,0.0453,0.5646
456,5516,108,4,walking,4.0,108.0,5516.0,2.0,108.0,-0.1883,-1.0917,0.0545,0.0836,0.0065,0.1201,-0.0791,0.6138,-0.0461,-0.021,-0.3344,0.0375,-0.8013,-0.3882,0.116,-0.1546,1.539,2.7999,3.247,4.252,5.6939,7.2863,-3.9798,-1.6898,6.2697,-0.2219,-0.6686,-1.1392,0.3776,-0.584,-0.5796,0.3578,-0.6727,-0.3095,0.1489,-0.795,-0.0634,0.2988,-0.1018,0.4842,0.2362,-0.5972,-0.328,-0.4364,0.4721,0.536,0.4987,0.5699,0.731,0.847,1.8541,0.4013,0.5431,-0.1004,0.0507,-0.1191,-0.1504,-0.7421,0.9411,-0.9022,-0.7712,0.1307,0.0005,0.3407,-0.3758,0.936,0.3507,-0.1122,-0.3003,0.0756,-1.2604,1.3998,-1.3458,0.8657,1.4004,0.5753,-0.5157,0.0663,-0.3014,-0.2253,0.3804,-0.0998,0.5217,-1.4805,1.9554,-0.0249,0.3703,-0.0551,-0.4505,0.4297,0.2303,-0.9452,-0.1108,-0.2808,-0.4677,-0.2202,0.4994,0.2164,-0.8493,0.8193,0.414,-0.719,1.0992
457,5517,108,4,walking,4.0,108.0,5517.0,2.0,108.0,0.1369,-1.005,0.0845,0.1542,0.5237,-0.1246,0.1614,0.619,-0.0465,-0.0637,-0.2448,-0.0511,1.324,-0.8839,0.2541,-0.2636,2.0792,4.3059,3.9762,5.8776,6.727,8.3322,0.4728,7.2763,-0.4076,0.3867,-0.6823,2.2074,-0.796,-0.6496,-0.4475,-0.8931,0.3519,-2.4973,-0.1093,0.5701,0.9978,-0.348,0.1885,0.0986,-0.028,-0.2956,0.3219,-0.1003,-0.5872,0.0321,-0.1197,-3.907,0.0809,-0.4311,-0.7783,0.6697,1.9516,-0.8475,0.535,-0.0473,0.2605,-0.3012,0.3456,0.4011,-0.8719,0.0008,0.1127,-0.9428,0.1308,-1.9862,-0.8213,0.0506,0.2167,0.2806,-0.2208,-0.3809,0.546,0.8754,-1.4294,-0.5695,-0.4804,0.3009,-0.523,-0.1011,0.1509,0.1103,-0.4992,-2.5756,-0.9452,0.4672,-0.4504,-0.3641,-1.5009,-0.4008,-0.3707,0.0708,-0.3502,0.3759,0.4405,0.8986,-0.3608,0.0998,-0.5505,-1.6554,0.2506,-0.3407,-0.7407
458,5518,108,4,walking,4.0,108.0,5518.0,2.0,108.0,-0.0796,-1.1469,0.1657,-0.0188,-0.1768,-0.0979,-0.0872,0.5819,-0.0546,0.069,-0.3597,-0.1373,-0.5165,-0.9798,-0.1186,-0.3156,2.799,1.2762,3.6106,4.3931,5.3337,7.1292,8.3691,-2.2447,0.8333,-0.5925,-1.002,1.268,1.5085,-0.3463,1.0465,6.4498,-0.6077,0.4087,0.2943,-0.7538,0.2874,0.667,0.1549,-0.2271,0.2367,1.4841,0.0345,-0.1082,0.56,0.1014,-0.0213,-0.3076,-3.5364,0.5432,-0.9499,0.4215,-1.7883,0.9521,-0.0507,0.0658,-0.0442,-0.1193,0.2604,0.8917,0.3019,-0.2309,-0.1104,-0.399,-0.2209,-0.8445,-0.3457,0.2808,-0.1126,0.3508,-0.4993,-0.1008,-2.9322,0.9095,0.3008,-0.1306,-0.5212,-3.4808,-0.1502,-0.0006,0.4299,-0.0388,-0.4006,-0.4679,-0.3646,-0.2253,0.0206,0.3751,-0.0804,-0.3704,-0.5004,0.3405,-0.5503,0.0656,-2.7682,0.6506,-0.4756,-0.7294,0.4014,-0.3604,-0.4687,-0.0409,-0.0448
459,5519,108,4,walking,4.0,108.0,5519.0,2.0,108.0,0.0718,-1.2062,0.0514,0.0897,0.1788,-0.1565,0.016,0.4072,-0.0032,0.0986,-0.2612,0.031,0.2743,-0.987,-0.1346,0.2959,1.6397,2.9061,3.2469,4.5695,5.8255,8.3152,-1.7233,6.3789,7.3885,-0.3347,-0.3935,-0.1656,0.4573,0.7941,0.3067,2.239,-0.7849,-0.0466,0.5721,-0.2225,-0.445,-0.3493,0.1198,0.118,-1.9954,0.6468,0.1104,-0.022,0.5882,-0.1121,0.2874,1.5375,-0.4852,0.7796,-1.631,0.3671,0.428,0.2205,0.0007,0.1507,0.3404,-0.8431,0.3008,-0.101,0.9466,-0.2807,0.2305,0.9591,-0.3451,-1.0506,-1.835,0.0803,-0.2167,0.8731,0.4994,-1.7614,-0.4292,0.3756,-1.4018,-0.1307,-1.9212,-0.1004,-0.3706,-0.3604,0.4758,-0.2253,-0.3997,-0.0644,-0.2608,-0.4405,-0.0406,0.3649,-0.4505,0.5756,0.301,-0.2502,-0.5008,-0.4805,-1.5999,1.5443,-0.3808,-1.6003,-0.4004,-1.6558,-1.4684,-0.0448,-0.5504
460,5520,108,4,walking,4.0,108.0,5520.0,2.0,108.0,0.0015,-1.145,0.0475,0.0156,0.0588,0.1733,0.0898,0.5837,0.0696,0.0942,-0.2824,-0.1854,1.1259,-0.869,-0.2692,-0.1325,2.4049,5.6303,3.2389,4.7185,-3.5143,6.1119,-0.3872,7.4461,1.7948,-0.9659,2.1686,-2.7036,-0.6876,-0.6077,-0.2953,-3.4795,1.4522,0.6971,-0.579,0.468,-1.2781,0.7439,-0.0793,0.3483,-0.3041,1.6766,0.1063,-0.0321,0.6591,0.3532,0.1196,-0.4364,0.9978,0.5013,-0.1009,-0.9721,-0.0509,-0.0008,0.1126,0.101,-0.0216,-0.2809,-0.3506,0.8731,0.2164,0.1306,0.2209,-0.3007,-0.8519,1.9433,0.3809,-0.1108,0.3406,0.4005,-0.1503,0.3018,0.8428,-0.8759,0.5754,-0.8217,-0.0704,-1.4505,-0.3707,-0.3757,0.2606,0.0111,-0.4016,-1.0806,-0.6212,-0.5224,0.4406,-0.7316,-0.3205,-0.3647,0.4999,-0.4682,-0.4995,0.3606,-1.6502,0.3995,0.5509,0.3452,-0.9238,0.6557,-1.5647,0.9096,0.4294
461,5521,108,4,walking,4.0,108.0,5521.0,2.0,108.0,-0.0861,-1.2685,0.0933,0.1346,0.017,0.0631,-0.1743,0.4539,-0.0718,0.0077,-0.319,-0.0547,1.8798,-0.7016,0.1297,-0.1025,2.1488,3.2892,4.5396,5.92,6.4872,-6.4415,7.1635,-0.1164,-0.2396,-0.5058,0.3075,-3.4063,0.2936,-0.2762,-0.696,-0.7949,-1.9942,-0.3481,0.032,-0.2219,-1.3886,-0.6856,0.6583,-0.3778,-0.2466,-1.741,-0.0475,-0.1017,0.579,-0.1198,0.1304,-0.0708,0.2604,-0.538,1.8902,0.5475,0.3453,-0.2164,-0.3217,0.2304,-0.3008,-0.1008,-0.9467,0.5976,-0.3502,0.0803,0.301,-0.9541,-0.9873,0.8411,-1.935,0.1121,0.3405,0.3751,0.1502,1.8482,-1.0005,0.8505,0.8764,-0.5211,-0.0509,-0.3804,-0.4672,-0.2805,0.825,0.1102,0.0441,0.4011,0.3709,-0.4997,0.2202,0.4506,0.4005,0.6001,0.3608,-0.2259,-0.4298,0.4681,-0.0685,0.5013,-0.5752,-0.4405,-0.5504,-0.6504,0.4804,0.3991,0.3646
462,5522,108,4,walking,4.0,108.0,5522.0,2.0,108.0,-0.1437,-1.0086,0.1135,-0.0547,-0.1066,-0.1706,0.089,0.5121,-0.0774,0.0178,-0.2344,-0.1665,-0.2596,-0.986,-0.2459,-0.1372,1.1256,4.288,2.1552,3.7185,-3.2949,0.9604,-0.8333,-1.0941,1.2097,-0.5057,5.619,6.1879,-0.3889,-0.6877,-0.5833,-0.2781,0.3961,0.2631,-0.4664,-0.6794,7.4536,-0.4075,0.0505,0.0469,-0.023,-0.3462,-1.8719,-0.1006,0.4863,-0.1012,-0.5321,-3.7088,0.1102,-0.8542,0.437,-0.7632,-1.5499,0.0324,0.2806,-0.2606,0.4678,0.1196,-0.3751,0.9519,-0.2205,-0.1506,-0.0472,0.4004,-0.837,0.8445,0.0008,-0.0803,0.3409,0.2258,-0.3709,-0.0493,-1.7344,0.9238,0.5753,-0.1127,-0.3995,0.4508,-1.301,-0.0947,0.0893,0.0871,-0.0441,-1.3003,0.429,0.4018,-0.1305,0.0658,-0.0582,-1.714,0.4403,0.2163,-0.4684,-0.4127,1.3456,-1.9443,-1.4809,-0.6451,-0.0653,0.2304,-0.3641,-0.6607,-0.3234
463,5523,108,4,walking,4.0,108.0,5523.0,2.0,108.0,0.0033,-1.1668,0.1769,0.2546,0.3103,-0.2675,-0.0872,0.6105,-0.0511,-0.0465,-0.2706,-0.0903,1.1824,-0.9074,-0.1094,0.135,2.5276,4.0164,3.3096,5.1437,-0.3578,7.3832,6.8139,-0.1243,-0.4942,-0.5948,-1.4719,-1.7177,-1.2984,-0.8898,-0.6636,-1.2091,-0.3976,-0.8979,0.8034,0.4477,-0.8728,0.4074,-0.0225,0.1585,0.4583,-1.6063,-0.6782,0.2271,0.589,0.5699,0.8621,0.5761,0.5413,0.5754,-1.628,0.737,-0.1015,0.1504,-0.0804,0.1191,0.3642,-0.2602,-0.5326,-0.2163,-0.3005,-0.2509,0.3458,-0.4016,-1.1303,-1.9517,0.0008,0.1124,-0.1002,-0.9701,0.4299,-1.936,1.5216,0.3752,-1.4809,-1.4508,-1.3706,-0.3017,-0.5648,-0.1108,-0.5001,0.099,-0.4754,-1.3405,-0.2807,-0.3997,0.0658,0.0505,-0.0851,-0.7407,-0.4403,-1.7294,-0.4991,-0.9607,-0.6014,1.6553,0.4271,-0.6999,-0.6503,-1.4673,0.5802,0.0447,0.2252
464,5524,108,4,walking,4.0,108.0,5524.0,2.0,108.0,0.1694,-1.2327,0.152,-0.2695,0.0913,-0.3227,0.1446,0.5013,0.045,0.059,-0.4077,-0.076,1.2959,-0.9084,0.1257,0.1154,4.1788,2.8333,3.7117,0.0086,5.1087,6.5838,-0.0106,-6.1874,-0.2271,1.4765,-0.4463,7.3956,-0.4976,0.457,-0.2585,0.2853,-1.6719,-0.4841,0.3562,0.3697,-1.6961,-0.348,0.0364,-0.0507,-1.3098,-1.6884,-0.1008,-0.3393,-0.3789,0.0211,-0.0804,-1.5225,0.43,-0.7832,-1.9972,0.4216,-0.1302,0.1104,0.6681,0.1015,-0.0004,-0.7582,-0.099,-0.7921,0.2806,-0.2603,-0.0442,0.3017,-0.3708,0.1505,-0.4296,-0.1122,0.3454,-0.9636,-0.3641,-0.8326,-2.4995,0.7375,-0.3759,-1.7115,-1.3002,-0.5753,-0.5121,-0.4504,0.4007,0.3402,-1.1195,-1.3991,-0.2206,-0.4013,0.2259,-0.4673,-0.0169,-1.3608,0.5001,-0.4403,0.5504,-0.2163,-0.4803,-0.4753,0.5175,-0.4646,1.3209,0.4683,-1.922,0.6505,-1.9072
465,5525,108,4,walking,4.0,108.0,5525.0,2.0,108.0,0.1061,-1.1698,0.0942,-0.0865,-0.055,-0.1548,-0.0764,0.5141,-0.0168,-0.0326,-0.3862,-0.0041,-0.3347,-0.749,0.0628,-0.1757,1.9452,3.6103,2.3944,5.3232,4.136,0.4537,0.8695,-1.5988,-2.6692,1.228,6.1874,-1.7972,-1.4911,7.2956,-2.1295,-0.1936,-0.1494,-0.3582,-0.3096,-1.2369,-1.7867,0.2789,0.0216,-0.2021,-0.4084,-0.4699,-0.2432,-0.0463,0.589,-0.3497,-0.0509,-2.7581,0.5431,-0.7093,-0.1002,-2.8543,-0.1103,-0.1302,-0.867,0.1507,0.5345,0.5224,-0.7629,-0.7791,-0.1126,0.2503,-0.0447,-0.3009,-0.4008,-0.2205,-0.2807,0.2606,0.3757,-0.0806,-0.3505,-0.4993,-1.3706,0.737,-1.8735,-0.1194,-1.5754,-0.1014,0.8313,-0.0998,0.4011,-0.3805,0.4297,-0.4503,-0.0661,0.3993,0.5443,0.0498,-0.0608,-0.2253,0.0759,-0.4678,-0.4804,-0.8249,-0.3451,0.7177,-0.3408,0.4406,-0.3019,-0.2167,-0.4751,-0.8343,-0.7689
466,5526,108,4,walking,4.0,108.0,5526.0,2.0,108.0,-0.3123,-1.0163,0.1096,0.0046,0.2032,0.1531,0.0922,0.6137,-0.0625,0.0842,-0.4088,-0.0547,1.1635,-0.5396,-0.2372,0.1264,2.9509,3.8986,4.379,7.1727,5.2892,0.719,6.1436,0.1397,0.2443,0.6907,1.4868,0.336,-1.7811,-0.793,8.2957,1.4499,-2.3961,-0.4584,-0.7577,-1.4904,-0.3876,-0.3419,0.035,0.1866,2.6541,-0.7086,0.5891,-0.025,0.5421,-0.1104,-0.1126,2.566,0.8073,0.741,-1.8717,-0.6785,-0.1014,-0.1306,-0.2803,-0.0507,0.1197,0.8959,-0.9851,-0.832,-0.0441,0.0407,-0.1006,-0.3457,-0.1504,-0.2207,-1.9562,-0.0455,-0.0878,-0.2608,0.947,-0.5345,-1.9318,1.4403,0.821,1.4994,0.2163,0.0007,0.4502,-0.5212,-0.3647,-0.2508,-2.5752,1.8482,-0.3703,-0.4807,0.3007,0.2303,-0.3013,-1.7382,0.4187,0.3757,0.7294,-0.7233,0.6003,0.4295,0.5002,-1.3994,0.4677,-0.4014,-0.5703,0.6502,-0.3409
467,5527,108,4,walking,4.0,108.0,5527.0,2.0,108.0,-0.2395,-1.0105,0.1598,-0.1436,-0.044,0.0769,0.1394,0.588,-0.0944,-0.0399,-0.2035,-0.1057,1.3746,-0.8847,0.0064,-0.5013,2.9087,4.8657,3.1275,-3.1866,0.2811,5.2662,7.1789,0.3985,-1.6459,-0.6825,-2.5056,6.657,0.4967,-1.2461,0.4538,0.2271,-0.7748,-0.3073,0.1654,-1.5932,-0.2986,-0.1953,-0.0503,-0.3397,-2.4321,-0.3431,-0.0696,-0.1127,0.6042,0.1195,-0.2605,-2.0214,-0.2807,-0.8427,-0.9319,-0.832,0.7411,-0.7941,0.4012,-0.0343,0.3019,-0.8749,0.7891,0.1105,-0.1011,0.0454,0.6312,-0.3992,-0.7624,0.2304,-0.0803,0.3403,0.2167,-0.1508,0.4993,0.0456,1.7213,2.3703,-0.4672,-0.3757,-0.9026,-2.3802,-0.4757,-0.1307,0.0008,-0.1004,-2.8478,-0.3642,-1.4803,-0.5018,0.5756,-0.2508,-0.0658,-0.5005,0.4405,0.2207,0.4296,-0.5213,-0.8215,-3.3504,-0.3451,-1.3277,-0.3609,-1.4684,0.6506,-0.0483,-0.4505
468,5528,108,4,walking,4.0,108.0,5528.0,2.0,108.0,0.1236,-1.0189,0.0518,0.1611,0.152,0.1403,0.1053,0.5443,-0.0699,-0.0846,-0.2271,-0.0943,1.2983,-0.9509,-0.2541,-0.0772,2.8348,3.385,4.6303,5.3598,6.3097,7.4042,8.714,0.588,1.3231,-1.237,1.1362,-0.5963,0.4766,-1.4568,-0.7944,-3.656,1.2437,0.0084,-0.3919,0.6976,-1.4854,-0.1795,-0.2732,-0.2674,-0.7596,-1.8749,0.6778,0.5782,0.6461,-0.0466,-0.3491,2.3356,-0.0212,0.9321,-1.8894,0.101,-0.5211,0.301,-0.0804,-0.1306,-0.3408,-0.1506,0.5013,-0.9031,-0.1004,-0.2205,-0.2605,-0.3506,-0.7773,-0.2251,-0.2307,-0.2804,0.0008,0.3706,0.1198,1.5165,1.852,1.3641,0.9238,-1.1105,0.3005,-0.4006,1.0508,-0.4014,-0.0755,0.0581,-0.3606,0.3994,-0.0759,-0.4997,0.0951,-0.429,0.4502,-0.8617,-1.2161,-1.1126,1.5509,-1.8116,-0.0759,-0.4804,-0.9079,0.3751,1.6003,0.5647,-0.5757,-0.5648,-0.0808
469,5529,108,4,walking,4.0,108.0,5529.0,2.0,108.0,-0.259,-1.0878,0.0066,0.1345,0.0775,-0.314,0.1519,0.4791,-0.1433,-0.0632,-0.2611,-0.1085,0.2088,-0.8981,0.0159,0.0941,1.056,2.6358,4.1789,3.9458,5.6918,-0.288,-0.4068,1.4837,6.7143,7.5495,-2.5042,0.3096,-0.3676,0.2772,-0.2463,-3.1235,1.4961,0.6421,0.0431,0.2399,-1.3839,0.7077,-0.1697,-0.2274,-0.5434,-1.7965,-0.0316,0.1506,0.5786,-0.1305,0.4675,-0.1017,-2.9544,-0.5884,-0.1003,1.7321,-0.6781,-0.5617,0.0214,0.0508,0.3456,0.4012,-0.4301,-0.8717,-0.119,-0.1127,-0.3708,-0.301,-0.5758,-0.3508,0.0004,0.2202,-0.0239,0.2808,-0.5212,-1.535,0.9086,1.4408,0.4678,-0.942,-1.8211,0.2305,-0.2253,-0.9301,-0.2608,-0.3757,-0.4993,-1.9509,0.0802,-0.3003,-0.0441,0.2166,-0.3641,0.4298,0.6211,0.3997,0.0447,0.4127,0.4504,1.1105,-0.7407,0.727,0.4271,0.3113,-0.8324,0.9607,0.7703
470,5530,108,4,walking,4.0,108.0,5530.0,2.0,108.0,0.095,-1.1463,0.1597,0.3302,0.7358,-0.0889,0.059,0.5137,-0.0072,-0.0168,-0.2811,-0.106,1.1294,-0.6104,-0.1762,-0.1848,3.8273,2.912,4.2746,5.3943,6.1323,-0.4922,-0.3865,-2.4719,7.888,0.4466,-0.3524,-0.7974,-0.0629,-0.0786,-2.5942,9.3391,-0.5836,-1.4077,0.342,-0.2696,-1.3767,-0.1661,0.0375,0.0499,0.2585,-0.7078,0.1018,-0.3217,0.5795,0.026,0.0229,-1.6971,0.4556,0.6421,1.53,0.5412,-0.5225,-0.9876,0.2204,-0.0007,0.0506,0.1504,-0.837,0.8431,-0.3994,-0.2257,0.1193,-0.3456,-0.3007,0.2803,-1.8701,-0.3502,0.4016,0.0453,0.0806,0.1308,1.9452,0.7313,-1.3707,-0.5443,0.7173,-0.1126,-1.9319,0.4995,0.1103,-0.2304,-0.1005,-1.3018,-0.3806,-0.4004,-0.0756,-0.5263,-0.2165,-1.4299,0.2602,-0.5005,-1.3754,-1.925,0.4407,0.3407,-1.5145,0.9509,-0.427,-0.3641,0.7169,-0.2504,-0.8333
471,5531,108,4,walking,4.0,108.0,5531.0,2.0,108.0,-0.2388,-1.1563,0.207,0.5165,0.2675,0.2546,0.085,0.5949,-0.1344,-0.0106,-0.4569,0.1097,1.31,-0.8139,-0.009,0.7013,3.1407,2.9807,-0.3791,4.6011,-0.3685,6.2827,5.1876,-0.056,0.3374,-1.7819,-0.7939,-0.3816,-1.3596,-0.2442,-0.4712,-0.298,0.0954,-1.4067,-0.4822,0.6856,0.7795,-0.4311,0.0505,0.0461,-0.1764,-0.5734,-0.3058,-0.0008,0.6692,-0.1509,0.0321,-2.9499,0.8971,-0.3757,7.6541,-1.6212,-0.0214,0.3224,-0.2207,0.1193,0.1015,-0.0642,0.864,0.8719,0.301,-0.0809,0.2164,-0.7219,-0.5399,-1.9851,-0.3452,0.1109,0.4296,-0.3406,-0.9345,1.5443,1.842,0.8759,-0.4993,-1.8482,-0.2602,-0.2805,-0.7324,-0.3001,0.4665,-0.1305,0.5001,-1.4271,-0.8213,0.528,-0.0585,-0.1126,-0.3802,0.0209,-1.4757,-0.7018,-0.8325,-0.5144,-0.5263,-1.4504,-0.6249,0.4674,-0.0759,-0.0663,-1.3995,0.6451,1.3649
472,5532,108,4,walking,4.0,108.0,5532.0,2.0,108.0,0.1807,-1.0515,0.145,0.0857,0.136,0.0186,0.008,0.5276,-0.061,-0.0433,-0.4511,-0.1672,1.177,-0.8139,0.0325,0.0981,2.2462,4.2058,3.9762,6.4737,5.7294,7.8898,0.3679,1.3125,-2.4885,-0.6143,-0.1219,0.2953,-3.3882,8.2656,1.7839,-1.3023,2.4067,1.6697,-0.6844,1.2784,-1.6465,-0.4941,0.5977,-0.2842,-0.3489,-2.9475,0.4321,-0.0225,-0.0507,0.5753,0.0009,0.0546,2.8717,0.6973,0.7635,-0.9983,-1.632,0.229,0.1126,-0.2204,0.1503,-0.3404,0.3015,-0.3002,-1.9319,0.1195,-0.2163,0.1108,0.4357,0.101,-0.3709,0.7464,0.0485,0.0804,-0.2603,1.547,-0.9531,1.9637,0.4297,-1.9452,-0.4677,-0.1306,-2.9217,1.9079,-0.1003,0.0185,-0.4991,-0.3805,-0.4017,-0.4803,0.0646,0.4503,0.3452,0.4007,0.2808,-0.5497,0.525,0.2253,-0.0755,0.3757,0.3647,0.0286,0.3235,1.4408,0.5693,-0.5004,-1.4252
473,5533,108,4,walking,4.0,108.0,5533.0,2.0,108.0,0.0561,-1.0182,0.0923,0.0068,0.064,0.1436,0.0725,0.5134,-0.0856,0.0219,-0.3904,-0.1548,0.1869,-0.9807,0.126,0.2763,1.8019,2.6176,3.2897,5.1637,4.7185,0.1146,-0.8835,-3.1385,-0.7976,7.4524,0.2696,-0.3474,-0.7095,-0.1759,6.2077,1.589,-0.2942,1.5721,-0.1053,-0.2267,0.3872,-0.3043,0.4432,0.0399,1.4965,-1.8971,0.4786,-0.0005,0.5064,0.0083,-0.0178,-1.5431,-0.0803,0.8475,-0.738,-1.9466,0.1009,-0.2165,0.1127,0.2305,0.0508,-0.0477,0.8741,-0.3994,0.101,0.1309,-0.1503,-0.9851,0.1194,0.1102,0.3405,-0.3002,0.2505,-0.3805,0.3015,-0.2253,-0.625,0.922,-2.9324,-0.0472,-0.4292,-0.2205,0.2805,0.2606,-0.4803,0.0065,-0.3709,-1.827,-0.3456,0.5004,-0.0408,-0.4013,0.4506,0.0406,0.526,0.4998,-0.4003,0.4759,0.5505,0.3508,-1.8759,-0.3643,0.4684,0.4672,0.3207,-0.0653,-1.3754
474,5534,108,4,walking,4.0,108.0,5534.0,2.0,108.0,-0.1569,-1.0796,0.1706,0.1604,-0.1494,-0.2311,0.2075,0.5109,-0.1398,0.0063,-0.2949,-0.0542,0.8333,-0.4872,0.035,0.2543,1.3123,2.0188,3.286,4.6607,5.189,6.9238,-0.0908,-0.5946,-0.7198,1.4547,7.1099,0.6824,1.2785,-1.3719,0.1283,-1.2271,-0.4466,0.3374,-0.3936,0.7056,2.7895,-0.358,-0.1192,0.5764,-0.6577,-0.3897,-0.1126,-0.2632,0.5867,-0.1303,-0.2205,-1.4041,-0.3087,0.7953,1.0508,0.7621,0.8631,0.025,-0.1019,0.0363,-0.1109,0.1506,-0.7311,0.8981,-0.54,0.3454,-0.2306,-0.3995,-0.8215,0.4127,0.0006,0.3407,0.8429,0.2805,-0.2259,-1.9325,0.0286,2.5213,-0.3647,-0.4804,-1.0449,-0.3005,0.0806,-0.3019,0.2604,-0.0551,-0.0604,-1.9451,-0.2164,-0.4013,0.055,0.0473,-0.3505,0.4297,-0.4994,-0.3753,1.6219,0.4004,-0.5143,0.4757,2.6504,-0.5164,0.4672,-0.3605,-0.4392,-0.1005,0.0266
475,5535,108,4,walking,4.0,108.0,5535.0,2.0,108.0,-0.1188,-1.0738,0.145,0.3103,0.0033,0.0845,0.1075,0.5013,-0.0163,-0.038,-0.2404,-0.0577,-0.2669,-0.8356,0.0957,-0.1519,1.2827,2.9552,4.4865,3.1866,5.6817,6.1296,7.6143,-0.4936,0.4423,2.2279,-0.7177,0.7832,0.4797,1.3716,0.2967,-1.5902,-0.069,-1.3946,-0.204,0.3072,-1.5887,0.9499,0.1386,0.256,-2.6492,8.567,-0.3491,0.1504,0.5213,0.1005,-0.1198,-1.7621,-0.0809,0.9543,-2.8431,-0.2604,-0.5411,0.301,0.1306,0.3457,-0.0005,-0.2209,0.7317,-0.535,-0.8542,-0.1011,0.2162,-0.8941,-1.8319,-0.9874,0.625,0.1106,0.2803,-0.0506,-0.9325,0.0493,-1.5647,0.8215,-0.3708,-0.3993,-0.1124,-1.3803,0.0249,0.3002,0.3753,0.1251,-0.4991,-1.0602,0.4504,-0.2308,-0.2253,-0.0871,-0.3207,0.3505,-1.8759,0.5759,0.3647,-1.4298,-0.4252,1.9443,-1.3123,-0.4807,0.9231,-1.4013,-1.4256,0.5164,-0.4151
476,5536,108,4,walking,4.0,108.0,5536.0,2.0,108.0,-0.0518,-1.1763,0.107,0.0823,-0.0098,-0.0985,0.0619,0.5145,-0.1159,-0.0741,-0.2657,-0.0316,-0.2986,-0.9452,-0.1548,-0.0125,3.2824,1.3391,4.8398,2.3879,5.6273,-3.1369,6.4565,0.355,-0.3421,1.684,1.7136,-0.8874,-1.4412,-1.3095,7.1462,-0.8973,-2.2264,-0.4961,-0.3943,0.6776,-0.278,0.2042,0.6677,0.5499,2.4792,-0.3797,0.0475,-0.1129,0.5846,-0.0005,-0.1011,2.876,-0.0507,0.7882,-3.9431,-0.9028,-1.838,0.5632,0.0211,0.1509,-0.5375,0.7215,0.1002,-0.9635,-0.1192,-0.3457,0.2606,0.4187,-0.3015,-0.1103,-0.4012,-0.8465,0.2259,-0.4298,0.0999,-0.9324,-0.522,1.4403,0.3703,-0.2209,1.4509,-0.2162,-0.3004,-0.3403,0.4678,0.0804,-0.1305,-1.4006,-0.3607,-0.5752,0.2509,0.3808,-0.5165,-1.5002,1.6105,-0.5509,-0.7689,0.6556,0.8986,-0.6505,-0.3647,0.399,-0.3209,1.3757,-1.7013,-0.7443,0.5705
477,5537,108,4,walking,4.0,108.0,5537.0,2.0,108.0,0.0945,-1.2407,0.1082,0.1205,0.1397,0.155,0.0072,0.4918,-0.0625,0.116,-0.2388,-0.0157,1.8139,-0.5443,0.307,-0.1789,2.3969,3.9554,5.619,4.352,6.714,7.4722,-3.1695,-1.3886,-0.2631,8.784,1.4468,0.2979,-1.3319,0.3463,-0.0898,-1.6636,0.4842,-3.1456,0.7765,-0.0321,-0.6467,-0.2843,0.0461,0.0213,2.4675,-0.548,-0.2781,0.1102,0.5859,-0.0277,-0.1121,1.7432,0.0504,0.8519,-2.8312,0.628,-0.3458,0.1015,-0.1506,0.3019,0.3806,-0.2608,-0.5399,-0.906,0.8741,-0.0009,0.0806,-0.9327,-0.738,-0.3994,0.2254,-0.1305,0.2809,-0.1198,-0.2302,-0.1008,-0.9439,1.966,0.5757,-0.8445,-0.0759,-0.4017,-1.4297,-0.4679,-0.0992,0.3009,-0.2167,0.7628,-0.5217,-0.3609,-0.2204,-0.089,0.2505,0.6509,0.5004,0.3647,-0.416,0.4506,-0.0755,-0.4403,-0.3205,0.3408,0.4754,-0.4991,0.3509,-0.6003,-0.4805
478,5538,108,4,walking,4.0,108.0,5538.0,2.0,108.0,0.0182,-1.1275,0.1805,0.1772,0.044,-0.1068,-0.1397,0.4861,-0.0077,-0.0933,-0.2058,-0.1143,1.769,-0.8333,-0.1932,-0.0699,3.2669,2.9443,4.312,6.2846,7.6999,5.2481,-5.1536,9.0889,-0.1642,-0.3937,0.2271,-2.4727,-1.4421,-1.885,-0.458,-0.6074,-2.597,-0.6787,0.1423,-0.9849,-2.2984,0.309,-0.3566,0.0796,0.0325,0.6492,-0.1012,-0.026,0.6585,-0.0804,0.5795,-2.7893,0.1193,0.3473,1.544,-1.8617,0.9431,0.0449,-0.1009,0.0504,-0.0447,-0.3404,0.635,-0.301,-0.7951,0.2206,0.3508,-0.3994,-0.3756,-0.838,0.566,-0.1106,-0.3648,-0.2309,0.1502,-1.538,1.0006,2.522,-1.2607,0.7628,-1.3707,-2.8797,-0.1303,-0.1122,0.0162,0.2259,-0.4803,-2.4295,-0.5665,-0.3804,0.3002,0.3452,-0.2506,0.4013,-0.3606,0.4009,0.0755,-1.4265,-0.2165,1.4993,-0.4671,0.5759,0.5014,-0.9236,-2.0441,0.4753,-1.6011
479,5539,108,4,walking,4.0,108.0,5539.0,2.0,108.0,-0.2369,-1.1701,0.1857,0.132,0.1514,0.1143,-0.0577,0.512,-0.0788,-0.0963,-0.2547,-0.0085,-0.2695,-0.8695,0.1662,-0.126,1.7198,3.3732,2.9458,4.5861,5.3114,6.7976,0.6296,-0.2486,0.3846,-0.2854,7.4842,-1.1065,-0.3689,-2.6897,2.4064,8.3549,-1.5034,0.4573,-0.3074,0.5921,-0.1956,0.4499,-0.0427,-0.0896,-1.0698,0.2922,0.0212,-0.1003,0.5754,-0.3351,-0.0375,-0.1015,0.0508,0.526,-2.7083,-0.537,-0.1192,-0.679,0.6691,0.2258,-0.0491,0.2602,0.9431,-0.7893,-0.1309,-0.0803,0.0008,-0.848,-0.301,-0.7224,-0.8741,0.0451,0.1106,-0.1502,-0.3506,0.4005,2.9219,0.4012,0.6505,-0.4804,0.3453,-0.4506,-0.2208,0.4252,0.0808,0.3995,-1.7372,1.4296,1.0332,-0.2804,-0.0098,-0.2502,0.0182,-0.4404,-1.7369,-0.3649,-0.3708,0.1126,-0.3751,-1.4997,1.9236,-1.839,-0.4672,0.5999,-0.5223,-0.3604,0.3305
480,5540,108,4,walking,4.0,108.0,5540.0,2.0,108.0,-0.0973,-1.0086,0.0833,0.1511,0.1207,0.3177,-0.1344,0.4868,-0.0165,-0.0517,-0.2725,-0.1056,1.7115,-0.7521,0.0697,0.2985,4.9236,2.8273,3.2335,5.393,1.1872,-1.5964,6.1474,7.5491,0.6264,-0.2696,-0.1658,-1.4957,-0.2263,0.1936,-0.2898,-0.2404,-1.7943,-1.3499,-0.3877,-0.8088,1.4791,-0.2092,-0.3795,0.026,0.035,-0.4582,-0.1106,-0.0806,0.6981,0.0009,-0.0161,-3.947,0.6671,-0.426,-0.5432,-1.537,-2.8716,-0.789,0.7675,-0.0508,0.2806,0.6762,-0.8931,0.3004,-0.0663,-0.1503,-0.0299,-0.9326,-0.0456,-0.101,0.1308,-0.2503,-0.1122,0.4015,0.8435,-1.4611,0.8757,2.3758,0.8344,-1.429,-1.2165,-1.1195,-0.525,-0.3647,-0.0151,-0.3409,-2.5759,1.4408,0.3456,0.0209,0.2606,-0.2209,-0.4508,0.4677,0.4806,0.3993,-0.2306,-1.1009,0.4995,0.5647,0.3805,-0.4753,2.0443,0.8498,-0.6008,-0.5003,0.4004
481,5541,108,4,walking,4.0,108.0,5541.0,2.0,108.0,-0.1081,-1.1291,0.1172,-0.0769,-0.5145,-0.0697,-0.0061,0.5948,-0.1343,0.0544,-0.3123,-0.1658,0.9231,-0.3585,0.1851,0.0433,3.1425,1.3896,2.2782,4.8273,5.0122,6.7294,7.0986,0.6837,-0.3677,-1.307,0.1517,0.2376,0.2824,0.4046,-1.2987,-3.6176,0.085,-0.2075,0.2666,1.6721,-0.5794,-0.656,-0.3489,0.0345,0.4974,-1.3978,0.1191,0.028,0.5664,-0.1012,-0.1129,-1.1931,0.0507,0.621,1.7988,-0.9532,0.0006,0.1106,0.2162,-0.4784,0.4211,-0.3019,-0.4017,0.3004,0.526,0.1308,-0.3648,-0.1508,-0.3454,-1.738,-0.5399,0.039,0.2254,0.2606,0.5466,0.934,-1.8191,0.9883,0.637,-0.4007,-0.3997,0.9025,-0.4502,0.0262,-0.4805,0.2505,-2.427,-0.3706,-0.3805,-0.3405,-0.1003,-0.3752,-0.4403,0.4671,0.3609,-1.4993,-0.6135,-0.7198,0.2209,-0.0756,0.9443,-1.5491,0.429,-0.3509,-0.5754,-0.5009,0.9238
482,5542,108,4,walking,4.0,108.0,5542.0,2.0,108.0,-0.0518,-1.3223,0.0863,-0.1575,-0.2706,0.1161,0.0973,0.7016,-0.0174,-0.0324,-0.2692,0.0066,-0.2957,-0.869,0.239,-0.0796,1.5014,3.2558,2.5946,4.6355,5.1256,6.9443,0.205,-1.1638,-0.6898,0.2297,0.393,-0.3485,-0.3379,-0.1749,-0.2832,-0.1913,-2.3789,0.1462,-0.4536,-0.6586,-3.7764,0.704,-0.3587,-0.0467,0.8048,-0.6943,-0.4488,-0.106,-0.4793,0.1106,-0.1015,3.7841,0.0286,-0.7213,-1.9983,-0.5421,0.0447,0.0804,-0.5344,0.2807,-0.0214,0.1192,-0.7618,0.3452,-0.0508,-0.0009,0.8431,-0.9428,-0.2252,0.1504,1.4008,-0.2606,-0.1004,0.4297,-0.2302,0.3005,1.9517,1.8225,-0.4995,-1.0709,-0.4013,-0.0456,0.0171,-1.5497,-0.2506,0.0551,-0.2205,-0.3019,-0.1309,-0.1122,0.5695,-0.0406,0.3751,-0.526,-0.0472,-0.3704,-0.4187,-0.4403,-0.3504,-0.7999,-1.0644,0.3642,-0.4608,0.5143,-1.5002,-0.7609,-0.9278
483,5543,108,4,walking,4.0,108.0,5543.0,2.0,108.0,0.1297,-1.32,0.0163,0.1146,0.1469,0.177,0.0023,0.5145,0.0878,-0.0586,-0.2989,-0.1079,1.2748,-0.8545,-0.1657,0.0765,2.2636,3.9798,5.7177,4.5825,0.0983,-6.1391,0.4722,6.3396,-0.6856,-1.2415,-0.819,7.289,-0.342,0.593,0.1874,-1.4961,-0.7742,-2.3598,-0.4431,-0.1937,1.886,-0.8092,0.0216,0.3904,-0.4038,-0.6493,-0.1002,-1.6681,0.5032,-0.0694,-0.0238,-0.0375,-2.8767,-0.5399,0.4014,-2.528,-0.7627,-0.3806,0.1103,-0.1196,0.0472,-0.3451,-0.3008,0.8475,-0.3016,-0.0804,-0.1506,-0.5475,-0.728,-0.9541,-0.1015,0.2207,-0.0006,0.0506,-0.4007,-1.621,0.7321,1.3995,-1.1302,-0.429,-1.3406,-0.499,-0.2252,0.4404,0.1122,-0.3751,-0.0992,0.7449,-2.4508,-0.5648,-0.3647,0.0925,0.3706,-0.3504,-0.5756,-0.3609,0.2167,-0.5695,-0.5508,-0.4757,0.4679,-1.5013,-0.5008,-0.6504,0.5497,1.5491,0.6003
484,5544,108,4,walking,4.0,108.0,5544.0,2.0,108.0,-0.1346,-1.0077,0.0775,0.3123,0.1463,-0.171,0.066,0.5131,-0.0878,-0.0918,-0.285,0.1157,1.3372,-0.6118,-0.0568,0.0158,2.9554,3.7115,4.1519,5.1688,6.8596,7.2397,0.2637,1.5936,-1.2286,9.2541,-1.2087,8.1279,-0.347,-1.3069,-0.6598,-2.6783,-0.0439,-0.4962,0.3873,-0.6489,-0.3561,0.6685,-0.2976,-0.0399,-0.4547,0.544,-0.0007,0.2443,0.4851,0.2752,-0.028,-0.1191,-3.5632,-0.5399,-1.9021,-0.4214,-3.9531,0.741,-0.9475,0.1103,0.2608,0.0449,0.4006,0.848,-0.1012,0.3018,0.0806,-0.5134,-0.3708,1.0332,-0.0403,0.3008,-0.1505,-0.1005,-0.2309,-0.3453,0.8756,1.4298,-2.4011,0.9345,-0.2163,0.0503,0.0663,-0.3503,-0.9622,0.0971,-0.2506,-1.4993,0.5757,-0.3759,0.0181,-0.4502,-0.1308,-0.399,-0.0453,-0.3803,0.4804,-0.4752,-3.3647,0.6503,0.5013,-1.7382,-0.4608,0.821,-0.512,-1.9443,0.3298
485,5545,108,4,walking,4.0,108.0,5545.0,2.0,108.0,0.0718,-1.052,0.0106,-0.3303,-0.0973,-0.2697,0.1296,0.5116,-0.086,-0.1075,-0.2785,-0.0077,1.2588,-0.914,-0.2987,0.0315,2.289,3.3961,4.1691,5.4942,6.6143,-0.7198,-0.3622,-0.6933,-1.378,7.5947,-0.8255,-0.4832,-0.1372,-0.6824,-1.7862,0.5838,-0.1957,0.144,-0.175,-1.7946,-1.3099,0.2394,0.0464,-0.1153,-0.4466,-0.3493,-0.6581,0.5421,0.7431,0.637,0.3582,-1.9867,-0.1194,-0.5611,-3.4399,0.8412,-1.5109,0.2606,0.1126,0.0504,0.1105,0.1305,-0.3003,-0.8952,0.1507,0.1009,-0.2808,0.4189,-0.4011,-0.3709,-0.86,-0.026,-0.0009,0.3509,0.101,-1.7291,0.5752,2.928,0.3758,-0.7617,-0.3803,-2.9513,0.8317,0.2259,-0.5157,0.056,-0.3992,-0.5609,-1.9238,-0.3016,-0.2207,-0.3457,0.2303,-1.3607,-1.2164,-0.4504,0.4256,0.3407,-0.099,-0.3647,0.7406,-0.4991,0.429,0.4671,0.6234,0.4271,0.8482
486,5546,108,4,walking,4.0,108.0,5546.0,2.0,108.0,-0.0942,-1.0105,0.0645,0.1703,0.2459,0.0086,0.1061,0.8333,-0.1182,-0.0872,-0.394,-0.1323,1.7175,-0.3122,-0.266,0.2062,3.9077,4.5014,2.6011,6.2769,5.1557,7.1437,0.2558,1.5076,-0.4718,-3.3578,-0.1604,-1.8843,-1.1236,-0.3398,-0.2278,-0.347,-0.4499,-0.3073,0.3881,0.2948,1.658,-0.1949,-0.028,0.1126,-0.7791,-1.6787,-0.2897,-0.1002,0.649,-0.1192,-0.6885,0.7594,0.5621,0.7966,0.8344,-2.5431,0.3224,-0.3453,0.101,0.2166,0.1308,0.9301,-0.3991,0.9541,-0.0508,0.1107,0.8971,-0.0294,-0.4015,-1.5375,-0.0809,0.0471,0.2808,0.3017,-1.5276,-0.5214,0.7426,0.847,-2.4004,-0.0209,0.3407,0.4991,-1.3752,0.5009,-0.2604,-0.0406,-1.6301,0.5759,-0.96,-0.2251,0.0549,0.4294,-0.4806,-0.4405,-0.1503,0.2203,-0.5015,-0.3003,0.0441,-1.6604,-0.2308,-0.3709,-0.3504,-0.4757,-0.9666,0.5508,0.0009
487,5547,108,4,walking,4.0,108.0,5547.0,2.0,108.0,-0.0962,-1.131,0.0769,-0.1234,-0.0188,-0.059,0.0092,0.5157,-0.047,-0.0878,-0.2543,-0.182,0.2956,-0.8565,-0.1132,-0.2746,1.839,3.5967,2.318,4.4598,5.619,6.1415,-0.3082,7.9062,0.2439,-0.4086,-1.72,-0.1736,-1.5075,0.3523,-0.6858,-0.8977,-2.5799,-0.7931,0.1651,-0.3321,-0.6438,0.4819,0.026,-0.2822,-0.2694,1.4472,0.038,0.1009,-0.3741,0.0003,0.6674,0.4213,0.4952,0.5415,-0.1011,-0.8731,-0.2609,-0.1199,0.2809,0.1303,0.2509,0.7324,0.63,0.0507,-0.1102,-0.0409,-0.3457,-0.9568,-0.53,0.9619,0.1504,0.2303,-0.0804,-0.3403,0.833,1.768,1.4408,0.9375,-1.3705,0.0708,-0.4005,-0.3991,0.0802,-0.846,0.2205,-0.0302,0.3017,0.0759,-0.0209,-0.9727,-0.3003,0.0296,0.4298,0.1129,0.5008,0.5752,0.4018,0.3609,0.7382,-1.6641,-1.4805,0.6006,-0.3759,0.4995,-0.4673,-0.3506,-0.8016
488,5548,108,4,walking,4.0,108.0,5548.0,2.0,108.0,0.0516,-1.1536,0.0196,0.1392,-0.0072,0.0962,0.1449,0.596,-0.1086,-0.0894,-0.5131,-0.0638,1.314,-0.4485,-0.1119,0.0324,2.6014,4.8348,3.1866,6.9458,5.2927,0.7365,-1.267,1.1789,8.3764,1.1232,-1.229,7.2839,-0.4095,-0.345,-0.4567,-0.2391,-2.6858,-0.7842,0.2057,-0.3543,-0.0461,-0.078,0.7921,-0.2598,-0.3384,-1.8897,-0.0213,-0.0005,-0.3076,0.6574,-0.0273,-3.7799,-0.1124,0.546,-0.4793,-1.823,-0.6931,0.8775,0.3452,0.0509,0.1303,0.63,-0.7319,0.5134,-0.3991,0.2604,0.1504,-0.5627,-0.4009,-0.4294,0.4625,-0.2259,0.1004,0.0807,0.0658,0.3005,1.2808,0.3758,-1.1106,0.8325,0.4018,-0.3641,-1.7169,-0.0442,0.5314,-0.101,0.1193,-2.7382,0.5759,-0.619,0.3011,0.4504,-0.0661,0.3508,0.6504,-0.4991,-0.0451,0.4759,-0.5276,-0.8482,-0.2202,0.4408,-0.5005,-0.4679,0.3406,-0.3703,-0.415
489,5549,108,4,walking,4.0,108.0,5549.0,2.0,108.0,-0.1296,-1.0568,0.0077,0.1746,0.1809,0.2463,0.0797,0.5124,0.0143,-0.1344,-0.312,0.1132,1.295,-0.852,0.2541,-0.0878,2.284,3.7353,4.1569,5.5975,6.8013,-6.3391,7.3936,1.979,-0.3879,0.167,8.486,-0.2694,-0.3057,-3.1437,1.3565,1.341,-3.5874,-0.0399,0.4772,1.6473,0.0463,-0.228,-0.0645,0.2784,-0.2386,1.6688,0.0216,-0.0373,0.628,-0.1193,0.1942,-1.7621,0.0708,0.566,-0.9031,-0.9867,0.5311,0.5413,0.0508,0.0485,-0.2164,0.9561,-0.1106,0.8718,0.1018,-0.0007,0.2509,0.3459,-0.3014,0.3002,0.1002,-0.1303,-0.1505,0.8981,0.3703,0.2607,1.2203,0.937,-0.5225,0.5753,-1.4999,-0.2309,0.0192,0.0171,0.4677,0.0083,0.0806,-0.3605,-0.4809,1.4005,-0.3752,-0.3805,-1.4505,-0.2252,-0.0646,0.0456,-0.1126,0.9089,-1.3991,1.0644,0.6296,0.4993,-1.6382,-0.3647,-0.6506,0.3409,1.9123
490,5550,108,4,walking,4.0,108.0,5550.0,2.0,108.0,-0.0514,-1.0936,0.1701,0.1557,0.161,0.1852,-0.0845,0.7169,-0.1344,0.0011,-0.3885,-0.0423,-0.619,-0.7519,-0.2553,-0.1242,1.2962,3.31,2.827,4.2827,5.2672,-0.4799,-0.5494,-0.488,-0.356,-0.9069,0.7943,-0.6973,-0.4083,-1.8837,-1.597,-0.8966,-2.2087,-0.4622,-0.7782,0.6468,-0.3933,-0.2456,0.5894,6.6563,1.9876,0.079,0.1305,-0.3496,0.4984,0.3078,0.1193,0.028,-0.5467,-0.9532,7.3013,-0.2609,0.0321,0.0009,-0.1509,0.0806,0.0493,-0.2807,0.0443,0.9731,-0.0409,0.0506,0.0174,0.8633,-1.4507,-0.1018,-0.2305,0.2508,-0.4018,0.3405,-0.3009,-0.429,-1.3804,1.2169,0.936,-0.5121,-1.9212,0.4671,-0.3457,-0.4403,-0.3647,0.4804,-0.1109,-0.3754,-0.2251,-0.3113,-0.0661,-0.4995,-0.4999,-0.7686,-0.3606,-0.7018,0.4003,-0.5751,-0.099,-0.6143,-2.0449,0.3509,-0.979,0.5001,-1.8758,-0.4101,-0.2205
491,5551,108,4,walking,4.0,108.0,5551.0,2.0,108.0,-0.0145,-1.1846,0.1762,0.261,0.5165,-0.1632,0.1258,0.9087,-0.0543,0.0697,-0.4468,-0.134,-0.3961,-0.8982,-0.145,0.0078,2.0794,1.6105,3.4936,4.4795,5.3869,6.3719,-3.0922,7.152,-0.2411,-0.2957,-1.6686,-0.3579,-0.3377,2.2396,0.9942,2.2831,-0.8875,0.2585,-0.4863,-1.3089,0.2756,0.538,-0.036,-0.3474,1.6571,-0.0467,0.5941,-0.0504,0.547,-0.6483,-0.1126,-2.521,0.1191,-0.8421,-1.762,-0.722,-0.0485,-0.3458,-0.0807,0.1018,0.025,0.3808,-0.4009,0.8743,0.399,0.1006,-0.3706,0.3004,-0.9067,0.3502,0.1108,0.0582,0.2165,-0.2608,-0.2258,-2.934,1.3756,0.8998,1.7999,-0.2803,-0.3017,1.4805,-0.4502,0.0006,-0.0231,0.5008,-1.4409,0.0456,-0.1502,0.4753,0.3646,-0.5695,-0.0448,0.429,-1.4303,0.4189,-0.4015,-0.5647,-0.4677,-1.9215,1.6138,-0.7316,0.4994,-0.2509,0.849,-1.327,-0.6552
492,5552,108,4,walking,4.0,108.0,5552.0,2.0,108.0,0.0137,-1.1396,0.0585,-0.2611,0.1288,-0.289,-0.0364,0.581,-0.145,0.0973,-0.3114,-0.1582,1.799,-0.8131,0.06,-0.2519,2.2035,3.6604,4.5489,5.3679,6.9706,-1.1639,-1.607,0.1856,-0.0843,-2.2386,8.2749,-0.1747,1.4572,-2.448,7.2468,0.7897,0.6546,-1.3832,-0.4877,-0.3492,-0.3066,-0.2983,-0.0733,-0.028,-0.4075,1.5421,0.5322,0.0431,-0.0406,0.5969,-0.0503,-1.9561,-0.6774,0.6311,1.5791,-0.3451,1.9842,-0.8941,0.1109,-0.0008,-0.2605,0.8746,0.9345,0.9962,0.1194,-0.0455,-0.1508,0.0443,-0.2806,-0.1019,0.7634,-0.3019,0.0658,0.1005,-0.0804,-0.8475,1.3704,0.8756,1.3991,-0.0441,-0.4016,-1.942,-0.3407,-0.4757,-0.3806,0.3643,-0.4006,0.4504,0.1303,-0.4807,0.1129,-0.2305,0.2209,0.2253,-0.4408,0.3608,0.3753,-1.0999,1.5009,-0.7808,1.7387,-0.0666,0.416,-0.2506,-0.3207,-0.0472,-0.7018
493,5553,108,4,walking,4.0,108.0,5553.0,2.0,108.0,-0.047,-1.2536,0.082,-0.155,0.2346,-0.1249,0.0594,0.4416,-0.091,0.0775,-0.0098,-0.0172,1.3718,-0.6138,-0.1957,-0.228,2.914,4.3088,3.1758,5.1159,-0.286,6.2477,8.144,-5.7189,1.2763,7.2947,1.2668,-3.3381,-0.3896,-0.069,-0.8139,-3.3979,-0.5631,-0.4582,-0.1378,-0.6961,-0.3486,0.4835,0.1194,-0.4364,-2.8973,1.6662,-0.038,-0.0214,0.6792,-0.0009,-0.0289,-0.0507,0.6521,-0.3212,-0.9985,-2.9742,-0.9519,0.1011,0.7611,0.0447,-0.1003,-0.1103,-0.545,0.7411,0.3408,-0.2254,0.1503,0.5213,-0.8744,-0.8344,-0.2209,0.0803,-0.3019,-0.3006,-0.8475,-0.1309,-0.2161,1.2604,0.4672,0.9708,-1.4017,0.3451,0.2302,-0.3641,0.0193,0.5145,-0.3802,-0.4007,1.4242,0.5756,0.3994,0.4502,0.4805,-0.3707,-0.3208,-0.2806,0.5509,0.4702,-0.5165,-0.3603,-0.429,-0.6135,-0.6136,-0.2503,0.1126,0.5002,-0.749
494,5554,108,4,walking,4.0,108.0,5554.0,2.0,108.0,-0.064,-1.2391,0.0946,0.1349,0.1088,-0.0798,-0.0116,0.5013,-0.036,0.0078,-0.312,-0.0525,-0.2759,-0.8798,-0.1463,-0.0857,1.1279,3.3794,2.2042,4.2461,5.4836,6.269,-0.7198,7.6118,-0.9238,1.2211,-0.5817,-0.6633,-0.1584,-1.3418,-0.5085,1.3886,-0.8919,0.6851,0.3043,0.358,-1.6487,0.2996,-0.0469,-0.4472,-0.4565,1.7576,0.477,-0.0006,-0.3952,0.2831,0.6774,1.8321,0.7799,0.5344,-0.3459,0.9732,-2.9593,0.0658,0.1015,-0.0373,0.1124,-0.0506,-0.4018,-0.7311,-0.0215,0.2309,-0.1191,-0.3002,0.3991,1.5443,-0.5627,-0.1503,-0.2167,-0.2603,-1.828,-0.4998,0.8755,-0.2805,1.3805,-0.2257,-1.926,-1.3753,-0.2208,-0.4752,0.3647,-0.0804,0.3502,1.6214,-1.3017,-0.0808,-0.4805,-0.0149,-0.1102,-0.8398,-0.3704,-0.3404,-0.5237,-1.5695,-0.4003,-1.1309,-0.4243,-0.6298,-0.4294,-0.6559,-0.099,-0.0483,-0.9666
495,5555,108,4,walking,4.0,108.0,5555.0,2.0,108.0,-0.1585,-1.2697,0.0712,0.5015,0.0172,-0.0694,-0.0941,0.7406,-0.0586,-0.1746,-0.3149,-0.142,-0.9451,-0.3681,0.2483,-0.1813,1.6118,2.379,3.3325,4.3963,5.1082,6.2748,-0.085,-0.6884,-1.3878,1.827,0.1688,-0.2954,0.447,7.4798,-1.3596,-1.4931,0.0499,-0.1902,-0.0074,0.8979,-0.3095,0.586,-0.2892,-0.5921,-0.0311,-0.6622,-0.2391,-0.1015,0.5743,0.0009,0.0273,-3.878,0.3467,0.4565,-0.7732,-0.6475,-0.4214,-0.6961,0.56,-0.534,-0.1103,0.0809,-0.1009,-0.5215,-0.2804,-0.2253,0.0506,0.2167,0.735,-0.93,-0.2509,-0.3405,0.3803,0.4008,-0.2308,0.4249,0.3015,1.7617,-0.3709,1.3753,-0.621,-3.5276,0.1302,-0.0171,-0.0663,0.006,-1.4297,-0.3452,-0.3503,-0.5756,-0.4509,0.3997,0.099,-0.1193,0.2607,0.1129,-0.4018,-1.0498,-0.4991,0.3606,0.6006,-1.2209,-0.4672,0.4803,-0.5207,-1.7297,-0.3001
496,5556,108,4,walking,4.0,108.0,5556.0,2.0,108.0,0.0115,-1.2691,0.0543,0.1406,0.0712,-0.048,0.0069,0.5137,-0.0942,-0.026,-0.2572,-0.1836,-0.295,-0.7016,-0.2496,0.1747,2.9509,1.327,3.6276,4.2827,6.3931,-0.2386,0.5961,-0.4083,5.229,0.8356,-2.0811,-0.2058,-0.8813,7.5737,-0.6789,-1.1668,-0.4882,-0.3078,0.1097,0.3584,-0.3379,-0.4953,-0.3475,-0.1944,-0.0456,-2.7793,-0.3832,-0.1504,0.6541,0.4699,0.1012,-3.8521,0.0249,0.7094,-2.7464,-0.6345,-1.9862,-0.0504,-0.1107,0.5466,0.2608,-0.0399,-0.3004,-0.9567,0.737,0.3014,-0.1005,0.1305,0.5705,0.1192,0.3459,-0.0259,-0.0804,-0.8718,-0.3509,1.2809,0.4992,2.4013,-0.8493,-0.3641,-0.7614,-0.4291,0.1121,-1.3705,-0.2259,0.3802,-0.3407,-0.4502,-0.7382,-0.3751,-0.0808,0.0181,-0.5006,0.0409,0.6006,-0.4807,0.2202,-1.8348,-0.6505,0.4403,-0.3606,1.8776,0.4005,-0.9087,-0.0472,1.0004,-1.3993
497,5557,108,4,walking,4.0,108.0,5557.0,2.0,108.0,0.0861,-1.3277,0.0516,0.2482,0.159,0.1742,-0.1398,0.6137,-0.1209,0.1486,-0.2572,0.0106,1.8125,-0.9443,-0.1911,-0.2035,2.3931,3.1023,5.539,4.7161,6.4788,0.5968,7.3326,8.006,1.378,9.4958,0.2776,-0.3675,-3.4467,-0.7877,0.4585,-3.0791,0.2265,-2.1852,-0.3069,-0.0364,-0.5041,-0.4863,0.2943,-0.0462,0.8971,-1.9938,-0.2881,0.4032,0.5621,0.4611,-0.546,-0.3466,0.747,0.7902,1.936,0.8715,0.1504,0.0505,-0.1104,-0.2308,-0.2209,-0.3002,0.9526,-0.1003,-0.2603,0.0007,0.1018,-0.1309,-0.9675,0.9424,-1.9745,-0.1127,0.3503,0.1192,-0.845,0.3703,1.835,1.4993,0.8273,-1.2805,-0.3991,-1.5301,0.3751,0.3016,-0.2161,-0.2508,-0.5276,-0.5001,1.4014,-0.4232,-0.7301,0.4292,0.7703,-0.3403,-0.8998,-0.3643,-0.3605,-0.4508,0.4009,0.5018,-0.0451,-0.5756,0.6008,-1.8016,-0.4651,0.7686,-0.4272
498,5558,108,4,walking,4.0,108.0,5558.0,2.0,108.0,0.1246,-1.2062,0.0633,0.0973,0.1163,0.145,-0.1095,0.5134,-0.056,0.0025,-0.1744,0.0889,1.2724,-0.6355,-0.0142,0.0323,3.9236,2.7169,4.1698,5.3865,6.827,8.1852,7.318,0.4596,-0.367,0.3547,1.2697,1.6856,2.6976,-0.2819,9.159,0.3079,2.3439,0.0413,-2.7781,-0.3775,1.2978,-1.998,0.4954,0.0786,-0.594,-0.4322,-0.8848,0.0225,-0.0286,0.5364,-0.0005,-0.0507,-1.8731,-0.6682,-0.3211,-1.9321,-0.1193,-0.3454,0.1504,0.0806,-0.2609,0.4011,0.7467,-0.845,0.8541,0.2251,-0.101,-0.1126,-1.5761,-0.3407,1.3008,0.3808,0.0447,-0.3015,-0.1303,0.4296,-1.0489,1.3757,0.3991,-0.923,1.1109,-0.4508,0.1009,0.4005,-0.7215,0.3643,-0.0551,-0.3607,-0.8326,0.2804,0.9427,0.0191,0.2204,0.4803,-0.3502,0.4689,-0.4997,0.7143,-1.5005,-1.0998,0.2307,-0.4403,-0.6505,-0.4671,-1.5667,0.9265,0.4303
499,5559,108,4,walking,4.0,108.0,5559.0,2.0,108.0,-0.1288,-1.0917,0.135,0.5116,0.0763,-0.2057,0.0329,0.5835,-0.0069,0.0466,-0.2885,-0.0549,1.8356,-0.6191,-0.2484,0.1472,2.2701,3.7703,4.1856,6.2619,5.3973,7.3811,8.0695,1.1637,0.486,1.9509,-3.1541,1.0897,-3.3498,0.6721,9.3347,1.254,-0.6836,-2.6546,-0.8032,-0.893,1.4574,0.7954,-0.1086,-0.4375,-1.8799,0.2362,-0.2291,-0.2162,-0.6494,-0.1104,0.2253,-1.823,0.0215,-0.7851,-2.5215,-0.7776,-1.7042,-0.4496,0.2609,0.1306,-0.0009,-0.1122,-0.1193,0.3002,0.905,-0.0506,-0.1008,-0.5313,-0.3452,-0.2302,0.8312,0.0804,0.3505,-0.1505,-0.4294,-0.3804,-0.2805,2.9327,0.3991,0.3647,0.4005,-1.101,-0.4502,-0.5751,-0.4689,0.5002,-0.2203,0.3605,-0.4271,-0.3407,0.5013,-0.3208,-0.0881,-1.7684,-0.3014,-0.5018,-0.4805,-0.4016,0.6554,0.3754,-1.8798,-0.6004,-1.8193,-0.4677,-0.5502,-0.4141,-0.3704
500,5560,108,4,walking,4.0,108.0,5560.0,2.0,108.0,0.004,-1.0109,0.052,0.0788,0.2625,0.1402,-0.0873,0.5164,-0.0698,-0.1053,-0.1943,-0.1257,-0.2322,-0.9238,0.1172,-0.0433,1.1835,3.314,2.2756,4.3937,5.168,6.4892,7.3817,-0.7198,0.4563,0.627,-2.4466,-0.2496,0.8013,-0.3685,-1.137,-0.2874,-3.3077,-0.1542,0.2982,0.8903,-1.9959,0.349,-0.1306,-0.4967,0.4787,-2.6495,0.6941,0.1004,0.5861,0.1013,0.465,-0.6894,-0.7631,0.8475,-1.7983,-0.3224,0.0478,-0.5421,0.2603,0.6581,-0.2208,0.1198,-0.8613,-1.7893,-0.1122,-0.0804,-0.0506,0.4006,-0.5249,-1.526,-0.3016,0.1109,0.2806,-0.1504,-0.3803,-0.2162,1.0999,0.4992,0.9717,-2.719,0.6217,-0.3457,-0.2307,-0.0449,0.4673,-0.3402,-0.5753,-0.5648,0.3604,-0.3708,-0.0105,0.5014,-0.4252,-0.3751,0.3997,0.4292,0.3009,0.0453,0.4014,1.0006,-0.9708,0.0451,-1.6503,-1.6011,-0.9236,-0.4646,0.3502
501,5561,108,4,walking,4.0,108.0,5561.0,2.0,108.0,0.0963,-1.1869,0.0426,0.0157,-0.0066,0.0549,0.1672,0.9085,-0.0645,-0.1256,-0.2774,-0.0788,0.3277,-0.6012,0.131,0.2442,1.3095,2.156,3.849,4.7358,6.5964,5.3936,8.3868,7.2391,2.1165,-2.7937,1.2062,1.4022,-1.1703,2.3575,2.4467,1.1419,-3.4721,-0.5092,-0.2833,-0.4841,-0.7043,0.8529,0.2578,0.028,2.7799,0.9858,-0.3482,0.1002,0.5832,-0.1304,0.0505,2.8951,-0.0009,0.8746,1.8631,-0.765,-0.0806,0.0332,-0.1011,-0.1195,0.3456,0.847,0.9746,-1.54,-0.9499,-0.2509,-0.3707,0.1509,1.5481,1.906,-0.2169,0.8324,0.1124,-0.3759,-1.9364,0.4995,-1.3007,0.9645,2.537,-0.2608,0.5164,-0.2205,1.5109,0.4005,-0.1103,-0.5006,-0.2251,-0.3609,-0.3017,-0.7319,-0.3648,0.4015,0.8493,0.3405,-0.0644,-0.3809,-0.4805,-0.429,0.4759,-0.2805,-0.5695,1.5224,-0.8986,-0.4503,-0.9231,0.6508,0.909
502,5562,108,4,walking,4.0,108.0,5562.0,2.0,108.0,-0.2598,-1.2082,0.0068,-0.2872,-0.5157,-0.6103,0.0439,0.3114,0.1586,-0.059,-0.2327,-0.1056,0.1632,-0.9355,0.0743,0.1918,1.1291,2.1363,3.7169,5.3085,4.4717,7.2989,1.374,-0.839,-0.1474,-0.2411,-2.0877,-0.2269,-0.0936,-0.7075,6.265,-1.8865,-1.6638,-0.3479,-0.0645,-0.4959,-0.9946,-0.3548,-0.0195,-0.0503,-0.648,0.576,-2.7621,0.4433,0.6778,0.5861,-0.7399,-0.035,0.3453,-0.5426,-1.8986,-0.0211,0.301,-0.9631,-0.5344,0.4213,0.1009,-0.0491,-0.9741,-0.8326,-0.1018,0.0009,-0.2605,-0.1199,0.848,1.3008,-0.874,0.1129,0.2808,0.1303,-0.93,-0.4012,1.4805,0.9278,-1.925,-0.8192,-0.94,0.4007,-0.2251,0.3404,-0.3806,-0.5249,-0.3991,-1.3706,-0.5217,-0.2303,0.4673,0.0181,0.0661,-0.2207,-0.2165,0.5751,0.5237,0.1106,0.5008,0.8016,0.4649,-0.0443,1.0257,0.1504,-0.0286,-1.3603,0.4752
503,5563,108,4,walking,4.0,108.0,5563.0,2.0,108.0,-0.1537,-1.327,0.0165,0.0898,0.061,-0.1379,0.059,0.6137,-0.0786,-0.0467,-0.2349,-0.1746,1.569,-0.9509,-0.0953,0.1939,2.7115,3.267,4.3568,5.8193,6.1285,1.3066,1.406,1.285,7.2469,-1.5944,-1.2757,0.1488,-2.3856,-0.2095,8.5833,2.3499,2.2582,-0.2278,-0.0042,-0.1148,2.7475,-0.4564,0.168,-0.0509,-0.1843,1.2981,0.0345,0.0456,0.4791,-0.0225,-0.0006,2.7772,-0.0409,0.3689,0.4294,-1.9475,0.8741,-0.5421,-0.1309,0.0803,0.1507,-0.7318,-0.836,-0.8431,-0.9732,0.2503,0.1014,-0.3997,-0.7699,-0.1191,-1.3018,-0.1109,0.1126,0.3807,-0.9633,-1.621,-1.3452,0.528,2.3758,0.2606,0.2305,-0.1005,-0.3008,-2.4504,-0.3646,-0.0894,-0.4994,1.8493,-0.0802,-0.2809,0.4018,-0.0808,-0.4756,0.416,-0.4002,0.9312,-1.9212,-0.3502,-1.2209,-0.6249,-0.4407,-0.9238,-0.5145,1.7018,0.3409,-1.5002,-0.2259
504,5564,108,4,walking,4.0,108.0,5564.0,2.0,108.0,-0.0717,-1.209,0.007,-0.0636,-0.0168,-0.1139,-0.0563,0.5815,-0.0475,-0.1397,-0.3849,-0.1046,-0.719,-0.827,0.2373,0.185,2.5145,1.0833,3.2957,4.3232,5.286,-0.3095,-0.1672,0.0961,0.601,-0.3424,-0.228,1.9238,-0.4547,-0.5944,0.2735,-1.2596,6.8937,0.1903,0.1498,-1.5465,-2.1279,0.4085,-0.2674,-0.5699,-0.6943,1.4831,0.0804,-0.1124,0.5757,-0.0508,-0.0211,2.6693,-0.8842,0.4995,-1.8621,7.8741,0.7891,-0.3458,0.7794,-0.2606,0.1509,-0.321,0.6792,-0.621,-0.2257,-0.1018,0.8416,-0.3706,0.53,-0.1194,1.7618,-0.0005,-0.3015,-0.4507,0.1106,-0.831,-3.2202,0.8756,-0.7686,-0.3805,-0.3001,-1.8217,-0.1306,-0.3649,-0.5225,-0.0992,-1.5647,-1.1006,-0.3994,-0.2306,-0.2809,-0.3606,-0.5002,0.4673,-0.0409,0.4265,-0.4804,-3.0443,-1.6604,-1.4009,-1.5459,-0.0998,-0.2163,-2.4242,-0.6012,-0.4252,0.0472
505,5565,108,4,walking,4.0,108.0,5565.0,2.0,108.0,0.0973,-1.2095,0.085,0.1315,-0.1651,0.2425,0.1204,0.3125,-0.0185,-0.0543,-0.2988,0.1159,-0.5165,-0.9072,-0.0692,0.1096,1.407,2.1762,3.0086,4.3794,5.7353,7.6296,6.8495,0.3582,-1.2672,8.3689,-0.2332,2.3957,1.4961,1.609,1.788,-3.3874,0.2264,-0.1419,-0.3044,-0.4766,-2.3379,-0.7742,0.1884,-0.4858,-0.0345,-0.2854,-1.6876,-0.1196,0.5327,0.6763,-0.1018,0.2604,0.7597,0.6952,2.3421,-0.462,1.9987,-0.1307,0.0803,-0.0373,0.0509,-0.2209,0.4015,-0.3009,-0.832,0.1129,0.0005,0.3993,-0.9831,0.1009,1.0441,-0.0453,-0.3451,-0.2305,0.3013,-0.2807,-0.5999,1.0225,-0.567,-1.4509,-0.3641,-0.3805,-0.3705,0.1508,0.3407,0.0041,-1.2161,-0.3751,-1.3507,-0.0249,-0.0256,0.4997,-0.2503,0.4802,-0.4008,-0.7681,-0.4406,-0.4299,-0.1103,-0.9079,-1.4757,-0.7233,-0.4684,-0.3609,-0.6554,-0.4677,-0.6009
506,5566,108,4,walking,4.0,108.0,5566.0,2.0,108.0,-0.1347,-1.1462,0.1558,0.1259,0.0165,0.0933,0.1153,0.8333,-0.0095,-0.0417,-0.312,-0.1063,-0.2519,-0.9076,-0.1674,0.0588,2.7169,1.4943,3.358,5.2969,4.3791,-0.5015,6.3639,7.1846,1.2332,-2.6856,-0.2698,-0.4422,-0.4077,2.487,0.089,-1.6728,-0.3879,-0.4576,0.2082,0.575,-1.3499,-0.6492,-0.0375,0.0697,0.2784,-0.2494,-0.1306,0.3081,0.5753,-0.1004,0.6093,-2.7871,-0.1197,-0.8961,0.4991,-0.5214,1.9621,0.0509,0.0007,-0.2806,0.0214,0.1127,-0.0449,0.5411,0.1507,0.2209,-0.3508,-0.8542,-0.4017,1.8766,-0.3018,-0.3006,-0.2607,-0.3457,-0.836,-0.8631,-1.2166,0.9509,1.7213,-0.732,-1.727,-0.3991,-0.3643,0.1013,-0.5665,-0.0151,-1.4232,-0.3407,-1.2307,-0.3805,-0.2251,0.4677,-0.1107,0.5005,-0.3606,-1.0807,-0.5703,0.4807,-0.7017,-1.4265,1.5502,-0.8483,0.3754,0.8493,-0.4004,0.7443,0.6505
507,5567,108,4,walking,4.0,108.0,5567.0,2.0,108.0,0.0913,-1.1746,0.081,0.2482,0.2332,0.1875,-0.0072,0.5085,-0.0107,-0.047,-0.1606,-0.0548,0.3232,-0.7836,0.1433,0.2963,1.5695,2.7233,3.8398,5.9573,4.1181,-0.3873,7.4722,0.2586,6.2757,-0.6358,8.2696,0.5815,-2.7939,-0.4489,-1.682,-0.3095,2.2869,-0.3519,-0.6691,-0.1243,-0.4988,-0.3774,0.0321,0.3484,-0.6583,-0.4094,0.4587,-0.1008,0.6077,0.6498,-0.1017,0.1303,0.5953,0.8076,-2.1198,-0.1504,-0.0504,0.1121,0.3006,-0.1108,0.028,0.2203,-0.5699,0.4299,-0.2603,0.2308,-0.2804,-0.425,-1.9731,-0.9345,0.547,-0.2509,-0.0807,-0.2165,0.0007,-0.3015,2.3807,0.9099,0.3708,-0.3452,-0.5212,-1.4016,0.4406,0.3993,0.5497,0.4006,0.3751,0.4143,0.0753,0.4991,-0.4506,-0.4757,0.5234,-0.3406,0.0471,-0.5508,-0.6508,-0.3507,-0.6168,-0.5008,-0.3145,0.5758,-0.9278,-1.8752,-0.4804,-0.9091,0.8482
508,5568,108,4,walking,4.0,108.0,5568.0,2.0,108.0,0.0792,-1.0105,0.1574,0.1288,0.1323,0.0038,-0.1403,0.4463,-0.0933,0.085,-0.171,-0.0461,1.2985,-0.7406,0.064,0.1173,2.8776,3.3716,4.5013,5.3232,6.912,8.2786,7.6135,9.2898,10.3697,-3.2558,0.207,-0.228,-0.8969,-2.1852,-1.6695,0.2624,-0.3577,0.5796,0.1953,-0.6742,-0.4831,-0.3979,0.4791,0.3099,-0.5946,-2.6581,-0.4956,0.346,0.5277,0.1004,0.1121,-2.9375,0.6471,0.4805,0.5421,-0.6211,0.4018,-0.4345,-0.1011,0.321,0.021,0.1506,-0.0503,-0.789,-0.119,-0.3991,0.2251,-0.9413,0.3452,-0.847,-0.3009,-0.0009,0.0804,0.3509,0.7636,-0.3011,-1.826,1.7215,0.8755,0.2805,-0.2164,-0.1106,0.2304,-0.871,-0.3707,-0.3758,-0.2506,-0.3209,-0.4298,-0.0472,0.2202,-0.0108,0.0294,0.0783,0.0141,0.0373,0.0381,-0.2241,0.3644,-1.6286,-0.4993,-0.1306,0.3407,-0.6508,0.4689,-0.2604,-0.3804
509,5569,108,4,walking,4.0,108.0,5569.0,2.0,108.0,0.1485,-1.007,0.0764,0.0563,0.045,-0.0942,0.089,0.5164,0.116,-0.0168,-0.3954,-0.1095,1.1549,-0.727,-0.1374,0.0375,3.1757,2.6355,4.2922,7.1251,5.3877,6.9773,-3.3698,1.2391,0.2035,-3.3797,0.334,0.1867,0.0699,1.6624,1.5827,1.2588,9.4589,0.4483,-0.1941,1.839,8.2886,0.3462,0.1198,0.5946,-0.028,-0.2684,-2.6596,-0.1005,-0.1632,0.4856,-0.0803,1.7943,-0.4787,-0.5325,-0.766,-1.7894,-0.3021,0.3003,0.3018,-0.1305,0.0503,-0.2603,0.1018,0.7301,0.4505,-0.2208,0.3805,-0.1104,0.0653,-0.5224,-0.8211,-0.2809,0.3503,0.1508,-0.4013,-1.416,-1.9328,0.9052,0.7682,-0.0006,-0.2307,-0.4008,-0.3405,-1.9043,0.4994,-0.0406,0.0209,-1.3453,0.0608,-0.4805,0.3641,-0.0872,-0.4403,-0.4291,-0.3998,0.3606,0.4752,0.2502,-1.4646,0.2162,-0.5005,-0.4999,0.5648,-1.714,-0.5234,-0.6508,-0.6145
510,5570,108,4,walking,4.0,108.0,5570.0,2.0,108.0,-0.1086,-1.2638,0.0943,0.1869,0.0872,0.1542,-0.0475,0.8175,-0.068,-0.0741,-0.3973,-0.0547,1.0032,-0.8819,-0.1349,0.1457,2.1727,3.92,4.2401,6.1154,5.3337,7.4823,0.312,-6.2968,-2.5494,8.2866,-2.1636,0.6561,-1.1258,1.7136,-0.2071,-0.2277,0.4625,-0.0344,0.5931,-0.8976,-1.9864,-0.7921,-0.3467,0.4099,0.565,-1.3091,0.3581,0.1004,0.6094,-0.1017,0.0006,-2.4574,0.1106,0.8425,1.9592,-0.6225,0.3015,0.1192,0.021,0.0453,0.2609,0.8521,0.9301,-0.9746,-0.2203,-0.1127,-0.7853,0.3505,-0.3707,-0.3008,-1.8727,0.4009,-0.1303,0.3803,0.0508,0.5214,-0.8756,0.9645,1.6312,-0.3458,-2.3998,0.2509,-0.2162,-0.8312,-0.3756,-0.2251,-0.0806,-3.1505,0.4504,0.4014,-0.004,-0.4991,0.9026,0.4296,0.5004,-1.3644,0.5752,-0.979,-2.6002,-0.9089,-0.8192,-0.2809,-0.4808,0.8458,0.4194,-0.826,0.2309
511,5571,108,4,walking,4.0,108.0,5571.0,2.0,108.0,0.1087,-1.1259,0.2058,0.1406,0.0065,-0.0543,0.0908,0.3177,0.0788,-0.017,-0.1952,-0.0467,-0.2327,-0.8695,0.2925,0.0311,1.3597,2.1361,3.4986,5.1646,4.9238,6.2496,7.3785,0.7703,-0.4868,1.5373,-6.285,1.3857,1.3082,8.7851,0.7942,-0.1783,2.4063,9.3664,0.1862,-1.3326,-0.4792,-1.8032,0.1584,-0.4421,-0.3976,-1.6075,0.6693,-0.1191,0.4572,0.5622,-0.3469,-0.7499,-1.9541,0.4016,-0.7311,0.4993,1.779,0.3452,-0.0506,-0.1015,0.021,-0.2602,-0.8981,-0.5423,-0.4004,0.2169,-0.3014,-0.3708,-1.5344,1.9431,1.9895,0.0409,0.1505,0.0277,0.2805,1.3006,1.5004,-1.0663,0.3409,0.0708,-0.3804,-0.1004,-1.4505,0.2253,0.0006,0.0191,-0.0257,-2.4295,0.3605,0.3997,0.0973,-0.0843,-1.0266,0.5751,0.6006,0.2503,-0.8273,0.3756,-0.2309,-0.1307,-0.9236,-0.6103,1.4808,0.6509,-0.9087,-0.3504,-1.4406
512,5572,108,4,walking,4.0,108.0,5572.0,2.0,108.0,-0.1558,-1.0839,0.1703,-0.3125,0.0088,-0.2327,0.0591,0.5145,-0.077,-0.0169,-0.2543,-0.1406,0.4546,-0.9583,0.2611,0.044,2.3396,1.712,3.4961,4.5968,5.1389,-0.1864,-6.1697,7.6062,-0.2432,-0.8493,-1.5034,6.0981,-0.6544,-0.361,-0.3557,-0.4786,-0.3099,-0.2078,0.2277,-1.3885,-0.2895,-0.9854,0.1252,-0.3763,-2.5319,-0.2974,-0.0219,-0.0505,-0.6692,0.0009,-0.1008,-0.1305,-0.0807,0.4821,-1.8741,0.1102,0.2602,-0.7583,0.1127,-0.1017,0.6742,-0.7971,0.7611,0.1197,0.561,-0.2202,-0.8082,-0.904,0.4298,-1.9311,-0.1506,0.3453,-0.3509,0.3704,-0.0473,-0.73,1.3014,0.4677,-1.8431,-1.7406,-0.945,-1.3008,-0.2806,-0.2259,0.0708,0.5175,0.2164,0.3808,-1.5276,0.3407,0.4202,-0.5249,0.0661,0.4014,-0.5002,-0.6104,-1.0449,0.4994,1.0443,1.8348,0.4403,0.4508,-0.2309,-0.5227,-0.7297,0.0286,0.7016
513,5573,108,4,walking,4.0,108.0,5573.0,2.0,108.0,0.0019,-1.2491,0.1875,-0.1378,-0.6604,-0.5136,-0.0172,0.9141,-0.1258,0.086,-0.3255,-0.0786,1.2327,-0.7794,0.2553,-0.1115,2.739,3.8253,5.177,4.0922,-0.0561,0.4846,0.3928,0.204,-1.1036,6.269,-0.1654,-0.3765,-0.4943,-2.4799,-0.5988,-1.1404,-2.2987,-0.6496,0.3598,-1.6968,-2.4567,-0.5092,-0.0632,0.0375,-0.3879,0.3485,-0.0259,0.448,0.5109,-0.3384,0.6681,-0.973,-2.5619,0.0509,0.9531,7.8962,-0.7421,0.6328,0.5742,-0.1124,0.0708,0.0493,0.8301,-0.1012,0.026,0.1191,0.2306,0.4015,-0.3016,1.7627,0.1103,0.2259,-0.1003,-0.2807,-0.4006,-0.4294,1.932,0.8754,0.5121,0.9231,-2.5215,-0.2162,-0.4992,0.0005,-0.0266,0.3458,-0.099,0.3505,-2.9554,-0.1504,0.5758,-0.3993,-0.1305,-0.3809,-0.4805,-0.2605,-0.6505,-0.4678,1.3402,0.4646,-1.0449,-0.8998,-0.0807,-0.3007,-0.5018,0.5013,-1.0209
514,5574,108,4,walking,4.0,108.0,5574.0,2.0,108.0,-0.129,-1.319,0.1089,-0.2398,0.0908,-0.1132,0.0325,0.5134,-0.068,0.0149,-0.2619,0.1342,0.1514,-0.9076,-0.3088,-0.0546,1.2968,2.3565,4.8458,3.2456,-0.727,-1.1638,5.3385,0.4077,1.3791,7.1852,1.0061,-0.2857,0.5843,-3.3496,6.6076,0.2747,-0.0431,-0.5075,0.4563,-0.177,-2.7841,0.662,0.026,0.2264,-0.5948,-1.7972,-0.0809,-0.1129,0.5399,-0.1015,-0.1102,-3.8639,0.3694,0.5758,-1.8321,0.9344,-0.6773,-0.1306,0.2608,0.1505,0.1009,-0.8469,0.4189,-0.0441,0.0005,0.2204,0.3406,-0.9516,-0.5425,-0.8224,0.3007,0.2803,-0.0509,-0.4293,0.2169,-1.4271,0.9746,0.626,-0.8759,-2.5491,0.1197,-0.3458,-0.4018,-0.2505,0.0551,0.3707,-0.3803,-1.914,-0.8764,-0.4995,-0.4006,-0.3014,-0.5001,0.4674,-1.5443,-0.5143,-0.3502,0.4252,-1.4665,-0.7198,-2.7687,0.4752,-0.0449,-0.9451,-0.0708,-0.3991,0.3756
515,5575,108,4,walking,4.0,108.0,5575.0,2.0,108.0,-0.1546,-1.0639,0.0568,0.0943,0.1201,0.2325,0.0032,0.4498,-0.0717,-0.0872,-0.2636,0.1119,1.6355,-0.3881,-0.1085,-0.2486,2.182,4.9798,3.309,5.4959,7.8125,6.2897,0.5685,-3.164,-2.3396,0.358,0.7386,1.1363,-1.8891,0.5827,0.6622,-0.576,-0.6494,0.7034,-1.0437,0.6977,0.1478,-0.8929,0.0399,0.0373,-3.4792,-0.4541,0.025,-0.0209,0.6595,-0.0506,-0.0009,2.5467,0.4842,0.7431,0.8711,0.7962,-1.825,0.1109,0.1018,0.7628,0.5375,-0.5621,0.1197,0.3015,-0.1507,-0.3459,-0.2205,-0.2162,-0.848,-0.1129,1.3708,-0.4012,-0.2252,-0.2805,0.9329,0.3751,-2.0249,0.7319,-0.5225,-0.8301,-1.7291,0.4506,0.4809,-0.0759,-0.1005,0.0051,0.4993,0.1303,-0.2606,0.4294,0.1261,0.3404,0.0239,-0.3804,0.2503,-0.6003,0.3997,-0.3606,-0.5276,-0.3009,1.0806,-0.714,-0.7198,-0.5753,-0.0443,0.4679,0.4752
516,5576,108,4,walking,4.0,108.0,5576.0,2.0,108.0,-0.0575,-1.3222,0.0168,0.2474,0.0066,0.1323,0.032,0.595,-0.0691,0.0786,-0.366,-0.1519,1.5013,-0.712,0.0897,-0.109,2.167,3.2749,5.9659,4.6607,7.8982,6.1851,0.2963,-2.3069,-2.3788,-1.228,-1.3557,-0.1217,-0.4814,-0.3877,1.5895,-0.6511,-1.3925,-0.0933,-0.6461,0.2896,0.4085,0.4541,0.2694,-0.3499,-2.7956,0.4487,0.0464,0.4743,-0.0509,0.2607,-0.0239,0.4631,-0.6742,0.7211,0.8971,2.8319,0.0006,0.1104,-0.2205,0.1018,-0.028,-0.1009,0.3453,-0.5214,0.1194,0.1504,0.1126,-0.9324,-0.7301,0.3992,0.7881,0.0532,0.5321,0.4294,-0.3402,-0.1304,-1.4507,0.926,0.5753,-0.623,-0.4002,0.547,-0.8411,0.3013,-0.2803,-0.0804,-0.3508,-0.4758,-1.979,-0.2163,-0.0409,-0.3705,0.0644,-0.5237,-0.5165,-0.4994,0.4015,0.3641,-0.3002,-0.427,-0.4679,0.4805,0.8212,0.8657,-0.0231,-0.3125,0.8492
517,5577,108,4,walking,4.0,108.0,5577.0,2.0,108.0,-0.1462,-1.0068,0.1063,0.0825,-0.0558,-0.0943,0.064,0.9236,-0.0718,0.1203,-0.3589,-0.1178,1.2846,-0.8443,-0.2483,-0.2061,2.2349,3.7169,4.2781,5.5396,6.1782,7.3115,1.1372,8.0164,1.4519,9.3042,-1.2269,-6.3938,0.4832,0.2698,-1.339,-3.6737,-0.2959,-0.6076,0.4499,-0.8093,1.5095,0.157,0.1679,0.048,-1.6547,1.8466,-0.1196,0.0503,0.5785,0.1506,0.2609,1.7597,0.3696,-0.5206,1.3421,0.521,0.946,-0.0215,-0.5619,0.1126,-0.5411,0.8886,-0.1006,-0.3458,0.5328,-0.3012,-0.0809,-0.8731,0.7324,-0.4017,-1.8493,0.2803,-0.1014,0.3647,-0.1305,0.3403,-1.7435,1.4509,0.9225,0.7382,-0.3705,-1.3757,-0.2505,0.1108,-0.2304,-0.3504,-1.3994,-0.2251,-0.4232,-0.3804,0.4292,0.0808,-0.0456,0.4756,-0.2203,-0.6509,-0.5503,-0.6008,-0.4008,0.839,0.3209,0.3009,-0.0273,-0.8458,-1.5754,-0.3444,-0.5001
518,5578,108,4,walking,4.0,108.0,5578.0,2.0,108.0,-0.1245,-1.1372,0.2392,0.1536,0.0941,0.0177,0.0626,0.4816,-0.0786,0.1175,-0.2519,0.0885,1.5014,-0.8798,-0.1097,-0.1459,3.3927,4.287,2.2982,-3.6173,5.586,1.405,6.0588,7.7353,-0.9583,-0.4468,0.358,-0.3771,-0.3896,0.0032,-1.189,-0.172,0.2456,0.0463,-0.6766,-1.2298,-1.9569,-0.3373,0.3049,0.6476,-1.6521,0.8946,-0.0399,-0.1309,0.5761,-0.1194,-0.3493,-1.4743,-0.1014,0.5313,-2.7983,-0.5427,-0.1106,0.3458,0.0005,0.1009,0.021,0.0505,-0.744,-0.8431,-0.2808,-0.3008,-0.3994,-0.1503,-0.3015,0.2204,1.1124,0.2309,0.3756,0.0803,0.3408,0.4214,-1.8718,0.6224,0.8757,-1.3802,0.9426,-1.4292,-0.5225,0.2609,0.4999,-0.0443,-2.4803,-0.099,-1.5754,0.5648,-0.0561,0.4357,0.4011,-0.4008,-0.4168,-0.7197,-0.0646,0.5015,-0.9238,-0.5647,-0.4303,1.5223,-1.0441,-0.3231,-0.4166,0.4504,0.5276
519,5579,108,4,walking,4.0,108.0,5579.0,2.0,108.0,0.0137,-1.3277,0.0088,0.0823,0.1531,0.1095,0.1181,0.512,-0.0517,-0.0413,-0.2796,-0.0636,1.266,-0.7443,-0.0943,-0.1822,3.6103,2.959,4.209,5.8657,-0.3539,-0.3825,1.1272,6.0785,0.5062,0.2432,-0.6869,2.1446,-0.4786,-0.457,-0.7898,1.4463,0.6794,0.3475,-0.6489,-0.2959,1.3087,-0.6521,-0.1649,-0.1192,-0.5699,0.5782,-0.4033,-0.4853,0.5854,0.0319,0.1004,-1.778,0.0505,-0.2861,-1.9766,-0.4294,-0.0409,-0.768,0.0225,-0.0477,-0.1108,-0.2257,-0.4679,0.3451,-0.1019,0.2607,0.0806,0.1126,0.3008,-0.4217,0.8475,-0.2206,-0.2305,-0.1308,-1.9344,0.7326,0.835,-1.3759,0.0006,1.2162,-0.0002,-1.7422,-0.1506,0.2809,0.5009,0.5758,-0.2502,-0.3708,-0.4506,0.0646,0.5214,0.0231,-0.3644,0.0441,-0.0451,0.3013,-0.4018,0.3403,-0.3809,-0.6298,-0.0708,0.4758,0.3203,-1.4405,0.4803,-0.8986,-0.0449
520,5580,108,4,walking,4.0,108.0,5580.0,2.0,108.0,0.0045,-1.2598,0.1115,-0.3151,-0.239,-0.1488,-0.0548,0.5835,-0.0796,-0.0401,-0.3392,-0.1349,1.539,-0.7867,-0.2638,-0.2046,2.1885,3.6018,4.2894,5.9773,8.3782,6.1095,7.7185,-0.5919,-0.4072,-0.3947,-0.8356,-3.2442,-0.0943,0.1757,-0.3463,-3.0879,-1.2954,0.646,-0.1274,-0.063,-3.8941,-0.507,-0.4462,0.3697,-0.6522,-0.2702,0.6932,-0.1691,0.6884,-0.1005,-0.0321,-3.7766,-0.7599,0.2253,0.4991,-3.8731,-1.5321,0.7327,0.2607,-0.2805,0.1124,0.4677,0.5636,-0.93,0.3406,-0.0007,0.0806,0.1505,-0.7611,-0.867,-0.1304,0.2205,0.2509,0.3454,0.3015,-0.3704,1.4292,0.8752,-0.8326,-0.5225,-2.427,-0.3643,-1.3991,-0.0992,0.0442,-0.0951,-0.3751,-0.1104,-0.3808,0.5751,-0.4752,0.101,0.0708,0.5002,-0.4402,-0.3005,-1.4017,-0.3504,-0.9236,-0.4806,0.5695,0.5165,-1.0491,-0.8483,-0.3605,1.6506,0.5276
521,5581,108,4,walking,4.0,108.0,5581.0,2.0,108.0,-0.1046,-1.1872,0.0069,0.5165,0.6103,0.2786,-0.1232,0.4424,-0.0913,0.0143,-0.2349,-0.0574,1.164,-0.8981,0.3156,-0.1762,2.5931,3.7164,4.0722,5.3796,6.9443,-1.0825,7.3961,0.3057,0.2656,-0.3868,-1.2088,-0.1535,-1.2958,-1.459,1.607,-1.4885,-2.1489,-0.2895,-0.6566,-1.7904,-2.8036,-0.3347,-0.1175,0.0691,1.8767,0.0399,-0.0219,0.3483,0.6482,-0.0508,-0.1121,0.0809,0.5413,0.5053,-1.7321,-0.1109,0.1198,0.3403,-0.1304,0.2208,0.1017,0.7793,0.4016,-0.6312,-0.0008,-0.1008,-0.9746,-0.7851,-0.1509,-1.847,-0.766,0.0441,0.2808,0.0449,-0.3457,-0.3996,-1.944,0.5224,-0.4211,-1.2607,-0.3006,0.4806,0.4402,0.0992,0.4994,-0.2252,-0.3753,-0.0473,0.0646,-0.427,0.3809,0.4297,-0.3013,-0.5005,0.4679,0.6004,-0.2307,0.4647,1.2169,-0.5494,-0.5013,-1.4753,-0.0708,-0.7447,-0.5648,-1.4234,0.0231
522,5582,108,4,walking,4.0,108.0,5582.0,2.0,108.0,-0.1261,-1.13,0.0111,-0.0432,-0.1869,0.0775,0.1747,0.6106,-0.1403,-0.0886,-0.3143,0.1651,-0.2857,-0.6568,-0.2285,-0.2484,2.9061,1.2558,3.5696,5.2078,4.2697,6.3889,7.8255,-0.7999,-2.357,-0.5943,0.1088,2.1595,-1.2719,0.0548,0.493,-3.3466,-0.4023,-0.6074,0.095,-0.9892,-0.9972,-0.6473,0.3341,-0.3696,-1.2944,-0.0447,-0.4639,0.4577,0.5621,-0.1303,0.0508,-1.8037,-0.1198,0.6345,-0.6762,-1.8742,0.8311,0.9431,-0.0214,0.1126,-0.53,0.9027,0.547,-0.4011,-0.3008,-0.2166,0.3405,0.5758,1.3991,-0.767,-0.1104,0.2809,-0.3509,-0.794,1.935,1.1006,1.4998,0.8443,-1.799,-0.3454,0.0704,-1.0449,0.0663,-0.3707,0.0892,0.0004,0.5276,-1.9451,-0.0472,-0.3015,-0.1752,-0.1502,-0.0171,-1.0473,0.1019,-0.3644,0.4234,-0.8493,0.8776,-0.3759,-0.4508,0.7706,-0.2304,0.2505,-0.3806,-0.2259,-1.7018
523,5583,108,4,walking,4.0,108.0,5583.0,2.0,108.0,0.1606,-1.1703,0.132,0.0765,-0.1078,0.2346,-0.089,0.4819,0.0918,-0.044,-0.5109,-0.0568,1.1535,-0.4543,0.2558,0.1132,2.714,3.9552,4.3941,6.2694,5.2901,7.8596,-3.6118,8.365,-0.2733,0.6695,1.2291,2.7962,2.0084,-0.3798,-2.6097,-1.3885,0.8969,-0.2856,-0.127,0.8042,-0.2486,0.5799,0.3475,0.1463,-0.4487,-0.8847,-1.6431,0.0503,0.5954,0.0225,0.1198,1.5703,0.3072,0.7782,-0.4953,-0.5157,-2.7321,0.1127,-0.0803,0.3404,0.0008,0.6771,-0.9628,-0.1106,0.934,-0.2258,0.3015,-0.761,-0.7423,0.1017,1.3994,-0.3803,-0.3452,-0.2205,-0.2309,0.1006,0.4408,1.2603,0.9231,-0.4011,-0.928,-0.2166,0.0644,0.0755,0.6008,-0.1505,0.5005,1.909,-0.3644,-0.1303,0.5756,-0.3506,-0.4672,-0.4505,-0.7681,-0.4005,-0.4805,1.5648,-0.9079,0.0472,-0.9236,-0.2809,-0.3751,0.3605,0.4294,-0.3005,0.3143
524,5584,108,4,walking,4.0,108.0,5584.0,2.0,108.0,-0.0516,-1.2788,0.181,0.135,-0.0772,0.0626,0.0085,0.5868,-0.048,0.0189,-0.3562,-0.0811,1.839,-0.5131,-0.252,0.0915,3.9231,2.6105,-3.7184,4.6065,5.593,7.6946,0.1722,-0.339,6.4096,-0.4437,-0.2439,-3.1291,-0.7831,-0.2948,-0.6698,0.6792,1.2383,-0.4763,0.4961,-0.6499,0.387,0.7956,-0.1473,-0.0328,-2.7597,1.5794,-0.4576,-0.1127,0.5175,0.1107,-0.0213,-3.1934,-0.3677,0.9542,-1.8741,-0.4321,-0.7432,-0.0506,0.2604,0.2807,-0.0447,0.2163,-0.5212,-0.545,0.1191,0.2205,0.1009,-0.5364,-0.8636,0.3754,1.8224,-0.0803,0.1018,0.1304,-0.93,0.0409,2.5647,1.7382,-1.7689,0.3452,-2.3809,-0.0753,-0.0009,0.099,-0.2305,-0.3018,-0.5443,-1.9666,-0.3646,-0.5249,0.4803,-0.4293,-0.4999,-0.4508,-0.5009,-0.3402,-0.4672,-0.1505,0.0759,1.9458,-0.4402,-0.099,-0.2507,-0.3503,-1.4002,-0.4751,1.9509
525,5585,108,4,walking,4.0,108.0,5585.0,2.0,108.0,-0.2395,-1.0796,0.086,0.0542,0.0158,-0.175,0.0694,0.5333,-0.1154,-0.149,-0.2872,-0.1389,1.979,-0.3936,-0.1859,-0.27,2.452,3.6014,4.2632,5.1082,6.8125,7.0946,9.2957,8.4816,0.7177,1.3878,-3.1279,-0.2575,0.7063,2.6544,-0.3584,-1.3792,2.3066,0.3315,0.6468,0.4786,-0.2497,0.5619,0.3462,-0.2271,-2.4943,0.048,0.1011,-0.1126,0.5754,-0.034,0.1008,2.8769,0.7798,-0.0503,-2.7699,0.6793,0.0447,0.026,-0.1104,0.1194,-0.2803,0.3806,0.4296,0.3018,-0.5213,0.0807,0.2603,-0.3453,-0.1308,-1.7321,0.1503,0.3997,-0.3509,-0.2209,-0.3003,-0.2257,1.4017,2.4998,0.748,1.8831,0.531,0.2503,0.5143,0.0442,0.835,-0.5009,-2.5164,1.4403,-0.3643,-0.0456,0.4677,-0.3759,-2.5648,-0.3404,-1.4803,-0.4504,-1.4303,-1.0009,0.827,0.6008,-1.2303,0.5237,0.8273,0.414,0.8757,0.5505,-0.6509
526,5586,108,4,walking,4.0,108.0,5586.0,2.0,108.0,-0.0845,-1.0175,0.0516,-0.006,-0.1206,0.1703,-0.0218,0.5936,0.1057,-0.0933,-0.3564,-0.1119,-0.2925,-0.5131,-0.1343,0.2265,1.9762,3.6303,2.8983,4.0797,5.3962,-0.1542,-1.4837,6.6858,0.2374,-0.8869,-2.382,-0.7169,-0.2866,-0.4072,0.7967,-0.2749,-0.709,-0.5047,0.1421,-0.3026,-0.8932,0.2482,0.0463,-0.7734,-0.468,-0.0003,-0.4491,0.3453,0.5631,0.1505,0.1127,0.5318,-0.1009,0.7841,-3.8499,-0.9417,-0.5416,-0.1197,0.0507,0.2204,-0.4015,0.8515,-0.8344,-0.3507,-0.0804,0.1105,0.3003,-0.2805,-1.8716,-0.2251,0.3993,0.2169,-0.526,-0.0485,-0.7625,-1.9567,0.4993,1.4406,-0.9328,-2.9452,-0.3704,-0.1013,0.5145,-0.9627,-0.7313,-0.4505,0.2605,-1.3808,0.4751,0.0192,0.4292,0.3409,0.4243,0.4008,0.5005,0.5503,-0.6003,0.4679,-1.2303,1.3643,-1.6999,-0.2504,-0.3757,-0.3609,-2.4271,-0.5753,-0.9683
527,5587,108,4,walking,4.0,108.0,5587.0,2.0,108.0,-0.1516,-1.2554,0.1094,-0.237,0.0511,-0.0985,-0.0078,0.4498,-0.0892,0.142,-0.1707,0.129,0.5695,-0.8191,0.1872,0.1346,1.2895,2.3589,3.3732,4.2975,-3.9458,-0.4076,-6.5838,5.719,7.4769,-0.3956,-0.2774,0.2261,-0.6897,-1.0186,-0.6063,-2.5902,-1.7936,-0.038,0.2696,-0.2483,0.6477,-0.1949,-0.0631,0.0462,-0.3334,-0.4591,-0.3082,0.0803,0.6657,-0.4321,0.485,-0.5399,0.8842,0.8465,-2.6716,-0.1198,-0.3451,0.738,0.0447,-0.0008,0.1105,0.3406,-0.2208,-0.2805,0.0509,0.1002,0.2607,0.1505,0.5646,-0.3803,-0.525,0.2505,-0.1306,0.101,0.2164,-1.934,2.3009,0.8758,-0.3998,-0.3758,-1.5752,-1.4804,-0.2304,0.429,-0.4673,-0.4005,-0.4017,0.0456,-1.1124,0.5443,0.3508,-0.3018,-0.3704,0.3642,-0.6504,-0.2254,0.4751,-0.6553,-0.5648,0.4647,-0.4991,-1.5002,-0.6118,0.9084,-0.9092,-0.4503,0.7015
528,5588,108,4,walking,4.0,108.0,5588.0,2.0,108.0,0.1809,-1.0163,0.121,-0.1572,-0.045,0.1392,0.0543,0.5695,-0.067,0.0062,-0.2685,0.0786,1.2975,-0.9604,-0.2279,0.2711,3.7136,2.8776,5.4466,4.2856,-3.5969,7.5835,6.2539,1.4798,-0.6143,0.2036,-1.168,-0.0884,-1.1746,-0.4589,-1.3382,0.2376,1.654,0.2448,0.3096,-1.3468,-2.4914,-0.9538,0.1932,-0.0399,-0.028,-0.3787,-1.6057,-0.213,0.6797,-0.0809,-0.1006,-0.7464,-2.8326,-0.7771,-1.7873,-0.541,0.0262,-0.4011,-0.1193,-0.2258,-0.536,0.2604,0.9301,-0.3404,-0.3507,-0.0004,0.1509,0.5263,-0.521,-1.3451,-0.1307,-0.1017,0.1104,-0.2303,-0.099,-0.0671,1.428,2.4507,-0.3009,-0.0508,0.4298,0.9022,-2.3018,-0.3809,0.0594,-0.1121,-0.2202,-2.619,-0.4007,0.4252,-0.2809,0.0663,0.3751,-0.3602,-1.5013,1.0455,-0.4807,-2.4127,1.3992,0.3704,0.6003,1.0403,-1.4408,0.5502,-0.9094,-0.5802,0.3134
529,5589,108,4,walking,4.0,108.0,5589.0,2.0,108.0,0.0982,-1.2086,0.0898,-0.6161,-0.5143,-0.168,-0.1396,0.4911,0.1258,0.005,-0.2656,0.056,1.2365,-0.7175,-0.2963,-0.0788,2.9762,3.1517,4.2862,5.3385,7.1469,-3.229,-0.8495,6.0178,8.2735,0.4797,-0.1025,1.4095,-0.307,-1.2475,-1.5944,2.4872,-0.3619,0.3431,0.1857,0.0639,-0.0466,-0.7973,0.0215,-0.1005,-0.3781,0.4567,-0.0503,-0.1108,0.465,0.3832,-0.2604,-1.43,0.6484,0.6883,1.748,-0.8742,1.0399,-0.1126,0.7761,-0.1011,0.5411,0.1506,-0.3704,-0.5647,-0.3503,0.3009,-0.1194,-0.9421,-0.2167,0.7664,0.2303,-0.2252,0.1306,-0.3451,-0.0005,-0.0489,0.5322,1.3014,-0.9231,-0.4665,-1.937,-0.3758,-0.3405,-0.2808,0.4291,-0.0661,0.5005,-2.9213,0.9708,0.0806,-0.4005,-0.3997,0.4017,-0.3206,0.4404,-1.0472,-0.9509,0.6135,-0.4758,-2.7117,1.4507,0.4803,0.3605,-0.5206,0.4995,-0.5214,0.2208
530,5590,108,4,walking,4.0,108.0,5590.0,2.0,108.0,0.237,-1.1882,0.1272,-0.0788,0.055,-0.156,0.1081,0.3156,0.0162,0.0011,-0.2743,-0.0697,-0.2596,-0.6012,-0.0849,0.1479,1.5696,3.9554,2.482,4.714,5.8356,6.1789,0.2474,-0.4576,-2.3664,7.5922,-0.4791,1.1337,-1.2969,-1.3328,-2.3556,-0.2675,-3.6677,0.1658,0.0985,0.6721,-1.6546,0.3839,0.043,-0.0003,-0.3486,-0.688,-1.0399,0.5761,0.5648,-0.1941,-0.0212,0.4052,0.4492,0.837,-1.8431,-0.0447,-0.7893,0.1195,0.1508,0.0505,0.1015,-0.0456,0.0443,-0.5311,-0.0663,0.2609,0.2207,-0.9894,-0.2161,-0.1004,0.9571,-0.1104,0.1124,0.3459,-0.2303,-1.4214,1.4018,0.5428,1.3993,-0.2808,-0.3015,0.3003,-1.631,-0.4991,0.1306,0.2252,0.4502,-1.4002,0.5665,-0.4673,-0.738,-0.5006,0.5678,0.4291,0.3225,-0.3502,-0.3606,-0.4805,-0.3704,-0.5018,-0.6504,-0.4232,0.3751,-0.0685,-0.8715,0.5753,-0.0472
531,5591,108,4,walking,4.0,108.0,5591.0,2.0,108.0,-0.055,-1.2401,0.1139,0.3125,0.1257,0.2078,-0.0873,0.5131,-0.009,0.1403,-0.3536,-0.047,-0.9451,-0.6104,0.2372,-0.0774,1.1762,3.5849,2.0983,4.1379,-1.8657,5.2746,6.2271,-1.3095,-1.486,7.2537,-1.3869,-0.5967,-0.264,-0.1882,-3.4565,0.068,0.7169,-0.6881,-0.2854,0.1089,-1.9834,-0.1942,0.1677,0.3356,-1.7551,-1.9764,-0.1194,0.2947,0.6101,-0.1122,0.1521,-1.9432,0.8731,-0.5399,-1.8885,-0.4486,0.6663,0.4327,0.1004,0.1109,0.2805,0.4222,-0.5647,0.964,0.026,0.1017,-0.0259,0.3003,-0.8425,-0.3453,-0.1304,0.3404,0.0806,0.0504,0.938,0.4294,2.2607,1.7613,0.719,-1.9458,-1.6173,0.2169,0.2307,0.3708,-0.4012,0.0973,-0.2259,-1.301,-0.3809,-0.4806,-0.2206,-0.1508,-0.528,-0.0008,-1.5757,-0.0759,-0.3644,0.4757,0.3506,-1.3991,-1.8348,0.5165,-0.8333,-0.099,-0.3139,-0.8498,-0.5705
532,5592,108,4,walking,4.0,108.0,5592.0,2.0,108.0,0.0517,-1.1042,0.0109,0.0638,0.1343,0.0086,0.047,0.585,-0.0215,0.1407,-0.3976,-0.0878,0.1256,-0.9509,-0.0323,0.116,1.8982,2.4946,3.6105,4.5164,5.1877,6.7999,7.2989,8.3797,-0.3569,-3.2782,0.4824,-2.168,-0.3467,0.2695,2.3685,-2.7547,-0.6694,-2.882,0.2825,-0.9931,-0.5922,-0.6461,-0.1954,0.4472,-0.4073,-1.7445,-0.0441,0.1192,0.579,0.0239,-0.0229,0.3384,-0.1506,0.7962,-2.6893,-0.8721,0.3041,0.0509,0.0003,-0.3211,-0.0362,0.2604,0.6375,-0.3402,-0.6583,0.1004,0.1102,0.3019,-0.3507,1.4502,-0.0473,-0.3459,0.2259,0.537,0.4008,-0.3009,1.522,1.4992,1.3753,0.8758,-2.4242,1.0998,0.1126,-0.9617,-0.4013,-0.2807,-0.0406,0.5006,-1.4293,-0.3703,-0.1013,0.4809,-0.2207,0.2167,-0.3643,1.2509,-1.5249,1.6103,-0.4698,-0.8273,-2.0476,0.719,-1.0803,0.8482,-0.8381,0.5753,-0.3809
533,5593,108,4,walking,4.0,108.0,5593.0,2.0,108.0,-0.0116,-1.234,0.0797,0.0962,0.1511,0.0066,0.1332,0.5134,-0.0842,0.0549,-0.3137,-0.068,1.2724,-0.9659,-0.1475,-0.2278,2.371,4.3868,5.7185,3.6607,6.827,-1.269,-0.4563,0.5947,7.5086,9.356,0.2885,0.2984,1.2058,-1.1877,-0.1772,-0.0499,-1.6769,0.3941,-0.7076,0.1244,-0.2552,-0.3379,-0.3098,-0.3682,-0.0321,-0.4874,-0.1005,0.1943,0.5789,0.46,0.0006,-3.8895,0.6431,0.3471,-0.0506,-1.6591,0.1122,0.1014,-0.025,0.3012,0.536,-0.834,-1.8737,0.9628,-0.2607,0.2305,0.0658,-1.9417,1.1505,-1.2803,-0.735,-0.5633,-0.54,-0.2208,1.1308,-0.3406,-1.7459,0.7684,1.0644,-0.3805,-1.1105,-0.2253,-0.3459,-0.4673,0.3002,-0.4991,-0.1192,-1.4509,-0.9087,0.4002,-0.2167,-0.3997,-0.3643,-1.9509,-0.4303,-0.4016,0.4665,0.5758,-1.7291,-1.099,-0.3509,-1.4106,0.0804,-0.7294,-0.6552,-0.9225,0.5015
534,5594,108,4,walking,4.0,108.0,5594.0,2.0,108.0,-0.0933,-1.087,0.1068,0.0063,-0.1852,0.0545,0.1236,0.493,-0.0107,0.0328,-0.2272,-0.026,1.1613,-0.9062,-0.2042,-0.1546,2.8398,5.7017,3.2543,4.3277,6.3944,7.6975,9.5648,-6.2365,-1.5811,-3.2627,0.4838,-0.5947,-0.1419,-1.2467,-1.5084,1.2983,2.7841,-0.3577,0.4066,0.3491,-1.1757,-0.8937,-0.5664,-0.1006,-0.9896,0.5399,-0.047,0.1014,0.7421,-0.1194,-0.1509,1.889,0.7631,0.5432,-1.8716,-1.8624,0.1305,0.0506,0.0448,0.2606,-0.4676,-0.8062,-0.7971,0.3604,-0.1103,0.0005,-0.3016,-0.3402,-0.8521,-1.9593,0.3003,0.0804,-0.0451,-0.7311,0.9766,-1.8657,-0.4294,0.9079,-1.4008,0.5703,0.5757,-0.1127,0.4991,0.2308,0.3757,0.2252,-0.2169,-1.4759,-0.3994,0.0663,-0.5004,0.3648,0.0802,0.5646,0.4505,-0.4806,-0.0443,0.2805,0.6006,-0.0708,0.3113,-0.5276,-0.3704,0.5263,0.4999,0.5502,0.6011
535,5595,108,4,walking,4.0,108.0,5595.0,2.0,108.0,-0.0136,-1.1932,0.1772,0.0896,0.1557,0.074,-0.1153,0.9665,-0.0581,-0.0077,-0.2968,-0.0925,1.355,-0.7941,-0.0664,-0.121,2.714,4.819,3.5696,5.2769,7.2094,0.3143,-0.2862,0.1665,6.1848,-0.3813,1.3791,-0.3983,-2.1461,-0.3347,-2.5867,-0.4944,-0.3485,0.2697,0.459,-0.6607,-1.7863,-0.2398,0.046,0.3093,-1.598,-0.2486,0.0504,-0.1011,0.6692,-0.2296,0.0008,0.1191,0.547,0.5621,-1.8871,-0.7573,0.2208,0.0225,0.1126,-0.036,-0.438,-0.9942,-0.4006,0.7631,-0.1009,-0.0803,0.0474,-0.468,-0.8982,-0.8711,0.7422,-0.1503,-0.3405,-0.3451,-0.2805,-0.4291,-0.8435,0.9092,-2.3007,0.5214,-0.1105,-0.1308,1.4759,-0.3754,-0.4017,0.2169,0.3506,-0.4808,-0.2252,0.4678,0.4506,0.2307,0.3647,0.4404,0.0451,0.5004,-1.3991,0.7387,0.9452,-1.0756,1.3805,-1.4271,-0.3012,0.8273,-0.2506,-0.799,0.3282
536,5596,108,4,walking,4.0,108.0,5596.0,2.0,108.0,0.0588,-1.167,0.1372,0.6604,0.2332,0.1574,-0.0981,0.44,-0.0791,-0.085,-0.2598,-0.1706,1.0146,-0.9942,-0.2619,0.2711,2.371,3.1877,5.9644,4.8494,7.1236,6.7187,-3.3586,8.4792,-0.482,-0.5647,2.4022,-1.288,-0.3057,-0.5868,-3.7961,0.6469,0.2959,1.3973,-0.0345,0.6775,-1.8765,-0.1483,0.2453,0.4941,0.0461,-0.6693,0.0506,-0.1194,0.5634,-0.0003,-0.0213,-1.6062,0.3384,0.6321,-0.9431,1.3882,0.432,-0.1505,0.1122,0.1105,0.7897,0.5216,-0.3452,0.9568,-0.5421,0.0277,0.2807,0.5443,-0.8971,-0.9075,-1.0239,-0.0663,0.2252,-0.1011,-0.3805,-0.3408,-0.7628,0.8569,0.3015,-1.1005,-1.4299,0.2609,0.3009,-0.0493,0.3759,-0.0872,-0.5004,-0.1303,-1.6451,-0.4001,-0.0476,0.3708,-0.4017,0.2304,0.4807,-0.399,-0.0759,-0.0646,0.2502,-1.5758,-0.3641,0.0804,-1.6145,-0.4508,-0.3604,0.9236,-0.4403
537,5597,108,4,walking,4.0,108.0,5597.0,2.0,108.0,0.1249,-1.0077,0.175,0.1315,0.2346,0.0811,0.1095,0.9238,-0.0463,-0.0594,-0.3568,-0.1409,1.3788,-0.3872,0.0143,-0.2618,2.2957,3.5116,4.306,7.2824,5.7386,6.3143,8.6602,9.3979,-3.2562,0.4832,0.0791,0.3382,-2.4792,-2.594,0.827,0.2042,0.4536,1.6986,-1.8902,-0.7867,1.5875,-0.8096,0.1951,0.0321,-0.1656,1.4465,-0.2754,0.0508,0.7081,-0.0634,-0.0009,-2.7422,0.1019,0.5399,0.6631,1.4997,0.1194,-0.1103,0.3457,0.3017,0.9852,-0.649,-1.8741,-0.0644,0.7614,-0.1009,-0.2251,0.934,-0.4004,-0.736,-0.1127,0.8561,0.2309,0.0451,0.3751,0.834,-0.4018,-1.8475,0.5752,0.4294,-1.8759,-0.3502,0.2162,-0.4674,0.3703,-0.0171,-0.5009,-1.1304,1.7115,0.3994,0.2807,-0.2208,-0.5695,-0.4408,-0.2503,-0.1508,-0.9552,0.4509,-0.0653,-1.3403,-1.8273,-0.6138,-1.7197,0.799,-1.3808,-0.0804,0.7198
538,5598,108,4,walking,4.0,108.0,5598.0,2.0,108.0,-0.0017,-1.1205,0.142,0.3102,0.0774,0.047,-0.1062,0.5013,-0.0872,0.0944,-0.3325,-0.0632,1.912,-0.619,-0.1315,0.1856,3.2389,2.3096,4.739,5.2827,6.5976,8.366,-0.827,-0.2986,-0.4585,7.8868,-0.165,0.3765,-0.7867,-2.3866,-2.5743,-0.3461,-0.3581,-1.0158,0.2631,0.4795,-0.2483,0.4097,0.2277,0.4619,1.4979,-0.3973,-0.1105,-0.1142,0.7593,0.038,0.1197,-1.637,-0.5321,0.9969,0.4851,2.8764,0.0007,-0.548,0.3013,0.1015,0.2807,-0.4673,-0.3506,-0.4015,0.3991,0.2164,0.0214,-0.0508,-0.8428,1.9021,-0.5211,-0.1006,0.3009,0.1504,0.2308,0.0806,1.9443,1.8986,0.7177,-1.8273,-0.8211,0.2253,-0.0671,0.3754,0.4007,-0.3407,1.4292,-1.9417,-0.4508,-0.8016,0.2509,-0.0456,-0.4997,-0.1121,-0.2608,0.1305,-0.6168,-0.9278,-0.6012,0.5006,1.0802,-1.4252,-0.4232,0.3702,0.3457,0.8333,-0.921
539,5599,108,4,walking,4.0,108.0,5599.0,2.0,108.0,0.0942,-1.1856,0.0825,0.2392,0.3125,0.1736,0.1257,0.9646,-0.0639,-0.0546,-0.3562,-0.104,1.839,-0.5695,0.1396,-0.1638,3.0166,2.601,4.7143,5.2869,6.445,-2.4786,-0.2432,7.1577,-2.0797,-1.4972,-0.5814,-2.782,8.223,0.458,-2.377,-0.3391,-0.1141,-0.29,0.2702,-0.266,-1.9819,-0.4865,-0.1015,0.3463,0.8943,0.7954,-0.0007,0.0321,0.5987,-0.044,-0.0503,1.9475,-0.6484,-0.6731,2.6852,-0.2258,-0.3451,-0.73,0.536,0.2804,-0.1191,-0.8521,0.8861,-0.767,0.741,0.0803,0.9516,-0.1009,-0.3505,-1.0756,0.0755,-0.3009,0.3807,-0.1308,-0.833,0.5249,-1.8212,0.5752,1.902,-0.3995,-0.1103,-1.4013,-0.099,0.9312,0.0802,0.0441,-0.2304,-0.0209,-1.2169,0.1126,0.3013,0.5454,-0.2609,-0.4296,-0.7681,-0.1503,0.4008,0.3702,0.5014,-0.3113,1.2509,-1.7169,-0.4252,-0.499,-0.7233,-0.5001,-0.3756
540,5600,108,4,walking,4.0,108.0,5600.0,2.0,108.0,-0.1469,-1.159,0.055,0.0632,0.1213,0.0182,0.0723,0.5825,-0.0897,-0.0326,-0.2046,-0.0217,-0.1148,-0.839,0.0973,-0.2983,1.7115,2.3718,3.9238,4.3839,5.271,6.3572,0.619,1.5533,7.6062,-3.5491,0.7975,-2.6681,1.5791,-0.3096,0.3499,-0.4422,-2.7074,1.4086,-0.5968,-1.2895,-0.9816,0.8847,-0.2461,-0.5421,-0.3693,-2.7851,0.0465,0.1949,0.538,0.4584,0.4211,-0.1005,-0.2209,0.6476,2.6763,-0.1197,-0.3458,-0.0476,0.1504,0.0503,-0.0443,0.0448,-0.438,0.7792,-0.3015,0.0006,0.0493,0.1103,-0.2161,1.8971,-0.1307,-0.3705,0.2602,-0.8544,0.4008,0.1011,-1.5403,0.9773,-0.8731,-0.4016,-0.946,-0.3998,0.5216,1.5006,-0.0608,-0.006,-0.2502,-1.4805,-0.4293,-0.5157,0.4673,-0.2254,-0.0296,-1.3804,1.3007,0.6708,-0.7233,1.4759,-0.3753,-1.3408,-0.2808,-0.7294,-0.9509,-0.5015,0.3643,0.2307,0.5756
541,5601,108,4,walking,4.0,108.0,5601.0,2.0,108.0,0.0796,-1.1275,0.055,-0.5144,0.8139,0.4963,0.1806,0.6094,-0.1057,-0.1186,-0.2432,-0.0317,1.1415,-0.6105,0.0077,0.209,2.0898,3.387,4.2364,5.1668,7.7169,6.2874,8.2789,-3.3791,-0.4036,9.5835,-0.9773,-1.2213,0.2542,-1.6548,-0.3961,-0.3488,-0.4762,-0.3341,0.2654,0.3078,-0.0979,1.6984,-0.2944,0.458,-0.4655,-2.6692,-0.5319,0.0219,-0.0467,-0.5001,-0.5982,-0.9997,-2.1011,0.4996,-0.1193,-2.7699,0.9521,-0.1004,-0.0003,-0.438,0.0506,-0.3458,0.8531,0.1109,0.937,-0.1304,-0.3509,-0.838,-0.4016,-0.723,-0.73,-0.2603,-0.2508,-0.2807,0.3009,0.1502,1.3991,1.8727,-0.3751,0.525,-0.3019,-1.8383,-0.4293,-0.0806,-0.0755,-0.2259,-2.2164,-0.0472,-0.4252,-0.1129,0.5754,-0.2208,-0.4806,0.4759,-0.3406,-0.4403,-0.5703,0.6552,1.5505,0.3804,1.3642,-0.5648,-0.9552,-0.8348,-0.8754,-1.6504,-0.4679
542,5602,108,4,walking,4.0,108.0,5602.0,2.0,108.0,-0.1783,-1.0536,0.107,0.0872,0.008,0.1479,0.0169,0.5839,0.0327,-0.1542,-0.2213,-0.0625,1.2655,-0.9767,-0.1257,0.116,2.2909,4.8865,3.489,6.7233,5.8333,7.2056,0.1866,0.2898,-3.4737,-6.9071,-2.2443,-1.6438,-1.3074,-0.3519,-0.7821,-1.4086,0.4944,-0.9946,0.1651,0.3389,-0.6845,0.5041,-0.0007,0.0465,0.2391,1.7593,-0.3482,0.5977,0.5313,-0.0804,-0.028,-2.542,-0.9531,0.8732,8.637,0.7617,-0.2165,0.1106,-0.2254,0.2806,0.1192,0.522,0.8527,0.966,0.737,-0.1306,-0.3997,-1.414,-0.1011,1.625,-1.847,0.3804,0.0507,-0.4992,-0.1129,-1.3018,-1.3708,0.9084,-0.94,-0.0646,-0.3642,-2.3459,-0.2206,-0.1006,-0.0081,0.0561,-0.4292,-1.3404,0.2306,-0.5001,0.3001,-0.4508,-0.4409,-0.4754,-0.3756,-0.5497,0.5014,-0.3506,-3.1503,-0.6011,-1.0498,0.7136,-0.4265,-0.4011,-0.799,-0.5121,-0.6105
543,5603,108,4,walking,4.0,108.0,5603.0,2.0,108.0,-0.1892,-1.0632,0.1569,-0.0863,-0.0764,0.1279,0.0156,0.959,-0.0547,-0.1402,-0.2558,-0.1373,-0.2062,-0.5696,-0.091,0.1772,1.1638,2.8776,3.7136,4.3765,-2.006,-0.2385,5.595,-0.6451,-1.3955,6.2711,-0.4042,-1.6857,7.2624,-0.7844,1.2989,1.9819,0.3596,-0.6791,0.3397,-0.4828,-0.369,0.7475,-0.4594,-0.0322,0.3066,-0.4399,-0.0467,-0.0007,0.461,0.0077,-0.0208,-3.8421,-0.1129,0.4953,-0.7093,0.3481,-2.8882,-0.8054,0.8749,0.2165,0.0442,0.1003,-0.523,-0.8301,0.0806,-0.0504,0.1304,0.3002,-0.8631,-0.765,-0.1015,0.0951,0.1506,0.2205,-0.3404,0.4008,0.4015,0.3641,-1.4502,-0.9561,-0.4677,-2.9238,-0.2251,0.4991,-0.1109,0.3758,-1.5143,-0.4298,-1.619,-0.0646,0.5145,-0.4403,-0.0441,-0.0454,-2.3807,-0.2307,-0.0643,0.5753,-0.4999,-0.0708,0.4753,-1.4236,-1.6234,-0.2607,-2.301,0.3996,0.1191
544,5604,108,4,walking,4.0,108.0,5604.0,2.0,108.0,0.2569,-1.0068,0.1143,0.134,-0.1655,0.0892,-0.1765,0.8443,-0.1279,0.0772,-0.3145,-0.182,1.3389,-0.6607,-0.061,-0.267,4.5866,2.92,3.3527,5.488,1.0988,1.1439,6.1549,2.6057,-1.0523,0.0182,-0.0463,-1.3862,1.4567,0.7294,-1.7796,0.3783,-0.4799,0.2484,0.5085,0.7519,-3.2229,0.6497,0.0239,0.2821,-0.443,-0.5936,-0.3431,0.0399,0.5632,0.025,-0.1104,0.0804,0.4615,0.7841,1.9542,0.7329,0.1126,-0.1198,-0.0508,0.1509,-0.2254,0.9851,-0.1004,0.7423,-0.864,0.2603,0.3993,-0.3403,-0.3004,1.9327,0.1305,0.0493,0.8731,0.0009,-1.54,1.1018,-1.4008,0.9438,-0.9075,0.3805,0.2305,-0.2805,-0.3702,0.0271,-0.5322,0.2206,-0.2506,-0.5214,-0.3641,0.0646,0.3456,0.5752,-0.3609,0.2165,-0.4803,0.4502,-0.5249,0.4647,-0.0451,0.429,-0.3502,-0.5506,-0.4406,-0.7629,-0.4992,-0.0442,-0.4012
545,5605,108,4,walking,4.0,108.0,5605.0,2.0,108.0,0.2325,-1.0069,0.1803,-0.1208,0.1774,-0.3123,0.1406,0.5898,-0.0543,-0.1695,-0.3584,-0.152,1.2962,-0.9451,-0.0953,-0.2275,3.3386,2.377,-1.4967,4.8986,5.3082,7.5964,-0.4766,-0.289,1.2655,-0.2442,-1.4846,6.0772,-0.1396,0.619,-0.3877,-0.3492,-0.7185,-0.458,-0.506,0.2736,-0.4488,-0.0179,0.0411,-0.1093,0.544,0.3919,-0.6597,-0.1124,0.5794,0.2254,-0.6399,0.6889,0.1195,-0.5695,-3.8721,0.564,1.5157,-0.3214,0.0214,0.0806,0.0509,-0.2165,0.8516,0.8326,-0.3647,-0.0008,-0.3453,-0.1105,0.3018,-1.5489,0.3994,-0.7614,-0.1307,-0.7861,0.2604,-1.3009,1.5752,0.9095,-0.522,-3.9443,0.7322,-0.2308,-0.2202,0.429,0.3407,-0.4013,-0.4806,-1.1502,-0.3804,0.0999,0.1009,-0.1011,-0.0708,-0.5223,-0.4242,-0.5006,-0.3703,0.0998,-2.4406,-0.9458,0.3751,0.2508,-0.5276,-0.6503,-0.8482,-0.3608,0.8491
546,5606,108,4,walking,4.0,108.0,5606.0,2.0,108.0,-0.0796,-1.0983,0.1162,-0.1297,-0.0465,-0.087,0.0058,0.3568,-0.0584,-0.0169,-0.2774,-0.032,-0.385,-0.8253,0.1075,0.1789,2.7143,1.6397,3.1824,4.9708,6.2891,5.3785,7.5539,-3.1516,0.3348,-0.4543,-2.1472,-0.2695,-1.6698,-2.3046,-1.5906,-1.2532,-1.996,-0.1363,-0.4022,0.8847,-2.7936,-0.3482,0.2386,0.4429,-0.5742,-0.0214,0.1953,-0.0009,0.4952,0.0506,-0.0031,-3.7664,0.789,-0.678,-1.8721,1.945,0.5439,-0.1196,0.3404,-0.1506,0.1009,0.0807,-0.2167,-0.7781,0.2509,0.1126,-0.4012,-0.3994,-0.5664,-0.3704,-0.1308,0.1109,0.3009,-0.7317,0.2257,-0.4008,-1.4502,0.7752,0.5695,-0.9327,-0.2208,-1.9217,-0.099,0.5757,-0.0186,0.0163,-0.2607,-1.3453,-0.0992,-0.3013,-0.4295,-0.0898,0.4757,0.3647,-0.1015,0.4408,-0.3805,-1.979,-0.4805,-0.5705,-0.4679,-0.2809,-1.0443,-0.6018,-0.4112,-0.3607,-0.7406
547,5607,108,4,walking,4.0,108.0,5607.0,2.0,108.0,-0.2397,-1.144,0.0696,0.0585,-0.1789,0.2443,0.0145,0.6348,-0.0825,0.1154,-0.312,0.0466,1.9076,-0.78,0.2759,0.2638,2.121,4.2064,3.0946,5.3961,6.7173,8.3344,7.8398,9.377,1.306,0.139,-2.555,-0.3462,1.6936,-1.2815,-0.2974,2.5741,-1.1832,-0.7786,-0.8068,-1.6516,-0.9542,0.5847,-0.1949,-0.2288,1.0375,0.8421,-0.3573,-0.0458,0.4891,0.0005,-0.001,-2.9499,0.7963,-0.8767,-0.4991,-1.9851,0.023,0.1191,-0.532,0.0485,-0.2204,-0.3706,0.8301,-0.4013,0.3994,-0.0451,-0.1108,0.7611,-0.93,-0.0443,-1.1507,0.1002,0.0447,-0.2257,0.2805,0.3002,-1.5631,0.8752,2.2604,-0.3011,-1.9215,-2.3754,0.4503,-0.429,0.1305,0.3804,-0.7212,-2.9509,-0.828,-0.3453,0.5001,-0.4808,-0.1014,-0.0803,-2.9708,-0.0449,0.0476,0.2507,-0.3408,-0.523,1.5757,0.0507,-0.9773,-0.7698,1.3603,-0.7294,0.1122
548,5608,108,4,walking,4.0,108.0,5608.0,2.0,108.0,0.0589,-1.2562,0.0718,0.087,0.0466,-0.2332,0.068,0.6135,-0.015,-0.1119,-0.2946,0.1086,1.7115,-0.3888,-0.2782,0.1655,2.914,3.2859,4.0047,5.1397,6.306,7.3931,8.317,-0.3385,-3.8153,-0.269,-1.2269,-2.1757,-0.244,-0.1598,-0.2095,-2.7567,1.6548,-0.0974,0.3435,-0.7743,0.3663,-0.1258,0.4956,0.1483,-0.0345,-0.3768,-0.0508,0.1017,0.4499,-0.0225,0.0007,-3.9621,0.7941,-0.8719,-1.848,1.7892,0.6472,0.3453,-0.1106,0.0441,-0.4225,-0.525,-0.535,-0.5423,-0.2205,-0.1126,0.3019,-0.3001,-0.765,-0.737,-1.2803,-0.0443,0.119,-0.0671,0.0803,1.2162,-1.3806,0.8249,-0.931,-0.3404,-0.979,-3.9427,-0.3758,-0.1505,-0.1004,0.3703,-0.4277,-0.5449,0.3604,-0.3643,0.2302,0.0151,0.0755,-0.0456,-0.4805,-2.6105,-0.7117,0.4646,1.5757,-0.2253,-1.619,-0.4007,0.9452,-0.0998,0.5145,-0.4407,-0.0409
549,5609,108,4,walking,4.0,108.0,5609.0,2.0,108.0,-0.1609,-1.144,0.0569,-0.3227,-0.1258,-0.1181,0.0077,0.4813,-0.079,0.0156,-0.2788,-0.1597,0.2589,-0.8175,0.1744,-0.0345,1.7136,2.185,3.3832,4.9238,5.247,-1.6176,7.686,0.2975,6.3961,-2.2855,-0.3772,0.0885,-0.0622,-2.1083,-0.3346,-1.2086,-0.2349,-0.268,-0.7974,-0.4782,-2.6664,0.3621,0.3078,0.3463,1.6594,-0.5792,-0.0005,0.0462,0.5431,-0.1127,0.1902,2.5943,-0.3591,0.5216,2.421,0.1193,-2.8741,0.9996,-0.0803,0.1305,0.0508,-0.7364,0.535,-0.6776,-0.1017,-0.2508,-0.1508,0.9871,-0.1102,-0.3015,-1.839,0.956,0.2205,0.847,0.1003,-0.3505,0.8757,2.4013,0.0472,-0.4991,2.619,-0.3457,-0.0704,-0.3708,-0.007,0.3409,0.5001,2.3806,-0.3994,-0.2804,-0.93,-0.2604,-0.5013,1.914,-0.3641,-0.5757,0.2251,0.7231,1.3608,0.4402,1.4503,-0.4758,-0.6001,-0.8192,0.9509,0.4265,0.4608
550,5610,108,4,walking,4.0,108.0,5610.0,2.0,108.0,0.0016,-1.2536,0.1806,0.2385,0.5134,0.2278,0.1164,0.588,-0.0149,-0.1757,-0.2624,-0.1374,1.6176,-0.659,-0.2896,0.0933,2.9236,3.727,5.1288,4.8492,6.1415,7.3538,0.3123,1.0543,-1.6962,-1.3946,-0.6047,8.2772,-0.6677,-0.5055,9.3468,-1.1941,-3.0742,0.6792,-0.4831,-0.452,1.374,-0.4499,0.3059,-0.0851,0.6329,-0.877,-1.5321,-0.0375,-0.0506,-0.3644,-0.0213,-0.0461,-0.546,-0.1108,-2.8979,-0.1509,-1.93,0.8412,-0.8611,0.2608,0.1194,0.9532,0.9733,0.9876,-0.2202,-0.1005,-0.1309,0.0448,0.7315,-0.83,0.2304,-0.0003,-0.3504,-0.3707,-0.9424,1.2166,2.3757,0.4994,1.3457,-0.2806,-0.8211,-0.1129,-0.3004,-0.4293,-0.0449,-0.4006,-0.1012,-1.3993,0.0456,0.0406,0.0447,0.3013,-0.2508,-0.0806,-0.5757,-0.7387,-0.4665,0.4502,-0.4808,-2.9708,0.5219,0.3806,-1.8754,-0.3608,0.0447,0.5005,0.5609
551,5611,108,6,cycling,6.0,108.0,5611.0,2.0,108.0,0.0961,-0.684,0.0796,0.1072,0.0105,0.0414,0.0042,1.3977,-0.0695,-0.0825,-0.4469,-0.1223,-0.4187,0.3582,0.1953,-0.1349,0.1654,0.2859,0.1885,0.2951,-0.1581,-0.1743,-0.0375,0.2657,-0.3679,-0.2063,0.3168,0.2224,-0.2788,-0.5164,-0.0005,-0.0219,-0.4774,-0.3873,-0.3084,0.3764,0.348,-1.8982,0.3332,-0.727,-0.9553,0.4865,-0.0508,-0.1002,-1.5076,0.5586,-0.0708,-0.1105,0.706,-1.4597,0.4699,0.679,-0.6662,-0.5211,0.8971,0.0804,-0.5891,0.0409,2.3458,3.1012,-0.2607,0.1197,0.8721,4.7892,5.4008,6.1508,7.4299,1.3993,-0.835,2.5263,0.4017,0.2169,-0.3758,0.946,-0.3505,-1.9345,0.3704,0.0709,0.2809,-0.4673,-1.1124,0.2203,0.1302,-0.3405,0.0523,-0.4756,-0.3803,-0.0788,-0.0961,0.0755,0.3017,-0.0865,-0.0962,0.0041,0.3112,0.4503,0.0456,0.3001,-0.0441,-0.0161,-0.0872,-0.0493,0.001
552,5612,108,6,cycling,6.0,108.0,5612.0,2.0,108.0,-0.061,-0.665,0.0189,-0.0082,-0.0568,-0.076,0.0465,1.5139,-0.0947,0.0509,-0.3898,-0.1857,-0.2759,0.1536,0.0858,0.1344,0.2432,-0.1949,-0.262,-0.1772,-0.0345,0.2523,-0.1674,0.1486,-0.1161,0.4356,-0.2953,-0.1193,-0.2239,0.3379,0.3581,0.3764,0.2842,0.1508,-0.1006,0.347,0.3046,-0.5475,-0.7198,-0.409,-1.6777,0.5541,-0.2203,0.0806,-1.4399,-0.1014,0.0007,0.026,-0.2803,-1.638,-0.6978,0.9431,0.2302,0.4892,-0.3405,-0.0343,0.2605,0.0661,-0.8421,0.6224,-0.0708,0.1124,0.3808,-0.935,2.8851,4.831,-0.7625,-0.3704,0.2164,3.9635,-0.738,1.4296,-0.3016,-0.9764,-0.9515,0.871,0.4991,0.521,-0.3997,0.2258,-1.8516,-0.0983,0.1303,0.3008,-0.0163,0.4671,0.0191,-0.0409,0.1104,0.0453,-0.1027,-0.2509,0.0571,0.0471,0.0373,-0.056,0.3607,0.3503,-0.3205,-0.0172,0.2243,0.0797,-0.1257
553,5613,108,6,cycling,6.0,108.0,5613.0,2.0,108.0,0.0426,0.3298,-0.0082,-0.0898,-0.0163,-0.063,0.0742,1.3949,-0.1083,-0.1161,-0.5122,-0.0547,0.169,1.145,-0.1258,-0.2724,-0.2986,-0.1715,-0.3374,0.0975,-0.2557,0.2271,-0.1872,-0.026,0.2366,-0.2046,-0.0319,-0.1004,0.3837,0.1107,0.1122,0.8776,-0.4044,0.2853,-0.0806,-0.0507,0.0003,-0.5969,-0.1506,-0.9443,2.4896,0.1191,0.1015,0.5577,-1.888,-0.3489,-0.3631,0.3567,-0.4568,-1.7892,-0.7985,0.1305,0.6494,-0.9799,-0.3402,-0.0663,-0.3212,0.657,-0.5401,3.9521,0.4328,-0.0472,0.0759,-0.5276,-0.7628,4.8475,1.8717,0.9375,0.3004,-0.3015,0.3993,7.8493,0.5213,-0.2169,-0.099,-1.3458,0.2809,0.0756,-0.1027,0.2303,-1.3703,-0.3509,0.3648,-0.2209,0.4673,0.4298,-0.0541,0.3604,0.6215,0.2241,-0.3806,0.4016,0.2258,0.5758,0.7319,-0.4504,0.4003,-0.3751,0.0451,-0.0441,0.0286,0.4752,-0.0591
554,5614,108,6,cycling,6.0,108.0,5614.0,2.0,108.0,-0.0745,-0.5373,0.0401,0.0565,0.0922,0.1162,0.176,1.4368,-0.0625,0.1398,-0.7063,-0.1551,-0.2332,1.309,-0.0846,-0.2488,-0.1078,-0.1203,0.3372,0.1916,0.2742,-0.312,0.1859,0.4049,-0.2631,0.0089,0.2974,0.3557,0.2077,0.2844,0.0508,-0.368,-0.1509,-0.1011,-0.0804,0.3943,-0.5566,-1.7233,-0.3884,-0.6875,3.6954,-0.3796,0.4858,-0.0443,-1.7967,-0.0213,-0.2167,-0.1105,-0.6495,-1.5092,2.4782,4.9399,-0.3421,0.0756,0.862,0.5325,0.1307,-0.7614,-0.835,6.8541,7.8723,-0.0759,0.5131,0.0662,5.0289,-0.5214,-0.9401,0.1004,-0.3406,0.1197,-0.738,1.719,-0.3703,-0.3603,-0.3993,-0.3018,1.3751,0.0473,0.0005,-0.1129,-1.2806,0.0597,0.3457,-0.3504,0.0409,0.6707,0.2204,0.4678,0.0441,-0.0661,0.4006,0.2602,-0.3005,0.3646,-0.3803,-0.414,0.4809,-0.4298,-0.4015,0.2303,-0.2507,-0.5001,-0.0296
555,5615,108,6,cycling,6.0,108.0,5615.0,2.0,108.0,-0.0796,-0.6511,0.0185,-0.1049,0.028,-0.0412,0.082,1.2569,-0.0594,0.0047,-0.5968,-0.1832,-0.1445,0.4999,0.1672,-0.0973,0.1366,0.3058,0.2329,0.3232,-0.176,0.269,-0.2474,0.512,0.3786,0.035,0.2863,0.0699,0.2278,0.1955,-0.0507,0.4436,0.3343,-0.1018,0.3481,0.4042,-0.2784,-1.9665,-0.3898,-0.3935,-0.4841,-0.6482,0.1506,-0.1103,-1.7075,-0.1305,0.2203,0.0804,-0.0663,-1.7971,-0.2254,-0.7793,-0.6789,-0.0003,-0.8892,-0.2805,0.5787,-0.3013,2.766,3.5321,-0.4615,0.5431,0.836,0.4237,0.9723,4.3453,-0.6225,-0.3994,-0.4194,-0.2169,1.3506,1.3805,0.1009,-0.5212,0.9523,0.0755,-0.2305,0.1198,-0.0448,-0.3605,-1.3709,0.3408,0.1124,0.0493,-0.3002,0.8492,-0.0561,-0.0473,-0.0239,0.0591,-0.0151,0.0408,-0.0594,0.0471,-0.4002,-0.4672,-0.0598,0.0843,0.2506,0.3205,-0.3754,-0.2604,-0.3646
556,5616,108,6,cycling,6.0,108.0,5616.0,2.0,108.0,0.0419,-0.7669,0.0645,-0.0925,-0.0096,-0.0765,0.1167,1.2917,-0.0897,0.0142,-0.4355,-0.0568,-0.2391,1.2082,-0.1479,0.1349,0.5276,-0.261,0.3137,0.1543,0.3369,-0.1281,0.3088,0.3837,-0.1855,0.2754,-0.2859,0.036,-0.394,-0.2221,0.5063,0.668,-0.2436,-0.3435,-0.025,0.4474,0.8482,-1.9451,0.5889,-0.4664,2.5799,0.1199,-0.1003,-0.0804,-1.7585,-0.0507,-0.01,0.001,-0.1014,-1.4862,-0.2307,-0.847,-0.1309,0.7832,-0.5316,0.4794,0.989,-0.2605,0.9531,3.7772,1.8601,-0.0658,0.1508,-0.8716,4.937,5.4018,2.3459,-0.0009,0.3508,-0.7627,1.3404,1.3991,-0.833,-0.1106,-0.734,0.4005,-0.3017,0.3802,-0.1127,0.2807,0.4679,0.2209,0.3003,0.429,-0.3704,0.6559,0.2161,0.2509,0.3644,-0.3756,-0.4409,0.0755,0.4706,0.2251,-0.3608,-0.0708,-0.4101,0.4803,0.5003,0.0061,-0.0455,-0.0852,-0.0472
557,5617,108,6,cycling,6.0,108.0,5617.0,2.0,108.0,0.1344,-0.7177,0.0772,0.0079,0.0628,-0.0149,0.0515,1.3137,-0.1214,0.047,-0.419,-0.1143,0.2662,1.4064,-0.091,-0.0316,0.2281,0.3718,-0.3324,-0.259,-0.2763,0.2342,0.0866,0.5131,-0.3873,-0.2946,-0.5582,-0.2075,-0.3074,-0.5084,-0.1931,0.3958,-0.4841,0.4792,0.3696,0.0213,0.9509,-1.6921,0.1018,0.6035,-0.8845,-0.3497,-0.0508,0.0807,-1.5961,0.1104,-0.001,0.328,0.2209,-1.7871,-0.2259,-0.6768,0.7786,0.5499,-0.1122,-0.1308,-0.2166,-0.1509,0.8765,4.8567,2.537,0.2807,-0.3001,3.526,6.3453,5.9851,0.4012,-0.768,-0.9514,-0.5793,0.4295,7.3407,1.2602,-0.9464,-0.8328,-0.3708,0.8917,0.3757,-0.1004,0.1191,0.5275,-0.0443,-0.0441,0.0409,-0.2505,-0.0009,-0.4705,-0.4002,0.4677,0.0191,0.2303,-0.0973,0.3808,0.0485,-0.3998,-0.4991,-0.5009,0.0456,-0.4681,0.4757,0.3207,0.3608,-0.4406
558,5618,108,6,cycling,6.0,108.0,5618.0,2.0,108.0,0.0016,-0.3298,0.038,-0.059,-0.0891,-0.0796,-0.1243,1.3879,-0.0695,-0.1394,-0.555,-0.0117,0.0465,0.3789,-0.0962,-0.1536,-0.1423,-0.1169,-0.2278,0.2633,-0.1075,-0.1952,-0.0225,-0.2457,-0.2986,0.427,-0.3574,-0.3961,-0.2863,0.3059,0.5289,0.3498,0.206,-0.1199,-0.2772,-0.0008,0.4792,-1.5854,-0.4466,-0.4084,2.7177,0.0506,0.0803,0.1122,-1.6882,0.1502,-0.0409,-0.3212,0.4588,-1.6746,3.8599,0.4849,-0.7742,-1.7041,0.6487,0.3706,0.1008,-0.7631,4.0663,6.3003,-0.9721,0.1012,0.7316,5.4117,-0.7187,-0.4008,7.9344,0.2207,0.53,-0.837,-0.1305,0.3505,-0.3753,0.5757,-0.3803,0.4242,-0.3647,-0.2606,-0.1105,0.4016,-1.0992,-0.0081,-0.3406,-0.2807,-0.2506,-0.4752,0.3991,0.4806,0.3456,0.4993,-0.3609,-0.4678,-0.0658,-0.4682,0.5648,0.2162,0.4408,-0.4294,0.2309,0.3444,0.5503,-0.6554,-0.1701
559,5619,108,6,cycling,6.0,108.0,5619.0,2.0,108.0,0.0569,-0.0775,0.0862,0.0033,-0.1257,0.0943,0.115,1.4389,-0.0465,-0.1479,-0.6076,0.0696,0.1715,0.4874,0.1025,0.228,-0.2958,-0.2042,0.1364,0.1636,0.0178,-0.3546,0.2749,0.407,-0.1868,0.0344,0.0505,0.2695,-0.2855,-0.3137,0.3466,-0.3092,-0.3767,0.2361,-0.2438,0.4589,0.0007,2.9236,0.0216,-0.3983,0.5954,-0.4793,0.1308,0.3224,-1.8741,0.1126,-0.1009,0.1108,0.6321,-1.7771,-0.2503,-0.1503,-0.2208,0.2603,-0.8894,-0.101,-0.0803,0.0409,-0.5213,-0.5399,0.0663,0.1195,-0.2306,4.8431,3.3456,0.8514,0.0449,0.0972,-0.3018,-0.8624,-0.9727,-0.823,-0.2167,-0.738,0.2808,-1.4505,0.2251,0.4012,-0.0441,0.3406,-1.989,-0.0151,-0.0191,0.056,-0.0494,0.3805,0.4002,0.3007,0.3206,0.0458,0.3991,0.4754,-0.4995,-0.5143,-0.3603,0.0472,0.3751,0.0881,0.4684,-0.01,-0.3506,-0.3647,0.3708
560,5620,108,6,cycling,6.0,108.0,5620.0,2.0,108.0,0.0111,-0.8333,0.0849,-0.106,0.1245,-0.0961,-0.0546,1.4356,-0.0218,0.0695,-0.9452,-0.0415,-0.079,1.407,-0.008,-0.1368,-0.2982,-0.1769,-0.1688,-0.2214,-0.2439,-0.2862,-0.0323,-0.1943,-0.2796,0.265,-0.2542,-0.5358,0.3102,-0.3867,0.3372,-0.4499,0.3465,-0.3681,-0.3577,0.3063,-0.7937,-0.7598,0.5986,-0.7897,3.7169,0.5548,-0.1191,-0.6676,-1.5891,0.6483,-0.0503,-0.1507,-0.2163,-1.7432,2.5421,0.1303,0.5741,-0.4787,-0.3001,-0.521,-0.1103,-0.7318,-0.8931,4.9427,-0.0443,-0.8521,-0.2808,-0.4234,1.1121,-0.8192,-1.5328,-0.3502,0.5013,-0.3409,0.3016,-0.0803,-0.4011,-0.3452,0.9344,-0.3805,0.2508,-0.1018,0.3758,-1.0661,-0.1004,0.2246,-0.0946,-0.0006,-0.2209,-0.2257,0.4679,0.3209,-0.3705,0.2602,0.4003,0.3644,0.4756,0.4294,0.2303,-0.0884,0.4997,0.6559,-0.3992,-0.0112,0.5757,-0.0488,0.0262
561,5621,108,6,cycling,6.0,108.0,5621.0,2.0,108.0,0.091,-0.5373,0.07,0.0179,0.0897,-0.135,0.0325,1.317,-0.1411,-0.0475,-0.4902,-0.0548,0.1243,1.382,0.2657,0.0624,0.157,-0.1835,-0.1947,-0.1762,0.2853,-0.2332,-0.3672,0.296,0.427,-0.3346,-0.4569,-0.2737,0.164,0.0503,-0.0804,-0.3074,0.3467,-0.1124,-0.1198,-0.0007,0.5964,-1.9443,0.1303,-0.228,-0.8955,0.6566,-0.3944,0.1011,-1.7763,0.5898,0.1109,-0.2607,0.1006,-1.7852,-0.2252,2.8841,-0.3008,-0.4224,0.54,-0.1506,-0.689,3.4017,4.5109,0.8601,0.9475,-0.2302,-0.731,5.8431,-0.9599,-0.871,1.399,0.3808,0.3706,-0.4127,-1.749,0.857,-0.7628,-0.5648,-0.4004,-0.3018,-0.938,-0.3451,-0.2164,0.2803,-1.3503,-0.3607,0.4804,0.4679,-0.0656,0.4507,0.0192,0.5752,0.2205,0.4993,0.2503,-0.8317,0.9622,0.0663,-0.3405,-0.4999,0.0666,-0.4291,0.6009,-0.3644,0.0951,0.0708,-0.0451
562,5622,108,6,cycling,6.0,108.0,5622.0,2.0,108.0,0.1201,-0.5837,0.0426,0.0032,0.059,0.0725,0.1181,1.094,-0.086,0.065,-1.2757,0.1475,0.5263,0.2979,-0.2361,-0.2062,0.1519,0.1083,0.1396,0.1885,0.1639,0.3139,-0.2469,-0.3584,0.1782,-0.3376,0.4588,0.4698,-0.4944,-0.7143,-0.598,0.8552,-0.9089,-0.3438,0.3628,-0.4873,-0.3074,-1.7066,-0.038,-0.025,2.5594,-0.6364,-0.4798,-0.1306,-1.6797,0.4601,-0.1017,-0.6595,0.4313,-1.8631,0.5499,3.6891,0.0473,0.3453,0.3016,0.0509,0.0008,0.7851,-0.7789,-0.3407,0.2603,0.1126,-0.425,4.7212,1.3994,0.5321,0.4018,0.0803,-0.1104,5.5754,1.5404,6.1502,1.4008,-0.3753,0.8741,-0.2162,0.3643,0.1192,0.3504,0.3606,-1.4504,0.1005,-0.2308,0.3809,0.4291,-0.4677,0.7689,0.3702,-0.3002,-0.2507,-0.528,-0.4997,0.9319,-0.2208,0.2803,-0.4808,-0.5695,0.5509,0.4404,0.4681,-0.0759,0.3205,-0.2244
563,5623,108,6,cycling,6.0,108.0,5623.0,2.0,108.0,0.0014,-0.1894,0.0946,0.129,0.0543,0.0765,0.0119,1.3389,-0.047,-0.0639,-0.5134,-0.0892,-0.1042,0.4356,-0.1148,0.2436,-0.318,0.3528,-0.174,0.1657,0.025,0.132,-0.1572,0.2553,0.3775,-0.2785,0.266,0.3855,-0.7177,0.3047,0.2299,0.0329,0.1011,-0.0508,-0.0009,-0.001,-0.1005,-1.4596,-0.1108,0.0441,0.4983,-0.688,0.0355,0.1504,-1.6691,-0.2206,0.2304,-0.1197,0.3488,-1.5898,0.1307,2.6941,-0.7962,-0.4482,0.6493,0.7786,-0.8731,-0.5432,5.7621,4.7859,3.9561,-0.6774,0.2169,6.9769,-0.2805,-0.2606,-0.63,1.3995,0.523,0.0443,1.3018,-0.845,-0.4665,0.3758,-0.3647,-0.3409,0.1126,-0.3708,-0.7312,0.0809,-1.3457,0.3009,0.4684,-0.3606,0.3209,-0.0409,0.4803,-0.4677,-0.3506,0.2242,0.4009,-0.0755,-0.5006,-0.2251,0.3804,-0.4753,-0.3444,0.0755,-0.4404,0.3442,0.4507,-0.2502,0.5751
564,5624,108,6,cycling,6.0,108.0,5624.0,2.0,108.0,0.1283,-0.7396,0.1075,0.0546,-0.0972,-0.0185,0.0718,1.3577,-0.0466,-0.005,-0.5542,-0.086,0.0327,1.5644,-0.1406,0.2859,0.1645,-0.416,-0.2268,-0.3232,-0.1953,-0.2698,0.1173,0.2347,-0.134,0.2943,-0.1762,-0.3684,-0.1595,-0.3888,-0.379,0.3078,0.2048,0.026,-0.4439,-0.3497,-0.3379,-1.8482,-0.1019,0.7074,2.2558,0.0508,-0.1508,0.0286,-1.6364,-0.1308,-0.0806,0.1104,-0.548,-1.6549,-0.6796,-0.6941,0.9982,-0.8951,0.5721,-0.3456,-0.1195,-0.0456,0.7631,3.8632,0.5211,0.2209,0.2258,-0.3506,5.874,4.7143,-1.9324,0.2303,-0.3015,-0.5165,7.8986,-0.3004,0.0409,0.5277,-0.4671,-0.0759,-0.3804,0.0493,0.0003,0.5281,-0.3704,0.2606,-0.2162,0.3607,-0.0125,0.0755,-0.3991,0.4014,-0.2241,0.0406,-0.0454,-0.0653,0.0441,-0.1003,0.1122,-0.0971,0.0663,0.2807,-0.3407,-0.1714,-0.0447,0.3643,-0.2504
565,5625,108,6,cycling,6.0,108.0,5625.0,2.0,108.0,0.0511,-0.6872,0.0798,-0.0186,-0.1546,0.0947,0.0045,1.3783,-0.0849,-0.1053,-0.4106,-0.0664,-0.175,1.3685,-0.1402,0.1243,0.1394,0.1651,-0.1824,0.048,0.2655,0.2042,-0.2374,0.3876,0.31,0.0509,-0.2989,0.5276,-0.2761,0.2275,0.3319,0.3421,0.7291,-0.307,0.0344,-0.4858,0.3959,-1.286,0.1198,-0.5466,-1.9979,0.4073,0.1109,-0.3552,-1.5732,-0.101,-0.1502,0.3454,-0.6591,-1.6982,-0.0008,-0.8877,-0.3406,-0.1121,-0.2169,-0.2203,0.0756,-0.6731,0.785,2.9099,-0.1306,0.2505,0.4014,3.9762,-0.301,5.6345,4.9622,-0.3996,-0.4508,0.0653,-0.3707,7.8419,0.5281,-0.9513,-0.2251,-0.0803,-0.4008,-0.2809,0.0663,0.3757,-1.4995,-0.0679,0.3604,0.8766,0.4806,0.3008,-0.4298,-0.2241,0.0098,-0.2603,-0.4759,0.4681,0.5165,-0.3509,0.4127,0.9313,-0.0658,-0.3804,0.0441,0.0543,-0.4166,-0.5005,0.3646
566,5626,108,6,cycling,6.0,108.0,5626.0,2.0,108.0,0.1175,-0.714,0.0907,0.0088,0.0699,0.1436,0.0584,1.5648,-0.0224,-0.134,-0.9089,-0.0848,-0.2085,1.237,-0.0466,0.1655,0.1272,-0.1086,-0.035,-0.0178,-0.2557,0.1747,0.3137,0.3315,-0.2968,0.2754,0.1943,0.288,-0.228,0.3046,0.1014,0.3976,0.3769,-0.1858,0.0506,0.1122,-0.3461,-1.7791,-0.8982,0.4589,0.4465,0.386,0.1108,0.3552,-1.6495,0.1193,0.322,0.0806,-0.7963,-1.5931,-0.0286,2.6749,-0.732,0.0009,0.1509,-0.3018,0.1305,0.3454,-0.7421,0.8712,3.9438,-0.4211,0.3647,4.9766,1.5277,-0.836,-0.9628,-0.0451,-0.0755,0.429,2.9375,-0.0756,-0.7698,-0.2808,0.0441,-0.6216,-0.1006,0.0387,0.1027,-0.0442,0.538,-1.905,0.1007,-0.2304,0.2503,0.8754,0.3406,-0.0892,0.2164,0.3808,0.2251,0.0398,0.4006,0.3998,0.3504,-0.2203,-0.0941,-0.0409,-0.3003,-0.3757,-0.0446,-0.0951,0.4018
567,5627,108,6,cycling,6.0,108.0,5627.0,2.0,108.0,0.0045,-0.7269,0.091,0.056,0.0619,0.0811,0.0114,1.427,-0.0723,0.135,-0.5718,-0.0212,-0.31,0.5644,-0.2281,-0.3343,-0.3764,-0.1525,-0.2976,0.1748,-0.1652,0.2698,-0.3679,0.3955,-0.2888,0.204,-0.8348,-0.3097,-0.2449,-0.4469,0.0301,-0.0509,-0.0438,0.0009,-0.1019,-0.1191,0.1305,-1.5947,0.3492,-0.323,2.897,0.0663,0.1103,0.0807,-1.5475,0.0168,-0.359,0.1126,0.2305,-1.8021,-0.4699,3.8467,-0.2604,-0.2167,-0.5863,-0.3001,0.7783,-1.6682,0.8531,4.8741,-0.6596,0.2258,0.0709,1.7311,5.5143,-0.7428,0.6213,0.2804,-0.7872,2.531,6.9561,-1.9427,0.2209,0.3502,-0.3995,-0.3757,1.0408,-0.3642,0.0191,0.1509,-1.4214,-0.2509,-0.0443,0.3453,0.4674,0.3408,0.4293,-0.4012,0.0077,0.0186,0.3011,-0.0571,0.0951,-0.2246,-0.3708,0.086,0.056,0.0513,0.0233,-0.0188,0.4006,-0.001,0.0119
568,5628,108,6,cycling,6.0,108.0,5628.0,2.0,108.0,0.0016,-0.7382,0.0103,-0.1343,-0.0598,-0.0874,0.0791,1.2551,-0.061,-0.1246,-0.4841,-0.1115,0.189,1.1469,0.2639,0.2484,0.2082,-0.5131,-0.177,0.3102,-0.2985,-0.3527,0.0466,0.2295,0.4277,0.1942,-0.0981,-0.3879,0.3323,0.366,0.1198,-0.3077,-0.4567,0.0506,0.3796,0.1019,-0.0224,-1.3499,-0.4088,0.1006,-0.5565,-0.5464,-0.1108,-0.1127,-1.6875,-0.4472,-0.2604,-0.4789,0.4931,-1.5032,0.5878,-0.878,2.5797,0.5973,-0.7636,0.3458,0.3018,0.2163,0.9421,0.5223,3.6312,-0.5328,0.623,4.9317,1.863,0.4012,-0.1505,-0.3008,-1.1308,0.3997,-0.5665,5.4998,-0.8344,-0.3706,-0.4673,0.4003,-0.3803,-0.0753,-0.3403,0.4684,-1.4757,0.0006,-0.4502,0.2242,0.5757,-0.0756,0.2251,0.0456,-0.0806,0.0451,0.2806,-0.3751,-0.3209,0.526,0.5001,-0.4127,-0.0946,-0.0667,0.0449,0.0493,0.2307,-0.0842,-0.2205
569,5629,108,6,cycling,6.0,108.0,5629.0,2.0,108.0,0.0065,-0.6903,0.069,-0.0598,0.0913,0.074,0.0117,1.267,-0.1142,0.0878,-1.1519,0.1043,-0.1455,1.388,0.414,0.0425,-0.2776,-0.3145,-0.2285,0.2061,0.3682,0.3328,0.1246,-0.3047,-0.1602,-0.1854,0.2481,0.5695,-0.719,0.4874,0.3741,-0.5823,-0.5088,0.6068,0.3979,0.9798,-0.6787,-1.8139,0.4966,0.5973,0.5793,-0.4584,-0.1308,-0.3532,-1.7795,0.4463,-0.1103,-0.1127,-0.2163,-1.9731,0.3421,-0.8975,2.9964,-0.5316,0.7211,0.2608,0.1196,0.8613,-0.8324,4.8657,0.1504,-0.0508,0.1011,3.3456,5.9417,6.6212,-1.4009,0.3509,0.2204,-0.3806,0.3408,1.7169,0.5224,-0.5157,0.3754,-0.0007,-0.9217,0.0806,-0.1002,-0.4015,-1.2805,0.0598,-0.0973,0.3001,-0.2257,0.0999,0.3013,0.0448,-0.0151,-0.001,0.0442,-0.0231,-0.1007,-0.2504,0.0591,0.0196,0.0441,0.0611,0.0063,-0.0074,-0.0271,0.0113,0.01
570,5630,108,6,cycling,6.0,108.0,5630.0,2.0,108.0,0.0013,-0.1887,0.069,0.0158,0.0769,0.0546,0.0328,1.317,-0.0972,-0.0845,-1.8273,-0.1581,0.4127,0.5647,0.2077,0.106,0.1235,0.1155,-0.174,0.1466,-0.1921,-0.047,-0.2625,-0.2933,0.3497,0.2348,0.1691,-0.2263,-0.0505,-0.2447,0.0214,-0.3679,0.2743,0.0803,0.1104,-0.1009,-0.4489,-1.6582,-0.1307,0.0007,0.5941,-0.3949,-0.1198,0.0988,-1.3857,-0.1129,-0.328,0.0286,0.1015,-1.3794,-0.6496,-0.7867,-0.2809,-0.7585,-0.6853,0.2608,-0.9942,-0.845,2.9862,3.7431,-0.2167,-0.526,-0.7316,-0.7613,4.3709,7.1505,1.5427,-0.3013,-0.3807,5.4012,-0.0449,0.9516,-0.3759,-0.3643,0.865,-0.937,0.3403,0.3452,0.3506,-0.4672,-1.4002,0.0171,0.2251,0.0249,0.3002,0.9659,0.4296,0.2242,0.2308,-0.0442,-0.001,0.2209,0.2505,-0.0546,0.3609,0.3441,-0.5276,0.8301,-0.4709,0.4406,0.3205,0.0387,-0.0192
571,5631,108,6,cycling,6.0,108.0,5631.0,2.0,108.0,0.0105,-0.1783,0.0047,-0.0868,-0.116,0.1066,-0.0461,1.414,-0.0797,-0.067,-0.5086,-0.1288,-0.252,1.2748,-0.3139,0.5014,-0.1672,-0.1849,-0.1942,0.1423,0.2213,0.0979,-0.1558,-0.2465,-0.3744,0.3582,0.2852,-0.0225,0.2985,-0.3391,-0.033,0.4076,0.3481,0.0009,-0.369,0.2693,-0.3871,-1.5541,0.1198,0.4664,2.7178,0.6984,-0.3977,0.1509,-1.7867,-0.4587,-0.5962,-0.1003,0.1011,-1.438,0.1307,-0.5789,0.5475,-0.9895,-0.2167,-0.2808,0.3015,-0.3456,-0.9963,3.4993,0.3214,0.3405,0.1129,0.4143,5.3997,4.9621,0.2605,-0.3648,0.1109,2.0506,-0.7421,-1.7326,6.4807,0.3708,-0.4303,-0.4005,0.9424,0.3804,0.2302,-0.5301,0.5502,-0.3752,-0.0803,0.2253,0.3208,0.4753,0.2207,0.4677,0.07,-0.3003,0.4505,0.4015,0.3505,0.4128,0.0755,-0.4298,-0.2508,-0.3125,-0.4168,0.0759,-0.0872,-0.0561,-0.5002
572,5632,108,6,cycling,6.0,108.0,5632.0,2.0,108.0,-0.1201,-0.4254,0.007,-0.0766,-0.1149,-0.141,-0.066,1.3069,-0.0313,-0.0462,-0.514,-0.0584,-0.2436,1.2338,-0.1961,-0.1582,-0.0947,-0.168,0.3139,-0.2074,-0.2551,-0.0889,0.3386,0.3917,-0.2759,0.4843,-0.2831,0.3572,0.229,-0.022,-0.0009,0.4491,0.2693,0.2946,-0.1894,-0.1198,-0.5588,-1.7406,0.3496,-0.3768,-0.4577,0.4098,0.1508,-0.5063,-1.9987,0.1017,0.1308,0.0472,-0.0506,-1.6567,-0.0476,-0.5721,0.5895,0.7892,0.0708,-0.1106,-0.0809,0.7579,2.738,4.6441,0.536,-0.3453,-0.5499,3.7628,6.3405,0.9764,5.5211,-0.2605,0.4295,-0.4015,-2.1009,-0.3505,-0.3705,-0.427,-0.3754,0.8566,0.2208,-0.0209,-0.0542,-0.4002,-1.2307,-0.1122,-0.3015,-0.2259,0.099,-0.4671,0.3807,0.0971,-0.836,0.2163,0.2806,0.3004,0.0453,-0.3646,-0.4504,0.4809,-0.3993,-0.0759,0.5008,-0.2506,-0.4406,-0.2241,-0.0448
573,5633,108,6,cycling,6.0,108.0,5633.0,2.0,108.0,0.0861,-0.5206,0.0146,0.0968,0.044,-0.1272,-0.0547,1.5817,-0.0774,0.0067,-0.9589,-0.1159,-0.152,0.4577,-0.1349,-0.1081,-0.2535,-0.2295,-0.3143,0.1885,-0.1906,0.239,-0.145,-0.4303,-0.1648,-0.368,-0.7198,-0.2624,-0.2989,-0.3783,0.8982,-0.2827,0.347,0.0399,-0.1009,-0.3897,0.7532,-1.5565,-0.4466,2.5788,0.3041,-0.1197,-0.0215,-1.436,0.3982,0.2207,0.1121,-0.0505,-0.1018,-1.6493,3.7842,0.2258,-0.0004,0.7969,0.8721,-0.3019,0.3007,-0.3459,-0.6344,0.0662,-0.0247,0.1108,-0.0708,-0.1506,0.5431,4.9627,-0.7625,-0.2166,0.4292,-0.4017,5.8125,-0.3709,0.2602,-0.5399,-0.625,0.8412,0.863,0.2244,-0.3205,0.7326,-1.0806,0.9401,0.3803,0.0171,-0.0591,-0.4651,0.0755,0.1305,0.3641,0.5216,-0.4673,0.3995,0.2309,-0.4002,-0.4234,0.3402,0.5759,0.2509,0.2808,-0.4703,-0.3505,0.0192,-0.0151
574,5634,108,6,cycling,6.0,108.0,5634.0,2.0,108.0,0.031,-0.7407,0.04,-0.0149,-0.0695,-0.0569,0.135,1.5143,-0.0922,0.0867,-0.4423,0.1172,0.142,1.4063,-0.1775,0.0797,-0.3156,0.1633,-0.1555,0.1259,0.2461,-0.2543,-0.1942,-0.356,-0.1852,-0.3082,0.269,0.2984,-0.3628,0.0224,0.1009,0.3981,-0.388,0.2757,0.1104,-0.0508,0.1191,-0.4889,0.1305,-0.3765,-0.7062,0.7785,-0.0006,-0.0145,-1.4699,0.0002,-0.1015,-0.0493,-0.0803,-1.4732,0.215,0.6696,0.2607,0.2165,0.1506,-0.2808,-0.0472,0.546,2.9464,3.6898,4.7311,0.9301,0.8891,0.7858,5.767,7.7983,6.8611,1.9449,-0.874,-0.7415,0.4294,1.534,1.3805,0.3505,-0.4002,-0.4507,0.4678,-0.3018,-0.3648,0.0286,-1.2205,0.2307,-0.3451,0.3404,0.1121,-0.4681,-0.5165,0.0163,-0.3007,0.2257,0.0448,0.3751,0.0442,0.4013,0.0708,-0.3609,0.413,0.0531,0.5001,0.0811,0.0451,0.2507,-0.3705
575,5635,108,6,cycling,6.0,108.0,5635.0,2.0,108.0,-0.0549,-0.7169,0.0065,-0.131,0.0632,0.036,0.0914,1.3677,-0.0415,-0.0146,-0.4764,-0.0825,0.4254,1.1119,-0.1674,-0.2372,0.228,-0.1296,0.377,-0.1724,0.3079,-0.2866,0.0792,-0.264,-0.1851,0.2041,-0.327,0.2743,-0.5199,0.2954,-0.5583,-0.4467,0.4586,0.3961,-0.3359,0.9708,0.5897,-1.9862,-0.8253,0.7842,-1.4863,-0.5791,-0.3481,-0.0506,-1.3876,-0.025,-0.1198,0.1306,0.1018,-1.6973,-0.7568,2.9931,-0.2166,0.5321,-0.1506,-0.3015,0.1122,0.8566,3.9426,0.8788,0.1008,0.0009,0.0409,0.3506,4.8971,5.526,6.8191,-1.9568,0.3706,0.2808,7.8423,1.5249,1.3806,0.4222,-0.7164,-0.3644,0.0807,-0.1103,0.2258,0.906,-1.2204,0.3003,0.2503,0.3997,0.4677,0.2604,0.4409,0.0755,0.3609,-0.0182,0.4504,-0.5756,-0.3753,-0.3256,0.4007,-0.2303,-0.3452,-0.3406,-0.4704,0.4682,0.4757,0.0898,0.0488
576,5636,108,6,cycling,6.0,108.0,5636.0,2.0,108.0,0.0501,-0.7347,0.1181,-0.0078,-0.1409,-0.139,0.0894,1.2989,-0.1082,0.0798,-0.5143,-0.1725,0.1655,1.154,-0.0475,-0.1246,0.3368,0.3586,0.4696,-0.0626,-0.2463,0.2074,-0.036,0.1934,0.2218,0.2364,0.3125,-0.2896,-0.2748,-0.3866,0.4744,-0.7069,0.5057,-0.3731,0.8482,0.4943,-0.458,-1.9238,-0.5954,-0.3085,2.7941,-0.3971,0.1102,-0.0509,-1.8895,-0.1009,-0.0447,-0.2205,0.3216,-1.6577,-0.6776,3.8426,0.1015,-0.9762,0.5883,0.022,-0.421,-0.9952,-0.8721,4.4298,-0.1198,0.2259,0.9328,-0.4674,-0.725,5.3991,-0.3509,-0.0454,0.301,1.2807,-1.5345,7.2161,0.5165,-0.7316,-0.1305,0.4004,0.5757,0.0003,-0.0807,0.3451,-1.4502,-0.2308,-0.1121,-0.2241,-0.3804,-0.4803,-0.1505,0.099,-0.3001,0.0191,0.2505,0.4407,-0.2605,-0.3643,0.3705,0.4991,0.6552,-0.3402,0.0941,-0.3756,0.4236,-0.1362,0.0551
577,5637,108,6,cycling,6.0,108.0,5637.0,2.0,108.0,0.1148,0.4259,-0.0825,-0.0546,-0.121,-0.075,-0.0077,1.3315,-0.1374,-0.0186,-0.4785,-0.0979,0.2619,1.2706,-0.2042,0.1658,-0.0314,0.357,-0.1832,0.1723,-0.2213,0.0467,-0.2436,-0.3282,0.3943,0.384,-0.025,-0.2982,-0.8981,-0.3095,-0.5015,-0.7698,0.4499,0.598,0.4955,0.3463,-0.2857,-0.459,-0.5421,-0.9708,3.8831,0.1008,0.1502,-0.1018,-1.8466,-0.2202,-0.0503,-0.0809,-0.6978,-1.7375,2.9465,0.6861,-0.6083,0.6462,-0.1103,-0.1192,0.8941,0.4013,4.7629,-0.9721,0.3406,-0.0003,0.536,6.9619,5.3993,-0.9301,-0.8769,-0.0473,-0.7219,-0.2806,2.3504,-0.5276,0.3453,-0.7164,-0.4201,-0.1302,0.2162,-0.3011,0.3002,-1.6556,0.0756,-0.2303,0.1127,-0.4679,-0.4297,-0.0165,-0.2258,0.4809,0.4006,0.2509,0.2605,-0.3804,0.3644,0.3609,0.5001,-0.5013,-0.4757,0.5237,0.3756,-0.0483,0.3708,-0.2243,-0.4681
578,5638,108,6,cycling,6.0,108.0,5638.0,2.0,108.0,0.0946,-0.7298,0.0163,-0.0066,0.0811,-0.0712,-0.022,1.4055,-0.0399,0.0626,-0.5116,-0.1347,-0.0425,1.3369,0.056,0.2265,-0.2349,-0.1558,-0.3113,-0.1918,-0.4141,-0.141,0.1748,0.1654,0.2853,0.2984,0.3577,0.2742,0.0506,-0.2436,-0.0009,0.345,0.1304,0.3768,0.1108,0.3973,0.1507,-1.3082,0.7044,-0.438,0.8988,0.7857,-0.0804,-0.0586,-1.8545,0.1193,0.101,-0.1122,-0.2208,-1.8732,-0.7921,0.6467,0.3452,0.3804,0.2163,0.3706,-0.2308,0.3407,3.7591,2.5983,5.9562,-0.1003,-0.767,4.9327,-0.9872,0.9631,-0.399,-0.2259,0.3508,-0.5263,0.7475,-0.907,2.0477,0.2606,-0.3013,-0.4014,-0.9411,-0.2805,-0.4406,-0.3209,0.6556,-0.0756,-0.3609,-0.4994,0.0755,-0.3641,0.9741,-0.0152,-0.0441,0.2246,-0.0581,0.052,0.0451,0.0443,-0.4682,-0.4294,-0.4703,0.4004,0.0656,-0.3002,0.2505,-0.3253,-0.0761
579,5639,108,6,cycling,6.0,108.0,5639.0,2.0,108.0,0.0417,-0.3232,0.055,0.1051,0.0066,0.0892,-0.0177,1.3697,-0.068,-0.0946,-1.1207,-0.1378,-0.2662,0.8798,-0.2748,-0.1549,0.182,-0.4106,-0.0321,0.2385,0.2474,0.2296,-0.1642,0.1164,0.1475,0.2554,-0.346,0.028,0.2986,-0.3783,0.4573,-0.194,-0.3891,0.5237,-0.3088,-0.5584,-0.437,-1.959,-0.2859,0.749,2.6782,0.6541,0.339,0.3568,-1.7961,0.4489,0.4794,-0.0009,0.5881,-1.767,3.8732,5.6953,4.5213,0.3456,-0.119,0.1308,-0.0807,0.9963,7.5798,-1.92,6.0504,-0.101,-0.3008,-0.1108,0.3017,-0.3703,-0.9327,-0.1509,-0.0759,-0.3405,0.4014,-1.9773,-0.4004,-0.3991,-0.4292,0.0756,-0.9531,-0.1003,-0.2308,-0.2169,-1.5109,-0.0646,0.1124,0.3207,-0.3642,-0.6556,0.2241,-0.3751,0.0925,0.2207,-0.0708,-0.0584,-0.3606,-0.4402,-0.721,0.2809,0.2607,0.3806,-0.4687,0.2254,0.4994,0.4806,-0.0111
580,5640,108,6,cycling,6.0,108.0,5640.0,2.0,108.0,0.0038,-0.7173,0.0569,0.0798,-0.0865,-0.065,-0.0301,1.3715,-0.0962,0.0416,-0.5817,-0.1249,-0.109,1.3168,0.1475,0.132,-0.4256,-0.2611,0.2388,-0.1868,0.397,0.2554,-0.2271,0.1947,0.8657,0.3697,0.2443,0.2746,0.2948,-0.2886,-0.3382,0.5584,-0.3431,0.1195,-0.0008,-0.3095,0.9458,-1.6763,-0.5799,-0.4574,-0.5983,2.4464,0.3551,0.1105,-1.7766,0.1306,-0.328,-0.3452,0.0504,-1.6042,-0.1124,3.5327,-0.026,-0.8979,0.1015,-0.3404,-0.0806,-0.5225,4.7872,5.7621,-1.8541,0.3018,-0.9675,2.735,6.4008,0.7143,2.947,-0.93,-0.2605,-0.3504,0.8717,-1.2207,-0.2803,-0.1009,0.4674,0.0679,-0.3993,0.0456,-0.2253,-0.0443,1.1503,0.0658,-0.3646,-0.3005,0.0961,-0.6557,-0.0591,-0.01,-0.001,0.2167,0.0182,-0.0473,0.059,0.0133,0.2241,0.2309,0.0231,0.0542,0.0717,0.0262,0.0174,-0.0751,0.0373
581,5641,108,6,cycling,6.0,108.0,5641.0,2.0,108.0,0.0516,-0.1874,0.0796,-0.007,0.068,0.0189,0.1173,1.4396,-0.0842,0.129,-0.5788,-0.091,0.1724,0.2964,0.0344,0.0415,0.2066,-0.1347,-0.3397,-0.3131,0.2325,0.4076,0.2702,-0.1431,0.2265,0.2668,-0.3463,-0.1953,0.3639,-0.2843,-0.3882,-0.7189,0.3786,-0.4549,-0.5578,0.5832,0.4872,-1.92,-0.5085,-0.8343,2.6021,-0.4699,-0.1304,-0.3569,-1.9852,-0.0508,0.2208,0.0493,-0.1018,-1.5961,-0.1107,3.7583,-0.3071,-0.6793,0.7941,-0.5623,-0.0004,-0.7791,-0.622,0.5499,5.7198,-0.8713,0.3458,4.8427,-0.4013,-1.956,0.3997,0.2803,0.3502,1.0457,-0.7999,-0.3807,-0.1503,-0.2606,0.3005,-0.4298,0.1191,0.3013,0.3402,-0.1003,-1.4007,0.2165,0.2303,0.3644,0.3704,0.5503,0.4756,0.1121,0.0809,0.3209,0.4673,-0.4502,-0.0443,-0.4804,-0.3753,0.2252,-0.4993,0.4681,0.2509,-0.0409,0.0442,0.0077,0.0592
582,5642,108,6,cycling,6.0,108.0,5642.0,2.0,108.0,0.0913,-0.7164,0.0068,0.0145,0.0898,0.034,0.055,1.4483,-0.0465,0.026,-0.9077,-0.1152,-0.2472,0.4234,-0.1486,0.1056,0.2519,-0.1742,0.3114,0.2784,0.1638,0.3547,-0.3385,-0.2332,-0.1548,0.1269,-0.2041,-0.0693,-0.1875,-0.2271,-0.3674,-0.4976,-0.2854,0.3788,0.2989,0.269,-0.0806,-0.8343,0.0709,-0.6691,0.5563,0.468,-0.3067,-0.347,-1.5881,0.3953,-0.6499,0.4321,0.5978,-1.9631,0.5761,2.7951,0.2169,-0.0006,0.0476,0.1003,0.3458,-0.7762,0.9513,3.1198,-0.874,-0.0508,1.7301,4.0443,-0.0449,-0.3502,0.5249,0.1014,0.2608,-0.2805,-0.9726,5.3995,-0.4252,-0.4671,-0.1503,0.1121,0.1306,0.3013,-0.1108,-0.3709,0.3001,-1.9475,-0.0543,-0.2259,-0.2303,-0.5281,-0.4751,-0.0582,0.4005,0.3408,0.3757,0.0679,0.3803,-0.4689,-0.416,-0.4015,-0.5001,-0.4708,0.4406,0.3206,0.3644,0.3604,-0.2207
583,5643,108,6,cycling,6.0,108.0,5643.0,2.0,108.0,0.0585,0.6692,-0.007,-0.0825,-0.1043,-0.1433,0.1557,1.362,-0.044,0.0696,-0.5088,-0.0941,-0.427,1.0764,0.1348,0.0172,0.1256,0.1855,0.2349,-0.2781,0.2982,0.3869,-0.1747,-0.2611,-0.2439,-0.1952,-0.3775,0.3598,0.7013,-0.3046,0.229,-0.0215,0.1686,-0.2874,-0.0806,-0.038,0.4573,0.8333,0.3232,-0.9231,2.6744,0.5942,-0.1191,0.1012,-1.3421,-0.0007,0.0506,-0.1102,-0.0456,-1.8979,-0.0755,3.6058,-0.1509,-0.6562,0.1126,-0.2806,-0.2603,0.6883,-1.7893,4.7731,0.0404,-0.0456,0.1002,0.7625,5.0473,-0.9984,-0.301,-0.3458,0.0756,-0.6345,-0.9769,7.9458,0.9432,-0.5321,-0.3007,-0.2206,0.8701,-0.2259,0.2166,-0.5445,-1.9571,-0.2244,-0.0811,0.3756,0.0646,0.7689,0.4014,0.3209,-0.3803,-0.0658,-0.3641,0.4753,-0.1308,0.0758,0.4008,0.3609,0.4672,-0.4297,-0.3707,-0.2505,-0.0951,-0.4504,0.3508
584,5644,108,6,cycling,6.0,108.0,5644.0,2.0,108.0,0.0015,-0.7347,0.0106,0.059,-0.0825,-0.0745,-0.0214,1.3569,-0.0434,0.0942,-0.5885,-0.1374,-0.1296,1.4067,-0.1143,0.166,-0.2694,-0.2756,-0.2297,0.2398,-0.171,-0.3339,0.1946,0.4254,0.188,0.2071,0.2462,-0.3102,0.2831,-0.3741,-0.4488,0.3082,-0.2984,-0.0505,0.1008,-0.0493,-0.0344,-0.6461,0.477,0.4892,-1.7957,0.5021,-0.1509,-0.0373,-1.5466,0.1305,-0.0003,0.1104,0.5589,0.3691,-1.8638,0.5976,0.6578,-0.4968,0.8775,0.328,0.7793,-0.2806,3.7317,2.9972,-0.632,0.1011,-0.2166,-0.5211,0.0658,-1.0667,1.6999,0.2609,-0.531,0.301,4.3997,5.1126,1.3003,0.955,-0.3409,0.414,0.831,-0.0443,0.0803,-0.0661,-1.3805,0.0387,0.0458,-0.001,-0.0755,0.4998,0.4674,-0.2504,-0.1194,-0.2209,0.0708,-0.3704,-0.3508,0.4757,-0.4806,-0.3604,0.0962,0.2246,-0.4405,-0.0569,-0.0569,-0.3751,-0.4298
585,5645,108,6,cycling,6.0,108.0,5645.0,2.0,108.0,0.1164,-0.5134,0.0078,0.0765,0.1558,-0.0696,-0.085,1.3879,-0.0549,0.0468,-0.4485,-0.0913,-0.2369,0.3103,-0.172,-0.2463,-0.1486,-0.1046,-0.2981,0.1951,-0.1843,-0.0159,0.0375,-0.1232,-0.2572,0.2773,0.2639,0.288,-0.4062,0.1688,0.227,-0.3097,0.339,0.1005,0.1198,0.1126,-0.022,0.4187,-0.1017,0.3767,-0.476,-0.4821,-0.3477,0.0257,-1.6691,0.0449,-0.3582,0.3693,0.0507,-1.5742,-0.2257,0.9876,-0.9554,0.5399,-0.7431,0.848,-0.2602,-0.1107,2.5249,3.8941,-0.547,0.5595,-0.3451,-0.6176,4.4018,5.4999,0.1505,0.2806,-0.3002,-0.8491,0.3997,0.8744,-0.3807,-0.9426,-0.0008,0.2162,-0.2202,-0.0804,0.1304,0.3407,-1.4759,0.0774,-0.0658,0.2246,0.3644,-0.5281,-0.0952,-0.0477,0.4679,-0.3604,0.0842,0.0523,0.0157,-0.0592,-0.2303,0.3209,0.4807,0.0455,0.0791,-0.0061,0.0583,-0.0286,0.0171
586,5646,108,6,cycling,6.0,108.0,5646.0,2.0,108.0,0.0038,0.2087,-0.0115,0.0399,0.0774,-0.0213,0.0514,1.4355,-0.0697,-0.0908,-0.4869,-0.118,0.0466,1.1885,-0.1249,0.1655,-0.1057,0.2933,-0.0506,0.1946,-0.1765,-0.2725,-0.2337,0.2851,0.3277,-0.2695,0.3078,-0.0007,-0.2459,-0.405,0.1199,-0.3563,0.3632,-0.4468,0.0806,0.1308,-0.0409,-1.4764,0.1102,-0.3976,-1.5645,-0.2271,-0.2809,-0.0658,-1.7086,-0.1127,0.0332,-0.1013,-0.1506,-1.6082,-0.7731,0.3496,-0.7593,0.425,0.523,-0.0448,-0.2167,0.0671,2.7962,3.589,-0.4375,-0.5321,-0.9467,4.54,-0.8941,-0.8891,1.5223,0.737,0.0473,1.721,-0.838,1.9884,-0.0286,-0.3803,-0.1002,-0.3453,-0.5157,0.2605,-0.2306,0.3757,-1.3605,0.3402,0.0209,0.1027,-0.3209,-0.4994,-0.0846,0.4678,0.4017,0.0443,0.0946,-0.0456,0.2207,0.3007,-0.3991,-0.0986,-0.0667,0.4506,-0.0581,0.0485,0.0542,-0.0408,0.2259
587,5647,108,6,cycling,6.0,108.0,5647.0,2.0,108.0,0.0437,0.5864,-0.0696,-0.0572,-0.0186,-0.1088,0.089,1.1548,-0.0903,0.1385,-0.5902,-0.0041,0.267,1.4065,-0.0775,0.1763,0.1855,0.1294,0.1457,-0.3139,0.414,0.2071,-0.3597,0.228,0.2946,0.3489,-0.3682,-0.3884,0.1139,-0.2347,0.3076,-0.1698,0.2479,-0.286,0.1951,0.2554,-0.0508,-1.7233,-0.4531,0.3344,-0.2778,0.6977,0.1199,0.1017,-1.4968,0.0003,0.1127,-0.213,-0.0456,-1.735,0.1002,2.6683,0.3214,-0.0806,0.1503,0.1108,-0.2602,-0.4399,0.0449,-0.5611,3.9567,0.2259,-0.8742,5.4295,0.0663,-0.3506,-0.74,-0.3018,-0.2509,4.5213,-0.8343,2.934,-0.628,0.5328,-0.8482,-0.3605,-0.3759,0.2169,-0.2208,-0.3003,0.2805,0.0999,-0.3407,-0.0561,-0.0755,1.4995,-0.1303,0.0191,0.0454,0.0447,-0.0453,0.0658,0.0169,-0.0542,-0.0472,0.005,-0.3451,-0.3709,0.1027,-0.4672,-0.2307,-0.0476,0.01
588,5648,108,6,cycling,6.0,108.0,5648.0,2.0,108.0,0.0922,-0.6696,0.0165,0.0523,0.04,0.0873,0.109,1.4561,-0.0712,-0.1513,-1.327,-0.1624,2.814,0.2974,-0.1469,-0.1856,0.2725,0.4277,0.1941,0.1742,-0.7406,-0.3582,0.3962,0.3088,0.4043,-0.2672,0.0638,-0.3655,-0.1186,-0.3398,0.3767,0.282,-0.9355,0.4699,-0.4834,0.6463,-0.6832,-1.8976,-0.6047,-0.038,3.4979,0.4493,-0.5887,-0.1015,-1.7778,-0.1506,-0.7051,0.5984,-0.5052,-1.8531,4.7583,-0.0477,-0.5721,-0.4013,-0.0507,-0.0806,-0.2208,-0.3013,-0.5426,0.5157,-0.9512,0.0213,-0.1005,0.1121,0.9417,-0.1102,5.3504,1.3456,-0.0454,0.1196,1.9775,6.0409,-0.416,-0.3643,-0.4006,0.2606,0.1309,-0.3991,0.3753,0.538,-1.0006,0.0891,0.0663,0.0759,-0.0594,-0.5165,0.5751,0.0897,-0.2163,-0.0453,0.0442,0.085,-0.0192,0.2257,-0.3403,-0.3209,0.0443,-0.0581,-0.0171,-0.091,0.0542,-0.0125,0.3001
589,5649,108,6,cycling,6.0,108.0,5649.0,2.0,108.0,0.1234,0.6977,-0.0696,0.0182,0.1742,0.0773,-0.034,0.0558,-0.0047,0.0468,-0.0885,-0.0507,0.1415,1.3523,0.1156,0.1657,-0.0933,0.1329,-0.1078,-0.2271,0.2459,-0.2863,-0.028,-0.1866,0.2555,-0.2627,-0.3131,-0.414,-0.375,0.3862,0.2072,0.3092,-0.4974,-0.0809,-0.1011,0.3698,0.4841,-0.7521,-1.6481,0.1939,2.4465,-0.8986,0.4579,-0.1197,-1.6087,0.6789,-0.4325,-0.4631,-0.3224,-1.7088,-0.1126,3.1104,-0.5464,0.7699,-0.846,-0.3459,0.2164,-0.9026,4.526,5.9723,0.8301,-0.868,0.3503,0.5345,0.2608,-0.1002,-0.9424,-0.1304,-0.2805,1.4006,6.9561,-0.3806,0.4303,-0.2207,-0.9326,0.0753,0.499,0.4015,0.3018,0.4683,-1.3993,-0.3009,0.3402,0.0005,-0.2251,0.4807,0.1509,0.085,0.0851,0.01,0.3751,0.3703,0.3649,0.2508,-0.0458,-0.0656,-0.4506,0.0658,0.0111,-0.0453,-0.0791,-0.2304,-0.0409
590,5650,108,6,cycling,6.0,108.0,5650.0,2.0,108.0,0.1366,0.7298,-0.0042,0.0528,0.0901,0.106,0.1708,1.5648,-0.1657,0.1164,-1.2663,-0.0775,-0.4127,0.2986,0.2361,0.1279,0.1559,-0.2458,0.037,0.1488,0.028,0.2584,0.204,-0.1885,0.327,0.0637,0.3082,0.3873,0.2277,-0.3433,-0.0431,0.0003,0.2748,0.0286,-0.0507,-0.1308,0.3943,2.6544,0.1109,0.1954,0.6781,0.4596,0.5597,-0.0806,-1.6887,0.1014,0.3562,0.4625,0.3621,-1.6976,-0.1003,0.7892,0.4983,-0.4794,-0.3452,-0.1191,0.9974,0.3211,-0.534,3.4296,5.8972,-0.3994,-0.1127,-1.9895,4.5214,6.4009,-0.1505,0.3606,-0.2167,0.2808,-0.2206,1.9099,0.2604,-0.4672,0.4804,-0.3003,0.2309,-0.0441,-0.0493,0.3203,-1.4505,0.02,-0.2503,-0.2252,0.0458,0.5002,0.4406,-0.3503,0.0594,-0.3708,-0.4016,0.3809,0.5508,-0.301,0.3406,-0.3754,-0.499,-0.0453,0.0456,0.01,-0.0893,-0.0281,0.2241
591,5651,108,6,cycling,6.0,108.0,5651.0,2.0,108.0,0.0549,-0.7407,0.0106,0.0045,0.0475,0.086,0.1255,1.3569,-0.0315,0.1142,-0.509,-0.0788,0.2898,0.1666,0.131,0.2218,-0.3125,-0.4138,-0.3063,-0.2981,0.2343,0.2719,0.2472,-0.174,0.2547,0.3638,0.1458,0.0973,-0.267,0.2077,-0.8013,0.1191,-0.4467,-0.4865,-0.3499,0.3357,-0.4632,-0.9231,0.3785,0.6479,-0.3974,2.8091,-0.1012,-0.0806,-0.5621,-0.1121,0.0214,0.0503,0.0852,-1.5976,-0.1508,0.6831,-0.8428,0.1008,-0.2604,0.2508,0.3404,0.9417,3.8941,4.823,0.535,-0.2202,0.7861,5.864,-0.964,0.934,0.5499,0.0005,0.9551,-0.8324,-0.6217,0.1305,0.3644,-0.4674,0.0286,-0.3458,-0.4293,-0.9775,0.4018,-0.4687,-1.3007,0.0409,0.399,0.3706,0.0755,-0.0663,0.2167,0.4003,0.2806,-0.3505,-0.3808,-0.3757,0.8718,0.0666,0.5009,0.3604,-0.4407,0.3011,-0.0653,-0.3209,-0.1106,-0.0865,-0.4991
592,5652,108,6,cycling,6.0,108.0,5652.0,2.0,108.0,0.0112,-0.1349,0.0469,0.0068,-0.0944,-0.0894,0.0546,1.4096,-0.0695,0.1043,-0.6423,-0.077,0.1472,1.1559,-0.228,0.1186,-0.206,0.3137,-0.2637,0.0321,-0.1788,0.2957,0.2725,-0.2484,-0.3547,-0.3376,0.1666,-0.0507,0.1939,0.1198,-0.1851,0.3042,0.427,0.025,-0.1011,-0.0008,0.3897,-1.5582,-0.4885,0.3665,-0.2853,-0.7734,-0.1009,-0.1108,-1.6783,-0.1505,-0.328,-0.1307,0.589,-0.4574,-1.7531,0.8941,0.521,0.0449,-0.6399,-0.2805,0.0658,-0.54,-0.7961,2.7313,3.9862,0.1121,-0.3407,0.0473,-0.5635,-1.877,-2.7893,0.3009,-0.3708,-0.4014,-0.4297,0.4671,0.3805,-0.2208,-0.7999,0.3451,-0.3504,0.2251,0.2166,0.4704,-0.2605,-0.4006,0.0825,0.0145,0.3609,-0.5754,0.3998,0.3019,-0.0498,0.0809,0.2509,-0.3646,-0.3443,0.2244,-0.4754,0.6557,-0.2302,-0.4503,0.0656,-0.5003,-0.4802,-0.4998,0.3203
593,5653,108,6,cycling,6.0,108.0,5653.0,2.0,108.0,0.0044,-0.5908,0.0697,0.1558,-0.0168,0.0577,0.0417,1.3973,-0.1343,0.1057,-0.4947,-0.1165,-0.1609,0.3769,-0.2046,-0.256,0.3123,-0.2348,0.2463,-0.1294,-0.147,0.0774,-0.288,0.3088,-0.0318,0.3879,-0.2983,-0.2633,0.1961,-0.4578,0.3522,0.4608,-0.2741,0.4084,-0.0213,-0.3472,0.8981,-0.7382,0.6742,-0.6696,2.3681,0.5532,0.1019,0.1198,-1.565,-0.1002,0.1105,0.0803,0.9976,-1.6495,0.2169,3.8521,0.2603,-0.0007,0.1503,-0.2805,0.0505,-0.528,4.8631,6.7593,5.8962,-0.3647,-1.5499,7.3808,1.534,-0.821,-0.4009,-0.2204,0.3454,0.8343,-0.0658,1.3405,0.9022,-0.2253,-1.8717,0.1308,-0.0753,-0.3001,-0.3754,-0.2503,-1.1126,0.2308,-0.3708,0.3016,0.4805,0.4647,0.0941,0.4403,0.0515,0.4757,0.0455,0.3441,-0.5008,0.5503,-0.5757,-0.6554,-0.4673,0.3206,0.2241,0.0542,-0.0442,0.0266,-0.3509
594,5654,108,6,cycling,6.0,108.0,5654.0,2.0,108.0,0.0045,-0.2786,0.0104,0.1294,-0.1162,-0.0699,0.085,1.4096,-0.0546,-0.0913,-0.8193,-0.1655,0.2058,1.1433,-0.2825,-0.1953,0.2698,-0.1041,0.1774,-0.0784,0.033,-0.1864,-0.1535,-0.0507,0.028,0.1014,0.239,0.2461,-0.2281,-0.3866,0.3136,-0.367,-0.4785,-0.2979,-0.4834,0.1191,0.1109,-1.3775,-0.6976,0.4477,2.6792,0.4942,0.5731,-0.3963,-1.5973,0.2257,0.0476,-0.0007,-0.1307,-1.8921,0.2604,4.7872,3.6032,0.8329,-0.8895,-0.54,-0.9768,-0.568,1.3005,5.938,6.0456,0.3409,-0.5237,-0.6552,-1.437,-0.0753,1.4168,0.8215,0.2807,-0.3458,-0.0442,-0.3505,1.3016,-0.8717,-0.2167,0.4005,-0.4994,-0.0759,-0.1009,-0.3704,-1.4402,0.3991,0.3603,0.0803,0.3644,0.3806,0.1121,0.1503,0.3759,0.3206,-0.2208,-0.2306,-0.4298,0.4804,0.6001,-0.4753,-0.4013,0.0647,0.079,-0.0946,-0.0449,-0.1362,-0.0145
595,5655,108,6,cycling,6.0,108.0,5655.0,2.0,108.0,0.0813,-0.7282,0.0146,0.1051,0.0059,0.0645,0.0718,1.3517,-0.1225,0.0467,-0.5734,-0.114,0.0947,0.9451,-0.3234,0.0577,-0.289,0.2372,0.206,-0.1549,-0.1422,0.5164,-0.2989,0.3042,-0.3327,-0.0214,-0.2694,-0.4277,0.1695,-0.3696,-0.0006,0.1938,-0.3973,-0.2461,-0.1505,-0.0399,-0.1018,-0.8048,0.0508,0.3787,-0.6697,0.7579,0.1109,0.1003,-1.5081,0.1121,-0.0804,0.1193,-0.0332,-1.7098,0.1305,0.6569,-0.4476,0.6484,0.5886,-0.2204,0.4321,2.6885,4.7854,3.6211,1.8863,0.2503,0.7421,5.8315,-1.8219,1.932,-1.5212,-0.3003,-0.3505,1.5325,0.9798,-0.326,-0.4293,0.3756,-0.0449,-0.4015,-0.8273,0.3452,-0.2164,0.3706,-1.2252,-0.301,-0.2602,0.3606,-0.2804,0.3408,0.3997,0.4008,0.3806,0.2307,-0.3641,-0.1027,-0.4683,-0.4509,0.4407,0.4671,0.6002,-0.2241,-0.414,-0.3137,0.5751,0.3205,-0.4758
596,5656,108,6,cycling,6.0,108.0,5656.0,2.0,108.0,0.0042,-0.1349,0.1046,0.0948,0.116,0.038,0.0516,1.3906,-0.1733,0.0107,-0.582,-0.0465,-0.1856,1.2762,0.2384,0.2443,-0.0889,0.2597,-0.1254,0.2219,0.1466,0.1535,0.3125,0.2987,0.3668,0.447,0.269,-0.4187,-0.4728,-0.405,-0.9236,0.023,0.0504,0.1018,0.0009,-0.1009,-0.0807,-1.5731,-0.1197,0.3886,-0.8841,-0.3764,0.1103,0.1502,-1.7732,-0.0239,0.1306,-0.2307,0.6961,-1.4583,0.6799,3.9892,0.3493,0.1121,0.5978,-0.7982,2.7573,4.9521,6.5581,5.9607,0.4013,-0.3012,-0.5224,-1.7675,-0.7426,-0.3505,0.722,-0.53,0.2504,-0.2169,-1.9636,-1.854,-0.9413,0.6345,-0.3991,0.4295,-0.2209,-0.4506,0.2244,0.3702,-1.4682,0.0922,0.3609,0.3452,-0.3408,0.2808,0.0753,0.3805,0.2602,-0.4408,0.4006,0.3008,-0.4676,0.0455,0.3751,-0.6003,0.5504,-0.6558,-0.0571,-0.0708,0.3209,0.004,0.0231
597,5657,108,6,cycling,6.0,108.0,5657.0,2.0,108.0,0.0861,-0.7169,0.0941,-0.0065,0.0518,0.0107,0.1397,1.4356,-0.1403,-0.068,-0.452,-0.0415,0.2749,0.2396,-0.1259,0.177,0.2611,0.289,0.2457,0.312,0.394,-0.3684,0.105,-0.1695,0.8333,-0.3382,0.9451,-0.3862,0.4421,0.3068,0.226,0.2581,0.4329,0.3589,-0.3483,-0.1191,0.1932,0.7866,0.1005,-0.4799,0.5864,-0.0211,0.4846,-0.1305,-1.3794,-0.0506,-0.0572,0.1012,-0.0804,-1.5598,-0.1108,0.7787,-0.6375,-0.6971,0.8527,0.1126,0.7942,-0.866,2.8867,3.8343,-0.3012,-0.0006,0.2303,0.7631,4.3003,5.0443,0.5249,-0.2209,0.3456,1.542,6.567,7.741,-0.733,-0.3991,-0.536,-0.4017,-0.9328,-0.3757,0.2259,0.2809,-1.4752,0.0646,0.1509,0.3209,0.2507,-1.2604,-0.5214,-0.0113,-0.3709,-0.3406,0.2243,0.3809,-0.5006,0.4406,-0.4003,-0.5751,0.3604,-0.3444,0.0456,-0.0448,0.4677,0.0407,-0.1751
598,5658,108,6,cycling,6.0,108.0,5658.0,2.0,108.0,0.0563,-0.1869,0.0797,-0.0047,-0.036,-0.0878,-0.0188,1.2987,-0.0438,0.0692,-0.749,-0.1361,-0.2365,0.5835,0.1457,0.229,0.2743,0.1181,-0.1746,-0.2048,0.3232,0.1274,0.1936,-0.2489,0.2556,0.4277,0.0971,0.1085,0.2821,-0.1531,-0.4096,-0.1659,-0.2666,0.026,0.0006,-0.3955,-0.0803,-1.8493,-0.3334,-0.4486,-0.3767,0.7077,0.3068,-0.0507,-1.7953,-0.1309,-0.2166,-0.1124,-0.1193,-1.845,0.648,-0.9845,-0.1018,0.9942,-0.4973,0.3405,-0.7595,-0.5432,0.5109,2.0409,-0.5211,0.1106,-0.2251,0.0491,3.2809,5.1507,4.766,0.3451,-0.5143,-0.7175,0.0448,-0.8313,-0.3754,0.0299,-0.0209,0.3002,-0.0209,-0.0182,0.0002,-0.02,0.9475,0.0572,0.0231,0.0209,0.1008,-1.4994,-0.0075,-0.0207,0.001,-0.01,0.0255,-0.0239,0.0286,-0.0191,0.0001,-0.0206,-0.0141,0.0166,-0.0231,-0.0106,0.0068,-0.0077,-0.0113
599,5659,108,6,cycling,6.0,108.0,5659.0,2.0,108.0,0.1337,-0.714,0.065,0.0908,0.0411,-0.0082,0.0196,1.4475,-0.0797,-0.0525,-0.5817,-0.0345,-0.3389,1.4665,-0.121,0.166,0.2639,-0.2853,-0.3523,0.1942,0.3123,-0.1584,0.2071,-0.2265,-0.1434,0.4841,0.4794,-0.2488,0.1849,0.2756,-0.2951,-0.463,0.3686,-0.1198,0.1509,-0.3873,-0.1121,-0.7961,-0.4062,0.669,2.9921,-0.8043,0.1108,0.0504,-1.637,0.1018,-0.0214,-0.3212,0.1009,-1.7793,0.2605,4.6987,0.6498,-0.5983,0.5591,-0.7631,-0.7872,3.7468,-0.5795,5.8512,-1.7294,-0.3403,0.3456,-1.6711,0.8798,1.523,-0.3002,-0.1306,-0.4017,-0.5145,1.9278,-0.3997,1.5445,-0.429,-0.4242,-0.3804,-0.2803,-0.2254,0.0005,0.0663,-1.2203,0.3509,-0.4009,0.2164,0.0898,-0.6105,-0.0262,-0.3604,0.0181,0.301,-0.4671,-0.5759,0.0476,0.3649,0.3757,0.3703,-0.0658,-0.0549,0.0072,-0.5003,-0.0806,-0.0059,-0.0247
600,5660,108,6,cycling,6.0,108.0,5660.0,2.0,108.0,-0.0015,-0.1703,0.0769,-0.1031,0.0546,-0.0699,0.0172,1.2963,-0.1245,0.044,-0.4234,0.0961,0.2366,1.2547,0.137,0.2057,-0.1408,-0.1858,0.1955,0.2824,0.5175,0.1639,0.1136,0.2638,-0.2265,-0.3145,0.3396,-0.3562,0.3421,-0.7164,0.2754,0.3095,-0.4885,0.4973,-0.3743,0.1018,-0.9452,-1.4497,-0.5041,0.5942,-1.6884,-0.7851,-0.0807,-0.0505,-1.7583,0.0217,-0.0008,-0.1503,-0.1126,-1.6786,0.1003,3.8893,0.798,-0.6432,-0.9877,0.8987,0.9428,-0.1306,2.4017,4.3995,0.7636,0.0471,0.7499,5.2607,6.5678,-0.4008,1.1102,-0.3505,0.2204,0.427,0.4991,-0.526,-0.4295,-0.8225,-0.2805,0.1194,-0.928,0.5364,0.3751,0.2258,-1.4673,0.2161,0.3006,0.3018,0.3805,0.5004,-0.4505,0.3402,-0.0971,0.3707,-0.3454,0.2506,0.9025,-0.4681,-0.2308,0.3203,0.4751,-0.3447,0.4407,0.6005,0.0281,-0.0591,0.3236
601,5661,108,6,cycling,6.0,108.0,5661.0,2.0,108.0,-0.1063,-0.6917,0.0585,0.0179,0.1223,0.0941,0.085,1.3877,-0.0466,0.028,-0.727,-0.1372,3.8776,0.1436,0.1535,0.3103,0.2558,-0.0797,-0.006,-0.2046,0.1943,0.2462,-0.4277,-0.3349,0.1155,-0.0696,0.1851,0.0327,0.2948,0.1659,0.2239,0.3081,0.2857,0.1191,-0.3791,0.2675,-0.4584,-0.6856,-0.3493,0.6582,0.4799,0.5464,0.4076,-0.0506,-1.4409,0.0006,0.1126,0.1305,-0.1017,-1.677,0.4495,-0.2804,0.2167,0.1003,0.3409,-0.5321,0.8942,2.8886,4.8716,5.7871,-0.0286,-0.0806,0.0161,-1.7427,-0.3212,0.9873,0.2205,0.1504,-0.5212,0.9028,6.3019,-0.3604,0.0409,-0.4508,-0.0209,0.1102,0.2604,0.3808,0.3705,-0.3456,0.4804,-0.2307,0.2251,0.3441,0.2244,-0.5443,0.4997,0.0983,0.3753,0.5003,0.4002,0.2506,-0.3508,0.4683,-0.3992,-0.4298,0.5751,0.0845,0.0755,0.4679,0.3008,0.3206,-0.0094
602,5662,108,6,cycling,6.0,108.0,5662.0,2.0,108.0,0.0581,-0.7391,0.0146,0.0066,0.0633,0.0717,0.036,1.4355,-0.0842,0.0465,-0.5718,-0.1153,0.0963,0.312,-0.141,0.1225,0.139,0.2638,0.2784,0.1954,0.1656,0.1558,-0.4062,0.2347,-0.245,0.2855,-0.3461,-0.3796,-0.223,0.4577,-0.028,0.3582,-0.8482,0.4421,-0.2943,0.2048,0.1011,-0.6831,-0.3969,-0.0443,-0.787,-0.8867,-0.1109,-0.0009,-0.4986,0.119,-0.0506,0.0173,0.0807,-1.5976,-0.3689,0.7475,-0.2804,0.3215,0.2165,0.1006,-0.1121,-0.7983,2.9499,3.9872,4.6497,-0.0409,-0.5109,-0.8741,-0.8527,0.0456,-1.956,-0.4013,0.2308,-0.525,0.4994,0.1309,-0.2205,-0.4396,-0.3017,0.3403,-0.0708,0.3644,-0.0247,0.2604,-1.4298,-0.0551,0.3452,0.1027,-0.2253,-0.4272,0.3504,0.2509,-0.0646,0.1504,0.3709,-0.3803,0.4679,0.4702,0.4508,0.4751,0.3006,-0.427,0.0892,-0.0114,-0.01,0.0962,0.0408
603,5663,108,6,cycling,6.0,108.0,5663.0,2.0,108.0,0.1369,0.5988,-0.0881,0.155,-0.006,-0.1245,0.0525,0.6514,-0.0166,-0.0796,-0.1141,-0.064,0.0433,1.3068,-0.3137,-0.2274,0.1023,-0.0936,-0.1686,-0.414,0.2719,-0.037,0.3499,-0.1851,-0.2463,0.2058,-0.2655,-0.1748,-0.379,-0.2983,-0.4772,-0.2893,0.3597,0.468,-0.8493,0.0007,0.023,0.5475,-0.3957,0.5631,-1.7792,0.7949,-0.1509,0.2205,-1.7898,-0.3876,-0.1121,-0.2602,0.1193,-1.621,0.8932,3.6444,2.8716,-0.5321,-0.1011,-0.522,0.4313,-0.0456,0.3451,-0.6782,4.2807,-0.2164,-0.3402,-0.8542,0.731,-0.3993,-0.5109,0.9475,-0.8428,1.9571,5.3703,-1.1305,0.0506,-0.0476,-0.8343,0.5121,0.1009,-0.3803,0.4012,0.3017,-1.5373,0.2257,-0.0809,-0.3005,0.0494,-0.4803,-0.3607,0.5015,-0.4671,-0.0661,0.0108,0.0653,-0.0406,-0.0409,0.0591,-0.3751,0.2309,-0.1109,0.1027,0.0458,0.0825,-0.0761,0.0117
604,5664,108,6,cycling,6.0,108.0,5664.0,2.0,108.0,0.0836,-0.7808,0.0549,-0.0694,-0.0072,0.1569,0.1397,1.4547,-0.0941,0.0463,-0.514,-0.106,0.1657,0.3785,-0.1183,-0.1221,0.0775,-0.2635,-0.0344,-0.0186,0.2433,0.1866,-0.1939,-0.1479,0.175,0.2748,0.2374,0.3137,0.2984,0.2559,0.4128,0.2068,0.2898,0.0506,0.2288,-0.1198,-0.4399,-1.4096,-0.026,-0.3081,-0.7789,2.5431,-0.3491,0.1129,-1.387,0.1505,-0.0003,-0.5878,-0.8042,-1.3215,0.5593,3.7344,-0.46,-0.1002,-0.6787,0.6562,0.1303,0.521,0.9551,4.8212,1.1109,0.3404,0.2167,-0.3506,5.905,7.3805,-1.5276,0.3454,0.0493,-1.3015,6.4296,-1.3706,-0.7614,-0.2804,-0.532,-0.0658,-1.4017,-0.1014,-0.0188,0.3752,-1.3608,0.0761,-0.3002,-0.3641,0.0809,0.4671,-0.4681,-0.2251,0.0653,0.0442,-0.089,-0.2504,-0.4002,0.0447,-0.2203,0.2609,-0.4754,0.0973,0.1027,0.01,0.0961,-0.0483,-0.0002
605,5665,108,6,cycling,6.0,108.0,5665.0,2.0,108.0,0.0614,-0.1362,0.0468,0.1155,0.0769,-0.1081,0.0958,1.3716,-0.0586,-0.026,-0.8125,-0.0157,-0.2361,1.268,-0.2472,-0.1289,-0.0898,-0.1885,-0.1743,0.03,-0.2863,-0.2234,0.1546,0.1019,0.1951,0.255,-0.352,-0.4267,-0.3941,0.3099,-0.3145,-0.4596,0.2748,0.3374,0.2947,-0.0809,-0.1307,-1.4944,0.1102,0.7977,3.7832,-0.3836,-0.213,-0.2205,-1.5631,0.4087,0.6566,-0.7076,0.5426,-0.6492,-1.8897,2.6793,-0.4212,0.7595,-0.3407,0.5971,0.0007,0.3708,4.3003,0.9411,-0.3451,0.1006,-0.1127,5.9024,-1.4003,-0.846,-0.522,0.3806,0.5324,1.3508,1.4506,-0.736,-0.821,-0.2162,-0.1509,-0.1191,-0.832,-0.0456,0.2603,0.3757,-1.301,-0.4299,-0.0808,-0.4018,-0.2508,-0.4672,-0.3994,0.0656,-0.2803,-0.0502,-0.4991,0.5009,0.2308,-0.0472,0.4706,-0.5754,0.0561,0.6553,0.3605,-0.4757,0.2252,-0.4684,-0.0448
606,5666,108,6,cycling,6.0,108.0,5666.0,2.0,108.0,-0.1348,-0.7234,0.0878,0.1069,0.0182,-0.1115,0.0042,1.5838,-0.0774,-0.0561,-0.414,-0.0923,0.067,1.314,-0.2846,-0.1475,-0.2456,-0.0465,0.1854,0.1655,0.129,0.3325,0.1947,0.1736,0.265,0.0505,0.0329,-0.2788,-0.3079,-0.4067,0.228,-0.2066,0.3563,0.1008,-0.3485,0.0009,0.4431,-1.5796,0.1104,0.4976,-0.3789,0.4586,0.0485,0.1018,-1.6872,-0.0213,-0.1503,-0.0448,-0.1126,-1.9959,-0.211,0.6462,0.396,0.1193,-0.0663,0.323,0.1304,-0.8701,2.4328,3.9897,4.8412,-0.9592,-0.4018,-0.7312,0.3408,-0.4002,0.83,-0.2166,0.2303,0.538,-0.947,-1.9328,0.5443,-0.7771,0.3706,-0.0663,0.0809,-0.3805,-0.0191,-0.0808,-1.3008,0.0872,0.3016,-0.3605,-0.2803,0.5647,-0.2507,0.2258,0.0951,0.2207,0.4298,-0.3508,0.2606,0.3997,-0.3457,0.4995,0.522,0.4505,-0.2241,-0.0841,-0.0941,0.3753,-0.0881
607,5667,108,6,cycling,6.0,108.0,5667.0,2.0,108.0,0.0517,-0.662,0.0108,0.04,0.0769,0.0925,0.1606,1.295,-0.1146,0.1598,-0.607,0.0345,-0.1347,0.4396,-0.023,-0.271,0.2456,0.1288,-0.1852,0.2884,0.1449,0.1951,-0.3232,0.2278,-0.264,0.3385,-0.2392,0.3586,-0.3697,0.4872,0.5538,-0.3963,0.9509,-0.8798,0.799,2.4496,0.589,-1.6742,0.1304,0.5465,0.7743,0.5793,-0.0503,-0.0007,-1.3791,-0.0002,0.0001,-0.1106,-0.3499,-1.7932,0.0804,0.6887,-0.119,-0.2609,0.6475,0.1503,0.101,0.3404,-0.764,3.5982,-1.8061,0.2205,-0.2304,4.8941,5.625,0.5321,-0.7431,-0.3013,0.0963,0.9437,-0.2162,1.3505,0.1008,-0.73,0.3008,0.0257,0.007,-0.0171,0.0259,0.0286,-1.4507,0.0195,0.1122,-0.0981,0.0713,1.5753,-0.0296,0.063,-0.0455,0.1027,0.0381,-0.0458,-0.0448,0.0451,-0.0783,0.0751,0.0231,-0.0441,0.0908,0.07,-0.0409,-0.02,-0.0146
608,5668,108,6,cycling,6.0,108.0,5668.0,2.0,108.0,0.055,-0.1259,0.0825,-0.1069,0.0941,0.047,-0.0047,1.3873,-0.139,-0.0699,-1.2789,0.1623,2.4138,0.3785,-0.2056,0.2457,0.0798,0.1572,0.1868,-0.1153,-0.1455,-0.2946,-0.3578,-0.0179,-0.2263,0.2636,-0.1931,0.4549,-0.3092,-0.3381,-0.3168,-0.1752,-0.9089,-0.3903,0.4074,0.2897,0.3496,-0.6465,-0.8348,0.6743,3.7115,0.026,0.0003,-0.0493,-1.5475,-0.1503,0.0505,0.488,-0.0807,-1.4483,-0.1006,0.7732,-0.5895,0.6686,-0.8891,-0.3016,-0.4216,4.7621,5.8711,0.947,0.0441,0.1129,0.5121,-1.847,-1.1191,-0.3505,-0.4016,0.2258,0.4392,2.934,0.4277,-1.1105,0.4003,-0.3751,0.3408,-0.3452,-0.1307,-0.3006,-0.101,-0.4674,-1.2204,-0.0061,0.0542,-0.0443,0.0898,0.6557,-0.2162,-0.1347,-0.3708,0.3206,-0.2304,-0.3608,0.2509,0.4682,0.3805,0.2807,-0.4298,-0.2606,-0.3992,0.0653,0.4809,0.0561,0.2243
609,5669,108,6,cycling,6.0,108.0,5669.0,2.0,108.0,-0.0042,-0.6694,0.0581,0.1172,-0.0468,0.0179,0.0329,1.3569,-0.0645,-0.0871,-0.7233,-0.1337,0.1259,1.4277,-0.0936,0.2062,0.3113,0.2555,0.2347,0.2788,-0.145,0.2218,-0.1748,-0.078,-0.021,-0.1551,0.3867,-0.1932,0.2485,0.0508,-0.1661,0.3374,0.3077,0.2849,0.0005,-0.2698,0.1019,-1.6039,0.3475,-0.1503,-0.649,-0.4095,0.1005,0.1106,-1.7831,-0.0804,0.1192,-0.0663,0.6593,-1.8621,-0.4499,-0.437,-0.5889,-0.3453,0.0677,-0.5425,0.5746,0.538,-0.4018,3.837,2.9458,0.9723,-0.8475,0.4237,4.5213,5.2806,7.3409,0.768,0.3706,-1.9617,-0.3806,6.0443,1.8711,0.0449,-0.568,-0.2607,-0.4006,-0.3018,-0.1126,0.3604,-1.4752,0.2209,0.429,0.3503,0.2306,-0.3753,0.2253,0.0763,-0.1309,0.2505,-0.7328,-0.4673,-0.5753,0.4403,-0.3647,-0.4687,0.2165,-0.0658,0.1782,-0.0791,-0.0448,0.2243,-0.0845
610,5670,108,6,cycling,6.0,108.0,5670.0,2.0,108.0,0.068,-0.8493,0.0913,0.0062,-0.1139,0.0545,0.0364,1.2665,-0.0467,0.0158,-0.4885,-0.0712,0.2297,1.2783,0.1459,-0.0842,0.2463,-0.1832,0.104,0.306,0.1719,-0.1557,0.2066,-0.3123,0.3775,-0.3696,0.2946,-0.3872,-0.2361,0.2577,-0.1668,-0.3379,-0.7177,-0.2854,-0.4944,0.0505,0.4254,-0.3581,0.3489,0.9773,-1.6921,-0.885,0.2205,0.0807,-1.4731,-0.0215,0.0008,-0.1006,0.0294,-1.9099,0.0476,2.8743,0.1196,-0.0759,0.7871,-0.1127,-0.2257,-0.5574,-1.7312,3.9895,0.5324,-0.0455,-0.3019,-0.523,-0.945,-1.619,-1.8624,-0.1108,-0.4018,4.9364,1.1019,0.3405,-0.766,0.1505,-0.099,0.3704,-0.3005,0.0443,-0.2607,0.4003,-1.1302,-0.2308,0.2243,0.2161,0.4806,-0.4671,0.3991,0.0409,0.3807,-0.3751,-0.2803,-0.4684,0.3505,-0.3209,-0.3459,0.0708,-0.3649,-0.8413,-0.4993,0.5009,-0.0951,0.0892,-0.1782
611,5671,108,6,cycling,6.0,108.0,5671.0,2.0,108.0,0.0106,-0.7369,0.0065,-0.0543,-0.1373,-0.0772,0.031,1.3265,-0.0962,0.0898,-0.4485,-0.1256,0.1804,1.1617,0.2397,0.285,0.1188,0.4303,-0.3886,0.2757,0.3525,-0.367,0.2064,-0.158,0.2469,0.3949,0.4063,-0.1429,-0.0219,-0.3799,-0.0508,-0.2651,-0.9238,0.3396,0.2268,0.0009,0.1191,-1.5955,0.4831,-0.343,-1.5877,0.4547,-0.1106,0.1017,-1.6675,-0.1122,0.0806,-0.2208,-0.2259,-1.536,-0.215,2.6781,-0.8979,0.7846,0.5426,-0.1306,0.4018,0.8742,4.9327,3.9532,-0.0455,0.0493,-0.3506,0.3019,5.9423,0.719,-2.8443,-0.1506,-0.8426,0.3808,-0.904,0.5216,0.3007,-0.7406,0.0442,0.2806,-0.4007,-0.4293,0.3458,-0.7464,-1.4759,-0.765,0.0708,0.1006,0.3752,-0.3706,0.0996,0.2247,0.1283,-0.1371,0.0653,-0.2503,0.0458,-0.4505,0.5751,-0.2164,-0.4806,-0.2608,0.3606,0.2306,-0.3207,0.3993,0.4995
612,5672,108,6,cycling,6.0,108.0,5672.0,2.0,108.0,0.0111,-0.1394,0.06,0.045,0.0963,0.0575,-0.1243,1.4437,-0.1659,-0.0898,-0.4254,-0.106,0.2846,1.7016,-0.1486,-0.2781,0.1936,0.2271,-1.0789,-0.174,0.1542,0.2057,-0.347,-0.3523,-0.2969,-0.0325,0.1858,-0.2474,-0.263,-0.31,-0.3348,-0.1198,0.0009,0.1015,0.0508,-0.2202,-0.3985,-1.8093,0.0804,-0.3876,3.5664,0.4583,0.4955,-0.1304,-1.6882,-0.6787,-0.1104,0.1124,0.3225,-1.7788,2.4784,-0.6541,-0.2808,0.3458,-0.025,-0.0443,-0.2604,-0.5311,0.4017,0.9931,-0.1508,-0.2101,0.3405,-0.0661,4.9766,5.9561,0.73,0.54,-0.2166,-1.7872,0.9645,-0.3014,1.4298,0.7962,-0.0708,-0.8383,0.2253,-0.0152,0.3001,-0.3642,-1.4004,0.0442,0.3702,-0.4757,0.0592,-0.3759,0.0441,0.3508,0.0872,0.2509,-0.4671,-0.0943,0.3997,0.0656,-0.9025,0.3804,0.2309,0.4805,-0.4682,-0.2242,-0.3207,0.5002,-0.3441
613,5673,108,6,cycling,6.0,108.0,5673.0,2.0,108.0,0.0775,-0.31,0.0514,0.0399,0.0063,0.0464,0.0871,1.3315,-0.0109,0.022,-0.3781,-0.068,-0.105,1.2611,-0.1952,0.1347,0.1859,-0.2288,0.4254,0.1291,0.2743,0.2474,-0.259,0.347,-0.3079,-0.1665,-0.1785,0.4542,-0.234,0.2886,0.0508,-0.3589,-0.2956,-0.1019,0.1194,-0.3958,0.5793,-0.3846,-0.3684,-0.5572,-0.7233,-0.6851,0.1104,0.1506,-1.4496,-0.0803,0.4841,-0.2606,0.6669,-1.6062,-0.0008,3.4973,-0.7892,0.7631,-0.6721,-0.2806,0.874,2.8315,4.826,7.3993,-1.7797,0.3211,-0.9861,1.9516,0.0663,0.3006,-0.301,-0.2167,-0.3649,-0.3404,1.4459,5.3807,-0.548,0.534,-0.5757,-0.0448,0.2258,0.0679,0.2308,0.4256,-1.4751,0.0765,-0.1302,-0.3456,-0.1122,0.3754,0.5003,0.0441,-0.0925,0.1209,0.0546,-0.0443,0.3706,-0.0759,0.2504,-0.3209,-0.1394,-0.0456,-0.01,-0.0656,0.0231,0.0716,-0.0002
614,5674,108,6,cycling,6.0,108.0,5674.0,2.0,108.0,0.0109,-0.129,0.0645,0.1066,0.1148,0.1536,0.0427,1.4389,-0.0878,-0.0577,-0.5823,-0.1449,-0.3396,0.5964,-0.0765,0.0326,0.174,0.1856,0.0079,-0.2484,0.3145,-0.252,0.1646,-0.1362,-0.0509,0.0007,0.2853,0.028,-0.2988,-0.2274,-0.3099,0.1008,-0.1942,0.1505,0.1109,-0.1193,0.3486,-0.4798,0.1011,-0.3885,0.397,0.6869,0.1307,0.1121,-1.5593,-0.0804,-0.2607,0.3541,0.2206,-1.8775,-0.4321,0.5073,0.326,-0.3783,0.545,-0.4494,-0.6375,3.8931,2.8217,-0.521,0.2805,0.0456,0.0447,4.7618,-0.6791,1.3504,5.7217,0.3993,0.5792,0.3002,0.3808,-1.3453,1.0443,-0.3641,-0.9726,-0.9561,0.3608,0.0409,-0.3406,0.0951,0.5648,-0.2503,0.3013,-0.2257,0.2302,0.7494,-0.4804,-0.4299,0.0679,-0.2241,0.0571,-0.0581,-0.0449,0.4993,-0.3708,0.0498,0.4007,-0.5756,-0.4672,-0.0168,0.0442,0.0023,-0.3442
615,5675,108,6,cycling,6.0,108.0,5675.0,2.0,108.0,-0.0325,0.655,-0.0104,0.0584,-0.0082,-0.062,-0.091,1.3511,-0.077,0.0873,-0.9509,-0.0504,0.1802,1.408,0.2694,0.1455,-0.1548,-0.2462,0.1613,-0.1912,-0.1768,-0.3497,-0.3099,-0.3374,0.3857,-0.2743,0.2291,0.327,-0.2366,0.2859,0.3937,-0.7169,-0.2979,0.5164,-0.3681,0.1198,-0.4496,-1.8867,0.6063,-0.649,-0.7772,-0.5469,-0.1306,-0.0299,-1.5878,-0.4941,-0.2202,-0.4721,-0.4531,-1.9851,0.462,0.0007,0.8942,0.326,-0.2162,0.3706,-0.1509,-0.2603,2.766,3.2809,-0.9526,-0.3011,-0.521,4.837,7.877,-0.937,-2.8616,-0.2253,0.1127,5.53,0.3405,-0.3454,0.1105,-0.3757,-0.3502,-0.1006,0.4293,-0.3009,-0.2307,0.7698,-0.1013,-0.3641,0.855,-0.0661,0.4013,-0.4673,-0.0861,0.0871,0.3997,-0.3606,0.0456,-0.0807,-0.5751,-0.0105,0.5004,0.5121,0.4007,-0.3806,0.5207,0.4803,-0.0592,0.131,0.0281
616,5676,108,6,cycling,6.0,108.0,5676.0,2.0,108.0,0.1282,-0.6489,0.0843,-0.0107,0.0423,0.0032,0.0598,1.4477,-0.1668,-0.156,-1.4177,0.1702,2.1397,0.9238,-0.1086,-0.2547,0.2854,-0.3524,-0.8333,0.3143,0.0979,-0.2074,0.1906,0.1865,-0.4076,0.1155,0.2763,0.3337,-0.0345,0.2631,-0.1488,0.2269,-0.2946,-0.0506,0.0809,0.3057,-0.1193,0.6695,-0.3634,-0.3938,-0.7178,-0.588,-0.1103,-0.2167,-1.5967,-0.1009,-0.0009,-0.4972,0.0493,-1.509,-0.0448,-0.5699,-0.423,0.7071,0.4013,-0.7848,0.5375,4.8721,3.8567,1.1122,-0.1305,-0.8417,-0.3453,-0.5648,0.9445,-0.9617,-0.1017,-1.0409,0.099,-1.9708,-1.3991,5.3006,-0.0663,-0.3015,-0.7344,0.3754,-0.621,-0.3704,0.1505,0.411,-1.528,-0.0441,0.0591,-0.2209,0.3647,-0.4681,-0.4677,-0.2303,-0.2503,0.2809,-0.2246,-0.4006,-0.4296,0.3409,0.3609,0.2251,0.3806,-0.4502,-0.0441,0.499,-0.833,0.5646,-0.0781
617,5677,108,6,cycling,6.0,108.0,5677.0,2.0,108.0,-0.0718,-0.7298,0.0063,0.1469,-0.1364,0.1257,0.1143,1.4567,-0.0168,-0.0517,-0.9086,-0.2058,-0.2742,1.3638,-0.0922,-0.159,0.2633,-0.2523,-0.2459,0.0632,-0.106,-0.1655,0.417,-0.0435,0.3429,-0.3143,-0.3092,-0.0505,-0.2896,-0.1198,-0.1944,0.467,-0.3789,-0.1505,0.1105,0.0286,0.3961,-1.4748,0.0803,-0.0375,3.6695,-0.1005,0.0447,-0.4049,-1.8872,0.0214,-0.01,0.0006,0.7721,-1.975,-0.7954,2.868,0.3002,-0.101,-0.5631,-0.2259,0.3458,0.7851,0.7699,6.9301,4.9871,0.8741,-0.6212,-0.0441,5.8344,7.3018,0.6594,-0.2164,-0.737,0.748,-1.5225,-0.8544,-0.531,-0.3646,-0.1121,-1.8423,-0.4672,0.2803,0.0881,0.822,-1.4236,0.0957,0.2206,-0.2304,0.2241,0.0477,0.3506,0.4016,-0.0443,-0.2502,-0.0451,-0.0448,0.0544,0.0471,0.3407,-0.3708,0.4403,-0.3603,0.4756,0.2605,-0.3757,-0.0115,0.0296
618,5678,108,6,cycling,6.0,108.0,5678.0,2.0,108.0,0.1063,-0.9762,0.1205,0.1607,0.239,0.0846,0.0165,1.3177,-0.0904,0.0069,-0.6826,-0.068,0.2597,1.4371,-0.1475,0.2757,-0.3064,-0.2061,-1.1337,0.3911,0.4056,-0.3398,0.3422,0.175,-0.1853,-0.2485,0.4821,0.719,0.2972,-0.587,-0.4536,0.2831,-0.1951,0.026,-0.3889,0.1578,-0.0507,-1.5988,-0.0375,0.4786,-0.4375,2.4973,0.8013,-0.3576,-1.8744,0.2602,0.3219,-0.0003,-0.5594,-1.835,3.7791,-0.6692,4.9967,-0.9562,0.7981,0.1003,0.1303,0.7464,-0.1015,-0.825,-0.4215,0.0803,-0.1124,0.8427,5.54,0.9636,0.4013,2.9079,-0.523,1.9238,0.1503,-0.931,1.4298,0.3008,-0.3018,0.2205,0.1108,-0.119,-0.0679,-0.3451,-1.3806,-0.3406,-0.0708,0.0663,-0.2805,0.3702,-0.5646,0.2243,-0.2509,-0.3606,0.2167,0.2303,0.4004,0.4753,-0.0447,0.5753,-0.0443,0.3993,-0.0933,0.0453,0.2257,-0.0017,0.1203
619,5679,108,6,cycling,6.0,108.0,5679.0,2.0,108.0,0.075,-0.3396,0.1132,0.1343,0.0067,0.0163,0.109,1.2598,-0.0947,-0.038,-0.427,-0.064,-0.1436,0.9087,-0.1259,0.2719,0.1517,0.3064,0.0546,0.3168,0.2297,0.3849,-0.2472,0.0426,0.286,-0.2974,0.2082,0.167,-0.2348,0.8192,-0.3481,0.4586,0.3569,-0.1852,-0.1106,-0.0008,0.5883,-1.3791,0.0803,-0.4485,0.6566,-0.8857,-0.0212,0.5521,-1.3968,0.1013,0.2205,0.5675,0.1129,-1.8977,0.0508,3.7399,0.1005,-0.7951,-0.3456,0.1196,-0.4212,2.5431,5.7893,4.5157,6.9541,-0.0658,-0.3012,-0.5327,-1.2602,0.877,-1.9475,0.3809,0.2805,0.766,-0.4292,-0.1506,0.4007,-0.3704,-0.6224,-0.0992,0.3504,0.0708,-0.0198,-0.2162,-1.4408,0.0473,0.1304,0.3752,0.2508,-0.8468,0.3007,0.2305,-0.0409,0.0453,-0.3991,-0.0451,-0.2258,0.0455,0.3205,-0.4506,-0.3282,0.0592,0.0571,0.0815,-0.0456,-0.0023,-0.0074
620,5680,108,6,cycling,6.0,108.0,5680.0,2.0,108.0,-0.0561,-0.7298,0.0072,0.0146,-0.0878,-0.0664,0.0475,1.3713,-0.1203,-0.1059,-0.4789,-0.077,0.1445,1.0983,0.1722,-0.1654,0.4237,0.116,0.2442,-0.1519,0.2543,0.2949,-0.205,-0.1832,-0.0225,-0.2384,0.3628,0.3145,0.269,-0.3339,-0.2748,-0.3468,-0.5239,-0.8443,0.3558,0.0294,-0.3888,-1.6973,0.3096,-0.4098,3.7499,0.4495,0.0003,-0.0249,-1.6562,0.0194,0.0803,0.1509,0.6663,-1.8521,0.2804,2.6771,-0.2606,0.5327,0.0509,0.1121,-0.1305,0.5579,-0.3451,-0.7631,-0.1198,0.1104,0.8741,4.5782,5.9726,6.3703,0.7751,-0.2304,-0.1017,2.4015,0.4009,0.3003,-0.3606,0.1009,0.2252,-0.4509,0.0193,-0.3405,-0.2209,0.3756,-1.5757,0.3011,-0.0181,0.0441,0.0791,-0.7406,-0.4679,-0.0845,0.2161,0.0544,-0.0113,0.0409,-0.0925,-0.0455,-0.0586,0.1392,-0.1752,-0.01,0.0922,-0.0169,0.2508,0.006,-0.0002
621,5681,108,6,cycling,6.0,108.0,5681.0,2.0,108.0,0.1043,-0.6964,0.0798,0.0417,0.0528,0.0922,0.0072,1.4369,-0.0166,0.0218,-0.4973,-0.0825,0.032,0.156,-0.0632,0.1658,0.1256,0.1942,0.114,-0.1379,0.1423,0.3137,0.3944,0.2768,-0.2447,0.489,0.0807,0.3389,-0.363,0.4582,0.8131,-0.3578,0.0503,0.0009,-0.2694,0.345,0.3791,2.7062,0.2951,0.1009,0.5583,-1.6746,-0.5788,0.1015,-1.3881,-0.1108,0.0257,0.2608,-0.1509,-1.878,-0.0756,-0.9931,3.5941,-0.2806,0.1303,0.7553,0.6321,-0.6584,4.9726,5.7618,-0.8617,0.541,0.2507,0.7427,-0.8515,6.5216,1.7793,-0.3998,0.2258,-0.2162,-0.3504,-0.9512,1.739,0.4505,-0.9675,0.3604,-0.4991,0.3014,-0.4297,-0.3643,0.1121,-0.4016,0.3709,-0.2204,-0.3453,0.3009,0.3753,0.1191,-0.2244,-0.4804,0.3405,-0.0443,-0.3441,-0.5505,0.4706,-0.4677,-0.6011,-0.6509,-0.2309,-0.0409,-0.4007,-0.3209,0.0971
622,5682,108,6,cycling,6.0,108.0,5682.0,2.0,108.0,0.0475,0.1364,-0.0146,0.0077,-0.0214,-0.0569,0.1181,1.4562,-0.0694,0.0742,-0.4944,-0.034,0.1296,1.1855,-0.2366,-0.1519,-0.0843,-0.1082,0.0963,0.3139,0.259,-0.2484,-0.2857,0.177,0.3598,-0.2095,0.4243,-0.1637,0.3421,0.2672,-0.3097,0.4886,-0.9509,0.3341,-0.2761,0.2967,0.1191,0.7173,-0.2273,-0.3638,-0.898,-0.8131,-0.1018,-0.1307,-1.4732,0.0493,0.0006,0.0277,-0.0456,-1.5076,0.1005,-0.3985,-0.5431,0.2608,-0.566,0.5868,0.8852,0.7965,2.5983,3.7887,-0.0509,-0.3019,0.2806,4.9399,5.1108,-0.4234,-0.5325,0.7464,-0.3994,2.923,-0.4009,0.4018,-1.3005,-0.3452,0.0661,-0.7407,0.4671,0.1122,0.0759,-0.0806,0.4403,-0.499,-0.3405,0.2257,0.1502,0.5753,-0.3647,-0.2165,0.0441,0.3206,0.2242,-0.2305,0.3803,-0.2203,-0.3703,0.0451,0.3505,-0.4687,-0.1751,0.3751,0.5008,0.0961,-0.4803
623,5683,108,6,cycling,6.0,108.0,5683.0,2.0,108.0,0.0136,0.3394,-0.0439,-0.1172,0.0063,-0.0523,0.0953,1.4862,-0.0769,0.0697,-0.9084,-0.1374,2.2082,1.1765,0.1645,-0.2271,0.1852,-0.327,0.3095,0.1449,0.261,0.2988,0.3577,0.2598,0.1291,0.1585,-0.1903,-0.2496,-0.3431,0.0503,0.7013,-0.3884,0.2783,0.1011,-0.0224,-0.8333,0.465,-1.286,0.4744,0.7957,-1.379,-0.584,-0.5556,-0.5966,-1.7092,-0.2607,-0.8054,0.7873,-0.6768,-1.1006,-0.6476,-0.8961,3.8799,0.9375,-0.3406,-0.4301,0.1308,-0.5131,-0.3217,0.0003,5.4008,4.4211,-0.0449,-0.8613,-0.1122,-0.4298,2.0663,-0.1105,-0.2251,-0.3505,-1.3806,-0.3019,0.2208,-0.3004,0.5443,-0.2807,-0.3451,-0.3643,0.0804,0.4015,-0.2502,-0.0644,0.3751,0.1507,0.1197,0.4507,-0.0546,-0.0872,0.0661,-0.01,0.0521,0.0551,0.07,0.3702,-0.4991,-0.0898,0.0451,0.0542,0.0002,-0.0781,0.2307,-0.2165,-0.2241
624,5684,108,6,cycling,6.0,108.0,5684.0,2.0,108.0,0.0908,-0.7231,0.0168,0.0078,0.0211,0.0545,0.041,1.2548,-0.0746,0.0699,-0.5885,-0.0344,0.2265,0.3536,0.182,-0.139,0.1789,-0.1672,-0.1256,-0.1574,0.1434,0.3277,0.234,0.2749,-0.2639,0.3053,0.1932,-0.2462,0.4187,0.9238,0.8657,-0.335,-0.3738,0.1122,0.0506,0.2843,-0.4794,-1.6077,-0.6483,0.5782,-0.5421,2.7586,0.2969,0.6655,-1.6784,-0.1003,0.0007,0.1109,0.8093,-1.9897,3.8891,0.7041,0.5942,0.2808,-0.7614,0.1012,-0.7963,0.5213,4.7316,6.9631,-0.1303,0.2167,-0.3012,5.8735,7.3991,0.3408,-1.0756,0.2207,0.0453,-0.4698,-0.3506,-0.4007,0.3453,-0.3646,-0.3003,-0.4502,-0.4013,0.1503,0.0679,-0.0803,-1.3752,-0.1198,0.4679,-0.0441,0.3603,-0.4303,0.5006,0.9525,0.0472,-0.2308,-0.4402,-0.5756,-0.3205,0.3706,-0.2505,-0.3809,0.5116,0.6001,0.6506,-0.3443,0.2607,-0.0451,-0.3113
625,5685,108,6,cycling,6.0,108.0,5685.0,2.0,108.0,0.032,-0.1494,0.0868,-0.0697,-0.055,-0.0188,-0.0059,1.4056,-0.1269,0.0764,-0.5744,-0.239,0.1804,0.4882,0.1611,-0.1078,-0.3125,-0.1347,-0.2974,0.1558,0.2896,0.2632,0.4166,-0.1742,0.2519,0.0973,-0.3655,0.2481,0.4584,0.3085,-0.0507,0.2261,-0.3931,-0.3433,-0.1508,-0.2762,0.026,0.3837,-0.1019,0.1191,2.8975,-0.7741,0.1309,0.0049,-1.6799,-0.0804,0.0006,0.213,0.438,-1.7076,0.3551,3.7963,-0.6686,0.4613,-0.3017,0.2206,-0.2256,0.9852,-0.8301,0.6592,5.8746,0.2167,0.0441,4.9519,-1.538,-0.3452,-0.4297,-0.3006,0.0442,2.5143,1.3407,6.5413,-0.0443,-0.2806,-0.2605,0.4679,0.3997,-0.1126,0.0941,-0.0472,-1.4992,0.0796,0.3805,-0.3706,-0.0106,-0.4687,0.1003,-0.0972,-0.1102,0.4006,-0.3751,0.3609,0.4504,-0.2506,-0.3203,0.2246,-0.2307,-0.4018,-0.0823,-0.0571,0.0404,-0.0125,0.3504
626,5686,108,6,cycling,6.0,108.0,5686.0,2.0,108.0,0.0038,-0.5966,0.0713,0.0103,-0.1225,-0.0699,0.1463,1.4573,-0.116,-0.0589,-0.3258,-0.0915,-0.1772,1.3343,0.2469,0.1877,0.2265,0.085,0.2719,0.2821,-0.2982,0.2095,0.0464,-0.1061,0.1686,-0.2655,0.2396,0.0007,-0.393,0.1018,0.4858,0.4141,0.4954,0.4062,-0.3635,-0.025,-0.9773,-1.7078,0.1109,-0.4744,-0.3467,0.4625,-0.0509,0.2207,-1.5775,-0.3776,0.1122,-0.2163,0.1303,-1.6879,0.0803,2.809,-0.1505,-0.5324,0.8891,-0.426,0.3451,-0.5633,5.9885,3.7432,4.8741,0.9431,0.301,6.835,-0.4004,0.2602,-1.842,-0.2807,0.1191,-2.9701,-0.3706,-1.4012,-0.1005,-0.3504,-0.2303,-1.3002,-0.0442,-0.5212,-0.3751,0.2251,0.9329,0.4298,0.3991,-0.3609,-0.2242,-0.7687,-0.3644,0.0441,0.6556,0.3406,0.4702,-0.5005,-0.0755,0.4672,0.5502,-0.5757,0.4503,-0.3444,-0.6504,-0.3802,0.2503,-0.4995,-0.0771
627,5687,108,6,cycling,6.0,108.0,5687.0,2.0,108.0,-0.0015,-0.1804,0.0225,-0.1243,-0.1063,0.067,0.0575,1.2985,-0.0778,0.0842,-0.5909,-0.1449,0.0146,1.1603,-0.229,0.2655,-0.2488,0.1757,0.318,-0.2762,-0.2396,-0.4141,-0.1953,-0.3511,-0.1379,-0.2061,-0.3782,0.2851,-0.5068,-0.4772,0.4469,-0.586,0.3074,0.3634,-0.714,-0.3373,0.9458,-1.8695,-0.4852,-0.3966,3.5467,0.4538,-0.1194,-0.4031,-1.9892,-0.101,0.1122,-0.1106,-0.0449,-1.7791,2.6486,0.8721,0.8941,-0.3014,0.5699,-0.3216,-0.0456,0.848,4.8312,0.9765,0.9424,0.0803,-0.3502,5.8986,6.7624,-0.9527,-0.1004,-0.2166,0.3994,1.934,2.1304,2.4292,0.5263,-0.3002,-1.1504,0.4014,-0.2259,0.4005,-0.0663,-0.0756,0.3451,-0.0644,0.0006,-0.0508,0.4678,-0.3803,0.0656,0.0409,0.2809,-0.3709,0.2607,0.2242,-0.0755,0.3207,0.0406,0.0181,0.2302,-0.0407,0.3608,-0.3752,0.1027,-0.2505,-0.0272
628,5688,108,6,cycling,6.0,108.0,5688.0,2.0,108.0,0.1206,-0.7391,0.0103,-0.0569,0.0032,-0.114,0.1789,1.3347,-0.0718,-0.136,-0.9086,-0.0971,-0.2479,0.2748,0.169,-0.1066,0.2058,-0.1597,-0.1449,0.2636,-0.2288,0.3145,-0.285,0.2392,-0.0461,0.414,0.022,0.0505,-0.2556,-0.2982,-0.3465,-0.3846,-0.1952,0.0008,0.1011,0.3043,-0.4573,-1.7598,-0.1196,-0.7035,2.7891,-0.5563,0.3941,0.3768,-1.4476,-0.7742,-0.6786,-0.5987,-0.1109,-1.8599,0.8064,3.8321,0.3454,4.7421,0.5431,0.2167,0.1503,-0.966,-1.5328,5.956,-0.844,0.57,-0.1303,0.4017,-1.3407,6.9445,1.6213,-0.7211,0.0441,2.2805,-0.1004,1.4993,0.3009,-0.9375,-0.3806,0.7233,-0.2205,-0.4292,0.0803,0.4007,-0.3642,1.4405,-0.2606,0.3754,0.3018,-0.4758,-0.3993,0.1126,-0.3605,-0.4682,-0.2259,-0.2242,0.4505,0.5502,-0.5003,-0.2503,0.4252,-0.3209,0.3707,0.2307,-0.1781,0.4673,0.4808
629,5689,108,6,cycling,6.0,108.0,5689.0,2.0,108.0,0.0045,-0.7298,0.0425,0.0106,0.0313,-0.085,-0.1488,1.3879,-0.0547,0.106,-0.4849,-0.0778,-0.1255,0.582,0.0922,-0.1724,-0.2896,-0.1944,-0.2657,0.1811,0.3689,-0.1543,-0.2972,-0.2332,0.4234,-0.3374,0.3962,-0.3569,-0.3063,0.023,-0.2756,-0.4068,-0.1665,-0.3125,0.1126,0.1009,0.1308,-1.7094,-0.3721,0.1105,-0.8082,-0.2166,0.3491,0.0804,-1.4699,0.0009,0.1012,0.6683,0.119,-1.8664,-0.5973,0.6742,0.0507,0.9897,-0.2605,-0.3646,0.3709,0.7741,0.5475,2.1509,0.847,-0.3502,3.534,4.8511,0.0441,0.9031,0.9571,-0.2305,0.8716,0.3452,-0.5217,0.8443,-0.4665,-0.0662,-0.4674,-0.931,-0.7613,-0.4402,-0.3015,0.086,-0.4758,0.6558,0.2205,0.3995,0.3408,0.3605,-0.5006,0.3753,-0.3207,0.3808,0.3005,-0.5757,0.4687,0.0661,-0.4506,0.2257,0.4017,0.0447,0.0755,-0.4277,-0.5508,-0.4006,0.4803
630,5690,108,6,cycling,6.0,108.0,5690.0,2.0,108.0,0.0036,-0.417,0.0874,0.1132,0.0133,-0.1345,-0.0324,1.3577,-0.0548,-0.0765,-0.8356,-0.1041,0.2362,0.4919,0.0925,0.0697,-0.1859,0.3123,0.1466,0.1542,-0.2979,-0.122,0.1688,0.175,0.223,-0.0475,-0.2691,-0.0505,0.1509,-0.2827,0.025,-0.3768,-0.346,-0.1009,0.1197,-0.1304,0.101,-0.5585,-0.1106,0.4438,0.7872,0.3931,-0.4364,-0.0006,-1.4621,-0.2203,-0.4089,0.0807,0.548,-1.6976,-0.567,2.5882,0.2607,0.5786,0.3015,-0.4787,-0.2254,0.9984,3.5316,4.0404,0.9626,-0.3803,0.9412,-0.9067,0.3997,1.3403,-1.4016,0.631,0.9861,0.4298,0.4991,-0.9526,0.836,-0.2807,0.731,-0.1124,-0.0441,-0.5217,-0.0708,0.3009,-1.3452,-0.2505,-0.2169,0.3758,0.3708,-0.5753,0.2246,-0.1293,0.0542,0.0443,0.4007,-0.3441,0.3609,0.0551,0.0456,-0.4805,0.0592,-0.0458,-0.3502,0.0373,0.3644,-0.0448,0.0265
631,5691,108,6,cycling,6.0,108.0,5691.0,2.0,108.0,0.0327,-0.7298,0.0697,-0.1068,-0.0077,-0.0946,0.0462,1.3047,-0.0778,0.1159,-0.9708,-0.0105,2.2596,0.2369,0.1867,-0.159,0.166,0.2058,-0.1908,-0.3337,-0.1486,0.1743,0.1234,-0.1385,-0.2271,0.3137,-0.2824,0.4128,-0.385,0.8356,0.268,-0.2974,-0.3979,0.4475,0.3587,0.4092,0.1011,-0.8876,-0.028,-0.6465,-1.3691,0.4598,0.4954,-0.1003,-1.5789,0.0806,0.1105,0.321,-0.1127,-1.557,-0.6681,3.9973,-0.1199,-0.8431,-0.4842,-0.0508,0.0759,-0.561,4.956,5.0709,6.8215,-0.723,0.526,7.1505,0.4006,0.0663,2.0473,-0.5375,0.4296,-1.945,-0.3452,-0.2808,0.0006,-0.3807,0.0163,0.1309,-0.3015,-0.3007,-0.3707,0.2251,-1.4015,-0.0051,0.0454,0.2207,0.3643,0.4671,-0.2167,-0.3407,0.0498,-0.2602,-0.0455,0.0443,0.2507,-0.0656,0.01,0.3754,-0.2119,0.0658,-0.0448,-0.0093,0.006,0.02,-0.0044
632,5692,108,6,cycling,6.0,108.0,5692.0,2.0,108.0,0.134,0.7407,-0.0785,-0.0063,-0.0941,0.0511,0.106,1.2047,-0.0433,0.0874,-0.8348,-0.0399,0.3121,1.1243,-0.0628,0.1636,0.1857,0.0182,0.2398,0.2724,0.259,-0.2277,0.3415,-0.1756,-0.3092,-0.3731,-0.4608,0.1446,0.4969,-0.4862,0.4539,-0.2696,0.0216,0.3586,-0.0007,-0.2988,0.5944,-1.668,0.3881,-0.9554,0.8973,0.555,0.1199,0.1013,-1.6595,0.5894,0.1953,0.0508,-0.7597,-1.7976,0.5421,2.7084,0.7842,0.6768,-0.3018,-0.1005,0.325,-0.3459,4.6487,3.8311,0.3505,0.1104,-0.3406,5.2803,-1.728,1.0332,-1.4004,-0.1121,-0.1504,-0.528,6.3706,-1.3609,-0.3754,-0.3994,0.4296,-0.2606,-0.93,0.4015,0.1302,0.4998,-1.5757,0.0807,0.4502,0.3806,-0.4804,0.4999,0.3647,-0.006,0.3003,0.5005,-0.0355,0.2204,-0.2167,0.4679,-0.2505,0.0708,0.3206,-0.2251,-0.4406,0.0455,-0.2302,-0.0273,-0.0209
633,5693,108,6,cycling,6.0,108.0,5693.0,2.0,108.0,-0.0765,-0.7447,0.0905,0.1148,0.0188,-0.0098,0.1246,1.4355,-0.1086,0.156,-0.5837,0.0639,-0.1885,1.3151,-0.145,0.1703,-0.2057,-0.0849,0.2519,-0.0413,0.2962,-0.169,0.2442,-0.2702,-0.2395,0.4061,0.3066,-0.2836,0.3341,0.3582,-0.2651,-0.4547,0.3868,-0.1309,0.2275,-0.1126,-0.1198,-1.7744,-0.5976,-0.101,3.6793,2.7972,-0.5589,-0.3213,-1.6973,0.0006,-0.347,-0.5364,-0.0505,-1.6399,0.1503,-0.438,-0.8721,-0.9631,-0.8319,-0.7897,0.4671,-0.1104,0.7424,4.5617,0.3808,-0.1006,-0.8426,-0.545,-0.3001,-0.2604,5.2803,-0.4995,0.4508,0.3402,-0.4011,-0.739,0.9426,-0.3991,0.3705,-0.3011,0.2304,-0.2242,-0.2252,0.4008,-0.2208,-0.0871,-0.3607,-0.3459,0.3644,0.2166,0.0992,-0.4751,-0.3508,-0.0755,0.0409,-0.0803,0.0448,0.134,0.4292,-0.4234,-0.3759,0.4127,-0.0808,-0.0113,0.0471,-0.0098,0.1252
634,5694,108,6,cycling,6.0,108.0,5694.0,2.0,108.0,0.1201,-0.7406,0.1315,0.07,-0.044,-0.022,0.0549,1.3691,-0.1172,-0.1056,-0.4825,-0.0865,0.2857,1.3168,-0.1655,-0.2709,-0.0626,-0.1475,-0.2481,0.2396,0.175,-0.306,-0.3738,-0.1958,0.427,-0.4568,-0.4418,0.5964,-0.9458,-0.839,-1.3961,0.0321,-0.2988,0.3398,-0.349,-0.2211,0.4631,-1.7435,-0.0509,-0.8082,3.437,-0.4794,-0.1004,-0.1017,-1.8966,0.0804,0.0005,0.1506,0.1193,-1.6941,2.865,-0.6793,-0.5399,0.7842,-0.3224,-0.1122,-0.5499,0.7792,4.636,1.831,-0.0658,0.2205,-0.3403,-0.1105,5.7976,0.5224,-2.8512,-0.1304,-0.8744,-0.846,-1.9733,6.3996,-0.6212,-0.3805,-0.4679,-0.2161,0.9515,-0.7314,0.0971,-0.4647,0.2603,-0.3757,0.3643,-0.3704,-0.3018,0.0671,0.4015,-0.5373,0.0851,0.0708,-0.0471,0.3456,0.3009,0.2305,0.4757,0.4293,0.4402,0.0759,0.0548,-0.3607,0.4508,0.4994,-0.4803
635,5695,108,6,cycling,6.0,108.0,5695.0,2.0,108.0,-0.0188,0.2746,-0.0882,0.0089,-0.069,0.0515,0.1243,1.5549,-0.0763,-0.134,-0.7141,-0.1842,-0.1603,1.4538,0.0461,-0.1062,0.2611,-0.2085,-0.3347,-0.306,0.2472,-0.0981,-0.2859,0.1752,-0.025,-0.1419,-0.2332,0.0508,0.2275,0.1104,-0.1191,0.4844,0.2536,-0.1503,-0.398,0.1009,0.3537,-1.6693,0.2974,0.3497,0.547,0.6595,0.2207,-0.101,-1.5699,0.0804,0.0447,-0.0005,-0.5883,-1.6478,0.6979,0.5786,0.1305,-0.2252,-0.1124,0.0173,0.536,-0.6796,4.7631,3.3009,2.7794,-0.6841,-0.9851,5.5443,6.8421,0.2606,1.8719,-0.3508,-0.4005,0.2807,0.3806,0.5006,0.7291,-0.5015,-0.4298,0.0493,-0.2504,0.3754,-0.2162,0.3452,-1.2307,0.0409,0.0191,-0.4016,-0.3206,0.5014,0.6558,0.3702,-0.2241,-0.3991,0.3608,-0.3403,0.5116,0.5757,0.4272,-0.3647,-0.099,-0.4682,0.0656,0.4757,-0.3011,-0.4991,-0.0473
636,5696,108,6,cycling,6.0,108.0,5696.0,2.0,108.0,0.0719,-0.6964,0.0543,0.0878,0.0155,-0.1272,-0.1088,1.3277,-0.0059,-0.0639,-1.9798,-0.1885,2.1398,0.1542,0.2327,0.1165,-0.2962,0.206,0.1625,0.1437,-0.0958,-0.1746,0.2297,0.417,-0.2868,0.0435,0.2657,0.3379,-0.343,-0.5075,0.0345,0.448,-0.2489,-0.0007,-0.1005,0.3681,0.4056,-1.6791,0.1108,-0.1124,3.4774,0.101,0.0216,-0.0508,-1.4854,-0.0806,0.0404,-0.1304,0.3873,-1.8749,-0.1506,0.7793,0.2163,-0.1194,-0.2303,-0.3407,0.323,4.7083,5.9963,-0.6695,6.9431,1.528,-0.9635,7.7621,-0.8425,-0.3451,-0.9041,-1.2806,-0.8611,0.4007,-0.2603,-0.3808,1.536,-0.2259,-0.4671,-0.822,0.4995,-0.3641,-0.0592,-0.2506,0.3752,-0.3507,0.0898,-0.3995,-0.0441,0.4017,0.5754,-0.0663,-0.0811,-0.2205,0.4805,-0.4681,-0.5002,-0.3709,0.0451,-0.3017,0.0447,0.4293,-0.2242,-0.3251,0.3207,-0.0161,0.3004
637,5697,108,6,cycling,6.0,108.0,5697.0,2.0,108.0,-0.0438,-0.671,0.0042,-0.0913,0.0797,0.0166,0.0594,1.4368,-0.0695,0.0865,-0.5083,0.1215,0.2346,1.207,-0.1772,0.1181,-0.3139,0.2857,-0.1654,0.1474,-0.0344,0.2558,0.2968,-0.1848,0.3075,0.2484,0.2261,0.4573,0.3499,0.2635,0.1949,0.3398,0.1507,0.0225,-0.2759,0.4085,-0.9452,-1.8036,0.0471,0.4792,-0.3988,0.3778,-0.5596,-0.8193,-1.8743,-0.1015,0.1108,0.328,0.5326,-1.6982,0.1191,0.6211,0.0658,-0.3016,-0.0807,0.1005,-0.7956,-0.0447,4.7731,5.649,2.6086,0.0485,3.523,6.8971,7.6324,1.7621,0.4296,0.2808,0.3402,-0.4011,-0.3509,0.4994,0.5753,-0.3759,-0.4678,0.0006,-0.3808,0.0505,0.0449,-0.0456,0.3456,0.1305,0.0584,0.2208,-0.2508,0.0647,0.3991,0.1027,-0.2607,-0.2257,0.1126,-0.2161,-0.0825,-0.0891,-0.0455,0.0458,-0.2243,0.0825,-0.0725,0.0443,-0.001,0.1007,-0.02
638,5698,108,6,cycling,6.0,108.0,5698.0,2.0,108.0,0.0014,0.1695,-0.0791,-0.0145,0.0543,0.0411,-0.0638,1.269,-0.1089,0.0873,-0.4467,-0.1569,-0.1347,1.1825,0.1272,0.2388,0.0933,0.2963,-0.2786,-0.2074,-0.1762,-0.2459,-0.3046,0.0322,-0.416,0.1949,-0.7447,0.2892,0.0215,0.3539,-0.1303,0.1018,-0.3764,-0.3421,0.1509,0.1003,0.4836,-0.5542,0.0003,0.545,-1.6697,0.406,-0.0472,-0.0131,-0.5796,-0.0231,0.0505,-0.0473,0.0804,-1.7875,0.1121,2.987,-0.5877,0.1109,-0.6853,-0.0449,0.1196,-0.8052,-0.6532,-0.8541,3.8799,0.5614,-0.935,4.7951,5.2803,6.847,0.4992,0.3012,-0.3803,-0.4271,7.8317,-0.9443,0.427,-0.767,0.3706,0.3457,-0.4006,0.2607,-0.3009,0.2162,-1.4665,0.2251,0.2206,-0.3409,0.0171,-0.4506,-1.0441,0.0406,-0.0751,-0.0332,0.1027,-0.0861,0.399,0.4299,0.4807,0.4677,-0.0493,-0.3752,0.0149,0.0458,0.2244,0.0059,-0.2305
639,5699,108,6,cycling,6.0,108.0,5699.0,2.0,108.0,0.0169,-0.7391,0.0079,-0.0325,-0.0416,-0.0741,0.0511,1.5837,-0.0872,-0.1089,-0.506,-0.1406,-0.4254,1.1546,-0.1857,-0.172,-0.0961,-0.2748,-0.5157,0.3055,0.1297,-0.1374,-0.2692,-0.2277,-0.3125,0.3465,-0.1947,-0.3884,-0.4435,0.2985,-0.3936,0.2373,-0.0009,0.2853,0.2488,0.0508,0.6691,-1.7064,-0.0215,-0.4568,3.494,0.1198,0.0441,-0.1011,-1.3382,0.1505,0.1103,0.1304,-0.3214,-1.9876,2.6786,0.7578,-0.2307,-0.598,-0.3015,0.2809,-0.1004,0.4321,0.9327,4.8311,-0.959,0.6311,0.3408,-0.4017,0.8731,0.3451,5.5216,-0.0662,0.5475,-0.5165,0.3003,-0.9445,-0.3803,-0.623,-0.9624,-1.2252,-0.0806,0.422,-0.1124,0.5145,-1.5751,0.0068,0.4679,0.2167,0.0443,0.4757,-0.4297,-0.016,0.4507,0.4002,0.2605,-0.0656,0.0755,0.5004,-0.0708,-0.4809,-0.0653,-0.3757,0.4709,-0.2202,-0.4687,-0.3503,0.0447
640,5700,108,6,cycling,6.0,108.0,5700.0,2.0,108.0,0.0614,-0.714,0.0866,0.0913,0.034,0.0145,0.0742,1.251,-0.059,0.0438,-0.4303,-0.1291,0.1572,1.3396,0.2769,0.166,0.2378,-0.2897,-1.2489,0.5164,0.1836,-0.3137,0.2959,-0.3788,-0.1786,-0.3075,-0.2058,-0.4843,-0.4962,-0.3581,-0.4746,0.1154,0.2632,-0.2219,0.025,0.1308,-0.2209,-1.4463,0.5587,0.3467,2.7068,0.6492,-0.6539,-0.0505,-0.8021,-1.847,0.0387,0.1505,0.0755,-1.8531,3.7499,0.565,-0.2803,-0.7973,-0.2166,-0.1108,0.1004,0.5328,-0.522,4.8319,-0.9561,-0.1121,0.1194,-0.7741,5.1015,0.9882,-0.3705,-0.3457,0.2608,-0.3505,-1.3004,-0.9439,-0.0005,-0.3402,0.9323,0.768,-0.3751,0.4018,-0.3011,-0.3604,-1.4403,-0.3991,0.4004,0.4509,-0.3206,-0.4759,0.3648,0.0544,-0.0171,0.0865,-0.2509,0.4682,-0.0806,-0.0962,0.0408,0.0159,-0.3803,-0.4705,-0.6002,0.5002,-0.4803,-0.2257,-0.0117
641,5701,108,6,cycling,6.0,108.0,5701.0,2.0,108.0,0.0596,0.137,-0.1402,0.0697,-0.0886,0.0785,0.1066,1.5537,-0.0325,-0.1149,-0.8139,0.0943,-0.1665,0.4256,0.1582,0.0077,0.2278,0.2032,-0.2326,-0.1288,-0.286,0.1867,0.3168,0.2474,0.1758,-0.0433,-0.2989,-0.384,-0.2784,-0.1944,-0.0509,0.3075,0.7136,-0.3679,0.3431,0.4798,-0.3946,-0.545,-0.5199,0.1191,-0.4542,0.6963,-0.6495,-0.1121,-1.6851,0.4841,-0.3552,-0.0006,-0.0662,-1.5972,-0.568,0.8721,2.3013,-0.5399,-0.1108,-0.3001,-0.2804,0.0756,-0.7633,0.9499,3.8312,-0.3709,-0.0804,-0.628,4.3998,0.7317,-0.2205,-0.4015,-0.3456,-0.9045,5.9443,7.3807,1.1015,-0.4674,-0.7382,-0.2605,-1.3759,-0.93,-0.1003,0.4292,-1.2507,0.0704,-0.2166,0.1306,0.1508,-0.0992,-0.3609,0.4758,0.0571,0.2243,-0.2259,-0.5754,0.5143,-0.4504,-0.4991,-0.427,-0.3123,-0.3507,0.4004,-0.5001,-0.0759,-0.3205,-0.0892
642,5702,108,6,cycling,6.0,108.0,5702.0,2.0,108.0,0.0568,-0.7406,0.0082,0.0159,0.0619,0.0313,-0.1115,1.3962,-0.0773,-0.0842,-1.2095,-0.0902,-0.2789,0.8348,0.104,-0.2854,-0.1736,-0.1245,0.2958,0.2638,-0.0466,-0.1857,-0.2425,0.146,-0.3347,-0.1663,0.3072,0.3131,-0.5077,-0.2349,0.3578,-0.414,0.4675,-0.2221,0.3788,0.0609,-0.0509,-0.6469,0.1011,0.5565,-0.4493,-0.3486,-0.1192,0.0807,-1.7085,-0.1121,0.1305,-0.0472,0.489,-1.9984,-0.328,0.6791,-0.1102,-0.5301,0.7976,-0.567,0.9896,2.5216,-0.8315,-0.435,3.1504,0.0009,-0.9731,4.4992,1.2803,0.8741,-1.416,0.3508,-0.9428,0.7464,5.1006,1.3997,0.3005,-0.3754,0.0209,-0.2251,0.0239,-0.3015,-0.0163,-0.0181,0.3457,-0.0257,0.0792,0.2169,0.2206,-0.3705,0.0825,0.0408,0.2246,-0.0117,0.0476,0.3409,0.0455,-0.0471,-0.0151,-0.3203,0.2303,0.0658,-0.0973,-0.001,-0.0448,0.0001,-0.01
643,5703,108,6,cycling,6.0,108.0,5703.0,2.0,108.0,0.0825,0.2702,-0.0906,-0.0585,0.0072,0.1057,0.0797,1.4849,-0.1665,-0.0143,-0.7447,-0.1369,0.1542,1.4348,-0.3141,0.1763,0.2924,-0.1859,-0.1236,-0.2858,0.2698,-0.0499,-0.3589,0.2346,0.229,-0.2041,0.1173,-0.1455,0.1947,0.3053,-0.0375,0.3354,0.1009,0.1191,0.0008,-0.4084,-0.1309,-0.3962,0.1503,0.375,0.6096,0.4466,0.4586,-0.1011,-1.5634,-0.3876,-0.2604,0.1129,0.2807,-1.7768,0.6764,0.8832,0.7895,-0.3456,-0.0804,0.3004,-0.0506,0.0642,3.3403,2.7081,0.7974,-0.8021,0.9419,4.6641,0.8727,-0.5276,-0.3993,0.3704,0.5225,0.8225,0.9324,1.3502,0.3013,0.83,-0.2305,0.5754,-0.4018,0.0662,-0.2167,-0.4006,0.1106,-1.6554,-0.0961,0.001,-0.3806,0.3756,-0.2502,0.0831,-0.2257,0.2208,0.4298,-0.5002,0.2246,-0.5502,0.4995,0.3604,-0.3208,0.4502,-0.0151,-0.1313,-0.1392,0.1491,-0.1409
644,5704,108,6,cycling,6.0,108.0,5704.0,2.0,108.0,0.085,-0.1483,0.0785,-0.1236,-0.0594,-0.0323,0.0169,1.3973,-0.0077,0.109,-0.4884,-0.0213,0.0618,1.2697,-0.2489,0.3277,0.3328,0.1759,-0.116,-0.0922,0.3746,0.799,-0.2066,-0.1688,0.2532,-0.2757,0.1942,-0.047,-0.1531,-0.358,0.2951,0.4475,-0.8776,0.3063,0.4194,0.3898,0.0506,-1.9554,0.5886,-0.3479,-1.6878,0.6561,0.6487,-0.5547,-1.4554,0.1108,0.0373,0.6749,0.4043,-1.623,0.1305,2.9621,0.1008,0.1011,0.1506,0.3454,-0.0009,-0.5699,3.7422,4.938,5.956,-0.534,-0.8224,6.5644,-1.2605,0.766,2.526,-0.3013,0.2209,0.4295,1.4005,2.3709,0.9552,-0.2808,-0.5443,-0.0804,0.3997,-0.0663,-0.3757,-0.1126,-0.414,0.2302,0.2164,0.4016,-0.3408,0.2251,0.3003,0.0653,-0.1194,-0.3504,0.2508,0.4991,-0.3641,-0.5005,0.6002,-0.4805,-0.0755,0.3807,-0.722,0.4408,0.4507,0.0656,0.5754
645,5705,108,6,cycling,6.0,108.0,5705.0,2.0,108.0,-0.0037,-0.5969,0.0145,0.0946,-0.0874,-0.1214,0.0772,1.4356,-0.0691,0.056,-0.6681,-0.171,-0.2596,1.3324,-0.1178,0.3255,0.1668,0.2957,0.132,0.3099,-0.3428,-0.2782,0.0465,-0.227,0.1597,0.234,-0.1842,0.1921,0.0375,-0.1307,-0.0219,-0.1191,0.0506,-0.1008,-0.1106,-0.0473,0.2688,-1.9552,0.4836,0.5586,2.5849,0.795,0.3598,0.0806,-1.568,0.1012,-0.4741,0.4485,0.3212,-1.3984,-0.3876,0.7364,-0.7783,-0.6763,-0.9543,-0.2808,0.3019,0.5464,3.9431,4.9027,-0.3993,-0.0485,0.3005,-0.8907,-0.525,-0.937,-0.877,-0.3705,0.2251,5.4187,-0.1126,-0.4007,-0.1508,-0.0662,-0.4294,-0.5328,-0.2169,-0.0808,-0.2302,-0.4012,0.4409,-0.2205,-0.0009,0.3458,0.0663,-0.4646,0.07,0.1262,0.2609,-0.0453,0.0066,0.0063,-0.2505,-0.0971,-0.0161,0.0794,-0.3503,0.1027,-0.0002,0.0957,-0.2244,-0.3408,-0.0448
646,5706,108,6,cycling,6.0,108.0,5706.0,2.0,108.0,0.0114,-0.2972,0.0468,0.0045,0.0569,-0.0765,0.061,1.4088,-0.1256,-0.0913,-0.4187,-0.0891,0.2483,0.5533,0.172,0.1181,-0.2349,0.2715,0.397,-0.1857,0.3873,-0.1603,-0.2553,-0.1946,-0.3137,0.3099,-0.2261,0.7178,0.5944,-0.4748,-0.2832,0.025,-0.2698,-0.0508,-0.1199,-0.0003,0.2208,-0.3686,-0.5884,0.3575,-1.798,-0.6693,0.676,0.1102,-1.6477,-0.0388,0.1003,0.3496,-0.6321,-1.3731,-0.7675,3.7426,0.9726,0.3018,0.0447,-0.5416,0.1015,-0.8941,2.8701,4.7843,0.3457,-0.4224,-0.904,6.8569,5.0277,0.8193,-2.9562,0.2805,0.1503,1.94,0.3703,1.3806,-1.4005,0.3997,-0.3009,-0.4242,-0.8343,-0.2309,-0.2162,-0.3409,0.6554,-0.1121,0.4015,-0.3508,0.0286,-0.4753,-0.5001,0.0804,0.3754,-0.0453,-0.1303,0.0409,-0.5212,-0.3642,-0.0456,0.2602,-0.056,0.4294,-0.4506,-0.3609,0.2242,0.4673,0.0825
647,5707,108,6,cycling,6.0,108.0,5707.0,2.0,108.0,0.0164,-0.7306,0.0626,-0.0088,-0.0563,0.0416,0.1445,1.4865,-0.1349,-0.0772,-0.6946,-0.1086,0.174,1.3265,-0.0823,-0.0944,-0.1255,-0.1582,0.2954,-0.1183,0.2219,-0.2597,-0.2474,-0.2896,0.3077,-0.2703,0.028,0.365,-0.4277,-0.1198,-0.1856,-0.602,0.3773,0.3466,-0.1309,-0.1011,-0.3347,-1.9867,-0.5878,-0.3885,0.3581,0.7041,-0.2203,-0.5792,-1.3987,-0.1008,-0.326,-0.1129,0.1508,0.6843,-1.8475,2.8961,-0.5953,0.628,0.0491,-0.0507,-0.2257,-0.7931,3.9994,0.3755,-0.0247,-0.2167,-0.2808,5.766,6.3452,4.9521,0.7175,0.3804,0.4013,1.419,1.4225,-0.4165,-0.3015,0.417,-0.5015,-0.2604,0.0003,-0.2508,-0.0193,0.3402,-1.3008,0.0803,0.1106,-0.0551,-0.0441,-0.4408,0.0658,-0.4296,-0.3642,0.0472,0.0476,-0.0195,0.2308,0.3209,-0.3709,0.3505,0.3606,0.0661,0.4806,-0.0542,-0.0543,0.4002,0.0222
648,5708,108,6,cycling,6.0,108.0,5708.0,2.0,108.0,0.0561,-0.7173,0.0078,0.061,-0.0113,0.1211,-0.1763,1.5839,-0.0846,0.0375,-0.4884,-0.0925,-0.2483,1.206,-0.0468,-0.023,-0.2633,0.1614,-0.1536,0.2389,0.0742,-0.1009,-0.327,-0.2769,0.229,0.1847,0.1957,-0.0508,-0.2896,-0.417,-0.3882,-0.4421,-0.5062,0.2954,0.3572,-0.3794,-0.4971,-1.9892,-0.4074,-0.6797,2.6465,0.3495,-0.1103,0.0009,-1.5586,-0.3224,-0.1198,-0.4577,-0.6699,-1.438,-0.8893,3.7053,-0.7931,-0.5617,0.7636,-0.2803,0.1504,0.0441,-0.3003,4.6105,0.8541,-0.8716,-0.7326,5.5981,1.5695,-0.8657,6.2162,0.3757,0.1122,-0.3454,-0.3503,-1.1306,0.4256,-0.3805,-0.3012,-0.3992,1.7169,-0.3403,0.0663,0.4671,-1.4402,-0.1015,-0.0174,0.3603,0.0658,0.0409,-0.2208,0.0476,0.0455,0.0456,0.0806,0.0723,0.01,-0.0453,-0.0947,-0.4017,0.0552,0.4002,-0.0059,0.2303,0.429,0.0373,0.2609
649,5709,108,6,cycling,6.0,108.0,5709.0,2.0,108.0,0.1167,-0.1397,0.0065,-0.0594,-0.0179,0.1063,0.0775,1.3347,-0.0866,-0.0922,-0.4946,-0.1289,-0.1704,1.317,0.1582,-0.0626,0.146,-0.2388,-0.4194,0.0345,0.207,0.1944,0.3062,0.3948,0.2458,-0.028,-0.289,-0.2983,0.1832,0.4055,-0.1643,0.2768,0.3886,0.2585,0.3572,0.9659,-0.0006,-1.3681,0.3492,0.8986,-0.7143,0.7793,0.1124,-0.1192,-1.5054,0.1303,0.2209,0.1006,-0.0804,-1.5964,-0.2607,2.9857,-0.1503,0.1105,0.3776,-0.0503,0.1014,0.7852,0.9699,-0.8411,3.3998,-0.3014,-0.3002,-0.4236,4.6956,5.4295,0.0658,0.5321,0.0266,-0.8731,1.9541,-0.7423,1.4214,0.3405,-0.3757,0.3506,0.3802,-0.2254,0.0453,-0.2243,0.4991,-0.3458,-0.2167,0.2303,0.0059,0.5757,-0.4017,-0.0409,0.0973,0.01,0.3209,0.4803,0.4679,0.0759,0.4758,-0.2805,-0.3125,0.0443,0.2504,0.4006,0.3649,-0.3604,-0.3708
650,5710,108,6,cycling,6.0,108.0,5710.0,2.0,108.0,0.0017,-0.3313,0.0465,0.0542,0.0168,0.0843,0.0914,1.3769,-0.1206,0.0215,-0.4727,-0.0746,-0.2326,1.1864,-0.034,-0.1632,-0.1962,-0.1172,0.2598,0.3536,0.2858,0.2449,-0.327,-0.2297,0.4127,-0.3099,0.7164,-0.9659,0.5165,-0.2984,-0.8333,0.2095,-0.3463,0.1502,-0.3886,-0.1002,-0.446,-1.7589,-0.5566,-0.3959,2.4831,-0.4583,0.0509,-0.0961,-1.7921,0.5054,-0.1013,-0.0004,-0.1309,-1.907,0.748,3.8567,-0.1127,-0.5214,-0.5625,0.8896,0.0656,-0.5375,-0.7782,5.7891,4.736,-0.1108,0.1195,-0.931,-0.3991,7.8741,6.3015,-1.7625,0.9417,-0.4296,-0.2163,1.3804,-0.2809,-0.3757,0.3703,0.8383,1.4277,-0.0807,-0.0065,-0.3003,-1.4003,-0.1281,-0.2505,-0.2203,0.4681,0.4013,0.3609,-0.4672,-0.5009,0.0872,-0.3508,0.4756,-0.3205,-0.3457,0.2254,-0.1792,0.4303,0.3402,-0.2243,0.5754,-0.4222,0.0409,-0.1771
651,5711,108,6,cycling,6.0,108.0,5711.0,2.0,108.0,0.1256,-0.5869,0.0782,-0.0979,-0.0064,0.0523,0.1475,1.3562,-0.0165,-0.1374,-0.427,-0.1636,0.2443,1.2548,0.089,0.1078,0.172,-0.1597,0.1851,-0.023,0.2696,0.5015,-0.719,0.3872,-0.318,0.227,-0.1937,-0.4499,-0.3342,0.036,-0.2786,-0.2959,0.3968,0.4561,0.4092,-0.4955,0.465,-1.8191,0.068,0.2898,-0.6681,0.3477,-0.0009,0.0439,-1.4788,-0.1102,-0.0257,-0.0506,-0.1303,-1.8711,-0.0807,-0.6776,0.0277,0.0658,-0.8941,-0.3457,-0.0443,-0.2807,0.6316,0.8421,0.9532,-0.1009,0.1192,2.535,3.5131,4.1012,-0.5216,0.8344,0.547,5.5757,6.8519,7.9431,-0.7364,-0.4003,-0.3706,0.5223,0.3808,0.3005,0.4671,0.1509,-1.4016,0.0442,-0.0981,-0.3505,0.2606,-0.9328,0.4995,-0.2506,0.2161,0.2253,0.2303,0.3646,0.3206,0.3753,0.2208,0.4189,-0.2241,0.0456,0.3408,-0.4687,-0.1129,0.0685,-0.4402
652,5712,108,6,cycling,6.0,108.0,5712.0,2.0,108.0,0.0042,-0.714,0.0168,0.0417,-0.0511,-0.0772,0.0962,1.354,-0.068,0.151,-0.5122,-0.0874,-0.2555,1.3168,0.162,0.2746,0.3718,-0.3088,-0.2987,0.1379,0.3328,0.2697,-0.1902,-0.839,0.457,-0.1403,0.2443,-0.3896,0.427,-0.3461,0.229,-0.3963,0.2369,-0.1109,-0.1003,-0.3682,-0.4721,-1.6684,0.6054,-0.7585,-0.7748,0.4431,0.3213,0.0809,-1.5949,0.0008,0.0503,0.1017,-0.6783,-1.6465,-0.7851,2.585,0.1196,-0.1309,-0.2209,0.2603,0.3459,-0.9856,3.7699,0.8617,0.3506,-0.1124,-0.5211,4.8973,5.3008,6.5249,7.8343,-0.301,-0.9325,-0.9424,-0.9501,1.5143,-0.3756,0.2164,-0.2806,-0.3995,-0.5325,0.4297,-0.4016,0.0941,-0.4806,-0.0456,-0.3606,-0.3209,0.4674,-0.5277,0.4689,0.3409,0.0663,0.2259,0.0409,0.5001,0.0571,-0.1502,0.2306,0.4002,-0.0661,-0.2504,0.085,-0.0549,0.1027,-0.2246,0.3702
653,5713,108,6,cycling,6.0,108.0,5713.0,2.0,108.0,0.0714,-0.6086,0.0168,0.1147,0.0039,0.0905,0.104,1.1258,-0.0842,-0.0698,-1.3232,-0.1516,0.7141,0.5143,-0.2485,0.0466,0.1736,-0.427,0.8778,-0.2023,0.2956,0.2697,-0.4943,0.288,0.3746,0.2769,-0.3525,0.2265,0.1903,-0.307,-0.3884,0.9773,0.485,-0.4433,0.1853,-0.4588,-0.649,-0.3481,0.5941,0.0505,-0.7774,-0.8976,0.1126,-0.1015,-1.7975,0.0803,-0.1307,-0.026,-0.0007,-1.5554,0.01,-0.3018,-0.7867,-0.3456,-0.6321,-0.2257,-0.9932,3.1102,2.0286,4.628,0.1503,0.3008,0.8731,0.525,-0.9416,-0.3404,5.4017,1.8217,0.3802,-0.9634,-0.7224,-0.2164,0.3754,0.1005,-0.9313,0.3703,0.4678,0.1192,0.2241,0.2309,-1.3505,-0.2602,-0.2202,0.2809,-0.4294,-0.4687,0.4005,0.3993,-0.0441,-0.0755,0.07,0.0091,-0.4503,0.0195,-0.0658,-0.7311,0.4991,0.4402,-0.837,0.3208,-0.5002,0.4754,-0.0063
654,5714,108,6,cycling,6.0,108.0,5714.0,2.0,108.0,-0.0745,-0.7298,0.0585,0.0943,-0.0868,0.0375,0.0196,1.4369,-0.067,0.0066,-0.4795,0.0469,0.1155,0.2678,-0.121,-0.1559,-0.1724,-0.3313,-0.2373,-0.2962,-0.2041,0.1665,0.2827,0.5013,0.3074,-0.3113,-0.2597,-0.228,-0.1953,-0.1867,0.3731,0.4083,0.8986,0.3876,-0.4935,-0.4889,0.4463,-1.8836,0.6081,-0.6492,2.4634,-0.9236,-0.1102,0.1017,-1.5893,-0.0224,0.5077,-0.1009,0.0506,-1.7972,-0.3984,3.9942,-0.2202,-0.9432,-0.9861,-0.5421,0.0671,-0.5636,-0.8715,4.5211,-1.862,0.3804,0.4016,-0.2167,5.0007,0.7447,6.3508,-0.825,-0.3991,0.3454,-0.4256,7.1309,-0.3706,0.9028,-0.5647,-0.3014,-0.1509,-0.3407,-0.2806,-0.1194,-1.2603,-0.3008,-0.0803,0.0972,-0.0551,-0.5754,0.015,-0.4503,0.0812,-0.0473,0.1391,0.139,-0.1122,-0.0163,-0.0936,-0.2505,0.4805,-0.4296,0.2241,0.4672,0.0025,-0.4408,-0.3608
655,5715,108,6,cycling,6.0,108.0,5715.0,2.0,108.0,0.0511,-0.5206,0.0182,0.0033,0.0694,0.0943,0.0898,1.3146,-0.0774,-0.0461,-0.4303,-0.1344,0.2075,1.2655,0.2756,0.144,0.2459,-0.2366,-0.1941,-0.125,0.2558,0.0216,-0.3572,0.2296,-0.1746,-0.2892,0.1852,0.3639,0.1049,0.2985,-0.1509,0.033,0.3465,0.1197,-0.1008,-0.0804,0.1307,-0.5421,0.4542,0.3224,-1.388,0.6789,-0.6078,0.0007,-1.6968,0.1015,0.0504,0.1122,-0.7953,-1.8764,2.1105,0.7399,3.4791,0.7071,-0.4886,0.3795,-0.2804,-0.4014,5.9788,4.7793,0.2166,-0.3017,-0.3508,6.3002,-0.9027,-0.8431,-0.622,0.2608,0.3642,-0.4008,-0.3406,-0.6345,1.4286,0.0209,-0.5443,-0.3806,0.832,-0.2307,0.2252,0.3454,0.7615,-1.0753,0.2244,-0.3708,-0.4403,0.5757,-0.4674,0.2504,0.3608,-0.0165,0.4684,-0.2206,0.4293,-0.3997,-0.499,0.3207,-0.6557,0.6006,-0.099,-0.0448,0.3758,-0.1225,-0.0181
656,5716,108,6,cycling,6.0,108.0,5716.0,2.0,108.0,-0.0114,-0.4165,0.06,-0.0868,0.0425,0.0543,0.0958,1.3177,-0.1086,-0.1389,-0.649,-0.1249,0.034,1.1719,-0.1154,-0.078,0.514,0.2274,-0.2827,0.1547,-0.3396,-0.1865,-0.2048,-0.2624,-0.365,-0.356,0.2366,-0.3882,-0.7447,-0.9659,-1.3491,-0.8842,-0.7961,0.3099,-0.4537,-0.5967,0.7821,-0.3985,0.2969,-0.4498,3.465,-0.0225,-0.0007,-0.0809,-1.847,-0.0506,0.1127,-0.1018,0.7541,-1.325,2.7794,0.1306,-0.5375,-0.1106,0.3454,0.5572,0.1505,0.7631,4.6375,5.7301,0.3403,-0.566,-0.9562,-0.2807,6.9726,0.5215,-0.9375,0.0658,-0.2165,-0.8712,-2.1193,-0.836,-0.3751,0.2308,-0.4674,-0.4296,-0.0756,-0.3012,0.0981,-0.3642,-1.5751,0.1008,0.0443,-0.2508,-0.089,-0.2603,-0.2259,-0.0999,-0.0013,0.0913,-0.0942,0.0171,0.0476,0.2203,-0.3606,-0.2241,0.3804,0.4502,0.3709,-0.4804,0.4004,0.0142,0.0592
657,5717,108,6,cycling,6.0,108.0,5717.0,2.0,108.0,0.0975,-0.6512,0.0516,-0.1408,0.0072,-0.1558,0.1183,1.5563,-0.048,-0.065,-0.5157,0.0146,0.1347,0.739,-0.036,0.1033,0.0745,-0.2936,-0.2389,0.3156,-0.1835,-0.2874,0.4237,-0.2724,0.3499,-0.4068,-0.0215,0.3782,-0.1961,-0.2688,-0.2221,0.4841,-0.2056,-0.4969,0.3954,-0.2542,-0.6698,-1.7738,0.7085,-0.9451,-0.8193,-0.4486,0.4364,-0.0007,-1.533,0.0257,-0.1014,-0.0506,0.0656,-1.5976,0.2169,-0.7891,-0.0663,0.3018,0.326,-0.1306,-0.0804,-0.8767,-0.5211,2.7931,-0.9745,0.1509,-0.1002,-0.5109,3.9326,5.8469,4.0239,-0.959,0.1109,0.4292,-0.6214,6.4995,-0.0998,-0.9675,-0.9475,-0.7326,0.2257,-0.3453,0.2506,-1.3757,-0.0646,-0.1196,0.1126,-0.0551,0.4671,0.4681,-0.0209,0.3706,-0.3007,-0.2309,-0.2205,0.3408,0.2808,0.4757,0.3647,-0.4804,-0.3808,0.4509,-0.416,0.3504,0.4252,0.0453,-0.2607
658,5718,108,6,cycling,6.0,108.0,5718.0,2.0,108.0,-0.0581,0.3569,-0.0079,-0.0897,-0.1246,0.0325,0.0415,1.3772,-0.0791,-0.021,-0.4165,-0.0973,0.177,1.384,-0.1953,0.1675,0.0143,0.2332,-0.0699,-0.2234,-0.146,-0.1185,0.1347,0.262,-0.0508,0.2742,0.3125,-0.2868,-0.3066,-0.2495,-0.3971,0.4936,-0.5275,-0.72,-0.2976,-0.3384,-0.9708,-1.6765,-0.8831,0.8078,-0.5864,-0.5041,0.0003,-0.0806,-1.4894,0.4562,-0.1198,-0.2208,-0.4498,-1.7796,2.8716,0.5521,0.1002,-0.8963,-0.9066,-0.1017,0.1509,0.5961,-0.8212,4.564,0.7464,0.5427,0.3003,5.8319,3.5116,6.0289,-0.865,-0.3013,-0.1106,1.9666,-0.4994,-0.7999,-0.3807,-0.2805,-0.3992,0.4002,0.0756,-0.1309,0.3404,0.4298,-1.4013,-0.0473,-0.3705,-0.3458,-0.3609,0.4405,0.1124,0.0755,0.3206,-0.523,0.2305,0.2167,0.2505,-0.4804,0.3506,0.2607,0.4709,0.4683,0.0974,-0.0542,0.3757,-0.3648,0.0925
659,5719,108,6,cycling,6.0,108.0,5719.0,2.0,108.0,0.0961,-0.5143,0.0088,0.1259,0.1668,-0.0764,-0.0375,1.3236,-0.059,-0.016,-0.9141,-0.0434,-0.1372,1.4082,0.1042,-0.2349,0.1786,0.2915,0.3398,0.0694,-0.2548,0.2296,0.0847,0.1858,0.2774,0.1456,0.1146,0.2439,-0.4237,-0.7291,-0.2099,0.2835,-0.2654,0.3078,0.1191,0.1008,0.3691,2.3765,0.0212,0.5063,0.6632,0.7944,0.5595,-0.0003,-1.4345,-0.1309,0.3892,-0.1015,0.2119,-1.7769,0.6771,0.838,-0.1503,0.2163,0.3008,-0.0809,0.1121,-0.1103,0.7312,0.8541,4.877,-0.5321,0.3808,3.8906,5.9731,-0.3407,-1.845,0.2258,-0.2607,0.0442,0.0458,0.523,-0.3507,0.4677,0.4005,-0.622,-0.0507,0.768,-0.3015,0.3457,-1.5009,-0.2206,0.3643,0.4298,0.2806,0.6553,0.0252,-0.3705,0.0456,0.0755,-0.3751,0.499,0.3603,0.2504,-0.4703,0.0455,-0.3441,-0.2304,0.0525,-0.0781,0.0448,0.0947,-0.0266
660,5720,108,6,cycling,6.0,108.0,5720.0,2.0,108.0,0.0944,0.6682,-0.0546,0.069,0.0065,0.0145,0.0219,1.4223,-0.0825,0.0764,-0.8181,-0.1279,-0.1824,0.486,-0.1462,-0.1169,0.1374,0.045,-0.2854,0.2655,0.1639,-0.0323,-0.1551,-0.1041,-0.2271,-0.3137,0.3775,-0.2789,-0.4068,-0.5014,0.493,-0.3672,-0.1788,-0.3584,0.3881,-0.9444,-0.727,-1.9947,0.3334,-0.2963,2.5886,-0.7096,0.438,0.5953,-1.8732,0.7742,0.7867,0.5611,0.5215,-1.1006,-0.7631,3.8521,0.955,0.974,-0.3456,0.0447,0.1192,0.0505,-0.0456,-0.9894,4.836,0.4012,-0.3408,-1.1122,-0.736,1.9311,5.4299,0.2608,-0.1015,-0.0004,-0.3013,-0.1106,1.4992,0.3642,-0.5165,0.2169,-0.0755,-0.3002,-0.3503,0.4003,-1.4408,-0.0653,0.2258,-0.0804,0.2805,-0.3802,0.5497,0.3706,-0.2306,0.1306,0.2244,0.5005,-0.4805,-0.4684,-0.2508,0.0453,-0.3605,-0.2204,0.1502,-0.3997,-0.0017,0.5757,-0.4507
661,5721,108,6,cycling,6.0,108.0,5721.0,2.0,108.0,0.1096,-0.4396,0.0065,-0.1205,0.0694,0.0885,0.0922,1.3717,-0.0415,0.0764,-0.8356,0.0186,-0.3103,0.4082,0.1143,0.1636,0.3068,0.1469,0.207,-0.1359,-0.2389,0.2763,-0.2925,0.2692,-0.2824,0.1852,-0.3341,-0.035,0.4572,0.346,-0.5373,-0.3874,-0.1949,-0.1107,-0.3544,-0.4799,0.4866,-1.7762,0.5895,-0.5431,-0.3953,0.7961,-0.5546,-0.0505,-1.9795,0.1504,0.1017,0.0003,-0.021,-1.6793,0.1303,2.9075,0.5611,0.8883,0.1198,-0.1009,0.8042,-0.7887,-0.3018,-0.731,4.847,0.9897,0.0449,3.3456,1.7632,-0.5276,-0.4012,-0.0443,0.3998,-0.8192,1.427,0.7169,0.4265,-0.2604,-0.3805,0.4003,0.0755,-0.1121,0.0646,0.3751,-1.5757,-0.2209,0.0708,-0.3509,-0.3009,-0.3607,-0.6551,0.0107,-0.0871,-0.0781,0.2305,-0.4406,0.0806,0.2505,-0.4757,0.429,-0.2251,0.4809,-0.4223,-0.3704,0.4674,0.4703,0.4991
662,5722,108,6,cycling,6.0,108.0,5722.0,2.0,108.0,0.0719,0.5864,-0.0514,-0.0166,0.0946,0.067,-0.0849,1.5145,-0.1342,0.0077,-1.1204,-0.1686,-0.175,0.5569,-0.2347,0.2736,-0.4187,0.1852,0.7294,-0.3343,-0.3578,-0.406,-0.1579,-0.0345,-0.2581,-0.2951,0.2638,-0.1061,0.3063,-0.2448,-0.1172,0.3282,0.9552,-0.1018,0.023,-0.2056,0.3496,-1.6521,0.1193,-0.2892,2.7437,0.6788,-0.1307,0.0508,-1.7584,-0.1121,0.1508,0.5968,0.0806,-1.9982,0.3973,4.9562,-0.5431,0.5344,-0.9897,-0.3457,-0.3225,-0.1005,0.904,3.8971,-0.8093,0.099,-0.3407,0.0756,-0.8541,0.832,6.7627,0.4677,-0.2252,1.8716,-0.3015,5.0005,0.429,-0.2807,-0.3709,-0.0755,-1.94,-0.2303,0.2209,0.2165,-1.3809,0.3647,-0.2608,-0.3505,-0.0794,0.5503,-0.2502,-0.3001,-0.1107,-0.3604,0.3441,0.0498,-0.0453,0.4502,-0.5003,-0.4008,-0.6554,0.3994,-0.5754,0.4702,-0.3751,-0.3208,-0.4402
663,5723,108,6,cycling,6.0,108.0,5723.0,2.0,108.0,-0.1234,0.64,-0.0328,-0.1172,-0.065,0.0548,-0.0917,1.3563,-0.0102,0.0897,-0.582,-0.1061,0.1433,1.2655,-0.1368,0.2459,0.1688,0.1936,0.2975,-0.2553,-0.3232,-0.3099,-0.0431,-0.0741,-0.1851,0.1009,0.5131,-0.4166,-0.4047,-0.2789,-0.1584,-0.4495,-0.7169,-0.0508,0.377,0.3839,0.2277,-1.6791,-0.1503,0.696,0.4979,0.5411,-0.0447,-0.0809,-1.468,0.4596,0.6594,0.1193,-0.1015,-1.7423,-0.5623,0.7632,0.6686,0.8743,0.1126,0.5214,-0.1103,-0.4214,4.8321,2.4016,3.8273,0.3013,0.3803,-0.7825,5.8569,-0.9027,-1.8219,-0.1305,-0.9871,1.0009,1.738,6.3002,0.3758,0.3456,-0.9328,-0.3995,-0.6225,-0.2205,0.2503,-0.4991,-1.5002,0.2307,0.3508,0.0409,0.0231,0.3704,0.4753,-0.3408,-0.2808,0.3644,0.2605,0.4709,0.5757,0.5143,0.5504,0.2241,-0.4404,-0.3604,-0.4009,-0.4504,0.4277,0.0451,0.4298
664,5724,108,6,cycling,6.0,108.0,5724.0,2.0,108.0,0.1082,-0.7407,0.0515,0.1203,0.0186,0.1392,0.0475,1.3677,-0.0789,0.0079,-0.4488,-0.065,0.2327,0.9807,-0.1156,-0.0974,-0.1725,-0.2268,0.1642,-0.1946,0.2637,0.1459,-0.2058,-0.0898,0.1869,0.3581,0.2983,-0.4194,-0.3131,0.3047,0.286,0.4043,0.4839,-0.0219,-0.348,-0.0509,-0.4584,-1.839,-0.1122,-0.3341,2.6721,0.5648,0.1509,0.1192,-1.9976,0.0807,-0.2162,0.1018,-0.5465,-1.6497,-0.0008,3.7861,-0.1109,0.7055,0.3887,0.3002,-0.4966,4.8517,5.9532,6.0289,-0.3504,0.3403,0.9427,0.6316,7.721,8.9319,0.4012,-0.7315,-0.3709,-1.536,-0.628,1.9631,0.3012,-0.4002,0.3994,0.4294,-0.5215,0.2209,0.2252,-0.4674,0.2809,-1.2509,0.3452,0.3647,-0.4681,-0.6552,0.4808,0.3804,0.3606,0.1004,0.1309,0.3251,-0.2302,0.2604,0.4404,-0.3205,-0.5753,-0.4502,-0.3443,0.3753,-0.0103,-0.9021,-0.0591
665,5725,108,6,cycling,6.0,108.0,5725.0,2.0,108.0,0.1375,0.6964,-0.0108,0.0763,0.0088,0.0514,0.0922,1.5096,-0.1142,0.0329,-0.417,-0.067,0.1082,1.3866,-0.0412,0.1655,-0.5648,-0.2474,-0.2389,0.2849,-0.1715,-0.188,-0.2041,-0.2637,0.1948,0.3143,0.2772,0.7233,-0.9443,-0.4076,-0.3521,-0.3944,0.3079,0.4567,-0.346,-0.0214,-0.1108,-0.5868,-0.431,-0.4765,2.3386,0.9859,0.1126,-0.0209,-0.738,-1.7731,-0.0506,0.0803,-0.1307,-1.3632,-0.468,-0.5328,0.2807,0.9799,0.0409,-0.2604,0.1008,0.2208,-0.7862,3.9554,0.8569,-0.2304,0.101,-0.568,-0.2163,-0.4015,0.3997,0.0008,0.1194,0.1506,0.8711,4.5211,-0.834,-0.2254,-0.9445,0.8425,-0.0709,0.9066,-0.3803,-0.3758,-1.3403,0.1291,0.0193,-0.3508,0.4006,0.6556,0.4298,0.0656,-0.0755,0.2508,0.0092,-0.3454,0.0647,-0.3003,-0.4758,-0.3209,-0.3609,0.4805,0.3015,-0.4672,-0.4506,-0.3702,-0.0515
666,5726,108,6,cycling,6.0,108.0,5726.0,2.0,108.0,-0.0108,-0.6898,0.0088,0.0713,-0.036,-0.0425,-0.0915,1.2348,-0.026,0.0585,-0.582,-0.0507,-0.1406,1.337,0.1063,0.1217,-0.2459,0.5263,0.4355,0.3139,0.2274,-0.1646,0.3043,0.4096,0.3882,0.2827,0.2984,0.1936,-0.3979,-0.1872,0.3741,0.1154,-0.8657,-0.4489,0.5565,0.3586,-0.9659,-1.4577,-0.3475,-0.6966,2.648,0.3216,-0.0804,0.1505,-1.5083,0.1005,-0.101,-0.0472,0.0408,-1.6792,0.1126,3.5631,0.4761,-0.1306,0.4953,0.0485,-0.1192,-0.425,4.9987,5.7621,7.4018,0.9597,-0.7894,-2.937,-0.7364,6.7164,-0.3509,0.0663,-0.0008,-0.3018,1.3454,-0.3703,-0.5214,0.0662,-0.3752,-0.1102,-0.2166,-0.2502,-0.2608,0.2203,0.8753,-0.2306,-0.2257,0.4674,0.0656,-0.3009,0.3991,-0.0409,-0.01,0.3409,-0.2241,0.4006,-0.3608,0.4291,0.3209,-0.9066,-0.4804,0.5752,-0.2806,0.5001,0.3802,-0.4709,-0.0453
667,5727,108,6,cycling,6.0,108.0,5727.0,2.0,108.0,-0.0015,-0.6796,0.0594,-0.0775,0.1406,0.0947,0.0898,1.135,-0.048,0.032,-1.1849,-0.1646,-0.0189,1.2337,-0.1181,0.1251,0.3156,0.2853,0.3579,0.3324,0.1941,0.3866,-0.1702,-0.5015,0.2221,0.3925,-0.309,-0.2985,-0.2632,-0.441,-0.4277,0.4062,-0.7143,0.597,0.6497,0.5863,0.3682,-0.3493,0.4578,-0.5568,-0.9604,2.8192,-0.1012,0.4873,-1.6972,0.2607,-0.6091,0.4225,-0.1109,-1.7431,-0.431,3.9977,-0.6588,0.1002,0.1503,0.3403,0.2306,-0.523,4.5411,5.7617,1.564,-0.8715,-0.1305,6.3703,1.0658,0.5648,-0.3019,-0.1191,-0.842,-0.8633,0.0503,-0.4016,0.0493,-0.4396,0.8344,1.4298,-0.9517,-0.2207,0.0803,-0.3643,-1.3457,-0.0571,-0.3991,-0.4677,-0.3503,-0.4758,0.3806,-0.0656,0.1122,0.0592,0.0515,-0.056,-0.3609,0.4002,-0.0456,0.0447,-0.0007,-0.3009,-0.0472,0.2503,-0.2163,-0.4804,-0.0125
668,5728,108,6,cycling,6.0,108.0,5728.0,2.0,108.0,0.0619,-0.68,0.0718,-0.1067,-0.0105,-0.0915,0.1245,1.2963,-0.085,0.0461,-0.4794,-0.1674,0.5145,0.1369,-0.1423,0.179,-0.2695,0.357,-0.1141,-0.2448,0.3937,0.0375,0.3088,0.364,0.2225,0.2058,0.2785,-0.028,-0.1018,0.3255,0.3896,0.4962,-0.4254,0.3342,-0.3481,0.7189,0.6072,-0.5431,0.1309,-0.1191,0.4344,-0.0509,-0.1006,-0.0807,-1.5582,-0.1126,-0.2203,-0.0008,0.3217,-1.6493,0.2303,2.7783,0.6684,-0.5978,-0.7965,-0.0448,-0.3453,-0.4625,4.9953,3.8721,5.5624,-0.766,0.8971,6.9744,7.9892,-0.866,1.5143,-0.3641,-0.0442,-0.0759,-0.3991,-0.3008,0.1104,-0.3706,0.0679,0.4014,-0.3506,-0.0663,0.0151,0.522,-1.2251,0.0476,0.0231,0.2807,0.2165,-0.4405,0.0456,0.1509,0.1027,-0.301,0.0514,0.0846,0.0773,-0.2506,-0.0872,-0.086,0.3407,-0.0161,0.0493,-0.0446,0.0109,-0.0413,-0.0002
669,5729,108,6,cycling,6.0,108.0,5729.0,2.0,108.0,-0.004,0.6514,-0.035,-0.0762,-0.1046,-0.0516,-0.0425,1.207,-0.1208,-0.016,-0.4303,-0.1167,-0.1394,1.3385,-0.2368,-0.1763,0.0986,0.1888,-0.1584,0.0505,0.2754,0.2472,0.063,-0.2698,0.2269,0.1949,0.3436,0.3125,0.3548,-0.1017,0.2853,-0.021,-0.3873,-0.3944,0.1109,-0.0009,0.0803,-1.5977,-0.1308,-0.559,0.378,0.6692,-0.4791,-0.1509,-1.5895,-0.4321,-0.2608,-0.2209,-0.1193,0.7631,-1.7897,-0.6475,-0.4587,0.7932,0.7499,-0.5625,0.4214,0.1122,2.8971,3.5121,0.4277,0.3408,-0.0661,-0.967,-1.2806,0.838,-0.3009,0.3454,-0.0442,4.8212,5.9443,7.9344,-0.3709,-0.0476,-1.5225,-0.0051,0.5141,-0.3808,-0.2305,0.4672,-1.4758,0.0961,0.1009,0.2166,-0.2504,-0.4407,0.3206,0.4808,0.4298,-0.4018,0.5757,0.3608,-0.4687,-0.4003,0.4995,-0.3018,0.3998,-0.3759,0.2253,0.5006,-0.1749,0.0741,-0.0981
670,5730,108,6,cycling,6.0,108.0,5730.0,2.0,108.0,-0.0865,-0.6884,0.0907,-0.0046,0.1301,0.1725,0.068,1.2761,-0.0585,-0.044,-0.5157,-0.1203,-0.2469,1.3382,-0.1549,0.2389,0.146,0.4277,0.2979,0.3114,-0.3574,0.1655,-0.2071,-0.3496,-0.379,-0.3878,0.1186,-0.187,0.2892,-0.0214,-0.1036,-0.7443,-0.4488,-0.1941,0.4791,-0.1191,0.2651,-1.8253,-0.1009,0.2221,3.6431,0.5053,-0.1308,0.0005,-1.3959,-0.1011,-0.1509,-0.328,0.5862,-1.4845,-0.6743,2.7699,-0.1127,0.7798,-0.9566,0.561,-0.3458,0.7572,-0.8744,6.429,5.546,-0.3016,0.2164,-0.9437,4.9767,0.5214,-2.9076,0.0505,-0.2808,2.632,0.7136,-0.3704,0.4224,-0.7358,0.1108,-0.831,-0.3405,0.3805,0.2207,0.3001,-1.935,-0.2608,-0.2251,-0.3206,0.4674,0.4015,0.4681,-0.7344,0.3644,-0.0804,0.0658,0.3506,-0.3751,-0.0656,-0.2503,-0.0453,-0.4758,0.0542,-0.4997,-0.0448,-0.5008,-0.4608,-0.0913
671,5731,108,6,cycling,6.0,108.0,5731.0,2.0,108.0,-0.0811,-0.6513,0.0102,0.0796,-0.0562,0.0918,0.0415,1.4077,-0.0664,-0.0089,-0.6088,-0.033,0.129,1.261,-0.1749,0.2366,-0.2456,0.5015,-0.3679,0.335,-0.3113,0.3569,-0.3898,-0.2947,0.2048,-0.2559,0.1439,0.2213,0.2742,0.2834,-0.714,-0.4563,0.1944,0.0008,0.1643,-0.1194,-0.1309,-1.8732,0.0644,0.1014,0.7581,0.3782,0.0191,-0.1108,-1.5568,-0.1127,0.0509,-0.1509,0.1009,-1.5867,0.213,2.7897,-0.2607,-0.2806,-0.541,0.7073,-0.0658,0.468,3.8399,4.5491,-0.2164,0.0806,-0.8521,2.7613,0.5324,5.9328,7.4017,-0.3994,0.0755,-0.8616,-0.4006,-0.5648,-0.3013,0.8427,0.741,-0.2302,0.0708,0.2241,0.0209,0.2205,-1.4753,-0.0194,0.01,0.2509,0.2253,0.523,-0.3456,0.3641,0.0595,-0.3806,0.3004,-0.0485,0.3403,0.4804,-0.7217,0.4295,-0.0972,0.3705,-0.0861,0.0387,0.0725,-0.001,0.0409
672,5732,108,6,cycling,6.0,108.0,5732.0,2.0,108.0,0.1062,-0.5173,0.0179,0.059,0.0915,0.0628,0.0085,1.4177,-0.0872,0.0764,-0.605,-0.0411,0.1255,1.2523,-0.2291,0.1398,0.2733,0.1659,0.1486,-0.2469,-0.1866,0.1743,0.0508,-0.2692,-0.2082,-0.0344,0.31,-0.3056,-0.1951,0.354,0.3768,0.028,-0.4947,-0.2983,-0.3475,0.1197,-0.3638,-1.5865,-0.4631,0.0755,-0.3941,-0.4578,-0.0007,-0.0806,-1.4896,-0.1309,0.2169,0.2256,0.1505,-1.7781,-0.2112,-0.8863,0.0277,0.6799,0.547,-0.1015,0.531,-0.1104,0.8976,-0.846,-0.9742,-0.3404,0.3007,2.3995,3.5481,-0.4015,4.9417,-0.8727,0.2604,0.0753,-0.3013,0.7406,-0.7475,0.9345,-0.2208,0.3452,-0.1121,0.4006,-0.0449,-0.9545,0.3759,0.4678,0.3641,-0.0658,0.4292,-0.4803,0.4754,-0.3708,0.0549,0.2505,-0.3503,-0.3606,-0.738,-0.4502,-0.521,-0.3807,-0.3207,0.6505,-0.4646,-0.6002,-0.2809,-0.4127,-0.2246
673,5733,108,6,cycling,6.0,108.0,5733.0,2.0,108.0,0.0973,-0.6796,0.0113,0.1132,-0.0423,0.065,-0.1081,1.3577,-0.07,-0.089,-1.7136,-0.1279,0.1603,0.2625,0.1775,-0.2768,-0.1885,-0.2214,0.3156,0.3772,-0.0584,0.2061,-0.4082,-0.2989,0.1595,-0.2456,0.3631,0.3069,0.8343,-0.9708,-0.4844,-0.4277,0.386,-0.4788,-0.4645,-0.5609,-0.397,-1.6491,-0.2892,-0.1934,2.5851,-0.438,0.6698,-0.1121,-1.5963,0.4974,0.4225,0.5541,0.022,-1.1194,0.9965,5.8701,0.7617,-0.0485,0.1309,-0.1505,0.2162,-0.1012,3.5423,4.865,0.3406,-0.1103,-0.7821,6.9744,0.827,0.622,2.3995,0.5224,0.3002,-0.9436,-0.4017,7.3806,0.2604,0.3753,-0.2807,-0.532,-0.3018,0.0506,0.0807,0.4005,-1.3608,0.055,0.0973,0.2244,-0.0009,-0.4677,0.1008,-0.4997,0.3453,-0.0983,-0.2209,0.4297,0.5008,0.3203,-0.4808,-0.4751,0.4508,-0.3502,-0.0808,0.2254,-0.099,-0.0072,-0.0077
674,5734,108,6,cycling,6.0,108.0,5734.0,2.0,108.0,-0.0042,-0.7283,0.0111,0.0963,-0.0414,-0.068,-0.0896,1.259,-0.0765,-0.0578,-0.9659,-0.2221,-0.1202,1.365,-0.1638,-0.241,-0.1946,0.1715,-0.2758,0.5276,0.2933,-0.1385,-0.3102,-0.282,-0.4234,-0.356,0.2367,-0.037,0.2659,0.1198,-0.1869,0.3799,-0.0806,-0.1109,-0.1124,-0.1128,0.4488,0.0505,-0.3066,0.4789,2.4898,0.0008,-0.1307,-0.0168,-1.534,-0.0409,-0.0592,0.0277,0.4539,-1.5587,0.3215,3.7749,-0.0456,-0.4364,0.7611,-0.1503,0.3007,-0.5631,0.621,4.9375,-0.7941,-0.0658,-0.548,-0.8412,5.732,-0.7464,-1.9571,-0.2303,0.9713,0.3459,0.0671,-0.3709,0.2163,-0.4015,-0.9475,0.3017,-0.1005,-0.0473,0.1012,0.3302,-0.4001,0.2809,-0.0442,0.0286,0.0493,0.3996,-0.3806,0.2605,0.4993,0.2251,-0.3751,0.0653,0.0981,-0.3644,0.4674,0.2509,-0.0661,0.0407,-0.2242,0.4405,0.3403,0.2207,0.0272
675,5735,108,6,cycling,6.0,108.0,5735.0,2.0,108.0,0.1162,-0.7407,0.0059,0.142,-0.1203,-0.0973,0.0191,1.3871,-0.0548,0.0792,-0.6546,-0.0696,0.1349,1.2989,-0.2366,0.1517,-0.1025,-0.414,-0.2479,-0.2278,-0.1836,-0.165,0.0219,-0.3088,0.044,0.3727,0.2843,0.0869,0.8333,0.348,-0.1003,-0.2651,0.5263,0.3344,-0.0507,0.1199,-0.1305,-1.5582,0.1013,-0.459,-0.3954,0.6072,-0.1126,0.0806,-1.5885,0.2609,-0.2119,0.1505,0.4798,-1.6783,0.2809,2.7761,-0.6831,-0.2204,-0.7581,-0.0443,0.5399,0.0661,3.6484,5.748,4.637,0.9475,-0.301,-1.512,7.3219,-0.86,0.5636,0.1108,-0.3453,-1.766,6.5647,-0.9458,-0.9741,-0.8742,0.3753,-0.416,0.9301,-0.399,-0.3648,0.3004,-1.3504,-0.0653,-0.2161,0.2242,0.3808,-0.9528,-0.0552,0.0658,0.1257,0.0493,-0.2251,0.4758,0.3703,0.0453,-0.4991,-0.2505,0.3205,-0.2302,-0.0451,0.4013,0.4508,-0.0003,-0.4684
676,5736,108,6,cycling,6.0,108.0,5736.0,2.0,108.0,0.0868,-0.652,0.0072,0.0514,-0.0149,-0.1061,0.0412,1.2746,-0.0791,-0.0695,-0.5811,-0.1374,-0.0947,1.3114,-0.2315,-0.028,-0.3348,-0.2435,-0.1769,0.0325,-0.2856,-0.3885,0.2954,0.1942,0.2275,-0.0504,-0.1851,-0.1697,-0.0009,0.267,0.3078,0.4089,0.509,-0.3799,0.5695,0.4345,-0.3477,-1.7939,0.1108,0.6066,2.7169,-0.4498,0.1304,0.1195,-1.9631,0.1502,-0.1126,-0.1008,0.0472,-1.8664,-0.2257,3.5941,-0.5576,0.5211,-0.0803,0.6788,0.0759,0.8432,-0.3011,-0.5321,-1.9423,0.4017,0.2208,0.736,5.3005,4.1013,0.8744,-0.3641,0.3707,-0.514,6.8483,-0.0441,-0.3807,-0.3452,-0.8325,0.2163,0.4679,-0.2304,0.0663,0.2503,-1.3997,-0.0962,0.2242,-0.3207,0.2603,0.9301,0.0999,-0.0644,0.1027,0.0882,0.2807,-0.0443,0.0071,0.082,0.1313,0.1245,-0.0708,0.0981,0.0792,0.3609,0.0453,0.0002,-0.0231
677,5737,108,6,cycling,6.0,108.0,5737.0,2.0,108.0,-0.1082,-0.7231,0.0746,0.0401,0.064,-0.0515,0.1256,1.335,-0.1141,0.0074,-0.512,-0.1409,-0.1392,1.3885,0.2639,0.2979,-0.3025,-0.4608,0.1758,0.169,-0.3125,-0.3672,0.4842,-0.2768,0.038,-0.0878,0.4475,-0.1962,-0.2397,0.1859,-0.2213,0.2461,-0.2091,-0.0506,0.0009,-0.0225,-0.1104,-1.2869,-0.8139,-0.437,0.6683,0.3586,0.4977,0.1504,-1.6055,0.3431,-0.1006,0.1127,0.4573,-1.9953,0.1018,2.6595,-0.2206,0.6476,0.4798,0.3224,0.5475,3.938,5.8721,4.6318,-0.845,0.1308,-0.968,0.9426,-0.526,-1.8881,-1.5281,-0.6789,0.3503,-1.9069,0.2806,-0.2164,0.3608,-0.3759,0.0661,0.4673,-0.2253,-0.2307,0.2607,-0.1191,-1.4297,0.3018,-0.0807,0.0708,0.3646,0.4759,-0.3009,0.3206,-0.3991,0.0871,0.3459,-0.2244,0.3406,-0.4994,-0.5757,-0.0933,-0.3702,-0.4012,0.0823,-0.4406,0.4709,0.2508,0.0925
678,5738,108,6,cycling,6.0,108.0,5738.0,2.0,108.0,0.0796,0.4306,-0.1181,-0.1549,-0.0963,-0.0577,0.0059,1.3689,-0.1221,0.047,-0.8191,-0.139,-0.161,0.4798,0.2976,-0.2217,-0.2558,0.2395,-0.5157,-0.0172,-0.086,-0.3255,-0.2064,0.0626,-0.0345,0.1869,0.1017,-0.1492,-0.3385,-0.1199,0.022,0.3743,0.2886,-0.2782,-0.1127,-0.2446,0.0807,-1.5584,0.3074,0.1953,2.4044,-0.358,-0.345,0.0476,-1.7541,0.3962,0.0508,-0.4879,-0.6697,0.5465,-1.8868,-0.6794,0.568,0.5225,-0.9932,0.7887,0.428,-0.0007,-0.0473,-0.4014,-0.3003,-0.1108,0.3018,0.731,-0.3409,3.2602,-0.2169,-0.0443,0.1004,-0.3647,-0.4677,4.3705,-0.42,0.3754,-0.0441,0.0209,-0.2309,-0.2806,-0.1305,0.5695,0.0663,-0.3452,0.2206,0.2242,0.1505,-0.5013,0.0971,0.0893,-0.0551,0.056,-0.0441,-0.0025,0.001,0.0409,-0.0908,0.2257,-0.1231,-0.01,0.0983,-0.1007,-0.1027,-0.0273,-0.02
679,5739,108,6,cycling,6.0,108.0,5739.0,2.0,108.0,-0.004,-0.3259,0.0104,-0.1136,-0.0568,-0.0698,0.0848,1.5491,-0.0764,0.0902,-0.5088,-0.2213,0.037,1.2694,-0.126,-0.1749,-0.1944,0.2061,0.1059,0.1475,-0.1574,-0.1843,0.2551,0.1672,-0.2983,0.2458,-0.4303,-0.2781,-0.2337,0.3497,0.1191,0.358,-0.2886,-0.1008,0.1015,-0.1109,-0.1307,-1.6585,0.5532,0.3342,3.6941,0.459,0.3852,0.0505,-1.763,0.4782,0.6763,-0.6671,0.5499,-1.8731,-0.4617,2.7856,-0.8921,-0.538,0.7962,-0.3453,0.7773,-0.3009,-0.3508,4.0003,-0.955,0.2208,0.8417,-1.8249,5.4994,7.4004,6.9327,-0.3758,0.4017,0.964,-1.5013,-0.4295,0.3997,-0.2605,-0.3647,0.9225,0.099,-0.3805,0.0708,0.5015,-1.3011,0.2506,0.1127,-0.0443,-0.0472,0.5757,0.0441,0.0804,-0.2167,0.0661,-0.3607,-0.3705,-0.2251,0.4677,-0.1505,0.3206,0.5004,0.0794,0.2246,0.0485,-0.0182,-0.001,0.0069
680,5740,108,6,cycling,6.0,108.0,5740.0,2.0,108.0,0.0536,-0.5134,0.1249,0.0465,0.0098,0.0103,0.0775,1.3146,-0.1083,0.0922,-0.4463,-0.1411,-0.182,1.3572,-0.2989,0.1348,-0.1733,-0.1659,-0.1946,0.1543,0.0894,-0.2461,-0.2768,0.067,0.2558,-0.2851,-0.1018,0.2639,-0.026,-0.239,-0.0448,0.1107,0.4646,-0.0508,0.0009,0.1126,0.1125,-1.4792,0.3774,-0.3493,0.6966,0.4582,0.0807,-0.1192,-1.5584,-0.1509,-0.5032,0.3081,-0.1004,-1.3856,0.2603,-0.778,0.8873,-0.6421,0.6799,-0.7985,-0.4211,-0.9745,2.4013,3.5225,4.7876,-0.8631,0.5157,-0.8711,-0.7177,5.532,-0.6214,0.3502,-0.2302,-1.3708,2.9513,-0.099,0.3008,-0.1306,-0.4141,0.5475,-0.0658,-0.2166,0.3756,0.3608,0.416,-0.2207,0.301,0.0196,0.2258,0.3454,0.4004,-0.3207,-0.3992,0.0971,-0.4757,-0.3802,-0.3406,-0.5008,-0.4673,-0.2807,-0.4294,-0.0759,-0.4403,-0.0561,-0.3277,-0.0472,0.2242
681,5741,108,6,cycling,6.0,108.0,5741.0,2.0,108.0,0.0016,0.4307,-0.0345,0.0569,-0.0797,-0.028,0.1155,1.2985,-0.1365,0.0115,-0.5122,-0.1294,-0.0896,1.3881,0.1809,0.2695,0.252,-0.047,0.2746,-0.061,-0.2458,0.1749,0.3232,0.2823,-0.1486,-0.1936,0.0807,-0.3772,0.228,-0.0008,-0.3339,0.1509,0.4467,0.1129,-0.0503,0.2207,-0.1011,-0.4834,-0.1196,0.3068,0.5083,-0.649,0.3598,-0.1003,-0.4062,-0.1304,0.1108,-0.4766,0.4321,-0.7531,0.7499,-0.5963,0.7792,-0.7632,-0.568,0.8428,-0.0456,0.426,2.8953,3.8871,0.0646,0.2803,0.7982,5.544,-0.4017,4.7891,-0.2605,-0.3991,-0.3453,-0.8711,-0.3703,0.938,0.3004,-0.3756,0.2166,-0.0409,-0.737,-0.3608,0.2241,0.2505,-0.3649,0.0152,-0.0872,-0.0209,0.0561,0.4674,0.2303,-0.0447,-0.2252,0.0471,-0.0373,0.3402,-0.4002,0.4752,0.0825,-0.3509,-0.0542,0.0551,0.0025,-0.0542,0.01,0.0233,0.0113
682,5742,108,6,cycling,6.0,108.0,5742.0,2.0,108.0,0.0514,-0.7173,0.0762,-0.0694,0.0843,0.0411,0.009,1.5177,-0.018,-0.0923,-0.4189,-0.1075,0.1759,1.1369,-0.2274,0.1864,0.3385,0.3115,0.2846,-0.1203,-0.2448,0.2555,-0.262,0.1698,-0.357,-0.2988,0.1947,-0.3791,-0.155,0.4972,0.3465,0.3832,-0.444,-0.3971,0.2786,0.0213,-0.9773,-0.8116,-0.3684,-0.6787,0.9931,-0.5345,-0.5895,0.3076,-1.566,0.2202,-0.1006,0.0807,0.1103,-1.7983,-0.7868,0.6689,0.1126,0.1304,-0.0506,0.0658,-0.2605,-0.3805,2.7763,3.9621,0.4015,-0.2164,0.9741,5.3406,4.547,-0.7298,1.9375,0.2808,0.3002,0.0449,-0.5276,0.5215,-0.1197,-0.5165,0.2252,0.3753,0.3643,0.3707,-0.2502,-0.0286,-1.7327,0.0581,0.101,0.0003,0.0494,0.4752,-0.3997,0.0843,-0.3452,0.3505,0.0441,0.0811,-0.0453,-0.0111,-0.1505,0.01,-0.0592,0.2308,0.001,-0.0013,-0.0582,0.0407,0.0001
683,5743,108,6,cycling,6.0,108.0,5743.0,2.0,108.0,-0.1049,-0.414,0.0082,0.0523,0.1246,0.0962,0.0186,1.5143,-0.089,-0.1659,-0.3177,0.0794,2.1139,1.3363,-0.1514,0.068,-0.2041,0.286,0.3099,-0.2969,0.1783,0.7234,0.2556,0.407,-0.2432,0.8333,-0.3497,-0.3558,-0.4837,-0.1345,0.1854,-0.2685,0.2768,0.035,-0.0219,-0.0464,-0.4431,-1.6684,0.2278,0.5595,0.9798,0.3696,-0.1309,0.1109,-1.3876,0.1192,0.0009,0.0506,-0.0807,-1.9851,0.1014,0.7589,0.0658,0.1509,-0.2806,0.4793,0.1129,0.0647,-0.0658,-0.6579,0.8891,-0.1002,-0.7721,3.6774,-1.426,-0.3453,0.8711,0.2609,-0.2251,4.7326,0.4194,-1.4168,0.4999,-0.3757,0.7212,0.3013,0.532,-0.3003,0.2163,-0.4502,-1.3508,0.2508,0.4003,0.4018,-0.0286,0.3807,-0.0262,-0.0712,-0.0792,0.0441,0.3706,0.2205,-0.3991,-0.5003,0.3407,0.2303,-0.4677,-0.0755,0.0861,0.0713,0.0081,0.1027,0.0117
684,5744,108,6,cycling,6.0,108.0,5744.0,2.0,108.0,0.1062,-0.714,0.0045,-0.1598,0.0106,-0.0897,-0.1182,1.3767,-0.0771,-0.0903,-0.6494,-0.1449,0.1213,1.1659,0.1925,-0.2485,-0.0542,-0.1855,-0.2281,-0.1748,-0.282,-0.2768,-0.047,-0.0508,0.427,-0.385,0.3536,-0.3347,0.2365,0.5289,0.3168,-0.7902,0.2986,0.2639,-0.5891,-0.0806,-0.1109,-1.759,-0.1129,-0.564,2.6053,-0.3099,0.0441,0.3492,-1.6663,-0.1303,-0.4321,-0.6984,0.2607,-0.8931,-1.4632,0.1014,3.7788,0.5416,-0.1002,0.1197,-0.3014,-0.788,5.5491,4.838,-0.099,-0.1508,0.736,-0.3502,1.7421,1.516,-0.4016,-0.0472,-0.9364,1.726,-1.8727,8.768,6.4298,-0.3004,-0.2164,-0.7298,0.523,0.3459,0.2308,0.3751,-1.9527,-0.3606,-0.3643,0.0658,0.0972,0.2806,-0.3209,-0.0008,-0.3407,-0.0231,-0.0209,0.2509,0.082,0.3997,-0.4754,0.417,-0.9675,0.4004,-0.5143,-0.4503,0.0166,0.4998,-0.3804
685,5745,108,6,cycling,6.0,108.0,5745.0,2.0,108.0,0.0616,-0.65,0.0713,0.1043,0.0401,0.0548,0.0375,1.1285,-0.0946,-0.114,-0.839,0.085,-0.2789,0.2959,-0.229,0.1486,0.2632,-0.3139,0.207,0.1766,-0.1949,0.2552,-0.1864,-0.3837,-0.2484,-0.1578,-0.3463,0.4303,-0.3062,0.4788,0.2392,0.4435,0.3396,-0.0213,-0.1109,-0.1307,0.0505,-1.3973,0.1014,0.3668,-0.746,0.2899,-0.2208,0.0806,-1.6972,0.1002,0.1193,0.3015,0.5431,-1.9721,-0.1127,0.7983,0.5542,0.0447,0.8067,-0.1508,-0.5895,2.9328,4.534,5.9411,3.8211,0.766,-0.565,6.7761,7.9851,-0.8741,-1.5276,-0.3996,0.4013,-0.3403,-0.5263,0.2163,-0.2607,-0.4673,0.3452,0.0003,-0.3704,0.3005,0.3508,0.3207,-1.4002,0.0591,0.2507,0.3442,0.2309,-0.0644,0.4509,-0.0581,0.0973,0.0453,0.0231,0.0598,-0.0571,-0.0511,0.0404,0.2804,-0.0913,0.0493,-0.2259,-0.2241,0.0446,-0.0513,0.0751
686,5746,108,6,cycling,6.0,108.0,5746.0,2.0,108.0,-0.0761,-0.6518,0.0514,0.0149,0.0047,0.031,0.1397,1.1558,-0.0908,0.1159,-0.6494,-0.0225,0.2985,1.382,-0.1668,-0.2269,0.0417,-0.3589,0.3941,0.3102,-0.369,0.5143,0.2374,0.2456,0.3766,0.2872,0.194,0.1206,0.2743,0.2695,0.4431,0.427,0.8383,-0.1009,-0.0504,-0.0809,-1.7291,-0.4845,-0.1306,0.3467,-0.536,2.7955,-0.1122,0.3376,-1.8863,-0.2205,-0.3042,-0.545,-0.1103,-1.9892,0.1503,3.7852,0.3018,-0.8051,-0.8775,0.7086,0.9973,-0.9632,4.821,0.4256,1.7783,-0.2163,0.3804,6.4292,0.8421,5.2804,0.4015,0.3006,-0.3708,-0.1191,-1.7177,-0.0759,0.3509,-0.6214,0.4007,-0.1018,-0.4508,0.0003,-0.2606,0.2258,-1.2505,0.0191,-0.0593,-0.0898,0.3751,-0.4808,-0.3454,0.4679,0.4408,0.0103,0.3441,-0.3643,0.4703,0.3408,0.5015,-0.3277,0.5752,-0.4759,0.6004,0.2305,0.0781,0.4683,0.5009
687,5747,108,6,cycling,6.0,108.0,5747.0,2.0,108.0,0.1397,-0.7407,0.007,-0.0645,-0.1084,-0.0586,0.0165,1.5146,-0.0904,-0.0885,-0.4843,-0.1572,0.3122,1.3323,-0.079,0.1614,0.2655,0.1275,0.172,0.034,0.288,-0.1961,-0.3525,0.1178,0.3421,-0.4168,0.2774,-0.1866,0.2951,-0.3096,-0.3941,-0.2271,-0.2462,0.0224,0.3682,-0.4476,-0.3898,-1.5937,0.9509,-0.8192,0.6869,0.5889,0.6791,-0.1503,-1.6063,-0.0005,-0.1103,-0.1126,0.0506,-1.6481,-0.2164,0.7783,0.5032,-0.8879,-0.4699,-0.561,0.1198,0.4973,2.5324,3.5431,-0.2806,0.1003,-0.0449,4.9542,-0.5131,-0.5249,0.523,-0.301,-0.2257,-1.9328,0.414,0.9428,0.3508,-0.4294,-0.4003,-0.5705,-0.3403,-0.0803,0.1305,0.8716,-1.3706,-0.0455,0.0443,0.2307,0.3008,0.3458,0.4016,-0.0658,-0.0653,0.0447,0.0723,0.0663,0.0972,0.101,-0.2606,0.2208,-0.1746,-0.0192,-0.088,-0.3997,-0.0456,-0.2502,-0.3805
688,5748,108,6,cycling,6.0,108.0,5748.0,2.0,108.0,0.0568,-0.799,0.07,-0.0941,0.131,0.1711,0.0415,1.4466,-0.1469,0.1288,-0.5696,-0.1864,3.4106,0.9559,-0.0846,0.0696,-0.0165,0.2439,0.3103,0.1949,0.2278,-0.3898,-0.8348,-1.2825,0.3689,-0.3059,0.2983,-0.3379,0.239,0.2635,0.1686,0.2075,0.028,-0.0503,-0.1127,0.1017,0.036,-1.2742,0.1308,0.1192,-0.4791,-0.347,-0.1004,-0.0807,-1.6772,0.0007,0.1102,0.5076,0.5884,-1.454,0.0294,2.5475,0.4321,0.1504,0.3794,-0.5581,-0.9951,-0.5311,4.3224,-0.8731,0.8511,0.0259,0.2208,7.7797,6.822,0.9593,0.3504,-0.0755,0.63,1.737,5.3457,-0.3016,-0.7475,-0.5625,-0.2606,0.4008,0.4017,-0.2309,-0.2161,-0.3406,0.4277,-0.3991,0.2505,-0.4504,0.3757,-0.3002,0.3702,0.3207,-0.4803,0.4759,0.2809,-0.5214,0.5008,0.4293,0.4679,0.6503,-0.623,-0.3808,0.5758,-0.3605,0.4991,-0.2252,0.4681
689,5749,108,6,cycling,6.0,108.0,5749.0,2.0,108.0,0.0117,0.1858,-0.065,-0.1315,0.0327,0.0746,0.0594,1.539,-0.1234,-0.1072,-0.8657,-0.1604,-0.0065,1.3584,-0.2585,0.0933,0.1475,-0.286,-0.2277,0.2397,-0.417,-0.3145,0.1941,-0.4096,-0.0874,-0.3081,0.1164,-0.2962,-0.3889,0.2637,-0.2443,-0.3947,0.7136,0.207,-0.1019,-0.1109,0.4548,-1.7976,0.3668,0.4486,-0.6956,0.7867,0.025,-0.1194,-1.7364,0.0505,0.1509,-0.1003,-0.0447,-1.638,-0.2167,2.5966,0.0448,-0.1307,0.559,0.1124,0.0005,-0.0658,-0.9895,-0.4216,4.8721,0.8831,-0.3406,3.3216,-0.9993,5.528,1.2606,1.547,0.3014,0.0491,-0.5344,7.9773,-1.2253,-0.2807,-0.4013,-0.0804,-0.5281,-0.3646,0.3502,-0.0861,0.3454,-0.831,-0.2203,0.0247,-0.2243,-0.4994,-0.0409,-0.0182,0.3003,0.0769,0.001,0.01,-0.0591,0.0455,-0.0485,0.2307,0.0476,-0.1315,0.4006,-0.3205,0.0441,0.0442,0.0206
690,5750,108,6,cycling,6.0,108.0,5750.0,2.0,108.0,0.0511,-0.7298,0.0076,-0.0188,0.0896,-0.0795,0.1203,1.3177,-0.0694,-0.0925,-0.6468,-0.0416,-0.2685,0.4963,-0.1547,0.2402,-0.3327,-0.106,-0.1462,0.1392,-0.1859,0.0509,0.3075,0.1742,-0.2277,-0.2851,0.4074,-0.4128,-0.2391,0.4821,0.2987,-0.5143,0.2069,0.1018,0.1938,-0.4537,-0.3689,-0.5883,0.5565,-0.4632,-1.3584,0.348,0.1191,-0.3956,-1.547,0.2309,-0.4344,0.6679,0.528,-1.9767,-0.789,-0.1106,0.2169,0.2803,-0.9941,0.9831,-0.3405,0.3709,2.736,4.1509,3.6011,-0.8217,-0.4671,5.5013,-0.3805,6.3993,0.867,0.0807,-0.2206,-1.5344,-1.099,7.5648,-0.4018,-0.3754,0.2606,-0.1004,-0.4297,-0.7214,0.0007,-0.3643,-1.3509,-0.2506,0.0808,-0.0588,-0.3609,0.5757,-0.2241,0.1202,0.1303,0.0443,-0.0456,0.1124,-0.1381,-0.0448,-0.2254,0.0755,0.0708,-0.3205,-0.0491,-0.1461,0.3014,0.3454,0.4751
691,5751,108,6,cycling,6.0,108.0,5751.0,2.0,108.0,0.1201,0.6084,-0.0414,-0.0972,-0.0569,-0.1165,0.089,1.3638,-0.032,-0.104,-0.4141,-0.0074,0.2288,1.2551,-0.2968,0.2854,0.0797,-0.1849,0.1558,-0.1657,-0.1733,0.265,0.1347,0.0696,-0.1939,-0.2489,0.3145,0.028,0.2746,-0.2348,0.3463,0.4435,0.5164,-0.5973,-0.647,-0.9458,0.7291,-0.8131,0.3787,-0.1017,2.5583,-0.326,-0.1308,0.3043,-1.5645,-0.0503,0.0006,0.0257,0.1508,-1.7977,0.1106,3.7598,0.1192,0.6685,-0.9976,0.2208,0.1005,0.5321,5.7861,4.822,0.9475,-0.0803,0.2165,-0.5647,7.9345,-0.8129,0.3604,-0.9531,0.0453,-0.3009,6.6781,-1.0667,-1.4016,0.3803,-0.5225,-0.3011,-0.8633,-0.2306,-0.1126,-0.2603,0.4757,-0.4506,-0.4225,-0.3456,-0.2805,0.4007,0.6213,0.0653,-0.4671,-0.3504,-0.3403,0.2242,0.3703,0.3203,0.0451,-0.3756,-0.3996,0.4804,0.6009,0.2259,-0.6502,-0.0971,0.1245
692,5752,108,6,cycling,6.0,108.0,5752.0,2.0,108.0,0.0464,-0.7282,0.0042,0.1256,-0.0536,0.1511,0.1425,1.3265,-0.077,0.0626,-0.8255,-0.0843,2.4356,0.3368,-0.0973,-0.241,-0.0163,-0.2327,0.035,0.2857,-0.1337,0.2275,0.4084,0.3898,0.3078,0.5695,0.2983,-0.1659,-0.1953,-0.1852,0.352,-0.4549,0.3969,0.4794,0.1765,0.4841,-0.0503,-0.609,-0.1191,0.5872,-0.026,-0.3466,0.9443,0.0807,-1.4432,0.0007,0.0088,-0.0658,-0.1305,-1.7431,-0.1508,0.7699,-0.8062,0.1121,0.0448,0.2804,-0.2307,-0.7985,3.5591,5.7782,6.9321,7.964,4.866,-0.6716,-0.8946,-0.3503,-1.4013,-0.3016,0.9761,-0.4249,0.5145,1.8482,0.9519,-0.3997,-0.1015,0.2208,0.0473,-0.2165,-0.0951,-0.3004,-1.3457,0.0406,0.0971,0.0881,0.2609,-0.0647,0.874,0.0471,-0.0209,-0.1102,0.0166,0.1008,-0.0547,-0.0854,-0.2242,0.1027,-0.3809,-0.1259,0.082,-0.1007,0.0231,-0.0523,-0.0472
693,5753,108,6,cycling,6.0,108.0,5753.0,2.0,108.0,-0.0719,-0.714,0.0116,0.0344,0.1065,0.0636,0.0973,1.129,-0.0548,-0.006,-0.5846,-0.1349,-0.2695,1.2702,-0.0467,0.0857,-0.2343,0.4254,0.2055,0.3332,-0.1759,0.5143,0.1154,0.155,0.3856,0.2263,-0.3969,0.2447,0.4025,-0.3781,0.1872,0.3079,0.1018,0.0008,0.1109,0.1445,0.2976,-1.6634,0.1195,0.0663,-0.3578,0.2831,-0.0503,-0.0807,-1.7464,-0.1306,-0.2602,-0.3007,-0.2205,-1.6871,-0.2101,0.7798,-0.8896,0.7085,0.2806,-0.8042,0.4018,-0.2309,2.8775,3.8217,0.847,-0.1126,-0.1009,5.8941,7.9399,4.625,-0.9718,0.5211,0.0755,0.5276,6.0286,0.2164,-0.9433,-0.2254,-0.3452,-0.833,0.3756,0.4508,0.1508,0.0759,0.4999,-1.3609,0.0653,-0.3703,-0.3014,0.5006,0.3806,-0.0851,-0.4298,-0.0586,0.3404,0.0647,0.537,-0.3208,-0.4406,0.4002,-0.4705,0.3502,0.0865,-0.0665,-0.0592,0.0842,0.4679
694,5754,108,6,cycling,6.0,108.0,5754.0,2.0,108.0,-0.0414,-0.7169,0.0045,0.0106,0.0546,-0.0718,0.0871,1.3876,-0.1225,0.1041,-0.6542,0.0958,-0.3125,0.1581,0.207,-0.1943,0.034,-0.1172,-0.2269,0.2636,0.1657,0.2461,-0.2328,-0.176,0.0503,0.139,0.3396,0.3786,-0.2974,0.5134,-0.1005,0.2748,-0.3902,0.5062,-0.5544,0.3582,0.3475,-1.6664,0.0009,0.1108,0.5699,0.6849,0.1017,-0.3088,-1.5963,0.1194,-0.1304,0.0343,-0.8053,-1.6721,-0.0804,2.4795,-0.2202,-0.7894,0.3018,0.2167,0.3408,-0.1127,-0.5211,3.7731,4.5432,0.9891,-0.3808,1.9317,5.8567,0.7983,1.8987,-0.3007,0.2806,1.9723,0.8421,6.737,-0.0456,-0.2307,-1.2605,0.4012,0.3452,-0.0442,0.2258,0.3508,0.5648,-1.5703,-0.089,-0.0663,0.0753,-0.4997,0.5001,-0.4297,0.0151,0.0157,0.3993,-0.4677,-0.1504,0.4687,-0.0661,-0.0453,-0.3605,-0.0653,-0.2502,0.2244,-0.0002,0.0798,0.0068
695,5755,108,6,cycling,6.0,108.0,5755.0,2.0,108.0,0.0016,-0.1743,0.0585,0.0962,-0.1207,0.048,0.0188,1.4536,-0.0894,0.0225,-0.5523,-0.0695,0.033,0.1581,-0.2698,0.1489,0.1928,0.1378,-0.2041,0.1159,0.1872,0.0008,-0.2263,-0.2446,0.0804,0.109,0.1009,-0.1129,-0.2786,-0.0506,0.1503,0.2982,-0.3769,-0.3979,0.384,-0.335,-0.7698,-1.6697,-0.4934,-0.3587,-0.7084,-0.4861,0.6477,0.4432,-1.5621,-0.5868,-0.5799,0.4765,-0.6791,-1.6073,-0.1015,-0.5375,0.1198,0.5426,-0.4011,-0.3405,-0.7631,-0.4674,2.5211,4.9344,3.027,0.835,0.747,0.3009,-0.3457,5.5276,-1.416,-0.2803,-1.9636,-0.4006,-0.3015,6.1102,-0.0409,-0.4236,-0.1303,-0.2252,-0.4991,0.2606,-0.2504,0.4689,-1.4403,-0.0663,0.3609,0.2163,-0.4298,-0.4396,0.0493,0.2307,-0.0951,-0.4214,0.4751,0.2209,-0.5005,0.4806,-0.3804,-0.0661,0.3997,0.3209,0.3502,-0.3232,0.3751,-0.0472,0.142
696,5756,108,6,cycling,6.0,108.0,5756.0,2.0,108.0,0.0862,-0.3177,0.0068,0.0543,0.0329,0.0145,0.105,1.5825,-0.1172,0.093,-0.488,-0.0712,-0.1423,0.5648,-0.1944,0.1652,0.0214,-0.2463,0.262,-0.1875,-0.136,0.2277,0.047,0.0507,-0.1749,-0.0803,-0.0615,-0.0009,0.1128,-0.2846,-0.1004,-0.1508,-0.1198,0.1104,-0.2747,-0.3539,0.3388,-0.6921,0.364,0.3496,-0.3774,-0.3898,-0.5973,0.0663,-1.5399,0.2604,0.5466,0.5742,0.101,-1.8541,0.0498,0.6495,0.6561,-0.8766,0.5578,-0.2164,-0.2203,2.7956,4.6782,3.8431,0.8301,-0.2251,0.3217,5.9723,7.5165,0.8951,-0.3708,-0.4014,-0.9425,0.0661,-1.86,-0.7617,0.3508,-0.3808,0.3004,-0.1308,-0.1127,-0.3404,0.2306,0.3995,-1.4402,0.3013,0.4002,0.2508,0.0456,-0.904,0.4758,0.3209,0.3459,0.3447,-0.3609,0.3753,0.4665,0.4998,-0.4682,-0.3123,0.4502,0.4709,-0.2808,0.0571,0.175,-0.01,0.3642
697,5757,108,6,cycling,6.0,108.0,5757.0,2.0,108.0,0.1083,-0.6711,0.0575,-0.0078,0.0107,0.0645,-0.1446,1.3796,-0.1763,-0.1857,-1.5109,-0.0889,0.0933,1.2385,-0.207,-0.2535,0.416,-0.1558,0.2213,0.3103,-0.1297,-0.1665,-0.2774,0.3059,-0.2919,-0.045,-0.3677,0.2892,0.2638,-0.2484,0.1198,-0.486,0.4041,-0.5542,-0.0344,0.1309,-0.348,-1.4364,-0.0807,-0.4972,2.6956,-0.1109,-0.0215,-0.3961,-1.6671,-0.0504,-0.1018,-0.0009,0.1508,-1.7947,-0.8799,3.9868,-0.5421,-0.7624,-0.9031,0.3212,-0.8873,1.8627,-0.9328,4.8225,-0.0455,-0.2603,-1.1009,5.955,-1.5313,-1.5213,-0.3459,0.0653,0.4015,-0.2169,-1.4994,-0.3808,-0.3508,-0.3012,-0.3002,0.3706,-0.3753,-0.0441,-0.2209,-1.4298,0.0443,0.3607,0.2244,-0.1124,0.2257,-0.0999,-0.3406,0.056,0.0062,0.0209,0.0442,-0.0168,0.0373,-0.0774,0.0872,-0.1281,0.0151,-0.2503,0.0025,0.02,-0.2303,-0.0561,0.0102
698,5758,108,6,cycling,6.0,108.0,5758.0,2.0,108.0,0.0111,-0.1395,0.0064,-0.0466,0.0549,-0.028,0.0867,1.3572,-0.0783,-0.0973,-0.5014,-0.1423,0.1836,1.3788,0.061,-0.0326,0.1251,0.2056,-0.2863,-0.2986,-0.1747,-0.2469,0.1577,0.3059,-0.164,-0.3131,-0.2268,-0.3346,-0.1957,0.4141,0.2758,-0.5074,0.4881,-0.4432,0.3475,0.1003,0.1124,-1.4538,-0.2585,-0.1019,3.3953,0.7178,-0.0505,-0.1509,-1.5543,-0.0803,0.1197,-0.1308,0.2606,-1.6584,-0.7098,2.9621,0.3019,0.9992,0.7931,-0.0409,0.0007,0.0373,0.6078,5.877,-0.8941,0.3707,-0.0449,4.548,0.5109,0.3407,0.3509,0.0591,0.0653,7.1105,1.5211,-0.4225,-0.4002,0.762,0.3002,0.4013,-0.2804,-0.3806,-0.3453,0.2205,0.826,-0.9766,0.2303,0.0708,-0.0656,-0.0286,0.9401,0.907,0.2254,0.3205,0.0493,-0.2166,0.0962,0.4992,0.3752,0.4684,-0.3644,-0.0571,0.2244,0.2504,-0.0182,0.0063,-0.3603
699,5759,108,6,cycling,6.0,108.0,5759.0,2.0,108.0,-0.0596,-0.5816,0.0109,0.0066,0.0611,-0.0314,0.0898,1.4088,-0.0712,-0.1063,-0.4931,-0.0465,-0.1774,1.5695,-0.1584,0.2543,0.2328,0.385,-0.2483,-0.4168,-0.3686,-0.1851,0.1932,0.1346,-0.3539,-0.2733,0.4844,0.3145,-0.3491,-0.2953,0.229,-0.5589,0.7234,-0.5799,-0.2072,-0.1018,0.026,-1.7842,-0.3092,-0.5973,2.6721,0.2662,-0.3764,0.4794,-1.8076,0.1129,0.7085,0.2164,-0.7552,-1.1104,0.4579,3.6982,-0.7797,-0.1193,0.6861,0.0509,-0.565,-0.3406,-0.9541,4.8701,0.4254,-0.3011,-0.1308,0.9311,-1.54,-0.417,-0.3003,-0.0809,-0.3991,-0.4994,7.8192,5.8348,0.429,-0.2205,-1.4012,-0.0409,-0.3707,-0.2608,0.3642,-0.3114,-1.4006,-0.4672,-0.3508,0.3605,0.4405,0.5001,-0.1502,0.1008,-0.0658,0.0009,0.2304,-0.3207,-0.4803,0.3458,-0.2805,0.4687,-0.3808,0.4509,-0.2243,0.3442,-0.2505,-0.2257,-0.4703
700,5760,108,6,cycling,6.0,108.0,5760.0,2.0,108.0,-0.135,-0.6575,0.0439,-0.0797,-0.0344,-0.0164,0.1405,1.4067,-0.0979,0.089,-0.8657,-0.1236,0.2026,1.2372,0.06,-0.1043,0.3315,0.2442,0.1855,0.2825,-0.1768,0.2983,0.1645,0.3235,-0.2746,-0.4138,0.5695,0.3078,-0.3837,0.6681,-0.2295,0.1962,0.1185,0.0224,0.0471,0.0807,0.3563,-1.568,0.1009,-0.3488,0.5969,0.4886,0.1192,0.1305,-1.5896,0.0009,-0.0332,0.0504,-0.4777,-1.4961,-0.0286,0.5431,-0.3013,0.2254,-0.7021,-0.1503,-0.1015,-0.5399,2.8941,3.8732,4.738,0.1108,0.2206,-0.7634,5.9437,6.9891,0.2162,-0.8426,0.3506,-0.2805,0.399,-0.1122,0.3402,-0.7428,0.2241,-0.4676,0.3648,0.3003,-0.3707,-0.3807,0.5006,-0.4298,0.3203,0.0442,-0.4003,-0.5212,0.6558,0.3606,0.2308,-0.4508,0.4704,0.1027,-0.4759,-0.5756,-0.0455,-0.4016,-0.6503,0.0951,-0.3451,-0.2508,0.2604,0.0451,-0.0943
701,5761,108,6,cycling,6.0,108.0,5761.0,2.0,108.0,0.1081,-0.7358,0.0584,0.037,-0.0842,0.0947,0.0796,1.5491,-0.1148,-0.0059,-0.4525,-0.0632,-0.3139,1.4055,0.1574,0.132,-0.1762,-0.0412,-0.1623,-0.2756,0.2839,0.2458,-0.1875,0.0169,-0.1472,-0.3368,0.427,0.025,-0.3467,0.1943,-0.3092,-0.0505,-0.3849,-0.2698,0.2265,0.2979,-0.376,-0.6697,0.9659,0.8131,2.8964,0.358,-0.4615,0.0803,-1.8541,0.3621,0.5428,0.0009,0.4495,-1.8894,0.532,4.7787,-0.5212,0.7399,-0.1002,-0.1103,-0.2606,-0.1192,3.8631,0.636,-0.1503,-0.1011,0.2203,-0.8213,5.789,-0.1309,0.3019,1.9328,-0.3457,-0.7617,0.1121,7.8192,-0.5695,-0.099,-0.4272,-1.0477,-0.83,-0.0409,-0.0441,-0.0942,0.4674,-0.3505,0.0294,0.0077,-0.0656,0.3001,0.4992,0.2241,-0.2308,0.3806,0.0441,0.2804,0.3646,0.4014,-0.4403,-0.2162,0.3751,-0.3997,-0.0449,-0.0453,0.0113,-0.3406,-0.3706
702,5762,108,6,cycling,6.0,108.0,5762.0,2.0,108.0,0.0719,-0.7347,0.0063,0.0327,0.0545,0.0149,0.1421,1.4067,-0.0696,0.1154,-0.4425,-0.0933,0.2613,1.1872,-0.1089,0.0464,0.2483,0.4234,0.2066,0.129,-0.0847,0.3113,0.3597,-0.3685,-0.1586,0.3731,0.5143,0.2843,-0.2275,0.388,-0.4877,-0.1769,-0.2959,-0.166,-0.307,-0.2376,0.3988,-1.5898,0.0504,-0.5041,0.8348,-0.9153,-0.1019,0.0009,-1.5632,0.0224,0.0002,-0.0807,0.1199,-1.4617,0.1006,0.1505,0.5594,0.6571,-0.9934,-0.6851,0.3454,2.7853,4.5211,5.847,6.8742,3.7417,-1.8212,-0.7961,-0.9326,-1.1105,-0.5277,-0.3011,-0.0448,-0.2607,-2.2809,-0.3005,0.736,-0.9523,-0.3756,0.1303,-0.4008,-0.2166,0.2205,-0.4011,-1.3404,0.0441,-0.1122,-0.0476,-0.0523,0.4996,0.2304,-0.2503,-0.1206,-0.0825,-0.3649,-0.4403,-0.5165,0.6554,-0.3809,0.3707,-0.0679,0.2254,-0.3502,0.3604,0.3441,-0.4752,0.0115
703,5763,108,6,cycling,6.0,108.0,5763.0,2.0,108.0,0.0106,-0.1881,0.0742,0.107,0.1368,0.114,-0.1488,1.0569,-0.0033,-0.0825,-0.5165,-0.048,-0.0944,0.2743,-0.0326,-0.1548,0.3099,0.2349,0.1272,0.2862,-0.3598,0.1936,-0.3796,-0.176,0.2078,-0.2266,0.1632,0.2484,-0.414,-0.7698,-0.3123,0.555,-0.4638,-0.5941,0.4783,0.3929,-0.9509,-0.8356,-1.8721,-0.6774,-0.7664,2.7791,-0.1198,-0.1121,-1.9745,0.5865,0.0213,-0.1503,0.566,-1.9534,-0.7961,0.9075,3.8971,-1.1012,0.9431,-0.3015,-0.0508,0.0447,0.8625,-0.535,-1.7317,0.8527,0.5121,-0.8249,0.3003,-0.5499,5.7173,-1.9328,-0.521,4.4293,0.823,6.1009,-1.3457,-0.2167,-0.3751,-0.0808,-1.2253,0.0004,-0.3808,0.4681,-0.1306,-0.4679,-0.2808,-0.2503,0.1108,0.5481,0.3707,-0.4002,-0.0441,-0.4402,-0.4806,0.5018,0.2603,0.0658,0.2303,0.3209,0.0803,-0.4751,-0.4702,0.3441,0.2209,0.4506,-0.0742
704,5764,108,6,cycling,6.0,108.0,5764.0,2.0,108.0,-0.0114,-0.7289,0.0077,0.0433,0.0694,0.0915,0.1289,1.052,-0.0344,0.0778,-0.5121,-0.0811,0.175,1.3639,-0.2825,0.2486,-0.1362,-0.2368,-0.1085,0.167,0.1948,-0.3872,-0.4303,-0.3797,-0.2742,0.2963,-0.3143,-0.4721,0.1888,0.3598,-0.2275,0.4041,-0.5849,-0.658,-0.2691,-0.4567,-0.3482,-1.566,-0.028,-0.8492,2.4699,-0.6679,-0.0007,-0.2169,-1.541,0.3225,-0.1122,0.1015,0.2203,-1.5596,0.533,3.6974,0.0505,-0.5931,0.904,0.8743,-0.2806,0.8311,0.119,4.8468,-0.9301,-0.1509,-0.7624,0.3014,5.9547,2.1103,1.3997,0.0441,0.3453,0.4009,0.738,0.1005,-0.3707,0.3757,-0.2252,-0.3804,-1.427,0.056,0.1306,0.0809,-1.4672,0.3406,0.0663,0.2308,0.1027,0.5224,-0.4502,0.1257,0.0186,0.0157,0.0373,0.0165,-0.0913,-0.0885,-0.0458,-0.2244,0.0561,-0.0451,-0.2606,-0.2503,-0.0002,-0.4014,-0.0892
705,5765,108,6,cycling,6.0,108.0,5765.0,2.0,108.0,0.0913,-0.7164,0.0549,0.0468,0.006,0.067,0.0116,1.3338,-0.0784,0.035,-0.5817,-0.0885,-0.2074,0.5277,0.1559,0.2698,-0.1075,-0.3102,-0.414,-0.2762,0.2329,-0.1234,0.1136,0.2443,-0.1921,0.2548,0.3537,0.1446,-0.3039,-0.4096,-0.1856,0.1018,-0.2847,0.023,-0.0008,-0.0508,0.5581,-1.4486,-0.1309,0.4572,2.7782,0.649,0.1129,0.1108,-1.9942,0.1508,0.2295,0.2166,-0.6683,-1.6797,0.1192,3.9432,-0.5328,-0.6973,0.528,0.4016,0.3403,0.8941,4.7863,5.5445,-0.7631,-0.0192,-0.2509,0.8788,7.7908,-1.3807,-1.93,-0.2207,0.3509,2.3015,-1.4295,-0.3458,6.5756,-0.3759,-0.3709,-0.3005,-0.4002,-0.0806,-0.3646,0.2306,0.5281,0.2805,-0.4403,0.1002,-0.0286,-0.2251,0.5646,-0.0161,0.3207,0.3993,0.4991,0.6558,0.5005,0.4682,-0.0441,0.4752,-0.3272,-0.6505,0.5506,-0.0871,0.2602,0.0409,0.4803
706,5766,108,6,cycling,6.0,108.0,5766.0,2.0,108.0,0.0868,-0.1369,0.0764,0.0188,0.0217,0.0065,0.147,1.4357,-0.0973,0.0699,-0.5121,-0.0558,-0.1246,0.2072,0.2481,-0.1042,0.0434,0.1543,0.2949,-0.1832,0.115,0.2345,0.2833,0.1655,-0.3536,-0.2559,-0.2295,-0.1961,0.2747,0.0509,0.1017,-0.2651,-0.3796,0.3232,-0.034,-0.3074,-0.1128,-1.4863,-0.3884,0.5431,-0.8493,-0.3976,0.2206,0.0006,-1.6093,0.1194,-0.1129,0.1027,0.4421,-1.6762,0.0498,2.7879,-0.8087,0.3456,-0.1505,-0.1104,0.1005,-0.8575,3.8616,-0.8971,-0.7797,-0.2254,0.3009,5.9891,4.5675,-0.832,1.3018,0.534,0.4013,-0.0473,1.9067,0.3995,2.2808,-0.8224,0.2164,-0.3752,-0.5695,-0.4294,-0.2302,-0.3403,0.0992,-1.0806,-0.0441,-0.2605,0.3504,0.4008,0.4677,0.1306,0.0592,0.0094,0.2244,0.5212,-0.5753,-0.3806,0.0409,-0.3608,0.0111,-0.4502,0.2502,0.4684,0.0266,0.5002,-0.0962
707,5767,108,6,cycling,6.0,108.0,5767.0,2.0,108.0,-0.0012,0.269,-0.0111,0.0345,-0.067,-0.0774,0.0562,1.5164,-0.0942,0.0425,-0.6543,-0.134,0.2064,1.2989,0.1758,-0.1577,0.106,0.1856,0.2397,0.0891,0.1619,-0.1436,0.3078,0.3137,-0.2496,0.2839,-0.0216,0.0504,-0.2773,-0.0809,0.2271,-0.0008,0.0337,0.1002,-0.1011,0.001,-0.1107,-1.3766,0.1121,-0.3846,0.3587,0.3386,-0.5549,-0.3463,-1.4794,-0.1198,0.4498,-0.2603,-0.5948,-1.5068,0.2252,0.8876,-0.1509,-0.6952,-0.548,0.9941,-0.7953,0.3406,2.9321,4.722,5.8431,-0.8544,0.8311,3.823,-0.2807,-0.7581,-0.399,0.9532,0.3505,-0.4007,0.2166,0.5014,0.3017,-0.3643,-0.3752,0.2202,-0.3609,0.2505,0.3805,0.3458,1.1305,-0.4296,-0.4012,0.2241,-0.0661,0.3008,-0.5756,-0.3708,-0.2304,0.0658,0.4508,-0.0551,0.0455,0.3447,-0.6503,-0.5506,-0.0561,0.3209,0.4406,0.4703,0.3257,-0.4753,0.4673
708,5768,108,6,cycling,6.0,108.0,5768.0,2.0,108.0,0.1081,-0.5908,0.0047,0.0601,-0.035,0.0541,0.1146,1.5143,-0.0786,-0.0461,-0.7161,-0.0974,0.3121,1.3539,-0.1582,-0.1291,0.1944,-0.2297,0.4234,0.2933,-0.1763,0.2042,0.2725,0.264,0.2851,-0.167,0.1472,-0.2484,-0.026,0.1343,-0.2362,0.1869,0.0504,-0.1199,0.0809,-0.1011,0.8492,-0.3796,0.3078,0.1008,-0.349,0.3849,-0.0008,0.1106,-1.3685,0.0587,-0.0792,-0.0898,0.5532,-1.6765,-0.6699,0.6494,-0.8895,-0.8054,0.8976,-0.4575,-0.4873,-0.7971,2.7783,3.5321,4.4012,-0.5831,-0.5633,-0.8493,-1.1509,0.8192,5.4002,0.2163,-0.3016,-0.523,1.9326,1.3457,-0.0449,-0.3405,-0.3804,0.0441,-0.0755,0.0546,-0.0112,-0.1303,-1.3991,0.001,0.0866,-0.0514,-0.0908,0.6559,0.0472,-0.0209,0.0947,0.0471,-0.0379,-0.0117,0.0002,-0.0407,0.0111,0.0066,0.0408,0.1122,-0.01,-0.055,0.0233,0.0413,-0.04
709,5769,108,6,cycling,6.0,108.0,5769.0,2.0,108.0,0.0545,-0.1294,0.0103,0.0626,0.0942,0.0873,0.0082,1.3562,-0.0431,0.0765,-0.8181,-0.1758,-0.317,1.1315,-0.2974,0.1825,-0.1655,0.1475,0.1041,0.2781,0.2859,0.1146,0.3497,-0.1944,-0.022,-0.1005,-0.0009,-0.2485,-0.2398,0.3764,-0.3639,-0.4096,-0.42,-0.309,0.4822,-0.1011,-0.0506,-0.7443,-0.3872,0.3386,3.667,0.6095,-0.4761,0.0577,-0.638,-0.495,-0.7976,0.1506,0.4399,-1.6853,2.8954,-0.8883,-0.301,0.6721,-0.3407,-0.2162,-0.322,-0.8745,4.7871,5.8192,0.848,-0.1103,-0.3752,6.4016,-0.119,0.5699,-0.3452,0.1305,0.2607,-0.521,-0.4298,-2.5489,-0.3604,-0.2804,-0.2259,-0.5689,0.3004,-0.0662,-0.0591,0.0488,0.6558,-0.3809,0.3707,0.1124,0.4008,0.4509,-0.4406,0.2208,-0.5001,0.4759,-0.2305,0.0409,-0.4681,0.0807,-0.3643,0.4647,-0.4994,0.4679,0.4708,0.0165,0.1793,-0.2509,0.0231
710,5770,108,6,cycling,6.0,108.0,5770.0,2.0,108.0,0.0842,0.5165,-0.0546,0.159,-0.036,0.0059,-0.0778,1.261,-0.0694,0.125,-1.7164,0.1148,2.4277,0.4076,0.0973,-0.0464,0.1632,0.0174,0.2062,-0.1392,0.1744,0.2988,-0.3314,-0.3868,0.1849,-0.3134,0.2584,-0.1943,0.2361,0.2783,0.3697,-0.2482,-0.3586,0.288,-0.1008,0.3465,0.2219,0.5539,-0.5847,-0.4579,0.6772,-0.6685,-0.3777,0.0009,-1.6954,-0.1124,0.2202,0.0219,0.3053,-1.8941,0.0503,3.7595,0.0658,-0.1509,-0.3452,0.1015,-0.0809,-0.6321,-0.5699,4.2606,-0.9891,-0.3808,-0.8726,6.3998,5.1308,7.4007,-0.2167,-0.3504,0.4014,0.3002,1.9326,-1.9631,0.5225,0.3013,-0.7407,-0.3703,0.1105,-0.0443,-0.3404,-0.2503,-1.429,0.2803,0.1191,0.2242,0.4682,0.7687,0.0881,0.0851,-0.2302,0.0515,0.0846,0.0485,0.0457,0.0456,-0.0523,-0.0547,-0.01,-0.0441,0.086,-0.0449,-0.1111,-0.0281,-0.001
711,5771,108,6,cycling,6.0,108.0,5771.0,2.0,108.0,-0.0549,-0.689,0.1348,0.0465,0.0699,0.0169,0.1081,1.3696,-0.0062,-0.0979,-0.9659,0.0889,2.3102,0.2325,-0.1543,0.1457,0.3329,0.2055,-0.1663,0.1875,0.1285,-0.2846,0.115,-0.0217,-0.1942,-0.0772,-0.2438,0.036,0.2234,0.3786,0.2659,-0.0503,0.4056,-0.2766,-0.3945,0.4277,-0.3576,-1.8255,-0.3095,0.4464,0.4798,-0.5854,0.7406,-0.1109,-1.537,0.0803,0.1126,0.0009,-0.0658,-1.7721,-0.1192,-0.838,-0.1307,-0.1008,-0.3805,0.3217,0.1508,-0.2162,4.8431,3.9788,0.3991,0.6794,-0.7312,0.7861,5.8715,-0.9345,-0.7421,-1.1017,-0.0756,0.5134,6.7386,-0.3457,-0.3756,-0.4291,0.2202,-0.4014,-0.3012,0.2602,0.2803,-0.4673,-1.2304,-0.0679,-0.2259,0.0872,-0.3505,0.5275,-0.0941,0.0871,0.1252,0.3009,-0.3709,0.2244,0.4004,0.4405,0.0447,-0.0759,0.5006,0.0409,0.2505,-0.4758,-0.0451,-0.0448,-0.0191
712,5772,108,6,cycling,6.0,108.0,5772.0,2.0,108.0,0.1363,-0.704,0.0111,0.0568,0.0625,0.1204,-0.0936,1.4368,-0.0892,0.1489,-0.8657,-0.1733,2.076,1.7233,-0.2702,-0.1555,0.0062,-1.185,-0.3145,-0.2823,-0.1942,0.2656,-0.1665,-0.3069,-0.2988,0.2439,0.3546,0.1043,-0.4549,-0.5922,0.389,-0.4421,0.3741,-0.342,0.4799,-0.4831,-0.0364,-0.6684,-0.1505,-0.1109,0.5798,0.1015,-0.323,-0.0493,-1.7895,-0.0803,-0.5883,0.2803,-0.8096,-1.7316,0.7985,0.6777,0.1004,-0.5421,-0.0506,0.2169,0.1124,-0.9775,4.5327,3.7618,0.7413,-0.8712,0.3505,1.5187,0.9423,1.867,-1.3453,0.4017,0.0004,0.9077,-1.5249,-0.1192,0.8217,-0.522,-0.4277,-0.3005,-0.4291,0.3709,-0.0473,-0.3806,-1.0477,0.2203,-0.2302,-0.2505,-0.1304,0.5753,0.2602,-0.3759,-0.0551,-0.2259,0.3208,0.4807,-0.3018,-0.4757,0.3992,0.4407,0.5497,0.3608,0.3647,-0.4705,0.4008,-0.9301,-0.3403
713,5773,108,6,cycling,6.0,108.0,5773.0,2.0,108.0,0.004,-0.7407,0.0717,0.1272,0.0626,-0.0546,0.1143,1.317,-0.0842,-0.0464,-1.3973,-0.0188,-0.914,0.4718,0.1463,0.166,-0.1558,0.2099,0.0954,0.1398,0.1067,-0.1953,0.2557,0.2496,0.2741,-0.2328,0.3685,-0.2959,-0.0375,0.4469,-0.4303,-0.3082,0.3577,-0.4866,-0.3874,-0.3783,0.4968,-0.6584,-0.7931,-0.5022,-1.3386,-0.3461,-0.1198,-0.1004,-1.7895,0.0005,0.0488,0.5587,0.1508,-1.8932,0.0507,2.9745,0.0449,0.568,-0.1012,0.0219,0.2804,0.1107,-0.7091,3.3405,5.7628,-0.6215,-0.9321,4.9475,-0.3008,-0.523,-0.4234,-0.3018,0.1308,1.1126,2.0443,0.0409,-0.0999,-0.3754,-0.0806,0.3994,-0.9045,-0.4677,-0.4016,0.0663,-1.3804,-0.0097,-0.4298,0.3604,0.2509,-0.3704,0.2307,-0.3451,0.0409,-0.0447,-0.3507,0.2162,0.2259,-0.2209,0.4505,-0.5757,-0.4805,0.4991,-0.2605,0.0493,0.3442,0.0472,0.0772
714,5774,108,6,cycling,6.0,108.0,5774.0,2.0,108.0,0.0437,0.3262,-0.0546,0.086,-0.0169,-0.0082,0.0959,0.727,-0.061,-0.0716,-0.2685,-0.1789,0.0215,1.1475,-0.2472,-0.1852,-0.1374,0.129,-0.2979,-0.3586,-0.2388,-0.3876,0.1143,-0.3342,0.2296,-0.1951,0.4567,-0.3081,-0.034,-0.2758,0.2568,0.3677,-0.2873,-0.447,0.3948,-0.2062,0.1194,-1.8056,-0.4794,0.3491,2.8131,0.6695,-0.1109,-0.0009,-1.5097,-0.1502,-0.5799,-0.0807,-0.6578,-1.5592,-0.9831,-0.5432,3.8721,0.3015,4.1015,-0.4983,-0.2169,0.3009,-0.1122,-0.537,5.6364,-0.3997,-0.8413,6.3758,-0.1302,0.7136,-2.4017,-0.2203,-0.2602,0.4297,0.2303,7.0992,0.3804,-0.3643,-1.1004,-0.2803,0.3706,-0.3456,-0.0656,-0.4236,-1.4993,-0.3409,-0.0502,0.4674,-0.0656,0.4007,0.4759,-0.0653,0.3507,0.2509,-0.0149,0.0498,0.0451,0.0476,0.0794,0.1762,-0.0972,-0.2253,0.0443,0.1027,0.2241,-0.0171,-0.1293
715,5775,108,6,cycling,6.0,108.0,5775.0,2.0,108.0,0.0836,-0.7282,0.0113,0.077,0.055,0.1086,0.0423,1.319,-0.0941,-0.0696,-0.512,-0.1172,-0.2288,1.2042,0.1632,0.009,-0.1234,-0.1702,-0.1903,0.1451,0.2461,0.1598,0.1865,-0.3097,-0.3325,-0.2685,-0.2831,-0.3849,0.2735,0.4608,-0.4048,-0.2954,0.8116,0.4464,-0.0503,-0.0286,-0.4546,-1.6694,0.5856,-0.3774,-1.5539,2.6953,0.1014,-0.0658,-1.92,0.0803,0.4781,-0.4399,-0.0656,-1.8067,-0.5984,3.6873,0.7783,-0.1509,0.6087,-0.3404,0.1105,0.7989,4.7895,5.4016,-0.6321,-0.2809,-0.525,6.0759,8.3707,-1.1006,-0.8215,0.0485,0.1192,-1.0005,-1.2605,-0.3807,1.5276,0.1308,-0.4277,-0.0708,0.1129,-0.3017,-0.2164,-0.3643,0.5753,1.3508,-0.3001,0.2509,0.4679,-0.5003,0.4804,0.3603,0.2308,0.4994,0.3996,0.625,0.4009,0.4506,0.0498,-0.2259,0.3452,0.2202,-0.3442,-0.3207,-0.055,0.4759,-0.0453
716,5776,108,6,cycling,6.0,108.0,5776.0,2.0,108.0,0.0047,-0.7289,0.038,-0.1373,0.0189,-0.0872,-0.106,1.4462,-0.0543,0.0788,-0.6663,-0.0645,-0.2082,1.2697,0.1855,-0.2469,-0.145,0.0933,0.1156,0.159,-0.047,-0.2894,-0.1652,-0.1934,0.2936,0.2291,-0.1257,-0.1758,-0.3081,0.4049,-0.0225,-0.4846,0.8986,-0.3798,0.4647,-0.3521,0.3277,-1.9552,0.2375,-0.3961,2.7892,-0.6738,0.2785,-0.0509,-1.6574,-0.0409,-0.0006,-0.1124,-0.6484,-1.9699,0.7976,3.6887,0.7783,-0.5432,-0.2163,-0.0803,0.534,-0.5941,0.1194,5.1102,4.3409,-0.936,-0.9542,0.8615,0.2809,1.4008,6.3017,-0.2203,-0.1305,-0.4998,-0.3708,-0.0662,-0.3007,-0.5281,0.0209,-0.4677,-0.3452,-0.2253,-0.0708,-0.101,-1.4406,-0.0442,-0.1504,-0.0061,0.0456,-0.2604,-0.0663,-0.429,-0.0449,0.0406,-0.1003,0.0441,0.01,-0.0002,-0.2309,0.0943,-0.1236,-0.099,0.0446,-0.0421,-0.2242,0.02,-0.0266
717,5777,108,6,cycling,6.0,108.0,5777.0,2.0,108.0,-0.1182,-0.7369,0.0186,0.1094,0.1463,0.0897,0.0798,1.054,-0.0069,0.0933,-0.8255,0.022,2.1517,1.327,-0.1236,-0.2373,-0.2985,-1.4189,-0.3948,0.139,0.4584,-0.1852,0.2519,-0.2757,-0.3579,0.0696,-0.265,0.2489,0.0437,-0.0344,0.3465,0.5832,0.909,-0.1674,-0.0006,0.2288,-0.3861,-0.6075,-0.2859,0.6821,-0.4983,0.4787,-0.1505,0.1198,-1.5595,-0.0506,-0.1005,0.1126,0.467,-1.6781,0.1017,-0.563,0.2808,0.538,0.1303,-0.0443,-0.5464,-0.0456,-0.6678,3.765,0.9942,-0.2607,4.4298,5.7792,8.0667,6.5131,-0.7217,0.4399,-0.4018,-0.9301,-0.4991,0.099,0.3808,0.2257,0.3705,-0.4677,-0.2164,-0.3995,-0.0106,-0.3015,-1.3753,0.0658,-0.3606,0.2209,-0.2309,0.5695,-0.3405,-0.3509,-0.1108,-0.3002,-0.0661,0.0131,0.4757,-0.4804,0.4008,-0.0807,0.0498,-0.0708,-0.4506,0.2508,-0.4406,-0.0483,0.3453
718,5778,108,6,cycling,6.0,108.0,5778.0,2.0,108.0,-0.0917,-0.682,0.0149,0.1294,-0.055,0.044,0.0698,1.1346,-0.0788,0.0857,-1.4137,-0.1156,-0.0065,0.167,0.1952,0.1403,0.2462,-0.156,-0.3386,-0.3145,-0.2872,-0.3597,0.2958,-0.1043,-0.2345,-0.2618,-0.2584,-0.279,0.3879,0.3039,0.7407,-0.6499,-0.3467,0.5592,-0.026,0.3682,-0.5974,-1.8191,-0.9238,-0.4737,3.5475,-0.4853,0.2221,0.0658,-1.7785,0.1002,-0.0806,-0.0508,0.4496,-1.6987,2.6683,0.8941,-0.0003,-0.3017,-0.1194,0.788,0.2162,0.3008,0.4237,6.766,4.7177,-0.1019,0.3404,1.9542,5.4008,2.2809,7.326,0.399,0.3503,1.631,0.3456,-0.4507,0.7291,-0.1306,0.9345,-0.7364,-0.5173,-0.4991,0.3644,0.1503,-0.0808,0.5006,0.1102,-0.4687,0.2305,-0.4674,0.1121,0.2202,0.2606,0.2243,0.3704,-0.3207,-0.0456,-0.5751,0.4015,0.313,0.3102,-0.0451,0.0653,-0.0409,0.2259,-0.0708,0.006
719,5779,108,6,cycling,6.0,108.0,5779.0,2.0,108.0,0.0862,-0.7406,0.0188,-0.0796,0.0079,-0.0546,0.1143,1.4074,-0.0327,-0.0694,-0.5523,-0.106,0.135,1.1556,-0.0465,-0.1632,0.1885,0.269,-0.0942,0.1475,0.227,0.3344,-0.1297,-0.1947,-0.2041,-0.2536,0.327,0.1782,0.3589,-0.2452,0.0509,0.8776,0.3868,0.2984,0.0217,-0.0004,-0.1124,-1.7748,-0.1191,0.2854,-0.6921,-0.3783,-0.0804,0.1005,-1.6772,-0.01,0.1104,-0.5839,-0.0286,-1.3498,-0.1011,0.4576,-0.6663,0.3081,0.4964,-0.0663,-0.5786,-0.8731,4.8092,3.7893,2.0473,-0.1503,-0.4015,-0.9968,-0.5321,-1.7233,-0.2169,-1.7364,-0.2208,-0.5951,0.3808,5.4001,0.1303,-0.3757,0.0646,0.2257,-0.2805,0.2603,0.2242,-0.3709,-1.4402,0.0753,0.3502,-0.1027,0.0456,0.4681,0.0072,0.0661,-0.0449,-0.3002,-0.2307,-0.0895,-0.3406,0.3641,-0.4677,-0.0409,0.0169,0.3209,0.3014,-0.0453,0.3995,-0.3456,0.2504
720,5780,108,6,cycling,6.0,108.0,5780.0,2.0,108.0,0.0549,-0.3232,0.0077,0.0431,0.0936,-0.0107,0.0845,1.4056,-0.0699,-0.139,-1.2962,0.1285,-0.1846,0.5647,-0.271,-0.1578,-0.2372,-0.1725,-0.2274,-0.4189,0.166,-0.2898,0.2635,-0.1903,0.1437,0.1153,0.3881,0.0503,-0.3366,0.2071,-0.3069,-0.3943,-0.5083,0.2441,-0.447,0.3491,-0.028,-0.8778,0.7698,0.6567,2.8979,0.5597,-0.1506,0.5895,-1.9236,-0.1305,-0.0008,0.4821,0.7582,-1.8764,3.5952,0.8863,0.1102,-0.3458,0.5432,0.2164,0.301,-0.6847,6.9499,5.3993,4.423,0.7344,-0.842,8.3705,-0.1003,-0.2303,0.8611,-0.101,0.3409,0.4237,-0.9324,-0.96,0.766,-0.4297,0.1192,-0.4677,0.5663,-0.2809,0.3802,-0.3649,-1.4406,-0.2602,0.1126,0.4684,0.4018,-0.4997,0.3503,0.4752,0.2207,0.3209,0.0708,-0.2251,-0.0456,0.0804,0.3754,-0.5005,0.056,-0.5757,0.3005,-0.2505,-0.0915,-0.0453,0.3603
721,5781,108,6,cycling,6.0,108.0,5781.0,2.0,108.0,0.0116,-0.1878,0.0545,0.0326,0.0033,-0.1208,0.0769,1.3277,-0.0947,-0.0694,-1.8986,-0.1446,0.2788,0.7013,-0.0475,0.132,0.2823,0.385,0.2271,-0.3597,-0.4189,-0.2519,-0.5141,-0.2963,-0.4872,0.1558,-0.2461,-0.1117,0.1055,-0.3498,-0.3954,-0.119,-0.3789,-0.1509,-0.4466,-0.0007,-0.1011,-0.4086,0.1305,-0.648,3.6585,-0.6856,0.3077,-0.0333,-1.877,-0.026,-0.2207,0.4399,-0.3684,-1.7632,2.6783,0.5941,-0.428,-0.741,-0.3018,-0.0481,-0.1104,0.4979,5.9321,0.2163,4.6211,-0.3756,-0.53,-0.526,7.7311,-0.3452,1.9033,-0.9531,-0.0804,-0.1126,-0.4256,-0.4007,0.3405,-0.0508,-0.4296,0.9224,-0.968,-0.3804,0.2307,-0.3002,0.4992,0.2603,-0.3607,-0.4014,-0.3205,-0.3503,-0.1005,0.0409,0.2254,-0.3441,-0.3709,0.5004,0.0679,0.2508,-0.3649,0.0441,0.0498,0.4687,0.5502,-0.3992,0.0472,0.4752,-0.0808
722,5782,108,6,cycling,6.0,108.0,5782.0,2.0,108.0,0.0865,-0.6962,0.0078,0.0145,-0.0699,0.0913,0.0322,1.4396,-0.0563,-0.0775,-0.5811,-0.0425,-0.5647,1.2366,-0.2043,0.1646,-0.1288,-0.1572,-0.2474,-0.288,0.1459,-0.2633,-0.171,-0.2956,-0.275,-0.3479,-0.1852,-0.3282,-0.3837,-0.3697,0.3581,0.4789,0.1931,0.3949,-0.3096,-0.1508,0.4421,-0.4885,-0.7703,0.9451,2.6041,0.0214,-0.1105,0.0277,-1.5592,0.0003,0.119,-0.0806,0.7068,-1.6764,-0.4091,3.837,0.2203,0.9876,-0.736,-0.1009,0.3016,-0.548,4.9532,5.3004,0.7742,-0.0506,-0.2604,1.8719,-1.8139,7.5375,-0.868,-0.907,0.8475,1.9325,-0.947,0.4991,0.7164,-0.2164,-0.8443,-0.8272,-0.4294,-0.1305,-0.3759,0.1011,-0.4677,-1.1129,0.4003,0.2806,0.3809,0.2254,-0.427,-0.0409,0.0755,0.2502,0.0456,-0.0151,-0.2244,-0.3508,-0.3407,-0.4751,0.2308,0.399,-0.3458,0.085,-0.0171,-0.4404,0.3705
723,5783,108,6,cycling,6.0,108.0,5783.0,2.0,108.0,0.0411,-0.5863,0.0513,0.0903,0.0145,0.085,-0.0042,1.5491,-0.1429,0.0698,-0.9798,-0.152,-0.3346,0.714,0.106,0.1207,0.2724,0.3125,0.1636,0.2569,0.2372,-0.2819,-0.1868,0.2635,-0.1765,0.4791,-0.227,-0.3499,0.3764,0.4489,0.8013,0.3962,-0.4646,-0.4979,-0.3043,-0.026,-0.5988,-1.7741,-0.6681,0.679,0.3853,-1.8076,-0.4092,0.1305,-1.5556,-0.4861,-0.0803,0.1505,-0.119,-1.7875,0.0007,0.7321,-0.8531,0.1121,-0.101,0.0508,0.0653,-0.3403,-0.8732,3.5215,2.9617,-0.545,0.301,-0.9324,5.9413,4.9512,0.4293,-0.0663,0.7413,-1.9744,-1.862,-0.3452,-0.2202,-0.4014,-0.847,0.5109,-0.3509,0.0493,-0.3649,0.3808,-1.8216,0.2162,-0.2508,0.2803,-0.0759,0.3756,-0.2606,-0.4673,0.0708,0.1102,0.0409,-0.0658,-0.4992,0.1004,-0.4405,-0.4757,-0.4502,-0.2253,-0.3207,-0.0667,0.4008,0.3003,-0.0111
724,5784,108,6,cycling,6.0,108.0,5784.0,2.0,108.0,0.1216,-0.7382,0.0866,0.006,0.0523,0.1431,0.044,1.5396,-0.0773,-0.017,-0.4572,0.0917,0.135,1.3569,-0.2968,0.0628,0.4254,-0.2218,-0.1159,-0.2774,-0.191,-0.3877,-0.3343,-0.038,0.2597,-0.3145,-0.3042,-0.3491,-0.2695,-0.4824,0.1547,0.8253,-0.2062,-0.5565,0.3686,0.0212,0.3944,-1.8961,-0.8893,0.5878,-0.7541,2.3796,0.0809,0.1015,-1.4963,-0.1508,-0.6467,-0.0509,-0.0493,-1.9899,0.1005,3.5421,-0.1108,0.8716,0.7985,0.5325,-0.7675,1.56,-0.463,4.0658,-0.9421,0.2163,0.0661,1.4004,5.5648,6.837,2.0443,-0.3006,-0.1191,1.4294,7.0663,0.9039,-1.0004,0.328,0.2254,-0.3454,-0.3018,-0.3991,0.0656,-0.4016,-0.5212,-1.3753,-0.0455,0.1126,-0.1303,0.3403,0.5006,0.0792,0.0453,0.0231,0.2605,-0.3509,-0.4677,-0.0449,-0.2807,-0.4684,-0.2304,-0.3806,-0.2506,-0.3647,-0.0981,-0.0708,-0.0798
725,5785,108,6,cycling,6.0,108.0,5785.0,2.0,108.0,0.0106,-0.7808,0.0074,0.0439,-0.0943,0.0518,-0.0772,1.3661,-0.0825,-0.0804,-0.582,-0.144,-0.1288,1.314,-0.1096,0.0323,0.1513,-0.336,0.1775,-0.289,0.0224,-0.377,-0.512,0.298,-0.1148,0.355,0.3868,0.9607,0.2784,-0.4469,0.1922,0.4626,-0.6616,-0.4967,-0.3079,0.4576,0.0286,-1.5542,0.1108,0.6594,-0.3482,0.0508,0.0003,0.1019,-1.4741,0.01,0.0151,0.001,-0.7791,-1.5921,-0.1003,0.877,0.0131,0.1308,-0.2307,0.1506,-0.3213,0.2169,2.5399,5.6364,3.9873,4.6216,-0.8316,6.8978,0.9726,-0.3015,-0.3703,0.5426,0.568,-0.4015,-0.3509,-1.8617,0.934,0.2209,0.4677,-0.9513,0.3005,0.4006,0.2808,0.3454,-1.6554,-0.0002,0.1195,-0.3605,0.2508,-0.5004,0.5216,-0.0456,0.3649,0.3808,-0.3756,0.2241,-0.1121,0.4505,-0.4706,-0.4754,-0.3407,0.2605,0.3995,0.052,-0.4291,0.2254,-0.0231
726,5786,108,6,cycling,6.0,108.0,5786.0,2.0,108.0,0.0973,-0.5143,0.056,0.0106,0.1143,-0.0465,0.1613,1.4665,-0.0068,0.1407,-0.8798,-0.0889,0.3346,1.3669,0.3103,0.1525,-0.1874,0.2866,-0.2785,-0.2072,0.1742,-0.2322,-0.2637,-0.1952,-0.1078,-0.2459,-0.2988,0.4584,-0.4962,-0.488,-0.1231,-0.585,0.477,-0.3941,0.026,0.9443,0.4035,-1.3092,0.3499,0.7175,2.5595,0.3853,-0.0364,0.0809,-1.6744,0.326,0.1004,-0.215,-0.5675,-1.7617,0.1012,3.9475,0.7987,0.9863,0.0007,0.1503,-0.0504,-0.3403,4.9761,5.9618,6.8214,-0.7793,0.838,-0.4018,0.1191,7.3015,1.3708,-0.1103,-0.0441,2.2808,-0.099,1.3805,-0.4001,-0.2161,0.399,-0.5466,1.5752,-0.4291,0.2203,0.0473,-0.4751,-1.1305,0.0476,0.0188,0.2257,-0.3458,0.3002,-0.3646,0.0644,0.2241,0.0788,-0.001,0.1122,-0.4994,-0.2308,-0.3758,-0.0708,0.4502,-0.2608,-0.0941,0.3503,0.0065,0.0442
727,5787,108,6,cycling,6.0,108.0,5787.0,2.0,108.0,0.0518,-0.5904,0.0169,-0.0766,-0.0072,0.1082,0.0645,1.549,-0.0908,0.035,-0.5549,-0.1625,-0.1433,1.4436,0.206,0.1365,0.2694,0.4254,-0.1758,-0.327,-0.394,0.7143,-0.1291,0.8131,-0.1961,0.1153,-0.2823,-0.2979,0.2762,-0.3878,0.4863,-0.229,-0.1595,0.2468,0.1009,-0.3746,-0.0493,0.3421,-0.0007,-0.3556,-1.7699,0.3213,0.4364,0.026,-1.987,-0.1122,0.0807,0.0507,0.6731,-1.8097,-0.3096,2.8941,0.4777,-0.1308,0.0485,-0.2205,0.0449,-0.0755,0.546,-0.7311,0.3457,0.0231,-0.101,3.8542,5.9375,4.0299,1.7475,0.861,-0.8851,-0.5215,1.3998,0.4007,-0.3018,-0.4679,-0.831,0.846,0.0658,-0.1506,0.119,-0.3809,-1.2808,0.3008,0.0581,-0.1105,-0.3608,0.7687,0.2252,0.0653,0.0456,-0.01,0.2308,-0.2609,-0.2504,-0.0447,0.2241,-0.3503,-0.0892,0.2162,0.3754,0.055,-0.0548,-0.0114,-0.0971
728,5788,108,6,cycling,6.0,108.0,5788.0,2.0,108.0,-0.0413,0.3156,-0.1256,0.0111,-0.0765,0.1046,0.068,1.4523,-0.0878,-0.0558,-0.4418,-0.1602,0.265,1.3389,0.1743,-0.1582,-0.1436,-0.0074,0.2781,0.307,-0.2553,-0.2896,0.414,0.5275,0.0979,-0.2962,-0.3775,0.1931,-0.9458,-0.2448,-0.1017,-0.2047,-0.0321,0.0506,-0.2297,0.354,-0.3472,-1.8778,-0.1195,0.3968,0.6399,-0.3849,-0.2604,-0.0803,-1.9859,-0.2202,0.1308,-0.0007,-0.609,-1.6985,0.428,2.6793,-0.6477,-0.3011,0.6684,0.5592,-0.3708,-0.8632,3.5413,0.874,-0.0456,-0.1006,0.1108,-0.8191,4.1503,-1.766,-0.0485,0.1129,-0.3002,2.9076,-0.3451,-0.9513,0.736,-0.83,-0.8356,0.4006,-0.2259,-0.3504,0.2169,-0.8986,0.523,0.2806,0.0194,0.0871,-0.4673,0.5005,0.0569,0.0755,0.0861,0.0851,0.0441,-0.4012,-0.0453,-0.3407,0.3757,-0.4809,0.4992,0.2508,-0.4503,-0.3804,-0.4759,-0.5757,-0.4166
729,5789,108,6,cycling,6.0,108.0,5789.0,2.0,108.0,-0.1394,-0.6975,0.1053,-0.0874,0.0695,-0.1148,-0.055,1.3372,-0.0742,-0.0178,-0.4277,-0.1236,-0.1404,1.159,0.2397,-0.0973,0.1659,-0.1749,0.2631,-0.2279,-0.007,0.2785,-0.0218,-0.3294,-0.2458,-0.1903,0.4077,-0.3088,0.2862,-0.2039,0.5358,-0.2987,0.2552,0.727,-0.8981,-0.4496,-0.6037,0.5584,0.648,0.6851,0.3882,-0.4799,-0.1019,-0.1126,-1.7621,-0.4532,0.0804,0.1197,-0.3546,-1.3493,2.6563,3.4019,0.4344,0.6681,0.1505,0.5475,-0.2602,-0.6713,0.561,4.1105,-0.1309,0.0005,0.0508,-0.4006,5.4807,1.864,2.3507,-0.3407,-0.3015,-0.6249,1.1005,-0.3703,0.3759,-0.2804,0.3459,-1.8191,0.4291,0.3644,0.2209,0.5753,-1.2251,-0.2505,0.3606,-0.3003,-0.2169,-0.4693,0.838,-0.0456,0.0561,0.0447,0.3806,0.3997,0.3207,-0.411,-0.0592,0.4509,0.2304,0.2246,-0.3441,0.0453,0.0063,0.3114,0.0171
730,5790,108,6,cycling,6.0,108.0,5790.0,2.0,108.0,0.0018,-0.6686,0.0109,-0.0797,0.0568,0.061,0.0325,1.3717,-0.0894,-0.1143,-0.839,-0.042,0.1658,1.3222,-0.2291,0.2327,0.1455,0.126,0.3329,-0.2884,-0.3956,0.1572,0.2488,-0.1362,0.2685,-0.3896,0.1951,-0.347,0.444,-0.3674,-0.0212,0.3095,-0.727,0.5063,-0.4223,0.4746,-0.3569,-1.9554,0.6577,-0.4598,0.7931,2.9987,0.5941,0.0509,-1.4861,-0.4973,0.0003,-0.1305,0.538,-1.7893,3.8971,4.6783,0.7554,0.6492,0.1503,-0.3211,-0.1018,-0.7621,5.0999,7.4295,-0.3709,0.428,-0.3451,6.8255,-0.3991,0.2603,0.4012,-0.1194,0.0658,1.0806,-0.4005,0.3509,0.2208,-0.4407,-0.3604,-0.2808,0.4671,-0.3643,-0.2163,0.1005,-1.4504,-0.3005,0.3208,-0.3011,0.2246,0.5004,0.2305,-0.3409,-0.4808,0.3805,-0.2259,-0.0443,0.1102,0.5213,0.2504,0.4705,0.4681,-0.4991,-0.6559,-0.4168,0.1129,-0.1282,-0.0548
731,5791,108,6,cycling,6.0,108.0,5791.0,2.0,108.0,0.045,-0.4234,0.0846,0.0036,-0.106,0.034,0.0933,1.549,-0.0774,0.0105,-0.2695,0.1156,0.2743,0.5825,0.172,0.1364,-0.2466,-0.129,0.1689,-0.1439,0.1555,-0.1852,-0.3877,-0.0632,0.3145,0.2979,-0.2297,0.3598,-0.1949,0.2821,-0.4537,-0.3023,0.348,0.4475,0.1017,0.028,0.0332,-0.6961,0.6563,0.4851,0.4792,0.8139,-0.1109,-0.1304,-1.8831,-0.0257,-0.0003,0.0231,0.2209,-1.6793,0.0508,3.545,0.1508,0.0803,-0.5976,0.1004,0.7084,4.8768,2.9953,5.9675,6.723,8.7873,7.8544,-0.421,-0.3457,-0.4004,-0.3015,-0.0277,0.1192,0.2254,-0.0755,-0.3707,-0.9427,0.1126,-0.836,-0.3405,-1.4018,0.3756,-0.2244,0.2603,0.821,-1.621,-0.0781,0.2502,0.2169,-0.867,0.4405,-0.3606,-0.4298,0.2803,0.4689,-0.3205,-0.2308,-0.3507,0.399,-0.0447,-0.5756,0.0456,0.4504,-0.4674,-0.0658,0.415,-0.4704
732,5792,108,6,cycling,6.0,108.0,5792.0,2.0,108.0,0.0585,-0.6962,0.0116,-0.0079,0.0764,0.0849,-0.0917,1.5861,-0.0499,-0.069,-0.5187,-0.1025,0.416,0.3613,-0.2789,0.1229,-0.1178,-0.3168,0.282,0.1556,0.035,0.2694,0.3063,-0.3344,0.1419,0.3765,0.4086,0.2224,-0.1832,0.2348,-0.1009,0.1507,0.0008,0.026,-0.1102,0.0508,0.457,-1.3943,-0.1015,0.468,0.6851,0.3572,0.0663,-0.0806,-1.4767,-0.1197,-0.3431,0.2259,-0.6684,-1.5538,0.0658,0.5983,0.1129,0.3019,0.5325,0.2169,-0.1305,-0.2603,0.7798,-0.8721,2.9675,-0.3409,0.2503,3.5224,6.9742,4.5466,-0.7627,0.4018,0.0443,0.7311,5.9566,-0.099,0.8893,-0.0756,-0.3456,-0.4677,-0.4298,0.4687,0.3509,0.399,-1.5756,0.0477,0.2208,0.4005,-0.0449,0.2807,0.7436,0.2308,-0.3709,-0.3648,-0.3447,-0.3008,0.3804,-0.4806,0.3603,0.4137,0.5506,-0.2244,0.411,-0.3208,0.4406,-0.1371,0.4708
733,5793,108,6,cycling,6.0,108.0,5793.0,2.0,108.0,0.0069,-0.727,0.0417,-0.0107,0.0856,-0.038,0.0944,1.3562,-0.0546,-0.1061,-0.9355,-0.1359,-0.239,1.3973,-0.0695,0.1402,0.1115,0.2637,0.2066,-0.2271,-0.1668,0.1297,-0.1865,-0.4168,-0.2447,-0.3078,0.2983,0.5143,-0.2548,-0.3684,0.1932,0.3125,0.3389,0.0008,-0.1191,0.1129,0.2751,-1.5896,0.3881,-0.2863,0.456,0.7955,-0.1005,0.1506,-1.7799,-0.0507,0.4082,0.7021,-0.3487,-1.8875,0.545,2.4967,0.8564,0.4216,-0.1304,0.0803,-0.2604,-0.4326,4.728,3.5225,1.7431,-0.3641,0.5328,6.9892,7.1012,1.9427,0.3014,-0.7628,0.0708,-0.8615,5.5753,0.2805,-1.7443,-0.3406,-0.2259,0.4299,0.3456,-0.3704,0.3803,0.2204,-1.4403,0.2506,-0.1103,0.3603,0.3995,-0.4504,0.4671,-0.4017,-0.4802,0.0891,0.0455,0.2305,0.2162,0.4689,0.3506,-0.3203,0.2243,0.0447,0.0908,0.0791,-0.0041,-0.0456,-0.01
734,5794,108,6,cycling,6.0,108.0,5794.0,2.0,108.0,-0.0102,-0.6896,0.0462,0.0069,-0.0399,-0.0625,0.075,1.3948,-0.0565,0.0879,-0.4232,-0.0963,-0.1082,1.2636,0.1156,0.1423,0.1555,0.188,-0.229,0.2985,0.2824,0.126,0.3872,0.3319,0.1345,0.2078,0.4077,0.3168,0.357,0.1786,-0.1674,0.2783,0.1507,0.1309,0.0007,0.0508,0.4776,2.5165,0.3464,-0.5944,0.6793,0.4937,0.5321,-0.1105,-1.4675,-0.1191,-0.0809,-0.3073,0.1018,-1.5891,0.6697,0.2807,0.8932,0.8884,0.1003,0.528,0.4311,0.3404,-0.3502,3.4294,5.3003,4.4005,0.9531,0.1127,-0.9892,-0.54,1.8742,0.0663,-0.0646,0.3018,-0.3994,-0.2254,-0.499,-0.3456,-0.4505,-0.3756,-0.4014,-0.2161,-0.0662,0.2302,-1.2607,-0.2506,-0.4753,-0.3707,0.2204,0.6553,-0.3603,0.0753,-0.3805,0.3207,-0.0551,0.055,0.0409,0.3642,-0.0455,-0.0541,-0.4408,-0.4703,-0.01,0.0581,-0.4673,-0.0165,-0.0247
735,5795,108,6,cycling,6.0,108.0,5795.0,2.0,108.0,0.0116,-0.7298,0.0066,0.0438,0.0328,0.0008,0.0585,1.5145,-0.0908,0.067,-0.5081,-0.0774,0.3102,0.256,-0.1255,0.1156,-0.2488,0.2349,0.1429,0.228,-0.1835,-0.2769,-0.1702,-0.1063,-0.1346,-0.1543,-0.0803,0.1942,0.3053,0.2072,-0.1509,0.3677,0.269,-0.1104,-0.1006,-0.112,0.4076,-1.6797,-0.1017,-0.3392,-0.6599,-0.3421,0.3968,0.3787,-1.4589,-0.0507,-0.2807,0.4875,0.326,-1.847,-0.5896,2.8364,-0.5952,0.2607,-0.1304,0.4461,0.0658,0.4773,3.4017,4.9878,-0.7971,0.2258,0.3013,0.3409,5.8383,6.5281,0.3994,-0.3708,-0.5431,-0.9328,0.8617,-0.628,-0.0663,-0.2302,0.9412,-0.3646,-0.3757,-0.3606,-0.4005,0.1197,-0.4677,-0.0166,0.3001,-0.3456,0.2242,-0.0644,-0.4703,-0.0759,-0.089,-0.2207,0.0441,-0.1124,0.131,0.0658,-0.4998,0.0456,-0.3206,-0.1741,-0.4807,0.5002,0.429,-0.3508,0.0487
736,5796,108,6,cycling,6.0,108.0,5796.0,2.0,108.0,0.1067,0.5648,-0.1172,0.0925,0.0798,-0.0327,0.1294,1.4077,-0.0589,-0.0645,-0.9236,-0.1379,-0.0465,1.3222,-0.2347,0.228,-0.0143,0.1855,0.2036,0.2624,0.147,0.0066,0.1535,-0.417,0.0897,0.2974,-0.1656,-0.1018,0.1733,0.025,-0.1952,0.3785,0.3962,-0.0807,-0.1505,0.2863,0.309,-1.5868,0.1193,0.3421,-0.4946,0.8876,0.1305,0.0355,-1.4869,0.1002,0.3882,0.6075,0.6492,-1.4499,0.1107,-0.7312,2.5961,-0.8732,-0.7884,0.2166,-0.4211,-0.8312,4.5431,3.5326,0.512,-0.0005,-0.0448,5.9541,0.839,-0.4013,-0.934,2.4137,0.0509,-0.3993,0.3014,-0.863,-0.429,0.4009,0.3408,-0.3605,0.3806,0.3458,0.2509,-0.4505,0.1124,-0.4995,-0.3708,-0.0661,-0.0755,0.5759,-0.2602,-0.3505,0.2242,0.2205,0.0409,0.2306,-0.2809,-0.3441,-0.4679,0.0453,0.2258,-0.0647,-0.3006,0.5004,-0.0447,-0.3644,-0.0443
737,5797,108,6,cycling,6.0,108.0,5797.0,2.0,108.0,-0.0938,-0.6482,0.056,-0.1206,0.139,0.0068,0.0178,1.2783,-0.087,-0.0742,-0.4963,-0.0475,0.2066,1.1159,0.3143,0.1486,-0.1046,0.1928,-0.1581,0.1851,-0.2637,0.1654,0.033,-0.2288,0.2347,0.0507,0.1756,0.1009,-0.1505,0.2465,-0.2548,0.0219,0.3398,-0.3689,-0.0006,0.4277,-0.3469,-1.3558,-0.0804,-0.4592,0.4072,2.2979,0.8333,-0.5041,-1.5539,-0.1309,-0.4477,0.1193,-0.322,-1.628,-0.2209,3.6794,0.0277,-0.7421,0.1102,-0.3015,0.3458,-0.8516,-0.7699,0.5212,4.9527,0.846,-0.9631,-0.4015,0.8348,5.532,0.4364,0.8716,-0.3644,-0.1013,6.2604,1.4294,-0.7318,-0.2251,-0.938,-0.3994,-0.3707,0.0663,0.1126,-0.4687,-1.2304,-0.0761,-0.3752,-0.4759,0.3609,0.5753,0.2503,-0.1344,-0.3507,-0.0946,0.0157,-0.2808,0.0661,-0.0441,-0.4805,-0.3006,-0.3405,-0.0549,-0.2163,-0.5008,-0.3207,0.0591,-0.3441
738,5798,108,6,cycling,6.0,108.0,5798.0,2.0,108.0,-0.1046,-0.8383,0.0584,0.0699,0.0038,0.0169,0.1132,1.3287,-0.0773,0.035,-0.5927,-0.1325,0.2856,1.1536,-0.1843,0.142,0.2268,0.4256,-0.3581,0.1786,-0.0941,0.1223,0.3772,-0.0878,-0.2933,-0.2655,-0.5276,0.2463,-0.3919,0.3461,0.048,-0.7358,-0.1621,0.0009,-0.409,-0.1011,0.0214,-0.4795,-0.0803,-0.3096,0.5465,0.4877,-0.0504,0.1008,-1.5885,-0.0441,0.1194,0.4445,-0.2202,-1.4982,-0.1504,-0.667,0.1122,-0.6079,-0.1308,0.6775,-0.2605,2.531,3.748,5.837,4.766,-0.5212,0.6487,0.8831,1.1106,-0.8942,-0.9464,0.3408,-0.0443,-0.3451,2.9717,-1.8657,0.5013,-0.3992,0.2162,0.3509,0.3806,0.3756,0.2253,0.3009,-1.5757,-0.0941,0.3015,-0.2303,0.4758,-0.4236,0.3705,0.4402,-0.0456,0.0453,-0.0449,0.4671,0.0442,0.3206,0.4502,-0.4995,0.3441,0.2509,-0.5004,0.2808,-0.0962,-0.3647,-0.3607
739,5799,108,6,cycling,6.0,108.0,5799.0,2.0,108.0,0.0936,-0.8253,0.0475,0.0548,0.0639,0.0107,0.109,1.3869,-0.1146,-0.144,-0.4277,0.025,-0.3388,0.2756,0.1344,0.1234,-0.0842,-0.0061,0.3143,0.3095,0.0322,0.2447,0.1643,0.1774,0.1851,0.1558,0.2035,0.0505,-0.1925,-0.2328,-0.2981,-0.1107,-0.2698,0.0008,-0.1191,0.1503,-0.0806,-1.6072,0.3764,-0.4579,-0.6693,-0.5984,-0.1019,0.1005,-1.6792,0.1307,0.2305,0.4941,0.0409,-1.5565,-0.0472,-0.6863,0.3216,0.1122,-0.2254,0.2507,-0.788,0.7097,2.8921,4.5431,0.8712,0.0485,-0.2203,3.8567,7.86,0.7762,5.833,1.9619,-0.7675,-0.8212,6.9437,0.8129,0.5318,-0.3505,-0.3008,0.7322,-0.0448,0.3017,0.0191,-0.3805,-1.3451,0.0456,-0.0195,0.2809,0.3752,-0.2602,0.4992,0.4008,-0.4299,0.4018,0.0453,0.0458,-0.528,0.2162,0.5753,0.5005,-0.4754,-0.4503,-0.3407,-0.4672,-0.4709,-0.4803,0.3441
740,5800,108,6,cycling,6.0,108.0,5800.0,2.0,108.0,0.0525,-0.3254,0.038,0.0182,0.0936,0.0624,0.0717,1.3368,-0.1373,0.0885,-0.5746,-0.1429,0.2743,0.4357,0.1922,-0.156,0.5116,0.189,0.1638,0.0466,0.1155,0.124,0.282,0.0213,0.3788,0.2374,-0.1086,-0.2632,-0.1199,0.0804,-0.1122,0.3572,0.0007,-0.0508,-0.0047,-0.01,0.3053,-1.4489,-0.1103,-0.3497,-0.6542,2.397,0.1309,-0.4569,-0.1015,-1.5941,-0.2207,0.5084,-0.7821,0.7664,-1.6799,3.4896,0.7962,0.5431,-0.7598,0.2606,-0.1002,-0.5614,-0.8749,5.4297,4.7794,-0.3407,0.0448,-0.3997,0.3007,0.9527,1.2805,-0.3809,-0.1505,-0.8301,-0.3751,-0.635,1.7198,0.2165,-0.3014,-0.9217,-0.4015,-0.4007,-0.5753,-0.3454,0.4672,-1.4503,-0.3709,-0.2243,0.3508,0.9301,0.3209,-0.2252,0.4751,0.2508,-0.4687,0.3646,0.0646,0.4704,0.6001,0.4651,-0.6552,-0.4409,-0.5008,-0.7684,0.0981,-0.3606,-0.0755
741,5801,108,6,cycling,6.0,108.0,5801.0,2.0,108.0,0.1288,-0.7282,0.0645,-0.0327,0.0065,-0.0585,0.0881,1.3265,-0.0963,0.078,-0.5164,-0.1046,-0.1415,0.5961,0.1164,-0.135,-0.167,-0.2857,-0.2633,0.2979,0.1748,0.4277,0.1824,0.1937,-0.2099,0.0431,-0.2268,-0.0008,0.2553,0.2332,-0.306,-0.3867,-0.3439,0.4042,0.4775,0.3544,-0.9509,-1.7721,-0.3689,-0.5469,-0.4972,-0.8466,0.028,0.1017,-1.5592,0.1129,-0.1303,0.0456,0.2205,-1.9891,0.2606,0.8743,-0.1105,0.7871,-0.0803,0.1505,-0.3008,0.56,2.736,5.7423,3.9041,0.9401,-0.8211,-0.9626,4.4014,-0.8617,-0.3997,-0.1195,0.937,-0.9745,-1.7443,6.2161,0.1008,-0.838,-0.7624,0.3453,0.3408,-0.3014,-0.0808,-0.2254,0.3506,0.5224,0.0753,0.0898,0.2243,-0.6559,-0.4006,0.0509,0.3609,-0.3209,0.2304,0.4684,0.3759,-0.4679,0.4256,-0.3802,-0.4809,-0.5013,-0.2808,-0.621,-0.4997,-0.3704,-0.3441
742,5802,108,5,running,5.0,108.0,5802.0,2.0,108.0,4.1297,-0.7177,4.9085,1.8443,0.6354,2.6048,3.179,-1.327,5.0788,8.2879,6.0072,7.2477,9.3347,-1.2375,-2.3884,-0.5834,-0.3904,0.1555,-0.2719,0.3664,-0.015,0.1868,0.3066,0.1167,-0.147,-0.2962,-1.2035,-0.0582,-0.0616,-0.1343,0.4909,0.264,0.3765,-2.8022,-1.8525,-1.5721,-0.8941,0.561,-1.6344,-3.5903,0.9969,-0.4583,-0.028,-4.7632,0.5427,0.9431,-0.3456,0.9546,-0.9852,0.7874,-0.9638,-0.738,0.86,0.3804,0.8742,-0.3754,-2.3007,3.8477,-0.8249,-0.1018,-1.5013,-1.5341,0.7143,-1.839,0.4011,-0.399,-0.0508,-2.9552,-0.53,0.3015,0.1505,0.0286,-0.9344,-0.4295,-1.4991,-0.8193,-0.6011,-0.7999,-0.3402,-0.099,-1.1191,-3.5008,0.8192,0.3646,-0.0759,-0.0008,0.5165,-1.926,-1.1108,-0.4758,0.2602,-0.1305,-0.5648,-0.6607,0.5646,0.3709,-0.0441,-0.7291,-1.2162,-0.6303,0.2803,0.4504,0.0803
743,5803,108,5,running,5.0,108.0,5803.0,2.0,108.0,0.2469,-1.7396,0.0718,1.4255,3.9087,2.8191,5.1115,-0.6012,4.1205,6.0046,7.4535,9.1459,8.371,-0.2925,-1.2397,-1.384,1.3967,0.4877,0.3332,-0.166,-0.2692,1.0166,0.4722,-0.689,-0.175,0.1904,0.3496,0.3681,0.0953,-0.4941,0.1398,-1.558,-0.2772,-0.7831,-1.7965,-2.5883,0.757,-0.5799,0.2085,3.4464,-0.9542,1.8743,1.8976,-0.2891,0.5754,-2.843,0.5621,-0.7475,0.866,-0.945,-0.1014,0.0493,-0.0697,-1.8443,1.8854,10.636,-1.521,-1.032,-0.028,-0.622,-0.0404,-0.0007,2.0504,0.7169,-0.934,0.3015,0.8224,-1.0658,3.1109,-0.5647,0.7312,-0.7459,0.429,1.5663,0.2608,-1.1304,2.3759,-0.914,0.3641,-1.4993,-0.3703,-2.799,-0.0704,-0.1192,-1.6176,-0.3453,-1.2253,1.9458,-0.4002,-3.6999,0.4392,0.8998,0.9278,-0.0667,-1.4222,0.2169,0.9452,-0.1008,0.4651,-0.4018,-1.1506,0.2806,-0.8181
744,5804,108,5,running,5.0,108.0,5804.0,2.0,108.0,1.0088,0.0334,-3.8116,1.6072,2.8919,3.714,4.9177,-6.2915,7.5064,6.2779,5.1763,-4.2897,-3.2675,0.139,-4.2495,9.1057,0.0961,-0.3976,-0.0784,-0.2041,0.0885,-1.2535,0.1462,-0.3099,0.2274,0.3856,0.407,0.3386,-2.0523,0.1268,-0.0632,-0.0142,1.1802,-3.5549,2.7811,3.8066,0.6534,0.1698,-1.6746,-0.4791,0.0475,0.4492,-4.7794,-1.8737,0.5436,0.4543,-3.5931,1.5896,0.528,0.4873,0.4017,-0.0508,0.0005,-0.0239,-4.5321,8.6981,-5.8213,10.0345,1.9301,-0.0456,-0.1505,3.1015,-1.1195,0.9238,-0.838,0.4002,0.4506,-0.2604,1.5249,-0.3004,0.2164,-0.2808,1.3457,0.9079,-0.5157,-0.5373,-0.3018,-0.1102,0.4646,-0.3706,-0.1003,-1.8986,-0.5173,-0.3804,-0.4671,-0.3997,-0.4293,-1.9443,0.5009,-0.0809,0.0658,-0.2253,-0.4406,-1.5693,0.3648,-1.1305,-1.4751,-0.8482,0.4232,-0.8273,0.4805,0.6003,-0.3751
745,5805,108,5,running,5.0,108.0,5805.0,2.0,108.0,4.9452,-0.1232,3.8348,2.7016,1.502,0.889,6.167,-1.0963,7.3136,4.1446,5.078,8.1866,-0.2555,-0.3586,-6.2983,-3.3775,0.2368,0.4905,1.3057,-1.336,-0.4524,-0.3897,-0.1519,0.1706,0.4028,0.0036,1.5843,1.0139,-0.2789,-0.1079,-2.6904,-0.4872,-0.4742,2.5911,0.7741,9.7899,-1.1385,-0.0822,2.3493,0.6567,-2.6496,0.2698,-0.7344,-4.9531,0.5263,0.5421,-1.7428,-0.622,0.5215,-0.56,0.026,-0.8426,0.0404,-0.9439,-2.5753,10.8224,1.768,-0.0507,0.0488,0.3505,0.4014,1.8716,3.9265,0.038,0.3009,1.9238,-1.0457,2.7164,-0.1109,0.1191,-0.2167,0.0006,0.1303,1.0491,-1.4007,-1.3015,-0.928,0.3808,-0.531,0.1005,-0.3708,-0.3457,0.416,0.2807,-0.3649,-1.8778,-2.3994,0.3405,3.5333,0.9451,-0.7684,-0.4505,0.4295,-0.727,-2.0803,0.6276,-0.8458,0.3752,0.1502,-0.7233,0.1015,-0.5004,-1.6003
746,5806,108,5,running,5.0,108.0,5806.0,2.0,108.0,0.3182,-0.8273,0.1053,1.6161,2.5042,5.4252,6.3396,-1.1572,3.6064,4.5865,8.1395,0.4824,7.0905,-1.1786,-0.7447,0.2328,1.169,-1.2675,0.3963,0.0811,-0.1852,-0.4936,-1.9074,0.0157,0.3868,0.4546,-0.1235,-0.29,-0.0622,-1.447,-1.2037,-0.794,-1.898,-0.1499,1.2719,2.2591,1.8843,0.4793,-1.853,-1.5967,0.6976,0.047,0.032,-3.3421,0.545,-0.0225,0.0131,-0.6661,-0.9874,-0.5578,-0.7782,-0.5619,-0.3012,-3.8482,-4.845,10.838,9.8732,0.9475,-0.1105,-0.1005,-0.7316,-1.9741,-1.7406,-0.5121,0.7294,-0.3506,-0.3005,-1.6011,-0.1196,0.8986,-0.1124,-0.4991,0.3643,0.1017,1.0441,-0.922,-1.3991,0.0007,-0.0509,-0.3451,-1.719,-2.8477,0.8398,-0.0663,-0.3756,-1.1506,-0.0809,-0.2305,-0.8998,-2.3406,-0.0456,-1.0449,-0.4677,-0.2164,-0.5443,0.5014,-0.6234,-0.5757,-0.8493,-0.909,-0.5001,0.4758,-1.2809
747,5807,108,5,running,5.0,108.0,5807.0,2.0,108.0,0.0105,2.7177,-1.007,0.331,1.9071,3.8255,6.6011,-3.089,4.2872,5.0942,7.4236,-2.2548,8.2366,-2.5088,1.5598,-0.1586,-0.3074,-1.3876,0.1762,0.4958,0.4539,-0.3513,-0.4468,-0.3782,0.2983,-0.182,-0.1611,0.4064,-0.1246,0.1943,-1.6575,-0.2695,0.2459,-1.0699,-0.2704,-2.3687,-1.7863,0.4767,-4.5741,-0.3496,-0.1491,-0.2269,-0.1015,-0.3212,0.5421,-2.8961,-0.1009,-0.7981,-0.0209,-1.608,0.0364,-0.5617,-1.619,-2.9731,-0.7773,-4.6358,10.8475,-0.6193,-0.9411,-0.5263,-3.0214,-0.537,-1.9324,0.3015,-0.5689,0.3405,-0.8569,-3.521,0.3006,1.5754,-0.2166,-0.4298,-0.0992,0.9214,-0.3647,-2.1197,-0.1126,-0.3457,-1.4017,-0.0999,-1.0005,-0.3709,-0.2609,-0.4232,-0.2259,-1.4991,-0.5491,-2.4008,-0.4504,-0.0502,-0.3805,0.849,0.4671,-0.9458,0.3509,-0.9286,0.9451,0.6504,0.1502,0.0803,-2.3997,0.9278,-1.4405
748,5808,108,5,running,5.0,108.0,5808.0,2.0,108.0,1.9062,0.6176,-3.0709,2.7164,3.8131,1.416,6.0517,-2.1245,4.0066,5.597,8.241,7.589,10.2989,-1.3946,-1.135,-0.2891,-0.1607,-0.0878,0.3882,-0.0955,-1.4819,-0.1857,-0.4915,-0.2099,-0.2535,-2.6072,-0.364,-2.2269,-0.3068,0.2694,-0.3765,-1.1479,0.8867,-0.0463,-0.0133,-2.7711,1.5623,-0.6481,9.9742,1.2752,-0.7531,-1.548,-5.9853,-0.3496,0.4462,-4.9547,0.8741,-0.321,-0.7617,0.5289,0.7321,0.119,0.0443,0.5237,-3.8468,-2.0212,-4.861,0.8511,-0.936,-0.4018,-0.7464,-4.1109,-1.4326,-0.9077,0.4008,-0.2602,0.0455,-3.1122,-0.3019,-0.5695,-0.6234,0.4194,-1.0506,1.9762,0.499,-0.4232,-1.9217,0.0992,-0.1504,-0.0375,-1.9666,-1.9078,-1.5802,-1.5013,-0.2805,-1.5753,-2.3458,-2.0456,2.6355,1.832,0.4651,-4.1011,0.4754,-0.099,-0.9452,0.6143,-0.7169,-2.5491,0.619,-1.6018,-0.9074,0.4295,-0.3706
749,5809,108,5,running,5.0,108.0,5809.0,2.0,108.0,3.0252,-1.2669,1.7177,2.149,0.9069,5.0889,3.4137,-1.6011,4.1795,6.8139,7.0063,9.1288,8.1349,-1.6039,-1.1857,2.2959,0.388,-0.4077,-0.307,0.2748,-0.1075,-0.0142,-0.0546,-0.1661,-0.0465,-1.2332,-1.2074,-0.4792,-0.5866,-1.6437,1.3696,0.2235,0.1941,-3.1179,-1.3334,-1.0778,-1.4525,-0.0955,-0.6897,0.2894,0.4467,-0.0399,1.865,2.8521,0.5424,-4.8315,0.9862,-1.5301,0.768,-0.432,0.3006,-0.021,-0.3459,-3.0378,1.9301,4.528,3.8431,1.099,0.877,-1.73,-0.5664,-3.5758,0.4236,-0.1509,0.1003,-0.825,-1.3015,-0.3751,-0.0759,-0.2607,-0.4012,-0.1308,-0.3994,1.4999,0.0209,-0.5997,-0.6163,-1.5695,-0.726,1.4993,-0.1105,-3.4506,0.8986,-0.2807,0.7233,-0.0996,-0.4005,-1.6286,-1.4249,0.3403,1.1014,-3.5495,0.4187,0.1192,-0.1122,-0.7291,0.0506,-1.5443,-0.3503,0.0407,-1.3806,0.8333,-0.4272
750,5810,108,5,running,5.0,108.0,5810.0,2.0,108.0,1.003,0.0569,-3.0712,1.0379,3.1345,2.0891,4.2467,-4.8343,5.9061,7.0111,-7.2962,6.6011,8.1555,-1.605,-1.0973,1.2036,-0.2389,-0.4839,0.2857,-2.6566,-0.1825,-0.2742,-0.3385,-0.3419,-0.8898,1.7922,-0.7046,-0.3549,-0.1496,-0.0438,0.3794,-0.1695,-0.4486,-0.4068,3.6432,-1.9721,0.1759,0.2692,-3.4793,1.8431,0.538,-0.9987,-0.7861,-0.7541,0.5615,-1.7772,-4.5411,1.036,-0.4301,-0.0999,-0.3992,-0.3453,0.764,-0.7464,-2.638,1.5121,-5.429,-0.0225,0.1507,-0.1005,-0.3019,0.835,0.9027,-1.1194,0.4012,-0.2605,-0.3505,-2.0007,-0.0509,-0.1011,-0.749,-1.0476,0.825,-1.099,1.3403,-1.099,-2.4994,-0.6602,-0.7291,-0.2807,-1.4001,-0.1122,0.9238,-1.0262,-0.6334,-1.5489,-1.417,-2.714,-0.7018,-0.3708,-2.3753,-0.839,-1.5214,-0.6016,-0.2163,-0.4508,0.7297,-0.619,0.1104,0.7447,0.5013,-1.727,0.1304
751,5811,108,5,running,5.0,108.0,5811.0,2.0,108.0,-0.0105,0.6602,-1.4223,2.9452,4.8981,1.3137,3.7116,-0.256,5.2785,6.249,8.1251,7.1719,-1.3572,-1.265,-4.2976,10.0983,0.452,-0.1532,0.181,0.3075,-0.0765,-0.2278,0.2847,-0.007,-0.3766,-1.6879,0.1386,-0.1646,0.4856,-1.3374,1.8831,0.0639,-0.1408,-4.2382,1.554,-0.0469,0.4963,-0.5944,0.3895,2.5499,-0.648,-1.9721,1.7743,3.538,0.5791,9.3684,-0.8967,-0.426,-0.3471,0.7326,0.9622,-0.8746,-0.034,-1.9411,0.0508,-0.4013,4.526,0.1193,-0.1104,-0.6225,-0.0211,2.1014,0.6334,0.0443,-0.3457,-0.3703,-0.4002,-0.2605,2.3997,0.8343,-0.4298,0.9509,-0.9213,0.6382,-1.979,-1.8986,-0.3232,-0.9328,-0.5131,-0.0999,-0.4806,-1.2807,1.1009,2.4993,-0.0998,-0.3408,-0.4272,-3.4271,-0.2164,-0.0004,-0.3805,-2.9798,0.9278,-0.1506,0.2254,0.9077,-0.4673,-0.3507,-1.5757,-0.1126,-1.1308,-0.0806,0.0493
752,5812,108,5,running,5.0,108.0,5812.0,2.0,108.0,0.2796,0.9355,-3.4187,3.6138,1.7231,2.6685,5.0865,-1.1788,4.1379,6.0972,7.3398,8.0547,9.2915,-1.188,-2.0163,-8.2636,-10.142,-1.4068,1.2411,-0.359,0.6055,-0.4882,0.6491,0.2523,-1.5949,0.7569,-1.0099,-0.3886,-0.3419,-0.3954,-0.3046,-0.2843,-1.4493,1.7741,4.1662,0.8906,-1.2281,-0.3767,-2.7871,-1.4561,-0.847,-0.0732,0.945,-5.7321,-0.5796,-0.5318,0.9742,-0.9539,-0.5625,0.3998,-0.528,0.8731,-0.022,0.036,-2.7436,-3.0466,4.4117,0.1192,-0.8326,-0.1503,-0.799,-3.7618,-2.6135,-0.3453,0.5009,-0.1003,-0.3707,-0.979,-2.4013,0.2603,-0.1105,-0.8181,0.8776,0.0506,0.1303,-0.414,-0.3009,-0.5145,-0.0992,1.3805,0.4503,-1.0709,-0.101,-1.0003,-1.417,-2.4992,-1.7178,-0.2253,-2.9458,-0.4293,-0.4234,-1.4189,-2.5759,-0.2165,-0.1129,-1.7495,0.3407,-0.3758,-0.8493,0.2808,-0.4678,-0.0803,-2.923
753,5813,108,5,running,5.0,108.0,5813.0,2.0,108.0,4.92,-0.7372,0.335,5.2655,3.8356,1.0163,2.8898,4.1597,6.319,7.0794,8.0895,9.0075,-6.1086,-1.1437,-0.178,0.354,-0.2968,-0.2391,0.4572,-0.169,-0.2271,0.4746,-1.3885,0.2848,0.3078,0.3632,0.2784,0.052,0.1944,0.3956,-0.1143,-0.6977,-0.2406,0.6512,0.1851,0.7079,-0.6492,-1.0983,0.0399,-0.6062,0.0434,-0.4953,-1.8974,-3.7321,0.6676,-4.8769,-1.5925,1.9636,-0.5695,-0.0215,-0.4225,0.6741,-0.5431,0.3408,2.9177,3.5761,3.5214,3.0999,1.8333,-0.9345,0.2167,0.1198,-0.1015,-0.8213,-0.1004,0.0441,-0.0006,-1.301,-0.0807,0.3005,-0.0685,0.3705,-0.8759,0.2602,-1.9236,-0.4272,-1.9069,1.959,0.3453,-1.1505,-0.4665,-1.1302,-0.5678,-1.8398,-0.4674,-1.0209,-0.3646,-1.4297,-3.1121,-0.5141,0.8348,-1.9773,0.3751,-0.2806,-0.0451,0.4011,0.5002,-2.7406,0.5752,0.4508,-2.4242,-0.0679,-0.1108
754,5814,108,5,running,5.0,108.0,5814.0,2.0,108.0,1.0802,0.2394,2.7116,-3.912,1.5569,3.1701,6.6014,-4.115,5.2976,4.6064,9.8139,8.0589,7.2732,0.169,-4.087,-0.1868,-0.4925,1.072,-0.1036,-1.0933,-0.4886,0.0078,0.4584,-0.3783,-0.4798,-0.3882,-0.0628,0.2463,-0.6713,0.1204,-0.3943,-1.7973,1.2697,2.1585,-0.7741,-2.354,-0.1962,-0.6634,-1.543,3.6593,-0.5902,-0.9988,0.7546,-0.428,-4.8721,-0.4422,-0.5791,-1.747,-0.5631,-0.53,-0.726,-0.1014,-0.9568,-0.3019,-0.0344,0.968,-0.4012,-0.2803,-0.5216,0.3993,0.3453,3.3709,-0.0472,-0.1121,-0.1509,-0.3506,-0.0508,-0.1003,-2.3406,-1.6805,-0.3005,-0.4991,-0.8657,1.5752,-0.1305,-0.1197,-1.3642,-1.4293,1.0476,-1.6135,-0.3753,-0.6451,-0.0449,-0.7447,-1.9217,-0.0992,-0.5648,-1.2606,-0.0663,-0.0009,-3.4677,-0.2257,-0.4502,-0.0806,-0.6556,-1.9381,-1.2163,0.4005,0.9458,0.9069,-0.8754,0.5644,-1.7169
755,5815,108,5,running,5.0,108.0,5815.0,2.0,108.0,1.0969,-0.0168,4.1288,0.0063,3.9452,1.7291,2.839,5.427,-3.0791,7.2651,6.0577,0.5565,8.3395,-1.3948,-0.209,0.3718,0.6014,-0.1046,-1.1349,0.2432,-0.2982,-0.4798,-0.3886,-0.348,-0.2362,-0.1181,-0.1736,2.6619,-0.046,-0.3042,-0.1692,-0.4064,0.5902,3.7572,-1.6728,3.9925,1.3521,0.2753,-0.085,-0.7078,-0.2273,0.1487,4.7903,0.4344,0.4574,-5.947,0.5793,-0.0696,-2.5631,-0.5425,-0.1305,0.5213,0.4995,2.6103,1.8541,2.8971,9.7611,0.0448,-0.8798,-0.3404,0.0506,4.848,-2.7709,-0.1103,0.8311,-0.1014,0.0404,2.9744,-2.5758,-0.3995,0.0807,0.2603,-0.0493,0.8755,0.899,-0.3707,-0.1508,-0.3009,0.3457,-1.0663,-2.8348,-1.4017,-1.5997,-0.3751,-0.7808,-1.1192,-3.3503,-0.0456,-0.0009,-0.0998,-0.5703,0.6176,-2.5006,-0.0447,-1.614,-0.0472,0.3805,0.4296,0.9123,-0.4003,0.1003,0.2807,-1.2257
756,5816,108,5,running,5.0,108.0,5816.0,2.0,108.0,3.4252,-0.0561,2.7183,1.35,3.6143,0.9062,4.8967,-1.1825,5.8131,7.0165,6.1782,8.1591,0.3347,-1.2959,-1.098,9.135,-0.2457,1.0794,-0.0872,1.3866,-0.1155,0.3697,0.457,0.4923,-0.1439,0.1088,-0.2085,0.2863,1.2695,-0.4086,-0.489,-0.0464,-0.2277,0.2773,1.346,-0.4321,-1.9874,0.7519,-1.6912,-0.3787,-0.4699,-1.6844,-0.7854,-0.3093,0.5631,-5.8317,-0.0326,-0.7942,0.847,0.4993,-0.3008,-0.528,-0.536,0.3991,1.921,2.025,3.5263,1.6216,-0.323,0.1194,1.3018,3.9627,-0.1011,0.767,-0.3751,-0.0403,0.4292,-2.3406,-0.0441,0.4502,-0.3454,-0.0004,-0.4673,0.3707,-0.8998,-1.4007,-0.2605,-0.1308,-0.1124,0.0506,0.5276,-0.2809,-0.1004,-0.3807,-0.4754,-0.4803,-0.3504,-0.1109,-0.5647,-0.3643,-0.4016,-0.4405,-0.7136,-0.2259,-0.2161,0.3203,-0.2309,0.0456,-0.4265,0.2241,-0.1502,-0.3123,0.5695
757,5817,108,5,running,5.0,108.0,5817.0,2.0,108.0,1.9164,-0.4999,0.2398,1.1804,2.087,3.0979,4.2701,-0.6011,5.7143,7.5905,6.814,9.3872,8.312,-0.3789,-1.261,-2.1407,-1.3577,-0.3074,1.206,0.0069,-0.2485,0.2547,-0.5536,-0.168,0.1583,-0.4466,0.1256,-0.4049,-0.1946,0.4821,-0.3329,-0.6541,0.6843,-0.0693,2.7596,-0.1395,-0.3463,0.0399,-1.229,-0.1167,0.6461,0.4582,-3.5094,-0.3928,-1.5781,-0.4297,-4.8731,-0.7876,0.8892,-1.5364,0.7321,0.8632,-0.022,-0.847,-1.8191,-4.9742,-2.3994,-0.5413,-0.625,-0.1105,0.3008,-0.3508,-1.8492,-1.1192,-0.5214,-0.1011,0.2602,1.3404,-3.6105,-0.6014,0.4506,0.1008,0.4009,0.4396,0.3454,-0.2164,0.7198,-0.3705,0.8776,-1.4277,0.5013,-1.1509,-1.5018,-0.499,-0.6298,-1.1129,-1.0992,-2.0441,-0.7358,-0.8016,-0.3015,-1.979,0.6173,-0.5131,-0.3125,-0.0658,0.4804,-0.1307,-1.0755,0.5116,0.4753,-0.6011,-0.3756
758,5818,108,5,running,5.0,108.0,5818.0,2.0,108.0,-1.1298,0.7604,3.416,-0.2365,2.9509,1.8776,4.2672,-1.6011,5.074,6.3114,7.052,8.2482,9.086,-0.2962,-4.0189,1.1433,0.385,-1.1549,-1.1613,-0.441,-0.6928,-0.27,0.4819,-0.8822,0.6631,2.0439,-1.5947,0.7063,0.1186,0.3077,-3.1783,-0.4578,-1.2557,-1.0954,2.7941,0.3736,0.7592,-0.3574,-0.0399,1.6855,-0.848,-1.4664,-0.3213,-1.0696,0.3481,2.9721,0.6742,3.8193,1.768,-0.4311,-0.8547,-0.3706,-0.535,-0.7318,3.9551,-1.0441,-1.4143,1.5636,-0.8715,-0.0404,0.0239,3.8986,0.9433,-0.1196,-0.0213,-0.2167,0.5224,2.905,-0.1002,0.2808,0.3408,-0.3003,-1.0008,1.4993,-1.0403,-0.932,-0.0506,0.8492,1.914,-0.1106,-1.3759,-1.4008,-0.3459,-1.1508,-0.3013,-0.799,-4.0992,0.0998,-0.0808,-1.6999,-0.4303,-0.4277,-0.4751,-0.4505,-0.4265,-0.4679,-2.4018,-0.7709,0.3806,-0.4234,0.2609,-0.8013,-4.9554
759,5819,108,5,running,5.0,108.0,5819.0,2.0,108.0,1.3266,0.0069,-4.0372,3.8379,1.9451,4.7177,5.1592,2.265,7.1475,8.2925,6.2496,-6.0811,9.0157,-0.2759,-1.3597,-4.1078,0.602,0.334,1.1279,0.0774,-2.4568,-0.3856,0.0589,0.1744,0.2866,-0.167,0.0946,-3.4737,0.3099,1.7723,-0.038,-2.1804,-0.3906,-1.1398,-4.6582,-0.5572,-0.4849,0.3488,-0.1015,-3.8764,-0.3691,-1.4322,-2.738,-1.764,-2.8631,-0.0447,0.5648,-0.9321,1.9467,-0.1194,-0.9571,0.6313,-0.8427,-0.5432,2.8344,-0.8255,3.5997,1.532,-0.0216,0.8541,0.1305,-3.422,-0.9027,0.6214,-0.4005,-0.1504,-0.1104,-0.5225,-3.3998,0.1006,-0.2806,-0.3809,-0.5013,0.0286,0.4991,0.5443,-0.4017,-0.3014,1.5491,-1.4232,-1.0992,-0.2606,-1.7999,-0.4757,0.2165,-0.0503,-4.0257,-0.4665,-0.4299,-2.3709,-0.8273,0.9458,0.7198,-0.3508,0.3644,-0.4671,-0.4505,-1.0006,-2.1124,-0.6145,0.6014,-0.0409,-2.0249
760,5820,108,5,running,5.0,108.0,5820.0,2.0,108.0,-4.8398,-0.7143,3.6361,0.2552,1.9238,2.7788,4.0764,-1.1475,7.3155,5.2915,6.165,9.0874,8.007,-0.3872,-1.1768,10.2635,-0.0581,-0.2892,-0.1343,1.1154,-0.1023,-0.4076,0.0186,-0.556,-0.2702,0.1832,-0.4547,0.229,-0.3957,-1.1246,-0.0637,-1.6795,-0.1931,-3.0933,-2.8063,0.4904,-0.6921,-0.4434,3.3696,0.8766,-1.9924,-0.7978,1.538,-0.03,-1.3082,-0.6561,-0.9893,0.5956,-0.7329,0.0294,-0.625,-0.8948,0.9742,1.1014,-0.0508,-3.848,5.8547,1.4293,0.6014,-0.9426,2.8477,2.6451,2.3004,-0.5678,0.9089,0.1192,-2.714,4.5647,0.1103,-0.3016,0.8348,-0.0009,-0.4674,0.3642,1.2603,-1.8301,-1.9762,-0.2165,1.4303,-1.5703,-0.0806,-1.3453,-0.5157,-1.416,-0.5752,-0.2807,4.1309,-0.5013,-0.9278,-1.3703,0.5175,-0.8381,-0.4665,-0.0802,0.7177,-2.1506,-0.8192,-0.8122,-0.3508,0.8356,0.4234,-0.4003,-0.6103
761,5821,108,5,running,5.0,108.0,5821.0,2.0,108.0,4.3223,-0.0596,1.3572,5.7173,0.8381,2.129,3.6607,-1.017,4.9087,7.2332,6.2857,8.161,9.388,-1.2547,-0.2486,-0.0973,-0.3397,0.295,-0.3766,-0.2759,-0.4843,-0.393,0.1346,0.1475,0.1153,0.2265,-0.0655,0.3479,0.3685,-0.1594,-0.4056,-0.0769,-0.1749,-2.0064,-1.7867,0.9944,1.5426,-0.1931,-0.0318,0.8962,0.6091,-1.6874,-0.2092,3.0475,0.7761,-4.8898,0.7645,0.5014,-0.9542,0.1009,-0.847,0.3504,-1.5109,-0.0212,-0.8741,2.6135,1.8316,-1.63,0.4007,0.2608,-0.828,3.9344,1.521,-0.2805,0.4504,-0.3005,-0.3017,-2.9452,0.3759,-0.1505,-0.1198,-1.4236,-1.3804,0.4194,1.5759,1.8776,-1.0503,0.4272,-1.4994,0.4018,-1.3705,-0.0679,-1.599,-0.2164,-1.4751,-0.1306,-0.4646,3.3459,-0.1013,-0.0807,-0.7136,-1.6168,-1.3993,0.5506,-0.9659,-0.5004,-1.9553,0.3403,0.7808,1.0441,-0.1127,-2.9444,0.4296
762,5822,108,5,running,5.0,108.0,5822.0,2.0,108.0,1.0575,-0.13,0.9076,3.7173,1.4343,2.0873,4.2315,-1.091,6.1782,7.2555,8.6048,5.2891,11.1204,-0.334,-3.0111,0.1652,-0.8333,-0.375,-0.358,1.2964,-0.4569,-1.2086,-0.4943,-0.3879,0.2746,-0.6766,-0.3672,-0.2488,-1.5792,0.1944,0.0618,-0.1439,-0.4797,-0.6841,1.7078,-3.6595,2.7421,-0.5902,-3.8542,0.5426,-0.989,-0.893,-0.9399,-2.7732,-0.3494,0.6364,0.6215,0.038,-0.5631,-0.8326,0.845,0.877,0.3808,-1.9635,-1.7611,3.5311,-4.1196,-1.3994,-0.3011,-0.3403,-1.0508,3.8756,-3.0443,-0.3506,-0.2163,-0.4991,-0.2803,-3.4504,-0.1102,-1.5013,-0.619,-0.3453,1.3704,-0.4999,-0.3143,-1.6011,-2.0008,0.3005,-0.4234,-0.1305,-1.7233,-2.1014,-0.5751,-0.2607,-0.3752,-1.9452,-0.0663,-1.2259,-1.7016,-0.0802,0.5277,-2.1504,-0.7698,-0.9278,-0.3641,-0.4674,-2.1006,-0.5005,-0.9807,-0.3606,0.9706,0.8493,0.0662
763,5823,108,5,running,5.0,108.0,5823.0,2.0,108.0,1.42,-0.8191,2.3146,3.0568,1.089,0.5969,4.126,-0.7382,5.6602,6.2986,8.268,7.0979,11.1715,-1.002,9.9077,0.0165,-0.5066,-0.4549,-0.1343,0.3785,0.3538,-0.1833,0.4028,0.1148,-0.3963,-0.0431,0.1472,0.0399,-0.5578,0.3681,-1.1642,-0.2595,-1.2706,-0.471,-0.6788,-0.4624,-1.8922,0.7582,-0.3421,-3.7044,-1.5791,0.1941,0.9464,-4.3092,-0.3755,0.3211,-3.9345,-0.7613,-0.7761,-0.5625,-0.8744,0.9726,-0.7316,-0.5145,0.747,-3.8411,1.621,-3.537,-2.9611,-0.0508,-0.9852,3.833,0.023,-1.3016,-0.4013,-0.1013,-0.1002,-3.542,-0.3507,0.1109,-0.2808,0.0409,-1.3704,-0.8753,-0.416,-0.0996,-0.3992,0.3452,-0.4295,0.0756,-0.1502,0.1308,-0.0004,-0.4994,-0.2304,0.2253,-1.4406,-4.1199,1.1129,-0.3406,0.2607,-2.2169,-2.7177,0.0441,0.3805,-1.8776,-0.5759,0.2209,-0.0708,-0.7294,-0.4673,-0.839,-1.5337
764,5824,108,5,running,5.0,108.0,5824.0,2.0,108.0,0.6156,0.1463,-1.008,1.914,3.7372,2.7792,5.2701,-3.1259,4.2556,7.4137,8.206,6.3346,9.1655,-0.2638,-2.2981,-2.839,-0.0778,-0.1808,-1.2891,-1.3937,0.4536,0.1185,0.3475,0.0588,-0.4919,0.3568,0.1557,-0.0923,1.4422,0.4797,-0.307,0.139,-0.0631,-3.6972,-0.8942,0.4066,-2.6548,-0.171,-0.035,-4.9871,-0.8632,-1.7983,0.5421,0.7399,0.4328,4.9664,-1.9326,-0.0415,-1.7422,-0.0504,-0.1198,-0.8741,-0.9467,-1.8211,-0.0477,-3.8468,2.9561,2.0709,-0.0998,-0.2604,-0.626,-2.6602,-1.6999,-0.7169,-0.5301,-0.4002,-0.1106,-1.0441,0.766,-0.3008,-1.0215,-0.7489,0.3704,1.3456,-0.3018,-1.3993,-0.9607,-0.6708,-0.2805,-0.4677,-1.4298,1.9807,1.9659,-0.4187,-0.2166,-1.4272,-0.0003,-0.9451,0.5758,-0.5216,-0.4406,-2.3409,-1.4995,0.0759,-0.0449,-0.1129,-0.5165,0.5015,-0.4265,-0.1004,-0.1305,-0.3754,1.5018
765,5825,108,5,running,5.0,108.0,5825.0,2.0,108.0,3.7405,-0.1609,1.0898,3.9062,2.005,4.6353,0.8181,-1.181,6.4255,5.2769,7.1155,8.2346,9.1764,0.2885,2.3082,1.3772,-0.134,1.059,-0.2436,-1.1207,-0.0104,-0.388,-0.1595,-0.4788,-0.3573,0.3349,-0.2697,0.4863,-0.3962,-0.4419,-0.2984,-0.7931,-0.1468,0.8942,-0.6675,2.7786,-3.9961,0.5902,0.206,0.6791,0.6541,-0.8732,-1.3494,-0.4576,0.7074,0.5721,-2.2265,0.038,0.5311,0.545,-0.1507,-0.3457,0.5617,0.4399,3.6193,-0.9638,6.7852,1.836,0.3508,-0.1009,0.1194,0.1108,-0.2603,-0.3704,-1.4503,-1.2805,0.4014,0.0503,-0.3995,0.2164,-0.0806,-0.3013,1.0802,0.9313,0.4991,1.8443,-0.1121,-0.9217,0.3647,-0.1018,-0.4806,-1.8333,1.8192,-0.6355,0.5497,-0.4303,-1.9236,-4.0662,-0.0992,-0.3752,-0.4294,1.4272,-2.427,-0.7197,-0.3125,1.1305,-0.7136,-0.4402,-0.5276,-0.0999,0.2257,-2.0009,-1.3402
766,5826,108,5,running,5.0,108.0,5826.0,2.0,108.0,0.8398,-0.1394,4.6604,2.1786,3.8848,1.4252,0.7906,-1.2311,6.1691,7.7231,5.2457,8.317,11.2742,-0.298,-1.094,9.3397,1.1598,-0.182,-0.0064,0.9553,0.4728,-1.255,0.3681,-0.141,-0.2271,-0.0846,-0.3873,-0.0437,-0.0793,-0.1201,-0.4967,1.6919,-0.3068,4.756,3.3462,-0.0543,0.7096,-2.4572,0.4489,3.6695,-0.5976,0.8532,-0.9987,-1.7435,0.3977,0.6321,0.5531,0.5276,-1.5465,0.789,-0.3994,0.5214,-0.1013,3.562,1.4999,-0.5375,3.9236,0.0507,-0.842,-0.826,-0.1194,3.0324,3.9084,0.714,-0.3607,-0.1006,0.2607,3.5998,3.3003,0.3454,0.3015,-0.026,0.831,-1.6355,-0.6143,-0.3647,-0.0449,-0.0663,0.3759,-0.7177,-1.3707,-1.4017,-0.1307,-1.8148,-0.9224,-0.0441,-0.4001,1.3809,0.4993,-1.5759,-3.1105,-0.2167,-0.0498,-0.3404,-0.4806,-0.0992,-0.6296,0.8657,0.3503,-0.2807,-0.5696,0.5644,0.4509
767,5827,108,5,running,5.0,108.0,5827.0,2.0,108.0,0.0036,-1.2472,0.0107,0.1245,0.0856,0.1075,0.056,0.4794,-0.0413,0.0626,-0.3177,-0.1438,1.2979,-0.8898,0.174,0.1825,2.5944,3.7161,5.3569,4.1639,6.3322,-4.6691,7.4961,-1.9644,0.5586,0.6519,0.2063,-0.6741,-0.285,-1.8193,-6.158,0.4823,1.0943,-1.4634,0.1157,-0.307,0.0216,-0.9768,0.0006,0.0321,-0.3799,-0.0286,-0.0077,0.001,0.6492,0.0042,0.0196,0.0002,-0.0507,1.7853,-0.0583,-0.5431,0.1018,0.0173,0.1506,0.1102,0.0456,0.2607,-0.7632,-0.8987,-0.0806,0.1306,0.2306,-0.1006,-0.3709,0.119,0.3454,-0.3502,-0.0974,-0.1121,0.8569,0.8445,-0.2162,-0.0082,0.2509,-0.0071,0.0152,-0.1016,-0.0181,1.3759,-0.0209,0.0195,-0.02,0.0193,-0.0196,-0.5443,-0.0059,-0.01,0.0156,-0.0001,0.0205,-0.0072,0.0066,0.0051,0.0186,-0.0162,0.0057,0.0233,-0.0259,-0.0085,0.0059,0.0113,-0.0122
768,5828,108,5,running,5.0,108.0,5828.0,2.0,108.0,-0.2362,-0.6103,0.1369,2.0515,1.385,3.0811,4.1692,-1.8131,5.2742,6.9074,7.3372,8.0095,9.0166,-0.0986,-3.207,0.3536,0.2698,-2.559,0.1285,1.1463,1.4925,0.7387,-0.4832,0.3064,1.1099,0.1888,-1.7947,-0.5931,0.2975,1.5744,1.346,0.4089,0.3917,-1.6796,0.6856,-0.4622,-0.3778,0.4519,-2.0424,3.5465,0.7797,-2.848,0.0693,-1.7634,0.5759,0.035,-0.4321,0.021,0.741,-0.53,0.3404,0.8741,-0.7319,-1.945,-1.8344,-1.9796,-1.8986,-0.4014,0.5802,-0.1197,-0.2607,2.1102,-3.616,0.5213,0.3708,0.3458,-0.3003,-1.7684,-0.399,0.301,0.2806,-0.2254,-0.3758,0.9094,0.4998,-0.9084,-0.9069,1.5663,0.0441,-0.0508,-0.1508,-0.4292,0.1302,-0.1124,-0.2165,-0.0809,-0.2303,-0.4001,2.4807,0.8217,0.4404,1.7143,-0.2203,-0.1012,-0.1006,-0.4505,-0.0006,-1.5002,0.4687,0.6005,-0.3649,0.6504,-0.2502
769,5829,108,5,running,5.0,108.0,5829.0,2.0,108.0,1.0138,-0.1207,5.4106,3.7141,2.6011,1.9062,0.0547,-1.2655,6.1668,4.6096,7.1582,8.2757,9.3772,-0.3123,-0.0866,4.8695,-2.1093,0.2898,-0.2041,0.1436,-1.4095,-0.1389,-0.4886,1.1788,0.3597,-1.3085,0.0042,2.5092,-0.2279,-0.598,1.6511,-0.6718,-1.0973,4.3324,-0.4432,0.9925,-0.3963,-0.4931,1.2378,-0.7091,0.6987,-1.9445,3.046,0.4664,-1.5421,0.1902,-0.7475,0.7783,-0.3484,0.0326,-0.1503,-0.7619,0.4314,0.561,3.5277,5.5223,4.5999,11.6143,0.1199,0.5301,0.1014,2.0286,-0.3757,-0.0509,0.528,0.3015,-0.4007,0.4295,-0.3707,-0.1307,-0.4012,-0.1005,-0.9554,1.3008,0.9231,1.3405,-0.907,1.5002,0.0998,0.623,-0.4995,-1.4404,-0.1104,0.6276,-1.7387,-0.3453,-1.2163,-2.5647,0.4303,-0.2805,-0.7358,0.7294,-2.8754,-0.4504,-0.3646,-0.5758,-2.5165,0.3503,0.3805,1.2503,-0.0006,-0.7698,-0.0409
770,5830,108,5,running,5.0,108.0,5830.0,2.0,108.0,1.0373,-0.3136,1.8131,4.9084,0.0546,3.7372,2.1632,-0.2074,5.1868,6.6018,8.07,7.1203,-0.509,-2.2742,-1.2362,-0.8876,-1.3879,0.3782,-1.2486,-0.0185,1.596,1.1749,-0.2611,0.1461,-0.2898,0.3396,-0.1384,-0.2557,1.157,0.1055,0.2275,-1.3963,-0.0691,1.6744,-1.6681,1.6941,-0.0965,-0.4043,0.2978,1.0499,-1.5636,0.8902,-3.8047,-3.7764,0.3587,0.4852,0.4592,-0.7321,-0.1953,-0.3494,-0.5431,-0.9716,-0.0447,0.3707,2.9322,-0.8301,3.9511,9.512,-0.6286,-0.1003,-0.0644,1.1195,1.6276,1.414,0.3995,0.3009,-0.2208,1.726,3.7406,0.9355,-0.1013,-0.0009,0.8759,1.4503,-0.4994,0.7233,-1.9509,-0.2607,0.3643,0.5756,-1.3015,-2.9141,-0.2809,-1.4004,-0.1305,-0.0507,-0.0409,-1.1129,-3.0646,-0.9077,0.8657,0.4806,-2.0249,1.0473,-0.3406,-0.9554,-0.5165,-0.0653,-3.6104,-0.3456,-0.5013,0.9238,-1.1105
771,5831,108,5,running,5.0,108.0,5831.0,2.0,108.0,4.1346,-0.0065,2.317,0.8381,1.1736,3.1572,4.9452,-1.059,5.7016,6.0957,7.6355,9.0797,8.1875,-0.2688,-3.1256,-0.1479,-0.2982,-0.2585,-0.2364,-0.0143,0.0898,0.4074,0.3948,0.5963,0.3766,0.4516,-0.3389,0.4954,0.062,0.3586,0.3868,0.1095,-1.7791,-1.7099,2.2822,0.7842,-0.1903,0.2469,-1.3073,-2.676,-0.2702,-1.7634,0.1141,2.4794,-0.0432,-0.445,-1.968,-0.8317,1.8413,-0.5321,-0.0509,-0.5552,0.4997,0.3453,3.8712,0.3997,0.3644,10.8139,-0.628,-0.3705,-0.1106,2.5754,2.7143,-0.1509,-0.2164,0.2605,-1.3009,-2.9212,1.6014,-0.4507,0.1127,-0.4015,0.0003,1.2808,-1.9313,-0.1194,0.8493,-1.3015,-0.3756,-1.1014,-1.3408,-2.4168,-0.4303,0.4006,0.9236,-1.4357,-3.5002,0.0756,1.1005,-1.4805,0.9097,2.92,-1.4751,-0.3809,-0.5165,0.5249,-0.3502,0.3609,0.6006,-0.2307,-3.1307,-0.0803,0.4687
772,5832,108,5,running,5.0,108.0,5832.0,2.0,108.0,3.4272,-0.0892,0.0712,2.912,1.452,3.0903,5.8443,-1.271,6.7141,4.1795,7.0589,9.1344,8.619,0.388,-2.2488,-2.2839,-0.2556,-1.5586,1.1401,0.0078,-0.1659,-0.047,-0.2372,0.1511,0.2657,-0.5066,0.3418,0.2954,-0.0699,0.656,-0.4931,0.3398,0.6721,-1.3785,3.4763,-1.8422,-2.7742,-1.1952,-0.7975,0.3597,0.4074,-0.533,0.3664,-0.461,-3.4894,-0.4301,-0.6941,-0.1193,-0.689,-0.5109,-0.3707,-0.7613,0.9622,-2.621,-1.7301,-2.0213,-2.8139,-3.4303,-2.6014,-0.8747,0.3015,-1.8317,-1.3758,0.8214,0.9278,-0.3993,-0.1004,1.0477,-1.9452,0.4234,-0.2803,0.1015,1.8356,1.7175,-1.2606,0.5758,0.0493,0.6252,-0.938,-1.3457,-3.0663,-0.3809,-1.0507,-0.3509,-1.4993,-0.1126,-4.0008,0.5648,-1.1108,-0.4999,-0.4271,-1.0441,-0.4189,-0.7406,-0.4009,-0.0759,0.5164,-0.6145,-0.3002,0.4677,-2.2167,-1.4807,0.0472
773,5833,108,5,running,5.0,108.0,5833.0,2.0,108.0,0.1406,-1.4277,0.0059,3.6604,1.654,2.6897,4.0915,-1.3146,5.9177,6.0871,9.7139,7.1742,-8.2532,8.3872,-0.056,-0.2856,-1.3584,-0.2366,0.0792,-0.1864,-0.0174,-1.2486,-0.1369,-0.1088,-0.1657,-0.2277,-0.1148,-0.2981,0.3627,-0.2691,-0.1261,1.3095,0.4498,-1.0467,1.1946,-1.9975,-0.785,-0.2047,2.4549,0.5582,1.3989,0.7943,-2.348,-3.5321,-0.1129,0.379,0.7083,-0.028,0.7631,0.5464,0.931,-0.8716,-0.737,-0.3011,-0.637,-0.0399,-2.621,-2.968,-1.8568,0.5213,-0.4018,1.9413,1.512,-0.1103,-0.3505,0.4004,0.1503,1.0007,2.3408,0.101,-0.3452,0.1006,-0.0509,0.8776,1.4504,-0.2603,-1.0476,-0.2163,-0.0449,-1.499,-1.5143,0.0603,-0.4242,0.3002,-0.3648,-1.9708,-0.1302,3.5003,-0.2809,-0.4802,-0.3752,-1.0999,-0.414,-0.4751,1.3991,-0.3707,0.2307,-0.6001,-0.3804,-0.2208,0.4679,-0.0679,-0.1194
774,5834,108,5,running,5.0,108.0,5834.0,2.0,108.0,0.0582,-1.1269,0.0072,1.4222,2.0188,5.0778,3.8131,-3.6055,4.9603,6.7353,7.1343,8.3876,9.0936,-0.339,-0.1747,-6.2981,-0.4842,-0.2396,-0.391,-2.5927,1.162,0.1425,-0.4546,1.3537,-0.228,-0.6677,-0.7906,-0.1594,-0.504,0.0863,-2.1849,1.6789,-0.1904,0.9962,-1.2485,-1.2811,-1.9544,-0.7097,-1.6564,-1.6875,-0.2693,-0.8621,-0.5787,1.037,0.563,0.5753,0.5225,0.7431,-0.326,-0.534,-0.54,-0.0214,-1.9851,1.8435,-0.5143,0.8348,4.837,-0.4296,-0.7316,-0.3016,0.3506,-0.1127,3.0277,-1.2804,0.3003,-0.2251,-0.9214,-0.3758,-0.3405,0.3456,1.4003,-1.1017,-0.7449,0.3703,-1.1102,-0.8443,-0.0009,-1.0508,-0.4015,0.5373,-0.2307,-0.2605,0.1504,0.4678,-0.0456,-0.8491,-0.1194,-0.1302,-0.5008,-0.799,-0.8333,-0.3805,-0.4994,-0.4503,-0.0498,-0.2164,0.8492,0.1003,-0.2508,0.8488,0.4804,-0.0493,-0.0804
775,5835,108,5,running,5.0,108.0,5835.0,2.0,108.0,-3.0277,-0.1474,4.8343,0.2553,5.0092,1.4254,2.7139,3.5056,6.2389,7.9084,-1.3782,8.1764,9.0547,-1.2959,-0.0111,-6.0973,-0.3312,0.0772,-0.2268,-0.188,1.0436,0.2402,0.309,-0.3903,-0.1075,2.0696,-0.3884,-2.2893,-1.4943,-0.6598,-0.6694,-1.706,0.4588,-3.7867,1.1346,-2.5786,1.5542,-0.2085,4.1697,-0.8769,-0.1931,-0.3463,-1.2783,0.4041,0.4895,-1.7744,0.2632,-0.9951,-3.7954,-0.1552,-0.3454,0.7625,-0.3708,0.1194,-0.1013,-3.0477,3.3008,1.3409,1.0005,-0.0998,4.0507,-0.5481,2.2606,0.4009,-0.3502,-0.1005,-1.7382,4.5751,0.2165,0.4995,-0.2205,-0.9607,-1.8657,-0.619,0.4234,0.1506,0.1305,-0.3019,-1.3993,-0.2806,-0.1104,-1.0332,-0.839,-0.0409,-0.4674,-1.5009,3.6212,1.8333,0.8493,-0.4402,1.0661,-0.429,-1.0473,0.2254,-0.6143,0.099,0.7294,-1.4805,-0.3609,-0.0759,-0.0806,-0.3753,-2.5165
776,5836,108,5,running,5.0,108.0,5836.0,2.0,108.0,4.0588,-0.093,2.0103,1.7405,0.7969,3.6157,5.0797,-1.2368,4.1856,6.8798,7.1659,-3.1542,8.9443,-1.3738,-0.459,1.1396,-0.3347,-0.142,-0.1762,-0.4941,-0.3955,-0.1072,1.0475,0.4824,-0.0066,-0.1234,0.2821,0.2553,-0.2611,0.0699,0.088,0.026,0.2983,3.4063,-0.6465,0.2719,0.6792,-0.9844,-1.7843,3.9522,0.8957,1.465,3.7781,1.7071,-1.8735,-0.54,-0.7432,-0.9375,-0.5143,0.2603,0.5213,0.0488,0.3459,4.0473,-0.416,2.847,-2.8531,-1.3009,-0.0759,-0.7624,0.3018,2.8616,1.2808,0.5121,-0.1198,0.1009,-0.3407,1.0508,3.9427,-0.0448,-0.4508,0.8213,-0.3704,1.9644,0.7312,-0.1121,-0.3649,-0.1011,-0.0009,0.0662,-0.5648,-0.5013,-2.1102,1.5337,-0.3809,-1.9807,-0.1509,-2.5276,-0.4252,-0.9666,-1.3272,-0.2167,-0.1308,0.2253,-0.9236,0.5647,0.5263,-0.5758,-0.4006,-1.0441,0.3502,-0.3996,-0.3758
777,5837,108,5,running,5.0,108.0,5837.0,2.0,108.0,1.087,-0.4222,1.2901,2.0095,0.2385,3.3137,5.165,4.7017,7.8356,8.104,6.9706,9.1272,22.1345,-6.0594,-2.2757,-0.0775,-0.3511,0.4919,-0.3398,1.1569,0.066,0.689,0.1836,-0.2688,1.4762,0.3466,0.2459,0.2838,0.6791,1.2043,0.1465,-1.5564,-0.093,-0.4886,2.7877,-0.8903,0.2579,0.4483,-0.0439,-2.8053,-0.1756,-0.2271,0.3224,-1.9746,0.8721,-3.5499,-0.6344,0.1015,-0.7431,1.9627,-0.023,-0.768,-0.845,-0.0507,0.2804,-2.931,-4.1109,-1.1197,0.5249,-0.301,0.3997,-1.5225,3.7318,0.4016,0.3505,-0.4508,0.1008,-2.3706,-1.3809,0.0759,-0.2209,-0.1303,-0.2607,-0.979,1.3402,-0.9807,-0.429,-0.4225,0.3458,-0.3005,-1.7175,-1.8225,-0.3642,-0.3752,-0.2257,-0.4271,-0.4995,-2.4005,0.0663,-1.1505,-0.7178,-0.4672,0.5757,-0.0708,1.2167,-1.6506,0.7169,-1.0755,-0.3114,-1.0006,-1.4221,-0.4408,-1.7233
778,5838,108,5,running,5.0,108.0,5838.0,2.0,108.0,0.8497,-0.7231,2.007,3.6361,0.8869,1.9074,4.0595,-1.1386,5.3323,6.1565,7.3125,9.6048,8.2597,-1.189,-3.2657,-0.0168,0.1245,-0.3099,-1.1479,0.5577,-0.3675,-0.2962,-0.1063,0.175,-0.168,0.0694,-0.0884,-1.1154,-0.5967,-0.4074,-0.2872,0.3787,-0.0947,0.0435,3.8973,0.9856,-0.2269,-1.3949,-1.6685,-0.5344,-2.7834,-1.9327,-0.2482,-0.1942,0.4632,-0.4364,-3.7631,0.0321,-0.2165,0.2041,-0.5213,0.2805,0.022,0.8325,-0.5999,-4.96,-0.714,-0.4018,0.5109,-0.1009,-0.3409,1.9214,-1.3991,-0.1103,-0.3452,-0.4003,-1.6276,-0.1124,-0.3706,0.4236,-0.2602,-0.3642,1.3808,-0.499,1.1302,-1.0503,-1.3005,-0.0807,-0.3017,-0.9443,-0.1193,-2.8798,-0.3502,0.0006,-0.1504,-0.6355,-0.0169,2.9458,-2.4757,-0.5015,-0.6106,-3.4806,-0.7017,-0.8657,-1.7169,-0.4678,0.1017,-0.4403,0.909,-0.0456,-1.5013,0.4505,-0.5121
779,5839,108,5,running,5.0,108.0,5839.0,2.0,108.0,4.8252,-0.0798,2.0106,1.7185,4.1215,0.6011,3.9071,-3.2394,5.1613,6.0069,7.059,9.1772,11.5066,-0.2443,-0.1046,8.4837,-2.1859,-0.4909,0.1408,0.3057,-0.3496,-0.046,1.6827,-0.2597,-0.5565,-0.2835,-1.7563,0.2974,-1.782,0.3679,1.407,-0.3876,0.8895,3.9931,3.2645,-1.4762,-0.3311,0.7719,1.8541,-2.7321,1.8902,-0.6491,-0.038,3.8732,0.532,0.2213,-3.6781,-0.4471,0.8316,0.5427,0.1508,-0.3009,-0.4018,-0.8617,-1.0658,3.0286,1.935,1.9213,1.5611,0.0755,0.3509,2.8417,0.421,-0.2803,0.1108,1.1014,1.4006,1.5998,-2.4299,-0.1195,-0.1126,-0.2605,0.3994,1.8753,-0.0661,-0.0507,-2.9443,-0.3018,0.523,-0.2166,-0.0493,-1.4508,1.8214,-0.3643,-0.3454,-0.4754,-1.9236,-3.9278,-0.5648,-0.9355,-1.5005,-0.8356,-0.9644,-0.5757,-2.4406,0.3752,0.1309,-0.8016,-0.3809,0.4995,-0.0409,-0.3708,0.9708
780,5840,108,5,running,5.0,108.0,5840.0,2.0,108.0,1.914,0.1203,2.4999,1.8148,-0.0874,3.005,4.7169,-3.2332,6.1672,5.2595,7.1159,-6.1469,9.1075,-0.3888,-2.1866,0.1789,1.132,-0.2936,-1.3748,-0.1582,-0.2742,0.0157,0.0794,0.3524,-0.307,-0.4519,-0.3946,-0.4428,0.0691,-0.2661,-0.4792,-0.4931,-0.0983,-0.2268,-0.7743,0.3362,8.0578,-0.6581,-0.8734,0.7963,-0.0467,-1.8053,2.8599,-0.6496,0.559,4.546,0.8421,-0.5625,-1.736,-0.8613,0.766,-0.0662,-0.1191,-2.9741,-0.9893,-1.9452,-4.025,-3.6103,-0.523,-0.3457,0.1013,-0.4011,1.3751,-1.1508,-0.0443,0.2608,-0.0009,-1.3404,0.7382,0.3005,0.3805,-1.5665,-0.7358,1.9451,-0.3993,-1.2167,-0.4294,-0.6163,-1.0503,0.4674,-1.0663,-0.9231,-2.839,-0.0998,-0.3706,-1.0658,-0.4808,-1.0457,2.8751,-0.3014,-1.5009,0.5014,-0.0759,-3.8492,0.5752,-1.7291,-0.8482,-1.1005,-0.5145,-0.5165,-0.8483,-1.1129,-0.9278
781,5841,108,5,running,5.0,108.0,5841.0,2.0,108.0,1.0567,0.1536,-0.8383,1.6135,5.0077,2.9238,3.3394,-3.419,4.6074,7.0107,6.085,8.0972,-7.2552,9.2062,-0.3084,-0.3946,0.4911,-0.2975,-0.1395,-0.167,-0.2857,-0.2696,-0.3886,-0.354,0.189,0.0421,0.2468,-0.2213,0.4569,-0.4865,0.4798,0.3764,0.1078,-0.1466,2.5988,-2.1779,-1.4485,0.068,0.3497,-0.5543,-0.2751,0.2382,-3.1954,-1.8799,0.5612,-4.9345,-1.5326,-0.7613,-1.8139,-0.0505,0.8932,0.4214,-0.028,-0.1198,0.4014,0.5647,4.837,10.4297,-0.0327,0.1005,0.3502,-0.1124,-0.0472,0.3454,-0.4002,-0.1505,-0.2257,-0.2803,-0.3709,-0.0003,-0.1105,0.1306,1.2607,0.7328,-0.3646,-1.9085,-0.8443,-0.638,-2.3016,0.3009,-0.8798,-1.3997,1.5756,-0.9213,-0.6276,0.5002,-0.1011,-1.9458,-0.0603,-1.839,-0.4143,0.3754,0.4404,-2.8398,0.0451,0.4187,-0.2169,-2.4166,-0.9644,-1.4807,0.8754,0.4234,-0.3808
782,5842,108,5,running,5.0,108.0,5842.0,2.0,108.0,3.1569,-0.9156,3.6451,0.2697,2.0898,1.1479,4.2989,-1.4277,5.0981,7.7406,6.2746,8.0788,9.3343,-0.8356,-4.1613,-0.2374,0.0155,0.4084,-0.2035,-0.1744,-0.008,-0.3967,-0.2825,0.1087,-0.1865,-0.2449,0.0695,1.056,-0.4886,-0.1261,1.309,0.367,1.5056,-0.2277,3.7585,10.6499,-0.1159,0.3891,0.4766,-0.0321,-0.4519,0.7868,-3.7634,1.5741,-3.3793,0.6345,-0.5648,-0.5213,-1.8193,-0.326,0.0431,-0.545,-0.946,-0.734,-1.0257,1.9554,5.625,1.53,-0.3451,-0.399,-0.1503,-0.101,3.9617,-0.7211,0.1194,-0.0286,-0.1303,0.3404,-0.2808,-0.3803,-0.3705,0.3017,-0.4673,0.3759,1.835,-0.4991,-0.0008,-0.8213,-0.5164,-0.0505,-1.1103,-1.2167,-2.8797,1.2609,-0.3641,-0.4234,-1.1009,-0.5757,-1.5009,0.025,-0.0755,-3.8695,0.4012,-0.9444,-0.3004,0.4293,-0.9708,-0.4006,0.2305,0.1126,0.0491,0.8596,0.0441
783,5843,108,5,running,5.0,108.0,5843.0,2.0,108.0,4.0641,-0.8981,4.0965,0.9552,2.0088,1.371,3.3151,-1.1201,5.3327,7.2936,6.6451,9.1344,8.7136,-0.2325,3.3872,1.0575,-0.2857,0.3948,-1.0717,0.4918,0.3511,-0.4797,0.147,0.6856,-0.1603,-0.5066,1.2496,1.7967,-0.5919,-0.3486,-0.2077,0.8941,0.2615,-0.4564,3.4069,-0.068,0.3094,0.4611,1.8522,-2.6053,0.9099,-2.6321,-0.0475,2.0861,0.5587,-0.1013,0.0005,0.5431,1.428,-0.0505,-0.7873,0.6214,-0.3457,3.1196,-0.5157,0.8328,-0.7632,-2.9592,0.3803,-0.4013,0.3507,3.9301,1.9078,0.7464,0.2607,1.8428,-0.3408,-1.0379,0.5214,-0.3007,0.2307,0.1308,-0.3706,1.0225,0.8333,-0.4277,0.4993,-0.8443,-0.4294,-1.0803,-1.4005,-1.099,0.4803,-1.1106,-0.8225,-0.0808,-1.2803,-4.8193,1.3998,-0.1504,-0.2166,-3.5752,-1.2258,-0.4272,-1.5695,-0.7406,-0.099,-0.0755,-1.3754,-0.3646,0.1002,-0.2508,-0.1127
784,5844,108,5,running,5.0,108.0,5844.0,2.0,108.0,4.3114,-0.8356,5.6276,0.7018,1.9077,2.0069,3.5043,-1.1275,4.2719,7.159,6.6092,8.0963,9.2986,-1.3897,10.1713,0.1405,1.5936,-0.4823,-0.1606,-1.393,1.1101,0.6885,0.1867,-0.3574,-0.088,-1.2662,-0.3372,0.657,-0.2055,-0.4937,-0.4532,-0.0422,-1.8895,1.2491,-3.4742,-0.031,-0.7725,-0.9946,-0.5731,4.7851,0.8979,-1.4056,-3.2898,2.9464,0.5321,-5.6684,0.3481,-1.9624,0.8191,0.0505,-0.7364,-0.1193,0.1019,-1.7233,-0.8711,-1.8213,3.7614,-0.5464,-0.836,-0.5121,-0.9344,4.025,-1.7459,-0.1104,-0.3505,0.1006,-0.1308,-0.3991,2.5109,-0.3009,-0.4297,-0.528,-0.819,1.2169,0.5677,-0.3406,-0.5663,-2.3456,-0.3703,-0.1126,-0.1504,-0.5647,-0.3015,0.0803,-0.9236,-0.0998,-1.2252,-1.8348,-0.2806,-3.2603,-1.839,-0.9773,-1.0472,-0.4189,-0.4677,0.4505,-1.4751,-0.9509,-0.4405,0.0003,-1.8758,-0.0409,-1.8443
785,5845,108,5,running,5.0,108.0,5845.0,2.0,108.0,4.6604,-0.1743,0.0065,2.8177,1.9079,3.1655,4.129,-1.2711,6.0572,7.2485,5.3122,9.104,-0.6088,-2.1549,-1.1868,8.7136,1.5036,0.2597,0.0947,0.2364,0.0896,-0.298,0.0178,1.3837,-0.1462,0.3389,0.4846,1.3082,-0.1391,-0.6721,0.3963,0.262,1.3554,0.7522,-0.6904,-0.2893,-2.4473,-1.7432,0.0399,-0.6679,0.1941,-0.0224,-0.5781,-0.537,-2.8631,0.3487,-0.5906,-3.9499,-0.564,-0.7718,-0.1015,-0.0476,-0.0286,-2.845,-0.301,-0.4214,-0.1106,1.1195,-1.9592,-1.6104,-0.9861,1.767,-3.4277,-0.414,-0.9443,0.3001,0.0448,-0.0453,-2.3408,-0.2804,0.4194,-0.5234,-0.5224,-0.0008,1.3709,-0.1304,0.3754,-0.8313,-1.5145,-0.0998,-1.9458,-1.4995,-1.6242,-0.0679,-0.0508,0.5663,-3.3804,0.0806,-0.5497,-0.2162,-0.0456,-0.4004,0.3991,0.5003,0.4294,-1.4504,0.2606,-1.1002,-0.2209,-0.4677,-0.3609,-1.1503,-0.9607
786,5846,108,5,running,5.0,108.0,5846.0,2.0,108.0,0.8254,-0.1663,0.0836,1.4168,3.6082,2.0069,5.1785,-1.2547,6.1397,4.8824,7.0584,9.318,8.3765,0.7233,-0.104,0.6276,0.018,0.189,-0.9077,-0.2268,-0.3872,-0.1143,-1.3577,-0.5961,-0.3064,0.0475,-0.1462,0.265,-0.4841,0.1255,-0.0619,0.2856,-0.0986,0.2391,3.7866,-0.392,-1.6733,0.5729,0.1598,-3.7427,0.3476,-0.4987,0.9944,2.0345,0.7089,-2.7983,10.5328,0.426,0.4369,-0.5211,-0.0224,0.3019,-0.0007,1.326,-0.9531,0.9421,-2.964,-2.6143,-0.4018,-0.0509,-0.7312,-3.548,-0.2805,-0.3459,-0.4005,-0.3407,-0.3005,-0.0807,-3.4504,-1.0477,-0.3808,-0.2604,-1.7443,1.427,-1.0992,-0.1504,-0.9329,-0.119,-0.1304,0.7387,-1.8398,-2.3702,1.0473,-0.099,-0.4998,-0.2251,-0.1006,-3.9451,-0.4805,1.8016,-0.4298,-0.9213,-2.1019,0.4187,-0.4751,-0.5647,-0.9077,0.5005,-0.2305,0.5646,0.4665,-0.7198,-1.1127
787,5847,108,5,running,5.0,108.0,5847.0,2.0,108.0,0.0164,0.6105,-4.3139,3.0885,1.814,2.0069,5.1688,7.2957,4.9079,8.7294,6.1536,0.3524,2.3794,1.0955,-1.2811,9.3046,-2.1805,-0.5944,-0.394,-0.1774,-3.1206,-0.1096,0.147,0.3897,0.5056,-0.4822,-0.1349,-0.2633,-0.6525,0.7819,0.7962,-0.348,-0.2061,-3.2773,-4.9963,-0.8976,-0.036,-0.6823,-2.7532,-0.5466,-0.9871,-1.8445,1.6783,0.4311,10.0215,0.8731,-4.7782,-0.1018,0.8621,-0.7214,-0.9542,0.046,-0.3017,1.8443,-2.9043,3.5219,11.8192,1.538,2.9041,-0.93,-0.3458,3.1508,2.8986,0.0999,0.3405,-0.2604,-0.0503,-2.6382,2.616,-0.4015,-0.1003,0.3001,-0.9086,-0.6708,-0.1305,-1.4665,-1.9076,0.1198,0.4166,-0.2809,-0.1109,-1.5143,0.8657,-0.0007,-0.4994,-1.0449,4.3806,0.3751,-0.0807,-2.979,-1.4303,-0.4506,0.4651,-0.4127,-0.3704,-1.3994,-1.5758,-0.8798,0.0658,-0.512,-0.719,-2.9552,0.5276
788,5848,108,5,running,5.0,108.0,5848.0,2.0,108.0,-3.7173,-0.8348,4.2982,0.9607,1.1695,5.0775,3.015,-1.0878,2.3769,7.1772,6.1485,8.0511,9.619,-4.1288,1.206,-0.3873,-0.1532,-0.2347,-0.188,-0.3349,0.2443,-0.2825,-1.0074,0.7957,0.2219,-0.3077,0.4439,-0.0983,-0.3597,-1.2759,-0.2698,-0.4086,-0.3613,4.0655,-0.5631,2.8742,-0.3468,-1.6691,-0.1064,-0.6563,0.7699,-0.677,3.4541,-3.0499,0.5321,-3.54,0.8428,-1.8493,10.9638,-0.0329,-0.8946,-0.1192,0.9412,1.9345,-0.429,1.3456,4.0215,-1.7178,0.6211,-1.3997,-0.2806,-2.526,3.6276,0.727,-0.1503,-0.3506,-0.3706,-0.2607,-0.1303,0.4007,0.1018,-0.099,0.3001,0.902,0.4995,-0.8249,-0.714,-1.0504,0.3406,-0.0992,-0.2208,-1.7169,-0.9217,-0.7294,-0.9509,-0.4651,-2.3754,1.0257,-0.3015,-2.7198,-1.1108,0.0759,-0.6397,-0.0756,-0.3246,-0.4502,-0.6105,-0.4807,-0.4673,0.7459,0.4759,-0.1124,-0.5013
789,5849,108,5,running,5.0,108.0,5849.0,2.0,108.0,4.6382,-0.1281,0.2557,3.0146,1.7291,4.8383,2.1742,-1.9278,5.2959,6.2697,7.3137,9.009,8.3955,-1.158,-2.0896,3.6964,-0.8816,-1.2366,-0.0979,0.3874,0.1832,0.0575,-0.4547,-0.3072,0.3719,-0.072,-0.2763,0.361,-0.2406,-0.2833,-0.137,-0.146,0.4086,1.6822,4.6511,-0.9984,1.4885,-0.8934,-1.9873,-0.5635,1.7795,0.0321,1.945,0.0462,-3.4344,0.0508,0.7876,0.5427,-0.1192,-0.9313,0.0003,0.537,0.301,1.4143,-1.8731,4.526,-0.83,-2.9087,10.6792,-0.8343,1.3759,-1.3248,-3.6011,-2.0219,-0.0473,-0.1008,0.1015,1.0644,-1.5165,-2.5121,-0.0442,-0.3008,-0.4012,1.8458,1.1308,0.8356,0.4995,0.8492,1.7173,-0.1102,-0.3807,-1.8482,-0.3643,-1.7698,-0.7387,-0.3457,-0.5647,2.099,0.0709,-1.3703,-0.5015,-0.719,-0.2164,1.5754,0.5277,-0.8215,-0.2808,0.1127,-0.0443,-0.5263,0.4009,-0.2608,1.4803
790,5850,108,5,running,5.0,108.0,5850.0,2.0,108.0,3.0042,-0.427,3.337,0.719,2.616,1.9061,4.0972,-1.1286,6.2692,5.1379,7.1095,8.5969,9.1165,-2.018,2.2391,3.849,1.2443,-1.1655,-0.4064,-0.1836,0.0894,0.2839,-0.2532,-0.4537,-0.1457,-0.472,-1.0463,-0.6634,1.3873,-1.1749,-0.7868,-0.309,0.0541,-1.8827,-0.1585,3.8935,-2.8731,0.6722,-0.4496,4.1953,-0.076,0.7583,-0.2902,2.8421,0.4699,-3.7748,0.9876,0.826,-2.9552,-0.0506,0.5636,-0.1192,0.9767,3.0329,3.0449,4.3009,1.5217,-0.9375,-0.545,-0.622,0.3013,3.1015,-2.4189,-0.3509,0.4296,0.3997,-0.3703,1.6011,4.4018,0.5443,-0.1009,0.7437,-0.5648,1.3649,0.714,-0.4995,-1.5403,-0.0998,-2.3808,-0.2169,-1.1308,-3.9708,0.0755,0.2609,1.3454,-0.6135,-0.4006,-1.5647,3.0992,0.4277,-1.909,-1.8756,-0.2803,0.5758,0.5999,-0.1508,-0.3403,1.099,-0.9081,0.0447,-0.5223,0.0409,-0.5004
791,5851,108,5,running,5.0,108.0,5851.0,2.0,108.0,0.3123,-0.1372,0.1409,1.1859,4.7185,3.4277,2.7737,-1.0584,5.1542,6.0797,7.2598,8.1294,10.9069,-2.106,-6.0869,9.1635,2.178,-0.8255,-1.267,-2.2291,-0.0143,-0.4567,-1.4023,-0.2895,-1.4727,-0.3868,-0.3396,-0.2987,-0.4979,-0.5075,-0.309,0.2046,-0.3461,-0.3973,0.3685,-1.0076,-0.1153,0.6489,-4.5566,-0.5788,0.5699,-2.6571,-0.4831,-0.0462,0.7841,0.4474,-4.6313,0.0508,0.0324,0.5425,0.9321,0.864,-0.3456,0.1932,-2.023,-3.3805,1.528,-0.727,-0.0999,0.3504,-1.1197,-1.9552,-2.8215,-0.3008,-0.2606,-0.3991,-0.3707,-4.3405,-0.8313,-0.1304,0.0493,-0.4004,0.8778,2.8192,-0.1122,-0.9077,0.0009,-1.1015,0.5648,-0.3017,-0.1009,-0.5008,-1.5459,-0.0456,-0.5703,-0.2803,-1.4506,-2.3757,0.4995,-0.5663,1.5509,-0.1503,-0.7018,-0.4016,-0.3114,-0.8016,-0.8443,1.7291,0.6006,-0.8754,1.8798,-0.0472,-0.2253
792,5852,108,5,running,5.0,108.0,5852.0,2.0,108.0,1.8139,-0.3277,4.9552,0.4999,5.1598,1.0517,3.7291,2.169,6.0849,7.6014,8.1875,-4.2595,9.0986,-0.2385,0.1345,-0.3872,1.018,-0.3797,-0.105,-0.2888,-0.1236,-0.2696,-0.3522,-1.3969,0.27,0.1459,-0.206,0.6877,-0.2465,0.1161,1.6794,0.0734,0.0432,-0.4721,-0.7092,-1.5578,1.8964,-0.3042,-0.5733,0.544,0.2906,-0.4619,-0.4844,-0.038,-1.6399,-0.0219,-0.1018,-0.6676,0.7319,-0.438,-1.5187,-0.628,-0.7981,-0.7413,2.5443,2.8431,1.979,-0.5625,2.5316,-0.4011,-0.301,-0.1194,-0.3408,-0.6641,-0.8741,-0.0756,-1.8214,-0.1506,-0.8313,-1.1005,1.9458,-0.3009,-0.3997,0.099,1.8398,-0.3752,-1.9364,-0.8181,-1.3709,-0.2164,-1.714,-2.4646,-0.4997,-0.2604,-0.3459,-1.3804,-2.4505,-0.429,3.6173,-1.0759,-0.1309,-1.1104,-0.4265,-0.8482,0.7136,0.9666,-1.9509,-0.5165,-0.5648,-1.4679,0.4009,0.5497,0.2254
793,5853,108,5,running,5.0,108.0,5853.0,2.0,108.0,3.1296,-0.9231,1.0068,4.1065,0.8253,2.7191,3.6047,-1.139,5.0961,6.1636,9.2772,7.4999,8.614,-1.0878,-3.1535,-0.3314,1.387,-0.4825,-0.0146,0.2398,0.2655,-0.2962,-0.244,-0.1704,0.2219,0.3074,-1.2099,0.0791,-0.3769,0.5734,0.4973,-0.3941,-0.1854,0.2895,-0.5082,-4.5942,1.6631,-1.8521,0.0556,-0.1184,-0.8875,0.7776,-1.8903,-1.4597,0.4483,0.028,-0.6443,-3.7986,-0.9467,-0.6326,0.0692,0.1508,-0.5224,-0.8716,-4.0003,-0.93,-1.9607,-1.0759,-0.3211,-0.1014,-0.0449,-1.4223,-0.5121,-0.0277,-0.4014,-0.1002,-0.0503,-0.3704,-0.3505,-0.2608,0.4008,-0.0992,0.8482,-0.5018,-1.3803,-1.3013,1.4991,-0.4236,-0.1196,-0.7298,-0.5663,-1.9278,-1.5481,-0.1126,-0.7443,-1.1307,-0.2808,-0.4295,-0.3994,-2.0257,-0.3002,-0.4752,-1.3406,0.4808,-0.4504,-0.4187,-0.416,-0.3758,-0.5013,0.5003,-0.427,-0.5756,-0.2303
794,5854,108,5,running,5.0,108.0,5854.0,2.0,108.0,0.7262,0.3182,-1.8148,2.0792,3.0594,1.2315,6.9509,7.3325,5.0095,4.6082,9.5066,-4.8812,8.2785,-6.3069,0.3913,0.382,1.2696,0.1757,1.0189,0.0874,0.3686,0.1659,-1.4511,-1.794,-0.4463,-0.1806,-0.6537,-0.3499,0.4973,0.6856,-0.2448,-0.2983,-1.8022,0.7547,-4.7841,-1.7055,-0.7728,-3.1491,0.0962,-0.0319,-1.6798,0.465,1.761,2.3581,10.722,0.5364,-3.7386,-0.8421,-0.0436,-1.9743,0.1002,0.421,-0.1192,-0.9021,-2.326,3.9345,-1.6161,11.4507,-1.525,-0.4005,0.4015,-1.7277,-0.3997,0.1014,-0.8731,-0.5677,-0.2164,-0.3458,-2.0224,0.2807,-0.1503,-0.1305,-0.4297,-0.4672,-0.0679,-2.0506,-0.2603,0.3406,0.5276,-0.0756,1.1104,-3.4991,-0.8249,0.1122,-0.5663,-1.3012,-0.2252,-0.8798,-2.8986,-0.5751,0.5648,-3.3752,0.4807,-1.0476,-0.8794,0.3002,-0.714,0.099,-1.9773,-1.4756,-0.4402,-0.3504,-0.3807
795,5855,108,5,running,5.0,108.0,5855.0,2.0,108.0,1.129,0.4254,-0.0873,3.0186,4.839,1.2315,2.9554,-3.3394,6.0563,5.2984,7.2746,8.1409,-6.105,9.3792,0.357,0.719,-2.2488,0.282,1.1857,-0.13,-0.0798,-0.2269,-0.3972,0.1185,-0.1702,0.3077,0.4856,0.4942,0.388,-0.0467,0.1654,-0.4596,-0.2625,-0.0399,-1.6564,-0.6661,-0.7906,-0.8934,-0.6087,0.1947,-0.4074,-0.5941,-0.4497,-3.7536,-2.7852,-0.325,0.6876,-0.9521,-0.435,-0.0506,-0.1502,0.5325,0.826,-0.4991,-0.3457,-2.5758,3.8273,3.9153,-0.8324,-0.2166,-0.1011,-0.3704,2.934,-1.1006,-0.3505,-0.3013,-0.3009,-0.4005,0.1306,-0.1192,-1.1126,-0.1103,0.5665,1.2804,-0.3641,-0.0006,-0.623,-1.4222,-1.9458,-0.5018,-1.417,0.5121,0.099,0.7709,-0.6135,-0.3758,-2.8333,-0.4294,-0.7698,-0.4671,-1.9238,-3.6103,1.5508,-0.9773,-0.4807,-0.3405,-0.4758,0.6145,-0.6104,-0.2257,-0.5443,0.9278,-0.4502
796,5856,108,5,running,5.0,108.0,5856.0,2.0,108.0,3.9451,-0.4106,5.8379,3.7291,0.6855,4.1232,1.3396,7.1894,2.5067,6.1478,8.6276,1.389,9.0569,-1.0898,-0.2536,-1.2074,-0.1748,0.0146,-0.164,0.0059,-0.0903,-0.1542,-0.077,0.2486,0.2819,-0.2782,-0.0464,0.131,-0.2988,0.2345,0.4902,-0.3072,0.4711,3.2697,-1.3906,-1.3791,1.6535,-1.6085,-0.3499,10.848,-0.7576,-0.5322,1.7779,-3.5793,1.6692,0.8721,-4.8962,-0.9531,0.4461,-0.0509,-0.4313,0.6375,0.5289,-1.0477,-4.8986,11.7321,-5.3017,-5.4665,-0.5475,-0.3458,0.4252,-4.3759,-5.9086,-0.2808,-0.8193,0.0755,-0.1502,2.4002,12.4222,-0.3403,-0.3809,-0.3991,-0.5396,1.3705,0.1015,-0.8273,-0.9231,-0.0999,-0.5215,0.2608,-1.8375,-1.9286,-0.5756,-2.979,-0.4991,-0.1305,-1.4277,-0.9458,-0.4015,-0.4754,-0.2257,-0.1122,-0.4187,0.429,0.8484,-1.1194,-0.3003,-1.4205,0.099,-0.8758,0.0008,-2.8478,-0.1106
797,5857,108,5,running,5.0,108.0,5857.0,2.0,108.0,0.0069,0.4254,-1.9278,4.8191,2.6177,3.8927,1.7013,-3.0879,5.0563,7.1774,6.2975,-10.1401,8.3973,-0.355,-3.237,9.2483,-0.1344,-0.0737,0.3077,0.4947,0.5533,0.0943,-0.1178,0.0645,-0.1225,0.1868,0.382,0.1556,-1.2232,-1.2666,0.5964,0.3619,-0.2895,-2.168,4.6546,-1.0467,-0.986,-0.8896,-0.3491,2.9962,-0.764,0.9741,-2.9443,-3.5364,-2.038,0.4882,-2.9021,-1.7219,-0.8515,0.9319,-0.4015,0.0214,-0.4217,0.5431,-0.8769,4.8612,-2.7686,-3.1108,-0.8413,-0.3609,-0.1303,2.9445,3.3804,-0.4252,0.1015,0.1508,-0.1198,2.7294,1.3452,-0.3003,-0.4004,0.0509,1.4297,1.3997,1.0646,0.525,-1.0277,-0.2807,-2.2608,1.3757,-1.4993,-0.0005,-0.6397,-0.3016,-0.5648,-0.2163,-0.8657,-1.7369,-0.6118,0.4698,0.8776,-0.922,-1.5759,-0.8986,1.5003,-0.0756,-0.7297,-0.5131,0.3706,-0.3508,-0.1009,0.2203,-0.2252
798,5858,108,5,running,5.0,108.0,5858.0,2.0,108.0,1.0608,0.8443,-3.1279,3.7143,4.4277,1.9554,2.0972,5.2569,6.6641,7.2406,8.07,-0.2744,9.1466,-0.3796,-1.0165,1.1143,-0.188,0.3584,-1.1542,-0.366,-0.1763,-0.2986,-0.3882,-1.1656,-0.4933,-0.882,-0.4822,-0.0581,-0.3491,-0.5047,-0.134,-3.3908,-1.1095,-1.9957,-1.789,-3.7068,11.7767,-0.2897,-1.5902,0.8974,0.4576,-1.8531,-0.2392,-3.6426,0.5546,0.043,0.7301,-0.3214,-0.7552,-0.9871,-0.0321,-0.8319,-1.8741,-0.54,-3.5281,-2.626,2.5327,-0.3014,-0.4005,-0.5341,-0.9464,1.8757,-2.4017,-1.5481,-0.1308,0.8493,0.9278,-1.1197,-0.2805,1.0003,-1.0299,-0.0441,-0.4998,-0.7233,-0.427,-1.9301,-1.3454,-0.4698,-0.3751,-0.1005,-3.7709,-1.7406,0.5695,-0.5165,-0.101,-0.3709,-1.4205,-0.4127,-0.1126,-1.7291,-0.0603,-2.2167,-0.8492,-0.3407,-0.5121,-1.4234,-0.0992,0.3002,-0.4802,-0.2608,-0.4402,0.1505,0.4757
799,5859,108,5,running,5.0,108.0,5859.0,2.0,108.0,0.1536,0.4187,-1.0518,2.1257,1.8398,3.714,4.0077,5.1365,7.2362,6.9381,8.6355,9.2697,-3.1749,-1.3988,-0.2042,0.4525,0.4075,0.2989,-0.4711,-1.0892,-0.1609,0.4414,-1.2484,-0.2866,-0.2274,-0.0761,-0.3082,-0.3764,-1.0143,-0.555,-1.381,-0.6799,-0.2748,-2.3346,2.3598,3.6931,1.7891,-1.3495,-0.0693,-4.7976,-0.8719,-0.568,-0.9068,1.5421,-4.6094,0.7081,0.4294,-1.8344,-0.3214,-0.6316,-0.0475,-0.032,0.3997,-0.3011,-1.8635,-2.1104,-2.9617,1.8547,-0.528,0.4015,0.731,-1.022,3.0005,-0.4227,-0.1197,-0.1011,0.0506,0.1004,0.53,-3.3809,0.4993,-0.1308,-0.3005,-0.0992,0.5757,-1.899,-0.0608,-0.7211,-1.1508,1.2604,-0.2169,-0.3408,-0.5647,-0.3643,-1.9278,-0.8492,-1.4234,-2.4005,-0.2258,-1.8754,1.1122,-0.3451,-0.5143,-0.6556,-0.5002,-0.3751,-0.2209,-0.3502,-0.2806,-0.619,-0.2308,0.4752,-0.4505
800,5860,108,5,running,5.0,108.0,5860.0,2.0,108.0,3.0065,-0.1605,2.1256,4.0878,3.9062,1.3398,0.6607,-1.4999,7.2897,8.7017,5.3764,6.8776,-0.2925,-1.207,-2.2396,9.5943,0.0983,-0.079,0.3876,-0.393,0.2401,0.4847,-0.1535,-0.1319,-0.4082,2.2789,0.6684,1.1749,0.5094,0.0467,-0.2632,-0.691,-0.1877,-0.3679,-4.9546,-0.1455,-0.7586,-0.2272,-0.8891,2.5785,0.4511,0.638,-3.6851,-3.0399,0.3474,-0.5344,0.301,0.6011,-1.8731,-0.428,0.1018,0.5426,-0.0504,-1.9321,-2.6191,-0.099,11.3996,-0.1199,0.8492,-0.621,-0.2167,3.7311,-2.521,-0.5249,-0.8482,0.1002,0.0998,2.5752,3.4299,-0.2607,-0.3707,0.5263,-0.2804,0.5013,0.1506,-1.3458,-0.1305,-0.5109,-1.7117,-0.4672,-0.3005,-1.0214,-1.5014,-0.3406,0.9659,-0.0608,-0.4277,-0.3804,-0.4005,0.4016,-1.4168,-0.3502,-0.5008,-0.5125,-0.8657,-1.0409,-0.0755,-1.4504,-0.1105,-0.7698,-1.4402,-0.979,-0.819
801,5861,108,5,running,5.0,108.0,5861.0,2.0,108.0,4.0168,-0.1582,0.6103,2.2559,1.9231,3.7143,4.839,-1.1605,6.317,7.1346,5.3311,9.3791,8.2949,-2.0922,0.009,0.0792,-0.2762,-0.3524,0.3981,-1.3066,-0.2636,-1.482,-1.5043,-0.4588,-0.4723,-0.0697,0.046,-0.0344,-0.1786,-0.1202,-0.4076,-0.0884,0.2853,-0.1814,0.3889,1.7742,-0.5434,-0.5783,-1.6598,-0.1064,0.8099,-0.7973,-3.6963,2.9675,0.5219,-0.5157,-0.7421,-0.5541,-3.7212,-0.9431,0.5611,-0.7851,-0.877,-0.6789,-1.9571,-4.3751,-1.0507,4.8527,-0.322,-0.3506,0.3013,-3.8491,-1.1503,-0.9375,-0.0759,0.2169,-0.1011,-0.3001,-0.1126,-0.4459,-0.2808,1.4005,0.4272,0.4994,0.0006,-0.1006,-0.4646,0.7175,-0.7165,-0.3708,-1.1305,-2.5703,-0.3453,0.8798,0.0679,-0.1194,-0.3805,-1.714,0.5759,1.7387,-1.512,-3.6355,-0.7808,-1.4189,1.0663,0.4809,-0.5997,-0.4015,-0.9085,-0.0448,0.6013,0.4252,-1.5018
802,5862,108,5,running,5.0,108.0,5862.0,2.0,108.0,4.085,-0.8398,4.0577,1.7169,0.7084,3.018,2.3121,-1.6276,7.2349,6.8971,5.2759,8.1465,-9.2557,-2.1043,0.37,9.0933,0.4522,-0.1612,-0.2697,0.1866,-0.3904,-0.1511,0.2946,0.4469,0.2896,-0.486,0.4085,-1.7967,-1.1786,1.1383,1.7868,-0.4795,-0.3664,-0.2035,0.5534,1.7475,0.0699,-0.0792,-1.033,-0.2488,-1.3891,-1.6319,0.5621,-3.9873,0.5432,0.5344,-1.9028,0.931,-0.826,-0.3454,-0.8731,-0.423,-0.9475,-0.3705,-3.9798,1.5217,0.7616,-4.022,11.5756,-0.4013,-0.1005,-0.0509,2.4297,-0.3993,-0.4009,-0.0449,-0.3001,0.0007,-0.2608,-1.1105,0.5014,1.5404,-0.8776,1.8757,-0.6103,-1.6163,0.8584,-0.9078,-1.7999,-0.0441,-1.1126,-2.416,0.7298,-0.4991,-0.3751,-1.0803,-2.7177,-1.4232,-0.2808,0.5145,-0.5165,-1.4505,0.6156,0.5647,1.1508,-0.1197,-0.7233,-0.512,-1.2253,1.9043,0.3643,-0.7216,0.4272
803,5863,108,5,running,5.0,108.0,5863.0,2.0,108.0,4.0088,-0.2046,3.6604,2.7169,0.8116,1.359,4.247,-1.1682,5.0983,7.0517,8.9554,6.3182,9.3389,-1.2755,-0.2557,-0.1279,2.4572,-1.2386,0.3885,-0.0792,-0.4794,0.3681,-0.1068,-1.2698,0.296,-0.0877,-0.155,-1.3069,0.0161,0.1396,0.1437,1.398,1.0464,-0.0318,-3.6697,-0.6734,-0.4874,0.2856,2.7543,-1.7811,-0.2219,-0.9931,-2.4984,3.4495,-2.544,0.6521,1.766,-0.9313,-0.7301,0.5962,0.5327,0.3219,-0.0691,0.0213,-0.425,2.5276,4.3002,3.8741,-0.0286,0.1008,0.3406,3.7382,-2.5647,1.5277,0.4504,-0.1193,-0.2252,-1.9509,-1.2806,0.1109,-0.2608,-0.4014,0.3013,-0.499,-0.3459,-0.1305,-0.1121,0.0998,-0.1509,1.3759,-2.6143,1.799,0.0504,1.5753,-0.1018,-1.719,-1.5778,1.5225,0.6278,-0.4297,-0.4646,0.4806,0.2166,-0.0999,-0.4005,-0.3606,-0.4232,-0.4242,-0.6145,0.5013,-0.3806,-0.5014,-1.4236
804,5864,108,5,running,5.0,108.0,5864.0,2.0,108.0,3.0063,-0.4396,2.9552,5.759,0.7136,1.6544,3.6011,-1.8348,6.0166,7.2368,4.1569,-1.1706,9.2989,-2.1296,-0.2046,-0.2425,-0.1872,0.3881,-0.4549,-0.3787,-1.5584,-0.078,-0.3347,0.1695,-0.0891,-0.3067,0.2627,1.141,0.5957,0.1952,8.3628,0.136,-0.0462,2.3922,-0.507,3.1178,-1.0597,-0.4874,-0.0985,-2.7798,-0.3479,-0.3586,-0.4088,-0.1013,0.5632,-4.9971,0.0509,0.5277,-0.9421,-1.422,0.5431,0.8214,0.0323,-2.0658,2.7614,0.4311,6.9375,-0.429,-0.021,-0.831,-0.0007,-3.7326,-0.3993,0.727,-0.301,-0.53,-0.3457,-0.2805,-2.1509,-0.0759,-0.5223,-0.2163,0.3754,-0.5705,0.3409,-0.7698,-0.2257,-1.1305,1.1129,-0.1106,-1.0441,-1.9558,-0.7294,0.5497,-0.4249,-1.4005,-0.3703,-1.9509,1.7173,-1.799,-0.7407,-2.0409,0.9458,-0.4991,-0.8356,0.9079,0.4403,-0.5693,-0.4018,0.5124,-0.7017,0.5646,-0.3644
805,5865,108,5,running,5.0,108.0,5865.0,2.0,108.0,1.1563,-0.0961,1.4254,0.0103,2.7136,5.6839,7.2743,3.0069,4.0547,6.9086,10.0774,-3.1225,8.1657,-1.285,-0.8798,1.209,-0.2332,1.1172,-0.1746,-0.1885,-0.2296,-0.4813,0.2619,0.5942,0.4931,0.2953,-0.3784,-0.5598,0.1033,0.4567,-0.1436,-0.0438,-0.646,1.4075,-0.2483,1.568,-0.8941,-0.777,-0.3578,0.3487,-1.4466,0.7906,-3.3081,9.5474,0.5499,-2.8891,-1.9344,0.1197,0.942,-0.0505,-0.525,-0.822,0.7321,-4.9744,11.2803,2.9217,5.0759,2.9562,0.0409,-0.0443,0.862,-1.3458,0.1013,0.1009,0.4004,0.3003,-0.765,0.3015,-0.4016,-0.4991,-0.3704,0.0488,-0.3809,0.7703,-1.7291,-0.3993,0.9238,-1.416,1.4296,-1.0663,-0.1121,-0.1306,-0.4189,0.5758,-0.0708,0.2167,-0.9082,-3.5122,-0.3646,-0.9278,-1.1102,-1.8116,-0.3402,-0.427,-0.8986,-2.1508,-0.3137,0.025,0.9509,0.0804,-3.8756,-0.6143,0.4507
806,5866,108,5,running,5.0,108.0,5866.0,2.0,108.0,3.0135,-0.414,2.1565,3.0962,1.134,0.8016,4.9086,-1.3398,6.1159,5.0547,7.1772,8.2694,-7.4843,-1.2486,9.06,0.307,-0.2367,-0.2064,1.2892,-0.1657,-0.3881,-0.3979,0.1083,-1.0427,-1.6903,-0.5088,-0.686,-0.1429,0.2555,-1.3782,0.1842,-1.7712,-0.4699,-0.0791,-2.3493,-0.2275,0.7419,-1.5631,-0.3685,-0.4971,-0.9745,-1.8976,-3.847,-0.4432,0.5421,-0.5321,-0.6345,-1.7873,0.8025,-0.1303,0.0658,0.5211,-0.0212,-2.6173,0.4015,4.0007,-0.3017,-0.6143,-0.9541,-0.3009,-0.3407,-3.0259,1.8769,-1.8657,-0.904,-1.9619,-1.3509,-0.1505,-0.7169,1.3996,0.0505,-0.3751,0.5758,1.9458,-0.4303,-0.3808,-0.4998,-0.3641,-0.2164,-1.2803,-0.1012,-0.4295,-1.4272,-0.0806,-1.2606,-2.1196,0.1126,-0.1009,-0.4503,1.3451,-2.4009,-0.9238,-0.4402,-0.1102,-0.6011,0.6708,-0.6001,-0.0755,0.3706,-0.5009,-0.4803,-0.5443,0.3608
807,5867,108,5,running,5.0,108.0,5867.0,2.0,108.0,0.0065,0.6691,-3.8192,3.7136,2.4277,1.7097,5.1272,4.885,7.0598,6.2481,8.6011,-1.2925,10.6055,-0.3511,-4.2701,0.9773,1.1546,-1.0986,0.3095,-2.2389,-0.1462,0.1869,-0.382,-0.3796,0.0793,-0.1606,-0.1347,-0.261,0.5931,-0.0842,1.4868,-0.6422,-0.3919,0.7941,-1.4585,3.4494,-0.348,-2.5632,-2.2836,-3.5417,-0.3374,-0.4049,-0.7582,9.8316,0.4399,-2.7326,-1.768,-1.8421,-0.0463,-0.7877,-0.1103,-0.021,-0.5761,-0.0449,-0.2163,-0.0364,-1.8717,0.619,-1.538,-0.1012,0.0003,-0.9099,-2.3458,-1.4271,-0.0477,-0.1127,-0.5703,-1.9381,0.8356,-0.3407,-0.5211,-0.9509,-1.1198,0.5759,0.4672,-2.3992,-0.8122,-0.1509,-0.0679,-1.6397,-2.5175,-1.0609,-0.4272,-1.1305,-0.3644,-3.0505,-0.9084,-1.3703,-0.9278,-0.7198,-1.3753,-0.0603,0.3806,0.4004,-0.799,-0.8013,-1.4992,-0.5004,-0.416,-0.3012,0.5443,-0.839,0.3509
808,5868,108,5,running,5.0,108.0,5868.0,2.0,108.0,0.6173,0.0046,-1.1516,4.0597,1.416,5.2361,2.3139,3.452,6.2483,7.7353,8.9458,9.1439,-0.265,-1.1119,-0.0196,-0.1772,0.357,1.288,-0.3347,0.3677,0.2598,0.3078,0.4066,-0.4412,-0.4863,0.0774,-1.4969,-0.5942,-0.8776,-1.7955,0.0975,-0.3882,0.6413,-0.0418,-0.1084,-0.2986,-2.0627,-1.6599,0.0889,-4.2285,0.0329,-0.9537,1.6734,-0.6081,0.4321,0.5431,1.621,-0.9022,-0.0213,0.522,0.7313,-0.936,0.8741,1.3215,1.5627,11.9439,4.5364,-3.8892,2.7617,0.5791,-0.3405,-1.9278,-3.027,0.4004,-0.8348,0.1126,0.1309,-2.4013,-4.1104,-0.3452,-0.2164,-0.1508,0.3005,1.0009,0.4671,-1.5758,-0.4991,1.5999,-0.301,-0.119,0.0505,-1.5483,-1.4293,-0.3804,0.4369,-0.7808,-0.4803,-1.0441,-0.2606,-2.0388,-1.3502,0.5489,-0.3991,0.4402,0.6014,-0.5003,-0.3703,-0.8986,-0.6002,-0.2803,-1.7169,-0.2305,-0.2259
809,5869,108,5,running,5.0,108.0,5869.0,2.0,108.0,3.1297,-0.8193,3.4166,1.6604,0.7273,2.9076,4.139,-1.2725,6.05,5.4872,7.2398,9.1557,-0.145,-2.018,8.3876,-0.5962,-0.4917,-0.1043,-0.0891,-1.3786,0.2489,0.0922,-1.2639,0.5535,1.114,0.0629,-0.2085,-0.6677,-0.3096,-0.3379,-0.3475,-0.1661,-0.1856,-3.4488,0.6542,-3.6036,-0.4793,-0.2831,1.7467,1.6883,-0.7832,-1.9963,-2.0421,-1.9445,-3.9546,-0.8719,-1.5428,-1.537,0.737,-0.6481,0.101,-0.0327,-0.5212,-0.3708,-3.028,-0.8423,-1.3453,0.1199,0.3991,-0.1508,-1.1105,2.5013,-0.0447,-0.8213,0.0476,0.4013,1.5647,1.2808,-0.0443,-0.1002,-0.5665,-0.3803,0.0441,1.4991,-0.9238,-0.2604,-0.8343,-0.6708,-0.4127,-1.9509,1.427,-0.9231,-1.4277,-0.3017,-0.8348,1.4222,-1.4001,-3.0509,1.9212,-0.3754,-0.3005,0.1305,0.3507,-0.8492,-2.4505,-0.8986,0.4256,1.4806,0.4292,-0.0483,-0.6011,-0.4646,-0.1122
810,5870,108,5,running,5.0,108.0,5870.0,2.0,108.0,0.314,0.8383,-1.4255,1.3764,2.1245,3.0575,4.1795,-0.2638,-1.9443,5.1479,7.2769,6.7231,8.1172,-1.152,-2.6096,1.089,-0.595,0.3347,-0.4077,-0.2366,0.0743,-0.0084,-6.0182,0.4421,0.1663,0.2488,-0.3062,-0.5567,-0.2886,-0.3689,-0.3491,-0.2265,-0.4961,0.0618,-1.2925,1.1032,-0.0499,0.3974,-3.0941,0.1398,1.035,0.6881,-1.8057,0.1951,0.4635,0.4854,0.877,-0.7852,-1.5164,-0.5631,-0.766,-0.5327,0.8328,-0.9742,1.8148,-3.0259,1.931,-1.947,9.731,-0.0449,0.025,-1.1195,1.8516,0.1108,0.3002,-0.0277,-0.2807,-0.3995,-3.7291,0.2163,0.0508,0.3405,-0.3703,-0.4292,0.0999,0.3016,-1.0992,-0.5157,0.0007,1.099,-0.4678,-2.0477,0.5264,-0.4271,0.1005,0.4252,-0.1302,-1.4011,0.4008,-1.0451,0.0456,0.8348,-0.3456,-0.1503,-0.4507,0.6135,-0.3506,0.2204,-0.3603,-0.2252,-0.0808,-0.3759,0.1013
811,5871,108,5,running,5.0,108.0,5871.0,2.0,108.0,4.0979,-0.3282,3.1874,0.1396,4.2769,2.8177,1.0811,7.371,6.339,5.9238,9.2485,8.6999,0.2695,-1.7184,-3.1762,-0.0589,1.0798,-0.1245,0.2372,-0.3954,-0.4901,-0.1536,-0.484,-1.3877,-0.2281,-0.34,0.2551,-0.3516,0.046,0.6482,-0.2042,0.3099,0.6743,-0.147,-3.065,-0.0344,-2.5561,-0.5721,-2.7576,-0.4788,-0.5963,-0.8091,-1.6568,-4.7841,-0.2819,0.2986,-0.9499,-0.5328,0.5636,0.6646,0.1013,0.0219,0.301,0.9732,1.0506,2.7709,3.7311,10.5215,0.8431,-0.8326,-0.931,2.7237,3.8715,1.8776,-0.3454,-0.1008,-0.1106,3.9074,-0.5263,-0.4508,-0.5145,0.3503,-1.4017,1.9217,1.0004,-0.3703,-1.7175,-0.3643,-1.3002,-0.4671,-0.1309,-0.119,-3.7294,-0.1509,-0.3996,-1.2803,-0.9077,-0.2166,1.3803,-0.4806,0.7382,0.5143,0.0451,-0.8493,0.4252,-1.5005,0.4005,-0.9452,0.5751,-0.4297,-0.2607,0.1126,-0.2304
812,5872,108,5,running,5.0,108.0,5872.0,2.0,108.0,0.0518,0.8398,-1.2385,1.4277,3.9443,2.7184,4.7936,5.3346,7.1592,6.0775,9.489,8.1295,10.255,0.3884,-3.1089,-6.0894,1.0961,0.0186,-1.174,0.2769,-1.24,-1.5919,-0.397,-0.2847,0.1343,-0.2032,-0.5535,0.2668,-0.3429,-0.3082,-2.1657,-1.4549,-1.6437,-3.1411,-4.676,3.8096,-1.7765,-0.6676,-0.0463,-1.0693,-0.9956,-1.7874,-0.2213,-0.5499,-3.8852,-0.8744,-0.418,0.538,-0.9721,0.9831,0.0509,0.03,-0.3018,-0.831,-1.7294,0.3409,2.3454,2.8986,1.6102,-0.1507,-1.6216,-2.3808,-2.1192,-0.1012,0.3007,-0.1009,-0.3509,-1.914,-1.4007,-0.4211,0.738,-0.0004,-0.4674,1.9762,1.4014,-0.4291,-0.7372,-1.3758,-0.0409,-0.023,0.1305,-1.5757,0.2162,0.2803,-1.4991,-1.0809,-1.7369,-3.8118,-1.4756,0.8493,-0.7198,-0.0992,-2.5648,-1.3997,-0.3643,-0.4506,-2.5005,0.4407,0.0999,-0.3605,0.0609,0.5206,-0.2508
813,5873,108,5,running,5.0,108.0,5873.0,2.0,108.0,0.1087,-0.7746,1.4277,0.1205,3.135,2.7141,6.3123,-1.0794,7.9077,4.2559,5.2486,9.6072,8.0067,-1.0182,-1.1747,-6.0895,0.4523,0.4874,0.3896,1.3937,0.2968,0.4955,-0.1656,1.8798,0.2266,-0.352,-0.4034,-0.1475,0.268,0.6927,0.339,0.0981,-0.1519,-0.1836,0.2898,-0.4463,-0.4364,-1.043,0.0399,-1.5711,-0.7897,-2.537,-0.0214,-1.8979,-0.3212,0.0698,0.628,-0.6583,-1.8885,-0.542,-0.3004,0.1014,0.4215,0.0441,1.7699,-0.3509,-1.847,-1.9321,0.5014,0.0756,0.1006,1.4674,-0.5013,0.1193,0.1129,1.4015,1.8986,-0.099,-0.0505,-0.1303,0.3452,0.0806,0.0003,-0.4297,0.001,0.2242,-0.0002,-0.1102,-0.2253,1.3997,-0.1504,-0.0001,-0.3646,-0.2205,-0.4001,-0.3804,-0.2303,-0.2508,-0.3756,0.4758,0.3603,-0.2807,-0.3709,-0.3407,0.3012,0.4803,0.4507,0.0653,-0.2605,0.2161,0.01,-0.0448,0.0861
814,5874,108,5,running,5.0,108.0,5874.0,2.0,108.0,0.0982,0.7083,-1.314,3.6355,1.006,2.8273,4.712,-1.9077,5.1294,6.169,7.2484,8.1446,9.388,-1.2389,-4.0163,10.0857,-1.2796,-0.1743,-0.3632,0.1859,-0.2987,-0.3513,0.2862,1.0548,0.0467,0.2669,-0.4933,-1.1577,0.455,-0.6697,1.3956,0.4088,-0.2099,0.3785,2.7942,-1.4491,-0.0698,0.3076,-3.7875,-1.4725,-0.5595,0.191,-1.1181,-0.1194,-0.228,0.6541,0.6492,-1.3473,-0.0321,-0.537,0.3018,0.5431,0.3505,0.8624,-2.6872,-0.8013,5.6262,-1.3998,-0.3452,-0.3008,0.2169,-3.4009,1.2809,0.5648,0.0443,0.0224,-0.522,-1.4017,-0.3648,0.1508,-0.1018,-0.1005,1.4991,0.429,-0.416,0.3757,-0.9328,-0.0753,-0.0755,-0.4141,-0.4679,-0.1104,-1.4272,-0.0608,-0.2606,-0.3405,-0.3704,-0.2251,0.4999,-0.7198,1.0477,-0.4759,-0.7294,-0.9509,-0.2209,-0.3139,0.8657,-1.1304,-1.5757,-0.3806,-0.4503,0.5002,-0.5703
815,5875,108,5,running,5.0,108.0,5875.0,2.0,108.0,3.0895,-0.0105,0.2639,4.9583,1.4303,2.179,3.1279,-1.0798,5.2555,6.0941,7.1036,8.3796,-6.8013,-1.2372,0.3064,0.3344,-1.247,0.2888,0.3882,1.1169,-0.1449,-0.0085,-0.1345,0.4083,1.1519,0.5966,-0.296,0.3546,0.7169,-0.6789,-0.1857,-0.0461,0.025,-0.222,-2.0316,-1.3492,0.6877,0.4862,-0.438,-0.2706,-0.7621,0.546,-1.4781,-0.6399,0.7428,0.7831,10.6591,0.8732,-1.7189,0.9313,-0.737,-0.1509,-0.3991,-0.868,0.5614,-2.525,9.3456,2.9742,-1.9475,-0.3604,0.0508,-0.1304,-0.1109,-0.4003,-0.3009,0.2806,0.1193,-0.0807,0.2258,0.0009,0.2306,-0.5311,-0.3708,0.8986,-0.8491,0.1011,-0.8191,0.5165,0.5264,-1.8193,-0.2505,-1.7173,-0.8428,0.2607,-0.2162,-0.3408,-0.429,-2.4016,1.1008,-2.8192,1.7682,0.3647,-1.4804,-1.5647,-0.4674,-0.5015,0.3505,-1.727,0.3803,-2.4256,-1.7177,0.5751,-0.7291
816,5876,108,5,running,5.0,108.0,5876.0,2.0,108.0,1.3363,0.0066,-0.1202,1.1764,2.814,4.6965,3.9305,5.0549,7.0177,8.6451,9.4137,6.2781,11.1144,-3.187,-1.0796,-0.2472,-7.1555,-0.352,0.2637,-0.364,0.0885,-0.2328,-0.0413,-0.165,0.141,0.3898,0.3941,-0.3099,-1.7519,-0.2267,-0.7925,1.4768,0.4831,-0.7859,-0.4583,3.0988,-0.2974,-0.5797,-2.3482,2.6042,-0.038,-0.0632,-0.0508,-0.1121,-0.4679,-3.5421,1.4326,2.847,-2.8973,0.4617,0.1508,0.4015,0.0008,1.9028,2.9419,2.9326,-1.956,2.5324,0.565,-0.6213,-0.301,2.5648,1.9062,0.3509,-0.3403,0.3603,0.8633,3.9458,0.8711,-0.3458,0.3703,-0.4293,0.6135,1.3757,-0.8333,-0.5214,-0.1102,-1.4003,-2.416,1.4272,-0.3649,-1.1004,-2.8798,-0.5143,0.6016,-0.3997,-1.9644,-1.0806,-2.1012,-1.6105,1.8776,-0.5141,-2.3804,0.3009,-0.619,0.4803,-0.7018,0.5502,-0.5758,-0.4994,-0.1302,-0.9443,-0.4665
817,5877,108,5,running,5.0,108.0,5877.0,2.0,108.0,1.1646,0.0982,-3.6138,1.9238,4.1395,2.0606,3.6094,-0.147,7.2657,5.2569,6.427,9.2963,8.2436,0.3572,-0.3873,-8.1875,10.1747,-7.0897,-0.2788,-0.2874,-0.1201,-0.4819,-0.4439,-0.5542,0.2211,-0.5943,-0.4933,-1.059,-0.2385,0.4596,-0.0778,-2.6421,-0.2092,0.1053,0.0066,-4.038,1.1567,0.6568,-0.047,-2.9837,-0.5032,-1.8731,-4.3093,-0.9976,-0.5434,-1.4056,-1.8906,0.7951,-2.4993,-0.0215,-0.1014,-0.8423,-0.399,-0.5121,-0.3457,-0.3408,-0.8345,-0.8616,-0.3504,0.4292,-0.1121,0.301,0.5213,-0.3704,-0.2163,0.1008,-0.1193,-0.1509,-0.3008,-0.2604,-0.3753,-0.1105,1.0005,1.2803,-0.2202,-0.3809,-0.5276,-2.5648,-0.3156,-0.4679,-0.0603,0.0508,-0.6105,-1.6242,-0.0661,-2.9381,-1.7382,-0.9458,-1.4757,-0.3232,-1.4503,-2.0756,-0.5005,-0.1304,-1.4303,-0.4405,-0.4165,-0.2308,-2.3647,0.4271,0.6214,-0.3606,-0.7233
818,5878,108,5,running,5.0,108.0,5878.0,2.0,108.0,1.9164,-0.1483,5.4999,0.0163,3.9856,1.8383,4.6397,-0.1243,6.2839,2.3123,9.1582,7.7177,8.0869,0.388,-1.1386,-0.0067,0.3068,-0.3525,-0.4785,-1.2695,1.1807,-0.2974,-0.1097,0.4917,0.2733,0.4411,-0.4548,1.207,-1.885,-0.0584,0.2406,-0.4023,-0.6599,0.7973,3.3792,-0.0942,-0.2288,0.756,-0.6481,3.169,-0.5902,-1.3421,-3.7791,2.5596,-0.1903,0.5432,-0.6694,-2.8971,-0.8746,0.0461,-1.5762,-0.0257,-0.3991,0.0498,-2.0443,3.7631,-0.5321,2.3672,-1.933,0.522,0.3403,5.9231,10.4018,-0.414,0.1018,0.3002,0.1503,2.7233,1.3019,-0.2166,-0.4505,-0.4004,-0.8491,1.5276,-0.9236,-0.4993,0.9773,-0.2607,0.3453,-0.0009,-0.5751,-2.5009,2.0509,-1.0473,-0.9278,-0.1002,-1.3802,-0.4805,-0.1306,-0.1129,-0.7497,1.0803,-0.3758,-0.4651,-0.8333,-0.5013,-2.5648,-0.7165,-0.0756,0.6145,0.2253,0.7136,-1.5337
819,5879,108,5,running,5.0,108.0,5879.0,2.0,108.0,1.0149,-0.1672,1.4252,4.8255,3.9236,2.089,0.6988,-3.1095,5.1475,7.0717,6.0096,-7.1536,1.054,-2.2982,1.0942,9.6607,1.2423,-1.1243,0.2839,8.256,-0.4422,-0.3781,-1.2691,-0.3346,0.0435,0.4567,-1.137,-0.4719,0.1173,-0.6521,-0.6438,-1.4866,-0.3093,0.2763,4.8732,-0.5097,-1.7499,-0.5785,-0.598,-0.182,-0.0692,-0.5562,3.833,-4.9876,-0.7834,-0.5631,-0.8977,0.6852,-0.942,-0.0326,0.547,-0.3997,0.848,0.866,0.5328,5.4013,-1.727,-2.3708,-1.0299,-0.1307,-0.2806,-0.3403,-2.4187,-0.4007,0.0213,-0.0804,0.2163,-0.1006,1.6105,0.3508,-0.3753,-0.9278,-0.5999,-0.5802,0.5491,-0.301,-0.1194,-0.3009,0.8343,0.4299,-0.3644,-0.0504,-0.5165,-0.5648,-1.0441,-0.5121,-0.1019,-0.2251,-1.3804,-0.7198,-0.4991,-0.1102,-0.0443,-0.839,-0.3456,-0.0998,-0.4265,-0.5757,-1.0472,0.4673,-0.849,0.1126,0.5002
820,5880,108,5,running,5.0,108.0,5880.0,2.0,108.0,0.1549,-1.6176,0.1708,1.1205,4.7143,2.8116,3.3346,-1.327,5.9238,6.2547,7.2874,8.0066,-4.1486,-1.2632,-0.377,-1.0168,-0.0775,-0.1806,-1.2456,0.1396,0.0922,0.1636,-0.355,-0.482,-1.6911,-0.2327,0.6542,1.5567,-0.881,0.3904,-0.3489,0.3085,-1.9529,-1.5976,0.6091,9.4064,0.4463,0.4519,0.7961,-1.8738,0.5783,0.7743,-3.7219,1.0399,0.5281,-0.8421,-3.9727,-0.9431,-0.1191,-0.7314,-0.5326,-0.7892,-0.5414,0.9862,1.9067,4.9278,-0.5343,-3.0219,1.2805,-0.526,-1.7999,-0.1011,-4.8213,1.5647,-0.4004,-0.3013,-0.4013,0.0658,-1.3009,0.3457,-0.9509,0.6105,-0.899,0.5756,-0.8348,-0.1005,-0.1305,-1.1503,0.5013,0.3756,-0.0004,0.4141,0.1121,-2.3704,0.714,-0.2607,-0.3642,-0.0803,-1.3404,0.4995,-2.7198,-0.4505,-1.0441,0.9076,-0.3993,-0.979,-0.7382,0.2258,0.5002,0.5997,0.9236,-0.5165,-0.7136
821,5881,108,5,running,5.0,108.0,5881.0,2.0,108.0,4.0665,-0.0549,3.6276,0.3145,2.9238,1.8392,5.007,-1.7382,4.0869,7.5096,6.2972,8.2055,11.0146,0.2556,-1.141,-3.3764,-0.1874,-0.2442,1.1315,-0.4085,0.3941,-0.4547,-0.3319,-0.0973,0.5967,0.3422,0.3677,2.1295,-0.2657,0.1186,1.4432,-0.179,-0.2899,2.658,-2.8948,-0.7862,-0.8823,-1.6692,-0.0463,9.1638,-1.7906,0.3075,-3.9871,-0.3576,0.536,0.6852,-4.2794,-0.8421,2.03,0.8326,0.1505,0.0797,0.8769,-0.8211,-2.5431,10.6176,4.6451,-0.0505,-1.4325,-1.026,0.3458,2.0239,2.936,-0.0456,-0.2606,0.5695,-0.3408,4.799,-1.9452,1.2803,-0.3007,-0.3705,-0.4018,1.0009,0.8751,-0.8348,-0.1102,0.4007,-1.3018,-1.979,-0.0442,-1.4249,-1.3806,-1.7178,-0.0661,-0.1309,-0.4999,4.7358,-0.0806,-0.3502,-0.2169,-0.1015,0.1122,0.0641,1.1003,-0.4272,-0.0663,0.2205,-0.2259,0.1194,-0.4295,0.5018,1.5752
822,5882,108,5,running,5.0,108.0,5882.0,2.0,108.0,0.4306,-1.1349,0.1575,1.6361,3.9081,4.8776,5.1297,-3.1172,2.2543,7.2391,6.1636,-0.0569,-7.1064,-1.2474,-1.2981,9.0917,-1.33,1.2759,1.0107,-0.3783,-0.4042,-1.2219,-0.2657,0.688,-0.2839,0.486,-0.6631,-1.065,0.149,0.3073,0.4488,0.472,0.7798,0.0435,-0.7818,-2.9963,-0.7921,-0.8941,0.5532,0.8546,-0.3487,-0.03,-2.9438,8.7054,0.5325,-2.6793,-0.0216,0.6596,0.9561,-0.4571,-0.5615,0.628,-0.1018,-0.8427,0.0509,0.1121,0.3806,2.7628,-0.528,-0.0449,0.2607,0.0803,-0.4504,0.4189,-0.0658,0.3019,0.2164,0.0259,0.3505,0.1008,-0.1104,0.1198,1.599,0.9238,-0.9213,-0.865,-0.8797,-0.0007,-1.5758,-0.3646,-1.3406,-1.5165,1.979,0.0755,-0.9509,-0.427,-1.4015,-1.5494,1.3993,-0.7177,-0.9452,-1.5502,-0.8986,-0.8013,-0.3007,0.5695,0.4271,0.3456,-0.1503,-0.8273,-1.5001,0.0472,0.8493
823,5883,108,5,running,5.0,108.0,5883.0,2.0,108.0,3.1315,-0.4256,1.1296,0.8348,2.0185,4.6161,3.7183,-1.9452,5.2762,6.0517,7.291,8.597,9.3746,-1.6055,-1.269,-0.0872,1.4088,-0.4584,-1.5043,0.0069,-0.4961,0.3697,-1.1638,-0.2064,-0.3066,-0.2867,-0.2586,0.358,0.1181,-0.4834,-1.1457,0.3374,0.0942,1.4795,-0.1879,-3.0499,-0.7824,-0.2344,0.0771,-3.9819,0.2289,0.3956,-2.6882,3.7592,1.8765,-2.7791,1.5015,-1.7319,1.5321,-0.6345,-0.037,-0.767,0.023,-2.4303,-0.0696,1.9432,4.8757,-1.5431,-0.399,-0.2603,0.4018,0.2169,-2.0443,1.3017,-0.3709,0.0508,0.3502,-2.5759,1.9278,0.0004,-0.2207,-0.4002,-0.7297,0.522,0.9076,-0.0662,-0.9325,-0.4299,1.9676,-0.3451,-1.6382,-0.3759,-0.3407,-0.9381,0.7406,-0.0644,-0.0759,-0.1011,-0.3009,-0.3809,0.2805,0.0441,-0.1503,0.499,-0.719,-0.0449,0.5145,0.1126,0.1194,0.1106,-0.411,0.4758,-0.4678
824,5884,108,5,running,5.0,108.0,5884.0,2.0,108.0,1.4185,0.0972,-0.7143,1.2691,3.7598,2.8192,4.1294,-3.2469,6.0815,7.6014,5.9552,8.2557,11.3311,-1.357,-0.1088,-2.1401,1.0548,-1.1723,-0.2959,-0.3718,-1.2297,-0.3655,-0.5043,0.0774,-0.6521,-0.3876,-0.7904,0.6419,0.4486,0.1316,-0.4903,-0.4799,0.3963,0.2896,-1.458,0.3053,0.0056,-0.7866,-0.2061,-3.6741,-0.0634,-0.8971,-1.4052,-4.2795,0.6046,-0.8731,-0.6862,-0.8139,-0.5475,-0.1018,-0.3452,0.4216,-0.7773,-0.427,-0.9025,0.025,0.1104,-0.8544,0.0999,0.9301,0.3991,-0.1509,-0.3754,0.3409,-0.3003,-0.1191,-1.2808,-0.3505,-1.1309,0.0007,0.2603,0.301,-0.3641,-0.3804,0.9607,-0.4992,-1.6276,0.8312,-0.4299,-0.323,-1.5695,-0.0443,-0.0507,-0.4805,-0.4677,-0.3702,0.1121,-1.4001,-1.1002,-3.8482,-0.2169,-1.5483,1.8212,0.2257,0.4665,0.5249,-0.719,-2.4236,0.6103,0.8454,-1.4509,0.5703,-1.3606
825,5885,108,5,running,5.0,108.0,5885.0,2.0,108.0,0.9238,0.8333,-1.2582,3.2757,1.0879,2.1397,4.7143,-1.4137,6.1615,7.6604,5.3121,8.2696,9.1406,-2.5056,-0.0175,-4.6077,-0.171,-0.3572,-0.2391,-1.2969,0.3346,0.1283,-0.4918,-0.0042,-1.1155,-0.3878,-0.0565,-0.407,-0.3631,0.0981,-0.3988,-2.4863,0.5961,-3.9974,-2.4573,3.1904,2.662,-0.2892,-0.4432,-3.9822,0.3767,-0.2493,2.8964,4.0743,0.538,0.523,-1.3494,0.625,-0.6887,0.0219,-0.4741,-0.0345,-0.542,0.847,-0.864,0.4012,1.5758,-6.7621,-0.6135,-0.099,0.1014,-3.9078,0.3018,-0.4004,0.956,0.0443,0.9021,0.1108,-2.9554,-0.1194,0.1006,-0.3454,-0.0009,-0.4677,0.0002,0.1503,-0.0504,0.1303,-0.0406,0.0278,-0.3708,-1.0476,-0.4272,-0.0809,-0.0171,0.4297,-0.2808,-0.1129,-0.3505,-0.3754,-0.4751,-0.0641,-0.4406,0.2606,0.2163,0.3008,-0.3205,-0.4507,-0.3408,-0.2506,-0.2306,-0.0119,0.0001
826,5886,108,5,running,5.0,108.0,5886.0,2.0,108.0,1.0266,0.1392,-3.9458,3.0869,2.4166,1.5957,4.1291,5.2439,8.007,7.6084,6.6451,9.7447,1.354,-2.189,-10.0955,-8.0168,-1.2763,0.2949,1.368,-1.0798,-2.2082,0.0511,-0.3074,0.1547,-0.1495,-0.1697,0.2519,-0.3796,-0.5087,-2.6744,-0.0694,0.3817,-0.2899,-3.2381,-4.6634,-2.3388,-0.7522,-0.4589,-0.0426,-4.7851,-0.7746,0.6493,0.6543,-4.7942,-0.036,-0.7344,-0.5632,-1.836,-0.0508,-0.5491,-0.8541,-0.5187,0.5425,0.4862,-0.3996,-1.5364,-3.9079,10.7627,-0.528,-0.3018,-0.4194,-3.3808,-1.5276,-0.5802,-0.2808,-0.101,-0.2165,-1.725,0.3458,-0.1006,-0.3509,0.1197,1.3009,0.7687,-1.0644,-2.4012,-0.3405,-0.8192,-1.4994,-0.1509,-1.4646,-0.7999,-1.5753,-0.4674,-2.7177,-1.1105,-0.8343,-4.7372,-0.4293,-0.0215,-1.1308,-0.8482,-0.3756,-0.8443,-2.5489,-0.4508,0.8757,-0.8122,-1.2604,-0.5277,-2.7197,0.9081,-0.3647
827,5887,108,5,running,5.0,108.0,5887.0,2.0,108.0,0.0017,0.684,-1.1437,4.9177,2.1585,1.8333,3.7143,-1.2584,5.0163,6.0943,7.3327,9.3886,8.2698,-0.2372,-4.1279,0.1874,-3.8847,-6.6036,0.3908,0.1349,-0.1659,1.209,1.6967,-0.6483,1.0475,0.1166,-1.2432,-0.441,-1.2857,-0.2955,-0.0773,-0.488,-2.0619,1.7877,2.4522,10.3094,1.3499,-0.0591,-0.6595,-1.3546,0.9721,0.545,-0.7062,-0.5601,-3.9618,0.5375,-5.6175,-0.0508,-0.8903,0.4298,-0.1015,0.5227,-0.768,0.0663,-4.5225,-0.4013,5.937,0.0214,-1.3015,-1.3454,0.1194,-0.1008,-5.8224,-1.4505,-0.2606,-0.0755,-0.3705,-0.4212,-0.3808,-1.1309,0.2164,-0.4002,-1.9458,1.2807,-0.4232,-0.3997,-1.1104,0.0009,-0.0662,0.6358,-1.1503,-1.3003,0.4994,-0.6018,-2.5759,-0.979,-0.0807,-0.3751,-0.3508,-0.3404,-0.0656,0.7013,-0.7169,-0.4403,0.4673,-0.4757,-0.6509,1.6105,0.5237,-0.8754,-1.4806,1.7406,0.6006
828,5888,108,5,running,5.0,108.0,5888.0,2.0,108.0,1.3277,0.1205,-0.8181,3.4236,1.256,5.6607,2.1569,-2.148,6.0985,7.379,4.2474,9.2719,8.1742,0.7189,-1.0065,-0.2984,-0.9773,0.3957,-0.3094,-0.0856,-0.135,-0.3897,0.367,0.5901,0.1072,-0.2846,-0.3348,-0.1623,-0.1855,-0.4711,-0.2277,0.0763,-0.0421,-0.0345,0.2692,-0.3573,3.9953,-1.4087,-1.6866,-0.2034,-0.5431,-0.8941,-0.0691,-1.7596,0.6478,-3.7611,-3.9344,-1.9567,-0.4986,-0.0225,-0.1008,0.832,-0.3215,0.0443,-2.119,-1.9852,2.7943,-0.3018,-0.3458,-0.4991,-0.8224,-0.1105,-1.414,-0.3756,-0.5249,-1.623,-0.9458,-0.3408,-0.3706,-0.4012,-0.3003,0.2606,0.0008,-0.4758,-0.0505,0.0205,0.2251,0.0181,-0.2166,-1.1308,-3.1012,0.1504,1.4002,-0.2504,-0.0106,-0.2809,-0.0454,-2.0804,-0.4504,-0.0491,-1.4805,-0.3806,-1.4405,-0.4298,-0.6002,-1.2205,-0.417,0.5009,0.3641,-0.5502,-0.3993,0.0679,-0.3507
829,5889,108,5,running,5.0,108.0,5889.0,2.0,108.0,1.1245,-0.8193,1.0915,0.4277,4.0177,3.6811,2.1365,-0.714,5.055,6.3145,7.0794,-6.9381,8.4849,-0.3391,-3.089,0.1422,-0.3962,-0.2559,-0.162,0.181,0.3536,0.4469,0.3781,0.0086,0.0632,0.0499,-0.2388,0.2946,0.4775,-0.2655,0.286,-0.1951,0.1776,-0.244,-1.8534,-1.6698,-1.7438,-0.647,2.6772,-0.7963,-1.5793,-0.3056,0.8078,0.4316,-0.2784,-3.9731,-2.8343,-0.1192,0.3457,0.9521,-0.547,0.4016,-0.0215,-0.0399,-0.0506,-1.9622,-3.8742,9.8139,0.823,0.3605,0.2803,-1.5648,-2.922,-0.8798,1.1017,-0.5328,-1.5276,-0.2163,0.0449,0.1505,0.525,-0.1002,1.833,2.737,0.2606,0.2259,-1.8273,-0.1303,1.0644,-0.1127,-1.6999,-2.3019,-0.5141,-0.3005,-1.5703,-0.3757,-2.0009,1.4396,-2.979,-1.8998,1.5005,-0.3647,-0.499,-1.8153,-0.799,-3.8116,-1.92,-0.3508,0.5757,-0.4509,-0.3704,0.8443,0.4299
830,5890,108,5,running,5.0,108.0,5890.0,2.0,108.0,3.1606,-0.1469,0.0159,2.0894,3.0785,1.1343,5.1249,-1.0565,6.0437,4.1089,7.2939,8.9231,-4.727,0.8596,-0.1557,-0.0032,0.6355,1.2719,-0.3064,-0.2061,0.4076,-1.0933,0.4791,0.2348,0.3682,-0.4463,0.4577,0.6084,0.5595,-0.3574,0.1766,-0.1852,0.2668,-0.5025,-0.3883,-0.2403,-1.2854,-0.7093,-4.6788,-0.1162,-0.8742,-0.228,-0.9746,0.3471,-0.5321,0.1018,-0.9872,-2.5631,-0.7892,-0.866,0.7941,-0.9951,-0.0219,1.732,9.7581,1.9617,1.9278,0.0508,0.3402,-0.3993,0.429,-4.2806,-3.8191,-0.1008,-0.4012,-0.0443,-0.1104,-0.3754,-1.3003,-0.2253,0.3014,-0.4005,-1.1306,0.5281,0.3643,-0.3456,-0.4995,0.1505,-0.8986,-0.3708,-1.1191,-0.4504,0.9807,-0.4242,0.0005,-0.0209,-1.2605,-0.3809,-3.5006,-0.5695,0.5752,-1.8754,1.4403,-0.2304,0.0759,0.7233,0.5497,0.4672,0.4256,-0.3505,-0.9451,-0.0286,-0.4803
831,5891,108,5,running,5.0,108.0,5891.0,2.0,108.0,1.417,-0.144,3.2372,2.0782,0.9087,4.1369,1.1547,-1.2638,5.6103,6.0065,8.5957,7.2906,-3.4824,-1.1612,-0.0985,1.1136,-2.0155,-0.4422,-0.0542,-0.3046,0.188,-1.8356,-0.1099,0.3543,0.3486,-0.3774,-0.509,0.1763,-0.2892,-0.3332,-0.8895,-1.2039,-0.4976,3.6466,-1.2719,-0.6775,-0.7853,0.9852,4.2562,9.7784,-0.7045,0.0461,-0.73,-1.8979,0.6021,-0.942,0.6881,-1.835,-0.8712,0.1013,-0.1102,-0.0215,-0.5431,-0.5619,2.0441,-0.966,-0.6193,-2.3804,-0.9313,0.03,-0.3506,-1.3407,-1.1126,0.1506,-0.2806,-0.2162,-0.9741,-2.3996,-0.4018,-0.8343,-0.4698,-0.0507,0.3451,-0.7703,-0.3013,0.8657,-0.3708,-0.5121,0.6234,-0.8695,-0.0755,-1.0008,-0.8489,-0.0663,-0.4299,-0.3009,-0.5289,1.4005,-0.4991,-0.9348,-0.5001,1.1197,-2.7808,-0.5116,0.7018,-0.8443,0.5759,-0.4303,-1.0803,0.719,-0.8753,-0.1308,0.9676
832,5892,108,5,running,5.0,108.0,5892.0,2.0,108.0,-3.42,-0.0088,0.827,3.6055,1.6161,2.1578,5.1063,-1.0765,4.0149,6.9231,7.3325,-0.2968,0.2062,-0.3957,0.1396,2.7164,9.2659,-2.2375,0.2872,1.2447,-0.3786,-0.4042,0.1743,-0.187,1.3689,-0.1261,0.0469,-0.0582,0.085,0.1941,0.0664,-0.3577,-1.9822,0.7973,-4.3066,8.8734,-0.4585,-1.8054,-0.4493,-0.0316,0.1167,0.9932,-1.9438,-1.1409,-0.3754,0.4895,0.7431,-0.4627,-3.9719,-0.5617,-0.9021,0.1506,-0.3506,1.0239,-0.5277,0.532,-4.4016,-1.7636,1.835,0.845,-1.6193,1.0477,0.1109,-0.3704,-0.2308,0.2804,-0.1199,-1.6011,0.3996,-0.3008,-0.3452,-1.5491,0.5015,0.7683,-0.5165,1.4295,0.8482,-0.1012,0.0219,-0.4751,-1.0608,-3.4509,1.4002,-0.5648,-0.3641,-1.1124,-0.1003,1.2603,-1.9558,-0.0679,-2.8356,0.3017,-0.9708,0.3405,-1.5006,-0.619,0.5225,-0.4166,-0.0441,0.5143,0.4807,0.5145,0.0503
833,5893,108,5,running,5.0,108.0,5893.0,2.0,108.0,3.0189,-0.0982,0.0581,2.912,3.129,1.7546,4.1474,-1.6604,5.1365,6.4255,8.0811,9.8333,7.0042,0.2462,-2.7143,0.2325,-0.2872,-0.371,-0.2692,-0.1632,0.1836,-0.1517,-0.078,-0.3527,-0.2211,-0.4563,0.063,-0.0461,0.207,-0.0329,-0.4043,0.4839,-1.6851,-0.4788,2.7902,0.385,-2.9866,0.3494,-0.3344,2.7897,-0.5421,0.5986,-3.1952,-0.5585,0.6449,0.5767,0.7784,-0.8731,-0.7699,-0.1014,-0.6083,-0.0507,0.6953,0.3708,0.565,-0.1505,4.0332,1.9541,-1.4005,-0.1003,1.416,1.301,-3.9636,-0.5005,-0.399,-0.3457,0.2305,-0.2162,2.3009,-0.3505,-0.0006,-0.4504,-1.2607,1.9773,1.9086,-0.3408,-0.7177,-0.4298,-0.3646,0.8798,-1.4014,-0.3751,-1.1105,-0.5648,0.9078,-0.0807,-1.719,-0.2208,-1.8398,-1.7364,1.979,-3.8754,-1.8343,-0.2252,0.5013,-0.4403,-0.6014,-0.2809,-0.6002,-0.7136,-0.1192,0.3277,-0.4805
834,5894,108,5,running,5.0,108.0,5894.0,2.0,108.0,4.6348,-0.1855,0.1557,4.7604,3.8157,2.9552,1.319,-1.057,5.0764,6.2556,7.2811,9.1619,8.2472,0.485,-1.089,-0.0947,1.6082,0.4546,-0.363,-0.2959,0.1232,-0.1789,0.3943,0.3337,0.1081,-0.2349,0.3421,-0.27,-0.0399,-0.0469,0.4477,0.2214,-1.2041,1.7598,-0.6693,-3.1391,0.3878,-0.354,-0.0142,-2.5467,-0.2653,-0.0695,0.638,-1.7316,0.7983,-2.8631,-4.9628,-0.8851,-0.7636,-1.6585,-0.8749,0.8427,-0.6862,-0.3015,3.748,1.2804,1.0447,3.9701,-0.4008,-0.5491,-0.1018,-1.616,0.7299,-1.0505,0.0488,0.526,0.1196,-1.9458,-0.4295,-1.0998,0.5223,-0.4014,-1.0277,1.1306,0.3294,-0.7175,-0.0704,-0.427,-0.839,-0.0003,-0.0215,-1.1506,1.979,-0.3453,-0.9708,-0.0442,-0.3402,-0.1121,-0.3808,-3.5121,0.8273,-0.3704,-2.4236,0.1009,-0.1102,-0.6355,-0.6145,-0.3991,-0.3643,-0.4194,-0.5489,0.849,0.9444
835,5895,108,5,running,5.0,108.0,5895.0,2.0,108.0,0.0835,-1.1236,0.145,1.7176,2.3114,3.1586,5.4396,-0.2757,-1.2597,-1.9231,7.0149,4.619,-1.3979,-2.079,6.266,-0.3791,0.1859,-1.8333,-1.0077,-0.1096,-0.4523,-0.2072,1.1366,-1.0589,0.0655,-0.288,0.0464,-0.4084,-0.2983,-0.2482,-0.1148,-0.1763,0.1646,0.2213,0.0941,-0.1952,2.3876,-0.4468,8.7898,-1.3088,1.0375,-0.3374,-4.947,0.3421,0.5699,-3.6762,-0.5469,-0.4742,-0.8531,-0.9375,0.7344,-0.3453,0.6561,-0.321,0.1011,-1.0215,1.5647,4.435,1.3017,0.0448,-0.5326,9.8769,-1.0509,-0.3606,-0.1198,-0.1104,-0.0239,0.1502,-1.0755,-0.3808,-0.0442,0.5695,-0.739,1.8398,-0.8998,1.3757,-0.4011,0.3002,-1.899,1.6011,-0.0804,-1.1005,-0.4293,-2.8757,-0.2166,-1.0608,-1.4001,-0.3402,-0.5663,-3.4506,0.3993,-1.5483,-1.0756,-2.5122,0.4991,-0.2806,0.3709,-0.4187,-0.1121,0.4803,1.4672,-0.5705,-0.0493
836,5896,108,5,running,5.0,108.0,5896.0,2.0,108.0,0.9083,-0.1549,0.6602,2.2572,1.716,3.07,4.125,-1.2075,5.8016,7.2988,8.4177,6.2895,9.3781,-0.3585,-1.1364,-0.1401,-0.0963,-0.3979,-0.1859,1.2786,-1.6977,0.1733,-1.266,-0.3068,0.4543,-0.6611,0.4832,-0.1087,-0.477,0.6542,-0.5583,-0.3823,0.0544,0.4074,-0.579,-0.047,-0.3462,-0.2298,0.248,0.1961,-0.0631,0.3616,1.8499,-3.9467,0.8946,-1.542,-0.7892,2.5621,-0.974,0.5665,-0.1012,-0.3451,-0.034,-0.2805,-1.8333,-4.767,-2.0506,3.1191,0.7317,0.1506,0.2607,-1.3007,0.021,-0.93,-0.3402,-1.525,0.4009,0.1003,-0.3993,-1.1303,-0.5322,0.4646,0.9666,1.4505,0.0709,-0.3706,0.5015,1.8798,-2.4011,-0.4991,-1.8212,-0.2167,0.3018,-1.9458,-0.7294,-0.3756,-1.1121,-1.0009,-0.2202,-0.0663,-1.1105,-0.9452,-0.4187,-0.7013,0.6012,-2.8131,-1.0807,-0.9708,-0.3805,-0.6607,0.4294,0.2259,-0.5003
837,5897,108,5,running,5.0,108.0,5897.0,2.0,108.0,1.0736,0.0406,-4.9552,1.268,2.8443,4.6011,3.0585,-3.3346,5.131,6.719,7.1825,8.2788,9.5947,-1.355,0.2915,-0.2899,0.1223,-1.3796,-0.382,0.3979,0.68,-1.1463,0.1743,0.1655,-0.0161,-1.3057,0.6691,0.0645,0.6908,-0.2283,0.4062,1.2403,-0.0931,-0.6482,-3.7567,0.7842,-1.4889,0.7098,-0.0434,0.1951,-2.4952,-1.6521,3.1176,-1.4493,-0.866,-4.7795,0.9432,1.8741,-1.5616,-0.542,-0.0262,-0.8435,-0.7464,-3.7215,-0.9066,-1.5328,2.9219,-0.0215,3.4296,-0.1002,-0.3459,-0.0508,-4.3004,-0.1197,0.734,0.4502,-0.2605,-0.3502,-0.0473,0.0453,-0.3014,-0.1307,0.0277,1.3997,0.6176,-0.1015,-0.9458,-1.0679,-0.5751,-0.2805,-0.4647,-0.1503,0.3641,0.3605,0.2167,-0.3408,-3.3752,1.0476,-1.9607,-2.0007,2.4168,-0.8398,-1.1105,0.4005,0.5018,0.6138,-0.9807,-0.9076,-0.0809,-0.0493,-1.3802,0.3702,0.4407
838,5898,108,5,running,5.0,108.0,5898.0,2.0,108.0,0.6262,-1.7182,3.4141,0.9381,4.085,2.0764,1.2789,-3.0963,5.1117,6.161,7.2056,-3.188,-0.8443,-2.3885,8.2968,9.2396,-0.1288,-0.1344,-0.3746,-0.0061,-0.4839,0.357,0.1474,0.4906,-0.2655,-0.1543,0.0157,-0.2859,0.3099,0.2482,-0.3467,0.6084,1.654,-0.0594,3.6921,-0.3386,-1.6625,-0.4775,-2.7871,-3.9045,-2.9742,1.9522,-0.9319,-1.7977,10.0436,0.5375,-0.73,-0.8732,-0.625,-0.1015,0.0477,-0.3457,0.032,-0.7213,-2.7631,-1.8193,-3.9214,-0.6135,0.028,-0.834,-0.1196,-2.4277,0.799,-0.512,0.1005,0.1306,0.1108,3.5276,-2.7169,-0.4292,-1.8181,-0.0449,0.547,1.9646,1.2606,-0.6156,-0.3006,-1.3015,-1.6451,-0.3405,-1.5165,-3.4995,-0.3708,-0.522,-1.5695,-1.0507,-2.0661,-0.0662,-3.3997,0.0603,0.2166,-0.5757,0.4677,0.0658,1.4013,-0.3503,0.4806,-0.5187,-2.2209,1.9079,0.6553,1.7387,-0.7808
839,5899,108,5,running,5.0,108.0,5899.0,2.0,108.0,1.6146,-0.1396,4.312,0.9077,3.8868,1.694,2.4106,-0.141,6.8139,7.2655,5.1635,8.0905,11.1742,-0.2062,-0.2438,-1.2701,0.1577,-0.289,-1.255,-0.2956,0.4566,-0.1806,-1.0036,-0.3783,-0.0886,9.4849,0.597,0.7975,1.2265,1.1947,-0.6074,-0.8967,0.1272,0.4433,-1.5734,-0.0464,0.3092,-1.9821,-0.4625,-2.2385,-0.9731,-0.7639,4.4311,0.6316,0.5285,-4.7895,0.5411,1.8732,-0.532,0.3457,-0.738,-0.9326,0.1192,-2.5756,2.6163,-3.0507,-4.846,10.0219,-0.948,0.3005,-0.035,-2.5225,-2.9554,-0.3708,-0.4005,-0.3403,-0.0473,-2.799,-3.0756,-0.1103,-0.1011,0.4646,1.5491,1.6397,1.2603,-0.4141,-0.5443,-0.5013,0.9509,-0.0671,-1.1124,-0.8482,-1.4998,-0.4016,-0.4165,-1.3014,-0.7703,-0.8493,-1.0661,-0.3756,0.7294,0.8217,-0.4242,-1.6276,-0.3803,-0.9089,-1.6451,-0.2803,-1.5002,-1.8273,0.4807,0.4665,-0.8758
840,5900,108,5,running,5.0,108.0,5900.0,2.0,108.0,1.0798,0.139,-4.0897,1.2315,2.0902,4.8142,3.7999,-0.914,6.055,5.2975,7.3177,8.3319,9.6055,-1.0146,-6.1794,-14.0626,-0.8867,0.4979,1.2082,1.247,0.2896,0.1043,-0.6836,-0.1852,1.4537,0.2558,-0.4856,-0.6922,-3.7838,0.3563,0.3411,0.168,-0.5791,-4.6527,-0.3044,0.4795,-0.6499,-1.8612,-0.8971,-0.0465,-2.8766,-0.038,0.7742,0.3941,0.4021,-3.7632,1.8531,-0.731,-0.741,-0.4015,0.548,0.1509,-0.4998,-1.842,1.837,-3.6213,5.5345,10.0505,-0.9345,0.7215,-0.1191,-4.3004,-0.8482,0.4265,-0.3019,0.3993,-0.3453,-1.5752,-1.7443,0.3406,0.3502,-0.3807,-0.6011,0.9087,-1.6143,-0.5109,0.2162,-0.1127,-1.2602,-0.0807,-1.0442,-3.3757,-0.9451,-0.099,-0.3704,-0.8798,-1.0476,-1.0441,-2.4298,-1.0603,2.1008,-0.1012,-1.8776,-0.4671,0.5453,-0.7296,-0.0447,0.3643,-1.8757,-0.9077,-0.4006,0.0005,-0.5008
841,5901,108,5,running,5.0,108.0,5901.0,2.0,108.0,4.92,-0.7706,7.3122,2.0981,3.6146,0.8922,5.7539,-1.1519,1.2692,6.0546,4.4825,0.8458,-2.089,-2.3884,8.1472,0.271,-2.1788,0.4543,0.47,9.0791,-0.1182,0.1857,-0.5542,-0.2958,-0.2056,-0.2823,0.3374,-0.3085,-1.3663,-0.655,-0.134,-0.6835,0.6967,1.6462,-1.1612,1.7902,-0.2403,-0.776,0.4976,5.7893,-1.807,-0.5434,-0.8632,-0.6651,-2.3798,0.9921,10.73,0.047,-0.8744,0.0695,0.3002,-0.3453,0.1191,0.5375,3.417,-1.3994,-3.9731,1.526,-0.9807,0.4254,0.9468,6.968,-2.0759,0.3509,0.1503,0.3403,0.831,1.2607,4.3803,-0.1008,0.599,-0.839,-1.3703,-0.7386,0.1018,-1.6163,-0.5173,-0.0504,-0.4698,0.4271,-0.2805,-1.1126,-0.0008,-0.8356,1.0332,-0.3019,-0.4665,-0.9644,-1.0209,2.5508,-0.4014,0.5018,1.5009,-1.4004,0.4505,-0.4299,-0.2166,1.4757,-0.1102,-0.5759,0.2202,-0.414,-0.0483
842,5902,108,5,running,5.0,108.0,5902.0,2.0,108.0,1.0169,0.3306,-0.1343,4.6451,5.1279,1.7141,2.414,6.8191,3.1655,9.9062,7.1536,0.2082,-0.4976,-0.3957,-0.0075,1.1764,-0.1867,-0.1408,0.3346,0.2596,0.358,0.2347,0.4885,-0.0772,0.0922,-0.1097,0.0561,-0.2692,0.2888,-0.1144,-0.3468,-1.407,0.3086,-0.4583,-1.2452,-1.5054,-1.6584,0.1932,-2.2938,8.8766,-0.2742,-0.5637,-0.8977,-1.045,0.6053,-3.9041,-1.5873,-0.9863,-0.7862,0.0504,0.9499,-0.3011,0.0344,-1.9521,1.8986,3.9375,1.3997,6.7431,-2.7164,-0.1017,-1.1109,4.4008,-1.3505,0.0449,-0.1198,-0.1303,-0.3452,-0.3408,4.1008,-0.839,-0.1505,-0.0999,1.3808,0.0004,1.4508,-0.0809,-0.1126,-0.429,1.427,-0.3002,-1.9762,-2.3702,-0.8122,-0.6012,-0.2167,-1.9087,-1.8756,-3.4991,-1.5015,-0.9443,-0.5752,-0.2803,-1.0756,0.4303,-0.4406,-2.4807,-0.4011,-0.8398,-0.4679,-0.4243,-0.3641,-0.2259,-0.3757
843,5903,108,5,running,5.0,108.0,5903.0,2.0,108.0,1.085,-0.0973,1.1665,3.4999,2.6146,0.9061,4.0182,-3.719,6.1849,5.0775,-3.8181,7.2396,8.602,-2.1295,-0.2769,-0.0032,1.3791,-0.3584,-0.2636,-0.1763,-0.3825,0.3943,-0.3368,0.5585,-0.118,-0.2919,-0.1513,0.2217,-0.1466,-0.6434,0.109,-0.0541,-0.2874,-0.0467,-0.0505,-0.2483,-0.704,-1.8746,9.7877,1.5831,-0.4857,-0.4797,-0.0209,0.1102,0.4445,0.1191,-0.3088,-1.9321,-0.7699,0.7972,0.428,0.8611,0.8962,-0.9856,-1.526,4.9439,10.5311,-2.5413,-0.7406,-0.4018,-0.2804,1.025,1.301,-0.1011,-0.5013,0.2164,1.5109,0.0007,1.2608,-0.2202,-1.4265,-0.3408,-0.3705,1.0277,0.3007,-1.4004,-0.3453,-0.5758,-0.3804,-0.5647,-1.7233,-1.7136,2.4252,-0.3641,-1.7398,-0.1127,-0.4674,-0.0998,-1.3502,-0.3758,-3.7177,0.4297,1.0332,-0.4752,-0.0441,0.2251,-2.1003,-0.7169,-1.4991,-1.6011,-0.6011,-0.4805,0.8754
844,5904,108,5,running,5.0,108.0,5904.0,2.0,108.0,3.0077,-0.6382,4.4343,1.9076,0.2365,5.2468,3.6045,-1.1479,2.5875,6.0582,-0.0903,-1.178,0.8584,-1.255,7.3867,0.7169,0.159,0.2788,0.0811,-0.3681,9.1285,0.0155,-0.1086,0.482,-0.4796,1.1349,-0.2698,8.6971,0.3374,-0.3719,0.2957,-0.4431,-0.1642,-2.2225,1.7897,1.7091,-0.9946,-0.0693,-0.5421,-4.2856,-0.4083,0.9534,-2.4318,0.3035,-3.9466,-0.6492,1.3984,-0.8976,0.534,0.022,0.6316,0.0007,0.878,0.0409,2.3408,-1.7311,2.4137,1.0644,-0.1192,0.2807,-1.721,2.5223,1.5443,0.5131,0.3219,0.3707,-0.1015,-0.3502,2.0507,0.1002,0.0666,0.3005,1.4017,1.429,-0.5217,-0.628,-0.0679,-0.1308,0.2165,-0.5648,-1.3995,-1.8192,-0.414,-0.3752,1.1122,-1.3451,-3.5006,-0.5647,0.4999,-0.3014,-1.1108,-0.3806,-0.3272,-0.5145,0.4404,-2.5695,-0.5015,-0.0802,-0.6138,-0.4507,0.5013,-2.2602,-0.3649
845,5905,108,5,running,5.0,108.0,5905.0,2.0,108.0,0.1406,-1.6332,0.0908,2.7136,1.0155,3.4231,5.3395,4.3946,7.1698,6.9451,8.605,-3.1807,9.8398,0.5884,-1.1068,-0.2057,0.2342,-0.1715,-0.374,-0.2574,0.0075,0.2694,0.2472,-1.3664,-0.3856,0.4547,-0.307,-0.1232,-0.1181,-0.4813,-0.4421,-1.6789,-0.7943,-0.2851,1.2988,-1.2277,0.047,-0.6966,-0.6531,0.9976,-0.9727,-0.858,-3.3562,-0.3483,-1.7854,0.6319,0.4953,-0.0215,-0.0289,0.6173,0.0329,0.9327,0.0286,0.3456,0.9041,2.9212,10.0504,3.964,0.4187,0.3509,-1.6397,-0.4016,-3.1194,-0.1509,-0.8249,-0.7301,0.1002,0.0005,0.2208,-0.1304,0.3993,-0.4004,1.8764,-1.4271,1.0209,-0.528,-0.2809,-0.0803,-1.4298,-0.5145,-1.5491,-1.417,0.9238,-0.8212,-0.1015,-0.8443,-0.3016,-0.3809,-1.9807,-0.4234,-2.6276,0.867,-0.4758,0.6306,-0.0992,-0.9278,-0.7406,-0.8192,-0.0663,-0.2167,-0.6118,-0.5752,-0.8356
846,5906,108,5,running,5.0,108.0,5906.0,2.0,108.0,0.9084,-1.6602,1.0189,0.0596,3.0982,2.8343,5.2743,-3.1692,4.7382,6.1215,8.1775,7.582,-0.3955,-1.2385,-1.185,-0.3879,0.0772,0.0032,-1.1156,0.4548,-0.4976,0.694,-0.2468,0.4464,-0.6061,0.2297,-0.3413,-1.2946,0.2895,-0.1065,0.1937,-0.0433,-3.3062,-0.268,2.8898,9.2557,0.147,0.0399,-0.0212,-3.3677,0.8766,-0.7831,0.4215,-0.3553,0.5421,-4.4774,-0.636,-0.1197,-0.6784,-0.737,-0.9025,-0.0239,-0.8645,-1.9319,0.5213,-1.8301,1.0658,4.4143,11.1504,0.3997,-0.3703,-2.8191,1.4018,1.3012,-0.3003,-0.3409,0.4008,-3.909,-0.3504,-0.5491,-0.0007,-0.3805,1.4506,2.4117,0.4297,-1.0992,-0.2809,0.3452,0.0508,-0.8443,-0.0188,-0.0209,-0.9499,-0.4673,-0.2604,-0.5754,-0.4992,-0.1014,-1.4252,-2.5173,-0.4187,1.1102,-2.1305,-0.8776,-0.7018,-0.31,-1.3754,-0.9082,-0.2165,0.1121,-0.0609,-1.2258,-0.3609
847,5907,108,5,running,5.0,108.0,5907.0,2.0,108.0,1.0047,-0.0102,1.9607,3.1765,0.8398,2.149,5.6641,-3.1078,4.0588,7.2986,6.1169,8.1597,9.1619,-0.4564,0.4646,-2.2696,0.3324,-0.2857,-0.1842,-0.1243,-0.067,-0.3581,0.362,0.048,0.4085,-0.2213,-0.4477,-0.3973,0.5598,0.3782,0.0884,-0.0961,0.3095,-0.2776,3.7233,-0.9946,-0.2532,-0.3872,-0.4892,-4.565,-0.6675,0.5867,-0.036,-3.6889,0.4941,0.2354,-0.626,0.3479,-1.9433,0.8715,0.5321,0.5225,-0.3015,-0.6324,-3.5164,3.7464,-1.5276,-0.3994,-0.3406,0.1505,0.2605,-1.3754,-4.419,-0.3503,0.5109,0.1103,0.3704,-0.0006,-3.0239,-0.3806,0.099,-0.2162,-0.4671,1.1012,-1.5695,-0.3009,-0.1197,-1.979,0.1306,0.4396,-1.4297,-3.5759,-0.9443,-0.9329,-1.499,-0.3156,-1.9458,-1.8798,-0.4141,-0.5131,-0.4127,-0.5116,-2.0502,-0.8301,-0.8491,0.3452,-0.1005,-0.3292,-0.4503,-0.4265,-0.9069,-0.3607,0.4277
848,5908,108,5,running,5.0,108.0,5908.0,2.0,108.0,0.1705,0.8258,-1.1256,2.1465,1.0066,3.9076,4.4222,-3.507,5.018,7.2694,-0.7291,6.0963,1.3324,-0.3882,-2.166,8.152,-0.5836,0.4543,0.1857,-0.2547,-0.4886,0.2975,-1.1181,-0.394,-0.3422,0.2762,0.3769,-1.1096,0.6492,-0.4972,-0.6835,0.6783,0.4623,-3.3053,-0.0431,-1.4488,-1.8974,-0.2878,-4.7961,-0.1384,-0.8721,0.069,-0.9832,3.7785,0.5595,-0.7619,0.034,0.9399,-0.4012,-0.1013,-0.9741,-0.1509,0.2806,-0.2164,-3.548,-1.4215,-4.8757,9.3756,-1.3995,0.3608,-0.0211,-0.0506,-3.4168,-0.6143,-0.1106,0.3508,0.4297,-3.9231,0.8016,-0.9443,-0.731,0.499,-0.7687,1.3015,1.4646,-0.5224,-1.3458,-0.3643,1.2606,-1.1004,-0.1194,-1.0807,-0.1308,-2.1129,0.3708,-0.3408,-1.3805,-0.9607,-0.5751,-0.4403,-0.3005,-0.6553,-0.8657,-0.7165,-2.9452,-1.7185,-0.6397,-0.414,-0.8013,-0.2258,-0.4673,-0.8192,-0.6014
849,5909,108,5,running,5.0,108.0,5909.0,2.0,108.0,1.1279,-0.8116,4.1668,0.7282,2.4137,3.6604,1.2362,-3.058,5.9583,7.1343,6.1072,8.2625,0.0069,-2.0797,-0.4577,9.5846,0.4837,0.1864,-0.1411,-2.357,-0.335,-0.1517,-0.3865,1.229,0.0424,-1.0106,-0.4095,0.6066,-1.1949,1.2982,-0.4796,-0.6788,-0.2075,0.5744,4.3055,-0.3956,2.6399,0.0892,0.3628,-4.8541,-0.9876,-0.8327,0.8931,-1.5344,0.3487,-3.8632,0.034,-0.0493,-0.7421,0.738,-0.7851,-0.3005,0.0503,-0.931,-1.847,5.522,0.1015,-2.9442,-0.0477,-0.5439,-0.301,-3.3458,3.5491,-0.1197,0.0216,-0.1506,0.1121,0.0658,-4.5757,-0.2203,-0.1005,-0.9773,-0.7443,1.7382,1.4506,-1.9762,-0.8657,-1.7177,-0.0003,-0.0209,-0.5121,-0.3804,-1.0759,-2.1108,1.5665,-1.0661,3.6141,-0.2803,-2.8181,-0.3642,-0.3407,1.5143,-0.4677,1.3994,-2.5494,0.619,-0.8333,-0.1307,1.4296,-0.8381,-0.0448,-0.5001,-3.8757
850,5910,108,5,running,5.0,108.0,5910.0,2.0,108.0,0.0169,0.7406,-1.0064,2.0565,1.6698,3.3368,4.9554,-1.0908,5.1145,8.0797,6.1379,7.6163,9.247,-3.4303,-8.1643,-3.2039,0.1519,-0.4837,0.4076,-2.1742,-0.2823,0.3078,1.1852,-0.2784,-0.1455,0.5057,-0.4425,0.2272,-0.4904,0.4763,-0.6782,0.0638,-0.0399,-1.1254,0.2635,0.5895,-0.7432,-1.3661,0.2953,-2.7577,-2.4634,-0.6091,0.8862,2.908,0.8902,0.8531,-4.8636,-0.8741,-0.9611,-0.7321,-0.1005,-0.5613,-0.9329,0.0505,-0.3457,1.9428,-5.1191,3.926,-0.8191,-0.3997,-0.8324,-1.0759,1.979,-2.3508,0.1506,-0.2808,-0.3707,-1.416,1.0992,-0.3009,-0.1121,-0.4007,1.8148,1.3805,-0.5754,-2.0286,-1.7169,-0.719,-0.8343,-1.1102,-1.9444,-3.6118,-0.3015,-0.9451,-0.7358,-0.7018,-0.2604,-1.4509,0.1011,-0.6176,-0.4759,-2.4406,0.2252,1.2167,-1.099,-1.0008,-0.7709,-0.8356,0.4992,0.8753,-0.7233,-1.4011,-0.9236
851,5911,108,5,running,5.0,108.0,5911.0,2.0,108.0,0.074,-0.4141,0.006,-0.0974,-0.0894,-0.0423,0.0636,1.1517,-0.0188,-0.1056,-1.2982,-0.0543,3.1246,-1.1639,0.1479,0.2695,-0.7187,2.2542,-1.6011,1.9807,-0.3313,-3.8443,-0.2747,4.5069,0.352,0.1949,-0.7077,-0.6848,0.5724,-0.3766,0.3865,-0.4596,-0.7851,0.1867,-0.2899,-0.5889,-0.3472,5.0344,-0.633,0.7522,0.9897,6.5321,0.0505,-0.023,0.5585,-0.0807,0.0009,0.1306,0.649,0.8031,-0.847,0.7329,-0.0663,0.3451,0.1014,0.1104,-0.3407,0.3017,0.119,0.3003,0.2164,-0.3648,-0.3803,-0.4005,0.5466,-0.4018,-0.3224,-0.1508,-0.2305,-0.525,0.1122,-0.3756,1.83,-0.8771,0.2607,-0.3997,-0.5109,-0.762,-0.4507,-0.5648,-1.2203,0.4754,0.4674,-0.5165,-0.4994,-0.2807,-0.8617,-0.5751,0.6211,0.938,-0.4999,0.9084,0.5009,0.9084,-0.6163,1.6006,0.7189,-0.7233,0.4408,-0.1006,-0.6397,-0.3703,-0.9238
852,5912,108,5,running,5.0,108.0,5912.0,2.0,108.0,0.8181,0.9381,-1.0136,5.4648,1.0548,3.7563,2.142,4.7136,6.1632,8.3115,7.6084,10.2315,11.0986,-0.8847,-2.175,9.5895,-6.0885,-0.2697,-0.0774,-1.1143,-0.2737,-0.3598,0.4424,-1.1825,-0.6941,0.4573,-1.1064,-0.229,1.4913,0.0499,-0.4066,-0.0042,-1.3428,1.7793,-1.6592,1.2972,0.3855,1.7067,-0.3078,-4.3394,-1.8096,-1.3971,-0.5791,-3.4621,0.5225,-3.5468,0.7903,1.5263,0.8906,-0.8719,-0.0506,-0.5614,-0.7177,-1.5249,0.4999,3.7684,-4.7631,2.5314,0.9238,-0.8139,-0.6213,-4.5443,2.837,-0.1019,-0.3703,-0.3993,-0.5165,-0.2807,-1.1199,-0.1306,-0.3017,-1.4993,-0.4006,1.5404,-0.5703,-1.8493,-1.3002,-0.0661,-0.429,-1.028,-4.3757,1.5647,0.9077,-0.5281,-1.8657,0.0992,-1.6145,-3.5143,-0.3451,-1.4277,0.8225,0.839,-0.8016,-1.4017,-0.3404,-0.4242,-0.4509,0.5754,-0.3505,-2.0804,-0.4672,-0.1003,-0.849
853,5913,108,5,running,5.0,108.0,5913.0,2.0,108.0,0.0944,-0.78,0.0514,1.7115,2.8657,3.6451,4.4252,-1.3136,6.0185,7.9081,5.1291,8.159,9.1872,-2.2898,-4.2967,0.4824,0.334,-0.3584,-0.1764,0.105,0.1655,0.3788,-0.0774,0.3876,-0.2036,0.4711,0.2271,-0.2695,-0.1943,0.2546,-0.0461,-1.4902,0.0321,-0.0645,-0.6932,-0.668,1.7593,0.3477,-0.7065,0.5883,-0.6856,-0.7954,0.3063,-3.8923,-0.6039,-0.2742,-0.628,0.8699,-1.738,-0.5782,0.8731,-0.9717,0.3402,-2.0007,-2.9762,-3.968,10.8181,-0.5215,0.5321,0.119,-0.3708,-0.0442,-1.0759,0.3451,0.0409,-0.3017,-0.2164,-0.2607,-0.9413,0.2253,-0.2804,-0.1103,0.4991,-0.5165,1.4011,1.3009,-1.4503,-0.3754,-0.0755,-0.979,-0.0662,-1.5008,-2.1019,0.4242,-0.1129,-0.0998,0.7169,-0.0809,-0.7372,-1.0449,0.4004,-0.4256,-0.4406,0.1307,0.4671,1.0443,-0.2303,-0.7013,0.4232,-0.0503,0.5016,-1.9554,-0.7808
854,5914,108,5,running,5.0,108.0,5914.0,2.0,108.0,1.7169,0.0641,-4.9084,1.3232,2.6138,3.1272,4.1392,-0.169,6.0179,7.265,5.4536,8.077,9.8798,-0.4075,-1.3769,1.2065,-0.47,0.1582,-0.3884,-0.2596,0.5839,1.3524,0.2343,-0.1864,-0.4419,0.3428,-0.331,-2.5567,-0.1142,-0.2705,-0.4968,-0.0963,-0.0691,-1.1762,-4.2956,-0.2278,-1.9732,-0.8841,-0.038,-0.666,0.3057,0.4631,-3.7499,-0.023,0.4877,-2.9321,-0.8719,-0.8344,-0.9851,-0.7344,0.5401,-0.8521,-1.0509,-0.9424,-0.8971,-5.0756,-3.8601,1.0467,1.4011,0.5311,-0.7611,-5.9561,-3.5145,0.2606,-0.5216,-0.3994,-0.3457,-2.9451,-0.3409,-0.0449,0.4297,0.2809,-0.7703,-0.3002,-1.8482,1.9554,-0.2165,-0.5647,-0.3012,-0.5696,-1.799,-0.7382,-0.1191,-0.1011,-1.3708,-1.8471,-4.5443,-1.5757,-0.9074,-0.4503,0.3502,-0.1303,0.1005,0.4673,-0.4001,0.3759,0.1505,0.1122,0.0003,-0.4127,-1.7298,-0.5006,-0.5276
855,5915,108,5,running,5.0,108.0,5915.0,2.0,108.0,1.7185,-0.4999,2.3152,4.077,0.6143,1.0518,3.6693,-0.2425,5.3389,7.914,6.0963,8.1449,9.8398,-0.1617,-0.3882,-0.2395,1.5075,0.0142,0.209,1.1296,-0.0892,-0.5811,-0.4569,0.2732,-0.393,-1.2984,-0.4886,-0.0061,0.2221,-0.106,-0.3688,1.2613,-1.2846,2.4468,-1.9941,0.6577,2.7867,-0.048,-1.744,-0.1957,0.7972,0.3564,-0.3787,2.9852,0.4762,0.4311,3.9731,-0.3485,-2.9411,0.0266,-0.5411,-0.5553,-0.0694,1.738,-2.761,-3.6144,-2.5617,-0.3457,-1.8657,0.832,-1.025,2.6161,-0.419,-1.0289,-0.0249,-0.0448,0.036,0.2806,1.3757,0.1199,-0.0404,0.9452,-0.4008,0.4673,0.8493,-0.4294,0.6105,-0.1018,-0.9043,-1.3019,-1.3008,-0.2251,-1.5754,1.8776,-0.8383,-0.4168,-0.5013,-0.4992,-1.1303,1.7382,2.1122,-0.2164,0.4759,0.3509,-0.3246,-1.4236,0.4272,-0.1002,-0.4265,0.8235,-0.3996,-0.3709,-0.3406
856,5916,108,5,running,5.0,108.0,5916.0,2.0,108.0,0.1347,0.704,-1.1549,3.9077,2.6177,1.8596,5.1245,-4.0869,4.7596,6.1064,7.2985,8.6082,-3.2694,-0.189,-1.1143,-3.7919,9.385,0.1763,-0.2784,0.0066,-2.2858,0.0105,-0.3788,1.6567,-0.3376,-0.2597,0.3423,-1.1403,-0.3632,0.0974,0.3948,-0.0699,-1.5595,-0.6877,-1.4492,-1.8724,-0.3583,0.7857,-3.8904,-0.2261,-0.5421,0.3046,1.988,-0.2086,0.5631,-3.621,-0.4015,1.9073,-1.4999,0.534,-0.023,-0.93,-2.7312,-3.099,0.1198,-0.101,3.0505,1.421,-0.2605,-0.1129,-1.5224,1.3757,-2.427,0.2804,0.3004,-0.3014,-1.5165,-1.0998,0.3402,0.3508,0.4002,1.3997,0.4291,-0.9773,-0.099,-0.3706,-0.2166,-1.0662,1.3452,-0.5752,-0.7225,-0.2258,-0.4754,-0.1103,-0.4277,-0.4651,-0.5695,-0.1309,-1.0806,-0.4991,0.4407,0.4506,0.5505,-0.2209,0.3603,-0.1004,-1.5005,-1.4673,0.9078,0.0409,-1.619,-1.2303,0.6014
