generated_index,candidate_id,prompt_window_id,real_index,activity_name,hand_acc_16g_x_mean_zerr,hand_acc_16g_x_std_relerr,hand_acc_16g_x_range_zerr,hand_acc_16g_x_stats_score,hand_acc_16g_y_mean_zerr,hand_acc_16g_y_std_relerr,hand_acc_16g_y_range_zerr,hand_acc_16g_y_stats_score,hand_acc_16g_z_mean_zerr,hand_acc_16g_z_std_relerr,hand_acc_16g_z_range_zerr,hand_acc_16g_z_stats_score,hand_gyro_x_mean_zerr,hand_gyro_x_std_relerr,hand_gyro_x_range_zerr,hand_gyro_x_stats_score,hand_gyro_y_mean_zerr,hand_gyro_y_std_relerr,hand_gyro_y_range_zerr,hand_gyro_y_stats_score,hand_gyro_z_mean_zerr,hand_gyro_z_std_relerr,hand_gyro_z_range_zerr,hand_gyro_z_stats_score,mean_zerr_avg,std_relerr_avg,range_zerr_avg,stats_score,max_channel_stats_score
256,267,5879,267,running,0.369497973815321,0.45826826329527137,0.7376094339213844,0.47862838162851384,0.5052940830491063,0.1401991009358483,0.4925085648443295,0.3566989865628477,0.34271527922138517,0.35309949752826764,1.1754485450993517,0.5134156197197315,0.2782279982206591,0.3406450428873616,1.0323197324521942,0.45401316293364713,0.22545356981789888,0.28864835344898593,0.34986725655792533,0.275614220618339,0.18304405400200024,0.5021273570607878,0.9011837480243008,0.4543053140299754,0.3173721596877284,0.34716460252608705,0.781489546816581,0.42211261424884244,0.5134156197197315
273,284,5896,284,running,0.007907306040728144,0.14329079293226876,0.6009563128536947,0.18067050215993768,0.9221865431047731,0.4942707369981678,1.5167445292902841,0.8699318178992332,0.09149202680944266,0.5658023835770118,1.347262866763448,0.5323703375072715,0.6654843242465097,0.016910242882779702,0.6609230167101342,0.40514243019374263,0.06318593957450952,0.15435448121488768,0.4844833978374353,0.18391284788324597,0.2637430586682015,0.5125491060585675,0.7788492383848649,0.46628671356768064,0.33566653307402744,0.3145296239439472,0.8982032269733101,0.4397191082018519,0.8699318178992332
275,286,5898,286,running,0.05933676810068164,0.10542415061775338,0.5737883992653445,0.18066204734044294,1.08672115408539,0.5622981855064441,1.786027020108168,1.0168131398583673,0.3809242604990638,0.6352646235617466,1.2898028601809857,0.6644361256605213,0.42586247667802124,0.3470806463629798,0.9224757295794193,0.49367239513228434,0.26563016652522725,0.18951288572014316,0.47649286627500376,0.2773557941531489,0.06402139764860135,0.14428033959974942,0.08176219047756358,0.09967313299485303,0.38041603725616424,0.33064347189480275,0.8550581776477476,0.45543543918993634,1.0168131398583673
231,237,5849,237,running,0.13095659666635867,0.36695936119977496,0.9493415806801213,0.38903469928247775,0.8007632954419195,0.5220321621586118,1.4201884572557486,0.8131558744913623,0.06786092516905132,0.517413543611473,0.978501948816128,0.4298101772754353,0.5958985963781788,0.160188791096717,0.956816011830475,0.49379815735605337,0.30014351652309357,0.2822631899076017,0.41209161470058875,0.31538100551239584,0.009992449042262288,0.46134732600430184,0.5234004664118759,0.29321600330100084,0.3176025632034773,0.38503406232974674,0.8733900132824894,0.45573265286978754,0.8131558744913623
285,296,5908,296,running,0.10955109836092117,0.15961371811441225,0.2291558742473332,0.1534971014396,0.899652227480613,0.520791335930291,2.049948506482885,0.9781671266609386,0.3705137904521903,0.514470198477682,1.7942834513764807,0.7128502858472452,0.6078133835133005,0.5770647245294908,1.256115426698815,0.7251743285568795,0.06124542937947641,0.04451495290592015,0.39122162404941685,0.120548477724042,0.019759084563945765,0.08132037129379728,0.06311314079815099,0.053054410502727425,0.34475583562507456,0.3162958835419322,0.9639730039421804,0.45721528845523884,0.9781671266609386
198,200,5812,200,running,0.03972438218811945,0.10075373494427041,1.3803236407597246,0.3322559750049009,0.8951890303849926,0.4016762360660942,1.0532813251238058,0.7294023716051959,0.12748740325913618,0.44083163519902546,0.6122259766387234,0.3497728107110093,0.24055574764797064,0.4523014403668803,0.9185537869594677,0.46085363259783396,0.4854458885187973,0.13766525241124913,0.8487710311098102,0.41899866259398066,0.20085559462450808,0.6362916649985457,1.0067292157364762,0.5362047469965168,0.3315430077705874,0.36158666066434425,0.9699808293880011,0.47124803325157294,0.7294023716051959
269,280,5892,280,running,0.1664310783988443,0.13888948426038839,0.9638442119457367,0.3148970674528404,0.5581343008284888,0.2245530873620288,1.6661968041260242,0.646314316101412,0.2975046071226734,0.3951040127443377,0.9695339880364935,0.47095024555410314,0.646976753543405,0.2733260580137664,1.0903281917759018,0.586186762978049,0.2402955627093649,0.4918321755146172,0.8524886975724113,0.4633488348040751,0.04129979249312361,0.43358567890836236,0.8286706876398913,0.3556883260885727,0.3251070158493166,0.3262150828005835,1.0618437635160765,0.4728975921631754,0.646314316101412
210,215,5827,215,running,0.33721749553703184,0.5040683278909569,1.0913206345160584,0.5547784562744073,0.7725118598505739,0.44912588193635494,1.2975026148551985,0.7481556196858112,0.13301492016855015,0.3345945889969221,1.6871727405853543,0.5244783517832597,0.6549032933624399,0.27890507989323504,0.8706473667411547,0.547652822650501,0.4372150523660076,0.13991905180513545,0.10844955823015391,0.252543553314488,0.0631801837501258,0.31671396072351954,0.6219646717402081,0.27635059213749974,0.3996738008391216,0.33722114854102064,0.9461762644446882,0.4839932326409945,0.7481556196858112
274,285,5897,285,running,0.05707347622984544,0.3311838763836393,0.7811834940900042,0.3115396398633947,1.2081755464861301,0.06881031359201277,1.5524209217345537,0.8212785283781681,0.12582259167144588,0.13366129858557405,0.9988234523363759,0.3035582465700831,0.7985478646116829,0.4098351409960749,1.233588538751793,0.7300709099934617,0.05037420543272104,0.4161655145413332,0.6151265321255746,0.3096411944147366,0.13073381366168618,0.4734620034847754,0.9474346005913812,0.43116524697686087,0.395121249682252,0.3055196912639016,1.0214295899382806,0.4845422943661176,0.8212785283781681
191,193,5805,193,running,0.09684307786667394,0.2898413672470663,2.0151350885895143,0.557700795763399,1.2243471115219937,0.3911814673509744,2.0272637121296584,1.0516641739751191,0.2898400442569371,0.13425858360451753,0.43471391946991533,0.2565822350385649,0.07760939438521111,0.2014141364888469,0.48821444747288417,0.20925230184420004,0.44133801802653566,0.3960437056479647,0.29147015937364257,0.3932467213445287,0.18832704224540703,0.3542467942780755,1.218513486153141,0.4607322318400212,0.38638411471712647,0.29449767576957425,1.0792184688647926,0.48819640996763886,1.0516641739751191
209,214,5826,214,running,0.15197403921432148,0.5733934520362667,1.1378665958933498,0.5177203156789052,0.6447630223739893,0.6158624972196284,1.3202139472480987,0.7682929972870669,0.029821597828584557,0.6015164816393297,1.6778882793351715,0.5881128876542,0.5227722426534034,0.3675620163446624,1.061743120599089,0.5684823277190442,0.23407382123972761,0.46261068020970364,0.6121157107274394,0.4010969427252604,0.12841531685753763,0.024742078817968298,0.25575743672039103,0.11241444561428057,0.2853033400279273,0.44094786771125977,1.0109308484205901,0.49268665277979284,0.7682929972870669
281,292,5904,292,running,0.049783796407408654,0.4302709547139831,0.7494441699011852,0.34191073442879377,1.1378434059732299,0.5541365957307959,1.748521230309275,1.0264962467434655,0.03977691479501008,0.6132419747883644,1.4963011908852755,0.5604677940104049,0.847867958050493,0.06690233501321148,1.1085664528125554,0.5876214077879929,0.20679728797882407,0.2850464344238774,0.4825693699186247,0.2932513629448055,0.2265913909376596,0.08078205696890285,0.20273276652873873,0.16349593246837274,0.41811012569043754,0.3383967252731892,0.9646891967259422,0.49554057973063914,1.0264962467434655
283,294,5906,294,running,0.3364655340713103,0.2527978215948893,0.611503491080741,0.3580060404826281,0.9104153074607282,0.6470625694958407,1.599110310875073,0.9428132129576422,0.18531780729168343,0.4391657804187975,0.8166749251516243,0.4131284201145172,0.2799551660031156,0.4895213389376307,1.704835186851625,0.6487576393466236,0.12705022121489892,0.3541047809718548,0.7115628522470456,0.3347745713241106,0.047521752106946834,0.32606682864650793,0.6475946785285076,0.2789543680070834,0.3144542980247806,0.41811985334425344,1.0152135741224362,0.4960723753721008,0.9428132129576422
207,212,5824,212,running,0.3371215115537585,0.7417444767109314,1.4704064116695954,0.7256276776397952,0.7144900148705046,0.29094749878194437,1.1191891203514894,0.6260128295312775,0.032876503788611774,0.5590063417224899,1.161420970007481,0.46903733220593685,0.662028125045087,0.31021470511906957,1.2676155252675945,0.6424202371191815,0.24931598769558538,0.14864911423339225,0.37538720225239863,0.2342634812220708,0.00868106815644876,0.39261077838989633,0.6734758871775259,0.29521191605404323,0.33408553518499934,0.40719548582628734,1.0112491861210142,0.49876224562871757,0.7256276776397952
197,199,5811,199,running,0.2983991970931354,0.09240141036863526,1.1761476649684688,0.391549775978402,0.7070257043151985,0.36401852362915804,0.947552035032216,0.6179280981841858,0.5315330124511901,0.4589007563061184,1.0907357231610353,0.6143206521351305,0.6752217506926613,0.4010341307513085,1.4693038058965697,0.724363113756902,0.44117915819228537,0.16700220835600663,0.27293755526833685,0.2978600576729842,0.06852329002714268,0.4514548198569472,0.7495607404868923,0.3579033920510144,0.45364701879526886,0.3224686415446957,0.9510395874689198,0.5006541816297698,0.724363113756902
234,240,5852,240,running,0.04344320229393928,0.19026265808928425,0.7532377157102101,0.24412988729533147,0.6532367946352263,0.25572519622947487,1.2448439012977062,0.6125535766054218,0.29361616886475456,0.6172969675955178,1.2987642323437176,0.6241181010528525,0.5143883040776029,0.5307284672782496,1.6659013402344482,0.7512269765892308,0.10981353925389738,0.613455252375812,0.7900989284924989,0.44732730235038354,0.11869512672253446,0.356740372712241,0.708642841693669,0.33190276811264396,0.28886552264132587,0.42736815238009657,1.0769148266287083,0.5018764353343106,0.7512269765892308
238,244,5856,244,running,0.20594741061750527,0.0776495628867072,1.0353759606915456,0.3205139815399941,1.0246865025934244,0.11082004450474403,1.373720393238044,0.7289466974868761,0.27846069213802055,0.6054625689283634,1.054627537498352,0.5644948119262241,0.5610453295049145,0.5324905442430071,1.5597449806058616,0.749363345620341,0.2649196946093077,0.008464307362743038,0.4765094122763489,0.20465548324409008,0.019020444611279583,0.5964431129475467,0.9901898135103151,0.44422338572559356,0.39234667901240866,0.32188835681218525,1.0816946829700778,0.5020329509238531,0.749363345620341
268,279,5891,279,running,0.10323778661363398,0.5270542609175601,1.054949720468141,0.4631067631061059,0.9235663668741573,0.40269586257804574,1.8660035377587323,0.9037055993326277,0.03577756551064018,0.4528368256327034,1.353116565903938,0.466069069638125,0.6403947219551805,0.4081519214982489,1.177551371409711,0.654928931663314,0.25765518326144404,0.48598640617224215,0.768418587834002,0.4511403533402749,0.06437408551817822,0.09664715552179015,0.14240424011856948,0.09288934443970125,0.33750095162220567,0.3955620720534317,1.060407337248849,0.5053066769200247,0.9037055993326277
276,287,5899,287,running,0.06414635916957939,0.10657499089587333,0.5600696270100305,0.1803024654281872,0.7151440275114265,0.6081264075145698,1.375466226911013,0.8044014193926011,0.2758820656652421,0.7272998397722544,1.8702399411174055,0.7753207503984798,0.3928256865368773,0.47011086588137463,1.4366729304753654,0.6325092070623739,0.25956837299514307,0.10683340068226875,0.057607249024283345,0.1580821592758214,0.1723768478413924,0.5594248937439089,0.9969548234287324,0.49211166131986706,0.3133238932866101,0.42972839974837496,1.0495017996611382,0.5071212771462217,0.8044014193926011
245,252,5864,252,running,0.2075608678395474,0.5144580489101122,1.3659393849194377,0.5619954436837513,0.9662857808237492,0.5270845164423403,1.4153308694258984,0.8804142927916154,0.2849224761084884,0.463875498978522,0.9895055418899821,0.49742029841280067,0.5248633207300225,0.5092390658887657,1.7195547307665282,0.7575519008008209,0.28080376190545386,0.0853005847080047,0.0639139919032837,0.15922453702604017,0.049283878265609773,0.2104355181208028,0.43102766100476175,0.1900932907555174,0.38562001427881193,0.3850655388414246,0.9975453633183152,0.5077832939117577,0.8804142927916154
279,290,5902,290,running,0.16026622566068877,0.011527997019857609,0.3295845223337813,0.13463459353897483,0.998744861856099,0.28089551441957694,1.8246730117321532,0.8767907528567009,0.23547758937526395,0.4853778014311919,1.1281089249688228,0.5139639413163469,0.5287226112007893,0.3887931461463321,1.4338046867028509,0.6537672402794188,0.03998464933115311,0.6765657262288062,1.1449644924539615,0.5156130487147761,0.18904119721864127,0.4504385072570217,0.6073996958921258,0.3772718209686904,0.3587061891071059,0.3822664487504644,1.0780892223472827,0.5120068996124847,0.8767907528567009
216,221,5833,221,running,0.04914702197949857,0.4362699558227703,0.8774313141313977,0.3696530539471871,0.5744046414710768,0.49195025843363505,1.044036924439839,0.6353493448498526,0.07958791330669,0.41409817221950374,1.315917531309644,0.4606579404724063,0.673058135499431,0.5644710737944656,2.2107504299421348,0.9371617697059856,0.1380938242311063,0.2442610183199822,0.4045606507195368,0.23385406716434276,0.1598359352708284,0.45799706260222844,0.9907998164635244,0.4452931624419276,0.2790212452931052,0.4348412568654309,1.1405827778343463,0.5136615564302838,0.9371617697059856
237,243,5855,243,running,0.02524150409975644,0.6654535904165828,1.3687373141298975,0.5500255006325152,0.7855343799231422,0.2901385364885894,1.1904781486446143,0.6683647962936156,0.11991816254851878,0.38855510473716093,1.068489357649002,0.4170871784440723,0.533670245973423,0.5971258538253386,1.6457108189905,0.7814606037176046,0.04051830095429822,0.16272843300564538,0.19605568875897258,0.12050983133577196,0.13173605487071371,0.6334407952433696,1.194045033473558,0.544879746740345,0.2727697747283087,0.45624038561944774,1.1105860602744242,0.5137212761939874,0.7814606037176046
270,281,5893,281,running,0.10503205159392025,0.5473333281609721,1.1824635925026183,0.49743887040248064,0.8414394818215704,0.4592136806911893,1.4882014710226175,0.8179015592096273,0.02172111955506062,0.4870656995929131,1.1481610678907312,0.43314694123733577,0.4976284636453924,0.3969854520167937,1.569661085638189,0.6717777833925123,0.026258673426095273,0.47026668918514597,0.7997957822266846,0.35856930148983346,0.2790312466853274,0.31557722601341864,0.38401611045282735,0.31464661117006393,0.2951851727878944,0.44607367927673885,1.0953831849556113,0.5155801778169756,0.8179015592096273
225,231,5843,231,running,0.0029792537856465975,0.11303735468518464,1.0842448463452332,0.2632556126573791,1.0765679278336406,0.18997684970398473,1.6355801400615928,0.8337339390273688,0.294351242286772,0.5453813782844993,1.5779347161433963,0.6514799914571878,0.6626993648413992,0.5602445093495663,1.2729375786128565,0.7437650653989576,0.20684083082393312,0.16574860875246616,0.5130530635636628,0.25164638854329224,0.060523130191035064,0.5034568947868222,0.6812110085289147,0.36183421169692587,0.3839936249604045,0.34630759926042054,1.127493558875943,0.5176192014635186,0.8337339390273688
251,260,5872,260,running,0.18220688594718698,0.5453258516829064,1.2975942588928469,0.5505319468306067,0.6447644390909224,0.3297671871265396,1.3697785497832073,0.6637683604436262,0.14529365794605703,0.5263176486447757,0.9745988022032035,0.46356428307697384,0.7081260160673676,0.5427737536505479,1.6337692975461349,0.8271137673963932,0.37959245865531754,0.3796658481559405,0.43026116649328894,0.3897555560231611,0.09213428234573907,0.2256827205650362,0.4950180450459711,0.22613041017350435,0.35868629000876506,0.424922168304291,1.0335033533274423,0.520144053990711,0.8271137673963932
278,289,5901,289,running,0.09652913849023974,0.07268627872978989,0.6632093520141518,0.2003280372908422,1.0097760526827935,0.6673806159585737,1.725013594884111,1.015865386433369,0.5247189877094703,0.35697434666916467,1.6945558933497553,0.6915885124214052,0.6992786055025847,0.08751508463983944,0.8670440274264971,0.4881262815422691,0.212614887228636,0.40149455427009373,0.7246302074361068,0.39056981808671326,0.08062926802469617,0.43444418765103915,0.6429418623018783,0.3346177547306698,0.4372578232730701,0.33674917798641674,1.0528991562354169,0.5201826317508781,1.015865386433369
196,198,5810,198,running,0.07588471406220623,0.41884082260109445,1.2330191082922215,0.4444940363237646,0.8277431967610779,0.38003284859349434,1.7319182026962068,0.8294940586810703,0.1117064586841906,0.4745411866022491,1.5961374109980593,0.5537265403141878,0.38828511070617344,0.706837705002166,1.7932626567390955,0.796701657631155,0.09937333933775555,0.19246929344660008,0.3042141583316922,0.1775798847800807,0.017726962710890165,0.3854459699204571,0.8113709809421557,0.32354336924097005,0.2534532970437156,0.42636130436101016,1.2449870863332386,0.520923257828538,0.8294940586810703
213,218,5830,218,running,0.03057695306597012,0.6052806297045076,1.3258517247279904,0.5195133780537893,0.8930354148589518,0.4234780608636917,1.7464748124951939,0.8759003527880963,0.08399581597192521,0.3985185848604833,1.4737342952826495,0.4877526193894933,0.43945729216914126,0.22178351037771082,1.2382201628330978,0.5121403535853605,0.09345647991011138,0.419674132261483,0.7712817610355847,0.3595085970757547,0.13420878004049208,0.4361551643454972,0.7348204452545283,0.3751096668053014,0.27912178933609866,0.41748168040222894,1.2150638669381741,0.5216541612829659,0.8759003527880963
254,264,5876,264,running,0.23105543117839547,0.31581769590771147,0.8043765951739208,0.379624569869227,0.998464287989643,0.34873790960493417,1.5299279118808513,0.8448664614140011,0.1988418058816827,0.5692133360408704,1.414486651178011,0.5901193870046235,0.7754712766316036,0.6378074486144184,1.688701166213125,0.9030517233410339,0.09730735672491399,0.3028497627770805,0.49479465657271,0.2590217791153398,0.07312630482711699,0.23043660414117995,0.3956888759294762,0.20056293877321402,0.39571107720555937,0.4008104595143658,1.0546626428246824,0.5295411432529066,0.9030517233410339
253,262,5874,262,running,0.03163940927281179,0.4643613337696487,1.0330751651821894,0.4050153302534221,0.8617665928744018,0.38720166504730286,1.421443764973533,0.7838760561633885,0.4622358218522593,0.38469702230049047,0.8111152524419976,0.5009961881494995,0.66223832280666,0.35599596119329086,1.4681605470276464,0.7009258230055097,0.21040313678818776,0.38311925879469866,0.5455132089219652,0.34651160001754766,0.0567494132075325,0.5813814007514929,0.9762512389612827,0.45050257337586674,0.38083878280030886,0.426126106976154,1.0425931962514356,0.5313045951608724,0.7838760561633885
284,295,5907,295,running,0.4342179230498117,0.0980858817973675,0.39918814473943826,0.29275915088675936,1.0281997550564763,0.08015179140413876,1.5801523773156185,0.7593710940473698,0.6965577196984801,0.5481202167308338,1.5200793144834865,0.8018870374684229,0.5919424817325294,0.4933544842233538,1.2144743832925708,0.6770136630408675,0.1915851697800978,0.21605287304962334,0.4550232471265667,0.2540598665572018,0.01677068588742134,0.5019341504479443,0.9763686297013399,0.40275566047441425,0.4932122892008028,0.32294989960887693,1.0242143494431701,0.5313077454125059,0.8018870374684229
233,239,5851,239,running,0.13693991273118183,0.08411129944073079,0.8915332907189832,0.26672714301256173,1.1463192015616859,0.6036602908521641,1.8798688928099072,1.0759655755275215,0.3496498678529692,0.5420784323347064,1.225421747621788,0.6017756695994279,0.43687086358199356,0.45143411578206666,1.252440251112496,0.6058100419681234,0.20027433439478406,0.4861649489607324,0.6262670690611047,0.39982912715442764,0.0339150941307571,0.3303714014504108,0.544949671886975,0.25470453260986214,0.38399487904222857,0.41630341480346855,1.0700801538685425,0.5341353483119874,1.0759655755275215
222,227,5839,227,running,0.2283512057386679,0.5484722520622579,1.290735220399348,0.56887642720024,1.005679321848168,0.29669209860477413,1.8888730132200409,0.8987231708251852,0.4879463159218294,0.24499218475086496,1.1950307039308734,0.5321815410552525,0.6689066706708314,0.2343118633365766,1.7185193518168758,0.7049912839663384,0.18429766285453425,0.17133547301985255,0.2644916232834514,0.195151579006445,0.09979191115789489,0.4305541039351947,0.47786649781145746,0.3077117055995273,0.4458288480319877,0.3210596626182535,1.1392527350770079,0.5346059512754981,0.8987231708251852
240,246,5858,246,running,0.042330791889733,0.26902488312124,0.6673942876255805,0.2580211275295053,0.9368416861600655,0.6438937572056552,1.739934352765168,0.9802810478993218,0.4896273098690972,0.3162323667116814,1.1482727049532986,0.5519984116229713,0.8504847149018538,0.4743121804626027,1.4970245967005484,0.8293236774858924,0.18780766216268968,0.25081951805970554,0.409071315046142,0.2572651350981865,0.0865166343293669,0.450414553665239,0.7184459869080408,0.35846167257945055,0.43226813321880103,0.4007828765376873,1.0300238739997962,0.5392251787025546,0.9802810478993218
229,235,5847,235,running,0.005931014627131108,0.6783633552846018,1.3461310407354665,0.5429439561117865,0.9765294338246865,0.2340850560253519,1.872387572272479,0.8587233103945112,0.03691730272828054,0.7113040374552063,1.9854100464713103,0.6963705453676569,0.4971833947881133,0.44645240243557277,1.6103651629085034,0.6995273514711752,0.17200982274015436,0.21222449560249448,0.3920871656505847,0.2321111604671765,0.010909836328528225,0.28425830353348885,0.5046864353658581,0.21900454301797845,0.28324680083948234,0.4277812750561194,1.2851779039007003,0.5414468111383808,0.8587233103945112
232,238,5850,238,running,0.02432257912375712,0.21081689629117437,0.7957614176073787,0.25320807368744835,0.5954047481082974,0.34507429131756895,0.8461062794411377,0.5454128716585741,0.5276283286196781,0.6153927842980935,1.3291942277888256,0.7230472907248737,0.4620164415982092,0.680982666765238,1.9204204151203537,0.8412837263694497,0.32762317705576816,0.4852418505300687,0.8479639364509133,0.49473879832451745,0.27535907997678744,0.36168140360058154,0.7536204958175865,0.40554029259446495,0.3687257257470829,0.4498649821337876,1.0821777953710325,0.5438718422265547,0.8412837263694497
193,195,5807,195,running,0.11103348952974892,0.6257262536361681,1.4947307165383048,0.5936500405740277,1.2099436466366518,0.21411760715002381,1.8941726776333616,0.9484590370413426,0.6998800890267892,0.5630477298521742,1.2454633847763548,0.7542638045068563,0.1300483176582738,0.4459461104049374,1.1496297813137533,0.4603237274880352,0.0892458926826199,0.2489521901050301,0.12718514432753192,0.1607162619805664,0.1959300189010571,0.36021481287204254,0.619781449093207,0.34641422252788123,0.4060135757391901,0.40966745067006266,1.0884938589470854,0.5439711823531183,0.9484590370413426
263,274,5886,274,running,0.010275533641555876,0.44741231254415764,1.1901924288762848,0.4211136242495424,1.1007683636991494,0.08137639522433372,1.3655076685649825,0.7459594372823898,1.0560307215070879,0.41818498678613664,1.1240754615964046,0.8145013756365709,0.519198159638831,0.573780097168603,1.599867245943236,0.7571647519116208,0.12257663174057372,0.10423804511332983,0.4843585948016784,0.18759758970189713,0.14073052662959357,0.43424025703231023,0.5941340432593332,0.3488151221166282,0.4915966561427985,0.3432053489781452,1.0596892405069867,0.5458586501497749,0.8145013756365709
265,276,5888,276,running,0.2317327214953668,0.059602643648137485,0.5060900896266921,0.21775216398274017,0.8771064145236007,0.45667118223939784,1.5988882831582343,0.8532886953368464,0.5894995450740224,0.6534771706959973,1.684860008336793,0.8341626879753665,0.8024114443128799,0.2622756274291258,1.146593107987509,0.6551934502943041,0.005709668029843298,0.5656831074604945,0.7353352349299128,0.3756241571821177,0.032137459057568006,0.48580258467276954,0.874519743535463,0.3820799661992276,0.4230995420822135,0.41391871935765373,1.0910477445957674,0.5530168534951004,0.8532886953368464
230,236,5848,236,running,0.04617868695940287,0.06469039630172839,0.9184235886882122,0.22803235104209496,1.0798266062914461,0.44328947900467663,1.816433935089659,0.972533221136381,0.7172576170804839,0.5367058475428846,1.6035068168110442,0.8222867492115563,0.48514483580758294,0.2099339820416038,1.2759029623192388,0.5332121196035224,0.07476491075601933,0.49152858411867634,0.9310636712432141,0.4127301321985211,0.08815924186691773,0.42366577541086825,0.725423449756476,0.3498146968624096,0.4152219831269755,0.36163567740340635,1.2117924039846406,0.5531015450090808,0.972533221136381
244,250,5862,250,running,0.28974127204691363,0.6592310361699062,1.7676416920035583,0.7331172616874396,0.6821066922984602,0.22970996902501242,1.0814399122530163,0.5810146469799924,0.02056921272277832,0.6274814367294311,1.1916710597991944,0.49755447174072265,0.559297738543876,0.186958720309822,0.6283701220167255,0.42417660794482437,0.24207118963865643,0.7031537368799984,1.2155192702396873,0.6211938246553994,0.07985787853570413,0.5311701791229858,1.0930560902152449,0.463022441106525,0.3122739972977315,0.48961751303952594,1.1629496910879042,0.5533465423524838,0.7331172616874396
235,241,5853,241,running,0.22258086040213965,0.4136345813496873,0.9081344013347638,0.43611305696768354,0.9701503329895825,0.3645646561228629,1.6577395539084328,0.8654339064266647,0.4004331822773356,0.4574280805563737,2.009937121115306,0.7451319293565449,0.7146559702498572,0.09459065113748831,1.2309018262795037,0.5698790138108389,0.32782464738011696,0.3263559974557067,0.3840284223565373,0.33847794240563694,0.06729168228021815,0.4769252247648794,0.7542577245564797,0.368538307729335,0.4504894459298751,0.3555831985644997,1.1574998415918372,0.5539290261161174,0.8654339064266647
224,229,5841,229,running,0.4445783480673071,0.3142394758583546,1.1571985576947637,0.5349668411092174,0.99111031893896,0.46841792602690024,1.7932184176429675,0.9424549815149377,0.18003067017427435,0.504353014724444,0.9737284611406508,0.46849916618761756,0.5980531893984642,0.3197577044218844,1.2687895947671466,0.6208822764815687,0.29413977303142214,0.3169705073038737,0.5881336991017416,0.36207085195446664,0.03227372514160697,0.5004800340096287,0.9606333680364995,0.4052281772677942,0.42336433745867247,0.40403644372418096,1.1236170163972952,0.5556837157526004,0.9424549815149377
212,217,5829,217,running,0.28418342793995405,0.41050790892324,0.8102996329833102,0.43993646134193964,1.1939718685224234,0.17498137038176984,1.7274573930749408,0.8930727741766655,0.7324233358874873,0.3867028159360891,1.672749828028996,0.7822004263352298,0.5099595782974338,0.34706948792358083,0.7484272659063254,0.49249707966967093,0.2883303265219168,0.4585637736299265,0.3557486211414966,0.3699073642890367,0.08084841600082215,0.47403800966095755,0.7186554174353608,0.3656856537517841,0.5149528255283397,0.3753105610759273,1.0055563597617385,0.5572166265940545,0.8930727741766655
219,224,5836,224,running,0.07448221849008295,0.12959253435886461,0.8085997064974974,0.24334984243907853,0.8670259810919376,0.5165668808607724,1.6415495620785765,0.8817470571967994,0.4815784408246643,0.6668973460915688,2.1451310363712457,0.8884165220407424,0.4892932371913379,0.4404435700340916,2.181497401781913,0.8081942032465544,0.1760511417671284,0.17816182148376866,0.29554482335233634,0.20079414997082612,0.004480557185774447,0.457842253628602,0.7371981432242196,0.3323687529705945,0.3488185960918209,0.39825073440961134,1.301586778884298,0.5591450879774325,0.8884165220407424
247,255,5867,255,running,0.15791048313337627,0.28376488201630096,1.1102562109364844,0.3987213882471678,1.1559284333834683,0.40914471480098086,1.9683996746870722,1.0197091942111942,0.680785110229338,0.41168088573442146,1.1898943851037806,0.67496527540626,0.30988980825633217,0.35587101019991824,1.3515632718976462,0.5366169817620294,0.46275973629344264,0.12704652688183615,0.716439141727651,0.3792103336156417,0.027314198836543912,0.48997702975731117,0.7228937836016638,0.3514952481578748,0.4657646283554169,0.34624750823179484,1.1765744113257164,0.560119736900028,1.0197091942111942
248,257,5869,257,running,0.025717950566283954,0.6901223912661211,1.3261109400162017,0.5515583247362024,1.2675990307702372,0.23837075416227888,1.919149609904896,0.9862178359539857,0.23339461292057748,0.5129621931685973,1.1250266840401115,0.5235480592436923,0.5797609161242854,0.5139943813332534,1.3435974470607897,0.7062216083951735,0.2191038232026968,0.042465407787703705,0.5521216121905004,0.21505201483426029,0.11597626703369987,0.5192427442369084,0.7883112125268179,0.4117498470136069,0.4069254334362968,0.4195263119924772,1.175719584289886,0.5657246150294868,0.9862178359539857
258,269,5881,269,running,0.25608988789149695,0.5012842587062291,1.0159546230861118,0.5061405832563128,1.1323028173119876,0.38316066550286293,1.787411148467434,0.963667622819427,0.5109204289092505,0.6797639401479041,1.411564156844685,0.7585865789917989,0.5498222352439537,0.3874836838407523,1.0381950748419027,0.582561382602263,0.4740200456093859,0.270751299681487,0.42503468283900514,0.3829154746841502,0.19862413851702124,0.11596400421021456,0.40661189791590086,0.2071576366740745,0.5202965922471826,0.3897346420149083,1.0141285973325065,0.5668382131713376,0.963667622819427
192,194,5806,194,running,0.3078216913293086,0.519132608230638,1.4961369482681979,0.6300091094776182,0.8613796020023698,0.55497679390189,1.2976618291966782,0.8260749242010397,0.1841503004199984,0.4427317456939917,1.0321572066279034,0.4571842597711767,0.32346131995427163,0.5923568960082828,0.9867443036852082,0.5636761471220634,0.37193522893514913,0.4173857240342708,0.5903136861934817,0.43379111842646434,0.13892351852937396,0.5448044453455002,1.0849824043627225,0.4904876664224942,0.3646119435284119,0.5118980355357622,1.0813327297223652,0.5668705375701427,0.8260749242010397
194,196,5808,196,running,0.05058967575956993,0.3546892464419709,1.1165400477175222,0.3854195784241208,1.345666570627725,0.3456952557080298,2.085309211652709,1.0936065728648439,0.4341612700742763,0.3523304070954514,0.955512993875979,0.5056992696430869,0.5628694670596418,0.6138758205047259,1.6499898336609333,0.8006960817579338,0.005541456769211118,0.19136788628318094,0.5708188047312727,0.19292749816721136,0.13151614412915108,0.47835926237053045,0.9511035514277452,0.43417087288542167,0.42172409740326255,0.3893863130673149,1.221545740511027,0.5687533122904365,1.0936065728648439
277,288,5900,288,running,0.021233662487754407,0.26516757001824776,1.0911764480779311,0.33279578261798715,1.215716347911086,0.6328469904167535,2.117921774527391,1.163009690236614,0.8090006384519067,0.5264385570701832,0.9149260234073273,0.7171608828903016,0.6137867652929869,0.434254263471437,1.3563986916670063,0.6904961498391708,0.11018463680459326,0.29708489133632077,0.37963803041014926,0.23883541733839547,0.0364250604604922,0.36471058560138603,0.5500323871020584,0.270460735845163,0.4677245185681366,0.42008380965238806,1.0683488925319773,0.5687931097946054,1.163009690236614
227,233,5845,233,running,0.06221463398517036,0.37629720235286607,0.8193200037419015,0.3392687352835949,1.0735704500799452,0.3945801148320131,1.8693070644549141,0.9611216388557663,0.31167023246613723,0.5419728026886419,1.9975194212587897,0.7409610983136696,0.640883894044052,0.29922807047381605,0.8661346953007076,0.5492717248672887,0.27788799591481167,0.45896400014107264,0.6768912235931965,0.43011904314099303,0.17570131507982845,0.5058352299364182,0.7307322471587063,0.41876106743823993,0.4236547535949909,0.42947957007080456,1.1599841092513694,0.5732505513165921,0.9611216388557663
250,259,5871,259,running,0.048001971630222275,0.5836085104864548,1.365241041802202,0.5256924012071112,1.1241150071775652,0.383062908778843,2.061552194019475,1.0151816051864584,0.4189224219834442,0.5076915503207533,1.2213248338275353,0.6149105556871861,0.8193034513333208,0.49646015053477965,1.402505058986292,0.8068064525444986,0.12612277460229146,0.2715255557563691,0.4451127008680674,0.24808187231707773,0.005858660367653322,0.355330330078183,0.42699848888661085,0.2298752939556567,0.4237207145157495,0.43294650099256377,1.1537890530650303,0.5734246968163313,1.0151816051864584
202,206,5818,206,running,0.13577665994233368,0.2598387533288139,0.8940800951994903,0.3370621843483571,1.1807952082879636,0.4886037927520816,1.8827561574010803,1.0443108318962342,0.33782232590992106,0.3967831295744778,1.5414624372975017,0.6021346696532599,0.5662538431325418,0.5408783419575864,1.458999020024124,0.7346526780408762,0.25454819467463513,0.39719608178723,0.6907456943640126,0.39884684945754856,0.0075907074022305565,0.5400576293078291,0.6838335874786737,0.3558260521797586,0.4137978232249377,0.4372262881180031,1.1919794986274803,0.5788055442626725,1.0443108318962342
215,220,5832,220,running,0.13951256631118103,0.23276040652498428,0.8652641842759762,0.3219620259896614,0.9637775372100393,0.38261063883827634,1.7344076675874858,0.8854368039368234,0.15982226137021,0.7945666733107237,1.8304620092527186,0.7478479757229173,0.4005478826616182,0.57539058877151,1.8678187718025279,0.7639391429337569,0.08657575488960655,0.29233165843063325,0.38402166993078524,0.22836729931425298,0.09060946566092881,0.6333540732464727,1.2043680202436915,0.530459019611699,0.306807578017264,0.4851690065204333,1.3143903871821976,0.5796687112515184,0.8854368039368234
211,216,5828,216,running,0.5901429267754841,0.2903589562944356,0.9441703709883298,0.5410348274256338,0.7911776939030105,0.4750621789691728,1.396009819197329,0.7856979129883392,0.0891479896923962,0.6343306359835151,1.8448116510469414,0.6583537804797528,0.5329887420360148,0.15943186178195842,1.2417072146757986,0.525309684462349,0.3749131775424515,0.5745950044239855,0.841533363963194,0.5481099455792137,0.2642762668646417,0.5005432815797076,0.6425041644391779,0.4344286522655753,0.44044113280233316,0.4390536531721292,1.1517894307184617,0.5821558005334773,0.7856979129883392
280,291,5903,291,running,0.052789224190316876,0.6015324352407212,0.948174439551048,0.4513635516826248,1.2468353146272955,0.28145509591738804,2.0941691137280416,1.0301499869634818,0.08256623388303057,0.5816410598108324,1.2324721994168106,0.5121773573609073,0.5695072357013197,0.45325410325464943,1.4792423334890272,0.7049530022801931,0.24167882004817107,0.6383155928272493,1.1614793143909075,0.5842936280283496,0.012467002557322271,0.3647275698114667,0.36277414955004184,0.223432658857524,0.3676406385012427,0.48682097614371783,1.2130519250209797,0.5843950308621801,1.0301499869634818
261,272,5884,272,running,0.031097144019376858,0.5432264459255325,1.2968568045084161,0.48910079687964697,1.0486678781361025,0.2560331485679722,1.8052129659532183,0.8829230038722736,0.38751412953006276,0.5262822048280912,1.6431469910410916,0.69414793195148,0.4394786671037299,0.2771471853063234,1.300658613818891,0.5467820637277996,0.3721745068219001,0.5008148919024239,0.7378476585023369,0.49676529119019697,0.08687253065745626,0.49513738966297505,0.8480990640094039,0.4024237809300534,0.3943008093781047,0.4331068776988864,1.2719703496388928,0.585357144758575,0.8829230038722736
267,278,5890,278,running,0.09841579985902879,0.6140342247989766,1.5233844390379456,0.5896568976707913,0.8552407357200046,0.5357040760617154,1.5735739636446975,0.8710927174416276,0.28769452350084174,0.4888256571089575,1.203896024430445,0.5513872771300087,0.4795641782480712,0.5146824439812777,1.391189710560472,0.675936591003834,0.07036693291053461,0.3824024616210272,0.6052136514752049,0.30215048810766576,0.16730947857708595,0.6305666871945217,1.0774297504634647,0.534636416401336,0.32643194146926113,0.5277025917944127,1.2291145899353717,0.587476731292544,0.8710927174416276
228,234,5846,234,running,0.26572154834167594,0.6933866827824757,1.384422721329992,0.6605278367156591,1.2278717895224083,0.08978919837649443,2.3678652125398623,1.0006374376675335,0.48882377888135387,0.21623030497379533,1.2624614963507956,0.5345139328122188,0.47208922320370694,0.36617268359758903,1.440732988098478,0.6234513603402141,0.3055750409571024,0.3273990658613352,0.7545199586794927,0.4040936344632736,0.2903792174271529,0.2685154777672303,0.43008537970134664,0.3095749540180226,0.5084100997222334,0.3269155688931534,1.2733479594499946,0.5887998593361536,1.0006374376675335
241,247,5859,247,running,0.01829310599714519,0.5950721592331926,1.2146031366040309,0.4882667334129413,0.9616044814565122,0.6607979838818401,1.6699899725510319,0.9829589806455473,0.8922759035877683,0.4451920172520324,1.2087700841085605,0.7767411851576325,0.4147598468611393,0.1568824340557229,1.214957122145028,0.47164833679575047,0.2252858883872893,0.47053740468395433,0.8378874265333556,0.44590680253516857,0.022285846380043883,0.5358052268312185,0.7365934087349741,0.3705551110314998,0.42241751211164974,0.47738120432299347,1.14713352511283,0.5893461915964233,0.9829589806455473
206,211,5823,211,running,0.4453399529705327,0.4535233301952527,1.5148002689409596,0.6625053670545061,1.2676122200870918,0.5047022543205394,2.2002008031070286,1.1489659503844583,0.07094894376063259,0.7269325682130319,1.645333734116509,0.6482193516127677,0.4447148060587298,0.3418439021337984,1.1440454404934792,0.5434325713757071,0.05095929274096604,0.3884702668572864,0.21112246011171143,0.2179963158616433,0.15951138964781902,0.4083070308368829,0.48538725680267036,0.3242048195544149,0.40651443421096195,0.47062989209279865,1.2001483272620594,0.5908873959739162,1.1489659503844583
271,282,5894,282,running,0.04381127033758601,0.48569453528168005,0.9383625989441478,0.399474842036536,1.2839207005843023,0.48450470781909344,2.106761232707679,1.128722409902894,0.802494619242018,0.46412338349857074,1.2035558996651132,0.7473583810292581,0.4675716796578833,0.49688975067693986,1.7651376531425873,0.7388121027624468,0.04478340428992686,0.20711565906473398,0.16092101660547806,0.13294382866295995,0.06037356135075239,0.5653931761700409,0.8356011291781471,0.4174269208439467,0.4504925392437447,0.45062020208517656,1.168389921707192,0.5941230808730069,1.128722409902894
236,242,5854,242,running,0.14781434373874974,0.6600075305185892,1.4873012720519774,0.6205890041133311,0.890007265841925,0.3413755496616022,1.5699944592182566,0.8065520180450623,0.3655202920399296,0.6532885204099526,2.433667875242189,0.8942571000283908,0.4707470438851874,0.44423753040670994,1.1596069916713545,0.5979152280510299,0.30807544579316964,0.34329164055955436,0.39497812488973827,0.3395424595190373,0.1516843702555833,0.3340484338914048,0.6264155256804697,0.3195762267948892,0.38897479359242415,0.4627082009079689,1.2786607081256645,0.5964053394252902,0.8942571000283908
255,266,5878,266,running,0.28090939004709947,0.6417048308778242,1.2929345444487137,0.6276325972597122,0.7744611669509686,0.42104660814581163,1.5444597014130492,0.787095050321322,0.22997378437028682,0.675097952141293,1.3760173035571568,0.6372321553160634,0.3627824456446803,0.5867840819066309,1.5415241568509683,0.6881314423907182,0.4201593555872806,0.3864716996860862,0.6153843032286854,0.44572928275508383,0.11914781726833738,0.5248081194562992,0.71085672664569,0.3997537200189927,0.3645723266447755,0.5393188820356575,1.1801961226907107,0.5975957080103154,0.787095050321322
200,204,5816,204,running,0.2722930460822837,0.4596967784278669,1.1742659477359778,0.5276491193512558,1.3400911613358477,0.2093596417231533,2.2182588497860083,1.0634320911808022,0.5292755945440067,0.472926620656831,1.3448277472836148,0.6698464355370581,0.3275943658382213,0.49554886136736187,1.1802186662792356,0.5653010241380805,0.3608429571952079,0.05713379472093592,0.5403623039773473,0.275263161561927,0.0868085019388913,0.6279210771232975,1.0181112247416626,0.48951407657320806,0.4861509378224098,0.3870977956699077,1.2460074566339745,0.5985009847237219,1.0634320911808022
272,283,5895,283,running,0.26931087239134416,0.5585098165594574,0.9982059043307415,0.530769456446469,0.7082605429289679,0.6238430204667432,1.2510781232488688,0.7830570500080583,0.29884046036469436,0.5224441478234964,1.2031497934795483,0.569143801971186,0.4708757556974888,0.668737972776095,1.9485510661204657,0.8455557046135267,0.3455971921963638,0.5369928338554468,1.027618523929896,0.5585597152067036,0.08036380917130911,0.3882392133985247,0.6306680658726993,0.3135748222024734,0.3622081054583614,0.549794500813294,1.1765452461637034,0.6001100917414028,0.8455557046135267
218,223,5835,223,running,0.38969297569821504,0.6763808694250393,1.6750739454720696,0.7614443271437157,1.2461917701188654,0.17151068140036477,2.025659915430974,0.9722129636938869,0.14702885473198568,0.5045118369603817,2.0819310890167597,0.6770024944802989,0.4564848099676853,0.36512448562662886,1.424609225808458,0.6135655633994173,0.04383632296477485,0.18357568210722033,0.34867178362215134,0.16069915875322838,0.08480030267543379,0.4892730845256435,0.9842703682425733,0.4264834285289456,0.39467250602616,0.39839610667421305,1.4233693879321645,0.6019013226665821,0.9722129636938869
266,277,5889,277,running,0.16398089481527392,0.4308237108112846,1.0961640615127168,0.45715465455316684,1.3444449742567244,0.7642183093171836,2.5880757047811755,1.3610804543857984,0.3054806135419558,0.5018503141437894,1.2696151982052302,0.5768554107153442,0.80263057808269,0.5403994432827721,1.5125301925652317,0.8397180470592313,0.03258995422490705,0.31389678246293035,0.5284233914536574,0.24427937296586644,0.07030135629059987,0.15178673689173242,0.2885796460982555,0.14655116649258404,0.4532380618686918,0.45049588281828207,1.2138980324360442,0.6042731843619984,1.3610804543857984
282,293,5905,293,running,0.11080633992657712,0.5342645817212431,0.8855136462889468,0.4351310979169175,1.1686309287510364,0.2333513697096089,1.8915389457637612,0.9391007085370104,0.12568699681183126,0.580698077488021,1.2880861779950672,0.5401712653189543,0.5911689514481133,0.58799200729259,2.1755737075913686,0.9067791250145552,0.24474419211465226,0.4814458481595898,0.8598174600359232,0.4624395081168815,0.08269691120958474,0.5014353538507351,0.8330363151859435,0.4002601690613167,0.3872890533769658,0.486531206370298,1.3222610421435015,0.6139803123276059,0.9391007085370104
221,226,5838,226,running,0.5408988936019615,0.6611468783418603,1.446205658176615,0.7700594404128518,0.7956524751665748,0.3427059717089453,1.654608490762317,0.7862650769026714,0.6811989943664907,0.6313324611923337,1.7455625884771684,0.8741250999189635,0.5304083819395692,0.42528688267395864,1.6187179707655415,0.7060216999985194,0.049289189328905,0.40182287885416734,0.49306910493997813,0.27905864826122456,0.0680137576142863,0.3848010971144608,0.44497793438234656,0.27012152876796813,0.4442436153362979,0.4745160283142877,1.2338569579173277,0.6142752490436998,0.8741250999189635
246,253,5865,253,running,0.03488189144648658,0.5883719199981614,1.28645344673158,0.5065922139241752,1.328700996177736,0.47457378532710087,2.0644635601200516,1.1342026246259451,0.03661996935878691,0.6354685448221111,1.3540708301988846,0.5396495717121361,0.7633231268789535,0.42652063262193723,1.070480269596989,0.6900335577197542,0.17450967223673805,0.39755045651707677,0.7021401589887272,0.3692520832992714,0.1729687157210201,0.5724943214414767,0.814117807856785,0.46100877643635574,0.41850072863662025,0.5158299434546441,1.2152876789155027,0.6167898046196063,1.1342026246259451
264,275,5887,275,running,0.16145081572480252,0.5509671074437005,1.529045041251119,0.590776177517625,1.3792527541081803,0.3265080129322536,2.2212549300897826,1.12655529283413,0.49663148060473267,0.3772234415658307,1.1306681388787108,0.5756755966439675,0.5782705543313648,0.5944244445584537,1.8356582674967494,0.8362096530552774,0.25681086539974846,0.008621266274036742,0.14387580171165623,0.13494801301184534,0.17611939621495679,0.5611716888763092,0.7706646971650175,0.4490493734695099,0.5080893110639643,0.4031526602750974,1.2718611460988394,0.6188690177553926,1.12655529283413
259,270,5882,270,running,0.35260457286956043,0.5919400008578024,1.25664668228461,0.6291471659478671,1.3735624383432297,0.335992024917824,1.8994277304915825,1.063707331402738,0.3212463041391883,0.5591952804021221,1.3802993814314017,0.6282365101028046,0.5841638209301493,0.39419696642004926,1.5544043851106062,0.7022251919622007,0.2753520453245276,0.4311661769946416,0.7283337199025683,0.42827403290818145,0.04850890639187689,0.3019504569067916,0.616591342271952,0.26350201377385785,0.49257301466642206,0.43574015108320524,1.23928387358212,0.6191820410162749,1.063707331402738
48,49,5470,49,walking,0.4972483164329764,0.01177151692429065,0.6372389456304525,0.33105572246899734,1.3997892689608185,0.6257202031646015,1.7235591686529523,1.1549156225807586,0.2485712847336382,0.3368616671054204,0.4159773399438346,0.3173686487243904,0.1502152027310552,0.1528327400619919,0.6641457725215604,0.25404833162153095,0.19558392147036857,0.46274424677584225,0.8774154213864831,0.43881435157578097,0.3972823003061859,0.05173939531427012,0.4061090176782982,0.2608304817838421,0.48144838243917376,0.2736116282244028,0.7874076109689302,0.4595055264592167,1.1549156225807586
133,135,5556,135,walking,0.011954831629525563,0.21518354976098483,0.07792037139139438,0.10643942683448303,2.582069377672105,0.0022139975002834146,2.4482617639359976,1.5233657028561547,0.4626447530788603,0.2781816341158159,0.5353730063054363,0.4034051561389578,0.09881805216008319,0.20209790522756146,0.8248950520149465,0.2853453933580472,0.25709717816865596,0.5344026510080768,0.9161357627174556,0.4998270842141842,0.0675752544742462,0.23486975042966643,0.22711551280329537,0.16640110452222412,0.5800265745305794,0.24449158134039817,0.8382835781947544,0.49746397798734193,1.5233657028561547
51,52,5473,52,walking,0.29120633818326597,0.2423246024468554,0.3547413169921939,0.28436063965048736,2.475821064620263,0.23202017991641913,2.243749401213779,1.5318863780574288,0.16997606255062778,0.15222196551941333,0.7867462518196832,0.2862284615919531,0.3087827278250251,0.1105189509062072,0.706145868406678,0.3089498451738285,0.3738823586573172,0.3648676219001274,0.7829407401867325,0.4520881402603244,0.03560481644144245,0.1723452258473648,0.2326952647539525,0.1297190698663134,0.6092122280463237,0.21238309108939787,0.8511698072288366,0.498872089100056,1.5318863780574288
65,66,5487,66,walking,0.3327549485970809,0.009383040548160382,0.08860021932235612,0.15457523952256777,2.909519626055392,0.48638651438267627,2.842872666266271,1.9269369894284814,0.11264803590284879,0.03606370200737758,0.264584036502978,0.11240150246468616,0.2115572612422728,0.15219424890446834,0.507154658012454,0.24693153566118725,0.28005486164741444,0.46346773865744423,0.7216753971890199,0.44174411955974746,0.04035119890003422,0.17301369967681154,0.1617516467871684,0.11769628878817198,0.6478143220575071,0.2200848240294897,0.7644397706800413,0.500047612570807,1.9269369894284814
88,89,5510,89,walking,0.37460022122056935,0.0603854612644285,0.6275262670790871,0.2994995264098166,3.172408514802561,0.1671738197218697,3.2780984902531847,1.9914526318604093,0.039973683447091124,0.007584723038205599,0.5514333277572822,0.12931002814557513,0.21909540339666583,0.042209205924304945,0.3647419539870919,0.1774702345258067,0.023907737209372323,0.21952200262513877,0.27803311935842856,0.15297851980549015,0.10139363532952168,0.4113597238487877,0.43073936083571235,0.29124921583846625,0.6552298659009635,0.1513724894037892,0.9217620865451311,0.5069933594309273,1.9914526318604093
120,122,5543,122,walking,0.23755648557815356,0.374808096558862,0.4723944617768506,0.3394247252101764,2.7674658609473184,0.3190069376311687,1.8994564462152326,1.6144804086744415,0.36735043045162236,0.05160273188348387,0.2541554321950384,0.21841235137305018,0.013580793984432307,0.008557794315043983,0.3164275633539385,0.07214094799057821,0.03670243188126445,0.6129137195952951,0.9737765426505103,0.4546017691207259,0.1802408154928715,0.4045230461337462,0.646572176122542,0.36321997987515553,0.6004828030559437,0.2952353876862666,0.7604637703856855,0.5103800303740212,1.6144804086744415
128,130,5551,130,walking,0.10179671740836439,0.23570624375532603,0.2485263318821278,0.18470645084190174,2.47875263526174,0.18535969657521317,2.488606518851685,1.5633662365051184,0.2893924856250966,0.05350648559945019,0.40833929355928383,0.21882744720167552,0.07095113364684998,0.28710375969914903,0.9783117291754757,0.3388843031734947,0.1688026311075811,0.21149894027973956,0.4556657692140361,0.2432537823977355,0.21132017495398672,0.6536429651414406,0.9216378054667994,0.5303128171315308,0.5535026296672698,0.27113634850838647,0.9168479080249013,0.5132251728752428,1.5633662365051184
42,43,5464,43,walking,0.046168770274195615,0.06799870152627271,0.30874525980033307,0.10741604068025395,2.8628498383682137,0.1869071974371472,2.4577885523329686,1.7114605247887382,0.07314160670366651,0.4578847750618188,0.7681989502344038,0.3660503427530749,0.1407164813676953,0.3166395684677541,0.776851383080253,0.33831269655023044,0.27492381021444534,0.10881215982372656,0.13968287528330525,0.18143096307192982,0.14397774102443747,0.5299794325719812,0.5589933834973613,0.3813815461380397,0.5902963746587757,0.27803697248145015,0.8350434007047709,0.5143420189970446,1.7114605247887382
17,17,5438,17,walking,0.22698373952623213,0.06185426525229014,0.3952405518589759,0.19458331228320408,2.5188808463575136,0.226127121899579,2.576986362174871,1.6134004597378113,0.1782083954734512,0.23403541938994557,0.3107988026216688,0.22705728646969248,0.1437621302788636,0.24311036356956917,0.7465519055368269,0.3040593786467385,0.07857154239366251,0.6083307201884858,1.1561211201182582,0.5059851290565109,0.06874624658883771,0.4387943157797414,0.4580329528018826,0.29462281550780817,0.5358588167697601,0.3020420343466018,0.940621949185414,0.5232847302836275,1.6134004597378113
25,25,5446,25,walking,0.3385657406183261,0.3076582268447612,0.6177082600753064,0.38203123900029623,2.331559907597935,0.2919627419544536,2.02513084118344,1.4544352280576436,0.030905016071523714,0.003684595774503426,0.5702613258161675,0.12788810990164437,0.03203232365181312,0.22765364443885444,0.7543127363927071,0.25473693451480844,0.03962694472756102,0.5500454407450477,0.974234067712114,0.4307157677314663,0.1308126829821488,0.6386142982833687,0.9339436859577552,0.49455952969775807,0.483917102608218,0.33660315800683155,0.9792651528562484,0.5240611348172696,1.4544352280576436
72,73,5494,73,walking,0.15409726426280942,0.20788565340524248,0.4459017554869925,0.2339735181646193,3.026898910629918,0.25428158800366896,1.9790812398346378,1.7082884474203626,1.217702009884864,0.14541253986699912,0.8178010441910912,0.7088060287389635,0.20440730162705228,0.3574188955238455,0.4408675424644358,0.31290398735324626,0.04852256375188764,0.07173387504912707,0.12089883395143466,0.07228234231069282,0.07810905524565062,0.15888194591944457,0.12063030068200957,0.11892246060244,0.7882895175670304,0.19926908296138793,0.6541967861017669,0.5258627974317207,1.7082884474203626
47,48,5469,48,walking,0.24306399360045494,0.4126187166567905,1.1807979236949575,0.4984326688418897,1.1722035249894212,0.6885161410383029,2.183549410117929,1.1809977484346756,0.29818531330981624,0.39231170056422693,0.6762003002350876,0.4114388655966348,0.10605504707848207,0.26828861976141344,1.156935790565967,0.3811246248491516,0.09375409537424613,0.5765958838664588,0.801996155296932,0.4285392227556684,0.018429209407747102,0.36664479178262294,0.5567667827705027,0.2653829570302486,0.3219485306266946,0.45082930894496925,1.0927077271135628,0.5276526812513781,1.1809977484346756
69,70,5491,70,walking,0.35201357433989483,0.29261999827852003,0.8035695061526268,0.41856733027789134,1.7167003616401364,0.5189784414558164,2.300012239595739,1.354273969157529,0.7940168350305357,0.1680819828745346,1.6038454661906605,0.7056086204001603,0.20368407917414091,0.13177469034364545,0.46743403837879777,0.2276703154828741,0.20246593930957488,0.1444653704439523,0.6797078703948218,0.27471409798037527,0.07210409288514273,0.27756198081273015,0.26932259369560485,0.19373094821827014,0.5568308137299042,0.25558041070153315,1.0206486190680417,0.5290942135861834,1.354273969157529
22,22,5443,22,walking,0.12292358018747573,0.08852451140550577,0.1973940432535174,0.12405804528789609,2.710845936527561,0.34506563130270673,2.773503771304749,1.777065381393057,0.38279654189358897,0.11053249706160526,0.4540715861698417,0.28814593281604606,0.06361279762854241,0.43310906932612137,0.7615037957574151,0.35098950593334854,0.17113795592867095,0.4816904643486286,0.5668318205866321,0.3744977322282463,0.03411318417391783,0.4006222962663146,0.524104172328733,0.2787150266418396,0.5809049993899594,0.30992407828514706,0.8795681982334814,0.5322452707167389,1.777065381393057
5,5,5426,5,walking,0.06471184740294376,0.3628251267781437,0.9191222779056842,0.35483924525357186,1.4262578286595011,0.4932183801974387,1.6947494393194718,1.1067403714066704,0.21550617497302044,0.4894495614123283,1.291845213432542,0.5403513372406479,0.08680902999198271,0.0428909005005955,0.5594652033111431,0.16377301285925994,0.01960982101187854,0.6971435692206346,1.3779024566654399,0.5622818474260932,0.26651409280593275,0.616753882072011,0.6111119799926633,0.4755295859497102,0.34656813247420987,0.4503802366968586,1.0756994284378243,0.5339192333559923,1.1067403714066704
10,10,5431,10,walking,0.06394637191411698,0.3741672791758234,0.27069856327995984,0.22938517309196813,2.8744743707428793,0.40321596179041164,2.441883975462612,1.799452928105839,0.45029861239105357,0.028229430730163742,0.1653816871492287,0.22448755467833267,0.10637268101733724,0.381420233946168,1.0154923930596769,0.3982156445973375,0.047346544076395304,0.29891312649236856,0.5318988476010319,0.24488363774771194,0.1045158865572901,0.41409568444233635,0.5319707343540759,0.3138387752706658,0.6078257444498453,0.31667361942954525,0.8262210334844308,0.5350439522486423,1.799452928105839
155,157,5578,157,walking,0.17503247724550858,0.11251842737515344,0.33008319369645006,0.18103700058755484,2.4223360258784243,0.5866213839959753,2.3912275143561197,1.681828466820984,0.33402602888734484,0.13278685854962133,0.021151683649932747,0.19095549170477302,0.15342306876468279,0.261119394264272,1.112133161681946,0.38824361754797115,0.17118201132345354,0.6617404388378353,0.9277261413031026,0.5187142083251362,0.029933269325978756,0.4181134178896149,0.5415259178501168,0.2875238584562609,0.5476554802375655,0.3621499868187454,0.8873079354229447,0.5413837739071133,1.681828466820984
61,62,5483,62,walking,0.047469115272536375,0.38387892935079004,0.4846490460431858,0.2694690270579677,2.6109817415557948,0.08393284834449281,2.878005370620854,1.653566910084286,0.8078778697969954,0.23090645255969725,0.35290623347772876,0.48609497563822285,0.03778625283971688,0.40240879279340624,0.8333957487448103,0.34275716800221134,0.11926590182912122,0.3798492279852856,0.5223286603425183,0.3041117839942664,0.03266437420243908,0.33092780982412306,0.2547946154969718,0.19639579671001922,0.6093408759161006,0.30198401014296583,0.8876799457876782,0.5420659435811622,1.653566910084286
175,177,5598,177,walking,0.5342065698137788,0.3273115187209775,0.9649979085112463,0.5376068171161519,2.964084166025519,0.40233087085000946,2.1560603256589324,1.777778079881998,0.2506589961722332,0.07397024117533732,0.14831842753899216,0.15951538044682664,0.03393083233532943,0.04187373288973111,0.2680762456158014,0.0839370752131845,0.16026200257443093,0.32398336964684565,0.31476023132736625,0.2566501951539839,0.14781136279130103,0.5372038647500371,0.9091939693376989,0.45584488488407504,0.6818256549520987,0.2844455996721564,0.793567851331673,0.5452220721160366,1.777778079881998
123,125,5546,125,walking,0.21944783357102413,0.40849733593894094,0.6750682817944789,0.38619172416288183,2.935382011192621,0.33713288688984594,2.4510668473511785,1.7992193287032228,0.09798925164379653,0.20294729969169523,0.44179634715937366,0.20873388996607145,0.06373288258794307,0.3300037473023031,0.8574262866706908,0.3289799092902367,0.0904907550605089,0.4248492060800086,0.6319756121089214,0.33253110687799126,0.03679510921792349,0.2568110041685947,0.5103287717638255,0.2195081997073724,0.5739729738789695,0.32670691334523144,0.9279436911414115,0.5458606931179627,1.7992193287032228
115,117,5538,117,walking,0.019532112326201747,0.08173396365091418,0.2127940669979327,0.08306524379043292,3.3552296633806242,0.41417613903551365,2.8117788099423175,2.070118082954919,0.0006055397250055389,0.4021372405521617,0.8827208117163722,0.3376412744541414,0.2657212852960519,0.21994019245755847,0.6010037159574205,0.3144653342929283,0.08001111993518825,0.4721733846650174,0.6181046460241479,0.3444947310449119,0.044068290601615975,0.18816813647862332,0.23635769259307093,0.14016610935070992,0.6275280018774478,0.2963881761399648,0.8937932905385436,0.5483251293146738,2.070118082954919
102,104,5525,104,walking,0.2268646517056825,0.20902617886015318,0.5696683551270338,0.28829000325174103,2.1591632421937805,0.7188068919364707,2.3316062649797344,1.6175093066480475,0.1861254013027195,0.3956054155416242,0.8131055636132394,0.3953134394603854,0.1708902238046422,0.5517372734406415,1.2702075857274675,0.543092516043607,0.06571207951333108,0.24746798627741742,0.3389963403929686,0.19307129439489312,0.12786005281589247,0.06192638657309793,0.8929693097418006,0.2545084377039563,0.4894359418893415,0.36409502210490086,1.0360922365970409,0.5486308329171051,1.6175093066480475
103,105,5526,105,walking,0.1426260858752849,0.1958547508878715,0.20069542217869016,0.17553141914100062,2.0642206185608933,0.5317679036237625,1.830138698804285,1.4044231486347196,0.3722875881195069,0.17816058794657388,0.2241686843236288,0.26501300729115806,0.053702704419868894,0.5699606406541042,1.6969262055318457,0.5888505791359584,0.19766935179595813,0.5436176815639536,0.9008021182811724,0.4766752370001992,0.0950285123940855,0.45426571229522344,0.8179256743389451,0.3833028247435126,0.48758914352759963,0.41227121282858153,0.9451094672430945,0.5489660359910915,1.4044231486347196
18,18,5439,18,walking,0.23962905924455052,0.17920418734517995,0.8129342479892199,0.33012014823373614,2.6694723772660396,0.5818496035616934,2.432500224364431,1.7870288372039793,0.7009753994218287,0.06367267714433529,0.3748903628469098,0.3808373031958475,0.10786486143986768,0.10472968863318348,0.3480479545042182,0.15464741093006412,0.31115654006412286,0.3406437222452685,0.49481735289682016,0.3596835755031206,0.1254910117829852,0.33690335744482175,0.4933376999259097,0.28362528767630474,0.6924315415365658,0.2678338727290804,0.8260879737545848,0.5493237604571755,1.7870288372039793
71,72,5493,72,walking,0.32689796260781273,0.039455722779195915,0.40926955406065846,0.22839538496693515,2.804207923793098,0.1278954892066869,1.9782820487354198,1.568497774946998,1.244485074258379,0.2711092533623846,0.9230039231624878,0.7908385156808031,0.12473228594435477,0.2901701770348833,0.6413996014647312,0.29424090548464144,0.2068401527849389,0.12176219270316402,0.5668023301356508,0.24480140422237134,0.1199387316158426,0.24386500829627156,0.1746693164230841,0.1804553592494625,0.8045170218340711,0.18237630723043105,0.782237795663672,0.5512048907585353,1.568497774946998
108,110,5531,110,walking,0.3700137859437523,0.19564215148367528,0.39992389213748075,0.3062471533984672,3.042837875692366,0.02549966947664622,3.035204806402197,1.8343759793480445,0.039645162538602445,0.161177197997757,0.7561945201665377,0.23156784824785132,0.1568459642381759,0.304882206417718,1.1359046673310198,0.41187220172856154,0.026981741573171507,0.06801182532758564,0.15199024623036986,0.06839547600637684,0.17880323087676314,0.5741135731886223,0.7912839095757498,0.4594235035413042,0.635854626810472,0.22155443731533409,1.045083673640559,0.5519803603784343,1.8343759793480445
109,111,5532,111,walking,0.3289401165007189,0.22135206941764968,0.5978785931281736,0.33969259299298216,3.044970234691868,0.05939112830131602,2.7753452505645164,1.796813595310177,0.20626258515475093,0.15654280311182936,0.11452631992206222,0.1680274192910446,0.04665088071695524,0.28216679008793893,0.6523751796650582,0.26200210425496934,0.14576778526535494,0.3261494751205903,0.7478419955603344,0.338335303266445,0.0028701875728505254,0.6367684757436505,0.821090272850056,0.4200735198966116,0.6292436316504165,0.2803951236304958,0.9515096019483669,0.5541574225020384,1.796813595310177
35,36,5457,36,walking,0.04898745461993861,0.030383568966789537,0.2441406086548896,0.08057653116566918,3.0086272772841567,0.2647789594695324,2.623417986471822,1.8340460919958403,0.30953509694345493,0.05941915389662067,0.6100604056699896,0.26959378147002816,0.04210210307305601,0.16983141618616437,0.591277653830392,0.20302893846976655,0.05513326838916661,0.6104277248014939,0.8600318569715331,0.4382307686705708,0.011041544607759994,0.744295292062524,1.005943481568937,0.503323430981901,0.5792377908195888,0.3131893525638541,0.9891453321945939,0.554799923792296,1.8340460919958403
101,103,5524,103,walking,0.07271563615639938,0.1173951326999182,0.36156093542007706,0.14835649462654243,2.558592925390612,0.43100772072228083,2.8801686014232666,1.7718739787298103,0.3162212470333525,0.028360437007778502,0.14782151381687783,0.16739697637982798,0.145539622515085,0.34598551645782,0.8205190286403751,0.36071386131723704,0.3423728783450582,0.3210556533406763,0.5043675382347668,0.36624492032124717,0.03709009145919985,0.6633569182741307,1.178060384142864,0.515790880721905,0.5787554001499512,0.3178602297504341,0.9820830002797045,0.555062852016095,1.7718739787298103
90,91,5512,91,walking,0.318497846028293,0.2334017784631692,0.36031338932371115,0.2928225276613271,2.6735097973979896,0.14126250502995413,2.4297729533726855,1.6118635116457147,0.6023289638463264,0.004886529155980759,0.3755814207889368,0.31800248135871023,0.052266586855583386,0.2386820352622095,0.9277065562717804,0.3019207601014733,0.11262966481572745,0.5438071163927126,1.0624886109155747,0.47507243466649096,0.04957287246031118,0.49062039666142027,0.653412067918349,0.34675972123236243,0.6348009552340385,0.275443393494241,0.968212499765173,0.5577402394443465,1.6118635116457147
14,14,5435,14,walking,0.029262587474992417,0.02560373505468188,0.11923723179894985,0.04579397537165969,2.785119799361832,0.27242554124744456,2.839347594770892,1.7908876551978892,0.176168314660722,0.27538958792962215,0.3726288239945814,0.255148925835054,0.28033726970914385,0.26908032994874764,0.7607751201575911,0.37192206389467486,0.21480805634148648,0.6050046179737819,0.984831035644142,0.5248912768549358,0.02310524670688952,0.5091640644785463,0.7598190835978991,0.3648715411937542,0.5848002123758445,0.3261113127721374,0.9727731483273425,0.5589192397246613,1.7908876551978892
182,184,5605,184,walking,0.20701820990618522,0.3402237611658432,0.6639203828923845,0.3516808650072883,2.7890246178276343,0.11480752872847204,2.2035801851462664,1.602248895651696,0.23889697529957998,0.5066002517137176,0.9578929695954838,0.4897774847244158,0.16198426150673736,0.2046799265151271,0.8471366085143445,0.3160929969116147,0.11637860623474072,0.5563559930319815,0.7978728447946355,0.42866840866561595,0.06888168277796837,0.23336626659117965,0.29351085165272583,0.17960135007820438,0.5970307255921411,0.32600562129105354,0.9606523070993066,0.5613450001731393,1.602248895651696
170,172,5593,172,walking,0.0588865122362763,0.06417536151716831,0.49618405178633046,0.14846155985864395,2.946522310013796,0.12511889514627927,3.235971419883284,1.8758507660406871,0.05724962311221749,0.22054530098645214,1.10664268741325,0.3324465071221179,0.18336626965484926,0.15154387506768463,0.6348576670776859,0.26093559130455074,0.07849047726213333,0.40530647800917613,0.4029967655704971,0.27411813522262324,0.13655712946765353,0.6271259801444304,0.8566337464879332,0.4767999931424203,0.576845386957821,0.26563598181186515,1.1222143897031633,0.5614354254485071,1.8758507660406871
26,26,5447,26,walking,0.27204892136674896,0.06959192412088747,0.29555504309863445,0.19576734681478147,2.470565711370474,0.442368031045319,2.676044903656738,1.7003824776976648,0.6286127113026275,0.136750511869171,0.06767172728769882,0.3196796347262592,0.19164335907824415,0.5004483576536307,1.423851404329023,0.5616069675585545,0.1021353607277887,0.5866058657300096,0.9199742625446832,0.459491343092056,0.1328063218030392,0.07071021178464784,0.27149540899372165,0.13570569523381915,0.6329687309414871,0.30107915036727756,0.942432124985083,0.5621055775205225,1.7003824776976648
24,24,5445,24,walking,0.14378724798234688,0.018522465067539948,0.3388314092887643,0.1326901670777076,3.2148571282326177,0.1790421431678594,3.128353788701188,1.9832304663004285,0.20993504691486875,0.0413433506660789,0.3313876946661978,0.16678889796561863,0.05289396098062405,0.3238825135523888,0.9182941565288982,0.3343694211189848,0.022195099796815932,0.22568123414865618,0.5955263931597995,0.21825581221014878,0.1369650497188905,0.6812977689377805,1.05417479361346,0.5381400861853605,0.630105588937694,0.24496157925671727,1.0610947059930511,0.5622458084763747,1.9832304663004285
176,178,5599,178,walking,0.1693676318725628,0.33245618555515727,0.7149089614238666,0.3437113192558614,2.7304647118850562,0.09696218319526478,1.7626919688948666,1.4835091518111017,0.37816293521092287,0.480407055421196,0.1672379318904193,0.37687558263093146,0.014250007150875406,0.32865322792551077,0.7824062758652622,0.2936425492036069,0.02293044660887147,0.5801335798479822,0.8330521950119967,0.40783604958514086,0.020639811764040072,0.6788344024350157,0.941386130313133,0.4680669117422489,0.5559692574153882,0.4162411057300211,0.8669472438999241,0.5622735940381486,1.4835091518111017
114,116,5537,116,walking,0.27248869917465546,0.2524267509480713,0.34703470827890426,0.2793731217048716,3.5266701544328756,0.36756000413999457,3.181959303777699,2.194083924184688,0.03749774285348138,0.046938885621918953,0.12222149451280431,0.058218950292721,0.03718640929297473,0.33558045730764746,0.6932495296182604,0.287756652563901,0.17471735468097763,0.3213288456785912,0.5728066029268153,0.3129798007291906,0.011554984052004206,0.4155466954090056,0.38377529888907863,0.24759573156221965,0.6766858907478283,0.2898969398508715,0.8835078230005936,0.5633346968395987,2.194083924184688
82,83,5504,83,walking,0.1137027047560277,0.06678622205064429,0.41994315245259417,0.15618420121318766,3.351731233035817,0.10752045757630299,3.226116737197427,2.0289240236843336,0.13094971679621106,0.08442433283240836,0.19556086369404507,0.12526179259025677,0.0046552227293590815,0.3064262413904303,0.7970535159482391,0.2838432888375636,0.07241891874359843,0.6476427235148126,1.1010420879320106,0.5082330744897665,0.09241857804716873,0.3614783815930914,0.5319813641098501,0.2879550566780741,0.6276460623513637,0.26237972649294833,1.0452829535556942,0.5650669062488637,2.0289240236843336
28,28,5449,28,walking,0.33386284057842813,0.2946017093824654,0.5409839137550517,0.3595826027353678,2.415508537613678,0.25676556493221625,1.9720500371667522,1.4633196484517084,0.10291467434913365,0.1848413894306322,0.09020109650333934,0.1331426448125742,0.17309928122268387,0.25641961578452294,0.9006235356551748,0.3519322659339177,0.41115626479171646,0.6466153514263167,1.0798467946947639,0.639078005426166,0.18270331352038846,0.5935669695713606,0.6954364380830154,0.44959540085330274,0.6032074853460048,0.37213510008791895,0.8798569693096829,0.5661084280355061,1.4633196484517084
85,86,5507,86,walking,0.12744396570638492,0.07666506329429178,0.2214474509023866,0.125933101780748,2.5880241201769922,0.2784042992899495,2.6987693348238544,1.6863252347515476,0.3740490555529042,0.5426551741404556,1.0747324700595977,0.5816281858892635,0.15802317912696948,0.21473898786179557,0.7694251276922563,0.30298989233395734,0.1875246974329154,0.103117889414231,0.39690669501821196,0.19563837374250098,0.11948775776697998,0.6665944044754735,0.9517809251265354,0.5047890499222885,0.5924254626271911,0.3136959697460328,1.018843667270474,0.5662173064033844,1.6863252347515476
19,19,5440,19,walking,0.001326832422982136,0.04095038058475528,0.5525818273462637,0.12742725067234772,2.872566883327476,0.06814659444600409,2.6425311622371024,1.7047916235568126,1.1095007437246818,0.04236666582248832,0.7346048951148987,0.6076679428418478,0.0009452508153031399,0.48679171433984464,1.204997052730703,0.4360941966081997,0.008030327521319908,0.34916444023155,0.6049539699242691,0.2638687010860018,0.08066129564712642,0.413416822488208,0.3155457662957131,0.2607404005132764,0.6788385555764815,0.2334727696521417,1.0092024456081583,0.566765019213081,1.7047916235568126
174,176,5597,176,walking,0.29938033967582206,0.16028695938526222,0.8322484685517858,0.3503166133347909,2.601917597154776,0.45007703111817443,2.9808776925007505,1.8169733898093305,0.979695938313517,0.044807186808382256,0.524627306282562,0.5147267113052721,0.01189720449758229,0.2037686998097655,0.5343669119100054,0.19313974410494023,0.1392507786382047,0.2976289994601235,0.38104995757939547,0.25096190275521035,0.020726146387575004,0.40720820529560103,0.5534550257700589,0.2818647458272822,0.6754780007779129,0.26062951364621817,0.9677708937657595,0.5679971845228043,1.8169733898093305
113,115,5536,115,walking,0.12379476862346842,0.028725424435029578,0.19033588816770616,0.09907525485694044,3.35831227012974,0.3174369518573468,3.3467874318481936,2.1396571751644737,0.48108622788843936,0.1329826952913424,0.40832976209731053,0.3272935216913748,0.038164476425965974,0.13036636077532338,0.3422204493455254,0.13585642474962084,0.21952511904703922,0.5259657873067116,0.7857734748594581,0.455351057513392,0.15836982344155726,0.3519780428513236,0.2934465122222901,0.2628284489616104,0.7298754475927017,0.24790921041951294,0.8944822530900806,0.570010313822902,2.1396571751644737
57,58,5479,58,walking,0.03196668677105439,0.22195178133242757,0.5828740515818599,0.2181421975577648,2.5897746431505357,0.4674656520018707,2.321831916602882,1.687262501381539,0.8602355456370012,0.6098705180806069,0.7659995458092288,0.7412423346488891,0.07203155241383546,0.265731003071823,0.6485886496882284,0.2648227521319091,0.26627345391135804,0.2970903471647281,0.4945071244440159,0.32424694531923764,0.12544214211366989,0.30052861368647626,0.15270022144467804,0.20092834660899409,0.6576206706662425,0.3604396525563221,0.8277502515951488,0.5727741796080557,1.687262501381539
144,146,5567,146,walking,0.021545183968337243,0.009758832373673159,0.8042680040190491,0.173375207340614,3.1176145240743325,0.25932264517224024,3.0797393473367842,1.966722737165986,0.02214851527394426,0.12735820440963916,0.26182341968747275,0.11216737181092792,0.2584499850893567,0.35502135812163155,0.7332041163426308,0.3920293605529215,0.3482291563985171,0.11226699047037396,0.47853108314712234,0.2799046753769809,0.16457129198681103,0.6030840757634309,1.0402437752105769,0.5151109021422122,0.6554264427985498,0.2444686843851648,1.0663016242906058,0.573218375731607,1.966722737165986
134,136,5557,136,walking,0.20654709915585773,0.021185749827372164,0.7328037976098484,0.23765389911526164,2.5731116592444714,0.2396301953739851,3.169181759058697,1.7589330936591219,0.19355404826681166,0.24040582304676184,0.6162691428754441,0.29683777710051823,0.01998156535245579,0.4217220676867843,1.369169676973172,0.45051538861033047,0.12616049186984127,0.4275359066487732,0.7058753177137128,0.3626536229501884,0.15507219666509658,0.37702886345702286,0.6248457317925156,0.33780957040735093,0.5457378434257558,0.2879181010067832,1.203024237670565,0.5740672253071286,1.7589330936591219
147,149,5570,149,walking,0.2345141469824487,0.30175431807133557,0.11046230801103246,0.2365998476237202,3.2284524949391686,0.005416810512542762,2.6050684213638307,1.814561406453451,0.5375242060330248,0.03128079923323406,0.2416748724659077,0.27585697659968506,0.09193710348192209,0.15047615805279915,0.43151289774940593,0.18326788416376968,0.0160149178112757,0.6773953934834135,1.2089205995833059,0.5191482444345369,0.17514360742847412,0.5466303071256392,0.6616205918527867,0.42103368419220266,0.7139310794460525,0.28549229774649404,0.8765432818377116,0.5750780072445609,1.814561406453451
110,112,5533,112,walking,0.041854463601159735,0.19236861488578655,0.13224363609922532,0.12013795861462359,3.151479404058483,0.2868455328109191,2.55600263009111,1.886530500765983,0.7354019686579705,0.056226108223199865,0.06569875590503232,0.3297909819334746,0.008719829746453755,0.04150399192287013,0.9023878638625991,0.2005671014402494,0.37128395190317937,0.42519317633604736,0.8321211360908116,0.48501507851385306,0.21066464812650332,0.48752795894864426,0.8241104274244546,0.44409912831495,0.7532340443489582,0.2482775638545779,0.8854274082455387,0.5776901249305222,1.886530500765983
54,55,5476,55,walking,0.40334565217641904,0.04279191072134089,0.7735650202863023,0.33316802921636446,3.2309553768737995,0.13196604736107967,2.7891431061197465,1.902997190917901,0.3433493577232657,0.056050884631252997,0.7372032209884289,0.30720074113949325,0.14726785331735107,0.11099760542260326,0.47655002996016715,0.19861618948801518,0.19989010082514364,0.4340002618535883,0.8415804350817645,0.42187223208784574,0.05775398295959029,0.4299915743220516,0.542371784976839,0.30357257990802455,0.7304270539792616,0.2009663807186528,1.0267355995688747,0.5779044937929407,1.902997190917901
121,123,5544,123,walking,0.0029294977987653096,0.1725659271619637,0.39328997158723,0.14885616430173762,3.9485525985648735,0.35573587590213274,2.9790852507854484,2.3175324399438924,0.24744070580043806,0.13135940363279386,0.2968549313608274,0.21089103004545828,0.05984340330339828,0.015356081836628498,0.2769602102603553,0.08547183610808178,0.02991566282806552,0.5831561526175991,0.9491997471802256,0.43506867561431095,0.1762614081901483,0.35220913025610295,0.29907665648088516,0.27120354667467755,0.7441572127476149,0.26839709523453686,0.8657444612758286,0.5781706154480264,2.3175324399438924
127,129,5550,129,walking,0.16337323786488495,0.4124978116627855,0.7588205151571202,0.38211252284249225,2.201786380977877,0.03524481139970755,2.779922979369121,1.450797072824858,0.7751811722577628,0.13966725671462318,0.2818951945572198,0.42231841050039837,0.13177043037349676,0.20853392607500762,0.8536107692588755,0.3068438964311769,0.12296530062007381,0.6093819581076494,0.9658956504492083,0.486118033580931,0.033193786321362044,0.6113329103121028,0.8372148564615508,0.42525364994569614,0.5713783847359096,0.3361097790453127,1.0795599942088492,0.5789072643542588,1.450797072824858
152,154,5575,154,walking,0.15609142980842972,0.0834322540188133,0.4899815283089039,0.193805779192678,3.2632288922132795,0.29740636051812336,2.9517854581032115,2.0146111927132035,0.25025438362068236,0.09952987324107773,0.2771545613562312,0.1953446150159503,0.19525372271292257,0.29419878698622953,0.4815919399261474,0.2920993918648903,0.014891901192143642,0.5601800355044279,0.9145485867938818,0.41293849203740496,0.14595766470726376,0.5043066419123493,0.6819886373308299,0.3965034501140112,0.6709463323757868,0.3065089920301702,0.9661751186365342,0.5842171534896896,2.0146111927132035
87,88,5509,88,walking,0.01696740017945072,0.16319333877115572,0.3291277547638477,0.13788984653301212,2.7552614479568533,0.18306773841971216,2.770165830555529,1.729364840661732,0.3322296836277322,0.28252296655215353,0.67908445108026,0.38171795028800626,0.04362436068522466,0.4659519814825677,1.0863048299566493,0.4210915028584468,0.35001634461232745,0.5957505756589784,0.8564212704705692,0.5495910222026362,0.24819900692836744,0.36742453373354633,0.21542367266121853,0.2893341507970092,0.6243830406649925,0.34298518910301895,0.9894213015813454,0.5848315522234737,1.729364840661732
139,141,5562,141,walking,0.09199854461391119,0.23723152801342107,0.39375156461564265,0.21044234197406145,3.2040692586053034,0.1396762180036726,2.885400691892758,1.914578329022142,0.2713436559699047,0.25243871604802504,0.9508654331338816,0.3996860354339482,0.06384954279696448,0.061384144619371826,0.7287263870239257,0.19583875237131965,0.05834636412991004,0.42593450851261894,0.5703804630571149,0.3077884416684346,0.1305227033283785,0.6414230420039251,0.9314155770073678,0.49506141353439503,0.6366883449073953,0.29301469286683907,1.0767566861217817,0.5872325523340501,1.914578329022142
154,156,5577,156,walking,0.10455162994015019,0.29195214739939035,0.4526684539738042,0.24913520173057707,3.733031914075707,0.0695445946600559,3.7616455529167254,2.2733597140776505,0.5901633693102656,0.08786925591301323,0.17657971728176797,0.30652899354566515,0.07667381447101139,0.14802212989767186,0.4295060160272408,0.17577958095292145,0.1105610854267047,0.3446280499654862,0.4852908543990574,0.2791338250366879,0.10936068027700553,0.358158438637485,0.2764099062062467,0.24228962880704552,0.7873904155834741,0.21669576941218374,0.9303500834674737,0.5877044906917579,2.2733597140776505
164,166,5587,166,walking,0.029270847879428394,0.27156252332894976,0.3252403394429403,0.18538141637193933,2.716278103380843,0.5450989240926615,2.77554146743535,1.8596591044764716,0.8137493611084343,0.1730680697445315,0.6034791992760546,0.5154228121963973,0.19161155966758003,0.04985443184645095,0.1755236176670818,0.13169112013902878,0.16697061600246074,0.4299951781574477,0.7218914772988108,0.3831646131237255,0.08707377409913203,0.6144024338539166,0.854812401958096,0.4515529635728387,0.6674923770229797,0.3473302601706596,0.9094147505130556,0.5878120049800668,1.8596591044764716
12,12,5433,12,walking,0.2372076470755676,0.16564261717290257,0.3818201461358631,0.2375041349265607,3.0279515676119697,0.33860822705155247,3.232809729180181,1.9931858637014452,0.2466204731905595,0.26104247145400056,0.7366152132831377,0.35038822051445156,0.004142166795508655,0.21183974509529677,0.38725828031086906,0.16384442081849598,0.027589613757911934,0.7186550880943596,1.2044558030784982,0.5393890413566083,0.07421148842700587,0.3237785564371261,0.4216765968552302,0.24353133731669885,0.6029538261430872,0.3365944508842063,1.0607726281406298,0.5879738364390434,1.9931858637014452
107,109,5530,109,walking,0.11513879295218649,0.3408963092439949,0.40363858407594455,0.2631417576936615,3.212154736064914,0.3432367400874735,2.517385135150906,1.9256336174911364,0.565934704690084,0.019845819821322996,0.8588988318060436,0.40609197616577153,0.03058253761842227,0.15144832221780716,0.8594576948981292,0.2447038829141176,0.06158107543718883,0.34567008643531644,0.5296045383538279,0.2688213724197677,0.09362991265222818,0.5678296006882368,0.7898011014087876,0.4225440256179436,0.6798369599025039,0.29482114641569196,0.9931309809489398,0.5884894387170663,1.9256336174911364
100,102,5523,102,walking,0.019144162609802385,0.37457396853622504,0.6717532061423434,0.2918378936868796,2.71894560715723,0.3597857568868308,2.7045241464411616,1.7723973749058566,0.3185251972539638,0.27606643893854405,1.0353938331448935,0.44491542110598187,0.03901141950322839,0.2888890078601144,0.8239359658109373,0.29594736410752465,0.0923204321359911,0.5813726555450275,1.0230343530293347,0.4740841056782744,0.11869317261121606,0.3526256212624171,0.3805459820180445,0.2646367139530622,0.5511066652119053,0.37221890817152653,1.1065312477644524,0.5906364789062633,1.7723973749058566
29,29,5450,29,walking,0.2467621624307642,0.04922424540054266,0.2208924044219704,0.16257304401691683,2.5515087910130716,0.2840384965993027,2.9569265397740683,1.7256042229997635,0.46967898576504186,0.40423130202450724,0.6936084676375271,0.48828580864332505,0.2147003177621467,0.09571204806470003,0.7719844847338015,0.278561843277499,0.08878547517876875,0.6532323948234072,0.9452353345390173,0.4858542149086739,0.05306070343729833,0.5463026355232334,0.8229003061990576,0.40432539682402424,0.6040827392645153,0.33879018707261555,1.0685912562175737,0.5908674217783672,1.7256042229997635
56,57,5478,57,walking,0.21034469950061152,0.25847310304761717,0.5702870253287909,0.30158452608504965,2.364561911020629,0.4843750548414226,2.4762271362041037,1.6348202135856416,0.7612851360325772,0.028858448345274075,0.4350727721217841,0.4030719881754974,0.20134545059007974,0.26298412381836567,0.9877044040317094,0.3832727105697201,0.19988779043459323,0.6300073129206031,0.9672667973903363,0.5254114008201458,0.018148797347942558,0.42840243470759204,0.6538516213722545,0.30939081709666477,0.6259289641544055,0.3488500796134791,1.0150682927414965,0.5929252760554532,1.6348202135856416
91,92,5513,92,walking,0.07182669216176947,0.5400390972966412,0.9937497484787916,0.4434962654791226,2.4494935359273637,0.4819883057581527,2.1030563871775354,1.5932040141097137,0.08849227141838248,0.1492533835596354,0.526125943529056,0.20032345069701835,0.10130453015875629,0.03803275451259662,0.9165530567719866,0.23904552522293848,0.0503035902542448,0.7381502592693991,1.303404568756771,0.5760624535608119,0.10009383130779753,0.6332017938743594,1.0802080964465217,0.5093598693621672,0.47691907520471905,0.43011093237846415,1.1538496335267772,0.5935819297386288,1.5932040141097137
11,11,5432,11,walking,0.031695758025658105,0.06879297246787759,0.21041157470203986,0.08227780713782226,3.039700727587992,0.4146703190859549,3.45320915796877,2.072390250263333,0.6864171854654948,0.28545723358790076,0.5804524497191113,0.5048402575651805,0.009594029970298526,0.23023541049180524,0.7151901859118235,0.23896981336720624,0.16023067679786313,0.5355929857418861,0.7883295709239423,0.4359953792006882,0.2784145171557687,0.24819534158408021,0.11948734394941553,0.23454141228582268,0.7010088158338458,0.29715737715991747,0.9778467138625171,0.5948358199700088,2.072390250263333
151,153,5574,153,walking,0.1771118804221462,0.14099966178601475,0.17089095189117356,0.1614228072614991,2.9226884727191207,0.33863089496928056,2.72933868465567,1.8503954840064947,0.4339109166734919,0.047728493003084516,0.27906403548357483,0.24846857096734556,0.1829833433998123,0.47840065134844123,0.995382167813664,0.46363003146203424,0.1016432639899527,0.5432052263029062,0.6816406195330771,0.39426752002375903,0.09392248595032598,0.6279150089889607,0.8493201696732009,0.4585990319103549,0.6520433938591416,0.3628133227331147,0.9509394381750601,0.5961305742719145,1.8503954840064947
68,69,5490,69,walking,0.4252687018188633,0.623848343173902,0.8857936855650932,0.5968055551101248,2.22455316992851,0.4498751511133571,2.0515901377943697,1.480089355975621,0.6840005872477929,0.5495165712393413,1.0733751527478166,0.708081893944417,0.28523181599659925,0.17561731799112065,0.6890375459756861,0.3221471627902252,0.18669607127862267,0.012993255131681246,0.725176943988738,0.22491111936186917,0.10567983266231568,0.20483119884078296,0.6439767817394086,0.2529997689491212,0.6519050298221173,0.33611363958169754,1.0114917079685186,0.5975058093552297,1.480089355975621
84,85,5506,85,walking,0.3310242051514024,0.33409415626250644,0.5652391436468127,0.3790951732949261,3.3357017239876456,0.05935401072810987,3.5826574479234163,2.0745537834709857,0.1469695582847477,0.13161660864626293,0.16435242843332679,0.14430495245906963,0.12047472604499007,0.0028494475689241233,0.3757632226897319,0.12448231398351206,0.05578741355636249,0.5951532362618338,0.9736787792200718,0.4551120157712929,0.18095327917979018,0.5387780536199648,0.6019672450872746,0.4082859821373569,0.6951518177008231,0.276974252181267,1.0439430445001057,0.5976390368528572,2.0745537834709857
31,31,5452,31,walking,0.10730556528860243,0.31476742702488664,0.6196206259529031,0.29275332211597627,2.6558251597086593,0.13578211466471354,1.7687780212402344,1.4703985139973963,0.8082644207518406,0.049902354932742324,2.1394470127517837,0.7711561128241899,0.009096683349150739,0.36598542468185147,1.6791875024646974,0.4858703437053404,0.05897879538147948,0.3516291296759317,0.5330369253491246,0.2708505550927894,0.08728222901450419,0.4338215407678636,0.48518972987186937,0.305479453887321,0.6211254755823729,0.27531466529133153,1.204209969605102,0.5994180502705022,1.4703985139973963
80,81,5502,81,walking,0.2727355742320334,0.3604329629865865,0.9061650949541367,0.4345004338782753,3.0122237540651877,0.34502637626897487,2.9765637835115712,1.9382128088359796,0.1617923694294553,0.16610970746639156,0.4295808201612429,0.2170769947905873,0.14778891297573568,0.0303451201212923,0.36748061908407825,0.14474973705562685,0.21944968258426958,0.5276305969907013,0.8662280700790981,0.472077725845808,0.24683080082051237,0.4779354915713277,0.5641051810226407,0.4027275531612642,0.6768035156845323,0.31791337590087904,1.0183539281354614,0.6015575422612569,1.9382128088359796
163,165,5586,165,walking,0.05491990832137309,0.08731765221056323,0.04849139276300136,0.0665933027653748,3.7419679873286724,0.14042808758184172,4.0372131640157,2.360401062767346,0.7129922163047467,0.14691460098828546,0.663009993753082,0.4765647256678293,0.009240856007478091,0.2960018350144303,0.8188311214229452,0.2858633006933524,0.05906988958781877,0.26423851304157703,0.1671462389370042,0.16275260883915915,0.07475697176181975,0.44055381800735505,0.25932431963711783,0.2579891798350935,0.7754913048853181,0.22924241780734214,0.9990027050881417,0.6016940300946925,2.360401062767346
93,95,5516,95,walking,0.23446814912032726,0.12383208348286154,0.7187674382993283,0.2870735807011412,2.964345033172137,0.47679113873592766,3.196158264663076,2.015686121695841,0.32750804022233737,0.28082059308276414,0.4946673775116327,0.34226492882436715,0.25372068510550794,0.26446669904909503,0.8013894199213875,0.3675528376461187,0.10645237035537107,0.4323777454576175,0.6986582060100434,0.3552636875272041,0.1452221339183416,0.2885250957600008,0.37992966704492737,0.24948482528032245,0.6719527353156703,0.31113555926137776,1.0482617289083993,0.6028876636124991,2.015686121695841
79,80,5501,80,walking,0.25340515696032906,0.07698998609632424,0.340587942597519,0.20027564574216514,3.5839823269453204,0.04345244657797889,3.311036756129864,2.113181260635293,0.34842789154644155,0.14013443067092307,0.27419834765352946,0.25026459841765175,0.023703630014394156,0.42521865260548125,1.1271711423870272,0.40500314152535566,0.027014181929782638,0.3904901176149924,0.6180089605519976,0.2906035119283096,0.028844960847302762,0.5087502456988077,0.7910902827743083,0.37325613917330586,0.7108963580405949,0.26417264654408457,1.0770155720157077,0.6054307162370134,2.113181260635293
181,183,5604,183,walking,0.18657206166820342,0.02460882767976671,0.25751285980148686,0.1359749276994854,3.3086076754110834,0.5344844589262833,2.768315868613161,2.090900027457579,0.17560038077525603,0.21107299816914096,0.19048844575881965,0.19276704072952272,0.09933654877552792,0.4140991409744215,0.8279070880345789,0.3709556935068956,0.037702072637315086,0.5827703900692276,0.8185982488474252,0.41190863485210216,0.06847336518464328,0.6613684318048492,0.8411314890539046,0.4601630166065779,0.6460486840753382,0.40473404127061485,0.9506590000182293,0.6104448901420272,2.090900027457579
55,56,5477,56,walking,0.12731049365385516,0.16591715396758738,0.26862538283503173,0.17101613561558338,3.1143995220274747,0.21122359435272703,2.328399093696355,1.7959290652913518,0.3526771565689114,0.1409574616821433,0.2874030954233655,0.254934466385095,0.07677159813261523,0.5533175996898376,1.5264480254084796,0.5573252842106771,0.35939273115926407,0.593093720713797,0.7555374855472484,0.5321020778586741,0.07650455029779198,0.5298662311931163,0.5503734159331507,0.35262299578299344,0.6845093419733188,0.3657292935998681,0.9527977498072717,0.610655004190729,1.7959290652913518
161,163,5584,163,walking,0.05495091927336108,0.29668521305113854,0.9416824359471406,0.32899094011922797,3.2914035032408155,0.08103118001861102,2.14842954287219,1.7786597818782086,0.5375440973168806,0.01881310649553324,0.8779801608195649,0.39813891368887855,0.042276497659016275,0.3992567749958547,0.8852596925846861,0.3536652475788856,0.17869574884441458,0.3670153688344793,0.6414366533204703,0.3465717777356516,0.11511095509825155,0.602764329466217,0.8612426975613952,0.4593986533380665,0.7033302869054566,0.2942609954769723,1.0593385305175744,0.6109042190564865,1.7786597818782086
34,35,5456,35,walking,0.2183682393314341,0.0195535870722992,0.5087678752081175,0.19692230560311685,3.1075558633070726,0.14596311862652114,3.450229650644155,1.9914535229022685,0.349856566214094,0.3396548663868624,0.9980608678331561,0.4754167466070137,0.08459224142658879,0.05309307994976859,0.5845549140177981,0.1719851113541026,0.21927616636485617,0.5653136432242767,0.7371660055383698,0.46126912494332717,0.14342631421393381,0.48345927620373896,0.5915474158630841,0.36906371933968596,0.6871792318096631,0.26783959524391115,1.1450544548507802,0.6110184217915857,1.9914535229022685
183,185,5606,185,walking,0.1232823875329016,0.14110431684785982,0.09839965618390059,0.1254346129890847,3.2703196462724136,0.5771184520940043,3.07040095534229,2.153055430415025,0.3426176121521979,0.11973680593241279,0.7160795691392534,0.32815768106169496,0.12639087227249976,0.016271097097659153,0.8914812311594809,0.23536103397995975,0.06127623556224445,0.5898461978854114,1.0421324009203727,0.46887545356313687,0.05180264912713688,0.5199191202724578,0.6414327132114879,0.35697525040213546,0.6626149004865657,0.3273326650216342,1.0766544209927977,0.6113099104018396,2.153055430415025
158,160,5581,160,walking,0.029803978998757346,0.07131966052868251,0.2838264941331162,0.0972147546375992,3.1278451898672284,0.3872098135252069,2.7404218276921846,1.9541063668954113,0.5207147676564985,0.11782032946256188,0.14529004786010632,0.2844720484196454,0.11688064909383152,0.491147825333956,1.1895341155234347,0.4811182128758019,0.2013649592717994,0.3916884988593752,0.5714153546028562,0.3515044541730411,0.18896751383692728,0.6450481443952415,0.8527026645215412,0.5041467961971757,0.6975961764541738,0.35070571201750395,0.96386508405554,0.6120937721997791,1.9541063668954113
36,37,5458,37,walking,0.2936599854698859,0.07969712055557578,0.38198081095114655,0.22573900460041402,2.831224929726473,0.44245271572375316,2.944139688334715,1.8982989958470333,0.20686794849152268,0.3574281098533646,0.3505067204291554,0.295819767423786,0.08277130299470187,0.2600826899670657,0.47880582492016854,0.23290276216874073,0.14766890966856444,0.48158103066521724,0.7055693789645359,0.3928138519264199,0.12281891243853058,0.8264551117701113,1.242146331738129,0.6281388760310826,0.6141686647982797,0.4079494630891813,1.017191459222975,0.6122855429995795,1.8982989958470333
27,27,5448,27,walking,0.38211872436941136,0.05042448443566971,0.8467586760443432,0.3423690187309011,2.0750162889769803,0.14952797990385266,1.8840464072126801,1.2666269889948694,1.2162252847219424,0.3367400607740678,0.8966644792872865,0.8005190340558614,0.077468405864975,0.3658041209813079,0.9494899326609394,0.36720699727070105,0.29783392595552305,0.6500190857535081,1.0535168930420031,0.5898445832920131,0.02656696377866509,0.5098035633385859,0.6320288729966932,0.340953985446239,0.6792049322779161,0.34371988253116537,1.0437508768739912,0.6179201012984309,1.2666269889948694
94,96,5517,96,walking,0.06887912669034299,0.12810088868781375,0.545161055327477,0.18782421721675813,2.9978365981787967,0.22718052711186812,3.1025934098203907,1.9105255320803443,0.0009325517285300131,0.4727077035012712,1.0841348436143665,0.40628307081479387,0.12536493285174585,0.44282171976594764,1.0183268270515315,0.4309400264573837,0.13349501077276074,0.48404387836038637,0.7568945386984052,0.39839446339293993,0.10624250936239789,0.44065082363966035,0.7745960604182776,0.3736765452844788,0.5721251215974291,0.3659175901778246,1.2136177891550746,0.6179406425411165,1.9105255320803443
81,82,5503,82,walking,0.12596526935380578,0.0323789384629992,0.5251492370190067,0.16836753053052333,3.2689905115076012,0.3112674436053714,2.990482706636996,2.030199723372588,0.5756617994869456,0.16244755272103956,0.5720887715075197,0.40966149518469797,0.006264305143095508,0.25621794747115595,0.6673208598432869,0.23845707301435798,0.03249635153735898,0.5285428230353438,0.6390181940382503,0.35221930863673123,0.02473752794689254,0.7328440348307291,1.0289580997667813,0.5088242450644049,0.6723526274959499,0.33728312335443983,1.070502978135307,0.6179548959672173,2.030199723372588
143,145,5566,145,walking,0.23051742973085693,0.15398238291616081,0.5614110074302021,0.26608212654484753,3.586214930975615,0.21629206458134442,3.3031698155758984,2.1816367613379635,0.30131921697414876,0.24327839504588739,0.6064717468834985,0.33913339418471417,0.09639049196380309,0.1232210192187079,1.0097382759225781,0.28979225965752003,0.14970555631473997,0.45481796673586455,0.605105972212881,0.362830603662818,0.11962044642167391,0.38464138557055466,0.4327740822123183,0.2882595492393551,0.7472946787301398,0.26270553567808663,1.0864451500395627,0.621289115771203,2.1816367613379635
44,45,5466,45,walking,0.16128069193402064,0.32114683228704255,0.37203057529776495,0.26737712474797826,2.7555509640308133,0.39979918459628494,2.5196638334558363,1.7660728261420067,0.7485235460128519,0.09198949062865781,0.8363833241346406,0.503481879483532,0.16653881757662398,0.3122605668875286,0.794573969041419,0.3504345475939449,0.02123530397060541,0.6169176630448219,0.877447281542369,0.4307506431146447,0.10437967435967536,0.6049032416394963,0.645410855824802,0.41279533756462905,0.6595848329807651,0.39116949651397204,1.0075849732161386,0.6218187264411226,1.7660728261420067
50,51,5472,51,walking,0.01812825022612894,0.3674665369458326,1.1568976660655734,0.38561744808189935,2.3044387810279092,0.07058651294862166,2.3310475068237384,1.4162196189553602,0.5195217196223806,0.263254039495894,1.2850420584956421,0.5701187153464382,0.1713817125961874,0.5116209644439805,1.3381116947386753,0.5408234097638023,0.15882512609679977,0.582873433183282,1.4822815412050718,0.593135731953047,0.13188746949521507,0.2344433214606308,0.41206178781462877,0.2289446739452641,0.5506971765107701,0.33837413474637357,1.3342403758572214,0.6224765996743018,1.4162196189553602
145,147,5568,147,walking,0.20741758762294082,0.17422110999748602,0.08037182897368675,0.1687298448429081,2.9371287642817796,0.2390323471237015,3.346087061005198,1.9396818567632321,0.687498776967289,0.17336782335325046,0.4644031074210887,0.4372272616124335,0.16773332092336143,0.36667164099173016,0.8210459427584419,0.377971173317725,0.23872309394602506,0.4234049657605729,0.6173450942309398,0.38832024272882715,0.31007064587062166,0.49769577414719096,0.5192825676239643,0.4269630815319179,0.7580953649353362,0.312398943562322,0.9747559336688866,0.6231489101328407,1.9396818567632321
62,63,5484,63,walking,0.10147227566587365,0.17915753446633684,0.409923807313396,0.1942366855155634,2.9122611553110977,0.24411596135890226,2.963727055542858,1.8552962577765717,0.9710578554619435,0.30257344193434066,0.67279124102519,0.6440107671635518,0.10683467422153398,0.40073684430372175,0.9895575954139717,0.4009401264928967,0.028686361404631027,0.4072517325686117,0.6527092631850512,0.3049170902263073,0.20529278961617495,0.3925958809362767,0.5134232906925353,0.34184012635948774,0.7209341852802091,0.321071899261365,1.0336887088621671,0.623540175589063,1.8552962577765717
32,32,5453,32,walking,0.14067691405408841,0.13300116213443391,0.3167179949900354,0.17281482947341603,2.763961267733443,0.12939953267842402,2.298940767233876,1.617132473611522,0.050483472296532134,0.06304711145712123,3.1325419591673724,0.6719206253349359,0.03766322270348889,0.08781277711791056,1.1809352369323134,0.28637744731502246,0.09413754035781835,0.7711387685633285,1.3632090708804945,0.6187523377445576,0.14577749549501234,0.4740264380362169,0.7051732535816129,0.38895622412881425,0.5387833187733971,0.2764042983312392,1.499586380464284,0.6259923229347113,1.617132473611522
125,127,5548,127,walking,0.024700491551859098,0.2342744057238656,0.3756136153323717,0.17871268197676424,3.738968331771005,0.139826554976619,3.8353058132317552,2.3185791173454007,0.6289592274003647,0.04488954195548537,0.2097007868693913,0.3114796651162183,0.01172302731528527,0.38777403262716387,1.153977444036328,0.3905943127842453,0.10649342917225843,0.14340633231112973,0.15066906929666193,0.13009371845268766,0.14960383038792835,0.6222135854647464,0.686640757842352,0.44605511790954033,0.7767413895997833,0.26206407550983496,1.0686512477681436,0.629252435597476,2.3185791173454007
142,144,5565,144,walking,0.05723777114842404,0.1495577119052108,0.31155598658132283,0.14502939053771852,3.449212216968165,0.1080761431438481,3.032916319743114,2.0294986079934283,0.7236395145347299,0.09312928097232193,0.2714743890952882,0.38100239602187835,0.11100569877709499,0.4040545121186254,0.6784091256819736,0.34170590949468294,0.10151176961057598,0.38581905572980596,0.5774594851572409,0.310424227167601,0.17062371002949783,0.7064562800535962,1.085241252405463,0.5678802465143302,0.7688717801780814,0.3078488306539014,0.9928427597774002,0.6292567962882731,2.0294986079934283
41,42,5463,42,walking,0.05768263587879566,0.1624656688062816,0.3499540125865491,0.15805012439134075,2.9360278639184814,0.352020476676973,2.8647983251413827,1.8881790012664585,1.1258281355418436,0.1450255017705735,0.4938468064971615,0.6071108162243992,0.1598361160550241,0.34454975804723137,0.859221385575902,0.37359862675608263,0.1056190925459602,0.44473787181140034,0.5972054713803975,0.33958388001902373,0.05592341605737827,0.5708250915033383,0.8101805808511597,0.41273551919451856,0.740152876666247,0.3366040614359664,0.9958677636720922,0.6298763279753038,1.8881790012664585
37,38,5459,38,walking,0.4867639866153413,0.12121439948230602,0.4408451535206096,0.3313603851431809,2.9914222185961536,0.5035078575516005,3.183882637875075,2.0347485580341167,0.7675404981002261,0.2010198283335468,0.4555436396863206,0.4785328585107733,0.06193830921319112,0.20277895376605692,0.450428973789176,0.19597269994953442,0.030160091838248974,0.4838703997662755,0.7877204501662267,0.3631562866750552,0.015770725354101043,0.5848634998887963,0.6967329949368878,0.37960028908453647,0.7255993049528772,0.349542489798097,1.0025256416623824,0.6305618462328662,2.0347485580341167
178,180,5601,180,walking,0.3178810936058582,0.4444258978446031,0.7871775876991864,0.4623583141200218,3.344662474175698,0.2523163929443923,3.8873849223589936,2.2162685313198347,0.2945092244832959,0.2630669783563362,0.13420366304425838,0.24987121374470453,0.01890488172461974,0.04222783913700813,0.3697692258362023,0.09840693351189161,0.027550891313367035,0.5078867445345722,0.6969370925898526,0.3535624728571462,0.06446416442458694,0.5946820523287799,0.6967876934790396,0.40301602539715464,0.6779954549545709,0.35076765085761535,1.0953766975012555,0.6305805818251257,2.2162685313198347
111,113,5534,113,walking,0.04166923373979146,0.4486859652786574,0.8239561364241723,0.36093330689221403,3.233669957988216,0.4307249916144078,2.2339498817657333,1.9125479561941965,0.5453066595081776,0.04870942556760421,0.3100398636006278,0.29961440675043827,0.08576016120421581,0.44603736584003156,1.495967374948355,0.51191248580737,0.24920334420051457,0.33438123750292564,0.5864399811453069,0.35072182891043746,0.09099821828207925,0.43994728175540193,0.698712188060503,0.3521206376270931,0.7077679291538325,0.3580810445931714,1.0248442376574496,0.6313084370302915,1.9125479561941965
119,121,5542,121,walking,0.2894300420531668,0.22632339134251336,0.9370087797867256,0.39370312931561724,2.7904814425381748,0.06442070007324219,2.536163392500444,1.6491935355446556,0.39065005857260887,0.1480067725973759,0.593930958631025,0.33424892419419894,0.20719254601636386,0.5861198716315428,1.5474851134056318,0.6268219897402891,0.10732465117552008,0.7554589928346842,1.5295633107445084,0.6510261197529834,0.11997894496710601,0.12894067683233423,0.17255850801837103,0.1340795503234503,0.6508429475538233,0.3182117342186154,1.2194516771811175,0.631512208145199,1.6491935355446556
39,40,5461,40,walking,0.0239500791401677,0.1007951482323218,0.12331519064058487,0.07456112907711278,3.2928638208016707,0.41181085200073425,3.0902679849296546,2.099923466106893,0.89304201580713,0.22939762516758255,0.6897189204448388,0.5869196404788528,0.00810202078596345,0.42442997340079,0.6365048481466992,0.30031376730404125,0.04604033206281288,0.4160809126612979,0.5996146103665497,0.3047714199629543,0.13070019099204747,0.6114994999001787,0.6531011979201286,0.4275001159409162,0.7324497432649651,0.3656690018938175,0.9654204587414094,0.6323315898117949,2.099923466106893
86,87,5508,87,walking,0.09648178122926754,0.27910892715565805,0.4223244964465567,0.23470118264328158,3.5387687799620355,0.3924318688193981,3.464321561753932,2.26534457186336,0.4952903851912015,0.04862073417130213,0.38509114158189756,0.294582676061381,0.026627429462172447,0.3349926914760773,0.7452553861281451,0.2936991256009289,0.03388561131651325,0.1265369566860578,0.44087330222775745,0.15234368764657993,0.07659183501223767,0.7648295200393213,1.10479693264101,0.5575279285488256,0.7112743036955713,0.32442011639130236,1.0937771367965496,0.6330331953940594,2.26534457186336
149,151,5572,151,walking,0.03180409719084819,0.2660795635962495,0.33186173075501835,0.18552581046584277,3.5470166894180077,0.22279749890393918,3.7811878504204404,2.264163245412867,0.32733748161612264,0.37589698249058484,1.2073803626054835,0.5227698581637797,0.14494452290336116,0.20892319514250057,0.6952166189212343,0.2805904110025915,0.07747341850386237,0.6035046448748389,0.9061310845350576,0.4536174422584921,0.015394613422001258,0.14656947764159298,0.1795666890911817,0.10069897424367404,0.690661803842367,0.303961893774951,1.1835573893880693,0.6345609569245411,2.264163245412867
132,134,5555,134,walking,0.25894127312471876,0.1021611051190267,0.20143702933599006,0.18472835716469618,3.3274504343668623,0.37774597429761697,3.563030812880572,2.1946847260419062,0.674974238745789,0.03153493450610915,1.1377549699278755,0.5101546632863343,0.3186918313528015,0.10578526675082416,0.27689914266130927,0.22517066777371214,0.16557725936022724,0.5111390076217457,0.7900157842320643,0.428689663639202,0.09101205222323626,0.324437981879927,0.49688888411646637,0.2655577904645586,0.8061078481956058,0.24213404502920824,1.0776711038590463,0.6348309780617349,2.1946847260419062
122,124,5545,124,walking,0.1909386198522936,0.2826724272554599,0.25448742477577296,0.24034190379825598,2.8899335276238536,0.38969701860917105,2.3985985716922573,1.7915719328316613,1.2954150775871656,0.388467006557452,0.6368350519992338,0.8009198440576938,0.07365500598684235,0.054329428943627536,0.48311218255153004,0.14781621048249396,0.36945721778352464,0.7261629095379193,1.2251939071694675,0.6832868323624711,0.12531591399781353,0.13364833353473674,0.24455882102958443,0.152497463218937,0.8241192271385822,0.3291628540730611,0.873797659869641,0.6360723644585856,1.7915719328316613
23,23,5444,23,walking,0.4377268907667167,0.21530373027410823,0.40923315818788886,0.3430588800539078,2.9969992943059385,0.09354908014434617,3.134563555748634,1.863132060929841,0.4056754164787692,0.2882121693004261,1.0868914015693771,0.49493331462555357,0.12255549716730155,0.1793530685986232,0.3424833093460224,0.18926008817557438,0.24528901619084723,0.573716551022931,0.7452999191855569,0.47666221072262266,0.10838205297681858,0.6386893329525758,0.7531880555558597,0.4494661654829297,0.7194380279810653,0.3314706553821684,1.0786098999322231,0.636085453331738,1.863132060929841
77,78,5499,78,walking,0.03591718145932611,0.3430316218077907,0.2593648314015744,0.2034524875871616,3.2294887255778355,0.5238268797376514,3.614891452282931,2.2243045325827815,0.7672030036129169,0.01121664894499841,0.2579465698670561,0.36295717499657737,0.2170492463265236,0.23281493076390083,0.4207000489901854,0.2640856806342069,0.191882434392536,0.5395632288103117,0.9242066486247842,0.4774195950060959,0.1781390883416308,0.3698936297233507,0.37863132339751654,0.2949393519054959,0.7699466132851281,0.3367244899646673,0.9759568124273411,0.6378598037853864,2.2243045325827815
16,16,5437,16,walking,0.36499875190381764,0.1897208814366837,0.36843310940650176,0.2955744752175009,2.972151755087031,0.19194237990949142,2.922144189270787,1.8500664918527665,1.1569395471635018,0.01691196158017934,0.773688148635571,0.6242782332245868,0.03635997630821768,0.43641140607831364,1.5892572527944182,0.5069600035134962,0.015530693111941218,0.529090360738337,0.8836775763581196,0.39458393681173526,0.0036930947175580256,0.28993431287748894,0.23880770891645287,0.16521250482130936,0.7582789697153446,0.27566855043674904,1.1293346642303084,0.6394459409068991,1.8500664918527665
15,15,5436,15,walking,0.33496968703038926,0.07717917665569525,0.34193696212991265,0.23324693790041634,2.9370415508548016,0.4706375326565607,2.9977092462614845,1.9626134826568418,0.5469025495797751,0.07076249619562101,0.5941991999496425,0.365905858300087,0.01975489553198757,0.41199457789041904,1.2529512640941571,0.4232900421877941,0.10468705063280852,0.5110449196842102,0.8145970317313302,0.40921219447307355,0.08462102229022157,0.6020401467265016,0.8409547013739411,0.4428554078814775,0.6713294593199972,0.357276474968168,1.1403914009234113,0.6395206538999484,1.9626134826568418
45,46,5467,46,walking,0.2550595198231403,0.05400536091759995,0.9024400123294496,0.30411395476218606,3.611237344061755,0.020314730617339703,3.602535617885305,2.1731279534486987,0.5298263784682397,0.2418074519327372,0.43242404573034543,0.39513834130645986,0.0735641642320451,0.5060074190558999,1.0721699264892843,0.44626261861303484,0.11163611502909078,0.5349758281940367,0.6161344880011025,0.3818716748894715,0.16250835817097584,0.03825485345089077,0.3102425257364909,0.14235378979604482,0.7906386466308745,0.23256094069475072,1.1559911026953296,0.640478055469316,2.1731279534486987
58,59,5480,59,walking,0.10683898296181951,0.1921915475365829,0.6251923886857624,0.24465068993651345,2.5392460390982006,0.29965247424866154,2.159003993058683,1.5673602039504817,0.42103370398592205,0.9330833782126025,1.7100289140048262,0.8836526156803751,0.24292988868515206,0.24186663724023177,1.2419002830673957,0.44229866698363274,0.26056738119625705,0.4333339514527677,0.8385806534741376,0.4452766637544374,0.028997805535280943,0.4205506278314016,0.4112881193188337,0.2620769972104398,0.5999356335771054,0.420113102753708,1.1643323919349398,0.6408859729193134,1.5673602039504817
117,119,5540,119,walking,0.15399499305357994,0.41870934476467975,0.5483654125149133,0.33875481763028653,3.3744448780267766,0.24752614240331028,3.3558552974670244,2.11995946766544,0.23787406341867812,0.10674474935616018,0.30363644857322236,0.19857481482457978,0.16542581981317156,0.4692071669363562,0.8365805353043396,0.421169301760679,0.019844735605049863,0.3875247651133044,0.6477948395228477,0.29250676819191124,0.1749727291637046,0.5765917353321641,0.9660928867317011,0.49384436314468777,0.6877595365134934,0.3677173173176625,1.1097209033523414,0.6441349222029307,2.11995946766544
131,133,5554,133,walking,0.12270245858589461,0.31899904590080835,0.471313454269666,0.2709432926486144,3.256259637272453,0.3235877687780859,3.699961629290441,2.171931288278304,0.24894814470923304,0.031751398680729064,0.453460744909338,0.20297196633785247,0.08398024661733448,0.2502759374935898,0.54023984000946,0.24175044164626172,0.13163687163807722,0.5234990597368033,0.7763375594410042,0.4173218844381531,0.12151827051022193,0.7436498475968453,1.0894452452094634,0.5639562962847195,0.6608409382222024,0.3652938430311436,1.1717930788548954,0.6448125282723174,2.171931288278304
135,137,5558,137,walking,0.10009341193634332,0.08563938572954596,0.4300666259716242,0.16030644426068058,2.29506748554961,0.49987846431612454,2.701370545944,1.6582524891350938,1.235015136236137,0.396469559355026,1.3653515291727407,0.9256641840710135,0.06869168338198899,0.406553155831762,1.2509575308956973,0.4402894418646399,0.07995124778362235,0.15693272415865717,0.42490028165291566,0.17973364510749495,0.05626877687702834,0.7028484628266481,1.0195295854666007,0.5075528129747908,0.6391812902941217,0.374720292036294,1.1986960165172629,0.6452998362356188,1.6582524891350938
150,152,5573,152,walking,0.10127881426676057,0.012871564966954852,0.2589510953497087,0.09745037076342791,3.0499819500672922,0.45810599408432495,3.1197924950953713,2.0271936766797216,0.45497572589928004,0.10137963966584537,0.33063856279346293,0.28866985878474277,0.14682229741701233,0.4064165359680651,0.8848581847280623,0.3982671702996434,0.0049229856124337855,0.7048157324292222,1.1542499031947584,0.514745467855614,0.1537345424042337,0.7173886109528,0.990479246613943,0.5465451106656021,0.6519527192778354,0.4001630130112021,1.1231615812958844,0.6454786091747919,2.0271936766797216
180,182,5603,182,walking,0.6698779268084833,0.21755241897870906,0.8350156467365772,0.5219752676621925,3.2912791789263145,0.10974022985874915,3.4547548828453856,2.051358740083103,0.24515175212274642,0.22168656865728373,0.48371274472923825,0.2834778772578597,0.30119318946959484,0.07047226315452937,0.5094277615017362,0.2505517333499969,0.14033197394097008,0.6536815817198851,1.0041649943504305,0.5184384211344282,0.028692685962245723,0.37230515751684057,0.4406799392466164,0.24853512524095783,0.7794211178717259,0.27423970331433284,1.1212926615683307,0.6457228607880896,2.051358740083103
95,97,5518,97,walking,0.12682532900855664,0.09897405922818352,0.4015820504532379,0.17063616538534365,3.171468379655557,0.1911072552375904,3.177884204655628,1.9806070948883847,1.254700713603508,0.3046661382998604,0.6355896755557054,0.7508646758724884,0.052289906017668746,0.16640491558236842,0.7408095464613024,0.23563983793227533,0.0214743785873586,0.3805053454000973,0.7984917063543325,0.3204902308658489,0.01751865018884153,0.6606359788832902,0.8638518771590993,0.4440322270606726,0.7740462261769151,0.3003822821052317,1.1030348434398844,0.6503783720008356,1.9806070948883847
33,33,5454,33,walking,0.5327977581648743,0.05403532669586263,0.2834647536578046,0.29142618467585574,3.199148869027897,0.2066109600115795,3.4326196057455878,2.048827852764908,0.3568461576765746,0.0794870201381612,1.2210450885855,0.41874228884299436,0.054737711965347345,0.2175725129273561,0.6518795220241277,0.23929999436190694,0.02403919780819267,0.5883144845649654,0.8154868222094105,0.4080388373911453,0.13931447414312897,0.6489602294467959,0.9509577202552694,0.5055014254870238,0.7178140281310026,0.29916342229745346,1.2259089187462835,0.6519727639206392,2.048827852764908
21,21,5442,21,walking,0.5544293564091789,0.353620129887415,0.6356411892574829,0.49034803237013413,2.545200257254119,0.3192084945074402,2.4253065342163493,1.6308248075478935,1.1268538100717627,0.10770241504602056,0.8701670649586148,0.6678559030388362,0.0664760789273409,0.4009132576777396,0.8296233062834268,0.3528803958987176,0.11786506040978828,0.3408530209604548,0.4302819525997942,0.26954362306805607,0.004842810735234986,0.6935066395437939,1.1081694991708724,0.500973679945786,0.7359445623012375,0.36930065960381064,1.0498649244144236,0.652071073644904,1.6308248075478935
136,138,5559,138,walking,0.0009248941251549288,0.22113843483499962,0.6705304091643888,0.22293141341693956,2.6968886981638827,0.406123115110767,3.2324326583581375,1.8876912569814874,0.8571735872839488,0.26355407881910775,0.7794300966019178,0.6041770857616062,0.17596901489528644,0.3238199873633255,0.8761703577646676,0.3751496724563783,0.06292222715001729,0.2435093201987676,1.2502601849439168,0.3726246559282973,0.05615778062782139,0.4979484170829694,1.1438212444127531,0.450406727966867,0.641672700374352,0.3260155589016561,1.3254408252076304,0.6521634687519293,1.8876912569814874
129,131,5552,131,walking,0.16403035775179095,0.23041679625790626,0.5026473917087628,0.25830833994563146,3.677687620626065,0.14161413294788255,3.4287182278103296,2.2134643469916453,0.41864457172016767,0.15489509216574746,0.8917316295379816,0.40776219146196235,0.04568335157384832,0.17217349390388384,0.6289190657682706,0.212926551344747,0.0923885349443696,0.6208995580673218,0.9613936302721666,0.47759396325910985,0.09459627320430941,0.4927198870046448,0.5629614010150129,0.3475187442865843,0.7488384516367583,0.30211982672456444,1.1627285576854207,0.6529290228816134,2.2134643469916453
76,77,5498,77,walking,0.14367721643947,0.1417404111406253,0.1552172003911948,0.1452104911102771,3.6926165681506253,0.15082402584691396,2.9237407728065534,2.1221243921603268,0.2860584769360596,0.052831959166255646,0.278918204498929,0.1913398153407119,0.0021278615104419582,0.510629254050465,1.0373200103409317,0.4125668482925492,0.05880695849271195,0.5798583441078435,1.162094055925356,0.48788493222529344,0.04103059196782267,0.7824746081088411,1.1634225443400639,0.5620865888986784,0.7040529455828551,0.36972643373682407,1.1201187980505047,0.6535355113379726,2.1221243921603268
78,79,5500,79,walking,0.959239100893531,0.1494948538527186,1.04878830060418,0.6532512420193359,2.9206836082771304,0.17632768019940642,3.1508009753515527,1.8689647104609253,0.0024867610806188004,0.0222146265877154,0.8146575563237408,0.17281206633208185,0.0409093317256325,0.30314007909737567,1.0010910928436914,0.33783798289794154,0.18401756554467538,0.39748730733495063,0.7803101557233294,0.3886639802965163,0.15377138385096453,0.6045507309223943,0.9888122284427661,0.5010912915978968,0.7101846252287586,0.27553587966576015,1.29741005154821,0.6537702122674496,1.8689647104609253
38,39,5460,39,walking,0.03436771665379437,0.058675458674697104,0.19769100512525845,0.07675547115644829,3.246130208594561,0.35782887604301433,3.1321686156926916,2.0680173569935687,0.7641174215955006,0.29269017052328883,0.6956761863343441,0.5618582741143846,0.01026098741555447,0.44846509716788313,1.054890255774221,0.3944684849882193,0.08162917188036511,0.7118698836070055,1.1777555952992353,0.5529507412547954,0.2366668838840345,0.36985704411591896,0.15193833036178603,0.2729972372723386,0.7288620650039684,0.37323108835530133,1.068353331431256,0.6545079276299591,2.0680173569935687
63,64,5485,64,walking,0.17423441609337556,0.014221405014174234,0.3839280664389151,0.15216794173080295,3.126628715826305,0.0010863899104184118,3.898884714189973,2.0308629851326843,1.0757575908177337,0.178025420282928,0.2317820196420374,0.5478696083686722,0.18742545042316508,0.3630711906311077,0.7642127263861007,0.3730412016989293,0.07091172476795232,0.47046631964567664,0.816285785782003,0.3798083749218522,0.009974393462789966,0.7127584983114992,0.8324405857980226,0.4555812738693202,0.7741553818985535,0.28993820396596737,1.1545889830395086,0.6565552309537102,2.0308629851326843
148,150,5571,150,walking,0.23786409598816027,0.1821247754895713,0.7046624066416607,0.3089280299194248,3.3770973866093814,0.19390091884694854,3.199254583611765,2.068250238904885,0.5399324738100606,0.11733918793509829,0.2757756507778034,0.31806379485362424,0.08429965467688308,0.33188279931188835,0.893123345035946,0.3450976506026978,0.1307029311825772,0.5026617903827267,0.7974037257686963,0.4128266337798609,0.14070952935440326,0.6171886005728052,0.9285277867958424,0.48886480933005194,0.7517676786035777,0.32418301208983974,1.1331245831052856,0.6570051928984241,2.068250238904885
99,101,5522,101,walking,0.005642897725954885,0.04648695988779683,0.5264633596651347,0.12614461497852764,2.885087707896291,0.36431727291625227,3.232093969980875,1.9461807863211926,0.8482327524459723,0.7676450537912772,1.2145580021720945,0.8892627229293188,0.10781467514553889,0.1825696372200923,0.6571229377401218,0.24757831249427684,0.007629949676253725,0.5462722993690503,1.0590581534970582,0.4333725303175333,0.07756351345360522,0.4135382734699014,0.6354506998886298,0.3235308547471286,0.6553285827239359,0.3868049161090617,1.2207911871573192,0.6610116369646629,1.9461807863211926
30,30,5451,30,walking,0.31875355961949314,0.13165093328461044,0.6784466768128286,0.31585113252420716,2.87635424757657,0.49554376406212375,2.837145762247582,1.916188357104994,0.7130050088189969,0.24311204169206554,0.408938774485497,0.4642345751015244,0.09100680143726982,0.31886152699891374,0.5275650230335643,0.2694603359811863,0.12190513198454903,0.6248838349852501,0.938161423389308,0.4863478714657813,0.2548466061510753,0.6375273586862975,0.8250773038377495,0.521965046702499,0.7293118925979925,0.4085965766182102,1.0358891606344214,0.6623412198133654,1.916188357104994
157,159,5580,159,walking,0.011018601421531531,0.17259949520542028,0.1144599675134637,0.09633923215347348,4.0392106814305055,0.006598539461074001,3.487326158127379,2.315788919982108,0.13916362329465648,0.06842967351804422,0.6790141458835302,0.2188401479017863,0.10598130113326769,0.5107616256051452,1.1834643633421922,0.4833900433638036,0.09137410634680639,0.410488535080278,0.666670297872165,0.33407911614526675,0.09707663105771155,0.679898869379834,1.0800220597293557,0.5267946121208894,0.7473041574474131,0.30812945637496597,1.2018261654113476,0.6625386786112212,2.315788919982108
156,158,5579,158,walking,0.2595037955784431,0.5171289897329333,0.7323130117005121,0.457115716464653,3.052491899796441,0.04673199496573303,2.9617683087183866,1.832043219648547,0.9875058414267122,0.07486147160152731,1.072006993328067,0.6393483238769092,0.045004598713766976,0.3408392820196159,1.326960691239159,0.419729690541185,0.004114677464124519,0.48202637100789936,0.6679984012170399,0.32805609963221755,0.11284741079175355,0.42215106986389433,0.4775380835486015,0.30950700897197947,0.7435780372952069,0.31395652986526723,1.2064309149586279,0.6643000098559152,1.832043219648547
49,50,5471,50,walking,0.3311332546469259,0.2419270166258474,0.8438267514808744,0.39798945880528425,1.5984336311830987,0.6930458846422575,2.8163195238105505,1.4798557110922528,0.6402611425745557,0.1575013204702237,1.1952767815196415,0.55816034152184,0.292222097438997,0.3151549055478804,0.6930109610510481,0.3815529934049606,0.04379626503122391,1.1190476370516143,1.684193338397927,0.8019762285127208,0.3652764422329958,0.27262421221237015,0.5747915168054882,0.37011856513924407,0.5451871388512995,0.46655016275836564,1.301236478844255,0.6649422164127172,1.4798557110922528
75,76,5497,76,walking,0.1755825574593677,0.43482299261366714,0.4653673496462646,0.33723568995846687,3.197818717375625,0.3146720473132964,1.8592137152773476,1.7768390489310382,0.8130758833751571,0.006945004551004172,1.1265872320811972,0.553325801586704,0.09601403233770868,0.24250713306496005,0.8394711405731912,0.3033026942757058,0.3347013947231318,0.6092088910099728,1.1970630389413022,0.6169767220815023,0.2363543315429908,0.47588378294354916,0.649607012037597,0.4148166482021354,0.8089244861356635,0.34733997524940835,1.0228849147594834,0.6670827675059254,1.7768390489310382
179,181,5602,181,walking,0.11503680427190834,0.3628224194546738,0.5989502872347406,0.310933746937581,3.462170205860639,0.01141620087660443,3.7973115794257,2.1488968785800378,0.6391184076086267,0.06527387321769415,0.7344886275080891,0.4286546378321462,0.001188709446009432,0.2718525385171793,0.6041701494572396,0.2300505290767234,0.1909857839557296,0.5038142018284357,0.7020108581434751,0.41832216594236116,0.089566307702088,0.6166893360703396,0.917137763556802,0.4659298102203315,0.7496777031408336,0.3053114283274878,1.2256782108876743,0.6671312947648634,2.1488968785800378
9,9,5430,9,walking,0.42535484838121723,0.1605353229408466,0.436904959866249,0.32173706050207534,3.126209124188955,0.33337607307006306,3.93707085585722,2.171248250075051,0.5509545396803515,0.17591880635185791,0.9463944830056039,0.48002823501400455,0.02687855541341902,0.2728849211600227,0.7629913056859821,0.27250365176657315,0.3519845545848953,0.0726093131805134,0.49596283146154096,0.2690301133984717,0.26980513958844415,0.5439062417537072,0.9432175509607045,0.5141280627290015,0.7918644603062136,0.25987177974283515,1.2537569978062166,0.6714458955808629,2.171248250075051
116,118,5539,118,walking,0.09249648638833234,0.058959539889236745,0.6220932121120464,0.1850010529334369,3.5404783589216677,0.5064746294773466,3.2551673873331537,2.2698146728262367,0.7271659062361495,0.20840068642361706,1.1826242795820097,0.6107514929803086,0.15948628144420512,0.01176816589978277,0.3860283116167832,0.1457074412609518,0.3351813855062004,0.4646030414195461,1.1187588681701484,0.5436655444043283,0.13144823968106387,0.43804965943706275,0.35609547653976753,0.2990182549552042,0.8310427763629366,0.28137595375776536,1.153461255892318,0.6756597432267444,2.2698146728262367
167,169,5590,169,walking,0.04521723937988279,0.1568023363749186,0.20813147354125983,0.12243412501017253,3.41350072565891,0.12017386418411785,3.6273806042475654,2.138945956786724,1.0704397265661212,0.4316640541438767,0.6913395660365188,0.739109425491303,0.10605196975056755,0.10229188295659848,0.6285228969020179,0.20904212046327,0.08770814873941178,0.6046486777856936,0.8418024093914598,0.44530321248833415,0.14971645969684585,0.48322998221662733,0.7401509933669892,0.40120877543878714,0.8121057116319564,0.3164684662769721,1.1228879905809686,0.6760072692797652,2.138945956786724
60,61,5482,61,walking,0.02824988918149807,0.15960350211422172,0.4442718339126042,0.16399572330080875,2.9156304400900135,0.40958541372547985,3.1323533455037182,1.9565570106269412,1.2779649168852474,0.5455136939660826,1.0031752601836426,0.9300264963772605,0.05258044924234826,0.5421436836771313,1.0088542251116517,0.43966049819012215,0.18321750624792754,0.47126682518046714,0.8270042170823733,0.42719457598783256,0.14309868419251476,0.14648054408378336,0.15694291737614846,0.14722027478574895,0.7667903143065914,0.3790989437911943,1.095433633195023,0.6774424298781189,1.9565570106269412
83,84,5505,84,walking,0.32008146654317626,0.08910663063034122,0.5023917120343103,0.2641535812762691,3.423336505112018,0.2200285925561802,3.8462134434387307,2.2265887277550256,0.414732901524068,0.11537269222837156,0.9868066668235551,0.4094035708656869,0.03017768263816834,0.4383167746840723,1.1831999118754406,0.4240377653039844,0.1419868649268637,0.5367707038412288,0.7194565425924704,0.4153943360257311,0.12995239353474927,0.42586672711677903,0.6046929490076353,0.3432662380621384,0.7433779690465072,0.3042436868428289,1.3071268709620238,0.6804740365481392,2.2265887277550256
